/*********************************************************************
*                SEGGER Microcontroller GmbH & Co. KG                *
*        Solutions for real time microcontroller applications        *
*                           www.segger.com                           *
**********************************************************************
*                                                                    *
* C-file generated by                                                *
*                                                                    *
*        Bitmap Converter (ST) for emWin V5.32.                      *
*        Compiled Oct  8 2015, 11:58:22                              *
*                                                                    *
*        (c) 1998 - 2015 Segger Microcontroller GmbH & Co. KG        *
*                                                                    *
**********************************************************************
*                                                                    *
* Source file: bmExpMenuRight_180_46                                 *
* Dimensions:  180 * 46                                              *
* NumColors:   24bpp: 16777216                                       *
*                                                                    *
**********************************************************************
*/

#include <stdlib.h>

#include "GUI.h"

#ifndef GUI_CONST_STORAGE
  #define GUI_CONST_STORAGE const
#endif

extern GUI_CONST_STORAGE GUI_BITMAP bmExpMenuRight_180_46;

static GUI_CONST_STORAGE unsigned char _acbmExpMenuRight_180_46[] = {
  0x62, 0xA3, 0xE7, 0x62, 0xA3, 0xE7, 0x62, 0xA3, 0xE7, 0x62, 0xA3, 0xE7, 0x62, 0xA3, 0xE7, 0x62, 0xA3, 0xE7, 0x62, 0xA3, 0xE7, 0x62, 0xA3, 0xE7, 0x62, 0xA3, 0xE7, 0x62, 0xA3, 0xE7, 0x62, 0xA3, 0xE7, 0x62, 0xA3, 0xE7, 0x62, 0xA3, 0xE7, 0x62, 0xA3, 0xE7, 
        0x62, 0xA3, 0xE7, 0x62, 0xA3, 0xE7, 0x62, 0xA3, 0xE7, 0x62, 0xA3, 0xE7, 0x62, 0xA3, 0xE7, 0x62, 0xA3, 0xE7, 0x62, 0xA3, 0xE7, 0x62, 0xA3, 0xE7, 0x62, 0xA3, 0xE7, 0x62, 0xA3, 0xE7, 0x62, 0xA3, 0xE7, 0x62, 0xA3, 0xE7, 0x62, 0xA3, 0xE7, 
        0x62, 0xA3, 0xE7, 0x62, 0xA3, 0xE7, 0x62, 0xA3, 0xE7, 0x62, 0xA3, 0xE7, 0x62, 0xA3, 0xE7, 0x62, 0xA3, 0xE7, 0x62, 0xA3, 0xE7, 0x62, 0xA3, 0xE7, 0x62, 0xA3, 0xE7, 0x62, 0xA3, 0xE7, 0x62, 0xA3, 0xE7, 0x62, 0xA3, 0xE7, 0x62, 0xA3, 0xE7, 
        0x62, 0xA3, 0xE7, 0x62, 0xA3, 0xE7, 0x62, 0xA3, 0xE7, 0x62, 0xA3, 0xE7, 0x62, 0xA3, 0xE7, 0x62, 0xA3, 0xE7, 0x62, 0xA3, 0xE7, 0x62, 0xA3, 0xE7, 0x62, 0xA3, 0xE7, 0x62, 0xA3, 0xE7, 0x62, 0xA3, 0xE7, 0x62, 0xA3, 0xE7, 0x62, 0xA3, 0xE7, 
        0x62, 0xA3, 0xE7, 0x62, 0xA3, 0xE7, 0x62, 0xA3, 0xE7, 0x62, 0xA3, 0xE7, 0x62, 0xA3, 0xE7, 0x62, 0xA3, 0xE7, 0x62, 0xA3, 0xE7, 0x62, 0xA3, 0xE7, 0x62, 0xA3, 0xE7, 0x62, 0xA3, 0xE7, 0x62, 0xA3, 0xE7, 0x62, 0xA3, 0xE7, 0x62, 0xA3, 0xE7, 
        0x62, 0xA3, 0xE7, 0x62, 0xA3, 0xE7, 0x62, 0xA3, 0xE7, 0x62, 0xA3, 0xE7, 0x62, 0xA3, 0xE7, 0x62, 0xA3, 0xE7, 0x62, 0xA3, 0xE7, 0x62, 0xA3, 0xE7, 0x62, 0xA3, 0xE7, 0x62, 0xA3, 0xE7, 0x62, 0xA3, 0xE7, 0x62, 0xA3, 0xE7, 0x62, 0xA3, 0xE7, 
        0x62, 0xA3, 0xE7, 0x62, 0xA3, 0xE7, 0x62, 0xA3, 0xE7, 0x62, 0xA3, 0xE7, 0x62, 0xA3, 0xE7, 0x62, 0xA3, 0xE7, 0x62, 0xA3, 0xE7, 0x62, 0xA3, 0xE7, 0x62, 0xA3, 0xE7, 0x62, 0xA3, 0xE7, 0x62, 0xA3, 0xE7, 0x62, 0xA3, 0xE7, 0x62, 0xA3, 0xE7, 
        0x62, 0xA3, 0xE7, 0x62, 0xA3, 0xE7, 0x62, 0xA3, 0xE7, 0x62, 0xA3, 0xE7, 0x62, 0xA3, 0xE7, 0x62, 0xA3, 0xE7, 0x62, 0xA3, 0xE7, 0x62, 0xA3, 0xE7, 0x62, 0xA3, 0xE7, 0x62, 0xA3, 0xE7, 0x62, 0xA3, 0xE7, 0x62, 0xA3, 0xE7, 0x62, 0xA3, 0xE7, 
        0x62, 0xA3, 0xE7, 0x62, 0xA3, 0xE7, 0x62, 0xA3, 0xE7, 0x62, 0xA3, 0xE7, 0x62, 0xA3, 0xE7, 0x62, 0xA3, 0xE7, 0x62, 0xA3, 0xE7, 0x62, 0xA3, 0xE7, 0x62, 0xA3, 0xE7, 0x62, 0xA3, 0xE7, 0x62, 0xA3, 0xE7, 0x62, 0xA3, 0xE7, 0x62, 0xA3, 0xE7, 
        0x62, 0xA3, 0xE7, 0x62, 0xA3, 0xE7, 0x62, 0xA3, 0xE7, 0x62, 0xA3, 0xE7, 0x62, 0xA3, 0xE7, 0x62, 0xA3, 0xE7, 0x62, 0xA3, 0xE7, 0x62, 0xA3, 0xE7, 0x62, 0xA3, 0xE7, 0x62, 0xA3, 0xE7, 0x62, 0xA3, 0xE7, 0x62, 0xA3, 0xE7, 0x62, 0xA3, 0xE7, 
        0x62, 0xA3, 0xE7, 0x62, 0xA3, 0xE7, 0x62, 0xA3, 0xE7, 0x62, 0xA3, 0xE7, 0x62, 0xA3, 0xE7, 0x62, 0xA3, 0xE7, 0x62, 0xA3, 0xE7, 0x62, 0xA3, 0xE7, 0x62, 0xA3, 0xE7, 0x62, 0xA3, 0xE7, 0x62, 0xA3, 0xE7, 0x62, 0xA3, 0xE7, 0x62, 0xA3, 0xE7, 
        0x62, 0xA3, 0xE7, 0x62, 0xA3, 0xE7, 0x62, 0xA3, 0xE7, 0x62, 0xA3, 0xE7, 0x62, 0xA3, 0xE7, 0x62, 0xA3, 0xE7, 0x62, 0xA3, 0xE7, 0x62, 0xA3, 0xE7, 0x62, 0xA3, 0xE7, 0x62, 0xA3, 0xE7, 0x62, 0xA3, 0xE7, 0x62, 0xA3, 0xE7, 0x62, 0xA3, 0xE7, 
        0x66, 0xA5, 0xE8, 0x6C, 0xA9, 0xE9, 0x7A, 0xB1, 0xEB, 0x8C, 0xBC, 0xED, 0xA9, 0xCC, 0xF2, 0xCE, 0xE2, 0xF8, 0xF5, 0xF9, 0xFD, 0xFF, 0xFF, 0xFF, 0xFF, 0xFF, 0xFF, 0xFF, 0xFF, 0xFF, 0xFF, 0xFF, 0xFF, 0xFF, 0xFF, 0xFF, 0xFF, 0xFF, 0xFF, 
        0xFF, 0xFF, 0xFF, 0xFF, 0xFF, 0xFF, 0xFF, 0xFF, 0xFF, 0xFF, 0xFF, 0xFF, 0xFF, 0xFF, 0xFF, 0xFF, 0xFF, 0xFF, 0xFF, 0xFF, 0xFF, 0xFF, 0xFF, 0xFF, 0xFF, 0xFF, 0xFF, 0xFF, 0xFF, 0xFF,
  0xC6, 0xE1, 0xF8, 0xC6, 0xE1, 0xF8, 0xC6, 0xE1, 0xF8, 0xC6, 0xE1, 0xF8, 0xC6, 0xE1, 0xF8, 0xC6, 0xE1, 0xF8, 0xC6, 0xE1, 0xF8, 0xC6, 0xE1, 0xF8, 0xC6, 0xE1, 0xF8, 0xC6, 0xE1, 0xF8, 0xC6, 0xE1, 0xF8, 0xC6, 0xE1, 0xF8, 0xC6, 0xE1, 0xF8, 0xC6, 0xE1, 0xF8, 
        0xC6, 0xE1, 0xF8, 0xC6, 0xE1, 0xF8, 0xC6, 0xE1, 0xF8, 0xC6, 0xE1, 0xF8, 0xC6, 0xE1, 0xF8, 0xC6, 0xE1, 0xF8, 0xC6, 0xE1, 0xF8, 0xC6, 0xE1, 0xF8, 0xC6, 0xE1, 0xF8, 0xC6, 0xE1, 0xF8, 0xC6, 0xE1, 0xF8, 0xC6, 0xE1, 0xF8, 0xC6, 0xE1, 0xF8, 
        0xC6, 0xE1, 0xF8, 0xC6, 0xE1, 0xF8, 0xC6, 0xE1, 0xF8, 0xC6, 0xE1, 0xF8, 0xC6, 0xE1, 0xF8, 0xC6, 0xE1, 0xF8, 0xC6, 0xE1, 0xF8, 0xC6, 0xE1, 0xF8, 0xC6, 0xE1, 0xF8, 0xC6, 0xE1, 0xF8, 0xC6, 0xE1, 0xF8, 0xC6, 0xE1, 0xF8, 0xC6, 0xE1, 0xF8, 
        0xC6, 0xE1, 0xF8, 0xC6, 0xE1, 0xF8, 0xC6, 0xE1, 0xF8, 0xC6, 0xE1, 0xF8, 0xC6, 0xE1, 0xF8, 0xC6, 0xE1, 0xF8, 0xC6, 0xE1, 0xF8, 0xC6, 0xE1, 0xF8, 0xC6, 0xE1, 0xF8, 0xC6, 0xE1, 0xF8, 0xC6, 0xE1, 0xF8, 0xC6, 0xE1, 0xF8, 0xC6, 0xE1, 0xF8, 
        0xC6, 0xE1, 0xF8, 0xC6, 0xE1, 0xF8, 0xC6, 0xE1, 0xF8, 0xC6, 0xE1, 0xF8, 0xC6, 0xE1, 0xF8, 0xC6, 0xE1, 0xF8, 0xC6, 0xE1, 0xF8, 0xC6, 0xE1, 0xF8, 0xC6, 0xE1, 0xF8, 0xC6, 0xE1, 0xF8, 0xC6, 0xE1, 0xF8, 0xC6, 0xE1, 0xF8, 0xC6, 0xE1, 0xF8, 
        0xC6, 0xE1, 0xF8, 0xC6, 0xE1, 0xF8, 0xC6, 0xE1, 0xF8, 0xC6, 0xE1, 0xF8, 0xC6, 0xE1, 0xF8, 0xC6, 0xE1, 0xF8, 0xC6, 0xE1, 0xF8, 0xC6, 0xE1, 0xF8, 0xC6, 0xE1, 0xF8, 0xC6, 0xE1, 0xF8, 0xC6, 0xE1, 0xF8, 0xC6, 0xE1, 0xF8, 0xC6, 0xE1, 0xF8, 
        0xC6, 0xE1, 0xF8, 0xC6, 0xE1, 0xF8, 0xC6, 0xE1, 0xF8, 0xC6, 0xE1, 0xF8, 0xC6, 0xE1, 0xF8, 0xC6, 0xE1, 0xF8, 0xC6, 0xE1, 0xF8, 0xC6, 0xE1, 0xF8, 0xC6, 0xE1, 0xF8, 0xC6, 0xE1, 0xF8, 0xC6, 0xE1, 0xF8, 0xC6, 0xE1, 0xF8, 0xC6, 0xE1, 0xF8, 
        0xC6, 0xE1, 0xF8, 0xC6, 0xE1, 0xF8, 0xC6, 0xE1, 0xF8, 0xC6, 0xE1, 0xF8, 0xC6, 0xE1, 0xF8, 0xC6, 0xE1, 0xF8, 0xC6, 0xE1, 0xF8, 0xC6, 0xE1, 0xF8, 0xC6, 0xE1, 0xF8, 0xC6, 0xE1, 0xF8, 0xC6, 0xE1, 0xF8, 0xC6, 0xE1, 0xF8, 0xC6, 0xE1, 0xF8, 
        0xC6, 0xE1, 0xF8, 0xC6, 0xE1, 0xF8, 0xC6, 0xE1, 0xF8, 0xC6, 0xE1, 0xF8, 0xC6, 0xE1, 0xF8, 0xC6, 0xE1, 0xF8, 0xC6, 0xE1, 0xF8, 0xC6, 0xE1, 0xF8, 0xC6, 0xE1, 0xF8, 0xC6, 0xE1, 0xF8, 0xC6, 0xE1, 0xF8, 0xC6, 0xE1, 0xF8, 0xC6, 0xE1, 0xF8, 
        0xC6, 0xE1, 0xF8, 0xC6, 0xE1, 0xF8, 0xC6, 0xE1, 0xF8, 0xC6, 0xE1, 0xF8, 0xC6, 0xE1, 0xF8, 0xC6, 0xE1, 0xF8, 0xC6, 0xE1, 0xF8, 0xC6, 0xE1, 0xF8, 0xC6, 0xE1, 0xF8, 0xC6, 0xE1, 0xF8, 0xC6, 0xE1, 0xF8, 0xC6, 0xE1, 0xF8, 0xC6, 0xE1, 0xF8, 
        0xC6, 0xE1, 0xF8, 0xC6, 0xE1, 0xF8, 0xC6, 0xE1, 0xF8, 0xC6, 0xE1, 0xF8, 0xC6, 0xE1, 0xF8, 0xC6, 0xE1, 0xF8, 0xC6, 0xE1, 0xF8, 0xC6, 0xE1, 0xF8, 0xC6, 0xE1, 0xF8, 0xC6, 0xE1, 0xF8, 0xC6, 0xE1, 0xF8, 0xC6, 0xE1, 0xF8, 0xC6, 0xE1, 0xF8, 
        0xC6, 0xE1, 0xF8, 0xC6, 0xE1, 0xF8, 0xC6, 0xE1, 0xF8, 0xC6, 0xE1, 0xF8, 0xC6, 0xE1, 0xF8, 0xC6, 0xE1, 0xF8, 0xC6, 0xE1, 0xF8, 0xC6, 0xE1, 0xF8, 0xC6, 0xE1, 0xF8, 0xC6, 0xE1, 0xF8, 0xC6, 0xE1, 0xF8, 0xC6, 0xE1, 0xF8, 0xC6, 0xE1, 0xF8, 
        0xC4, 0xE0, 0xF8, 0xBF, 0xDD, 0xF7, 0xB7, 0xD8, 0xF5, 0xAB, 0xD0, 0xF3, 0x99, 0xC5, 0xF0, 0x81, 0xB6, 0xEC, 0x64, 0xA4, 0xE7, 0x8E, 0xBD, 0xEE, 0xC7, 0xDE, 0xF6, 0xFB, 0xFC, 0xFE, 0xFF, 0xFF, 0xFF, 0xFF, 0xFF, 0xFF, 0xFF, 0xFF, 0xFF, 
        0xFF, 0xFF, 0xFF, 0xFF, 0xFF, 0xFF, 0xFF, 0xFF, 0xFF, 0xFF, 0xFF, 0xFF, 0xFF, 0xFF, 0xFF, 0xFF, 0xFF, 0xFF, 0xFF, 0xFF, 0xFF, 0xFF, 0xFF, 0xFF, 0xFF, 0xFF, 0xFF, 0xFF, 0xFF, 0xFF,
  0xC6, 0xE1, 0xF8, 0xC6, 0xE1, 0xF8, 0xC6, 0xE1, 0xF8, 0xC6, 0xE1, 0xF8, 0xC6, 0xE1, 0xF8, 0xC6, 0xE1, 0xF8, 0xC6, 0xE1, 0xF8, 0xC6, 0xE1, 0xF8, 0xC6, 0xE1, 0xF8, 0xC6, 0xE1, 0xF8, 0xC6, 0xE1, 0xF8, 0xC6, 0xE1, 0xF8, 0xC6, 0xE1, 0xF8, 0xC6, 0xE1, 0xF8, 
        0xC6, 0xE1, 0xF8, 0xC6, 0xE1, 0xF8, 0xC6, 0xE1, 0xF8, 0xC6, 0xE1, 0xF8, 0xC6, 0xE1, 0xF8, 0xC6, 0xE1, 0xF8, 0xC6, 0xE1, 0xF8, 0xC6, 0xE1, 0xF8, 0xC6, 0xE1, 0xF8, 0xC6, 0xE1, 0xF8, 0xC6, 0xE1, 0xF8, 0xC6, 0xE1, 0xF8, 0xC6, 0xE1, 0xF8, 
        0xC6, 0xE1, 0xF8, 0xC6, 0xE1, 0xF8, 0xC6, 0xE1, 0xF8, 0xC6, 0xE1, 0xF8, 0xC6, 0xE1, 0xF8, 0xC6, 0xE1, 0xF8, 0xC6, 0xE1, 0xF8, 0xC6, 0xE1, 0xF8, 0xC6, 0xE1, 0xF8, 0xC6, 0xE1, 0xF8, 0xC6, 0xE1, 0xF8, 0xC6, 0xE1, 0xF8, 0xC6, 0xE1, 0xF8, 
        0xC6, 0xE1, 0xF8, 0xC6, 0xE1, 0xF8, 0xC6, 0xE1, 0xF8, 0xC6, 0xE1, 0xF8, 0xC6, 0xE1, 0xF8, 0xC6, 0xE1, 0xF8, 0xC6, 0xE1, 0xF8, 0xC6, 0xE1, 0xF8, 0xC6, 0xE1, 0xF8, 0xC6, 0xE1, 0xF8, 0xC6, 0xE1, 0xF8, 0xC6, 0xE1, 0xF8, 0xC6, 0xE1, 0xF8, 
        0xC6, 0xE1, 0xF8, 0xC6, 0xE1, 0xF8, 0xC6, 0xE1, 0xF8, 0xC6, 0xE1, 0xF8, 0xC6, 0xE1, 0xF8, 0xC6, 0xE1, 0xF8, 0xC6, 0xE1, 0xF8, 0xC6, 0xE1, 0xF8, 0xC6, 0xE1, 0xF8, 0xC6, 0xE1, 0xF8, 0xC6, 0xE1, 0xF8, 0xC6, 0xE1, 0xF8, 0xC6, 0xE1, 0xF8, 
        0xC6, 0xE1, 0xF8, 0xC6, 0xE1, 0xF8, 0xC6, 0xE1, 0xF8, 0xC6, 0xE1, 0xF8, 0xC6, 0xE1, 0xF8, 0xC6, 0xE1, 0xF8, 0xC6, 0xE1, 0xF8, 0xC6, 0xE1, 0xF8, 0xC6, 0xE1, 0xF8, 0xC6, 0xE1, 0xF8, 0xC6, 0xE1, 0xF8, 0xC6, 0xE1, 0xF8, 0xC6, 0xE1, 0xF8, 
        0xC6, 0xE1, 0xF8, 0xC6, 0xE1, 0xF8, 0xC6, 0xE1, 0xF8, 0xC6, 0xE1, 0xF8, 0xC6, 0xE1, 0xF8, 0xC6, 0xE1, 0xF8, 0xC6, 0xE1, 0xF8, 0xC6, 0xE1, 0xF8, 0xC6, 0xE1, 0xF8, 0xC6, 0xE1, 0xF8, 0xC6, 0xE1, 0xF8, 0xC6, 0xE1, 0xF8, 0xC6, 0xE1, 0xF8, 
        0xC6, 0xE1, 0xF8, 0xC6, 0xE1, 0xF8, 0xC6, 0xE1, 0xF8, 0xC6, 0xE1, 0xF8, 0xC6, 0xE1, 0xF8, 0xC6, 0xE1, 0xF8, 0xC6, 0xE1, 0xF8, 0xC6, 0xE1, 0xF8, 0xC6, 0xE1, 0xF8, 0xC6, 0xE1, 0xF8, 0xC6, 0xE1, 0xF8, 0xC6, 0xE1, 0xF8, 0xC6, 0xE1, 0xF8, 
        0xC6, 0xE1, 0xF8, 0xC6, 0xE1, 0xF8, 0xC6, 0xE1, 0xF8, 0xC6, 0xE1, 0xF8, 0xC6, 0xE1, 0xF8, 0xC6, 0xE1, 0xF8, 0xC6, 0xE1, 0xF8, 0xC6, 0xE1, 0xF8, 0xC6, 0xE1, 0xF8, 0xC6, 0xE1, 0xF8, 0xC6, 0xE1, 0xF8, 0xC6, 0xE1, 0xF8, 0xC6, 0xE1, 0xF8, 
        0xC6, 0xE1, 0xF8, 0xC6, 0xE1, 0xF8, 0xC6, 0xE1, 0xF8, 0xC6, 0xE1, 0xF8, 0xC6, 0xE1, 0xF8, 0xC6, 0xE1, 0xF8, 0xC6, 0xE1, 0xF8, 0xC6, 0xE1, 0xF8, 0xC6, 0xE1, 0xF8, 0xC6, 0xE1, 0xF8, 0xC6, 0xE1, 0xF8, 0xC6, 0xE1, 0xF8, 0xC6, 0xE1, 0xF8, 
        0xC6, 0xE1, 0xF8, 0xC6, 0xE1, 0xF8, 0xC6, 0xE1, 0xF8, 0xC6, 0xE1, 0xF8, 0xC6, 0xE1, 0xF8, 0xC6, 0xE1, 0xF8, 0xC6, 0xE1, 0xF8, 0xC6, 0xE1, 0xF8, 0xC6, 0xE1, 0xF8, 0xC6, 0xE1, 0xF8, 0xC6, 0xE1, 0xF8, 0xC6, 0xE1, 0xF8, 0xC6, 0xE1, 0xF8, 
        0xC6, 0xE1, 0xF8, 0xC6, 0xE1, 0xF8, 0xC6, 0xE1, 0xF8, 0xC6, 0xE1, 0xF8, 0xC6, 0xE1, 0xF8, 0xC6, 0xE1, 0xF8, 0xC6, 0xE1, 0xF8, 0xC6, 0xE1, 0xF8, 0xC6, 0xE1, 0xF8, 0xC6, 0xE1, 0xF8, 0xC6, 0xE1, 0xF8, 0xC6, 0xE1, 0xF8, 0xC6, 0xE1, 0xF8, 
        0xC6, 0xE1, 0xF8, 0xC6, 0xE1, 0xF8, 0xC6, 0xE1, 0xF8, 0xC6, 0xE1, 0xF8, 0xC6, 0xE1, 0xF8, 0xC6, 0xE1, 0xF8, 0xC5, 0xE0, 0xF8, 0xAA, 0xD0, 0xF3, 0x86, 0xB9, 0xED, 0x72, 0xAC, 0xE9, 0xB9, 0xD6, 0xF4, 0xF9, 0xFC, 0xFE, 0xFF, 0xFF, 0xFF, 
        0xFF, 0xFF, 0xFF, 0xFF, 0xFF, 0xFF, 0xFF, 0xFF, 0xFF, 0xFF, 0xFF, 0xFF, 0xFF, 0xFF, 0xFF, 0xFF, 0xFF, 0xFF, 0xFF, 0xFF, 0xFF, 0xFF, 0xFF, 0xFF, 0xFF, 0xFF, 0xFF, 0xFF, 0xFF, 0xFF,
  0xC6, 0xE1, 0xF8, 0xC6, 0xE1, 0xF8, 0xC6, 0xE1, 0xF8, 0xC6, 0xE1, 0xF8, 0xC6, 0xE1, 0xF8, 0xC6, 0xE1, 0xF8, 0xC6, 0xE1, 0xF8, 0xC6, 0xE1, 0xF8, 0xC6, 0xE1, 0xF8, 0xC6, 0xE1, 0xF8, 0xC6, 0xE1, 0xF8, 0xC6, 0xE1, 0xF8, 0xC6, 0xE1, 0xF8, 0xC6, 0xE1, 0xF8, 
        0xC6, 0xE1, 0xF8, 0xC6, 0xE1, 0xF8, 0xC6, 0xE1, 0xF8, 0xC6, 0xE1, 0xF8, 0xC6, 0xE1, 0xF8, 0xC6, 0xE1, 0xF8, 0xC6, 0xE1, 0xF8, 0xC6, 0xE1, 0xF8, 0xC6, 0xE1, 0xF8, 0xC6, 0xE1, 0xF8, 0xC6, 0xE1, 0xF8, 0xC6, 0xE1, 0xF8, 0xC6, 0xE1, 0xF8, 
        0xC6, 0xE1, 0xF8, 0xC6, 0xE1, 0xF8, 0xC6, 0xE1, 0xF8, 0xC6, 0xE1, 0xF8, 0xC6, 0xE1, 0xF8, 0xC6, 0xE1, 0xF8, 0xC6, 0xE1, 0xF8, 0xC6, 0xE1, 0xF8, 0xC6, 0xE1, 0xF8, 0xC6, 0xE1, 0xF8, 0xC6, 0xE1, 0xF8, 0xC6, 0xE1, 0xF8, 0xC6, 0xE1, 0xF8, 
        0xC6, 0xE1, 0xF8, 0xC6, 0xE1, 0xF8, 0xC6, 0xE1, 0xF8, 0xC6, 0xE1, 0xF8, 0xC6, 0xE1, 0xF8, 0xC6, 0xE1, 0xF8, 0xC6, 0xE1, 0xF8, 0xC6, 0xE1, 0xF8, 0xC6, 0xE1, 0xF8, 0xC6, 0xE1, 0xF8, 0xC6, 0xE1, 0xF8, 0xC6, 0xE1, 0xF8, 0xC6, 0xE1, 0xF8, 
        0xC6, 0xE1, 0xF8, 0xC6, 0xE1, 0xF8, 0xC6, 0xE1, 0xF8, 0xC6, 0xE1, 0xF8, 0xC6, 0xE1, 0xF8, 0xC6, 0xE1, 0xF8, 0xC6, 0xE1, 0xF8, 0xC6, 0xE1, 0xF8, 0xC6, 0xE1, 0xF8, 0xC6, 0xE1, 0xF8, 0xC6, 0xE1, 0xF8, 0xC6, 0xE1, 0xF8, 0xC6, 0xE1, 0xF8, 
        0xC6, 0xE1, 0xF8, 0xC6, 0xE1, 0xF8, 0xC6, 0xE1, 0xF8, 0xC6, 0xE1, 0xF8, 0xC6, 0xE1, 0xF8, 0xC6, 0xE1, 0xF8, 0xC6, 0xE1, 0xF8, 0xC6, 0xE1, 0xF8, 0xC6, 0xE1, 0xF8, 0xC6, 0xE1, 0xF8, 0xC6, 0xE1, 0xF8, 0xC6, 0xE1, 0xF8, 0xC6, 0xE1, 0xF8, 
        0xC6, 0xE1, 0xF8, 0xC6, 0xE1, 0xF8, 0xC6, 0xE1, 0xF8, 0xC6, 0xE1, 0xF8, 0xC6, 0xE1, 0xF8, 0xC6, 0xE1, 0xF8, 0xC6, 0xE1, 0xF8, 0xC6, 0xE1, 0xF8, 0xC6, 0xE1, 0xF8, 0xC6, 0xE1, 0xF8, 0xC6, 0xE1, 0xF8, 0xC6, 0xE1, 0xF8, 0xC6, 0xE1, 0xF8, 
        0xC6, 0xE1, 0xF8, 0xC6, 0xE1, 0xF8, 0xC6, 0xE1, 0xF8, 0xC6, 0xE1, 0xF8, 0xC6, 0xE1, 0xF8, 0xC6, 0xE1, 0xF8, 0xC6, 0xE1, 0xF8, 0xC6, 0xE1, 0xF8, 0xC6, 0xE1, 0xF8, 0xC6, 0xE1, 0xF8, 0xC6, 0xE1, 0xF8, 0xC6, 0xE1, 0xF8, 0xC6, 0xE1, 0xF8, 
        0xC6, 0xE1, 0xF8, 0xC6, 0xE1, 0xF8, 0xC6, 0xE1, 0xF8, 0xC6, 0xE1, 0xF8, 0xC6, 0xE1, 0xF8, 0xC6, 0xE1, 0xF8, 0xC6, 0xE1, 0xF8, 0xC6, 0xE1, 0xF8, 0xC6, 0xE1, 0xF8, 0xC6, 0xE1, 0xF8, 0xC6, 0xE1, 0xF8, 0xC6, 0xE1, 0xF8, 0xC6, 0xE1, 0xF8, 
        0xC6, 0xE1, 0xF8, 0xC6, 0xE1, 0xF8, 0xC6, 0xE1, 0xF8, 0xC6, 0xE1, 0xF8, 0xC6, 0xE1, 0xF8, 0xC6, 0xE1, 0xF8, 0xC6, 0xE1, 0xF8, 0xC6, 0xE1, 0xF8, 0xC6, 0xE1, 0xF8, 0xC6, 0xE1, 0xF8, 0xC6, 0xE1, 0xF8, 0xC6, 0xE1, 0xF8, 0xC6, 0xE1, 0xF8, 
        0xC6, 0xE1, 0xF8, 0xC6, 0xE1, 0xF8, 0xC6, 0xE1, 0xF8, 0xC6, 0xE1, 0xF8, 0xC6, 0xE1, 0xF8, 0xC6, 0xE1, 0xF8, 0xC6, 0xE1, 0xF8, 0xC6, 0xE1, 0xF8, 0xC6, 0xE1, 0xF8, 0xC6, 0xE1, 0xF8, 0xC6, 0xE1, 0xF8, 0xC6, 0xE1, 0xF8, 0xC6, 0xE1, 0xF8, 
        0xC6, 0xE1, 0xF8, 0xC6, 0xE1, 0xF8, 0xC6, 0xE1, 0xF8, 0xC6, 0xE1, 0xF8, 0xC6, 0xE1, 0xF8, 0xC6, 0xE1, 0xF8, 0xC6, 0xE1, 0xF8, 0xC6, 0xE1, 0xF8, 0xC6, 0xE1, 0xF8, 0xC6, 0xE1, 0xF8, 0xC6, 0xE1, 0xF8, 0xC6, 0xE1, 0xF8, 0xC6, 0xE1, 0xF8, 
        0xC6, 0xE1, 0xF8, 0xC6, 0xE1, 0xF8, 0xC6, 0xE1, 0xF8, 0xC6, 0xE1, 0xF8, 0xC6, 0xE1, 0xF8, 0xC6, 0xE1, 0xF8, 0xC6, 0xE1, 0xF8, 0xC6, 0xE1, 0xF8, 0xC6, 0xE1, 0xF8, 0xB8, 0xD8, 0xF6, 0x8F, 0xBF, 0xEF, 0x78, 0xB0, 0xEA, 0xD2, 0xE5, 0xF8, 
        0xFF, 0xFF, 0xFF, 0xFF, 0xFF, 0xFF, 0xFF, 0xFF, 0xFF, 0xFF, 0xFF, 0xFF, 0xFF, 0xFF, 0xFF, 0xFF, 0xFF, 0xFF, 0xFF, 0xFF, 0xFF, 0xFF, 0xFF, 0xFF, 0xFF, 0xFF, 0xFF, 0xFF, 0xFF, 0xFF,
  0xC6, 0xE1, 0xF8, 0xC6, 0xE1, 0xF8, 0xC6, 0xE1, 0xF8, 0xC6, 0xE1, 0xF8, 0xC6, 0xE1, 0xF8, 0xC6, 0xE1, 0xF8, 0xC6, 0xE1, 0xF8, 0xC6, 0xE1, 0xF8, 0xC6, 0xE1, 0xF8, 0xC6, 0xE1, 0xF8, 0xC6, 0xE1, 0xF8, 0xC6, 0xE1, 0xF8, 0xC6, 0xE1, 0xF8, 0xC6, 0xE1, 0xF8, 
        0xC6, 0xE1, 0xF8, 0xC6, 0xE1, 0xF8, 0xC6, 0xE1, 0xF8, 0xC6, 0xE1, 0xF8, 0xC6, 0xE1, 0xF8, 0xC6, 0xE1, 0xF8, 0xC6, 0xE1, 0xF8, 0xC6, 0xE1, 0xF8, 0xC6, 0xE1, 0xF8, 0xC6, 0xE1, 0xF8, 0xC6, 0xE1, 0xF8, 0xC6, 0xE1, 0xF8, 0xC6, 0xE1, 0xF8, 
        0xC6, 0xE1, 0xF8, 0xC6, 0xE1, 0xF8, 0xC6, 0xE1, 0xF8, 0xC6, 0xE1, 0xF8, 0xC6, 0xE1, 0xF8, 0xC6, 0xE1, 0xF8, 0xC6, 0xE1, 0xF8, 0xC6, 0xE1, 0xF8, 0xC6, 0xE1, 0xF8, 0xC6, 0xE1, 0xF8, 0xC6, 0xE1, 0xF8, 0xC6, 0xE1, 0xF8, 0xC6, 0xE1, 0xF8, 
        0xC6, 0xE1, 0xF8, 0xC6, 0xE1, 0xF8, 0xC6, 0xE1, 0xF8, 0xC6, 0xE1, 0xF8, 0xC6, 0xE1, 0xF8, 0xC6, 0xE1, 0xF8, 0xC6, 0xE1, 0xF8, 0xC6, 0xE1, 0xF8, 0xC6, 0xE1, 0xF8, 0xC6, 0xE1, 0xF8, 0xC6, 0xE1, 0xF8, 0xC6, 0xE1, 0xF8, 0xC6, 0xE1, 0xF8, 
        0xC6, 0xE1, 0xF8, 0xC6, 0xE1, 0xF8, 0xC6, 0xE1, 0xF8, 0xC6, 0xE1, 0xF8, 0xC6, 0xE1, 0xF8, 0xC6, 0xE1, 0xF8, 0xC6, 0xE1, 0xF8, 0xC6, 0xE1, 0xF8, 0xC6, 0xE1, 0xF8, 0xC6, 0xE1, 0xF8, 0xC6, 0xE1, 0xF8, 0xC6, 0xE1, 0xF8, 0xC6, 0xE1, 0xF8, 
        0xC6, 0xE1, 0xF8, 0xC6, 0xE1, 0xF8, 0xC6, 0xE1, 0xF8, 0xC6, 0xE1, 0xF8, 0xC6, 0xE1, 0xF8, 0xC6, 0xE1, 0xF8, 0xC6, 0xE1, 0xF8, 0xC6, 0xE1, 0xF8, 0xC6, 0xE1, 0xF8, 0xC6, 0xE1, 0xF8, 0xC6, 0xE1, 0xF8, 0xC6, 0xE1, 0xF8, 0xC6, 0xE1, 0xF8, 
        0xC6, 0xE1, 0xF8, 0xC6, 0xE1, 0xF8, 0xC6, 0xE1, 0xF8, 0xC6, 0xE1, 0xF8, 0xC6, 0xE1, 0xF8, 0xC6, 0xE1, 0xF8, 0xC6, 0xE1, 0xF8, 0xC6, 0xE1, 0xF8, 0xC6, 0xE1, 0xF8, 0xC6, 0xE1, 0xF8, 0xC6, 0xE1, 0xF8, 0xC6, 0xE1, 0xF8, 0xC6, 0xE1, 0xF8, 
        0xC6, 0xE1, 0xF8, 0xC6, 0xE1, 0xF8, 0xC6, 0xE1, 0xF8, 0xC6, 0xE1, 0xF8, 0xC6, 0xE1, 0xF8, 0xC6, 0xE1, 0xF8, 0xC6, 0xE1, 0xF8, 0xC6, 0xE1, 0xF8, 0xC6, 0xE1, 0xF8, 0xC6, 0xE1, 0xF8, 0xC6, 0xE1, 0xF8, 0xC6, 0xE1, 0xF8, 0xC6, 0xE1, 0xF8, 
        0xC6, 0xE1, 0xF8, 0xC6, 0xE1, 0xF8, 0xC6, 0xE1, 0xF8, 0xC6, 0xE1, 0xF8, 0xC6, 0xE1, 0xF8, 0xC6, 0xE1, 0xF8, 0xC6, 0xE1, 0xF8, 0xC6, 0xE1, 0xF8, 0xC6, 0xE1, 0xF8, 0xC6, 0xE1, 0xF8, 0xC6, 0xE1, 0xF8, 0xC6, 0xE1, 0xF8, 0xC6, 0xE1, 0xF8, 
        0xC6, 0xE1, 0xF8, 0xC6, 0xE1, 0xF8, 0xC6, 0xE1, 0xF8, 0xC6, 0xE1, 0xF8, 0xC6, 0xE1, 0xF8, 0xC6, 0xE1, 0xF8, 0xC6, 0xE1, 0xF8, 0xC6, 0xE1, 0xF8, 0xC6, 0xE1, 0xF8, 0xC6, 0xE1, 0xF8, 0xC6, 0xE1, 0xF8, 0xC6, 0xE1, 0xF8, 0xC6, 0xE1, 0xF8, 
        0xC6, 0xE1, 0xF8, 0xC6, 0xE1, 0xF8, 0xC6, 0xE1, 0xF8, 0xC6, 0xE1, 0xF8, 0xC6, 0xE1, 0xF8, 0xC6, 0xE1, 0xF8, 0xC6, 0xE1, 0xF8, 0xC6, 0xE1, 0xF8, 0xC6, 0xE1, 0xF8, 0xC6, 0xE1, 0xF8, 0xC6, 0xE1, 0xF8, 0xC6, 0xE1, 0xF8, 0xC6, 0xE1, 0xF8, 
        0xC6, 0xE1, 0xF8, 0xC6, 0xE1, 0xF8, 0xC6, 0xE1, 0xF8, 0xC6, 0xE1, 0xF8, 0xC6, 0xE1, 0xF8, 0xC6, 0xE1, 0xF8, 0xC6, 0xE1, 0xF8, 0xC6, 0xE1, 0xF8, 0xC6, 0xE1, 0xF8, 0xC6, 0xE1, 0xF8, 0xC6, 0xE1, 0xF8, 0xC6, 0xE1, 0xF8, 0xC6, 0xE1, 0xF8, 
        0xC6, 0xE1, 0xF8, 0xC6, 0xE1, 0xF8, 0xC6, 0xE1, 0xF8, 0xC6, 0xE1, 0xF8, 0xC6, 0xE1, 0xF8, 0xC6, 0xE1, 0xF8, 0xC6, 0xE1, 0xF8, 0xC6, 0xE1, 0xF8, 0xC6, 0xE1, 0xF8, 0xC6, 0xE1, 0xF8, 0xC6, 0xE1, 0xF8, 0xA8, 0xCE, 0xF3, 0x7F, 0xB5, 0xEC, 
        0xA3, 0xC9, 0xF1, 0xFA, 0xFC, 0xFE, 0xFF, 0xFF, 0xFF, 0xFF, 0xFF, 0xFF, 0xFF, 0xFF, 0xFF, 0xFF, 0xFF, 0xFF, 0xFF, 0xFF, 0xFF, 0xFF, 0xFF, 0xFF, 0xFF, 0xFF, 0xFF, 0xFF, 0xFF, 0xFF,
  0xC6, 0xE1, 0xF8, 0xC6, 0xE1, 0xF8, 0xC6, 0xE1, 0xF8, 0xC6, 0xE1, 0xF8, 0xC6, 0xE1, 0xF8, 0xC6, 0xE1, 0xF8, 0xC6, 0xE1, 0xF8, 0xC6, 0xE1, 0xF8, 0xC6, 0xE1, 0xF8, 0xC6, 0xE1, 0xF8, 0xC6, 0xE1, 0xF8, 0xC6, 0xE1, 0xF8, 0xC6, 0xE1, 0xF8, 0xC6, 0xE1, 0xF8, 
        0xC6, 0xE1, 0xF8, 0xC6, 0xE1, 0xF8, 0xC6, 0xE1, 0xF8, 0xC6, 0xE1, 0xF8, 0xC6, 0xE1, 0xF8, 0xC6, 0xE1, 0xF8, 0xC6, 0xE1, 0xF8, 0xC6, 0xE1, 0xF8, 0xC6, 0xE1, 0xF8, 0xC6, 0xE1, 0xF8, 0xC6, 0xE1, 0xF8, 0xC6, 0xE1, 0xF8, 0xC6, 0xE1, 0xF8, 
        0xC6, 0xE1, 0xF8, 0xC6, 0xE1, 0xF8, 0xC6, 0xE1, 0xF8, 0xC6, 0xE1, 0xF8, 0xC6, 0xE1, 0xF8, 0xC6, 0xE1, 0xF8, 0xC6, 0xE1, 0xF8, 0xC6, 0xE1, 0xF8, 0xC6, 0xE1, 0xF8, 0xC6, 0xE1, 0xF8, 0xC6, 0xE1, 0xF8, 0xC6, 0xE1, 0xF8, 0xC6, 0xE1, 0xF8, 
        0xC6, 0xE1, 0xF8, 0xC6, 0xE1, 0xF8, 0xC6, 0xE1, 0xF8, 0xC6, 0xE1, 0xF8, 0xC6, 0xE1, 0xF8, 0xC6, 0xE1, 0xF8, 0xC6, 0xE1, 0xF8, 0xC6, 0xE1, 0xF8, 0xC6, 0xE1, 0xF8, 0xC6, 0xE1, 0xF8, 0xC6, 0xE1, 0xF8, 0xC6, 0xE1, 0xF8, 0xC6, 0xE1, 0xF8, 
        0xC6, 0xE1, 0xF8, 0xC6, 0xE1, 0xF8, 0xC6, 0xE1, 0xF8, 0xC6, 0xE1, 0xF8, 0xC6, 0xE1, 0xF8, 0xC6, 0xE1, 0xF8, 0xC6, 0xE1, 0xF8, 0xC6, 0xE1, 0xF8, 0xC6, 0xE1, 0xF8, 0xC6, 0xE1, 0xF8, 0xC6, 0xE1, 0xF8, 0xC6, 0xE1, 0xF8, 0xC6, 0xE1, 0xF8, 
        0xC6, 0xE1, 0xF8, 0xC6, 0xE1, 0xF8, 0xC6, 0xE1, 0xF8, 0xC6, 0xE1, 0xF8, 0xC6, 0xE1, 0xF8, 0xC6, 0xE1, 0xF8, 0xC6, 0xE1, 0xF8, 0xC6, 0xE1, 0xF8, 0xC6, 0xE1, 0xF8, 0xC6, 0xE1, 0xF8, 0xC6, 0xE1, 0xF8, 0xC6, 0xE1, 0xF8, 0xC6, 0xE1, 0xF8, 
        0xC6, 0xE1, 0xF8, 0xC6, 0xE1, 0xF8, 0xC6, 0xE1, 0xF8, 0xC6, 0xE1, 0xF8, 0xC6, 0xE1, 0xF8, 0xC6, 0xE1, 0xF8, 0xC6, 0xE1, 0xF8, 0xC6, 0xE1, 0xF8, 0xC6, 0xE1, 0xF8, 0xC6, 0xE1, 0xF8, 0xC6, 0xE1, 0xF8, 0xC6, 0xE1, 0xF8, 0xC6, 0xE1, 0xF8, 
        0xC6, 0xE1, 0xF8, 0xC6, 0xE1, 0xF8, 0xC6, 0xE1, 0xF8, 0xC6, 0xE1, 0xF8, 0xC6, 0xE1, 0xF8, 0xC6, 0xE1, 0xF8, 0xC6, 0xE1, 0xF8, 0xC6, 0xE1, 0xF8, 0xC6, 0xE1, 0xF8, 0xC6, 0xE1, 0xF8, 0xC6, 0xE1, 0xF8, 0xC6, 0xE1, 0xF8, 0xC6, 0xE1, 0xF8, 
        0xC6, 0xE1, 0xF8, 0xC6, 0xE1, 0xF8, 0xC6, 0xE1, 0xF8, 0xC6, 0xE1, 0xF8, 0xC6, 0xE1, 0xF8, 0xC6, 0xE1, 0xF8, 0xC6, 0xE1, 0xF8, 0xC6, 0xE1, 0xF8, 0xC6, 0xE1, 0xF8, 0xC6, 0xE1, 0xF8, 0xC6, 0xE1, 0xF8, 0xC6, 0xE1, 0xF8, 0xC6, 0xE1, 0xF8, 
        0xC6, 0xE1, 0xF8, 0xC6, 0xE1, 0xF8, 0xC6, 0xE1, 0xF8, 0xC6, 0xE1, 0xF8, 0xC6, 0xE1, 0xF8, 0xC6, 0xE1, 0xF8, 0xC6, 0xE1, 0xF8, 0xC6, 0xE1, 0xF8, 0xC6, 0xE1, 0xF8, 0xC6, 0xE1, 0xF8, 0xC6, 0xE1, 0xF8, 0xC6, 0xE1, 0xF8, 0xC6, 0xE1, 0xF8, 
        0xC6, 0xE1, 0xF8, 0xC6, 0xE1, 0xF8, 0xC6, 0xE1, 0xF8, 0xC6, 0xE1, 0xF8, 0xC6, 0xE1, 0xF8, 0xC6, 0xE1, 0xF8, 0xC6, 0xE1, 0xF8, 0xC6, 0xE1, 0xF8, 0xC6, 0xE1, 0xF8, 0xC6, 0xE1, 0xF8, 0xC6, 0xE1, 0xF8, 0xC6, 0xE1, 0xF8, 0xC6, 0xE1, 0xF8, 
        0xC6, 0xE1, 0xF8, 0xC6, 0xE1, 0xF8, 0xC6, 0xE1, 0xF8, 0xC6, 0xE1, 0xF8, 0xC6, 0xE1, 0xF8, 0xC6, 0xE1, 0xF8, 0xC6, 0xE1, 0xF8, 0xC6, 0xE1, 0xF8, 0xC6, 0xE1, 0xF8, 0xC6, 0xE1, 0xF8, 0xC6, 0xE1, 0xF8, 0xC6, 0xE1, 0xF8, 0xC6, 0xE1, 0xF8, 
        0xC6, 0xE1, 0xF8, 0xC6, 0xE1, 0xF8, 0xC6, 0xE1, 0xF8, 0xC6, 0xE1, 0xF8, 0xC6, 0xE1, 0xF8, 0xC6, 0xE1, 0xF8, 0xC6, 0xE1, 0xF8, 0xC6, 0xE1, 0xF8, 0xC6, 0xE1, 0xF8, 0xC6, 0xE1, 0xF8, 0xC6, 0xE1, 0xF8, 0xC6, 0xE1, 0xF8, 0xC6, 0xE1, 0xF8, 
        0x8E, 0xBE, 0xEF, 0x81, 0xB5, 0xEC, 0xF1, 0xF7, 0xFD, 0xFF, 0xFF, 0xFF, 0xFF, 0xFF, 0xFF, 0xFF, 0xFF, 0xFF, 0xFF, 0xFF, 0xFF, 0xFF, 0xFF, 0xFF, 0xFF, 0xFF, 0xFF, 0xFF, 0xFF, 0xFF,
  0xC6, 0xE1, 0xF8, 0xC6, 0xE1, 0xF8, 0xC6, 0xE1, 0xF8, 0xC6, 0xE1, 0xF8, 0xC6, 0xE1, 0xF8, 0xC6, 0xE1, 0xF8, 0xC6, 0xE1, 0xF8, 0xC6, 0xE1, 0xF8, 0xC6, 0xE1, 0xF8, 0xC6, 0xE1, 0xF8, 0xC6, 0xE1, 0xF8, 0xC6, 0xE1, 0xF8, 0xC6, 0xE1, 0xF8, 0xC6, 0xE1, 0xF8, 
        0xC6, 0xE1, 0xF8, 0xC6, 0xE1, 0xF8, 0xC6, 0xE1, 0xF8, 0xC6, 0xE1, 0xF8, 0xC6, 0xE1, 0xF8, 0xC6, 0xE1, 0xF8, 0xC6, 0xE1, 0xF8, 0xC6, 0xE1, 0xF8, 0xC6, 0xE1, 0xF8, 0xC6, 0xE1, 0xF8, 0xC6, 0xE1, 0xF8, 0xC6, 0xE1, 0xF8, 0xC6, 0xE1, 0xF8, 
        0xC6, 0xE1, 0xF8, 0xC6, 0xE1, 0xF8, 0xC6, 0xE1, 0xF8, 0xC6, 0xE1, 0xF8, 0xC6, 0xE1, 0xF8, 0xC6, 0xE1, 0xF8, 0xC6, 0xE1, 0xF8, 0xC6, 0xE1, 0xF8, 0xC6, 0xE1, 0xF8, 0xC6, 0xE1, 0xF8, 0xC6, 0xE1, 0xF8, 0xC6, 0xE1, 0xF8, 0xC6, 0xE1, 0xF8, 
        0xC6, 0xE1, 0xF8, 0xC6, 0xE1, 0xF8, 0xC6, 0xE1, 0xF8, 0xC6, 0xE1, 0xF8, 0xC6, 0xE1, 0xF8, 0xC6, 0xE1, 0xF8, 0xC6, 0xE1, 0xF8, 0xC6, 0xE1, 0xF8, 0xC6, 0xE1, 0xF8, 0xC6, 0xE1, 0xF8, 0xC6, 0xE1, 0xF8, 0xC6, 0xE1, 0xF8, 0xC6, 0xE1, 0xF8, 
        0xC6, 0xE1, 0xF8, 0xC6, 0xE1, 0xF8, 0xC6, 0xE1, 0xF8, 0xC6, 0xE1, 0xF8, 0xC6, 0xE1, 0xF8, 0xC6, 0xE1, 0xF8, 0xC6, 0xE1, 0xF8, 0xC6, 0xE1, 0xF8, 0xC6, 0xE1, 0xF8, 0xC6, 0xE1, 0xF8, 0xC6, 0xE1, 0xF8, 0xC6, 0xE1, 0xF8, 0xC6, 0xE1, 0xF8, 
        0xC6, 0xE1, 0xF8, 0xC6, 0xE1, 0xF8, 0xC6, 0xE1, 0xF8, 0xC6, 0xE1, 0xF8, 0xC6, 0xE1, 0xF8, 0xC6, 0xE1, 0xF8, 0xC6, 0xE1, 0xF8, 0xC6, 0xE1, 0xF8, 0xC6, 0xE1, 0xF8, 0xC6, 0xE1, 0xF8, 0xC6, 0xE1, 0xF8, 0xC6, 0xE1, 0xF8, 0xC6, 0xE1, 0xF8, 
        0xC6, 0xE1, 0xF8, 0xC6, 0xE1, 0xF8, 0xC6, 0xE1, 0xF8, 0xC6, 0xE1, 0xF8, 0xC6, 0xE1, 0xF8, 0xC6, 0xE1, 0xF8, 0xC6, 0xE1, 0xF8, 0xC6, 0xE1, 0xF8, 0xC6, 0xE1, 0xF8, 0xC6, 0xE1, 0xF8, 0xC6, 0xE1, 0xF8, 0xC6, 0xE1, 0xF8, 0xC6, 0xE1, 0xF8, 
        0xC6, 0xE1, 0xF8, 0xC6, 0xE1, 0xF8, 0xC6, 0xE1, 0xF8, 0xC6, 0xE1, 0xF8, 0xC6, 0xE1, 0xF8, 0xC6, 0xE1, 0xF8, 0xC6, 0xE1, 0xF8, 0xC6, 0xE1, 0xF8, 0xC6, 0xE1, 0xF8, 0xC6, 0xE1, 0xF8, 0xC6, 0xE1, 0xF8, 0xC6, 0xE1, 0xF8, 0xC6, 0xE1, 0xF8, 
        0xC6, 0xE1, 0xF8, 0xC6, 0xE1, 0xF8, 0xC6, 0xE1, 0xF8, 0xC6, 0xE1, 0xF8, 0xC6, 0xE1, 0xF8, 0xC6, 0xE1, 0xF8, 0xC6, 0xE1, 0xF8, 0xC6, 0xE1, 0xF8, 0xC6, 0xE1, 0xF8, 0xC6, 0xE1, 0xF8, 0xC6, 0xE1, 0xF8, 0xC6, 0xE1, 0xF8, 0xC6, 0xE1, 0xF8, 
        0xC6, 0xE1, 0xF8, 0xC6, 0xE1, 0xF8, 0xC6, 0xE1, 0xF8, 0xC6, 0xE1, 0xF8, 0xC6, 0xE1, 0xF8, 0xC6, 0xE1, 0xF8, 0xC6, 0xE1, 0xF8, 0xC6, 0xE1, 0xF8, 0xC6, 0xE1, 0xF8, 0xC6, 0xE1, 0xF8, 0xC6, 0xE1, 0xF8, 0xC6, 0xE1, 0xF8, 0xC6, 0xE1, 0xF8, 
        0xC6, 0xE1, 0xF8, 0xC6, 0xE1, 0xF8, 0xC6, 0xE1, 0xF8, 0xC6, 0xE1, 0xF8, 0xC6, 0xE1, 0xF8, 0xC6, 0xE1, 0xF8, 0xC6, 0xE1, 0xF8, 0xC6, 0xE1, 0xF8, 0xC6, 0xE1, 0xF8, 0xC6, 0xE1, 0xF8, 0xC6, 0xE1, 0xF8, 0xC6, 0xE1, 0xF8, 0xC6, 0xE1, 0xF8, 
        0xC6, 0xE1, 0xF8, 0xC6, 0xE1, 0xF8, 0xC6, 0xE1, 0xF8, 0xC6, 0xE1, 0xF8, 0xC6, 0xE1, 0xF8, 0xC6, 0xE1, 0xF8, 0xC6, 0xE1, 0xF8, 0xC6, 0xE1, 0xF8, 0xC6, 0xE1, 0xF8, 0xC6, 0xE1, 0xF8, 0xC6, 0xE1, 0xF8, 0xC6, 0xE1, 0xF8, 0xC6, 0xE1, 0xF8, 
        0xC6, 0xE1, 0xF8, 0xC6, 0xE1, 0xF8, 0xC6, 0xE1, 0xF8, 0xC6, 0xE1, 0xF8, 0xC6, 0xE1, 0xF8, 0xC6, 0xE1, 0xF8, 0xC6, 0xE1, 0xF8, 0xC6, 0xE1, 0xF8, 0xC6, 0xE1, 0xF8, 0xC6, 0xE1, 0xF8, 0xC6, 0xE1, 0xF8, 0xC6, 0xE1, 0xF8, 0xC6, 0xE1, 0xF8, 
        0xC6, 0xE1, 0xF8, 0x94, 0xC2, 0xF0, 0x78, 0xB0, 0xEA, 0xEB, 0xF3, 0xFC, 0xFF, 0xFF, 0xFF, 0xFF, 0xFF, 0xFF, 0xFF, 0xFF, 0xFF, 0xFF, 0xFF, 0xFF, 0xFF, 0xFF, 0xFF, 0xFF, 0xFF, 0xFF,
  0xC6, 0xE1, 0xF8, 0xC6, 0xE1, 0xF8, 0xC6, 0xE1, 0xF8, 0xC6, 0xE1, 0xF8, 0xC6, 0xE1, 0xF8, 0xC6, 0xE1, 0xF8, 0xC6, 0xE1, 0xF8, 0xC6, 0xE1, 0xF8, 0xC6, 0xE1, 0xF8, 0xC6, 0xE1, 0xF8, 0xC6, 0xE1, 0xF8, 0xC6, 0xE1, 0xF8, 0xC6, 0xE1, 0xF8, 0xC6, 0xE1, 0xF8, 
        0xC6, 0xE1, 0xF8, 0xC6, 0xE1, 0xF8, 0xC6, 0xE1, 0xF8, 0xC6, 0xE1, 0xF8, 0xC6, 0xE1, 0xF8, 0xC6, 0xE1, 0xF8, 0xC6, 0xE1, 0xF8, 0xC6, 0xE1, 0xF8, 0xC6, 0xE1, 0xF8, 0xC6, 0xE1, 0xF8, 0xC6, 0xE1, 0xF8, 0xC6, 0xE1, 0xF8, 0xC6, 0xE1, 0xF8, 
        0xC6, 0xE1, 0xF8, 0xC6, 0xE1, 0xF8, 0xC6, 0xE1, 0xF8, 0xC6, 0xE1, 0xF8, 0xC6, 0xE1, 0xF8, 0xC6, 0xE1, 0xF8, 0xC6, 0xE1, 0xF8, 0xC6, 0xE1, 0xF8, 0xC6, 0xE1, 0xF8, 0xC6, 0xE1, 0xF8, 0xC6, 0xE1, 0xF8, 0xC6, 0xE1, 0xF8, 0xC6, 0xE1, 0xF8, 
        0xC6, 0xE1, 0xF8, 0xC6, 0xE1, 0xF8, 0xC6, 0xE1, 0xF8, 0xC6, 0xE1, 0xF8, 0xC6, 0xE1, 0xF8, 0xC6, 0xE1, 0xF8, 0xC6, 0xE1, 0xF8, 0xC6, 0xE1, 0xF8, 0xC6, 0xE1, 0xF8, 0xC6, 0xE1, 0xF8, 0xC6, 0xE1, 0xF8, 0xC6, 0xE1, 0xF8, 0xC6, 0xE1, 0xF8, 
        0xC6, 0xE1, 0xF8, 0xC6, 0xE1, 0xF8, 0xC6, 0xE1, 0xF8, 0xC6, 0xE1, 0xF8, 0xC6, 0xE1, 0xF8, 0xC6, 0xE1, 0xF8, 0xC6, 0xE1, 0xF8, 0xC6, 0xE1, 0xF8, 0xC6, 0xE1, 0xF8, 0xC6, 0xE1, 0xF8, 0xC6, 0xE1, 0xF8, 0xC6, 0xE1, 0xF8, 0xC6, 0xE1, 0xF8, 
        0xC6, 0xE1, 0xF8, 0xC6, 0xE1, 0xF8, 0xC6, 0xE1, 0xF8, 0xC6, 0xE1, 0xF8, 0xC6, 0xE1, 0xF8, 0xC6, 0xE1, 0xF8, 0xC6, 0xE1, 0xF8, 0xC6, 0xE1, 0xF8, 0xC6, 0xE1, 0xF8, 0xC6, 0xE1, 0xF8, 0xC6, 0xE1, 0xF8, 0xC6, 0xE1, 0xF8, 0xC6, 0xE1, 0xF8, 
        0xC6, 0xE1, 0xF8, 0xC6, 0xE1, 0xF8, 0xC6, 0xE1, 0xF8, 0xC6, 0xE1, 0xF8, 0xC6, 0xE1, 0xF8, 0xC6, 0xE1, 0xF8, 0xC6, 0xE1, 0xF8, 0xC6, 0xE1, 0xF8, 0xC6, 0xE1, 0xF8, 0xC6, 0xE1, 0xF8, 0xC6, 0xE1, 0xF8, 0xC6, 0xE1, 0xF8, 0xC6, 0xE1, 0xF8, 
        0xC6, 0xE1, 0xF8, 0xC6, 0xE1, 0xF8, 0xC6, 0xE1, 0xF8, 0xC6, 0xE1, 0xF8, 0xC6, 0xE1, 0xF8, 0xC6, 0xE1, 0xF8, 0xC6, 0xE1, 0xF8, 0xC6, 0xE1, 0xF8, 0xC6, 0xE1, 0xF8, 0xC6, 0xE1, 0xF8, 0xC6, 0xE1, 0xF8, 0xC6, 0xE1, 0xF8, 0xC6, 0xE1, 0xF8, 
        0xC6, 0xE1, 0xF8, 0xC6, 0xE1, 0xF8, 0xC6, 0xE1, 0xF8, 0xC6, 0xE1, 0xF8, 0xC6, 0xE1, 0xF8, 0xC6, 0xE1, 0xF8, 0xC6, 0xE1, 0xF8, 0xC6, 0xE1, 0xF8, 0xC6, 0xE1, 0xF8, 0xC6, 0xE1, 0xF8, 0xC6, 0xE1, 0xF8, 0xC6, 0xE1, 0xF8, 0xC6, 0xE1, 0xF8, 
        0xC6, 0xE1, 0xF8, 0xC6, 0xE1, 0xF8, 0xC6, 0xE1, 0xF8, 0xC6, 0xE1, 0xF8, 0xC6, 0xE1, 0xF8, 0xC6, 0xE1, 0xF8, 0xC6, 0xE1, 0xF8, 0xC6, 0xE1, 0xF8, 0xC6, 0xE1, 0xF8, 0xC6, 0xE1, 0xF8, 0xC6, 0xE1, 0xF8, 0xC6, 0xE1, 0xF8, 0xC6, 0xE1, 0xF8, 
        0xC6, 0xE1, 0xF8, 0xC6, 0xE1, 0xF8, 0xC6, 0xE1, 0xF8, 0xC6, 0xE1, 0xF8, 0xC6, 0xE1, 0xF8, 0xC6, 0xE1, 0xF8, 0xC6, 0xE1, 0xF8, 0xC6, 0xE1, 0xF8, 0xC6, 0xE1, 0xF8, 0xC6, 0xE1, 0xF8, 0xC6, 0xE1, 0xF8, 0xC6, 0xE1, 0xF8, 0xC6, 0xE1, 0xF8, 
        0xC6, 0xE1, 0xF8, 0xC6, 0xE1, 0xF8, 0xC6, 0xE1, 0xF8, 0xC6, 0xE1, 0xF8, 0xC6, 0xE1, 0xF8, 0xC6, 0xE1, 0xF8, 0xC6, 0xE1, 0xF8, 0xC6, 0xE1, 0xF8, 0xC6, 0xE1, 0xF8, 0xC6, 0xE1, 0xF8, 0xC6, 0xE1, 0xF8, 0xC6, 0xE1, 0xF8, 0xC6, 0xE1, 0xF8, 
        0xC6, 0xE1, 0xF8, 0xC6, 0xE1, 0xF8, 0xC6, 0xE1, 0xF8, 0xC6, 0xE1, 0xF8, 0xC6, 0xE1, 0xF8, 0xC6, 0xE1, 0xF8, 0xC6, 0xE1, 0xF8, 0xC6, 0xE1, 0xF8, 0xC6, 0xE1, 0xF8, 0xC6, 0xE1, 0xF8, 0xC6, 0xE1, 0xF8, 0xC6, 0xE1, 0xF8, 0xC6, 0xE1, 0xF8, 
        0xC6, 0xE1, 0xF8, 0xC6, 0xE1, 0xF8, 0x98, 0xC5, 0xF0, 0x76, 0xAF, 0xEA, 0xEE, 0xF5, 0xFC, 0xFF, 0xFF, 0xFF, 0xFF, 0xFF, 0xFF, 0xFF, 0xFF, 0xFF, 0xFF, 0xFF, 0xFF, 0xFF, 0xFF, 0xFF,
  0xC6, 0xE1, 0xF8, 0xC6, 0xE1, 0xF8, 0xC6, 0xE1, 0xF8, 0xC6, 0xE1, 0xF8, 0xC6, 0xE1, 0xF8, 0xC6, 0xE1, 0xF8, 0xC6, 0xE1, 0xF8, 0xC6, 0xE1, 0xF8, 0xC6, 0xE1, 0xF8, 0xC6, 0xE1, 0xF8, 0xC6, 0xE1, 0xF8, 0xC6, 0xE1, 0xF8, 0xC6, 0xE1, 0xF8, 0xC6, 0xE1, 0xF8, 
        0xC6, 0xE1, 0xF8, 0xC6, 0xE1, 0xF8, 0xC6, 0xE1, 0xF8, 0xC6, 0xE1, 0xF8, 0xC6, 0xE1, 0xF8, 0xC6, 0xE1, 0xF8, 0xC6, 0xE1, 0xF8, 0xC6, 0xE1, 0xF8, 0xC6, 0xE1, 0xF8, 0xC6, 0xE1, 0xF8, 0xC6, 0xE1, 0xF8, 0xC6, 0xE1, 0xF8, 0xC6, 0xE1, 0xF8, 
        0xC6, 0xE1, 0xF8, 0xC6, 0xE1, 0xF8, 0xC6, 0xE1, 0xF8, 0xC6, 0xE1, 0xF8, 0xC6, 0xE1, 0xF8, 0xC6, 0xE1, 0xF8, 0xC6, 0xE1, 0xF8, 0xC6, 0xE1, 0xF8, 0xC6, 0xE1, 0xF8, 0xC6, 0xE1, 0xF8, 0xC6, 0xE1, 0xF8, 0xC6, 0xE1, 0xF8, 0xC6, 0xE1, 0xF8, 
        0xC6, 0xE1, 0xF8, 0xC6, 0xE1, 0xF8, 0xC6, 0xE1, 0xF8, 0xC6, 0xE1, 0xF8, 0xC6, 0xE1, 0xF8, 0xC6, 0xE1, 0xF8, 0xC6, 0xE1, 0xF8, 0xC6, 0xE1, 0xF8, 0xC6, 0xE1, 0xF8, 0xC6, 0xE1, 0xF8, 0xC6, 0xE1, 0xF8, 0xC6, 0xE1, 0xF8, 0xC6, 0xE1, 0xF8, 
        0xC6, 0xE1, 0xF8, 0xC6, 0xE1, 0xF8, 0xC6, 0xE1, 0xF8, 0xC6, 0xE1, 0xF8, 0xC6, 0xE1, 0xF8, 0xC6, 0xE1, 0xF8, 0xC6, 0xE1, 0xF8, 0xC6, 0xE1, 0xF8, 0xC6, 0xE1, 0xF8, 0xC6, 0xE1, 0xF8, 0xC6, 0xE1, 0xF8, 0xC6, 0xE1, 0xF8, 0xC6, 0xE1, 0xF8, 
        0xC6, 0xE1, 0xF8, 0xC6, 0xE1, 0xF8, 0xC6, 0xE1, 0xF8, 0xC6, 0xE1, 0xF8, 0xC6, 0xE1, 0xF8, 0xC6, 0xE1, 0xF8, 0xC6, 0xE1, 0xF8, 0xC6, 0xE1, 0xF8, 0xC6, 0xE1, 0xF8, 0xC6, 0xE1, 0xF8, 0xC6, 0xE1, 0xF8, 0xC6, 0xE1, 0xF8, 0xC6, 0xE1, 0xF8, 
        0xC6, 0xE1, 0xF8, 0xC6, 0xE1, 0xF8, 0xC6, 0xE1, 0xF8, 0xC6, 0xE1, 0xF8, 0xC6, 0xE1, 0xF8, 0xC6, 0xE1, 0xF8, 0xC6, 0xE1, 0xF8, 0xC6, 0xE1, 0xF8, 0xC6, 0xE1, 0xF8, 0xC6, 0xE1, 0xF8, 0xC6, 0xE1, 0xF8, 0xC6, 0xE1, 0xF8, 0xC6, 0xE1, 0xF8, 
        0xC6, 0xE1, 0xF8, 0xC6, 0xE1, 0xF8, 0xC6, 0xE1, 0xF8, 0xC6, 0xE1, 0xF8, 0xC6, 0xE1, 0xF8, 0xC6, 0xE1, 0xF8, 0xC6, 0xE1, 0xF8, 0xC6, 0xE1, 0xF8, 0xC6, 0xE1, 0xF8, 0xC6, 0xE1, 0xF8, 0xC6, 0xE1, 0xF8, 0xC6, 0xE1, 0xF8, 0xC6, 0xE1, 0xF8, 
        0xC6, 0xE1, 0xF8, 0xC6, 0xE1, 0xF8, 0xC6, 0xE1, 0xF8, 0xC6, 0xE1, 0xF8, 0xC6, 0xE1, 0xF8, 0xC6, 0xE1, 0xF8, 0xC6, 0xE1, 0xF8, 0xC6, 0xE1, 0xF8, 0xC6, 0xE1, 0xF8, 0xC6, 0xE1, 0xF8, 0xC6, 0xE1, 0xF8, 0xC6, 0xE1, 0xF8, 0xC6, 0xE1, 0xF8, 
        0xC6, 0xE1, 0xF8, 0xC6, 0xE1, 0xF8, 0xC6, 0xE1, 0xF8, 0xC6, 0xE1, 0xF8, 0xC6, 0xE1, 0xF8, 0xC6, 0xE1, 0xF8, 0xC6, 0xE1, 0xF8, 0xC6, 0xE1, 0xF8, 0xC6, 0xE1, 0xF8, 0xC6, 0xE1, 0xF8, 0xC6, 0xE1, 0xF8, 0xC6, 0xE1, 0xF8, 0xC6, 0xE1, 0xF8, 
        0xC6, 0xE1, 0xF8, 0xC6, 0xE1, 0xF8, 0xC6, 0xE1, 0xF8, 0xC6, 0xE1, 0xF8, 0xC6, 0xE1, 0xF8, 0xC6, 0xE1, 0xF8, 0xC6, 0xE1, 0xF8, 0xC6, 0xE1, 0xF8, 0xC6, 0xE1, 0xF8, 0xC6, 0xE1, 0xF8, 0xC6, 0xE1, 0xF8, 0xC6, 0xE1, 0xF8, 0xC6, 0xE1, 0xF8, 
        0xC6, 0xE1, 0xF8, 0xC6, 0xE1, 0xF8, 0xC6, 0xE1, 0xF8, 0xC6, 0xE1, 0xF8, 0xC6, 0xE1, 0xF8, 0xC6, 0xE1, 0xF8, 0xC6, 0xE1, 0xF8, 0xC6, 0xE1, 0xF8, 0xC6, 0xE1, 0xF8, 0xC6, 0xE1, 0xF8, 0xC6, 0xE1, 0xF8, 0xC6, 0xE1, 0xF8, 0xC6, 0xE1, 0xF8, 
        0xC6, 0xE1, 0xF8, 0xC6, 0xE1, 0xF8, 0xC6, 0xE1, 0xF8, 0xC6, 0xE1, 0xF8, 0xC6, 0xE1, 0xF8, 0xC6, 0xE1, 0xF8, 0xC6, 0xE1, 0xF8, 0xC6, 0xE1, 0xF8, 0xC6, 0xE1, 0xF8, 0xC6, 0xE1, 0xF8, 0xC6, 0xE1, 0xF8, 0xC6, 0xE1, 0xF8, 0xC6, 0xE1, 0xF8, 
        0xC6, 0xE1, 0xF8, 0xC6, 0xE1, 0xF8, 0xC6, 0xE1, 0xF8, 0x96, 0xC3, 0xF0, 0x80, 0xB5, 0xEC, 0xF9, 0xFB, 0xFE, 0xFF, 0xFF, 0xFF, 0xFF, 0xFF, 0xFF, 0xFF, 0xFF, 0xFF, 0xFF, 0xFF, 0xFF,
  0xC6, 0xE1, 0xF8, 0xC6, 0xE1, 0xF8, 0xC6, 0xE1, 0xF8, 0xC6, 0xE1, 0xF8, 0xC6, 0xE1, 0xF8, 0xC6, 0xE1, 0xF8, 0xC6, 0xE1, 0xF8, 0xC6, 0xE1, 0xF8, 0xC6, 0xE1, 0xF8, 0xC6, 0xE1, 0xF8, 0xC6, 0xE1, 0xF8, 0xC6, 0xE1, 0xF8, 0xC6, 0xE1, 0xF8, 0xC6, 0xE1, 0xF8, 
        0xC6, 0xE1, 0xF8, 0xC6, 0xE1, 0xF8, 0xC6, 0xE1, 0xF8, 0xC6, 0xE1, 0xF8, 0xC6, 0xE1, 0xF8, 0xC6, 0xE1, 0xF8, 0xC6, 0xE1, 0xF8, 0xC6, 0xE1, 0xF8, 0xC6, 0xE1, 0xF8, 0xC6, 0xE1, 0xF8, 0xC6, 0xE1, 0xF8, 0xC6, 0xE1, 0xF8, 0xC6, 0xE1, 0xF8, 
        0xC6, 0xE1, 0xF8, 0xC6, 0xE1, 0xF8, 0xC6, 0xE1, 0xF8, 0xC6, 0xE1, 0xF8, 0xC6, 0xE1, 0xF8, 0xC6, 0xE1, 0xF8, 0xC6, 0xE1, 0xF8, 0xC6, 0xE1, 0xF8, 0xC6, 0xE1, 0xF8, 0xC6, 0xE1, 0xF8, 0xC6, 0xE1, 0xF8, 0xC6, 0xE1, 0xF8, 0xC6, 0xE1, 0xF8, 
        0xC6, 0xE1, 0xF8, 0xC6, 0xE1, 0xF8, 0xC6, 0xE1, 0xF8, 0xC6, 0xE1, 0xF8, 0xC6, 0xE1, 0xF8, 0xC6, 0xE1, 0xF8, 0xC6, 0xE1, 0xF8, 0xC6, 0xE1, 0xF8, 0xC6, 0xE1, 0xF8, 0xC6, 0xE1, 0xF8, 0xC6, 0xE1, 0xF8, 0xC6, 0xE1, 0xF8, 0xC6, 0xE1, 0xF8, 
        0xC6, 0xE1, 0xF8, 0xC6, 0xE1, 0xF8, 0xC6, 0xE1, 0xF8, 0xC6, 0xE1, 0xF8, 0xC6, 0xE1, 0xF8, 0xC6, 0xE1, 0xF8, 0xC6, 0xE1, 0xF8, 0xC6, 0xE1, 0xF8, 0xC6, 0xE1, 0xF8, 0xC6, 0xE1, 0xF8, 0xC6, 0xE1, 0xF8, 0xC6, 0xE1, 0xF8, 0xC6, 0xE1, 0xF8, 
        0xC6, 0xE1, 0xF8, 0xC6, 0xE1, 0xF8, 0xC6, 0xE1, 0xF8, 0xC6, 0xE1, 0xF8, 0xC6, 0xE1, 0xF8, 0xC6, 0xE1, 0xF8, 0xC6, 0xE1, 0xF8, 0xC6, 0xE1, 0xF8, 0xC6, 0xE1, 0xF8, 0xC6, 0xE1, 0xF8, 0xC6, 0xE1, 0xF8, 0xC6, 0xE1, 0xF8, 0xC6, 0xE1, 0xF8, 
        0xC6, 0xE1, 0xF8, 0xC6, 0xE1, 0xF8, 0xC6, 0xE1, 0xF8, 0xC6, 0xE1, 0xF8, 0xC6, 0xE1, 0xF8, 0xC6, 0xE1, 0xF8, 0xC6, 0xE1, 0xF8, 0xC6, 0xE1, 0xF8, 0xC6, 0xE1, 0xF8, 0xC6, 0xE1, 0xF8, 0xC6, 0xE1, 0xF8, 0xC6, 0xE1, 0xF8, 0xC6, 0xE1, 0xF8, 
        0xC6, 0xE1, 0xF8, 0xC6, 0xE1, 0xF8, 0xC6, 0xE1, 0xF8, 0xC6, 0xE1, 0xF8, 0xC6, 0xE1, 0xF8, 0xC6, 0xE1, 0xF8, 0xC6, 0xE1, 0xF8, 0xC6, 0xE1, 0xF8, 0xC6, 0xE1, 0xF8, 0xC6, 0xE1, 0xF8, 0xC6, 0xE1, 0xF8, 0xC6, 0xE1, 0xF8, 0xC6, 0xE1, 0xF8, 
        0xC6, 0xE1, 0xF8, 0xC6, 0xE1, 0xF8, 0xC6, 0xE1, 0xF8, 0xC6, 0xE1, 0xF8, 0xC6, 0xE1, 0xF8, 0xC6, 0xE1, 0xF8, 0xC6, 0xE1, 0xF8, 0xC6, 0xE1, 0xF8, 0xC6, 0xE1, 0xF8, 0xC6, 0xE1, 0xF8, 0xC6, 0xE1, 0xF8, 0xC6, 0xE1, 0xF8, 0xC6, 0xE1, 0xF8, 
        0xC6, 0xE1, 0xF8, 0xC6, 0xE1, 0xF8, 0xC6, 0xE1, 0xF8, 0xC6, 0xE1, 0xF8, 0xC6, 0xE1, 0xF8, 0xC6, 0xE1, 0xF8, 0xC6, 0xE1, 0xF8, 0xC6, 0xE1, 0xF8, 0xC6, 0xE1, 0xF8, 0xC6, 0xE1, 0xF8, 0xC6, 0xE1, 0xF8, 0xC6, 0xE1, 0xF8, 0xC6, 0xE1, 0xF8, 
        0xC6, 0xE1, 0xF8, 0xC6, 0xE1, 0xF8, 0xC6, 0xE1, 0xF8, 0xC6, 0xE1, 0xF8, 0xC6, 0xE1, 0xF8, 0xC6, 0xE1, 0xF8, 0xC6, 0xE1, 0xF8, 0xC6, 0xE1, 0xF8, 0xC6, 0xE1, 0xF8, 0xC6, 0xE1, 0xF8, 0xC6, 0xE1, 0xF8, 0xC6, 0xE1, 0xF8, 0xC6, 0xE1, 0xF8, 
        0xC6, 0xE1, 0xF8, 0xC6, 0xE1, 0xF8, 0xC6, 0xE1, 0xF8, 0xC6, 0xE1, 0xF8, 0xC6, 0xE1, 0xF8, 0xC6, 0xE1, 0xF8, 0xC6, 0xE1, 0xF8, 0xC6, 0xE1, 0xF8, 0xC6, 0xE1, 0xF8, 0xC6, 0xE1, 0xF8, 0xC6, 0xE1, 0xF8, 0xC6, 0xE1, 0xF8, 0xC6, 0xE1, 0xF8, 
        0xC6, 0xE1, 0xF8, 0xC6, 0xE1, 0xF8, 0xC6, 0xE1, 0xF8, 0xC6, 0xE1, 0xF8, 0xC6, 0xE1, 0xF8, 0xC6, 0xE1, 0xF8, 0xC6, 0xE1, 0xF8, 0xC6, 0xE1, 0xF8, 0xC6, 0xE1, 0xF8, 0xC6, 0xE1, 0xF8, 0xC6, 0xE1, 0xF8, 0xC6, 0xE1, 0xF8, 0xC6, 0xE1, 0xF8, 
        0xC6, 0xE1, 0xF8, 0xC6, 0xE1, 0xF8, 0xC6, 0xE1, 0xF8, 0xC6, 0xE1, 0xF8, 0x8F, 0xBF, 0xEF, 0xA0, 0xC7, 0xF0, 0xFF, 0xFF, 0xFF, 0xFF, 0xFF, 0xFF, 0xFF, 0xFF, 0xFF, 0xFF, 0xFF, 0xFF,
  0xC6, 0xE1, 0xF8, 0xC6, 0xE1, 0xF8, 0xC6, 0xE1, 0xF8, 0xC6, 0xE1, 0xF8, 0xC6, 0xE1, 0xF8, 0xC6, 0xE1, 0xF8, 0xC6, 0xE1, 0xF8, 0xC6, 0xE1, 0xF8, 0xC6, 0xE1, 0xF8, 0xC6, 0xE1, 0xF8, 0xC6, 0xE1, 0xF8, 0xC6, 0xE1, 0xF8, 0xC6, 0xE1, 0xF8, 0xC6, 0xE1, 0xF8, 
        0xC6, 0xE1, 0xF8, 0xC6, 0xE1, 0xF8, 0xC6, 0xE1, 0xF8, 0xC6, 0xE1, 0xF8, 0xC6, 0xE1, 0xF8, 0xC6, 0xE1, 0xF8, 0xC6, 0xE1, 0xF8, 0xC6, 0xE1, 0xF8, 0xC6, 0xE1, 0xF8, 0xC6, 0xE1, 0xF8, 0xC6, 0xE1, 0xF8, 0xC6, 0xE1, 0xF8, 0xC6, 0xE1, 0xF8, 
        0xC6, 0xE1, 0xF8, 0xC6, 0xE1, 0xF8, 0xC6, 0xE1, 0xF8, 0xC6, 0xE1, 0xF8, 0xC6, 0xE1, 0xF8, 0xC6, 0xE1, 0xF8, 0xC6, 0xE1, 0xF8, 0xC6, 0xE1, 0xF8, 0xC6, 0xE1, 0xF8, 0xC6, 0xE1, 0xF8, 0xC6, 0xE1, 0xF8, 0xC6, 0xE1, 0xF8, 0xC6, 0xE1, 0xF8, 
        0xC6, 0xE1, 0xF8, 0xC6, 0xE1, 0xF8, 0xC6, 0xE1, 0xF8, 0xC6, 0xE1, 0xF8, 0xC6, 0xE1, 0xF8, 0xC6, 0xE1, 0xF8, 0xC6, 0xE1, 0xF8, 0xC6, 0xE1, 0xF8, 0xC6, 0xE1, 0xF8, 0xC6, 0xE1, 0xF8, 0xC6, 0xE1, 0xF8, 0xC6, 0xE1, 0xF8, 0xC6, 0xE1, 0xF8, 
        0xC6, 0xE1, 0xF8, 0xC6, 0xE1, 0xF8, 0xC6, 0xE1, 0xF8, 0xC6, 0xE1, 0xF8, 0xC6, 0xE1, 0xF8, 0xC6, 0xE1, 0xF8, 0xC6, 0xE1, 0xF8, 0xC6, 0xE1, 0xF8, 0xC6, 0xE1, 0xF8, 0xC6, 0xE1, 0xF8, 0xC6, 0xE1, 0xF8, 0xC6, 0xE1, 0xF8, 0xC6, 0xE1, 0xF8, 
        0xC6, 0xE1, 0xF8, 0xC6, 0xE1, 0xF8, 0xC6, 0xE1, 0xF8, 0xC6, 0xE1, 0xF8, 0xC6, 0xE1, 0xF8, 0xC6, 0xE1, 0xF8, 0xC6, 0xE1, 0xF8, 0xC6, 0xE1, 0xF8, 0xC6, 0xE1, 0xF8, 0xC6, 0xE1, 0xF8, 0xC6, 0xE1, 0xF8, 0xC6, 0xE1, 0xF8, 0xC6, 0xE1, 0xF8, 
        0xC6, 0xE1, 0xF8, 0xC6, 0xE1, 0xF8, 0xC6, 0xE1, 0xF8, 0xC6, 0xE1, 0xF8, 0xC6, 0xE1, 0xF8, 0xC6, 0xE1, 0xF8, 0xC6, 0xE1, 0xF8, 0xC6, 0xE1, 0xF8, 0xC6, 0xE1, 0xF8, 0xC6, 0xE1, 0xF8, 0xC6, 0xE1, 0xF8, 0xC6, 0xE1, 0xF8, 0xC6, 0xE1, 0xF8, 
        0xC6, 0xE1, 0xF8, 0xC6, 0xE1, 0xF8, 0xC6, 0xE1, 0xF8, 0xC6, 0xE1, 0xF8, 0xC6, 0xE1, 0xF8, 0xC6, 0xE1, 0xF8, 0xC6, 0xE1, 0xF8, 0xC6, 0xE1, 0xF8, 0xC6, 0xE1, 0xF8, 0xC6, 0xE1, 0xF8, 0xC6, 0xE1, 0xF8, 0xC6, 0xE1, 0xF8, 0xC6, 0xE1, 0xF8, 
        0xC6, 0xE1, 0xF8, 0xC6, 0xE1, 0xF8, 0xC6, 0xE1, 0xF8, 0xC6, 0xE1, 0xF8, 0xC6, 0xE1, 0xF8, 0xC6, 0xE1, 0xF8, 0xC6, 0xE1, 0xF8, 0xC6, 0xE1, 0xF8, 0xC6, 0xE1, 0xF8, 0xC6, 0xE1, 0xF8, 0xC6, 0xE1, 0xF8, 0xC6, 0xE1, 0xF8, 0xC6, 0xE1, 0xF8, 
        0xC6, 0xE1, 0xF8, 0xC6, 0xE1, 0xF8, 0xC6, 0xE1, 0xF8, 0xC6, 0xE1, 0xF8, 0xC6, 0xE1, 0xF8, 0xC6, 0xE1, 0xF8, 0xC6, 0xE1, 0xF8, 0xC6, 0xE1, 0xF8, 0xC6, 0xE1, 0xF8, 0xC6, 0xE1, 0xF8, 0xC6, 0xE1, 0xF8, 0xC6, 0xE1, 0xF8, 0xC6, 0xE1, 0xF8, 
        0xC6, 0xE1, 0xF8, 0xC6, 0xE1, 0xF8, 0xC6, 0xE1, 0xF8, 0xC6, 0xE1, 0xF8, 0xC6, 0xE1, 0xF8, 0xC6, 0xE1, 0xF8, 0xC6, 0xE1, 0xF8, 0xC6, 0xE1, 0xF8, 0xC6, 0xE1, 0xF8, 0xC6, 0xE1, 0xF8, 0xC6, 0xE1, 0xF8, 0xC6, 0xE1, 0xF8, 0xC6, 0xE1, 0xF8, 
        0xC6, 0xE1, 0xF8, 0xC6, 0xE1, 0xF8, 0xC6, 0xE1, 0xF8, 0xC6, 0xE1, 0xF8, 0xC6, 0xE1, 0xF8, 0xC6, 0xE1, 0xF8, 0xC6, 0xE1, 0xF8, 0xC6, 0xE1, 0xF8, 0xC6, 0xE1, 0xF8, 0xC6, 0xE1, 0xF8, 0xC6, 0xE1, 0xF8, 0xC6, 0xE1, 0xF8, 0xC6, 0xE1, 0xF8, 
        0xC6, 0xE1, 0xF8, 0xC6, 0xE1, 0xF8, 0xC6, 0xE1, 0xF8, 0xC6, 0xE1, 0xF8, 0xC6, 0xE1, 0xF8, 0xC6, 0xE1, 0xF8, 0xC6, 0xE1, 0xF8, 0xC6, 0xE1, 0xF8, 0xC6, 0xE1, 0xF8, 0xC6, 0xE1, 0xF8, 0xC6, 0xE1, 0xF8, 0xC6, 0xE1, 0xF8, 0xC6, 0xE1, 0xF8, 
        0xC6, 0xE1, 0xF8, 0xC6, 0xE1, 0xF8, 0xC6, 0xE1, 0xF8, 0xC6, 0xE1, 0xF8, 0xC6, 0xE1, 0xF8, 0x7F, 0xB5, 0xEC, 0xD1, 0xE4, 0xF8, 0xFF, 0xFF, 0xFF, 0xFF, 0xFF, 0xFF, 0xFF, 0xFF, 0xFF,
  0xC6, 0xE1, 0xF8, 0xC6, 0xE1, 0xF8, 0xC6, 0xE1, 0xF8, 0xC6, 0xE1, 0xF8, 0xC6, 0xE1, 0xF8, 0xC6, 0xE1, 0xF8, 0xC6, 0xE1, 0xF8, 0xC6, 0xE1, 0xF8, 0xC6, 0xE1, 0xF8, 0xC6, 0xE1, 0xF8, 0xC6, 0xE1, 0xF8, 0xC6, 0xE1, 0xF8, 0xC6, 0xE1, 0xF8, 0xC6, 0xE1, 0xF8, 
        0xC6, 0xE1, 0xF8, 0xC6, 0xE1, 0xF8, 0xC6, 0xE1, 0xF8, 0xC6, 0xE1, 0xF8, 0xC6, 0xE1, 0xF8, 0xC6, 0xE1, 0xF8, 0xC6, 0xE1, 0xF8, 0xC6, 0xE1, 0xF8, 0xC6, 0xE1, 0xF8, 0xC6, 0xE1, 0xF8, 0xC6, 0xE1, 0xF8, 0xC6, 0xE1, 0xF8, 0xC6, 0xE1, 0xF8, 
        0xC6, 0xE1, 0xF8, 0xC6, 0xE1, 0xF8, 0xC6, 0xE1, 0xF8, 0xC6, 0xE1, 0xF8, 0xC6, 0xE1, 0xF8, 0xC6, 0xE1, 0xF8, 0xC6, 0xE1, 0xF8, 0xC6, 0xE1, 0xF8, 0xC6, 0xE1, 0xF8, 0xC6, 0xE1, 0xF8, 0xC6, 0xE1, 0xF8, 0xC6, 0xE1, 0xF8, 0xC6, 0xE1, 0xF8, 
        0xC6, 0xE1, 0xF8, 0xC6, 0xE1, 0xF8, 0xC6, 0xE1, 0xF8, 0xC6, 0xE1, 0xF8, 0xC6, 0xE1, 0xF8, 0xC6, 0xE1, 0xF8, 0xC6, 0xE1, 0xF8, 0xC6, 0xE1, 0xF8, 0xC6, 0xE1, 0xF8, 0xC6, 0xE1, 0xF8, 0xC6, 0xE1, 0xF8, 0xC6, 0xE1, 0xF8, 0xC6, 0xE1, 0xF8, 
        0xC6, 0xE1, 0xF8, 0xC6, 0xE1, 0xF8, 0xC6, 0xE1, 0xF8, 0xC6, 0xE1, 0xF8, 0xC6, 0xE1, 0xF8, 0xC6, 0xE1, 0xF8, 0xC6, 0xE1, 0xF8, 0xC6, 0xE1, 0xF8, 0xC6, 0xE1, 0xF8, 0xC6, 0xE1, 0xF8, 0xC6, 0xE1, 0xF8, 0xC6, 0xE1, 0xF8, 0xC6, 0xE1, 0xF8, 
        0xC6, 0xE1, 0xF8, 0xC6, 0xE1, 0xF8, 0xC6, 0xE1, 0xF8, 0xC6, 0xE1, 0xF8, 0xC6, 0xE1, 0xF8, 0xC6, 0xE1, 0xF8, 0xC6, 0xE1, 0xF8, 0xC6, 0xE1, 0xF8, 0xC6, 0xE1, 0xF8, 0xC6, 0xE1, 0xF8, 0xC6, 0xE1, 0xF8, 0xC6, 0xE1, 0xF8, 0xC6, 0xE1, 0xF8, 
        0xC6, 0xE1, 0xF8, 0xC6, 0xE1, 0xF8, 0xC6, 0xE1, 0xF8, 0xC6, 0xE1, 0xF8, 0xC6, 0xE1, 0xF8, 0xC6, 0xE1, 0xF8, 0xC6, 0xE1, 0xF8, 0xC6, 0xE1, 0xF8, 0xC6, 0xE1, 0xF8, 0xC6, 0xE1, 0xF8, 0xC6, 0xE1, 0xF8, 0xC6, 0xE1, 0xF8, 0xC6, 0xE1, 0xF8, 
        0xC6, 0xE1, 0xF8, 0xC6, 0xE1, 0xF8, 0xC6, 0xE1, 0xF8, 0xC6, 0xE1, 0xF8, 0xC6, 0xE1, 0xF8, 0xC6, 0xE1, 0xF8, 0xC6, 0xE1, 0xF8, 0xC6, 0xE1, 0xF8, 0xC6, 0xE1, 0xF8, 0xC6, 0xE1, 0xF8, 0xC6, 0xE1, 0xF8, 0xC6, 0xE1, 0xF8, 0xC6, 0xE1, 0xF8, 
        0xC6, 0xE1, 0xF8, 0xC6, 0xE1, 0xF8, 0xC6, 0xE1, 0xF8, 0xC6, 0xE1, 0xF8, 0xC6, 0xE1, 0xF8, 0xC6, 0xE1, 0xF8, 0xC6, 0xE1, 0xF8, 0xC6, 0xE1, 0xF8, 0xC6, 0xE1, 0xF8, 0xC6, 0xE1, 0xF8, 0xC6, 0xE1, 0xF8, 0xC6, 0xE1, 0xF8, 0xC6, 0xE1, 0xF8, 
        0xC6, 0xE1, 0xF8, 0xC6, 0xE1, 0xF8, 0xC6, 0xE1, 0xF8, 0xC6, 0xE1, 0xF8, 0xC6, 0xE1, 0xF8, 0xC6, 0xE1, 0xF8, 0xC6, 0xE1, 0xF8, 0xC6, 0xE1, 0xF8, 0xC6, 0xE1, 0xF8, 0xC6, 0xE1, 0xF8, 0xC6, 0xE1, 0xF8, 0xC6, 0xE1, 0xF8, 0xC6, 0xE1, 0xF8, 
        0xC6, 0xE1, 0xF8, 0xC6, 0xE1, 0xF8, 0xC6, 0xE1, 0xF8, 0xC6, 0xE1, 0xF8, 0xC6, 0xE1, 0xF8, 0xC6, 0xE1, 0xF8, 0xC6, 0xE1, 0xF8, 0xC6, 0xE1, 0xF8, 0xC6, 0xE1, 0xF8, 0xC6, 0xE1, 0xF8, 0xC6, 0xE1, 0xF8, 0xC6, 0xE1, 0xF8, 0xC6, 0xE1, 0xF8, 
        0xC6, 0xE1, 0xF8, 0xC6, 0xE1, 0xF8, 0xC6, 0xE1, 0xF8, 0xC6, 0xE1, 0xF8, 0xC6, 0xE1, 0xF8, 0xC6, 0xE1, 0xF8, 0xC6, 0xE1, 0xF8, 0xC6, 0xE1, 0xF8, 0xC6, 0xE1, 0xF8, 0xC6, 0xE1, 0xF8, 0xC6, 0xE1, 0xF8, 0xC6, 0xE1, 0xF8, 0xC6, 0xE1, 0xF8, 
        0xC6, 0xE1, 0xF8, 0xC6, 0xE1, 0xF8, 0xC6, 0xE1, 0xF8, 0xC6, 0xE1, 0xF8, 0xC6, 0xE1, 0xF8, 0xC6, 0xE1, 0xF8, 0xC6, 0xE1, 0xF8, 0xC6, 0xE1, 0xF8, 0xC6, 0xE1, 0xF8, 0xC6, 0xE1, 0xF8, 0xC6, 0xE1, 0xF8, 0xC6, 0xE1, 0xF8, 0xC6, 0xE1, 0xF8, 
        0xC6, 0xE1, 0xF8, 0xC6, 0xE1, 0xF8, 0xC6, 0xE1, 0xF8, 0xC6, 0xE1, 0xF8, 0xC6, 0xE1, 0xF8, 0xA8, 0xCF, 0xF3, 0x77, 0xAF, 0xEA, 0xFA, 0xFC, 0xFE, 0xFF, 0xFF, 0xFF, 0xFF, 0xFF, 0xFF,
  0xC6, 0xE1, 0xF8, 0xC6, 0xE1, 0xF8, 0xC6, 0xE1, 0xF8, 0xC6, 0xE1, 0xF8, 0xC6, 0xE1, 0xF8, 0xC6, 0xE1, 0xF8, 0xC6, 0xE1, 0xF8, 0xC6, 0xE1, 0xF8, 0xC6, 0xE1, 0xF8, 0xC6, 0xE1, 0xF8, 0xC6, 0xE1, 0xF8, 0xC6, 0xE1, 0xF8, 0xC6, 0xE1, 0xF8, 0xC6, 0xE1, 0xF8, 
        0xC6, 0xE1, 0xF8, 0xC6, 0xE1, 0xF8, 0xC6, 0xE1, 0xF8, 0xC6, 0xE1, 0xF8, 0xC6, 0xE1, 0xF8, 0xC6, 0xE1, 0xF8, 0xC6, 0xE1, 0xF8, 0xC6, 0xE1, 0xF8, 0xC6, 0xE1, 0xF8, 0xC6, 0xE1, 0xF8, 0xC6, 0xE1, 0xF8, 0xC6, 0xE1, 0xF8, 0xC6, 0xE1, 0xF8, 
        0xC6, 0xE1, 0xF8, 0xC6, 0xE1, 0xF8, 0xC6, 0xE1, 0xF8, 0xC6, 0xE1, 0xF8, 0xC6, 0xE1, 0xF8, 0xC6, 0xE1, 0xF8, 0xC6, 0xE1, 0xF8, 0xC6, 0xE1, 0xF8, 0xC6, 0xE1, 0xF8, 0xC6, 0xE1, 0xF8, 0xC6, 0xE1, 0xF8, 0xC6, 0xE1, 0xF8, 0xC6, 0xE1, 0xF8, 
        0xC6, 0xE1, 0xF8, 0xC6, 0xE1, 0xF8, 0xC6, 0xE1, 0xF8, 0xC6, 0xE1, 0xF8, 0xC6, 0xE1, 0xF8, 0xC6, 0xE1, 0xF8, 0xC6, 0xE1, 0xF8, 0xC6, 0xE1, 0xF8, 0xC6, 0xE1, 0xF8, 0xC6, 0xE1, 0xF8, 0xC6, 0xE1, 0xF8, 0xC6, 0xE1, 0xF8, 0xC6, 0xE1, 0xF8, 
        0xC6, 0xE1, 0xF8, 0xC6, 0xE1, 0xF8, 0xC6, 0xE1, 0xF8, 0xC6, 0xE1, 0xF8, 0xC6, 0xE1, 0xF8, 0xC6, 0xE1, 0xF8, 0xC6, 0xE1, 0xF8, 0xC6, 0xE1, 0xF8, 0xC6, 0xE1, 0xF8, 0xC6, 0xE1, 0xF8, 0xC6, 0xE1, 0xF8, 0xC6, 0xE1, 0xF8, 0xC6, 0xE1, 0xF8, 
        0xC6, 0xE1, 0xF8, 0xC6, 0xE1, 0xF8, 0xC6, 0xE1, 0xF8, 0xC6, 0xE1, 0xF8, 0xC6, 0xE1, 0xF8, 0xC6, 0xE1, 0xF8, 0xC6, 0xE1, 0xF8, 0xC6, 0xE1, 0xF8, 0xC6, 0xE1, 0xF8, 0xC6, 0xE1, 0xF8, 0xC6, 0xE1, 0xF8, 0xC6, 0xE1, 0xF8, 0xC6, 0xE1, 0xF8, 
        0xC6, 0xE1, 0xF8, 0xC6, 0xE1, 0xF8, 0xC6, 0xE1, 0xF8, 0xC6, 0xE1, 0xF8, 0xC6, 0xE1, 0xF8, 0xC6, 0xE1, 0xF8, 0xC6, 0xE1, 0xF8, 0xC6, 0xE1, 0xF8, 0xC6, 0xE1, 0xF8, 0xC6, 0xE1, 0xF8, 0xC6, 0xE1, 0xF8, 0xC6, 0xE1, 0xF8, 0xC6, 0xE1, 0xF8, 
        0xC6, 0xE1, 0xF8, 0xC6, 0xE1, 0xF8, 0xC6, 0xE1, 0xF8, 0xC6, 0xE1, 0xF8, 0xC6, 0xE1, 0xF8, 0xC6, 0xE1, 0xF8, 0xC6, 0xE1, 0xF8, 0xC6, 0xE1, 0xF8, 0xC6, 0xE1, 0xF8, 0xC6, 0xE1, 0xF8, 0xC6, 0xE1, 0xF8, 0xC6, 0xE1, 0xF8, 0xC6, 0xE1, 0xF8, 
        0xC6, 0xE1, 0xF8, 0xC6, 0xE1, 0xF8, 0xC6, 0xE1, 0xF8, 0xC6, 0xE1, 0xF8, 0xC6, 0xE1, 0xF8, 0xC6, 0xE1, 0xF8, 0xC6, 0xE1, 0xF8, 0xC6, 0xE1, 0xF8, 0xC6, 0xE1, 0xF8, 0xC6, 0xE1, 0xF8, 0xC6, 0xE1, 0xF8, 0xC6, 0xE1, 0xF8, 0xC6, 0xE1, 0xF8, 
        0xC6, 0xE1, 0xF8, 0xC6, 0xE1, 0xF8, 0xC6, 0xE1, 0xF8, 0xC6, 0xE1, 0xF8, 0xC6, 0xE1, 0xF8, 0xC6, 0xE1, 0xF8, 0xC6, 0xE1, 0xF8, 0xC6, 0xE1, 0xF8, 0xC6, 0xE1, 0xF8, 0xC6, 0xE1, 0xF8, 0xC6, 0xE1, 0xF8, 0xC6, 0xE1, 0xF8, 0xC6, 0xE1, 0xF8, 
        0xC6, 0xE1, 0xF8, 0xC6, 0xE1, 0xF8, 0xC6, 0xE1, 0xF8, 0xC6, 0xE1, 0xF8, 0xC6, 0xE1, 0xF8, 0xC6, 0xE1, 0xF8, 0xC6, 0xE1, 0xF8, 0xC6, 0xE1, 0xF8, 0xC6, 0xE1, 0xF8, 0xC6, 0xE1, 0xF8, 0xC6, 0xE1, 0xF8, 0xC6, 0xE1, 0xF8, 0xC6, 0xE1, 0xF8, 
        0xC6, 0xE1, 0xF8, 0xC6, 0xE1, 0xF8, 0xC6, 0xE1, 0xF8, 0xC6, 0xE1, 0xF8, 0xC6, 0xE1, 0xF8, 0xC6, 0xE1, 0xF8, 0xC6, 0xE1, 0xF8, 0xC6, 0xE1, 0xF8, 0xC6, 0xE1, 0xF8, 0xC6, 0xE1, 0xF8, 0xC6, 0xE1, 0xF8, 0xC6, 0xE1, 0xF8, 0xC6, 0xE1, 0xF8, 
        0xC6, 0xE1, 0xF8, 0xC6, 0xE1, 0xF8, 0xC6, 0xE1, 0xF8, 0xC6, 0xE1, 0xF8, 0xC6, 0xE1, 0xF8, 0xC6, 0xE1, 0xF8, 0xC6, 0xE1, 0xF8, 0xC6, 0xE1, 0xF8, 0xC6, 0xE1, 0xF8, 0xC6, 0xE1, 0xF8, 0xC6, 0xE1, 0xF8, 0xC6, 0xE1, 0xF8, 0xC6, 0xE1, 0xF8, 
        0xC6, 0xE1, 0xF8, 0xC6, 0xE1, 0xF8, 0xC6, 0xE1, 0xF8, 0xC6, 0xE1, 0xF8, 0xC6, 0xE1, 0xF8, 0xC6, 0xE1, 0xF8, 0x8E, 0xBE, 0xEF, 0xB9, 0xD6, 0xF4, 0xFF, 0xFF, 0xFF, 0xFF, 0xFF, 0xFF,
  0xC6, 0xE1, 0xF8, 0xC6, 0xE1, 0xF8, 0xC6, 0xE1, 0xF8, 0xC6, 0xE1, 0xF8, 0xC6, 0xE1, 0xF8, 0xC6, 0xE1, 0xF8, 0xC6, 0xE1, 0xF8, 0xC6, 0xE1, 0xF8, 0xC6, 0xE1, 0xF8, 0xC6, 0xE1, 0xF8, 0xC6, 0xE1, 0xF8, 0xC6, 0xE1, 0xF8, 0xC6, 0xE1, 0xF8, 0xC6, 0xE1, 0xF8, 
        0xC6, 0xE1, 0xF8, 0xC6, 0xE1, 0xF8, 0xC6, 0xE1, 0xF8, 0xC6, 0xE1, 0xF8, 0xC6, 0xE1, 0xF8, 0xC6, 0xE1, 0xF8, 0xC6, 0xE1, 0xF8, 0xC6, 0xE1, 0xF8, 0xC6, 0xE1, 0xF8, 0xC6, 0xE1, 0xF8, 0xC6, 0xE1, 0xF8, 0xC6, 0xE1, 0xF8, 0xC6, 0xE1, 0xF8, 
        0xC6, 0xE1, 0xF8, 0xC6, 0xE1, 0xF8, 0xC6, 0xE1, 0xF8, 0xC6, 0xE1, 0xF8, 0xC6, 0xE1, 0xF8, 0xC6, 0xE1, 0xF8, 0xC6, 0xE1, 0xF8, 0xC6, 0xE1, 0xF8, 0xC6, 0xE1, 0xF8, 0xC6, 0xE1, 0xF8, 0xC6, 0xE1, 0xF8, 0xC6, 0xE1, 0xF8, 0xC6, 0xE1, 0xF8, 
        0xC6, 0xE1, 0xF8, 0xC6, 0xE1, 0xF8, 0xC6, 0xE1, 0xF8, 0xC6, 0xE1, 0xF8, 0xC6, 0xE1, 0xF8, 0xC6, 0xE1, 0xF8, 0xC6, 0xE1, 0xF8, 0xC6, 0xE1, 0xF8, 0xC6, 0xE1, 0xF8, 0xC6, 0xE1, 0xF8, 0xC6, 0xE1, 0xF8, 0xC6, 0xE1, 0xF8, 0xC6, 0xE1, 0xF8, 
        0xC6, 0xE1, 0xF8, 0xC6, 0xE1, 0xF8, 0xC6, 0xE1, 0xF8, 0xC6, 0xE1, 0xF8, 0xC6, 0xE1, 0xF8, 0xC6, 0xE1, 0xF8, 0xC6, 0xE1, 0xF8, 0xC6, 0xE1, 0xF8, 0xC6, 0xE1, 0xF8, 0xC6, 0xE1, 0xF8, 0xC6, 0xE1, 0xF8, 0xC6, 0xE1, 0xF8, 0xC6, 0xE1, 0xF8, 
        0xC6, 0xE1, 0xF8, 0xC6, 0xE1, 0xF8, 0xC6, 0xE1, 0xF8, 0xC6, 0xE1, 0xF8, 0xC6, 0xE1, 0xF8, 0xC6, 0xE1, 0xF8, 0xC6, 0xE1, 0xF8, 0xC6, 0xE1, 0xF8, 0xC6, 0xE1, 0xF8, 0xC6, 0xE1, 0xF8, 0xC6, 0xE1, 0xF8, 0xC6, 0xE1, 0xF8, 0xC6, 0xE1, 0xF8, 
        0xC6, 0xE1, 0xF8, 0xC6, 0xE1, 0xF8, 0xC6, 0xE1, 0xF8, 0xC6, 0xE1, 0xF8, 0xC6, 0xE1, 0xF8, 0xC6, 0xE1, 0xF8, 0xC6, 0xE1, 0xF8, 0xC6, 0xE1, 0xF8, 0xC6, 0xE1, 0xF8, 0xC6, 0xE1, 0xF8, 0xC6, 0xE1, 0xF8, 0xC6, 0xE1, 0xF8, 0xC6, 0xE1, 0xF8, 
        0xC6, 0xE1, 0xF8, 0xC6, 0xE1, 0xF8, 0xC6, 0xE1, 0xF8, 0xC6, 0xE1, 0xF8, 0xC6, 0xE1, 0xF8, 0xC6, 0xE1, 0xF8, 0xC6, 0xE1, 0xF8, 0xC6, 0xE1, 0xF8, 0xC6, 0xE1, 0xF8, 0xC6, 0xE1, 0xF8, 0xC6, 0xE1, 0xF8, 0xC6, 0xE1, 0xF8, 0xC6, 0xE1, 0xF8, 
        0xC6, 0xE1, 0xF8, 0xC6, 0xE1, 0xF8, 0xC6, 0xE1, 0xF8, 0xC6, 0xE1, 0xF8, 0xC6, 0xE1, 0xF8, 0xC6, 0xE1, 0xF8, 0xC6, 0xE1, 0xF8, 0xC6, 0xE1, 0xF8, 0xC6, 0xE1, 0xF8, 0xC6, 0xE1, 0xF8, 0xC6, 0xE1, 0xF8, 0xC6, 0xE1, 0xF8, 0xC6, 0xE1, 0xF8, 
        0xC6, 0xE1, 0xF8, 0xC6, 0xE1, 0xF8, 0xC6, 0xE1, 0xF8, 0xC6, 0xE1, 0xF8, 0xC6, 0xE1, 0xF8, 0xC6, 0xE1, 0xF8, 0xC6, 0xE1, 0xF8, 0xC6, 0xE1, 0xF8, 0xC6, 0xE1, 0xF8, 0xC6, 0xE1, 0xF8, 0xC6, 0xE1, 0xF8, 0xC6, 0xE1, 0xF8, 0xC6, 0xE1, 0xF8, 
        0xC6, 0xE1, 0xF8, 0xC6, 0xE1, 0xF8, 0xC6, 0xE1, 0xF8, 0xC6, 0xE1, 0xF8, 0xC6, 0xE1, 0xF8, 0xC6, 0xE1, 0xF8, 0xC6, 0xE1, 0xF8, 0xC6, 0xE1, 0xF8, 0xC6, 0xE1, 0xF8, 0xC6, 0xE1, 0xF8, 0xC6, 0xE1, 0xF8, 0xC6, 0xE1, 0xF8, 0xC6, 0xE1, 0xF8, 
        0xC6, 0xE1, 0xF8, 0xC6, 0xE1, 0xF8, 0xC6, 0xE1, 0xF8, 0xC6, 0xE1, 0xF8, 0xC6, 0xE1, 0xF8, 0xC6, 0xE1, 0xF8, 0xC6, 0xE1, 0xF8, 0xC6, 0xE1, 0xF8, 0xC6, 0xE1, 0xF8, 0xC6, 0xE1, 0xF8, 0xC6, 0xE1, 0xF8, 0xC6, 0xE1, 0xF8, 0xC6, 0xE1, 0xF8, 
        0xC6, 0xE1, 0xF8, 0xC6, 0xE1, 0xF8, 0xC6, 0xE1, 0xF8, 0xC6, 0xE1, 0xF8, 0xC6, 0xE1, 0xF8, 0xC6, 0xE1, 0xF8, 0xC6, 0xE1, 0xF8, 0xC6, 0xE1, 0xF8, 0xC6, 0xE1, 0xF8, 0xC6, 0xE1, 0xF8, 0xC6, 0xE1, 0xF8, 0xC6, 0xE1, 0xF8, 0xC6, 0xE1, 0xF8, 
        0xC6, 0xE1, 0xF8, 0xC6, 0xE1, 0xF8, 0xC6, 0xE1, 0xF8, 0xC6, 0xE1, 0xF8, 0xC6, 0xE1, 0xF8, 0xC6, 0xE1, 0xF8, 0xB7, 0xD8, 0xF6, 0x71, 0xAC, 0xE9, 0xFA, 0xFC, 0xFE, 0xFF, 0xFF, 0xFF,
  0xC6, 0xE1, 0xF8, 0xC6, 0xE1, 0xF8, 0xC6, 0xE1, 0xF8, 0xC6, 0xE1, 0xF8, 0xC6, 0xE1, 0xF8, 0xC6, 0xE1, 0xF8, 0xC6, 0xE1, 0xF8, 0xC6, 0xE1, 0xF8, 0xC6, 0xE1, 0xF8, 0xC6, 0xE1, 0xF8, 0xC6, 0xE1, 0xF8, 0xC6, 0xE1, 0xF8, 0xC6, 0xE1, 0xF8, 0xC6, 0xE1, 0xF8, 
        0xC6, 0xE1, 0xF8, 0xC6, 0xE1, 0xF8, 0xC6, 0xE1, 0xF8, 0xC6, 0xE1, 0xF8, 0xC6, 0xE1, 0xF8, 0xC6, 0xE1, 0xF8, 0xC6, 0xE1, 0xF8, 0xC6, 0xE1, 0xF8, 0xC6, 0xE1, 0xF8, 0xC6, 0xE1, 0xF8, 0xC6, 0xE1, 0xF8, 0xC6, 0xE1, 0xF8, 0xC6, 0xE1, 0xF8, 
        0xC6, 0xE1, 0xF8, 0xC6, 0xE1, 0xF8, 0xC6, 0xE1, 0xF8, 0xC6, 0xE1, 0xF8, 0xC6, 0xE1, 0xF8, 0xC6, 0xE1, 0xF8, 0xC6, 0xE1, 0xF8, 0xC6, 0xE1, 0xF8, 0xC6, 0xE1, 0xF8, 0xC6, 0xE1, 0xF8, 0xC6, 0xE1, 0xF8, 0xC6, 0xE1, 0xF8, 0xC6, 0xE1, 0xF8, 
        0xC6, 0xE1, 0xF8, 0xC6, 0xE1, 0xF8, 0xC6, 0xE1, 0xF8, 0xC6, 0xE1, 0xF8, 0xC6, 0xE1, 0xF8, 0xC6, 0xE1, 0xF8, 0xC6, 0xE1, 0xF8, 0xC6, 0xE1, 0xF8, 0xC6, 0xE1, 0xF8, 0xC6, 0xE1, 0xF8, 0xC6, 0xE1, 0xF8, 0xC6, 0xE1, 0xF8, 0xC6, 0xE1, 0xF8, 
        0xC6, 0xE1, 0xF8, 0xC6, 0xE1, 0xF8, 0xC6, 0xE1, 0xF8, 0xC6, 0xE1, 0xF8, 0xC6, 0xE1, 0xF8, 0xC6, 0xE1, 0xF8, 0xC6, 0xE1, 0xF8, 0xC6, 0xE1, 0xF8, 0xC6, 0xE1, 0xF8, 0xC6, 0xE1, 0xF8, 0xC6, 0xE1, 0xF8, 0xC6, 0xE1, 0xF8, 0xC6, 0xE1, 0xF8, 
        0xC6, 0xE1, 0xF8, 0xC6, 0xE1, 0xF8, 0xC6, 0xE1, 0xF8, 0xC6, 0xE1, 0xF8, 0xC6, 0xE1, 0xF8, 0xC6, 0xE1, 0xF8, 0xC6, 0xE1, 0xF8, 0xC6, 0xE1, 0xF8, 0xC6, 0xE1, 0xF8, 0xC6, 0xE1, 0xF8, 0xC6, 0xE1, 0xF8, 0xC6, 0xE1, 0xF8, 0xC6, 0xE1, 0xF8, 
        0xC6, 0xE1, 0xF8, 0xC6, 0xE1, 0xF8, 0xC6, 0xE1, 0xF8, 0xC6, 0xE1, 0xF8, 0xC6, 0xE1, 0xF8, 0xC6, 0xE1, 0xF8, 0xC6, 0xE1, 0xF8, 0xC6, 0xE1, 0xF8, 0xC6, 0xE1, 0xF8, 0xC6, 0xE1, 0xF8, 0xC6, 0xE1, 0xF8, 0xC6, 0xE1, 0xF8, 0xC6, 0xE1, 0xF8, 
        0xC6, 0xE1, 0xF8, 0xC6, 0xE1, 0xF8, 0xC6, 0xE1, 0xF8, 0xC6, 0xE1, 0xF8, 0xC6, 0xE1, 0xF8, 0xC6, 0xE1, 0xF8, 0xC6, 0xE1, 0xF8, 0xC6, 0xE1, 0xF8, 0xC6, 0xE1, 0xF8, 0xC6, 0xE1, 0xF8, 0xC6, 0xE1, 0xF8, 0xC6, 0xE1, 0xF8, 0xC6, 0xE1, 0xF8, 
        0xC6, 0xE1, 0xF8, 0xC6, 0xE1, 0xF8, 0xC6, 0xE1, 0xF8, 0xC6, 0xE1, 0xF8, 0xC6, 0xE1, 0xF8, 0xC6, 0xE1, 0xF8, 0xC6, 0xE1, 0xF8, 0xC6, 0xE1, 0xF8, 0xC6, 0xE1, 0xF8, 0xC6, 0xE1, 0xF8, 0xC6, 0xE1, 0xF8, 0xC6, 0xE1, 0xF8, 0xC6, 0xE1, 0xF8, 
        0xC6, 0xE1, 0xF8, 0xC6, 0xE1, 0xF8, 0xC6, 0xE1, 0xF8, 0xC6, 0xE1, 0xF8, 0xC6, 0xE1, 0xF8, 0xC6, 0xE1, 0xF8, 0xC6, 0xE1, 0xF8, 0xC6, 0xE1, 0xF8, 0xC6, 0xE1, 0xF8, 0xC6, 0xE1, 0xF8, 0xC6, 0xE1, 0xF8, 0xC6, 0xE1, 0xF8, 0xC6, 0xE1, 0xF8, 
        0xC6, 0xE1, 0xF8, 0xC6, 0xE1, 0xF8, 0xC6, 0xE1, 0xF8, 0xC6, 0xE1, 0xF8, 0xC6, 0xE1, 0xF8, 0xC6, 0xE1, 0xF8, 0xC6, 0xE1, 0xF8, 0xC6, 0xE1, 0xF8, 0xC6, 0xE1, 0xF8, 0xC6, 0xE1, 0xF8, 0xC6, 0xE1, 0xF8, 0xC6, 0xE1, 0xF8, 0xC6, 0xE1, 0xF8, 
        0xC6, 0xE1, 0xF8, 0xC6, 0xE1, 0xF8, 0xC6, 0xE1, 0xF8, 0xC6, 0xE1, 0xF8, 0xC6, 0xE1, 0xF8, 0xC6, 0xE1, 0xF8, 0xC6, 0xE1, 0xF8, 0xC6, 0xE1, 0xF8, 0xC6, 0xE1, 0xF8, 0xC6, 0xE1, 0xF8, 0xC6, 0xE1, 0xF8, 0xC6, 0xE1, 0xF8, 0xC6, 0xE1, 0xF8, 
        0xC6, 0xE1, 0xF8, 0xC6, 0xE1, 0xF8, 0xC6, 0xE1, 0xF8, 0xC6, 0xE1, 0xF8, 0xC6, 0xE1, 0xF8, 0xC6, 0xE1, 0xF8, 0xC6, 0xE1, 0xF8, 0xC6, 0xE1, 0xF8, 0xC6, 0xE1, 0xF8, 0xC6, 0xE1, 0xF8, 0xC6, 0xE1, 0xF8, 0xC6, 0xE1, 0xF8, 0xC6, 0xE1, 0xF8, 
        0xC6, 0xE1, 0xF8, 0xC6, 0xE1, 0xF8, 0xC6, 0xE1, 0xF8, 0xC6, 0xE1, 0xF8, 0xC6, 0xE1, 0xF8, 0xC6, 0xE1, 0xF8, 0xC6, 0xE1, 0xF8, 0x86, 0xB9, 0xED, 0xC7, 0xDE, 0xF6, 0xFF, 0xFF, 0xFF,
  0xC6, 0xE1, 0xF8, 0xC6, 0xE1, 0xF8, 0xC6, 0xE1, 0xF8, 0xC6, 0xE1, 0xF8, 0xC6, 0xE1, 0xF8, 0xC6, 0xE1, 0xF8, 0xC6, 0xE1, 0xF8, 0xC6, 0xE1, 0xF8, 0xC6, 0xE1, 0xF8, 0xC6, 0xE1, 0xF8, 0xC6, 0xE1, 0xF8, 0xC6, 0xE1, 0xF8, 0xC6, 0xE1, 0xF8, 0xC6, 0xE1, 0xF8, 
        0xC6, 0xE1, 0xF8, 0xC6, 0xE1, 0xF8, 0xC6, 0xE1, 0xF8, 0xC6, 0xE1, 0xF8, 0xC6, 0xE1, 0xF8, 0xC6, 0xE1, 0xF8, 0xC6, 0xE1, 0xF8, 0xC6, 0xE1, 0xF8, 0xC6, 0xE1, 0xF8, 0xC6, 0xE1, 0xF8, 0xC6, 0xE1, 0xF8, 0xC6, 0xE1, 0xF8, 0xC6, 0xE1, 0xF8, 
        0xC6, 0xE1, 0xF8, 0xC6, 0xE1, 0xF8, 0xC6, 0xE1, 0xF8, 0xC6, 0xE1, 0xF8, 0xC6, 0xE1, 0xF8, 0xC6, 0xE1, 0xF8, 0xC6, 0xE1, 0xF8, 0xC6, 0xE1, 0xF8, 0xC6, 0xE1, 0xF8, 0xC6, 0xE1, 0xF8, 0xC6, 0xE1, 0xF8, 0xC6, 0xE1, 0xF8, 0xC6, 0xE1, 0xF8, 
        0xC6, 0xE1, 0xF8, 0xC6, 0xE1, 0xF8, 0xC6, 0xE1, 0xF8, 0xC6, 0xE1, 0xF8, 0xC6, 0xE1, 0xF8, 0xC6, 0xE1, 0xF8, 0xC6, 0xE1, 0xF8, 0xC6, 0xE1, 0xF8, 0xC6, 0xE1, 0xF8, 0xC6, 0xE1, 0xF8, 0xC6, 0xE1, 0xF8, 0xC6, 0xE1, 0xF8, 0xC6, 0xE1, 0xF8, 
        0xC6, 0xE1, 0xF8, 0xC6, 0xE1, 0xF8, 0xC6, 0xE1, 0xF8, 0xC6, 0xE1, 0xF8, 0xC6, 0xE1, 0xF8, 0xC6, 0xE1, 0xF8, 0xC6, 0xE1, 0xF8, 0xC6, 0xE1, 0xF8, 0xC6, 0xE1, 0xF8, 0xC6, 0xE1, 0xF8, 0xC6, 0xE1, 0xF8, 0xC6, 0xE1, 0xF8, 0xC6, 0xE1, 0xF8, 
        0xC6, 0xE1, 0xF8, 0xC6, 0xE1, 0xF8, 0xC6, 0xE1, 0xF8, 0xC6, 0xE1, 0xF8, 0xC6, 0xE1, 0xF8, 0xC6, 0xE1, 0xF8, 0xC6, 0xE1, 0xF8, 0xC6, 0xE1, 0xF8, 0xC6, 0xE1, 0xF8, 0xC6, 0xE1, 0xF8, 0xC6, 0xE1, 0xF8, 0xC6, 0xE1, 0xF8, 0xC6, 0xE1, 0xF8, 
        0xC6, 0xE1, 0xF8, 0xC6, 0xE1, 0xF8, 0xC6, 0xE1, 0xF8, 0xC6, 0xE1, 0xF8, 0xC6, 0xE1, 0xF8, 0xC6, 0xE1, 0xF8, 0xC6, 0xE1, 0xF8, 0xC6, 0xE1, 0xF8, 0xC6, 0xE1, 0xF8, 0xC6, 0xE1, 0xF8, 0xC6, 0xE1, 0xF8, 0xC6, 0xE1, 0xF8, 0xC6, 0xE1, 0xF8, 
        0xC6, 0xE1, 0xF8, 0xC6, 0xE1, 0xF8, 0xC6, 0xE1, 0xF8, 0xC6, 0xE1, 0xF8, 0xC6, 0xE1, 0xF8, 0xC6, 0xE1, 0xF8, 0xC6, 0xE1, 0xF8, 0xC6, 0xE1, 0xF8, 0xC6, 0xE1, 0xF8, 0xC6, 0xE1, 0xF8, 0xC6, 0xE1, 0xF8, 0xC6, 0xE1, 0xF8, 0xC6, 0xE1, 0xF8, 
        0xC6, 0xE1, 0xF8, 0xC6, 0xE1, 0xF8, 0xC6, 0xE1, 0xF8, 0xC6, 0xE1, 0xF8, 0xC6, 0xE1, 0xF8, 0xC6, 0xE1, 0xF8, 0xC6, 0xE1, 0xF8, 0xC6, 0xE1, 0xF8, 0xC6, 0xE1, 0xF8, 0xC6, 0xE1, 0xF8, 0xC6, 0xE1, 0xF8, 0xC6, 0xE1, 0xF8, 0xC6, 0xE1, 0xF8, 
        0xC6, 0xE1, 0xF8, 0xC6, 0xE1, 0xF8, 0xC6, 0xE1, 0xF8, 0xC6, 0xE1, 0xF8, 0xC6, 0xE1, 0xF8, 0xC6, 0xE1, 0xF8, 0xC6, 0xE1, 0xF8, 0xC6, 0xE1, 0xF8, 0xC6, 0xE1, 0xF8, 0xC6, 0xE1, 0xF8, 0xC6, 0xE1, 0xF8, 0xC6, 0xE1, 0xF8, 0xC6, 0xE1, 0xF8, 
        0xC6, 0xE1, 0xF8, 0xC6, 0xE1, 0xF8, 0xC6, 0xE1, 0xF8, 0xC6, 0xE1, 0xF8, 0xC6, 0xE1, 0xF8, 0xC6, 0xE1, 0xF8, 0xC6, 0xE1, 0xF8, 0xC6, 0xE1, 0xF8, 0xC6, 0xE1, 0xF8, 0xC6, 0xE1, 0xF8, 0xC6, 0xE1, 0xF8, 0xC6, 0xE1, 0xF8, 0xC6, 0xE1, 0xF8, 
        0xC6, 0xE1, 0xF8, 0xC6, 0xE1, 0xF8, 0xC6, 0xE1, 0xF8, 0xC6, 0xE1, 0xF8, 0xC6, 0xE1, 0xF8, 0xC6, 0xE1, 0xF8, 0xC6, 0xE1, 0xF8, 0xC6, 0xE1, 0xF8, 0xC6, 0xE1, 0xF8, 0xC6, 0xE1, 0xF8, 0xC6, 0xE1, 0xF8, 0xC6, 0xE1, 0xF8, 0xC6, 0xE1, 0xF8, 
        0xC6, 0xE1, 0xF8, 0xC6, 0xE1, 0xF8, 0xC6, 0xE1, 0xF8, 0xC6, 0xE1, 0xF8, 0xC6, 0xE1, 0xF8, 0xC6, 0xE1, 0xF8, 0xC6, 0xE1, 0xF8, 0xC6, 0xE1, 0xF8, 0xC6, 0xE1, 0xF8, 0xC6, 0xE1, 0xF8, 0xC6, 0xE1, 0xF8, 0xC6, 0xE1, 0xF8, 0xC6, 0xE1, 0xF8, 
        0xC6, 0xE1, 0xF8, 0xC6, 0xE1, 0xF8, 0xC6, 0xE1, 0xF8, 0xC6, 0xE1, 0xF8, 0xC6, 0xE1, 0xF8, 0xC6, 0xE1, 0xF8, 0xC6, 0xE1, 0xF8, 0xAA, 0xD0, 0xF3, 0x8E, 0xBD, 0xEE, 0xFF, 0xFF, 0xFF,
  0xC6, 0xE1, 0xF8, 0xC6, 0xE1, 0xF8, 0xC6, 0xE1, 0xF8, 0xC6, 0xE1, 0xF8, 0xC6, 0xE1, 0xF8, 0xC6, 0xE1, 0xF8, 0xC6, 0xE1, 0xF8, 0xC6, 0xE1, 0xF8, 0xC6, 0xE1, 0xF8, 0xC6, 0xE1, 0xF8, 0xC6, 0xE1, 0xF8, 0xC6, 0xE1, 0xF8, 0xC6, 0xE1, 0xF8, 0xC6, 0xE1, 0xF8, 
        0xC6, 0xE1, 0xF8, 0xC6, 0xE1, 0xF8, 0xC6, 0xE1, 0xF8, 0xC6, 0xE1, 0xF8, 0xC6, 0xE1, 0xF8, 0xC6, 0xE1, 0xF8, 0xC6, 0xE1, 0xF8, 0xC6, 0xE1, 0xF8, 0xC6, 0xE1, 0xF8, 0xC6, 0xE1, 0xF8, 0xC6, 0xE1, 0xF8, 0xC6, 0xE1, 0xF8, 0xC6, 0xE1, 0xF8, 
        0xC6, 0xE1, 0xF8, 0xC6, 0xE1, 0xF8, 0xC6, 0xE1, 0xF8, 0xC6, 0xE1, 0xF8, 0xC6, 0xE1, 0xF8, 0xC6, 0xE1, 0xF8, 0xC6, 0xE1, 0xF8, 0xC6, 0xE1, 0xF8, 0xC6, 0xE1, 0xF8, 0xC6, 0xE1, 0xF8, 0xC6, 0xE1, 0xF8, 0xC6, 0xE1, 0xF8, 0xC6, 0xE1, 0xF8, 
        0xC6, 0xE1, 0xF8, 0xC6, 0xE1, 0xF8, 0xC6, 0xE1, 0xF8, 0xC6, 0xE1, 0xF8, 0xC6, 0xE1, 0xF8, 0xC6, 0xE1, 0xF8, 0xC6, 0xE1, 0xF8, 0xC6, 0xE1, 0xF8, 0xC6, 0xE1, 0xF8, 0xC6, 0xE1, 0xF8, 0xC6, 0xE1, 0xF8, 0xC6, 0xE1, 0xF8, 0xC6, 0xE1, 0xF8, 
        0xC6, 0xE1, 0xF8, 0xC6, 0xE1, 0xF8, 0xC6, 0xE1, 0xF8, 0xC6, 0xE1, 0xF8, 0xC6, 0xE1, 0xF8, 0xC6, 0xE1, 0xF8, 0xC6, 0xE1, 0xF8, 0xC6, 0xE1, 0xF8, 0xC6, 0xE1, 0xF8, 0xC6, 0xE1, 0xF8, 0xC6, 0xE1, 0xF8, 0xC6, 0xE1, 0xF8, 0xC6, 0xE1, 0xF8, 
        0xC6, 0xE1, 0xF8, 0xC6, 0xE1, 0xF8, 0xC6, 0xE1, 0xF8, 0xC6, 0xE1, 0xF8, 0xC6, 0xE1, 0xF8, 0xC6, 0xE1, 0xF8, 0xC6, 0xE1, 0xF8, 0xC6, 0xE1, 0xF8, 0xC6, 0xE1, 0xF8, 0xC6, 0xE1, 0xF8, 0xC6, 0xE1, 0xF8, 0xC6, 0xE1, 0xF8, 0xC6, 0xE1, 0xF8, 
        0xC6, 0xE1, 0xF8, 0xC6, 0xE1, 0xF8, 0xC6, 0xE1, 0xF8, 0xC6, 0xE1, 0xF8, 0xC6, 0xE1, 0xF8, 0xC6, 0xE1, 0xF8, 0xC6, 0xE1, 0xF8, 0xC6, 0xE1, 0xF8, 0xC6, 0xE1, 0xF8, 0xC6, 0xE1, 0xF8, 0xC6, 0xE1, 0xF8, 0xC6, 0xE1, 0xF8, 0xC6, 0xE1, 0xF8, 
        0xC6, 0xE1, 0xF8, 0xC6, 0xE1, 0xF8, 0xC6, 0xE1, 0xF8, 0xC6, 0xE1, 0xF8, 0xC6, 0xE1, 0xF8, 0xC6, 0xE1, 0xF8, 0xC6, 0xE1, 0xF8, 0xC6, 0xE1, 0xF8, 0xC6, 0xE1, 0xF8, 0xC6, 0xE1, 0xF8, 0xC6, 0xE1, 0xF8, 0xC6, 0xE1, 0xF8, 0xC6, 0xE1, 0xF8, 
        0xC6, 0xE1, 0xF8, 0xC6, 0xE1, 0xF8, 0xC6, 0xE1, 0xF8, 0xC6, 0xE1, 0xF8, 0xC6, 0xE1, 0xF8, 0xC6, 0xE1, 0xF8, 0xC6, 0xE1, 0xF8, 0xC6, 0xE1, 0xF8, 0xC6, 0xE1, 0xF8, 0xC6, 0xE1, 0xF8, 0xC6, 0xE1, 0xF8, 0xC6, 0xE1, 0xF8, 0xC6, 0xE1, 0xF8, 
        0xC6, 0xE1, 0xF8, 0xC6, 0xE1, 0xF8, 0xC6, 0xE1, 0xF8, 0xC6, 0xE1, 0xF8, 0xC6, 0xE1, 0xF8, 0xC6, 0xE1, 0xF8, 0xC6, 0xE1, 0xF8, 0xC6, 0xE1, 0xF8, 0xC6, 0xE1, 0xF8, 0xC6, 0xE1, 0xF8, 0xC6, 0xE1, 0xF8, 0xC6, 0xE1, 0xF8, 0xC6, 0xE1, 0xF8, 
        0xC6, 0xE1, 0xF8, 0xC6, 0xE1, 0xF8, 0xC6, 0xE1, 0xF8, 0xC6, 0xE1, 0xF8, 0xC6, 0xE1, 0xF8, 0xC6, 0xE1, 0xF8, 0xC6, 0xE1, 0xF8, 0xC6, 0xE1, 0xF8, 0xC6, 0xE1, 0xF8, 0xC6, 0xE1, 0xF8, 0xC6, 0xE1, 0xF8, 0xC6, 0xE1, 0xF8, 0xC6, 0xE1, 0xF8, 
        0xC6, 0xE1, 0xF8, 0xC6, 0xE1, 0xF8, 0xC6, 0xE1, 0xF8, 0xC6, 0xE1, 0xF8, 0xC6, 0xE1, 0xF8, 0xC6, 0xE1, 0xF8, 0xC6, 0xE1, 0xF8, 0xC6, 0xE1, 0xF8, 0xC6, 0xE1, 0xF8, 0xC6, 0xE1, 0xF8, 0xC6, 0xE1, 0xF8, 0xC6, 0xE1, 0xF8, 0xC6, 0xE1, 0xF8, 
        0xC6, 0xE1, 0xF8, 0xC6, 0xE1, 0xF8, 0xC6, 0xE1, 0xF8, 0xC6, 0xE1, 0xF8, 0xC6, 0xE1, 0xF8, 0xC6, 0xE1, 0xF8, 0xC6, 0xE1, 0xF8, 0xC6, 0xE1, 0xF8, 0xC6, 0xE1, 0xF8, 0xC6, 0xE1, 0xF8, 0xC6, 0xE1, 0xF8, 0xC6, 0xE1, 0xF8, 0xC6, 0xE1, 0xF8, 
        0xC6, 0xE1, 0xF8, 0xC6, 0xE1, 0xF8, 0xC6, 0xE1, 0xF8, 0xC6, 0xE1, 0xF8, 0xC6, 0xE1, 0xF8, 0xC6, 0xE1, 0xF8, 0xC6, 0xE1, 0xF8, 0xC5, 0xE0, 0xF8, 0x64, 0xA4, 0xE7, 0xF5, 0xF9, 0xFD,
  0xC6, 0xE1, 0xF8, 0xC6, 0xE1, 0xF8, 0xC6, 0xE1, 0xF8, 0xC6, 0xE1, 0xF8, 0xC6, 0xE1, 0xF8, 0xC6, 0xE1, 0xF8, 0xC6, 0xE1, 0xF8, 0xC6, 0xE1, 0xF8, 0xC6, 0xE1, 0xF8, 0xC6, 0xE1, 0xF8, 0xC6, 0xE1, 0xF8, 0xC6, 0xE1, 0xF8, 0xC6, 0xE1, 0xF8, 0xC6, 0xE1, 0xF8, 
        0xC6, 0xE1, 0xF8, 0xC6, 0xE1, 0xF8, 0xC6, 0xE1, 0xF8, 0xC6, 0xE1, 0xF8, 0xC6, 0xE1, 0xF8, 0xC6, 0xE1, 0xF8, 0xC6, 0xE1, 0xF8, 0xC6, 0xE1, 0xF8, 0xC6, 0xE1, 0xF8, 0xC6, 0xE1, 0xF8, 0xC6, 0xE1, 0xF8, 0xC6, 0xE1, 0xF8, 0xC6, 0xE1, 0xF8, 
        0xC6, 0xE1, 0xF8, 0xC6, 0xE1, 0xF8, 0xC6, 0xE1, 0xF8, 0xC6, 0xE1, 0xF8, 0xC6, 0xE1, 0xF8, 0xC6, 0xE1, 0xF8, 0xC6, 0xE1, 0xF8, 0xC6, 0xE1, 0xF8, 0xC6, 0xE1, 0xF8, 0xC6, 0xE1, 0xF8, 0xC6, 0xE1, 0xF8, 0xC6, 0xE1, 0xF8, 0xC6, 0xE1, 0xF8, 
        0xC6, 0xE1, 0xF8, 0xC6, 0xE1, 0xF8, 0xC6, 0xE1, 0xF8, 0xC6, 0xE1, 0xF8, 0xC6, 0xE1, 0xF8, 0xC6, 0xE1, 0xF8, 0xC6, 0xE1, 0xF8, 0xC6, 0xE1, 0xF8, 0xC6, 0xE1, 0xF8, 0xC6, 0xE1, 0xF8, 0xC6, 0xE1, 0xF8, 0xC6, 0xE1, 0xF8, 0xC6, 0xE1, 0xF8, 
        0xC6, 0xE1, 0xF8, 0xC6, 0xE1, 0xF8, 0xC6, 0xE1, 0xF8, 0xC6, 0xE1, 0xF8, 0xC6, 0xE1, 0xF8, 0xC6, 0xE1, 0xF8, 0xC6, 0xE1, 0xF8, 0xC6, 0xE1, 0xF8, 0xC6, 0xE1, 0xF8, 0xC6, 0xE1, 0xF8, 0xC6, 0xE1, 0xF8, 0xC6, 0xE1, 0xF8, 0xC6, 0xE1, 0xF8, 
        0xC6, 0xE1, 0xF8, 0xC6, 0xE1, 0xF8, 0xC6, 0xE1, 0xF8, 0xC6, 0xE1, 0xF8, 0xC6, 0xE1, 0xF8, 0xC6, 0xE1, 0xF8, 0xC6, 0xE1, 0xF8, 0xC6, 0xE1, 0xF8, 0xC6, 0xE1, 0xF8, 0xC6, 0xE1, 0xF8, 0xC6, 0xE1, 0xF8, 0xC6, 0xE1, 0xF8, 0xC6, 0xE1, 0xF8, 
        0xC6, 0xE1, 0xF8, 0xC6, 0xE1, 0xF8, 0xC6, 0xE1, 0xF8, 0xC6, 0xE1, 0xF8, 0xC6, 0xE1, 0xF8, 0xC6, 0xE1, 0xF8, 0xC6, 0xE1, 0xF8, 0xC6, 0xE1, 0xF8, 0xC6, 0xE1, 0xF8, 0xC6, 0xE1, 0xF8, 0xC6, 0xE1, 0xF8, 0xC6, 0xE1, 0xF8, 0xC6, 0xE1, 0xF8, 
        0xC6, 0xE1, 0xF8, 0xC6, 0xE1, 0xF8, 0xC6, 0xE1, 0xF8, 0xC6, 0xE1, 0xF8, 0xC6, 0xE1, 0xF8, 0xC6, 0xE1, 0xF8, 0xC6, 0xE1, 0xF8, 0xC6, 0xE1, 0xF8, 0xC6, 0xE1, 0xF8, 0xC6, 0xE1, 0xF8, 0xC6, 0xE1, 0xF8, 0xC6, 0xE1, 0xF8, 0xC6, 0xE1, 0xF8, 
        0xC6, 0xE1, 0xF8, 0xC6, 0xE1, 0xF8, 0xC6, 0xE1, 0xF8, 0xC6, 0xE1, 0xF8, 0xC6, 0xE1, 0xF8, 0xC6, 0xE1, 0xF8, 0xC6, 0xE1, 0xF8, 0xC6, 0xE1, 0xF8, 0xC6, 0xE1, 0xF8, 0xC6, 0xE1, 0xF8, 0xC6, 0xE1, 0xF8, 0xC6, 0xE1, 0xF8, 0xC6, 0xE1, 0xF8, 
        0xC6, 0xE1, 0xF8, 0xC6, 0xE1, 0xF8, 0xC6, 0xE1, 0xF8, 0xC6, 0xE1, 0xF8, 0xC6, 0xE1, 0xF8, 0xC6, 0xE1, 0xF8, 0xC6, 0xE1, 0xF8, 0xC6, 0xE1, 0xF8, 0xC6, 0xE1, 0xF8, 0xC6, 0xE1, 0xF8, 0xC6, 0xE1, 0xF8, 0xC6, 0xE1, 0xF8, 0xC6, 0xE1, 0xF8, 
        0xC6, 0xE1, 0xF8, 0xC6, 0xE1, 0xF8, 0xC6, 0xE1, 0xF8, 0xC6, 0xE1, 0xF8, 0xC6, 0xE1, 0xF8, 0xC6, 0xE1, 0xF8, 0xC6, 0xE1, 0xF8, 0xC6, 0xE1, 0xF8, 0xC6, 0xE1, 0xF8, 0xC6, 0xE1, 0xF8, 0xC6, 0xE1, 0xF8, 0xC6, 0xE1, 0xF8, 0xC6, 0xE1, 0xF8, 
        0xC6, 0xE1, 0xF8, 0xC6, 0xE1, 0xF8, 0xC6, 0xE1, 0xF8, 0xC6, 0xE1, 0xF8, 0xC6, 0xE1, 0xF8, 0xC6, 0xE1, 0xF8, 0xC6, 0xE1, 0xF8, 0xC6, 0xE1, 0xF8, 0xC6, 0xE1, 0xF8, 0xC6, 0xE1, 0xF8, 0xC6, 0xE1, 0xF8, 0xC6, 0xE1, 0xF8, 0xC6, 0xE1, 0xF8, 
        0xC6, 0xE1, 0xF8, 0xC6, 0xE1, 0xF8, 0xC6, 0xE1, 0xF8, 0xC6, 0xE1, 0xF8, 0xC6, 0xE1, 0xF8, 0xC6, 0xE1, 0xF8, 0xC6, 0xE1, 0xF8, 0xC6, 0xE1, 0xF8, 0xC6, 0xE1, 0xF8, 0xC6, 0xE1, 0xF8, 0xC6, 0xE1, 0xF8, 0xC6, 0xE1, 0xF8, 0xC6, 0xE1, 0xF8, 
        0xC6, 0xE1, 0xF8, 0xC6, 0xE1, 0xF8, 0xC6, 0xE1, 0xF8, 0xC6, 0xE1, 0xF8, 0xC6, 0xE1, 0xF8, 0xC6, 0xE1, 0xF8, 0xC6, 0xE1, 0xF8, 0xC6, 0xE1, 0xF8, 0x81, 0xB6, 0xEC, 0xCE, 0xE2, 0xF8,
  0xC6, 0xE1, 0xF8, 0xC6, 0xE1, 0xF8, 0xC6, 0xE1, 0xF8, 0xC6, 0xE1, 0xF8, 0xC6, 0xE1, 0xF8, 0xC6, 0xE1, 0xF8, 0xC6, 0xE1, 0xF8, 0xC6, 0xE1, 0xF8, 0xC6, 0xE1, 0xF8, 0xC6, 0xE1, 0xF8, 0xC6, 0xE1, 0xF8, 0xC6, 0xE1, 0xF8, 0xC6, 0xE1, 0xF8, 0xC6, 0xE1, 0xF8, 
        0xC6, 0xE1, 0xF8, 0xC6, 0xE1, 0xF8, 0xC6, 0xE1, 0xF8, 0xC6, 0xE1, 0xF8, 0xC6, 0xE1, 0xF8, 0xC6, 0xE1, 0xF8, 0xC6, 0xE1, 0xF8, 0xC6, 0xE1, 0xF8, 0xC6, 0xE1, 0xF8, 0xC6, 0xE1, 0xF8, 0xC6, 0xE1, 0xF8, 0xC6, 0xE1, 0xF8, 0xC6, 0xE1, 0xF8, 
        0xC6, 0xE1, 0xF8, 0xC6, 0xE1, 0xF8, 0xC6, 0xE1, 0xF8, 0xC6, 0xE1, 0xF8, 0xC6, 0xE1, 0xF8, 0xC6, 0xE1, 0xF8, 0xC6, 0xE1, 0xF8, 0xC6, 0xE1, 0xF8, 0xC6, 0xE1, 0xF8, 0xC6, 0xE1, 0xF8, 0xC6, 0xE1, 0xF8, 0xC6, 0xE1, 0xF8, 0xC6, 0xE1, 0xF8, 
        0xC6, 0xE1, 0xF8, 0xC6, 0xE1, 0xF8, 0xC6, 0xE1, 0xF8, 0xC6, 0xE1, 0xF8, 0xC6, 0xE1, 0xF8, 0xC6, 0xE1, 0xF8, 0xC6, 0xE1, 0xF8, 0xC6, 0xE1, 0xF8, 0xC6, 0xE1, 0xF8, 0xC6, 0xE1, 0xF8, 0xC6, 0xE1, 0xF8, 0xC6, 0xE1, 0xF8, 0xC6, 0xE1, 0xF8, 
        0xC6, 0xE1, 0xF8, 0xC6, 0xE1, 0xF8, 0xC6, 0xE1, 0xF8, 0xC6, 0xE1, 0xF8, 0xC6, 0xE1, 0xF8, 0xC6, 0xE1, 0xF8, 0xC6, 0xE1, 0xF8, 0xC6, 0xE1, 0xF8, 0xC6, 0xE1, 0xF8, 0xC6, 0xE1, 0xF8, 0xC6, 0xE1, 0xF8, 0xC6, 0xE1, 0xF8, 0xC6, 0xE1, 0xF8, 
        0xC6, 0xE1, 0xF8, 0xC6, 0xE1, 0xF8, 0xC6, 0xE1, 0xF8, 0xC6, 0xE1, 0xF8, 0xC6, 0xE1, 0xF8, 0xC6, 0xE1, 0xF8, 0xC6, 0xE1, 0xF8, 0xC6, 0xE1, 0xF8, 0xC6, 0xE1, 0xF8, 0xC6, 0xE1, 0xF8, 0xC6, 0xE1, 0xF8, 0xC6, 0xE1, 0xF8, 0xC6, 0xE1, 0xF8, 
        0xC6, 0xE1, 0xF8, 0xC6, 0xE1, 0xF8, 0xC6, 0xE1, 0xF8, 0xC6, 0xE1, 0xF8, 0xC6, 0xE1, 0xF8, 0xC6, 0xE1, 0xF8, 0xC6, 0xE1, 0xF8, 0xC6, 0xE1, 0xF8, 0xC6, 0xE1, 0xF8, 0xC6, 0xE1, 0xF8, 0xC6, 0xE1, 0xF8, 0xC6, 0xE1, 0xF8, 0xC6, 0xE1, 0xF8, 
        0xC6, 0xE1, 0xF8, 0xC6, 0xE1, 0xF8, 0xC6, 0xE1, 0xF8, 0xC6, 0xE1, 0xF8, 0xC6, 0xE1, 0xF8, 0xC6, 0xE1, 0xF8, 0xC6, 0xE1, 0xF8, 0xC6, 0xE1, 0xF8, 0xC6, 0xE1, 0xF8, 0xC6, 0xE1, 0xF8, 0xC6, 0xE1, 0xF8, 0xC6, 0xE1, 0xF8, 0xC6, 0xE1, 0xF8, 
        0xC6, 0xE1, 0xF8, 0xC6, 0xE1, 0xF8, 0xC6, 0xE1, 0xF8, 0xC6, 0xE1, 0xF8, 0xC6, 0xE1, 0xF8, 0xC6, 0xE1, 0xF8, 0xC6, 0xE1, 0xF8, 0xC6, 0xE1, 0xF8, 0xC6, 0xE1, 0xF8, 0xC6, 0xE1, 0xF8, 0xC6, 0xE1, 0xF8, 0xC6, 0xE1, 0xF8, 0xC6, 0xE1, 0xF8, 
        0xC6, 0xE1, 0xF8, 0xC6, 0xE1, 0xF8, 0xC6, 0xE1, 0xF8, 0xC6, 0xE1, 0xF8, 0xC6, 0xE1, 0xF8, 0xC6, 0xE1, 0xF8, 0xC6, 0xE1, 0xF8, 0xC6, 0xE1, 0xF8, 0xC6, 0xE1, 0xF8, 0xC6, 0xE1, 0xF8, 0xC6, 0xE1, 0xF8, 0xC6, 0xE1, 0xF8, 0xC6, 0xE1, 0xF8, 
        0xC6, 0xE1, 0xF8, 0xC6, 0xE1, 0xF8, 0xC6, 0xE1, 0xF8, 0xC6, 0xE1, 0xF8, 0xC6, 0xE1, 0xF8, 0xC6, 0xE1, 0xF8, 0xC6, 0xE1, 0xF8, 0xC6, 0xE1, 0xF8, 0xC6, 0xE1, 0xF8, 0xC6, 0xE1, 0xF8, 0xC6, 0xE1, 0xF8, 0xC6, 0xE1, 0xF8, 0xC6, 0xE1, 0xF8, 
        0xC6, 0xE1, 0xF8, 0xC6, 0xE1, 0xF8, 0xC6, 0xE1, 0xF8, 0xC6, 0xE1, 0xF8, 0xC6, 0xE1, 0xF8, 0xC6, 0xE1, 0xF8, 0xC6, 0xE1, 0xF8, 0xC6, 0xE1, 0xF8, 0xC6, 0xE1, 0xF8, 0xC6, 0xE1, 0xF8, 0xC6, 0xE1, 0xF8, 0xC6, 0xE1, 0xF8, 0xC6, 0xE1, 0xF8, 
        0xC6, 0xE1, 0xF8, 0xC6, 0xE1, 0xF8, 0xC6, 0xE1, 0xF8, 0xC6, 0xE1, 0xF8, 0xC6, 0xE1, 0xF8, 0xC6, 0xE1, 0xF8, 0xC6, 0xE1, 0xF8, 0xC6, 0xE1, 0xF8, 0xC6, 0xE1, 0xF8, 0xC6, 0xE1, 0xF8, 0xC6, 0xE1, 0xF8, 0xC6, 0xE1, 0xF8, 0xC6, 0xE1, 0xF8, 
        0xC6, 0xE1, 0xF8, 0xC6, 0xE1, 0xF8, 0xC6, 0xE1, 0xF8, 0xC6, 0xE1, 0xF8, 0xC6, 0xE1, 0xF8, 0xC6, 0xE1, 0xF8, 0xC6, 0xE1, 0xF8, 0xC6, 0xE1, 0xF8, 0x99, 0xC5, 0xF0, 0xA9, 0xCC, 0xF2,
  0xC6, 0xE1, 0xF8, 0xC6, 0xE1, 0xF8, 0xC6, 0xE1, 0xF8, 0xC6, 0xE1, 0xF8, 0xC6, 0xE1, 0xF8, 0xC6, 0xE1, 0xF8, 0xC6, 0xE1, 0xF8, 0xC6, 0xE1, 0xF8, 0xC6, 0xE1, 0xF8, 0xC6, 0xE1, 0xF8, 0xC6, 0xE1, 0xF8, 0xC6, 0xE1, 0xF8, 0xC6, 0xE1, 0xF8, 0xC6, 0xE1, 0xF8, 
        0xC6, 0xE1, 0xF8, 0xC6, 0xE1, 0xF8, 0xC6, 0xE1, 0xF8, 0xC6, 0xE1, 0xF8, 0xC6, 0xE1, 0xF8, 0xC6, 0xE1, 0xF8, 0xC6, 0xE1, 0xF8, 0xC6, 0xE1, 0xF8, 0xC6, 0xE1, 0xF8, 0xC6, 0xE1, 0xF8, 0xC6, 0xE1, 0xF8, 0xC6, 0xE1, 0xF8, 0xC6, 0xE1, 0xF8, 
        0xC6, 0xE1, 0xF8, 0xC6, 0xE1, 0xF8, 0xC6, 0xE1, 0xF8, 0xC6, 0xE1, 0xF8, 0xC6, 0xE1, 0xF8, 0xC6, 0xE1, 0xF8, 0xC6, 0xE1, 0xF8, 0xC6, 0xE1, 0xF8, 0xC6, 0xE1, 0xF8, 0xC6, 0xE1, 0xF8, 0xC6, 0xE1, 0xF8, 0xC6, 0xE1, 0xF8, 0xC6, 0xE1, 0xF8, 
        0xC6, 0xE1, 0xF8, 0xC6, 0xE1, 0xF8, 0xC6, 0xE1, 0xF8, 0xC6, 0xE1, 0xF8, 0xC6, 0xE1, 0xF8, 0xC6, 0xE1, 0xF8, 0xC6, 0xE1, 0xF8, 0xC6, 0xE1, 0xF8, 0xC6, 0xE1, 0xF8, 0xC6, 0xE1, 0xF8, 0xC6, 0xE1, 0xF8, 0xC6, 0xE1, 0xF8, 0xC6, 0xE1, 0xF8, 
        0xC6, 0xE1, 0xF8, 0xC6, 0xE1, 0xF8, 0xC6, 0xE1, 0xF8, 0xC6, 0xE1, 0xF8, 0xC6, 0xE1, 0xF8, 0xC6, 0xE1, 0xF8, 0xC6, 0xE1, 0xF8, 0xC6, 0xE1, 0xF8, 0xC6, 0xE1, 0xF8, 0xC6, 0xE1, 0xF8, 0xC6, 0xE1, 0xF8, 0xC6, 0xE1, 0xF8, 0xC6, 0xE1, 0xF8, 
        0xC6, 0xE1, 0xF8, 0xC6, 0xE1, 0xF8, 0xC6, 0xE1, 0xF8, 0xC6, 0xE1, 0xF8, 0xC6, 0xE1, 0xF8, 0xC6, 0xE1, 0xF8, 0xC6, 0xE1, 0xF8, 0xC6, 0xE1, 0xF8, 0xC6, 0xE1, 0xF8, 0xC6, 0xE1, 0xF8, 0xC6, 0xE1, 0xF8, 0xC6, 0xE1, 0xF8, 0xC6, 0xE1, 0xF8, 
        0xC6, 0xE1, 0xF8, 0xC6, 0xE1, 0xF8, 0xC6, 0xE1, 0xF8, 0xC6, 0xE1, 0xF8, 0xC6, 0xE1, 0xF8, 0xC6, 0xE1, 0xF8, 0xC6, 0xE1, 0xF8, 0xC6, 0xE1, 0xF8, 0xC6, 0xE1, 0xF8, 0xC6, 0xE1, 0xF8, 0xC6, 0xE1, 0xF8, 0xC6, 0xE1, 0xF8, 0xC6, 0xE1, 0xF8, 
        0xC6, 0xE1, 0xF8, 0xC6, 0xE1, 0xF8, 0xC6, 0xE1, 0xF8, 0xC6, 0xE1, 0xF8, 0xC6, 0xE1, 0xF8, 0xC6, 0xE1, 0xF8, 0xC6, 0xE1, 0xF8, 0xC6, 0xE1, 0xF8, 0xC6, 0xE1, 0xF8, 0xC6, 0xE1, 0xF8, 0xC6, 0xE1, 0xF8, 0xC6, 0xE1, 0xF8, 0xC6, 0xE1, 0xF8, 
        0xC6, 0xE1, 0xF8, 0xC6, 0xE1, 0xF8, 0xC6, 0xE1, 0xF8, 0xC6, 0xE1, 0xF8, 0xC6, 0xE1, 0xF8, 0xC6, 0xE1, 0xF8, 0xC6, 0xE1, 0xF8, 0xC6, 0xE1, 0xF8, 0xC6, 0xE1, 0xF8, 0xC6, 0xE1, 0xF8, 0xC6, 0xE1, 0xF8, 0xC6, 0xE1, 0xF8, 0xC6, 0xE1, 0xF8, 
        0xC6, 0xE1, 0xF8, 0xC6, 0xE1, 0xF8, 0xC6, 0xE1, 0xF8, 0xC6, 0xE1, 0xF8, 0xC6, 0xE1, 0xF8, 0xC6, 0xE1, 0xF8, 0xC6, 0xE1, 0xF8, 0xC6, 0xE1, 0xF8, 0xC6, 0xE1, 0xF8, 0xC6, 0xE1, 0xF8, 0xC6, 0xE1, 0xF8, 0xC6, 0xE1, 0xF8, 0xC6, 0xE1, 0xF8, 
        0xC6, 0xE1, 0xF8, 0xC6, 0xE1, 0xF8, 0xC6, 0xE1, 0xF8, 0xC6, 0xE1, 0xF8, 0xC6, 0xE1, 0xF8, 0xC6, 0xE1, 0xF8, 0xC6, 0xE1, 0xF8, 0xC6, 0xE1, 0xF8, 0xC6, 0xE1, 0xF8, 0xC6, 0xE1, 0xF8, 0xC6, 0xE1, 0xF8, 0xC6, 0xE1, 0xF8, 0xC6, 0xE1, 0xF8, 
        0xC6, 0xE1, 0xF8, 0xC6, 0xE1, 0xF8, 0xC6, 0xE1, 0xF8, 0xC6, 0xE1, 0xF8, 0xC6, 0xE1, 0xF8, 0xC6, 0xE1, 0xF8, 0xC6, 0xE1, 0xF8, 0xC6, 0xE1, 0xF8, 0xC6, 0xE1, 0xF8, 0xC6, 0xE1, 0xF8, 0xC6, 0xE1, 0xF8, 0xC6, 0xE1, 0xF8, 0xC6, 0xE1, 0xF8, 
        0xC6, 0xE1, 0xF8, 0xC6, 0xE1, 0xF8, 0xC6, 0xE1, 0xF8, 0xC6, 0xE1, 0xF8, 0xC6, 0xE1, 0xF8, 0xC6, 0xE1, 0xF8, 0xC6, 0xE1, 0xF8, 0xC6, 0xE1, 0xF8, 0xC6, 0xE1, 0xF8, 0xC6, 0xE1, 0xF8, 0xC6, 0xE1, 0xF8, 0xC6, 0xE1, 0xF8, 0xC6, 0xE1, 0xF8, 
        0xC6, 0xE1, 0xF8, 0xC6, 0xE1, 0xF8, 0xC6, 0xE1, 0xF8, 0xC6, 0xE1, 0xF8, 0xC6, 0xE1, 0xF8, 0xC6, 0xE1, 0xF8, 0xC6, 0xE1, 0xF8, 0xC6, 0xE1, 0xF8, 0xA9, 0xCF, 0xF3, 0x90, 0xBE, 0xEE,
  0xC6, 0xE1, 0xF8, 0xC6, 0xE1, 0xF8, 0xC6, 0xE1, 0xF8, 0xC6, 0xE1, 0xF8, 0xC6, 0xE1, 0xF8, 0xC6, 0xE1, 0xF8, 0xC6, 0xE1, 0xF8, 0xC6, 0xE1, 0xF8, 0xC6, 0xE1, 0xF8, 0xC6, 0xE1, 0xF8, 0xC6, 0xE1, 0xF8, 0xC6, 0xE1, 0xF8, 0xC6, 0xE1, 0xF8, 0xC6, 0xE1, 0xF8, 
        0xC6, 0xE1, 0xF8, 0xC6, 0xE1, 0xF8, 0xC6, 0xE1, 0xF8, 0xC6, 0xE1, 0xF8, 0xC6, 0xE1, 0xF8, 0xC6, 0xE1, 0xF8, 0xC6, 0xE1, 0xF8, 0xC6, 0xE1, 0xF8, 0xC6, 0xE1, 0xF8, 0xC6, 0xE1, 0xF8, 0xC6, 0xE1, 0xF8, 0xC6, 0xE1, 0xF8, 0xC6, 0xE1, 0xF8, 
        0xC6, 0xE1, 0xF8, 0xC6, 0xE1, 0xF8, 0xC6, 0xE1, 0xF8, 0xC6, 0xE1, 0xF8, 0xC6, 0xE1, 0xF8, 0xC6, 0xE1, 0xF8, 0xC6, 0xE1, 0xF8, 0xC6, 0xE1, 0xF8, 0xC6, 0xE1, 0xF8, 0xC6, 0xE1, 0xF8, 0xC6, 0xE1, 0xF8, 0xC6, 0xE1, 0xF8, 0xC6, 0xE1, 0xF8, 
        0xC6, 0xE1, 0xF8, 0xC6, 0xE1, 0xF8, 0xC6, 0xE1, 0xF8, 0xC6, 0xE1, 0xF8, 0xC6, 0xE1, 0xF8, 0xC6, 0xE1, 0xF8, 0xC6, 0xE1, 0xF8, 0xC6, 0xE1, 0xF8, 0xC6, 0xE1, 0xF8, 0xC6, 0xE1, 0xF8, 0xC6, 0xE1, 0xF8, 0xC6, 0xE1, 0xF8, 0xC6, 0xE1, 0xF8, 
        0xC6, 0xE1, 0xF8, 0xC6, 0xE1, 0xF8, 0xC6, 0xE1, 0xF8, 0xC6, 0xE1, 0xF8, 0xC6, 0xE1, 0xF8, 0xC6, 0xE1, 0xF8, 0xC6, 0xE1, 0xF8, 0xC6, 0xE1, 0xF8, 0xC6, 0xE1, 0xF8, 0xC6, 0xE1, 0xF8, 0xC6, 0xE1, 0xF8, 0xC6, 0xE1, 0xF8, 0xC6, 0xE1, 0xF8, 
        0xC6, 0xE1, 0xF8, 0xC6, 0xE1, 0xF8, 0xC6, 0xE1, 0xF8, 0xC6, 0xE1, 0xF8, 0xC6, 0xE1, 0xF8, 0xC6, 0xE1, 0xF8, 0xC6, 0xE1, 0xF8, 0xC6, 0xE1, 0xF8, 0xC6, 0xE1, 0xF8, 0xC6, 0xE1, 0xF8, 0xC6, 0xE1, 0xF8, 0xC6, 0xE1, 0xF8, 0xC6, 0xE1, 0xF8, 
        0xC6, 0xE1, 0xF8, 0xC6, 0xE1, 0xF8, 0xC6, 0xE1, 0xF8, 0xC6, 0xE1, 0xF8, 0xC6, 0xE1, 0xF8, 0xC6, 0xE1, 0xF8, 0xC6, 0xE1, 0xF8, 0xC6, 0xE1, 0xF8, 0xC6, 0xE1, 0xF8, 0xC6, 0xE1, 0xF8, 0xC6, 0xE1, 0xF8, 0xC6, 0xE1, 0xF8, 0xC6, 0xE1, 0xF8, 
        0xC6, 0xE1, 0xF8, 0xC6, 0xE1, 0xF8, 0xC6, 0xE1, 0xF8, 0xC6, 0xE1, 0xF8, 0xC6, 0xE1, 0xF8, 0xC6, 0xE1, 0xF8, 0xC6, 0xE1, 0xF8, 0xC6, 0xE1, 0xF8, 0xC6, 0xE1, 0xF8, 0xC6, 0xE1, 0xF8, 0xC6, 0xE1, 0xF8, 0xC6, 0xE1, 0xF8, 0xC6, 0xE1, 0xF8, 
        0xC6, 0xE1, 0xF8, 0xC6, 0xE1, 0xF8, 0xC6, 0xE1, 0xF8, 0xC6, 0xE1, 0xF8, 0xC6, 0xE1, 0xF8, 0xC6, 0xE1, 0xF8, 0xC6, 0xE1, 0xF8, 0xC6, 0xE1, 0xF8, 0xC6, 0xE1, 0xF8, 0xC6, 0xE1, 0xF8, 0xC6, 0xE1, 0xF8, 0xC6, 0xE1, 0xF8, 0xC6, 0xE1, 0xF8, 
        0xC6, 0xE1, 0xF8, 0xC6, 0xE1, 0xF8, 0xC6, 0xE1, 0xF8, 0xC6, 0xE1, 0xF8, 0xC6, 0xE1, 0xF8, 0xC6, 0xE1, 0xF8, 0xC6, 0xE1, 0xF8, 0xC6, 0xE1, 0xF8, 0xC6, 0xE1, 0xF8, 0xC6, 0xE1, 0xF8, 0xC6, 0xE1, 0xF8, 0xC6, 0xE1, 0xF8, 0xC6, 0xE1, 0xF8, 
        0xC6, 0xE1, 0xF8, 0xC6, 0xE1, 0xF8, 0xC6, 0xE1, 0xF8, 0xC6, 0xE1, 0xF8, 0xC6, 0xE1, 0xF8, 0xC6, 0xE1, 0xF8, 0xC6, 0xE1, 0xF8, 0xC6, 0xE1, 0xF8, 0xC6, 0xE1, 0xF8, 0xC6, 0xE1, 0xF8, 0xC6, 0xE1, 0xF8, 0xC6, 0xE1, 0xF8, 0xC6, 0xE1, 0xF8, 
        0xC6, 0xE1, 0xF8, 0xC6, 0xE1, 0xF8, 0xC6, 0xE1, 0xF8, 0xC6, 0xE1, 0xF8, 0xC6, 0xE1, 0xF8, 0xC6, 0xE1, 0xF8, 0xC6, 0xE1, 0xF8, 0xC6, 0xE1, 0xF8, 0xC6, 0xE1, 0xF8, 0xC6, 0xE1, 0xF8, 0xC6, 0xE1, 0xF8, 0xC6, 0xE1, 0xF8, 0xC6, 0xE1, 0xF8, 
        0xC6, 0xE1, 0xF8, 0xC6, 0xE1, 0xF8, 0xC6, 0xE1, 0xF8, 0xC6, 0xE1, 0xF8, 0xC6, 0xE1, 0xF8, 0xC6, 0xE1, 0xF8, 0xC6, 0xE1, 0xF8, 0xC6, 0xE1, 0xF8, 0xC6, 0xE1, 0xF8, 0xC6, 0xE1, 0xF8, 0xC6, 0xE1, 0xF8, 0xC6, 0xE1, 0xF8, 0xC6, 0xE1, 0xF8, 
        0xC6, 0xE1, 0xF8, 0xC6, 0xE1, 0xF8, 0xC6, 0xE1, 0xF8, 0xC6, 0xE1, 0xF8, 0xC6, 0xE1, 0xF8, 0xC6, 0xE1, 0xF8, 0xC6, 0xE1, 0xF8, 0xC6, 0xE1, 0xF8, 0xB7, 0xD8, 0xF5, 0x79, 0xB1, 0xEB,
  0xC6, 0xE1, 0xF8, 0xC6, 0xE1, 0xF8, 0xC6, 0xE1, 0xF8, 0xC6, 0xE1, 0xF8, 0xC6, 0xE1, 0xF8, 0xC6, 0xE1, 0xF8, 0xC6, 0xE1, 0xF8, 0xC6, 0xE1, 0xF8, 0xC6, 0xE1, 0xF8, 0xC6, 0xE1, 0xF8, 0xC6, 0xE1, 0xF8, 0xC6, 0xE1, 0xF8, 0xC6, 0xE1, 0xF8, 0xC6, 0xE1, 0xF8, 
        0xC6, 0xE1, 0xF8, 0xC6, 0xE1, 0xF8, 0xC6, 0xE1, 0xF8, 0xC6, 0xE1, 0xF8, 0xC6, 0xE1, 0xF8, 0xC6, 0xE1, 0xF8, 0xC6, 0xE1, 0xF8, 0xC6, 0xE1, 0xF8, 0xC6, 0xE1, 0xF8, 0xC6, 0xE1, 0xF8, 0xC6, 0xE1, 0xF8, 0xC6, 0xE1, 0xF8, 0xC6, 0xE1, 0xF8, 
        0xC6, 0xE1, 0xF8, 0xC6, 0xE1, 0xF8, 0xC6, 0xE1, 0xF8, 0xC6, 0xE1, 0xF8, 0xC6, 0xE1, 0xF8, 0xC6, 0xE1, 0xF8, 0xC6, 0xE1, 0xF8, 0xC6, 0xE1, 0xF8, 0xC6, 0xE1, 0xF8, 0xC6, 0xE1, 0xF8, 0xC6, 0xE1, 0xF8, 0xC6, 0xE1, 0xF8, 0xC6, 0xE1, 0xF8, 
        0xC6, 0xE1, 0xF8, 0xC6, 0xE1, 0xF8, 0xC6, 0xE1, 0xF8, 0xC6, 0xE1, 0xF8, 0xC6, 0xE1, 0xF8, 0xC6, 0xE1, 0xF8, 0xC6, 0xE1, 0xF8, 0xC6, 0xE1, 0xF8, 0xC6, 0xE1, 0xF8, 0xC6, 0xE1, 0xF8, 0xC6, 0xE1, 0xF8, 0xC6, 0xE1, 0xF8, 0xC6, 0xE1, 0xF8, 
        0xC6, 0xE1, 0xF8, 0xC6, 0xE1, 0xF8, 0xC6, 0xE1, 0xF8, 0xC6, 0xE1, 0xF8, 0xC6, 0xE1, 0xF8, 0xC6, 0xE1, 0xF8, 0xC6, 0xE1, 0xF8, 0xC6, 0xE1, 0xF8, 0xC6, 0xE1, 0xF8, 0xC6, 0xE1, 0xF8, 0xC6, 0xE1, 0xF8, 0xC6, 0xE1, 0xF8, 0xC6, 0xE1, 0xF8, 
        0xC6, 0xE1, 0xF8, 0xC6, 0xE1, 0xF8, 0xC6, 0xE1, 0xF8, 0xC6, 0xE1, 0xF8, 0xC6, 0xE1, 0xF8, 0xC6, 0xE1, 0xF8, 0xC6, 0xE1, 0xF8, 0xC6, 0xE1, 0xF8, 0xC6, 0xE1, 0xF8, 0xC6, 0xE1, 0xF8, 0xC6, 0xE1, 0xF8, 0xC6, 0xE1, 0xF8, 0xC6, 0xE1, 0xF8, 
        0xC6, 0xE1, 0xF8, 0xC6, 0xE1, 0xF8, 0xC6, 0xE1, 0xF8, 0xC6, 0xE1, 0xF8, 0xC6, 0xE1, 0xF8, 0xC6, 0xE1, 0xF8, 0xC6, 0xE1, 0xF8, 0xC6, 0xE1, 0xF8, 0xC6, 0xE1, 0xF8, 0xC6, 0xE1, 0xF8, 0xC6, 0xE1, 0xF8, 0xC6, 0xE1, 0xF8, 0xC6, 0xE1, 0xF8, 
        0xC6, 0xE1, 0xF8, 0xC6, 0xE1, 0xF8, 0xC6, 0xE1, 0xF8, 0xC6, 0xE1, 0xF8, 0xC6, 0xE1, 0xF8, 0xC6, 0xE1, 0xF8, 0xC6, 0xE1, 0xF8, 0xC6, 0xE1, 0xF8, 0xC6, 0xE1, 0xF8, 0xC6, 0xE1, 0xF8, 0xC6, 0xE1, 0xF8, 0xC6, 0xE1, 0xF8, 0xC6, 0xE1, 0xF8, 
        0xC6, 0xE1, 0xF8, 0xC6, 0xE1, 0xF8, 0xC6, 0xE1, 0xF8, 0xC6, 0xE1, 0xF8, 0xC6, 0xE1, 0xF8, 0xC6, 0xE1, 0xF8, 0xC6, 0xE1, 0xF8, 0xC6, 0xE1, 0xF8, 0xC6, 0xE1, 0xF8, 0xC6, 0xE1, 0xF8, 0xC6, 0xE1, 0xF8, 0xC6, 0xE1, 0xF8, 0xC6, 0xE1, 0xF8, 
        0xC6, 0xE1, 0xF8, 0xC6, 0xE1, 0xF8, 0xC6, 0xE1, 0xF8, 0xC6, 0xE1, 0xF8, 0xC6, 0xE1, 0xF8, 0xC6, 0xE1, 0xF8, 0xC6, 0xE1, 0xF8, 0xC6, 0xE1, 0xF8, 0xC6, 0xE1, 0xF8, 0xC6, 0xE1, 0xF8, 0xC6, 0xE1, 0xF8, 0xC6, 0xE1, 0xF8, 0xC6, 0xE1, 0xF8, 
        0xC6, 0xE1, 0xF8, 0xC6, 0xE1, 0xF8, 0xC6, 0xE1, 0xF8, 0xC6, 0xE1, 0xF8, 0xC6, 0xE1, 0xF8, 0xC6, 0xE1, 0xF8, 0xC6, 0xE1, 0xF8, 0xC6, 0xE1, 0xF8, 0xC6, 0xE1, 0xF8, 0xC6, 0xE1, 0xF8, 0xC6, 0xE1, 0xF8, 0xC6, 0xE1, 0xF8, 0xC6, 0xE1, 0xF8, 
        0xC6, 0xE1, 0xF8, 0xC6, 0xE1, 0xF8, 0xC6, 0xE1, 0xF8, 0xC6, 0xE1, 0xF8, 0xC6, 0xE1, 0xF8, 0xC6, 0xE1, 0xF8, 0xC6, 0xE1, 0xF8, 0xC6, 0xE1, 0xF8, 0xC6, 0xE1, 0xF8, 0xC6, 0xE1, 0xF8, 0xC6, 0xE1, 0xF8, 0xC6, 0xE1, 0xF8, 0xC6, 0xE1, 0xF8, 
        0xC6, 0xE1, 0xF8, 0xC6, 0xE1, 0xF8, 0xC6, 0xE1, 0xF8, 0xC6, 0xE1, 0xF8, 0xC6, 0xE1, 0xF8, 0xC6, 0xE1, 0xF8, 0xC6, 0xE1, 0xF8, 0xC6, 0xE1, 0xF8, 0xC6, 0xE1, 0xF8, 0xC6, 0xE1, 0xF8, 0xC6, 0xE1, 0xF8, 0xC6, 0xE1, 0xF8, 0xC6, 0xE1, 0xF8, 
        0xC6, 0xE1, 0xF8, 0xC6, 0xE1, 0xF8, 0xC6, 0xE1, 0xF8, 0xC6, 0xE1, 0xF8, 0xC6, 0xE1, 0xF8, 0xC6, 0xE1, 0xF8, 0xC6, 0xE1, 0xF8, 0xC6, 0xE1, 0xF8, 0xBF, 0xDD, 0xF7, 0x6D, 0xA9, 0xE9,
  0xC6, 0xE1, 0xF8, 0xC6, 0xE1, 0xF8, 0xC6, 0xE1, 0xF8, 0xC6, 0xE1, 0xF8, 0xC6, 0xE1, 0xF8, 0xC6, 0xE1, 0xF8, 0xC6, 0xE1, 0xF8, 0xC6, 0xE1, 0xF8, 0xC6, 0xE1, 0xF8, 0xC6, 0xE1, 0xF8, 0xC6, 0xE1, 0xF8, 0xC6, 0xE1, 0xF8, 0xC6, 0xE1, 0xF8, 0xC6, 0xE1, 0xF8, 
        0xC6, 0xE1, 0xF8, 0xC6, 0xE1, 0xF8, 0xC6, 0xE1, 0xF8, 0xC6, 0xE1, 0xF8, 0xC6, 0xE1, 0xF8, 0xC6, 0xE1, 0xF8, 0xC6, 0xE1, 0xF8, 0xC6, 0xE1, 0xF8, 0xC6, 0xE1, 0xF8, 0xC6, 0xE1, 0xF8, 0xC6, 0xE1, 0xF8, 0xC6, 0xE1, 0xF8, 0xC6, 0xE1, 0xF8, 
        0xC6, 0xE1, 0xF8, 0xC6, 0xE1, 0xF8, 0xC6, 0xE1, 0xF8, 0xC6, 0xE1, 0xF8, 0xC6, 0xE1, 0xF8, 0xC6, 0xE1, 0xF8, 0xC6, 0xE1, 0xF8, 0xC6, 0xE1, 0xF8, 0xC6, 0xE1, 0xF8, 0xC6, 0xE1, 0xF8, 0xC6, 0xE1, 0xF8, 0xC6, 0xE1, 0xF8, 0xC6, 0xE1, 0xF8, 
        0xC6, 0xE1, 0xF8, 0xC6, 0xE1, 0xF8, 0xC6, 0xE1, 0xF8, 0xC6, 0xE1, 0xF8, 0xC6, 0xE1, 0xF8, 0xC6, 0xE1, 0xF8, 0xC6, 0xE1, 0xF8, 0xC6, 0xE1, 0xF8, 0xC6, 0xE1, 0xF8, 0xC6, 0xE1, 0xF8, 0xC6, 0xE1, 0xF8, 0xC6, 0xE1, 0xF8, 0xC6, 0xE1, 0xF8, 
        0xC6, 0xE1, 0xF8, 0xC6, 0xE1, 0xF8, 0xC6, 0xE1, 0xF8, 0xC6, 0xE1, 0xF8, 0xC6, 0xE1, 0xF8, 0xC6, 0xE1, 0xF8, 0xC6, 0xE1, 0xF8, 0xC6, 0xE1, 0xF8, 0xC6, 0xE1, 0xF8, 0xC6, 0xE1, 0xF8, 0xC6, 0xE1, 0xF8, 0xC6, 0xE1, 0xF8, 0xC6, 0xE1, 0xF8, 
        0xC6, 0xE1, 0xF8, 0xC6, 0xE1, 0xF8, 0xC6, 0xE1, 0xF8, 0xC6, 0xE1, 0xF8, 0xC6, 0xE1, 0xF8, 0xC6, 0xE1, 0xF8, 0xC6, 0xE1, 0xF8, 0xC6, 0xE1, 0xF8, 0xC6, 0xE1, 0xF8, 0xC6, 0xE1, 0xF8, 0xC6, 0xE1, 0xF8, 0xC6, 0xE1, 0xF8, 0xC6, 0xE1, 0xF8, 
        0xC6, 0xE1, 0xF8, 0xC6, 0xE1, 0xF8, 0xC6, 0xE1, 0xF8, 0xC6, 0xE1, 0xF8, 0xC6, 0xE1, 0xF8, 0xC6, 0xE1, 0xF8, 0xC6, 0xE1, 0xF8, 0xC6, 0xE1, 0xF8, 0xC6, 0xE1, 0xF8, 0xC6, 0xE1, 0xF8, 0xC6, 0xE1, 0xF8, 0xC6, 0xE1, 0xF8, 0xC6, 0xE1, 0xF8, 
        0xC6, 0xE1, 0xF8, 0xC6, 0xE1, 0xF8, 0xC6, 0xE1, 0xF8, 0xC6, 0xE1, 0xF8, 0xC6, 0xE1, 0xF8, 0xC6, 0xE1, 0xF8, 0xC6, 0xE1, 0xF8, 0xC6, 0xE1, 0xF8, 0xC6, 0xE1, 0xF8, 0xC6, 0xE1, 0xF8, 0xC6, 0xE1, 0xF8, 0xC6, 0xE1, 0xF8, 0xC6, 0xE1, 0xF8, 
        0xC6, 0xE1, 0xF8, 0xC6, 0xE1, 0xF8, 0xC6, 0xE1, 0xF8, 0xC6, 0xE1, 0xF8, 0xC6, 0xE1, 0xF8, 0xC6, 0xE1, 0xF8, 0xC6, 0xE1, 0xF8, 0xC6, 0xE1, 0xF8, 0xC6, 0xE1, 0xF8, 0xC6, 0xE1, 0xF8, 0xC6, 0xE1, 0xF8, 0xC6, 0xE1, 0xF8, 0xC6, 0xE1, 0xF8, 
        0xC6, 0xE1, 0xF8, 0xC6, 0xE1, 0xF8, 0xC6, 0xE1, 0xF8, 0xC6, 0xE1, 0xF8, 0xC6, 0xE1, 0xF8, 0xC6, 0xE1, 0xF8, 0xC6, 0xE1, 0xF8, 0xC6, 0xE1, 0xF8, 0xC6, 0xE1, 0xF8, 0xC6, 0xE1, 0xF8, 0xC6, 0xE1, 0xF8, 0xC6, 0xE1, 0xF8, 0xC6, 0xE1, 0xF8, 
        0xC6, 0xE1, 0xF8, 0xC6, 0xE1, 0xF8, 0xC6, 0xE1, 0xF8, 0xC6, 0xE1, 0xF8, 0xC6, 0xE1, 0xF8, 0xC6, 0xE1, 0xF8, 0xC6, 0xE1, 0xF8, 0xC6, 0xE1, 0xF8, 0xC6, 0xE1, 0xF8, 0xC6, 0xE1, 0xF8, 0xC6, 0xE1, 0xF8, 0xC6, 0xE1, 0xF8, 0xC6, 0xE1, 0xF8, 
        0xC6, 0xE1, 0xF8, 0xC6, 0xE1, 0xF8, 0xC6, 0xE1, 0xF8, 0xC6, 0xE1, 0xF8, 0xC6, 0xE1, 0xF8, 0xC6, 0xE1, 0xF8, 0xC6, 0xE1, 0xF8, 0xC6, 0xE1, 0xF8, 0xC6, 0xE1, 0xF8, 0xC6, 0xE1, 0xF8, 0xC6, 0xE1, 0xF8, 0xC6, 0xE1, 0xF8, 0xC6, 0xE1, 0xF8, 
        0xC6, 0xE1, 0xF8, 0xC6, 0xE1, 0xF8, 0xC6, 0xE1, 0xF8, 0xC6, 0xE1, 0xF8, 0xC6, 0xE1, 0xF8, 0xC6, 0xE1, 0xF8, 0xC6, 0xE1, 0xF8, 0xC6, 0xE1, 0xF8, 0xC6, 0xE1, 0xF8, 0xC6, 0xE1, 0xF8, 0xC6, 0xE1, 0xF8, 0xC6, 0xE1, 0xF8, 0xC6, 0xE1, 0xF8, 
        0xC6, 0xE1, 0xF8, 0xC6, 0xE1, 0xF8, 0xC6, 0xE1, 0xF8, 0xC6, 0xE1, 0xF8, 0xC6, 0xE1, 0xF8, 0xC6, 0xE1, 0xF8, 0xC6, 0xE1, 0xF8, 0xC6, 0xE1, 0xF8, 0xC4, 0xE0, 0xF8, 0x66, 0xA5, 0xE8,
  0xC6, 0xE1, 0xF8, 0xC6, 0xE1, 0xF8, 0xC6, 0xE1, 0xF8, 0xC6, 0xE1, 0xF8, 0xC6, 0xE1, 0xF8, 0xC6, 0xE1, 0xF8, 0xC6, 0xE1, 0xF8, 0xC6, 0xE1, 0xF8, 0xC6, 0xE1, 0xF8, 0xC6, 0xE1, 0xF8, 0xC6, 0xE1, 0xF8, 0xC6, 0xE1, 0xF8, 0xC6, 0xE1, 0xF8, 0xC6, 0xE1, 0xF8, 
        0xC6, 0xE1, 0xF8, 0xC6, 0xE1, 0xF8, 0xC6, 0xE1, 0xF8, 0xC6, 0xE1, 0xF8, 0xC6, 0xE1, 0xF8, 0xC6, 0xE1, 0xF8, 0xC6, 0xE1, 0xF8, 0xC6, 0xE1, 0xF8, 0xC6, 0xE1, 0xF8, 0xC6, 0xE1, 0xF8, 0xC6, 0xE1, 0xF8, 0xC6, 0xE1, 0xF8, 0xC6, 0xE1, 0xF8, 
        0xC6, 0xE1, 0xF8, 0xC6, 0xE1, 0xF8, 0xC6, 0xE1, 0xF8, 0xC6, 0xE1, 0xF8, 0xC6, 0xE1, 0xF8, 0xC6, 0xE1, 0xF8, 0xC6, 0xE1, 0xF8, 0xC6, 0xE1, 0xF8, 0xC6, 0xE1, 0xF8, 0xC6, 0xE1, 0xF8, 0xC6, 0xE1, 0xF8, 0xC6, 0xE1, 0xF8, 0xC6, 0xE1, 0xF8, 
        0xC6, 0xE1, 0xF8, 0xC6, 0xE1, 0xF8, 0xC6, 0xE1, 0xF8, 0xC6, 0xE1, 0xF8, 0xC6, 0xE1, 0xF8, 0xC6, 0xE1, 0xF8, 0xC6, 0xE1, 0xF8, 0xC6, 0xE1, 0xF8, 0xC6, 0xE1, 0xF8, 0xC6, 0xE1, 0xF8, 0xC6, 0xE1, 0xF8, 0xC6, 0xE1, 0xF8, 0xC6, 0xE1, 0xF8, 
        0xC6, 0xE1, 0xF8, 0xC6, 0xE1, 0xF8, 0xC6, 0xE1, 0xF8, 0xC6, 0xE1, 0xF8, 0xC6, 0xE1, 0xF8, 0xC6, 0xE1, 0xF8, 0xC6, 0xE1, 0xF8, 0xC6, 0xE1, 0xF8, 0xC6, 0xE1, 0xF8, 0xC6, 0xE1, 0xF8, 0xC6, 0xE1, 0xF8, 0xC6, 0xE1, 0xF8, 0xC6, 0xE1, 0xF8, 
        0xC6, 0xE1, 0xF8, 0xC6, 0xE1, 0xF8, 0xC6, 0xE1, 0xF8, 0xC6, 0xE1, 0xF8, 0xC6, 0xE1, 0xF8, 0xC6, 0xE1, 0xF8, 0xC6, 0xE1, 0xF8, 0xC6, 0xE1, 0xF8, 0xC6, 0xE1, 0xF8, 0xC6, 0xE1, 0xF8, 0xC6, 0xE1, 0xF8, 0xC6, 0xE1, 0xF8, 0xC6, 0xE1, 0xF8, 
        0xC6, 0xE1, 0xF8, 0xC6, 0xE1, 0xF8, 0xC6, 0xE1, 0xF8, 0xC6, 0xE1, 0xF8, 0xC6, 0xE1, 0xF8, 0xC6, 0xE1, 0xF8, 0xC6, 0xE1, 0xF8, 0xC6, 0xE1, 0xF8, 0xC6, 0xE1, 0xF8, 0xC6, 0xE1, 0xF8, 0xC6, 0xE1, 0xF8, 0xC6, 0xE1, 0xF8, 0xC6, 0xE1, 0xF8, 
        0xC6, 0xE1, 0xF8, 0xC6, 0xE1, 0xF8, 0xC6, 0xE1, 0xF8, 0xC6, 0xE1, 0xF8, 0xC6, 0xE1, 0xF8, 0xC6, 0xE1, 0xF8, 0xC6, 0xE1, 0xF8, 0xC6, 0xE1, 0xF8, 0xC6, 0xE1, 0xF8, 0xC6, 0xE1, 0xF8, 0xC6, 0xE1, 0xF8, 0xC6, 0xE1, 0xF8, 0xC6, 0xE1, 0xF8, 
        0xC6, 0xE1, 0xF8, 0xC6, 0xE1, 0xF8, 0xC6, 0xE1, 0xF8, 0xC6, 0xE1, 0xF8, 0xC6, 0xE1, 0xF8, 0xC6, 0xE1, 0xF8, 0xC6, 0xE1, 0xF8, 0xC6, 0xE1, 0xF8, 0xC6, 0xE1, 0xF8, 0xC6, 0xE1, 0xF8, 0xC6, 0xE1, 0xF8, 0xC6, 0xE1, 0xF8, 0xC6, 0xE1, 0xF8, 
        0xC6, 0xE1, 0xF8, 0xC6, 0xE1, 0xF8, 0xC6, 0xE1, 0xF8, 0xC6, 0xE1, 0xF8, 0xC6, 0xE1, 0xF8, 0xC6, 0xE1, 0xF8, 0xC6, 0xE1, 0xF8, 0xC6, 0xE1, 0xF8, 0xC6, 0xE1, 0xF8, 0xC6, 0xE1, 0xF8, 0xC6, 0xE1, 0xF8, 0xC6, 0xE1, 0xF8, 0xC6, 0xE1, 0xF8, 
        0xC6, 0xE1, 0xF8, 0xC6, 0xE1, 0xF8, 0xC6, 0xE1, 0xF8, 0xC6, 0xE1, 0xF8, 0xC6, 0xE1, 0xF8, 0xC6, 0xE1, 0xF8, 0xC6, 0xE1, 0xF8, 0xC6, 0xE1, 0xF8, 0xC6, 0xE1, 0xF8, 0xC6, 0xE1, 0xF8, 0xC6, 0xE1, 0xF8, 0xC6, 0xE1, 0xF8, 0xC6, 0xE1, 0xF8, 
        0xC6, 0xE1, 0xF8, 0xC6, 0xE1, 0xF8, 0xC6, 0xE1, 0xF8, 0xC6, 0xE1, 0xF8, 0xC6, 0xE1, 0xF8, 0xC6, 0xE1, 0xF8, 0xC6, 0xE1, 0xF8, 0xC6, 0xE1, 0xF8, 0xC6, 0xE1, 0xF8, 0xC6, 0xE1, 0xF8, 0xC6, 0xE1, 0xF8, 0xC6, 0xE1, 0xF8, 0xC6, 0xE1, 0xF8, 
        0xC6, 0xE1, 0xF8, 0xC6, 0xE1, 0xF8, 0xC6, 0xE1, 0xF8, 0xC6, 0xE1, 0xF8, 0xC6, 0xE1, 0xF8, 0xC6, 0xE1, 0xF8, 0xC6, 0xE1, 0xF8, 0xC6, 0xE1, 0xF8, 0xC6, 0xE1, 0xF8, 0xC6, 0xE1, 0xF8, 0xC6, 0xE1, 0xF8, 0xC6, 0xE1, 0xF8, 0xC6, 0xE1, 0xF8, 
        0xC6, 0xE1, 0xF8, 0xC6, 0xE1, 0xF8, 0xC6, 0xE1, 0xF8, 0xC6, 0xE1, 0xF8, 0xC6, 0xE1, 0xF8, 0xC6, 0xE1, 0xF8, 0xC6, 0xE1, 0xF8, 0xC6, 0xE1, 0xF8, 0xC4, 0xE0, 0xF8, 0x66, 0xA5, 0xE8,
  0xC6, 0xE1, 0xF8, 0xC6, 0xE1, 0xF8, 0xC6, 0xE1, 0xF8, 0xC6, 0xE1, 0xF8, 0xC6, 0xE1, 0xF8, 0xC6, 0xE1, 0xF8, 0xC6, 0xE1, 0xF8, 0xC6, 0xE1, 0xF8, 0xC6, 0xE1, 0xF8, 0xC6, 0xE1, 0xF8, 0xC6, 0xE1, 0xF8, 0xC6, 0xE1, 0xF8, 0xC6, 0xE1, 0xF8, 0xC6, 0xE1, 0xF8, 
        0xC6, 0xE1, 0xF8, 0xC6, 0xE1, 0xF8, 0xC6, 0xE1, 0xF8, 0xC6, 0xE1, 0xF8, 0xC6, 0xE1, 0xF8, 0xC6, 0xE1, 0xF8, 0xC6, 0xE1, 0xF8, 0xC6, 0xE1, 0xF8, 0xC6, 0xE1, 0xF8, 0xC6, 0xE1, 0xF8, 0xC6, 0xE1, 0xF8, 0xC6, 0xE1, 0xF8, 0xC6, 0xE1, 0xF8, 
        0xC6, 0xE1, 0xF8, 0xC6, 0xE1, 0xF8, 0xC6, 0xE1, 0xF8, 0xC6, 0xE1, 0xF8, 0xC6, 0xE1, 0xF8, 0xC6, 0xE1, 0xF8, 0xC6, 0xE1, 0xF8, 0xC6, 0xE1, 0xF8, 0xC6, 0xE1, 0xF8, 0xC6, 0xE1, 0xF8, 0xC6, 0xE1, 0xF8, 0xC6, 0xE1, 0xF8, 0xC6, 0xE1, 0xF8, 
        0xC6, 0xE1, 0xF8, 0xC6, 0xE1, 0xF8, 0xC6, 0xE1, 0xF8, 0xC6, 0xE1, 0xF8, 0xC6, 0xE1, 0xF8, 0xC6, 0xE1, 0xF8, 0xC6, 0xE1, 0xF8, 0xC6, 0xE1, 0xF8, 0xC6, 0xE1, 0xF8, 0xC6, 0xE1, 0xF8, 0xC6, 0xE1, 0xF8, 0xC6, 0xE1, 0xF8, 0xC6, 0xE1, 0xF8, 
        0xC6, 0xE1, 0xF8, 0xC6, 0xE1, 0xF8, 0xC6, 0xE1, 0xF8, 0xC6, 0xE1, 0xF8, 0xC6, 0xE1, 0xF8, 0xC6, 0xE1, 0xF8, 0xC6, 0xE1, 0xF8, 0xC6, 0xE1, 0xF8, 0xC6, 0xE1, 0xF8, 0xC6, 0xE1, 0xF8, 0xC6, 0xE1, 0xF8, 0xC6, 0xE1, 0xF8, 0xC6, 0xE1, 0xF8, 
        0xC6, 0xE1, 0xF8, 0xC6, 0xE1, 0xF8, 0xC6, 0xE1, 0xF8, 0xC6, 0xE1, 0xF8, 0xC6, 0xE1, 0xF8, 0xC6, 0xE1, 0xF8, 0xC6, 0xE1, 0xF8, 0xC6, 0xE1, 0xF8, 0xC6, 0xE1, 0xF8, 0xC6, 0xE1, 0xF8, 0xC6, 0xE1, 0xF8, 0xC6, 0xE1, 0xF8, 0xC6, 0xE1, 0xF8, 
        0xC6, 0xE1, 0xF8, 0xC6, 0xE1, 0xF8, 0xC6, 0xE1, 0xF8, 0xC6, 0xE1, 0xF8, 0xC6, 0xE1, 0xF8, 0xC6, 0xE1, 0xF8, 0xC6, 0xE1, 0xF8, 0xC6, 0xE1, 0xF8, 0xC6, 0xE1, 0xF8, 0xC6, 0xE1, 0xF8, 0xC6, 0xE1, 0xF8, 0xC6, 0xE1, 0xF8, 0xC6, 0xE1, 0xF8, 
        0xC6, 0xE1, 0xF8, 0xC6, 0xE1, 0xF8, 0xC6, 0xE1, 0xF8, 0xC6, 0xE1, 0xF8, 0xC6, 0xE1, 0xF8, 0xC6, 0xE1, 0xF8, 0xC6, 0xE1, 0xF8, 0xC6, 0xE1, 0xF8, 0xC6, 0xE1, 0xF8, 0xC6, 0xE1, 0xF8, 0xC6, 0xE1, 0xF8, 0xC6, 0xE1, 0xF8, 0xC6, 0xE1, 0xF8, 
        0xC6, 0xE1, 0xF8, 0xC6, 0xE1, 0xF8, 0xC6, 0xE1, 0xF8, 0xC6, 0xE1, 0xF8, 0xC6, 0xE1, 0xF8, 0xC6, 0xE1, 0xF8, 0xC6, 0xE1, 0xF8, 0xC6, 0xE1, 0xF8, 0xC6, 0xE1, 0xF8, 0xC6, 0xE1, 0xF8, 0xC6, 0xE1, 0xF8, 0xC6, 0xE1, 0xF8, 0xC6, 0xE1, 0xF8, 
        0xC6, 0xE1, 0xF8, 0xC6, 0xE1, 0xF8, 0xC6, 0xE1, 0xF8, 0xC6, 0xE1, 0xF8, 0xC6, 0xE1, 0xF8, 0xC6, 0xE1, 0xF8, 0xC6, 0xE1, 0xF8, 0xC6, 0xE1, 0xF8, 0xC6, 0xE1, 0xF8, 0xC6, 0xE1, 0xF8, 0xC6, 0xE1, 0xF8, 0xC6, 0xE1, 0xF8, 0xC6, 0xE1, 0xF8, 
        0xC6, 0xE1, 0xF8, 0xC6, 0xE1, 0xF8, 0xC6, 0xE1, 0xF8, 0xC6, 0xE1, 0xF8, 0xC6, 0xE1, 0xF8, 0xC6, 0xE1, 0xF8, 0xC6, 0xE1, 0xF8, 0xC6, 0xE1, 0xF8, 0xC6, 0xE1, 0xF8, 0xC6, 0xE1, 0xF8, 0xC6, 0xE1, 0xF8, 0xC6, 0xE1, 0xF8, 0xC6, 0xE1, 0xF8, 
        0xC6, 0xE1, 0xF8, 0xC6, 0xE1, 0xF8, 0xC6, 0xE1, 0xF8, 0xC6, 0xE1, 0xF8, 0xC6, 0xE1, 0xF8, 0xC6, 0xE1, 0xF8, 0xC6, 0xE1, 0xF8, 0xC6, 0xE1, 0xF8, 0xC6, 0xE1, 0xF8, 0xC6, 0xE1, 0xF8, 0xC6, 0xE1, 0xF8, 0xC6, 0xE1, 0xF8, 0xC6, 0xE1, 0xF8, 
        0xC6, 0xE1, 0xF8, 0xC6, 0xE1, 0xF8, 0xC6, 0xE1, 0xF8, 0xC6, 0xE1, 0xF8, 0xC6, 0xE1, 0xF8, 0xC6, 0xE1, 0xF8, 0xC6, 0xE1, 0xF8, 0xC6, 0xE1, 0xF8, 0xC6, 0xE1, 0xF8, 0xC6, 0xE1, 0xF8, 0xC6, 0xE1, 0xF8, 0xC6, 0xE1, 0xF8, 0xC6, 0xE1, 0xF8, 
        0xC6, 0xE1, 0xF8, 0xC6, 0xE1, 0xF8, 0xC6, 0xE1, 0xF8, 0xC6, 0xE1, 0xF8, 0xC6, 0xE1, 0xF8, 0xC6, 0xE1, 0xF8, 0xC6, 0xE1, 0xF8, 0xC6, 0xE1, 0xF8, 0xBF, 0xDD, 0xF7, 0x6D, 0xA9, 0xE9,
  0xC6, 0xE1, 0xF8, 0xC6, 0xE1, 0xF8, 0xC6, 0xE1, 0xF8, 0xC6, 0xE1, 0xF8, 0xC6, 0xE1, 0xF8, 0xC6, 0xE1, 0xF8, 0xC6, 0xE1, 0xF8, 0xC6, 0xE1, 0xF8, 0xC6, 0xE1, 0xF8, 0xC6, 0xE1, 0xF8, 0xC6, 0xE1, 0xF8, 0xC6, 0xE1, 0xF8, 0xC6, 0xE1, 0xF8, 0xC6, 0xE1, 0xF8, 
        0xC6, 0xE1, 0xF8, 0xC6, 0xE1, 0xF8, 0xC6, 0xE1, 0xF8, 0xC6, 0xE1, 0xF8, 0xC6, 0xE1, 0xF8, 0xC6, 0xE1, 0xF8, 0xC6, 0xE1, 0xF8, 0xC6, 0xE1, 0xF8, 0xC6, 0xE1, 0xF8, 0xC6, 0xE1, 0xF8, 0xC6, 0xE1, 0xF8, 0xC6, 0xE1, 0xF8, 0xC6, 0xE1, 0xF8, 
        0xC6, 0xE1, 0xF8, 0xC6, 0xE1, 0xF8, 0xC6, 0xE1, 0xF8, 0xC6, 0xE1, 0xF8, 0xC6, 0xE1, 0xF8, 0xC6, 0xE1, 0xF8, 0xC6, 0xE1, 0xF8, 0xC6, 0xE1, 0xF8, 0xC6, 0xE1, 0xF8, 0xC6, 0xE1, 0xF8, 0xC6, 0xE1, 0xF8, 0xC6, 0xE1, 0xF8, 0xC6, 0xE1, 0xF8, 
        0xC6, 0xE1, 0xF8, 0xC6, 0xE1, 0xF8, 0xC6, 0xE1, 0xF8, 0xC6, 0xE1, 0xF8, 0xC6, 0xE1, 0xF8, 0xC6, 0xE1, 0xF8, 0xC6, 0xE1, 0xF8, 0xC6, 0xE1, 0xF8, 0xC6, 0xE1, 0xF8, 0xC6, 0xE1, 0xF8, 0xC6, 0xE1, 0xF8, 0xC6, 0xE1, 0xF8, 0xC6, 0xE1, 0xF8, 
        0xC6, 0xE1, 0xF8, 0xC6, 0xE1, 0xF8, 0xC6, 0xE1, 0xF8, 0xC6, 0xE1, 0xF8, 0xC6, 0xE1, 0xF8, 0xC6, 0xE1, 0xF8, 0xC6, 0xE1, 0xF8, 0xC6, 0xE1, 0xF8, 0xC6, 0xE1, 0xF8, 0xC6, 0xE1, 0xF8, 0xC6, 0xE1, 0xF8, 0xC6, 0xE1, 0xF8, 0xC6, 0xE1, 0xF8, 
        0xC6, 0xE1, 0xF8, 0xC6, 0xE1, 0xF8, 0xC6, 0xE1, 0xF8, 0xC6, 0xE1, 0xF8, 0xC6, 0xE1, 0xF8, 0xC6, 0xE1, 0xF8, 0xC6, 0xE1, 0xF8, 0xC6, 0xE1, 0xF8, 0xC6, 0xE1, 0xF8, 0xC6, 0xE1, 0xF8, 0xC6, 0xE1, 0xF8, 0xC6, 0xE1, 0xF8, 0xC6, 0xE1, 0xF8, 
        0xC6, 0xE1, 0xF8, 0xC6, 0xE1, 0xF8, 0xC6, 0xE1, 0xF8, 0xC6, 0xE1, 0xF8, 0xC6, 0xE1, 0xF8, 0xC6, 0xE1, 0xF8, 0xC6, 0xE1, 0xF8, 0xC6, 0xE1, 0xF8, 0xC6, 0xE1, 0xF8, 0xC6, 0xE1, 0xF8, 0xC6, 0xE1, 0xF8, 0xC6, 0xE1, 0xF8, 0xC6, 0xE1, 0xF8, 
        0xC6, 0xE1, 0xF8, 0xC6, 0xE1, 0xF8, 0xC6, 0xE1, 0xF8, 0xC6, 0xE1, 0xF8, 0xC6, 0xE1, 0xF8, 0xC6, 0xE1, 0xF8, 0xC6, 0xE1, 0xF8, 0xC6, 0xE1, 0xF8, 0xC6, 0xE1, 0xF8, 0xC6, 0xE1, 0xF8, 0xC6, 0xE1, 0xF8, 0xC6, 0xE1, 0xF8, 0xC6, 0xE1, 0xF8, 
        0xC6, 0xE1, 0xF8, 0xC6, 0xE1, 0xF8, 0xC6, 0xE1, 0xF8, 0xC6, 0xE1, 0xF8, 0xC6, 0xE1, 0xF8, 0xC6, 0xE1, 0xF8, 0xC6, 0xE1, 0xF8, 0xC6, 0xE1, 0xF8, 0xC6, 0xE1, 0xF8, 0xC6, 0xE1, 0xF8, 0xC6, 0xE1, 0xF8, 0xC6, 0xE1, 0xF8, 0xC6, 0xE1, 0xF8, 
        0xC6, 0xE1, 0xF8, 0xC6, 0xE1, 0xF8, 0xC6, 0xE1, 0xF8, 0xC6, 0xE1, 0xF8, 0xC6, 0xE1, 0xF8, 0xC6, 0xE1, 0xF8, 0xC6, 0xE1, 0xF8, 0xC6, 0xE1, 0xF8, 0xC6, 0xE1, 0xF8, 0xC6, 0xE1, 0xF8, 0xC6, 0xE1, 0xF8, 0xC6, 0xE1, 0xF8, 0xC6, 0xE1, 0xF8, 
        0xC6, 0xE1, 0xF8, 0xC6, 0xE1, 0xF8, 0xC6, 0xE1, 0xF8, 0xC6, 0xE1, 0xF8, 0xC6, 0xE1, 0xF8, 0xC6, 0xE1, 0xF8, 0xC6, 0xE1, 0xF8, 0xC6, 0xE1, 0xF8, 0xC6, 0xE1, 0xF8, 0xC6, 0xE1, 0xF8, 0xC6, 0xE1, 0xF8, 0xC6, 0xE1, 0xF8, 0xC6, 0xE1, 0xF8, 
        0xC6, 0xE1, 0xF8, 0xC6, 0xE1, 0xF8, 0xC6, 0xE1, 0xF8, 0xC6, 0xE1, 0xF8, 0xC6, 0xE1, 0xF8, 0xC6, 0xE1, 0xF8, 0xC6, 0xE1, 0xF8, 0xC6, 0xE1, 0xF8, 0xC6, 0xE1, 0xF8, 0xC6, 0xE1, 0xF8, 0xC6, 0xE1, 0xF8, 0xC6, 0xE1, 0xF8, 0xC6, 0xE1, 0xF8, 
        0xC6, 0xE1, 0xF8, 0xC6, 0xE1, 0xF8, 0xC6, 0xE1, 0xF8, 0xC6, 0xE1, 0xF8, 0xC6, 0xE1, 0xF8, 0xC6, 0xE1, 0xF8, 0xC6, 0xE1, 0xF8, 0xC6, 0xE1, 0xF8, 0xC6, 0xE1, 0xF8, 0xC6, 0xE1, 0xF8, 0xC6, 0xE1, 0xF8, 0xC6, 0xE1, 0xF8, 0xC6, 0xE1, 0xF8, 
        0xC6, 0xE1, 0xF8, 0xC6, 0xE1, 0xF8, 0xC6, 0xE1, 0xF8, 0xC6, 0xE1, 0xF8, 0xC6, 0xE1, 0xF8, 0xC6, 0xE1, 0xF8, 0xC6, 0xE1, 0xF8, 0xC6, 0xE1, 0xF8, 0xB7, 0xD8, 0xF5, 0x79, 0xB1, 0xEB,
  0xC6, 0xE1, 0xF8, 0xC6, 0xE1, 0xF8, 0xC6, 0xE1, 0xF8, 0xC6, 0xE1, 0xF8, 0xC6, 0xE1, 0xF8, 0xC6, 0xE1, 0xF8, 0xC6, 0xE1, 0xF8, 0xC6, 0xE1, 0xF8, 0xC6, 0xE1, 0xF8, 0xC6, 0xE1, 0xF8, 0xC6, 0xE1, 0xF8, 0xC6, 0xE1, 0xF8, 0xC6, 0xE1, 0xF8, 0xC6, 0xE1, 0xF8, 
        0xC6, 0xE1, 0xF8, 0xC6, 0xE1, 0xF8, 0xC6, 0xE1, 0xF8, 0xC6, 0xE1, 0xF8, 0xC6, 0xE1, 0xF8, 0xC6, 0xE1, 0xF8, 0xC6, 0xE1, 0xF8, 0xC6, 0xE1, 0xF8, 0xC6, 0xE1, 0xF8, 0xC6, 0xE1, 0xF8, 0xC6, 0xE1, 0xF8, 0xC6, 0xE1, 0xF8, 0xC6, 0xE1, 0xF8, 
        0xC6, 0xE1, 0xF8, 0xC6, 0xE1, 0xF8, 0xC6, 0xE1, 0xF8, 0xC6, 0xE1, 0xF8, 0xC6, 0xE1, 0xF8, 0xC6, 0xE1, 0xF8, 0xC6, 0xE1, 0xF8, 0xC6, 0xE1, 0xF8, 0xC6, 0xE1, 0xF8, 0xC6, 0xE1, 0xF8, 0xC6, 0xE1, 0xF8, 0xC6, 0xE1, 0xF8, 0xC6, 0xE1, 0xF8, 
        0xC6, 0xE1, 0xF8, 0xC6, 0xE1, 0xF8, 0xC6, 0xE1, 0xF8, 0xC6, 0xE1, 0xF8, 0xC6, 0xE1, 0xF8, 0xC6, 0xE1, 0xF8, 0xC6, 0xE1, 0xF8, 0xC6, 0xE1, 0xF8, 0xC6, 0xE1, 0xF8, 0xC6, 0xE1, 0xF8, 0xC6, 0xE1, 0xF8, 0xC6, 0xE1, 0xF8, 0xC6, 0xE1, 0xF8, 
        0xC6, 0xE1, 0xF8, 0xC6, 0xE1, 0xF8, 0xC6, 0xE1, 0xF8, 0xC6, 0xE1, 0xF8, 0xC6, 0xE1, 0xF8, 0xC6, 0xE1, 0xF8, 0xC6, 0xE1, 0xF8, 0xC6, 0xE1, 0xF8, 0xC6, 0xE1, 0xF8, 0xC6, 0xE1, 0xF8, 0xC6, 0xE1, 0xF8, 0xC6, 0xE1, 0xF8, 0xC6, 0xE1, 0xF8, 
        0xC6, 0xE1, 0xF8, 0xC6, 0xE1, 0xF8, 0xC6, 0xE1, 0xF8, 0xC6, 0xE1, 0xF8, 0xC6, 0xE1, 0xF8, 0xC6, 0xE1, 0xF8, 0xC6, 0xE1, 0xF8, 0xC6, 0xE1, 0xF8, 0xC6, 0xE1, 0xF8, 0xC6, 0xE1, 0xF8, 0xC6, 0xE1, 0xF8, 0xC6, 0xE1, 0xF8, 0xC6, 0xE1, 0xF8, 
        0xC6, 0xE1, 0xF8, 0xC6, 0xE1, 0xF8, 0xC6, 0xE1, 0xF8, 0xC6, 0xE1, 0xF8, 0xC6, 0xE1, 0xF8, 0xC6, 0xE1, 0xF8, 0xC6, 0xE1, 0xF8, 0xC6, 0xE1, 0xF8, 0xC6, 0xE1, 0xF8, 0xC6, 0xE1, 0xF8, 0xC6, 0xE1, 0xF8, 0xC6, 0xE1, 0xF8, 0xC6, 0xE1, 0xF8, 
        0xC6, 0xE1, 0xF8, 0xC6, 0xE1, 0xF8, 0xC6, 0xE1, 0xF8, 0xC6, 0xE1, 0xF8, 0xC6, 0xE1, 0xF8, 0xC6, 0xE1, 0xF8, 0xC6, 0xE1, 0xF8, 0xC6, 0xE1, 0xF8, 0xC6, 0xE1, 0xF8, 0xC6, 0xE1, 0xF8, 0xC6, 0xE1, 0xF8, 0xC6, 0xE1, 0xF8, 0xC6, 0xE1, 0xF8, 
        0xC6, 0xE1, 0xF8, 0xC6, 0xE1, 0xF8, 0xC6, 0xE1, 0xF8, 0xC6, 0xE1, 0xF8, 0xC6, 0xE1, 0xF8, 0xC6, 0xE1, 0xF8, 0xC6, 0xE1, 0xF8, 0xC6, 0xE1, 0xF8, 0xC6, 0xE1, 0xF8, 0xC6, 0xE1, 0xF8, 0xC6, 0xE1, 0xF8, 0xC6, 0xE1, 0xF8, 0xC6, 0xE1, 0xF8, 
        0xC6, 0xE1, 0xF8, 0xC6, 0xE1, 0xF8, 0xC6, 0xE1, 0xF8, 0xC6, 0xE1, 0xF8, 0xC6, 0xE1, 0xF8, 0xC6, 0xE1, 0xF8, 0xC6, 0xE1, 0xF8, 0xC6, 0xE1, 0xF8, 0xC6, 0xE1, 0xF8, 0xC6, 0xE1, 0xF8, 0xC6, 0xE1, 0xF8, 0xC6, 0xE1, 0xF8, 0xC6, 0xE1, 0xF8, 
        0xC6, 0xE1, 0xF8, 0xC6, 0xE1, 0xF8, 0xC6, 0xE1, 0xF8, 0xC6, 0xE1, 0xF8, 0xC6, 0xE1, 0xF8, 0xC6, 0xE1, 0xF8, 0xC6, 0xE1, 0xF8, 0xC6, 0xE1, 0xF8, 0xC6, 0xE1, 0xF8, 0xC6, 0xE1, 0xF8, 0xC6, 0xE1, 0xF8, 0xC6, 0xE1, 0xF8, 0xC6, 0xE1, 0xF8, 
        0xC6, 0xE1, 0xF8, 0xC6, 0xE1, 0xF8, 0xC6, 0xE1, 0xF8, 0xC6, 0xE1, 0xF8, 0xC6, 0xE1, 0xF8, 0xC6, 0xE1, 0xF8, 0xC6, 0xE1, 0xF8, 0xC6, 0xE1, 0xF8, 0xC6, 0xE1, 0xF8, 0xC6, 0xE1, 0xF8, 0xC6, 0xE1, 0xF8, 0xC6, 0xE1, 0xF8, 0xC6, 0xE1, 0xF8, 
        0xC6, 0xE1, 0xF8, 0xC6, 0xE1, 0xF8, 0xC6, 0xE1, 0xF8, 0xC6, 0xE1, 0xF8, 0xC6, 0xE1, 0xF8, 0xC6, 0xE1, 0xF8, 0xC6, 0xE1, 0xF8, 0xC6, 0xE1, 0xF8, 0xC6, 0xE1, 0xF8, 0xC6, 0xE1, 0xF8, 0xC6, 0xE1, 0xF8, 0xC6, 0xE1, 0xF8, 0xC6, 0xE1, 0xF8, 
        0xC6, 0xE1, 0xF8, 0xC6, 0xE1, 0xF8, 0xC6, 0xE1, 0xF8, 0xC6, 0xE1, 0xF8, 0xC6, 0xE1, 0xF8, 0xC6, 0xE1, 0xF8, 0xC6, 0xE1, 0xF8, 0xC6, 0xE1, 0xF8, 0xA9, 0xCF, 0xF3, 0x90, 0xBE, 0xEE,
  0xC6, 0xE1, 0xF8, 0xC6, 0xE1, 0xF8, 0xC6, 0xE1, 0xF8, 0xC6, 0xE1, 0xF8, 0xC6, 0xE1, 0xF8, 0xC6, 0xE1, 0xF8, 0xC6, 0xE1, 0xF8, 0xC6, 0xE1, 0xF8, 0xC6, 0xE1, 0xF8, 0xC6, 0xE1, 0xF8, 0xC6, 0xE1, 0xF8, 0xC6, 0xE1, 0xF8, 0xC6, 0xE1, 0xF8, 0xC6, 0xE1, 0xF8, 
        0xC6, 0xE1, 0xF8, 0xC6, 0xE1, 0xF8, 0xC6, 0xE1, 0xF8, 0xC6, 0xE1, 0xF8, 0xC6, 0xE1, 0xF8, 0xC6, 0xE1, 0xF8, 0xC6, 0xE1, 0xF8, 0xC6, 0xE1, 0xF8, 0xC6, 0xE1, 0xF8, 0xC6, 0xE1, 0xF8, 0xC6, 0xE1, 0xF8, 0xC6, 0xE1, 0xF8, 0xC6, 0xE1, 0xF8, 
        0xC6, 0xE1, 0xF8, 0xC6, 0xE1, 0xF8, 0xC6, 0xE1, 0xF8, 0xC6, 0xE1, 0xF8, 0xC6, 0xE1, 0xF8, 0xC6, 0xE1, 0xF8, 0xC6, 0xE1, 0xF8, 0xC6, 0xE1, 0xF8, 0xC6, 0xE1, 0xF8, 0xC6, 0xE1, 0xF8, 0xC6, 0xE1, 0xF8, 0xC6, 0xE1, 0xF8, 0xC6, 0xE1, 0xF8, 
        0xC6, 0xE1, 0xF8, 0xC6, 0xE1, 0xF8, 0xC6, 0xE1, 0xF8, 0xC6, 0xE1, 0xF8, 0xC6, 0xE1, 0xF8, 0xC6, 0xE1, 0xF8, 0xC6, 0xE1, 0xF8, 0xC6, 0xE1, 0xF8, 0xC6, 0xE1, 0xF8, 0xC6, 0xE1, 0xF8, 0xC6, 0xE1, 0xF8, 0xC6, 0xE1, 0xF8, 0xC6, 0xE1, 0xF8, 
        0xC6, 0xE1, 0xF8, 0xC6, 0xE1, 0xF8, 0xC6, 0xE1, 0xF8, 0xC6, 0xE1, 0xF8, 0xC6, 0xE1, 0xF8, 0xC6, 0xE1, 0xF8, 0xC6, 0xE1, 0xF8, 0xC6, 0xE1, 0xF8, 0xC6, 0xE1, 0xF8, 0xC6, 0xE1, 0xF8, 0xC6, 0xE1, 0xF8, 0xC6, 0xE1, 0xF8, 0xC6, 0xE1, 0xF8, 
        0xC6, 0xE1, 0xF8, 0xC6, 0xE1, 0xF8, 0xC6, 0xE1, 0xF8, 0xC6, 0xE1, 0xF8, 0xC6, 0xE1, 0xF8, 0xC6, 0xE1, 0xF8, 0xC6, 0xE1, 0xF8, 0xC6, 0xE1, 0xF8, 0xC6, 0xE1, 0xF8, 0xC6, 0xE1, 0xF8, 0xC6, 0xE1, 0xF8, 0xC6, 0xE1, 0xF8, 0xC6, 0xE1, 0xF8, 
        0xC6, 0xE1, 0xF8, 0xC6, 0xE1, 0xF8, 0xC6, 0xE1, 0xF8, 0xC6, 0xE1, 0xF8, 0xC6, 0xE1, 0xF8, 0xC6, 0xE1, 0xF8, 0xC6, 0xE1, 0xF8, 0xC6, 0xE1, 0xF8, 0xC6, 0xE1, 0xF8, 0xC6, 0xE1, 0xF8, 0xC6, 0xE1, 0xF8, 0xC6, 0xE1, 0xF8, 0xC6, 0xE1, 0xF8, 
        0xC6, 0xE1, 0xF8, 0xC6, 0xE1, 0xF8, 0xC6, 0xE1, 0xF8, 0xC6, 0xE1, 0xF8, 0xC6, 0xE1, 0xF8, 0xC6, 0xE1, 0xF8, 0xC6, 0xE1, 0xF8, 0xC6, 0xE1, 0xF8, 0xC6, 0xE1, 0xF8, 0xC6, 0xE1, 0xF8, 0xC6, 0xE1, 0xF8, 0xC6, 0xE1, 0xF8, 0xC6, 0xE1, 0xF8, 
        0xC6, 0xE1, 0xF8, 0xC6, 0xE1, 0xF8, 0xC6, 0xE1, 0xF8, 0xC6, 0xE1, 0xF8, 0xC6, 0xE1, 0xF8, 0xC6, 0xE1, 0xF8, 0xC6, 0xE1, 0xF8, 0xC6, 0xE1, 0xF8, 0xC6, 0xE1, 0xF8, 0xC6, 0xE1, 0xF8, 0xC6, 0xE1, 0xF8, 0xC6, 0xE1, 0xF8, 0xC6, 0xE1, 0xF8, 
        0xC6, 0xE1, 0xF8, 0xC6, 0xE1, 0xF8, 0xC6, 0xE1, 0xF8, 0xC6, 0xE1, 0xF8, 0xC6, 0xE1, 0xF8, 0xC6, 0xE1, 0xF8, 0xC6, 0xE1, 0xF8, 0xC6, 0xE1, 0xF8, 0xC6, 0xE1, 0xF8, 0xC6, 0xE1, 0xF8, 0xC6, 0xE1, 0xF8, 0xC6, 0xE1, 0xF8, 0xC6, 0xE1, 0xF8, 
        0xC6, 0xE1, 0xF8, 0xC6, 0xE1, 0xF8, 0xC6, 0xE1, 0xF8, 0xC6, 0xE1, 0xF8, 0xC6, 0xE1, 0xF8, 0xC6, 0xE1, 0xF8, 0xC6, 0xE1, 0xF8, 0xC6, 0xE1, 0xF8, 0xC6, 0xE1, 0xF8, 0xC6, 0xE1, 0xF8, 0xC6, 0xE1, 0xF8, 0xC6, 0xE1, 0xF8, 0xC6, 0xE1, 0xF8, 
        0xC6, 0xE1, 0xF8, 0xC6, 0xE1, 0xF8, 0xC6, 0xE1, 0xF8, 0xC6, 0xE1, 0xF8, 0xC6, 0xE1, 0xF8, 0xC6, 0xE1, 0xF8, 0xC6, 0xE1, 0xF8, 0xC6, 0xE1, 0xF8, 0xC6, 0xE1, 0xF8, 0xC6, 0xE1, 0xF8, 0xC6, 0xE1, 0xF8, 0xC6, 0xE1, 0xF8, 0xC6, 0xE1, 0xF8, 
        0xC6, 0xE1, 0xF8, 0xC6, 0xE1, 0xF8, 0xC6, 0xE1, 0xF8, 0xC6, 0xE1, 0xF8, 0xC6, 0xE1, 0xF8, 0xC6, 0xE1, 0xF8, 0xC6, 0xE1, 0xF8, 0xC6, 0xE1, 0xF8, 0xC6, 0xE1, 0xF8, 0xC6, 0xE1, 0xF8, 0xC6, 0xE1, 0xF8, 0xC6, 0xE1, 0xF8, 0xC6, 0xE1, 0xF8, 
        0xC6, 0xE1, 0xF8, 0xC6, 0xE1, 0xF8, 0xC6, 0xE1, 0xF8, 0xC6, 0xE1, 0xF8, 0xC6, 0xE1, 0xF8, 0xC6, 0xE1, 0xF8, 0xC6, 0xE1, 0xF8, 0xC6, 0xE1, 0xF8, 0x99, 0xC5, 0xF0, 0xA9, 0xCC, 0xF2,
  0xC6, 0xE1, 0xF8, 0xC6, 0xE1, 0xF8, 0xC6, 0xE1, 0xF8, 0xC6, 0xE1, 0xF8, 0xC6, 0xE1, 0xF8, 0xC6, 0xE1, 0xF8, 0xC6, 0xE1, 0xF8, 0xC6, 0xE1, 0xF8, 0xC6, 0xE1, 0xF8, 0xC6, 0xE1, 0xF8, 0xC6, 0xE1, 0xF8, 0xC6, 0xE1, 0xF8, 0xC6, 0xE1, 0xF8, 0xC6, 0xE1, 0xF8, 
        0xC6, 0xE1, 0xF8, 0xC6, 0xE1, 0xF8, 0xC6, 0xE1, 0xF8, 0xC6, 0xE1, 0xF8, 0xC6, 0xE1, 0xF8, 0xC6, 0xE1, 0xF8, 0xC6, 0xE1, 0xF8, 0xC6, 0xE1, 0xF8, 0xC6, 0xE1, 0xF8, 0xC6, 0xE1, 0xF8, 0xC6, 0xE1, 0xF8, 0xC6, 0xE1, 0xF8, 0xC6, 0xE1, 0xF8, 
        0xC6, 0xE1, 0xF8, 0xC6, 0xE1, 0xF8, 0xC6, 0xE1, 0xF8, 0xC6, 0xE1, 0xF8, 0xC6, 0xE1, 0xF8, 0xC6, 0xE1, 0xF8, 0xC6, 0xE1, 0xF8, 0xC6, 0xE1, 0xF8, 0xC6, 0xE1, 0xF8, 0xC6, 0xE1, 0xF8, 0xC6, 0xE1, 0xF8, 0xC6, 0xE1, 0xF8, 0xC6, 0xE1, 0xF8, 
        0xC6, 0xE1, 0xF8, 0xC6, 0xE1, 0xF8, 0xC6, 0xE1, 0xF8, 0xC6, 0xE1, 0xF8, 0xC6, 0xE1, 0xF8, 0xC6, 0xE1, 0xF8, 0xC6, 0xE1, 0xF8, 0xC6, 0xE1, 0xF8, 0xC6, 0xE1, 0xF8, 0xC6, 0xE1, 0xF8, 0xC6, 0xE1, 0xF8, 0xC6, 0xE1, 0xF8, 0xC6, 0xE1, 0xF8, 
        0xC6, 0xE1, 0xF8, 0xC6, 0xE1, 0xF8, 0xC6, 0xE1, 0xF8, 0xC6, 0xE1, 0xF8, 0xC6, 0xE1, 0xF8, 0xC6, 0xE1, 0xF8, 0xC6, 0xE1, 0xF8, 0xC6, 0xE1, 0xF8, 0xC6, 0xE1, 0xF8, 0xC6, 0xE1, 0xF8, 0xC6, 0xE1, 0xF8, 0xC6, 0xE1, 0xF8, 0xC6, 0xE1, 0xF8, 
        0xC6, 0xE1, 0xF8, 0xC6, 0xE1, 0xF8, 0xC6, 0xE1, 0xF8, 0xC6, 0xE1, 0xF8, 0xC6, 0xE1, 0xF8, 0xC6, 0xE1, 0xF8, 0xC6, 0xE1, 0xF8, 0xC6, 0xE1, 0xF8, 0xC6, 0xE1, 0xF8, 0xC6, 0xE1, 0xF8, 0xC6, 0xE1, 0xF8, 0xC6, 0xE1, 0xF8, 0xC6, 0xE1, 0xF8, 
        0xC6, 0xE1, 0xF8, 0xC6, 0xE1, 0xF8, 0xC6, 0xE1, 0xF8, 0xC6, 0xE1, 0xF8, 0xC6, 0xE1, 0xF8, 0xC6, 0xE1, 0xF8, 0xC6, 0xE1, 0xF8, 0xC6, 0xE1, 0xF8, 0xC6, 0xE1, 0xF8, 0xC6, 0xE1, 0xF8, 0xC6, 0xE1, 0xF8, 0xC6, 0xE1, 0xF8, 0xC6, 0xE1, 0xF8, 
        0xC6, 0xE1, 0xF8, 0xC6, 0xE1, 0xF8, 0xC6, 0xE1, 0xF8, 0xC6, 0xE1, 0xF8, 0xC6, 0xE1, 0xF8, 0xC6, 0xE1, 0xF8, 0xC6, 0xE1, 0xF8, 0xC6, 0xE1, 0xF8, 0xC6, 0xE1, 0xF8, 0xC6, 0xE1, 0xF8, 0xC6, 0xE1, 0xF8, 0xC6, 0xE1, 0xF8, 0xC6, 0xE1, 0xF8, 
        0xC6, 0xE1, 0xF8, 0xC6, 0xE1, 0xF8, 0xC6, 0xE1, 0xF8, 0xC6, 0xE1, 0xF8, 0xC6, 0xE1, 0xF8, 0xC6, 0xE1, 0xF8, 0xC6, 0xE1, 0xF8, 0xC6, 0xE1, 0xF8, 0xC6, 0xE1, 0xF8, 0xC6, 0xE1, 0xF8, 0xC6, 0xE1, 0xF8, 0xC6, 0xE1, 0xF8, 0xC6, 0xE1, 0xF8, 
        0xC6, 0xE1, 0xF8, 0xC6, 0xE1, 0xF8, 0xC6, 0xE1, 0xF8, 0xC6, 0xE1, 0xF8, 0xC6, 0xE1, 0xF8, 0xC6, 0xE1, 0xF8, 0xC6, 0xE1, 0xF8, 0xC6, 0xE1, 0xF8, 0xC6, 0xE1, 0xF8, 0xC6, 0xE1, 0xF8, 0xC6, 0xE1, 0xF8, 0xC6, 0xE1, 0xF8, 0xC6, 0xE1, 0xF8, 
        0xC6, 0xE1, 0xF8, 0xC6, 0xE1, 0xF8, 0xC6, 0xE1, 0xF8, 0xC6, 0xE1, 0xF8, 0xC6, 0xE1, 0xF8, 0xC6, 0xE1, 0xF8, 0xC6, 0xE1, 0xF8, 0xC6, 0xE1, 0xF8, 0xC6, 0xE1, 0xF8, 0xC6, 0xE1, 0xF8, 0xC6, 0xE1, 0xF8, 0xC6, 0xE1, 0xF8, 0xC6, 0xE1, 0xF8, 
        0xC6, 0xE1, 0xF8, 0xC6, 0xE1, 0xF8, 0xC6, 0xE1, 0xF8, 0xC6, 0xE1, 0xF8, 0xC6, 0xE1, 0xF8, 0xC6, 0xE1, 0xF8, 0xC6, 0xE1, 0xF8, 0xC6, 0xE1, 0xF8, 0xC6, 0xE1, 0xF8, 0xC6, 0xE1, 0xF8, 0xC6, 0xE1, 0xF8, 0xC6, 0xE1, 0xF8, 0xC6, 0xE1, 0xF8, 
        0xC6, 0xE1, 0xF8, 0xC6, 0xE1, 0xF8, 0xC6, 0xE1, 0xF8, 0xC6, 0xE1, 0xF8, 0xC6, 0xE1, 0xF8, 0xC6, 0xE1, 0xF8, 0xC6, 0xE1, 0xF8, 0xC6, 0xE1, 0xF8, 0xC6, 0xE1, 0xF8, 0xC6, 0xE1, 0xF8, 0xC6, 0xE1, 0xF8, 0xC6, 0xE1, 0xF8, 0xC6, 0xE1, 0xF8, 
        0xC6, 0xE1, 0xF8, 0xC6, 0xE1, 0xF8, 0xC6, 0xE1, 0xF8, 0xC6, 0xE1, 0xF8, 0xC6, 0xE1, 0xF8, 0xC6, 0xE1, 0xF8, 0xC6, 0xE1, 0xF8, 0xC6, 0xE1, 0xF8, 0x81, 0xB6, 0xEC, 0xCE, 0xE2, 0xF8,
  0xC6, 0xE1, 0xF8, 0xC6, 0xE1, 0xF8, 0xC6, 0xE1, 0xF8, 0xC6, 0xE1, 0xF8, 0xC6, 0xE1, 0xF8, 0xC6, 0xE1, 0xF8, 0xC6, 0xE1, 0xF8, 0xC6, 0xE1, 0xF8, 0xC6, 0xE1, 0xF8, 0xC6, 0xE1, 0xF8, 0xC6, 0xE1, 0xF8, 0xC6, 0xE1, 0xF8, 0xC6, 0xE1, 0xF8, 0xC6, 0xE1, 0xF8, 
        0xC6, 0xE1, 0xF8, 0xC6, 0xE1, 0xF8, 0xC6, 0xE1, 0xF8, 0xC6, 0xE1, 0xF8, 0xC6, 0xE1, 0xF8, 0xC6, 0xE1, 0xF8, 0xC6, 0xE1, 0xF8, 0xC6, 0xE1, 0xF8, 0xC6, 0xE1, 0xF8, 0xC6, 0xE1, 0xF8, 0xC6, 0xE1, 0xF8, 0xC6, 0xE1, 0xF8, 0xC6, 0xE1, 0xF8, 
        0xC6, 0xE1, 0xF8, 0xC6, 0xE1, 0xF8, 0xC6, 0xE1, 0xF8, 0xC6, 0xE1, 0xF8, 0xC6, 0xE1, 0xF8, 0xC6, 0xE1, 0xF8, 0xC6, 0xE1, 0xF8, 0xC6, 0xE1, 0xF8, 0xC6, 0xE1, 0xF8, 0xC6, 0xE1, 0xF8, 0xC6, 0xE1, 0xF8, 0xC6, 0xE1, 0xF8, 0xC6, 0xE1, 0xF8, 
        0xC6, 0xE1, 0xF8, 0xC6, 0xE1, 0xF8, 0xC6, 0xE1, 0xF8, 0xC6, 0xE1, 0xF8, 0xC6, 0xE1, 0xF8, 0xC6, 0xE1, 0xF8, 0xC6, 0xE1, 0xF8, 0xC6, 0xE1, 0xF8, 0xC6, 0xE1, 0xF8, 0xC6, 0xE1, 0xF8, 0xC6, 0xE1, 0xF8, 0xC6, 0xE1, 0xF8, 0xC6, 0xE1, 0xF8, 
        0xC6, 0xE1, 0xF8, 0xC6, 0xE1, 0xF8, 0xC6, 0xE1, 0xF8, 0xC6, 0xE1, 0xF8, 0xC6, 0xE1, 0xF8, 0xC6, 0xE1, 0xF8, 0xC6, 0xE1, 0xF8, 0xC6, 0xE1, 0xF8, 0xC6, 0xE1, 0xF8, 0xC6, 0xE1, 0xF8, 0xC6, 0xE1, 0xF8, 0xC6, 0xE1, 0xF8, 0xC6, 0xE1, 0xF8, 
        0xC6, 0xE1, 0xF8, 0xC6, 0xE1, 0xF8, 0xC6, 0xE1, 0xF8, 0xC6, 0xE1, 0xF8, 0xC6, 0xE1, 0xF8, 0xC6, 0xE1, 0xF8, 0xC6, 0xE1, 0xF8, 0xC6, 0xE1, 0xF8, 0xC6, 0xE1, 0xF8, 0xC6, 0xE1, 0xF8, 0xC6, 0xE1, 0xF8, 0xC6, 0xE1, 0xF8, 0xC6, 0xE1, 0xF8, 
        0xC6, 0xE1, 0xF8, 0xC6, 0xE1, 0xF8, 0xC6, 0xE1, 0xF8, 0xC6, 0xE1, 0xF8, 0xC6, 0xE1, 0xF8, 0xC6, 0xE1, 0xF8, 0xC6, 0xE1, 0xF8, 0xC6, 0xE1, 0xF8, 0xC6, 0xE1, 0xF8, 0xC6, 0xE1, 0xF8, 0xC6, 0xE1, 0xF8, 0xC6, 0xE1, 0xF8, 0xC6, 0xE1, 0xF8, 
        0xC6, 0xE1, 0xF8, 0xC6, 0xE1, 0xF8, 0xC6, 0xE1, 0xF8, 0xC6, 0xE1, 0xF8, 0xC6, 0xE1, 0xF8, 0xC6, 0xE1, 0xF8, 0xC6, 0xE1, 0xF8, 0xC6, 0xE1, 0xF8, 0xC6, 0xE1, 0xF8, 0xC6, 0xE1, 0xF8, 0xC6, 0xE1, 0xF8, 0xC6, 0xE1, 0xF8, 0xC6, 0xE1, 0xF8, 
        0xC6, 0xE1, 0xF8, 0xC6, 0xE1, 0xF8, 0xC6, 0xE1, 0xF8, 0xC6, 0xE1, 0xF8, 0xC6, 0xE1, 0xF8, 0xC6, 0xE1, 0xF8, 0xC6, 0xE1, 0xF8, 0xC6, 0xE1, 0xF8, 0xC6, 0xE1, 0xF8, 0xC6, 0xE1, 0xF8, 0xC6, 0xE1, 0xF8, 0xC6, 0xE1, 0xF8, 0xC6, 0xE1, 0xF8, 
        0xC6, 0xE1, 0xF8, 0xC6, 0xE1, 0xF8, 0xC6, 0xE1, 0xF8, 0xC6, 0xE1, 0xF8, 0xC6, 0xE1, 0xF8, 0xC6, 0xE1, 0xF8, 0xC6, 0xE1, 0xF8, 0xC6, 0xE1, 0xF8, 0xC6, 0xE1, 0xF8, 0xC6, 0xE1, 0xF8, 0xC6, 0xE1, 0xF8, 0xC6, 0xE1, 0xF8, 0xC6, 0xE1, 0xF8, 
        0xC6, 0xE1, 0xF8, 0xC6, 0xE1, 0xF8, 0xC6, 0xE1, 0xF8, 0xC6, 0xE1, 0xF8, 0xC6, 0xE1, 0xF8, 0xC6, 0xE1, 0xF8, 0xC6, 0xE1, 0xF8, 0xC6, 0xE1, 0xF8, 0xC6, 0xE1, 0xF8, 0xC6, 0xE1, 0xF8, 0xC6, 0xE1, 0xF8, 0xC6, 0xE1, 0xF8, 0xC6, 0xE1, 0xF8, 
        0xC6, 0xE1, 0xF8, 0xC6, 0xE1, 0xF8, 0xC6, 0xE1, 0xF8, 0xC6, 0xE1, 0xF8, 0xC6, 0xE1, 0xF8, 0xC6, 0xE1, 0xF8, 0xC6, 0xE1, 0xF8, 0xC6, 0xE1, 0xF8, 0xC6, 0xE1, 0xF8, 0xC6, 0xE1, 0xF8, 0xC6, 0xE1, 0xF8, 0xC6, 0xE1, 0xF8, 0xC6, 0xE1, 0xF8, 
        0xC6, 0xE1, 0xF8, 0xC6, 0xE1, 0xF8, 0xC6, 0xE1, 0xF8, 0xC6, 0xE1, 0xF8, 0xC6, 0xE1, 0xF8, 0xC6, 0xE1, 0xF8, 0xC6, 0xE1, 0xF8, 0xC6, 0xE1, 0xF8, 0xC6, 0xE1, 0xF8, 0xC6, 0xE1, 0xF8, 0xC6, 0xE1, 0xF8, 0xC6, 0xE1, 0xF8, 0xC6, 0xE1, 0xF8, 
        0xC6, 0xE1, 0xF8, 0xC6, 0xE1, 0xF8, 0xC6, 0xE1, 0xF8, 0xC6, 0xE1, 0xF8, 0xC6, 0xE1, 0xF8, 0xC6, 0xE1, 0xF8, 0xC6, 0xE1, 0xF8, 0xC5, 0xE0, 0xF8, 0x64, 0xA4, 0xE7, 0xF5, 0xF9, 0xFD,
  0xC6, 0xE1, 0xF8, 0xC6, 0xE1, 0xF8, 0xC6, 0xE1, 0xF8, 0xC6, 0xE1, 0xF8, 0xC6, 0xE1, 0xF8, 0xC6, 0xE1, 0xF8, 0xC6, 0xE1, 0xF8, 0xC6, 0xE1, 0xF8, 0xC6, 0xE1, 0xF8, 0xC6, 0xE1, 0xF8, 0xC6, 0xE1, 0xF8, 0xC6, 0xE1, 0xF8, 0xC6, 0xE1, 0xF8, 0xC6, 0xE1, 0xF8, 
        0xC6, 0xE1, 0xF8, 0xC6, 0xE1, 0xF8, 0xC6, 0xE1, 0xF8, 0xC6, 0xE1, 0xF8, 0xC6, 0xE1, 0xF8, 0xC6, 0xE1, 0xF8, 0xC6, 0xE1, 0xF8, 0xC6, 0xE1, 0xF8, 0xC6, 0xE1, 0xF8, 0xC6, 0xE1, 0xF8, 0xC6, 0xE1, 0xF8, 0xC6, 0xE1, 0xF8, 0xC6, 0xE1, 0xF8, 
        0xC6, 0xE1, 0xF8, 0xC6, 0xE1, 0xF8, 0xC6, 0xE1, 0xF8, 0xC6, 0xE1, 0xF8, 0xC6, 0xE1, 0xF8, 0xC6, 0xE1, 0xF8, 0xC6, 0xE1, 0xF8, 0xC6, 0xE1, 0xF8, 0xC6, 0xE1, 0xF8, 0xC6, 0xE1, 0xF8, 0xC6, 0xE1, 0xF8, 0xC6, 0xE1, 0xF8, 0xC6, 0xE1, 0xF8, 
        0xC6, 0xE1, 0xF8, 0xC6, 0xE1, 0xF8, 0xC6, 0xE1, 0xF8, 0xC6, 0xE1, 0xF8, 0xC6, 0xE1, 0xF8, 0xC6, 0xE1, 0xF8, 0xC6, 0xE1, 0xF8, 0xC6, 0xE1, 0xF8, 0xC6, 0xE1, 0xF8, 0xC6, 0xE1, 0xF8, 0xC6, 0xE1, 0xF8, 0xC6, 0xE1, 0xF8, 0xC6, 0xE1, 0xF8, 
        0xC6, 0xE1, 0xF8, 0xC6, 0xE1, 0xF8, 0xC6, 0xE1, 0xF8, 0xC6, 0xE1, 0xF8, 0xC6, 0xE1, 0xF8, 0xC6, 0xE1, 0xF8, 0xC6, 0xE1, 0xF8, 0xC6, 0xE1, 0xF8, 0xC6, 0xE1, 0xF8, 0xC6, 0xE1, 0xF8, 0xC6, 0xE1, 0xF8, 0xC6, 0xE1, 0xF8, 0xC6, 0xE1, 0xF8, 
        0xC6, 0xE1, 0xF8, 0xC6, 0xE1, 0xF8, 0xC6, 0xE1, 0xF8, 0xC6, 0xE1, 0xF8, 0xC6, 0xE1, 0xF8, 0xC6, 0xE1, 0xF8, 0xC6, 0xE1, 0xF8, 0xC6, 0xE1, 0xF8, 0xC6, 0xE1, 0xF8, 0xC6, 0xE1, 0xF8, 0xC6, 0xE1, 0xF8, 0xC6, 0xE1, 0xF8, 0xC6, 0xE1, 0xF8, 
        0xC6, 0xE1, 0xF8, 0xC6, 0xE1, 0xF8, 0xC6, 0xE1, 0xF8, 0xC6, 0xE1, 0xF8, 0xC6, 0xE1, 0xF8, 0xC6, 0xE1, 0xF8, 0xC6, 0xE1, 0xF8, 0xC6, 0xE1, 0xF8, 0xC6, 0xE1, 0xF8, 0xC6, 0xE1, 0xF8, 0xC6, 0xE1, 0xF8, 0xC6, 0xE1, 0xF8, 0xC6, 0xE1, 0xF8, 
        0xC6, 0xE1, 0xF8, 0xC6, 0xE1, 0xF8, 0xC6, 0xE1, 0xF8, 0xC6, 0xE1, 0xF8, 0xC6, 0xE1, 0xF8, 0xC6, 0xE1, 0xF8, 0xC6, 0xE1, 0xF8, 0xC6, 0xE1, 0xF8, 0xC6, 0xE1, 0xF8, 0xC6, 0xE1, 0xF8, 0xC6, 0xE1, 0xF8, 0xC6, 0xE1, 0xF8, 0xC6, 0xE1, 0xF8, 
        0xC6, 0xE1, 0xF8, 0xC6, 0xE1, 0xF8, 0xC6, 0xE1, 0xF8, 0xC6, 0xE1, 0xF8, 0xC6, 0xE1, 0xF8, 0xC6, 0xE1, 0xF8, 0xC6, 0xE1, 0xF8, 0xC6, 0xE1, 0xF8, 0xC6, 0xE1, 0xF8, 0xC6, 0xE1, 0xF8, 0xC6, 0xE1, 0xF8, 0xC6, 0xE1, 0xF8, 0xC6, 0xE1, 0xF8, 
        0xC6, 0xE1, 0xF8, 0xC6, 0xE1, 0xF8, 0xC6, 0xE1, 0xF8, 0xC6, 0xE1, 0xF8, 0xC6, 0xE1, 0xF8, 0xC6, 0xE1, 0xF8, 0xC6, 0xE1, 0xF8, 0xC6, 0xE1, 0xF8, 0xC6, 0xE1, 0xF8, 0xC6, 0xE1, 0xF8, 0xC6, 0xE1, 0xF8, 0xC6, 0xE1, 0xF8, 0xC6, 0xE1, 0xF8, 
        0xC6, 0xE1, 0xF8, 0xC6, 0xE1, 0xF8, 0xC6, 0xE1, 0xF8, 0xC6, 0xE1, 0xF8, 0xC6, 0xE1, 0xF8, 0xC6, 0xE1, 0xF8, 0xC6, 0xE1, 0xF8, 0xC6, 0xE1, 0xF8, 0xC6, 0xE1, 0xF8, 0xC6, 0xE1, 0xF8, 0xC6, 0xE1, 0xF8, 0xC6, 0xE1, 0xF8, 0xC6, 0xE1, 0xF8, 
        0xC6, 0xE1, 0xF8, 0xC6, 0xE1, 0xF8, 0xC6, 0xE1, 0xF8, 0xC6, 0xE1, 0xF8, 0xC6, 0xE1, 0xF8, 0xC6, 0xE1, 0xF8, 0xC6, 0xE1, 0xF8, 0xC6, 0xE1, 0xF8, 0xC6, 0xE1, 0xF8, 0xC6, 0xE1, 0xF8, 0xC6, 0xE1, 0xF8, 0xC6, 0xE1, 0xF8, 0xC6, 0xE1, 0xF8, 
        0xC6, 0xE1, 0xF8, 0xC6, 0xE1, 0xF8, 0xC6, 0xE1, 0xF8, 0xC6, 0xE1, 0xF8, 0xC6, 0xE1, 0xF8, 0xC6, 0xE1, 0xF8, 0xC6, 0xE1, 0xF8, 0xC6, 0xE1, 0xF8, 0xC6, 0xE1, 0xF8, 0xC6, 0xE1, 0xF8, 0xC6, 0xE1, 0xF8, 0xC6, 0xE1, 0xF8, 0xC6, 0xE1, 0xF8, 
        0xC6, 0xE1, 0xF8, 0xC6, 0xE1, 0xF8, 0xC6, 0xE1, 0xF8, 0xC6, 0xE1, 0xF8, 0xC6, 0xE1, 0xF8, 0xC6, 0xE1, 0xF8, 0xC6, 0xE1, 0xF8, 0xAB, 0xD0, 0xF3, 0x8D, 0xBC, 0xEE, 0xFF, 0xFF, 0xFF,
  0xC6, 0xE1, 0xF8, 0xC6, 0xE1, 0xF8, 0xC6, 0xE1, 0xF8, 0xC6, 0xE1, 0xF8, 0xC6, 0xE1, 0xF8, 0xC6, 0xE1, 0xF8, 0xC6, 0xE1, 0xF8, 0xC6, 0xE1, 0xF8, 0xC6, 0xE1, 0xF8, 0xC6, 0xE1, 0xF8, 0xC6, 0xE1, 0xF8, 0xC6, 0xE1, 0xF8, 0xC6, 0xE1, 0xF8, 0xC6, 0xE1, 0xF8, 
        0xC6, 0xE1, 0xF8, 0xC6, 0xE1, 0xF8, 0xC6, 0xE1, 0xF8, 0xC6, 0xE1, 0xF8, 0xC6, 0xE1, 0xF8, 0xC6, 0xE1, 0xF8, 0xC6, 0xE1, 0xF8, 0xC6, 0xE1, 0xF8, 0xC6, 0xE1, 0xF8, 0xC6, 0xE1, 0xF8, 0xC6, 0xE1, 0xF8, 0xC6, 0xE1, 0xF8, 0xC6, 0xE1, 0xF8, 
        0xC6, 0xE1, 0xF8, 0xC6, 0xE1, 0xF8, 0xC6, 0xE1, 0xF8, 0xC6, 0xE1, 0xF8, 0xC6, 0xE1, 0xF8, 0xC6, 0xE1, 0xF8, 0xC6, 0xE1, 0xF8, 0xC6, 0xE1, 0xF8, 0xC6, 0xE1, 0xF8, 0xC6, 0xE1, 0xF8, 0xC6, 0xE1, 0xF8, 0xC6, 0xE1, 0xF8, 0xC6, 0xE1, 0xF8, 
        0xC6, 0xE1, 0xF8, 0xC6, 0xE1, 0xF8, 0xC6, 0xE1, 0xF8, 0xC6, 0xE1, 0xF8, 0xC6, 0xE1, 0xF8, 0xC6, 0xE1, 0xF8, 0xC6, 0xE1, 0xF8, 0xC6, 0xE1, 0xF8, 0xC6, 0xE1, 0xF8, 0xC6, 0xE1, 0xF8, 0xC6, 0xE1, 0xF8, 0xC6, 0xE1, 0xF8, 0xC6, 0xE1, 0xF8, 
        0xC6, 0xE1, 0xF8, 0xC6, 0xE1, 0xF8, 0xC6, 0xE1, 0xF8, 0xC6, 0xE1, 0xF8, 0xC6, 0xE1, 0xF8, 0xC6, 0xE1, 0xF8, 0xC6, 0xE1, 0xF8, 0xC6, 0xE1, 0xF8, 0xC6, 0xE1, 0xF8, 0xC6, 0xE1, 0xF8, 0xC6, 0xE1, 0xF8, 0xC6, 0xE1, 0xF8, 0xC6, 0xE1, 0xF8, 
        0xC6, 0xE1, 0xF8, 0xC6, 0xE1, 0xF8, 0xC6, 0xE1, 0xF8, 0xC6, 0xE1, 0xF8, 0xC6, 0xE1, 0xF8, 0xC6, 0xE1, 0xF8, 0xC6, 0xE1, 0xF8, 0xC6, 0xE1, 0xF8, 0xC6, 0xE1, 0xF8, 0xC6, 0xE1, 0xF8, 0xC6, 0xE1, 0xF8, 0xC6, 0xE1, 0xF8, 0xC6, 0xE1, 0xF8, 
        0xC6, 0xE1, 0xF8, 0xC6, 0xE1, 0xF8, 0xC6, 0xE1, 0xF8, 0xC6, 0xE1, 0xF8, 0xC6, 0xE1, 0xF8, 0xC6, 0xE1, 0xF8, 0xC6, 0xE1, 0xF8, 0xC6, 0xE1, 0xF8, 0xC6, 0xE1, 0xF8, 0xC6, 0xE1, 0xF8, 0xC6, 0xE1, 0xF8, 0xC6, 0xE1, 0xF8, 0xC6, 0xE1, 0xF8, 
        0xC6, 0xE1, 0xF8, 0xC6, 0xE1, 0xF8, 0xC6, 0xE1, 0xF8, 0xC6, 0xE1, 0xF8, 0xC6, 0xE1, 0xF8, 0xC6, 0xE1, 0xF8, 0xC6, 0xE1, 0xF8, 0xC6, 0xE1, 0xF8, 0xC6, 0xE1, 0xF8, 0xC6, 0xE1, 0xF8, 0xC6, 0xE1, 0xF8, 0xC6, 0xE1, 0xF8, 0xC6, 0xE1, 0xF8, 
        0xC6, 0xE1, 0xF8, 0xC6, 0xE1, 0xF8, 0xC6, 0xE1, 0xF8, 0xC6, 0xE1, 0xF8, 0xC6, 0xE1, 0xF8, 0xC6, 0xE1, 0xF8, 0xC6, 0xE1, 0xF8, 0xC6, 0xE1, 0xF8, 0xC6, 0xE1, 0xF8, 0xC6, 0xE1, 0xF8, 0xC6, 0xE1, 0xF8, 0xC6, 0xE1, 0xF8, 0xC6, 0xE1, 0xF8, 
        0xC6, 0xE1, 0xF8, 0xC6, 0xE1, 0xF8, 0xC6, 0xE1, 0xF8, 0xC6, 0xE1, 0xF8, 0xC6, 0xE1, 0xF8, 0xC6, 0xE1, 0xF8, 0xC6, 0xE1, 0xF8, 0xC6, 0xE1, 0xF8, 0xC6, 0xE1, 0xF8, 0xC6, 0xE1, 0xF8, 0xC6, 0xE1, 0xF8, 0xC6, 0xE1, 0xF8, 0xC6, 0xE1, 0xF8, 
        0xC6, 0xE1, 0xF8, 0xC6, 0xE1, 0xF8, 0xC6, 0xE1, 0xF8, 0xC6, 0xE1, 0xF8, 0xC6, 0xE1, 0xF8, 0xC6, 0xE1, 0xF8, 0xC6, 0xE1, 0xF8, 0xC6, 0xE1, 0xF8, 0xC6, 0xE1, 0xF8, 0xC6, 0xE1, 0xF8, 0xC6, 0xE1, 0xF8, 0xC6, 0xE1, 0xF8, 0xC6, 0xE1, 0xF8, 
        0xC6, 0xE1, 0xF8, 0xC6, 0xE1, 0xF8, 0xC6, 0xE1, 0xF8, 0xC6, 0xE1, 0xF8, 0xC6, 0xE1, 0xF8, 0xC6, 0xE1, 0xF8, 0xC6, 0xE1, 0xF8, 0xC6, 0xE1, 0xF8, 0xC6, 0xE1, 0xF8, 0xC6, 0xE1, 0xF8, 0xC6, 0xE1, 0xF8, 0xC6, 0xE1, 0xF8, 0xC6, 0xE1, 0xF8, 
        0xC6, 0xE1, 0xF8, 0xC6, 0xE1, 0xF8, 0xC6, 0xE1, 0xF8, 0xC6, 0xE1, 0xF8, 0xC6, 0xE1, 0xF8, 0xC6, 0xE1, 0xF8, 0xC6, 0xE1, 0xF8, 0xC6, 0xE1, 0xF8, 0xC6, 0xE1, 0xF8, 0xC6, 0xE1, 0xF8, 0xC6, 0xE1, 0xF8, 0xC6, 0xE1, 0xF8, 0xC6, 0xE1, 0xF8, 
        0xC6, 0xE1, 0xF8, 0xC6, 0xE1, 0xF8, 0xC6, 0xE1, 0xF8, 0xC6, 0xE1, 0xF8, 0xC6, 0xE1, 0xF8, 0xC6, 0xE1, 0xF8, 0xC6, 0xE1, 0xF8, 0x86, 0xB9, 0xED, 0xC6, 0xDE, 0xF6, 0xFF, 0xFF, 0xFF,
  0xC6, 0xE1, 0xF8, 0xC6, 0xE1, 0xF8, 0xC6, 0xE1, 0xF8, 0xC6, 0xE1, 0xF8, 0xC6, 0xE1, 0xF8, 0xC6, 0xE1, 0xF8, 0xC6, 0xE1, 0xF8, 0xC6, 0xE1, 0xF8, 0xC6, 0xE1, 0xF8, 0xC6, 0xE1, 0xF8, 0xC6, 0xE1, 0xF8, 0xC6, 0xE1, 0xF8, 0xC6, 0xE1, 0xF8, 0xC6, 0xE1, 0xF8, 
        0xC6, 0xE1, 0xF8, 0xC6, 0xE1, 0xF8, 0xC6, 0xE1, 0xF8, 0xC6, 0xE1, 0xF8, 0xC6, 0xE1, 0xF8, 0xC6, 0xE1, 0xF8, 0xC6, 0xE1, 0xF8, 0xC6, 0xE1, 0xF8, 0xC6, 0xE1, 0xF8, 0xC6, 0xE1, 0xF8, 0xC6, 0xE1, 0xF8, 0xC6, 0xE1, 0xF8, 0xC6, 0xE1, 0xF8, 
        0xC6, 0xE1, 0xF8, 0xC6, 0xE1, 0xF8, 0xC6, 0xE1, 0xF8, 0xC6, 0xE1, 0xF8, 0xC6, 0xE1, 0xF8, 0xC6, 0xE1, 0xF8, 0xC6, 0xE1, 0xF8, 0xC6, 0xE1, 0xF8, 0xC6, 0xE1, 0xF8, 0xC6, 0xE1, 0xF8, 0xC6, 0xE1, 0xF8, 0xC6, 0xE1, 0xF8, 0xC6, 0xE1, 0xF8, 
        0xC6, 0xE1, 0xF8, 0xC6, 0xE1, 0xF8, 0xC6, 0xE1, 0xF8, 0xC6, 0xE1, 0xF8, 0xC6, 0xE1, 0xF8, 0xC6, 0xE1, 0xF8, 0xC6, 0xE1, 0xF8, 0xC6, 0xE1, 0xF8, 0xC6, 0xE1, 0xF8, 0xC6, 0xE1, 0xF8, 0xC6, 0xE1, 0xF8, 0xC6, 0xE1, 0xF8, 0xC6, 0xE1, 0xF8, 
        0xC6, 0xE1, 0xF8, 0xC6, 0xE1, 0xF8, 0xC6, 0xE1, 0xF8, 0xC6, 0xE1, 0xF8, 0xC6, 0xE1, 0xF8, 0xC6, 0xE1, 0xF8, 0xC6, 0xE1, 0xF8, 0xC6, 0xE1, 0xF8, 0xC6, 0xE1, 0xF8, 0xC6, 0xE1, 0xF8, 0xC6, 0xE1, 0xF8, 0xC6, 0xE1, 0xF8, 0xC6, 0xE1, 0xF8, 
        0xC6, 0xE1, 0xF8, 0xC6, 0xE1, 0xF8, 0xC6, 0xE1, 0xF8, 0xC6, 0xE1, 0xF8, 0xC6, 0xE1, 0xF8, 0xC6, 0xE1, 0xF8, 0xC6, 0xE1, 0xF8, 0xC6, 0xE1, 0xF8, 0xC6, 0xE1, 0xF8, 0xC6, 0xE1, 0xF8, 0xC6, 0xE1, 0xF8, 0xC6, 0xE1, 0xF8, 0xC6, 0xE1, 0xF8, 
        0xC6, 0xE1, 0xF8, 0xC6, 0xE1, 0xF8, 0xC6, 0xE1, 0xF8, 0xC6, 0xE1, 0xF8, 0xC6, 0xE1, 0xF8, 0xC6, 0xE1, 0xF8, 0xC6, 0xE1, 0xF8, 0xC6, 0xE1, 0xF8, 0xC6, 0xE1, 0xF8, 0xC6, 0xE1, 0xF8, 0xC6, 0xE1, 0xF8, 0xC6, 0xE1, 0xF8, 0xC6, 0xE1, 0xF8, 
        0xC6, 0xE1, 0xF8, 0xC6, 0xE1, 0xF8, 0xC6, 0xE1, 0xF8, 0xC6, 0xE1, 0xF8, 0xC6, 0xE1, 0xF8, 0xC6, 0xE1, 0xF8, 0xC6, 0xE1, 0xF8, 0xC6, 0xE1, 0xF8, 0xC6, 0xE1, 0xF8, 0xC6, 0xE1, 0xF8, 0xC6, 0xE1, 0xF8, 0xC6, 0xE1, 0xF8, 0xC6, 0xE1, 0xF8, 
        0xC6, 0xE1, 0xF8, 0xC6, 0xE1, 0xF8, 0xC6, 0xE1, 0xF8, 0xC6, 0xE1, 0xF8, 0xC6, 0xE1, 0xF8, 0xC6, 0xE1, 0xF8, 0xC6, 0xE1, 0xF8, 0xC6, 0xE1, 0xF8, 0xC6, 0xE1, 0xF8, 0xC6, 0xE1, 0xF8, 0xC6, 0xE1, 0xF8, 0xC6, 0xE1, 0xF8, 0xC6, 0xE1, 0xF8, 
        0xC6, 0xE1, 0xF8, 0xC6, 0xE1, 0xF8, 0xC6, 0xE1, 0xF8, 0xC6, 0xE1, 0xF8, 0xC6, 0xE1, 0xF8, 0xC6, 0xE1, 0xF8, 0xC6, 0xE1, 0xF8, 0xC6, 0xE1, 0xF8, 0xC6, 0xE1, 0xF8, 0xC6, 0xE1, 0xF8, 0xC6, 0xE1, 0xF8, 0xC6, 0xE1, 0xF8, 0xC6, 0xE1, 0xF8, 
        0xC6, 0xE1, 0xF8, 0xC6, 0xE1, 0xF8, 0xC6, 0xE1, 0xF8, 0xC6, 0xE1, 0xF8, 0xC6, 0xE1, 0xF8, 0xC6, 0xE1, 0xF8, 0xC6, 0xE1, 0xF8, 0xC6, 0xE1, 0xF8, 0xC6, 0xE1, 0xF8, 0xC6, 0xE1, 0xF8, 0xC6, 0xE1, 0xF8, 0xC6, 0xE1, 0xF8, 0xC6, 0xE1, 0xF8, 
        0xC6, 0xE1, 0xF8, 0xC6, 0xE1, 0xF8, 0xC6, 0xE1, 0xF8, 0xC6, 0xE1, 0xF8, 0xC6, 0xE1, 0xF8, 0xC6, 0xE1, 0xF8, 0xC6, 0xE1, 0xF8, 0xC6, 0xE1, 0xF8, 0xC6, 0xE1, 0xF8, 0xC6, 0xE1, 0xF8, 0xC6, 0xE1, 0xF8, 0xC6, 0xE1, 0xF8, 0xC6, 0xE1, 0xF8, 
        0xC6, 0xE1, 0xF8, 0xC6, 0xE1, 0xF8, 0xC6, 0xE1, 0xF8, 0xC6, 0xE1, 0xF8, 0xC6, 0xE1, 0xF8, 0xC6, 0xE1, 0xF8, 0xC6, 0xE1, 0xF8, 0xC6, 0xE1, 0xF8, 0xC6, 0xE1, 0xF8, 0xC6, 0xE1, 0xF8, 0xC6, 0xE1, 0xF8, 0xC6, 0xE1, 0xF8, 0xC6, 0xE1, 0xF8, 
        0xC6, 0xE1, 0xF8, 0xC6, 0xE1, 0xF8, 0xC6, 0xE1, 0xF8, 0xC6, 0xE1, 0xF8, 0xC6, 0xE1, 0xF8, 0xC6, 0xE1, 0xF8, 0xB8, 0xD8, 0xF6, 0x71, 0xAC, 0xE9, 0xFA, 0xFC, 0xFE, 0xFF, 0xFF, 0xFF,
  0xC6, 0xE1, 0xF8, 0xC6, 0xE1, 0xF8, 0xC6, 0xE1, 0xF8, 0xC6, 0xE1, 0xF8, 0xC6, 0xE1, 0xF8, 0xC6, 0xE1, 0xF8, 0xC6, 0xE1, 0xF8, 0xC6, 0xE1, 0xF8, 0xC6, 0xE1, 0xF8, 0xC6, 0xE1, 0xF8, 0xC6, 0xE1, 0xF8, 0xC6, 0xE1, 0xF8, 0xC6, 0xE1, 0xF8, 0xC6, 0xE1, 0xF8, 
        0xC6, 0xE1, 0xF8, 0xC6, 0xE1, 0xF8, 0xC6, 0xE1, 0xF8, 0xC6, 0xE1, 0xF8, 0xC6, 0xE1, 0xF8, 0xC6, 0xE1, 0xF8, 0xC6, 0xE1, 0xF8, 0xC6, 0xE1, 0xF8, 0xC6, 0xE1, 0xF8, 0xC6, 0xE1, 0xF8, 0xC6, 0xE1, 0xF8, 0xC6, 0xE1, 0xF8, 0xC6, 0xE1, 0xF8, 
        0xC6, 0xE1, 0xF8, 0xC6, 0xE1, 0xF8, 0xC6, 0xE1, 0xF8, 0xC6, 0xE1, 0xF8, 0xC6, 0xE1, 0xF8, 0xC6, 0xE1, 0xF8, 0xC6, 0xE1, 0xF8, 0xC6, 0xE1, 0xF8, 0xC6, 0xE1, 0xF8, 0xC6, 0xE1, 0xF8, 0xC6, 0xE1, 0xF8, 0xC6, 0xE1, 0xF8, 0xC6, 0xE1, 0xF8, 
        0xC6, 0xE1, 0xF8, 0xC6, 0xE1, 0xF8, 0xC6, 0xE1, 0xF8, 0xC6, 0xE1, 0xF8, 0xC6, 0xE1, 0xF8, 0xC6, 0xE1, 0xF8, 0xC6, 0xE1, 0xF8, 0xC6, 0xE1, 0xF8, 0xC6, 0xE1, 0xF8, 0xC6, 0xE1, 0xF8, 0xC6, 0xE1, 0xF8, 0xC6, 0xE1, 0xF8, 0xC6, 0xE1, 0xF8, 
        0xC6, 0xE1, 0xF8, 0xC6, 0xE1, 0xF8, 0xC6, 0xE1, 0xF8, 0xC6, 0xE1, 0xF8, 0xC6, 0xE1, 0xF8, 0xC6, 0xE1, 0xF8, 0xC6, 0xE1, 0xF8, 0xC6, 0xE1, 0xF8, 0xC6, 0xE1, 0xF8, 0xC6, 0xE1, 0xF8, 0xC6, 0xE1, 0xF8, 0xC6, 0xE1, 0xF8, 0xC6, 0xE1, 0xF8, 
        0xC6, 0xE1, 0xF8, 0xC6, 0xE1, 0xF8, 0xC6, 0xE1, 0xF8, 0xC6, 0xE1, 0xF8, 0xC6, 0xE1, 0xF8, 0xC6, 0xE1, 0xF8, 0xC6, 0xE1, 0xF8, 0xC6, 0xE1, 0xF8, 0xC6, 0xE1, 0xF8, 0xC6, 0xE1, 0xF8, 0xC6, 0xE1, 0xF8, 0xC6, 0xE1, 0xF8, 0xC6, 0xE1, 0xF8, 
        0xC6, 0xE1, 0xF8, 0xC6, 0xE1, 0xF8, 0xC6, 0xE1, 0xF8, 0xC6, 0xE1, 0xF8, 0xC6, 0xE1, 0xF8, 0xC6, 0xE1, 0xF8, 0xC6, 0xE1, 0xF8, 0xC6, 0xE1, 0xF8, 0xC6, 0xE1, 0xF8, 0xC6, 0xE1, 0xF8, 0xC6, 0xE1, 0xF8, 0xC6, 0xE1, 0xF8, 0xC6, 0xE1, 0xF8, 
        0xC6, 0xE1, 0xF8, 0xC6, 0xE1, 0xF8, 0xC6, 0xE1, 0xF8, 0xC6, 0xE1, 0xF8, 0xC6, 0xE1, 0xF8, 0xC6, 0xE1, 0xF8, 0xC6, 0xE1, 0xF8, 0xC6, 0xE1, 0xF8, 0xC6, 0xE1, 0xF8, 0xC6, 0xE1, 0xF8, 0xC6, 0xE1, 0xF8, 0xC6, 0xE1, 0xF8, 0xC6, 0xE1, 0xF8, 
        0xC6, 0xE1, 0xF8, 0xC6, 0xE1, 0xF8, 0xC6, 0xE1, 0xF8, 0xC6, 0xE1, 0xF8, 0xC6, 0xE1, 0xF8, 0xC6, 0xE1, 0xF8, 0xC6, 0xE1, 0xF8, 0xC6, 0xE1, 0xF8, 0xC6, 0xE1, 0xF8, 0xC6, 0xE1, 0xF8, 0xC6, 0xE1, 0xF8, 0xC6, 0xE1, 0xF8, 0xC6, 0xE1, 0xF8, 
        0xC6, 0xE1, 0xF8, 0xC6, 0xE1, 0xF8, 0xC6, 0xE1, 0xF8, 0xC6, 0xE1, 0xF8, 0xC6, 0xE1, 0xF8, 0xC6, 0xE1, 0xF8, 0xC6, 0xE1, 0xF8, 0xC6, 0xE1, 0xF8, 0xC6, 0xE1, 0xF8, 0xC6, 0xE1, 0xF8, 0xC6, 0xE1, 0xF8, 0xC6, 0xE1, 0xF8, 0xC6, 0xE1, 0xF8, 
        0xC6, 0xE1, 0xF8, 0xC6, 0xE1, 0xF8, 0xC6, 0xE1, 0xF8, 0xC6, 0xE1, 0xF8, 0xC6, 0xE1, 0xF8, 0xC6, 0xE1, 0xF8, 0xC6, 0xE1, 0xF8, 0xC6, 0xE1, 0xF8, 0xC6, 0xE1, 0xF8, 0xC6, 0xE1, 0xF8, 0xC6, 0xE1, 0xF8, 0xC6, 0xE1, 0xF8, 0xC6, 0xE1, 0xF8, 
        0xC6, 0xE1, 0xF8, 0xC6, 0xE1, 0xF8, 0xC6, 0xE1, 0xF8, 0xC6, 0xE1, 0xF8, 0xC6, 0xE1, 0xF8, 0xC6, 0xE1, 0xF8, 0xC6, 0xE1, 0xF8, 0xC6, 0xE1, 0xF8, 0xC6, 0xE1, 0xF8, 0xC6, 0xE1, 0xF8, 0xC6, 0xE1, 0xF8, 0xC6, 0xE1, 0xF8, 0xC6, 0xE1, 0xF8, 
        0xC6, 0xE1, 0xF8, 0xC6, 0xE1, 0xF8, 0xC6, 0xE1, 0xF8, 0xC6, 0xE1, 0xF8, 0xC6, 0xE1, 0xF8, 0xC6, 0xE1, 0xF8, 0xC6, 0xE1, 0xF8, 0xC6, 0xE1, 0xF8, 0xC6, 0xE1, 0xF8, 0xC6, 0xE1, 0xF8, 0xC6, 0xE1, 0xF8, 0xC6, 0xE1, 0xF8, 0xC6, 0xE1, 0xF8, 
        0xC6, 0xE1, 0xF8, 0xC6, 0xE1, 0xF8, 0xC6, 0xE1, 0xF8, 0xC6, 0xE1, 0xF8, 0xC6, 0xE1, 0xF8, 0xC6, 0xE1, 0xF8, 0x8E, 0xBE, 0xEF, 0xB9, 0xD6, 0xF4, 0xFF, 0xFF, 0xFF, 0xFF, 0xFF, 0xFF,
  0xC6, 0xE1, 0xF8, 0xC6, 0xE1, 0xF8, 0xC6, 0xE1, 0xF8, 0xC6, 0xE1, 0xF8, 0xC6, 0xE1, 0xF8, 0xC6, 0xE1, 0xF8, 0xC6, 0xE1, 0xF8, 0xC6, 0xE1, 0xF8, 0xC6, 0xE1, 0xF8, 0xC6, 0xE1, 0xF8, 0xC6, 0xE1, 0xF8, 0xC6, 0xE1, 0xF8, 0xC6, 0xE1, 0xF8, 0xC6, 0xE1, 0xF8, 
        0xC6, 0xE1, 0xF8, 0xC6, 0xE1, 0xF8, 0xC6, 0xE1, 0xF8, 0xC6, 0xE1, 0xF8, 0xC6, 0xE1, 0xF8, 0xC6, 0xE1, 0xF8, 0xC6, 0xE1, 0xF8, 0xC6, 0xE1, 0xF8, 0xC6, 0xE1, 0xF8, 0xC6, 0xE1, 0xF8, 0xC6, 0xE1, 0xF8, 0xC6, 0xE1, 0xF8, 0xC6, 0xE1, 0xF8, 
        0xC6, 0xE1, 0xF8, 0xC6, 0xE1, 0xF8, 0xC6, 0xE1, 0xF8, 0xC6, 0xE1, 0xF8, 0xC6, 0xE1, 0xF8, 0xC6, 0xE1, 0xF8, 0xC6, 0xE1, 0xF8, 0xC6, 0xE1, 0xF8, 0xC6, 0xE1, 0xF8, 0xC6, 0xE1, 0xF8, 0xC6, 0xE1, 0xF8, 0xC6, 0xE1, 0xF8, 0xC6, 0xE1, 0xF8, 
        0xC6, 0xE1, 0xF8, 0xC6, 0xE1, 0xF8, 0xC6, 0xE1, 0xF8, 0xC6, 0xE1, 0xF8, 0xC6, 0xE1, 0xF8, 0xC6, 0xE1, 0xF8, 0xC6, 0xE1, 0xF8, 0xC6, 0xE1, 0xF8, 0xC6, 0xE1, 0xF8, 0xC6, 0xE1, 0xF8, 0xC6, 0xE1, 0xF8, 0xC6, 0xE1, 0xF8, 0xC6, 0xE1, 0xF8, 
        0xC6, 0xE1, 0xF8, 0xC6, 0xE1, 0xF8, 0xC6, 0xE1, 0xF8, 0xC6, 0xE1, 0xF8, 0xC6, 0xE1, 0xF8, 0xC6, 0xE1, 0xF8, 0xC6, 0xE1, 0xF8, 0xC6, 0xE1, 0xF8, 0xC6, 0xE1, 0xF8, 0xC6, 0xE1, 0xF8, 0xC6, 0xE1, 0xF8, 0xC6, 0xE1, 0xF8, 0xC6, 0xE1, 0xF8, 
        0xC6, 0xE1, 0xF8, 0xC6, 0xE1, 0xF8, 0xC6, 0xE1, 0xF8, 0xC6, 0xE1, 0xF8, 0xC6, 0xE1, 0xF8, 0xC6, 0xE1, 0xF8, 0xC6, 0xE1, 0xF8, 0xC6, 0xE1, 0xF8, 0xC6, 0xE1, 0xF8, 0xC6, 0xE1, 0xF8, 0xC6, 0xE1, 0xF8, 0xC6, 0xE1, 0xF8, 0xC6, 0xE1, 0xF8, 
        0xC6, 0xE1, 0xF8, 0xC6, 0xE1, 0xF8, 0xC6, 0xE1, 0xF8, 0xC6, 0xE1, 0xF8, 0xC6, 0xE1, 0xF8, 0xC6, 0xE1, 0xF8, 0xC6, 0xE1, 0xF8, 0xC6, 0xE1, 0xF8, 0xC6, 0xE1, 0xF8, 0xC6, 0xE1, 0xF8, 0xC6, 0xE1, 0xF8, 0xC6, 0xE1, 0xF8, 0xC6, 0xE1, 0xF8, 
        0xC6, 0xE1, 0xF8, 0xC6, 0xE1, 0xF8, 0xC6, 0xE1, 0xF8, 0xC6, 0xE1, 0xF8, 0xC6, 0xE1, 0xF8, 0xC6, 0xE1, 0xF8, 0xC6, 0xE1, 0xF8, 0xC6, 0xE1, 0xF8, 0xC6, 0xE1, 0xF8, 0xC6, 0xE1, 0xF8, 0xC6, 0xE1, 0xF8, 0xC6, 0xE1, 0xF8, 0xC6, 0xE1, 0xF8, 
        0xC6, 0xE1, 0xF8, 0xC6, 0xE1, 0xF8, 0xC6, 0xE1, 0xF8, 0xC6, 0xE1, 0xF8, 0xC6, 0xE1, 0xF8, 0xC6, 0xE1, 0xF8, 0xC6, 0xE1, 0xF8, 0xC6, 0xE1, 0xF8, 0xC6, 0xE1, 0xF8, 0xC6, 0xE1, 0xF8, 0xC6, 0xE1, 0xF8, 0xC6, 0xE1, 0xF8, 0xC6, 0xE1, 0xF8, 
        0xC6, 0xE1, 0xF8, 0xC6, 0xE1, 0xF8, 0xC6, 0xE1, 0xF8, 0xC6, 0xE1, 0xF8, 0xC6, 0xE1, 0xF8, 0xC6, 0xE1, 0xF8, 0xC6, 0xE1, 0xF8, 0xC6, 0xE1, 0xF8, 0xC6, 0xE1, 0xF8, 0xC6, 0xE1, 0xF8, 0xC6, 0xE1, 0xF8, 0xC6, 0xE1, 0xF8, 0xC6, 0xE1, 0xF8, 
        0xC6, 0xE1, 0xF8, 0xC6, 0xE1, 0xF8, 0xC6, 0xE1, 0xF8, 0xC6, 0xE1, 0xF8, 0xC6, 0xE1, 0xF8, 0xC6, 0xE1, 0xF8, 0xC6, 0xE1, 0xF8, 0xC6, 0xE1, 0xF8, 0xC6, 0xE1, 0xF8, 0xC6, 0xE1, 0xF8, 0xC6, 0xE1, 0xF8, 0xC6, 0xE1, 0xF8, 0xC6, 0xE1, 0xF8, 
        0xC6, 0xE1, 0xF8, 0xC6, 0xE1, 0xF8, 0xC6, 0xE1, 0xF8, 0xC6, 0xE1, 0xF8, 0xC6, 0xE1, 0xF8, 0xC6, 0xE1, 0xF8, 0xC6, 0xE1, 0xF8, 0xC6, 0xE1, 0xF8, 0xC6, 0xE1, 0xF8, 0xC6, 0xE1, 0xF8, 0xC6, 0xE1, 0xF8, 0xC6, 0xE1, 0xF8, 0xC6, 0xE1, 0xF8, 
        0xC6, 0xE1, 0xF8, 0xC6, 0xE1, 0xF8, 0xC6, 0xE1, 0xF8, 0xC6, 0xE1, 0xF8, 0xC6, 0xE1, 0xF8, 0xC6, 0xE1, 0xF8, 0xC6, 0xE1, 0xF8, 0xC6, 0xE1, 0xF8, 0xC6, 0xE1, 0xF8, 0xC6, 0xE1, 0xF8, 0xC6, 0xE1, 0xF8, 0xC6, 0xE1, 0xF8, 0xC6, 0xE1, 0xF8, 
        0xC6, 0xE1, 0xF8, 0xC6, 0xE1, 0xF8, 0xC6, 0xE1, 0xF8, 0xC6, 0xE1, 0xF8, 0xC6, 0xE1, 0xF8, 0xA9, 0xCF, 0xF3, 0x77, 0xAF, 0xEA, 0xFA, 0xFC, 0xFE, 0xFF, 0xFF, 0xFF, 0xFF, 0xFF, 0xFF,
  0xC6, 0xE1, 0xF8, 0xC6, 0xE1, 0xF8, 0xC6, 0xE1, 0xF8, 0xC6, 0xE1, 0xF8, 0xC6, 0xE1, 0xF8, 0xC6, 0xE1, 0xF8, 0xC6, 0xE1, 0xF8, 0xC6, 0xE1, 0xF8, 0xC6, 0xE1, 0xF8, 0xC6, 0xE1, 0xF8, 0xC6, 0xE1, 0xF8, 0xC6, 0xE1, 0xF8, 0xC6, 0xE1, 0xF8, 0xC6, 0xE1, 0xF8, 
        0xC6, 0xE1, 0xF8, 0xC6, 0xE1, 0xF8, 0xC6, 0xE1, 0xF8, 0xC6, 0xE1, 0xF8, 0xC6, 0xE1, 0xF8, 0xC6, 0xE1, 0xF8, 0xC6, 0xE1, 0xF8, 0xC6, 0xE1, 0xF8, 0xC6, 0xE1, 0xF8, 0xC6, 0xE1, 0xF8, 0xC6, 0xE1, 0xF8, 0xC6, 0xE1, 0xF8, 0xC6, 0xE1, 0xF8, 
        0xC6, 0xE1, 0xF8, 0xC6, 0xE1, 0xF8, 0xC6, 0xE1, 0xF8, 0xC6, 0xE1, 0xF8, 0xC6, 0xE1, 0xF8, 0xC6, 0xE1, 0xF8, 0xC6, 0xE1, 0xF8, 0xC6, 0xE1, 0xF8, 0xC6, 0xE1, 0xF8, 0xC6, 0xE1, 0xF8, 0xC6, 0xE1, 0xF8, 0xC6, 0xE1, 0xF8, 0xC6, 0xE1, 0xF8, 
        0xC6, 0xE1, 0xF8, 0xC6, 0xE1, 0xF8, 0xC6, 0xE1, 0xF8, 0xC6, 0xE1, 0xF8, 0xC6, 0xE1, 0xF8, 0xC6, 0xE1, 0xF8, 0xC6, 0xE1, 0xF8, 0xC6, 0xE1, 0xF8, 0xC6, 0xE1, 0xF8, 0xC6, 0xE1, 0xF8, 0xC6, 0xE1, 0xF8, 0xC6, 0xE1, 0xF8, 0xC6, 0xE1, 0xF8, 
        0xC6, 0xE1, 0xF8, 0xC6, 0xE1, 0xF8, 0xC6, 0xE1, 0xF8, 0xC6, 0xE1, 0xF8, 0xC6, 0xE1, 0xF8, 0xC6, 0xE1, 0xF8, 0xC6, 0xE1, 0xF8, 0xC6, 0xE1, 0xF8, 0xC6, 0xE1, 0xF8, 0xC6, 0xE1, 0xF8, 0xC6, 0xE1, 0xF8, 0xC6, 0xE1, 0xF8, 0xC6, 0xE1, 0xF8, 
        0xC6, 0xE1, 0xF8, 0xC6, 0xE1, 0xF8, 0xC6, 0xE1, 0xF8, 0xC6, 0xE1, 0xF8, 0xC6, 0xE1, 0xF8, 0xC6, 0xE1, 0xF8, 0xC6, 0xE1, 0xF8, 0xC6, 0xE1, 0xF8, 0xC6, 0xE1, 0xF8, 0xC6, 0xE1, 0xF8, 0xC6, 0xE1, 0xF8, 0xC6, 0xE1, 0xF8, 0xC6, 0xE1, 0xF8, 
        0xC6, 0xE1, 0xF8, 0xC6, 0xE1, 0xF8, 0xC6, 0xE1, 0xF8, 0xC6, 0xE1, 0xF8, 0xC6, 0xE1, 0xF8, 0xC6, 0xE1, 0xF8, 0xC6, 0xE1, 0xF8, 0xC6, 0xE1, 0xF8, 0xC6, 0xE1, 0xF8, 0xC6, 0xE1, 0xF8, 0xC6, 0xE1, 0xF8, 0xC6, 0xE1, 0xF8, 0xC6, 0xE1, 0xF8, 
        0xC6, 0xE1, 0xF8, 0xC6, 0xE1, 0xF8, 0xC6, 0xE1, 0xF8, 0xC6, 0xE1, 0xF8, 0xC6, 0xE1, 0xF8, 0xC6, 0xE1, 0xF8, 0xC6, 0xE1, 0xF8, 0xC6, 0xE1, 0xF8, 0xC6, 0xE1, 0xF8, 0xC6, 0xE1, 0xF8, 0xC6, 0xE1, 0xF8, 0xC6, 0xE1, 0xF8, 0xC6, 0xE1, 0xF8, 
        0xC6, 0xE1, 0xF8, 0xC6, 0xE1, 0xF8, 0xC6, 0xE1, 0xF8, 0xC6, 0xE1, 0xF8, 0xC6, 0xE1, 0xF8, 0xC6, 0xE1, 0xF8, 0xC6, 0xE1, 0xF8, 0xC6, 0xE1, 0xF8, 0xC6, 0xE1, 0xF8, 0xC6, 0xE1, 0xF8, 0xC6, 0xE1, 0xF8, 0xC6, 0xE1, 0xF8, 0xC6, 0xE1, 0xF8, 
        0xC6, 0xE1, 0xF8, 0xC6, 0xE1, 0xF8, 0xC6, 0xE1, 0xF8, 0xC6, 0xE1, 0xF8, 0xC6, 0xE1, 0xF8, 0xC6, 0xE1, 0xF8, 0xC6, 0xE1, 0xF8, 0xC6, 0xE1, 0xF8, 0xC6, 0xE1, 0xF8, 0xC6, 0xE1, 0xF8, 0xC6, 0xE1, 0xF8, 0xC6, 0xE1, 0xF8, 0xC6, 0xE1, 0xF8, 
        0xC6, 0xE1, 0xF8, 0xC6, 0xE1, 0xF8, 0xC6, 0xE1, 0xF8, 0xC6, 0xE1, 0xF8, 0xC6, 0xE1, 0xF8, 0xC6, 0xE1, 0xF8, 0xC6, 0xE1, 0xF8, 0xC6, 0xE1, 0xF8, 0xC6, 0xE1, 0xF8, 0xC6, 0xE1, 0xF8, 0xC6, 0xE1, 0xF8, 0xC6, 0xE1, 0xF8, 0xC6, 0xE1, 0xF8, 
        0xC6, 0xE1, 0xF8, 0xC6, 0xE1, 0xF8, 0xC6, 0xE1, 0xF8, 0xC6, 0xE1, 0xF8, 0xC6, 0xE1, 0xF8, 0xC6, 0xE1, 0xF8, 0xC6, 0xE1, 0xF8, 0xC6, 0xE1, 0xF8, 0xC6, 0xE1, 0xF8, 0xC6, 0xE1, 0xF8, 0xC6, 0xE1, 0xF8, 0xC6, 0xE1, 0xF8, 0xC6, 0xE1, 0xF8, 
        0xC6, 0xE1, 0xF8, 0xC6, 0xE1, 0xF8, 0xC6, 0xE1, 0xF8, 0xC6, 0xE1, 0xF8, 0xC6, 0xE1, 0xF8, 0xC6, 0xE1, 0xF8, 0xC6, 0xE1, 0xF8, 0xC6, 0xE1, 0xF8, 0xC6, 0xE1, 0xF8, 0xC6, 0xE1, 0xF8, 0xC6, 0xE1, 0xF8, 0xC6, 0xE1, 0xF8, 0xC6, 0xE1, 0xF8, 
        0xC6, 0xE1, 0xF8, 0xC6, 0xE1, 0xF8, 0xC6, 0xE1, 0xF8, 0xC6, 0xE1, 0xF8, 0xC6, 0xE1, 0xF8, 0x7F, 0xB5, 0xEC, 0xD1, 0xE4, 0xF8, 0xFF, 0xFF, 0xFF, 0xFF, 0xFF, 0xFF, 0xFF, 0xFF, 0xFF,
  0xC6, 0xE1, 0xF8, 0xC6, 0xE1, 0xF8, 0xC6, 0xE1, 0xF8, 0xC6, 0xE1, 0xF8, 0xC6, 0xE1, 0xF8, 0xC6, 0xE1, 0xF8, 0xC6, 0xE1, 0xF8, 0xC6, 0xE1, 0xF8, 0xC6, 0xE1, 0xF8, 0xC6, 0xE1, 0xF8, 0xC6, 0xE1, 0xF8, 0xC6, 0xE1, 0xF8, 0xC6, 0xE1, 0xF8, 0xC6, 0xE1, 0xF8, 
        0xC6, 0xE1, 0xF8, 0xC6, 0xE1, 0xF8, 0xC6, 0xE1, 0xF8, 0xC6, 0xE1, 0xF8, 0xC6, 0xE1, 0xF8, 0xC6, 0xE1, 0xF8, 0xC6, 0xE1, 0xF8, 0xC6, 0xE1, 0xF8, 0xC6, 0xE1, 0xF8, 0xC6, 0xE1, 0xF8, 0xC6, 0xE1, 0xF8, 0xC6, 0xE1, 0xF8, 0xC6, 0xE1, 0xF8, 
        0xC6, 0xE1, 0xF8, 0xC6, 0xE1, 0xF8, 0xC6, 0xE1, 0xF8, 0xC6, 0xE1, 0xF8, 0xC6, 0xE1, 0xF8, 0xC6, 0xE1, 0xF8, 0xC6, 0xE1, 0xF8, 0xC6, 0xE1, 0xF8, 0xC6, 0xE1, 0xF8, 0xC6, 0xE1, 0xF8, 0xC6, 0xE1, 0xF8, 0xC6, 0xE1, 0xF8, 0xC6, 0xE1, 0xF8, 
        0xC6, 0xE1, 0xF8, 0xC6, 0xE1, 0xF8, 0xC6, 0xE1, 0xF8, 0xC6, 0xE1, 0xF8, 0xC6, 0xE1, 0xF8, 0xC6, 0xE1, 0xF8, 0xC6, 0xE1, 0xF8, 0xC6, 0xE1, 0xF8, 0xC6, 0xE1, 0xF8, 0xC6, 0xE1, 0xF8, 0xC6, 0xE1, 0xF8, 0xC6, 0xE1, 0xF8, 0xC6, 0xE1, 0xF8, 
        0xC6, 0xE1, 0xF8, 0xC6, 0xE1, 0xF8, 0xC6, 0xE1, 0xF8, 0xC6, 0xE1, 0xF8, 0xC6, 0xE1, 0xF8, 0xC6, 0xE1, 0xF8, 0xC6, 0xE1, 0xF8, 0xC6, 0xE1, 0xF8, 0xC6, 0xE1, 0xF8, 0xC6, 0xE1, 0xF8, 0xC6, 0xE1, 0xF8, 0xC6, 0xE1, 0xF8, 0xC6, 0xE1, 0xF8, 
        0xC6, 0xE1, 0xF8, 0xC6, 0xE1, 0xF8, 0xC6, 0xE1, 0xF8, 0xC6, 0xE1, 0xF8, 0xC6, 0xE1, 0xF8, 0xC6, 0xE1, 0xF8, 0xC6, 0xE1, 0xF8, 0xC6, 0xE1, 0xF8, 0xC6, 0xE1, 0xF8, 0xC6, 0xE1, 0xF8, 0xC6, 0xE1, 0xF8, 0xC6, 0xE1, 0xF8, 0xC6, 0xE1, 0xF8, 
        0xC6, 0xE1, 0xF8, 0xC6, 0xE1, 0xF8, 0xC6, 0xE1, 0xF8, 0xC6, 0xE1, 0xF8, 0xC6, 0xE1, 0xF8, 0xC6, 0xE1, 0xF8, 0xC6, 0xE1, 0xF8, 0xC6, 0xE1, 0xF8, 0xC6, 0xE1, 0xF8, 0xC6, 0xE1, 0xF8, 0xC6, 0xE1, 0xF8, 0xC6, 0xE1, 0xF8, 0xC6, 0xE1, 0xF8, 
        0xC6, 0xE1, 0xF8, 0xC6, 0xE1, 0xF8, 0xC6, 0xE1, 0xF8, 0xC6, 0xE1, 0xF8, 0xC6, 0xE1, 0xF8, 0xC6, 0xE1, 0xF8, 0xC6, 0xE1, 0xF8, 0xC6, 0xE1, 0xF8, 0xC6, 0xE1, 0xF8, 0xC6, 0xE1, 0xF8, 0xC6, 0xE1, 0xF8, 0xC6, 0xE1, 0xF8, 0xC6, 0xE1, 0xF8, 
        0xC6, 0xE1, 0xF8, 0xC6, 0xE1, 0xF8, 0xC6, 0xE1, 0xF8, 0xC6, 0xE1, 0xF8, 0xC6, 0xE1, 0xF8, 0xC6, 0xE1, 0xF8, 0xC6, 0xE1, 0xF8, 0xC6, 0xE1, 0xF8, 0xC6, 0xE1, 0xF8, 0xC6, 0xE1, 0xF8, 0xC6, 0xE1, 0xF8, 0xC6, 0xE1, 0xF8, 0xC6, 0xE1, 0xF8, 
        0xC6, 0xE1, 0xF8, 0xC6, 0xE1, 0xF8, 0xC6, 0xE1, 0xF8, 0xC6, 0xE1, 0xF8, 0xC6, 0xE1, 0xF8, 0xC6, 0xE1, 0xF8, 0xC6, 0xE1, 0xF8, 0xC6, 0xE1, 0xF8, 0xC6, 0xE1, 0xF8, 0xC6, 0xE1, 0xF8, 0xC6, 0xE1, 0xF8, 0xC6, 0xE1, 0xF8, 0xC6, 0xE1, 0xF8, 
        0xC6, 0xE1, 0xF8, 0xC6, 0xE1, 0xF8, 0xC6, 0xE1, 0xF8, 0xC6, 0xE1, 0xF8, 0xC6, 0xE1, 0xF8, 0xC6, 0xE1, 0xF8, 0xC6, 0xE1, 0xF8, 0xC6, 0xE1, 0xF8, 0xC6, 0xE1, 0xF8, 0xC6, 0xE1, 0xF8, 0xC6, 0xE1, 0xF8, 0xC6, 0xE1, 0xF8, 0xC6, 0xE1, 0xF8, 
        0xC6, 0xE1, 0xF8, 0xC6, 0xE1, 0xF8, 0xC6, 0xE1, 0xF8, 0xC6, 0xE1, 0xF8, 0xC6, 0xE1, 0xF8, 0xC6, 0xE1, 0xF8, 0xC6, 0xE1, 0xF8, 0xC6, 0xE1, 0xF8, 0xC6, 0xE1, 0xF8, 0xC6, 0xE1, 0xF8, 0xC6, 0xE1, 0xF8, 0xC6, 0xE1, 0xF8, 0xC6, 0xE1, 0xF8, 
        0xC6, 0xE1, 0xF8, 0xC6, 0xE1, 0xF8, 0xC6, 0xE1, 0xF8, 0xC6, 0xE1, 0xF8, 0xC6, 0xE1, 0xF8, 0xC6, 0xE1, 0xF8, 0xC6, 0xE1, 0xF8, 0xC6, 0xE1, 0xF8, 0xC6, 0xE1, 0xF8, 0xC6, 0xE1, 0xF8, 0xC6, 0xE1, 0xF8, 0xC6, 0xE1, 0xF8, 0xC6, 0xE1, 0xF8, 
        0xC6, 0xE1, 0xF8, 0xC6, 0xE1, 0xF8, 0xC6, 0xE1, 0xF8, 0xC6, 0xE1, 0xF8, 0x8F, 0xBF, 0xEF, 0x9E, 0xC6, 0xF0, 0xFF, 0xFF, 0xFF, 0xFF, 0xFF, 0xFF, 0xFF, 0xFF, 0xFF, 0xFF, 0xFF, 0xFF,
  0xC6, 0xE1, 0xF8, 0xC6, 0xE1, 0xF8, 0xC6, 0xE1, 0xF8, 0xC6, 0xE1, 0xF8, 0xC6, 0xE1, 0xF8, 0xC6, 0xE1, 0xF8, 0xC6, 0xE1, 0xF8, 0xC6, 0xE1, 0xF8, 0xC6, 0xE1, 0xF8, 0xC6, 0xE1, 0xF8, 0xC6, 0xE1, 0xF8, 0xC6, 0xE1, 0xF8, 0xC6, 0xE1, 0xF8, 0xC6, 0xE1, 0xF8, 
        0xC6, 0xE1, 0xF8, 0xC6, 0xE1, 0xF8, 0xC6, 0xE1, 0xF8, 0xC6, 0xE1, 0xF8, 0xC6, 0xE1, 0xF8, 0xC6, 0xE1, 0xF8, 0xC6, 0xE1, 0xF8, 0xC6, 0xE1, 0xF8, 0xC6, 0xE1, 0xF8, 0xC6, 0xE1, 0xF8, 0xC6, 0xE1, 0xF8, 0xC6, 0xE1, 0xF8, 0xC6, 0xE1, 0xF8, 
        0xC6, 0xE1, 0xF8, 0xC6, 0xE1, 0xF8, 0xC6, 0xE1, 0xF8, 0xC6, 0xE1, 0xF8, 0xC6, 0xE1, 0xF8, 0xC6, 0xE1, 0xF8, 0xC6, 0xE1, 0xF8, 0xC6, 0xE1, 0xF8, 0xC6, 0xE1, 0xF8, 0xC6, 0xE1, 0xF8, 0xC6, 0xE1, 0xF8, 0xC6, 0xE1, 0xF8, 0xC6, 0xE1, 0xF8, 
        0xC6, 0xE1, 0xF8, 0xC6, 0xE1, 0xF8, 0xC6, 0xE1, 0xF8, 0xC6, 0xE1, 0xF8, 0xC6, 0xE1, 0xF8, 0xC6, 0xE1, 0xF8, 0xC6, 0xE1, 0xF8, 0xC6, 0xE1, 0xF8, 0xC6, 0xE1, 0xF8, 0xC6, 0xE1, 0xF8, 0xC6, 0xE1, 0xF8, 0xC6, 0xE1, 0xF8, 0xC6, 0xE1, 0xF8, 
        0xC6, 0xE1, 0xF8, 0xC6, 0xE1, 0xF8, 0xC6, 0xE1, 0xF8, 0xC6, 0xE1, 0xF8, 0xC6, 0xE1, 0xF8, 0xC6, 0xE1, 0xF8, 0xC6, 0xE1, 0xF8, 0xC6, 0xE1, 0xF8, 0xC6, 0xE1, 0xF8, 0xC6, 0xE1, 0xF8, 0xC6, 0xE1, 0xF8, 0xC6, 0xE1, 0xF8, 0xC6, 0xE1, 0xF8, 
        0xC6, 0xE1, 0xF8, 0xC6, 0xE1, 0xF8, 0xC6, 0xE1, 0xF8, 0xC6, 0xE1, 0xF8, 0xC6, 0xE1, 0xF8, 0xC6, 0xE1, 0xF8, 0xC6, 0xE1, 0xF8, 0xC6, 0xE1, 0xF8, 0xC6, 0xE1, 0xF8, 0xC6, 0xE1, 0xF8, 0xC6, 0xE1, 0xF8, 0xC6, 0xE1, 0xF8, 0xC6, 0xE1, 0xF8, 
        0xC6, 0xE1, 0xF8, 0xC6, 0xE1, 0xF8, 0xC6, 0xE1, 0xF8, 0xC6, 0xE1, 0xF8, 0xC6, 0xE1, 0xF8, 0xC6, 0xE1, 0xF8, 0xC6, 0xE1, 0xF8, 0xC6, 0xE1, 0xF8, 0xC6, 0xE1, 0xF8, 0xC6, 0xE1, 0xF8, 0xC6, 0xE1, 0xF8, 0xC6, 0xE1, 0xF8, 0xC6, 0xE1, 0xF8, 
        0xC6, 0xE1, 0xF8, 0xC6, 0xE1, 0xF8, 0xC6, 0xE1, 0xF8, 0xC6, 0xE1, 0xF8, 0xC6, 0xE1, 0xF8, 0xC6, 0xE1, 0xF8, 0xC6, 0xE1, 0xF8, 0xC6, 0xE1, 0xF8, 0xC6, 0xE1, 0xF8, 0xC6, 0xE1, 0xF8, 0xC6, 0xE1, 0xF8, 0xC6, 0xE1, 0xF8, 0xC6, 0xE1, 0xF8, 
        0xC6, 0xE1, 0xF8, 0xC6, 0xE1, 0xF8, 0xC6, 0xE1, 0xF8, 0xC6, 0xE1, 0xF8, 0xC6, 0xE1, 0xF8, 0xC6, 0xE1, 0xF8, 0xC6, 0xE1, 0xF8, 0xC6, 0xE1, 0xF8, 0xC6, 0xE1, 0xF8, 0xC6, 0xE1, 0xF8, 0xC6, 0xE1, 0xF8, 0xC6, 0xE1, 0xF8, 0xC6, 0xE1, 0xF8, 
        0xC6, 0xE1, 0xF8, 0xC6, 0xE1, 0xF8, 0xC6, 0xE1, 0xF8, 0xC6, 0xE1, 0xF8, 0xC6, 0xE1, 0xF8, 0xC6, 0xE1, 0xF8, 0xC6, 0xE1, 0xF8, 0xC6, 0xE1, 0xF8, 0xC6, 0xE1, 0xF8, 0xC6, 0xE1, 0xF8, 0xC6, 0xE1, 0xF8, 0xC6, 0xE1, 0xF8, 0xC6, 0xE1, 0xF8, 
        0xC6, 0xE1, 0xF8, 0xC6, 0xE1, 0xF8, 0xC6, 0xE1, 0xF8, 0xC6, 0xE1, 0xF8, 0xC6, 0xE1, 0xF8, 0xC6, 0xE1, 0xF8, 0xC6, 0xE1, 0xF8, 0xC6, 0xE1, 0xF8, 0xC6, 0xE1, 0xF8, 0xC6, 0xE1, 0xF8, 0xC6, 0xE1, 0xF8, 0xC6, 0xE1, 0xF8, 0xC6, 0xE1, 0xF8, 
        0xC6, 0xE1, 0xF8, 0xC6, 0xE1, 0xF8, 0xC6, 0xE1, 0xF8, 0xC6, 0xE1, 0xF8, 0xC6, 0xE1, 0xF8, 0xC6, 0xE1, 0xF8, 0xC6, 0xE1, 0xF8, 0xC6, 0xE1, 0xF8, 0xC6, 0xE1, 0xF8, 0xC6, 0xE1, 0xF8, 0xC6, 0xE1, 0xF8, 0xC6, 0xE1, 0xF8, 0xC6, 0xE1, 0xF8, 
        0xC6, 0xE1, 0xF8, 0xC6, 0xE1, 0xF8, 0xC6, 0xE1, 0xF8, 0xC6, 0xE1, 0xF8, 0xC6, 0xE1, 0xF8, 0xC6, 0xE1, 0xF8, 0xC6, 0xE1, 0xF8, 0xC6, 0xE1, 0xF8, 0xC6, 0xE1, 0xF8, 0xC6, 0xE1, 0xF8, 0xC6, 0xE1, 0xF8, 0xC6, 0xE1, 0xF8, 0xC6, 0xE1, 0xF8, 
        0xC6, 0xE1, 0xF8, 0xC6, 0xE1, 0xF8, 0xC6, 0xE1, 0xF8, 0x96, 0xC3, 0xF0, 0x80, 0xB4, 0xEC, 0xF9, 0xFB, 0xFE, 0xFF, 0xFF, 0xFF, 0xFF, 0xFF, 0xFF, 0xFF, 0xFF, 0xFF, 0xFF, 0xFF, 0xFF,
  0xC6, 0xE1, 0xF8, 0xC6, 0xE1, 0xF8, 0xC6, 0xE1, 0xF8, 0xC6, 0xE1, 0xF8, 0xC6, 0xE1, 0xF8, 0xC6, 0xE1, 0xF8, 0xC6, 0xE1, 0xF8, 0xC6, 0xE1, 0xF8, 0xC6, 0xE1, 0xF8, 0xC6, 0xE1, 0xF8, 0xC6, 0xE1, 0xF8, 0xC6, 0xE1, 0xF8, 0xC6, 0xE1, 0xF8, 0xC6, 0xE1, 0xF8, 
        0xC6, 0xE1, 0xF8, 0xC6, 0xE1, 0xF8, 0xC6, 0xE1, 0xF8, 0xC6, 0xE1, 0xF8, 0xC6, 0xE1, 0xF8, 0xC6, 0xE1, 0xF8, 0xC6, 0xE1, 0xF8, 0xC6, 0xE1, 0xF8, 0xC6, 0xE1, 0xF8, 0xC6, 0xE1, 0xF8, 0xC6, 0xE1, 0xF8, 0xC6, 0xE1, 0xF8, 0xC6, 0xE1, 0xF8, 
        0xC6, 0xE1, 0xF8, 0xC6, 0xE1, 0xF8, 0xC6, 0xE1, 0xF8, 0xC6, 0xE1, 0xF8, 0xC6, 0xE1, 0xF8, 0xC6, 0xE1, 0xF8, 0xC6, 0xE1, 0xF8, 0xC6, 0xE1, 0xF8, 0xC6, 0xE1, 0xF8, 0xC6, 0xE1, 0xF8, 0xC6, 0xE1, 0xF8, 0xC6, 0xE1, 0xF8, 0xC6, 0xE1, 0xF8, 
        0xC6, 0xE1, 0xF8, 0xC6, 0xE1, 0xF8, 0xC6, 0xE1, 0xF8, 0xC6, 0xE1, 0xF8, 0xC6, 0xE1, 0xF8, 0xC6, 0xE1, 0xF8, 0xC6, 0xE1, 0xF8, 0xC6, 0xE1, 0xF8, 0xC6, 0xE1, 0xF8, 0xC6, 0xE1, 0xF8, 0xC6, 0xE1, 0xF8, 0xC6, 0xE1, 0xF8, 0xC6, 0xE1, 0xF8, 
        0xC6, 0xE1, 0xF8, 0xC6, 0xE1, 0xF8, 0xC6, 0xE1, 0xF8, 0xC6, 0xE1, 0xF8, 0xC6, 0xE1, 0xF8, 0xC6, 0xE1, 0xF8, 0xC6, 0xE1, 0xF8, 0xC6, 0xE1, 0xF8, 0xC6, 0xE1, 0xF8, 0xC6, 0xE1, 0xF8, 0xC6, 0xE1, 0xF8, 0xC6, 0xE1, 0xF8, 0xC6, 0xE1, 0xF8, 
        0xC6, 0xE1, 0xF8, 0xC6, 0xE1, 0xF8, 0xC6, 0xE1, 0xF8, 0xC6, 0xE1, 0xF8, 0xC6, 0xE1, 0xF8, 0xC6, 0xE1, 0xF8, 0xC6, 0xE1, 0xF8, 0xC6, 0xE1, 0xF8, 0xC6, 0xE1, 0xF8, 0xC6, 0xE1, 0xF8, 0xC6, 0xE1, 0xF8, 0xC6, 0xE1, 0xF8, 0xC6, 0xE1, 0xF8, 
        0xC6, 0xE1, 0xF8, 0xC6, 0xE1, 0xF8, 0xC6, 0xE1, 0xF8, 0xC6, 0xE1, 0xF8, 0xC6, 0xE1, 0xF8, 0xC6, 0xE1, 0xF8, 0xC6, 0xE1, 0xF8, 0xC6, 0xE1, 0xF8, 0xC6, 0xE1, 0xF8, 0xC6, 0xE1, 0xF8, 0xC6, 0xE1, 0xF8, 0xC6, 0xE1, 0xF8, 0xC6, 0xE1, 0xF8, 
        0xC6, 0xE1, 0xF8, 0xC6, 0xE1, 0xF8, 0xC6, 0xE1, 0xF8, 0xC6, 0xE1, 0xF8, 0xC6, 0xE1, 0xF8, 0xC6, 0xE1, 0xF8, 0xC6, 0xE1, 0xF8, 0xC6, 0xE1, 0xF8, 0xC6, 0xE1, 0xF8, 0xC6, 0xE1, 0xF8, 0xC6, 0xE1, 0xF8, 0xC6, 0xE1, 0xF8, 0xC6, 0xE1, 0xF8, 
        0xC6, 0xE1, 0xF8, 0xC6, 0xE1, 0xF8, 0xC6, 0xE1, 0xF8, 0xC6, 0xE1, 0xF8, 0xC6, 0xE1, 0xF8, 0xC6, 0xE1, 0xF8, 0xC6, 0xE1, 0xF8, 0xC6, 0xE1, 0xF8, 0xC6, 0xE1, 0xF8, 0xC6, 0xE1, 0xF8, 0xC6, 0xE1, 0xF8, 0xC6, 0xE1, 0xF8, 0xC6, 0xE1, 0xF8, 
        0xC6, 0xE1, 0xF8, 0xC6, 0xE1, 0xF8, 0xC6, 0xE1, 0xF8, 0xC6, 0xE1, 0xF8, 0xC6, 0xE1, 0xF8, 0xC6, 0xE1, 0xF8, 0xC6, 0xE1, 0xF8, 0xC6, 0xE1, 0xF8, 0xC6, 0xE1, 0xF8, 0xC6, 0xE1, 0xF8, 0xC6, 0xE1, 0xF8, 0xC6, 0xE1, 0xF8, 0xC6, 0xE1, 0xF8, 
        0xC6, 0xE1, 0xF8, 0xC6, 0xE1, 0xF8, 0xC6, 0xE1, 0xF8, 0xC6, 0xE1, 0xF8, 0xC6, 0xE1, 0xF8, 0xC6, 0xE1, 0xF8, 0xC6, 0xE1, 0xF8, 0xC6, 0xE1, 0xF8, 0xC6, 0xE1, 0xF8, 0xC6, 0xE1, 0xF8, 0xC6, 0xE1, 0xF8, 0xC6, 0xE1, 0xF8, 0xC6, 0xE1, 0xF8, 
        0xC6, 0xE1, 0xF8, 0xC6, 0xE1, 0xF8, 0xC6, 0xE1, 0xF8, 0xC6, 0xE1, 0xF8, 0xC6, 0xE1, 0xF8, 0xC6, 0xE1, 0xF8, 0xC6, 0xE1, 0xF8, 0xC6, 0xE1, 0xF8, 0xC6, 0xE1, 0xF8, 0xC6, 0xE1, 0xF8, 0xC6, 0xE1, 0xF8, 0xC6, 0xE1, 0xF8, 0xC6, 0xE1, 0xF8, 
        0xC6, 0xE1, 0xF8, 0xC6, 0xE1, 0xF8, 0xC6, 0xE1, 0xF8, 0xC6, 0xE1, 0xF8, 0xC6, 0xE1, 0xF8, 0xC6, 0xE1, 0xF8, 0xC6, 0xE1, 0xF8, 0xC6, 0xE1, 0xF8, 0xC6, 0xE1, 0xF8, 0xC6, 0xE1, 0xF8, 0xC6, 0xE1, 0xF8, 0xC6, 0xE1, 0xF8, 0xC6, 0xE1, 0xF8, 
        0xC6, 0xE1, 0xF8, 0xC6, 0xE1, 0xF8, 0x99, 0xC5, 0xF0, 0x75, 0xAE, 0xEA, 0xEE, 0xF5, 0xFC, 0xFF, 0xFF, 0xFF, 0xFF, 0xFF, 0xFF, 0xFF, 0xFF, 0xFF, 0xFF, 0xFF, 0xFF, 0xFF, 0xFF, 0xFF,
  0xC6, 0xE1, 0xF8, 0xC6, 0xE1, 0xF8, 0xC6, 0xE1, 0xF8, 0xC6, 0xE1, 0xF8, 0xC6, 0xE1, 0xF8, 0xC6, 0xE1, 0xF8, 0xC6, 0xE1, 0xF8, 0xC6, 0xE1, 0xF8, 0xC6, 0xE1, 0xF8, 0xC6, 0xE1, 0xF8, 0xC6, 0xE1, 0xF8, 0xC6, 0xE1, 0xF8, 0xC6, 0xE1, 0xF8, 0xC6, 0xE1, 0xF8, 
        0xC6, 0xE1, 0xF8, 0xC6, 0xE1, 0xF8, 0xC6, 0xE1, 0xF8, 0xC6, 0xE1, 0xF8, 0xC6, 0xE1, 0xF8, 0xC6, 0xE1, 0xF8, 0xC6, 0xE1, 0xF8, 0xC6, 0xE1, 0xF8, 0xC6, 0xE1, 0xF8, 0xC6, 0xE1, 0xF8, 0xC6, 0xE1, 0xF8, 0xC6, 0xE1, 0xF8, 0xC6, 0xE1, 0xF8, 
        0xC6, 0xE1, 0xF8, 0xC6, 0xE1, 0xF8, 0xC6, 0xE1, 0xF8, 0xC6, 0xE1, 0xF8, 0xC6, 0xE1, 0xF8, 0xC6, 0xE1, 0xF8, 0xC6, 0xE1, 0xF8, 0xC6, 0xE1, 0xF8, 0xC6, 0xE1, 0xF8, 0xC6, 0xE1, 0xF8, 0xC6, 0xE1, 0xF8, 0xC6, 0xE1, 0xF8, 0xC6, 0xE1, 0xF8, 
        0xC6, 0xE1, 0xF8, 0xC6, 0xE1, 0xF8, 0xC6, 0xE1, 0xF8, 0xC6, 0xE1, 0xF8, 0xC6, 0xE1, 0xF8, 0xC6, 0xE1, 0xF8, 0xC6, 0xE1, 0xF8, 0xC6, 0xE1, 0xF8, 0xC6, 0xE1, 0xF8, 0xC6, 0xE1, 0xF8, 0xC6, 0xE1, 0xF8, 0xC6, 0xE1, 0xF8, 0xC6, 0xE1, 0xF8, 
        0xC6, 0xE1, 0xF8, 0xC6, 0xE1, 0xF8, 0xC6, 0xE1, 0xF8, 0xC6, 0xE1, 0xF8, 0xC6, 0xE1, 0xF8, 0xC6, 0xE1, 0xF8, 0xC6, 0xE1, 0xF8, 0xC6, 0xE1, 0xF8, 0xC6, 0xE1, 0xF8, 0xC6, 0xE1, 0xF8, 0xC6, 0xE1, 0xF8, 0xC6, 0xE1, 0xF8, 0xC6, 0xE1, 0xF8, 
        0xC6, 0xE1, 0xF8, 0xC6, 0xE1, 0xF8, 0xC6, 0xE1, 0xF8, 0xC6, 0xE1, 0xF8, 0xC6, 0xE1, 0xF8, 0xC6, 0xE1, 0xF8, 0xC6, 0xE1, 0xF8, 0xC6, 0xE1, 0xF8, 0xC6, 0xE1, 0xF8, 0xC6, 0xE1, 0xF8, 0xC6, 0xE1, 0xF8, 0xC6, 0xE1, 0xF8, 0xC6, 0xE1, 0xF8, 
        0xC6, 0xE1, 0xF8, 0xC6, 0xE1, 0xF8, 0xC6, 0xE1, 0xF8, 0xC6, 0xE1, 0xF8, 0xC6, 0xE1, 0xF8, 0xC6, 0xE1, 0xF8, 0xC6, 0xE1, 0xF8, 0xC6, 0xE1, 0xF8, 0xC6, 0xE1, 0xF8, 0xC6, 0xE1, 0xF8, 0xC6, 0xE1, 0xF8, 0xC6, 0xE1, 0xF8, 0xC6, 0xE1, 0xF8, 
        0xC6, 0xE1, 0xF8, 0xC6, 0xE1, 0xF8, 0xC6, 0xE1, 0xF8, 0xC6, 0xE1, 0xF8, 0xC6, 0xE1, 0xF8, 0xC6, 0xE1, 0xF8, 0xC6, 0xE1, 0xF8, 0xC6, 0xE1, 0xF8, 0xC6, 0xE1, 0xF8, 0xC6, 0xE1, 0xF8, 0xC6, 0xE1, 0xF8, 0xC6, 0xE1, 0xF8, 0xC6, 0xE1, 0xF8, 
        0xC6, 0xE1, 0xF8, 0xC6, 0xE1, 0xF8, 0xC6, 0xE1, 0xF8, 0xC6, 0xE1, 0xF8, 0xC6, 0xE1, 0xF8, 0xC6, 0xE1, 0xF8, 0xC6, 0xE1, 0xF8, 0xC6, 0xE1, 0xF8, 0xC6, 0xE1, 0xF8, 0xC6, 0xE1, 0xF8, 0xC6, 0xE1, 0xF8, 0xC6, 0xE1, 0xF8, 0xC6, 0xE1, 0xF8, 
        0xC6, 0xE1, 0xF8, 0xC6, 0xE1, 0xF8, 0xC6, 0xE1, 0xF8, 0xC6, 0xE1, 0xF8, 0xC6, 0xE1, 0xF8, 0xC6, 0xE1, 0xF8, 0xC6, 0xE1, 0xF8, 0xC6, 0xE1, 0xF8, 0xC6, 0xE1, 0xF8, 0xC6, 0xE1, 0xF8, 0xC6, 0xE1, 0xF8, 0xC6, 0xE1, 0xF8, 0xC6, 0xE1, 0xF8, 
        0xC6, 0xE1, 0xF8, 0xC6, 0xE1, 0xF8, 0xC6, 0xE1, 0xF8, 0xC6, 0xE1, 0xF8, 0xC6, 0xE1, 0xF8, 0xC6, 0xE1, 0xF8, 0xC6, 0xE1, 0xF8, 0xC6, 0xE1, 0xF8, 0xC6, 0xE1, 0xF8, 0xC6, 0xE1, 0xF8, 0xC6, 0xE1, 0xF8, 0xC6, 0xE1, 0xF8, 0xC6, 0xE1, 0xF8, 
        0xC6, 0xE1, 0xF8, 0xC6, 0xE1, 0xF8, 0xC6, 0xE1, 0xF8, 0xC6, 0xE1, 0xF8, 0xC6, 0xE1, 0xF8, 0xC6, 0xE1, 0xF8, 0xC6, 0xE1, 0xF8, 0xC6, 0xE1, 0xF8, 0xC6, 0xE1, 0xF8, 0xC6, 0xE1, 0xF8, 0xC6, 0xE1, 0xF8, 0xC6, 0xE1, 0xF8, 0xC6, 0xE1, 0xF8, 
        0xC6, 0xE1, 0xF8, 0xC6, 0xE1, 0xF8, 0xC6, 0xE1, 0xF8, 0xC6, 0xE1, 0xF8, 0xC6, 0xE1, 0xF8, 0xC6, 0xE1, 0xF8, 0xC6, 0xE1, 0xF8, 0xC6, 0xE1, 0xF8, 0xC6, 0xE1, 0xF8, 0xC6, 0xE1, 0xF8, 0xC6, 0xE1, 0xF8, 0xC6, 0xE1, 0xF8, 0xC6, 0xE1, 0xF8, 
        0xC6, 0xE1, 0xF8, 0x95, 0xC2, 0xF0, 0x77, 0xAF, 0xEA, 0xEA, 0xF3, 0xFC, 0xFF, 0xFF, 0xFF, 0xFF, 0xFF, 0xFF, 0xFF, 0xFF, 0xFF, 0xFF, 0xFF, 0xFF, 0xFF, 0xFF, 0xFF, 0xFF, 0xFF, 0xFF,
  0xC6, 0xE1, 0xF8, 0xC6, 0xE1, 0xF8, 0xC6, 0xE1, 0xF8, 0xC6, 0xE1, 0xF8, 0xC6, 0xE1, 0xF8, 0xC6, 0xE1, 0xF8, 0xC6, 0xE1, 0xF8, 0xC6, 0xE1, 0xF8, 0xC6, 0xE1, 0xF8, 0xC6, 0xE1, 0xF8, 0xC6, 0xE1, 0xF8, 0xC6, 0xE1, 0xF8, 0xC6, 0xE1, 0xF8, 0xC6, 0xE1, 0xF8, 
        0xC6, 0xE1, 0xF8, 0xC6, 0xE1, 0xF8, 0xC6, 0xE1, 0xF8, 0xC6, 0xE1, 0xF8, 0xC6, 0xE1, 0xF8, 0xC6, 0xE1, 0xF8, 0xC6, 0xE1, 0xF8, 0xC6, 0xE1, 0xF8, 0xC6, 0xE1, 0xF8, 0xC6, 0xE1, 0xF8, 0xC6, 0xE1, 0xF8, 0xC6, 0xE1, 0xF8, 0xC6, 0xE1, 0xF8, 
        0xC6, 0xE1, 0xF8, 0xC6, 0xE1, 0xF8, 0xC6, 0xE1, 0xF8, 0xC6, 0xE1, 0xF8, 0xC6, 0xE1, 0xF8, 0xC6, 0xE1, 0xF8, 0xC6, 0xE1, 0xF8, 0xC6, 0xE1, 0xF8, 0xC6, 0xE1, 0xF8, 0xC6, 0xE1, 0xF8, 0xC6, 0xE1, 0xF8, 0xC6, 0xE1, 0xF8, 0xC6, 0xE1, 0xF8, 
        0xC6, 0xE1, 0xF8, 0xC6, 0xE1, 0xF8, 0xC6, 0xE1, 0xF8, 0xC6, 0xE1, 0xF8, 0xC6, 0xE1, 0xF8, 0xC6, 0xE1, 0xF8, 0xC6, 0xE1, 0xF8, 0xC6, 0xE1, 0xF8, 0xC6, 0xE1, 0xF8, 0xC6, 0xE1, 0xF8, 0xC6, 0xE1, 0xF8, 0xC6, 0xE1, 0xF8, 0xC6, 0xE1, 0xF8, 
        0xC6, 0xE1, 0xF8, 0xC6, 0xE1, 0xF8, 0xC6, 0xE1, 0xF8, 0xC6, 0xE1, 0xF8, 0xC6, 0xE1, 0xF8, 0xC6, 0xE1, 0xF8, 0xC6, 0xE1, 0xF8, 0xC6, 0xE1, 0xF8, 0xC6, 0xE1, 0xF8, 0xC6, 0xE1, 0xF8, 0xC6, 0xE1, 0xF8, 0xC6, 0xE1, 0xF8, 0xC6, 0xE1, 0xF8, 
        0xC6, 0xE1, 0xF8, 0xC6, 0xE1, 0xF8, 0xC6, 0xE1, 0xF8, 0xC6, 0xE1, 0xF8, 0xC6, 0xE1, 0xF8, 0xC6, 0xE1, 0xF8, 0xC6, 0xE1, 0xF8, 0xC6, 0xE1, 0xF8, 0xC6, 0xE1, 0xF8, 0xC6, 0xE1, 0xF8, 0xC6, 0xE1, 0xF8, 0xC6, 0xE1, 0xF8, 0xC6, 0xE1, 0xF8, 
        0xC6, 0xE1, 0xF8, 0xC6, 0xE1, 0xF8, 0xC6, 0xE1, 0xF8, 0xC6, 0xE1, 0xF8, 0xC6, 0xE1, 0xF8, 0xC6, 0xE1, 0xF8, 0xC6, 0xE1, 0xF8, 0xC6, 0xE1, 0xF8, 0xC6, 0xE1, 0xF8, 0xC6, 0xE1, 0xF8, 0xC6, 0xE1, 0xF8, 0xC6, 0xE1, 0xF8, 0xC6, 0xE1, 0xF8, 
        0xC6, 0xE1, 0xF8, 0xC6, 0xE1, 0xF8, 0xC6, 0xE1, 0xF8, 0xC6, 0xE1, 0xF8, 0xC6, 0xE1, 0xF8, 0xC6, 0xE1, 0xF8, 0xC6, 0xE1, 0xF8, 0xC6, 0xE1, 0xF8, 0xC6, 0xE1, 0xF8, 0xC6, 0xE1, 0xF8, 0xC6, 0xE1, 0xF8, 0xC6, 0xE1, 0xF8, 0xC6, 0xE1, 0xF8, 
        0xC6, 0xE1, 0xF8, 0xC6, 0xE1, 0xF8, 0xC6, 0xE1, 0xF8, 0xC6, 0xE1, 0xF8, 0xC6, 0xE1, 0xF8, 0xC6, 0xE1, 0xF8, 0xC6, 0xE1, 0xF8, 0xC6, 0xE1, 0xF8, 0xC6, 0xE1, 0xF8, 0xC6, 0xE1, 0xF8, 0xC6, 0xE1, 0xF8, 0xC6, 0xE1, 0xF8, 0xC6, 0xE1, 0xF8, 
        0xC6, 0xE1, 0xF8, 0xC6, 0xE1, 0xF8, 0xC6, 0xE1, 0xF8, 0xC6, 0xE1, 0xF8, 0xC6, 0xE1, 0xF8, 0xC6, 0xE1, 0xF8, 0xC6, 0xE1, 0xF8, 0xC6, 0xE1, 0xF8, 0xC6, 0xE1, 0xF8, 0xC6, 0xE1, 0xF8, 0xC6, 0xE1, 0xF8, 0xC6, 0xE1, 0xF8, 0xC6, 0xE1, 0xF8, 
        0xC6, 0xE1, 0xF8, 0xC6, 0xE1, 0xF8, 0xC6, 0xE1, 0xF8, 0xC6, 0xE1, 0xF8, 0xC6, 0xE1, 0xF8, 0xC6, 0xE1, 0xF8, 0xC6, 0xE1, 0xF8, 0xC6, 0xE1, 0xF8, 0xC6, 0xE1, 0xF8, 0xC6, 0xE1, 0xF8, 0xC6, 0xE1, 0xF8, 0xC6, 0xE1, 0xF8, 0xC6, 0xE1, 0xF8, 
        0xC6, 0xE1, 0xF8, 0xC6, 0xE1, 0xF8, 0xC6, 0xE1, 0xF8, 0xC6, 0xE1, 0xF8, 0xC6, 0xE1, 0xF8, 0xC6, 0xE1, 0xF8, 0xC6, 0xE1, 0xF8, 0xC6, 0xE1, 0xF8, 0xC6, 0xE1, 0xF8, 0xC6, 0xE1, 0xF8, 0xC6, 0xE1, 0xF8, 0xC6, 0xE1, 0xF8, 0xC6, 0xE1, 0xF8, 
        0xC6, 0xE1, 0xF8, 0xC6, 0xE1, 0xF8, 0xC6, 0xE1, 0xF8, 0xC6, 0xE1, 0xF8, 0xC6, 0xE1, 0xF8, 0xC6, 0xE1, 0xF8, 0xC6, 0xE1, 0xF8, 0xC6, 0xE1, 0xF8, 0xC6, 0xE1, 0xF8, 0xC6, 0xE1, 0xF8, 0xC6, 0xE1, 0xF8, 0xC6, 0xE1, 0xF8, 0xC6, 0xE1, 0xF8, 
        0x8E, 0xBE, 0xEF, 0x81, 0xB5, 0xEC, 0xF0, 0xF6, 0xFD, 0xFF, 0xFF, 0xFF, 0xFF, 0xFF, 0xFF, 0xFF, 0xFF, 0xFF, 0xFF, 0xFF, 0xFF, 0xFF, 0xFF, 0xFF, 0xFF, 0xFF, 0xFF, 0xFF, 0xFF, 0xFF,
  0xC6, 0xE1, 0xF8, 0xC6, 0xE1, 0xF8, 0xC6, 0xE1, 0xF8, 0xC6, 0xE1, 0xF8, 0xC6, 0xE1, 0xF8, 0xC6, 0xE1, 0xF8, 0xC6, 0xE1, 0xF8, 0xC6, 0xE1, 0xF8, 0xC6, 0xE1, 0xF8, 0xC6, 0xE1, 0xF8, 0xC6, 0xE1, 0xF8, 0xC6, 0xE1, 0xF8, 0xC6, 0xE1, 0xF8, 0xC6, 0xE1, 0xF8, 
        0xC6, 0xE1, 0xF8, 0xC6, 0xE1, 0xF8, 0xC6, 0xE1, 0xF8, 0xC6, 0xE1, 0xF8, 0xC6, 0xE1, 0xF8, 0xC6, 0xE1, 0xF8, 0xC6, 0xE1, 0xF8, 0xC6, 0xE1, 0xF8, 0xC6, 0xE1, 0xF8, 0xC6, 0xE1, 0xF8, 0xC6, 0xE1, 0xF8, 0xC6, 0xE1, 0xF8, 0xC6, 0xE1, 0xF8, 
        0xC6, 0xE1, 0xF8, 0xC6, 0xE1, 0xF8, 0xC6, 0xE1, 0xF8, 0xC6, 0xE1, 0xF8, 0xC6, 0xE1, 0xF8, 0xC6, 0xE1, 0xF8, 0xC6, 0xE1, 0xF8, 0xC6, 0xE1, 0xF8, 0xC6, 0xE1, 0xF8, 0xC6, 0xE1, 0xF8, 0xC6, 0xE1, 0xF8, 0xC6, 0xE1, 0xF8, 0xC6, 0xE1, 0xF8, 
        0xC6, 0xE1, 0xF8, 0xC6, 0xE1, 0xF8, 0xC6, 0xE1, 0xF8, 0xC6, 0xE1, 0xF8, 0xC6, 0xE1, 0xF8, 0xC6, 0xE1, 0xF8, 0xC6, 0xE1, 0xF8, 0xC6, 0xE1, 0xF8, 0xC6, 0xE1, 0xF8, 0xC6, 0xE1, 0xF8, 0xC6, 0xE1, 0xF8, 0xC6, 0xE1, 0xF8, 0xC6, 0xE1, 0xF8, 
        0xC6, 0xE1, 0xF8, 0xC6, 0xE1, 0xF8, 0xC6, 0xE1, 0xF8, 0xC6, 0xE1, 0xF8, 0xC6, 0xE1, 0xF8, 0xC6, 0xE1, 0xF8, 0xC6, 0xE1, 0xF8, 0xC6, 0xE1, 0xF8, 0xC6, 0xE1, 0xF8, 0xC6, 0xE1, 0xF8, 0xC6, 0xE1, 0xF8, 0xC6, 0xE1, 0xF8, 0xC6, 0xE1, 0xF8, 
        0xC6, 0xE1, 0xF8, 0xC6, 0xE1, 0xF8, 0xC6, 0xE1, 0xF8, 0xC6, 0xE1, 0xF8, 0xC6, 0xE1, 0xF8, 0xC6, 0xE1, 0xF8, 0xC6, 0xE1, 0xF8, 0xC6, 0xE1, 0xF8, 0xC6, 0xE1, 0xF8, 0xC6, 0xE1, 0xF8, 0xC6, 0xE1, 0xF8, 0xC6, 0xE1, 0xF8, 0xC6, 0xE1, 0xF8, 
        0xC6, 0xE1, 0xF8, 0xC6, 0xE1, 0xF8, 0xC6, 0xE1, 0xF8, 0xC6, 0xE1, 0xF8, 0xC6, 0xE1, 0xF8, 0xC6, 0xE1, 0xF8, 0xC6, 0xE1, 0xF8, 0xC6, 0xE1, 0xF8, 0xC6, 0xE1, 0xF8, 0xC6, 0xE1, 0xF8, 0xC6, 0xE1, 0xF8, 0xC6, 0xE1, 0xF8, 0xC6, 0xE1, 0xF8, 
        0xC6, 0xE1, 0xF8, 0xC6, 0xE1, 0xF8, 0xC6, 0xE1, 0xF8, 0xC6, 0xE1, 0xF8, 0xC6, 0xE1, 0xF8, 0xC6, 0xE1, 0xF8, 0xC6, 0xE1, 0xF8, 0xC6, 0xE1, 0xF8, 0xC6, 0xE1, 0xF8, 0xC6, 0xE1, 0xF8, 0xC6, 0xE1, 0xF8, 0xC6, 0xE1, 0xF8, 0xC6, 0xE1, 0xF8, 
        0xC6, 0xE1, 0xF8, 0xC6, 0xE1, 0xF8, 0xC6, 0xE1, 0xF8, 0xC6, 0xE1, 0xF8, 0xC6, 0xE1, 0xF8, 0xC6, 0xE1, 0xF8, 0xC6, 0xE1, 0xF8, 0xC6, 0xE1, 0xF8, 0xC6, 0xE1, 0xF8, 0xC6, 0xE1, 0xF8, 0xC6, 0xE1, 0xF8, 0xC6, 0xE1, 0xF8, 0xC6, 0xE1, 0xF8, 
        0xC6, 0xE1, 0xF8, 0xC6, 0xE1, 0xF8, 0xC6, 0xE1, 0xF8, 0xC6, 0xE1, 0xF8, 0xC6, 0xE1, 0xF8, 0xC6, 0xE1, 0xF8, 0xC6, 0xE1, 0xF8, 0xC6, 0xE1, 0xF8, 0xC6, 0xE1, 0xF8, 0xC6, 0xE1, 0xF8, 0xC6, 0xE1, 0xF8, 0xC6, 0xE1, 0xF8, 0xC6, 0xE1, 0xF8, 
        0xC6, 0xE1, 0xF8, 0xC6, 0xE1, 0xF8, 0xC6, 0xE1, 0xF8, 0xC6, 0xE1, 0xF8, 0xC6, 0xE1, 0xF8, 0xC6, 0xE1, 0xF8, 0xC6, 0xE1, 0xF8, 0xC6, 0xE1, 0xF8, 0xC6, 0xE1, 0xF8, 0xC6, 0xE1, 0xF8, 0xC6, 0xE1, 0xF8, 0xC6, 0xE1, 0xF8, 0xC6, 0xE1, 0xF8, 
        0xC6, 0xE1, 0xF8, 0xC6, 0xE1, 0xF8, 0xC6, 0xE1, 0xF8, 0xC6, 0xE1, 0xF8, 0xC6, 0xE1, 0xF8, 0xC6, 0xE1, 0xF8, 0xC6, 0xE1, 0xF8, 0xC6, 0xE1, 0xF8, 0xC6, 0xE1, 0xF8, 0xC6, 0xE1, 0xF8, 0xC6, 0xE1, 0xF8, 0xC6, 0xE1, 0xF8, 0xC6, 0xE1, 0xF8, 
        0xC6, 0xE1, 0xF8, 0xC6, 0xE1, 0xF8, 0xC6, 0xE1, 0xF8, 0xC6, 0xE1, 0xF8, 0xC6, 0xE1, 0xF8, 0xC6, 0xE1, 0xF8, 0xC6, 0xE1, 0xF8, 0xC6, 0xE1, 0xF8, 0xC6, 0xE1, 0xF8, 0xC6, 0xE1, 0xF8, 0xC6, 0xE1, 0xF8, 0xA8, 0xCE, 0xF3, 0x7F, 0xB5, 0xEC, 
        0xA1, 0xC8, 0xF1, 0xFA, 0xFC, 0xFE, 0xFF, 0xFF, 0xFF, 0xFF, 0xFF, 0xFF, 0xFF, 0xFF, 0xFF, 0xFF, 0xFF, 0xFF, 0xFF, 0xFF, 0xFF, 0xFF, 0xFF, 0xFF, 0xFF, 0xFF, 0xFF, 0xFF, 0xFF, 0xFF,
  0xC6, 0xE1, 0xF8, 0xC6, 0xE1, 0xF8, 0xC6, 0xE1, 0xF8, 0xC6, 0xE1, 0xF8, 0xC6, 0xE1, 0xF8, 0xC6, 0xE1, 0xF8, 0xC6, 0xE1, 0xF8, 0xC6, 0xE1, 0xF8, 0xC6, 0xE1, 0xF8, 0xC6, 0xE1, 0xF8, 0xC6, 0xE1, 0xF8, 0xC6, 0xE1, 0xF8, 0xC6, 0xE1, 0xF8, 0xC6, 0xE1, 0xF8, 
        0xC6, 0xE1, 0xF8, 0xC6, 0xE1, 0xF8, 0xC6, 0xE1, 0xF8, 0xC6, 0xE1, 0xF8, 0xC6, 0xE1, 0xF8, 0xC6, 0xE1, 0xF8, 0xC6, 0xE1, 0xF8, 0xC6, 0xE1, 0xF8, 0xC6, 0xE1, 0xF8, 0xC6, 0xE1, 0xF8, 0xC6, 0xE1, 0xF8, 0xC6, 0xE1, 0xF8, 0xC6, 0xE1, 0xF8, 
        0xC6, 0xE1, 0xF8, 0xC6, 0xE1, 0xF8, 0xC6, 0xE1, 0xF8, 0xC6, 0xE1, 0xF8, 0xC6, 0xE1, 0xF8, 0xC6, 0xE1, 0xF8, 0xC6, 0xE1, 0xF8, 0xC6, 0xE1, 0xF8, 0xC6, 0xE1, 0xF8, 0xC6, 0xE1, 0xF8, 0xC6, 0xE1, 0xF8, 0xC6, 0xE1, 0xF8, 0xC6, 0xE1, 0xF8, 
        0xC6, 0xE1, 0xF8, 0xC6, 0xE1, 0xF8, 0xC6, 0xE1, 0xF8, 0xC6, 0xE1, 0xF8, 0xC6, 0xE1, 0xF8, 0xC6, 0xE1, 0xF8, 0xC6, 0xE1, 0xF8, 0xC6, 0xE1, 0xF8, 0xC6, 0xE1, 0xF8, 0xC6, 0xE1, 0xF8, 0xC6, 0xE1, 0xF8, 0xC6, 0xE1, 0xF8, 0xC6, 0xE1, 0xF8, 
        0xC6, 0xE1, 0xF8, 0xC6, 0xE1, 0xF8, 0xC6, 0xE1, 0xF8, 0xC6, 0xE1, 0xF8, 0xC6, 0xE1, 0xF8, 0xC6, 0xE1, 0xF8, 0xC6, 0xE1, 0xF8, 0xC6, 0xE1, 0xF8, 0xC6, 0xE1, 0xF8, 0xC6, 0xE1, 0xF8, 0xC6, 0xE1, 0xF8, 0xC6, 0xE1, 0xF8, 0xC6, 0xE1, 0xF8, 
        0xC6, 0xE1, 0xF8, 0xC6, 0xE1, 0xF8, 0xC6, 0xE1, 0xF8, 0xC6, 0xE1, 0xF8, 0xC6, 0xE1, 0xF8, 0xC6, 0xE1, 0xF8, 0xC6, 0xE1, 0xF8, 0xC6, 0xE1, 0xF8, 0xC6, 0xE1, 0xF8, 0xC6, 0xE1, 0xF8, 0xC6, 0xE1, 0xF8, 0xC6, 0xE1, 0xF8, 0xC6, 0xE1, 0xF8, 
        0xC6, 0xE1, 0xF8, 0xC6, 0xE1, 0xF8, 0xC6, 0xE1, 0xF8, 0xC6, 0xE1, 0xF8, 0xC6, 0xE1, 0xF8, 0xC6, 0xE1, 0xF8, 0xC6, 0xE1, 0xF8, 0xC6, 0xE1, 0xF8, 0xC6, 0xE1, 0xF8, 0xC6, 0xE1, 0xF8, 0xC6, 0xE1, 0xF8, 0xC6, 0xE1, 0xF8, 0xC6, 0xE1, 0xF8, 
        0xC6, 0xE1, 0xF8, 0xC6, 0xE1, 0xF8, 0xC6, 0xE1, 0xF8, 0xC6, 0xE1, 0xF8, 0xC6, 0xE1, 0xF8, 0xC6, 0xE1, 0xF8, 0xC6, 0xE1, 0xF8, 0xC6, 0xE1, 0xF8, 0xC6, 0xE1, 0xF8, 0xC6, 0xE1, 0xF8, 0xC6, 0xE1, 0xF8, 0xC6, 0xE1, 0xF8, 0xC6, 0xE1, 0xF8, 
        0xC6, 0xE1, 0xF8, 0xC6, 0xE1, 0xF8, 0xC6, 0xE1, 0xF8, 0xC6, 0xE1, 0xF8, 0xC6, 0xE1, 0xF8, 0xC6, 0xE1, 0xF8, 0xC6, 0xE1, 0xF8, 0xC6, 0xE1, 0xF8, 0xC6, 0xE1, 0xF8, 0xC6, 0xE1, 0xF8, 0xC6, 0xE1, 0xF8, 0xC6, 0xE1, 0xF8, 0xC6, 0xE1, 0xF8, 
        0xC6, 0xE1, 0xF8, 0xC6, 0xE1, 0xF8, 0xC6, 0xE1, 0xF8, 0xC6, 0xE1, 0xF8, 0xC6, 0xE1, 0xF8, 0xC6, 0xE1, 0xF8, 0xC6, 0xE1, 0xF8, 0xC6, 0xE1, 0xF8, 0xC6, 0xE1, 0xF8, 0xC6, 0xE1, 0xF8, 0xC6, 0xE1, 0xF8, 0xC6, 0xE1, 0xF8, 0xC6, 0xE1, 0xF8, 
        0xC6, 0xE1, 0xF8, 0xC6, 0xE1, 0xF8, 0xC6, 0xE1, 0xF8, 0xC6, 0xE1, 0xF8, 0xC6, 0xE1, 0xF8, 0xC6, 0xE1, 0xF8, 0xC6, 0xE1, 0xF8, 0xC6, 0xE1, 0xF8, 0xC6, 0xE1, 0xF8, 0xC6, 0xE1, 0xF8, 0xC6, 0xE1, 0xF8, 0xC6, 0xE1, 0xF8, 0xC6, 0xE1, 0xF8, 
        0xC6, 0xE1, 0xF8, 0xC6, 0xE1, 0xF8, 0xC6, 0xE1, 0xF8, 0xC6, 0xE1, 0xF8, 0xC6, 0xE1, 0xF8, 0xC6, 0xE1, 0xF8, 0xC6, 0xE1, 0xF8, 0xC6, 0xE1, 0xF8, 0xC6, 0xE1, 0xF8, 0xC6, 0xE1, 0xF8, 0xC6, 0xE1, 0xF8, 0xC6, 0xE1, 0xF8, 0xC6, 0xE1, 0xF8, 
        0xC6, 0xE1, 0xF8, 0xC6, 0xE1, 0xF8, 0xC6, 0xE1, 0xF8, 0xC6, 0xE1, 0xF8, 0xC6, 0xE1, 0xF8, 0xC6, 0xE1, 0xF8, 0xC6, 0xE1, 0xF8, 0xC6, 0xE1, 0xF8, 0xC6, 0xE1, 0xF8, 0xB8, 0xD8, 0xF6, 0x8F, 0xBF, 0xEF, 0x78, 0xB0, 0xEA, 0xD2, 0xE5, 0xF8, 
        0xFF, 0xFF, 0xFF, 0xFF, 0xFF, 0xFF, 0xFF, 0xFF, 0xFF, 0xFF, 0xFF, 0xFF, 0xFF, 0xFF, 0xFF, 0xFF, 0xFF, 0xFF, 0xFF, 0xFF, 0xFF, 0xFF, 0xFF, 0xFF, 0xFF, 0xFF, 0xFF, 0xFF, 0xFF, 0xFF,
  0xC6, 0xE1, 0xF8, 0xC6, 0xE1, 0xF8, 0xC6, 0xE1, 0xF8, 0xC6, 0xE1, 0xF8, 0xC6, 0xE1, 0xF8, 0xC6, 0xE1, 0xF8, 0xC6, 0xE1, 0xF8, 0xC6, 0xE1, 0xF8, 0xC6, 0xE1, 0xF8, 0xC6, 0xE1, 0xF8, 0xC6, 0xE1, 0xF8, 0xC6, 0xE1, 0xF8, 0xC6, 0xE1, 0xF8, 0xC6, 0xE1, 0xF8, 
        0xC6, 0xE1, 0xF8, 0xC6, 0xE1, 0xF8, 0xC6, 0xE1, 0xF8, 0xC6, 0xE1, 0xF8, 0xC6, 0xE1, 0xF8, 0xC6, 0xE1, 0xF8, 0xC6, 0xE1, 0xF8, 0xC6, 0xE1, 0xF8, 0xC6, 0xE1, 0xF8, 0xC6, 0xE1, 0xF8, 0xC6, 0xE1, 0xF8, 0xC6, 0xE1, 0xF8, 0xC6, 0xE1, 0xF8, 
        0xC6, 0xE1, 0xF8, 0xC6, 0xE1, 0xF8, 0xC6, 0xE1, 0xF8, 0xC6, 0xE1, 0xF8, 0xC6, 0xE1, 0xF8, 0xC6, 0xE1, 0xF8, 0xC6, 0xE1, 0xF8, 0xC6, 0xE1, 0xF8, 0xC6, 0xE1, 0xF8, 0xC6, 0xE1, 0xF8, 0xC6, 0xE1, 0xF8, 0xC6, 0xE1, 0xF8, 0xC6, 0xE1, 0xF8, 
        0xC6, 0xE1, 0xF8, 0xC6, 0xE1, 0xF8, 0xC6, 0xE1, 0xF8, 0xC6, 0xE1, 0xF8, 0xC6, 0xE1, 0xF8, 0xC6, 0xE1, 0xF8, 0xC6, 0xE1, 0xF8, 0xC6, 0xE1, 0xF8, 0xC6, 0xE1, 0xF8, 0xC6, 0xE1, 0xF8, 0xC6, 0xE1, 0xF8, 0xC6, 0xE1, 0xF8, 0xC6, 0xE1, 0xF8, 
        0xC6, 0xE1, 0xF8, 0xC6, 0xE1, 0xF8, 0xC6, 0xE1, 0xF8, 0xC6, 0xE1, 0xF8, 0xC6, 0xE1, 0xF8, 0xC6, 0xE1, 0xF8, 0xC6, 0xE1, 0xF8, 0xC6, 0xE1, 0xF8, 0xC6, 0xE1, 0xF8, 0xC6, 0xE1, 0xF8, 0xC6, 0xE1, 0xF8, 0xC6, 0xE1, 0xF8, 0xC6, 0xE1, 0xF8, 
        0xC6, 0xE1, 0xF8, 0xC6, 0xE1, 0xF8, 0xC6, 0xE1, 0xF8, 0xC6, 0xE1, 0xF8, 0xC6, 0xE1, 0xF8, 0xC6, 0xE1, 0xF8, 0xC6, 0xE1, 0xF8, 0xC6, 0xE1, 0xF8, 0xC6, 0xE1, 0xF8, 0xC6, 0xE1, 0xF8, 0xC6, 0xE1, 0xF8, 0xC6, 0xE1, 0xF8, 0xC6, 0xE1, 0xF8, 
        0xC6, 0xE1, 0xF8, 0xC6, 0xE1, 0xF8, 0xC6, 0xE1, 0xF8, 0xC6, 0xE1, 0xF8, 0xC6, 0xE1, 0xF8, 0xC6, 0xE1, 0xF8, 0xC6, 0xE1, 0xF8, 0xC6, 0xE1, 0xF8, 0xC6, 0xE1, 0xF8, 0xC6, 0xE1, 0xF8, 0xC6, 0xE1, 0xF8, 0xC6, 0xE1, 0xF8, 0xC6, 0xE1, 0xF8, 
        0xC6, 0xE1, 0xF8, 0xC6, 0xE1, 0xF8, 0xC6, 0xE1, 0xF8, 0xC6, 0xE1, 0xF8, 0xC6, 0xE1, 0xF8, 0xC6, 0xE1, 0xF8, 0xC6, 0xE1, 0xF8, 0xC6, 0xE1, 0xF8, 0xC6, 0xE1, 0xF8, 0xC6, 0xE1, 0xF8, 0xC6, 0xE1, 0xF8, 0xC6, 0xE1, 0xF8, 0xC6, 0xE1, 0xF8, 
        0xC6, 0xE1, 0xF8, 0xC6, 0xE1, 0xF8, 0xC6, 0xE1, 0xF8, 0xC6, 0xE1, 0xF8, 0xC6, 0xE1, 0xF8, 0xC6, 0xE1, 0xF8, 0xC6, 0xE1, 0xF8, 0xC6, 0xE1, 0xF8, 0xC6, 0xE1, 0xF8, 0xC6, 0xE1, 0xF8, 0xC6, 0xE1, 0xF8, 0xC6, 0xE1, 0xF8, 0xC6, 0xE1, 0xF8, 
        0xC6, 0xE1, 0xF8, 0xC6, 0xE1, 0xF8, 0xC6, 0xE1, 0xF8, 0xC6, 0xE1, 0xF8, 0xC6, 0xE1, 0xF8, 0xC6, 0xE1, 0xF8, 0xC6, 0xE1, 0xF8, 0xC6, 0xE1, 0xF8, 0xC6, 0xE1, 0xF8, 0xC6, 0xE1, 0xF8, 0xC6, 0xE1, 0xF8, 0xC6, 0xE1, 0xF8, 0xC6, 0xE1, 0xF8, 
        0xC6, 0xE1, 0xF8, 0xC6, 0xE1, 0xF8, 0xC6, 0xE1, 0xF8, 0xC6, 0xE1, 0xF8, 0xC6, 0xE1, 0xF8, 0xC6, 0xE1, 0xF8, 0xC6, 0xE1, 0xF8, 0xC6, 0xE1, 0xF8, 0xC6, 0xE1, 0xF8, 0xC6, 0xE1, 0xF8, 0xC6, 0xE1, 0xF8, 0xC6, 0xE1, 0xF8, 0xC6, 0xE1, 0xF8, 
        0xC6, 0xE1, 0xF8, 0xC6, 0xE1, 0xF8, 0xC6, 0xE1, 0xF8, 0xC6, 0xE1, 0xF8, 0xC6, 0xE1, 0xF8, 0xC6, 0xE1, 0xF8, 0xC6, 0xE1, 0xF8, 0xC6, 0xE1, 0xF8, 0xC6, 0xE1, 0xF8, 0xC6, 0xE1, 0xF8, 0xC6, 0xE1, 0xF8, 0xC6, 0xE1, 0xF8, 0xC6, 0xE1, 0xF8, 
        0xC6, 0xE1, 0xF8, 0xC6, 0xE1, 0xF8, 0xC6, 0xE1, 0xF8, 0xC6, 0xE1, 0xF8, 0xC6, 0xE1, 0xF8, 0xC6, 0xE1, 0xF8, 0xC5, 0xE0, 0xF8, 0xAB, 0xD0, 0xF3, 0x86, 0xB9, 0xED, 0x71, 0xAC, 0xE9, 0xB9, 0xD6, 0xF4, 0xF9, 0xFC, 0xFE, 0xFF, 0xFF, 0xFF, 
        0xFF, 0xFF, 0xFF, 0xFF, 0xFF, 0xFF, 0xFF, 0xFF, 0xFF, 0xFF, 0xFF, 0xFF, 0xFF, 0xFF, 0xFF, 0xFF, 0xFF, 0xFF, 0xFF, 0xFF, 0xFF, 0xFF, 0xFF, 0xFF, 0xFF, 0xFF, 0xFF, 0xFF, 0xFF, 0xFF,
  0xC6, 0xE1, 0xF8, 0xC6, 0xE1, 0xF8, 0xC6, 0xE1, 0xF8, 0xC6, 0xE1, 0xF8, 0xC6, 0xE1, 0xF8, 0xC6, 0xE1, 0xF8, 0xC6, 0xE1, 0xF8, 0xC6, 0xE1, 0xF8, 0xC6, 0xE1, 0xF8, 0xC6, 0xE1, 0xF8, 0xC6, 0xE1, 0xF8, 0xC6, 0xE1, 0xF8, 0xC6, 0xE1, 0xF8, 0xC6, 0xE1, 0xF8, 
        0xC6, 0xE1, 0xF8, 0xC6, 0xE1, 0xF8, 0xC6, 0xE1, 0xF8, 0xC6, 0xE1, 0xF8, 0xC6, 0xE1, 0xF8, 0xC6, 0xE1, 0xF8, 0xC6, 0xE1, 0xF8, 0xC6, 0xE1, 0xF8, 0xC6, 0xE1, 0xF8, 0xC6, 0xE1, 0xF8, 0xC6, 0xE1, 0xF8, 0xC6, 0xE1, 0xF8, 0xC6, 0xE1, 0xF8, 
        0xC6, 0xE1, 0xF8, 0xC6, 0xE1, 0xF8, 0xC6, 0xE1, 0xF8, 0xC6, 0xE1, 0xF8, 0xC6, 0xE1, 0xF8, 0xC6, 0xE1, 0xF8, 0xC6, 0xE1, 0xF8, 0xC6, 0xE1, 0xF8, 0xC6, 0xE1, 0xF8, 0xC6, 0xE1, 0xF8, 0xC6, 0xE1, 0xF8, 0xC6, 0xE1, 0xF8, 0xC6, 0xE1, 0xF8, 
        0xC6, 0xE1, 0xF8, 0xC6, 0xE1, 0xF8, 0xC6, 0xE1, 0xF8, 0xC6, 0xE1, 0xF8, 0xC6, 0xE1, 0xF8, 0xC6, 0xE1, 0xF8, 0xC6, 0xE1, 0xF8, 0xC6, 0xE1, 0xF8, 0xC6, 0xE1, 0xF8, 0xC6, 0xE1, 0xF8, 0xC6, 0xE1, 0xF8, 0xC6, 0xE1, 0xF8, 0xC6, 0xE1, 0xF8, 
        0xC6, 0xE1, 0xF8, 0xC6, 0xE1, 0xF8, 0xC6, 0xE1, 0xF8, 0xC6, 0xE1, 0xF8, 0xC6, 0xE1, 0xF8, 0xC6, 0xE1, 0xF8, 0xC6, 0xE1, 0xF8, 0xC6, 0xE1, 0xF8, 0xC6, 0xE1, 0xF8, 0xC6, 0xE1, 0xF8, 0xC6, 0xE1, 0xF8, 0xC6, 0xE1, 0xF8, 0xC6, 0xE1, 0xF8, 
        0xC6, 0xE1, 0xF8, 0xC6, 0xE1, 0xF8, 0xC6, 0xE1, 0xF8, 0xC6, 0xE1, 0xF8, 0xC6, 0xE1, 0xF8, 0xC6, 0xE1, 0xF8, 0xC6, 0xE1, 0xF8, 0xC6, 0xE1, 0xF8, 0xC6, 0xE1, 0xF8, 0xC6, 0xE1, 0xF8, 0xC6, 0xE1, 0xF8, 0xC6, 0xE1, 0xF8, 0xC6, 0xE1, 0xF8, 
        0xC6, 0xE1, 0xF8, 0xC6, 0xE1, 0xF8, 0xC6, 0xE1, 0xF8, 0xC6, 0xE1, 0xF8, 0xC6, 0xE1, 0xF8, 0xC6, 0xE1, 0xF8, 0xC6, 0xE1, 0xF8, 0xC6, 0xE1, 0xF8, 0xC6, 0xE1, 0xF8, 0xC6, 0xE1, 0xF8, 0xC6, 0xE1, 0xF8, 0xC6, 0xE1, 0xF8, 0xC6, 0xE1, 0xF8, 
        0xC6, 0xE1, 0xF8, 0xC6, 0xE1, 0xF8, 0xC6, 0xE1, 0xF8, 0xC6, 0xE1, 0xF8, 0xC6, 0xE1, 0xF8, 0xC6, 0xE1, 0xF8, 0xC6, 0xE1, 0xF8, 0xC6, 0xE1, 0xF8, 0xC6, 0xE1, 0xF8, 0xC6, 0xE1, 0xF8, 0xC6, 0xE1, 0xF8, 0xC6, 0xE1, 0xF8, 0xC6, 0xE1, 0xF8, 
        0xC6, 0xE1, 0xF8, 0xC6, 0xE1, 0xF8, 0xC6, 0xE1, 0xF8, 0xC6, 0xE1, 0xF8, 0xC6, 0xE1, 0xF8, 0xC6, 0xE1, 0xF8, 0xC6, 0xE1, 0xF8, 0xC6, 0xE1, 0xF8, 0xC6, 0xE1, 0xF8, 0xC6, 0xE1, 0xF8, 0xC6, 0xE1, 0xF8, 0xC6, 0xE1, 0xF8, 0xC6, 0xE1, 0xF8, 
        0xC6, 0xE1, 0xF8, 0xC6, 0xE1, 0xF8, 0xC6, 0xE1, 0xF8, 0xC6, 0xE1, 0xF8, 0xC6, 0xE1, 0xF8, 0xC6, 0xE1, 0xF8, 0xC6, 0xE1, 0xF8, 0xC6, 0xE1, 0xF8, 0xC6, 0xE1, 0xF8, 0xC6, 0xE1, 0xF8, 0xC6, 0xE1, 0xF8, 0xC6, 0xE1, 0xF8, 0xC6, 0xE1, 0xF8, 
        0xC6, 0xE1, 0xF8, 0xC6, 0xE1, 0xF8, 0xC6, 0xE1, 0xF8, 0xC6, 0xE1, 0xF8, 0xC6, 0xE1, 0xF8, 0xC6, 0xE1, 0xF8, 0xC6, 0xE1, 0xF8, 0xC6, 0xE1, 0xF8, 0xC6, 0xE1, 0xF8, 0xC6, 0xE1, 0xF8, 0xC6, 0xE1, 0xF8, 0xC6, 0xE1, 0xF8, 0xC6, 0xE1, 0xF8, 
        0xC6, 0xE1, 0xF8, 0xC6, 0xE1, 0xF8, 0xC6, 0xE1, 0xF8, 0xC6, 0xE1, 0xF8, 0xC6, 0xE1, 0xF8, 0xC6, 0xE1, 0xF8, 0xC6, 0xE1, 0xF8, 0xC6, 0xE1, 0xF8, 0xC6, 0xE1, 0xF8, 0xC6, 0xE1, 0xF8, 0xC6, 0xE1, 0xF8, 0xC6, 0xE1, 0xF8, 0xC6, 0xE1, 0xF8, 
        0xC4, 0xE0, 0xF8, 0xBF, 0xDD, 0xF7, 0xB6, 0xD7, 0xF5, 0xA9, 0xCF, 0xF3, 0x99, 0xC5, 0xF0, 0x81, 0xB6, 0xEC, 0x64, 0xA4, 0xE7, 0x8C, 0xBC, 0xED, 0xC7, 0xDE, 0xF6, 0xFB, 0xFC, 0xFE, 0xFF, 0xFF, 0xFF, 0xFF, 0xFF, 0xFF, 0xFF, 0xFF, 0xFF, 
        0xFF, 0xFF, 0xFF, 0xFF, 0xFF, 0xFF, 0xFF, 0xFF, 0xFF, 0xFF, 0xFF, 0xFF, 0xFF, 0xFF, 0xFF, 0xFF, 0xFF, 0xFF, 0xFF, 0xFF, 0xFF, 0xFF, 0xFF, 0xFF, 0xFF, 0xFF, 0xFF, 0xFF, 0xFF, 0xFF,
  0x62, 0xA3, 0xE7, 0x62, 0xA3, 0xE7, 0x62, 0xA3, 0xE7, 0x62, 0xA3, 0xE7, 0x62, 0xA3, 0xE7, 0x62, 0xA3, 0xE7, 0x62, 0xA3, 0xE7, 0x62, 0xA3, 0xE7, 0x62, 0xA3, 0xE7, 0x62, 0xA3, 0xE7, 0x62, 0xA3, 0xE7, 0x62, 0xA3, 0xE7, 0x62, 0xA3, 0xE7, 0x62, 0xA3, 0xE7, 
        0x62, 0xA3, 0xE7, 0x62, 0xA3, 0xE7, 0x62, 0xA3, 0xE7, 0x62, 0xA3, 0xE7, 0x62, 0xA3, 0xE7, 0x62, 0xA3, 0xE7, 0x62, 0xA3, 0xE7, 0x62, 0xA3, 0xE7, 0x62, 0xA3, 0xE7, 0x62, 0xA3, 0xE7, 0x62, 0xA3, 0xE7, 0x62, 0xA3, 0xE7, 0x62, 0xA3, 0xE7, 
        0x62, 0xA3, 0xE7, 0x62, 0xA3, 0xE7, 0x62, 0xA3, 0xE7, 0x62, 0xA3, 0xE7, 0x62, 0xA3, 0xE7, 0x62, 0xA3, 0xE7, 0x62, 0xA3, 0xE7, 0x62, 0xA3, 0xE7, 0x62, 0xA3, 0xE7, 0x62, 0xA3, 0xE7, 0x62, 0xA3, 0xE7, 0x62, 0xA3, 0xE7, 0x62, 0xA3, 0xE7, 
        0x62, 0xA3, 0xE7, 0x62, 0xA3, 0xE7, 0x62, 0xA3, 0xE7, 0x62, 0xA3, 0xE7, 0x62, 0xA3, 0xE7, 0x62, 0xA3, 0xE7, 0x62, 0xA3, 0xE7, 0x62, 0xA3, 0xE7, 0x62, 0xA3, 0xE7, 0x62, 0xA3, 0xE7, 0x62, 0xA3, 0xE7, 0x62, 0xA3, 0xE7, 0x62, 0xA3, 0xE7, 
        0x62, 0xA3, 0xE7, 0x62, 0xA3, 0xE7, 0x62, 0xA3, 0xE7, 0x62, 0xA3, 0xE7, 0x62, 0xA3, 0xE7, 0x62, 0xA3, 0xE7, 0x62, 0xA3, 0xE7, 0x62, 0xA3, 0xE7, 0x62, 0xA3, 0xE7, 0x62, 0xA3, 0xE7, 0x62, 0xA3, 0xE7, 0x62, 0xA3, 0xE7, 0x62, 0xA3, 0xE7, 
        0x62, 0xA3, 0xE7, 0x62, 0xA3, 0xE7, 0x62, 0xA3, 0xE7, 0x62, 0xA3, 0xE7, 0x62, 0xA3, 0xE7, 0x62, 0xA3, 0xE7, 0x62, 0xA3, 0xE7, 0x62, 0xA3, 0xE7, 0x62, 0xA3, 0xE7, 0x62, 0xA3, 0xE7, 0x62, 0xA3, 0xE7, 0x62, 0xA3, 0xE7, 0x62, 0xA3, 0xE7, 
        0x62, 0xA3, 0xE7, 0x62, 0xA3, 0xE7, 0x62, 0xA3, 0xE7, 0x62, 0xA3, 0xE7, 0x62, 0xA3, 0xE7, 0x62, 0xA3, 0xE7, 0x62, 0xA3, 0xE7, 0x62, 0xA3, 0xE7, 0x62, 0xA3, 0xE7, 0x62, 0xA3, 0xE7, 0x62, 0xA3, 0xE7, 0x62, 0xA3, 0xE7, 0x62, 0xA3, 0xE7, 
        0x62, 0xA3, 0xE7, 0x62, 0xA3, 0xE7, 0x62, 0xA3, 0xE7, 0x62, 0xA3, 0xE7, 0x62, 0xA3, 0xE7, 0x62, 0xA3, 0xE7, 0x62, 0xA3, 0xE7, 0x62, 0xA3, 0xE7, 0x62, 0xA3, 0xE7, 0x62, 0xA3, 0xE7, 0x62, 0xA3, 0xE7, 0x62, 0xA3, 0xE7, 0x62, 0xA3, 0xE7, 
        0x62, 0xA3, 0xE7, 0x62, 0xA3, 0xE7, 0x62, 0xA3, 0xE7, 0x62, 0xA3, 0xE7, 0x62, 0xA3, 0xE7, 0x62, 0xA3, 0xE7, 0x62, 0xA3, 0xE7, 0x62, 0xA3, 0xE7, 0x62, 0xA3, 0xE7, 0x62, 0xA3, 0xE7, 0x62, 0xA3, 0xE7, 0x62, 0xA3, 0xE7, 0x62, 0xA3, 0xE7, 
        0x62, 0xA3, 0xE7, 0x62, 0xA3, 0xE7, 0x62, 0xA3, 0xE7, 0x62, 0xA3, 0xE7, 0x62, 0xA3, 0xE7, 0x62, 0xA3, 0xE7, 0x62, 0xA3, 0xE7, 0x62, 0xA3, 0xE7, 0x62, 0xA3, 0xE7, 0x62, 0xA3, 0xE7, 0x62, 0xA3, 0xE7, 0x62, 0xA3, 0xE7, 0x62, 0xA3, 0xE7, 
        0x62, 0xA3, 0xE7, 0x62, 0xA3, 0xE7, 0x62, 0xA3, 0xE7, 0x62, 0xA3, 0xE7, 0x62, 0xA3, 0xE7, 0x62, 0xA3, 0xE7, 0x62, 0xA3, 0xE7, 0x62, 0xA3, 0xE7, 0x62, 0xA3, 0xE7, 0x62, 0xA3, 0xE7, 0x62, 0xA3, 0xE7, 0x62, 0xA3, 0xE7, 0x62, 0xA3, 0xE7, 
        0x62, 0xA3, 0xE7, 0x62, 0xA3, 0xE7, 0x62, 0xA3, 0xE7, 0x62, 0xA3, 0xE7, 0x62, 0xA3, 0xE7, 0x62, 0xA3, 0xE7, 0x62, 0xA3, 0xE7, 0x62, 0xA3, 0xE7, 0x62, 0xA3, 0xE7, 0x62, 0xA3, 0xE7, 0x62, 0xA3, 0xE7, 0x62, 0xA3, 0xE7, 0x62, 0xA3, 0xE7, 
        0x65, 0xA5, 0xE7, 0x6C, 0xA9, 0xE9, 0x7B, 0xB1, 0xEB, 0x90, 0xBE, 0xEE, 0xA9, 0xCD, 0xF2, 0xCE, 0xE2, 0xF7, 0xF5, 0xF9, 0xFD, 0xFF, 0xFF, 0xFF, 0xFF, 0xFF, 0xFF, 0xFF, 0xFF, 0xFF, 0xFF, 0xFF, 0xFF, 0xFF, 0xFF, 0xFF, 0xFF, 0xFF, 0xFF, 
        0xFF, 0xFF, 0xFF, 0xFF, 0xFF, 0xFF, 0xFF, 0xFF, 0xFF, 0xFF, 0xFF, 0xFF, 0xFF, 0xFF, 0xFF, 0xFF, 0xFF, 0xFF, 0xFF, 0xFF, 0xFF, 0xFF, 0xFF, 0xFF, 0xFF, 0xFF, 0xFF, 0xFF, 0xFF, 0xFF
};

GUI_CONST_STORAGE GUI_BITMAP bmExpMenuRight_180_46 = {
  180, // xSize
  46, // ySize
  540, // BytesPerLine
  24, // BitsPerPixel
  (unsigned char *)_acbmExpMenuRight_180_46,  // Pointer to picture data
  NULL,  // Pointer to palette
  GUI_DRAW_BMP24
};

/*************************** End of file ****************************/
