/*********************************************************************
*                SEGGER Microcontroller GmbH & Co. KG                *
*        Solutions for real time microcontroller applications        *
*                           www.segger.com                           *
**********************************************************************
*                                                                    *
* C-file generated by                                                *
*                                                                    *
*        Bitmap Converter (ST) for emWin V5.32.                      *
*        Compiled Oct  8 2015, 11:58:22                              *
*                                                                    *
*        (c) 1998 - 2015 Segger Microcontroller GmbH & Co. KG        *
*                                                                    *
**********************************************************************
*                                                                    *
* Source file: MenuRight_320_46                                      *
* Dimensions:  320 * 46                                              *
* NumColors:   24bpp: 16777216                                       *
*                                                                    *
**********************************************************************
*/

#include <stdlib.h>

#include "GUI.h"

#ifndef GUI_CONST_STORAGE
  #define GUI_CONST_STORAGE const
#endif

extern GUI_CONST_STORAGE GUI_BITMAP bmMenuRight_320_46;

static GUI_CONST_STORAGE unsigned char _acMenuRight_320_46[] = {
  0x62, 0xA3, 0xE7, 0x62, 0xA3, 0xE7, 0x62, 0xA3, 0xE7, 0x62, 0xA3, 0xE7, 0x62, 0xA3, 0xE7, 0x62, 0xA3, 0xE7, 0x62, 0xA3, 0xE7, 0x62, 0xA3, 0xE7, 0x62, 0xA3, 0xE7, 0x62, 0xA3, 0xE7, 0x62, 0xA3, 0xE7, 0x62, 0xA3, 0xE7, 0x62, 0xA3, 0xE7, 0x62, 0xA3, 0xE7, 
        0x62, 0xA3, 0xE7, 0x62, 0xA3, 0xE7, 0x62, 0xA3, 0xE7, 0x62, 0xA3, 0xE7, 0x62, 0xA3, 0xE7, 0x62, 0xA3, 0xE7, 0x62, 0xA3, 0xE7, 0x62, 0xA3, 0xE7, 0x62, 0xA3, 0xE7, 0x62, 0xA3, 0xE7, 0x62, 0xA3, 0xE7, 0x62, 0xA3, 0xE7, 0x62, 0xA3, 0xE7, 
        0x62, 0xA3, 0xE7, 0x62, 0xA3, 0xE7, 0x62, 0xA3, 0xE7, 0x62, 0xA3, 0xE7, 0x62, 0xA3, 0xE7, 0x62, 0xA3, 0xE7, 0x62, 0xA3, 0xE7, 0x62, 0xA3, 0xE7, 0x62, 0xA3, 0xE7, 0x62, 0xA3, 0xE7, 0x62, 0xA3, 0xE7, 0x62, 0xA3, 0xE7, 0x62, 0xA3, 0xE7, 
        0x62, 0xA3, 0xE7, 0x62, 0xA3, 0xE7, 0x62, 0xA3, 0xE7, 0x62, 0xA3, 0xE7, 0x62, 0xA3, 0xE7, 0x62, 0xA3, 0xE7, 0x62, 0xA3, 0xE7, 0x62, 0xA3, 0xE7, 0x62, 0xA3, 0xE7, 0x62, 0xA3, 0xE7, 0x62, 0xA3, 0xE7, 0x62, 0xA3, 0xE7, 0x62, 0xA3, 0xE7, 
        0x62, 0xA3, 0xE7, 0x62, 0xA3, 0xE7, 0x62, 0xA3, 0xE7, 0x62, 0xA3, 0xE7, 0x62, 0xA3, 0xE7, 0x62, 0xA3, 0xE7, 0x62, 0xA3, 0xE7, 0x62, 0xA3, 0xE7, 0x62, 0xA3, 0xE7, 0x62, 0xA3, 0xE7, 0x62, 0xA3, 0xE7, 0x62, 0xA3, 0xE7, 0x62, 0xA3, 0xE7, 
        0x62, 0xA3, 0xE7, 0x62, 0xA3, 0xE7, 0x62, 0xA3, 0xE7, 0x62, 0xA3, 0xE7, 0x62, 0xA3, 0xE7, 0x62, 0xA3, 0xE7, 0x62, 0xA3, 0xE7, 0x62, 0xA3, 0xE7, 0x62, 0xA3, 0xE7, 0x62, 0xA3, 0xE7, 0x62, 0xA3, 0xE7, 0x62, 0xA3, 0xE7, 0x62, 0xA3, 0xE7, 
        0x62, 0xA3, 0xE7, 0x62, 0xA3, 0xE7, 0x62, 0xA3, 0xE7, 0x62, 0xA3, 0xE7, 0x62, 0xA3, 0xE7, 0x62, 0xA3, 0xE7, 0x62, 0xA3, 0xE7, 0x62, 0xA3, 0xE7, 0x62, 0xA3, 0xE7, 0x62, 0xA3, 0xE7, 0x62, 0xA3, 0xE7, 0x62, 0xA3, 0xE7, 0x62, 0xA3, 0xE7, 
        0x62, 0xA3, 0xE7, 0x62, 0xA3, 0xE7, 0x62, 0xA3, 0xE7, 0x62, 0xA3, 0xE7, 0x62, 0xA3, 0xE7, 0x62, 0xA3, 0xE7, 0x62, 0xA3, 0xE7, 0x62, 0xA3, 0xE7, 0x62, 0xA3, 0xE7, 0x62, 0xA3, 0xE7, 0x62, 0xA3, 0xE7, 0x62, 0xA3, 0xE7, 0x62, 0xA3, 0xE7, 
        0x62, 0xA3, 0xE7, 0x62, 0xA3, 0xE7, 0x62, 0xA3, 0xE7, 0x62, 0xA3, 0xE7, 0x62, 0xA3, 0xE7, 0x62, 0xA3, 0xE7, 0x62, 0xA3, 0xE7, 0x62, 0xA3, 0xE7, 0x62, 0xA3, 0xE7, 0x62, 0xA3, 0xE7, 0x62, 0xA3, 0xE7, 0x62, 0xA3, 0xE7, 0x62, 0xA3, 0xE7, 
        0x62, 0xA3, 0xE7, 0x62, 0xA3, 0xE7, 0x62, 0xA3, 0xE7, 0x62, 0xA3, 0xE7, 0x62, 0xA3, 0xE7, 0x62, 0xA3, 0xE7, 0x62, 0xA3, 0xE7, 0x62, 0xA3, 0xE7, 0x62, 0xA3, 0xE7, 0x62, 0xA3, 0xE7, 0x62, 0xA3, 0xE7, 0x62, 0xA3, 0xE7, 0x62, 0xA3, 0xE7, 
        0x62, 0xA3, 0xE7, 0x62, 0xA3, 0xE7, 0x62, 0xA3, 0xE7, 0x62, 0xA3, 0xE7, 0x62, 0xA3, 0xE7, 0x62, 0xA3, 0xE7, 0x62, 0xA3, 0xE7, 0x62, 0xA3, 0xE7, 0x62, 0xA3, 0xE7, 0x62, 0xA3, 0xE7, 0x62, 0xA3, 0xE7, 0x62, 0xA3, 0xE7, 0x62, 0xA3, 0xE7, 
        0x62, 0xA3, 0xE7, 0x62, 0xA3, 0xE7, 0x62, 0xA3, 0xE7, 0x62, 0xA3, 0xE7, 0x62, 0xA3, 0xE7, 0x62, 0xA3, 0xE7, 0x62, 0xA3, 0xE7, 0x62, 0xA3, 0xE7, 0x62, 0xA3, 0xE7, 0x62, 0xA3, 0xE7, 0x62, 0xA3, 0xE7, 0x62, 0xA3, 0xE7, 0x62, 0xA3, 0xE7, 
        0x62, 0xA3, 0xE7, 0x62, 0xA3, 0xE7, 0x62, 0xA3, 0xE7, 0x62, 0xA3, 0xE7, 0x62, 0xA3, 0xE7, 0x62, 0xA3, 0xE7, 0x62, 0xA3, 0xE7, 0x62, 0xA3, 0xE7, 0x62, 0xA3, 0xE7, 0x62, 0xA3, 0xE7, 0x62, 0xA3, 0xE7, 0x62, 0xA3, 0xE7, 0x62, 0xA3, 0xE7, 
        0x62, 0xA3, 0xE7, 0x62, 0xA3, 0xE7, 0x62, 0xA3, 0xE7, 0x62, 0xA3, 0xE7, 0x62, 0xA3, 0xE7, 0x62, 0xA3, 0xE7, 0x62, 0xA3, 0xE7, 0x62, 0xA3, 0xE7, 0x62, 0xA3, 0xE7, 0x62, 0xA3, 0xE7, 0x62, 0xA3, 0xE7, 0x62, 0xA3, 0xE7, 0x62, 0xA3, 0xE7, 
        0x62, 0xA3, 0xE7, 0x62, 0xA3, 0xE7, 0x62, 0xA3, 0xE7, 0x62, 0xA3, 0xE7, 0x62, 0xA3, 0xE7, 0x62, 0xA3, 0xE7, 0x62, 0xA3, 0xE7, 0x62, 0xA3, 0xE7, 0x62, 0xA3, 0xE7, 0x62, 0xA3, 0xE7, 0x62, 0xA3, 0xE7, 0x62, 0xA3, 0xE7, 0x62, 0xA3, 0xE7, 
        0x62, 0xA3, 0xE7, 0x62, 0xA3, 0xE7, 0x62, 0xA3, 0xE7, 0x62, 0xA3, 0xE7, 0x62, 0xA3, 0xE7, 0x62, 0xA3, 0xE7, 0x62, 0xA3, 0xE7, 0x62, 0xA3, 0xE7, 0x62, 0xA3, 0xE7, 0x62, 0xA3, 0xE7, 0x62, 0xA3, 0xE7, 0x62, 0xA3, 0xE7, 0x62, 0xA3, 0xE7, 
        0x62, 0xA3, 0xE7, 0x62, 0xA3, 0xE7, 0x62, 0xA3, 0xE7, 0x62, 0xA3, 0xE7, 0x62, 0xA3, 0xE7, 0x62, 0xA3, 0xE7, 0x62, 0xA3, 0xE7, 0x62, 0xA3, 0xE7, 0x62, 0xA3, 0xE7, 0x62, 0xA3, 0xE7, 0x62, 0xA3, 0xE7, 0x62, 0xA3, 0xE7, 0x62, 0xA3, 0xE7, 
        0x62, 0xA3, 0xE7, 0x62, 0xA3, 0xE7, 0x62, 0xA3, 0xE7, 0x62, 0xA3, 0xE7, 0x62, 0xA3, 0xE7, 0x62, 0xA3, 0xE7, 0x62, 0xA3, 0xE7, 0x62, 0xA3, 0xE7, 0x62, 0xA3, 0xE7, 0x62, 0xA3, 0xE7, 0x62, 0xA3, 0xE7, 0x62, 0xA3, 0xE7, 0x62, 0xA3, 0xE7, 
        0x62, 0xA3, 0xE7, 0x62, 0xA3, 0xE7, 0x62, 0xA3, 0xE7, 0x62, 0xA3, 0xE7, 0x62, 0xA3, 0xE7, 0x62, 0xA3, 0xE7, 0x62, 0xA3, 0xE7, 0x62, 0xA3, 0xE7, 0x62, 0xA3, 0xE7, 0x62, 0xA3, 0xE7, 0x62, 0xA3, 0xE7, 0x62, 0xA3, 0xE7, 0x62, 0xA3, 0xE7, 
        0x62, 0xA3, 0xE7, 0x62, 0xA3, 0xE7, 0x62, 0xA3, 0xE7, 0x62, 0xA3, 0xE7, 0x62, 0xA3, 0xE7, 0x62, 0xA3, 0xE7, 0x62, 0xA3, 0xE7, 0x62, 0xA3, 0xE7, 0x62, 0xA3, 0xE7, 0x62, 0xA3, 0xE7, 0x62, 0xA3, 0xE7, 0x62, 0xA3, 0xE7, 0x62, 0xA3, 0xE7, 
        0x62, 0xA3, 0xE7, 0x62, 0xA3, 0xE7, 0x62, 0xA3, 0xE7, 0x62, 0xA3, 0xE7, 0x62, 0xA3, 0xE7, 0x62, 0xA3, 0xE7, 0x62, 0xA3, 0xE7, 0x62, 0xA3, 0xE7, 0x62, 0xA3, 0xE7, 0x62, 0xA3, 0xE7, 0x62, 0xA3, 0xE7, 0x62, 0xA3, 0xE7, 0x62, 0xA3, 0xE7, 
        0x62, 0xA3, 0xE7, 0x62, 0xA3, 0xE7, 0x62, 0xA3, 0xE7, 0x62, 0xA3, 0xE7, 0x62, 0xA3, 0xE7, 0x62, 0xA3, 0xE7, 0x62, 0xA3, 0xE7, 0x62, 0xA3, 0xE7, 0x62, 0xA3, 0xE7, 0x62, 0xA3, 0xE7, 0x62, 0xA3, 0xE7, 0x62, 0xA3, 0xE7, 0x62, 0xA3, 0xE7, 
        0x62, 0xA3, 0xE7, 0x62, 0xA3, 0xE7, 0x62, 0xA3, 0xE7, 0x62, 0xA3, 0xE7, 0x62, 0xA3, 0xE7, 0x62, 0xA3, 0xE7, 0x62, 0xA3, 0xE7, 0x62, 0xA3, 0xE7, 0x62, 0xA3, 0xE7, 0x62, 0xA3, 0xE7, 0x66, 0xA5, 0xE8, 0x6C, 0xA9, 0xE9, 0x7A, 0xB1, 0xEB, 
        0x8C, 0xBC, 0xED, 0xA9, 0xCC, 0xF2, 0xCE, 0xE2, 0xF8, 0xF5, 0xF9, 0xFD, 0xFF, 0xFF, 0xFF, 0xFF, 0xFF, 0xFF, 0xFF, 0xFF, 0xFF, 0xFF, 0xFF, 0xFF, 0xFF, 0xFF, 0xFF, 0xFF, 0xFF, 0xFF, 0xFF, 0xFF, 0xFF, 0xFF, 0xFF, 0xFF, 0xFF, 0xFF, 0xFF, 
        0xFF, 0xFF, 0xFF, 0xFF, 0xFF, 0xFF, 0xFF, 0xFF, 0xFF, 0xFF, 0xFF, 0xFF, 0xFF, 0xFF, 0xFF, 0xFF, 0xFF, 0xFF, 0xFF, 0xFF, 0xFF,
  0x62, 0xA3, 0xE7, 0x62, 0xA3, 0xE7, 0x62, 0xA3, 0xE7, 0x62, 0xA3, 0xE7, 0x62, 0xA3, 0xE7, 0x62, 0xA3, 0xE7, 0x62, 0xA3, 0xE7, 0x62, 0xA3, 0xE7, 0x62, 0xA3, 0xE7, 0x62, 0xA3, 0xE7, 0x62, 0xA3, 0xE7, 0x62, 0xA3, 0xE7, 0x62, 0xA3, 0xE7, 0x62, 0xA3, 0xE7, 
        0x62, 0xA3, 0xE7, 0x62, 0xA3, 0xE7, 0x62, 0xA3, 0xE7, 0x62, 0xA3, 0xE7, 0x62, 0xA3, 0xE7, 0x62, 0xA3, 0xE7, 0x62, 0xA3, 0xE7, 0x62, 0xA3, 0xE7, 0x62, 0xA3, 0xE7, 0x62, 0xA3, 0xE7, 0x62, 0xA3, 0xE7, 0x62, 0xA3, 0xE7, 0x62, 0xA3, 0xE7, 
        0x62, 0xA3, 0xE7, 0x62, 0xA3, 0xE7, 0x62, 0xA3, 0xE7, 0x62, 0xA3, 0xE7, 0x62, 0xA3, 0xE7, 0x62, 0xA3, 0xE7, 0x62, 0xA3, 0xE7, 0x62, 0xA3, 0xE7, 0x62, 0xA3, 0xE7, 0x62, 0xA3, 0xE7, 0x62, 0xA3, 0xE7, 0x62, 0xA3, 0xE7, 0x62, 0xA3, 0xE7, 
        0x62, 0xA3, 0xE7, 0x62, 0xA3, 0xE7, 0x62, 0xA3, 0xE7, 0x62, 0xA3, 0xE7, 0x62, 0xA3, 0xE7, 0x62, 0xA3, 0xE7, 0x62, 0xA3, 0xE7, 0x62, 0xA3, 0xE7, 0x62, 0xA3, 0xE7, 0x62, 0xA3, 0xE7, 0x62, 0xA3, 0xE7, 0x62, 0xA3, 0xE7, 0x62, 0xA3, 0xE7, 
        0x62, 0xA3, 0xE7, 0x62, 0xA3, 0xE7, 0x62, 0xA3, 0xE7, 0x62, 0xA3, 0xE7, 0x62, 0xA3, 0xE7, 0x62, 0xA3, 0xE7, 0x62, 0xA3, 0xE7, 0x62, 0xA3, 0xE7, 0x62, 0xA3, 0xE7, 0x62, 0xA3, 0xE7, 0x62, 0xA3, 0xE7, 0x62, 0xA3, 0xE7, 0x62, 0xA3, 0xE7, 
        0x62, 0xA3, 0xE7, 0x62, 0xA3, 0xE7, 0x62, 0xA3, 0xE7, 0x62, 0xA3, 0xE7, 0x62, 0xA3, 0xE7, 0x62, 0xA3, 0xE7, 0x62, 0xA3, 0xE7, 0x62, 0xA3, 0xE7, 0x62, 0xA3, 0xE7, 0x62, 0xA3, 0xE7, 0x62, 0xA3, 0xE7, 0x62, 0xA3, 0xE7, 0x62, 0xA3, 0xE7, 
        0x62, 0xA3, 0xE7, 0x62, 0xA3, 0xE7, 0x62, 0xA3, 0xE7, 0x62, 0xA3, 0xE7, 0x62, 0xA3, 0xE7, 0x62, 0xA3, 0xE7, 0x62, 0xA3, 0xE7, 0x62, 0xA3, 0xE7, 0x62, 0xA3, 0xE7, 0x62, 0xA3, 0xE7, 0x62, 0xA3, 0xE7, 0x62, 0xA3, 0xE7, 0x62, 0xA3, 0xE7, 
        0x62, 0xA3, 0xE7, 0x62, 0xA3, 0xE7, 0x62, 0xA3, 0xE7, 0x62, 0xA3, 0xE7, 0x62, 0xA3, 0xE7, 0x62, 0xA3, 0xE7, 0x62, 0xA3, 0xE7, 0x62, 0xA3, 0xE7, 0x62, 0xA3, 0xE7, 0x62, 0xA3, 0xE7, 0x62, 0xA3, 0xE7, 0x62, 0xA3, 0xE7, 0x62, 0xA3, 0xE7, 
        0x62, 0xA3, 0xE7, 0x62, 0xA3, 0xE7, 0x62, 0xA3, 0xE7, 0x62, 0xA3, 0xE7, 0x62, 0xA3, 0xE7, 0x62, 0xA3, 0xE7, 0x62, 0xA3, 0xE7, 0x62, 0xA3, 0xE7, 0x62, 0xA3, 0xE7, 0x62, 0xA3, 0xE7, 0x62, 0xA3, 0xE7, 0x62, 0xA3, 0xE7, 0x62, 0xA3, 0xE7, 
        0x62, 0xA3, 0xE7, 0x62, 0xA3, 0xE7, 0x62, 0xA3, 0xE7, 0x62, 0xA3, 0xE7, 0x62, 0xA3, 0xE7, 0x62, 0xA3, 0xE7, 0x62, 0xA3, 0xE7, 0x62, 0xA3, 0xE7, 0x62, 0xA3, 0xE7, 0x62, 0xA3, 0xE7, 0x62, 0xA3, 0xE7, 0x62, 0xA3, 0xE7, 0x62, 0xA3, 0xE7, 
        0x62, 0xA3, 0xE7, 0x62, 0xA3, 0xE7, 0x62, 0xA3, 0xE7, 0x62, 0xA3, 0xE7, 0x62, 0xA3, 0xE7, 0x62, 0xA3, 0xE7, 0x62, 0xA3, 0xE7, 0x62, 0xA3, 0xE7, 0x62, 0xA3, 0xE7, 0x62, 0xA3, 0xE7, 0x62, 0xA3, 0xE7, 0x62, 0xA3, 0xE7, 0x62, 0xA3, 0xE7, 
        0x62, 0xA3, 0xE7, 0x62, 0xA3, 0xE7, 0x62, 0xA3, 0xE7, 0x62, 0xA3, 0xE7, 0x62, 0xA3, 0xE7, 0x62, 0xA3, 0xE7, 0x62, 0xA3, 0xE7, 0x62, 0xA3, 0xE7, 0x62, 0xA3, 0xE7, 0x62, 0xA3, 0xE7, 0x62, 0xA3, 0xE7, 0x62, 0xA3, 0xE7, 0x62, 0xA3, 0xE7, 
        0x62, 0xA3, 0xE7, 0x62, 0xA3, 0xE7, 0x62, 0xA3, 0xE7, 0x62, 0xA3, 0xE7, 0x62, 0xA3, 0xE7, 0x62, 0xA3, 0xE7, 0x62, 0xA3, 0xE7, 0x62, 0xA3, 0xE7, 0x62, 0xA3, 0xE7, 0x62, 0xA3, 0xE7, 0x62, 0xA3, 0xE7, 0x62, 0xA3, 0xE7, 0x62, 0xA3, 0xE7, 
        0x62, 0xA3, 0xE7, 0x62, 0xA3, 0xE7, 0x62, 0xA3, 0xE7, 0x62, 0xA3, 0xE7, 0x62, 0xA3, 0xE7, 0x62, 0xA3, 0xE7, 0x62, 0xA3, 0xE7, 0x62, 0xA3, 0xE7, 0x62, 0xA3, 0xE7, 0x62, 0xA3, 0xE7, 0x62, 0xA3, 0xE7, 0x62, 0xA3, 0xE7, 0x62, 0xA3, 0xE7, 
        0x62, 0xA3, 0xE7, 0x62, 0xA3, 0xE7, 0x62, 0xA3, 0xE7, 0x62, 0xA3, 0xE7, 0x62, 0xA3, 0xE7, 0x62, 0xA3, 0xE7, 0x62, 0xA3, 0xE7, 0x62, 0xA3, 0xE7, 0x62, 0xA3, 0xE7, 0x62, 0xA3, 0xE7, 0x62, 0xA3, 0xE7, 0x62, 0xA3, 0xE7, 0x62, 0xA3, 0xE7, 
        0x62, 0xA3, 0xE7, 0x62, 0xA3, 0xE7, 0x62, 0xA3, 0xE7, 0x62, 0xA3, 0xE7, 0x62, 0xA3, 0xE7, 0x62, 0xA3, 0xE7, 0x62, 0xA3, 0xE7, 0x62, 0xA3, 0xE7, 0x62, 0xA3, 0xE7, 0x62, 0xA3, 0xE7, 0x62, 0xA3, 0xE7, 0x62, 0xA3, 0xE7, 0x62, 0xA3, 0xE7, 
        0x62, 0xA3, 0xE7, 0x62, 0xA3, 0xE7, 0x62, 0xA3, 0xE7, 0x62, 0xA3, 0xE7, 0x62, 0xA3, 0xE7, 0x62, 0xA3, 0xE7, 0x62, 0xA3, 0xE7, 0x62, 0xA3, 0xE7, 0x62, 0xA3, 0xE7, 0x62, 0xA3, 0xE7, 0x62, 0xA3, 0xE7, 0x62, 0xA3, 0xE7, 0x62, 0xA3, 0xE7, 
        0x62, 0xA3, 0xE7, 0x62, 0xA3, 0xE7, 0x62, 0xA3, 0xE7, 0x62, 0xA3, 0xE7, 0x62, 0xA3, 0xE7, 0x62, 0xA3, 0xE7, 0x62, 0xA3, 0xE7, 0x62, 0xA3, 0xE7, 0x62, 0xA3, 0xE7, 0x62, 0xA3, 0xE7, 0x62, 0xA3, 0xE7, 0x62, 0xA3, 0xE7, 0x62, 0xA3, 0xE7, 
        0x62, 0xA3, 0xE7, 0x62, 0xA3, 0xE7, 0x62, 0xA3, 0xE7, 0x62, 0xA3, 0xE7, 0x62, 0xA3, 0xE7, 0x62, 0xA3, 0xE7, 0x62, 0xA3, 0xE7, 0x62, 0xA3, 0xE7, 0x62, 0xA3, 0xE7, 0x62, 0xA3, 0xE7, 0x62, 0xA3, 0xE7, 0x62, 0xA3, 0xE7, 0x62, 0xA3, 0xE7, 
        0x62, 0xA3, 0xE7, 0x62, 0xA3, 0xE7, 0x62, 0xA3, 0xE7, 0x62, 0xA3, 0xE7, 0x62, 0xA3, 0xE7, 0x62, 0xA3, 0xE7, 0x62, 0xA3, 0xE7, 0x62, 0xA3, 0xE7, 0x62, 0xA3, 0xE7, 0x62, 0xA3, 0xE7, 0x62, 0xA3, 0xE7, 0x62, 0xA3, 0xE7, 0x62, 0xA3, 0xE7, 
        0x62, 0xA3, 0xE7, 0x62, 0xA3, 0xE7, 0x62, 0xA3, 0xE7, 0x62, 0xA3, 0xE7, 0x62, 0xA3, 0xE7, 0x62, 0xA3, 0xE7, 0x62, 0xA3, 0xE7, 0x62, 0xA3, 0xE7, 0x62, 0xA3, 0xE7, 0x62, 0xA3, 0xE7, 0x62, 0xA3, 0xE7, 0x62, 0xA3, 0xE7, 0x62, 0xA3, 0xE7, 
        0x62, 0xA3, 0xE7, 0x62, 0xA3, 0xE7, 0x62, 0xA3, 0xE7, 0x62, 0xA3, 0xE7, 0x62, 0xA3, 0xE7, 0x62, 0xA3, 0xE7, 0x62, 0xA3, 0xE7, 0x62, 0xA3, 0xE7, 0x62, 0xA3, 0xE7, 0x62, 0xA3, 0xE7, 0x62, 0xA3, 0xE7, 0x62, 0xA3, 0xE7, 0x62, 0xA3, 0xE7, 
        0x62, 0xA3, 0xE7, 0x62, 0xA3, 0xE7, 0x62, 0xA3, 0xE7, 0x62, 0xA3, 0xE7, 0x62, 0xA3, 0xE7, 0x62, 0xA3, 0xE7, 0x62, 0xA3, 0xE7, 0x62, 0xA3, 0xE7, 0x62, 0xA3, 0xE7, 0x62, 0xA3, 0xE7, 0x62, 0xA3, 0xE7, 0x62, 0xA3, 0xE7, 0x62, 0xA3, 0xE7, 
        0x62, 0xA3, 0xE7, 0x62, 0xA3, 0xE7, 0x62, 0xA3, 0xE7, 0x64, 0xA4, 0xE7, 0x8E, 0xBD, 0xEE, 0xC7, 0xDE, 0xF6, 0xFB, 0xFC, 0xFE, 0xFF, 0xFF, 0xFF, 0xFF, 0xFF, 0xFF, 0xFF, 0xFF, 0xFF, 0xFF, 0xFF, 0xFF, 0xFF, 0xFF, 0xFF, 0xFF, 0xFF, 0xFF, 
        0xFF, 0xFF, 0xFF, 0xFF, 0xFF, 0xFF, 0xFF, 0xFF, 0xFF, 0xFF, 0xFF, 0xFF, 0xFF, 0xFF, 0xFF, 0xFF, 0xFF, 0xFF, 0xFF, 0xFF, 0xFF,
  0x62, 0xA3, 0xE7, 0x62, 0xA3, 0xE7, 0x62, 0xA3, 0xE7, 0x62, 0xA3, 0xE7, 0x62, 0xA3, 0xE7, 0x62, 0xA3, 0xE7, 0x62, 0xA3, 0xE7, 0x62, 0xA3, 0xE7, 0x62, 0xA3, 0xE7, 0x62, 0xA3, 0xE7, 0x62, 0xA3, 0xE7, 0x62, 0xA3, 0xE7, 0x62, 0xA3, 0xE7, 0x62, 0xA3, 0xE7, 
        0x62, 0xA3, 0xE7, 0x62, 0xA3, 0xE7, 0x62, 0xA3, 0xE7, 0x62, 0xA3, 0xE7, 0x62, 0xA3, 0xE7, 0x62, 0xA3, 0xE7, 0x62, 0xA3, 0xE7, 0x62, 0xA3, 0xE7, 0x62, 0xA3, 0xE7, 0x62, 0xA3, 0xE7, 0x62, 0xA3, 0xE7, 0x62, 0xA3, 0xE7, 0x62, 0xA3, 0xE7, 
        0x62, 0xA3, 0xE7, 0x62, 0xA3, 0xE7, 0x62, 0xA3, 0xE7, 0x62, 0xA3, 0xE7, 0x62, 0xA3, 0xE7, 0x62, 0xA3, 0xE7, 0x62, 0xA3, 0xE7, 0x62, 0xA3, 0xE7, 0x62, 0xA3, 0xE7, 0x62, 0xA3, 0xE7, 0x62, 0xA3, 0xE7, 0x62, 0xA3, 0xE7, 0x62, 0xA3, 0xE7, 
        0x62, 0xA3, 0xE7, 0x62, 0xA3, 0xE7, 0x62, 0xA3, 0xE7, 0x62, 0xA3, 0xE7, 0x62, 0xA3, 0xE7, 0x62, 0xA3, 0xE7, 0x62, 0xA3, 0xE7, 0x62, 0xA3, 0xE7, 0x62, 0xA3, 0xE7, 0x62, 0xA3, 0xE7, 0x62, 0xA3, 0xE7, 0x62, 0xA3, 0xE7, 0x62, 0xA3, 0xE7, 
        0x62, 0xA3, 0xE7, 0x62, 0xA3, 0xE7, 0x62, 0xA3, 0xE7, 0x62, 0xA3, 0xE7, 0x62, 0xA3, 0xE7, 0x62, 0xA3, 0xE7, 0x62, 0xA3, 0xE7, 0x62, 0xA3, 0xE7, 0x62, 0xA3, 0xE7, 0x62, 0xA3, 0xE7, 0x62, 0xA3, 0xE7, 0x62, 0xA3, 0xE7, 0x62, 0xA3, 0xE7, 
        0x62, 0xA3, 0xE7, 0x62, 0xA3, 0xE7, 0x62, 0xA3, 0xE7, 0x62, 0xA3, 0xE7, 0x62, 0xA3, 0xE7, 0x62, 0xA3, 0xE7, 0x62, 0xA3, 0xE7, 0x62, 0xA3, 0xE7, 0x62, 0xA3, 0xE7, 0x62, 0xA3, 0xE7, 0x62, 0xA3, 0xE7, 0x62, 0xA3, 0xE7, 0x62, 0xA3, 0xE7, 
        0x62, 0xA3, 0xE7, 0x62, 0xA3, 0xE7, 0x62, 0xA3, 0xE7, 0x62, 0xA3, 0xE7, 0x62, 0xA3, 0xE7, 0x62, 0xA3, 0xE7, 0x62, 0xA3, 0xE7, 0x62, 0xA3, 0xE7, 0x62, 0xA3, 0xE7, 0x62, 0xA3, 0xE7, 0x62, 0xA3, 0xE7, 0x62, 0xA3, 0xE7, 0x62, 0xA3, 0xE7, 
        0x62, 0xA3, 0xE7, 0x62, 0xA3, 0xE7, 0x62, 0xA3, 0xE7, 0x62, 0xA3, 0xE7, 0x62, 0xA3, 0xE7, 0x62, 0xA3, 0xE7, 0x62, 0xA3, 0xE7, 0x62, 0xA3, 0xE7, 0x62, 0xA3, 0xE7, 0x62, 0xA3, 0xE7, 0x62, 0xA3, 0xE7, 0x62, 0xA3, 0xE7, 0x62, 0xA3, 0xE7, 
        0x62, 0xA3, 0xE7, 0x62, 0xA3, 0xE7, 0x62, 0xA3, 0xE7, 0x62, 0xA3, 0xE7, 0x62, 0xA3, 0xE7, 0x62, 0xA3, 0xE7, 0x62, 0xA3, 0xE7, 0x62, 0xA3, 0xE7, 0x62, 0xA3, 0xE7, 0x62, 0xA3, 0xE7, 0x62, 0xA3, 0xE7, 0x62, 0xA3, 0xE7, 0x62, 0xA3, 0xE7, 
        0x62, 0xA3, 0xE7, 0x62, 0xA3, 0xE7, 0x62, 0xA3, 0xE7, 0x62, 0xA3, 0xE7, 0x62, 0xA3, 0xE7, 0x62, 0xA3, 0xE7, 0x62, 0xA3, 0xE7, 0x62, 0xA3, 0xE7, 0x62, 0xA3, 0xE7, 0x62, 0xA3, 0xE7, 0x62, 0xA3, 0xE7, 0x62, 0xA3, 0xE7, 0x62, 0xA3, 0xE7, 
        0x62, 0xA3, 0xE7, 0x62, 0xA3, 0xE7, 0x62, 0xA3, 0xE7, 0x62, 0xA3, 0xE7, 0x62, 0xA3, 0xE7, 0x62, 0xA3, 0xE7, 0x62, 0xA3, 0xE7, 0x62, 0xA3, 0xE7, 0x62, 0xA3, 0xE7, 0x62, 0xA3, 0xE7, 0x62, 0xA3, 0xE7, 0x62, 0xA3, 0xE7, 0x62, 0xA3, 0xE7, 
        0x62, 0xA3, 0xE7, 0x62, 0xA3, 0xE7, 0x62, 0xA3, 0xE7, 0x62, 0xA3, 0xE7, 0x62, 0xA3, 0xE7, 0x62, 0xA3, 0xE7, 0x62, 0xA3, 0xE7, 0x62, 0xA3, 0xE7, 0x62, 0xA3, 0xE7, 0x62, 0xA3, 0xE7, 0x62, 0xA3, 0xE7, 0x62, 0xA3, 0xE7, 0x62, 0xA3, 0xE7, 
        0x62, 0xA3, 0xE7, 0x62, 0xA3, 0xE7, 0x62, 0xA3, 0xE7, 0x62, 0xA3, 0xE7, 0x62, 0xA3, 0xE7, 0x62, 0xA3, 0xE7, 0x62, 0xA3, 0xE7, 0x62, 0xA3, 0xE7, 0x62, 0xA3, 0xE7, 0x62, 0xA3, 0xE7, 0x62, 0xA3, 0xE7, 0x62, 0xA3, 0xE7, 0x62, 0xA3, 0xE7, 
        0x62, 0xA3, 0xE7, 0x62, 0xA3, 0xE7, 0x62, 0xA3, 0xE7, 0x62, 0xA3, 0xE7, 0x62, 0xA3, 0xE7, 0x62, 0xA3, 0xE7, 0x62, 0xA3, 0xE7, 0x62, 0xA3, 0xE7, 0x62, 0xA3, 0xE7, 0x62, 0xA3, 0xE7, 0x62, 0xA3, 0xE7, 0x62, 0xA3, 0xE7, 0x62, 0xA3, 0xE7, 
        0x62, 0xA3, 0xE7, 0x62, 0xA3, 0xE7, 0x62, 0xA3, 0xE7, 0x62, 0xA3, 0xE7, 0x62, 0xA3, 0xE7, 0x62, 0xA3, 0xE7, 0x62, 0xA3, 0xE7, 0x62, 0xA3, 0xE7, 0x62, 0xA3, 0xE7, 0x62, 0xA3, 0xE7, 0x62, 0xA3, 0xE7, 0x62, 0xA3, 0xE7, 0x62, 0xA3, 0xE7, 
        0x62, 0xA3, 0xE7, 0x62, 0xA3, 0xE7, 0x62, 0xA3, 0xE7, 0x62, 0xA3, 0xE7, 0x62, 0xA3, 0xE7, 0x62, 0xA3, 0xE7, 0x62, 0xA3, 0xE7, 0x62, 0xA3, 0xE7, 0x62, 0xA3, 0xE7, 0x62, 0xA3, 0xE7, 0x62, 0xA3, 0xE7, 0x62, 0xA3, 0xE7, 0x62, 0xA3, 0xE7, 
        0x62, 0xA3, 0xE7, 0x62, 0xA3, 0xE7, 0x62, 0xA3, 0xE7, 0x62, 0xA3, 0xE7, 0x62, 0xA3, 0xE7, 0x62, 0xA3, 0xE7, 0x62, 0xA3, 0xE7, 0x62, 0xA3, 0xE7, 0x62, 0xA3, 0xE7, 0x62, 0xA3, 0xE7, 0x62, 0xA3, 0xE7, 0x62, 0xA3, 0xE7, 0x62, 0xA3, 0xE7, 
        0x62, 0xA3, 0xE7, 0x62, 0xA3, 0xE7, 0x62, 0xA3, 0xE7, 0x62, 0xA3, 0xE7, 0x62, 0xA3, 0xE7, 0x62, 0xA3, 0xE7, 0x62, 0xA3, 0xE7, 0x62, 0xA3, 0xE7, 0x62, 0xA3, 0xE7, 0x62, 0xA3, 0xE7, 0x62, 0xA3, 0xE7, 0x62, 0xA3, 0xE7, 0x62, 0xA3, 0xE7, 
        0x62, 0xA3, 0xE7, 0x62, 0xA3, 0xE7, 0x62, 0xA3, 0xE7, 0x62, 0xA3, 0xE7, 0x62, 0xA3, 0xE7, 0x62, 0xA3, 0xE7, 0x62, 0xA3, 0xE7, 0x62, 0xA3, 0xE7, 0x62, 0xA3, 0xE7, 0x62, 0xA3, 0xE7, 0x62, 0xA3, 0xE7, 0x62, 0xA3, 0xE7, 0x62, 0xA3, 0xE7, 
        0x62, 0xA3, 0xE7, 0x62, 0xA3, 0xE7, 0x62, 0xA3, 0xE7, 0x62, 0xA3, 0xE7, 0x62, 0xA3, 0xE7, 0x62, 0xA3, 0xE7, 0x62, 0xA3, 0xE7, 0x62, 0xA3, 0xE7, 0x62, 0xA3, 0xE7, 0x62, 0xA3, 0xE7, 0x62, 0xA3, 0xE7, 0x62, 0xA3, 0xE7, 0x62, 0xA3, 0xE7, 
        0x62, 0xA3, 0xE7, 0x62, 0xA3, 0xE7, 0x62, 0xA3, 0xE7, 0x62, 0xA3, 0xE7, 0x62, 0xA3, 0xE7, 0x62, 0xA3, 0xE7, 0x62, 0xA3, 0xE7, 0x62, 0xA3, 0xE7, 0x62, 0xA3, 0xE7, 0x62, 0xA3, 0xE7, 0x62, 0xA3, 0xE7, 0x62, 0xA3, 0xE7, 0x62, 0xA3, 0xE7, 
        0x62, 0xA3, 0xE7, 0x62, 0xA3, 0xE7, 0x62, 0xA3, 0xE7, 0x62, 0xA3, 0xE7, 0x62, 0xA3, 0xE7, 0x62, 0xA3, 0xE7, 0x62, 0xA3, 0xE7, 0x62, 0xA3, 0xE7, 0x62, 0xA3, 0xE7, 0x62, 0xA3, 0xE7, 0x62, 0xA3, 0xE7, 0x62, 0xA3, 0xE7, 0x62, 0xA3, 0xE7, 
        0x62, 0xA3, 0xE7, 0x62, 0xA3, 0xE7, 0x62, 0xA3, 0xE7, 0x62, 0xA3, 0xE7, 0x62, 0xA3, 0xE7, 0x62, 0xA3, 0xE7, 0x62, 0xA3, 0xE7, 0x62, 0xA3, 0xE7, 0x62, 0xA3, 0xE7, 0x62, 0xA3, 0xE7, 0x62, 0xA3, 0xE7, 0x62, 0xA3, 0xE7, 0x62, 0xA3, 0xE7, 
        0x62, 0xA3, 0xE7, 0x62, 0xA3, 0xE7, 0x62, 0xA3, 0xE7, 0x62, 0xA3, 0xE7, 0x62, 0xA3, 0xE7, 0x62, 0xA3, 0xE7, 0x72, 0xAC, 0xE9, 0xB9, 0xD6, 0xF4, 0xF9, 0xFC, 0xFE, 0xFF, 0xFF, 0xFF, 0xFF, 0xFF, 0xFF, 0xFF, 0xFF, 0xFF, 0xFF, 0xFF, 0xFF, 
        0xFF, 0xFF, 0xFF, 0xFF, 0xFF, 0xFF, 0xFF, 0xFF, 0xFF, 0xFF, 0xFF, 0xFF, 0xFF, 0xFF, 0xFF, 0xFF, 0xFF, 0xFF, 0xFF, 0xFF, 0xFF,
  0x62, 0xA3, 0xE7, 0x62, 0xA3, 0xE7, 0x62, 0xA3, 0xE7, 0x62, 0xA3, 0xE7, 0x62, 0xA3, 0xE7, 0x62, 0xA3, 0xE7, 0x62, 0xA3, 0xE7, 0x62, 0xA3, 0xE7, 0x62, 0xA3, 0xE7, 0x62, 0xA3, 0xE7, 0x62, 0xA3, 0xE7, 0x62, 0xA3, 0xE7, 0x62, 0xA3, 0xE7, 0x62, 0xA3, 0xE7, 
        0x62, 0xA3, 0xE7, 0x62, 0xA3, 0xE7, 0x62, 0xA3, 0xE7, 0x62, 0xA3, 0xE7, 0x62, 0xA3, 0xE7, 0x62, 0xA3, 0xE7, 0x62, 0xA3, 0xE7, 0x62, 0xA3, 0xE7, 0x62, 0xA3, 0xE7, 0x62, 0xA3, 0xE7, 0x62, 0xA3, 0xE7, 0x62, 0xA3, 0xE7, 0x62, 0xA3, 0xE7, 
        0x62, 0xA3, 0xE7, 0x62, 0xA3, 0xE7, 0x62, 0xA3, 0xE7, 0x62, 0xA3, 0xE7, 0x62, 0xA3, 0xE7, 0x62, 0xA3, 0xE7, 0x62, 0xA3, 0xE7, 0x62, 0xA3, 0xE7, 0x62, 0xA3, 0xE7, 0x62, 0xA3, 0xE7, 0x62, 0xA3, 0xE7, 0x62, 0xA3, 0xE7, 0x62, 0xA3, 0xE7, 
        0x62, 0xA3, 0xE7, 0x62, 0xA3, 0xE7, 0x62, 0xA3, 0xE7, 0x62, 0xA3, 0xE7, 0x62, 0xA3, 0xE7, 0x62, 0xA3, 0xE7, 0x62, 0xA3, 0xE7, 0x62, 0xA3, 0xE7, 0x62, 0xA3, 0xE7, 0x62, 0xA3, 0xE7, 0x62, 0xA3, 0xE7, 0x62, 0xA3, 0xE7, 0x62, 0xA3, 0xE7, 
        0x62, 0xA3, 0xE7, 0x62, 0xA3, 0xE7, 0x62, 0xA3, 0xE7, 0x62, 0xA3, 0xE7, 0x62, 0xA3, 0xE7, 0x62, 0xA3, 0xE7, 0x62, 0xA3, 0xE7, 0x62, 0xA3, 0xE7, 0x62, 0xA3, 0xE7, 0x62, 0xA3, 0xE7, 0x62, 0xA3, 0xE7, 0x62, 0xA3, 0xE7, 0x62, 0xA3, 0xE7, 
        0x62, 0xA3, 0xE7, 0x62, 0xA3, 0xE7, 0x62, 0xA3, 0xE7, 0x62, 0xA3, 0xE7, 0x62, 0xA3, 0xE7, 0x62, 0xA3, 0xE7, 0x62, 0xA3, 0xE7, 0x62, 0xA3, 0xE7, 0x62, 0xA3, 0xE7, 0x62, 0xA3, 0xE7, 0x62, 0xA3, 0xE7, 0x62, 0xA3, 0xE7, 0x62, 0xA3, 0xE7, 
        0x62, 0xA3, 0xE7, 0x62, 0xA3, 0xE7, 0x62, 0xA3, 0xE7, 0x62, 0xA3, 0xE7, 0x62, 0xA3, 0xE7, 0x62, 0xA3, 0xE7, 0x62, 0xA3, 0xE7, 0x62, 0xA3, 0xE7, 0x62, 0xA3, 0xE7, 0x62, 0xA3, 0xE7, 0x62, 0xA3, 0xE7, 0x62, 0xA3, 0xE7, 0x62, 0xA3, 0xE7, 
        0x62, 0xA3, 0xE7, 0x62, 0xA3, 0xE7, 0x62, 0xA3, 0xE7, 0x62, 0xA3, 0xE7, 0x62, 0xA3, 0xE7, 0x62, 0xA3, 0xE7, 0x62, 0xA3, 0xE7, 0x62, 0xA3, 0xE7, 0x62, 0xA3, 0xE7, 0x62, 0xA3, 0xE7, 0x62, 0xA3, 0xE7, 0x62, 0xA3, 0xE7, 0x62, 0xA3, 0xE7, 
        0x62, 0xA3, 0xE7, 0x62, 0xA3, 0xE7, 0x62, 0xA3, 0xE7, 0x62, 0xA3, 0xE7, 0x62, 0xA3, 0xE7, 0x62, 0xA3, 0xE7, 0x62, 0xA3, 0xE7, 0x62, 0xA3, 0xE7, 0x62, 0xA3, 0xE7, 0x62, 0xA3, 0xE7, 0x62, 0xA3, 0xE7, 0x62, 0xA3, 0xE7, 0x62, 0xA3, 0xE7, 
        0x62, 0xA3, 0xE7, 0x62, 0xA3, 0xE7, 0x62, 0xA3, 0xE7, 0x62, 0xA3, 0xE7, 0x62, 0xA3, 0xE7, 0x62, 0xA3, 0xE7, 0x62, 0xA3, 0xE7, 0x62, 0xA3, 0xE7, 0x62, 0xA3, 0xE7, 0x62, 0xA3, 0xE7, 0x62, 0xA3, 0xE7, 0x62, 0xA3, 0xE7, 0x62, 0xA3, 0xE7, 
        0x62, 0xA3, 0xE7, 0x62, 0xA3, 0xE7, 0x62, 0xA3, 0xE7, 0x62, 0xA3, 0xE7, 0x62, 0xA3, 0xE7, 0x62, 0xA3, 0xE7, 0x62, 0xA3, 0xE7, 0x62, 0xA3, 0xE7, 0x62, 0xA3, 0xE7, 0x62, 0xA3, 0xE7, 0x62, 0xA3, 0xE7, 0x62, 0xA3, 0xE7, 0x62, 0xA3, 0xE7, 
        0x62, 0xA3, 0xE7, 0x62, 0xA3, 0xE7, 0x62, 0xA3, 0xE7, 0x62, 0xA3, 0xE7, 0x62, 0xA3, 0xE7, 0x62, 0xA3, 0xE7, 0x62, 0xA3, 0xE7, 0x62, 0xA3, 0xE7, 0x62, 0xA3, 0xE7, 0x62, 0xA3, 0xE7, 0x62, 0xA3, 0xE7, 0x62, 0xA3, 0xE7, 0x62, 0xA3, 0xE7, 
        0x62, 0xA3, 0xE7, 0x62, 0xA3, 0xE7, 0x62, 0xA3, 0xE7, 0x62, 0xA3, 0xE7, 0x62, 0xA3, 0xE7, 0x62, 0xA3, 0xE7, 0x62, 0xA3, 0xE7, 0x62, 0xA3, 0xE7, 0x62, 0xA3, 0xE7, 0x62, 0xA3, 0xE7, 0x62, 0xA3, 0xE7, 0x62, 0xA3, 0xE7, 0x62, 0xA3, 0xE7, 
        0x62, 0xA3, 0xE7, 0x62, 0xA3, 0xE7, 0x62, 0xA3, 0xE7, 0x62, 0xA3, 0xE7, 0x62, 0xA3, 0xE7, 0x62, 0xA3, 0xE7, 0x62, 0xA3, 0xE7, 0x62, 0xA3, 0xE7, 0x62, 0xA3, 0xE7, 0x62, 0xA3, 0xE7, 0x62, 0xA3, 0xE7, 0x62, 0xA3, 0xE7, 0x62, 0xA3, 0xE7, 
        0x62, 0xA3, 0xE7, 0x62, 0xA3, 0xE7, 0x62, 0xA3, 0xE7, 0x62, 0xA3, 0xE7, 0x62, 0xA3, 0xE7, 0x62, 0xA3, 0xE7, 0x62, 0xA3, 0xE7, 0x62, 0xA3, 0xE7, 0x62, 0xA3, 0xE7, 0x62, 0xA3, 0xE7, 0x62, 0xA3, 0xE7, 0x62, 0xA3, 0xE7, 0x62, 0xA3, 0xE7, 
        0x62, 0xA3, 0xE7, 0x62, 0xA3, 0xE7, 0x62, 0xA3, 0xE7, 0x62, 0xA3, 0xE7, 0x62, 0xA3, 0xE7, 0x62, 0xA3, 0xE7, 0x62, 0xA3, 0xE7, 0x62, 0xA3, 0xE7, 0x62, 0xA3, 0xE7, 0x62, 0xA3, 0xE7, 0x62, 0xA3, 0xE7, 0x62, 0xA3, 0xE7, 0x62, 0xA3, 0xE7, 
        0x62, 0xA3, 0xE7, 0x62, 0xA3, 0xE7, 0x62, 0xA3, 0xE7, 0x62, 0xA3, 0xE7, 0x62, 0xA3, 0xE7, 0x62, 0xA3, 0xE7, 0x62, 0xA3, 0xE7, 0x62, 0xA3, 0xE7, 0x62, 0xA3, 0xE7, 0x62, 0xA3, 0xE7, 0x62, 0xA3, 0xE7, 0x62, 0xA3, 0xE7, 0x62, 0xA3, 0xE7, 
        0x62, 0xA3, 0xE7, 0x62, 0xA3, 0xE7, 0x62, 0xA3, 0xE7, 0x62, 0xA3, 0xE7, 0x62, 0xA3, 0xE7, 0x62, 0xA3, 0xE7, 0x62, 0xA3, 0xE7, 0x62, 0xA3, 0xE7, 0x62, 0xA3, 0xE7, 0x62, 0xA3, 0xE7, 0x62, 0xA3, 0xE7, 0x62, 0xA3, 0xE7, 0x62, 0xA3, 0xE7, 
        0x62, 0xA3, 0xE7, 0x62, 0xA3, 0xE7, 0x62, 0xA3, 0xE7, 0x62, 0xA3, 0xE7, 0x62, 0xA3, 0xE7, 0x62, 0xA3, 0xE7, 0x62, 0xA3, 0xE7, 0x62, 0xA3, 0xE7, 0x62, 0xA3, 0xE7, 0x62, 0xA3, 0xE7, 0x62, 0xA3, 0xE7, 0x62, 0xA3, 0xE7, 0x62, 0xA3, 0xE7, 
        0x62, 0xA3, 0xE7, 0x62, 0xA3, 0xE7, 0x62, 0xA3, 0xE7, 0x62, 0xA3, 0xE7, 0x62, 0xA3, 0xE7, 0x62, 0xA3, 0xE7, 0x62, 0xA3, 0xE7, 0x62, 0xA3, 0xE7, 0x62, 0xA3, 0xE7, 0x62, 0xA3, 0xE7, 0x62, 0xA3, 0xE7, 0x62, 0xA3, 0xE7, 0x62, 0xA3, 0xE7, 
        0x62, 0xA3, 0xE7, 0x62, 0xA3, 0xE7, 0x62, 0xA3, 0xE7, 0x62, 0xA3, 0xE7, 0x62, 0xA3, 0xE7, 0x62, 0xA3, 0xE7, 0x62, 0xA3, 0xE7, 0x62, 0xA3, 0xE7, 0x62, 0xA3, 0xE7, 0x62, 0xA3, 0xE7, 0x62, 0xA3, 0xE7, 0x62, 0xA3, 0xE7, 0x62, 0xA3, 0xE7, 
        0x62, 0xA3, 0xE7, 0x62, 0xA3, 0xE7, 0x62, 0xA3, 0xE7, 0x62, 0xA3, 0xE7, 0x62, 0xA3, 0xE7, 0x62, 0xA3, 0xE7, 0x62, 0xA3, 0xE7, 0x62, 0xA3, 0xE7, 0x62, 0xA3, 0xE7, 0x62, 0xA3, 0xE7, 0x62, 0xA3, 0xE7, 0x62, 0xA3, 0xE7, 0x62, 0xA3, 0xE7, 
        0x62, 0xA3, 0xE7, 0x62, 0xA3, 0xE7, 0x62, 0xA3, 0xE7, 0x62, 0xA3, 0xE7, 0x62, 0xA3, 0xE7, 0x62, 0xA3, 0xE7, 0x62, 0xA3, 0xE7, 0x62, 0xA3, 0xE7, 0x62, 0xA3, 0xE7, 0x62, 0xA3, 0xE7, 0x62, 0xA3, 0xE7, 0x62, 0xA3, 0xE7, 0x62, 0xA3, 0xE7, 
        0x62, 0xA3, 0xE7, 0x62, 0xA3, 0xE7, 0x62, 0xA3, 0xE7, 0x62, 0xA3, 0xE7, 0x62, 0xA3, 0xE7, 0x62, 0xA3, 0xE7, 0x62, 0xA3, 0xE7, 0x62, 0xA3, 0xE7, 0x78, 0xB0, 0xEA, 0xD2, 0xE5, 0xF8, 0xFF, 0xFF, 0xFF, 0xFF, 0xFF, 0xFF, 0xFF, 0xFF, 0xFF, 
        0xFF, 0xFF, 0xFF, 0xFF, 0xFF, 0xFF, 0xFF, 0xFF, 0xFF, 0xFF, 0xFF, 0xFF, 0xFF, 0xFF, 0xFF, 0xFF, 0xFF, 0xFF, 0xFF, 0xFF, 0xFF,
  0x62, 0xA3, 0xE7, 0x62, 0xA3, 0xE7, 0x62, 0xA3, 0xE7, 0x62, 0xA3, 0xE7, 0x62, 0xA3, 0xE7, 0x62, 0xA3, 0xE7, 0x62, 0xA3, 0xE7, 0x62, 0xA3, 0xE7, 0x62, 0xA3, 0xE7, 0x62, 0xA3, 0xE7, 0x62, 0xA3, 0xE7, 0x62, 0xA3, 0xE7, 0x62, 0xA3, 0xE7, 0x62, 0xA3, 0xE7, 
        0x62, 0xA3, 0xE7, 0x62, 0xA3, 0xE7, 0x62, 0xA3, 0xE7, 0x62, 0xA3, 0xE7, 0x62, 0xA3, 0xE7, 0x62, 0xA3, 0xE7, 0x62, 0xA3, 0xE7, 0x62, 0xA3, 0xE7, 0x62, 0xA3, 0xE7, 0x62, 0xA3, 0xE7, 0x62, 0xA3, 0xE7, 0x62, 0xA3, 0xE7, 0x62, 0xA3, 0xE7, 
        0x62, 0xA3, 0xE7, 0x62, 0xA3, 0xE7, 0x62, 0xA3, 0xE7, 0x62, 0xA3, 0xE7, 0x62, 0xA3, 0xE7, 0x62, 0xA3, 0xE7, 0x62, 0xA3, 0xE7, 0x62, 0xA3, 0xE7, 0x62, 0xA3, 0xE7, 0x62, 0xA3, 0xE7, 0x62, 0xA3, 0xE7, 0x62, 0xA3, 0xE7, 0x62, 0xA3, 0xE7, 
        0x62, 0xA3, 0xE7, 0x62, 0xA3, 0xE7, 0x62, 0xA3, 0xE7, 0x62, 0xA3, 0xE7, 0x62, 0xA3, 0xE7, 0x62, 0xA3, 0xE7, 0x62, 0xA3, 0xE7, 0x62, 0xA3, 0xE7, 0x62, 0xA3, 0xE7, 0x62, 0xA3, 0xE7, 0x62, 0xA3, 0xE7, 0x62, 0xA3, 0xE7, 0x62, 0xA3, 0xE7, 
        0x62, 0xA3, 0xE7, 0x62, 0xA3, 0xE7, 0x62, 0xA3, 0xE7, 0x62, 0xA3, 0xE7, 0x62, 0xA3, 0xE7, 0x62, 0xA3, 0xE7, 0x62, 0xA3, 0xE7, 0x62, 0xA3, 0xE7, 0x62, 0xA3, 0xE7, 0x62, 0xA3, 0xE7, 0x62, 0xA3, 0xE7, 0x62, 0xA3, 0xE7, 0x62, 0xA3, 0xE7, 
        0x62, 0xA3, 0xE7, 0x62, 0xA3, 0xE7, 0x62, 0xA3, 0xE7, 0x62, 0xA3, 0xE7, 0x62, 0xA3, 0xE7, 0x62, 0xA3, 0xE7, 0x62, 0xA3, 0xE7, 0x62, 0xA3, 0xE7, 0x62, 0xA3, 0xE7, 0x62, 0xA3, 0xE7, 0x62, 0xA3, 0xE7, 0x62, 0xA3, 0xE7, 0x62, 0xA3, 0xE7, 
        0x62, 0xA3, 0xE7, 0x62, 0xA3, 0xE7, 0x62, 0xA3, 0xE7, 0x62, 0xA3, 0xE7, 0x62, 0xA3, 0xE7, 0x62, 0xA3, 0xE7, 0x62, 0xA3, 0xE7, 0x62, 0xA3, 0xE7, 0x62, 0xA3, 0xE7, 0x62, 0xA3, 0xE7, 0x62, 0xA3, 0xE7, 0x62, 0xA3, 0xE7, 0x62, 0xA3, 0xE7, 
        0x62, 0xA3, 0xE7, 0x62, 0xA3, 0xE7, 0x62, 0xA3, 0xE7, 0x62, 0xA3, 0xE7, 0x62, 0xA3, 0xE7, 0x62, 0xA3, 0xE7, 0x62, 0xA3, 0xE7, 0x62, 0xA3, 0xE7, 0x62, 0xA3, 0xE7, 0x62, 0xA3, 0xE7, 0x62, 0xA3, 0xE7, 0x62, 0xA3, 0xE7, 0x62, 0xA3, 0xE7, 
        0x62, 0xA3, 0xE7, 0x62, 0xA3, 0xE7, 0x62, 0xA3, 0xE7, 0x62, 0xA3, 0xE7, 0x62, 0xA3, 0xE7, 0x62, 0xA3, 0xE7, 0x62, 0xA3, 0xE7, 0x62, 0xA3, 0xE7, 0x62, 0xA3, 0xE7, 0x62, 0xA3, 0xE7, 0x62, 0xA3, 0xE7, 0x62, 0xA3, 0xE7, 0x62, 0xA3, 0xE7, 
        0x62, 0xA3, 0xE7, 0x62, 0xA3, 0xE7, 0x62, 0xA3, 0xE7, 0x62, 0xA3, 0xE7, 0x62, 0xA3, 0xE7, 0x62, 0xA3, 0xE7, 0x62, 0xA3, 0xE7, 0x62, 0xA3, 0xE7, 0x62, 0xA3, 0xE7, 0x62, 0xA3, 0xE7, 0x62, 0xA3, 0xE7, 0x62, 0xA3, 0xE7, 0x62, 0xA3, 0xE7, 
        0x62, 0xA3, 0xE7, 0x62, 0xA3, 0xE7, 0x62, 0xA3, 0xE7, 0x62, 0xA3, 0xE7, 0x62, 0xA3, 0xE7, 0x62, 0xA3, 0xE7, 0x62, 0xA3, 0xE7, 0x62, 0xA3, 0xE7, 0x62, 0xA3, 0xE7, 0x62, 0xA3, 0xE7, 0x62, 0xA3, 0xE7, 0x62, 0xA3, 0xE7, 0x62, 0xA3, 0xE7, 
        0x62, 0xA3, 0xE7, 0x62, 0xA3, 0xE7, 0x62, 0xA3, 0xE7, 0x62, 0xA3, 0xE7, 0x62, 0xA3, 0xE7, 0x62, 0xA3, 0xE7, 0x62, 0xA3, 0xE7, 0x62, 0xA3, 0xE7, 0x62, 0xA3, 0xE7, 0x62, 0xA3, 0xE7, 0x62, 0xA3, 0xE7, 0x62, 0xA3, 0xE7, 0x62, 0xA3, 0xE7, 
        0x62, 0xA3, 0xE7, 0x62, 0xA3, 0xE7, 0x62, 0xA3, 0xE7, 0x62, 0xA3, 0xE7, 0x62, 0xA3, 0xE7, 0x62, 0xA3, 0xE7, 0x62, 0xA3, 0xE7, 0x62, 0xA3, 0xE7, 0x62, 0xA3, 0xE7, 0x62, 0xA3, 0xE7, 0x62, 0xA3, 0xE7, 0x62, 0xA3, 0xE7, 0x62, 0xA3, 0xE7, 
        0x62, 0xA3, 0xE7, 0x62, 0xA3, 0xE7, 0x62, 0xA3, 0xE7, 0x62, 0xA3, 0xE7, 0x62, 0xA3, 0xE7, 0x62, 0xA3, 0xE7, 0x62, 0xA3, 0xE7, 0x62, 0xA3, 0xE7, 0x62, 0xA3, 0xE7, 0x62, 0xA3, 0xE7, 0x62, 0xA3, 0xE7, 0x62, 0xA3, 0xE7, 0x62, 0xA3, 0xE7, 
        0x62, 0xA3, 0xE7, 0x62, 0xA3, 0xE7, 0x62, 0xA3, 0xE7, 0x62, 0xA3, 0xE7, 0x62, 0xA3, 0xE7, 0x62, 0xA3, 0xE7, 0x62, 0xA3, 0xE7, 0x62, 0xA3, 0xE7, 0x62, 0xA3, 0xE7, 0x62, 0xA3, 0xE7, 0x62, 0xA3, 0xE7, 0x62, 0xA3, 0xE7, 0x62, 0xA3, 0xE7, 
        0x62, 0xA3, 0xE7, 0x62, 0xA3, 0xE7, 0x62, 0xA3, 0xE7, 0x62, 0xA3, 0xE7, 0x62, 0xA3, 0xE7, 0x62, 0xA3, 0xE7, 0x62, 0xA3, 0xE7, 0x62, 0xA3, 0xE7, 0x62, 0xA3, 0xE7, 0x62, 0xA3, 0xE7, 0x62, 0xA3, 0xE7, 0x62, 0xA3, 0xE7, 0x62, 0xA3, 0xE7, 
        0x62, 0xA3, 0xE7, 0x62, 0xA3, 0xE7, 0x62, 0xA3, 0xE7, 0x62, 0xA3, 0xE7, 0x62, 0xA3, 0xE7, 0x62, 0xA3, 0xE7, 0x62, 0xA3, 0xE7, 0x62, 0xA3, 0xE7, 0x62, 0xA3, 0xE7, 0x62, 0xA3, 0xE7, 0x62, 0xA3, 0xE7, 0x62, 0xA3, 0xE7, 0x62, 0xA3, 0xE7, 
        0x62, 0xA3, 0xE7, 0x62, 0xA3, 0xE7, 0x62, 0xA3, 0xE7, 0x62, 0xA3, 0xE7, 0x62, 0xA3, 0xE7, 0x62, 0xA3, 0xE7, 0x62, 0xA3, 0xE7, 0x62, 0xA3, 0xE7, 0x62, 0xA3, 0xE7, 0x62, 0xA3, 0xE7, 0x62, 0xA3, 0xE7, 0x62, 0xA3, 0xE7, 0x62, 0xA3, 0xE7, 
        0x62, 0xA3, 0xE7, 0x62, 0xA3, 0xE7, 0x62, 0xA3, 0xE7, 0x62, 0xA3, 0xE7, 0x62, 0xA3, 0xE7, 0x62, 0xA3, 0xE7, 0x62, 0xA3, 0xE7, 0x62, 0xA3, 0xE7, 0x62, 0xA3, 0xE7, 0x62, 0xA3, 0xE7, 0x62, 0xA3, 0xE7, 0x62, 0xA3, 0xE7, 0x62, 0xA3, 0xE7, 
        0x62, 0xA3, 0xE7, 0x62, 0xA3, 0xE7, 0x62, 0xA3, 0xE7, 0x62, 0xA3, 0xE7, 0x62, 0xA3, 0xE7, 0x62, 0xA3, 0xE7, 0x62, 0xA3, 0xE7, 0x62, 0xA3, 0xE7, 0x62, 0xA3, 0xE7, 0x62, 0xA3, 0xE7, 0x62, 0xA3, 0xE7, 0x62, 0xA3, 0xE7, 0x62, 0xA3, 0xE7, 
        0x62, 0xA3, 0xE7, 0x62, 0xA3, 0xE7, 0x62, 0xA3, 0xE7, 0x62, 0xA3, 0xE7, 0x62, 0xA3, 0xE7, 0x62, 0xA3, 0xE7, 0x62, 0xA3, 0xE7, 0x62, 0xA3, 0xE7, 0x62, 0xA3, 0xE7, 0x62, 0xA3, 0xE7, 0x62, 0xA3, 0xE7, 0x62, 0xA3, 0xE7, 0x62, 0xA3, 0xE7, 
        0x62, 0xA3, 0xE7, 0x62, 0xA3, 0xE7, 0x62, 0xA3, 0xE7, 0x62, 0xA3, 0xE7, 0x62, 0xA3, 0xE7, 0x62, 0xA3, 0xE7, 0x62, 0xA3, 0xE7, 0x62, 0xA3, 0xE7, 0x62, 0xA3, 0xE7, 0x62, 0xA3, 0xE7, 0x62, 0xA3, 0xE7, 0x62, 0xA3, 0xE7, 0x62, 0xA3, 0xE7, 
        0x62, 0xA3, 0xE7, 0x62, 0xA3, 0xE7, 0x62, 0xA3, 0xE7, 0x62, 0xA3, 0xE7, 0x62, 0xA3, 0xE7, 0x62, 0xA3, 0xE7, 0x62, 0xA3, 0xE7, 0x62, 0xA3, 0xE7, 0x62, 0xA3, 0xE7, 0x62, 0xA3, 0xE7, 0x62, 0xA3, 0xE7, 0x62, 0xA3, 0xE7, 0x62, 0xA3, 0xE7, 
        0x62, 0xA3, 0xE7, 0x62, 0xA3, 0xE7, 0x62, 0xA3, 0xE7, 0x62, 0xA3, 0xE7, 0x62, 0xA3, 0xE7, 0x62, 0xA3, 0xE7, 0x62, 0xA3, 0xE7, 0x62, 0xA3, 0xE7, 0x62, 0xA3, 0xE7, 0x62, 0xA3, 0xE7, 0xA3, 0xC9, 0xF1, 0xFA, 0xFC, 0xFE, 0xFF, 0xFF, 0xFF, 
        0xFF, 0xFF, 0xFF, 0xFF, 0xFF, 0xFF, 0xFF, 0xFF, 0xFF, 0xFF, 0xFF, 0xFF, 0xFF, 0xFF, 0xFF, 0xFF, 0xFF, 0xFF, 0xFF, 0xFF, 0xFF,
  0x62, 0xA3, 0xE7, 0x62, 0xA3, 0xE7, 0x62, 0xA3, 0xE7, 0x62, 0xA3, 0xE7, 0x62, 0xA3, 0xE7, 0x62, 0xA3, 0xE7, 0x62, 0xA3, 0xE7, 0x62, 0xA3, 0xE7, 0x62, 0xA3, 0xE7, 0x62, 0xA3, 0xE7, 0x62, 0xA3, 0xE7, 0x62, 0xA3, 0xE7, 0x62, 0xA3, 0xE7, 0x62, 0xA3, 0xE7, 
        0x62, 0xA3, 0xE7, 0x62, 0xA3, 0xE7, 0x62, 0xA3, 0xE7, 0x62, 0xA3, 0xE7, 0x62, 0xA3, 0xE7, 0x62, 0xA3, 0xE7, 0x62, 0xA3, 0xE7, 0x62, 0xA3, 0xE7, 0x62, 0xA3, 0xE7, 0x62, 0xA3, 0xE7, 0x62, 0xA3, 0xE7, 0x62, 0xA3, 0xE7, 0x62, 0xA3, 0xE7, 
        0x62, 0xA3, 0xE7, 0x62, 0xA3, 0xE7, 0x62, 0xA3, 0xE7, 0x62, 0xA3, 0xE7, 0x62, 0xA3, 0xE7, 0x62, 0xA3, 0xE7, 0x62, 0xA3, 0xE7, 0x62, 0xA3, 0xE7, 0x62, 0xA3, 0xE7, 0x62, 0xA3, 0xE7, 0x62, 0xA3, 0xE7, 0x62, 0xA3, 0xE7, 0x62, 0xA3, 0xE7, 
        0x62, 0xA3, 0xE7, 0x62, 0xA3, 0xE7, 0x62, 0xA3, 0xE7, 0x62, 0xA3, 0xE7, 0x62, 0xA3, 0xE7, 0x62, 0xA3, 0xE7, 0x62, 0xA3, 0xE7, 0x62, 0xA3, 0xE7, 0x62, 0xA3, 0xE7, 0x62, 0xA3, 0xE7, 0x62, 0xA3, 0xE7, 0x62, 0xA3, 0xE7, 0x62, 0xA3, 0xE7, 
        0x62, 0xA3, 0xE7, 0x62, 0xA3, 0xE7, 0x62, 0xA3, 0xE7, 0x62, 0xA3, 0xE7, 0x62, 0xA3, 0xE7, 0x62, 0xA3, 0xE7, 0x62, 0xA3, 0xE7, 0x62, 0xA3, 0xE7, 0x62, 0xA3, 0xE7, 0x62, 0xA3, 0xE7, 0x62, 0xA3, 0xE7, 0x62, 0xA3, 0xE7, 0x62, 0xA3, 0xE7, 
        0x62, 0xA3, 0xE7, 0x62, 0xA3, 0xE7, 0x62, 0xA3, 0xE7, 0x62, 0xA3, 0xE7, 0x62, 0xA3, 0xE7, 0x62, 0xA3, 0xE7, 0x62, 0xA3, 0xE7, 0x62, 0xA3, 0xE7, 0x62, 0xA3, 0xE7, 0x62, 0xA3, 0xE7, 0x62, 0xA3, 0xE7, 0x62, 0xA3, 0xE7, 0x62, 0xA3, 0xE7, 
        0x62, 0xA3, 0xE7, 0x62, 0xA3, 0xE7, 0x62, 0xA3, 0xE7, 0x62, 0xA3, 0xE7, 0x62, 0xA3, 0xE7, 0x62, 0xA3, 0xE7, 0x62, 0xA3, 0xE7, 0x62, 0xA3, 0xE7, 0x62, 0xA3, 0xE7, 0x62, 0xA3, 0xE7, 0x62, 0xA3, 0xE7, 0x62, 0xA3, 0xE7, 0x62, 0xA3, 0xE7, 
        0x62, 0xA3, 0xE7, 0x62, 0xA3, 0xE7, 0x62, 0xA3, 0xE7, 0x62, 0xA3, 0xE7, 0x62, 0xA3, 0xE7, 0x62, 0xA3, 0xE7, 0x62, 0xA3, 0xE7, 0x62, 0xA3, 0xE7, 0x62, 0xA3, 0xE7, 0x62, 0xA3, 0xE7, 0x62, 0xA3, 0xE7, 0x62, 0xA3, 0xE7, 0x62, 0xA3, 0xE7, 
        0x62, 0xA3, 0xE7, 0x62, 0xA3, 0xE7, 0x62, 0xA3, 0xE7, 0x62, 0xA3, 0xE7, 0x62, 0xA3, 0xE7, 0x62, 0xA3, 0xE7, 0x62, 0xA3, 0xE7, 0x62, 0xA3, 0xE7, 0x62, 0xA3, 0xE7, 0x62, 0xA3, 0xE7, 0x62, 0xA3, 0xE7, 0x62, 0xA3, 0xE7, 0x62, 0xA3, 0xE7, 
        0x62, 0xA3, 0xE7, 0x62, 0xA3, 0xE7, 0x62, 0xA3, 0xE7, 0x62, 0xA3, 0xE7, 0x62, 0xA3, 0xE7, 0x62, 0xA3, 0xE7, 0x62, 0xA3, 0xE7, 0x62, 0xA3, 0xE7, 0x62, 0xA3, 0xE7, 0x62, 0xA3, 0xE7, 0x62, 0xA3, 0xE7, 0x62, 0xA3, 0xE7, 0x62, 0xA3, 0xE7, 
        0x62, 0xA3, 0xE7, 0x62, 0xA3, 0xE7, 0x62, 0xA3, 0xE7, 0x62, 0xA3, 0xE7, 0x62, 0xA3, 0xE7, 0x62, 0xA3, 0xE7, 0x62, 0xA3, 0xE7, 0x62, 0xA3, 0xE7, 0x62, 0xA3, 0xE7, 0x62, 0xA3, 0xE7, 0x62, 0xA3, 0xE7, 0x62, 0xA3, 0xE7, 0x62, 0xA3, 0xE7, 
        0x62, 0xA3, 0xE7, 0x62, 0xA3, 0xE7, 0x62, 0xA3, 0xE7, 0x62, 0xA3, 0xE7, 0x62, 0xA3, 0xE7, 0x62, 0xA3, 0xE7, 0x62, 0xA3, 0xE7, 0x62, 0xA3, 0xE7, 0x62, 0xA3, 0xE7, 0x62, 0xA3, 0xE7, 0x62, 0xA3, 0xE7, 0x62, 0xA3, 0xE7, 0x62, 0xA3, 0xE7, 
        0x62, 0xA3, 0xE7, 0x62, 0xA3, 0xE7, 0x62, 0xA3, 0xE7, 0x62, 0xA3, 0xE7, 0x62, 0xA3, 0xE7, 0x62, 0xA3, 0xE7, 0x62, 0xA3, 0xE7, 0x62, 0xA3, 0xE7, 0x62, 0xA3, 0xE7, 0x62, 0xA3, 0xE7, 0x62, 0xA3, 0xE7, 0x62, 0xA3, 0xE7, 0x62, 0xA3, 0xE7, 
        0x62, 0xA3, 0xE7, 0x62, 0xA3, 0xE7, 0x62, 0xA3, 0xE7, 0x62, 0xA3, 0xE7, 0x62, 0xA3, 0xE7, 0x62, 0xA3, 0xE7, 0x62, 0xA3, 0xE7, 0x62, 0xA3, 0xE7, 0x62, 0xA3, 0xE7, 0x62, 0xA3, 0xE7, 0x62, 0xA3, 0xE7, 0x62, 0xA3, 0xE7, 0x62, 0xA3, 0xE7, 
        0x62, 0xA3, 0xE7, 0x62, 0xA3, 0xE7, 0x62, 0xA3, 0xE7, 0x62, 0xA3, 0xE7, 0x62, 0xA3, 0xE7, 0x62, 0xA3, 0xE7, 0x62, 0xA3, 0xE7, 0x62, 0xA3, 0xE7, 0x62, 0xA3, 0xE7, 0x62, 0xA3, 0xE7, 0x62, 0xA3, 0xE7, 0x62, 0xA3, 0xE7, 0x62, 0xA3, 0xE7, 
        0x62, 0xA3, 0xE7, 0x62, 0xA3, 0xE7, 0x62, 0xA3, 0xE7, 0x62, 0xA3, 0xE7, 0x62, 0xA3, 0xE7, 0x62, 0xA3, 0xE7, 0x62, 0xA3, 0xE7, 0x62, 0xA3, 0xE7, 0x62, 0xA3, 0xE7, 0x62, 0xA3, 0xE7, 0x62, 0xA3, 0xE7, 0x62, 0xA3, 0xE7, 0x62, 0xA3, 0xE7, 
        0x62, 0xA3, 0xE7, 0x62, 0xA3, 0xE7, 0x62, 0xA3, 0xE7, 0x62, 0xA3, 0xE7, 0x62, 0xA3, 0xE7, 0x62, 0xA3, 0xE7, 0x62, 0xA3, 0xE7, 0x62, 0xA3, 0xE7, 0x62, 0xA3, 0xE7, 0x62, 0xA3, 0xE7, 0x62, 0xA3, 0xE7, 0x62, 0xA3, 0xE7, 0x62, 0xA3, 0xE7, 
        0x62, 0xA3, 0xE7, 0x62, 0xA3, 0xE7, 0x62, 0xA3, 0xE7, 0x62, 0xA3, 0xE7, 0x62, 0xA3, 0xE7, 0x62, 0xA3, 0xE7, 0x62, 0xA3, 0xE7, 0x62, 0xA3, 0xE7, 0x62, 0xA3, 0xE7, 0x62, 0xA3, 0xE7, 0x62, 0xA3, 0xE7, 0x62, 0xA3, 0xE7, 0x62, 0xA3, 0xE7, 
        0x62, 0xA3, 0xE7, 0x62, 0xA3, 0xE7, 0x62, 0xA3, 0xE7, 0x62, 0xA3, 0xE7, 0x62, 0xA3, 0xE7, 0x62, 0xA3, 0xE7, 0x62, 0xA3, 0xE7, 0x62, 0xA3, 0xE7, 0x62, 0xA3, 0xE7, 0x62, 0xA3, 0xE7, 0x62, 0xA3, 0xE7, 0x62, 0xA3, 0xE7, 0x62, 0xA3, 0xE7, 
        0x62, 0xA3, 0xE7, 0x62, 0xA3, 0xE7, 0x62, 0xA3, 0xE7, 0x62, 0xA3, 0xE7, 0x62, 0xA3, 0xE7, 0x62, 0xA3, 0xE7, 0x62, 0xA3, 0xE7, 0x62, 0xA3, 0xE7, 0x62, 0xA3, 0xE7, 0x62, 0xA3, 0xE7, 0x62, 0xA3, 0xE7, 0x62, 0xA3, 0xE7, 0x62, 0xA3, 0xE7, 
        0x62, 0xA3, 0xE7, 0x62, 0xA3, 0xE7, 0x62, 0xA3, 0xE7, 0x62, 0xA3, 0xE7, 0x62, 0xA3, 0xE7, 0x62, 0xA3, 0xE7, 0x62, 0xA3, 0xE7, 0x62, 0xA3, 0xE7, 0x62, 0xA3, 0xE7, 0x62, 0xA3, 0xE7, 0x62, 0xA3, 0xE7, 0x62, 0xA3, 0xE7, 0x62, 0xA3, 0xE7, 
        0x62, 0xA3, 0xE7, 0x62, 0xA3, 0xE7, 0x62, 0xA3, 0xE7, 0x62, 0xA3, 0xE7, 0x62, 0xA3, 0xE7, 0x62, 0xA3, 0xE7, 0x62, 0xA3, 0xE7, 0x62, 0xA3, 0xE7, 0x62, 0xA3, 0xE7, 0x62, 0xA3, 0xE7, 0x62, 0xA3, 0xE7, 0x62, 0xA3, 0xE7, 0x62, 0xA3, 0xE7, 
        0x62, 0xA3, 0xE7, 0x62, 0xA3, 0xE7, 0x62, 0xA3, 0xE7, 0x62, 0xA3, 0xE7, 0x62, 0xA3, 0xE7, 0x62, 0xA3, 0xE7, 0x62, 0xA3, 0xE7, 0x62, 0xA3, 0xE7, 0x62, 0xA3, 0xE7, 0x62, 0xA3, 0xE7, 0x62, 0xA3, 0xE7, 0x62, 0xA3, 0xE7, 0x62, 0xA3, 0xE7, 
        0x62, 0xA3, 0xE7, 0x62, 0xA3, 0xE7, 0x62, 0xA3, 0xE7, 0x62, 0xA3, 0xE7, 0x62, 0xA3, 0xE7, 0x62, 0xA3, 0xE7, 0x62, 0xA3, 0xE7, 0x62, 0xA3, 0xE7, 0x62, 0xA3, 0xE7, 0x62, 0xA3, 0xE7, 0x62, 0xA3, 0xE7, 0x81, 0xB5, 0xEC, 0xF1, 0xF7, 0xFD, 
        0xFF, 0xFF, 0xFF, 0xFF, 0xFF, 0xFF, 0xFF, 0xFF, 0xFF, 0xFF, 0xFF, 0xFF, 0xFF, 0xFF, 0xFF, 0xFF, 0xFF, 0xFF, 0xFF, 0xFF, 0xFF,
  0x62, 0xA3, 0xE7, 0x62, 0xA3, 0xE7, 0x62, 0xA3, 0xE7, 0x62, 0xA3, 0xE7, 0x62, 0xA3, 0xE7, 0x62, 0xA3, 0xE7, 0x62, 0xA3, 0xE7, 0x62, 0xA3, 0xE7, 0x62, 0xA3, 0xE7, 0x62, 0xA3, 0xE7, 0x62, 0xA3, 0xE7, 0x62, 0xA3, 0xE7, 0x62, 0xA3, 0xE7, 0x62, 0xA3, 0xE7, 
        0x62, 0xA3, 0xE7, 0x62, 0xA3, 0xE7, 0x62, 0xA3, 0xE7, 0x62, 0xA3, 0xE7, 0x62, 0xA3, 0xE7, 0x62, 0xA3, 0xE7, 0x62, 0xA3, 0xE7, 0x62, 0xA3, 0xE7, 0x62, 0xA3, 0xE7, 0x62, 0xA3, 0xE7, 0x62, 0xA3, 0xE7, 0x62, 0xA3, 0xE7, 0x62, 0xA3, 0xE7, 
        0x62, 0xA3, 0xE7, 0x62, 0xA3, 0xE7, 0x62, 0xA3, 0xE7, 0x62, 0xA3, 0xE7, 0x62, 0xA3, 0xE7, 0x62, 0xA3, 0xE7, 0x62, 0xA3, 0xE7, 0x62, 0xA3, 0xE7, 0x62, 0xA3, 0xE7, 0x62, 0xA3, 0xE7, 0x62, 0xA3, 0xE7, 0x62, 0xA3, 0xE7, 0x62, 0xA3, 0xE7, 
        0x62, 0xA3, 0xE7, 0x62, 0xA3, 0xE7, 0x62, 0xA3, 0xE7, 0x62, 0xA3, 0xE7, 0x62, 0xA3, 0xE7, 0x62, 0xA3, 0xE7, 0x62, 0xA3, 0xE7, 0x62, 0xA3, 0xE7, 0x62, 0xA3, 0xE7, 0x62, 0xA3, 0xE7, 0x62, 0xA3, 0xE7, 0x62, 0xA3, 0xE7, 0x62, 0xA3, 0xE7, 
        0x62, 0xA3, 0xE7, 0x62, 0xA3, 0xE7, 0x62, 0xA3, 0xE7, 0x62, 0xA3, 0xE7, 0x62, 0xA3, 0xE7, 0x62, 0xA3, 0xE7, 0x62, 0xA3, 0xE7, 0x62, 0xA3, 0xE7, 0x62, 0xA3, 0xE7, 0x62, 0xA3, 0xE7, 0x62, 0xA3, 0xE7, 0x62, 0xA3, 0xE7, 0x62, 0xA3, 0xE7, 
        0x62, 0xA3, 0xE7, 0x62, 0xA3, 0xE7, 0x62, 0xA3, 0xE7, 0x62, 0xA3, 0xE7, 0x62, 0xA3, 0xE7, 0x62, 0xA3, 0xE7, 0x62, 0xA3, 0xE7, 0x62, 0xA3, 0xE7, 0x62, 0xA3, 0xE7, 0x62, 0xA3, 0xE7, 0x62, 0xA3, 0xE7, 0x62, 0xA3, 0xE7, 0x62, 0xA3, 0xE7, 
        0x62, 0xA3, 0xE7, 0x62, 0xA3, 0xE7, 0x62, 0xA3, 0xE7, 0x62, 0xA3, 0xE7, 0x62, 0xA3, 0xE7, 0x62, 0xA3, 0xE7, 0x62, 0xA3, 0xE7, 0x62, 0xA3, 0xE7, 0x62, 0xA3, 0xE7, 0x62, 0xA3, 0xE7, 0x62, 0xA3, 0xE7, 0x62, 0xA3, 0xE7, 0x62, 0xA3, 0xE7, 
        0x62, 0xA3, 0xE7, 0x62, 0xA3, 0xE7, 0x62, 0xA3, 0xE7, 0x62, 0xA3, 0xE7, 0x62, 0xA3, 0xE7, 0x62, 0xA3, 0xE7, 0x62, 0xA3, 0xE7, 0x62, 0xA3, 0xE7, 0x62, 0xA3, 0xE7, 0x62, 0xA3, 0xE7, 0x62, 0xA3, 0xE7, 0x62, 0xA3, 0xE7, 0x62, 0xA3, 0xE7, 
        0x62, 0xA3, 0xE7, 0x62, 0xA3, 0xE7, 0x62, 0xA3, 0xE7, 0x62, 0xA3, 0xE7, 0x62, 0xA3, 0xE7, 0x62, 0xA3, 0xE7, 0x62, 0xA3, 0xE7, 0x62, 0xA3, 0xE7, 0x62, 0xA3, 0xE7, 0x62, 0xA3, 0xE7, 0x62, 0xA3, 0xE7, 0x62, 0xA3, 0xE7, 0x62, 0xA3, 0xE7, 
        0x62, 0xA3, 0xE7, 0x62, 0xA3, 0xE7, 0x62, 0xA3, 0xE7, 0x62, 0xA3, 0xE7, 0x62, 0xA3, 0xE7, 0x62, 0xA3, 0xE7, 0x62, 0xA3, 0xE7, 0x62, 0xA3, 0xE7, 0x62, 0xA3, 0xE7, 0x62, 0xA3, 0xE7, 0x62, 0xA3, 0xE7, 0x62, 0xA3, 0xE7, 0x62, 0xA3, 0xE7, 
        0x62, 0xA3, 0xE7, 0x62, 0xA3, 0xE7, 0x62, 0xA3, 0xE7, 0x62, 0xA3, 0xE7, 0x62, 0xA3, 0xE7, 0x62, 0xA3, 0xE7, 0x62, 0xA3, 0xE7, 0x62, 0xA3, 0xE7, 0x62, 0xA3, 0xE7, 0x62, 0xA3, 0xE7, 0x62, 0xA3, 0xE7, 0x62, 0xA3, 0xE7, 0x62, 0xA3, 0xE7, 
        0x62, 0xA3, 0xE7, 0x62, 0xA3, 0xE7, 0x62, 0xA3, 0xE7, 0x62, 0xA3, 0xE7, 0x62, 0xA3, 0xE7, 0x62, 0xA3, 0xE7, 0x62, 0xA3, 0xE7, 0x62, 0xA3, 0xE7, 0x62, 0xA3, 0xE7, 0x62, 0xA3, 0xE7, 0x62, 0xA3, 0xE7, 0x62, 0xA3, 0xE7, 0x62, 0xA3, 0xE7, 
        0x62, 0xA3, 0xE7, 0x62, 0xA3, 0xE7, 0x62, 0xA3, 0xE7, 0x62, 0xA3, 0xE7, 0x62, 0xA3, 0xE7, 0x62, 0xA3, 0xE7, 0x62, 0xA3, 0xE7, 0x62, 0xA3, 0xE7, 0x62, 0xA3, 0xE7, 0x62, 0xA3, 0xE7, 0x62, 0xA3, 0xE7, 0x62, 0xA3, 0xE7, 0x62, 0xA3, 0xE7, 
        0x62, 0xA3, 0xE7, 0x62, 0xA3, 0xE7, 0x62, 0xA3, 0xE7, 0x62, 0xA3, 0xE7, 0x62, 0xA3, 0xE7, 0x62, 0xA3, 0xE7, 0x62, 0xA3, 0xE7, 0x62, 0xA3, 0xE7, 0x62, 0xA3, 0xE7, 0x62, 0xA3, 0xE7, 0x62, 0xA3, 0xE7, 0x62, 0xA3, 0xE7, 0x62, 0xA3, 0xE7, 
        0x62, 0xA3, 0xE7, 0x62, 0xA3, 0xE7, 0x62, 0xA3, 0xE7, 0x62, 0xA3, 0xE7, 0x62, 0xA3, 0xE7, 0x62, 0xA3, 0xE7, 0x62, 0xA3, 0xE7, 0x62, 0xA3, 0xE7, 0x62, 0xA3, 0xE7, 0x62, 0xA3, 0xE7, 0x62, 0xA3, 0xE7, 0x62, 0xA3, 0xE7, 0x62, 0xA3, 0xE7, 
        0x62, 0xA3, 0xE7, 0x62, 0xA3, 0xE7, 0x62, 0xA3, 0xE7, 0x62, 0xA3, 0xE7, 0x62, 0xA3, 0xE7, 0x62, 0xA3, 0xE7, 0x62, 0xA3, 0xE7, 0x62, 0xA3, 0xE7, 0x62, 0xA3, 0xE7, 0x62, 0xA3, 0xE7, 0x62, 0xA3, 0xE7, 0x62, 0xA3, 0xE7, 0x62, 0xA3, 0xE7, 
        0x62, 0xA3, 0xE7, 0x62, 0xA3, 0xE7, 0x62, 0xA3, 0xE7, 0x62, 0xA3, 0xE7, 0x62, 0xA3, 0xE7, 0x62, 0xA3, 0xE7, 0x62, 0xA3, 0xE7, 0x62, 0xA3, 0xE7, 0x62, 0xA3, 0xE7, 0x62, 0xA3, 0xE7, 0x62, 0xA3, 0xE7, 0x62, 0xA3, 0xE7, 0x62, 0xA3, 0xE7, 
        0x62, 0xA3, 0xE7, 0x62, 0xA3, 0xE7, 0x62, 0xA3, 0xE7, 0x62, 0xA3, 0xE7, 0x62, 0xA3, 0xE7, 0x62, 0xA3, 0xE7, 0x62, 0xA3, 0xE7, 0x62, 0xA3, 0xE7, 0x62, 0xA3, 0xE7, 0x62, 0xA3, 0xE7, 0x62, 0xA3, 0xE7, 0x62, 0xA3, 0xE7, 0x62, 0xA3, 0xE7, 
        0x62, 0xA3, 0xE7, 0x62, 0xA3, 0xE7, 0x62, 0xA3, 0xE7, 0x62, 0xA3, 0xE7, 0x62, 0xA3, 0xE7, 0x62, 0xA3, 0xE7, 0x62, 0xA3, 0xE7, 0x62, 0xA3, 0xE7, 0x62, 0xA3, 0xE7, 0x62, 0xA3, 0xE7, 0x62, 0xA3, 0xE7, 0x62, 0xA3, 0xE7, 0x62, 0xA3, 0xE7, 
        0x62, 0xA3, 0xE7, 0x62, 0xA3, 0xE7, 0x62, 0xA3, 0xE7, 0x62, 0xA3, 0xE7, 0x62, 0xA3, 0xE7, 0x62, 0xA3, 0xE7, 0x62, 0xA3, 0xE7, 0x62, 0xA3, 0xE7, 0x62, 0xA3, 0xE7, 0x62, 0xA3, 0xE7, 0x62, 0xA3, 0xE7, 0x62, 0xA3, 0xE7, 0x62, 0xA3, 0xE7, 
        0x62, 0xA3, 0xE7, 0x62, 0xA3, 0xE7, 0x62, 0xA3, 0xE7, 0x62, 0xA3, 0xE7, 0x62, 0xA3, 0xE7, 0x62, 0xA3, 0xE7, 0x62, 0xA3, 0xE7, 0x62, 0xA3, 0xE7, 0x62, 0xA3, 0xE7, 0x62, 0xA3, 0xE7, 0x62, 0xA3, 0xE7, 0x62, 0xA3, 0xE7, 0x62, 0xA3, 0xE7, 
        0x62, 0xA3, 0xE7, 0x62, 0xA3, 0xE7, 0x62, 0xA3, 0xE7, 0x62, 0xA3, 0xE7, 0x62, 0xA3, 0xE7, 0x62, 0xA3, 0xE7, 0x62, 0xA3, 0xE7, 0x62, 0xA3, 0xE7, 0x62, 0xA3, 0xE7, 0x62, 0xA3, 0xE7, 0x62, 0xA3, 0xE7, 0x62, 0xA3, 0xE7, 0x62, 0xA3, 0xE7, 
        0x62, 0xA3, 0xE7, 0x62, 0xA3, 0xE7, 0x62, 0xA3, 0xE7, 0x62, 0xA3, 0xE7, 0x62, 0xA3, 0xE7, 0x62, 0xA3, 0xE7, 0x62, 0xA3, 0xE7, 0x62, 0xA3, 0xE7, 0x62, 0xA3, 0xE7, 0x62, 0xA3, 0xE7, 0x62, 0xA3, 0xE7, 0x62, 0xA3, 0xE7, 0x62, 0xA3, 0xE7, 
        0x62, 0xA3, 0xE7, 0x62, 0xA3, 0xE7, 0x62, 0xA3, 0xE7, 0x62, 0xA3, 0xE7, 0x62, 0xA3, 0xE7, 0x62, 0xA3, 0xE7, 0x62, 0xA3, 0xE7, 0x62, 0xA3, 0xE7, 0x62, 0xA3, 0xE7, 0x62, 0xA3, 0xE7, 0x62, 0xA3, 0xE7, 0x62, 0xA3, 0xE7, 0x78, 0xB0, 0xEA, 
        0xEB, 0xF3, 0xFC, 0xFF, 0xFF, 0xFF, 0xFF, 0xFF, 0xFF, 0xFF, 0xFF, 0xFF, 0xFF, 0xFF, 0xFF, 0xFF, 0xFF, 0xFF, 0xFF, 0xFF, 0xFF,
  0x62, 0xA3, 0xE7, 0x62, 0xA3, 0xE7, 0x62, 0xA3, 0xE7, 0x62, 0xA3, 0xE7, 0x62, 0xA3, 0xE7, 0x62, 0xA3, 0xE7, 0x62, 0xA3, 0xE7, 0x62, 0xA3, 0xE7, 0x62, 0xA3, 0xE7, 0x62, 0xA3, 0xE7, 0x62, 0xA3, 0xE7, 0x62, 0xA3, 0xE7, 0x62, 0xA3, 0xE7, 0x62, 0xA3, 0xE7, 
        0x62, 0xA3, 0xE7, 0x62, 0xA3, 0xE7, 0x62, 0xA3, 0xE7, 0x62, 0xA3, 0xE7, 0x62, 0xA3, 0xE7, 0x62, 0xA3, 0xE7, 0x62, 0xA3, 0xE7, 0x62, 0xA3, 0xE7, 0x62, 0xA3, 0xE7, 0x62, 0xA3, 0xE7, 0x62, 0xA3, 0xE7, 0x62, 0xA3, 0xE7, 0x62, 0xA3, 0xE7, 
        0x62, 0xA3, 0xE7, 0x62, 0xA3, 0xE7, 0x62, 0xA3, 0xE7, 0x62, 0xA3, 0xE7, 0x62, 0xA3, 0xE7, 0x62, 0xA3, 0xE7, 0x62, 0xA3, 0xE7, 0x62, 0xA3, 0xE7, 0x62, 0xA3, 0xE7, 0x62, 0xA3, 0xE7, 0x62, 0xA3, 0xE7, 0x62, 0xA3, 0xE7, 0x62, 0xA3, 0xE7, 
        0x62, 0xA3, 0xE7, 0x62, 0xA3, 0xE7, 0x62, 0xA3, 0xE7, 0x62, 0xA3, 0xE7, 0x62, 0xA3, 0xE7, 0x62, 0xA3, 0xE7, 0x62, 0xA3, 0xE7, 0x62, 0xA3, 0xE7, 0x62, 0xA3, 0xE7, 0x62, 0xA3, 0xE7, 0x62, 0xA3, 0xE7, 0x62, 0xA3, 0xE7, 0x62, 0xA3, 0xE7, 
        0x62, 0xA3, 0xE7, 0x62, 0xA3, 0xE7, 0x62, 0xA3, 0xE7, 0x62, 0xA3, 0xE7, 0x62, 0xA3, 0xE7, 0x62, 0xA3, 0xE7, 0x62, 0xA3, 0xE7, 0x62, 0xA3, 0xE7, 0x62, 0xA3, 0xE7, 0x62, 0xA3, 0xE7, 0x62, 0xA3, 0xE7, 0x62, 0xA3, 0xE7, 0x62, 0xA3, 0xE7, 
        0x62, 0xA3, 0xE7, 0x62, 0xA3, 0xE7, 0x62, 0xA3, 0xE7, 0x62, 0xA3, 0xE7, 0x62, 0xA3, 0xE7, 0x62, 0xA3, 0xE7, 0x62, 0xA3, 0xE7, 0x62, 0xA3, 0xE7, 0x62, 0xA3, 0xE7, 0x62, 0xA3, 0xE7, 0x62, 0xA3, 0xE7, 0x62, 0xA3, 0xE7, 0x62, 0xA3, 0xE7, 
        0x62, 0xA3, 0xE7, 0x62, 0xA3, 0xE7, 0x62, 0xA3, 0xE7, 0x62, 0xA3, 0xE7, 0x62, 0xA3, 0xE7, 0x62, 0xA3, 0xE7, 0x62, 0xA3, 0xE7, 0x62, 0xA3, 0xE7, 0x62, 0xA3, 0xE7, 0x62, 0xA3, 0xE7, 0x62, 0xA3, 0xE7, 0x62, 0xA3, 0xE7, 0x62, 0xA3, 0xE7, 
        0x62, 0xA3, 0xE7, 0x62, 0xA3, 0xE7, 0x62, 0xA3, 0xE7, 0x62, 0xA3, 0xE7, 0x62, 0xA3, 0xE7, 0x62, 0xA3, 0xE7, 0x62, 0xA3, 0xE7, 0x62, 0xA3, 0xE7, 0x62, 0xA3, 0xE7, 0x62, 0xA3, 0xE7, 0x62, 0xA3, 0xE7, 0x62, 0xA3, 0xE7, 0x62, 0xA3, 0xE7, 
        0x62, 0xA3, 0xE7, 0x62, 0xA3, 0xE7, 0x62, 0xA3, 0xE7, 0x62, 0xA3, 0xE7, 0x62, 0xA3, 0xE7, 0x62, 0xA3, 0xE7, 0x62, 0xA3, 0xE7, 0x62, 0xA3, 0xE7, 0x62, 0xA3, 0xE7, 0x62, 0xA3, 0xE7, 0x62, 0xA3, 0xE7, 0x62, 0xA3, 0xE7, 0x62, 0xA3, 0xE7, 
        0x62, 0xA3, 0xE7, 0x62, 0xA3, 0xE7, 0x62, 0xA3, 0xE7, 0x62, 0xA3, 0xE7, 0x62, 0xA3, 0xE7, 0x62, 0xA3, 0xE7, 0x62, 0xA3, 0xE7, 0x62, 0xA3, 0xE7, 0x62, 0xA3, 0xE7, 0x62, 0xA3, 0xE7, 0x62, 0xA3, 0xE7, 0x62, 0xA3, 0xE7, 0x62, 0xA3, 0xE7, 
        0x62, 0xA3, 0xE7, 0x62, 0xA3, 0xE7, 0x62, 0xA3, 0xE7, 0x62, 0xA3, 0xE7, 0x62, 0xA3, 0xE7, 0x62, 0xA3, 0xE7, 0x62, 0xA3, 0xE7, 0x62, 0xA3, 0xE7, 0x62, 0xA3, 0xE7, 0x62, 0xA3, 0xE7, 0x62, 0xA3, 0xE7, 0x62, 0xA3, 0xE7, 0x62, 0xA3, 0xE7, 
        0x62, 0xA3, 0xE7, 0x62, 0xA3, 0xE7, 0x62, 0xA3, 0xE7, 0x62, 0xA3, 0xE7, 0x62, 0xA3, 0xE7, 0x62, 0xA3, 0xE7, 0x62, 0xA3, 0xE7, 0x62, 0xA3, 0xE7, 0x62, 0xA3, 0xE7, 0x62, 0xA3, 0xE7, 0x62, 0xA3, 0xE7, 0x62, 0xA3, 0xE7, 0x62, 0xA3, 0xE7, 
        0x62, 0xA3, 0xE7, 0x62, 0xA3, 0xE7, 0x62, 0xA3, 0xE7, 0x62, 0xA3, 0xE7, 0x62, 0xA3, 0xE7, 0x62, 0xA3, 0xE7, 0x62, 0xA3, 0xE7, 0x62, 0xA3, 0xE7, 0x62, 0xA3, 0xE7, 0x62, 0xA3, 0xE7, 0x62, 0xA3, 0xE7, 0x62, 0xA3, 0xE7, 0x62, 0xA3, 0xE7, 
        0x62, 0xA3, 0xE7, 0x62, 0xA3, 0xE7, 0x62, 0xA3, 0xE7, 0x62, 0xA3, 0xE7, 0x62, 0xA3, 0xE7, 0x62, 0xA3, 0xE7, 0x62, 0xA3, 0xE7, 0x62, 0xA3, 0xE7, 0x62, 0xA3, 0xE7, 0x62, 0xA3, 0xE7, 0x62, 0xA3, 0xE7, 0x62, 0xA3, 0xE7, 0x62, 0xA3, 0xE7, 
        0x62, 0xA3, 0xE7, 0x62, 0xA3, 0xE7, 0x62, 0xA3, 0xE7, 0x62, 0xA3, 0xE7, 0x62, 0xA3, 0xE7, 0x62, 0xA3, 0xE7, 0x62, 0xA3, 0xE7, 0x62, 0xA3, 0xE7, 0x62, 0xA3, 0xE7, 0x62, 0xA3, 0xE7, 0x62, 0xA3, 0xE7, 0x62, 0xA3, 0xE7, 0x62, 0xA3, 0xE7, 
        0x62, 0xA3, 0xE7, 0x62, 0xA3, 0xE7, 0x62, 0xA3, 0xE7, 0x62, 0xA3, 0xE7, 0x62, 0xA3, 0xE7, 0x62, 0xA3, 0xE7, 0x62, 0xA3, 0xE7, 0x62, 0xA3, 0xE7, 0x62, 0xA3, 0xE7, 0x62, 0xA3, 0xE7, 0x62, 0xA3, 0xE7, 0x62, 0xA3, 0xE7, 0x62, 0xA3, 0xE7, 
        0x62, 0xA3, 0xE7, 0x62, 0xA3, 0xE7, 0x62, 0xA3, 0xE7, 0x62, 0xA3, 0xE7, 0x62, 0xA3, 0xE7, 0x62, 0xA3, 0xE7, 0x62, 0xA3, 0xE7, 0x62, 0xA3, 0xE7, 0x62, 0xA3, 0xE7, 0x62, 0xA3, 0xE7, 0x62, 0xA3, 0xE7, 0x62, 0xA3, 0xE7, 0x62, 0xA3, 0xE7, 
        0x62, 0xA3, 0xE7, 0x62, 0xA3, 0xE7, 0x62, 0xA3, 0xE7, 0x62, 0xA3, 0xE7, 0x62, 0xA3, 0xE7, 0x62, 0xA3, 0xE7, 0x62, 0xA3, 0xE7, 0x62, 0xA3, 0xE7, 0x62, 0xA3, 0xE7, 0x62, 0xA3, 0xE7, 0x62, 0xA3, 0xE7, 0x62, 0xA3, 0xE7, 0x62, 0xA3, 0xE7, 
        0x62, 0xA3, 0xE7, 0x62, 0xA3, 0xE7, 0x62, 0xA3, 0xE7, 0x62, 0xA3, 0xE7, 0x62, 0xA3, 0xE7, 0x62, 0xA3, 0xE7, 0x62, 0xA3, 0xE7, 0x62, 0xA3, 0xE7, 0x62, 0xA3, 0xE7, 0x62, 0xA3, 0xE7, 0x62, 0xA3, 0xE7, 0x62, 0xA3, 0xE7, 0x62, 0xA3, 0xE7, 
        0x62, 0xA3, 0xE7, 0x62, 0xA3, 0xE7, 0x62, 0xA3, 0xE7, 0x62, 0xA3, 0xE7, 0x62, 0xA3, 0xE7, 0x62, 0xA3, 0xE7, 0x62, 0xA3, 0xE7, 0x62, 0xA3, 0xE7, 0x62, 0xA3, 0xE7, 0x62, 0xA3, 0xE7, 0x62, 0xA3, 0xE7, 0x62, 0xA3, 0xE7, 0x62, 0xA3, 0xE7, 
        0x62, 0xA3, 0xE7, 0x62, 0xA3, 0xE7, 0x62, 0xA3, 0xE7, 0x62, 0xA3, 0xE7, 0x62, 0xA3, 0xE7, 0x62, 0xA3, 0xE7, 0x62, 0xA3, 0xE7, 0x62, 0xA3, 0xE7, 0x62, 0xA3, 0xE7, 0x62, 0xA3, 0xE7, 0x62, 0xA3, 0xE7, 0x62, 0xA3, 0xE7, 0x62, 0xA3, 0xE7, 
        0x62, 0xA3, 0xE7, 0x62, 0xA3, 0xE7, 0x62, 0xA3, 0xE7, 0x62, 0xA3, 0xE7, 0x62, 0xA3, 0xE7, 0x62, 0xA3, 0xE7, 0x62, 0xA3, 0xE7, 0x62, 0xA3, 0xE7, 0x62, 0xA3, 0xE7, 0x62, 0xA3, 0xE7, 0x62, 0xA3, 0xE7, 0x62, 0xA3, 0xE7, 0x62, 0xA3, 0xE7, 
        0x62, 0xA3, 0xE7, 0x62, 0xA3, 0xE7, 0x62, 0xA3, 0xE7, 0x62, 0xA3, 0xE7, 0x62, 0xA3, 0xE7, 0x62, 0xA3, 0xE7, 0x62, 0xA3, 0xE7, 0x62, 0xA3, 0xE7, 0x62, 0xA3, 0xE7, 0x62, 0xA3, 0xE7, 0x62, 0xA3, 0xE7, 0x62, 0xA3, 0xE7, 0x62, 0xA3, 0xE7, 
        0x62, 0xA3, 0xE7, 0x62, 0xA3, 0xE7, 0x62, 0xA3, 0xE7, 0x62, 0xA3, 0xE7, 0x62, 0xA3, 0xE7, 0x62, 0xA3, 0xE7, 0x62, 0xA3, 0xE7, 0x62, 0xA3, 0xE7, 0x62, 0xA3, 0xE7, 0x62, 0xA3, 0xE7, 0x62, 0xA3, 0xE7, 0x62, 0xA3, 0xE7, 0x62, 0xA3, 0xE7, 
        0x76, 0xAF, 0xEA, 0xEE, 0xF5, 0xFC, 0xFF, 0xFF, 0xFF, 0xFF, 0xFF, 0xFF, 0xFF, 0xFF, 0xFF, 0xFF, 0xFF, 0xFF, 0xFF, 0xFF, 0xFF,
  0x62, 0xA3, 0xE7, 0x62, 0xA3, 0xE7, 0x62, 0xA3, 0xE7, 0x62, 0xA3, 0xE7, 0x62, 0xA3, 0xE7, 0x62, 0xA3, 0xE7, 0x62, 0xA3, 0xE7, 0x62, 0xA3, 0xE7, 0x62, 0xA3, 0xE7, 0x62, 0xA3, 0xE7, 0x62, 0xA3, 0xE7, 0x62, 0xA3, 0xE7, 0x62, 0xA3, 0xE7, 0x62, 0xA3, 0xE7, 
        0x62, 0xA3, 0xE7, 0x62, 0xA3, 0xE7, 0x62, 0xA3, 0xE7, 0x62, 0xA3, 0xE7, 0x62, 0xA3, 0xE7, 0x62, 0xA3, 0xE7, 0x62, 0xA3, 0xE7, 0x62, 0xA3, 0xE7, 0x62, 0xA3, 0xE7, 0x62, 0xA3, 0xE7, 0x62, 0xA3, 0xE7, 0x62, 0xA3, 0xE7, 0x62, 0xA3, 0xE7, 
        0x62, 0xA3, 0xE7, 0x62, 0xA3, 0xE7, 0x62, 0xA3, 0xE7, 0x62, 0xA3, 0xE7, 0x62, 0xA3, 0xE7, 0x62, 0xA3, 0xE7, 0x62, 0xA3, 0xE7, 0x62, 0xA3, 0xE7, 0x62, 0xA3, 0xE7, 0x62, 0xA3, 0xE7, 0x62, 0xA3, 0xE7, 0x62, 0xA3, 0xE7, 0x62, 0xA3, 0xE7, 
        0x62, 0xA3, 0xE7, 0x62, 0xA3, 0xE7, 0x62, 0xA3, 0xE7, 0x62, 0xA3, 0xE7, 0x62, 0xA3, 0xE7, 0x62, 0xA3, 0xE7, 0x62, 0xA3, 0xE7, 0x62, 0xA3, 0xE7, 0x62, 0xA3, 0xE7, 0x62, 0xA3, 0xE7, 0x62, 0xA3, 0xE7, 0x62, 0xA3, 0xE7, 0x62, 0xA3, 0xE7, 
        0x62, 0xA3, 0xE7, 0x62, 0xA3, 0xE7, 0x62, 0xA3, 0xE7, 0x62, 0xA3, 0xE7, 0x62, 0xA3, 0xE7, 0x62, 0xA3, 0xE7, 0x62, 0xA3, 0xE7, 0x62, 0xA3, 0xE7, 0x62, 0xA3, 0xE7, 0x62, 0xA3, 0xE7, 0x62, 0xA3, 0xE7, 0x62, 0xA3, 0xE7, 0x62, 0xA3, 0xE7, 
        0x62, 0xA3, 0xE7, 0x62, 0xA3, 0xE7, 0x62, 0xA3, 0xE7, 0x62, 0xA3, 0xE7, 0x62, 0xA3, 0xE7, 0x62, 0xA3, 0xE7, 0x62, 0xA3, 0xE7, 0x62, 0xA3, 0xE7, 0x62, 0xA3, 0xE7, 0x62, 0xA3, 0xE7, 0x62, 0xA3, 0xE7, 0x62, 0xA3, 0xE7, 0x62, 0xA3, 0xE7, 
        0x62, 0xA3, 0xE7, 0x62, 0xA3, 0xE7, 0x62, 0xA3, 0xE7, 0x62, 0xA3, 0xE7, 0x62, 0xA3, 0xE7, 0x62, 0xA3, 0xE7, 0x62, 0xA3, 0xE7, 0x62, 0xA3, 0xE7, 0x62, 0xA3, 0xE7, 0x62, 0xA3, 0xE7, 0x62, 0xA3, 0xE7, 0x62, 0xA3, 0xE7, 0x62, 0xA3, 0xE7, 
        0x62, 0xA3, 0xE7, 0x62, 0xA3, 0xE7, 0x62, 0xA3, 0xE7, 0x62, 0xA3, 0xE7, 0x62, 0xA3, 0xE7, 0x62, 0xA3, 0xE7, 0x62, 0xA3, 0xE7, 0x62, 0xA3, 0xE7, 0x62, 0xA3, 0xE7, 0x62, 0xA3, 0xE7, 0x62, 0xA3, 0xE7, 0x62, 0xA3, 0xE7, 0x62, 0xA3, 0xE7, 
        0x62, 0xA3, 0xE7, 0x62, 0xA3, 0xE7, 0x62, 0xA3, 0xE7, 0x62, 0xA3, 0xE7, 0x62, 0xA3, 0xE7, 0x62, 0xA3, 0xE7, 0x62, 0xA3, 0xE7, 0x62, 0xA3, 0xE7, 0x62, 0xA3, 0xE7, 0x62, 0xA3, 0xE7, 0x62, 0xA3, 0xE7, 0x62, 0xA3, 0xE7, 0x62, 0xA3, 0xE7, 
        0x62, 0xA3, 0xE7, 0x62, 0xA3, 0xE7, 0x62, 0xA3, 0xE7, 0x62, 0xA3, 0xE7, 0x62, 0xA3, 0xE7, 0x62, 0xA3, 0xE7, 0x62, 0xA3, 0xE7, 0x62, 0xA3, 0xE7, 0x62, 0xA3, 0xE7, 0x62, 0xA3, 0xE7, 0x62, 0xA3, 0xE7, 0x62, 0xA3, 0xE7, 0x62, 0xA3, 0xE7, 
        0x62, 0xA3, 0xE7, 0x62, 0xA3, 0xE7, 0x62, 0xA3, 0xE7, 0x62, 0xA3, 0xE7, 0x62, 0xA3, 0xE7, 0x62, 0xA3, 0xE7, 0x62, 0xA3, 0xE7, 0x62, 0xA3, 0xE7, 0x62, 0xA3, 0xE7, 0x62, 0xA3, 0xE7, 0x62, 0xA3, 0xE7, 0x62, 0xA3, 0xE7, 0x62, 0xA3, 0xE7, 
        0x62, 0xA3, 0xE7, 0x62, 0xA3, 0xE7, 0x62, 0xA3, 0xE7, 0x62, 0xA3, 0xE7, 0x62, 0xA3, 0xE7, 0x62, 0xA3, 0xE7, 0x62, 0xA3, 0xE7, 0x62, 0xA3, 0xE7, 0x62, 0xA3, 0xE7, 0x62, 0xA3, 0xE7, 0x62, 0xA3, 0xE7, 0x62, 0xA3, 0xE7, 0x62, 0xA3, 0xE7, 
        0x62, 0xA3, 0xE7, 0x62, 0xA3, 0xE7, 0x62, 0xA3, 0xE7, 0x62, 0xA3, 0xE7, 0x62, 0xA3, 0xE7, 0x62, 0xA3, 0xE7, 0x62, 0xA3, 0xE7, 0x62, 0xA3, 0xE7, 0x62, 0xA3, 0xE7, 0x62, 0xA3, 0xE7, 0x62, 0xA3, 0xE7, 0x62, 0xA3, 0xE7, 0x62, 0xA3, 0xE7, 
        0x62, 0xA3, 0xE7, 0x62, 0xA3, 0xE7, 0x62, 0xA3, 0xE7, 0x62, 0xA3, 0xE7, 0x62, 0xA3, 0xE7, 0x62, 0xA3, 0xE7, 0x62, 0xA3, 0xE7, 0x62, 0xA3, 0xE7, 0x62, 0xA3, 0xE7, 0x62, 0xA3, 0xE7, 0x62, 0xA3, 0xE7, 0x62, 0xA3, 0xE7, 0x62, 0xA3, 0xE7, 
        0x62, 0xA3, 0xE7, 0x62, 0xA3, 0xE7, 0x62, 0xA3, 0xE7, 0x62, 0xA3, 0xE7, 0x62, 0xA3, 0xE7, 0x62, 0xA3, 0xE7, 0x62, 0xA3, 0xE7, 0x62, 0xA3, 0xE7, 0x62, 0xA3, 0xE7, 0x62, 0xA3, 0xE7, 0x62, 0xA3, 0xE7, 0x62, 0xA3, 0xE7, 0x62, 0xA3, 0xE7, 
        0x62, 0xA3, 0xE7, 0x62, 0xA3, 0xE7, 0x62, 0xA3, 0xE7, 0x62, 0xA3, 0xE7, 0x62, 0xA3, 0xE7, 0x62, 0xA3, 0xE7, 0x62, 0xA3, 0xE7, 0x62, 0xA3, 0xE7, 0x62, 0xA3, 0xE7, 0x62, 0xA3, 0xE7, 0x62, 0xA3, 0xE7, 0x62, 0xA3, 0xE7, 0x62, 0xA3, 0xE7, 
        0x62, 0xA3, 0xE7, 0x62, 0xA3, 0xE7, 0x62, 0xA3, 0xE7, 0x62, 0xA3, 0xE7, 0x62, 0xA3, 0xE7, 0x62, 0xA3, 0xE7, 0x62, 0xA3, 0xE7, 0x62, 0xA3, 0xE7, 0x62, 0xA3, 0xE7, 0x62, 0xA3, 0xE7, 0x62, 0xA3, 0xE7, 0x62, 0xA3, 0xE7, 0x62, 0xA3, 0xE7, 
        0x62, 0xA3, 0xE7, 0x62, 0xA3, 0xE7, 0x62, 0xA3, 0xE7, 0x62, 0xA3, 0xE7, 0x62, 0xA3, 0xE7, 0x62, 0xA3, 0xE7, 0x62, 0xA3, 0xE7, 0x62, 0xA3, 0xE7, 0x62, 0xA3, 0xE7, 0x62, 0xA3, 0xE7, 0x62, 0xA3, 0xE7, 0x62, 0xA3, 0xE7, 0x62, 0xA3, 0xE7, 
        0x62, 0xA3, 0xE7, 0x62, 0xA3, 0xE7, 0x62, 0xA3, 0xE7, 0x62, 0xA3, 0xE7, 0x62, 0xA3, 0xE7, 0x62, 0xA3, 0xE7, 0x62, 0xA3, 0xE7, 0x62, 0xA3, 0xE7, 0x62, 0xA3, 0xE7, 0x62, 0xA3, 0xE7, 0x62, 0xA3, 0xE7, 0x62, 0xA3, 0xE7, 0x62, 0xA3, 0xE7, 
        0x62, 0xA3, 0xE7, 0x62, 0xA3, 0xE7, 0x62, 0xA3, 0xE7, 0x62, 0xA3, 0xE7, 0x62, 0xA3, 0xE7, 0x62, 0xA3, 0xE7, 0x62, 0xA3, 0xE7, 0x62, 0xA3, 0xE7, 0x62, 0xA3, 0xE7, 0x62, 0xA3, 0xE7, 0x62, 0xA3, 0xE7, 0x62, 0xA3, 0xE7, 0x62, 0xA3, 0xE7, 
        0x62, 0xA3, 0xE7, 0x62, 0xA3, 0xE7, 0x62, 0xA3, 0xE7, 0x62, 0xA3, 0xE7, 0x62, 0xA3, 0xE7, 0x62, 0xA3, 0xE7, 0x62, 0xA3, 0xE7, 0x62, 0xA3, 0xE7, 0x62, 0xA3, 0xE7, 0x62, 0xA3, 0xE7, 0x62, 0xA3, 0xE7, 0x62, 0xA3, 0xE7, 0x62, 0xA3, 0xE7, 
        0x62, 0xA3, 0xE7, 0x62, 0xA3, 0xE7, 0x62, 0xA3, 0xE7, 0x62, 0xA3, 0xE7, 0x62, 0xA3, 0xE7, 0x62, 0xA3, 0xE7, 0x62, 0xA3, 0xE7, 0x62, 0xA3, 0xE7, 0x62, 0xA3, 0xE7, 0x62, 0xA3, 0xE7, 0x62, 0xA3, 0xE7, 0x62, 0xA3, 0xE7, 0x62, 0xA3, 0xE7, 
        0x62, 0xA3, 0xE7, 0x62, 0xA3, 0xE7, 0x62, 0xA3, 0xE7, 0x62, 0xA3, 0xE7, 0x62, 0xA3, 0xE7, 0x62, 0xA3, 0xE7, 0x62, 0xA3, 0xE7, 0x62, 0xA3, 0xE7, 0x62, 0xA3, 0xE7, 0x62, 0xA3, 0xE7, 0x62, 0xA3, 0xE7, 0x62, 0xA3, 0xE7, 0x62, 0xA3, 0xE7, 
        0x62, 0xA3, 0xE7, 0x62, 0xA3, 0xE7, 0x62, 0xA3, 0xE7, 0x62, 0xA3, 0xE7, 0x62, 0xA3, 0xE7, 0x62, 0xA3, 0xE7, 0x62, 0xA3, 0xE7, 0x62, 0xA3, 0xE7, 0x62, 0xA3, 0xE7, 0x62, 0xA3, 0xE7, 0x62, 0xA3, 0xE7, 0x62, 0xA3, 0xE7, 0x62, 0xA3, 0xE7, 
        0x62, 0xA3, 0xE7, 0x80, 0xB5, 0xEC, 0xF9, 0xFB, 0xFE, 0xFF, 0xFF, 0xFF, 0xFF, 0xFF, 0xFF, 0xFF, 0xFF, 0xFF, 0xFF, 0xFF, 0xFF,
  0x62, 0xA3, 0xE7, 0x62, 0xA3, 0xE7, 0x62, 0xA3, 0xE7, 0x62, 0xA3, 0xE7, 0x62, 0xA3, 0xE7, 0x62, 0xA3, 0xE7, 0x62, 0xA3, 0xE7, 0x62, 0xA3, 0xE7, 0x62, 0xA3, 0xE7, 0x62, 0xA3, 0xE7, 0x62, 0xA3, 0xE7, 0x62, 0xA3, 0xE7, 0x62, 0xA3, 0xE7, 0x62, 0xA3, 0xE7, 
        0x62, 0xA3, 0xE7, 0x62, 0xA3, 0xE7, 0x62, 0xA3, 0xE7, 0x62, 0xA3, 0xE7, 0x62, 0xA3, 0xE7, 0x62, 0xA3, 0xE7, 0x62, 0xA3, 0xE7, 0x62, 0xA3, 0xE7, 0x62, 0xA3, 0xE7, 0x62, 0xA3, 0xE7, 0x62, 0xA3, 0xE7, 0x62, 0xA3, 0xE7, 0x62, 0xA3, 0xE7, 
        0x62, 0xA3, 0xE7, 0x62, 0xA3, 0xE7, 0x62, 0xA3, 0xE7, 0x62, 0xA3, 0xE7, 0x62, 0xA3, 0xE7, 0x62, 0xA3, 0xE7, 0x62, 0xA3, 0xE7, 0x62, 0xA3, 0xE7, 0x62, 0xA3, 0xE7, 0x62, 0xA3, 0xE7, 0x62, 0xA3, 0xE7, 0x62, 0xA3, 0xE7, 0x62, 0xA3, 0xE7, 
        0x62, 0xA3, 0xE7, 0x62, 0xA3, 0xE7, 0x62, 0xA3, 0xE7, 0x62, 0xA3, 0xE7, 0x62, 0xA3, 0xE7, 0x62, 0xA3, 0xE7, 0x62, 0xA3, 0xE7, 0x62, 0xA3, 0xE7, 0x62, 0xA3, 0xE7, 0x62, 0xA3, 0xE7, 0x62, 0xA3, 0xE7, 0x62, 0xA3, 0xE7, 0x62, 0xA3, 0xE7, 
        0x62, 0xA3, 0xE7, 0x62, 0xA3, 0xE7, 0x62, 0xA3, 0xE7, 0x62, 0xA3, 0xE7, 0x62, 0xA3, 0xE7, 0x62, 0xA3, 0xE7, 0x62, 0xA3, 0xE7, 0x62, 0xA3, 0xE7, 0x62, 0xA3, 0xE7, 0x62, 0xA3, 0xE7, 0x62, 0xA3, 0xE7, 0x62, 0xA3, 0xE7, 0x62, 0xA3, 0xE7, 
        0x62, 0xA3, 0xE7, 0x62, 0xA3, 0xE7, 0x62, 0xA3, 0xE7, 0x62, 0xA3, 0xE7, 0x62, 0xA3, 0xE7, 0x62, 0xA3, 0xE7, 0x62, 0xA3, 0xE7, 0x62, 0xA3, 0xE7, 0x62, 0xA3, 0xE7, 0x62, 0xA3, 0xE7, 0x62, 0xA3, 0xE7, 0x62, 0xA3, 0xE7, 0x62, 0xA3, 0xE7, 
        0x62, 0xA3, 0xE7, 0x62, 0xA3, 0xE7, 0x62, 0xA3, 0xE7, 0x62, 0xA3, 0xE7, 0x62, 0xA3, 0xE7, 0x62, 0xA3, 0xE7, 0x62, 0xA3, 0xE7, 0x62, 0xA3, 0xE7, 0x62, 0xA3, 0xE7, 0x62, 0xA3, 0xE7, 0x62, 0xA3, 0xE7, 0x62, 0xA3, 0xE7, 0x62, 0xA3, 0xE7, 
        0x62, 0xA3, 0xE7, 0x62, 0xA3, 0xE7, 0x62, 0xA3, 0xE7, 0x62, 0xA3, 0xE7, 0x62, 0xA3, 0xE7, 0x62, 0xA3, 0xE7, 0x62, 0xA3, 0xE7, 0x62, 0xA3, 0xE7, 0x62, 0xA3, 0xE7, 0x62, 0xA3, 0xE7, 0x62, 0xA3, 0xE7, 0x62, 0xA3, 0xE7, 0x62, 0xA3, 0xE7, 
        0x62, 0xA3, 0xE7, 0x62, 0xA3, 0xE7, 0x62, 0xA3, 0xE7, 0x62, 0xA3, 0xE7, 0x62, 0xA3, 0xE7, 0x62, 0xA3, 0xE7, 0x62, 0xA3, 0xE7, 0x62, 0xA3, 0xE7, 0x62, 0xA3, 0xE7, 0x62, 0xA3, 0xE7, 0x62, 0xA3, 0xE7, 0x62, 0xA3, 0xE7, 0x62, 0xA3, 0xE7, 
        0x62, 0xA3, 0xE7, 0x62, 0xA3, 0xE7, 0x62, 0xA3, 0xE7, 0x62, 0xA3, 0xE7, 0x62, 0xA3, 0xE7, 0x62, 0xA3, 0xE7, 0x62, 0xA3, 0xE7, 0x62, 0xA3, 0xE7, 0x62, 0xA3, 0xE7, 0x62, 0xA3, 0xE7, 0x62, 0xA3, 0xE7, 0x62, 0xA3, 0xE7, 0x62, 0xA3, 0xE7, 
        0x62, 0xA3, 0xE7, 0x62, 0xA3, 0xE7, 0x62, 0xA3, 0xE7, 0x62, 0xA3, 0xE7, 0x62, 0xA3, 0xE7, 0x62, 0xA3, 0xE7, 0x62, 0xA3, 0xE7, 0x62, 0xA3, 0xE7, 0x62, 0xA3, 0xE7, 0x62, 0xA3, 0xE7, 0x62, 0xA3, 0xE7, 0x62, 0xA3, 0xE7, 0x62, 0xA3, 0xE7, 
        0x62, 0xA3, 0xE7, 0x62, 0xA3, 0xE7, 0x62, 0xA3, 0xE7, 0x62, 0xA3, 0xE7, 0x62, 0xA3, 0xE7, 0x62, 0xA3, 0xE7, 0x62, 0xA3, 0xE7, 0x62, 0xA3, 0xE7, 0x62, 0xA3, 0xE7, 0x62, 0xA3, 0xE7, 0x62, 0xA3, 0xE7, 0x62, 0xA3, 0xE7, 0x62, 0xA3, 0xE7, 
        0x62, 0xA3, 0xE7, 0x62, 0xA3, 0xE7, 0x62, 0xA3, 0xE7, 0x62, 0xA3, 0xE7, 0x62, 0xA3, 0xE7, 0x62, 0xA3, 0xE7, 0x62, 0xA3, 0xE7, 0x62, 0xA3, 0xE7, 0x62, 0xA3, 0xE7, 0x62, 0xA3, 0xE7, 0x62, 0xA3, 0xE7, 0x62, 0xA3, 0xE7, 0x62, 0xA3, 0xE7, 
        0x62, 0xA3, 0xE7, 0x62, 0xA3, 0xE7, 0x62, 0xA3, 0xE7, 0x62, 0xA3, 0xE7, 0x62, 0xA3, 0xE7, 0x62, 0xA3, 0xE7, 0x62, 0xA3, 0xE7, 0x62, 0xA3, 0xE7, 0x62, 0xA3, 0xE7, 0x62, 0xA3, 0xE7, 0x62, 0xA3, 0xE7, 0x62, 0xA3, 0xE7, 0x62, 0xA3, 0xE7, 
        0x62, 0xA3, 0xE7, 0x62, 0xA3, 0xE7, 0x62, 0xA3, 0xE7, 0x62, 0xA3, 0xE7, 0x62, 0xA3, 0xE7, 0x62, 0xA3, 0xE7, 0x62, 0xA3, 0xE7, 0x62, 0xA3, 0xE7, 0x62, 0xA3, 0xE7, 0x62, 0xA3, 0xE7, 0x62, 0xA3, 0xE7, 0x62, 0xA3, 0xE7, 0x62, 0xA3, 0xE7, 
        0x62, 0xA3, 0xE7, 0x62, 0xA3, 0xE7, 0x62, 0xA3, 0xE7, 0x62, 0xA3, 0xE7, 0x62, 0xA3, 0xE7, 0x62, 0xA3, 0xE7, 0x62, 0xA3, 0xE7, 0x62, 0xA3, 0xE7, 0x62, 0xA3, 0xE7, 0x62, 0xA3, 0xE7, 0x62, 0xA3, 0xE7, 0x62, 0xA3, 0xE7, 0x62, 0xA3, 0xE7, 
        0x62, 0xA3, 0xE7, 0x62, 0xA3, 0xE7, 0x62, 0xA3, 0xE7, 0x62, 0xA3, 0xE7, 0x62, 0xA3, 0xE7, 0x62, 0xA3, 0xE7, 0x62, 0xA3, 0xE7, 0x62, 0xA3, 0xE7, 0x62, 0xA3, 0xE7, 0x62, 0xA3, 0xE7, 0x62, 0xA3, 0xE7, 0x62, 0xA3, 0xE7, 0x62, 0xA3, 0xE7, 
        0x62, 0xA3, 0xE7, 0x62, 0xA3, 0xE7, 0x62, 0xA3, 0xE7, 0x62, 0xA3, 0xE7, 0x62, 0xA3, 0xE7, 0x62, 0xA3, 0xE7, 0x62, 0xA3, 0xE7, 0x62, 0xA3, 0xE7, 0x62, 0xA3, 0xE7, 0x62, 0xA3, 0xE7, 0x62, 0xA3, 0xE7, 0x62, 0xA3, 0xE7, 0x62, 0xA3, 0xE7, 
        0x62, 0xA3, 0xE7, 0x62, 0xA3, 0xE7, 0x62, 0xA3, 0xE7, 0x62, 0xA3, 0xE7, 0x62, 0xA3, 0xE7, 0x62, 0xA3, 0xE7, 0x62, 0xA3, 0xE7, 0x62, 0xA3, 0xE7, 0x62, 0xA3, 0xE7, 0x62, 0xA3, 0xE7, 0x62, 0xA3, 0xE7, 0x62, 0xA3, 0xE7, 0x62, 0xA3, 0xE7, 
        0x62, 0xA3, 0xE7, 0x62, 0xA3, 0xE7, 0x62, 0xA3, 0xE7, 0x62, 0xA3, 0xE7, 0x62, 0xA3, 0xE7, 0x62, 0xA3, 0xE7, 0x62, 0xA3, 0xE7, 0x62, 0xA3, 0xE7, 0x62, 0xA3, 0xE7, 0x62, 0xA3, 0xE7, 0x62, 0xA3, 0xE7, 0x62, 0xA3, 0xE7, 0x62, 0xA3, 0xE7, 
        0x62, 0xA3, 0xE7, 0x62, 0xA3, 0xE7, 0x62, 0xA3, 0xE7, 0x62, 0xA3, 0xE7, 0x62, 0xA3, 0xE7, 0x62, 0xA3, 0xE7, 0x62, 0xA3, 0xE7, 0x62, 0xA3, 0xE7, 0x62, 0xA3, 0xE7, 0x62, 0xA3, 0xE7, 0x62, 0xA3, 0xE7, 0x62, 0xA3, 0xE7, 0x62, 0xA3, 0xE7, 
        0x62, 0xA3, 0xE7, 0x62, 0xA3, 0xE7, 0x62, 0xA3, 0xE7, 0x62, 0xA3, 0xE7, 0x62, 0xA3, 0xE7, 0x62, 0xA3, 0xE7, 0x62, 0xA3, 0xE7, 0x62, 0xA3, 0xE7, 0x62, 0xA3, 0xE7, 0x62, 0xA3, 0xE7, 0x62, 0xA3, 0xE7, 0x62, 0xA3, 0xE7, 0x62, 0xA3, 0xE7, 
        0x62, 0xA3, 0xE7, 0x62, 0xA3, 0xE7, 0x62, 0xA3, 0xE7, 0x62, 0xA3, 0xE7, 0x62, 0xA3, 0xE7, 0x62, 0xA3, 0xE7, 0x62, 0xA3, 0xE7, 0x62, 0xA3, 0xE7, 0x62, 0xA3, 0xE7, 0x62, 0xA3, 0xE7, 0x62, 0xA3, 0xE7, 0x62, 0xA3, 0xE7, 0x62, 0xA3, 0xE7, 
        0x62, 0xA3, 0xE7, 0x62, 0xA3, 0xE7, 0x62, 0xA3, 0xE7, 0x62, 0xA3, 0xE7, 0x62, 0xA3, 0xE7, 0x62, 0xA3, 0xE7, 0x62, 0xA3, 0xE7, 0x62, 0xA3, 0xE7, 0x62, 0xA3, 0xE7, 0x62, 0xA3, 0xE7, 0x62, 0xA3, 0xE7, 0x62, 0xA3, 0xE7, 0x62, 0xA3, 0xE7, 
        0x62, 0xA3, 0xE7, 0x62, 0xA3, 0xE7, 0xA0, 0xC7, 0xF0, 0xFF, 0xFF, 0xFF, 0xFF, 0xFF, 0xFF, 0xFF, 0xFF, 0xFF, 0xFF, 0xFF, 0xFF,
  0x62, 0xA3, 0xE7, 0x62, 0xA3, 0xE7, 0x62, 0xA3, 0xE7, 0x62, 0xA3, 0xE7, 0x62, 0xA3, 0xE7, 0x62, 0xA3, 0xE7, 0x62, 0xA3, 0xE7, 0x62, 0xA3, 0xE7, 0x62, 0xA3, 0xE7, 0x62, 0xA3, 0xE7, 0x62, 0xA3, 0xE7, 0x62, 0xA3, 0xE7, 0x62, 0xA3, 0xE7, 0x62, 0xA3, 0xE7, 
        0x62, 0xA3, 0xE7, 0x62, 0xA3, 0xE7, 0x62, 0xA3, 0xE7, 0x62, 0xA3, 0xE7, 0x62, 0xA3, 0xE7, 0x62, 0xA3, 0xE7, 0x62, 0xA3, 0xE7, 0x62, 0xA3, 0xE7, 0x62, 0xA3, 0xE7, 0x62, 0xA3, 0xE7, 0x62, 0xA3, 0xE7, 0x62, 0xA3, 0xE7, 0x62, 0xA3, 0xE7, 
        0x62, 0xA3, 0xE7, 0x62, 0xA3, 0xE7, 0x62, 0xA3, 0xE7, 0x62, 0xA3, 0xE7, 0x62, 0xA3, 0xE7, 0x62, 0xA3, 0xE7, 0x62, 0xA3, 0xE7, 0x62, 0xA3, 0xE7, 0x62, 0xA3, 0xE7, 0x62, 0xA3, 0xE7, 0x62, 0xA3, 0xE7, 0x62, 0xA3, 0xE7, 0x62, 0xA3, 0xE7, 
        0x62, 0xA3, 0xE7, 0x62, 0xA3, 0xE7, 0x62, 0xA3, 0xE7, 0x62, 0xA3, 0xE7, 0x62, 0xA3, 0xE7, 0x62, 0xA3, 0xE7, 0x62, 0xA3, 0xE7, 0x62, 0xA3, 0xE7, 0x62, 0xA3, 0xE7, 0x62, 0xA3, 0xE7, 0x62, 0xA3, 0xE7, 0x62, 0xA3, 0xE7, 0x62, 0xA3, 0xE7, 
        0x62, 0xA3, 0xE7, 0x62, 0xA3, 0xE7, 0x62, 0xA3, 0xE7, 0x62, 0xA3, 0xE7, 0x62, 0xA3, 0xE7, 0x62, 0xA3, 0xE7, 0x62, 0xA3, 0xE7, 0x62, 0xA3, 0xE7, 0x62, 0xA3, 0xE7, 0x62, 0xA3, 0xE7, 0x62, 0xA3, 0xE7, 0x62, 0xA3, 0xE7, 0x62, 0xA3, 0xE7, 
        0x62, 0xA3, 0xE7, 0x62, 0xA3, 0xE7, 0x62, 0xA3, 0xE7, 0x62, 0xA3, 0xE7, 0x62, 0xA3, 0xE7, 0x62, 0xA3, 0xE7, 0x62, 0xA3, 0xE7, 0x62, 0xA3, 0xE7, 0x62, 0xA3, 0xE7, 0x62, 0xA3, 0xE7, 0x62, 0xA3, 0xE7, 0x62, 0xA3, 0xE7, 0x62, 0xA3, 0xE7, 
        0x62, 0xA3, 0xE7, 0x62, 0xA3, 0xE7, 0x62, 0xA3, 0xE7, 0x62, 0xA3, 0xE7, 0x62, 0xA3, 0xE7, 0x62, 0xA3, 0xE7, 0x62, 0xA3, 0xE7, 0x62, 0xA3, 0xE7, 0x62, 0xA3, 0xE7, 0x62, 0xA3, 0xE7, 0x62, 0xA3, 0xE7, 0x62, 0xA3, 0xE7, 0x62, 0xA3, 0xE7, 
        0x62, 0xA3, 0xE7, 0x62, 0xA3, 0xE7, 0x62, 0xA3, 0xE7, 0x62, 0xA3, 0xE7, 0x62, 0xA3, 0xE7, 0x62, 0xA3, 0xE7, 0x62, 0xA3, 0xE7, 0x62, 0xA3, 0xE7, 0x62, 0xA3, 0xE7, 0x62, 0xA3, 0xE7, 0x62, 0xA3, 0xE7, 0x62, 0xA3, 0xE7, 0x62, 0xA3, 0xE7, 
        0x62, 0xA3, 0xE7, 0x62, 0xA3, 0xE7, 0x62, 0xA3, 0xE7, 0x62, 0xA3, 0xE7, 0x62, 0xA3, 0xE7, 0x62, 0xA3, 0xE7, 0x62, 0xA3, 0xE7, 0x62, 0xA3, 0xE7, 0x62, 0xA3, 0xE7, 0x62, 0xA3, 0xE7, 0x62, 0xA3, 0xE7, 0x62, 0xA3, 0xE7, 0x62, 0xA3, 0xE7, 
        0x62, 0xA3, 0xE7, 0x62, 0xA3, 0xE7, 0x62, 0xA3, 0xE7, 0x62, 0xA3, 0xE7, 0x62, 0xA3, 0xE7, 0x62, 0xA3, 0xE7, 0x62, 0xA3, 0xE7, 0x62, 0xA3, 0xE7, 0x62, 0xA3, 0xE7, 0x62, 0xA3, 0xE7, 0x62, 0xA3, 0xE7, 0x62, 0xA3, 0xE7, 0x62, 0xA3, 0xE7, 
        0x62, 0xA3, 0xE7, 0x62, 0xA3, 0xE7, 0x62, 0xA3, 0xE7, 0x62, 0xA3, 0xE7, 0x62, 0xA3, 0xE7, 0x62, 0xA3, 0xE7, 0x62, 0xA3, 0xE7, 0x62, 0xA3, 0xE7, 0x62, 0xA3, 0xE7, 0x62, 0xA3, 0xE7, 0x62, 0xA3, 0xE7, 0x62, 0xA3, 0xE7, 0x62, 0xA3, 0xE7, 
        0x62, 0xA3, 0xE7, 0x62, 0xA3, 0xE7, 0x62, 0xA3, 0xE7, 0x62, 0xA3, 0xE7, 0x62, 0xA3, 0xE7, 0x62, 0xA3, 0xE7, 0x62, 0xA3, 0xE7, 0x62, 0xA3, 0xE7, 0x62, 0xA3, 0xE7, 0x62, 0xA3, 0xE7, 0x62, 0xA3, 0xE7, 0x62, 0xA3, 0xE7, 0x62, 0xA3, 0xE7, 
        0x62, 0xA3, 0xE7, 0x62, 0xA3, 0xE7, 0x62, 0xA3, 0xE7, 0x62, 0xA3, 0xE7, 0x62, 0xA3, 0xE7, 0x62, 0xA3, 0xE7, 0x62, 0xA3, 0xE7, 0x62, 0xA3, 0xE7, 0x62, 0xA3, 0xE7, 0x62, 0xA3, 0xE7, 0x62, 0xA3, 0xE7, 0x62, 0xA3, 0xE7, 0x62, 0xA3, 0xE7, 
        0x62, 0xA3, 0xE7, 0x62, 0xA3, 0xE7, 0x62, 0xA3, 0xE7, 0x62, 0xA3, 0xE7, 0x62, 0xA3, 0xE7, 0x62, 0xA3, 0xE7, 0x62, 0xA3, 0xE7, 0x62, 0xA3, 0xE7, 0x62, 0xA3, 0xE7, 0x62, 0xA3, 0xE7, 0x62, 0xA3, 0xE7, 0x62, 0xA3, 0xE7, 0x62, 0xA3, 0xE7, 
        0x62, 0xA3, 0xE7, 0x62, 0xA3, 0xE7, 0x62, 0xA3, 0xE7, 0x62, 0xA3, 0xE7, 0x62, 0xA3, 0xE7, 0x62, 0xA3, 0xE7, 0x62, 0xA3, 0xE7, 0x62, 0xA3, 0xE7, 0x62, 0xA3, 0xE7, 0x62, 0xA3, 0xE7, 0x62, 0xA3, 0xE7, 0x62, 0xA3, 0xE7, 0x62, 0xA3, 0xE7, 
        0x62, 0xA3, 0xE7, 0x62, 0xA3, 0xE7, 0x62, 0xA3, 0xE7, 0x62, 0xA3, 0xE7, 0x62, 0xA3, 0xE7, 0x62, 0xA3, 0xE7, 0x62, 0xA3, 0xE7, 0x62, 0xA3, 0xE7, 0x62, 0xA3, 0xE7, 0x62, 0xA3, 0xE7, 0x62, 0xA3, 0xE7, 0x62, 0xA3, 0xE7, 0x62, 0xA3, 0xE7, 
        0x62, 0xA3, 0xE7, 0x62, 0xA3, 0xE7, 0x62, 0xA3, 0xE7, 0x62, 0xA3, 0xE7, 0x62, 0xA3, 0xE7, 0x62, 0xA3, 0xE7, 0x62, 0xA3, 0xE7, 0x62, 0xA3, 0xE7, 0x62, 0xA3, 0xE7, 0x62, 0xA3, 0xE7, 0x62, 0xA3, 0xE7, 0x62, 0xA3, 0xE7, 0x62, 0xA3, 0xE7, 
        0x62, 0xA3, 0xE7, 0x62, 0xA3, 0xE7, 0x62, 0xA3, 0xE7, 0x62, 0xA3, 0xE7, 0x62, 0xA3, 0xE7, 0x62, 0xA3, 0xE7, 0x62, 0xA3, 0xE7, 0x62, 0xA3, 0xE7, 0x62, 0xA3, 0xE7, 0x62, 0xA3, 0xE7, 0x62, 0xA3, 0xE7, 0x62, 0xA3, 0xE7, 0x62, 0xA3, 0xE7, 
        0x62, 0xA3, 0xE7, 0x62, 0xA3, 0xE7, 0x62, 0xA3, 0xE7, 0x62, 0xA3, 0xE7, 0x62, 0xA3, 0xE7, 0x62, 0xA3, 0xE7, 0x62, 0xA3, 0xE7, 0x62, 0xA3, 0xE7, 0x62, 0xA3, 0xE7, 0x62, 0xA3, 0xE7, 0x62, 0xA3, 0xE7, 0x62, 0xA3, 0xE7, 0x62, 0xA3, 0xE7, 
        0x62, 0xA3, 0xE7, 0x62, 0xA3, 0xE7, 0x62, 0xA3, 0xE7, 0x62, 0xA3, 0xE7, 0x62, 0xA3, 0xE7, 0x62, 0xA3, 0xE7, 0x62, 0xA3, 0xE7, 0x62, 0xA3, 0xE7, 0x62, 0xA3, 0xE7, 0x62, 0xA3, 0xE7, 0x62, 0xA3, 0xE7, 0x62, 0xA3, 0xE7, 0x62, 0xA3, 0xE7, 
        0x62, 0xA3, 0xE7, 0x62, 0xA3, 0xE7, 0x62, 0xA3, 0xE7, 0x62, 0xA3, 0xE7, 0x62, 0xA3, 0xE7, 0x62, 0xA3, 0xE7, 0x62, 0xA3, 0xE7, 0x62, 0xA3, 0xE7, 0x62, 0xA3, 0xE7, 0x62, 0xA3, 0xE7, 0x62, 0xA3, 0xE7, 0x62, 0xA3, 0xE7, 0x62, 0xA3, 0xE7, 
        0x62, 0xA3, 0xE7, 0x62, 0xA3, 0xE7, 0x62, 0xA3, 0xE7, 0x62, 0xA3, 0xE7, 0x62, 0xA3, 0xE7, 0x62, 0xA3, 0xE7, 0x62, 0xA3, 0xE7, 0x62, 0xA3, 0xE7, 0x62, 0xA3, 0xE7, 0x62, 0xA3, 0xE7, 0x62, 0xA3, 0xE7, 0x62, 0xA3, 0xE7, 0x62, 0xA3, 0xE7, 
        0x62, 0xA3, 0xE7, 0x62, 0xA3, 0xE7, 0x62, 0xA3, 0xE7, 0x62, 0xA3, 0xE7, 0x62, 0xA3, 0xE7, 0x62, 0xA3, 0xE7, 0x62, 0xA3, 0xE7, 0x62, 0xA3, 0xE7, 0x62, 0xA3, 0xE7, 0x62, 0xA3, 0xE7, 0x62, 0xA3, 0xE7, 0x62, 0xA3, 0xE7, 0x62, 0xA3, 0xE7, 
        0x62, 0xA3, 0xE7, 0x62, 0xA3, 0xE7, 0x62, 0xA3, 0xE7, 0x62, 0xA3, 0xE7, 0x62, 0xA3, 0xE7, 0x62, 0xA3, 0xE7, 0x62, 0xA3, 0xE7, 0x62, 0xA3, 0xE7, 0x62, 0xA3, 0xE7, 0x62, 0xA3, 0xE7, 0x62, 0xA3, 0xE7, 0x62, 0xA3, 0xE7, 0x62, 0xA3, 0xE7, 
        0x62, 0xA3, 0xE7, 0x62, 0xA3, 0xE7, 0x62, 0xA3, 0xE7, 0xD1, 0xE4, 0xF8, 0xFF, 0xFF, 0xFF, 0xFF, 0xFF, 0xFF, 0xFF, 0xFF, 0xFF,
  0x62, 0xA3, 0xE7, 0x62, 0xA3, 0xE7, 0x62, 0xA3, 0xE7, 0x62, 0xA3, 0xE7, 0x62, 0xA3, 0xE7, 0x62, 0xA3, 0xE7, 0x62, 0xA3, 0xE7, 0x62, 0xA3, 0xE7, 0x62, 0xA3, 0xE7, 0x62, 0xA3, 0xE7, 0x62, 0xA3, 0xE7, 0x62, 0xA3, 0xE7, 0x62, 0xA3, 0xE7, 0x62, 0xA3, 0xE7, 
        0x62, 0xA3, 0xE7, 0x62, 0xA3, 0xE7, 0x62, 0xA3, 0xE7, 0x62, 0xA3, 0xE7, 0x62, 0xA3, 0xE7, 0x62, 0xA3, 0xE7, 0x62, 0xA3, 0xE7, 0x62, 0xA3, 0xE7, 0x62, 0xA3, 0xE7, 0x62, 0xA3, 0xE7, 0x62, 0xA3, 0xE7, 0x62, 0xA3, 0xE7, 0x62, 0xA3, 0xE7, 
        0x62, 0xA3, 0xE7, 0x62, 0xA3, 0xE7, 0x62, 0xA3, 0xE7, 0x62, 0xA3, 0xE7, 0x62, 0xA3, 0xE7, 0x62, 0xA3, 0xE7, 0x62, 0xA3, 0xE7, 0x62, 0xA3, 0xE7, 0x62, 0xA3, 0xE7, 0x62, 0xA3, 0xE7, 0x62, 0xA3, 0xE7, 0x62, 0xA3, 0xE7, 0x62, 0xA3, 0xE7, 
        0x62, 0xA3, 0xE7, 0x62, 0xA3, 0xE7, 0x62, 0xA3, 0xE7, 0x62, 0xA3, 0xE7, 0x62, 0xA3, 0xE7, 0x62, 0xA3, 0xE7, 0x62, 0xA3, 0xE7, 0x62, 0xA3, 0xE7, 0x62, 0xA3, 0xE7, 0x62, 0xA3, 0xE7, 0x62, 0xA3, 0xE7, 0x62, 0xA3, 0xE7, 0x62, 0xA3, 0xE7, 
        0x62, 0xA3, 0xE7, 0x62, 0xA3, 0xE7, 0x62, 0xA3, 0xE7, 0x62, 0xA3, 0xE7, 0x62, 0xA3, 0xE7, 0x62, 0xA3, 0xE7, 0x62, 0xA3, 0xE7, 0x62, 0xA3, 0xE7, 0x62, 0xA3, 0xE7, 0x62, 0xA3, 0xE7, 0x62, 0xA3, 0xE7, 0x62, 0xA3, 0xE7, 0x62, 0xA3, 0xE7, 
        0x62, 0xA3, 0xE7, 0x62, 0xA3, 0xE7, 0x62, 0xA3, 0xE7, 0x62, 0xA3, 0xE7, 0x62, 0xA3, 0xE7, 0x62, 0xA3, 0xE7, 0x62, 0xA3, 0xE7, 0x62, 0xA3, 0xE7, 0x62, 0xA3, 0xE7, 0x62, 0xA3, 0xE7, 0x62, 0xA3, 0xE7, 0x62, 0xA3, 0xE7, 0x62, 0xA3, 0xE7, 
        0x62, 0xA3, 0xE7, 0x62, 0xA3, 0xE7, 0x62, 0xA3, 0xE7, 0x62, 0xA3, 0xE7, 0x62, 0xA3, 0xE7, 0x62, 0xA3, 0xE7, 0x62, 0xA3, 0xE7, 0x62, 0xA3, 0xE7, 0x62, 0xA3, 0xE7, 0x62, 0xA3, 0xE7, 0x62, 0xA3, 0xE7, 0x62, 0xA3, 0xE7, 0x62, 0xA3, 0xE7, 
        0x62, 0xA3, 0xE7, 0x62, 0xA3, 0xE7, 0x62, 0xA3, 0xE7, 0x62, 0xA3, 0xE7, 0x62, 0xA3, 0xE7, 0x62, 0xA3, 0xE7, 0x62, 0xA3, 0xE7, 0x62, 0xA3, 0xE7, 0x62, 0xA3, 0xE7, 0x62, 0xA3, 0xE7, 0x62, 0xA3, 0xE7, 0x62, 0xA3, 0xE7, 0x62, 0xA3, 0xE7, 
        0x62, 0xA3, 0xE7, 0x62, 0xA3, 0xE7, 0x62, 0xA3, 0xE7, 0x62, 0xA3, 0xE7, 0x62, 0xA3, 0xE7, 0x62, 0xA3, 0xE7, 0x62, 0xA3, 0xE7, 0x62, 0xA3, 0xE7, 0x62, 0xA3, 0xE7, 0x62, 0xA3, 0xE7, 0x62, 0xA3, 0xE7, 0x62, 0xA3, 0xE7, 0x62, 0xA3, 0xE7, 
        0x62, 0xA3, 0xE7, 0x62, 0xA3, 0xE7, 0x62, 0xA3, 0xE7, 0x62, 0xA3, 0xE7, 0x62, 0xA3, 0xE7, 0x62, 0xA3, 0xE7, 0x62, 0xA3, 0xE7, 0x62, 0xA3, 0xE7, 0x62, 0xA3, 0xE7, 0x62, 0xA3, 0xE7, 0x62, 0xA3, 0xE7, 0x62, 0xA3, 0xE7, 0x62, 0xA3, 0xE7, 
        0x62, 0xA3, 0xE7, 0x62, 0xA3, 0xE7, 0x62, 0xA3, 0xE7, 0x62, 0xA3, 0xE7, 0x62, 0xA3, 0xE7, 0x62, 0xA3, 0xE7, 0x62, 0xA3, 0xE7, 0x62, 0xA3, 0xE7, 0x62, 0xA3, 0xE7, 0x62, 0xA3, 0xE7, 0x62, 0xA3, 0xE7, 0x62, 0xA3, 0xE7, 0x62, 0xA3, 0xE7, 
        0x62, 0xA3, 0xE7, 0x62, 0xA3, 0xE7, 0x62, 0xA3, 0xE7, 0x62, 0xA3, 0xE7, 0x62, 0xA3, 0xE7, 0x62, 0xA3, 0xE7, 0x62, 0xA3, 0xE7, 0x62, 0xA3, 0xE7, 0x62, 0xA3, 0xE7, 0x62, 0xA3, 0xE7, 0x62, 0xA3, 0xE7, 0x62, 0xA3, 0xE7, 0x62, 0xA3, 0xE7, 
        0x62, 0xA3, 0xE7, 0x62, 0xA3, 0xE7, 0x62, 0xA3, 0xE7, 0x62, 0xA3, 0xE7, 0x62, 0xA3, 0xE7, 0x62, 0xA3, 0xE7, 0x62, 0xA3, 0xE7, 0x62, 0xA3, 0xE7, 0x62, 0xA3, 0xE7, 0x62, 0xA3, 0xE7, 0x62, 0xA3, 0xE7, 0x62, 0xA3, 0xE7, 0x62, 0xA3, 0xE7, 
        0x62, 0xA3, 0xE7, 0x62, 0xA3, 0xE7, 0x62, 0xA3, 0xE7, 0x62, 0xA3, 0xE7, 0x62, 0xA3, 0xE7, 0x62, 0xA3, 0xE7, 0x62, 0xA3, 0xE7, 0x62, 0xA3, 0xE7, 0x62, 0xA3, 0xE7, 0x62, 0xA3, 0xE7, 0x62, 0xA3, 0xE7, 0x62, 0xA3, 0xE7, 0x62, 0xA3, 0xE7, 
        0x62, 0xA3, 0xE7, 0x62, 0xA3, 0xE7, 0x62, 0xA3, 0xE7, 0x62, 0xA3, 0xE7, 0x62, 0xA3, 0xE7, 0x62, 0xA3, 0xE7, 0x62, 0xA3, 0xE7, 0x62, 0xA3, 0xE7, 0x62, 0xA3, 0xE7, 0x62, 0xA3, 0xE7, 0x62, 0xA3, 0xE7, 0x62, 0xA3, 0xE7, 0x62, 0xA3, 0xE7, 
        0x62, 0xA3, 0xE7, 0x62, 0xA3, 0xE7, 0x62, 0xA3, 0xE7, 0x62, 0xA3, 0xE7, 0x62, 0xA3, 0xE7, 0x62, 0xA3, 0xE7, 0x62, 0xA3, 0xE7, 0x62, 0xA3, 0xE7, 0x62, 0xA3, 0xE7, 0x62, 0xA3, 0xE7, 0x62, 0xA3, 0xE7, 0x62, 0xA3, 0xE7, 0x62, 0xA3, 0xE7, 
        0x62, 0xA3, 0xE7, 0x62, 0xA3, 0xE7, 0x62, 0xA3, 0xE7, 0x62, 0xA3, 0xE7, 0x62, 0xA3, 0xE7, 0x62, 0xA3, 0xE7, 0x62, 0xA3, 0xE7, 0x62, 0xA3, 0xE7, 0x62, 0xA3, 0xE7, 0x62, 0xA3, 0xE7, 0x62, 0xA3, 0xE7, 0x62, 0xA3, 0xE7, 0x62, 0xA3, 0xE7, 
        0x62, 0xA3, 0xE7, 0x62, 0xA3, 0xE7, 0x62, 0xA3, 0xE7, 0x62, 0xA3, 0xE7, 0x62, 0xA3, 0xE7, 0x62, 0xA3, 0xE7, 0x62, 0xA3, 0xE7, 0x62, 0xA3, 0xE7, 0x62, 0xA3, 0xE7, 0x62, 0xA3, 0xE7, 0x62, 0xA3, 0xE7, 0x62, 0xA3, 0xE7, 0x62, 0xA3, 0xE7, 
        0x62, 0xA3, 0xE7, 0x62, 0xA3, 0xE7, 0x62, 0xA3, 0xE7, 0x62, 0xA3, 0xE7, 0x62, 0xA3, 0xE7, 0x62, 0xA3, 0xE7, 0x62, 0xA3, 0xE7, 0x62, 0xA3, 0xE7, 0x62, 0xA3, 0xE7, 0x62, 0xA3, 0xE7, 0x62, 0xA3, 0xE7, 0x62, 0xA3, 0xE7, 0x62, 0xA3, 0xE7, 
        0x62, 0xA3, 0xE7, 0x62, 0xA3, 0xE7, 0x62, 0xA3, 0xE7, 0x62, 0xA3, 0xE7, 0x62, 0xA3, 0xE7, 0x62, 0xA3, 0xE7, 0x62, 0xA3, 0xE7, 0x62, 0xA3, 0xE7, 0x62, 0xA3, 0xE7, 0x62, 0xA3, 0xE7, 0x62, 0xA3, 0xE7, 0x62, 0xA3, 0xE7, 0x62, 0xA3, 0xE7, 
        0x62, 0xA3, 0xE7, 0x62, 0xA3, 0xE7, 0x62, 0xA3, 0xE7, 0x62, 0xA3, 0xE7, 0x62, 0xA3, 0xE7, 0x62, 0xA3, 0xE7, 0x62, 0xA3, 0xE7, 0x62, 0xA3, 0xE7, 0x62, 0xA3, 0xE7, 0x62, 0xA3, 0xE7, 0x62, 0xA3, 0xE7, 0x62, 0xA3, 0xE7, 0x62, 0xA3, 0xE7, 
        0x62, 0xA3, 0xE7, 0x62, 0xA3, 0xE7, 0x62, 0xA3, 0xE7, 0x62, 0xA3, 0xE7, 0x62, 0xA3, 0xE7, 0x62, 0xA3, 0xE7, 0x62, 0xA3, 0xE7, 0x62, 0xA3, 0xE7, 0x62, 0xA3, 0xE7, 0x62, 0xA3, 0xE7, 0x62, 0xA3, 0xE7, 0x62, 0xA3, 0xE7, 0x62, 0xA3, 0xE7, 
        0x62, 0xA3, 0xE7, 0x62, 0xA3, 0xE7, 0x62, 0xA3, 0xE7, 0x62, 0xA3, 0xE7, 0x62, 0xA3, 0xE7, 0x62, 0xA3, 0xE7, 0x62, 0xA3, 0xE7, 0x62, 0xA3, 0xE7, 0x62, 0xA3, 0xE7, 0x62, 0xA3, 0xE7, 0x62, 0xA3, 0xE7, 0x62, 0xA3, 0xE7, 0x62, 0xA3, 0xE7, 
        0x62, 0xA3, 0xE7, 0x62, 0xA3, 0xE7, 0x62, 0xA3, 0xE7, 0x62, 0xA3, 0xE7, 0x62, 0xA3, 0xE7, 0x62, 0xA3, 0xE7, 0x62, 0xA3, 0xE7, 0x62, 0xA3, 0xE7, 0x62, 0xA3, 0xE7, 0x62, 0xA3, 0xE7, 0x62, 0xA3, 0xE7, 0x62, 0xA3, 0xE7, 0x62, 0xA3, 0xE7, 
        0x62, 0xA3, 0xE7, 0x62, 0xA3, 0xE7, 0x62, 0xA3, 0xE7, 0x77, 0xAF, 0xEA, 0xFA, 0xFC, 0xFE, 0xFF, 0xFF, 0xFF, 0xFF, 0xFF, 0xFF,
  0x62, 0xA3, 0xE7, 0x62, 0xA3, 0xE7, 0x62, 0xA3, 0xE7, 0x62, 0xA3, 0xE7, 0x62, 0xA3, 0xE7, 0x62, 0xA3, 0xE7, 0x62, 0xA3, 0xE7, 0x62, 0xA3, 0xE7, 0x62, 0xA3, 0xE7, 0x62, 0xA3, 0xE7, 0x62, 0xA3, 0xE7, 0x62, 0xA3, 0xE7, 0x62, 0xA3, 0xE7, 0x62, 0xA3, 0xE7, 
        0x62, 0xA3, 0xE7, 0x62, 0xA3, 0xE7, 0x62, 0xA3, 0xE7, 0x62, 0xA3, 0xE7, 0x62, 0xA3, 0xE7, 0x62, 0xA3, 0xE7, 0x62, 0xA3, 0xE7, 0x62, 0xA3, 0xE7, 0x62, 0xA3, 0xE7, 0x62, 0xA3, 0xE7, 0x62, 0xA3, 0xE7, 0x62, 0xA3, 0xE7, 0x62, 0xA3, 0xE7, 
        0x62, 0xA3, 0xE7, 0x62, 0xA3, 0xE7, 0x62, 0xA3, 0xE7, 0x62, 0xA3, 0xE7, 0x62, 0xA3, 0xE7, 0x62, 0xA3, 0xE7, 0x62, 0xA3, 0xE7, 0x62, 0xA3, 0xE7, 0x62, 0xA3, 0xE7, 0x62, 0xA3, 0xE7, 0x62, 0xA3, 0xE7, 0x62, 0xA3, 0xE7, 0x62, 0xA3, 0xE7, 
        0x62, 0xA3, 0xE7, 0x62, 0xA3, 0xE7, 0x62, 0xA3, 0xE7, 0x62, 0xA3, 0xE7, 0x62, 0xA3, 0xE7, 0x62, 0xA3, 0xE7, 0x62, 0xA3, 0xE7, 0x62, 0xA3, 0xE7, 0x62, 0xA3, 0xE7, 0x62, 0xA3, 0xE7, 0x62, 0xA3, 0xE7, 0x62, 0xA3, 0xE7, 0x62, 0xA3, 0xE7, 
        0x62, 0xA3, 0xE7, 0x62, 0xA3, 0xE7, 0x62, 0xA3, 0xE7, 0x62, 0xA3, 0xE7, 0x62, 0xA3, 0xE7, 0x62, 0xA3, 0xE7, 0x62, 0xA3, 0xE7, 0x62, 0xA3, 0xE7, 0x62, 0xA3, 0xE7, 0x62, 0xA3, 0xE7, 0x62, 0xA3, 0xE7, 0x62, 0xA3, 0xE7, 0x62, 0xA3, 0xE7, 
        0x62, 0xA3, 0xE7, 0x62, 0xA3, 0xE7, 0x62, 0xA3, 0xE7, 0x62, 0xA3, 0xE7, 0x62, 0xA3, 0xE7, 0x62, 0xA3, 0xE7, 0x62, 0xA3, 0xE7, 0x62, 0xA3, 0xE7, 0x62, 0xA3, 0xE7, 0x62, 0xA3, 0xE7, 0x62, 0xA3, 0xE7, 0x62, 0xA3, 0xE7, 0x62, 0xA3, 0xE7, 
        0x62, 0xA3, 0xE7, 0x62, 0xA3, 0xE7, 0x62, 0xA3, 0xE7, 0x62, 0xA3, 0xE7, 0x62, 0xA3, 0xE7, 0x62, 0xA3, 0xE7, 0x62, 0xA3, 0xE7, 0x62, 0xA3, 0xE7, 0x62, 0xA3, 0xE7, 0x62, 0xA3, 0xE7, 0x62, 0xA3, 0xE7, 0x62, 0xA3, 0xE7, 0x62, 0xA3, 0xE7, 
        0x62, 0xA3, 0xE7, 0x62, 0xA3, 0xE7, 0x62, 0xA3, 0xE7, 0x62, 0xA3, 0xE7, 0x62, 0xA3, 0xE7, 0x62, 0xA3, 0xE7, 0x62, 0xA3, 0xE7, 0x62, 0xA3, 0xE7, 0x62, 0xA3, 0xE7, 0x62, 0xA3, 0xE7, 0x62, 0xA3, 0xE7, 0x62, 0xA3, 0xE7, 0x62, 0xA3, 0xE7, 
        0x62, 0xA3, 0xE7, 0x62, 0xA3, 0xE7, 0x62, 0xA3, 0xE7, 0x62, 0xA3, 0xE7, 0x62, 0xA3, 0xE7, 0x62, 0xA3, 0xE7, 0x62, 0xA3, 0xE7, 0x62, 0xA3, 0xE7, 0x62, 0xA3, 0xE7, 0x62, 0xA3, 0xE7, 0x62, 0xA3, 0xE7, 0x62, 0xA3, 0xE7, 0x62, 0xA3, 0xE7, 
        0x62, 0xA3, 0xE7, 0x62, 0xA3, 0xE7, 0x62, 0xA3, 0xE7, 0x62, 0xA3, 0xE7, 0x62, 0xA3, 0xE7, 0x62, 0xA3, 0xE7, 0x62, 0xA3, 0xE7, 0x62, 0xA3, 0xE7, 0x62, 0xA3, 0xE7, 0x62, 0xA3, 0xE7, 0x62, 0xA3, 0xE7, 0x62, 0xA3, 0xE7, 0x62, 0xA3, 0xE7, 
        0x62, 0xA3, 0xE7, 0x62, 0xA3, 0xE7, 0x62, 0xA3, 0xE7, 0x62, 0xA3, 0xE7, 0x62, 0xA3, 0xE7, 0x62, 0xA3, 0xE7, 0x62, 0xA3, 0xE7, 0x62, 0xA3, 0xE7, 0x62, 0xA3, 0xE7, 0x62, 0xA3, 0xE7, 0x62, 0xA3, 0xE7, 0x62, 0xA3, 0xE7, 0x62, 0xA3, 0xE7, 
        0x62, 0xA3, 0xE7, 0x62, 0xA3, 0xE7, 0x62, 0xA3, 0xE7, 0x62, 0xA3, 0xE7, 0x62, 0xA3, 0xE7, 0x62, 0xA3, 0xE7, 0x62, 0xA3, 0xE7, 0x62, 0xA3, 0xE7, 0x62, 0xA3, 0xE7, 0x62, 0xA3, 0xE7, 0x62, 0xA3, 0xE7, 0x62, 0xA3, 0xE7, 0x62, 0xA3, 0xE7, 
        0x62, 0xA3, 0xE7, 0x62, 0xA3, 0xE7, 0x62, 0xA3, 0xE7, 0x62, 0xA3, 0xE7, 0x62, 0xA3, 0xE7, 0x62, 0xA3, 0xE7, 0x62, 0xA3, 0xE7, 0x62, 0xA3, 0xE7, 0x62, 0xA3, 0xE7, 0x62, 0xA3, 0xE7, 0x62, 0xA3, 0xE7, 0x62, 0xA3, 0xE7, 0x62, 0xA3, 0xE7, 
        0x62, 0xA3, 0xE7, 0x62, 0xA3, 0xE7, 0x62, 0xA3, 0xE7, 0x62, 0xA3, 0xE7, 0x62, 0xA3, 0xE7, 0x62, 0xA3, 0xE7, 0x62, 0xA3, 0xE7, 0x62, 0xA3, 0xE7, 0x62, 0xA3, 0xE7, 0x62, 0xA3, 0xE7, 0x62, 0xA3, 0xE7, 0x62, 0xA3, 0xE7, 0x62, 0xA3, 0xE7, 
        0x62, 0xA3, 0xE7, 0x62, 0xA3, 0xE7, 0x62, 0xA3, 0xE7, 0x62, 0xA3, 0xE7, 0x62, 0xA3, 0xE7, 0x62, 0xA3, 0xE7, 0x62, 0xA3, 0xE7, 0x62, 0xA3, 0xE7, 0x62, 0xA3, 0xE7, 0x62, 0xA3, 0xE7, 0x62, 0xA3, 0xE7, 0x62, 0xA3, 0xE7, 0x62, 0xA3, 0xE7, 
        0x62, 0xA3, 0xE7, 0x62, 0xA3, 0xE7, 0x62, 0xA3, 0xE7, 0x62, 0xA3, 0xE7, 0x62, 0xA3, 0xE7, 0x62, 0xA3, 0xE7, 0x62, 0xA3, 0xE7, 0x62, 0xA3, 0xE7, 0x62, 0xA3, 0xE7, 0x62, 0xA3, 0xE7, 0x62, 0xA3, 0xE7, 0x62, 0xA3, 0xE7, 0x62, 0xA3, 0xE7, 
        0x62, 0xA3, 0xE7, 0x62, 0xA3, 0xE7, 0x62, 0xA3, 0xE7, 0x62, 0xA3, 0xE7, 0x62, 0xA3, 0xE7, 0x62, 0xA3, 0xE7, 0x62, 0xA3, 0xE7, 0x62, 0xA3, 0xE7, 0x62, 0xA3, 0xE7, 0x62, 0xA3, 0xE7, 0x62, 0xA3, 0xE7, 0x62, 0xA3, 0xE7, 0x62, 0xA3, 0xE7, 
        0x62, 0xA3, 0xE7, 0x62, 0xA3, 0xE7, 0x62, 0xA3, 0xE7, 0x62, 0xA3, 0xE7, 0x62, 0xA3, 0xE7, 0x62, 0xA3, 0xE7, 0x62, 0xA3, 0xE7, 0x62, 0xA3, 0xE7, 0x62, 0xA3, 0xE7, 0x62, 0xA3, 0xE7, 0x62, 0xA3, 0xE7, 0x62, 0xA3, 0xE7, 0x62, 0xA3, 0xE7, 
        0x62, 0xA3, 0xE7, 0x62, 0xA3, 0xE7, 0x62, 0xA3, 0xE7, 0x62, 0xA3, 0xE7, 0x62, 0xA3, 0xE7, 0x62, 0xA3, 0xE7, 0x62, 0xA3, 0xE7, 0x62, 0xA3, 0xE7, 0x62, 0xA3, 0xE7, 0x62, 0xA3, 0xE7, 0x62, 0xA3, 0xE7, 0x62, 0xA3, 0xE7, 0x62, 0xA3, 0xE7, 
        0x62, 0xA3, 0xE7, 0x62, 0xA3, 0xE7, 0x62, 0xA3, 0xE7, 0x62, 0xA3, 0xE7, 0x62, 0xA3, 0xE7, 0x62, 0xA3, 0xE7, 0x62, 0xA3, 0xE7, 0x62, 0xA3, 0xE7, 0x62, 0xA3, 0xE7, 0x62, 0xA3, 0xE7, 0x62, 0xA3, 0xE7, 0x62, 0xA3, 0xE7, 0x62, 0xA3, 0xE7, 
        0x62, 0xA3, 0xE7, 0x62, 0xA3, 0xE7, 0x62, 0xA3, 0xE7, 0x62, 0xA3, 0xE7, 0x62, 0xA3, 0xE7, 0x62, 0xA3, 0xE7, 0x62, 0xA3, 0xE7, 0x62, 0xA3, 0xE7, 0x62, 0xA3, 0xE7, 0x62, 0xA3, 0xE7, 0x62, 0xA3, 0xE7, 0x62, 0xA3, 0xE7, 0x62, 0xA3, 0xE7, 
        0x62, 0xA3, 0xE7, 0x62, 0xA3, 0xE7, 0x62, 0xA3, 0xE7, 0x62, 0xA3, 0xE7, 0x62, 0xA3, 0xE7, 0x62, 0xA3, 0xE7, 0x62, 0xA3, 0xE7, 0x62, 0xA3, 0xE7, 0x62, 0xA3, 0xE7, 0x62, 0xA3, 0xE7, 0x62, 0xA3, 0xE7, 0x62, 0xA3, 0xE7, 0x62, 0xA3, 0xE7, 
        0x62, 0xA3, 0xE7, 0x62, 0xA3, 0xE7, 0x62, 0xA3, 0xE7, 0x62, 0xA3, 0xE7, 0x62, 0xA3, 0xE7, 0x62, 0xA3, 0xE7, 0x62, 0xA3, 0xE7, 0x62, 0xA3, 0xE7, 0x62, 0xA3, 0xE7, 0x62, 0xA3, 0xE7, 0x62, 0xA3, 0xE7, 0x62, 0xA3, 0xE7, 0x62, 0xA3, 0xE7, 
        0x62, 0xA3, 0xE7, 0x62, 0xA3, 0xE7, 0x62, 0xA3, 0xE7, 0x62, 0xA3, 0xE7, 0x62, 0xA3, 0xE7, 0x62, 0xA3, 0xE7, 0x62, 0xA3, 0xE7, 0x62, 0xA3, 0xE7, 0x62, 0xA3, 0xE7, 0x62, 0xA3, 0xE7, 0x62, 0xA3, 0xE7, 0x62, 0xA3, 0xE7, 0x62, 0xA3, 0xE7, 
        0x62, 0xA3, 0xE7, 0x62, 0xA3, 0xE7, 0x62, 0xA3, 0xE7, 0x62, 0xA3, 0xE7, 0xB9, 0xD6, 0xF4, 0xFF, 0xFF, 0xFF, 0xFF, 0xFF, 0xFF,
  0x62, 0xA3, 0xE7, 0x62, 0xA3, 0xE7, 0x62, 0xA3, 0xE7, 0x62, 0xA3, 0xE7, 0x62, 0xA3, 0xE7, 0x62, 0xA3, 0xE7, 0x62, 0xA3, 0xE7, 0x62, 0xA3, 0xE7, 0x62, 0xA3, 0xE7, 0x62, 0xA3, 0xE7, 0x62, 0xA3, 0xE7, 0x62, 0xA3, 0xE7, 0x62, 0xA3, 0xE7, 0x62, 0xA3, 0xE7, 
        0x62, 0xA3, 0xE7, 0x62, 0xA3, 0xE7, 0x62, 0xA3, 0xE7, 0x62, 0xA3, 0xE7, 0x62, 0xA3, 0xE7, 0x62, 0xA3, 0xE7, 0x62, 0xA3, 0xE7, 0x62, 0xA3, 0xE7, 0x62, 0xA3, 0xE7, 0x62, 0xA3, 0xE7, 0x62, 0xA3, 0xE7, 0x62, 0xA3, 0xE7, 0x62, 0xA3, 0xE7, 
        0x62, 0xA3, 0xE7, 0x62, 0xA3, 0xE7, 0x62, 0xA3, 0xE7, 0x62, 0xA3, 0xE7, 0x62, 0xA3, 0xE7, 0x62, 0xA3, 0xE7, 0x62, 0xA3, 0xE7, 0x62, 0xA3, 0xE7, 0x62, 0xA3, 0xE7, 0x62, 0xA3, 0xE7, 0x62, 0xA3, 0xE7, 0x62, 0xA3, 0xE7, 0x62, 0xA3, 0xE7, 
        0x62, 0xA3, 0xE7, 0x62, 0xA3, 0xE7, 0x62, 0xA3, 0xE7, 0x62, 0xA3, 0xE7, 0x62, 0xA3, 0xE7, 0x62, 0xA3, 0xE7, 0x62, 0xA3, 0xE7, 0x62, 0xA3, 0xE7, 0x62, 0xA3, 0xE7, 0x62, 0xA3, 0xE7, 0x62, 0xA3, 0xE7, 0x62, 0xA3, 0xE7, 0x62, 0xA3, 0xE7, 
        0x62, 0xA3, 0xE7, 0x62, 0xA3, 0xE7, 0x62, 0xA3, 0xE7, 0x62, 0xA3, 0xE7, 0x62, 0xA3, 0xE7, 0x62, 0xA3, 0xE7, 0x62, 0xA3, 0xE7, 0x62, 0xA3, 0xE7, 0x62, 0xA3, 0xE7, 0x62, 0xA3, 0xE7, 0x62, 0xA3, 0xE7, 0x62, 0xA3, 0xE7, 0x62, 0xA3, 0xE7, 
        0x62, 0xA3, 0xE7, 0x62, 0xA3, 0xE7, 0x62, 0xA3, 0xE7, 0x62, 0xA3, 0xE7, 0x62, 0xA3, 0xE7, 0x62, 0xA3, 0xE7, 0x62, 0xA3, 0xE7, 0x62, 0xA3, 0xE7, 0x62, 0xA3, 0xE7, 0x62, 0xA3, 0xE7, 0x62, 0xA3, 0xE7, 0x62, 0xA3, 0xE7, 0x62, 0xA3, 0xE7, 
        0x62, 0xA3, 0xE7, 0x62, 0xA3, 0xE7, 0x62, 0xA3, 0xE7, 0x62, 0xA3, 0xE7, 0x62, 0xA3, 0xE7, 0x62, 0xA3, 0xE7, 0x62, 0xA3, 0xE7, 0x62, 0xA3, 0xE7, 0x62, 0xA3, 0xE7, 0x62, 0xA3, 0xE7, 0x62, 0xA3, 0xE7, 0x62, 0xA3, 0xE7, 0x62, 0xA3, 0xE7, 
        0x62, 0xA3, 0xE7, 0x62, 0xA3, 0xE7, 0x62, 0xA3, 0xE7, 0x62, 0xA3, 0xE7, 0x62, 0xA3, 0xE7, 0x62, 0xA3, 0xE7, 0x62, 0xA3, 0xE7, 0x62, 0xA3, 0xE7, 0x62, 0xA3, 0xE7, 0x62, 0xA3, 0xE7, 0x62, 0xA3, 0xE7, 0x62, 0xA3, 0xE7, 0x62, 0xA3, 0xE7, 
        0x62, 0xA3, 0xE7, 0x62, 0xA3, 0xE7, 0x62, 0xA3, 0xE7, 0x62, 0xA3, 0xE7, 0x62, 0xA3, 0xE7, 0x62, 0xA3, 0xE7, 0x62, 0xA3, 0xE7, 0x62, 0xA3, 0xE7, 0x62, 0xA3, 0xE7, 0x62, 0xA3, 0xE7, 0x62, 0xA3, 0xE7, 0x62, 0xA3, 0xE7, 0x62, 0xA3, 0xE7, 
        0x62, 0xA3, 0xE7, 0x62, 0xA3, 0xE7, 0x62, 0xA3, 0xE7, 0x62, 0xA3, 0xE7, 0x62, 0xA3, 0xE7, 0x62, 0xA3, 0xE7, 0x62, 0xA3, 0xE7, 0x62, 0xA3, 0xE7, 0x62, 0xA3, 0xE7, 0x62, 0xA3, 0xE7, 0x62, 0xA3, 0xE7, 0x62, 0xA3, 0xE7, 0x62, 0xA3, 0xE7, 
        0x62, 0xA3, 0xE7, 0x62, 0xA3, 0xE7, 0x62, 0xA3, 0xE7, 0x62, 0xA3, 0xE7, 0x62, 0xA3, 0xE7, 0x62, 0xA3, 0xE7, 0x62, 0xA3, 0xE7, 0x62, 0xA3, 0xE7, 0x62, 0xA3, 0xE7, 0x62, 0xA3, 0xE7, 0x62, 0xA3, 0xE7, 0x62, 0xA3, 0xE7, 0x62, 0xA3, 0xE7, 
        0x62, 0xA3, 0xE7, 0x62, 0xA3, 0xE7, 0x62, 0xA3, 0xE7, 0x62, 0xA3, 0xE7, 0x62, 0xA3, 0xE7, 0x62, 0xA3, 0xE7, 0x62, 0xA3, 0xE7, 0x62, 0xA3, 0xE7, 0x62, 0xA3, 0xE7, 0x62, 0xA3, 0xE7, 0x62, 0xA3, 0xE7, 0x62, 0xA3, 0xE7, 0x62, 0xA3, 0xE7, 
        0x62, 0xA3, 0xE7, 0x62, 0xA3, 0xE7, 0x62, 0xA3, 0xE7, 0x62, 0xA3, 0xE7, 0x62, 0xA3, 0xE7, 0x62, 0xA3, 0xE7, 0x62, 0xA3, 0xE7, 0x62, 0xA3, 0xE7, 0x62, 0xA3, 0xE7, 0x62, 0xA3, 0xE7, 0x62, 0xA3, 0xE7, 0x62, 0xA3, 0xE7, 0x62, 0xA3, 0xE7, 
        0x62, 0xA3, 0xE7, 0x62, 0xA3, 0xE7, 0x62, 0xA3, 0xE7, 0x62, 0xA3, 0xE7, 0x62, 0xA3, 0xE7, 0x62, 0xA3, 0xE7, 0x62, 0xA3, 0xE7, 0x62, 0xA3, 0xE7, 0x62, 0xA3, 0xE7, 0x62, 0xA3, 0xE7, 0x62, 0xA3, 0xE7, 0x62, 0xA3, 0xE7, 0x62, 0xA3, 0xE7, 
        0x62, 0xA3, 0xE7, 0x62, 0xA3, 0xE7, 0x62, 0xA3, 0xE7, 0x62, 0xA3, 0xE7, 0x62, 0xA3, 0xE7, 0x62, 0xA3, 0xE7, 0x62, 0xA3, 0xE7, 0x62, 0xA3, 0xE7, 0x62, 0xA3, 0xE7, 0x62, 0xA3, 0xE7, 0x62, 0xA3, 0xE7, 0x62, 0xA3, 0xE7, 0x62, 0xA3, 0xE7, 
        0x62, 0xA3, 0xE7, 0x62, 0xA3, 0xE7, 0x62, 0xA3, 0xE7, 0x62, 0xA3, 0xE7, 0x62, 0xA3, 0xE7, 0x62, 0xA3, 0xE7, 0x62, 0xA3, 0xE7, 0x62, 0xA3, 0xE7, 0x62, 0xA3, 0xE7, 0x62, 0xA3, 0xE7, 0x62, 0xA3, 0xE7, 0x62, 0xA3, 0xE7, 0x62, 0xA3, 0xE7, 
        0x62, 0xA3, 0xE7, 0x62, 0xA3, 0xE7, 0x62, 0xA3, 0xE7, 0x62, 0xA3, 0xE7, 0x62, 0xA3, 0xE7, 0x62, 0xA3, 0xE7, 0x62, 0xA3, 0xE7, 0x62, 0xA3, 0xE7, 0x62, 0xA3, 0xE7, 0x62, 0xA3, 0xE7, 0x62, 0xA3, 0xE7, 0x62, 0xA3, 0xE7, 0x62, 0xA3, 0xE7, 
        0x62, 0xA3, 0xE7, 0x62, 0xA3, 0xE7, 0x62, 0xA3, 0xE7, 0x62, 0xA3, 0xE7, 0x62, 0xA3, 0xE7, 0x62, 0xA3, 0xE7, 0x62, 0xA3, 0xE7, 0x62, 0xA3, 0xE7, 0x62, 0xA3, 0xE7, 0x62, 0xA3, 0xE7, 0x62, 0xA3, 0xE7, 0x62, 0xA3, 0xE7, 0x62, 0xA3, 0xE7, 
        0x62, 0xA3, 0xE7, 0x62, 0xA3, 0xE7, 0x62, 0xA3, 0xE7, 0x62, 0xA3, 0xE7, 0x62, 0xA3, 0xE7, 0x62, 0xA3, 0xE7, 0x62, 0xA3, 0xE7, 0x62, 0xA3, 0xE7, 0x62, 0xA3, 0xE7, 0x62, 0xA3, 0xE7, 0x62, 0xA3, 0xE7, 0x62, 0xA3, 0xE7, 0x62, 0xA3, 0xE7, 
        0x62, 0xA3, 0xE7, 0x62, 0xA3, 0xE7, 0x62, 0xA3, 0xE7, 0x62, 0xA3, 0xE7, 0x62, 0xA3, 0xE7, 0x62, 0xA3, 0xE7, 0x62, 0xA3, 0xE7, 0x62, 0xA3, 0xE7, 0x62, 0xA3, 0xE7, 0x62, 0xA3, 0xE7, 0x62, 0xA3, 0xE7, 0x62, 0xA3, 0xE7, 0x62, 0xA3, 0xE7, 
        0x62, 0xA3, 0xE7, 0x62, 0xA3, 0xE7, 0x62, 0xA3, 0xE7, 0x62, 0xA3, 0xE7, 0x62, 0xA3, 0xE7, 0x62, 0xA3, 0xE7, 0x62, 0xA3, 0xE7, 0x62, 0xA3, 0xE7, 0x62, 0xA3, 0xE7, 0x62, 0xA3, 0xE7, 0x62, 0xA3, 0xE7, 0x62, 0xA3, 0xE7, 0x62, 0xA3, 0xE7, 
        0x62, 0xA3, 0xE7, 0x62, 0xA3, 0xE7, 0x62, 0xA3, 0xE7, 0x62, 0xA3, 0xE7, 0x62, 0xA3, 0xE7, 0x62, 0xA3, 0xE7, 0x62, 0xA3, 0xE7, 0x62, 0xA3, 0xE7, 0x62, 0xA3, 0xE7, 0x62, 0xA3, 0xE7, 0x62, 0xA3, 0xE7, 0x62, 0xA3, 0xE7, 0x62, 0xA3, 0xE7, 
        0x62, 0xA3, 0xE7, 0x62, 0xA3, 0xE7, 0x62, 0xA3, 0xE7, 0x62, 0xA3, 0xE7, 0x62, 0xA3, 0xE7, 0x62, 0xA3, 0xE7, 0x62, 0xA3, 0xE7, 0x62, 0xA3, 0xE7, 0x62, 0xA3, 0xE7, 0x62, 0xA3, 0xE7, 0x62, 0xA3, 0xE7, 0x62, 0xA3, 0xE7, 0x62, 0xA3, 0xE7, 
        0x62, 0xA3, 0xE7, 0x62, 0xA3, 0xE7, 0x62, 0xA3, 0xE7, 0x62, 0xA3, 0xE7, 0x62, 0xA3, 0xE7, 0x62, 0xA3, 0xE7, 0x62, 0xA3, 0xE7, 0x62, 0xA3, 0xE7, 0x62, 0xA3, 0xE7, 0x62, 0xA3, 0xE7, 0x62, 0xA3, 0xE7, 0x62, 0xA3, 0xE7, 0x62, 0xA3, 0xE7, 
        0x62, 0xA3, 0xE7, 0x62, 0xA3, 0xE7, 0x62, 0xA3, 0xE7, 0x62, 0xA3, 0xE7, 0x71, 0xAC, 0xE9, 0xFA, 0xFC, 0xFE, 0xFF, 0xFF, 0xFF,
  0x62, 0xA3, 0xE7, 0x62, 0xA3, 0xE7, 0x62, 0xA3, 0xE7, 0x62, 0xA3, 0xE7, 0x62, 0xA3, 0xE7, 0x62, 0xA3, 0xE7, 0x62, 0xA3, 0xE7, 0x62, 0xA3, 0xE7, 0x62, 0xA3, 0xE7, 0x62, 0xA3, 0xE7, 0x62, 0xA3, 0xE7, 0x62, 0xA3, 0xE7, 0x62, 0xA3, 0xE7, 0x62, 0xA3, 0xE7, 
        0x62, 0xA3, 0xE7, 0x62, 0xA3, 0xE7, 0x62, 0xA3, 0xE7, 0x62, 0xA3, 0xE7, 0x62, 0xA3, 0xE7, 0x62, 0xA3, 0xE7, 0x62, 0xA3, 0xE7, 0x62, 0xA3, 0xE7, 0x62, 0xA3, 0xE7, 0x62, 0xA3, 0xE7, 0x62, 0xA3, 0xE7, 0x62, 0xA3, 0xE7, 0x62, 0xA3, 0xE7, 
        0x62, 0xA3, 0xE7, 0x62, 0xA3, 0xE7, 0x62, 0xA3, 0xE7, 0x62, 0xA3, 0xE7, 0x62, 0xA3, 0xE7, 0x62, 0xA3, 0xE7, 0x62, 0xA3, 0xE7, 0x62, 0xA3, 0xE7, 0x62, 0xA3, 0xE7, 0x62, 0xA3, 0xE7, 0x62, 0xA3, 0xE7, 0x62, 0xA3, 0xE7, 0x62, 0xA3, 0xE7, 
        0x62, 0xA3, 0xE7, 0x62, 0xA3, 0xE7, 0x62, 0xA3, 0xE7, 0x62, 0xA3, 0xE7, 0x62, 0xA3, 0xE7, 0x62, 0xA3, 0xE7, 0x62, 0xA3, 0xE7, 0x62, 0xA3, 0xE7, 0x62, 0xA3, 0xE7, 0x62, 0xA3, 0xE7, 0x62, 0xA3, 0xE7, 0x62, 0xA3, 0xE7, 0x62, 0xA3, 0xE7, 
        0x62, 0xA3, 0xE7, 0x62, 0xA3, 0xE7, 0x62, 0xA3, 0xE7, 0x62, 0xA3, 0xE7, 0x62, 0xA3, 0xE7, 0x62, 0xA3, 0xE7, 0x62, 0xA3, 0xE7, 0x62, 0xA3, 0xE7, 0x62, 0xA3, 0xE7, 0x62, 0xA3, 0xE7, 0x62, 0xA3, 0xE7, 0x62, 0xA3, 0xE7, 0x62, 0xA3, 0xE7, 
        0x62, 0xA3, 0xE7, 0x62, 0xA3, 0xE7, 0x62, 0xA3, 0xE7, 0x62, 0xA3, 0xE7, 0x62, 0xA3, 0xE7, 0x62, 0xA3, 0xE7, 0x62, 0xA3, 0xE7, 0x62, 0xA3, 0xE7, 0x62, 0xA3, 0xE7, 0x62, 0xA3, 0xE7, 0x62, 0xA3, 0xE7, 0x62, 0xA3, 0xE7, 0x62, 0xA3, 0xE7, 
        0x62, 0xA3, 0xE7, 0x62, 0xA3, 0xE7, 0x62, 0xA3, 0xE7, 0x62, 0xA3, 0xE7, 0x62, 0xA3, 0xE7, 0x62, 0xA3, 0xE7, 0x62, 0xA3, 0xE7, 0x62, 0xA3, 0xE7, 0x62, 0xA3, 0xE7, 0x62, 0xA3, 0xE7, 0x62, 0xA3, 0xE7, 0x62, 0xA3, 0xE7, 0x62, 0xA3, 0xE7, 
        0x62, 0xA3, 0xE7, 0x62, 0xA3, 0xE7, 0x62, 0xA3, 0xE7, 0x62, 0xA3, 0xE7, 0x62, 0xA3, 0xE7, 0x62, 0xA3, 0xE7, 0x62, 0xA3, 0xE7, 0x62, 0xA3, 0xE7, 0x62, 0xA3, 0xE7, 0x62, 0xA3, 0xE7, 0x62, 0xA3, 0xE7, 0x62, 0xA3, 0xE7, 0x62, 0xA3, 0xE7, 
        0x62, 0xA3, 0xE7, 0x62, 0xA3, 0xE7, 0x62, 0xA3, 0xE7, 0x62, 0xA3, 0xE7, 0x62, 0xA3, 0xE7, 0x62, 0xA3, 0xE7, 0x62, 0xA3, 0xE7, 0x62, 0xA3, 0xE7, 0x62, 0xA3, 0xE7, 0x62, 0xA3, 0xE7, 0x62, 0xA3, 0xE7, 0x62, 0xA3, 0xE7, 0x62, 0xA3, 0xE7, 
        0x62, 0xA3, 0xE7, 0x62, 0xA3, 0xE7, 0x62, 0xA3, 0xE7, 0x62, 0xA3, 0xE7, 0x62, 0xA3, 0xE7, 0x62, 0xA3, 0xE7, 0x62, 0xA3, 0xE7, 0x62, 0xA3, 0xE7, 0x62, 0xA3, 0xE7, 0x62, 0xA3, 0xE7, 0x62, 0xA3, 0xE7, 0x62, 0xA3, 0xE7, 0x62, 0xA3, 0xE7, 
        0x62, 0xA3, 0xE7, 0x62, 0xA3, 0xE7, 0x62, 0xA3, 0xE7, 0x62, 0xA3, 0xE7, 0x62, 0xA3, 0xE7, 0x62, 0xA3, 0xE7, 0x62, 0xA3, 0xE7, 0x62, 0xA3, 0xE7, 0x62, 0xA3, 0xE7, 0x62, 0xA3, 0xE7, 0x62, 0xA3, 0xE7, 0x62, 0xA3, 0xE7, 0x62, 0xA3, 0xE7, 
        0x62, 0xA3, 0xE7, 0x62, 0xA3, 0xE7, 0x62, 0xA3, 0xE7, 0x62, 0xA3, 0xE7, 0x62, 0xA3, 0xE7, 0x62, 0xA3, 0xE7, 0x62, 0xA3, 0xE7, 0x62, 0xA3, 0xE7, 0x62, 0xA3, 0xE7, 0x62, 0xA3, 0xE7, 0x62, 0xA3, 0xE7, 0x62, 0xA3, 0xE7, 0x62, 0xA3, 0xE7, 
        0x62, 0xA3, 0xE7, 0x62, 0xA3, 0xE7, 0x62, 0xA3, 0xE7, 0x62, 0xA3, 0xE7, 0x62, 0xA3, 0xE7, 0x62, 0xA3, 0xE7, 0x62, 0xA3, 0xE7, 0x62, 0xA3, 0xE7, 0x62, 0xA3, 0xE7, 0x62, 0xA3, 0xE7, 0x62, 0xA3, 0xE7, 0x62, 0xA3, 0xE7, 0x62, 0xA3, 0xE7, 
        0x62, 0xA3, 0xE7, 0x62, 0xA3, 0xE7, 0x62, 0xA3, 0xE7, 0x62, 0xA3, 0xE7, 0x62, 0xA3, 0xE7, 0x62, 0xA3, 0xE7, 0x62, 0xA3, 0xE7, 0x62, 0xA3, 0xE7, 0x62, 0xA3, 0xE7, 0x62, 0xA3, 0xE7, 0x62, 0xA3, 0xE7, 0x62, 0xA3, 0xE7, 0x62, 0xA3, 0xE7, 
        0x62, 0xA3, 0xE7, 0x62, 0xA3, 0xE7, 0x62, 0xA3, 0xE7, 0x62, 0xA3, 0xE7, 0x62, 0xA3, 0xE7, 0x62, 0xA3, 0xE7, 0x62, 0xA3, 0xE7, 0x62, 0xA3, 0xE7, 0x62, 0xA3, 0xE7, 0x62, 0xA3, 0xE7, 0x62, 0xA3, 0xE7, 0x62, 0xA3, 0xE7, 0x62, 0xA3, 0xE7, 
        0x62, 0xA3, 0xE7, 0x62, 0xA3, 0xE7, 0x62, 0xA3, 0xE7, 0x62, 0xA3, 0xE7, 0x62, 0xA3, 0xE7, 0x62, 0xA3, 0xE7, 0x62, 0xA3, 0xE7, 0x62, 0xA3, 0xE7, 0x62, 0xA3, 0xE7, 0x62, 0xA3, 0xE7, 0x62, 0xA3, 0xE7, 0x62, 0xA3, 0xE7, 0x62, 0xA3, 0xE7, 
        0x62, 0xA3, 0xE7, 0x62, 0xA3, 0xE7, 0x62, 0xA3, 0xE7, 0x62, 0xA3, 0xE7, 0x62, 0xA3, 0xE7, 0x62, 0xA3, 0xE7, 0x62, 0xA3, 0xE7, 0x62, 0xA3, 0xE7, 0x62, 0xA3, 0xE7, 0x62, 0xA3, 0xE7, 0x62, 0xA3, 0xE7, 0x62, 0xA3, 0xE7, 0x62, 0xA3, 0xE7, 
        0x62, 0xA3, 0xE7, 0x62, 0xA3, 0xE7, 0x62, 0xA3, 0xE7, 0x62, 0xA3, 0xE7, 0x62, 0xA3, 0xE7, 0x62, 0xA3, 0xE7, 0x62, 0xA3, 0xE7, 0x62, 0xA3, 0xE7, 0x62, 0xA3, 0xE7, 0x62, 0xA3, 0xE7, 0x62, 0xA3, 0xE7, 0x62, 0xA3, 0xE7, 0x62, 0xA3, 0xE7, 
        0x62, 0xA3, 0xE7, 0x62, 0xA3, 0xE7, 0x62, 0xA3, 0xE7, 0x62, 0xA3, 0xE7, 0x62, 0xA3, 0xE7, 0x62, 0xA3, 0xE7, 0x62, 0xA3, 0xE7, 0x62, 0xA3, 0xE7, 0x62, 0xA3, 0xE7, 0x62, 0xA3, 0xE7, 0x62, 0xA3, 0xE7, 0x62, 0xA3, 0xE7, 0x62, 0xA3, 0xE7, 
        0x62, 0xA3, 0xE7, 0x62, 0xA3, 0xE7, 0x62, 0xA3, 0xE7, 0x62, 0xA3, 0xE7, 0x62, 0xA3, 0xE7, 0x62, 0xA3, 0xE7, 0x62, 0xA3, 0xE7, 0x62, 0xA3, 0xE7, 0x62, 0xA3, 0xE7, 0x62, 0xA3, 0xE7, 0x62, 0xA3, 0xE7, 0x62, 0xA3, 0xE7, 0x62, 0xA3, 0xE7, 
        0x62, 0xA3, 0xE7, 0x62, 0xA3, 0xE7, 0x62, 0xA3, 0xE7, 0x62, 0xA3, 0xE7, 0x62, 0xA3, 0xE7, 0x62, 0xA3, 0xE7, 0x62, 0xA3, 0xE7, 0x62, 0xA3, 0xE7, 0x62, 0xA3, 0xE7, 0x62, 0xA3, 0xE7, 0x62, 0xA3, 0xE7, 0x62, 0xA3, 0xE7, 0x62, 0xA3, 0xE7, 
        0x62, 0xA3, 0xE7, 0x62, 0xA3, 0xE7, 0x62, 0xA3, 0xE7, 0x62, 0xA3, 0xE7, 0x62, 0xA3, 0xE7, 0x62, 0xA3, 0xE7, 0x62, 0xA3, 0xE7, 0x62, 0xA3, 0xE7, 0x62, 0xA3, 0xE7, 0x62, 0xA3, 0xE7, 0x62, 0xA3, 0xE7, 0x62, 0xA3, 0xE7, 0x62, 0xA3, 0xE7, 
        0x62, 0xA3, 0xE7, 0x62, 0xA3, 0xE7, 0x62, 0xA3, 0xE7, 0x62, 0xA3, 0xE7, 0x62, 0xA3, 0xE7, 0x62, 0xA3, 0xE7, 0x62, 0xA3, 0xE7, 0x62, 0xA3, 0xE7, 0x62, 0xA3, 0xE7, 0x62, 0xA3, 0xE7, 0x62, 0xA3, 0xE7, 0x62, 0xA3, 0xE7, 0x62, 0xA3, 0xE7, 
        0x62, 0xA3, 0xE7, 0x62, 0xA3, 0xE7, 0x62, 0xA3, 0xE7, 0x62, 0xA3, 0xE7, 0x62, 0xA3, 0xE7, 0x62, 0xA3, 0xE7, 0x62, 0xA3, 0xE7, 0x62, 0xA3, 0xE7, 0x62, 0xA3, 0xE7, 0x62, 0xA3, 0xE7, 0x62, 0xA3, 0xE7, 0x62, 0xA3, 0xE7, 0x62, 0xA3, 0xE7, 
        0x62, 0xA3, 0xE7, 0x62, 0xA3, 0xE7, 0x62, 0xA3, 0xE7, 0x62, 0xA3, 0xE7, 0x62, 0xA3, 0xE7, 0xC7, 0xDE, 0xF6, 0xFF, 0xFF, 0xFF,
  0x62, 0xA3, 0xE7, 0x62, 0xA3, 0xE7, 0x62, 0xA3, 0xE7, 0x62, 0xA3, 0xE7, 0x62, 0xA3, 0xE7, 0x62, 0xA3, 0xE7, 0x62, 0xA3, 0xE7, 0x62, 0xA3, 0xE7, 0x62, 0xA3, 0xE7, 0x62, 0xA3, 0xE7, 0x62, 0xA3, 0xE7, 0x62, 0xA3, 0xE7, 0x62, 0xA3, 0xE7, 0x62, 0xA3, 0xE7, 
        0x62, 0xA3, 0xE7, 0x62, 0xA3, 0xE7, 0x62, 0xA3, 0xE7, 0x62, 0xA3, 0xE7, 0x62, 0xA3, 0xE7, 0x62, 0xA3, 0xE7, 0x62, 0xA3, 0xE7, 0x62, 0xA3, 0xE7, 0x62, 0xA3, 0xE7, 0x62, 0xA3, 0xE7, 0x62, 0xA3, 0xE7, 0x62, 0xA3, 0xE7, 0x62, 0xA3, 0xE7, 
        0x62, 0xA3, 0xE7, 0x62, 0xA3, 0xE7, 0x62, 0xA3, 0xE7, 0x62, 0xA3, 0xE7, 0x62, 0xA3, 0xE7, 0x62, 0xA3, 0xE7, 0x62, 0xA3, 0xE7, 0x62, 0xA3, 0xE7, 0x62, 0xA3, 0xE7, 0x62, 0xA3, 0xE7, 0x62, 0xA3, 0xE7, 0x62, 0xA3, 0xE7, 0x62, 0xA3, 0xE7, 
        0x62, 0xA3, 0xE7, 0x62, 0xA3, 0xE7, 0x62, 0xA3, 0xE7, 0x62, 0xA3, 0xE7, 0x62, 0xA3, 0xE7, 0x62, 0xA3, 0xE7, 0x62, 0xA3, 0xE7, 0x62, 0xA3, 0xE7, 0x62, 0xA3, 0xE7, 0x62, 0xA3, 0xE7, 0x62, 0xA3, 0xE7, 0x62, 0xA3, 0xE7, 0x62, 0xA3, 0xE7, 
        0x62, 0xA3, 0xE7, 0x62, 0xA3, 0xE7, 0x62, 0xA3, 0xE7, 0x62, 0xA3, 0xE7, 0x62, 0xA3, 0xE7, 0x62, 0xA3, 0xE7, 0x62, 0xA3, 0xE7, 0x62, 0xA3, 0xE7, 0x62, 0xA3, 0xE7, 0x62, 0xA3, 0xE7, 0x62, 0xA3, 0xE7, 0x62, 0xA3, 0xE7, 0x62, 0xA3, 0xE7, 
        0x62, 0xA3, 0xE7, 0x62, 0xA3, 0xE7, 0x62, 0xA3, 0xE7, 0x62, 0xA3, 0xE7, 0x62, 0xA3, 0xE7, 0x62, 0xA3, 0xE7, 0x62, 0xA3, 0xE7, 0x62, 0xA3, 0xE7, 0x62, 0xA3, 0xE7, 0x62, 0xA3, 0xE7, 0x62, 0xA3, 0xE7, 0x62, 0xA3, 0xE7, 0x62, 0xA3, 0xE7, 
        0x62, 0xA3, 0xE7, 0x62, 0xA3, 0xE7, 0x62, 0xA3, 0xE7, 0x62, 0xA3, 0xE7, 0x62, 0xA3, 0xE7, 0x62, 0xA3, 0xE7, 0x62, 0xA3, 0xE7, 0x62, 0xA3, 0xE7, 0x62, 0xA3, 0xE7, 0x62, 0xA3, 0xE7, 0x62, 0xA3, 0xE7, 0x62, 0xA3, 0xE7, 0x62, 0xA3, 0xE7, 
        0x62, 0xA3, 0xE7, 0x62, 0xA3, 0xE7, 0x62, 0xA3, 0xE7, 0x62, 0xA3, 0xE7, 0x62, 0xA3, 0xE7, 0x62, 0xA3, 0xE7, 0x62, 0xA3, 0xE7, 0x62, 0xA3, 0xE7, 0x62, 0xA3, 0xE7, 0x62, 0xA3, 0xE7, 0x62, 0xA3, 0xE7, 0x62, 0xA3, 0xE7, 0x62, 0xA3, 0xE7, 
        0x62, 0xA3, 0xE7, 0x62, 0xA3, 0xE7, 0x62, 0xA3, 0xE7, 0x62, 0xA3, 0xE7, 0x62, 0xA3, 0xE7, 0x62, 0xA3, 0xE7, 0x62, 0xA3, 0xE7, 0x62, 0xA3, 0xE7, 0x62, 0xA3, 0xE7, 0x62, 0xA3, 0xE7, 0x62, 0xA3, 0xE7, 0x62, 0xA3, 0xE7, 0x62, 0xA3, 0xE7, 
        0x62, 0xA3, 0xE7, 0x62, 0xA3, 0xE7, 0x62, 0xA3, 0xE7, 0x62, 0xA3, 0xE7, 0x62, 0xA3, 0xE7, 0x62, 0xA3, 0xE7, 0x62, 0xA3, 0xE7, 0x62, 0xA3, 0xE7, 0x62, 0xA3, 0xE7, 0x62, 0xA3, 0xE7, 0x62, 0xA3, 0xE7, 0x62, 0xA3, 0xE7, 0x62, 0xA3, 0xE7, 
        0x62, 0xA3, 0xE7, 0x62, 0xA3, 0xE7, 0x62, 0xA3, 0xE7, 0x62, 0xA3, 0xE7, 0x62, 0xA3, 0xE7, 0x62, 0xA3, 0xE7, 0x62, 0xA3, 0xE7, 0x62, 0xA3, 0xE7, 0x62, 0xA3, 0xE7, 0x62, 0xA3, 0xE7, 0x62, 0xA3, 0xE7, 0x62, 0xA3, 0xE7, 0x62, 0xA3, 0xE7, 
        0x62, 0xA3, 0xE7, 0x62, 0xA3, 0xE7, 0x62, 0xA3, 0xE7, 0x62, 0xA3, 0xE7, 0x62, 0xA3, 0xE7, 0x62, 0xA3, 0xE7, 0x62, 0xA3, 0xE7, 0x62, 0xA3, 0xE7, 0x62, 0xA3, 0xE7, 0x62, 0xA3, 0xE7, 0x62, 0xA3, 0xE7, 0x62, 0xA3, 0xE7, 0x62, 0xA3, 0xE7, 
        0x62, 0xA3, 0xE7, 0x62, 0xA3, 0xE7, 0x62, 0xA3, 0xE7, 0x62, 0xA3, 0xE7, 0x62, 0xA3, 0xE7, 0x62, 0xA3, 0xE7, 0x62, 0xA3, 0xE7, 0x62, 0xA3, 0xE7, 0x62, 0xA3, 0xE7, 0x62, 0xA3, 0xE7, 0x62, 0xA3, 0xE7, 0x62, 0xA3, 0xE7, 0x62, 0xA3, 0xE7, 
        0x62, 0xA3, 0xE7, 0x62, 0xA3, 0xE7, 0x62, 0xA3, 0xE7, 0x62, 0xA3, 0xE7, 0x62, 0xA3, 0xE7, 0x62, 0xA3, 0xE7, 0x62, 0xA3, 0xE7, 0x62, 0xA3, 0xE7, 0x62, 0xA3, 0xE7, 0x62, 0xA3, 0xE7, 0x62, 0xA3, 0xE7, 0x62, 0xA3, 0xE7, 0x62, 0xA3, 0xE7, 
        0x62, 0xA3, 0xE7, 0x62, 0xA3, 0xE7, 0x62, 0xA3, 0xE7, 0x62, 0xA3, 0xE7, 0x62, 0xA3, 0xE7, 0x62, 0xA3, 0xE7, 0x62, 0xA3, 0xE7, 0x62, 0xA3, 0xE7, 0x62, 0xA3, 0xE7, 0x62, 0xA3, 0xE7, 0x62, 0xA3, 0xE7, 0x62, 0xA3, 0xE7, 0x62, 0xA3, 0xE7, 
        0x62, 0xA3, 0xE7, 0x62, 0xA3, 0xE7, 0x62, 0xA3, 0xE7, 0x62, 0xA3, 0xE7, 0x62, 0xA3, 0xE7, 0x62, 0xA3, 0xE7, 0x62, 0xA3, 0xE7, 0x62, 0xA3, 0xE7, 0x62, 0xA3, 0xE7, 0x62, 0xA3, 0xE7, 0x62, 0xA3, 0xE7, 0x62, 0xA3, 0xE7, 0x62, 0xA3, 0xE7, 
        0x62, 0xA3, 0xE7, 0x62, 0xA3, 0xE7, 0x62, 0xA3, 0xE7, 0x62, 0xA3, 0xE7, 0x62, 0xA3, 0xE7, 0x62, 0xA3, 0xE7, 0x62, 0xA3, 0xE7, 0x62, 0xA3, 0xE7, 0x62, 0xA3, 0xE7, 0x62, 0xA3, 0xE7, 0x62, 0xA3, 0xE7, 0x62, 0xA3, 0xE7, 0x62, 0xA3, 0xE7, 
        0x62, 0xA3, 0xE7, 0x62, 0xA3, 0xE7, 0x62, 0xA3, 0xE7, 0x62, 0xA3, 0xE7, 0x62, 0xA3, 0xE7, 0x62, 0xA3, 0xE7, 0x62, 0xA3, 0xE7, 0x62, 0xA3, 0xE7, 0x62, 0xA3, 0xE7, 0x62, 0xA3, 0xE7, 0x62, 0xA3, 0xE7, 0x62, 0xA3, 0xE7, 0x62, 0xA3, 0xE7, 
        0x62, 0xA3, 0xE7, 0x62, 0xA3, 0xE7, 0x62, 0xA3, 0xE7, 0x62, 0xA3, 0xE7, 0x62, 0xA3, 0xE7, 0x62, 0xA3, 0xE7, 0x62, 0xA3, 0xE7, 0x62, 0xA3, 0xE7, 0x62, 0xA3, 0xE7, 0x62, 0xA3, 0xE7, 0x62, 0xA3, 0xE7, 0x62, 0xA3, 0xE7, 0x62, 0xA3, 0xE7, 
        0x62, 0xA3, 0xE7, 0x62, 0xA3, 0xE7, 0x62, 0xA3, 0xE7, 0x62, 0xA3, 0xE7, 0x62, 0xA3, 0xE7, 0x62, 0xA3, 0xE7, 0x62, 0xA3, 0xE7, 0x62, 0xA3, 0xE7, 0x62, 0xA3, 0xE7, 0x62, 0xA3, 0xE7, 0x62, 0xA3, 0xE7, 0x62, 0xA3, 0xE7, 0x62, 0xA3, 0xE7, 
        0x62, 0xA3, 0xE7, 0x62, 0xA3, 0xE7, 0x62, 0xA3, 0xE7, 0x62, 0xA3, 0xE7, 0x62, 0xA3, 0xE7, 0x62, 0xA3, 0xE7, 0x62, 0xA3, 0xE7, 0x62, 0xA3, 0xE7, 0x62, 0xA3, 0xE7, 0x62, 0xA3, 0xE7, 0x62, 0xA3, 0xE7, 0x62, 0xA3, 0xE7, 0x62, 0xA3, 0xE7, 
        0x62, 0xA3, 0xE7, 0x62, 0xA3, 0xE7, 0x62, 0xA3, 0xE7, 0x62, 0xA3, 0xE7, 0x62, 0xA3, 0xE7, 0x62, 0xA3, 0xE7, 0x62, 0xA3, 0xE7, 0x62, 0xA3, 0xE7, 0x62, 0xA3, 0xE7, 0x62, 0xA3, 0xE7, 0x62, 0xA3, 0xE7, 0x62, 0xA3, 0xE7, 0x62, 0xA3, 0xE7, 
        0x62, 0xA3, 0xE7, 0x62, 0xA3, 0xE7, 0x62, 0xA3, 0xE7, 0x62, 0xA3, 0xE7, 0x62, 0xA3, 0xE7, 0x62, 0xA3, 0xE7, 0x62, 0xA3, 0xE7, 0x62, 0xA3, 0xE7, 0x62, 0xA3, 0xE7, 0x62, 0xA3, 0xE7, 0x62, 0xA3, 0xE7, 0x62, 0xA3, 0xE7, 0x62, 0xA3, 0xE7, 
        0x62, 0xA3, 0xE7, 0x62, 0xA3, 0xE7, 0x62, 0xA3, 0xE7, 0x62, 0xA3, 0xE7, 0x62, 0xA3, 0xE7, 0x62, 0xA3, 0xE7, 0x62, 0xA3, 0xE7, 0x62, 0xA3, 0xE7, 0x62, 0xA3, 0xE7, 0x62, 0xA3, 0xE7, 0x62, 0xA3, 0xE7, 0x62, 0xA3, 0xE7, 0x62, 0xA3, 0xE7, 
        0x62, 0xA3, 0xE7, 0x62, 0xA3, 0xE7, 0x62, 0xA3, 0xE7, 0x62, 0xA3, 0xE7, 0x62, 0xA3, 0xE7, 0x8E, 0xBD, 0xEE, 0xFF, 0xFF, 0xFF,
  0x62, 0xA3, 0xE7, 0x62, 0xA3, 0xE7, 0x62, 0xA3, 0xE7, 0x62, 0xA3, 0xE7, 0x62, 0xA3, 0xE7, 0x62, 0xA3, 0xE7, 0x62, 0xA3, 0xE7, 0x62, 0xA3, 0xE7, 0x62, 0xA3, 0xE7, 0x62, 0xA3, 0xE7, 0x62, 0xA3, 0xE7, 0x62, 0xA3, 0xE7, 0x62, 0xA3, 0xE7, 0x62, 0xA3, 0xE7, 
        0x62, 0xA3, 0xE7, 0x62, 0xA3, 0xE7, 0x62, 0xA3, 0xE7, 0x62, 0xA3, 0xE7, 0x62, 0xA3, 0xE7, 0x62, 0xA3, 0xE7, 0x62, 0xA3, 0xE7, 0x62, 0xA3, 0xE7, 0x62, 0xA3, 0xE7, 0x62, 0xA3, 0xE7, 0x62, 0xA3, 0xE7, 0x62, 0xA3, 0xE7, 0x62, 0xA3, 0xE7, 
        0x62, 0xA3, 0xE7, 0x62, 0xA3, 0xE7, 0x62, 0xA3, 0xE7, 0x62, 0xA3, 0xE7, 0x62, 0xA3, 0xE7, 0x62, 0xA3, 0xE7, 0x62, 0xA3, 0xE7, 0x62, 0xA3, 0xE7, 0x62, 0xA3, 0xE7, 0x62, 0xA3, 0xE7, 0x62, 0xA3, 0xE7, 0x62, 0xA3, 0xE7, 0x62, 0xA3, 0xE7, 
        0x62, 0xA3, 0xE7, 0x62, 0xA3, 0xE7, 0x62, 0xA3, 0xE7, 0x62, 0xA3, 0xE7, 0x62, 0xA3, 0xE7, 0x62, 0xA3, 0xE7, 0x62, 0xA3, 0xE7, 0x62, 0xA3, 0xE7, 0x62, 0xA3, 0xE7, 0x62, 0xA3, 0xE7, 0x62, 0xA3, 0xE7, 0x62, 0xA3, 0xE7, 0x62, 0xA3, 0xE7, 
        0x62, 0xA3, 0xE7, 0x62, 0xA3, 0xE7, 0x62, 0xA3, 0xE7, 0x62, 0xA3, 0xE7, 0x62, 0xA3, 0xE7, 0x62, 0xA3, 0xE7, 0x62, 0xA3, 0xE7, 0x62, 0xA3, 0xE7, 0x62, 0xA3, 0xE7, 0x62, 0xA3, 0xE7, 0x62, 0xA3, 0xE7, 0x62, 0xA3, 0xE7, 0x62, 0xA3, 0xE7, 
        0x62, 0xA3, 0xE7, 0x62, 0xA3, 0xE7, 0x62, 0xA3, 0xE7, 0x62, 0xA3, 0xE7, 0x62, 0xA3, 0xE7, 0x62, 0xA3, 0xE7, 0x62, 0xA3, 0xE7, 0x62, 0xA3, 0xE7, 0x62, 0xA3, 0xE7, 0x62, 0xA3, 0xE7, 0x62, 0xA3, 0xE7, 0x62, 0xA3, 0xE7, 0x62, 0xA3, 0xE7, 
        0x62, 0xA3, 0xE7, 0x62, 0xA3, 0xE7, 0x62, 0xA3, 0xE7, 0x62, 0xA3, 0xE7, 0x62, 0xA3, 0xE7, 0x62, 0xA3, 0xE7, 0x62, 0xA3, 0xE7, 0x62, 0xA3, 0xE7, 0x62, 0xA3, 0xE7, 0x62, 0xA3, 0xE7, 0x62, 0xA3, 0xE7, 0x62, 0xA3, 0xE7, 0x62, 0xA3, 0xE7, 
        0x62, 0xA3, 0xE7, 0x62, 0xA3, 0xE7, 0x62, 0xA3, 0xE7, 0x62, 0xA3, 0xE7, 0x62, 0xA3, 0xE7, 0x62, 0xA3, 0xE7, 0x62, 0xA3, 0xE7, 0x62, 0xA3, 0xE7, 0x62, 0xA3, 0xE7, 0x62, 0xA3, 0xE7, 0x62, 0xA3, 0xE7, 0x62, 0xA3, 0xE7, 0x62, 0xA3, 0xE7, 
        0x62, 0xA3, 0xE7, 0x62, 0xA3, 0xE7, 0x62, 0xA3, 0xE7, 0x62, 0xA3, 0xE7, 0x62, 0xA3, 0xE7, 0x62, 0xA3, 0xE7, 0x62, 0xA3, 0xE7, 0x62, 0xA3, 0xE7, 0x62, 0xA3, 0xE7, 0x62, 0xA3, 0xE7, 0x62, 0xA3, 0xE7, 0x62, 0xA3, 0xE7, 0x62, 0xA3, 0xE7, 
        0x62, 0xA3, 0xE7, 0x62, 0xA3, 0xE7, 0x62, 0xA3, 0xE7, 0x62, 0xA3, 0xE7, 0x62, 0xA3, 0xE7, 0x62, 0xA3, 0xE7, 0x62, 0xA3, 0xE7, 0x62, 0xA3, 0xE7, 0x62, 0xA3, 0xE7, 0x62, 0xA3, 0xE7, 0x62, 0xA3, 0xE7, 0x62, 0xA3, 0xE7, 0x62, 0xA3, 0xE7, 
        0x62, 0xA3, 0xE7, 0x62, 0xA3, 0xE7, 0x62, 0xA3, 0xE7, 0x62, 0xA3, 0xE7, 0x62, 0xA3, 0xE7, 0x62, 0xA3, 0xE7, 0x62, 0xA3, 0xE7, 0x62, 0xA3, 0xE7, 0x62, 0xA3, 0xE7, 0x62, 0xA3, 0xE7, 0x62, 0xA3, 0xE7, 0x62, 0xA3, 0xE7, 0x62, 0xA3, 0xE7, 
        0x62, 0xA3, 0xE7, 0x62, 0xA3, 0xE7, 0x62, 0xA3, 0xE7, 0x62, 0xA3, 0xE7, 0x62, 0xA3, 0xE7, 0x62, 0xA3, 0xE7, 0x62, 0xA3, 0xE7, 0x62, 0xA3, 0xE7, 0x62, 0xA3, 0xE7, 0x62, 0xA3, 0xE7, 0x62, 0xA3, 0xE7, 0x62, 0xA3, 0xE7, 0x62, 0xA3, 0xE7, 
        0x62, 0xA3, 0xE7, 0x62, 0xA3, 0xE7, 0x62, 0xA3, 0xE7, 0x62, 0xA3, 0xE7, 0x62, 0xA3, 0xE7, 0x62, 0xA3, 0xE7, 0x62, 0xA3, 0xE7, 0x62, 0xA3, 0xE7, 0x62, 0xA3, 0xE7, 0x62, 0xA3, 0xE7, 0x62, 0xA3, 0xE7, 0x62, 0xA3, 0xE7, 0x62, 0xA3, 0xE7, 
        0x62, 0xA3, 0xE7, 0x62, 0xA3, 0xE7, 0x62, 0xA3, 0xE7, 0x62, 0xA3, 0xE7, 0x62, 0xA3, 0xE7, 0x62, 0xA3, 0xE7, 0x62, 0xA3, 0xE7, 0x62, 0xA3, 0xE7, 0x62, 0xA3, 0xE7, 0x62, 0xA3, 0xE7, 0x62, 0xA3, 0xE7, 0x62, 0xA3, 0xE7, 0x62, 0xA3, 0xE7, 
        0x62, 0xA3, 0xE7, 0x62, 0xA3, 0xE7, 0x62, 0xA3, 0xE7, 0x62, 0xA3, 0xE7, 0x62, 0xA3, 0xE7, 0x62, 0xA3, 0xE7, 0x62, 0xA3, 0xE7, 0x62, 0xA3, 0xE7, 0x62, 0xA3, 0xE7, 0x62, 0xA3, 0xE7, 0x62, 0xA3, 0xE7, 0x62, 0xA3, 0xE7, 0x62, 0xA3, 0xE7, 
        0x62, 0xA3, 0xE7, 0x62, 0xA3, 0xE7, 0x62, 0xA3, 0xE7, 0x62, 0xA3, 0xE7, 0x62, 0xA3, 0xE7, 0x62, 0xA3, 0xE7, 0x62, 0xA3, 0xE7, 0x62, 0xA3, 0xE7, 0x62, 0xA3, 0xE7, 0x62, 0xA3, 0xE7, 0x62, 0xA3, 0xE7, 0x62, 0xA3, 0xE7, 0x62, 0xA3, 0xE7, 
        0x62, 0xA3, 0xE7, 0x62, 0xA3, 0xE7, 0x62, 0xA3, 0xE7, 0x62, 0xA3, 0xE7, 0x62, 0xA3, 0xE7, 0x62, 0xA3, 0xE7, 0x62, 0xA3, 0xE7, 0x62, 0xA3, 0xE7, 0x62, 0xA3, 0xE7, 0x62, 0xA3, 0xE7, 0x62, 0xA3, 0xE7, 0x62, 0xA3, 0xE7, 0x62, 0xA3, 0xE7, 
        0x62, 0xA3, 0xE7, 0x62, 0xA3, 0xE7, 0x62, 0xA3, 0xE7, 0x62, 0xA3, 0xE7, 0x62, 0xA3, 0xE7, 0x62, 0xA3, 0xE7, 0x62, 0xA3, 0xE7, 0x62, 0xA3, 0xE7, 0x62, 0xA3, 0xE7, 0x62, 0xA3, 0xE7, 0x62, 0xA3, 0xE7, 0x62, 0xA3, 0xE7, 0x62, 0xA3, 0xE7, 
        0x62, 0xA3, 0xE7, 0x62, 0xA3, 0xE7, 0x62, 0xA3, 0xE7, 0x62, 0xA3, 0xE7, 0x62, 0xA3, 0xE7, 0x62, 0xA3, 0xE7, 0x62, 0xA3, 0xE7, 0x62, 0xA3, 0xE7, 0x62, 0xA3, 0xE7, 0x62, 0xA3, 0xE7, 0x62, 0xA3, 0xE7, 0x62, 0xA3, 0xE7, 0x62, 0xA3, 0xE7, 
        0x62, 0xA3, 0xE7, 0x62, 0xA3, 0xE7, 0x62, 0xA3, 0xE7, 0x62, 0xA3, 0xE7, 0x62, 0xA3, 0xE7, 0x62, 0xA3, 0xE7, 0x62, 0xA3, 0xE7, 0x62, 0xA3, 0xE7, 0x62, 0xA3, 0xE7, 0x62, 0xA3, 0xE7, 0x62, 0xA3, 0xE7, 0x62, 0xA3, 0xE7, 0x62, 0xA3, 0xE7, 
        0x62, 0xA3, 0xE7, 0x62, 0xA3, 0xE7, 0x62, 0xA3, 0xE7, 0x62, 0xA3, 0xE7, 0x62, 0xA3, 0xE7, 0x62, 0xA3, 0xE7, 0x62, 0xA3, 0xE7, 0x62, 0xA3, 0xE7, 0x62, 0xA3, 0xE7, 0x62, 0xA3, 0xE7, 0x62, 0xA3, 0xE7, 0x62, 0xA3, 0xE7, 0x62, 0xA3, 0xE7, 
        0x62, 0xA3, 0xE7, 0x62, 0xA3, 0xE7, 0x62, 0xA3, 0xE7, 0x62, 0xA3, 0xE7, 0x62, 0xA3, 0xE7, 0x62, 0xA3, 0xE7, 0x62, 0xA3, 0xE7, 0x62, 0xA3, 0xE7, 0x62, 0xA3, 0xE7, 0x62, 0xA3, 0xE7, 0x62, 0xA3, 0xE7, 0x62, 0xA3, 0xE7, 0x62, 0xA3, 0xE7, 
        0x62, 0xA3, 0xE7, 0x62, 0xA3, 0xE7, 0x62, 0xA3, 0xE7, 0x62, 0xA3, 0xE7, 0x62, 0xA3, 0xE7, 0x62, 0xA3, 0xE7, 0x62, 0xA3, 0xE7, 0x62, 0xA3, 0xE7, 0x62, 0xA3, 0xE7, 0x62, 0xA3, 0xE7, 0x62, 0xA3, 0xE7, 0x62, 0xA3, 0xE7, 0x62, 0xA3, 0xE7, 
        0x62, 0xA3, 0xE7, 0x62, 0xA3, 0xE7, 0x62, 0xA3, 0xE7, 0x62, 0xA3, 0xE7, 0x62, 0xA3, 0xE7, 0x62, 0xA3, 0xE7, 0x62, 0xA3, 0xE7, 0x62, 0xA3, 0xE7, 0x62, 0xA3, 0xE7, 0x62, 0xA3, 0xE7, 0x62, 0xA3, 0xE7, 0x62, 0xA3, 0xE7, 0x62, 0xA3, 0xE7, 
        0x62, 0xA3, 0xE7, 0x62, 0xA3, 0xE7, 0x62, 0xA3, 0xE7, 0x62, 0xA3, 0xE7, 0x62, 0xA3, 0xE7, 0x64, 0xA4, 0xE7, 0xF5, 0xF9, 0xFD,
  0x62, 0xA3, 0xE7, 0x62, 0xA3, 0xE7, 0x62, 0xA3, 0xE7, 0x62, 0xA3, 0xE7, 0x62, 0xA3, 0xE7, 0x62, 0xA3, 0xE7, 0x62, 0xA3, 0xE7, 0x62, 0xA3, 0xE7, 0x62, 0xA3, 0xE7, 0x62, 0xA3, 0xE7, 0x62, 0xA3, 0xE7, 0x62, 0xA3, 0xE7, 0x62, 0xA3, 0xE7, 0x62, 0xA3, 0xE7, 
        0x62, 0xA3, 0xE7, 0x62, 0xA3, 0xE7, 0x62, 0xA3, 0xE7, 0x62, 0xA3, 0xE7, 0x62, 0xA3, 0xE7, 0x62, 0xA3, 0xE7, 0x62, 0xA3, 0xE7, 0x62, 0xA3, 0xE7, 0x62, 0xA3, 0xE7, 0x62, 0xA3, 0xE7, 0x62, 0xA3, 0xE7, 0x62, 0xA3, 0xE7, 0x62, 0xA3, 0xE7, 
        0x62, 0xA3, 0xE7, 0x62, 0xA3, 0xE7, 0x62, 0xA3, 0xE7, 0x62, 0xA3, 0xE7, 0x62, 0xA3, 0xE7, 0x62, 0xA3, 0xE7, 0x62, 0xA3, 0xE7, 0x62, 0xA3, 0xE7, 0x62, 0xA3, 0xE7, 0x62, 0xA3, 0xE7, 0x62, 0xA3, 0xE7, 0x62, 0xA3, 0xE7, 0x62, 0xA3, 0xE7, 
        0x62, 0xA3, 0xE7, 0x62, 0xA3, 0xE7, 0x62, 0xA3, 0xE7, 0x62, 0xA3, 0xE7, 0x62, 0xA3, 0xE7, 0x62, 0xA3, 0xE7, 0x62, 0xA3, 0xE7, 0x62, 0xA3, 0xE7, 0x62, 0xA3, 0xE7, 0x62, 0xA3, 0xE7, 0x62, 0xA3, 0xE7, 0x62, 0xA3, 0xE7, 0x62, 0xA3, 0xE7, 
        0x62, 0xA3, 0xE7, 0x62, 0xA3, 0xE7, 0x62, 0xA3, 0xE7, 0x62, 0xA3, 0xE7, 0x62, 0xA3, 0xE7, 0x62, 0xA3, 0xE7, 0x62, 0xA3, 0xE7, 0x62, 0xA3, 0xE7, 0x62, 0xA3, 0xE7, 0x62, 0xA3, 0xE7, 0x62, 0xA3, 0xE7, 0x62, 0xA3, 0xE7, 0x62, 0xA3, 0xE7, 
        0x62, 0xA3, 0xE7, 0x62, 0xA3, 0xE7, 0x62, 0xA3, 0xE7, 0x62, 0xA3, 0xE7, 0x62, 0xA3, 0xE7, 0x62, 0xA3, 0xE7, 0x62, 0xA3, 0xE7, 0x62, 0xA3, 0xE7, 0x62, 0xA3, 0xE7, 0x62, 0xA3, 0xE7, 0x62, 0xA3, 0xE7, 0x62, 0xA3, 0xE7, 0x62, 0xA3, 0xE7, 
        0x62, 0xA3, 0xE7, 0x62, 0xA3, 0xE7, 0x62, 0xA3, 0xE7, 0x62, 0xA3, 0xE7, 0x62, 0xA3, 0xE7, 0x62, 0xA3, 0xE7, 0x62, 0xA3, 0xE7, 0x62, 0xA3, 0xE7, 0x62, 0xA3, 0xE7, 0x62, 0xA3, 0xE7, 0x62, 0xA3, 0xE7, 0x62, 0xA3, 0xE7, 0x62, 0xA3, 0xE7, 
        0x62, 0xA3, 0xE7, 0x62, 0xA3, 0xE7, 0x62, 0xA3, 0xE7, 0x62, 0xA3, 0xE7, 0x62, 0xA3, 0xE7, 0x62, 0xA3, 0xE7, 0x62, 0xA3, 0xE7, 0x62, 0xA3, 0xE7, 0x62, 0xA3, 0xE7, 0x62, 0xA3, 0xE7, 0x62, 0xA3, 0xE7, 0x62, 0xA3, 0xE7, 0x62, 0xA3, 0xE7, 
        0x62, 0xA3, 0xE7, 0x62, 0xA3, 0xE7, 0x62, 0xA3, 0xE7, 0x62, 0xA3, 0xE7, 0x62, 0xA3, 0xE7, 0x62, 0xA3, 0xE7, 0x62, 0xA3, 0xE7, 0x62, 0xA3, 0xE7, 0x62, 0xA3, 0xE7, 0x62, 0xA3, 0xE7, 0x62, 0xA3, 0xE7, 0x62, 0xA3, 0xE7, 0x62, 0xA3, 0xE7, 
        0x62, 0xA3, 0xE7, 0x62, 0xA3, 0xE7, 0x62, 0xA3, 0xE7, 0x62, 0xA3, 0xE7, 0x62, 0xA3, 0xE7, 0x62, 0xA3, 0xE7, 0x62, 0xA3, 0xE7, 0x62, 0xA3, 0xE7, 0x62, 0xA3, 0xE7, 0x62, 0xA3, 0xE7, 0x62, 0xA3, 0xE7, 0x62, 0xA3, 0xE7, 0x62, 0xA3, 0xE7, 
        0x62, 0xA3, 0xE7, 0x62, 0xA3, 0xE7, 0x62, 0xA3, 0xE7, 0x62, 0xA3, 0xE7, 0x62, 0xA3, 0xE7, 0x62, 0xA3, 0xE7, 0x62, 0xA3, 0xE7, 0x62, 0xA3, 0xE7, 0x62, 0xA3, 0xE7, 0x62, 0xA3, 0xE7, 0x62, 0xA3, 0xE7, 0x62, 0xA3, 0xE7, 0x62, 0xA3, 0xE7, 
        0x62, 0xA3, 0xE7, 0x62, 0xA3, 0xE7, 0x62, 0xA3, 0xE7, 0x62, 0xA3, 0xE7, 0x62, 0xA3, 0xE7, 0x62, 0xA3, 0xE7, 0x62, 0xA3, 0xE7, 0x62, 0xA3, 0xE7, 0x62, 0xA3, 0xE7, 0x62, 0xA3, 0xE7, 0x62, 0xA3, 0xE7, 0x62, 0xA3, 0xE7, 0x62, 0xA3, 0xE7, 
        0x62, 0xA3, 0xE7, 0x62, 0xA3, 0xE7, 0x62, 0xA3, 0xE7, 0x62, 0xA3, 0xE7, 0x62, 0xA3, 0xE7, 0x62, 0xA3, 0xE7, 0x62, 0xA3, 0xE7, 0x62, 0xA3, 0xE7, 0x62, 0xA3, 0xE7, 0x62, 0xA3, 0xE7, 0x62, 0xA3, 0xE7, 0x62, 0xA3, 0xE7, 0x62, 0xA3, 0xE7, 
        0x62, 0xA3, 0xE7, 0x62, 0xA3, 0xE7, 0x62, 0xA3, 0xE7, 0x62, 0xA3, 0xE7, 0x62, 0xA3, 0xE7, 0x62, 0xA3, 0xE7, 0x62, 0xA3, 0xE7, 0x62, 0xA3, 0xE7, 0x62, 0xA3, 0xE7, 0x62, 0xA3, 0xE7, 0x62, 0xA3, 0xE7, 0x62, 0xA3, 0xE7, 0x62, 0xA3, 0xE7, 
        0x62, 0xA3, 0xE7, 0x62, 0xA3, 0xE7, 0x62, 0xA3, 0xE7, 0x62, 0xA3, 0xE7, 0x62, 0xA3, 0xE7, 0x62, 0xA3, 0xE7, 0x62, 0xA3, 0xE7, 0x62, 0xA3, 0xE7, 0x62, 0xA3, 0xE7, 0x62, 0xA3, 0xE7, 0x62, 0xA3, 0xE7, 0x62, 0xA3, 0xE7, 0x62, 0xA3, 0xE7, 
        0x62, 0xA3, 0xE7, 0x62, 0xA3, 0xE7, 0x62, 0xA3, 0xE7, 0x62, 0xA3, 0xE7, 0x62, 0xA3, 0xE7, 0x62, 0xA3, 0xE7, 0x62, 0xA3, 0xE7, 0x62, 0xA3, 0xE7, 0x62, 0xA3, 0xE7, 0x62, 0xA3, 0xE7, 0x62, 0xA3, 0xE7, 0x62, 0xA3, 0xE7, 0x62, 0xA3, 0xE7, 
        0x62, 0xA3, 0xE7, 0x62, 0xA3, 0xE7, 0x62, 0xA3, 0xE7, 0x62, 0xA3, 0xE7, 0x62, 0xA3, 0xE7, 0x62, 0xA3, 0xE7, 0x62, 0xA3, 0xE7, 0x62, 0xA3, 0xE7, 0x62, 0xA3, 0xE7, 0x62, 0xA3, 0xE7, 0x62, 0xA3, 0xE7, 0x62, 0xA3, 0xE7, 0x62, 0xA3, 0xE7, 
        0x62, 0xA3, 0xE7, 0x62, 0xA3, 0xE7, 0x62, 0xA3, 0xE7, 0x62, 0xA3, 0xE7, 0x62, 0xA3, 0xE7, 0x62, 0xA3, 0xE7, 0x62, 0xA3, 0xE7, 0x62, 0xA3, 0xE7, 0x62, 0xA3, 0xE7, 0x62, 0xA3, 0xE7, 0x62, 0xA3, 0xE7, 0x62, 0xA3, 0xE7, 0x62, 0xA3, 0xE7, 
        0x62, 0xA3, 0xE7, 0x62, 0xA3, 0xE7, 0x62, 0xA3, 0xE7, 0x62, 0xA3, 0xE7, 0x62, 0xA3, 0xE7, 0x62, 0xA3, 0xE7, 0x62, 0xA3, 0xE7, 0x62, 0xA3, 0xE7, 0x62, 0xA3, 0xE7, 0x62, 0xA3, 0xE7, 0x62, 0xA3, 0xE7, 0x62, 0xA3, 0xE7, 0x62, 0xA3, 0xE7, 
        0x62, 0xA3, 0xE7, 0x62, 0xA3, 0xE7, 0x62, 0xA3, 0xE7, 0x62, 0xA3, 0xE7, 0x62, 0xA3, 0xE7, 0x62, 0xA3, 0xE7, 0x62, 0xA3, 0xE7, 0x62, 0xA3, 0xE7, 0x62, 0xA3, 0xE7, 0x62, 0xA3, 0xE7, 0x62, 0xA3, 0xE7, 0x62, 0xA3, 0xE7, 0x62, 0xA3, 0xE7, 
        0x62, 0xA3, 0xE7, 0x62, 0xA3, 0xE7, 0x62, 0xA3, 0xE7, 0x62, 0xA3, 0xE7, 0x62, 0xA3, 0xE7, 0x62, 0xA3, 0xE7, 0x62, 0xA3, 0xE7, 0x62, 0xA3, 0xE7, 0x62, 0xA3, 0xE7, 0x62, 0xA3, 0xE7, 0x62, 0xA3, 0xE7, 0x62, 0xA3, 0xE7, 0x62, 0xA3, 0xE7, 
        0x62, 0xA3, 0xE7, 0x62, 0xA3, 0xE7, 0x62, 0xA3, 0xE7, 0x62, 0xA3, 0xE7, 0x62, 0xA3, 0xE7, 0x62, 0xA3, 0xE7, 0x62, 0xA3, 0xE7, 0x62, 0xA3, 0xE7, 0x62, 0xA3, 0xE7, 0x62, 0xA3, 0xE7, 0x62, 0xA3, 0xE7, 0x62, 0xA3, 0xE7, 0x62, 0xA3, 0xE7, 
        0x62, 0xA3, 0xE7, 0x62, 0xA3, 0xE7, 0x62, 0xA3, 0xE7, 0x62, 0xA3, 0xE7, 0x62, 0xA3, 0xE7, 0x62, 0xA3, 0xE7, 0x62, 0xA3, 0xE7, 0x62, 0xA3, 0xE7, 0x62, 0xA3, 0xE7, 0x62, 0xA3, 0xE7, 0x62, 0xA3, 0xE7, 0x62, 0xA3, 0xE7, 0x62, 0xA3, 0xE7, 
        0x62, 0xA3, 0xE7, 0x62, 0xA3, 0xE7, 0x62, 0xA3, 0xE7, 0x62, 0xA3, 0xE7, 0x62, 0xA3, 0xE7, 0x62, 0xA3, 0xE7, 0x62, 0xA3, 0xE7, 0x62, 0xA3, 0xE7, 0x62, 0xA3, 0xE7, 0x62, 0xA3, 0xE7, 0x62, 0xA3, 0xE7, 0x62, 0xA3, 0xE7, 0x62, 0xA3, 0xE7, 
        0x62, 0xA3, 0xE7, 0x62, 0xA3, 0xE7, 0x62, 0xA3, 0xE7, 0x62, 0xA3, 0xE7, 0x62, 0xA3, 0xE7, 0x62, 0xA3, 0xE7, 0xCE, 0xE2, 0xF8,
  0x62, 0xA3, 0xE7, 0x62, 0xA3, 0xE7, 0x62, 0xA3, 0xE7, 0x62, 0xA3, 0xE7, 0x62, 0xA3, 0xE7, 0x62, 0xA3, 0xE7, 0x62, 0xA3, 0xE7, 0x62, 0xA3, 0xE7, 0x62, 0xA3, 0xE7, 0x62, 0xA3, 0xE7, 0x62, 0xA3, 0xE7, 0x62, 0xA3, 0xE7, 0x62, 0xA3, 0xE7, 0x62, 0xA3, 0xE7, 
        0x62, 0xA3, 0xE7, 0x62, 0xA3, 0xE7, 0x62, 0xA3, 0xE7, 0x62, 0xA3, 0xE7, 0x62, 0xA3, 0xE7, 0x62, 0xA3, 0xE7, 0x62, 0xA3, 0xE7, 0x62, 0xA3, 0xE7, 0x62, 0xA3, 0xE7, 0x62, 0xA3, 0xE7, 0x62, 0xA3, 0xE7, 0x62, 0xA3, 0xE7, 0x62, 0xA3, 0xE7, 
        0x62, 0xA3, 0xE7, 0x62, 0xA3, 0xE7, 0x62, 0xA3, 0xE7, 0x62, 0xA3, 0xE7, 0x62, 0xA3, 0xE7, 0x62, 0xA3, 0xE7, 0x62, 0xA3, 0xE7, 0x62, 0xA3, 0xE7, 0x62, 0xA3, 0xE7, 0x62, 0xA3, 0xE7, 0x62, 0xA3, 0xE7, 0x62, 0xA3, 0xE7, 0x62, 0xA3, 0xE7, 
        0x62, 0xA3, 0xE7, 0x62, 0xA3, 0xE7, 0x62, 0xA3, 0xE7, 0x62, 0xA3, 0xE7, 0x62, 0xA3, 0xE7, 0x62, 0xA3, 0xE7, 0x62, 0xA3, 0xE7, 0x62, 0xA3, 0xE7, 0x62, 0xA3, 0xE7, 0x62, 0xA3, 0xE7, 0x62, 0xA3, 0xE7, 0x62, 0xA3, 0xE7, 0x62, 0xA3, 0xE7, 
        0x62, 0xA3, 0xE7, 0x62, 0xA3, 0xE7, 0x62, 0xA3, 0xE7, 0x62, 0xA3, 0xE7, 0x62, 0xA3, 0xE7, 0x62, 0xA3, 0xE7, 0x62, 0xA3, 0xE7, 0x62, 0xA3, 0xE7, 0x62, 0xA3, 0xE7, 0x62, 0xA3, 0xE7, 0x62, 0xA3, 0xE7, 0x62, 0xA3, 0xE7, 0x62, 0xA3, 0xE7, 
        0x62, 0xA3, 0xE7, 0x62, 0xA3, 0xE7, 0x62, 0xA3, 0xE7, 0x62, 0xA3, 0xE7, 0x62, 0xA3, 0xE7, 0x62, 0xA3, 0xE7, 0x62, 0xA3, 0xE7, 0x62, 0xA3, 0xE7, 0x62, 0xA3, 0xE7, 0x62, 0xA3, 0xE7, 0x62, 0xA3, 0xE7, 0x62, 0xA3, 0xE7, 0x62, 0xA3, 0xE7, 
        0x62, 0xA3, 0xE7, 0x62, 0xA3, 0xE7, 0x62, 0xA3, 0xE7, 0x62, 0xA3, 0xE7, 0x62, 0xA3, 0xE7, 0x62, 0xA3, 0xE7, 0x62, 0xA3, 0xE7, 0x62, 0xA3, 0xE7, 0x62, 0xA3, 0xE7, 0x62, 0xA3, 0xE7, 0x62, 0xA3, 0xE7, 0x62, 0xA3, 0xE7, 0x62, 0xA3, 0xE7, 
        0x62, 0xA3, 0xE7, 0x62, 0xA3, 0xE7, 0x62, 0xA3, 0xE7, 0x62, 0xA3, 0xE7, 0x62, 0xA3, 0xE7, 0x62, 0xA3, 0xE7, 0x62, 0xA3, 0xE7, 0x62, 0xA3, 0xE7, 0x62, 0xA3, 0xE7, 0x62, 0xA3, 0xE7, 0x62, 0xA3, 0xE7, 0x62, 0xA3, 0xE7, 0x62, 0xA3, 0xE7, 
        0x62, 0xA3, 0xE7, 0x62, 0xA3, 0xE7, 0x62, 0xA3, 0xE7, 0x62, 0xA3, 0xE7, 0x62, 0xA3, 0xE7, 0x62, 0xA3, 0xE7, 0x62, 0xA3, 0xE7, 0x62, 0xA3, 0xE7, 0x62, 0xA3, 0xE7, 0x62, 0xA3, 0xE7, 0x62, 0xA3, 0xE7, 0x62, 0xA3, 0xE7, 0x62, 0xA3, 0xE7, 
        0x62, 0xA3, 0xE7, 0x62, 0xA3, 0xE7, 0x62, 0xA3, 0xE7, 0x62, 0xA3, 0xE7, 0x62, 0xA3, 0xE7, 0x62, 0xA3, 0xE7, 0x62, 0xA3, 0xE7, 0x62, 0xA3, 0xE7, 0x62, 0xA3, 0xE7, 0x62, 0xA3, 0xE7, 0x62, 0xA3, 0xE7, 0x62, 0xA3, 0xE7, 0x62, 0xA3, 0xE7, 
        0x62, 0xA3, 0xE7, 0x62, 0xA3, 0xE7, 0x62, 0xA3, 0xE7, 0x62, 0xA3, 0xE7, 0x62, 0xA3, 0xE7, 0x62, 0xA3, 0xE7, 0x62, 0xA3, 0xE7, 0x62, 0xA3, 0xE7, 0x62, 0xA3, 0xE7, 0x62, 0xA3, 0xE7, 0x62, 0xA3, 0xE7, 0x62, 0xA3, 0xE7, 0x62, 0xA3, 0xE7, 
        0x62, 0xA3, 0xE7, 0x62, 0xA3, 0xE7, 0x62, 0xA3, 0xE7, 0x62, 0xA3, 0xE7, 0x62, 0xA3, 0xE7, 0x62, 0xA3, 0xE7, 0x62, 0xA3, 0xE7, 0x62, 0xA3, 0xE7, 0x62, 0xA3, 0xE7, 0x62, 0xA3, 0xE7, 0x62, 0xA3, 0xE7, 0x62, 0xA3, 0xE7, 0x62, 0xA3, 0xE7, 
        0x62, 0xA3, 0xE7, 0x62, 0xA3, 0xE7, 0x62, 0xA3, 0xE7, 0x62, 0xA3, 0xE7, 0x62, 0xA3, 0xE7, 0x62, 0xA3, 0xE7, 0x62, 0xA3, 0xE7, 0x62, 0xA3, 0xE7, 0x62, 0xA3, 0xE7, 0x62, 0xA3, 0xE7, 0x62, 0xA3, 0xE7, 0x62, 0xA3, 0xE7, 0x62, 0xA3, 0xE7, 
        0x62, 0xA3, 0xE7, 0x62, 0xA3, 0xE7, 0x62, 0xA3, 0xE7, 0x62, 0xA3, 0xE7, 0x62, 0xA3, 0xE7, 0x62, 0xA3, 0xE7, 0x62, 0xA3, 0xE7, 0x62, 0xA3, 0xE7, 0x62, 0xA3, 0xE7, 0x62, 0xA3, 0xE7, 0x62, 0xA3, 0xE7, 0x62, 0xA3, 0xE7, 0x62, 0xA3, 0xE7, 
        0x62, 0xA3, 0xE7, 0x62, 0xA3, 0xE7, 0x62, 0xA3, 0xE7, 0x62, 0xA3, 0xE7, 0x62, 0xA3, 0xE7, 0x62, 0xA3, 0xE7, 0x62, 0xA3, 0xE7, 0x62, 0xA3, 0xE7, 0x62, 0xA3, 0xE7, 0x62, 0xA3, 0xE7, 0x62, 0xA3, 0xE7, 0x62, 0xA3, 0xE7, 0x62, 0xA3, 0xE7, 
        0x62, 0xA3, 0xE7, 0x62, 0xA3, 0xE7, 0x62, 0xA3, 0xE7, 0x62, 0xA3, 0xE7, 0x62, 0xA3, 0xE7, 0x62, 0xA3, 0xE7, 0x62, 0xA3, 0xE7, 0x62, 0xA3, 0xE7, 0x62, 0xA3, 0xE7, 0x62, 0xA3, 0xE7, 0x62, 0xA3, 0xE7, 0x62, 0xA3, 0xE7, 0x62, 0xA3, 0xE7, 
        0x62, 0xA3, 0xE7, 0x62, 0xA3, 0xE7, 0x62, 0xA3, 0xE7, 0x62, 0xA3, 0xE7, 0x62, 0xA3, 0xE7, 0x62, 0xA3, 0xE7, 0x62, 0xA3, 0xE7, 0x62, 0xA3, 0xE7, 0x62, 0xA3, 0xE7, 0x62, 0xA3, 0xE7, 0x62, 0xA3, 0xE7, 0x62, 0xA3, 0xE7, 0x62, 0xA3, 0xE7, 
        0x62, 0xA3, 0xE7, 0x62, 0xA3, 0xE7, 0x62, 0xA3, 0xE7, 0x62, 0xA3, 0xE7, 0x62, 0xA3, 0xE7, 0x62, 0xA3, 0xE7, 0x62, 0xA3, 0xE7, 0x62, 0xA3, 0xE7, 0x62, 0xA3, 0xE7, 0x62, 0xA3, 0xE7, 0x62, 0xA3, 0xE7, 0x62, 0xA3, 0xE7, 0x62, 0xA3, 0xE7, 
        0x62, 0xA3, 0xE7, 0x62, 0xA3, 0xE7, 0x62, 0xA3, 0xE7, 0x62, 0xA3, 0xE7, 0x62, 0xA3, 0xE7, 0x62, 0xA3, 0xE7, 0x62, 0xA3, 0xE7, 0x62, 0xA3, 0xE7, 0x62, 0xA3, 0xE7, 0x62, 0xA3, 0xE7, 0x62, 0xA3, 0xE7, 0x62, 0xA3, 0xE7, 0x62, 0xA3, 0xE7, 
        0x62, 0xA3, 0xE7, 0x62, 0xA3, 0xE7, 0x62, 0xA3, 0xE7, 0x62, 0xA3, 0xE7, 0x62, 0xA3, 0xE7, 0x62, 0xA3, 0xE7, 0x62, 0xA3, 0xE7, 0x62, 0xA3, 0xE7, 0x62, 0xA3, 0xE7, 0x62, 0xA3, 0xE7, 0x62, 0xA3, 0xE7, 0x62, 0xA3, 0xE7, 0x62, 0xA3, 0xE7, 
        0x62, 0xA3, 0xE7, 0x62, 0xA3, 0xE7, 0x62, 0xA3, 0xE7, 0x62, 0xA3, 0xE7, 0x62, 0xA3, 0xE7, 0x62, 0xA3, 0xE7, 0x62, 0xA3, 0xE7, 0x62, 0xA3, 0xE7, 0x62, 0xA3, 0xE7, 0x62, 0xA3, 0xE7, 0x62, 0xA3, 0xE7, 0x62, 0xA3, 0xE7, 0x62, 0xA3, 0xE7, 
        0x62, 0xA3, 0xE7, 0x62, 0xA3, 0xE7, 0x62, 0xA3, 0xE7, 0x62, 0xA3, 0xE7, 0x62, 0xA3, 0xE7, 0x62, 0xA3, 0xE7, 0x62, 0xA3, 0xE7, 0x62, 0xA3, 0xE7, 0x62, 0xA3, 0xE7, 0x62, 0xA3, 0xE7, 0x62, 0xA3, 0xE7, 0x62, 0xA3, 0xE7, 0x62, 0xA3, 0xE7, 
        0x62, 0xA3, 0xE7, 0x62, 0xA3, 0xE7, 0x62, 0xA3, 0xE7, 0x62, 0xA3, 0xE7, 0x62, 0xA3, 0xE7, 0x62, 0xA3, 0xE7, 0x62, 0xA3, 0xE7, 0x62, 0xA3, 0xE7, 0x62, 0xA3, 0xE7, 0x62, 0xA3, 0xE7, 0x62, 0xA3, 0xE7, 0x62, 0xA3, 0xE7, 0x62, 0xA3, 0xE7, 
        0x62, 0xA3, 0xE7, 0x62, 0xA3, 0xE7, 0x62, 0xA3, 0xE7, 0x62, 0xA3, 0xE7, 0x62, 0xA3, 0xE7, 0x62, 0xA3, 0xE7, 0x62, 0xA3, 0xE7, 0x62, 0xA3, 0xE7, 0x62, 0xA3, 0xE7, 0x62, 0xA3, 0xE7, 0x62, 0xA3, 0xE7, 0x62, 0xA3, 0xE7, 0x62, 0xA3, 0xE7, 
        0x62, 0xA3, 0xE7, 0x62, 0xA3, 0xE7, 0x62, 0xA3, 0xE7, 0x62, 0xA3, 0xE7, 0x62, 0xA3, 0xE7, 0x62, 0xA3, 0xE7, 0xA9, 0xCC, 0xF2,
  0x62, 0xA3, 0xE7, 0x62, 0xA3, 0xE7, 0x62, 0xA3, 0xE7, 0x62, 0xA3, 0xE7, 0x62, 0xA3, 0xE7, 0x62, 0xA3, 0xE7, 0x62, 0xA3, 0xE7, 0x62, 0xA3, 0xE7, 0x62, 0xA3, 0xE7, 0x62, 0xA3, 0xE7, 0x62, 0xA3, 0xE7, 0x62, 0xA3, 0xE7, 0x62, 0xA3, 0xE7, 0x62, 0xA3, 0xE7, 
        0x62, 0xA3, 0xE7, 0x62, 0xA3, 0xE7, 0x62, 0xA3, 0xE7, 0x62, 0xA3, 0xE7, 0x62, 0xA3, 0xE7, 0x62, 0xA3, 0xE7, 0x62, 0xA3, 0xE7, 0x62, 0xA3, 0xE7, 0x62, 0xA3, 0xE7, 0x62, 0xA3, 0xE7, 0x62, 0xA3, 0xE7, 0x62, 0xA3, 0xE7, 0x62, 0xA3, 0xE7, 
        0x62, 0xA3, 0xE7, 0x62, 0xA3, 0xE7, 0x62, 0xA3, 0xE7, 0x62, 0xA3, 0xE7, 0x62, 0xA3, 0xE7, 0x62, 0xA3, 0xE7, 0x62, 0xA3, 0xE7, 0x62, 0xA3, 0xE7, 0x62, 0xA3, 0xE7, 0x62, 0xA3, 0xE7, 0x62, 0xA3, 0xE7, 0x62, 0xA3, 0xE7, 0x62, 0xA3, 0xE7, 
        0x62, 0xA3, 0xE7, 0x62, 0xA3, 0xE7, 0x62, 0xA3, 0xE7, 0x62, 0xA3, 0xE7, 0x62, 0xA3, 0xE7, 0x62, 0xA3, 0xE7, 0x62, 0xA3, 0xE7, 0x62, 0xA3, 0xE7, 0x62, 0xA3, 0xE7, 0x62, 0xA3, 0xE7, 0x62, 0xA3, 0xE7, 0x62, 0xA3, 0xE7, 0x62, 0xA3, 0xE7, 
        0x62, 0xA3, 0xE7, 0x62, 0xA3, 0xE7, 0x62, 0xA3, 0xE7, 0x62, 0xA3, 0xE7, 0x62, 0xA3, 0xE7, 0x62, 0xA3, 0xE7, 0x62, 0xA3, 0xE7, 0x62, 0xA3, 0xE7, 0x62, 0xA3, 0xE7, 0x62, 0xA3, 0xE7, 0x62, 0xA3, 0xE7, 0x62, 0xA3, 0xE7, 0x62, 0xA3, 0xE7, 
        0x62, 0xA3, 0xE7, 0x62, 0xA3, 0xE7, 0x62, 0xA3, 0xE7, 0x62, 0xA3, 0xE7, 0x62, 0xA3, 0xE7, 0x62, 0xA3, 0xE7, 0x62, 0xA3, 0xE7, 0x62, 0xA3, 0xE7, 0x62, 0xA3, 0xE7, 0x62, 0xA3, 0xE7, 0x62, 0xA3, 0xE7, 0x62, 0xA3, 0xE7, 0x62, 0xA3, 0xE7, 
        0x62, 0xA3, 0xE7, 0x62, 0xA3, 0xE7, 0x62, 0xA3, 0xE7, 0x62, 0xA3, 0xE7, 0x62, 0xA3, 0xE7, 0x62, 0xA3, 0xE7, 0x62, 0xA3, 0xE7, 0x62, 0xA3, 0xE7, 0x62, 0xA3, 0xE7, 0x62, 0xA3, 0xE7, 0x62, 0xA3, 0xE7, 0x62, 0xA3, 0xE7, 0x62, 0xA3, 0xE7, 
        0x62, 0xA3, 0xE7, 0x62, 0xA3, 0xE7, 0x62, 0xA3, 0xE7, 0x62, 0xA3, 0xE7, 0x62, 0xA3, 0xE7, 0x62, 0xA3, 0xE7, 0x62, 0xA3, 0xE7, 0x62, 0xA3, 0xE7, 0x62, 0xA3, 0xE7, 0x62, 0xA3, 0xE7, 0x62, 0xA3, 0xE7, 0x62, 0xA3, 0xE7, 0x62, 0xA3, 0xE7, 
        0x62, 0xA3, 0xE7, 0x62, 0xA3, 0xE7, 0x62, 0xA3, 0xE7, 0x62, 0xA3, 0xE7, 0x62, 0xA3, 0xE7, 0x62, 0xA3, 0xE7, 0x62, 0xA3, 0xE7, 0x62, 0xA3, 0xE7, 0x62, 0xA3, 0xE7, 0x62, 0xA3, 0xE7, 0x62, 0xA3, 0xE7, 0x62, 0xA3, 0xE7, 0x62, 0xA3, 0xE7, 
        0x62, 0xA3, 0xE7, 0x62, 0xA3, 0xE7, 0x62, 0xA3, 0xE7, 0x62, 0xA3, 0xE7, 0x62, 0xA3, 0xE7, 0x62, 0xA3, 0xE7, 0x62, 0xA3, 0xE7, 0x62, 0xA3, 0xE7, 0x62, 0xA3, 0xE7, 0x62, 0xA3, 0xE7, 0x62, 0xA3, 0xE7, 0x62, 0xA3, 0xE7, 0x62, 0xA3, 0xE7, 
        0x62, 0xA3, 0xE7, 0x62, 0xA3, 0xE7, 0x62, 0xA3, 0xE7, 0x62, 0xA3, 0xE7, 0x62, 0xA3, 0xE7, 0x62, 0xA3, 0xE7, 0x62, 0xA3, 0xE7, 0x62, 0xA3, 0xE7, 0x62, 0xA3, 0xE7, 0x62, 0xA3, 0xE7, 0x62, 0xA3, 0xE7, 0x62, 0xA3, 0xE7, 0x62, 0xA3, 0xE7, 
        0x62, 0xA3, 0xE7, 0x62, 0xA3, 0xE7, 0x62, 0xA3, 0xE7, 0x62, 0xA3, 0xE7, 0x62, 0xA3, 0xE7, 0x62, 0xA3, 0xE7, 0x62, 0xA3, 0xE7, 0x62, 0xA3, 0xE7, 0x62, 0xA3, 0xE7, 0x62, 0xA3, 0xE7, 0x62, 0xA3, 0xE7, 0x62, 0xA3, 0xE7, 0x62, 0xA3, 0xE7, 
        0x62, 0xA3, 0xE7, 0x62, 0xA3, 0xE7, 0x62, 0xA3, 0xE7, 0x62, 0xA3, 0xE7, 0x62, 0xA3, 0xE7, 0x62, 0xA3, 0xE7, 0x62, 0xA3, 0xE7, 0x62, 0xA3, 0xE7, 0x62, 0xA3, 0xE7, 0x62, 0xA3, 0xE7, 0x62, 0xA3, 0xE7, 0x62, 0xA3, 0xE7, 0x62, 0xA3, 0xE7, 
        0x62, 0xA3, 0xE7, 0x62, 0xA3, 0xE7, 0x62, 0xA3, 0xE7, 0x62, 0xA3, 0xE7, 0x62, 0xA3, 0xE7, 0x62, 0xA3, 0xE7, 0x62, 0xA3, 0xE7, 0x62, 0xA3, 0xE7, 0x62, 0xA3, 0xE7, 0x62, 0xA3, 0xE7, 0x62, 0xA3, 0xE7, 0x62, 0xA3, 0xE7, 0x62, 0xA3, 0xE7, 
        0x62, 0xA3, 0xE7, 0x62, 0xA3, 0xE7, 0x62, 0xA3, 0xE7, 0x62, 0xA3, 0xE7, 0x62, 0xA3, 0xE7, 0x62, 0xA3, 0xE7, 0x62, 0xA3, 0xE7, 0x62, 0xA3, 0xE7, 0x62, 0xA3, 0xE7, 0x62, 0xA3, 0xE7, 0x62, 0xA3, 0xE7, 0x62, 0xA3, 0xE7, 0x62, 0xA3, 0xE7, 
        0x62, 0xA3, 0xE7, 0x62, 0xA3, 0xE7, 0x62, 0xA3, 0xE7, 0x62, 0xA3, 0xE7, 0x62, 0xA3, 0xE7, 0x62, 0xA3, 0xE7, 0x62, 0xA3, 0xE7, 0x62, 0xA3, 0xE7, 0x62, 0xA3, 0xE7, 0x62, 0xA3, 0xE7, 0x62, 0xA3, 0xE7, 0x62, 0xA3, 0xE7, 0x62, 0xA3, 0xE7, 
        0x62, 0xA3, 0xE7, 0x62, 0xA3, 0xE7, 0x62, 0xA3, 0xE7, 0x62, 0xA3, 0xE7, 0x62, 0xA3, 0xE7, 0x62, 0xA3, 0xE7, 0x62, 0xA3, 0xE7, 0x62, 0xA3, 0xE7, 0x62, 0xA3, 0xE7, 0x62, 0xA3, 0xE7, 0x62, 0xA3, 0xE7, 0x62, 0xA3, 0xE7, 0x62, 0xA3, 0xE7, 
        0x62, 0xA3, 0xE7, 0x62, 0xA3, 0xE7, 0x62, 0xA3, 0xE7, 0x62, 0xA3, 0xE7, 0x62, 0xA3, 0xE7, 0x62, 0xA3, 0xE7, 0x62, 0xA3, 0xE7, 0x62, 0xA3, 0xE7, 0x62, 0xA3, 0xE7, 0x62, 0xA3, 0xE7, 0x62, 0xA3, 0xE7, 0x62, 0xA3, 0xE7, 0x62, 0xA3, 0xE7, 
        0x62, 0xA3, 0xE7, 0x62, 0xA3, 0xE7, 0x62, 0xA3, 0xE7, 0x62, 0xA3, 0xE7, 0x62, 0xA3, 0xE7, 0x62, 0xA3, 0xE7, 0x62, 0xA3, 0xE7, 0x62, 0xA3, 0xE7, 0x62, 0xA3, 0xE7, 0x62, 0xA3, 0xE7, 0x62, 0xA3, 0xE7, 0x62, 0xA3, 0xE7, 0x62, 0xA3, 0xE7, 
        0x62, 0xA3, 0xE7, 0x62, 0xA3, 0xE7, 0x62, 0xA3, 0xE7, 0x62, 0xA3, 0xE7, 0x62, 0xA3, 0xE7, 0x62, 0xA3, 0xE7, 0x62, 0xA3, 0xE7, 0x62, 0xA3, 0xE7, 0x62, 0xA3, 0xE7, 0x62, 0xA3, 0xE7, 0x62, 0xA3, 0xE7, 0x62, 0xA3, 0xE7, 0x62, 0xA3, 0xE7, 
        0x62, 0xA3, 0xE7, 0x62, 0xA3, 0xE7, 0x62, 0xA3, 0xE7, 0x62, 0xA3, 0xE7, 0x62, 0xA3, 0xE7, 0x62, 0xA3, 0xE7, 0x62, 0xA3, 0xE7, 0x62, 0xA3, 0xE7, 0x62, 0xA3, 0xE7, 0x62, 0xA3, 0xE7, 0x62, 0xA3, 0xE7, 0x62, 0xA3, 0xE7, 0x62, 0xA3, 0xE7, 
        0x62, 0xA3, 0xE7, 0x62, 0xA3, 0xE7, 0x62, 0xA3, 0xE7, 0x62, 0xA3, 0xE7, 0x62, 0xA3, 0xE7, 0x62, 0xA3, 0xE7, 0x62, 0xA3, 0xE7, 0x62, 0xA3, 0xE7, 0x62, 0xA3, 0xE7, 0x62, 0xA3, 0xE7, 0x62, 0xA3, 0xE7, 0x62, 0xA3, 0xE7, 0x62, 0xA3, 0xE7, 
        0x62, 0xA3, 0xE7, 0x62, 0xA3, 0xE7, 0x62, 0xA3, 0xE7, 0x62, 0xA3, 0xE7, 0x62, 0xA3, 0xE7, 0x62, 0xA3, 0xE7, 0x62, 0xA3, 0xE7, 0x62, 0xA3, 0xE7, 0x62, 0xA3, 0xE7, 0x62, 0xA3, 0xE7, 0x62, 0xA3, 0xE7, 0x62, 0xA3, 0xE7, 0x62, 0xA3, 0xE7, 
        0x62, 0xA3, 0xE7, 0x62, 0xA3, 0xE7, 0x62, 0xA3, 0xE7, 0x62, 0xA3, 0xE7, 0x62, 0xA3, 0xE7, 0x62, 0xA3, 0xE7, 0x62, 0xA3, 0xE7, 0x62, 0xA3, 0xE7, 0x62, 0xA3, 0xE7, 0x62, 0xA3, 0xE7, 0x62, 0xA3, 0xE7, 0x62, 0xA3, 0xE7, 0x62, 0xA3, 0xE7, 
        0x62, 0xA3, 0xE7, 0x62, 0xA3, 0xE7, 0x62, 0xA3, 0xE7, 0x62, 0xA3, 0xE7, 0x62, 0xA3, 0xE7, 0x62, 0xA3, 0xE7, 0x90, 0xBE, 0xEE,
  0x62, 0xA3, 0xE7, 0x62, 0xA3, 0xE7, 0x62, 0xA3, 0xE7, 0x62, 0xA3, 0xE7, 0x62, 0xA3, 0xE7, 0x62, 0xA3, 0xE7, 0x62, 0xA3, 0xE7, 0x62, 0xA3, 0xE7, 0x62, 0xA3, 0xE7, 0x62, 0xA3, 0xE7, 0x62, 0xA3, 0xE7, 0x62, 0xA3, 0xE7, 0x62, 0xA3, 0xE7, 0x62, 0xA3, 0xE7, 
        0x62, 0xA3, 0xE7, 0x62, 0xA3, 0xE7, 0x62, 0xA3, 0xE7, 0x62, 0xA3, 0xE7, 0x62, 0xA3, 0xE7, 0x62, 0xA3, 0xE7, 0x62, 0xA3, 0xE7, 0x62, 0xA3, 0xE7, 0x62, 0xA3, 0xE7, 0x62, 0xA3, 0xE7, 0x62, 0xA3, 0xE7, 0x62, 0xA3, 0xE7, 0x62, 0xA3, 0xE7, 
        0x62, 0xA3, 0xE7, 0x62, 0xA3, 0xE7, 0x62, 0xA3, 0xE7, 0x62, 0xA3, 0xE7, 0x62, 0xA3, 0xE7, 0x62, 0xA3, 0xE7, 0x62, 0xA3, 0xE7, 0x62, 0xA3, 0xE7, 0x62, 0xA3, 0xE7, 0x62, 0xA3, 0xE7, 0x62, 0xA3, 0xE7, 0x62, 0xA3, 0xE7, 0x62, 0xA3, 0xE7, 
        0x62, 0xA3, 0xE7, 0x62, 0xA3, 0xE7, 0x62, 0xA3, 0xE7, 0x62, 0xA3, 0xE7, 0x62, 0xA3, 0xE7, 0x62, 0xA3, 0xE7, 0x62, 0xA3, 0xE7, 0x62, 0xA3, 0xE7, 0x62, 0xA3, 0xE7, 0x62, 0xA3, 0xE7, 0x62, 0xA3, 0xE7, 0x62, 0xA3, 0xE7, 0x62, 0xA3, 0xE7, 
        0x62, 0xA3, 0xE7, 0x62, 0xA3, 0xE7, 0x62, 0xA3, 0xE7, 0x62, 0xA3, 0xE7, 0x62, 0xA3, 0xE7, 0x62, 0xA3, 0xE7, 0x62, 0xA3, 0xE7, 0x62, 0xA3, 0xE7, 0x62, 0xA3, 0xE7, 0x62, 0xA3, 0xE7, 0x62, 0xA3, 0xE7, 0x62, 0xA3, 0xE7, 0x62, 0xA3, 0xE7, 
        0x62, 0xA3, 0xE7, 0x62, 0xA3, 0xE7, 0x62, 0xA3, 0xE7, 0x62, 0xA3, 0xE7, 0x62, 0xA3, 0xE7, 0x62, 0xA3, 0xE7, 0x62, 0xA3, 0xE7, 0x62, 0xA3, 0xE7, 0x62, 0xA3, 0xE7, 0x62, 0xA3, 0xE7, 0x62, 0xA3, 0xE7, 0x62, 0xA3, 0xE7, 0x62, 0xA3, 0xE7, 
        0x62, 0xA3, 0xE7, 0x62, 0xA3, 0xE7, 0x62, 0xA3, 0xE7, 0x62, 0xA3, 0xE7, 0x62, 0xA3, 0xE7, 0x62, 0xA3, 0xE7, 0x62, 0xA3, 0xE7, 0x62, 0xA3, 0xE7, 0x62, 0xA3, 0xE7, 0x62, 0xA3, 0xE7, 0x62, 0xA3, 0xE7, 0x62, 0xA3, 0xE7, 0x62, 0xA3, 0xE7, 
        0x62, 0xA3, 0xE7, 0x62, 0xA3, 0xE7, 0x62, 0xA3, 0xE7, 0x62, 0xA3, 0xE7, 0x62, 0xA3, 0xE7, 0x62, 0xA3, 0xE7, 0x62, 0xA3, 0xE7, 0x62, 0xA3, 0xE7, 0x62, 0xA3, 0xE7, 0x62, 0xA3, 0xE7, 0x62, 0xA3, 0xE7, 0x62, 0xA3, 0xE7, 0x62, 0xA3, 0xE7, 
        0x62, 0xA3, 0xE7, 0x62, 0xA3, 0xE7, 0x62, 0xA3, 0xE7, 0x62, 0xA3, 0xE7, 0x62, 0xA3, 0xE7, 0x62, 0xA3, 0xE7, 0x62, 0xA3, 0xE7, 0x62, 0xA3, 0xE7, 0x62, 0xA3, 0xE7, 0x62, 0xA3, 0xE7, 0x62, 0xA3, 0xE7, 0x62, 0xA3, 0xE7, 0x62, 0xA3, 0xE7, 
        0x62, 0xA3, 0xE7, 0x62, 0xA3, 0xE7, 0x62, 0xA3, 0xE7, 0x62, 0xA3, 0xE7, 0x62, 0xA3, 0xE7, 0x62, 0xA3, 0xE7, 0x62, 0xA3, 0xE7, 0x62, 0xA3, 0xE7, 0x62, 0xA3, 0xE7, 0x62, 0xA3, 0xE7, 0x62, 0xA3, 0xE7, 0x62, 0xA3, 0xE7, 0x62, 0xA3, 0xE7, 
        0x62, 0xA3, 0xE7, 0x62, 0xA3, 0xE7, 0x62, 0xA3, 0xE7, 0x62, 0xA3, 0xE7, 0x62, 0xA3, 0xE7, 0x62, 0xA3, 0xE7, 0x62, 0xA3, 0xE7, 0x62, 0xA3, 0xE7, 0x62, 0xA3, 0xE7, 0x62, 0xA3, 0xE7, 0x62, 0xA3, 0xE7, 0x62, 0xA3, 0xE7, 0x62, 0xA3, 0xE7, 
        0x62, 0xA3, 0xE7, 0x62, 0xA3, 0xE7, 0x62, 0xA3, 0xE7, 0x62, 0xA3, 0xE7, 0x62, 0xA3, 0xE7, 0x62, 0xA3, 0xE7, 0x62, 0xA3, 0xE7, 0x62, 0xA3, 0xE7, 0x62, 0xA3, 0xE7, 0x62, 0xA3, 0xE7, 0x62, 0xA3, 0xE7, 0x62, 0xA3, 0xE7, 0x62, 0xA3, 0xE7, 
        0x62, 0xA3, 0xE7, 0x62, 0xA3, 0xE7, 0x62, 0xA3, 0xE7, 0x62, 0xA3, 0xE7, 0x62, 0xA3, 0xE7, 0x62, 0xA3, 0xE7, 0x62, 0xA3, 0xE7, 0x62, 0xA3, 0xE7, 0x62, 0xA3, 0xE7, 0x62, 0xA3, 0xE7, 0x62, 0xA3, 0xE7, 0x62, 0xA3, 0xE7, 0x62, 0xA3, 0xE7, 
        0x62, 0xA3, 0xE7, 0x62, 0xA3, 0xE7, 0x62, 0xA3, 0xE7, 0x62, 0xA3, 0xE7, 0x62, 0xA3, 0xE7, 0x62, 0xA3, 0xE7, 0x62, 0xA3, 0xE7, 0x62, 0xA3, 0xE7, 0x62, 0xA3, 0xE7, 0x62, 0xA3, 0xE7, 0x62, 0xA3, 0xE7, 0x62, 0xA3, 0xE7, 0x62, 0xA3, 0xE7, 
        0x62, 0xA3, 0xE7, 0x62, 0xA3, 0xE7, 0x62, 0xA3, 0xE7, 0x62, 0xA3, 0xE7, 0x62, 0xA3, 0xE7, 0x62, 0xA3, 0xE7, 0x62, 0xA3, 0xE7, 0x62, 0xA3, 0xE7, 0x62, 0xA3, 0xE7, 0x62, 0xA3, 0xE7, 0x62, 0xA3, 0xE7, 0x62, 0xA3, 0xE7, 0x62, 0xA3, 0xE7, 
        0x62, 0xA3, 0xE7, 0x62, 0xA3, 0xE7, 0x62, 0xA3, 0xE7, 0x62, 0xA3, 0xE7, 0x62, 0xA3, 0xE7, 0x62, 0xA3, 0xE7, 0x62, 0xA3, 0xE7, 0x62, 0xA3, 0xE7, 0x62, 0xA3, 0xE7, 0x62, 0xA3, 0xE7, 0x62, 0xA3, 0xE7, 0x62, 0xA3, 0xE7, 0x62, 0xA3, 0xE7, 
        0x62, 0xA3, 0xE7, 0x62, 0xA3, 0xE7, 0x62, 0xA3, 0xE7, 0x62, 0xA3, 0xE7, 0x62, 0xA3, 0xE7, 0x62, 0xA3, 0xE7, 0x62, 0xA3, 0xE7, 0x62, 0xA3, 0xE7, 0x62, 0xA3, 0xE7, 0x62, 0xA3, 0xE7, 0x62, 0xA3, 0xE7, 0x62, 0xA3, 0xE7, 0x62, 0xA3, 0xE7, 
        0x62, 0xA3, 0xE7, 0x62, 0xA3, 0xE7, 0x62, 0xA3, 0xE7, 0x62, 0xA3, 0xE7, 0x62, 0xA3, 0xE7, 0x62, 0xA3, 0xE7, 0x62, 0xA3, 0xE7, 0x62, 0xA3, 0xE7, 0x62, 0xA3, 0xE7, 0x62, 0xA3, 0xE7, 0x62, 0xA3, 0xE7, 0x62, 0xA3, 0xE7, 0x62, 0xA3, 0xE7, 
        0x62, 0xA3, 0xE7, 0x62, 0xA3, 0xE7, 0x62, 0xA3, 0xE7, 0x62, 0xA3, 0xE7, 0x62, 0xA3, 0xE7, 0x62, 0xA3, 0xE7, 0x62, 0xA3, 0xE7, 0x62, 0xA3, 0xE7, 0x62, 0xA3, 0xE7, 0x62, 0xA3, 0xE7, 0x62, 0xA3, 0xE7, 0x62, 0xA3, 0xE7, 0x62, 0xA3, 0xE7, 
        0x62, 0xA3, 0xE7, 0x62, 0xA3, 0xE7, 0x62, 0xA3, 0xE7, 0x62, 0xA3, 0xE7, 0x62, 0xA3, 0xE7, 0x62, 0xA3, 0xE7, 0x62, 0xA3, 0xE7, 0x62, 0xA3, 0xE7, 0x62, 0xA3, 0xE7, 0x62, 0xA3, 0xE7, 0x62, 0xA3, 0xE7, 0x62, 0xA3, 0xE7, 0x62, 0xA3, 0xE7, 
        0x62, 0xA3, 0xE7, 0x62, 0xA3, 0xE7, 0x62, 0xA3, 0xE7, 0x62, 0xA3, 0xE7, 0x62, 0xA3, 0xE7, 0x62, 0xA3, 0xE7, 0x62, 0xA3, 0xE7, 0x62, 0xA3, 0xE7, 0x62, 0xA3, 0xE7, 0x62, 0xA3, 0xE7, 0x62, 0xA3, 0xE7, 0x62, 0xA3, 0xE7, 0x62, 0xA3, 0xE7, 
        0x62, 0xA3, 0xE7, 0x62, 0xA3, 0xE7, 0x62, 0xA3, 0xE7, 0x62, 0xA3, 0xE7, 0x62, 0xA3, 0xE7, 0x62, 0xA3, 0xE7, 0x62, 0xA3, 0xE7, 0x62, 0xA3, 0xE7, 0x62, 0xA3, 0xE7, 0x62, 0xA3, 0xE7, 0x62, 0xA3, 0xE7, 0x62, 0xA3, 0xE7, 0x62, 0xA3, 0xE7, 
        0x62, 0xA3, 0xE7, 0x62, 0xA3, 0xE7, 0x62, 0xA3, 0xE7, 0x62, 0xA3, 0xE7, 0x62, 0xA3, 0xE7, 0x62, 0xA3, 0xE7, 0x62, 0xA3, 0xE7, 0x62, 0xA3, 0xE7, 0x62, 0xA3, 0xE7, 0x62, 0xA3, 0xE7, 0x62, 0xA3, 0xE7, 0x62, 0xA3, 0xE7, 0x62, 0xA3, 0xE7, 
        0x62, 0xA3, 0xE7, 0x62, 0xA3, 0xE7, 0x62, 0xA3, 0xE7, 0x62, 0xA3, 0xE7, 0x62, 0xA3, 0xE7, 0x62, 0xA3, 0xE7, 0x62, 0xA3, 0xE7, 0x62, 0xA3, 0xE7, 0x62, 0xA3, 0xE7, 0x62, 0xA3, 0xE7, 0x62, 0xA3, 0xE7, 0x62, 0xA3, 0xE7, 0x62, 0xA3, 0xE7, 
        0x62, 0xA3, 0xE7, 0x62, 0xA3, 0xE7, 0x62, 0xA3, 0xE7, 0x62, 0xA3, 0xE7, 0x62, 0xA3, 0xE7, 0x62, 0xA3, 0xE7, 0x79, 0xB1, 0xEB,
  0x62, 0xA3, 0xE7, 0x62, 0xA3, 0xE7, 0x62, 0xA3, 0xE7, 0x62, 0xA3, 0xE7, 0x62, 0xA3, 0xE7, 0x62, 0xA3, 0xE7, 0x62, 0xA3, 0xE7, 0x62, 0xA3, 0xE7, 0x62, 0xA3, 0xE7, 0x62, 0xA3, 0xE7, 0x62, 0xA3, 0xE7, 0x62, 0xA3, 0xE7, 0x62, 0xA3, 0xE7, 0x62, 0xA3, 0xE7, 
        0x62, 0xA3, 0xE7, 0x62, 0xA3, 0xE7, 0x62, 0xA3, 0xE7, 0x62, 0xA3, 0xE7, 0x62, 0xA3, 0xE7, 0x62, 0xA3, 0xE7, 0x62, 0xA3, 0xE7, 0x62, 0xA3, 0xE7, 0x62, 0xA3, 0xE7, 0x62, 0xA3, 0xE7, 0x62, 0xA3, 0xE7, 0x62, 0xA3, 0xE7, 0x62, 0xA3, 0xE7, 
        0x62, 0xA3, 0xE7, 0x62, 0xA3, 0xE7, 0x62, 0xA3, 0xE7, 0x62, 0xA3, 0xE7, 0x62, 0xA3, 0xE7, 0x62, 0xA3, 0xE7, 0x62, 0xA3, 0xE7, 0x62, 0xA3, 0xE7, 0x62, 0xA3, 0xE7, 0x62, 0xA3, 0xE7, 0x62, 0xA3, 0xE7, 0x62, 0xA3, 0xE7, 0x62, 0xA3, 0xE7, 
        0x62, 0xA3, 0xE7, 0x62, 0xA3, 0xE7, 0x62, 0xA3, 0xE7, 0x62, 0xA3, 0xE7, 0x62, 0xA3, 0xE7, 0x62, 0xA3, 0xE7, 0x62, 0xA3, 0xE7, 0x62, 0xA3, 0xE7, 0x62, 0xA3, 0xE7, 0x62, 0xA3, 0xE7, 0x62, 0xA3, 0xE7, 0x62, 0xA3, 0xE7, 0x62, 0xA3, 0xE7, 
        0x62, 0xA3, 0xE7, 0x62, 0xA3, 0xE7, 0x62, 0xA3, 0xE7, 0x62, 0xA3, 0xE7, 0x62, 0xA3, 0xE7, 0x62, 0xA3, 0xE7, 0x62, 0xA3, 0xE7, 0x62, 0xA3, 0xE7, 0x62, 0xA3, 0xE7, 0x62, 0xA3, 0xE7, 0x62, 0xA3, 0xE7, 0x62, 0xA3, 0xE7, 0x62, 0xA3, 0xE7, 
        0x62, 0xA3, 0xE7, 0x62, 0xA3, 0xE7, 0x62, 0xA3, 0xE7, 0x62, 0xA3, 0xE7, 0x62, 0xA3, 0xE7, 0x62, 0xA3, 0xE7, 0x62, 0xA3, 0xE7, 0x62, 0xA3, 0xE7, 0x62, 0xA3, 0xE7, 0x62, 0xA3, 0xE7, 0x62, 0xA3, 0xE7, 0x62, 0xA3, 0xE7, 0x62, 0xA3, 0xE7, 
        0x62, 0xA3, 0xE7, 0x62, 0xA3, 0xE7, 0x62, 0xA3, 0xE7, 0x62, 0xA3, 0xE7, 0x62, 0xA3, 0xE7, 0x62, 0xA3, 0xE7, 0x62, 0xA3, 0xE7, 0x62, 0xA3, 0xE7, 0x62, 0xA3, 0xE7, 0x62, 0xA3, 0xE7, 0x62, 0xA3, 0xE7, 0x62, 0xA3, 0xE7, 0x62, 0xA3, 0xE7, 
        0x62, 0xA3, 0xE7, 0x62, 0xA3, 0xE7, 0x62, 0xA3, 0xE7, 0x62, 0xA3, 0xE7, 0x62, 0xA3, 0xE7, 0x62, 0xA3, 0xE7, 0x62, 0xA3, 0xE7, 0x62, 0xA3, 0xE7, 0x62, 0xA3, 0xE7, 0x62, 0xA3, 0xE7, 0x62, 0xA3, 0xE7, 0x62, 0xA3, 0xE7, 0x62, 0xA3, 0xE7, 
        0x62, 0xA3, 0xE7, 0x62, 0xA3, 0xE7, 0x62, 0xA3, 0xE7, 0x62, 0xA3, 0xE7, 0x62, 0xA3, 0xE7, 0x62, 0xA3, 0xE7, 0x62, 0xA3, 0xE7, 0x62, 0xA3, 0xE7, 0x62, 0xA3, 0xE7, 0x62, 0xA3, 0xE7, 0x62, 0xA3, 0xE7, 0x62, 0xA3, 0xE7, 0x62, 0xA3, 0xE7, 
        0x62, 0xA3, 0xE7, 0x62, 0xA3, 0xE7, 0x62, 0xA3, 0xE7, 0x62, 0xA3, 0xE7, 0x62, 0xA3, 0xE7, 0x62, 0xA3, 0xE7, 0x62, 0xA3, 0xE7, 0x62, 0xA3, 0xE7, 0x62, 0xA3, 0xE7, 0x62, 0xA3, 0xE7, 0x62, 0xA3, 0xE7, 0x62, 0xA3, 0xE7, 0x62, 0xA3, 0xE7, 
        0x62, 0xA3, 0xE7, 0x62, 0xA3, 0xE7, 0x62, 0xA3, 0xE7, 0x62, 0xA3, 0xE7, 0x62, 0xA3, 0xE7, 0x62, 0xA3, 0xE7, 0x62, 0xA3, 0xE7, 0x62, 0xA3, 0xE7, 0x62, 0xA3, 0xE7, 0x62, 0xA3, 0xE7, 0x62, 0xA3, 0xE7, 0x62, 0xA3, 0xE7, 0x62, 0xA3, 0xE7, 
        0x62, 0xA3, 0xE7, 0x62, 0xA3, 0xE7, 0x62, 0xA3, 0xE7, 0x62, 0xA3, 0xE7, 0x62, 0xA3, 0xE7, 0x62, 0xA3, 0xE7, 0x62, 0xA3, 0xE7, 0x62, 0xA3, 0xE7, 0x62, 0xA3, 0xE7, 0x62, 0xA3, 0xE7, 0x62, 0xA3, 0xE7, 0x62, 0xA3, 0xE7, 0x62, 0xA3, 0xE7, 
        0x62, 0xA3, 0xE7, 0x62, 0xA3, 0xE7, 0x62, 0xA3, 0xE7, 0x62, 0xA3, 0xE7, 0x62, 0xA3, 0xE7, 0x62, 0xA3, 0xE7, 0x62, 0xA3, 0xE7, 0x62, 0xA3, 0xE7, 0x62, 0xA3, 0xE7, 0x62, 0xA3, 0xE7, 0x62, 0xA3, 0xE7, 0x62, 0xA3, 0xE7, 0x62, 0xA3, 0xE7, 
        0x62, 0xA3, 0xE7, 0x62, 0xA3, 0xE7, 0x62, 0xA3, 0xE7, 0x62, 0xA3, 0xE7, 0x62, 0xA3, 0xE7, 0x62, 0xA3, 0xE7, 0x62, 0xA3, 0xE7, 0x62, 0xA3, 0xE7, 0x62, 0xA3, 0xE7, 0x62, 0xA3, 0xE7, 0x62, 0xA3, 0xE7, 0x62, 0xA3, 0xE7, 0x62, 0xA3, 0xE7, 
        0x62, 0xA3, 0xE7, 0x62, 0xA3, 0xE7, 0x62, 0xA3, 0xE7, 0x62, 0xA3, 0xE7, 0x62, 0xA3, 0xE7, 0x62, 0xA3, 0xE7, 0x62, 0xA3, 0xE7, 0x62, 0xA3, 0xE7, 0x62, 0xA3, 0xE7, 0x62, 0xA3, 0xE7, 0x62, 0xA3, 0xE7, 0x62, 0xA3, 0xE7, 0x62, 0xA3, 0xE7, 
        0x62, 0xA3, 0xE7, 0x62, 0xA3, 0xE7, 0x62, 0xA3, 0xE7, 0x62, 0xA3, 0xE7, 0x62, 0xA3, 0xE7, 0x62, 0xA3, 0xE7, 0x62, 0xA3, 0xE7, 0x62, 0xA3, 0xE7, 0x62, 0xA3, 0xE7, 0x62, 0xA3, 0xE7, 0x62, 0xA3, 0xE7, 0x62, 0xA3, 0xE7, 0x62, 0xA3, 0xE7, 
        0x62, 0xA3, 0xE7, 0x62, 0xA3, 0xE7, 0x62, 0xA3, 0xE7, 0x62, 0xA3, 0xE7, 0x62, 0xA3, 0xE7, 0x62, 0xA3, 0xE7, 0x62, 0xA3, 0xE7, 0x62, 0xA3, 0xE7, 0x62, 0xA3, 0xE7, 0x62, 0xA3, 0xE7, 0x62, 0xA3, 0xE7, 0x62, 0xA3, 0xE7, 0x62, 0xA3, 0xE7, 
        0x62, 0xA3, 0xE7, 0x62, 0xA3, 0xE7, 0x62, 0xA3, 0xE7, 0x62, 0xA3, 0xE7, 0x62, 0xA3, 0xE7, 0x62, 0xA3, 0xE7, 0x62, 0xA3, 0xE7, 0x62, 0xA3, 0xE7, 0x62, 0xA3, 0xE7, 0x62, 0xA3, 0xE7, 0x62, 0xA3, 0xE7, 0x62, 0xA3, 0xE7, 0x62, 0xA3, 0xE7, 
        0x62, 0xA3, 0xE7, 0x62, 0xA3, 0xE7, 0x62, 0xA3, 0xE7, 0x62, 0xA3, 0xE7, 0x62, 0xA3, 0xE7, 0x62, 0xA3, 0xE7, 0x62, 0xA3, 0xE7, 0x62, 0xA3, 0xE7, 0x62, 0xA3, 0xE7, 0x62, 0xA3, 0xE7, 0x62, 0xA3, 0xE7, 0x62, 0xA3, 0xE7, 0x62, 0xA3, 0xE7, 
        0x62, 0xA3, 0xE7, 0x62, 0xA3, 0xE7, 0x62, 0xA3, 0xE7, 0x62, 0xA3, 0xE7, 0x62, 0xA3, 0xE7, 0x62, 0xA3, 0xE7, 0x62, 0xA3, 0xE7, 0x62, 0xA3, 0xE7, 0x62, 0xA3, 0xE7, 0x62, 0xA3, 0xE7, 0x62, 0xA3, 0xE7, 0x62, 0xA3, 0xE7, 0x62, 0xA3, 0xE7, 
        0x62, 0xA3, 0xE7, 0x62, 0xA3, 0xE7, 0x62, 0xA3, 0xE7, 0x62, 0xA3, 0xE7, 0x62, 0xA3, 0xE7, 0x62, 0xA3, 0xE7, 0x62, 0xA3, 0xE7, 0x62, 0xA3, 0xE7, 0x62, 0xA3, 0xE7, 0x62, 0xA3, 0xE7, 0x62, 0xA3, 0xE7, 0x62, 0xA3, 0xE7, 0x62, 0xA3, 0xE7, 
        0x62, 0xA3, 0xE7, 0x62, 0xA3, 0xE7, 0x62, 0xA3, 0xE7, 0x62, 0xA3, 0xE7, 0x62, 0xA3, 0xE7, 0x62, 0xA3, 0xE7, 0x62, 0xA3, 0xE7, 0x62, 0xA3, 0xE7, 0x62, 0xA3, 0xE7, 0x62, 0xA3, 0xE7, 0x62, 0xA3, 0xE7, 0x62, 0xA3, 0xE7, 0x62, 0xA3, 0xE7, 
        0x62, 0xA3, 0xE7, 0x62, 0xA3, 0xE7, 0x62, 0xA3, 0xE7, 0x62, 0xA3, 0xE7, 0x62, 0xA3, 0xE7, 0x62, 0xA3, 0xE7, 0x62, 0xA3, 0xE7, 0x62, 0xA3, 0xE7, 0x62, 0xA3, 0xE7, 0x62, 0xA3, 0xE7, 0x62, 0xA3, 0xE7, 0x62, 0xA3, 0xE7, 0x62, 0xA3, 0xE7, 
        0x62, 0xA3, 0xE7, 0x62, 0xA3, 0xE7, 0x62, 0xA3, 0xE7, 0x62, 0xA3, 0xE7, 0x62, 0xA3, 0xE7, 0x62, 0xA3, 0xE7, 0x62, 0xA3, 0xE7, 0x62, 0xA3, 0xE7, 0x62, 0xA3, 0xE7, 0x62, 0xA3, 0xE7, 0x62, 0xA3, 0xE7, 0x62, 0xA3, 0xE7, 0x62, 0xA3, 0xE7, 
        0x62, 0xA3, 0xE7, 0x62, 0xA3, 0xE7, 0x62, 0xA3, 0xE7, 0x62, 0xA3, 0xE7, 0x62, 0xA3, 0xE7, 0x62, 0xA3, 0xE7, 0x6D, 0xA9, 0xE9,
  0x62, 0xA3, 0xE7, 0x62, 0xA3, 0xE7, 0x62, 0xA3, 0xE7, 0x62, 0xA3, 0xE7, 0x62, 0xA3, 0xE7, 0x62, 0xA3, 0xE7, 0x62, 0xA3, 0xE7, 0x62, 0xA3, 0xE7, 0x62, 0xA3, 0xE7, 0x62, 0xA3, 0xE7, 0x62, 0xA3, 0xE7, 0x62, 0xA3, 0xE7, 0x62, 0xA3, 0xE7, 0x62, 0xA3, 0xE7, 
        0x62, 0xA3, 0xE7, 0x62, 0xA3, 0xE7, 0x62, 0xA3, 0xE7, 0x62, 0xA3, 0xE7, 0x62, 0xA3, 0xE7, 0x62, 0xA3, 0xE7, 0x62, 0xA3, 0xE7, 0x62, 0xA3, 0xE7, 0x62, 0xA3, 0xE7, 0x62, 0xA3, 0xE7, 0x62, 0xA3, 0xE7, 0x62, 0xA3, 0xE7, 0x62, 0xA3, 0xE7, 
        0x62, 0xA3, 0xE7, 0x62, 0xA3, 0xE7, 0x62, 0xA3, 0xE7, 0x62, 0xA3, 0xE7, 0x62, 0xA3, 0xE7, 0x62, 0xA3, 0xE7, 0x62, 0xA3, 0xE7, 0x62, 0xA3, 0xE7, 0x62, 0xA3, 0xE7, 0x62, 0xA3, 0xE7, 0x62, 0xA3, 0xE7, 0x62, 0xA3, 0xE7, 0x62, 0xA3, 0xE7, 
        0x62, 0xA3, 0xE7, 0x62, 0xA3, 0xE7, 0x62, 0xA3, 0xE7, 0x62, 0xA3, 0xE7, 0x62, 0xA3, 0xE7, 0x62, 0xA3, 0xE7, 0x62, 0xA3, 0xE7, 0x62, 0xA3, 0xE7, 0x62, 0xA3, 0xE7, 0x62, 0xA3, 0xE7, 0x62, 0xA3, 0xE7, 0x62, 0xA3, 0xE7, 0x62, 0xA3, 0xE7, 
        0x62, 0xA3, 0xE7, 0x62, 0xA3, 0xE7, 0x62, 0xA3, 0xE7, 0x62, 0xA3, 0xE7, 0x62, 0xA3, 0xE7, 0x62, 0xA3, 0xE7, 0x62, 0xA3, 0xE7, 0x62, 0xA3, 0xE7, 0x62, 0xA3, 0xE7, 0x62, 0xA3, 0xE7, 0x62, 0xA3, 0xE7, 0x62, 0xA3, 0xE7, 0x62, 0xA3, 0xE7, 
        0x62, 0xA3, 0xE7, 0x62, 0xA3, 0xE7, 0x62, 0xA3, 0xE7, 0x62, 0xA3, 0xE7, 0x62, 0xA3, 0xE7, 0x62, 0xA3, 0xE7, 0x62, 0xA3, 0xE7, 0x62, 0xA3, 0xE7, 0x62, 0xA3, 0xE7, 0x62, 0xA3, 0xE7, 0x62, 0xA3, 0xE7, 0x62, 0xA3, 0xE7, 0x62, 0xA3, 0xE7, 
        0x62, 0xA3, 0xE7, 0x62, 0xA3, 0xE7, 0x62, 0xA3, 0xE7, 0x62, 0xA3, 0xE7, 0x62, 0xA3, 0xE7, 0x62, 0xA3, 0xE7, 0x62, 0xA3, 0xE7, 0x62, 0xA3, 0xE7, 0x62, 0xA3, 0xE7, 0x62, 0xA3, 0xE7, 0x62, 0xA3, 0xE7, 0x62, 0xA3, 0xE7, 0x62, 0xA3, 0xE7, 
        0x62, 0xA3, 0xE7, 0x62, 0xA3, 0xE7, 0x62, 0xA3, 0xE7, 0x62, 0xA3, 0xE7, 0x62, 0xA3, 0xE7, 0x62, 0xA3, 0xE7, 0x62, 0xA3, 0xE7, 0x62, 0xA3, 0xE7, 0x62, 0xA3, 0xE7, 0x62, 0xA3, 0xE7, 0x62, 0xA3, 0xE7, 0x62, 0xA3, 0xE7, 0x62, 0xA3, 0xE7, 
        0x62, 0xA3, 0xE7, 0x62, 0xA3, 0xE7, 0x62, 0xA3, 0xE7, 0x62, 0xA3, 0xE7, 0x62, 0xA3, 0xE7, 0x62, 0xA3, 0xE7, 0x62, 0xA3, 0xE7, 0x62, 0xA3, 0xE7, 0x62, 0xA3, 0xE7, 0x62, 0xA3, 0xE7, 0x62, 0xA3, 0xE7, 0x62, 0xA3, 0xE7, 0x62, 0xA3, 0xE7, 
        0x62, 0xA3, 0xE7, 0x62, 0xA3, 0xE7, 0x62, 0xA3, 0xE7, 0x62, 0xA3, 0xE7, 0x62, 0xA3, 0xE7, 0x62, 0xA3, 0xE7, 0x62, 0xA3, 0xE7, 0x62, 0xA3, 0xE7, 0x62, 0xA3, 0xE7, 0x62, 0xA3, 0xE7, 0x62, 0xA3, 0xE7, 0x62, 0xA3, 0xE7, 0x62, 0xA3, 0xE7, 
        0x62, 0xA3, 0xE7, 0x62, 0xA3, 0xE7, 0x62, 0xA3, 0xE7, 0x62, 0xA3, 0xE7, 0x62, 0xA3, 0xE7, 0x62, 0xA3, 0xE7, 0x62, 0xA3, 0xE7, 0x62, 0xA3, 0xE7, 0x62, 0xA3, 0xE7, 0x62, 0xA3, 0xE7, 0x62, 0xA3, 0xE7, 0x62, 0xA3, 0xE7, 0x62, 0xA3, 0xE7, 
        0x62, 0xA3, 0xE7, 0x62, 0xA3, 0xE7, 0x62, 0xA3, 0xE7, 0x62, 0xA3, 0xE7, 0x62, 0xA3, 0xE7, 0x62, 0xA3, 0xE7, 0x62, 0xA3, 0xE7, 0x62, 0xA3, 0xE7, 0x62, 0xA3, 0xE7, 0x62, 0xA3, 0xE7, 0x62, 0xA3, 0xE7, 0x62, 0xA3, 0xE7, 0x62, 0xA3, 0xE7, 
        0x62, 0xA3, 0xE7, 0x62, 0xA3, 0xE7, 0x62, 0xA3, 0xE7, 0x62, 0xA3, 0xE7, 0x62, 0xA3, 0xE7, 0x62, 0xA3, 0xE7, 0x62, 0xA3, 0xE7, 0x62, 0xA3, 0xE7, 0x62, 0xA3, 0xE7, 0x62, 0xA3, 0xE7, 0x62, 0xA3, 0xE7, 0x62, 0xA3, 0xE7, 0x62, 0xA3, 0xE7, 
        0x62, 0xA3, 0xE7, 0x62, 0xA3, 0xE7, 0x62, 0xA3, 0xE7, 0x62, 0xA3, 0xE7, 0x62, 0xA3, 0xE7, 0x62, 0xA3, 0xE7, 0x62, 0xA3, 0xE7, 0x62, 0xA3, 0xE7, 0x62, 0xA3, 0xE7, 0x62, 0xA3, 0xE7, 0x62, 0xA3, 0xE7, 0x62, 0xA3, 0xE7, 0x62, 0xA3, 0xE7, 
        0x62, 0xA3, 0xE7, 0x62, 0xA3, 0xE7, 0x62, 0xA3, 0xE7, 0x62, 0xA3, 0xE7, 0x62, 0xA3, 0xE7, 0x62, 0xA3, 0xE7, 0x62, 0xA3, 0xE7, 0x62, 0xA3, 0xE7, 0x62, 0xA3, 0xE7, 0x62, 0xA3, 0xE7, 0x62, 0xA3, 0xE7, 0x62, 0xA3, 0xE7, 0x62, 0xA3, 0xE7, 
        0x62, 0xA3, 0xE7, 0x62, 0xA3, 0xE7, 0x62, 0xA3, 0xE7, 0x62, 0xA3, 0xE7, 0x62, 0xA3, 0xE7, 0x62, 0xA3, 0xE7, 0x62, 0xA3, 0xE7, 0x62, 0xA3, 0xE7, 0x62, 0xA3, 0xE7, 0x62, 0xA3, 0xE7, 0x62, 0xA3, 0xE7, 0x62, 0xA3, 0xE7, 0x62, 0xA3, 0xE7, 
        0x62, 0xA3, 0xE7, 0x62, 0xA3, 0xE7, 0x62, 0xA3, 0xE7, 0x62, 0xA3, 0xE7, 0x62, 0xA3, 0xE7, 0x62, 0xA3, 0xE7, 0x62, 0xA3, 0xE7, 0x62, 0xA3, 0xE7, 0x62, 0xA3, 0xE7, 0x62, 0xA3, 0xE7, 0x62, 0xA3, 0xE7, 0x62, 0xA3, 0xE7, 0x62, 0xA3, 0xE7, 
        0x62, 0xA3, 0xE7, 0x62, 0xA3, 0xE7, 0x62, 0xA3, 0xE7, 0x62, 0xA3, 0xE7, 0x62, 0xA3, 0xE7, 0x62, 0xA3, 0xE7, 0x62, 0xA3, 0xE7, 0x62, 0xA3, 0xE7, 0x62, 0xA3, 0xE7, 0x62, 0xA3, 0xE7, 0x62, 0xA3, 0xE7, 0x62, 0xA3, 0xE7, 0x62, 0xA3, 0xE7, 
        0x62, 0xA3, 0xE7, 0x62, 0xA3, 0xE7, 0x62, 0xA3, 0xE7, 0x62, 0xA3, 0xE7, 0x62, 0xA3, 0xE7, 0x62, 0xA3, 0xE7, 0x62, 0xA3, 0xE7, 0x62, 0xA3, 0xE7, 0x62, 0xA3, 0xE7, 0x62, 0xA3, 0xE7, 0x62, 0xA3, 0xE7, 0x62, 0xA3, 0xE7, 0x62, 0xA3, 0xE7, 
        0x62, 0xA3, 0xE7, 0x62, 0xA3, 0xE7, 0x62, 0xA3, 0xE7, 0x62, 0xA3, 0xE7, 0x62, 0xA3, 0xE7, 0x62, 0xA3, 0xE7, 0x62, 0xA3, 0xE7, 0x62, 0xA3, 0xE7, 0x62, 0xA3, 0xE7, 0x62, 0xA3, 0xE7, 0x62, 0xA3, 0xE7, 0x62, 0xA3, 0xE7, 0x62, 0xA3, 0xE7, 
        0x62, 0xA3, 0xE7, 0x62, 0xA3, 0xE7, 0x62, 0xA3, 0xE7, 0x62, 0xA3, 0xE7, 0x62, 0xA3, 0xE7, 0x62, 0xA3, 0xE7, 0x62, 0xA3, 0xE7, 0x62, 0xA3, 0xE7, 0x62, 0xA3, 0xE7, 0x62, 0xA3, 0xE7, 0x62, 0xA3, 0xE7, 0x62, 0xA3, 0xE7, 0x62, 0xA3, 0xE7, 
        0x62, 0xA3, 0xE7, 0x62, 0xA3, 0xE7, 0x62, 0xA3, 0xE7, 0x62, 0xA3, 0xE7, 0x62, 0xA3, 0xE7, 0x62, 0xA3, 0xE7, 0x62, 0xA3, 0xE7, 0x62, 0xA3, 0xE7, 0x62, 0xA3, 0xE7, 0x62, 0xA3, 0xE7, 0x62, 0xA3, 0xE7, 0x62, 0xA3, 0xE7, 0x62, 0xA3, 0xE7, 
        0x62, 0xA3, 0xE7, 0x62, 0xA3, 0xE7, 0x62, 0xA3, 0xE7, 0x62, 0xA3, 0xE7, 0x62, 0xA3, 0xE7, 0x62, 0xA3, 0xE7, 0x62, 0xA3, 0xE7, 0x62, 0xA3, 0xE7, 0x62, 0xA3, 0xE7, 0x62, 0xA3, 0xE7, 0x62, 0xA3, 0xE7, 0x62, 0xA3, 0xE7, 0x62, 0xA3, 0xE7, 
        0x62, 0xA3, 0xE7, 0x62, 0xA3, 0xE7, 0x62, 0xA3, 0xE7, 0x62, 0xA3, 0xE7, 0x62, 0xA3, 0xE7, 0x62, 0xA3, 0xE7, 0x62, 0xA3, 0xE7, 0x62, 0xA3, 0xE7, 0x62, 0xA3, 0xE7, 0x62, 0xA3, 0xE7, 0x62, 0xA3, 0xE7, 0x62, 0xA3, 0xE7, 0x62, 0xA3, 0xE7, 
        0x62, 0xA3, 0xE7, 0x62, 0xA3, 0xE7, 0x62, 0xA3, 0xE7, 0x62, 0xA3, 0xE7, 0x62, 0xA3, 0xE7, 0x62, 0xA3, 0xE7, 0x66, 0xA5, 0xE8,
  0x62, 0xA3, 0xE7, 0x62, 0xA3, 0xE7, 0x62, 0xA3, 0xE7, 0x62, 0xA3, 0xE7, 0x62, 0xA3, 0xE7, 0x62, 0xA3, 0xE7, 0x62, 0xA3, 0xE7, 0x62, 0xA3, 0xE7, 0x62, 0xA3, 0xE7, 0x62, 0xA3, 0xE7, 0x62, 0xA3, 0xE7, 0x62, 0xA3, 0xE7, 0x62, 0xA3, 0xE7, 0x62, 0xA3, 0xE7, 
        0x62, 0xA3, 0xE7, 0x62, 0xA3, 0xE7, 0x62, 0xA3, 0xE7, 0x62, 0xA3, 0xE7, 0x62, 0xA3, 0xE7, 0x62, 0xA3, 0xE7, 0x62, 0xA3, 0xE7, 0x62, 0xA3, 0xE7, 0x62, 0xA3, 0xE7, 0x62, 0xA3, 0xE7, 0x62, 0xA3, 0xE7, 0x62, 0xA3, 0xE7, 0x62, 0xA3, 0xE7, 
        0x62, 0xA3, 0xE7, 0x62, 0xA3, 0xE7, 0x62, 0xA3, 0xE7, 0x62, 0xA3, 0xE7, 0x62, 0xA3, 0xE7, 0x62, 0xA3, 0xE7, 0x62, 0xA3, 0xE7, 0x62, 0xA3, 0xE7, 0x62, 0xA3, 0xE7, 0x62, 0xA3, 0xE7, 0x62, 0xA3, 0xE7, 0x62, 0xA3, 0xE7, 0x62, 0xA3, 0xE7, 
        0x62, 0xA3, 0xE7, 0x62, 0xA3, 0xE7, 0x62, 0xA3, 0xE7, 0x62, 0xA3, 0xE7, 0x62, 0xA3, 0xE7, 0x62, 0xA3, 0xE7, 0x62, 0xA3, 0xE7, 0x62, 0xA3, 0xE7, 0x62, 0xA3, 0xE7, 0x62, 0xA3, 0xE7, 0x62, 0xA3, 0xE7, 0x62, 0xA3, 0xE7, 0x62, 0xA3, 0xE7, 
        0x62, 0xA3, 0xE7, 0x62, 0xA3, 0xE7, 0x62, 0xA3, 0xE7, 0x62, 0xA3, 0xE7, 0x62, 0xA3, 0xE7, 0x62, 0xA3, 0xE7, 0x62, 0xA3, 0xE7, 0x62, 0xA3, 0xE7, 0x62, 0xA3, 0xE7, 0x62, 0xA3, 0xE7, 0x62, 0xA3, 0xE7, 0x62, 0xA3, 0xE7, 0x62, 0xA3, 0xE7, 
        0x62, 0xA3, 0xE7, 0x62, 0xA3, 0xE7, 0x62, 0xA3, 0xE7, 0x62, 0xA3, 0xE7, 0x62, 0xA3, 0xE7, 0x62, 0xA3, 0xE7, 0x62, 0xA3, 0xE7, 0x62, 0xA3, 0xE7, 0x62, 0xA3, 0xE7, 0x62, 0xA3, 0xE7, 0x62, 0xA3, 0xE7, 0x62, 0xA3, 0xE7, 0x62, 0xA3, 0xE7, 
        0x62, 0xA3, 0xE7, 0x62, 0xA3, 0xE7, 0x62, 0xA3, 0xE7, 0x62, 0xA3, 0xE7, 0x62, 0xA3, 0xE7, 0x62, 0xA3, 0xE7, 0x62, 0xA3, 0xE7, 0x62, 0xA3, 0xE7, 0x62, 0xA3, 0xE7, 0x62, 0xA3, 0xE7, 0x62, 0xA3, 0xE7, 0x62, 0xA3, 0xE7, 0x62, 0xA3, 0xE7, 
        0x62, 0xA3, 0xE7, 0x62, 0xA3, 0xE7, 0x62, 0xA3, 0xE7, 0x62, 0xA3, 0xE7, 0x62, 0xA3, 0xE7, 0x62, 0xA3, 0xE7, 0x62, 0xA3, 0xE7, 0x62, 0xA3, 0xE7, 0x62, 0xA3, 0xE7, 0x62, 0xA3, 0xE7, 0x62, 0xA3, 0xE7, 0x62, 0xA3, 0xE7, 0x62, 0xA3, 0xE7, 
        0x62, 0xA3, 0xE7, 0x62, 0xA3, 0xE7, 0x62, 0xA3, 0xE7, 0x62, 0xA3, 0xE7, 0x62, 0xA3, 0xE7, 0x62, 0xA3, 0xE7, 0x62, 0xA3, 0xE7, 0x62, 0xA3, 0xE7, 0x62, 0xA3, 0xE7, 0x62, 0xA3, 0xE7, 0x62, 0xA3, 0xE7, 0x62, 0xA3, 0xE7, 0x62, 0xA3, 0xE7, 
        0x62, 0xA3, 0xE7, 0x62, 0xA3, 0xE7, 0x62, 0xA3, 0xE7, 0x62, 0xA3, 0xE7, 0x62, 0xA3, 0xE7, 0x62, 0xA3, 0xE7, 0x62, 0xA3, 0xE7, 0x62, 0xA3, 0xE7, 0x62, 0xA3, 0xE7, 0x62, 0xA3, 0xE7, 0x62, 0xA3, 0xE7, 0x62, 0xA3, 0xE7, 0x62, 0xA3, 0xE7, 
        0x62, 0xA3, 0xE7, 0x62, 0xA3, 0xE7, 0x62, 0xA3, 0xE7, 0x62, 0xA3, 0xE7, 0x62, 0xA3, 0xE7, 0x62, 0xA3, 0xE7, 0x62, 0xA3, 0xE7, 0x62, 0xA3, 0xE7, 0x62, 0xA3, 0xE7, 0x62, 0xA3, 0xE7, 0x62, 0xA3, 0xE7, 0x62, 0xA3, 0xE7, 0x62, 0xA3, 0xE7, 
        0x62, 0xA3, 0xE7, 0x62, 0xA3, 0xE7, 0x62, 0xA3, 0xE7, 0x62, 0xA3, 0xE7, 0x62, 0xA3, 0xE7, 0x62, 0xA3, 0xE7, 0x62, 0xA3, 0xE7, 0x62, 0xA3, 0xE7, 0x62, 0xA3, 0xE7, 0x62, 0xA3, 0xE7, 0x62, 0xA3, 0xE7, 0x62, 0xA3, 0xE7, 0x62, 0xA3, 0xE7, 
        0x62, 0xA3, 0xE7, 0x62, 0xA3, 0xE7, 0x62, 0xA3, 0xE7, 0x62, 0xA3, 0xE7, 0x62, 0xA3, 0xE7, 0x62, 0xA3, 0xE7, 0x62, 0xA3, 0xE7, 0x62, 0xA3, 0xE7, 0x62, 0xA3, 0xE7, 0x62, 0xA3, 0xE7, 0x62, 0xA3, 0xE7, 0x62, 0xA3, 0xE7, 0x62, 0xA3, 0xE7, 
        0x62, 0xA3, 0xE7, 0x62, 0xA3, 0xE7, 0x62, 0xA3, 0xE7, 0x62, 0xA3, 0xE7, 0x62, 0xA3, 0xE7, 0x62, 0xA3, 0xE7, 0x62, 0xA3, 0xE7, 0x62, 0xA3, 0xE7, 0x62, 0xA3, 0xE7, 0x62, 0xA3, 0xE7, 0x62, 0xA3, 0xE7, 0x62, 0xA3, 0xE7, 0x62, 0xA3, 0xE7, 
        0x62, 0xA3, 0xE7, 0x62, 0xA3, 0xE7, 0x62, 0xA3, 0xE7, 0x62, 0xA3, 0xE7, 0x62, 0xA3, 0xE7, 0x62, 0xA3, 0xE7, 0x62, 0xA3, 0xE7, 0x62, 0xA3, 0xE7, 0x62, 0xA3, 0xE7, 0x62, 0xA3, 0xE7, 0x62, 0xA3, 0xE7, 0x62, 0xA3, 0xE7, 0x62, 0xA3, 0xE7, 
        0x62, 0xA3, 0xE7, 0x62, 0xA3, 0xE7, 0x62, 0xA3, 0xE7, 0x62, 0xA3, 0xE7, 0x62, 0xA3, 0xE7, 0x62, 0xA3, 0xE7, 0x62, 0xA3, 0xE7, 0x62, 0xA3, 0xE7, 0x62, 0xA3, 0xE7, 0x62, 0xA3, 0xE7, 0x62, 0xA3, 0xE7, 0x62, 0xA3, 0xE7, 0x62, 0xA3, 0xE7, 
        0x62, 0xA3, 0xE7, 0x62, 0xA3, 0xE7, 0x62, 0xA3, 0xE7, 0x62, 0xA3, 0xE7, 0x62, 0xA3, 0xE7, 0x62, 0xA3, 0xE7, 0x62, 0xA3, 0xE7, 0x62, 0xA3, 0xE7, 0x62, 0xA3, 0xE7, 0x62, 0xA3, 0xE7, 0x62, 0xA3, 0xE7, 0x62, 0xA3, 0xE7, 0x62, 0xA3, 0xE7, 
        0x62, 0xA3, 0xE7, 0x62, 0xA3, 0xE7, 0x62, 0xA3, 0xE7, 0x62, 0xA3, 0xE7, 0x62, 0xA3, 0xE7, 0x62, 0xA3, 0xE7, 0x62, 0xA3, 0xE7, 0x62, 0xA3, 0xE7, 0x62, 0xA3, 0xE7, 0x62, 0xA3, 0xE7, 0x62, 0xA3, 0xE7, 0x62, 0xA3, 0xE7, 0x62, 0xA3, 0xE7, 
        0x62, 0xA3, 0xE7, 0x62, 0xA3, 0xE7, 0x62, 0xA3, 0xE7, 0x62, 0xA3, 0xE7, 0x62, 0xA3, 0xE7, 0x62, 0xA3, 0xE7, 0x62, 0xA3, 0xE7, 0x62, 0xA3, 0xE7, 0x62, 0xA3, 0xE7, 0x62, 0xA3, 0xE7, 0x62, 0xA3, 0xE7, 0x62, 0xA3, 0xE7, 0x62, 0xA3, 0xE7, 
        0x62, 0xA3, 0xE7, 0x62, 0xA3, 0xE7, 0x62, 0xA3, 0xE7, 0x62, 0xA3, 0xE7, 0x62, 0xA3, 0xE7, 0x62, 0xA3, 0xE7, 0x62, 0xA3, 0xE7, 0x62, 0xA3, 0xE7, 0x62, 0xA3, 0xE7, 0x62, 0xA3, 0xE7, 0x62, 0xA3, 0xE7, 0x62, 0xA3, 0xE7, 0x62, 0xA3, 0xE7, 
        0x62, 0xA3, 0xE7, 0x62, 0xA3, 0xE7, 0x62, 0xA3, 0xE7, 0x62, 0xA3, 0xE7, 0x62, 0xA3, 0xE7, 0x62, 0xA3, 0xE7, 0x62, 0xA3, 0xE7, 0x62, 0xA3, 0xE7, 0x62, 0xA3, 0xE7, 0x62, 0xA3, 0xE7, 0x62, 0xA3, 0xE7, 0x62, 0xA3, 0xE7, 0x62, 0xA3, 0xE7, 
        0x62, 0xA3, 0xE7, 0x62, 0xA3, 0xE7, 0x62, 0xA3, 0xE7, 0x62, 0xA3, 0xE7, 0x62, 0xA3, 0xE7, 0x62, 0xA3, 0xE7, 0x62, 0xA3, 0xE7, 0x62, 0xA3, 0xE7, 0x62, 0xA3, 0xE7, 0x62, 0xA3, 0xE7, 0x62, 0xA3, 0xE7, 0x62, 0xA3, 0xE7, 0x62, 0xA3, 0xE7, 
        0x62, 0xA3, 0xE7, 0x62, 0xA3, 0xE7, 0x62, 0xA3, 0xE7, 0x62, 0xA3, 0xE7, 0x62, 0xA3, 0xE7, 0x62, 0xA3, 0xE7, 0x62, 0xA3, 0xE7, 0x62, 0xA3, 0xE7, 0x62, 0xA3, 0xE7, 0x62, 0xA3, 0xE7, 0x62, 0xA3, 0xE7, 0x62, 0xA3, 0xE7, 0x62, 0xA3, 0xE7, 
        0x62, 0xA3, 0xE7, 0x62, 0xA3, 0xE7, 0x62, 0xA3, 0xE7, 0x62, 0xA3, 0xE7, 0x62, 0xA3, 0xE7, 0x62, 0xA3, 0xE7, 0x62, 0xA3, 0xE7, 0x62, 0xA3, 0xE7, 0x62, 0xA3, 0xE7, 0x62, 0xA3, 0xE7, 0x62, 0xA3, 0xE7, 0x62, 0xA3, 0xE7, 0x62, 0xA3, 0xE7, 
        0x62, 0xA3, 0xE7, 0x62, 0xA3, 0xE7, 0x62, 0xA3, 0xE7, 0x62, 0xA3, 0xE7, 0x62, 0xA3, 0xE7, 0x62, 0xA3, 0xE7, 0x66, 0xA5, 0xE8,
  0x62, 0xA3, 0xE7, 0x62, 0xA3, 0xE7, 0x62, 0xA3, 0xE7, 0x62, 0xA3, 0xE7, 0x62, 0xA3, 0xE7, 0x62, 0xA3, 0xE7, 0x62, 0xA3, 0xE7, 0x62, 0xA3, 0xE7, 0x62, 0xA3, 0xE7, 0x62, 0xA3, 0xE7, 0x62, 0xA3, 0xE7, 0x62, 0xA3, 0xE7, 0x62, 0xA3, 0xE7, 0x62, 0xA3, 0xE7, 
        0x62, 0xA3, 0xE7, 0x62, 0xA3, 0xE7, 0x62, 0xA3, 0xE7, 0x62, 0xA3, 0xE7, 0x62, 0xA3, 0xE7, 0x62, 0xA3, 0xE7, 0x62, 0xA3, 0xE7, 0x62, 0xA3, 0xE7, 0x62, 0xA3, 0xE7, 0x62, 0xA3, 0xE7, 0x62, 0xA3, 0xE7, 0x62, 0xA3, 0xE7, 0x62, 0xA3, 0xE7, 
        0x62, 0xA3, 0xE7, 0x62, 0xA3, 0xE7, 0x62, 0xA3, 0xE7, 0x62, 0xA3, 0xE7, 0x62, 0xA3, 0xE7, 0x62, 0xA3, 0xE7, 0x62, 0xA3, 0xE7, 0x62, 0xA3, 0xE7, 0x62, 0xA3, 0xE7, 0x62, 0xA3, 0xE7, 0x62, 0xA3, 0xE7, 0x62, 0xA3, 0xE7, 0x62, 0xA3, 0xE7, 
        0x62, 0xA3, 0xE7, 0x62, 0xA3, 0xE7, 0x62, 0xA3, 0xE7, 0x62, 0xA3, 0xE7, 0x62, 0xA3, 0xE7, 0x62, 0xA3, 0xE7, 0x62, 0xA3, 0xE7, 0x62, 0xA3, 0xE7, 0x62, 0xA3, 0xE7, 0x62, 0xA3, 0xE7, 0x62, 0xA3, 0xE7, 0x62, 0xA3, 0xE7, 0x62, 0xA3, 0xE7, 
        0x62, 0xA3, 0xE7, 0x62, 0xA3, 0xE7, 0x62, 0xA3, 0xE7, 0x62, 0xA3, 0xE7, 0x62, 0xA3, 0xE7, 0x62, 0xA3, 0xE7, 0x62, 0xA3, 0xE7, 0x62, 0xA3, 0xE7, 0x62, 0xA3, 0xE7, 0x62, 0xA3, 0xE7, 0x62, 0xA3, 0xE7, 0x62, 0xA3, 0xE7, 0x62, 0xA3, 0xE7, 
        0x62, 0xA3, 0xE7, 0x62, 0xA3, 0xE7, 0x62, 0xA3, 0xE7, 0x62, 0xA3, 0xE7, 0x62, 0xA3, 0xE7, 0x62, 0xA3, 0xE7, 0x62, 0xA3, 0xE7, 0x62, 0xA3, 0xE7, 0x62, 0xA3, 0xE7, 0x62, 0xA3, 0xE7, 0x62, 0xA3, 0xE7, 0x62, 0xA3, 0xE7, 0x62, 0xA3, 0xE7, 
        0x62, 0xA3, 0xE7, 0x62, 0xA3, 0xE7, 0x62, 0xA3, 0xE7, 0x62, 0xA3, 0xE7, 0x62, 0xA3, 0xE7, 0x62, 0xA3, 0xE7, 0x62, 0xA3, 0xE7, 0x62, 0xA3, 0xE7, 0x62, 0xA3, 0xE7, 0x62, 0xA3, 0xE7, 0x62, 0xA3, 0xE7, 0x62, 0xA3, 0xE7, 0x62, 0xA3, 0xE7, 
        0x62, 0xA3, 0xE7, 0x62, 0xA3, 0xE7, 0x62, 0xA3, 0xE7, 0x62, 0xA3, 0xE7, 0x62, 0xA3, 0xE7, 0x62, 0xA3, 0xE7, 0x62, 0xA3, 0xE7, 0x62, 0xA3, 0xE7, 0x62, 0xA3, 0xE7, 0x62, 0xA3, 0xE7, 0x62, 0xA3, 0xE7, 0x62, 0xA3, 0xE7, 0x62, 0xA3, 0xE7, 
        0x62, 0xA3, 0xE7, 0x62, 0xA3, 0xE7, 0x62, 0xA3, 0xE7, 0x62, 0xA3, 0xE7, 0x62, 0xA3, 0xE7, 0x62, 0xA3, 0xE7, 0x62, 0xA3, 0xE7, 0x62, 0xA3, 0xE7, 0x62, 0xA3, 0xE7, 0x62, 0xA3, 0xE7, 0x62, 0xA3, 0xE7, 0x62, 0xA3, 0xE7, 0x62, 0xA3, 0xE7, 
        0x62, 0xA3, 0xE7, 0x62, 0xA3, 0xE7, 0x62, 0xA3, 0xE7, 0x62, 0xA3, 0xE7, 0x62, 0xA3, 0xE7, 0x62, 0xA3, 0xE7, 0x62, 0xA3, 0xE7, 0x62, 0xA3, 0xE7, 0x62, 0xA3, 0xE7, 0x62, 0xA3, 0xE7, 0x62, 0xA3, 0xE7, 0x62, 0xA3, 0xE7, 0x62, 0xA3, 0xE7, 
        0x62, 0xA3, 0xE7, 0x62, 0xA3, 0xE7, 0x62, 0xA3, 0xE7, 0x62, 0xA3, 0xE7, 0x62, 0xA3, 0xE7, 0x62, 0xA3, 0xE7, 0x62, 0xA3, 0xE7, 0x62, 0xA3, 0xE7, 0x62, 0xA3, 0xE7, 0x62, 0xA3, 0xE7, 0x62, 0xA3, 0xE7, 0x62, 0xA3, 0xE7, 0x62, 0xA3, 0xE7, 
        0x62, 0xA3, 0xE7, 0x62, 0xA3, 0xE7, 0x62, 0xA3, 0xE7, 0x62, 0xA3, 0xE7, 0x62, 0xA3, 0xE7, 0x62, 0xA3, 0xE7, 0x62, 0xA3, 0xE7, 0x62, 0xA3, 0xE7, 0x62, 0xA3, 0xE7, 0x62, 0xA3, 0xE7, 0x62, 0xA3, 0xE7, 0x62, 0xA3, 0xE7, 0x62, 0xA3, 0xE7, 
        0x62, 0xA3, 0xE7, 0x62, 0xA3, 0xE7, 0x62, 0xA3, 0xE7, 0x62, 0xA3, 0xE7, 0x62, 0xA3, 0xE7, 0x62, 0xA3, 0xE7, 0x62, 0xA3, 0xE7, 0x62, 0xA3, 0xE7, 0x62, 0xA3, 0xE7, 0x62, 0xA3, 0xE7, 0x62, 0xA3, 0xE7, 0x62, 0xA3, 0xE7, 0x62, 0xA3, 0xE7, 
        0x62, 0xA3, 0xE7, 0x62, 0xA3, 0xE7, 0x62, 0xA3, 0xE7, 0x62, 0xA3, 0xE7, 0x62, 0xA3, 0xE7, 0x62, 0xA3, 0xE7, 0x62, 0xA3, 0xE7, 0x62, 0xA3, 0xE7, 0x62, 0xA3, 0xE7, 0x62, 0xA3, 0xE7, 0x62, 0xA3, 0xE7, 0x62, 0xA3, 0xE7, 0x62, 0xA3, 0xE7, 
        0x62, 0xA3, 0xE7, 0x62, 0xA3, 0xE7, 0x62, 0xA3, 0xE7, 0x62, 0xA3, 0xE7, 0x62, 0xA3, 0xE7, 0x62, 0xA3, 0xE7, 0x62, 0xA3, 0xE7, 0x62, 0xA3, 0xE7, 0x62, 0xA3, 0xE7, 0x62, 0xA3, 0xE7, 0x62, 0xA3, 0xE7, 0x62, 0xA3, 0xE7, 0x62, 0xA3, 0xE7, 
        0x62, 0xA3, 0xE7, 0x62, 0xA3, 0xE7, 0x62, 0xA3, 0xE7, 0x62, 0xA3, 0xE7, 0x62, 0xA3, 0xE7, 0x62, 0xA3, 0xE7, 0x62, 0xA3, 0xE7, 0x62, 0xA3, 0xE7, 0x62, 0xA3, 0xE7, 0x62, 0xA3, 0xE7, 0x62, 0xA3, 0xE7, 0x62, 0xA3, 0xE7, 0x62, 0xA3, 0xE7, 
        0x62, 0xA3, 0xE7, 0x62, 0xA3, 0xE7, 0x62, 0xA3, 0xE7, 0x62, 0xA3, 0xE7, 0x62, 0xA3, 0xE7, 0x62, 0xA3, 0xE7, 0x62, 0xA3, 0xE7, 0x62, 0xA3, 0xE7, 0x62, 0xA3, 0xE7, 0x62, 0xA3, 0xE7, 0x62, 0xA3, 0xE7, 0x62, 0xA3, 0xE7, 0x62, 0xA3, 0xE7, 
        0x62, 0xA3, 0xE7, 0x62, 0xA3, 0xE7, 0x62, 0xA3, 0xE7, 0x62, 0xA3, 0xE7, 0x62, 0xA3, 0xE7, 0x62, 0xA3, 0xE7, 0x62, 0xA3, 0xE7, 0x62, 0xA3, 0xE7, 0x62, 0xA3, 0xE7, 0x62, 0xA3, 0xE7, 0x62, 0xA3, 0xE7, 0x62, 0xA3, 0xE7, 0x62, 0xA3, 0xE7, 
        0x62, 0xA3, 0xE7, 0x62, 0xA3, 0xE7, 0x62, 0xA3, 0xE7, 0x62, 0xA3, 0xE7, 0x62, 0xA3, 0xE7, 0x62, 0xA3, 0xE7, 0x62, 0xA3, 0xE7, 0x62, 0xA3, 0xE7, 0x62, 0xA3, 0xE7, 0x62, 0xA3, 0xE7, 0x62, 0xA3, 0xE7, 0x62, 0xA3, 0xE7, 0x62, 0xA3, 0xE7, 
        0x62, 0xA3, 0xE7, 0x62, 0xA3, 0xE7, 0x62, 0xA3, 0xE7, 0x62, 0xA3, 0xE7, 0x62, 0xA3, 0xE7, 0x62, 0xA3, 0xE7, 0x62, 0xA3, 0xE7, 0x62, 0xA3, 0xE7, 0x62, 0xA3, 0xE7, 0x62, 0xA3, 0xE7, 0x62, 0xA3, 0xE7, 0x62, 0xA3, 0xE7, 0x62, 0xA3, 0xE7, 
        0x62, 0xA3, 0xE7, 0x62, 0xA3, 0xE7, 0x62, 0xA3, 0xE7, 0x62, 0xA3, 0xE7, 0x62, 0xA3, 0xE7, 0x62, 0xA3, 0xE7, 0x62, 0xA3, 0xE7, 0x62, 0xA3, 0xE7, 0x62, 0xA3, 0xE7, 0x62, 0xA3, 0xE7, 0x62, 0xA3, 0xE7, 0x62, 0xA3, 0xE7, 0x62, 0xA3, 0xE7, 
        0x62, 0xA3, 0xE7, 0x62, 0xA3, 0xE7, 0x62, 0xA3, 0xE7, 0x62, 0xA3, 0xE7, 0x62, 0xA3, 0xE7, 0x62, 0xA3, 0xE7, 0x62, 0xA3, 0xE7, 0x62, 0xA3, 0xE7, 0x62, 0xA3, 0xE7, 0x62, 0xA3, 0xE7, 0x62, 0xA3, 0xE7, 0x62, 0xA3, 0xE7, 0x62, 0xA3, 0xE7, 
        0x62, 0xA3, 0xE7, 0x62, 0xA3, 0xE7, 0x62, 0xA3, 0xE7, 0x62, 0xA3, 0xE7, 0x62, 0xA3, 0xE7, 0x62, 0xA3, 0xE7, 0x62, 0xA3, 0xE7, 0x62, 0xA3, 0xE7, 0x62, 0xA3, 0xE7, 0x62, 0xA3, 0xE7, 0x62, 0xA3, 0xE7, 0x62, 0xA3, 0xE7, 0x62, 0xA3, 0xE7, 
        0x62, 0xA3, 0xE7, 0x62, 0xA3, 0xE7, 0x62, 0xA3, 0xE7, 0x62, 0xA3, 0xE7, 0x62, 0xA3, 0xE7, 0x62, 0xA3, 0xE7, 0x62, 0xA3, 0xE7, 0x62, 0xA3, 0xE7, 0x62, 0xA3, 0xE7, 0x62, 0xA3, 0xE7, 0x62, 0xA3, 0xE7, 0x62, 0xA3, 0xE7, 0x62, 0xA3, 0xE7, 
        0x62, 0xA3, 0xE7, 0x62, 0xA3, 0xE7, 0x62, 0xA3, 0xE7, 0x62, 0xA3, 0xE7, 0x62, 0xA3, 0xE7, 0x62, 0xA3, 0xE7, 0x6D, 0xA9, 0xE9,
  0x62, 0xA3, 0xE7, 0x62, 0xA3, 0xE7, 0x62, 0xA3, 0xE7, 0x62, 0xA3, 0xE7, 0x62, 0xA3, 0xE7, 0x62, 0xA3, 0xE7, 0x62, 0xA3, 0xE7, 0x62, 0xA3, 0xE7, 0x62, 0xA3, 0xE7, 0x62, 0xA3, 0xE7, 0x62, 0xA3, 0xE7, 0x62, 0xA3, 0xE7, 0x62, 0xA3, 0xE7, 0x62, 0xA3, 0xE7, 
        0x62, 0xA3, 0xE7, 0x62, 0xA3, 0xE7, 0x62, 0xA3, 0xE7, 0x62, 0xA3, 0xE7, 0x62, 0xA3, 0xE7, 0x62, 0xA3, 0xE7, 0x62, 0xA3, 0xE7, 0x62, 0xA3, 0xE7, 0x62, 0xA3, 0xE7, 0x62, 0xA3, 0xE7, 0x62, 0xA3, 0xE7, 0x62, 0xA3, 0xE7, 0x62, 0xA3, 0xE7, 
        0x62, 0xA3, 0xE7, 0x62, 0xA3, 0xE7, 0x62, 0xA3, 0xE7, 0x62, 0xA3, 0xE7, 0x62, 0xA3, 0xE7, 0x62, 0xA3, 0xE7, 0x62, 0xA3, 0xE7, 0x62, 0xA3, 0xE7, 0x62, 0xA3, 0xE7, 0x62, 0xA3, 0xE7, 0x62, 0xA3, 0xE7, 0x62, 0xA3, 0xE7, 0x62, 0xA3, 0xE7, 
        0x62, 0xA3, 0xE7, 0x62, 0xA3, 0xE7, 0x62, 0xA3, 0xE7, 0x62, 0xA3, 0xE7, 0x62, 0xA3, 0xE7, 0x62, 0xA3, 0xE7, 0x62, 0xA3, 0xE7, 0x62, 0xA3, 0xE7, 0x62, 0xA3, 0xE7, 0x62, 0xA3, 0xE7, 0x62, 0xA3, 0xE7, 0x62, 0xA3, 0xE7, 0x62, 0xA3, 0xE7, 
        0x62, 0xA3, 0xE7, 0x62, 0xA3, 0xE7, 0x62, 0xA3, 0xE7, 0x62, 0xA3, 0xE7, 0x62, 0xA3, 0xE7, 0x62, 0xA3, 0xE7, 0x62, 0xA3, 0xE7, 0x62, 0xA3, 0xE7, 0x62, 0xA3, 0xE7, 0x62, 0xA3, 0xE7, 0x62, 0xA3, 0xE7, 0x62, 0xA3, 0xE7, 0x62, 0xA3, 0xE7, 
        0x62, 0xA3, 0xE7, 0x62, 0xA3, 0xE7, 0x62, 0xA3, 0xE7, 0x62, 0xA3, 0xE7, 0x62, 0xA3, 0xE7, 0x62, 0xA3, 0xE7, 0x62, 0xA3, 0xE7, 0x62, 0xA3, 0xE7, 0x62, 0xA3, 0xE7, 0x62, 0xA3, 0xE7, 0x62, 0xA3, 0xE7, 0x62, 0xA3, 0xE7, 0x62, 0xA3, 0xE7, 
        0x62, 0xA3, 0xE7, 0x62, 0xA3, 0xE7, 0x62, 0xA3, 0xE7, 0x62, 0xA3, 0xE7, 0x62, 0xA3, 0xE7, 0x62, 0xA3, 0xE7, 0x62, 0xA3, 0xE7, 0x62, 0xA3, 0xE7, 0x62, 0xA3, 0xE7, 0x62, 0xA3, 0xE7, 0x62, 0xA3, 0xE7, 0x62, 0xA3, 0xE7, 0x62, 0xA3, 0xE7, 
        0x62, 0xA3, 0xE7, 0x62, 0xA3, 0xE7, 0x62, 0xA3, 0xE7, 0x62, 0xA3, 0xE7, 0x62, 0xA3, 0xE7, 0x62, 0xA3, 0xE7, 0x62, 0xA3, 0xE7, 0x62, 0xA3, 0xE7, 0x62, 0xA3, 0xE7, 0x62, 0xA3, 0xE7, 0x62, 0xA3, 0xE7, 0x62, 0xA3, 0xE7, 0x62, 0xA3, 0xE7, 
        0x62, 0xA3, 0xE7, 0x62, 0xA3, 0xE7, 0x62, 0xA3, 0xE7, 0x62, 0xA3, 0xE7, 0x62, 0xA3, 0xE7, 0x62, 0xA3, 0xE7, 0x62, 0xA3, 0xE7, 0x62, 0xA3, 0xE7, 0x62, 0xA3, 0xE7, 0x62, 0xA3, 0xE7, 0x62, 0xA3, 0xE7, 0x62, 0xA3, 0xE7, 0x62, 0xA3, 0xE7, 
        0x62, 0xA3, 0xE7, 0x62, 0xA3, 0xE7, 0x62, 0xA3, 0xE7, 0x62, 0xA3, 0xE7, 0x62, 0xA3, 0xE7, 0x62, 0xA3, 0xE7, 0x62, 0xA3, 0xE7, 0x62, 0xA3, 0xE7, 0x62, 0xA3, 0xE7, 0x62, 0xA3, 0xE7, 0x62, 0xA3, 0xE7, 0x62, 0xA3, 0xE7, 0x62, 0xA3, 0xE7, 
        0x62, 0xA3, 0xE7, 0x62, 0xA3, 0xE7, 0x62, 0xA3, 0xE7, 0x62, 0xA3, 0xE7, 0x62, 0xA3, 0xE7, 0x62, 0xA3, 0xE7, 0x62, 0xA3, 0xE7, 0x62, 0xA3, 0xE7, 0x62, 0xA3, 0xE7, 0x62, 0xA3, 0xE7, 0x62, 0xA3, 0xE7, 0x62, 0xA3, 0xE7, 0x62, 0xA3, 0xE7, 
        0x62, 0xA3, 0xE7, 0x62, 0xA3, 0xE7, 0x62, 0xA3, 0xE7, 0x62, 0xA3, 0xE7, 0x62, 0xA3, 0xE7, 0x62, 0xA3, 0xE7, 0x62, 0xA3, 0xE7, 0x62, 0xA3, 0xE7, 0x62, 0xA3, 0xE7, 0x62, 0xA3, 0xE7, 0x62, 0xA3, 0xE7, 0x62, 0xA3, 0xE7, 0x62, 0xA3, 0xE7, 
        0x62, 0xA3, 0xE7, 0x62, 0xA3, 0xE7, 0x62, 0xA3, 0xE7, 0x62, 0xA3, 0xE7, 0x62, 0xA3, 0xE7, 0x62, 0xA3, 0xE7, 0x62, 0xA3, 0xE7, 0x62, 0xA3, 0xE7, 0x62, 0xA3, 0xE7, 0x62, 0xA3, 0xE7, 0x62, 0xA3, 0xE7, 0x62, 0xA3, 0xE7, 0x62, 0xA3, 0xE7, 
        0x62, 0xA3, 0xE7, 0x62, 0xA3, 0xE7, 0x62, 0xA3, 0xE7, 0x62, 0xA3, 0xE7, 0x62, 0xA3, 0xE7, 0x62, 0xA3, 0xE7, 0x62, 0xA3, 0xE7, 0x62, 0xA3, 0xE7, 0x62, 0xA3, 0xE7, 0x62, 0xA3, 0xE7, 0x62, 0xA3, 0xE7, 0x62, 0xA3, 0xE7, 0x62, 0xA3, 0xE7, 
        0x62, 0xA3, 0xE7, 0x62, 0xA3, 0xE7, 0x62, 0xA3, 0xE7, 0x62, 0xA3, 0xE7, 0x62, 0xA3, 0xE7, 0x62, 0xA3, 0xE7, 0x62, 0xA3, 0xE7, 0x62, 0xA3, 0xE7, 0x62, 0xA3, 0xE7, 0x62, 0xA3, 0xE7, 0x62, 0xA3, 0xE7, 0x62, 0xA3, 0xE7, 0x62, 0xA3, 0xE7, 
        0x62, 0xA3, 0xE7, 0x62, 0xA3, 0xE7, 0x62, 0xA3, 0xE7, 0x62, 0xA3, 0xE7, 0x62, 0xA3, 0xE7, 0x62, 0xA3, 0xE7, 0x62, 0xA3, 0xE7, 0x62, 0xA3, 0xE7, 0x62, 0xA3, 0xE7, 0x62, 0xA3, 0xE7, 0x62, 0xA3, 0xE7, 0x62, 0xA3, 0xE7, 0x62, 0xA3, 0xE7, 
        0x62, 0xA3, 0xE7, 0x62, 0xA3, 0xE7, 0x62, 0xA3, 0xE7, 0x62, 0xA3, 0xE7, 0x62, 0xA3, 0xE7, 0x62, 0xA3, 0xE7, 0x62, 0xA3, 0xE7, 0x62, 0xA3, 0xE7, 0x62, 0xA3, 0xE7, 0x62, 0xA3, 0xE7, 0x62, 0xA3, 0xE7, 0x62, 0xA3, 0xE7, 0x62, 0xA3, 0xE7, 
        0x62, 0xA3, 0xE7, 0x62, 0xA3, 0xE7, 0x62, 0xA3, 0xE7, 0x62, 0xA3, 0xE7, 0x62, 0xA3, 0xE7, 0x62, 0xA3, 0xE7, 0x62, 0xA3, 0xE7, 0x62, 0xA3, 0xE7, 0x62, 0xA3, 0xE7, 0x62, 0xA3, 0xE7, 0x62, 0xA3, 0xE7, 0x62, 0xA3, 0xE7, 0x62, 0xA3, 0xE7, 
        0x62, 0xA3, 0xE7, 0x62, 0xA3, 0xE7, 0x62, 0xA3, 0xE7, 0x62, 0xA3, 0xE7, 0x62, 0xA3, 0xE7, 0x62, 0xA3, 0xE7, 0x62, 0xA3, 0xE7, 0x62, 0xA3, 0xE7, 0x62, 0xA3, 0xE7, 0x62, 0xA3, 0xE7, 0x62, 0xA3, 0xE7, 0x62, 0xA3, 0xE7, 0x62, 0xA3, 0xE7, 
        0x62, 0xA3, 0xE7, 0x62, 0xA3, 0xE7, 0x62, 0xA3, 0xE7, 0x62, 0xA3, 0xE7, 0x62, 0xA3, 0xE7, 0x62, 0xA3, 0xE7, 0x62, 0xA3, 0xE7, 0x62, 0xA3, 0xE7, 0x62, 0xA3, 0xE7, 0x62, 0xA3, 0xE7, 0x62, 0xA3, 0xE7, 0x62, 0xA3, 0xE7, 0x62, 0xA3, 0xE7, 
        0x62, 0xA3, 0xE7, 0x62, 0xA3, 0xE7, 0x62, 0xA3, 0xE7, 0x62, 0xA3, 0xE7, 0x62, 0xA3, 0xE7, 0x62, 0xA3, 0xE7, 0x62, 0xA3, 0xE7, 0x62, 0xA3, 0xE7, 0x62, 0xA3, 0xE7, 0x62, 0xA3, 0xE7, 0x62, 0xA3, 0xE7, 0x62, 0xA3, 0xE7, 0x62, 0xA3, 0xE7, 
        0x62, 0xA3, 0xE7, 0x62, 0xA3, 0xE7, 0x62, 0xA3, 0xE7, 0x62, 0xA3, 0xE7, 0x62, 0xA3, 0xE7, 0x62, 0xA3, 0xE7, 0x62, 0xA3, 0xE7, 0x62, 0xA3, 0xE7, 0x62, 0xA3, 0xE7, 0x62, 0xA3, 0xE7, 0x62, 0xA3, 0xE7, 0x62, 0xA3, 0xE7, 0x62, 0xA3, 0xE7, 
        0x62, 0xA3, 0xE7, 0x62, 0xA3, 0xE7, 0x62, 0xA3, 0xE7, 0x62, 0xA3, 0xE7, 0x62, 0xA3, 0xE7, 0x62, 0xA3, 0xE7, 0x62, 0xA3, 0xE7, 0x62, 0xA3, 0xE7, 0x62, 0xA3, 0xE7, 0x62, 0xA3, 0xE7, 0x62, 0xA3, 0xE7, 0x62, 0xA3, 0xE7, 0x62, 0xA3, 0xE7, 
        0x62, 0xA3, 0xE7, 0x62, 0xA3, 0xE7, 0x62, 0xA3, 0xE7, 0x62, 0xA3, 0xE7, 0x62, 0xA3, 0xE7, 0x62, 0xA3, 0xE7, 0x62, 0xA3, 0xE7, 0x62, 0xA3, 0xE7, 0x62, 0xA3, 0xE7, 0x62, 0xA3, 0xE7, 0x62, 0xA3, 0xE7, 0x62, 0xA3, 0xE7, 0x62, 0xA3, 0xE7, 
        0x62, 0xA3, 0xE7, 0x62, 0xA3, 0xE7, 0x62, 0xA3, 0xE7, 0x62, 0xA3, 0xE7, 0x62, 0xA3, 0xE7, 0x62, 0xA3, 0xE7, 0x79, 0xB1, 0xEB,
  0x62, 0xA3, 0xE7, 0x62, 0xA3, 0xE7, 0x62, 0xA3, 0xE7, 0x62, 0xA3, 0xE7, 0x62, 0xA3, 0xE7, 0x62, 0xA3, 0xE7, 0x62, 0xA3, 0xE7, 0x62, 0xA3, 0xE7, 0x62, 0xA3, 0xE7, 0x62, 0xA3, 0xE7, 0x62, 0xA3, 0xE7, 0x62, 0xA3, 0xE7, 0x62, 0xA3, 0xE7, 0x62, 0xA3, 0xE7, 
        0x62, 0xA3, 0xE7, 0x62, 0xA3, 0xE7, 0x62, 0xA3, 0xE7, 0x62, 0xA3, 0xE7, 0x62, 0xA3, 0xE7, 0x62, 0xA3, 0xE7, 0x62, 0xA3, 0xE7, 0x62, 0xA3, 0xE7, 0x62, 0xA3, 0xE7, 0x62, 0xA3, 0xE7, 0x62, 0xA3, 0xE7, 0x62, 0xA3, 0xE7, 0x62, 0xA3, 0xE7, 
        0x62, 0xA3, 0xE7, 0x62, 0xA3, 0xE7, 0x62, 0xA3, 0xE7, 0x62, 0xA3, 0xE7, 0x62, 0xA3, 0xE7, 0x62, 0xA3, 0xE7, 0x62, 0xA3, 0xE7, 0x62, 0xA3, 0xE7, 0x62, 0xA3, 0xE7, 0x62, 0xA3, 0xE7, 0x62, 0xA3, 0xE7, 0x62, 0xA3, 0xE7, 0x62, 0xA3, 0xE7, 
        0x62, 0xA3, 0xE7, 0x62, 0xA3, 0xE7, 0x62, 0xA3, 0xE7, 0x62, 0xA3, 0xE7, 0x62, 0xA3, 0xE7, 0x62, 0xA3, 0xE7, 0x62, 0xA3, 0xE7, 0x62, 0xA3, 0xE7, 0x62, 0xA3, 0xE7, 0x62, 0xA3, 0xE7, 0x62, 0xA3, 0xE7, 0x62, 0xA3, 0xE7, 0x62, 0xA3, 0xE7, 
        0x62, 0xA3, 0xE7, 0x62, 0xA3, 0xE7, 0x62, 0xA3, 0xE7, 0x62, 0xA3, 0xE7, 0x62, 0xA3, 0xE7, 0x62, 0xA3, 0xE7, 0x62, 0xA3, 0xE7, 0x62, 0xA3, 0xE7, 0x62, 0xA3, 0xE7, 0x62, 0xA3, 0xE7, 0x62, 0xA3, 0xE7, 0x62, 0xA3, 0xE7, 0x62, 0xA3, 0xE7, 
        0x62, 0xA3, 0xE7, 0x62, 0xA3, 0xE7, 0x62, 0xA3, 0xE7, 0x62, 0xA3, 0xE7, 0x62, 0xA3, 0xE7, 0x62, 0xA3, 0xE7, 0x62, 0xA3, 0xE7, 0x62, 0xA3, 0xE7, 0x62, 0xA3, 0xE7, 0x62, 0xA3, 0xE7, 0x62, 0xA3, 0xE7, 0x62, 0xA3, 0xE7, 0x62, 0xA3, 0xE7, 
        0x62, 0xA3, 0xE7, 0x62, 0xA3, 0xE7, 0x62, 0xA3, 0xE7, 0x62, 0xA3, 0xE7, 0x62, 0xA3, 0xE7, 0x62, 0xA3, 0xE7, 0x62, 0xA3, 0xE7, 0x62, 0xA3, 0xE7, 0x62, 0xA3, 0xE7, 0x62, 0xA3, 0xE7, 0x62, 0xA3, 0xE7, 0x62, 0xA3, 0xE7, 0x62, 0xA3, 0xE7, 
        0x62, 0xA3, 0xE7, 0x62, 0xA3, 0xE7, 0x62, 0xA3, 0xE7, 0x62, 0xA3, 0xE7, 0x62, 0xA3, 0xE7, 0x62, 0xA3, 0xE7, 0x62, 0xA3, 0xE7, 0x62, 0xA3, 0xE7, 0x62, 0xA3, 0xE7, 0x62, 0xA3, 0xE7, 0x62, 0xA3, 0xE7, 0x62, 0xA3, 0xE7, 0x62, 0xA3, 0xE7, 
        0x62, 0xA3, 0xE7, 0x62, 0xA3, 0xE7, 0x62, 0xA3, 0xE7, 0x62, 0xA3, 0xE7, 0x62, 0xA3, 0xE7, 0x62, 0xA3, 0xE7, 0x62, 0xA3, 0xE7, 0x62, 0xA3, 0xE7, 0x62, 0xA3, 0xE7, 0x62, 0xA3, 0xE7, 0x62, 0xA3, 0xE7, 0x62, 0xA3, 0xE7, 0x62, 0xA3, 0xE7, 
        0x62, 0xA3, 0xE7, 0x62, 0xA3, 0xE7, 0x62, 0xA3, 0xE7, 0x62, 0xA3, 0xE7, 0x62, 0xA3, 0xE7, 0x62, 0xA3, 0xE7, 0x62, 0xA3, 0xE7, 0x62, 0xA3, 0xE7, 0x62, 0xA3, 0xE7, 0x62, 0xA3, 0xE7, 0x62, 0xA3, 0xE7, 0x62, 0xA3, 0xE7, 0x62, 0xA3, 0xE7, 
        0x62, 0xA3, 0xE7, 0x62, 0xA3, 0xE7, 0x62, 0xA3, 0xE7, 0x62, 0xA3, 0xE7, 0x62, 0xA3, 0xE7, 0x62, 0xA3, 0xE7, 0x62, 0xA3, 0xE7, 0x62, 0xA3, 0xE7, 0x62, 0xA3, 0xE7, 0x62, 0xA3, 0xE7, 0x62, 0xA3, 0xE7, 0x62, 0xA3, 0xE7, 0x62, 0xA3, 0xE7, 
        0x62, 0xA3, 0xE7, 0x62, 0xA3, 0xE7, 0x62, 0xA3, 0xE7, 0x62, 0xA3, 0xE7, 0x62, 0xA3, 0xE7, 0x62, 0xA3, 0xE7, 0x62, 0xA3, 0xE7, 0x62, 0xA3, 0xE7, 0x62, 0xA3, 0xE7, 0x62, 0xA3, 0xE7, 0x62, 0xA3, 0xE7, 0x62, 0xA3, 0xE7, 0x62, 0xA3, 0xE7, 
        0x62, 0xA3, 0xE7, 0x62, 0xA3, 0xE7, 0x62, 0xA3, 0xE7, 0x62, 0xA3, 0xE7, 0x62, 0xA3, 0xE7, 0x62, 0xA3, 0xE7, 0x62, 0xA3, 0xE7, 0x62, 0xA3, 0xE7, 0x62, 0xA3, 0xE7, 0x62, 0xA3, 0xE7, 0x62, 0xA3, 0xE7, 0x62, 0xA3, 0xE7, 0x62, 0xA3, 0xE7, 
        0x62, 0xA3, 0xE7, 0x62, 0xA3, 0xE7, 0x62, 0xA3, 0xE7, 0x62, 0xA3, 0xE7, 0x62, 0xA3, 0xE7, 0x62, 0xA3, 0xE7, 0x62, 0xA3, 0xE7, 0x62, 0xA3, 0xE7, 0x62, 0xA3, 0xE7, 0x62, 0xA3, 0xE7, 0x62, 0xA3, 0xE7, 0x62, 0xA3, 0xE7, 0x62, 0xA3, 0xE7, 
        0x62, 0xA3, 0xE7, 0x62, 0xA3, 0xE7, 0x62, 0xA3, 0xE7, 0x62, 0xA3, 0xE7, 0x62, 0xA3, 0xE7, 0x62, 0xA3, 0xE7, 0x62, 0xA3, 0xE7, 0x62, 0xA3, 0xE7, 0x62, 0xA3, 0xE7, 0x62, 0xA3, 0xE7, 0x62, 0xA3, 0xE7, 0x62, 0xA3, 0xE7, 0x62, 0xA3, 0xE7, 
        0x62, 0xA3, 0xE7, 0x62, 0xA3, 0xE7, 0x62, 0xA3, 0xE7, 0x62, 0xA3, 0xE7, 0x62, 0xA3, 0xE7, 0x62, 0xA3, 0xE7, 0x62, 0xA3, 0xE7, 0x62, 0xA3, 0xE7, 0x62, 0xA3, 0xE7, 0x62, 0xA3, 0xE7, 0x62, 0xA3, 0xE7, 0x62, 0xA3, 0xE7, 0x62, 0xA3, 0xE7, 
        0x62, 0xA3, 0xE7, 0x62, 0xA3, 0xE7, 0x62, 0xA3, 0xE7, 0x62, 0xA3, 0xE7, 0x62, 0xA3, 0xE7, 0x62, 0xA3, 0xE7, 0x62, 0xA3, 0xE7, 0x62, 0xA3, 0xE7, 0x62, 0xA3, 0xE7, 0x62, 0xA3, 0xE7, 0x62, 0xA3, 0xE7, 0x62, 0xA3, 0xE7, 0x62, 0xA3, 0xE7, 
        0x62, 0xA3, 0xE7, 0x62, 0xA3, 0xE7, 0x62, 0xA3, 0xE7, 0x62, 0xA3, 0xE7, 0x62, 0xA3, 0xE7, 0x62, 0xA3, 0xE7, 0x62, 0xA3, 0xE7, 0x62, 0xA3, 0xE7, 0x62, 0xA3, 0xE7, 0x62, 0xA3, 0xE7, 0x62, 0xA3, 0xE7, 0x62, 0xA3, 0xE7, 0x62, 0xA3, 0xE7, 
        0x62, 0xA3, 0xE7, 0x62, 0xA3, 0xE7, 0x62, 0xA3, 0xE7, 0x62, 0xA3, 0xE7, 0x62, 0xA3, 0xE7, 0x62, 0xA3, 0xE7, 0x62, 0xA3, 0xE7, 0x62, 0xA3, 0xE7, 0x62, 0xA3, 0xE7, 0x62, 0xA3, 0xE7, 0x62, 0xA3, 0xE7, 0x62, 0xA3, 0xE7, 0x62, 0xA3, 0xE7, 
        0x62, 0xA3, 0xE7, 0x62, 0xA3, 0xE7, 0x62, 0xA3, 0xE7, 0x62, 0xA3, 0xE7, 0x62, 0xA3, 0xE7, 0x62, 0xA3, 0xE7, 0x62, 0xA3, 0xE7, 0x62, 0xA3, 0xE7, 0x62, 0xA3, 0xE7, 0x62, 0xA3, 0xE7, 0x62, 0xA3, 0xE7, 0x62, 0xA3, 0xE7, 0x62, 0xA3, 0xE7, 
        0x62, 0xA3, 0xE7, 0x62, 0xA3, 0xE7, 0x62, 0xA3, 0xE7, 0x62, 0xA3, 0xE7, 0x62, 0xA3, 0xE7, 0x62, 0xA3, 0xE7, 0x62, 0xA3, 0xE7, 0x62, 0xA3, 0xE7, 0x62, 0xA3, 0xE7, 0x62, 0xA3, 0xE7, 0x62, 0xA3, 0xE7, 0x62, 0xA3, 0xE7, 0x62, 0xA3, 0xE7, 
        0x62, 0xA3, 0xE7, 0x62, 0xA3, 0xE7, 0x62, 0xA3, 0xE7, 0x62, 0xA3, 0xE7, 0x62, 0xA3, 0xE7, 0x62, 0xA3, 0xE7, 0x62, 0xA3, 0xE7, 0x62, 0xA3, 0xE7, 0x62, 0xA3, 0xE7, 0x62, 0xA3, 0xE7, 0x62, 0xA3, 0xE7, 0x62, 0xA3, 0xE7, 0x62, 0xA3, 0xE7, 
        0x62, 0xA3, 0xE7, 0x62, 0xA3, 0xE7, 0x62, 0xA3, 0xE7, 0x62, 0xA3, 0xE7, 0x62, 0xA3, 0xE7, 0x62, 0xA3, 0xE7, 0x62, 0xA3, 0xE7, 0x62, 0xA3, 0xE7, 0x62, 0xA3, 0xE7, 0x62, 0xA3, 0xE7, 0x62, 0xA3, 0xE7, 0x62, 0xA3, 0xE7, 0x62, 0xA3, 0xE7, 
        0x62, 0xA3, 0xE7, 0x62, 0xA3, 0xE7, 0x62, 0xA3, 0xE7, 0x62, 0xA3, 0xE7, 0x62, 0xA3, 0xE7, 0x62, 0xA3, 0xE7, 0x62, 0xA3, 0xE7, 0x62, 0xA3, 0xE7, 0x62, 0xA3, 0xE7, 0x62, 0xA3, 0xE7, 0x62, 0xA3, 0xE7, 0x62, 0xA3, 0xE7, 0x62, 0xA3, 0xE7, 
        0x62, 0xA3, 0xE7, 0x62, 0xA3, 0xE7, 0x62, 0xA3, 0xE7, 0x62, 0xA3, 0xE7, 0x62, 0xA3, 0xE7, 0x62, 0xA3, 0xE7, 0x90, 0xBE, 0xEE,
  0x62, 0xA3, 0xE7, 0x62, 0xA3, 0xE7, 0x62, 0xA3, 0xE7, 0x62, 0xA3, 0xE7, 0x62, 0xA3, 0xE7, 0x62, 0xA3, 0xE7, 0x62, 0xA3, 0xE7, 0x62, 0xA3, 0xE7, 0x62, 0xA3, 0xE7, 0x62, 0xA3, 0xE7, 0x62, 0xA3, 0xE7, 0x62, 0xA3, 0xE7, 0x62, 0xA3, 0xE7, 0x62, 0xA3, 0xE7, 
        0x62, 0xA3, 0xE7, 0x62, 0xA3, 0xE7, 0x62, 0xA3, 0xE7, 0x62, 0xA3, 0xE7, 0x62, 0xA3, 0xE7, 0x62, 0xA3, 0xE7, 0x62, 0xA3, 0xE7, 0x62, 0xA3, 0xE7, 0x62, 0xA3, 0xE7, 0x62, 0xA3, 0xE7, 0x62, 0xA3, 0xE7, 0x62, 0xA3, 0xE7, 0x62, 0xA3, 0xE7, 
        0x62, 0xA3, 0xE7, 0x62, 0xA3, 0xE7, 0x62, 0xA3, 0xE7, 0x62, 0xA3, 0xE7, 0x62, 0xA3, 0xE7, 0x62, 0xA3, 0xE7, 0x62, 0xA3, 0xE7, 0x62, 0xA3, 0xE7, 0x62, 0xA3, 0xE7, 0x62, 0xA3, 0xE7, 0x62, 0xA3, 0xE7, 0x62, 0xA3, 0xE7, 0x62, 0xA3, 0xE7, 
        0x62, 0xA3, 0xE7, 0x62, 0xA3, 0xE7, 0x62, 0xA3, 0xE7, 0x62, 0xA3, 0xE7, 0x62, 0xA3, 0xE7, 0x62, 0xA3, 0xE7, 0x62, 0xA3, 0xE7, 0x62, 0xA3, 0xE7, 0x62, 0xA3, 0xE7, 0x62, 0xA3, 0xE7, 0x62, 0xA3, 0xE7, 0x62, 0xA3, 0xE7, 0x62, 0xA3, 0xE7, 
        0x62, 0xA3, 0xE7, 0x62, 0xA3, 0xE7, 0x62, 0xA3, 0xE7, 0x62, 0xA3, 0xE7, 0x62, 0xA3, 0xE7, 0x62, 0xA3, 0xE7, 0x62, 0xA3, 0xE7, 0x62, 0xA3, 0xE7, 0x62, 0xA3, 0xE7, 0x62, 0xA3, 0xE7, 0x62, 0xA3, 0xE7, 0x62, 0xA3, 0xE7, 0x62, 0xA3, 0xE7, 
        0x62, 0xA3, 0xE7, 0x62, 0xA3, 0xE7, 0x62, 0xA3, 0xE7, 0x62, 0xA3, 0xE7, 0x62, 0xA3, 0xE7, 0x62, 0xA3, 0xE7, 0x62, 0xA3, 0xE7, 0x62, 0xA3, 0xE7, 0x62, 0xA3, 0xE7, 0x62, 0xA3, 0xE7, 0x62, 0xA3, 0xE7, 0x62, 0xA3, 0xE7, 0x62, 0xA3, 0xE7, 
        0x62, 0xA3, 0xE7, 0x62, 0xA3, 0xE7, 0x62, 0xA3, 0xE7, 0x62, 0xA3, 0xE7, 0x62, 0xA3, 0xE7, 0x62, 0xA3, 0xE7, 0x62, 0xA3, 0xE7, 0x62, 0xA3, 0xE7, 0x62, 0xA3, 0xE7, 0x62, 0xA3, 0xE7, 0x62, 0xA3, 0xE7, 0x62, 0xA3, 0xE7, 0x62, 0xA3, 0xE7, 
        0x62, 0xA3, 0xE7, 0x62, 0xA3, 0xE7, 0x62, 0xA3, 0xE7, 0x62, 0xA3, 0xE7, 0x62, 0xA3, 0xE7, 0x62, 0xA3, 0xE7, 0x62, 0xA3, 0xE7, 0x62, 0xA3, 0xE7, 0x62, 0xA3, 0xE7, 0x62, 0xA3, 0xE7, 0x62, 0xA3, 0xE7, 0x62, 0xA3, 0xE7, 0x62, 0xA3, 0xE7, 
        0x62, 0xA3, 0xE7, 0x62, 0xA3, 0xE7, 0x62, 0xA3, 0xE7, 0x62, 0xA3, 0xE7, 0x62, 0xA3, 0xE7, 0x62, 0xA3, 0xE7, 0x62, 0xA3, 0xE7, 0x62, 0xA3, 0xE7, 0x62, 0xA3, 0xE7, 0x62, 0xA3, 0xE7, 0x62, 0xA3, 0xE7, 0x62, 0xA3, 0xE7, 0x62, 0xA3, 0xE7, 
        0x62, 0xA3, 0xE7, 0x62, 0xA3, 0xE7, 0x62, 0xA3, 0xE7, 0x62, 0xA3, 0xE7, 0x62, 0xA3, 0xE7, 0x62, 0xA3, 0xE7, 0x62, 0xA3, 0xE7, 0x62, 0xA3, 0xE7, 0x62, 0xA3, 0xE7, 0x62, 0xA3, 0xE7, 0x62, 0xA3, 0xE7, 0x62, 0xA3, 0xE7, 0x62, 0xA3, 0xE7, 
        0x62, 0xA3, 0xE7, 0x62, 0xA3, 0xE7, 0x62, 0xA3, 0xE7, 0x62, 0xA3, 0xE7, 0x62, 0xA3, 0xE7, 0x62, 0xA3, 0xE7, 0x62, 0xA3, 0xE7, 0x62, 0xA3, 0xE7, 0x62, 0xA3, 0xE7, 0x62, 0xA3, 0xE7, 0x62, 0xA3, 0xE7, 0x62, 0xA3, 0xE7, 0x62, 0xA3, 0xE7, 
        0x62, 0xA3, 0xE7, 0x62, 0xA3, 0xE7, 0x62, 0xA3, 0xE7, 0x62, 0xA3, 0xE7, 0x62, 0xA3, 0xE7, 0x62, 0xA3, 0xE7, 0x62, 0xA3, 0xE7, 0x62, 0xA3, 0xE7, 0x62, 0xA3, 0xE7, 0x62, 0xA3, 0xE7, 0x62, 0xA3, 0xE7, 0x62, 0xA3, 0xE7, 0x62, 0xA3, 0xE7, 
        0x62, 0xA3, 0xE7, 0x62, 0xA3, 0xE7, 0x62, 0xA3, 0xE7, 0x62, 0xA3, 0xE7, 0x62, 0xA3, 0xE7, 0x62, 0xA3, 0xE7, 0x62, 0xA3, 0xE7, 0x62, 0xA3, 0xE7, 0x62, 0xA3, 0xE7, 0x62, 0xA3, 0xE7, 0x62, 0xA3, 0xE7, 0x62, 0xA3, 0xE7, 0x62, 0xA3, 0xE7, 
        0x62, 0xA3, 0xE7, 0x62, 0xA3, 0xE7, 0x62, 0xA3, 0xE7, 0x62, 0xA3, 0xE7, 0x62, 0xA3, 0xE7, 0x62, 0xA3, 0xE7, 0x62, 0xA3, 0xE7, 0x62, 0xA3, 0xE7, 0x62, 0xA3, 0xE7, 0x62, 0xA3, 0xE7, 0x62, 0xA3, 0xE7, 0x62, 0xA3, 0xE7, 0x62, 0xA3, 0xE7, 
        0x62, 0xA3, 0xE7, 0x62, 0xA3, 0xE7, 0x62, 0xA3, 0xE7, 0x62, 0xA3, 0xE7, 0x62, 0xA3, 0xE7, 0x62, 0xA3, 0xE7, 0x62, 0xA3, 0xE7, 0x62, 0xA3, 0xE7, 0x62, 0xA3, 0xE7, 0x62, 0xA3, 0xE7, 0x62, 0xA3, 0xE7, 0x62, 0xA3, 0xE7, 0x62, 0xA3, 0xE7, 
        0x62, 0xA3, 0xE7, 0x62, 0xA3, 0xE7, 0x62, 0xA3, 0xE7, 0x62, 0xA3, 0xE7, 0x62, 0xA3, 0xE7, 0x62, 0xA3, 0xE7, 0x62, 0xA3, 0xE7, 0x62, 0xA3, 0xE7, 0x62, 0xA3, 0xE7, 0x62, 0xA3, 0xE7, 0x62, 0xA3, 0xE7, 0x62, 0xA3, 0xE7, 0x62, 0xA3, 0xE7, 
        0x62, 0xA3, 0xE7, 0x62, 0xA3, 0xE7, 0x62, 0xA3, 0xE7, 0x62, 0xA3, 0xE7, 0x62, 0xA3, 0xE7, 0x62, 0xA3, 0xE7, 0x62, 0xA3, 0xE7, 0x62, 0xA3, 0xE7, 0x62, 0xA3, 0xE7, 0x62, 0xA3, 0xE7, 0x62, 0xA3, 0xE7, 0x62, 0xA3, 0xE7, 0x62, 0xA3, 0xE7, 
        0x62, 0xA3, 0xE7, 0x62, 0xA3, 0xE7, 0x62, 0xA3, 0xE7, 0x62, 0xA3, 0xE7, 0x62, 0xA3, 0xE7, 0x62, 0xA3, 0xE7, 0x62, 0xA3, 0xE7, 0x62, 0xA3, 0xE7, 0x62, 0xA3, 0xE7, 0x62, 0xA3, 0xE7, 0x62, 0xA3, 0xE7, 0x62, 0xA3, 0xE7, 0x62, 0xA3, 0xE7, 
        0x62, 0xA3, 0xE7, 0x62, 0xA3, 0xE7, 0x62, 0xA3, 0xE7, 0x62, 0xA3, 0xE7, 0x62, 0xA3, 0xE7, 0x62, 0xA3, 0xE7, 0x62, 0xA3, 0xE7, 0x62, 0xA3, 0xE7, 0x62, 0xA3, 0xE7, 0x62, 0xA3, 0xE7, 0x62, 0xA3, 0xE7, 0x62, 0xA3, 0xE7, 0x62, 0xA3, 0xE7, 
        0x62, 0xA3, 0xE7, 0x62, 0xA3, 0xE7, 0x62, 0xA3, 0xE7, 0x62, 0xA3, 0xE7, 0x62, 0xA3, 0xE7, 0x62, 0xA3, 0xE7, 0x62, 0xA3, 0xE7, 0x62, 0xA3, 0xE7, 0x62, 0xA3, 0xE7, 0x62, 0xA3, 0xE7, 0x62, 0xA3, 0xE7, 0x62, 0xA3, 0xE7, 0x62, 0xA3, 0xE7, 
        0x62, 0xA3, 0xE7, 0x62, 0xA3, 0xE7, 0x62, 0xA3, 0xE7, 0x62, 0xA3, 0xE7, 0x62, 0xA3, 0xE7, 0x62, 0xA3, 0xE7, 0x62, 0xA3, 0xE7, 0x62, 0xA3, 0xE7, 0x62, 0xA3, 0xE7, 0x62, 0xA3, 0xE7, 0x62, 0xA3, 0xE7, 0x62, 0xA3, 0xE7, 0x62, 0xA3, 0xE7, 
        0x62, 0xA3, 0xE7, 0x62, 0xA3, 0xE7, 0x62, 0xA3, 0xE7, 0x62, 0xA3, 0xE7, 0x62, 0xA3, 0xE7, 0x62, 0xA3, 0xE7, 0x62, 0xA3, 0xE7, 0x62, 0xA3, 0xE7, 0x62, 0xA3, 0xE7, 0x62, 0xA3, 0xE7, 0x62, 0xA3, 0xE7, 0x62, 0xA3, 0xE7, 0x62, 0xA3, 0xE7, 
        0x62, 0xA3, 0xE7, 0x62, 0xA3, 0xE7, 0x62, 0xA3, 0xE7, 0x62, 0xA3, 0xE7, 0x62, 0xA3, 0xE7, 0x62, 0xA3, 0xE7, 0x62, 0xA3, 0xE7, 0x62, 0xA3, 0xE7, 0x62, 0xA3, 0xE7, 0x62, 0xA3, 0xE7, 0x62, 0xA3, 0xE7, 0x62, 0xA3, 0xE7, 0x62, 0xA3, 0xE7, 
        0x62, 0xA3, 0xE7, 0x62, 0xA3, 0xE7, 0x62, 0xA3, 0xE7, 0x62, 0xA3, 0xE7, 0x62, 0xA3, 0xE7, 0x62, 0xA3, 0xE7, 0x62, 0xA3, 0xE7, 0x62, 0xA3, 0xE7, 0x62, 0xA3, 0xE7, 0x62, 0xA3, 0xE7, 0x62, 0xA3, 0xE7, 0x62, 0xA3, 0xE7, 0x62, 0xA3, 0xE7, 
        0x62, 0xA3, 0xE7, 0x62, 0xA3, 0xE7, 0x62, 0xA3, 0xE7, 0x62, 0xA3, 0xE7, 0x62, 0xA3, 0xE7, 0x62, 0xA3, 0xE7, 0xA9, 0xCC, 0xF2,
  0x62, 0xA3, 0xE7, 0x62, 0xA3, 0xE7, 0x62, 0xA3, 0xE7, 0x62, 0xA3, 0xE7, 0x62, 0xA3, 0xE7, 0x62, 0xA3, 0xE7, 0x62, 0xA3, 0xE7, 0x62, 0xA3, 0xE7, 0x62, 0xA3, 0xE7, 0x62, 0xA3, 0xE7, 0x62, 0xA3, 0xE7, 0x62, 0xA3, 0xE7, 0x62, 0xA3, 0xE7, 0x62, 0xA3, 0xE7, 
        0x62, 0xA3, 0xE7, 0x62, 0xA3, 0xE7, 0x62, 0xA3, 0xE7, 0x62, 0xA3, 0xE7, 0x62, 0xA3, 0xE7, 0x62, 0xA3, 0xE7, 0x62, 0xA3, 0xE7, 0x62, 0xA3, 0xE7, 0x62, 0xA3, 0xE7, 0x62, 0xA3, 0xE7, 0x62, 0xA3, 0xE7, 0x62, 0xA3, 0xE7, 0x62, 0xA3, 0xE7, 
        0x62, 0xA3, 0xE7, 0x62, 0xA3, 0xE7, 0x62, 0xA3, 0xE7, 0x62, 0xA3, 0xE7, 0x62, 0xA3, 0xE7, 0x62, 0xA3, 0xE7, 0x62, 0xA3, 0xE7, 0x62, 0xA3, 0xE7, 0x62, 0xA3, 0xE7, 0x62, 0xA3, 0xE7, 0x62, 0xA3, 0xE7, 0x62, 0xA3, 0xE7, 0x62, 0xA3, 0xE7, 
        0x62, 0xA3, 0xE7, 0x62, 0xA3, 0xE7, 0x62, 0xA3, 0xE7, 0x62, 0xA3, 0xE7, 0x62, 0xA3, 0xE7, 0x62, 0xA3, 0xE7, 0x62, 0xA3, 0xE7, 0x62, 0xA3, 0xE7, 0x62, 0xA3, 0xE7, 0x62, 0xA3, 0xE7, 0x62, 0xA3, 0xE7, 0x62, 0xA3, 0xE7, 0x62, 0xA3, 0xE7, 
        0x62, 0xA3, 0xE7, 0x62, 0xA3, 0xE7, 0x62, 0xA3, 0xE7, 0x62, 0xA3, 0xE7, 0x62, 0xA3, 0xE7, 0x62, 0xA3, 0xE7, 0x62, 0xA3, 0xE7, 0x62, 0xA3, 0xE7, 0x62, 0xA3, 0xE7, 0x62, 0xA3, 0xE7, 0x62, 0xA3, 0xE7, 0x62, 0xA3, 0xE7, 0x62, 0xA3, 0xE7, 
        0x62, 0xA3, 0xE7, 0x62, 0xA3, 0xE7, 0x62, 0xA3, 0xE7, 0x62, 0xA3, 0xE7, 0x62, 0xA3, 0xE7, 0x62, 0xA3, 0xE7, 0x62, 0xA3, 0xE7, 0x62, 0xA3, 0xE7, 0x62, 0xA3, 0xE7, 0x62, 0xA3, 0xE7, 0x62, 0xA3, 0xE7, 0x62, 0xA3, 0xE7, 0x62, 0xA3, 0xE7, 
        0x62, 0xA3, 0xE7, 0x62, 0xA3, 0xE7, 0x62, 0xA3, 0xE7, 0x62, 0xA3, 0xE7, 0x62, 0xA3, 0xE7, 0x62, 0xA3, 0xE7, 0x62, 0xA3, 0xE7, 0x62, 0xA3, 0xE7, 0x62, 0xA3, 0xE7, 0x62, 0xA3, 0xE7, 0x62, 0xA3, 0xE7, 0x62, 0xA3, 0xE7, 0x62, 0xA3, 0xE7, 
        0x62, 0xA3, 0xE7, 0x62, 0xA3, 0xE7, 0x62, 0xA3, 0xE7, 0x62, 0xA3, 0xE7, 0x62, 0xA3, 0xE7, 0x62, 0xA3, 0xE7, 0x62, 0xA3, 0xE7, 0x62, 0xA3, 0xE7, 0x62, 0xA3, 0xE7, 0x62, 0xA3, 0xE7, 0x62, 0xA3, 0xE7, 0x62, 0xA3, 0xE7, 0x62, 0xA3, 0xE7, 
        0x62, 0xA3, 0xE7, 0x62, 0xA3, 0xE7, 0x62, 0xA3, 0xE7, 0x62, 0xA3, 0xE7, 0x62, 0xA3, 0xE7, 0x62, 0xA3, 0xE7, 0x62, 0xA3, 0xE7, 0x62, 0xA3, 0xE7, 0x62, 0xA3, 0xE7, 0x62, 0xA3, 0xE7, 0x62, 0xA3, 0xE7, 0x62, 0xA3, 0xE7, 0x62, 0xA3, 0xE7, 
        0x62, 0xA3, 0xE7, 0x62, 0xA3, 0xE7, 0x62, 0xA3, 0xE7, 0x62, 0xA3, 0xE7, 0x62, 0xA3, 0xE7, 0x62, 0xA3, 0xE7, 0x62, 0xA3, 0xE7, 0x62, 0xA3, 0xE7, 0x62, 0xA3, 0xE7, 0x62, 0xA3, 0xE7, 0x62, 0xA3, 0xE7, 0x62, 0xA3, 0xE7, 0x62, 0xA3, 0xE7, 
        0x62, 0xA3, 0xE7, 0x62, 0xA3, 0xE7, 0x62, 0xA3, 0xE7, 0x62, 0xA3, 0xE7, 0x62, 0xA3, 0xE7, 0x62, 0xA3, 0xE7, 0x62, 0xA3, 0xE7, 0x62, 0xA3, 0xE7, 0x62, 0xA3, 0xE7, 0x62, 0xA3, 0xE7, 0x62, 0xA3, 0xE7, 0x62, 0xA3, 0xE7, 0x62, 0xA3, 0xE7, 
        0x62, 0xA3, 0xE7, 0x62, 0xA3, 0xE7, 0x62, 0xA3, 0xE7, 0x62, 0xA3, 0xE7, 0x62, 0xA3, 0xE7, 0x62, 0xA3, 0xE7, 0x62, 0xA3, 0xE7, 0x62, 0xA3, 0xE7, 0x62, 0xA3, 0xE7, 0x62, 0xA3, 0xE7, 0x62, 0xA3, 0xE7, 0x62, 0xA3, 0xE7, 0x62, 0xA3, 0xE7, 
        0x62, 0xA3, 0xE7, 0x62, 0xA3, 0xE7, 0x62, 0xA3, 0xE7, 0x62, 0xA3, 0xE7, 0x62, 0xA3, 0xE7, 0x62, 0xA3, 0xE7, 0x62, 0xA3, 0xE7, 0x62, 0xA3, 0xE7, 0x62, 0xA3, 0xE7, 0x62, 0xA3, 0xE7, 0x62, 0xA3, 0xE7, 0x62, 0xA3, 0xE7, 0x62, 0xA3, 0xE7, 
        0x62, 0xA3, 0xE7, 0x62, 0xA3, 0xE7, 0x62, 0xA3, 0xE7, 0x62, 0xA3, 0xE7, 0x62, 0xA3, 0xE7, 0x62, 0xA3, 0xE7, 0x62, 0xA3, 0xE7, 0x62, 0xA3, 0xE7, 0x62, 0xA3, 0xE7, 0x62, 0xA3, 0xE7, 0x62, 0xA3, 0xE7, 0x62, 0xA3, 0xE7, 0x62, 0xA3, 0xE7, 
        0x62, 0xA3, 0xE7, 0x62, 0xA3, 0xE7, 0x62, 0xA3, 0xE7, 0x62, 0xA3, 0xE7, 0x62, 0xA3, 0xE7, 0x62, 0xA3, 0xE7, 0x62, 0xA3, 0xE7, 0x62, 0xA3, 0xE7, 0x62, 0xA3, 0xE7, 0x62, 0xA3, 0xE7, 0x62, 0xA3, 0xE7, 0x62, 0xA3, 0xE7, 0x62, 0xA3, 0xE7, 
        0x62, 0xA3, 0xE7, 0x62, 0xA3, 0xE7, 0x62, 0xA3, 0xE7, 0x62, 0xA3, 0xE7, 0x62, 0xA3, 0xE7, 0x62, 0xA3, 0xE7, 0x62, 0xA3, 0xE7, 0x62, 0xA3, 0xE7, 0x62, 0xA3, 0xE7, 0x62, 0xA3, 0xE7, 0x62, 0xA3, 0xE7, 0x62, 0xA3, 0xE7, 0x62, 0xA3, 0xE7, 
        0x62, 0xA3, 0xE7, 0x62, 0xA3, 0xE7, 0x62, 0xA3, 0xE7, 0x62, 0xA3, 0xE7, 0x62, 0xA3, 0xE7, 0x62, 0xA3, 0xE7, 0x62, 0xA3, 0xE7, 0x62, 0xA3, 0xE7, 0x62, 0xA3, 0xE7, 0x62, 0xA3, 0xE7, 0x62, 0xA3, 0xE7, 0x62, 0xA3, 0xE7, 0x62, 0xA3, 0xE7, 
        0x62, 0xA3, 0xE7, 0x62, 0xA3, 0xE7, 0x62, 0xA3, 0xE7, 0x62, 0xA3, 0xE7, 0x62, 0xA3, 0xE7, 0x62, 0xA3, 0xE7, 0x62, 0xA3, 0xE7, 0x62, 0xA3, 0xE7, 0x62, 0xA3, 0xE7, 0x62, 0xA3, 0xE7, 0x62, 0xA3, 0xE7, 0x62, 0xA3, 0xE7, 0x62, 0xA3, 0xE7, 
        0x62, 0xA3, 0xE7, 0x62, 0xA3, 0xE7, 0x62, 0xA3, 0xE7, 0x62, 0xA3, 0xE7, 0x62, 0xA3, 0xE7, 0x62, 0xA3, 0xE7, 0x62, 0xA3, 0xE7, 0x62, 0xA3, 0xE7, 0x62, 0xA3, 0xE7, 0x62, 0xA3, 0xE7, 0x62, 0xA3, 0xE7, 0x62, 0xA3, 0xE7, 0x62, 0xA3, 0xE7, 
        0x62, 0xA3, 0xE7, 0x62, 0xA3, 0xE7, 0x62, 0xA3, 0xE7, 0x62, 0xA3, 0xE7, 0x62, 0xA3, 0xE7, 0x62, 0xA3, 0xE7, 0x62, 0xA3, 0xE7, 0x62, 0xA3, 0xE7, 0x62, 0xA3, 0xE7, 0x62, 0xA3, 0xE7, 0x62, 0xA3, 0xE7, 0x62, 0xA3, 0xE7, 0x62, 0xA3, 0xE7, 
        0x62, 0xA3, 0xE7, 0x62, 0xA3, 0xE7, 0x62, 0xA3, 0xE7, 0x62, 0xA3, 0xE7, 0x62, 0xA3, 0xE7, 0x62, 0xA3, 0xE7, 0x62, 0xA3, 0xE7, 0x62, 0xA3, 0xE7, 0x62, 0xA3, 0xE7, 0x62, 0xA3, 0xE7, 0x62, 0xA3, 0xE7, 0x62, 0xA3, 0xE7, 0x62, 0xA3, 0xE7, 
        0x62, 0xA3, 0xE7, 0x62, 0xA3, 0xE7, 0x62, 0xA3, 0xE7, 0x62, 0xA3, 0xE7, 0x62, 0xA3, 0xE7, 0x62, 0xA3, 0xE7, 0x62, 0xA3, 0xE7, 0x62, 0xA3, 0xE7, 0x62, 0xA3, 0xE7, 0x62, 0xA3, 0xE7, 0x62, 0xA3, 0xE7, 0x62, 0xA3, 0xE7, 0x62, 0xA3, 0xE7, 
        0x62, 0xA3, 0xE7, 0x62, 0xA3, 0xE7, 0x62, 0xA3, 0xE7, 0x62, 0xA3, 0xE7, 0x62, 0xA3, 0xE7, 0x62, 0xA3, 0xE7, 0x62, 0xA3, 0xE7, 0x62, 0xA3, 0xE7, 0x62, 0xA3, 0xE7, 0x62, 0xA3, 0xE7, 0x62, 0xA3, 0xE7, 0x62, 0xA3, 0xE7, 0x62, 0xA3, 0xE7, 
        0x62, 0xA3, 0xE7, 0x62, 0xA3, 0xE7, 0x62, 0xA3, 0xE7, 0x62, 0xA3, 0xE7, 0x62, 0xA3, 0xE7, 0x62, 0xA3, 0xE7, 0x62, 0xA3, 0xE7, 0x62, 0xA3, 0xE7, 0x62, 0xA3, 0xE7, 0x62, 0xA3, 0xE7, 0x62, 0xA3, 0xE7, 0x62, 0xA3, 0xE7, 0x62, 0xA3, 0xE7, 
        0x62, 0xA3, 0xE7, 0x62, 0xA3, 0xE7, 0x62, 0xA3, 0xE7, 0x62, 0xA3, 0xE7, 0x62, 0xA3, 0xE7, 0x62, 0xA3, 0xE7, 0xCE, 0xE2, 0xF8,
  0x62, 0xA3, 0xE7, 0x62, 0xA3, 0xE7, 0x62, 0xA3, 0xE7, 0x62, 0xA3, 0xE7, 0x62, 0xA3, 0xE7, 0x62, 0xA3, 0xE7, 0x62, 0xA3, 0xE7, 0x62, 0xA3, 0xE7, 0x62, 0xA3, 0xE7, 0x62, 0xA3, 0xE7, 0x62, 0xA3, 0xE7, 0x62, 0xA3, 0xE7, 0x62, 0xA3, 0xE7, 0x62, 0xA3, 0xE7, 
        0x62, 0xA3, 0xE7, 0x62, 0xA3, 0xE7, 0x62, 0xA3, 0xE7, 0x62, 0xA3, 0xE7, 0x62, 0xA3, 0xE7, 0x62, 0xA3, 0xE7, 0x62, 0xA3, 0xE7, 0x62, 0xA3, 0xE7, 0x62, 0xA3, 0xE7, 0x62, 0xA3, 0xE7, 0x62, 0xA3, 0xE7, 0x62, 0xA3, 0xE7, 0x62, 0xA3, 0xE7, 
        0x62, 0xA3, 0xE7, 0x62, 0xA3, 0xE7, 0x62, 0xA3, 0xE7, 0x62, 0xA3, 0xE7, 0x62, 0xA3, 0xE7, 0x62, 0xA3, 0xE7, 0x62, 0xA3, 0xE7, 0x62, 0xA3, 0xE7, 0x62, 0xA3, 0xE7, 0x62, 0xA3, 0xE7, 0x62, 0xA3, 0xE7, 0x62, 0xA3, 0xE7, 0x62, 0xA3, 0xE7, 
        0x62, 0xA3, 0xE7, 0x62, 0xA3, 0xE7, 0x62, 0xA3, 0xE7, 0x62, 0xA3, 0xE7, 0x62, 0xA3, 0xE7, 0x62, 0xA3, 0xE7, 0x62, 0xA3, 0xE7, 0x62, 0xA3, 0xE7, 0x62, 0xA3, 0xE7, 0x62, 0xA3, 0xE7, 0x62, 0xA3, 0xE7, 0x62, 0xA3, 0xE7, 0x62, 0xA3, 0xE7, 
        0x62, 0xA3, 0xE7, 0x62, 0xA3, 0xE7, 0x62, 0xA3, 0xE7, 0x62, 0xA3, 0xE7, 0x62, 0xA3, 0xE7, 0x62, 0xA3, 0xE7, 0x62, 0xA3, 0xE7, 0x62, 0xA3, 0xE7, 0x62, 0xA3, 0xE7, 0x62, 0xA3, 0xE7, 0x62, 0xA3, 0xE7, 0x62, 0xA3, 0xE7, 0x62, 0xA3, 0xE7, 
        0x62, 0xA3, 0xE7, 0x62, 0xA3, 0xE7, 0x62, 0xA3, 0xE7, 0x62, 0xA3, 0xE7, 0x62, 0xA3, 0xE7, 0x62, 0xA3, 0xE7, 0x62, 0xA3, 0xE7, 0x62, 0xA3, 0xE7, 0x62, 0xA3, 0xE7, 0x62, 0xA3, 0xE7, 0x62, 0xA3, 0xE7, 0x62, 0xA3, 0xE7, 0x62, 0xA3, 0xE7, 
        0x62, 0xA3, 0xE7, 0x62, 0xA3, 0xE7, 0x62, 0xA3, 0xE7, 0x62, 0xA3, 0xE7, 0x62, 0xA3, 0xE7, 0x62, 0xA3, 0xE7, 0x62, 0xA3, 0xE7, 0x62, 0xA3, 0xE7, 0x62, 0xA3, 0xE7, 0x62, 0xA3, 0xE7, 0x62, 0xA3, 0xE7, 0x62, 0xA3, 0xE7, 0x62, 0xA3, 0xE7, 
        0x62, 0xA3, 0xE7, 0x62, 0xA3, 0xE7, 0x62, 0xA3, 0xE7, 0x62, 0xA3, 0xE7, 0x62, 0xA3, 0xE7, 0x62, 0xA3, 0xE7, 0x62, 0xA3, 0xE7, 0x62, 0xA3, 0xE7, 0x62, 0xA3, 0xE7, 0x62, 0xA3, 0xE7, 0x62, 0xA3, 0xE7, 0x62, 0xA3, 0xE7, 0x62, 0xA3, 0xE7, 
        0x62, 0xA3, 0xE7, 0x62, 0xA3, 0xE7, 0x62, 0xA3, 0xE7, 0x62, 0xA3, 0xE7, 0x62, 0xA3, 0xE7, 0x62, 0xA3, 0xE7, 0x62, 0xA3, 0xE7, 0x62, 0xA3, 0xE7, 0x62, 0xA3, 0xE7, 0x62, 0xA3, 0xE7, 0x62, 0xA3, 0xE7, 0x62, 0xA3, 0xE7, 0x62, 0xA3, 0xE7, 
        0x62, 0xA3, 0xE7, 0x62, 0xA3, 0xE7, 0x62, 0xA3, 0xE7, 0x62, 0xA3, 0xE7, 0x62, 0xA3, 0xE7, 0x62, 0xA3, 0xE7, 0x62, 0xA3, 0xE7, 0x62, 0xA3, 0xE7, 0x62, 0xA3, 0xE7, 0x62, 0xA3, 0xE7, 0x62, 0xA3, 0xE7, 0x62, 0xA3, 0xE7, 0x62, 0xA3, 0xE7, 
        0x62, 0xA3, 0xE7, 0x62, 0xA3, 0xE7, 0x62, 0xA3, 0xE7, 0x62, 0xA3, 0xE7, 0x62, 0xA3, 0xE7, 0x62, 0xA3, 0xE7, 0x62, 0xA3, 0xE7, 0x62, 0xA3, 0xE7, 0x62, 0xA3, 0xE7, 0x62, 0xA3, 0xE7, 0x62, 0xA3, 0xE7, 0x62, 0xA3, 0xE7, 0x62, 0xA3, 0xE7, 
        0x62, 0xA3, 0xE7, 0x62, 0xA3, 0xE7, 0x62, 0xA3, 0xE7, 0x62, 0xA3, 0xE7, 0x62, 0xA3, 0xE7, 0x62, 0xA3, 0xE7, 0x62, 0xA3, 0xE7, 0x62, 0xA3, 0xE7, 0x62, 0xA3, 0xE7, 0x62, 0xA3, 0xE7, 0x62, 0xA3, 0xE7, 0x62, 0xA3, 0xE7, 0x62, 0xA3, 0xE7, 
        0x62, 0xA3, 0xE7, 0x62, 0xA3, 0xE7, 0x62, 0xA3, 0xE7, 0x62, 0xA3, 0xE7, 0x62, 0xA3, 0xE7, 0x62, 0xA3, 0xE7, 0x62, 0xA3, 0xE7, 0x62, 0xA3, 0xE7, 0x62, 0xA3, 0xE7, 0x62, 0xA3, 0xE7, 0x62, 0xA3, 0xE7, 0x62, 0xA3, 0xE7, 0x62, 0xA3, 0xE7, 
        0x62, 0xA3, 0xE7, 0x62, 0xA3, 0xE7, 0x62, 0xA3, 0xE7, 0x62, 0xA3, 0xE7, 0x62, 0xA3, 0xE7, 0x62, 0xA3, 0xE7, 0x62, 0xA3, 0xE7, 0x62, 0xA3, 0xE7, 0x62, 0xA3, 0xE7, 0x62, 0xA3, 0xE7, 0x62, 0xA3, 0xE7, 0x62, 0xA3, 0xE7, 0x62, 0xA3, 0xE7, 
        0x62, 0xA3, 0xE7, 0x62, 0xA3, 0xE7, 0x62, 0xA3, 0xE7, 0x62, 0xA3, 0xE7, 0x62, 0xA3, 0xE7, 0x62, 0xA3, 0xE7, 0x62, 0xA3, 0xE7, 0x62, 0xA3, 0xE7, 0x62, 0xA3, 0xE7, 0x62, 0xA3, 0xE7, 0x62, 0xA3, 0xE7, 0x62, 0xA3, 0xE7, 0x62, 0xA3, 0xE7, 
        0x62, 0xA3, 0xE7, 0x62, 0xA3, 0xE7, 0x62, 0xA3, 0xE7, 0x62, 0xA3, 0xE7, 0x62, 0xA3, 0xE7, 0x62, 0xA3, 0xE7, 0x62, 0xA3, 0xE7, 0x62, 0xA3, 0xE7, 0x62, 0xA3, 0xE7, 0x62, 0xA3, 0xE7, 0x62, 0xA3, 0xE7, 0x62, 0xA3, 0xE7, 0x62, 0xA3, 0xE7, 
        0x62, 0xA3, 0xE7, 0x62, 0xA3, 0xE7, 0x62, 0xA3, 0xE7, 0x62, 0xA3, 0xE7, 0x62, 0xA3, 0xE7, 0x62, 0xA3, 0xE7, 0x62, 0xA3, 0xE7, 0x62, 0xA3, 0xE7, 0x62, 0xA3, 0xE7, 0x62, 0xA3, 0xE7, 0x62, 0xA3, 0xE7, 0x62, 0xA3, 0xE7, 0x62, 0xA3, 0xE7, 
        0x62, 0xA3, 0xE7, 0x62, 0xA3, 0xE7, 0x62, 0xA3, 0xE7, 0x62, 0xA3, 0xE7, 0x62, 0xA3, 0xE7, 0x62, 0xA3, 0xE7, 0x62, 0xA3, 0xE7, 0x62, 0xA3, 0xE7, 0x62, 0xA3, 0xE7, 0x62, 0xA3, 0xE7, 0x62, 0xA3, 0xE7, 0x62, 0xA3, 0xE7, 0x62, 0xA3, 0xE7, 
        0x62, 0xA3, 0xE7, 0x62, 0xA3, 0xE7, 0x62, 0xA3, 0xE7, 0x62, 0xA3, 0xE7, 0x62, 0xA3, 0xE7, 0x62, 0xA3, 0xE7, 0x62, 0xA3, 0xE7, 0x62, 0xA3, 0xE7, 0x62, 0xA3, 0xE7, 0x62, 0xA3, 0xE7, 0x62, 0xA3, 0xE7, 0x62, 0xA3, 0xE7, 0x62, 0xA3, 0xE7, 
        0x62, 0xA3, 0xE7, 0x62, 0xA3, 0xE7, 0x62, 0xA3, 0xE7, 0x62, 0xA3, 0xE7, 0x62, 0xA3, 0xE7, 0x62, 0xA3, 0xE7, 0x62, 0xA3, 0xE7, 0x62, 0xA3, 0xE7, 0x62, 0xA3, 0xE7, 0x62, 0xA3, 0xE7, 0x62, 0xA3, 0xE7, 0x62, 0xA3, 0xE7, 0x62, 0xA3, 0xE7, 
        0x62, 0xA3, 0xE7, 0x62, 0xA3, 0xE7, 0x62, 0xA3, 0xE7, 0x62, 0xA3, 0xE7, 0x62, 0xA3, 0xE7, 0x62, 0xA3, 0xE7, 0x62, 0xA3, 0xE7, 0x62, 0xA3, 0xE7, 0x62, 0xA3, 0xE7, 0x62, 0xA3, 0xE7, 0x62, 0xA3, 0xE7, 0x62, 0xA3, 0xE7, 0x62, 0xA3, 0xE7, 
        0x62, 0xA3, 0xE7, 0x62, 0xA3, 0xE7, 0x62, 0xA3, 0xE7, 0x62, 0xA3, 0xE7, 0x62, 0xA3, 0xE7, 0x62, 0xA3, 0xE7, 0x62, 0xA3, 0xE7, 0x62, 0xA3, 0xE7, 0x62, 0xA3, 0xE7, 0x62, 0xA3, 0xE7, 0x62, 0xA3, 0xE7, 0x62, 0xA3, 0xE7, 0x62, 0xA3, 0xE7, 
        0x62, 0xA3, 0xE7, 0x62, 0xA3, 0xE7, 0x62, 0xA3, 0xE7, 0x62, 0xA3, 0xE7, 0x62, 0xA3, 0xE7, 0x62, 0xA3, 0xE7, 0x62, 0xA3, 0xE7, 0x62, 0xA3, 0xE7, 0x62, 0xA3, 0xE7, 0x62, 0xA3, 0xE7, 0x62, 0xA3, 0xE7, 0x62, 0xA3, 0xE7, 0x62, 0xA3, 0xE7, 
        0x62, 0xA3, 0xE7, 0x62, 0xA3, 0xE7, 0x62, 0xA3, 0xE7, 0x62, 0xA3, 0xE7, 0x62, 0xA3, 0xE7, 0x62, 0xA3, 0xE7, 0x62, 0xA3, 0xE7, 0x62, 0xA3, 0xE7, 0x62, 0xA3, 0xE7, 0x62, 0xA3, 0xE7, 0x62, 0xA3, 0xE7, 0x62, 0xA3, 0xE7, 0x62, 0xA3, 0xE7, 
        0x62, 0xA3, 0xE7, 0x62, 0xA3, 0xE7, 0x62, 0xA3, 0xE7, 0x62, 0xA3, 0xE7, 0x62, 0xA3, 0xE7, 0x64, 0xA4, 0xE7, 0xF5, 0xF9, 0xFD,
  0x62, 0xA3, 0xE7, 0x62, 0xA3, 0xE7, 0x62, 0xA3, 0xE7, 0x62, 0xA3, 0xE7, 0x62, 0xA3, 0xE7, 0x62, 0xA3, 0xE7, 0x62, 0xA3, 0xE7, 0x62, 0xA3, 0xE7, 0x62, 0xA3, 0xE7, 0x62, 0xA3, 0xE7, 0x62, 0xA3, 0xE7, 0x62, 0xA3, 0xE7, 0x62, 0xA3, 0xE7, 0x62, 0xA3, 0xE7, 
        0x62, 0xA3, 0xE7, 0x62, 0xA3, 0xE7, 0x62, 0xA3, 0xE7, 0x62, 0xA3, 0xE7, 0x62, 0xA3, 0xE7, 0x62, 0xA3, 0xE7, 0x62, 0xA3, 0xE7, 0x62, 0xA3, 0xE7, 0x62, 0xA3, 0xE7, 0x62, 0xA3, 0xE7, 0x62, 0xA3, 0xE7, 0x62, 0xA3, 0xE7, 0x62, 0xA3, 0xE7, 
        0x62, 0xA3, 0xE7, 0x62, 0xA3, 0xE7, 0x62, 0xA3, 0xE7, 0x62, 0xA3, 0xE7, 0x62, 0xA3, 0xE7, 0x62, 0xA3, 0xE7, 0x62, 0xA3, 0xE7, 0x62, 0xA3, 0xE7, 0x62, 0xA3, 0xE7, 0x62, 0xA3, 0xE7, 0x62, 0xA3, 0xE7, 0x62, 0xA3, 0xE7, 0x62, 0xA3, 0xE7, 
        0x62, 0xA3, 0xE7, 0x62, 0xA3, 0xE7, 0x62, 0xA3, 0xE7, 0x62, 0xA3, 0xE7, 0x62, 0xA3, 0xE7, 0x62, 0xA3, 0xE7, 0x62, 0xA3, 0xE7, 0x62, 0xA3, 0xE7, 0x62, 0xA3, 0xE7, 0x62, 0xA3, 0xE7, 0x62, 0xA3, 0xE7, 0x62, 0xA3, 0xE7, 0x62, 0xA3, 0xE7, 
        0x62, 0xA3, 0xE7, 0x62, 0xA3, 0xE7, 0x62, 0xA3, 0xE7, 0x62, 0xA3, 0xE7, 0x62, 0xA3, 0xE7, 0x62, 0xA3, 0xE7, 0x62, 0xA3, 0xE7, 0x62, 0xA3, 0xE7, 0x62, 0xA3, 0xE7, 0x62, 0xA3, 0xE7, 0x62, 0xA3, 0xE7, 0x62, 0xA3, 0xE7, 0x62, 0xA3, 0xE7, 
        0x62, 0xA3, 0xE7, 0x62, 0xA3, 0xE7, 0x62, 0xA3, 0xE7, 0x62, 0xA3, 0xE7, 0x62, 0xA3, 0xE7, 0x62, 0xA3, 0xE7, 0x62, 0xA3, 0xE7, 0x62, 0xA3, 0xE7, 0x62, 0xA3, 0xE7, 0x62, 0xA3, 0xE7, 0x62, 0xA3, 0xE7, 0x62, 0xA3, 0xE7, 0x62, 0xA3, 0xE7, 
        0x62, 0xA3, 0xE7, 0x62, 0xA3, 0xE7, 0x62, 0xA3, 0xE7, 0x62, 0xA3, 0xE7, 0x62, 0xA3, 0xE7, 0x62, 0xA3, 0xE7, 0x62, 0xA3, 0xE7, 0x62, 0xA3, 0xE7, 0x62, 0xA3, 0xE7, 0x62, 0xA3, 0xE7, 0x62, 0xA3, 0xE7, 0x62, 0xA3, 0xE7, 0x62, 0xA3, 0xE7, 
        0x62, 0xA3, 0xE7, 0x62, 0xA3, 0xE7, 0x62, 0xA3, 0xE7, 0x62, 0xA3, 0xE7, 0x62, 0xA3, 0xE7, 0x62, 0xA3, 0xE7, 0x62, 0xA3, 0xE7, 0x62, 0xA3, 0xE7, 0x62, 0xA3, 0xE7, 0x62, 0xA3, 0xE7, 0x62, 0xA3, 0xE7, 0x62, 0xA3, 0xE7, 0x62, 0xA3, 0xE7, 
        0x62, 0xA3, 0xE7, 0x62, 0xA3, 0xE7, 0x62, 0xA3, 0xE7, 0x62, 0xA3, 0xE7, 0x62, 0xA3, 0xE7, 0x62, 0xA3, 0xE7, 0x62, 0xA3, 0xE7, 0x62, 0xA3, 0xE7, 0x62, 0xA3, 0xE7, 0x62, 0xA3, 0xE7, 0x62, 0xA3, 0xE7, 0x62, 0xA3, 0xE7, 0x62, 0xA3, 0xE7, 
        0x62, 0xA3, 0xE7, 0x62, 0xA3, 0xE7, 0x62, 0xA3, 0xE7, 0x62, 0xA3, 0xE7, 0x62, 0xA3, 0xE7, 0x62, 0xA3, 0xE7, 0x62, 0xA3, 0xE7, 0x62, 0xA3, 0xE7, 0x62, 0xA3, 0xE7, 0x62, 0xA3, 0xE7, 0x62, 0xA3, 0xE7, 0x62, 0xA3, 0xE7, 0x62, 0xA3, 0xE7, 
        0x62, 0xA3, 0xE7, 0x62, 0xA3, 0xE7, 0x62, 0xA3, 0xE7, 0x62, 0xA3, 0xE7, 0x62, 0xA3, 0xE7, 0x62, 0xA3, 0xE7, 0x62, 0xA3, 0xE7, 0x62, 0xA3, 0xE7, 0x62, 0xA3, 0xE7, 0x62, 0xA3, 0xE7, 0x62, 0xA3, 0xE7, 0x62, 0xA3, 0xE7, 0x62, 0xA3, 0xE7, 
        0x62, 0xA3, 0xE7, 0x62, 0xA3, 0xE7, 0x62, 0xA3, 0xE7, 0x62, 0xA3, 0xE7, 0x62, 0xA3, 0xE7, 0x62, 0xA3, 0xE7, 0x62, 0xA3, 0xE7, 0x62, 0xA3, 0xE7, 0x62, 0xA3, 0xE7, 0x62, 0xA3, 0xE7, 0x62, 0xA3, 0xE7, 0x62, 0xA3, 0xE7, 0x62, 0xA3, 0xE7, 
        0x62, 0xA3, 0xE7, 0x62, 0xA3, 0xE7, 0x62, 0xA3, 0xE7, 0x62, 0xA3, 0xE7, 0x62, 0xA3, 0xE7, 0x62, 0xA3, 0xE7, 0x62, 0xA3, 0xE7, 0x62, 0xA3, 0xE7, 0x62, 0xA3, 0xE7, 0x62, 0xA3, 0xE7, 0x62, 0xA3, 0xE7, 0x62, 0xA3, 0xE7, 0x62, 0xA3, 0xE7, 
        0x62, 0xA3, 0xE7, 0x62, 0xA3, 0xE7, 0x62, 0xA3, 0xE7, 0x62, 0xA3, 0xE7, 0x62, 0xA3, 0xE7, 0x62, 0xA3, 0xE7, 0x62, 0xA3, 0xE7, 0x62, 0xA3, 0xE7, 0x62, 0xA3, 0xE7, 0x62, 0xA3, 0xE7, 0x62, 0xA3, 0xE7, 0x62, 0xA3, 0xE7, 0x62, 0xA3, 0xE7, 
        0x62, 0xA3, 0xE7, 0x62, 0xA3, 0xE7, 0x62, 0xA3, 0xE7, 0x62, 0xA3, 0xE7, 0x62, 0xA3, 0xE7, 0x62, 0xA3, 0xE7, 0x62, 0xA3, 0xE7, 0x62, 0xA3, 0xE7, 0x62, 0xA3, 0xE7, 0x62, 0xA3, 0xE7, 0x62, 0xA3, 0xE7, 0x62, 0xA3, 0xE7, 0x62, 0xA3, 0xE7, 
        0x62, 0xA3, 0xE7, 0x62, 0xA3, 0xE7, 0x62, 0xA3, 0xE7, 0x62, 0xA3, 0xE7, 0x62, 0xA3, 0xE7, 0x62, 0xA3, 0xE7, 0x62, 0xA3, 0xE7, 0x62, 0xA3, 0xE7, 0x62, 0xA3, 0xE7, 0x62, 0xA3, 0xE7, 0x62, 0xA3, 0xE7, 0x62, 0xA3, 0xE7, 0x62, 0xA3, 0xE7, 
        0x62, 0xA3, 0xE7, 0x62, 0xA3, 0xE7, 0x62, 0xA3, 0xE7, 0x62, 0xA3, 0xE7, 0x62, 0xA3, 0xE7, 0x62, 0xA3, 0xE7, 0x62, 0xA3, 0xE7, 0x62, 0xA3, 0xE7, 0x62, 0xA3, 0xE7, 0x62, 0xA3, 0xE7, 0x62, 0xA3, 0xE7, 0x62, 0xA3, 0xE7, 0x62, 0xA3, 0xE7, 
        0x62, 0xA3, 0xE7, 0x62, 0xA3, 0xE7, 0x62, 0xA3, 0xE7, 0x62, 0xA3, 0xE7, 0x62, 0xA3, 0xE7, 0x62, 0xA3, 0xE7, 0x62, 0xA3, 0xE7, 0x62, 0xA3, 0xE7, 0x62, 0xA3, 0xE7, 0x62, 0xA3, 0xE7, 0x62, 0xA3, 0xE7, 0x62, 0xA3, 0xE7, 0x62, 0xA3, 0xE7, 
        0x62, 0xA3, 0xE7, 0x62, 0xA3, 0xE7, 0x62, 0xA3, 0xE7, 0x62, 0xA3, 0xE7, 0x62, 0xA3, 0xE7, 0x62, 0xA3, 0xE7, 0x62, 0xA3, 0xE7, 0x62, 0xA3, 0xE7, 0x62, 0xA3, 0xE7, 0x62, 0xA3, 0xE7, 0x62, 0xA3, 0xE7, 0x62, 0xA3, 0xE7, 0x62, 0xA3, 0xE7, 
        0x62, 0xA3, 0xE7, 0x62, 0xA3, 0xE7, 0x62, 0xA3, 0xE7, 0x62, 0xA3, 0xE7, 0x62, 0xA3, 0xE7, 0x62, 0xA3, 0xE7, 0x62, 0xA3, 0xE7, 0x62, 0xA3, 0xE7, 0x62, 0xA3, 0xE7, 0x62, 0xA3, 0xE7, 0x62, 0xA3, 0xE7, 0x62, 0xA3, 0xE7, 0x62, 0xA3, 0xE7, 
        0x62, 0xA3, 0xE7, 0x62, 0xA3, 0xE7, 0x62, 0xA3, 0xE7, 0x62, 0xA3, 0xE7, 0x62, 0xA3, 0xE7, 0x62, 0xA3, 0xE7, 0x62, 0xA3, 0xE7, 0x62, 0xA3, 0xE7, 0x62, 0xA3, 0xE7, 0x62, 0xA3, 0xE7, 0x62, 0xA3, 0xE7, 0x62, 0xA3, 0xE7, 0x62, 0xA3, 0xE7, 
        0x62, 0xA3, 0xE7, 0x62, 0xA3, 0xE7, 0x62, 0xA3, 0xE7, 0x62, 0xA3, 0xE7, 0x62, 0xA3, 0xE7, 0x62, 0xA3, 0xE7, 0x62, 0xA3, 0xE7, 0x62, 0xA3, 0xE7, 0x62, 0xA3, 0xE7, 0x62, 0xA3, 0xE7, 0x62, 0xA3, 0xE7, 0x62, 0xA3, 0xE7, 0x62, 0xA3, 0xE7, 
        0x62, 0xA3, 0xE7, 0x62, 0xA3, 0xE7, 0x62, 0xA3, 0xE7, 0x62, 0xA3, 0xE7, 0x62, 0xA3, 0xE7, 0x62, 0xA3, 0xE7, 0x62, 0xA3, 0xE7, 0x62, 0xA3, 0xE7, 0x62, 0xA3, 0xE7, 0x62, 0xA3, 0xE7, 0x62, 0xA3, 0xE7, 0x62, 0xA3, 0xE7, 0x62, 0xA3, 0xE7, 
        0x62, 0xA3, 0xE7, 0x62, 0xA3, 0xE7, 0x62, 0xA3, 0xE7, 0x62, 0xA3, 0xE7, 0x62, 0xA3, 0xE7, 0x62, 0xA3, 0xE7, 0x62, 0xA3, 0xE7, 0x62, 0xA3, 0xE7, 0x62, 0xA3, 0xE7, 0x62, 0xA3, 0xE7, 0x62, 0xA3, 0xE7, 0x62, 0xA3, 0xE7, 0x62, 0xA3, 0xE7, 
        0x62, 0xA3, 0xE7, 0x62, 0xA3, 0xE7, 0x62, 0xA3, 0xE7, 0x62, 0xA3, 0xE7, 0x62, 0xA3, 0xE7, 0x8D, 0xBC, 0xEE, 0xFF, 0xFF, 0xFF,
  0x62, 0xA3, 0xE7, 0x62, 0xA3, 0xE7, 0x62, 0xA3, 0xE7, 0x62, 0xA3, 0xE7, 0x62, 0xA3, 0xE7, 0x62, 0xA3, 0xE7, 0x62, 0xA3, 0xE7, 0x62, 0xA3, 0xE7, 0x62, 0xA3, 0xE7, 0x62, 0xA3, 0xE7, 0x62, 0xA3, 0xE7, 0x62, 0xA3, 0xE7, 0x62, 0xA3, 0xE7, 0x62, 0xA3, 0xE7, 
        0x62, 0xA3, 0xE7, 0x62, 0xA3, 0xE7, 0x62, 0xA3, 0xE7, 0x62, 0xA3, 0xE7, 0x62, 0xA3, 0xE7, 0x62, 0xA3, 0xE7, 0x62, 0xA3, 0xE7, 0x62, 0xA3, 0xE7, 0x62, 0xA3, 0xE7, 0x62, 0xA3, 0xE7, 0x62, 0xA3, 0xE7, 0x62, 0xA3, 0xE7, 0x62, 0xA3, 0xE7, 
        0x62, 0xA3, 0xE7, 0x62, 0xA3, 0xE7, 0x62, 0xA3, 0xE7, 0x62, 0xA3, 0xE7, 0x62, 0xA3, 0xE7, 0x62, 0xA3, 0xE7, 0x62, 0xA3, 0xE7, 0x62, 0xA3, 0xE7, 0x62, 0xA3, 0xE7, 0x62, 0xA3, 0xE7, 0x62, 0xA3, 0xE7, 0x62, 0xA3, 0xE7, 0x62, 0xA3, 0xE7, 
        0x62, 0xA3, 0xE7, 0x62, 0xA3, 0xE7, 0x62, 0xA3, 0xE7, 0x62, 0xA3, 0xE7, 0x62, 0xA3, 0xE7, 0x62, 0xA3, 0xE7, 0x62, 0xA3, 0xE7, 0x62, 0xA3, 0xE7, 0x62, 0xA3, 0xE7, 0x62, 0xA3, 0xE7, 0x62, 0xA3, 0xE7, 0x62, 0xA3, 0xE7, 0x62, 0xA3, 0xE7, 
        0x62, 0xA3, 0xE7, 0x62, 0xA3, 0xE7, 0x62, 0xA3, 0xE7, 0x62, 0xA3, 0xE7, 0x62, 0xA3, 0xE7, 0x62, 0xA3, 0xE7, 0x62, 0xA3, 0xE7, 0x62, 0xA3, 0xE7, 0x62, 0xA3, 0xE7, 0x62, 0xA3, 0xE7, 0x62, 0xA3, 0xE7, 0x62, 0xA3, 0xE7, 0x62, 0xA3, 0xE7, 
        0x62, 0xA3, 0xE7, 0x62, 0xA3, 0xE7, 0x62, 0xA3, 0xE7, 0x62, 0xA3, 0xE7, 0x62, 0xA3, 0xE7, 0x62, 0xA3, 0xE7, 0x62, 0xA3, 0xE7, 0x62, 0xA3, 0xE7, 0x62, 0xA3, 0xE7, 0x62, 0xA3, 0xE7, 0x62, 0xA3, 0xE7, 0x62, 0xA3, 0xE7, 0x62, 0xA3, 0xE7, 
        0x62, 0xA3, 0xE7, 0x62, 0xA3, 0xE7, 0x62, 0xA3, 0xE7, 0x62, 0xA3, 0xE7, 0x62, 0xA3, 0xE7, 0x62, 0xA3, 0xE7, 0x62, 0xA3, 0xE7, 0x62, 0xA3, 0xE7, 0x62, 0xA3, 0xE7, 0x62, 0xA3, 0xE7, 0x62, 0xA3, 0xE7, 0x62, 0xA3, 0xE7, 0x62, 0xA3, 0xE7, 
        0x62, 0xA3, 0xE7, 0x62, 0xA3, 0xE7, 0x62, 0xA3, 0xE7, 0x62, 0xA3, 0xE7, 0x62, 0xA3, 0xE7, 0x62, 0xA3, 0xE7, 0x62, 0xA3, 0xE7, 0x62, 0xA3, 0xE7, 0x62, 0xA3, 0xE7, 0x62, 0xA3, 0xE7, 0x62, 0xA3, 0xE7, 0x62, 0xA3, 0xE7, 0x62, 0xA3, 0xE7, 
        0x62, 0xA3, 0xE7, 0x62, 0xA3, 0xE7, 0x62, 0xA3, 0xE7, 0x62, 0xA3, 0xE7, 0x62, 0xA3, 0xE7, 0x62, 0xA3, 0xE7, 0x62, 0xA3, 0xE7, 0x62, 0xA3, 0xE7, 0x62, 0xA3, 0xE7, 0x62, 0xA3, 0xE7, 0x62, 0xA3, 0xE7, 0x62, 0xA3, 0xE7, 0x62, 0xA3, 0xE7, 
        0x62, 0xA3, 0xE7, 0x62, 0xA3, 0xE7, 0x62, 0xA3, 0xE7, 0x62, 0xA3, 0xE7, 0x62, 0xA3, 0xE7, 0x62, 0xA3, 0xE7, 0x62, 0xA3, 0xE7, 0x62, 0xA3, 0xE7, 0x62, 0xA3, 0xE7, 0x62, 0xA3, 0xE7, 0x62, 0xA3, 0xE7, 0x62, 0xA3, 0xE7, 0x62, 0xA3, 0xE7, 
        0x62, 0xA3, 0xE7, 0x62, 0xA3, 0xE7, 0x62, 0xA3, 0xE7, 0x62, 0xA3, 0xE7, 0x62, 0xA3, 0xE7, 0x62, 0xA3, 0xE7, 0x62, 0xA3, 0xE7, 0x62, 0xA3, 0xE7, 0x62, 0xA3, 0xE7, 0x62, 0xA3, 0xE7, 0x62, 0xA3, 0xE7, 0x62, 0xA3, 0xE7, 0x62, 0xA3, 0xE7, 
        0x62, 0xA3, 0xE7, 0x62, 0xA3, 0xE7, 0x62, 0xA3, 0xE7, 0x62, 0xA3, 0xE7, 0x62, 0xA3, 0xE7, 0x62, 0xA3, 0xE7, 0x62, 0xA3, 0xE7, 0x62, 0xA3, 0xE7, 0x62, 0xA3, 0xE7, 0x62, 0xA3, 0xE7, 0x62, 0xA3, 0xE7, 0x62, 0xA3, 0xE7, 0x62, 0xA3, 0xE7, 
        0x62, 0xA3, 0xE7, 0x62, 0xA3, 0xE7, 0x62, 0xA3, 0xE7, 0x62, 0xA3, 0xE7, 0x62, 0xA3, 0xE7, 0x62, 0xA3, 0xE7, 0x62, 0xA3, 0xE7, 0x62, 0xA3, 0xE7, 0x62, 0xA3, 0xE7, 0x62, 0xA3, 0xE7, 0x62, 0xA3, 0xE7, 0x62, 0xA3, 0xE7, 0x62, 0xA3, 0xE7, 
        0x62, 0xA3, 0xE7, 0x62, 0xA3, 0xE7, 0x62, 0xA3, 0xE7, 0x62, 0xA3, 0xE7, 0x62, 0xA3, 0xE7, 0x62, 0xA3, 0xE7, 0x62, 0xA3, 0xE7, 0x62, 0xA3, 0xE7, 0x62, 0xA3, 0xE7, 0x62, 0xA3, 0xE7, 0x62, 0xA3, 0xE7, 0x62, 0xA3, 0xE7, 0x62, 0xA3, 0xE7, 
        0x62, 0xA3, 0xE7, 0x62, 0xA3, 0xE7, 0x62, 0xA3, 0xE7, 0x62, 0xA3, 0xE7, 0x62, 0xA3, 0xE7, 0x62, 0xA3, 0xE7, 0x62, 0xA3, 0xE7, 0x62, 0xA3, 0xE7, 0x62, 0xA3, 0xE7, 0x62, 0xA3, 0xE7, 0x62, 0xA3, 0xE7, 0x62, 0xA3, 0xE7, 0x62, 0xA3, 0xE7, 
        0x62, 0xA3, 0xE7, 0x62, 0xA3, 0xE7, 0x62, 0xA3, 0xE7, 0x62, 0xA3, 0xE7, 0x62, 0xA3, 0xE7, 0x62, 0xA3, 0xE7, 0x62, 0xA3, 0xE7, 0x62, 0xA3, 0xE7, 0x62, 0xA3, 0xE7, 0x62, 0xA3, 0xE7, 0x62, 0xA3, 0xE7, 0x62, 0xA3, 0xE7, 0x62, 0xA3, 0xE7, 
        0x62, 0xA3, 0xE7, 0x62, 0xA3, 0xE7, 0x62, 0xA3, 0xE7, 0x62, 0xA3, 0xE7, 0x62, 0xA3, 0xE7, 0x62, 0xA3, 0xE7, 0x62, 0xA3, 0xE7, 0x62, 0xA3, 0xE7, 0x62, 0xA3, 0xE7, 0x62, 0xA3, 0xE7, 0x62, 0xA3, 0xE7, 0x62, 0xA3, 0xE7, 0x62, 0xA3, 0xE7, 
        0x62, 0xA3, 0xE7, 0x62, 0xA3, 0xE7, 0x62, 0xA3, 0xE7, 0x62, 0xA3, 0xE7, 0x62, 0xA3, 0xE7, 0x62, 0xA3, 0xE7, 0x62, 0xA3, 0xE7, 0x62, 0xA3, 0xE7, 0x62, 0xA3, 0xE7, 0x62, 0xA3, 0xE7, 0x62, 0xA3, 0xE7, 0x62, 0xA3, 0xE7, 0x62, 0xA3, 0xE7, 
        0x62, 0xA3, 0xE7, 0x62, 0xA3, 0xE7, 0x62, 0xA3, 0xE7, 0x62, 0xA3, 0xE7, 0x62, 0xA3, 0xE7, 0x62, 0xA3, 0xE7, 0x62, 0xA3, 0xE7, 0x62, 0xA3, 0xE7, 0x62, 0xA3, 0xE7, 0x62, 0xA3, 0xE7, 0x62, 0xA3, 0xE7, 0x62, 0xA3, 0xE7, 0x62, 0xA3, 0xE7, 
        0x62, 0xA3, 0xE7, 0x62, 0xA3, 0xE7, 0x62, 0xA3, 0xE7, 0x62, 0xA3, 0xE7, 0x62, 0xA3, 0xE7, 0x62, 0xA3, 0xE7, 0x62, 0xA3, 0xE7, 0x62, 0xA3, 0xE7, 0x62, 0xA3, 0xE7, 0x62, 0xA3, 0xE7, 0x62, 0xA3, 0xE7, 0x62, 0xA3, 0xE7, 0x62, 0xA3, 0xE7, 
        0x62, 0xA3, 0xE7, 0x62, 0xA3, 0xE7, 0x62, 0xA3, 0xE7, 0x62, 0xA3, 0xE7, 0x62, 0xA3, 0xE7, 0x62, 0xA3, 0xE7, 0x62, 0xA3, 0xE7, 0x62, 0xA3, 0xE7, 0x62, 0xA3, 0xE7, 0x62, 0xA3, 0xE7, 0x62, 0xA3, 0xE7, 0x62, 0xA3, 0xE7, 0x62, 0xA3, 0xE7, 
        0x62, 0xA3, 0xE7, 0x62, 0xA3, 0xE7, 0x62, 0xA3, 0xE7, 0x62, 0xA3, 0xE7, 0x62, 0xA3, 0xE7, 0x62, 0xA3, 0xE7, 0x62, 0xA3, 0xE7, 0x62, 0xA3, 0xE7, 0x62, 0xA3, 0xE7, 0x62, 0xA3, 0xE7, 0x62, 0xA3, 0xE7, 0x62, 0xA3, 0xE7, 0x62, 0xA3, 0xE7, 
        0x62, 0xA3, 0xE7, 0x62, 0xA3, 0xE7, 0x62, 0xA3, 0xE7, 0x62, 0xA3, 0xE7, 0x62, 0xA3, 0xE7, 0x62, 0xA3, 0xE7, 0x62, 0xA3, 0xE7, 0x62, 0xA3, 0xE7, 0x62, 0xA3, 0xE7, 0x62, 0xA3, 0xE7, 0x62, 0xA3, 0xE7, 0x62, 0xA3, 0xE7, 0x62, 0xA3, 0xE7, 
        0x62, 0xA3, 0xE7, 0x62, 0xA3, 0xE7, 0x62, 0xA3, 0xE7, 0x62, 0xA3, 0xE7, 0x62, 0xA3, 0xE7, 0x62, 0xA3, 0xE7, 0x62, 0xA3, 0xE7, 0x62, 0xA3, 0xE7, 0x62, 0xA3, 0xE7, 0x62, 0xA3, 0xE7, 0x62, 0xA3, 0xE7, 0x62, 0xA3, 0xE7, 0x62, 0xA3, 0xE7, 
        0x62, 0xA3, 0xE7, 0x62, 0xA3, 0xE7, 0x62, 0xA3, 0xE7, 0x62, 0xA3, 0xE7, 0x62, 0xA3, 0xE7, 0xC6, 0xDE, 0xF6, 0xFF, 0xFF, 0xFF,
  0x62, 0xA3, 0xE7, 0x62, 0xA3, 0xE7, 0x62, 0xA3, 0xE7, 0x62, 0xA3, 0xE7, 0x62, 0xA3, 0xE7, 0x62, 0xA3, 0xE7, 0x62, 0xA3, 0xE7, 0x62, 0xA3, 0xE7, 0x62, 0xA3, 0xE7, 0x62, 0xA3, 0xE7, 0x62, 0xA3, 0xE7, 0x62, 0xA3, 0xE7, 0x62, 0xA3, 0xE7, 0x62, 0xA3, 0xE7, 
        0x62, 0xA3, 0xE7, 0x62, 0xA3, 0xE7, 0x62, 0xA3, 0xE7, 0x62, 0xA3, 0xE7, 0x62, 0xA3, 0xE7, 0x62, 0xA3, 0xE7, 0x62, 0xA3, 0xE7, 0x62, 0xA3, 0xE7, 0x62, 0xA3, 0xE7, 0x62, 0xA3, 0xE7, 0x62, 0xA3, 0xE7, 0x62, 0xA3, 0xE7, 0x62, 0xA3, 0xE7, 
        0x62, 0xA3, 0xE7, 0x62, 0xA3, 0xE7, 0x62, 0xA3, 0xE7, 0x62, 0xA3, 0xE7, 0x62, 0xA3, 0xE7, 0x62, 0xA3, 0xE7, 0x62, 0xA3, 0xE7, 0x62, 0xA3, 0xE7, 0x62, 0xA3, 0xE7, 0x62, 0xA3, 0xE7, 0x62, 0xA3, 0xE7, 0x62, 0xA3, 0xE7, 0x62, 0xA3, 0xE7, 
        0x62, 0xA3, 0xE7, 0x62, 0xA3, 0xE7, 0x62, 0xA3, 0xE7, 0x62, 0xA3, 0xE7, 0x62, 0xA3, 0xE7, 0x62, 0xA3, 0xE7, 0x62, 0xA3, 0xE7, 0x62, 0xA3, 0xE7, 0x62, 0xA3, 0xE7, 0x62, 0xA3, 0xE7, 0x62, 0xA3, 0xE7, 0x62, 0xA3, 0xE7, 0x62, 0xA3, 0xE7, 
        0x62, 0xA3, 0xE7, 0x62, 0xA3, 0xE7, 0x62, 0xA3, 0xE7, 0x62, 0xA3, 0xE7, 0x62, 0xA3, 0xE7, 0x62, 0xA3, 0xE7, 0x62, 0xA3, 0xE7, 0x62, 0xA3, 0xE7, 0x62, 0xA3, 0xE7, 0x62, 0xA3, 0xE7, 0x62, 0xA3, 0xE7, 0x62, 0xA3, 0xE7, 0x62, 0xA3, 0xE7, 
        0x62, 0xA3, 0xE7, 0x62, 0xA3, 0xE7, 0x62, 0xA3, 0xE7, 0x62, 0xA3, 0xE7, 0x62, 0xA3, 0xE7, 0x62, 0xA3, 0xE7, 0x62, 0xA3, 0xE7, 0x62, 0xA3, 0xE7, 0x62, 0xA3, 0xE7, 0x62, 0xA3, 0xE7, 0x62, 0xA3, 0xE7, 0x62, 0xA3, 0xE7, 0x62, 0xA3, 0xE7, 
        0x62, 0xA3, 0xE7, 0x62, 0xA3, 0xE7, 0x62, 0xA3, 0xE7, 0x62, 0xA3, 0xE7, 0x62, 0xA3, 0xE7, 0x62, 0xA3, 0xE7, 0x62, 0xA3, 0xE7, 0x62, 0xA3, 0xE7, 0x62, 0xA3, 0xE7, 0x62, 0xA3, 0xE7, 0x62, 0xA3, 0xE7, 0x62, 0xA3, 0xE7, 0x62, 0xA3, 0xE7, 
        0x62, 0xA3, 0xE7, 0x62, 0xA3, 0xE7, 0x62, 0xA3, 0xE7, 0x62, 0xA3, 0xE7, 0x62, 0xA3, 0xE7, 0x62, 0xA3, 0xE7, 0x62, 0xA3, 0xE7, 0x62, 0xA3, 0xE7, 0x62, 0xA3, 0xE7, 0x62, 0xA3, 0xE7, 0x62, 0xA3, 0xE7, 0x62, 0xA3, 0xE7, 0x62, 0xA3, 0xE7, 
        0x62, 0xA3, 0xE7, 0x62, 0xA3, 0xE7, 0x62, 0xA3, 0xE7, 0x62, 0xA3, 0xE7, 0x62, 0xA3, 0xE7, 0x62, 0xA3, 0xE7, 0x62, 0xA3, 0xE7, 0x62, 0xA3, 0xE7, 0x62, 0xA3, 0xE7, 0x62, 0xA3, 0xE7, 0x62, 0xA3, 0xE7, 0x62, 0xA3, 0xE7, 0x62, 0xA3, 0xE7, 
        0x62, 0xA3, 0xE7, 0x62, 0xA3, 0xE7, 0x62, 0xA3, 0xE7, 0x62, 0xA3, 0xE7, 0x62, 0xA3, 0xE7, 0x62, 0xA3, 0xE7, 0x62, 0xA3, 0xE7, 0x62, 0xA3, 0xE7, 0x62, 0xA3, 0xE7, 0x62, 0xA3, 0xE7, 0x62, 0xA3, 0xE7, 0x62, 0xA3, 0xE7, 0x62, 0xA3, 0xE7, 
        0x62, 0xA3, 0xE7, 0x62, 0xA3, 0xE7, 0x62, 0xA3, 0xE7, 0x62, 0xA3, 0xE7, 0x62, 0xA3, 0xE7, 0x62, 0xA3, 0xE7, 0x62, 0xA3, 0xE7, 0x62, 0xA3, 0xE7, 0x62, 0xA3, 0xE7, 0x62, 0xA3, 0xE7, 0x62, 0xA3, 0xE7, 0x62, 0xA3, 0xE7, 0x62, 0xA3, 0xE7, 
        0x62, 0xA3, 0xE7, 0x62, 0xA3, 0xE7, 0x62, 0xA3, 0xE7, 0x62, 0xA3, 0xE7, 0x62, 0xA3, 0xE7, 0x62, 0xA3, 0xE7, 0x62, 0xA3, 0xE7, 0x62, 0xA3, 0xE7, 0x62, 0xA3, 0xE7, 0x62, 0xA3, 0xE7, 0x62, 0xA3, 0xE7, 0x62, 0xA3, 0xE7, 0x62, 0xA3, 0xE7, 
        0x62, 0xA3, 0xE7, 0x62, 0xA3, 0xE7, 0x62, 0xA3, 0xE7, 0x62, 0xA3, 0xE7, 0x62, 0xA3, 0xE7, 0x62, 0xA3, 0xE7, 0x62, 0xA3, 0xE7, 0x62, 0xA3, 0xE7, 0x62, 0xA3, 0xE7, 0x62, 0xA3, 0xE7, 0x62, 0xA3, 0xE7, 0x62, 0xA3, 0xE7, 0x62, 0xA3, 0xE7, 
        0x62, 0xA3, 0xE7, 0x62, 0xA3, 0xE7, 0x62, 0xA3, 0xE7, 0x62, 0xA3, 0xE7, 0x62, 0xA3, 0xE7, 0x62, 0xA3, 0xE7, 0x62, 0xA3, 0xE7, 0x62, 0xA3, 0xE7, 0x62, 0xA3, 0xE7, 0x62, 0xA3, 0xE7, 0x62, 0xA3, 0xE7, 0x62, 0xA3, 0xE7, 0x62, 0xA3, 0xE7, 
        0x62, 0xA3, 0xE7, 0x62, 0xA3, 0xE7, 0x62, 0xA3, 0xE7, 0x62, 0xA3, 0xE7, 0x62, 0xA3, 0xE7, 0x62, 0xA3, 0xE7, 0x62, 0xA3, 0xE7, 0x62, 0xA3, 0xE7, 0x62, 0xA3, 0xE7, 0x62, 0xA3, 0xE7, 0x62, 0xA3, 0xE7, 0x62, 0xA3, 0xE7, 0x62, 0xA3, 0xE7, 
        0x62, 0xA3, 0xE7, 0x62, 0xA3, 0xE7, 0x62, 0xA3, 0xE7, 0x62, 0xA3, 0xE7, 0x62, 0xA3, 0xE7, 0x62, 0xA3, 0xE7, 0x62, 0xA3, 0xE7, 0x62, 0xA3, 0xE7, 0x62, 0xA3, 0xE7, 0x62, 0xA3, 0xE7, 0x62, 0xA3, 0xE7, 0x62, 0xA3, 0xE7, 0x62, 0xA3, 0xE7, 
        0x62, 0xA3, 0xE7, 0x62, 0xA3, 0xE7, 0x62, 0xA3, 0xE7, 0x62, 0xA3, 0xE7, 0x62, 0xA3, 0xE7, 0x62, 0xA3, 0xE7, 0x62, 0xA3, 0xE7, 0x62, 0xA3, 0xE7, 0x62, 0xA3, 0xE7, 0x62, 0xA3, 0xE7, 0x62, 0xA3, 0xE7, 0x62, 0xA3, 0xE7, 0x62, 0xA3, 0xE7, 
        0x62, 0xA3, 0xE7, 0x62, 0xA3, 0xE7, 0x62, 0xA3, 0xE7, 0x62, 0xA3, 0xE7, 0x62, 0xA3, 0xE7, 0x62, 0xA3, 0xE7, 0x62, 0xA3, 0xE7, 0x62, 0xA3, 0xE7, 0x62, 0xA3, 0xE7, 0x62, 0xA3, 0xE7, 0x62, 0xA3, 0xE7, 0x62, 0xA3, 0xE7, 0x62, 0xA3, 0xE7, 
        0x62, 0xA3, 0xE7, 0x62, 0xA3, 0xE7, 0x62, 0xA3, 0xE7, 0x62, 0xA3, 0xE7, 0x62, 0xA3, 0xE7, 0x62, 0xA3, 0xE7, 0x62, 0xA3, 0xE7, 0x62, 0xA3, 0xE7, 0x62, 0xA3, 0xE7, 0x62, 0xA3, 0xE7, 0x62, 0xA3, 0xE7, 0x62, 0xA3, 0xE7, 0x62, 0xA3, 0xE7, 
        0x62, 0xA3, 0xE7, 0x62, 0xA3, 0xE7, 0x62, 0xA3, 0xE7, 0x62, 0xA3, 0xE7, 0x62, 0xA3, 0xE7, 0x62, 0xA3, 0xE7, 0x62, 0xA3, 0xE7, 0x62, 0xA3, 0xE7, 0x62, 0xA3, 0xE7, 0x62, 0xA3, 0xE7, 0x62, 0xA3, 0xE7, 0x62, 0xA3, 0xE7, 0x62, 0xA3, 0xE7, 
        0x62, 0xA3, 0xE7, 0x62, 0xA3, 0xE7, 0x62, 0xA3, 0xE7, 0x62, 0xA3, 0xE7, 0x62, 0xA3, 0xE7, 0x62, 0xA3, 0xE7, 0x62, 0xA3, 0xE7, 0x62, 0xA3, 0xE7, 0x62, 0xA3, 0xE7, 0x62, 0xA3, 0xE7, 0x62, 0xA3, 0xE7, 0x62, 0xA3, 0xE7, 0x62, 0xA3, 0xE7, 
        0x62, 0xA3, 0xE7, 0x62, 0xA3, 0xE7, 0x62, 0xA3, 0xE7, 0x62, 0xA3, 0xE7, 0x62, 0xA3, 0xE7, 0x62, 0xA3, 0xE7, 0x62, 0xA3, 0xE7, 0x62, 0xA3, 0xE7, 0x62, 0xA3, 0xE7, 0x62, 0xA3, 0xE7, 0x62, 0xA3, 0xE7, 0x62, 0xA3, 0xE7, 0x62, 0xA3, 0xE7, 
        0x62, 0xA3, 0xE7, 0x62, 0xA3, 0xE7, 0x62, 0xA3, 0xE7, 0x62, 0xA3, 0xE7, 0x62, 0xA3, 0xE7, 0x62, 0xA3, 0xE7, 0x62, 0xA3, 0xE7, 0x62, 0xA3, 0xE7, 0x62, 0xA3, 0xE7, 0x62, 0xA3, 0xE7, 0x62, 0xA3, 0xE7, 0x62, 0xA3, 0xE7, 0x62, 0xA3, 0xE7, 
        0x62, 0xA3, 0xE7, 0x62, 0xA3, 0xE7, 0x62, 0xA3, 0xE7, 0x62, 0xA3, 0xE7, 0x62, 0xA3, 0xE7, 0x62, 0xA3, 0xE7, 0x62, 0xA3, 0xE7, 0x62, 0xA3, 0xE7, 0x62, 0xA3, 0xE7, 0x62, 0xA3, 0xE7, 0x62, 0xA3, 0xE7, 0x62, 0xA3, 0xE7, 0x62, 0xA3, 0xE7, 
        0x62, 0xA3, 0xE7, 0x62, 0xA3, 0xE7, 0x62, 0xA3, 0xE7, 0x62, 0xA3, 0xE7, 0x71, 0xAC, 0xE9, 0xFA, 0xFC, 0xFE, 0xFF, 0xFF, 0xFF,
  0x62, 0xA3, 0xE7, 0x62, 0xA3, 0xE7, 0x62, 0xA3, 0xE7, 0x62, 0xA3, 0xE7, 0x62, 0xA3, 0xE7, 0x62, 0xA3, 0xE7, 0x62, 0xA3, 0xE7, 0x62, 0xA3, 0xE7, 0x62, 0xA3, 0xE7, 0x62, 0xA3, 0xE7, 0x62, 0xA3, 0xE7, 0x62, 0xA3, 0xE7, 0x62, 0xA3, 0xE7, 0x62, 0xA3, 0xE7, 
        0x62, 0xA3, 0xE7, 0x62, 0xA3, 0xE7, 0x62, 0xA3, 0xE7, 0x62, 0xA3, 0xE7, 0x62, 0xA3, 0xE7, 0x62, 0xA3, 0xE7, 0x62, 0xA3, 0xE7, 0x62, 0xA3, 0xE7, 0x62, 0xA3, 0xE7, 0x62, 0xA3, 0xE7, 0x62, 0xA3, 0xE7, 0x62, 0xA3, 0xE7, 0x62, 0xA3, 0xE7, 
        0x62, 0xA3, 0xE7, 0x62, 0xA3, 0xE7, 0x62, 0xA3, 0xE7, 0x62, 0xA3, 0xE7, 0x62, 0xA3, 0xE7, 0x62, 0xA3, 0xE7, 0x62, 0xA3, 0xE7, 0x62, 0xA3, 0xE7, 0x62, 0xA3, 0xE7, 0x62, 0xA3, 0xE7, 0x62, 0xA3, 0xE7, 0x62, 0xA3, 0xE7, 0x62, 0xA3, 0xE7, 
        0x62, 0xA3, 0xE7, 0x62, 0xA3, 0xE7, 0x62, 0xA3, 0xE7, 0x62, 0xA3, 0xE7, 0x62, 0xA3, 0xE7, 0x62, 0xA3, 0xE7, 0x62, 0xA3, 0xE7, 0x62, 0xA3, 0xE7, 0x62, 0xA3, 0xE7, 0x62, 0xA3, 0xE7, 0x62, 0xA3, 0xE7, 0x62, 0xA3, 0xE7, 0x62, 0xA3, 0xE7, 
        0x62, 0xA3, 0xE7, 0x62, 0xA3, 0xE7, 0x62, 0xA3, 0xE7, 0x62, 0xA3, 0xE7, 0x62, 0xA3, 0xE7, 0x62, 0xA3, 0xE7, 0x62, 0xA3, 0xE7, 0x62, 0xA3, 0xE7, 0x62, 0xA3, 0xE7, 0x62, 0xA3, 0xE7, 0x62, 0xA3, 0xE7, 0x62, 0xA3, 0xE7, 0x62, 0xA3, 0xE7, 
        0x62, 0xA3, 0xE7, 0x62, 0xA3, 0xE7, 0x62, 0xA3, 0xE7, 0x62, 0xA3, 0xE7, 0x62, 0xA3, 0xE7, 0x62, 0xA3, 0xE7, 0x62, 0xA3, 0xE7, 0x62, 0xA3, 0xE7, 0x62, 0xA3, 0xE7, 0x62, 0xA3, 0xE7, 0x62, 0xA3, 0xE7, 0x62, 0xA3, 0xE7, 0x62, 0xA3, 0xE7, 
        0x62, 0xA3, 0xE7, 0x62, 0xA3, 0xE7, 0x62, 0xA3, 0xE7, 0x62, 0xA3, 0xE7, 0x62, 0xA3, 0xE7, 0x62, 0xA3, 0xE7, 0x62, 0xA3, 0xE7, 0x62, 0xA3, 0xE7, 0x62, 0xA3, 0xE7, 0x62, 0xA3, 0xE7, 0x62, 0xA3, 0xE7, 0x62, 0xA3, 0xE7, 0x62, 0xA3, 0xE7, 
        0x62, 0xA3, 0xE7, 0x62, 0xA3, 0xE7, 0x62, 0xA3, 0xE7, 0x62, 0xA3, 0xE7, 0x62, 0xA3, 0xE7, 0x62, 0xA3, 0xE7, 0x62, 0xA3, 0xE7, 0x62, 0xA3, 0xE7, 0x62, 0xA3, 0xE7, 0x62, 0xA3, 0xE7, 0x62, 0xA3, 0xE7, 0x62, 0xA3, 0xE7, 0x62, 0xA3, 0xE7, 
        0x62, 0xA3, 0xE7, 0x62, 0xA3, 0xE7, 0x62, 0xA3, 0xE7, 0x62, 0xA3, 0xE7, 0x62, 0xA3, 0xE7, 0x62, 0xA3, 0xE7, 0x62, 0xA3, 0xE7, 0x62, 0xA3, 0xE7, 0x62, 0xA3, 0xE7, 0x62, 0xA3, 0xE7, 0x62, 0xA3, 0xE7, 0x62, 0xA3, 0xE7, 0x62, 0xA3, 0xE7, 
        0x62, 0xA3, 0xE7, 0x62, 0xA3, 0xE7, 0x62, 0xA3, 0xE7, 0x62, 0xA3, 0xE7, 0x62, 0xA3, 0xE7, 0x62, 0xA3, 0xE7, 0x62, 0xA3, 0xE7, 0x62, 0xA3, 0xE7, 0x62, 0xA3, 0xE7, 0x62, 0xA3, 0xE7, 0x62, 0xA3, 0xE7, 0x62, 0xA3, 0xE7, 0x62, 0xA3, 0xE7, 
        0x62, 0xA3, 0xE7, 0x62, 0xA3, 0xE7, 0x62, 0xA3, 0xE7, 0x62, 0xA3, 0xE7, 0x62, 0xA3, 0xE7, 0x62, 0xA3, 0xE7, 0x62, 0xA3, 0xE7, 0x62, 0xA3, 0xE7, 0x62, 0xA3, 0xE7, 0x62, 0xA3, 0xE7, 0x62, 0xA3, 0xE7, 0x62, 0xA3, 0xE7, 0x62, 0xA3, 0xE7, 
        0x62, 0xA3, 0xE7, 0x62, 0xA3, 0xE7, 0x62, 0xA3, 0xE7, 0x62, 0xA3, 0xE7, 0x62, 0xA3, 0xE7, 0x62, 0xA3, 0xE7, 0x62, 0xA3, 0xE7, 0x62, 0xA3, 0xE7, 0x62, 0xA3, 0xE7, 0x62, 0xA3, 0xE7, 0x62, 0xA3, 0xE7, 0x62, 0xA3, 0xE7, 0x62, 0xA3, 0xE7, 
        0x62, 0xA3, 0xE7, 0x62, 0xA3, 0xE7, 0x62, 0xA3, 0xE7, 0x62, 0xA3, 0xE7, 0x62, 0xA3, 0xE7, 0x62, 0xA3, 0xE7, 0x62, 0xA3, 0xE7, 0x62, 0xA3, 0xE7, 0x62, 0xA3, 0xE7, 0x62, 0xA3, 0xE7, 0x62, 0xA3, 0xE7, 0x62, 0xA3, 0xE7, 0x62, 0xA3, 0xE7, 
        0x62, 0xA3, 0xE7, 0x62, 0xA3, 0xE7, 0x62, 0xA3, 0xE7, 0x62, 0xA3, 0xE7, 0x62, 0xA3, 0xE7, 0x62, 0xA3, 0xE7, 0x62, 0xA3, 0xE7, 0x62, 0xA3, 0xE7, 0x62, 0xA3, 0xE7, 0x62, 0xA3, 0xE7, 0x62, 0xA3, 0xE7, 0x62, 0xA3, 0xE7, 0x62, 0xA3, 0xE7, 
        0x62, 0xA3, 0xE7, 0x62, 0xA3, 0xE7, 0x62, 0xA3, 0xE7, 0x62, 0xA3, 0xE7, 0x62, 0xA3, 0xE7, 0x62, 0xA3, 0xE7, 0x62, 0xA3, 0xE7, 0x62, 0xA3, 0xE7, 0x62, 0xA3, 0xE7, 0x62, 0xA3, 0xE7, 0x62, 0xA3, 0xE7, 0x62, 0xA3, 0xE7, 0x62, 0xA3, 0xE7, 
        0x62, 0xA3, 0xE7, 0x62, 0xA3, 0xE7, 0x62, 0xA3, 0xE7, 0x62, 0xA3, 0xE7, 0x62, 0xA3, 0xE7, 0x62, 0xA3, 0xE7, 0x62, 0xA3, 0xE7, 0x62, 0xA3, 0xE7, 0x62, 0xA3, 0xE7, 0x62, 0xA3, 0xE7, 0x62, 0xA3, 0xE7, 0x62, 0xA3, 0xE7, 0x62, 0xA3, 0xE7, 
        0x62, 0xA3, 0xE7, 0x62, 0xA3, 0xE7, 0x62, 0xA3, 0xE7, 0x62, 0xA3, 0xE7, 0x62, 0xA3, 0xE7, 0x62, 0xA3, 0xE7, 0x62, 0xA3, 0xE7, 0x62, 0xA3, 0xE7, 0x62, 0xA3, 0xE7, 0x62, 0xA3, 0xE7, 0x62, 0xA3, 0xE7, 0x62, 0xA3, 0xE7, 0x62, 0xA3, 0xE7, 
        0x62, 0xA3, 0xE7, 0x62, 0xA3, 0xE7, 0x62, 0xA3, 0xE7, 0x62, 0xA3, 0xE7, 0x62, 0xA3, 0xE7, 0x62, 0xA3, 0xE7, 0x62, 0xA3, 0xE7, 0x62, 0xA3, 0xE7, 0x62, 0xA3, 0xE7, 0x62, 0xA3, 0xE7, 0x62, 0xA3, 0xE7, 0x62, 0xA3, 0xE7, 0x62, 0xA3, 0xE7, 
        0x62, 0xA3, 0xE7, 0x62, 0xA3, 0xE7, 0x62, 0xA3, 0xE7, 0x62, 0xA3, 0xE7, 0x62, 0xA3, 0xE7, 0x62, 0xA3, 0xE7, 0x62, 0xA3, 0xE7, 0x62, 0xA3, 0xE7, 0x62, 0xA3, 0xE7, 0x62, 0xA3, 0xE7, 0x62, 0xA3, 0xE7, 0x62, 0xA3, 0xE7, 0x62, 0xA3, 0xE7, 
        0x62, 0xA3, 0xE7, 0x62, 0xA3, 0xE7, 0x62, 0xA3, 0xE7, 0x62, 0xA3, 0xE7, 0x62, 0xA3, 0xE7, 0x62, 0xA3, 0xE7, 0x62, 0xA3, 0xE7, 0x62, 0xA3, 0xE7, 0x62, 0xA3, 0xE7, 0x62, 0xA3, 0xE7, 0x62, 0xA3, 0xE7, 0x62, 0xA3, 0xE7, 0x62, 0xA3, 0xE7, 
        0x62, 0xA3, 0xE7, 0x62, 0xA3, 0xE7, 0x62, 0xA3, 0xE7, 0x62, 0xA3, 0xE7, 0x62, 0xA3, 0xE7, 0x62, 0xA3, 0xE7, 0x62, 0xA3, 0xE7, 0x62, 0xA3, 0xE7, 0x62, 0xA3, 0xE7, 0x62, 0xA3, 0xE7, 0x62, 0xA3, 0xE7, 0x62, 0xA3, 0xE7, 0x62, 0xA3, 0xE7, 
        0x62, 0xA3, 0xE7, 0x62, 0xA3, 0xE7, 0x62, 0xA3, 0xE7, 0x62, 0xA3, 0xE7, 0x62, 0xA3, 0xE7, 0x62, 0xA3, 0xE7, 0x62, 0xA3, 0xE7, 0x62, 0xA3, 0xE7, 0x62, 0xA3, 0xE7, 0x62, 0xA3, 0xE7, 0x62, 0xA3, 0xE7, 0x62, 0xA3, 0xE7, 0x62, 0xA3, 0xE7, 
        0x62, 0xA3, 0xE7, 0x62, 0xA3, 0xE7, 0x62, 0xA3, 0xE7, 0x62, 0xA3, 0xE7, 0x62, 0xA3, 0xE7, 0x62, 0xA3, 0xE7, 0x62, 0xA3, 0xE7, 0x62, 0xA3, 0xE7, 0x62, 0xA3, 0xE7, 0x62, 0xA3, 0xE7, 0x62, 0xA3, 0xE7, 0x62, 0xA3, 0xE7, 0x62, 0xA3, 0xE7, 
        0x62, 0xA3, 0xE7, 0x62, 0xA3, 0xE7, 0x62, 0xA3, 0xE7, 0x62, 0xA3, 0xE7, 0x62, 0xA3, 0xE7, 0x62, 0xA3, 0xE7, 0x62, 0xA3, 0xE7, 0x62, 0xA3, 0xE7, 0x62, 0xA3, 0xE7, 0x62, 0xA3, 0xE7, 0x62, 0xA3, 0xE7, 0x62, 0xA3, 0xE7, 0x62, 0xA3, 0xE7, 
        0x62, 0xA3, 0xE7, 0x62, 0xA3, 0xE7, 0x62, 0xA3, 0xE7, 0x62, 0xA3, 0xE7, 0xB9, 0xD6, 0xF4, 0xFF, 0xFF, 0xFF, 0xFF, 0xFF, 0xFF,
  0x62, 0xA3, 0xE7, 0x62, 0xA3, 0xE7, 0x62, 0xA3, 0xE7, 0x62, 0xA3, 0xE7, 0x62, 0xA3, 0xE7, 0x62, 0xA3, 0xE7, 0x62, 0xA3, 0xE7, 0x62, 0xA3, 0xE7, 0x62, 0xA3, 0xE7, 0x62, 0xA3, 0xE7, 0x62, 0xA3, 0xE7, 0x62, 0xA3, 0xE7, 0x62, 0xA3, 0xE7, 0x62, 0xA3, 0xE7, 
        0x62, 0xA3, 0xE7, 0x62, 0xA3, 0xE7, 0x62, 0xA3, 0xE7, 0x62, 0xA3, 0xE7, 0x62, 0xA3, 0xE7, 0x62, 0xA3, 0xE7, 0x62, 0xA3, 0xE7, 0x62, 0xA3, 0xE7, 0x62, 0xA3, 0xE7, 0x62, 0xA3, 0xE7, 0x62, 0xA3, 0xE7, 0x62, 0xA3, 0xE7, 0x62, 0xA3, 0xE7, 
        0x62, 0xA3, 0xE7, 0x62, 0xA3, 0xE7, 0x62, 0xA3, 0xE7, 0x62, 0xA3, 0xE7, 0x62, 0xA3, 0xE7, 0x62, 0xA3, 0xE7, 0x62, 0xA3, 0xE7, 0x62, 0xA3, 0xE7, 0x62, 0xA3, 0xE7, 0x62, 0xA3, 0xE7, 0x62, 0xA3, 0xE7, 0x62, 0xA3, 0xE7, 0x62, 0xA3, 0xE7, 
        0x62, 0xA3, 0xE7, 0x62, 0xA3, 0xE7, 0x62, 0xA3, 0xE7, 0x62, 0xA3, 0xE7, 0x62, 0xA3, 0xE7, 0x62, 0xA3, 0xE7, 0x62, 0xA3, 0xE7, 0x62, 0xA3, 0xE7, 0x62, 0xA3, 0xE7, 0x62, 0xA3, 0xE7, 0x62, 0xA3, 0xE7, 0x62, 0xA3, 0xE7, 0x62, 0xA3, 0xE7, 
        0x62, 0xA3, 0xE7, 0x62, 0xA3, 0xE7, 0x62, 0xA3, 0xE7, 0x62, 0xA3, 0xE7, 0x62, 0xA3, 0xE7, 0x62, 0xA3, 0xE7, 0x62, 0xA3, 0xE7, 0x62, 0xA3, 0xE7, 0x62, 0xA3, 0xE7, 0x62, 0xA3, 0xE7, 0x62, 0xA3, 0xE7, 0x62, 0xA3, 0xE7, 0x62, 0xA3, 0xE7, 
        0x62, 0xA3, 0xE7, 0x62, 0xA3, 0xE7, 0x62, 0xA3, 0xE7, 0x62, 0xA3, 0xE7, 0x62, 0xA3, 0xE7, 0x62, 0xA3, 0xE7, 0x62, 0xA3, 0xE7, 0x62, 0xA3, 0xE7, 0x62, 0xA3, 0xE7, 0x62, 0xA3, 0xE7, 0x62, 0xA3, 0xE7, 0x62, 0xA3, 0xE7, 0x62, 0xA3, 0xE7, 
        0x62, 0xA3, 0xE7, 0x62, 0xA3, 0xE7, 0x62, 0xA3, 0xE7, 0x62, 0xA3, 0xE7, 0x62, 0xA3, 0xE7, 0x62, 0xA3, 0xE7, 0x62, 0xA3, 0xE7, 0x62, 0xA3, 0xE7, 0x62, 0xA3, 0xE7, 0x62, 0xA3, 0xE7, 0x62, 0xA3, 0xE7, 0x62, 0xA3, 0xE7, 0x62, 0xA3, 0xE7, 
        0x62, 0xA3, 0xE7, 0x62, 0xA3, 0xE7, 0x62, 0xA3, 0xE7, 0x62, 0xA3, 0xE7, 0x62, 0xA3, 0xE7, 0x62, 0xA3, 0xE7, 0x62, 0xA3, 0xE7, 0x62, 0xA3, 0xE7, 0x62, 0xA3, 0xE7, 0x62, 0xA3, 0xE7, 0x62, 0xA3, 0xE7, 0x62, 0xA3, 0xE7, 0x62, 0xA3, 0xE7, 
        0x62, 0xA3, 0xE7, 0x62, 0xA3, 0xE7, 0x62, 0xA3, 0xE7, 0x62, 0xA3, 0xE7, 0x62, 0xA3, 0xE7, 0x62, 0xA3, 0xE7, 0x62, 0xA3, 0xE7, 0x62, 0xA3, 0xE7, 0x62, 0xA3, 0xE7, 0x62, 0xA3, 0xE7, 0x62, 0xA3, 0xE7, 0x62, 0xA3, 0xE7, 0x62, 0xA3, 0xE7, 
        0x62, 0xA3, 0xE7, 0x62, 0xA3, 0xE7, 0x62, 0xA3, 0xE7, 0x62, 0xA3, 0xE7, 0x62, 0xA3, 0xE7, 0x62, 0xA3, 0xE7, 0x62, 0xA3, 0xE7, 0x62, 0xA3, 0xE7, 0x62, 0xA3, 0xE7, 0x62, 0xA3, 0xE7, 0x62, 0xA3, 0xE7, 0x62, 0xA3, 0xE7, 0x62, 0xA3, 0xE7, 
        0x62, 0xA3, 0xE7, 0x62, 0xA3, 0xE7, 0x62, 0xA3, 0xE7, 0x62, 0xA3, 0xE7, 0x62, 0xA3, 0xE7, 0x62, 0xA3, 0xE7, 0x62, 0xA3, 0xE7, 0x62, 0xA3, 0xE7, 0x62, 0xA3, 0xE7, 0x62, 0xA3, 0xE7, 0x62, 0xA3, 0xE7, 0x62, 0xA3, 0xE7, 0x62, 0xA3, 0xE7, 
        0x62, 0xA3, 0xE7, 0x62, 0xA3, 0xE7, 0x62, 0xA3, 0xE7, 0x62, 0xA3, 0xE7, 0x62, 0xA3, 0xE7, 0x62, 0xA3, 0xE7, 0x62, 0xA3, 0xE7, 0x62, 0xA3, 0xE7, 0x62, 0xA3, 0xE7, 0x62, 0xA3, 0xE7, 0x62, 0xA3, 0xE7, 0x62, 0xA3, 0xE7, 0x62, 0xA3, 0xE7, 
        0x62, 0xA3, 0xE7, 0x62, 0xA3, 0xE7, 0x62, 0xA3, 0xE7, 0x62, 0xA3, 0xE7, 0x62, 0xA3, 0xE7, 0x62, 0xA3, 0xE7, 0x62, 0xA3, 0xE7, 0x62, 0xA3, 0xE7, 0x62, 0xA3, 0xE7, 0x62, 0xA3, 0xE7, 0x62, 0xA3, 0xE7, 0x62, 0xA3, 0xE7, 0x62, 0xA3, 0xE7, 
        0x62, 0xA3, 0xE7, 0x62, 0xA3, 0xE7, 0x62, 0xA3, 0xE7, 0x62, 0xA3, 0xE7, 0x62, 0xA3, 0xE7, 0x62, 0xA3, 0xE7, 0x62, 0xA3, 0xE7, 0x62, 0xA3, 0xE7, 0x62, 0xA3, 0xE7, 0x62, 0xA3, 0xE7, 0x62, 0xA3, 0xE7, 0x62, 0xA3, 0xE7, 0x62, 0xA3, 0xE7, 
        0x62, 0xA3, 0xE7, 0x62, 0xA3, 0xE7, 0x62, 0xA3, 0xE7, 0x62, 0xA3, 0xE7, 0x62, 0xA3, 0xE7, 0x62, 0xA3, 0xE7, 0x62, 0xA3, 0xE7, 0x62, 0xA3, 0xE7, 0x62, 0xA3, 0xE7, 0x62, 0xA3, 0xE7, 0x62, 0xA3, 0xE7, 0x62, 0xA3, 0xE7, 0x62, 0xA3, 0xE7, 
        0x62, 0xA3, 0xE7, 0x62, 0xA3, 0xE7, 0x62, 0xA3, 0xE7, 0x62, 0xA3, 0xE7, 0x62, 0xA3, 0xE7, 0x62, 0xA3, 0xE7, 0x62, 0xA3, 0xE7, 0x62, 0xA3, 0xE7, 0x62, 0xA3, 0xE7, 0x62, 0xA3, 0xE7, 0x62, 0xA3, 0xE7, 0x62, 0xA3, 0xE7, 0x62, 0xA3, 0xE7, 
        0x62, 0xA3, 0xE7, 0x62, 0xA3, 0xE7, 0x62, 0xA3, 0xE7, 0x62, 0xA3, 0xE7, 0x62, 0xA3, 0xE7, 0x62, 0xA3, 0xE7, 0x62, 0xA3, 0xE7, 0x62, 0xA3, 0xE7, 0x62, 0xA3, 0xE7, 0x62, 0xA3, 0xE7, 0x62, 0xA3, 0xE7, 0x62, 0xA3, 0xE7, 0x62, 0xA3, 0xE7, 
        0x62, 0xA3, 0xE7, 0x62, 0xA3, 0xE7, 0x62, 0xA3, 0xE7, 0x62, 0xA3, 0xE7, 0x62, 0xA3, 0xE7, 0x62, 0xA3, 0xE7, 0x62, 0xA3, 0xE7, 0x62, 0xA3, 0xE7, 0x62, 0xA3, 0xE7, 0x62, 0xA3, 0xE7, 0x62, 0xA3, 0xE7, 0x62, 0xA3, 0xE7, 0x62, 0xA3, 0xE7, 
        0x62, 0xA3, 0xE7, 0x62, 0xA3, 0xE7, 0x62, 0xA3, 0xE7, 0x62, 0xA3, 0xE7, 0x62, 0xA3, 0xE7, 0x62, 0xA3, 0xE7, 0x62, 0xA3, 0xE7, 0x62, 0xA3, 0xE7, 0x62, 0xA3, 0xE7, 0x62, 0xA3, 0xE7, 0x62, 0xA3, 0xE7, 0x62, 0xA3, 0xE7, 0x62, 0xA3, 0xE7, 
        0x62, 0xA3, 0xE7, 0x62, 0xA3, 0xE7, 0x62, 0xA3, 0xE7, 0x62, 0xA3, 0xE7, 0x62, 0xA3, 0xE7, 0x62, 0xA3, 0xE7, 0x62, 0xA3, 0xE7, 0x62, 0xA3, 0xE7, 0x62, 0xA3, 0xE7, 0x62, 0xA3, 0xE7, 0x62, 0xA3, 0xE7, 0x62, 0xA3, 0xE7, 0x62, 0xA3, 0xE7, 
        0x62, 0xA3, 0xE7, 0x62, 0xA3, 0xE7, 0x62, 0xA3, 0xE7, 0x62, 0xA3, 0xE7, 0x62, 0xA3, 0xE7, 0x62, 0xA3, 0xE7, 0x62, 0xA3, 0xE7, 0x62, 0xA3, 0xE7, 0x62, 0xA3, 0xE7, 0x62, 0xA3, 0xE7, 0x62, 0xA3, 0xE7, 0x62, 0xA3, 0xE7, 0x62, 0xA3, 0xE7, 
        0x62, 0xA3, 0xE7, 0x62, 0xA3, 0xE7, 0x62, 0xA3, 0xE7, 0x62, 0xA3, 0xE7, 0x62, 0xA3, 0xE7, 0x62, 0xA3, 0xE7, 0x62, 0xA3, 0xE7, 0x62, 0xA3, 0xE7, 0x62, 0xA3, 0xE7, 0x62, 0xA3, 0xE7, 0x62, 0xA3, 0xE7, 0x62, 0xA3, 0xE7, 0x62, 0xA3, 0xE7, 
        0x62, 0xA3, 0xE7, 0x62, 0xA3, 0xE7, 0x62, 0xA3, 0xE7, 0x62, 0xA3, 0xE7, 0x62, 0xA3, 0xE7, 0x62, 0xA3, 0xE7, 0x62, 0xA3, 0xE7, 0x62, 0xA3, 0xE7, 0x62, 0xA3, 0xE7, 0x62, 0xA3, 0xE7, 0x62, 0xA3, 0xE7, 0x62, 0xA3, 0xE7, 0x62, 0xA3, 0xE7, 
        0x62, 0xA3, 0xE7, 0x62, 0xA3, 0xE7, 0x62, 0xA3, 0xE7, 0x62, 0xA3, 0xE7, 0x62, 0xA3, 0xE7, 0x62, 0xA3, 0xE7, 0x62, 0xA3, 0xE7, 0x62, 0xA3, 0xE7, 0x62, 0xA3, 0xE7, 0x62, 0xA3, 0xE7, 0x62, 0xA3, 0xE7, 0x62, 0xA3, 0xE7, 0x62, 0xA3, 0xE7, 
        0x62, 0xA3, 0xE7, 0x62, 0xA3, 0xE7, 0x62, 0xA3, 0xE7, 0x77, 0xAF, 0xEA, 0xFA, 0xFC, 0xFE, 0xFF, 0xFF, 0xFF, 0xFF, 0xFF, 0xFF,
  0x62, 0xA3, 0xE7, 0x62, 0xA3, 0xE7, 0x62, 0xA3, 0xE7, 0x62, 0xA3, 0xE7, 0x62, 0xA3, 0xE7, 0x62, 0xA3, 0xE7, 0x62, 0xA3, 0xE7, 0x62, 0xA3, 0xE7, 0x62, 0xA3, 0xE7, 0x62, 0xA3, 0xE7, 0x62, 0xA3, 0xE7, 0x62, 0xA3, 0xE7, 0x62, 0xA3, 0xE7, 0x62, 0xA3, 0xE7, 
        0x62, 0xA3, 0xE7, 0x62, 0xA3, 0xE7, 0x62, 0xA3, 0xE7, 0x62, 0xA3, 0xE7, 0x62, 0xA3, 0xE7, 0x62, 0xA3, 0xE7, 0x62, 0xA3, 0xE7, 0x62, 0xA3, 0xE7, 0x62, 0xA3, 0xE7, 0x62, 0xA3, 0xE7, 0x62, 0xA3, 0xE7, 0x62, 0xA3, 0xE7, 0x62, 0xA3, 0xE7, 
        0x62, 0xA3, 0xE7, 0x62, 0xA3, 0xE7, 0x62, 0xA3, 0xE7, 0x62, 0xA3, 0xE7, 0x62, 0xA3, 0xE7, 0x62, 0xA3, 0xE7, 0x62, 0xA3, 0xE7, 0x62, 0xA3, 0xE7, 0x62, 0xA3, 0xE7, 0x62, 0xA3, 0xE7, 0x62, 0xA3, 0xE7, 0x62, 0xA3, 0xE7, 0x62, 0xA3, 0xE7, 
        0x62, 0xA3, 0xE7, 0x62, 0xA3, 0xE7, 0x62, 0xA3, 0xE7, 0x62, 0xA3, 0xE7, 0x62, 0xA3, 0xE7, 0x62, 0xA3, 0xE7, 0x62, 0xA3, 0xE7, 0x62, 0xA3, 0xE7, 0x62, 0xA3, 0xE7, 0x62, 0xA3, 0xE7, 0x62, 0xA3, 0xE7, 0x62, 0xA3, 0xE7, 0x62, 0xA3, 0xE7, 
        0x62, 0xA3, 0xE7, 0x62, 0xA3, 0xE7, 0x62, 0xA3, 0xE7, 0x62, 0xA3, 0xE7, 0x62, 0xA3, 0xE7, 0x62, 0xA3, 0xE7, 0x62, 0xA3, 0xE7, 0x62, 0xA3, 0xE7, 0x62, 0xA3, 0xE7, 0x62, 0xA3, 0xE7, 0x62, 0xA3, 0xE7, 0x62, 0xA3, 0xE7, 0x62, 0xA3, 0xE7, 
        0x62, 0xA3, 0xE7, 0x62, 0xA3, 0xE7, 0x62, 0xA3, 0xE7, 0x62, 0xA3, 0xE7, 0x62, 0xA3, 0xE7, 0x62, 0xA3, 0xE7, 0x62, 0xA3, 0xE7, 0x62, 0xA3, 0xE7, 0x62, 0xA3, 0xE7, 0x62, 0xA3, 0xE7, 0x62, 0xA3, 0xE7, 0x62, 0xA3, 0xE7, 0x62, 0xA3, 0xE7, 
        0x62, 0xA3, 0xE7, 0x62, 0xA3, 0xE7, 0x62, 0xA3, 0xE7, 0x62, 0xA3, 0xE7, 0x62, 0xA3, 0xE7, 0x62, 0xA3, 0xE7, 0x62, 0xA3, 0xE7, 0x62, 0xA3, 0xE7, 0x62, 0xA3, 0xE7, 0x62, 0xA3, 0xE7, 0x62, 0xA3, 0xE7, 0x62, 0xA3, 0xE7, 0x62, 0xA3, 0xE7, 
        0x62, 0xA3, 0xE7, 0x62, 0xA3, 0xE7, 0x62, 0xA3, 0xE7, 0x62, 0xA3, 0xE7, 0x62, 0xA3, 0xE7, 0x62, 0xA3, 0xE7, 0x62, 0xA3, 0xE7, 0x62, 0xA3, 0xE7, 0x62, 0xA3, 0xE7, 0x62, 0xA3, 0xE7, 0x62, 0xA3, 0xE7, 0x62, 0xA3, 0xE7, 0x62, 0xA3, 0xE7, 
        0x62, 0xA3, 0xE7, 0x62, 0xA3, 0xE7, 0x62, 0xA3, 0xE7, 0x62, 0xA3, 0xE7, 0x62, 0xA3, 0xE7, 0x62, 0xA3, 0xE7, 0x62, 0xA3, 0xE7, 0x62, 0xA3, 0xE7, 0x62, 0xA3, 0xE7, 0x62, 0xA3, 0xE7, 0x62, 0xA3, 0xE7, 0x62, 0xA3, 0xE7, 0x62, 0xA3, 0xE7, 
        0x62, 0xA3, 0xE7, 0x62, 0xA3, 0xE7, 0x62, 0xA3, 0xE7, 0x62, 0xA3, 0xE7, 0x62, 0xA3, 0xE7, 0x62, 0xA3, 0xE7, 0x62, 0xA3, 0xE7, 0x62, 0xA3, 0xE7, 0x62, 0xA3, 0xE7, 0x62, 0xA3, 0xE7, 0x62, 0xA3, 0xE7, 0x62, 0xA3, 0xE7, 0x62, 0xA3, 0xE7, 
        0x62, 0xA3, 0xE7, 0x62, 0xA3, 0xE7, 0x62, 0xA3, 0xE7, 0x62, 0xA3, 0xE7, 0x62, 0xA3, 0xE7, 0x62, 0xA3, 0xE7, 0x62, 0xA3, 0xE7, 0x62, 0xA3, 0xE7, 0x62, 0xA3, 0xE7, 0x62, 0xA3, 0xE7, 0x62, 0xA3, 0xE7, 0x62, 0xA3, 0xE7, 0x62, 0xA3, 0xE7, 
        0x62, 0xA3, 0xE7, 0x62, 0xA3, 0xE7, 0x62, 0xA3, 0xE7, 0x62, 0xA3, 0xE7, 0x62, 0xA3, 0xE7, 0x62, 0xA3, 0xE7, 0x62, 0xA3, 0xE7, 0x62, 0xA3, 0xE7, 0x62, 0xA3, 0xE7, 0x62, 0xA3, 0xE7, 0x62, 0xA3, 0xE7, 0x62, 0xA3, 0xE7, 0x62, 0xA3, 0xE7, 
        0x62, 0xA3, 0xE7, 0x62, 0xA3, 0xE7, 0x62, 0xA3, 0xE7, 0x62, 0xA3, 0xE7, 0x62, 0xA3, 0xE7, 0x62, 0xA3, 0xE7, 0x62, 0xA3, 0xE7, 0x62, 0xA3, 0xE7, 0x62, 0xA3, 0xE7, 0x62, 0xA3, 0xE7, 0x62, 0xA3, 0xE7, 0x62, 0xA3, 0xE7, 0x62, 0xA3, 0xE7, 
        0x62, 0xA3, 0xE7, 0x62, 0xA3, 0xE7, 0x62, 0xA3, 0xE7, 0x62, 0xA3, 0xE7, 0x62, 0xA3, 0xE7, 0x62, 0xA3, 0xE7, 0x62, 0xA3, 0xE7, 0x62, 0xA3, 0xE7, 0x62, 0xA3, 0xE7, 0x62, 0xA3, 0xE7, 0x62, 0xA3, 0xE7, 0x62, 0xA3, 0xE7, 0x62, 0xA3, 0xE7, 
        0x62, 0xA3, 0xE7, 0x62, 0xA3, 0xE7, 0x62, 0xA3, 0xE7, 0x62, 0xA3, 0xE7, 0x62, 0xA3, 0xE7, 0x62, 0xA3, 0xE7, 0x62, 0xA3, 0xE7, 0x62, 0xA3, 0xE7, 0x62, 0xA3, 0xE7, 0x62, 0xA3, 0xE7, 0x62, 0xA3, 0xE7, 0x62, 0xA3, 0xE7, 0x62, 0xA3, 0xE7, 
        0x62, 0xA3, 0xE7, 0x62, 0xA3, 0xE7, 0x62, 0xA3, 0xE7, 0x62, 0xA3, 0xE7, 0x62, 0xA3, 0xE7, 0x62, 0xA3, 0xE7, 0x62, 0xA3, 0xE7, 0x62, 0xA3, 0xE7, 0x62, 0xA3, 0xE7, 0x62, 0xA3, 0xE7, 0x62, 0xA3, 0xE7, 0x62, 0xA3, 0xE7, 0x62, 0xA3, 0xE7, 
        0x62, 0xA3, 0xE7, 0x62, 0xA3, 0xE7, 0x62, 0xA3, 0xE7, 0x62, 0xA3, 0xE7, 0x62, 0xA3, 0xE7, 0x62, 0xA3, 0xE7, 0x62, 0xA3, 0xE7, 0x62, 0xA3, 0xE7, 0x62, 0xA3, 0xE7, 0x62, 0xA3, 0xE7, 0x62, 0xA3, 0xE7, 0x62, 0xA3, 0xE7, 0x62, 0xA3, 0xE7, 
        0x62, 0xA3, 0xE7, 0x62, 0xA3, 0xE7, 0x62, 0xA3, 0xE7, 0x62, 0xA3, 0xE7, 0x62, 0xA3, 0xE7, 0x62, 0xA3, 0xE7, 0x62, 0xA3, 0xE7, 0x62, 0xA3, 0xE7, 0x62, 0xA3, 0xE7, 0x62, 0xA3, 0xE7, 0x62, 0xA3, 0xE7, 0x62, 0xA3, 0xE7, 0x62, 0xA3, 0xE7, 
        0x62, 0xA3, 0xE7, 0x62, 0xA3, 0xE7, 0x62, 0xA3, 0xE7, 0x62, 0xA3, 0xE7, 0x62, 0xA3, 0xE7, 0x62, 0xA3, 0xE7, 0x62, 0xA3, 0xE7, 0x62, 0xA3, 0xE7, 0x62, 0xA3, 0xE7, 0x62, 0xA3, 0xE7, 0x62, 0xA3, 0xE7, 0x62, 0xA3, 0xE7, 0x62, 0xA3, 0xE7, 
        0x62, 0xA3, 0xE7, 0x62, 0xA3, 0xE7, 0x62, 0xA3, 0xE7, 0x62, 0xA3, 0xE7, 0x62, 0xA3, 0xE7, 0x62, 0xA3, 0xE7, 0x62, 0xA3, 0xE7, 0x62, 0xA3, 0xE7, 0x62, 0xA3, 0xE7, 0x62, 0xA3, 0xE7, 0x62, 0xA3, 0xE7, 0x62, 0xA3, 0xE7, 0x62, 0xA3, 0xE7, 
        0x62, 0xA3, 0xE7, 0x62, 0xA3, 0xE7, 0x62, 0xA3, 0xE7, 0x62, 0xA3, 0xE7, 0x62, 0xA3, 0xE7, 0x62, 0xA3, 0xE7, 0x62, 0xA3, 0xE7, 0x62, 0xA3, 0xE7, 0x62, 0xA3, 0xE7, 0x62, 0xA3, 0xE7, 0x62, 0xA3, 0xE7, 0x62, 0xA3, 0xE7, 0x62, 0xA3, 0xE7, 
        0x62, 0xA3, 0xE7, 0x62, 0xA3, 0xE7, 0x62, 0xA3, 0xE7, 0x62, 0xA3, 0xE7, 0x62, 0xA3, 0xE7, 0x62, 0xA3, 0xE7, 0x62, 0xA3, 0xE7, 0x62, 0xA3, 0xE7, 0x62, 0xA3, 0xE7, 0x62, 0xA3, 0xE7, 0x62, 0xA3, 0xE7, 0x62, 0xA3, 0xE7, 0x62, 0xA3, 0xE7, 
        0x62, 0xA3, 0xE7, 0x62, 0xA3, 0xE7, 0x62, 0xA3, 0xE7, 0x62, 0xA3, 0xE7, 0x62, 0xA3, 0xE7, 0x62, 0xA3, 0xE7, 0x62, 0xA3, 0xE7, 0x62, 0xA3, 0xE7, 0x62, 0xA3, 0xE7, 0x62, 0xA3, 0xE7, 0x62, 0xA3, 0xE7, 0x62, 0xA3, 0xE7, 0x62, 0xA3, 0xE7, 
        0x62, 0xA3, 0xE7, 0x62, 0xA3, 0xE7, 0x62, 0xA3, 0xE7, 0x62, 0xA3, 0xE7, 0x62, 0xA3, 0xE7, 0x62, 0xA3, 0xE7, 0x62, 0xA3, 0xE7, 0x62, 0xA3, 0xE7, 0x62, 0xA3, 0xE7, 0x62, 0xA3, 0xE7, 0x62, 0xA3, 0xE7, 0x62, 0xA3, 0xE7, 0x62, 0xA3, 0xE7, 
        0x62, 0xA3, 0xE7, 0x62, 0xA3, 0xE7, 0x62, 0xA3, 0xE7, 0xD1, 0xE4, 0xF8, 0xFF, 0xFF, 0xFF, 0xFF, 0xFF, 0xFF, 0xFF, 0xFF, 0xFF,
  0x62, 0xA3, 0xE7, 0x62, 0xA3, 0xE7, 0x62, 0xA3, 0xE7, 0x62, 0xA3, 0xE7, 0x62, 0xA3, 0xE7, 0x62, 0xA3, 0xE7, 0x62, 0xA3, 0xE7, 0x62, 0xA3, 0xE7, 0x62, 0xA3, 0xE7, 0x62, 0xA3, 0xE7, 0x62, 0xA3, 0xE7, 0x62, 0xA3, 0xE7, 0x62, 0xA3, 0xE7, 0x62, 0xA3, 0xE7, 
        0x62, 0xA3, 0xE7, 0x62, 0xA3, 0xE7, 0x62, 0xA3, 0xE7, 0x62, 0xA3, 0xE7, 0x62, 0xA3, 0xE7, 0x62, 0xA3, 0xE7, 0x62, 0xA3, 0xE7, 0x62, 0xA3, 0xE7, 0x62, 0xA3, 0xE7, 0x62, 0xA3, 0xE7, 0x62, 0xA3, 0xE7, 0x62, 0xA3, 0xE7, 0x62, 0xA3, 0xE7, 
        0x62, 0xA3, 0xE7, 0x62, 0xA3, 0xE7, 0x62, 0xA3, 0xE7, 0x62, 0xA3, 0xE7, 0x62, 0xA3, 0xE7, 0x62, 0xA3, 0xE7, 0x62, 0xA3, 0xE7, 0x62, 0xA3, 0xE7, 0x62, 0xA3, 0xE7, 0x62, 0xA3, 0xE7, 0x62, 0xA3, 0xE7, 0x62, 0xA3, 0xE7, 0x62, 0xA3, 0xE7, 
        0x62, 0xA3, 0xE7, 0x62, 0xA3, 0xE7, 0x62, 0xA3, 0xE7, 0x62, 0xA3, 0xE7, 0x62, 0xA3, 0xE7, 0x62, 0xA3, 0xE7, 0x62, 0xA3, 0xE7, 0x62, 0xA3, 0xE7, 0x62, 0xA3, 0xE7, 0x62, 0xA3, 0xE7, 0x62, 0xA3, 0xE7, 0x62, 0xA3, 0xE7, 0x62, 0xA3, 0xE7, 
        0x62, 0xA3, 0xE7, 0x62, 0xA3, 0xE7, 0x62, 0xA3, 0xE7, 0x62, 0xA3, 0xE7, 0x62, 0xA3, 0xE7, 0x62, 0xA3, 0xE7, 0x62, 0xA3, 0xE7, 0x62, 0xA3, 0xE7, 0x62, 0xA3, 0xE7, 0x62, 0xA3, 0xE7, 0x62, 0xA3, 0xE7, 0x62, 0xA3, 0xE7, 0x62, 0xA3, 0xE7, 
        0x62, 0xA3, 0xE7, 0x62, 0xA3, 0xE7, 0x62, 0xA3, 0xE7, 0x62, 0xA3, 0xE7, 0x62, 0xA3, 0xE7, 0x62, 0xA3, 0xE7, 0x62, 0xA3, 0xE7, 0x62, 0xA3, 0xE7, 0x62, 0xA3, 0xE7, 0x62, 0xA3, 0xE7, 0x62, 0xA3, 0xE7, 0x62, 0xA3, 0xE7, 0x62, 0xA3, 0xE7, 
        0x62, 0xA3, 0xE7, 0x62, 0xA3, 0xE7, 0x62, 0xA3, 0xE7, 0x62, 0xA3, 0xE7, 0x62, 0xA3, 0xE7, 0x62, 0xA3, 0xE7, 0x62, 0xA3, 0xE7, 0x62, 0xA3, 0xE7, 0x62, 0xA3, 0xE7, 0x62, 0xA3, 0xE7, 0x62, 0xA3, 0xE7, 0x62, 0xA3, 0xE7, 0x62, 0xA3, 0xE7, 
        0x62, 0xA3, 0xE7, 0x62, 0xA3, 0xE7, 0x62, 0xA3, 0xE7, 0x62, 0xA3, 0xE7, 0x62, 0xA3, 0xE7, 0x62, 0xA3, 0xE7, 0x62, 0xA3, 0xE7, 0x62, 0xA3, 0xE7, 0x62, 0xA3, 0xE7, 0x62, 0xA3, 0xE7, 0x62, 0xA3, 0xE7, 0x62, 0xA3, 0xE7, 0x62, 0xA3, 0xE7, 
        0x62, 0xA3, 0xE7, 0x62, 0xA3, 0xE7, 0x62, 0xA3, 0xE7, 0x62, 0xA3, 0xE7, 0x62, 0xA3, 0xE7, 0x62, 0xA3, 0xE7, 0x62, 0xA3, 0xE7, 0x62, 0xA3, 0xE7, 0x62, 0xA3, 0xE7, 0x62, 0xA3, 0xE7, 0x62, 0xA3, 0xE7, 0x62, 0xA3, 0xE7, 0x62, 0xA3, 0xE7, 
        0x62, 0xA3, 0xE7, 0x62, 0xA3, 0xE7, 0x62, 0xA3, 0xE7, 0x62, 0xA3, 0xE7, 0x62, 0xA3, 0xE7, 0x62, 0xA3, 0xE7, 0x62, 0xA3, 0xE7, 0x62, 0xA3, 0xE7, 0x62, 0xA3, 0xE7, 0x62, 0xA3, 0xE7, 0x62, 0xA3, 0xE7, 0x62, 0xA3, 0xE7, 0x62, 0xA3, 0xE7, 
        0x62, 0xA3, 0xE7, 0x62, 0xA3, 0xE7, 0x62, 0xA3, 0xE7, 0x62, 0xA3, 0xE7, 0x62, 0xA3, 0xE7, 0x62, 0xA3, 0xE7, 0x62, 0xA3, 0xE7, 0x62, 0xA3, 0xE7, 0x62, 0xA3, 0xE7, 0x62, 0xA3, 0xE7, 0x62, 0xA3, 0xE7, 0x62, 0xA3, 0xE7, 0x62, 0xA3, 0xE7, 
        0x62, 0xA3, 0xE7, 0x62, 0xA3, 0xE7, 0x62, 0xA3, 0xE7, 0x62, 0xA3, 0xE7, 0x62, 0xA3, 0xE7, 0x62, 0xA3, 0xE7, 0x62, 0xA3, 0xE7, 0x62, 0xA3, 0xE7, 0x62, 0xA3, 0xE7, 0x62, 0xA3, 0xE7, 0x62, 0xA3, 0xE7, 0x62, 0xA3, 0xE7, 0x62, 0xA3, 0xE7, 
        0x62, 0xA3, 0xE7, 0x62, 0xA3, 0xE7, 0x62, 0xA3, 0xE7, 0x62, 0xA3, 0xE7, 0x62, 0xA3, 0xE7, 0x62, 0xA3, 0xE7, 0x62, 0xA3, 0xE7, 0x62, 0xA3, 0xE7, 0x62, 0xA3, 0xE7, 0x62, 0xA3, 0xE7, 0x62, 0xA3, 0xE7, 0x62, 0xA3, 0xE7, 0x62, 0xA3, 0xE7, 
        0x62, 0xA3, 0xE7, 0x62, 0xA3, 0xE7, 0x62, 0xA3, 0xE7, 0x62, 0xA3, 0xE7, 0x62, 0xA3, 0xE7, 0x62, 0xA3, 0xE7, 0x62, 0xA3, 0xE7, 0x62, 0xA3, 0xE7, 0x62, 0xA3, 0xE7, 0x62, 0xA3, 0xE7, 0x62, 0xA3, 0xE7, 0x62, 0xA3, 0xE7, 0x62, 0xA3, 0xE7, 
        0x62, 0xA3, 0xE7, 0x62, 0xA3, 0xE7, 0x62, 0xA3, 0xE7, 0x62, 0xA3, 0xE7, 0x62, 0xA3, 0xE7, 0x62, 0xA3, 0xE7, 0x62, 0xA3, 0xE7, 0x62, 0xA3, 0xE7, 0x62, 0xA3, 0xE7, 0x62, 0xA3, 0xE7, 0x62, 0xA3, 0xE7, 0x62, 0xA3, 0xE7, 0x62, 0xA3, 0xE7, 
        0x62, 0xA3, 0xE7, 0x62, 0xA3, 0xE7, 0x62, 0xA3, 0xE7, 0x62, 0xA3, 0xE7, 0x62, 0xA3, 0xE7, 0x62, 0xA3, 0xE7, 0x62, 0xA3, 0xE7, 0x62, 0xA3, 0xE7, 0x62, 0xA3, 0xE7, 0x62, 0xA3, 0xE7, 0x62, 0xA3, 0xE7, 0x62, 0xA3, 0xE7, 0x62, 0xA3, 0xE7, 
        0x62, 0xA3, 0xE7, 0x62, 0xA3, 0xE7, 0x62, 0xA3, 0xE7, 0x62, 0xA3, 0xE7, 0x62, 0xA3, 0xE7, 0x62, 0xA3, 0xE7, 0x62, 0xA3, 0xE7, 0x62, 0xA3, 0xE7, 0x62, 0xA3, 0xE7, 0x62, 0xA3, 0xE7, 0x62, 0xA3, 0xE7, 0x62, 0xA3, 0xE7, 0x62, 0xA3, 0xE7, 
        0x62, 0xA3, 0xE7, 0x62, 0xA3, 0xE7, 0x62, 0xA3, 0xE7, 0x62, 0xA3, 0xE7, 0x62, 0xA3, 0xE7, 0x62, 0xA3, 0xE7, 0x62, 0xA3, 0xE7, 0x62, 0xA3, 0xE7, 0x62, 0xA3, 0xE7, 0x62, 0xA3, 0xE7, 0x62, 0xA3, 0xE7, 0x62, 0xA3, 0xE7, 0x62, 0xA3, 0xE7, 
        0x62, 0xA3, 0xE7, 0x62, 0xA3, 0xE7, 0x62, 0xA3, 0xE7, 0x62, 0xA3, 0xE7, 0x62, 0xA3, 0xE7, 0x62, 0xA3, 0xE7, 0x62, 0xA3, 0xE7, 0x62, 0xA3, 0xE7, 0x62, 0xA3, 0xE7, 0x62, 0xA3, 0xE7, 0x62, 0xA3, 0xE7, 0x62, 0xA3, 0xE7, 0x62, 0xA3, 0xE7, 
        0x62, 0xA3, 0xE7, 0x62, 0xA3, 0xE7, 0x62, 0xA3, 0xE7, 0x62, 0xA3, 0xE7, 0x62, 0xA3, 0xE7, 0x62, 0xA3, 0xE7, 0x62, 0xA3, 0xE7, 0x62, 0xA3, 0xE7, 0x62, 0xA3, 0xE7, 0x62, 0xA3, 0xE7, 0x62, 0xA3, 0xE7, 0x62, 0xA3, 0xE7, 0x62, 0xA3, 0xE7, 
        0x62, 0xA3, 0xE7, 0x62, 0xA3, 0xE7, 0x62, 0xA3, 0xE7, 0x62, 0xA3, 0xE7, 0x62, 0xA3, 0xE7, 0x62, 0xA3, 0xE7, 0x62, 0xA3, 0xE7, 0x62, 0xA3, 0xE7, 0x62, 0xA3, 0xE7, 0x62, 0xA3, 0xE7, 0x62, 0xA3, 0xE7, 0x62, 0xA3, 0xE7, 0x62, 0xA3, 0xE7, 
        0x62, 0xA3, 0xE7, 0x62, 0xA3, 0xE7, 0x62, 0xA3, 0xE7, 0x62, 0xA3, 0xE7, 0x62, 0xA3, 0xE7, 0x62, 0xA3, 0xE7, 0x62, 0xA3, 0xE7, 0x62, 0xA3, 0xE7, 0x62, 0xA3, 0xE7, 0x62, 0xA3, 0xE7, 0x62, 0xA3, 0xE7, 0x62, 0xA3, 0xE7, 0x62, 0xA3, 0xE7, 
        0x62, 0xA3, 0xE7, 0x62, 0xA3, 0xE7, 0x62, 0xA3, 0xE7, 0x62, 0xA3, 0xE7, 0x62, 0xA3, 0xE7, 0x62, 0xA3, 0xE7, 0x62, 0xA3, 0xE7, 0x62, 0xA3, 0xE7, 0x62, 0xA3, 0xE7, 0x62, 0xA3, 0xE7, 0x62, 0xA3, 0xE7, 0x62, 0xA3, 0xE7, 0x62, 0xA3, 0xE7, 
        0x62, 0xA3, 0xE7, 0x62, 0xA3, 0xE7, 0x62, 0xA3, 0xE7, 0x62, 0xA3, 0xE7, 0x62, 0xA3, 0xE7, 0x62, 0xA3, 0xE7, 0x62, 0xA3, 0xE7, 0x62, 0xA3, 0xE7, 0x62, 0xA3, 0xE7, 0x62, 0xA3, 0xE7, 0x62, 0xA3, 0xE7, 0x62, 0xA3, 0xE7, 0x62, 0xA3, 0xE7, 
        0x62, 0xA3, 0xE7, 0x62, 0xA3, 0xE7, 0x9E, 0xC6, 0xF0, 0xFF, 0xFF, 0xFF, 0xFF, 0xFF, 0xFF, 0xFF, 0xFF, 0xFF, 0xFF, 0xFF, 0xFF,
  0x62, 0xA3, 0xE7, 0x62, 0xA3, 0xE7, 0x62, 0xA3, 0xE7, 0x62, 0xA3, 0xE7, 0x62, 0xA3, 0xE7, 0x62, 0xA3, 0xE7, 0x62, 0xA3, 0xE7, 0x62, 0xA3, 0xE7, 0x62, 0xA3, 0xE7, 0x62, 0xA3, 0xE7, 0x62, 0xA3, 0xE7, 0x62, 0xA3, 0xE7, 0x62, 0xA3, 0xE7, 0x62, 0xA3, 0xE7, 
        0x62, 0xA3, 0xE7, 0x62, 0xA3, 0xE7, 0x62, 0xA3, 0xE7, 0x62, 0xA3, 0xE7, 0x62, 0xA3, 0xE7, 0x62, 0xA3, 0xE7, 0x62, 0xA3, 0xE7, 0x62, 0xA3, 0xE7, 0x62, 0xA3, 0xE7, 0x62, 0xA3, 0xE7, 0x62, 0xA3, 0xE7, 0x62, 0xA3, 0xE7, 0x62, 0xA3, 0xE7, 
        0x62, 0xA3, 0xE7, 0x62, 0xA3, 0xE7, 0x62, 0xA3, 0xE7, 0x62, 0xA3, 0xE7, 0x62, 0xA3, 0xE7, 0x62, 0xA3, 0xE7, 0x62, 0xA3, 0xE7, 0x62, 0xA3, 0xE7, 0x62, 0xA3, 0xE7, 0x62, 0xA3, 0xE7, 0x62, 0xA3, 0xE7, 0x62, 0xA3, 0xE7, 0x62, 0xA3, 0xE7, 
        0x62, 0xA3, 0xE7, 0x62, 0xA3, 0xE7, 0x62, 0xA3, 0xE7, 0x62, 0xA3, 0xE7, 0x62, 0xA3, 0xE7, 0x62, 0xA3, 0xE7, 0x62, 0xA3, 0xE7, 0x62, 0xA3, 0xE7, 0x62, 0xA3, 0xE7, 0x62, 0xA3, 0xE7, 0x62, 0xA3, 0xE7, 0x62, 0xA3, 0xE7, 0x62, 0xA3, 0xE7, 
        0x62, 0xA3, 0xE7, 0x62, 0xA3, 0xE7, 0x62, 0xA3, 0xE7, 0x62, 0xA3, 0xE7, 0x62, 0xA3, 0xE7, 0x62, 0xA3, 0xE7, 0x62, 0xA3, 0xE7, 0x62, 0xA3, 0xE7, 0x62, 0xA3, 0xE7, 0x62, 0xA3, 0xE7, 0x62, 0xA3, 0xE7, 0x62, 0xA3, 0xE7, 0x62, 0xA3, 0xE7, 
        0x62, 0xA3, 0xE7, 0x62, 0xA3, 0xE7, 0x62, 0xA3, 0xE7, 0x62, 0xA3, 0xE7, 0x62, 0xA3, 0xE7, 0x62, 0xA3, 0xE7, 0x62, 0xA3, 0xE7, 0x62, 0xA3, 0xE7, 0x62, 0xA3, 0xE7, 0x62, 0xA3, 0xE7, 0x62, 0xA3, 0xE7, 0x62, 0xA3, 0xE7, 0x62, 0xA3, 0xE7, 
        0x62, 0xA3, 0xE7, 0x62, 0xA3, 0xE7, 0x62, 0xA3, 0xE7, 0x62, 0xA3, 0xE7, 0x62, 0xA3, 0xE7, 0x62, 0xA3, 0xE7, 0x62, 0xA3, 0xE7, 0x62, 0xA3, 0xE7, 0x62, 0xA3, 0xE7, 0x62, 0xA3, 0xE7, 0x62, 0xA3, 0xE7, 0x62, 0xA3, 0xE7, 0x62, 0xA3, 0xE7, 
        0x62, 0xA3, 0xE7, 0x62, 0xA3, 0xE7, 0x62, 0xA3, 0xE7, 0x62, 0xA3, 0xE7, 0x62, 0xA3, 0xE7, 0x62, 0xA3, 0xE7, 0x62, 0xA3, 0xE7, 0x62, 0xA3, 0xE7, 0x62, 0xA3, 0xE7, 0x62, 0xA3, 0xE7, 0x62, 0xA3, 0xE7, 0x62, 0xA3, 0xE7, 0x62, 0xA3, 0xE7, 
        0x62, 0xA3, 0xE7, 0x62, 0xA3, 0xE7, 0x62, 0xA3, 0xE7, 0x62, 0xA3, 0xE7, 0x62, 0xA3, 0xE7, 0x62, 0xA3, 0xE7, 0x62, 0xA3, 0xE7, 0x62, 0xA3, 0xE7, 0x62, 0xA3, 0xE7, 0x62, 0xA3, 0xE7, 0x62, 0xA3, 0xE7, 0x62, 0xA3, 0xE7, 0x62, 0xA3, 0xE7, 
        0x62, 0xA3, 0xE7, 0x62, 0xA3, 0xE7, 0x62, 0xA3, 0xE7, 0x62, 0xA3, 0xE7, 0x62, 0xA3, 0xE7, 0x62, 0xA3, 0xE7, 0x62, 0xA3, 0xE7, 0x62, 0xA3, 0xE7, 0x62, 0xA3, 0xE7, 0x62, 0xA3, 0xE7, 0x62, 0xA3, 0xE7, 0x62, 0xA3, 0xE7, 0x62, 0xA3, 0xE7, 
        0x62, 0xA3, 0xE7, 0x62, 0xA3, 0xE7, 0x62, 0xA3, 0xE7, 0x62, 0xA3, 0xE7, 0x62, 0xA3, 0xE7, 0x62, 0xA3, 0xE7, 0x62, 0xA3, 0xE7, 0x62, 0xA3, 0xE7, 0x62, 0xA3, 0xE7, 0x62, 0xA3, 0xE7, 0x62, 0xA3, 0xE7, 0x62, 0xA3, 0xE7, 0x62, 0xA3, 0xE7, 
        0x62, 0xA3, 0xE7, 0x62, 0xA3, 0xE7, 0x62, 0xA3, 0xE7, 0x62, 0xA3, 0xE7, 0x62, 0xA3, 0xE7, 0x62, 0xA3, 0xE7, 0x62, 0xA3, 0xE7, 0x62, 0xA3, 0xE7, 0x62, 0xA3, 0xE7, 0x62, 0xA3, 0xE7, 0x62, 0xA3, 0xE7, 0x62, 0xA3, 0xE7, 0x62, 0xA3, 0xE7, 
        0x62, 0xA3, 0xE7, 0x62, 0xA3, 0xE7, 0x62, 0xA3, 0xE7, 0x62, 0xA3, 0xE7, 0x62, 0xA3, 0xE7, 0x62, 0xA3, 0xE7, 0x62, 0xA3, 0xE7, 0x62, 0xA3, 0xE7, 0x62, 0xA3, 0xE7, 0x62, 0xA3, 0xE7, 0x62, 0xA3, 0xE7, 0x62, 0xA3, 0xE7, 0x62, 0xA3, 0xE7, 
        0x62, 0xA3, 0xE7, 0x62, 0xA3, 0xE7, 0x62, 0xA3, 0xE7, 0x62, 0xA3, 0xE7, 0x62, 0xA3, 0xE7, 0x62, 0xA3, 0xE7, 0x62, 0xA3, 0xE7, 0x62, 0xA3, 0xE7, 0x62, 0xA3, 0xE7, 0x62, 0xA3, 0xE7, 0x62, 0xA3, 0xE7, 0x62, 0xA3, 0xE7, 0x62, 0xA3, 0xE7, 
        0x62, 0xA3, 0xE7, 0x62, 0xA3, 0xE7, 0x62, 0xA3, 0xE7, 0x62, 0xA3, 0xE7, 0x62, 0xA3, 0xE7, 0x62, 0xA3, 0xE7, 0x62, 0xA3, 0xE7, 0x62, 0xA3, 0xE7, 0x62, 0xA3, 0xE7, 0x62, 0xA3, 0xE7, 0x62, 0xA3, 0xE7, 0x62, 0xA3, 0xE7, 0x62, 0xA3, 0xE7, 
        0x62, 0xA3, 0xE7, 0x62, 0xA3, 0xE7, 0x62, 0xA3, 0xE7, 0x62, 0xA3, 0xE7, 0x62, 0xA3, 0xE7, 0x62, 0xA3, 0xE7, 0x62, 0xA3, 0xE7, 0x62, 0xA3, 0xE7, 0x62, 0xA3, 0xE7, 0x62, 0xA3, 0xE7, 0x62, 0xA3, 0xE7, 0x62, 0xA3, 0xE7, 0x62, 0xA3, 0xE7, 
        0x62, 0xA3, 0xE7, 0x62, 0xA3, 0xE7, 0x62, 0xA3, 0xE7, 0x62, 0xA3, 0xE7, 0x62, 0xA3, 0xE7, 0x62, 0xA3, 0xE7, 0x62, 0xA3, 0xE7, 0x62, 0xA3, 0xE7, 0x62, 0xA3, 0xE7, 0x62, 0xA3, 0xE7, 0x62, 0xA3, 0xE7, 0x62, 0xA3, 0xE7, 0x62, 0xA3, 0xE7, 
        0x62, 0xA3, 0xE7, 0x62, 0xA3, 0xE7, 0x62, 0xA3, 0xE7, 0x62, 0xA3, 0xE7, 0x62, 0xA3, 0xE7, 0x62, 0xA3, 0xE7, 0x62, 0xA3, 0xE7, 0x62, 0xA3, 0xE7, 0x62, 0xA3, 0xE7, 0x62, 0xA3, 0xE7, 0x62, 0xA3, 0xE7, 0x62, 0xA3, 0xE7, 0x62, 0xA3, 0xE7, 
        0x62, 0xA3, 0xE7, 0x62, 0xA3, 0xE7, 0x62, 0xA3, 0xE7, 0x62, 0xA3, 0xE7, 0x62, 0xA3, 0xE7, 0x62, 0xA3, 0xE7, 0x62, 0xA3, 0xE7, 0x62, 0xA3, 0xE7, 0x62, 0xA3, 0xE7, 0x62, 0xA3, 0xE7, 0x62, 0xA3, 0xE7, 0x62, 0xA3, 0xE7, 0x62, 0xA3, 0xE7, 
        0x62, 0xA3, 0xE7, 0x62, 0xA3, 0xE7, 0x62, 0xA3, 0xE7, 0x62, 0xA3, 0xE7, 0x62, 0xA3, 0xE7, 0x62, 0xA3, 0xE7, 0x62, 0xA3, 0xE7, 0x62, 0xA3, 0xE7, 0x62, 0xA3, 0xE7, 0x62, 0xA3, 0xE7, 0x62, 0xA3, 0xE7, 0x62, 0xA3, 0xE7, 0x62, 0xA3, 0xE7, 
        0x62, 0xA3, 0xE7, 0x62, 0xA3, 0xE7, 0x62, 0xA3, 0xE7, 0x62, 0xA3, 0xE7, 0x62, 0xA3, 0xE7, 0x62, 0xA3, 0xE7, 0x62, 0xA3, 0xE7, 0x62, 0xA3, 0xE7, 0x62, 0xA3, 0xE7, 0x62, 0xA3, 0xE7, 0x62, 0xA3, 0xE7, 0x62, 0xA3, 0xE7, 0x62, 0xA3, 0xE7, 
        0x62, 0xA3, 0xE7, 0x62, 0xA3, 0xE7, 0x62, 0xA3, 0xE7, 0x62, 0xA3, 0xE7, 0x62, 0xA3, 0xE7, 0x62, 0xA3, 0xE7, 0x62, 0xA3, 0xE7, 0x62, 0xA3, 0xE7, 0x62, 0xA3, 0xE7, 0x62, 0xA3, 0xE7, 0x62, 0xA3, 0xE7, 0x62, 0xA3, 0xE7, 0x62, 0xA3, 0xE7, 
        0x62, 0xA3, 0xE7, 0x62, 0xA3, 0xE7, 0x62, 0xA3, 0xE7, 0x62, 0xA3, 0xE7, 0x62, 0xA3, 0xE7, 0x62, 0xA3, 0xE7, 0x62, 0xA3, 0xE7, 0x62, 0xA3, 0xE7, 0x62, 0xA3, 0xE7, 0x62, 0xA3, 0xE7, 0x62, 0xA3, 0xE7, 0x62, 0xA3, 0xE7, 0x62, 0xA3, 0xE7, 
        0x62, 0xA3, 0xE7, 0x62, 0xA3, 0xE7, 0x62, 0xA3, 0xE7, 0x62, 0xA3, 0xE7, 0x62, 0xA3, 0xE7, 0x62, 0xA3, 0xE7, 0x62, 0xA3, 0xE7, 0x62, 0xA3, 0xE7, 0x62, 0xA3, 0xE7, 0x62, 0xA3, 0xE7, 0x62, 0xA3, 0xE7, 0x62, 0xA3, 0xE7, 0x62, 0xA3, 0xE7, 
        0x62, 0xA3, 0xE7, 0x80, 0xB4, 0xEC, 0xF9, 0xFB, 0xFE, 0xFF, 0xFF, 0xFF, 0xFF, 0xFF, 0xFF, 0xFF, 0xFF, 0xFF, 0xFF, 0xFF, 0xFF,
  0x62, 0xA3, 0xE7, 0x62, 0xA3, 0xE7, 0x62, 0xA3, 0xE7, 0x62, 0xA3, 0xE7, 0x62, 0xA3, 0xE7, 0x62, 0xA3, 0xE7, 0x62, 0xA3, 0xE7, 0x62, 0xA3, 0xE7, 0x62, 0xA3, 0xE7, 0x62, 0xA3, 0xE7, 0x62, 0xA3, 0xE7, 0x62, 0xA3, 0xE7, 0x62, 0xA3, 0xE7, 0x62, 0xA3, 0xE7, 
        0x62, 0xA3, 0xE7, 0x62, 0xA3, 0xE7, 0x62, 0xA3, 0xE7, 0x62, 0xA3, 0xE7, 0x62, 0xA3, 0xE7, 0x62, 0xA3, 0xE7, 0x62, 0xA3, 0xE7, 0x62, 0xA3, 0xE7, 0x62, 0xA3, 0xE7, 0x62, 0xA3, 0xE7, 0x62, 0xA3, 0xE7, 0x62, 0xA3, 0xE7, 0x62, 0xA3, 0xE7, 
        0x62, 0xA3, 0xE7, 0x62, 0xA3, 0xE7, 0x62, 0xA3, 0xE7, 0x62, 0xA3, 0xE7, 0x62, 0xA3, 0xE7, 0x62, 0xA3, 0xE7, 0x62, 0xA3, 0xE7, 0x62, 0xA3, 0xE7, 0x62, 0xA3, 0xE7, 0x62, 0xA3, 0xE7, 0x62, 0xA3, 0xE7, 0x62, 0xA3, 0xE7, 0x62, 0xA3, 0xE7, 
        0x62, 0xA3, 0xE7, 0x62, 0xA3, 0xE7, 0x62, 0xA3, 0xE7, 0x62, 0xA3, 0xE7, 0x62, 0xA3, 0xE7, 0x62, 0xA3, 0xE7, 0x62, 0xA3, 0xE7, 0x62, 0xA3, 0xE7, 0x62, 0xA3, 0xE7, 0x62, 0xA3, 0xE7, 0x62, 0xA3, 0xE7, 0x62, 0xA3, 0xE7, 0x62, 0xA3, 0xE7, 
        0x62, 0xA3, 0xE7, 0x62, 0xA3, 0xE7, 0x62, 0xA3, 0xE7, 0x62, 0xA3, 0xE7, 0x62, 0xA3, 0xE7, 0x62, 0xA3, 0xE7, 0x62, 0xA3, 0xE7, 0x62, 0xA3, 0xE7, 0x62, 0xA3, 0xE7, 0x62, 0xA3, 0xE7, 0x62, 0xA3, 0xE7, 0x62, 0xA3, 0xE7, 0x62, 0xA3, 0xE7, 
        0x62, 0xA3, 0xE7, 0x62, 0xA3, 0xE7, 0x62, 0xA3, 0xE7, 0x62, 0xA3, 0xE7, 0x62, 0xA3, 0xE7, 0x62, 0xA3, 0xE7, 0x62, 0xA3, 0xE7, 0x62, 0xA3, 0xE7, 0x62, 0xA3, 0xE7, 0x62, 0xA3, 0xE7, 0x62, 0xA3, 0xE7, 0x62, 0xA3, 0xE7, 0x62, 0xA3, 0xE7, 
        0x62, 0xA3, 0xE7, 0x62, 0xA3, 0xE7, 0x62, 0xA3, 0xE7, 0x62, 0xA3, 0xE7, 0x62, 0xA3, 0xE7, 0x62, 0xA3, 0xE7, 0x62, 0xA3, 0xE7, 0x62, 0xA3, 0xE7, 0x62, 0xA3, 0xE7, 0x62, 0xA3, 0xE7, 0x62, 0xA3, 0xE7, 0x62, 0xA3, 0xE7, 0x62, 0xA3, 0xE7, 
        0x62, 0xA3, 0xE7, 0x62, 0xA3, 0xE7, 0x62, 0xA3, 0xE7, 0x62, 0xA3, 0xE7, 0x62, 0xA3, 0xE7, 0x62, 0xA3, 0xE7, 0x62, 0xA3, 0xE7, 0x62, 0xA3, 0xE7, 0x62, 0xA3, 0xE7, 0x62, 0xA3, 0xE7, 0x62, 0xA3, 0xE7, 0x62, 0xA3, 0xE7, 0x62, 0xA3, 0xE7, 
        0x62, 0xA3, 0xE7, 0x62, 0xA3, 0xE7, 0x62, 0xA3, 0xE7, 0x62, 0xA3, 0xE7, 0x62, 0xA3, 0xE7, 0x62, 0xA3, 0xE7, 0x62, 0xA3, 0xE7, 0x62, 0xA3, 0xE7, 0x62, 0xA3, 0xE7, 0x62, 0xA3, 0xE7, 0x62, 0xA3, 0xE7, 0x62, 0xA3, 0xE7, 0x62, 0xA3, 0xE7, 
        0x62, 0xA3, 0xE7, 0x62, 0xA3, 0xE7, 0x62, 0xA3, 0xE7, 0x62, 0xA3, 0xE7, 0x62, 0xA3, 0xE7, 0x62, 0xA3, 0xE7, 0x62, 0xA3, 0xE7, 0x62, 0xA3, 0xE7, 0x62, 0xA3, 0xE7, 0x62, 0xA3, 0xE7, 0x62, 0xA3, 0xE7, 0x62, 0xA3, 0xE7, 0x62, 0xA3, 0xE7, 
        0x62, 0xA3, 0xE7, 0x62, 0xA3, 0xE7, 0x62, 0xA3, 0xE7, 0x62, 0xA3, 0xE7, 0x62, 0xA3, 0xE7, 0x62, 0xA3, 0xE7, 0x62, 0xA3, 0xE7, 0x62, 0xA3, 0xE7, 0x62, 0xA3, 0xE7, 0x62, 0xA3, 0xE7, 0x62, 0xA3, 0xE7, 0x62, 0xA3, 0xE7, 0x62, 0xA3, 0xE7, 
        0x62, 0xA3, 0xE7, 0x62, 0xA3, 0xE7, 0x62, 0xA3, 0xE7, 0x62, 0xA3, 0xE7, 0x62, 0xA3, 0xE7, 0x62, 0xA3, 0xE7, 0x62, 0xA3, 0xE7, 0x62, 0xA3, 0xE7, 0x62, 0xA3, 0xE7, 0x62, 0xA3, 0xE7, 0x62, 0xA3, 0xE7, 0x62, 0xA3, 0xE7, 0x62, 0xA3, 0xE7, 
        0x62, 0xA3, 0xE7, 0x62, 0xA3, 0xE7, 0x62, 0xA3, 0xE7, 0x62, 0xA3, 0xE7, 0x62, 0xA3, 0xE7, 0x62, 0xA3, 0xE7, 0x62, 0xA3, 0xE7, 0x62, 0xA3, 0xE7, 0x62, 0xA3, 0xE7, 0x62, 0xA3, 0xE7, 0x62, 0xA3, 0xE7, 0x62, 0xA3, 0xE7, 0x62, 0xA3, 0xE7, 
        0x62, 0xA3, 0xE7, 0x62, 0xA3, 0xE7, 0x62, 0xA3, 0xE7, 0x62, 0xA3, 0xE7, 0x62, 0xA3, 0xE7, 0x62, 0xA3, 0xE7, 0x62, 0xA3, 0xE7, 0x62, 0xA3, 0xE7, 0x62, 0xA3, 0xE7, 0x62, 0xA3, 0xE7, 0x62, 0xA3, 0xE7, 0x62, 0xA3, 0xE7, 0x62, 0xA3, 0xE7, 
        0x62, 0xA3, 0xE7, 0x62, 0xA3, 0xE7, 0x62, 0xA3, 0xE7, 0x62, 0xA3, 0xE7, 0x62, 0xA3, 0xE7, 0x62, 0xA3, 0xE7, 0x62, 0xA3, 0xE7, 0x62, 0xA3, 0xE7, 0x62, 0xA3, 0xE7, 0x62, 0xA3, 0xE7, 0x62, 0xA3, 0xE7, 0x62, 0xA3, 0xE7, 0x62, 0xA3, 0xE7, 
        0x62, 0xA3, 0xE7, 0x62, 0xA3, 0xE7, 0x62, 0xA3, 0xE7, 0x62, 0xA3, 0xE7, 0x62, 0xA3, 0xE7, 0x62, 0xA3, 0xE7, 0x62, 0xA3, 0xE7, 0x62, 0xA3, 0xE7, 0x62, 0xA3, 0xE7, 0x62, 0xA3, 0xE7, 0x62, 0xA3, 0xE7, 0x62, 0xA3, 0xE7, 0x62, 0xA3, 0xE7, 
        0x62, 0xA3, 0xE7, 0x62, 0xA3, 0xE7, 0x62, 0xA3, 0xE7, 0x62, 0xA3, 0xE7, 0x62, 0xA3, 0xE7, 0x62, 0xA3, 0xE7, 0x62, 0xA3, 0xE7, 0x62, 0xA3, 0xE7, 0x62, 0xA3, 0xE7, 0x62, 0xA3, 0xE7, 0x62, 0xA3, 0xE7, 0x62, 0xA3, 0xE7, 0x62, 0xA3, 0xE7, 
        0x62, 0xA3, 0xE7, 0x62, 0xA3, 0xE7, 0x62, 0xA3, 0xE7, 0x62, 0xA3, 0xE7, 0x62, 0xA3, 0xE7, 0x62, 0xA3, 0xE7, 0x62, 0xA3, 0xE7, 0x62, 0xA3, 0xE7, 0x62, 0xA3, 0xE7, 0x62, 0xA3, 0xE7, 0x62, 0xA3, 0xE7, 0x62, 0xA3, 0xE7, 0x62, 0xA3, 0xE7, 
        0x62, 0xA3, 0xE7, 0x62, 0xA3, 0xE7, 0x62, 0xA3, 0xE7, 0x62, 0xA3, 0xE7, 0x62, 0xA3, 0xE7, 0x62, 0xA3, 0xE7, 0x62, 0xA3, 0xE7, 0x62, 0xA3, 0xE7, 0x62, 0xA3, 0xE7, 0x62, 0xA3, 0xE7, 0x62, 0xA3, 0xE7, 0x62, 0xA3, 0xE7, 0x62, 0xA3, 0xE7, 
        0x62, 0xA3, 0xE7, 0x62, 0xA3, 0xE7, 0x62, 0xA3, 0xE7, 0x62, 0xA3, 0xE7, 0x62, 0xA3, 0xE7, 0x62, 0xA3, 0xE7, 0x62, 0xA3, 0xE7, 0x62, 0xA3, 0xE7, 0x62, 0xA3, 0xE7, 0x62, 0xA3, 0xE7, 0x62, 0xA3, 0xE7, 0x62, 0xA3, 0xE7, 0x62, 0xA3, 0xE7, 
        0x62, 0xA3, 0xE7, 0x62, 0xA3, 0xE7, 0x62, 0xA3, 0xE7, 0x62, 0xA3, 0xE7, 0x62, 0xA3, 0xE7, 0x62, 0xA3, 0xE7, 0x62, 0xA3, 0xE7, 0x62, 0xA3, 0xE7, 0x62, 0xA3, 0xE7, 0x62, 0xA3, 0xE7, 0x62, 0xA3, 0xE7, 0x62, 0xA3, 0xE7, 0x62, 0xA3, 0xE7, 
        0x62, 0xA3, 0xE7, 0x62, 0xA3, 0xE7, 0x62, 0xA3, 0xE7, 0x62, 0xA3, 0xE7, 0x62, 0xA3, 0xE7, 0x62, 0xA3, 0xE7, 0x62, 0xA3, 0xE7, 0x62, 0xA3, 0xE7, 0x62, 0xA3, 0xE7, 0x62, 0xA3, 0xE7, 0x62, 0xA3, 0xE7, 0x62, 0xA3, 0xE7, 0x62, 0xA3, 0xE7, 
        0x62, 0xA3, 0xE7, 0x62, 0xA3, 0xE7, 0x62, 0xA3, 0xE7, 0x62, 0xA3, 0xE7, 0x62, 0xA3, 0xE7, 0x62, 0xA3, 0xE7, 0x62, 0xA3, 0xE7, 0x62, 0xA3, 0xE7, 0x62, 0xA3, 0xE7, 0x62, 0xA3, 0xE7, 0x62, 0xA3, 0xE7, 0x62, 0xA3, 0xE7, 0x62, 0xA3, 0xE7, 
        0x62, 0xA3, 0xE7, 0x62, 0xA3, 0xE7, 0x62, 0xA3, 0xE7, 0x62, 0xA3, 0xE7, 0x62, 0xA3, 0xE7, 0x62, 0xA3, 0xE7, 0x62, 0xA3, 0xE7, 0x62, 0xA3, 0xE7, 0x62, 0xA3, 0xE7, 0x62, 0xA3, 0xE7, 0x62, 0xA3, 0xE7, 0x62, 0xA3, 0xE7, 0x62, 0xA3, 0xE7, 
        0x75, 0xAE, 0xEA, 0xEE, 0xF5, 0xFC, 0xFF, 0xFF, 0xFF, 0xFF, 0xFF, 0xFF, 0xFF, 0xFF, 0xFF, 0xFF, 0xFF, 0xFF, 0xFF, 0xFF, 0xFF,
  0x62, 0xA3, 0xE7, 0x62, 0xA3, 0xE7, 0x62, 0xA3, 0xE7, 0x62, 0xA3, 0xE7, 0x62, 0xA3, 0xE7, 0x62, 0xA3, 0xE7, 0x62, 0xA3, 0xE7, 0x62, 0xA3, 0xE7, 0x62, 0xA3, 0xE7, 0x62, 0xA3, 0xE7, 0x62, 0xA3, 0xE7, 0x62, 0xA3, 0xE7, 0x62, 0xA3, 0xE7, 0x62, 0xA3, 0xE7, 
        0x62, 0xA3, 0xE7, 0x62, 0xA3, 0xE7, 0x62, 0xA3, 0xE7, 0x62, 0xA3, 0xE7, 0x62, 0xA3, 0xE7, 0x62, 0xA3, 0xE7, 0x62, 0xA3, 0xE7, 0x62, 0xA3, 0xE7, 0x62, 0xA3, 0xE7, 0x62, 0xA3, 0xE7, 0x62, 0xA3, 0xE7, 0x62, 0xA3, 0xE7, 0x62, 0xA3, 0xE7, 
        0x62, 0xA3, 0xE7, 0x62, 0xA3, 0xE7, 0x62, 0xA3, 0xE7, 0x62, 0xA3, 0xE7, 0x62, 0xA3, 0xE7, 0x62, 0xA3, 0xE7, 0x62, 0xA3, 0xE7, 0x62, 0xA3, 0xE7, 0x62, 0xA3, 0xE7, 0x62, 0xA3, 0xE7, 0x62, 0xA3, 0xE7, 0x62, 0xA3, 0xE7, 0x62, 0xA3, 0xE7, 
        0x62, 0xA3, 0xE7, 0x62, 0xA3, 0xE7, 0x62, 0xA3, 0xE7, 0x62, 0xA3, 0xE7, 0x62, 0xA3, 0xE7, 0x62, 0xA3, 0xE7, 0x62, 0xA3, 0xE7, 0x62, 0xA3, 0xE7, 0x62, 0xA3, 0xE7, 0x62, 0xA3, 0xE7, 0x62, 0xA3, 0xE7, 0x62, 0xA3, 0xE7, 0x62, 0xA3, 0xE7, 
        0x62, 0xA3, 0xE7, 0x62, 0xA3, 0xE7, 0x62, 0xA3, 0xE7, 0x62, 0xA3, 0xE7, 0x62, 0xA3, 0xE7, 0x62, 0xA3, 0xE7, 0x62, 0xA3, 0xE7, 0x62, 0xA3, 0xE7, 0x62, 0xA3, 0xE7, 0x62, 0xA3, 0xE7, 0x62, 0xA3, 0xE7, 0x62, 0xA3, 0xE7, 0x62, 0xA3, 0xE7, 
        0x62, 0xA3, 0xE7, 0x62, 0xA3, 0xE7, 0x62, 0xA3, 0xE7, 0x62, 0xA3, 0xE7, 0x62, 0xA3, 0xE7, 0x62, 0xA3, 0xE7, 0x62, 0xA3, 0xE7, 0x62, 0xA3, 0xE7, 0x62, 0xA3, 0xE7, 0x62, 0xA3, 0xE7, 0x62, 0xA3, 0xE7, 0x62, 0xA3, 0xE7, 0x62, 0xA3, 0xE7, 
        0x62, 0xA3, 0xE7, 0x62, 0xA3, 0xE7, 0x62, 0xA3, 0xE7, 0x62, 0xA3, 0xE7, 0x62, 0xA3, 0xE7, 0x62, 0xA3, 0xE7, 0x62, 0xA3, 0xE7, 0x62, 0xA3, 0xE7, 0x62, 0xA3, 0xE7, 0x62, 0xA3, 0xE7, 0x62, 0xA3, 0xE7, 0x62, 0xA3, 0xE7, 0x62, 0xA3, 0xE7, 
        0x62, 0xA3, 0xE7, 0x62, 0xA3, 0xE7, 0x62, 0xA3, 0xE7, 0x62, 0xA3, 0xE7, 0x62, 0xA3, 0xE7, 0x62, 0xA3, 0xE7, 0x62, 0xA3, 0xE7, 0x62, 0xA3, 0xE7, 0x62, 0xA3, 0xE7, 0x62, 0xA3, 0xE7, 0x62, 0xA3, 0xE7, 0x62, 0xA3, 0xE7, 0x62, 0xA3, 0xE7, 
        0x62, 0xA3, 0xE7, 0x62, 0xA3, 0xE7, 0x62, 0xA3, 0xE7, 0x62, 0xA3, 0xE7, 0x62, 0xA3, 0xE7, 0x62, 0xA3, 0xE7, 0x62, 0xA3, 0xE7, 0x62, 0xA3, 0xE7, 0x62, 0xA3, 0xE7, 0x62, 0xA3, 0xE7, 0x62, 0xA3, 0xE7, 0x62, 0xA3, 0xE7, 0x62, 0xA3, 0xE7, 
        0x62, 0xA3, 0xE7, 0x62, 0xA3, 0xE7, 0x62, 0xA3, 0xE7, 0x62, 0xA3, 0xE7, 0x62, 0xA3, 0xE7, 0x62, 0xA3, 0xE7, 0x62, 0xA3, 0xE7, 0x62, 0xA3, 0xE7, 0x62, 0xA3, 0xE7, 0x62, 0xA3, 0xE7, 0x62, 0xA3, 0xE7, 0x62, 0xA3, 0xE7, 0x62, 0xA3, 0xE7, 
        0x62, 0xA3, 0xE7, 0x62, 0xA3, 0xE7, 0x62, 0xA3, 0xE7, 0x62, 0xA3, 0xE7, 0x62, 0xA3, 0xE7, 0x62, 0xA3, 0xE7, 0x62, 0xA3, 0xE7, 0x62, 0xA3, 0xE7, 0x62, 0xA3, 0xE7, 0x62, 0xA3, 0xE7, 0x62, 0xA3, 0xE7, 0x62, 0xA3, 0xE7, 0x62, 0xA3, 0xE7, 
        0x62, 0xA3, 0xE7, 0x62, 0xA3, 0xE7, 0x62, 0xA3, 0xE7, 0x62, 0xA3, 0xE7, 0x62, 0xA3, 0xE7, 0x62, 0xA3, 0xE7, 0x62, 0xA3, 0xE7, 0x62, 0xA3, 0xE7, 0x62, 0xA3, 0xE7, 0x62, 0xA3, 0xE7, 0x62, 0xA3, 0xE7, 0x62, 0xA3, 0xE7, 0x62, 0xA3, 0xE7, 
        0x62, 0xA3, 0xE7, 0x62, 0xA3, 0xE7, 0x62, 0xA3, 0xE7, 0x62, 0xA3, 0xE7, 0x62, 0xA3, 0xE7, 0x62, 0xA3, 0xE7, 0x62, 0xA3, 0xE7, 0x62, 0xA3, 0xE7, 0x62, 0xA3, 0xE7, 0x62, 0xA3, 0xE7, 0x62, 0xA3, 0xE7, 0x62, 0xA3, 0xE7, 0x62, 0xA3, 0xE7, 
        0x62, 0xA3, 0xE7, 0x62, 0xA3, 0xE7, 0x62, 0xA3, 0xE7, 0x62, 0xA3, 0xE7, 0x62, 0xA3, 0xE7, 0x62, 0xA3, 0xE7, 0x62, 0xA3, 0xE7, 0x62, 0xA3, 0xE7, 0x62, 0xA3, 0xE7, 0x62, 0xA3, 0xE7, 0x62, 0xA3, 0xE7, 0x62, 0xA3, 0xE7, 0x62, 0xA3, 0xE7, 
        0x62, 0xA3, 0xE7, 0x62, 0xA3, 0xE7, 0x62, 0xA3, 0xE7, 0x62, 0xA3, 0xE7, 0x62, 0xA3, 0xE7, 0x62, 0xA3, 0xE7, 0x62, 0xA3, 0xE7, 0x62, 0xA3, 0xE7, 0x62, 0xA3, 0xE7, 0x62, 0xA3, 0xE7, 0x62, 0xA3, 0xE7, 0x62, 0xA3, 0xE7, 0x62, 0xA3, 0xE7, 
        0x62, 0xA3, 0xE7, 0x62, 0xA3, 0xE7, 0x62, 0xA3, 0xE7, 0x62, 0xA3, 0xE7, 0x62, 0xA3, 0xE7, 0x62, 0xA3, 0xE7, 0x62, 0xA3, 0xE7, 0x62, 0xA3, 0xE7, 0x62, 0xA3, 0xE7, 0x62, 0xA3, 0xE7, 0x62, 0xA3, 0xE7, 0x62, 0xA3, 0xE7, 0x62, 0xA3, 0xE7, 
        0x62, 0xA3, 0xE7, 0x62, 0xA3, 0xE7, 0x62, 0xA3, 0xE7, 0x62, 0xA3, 0xE7, 0x62, 0xA3, 0xE7, 0x62, 0xA3, 0xE7, 0x62, 0xA3, 0xE7, 0x62, 0xA3, 0xE7, 0x62, 0xA3, 0xE7, 0x62, 0xA3, 0xE7, 0x62, 0xA3, 0xE7, 0x62, 0xA3, 0xE7, 0x62, 0xA3, 0xE7, 
        0x62, 0xA3, 0xE7, 0x62, 0xA3, 0xE7, 0x62, 0xA3, 0xE7, 0x62, 0xA3, 0xE7, 0x62, 0xA3, 0xE7, 0x62, 0xA3, 0xE7, 0x62, 0xA3, 0xE7, 0x62, 0xA3, 0xE7, 0x62, 0xA3, 0xE7, 0x62, 0xA3, 0xE7, 0x62, 0xA3, 0xE7, 0x62, 0xA3, 0xE7, 0x62, 0xA3, 0xE7, 
        0x62, 0xA3, 0xE7, 0x62, 0xA3, 0xE7, 0x62, 0xA3, 0xE7, 0x62, 0xA3, 0xE7, 0x62, 0xA3, 0xE7, 0x62, 0xA3, 0xE7, 0x62, 0xA3, 0xE7, 0x62, 0xA3, 0xE7, 0x62, 0xA3, 0xE7, 0x62, 0xA3, 0xE7, 0x62, 0xA3, 0xE7, 0x62, 0xA3, 0xE7, 0x62, 0xA3, 0xE7, 
        0x62, 0xA3, 0xE7, 0x62, 0xA3, 0xE7, 0x62, 0xA3, 0xE7, 0x62, 0xA3, 0xE7, 0x62, 0xA3, 0xE7, 0x62, 0xA3, 0xE7, 0x62, 0xA3, 0xE7, 0x62, 0xA3, 0xE7, 0x62, 0xA3, 0xE7, 0x62, 0xA3, 0xE7, 0x62, 0xA3, 0xE7, 0x62, 0xA3, 0xE7, 0x62, 0xA3, 0xE7, 
        0x62, 0xA3, 0xE7, 0x62, 0xA3, 0xE7, 0x62, 0xA3, 0xE7, 0x62, 0xA3, 0xE7, 0x62, 0xA3, 0xE7, 0x62, 0xA3, 0xE7, 0x62, 0xA3, 0xE7, 0x62, 0xA3, 0xE7, 0x62, 0xA3, 0xE7, 0x62, 0xA3, 0xE7, 0x62, 0xA3, 0xE7, 0x62, 0xA3, 0xE7, 0x62, 0xA3, 0xE7, 
        0x62, 0xA3, 0xE7, 0x62, 0xA3, 0xE7, 0x62, 0xA3, 0xE7, 0x62, 0xA3, 0xE7, 0x62, 0xA3, 0xE7, 0x62, 0xA3, 0xE7, 0x62, 0xA3, 0xE7, 0x62, 0xA3, 0xE7, 0x62, 0xA3, 0xE7, 0x62, 0xA3, 0xE7, 0x62, 0xA3, 0xE7, 0x62, 0xA3, 0xE7, 0x62, 0xA3, 0xE7, 
        0x62, 0xA3, 0xE7, 0x62, 0xA3, 0xE7, 0x62, 0xA3, 0xE7, 0x62, 0xA3, 0xE7, 0x62, 0xA3, 0xE7, 0x62, 0xA3, 0xE7, 0x62, 0xA3, 0xE7, 0x62, 0xA3, 0xE7, 0x62, 0xA3, 0xE7, 0x62, 0xA3, 0xE7, 0x62, 0xA3, 0xE7, 0x62, 0xA3, 0xE7, 0x62, 0xA3, 0xE7, 
        0x62, 0xA3, 0xE7, 0x62, 0xA3, 0xE7, 0x62, 0xA3, 0xE7, 0x62, 0xA3, 0xE7, 0x62, 0xA3, 0xE7, 0x62, 0xA3, 0xE7, 0x62, 0xA3, 0xE7, 0x62, 0xA3, 0xE7, 0x62, 0xA3, 0xE7, 0x62, 0xA3, 0xE7, 0x62, 0xA3, 0xE7, 0x62, 0xA3, 0xE7, 0x77, 0xAF, 0xEA, 
        0xEA, 0xF3, 0xFC, 0xFF, 0xFF, 0xFF, 0xFF, 0xFF, 0xFF, 0xFF, 0xFF, 0xFF, 0xFF, 0xFF, 0xFF, 0xFF, 0xFF, 0xFF, 0xFF, 0xFF, 0xFF,
  0x62, 0xA3, 0xE7, 0x62, 0xA3, 0xE7, 0x62, 0xA3, 0xE7, 0x62, 0xA3, 0xE7, 0x62, 0xA3, 0xE7, 0x62, 0xA3, 0xE7, 0x62, 0xA3, 0xE7, 0x62, 0xA3, 0xE7, 0x62, 0xA3, 0xE7, 0x62, 0xA3, 0xE7, 0x62, 0xA3, 0xE7, 0x62, 0xA3, 0xE7, 0x62, 0xA3, 0xE7, 0x62, 0xA3, 0xE7, 
        0x62, 0xA3, 0xE7, 0x62, 0xA3, 0xE7, 0x62, 0xA3, 0xE7, 0x62, 0xA3, 0xE7, 0x62, 0xA3, 0xE7, 0x62, 0xA3, 0xE7, 0x62, 0xA3, 0xE7, 0x62, 0xA3, 0xE7, 0x62, 0xA3, 0xE7, 0x62, 0xA3, 0xE7, 0x62, 0xA3, 0xE7, 0x62, 0xA3, 0xE7, 0x62, 0xA3, 0xE7, 
        0x62, 0xA3, 0xE7, 0x62, 0xA3, 0xE7, 0x62, 0xA3, 0xE7, 0x62, 0xA3, 0xE7, 0x62, 0xA3, 0xE7, 0x62, 0xA3, 0xE7, 0x62, 0xA3, 0xE7, 0x62, 0xA3, 0xE7, 0x62, 0xA3, 0xE7, 0x62, 0xA3, 0xE7, 0x62, 0xA3, 0xE7, 0x62, 0xA3, 0xE7, 0x62, 0xA3, 0xE7, 
        0x62, 0xA3, 0xE7, 0x62, 0xA3, 0xE7, 0x62, 0xA3, 0xE7, 0x62, 0xA3, 0xE7, 0x62, 0xA3, 0xE7, 0x62, 0xA3, 0xE7, 0x62, 0xA3, 0xE7, 0x62, 0xA3, 0xE7, 0x62, 0xA3, 0xE7, 0x62, 0xA3, 0xE7, 0x62, 0xA3, 0xE7, 0x62, 0xA3, 0xE7, 0x62, 0xA3, 0xE7, 
        0x62, 0xA3, 0xE7, 0x62, 0xA3, 0xE7, 0x62, 0xA3, 0xE7, 0x62, 0xA3, 0xE7, 0x62, 0xA3, 0xE7, 0x62, 0xA3, 0xE7, 0x62, 0xA3, 0xE7, 0x62, 0xA3, 0xE7, 0x62, 0xA3, 0xE7, 0x62, 0xA3, 0xE7, 0x62, 0xA3, 0xE7, 0x62, 0xA3, 0xE7, 0x62, 0xA3, 0xE7, 
        0x62, 0xA3, 0xE7, 0x62, 0xA3, 0xE7, 0x62, 0xA3, 0xE7, 0x62, 0xA3, 0xE7, 0x62, 0xA3, 0xE7, 0x62, 0xA3, 0xE7, 0x62, 0xA3, 0xE7, 0x62, 0xA3, 0xE7, 0x62, 0xA3, 0xE7, 0x62, 0xA3, 0xE7, 0x62, 0xA3, 0xE7, 0x62, 0xA3, 0xE7, 0x62, 0xA3, 0xE7, 
        0x62, 0xA3, 0xE7, 0x62, 0xA3, 0xE7, 0x62, 0xA3, 0xE7, 0x62, 0xA3, 0xE7, 0x62, 0xA3, 0xE7, 0x62, 0xA3, 0xE7, 0x62, 0xA3, 0xE7, 0x62, 0xA3, 0xE7, 0x62, 0xA3, 0xE7, 0x62, 0xA3, 0xE7, 0x62, 0xA3, 0xE7, 0x62, 0xA3, 0xE7, 0x62, 0xA3, 0xE7, 
        0x62, 0xA3, 0xE7, 0x62, 0xA3, 0xE7, 0x62, 0xA3, 0xE7, 0x62, 0xA3, 0xE7, 0x62, 0xA3, 0xE7, 0x62, 0xA3, 0xE7, 0x62, 0xA3, 0xE7, 0x62, 0xA3, 0xE7, 0x62, 0xA3, 0xE7, 0x62, 0xA3, 0xE7, 0x62, 0xA3, 0xE7, 0x62, 0xA3, 0xE7, 0x62, 0xA3, 0xE7, 
        0x62, 0xA3, 0xE7, 0x62, 0xA3, 0xE7, 0x62, 0xA3, 0xE7, 0x62, 0xA3, 0xE7, 0x62, 0xA3, 0xE7, 0x62, 0xA3, 0xE7, 0x62, 0xA3, 0xE7, 0x62, 0xA3, 0xE7, 0x62, 0xA3, 0xE7, 0x62, 0xA3, 0xE7, 0x62, 0xA3, 0xE7, 0x62, 0xA3, 0xE7, 0x62, 0xA3, 0xE7, 
        0x62, 0xA3, 0xE7, 0x62, 0xA3, 0xE7, 0x62, 0xA3, 0xE7, 0x62, 0xA3, 0xE7, 0x62, 0xA3, 0xE7, 0x62, 0xA3, 0xE7, 0x62, 0xA3, 0xE7, 0x62, 0xA3, 0xE7, 0x62, 0xA3, 0xE7, 0x62, 0xA3, 0xE7, 0x62, 0xA3, 0xE7, 0x62, 0xA3, 0xE7, 0x62, 0xA3, 0xE7, 
        0x62, 0xA3, 0xE7, 0x62, 0xA3, 0xE7, 0x62, 0xA3, 0xE7, 0x62, 0xA3, 0xE7, 0x62, 0xA3, 0xE7, 0x62, 0xA3, 0xE7, 0x62, 0xA3, 0xE7, 0x62, 0xA3, 0xE7, 0x62, 0xA3, 0xE7, 0x62, 0xA3, 0xE7, 0x62, 0xA3, 0xE7, 0x62, 0xA3, 0xE7, 0x62, 0xA3, 0xE7, 
        0x62, 0xA3, 0xE7, 0x62, 0xA3, 0xE7, 0x62, 0xA3, 0xE7, 0x62, 0xA3, 0xE7, 0x62, 0xA3, 0xE7, 0x62, 0xA3, 0xE7, 0x62, 0xA3, 0xE7, 0x62, 0xA3, 0xE7, 0x62, 0xA3, 0xE7, 0x62, 0xA3, 0xE7, 0x62, 0xA3, 0xE7, 0x62, 0xA3, 0xE7, 0x62, 0xA3, 0xE7, 
        0x62, 0xA3, 0xE7, 0x62, 0xA3, 0xE7, 0x62, 0xA3, 0xE7, 0x62, 0xA3, 0xE7, 0x62, 0xA3, 0xE7, 0x62, 0xA3, 0xE7, 0x62, 0xA3, 0xE7, 0x62, 0xA3, 0xE7, 0x62, 0xA3, 0xE7, 0x62, 0xA3, 0xE7, 0x62, 0xA3, 0xE7, 0x62, 0xA3, 0xE7, 0x62, 0xA3, 0xE7, 
        0x62, 0xA3, 0xE7, 0x62, 0xA3, 0xE7, 0x62, 0xA3, 0xE7, 0x62, 0xA3, 0xE7, 0x62, 0xA3, 0xE7, 0x62, 0xA3, 0xE7, 0x62, 0xA3, 0xE7, 0x62, 0xA3, 0xE7, 0x62, 0xA3, 0xE7, 0x62, 0xA3, 0xE7, 0x62, 0xA3, 0xE7, 0x62, 0xA3, 0xE7, 0x62, 0xA3, 0xE7, 
        0x62, 0xA3, 0xE7, 0x62, 0xA3, 0xE7, 0x62, 0xA3, 0xE7, 0x62, 0xA3, 0xE7, 0x62, 0xA3, 0xE7, 0x62, 0xA3, 0xE7, 0x62, 0xA3, 0xE7, 0x62, 0xA3, 0xE7, 0x62, 0xA3, 0xE7, 0x62, 0xA3, 0xE7, 0x62, 0xA3, 0xE7, 0x62, 0xA3, 0xE7, 0x62, 0xA3, 0xE7, 
        0x62, 0xA3, 0xE7, 0x62, 0xA3, 0xE7, 0x62, 0xA3, 0xE7, 0x62, 0xA3, 0xE7, 0x62, 0xA3, 0xE7, 0x62, 0xA3, 0xE7, 0x62, 0xA3, 0xE7, 0x62, 0xA3, 0xE7, 0x62, 0xA3, 0xE7, 0x62, 0xA3, 0xE7, 0x62, 0xA3, 0xE7, 0x62, 0xA3, 0xE7, 0x62, 0xA3, 0xE7, 
        0x62, 0xA3, 0xE7, 0x62, 0xA3, 0xE7, 0x62, 0xA3, 0xE7, 0x62, 0xA3, 0xE7, 0x62, 0xA3, 0xE7, 0x62, 0xA3, 0xE7, 0x62, 0xA3, 0xE7, 0x62, 0xA3, 0xE7, 0x62, 0xA3, 0xE7, 0x62, 0xA3, 0xE7, 0x62, 0xA3, 0xE7, 0x62, 0xA3, 0xE7, 0x62, 0xA3, 0xE7, 
        0x62, 0xA3, 0xE7, 0x62, 0xA3, 0xE7, 0x62, 0xA3, 0xE7, 0x62, 0xA3, 0xE7, 0x62, 0xA3, 0xE7, 0x62, 0xA3, 0xE7, 0x62, 0xA3, 0xE7, 0x62, 0xA3, 0xE7, 0x62, 0xA3, 0xE7, 0x62, 0xA3, 0xE7, 0x62, 0xA3, 0xE7, 0x62, 0xA3, 0xE7, 0x62, 0xA3, 0xE7, 
        0x62, 0xA3, 0xE7, 0x62, 0xA3, 0xE7, 0x62, 0xA3, 0xE7, 0x62, 0xA3, 0xE7, 0x62, 0xA3, 0xE7, 0x62, 0xA3, 0xE7, 0x62, 0xA3, 0xE7, 0x62, 0xA3, 0xE7, 0x62, 0xA3, 0xE7, 0x62, 0xA3, 0xE7, 0x62, 0xA3, 0xE7, 0x62, 0xA3, 0xE7, 0x62, 0xA3, 0xE7, 
        0x62, 0xA3, 0xE7, 0x62, 0xA3, 0xE7, 0x62, 0xA3, 0xE7, 0x62, 0xA3, 0xE7, 0x62, 0xA3, 0xE7, 0x62, 0xA3, 0xE7, 0x62, 0xA3, 0xE7, 0x62, 0xA3, 0xE7, 0x62, 0xA3, 0xE7, 0x62, 0xA3, 0xE7, 0x62, 0xA3, 0xE7, 0x62, 0xA3, 0xE7, 0x62, 0xA3, 0xE7, 
        0x62, 0xA3, 0xE7, 0x62, 0xA3, 0xE7, 0x62, 0xA3, 0xE7, 0x62, 0xA3, 0xE7, 0x62, 0xA3, 0xE7, 0x62, 0xA3, 0xE7, 0x62, 0xA3, 0xE7, 0x62, 0xA3, 0xE7, 0x62, 0xA3, 0xE7, 0x62, 0xA3, 0xE7, 0x62, 0xA3, 0xE7, 0x62, 0xA3, 0xE7, 0x62, 0xA3, 0xE7, 
        0x62, 0xA3, 0xE7, 0x62, 0xA3, 0xE7, 0x62, 0xA3, 0xE7, 0x62, 0xA3, 0xE7, 0x62, 0xA3, 0xE7, 0x62, 0xA3, 0xE7, 0x62, 0xA3, 0xE7, 0x62, 0xA3, 0xE7, 0x62, 0xA3, 0xE7, 0x62, 0xA3, 0xE7, 0x62, 0xA3, 0xE7, 0x62, 0xA3, 0xE7, 0x62, 0xA3, 0xE7, 
        0x62, 0xA3, 0xE7, 0x62, 0xA3, 0xE7, 0x62, 0xA3, 0xE7, 0x62, 0xA3, 0xE7, 0x62, 0xA3, 0xE7, 0x62, 0xA3, 0xE7, 0x62, 0xA3, 0xE7, 0x62, 0xA3, 0xE7, 0x62, 0xA3, 0xE7, 0x62, 0xA3, 0xE7, 0x62, 0xA3, 0xE7, 0x62, 0xA3, 0xE7, 0x62, 0xA3, 0xE7, 
        0x62, 0xA3, 0xE7, 0x62, 0xA3, 0xE7, 0x62, 0xA3, 0xE7, 0x62, 0xA3, 0xE7, 0x62, 0xA3, 0xE7, 0x62, 0xA3, 0xE7, 0x62, 0xA3, 0xE7, 0x62, 0xA3, 0xE7, 0x62, 0xA3, 0xE7, 0x62, 0xA3, 0xE7, 0x62, 0xA3, 0xE7, 0x81, 0xB5, 0xEC, 0xF0, 0xF6, 0xFD, 
        0xFF, 0xFF, 0xFF, 0xFF, 0xFF, 0xFF, 0xFF, 0xFF, 0xFF, 0xFF, 0xFF, 0xFF, 0xFF, 0xFF, 0xFF, 0xFF, 0xFF, 0xFF, 0xFF, 0xFF, 0xFF,
  0x62, 0xA3, 0xE7, 0x62, 0xA3, 0xE7, 0x62, 0xA3, 0xE7, 0x62, 0xA3, 0xE7, 0x62, 0xA3, 0xE7, 0x62, 0xA3, 0xE7, 0x62, 0xA3, 0xE7, 0x62, 0xA3, 0xE7, 0x62, 0xA3, 0xE7, 0x62, 0xA3, 0xE7, 0x62, 0xA3, 0xE7, 0x62, 0xA3, 0xE7, 0x62, 0xA3, 0xE7, 0x62, 0xA3, 0xE7, 
        0x62, 0xA3, 0xE7, 0x62, 0xA3, 0xE7, 0x62, 0xA3, 0xE7, 0x62, 0xA3, 0xE7, 0x62, 0xA3, 0xE7, 0x62, 0xA3, 0xE7, 0x62, 0xA3, 0xE7, 0x62, 0xA3, 0xE7, 0x62, 0xA3, 0xE7, 0x62, 0xA3, 0xE7, 0x62, 0xA3, 0xE7, 0x62, 0xA3, 0xE7, 0x62, 0xA3, 0xE7, 
        0x62, 0xA3, 0xE7, 0x62, 0xA3, 0xE7, 0x62, 0xA3, 0xE7, 0x62, 0xA3, 0xE7, 0x62, 0xA3, 0xE7, 0x62, 0xA3, 0xE7, 0x62, 0xA3, 0xE7, 0x62, 0xA3, 0xE7, 0x62, 0xA3, 0xE7, 0x62, 0xA3, 0xE7, 0x62, 0xA3, 0xE7, 0x62, 0xA3, 0xE7, 0x62, 0xA3, 0xE7, 
        0x62, 0xA3, 0xE7, 0x62, 0xA3, 0xE7, 0x62, 0xA3, 0xE7, 0x62, 0xA3, 0xE7, 0x62, 0xA3, 0xE7, 0x62, 0xA3, 0xE7, 0x62, 0xA3, 0xE7, 0x62, 0xA3, 0xE7, 0x62, 0xA3, 0xE7, 0x62, 0xA3, 0xE7, 0x62, 0xA3, 0xE7, 0x62, 0xA3, 0xE7, 0x62, 0xA3, 0xE7, 
        0x62, 0xA3, 0xE7, 0x62, 0xA3, 0xE7, 0x62, 0xA3, 0xE7, 0x62, 0xA3, 0xE7, 0x62, 0xA3, 0xE7, 0x62, 0xA3, 0xE7, 0x62, 0xA3, 0xE7, 0x62, 0xA3, 0xE7, 0x62, 0xA3, 0xE7, 0x62, 0xA3, 0xE7, 0x62, 0xA3, 0xE7, 0x62, 0xA3, 0xE7, 0x62, 0xA3, 0xE7, 
        0x62, 0xA3, 0xE7, 0x62, 0xA3, 0xE7, 0x62, 0xA3, 0xE7, 0x62, 0xA3, 0xE7, 0x62, 0xA3, 0xE7, 0x62, 0xA3, 0xE7, 0x62, 0xA3, 0xE7, 0x62, 0xA3, 0xE7, 0x62, 0xA3, 0xE7, 0x62, 0xA3, 0xE7, 0x62, 0xA3, 0xE7, 0x62, 0xA3, 0xE7, 0x62, 0xA3, 0xE7, 
        0x62, 0xA3, 0xE7, 0x62, 0xA3, 0xE7, 0x62, 0xA3, 0xE7, 0x62, 0xA3, 0xE7, 0x62, 0xA3, 0xE7, 0x62, 0xA3, 0xE7, 0x62, 0xA3, 0xE7, 0x62, 0xA3, 0xE7, 0x62, 0xA3, 0xE7, 0x62, 0xA3, 0xE7, 0x62, 0xA3, 0xE7, 0x62, 0xA3, 0xE7, 0x62, 0xA3, 0xE7, 
        0x62, 0xA3, 0xE7, 0x62, 0xA3, 0xE7, 0x62, 0xA3, 0xE7, 0x62, 0xA3, 0xE7, 0x62, 0xA3, 0xE7, 0x62, 0xA3, 0xE7, 0x62, 0xA3, 0xE7, 0x62, 0xA3, 0xE7, 0x62, 0xA3, 0xE7, 0x62, 0xA3, 0xE7, 0x62, 0xA3, 0xE7, 0x62, 0xA3, 0xE7, 0x62, 0xA3, 0xE7, 
        0x62, 0xA3, 0xE7, 0x62, 0xA3, 0xE7, 0x62, 0xA3, 0xE7, 0x62, 0xA3, 0xE7, 0x62, 0xA3, 0xE7, 0x62, 0xA3, 0xE7, 0x62, 0xA3, 0xE7, 0x62, 0xA3, 0xE7, 0x62, 0xA3, 0xE7, 0x62, 0xA3, 0xE7, 0x62, 0xA3, 0xE7, 0x62, 0xA3, 0xE7, 0x62, 0xA3, 0xE7, 
        0x62, 0xA3, 0xE7, 0x62, 0xA3, 0xE7, 0x62, 0xA3, 0xE7, 0x62, 0xA3, 0xE7, 0x62, 0xA3, 0xE7, 0x62, 0xA3, 0xE7, 0x62, 0xA3, 0xE7, 0x62, 0xA3, 0xE7, 0x62, 0xA3, 0xE7, 0x62, 0xA3, 0xE7, 0x62, 0xA3, 0xE7, 0x62, 0xA3, 0xE7, 0x62, 0xA3, 0xE7, 
        0x62, 0xA3, 0xE7, 0x62, 0xA3, 0xE7, 0x62, 0xA3, 0xE7, 0x62, 0xA3, 0xE7, 0x62, 0xA3, 0xE7, 0x62, 0xA3, 0xE7, 0x62, 0xA3, 0xE7, 0x62, 0xA3, 0xE7, 0x62, 0xA3, 0xE7, 0x62, 0xA3, 0xE7, 0x62, 0xA3, 0xE7, 0x62, 0xA3, 0xE7, 0x62, 0xA3, 0xE7, 
        0x62, 0xA3, 0xE7, 0x62, 0xA3, 0xE7, 0x62, 0xA3, 0xE7, 0x62, 0xA3, 0xE7, 0x62, 0xA3, 0xE7, 0x62, 0xA3, 0xE7, 0x62, 0xA3, 0xE7, 0x62, 0xA3, 0xE7, 0x62, 0xA3, 0xE7, 0x62, 0xA3, 0xE7, 0x62, 0xA3, 0xE7, 0x62, 0xA3, 0xE7, 0x62, 0xA3, 0xE7, 
        0x62, 0xA3, 0xE7, 0x62, 0xA3, 0xE7, 0x62, 0xA3, 0xE7, 0x62, 0xA3, 0xE7, 0x62, 0xA3, 0xE7, 0x62, 0xA3, 0xE7, 0x62, 0xA3, 0xE7, 0x62, 0xA3, 0xE7, 0x62, 0xA3, 0xE7, 0x62, 0xA3, 0xE7, 0x62, 0xA3, 0xE7, 0x62, 0xA3, 0xE7, 0x62, 0xA3, 0xE7, 
        0x62, 0xA3, 0xE7, 0x62, 0xA3, 0xE7, 0x62, 0xA3, 0xE7, 0x62, 0xA3, 0xE7, 0x62, 0xA3, 0xE7, 0x62, 0xA3, 0xE7, 0x62, 0xA3, 0xE7, 0x62, 0xA3, 0xE7, 0x62, 0xA3, 0xE7, 0x62, 0xA3, 0xE7, 0x62, 0xA3, 0xE7, 0x62, 0xA3, 0xE7, 0x62, 0xA3, 0xE7, 
        0x62, 0xA3, 0xE7, 0x62, 0xA3, 0xE7, 0x62, 0xA3, 0xE7, 0x62, 0xA3, 0xE7, 0x62, 0xA3, 0xE7, 0x62, 0xA3, 0xE7, 0x62, 0xA3, 0xE7, 0x62, 0xA3, 0xE7, 0x62, 0xA3, 0xE7, 0x62, 0xA3, 0xE7, 0x62, 0xA3, 0xE7, 0x62, 0xA3, 0xE7, 0x62, 0xA3, 0xE7, 
        0x62, 0xA3, 0xE7, 0x62, 0xA3, 0xE7, 0x62, 0xA3, 0xE7, 0x62, 0xA3, 0xE7, 0x62, 0xA3, 0xE7, 0x62, 0xA3, 0xE7, 0x62, 0xA3, 0xE7, 0x62, 0xA3, 0xE7, 0x62, 0xA3, 0xE7, 0x62, 0xA3, 0xE7, 0x62, 0xA3, 0xE7, 0x62, 0xA3, 0xE7, 0x62, 0xA3, 0xE7, 
        0x62, 0xA3, 0xE7, 0x62, 0xA3, 0xE7, 0x62, 0xA3, 0xE7, 0x62, 0xA3, 0xE7, 0x62, 0xA3, 0xE7, 0x62, 0xA3, 0xE7, 0x62, 0xA3, 0xE7, 0x62, 0xA3, 0xE7, 0x62, 0xA3, 0xE7, 0x62, 0xA3, 0xE7, 0x62, 0xA3, 0xE7, 0x62, 0xA3, 0xE7, 0x62, 0xA3, 0xE7, 
        0x62, 0xA3, 0xE7, 0x62, 0xA3, 0xE7, 0x62, 0xA3, 0xE7, 0x62, 0xA3, 0xE7, 0x62, 0xA3, 0xE7, 0x62, 0xA3, 0xE7, 0x62, 0xA3, 0xE7, 0x62, 0xA3, 0xE7, 0x62, 0xA3, 0xE7, 0x62, 0xA3, 0xE7, 0x62, 0xA3, 0xE7, 0x62, 0xA3, 0xE7, 0x62, 0xA3, 0xE7, 
        0x62, 0xA3, 0xE7, 0x62, 0xA3, 0xE7, 0x62, 0xA3, 0xE7, 0x62, 0xA3, 0xE7, 0x62, 0xA3, 0xE7, 0x62, 0xA3, 0xE7, 0x62, 0xA3, 0xE7, 0x62, 0xA3, 0xE7, 0x62, 0xA3, 0xE7, 0x62, 0xA3, 0xE7, 0x62, 0xA3, 0xE7, 0x62, 0xA3, 0xE7, 0x62, 0xA3, 0xE7, 
        0x62, 0xA3, 0xE7, 0x62, 0xA3, 0xE7, 0x62, 0xA3, 0xE7, 0x62, 0xA3, 0xE7, 0x62, 0xA3, 0xE7, 0x62, 0xA3, 0xE7, 0x62, 0xA3, 0xE7, 0x62, 0xA3, 0xE7, 0x62, 0xA3, 0xE7, 0x62, 0xA3, 0xE7, 0x62, 0xA3, 0xE7, 0x62, 0xA3, 0xE7, 0x62, 0xA3, 0xE7, 
        0x62, 0xA3, 0xE7, 0x62, 0xA3, 0xE7, 0x62, 0xA3, 0xE7, 0x62, 0xA3, 0xE7, 0x62, 0xA3, 0xE7, 0x62, 0xA3, 0xE7, 0x62, 0xA3, 0xE7, 0x62, 0xA3, 0xE7, 0x62, 0xA3, 0xE7, 0x62, 0xA3, 0xE7, 0x62, 0xA3, 0xE7, 0x62, 0xA3, 0xE7, 0x62, 0xA3, 0xE7, 
        0x62, 0xA3, 0xE7, 0x62, 0xA3, 0xE7, 0x62, 0xA3, 0xE7, 0x62, 0xA3, 0xE7, 0x62, 0xA3, 0xE7, 0x62, 0xA3, 0xE7, 0x62, 0xA3, 0xE7, 0x62, 0xA3, 0xE7, 0x62, 0xA3, 0xE7, 0x62, 0xA3, 0xE7, 0x62, 0xA3, 0xE7, 0x62, 0xA3, 0xE7, 0x62, 0xA3, 0xE7, 
        0x62, 0xA3, 0xE7, 0x62, 0xA3, 0xE7, 0x62, 0xA3, 0xE7, 0x62, 0xA3, 0xE7, 0x62, 0xA3, 0xE7, 0x62, 0xA3, 0xE7, 0x62, 0xA3, 0xE7, 0x62, 0xA3, 0xE7, 0x62, 0xA3, 0xE7, 0x62, 0xA3, 0xE7, 0x62, 0xA3, 0xE7, 0x62, 0xA3, 0xE7, 0x62, 0xA3, 0xE7, 
        0x62, 0xA3, 0xE7, 0x62, 0xA3, 0xE7, 0x62, 0xA3, 0xE7, 0x62, 0xA3, 0xE7, 0x62, 0xA3, 0xE7, 0x62, 0xA3, 0xE7, 0x62, 0xA3, 0xE7, 0x62, 0xA3, 0xE7, 0x62, 0xA3, 0xE7, 0x62, 0xA3, 0xE7, 0xA1, 0xC8, 0xF1, 0xFA, 0xFC, 0xFE, 0xFF, 0xFF, 0xFF, 
        0xFF, 0xFF, 0xFF, 0xFF, 0xFF, 0xFF, 0xFF, 0xFF, 0xFF, 0xFF, 0xFF, 0xFF, 0xFF, 0xFF, 0xFF, 0xFF, 0xFF, 0xFF, 0xFF, 0xFF, 0xFF,
  0x62, 0xA3, 0xE7, 0x62, 0xA3, 0xE7, 0x62, 0xA3, 0xE7, 0x62, 0xA3, 0xE7, 0x62, 0xA3, 0xE7, 0x62, 0xA3, 0xE7, 0x62, 0xA3, 0xE7, 0x62, 0xA3, 0xE7, 0x62, 0xA3, 0xE7, 0x62, 0xA3, 0xE7, 0x62, 0xA3, 0xE7, 0x62, 0xA3, 0xE7, 0x62, 0xA3, 0xE7, 0x62, 0xA3, 0xE7, 
        0x62, 0xA3, 0xE7, 0x62, 0xA3, 0xE7, 0x62, 0xA3, 0xE7, 0x62, 0xA3, 0xE7, 0x62, 0xA3, 0xE7, 0x62, 0xA3, 0xE7, 0x62, 0xA3, 0xE7, 0x62, 0xA3, 0xE7, 0x62, 0xA3, 0xE7, 0x62, 0xA3, 0xE7, 0x62, 0xA3, 0xE7, 0x62, 0xA3, 0xE7, 0x62, 0xA3, 0xE7, 
        0x62, 0xA3, 0xE7, 0x62, 0xA3, 0xE7, 0x62, 0xA3, 0xE7, 0x62, 0xA3, 0xE7, 0x62, 0xA3, 0xE7, 0x62, 0xA3, 0xE7, 0x62, 0xA3, 0xE7, 0x62, 0xA3, 0xE7, 0x62, 0xA3, 0xE7, 0x62, 0xA3, 0xE7, 0x62, 0xA3, 0xE7, 0x62, 0xA3, 0xE7, 0x62, 0xA3, 0xE7, 
        0x62, 0xA3, 0xE7, 0x62, 0xA3, 0xE7, 0x62, 0xA3, 0xE7, 0x62, 0xA3, 0xE7, 0x62, 0xA3, 0xE7, 0x62, 0xA3, 0xE7, 0x62, 0xA3, 0xE7, 0x62, 0xA3, 0xE7, 0x62, 0xA3, 0xE7, 0x62, 0xA3, 0xE7, 0x62, 0xA3, 0xE7, 0x62, 0xA3, 0xE7, 0x62, 0xA3, 0xE7, 
        0x62, 0xA3, 0xE7, 0x62, 0xA3, 0xE7, 0x62, 0xA3, 0xE7, 0x62, 0xA3, 0xE7, 0x62, 0xA3, 0xE7, 0x62, 0xA3, 0xE7, 0x62, 0xA3, 0xE7, 0x62, 0xA3, 0xE7, 0x62, 0xA3, 0xE7, 0x62, 0xA3, 0xE7, 0x62, 0xA3, 0xE7, 0x62, 0xA3, 0xE7, 0x62, 0xA3, 0xE7, 
        0x62, 0xA3, 0xE7, 0x62, 0xA3, 0xE7, 0x62, 0xA3, 0xE7, 0x62, 0xA3, 0xE7, 0x62, 0xA3, 0xE7, 0x62, 0xA3, 0xE7, 0x62, 0xA3, 0xE7, 0x62, 0xA3, 0xE7, 0x62, 0xA3, 0xE7, 0x62, 0xA3, 0xE7, 0x62, 0xA3, 0xE7, 0x62, 0xA3, 0xE7, 0x62, 0xA3, 0xE7, 
        0x62, 0xA3, 0xE7, 0x62, 0xA3, 0xE7, 0x62, 0xA3, 0xE7, 0x62, 0xA3, 0xE7, 0x62, 0xA3, 0xE7, 0x62, 0xA3, 0xE7, 0x62, 0xA3, 0xE7, 0x62, 0xA3, 0xE7, 0x62, 0xA3, 0xE7, 0x62, 0xA3, 0xE7, 0x62, 0xA3, 0xE7, 0x62, 0xA3, 0xE7, 0x62, 0xA3, 0xE7, 
        0x62, 0xA3, 0xE7, 0x62, 0xA3, 0xE7, 0x62, 0xA3, 0xE7, 0x62, 0xA3, 0xE7, 0x62, 0xA3, 0xE7, 0x62, 0xA3, 0xE7, 0x62, 0xA3, 0xE7, 0x62, 0xA3, 0xE7, 0x62, 0xA3, 0xE7, 0x62, 0xA3, 0xE7, 0x62, 0xA3, 0xE7, 0x62, 0xA3, 0xE7, 0x62, 0xA3, 0xE7, 
        0x62, 0xA3, 0xE7, 0x62, 0xA3, 0xE7, 0x62, 0xA3, 0xE7, 0x62, 0xA3, 0xE7, 0x62, 0xA3, 0xE7, 0x62, 0xA3, 0xE7, 0x62, 0xA3, 0xE7, 0x62, 0xA3, 0xE7, 0x62, 0xA3, 0xE7, 0x62, 0xA3, 0xE7, 0x62, 0xA3, 0xE7, 0x62, 0xA3, 0xE7, 0x62, 0xA3, 0xE7, 
        0x62, 0xA3, 0xE7, 0x62, 0xA3, 0xE7, 0x62, 0xA3, 0xE7, 0x62, 0xA3, 0xE7, 0x62, 0xA3, 0xE7, 0x62, 0xA3, 0xE7, 0x62, 0xA3, 0xE7, 0x62, 0xA3, 0xE7, 0x62, 0xA3, 0xE7, 0x62, 0xA3, 0xE7, 0x62, 0xA3, 0xE7, 0x62, 0xA3, 0xE7, 0x62, 0xA3, 0xE7, 
        0x62, 0xA3, 0xE7, 0x62, 0xA3, 0xE7, 0x62, 0xA3, 0xE7, 0x62, 0xA3, 0xE7, 0x62, 0xA3, 0xE7, 0x62, 0xA3, 0xE7, 0x62, 0xA3, 0xE7, 0x62, 0xA3, 0xE7, 0x62, 0xA3, 0xE7, 0x62, 0xA3, 0xE7, 0x62, 0xA3, 0xE7, 0x62, 0xA3, 0xE7, 0x62, 0xA3, 0xE7, 
        0x62, 0xA3, 0xE7, 0x62, 0xA3, 0xE7, 0x62, 0xA3, 0xE7, 0x62, 0xA3, 0xE7, 0x62, 0xA3, 0xE7, 0x62, 0xA3, 0xE7, 0x62, 0xA3, 0xE7, 0x62, 0xA3, 0xE7, 0x62, 0xA3, 0xE7, 0x62, 0xA3, 0xE7, 0x62, 0xA3, 0xE7, 0x62, 0xA3, 0xE7, 0x62, 0xA3, 0xE7, 
        0x62, 0xA3, 0xE7, 0x62, 0xA3, 0xE7, 0x62, 0xA3, 0xE7, 0x62, 0xA3, 0xE7, 0x62, 0xA3, 0xE7, 0x62, 0xA3, 0xE7, 0x62, 0xA3, 0xE7, 0x62, 0xA3, 0xE7, 0x62, 0xA3, 0xE7, 0x62, 0xA3, 0xE7, 0x62, 0xA3, 0xE7, 0x62, 0xA3, 0xE7, 0x62, 0xA3, 0xE7, 
        0x62, 0xA3, 0xE7, 0x62, 0xA3, 0xE7, 0x62, 0xA3, 0xE7, 0x62, 0xA3, 0xE7, 0x62, 0xA3, 0xE7, 0x62, 0xA3, 0xE7, 0x62, 0xA3, 0xE7, 0x62, 0xA3, 0xE7, 0x62, 0xA3, 0xE7, 0x62, 0xA3, 0xE7, 0x62, 0xA3, 0xE7, 0x62, 0xA3, 0xE7, 0x62, 0xA3, 0xE7, 
        0x62, 0xA3, 0xE7, 0x62, 0xA3, 0xE7, 0x62, 0xA3, 0xE7, 0x62, 0xA3, 0xE7, 0x62, 0xA3, 0xE7, 0x62, 0xA3, 0xE7, 0x62, 0xA3, 0xE7, 0x62, 0xA3, 0xE7, 0x62, 0xA3, 0xE7, 0x62, 0xA3, 0xE7, 0x62, 0xA3, 0xE7, 0x62, 0xA3, 0xE7, 0x62, 0xA3, 0xE7, 
        0x62, 0xA3, 0xE7, 0x62, 0xA3, 0xE7, 0x62, 0xA3, 0xE7, 0x62, 0xA3, 0xE7, 0x62, 0xA3, 0xE7, 0x62, 0xA3, 0xE7, 0x62, 0xA3, 0xE7, 0x62, 0xA3, 0xE7, 0x62, 0xA3, 0xE7, 0x62, 0xA3, 0xE7, 0x62, 0xA3, 0xE7, 0x62, 0xA3, 0xE7, 0x62, 0xA3, 0xE7, 
        0x62, 0xA3, 0xE7, 0x62, 0xA3, 0xE7, 0x62, 0xA3, 0xE7, 0x62, 0xA3, 0xE7, 0x62, 0xA3, 0xE7, 0x62, 0xA3, 0xE7, 0x62, 0xA3, 0xE7, 0x62, 0xA3, 0xE7, 0x62, 0xA3, 0xE7, 0x62, 0xA3, 0xE7, 0x62, 0xA3, 0xE7, 0x62, 0xA3, 0xE7, 0x62, 0xA3, 0xE7, 
        0x62, 0xA3, 0xE7, 0x62, 0xA3, 0xE7, 0x62, 0xA3, 0xE7, 0x62, 0xA3, 0xE7, 0x62, 0xA3, 0xE7, 0x62, 0xA3, 0xE7, 0x62, 0xA3, 0xE7, 0x62, 0xA3, 0xE7, 0x62, 0xA3, 0xE7, 0x62, 0xA3, 0xE7, 0x62, 0xA3, 0xE7, 0x62, 0xA3, 0xE7, 0x62, 0xA3, 0xE7, 
        0x62, 0xA3, 0xE7, 0x62, 0xA3, 0xE7, 0x62, 0xA3, 0xE7, 0x62, 0xA3, 0xE7, 0x62, 0xA3, 0xE7, 0x62, 0xA3, 0xE7, 0x62, 0xA3, 0xE7, 0x62, 0xA3, 0xE7, 0x62, 0xA3, 0xE7, 0x62, 0xA3, 0xE7, 0x62, 0xA3, 0xE7, 0x62, 0xA3, 0xE7, 0x62, 0xA3, 0xE7, 
        0x62, 0xA3, 0xE7, 0x62, 0xA3, 0xE7, 0x62, 0xA3, 0xE7, 0x62, 0xA3, 0xE7, 0x62, 0xA3, 0xE7, 0x62, 0xA3, 0xE7, 0x62, 0xA3, 0xE7, 0x62, 0xA3, 0xE7, 0x62, 0xA3, 0xE7, 0x62, 0xA3, 0xE7, 0x62, 0xA3, 0xE7, 0x62, 0xA3, 0xE7, 0x62, 0xA3, 0xE7, 
        0x62, 0xA3, 0xE7, 0x62, 0xA3, 0xE7, 0x62, 0xA3, 0xE7, 0x62, 0xA3, 0xE7, 0x62, 0xA3, 0xE7, 0x62, 0xA3, 0xE7, 0x62, 0xA3, 0xE7, 0x62, 0xA3, 0xE7, 0x62, 0xA3, 0xE7, 0x62, 0xA3, 0xE7, 0x62, 0xA3, 0xE7, 0x62, 0xA3, 0xE7, 0x62, 0xA3, 0xE7, 
        0x62, 0xA3, 0xE7, 0x62, 0xA3, 0xE7, 0x62, 0xA3, 0xE7, 0x62, 0xA3, 0xE7, 0x62, 0xA3, 0xE7, 0x62, 0xA3, 0xE7, 0x62, 0xA3, 0xE7, 0x62, 0xA3, 0xE7, 0x62, 0xA3, 0xE7, 0x62, 0xA3, 0xE7, 0x62, 0xA3, 0xE7, 0x62, 0xA3, 0xE7, 0x62, 0xA3, 0xE7, 
        0x62, 0xA3, 0xE7, 0x62, 0xA3, 0xE7, 0x62, 0xA3, 0xE7, 0x62, 0xA3, 0xE7, 0x62, 0xA3, 0xE7, 0x62, 0xA3, 0xE7, 0x62, 0xA3, 0xE7, 0x62, 0xA3, 0xE7, 0x62, 0xA3, 0xE7, 0x62, 0xA3, 0xE7, 0x62, 0xA3, 0xE7, 0x62, 0xA3, 0xE7, 0x62, 0xA3, 0xE7, 
        0x62, 0xA3, 0xE7, 0x62, 0xA3, 0xE7, 0x62, 0xA3, 0xE7, 0x62, 0xA3, 0xE7, 0x62, 0xA3, 0xE7, 0x62, 0xA3, 0xE7, 0x62, 0xA3, 0xE7, 0x62, 0xA3, 0xE7, 0x78, 0xB0, 0xEA, 0xD2, 0xE5, 0xF8, 0xFF, 0xFF, 0xFF, 0xFF, 0xFF, 0xFF, 0xFF, 0xFF, 0xFF, 
        0xFF, 0xFF, 0xFF, 0xFF, 0xFF, 0xFF, 0xFF, 0xFF, 0xFF, 0xFF, 0xFF, 0xFF, 0xFF, 0xFF, 0xFF, 0xFF, 0xFF, 0xFF, 0xFF, 0xFF, 0xFF,
  0x62, 0xA3, 0xE7, 0x62, 0xA3, 0xE7, 0x62, 0xA3, 0xE7, 0x62, 0xA3, 0xE7, 0x62, 0xA3, 0xE7, 0x62, 0xA3, 0xE7, 0x62, 0xA3, 0xE7, 0x62, 0xA3, 0xE7, 0x62, 0xA3, 0xE7, 0x62, 0xA3, 0xE7, 0x62, 0xA3, 0xE7, 0x62, 0xA3, 0xE7, 0x62, 0xA3, 0xE7, 0x62, 0xA3, 0xE7, 
        0x62, 0xA3, 0xE7, 0x62, 0xA3, 0xE7, 0x62, 0xA3, 0xE7, 0x62, 0xA3, 0xE7, 0x62, 0xA3, 0xE7, 0x62, 0xA3, 0xE7, 0x62, 0xA3, 0xE7, 0x62, 0xA3, 0xE7, 0x62, 0xA3, 0xE7, 0x62, 0xA3, 0xE7, 0x62, 0xA3, 0xE7, 0x62, 0xA3, 0xE7, 0x62, 0xA3, 0xE7, 
        0x62, 0xA3, 0xE7, 0x62, 0xA3, 0xE7, 0x62, 0xA3, 0xE7, 0x62, 0xA3, 0xE7, 0x62, 0xA3, 0xE7, 0x62, 0xA3, 0xE7, 0x62, 0xA3, 0xE7, 0x62, 0xA3, 0xE7, 0x62, 0xA3, 0xE7, 0x62, 0xA3, 0xE7, 0x62, 0xA3, 0xE7, 0x62, 0xA3, 0xE7, 0x62, 0xA3, 0xE7, 
        0x62, 0xA3, 0xE7, 0x62, 0xA3, 0xE7, 0x62, 0xA3, 0xE7, 0x62, 0xA3, 0xE7, 0x62, 0xA3, 0xE7, 0x62, 0xA3, 0xE7, 0x62, 0xA3, 0xE7, 0x62, 0xA3, 0xE7, 0x62, 0xA3, 0xE7, 0x62, 0xA3, 0xE7, 0x62, 0xA3, 0xE7, 0x62, 0xA3, 0xE7, 0x62, 0xA3, 0xE7, 
        0x62, 0xA3, 0xE7, 0x62, 0xA3, 0xE7, 0x62, 0xA3, 0xE7, 0x62, 0xA3, 0xE7, 0x62, 0xA3, 0xE7, 0x62, 0xA3, 0xE7, 0x62, 0xA3, 0xE7, 0x62, 0xA3, 0xE7, 0x62, 0xA3, 0xE7, 0x62, 0xA3, 0xE7, 0x62, 0xA3, 0xE7, 0x62, 0xA3, 0xE7, 0x62, 0xA3, 0xE7, 
        0x62, 0xA3, 0xE7, 0x62, 0xA3, 0xE7, 0x62, 0xA3, 0xE7, 0x62, 0xA3, 0xE7, 0x62, 0xA3, 0xE7, 0x62, 0xA3, 0xE7, 0x62, 0xA3, 0xE7, 0x62, 0xA3, 0xE7, 0x62, 0xA3, 0xE7, 0x62, 0xA3, 0xE7, 0x62, 0xA3, 0xE7, 0x62, 0xA3, 0xE7, 0x62, 0xA3, 0xE7, 
        0x62, 0xA3, 0xE7, 0x62, 0xA3, 0xE7, 0x62, 0xA3, 0xE7, 0x62, 0xA3, 0xE7, 0x62, 0xA3, 0xE7, 0x62, 0xA3, 0xE7, 0x62, 0xA3, 0xE7, 0x62, 0xA3, 0xE7, 0x62, 0xA3, 0xE7, 0x62, 0xA3, 0xE7, 0x62, 0xA3, 0xE7, 0x62, 0xA3, 0xE7, 0x62, 0xA3, 0xE7, 
        0x62, 0xA3, 0xE7, 0x62, 0xA3, 0xE7, 0x62, 0xA3, 0xE7, 0x62, 0xA3, 0xE7, 0x62, 0xA3, 0xE7, 0x62, 0xA3, 0xE7, 0x62, 0xA3, 0xE7, 0x62, 0xA3, 0xE7, 0x62, 0xA3, 0xE7, 0x62, 0xA3, 0xE7, 0x62, 0xA3, 0xE7, 0x62, 0xA3, 0xE7, 0x62, 0xA3, 0xE7, 
        0x62, 0xA3, 0xE7, 0x62, 0xA3, 0xE7, 0x62, 0xA3, 0xE7, 0x62, 0xA3, 0xE7, 0x62, 0xA3, 0xE7, 0x62, 0xA3, 0xE7, 0x62, 0xA3, 0xE7, 0x62, 0xA3, 0xE7, 0x62, 0xA3, 0xE7, 0x62, 0xA3, 0xE7, 0x62, 0xA3, 0xE7, 0x62, 0xA3, 0xE7, 0x62, 0xA3, 0xE7, 
        0x62, 0xA3, 0xE7, 0x62, 0xA3, 0xE7, 0x62, 0xA3, 0xE7, 0x62, 0xA3, 0xE7, 0x62, 0xA3, 0xE7, 0x62, 0xA3, 0xE7, 0x62, 0xA3, 0xE7, 0x62, 0xA3, 0xE7, 0x62, 0xA3, 0xE7, 0x62, 0xA3, 0xE7, 0x62, 0xA3, 0xE7, 0x62, 0xA3, 0xE7, 0x62, 0xA3, 0xE7, 
        0x62, 0xA3, 0xE7, 0x62, 0xA3, 0xE7, 0x62, 0xA3, 0xE7, 0x62, 0xA3, 0xE7, 0x62, 0xA3, 0xE7, 0x62, 0xA3, 0xE7, 0x62, 0xA3, 0xE7, 0x62, 0xA3, 0xE7, 0x62, 0xA3, 0xE7, 0x62, 0xA3, 0xE7, 0x62, 0xA3, 0xE7, 0x62, 0xA3, 0xE7, 0x62, 0xA3, 0xE7, 
        0x62, 0xA3, 0xE7, 0x62, 0xA3, 0xE7, 0x62, 0xA3, 0xE7, 0x62, 0xA3, 0xE7, 0x62, 0xA3, 0xE7, 0x62, 0xA3, 0xE7, 0x62, 0xA3, 0xE7, 0x62, 0xA3, 0xE7, 0x62, 0xA3, 0xE7, 0x62, 0xA3, 0xE7, 0x62, 0xA3, 0xE7, 0x62, 0xA3, 0xE7, 0x62, 0xA3, 0xE7, 
        0x62, 0xA3, 0xE7, 0x62, 0xA3, 0xE7, 0x62, 0xA3, 0xE7, 0x62, 0xA3, 0xE7, 0x62, 0xA3, 0xE7, 0x62, 0xA3, 0xE7, 0x62, 0xA3, 0xE7, 0x62, 0xA3, 0xE7, 0x62, 0xA3, 0xE7, 0x62, 0xA3, 0xE7, 0x62, 0xA3, 0xE7, 0x62, 0xA3, 0xE7, 0x62, 0xA3, 0xE7, 
        0x62, 0xA3, 0xE7, 0x62, 0xA3, 0xE7, 0x62, 0xA3, 0xE7, 0x62, 0xA3, 0xE7, 0x62, 0xA3, 0xE7, 0x62, 0xA3, 0xE7, 0x62, 0xA3, 0xE7, 0x62, 0xA3, 0xE7, 0x62, 0xA3, 0xE7, 0x62, 0xA3, 0xE7, 0x62, 0xA3, 0xE7, 0x62, 0xA3, 0xE7, 0x62, 0xA3, 0xE7, 
        0x62, 0xA3, 0xE7, 0x62, 0xA3, 0xE7, 0x62, 0xA3, 0xE7, 0x62, 0xA3, 0xE7, 0x62, 0xA3, 0xE7, 0x62, 0xA3, 0xE7, 0x62, 0xA3, 0xE7, 0x62, 0xA3, 0xE7, 0x62, 0xA3, 0xE7, 0x62, 0xA3, 0xE7, 0x62, 0xA3, 0xE7, 0x62, 0xA3, 0xE7, 0x62, 0xA3, 0xE7, 
        0x62, 0xA3, 0xE7, 0x62, 0xA3, 0xE7, 0x62, 0xA3, 0xE7, 0x62, 0xA3, 0xE7, 0x62, 0xA3, 0xE7, 0x62, 0xA3, 0xE7, 0x62, 0xA3, 0xE7, 0x62, 0xA3, 0xE7, 0x62, 0xA3, 0xE7, 0x62, 0xA3, 0xE7, 0x62, 0xA3, 0xE7, 0x62, 0xA3, 0xE7, 0x62, 0xA3, 0xE7, 
        0x62, 0xA3, 0xE7, 0x62, 0xA3, 0xE7, 0x62, 0xA3, 0xE7, 0x62, 0xA3, 0xE7, 0x62, 0xA3, 0xE7, 0x62, 0xA3, 0xE7, 0x62, 0xA3, 0xE7, 0x62, 0xA3, 0xE7, 0x62, 0xA3, 0xE7, 0x62, 0xA3, 0xE7, 0x62, 0xA3, 0xE7, 0x62, 0xA3, 0xE7, 0x62, 0xA3, 0xE7, 
        0x62, 0xA3, 0xE7, 0x62, 0xA3, 0xE7, 0x62, 0xA3, 0xE7, 0x62, 0xA3, 0xE7, 0x62, 0xA3, 0xE7, 0x62, 0xA3, 0xE7, 0x62, 0xA3, 0xE7, 0x62, 0xA3, 0xE7, 0x62, 0xA3, 0xE7, 0x62, 0xA3, 0xE7, 0x62, 0xA3, 0xE7, 0x62, 0xA3, 0xE7, 0x62, 0xA3, 0xE7, 
        0x62, 0xA3, 0xE7, 0x62, 0xA3, 0xE7, 0x62, 0xA3, 0xE7, 0x62, 0xA3, 0xE7, 0x62, 0xA3, 0xE7, 0x62, 0xA3, 0xE7, 0x62, 0xA3, 0xE7, 0x62, 0xA3, 0xE7, 0x62, 0xA3, 0xE7, 0x62, 0xA3, 0xE7, 0x62, 0xA3, 0xE7, 0x62, 0xA3, 0xE7, 0x62, 0xA3, 0xE7, 
        0x62, 0xA3, 0xE7, 0x62, 0xA3, 0xE7, 0x62, 0xA3, 0xE7, 0x62, 0xA3, 0xE7, 0x62, 0xA3, 0xE7, 0x62, 0xA3, 0xE7, 0x62, 0xA3, 0xE7, 0x62, 0xA3, 0xE7, 0x62, 0xA3, 0xE7, 0x62, 0xA3, 0xE7, 0x62, 0xA3, 0xE7, 0x62, 0xA3, 0xE7, 0x62, 0xA3, 0xE7, 
        0x62, 0xA3, 0xE7, 0x62, 0xA3, 0xE7, 0x62, 0xA3, 0xE7, 0x62, 0xA3, 0xE7, 0x62, 0xA3, 0xE7, 0x62, 0xA3, 0xE7, 0x62, 0xA3, 0xE7, 0x62, 0xA3, 0xE7, 0x62, 0xA3, 0xE7, 0x62, 0xA3, 0xE7, 0x62, 0xA3, 0xE7, 0x62, 0xA3, 0xE7, 0x62, 0xA3, 0xE7, 
        0x62, 0xA3, 0xE7, 0x62, 0xA3, 0xE7, 0x62, 0xA3, 0xE7, 0x62, 0xA3, 0xE7, 0x62, 0xA3, 0xE7, 0x62, 0xA3, 0xE7, 0x62, 0xA3, 0xE7, 0x62, 0xA3, 0xE7, 0x62, 0xA3, 0xE7, 0x62, 0xA3, 0xE7, 0x62, 0xA3, 0xE7, 0x62, 0xA3, 0xE7, 0x62, 0xA3, 0xE7, 
        0x62, 0xA3, 0xE7, 0x62, 0xA3, 0xE7, 0x62, 0xA3, 0xE7, 0x62, 0xA3, 0xE7, 0x62, 0xA3, 0xE7, 0x62, 0xA3, 0xE7, 0x62, 0xA3, 0xE7, 0x62, 0xA3, 0xE7, 0x62, 0xA3, 0xE7, 0x62, 0xA3, 0xE7, 0x62, 0xA3, 0xE7, 0x62, 0xA3, 0xE7, 0x62, 0xA3, 0xE7, 
        0x62, 0xA3, 0xE7, 0x62, 0xA3, 0xE7, 0x62, 0xA3, 0xE7, 0x62, 0xA3, 0xE7, 0x62, 0xA3, 0xE7, 0x62, 0xA3, 0xE7, 0x71, 0xAC, 0xE9, 0xB9, 0xD6, 0xF4, 0xF9, 0xFC, 0xFE, 0xFF, 0xFF, 0xFF, 0xFF, 0xFF, 0xFF, 0xFF, 0xFF, 0xFF, 0xFF, 0xFF, 0xFF, 
        0xFF, 0xFF, 0xFF, 0xFF, 0xFF, 0xFF, 0xFF, 0xFF, 0xFF, 0xFF, 0xFF, 0xFF, 0xFF, 0xFF, 0xFF, 0xFF, 0xFF, 0xFF, 0xFF, 0xFF, 0xFF,
  0x62, 0xA3, 0xE7, 0x62, 0xA3, 0xE7, 0x62, 0xA3, 0xE7, 0x62, 0xA3, 0xE7, 0x62, 0xA3, 0xE7, 0x62, 0xA3, 0xE7, 0x62, 0xA3, 0xE7, 0x62, 0xA3, 0xE7, 0x62, 0xA3, 0xE7, 0x62, 0xA3, 0xE7, 0x62, 0xA3, 0xE7, 0x62, 0xA3, 0xE7, 0x62, 0xA3, 0xE7, 0x62, 0xA3, 0xE7, 
        0x62, 0xA3, 0xE7, 0x62, 0xA3, 0xE7, 0x62, 0xA3, 0xE7, 0x62, 0xA3, 0xE7, 0x62, 0xA3, 0xE7, 0x62, 0xA3, 0xE7, 0x62, 0xA3, 0xE7, 0x62, 0xA3, 0xE7, 0x62, 0xA3, 0xE7, 0x62, 0xA3, 0xE7, 0x62, 0xA3, 0xE7, 0x62, 0xA3, 0xE7, 0x62, 0xA3, 0xE7, 
        0x62, 0xA3, 0xE7, 0x62, 0xA3, 0xE7, 0x62, 0xA3, 0xE7, 0x62, 0xA3, 0xE7, 0x62, 0xA3, 0xE7, 0x62, 0xA3, 0xE7, 0x62, 0xA3, 0xE7, 0x62, 0xA3, 0xE7, 0x62, 0xA3, 0xE7, 0x62, 0xA3, 0xE7, 0x62, 0xA3, 0xE7, 0x62, 0xA3, 0xE7, 0x62, 0xA3, 0xE7, 
        0x62, 0xA3, 0xE7, 0x62, 0xA3, 0xE7, 0x62, 0xA3, 0xE7, 0x62, 0xA3, 0xE7, 0x62, 0xA3, 0xE7, 0x62, 0xA3, 0xE7, 0x62, 0xA3, 0xE7, 0x62, 0xA3, 0xE7, 0x62, 0xA3, 0xE7, 0x62, 0xA3, 0xE7, 0x62, 0xA3, 0xE7, 0x62, 0xA3, 0xE7, 0x62, 0xA3, 0xE7, 
        0x62, 0xA3, 0xE7, 0x62, 0xA3, 0xE7, 0x62, 0xA3, 0xE7, 0x62, 0xA3, 0xE7, 0x62, 0xA3, 0xE7, 0x62, 0xA3, 0xE7, 0x62, 0xA3, 0xE7, 0x62, 0xA3, 0xE7, 0x62, 0xA3, 0xE7, 0x62, 0xA3, 0xE7, 0x62, 0xA3, 0xE7, 0x62, 0xA3, 0xE7, 0x62, 0xA3, 0xE7, 
        0x62, 0xA3, 0xE7, 0x62, 0xA3, 0xE7, 0x62, 0xA3, 0xE7, 0x62, 0xA3, 0xE7, 0x62, 0xA3, 0xE7, 0x62, 0xA3, 0xE7, 0x62, 0xA3, 0xE7, 0x62, 0xA3, 0xE7, 0x62, 0xA3, 0xE7, 0x62, 0xA3, 0xE7, 0x62, 0xA3, 0xE7, 0x62, 0xA3, 0xE7, 0x62, 0xA3, 0xE7, 
        0x62, 0xA3, 0xE7, 0x62, 0xA3, 0xE7, 0x62, 0xA3, 0xE7, 0x62, 0xA3, 0xE7, 0x62, 0xA3, 0xE7, 0x62, 0xA3, 0xE7, 0x62, 0xA3, 0xE7, 0x62, 0xA3, 0xE7, 0x62, 0xA3, 0xE7, 0x62, 0xA3, 0xE7, 0x62, 0xA3, 0xE7, 0x62, 0xA3, 0xE7, 0x62, 0xA3, 0xE7, 
        0x62, 0xA3, 0xE7, 0x62, 0xA3, 0xE7, 0x62, 0xA3, 0xE7, 0x62, 0xA3, 0xE7, 0x62, 0xA3, 0xE7, 0x62, 0xA3, 0xE7, 0x62, 0xA3, 0xE7, 0x62, 0xA3, 0xE7, 0x62, 0xA3, 0xE7, 0x62, 0xA3, 0xE7, 0x62, 0xA3, 0xE7, 0x62, 0xA3, 0xE7, 0x62, 0xA3, 0xE7, 
        0x62, 0xA3, 0xE7, 0x62, 0xA3, 0xE7, 0x62, 0xA3, 0xE7, 0x62, 0xA3, 0xE7, 0x62, 0xA3, 0xE7, 0x62, 0xA3, 0xE7, 0x62, 0xA3, 0xE7, 0x62, 0xA3, 0xE7, 0x62, 0xA3, 0xE7, 0x62, 0xA3, 0xE7, 0x62, 0xA3, 0xE7, 0x62, 0xA3, 0xE7, 0x62, 0xA3, 0xE7, 
        0x62, 0xA3, 0xE7, 0x62, 0xA3, 0xE7, 0x62, 0xA3, 0xE7, 0x62, 0xA3, 0xE7, 0x62, 0xA3, 0xE7, 0x62, 0xA3, 0xE7, 0x62, 0xA3, 0xE7, 0x62, 0xA3, 0xE7, 0x62, 0xA3, 0xE7, 0x62, 0xA3, 0xE7, 0x62, 0xA3, 0xE7, 0x62, 0xA3, 0xE7, 0x62, 0xA3, 0xE7, 
        0x62, 0xA3, 0xE7, 0x62, 0xA3, 0xE7, 0x62, 0xA3, 0xE7, 0x62, 0xA3, 0xE7, 0x62, 0xA3, 0xE7, 0x62, 0xA3, 0xE7, 0x62, 0xA3, 0xE7, 0x62, 0xA3, 0xE7, 0x62, 0xA3, 0xE7, 0x62, 0xA3, 0xE7, 0x62, 0xA3, 0xE7, 0x62, 0xA3, 0xE7, 0x62, 0xA3, 0xE7, 
        0x62, 0xA3, 0xE7, 0x62, 0xA3, 0xE7, 0x62, 0xA3, 0xE7, 0x62, 0xA3, 0xE7, 0x62, 0xA3, 0xE7, 0x62, 0xA3, 0xE7, 0x62, 0xA3, 0xE7, 0x62, 0xA3, 0xE7, 0x62, 0xA3, 0xE7, 0x62, 0xA3, 0xE7, 0x62, 0xA3, 0xE7, 0x62, 0xA3, 0xE7, 0x62, 0xA3, 0xE7, 
        0x62, 0xA3, 0xE7, 0x62, 0xA3, 0xE7, 0x62, 0xA3, 0xE7, 0x62, 0xA3, 0xE7, 0x62, 0xA3, 0xE7, 0x62, 0xA3, 0xE7, 0x62, 0xA3, 0xE7, 0x62, 0xA3, 0xE7, 0x62, 0xA3, 0xE7, 0x62, 0xA3, 0xE7, 0x62, 0xA3, 0xE7, 0x62, 0xA3, 0xE7, 0x62, 0xA3, 0xE7, 
        0x62, 0xA3, 0xE7, 0x62, 0xA3, 0xE7, 0x62, 0xA3, 0xE7, 0x62, 0xA3, 0xE7, 0x62, 0xA3, 0xE7, 0x62, 0xA3, 0xE7, 0x62, 0xA3, 0xE7, 0x62, 0xA3, 0xE7, 0x62, 0xA3, 0xE7, 0x62, 0xA3, 0xE7, 0x62, 0xA3, 0xE7, 0x62, 0xA3, 0xE7, 0x62, 0xA3, 0xE7, 
        0x62, 0xA3, 0xE7, 0x62, 0xA3, 0xE7, 0x62, 0xA3, 0xE7, 0x62, 0xA3, 0xE7, 0x62, 0xA3, 0xE7, 0x62, 0xA3, 0xE7, 0x62, 0xA3, 0xE7, 0x62, 0xA3, 0xE7, 0x62, 0xA3, 0xE7, 0x62, 0xA3, 0xE7, 0x62, 0xA3, 0xE7, 0x62, 0xA3, 0xE7, 0x62, 0xA3, 0xE7, 
        0x62, 0xA3, 0xE7, 0x62, 0xA3, 0xE7, 0x62, 0xA3, 0xE7, 0x62, 0xA3, 0xE7, 0x62, 0xA3, 0xE7, 0x62, 0xA3, 0xE7, 0x62, 0xA3, 0xE7, 0x62, 0xA3, 0xE7, 0x62, 0xA3, 0xE7, 0x62, 0xA3, 0xE7, 0x62, 0xA3, 0xE7, 0x62, 0xA3, 0xE7, 0x62, 0xA3, 0xE7, 
        0x62, 0xA3, 0xE7, 0x62, 0xA3, 0xE7, 0x62, 0xA3, 0xE7, 0x62, 0xA3, 0xE7, 0x62, 0xA3, 0xE7, 0x62, 0xA3, 0xE7, 0x62, 0xA3, 0xE7, 0x62, 0xA3, 0xE7, 0x62, 0xA3, 0xE7, 0x62, 0xA3, 0xE7, 0x62, 0xA3, 0xE7, 0x62, 0xA3, 0xE7, 0x62, 0xA3, 0xE7, 
        0x62, 0xA3, 0xE7, 0x62, 0xA3, 0xE7, 0x62, 0xA3, 0xE7, 0x62, 0xA3, 0xE7, 0x62, 0xA3, 0xE7, 0x62, 0xA3, 0xE7, 0x62, 0xA3, 0xE7, 0x62, 0xA3, 0xE7, 0x62, 0xA3, 0xE7, 0x62, 0xA3, 0xE7, 0x62, 0xA3, 0xE7, 0x62, 0xA3, 0xE7, 0x62, 0xA3, 0xE7, 
        0x62, 0xA3, 0xE7, 0x62, 0xA3, 0xE7, 0x62, 0xA3, 0xE7, 0x62, 0xA3, 0xE7, 0x62, 0xA3, 0xE7, 0x62, 0xA3, 0xE7, 0x62, 0xA3, 0xE7, 0x62, 0xA3, 0xE7, 0x62, 0xA3, 0xE7, 0x62, 0xA3, 0xE7, 0x62, 0xA3, 0xE7, 0x62, 0xA3, 0xE7, 0x62, 0xA3, 0xE7, 
        0x62, 0xA3, 0xE7, 0x62, 0xA3, 0xE7, 0x62, 0xA3, 0xE7, 0x62, 0xA3, 0xE7, 0x62, 0xA3, 0xE7, 0x62, 0xA3, 0xE7, 0x62, 0xA3, 0xE7, 0x62, 0xA3, 0xE7, 0x62, 0xA3, 0xE7, 0x62, 0xA3, 0xE7, 0x62, 0xA3, 0xE7, 0x62, 0xA3, 0xE7, 0x62, 0xA3, 0xE7, 
        0x62, 0xA3, 0xE7, 0x62, 0xA3, 0xE7, 0x62, 0xA3, 0xE7, 0x62, 0xA3, 0xE7, 0x62, 0xA3, 0xE7, 0x62, 0xA3, 0xE7, 0x62, 0xA3, 0xE7, 0x62, 0xA3, 0xE7, 0x62, 0xA3, 0xE7, 0x62, 0xA3, 0xE7, 0x62, 0xA3, 0xE7, 0x62, 0xA3, 0xE7, 0x62, 0xA3, 0xE7, 
        0x62, 0xA3, 0xE7, 0x62, 0xA3, 0xE7, 0x62, 0xA3, 0xE7, 0x62, 0xA3, 0xE7, 0x62, 0xA3, 0xE7, 0x62, 0xA3, 0xE7, 0x62, 0xA3, 0xE7, 0x62, 0xA3, 0xE7, 0x62, 0xA3, 0xE7, 0x62, 0xA3, 0xE7, 0x62, 0xA3, 0xE7, 0x62, 0xA3, 0xE7, 0x62, 0xA3, 0xE7, 
        0x62, 0xA3, 0xE7, 0x62, 0xA3, 0xE7, 0x62, 0xA3, 0xE7, 0x62, 0xA3, 0xE7, 0x62, 0xA3, 0xE7, 0x62, 0xA3, 0xE7, 0x62, 0xA3, 0xE7, 0x62, 0xA3, 0xE7, 0x62, 0xA3, 0xE7, 0x62, 0xA3, 0xE7, 0x62, 0xA3, 0xE7, 0x62, 0xA3, 0xE7, 0x62, 0xA3, 0xE7, 
        0x62, 0xA3, 0xE7, 0x62, 0xA3, 0xE7, 0x62, 0xA3, 0xE7, 0x64, 0xA4, 0xE7, 0x8C, 0xBC, 0xED, 0xC7, 0xDE, 0xF6, 0xFB, 0xFC, 0xFE, 0xFF, 0xFF, 0xFF, 0xFF, 0xFF, 0xFF, 0xFF, 0xFF, 0xFF, 0xFF, 0xFF, 0xFF, 0xFF, 0xFF, 0xFF, 0xFF, 0xFF, 0xFF, 
        0xFF, 0xFF, 0xFF, 0xFF, 0xFF, 0xFF, 0xFF, 0xFF, 0xFF, 0xFF, 0xFF, 0xFF, 0xFF, 0xFF, 0xFF, 0xFF, 0xFF, 0xFF, 0xFF, 0xFF, 0xFF,
  0x62, 0xA3, 0xE7, 0x62, 0xA3, 0xE7, 0x62, 0xA3, 0xE7, 0x62, 0xA3, 0xE7, 0x62, 0xA3, 0xE7, 0x62, 0xA3, 0xE7, 0x62, 0xA3, 0xE7, 0x62, 0xA3, 0xE7, 0x62, 0xA3, 0xE7, 0x62, 0xA3, 0xE7, 0x62, 0xA3, 0xE7, 0x62, 0xA3, 0xE7, 0x62, 0xA3, 0xE7, 0x62, 0xA3, 0xE7, 
        0x62, 0xA3, 0xE7, 0x62, 0xA3, 0xE7, 0x62, 0xA3, 0xE7, 0x62, 0xA3, 0xE7, 0x62, 0xA3, 0xE7, 0x62, 0xA3, 0xE7, 0x62, 0xA3, 0xE7, 0x62, 0xA3, 0xE7, 0x62, 0xA3, 0xE7, 0x62, 0xA3, 0xE7, 0x62, 0xA3, 0xE7, 0x62, 0xA3, 0xE7, 0x62, 0xA3, 0xE7, 
        0x62, 0xA3, 0xE7, 0x62, 0xA3, 0xE7, 0x62, 0xA3, 0xE7, 0x62, 0xA3, 0xE7, 0x62, 0xA3, 0xE7, 0x62, 0xA3, 0xE7, 0x62, 0xA3, 0xE7, 0x62, 0xA3, 0xE7, 0x62, 0xA3, 0xE7, 0x62, 0xA3, 0xE7, 0x62, 0xA3, 0xE7, 0x62, 0xA3, 0xE7, 0x62, 0xA3, 0xE7, 
        0x62, 0xA3, 0xE7, 0x62, 0xA3, 0xE7, 0x62, 0xA3, 0xE7, 0x62, 0xA3, 0xE7, 0x62, 0xA3, 0xE7, 0x62, 0xA3, 0xE7, 0x62, 0xA3, 0xE7, 0x62, 0xA3, 0xE7, 0x62, 0xA3, 0xE7, 0x62, 0xA3, 0xE7, 0x62, 0xA3, 0xE7, 0x62, 0xA3, 0xE7, 0x62, 0xA3, 0xE7, 
        0x62, 0xA3, 0xE7, 0x62, 0xA3, 0xE7, 0x62, 0xA3, 0xE7, 0x62, 0xA3, 0xE7, 0x62, 0xA3, 0xE7, 0x62, 0xA3, 0xE7, 0x62, 0xA3, 0xE7, 0x62, 0xA3, 0xE7, 0x62, 0xA3, 0xE7, 0x62, 0xA3, 0xE7, 0x62, 0xA3, 0xE7, 0x62, 0xA3, 0xE7, 0x62, 0xA3, 0xE7, 
        0x62, 0xA3, 0xE7, 0x62, 0xA3, 0xE7, 0x62, 0xA3, 0xE7, 0x62, 0xA3, 0xE7, 0x62, 0xA3, 0xE7, 0x62, 0xA3, 0xE7, 0x62, 0xA3, 0xE7, 0x62, 0xA3, 0xE7, 0x62, 0xA3, 0xE7, 0x62, 0xA3, 0xE7, 0x62, 0xA3, 0xE7, 0x62, 0xA3, 0xE7, 0x62, 0xA3, 0xE7, 
        0x62, 0xA3, 0xE7, 0x62, 0xA3, 0xE7, 0x62, 0xA3, 0xE7, 0x62, 0xA3, 0xE7, 0x62, 0xA3, 0xE7, 0x62, 0xA3, 0xE7, 0x62, 0xA3, 0xE7, 0x62, 0xA3, 0xE7, 0x62, 0xA3, 0xE7, 0x62, 0xA3, 0xE7, 0x62, 0xA3, 0xE7, 0x62, 0xA3, 0xE7, 0x62, 0xA3, 0xE7, 
        0x62, 0xA3, 0xE7, 0x62, 0xA3, 0xE7, 0x62, 0xA3, 0xE7, 0x62, 0xA3, 0xE7, 0x62, 0xA3, 0xE7, 0x62, 0xA3, 0xE7, 0x62, 0xA3, 0xE7, 0x62, 0xA3, 0xE7, 0x62, 0xA3, 0xE7, 0x62, 0xA3, 0xE7, 0x62, 0xA3, 0xE7, 0x62, 0xA3, 0xE7, 0x62, 0xA3, 0xE7, 
        0x62, 0xA3, 0xE7, 0x62, 0xA3, 0xE7, 0x62, 0xA3, 0xE7, 0x62, 0xA3, 0xE7, 0x62, 0xA3, 0xE7, 0x62, 0xA3, 0xE7, 0x62, 0xA3, 0xE7, 0x62, 0xA3, 0xE7, 0x62, 0xA3, 0xE7, 0x62, 0xA3, 0xE7, 0x62, 0xA3, 0xE7, 0x62, 0xA3, 0xE7, 0x62, 0xA3, 0xE7, 
        0x62, 0xA3, 0xE7, 0x62, 0xA3, 0xE7, 0x62, 0xA3, 0xE7, 0x62, 0xA3, 0xE7, 0x62, 0xA3, 0xE7, 0x62, 0xA3, 0xE7, 0x62, 0xA3, 0xE7, 0x62, 0xA3, 0xE7, 0x62, 0xA3, 0xE7, 0x62, 0xA3, 0xE7, 0x62, 0xA3, 0xE7, 0x62, 0xA3, 0xE7, 0x62, 0xA3, 0xE7, 
        0x62, 0xA3, 0xE7, 0x62, 0xA3, 0xE7, 0x62, 0xA3, 0xE7, 0x62, 0xA3, 0xE7, 0x62, 0xA3, 0xE7, 0x62, 0xA3, 0xE7, 0x62, 0xA3, 0xE7, 0x62, 0xA3, 0xE7, 0x62, 0xA3, 0xE7, 0x62, 0xA3, 0xE7, 0x62, 0xA3, 0xE7, 0x62, 0xA3, 0xE7, 0x62, 0xA3, 0xE7, 
        0x62, 0xA3, 0xE7, 0x62, 0xA3, 0xE7, 0x62, 0xA3, 0xE7, 0x62, 0xA3, 0xE7, 0x62, 0xA3, 0xE7, 0x62, 0xA3, 0xE7, 0x62, 0xA3, 0xE7, 0x62, 0xA3, 0xE7, 0x62, 0xA3, 0xE7, 0x62, 0xA3, 0xE7, 0x62, 0xA3, 0xE7, 0x62, 0xA3, 0xE7, 0x62, 0xA3, 0xE7, 
        0x62, 0xA3, 0xE7, 0x62, 0xA3, 0xE7, 0x62, 0xA3, 0xE7, 0x62, 0xA3, 0xE7, 0x62, 0xA3, 0xE7, 0x62, 0xA3, 0xE7, 0x62, 0xA3, 0xE7, 0x62, 0xA3, 0xE7, 0x62, 0xA3, 0xE7, 0x62, 0xA3, 0xE7, 0x62, 0xA3, 0xE7, 0x62, 0xA3, 0xE7, 0x62, 0xA3, 0xE7, 
        0x62, 0xA3, 0xE7, 0x62, 0xA3, 0xE7, 0x62, 0xA3, 0xE7, 0x62, 0xA3, 0xE7, 0x62, 0xA3, 0xE7, 0x62, 0xA3, 0xE7, 0x62, 0xA3, 0xE7, 0x62, 0xA3, 0xE7, 0x62, 0xA3, 0xE7, 0x62, 0xA3, 0xE7, 0x62, 0xA3, 0xE7, 0x62, 0xA3, 0xE7, 0x62, 0xA3, 0xE7, 
        0x62, 0xA3, 0xE7, 0x62, 0xA3, 0xE7, 0x62, 0xA3, 0xE7, 0x62, 0xA3, 0xE7, 0x62, 0xA3, 0xE7, 0x62, 0xA3, 0xE7, 0x62, 0xA3, 0xE7, 0x62, 0xA3, 0xE7, 0x62, 0xA3, 0xE7, 0x62, 0xA3, 0xE7, 0x62, 0xA3, 0xE7, 0x62, 0xA3, 0xE7, 0x62, 0xA3, 0xE7, 
        0x62, 0xA3, 0xE7, 0x62, 0xA3, 0xE7, 0x62, 0xA3, 0xE7, 0x62, 0xA3, 0xE7, 0x62, 0xA3, 0xE7, 0x62, 0xA3, 0xE7, 0x62, 0xA3, 0xE7, 0x62, 0xA3, 0xE7, 0x62, 0xA3, 0xE7, 0x62, 0xA3, 0xE7, 0x62, 0xA3, 0xE7, 0x62, 0xA3, 0xE7, 0x62, 0xA3, 0xE7, 
        0x62, 0xA3, 0xE7, 0x62, 0xA3, 0xE7, 0x62, 0xA3, 0xE7, 0x62, 0xA3, 0xE7, 0x62, 0xA3, 0xE7, 0x62, 0xA3, 0xE7, 0x62, 0xA3, 0xE7, 0x62, 0xA3, 0xE7, 0x62, 0xA3, 0xE7, 0x62, 0xA3, 0xE7, 0x62, 0xA3, 0xE7, 0x62, 0xA3, 0xE7, 0x62, 0xA3, 0xE7, 
        0x62, 0xA3, 0xE7, 0x62, 0xA3, 0xE7, 0x62, 0xA3, 0xE7, 0x62, 0xA3, 0xE7, 0x62, 0xA3, 0xE7, 0x62, 0xA3, 0xE7, 0x62, 0xA3, 0xE7, 0x62, 0xA3, 0xE7, 0x62, 0xA3, 0xE7, 0x62, 0xA3, 0xE7, 0x62, 0xA3, 0xE7, 0x62, 0xA3, 0xE7, 0x62, 0xA3, 0xE7, 
        0x62, 0xA3, 0xE7, 0x62, 0xA3, 0xE7, 0x62, 0xA3, 0xE7, 0x62, 0xA3, 0xE7, 0x62, 0xA3, 0xE7, 0x62, 0xA3, 0xE7, 0x62, 0xA3, 0xE7, 0x62, 0xA3, 0xE7, 0x62, 0xA3, 0xE7, 0x62, 0xA3, 0xE7, 0x62, 0xA3, 0xE7, 0x62, 0xA3, 0xE7, 0x62, 0xA3, 0xE7, 
        0x62, 0xA3, 0xE7, 0x62, 0xA3, 0xE7, 0x62, 0xA3, 0xE7, 0x62, 0xA3, 0xE7, 0x62, 0xA3, 0xE7, 0x62, 0xA3, 0xE7, 0x62, 0xA3, 0xE7, 0x62, 0xA3, 0xE7, 0x62, 0xA3, 0xE7, 0x62, 0xA3, 0xE7, 0x62, 0xA3, 0xE7, 0x62, 0xA3, 0xE7, 0x62, 0xA3, 0xE7, 
        0x62, 0xA3, 0xE7, 0x62, 0xA3, 0xE7, 0x62, 0xA3, 0xE7, 0x62, 0xA3, 0xE7, 0x62, 0xA3, 0xE7, 0x62, 0xA3, 0xE7, 0x62, 0xA3, 0xE7, 0x62, 0xA3, 0xE7, 0x62, 0xA3, 0xE7, 0x62, 0xA3, 0xE7, 0x62, 0xA3, 0xE7, 0x62, 0xA3, 0xE7, 0x62, 0xA3, 0xE7, 
        0x62, 0xA3, 0xE7, 0x62, 0xA3, 0xE7, 0x62, 0xA3, 0xE7, 0x62, 0xA3, 0xE7, 0x62, 0xA3, 0xE7, 0x62, 0xA3, 0xE7, 0x62, 0xA3, 0xE7, 0x62, 0xA3, 0xE7, 0x62, 0xA3, 0xE7, 0x62, 0xA3, 0xE7, 0x62, 0xA3, 0xE7, 0x62, 0xA3, 0xE7, 0x62, 0xA3, 0xE7, 
        0x62, 0xA3, 0xE7, 0x62, 0xA3, 0xE7, 0x62, 0xA3, 0xE7, 0x62, 0xA3, 0xE7, 0x62, 0xA3, 0xE7, 0x62, 0xA3, 0xE7, 0x62, 0xA3, 0xE7, 0x62, 0xA3, 0xE7, 0x62, 0xA3, 0xE7, 0x62, 0xA3, 0xE7, 0x65, 0xA5, 0xE7, 0x6C, 0xA9, 0xE9, 0x7B, 0xB1, 0xEB, 
        0x90, 0xBE, 0xEE, 0xA9, 0xCD, 0xF2, 0xCE, 0xE2, 0xF7, 0xF5, 0xF9, 0xFD, 0xFF, 0xFF, 0xFF, 0xFF, 0xFF, 0xFF, 0xFF, 0xFF, 0xFF, 0xFF, 0xFF, 0xFF, 0xFF, 0xFF, 0xFF, 0xFF, 0xFF, 0xFF, 0xFF, 0xFF, 0xFF, 0xFF, 0xFF, 0xFF, 0xFF, 0xFF, 0xFF, 
        0xFF, 0xFF, 0xFF, 0xFF, 0xFF, 0xFF, 0xFF, 0xFF, 0xFF, 0xFF, 0xFF, 0xFF, 0xFF, 0xFF, 0xFF, 0xFF, 0xFF, 0xFF, 0xFF, 0xFF, 0xFF
};

GUI_CONST_STORAGE GUI_BITMAP bmMenuRight_320_46 = {
  320, // xSize
  46, // ySize
  960, // BytesPerLine
  24, // BitsPerPixel
  (unsigned char *)_acMenuRight_320_46,  // Pointer to picture data
  NULL,  // Pointer to palette
  GUI_DRAW_BMP24
};

/*************************** End of file ****************************/
