/*********************************************************************
*                SEGGER Microcontroller GmbH & Co. KG                *
*        Solutions for real time microcontroller applications        *
*                           www.segger.com                           *
**********************************************************************
*                                                                    *
* C-file generated by                                                *
*                                                                    *
*        Bitmap Converter for emWin V5.24.                           *
*        Compiled Jan 27 2014, 11:27:47                              *
*        (c) 1998 - 2013 Segger Microcontroller GmbH && Co. KG       *
*                                                                    *
**********************************************************************
*                                                                    *
* Source file: ShortCut                                              *
* Dimensions:  80 * 102                                              *
* NumColors:   24bpp: 16777216                                       *
*                                                                    *
**********************************************************************
*/

#include <stdlib.h>

#include "GUI.h"

#ifndef GUI_CONST_STORAGE
  #define GUI_CONST_STORAGE const
#endif

extern GUI_CONST_STORAGE GUI_BITMAP bmShortCut;

static GUI_CONST_STORAGE unsigned char _acShortCut[] = {
  0xFF, 0xFF, 0xFF, 0xFF, 0xFF, 0xFF, 0xFF, 0xFF, 0xFF, 0xFF, 0xFF, 0xFF, 0xFF, 0xFF, 0xFF, 0xFF, 0xFF, 0xFF, 0xFF, 0xFF, 0xFF, 0xFF, 0xFF, 0xFF, 0xFF, 0xFF, 0xFF, 0xFF, 0xFF, 0xFF, 0xFF, 0xFF, 0xFF, 0xFF, 0xFF, 0xFF, 0xFF, 0xFF, 0xFF, 0xFF, 0xFF, 0xFF, 
        0xFF, 0xFF, 0xFF, 0xFF, 0xFF, 0xFF, 0xFF, 0xFF, 0xFF, 0xFF, 0xFF, 0xFF, 0xFF, 0xFF, 0xFF, 0xFF, 0xFF, 0xFF, 0xFF, 0xFF, 0xFF, 0xFF, 0xFF, 0xFF, 0xFF, 0xFF, 0xFF, 0xFF, 0xFF, 0xFF, 0xFF, 0xFF, 0xFF, 0xFF, 0xFF, 0xFF, 0xFF, 0xFF, 0xFF, 
        0xFF, 0xFF, 0xFF, 0xFF, 0xFF, 0xFF, 0xFF, 0xFF, 0xFF, 0xFF, 0xFF, 0xFF, 0xFF, 0xFF, 0xFF, 0xFF, 0xFF, 0xFF, 0xFF, 0xFF, 0xFF, 0xFF, 0xFF, 0xFF, 0xFF, 0xFF, 0xFF, 0xFF, 0xFF, 0xFF, 0xFF, 0xFF, 0xFF, 0xFF, 0xFF, 0xFF, 0xFF, 0xFF, 0xFF, 
        0xFF, 0xFF, 0xFF, 0xFF, 0xFF, 0xFF, 0xFF, 0xFF, 0xFF, 0xFF, 0xFF, 0xFF, 0xFF, 0xFF, 0xFF, 0xFF, 0xFF, 0xFF, 0xFF, 0xFF, 0xFF, 0xFF, 0xFF, 0xFF, 0xFF, 0xFF, 0xFF, 0xFF, 0xFF, 0xFF, 0xFF, 0xFF, 0xFF, 0xFF, 0xFF, 0xFF, 0xFF, 0xFF, 0xFF, 
        0xFF, 0xFF, 0xFF, 0xFF, 0xFF, 0xFF, 0xFF, 0xFF, 0xFF, 0xFF, 0xFF, 0xFF, 0xFF, 0xFF, 0xFF, 0xFF, 0xFF, 0xFF, 0xFF, 0xFF, 0xFF, 0xFF, 0xFF, 0xFF, 0xFF, 0xFF, 0xFF, 0xFF, 0xFF, 0xFF, 0xFF, 0xFF, 0xFF, 0xFF, 0xFF, 0xFF, 0xFF, 0xFF, 0xFF, 
        0xFF, 0xFF, 0xFF, 0xFF, 0xFF, 0xFF, 0xFF, 0xFF, 0xFF, 0xFF, 0xFF, 0xFF, 0xFF, 0xFF, 0xFF, 0xFF, 0xFF, 0xFF, 0xFF, 0xFF, 0xFF, 0xFF, 0xFF, 0xFF, 0xFF, 0xFF, 0xFF, 0xFF, 0xFF, 0xFF, 0xFF, 0xFF, 0xFF, 0xFF, 0xFF, 0xFF, 0xFF, 0xFF, 0xFF, 
        0xFF, 0xFF, 0xFF,
  0xFF, 0xFF, 0xFF, 0xFF, 0xFF, 0xFF, 0xFF, 0xFF, 0xFF, 0xFF, 0xFF, 0xFF, 0xFF, 0xFF, 0xFF, 0xFF, 0xFF, 0xFF, 0xFF, 0xFF, 0xFF, 0xFF, 0xFF, 0xFF, 0xFF, 0xFF, 0xFF, 0xFF, 0xFF, 0xFF, 0xFF, 0xFF, 0xFF, 0xFF, 0xFF, 0xFF, 0xFF, 0xFF, 0xFF, 0xFF, 0xFF, 0xFF, 
        0xFF, 0xFF, 0xFF, 0xFF, 0xFF, 0xFF, 0xFF, 0xFF, 0xFF, 0xFF, 0xFF, 0xFF, 0xFF, 0xFF, 0xFF, 0xFF, 0xFF, 0xFF, 0xFF, 0xFF, 0xFF, 0xFF, 0xFF, 0xFF, 0xFF, 0xFF, 0xFF, 0xFF, 0xFF, 0xFF, 0xFF, 0xFF, 0xFF, 0xFF, 0xFF, 0xFF, 0xFF, 0xFF, 0xFF, 
        0xFF, 0xFF, 0xFF, 0xFF, 0xFF, 0xFF, 0xFF, 0xFF, 0xFF, 0xFF, 0xFF, 0xFF, 0xFF, 0xFF, 0xFF, 0xFF, 0xFF, 0xFF, 0xFF, 0xFF, 0xFF, 0xFF, 0xFF, 0xFF, 0xFF, 0xFF, 0xFF, 0xFF, 0xFF, 0xFF, 0xFF, 0xFF, 0xFF, 0xFF, 0xFF, 0xFF, 0xFF, 0xFF, 0xFF, 
        0xFF, 0xFF, 0xFF, 0xFF, 0xFF, 0xFF, 0xFF, 0xFF, 0xFF, 0xFF, 0xFF, 0xFF, 0xFF, 0xFF, 0xFF, 0xFF, 0xFF, 0xFF, 0xFF, 0xFF, 0xFF, 0xFF, 0xFF, 0xFF, 0xFF, 0xFF, 0xFF, 0xFF, 0xFF, 0xFF, 0xFF, 0xFF, 0xFF, 0xFF, 0xFF, 0xFF, 0xFF, 0xFF, 0xFF, 
        0xFF, 0xFF, 0xFF, 0xFF, 0xFF, 0xFF, 0xFF, 0xFF, 0xFF, 0xFF, 0xFF, 0xFF, 0xFF, 0xFF, 0xFF, 0xFF, 0xFF, 0xFF, 0xFF, 0xFF, 0xFF, 0xFF, 0xFF, 0xFF, 0xFF, 0xFF, 0xFF, 0xFF, 0xFF, 0xFF, 0xFF, 0xFF, 0xFF, 0xFF, 0xFF, 0xFF, 0xFF, 0xFF, 0xFF, 
        0xFF, 0xFF, 0xFF, 0xFF, 0xFF, 0xFF, 0xFF, 0xFF, 0xFF, 0xFF, 0xFF, 0xFF, 0xFF, 0xFF, 0xFF, 0xFF, 0xFF, 0xFF, 0xFF, 0xFF, 0xFF, 0xFF, 0xFF, 0xFF, 0xFF, 0xFF, 0xFF, 0xFF, 0xFF, 0xFF, 0xFF, 0xFF, 0xFF, 0xFF, 0xFF, 0xFF, 0xFF, 0xFF, 0xFF, 
        0xFF, 0xFF, 0xFF,
  0xFF, 0xFF, 0xFF, 0xFF, 0xFF, 0xFF, 0xFF, 0xFF, 0xFF, 0xFF, 0xFF, 0xFF, 0xFF, 0xFF, 0xFF, 0xFF, 0xFF, 0xFF, 0xFF, 0xFF, 0xFF, 0xFF, 0xFF, 0xFF, 0xFF, 0xFF, 0xFF, 0xFF, 0xFF, 0xFF, 0xFF, 0xFF, 0xFF, 0xFF, 0xFF, 0xFF, 0xFF, 0xFF, 0xFF, 0xFF, 0xFF, 0xFF, 
        0xFF, 0xFF, 0xFF, 0xFF, 0xFF, 0xFF, 0xFF, 0xFF, 0xFF, 0xFF, 0xFF, 0xFF, 0xFF, 0xFF, 0xFF, 0xFF, 0xFF, 0xFF, 0xFF, 0xFF, 0xFF, 0xFF, 0xFF, 0xFF, 0xFF, 0xFF, 0xFF, 0xFF, 0xFF, 0xFF, 0xFF, 0xFF, 0xFF, 0xFF, 0xFF, 0xFF, 0xFF, 0xFF, 0xFF, 
        0xFF, 0xFF, 0xFF, 0xFF, 0xFF, 0xFF, 0xFF, 0xFF, 0xFF, 0xFF, 0xFF, 0xFF, 0xFF, 0xFF, 0xFF, 0xFF, 0xFF, 0xFF, 0xFF, 0xFF, 0xFF, 0xFF, 0xFF, 0xFF, 0xFF, 0xFF, 0xFF, 0xFF, 0xFF, 0xFF, 0xFF, 0xFF, 0xFF, 0xFF, 0xFF, 0xFF, 0xFF, 0xFF, 0xFF, 
        0xFF, 0xFF, 0xFF, 0xFF, 0xFF, 0xFF, 0xFF, 0xFF, 0xFF, 0xFF, 0xFF, 0xFF, 0xFF, 0xFF, 0xFF, 0xFF, 0xFF, 0xFF, 0xFF, 0xFF, 0xFF, 0xFF, 0xFF, 0xFF, 0xFF, 0xFF, 0xFF, 0xFF, 0xFF, 0xFF, 0xFF, 0xFF, 0xFF, 0xFF, 0xFF, 0xFF, 0xFF, 0xFF, 0xFF, 
        0xFF, 0xFF, 0xFF, 0xFF, 0xFF, 0xFF, 0xFF, 0xFF, 0xFF, 0xFF, 0xFF, 0xFF, 0xFF, 0xFF, 0xFF, 0xFF, 0xFF, 0xFF, 0xFF, 0xFF, 0xFF, 0xFF, 0xFF, 0xFF, 0xFF, 0xFF, 0xFF, 0xFF, 0xFF, 0xFF, 0xFF, 0xFF, 0xFF, 0xFF, 0xFF, 0xFF, 0xFF, 0xFF, 0xFF, 
        0xFF, 0xFF, 0xFF, 0xFF, 0xFF, 0xFF, 0xFF, 0xFF, 0xFF, 0xFF, 0xFF, 0xFF, 0xFF, 0xFF, 0xFF, 0xFF, 0xFF, 0xFF, 0xFF, 0xFF, 0xFF, 0xFF, 0xFF, 0xFF, 0xFF, 0xFF, 0xFF, 0xFF, 0xFF, 0xFF, 0xFF, 0xFF, 0xFF, 0xFF, 0xFF, 0xFF, 0xFF, 0xFF, 0xFF, 
        0xFF, 0xFF, 0xFF,
  0xFF, 0xFF, 0xFF, 0xFF, 0xFF, 0xFF, 0xFF, 0xFF, 0xFF, 0xFF, 0xFF, 0xFF, 0xFF, 0xFF, 0xFF, 0xFF, 0xFF, 0xFF, 0xFF, 0xFF, 0xFF, 0xFF, 0xFF, 0xFF, 0xFF, 0xFF, 0xFF, 0xFF, 0xFF, 0xFF, 0xFF, 0xFF, 0xFF, 0xFF, 0xFF, 0xFF, 0xFF, 0xFF, 0xFF, 0xFF, 0xFF, 0xFF, 
        0xFF, 0xFF, 0xFF, 0xFF, 0xFF, 0xFF, 0xFF, 0xFF, 0xFF, 0xFF, 0xFF, 0xFF, 0xFF, 0xFF, 0xFF, 0xFF, 0xFF, 0xFF, 0xFF, 0xFF, 0xFF, 0xFF, 0xFF, 0xFF, 0xFF, 0xFF, 0xFF, 0xFF, 0xFF, 0xFF, 0xFF, 0xFF, 0xFF, 0xFF, 0xFF, 0xFF, 0xFF, 0xFF, 0xFF, 
        0xFF, 0xFF, 0xFF, 0xFF, 0xFF, 0xFF, 0xFF, 0xFF, 0xFF, 0xFF, 0xFF, 0xFF, 0xFF, 0xFF, 0xFF, 0xFF, 0xFF, 0xFF, 0xFF, 0xFF, 0xFF, 0xFF, 0xFF, 0xFF, 0xFF, 0xFF, 0xFF, 0xFF, 0xFF, 0xFF, 0xFF, 0xFF, 0xFF, 0xFF, 0xFF, 0xFF, 0xFF, 0xFF, 0xFF, 
        0xFF, 0xFF, 0xFF, 0xFF, 0xFF, 0xFF, 0xFF, 0xFF, 0xFF, 0xFF, 0xFF, 0xFF, 0xFF, 0xFF, 0xFF, 0xFF, 0xFF, 0xFF, 0xFF, 0xFF, 0xFF, 0xFF, 0xFF, 0xFF, 0xFF, 0xFF, 0xFF, 0xFF, 0xFF, 0xFF, 0xFF, 0xFF, 0xFF, 0xFF, 0xFF, 0xFF, 0xFF, 0xFF, 0xFF, 
        0xFF, 0xFF, 0xFF, 0xFF, 0xFF, 0xFF, 0xFF, 0xFF, 0xFF, 0xFF, 0xFF, 0xFF, 0xFF, 0xFF, 0xFF, 0xFF, 0xFF, 0xFF, 0xFF, 0xFF, 0xFF, 0xFF, 0xFF, 0xFF, 0xFF, 0xFF, 0xFF, 0xFF, 0xFF, 0xFF, 0xFF, 0xFF, 0xFF, 0xFF, 0xFF, 0xFF, 0xFF, 0xFF, 0xFF, 
        0xFF, 0xFF, 0xFF, 0xFF, 0xFF, 0xFF, 0xFF, 0xFF, 0xFF, 0xFF, 0xFF, 0xFF, 0xFF, 0xFF, 0xFF, 0xFF, 0xFF, 0xFF, 0xFF, 0xFF, 0xFF, 0xFF, 0xFF, 0xFF, 0xFF, 0xFF, 0xFF, 0xFF, 0xFF, 0xFF, 0xFF, 0xFF, 0xFF, 0xFF, 0xFF, 0xFF, 0xFF, 0xFF, 0xFF, 
        0xFF, 0xFF, 0xFF,
  0xFF, 0xFF, 0xFF, 0xFF, 0xFF, 0xFF, 0xFF, 0xFF, 0xFF, 0xFF, 0xFF, 0xFF, 0xFF, 0xFF, 0xFF, 0xFF, 0xFF, 0xFF, 0xFF, 0xFF, 0xFF, 0xFF, 0xFF, 0xFF, 0xFF, 0xFF, 0xFF, 0xFF, 0xFF, 0xFF, 0xFF, 0xFF, 0xFF, 0xFF, 0xFF, 0xFF, 0xFF, 0xFF, 0xFF, 0xFF, 0xFF, 0xFF, 
        0xFF, 0xFF, 0xFF, 0xFF, 0xFF, 0xFF, 0xFF, 0xFF, 0xFF, 0xFF, 0xFF, 0xFF, 0xFF, 0xFF, 0xFF, 0xFF, 0xFF, 0xFF, 0xFF, 0xFF, 0xFF, 0xFF, 0xFF, 0xFF, 0xFF, 0xFF, 0xFF, 0xFF, 0xFF, 0xFF, 0xFF, 0xFF, 0xFF, 0xFF, 0xFF, 0xFF, 0xFF, 0xFF, 0xFF, 
        0xFF, 0xFF, 0xFF, 0xFF, 0xFF, 0xFF, 0xFF, 0xFF, 0xFF, 0xFF, 0xFF, 0xFF, 0xFF, 0xFF, 0xFF, 0xFF, 0xFF, 0xFF, 0xFF, 0xFF, 0xFF, 0xFF, 0xFF, 0xFF, 0xFF, 0xFF, 0xFF, 0xFF, 0xFF, 0xFF, 0xFF, 0xFF, 0xFF, 0xFF, 0xFF, 0xFF, 0xFF, 0xFF, 0xFF, 
        0xFF, 0xFF, 0xFF, 0xFF, 0xFF, 0xFF, 0xFF, 0xFF, 0xFF, 0xFF, 0xFF, 0xFF, 0xFF, 0xFF, 0xFF, 0xFF, 0xFF, 0xFF, 0xFF, 0xFF, 0xFF, 0xFF, 0xFF, 0xFF, 0xFF, 0xFF, 0xFF, 0xFF, 0xFF, 0xFF, 0xFF, 0xFF, 0xFF, 0xFF, 0xFF, 0xFF, 0xFF, 0xFF, 0xFF, 
        0xFF, 0xFF, 0xFF, 0xFF, 0xFF, 0xFF, 0xFF, 0xFF, 0xFF, 0xFF, 0xFF, 0xFF, 0xFF, 0xFF, 0xFF, 0xFF, 0xFF, 0xFF, 0xFF, 0xFF, 0xFF, 0xFF, 0xFF, 0xFF, 0xFF, 0xFF, 0xFF, 0xFF, 0xFF, 0xFF, 0xFF, 0xFF, 0xFF, 0xFF, 0xFF, 0xFF, 0xFF, 0xFF, 0xFF, 
        0xFF, 0xFF, 0xFF, 0xFF, 0xFF, 0xFF, 0xFF, 0xFF, 0xFF, 0xFF, 0xFF, 0xFF, 0xFF, 0xFF, 0xFF, 0xFF, 0xFF, 0xFF, 0xFF, 0xFF, 0xFF, 0xFF, 0xFF, 0xFF, 0xFF, 0xFF, 0xFF, 0xFF, 0xFF, 0xFF, 0xFF, 0xFF, 0xFF, 0xFF, 0xFF, 0xFF, 0xFF, 0xFF, 0xFF, 
        0xFF, 0xFF, 0xFF,
  0xFF, 0xFF, 0xFF, 0xFF, 0xFF, 0xFF, 0xFF, 0xFF, 0xFF, 0xFF, 0xFF, 0xFF, 0xFF, 0xFF, 0xFF, 0xFF, 0xFF, 0xFF, 0xFF, 0xFF, 0xFF, 0xFF, 0xFF, 0xFF, 0xFF, 0xFF, 0xFF, 0xFF, 0xFF, 0xFF, 0xFF, 0xFF, 0xFF, 0xFF, 0xFF, 0xFF, 0xFF, 0xFF, 0xFF, 0xFF, 0xFF, 0xFF, 
        0xFF, 0xFF, 0xFF, 0xFF, 0xFF, 0xFF, 0xFF, 0xFF, 0xFF, 0xFF, 0xFF, 0xFF, 0xFF, 0xFF, 0xFF, 0xFF, 0xFF, 0xFF, 0xFF, 0xFF, 0xFF, 0xFF, 0xFF, 0xFF, 0xFF, 0xFF, 0xFF, 0xFF, 0xFF, 0xFF, 0xFF, 0xFF, 0xFF, 0xFF, 0xFF, 0xFF, 0xFF, 0xFF, 0xFF, 
        0xFF, 0xFF, 0xFF, 0xFF, 0xFF, 0xFF, 0xFF, 0xFF, 0xFF, 0xFF, 0xFF, 0xFF, 0xFF, 0xFF, 0xFF, 0xFF, 0xFF, 0xFF, 0xFF, 0xFF, 0xFF, 0xFF, 0xFF, 0xFF, 0xFF, 0xFF, 0xFF, 0xFF, 0xFF, 0xFF, 0xFF, 0xFF, 0xFF, 0xFF, 0xFF, 0xFF, 0xFF, 0xFF, 0xFF, 
        0xFF, 0xFF, 0xFF, 0xFF, 0xFF, 0xFF, 0xFF, 0xFF, 0xFF, 0xFF, 0xFF, 0xFF, 0xFF, 0xFF, 0xFF, 0xFF, 0xFF, 0xFF, 0xFF, 0xFF, 0xFF, 0xFF, 0xFF, 0xFF, 0xFF, 0xFF, 0xFF, 0xFF, 0xFF, 0xFF, 0xFF, 0xFF, 0xFF, 0xFF, 0xFF, 0xFF, 0xFF, 0xFF, 0xFF, 
        0xFF, 0xFF, 0xFF, 0xFF, 0xFF, 0xFF, 0xFF, 0xFF, 0xFF, 0xFF, 0xFF, 0xFF, 0xFF, 0xFF, 0xFF, 0xFF, 0xFF, 0xFF, 0xFF, 0xFF, 0xFF, 0xFF, 0xFF, 0xFF, 0xFF, 0xFF, 0xFF, 0xFF, 0xFF, 0xFF, 0xFF, 0xFF, 0xFF, 0xFF, 0xFF, 0xFF, 0xFF, 0xFF, 0xFF, 
        0xFF, 0xFF, 0xFF, 0xFF, 0xFF, 0xFF, 0xFF, 0xFF, 0xFF, 0xFF, 0xFF, 0xFF, 0xFF, 0xFF, 0xFF, 0xFF, 0xFF, 0xFF, 0xFF, 0xFF, 0xFF, 0xFF, 0xFF, 0xFF, 0xFF, 0xFF, 0xFF, 0xFF, 0xFF, 0xFF, 0xFF, 0xFF, 0xFF, 0xFF, 0xFF, 0xFF, 0xFF, 0xFF, 0xFF, 
        0xFF, 0xFF, 0xFF,
  0xFF, 0xFF, 0xFF, 0xFF, 0xFF, 0xFF, 0xFF, 0xFF, 0xFF, 0xFF, 0xFF, 0xFF, 0xFF, 0xFF, 0xFF, 0xFF, 0xFF, 0xFF, 0xFF, 0xFF, 0xFF, 0xFF, 0xFF, 0xFF, 0xFF, 0xFF, 0xFF, 0xFF, 0xFF, 0xFF, 0xFF, 0xFF, 0xFF, 0xFF, 0xFF, 0xFF, 0xFF, 0xFF, 0xFF, 0xFF, 0xFF, 0xFF, 
        0xFF, 0xFF, 0xFF, 0xFF, 0xFF, 0xFF, 0xFF, 0xFF, 0xFF, 0xFF, 0xFF, 0xFF, 0xFF, 0xFF, 0xFF, 0xFF, 0xFF, 0xFF, 0xFF, 0xFF, 0xFF, 0xD6, 0xE7, 0xF9, 0x94, 0xBE, 0xDE, 0x6B, 0xA6, 0xD6, 0xA5, 0xC3, 0xDE, 0xFF, 0xFB, 0xFF, 0xFF, 0xFF, 0xFF, 
        0xFF, 0xFF, 0xFF, 0xFF, 0xFF, 0xFF, 0xFF, 0xFF, 0xFF, 0xFF, 0xFF, 0xFF, 0xFF, 0xFF, 0xFF, 0xFF, 0xFF, 0xFF, 0xFF, 0xFF, 0xFF, 0xFF, 0xFF, 0xFF, 0xFF, 0xFF, 0xFF, 0xFF, 0xFF, 0xFF, 0xFF, 0xFF, 0xFF, 0xFF, 0xFF, 0xFF, 0xFF, 0xFF, 0xFF, 
        0xFF, 0xFF, 0xFF, 0xFF, 0xFF, 0xFF, 0xFF, 0xFF, 0xFF, 0xFF, 0xFF, 0xFF, 0xFF, 0xFF, 0xFF, 0xFF, 0xFF, 0xFF, 0xFF, 0xFF, 0xFF, 0xFF, 0xFF, 0xFF, 0xFF, 0xFF, 0xFF, 0xFF, 0xFF, 0xFF, 0xFF, 0xFF, 0xFF, 0xFF, 0xFF, 0xFF, 0xFF, 0xFF, 0xFF, 
        0xFF, 0xFF, 0xFF, 0xFF, 0xFF, 0xFF, 0xFF, 0xFF, 0xFF, 0xFF, 0xFF, 0xFF, 0xFF, 0xFF, 0xFF, 0xFF, 0xFF, 0xFF, 0xFF, 0xFF, 0xFF, 0xFF, 0xFF, 0xFF, 0xFF, 0xFF, 0xFF, 0xFF, 0xFF, 0xFF, 0xFF, 0xFF, 0xFF, 0xFF, 0xFF, 0xFF, 0xFF, 0xFF, 0xFF, 
        0xFF, 0xFF, 0xFF, 0xFF, 0xFF, 0xFF, 0xFF, 0xFF, 0xFF, 0xFF, 0xFF, 0xFF, 0xFF, 0xFF, 0xFF, 0xFF, 0xFF, 0xFF, 0xFF, 0xFF, 0xFF, 0xFF, 0xFF, 0xFF, 0xFF, 0xFF, 0xFF, 0xFF, 0xFF, 0xFF, 0xFF, 0xFF, 0xFF, 0xFF, 0xFF, 0xFF, 0xFF, 0xFF, 0xFF, 
        0xFF, 0xFF, 0xFF,
  0xFF, 0xFF, 0xFF, 0xFF, 0xFF, 0xFF, 0xFF, 0xFF, 0xFF, 0xFF, 0xFF, 0xFF, 0xFF, 0xFF, 0xFF, 0xFF, 0xFF, 0xFF, 0xFF, 0xFF, 0xFF, 0xFF, 0xFF, 0xFF, 0xFF, 0xFF, 0xFF, 0xFF, 0xFF, 0xFF, 0xFF, 0xFF, 0xFF, 0xFF, 0xFF, 0xFF, 0xFF, 0xFF, 0xFF, 0xFF, 0xFF, 0xFF, 
        0xFF, 0xFF, 0xFF, 0xFF, 0xFF, 0xFF, 0xFF, 0xFF, 0xFF, 0xFF, 0xFF, 0xFF, 0xDE, 0xE7, 0xF9, 0xBD, 0xD7, 0xEF, 0x7B, 0xB2, 0xD6, 0x4A, 0x92, 0xC6, 0x63, 0xA6, 0xCE, 0x52, 0x9E, 0xCE, 0x37, 0x7D, 0xAD, 0xAD, 0xBE, 0xCE, 0xFF, 0xFF, 0xFF, 
        0xFF, 0xFF, 0xFF, 0xFF, 0xFF, 0xFF, 0xFF, 0xFF, 0xFF, 0xFF, 0xFF, 0xFF, 0xFF, 0xFF, 0xFF, 0xFF, 0xFF, 0xFF, 0xFF, 0xFF, 0xFF, 0xFF, 0xFF, 0xFF, 0xFF, 0xFF, 0xFF, 0xFF, 0xFF, 0xFF, 0xFF, 0xFF, 0xFF, 0xFF, 0xFF, 0xFF, 0xFF, 0xFF, 0xFF, 
        0xFF, 0xFF, 0xFF, 0xFF, 0xFF, 0xFF, 0xFF, 0xFF, 0xFF, 0xFF, 0xFF, 0xFF, 0xFF, 0xFF, 0xFF, 0xFF, 0xFF, 0xFF, 0xFF, 0xFF, 0xFF, 0xFF, 0xFF, 0xFF, 0xFF, 0xFF, 0xFF, 0xFF, 0xFF, 0xFF, 0xFF, 0xFF, 0xFF, 0xFF, 0xFF, 0xFF, 0xFF, 0xFF, 0xFF, 
        0xFF, 0xFF, 0xFF, 0xFF, 0xFF, 0xFF, 0xFF, 0xFF, 0xFF, 0xFF, 0xFF, 0xFF, 0xFF, 0xFF, 0xFF, 0xFF, 0xFF, 0xFF, 0xFF, 0xFF, 0xFF, 0xFF, 0xFF, 0xFF, 0xFF, 0xFF, 0xFF, 0xFF, 0xFF, 0xFF, 0xFF, 0xFF, 0xFF, 0xFF, 0xFF, 0xFF, 0xFF, 0xFF, 0xFF, 
        0xFF, 0xFF, 0xFF, 0xFF, 0xFF, 0xFF, 0xFF, 0xFF, 0xFF, 0xFF, 0xFF, 0xFF, 0xFF, 0xFF, 0xFF, 0xFF, 0xFF, 0xFF, 0xFF, 0xFF, 0xFF, 0xFF, 0xFF, 0xFF, 0xFF, 0xFF, 0xFF, 0xFF, 0xFF, 0xFF, 0xFF, 0xFF, 0xFF, 0xFF, 0xFF, 0xFF, 0xFF, 0xFF, 0xFF, 
        0xFF, 0xFF, 0xFF,
  0xFF, 0xFF, 0xFF, 0xFF, 0xFF, 0xFF, 0xFF, 0xFF, 0xFF, 0xFF, 0xFF, 0xFF, 0xFF, 0xFF, 0xFF, 0xFF, 0xFF, 0xFF, 0xFF, 0xFF, 0xFF, 0xFF, 0xFF, 0xFF, 0xFF, 0xFF, 0xFF, 0xFF, 0xFF, 0xFF, 0xFF, 0xFF, 0xFF, 0xFF, 0xFF, 0xFF, 0xFF, 0xFF, 0xFF, 0xFF, 0xFF, 0xFF, 
        0xFF, 0xFF, 0xFF, 0xEF, 0xF3, 0xF8, 0xA5, 0xC3, 0xDE, 0x63, 0x9E, 0xCE, 0x5A, 0x9E, 0xC6, 0x7B, 0xB2, 0xCE, 0x8C, 0xC3, 0xD6, 0xA5, 0xCF, 0xD6, 0xB5, 0xD7, 0xDE, 0x9C, 0xCB, 0xDE, 0x73, 0xAE, 0xD6, 0xA5, 0xCB, 0xE7, 0xFF, 0xFF, 0xFF, 
        0xFF, 0xFF, 0xFF, 0xFF, 0xFF, 0xFF, 0xFF, 0xFF, 0xFF, 0xFF, 0xFF, 0xFF, 0xFF, 0xFF, 0xFF, 0xFF, 0xFF, 0xFF, 0xFF, 0xFF, 0xFF, 0xFF, 0xFF, 0xFF, 0xFF, 0xFF, 0xFF, 0xFF, 0xFF, 0xFF, 0xFF, 0xFF, 0xFF, 0xFF, 0xFF, 0xFF, 0xFF, 0xFF, 0xFF, 
        0xFF, 0xFF, 0xFF, 0xFF, 0xFF, 0xFF, 0xFF, 0xFF, 0xFF, 0xFF, 0xFF, 0xFF, 0xFF, 0xFF, 0xFF, 0xFF, 0xFF, 0xFF, 0xFF, 0xFF, 0xFF, 0xFF, 0xFF, 0xFF, 0xFF, 0xFF, 0xFF, 0xFF, 0xFF, 0xFF, 0xFF, 0xFF, 0xFF, 0xFF, 0xFF, 0xFF, 0xFF, 0xFF, 0xFF, 
        0xFF, 0xFF, 0xFF, 0xFF, 0xFF, 0xFF, 0xFF, 0xFF, 0xFF, 0xFF, 0xFF, 0xFF, 0xFF, 0xFF, 0xFF, 0xFF, 0xFF, 0xFF, 0xFF, 0xFF, 0xFF, 0xFF, 0xFF, 0xFF, 0xFF, 0xFF, 0xFF, 0xFF, 0xFF, 0xFF, 0xFF, 0xFF, 0xFF, 0xFF, 0xFF, 0xFF, 0xFF, 0xFF, 0xFF, 
        0xFF, 0xFF, 0xFF, 0xFF, 0xFF, 0xFF, 0xFF, 0xFF, 0xFF, 0xFF, 0xFF, 0xFF, 0xFF, 0xFF, 0xFF, 0xFF, 0xFF, 0xFF, 0xFF, 0xFF, 0xFF, 0xFF, 0xFF, 0xFF, 0xFF, 0xFF, 0xFF, 0xFF, 0xFF, 0xFF, 0xFF, 0xFF, 0xFF, 0xFF, 0xFF, 0xFF, 0xFF, 0xFF, 0xFF, 
        0xFF, 0xFF, 0xFF,
  0xFF, 0xFF, 0xFF, 0xFF, 0xFF, 0xFF, 0xFF, 0xFF, 0xFF, 0xFF, 0xFF, 0xFF, 0xFF, 0xFF, 0xFF, 0xFF, 0xFF, 0xFF, 0xFF, 0xFF, 0xFF, 0xFF, 0xFF, 0xFF, 0xFF, 0xFF, 0xFF, 0xFF, 0xFF, 0xFF, 0xFF, 0xFF, 0xFF, 0xFF, 0xFF, 0xFF, 0xF9, 0xF8, 0xFF, 0xCE, 0xDF, 0xEF, 
        0x94, 0xBE, 0xD6, 0x5A, 0x9A, 0xC6, 0x52, 0x96, 0xBD, 0x7B, 0xB2, 0xCE, 0x9C, 0xCF, 0xD6, 0xAD, 0xD3, 0xD6, 0xAD, 0xD3, 0xDE, 0xAD, 0xD3, 0xDE, 0xAD, 0xD3, 0xDE, 0xAD, 0xD3, 0xDE, 0xAD, 0xCB, 0xE7, 0xC6, 0xDB, 0xEF, 0xFF, 0xFF, 0xFF, 
        0xFF, 0xFF, 0xFF, 0xFF, 0xFF, 0xFF, 0xFF, 0xFF, 0xFF, 0xFF, 0xFF, 0xFF, 0xFF, 0xFF, 0xFF, 0xFF, 0xFF, 0xFF, 0xFF, 0xFF, 0xFF, 0xFF, 0xFF, 0xFF, 0xFF, 0xFF, 0xFF, 0xFF, 0xFF, 0xFF, 0xFF, 0xFF, 0xFF, 0xFF, 0xFF, 0xFF, 0xFF, 0xFF, 0xFF, 
        0xFF, 0xFF, 0xFF, 0xFF, 0xFF, 0xFF, 0xFF, 0xFF, 0xFF, 0xFF, 0xFF, 0xFF, 0xFF, 0xFF, 0xFF, 0xFF, 0xFF, 0xFF, 0xFF, 0xFF, 0xFF, 0xFF, 0xFF, 0xFF, 0xFF, 0xFF, 0xFF, 0xFF, 0xFF, 0xFF, 0xFF, 0xFF, 0xFF, 0xFF, 0xFF, 0xFF, 0xFF, 0xFF, 0xFF, 
        0xFF, 0xFF, 0xFF, 0xFF, 0xFF, 0xFF, 0xFF, 0xFF, 0xFF, 0xFF, 0xFF, 0xFF, 0xFF, 0xFF, 0xFF, 0xFF, 0xFF, 0xFF, 0xFF, 0xFF, 0xFF, 0xFF, 0xFF, 0xFF, 0xFF, 0xFF, 0xFF, 0xFF, 0xFF, 0xFF, 0xFF, 0xFF, 0xFF, 0xFF, 0xFF, 0xFF, 0xFF, 0xFF, 0xFF, 
        0xFF, 0xFF, 0xFF, 0xFF, 0xFF, 0xFF, 0xFF, 0xFF, 0xFF, 0xFF, 0xFF, 0xFF, 0xFF, 0xFF, 0xFF, 0xFF, 0xFF, 0xFF, 0xFF, 0xFF, 0xFF, 0xFF, 0xFF, 0xFF, 0xFF, 0xFF, 0xFF, 0xFF, 0xFF, 0xFF, 0xFF, 0xFF, 0xFF, 0xFF, 0xFF, 0xFF, 0xFF, 0xFF, 0xFF, 
        0xFF, 0xFF, 0xFF,
  0xFF, 0xFF, 0xFF, 0xFF, 0xFF, 0xFF, 0xFF, 0xFF, 0xFF, 0xFF, 0xFF, 0xFF, 0xFF, 0xFF, 0xFF, 0xFF, 0xFF, 0xFF, 0xFF, 0xFF, 0xFF, 0xFF, 0xFF, 0xFF, 0xFF, 0xFF, 0xFF, 0xFF, 0xFF, 0xFF, 0xCE, 0xDB, 0xE7, 0x73, 0x9E, 0xC6, 0x4A, 0x8A, 0xB5, 0x63, 0xA2, 0xBD, 
        0x7B, 0xB6, 0xCE, 0x8C, 0xC3, 0xCE, 0xA5, 0xCF, 0xD6, 0xAD, 0xD3, 0xD6, 0xA5, 0xCF, 0xD6, 0xA5, 0xCF, 0xD6, 0xA5, 0xCB, 0xD6, 0xA5, 0xCB, 0xD6, 0xA5, 0xCB, 0xD6, 0xA5, 0xCF, 0xDE, 0xA5, 0xC7, 0xE7, 0x9C, 0xC3, 0xDE, 0xFF, 0xFF, 0xFF, 
        0xFF, 0xFF, 0xFF, 0xFF, 0xFF, 0xFF, 0xFF, 0xFF, 0xFF, 0xFF, 0xFF, 0xFF, 0xFF, 0xFF, 0xFF, 0xFF, 0xFF, 0xFF, 0xFF, 0xFF, 0xFF, 0xFF, 0xFF, 0xFF, 0xFF, 0xFF, 0xFF, 0xFF, 0xFF, 0xFF, 0xFF, 0xFF, 0xFF, 0xFF, 0xFB, 0xFF, 0xF9, 0xFB, 0xFF, 
        0xF9, 0xFB, 0xFF, 0xF9, 0xFB, 0xFF, 0xEF, 0xF3, 0xFF, 0xDE, 0xEB, 0xF9, 0xDE, 0xEB, 0xF9, 0xE7, 0xEF, 0xF8, 0xD6, 0xE3, 0xEF, 0xC6, 0xDB, 0xEF, 0xCE, 0xDF, 0xEF, 0xCE, 0xDF, 0xEF, 0xBD, 0xD3, 0xE7, 0xAD, 0xCF, 0xE7, 0xB5, 0xCF, 0xE7, 
        0xB5, 0xCF, 0xE7, 0xA5, 0xC3, 0xDE, 0x9C, 0xBE, 0xDE, 0x9C, 0xBE, 0xDE, 0x9C, 0xBE, 0xDE, 0xA5, 0xC7, 0xDE, 0xB5, 0xD3, 0xE7, 0xD6, 0xE3, 0xF9, 0xFF, 0xFF, 0xFF, 0xFF, 0xFF, 0xFF, 0xFF, 0xFF, 0xFF, 0xFF, 0xFF, 0xFF, 0xFF, 0xFF, 0xFF, 
        0xFF, 0xFF, 0xFF, 0xFF, 0xFF, 0xFF, 0xFF, 0xFF, 0xFF, 0xFF, 0xFF, 0xFF, 0xFF, 0xFF, 0xFF, 0xFF, 0xFF, 0xFF, 0xFF, 0xFF, 0xFF, 0xFF, 0xFF, 0xFF, 0xFF, 0xFF, 0xFF, 0xFF, 0xFF, 0xFF, 0xFF, 0xFF, 0xFF, 0xFF, 0xFF, 0xFF, 0xFF, 0xFF, 0xFF, 
        0xFF, 0xFF, 0xFF,
  0xFF, 0xFF, 0xFF, 0xFF, 0xFF, 0xFF, 0xFF, 0xFF, 0xFF, 0xFF, 0xFF, 0xFF, 0xFF, 0xFF, 0xFF, 0xFF, 0xFF, 0xFF, 0xFF, 0xFF, 0xFF, 0xFF, 0xFF, 0xFF, 0xD6, 0xE3, 0xEF, 0x63, 0x92, 0xB5, 0x37, 0x7D, 0xA5, 0x5A, 0x9E, 0xB5, 0x84, 0xBA, 0xC6, 0x8C, 0xC3, 0xC6, 
        0x8C, 0xC3, 0xC6, 0x8C, 0xC3, 0xC6, 0x8C, 0xBE, 0xC6, 0x8C, 0xBE, 0xCE, 0x8C, 0xBE, 0xCE, 0x8C, 0xBE, 0xCE, 0x8C, 0xBE, 0xCE, 0x8C, 0xBE, 0xCE, 0x84, 0xBA, 0xCE, 0x94, 0xC3, 0xD6, 0x84, 0xB6, 0xD6, 0x63, 0x9E, 0xC6, 0x7B, 0xAA, 0xCE, 
        0x6B, 0xA2, 0xC6, 0x6B, 0xA2, 0xC6, 0x6B, 0xA2, 0xC6, 0x63, 0x9E, 0xC6, 0x52, 0x96, 0xBD, 0x52, 0x96, 0xC6, 0x5A, 0x9A, 0xC6, 0x52, 0x96, 0xBD, 0x41, 0x8E, 0xBD, 0x41, 0x8E, 0xBD, 0x41, 0x8E, 0xBD, 0x39, 0x8A, 0xBD, 0x2F, 0x82, 0xB5, 
        0x27, 0x82, 0xB5, 0x2F, 0x86, 0xB5, 0x39, 0x8A, 0xBD, 0x39, 0x8A, 0xBD, 0x39, 0x8A, 0xBD, 0x41, 0x8E, 0xBD, 0x4A, 0x92, 0xC6, 0x41, 0x92, 0xC6, 0x4A, 0x92, 0xC6, 0x52, 0x9A, 0xC6, 0x5A, 0x9E, 0xC6, 0x5A, 0x9E, 0xC6, 0x5A, 0x9E, 0xC6, 
        0x5A, 0xA2, 0xCE, 0x63, 0xA6, 0xCE, 0x63, 0xAA, 0xCE, 0x63, 0xAA, 0xCE, 0x6B, 0xAA, 0xCE, 0x6B, 0xAA, 0xCE, 0x4A, 0x92, 0xC6, 0x39, 0x86, 0xBD, 0xD6, 0xDF, 0xE7, 0xFF, 0xFF, 0xFF, 0xFF, 0xFF, 0xFF, 0xFF, 0xFF, 0xFF, 0xFF, 0xFF, 0xFF, 
        0xFF, 0xFF, 0xFF, 0xFF, 0xFF, 0xFF, 0xFF, 0xFF, 0xFF, 0xFF, 0xFF, 0xFF, 0xFF, 0xFF, 0xFF, 0xFF, 0xFF, 0xFF, 0xFF, 0xFF, 0xFF, 0xFF, 0xFF, 0xFF, 0xFF, 0xFF, 0xFF, 0xFF, 0xFF, 0xFF, 0xFF, 0xFF, 0xFF, 0xFF, 0xFF, 0xFF, 0xFF, 0xFF, 0xFF, 
        0xFF, 0xFF, 0xFF,
  0xFF, 0xFF, 0xFF, 0xFF, 0xFF, 0xFF, 0xFF, 0xFF, 0xFF, 0xFF, 0xFF, 0xFF, 0xFF, 0xFF, 0xFF, 0xFF, 0xFF, 0xFF, 0xFF, 0xFF, 0xFF, 0xFF, 0xFF, 0xFF, 0x84, 0xAA, 0xC6, 0x6B, 0xAE, 0xBD, 0x6B, 0xB2, 0xB5, 0x6B, 0xB2, 0xB5, 0x73, 0xB2, 0xB5, 0x73, 0xB6, 0xB5, 
        0x73, 0xB2, 0xBD, 0x73, 0xB2, 0xBD, 0x73, 0xB6, 0xBD, 0x73, 0xB6, 0xBD, 0x7B, 0xB6, 0xBD, 0x7B, 0xB6, 0xBD, 0x7B, 0xB6, 0xC6, 0x7B, 0xB6, 0xC6, 0x73, 0xB2, 0xBD, 0x8C, 0xBE, 0xCE, 0x5A, 0x9A, 0xCE, 0x52, 0x9A, 0xBD, 0x6B, 0xAE, 0xB5, 
        0x6B, 0xAE, 0xBD, 0x6B, 0xAE, 0xBD, 0x6B, 0xB2, 0xBD, 0x73, 0xB6, 0xBD, 0x7B, 0xB6, 0xBD, 0x7B, 0xBA, 0xC6, 0x7B, 0xBA, 0xC6, 0x7B, 0xBA, 0xC6, 0x84, 0xBE, 0xC6, 0x84, 0xBE, 0xC6, 0x84, 0xBE, 0xC6, 0x84, 0xBE, 0xC6, 0x8C, 0xC3, 0xC6, 
        0x8C, 0xC3, 0xC6, 0x8C, 0xC3, 0xCE, 0x94, 0xC7, 0xCE, 0x94, 0xC7, 0xCE, 0x94, 0xC7, 0xCE, 0x94, 0xC7, 0xCE, 0x9C, 0xCB, 0xD6, 0x9C, 0xCB, 0xD6, 0x9C, 0xCB, 0xD6, 0x9C, 0xCB, 0xD6, 0xA5, 0xCF, 0xD6, 0xA5, 0xCF, 0xD6, 0xA5, 0xCF, 0xD6, 
        0xA5, 0xCF, 0xD6, 0xA5, 0xCF, 0xD6, 0xA5, 0xD3, 0xDE, 0xAD, 0xD3, 0xDE, 0xAD, 0xD3, 0xDE, 0xAD, 0xD3, 0xDE, 0x9C, 0xCB, 0xDE, 0x73, 0xAA, 0xD6, 0xC6, 0xDB, 0xEF, 0xFF, 0xFF, 0xFF, 0xFF, 0xFF, 0xFF, 0xFF, 0xFF, 0xFF, 0xFF, 0xFF, 0xFF, 
        0xFF, 0xFF, 0xFF, 0xFF, 0xFF, 0xFF, 0xFF, 0xFF, 0xFF, 0xFF, 0xFF, 0xFF, 0xFF, 0xFF, 0xFF, 0xFF, 0xFF, 0xFF, 0xFF, 0xFF, 0xFF, 0xFF, 0xFF, 0xFF, 0xFF, 0xFF, 0xFF, 0xFF, 0xFF, 0xFF, 0xFF, 0xFF, 0xFF, 0xFF, 0xFF, 0xFF, 0xFF, 0xFF, 0xFF, 
        0xFF, 0xFF, 0xFF,
  0xFF, 0xFF, 0xFF, 0xFF, 0xFF, 0xFF, 0xFF, 0xFF, 0xFF, 0xFF, 0xFF, 0xFF, 0xFF, 0xFF, 0xFF, 0xFF, 0xFF, 0xFF, 0xFF, 0xFF, 0xFF, 0xFF, 0xFF, 0xFF, 0x73, 0xAE, 0xC6, 0x73, 0xB2, 0xBD, 0x63, 0xAE, 0xAD, 0x6B, 0xB2, 0xB5, 0x73, 0xB6, 0xB5, 0x73, 0xBA, 0xB5, 
        0x73, 0xBA, 0xB5, 0x73, 0xBA, 0xBD, 0x7B, 0xBA, 0xBD, 0x7B, 0xBA, 0xBD, 0x7B, 0xBA, 0xBD, 0x7B, 0xBA, 0xBD, 0x7B, 0xBA, 0xBD, 0x7B, 0xBA, 0xC6, 0x7B, 0xBA, 0xBD, 0x8C, 0xC3, 0xCE, 0x41, 0x8A, 0xC6, 0x52, 0x9E, 0xBD, 0xA5, 0xD3, 0xCE, 
        0x9C, 0xCF, 0xCE, 0x9C, 0xCF, 0xCE, 0x9C, 0xCF, 0xCE, 0x9C, 0xCF, 0xCE, 0x9C, 0xCF, 0xCE, 0x9C, 0xCF, 0xCE, 0x9C, 0xCF, 0xCE, 0x9C, 0xCF, 0xCE, 0x9C, 0xCF, 0xCE, 0x9C, 0xCF, 0xCE, 0xA5, 0xCF, 0xCE, 0xA5, 0xCF, 0xCE, 0xA5, 0xCF, 0xD6, 
        0xA5, 0xCF, 0xD6, 0x9C, 0xCF, 0xD6, 0x9C, 0xCF, 0xD6, 0x9C, 0xCB, 0xD6, 0x9C, 0xCF, 0xD6, 0x9C, 0xCB, 0xD6, 0xA5, 0xCF, 0xD6, 0xA5, 0xCF, 0xD6, 0xA5, 0xCB, 0xD6, 0xA5, 0xCF, 0xD6, 0xA5, 0xCB, 0xD6, 0xA5, 0xCB, 0xD6, 0xA5, 0xCB, 0xD6, 
        0xA5, 0xCB, 0xD6, 0xA5, 0xCB, 0xD6, 0xA5, 0xCB, 0xD6, 0xA5, 0xCB, 0xD6, 0xA5, 0xCF, 0xD6, 0xA5, 0xCB, 0xD6, 0x9C, 0xC7, 0xD6, 0xAD, 0xCF, 0xE7, 0xDE, 0xEB, 0xF9, 0xFF, 0xFF, 0xFF, 0xFF, 0xFF, 0xFF, 0xFF, 0xFF, 0xFF, 0xFF, 0xFF, 0xFF, 
        0xFF, 0xFF, 0xFF, 0xFF, 0xFF, 0xFF, 0xFF, 0xFF, 0xFF, 0xFF, 0xFF, 0xFF, 0xFF, 0xFF, 0xFF, 0xFF, 0xFF, 0xFF, 0xFF, 0xFF, 0xFF, 0xFF, 0xFF, 0xFF, 0xFF, 0xFF, 0xFF, 0xFF, 0xFF, 0xFF, 0xFF, 0xFF, 0xFF, 0xFF, 0xFF, 0xFF, 0xFF, 0xFF, 0xFF, 
        0xFF, 0xFF, 0xFF,
  0xFF, 0xFF, 0xFF, 0xFF, 0xFF, 0xFF, 0xFF, 0xFF, 0xFF, 0xFF, 0xFF, 0xFF, 0xFF, 0xFF, 0xFF, 0xFF, 0xFF, 0xFF, 0xFF, 0xFF, 0xFF, 0xFF, 0xFF, 0xFF, 0x73, 0xAE, 0xC6, 0x63, 0xAA, 0xB5, 0x6B, 0xB2, 0xAD, 0x73, 0xBA, 0xB5, 0x7B, 0xBE, 0xBD, 0x7B, 0xBE, 0xBD, 
        0x7B, 0xBE, 0xBD, 0x7B, 0xBE, 0xBD, 0x7B, 0xBA, 0xBD, 0x7B, 0xBA, 0xBD, 0x7B, 0xBA, 0xBD, 0x7B, 0xBA, 0xBD, 0x7B, 0xBA, 0xBD, 0x7B, 0xBA, 0xC6, 0x7B, 0xBA, 0xC6, 0x8C, 0xC3, 0xCE, 0x1F, 0x75, 0xB5, 0x41, 0x8E, 0xB5, 0x9C, 0xCF, 0xCE, 
        0x94, 0xCB, 0xCE, 0x94, 0xCB, 0xCE, 0x94, 0xCB, 0xCE, 0x94, 0xCB, 0xCE, 0x94, 0xCB, 0xCE, 0x94, 0xCB, 0xCE, 0x9C, 0xCB, 0xCE, 0x9C, 0xCB, 0xCE, 0x9C, 0xCB, 0xCE, 0x9C, 0xCB, 0xCE, 0x9C, 0xCB, 0xCE, 0x9C, 0xCB, 0xCE, 0x9C, 0xCB, 0xCE, 
        0x9C, 0xCB, 0xCE, 0x9C, 0xCB, 0xCE, 0x9C, 0xCB, 0xCE, 0x9C, 0xCB, 0xCE, 0x9C, 0xCB, 0xD6, 0x9C, 0xCB, 0xD6, 0x9C, 0xCB, 0xD6, 0x9C, 0xCB, 0xD6, 0x9C, 0xCB, 0xD6, 0x9C, 0xCB, 0xD6, 0xA5, 0xCF, 0xD6, 0xA5, 0xCB, 0xD6, 0xA5, 0xCB, 0xD6, 
        0xA5, 0xCB, 0xD6, 0xA5, 0xCB, 0xD6, 0xA5, 0xCF, 0xD6, 0xA5, 0xCF, 0xD6, 0xA5, 0xCF, 0xD6, 0xA5, 0xCB, 0xD6, 0x9C, 0xCB, 0xD6, 0xA5, 0xC7, 0xDE, 0xD6, 0xE7, 0xF9, 0xFF, 0xFF, 0xFF, 0xFF, 0xFF, 0xFF, 0xFF, 0xFF, 0xFF, 0xFF, 0xFF, 0xFF, 
        0xFF, 0xFF, 0xFF, 0xFF, 0xFF, 0xFF, 0xFF, 0xFF, 0xFF, 0xFF, 0xFF, 0xFF, 0xFF, 0xFF, 0xFF, 0xFF, 0xFF, 0xFF, 0xFF, 0xFF, 0xFF, 0xFF, 0xFF, 0xFF, 0xFF, 0xFF, 0xFF, 0xFF, 0xFF, 0xFF, 0xFF, 0xFF, 0xFF, 0xFF, 0xFF, 0xFF, 0xFF, 0xFF, 0xFF, 
        0xFF, 0xFF, 0xFF,
  0xFF, 0xFF, 0xFF, 0xFF, 0xFF, 0xFF, 0xFF, 0xFF, 0xFF, 0xFF, 0xFF, 0xFF, 0xFF, 0xFF, 0xFF, 0xFF, 0xFF, 0xFF, 0xFF, 0xFF, 0xFF, 0xFF, 0xFF, 0xFF, 0x6B, 0xAA, 0xC6, 0x63, 0xAA, 0xB5, 0x63, 0xB2, 0xAD, 0x73, 0xBA, 0xB5, 0x7B, 0xBE, 0xB5, 0x7B, 0xBE, 0xB5, 
        0x7B, 0xBE, 0xBD, 0x7B, 0xBA, 0xBD, 0x7B, 0xBE, 0xBD, 0x7B, 0xBA, 0xBD, 0x7B, 0xBA, 0xBD, 0x7B, 0xBA, 0xBD, 0x7B, 0xBA, 0xBD, 0x7B, 0xBA, 0xC6, 0x84, 0xBA, 0xC6, 0x84, 0xBE, 0xCE, 0x0C, 0x65, 0xAD, 0x37, 0x8A, 0xAD, 0x9C, 0xCF, 0xCE, 
        0x94, 0xCB, 0xCE, 0x94, 0xCB, 0xCE, 0x94, 0xCB, 0xCE, 0x94, 0xCB, 0xCE, 0x9C, 0xCB, 0xCE, 0x94, 0xCB, 0xCE, 0x9C, 0xCB, 0xCE, 0x9C, 0xCB, 0xCE, 0x9C, 0xCB, 0xCE, 0x9C, 0xCB, 0xCE, 0x9C, 0xCB, 0xCE, 0x9C, 0xCB, 0xCE, 0x9C, 0xCB, 0xCE, 
        0x9C, 0xCB, 0xCE, 0x9C, 0xCB, 0xCE, 0x9C, 0xCB, 0xCE, 0x9C, 0xCB, 0xCE, 0x9C, 0xCB, 0xD6, 0x9C, 0xCB, 0xCE, 0x9C, 0xCB, 0xD6, 0x9C, 0xCB, 0xD6, 0x9C, 0xCB, 0xD6, 0x9C, 0xCB, 0xD6, 0xA5, 0xCF, 0xD6, 0xA5, 0xCB, 0xD6, 0xA5, 0xCB, 0xD6, 
        0xA5, 0xCB, 0xD6, 0xA5, 0xCB, 0xD6, 0xA5, 0xCF, 0xD6, 0xA5, 0xCF, 0xD6, 0xA5, 0xCF, 0xD6, 0xA5, 0xCF, 0xD6, 0x9C, 0xCB, 0xD6, 0x84, 0xB6, 0xD6, 0xCE, 0xDF, 0xEF, 0xFF, 0xFF, 0xFF, 0xFF, 0xFF, 0xFF, 0xFF, 0xFF, 0xFF, 0xFF, 0xFF, 0xFF, 
        0xFF, 0xFF, 0xFF, 0xFF, 0xFF, 0xFF, 0xFF, 0xFF, 0xFF, 0xFF, 0xFF, 0xFF, 0xFF, 0xFF, 0xFF, 0xFF, 0xFF, 0xFF, 0xFF, 0xFF, 0xFF, 0xFF, 0xFF, 0xFF, 0xFF, 0xFF, 0xFF, 0xFF, 0xFF, 0xFF, 0xFF, 0xFF, 0xFF, 0xFF, 0xFF, 0xFF, 0xFF, 0xFF, 0xFF, 
        0xFF, 0xFF, 0xFF,
  0xFF, 0xFF, 0xFF, 0xFF, 0xFF, 0xFF, 0xFF, 0xFF, 0xFF, 0xFF, 0xFF, 0xFF, 0xFF, 0xFF, 0xFF, 0xFF, 0xFF, 0xFF, 0xFF, 0xFF, 0xFF, 0xFF, 0xFF, 0xFF, 0x6B, 0xAA, 0xC6, 0x63, 0xAA, 0xB5, 0x63, 0xB2, 0xAD, 0x73, 0xBA, 0xB5, 0x7B, 0xBE, 0xB5, 0x7B, 0xBE, 0xB5, 
        0x7B, 0xBE, 0xB5, 0x7B, 0xBE, 0xBD, 0x7B, 0xBE, 0xBD, 0x7B, 0xBE, 0xBD, 0x7B, 0xBA, 0xBD, 0x7B, 0xBA, 0xBD, 0x7B, 0xBA, 0xBD, 0x7B, 0xBA, 0xC6, 0x7B, 0xBA, 0xC6, 0x84, 0xBE, 0xCE, 0x0C, 0x65, 0xAD, 0x37, 0x8A, 0xAD, 0x9C, 0xCF, 0xCE, 
        0x94, 0xCB, 0xC6, 0x94, 0xCB, 0xC6, 0x94, 0xCB, 0xC6, 0x94, 0xCB, 0xC6, 0x94, 0xCB, 0xCE, 0x94, 0xCB, 0xCE, 0x9C, 0xCB, 0xCE, 0x9C, 0xCB, 0xCE, 0x9C, 0xCB, 0xCE, 0x9C, 0xCB, 0xCE, 0x9C, 0xCB, 0xCE, 0x9C, 0xCB, 0xCE, 0x9C, 0xCB, 0xCE, 
        0x9C, 0xCB, 0xCE, 0x9C, 0xCB, 0xCE, 0x9C, 0xCB, 0xCE, 0x9C, 0xCB, 0xCE, 0x9C, 0xCB, 0xD6, 0x9C, 0xCB, 0xCE, 0x9C, 0xCB, 0xD6, 0x9C, 0xCB, 0xD6, 0x9C, 0xCB, 0xD6, 0x9C, 0xCB, 0xD6, 0xA5, 0xCF, 0xD6, 0xA5, 0xCF, 0xD6, 0xA5, 0xCB, 0xD6, 
        0xA5, 0xCB, 0xD6, 0xA5, 0xCF, 0xD6, 0xA5, 0xCF, 0xD6, 0xA5, 0xCF, 0xD6, 0xA5, 0xCF, 0xD6, 0xA5, 0xCF, 0xD6, 0x9C, 0xCB, 0xD6, 0x6B, 0xA6, 0xCE, 0xBD, 0xD7, 0xE7, 0xFF, 0xFF, 0xFF, 0xFF, 0xFF, 0xFF, 0xFF, 0xFF, 0xFF, 0xFF, 0xFF, 0xFF, 
        0xFF, 0xFF, 0xFF, 0xFF, 0xFF, 0xFF, 0xFF, 0xFF, 0xFF, 0xFF, 0xFF, 0xFF, 0xFF, 0xFF, 0xFF, 0xFF, 0xFF, 0xFF, 0xFF, 0xFF, 0xFF, 0xFF, 0xFF, 0xFF, 0xFF, 0xFF, 0xFF, 0xFF, 0xFF, 0xFF, 0xFF, 0xFF, 0xFF, 0xFF, 0xFF, 0xFF, 0xFF, 0xFF, 0xFF, 
        0xFF, 0xFF, 0xFF,
  0xFF, 0xFF, 0xFF, 0xFF, 0xFF, 0xFF, 0xFF, 0xFF, 0xFF, 0xFF, 0xFF, 0xFF, 0xFF, 0xFF, 0xFF, 0xFF, 0xFF, 0xFF, 0xFF, 0xFF, 0xFF, 0xFF, 0xFF, 0xFF, 0x6B, 0xAA, 0xC6, 0x63, 0xAA, 0xB5, 0x63, 0xB2, 0xAD, 0x73, 0xBA, 0xB5, 0x7B, 0xBE, 0xB5, 0x7B, 0xBE, 0xB5, 
        0x7B, 0xBE, 0xB5, 0x7B, 0xBE, 0xBD, 0x7B, 0xBE, 0xBD, 0x7B, 0xBE, 0xBD, 0x7B, 0xBA, 0xBD, 0x7B, 0xBA, 0xBD, 0x7B, 0xBA, 0xBD, 0x7B, 0xBA, 0xC6, 0x7B, 0xBA, 0xBD, 0x84, 0xBE, 0xCE, 0x0C, 0x65, 0xAD, 0x37, 0x8A, 0xAD, 0x9C, 0xCF, 0xCE, 
        0x94, 0xCB, 0xC6, 0x94, 0xCB, 0xC6, 0x94, 0xCB, 0xC6, 0x94, 0xCB, 0xC6, 0x94, 0xCB, 0xCE, 0x94, 0xCB, 0xCE, 0x9C, 0xCB, 0xCE, 0x9C, 0xCB, 0xCE, 0x9C, 0xCB, 0xCE, 0x9C, 0xCB, 0xCE, 0x9C, 0xCB, 0xCE, 0x9C, 0xCB, 0xCE, 0x9C, 0xCB, 0xCE, 
        0x9C, 0xCB, 0xCE, 0x9C, 0xCB, 0xCE, 0x9C, 0xCB, 0xCE, 0x9C, 0xCB, 0xCE, 0x9C, 0xCB, 0xCE, 0x9C, 0xCB, 0xCE, 0x9C, 0xCB, 0xCE, 0x9C, 0xCB, 0xD6, 0x9C, 0xCB, 0xD6, 0x9C, 0xCB, 0xD6, 0xA5, 0xCF, 0xD6, 0xA5, 0xCF, 0xD6, 0xA5, 0xCB, 0xD6, 
        0xA5, 0xCB, 0xD6, 0xA5, 0xCF, 0xD6, 0xA5, 0xCF, 0xD6, 0xA5, 0xCF, 0xD6, 0xA5, 0xCF, 0xD6, 0xA5, 0xCF, 0xD6, 0x9C, 0xCB, 0xD6, 0x52, 0x96, 0xC6, 0xAD, 0xCF, 0xE7, 0xFF, 0xFF, 0xFF, 0xFF, 0xFF, 0xFF, 0xFF, 0xFF, 0xFF, 0xFF, 0xFF, 0xFF, 
        0xFF, 0xFF, 0xFF, 0xFF, 0xFF, 0xFF, 0xFF, 0xFF, 0xFF, 0xFF, 0xFF, 0xFF, 0xFF, 0xFF, 0xFF, 0xFF, 0xFF, 0xFF, 0xFF, 0xFF, 0xFF, 0xFF, 0xFF, 0xFF, 0xFF, 0xFF, 0xFF, 0xFF, 0xFF, 0xFF, 0xFF, 0xFF, 0xFF, 0xFF, 0xFF, 0xFF, 0xFF, 0xFF, 0xFF, 
        0xFF, 0xFF, 0xFF,
  0xFF, 0xFF, 0xFF, 0xFF, 0xFF, 0xFF, 0xFF, 0xFF, 0xFF, 0xFF, 0xFF, 0xFF, 0xFF, 0xFF, 0xFF, 0xFF, 0xFF, 0xFF, 0xFF, 0xFF, 0xFF, 0xFF, 0xFF, 0xFF, 0x6B, 0xAA, 0xC6, 0x63, 0xAA, 0xB5, 0x63, 0xB2, 0xAD, 0x7B, 0xBE, 0xB5, 0x7B, 0xBE, 0xB5, 0x7B, 0xBE, 0xB5, 
        0x7B, 0xBE, 0xBD, 0x7B, 0xBE, 0xBD, 0x7B, 0xBE, 0xBD, 0x7B, 0xBE, 0xBD, 0x7B, 0xBA, 0xBD, 0x7B, 0xBE, 0xBD, 0x7B, 0xBA, 0xBD, 0x7B, 0xBA, 0xC6, 0x7B, 0xBA, 0xBD, 0x84, 0xBE, 0xCE, 0x0C, 0x65, 0xAD, 0x37, 0x8A, 0xAD, 0x9C, 0xCF, 0xCE, 
        0x94, 0xCB, 0xC6, 0x94, 0xCB, 0xC6, 0x94, 0xCB, 0xC6, 0x94, 0xCB, 0xC6, 0x94, 0xCB, 0xC6, 0x94, 0xCB, 0xCE, 0x9C, 0xCB, 0xCE, 0x9C, 0xCB, 0xCE, 0x9C, 0xCB, 0xCE, 0x9C, 0xCB, 0xCE, 0x9C, 0xCB, 0xCE, 0x9C, 0xCB, 0xCE, 0x9C, 0xCB, 0xCE, 
        0x9C, 0xCB, 0xCE, 0x9C, 0xCB, 0xCE, 0x9C, 0xCB, 0xCE, 0x9C, 0xCB, 0xCE, 0x9C, 0xCB, 0xCE, 0x9C, 0xCB, 0xCE, 0x9C, 0xCB, 0xCE, 0x9C, 0xCB, 0xD6, 0x9C, 0xCB, 0xD6, 0x9C, 0xCF, 0xD6, 0xA5, 0xCF, 0xD6, 0xA5, 0xCF, 0xD6, 0xA5, 0xCB, 0xD6, 
        0xA5, 0xCB, 0xD6, 0xA5, 0xCF, 0xD6, 0xA5, 0xCF, 0xD6, 0xA5, 0xCF, 0xD6, 0xA5, 0xCF, 0xD6, 0xA5, 0xCF, 0xD6, 0x9C, 0xCF, 0xD6, 0x39, 0x8A, 0xBD, 0xA5, 0xC7, 0xDE, 0xFF, 0xFF, 0xFF, 0xFF, 0xFF, 0xFF, 0xFF, 0xFF, 0xFF, 0xFF, 0xFF, 0xFF, 
        0xFF, 0xFF, 0xFF, 0xFF, 0xFF, 0xFF, 0xFF, 0xFF, 0xFF, 0xFF, 0xFF, 0xFF, 0xFF, 0xFF, 0xFF, 0xFF, 0xFF, 0xFF, 0xFF, 0xFF, 0xFF, 0xFF, 0xFF, 0xFF, 0xFF, 0xFF, 0xFF, 0xFF, 0xFF, 0xFF, 0xFF, 0xFF, 0xFF, 0xFF, 0xFF, 0xFF, 0xFF, 0xFF, 0xFF, 
        0xFF, 0xFF, 0xFF,
  0xFF, 0xFF, 0xFF, 0xFF, 0xFF, 0xFF, 0xFF, 0xFF, 0xFF, 0xFF, 0xFF, 0xFF, 0xFF, 0xFF, 0xFF, 0xFF, 0xFF, 0xFF, 0xFF, 0xFF, 0xFF, 0xFF, 0xFF, 0xFF, 0x6B, 0xAA, 0xBD, 0x63, 0xAA, 0xAD, 0x6B, 0xB2, 0xAD, 0x7B, 0xBE, 0xB5, 0x84, 0xC3, 0xBD, 0x8C, 0xC7, 0xBD, 
        0x8C, 0xC3, 0xBD, 0x84, 0xC3, 0xBD, 0x7B, 0xBE, 0xBD, 0x7B, 0xBA, 0xBD, 0x7B, 0xBA, 0xBD, 0x7B, 0xBE, 0xBD, 0x7B, 0xBA, 0xBD, 0x7B, 0xBE, 0xBD, 0x7B, 0xBA, 0xBD, 0x84, 0xBE, 0xCE, 0x0F, 0x65, 0xB5, 0x37, 0x8A, 0xAD, 0x9C, 0xCF, 0xC6, 
        0x94, 0xCB, 0xC6, 0x94, 0xCB, 0xC6, 0x94, 0xCB, 0xC6, 0x94, 0xCB, 0xC6, 0x94, 0xCB, 0xC6, 0x94, 0xCB, 0xC6, 0x9C, 0xCB, 0xCE, 0x9C, 0xCB, 0xCE, 0x9C, 0xCB, 0xCE, 0x9C, 0xCB, 0xCE, 0x9C, 0xCB, 0xCE, 0x9C, 0xCB, 0xCE, 0x9C, 0xCB, 0xCE, 
        0x9C, 0xCB, 0xCE, 0x9C, 0xCB, 0xCE, 0x9C, 0xCB, 0xCE, 0x9C, 0xCB, 0xCE, 0x9C, 0xCF, 0xCE, 0x9C, 0xCB, 0xCE, 0x9C, 0xCB, 0xCE, 0x9C, 0xCB, 0xD6, 0x9C, 0xCF, 0xD6, 0x9C, 0xCF, 0xD6, 0xA5, 0xCF, 0xD6, 0xA5, 0xCF, 0xD6, 0xA5, 0xCB, 0xD6, 
        0xA5, 0xCF, 0xD6, 0xA5, 0xCF, 0xD6, 0xA5, 0xCF, 0xD6, 0xA5, 0xCF, 0xD6, 0xA5, 0xCF, 0xD6, 0xA5, 0xCF, 0xD6, 0x9C, 0xCF, 0xD6, 0x2F, 0x86, 0xBD, 0xA5, 0xC3, 0xDE, 0xFF, 0xFF, 0xFF, 0xFF, 0xFF, 0xFF, 0xFF, 0xFF, 0xFF, 0xFF, 0xFF, 0xFF, 
        0xFF, 0xFF, 0xFF, 0xFF, 0xFF, 0xFF, 0xFF, 0xFF, 0xFF, 0xFF, 0xFF, 0xFF, 0xFF, 0xFF, 0xFF, 0xFF, 0xFF, 0xFF, 0xFF, 0xFF, 0xFF, 0xFF, 0xFF, 0xFF, 0xFF, 0xFF, 0xFF, 0xFF, 0xFF, 0xFF, 0xFF, 0xFF, 0xFF, 0xFF, 0xFF, 0xFF, 0xFF, 0xFF, 0xFF, 
        0xFF, 0xFF, 0xFF,
  0xFF, 0xFF, 0xFF, 0xFF, 0xFF, 0xFF, 0xFF, 0xFF, 0xFF, 0xFF, 0xFF, 0xFF, 0xFF, 0xFF, 0xFF, 0xFF, 0xFF, 0xFF, 0xFF, 0xFF, 0xFF, 0xFF, 0xFF, 0xFF, 0x6B, 0xAA, 0xBD, 0x63, 0xAA, 0xAD, 0x6B, 0xB6, 0xAD, 0x84, 0xC3, 0xBD, 0x94, 0xCB, 0xC6, 0x94, 0xCB, 0xC6, 
        0x94, 0xCB, 0xC6, 0x94, 0xCB, 0xC6, 0x84, 0xC3, 0xBD, 0x84, 0xBE, 0xBD, 0x7B, 0xBE, 0xBD, 0x7B, 0xBE, 0xBD, 0x7B, 0xBE, 0xBD, 0x7B, 0xBE, 0xBD, 0x7B, 0xBE, 0xBD, 0x84, 0xBE, 0xCE, 0x0C, 0x65, 0xAD, 0x37, 0x8A, 0xAD, 0x9C, 0xD3, 0xCE, 
        0x9C, 0xCB, 0xC6, 0x9C, 0xCB, 0xC6, 0x9C, 0xCB, 0xC6, 0x9C, 0xCF, 0xC6, 0x9C, 0xCB, 0xC6, 0x9C, 0xCB, 0xCE, 0x9C, 0xCB, 0xCE, 0x9C, 0xCB, 0xCE, 0x9C, 0xCF, 0xCE, 0x9C, 0xCF, 0xCE, 0x9C, 0xCB, 0xCE, 0x9C, 0xCB, 0xCE, 0x9C, 0xCB, 0xCE, 
        0x9C, 0xCB, 0xCE, 0x9C, 0xCB, 0xCE, 0x9C, 0xCB, 0xCE, 0x9C, 0xCB, 0xCE, 0x9C, 0xCF, 0xCE, 0x9C, 0xCB, 0xCE, 0x9C, 0xCB, 0xCE, 0x9C, 0xCF, 0xD6, 0x9C, 0xCF, 0xD6, 0x9C, 0xCF, 0xD6, 0x9C, 0xCF, 0xD6, 0xA5, 0xCF, 0xD6, 0xA5, 0xCF, 0xD6, 
        0xA5, 0xCB, 0xD6, 0xA5, 0xCF, 0xD6, 0xA5, 0xCF, 0xD6, 0xA5, 0xCF, 0xD6, 0xA5, 0xCF, 0xD6, 0xA5, 0xCF, 0xD6, 0x9C, 0xCF, 0xD6, 0x2F, 0x86, 0xBD, 0xA5, 0xC7, 0xDE, 0xFF, 0xFF, 0xFF, 0xFF, 0xFF, 0xFF, 0xFF, 0xFF, 0xFF, 0xFF, 0xFF, 0xFF, 
        0xFF, 0xFF, 0xFF, 0xFF, 0xFF, 0xFF, 0xFF, 0xFF, 0xFF, 0xFF, 0xFF, 0xFF, 0xFF, 0xFF, 0xFF, 0xFF, 0xFF, 0xFF, 0xFF, 0xFF, 0xFF, 0xFF, 0xFF, 0xFF, 0xFF, 0xFF, 0xFF, 0xFF, 0xFF, 0xFF, 0xFF, 0xFF, 0xFF, 0xFF, 0xFF, 0xFF, 0xFF, 0xFF, 0xFF, 
        0xFF, 0xFF, 0xFF,
  0xFF, 0xFF, 0xFF, 0xFF, 0xFF, 0xFF, 0xFF, 0xFF, 0xFF, 0xFF, 0xFF, 0xFF, 0xFF, 0xFF, 0xFF, 0xFF, 0xFF, 0xFF, 0xFF, 0xFF, 0xFF, 0xFF, 0xFF, 0xFF, 0x6B, 0xAA, 0xBD, 0x6B, 0xAE, 0xAD, 0x7B, 0xBA, 0xB5, 0x84, 0xC3, 0xBD, 0x6B, 0xB6, 0xAD, 0x63, 0xB2, 0xA5, 
        0x6B, 0xB6, 0xAD, 0x94, 0xC7, 0xC6, 0x9C, 0xCF, 0xCE, 0x8C, 0xC7, 0xC6, 0x84, 0xBE, 0xBD, 0x7B, 0xBE, 0xBD, 0x7B, 0xBE, 0xBD, 0x7B, 0xBE, 0xBD, 0x7B, 0xBE, 0xBD, 0x84, 0xBE, 0xCE, 0x0C, 0x65, 0xAD, 0x37, 0x8A, 0xAD, 0xA5, 0xD3, 0xCE, 
        0x9C, 0xCF, 0xCE, 0x9C, 0xCF, 0xC6, 0x9C, 0xCF, 0xCE, 0x9C, 0xCF, 0xCE, 0x9C, 0xCF, 0xCE, 0x9C, 0xCF, 0xCE, 0x9C, 0xCF, 0xCE, 0x9C, 0xCF, 0xCE, 0x9C, 0xCF, 0xCE, 0x9C, 0xCF, 0xCE, 0x9C, 0xCF, 0xCE, 0x9C, 0xCB, 0xCE, 0x9C, 0xCB, 0xCE, 
        0x9C, 0xCB, 0xCE, 0x9C, 0xCB, 0xCE, 0x9C, 0xCB, 0xCE, 0x9C, 0xCF, 0xCE, 0x9C, 0xCF, 0xCE, 0x9C, 0xCB, 0xCE, 0x9C, 0xCB, 0xCE, 0x9C, 0xCF, 0xCE, 0x9C, 0xCF, 0xCE, 0x9C, 0xCF, 0xD6, 0x9C, 0xCF, 0xD6, 0xA5, 0xCF, 0xD6, 0xA5, 0xCF, 0xD6, 
        0xA5, 0xCF, 0xD6, 0xA5, 0xCF, 0xD6, 0xA5, 0xCF, 0xD6, 0xA5, 0xCF, 0xD6, 0xA5, 0xCF, 0xD6, 0xA5, 0xCF, 0xD6, 0x9C, 0xCF, 0xD6, 0x2F, 0x86, 0xBD, 0xA5, 0xC7, 0xDE, 0xFF, 0xFF, 0xFF, 0xFF, 0xFF, 0xFF, 0xFF, 0xFF, 0xFF, 0xFF, 0xFF, 0xFF, 
        0xFF, 0xFF, 0xFF, 0xFF, 0xFF, 0xFF, 0xFF, 0xFF, 0xFF, 0xFF, 0xFF, 0xFF, 0xFF, 0xFF, 0xFF, 0xFF, 0xFF, 0xFF, 0xFF, 0xFF, 0xFF, 0xFF, 0xFF, 0xFF, 0xFF, 0xFF, 0xFF, 0xFF, 0xFF, 0xFF, 0xFF, 0xFF, 0xFF, 0xFF, 0xFF, 0xFF, 0xFF, 0xFF, 0xFF, 
        0xFF, 0xFF, 0xFF,
  0xFF, 0xFF, 0xFF, 0xFF, 0xFF, 0xFF, 0xFF, 0xFF, 0xFF, 0xFF, 0xFF, 0xFF, 0xFF, 0xFF, 0xFF, 0xFF, 0xFF, 0xFF, 0xFF, 0xFF, 0xFF, 0xFF, 0xFF, 0xFF, 0x73, 0xAE, 0xBD, 0x73, 0xB2, 0xB5, 0x6B, 0xB6, 0xAD, 0x5A, 0xB2, 0xA5, 0x52, 0xAE, 0x9C, 0x52, 0xAE, 0x9C, 
        0x52, 0xAA, 0x9C, 0x63, 0xB2, 0xAD, 0x8C, 0xC7, 0xBD, 0x9C, 0xCF, 0xCE, 0x84, 0xC3, 0xBD, 0x84, 0xBE, 0xBD, 0x7B, 0xBA, 0xBD, 0x7B, 0xBA, 0xBD, 0x7B, 0xBA, 0xBD, 0x84, 0xBE, 0xCE, 0x0F, 0x69, 0xB5, 0x2F, 0x86, 0xAD, 0x94, 0xCF, 0xC6, 
        0x94, 0xCB, 0xC6, 0x8C, 0xC7, 0xC6, 0x94, 0xCB, 0xC6, 0x94, 0xCB, 0xC6, 0x94, 0xCB, 0xC6, 0x9C, 0xCF, 0xC6, 0x9C, 0xCF, 0xCE, 0x9C, 0xCF, 0xCE, 0xA5, 0xCF, 0xCE, 0xA5, 0xD3, 0xCE, 0xA5, 0xCF, 0xCE, 0xA5, 0xCF, 0xCE, 0x9C, 0xCF, 0xCE, 
        0x9C, 0xCF, 0xCE, 0x9C, 0xCF, 0xCE, 0x9C, 0xCF, 0xCE, 0x9C, 0xCF, 0xCE, 0x9C, 0xCF, 0xCE, 0x9C, 0xCF, 0xCE, 0x9C, 0xCB, 0xCE, 0x9C, 0xCF, 0xCE, 0x9C, 0xCF, 0xCE, 0x9C, 0xCF, 0xD6, 0x9C, 0xCF, 0xD6, 0x9C, 0xCF, 0xD6, 0xA5, 0xCF, 0xD6, 
        0xA5, 0xCF, 0xD6, 0xA5, 0xCF, 0xD6, 0xA5, 0xCF, 0xD6, 0xA5, 0xCF, 0xD6, 0xA5, 0xCF, 0xD6, 0xA5, 0xCF, 0xD6, 0x9C, 0xCF, 0xD6, 0x2F, 0x86, 0xBD, 0xA5, 0xC7, 0xDE, 0xFF, 0xFF, 0xFF, 0xFF, 0xFF, 0xFF, 0xFF, 0xFF, 0xFF, 0xFF, 0xFF, 0xFF, 
        0xFF, 0xFF, 0xFF, 0xFF, 0xFF, 0xFF, 0xFF, 0xFF, 0xFF, 0xFF, 0xFF, 0xFF, 0xFF, 0xFF, 0xFF, 0xFF, 0xFF, 0xFF, 0xFF, 0xFF, 0xFF, 0xFF, 0xFF, 0xFF, 0xFF, 0xFF, 0xFF, 0xFF, 0xFF, 0xFF, 0xFF, 0xFF, 0xFF, 0xFF, 0xFF, 0xFF, 0xFF, 0xFF, 0xFF, 
        0xFF, 0xFF, 0xFF,
  0xFF, 0xFF, 0xFF, 0xFF, 0xFF, 0xFF, 0xFF, 0xFF, 0xFF, 0xFF, 0xFF, 0xFF, 0xFF, 0xFF, 0xFF, 0xFF, 0xFF, 0xFF, 0xFF, 0xFF, 0xFF, 0xFF, 0xFF, 0xFF, 0x7B, 0xB2, 0xC6, 0x73, 0xB2, 0xB5, 0x41, 0xA2, 0x94, 0x52, 0xAA, 0x9C, 0x5A, 0xAE, 0x9C, 0x5A, 0xAE, 0x9C, 
        0x5A, 0xAE, 0x9C, 0x52, 0xAA, 0x9C, 0x5A, 0xAE, 0xA5, 0x8C, 0xC7, 0xC6, 0x94, 0xCB, 0xC6, 0x84, 0xBE, 0xBD, 0x7B, 0xBE, 0xBD, 0x7B, 0xBA, 0xBD, 0x7B, 0xBA, 0xBD, 0x84, 0xBE, 0xCE, 0x0F, 0x65, 0xB5, 0x2F, 0x8A, 0xAD, 0x94, 0xCF, 0xC6, 
        0x8C, 0xCB, 0xBD, 0x8C, 0xC7, 0xBD, 0x8C, 0xC7, 0xBD, 0x8C, 0xC7, 0xBD, 0x8C, 0xC7, 0xBD, 0x8C, 0xC7, 0xC6, 0x8C, 0xC7, 0xC6, 0x94, 0xC7, 0xC6, 0x94, 0xCB, 0xC6, 0x9C, 0xCF, 0xCE, 0xA5, 0xCF, 0xCE, 0xA5, 0xD3, 0xCE, 0xA5, 0xD3, 0xD6, 
        0xA5, 0xD3, 0xCE, 0xA5, 0xCF, 0xCE, 0x9C, 0xCF, 0xCE, 0x9C, 0xCF, 0xCE, 0x9C, 0xCF, 0xCE, 0x9C, 0xCF, 0xCE, 0x9C, 0xCF, 0xCE, 0x9C, 0xCF, 0xCE, 0x9C, 0xCF, 0xCE, 0x9C, 0xCF, 0xD6, 0x9C, 0xCF, 0xD6, 0xA5, 0xCF, 0xD6, 0xA5, 0xCF, 0xD6, 
        0xA5, 0xCF, 0xD6, 0xA5, 0xCF, 0xD6, 0xA5, 0xCF, 0xD6, 0xA5, 0xCF, 0xD6, 0xA5, 0xCF, 0xD6, 0xA5, 0xCF, 0xD6, 0x9C, 0xCF, 0xD6, 0x2F, 0x86, 0xBD, 0xA5, 0xC7, 0xDE, 0xFF, 0xFF, 0xFF, 0xFF, 0xFF, 0xFF, 0xFF, 0xFF, 0xFF, 0xFF, 0xFF, 0xFF, 
        0xFF, 0xFF, 0xFF, 0xFF, 0xFF, 0xFF, 0xFF, 0xFF, 0xFF, 0xFF, 0xFF, 0xFF, 0xFF, 0xFF, 0xFF, 0xFF, 0xFF, 0xFF, 0xFF, 0xFF, 0xFF, 0xFF, 0xFF, 0xFF, 0xFF, 0xFF, 0xFF, 0xFF, 0xFF, 0xFF, 0xFF, 0xFF, 0xFF, 0xFF, 0xFF, 0xFF, 0xFF, 0xFF, 0xFF, 
        0xFF, 0xFF, 0xFF,
  0xFF, 0xFF, 0xFF, 0xFF, 0xFF, 0xFF, 0xFF, 0xFF, 0xFF, 0xFF, 0xFF, 0xFF, 0xFF, 0xFF, 0xFF, 0xFF, 0xFF, 0xFF, 0xFF, 0xFF, 0xFF, 0xFF, 0xFF, 0xFF, 0x84, 0xB6, 0xC6, 0x6B, 0xAE, 0xAD, 0x40, 0x9E, 0x94, 0x52, 0xAA, 0x9C, 0x5A, 0xAE, 0x9C, 0x52, 0xAE, 0x9C, 
        0x52, 0xAE, 0x9C, 0x52, 0xAE, 0x9C, 0x52, 0xAA, 0x9C, 0x63, 0xB2, 0xAD, 0x9C, 0xCF, 0xCE, 0x8C, 0xC7, 0xC6, 0x7B, 0xBE, 0xBD, 0x7B, 0xBA, 0xBD, 0x7B, 0xBA, 0xBD, 0x84, 0xBE, 0xCE, 0x0F, 0x65, 0xB5, 0x2F, 0x8A, 0xAD, 0x94, 0xCF, 0xC6, 
        0x8C, 0xCB, 0xBD, 0x8C, 0xC7, 0xBD, 0x8C, 0xC7, 0xBD, 0x8C, 0xC7, 0xBD, 0x8C, 0xC7, 0xBD, 0x8C, 0xC7, 0xC6, 0x8C, 0xC7, 0xC6, 0x8C, 0xC7, 0xC6, 0x8C, 0xC7, 0xC6, 0x8C, 0xC7, 0xC6, 0x94, 0xC7, 0xC6, 0x94, 0xCB, 0xC6, 0x9C, 0xCF, 0xCE, 
        0xA5, 0xCF, 0xCE, 0xAD, 0xD3, 0xD6, 0xAD, 0xD3, 0xD6, 0xA5, 0xD3, 0xD6, 0xA5, 0xCF, 0xCE, 0xA5, 0xCF, 0xCE, 0x9C, 0xCF, 0xCE, 0x9C, 0xCF, 0xCE, 0x9C, 0xCF, 0xCE, 0x9C, 0xCF, 0xCE, 0x9C, 0xCF, 0xD6, 0xA5, 0xCF, 0xD6, 0xA5, 0xCF, 0xD6, 
        0xA5, 0xCF, 0xD6, 0xA5, 0xCF, 0xD6, 0xA5, 0xCF, 0xD6, 0xA5, 0xCF, 0xD6, 0xA5, 0xCF, 0xD6, 0xA5, 0xCF, 0xD6, 0x9C, 0xCF, 0xD6, 0x2F, 0x86, 0xBD, 0xA5, 0xC7, 0xDE, 0xFF, 0xFF, 0xFF, 0xFF, 0xFF, 0xFF, 0xFF, 0xFF, 0xFF, 0xFF, 0xFF, 0xFF, 
        0xFF, 0xFF, 0xFF, 0xFF, 0xFF, 0xFF, 0xFF, 0xFF, 0xFF, 0xFF, 0xFF, 0xFF, 0xFF, 0xFF, 0xFF, 0xFF, 0xFF, 0xFF, 0xFF, 0xFF, 0xFF, 0xFF, 0xFF, 0xFF, 0xFF, 0xFF, 0xFF, 0xFF, 0xFF, 0xFF, 0xFF, 0xFF, 0xFF, 0xFF, 0xFF, 0xFF, 0xFF, 0xFF, 0xFF, 
        0xFF, 0xFF, 0xFF,
  0xFF, 0xFF, 0xFF, 0xFF, 0xFF, 0xFF, 0xFF, 0xFF, 0xFF, 0xFF, 0xFF, 0xFF, 0xFF, 0xFF, 0xFF, 0xFF, 0xFF, 0xFF, 0xFF, 0xFF, 0xFF, 0xFF, 0xFF, 0xFF, 0x84, 0xBA, 0xC6, 0x5A, 0xA6, 0xA5, 0x37, 0x9E, 0x8C, 0x52, 0xAA, 0x9C, 0x5A, 0xAE, 0x9C, 0x52, 0xAE, 0x9C, 
        0x52, 0xAE, 0x9C, 0x52, 0xAE, 0x9C, 0x52, 0xAE, 0x9C, 0x52, 0xAA, 0xA5, 0x7B, 0xBE, 0xB5, 0x9C, 0xCF, 0xCE, 0x84, 0xC3, 0xBD, 0x7B, 0xBA, 0xBD, 0x7B, 0xBE, 0xBD, 0x84, 0xBE, 0xCE, 0x0F, 0x65, 0xB5, 0x2F, 0x8A, 0xAD, 0x94, 0xCF, 0xC6, 
        0x8C, 0xCB, 0xBD, 0x8C, 0xC7, 0xBD, 0x8C, 0xC7, 0xBD, 0x8C, 0xC7, 0xBD, 0x8C, 0xC7, 0xBD, 0x8C, 0xC7, 0xBD, 0x8C, 0xC7, 0xBD, 0x8C, 0xC7, 0xC6, 0x8C, 0xC7, 0xC6, 0x8C, 0xC7, 0xC6, 0x8C, 0xC7, 0xC6, 0x8C, 0xC7, 0xC6, 0x94, 0xC7, 0xC6, 
        0x94, 0xCB, 0xC6, 0x9C, 0xCF, 0xCE, 0xA5, 0xD7, 0xD6, 0xAD, 0xDB, 0xD6, 0xAD, 0xDB, 0xD6, 0xAD, 0xD7, 0xD6, 0xA5, 0xD3, 0xD6, 0xA5, 0xD3, 0xD6, 0xA5, 0xCF, 0xD6, 0xA5, 0xCF, 0xD6, 0xA5, 0xCF, 0xD6, 0xA5, 0xCF, 0xD6, 0x9C, 0xCF, 0xD6, 
        0xA5, 0xCF, 0xD6, 0xA5, 0xCF, 0xD6, 0xA5, 0xCF, 0xD6, 0xA5, 0xCF, 0xD6, 0xA5, 0xCF, 0xD6, 0xA5, 0xCF, 0xD6, 0x9C, 0xCF, 0xD6, 0x2F, 0x86, 0xBD, 0xA5, 0xC7, 0xDE, 0xFF, 0xFF, 0xFF, 0xFF, 0xFF, 0xFF, 0xFF, 0xFF, 0xFF, 0xFF, 0xFF, 0xFF, 
        0xFF, 0xFF, 0xFF, 0xFF, 0xFF, 0xFF, 0xFF, 0xFF, 0xFF, 0xFF, 0xFF, 0xFF, 0xFF, 0xFF, 0xFF, 0xFF, 0xFF, 0xFF, 0xFF, 0xFF, 0xFF, 0xFF, 0xFF, 0xFF, 0xFF, 0xFF, 0xFF, 0xFF, 0xFF, 0xFF, 0xFF, 0xFF, 0xFF, 0xFF, 0xFF, 0xFF, 0xFF, 0xFF, 0xFF, 
        0xFF, 0xFF, 0xFF,
  0xFF, 0xFF, 0xFF, 0xFF, 0xFF, 0xFF, 0xFF, 0xFF, 0xFF, 0xFF, 0xFF, 0xFF, 0xFF, 0xFF, 0xFF, 0xFF, 0xFF, 0xFF, 0xFF, 0xFF, 0xFF, 0xFF, 0xFF, 0xFF, 0x6B, 0xAA, 0xB5, 0x37, 0x96, 0x94, 0x2F, 0x9A, 0x8C, 0x52, 0xAA, 0x94, 0x52, 0xAE, 0x9C, 0x52, 0xAE, 0x9C, 
        0x52, 0xAE, 0x9C, 0x52, 0xAE, 0x9C, 0x52, 0xAE, 0x9C, 0x52, 0xAA, 0x9C, 0x5A, 0xAE, 0xA5, 0x94, 0xCB, 0xC6, 0x8C, 0xC7, 0xC6, 0x7B, 0xBE, 0xBD, 0x7B, 0xBA, 0xBD, 0x84, 0xBE, 0xCE, 0x0F, 0x65, 0xB5, 0x2F, 0x8A, 0xAD, 0x94, 0xCF, 0xBD, 
        0x8C, 0xCB, 0xBD, 0x8C, 0xC7, 0xBD, 0x8C, 0xC7, 0xBD, 0x8C, 0xC7, 0xBD, 0x8C, 0xC7, 0xBD, 0x8C, 0xC7, 0xBD, 0x8C, 0xC7, 0xBD, 0x8C, 0xC7, 0xBD, 0x8C, 0xC7, 0xC6, 0x94, 0xCB, 0xC6, 0x94, 0xCB, 0xC6, 0x94, 0xCB, 0xC6, 0x8C, 0xC7, 0xBD, 
        0x8C, 0xC3, 0xBD, 0x84, 0xBE, 0xBD, 0x84, 0xBA, 0xBD, 0x8C, 0xBE, 0xC6, 0x9C, 0xC7, 0xCE, 0x9C, 0xC7, 0xCE, 0xA5, 0xCB, 0xCE, 0xA5, 0xCB, 0xCE, 0xA5, 0xCF, 0xCE, 0xA5, 0xD3, 0xCE, 0xA5, 0xD3, 0xD6, 0xA5, 0xD3, 0xD6, 0xA5, 0xCF, 0xD6, 
        0xA5, 0xCF, 0xD6, 0xA5, 0xCF, 0xD6, 0xA5, 0xCF, 0xD6, 0xA5, 0xCF, 0xD6, 0xA5, 0xCF, 0xD6, 0xA5, 0xCF, 0xD6, 0x9C, 0xCF, 0xD6, 0x2F, 0x86, 0xBD, 0xA5, 0xC7, 0xDE, 0xFF, 0xFF, 0xFF, 0xFF, 0xFF, 0xFF, 0xFF, 0xFF, 0xFF, 0xFF, 0xFF, 0xFF, 
        0xFF, 0xFF, 0xFF, 0xFF, 0xFF, 0xFF, 0xFF, 0xFF, 0xFF, 0xFF, 0xFF, 0xFF, 0xFF, 0xFF, 0xFF, 0xFF, 0xFF, 0xFF, 0xFF, 0xFF, 0xFF, 0xFF, 0xFF, 0xFF, 0xFF, 0xFF, 0xFF, 0xFF, 0xFF, 0xFF, 0xFF, 0xFF, 0xFF, 0xFF, 0xFF, 0xFF, 0xFF, 0xFF, 0xFF, 
        0xFF, 0xFF, 0xFF,
  0xFF, 0xFF, 0xFF, 0xFF, 0xFF, 0xFF, 0xFF, 0xFF, 0xFF, 0xFF, 0xFF, 0xFF, 0xFF, 0xFF, 0xFF, 0xFF, 0xFF, 0xFF, 0xFF, 0xFF, 0xFF, 0xFF, 0xFF, 0xFF, 0x37, 0x8E, 0x9C, 0x15, 0x86, 0x7B, 0x2F, 0x9A, 0x84, 0x52, 0xAA, 0x94, 0x5A, 0xAE, 0x9C, 0x52, 0xAE, 0x9C, 
        0x52, 0xAE, 0x9C, 0x52, 0xAE, 0x9C, 0x52, 0xAE, 0x9C, 0x52, 0xAE, 0xA5, 0x52, 0xAA, 0xA5, 0x73, 0xBA, 0xB5, 0x94, 0xCB, 0xC6, 0x84, 0xBE, 0xBD, 0x7B, 0xBA, 0xBD, 0x84, 0xBE, 0xCE, 0x0F, 0x65, 0xB5, 0x2F, 0x8A, 0xA5, 0x94, 0xCF, 0xBD, 
        0x8C, 0xCB, 0xBD, 0x8C, 0xCB, 0xBD, 0x8C, 0xC7, 0xBD, 0x8C, 0xC7, 0xBD, 0x8C, 0xC7, 0xBD, 0x8C, 0xCB, 0xBD, 0x94, 0xCB, 0xC6, 0x94, 0xCB, 0xC6, 0x94, 0xCB, 0xBD, 0x84, 0xBE, 0xB5, 0x73, 0xA2, 0xAD, 0x52, 0x7D, 0x9C, 0x41, 0x61, 0x94, 
        0x37, 0x55, 0x94, 0x2F, 0x49, 0x8C, 0x27, 0x3C, 0x8C, 0x27, 0x41, 0x94, 0x27, 0x3C, 0x94, 0x2F, 0x44, 0x94, 0x2F, 0x4D, 0x94, 0x37, 0x4D, 0x8C, 0x4A, 0x61, 0x94, 0x63, 0x82, 0xA5, 0x7B, 0xA2, 0xAD, 0x94, 0xBA, 0xBD, 0xA5, 0xCF, 0xCE, 
        0xA5, 0xD3, 0xD6, 0xA5, 0xD3, 0xD6, 0xA5, 0xCF, 0xD6, 0xA5, 0xCF, 0xD6, 0xA5, 0xCF, 0xD6, 0xA5, 0xCF, 0xD6, 0x9C, 0xCF, 0xD6, 0x2F, 0x86, 0xBD, 0xA5, 0xC7, 0xDE, 0xFF, 0xFF, 0xFF, 0xFF, 0xFF, 0xFF, 0xFF, 0xFF, 0xFF, 0xFF, 0xFF, 0xFF, 
        0xFF, 0xFF, 0xFF, 0xFF, 0xFF, 0xFF, 0xFF, 0xFF, 0xFF, 0xFF, 0xFF, 0xFF, 0xFF, 0xFF, 0xFF, 0xFF, 0xFF, 0xFF, 0xFF, 0xFF, 0xFF, 0xFF, 0xFF, 0xFF, 0xFF, 0xFF, 0xFF, 0xFF, 0xFF, 0xFF, 0xFF, 0xFF, 0xFF, 0xFF, 0xFF, 0xFF, 0xFF, 0xFF, 0xFF, 
        0xFF, 0xFF, 0xFF,
  0xFF, 0xFF, 0xFF, 0xFF, 0xFF, 0xFF, 0xFF, 0xFF, 0xFF, 0xFF, 0xFF, 0xFF, 0xFF, 0xFF, 0xFF, 0xFF, 0xFF, 0xFF, 0xFF, 0xFF, 0xFF, 0xFF, 0xFF, 0xFF, 0x2F, 0x8A, 0x94, 0x15, 0x86, 0x7B, 0x2F, 0x9A, 0x84, 0x52, 0xAA, 0x94, 0x5A, 0xAE, 0x9C, 0x52, 0xAE, 0x9C, 
        0x52, 0xAE, 0x9C, 0x52, 0xAE, 0x9C, 0x52, 0xAE, 0x9C, 0x52, 0xAE, 0xA5, 0x52, 0xAA, 0xA5, 0x63, 0xB2, 0xAD, 0x94, 0xCB, 0xC6, 0x84, 0xC3, 0xC6, 0x7B, 0xBE, 0xBD, 0x84, 0xBE, 0xCE, 0x0F, 0x65, 0xB5, 0x2F, 0x8A, 0xA5, 0x94, 0xCF, 0xBD, 
        0x8C, 0xCB, 0xBD, 0x8C, 0xC7, 0xBD, 0x8C, 0xCB, 0xBD, 0x8C, 0xCB, 0xBD, 0x94, 0xCB, 0xBD, 0x94, 0xCB, 0xBD, 0x8C, 0xC3, 0xBD, 0x73, 0xAA, 0xAD, 0x5A, 0x86, 0x9C, 0x41, 0x59, 0x94, 0x39, 0x49, 0xA5, 0x37, 0x49, 0xB5, 0x4A, 0x59, 0xCE, 
        0x63, 0x6D, 0xD6, 0x6B, 0x79, 0xDE, 0x7B, 0x86, 0xE7, 0x7B, 0x86, 0xE7, 0x73, 0x82, 0xE7, 0x73, 0x7D, 0xE7, 0x63, 0x71, 0xDE, 0x52, 0x61, 0xCE, 0x39, 0x4B, 0xBD, 0x2F, 0x41, 0xA5, 0x27, 0x3C, 0x8C, 0x37, 0x51, 0x94, 0x5A, 0x79, 0x9C, 
        0x84, 0xA6, 0xB5, 0x94, 0xC3, 0xC6, 0xA5, 0xCF, 0xCE, 0xA5, 0xD3, 0xD6, 0xA5, 0xCF, 0xD6, 0xA5, 0xCF, 0xD6, 0x9C, 0xCF, 0xD6, 0x2F, 0x86, 0xBD, 0xA5, 0xC7, 0xDE, 0xFF, 0xFF, 0xFF, 0xFF, 0xFF, 0xFF, 0xFF, 0xFF, 0xFF, 0xFF, 0xFF, 0xFF, 
        0xFF, 0xFF, 0xFF, 0xFF, 0xFF, 0xFF, 0xFF, 0xFF, 0xFF, 0xFF, 0xFF, 0xFF, 0xFF, 0xFF, 0xFF, 0xFF, 0xFF, 0xFF, 0xFF, 0xFF, 0xFF, 0xFF, 0xFF, 0xFF, 0xFF, 0xFF, 0xFF, 0xFF, 0xFF, 0xFF, 0xFF, 0xFF, 0xFF, 0xFF, 0xFF, 0xFF, 0xFF, 0xFF, 0xFF, 
        0xFF, 0xFF, 0xFF,
  0xFF, 0xFF, 0xFF, 0xFF, 0xFF, 0xFF, 0xFF, 0xFF, 0xFF, 0xFF, 0xFF, 0xFF, 0xFF, 0xFF, 0xFF, 0xFF, 0xFF, 0xFF, 0xFF, 0xFF, 0xFF, 0xFF, 0xFF, 0xFF, 0x2F, 0x8E, 0x94, 0x15, 0x86, 0x7B, 0x2F, 0x9A, 0x84, 0x52, 0xAE, 0x94, 0x5A, 0xAE, 0x9C, 0x52, 0xAE, 0x9C, 
        0x52, 0xAE, 0x9C, 0x52, 0xAE, 0x9C, 0x52, 0xAE, 0x9C, 0x52, 0xAE, 0x9C, 0x52, 0xAA, 0x9C, 0x5A, 0xAE, 0xA5, 0x8C, 0xC7, 0xC6, 0x8C, 0xC7, 0xC6, 0x7B, 0xBE, 0xBD, 0x84, 0xBE, 0xC6, 0x0F, 0x65, 0xB5, 0x2F, 0x8A, 0xA5, 0x94, 0xCF, 0xBD, 
        0x8C, 0xCB, 0xBD, 0x8C, 0xCB, 0xBD, 0x8C, 0xCB, 0xBD, 0x94, 0xCF, 0xC6, 0x8C, 0xC3, 0xB5, 0x63, 0x92, 0xA5, 0x41, 0x5D, 0x9C, 0x37, 0x4B, 0xB5, 0x63, 0x71, 0xD6, 0x7B, 0x8E, 0xE7, 0x8C, 0x9A, 0xE7, 0x9C, 0xAA, 0xEF, 0xA5, 0xB6, 0xF9, 
        0xA5, 0xBA, 0xF9, 0xAD, 0xBA, 0xF9, 0xAD, 0xBA, 0xF9, 0xA5, 0xB6, 0xF9, 0x9C, 0xB2, 0xF9, 0x9C, 0xB2, 0xF9, 0x9C, 0xB2, 0xF9, 0x9C, 0xAE, 0xF9, 0x94, 0xAA, 0xF9, 0x8C, 0x9A, 0xEF, 0x7B, 0x8E, 0xE7, 0x6B, 0x7D, 0xDE, 0x4A, 0x5D, 0xC6, 
        0x27, 0x37, 0x9C, 0x2F, 0x49, 0x8C, 0x63, 0x82, 0x9C, 0x8C, 0xB6, 0xB5, 0xA5, 0xCF, 0xD6, 0xAD, 0xD3, 0xDE, 0x9C, 0xCF, 0xD6, 0x2F, 0x86, 0xBD, 0xA5, 0xC7, 0xDE, 0xFF, 0xFF, 0xFF, 0xFF, 0xFF, 0xFF, 0xFF, 0xFF, 0xFF, 0xFF, 0xFF, 0xFF, 
        0xFF, 0xFF, 0xFF, 0xFF, 0xFF, 0xFF, 0xFF, 0xFF, 0xFF, 0xFF, 0xFF, 0xFF, 0xFF, 0xFF, 0xFF, 0xFF, 0xFF, 0xFF, 0xFF, 0xFF, 0xFF, 0xFF, 0xFF, 0xFF, 0xFF, 0xFF, 0xFF, 0xFF, 0xFF, 0xFF, 0xFF, 0xFF, 0xFF, 0xFF, 0xFF, 0xFF, 0xFF, 0xFF, 0xFF, 
        0xFF, 0xFF, 0xFF,
  0xFF, 0xFF, 0xFF, 0xFF, 0xFF, 0xFF, 0xFF, 0xFF, 0xFF, 0xFF, 0xFF, 0xFF, 0xFF, 0xFF, 0xFF, 0xFF, 0xFF, 0xFF, 0xFF, 0xFF, 0xFF, 0xFF, 0xFF, 0xFF, 0x2F, 0x8E, 0x8C, 0x15, 0x86, 0x73, 0x2F, 0x9A, 0x84, 0x52, 0xAE, 0x94, 0x52, 0xAE, 0x9C, 0x52, 0xAE, 0x9C, 
        0x52, 0xAE, 0x9C, 0x52, 0xAE, 0x9C, 0x52, 0xAE, 0x9C, 0x52, 0xAE, 0x9C, 0x52, 0xAE, 0xA5, 0x52, 0xAA, 0xA5, 0x7B, 0xBA, 0xB5, 0x94, 0xCB, 0xC6, 0x7B, 0xBE, 0xBD, 0x84, 0xBE, 0xC6, 0x0F, 0x65, 0xB5, 0x2F, 0x8A, 0xA5, 0x94, 0xCF, 0xBD, 
        0x8C, 0xCB, 0xBD, 0x94, 0xCF, 0xBD, 0x94, 0xCB, 0xBD, 0x73, 0xAA, 0xA5, 0x4A, 0x69, 0x9C, 0x37, 0x44, 0xB5, 0x63, 0x6D, 0xD6, 0x94, 0xA2, 0xF9, 0x9C, 0xB2, 0xF9, 0xA5, 0xB6, 0xF9, 0xAD, 0xBA, 0xF9, 0xAD, 0xBA, 0xF9, 0xAD, 0xBE, 0xF9, 
        0xAD, 0xBE, 0xF9, 0xAD, 0xBE, 0xF9, 0xAD, 0xBE, 0xF9, 0xA5, 0xBA, 0xF9, 0xA5, 0xB6, 0xF9, 0xA5, 0xB6, 0xF9, 0xA5, 0xB6, 0xF9, 0xA5, 0xB6, 0xF9, 0xA5, 0xB6, 0xF9, 0xA5, 0xB2, 0xF9, 0x9C, 0xB2, 0xF9, 0x9C, 0xAE, 0xF9, 0x94, 0xA6, 0xF9, 
        0x7B, 0x8A, 0xE7, 0x41, 0x54, 0xC6, 0x27, 0x34, 0x9C, 0x2F, 0x41, 0x7B, 0x6B, 0x8A, 0x9C, 0x9C, 0xC7, 0xCE, 0xA5, 0xD3, 0xD6, 0x2F, 0x86, 0xBD, 0xA5, 0xC7, 0xE7, 0xFF, 0xFF, 0xFF, 0xFF, 0xFF, 0xFF, 0xFF, 0xFF, 0xFF, 0xFF, 0xFF, 0xFF, 
        0xFF, 0xFF, 0xFF, 0xFF, 0xFF, 0xFF, 0xFF, 0xFF, 0xFF, 0xFF, 0xFF, 0xFF, 0xFF, 0xFF, 0xFF, 0xFF, 0xFF, 0xFF, 0xFF, 0xFF, 0xFF, 0xFF, 0xFF, 0xFF, 0xFF, 0xFF, 0xFF, 0xFF, 0xFF, 0xFF, 0xFF, 0xFF, 0xFF, 0xFF, 0xFF, 0xFF, 0xFF, 0xFF, 0xFF, 
        0xFF, 0xFF, 0xFF,
  0xFF, 0xFF, 0xFF, 0xFF, 0xFF, 0xFF, 0xFF, 0xFF, 0xFF, 0xFF, 0xFF, 0xFF, 0xFF, 0xFF, 0xFF, 0xFF, 0xFF, 0xFF, 0xFF, 0xFF, 0xFF, 0xFF, 0xFF, 0xFF, 0x2F, 0x8E, 0x8C, 0x15, 0x86, 0x73, 0x2F, 0x9E, 0x84, 0x52, 0xAE, 0x94, 0x52, 0xAE, 0x94, 0x52, 0xAE, 0x94, 
        0x52, 0xAE, 0x9C, 0x52, 0xAE, 0x9C, 0x52, 0xAE, 0x9C, 0x52, 0xAE, 0x9C, 0x52, 0xAE, 0x9C, 0x52, 0xAA, 0x9C, 0x63, 0xB2, 0xAD, 0x8C, 0xC7, 0xC6, 0x84, 0xC3, 0xBD, 0x84, 0xBE, 0xC6, 0x0F, 0x65, 0xB5, 0x2F, 0x8A, 0xA5, 0x94, 0xCF, 0xBD, 
        0x94, 0xCF, 0xBD, 0x84, 0xBA, 0xAD, 0x52, 0x79, 0xA5, 0x41, 0x51, 0xAD, 0x6B, 0x79, 0xD6, 0x84, 0x9A, 0xEF, 0xA5, 0xB6, 0xF9, 0xAD, 0xBA, 0xF9, 0xA5, 0xB6, 0xF9, 0xAD, 0xBA, 0xF9, 0xAD, 0xBA, 0xF9, 0xAD, 0xBA, 0xF9, 0xAD, 0xBA, 0xF9, 
        0xA5, 0xBA, 0xF9, 0xA5, 0xB6, 0xF9, 0x9C, 0xB2, 0xF9, 0x9C, 0xAE, 0xF9, 0x9C, 0xAE, 0xF9, 0x9C, 0xB2, 0xF9, 0x9C, 0xB2, 0xF9, 0x9C, 0xB2, 0xF9, 0x9C, 0xB2, 0xF9, 0x9C, 0xB2, 0xF9, 0x9C, 0xB6, 0xF9, 0x9C, 0xB2, 0xF9, 0x9C, 0xB2, 0xF9, 
        0x9C, 0xB6, 0xF9, 0x94, 0xAA, 0xF9, 0x73, 0x8A, 0xE7, 0x5A, 0x6D, 0xCE, 0x2F, 0x3C, 0xA5, 0x2F, 0x49, 0x8C, 0x7B, 0x9E, 0xAD, 0x2F, 0x86, 0xB5, 0xA5, 0xBE, 0xD6, 0xFF, 0xFF, 0xFF, 0xFF, 0xFF, 0xFF, 0xFF, 0xFF, 0xFF, 0xFF, 0xFF, 0xFF, 
        0xFF, 0xFF, 0xFF, 0xFF, 0xFF, 0xFF, 0xFF, 0xFF, 0xFF, 0xFF, 0xFF, 0xFF, 0xFF, 0xFF, 0xFF, 0xFF, 0xFF, 0xFF, 0xFF, 0xFF, 0xFF, 0xFF, 0xFF, 0xFF, 0xFF, 0xFF, 0xFF, 0xFF, 0xFF, 0xFF, 0xFF, 0xFF, 0xFF, 0xFF, 0xFF, 0xFF, 0xFF, 0xFF, 0xFF, 
        0xFF, 0xFF, 0xFF,
  0xFF, 0xFF, 0xFF, 0xFF, 0xFF, 0xFF, 0xFF, 0xFF, 0xFF, 0xFF, 0xFF, 0xFF, 0xFF, 0xFF, 0xFF, 0xFF, 0xFF, 0xFF, 0xFF, 0xFF, 0xFF, 0xFF, 0xFF, 0xFF, 0x2F, 0x8E, 0x8C, 0x15, 0x8A, 0x73, 0x2F, 0x9E, 0x7B, 0x52, 0xAE, 0x94, 0x52, 0xAE, 0x94, 0x52, 0xAE, 0x94, 
        0x52, 0xAE, 0x9C, 0x52, 0xAE, 0x9C, 0x52, 0xAE, 0x9C, 0x52, 0xAE, 0x9C, 0x52, 0xAE, 0x9C, 0x52, 0xAA, 0x9C, 0x5A, 0xAA, 0xA5, 0x84, 0xBE, 0xBD, 0x8C, 0xC3, 0xBD, 0x84, 0xBE, 0xC6, 0x0F, 0x65, 0xB5, 0x2F, 0x8A, 0xA5, 0x9C, 0xD7, 0xBD, 
        0x7B, 0xB2, 0xAD, 0x37, 0x55, 0x9C, 0x41, 0x51, 0xBD, 0x8C, 0x96, 0xEF, 0x9C, 0xAE, 0xF9, 0xA5, 0xBA, 0xF9, 0xAD, 0xBA, 0xF9, 0xAD, 0xBA, 0xF9, 0xAD, 0xBA, 0xF9, 0xAD, 0xB6, 0xF9, 0xA5, 0xB6, 0xF9, 0xA5, 0xB6, 0xF9, 0xA5, 0xB2, 0xF9, 
        0x9C, 0xAE, 0xF9, 0x9C, 0xAA, 0xF9, 0x94, 0xAA, 0xF9, 0x9C, 0xAA, 0xF9, 0x9C, 0xAA, 0xF9, 0x9C, 0xAA, 0xF9, 0x9C, 0xAA, 0xF9, 0x9C, 0xAA, 0xF9, 0x9C, 0xAE, 0xF9, 0x9C, 0xAE, 0xF9, 0x9C, 0xAE, 0xF9, 0x9C, 0xAE, 0xF9, 0x9C, 0xB2, 0xF9, 
        0x9C, 0xB2, 0xF9, 0x9C, 0xB2, 0xF9, 0x9C, 0xB2, 0xF9, 0x8C, 0xA2, 0xF9, 0x73, 0x86, 0xE7, 0x2F, 0x41, 0xB5, 0x1F, 0x2F, 0x84, 0x1F, 0x55, 0x84, 0xAD, 0xB2, 0xBD, 0xFF, 0xFF, 0xFF, 0xFF, 0xFF, 0xFF, 0xFF, 0xFF, 0xFF, 0xFF, 0xFF, 0xFF, 
        0xFF, 0xFF, 0xFF, 0xFF, 0xFF, 0xFF, 0xFF, 0xFF, 0xFF, 0xFF, 0xFF, 0xFF, 0xFF, 0xFF, 0xFF, 0xFF, 0xFF, 0xFF, 0xFF, 0xFF, 0xFF, 0xFF, 0xFF, 0xFF, 0xFF, 0xFF, 0xFF, 0xFF, 0xFF, 0xFF, 0xFF, 0xFF, 0xFF, 0xFF, 0xFF, 0xFF, 0xFF, 0xFF, 0xFF, 
        0xFF, 0xFF, 0xFF,
  0xFF, 0xFF, 0xFF, 0xFF, 0xFF, 0xFF, 0xFF, 0xFF, 0xFF, 0xFF, 0xFF, 0xFF, 0xFF, 0xFF, 0xFF, 0xFF, 0xFF, 0xFF, 0xFF, 0xFF, 0xFF, 0xFF, 0xFF, 0xFF, 0x2F, 0x92, 0x8C, 0x15, 0x8A, 0x73, 0x2F, 0x9E, 0x7B, 0x52, 0xAE, 0x94, 0x52, 0xAE, 0x94, 0x52, 0xAE, 0x94, 
        0x52, 0xAE, 0x94, 0x52, 0xAE, 0x9C, 0x52, 0xAE, 0x9C, 0x52, 0xAE, 0x9C, 0x52, 0xAE, 0x9C, 0x52, 0xAE, 0x9C, 0x52, 0xAA, 0x9C, 0x73, 0xBA, 0xB5, 0x8C, 0xC7, 0xBD, 0x84, 0xBE, 0xC6, 0x0F, 0x65, 0xB5, 0x2F, 0x8A, 0xA5, 0x6B, 0xA2, 0xA5, 
        0x41, 0x54, 0xAD, 0x63, 0x71, 0xD6, 0x8C, 0x9E, 0xEF, 0x9C, 0xB2, 0xF9, 0xA5, 0xB6, 0xF9, 0xA5, 0xB6, 0xF9, 0xA5, 0xB6, 0xF9, 0xA5, 0xB6, 0xF9, 0xA5, 0xB2, 0xF9, 0xA5, 0xB2, 0xF9, 0x9C, 0xAE, 0xF9, 0x94, 0xAA, 0xF9, 0x94, 0xA6, 0xF9, 
        0x94, 0xA6, 0xF9, 0x94, 0xA6, 0xF9, 0x94, 0xA6, 0xF9, 0x94, 0xA6, 0xF9, 0x94, 0xA6, 0xF9, 0x94, 0xA6, 0xF9, 0x94, 0xA6, 0xF9, 0x94, 0xA6, 0xEF, 0x94, 0xA6, 0xF9, 0x94, 0xAA, 0xF9, 0x94, 0xAA, 0xEF, 0x94, 0xAA, 0xEF, 0x94, 0xAA, 0xF9, 
        0x9C, 0xAE, 0xF9, 0x9C, 0xAE, 0xEF, 0x9C, 0xAE, 0xF9, 0x9C, 0xAE, 0xF9, 0x94, 0xAA, 0xEF, 0x84, 0x96, 0xEF, 0x52, 0x65, 0xCE, 0x1F, 0x34, 0x9C, 0x52, 0x59, 0x84, 0xC6, 0xC3, 0xC6, 0xFF, 0xFF, 0xFF, 0xFF, 0xFF, 0xFF, 0xFF, 0xFF, 0xFF, 
        0xFF, 0xFF, 0xFF, 0xFF, 0xFF, 0xFF, 0xFF, 0xFF, 0xFF, 0xFF, 0xFF, 0xFF, 0xFF, 0xFF, 0xFF, 0xFF, 0xFF, 0xFF, 0xFF, 0xFF, 0xFF, 0xFF, 0xFF, 0xFF, 0xFF, 0xFF, 0xFF, 0xFF, 0xFF, 0xFF, 0xFF, 0xFF, 0xFF, 0xFF, 0xFF, 0xFF, 0xFF, 0xFF, 0xFF, 
        0xFF, 0xFF, 0xFF,
  0xFF, 0xFF, 0xFF, 0xFF, 0xFF, 0xFF, 0xFF, 0xFF, 0xFF, 0xFF, 0xFF, 0xFF, 0xFF, 0xFF, 0xFF, 0xFF, 0xFF, 0xFF, 0xFF, 0xFF, 0xFF, 0xFF, 0xFF, 0xFF, 0x2F, 0x92, 0x8C, 0x15, 0x8A, 0x6B, 0x2F, 0x9E, 0x7B, 0x52, 0xAE, 0x94, 0x52, 0xAE, 0x94, 0x52, 0xAE, 0x94, 
        0x52, 0xAE, 0x94, 0x52, 0xAE, 0x94, 0x52, 0xAE, 0x9C, 0x52, 0xAE, 0x9C, 0x52, 0xAE, 0x9C, 0x52, 0xAE, 0x9C, 0x52, 0xAA, 0x9C, 0x6B, 0xB6, 0xAD, 0x8C, 0xC7, 0xC6, 0x84, 0xBE, 0xC6, 0x0F, 0x6D, 0xAD, 0x0C, 0x61, 0x9C, 0x2F, 0x44, 0xA5, 
        0x6B, 0x75, 0xDE, 0x94, 0xAA, 0xF9, 0x9C, 0xB2, 0xF9, 0xA5, 0xB6, 0xF9, 0xA5, 0xB6, 0xF9, 0xA5, 0xB2, 0xF9, 0xA5, 0xB2, 0xF9, 0x9C, 0xAE, 0xF9, 0x9C, 0xAE, 0xF9, 0x94, 0xAA, 0xF9, 0x94, 0xA6, 0xF9, 0x8C, 0xA2, 0xF9, 0x8C, 0xA2, 0xF9, 
        0x8C, 0xA2, 0xEF, 0x8C, 0xA2, 0xF9, 0x8C, 0xA2, 0xF9, 0x8C, 0xA2, 0xF9, 0x8C, 0xA2, 0xF9, 0x8C, 0xA2, 0xEF, 0x8C, 0xA2, 0xF9, 0x8C, 0xA2, 0xF9, 0x8C, 0xA2, 0xEF, 0x8C, 0xA6, 0xF9, 0x94, 0xA6, 0xEF, 0x94, 0xA6, 0xEF, 0x94, 0xA6, 0xEF, 
        0x94, 0xAA, 0xEF, 0x94, 0xAA, 0xEF, 0x94, 0xAA, 0xEF, 0x94, 0xAA, 0xEF, 0x94, 0xAE, 0xEF, 0x94, 0xAA, 0xEF, 0x84, 0x9E, 0xEF, 0x6B, 0x82, 0xE7, 0x27, 0x37, 0xAD, 0x2F, 0x3C, 0x7B, 0xB5, 0xB6, 0xB5, 0xFF, 0xFF, 0xFF, 0xFF, 0xFF, 0xFF, 
        0xFF, 0xFF, 0xFF, 0xFF, 0xFF, 0xFF, 0xFF, 0xFF, 0xFF, 0xFF, 0xFF, 0xFF, 0xFF, 0xFF, 0xFF, 0xFF, 0xFF, 0xFF, 0xFF, 0xFF, 0xFF, 0xFF, 0xFF, 0xFF, 0xFF, 0xFF, 0xFF, 0xFF, 0xFF, 0xFF, 0xFF, 0xFF, 0xFF, 0xFF, 0xFF, 0xFF, 0xFF, 0xFF, 0xFF, 
        0xFF, 0xFF, 0xFF,
  0xFF, 0xFF, 0xFF, 0xFF, 0xFF, 0xFF, 0xFF, 0xFF, 0xFF, 0xFF, 0xFF, 0xFF, 0xFF, 0xFF, 0xFF, 0xFF, 0xFF, 0xFF, 0xFF, 0xFF, 0xFF, 0xFF, 0xFF, 0xFF, 0x2F, 0x92, 0x8C, 0x15, 0x8A, 0x6B, 0x2F, 0x9E, 0x7B, 0x52, 0xAE, 0x8C, 0x52, 0xB2, 0x94, 0x52, 0xAE, 0x94, 
        0x52, 0xAE, 0x94, 0x52, 0xAE, 0x94, 0x52, 0xAE, 0x9C, 0x52, 0xAE, 0x9C, 0x52, 0xAE, 0x9C, 0x52, 0xAE, 0x9C, 0x52, 0xAA, 0x9C, 0x63, 0xB2, 0xAD, 0x8C, 0xC7, 0xBD, 0x84, 0xBE, 0xC6, 0x0C, 0x69, 0xAD, 0x0C, 0x59, 0xAD, 0x6B, 0x7D, 0xDE, 
        0x94, 0xA6, 0xF9, 0x9C, 0xB2, 0xF9, 0xA5, 0xB6, 0xF9, 0xA5, 0xB2, 0xF9, 0xA5, 0xB2, 0xF9, 0x9C, 0xAE, 0xF9, 0x9C, 0xAE, 0xF9, 0x94, 0xAA, 0xF9, 0x94, 0xAA, 0xF9, 0x94, 0xA6, 0xF9, 0x94, 0xA2, 0xF9, 0x8C, 0xA2, 0xF9, 0x8C, 0xA2, 0xF9, 
        0x8C, 0x9E, 0xEF, 0x8C, 0x9E, 0xF9, 0x8C, 0x9E, 0xF9, 0x8C, 0x9E, 0xF9, 0x8C, 0xA2, 0xF9, 0x8C, 0xA2, 0xF9, 0x94, 0xA6, 0xF9, 0x94, 0xA6, 0xF9, 0x94, 0xA6, 0xF9, 0x94, 0xA6, 0xF9, 0x94, 0xA6, 0xF9, 0x94, 0xA6, 0xF9, 0x94, 0xA6, 0xEF, 
        0x8C, 0xA6, 0xEF, 0x94, 0xA6, 0xEF, 0x94, 0xA6, 0xEF, 0x94, 0xAA, 0xEF, 0x94, 0xAA, 0xEF, 0x94, 0xAE, 0xEF, 0x8C, 0xAA, 0xEF, 0x8C, 0xA2, 0xEF, 0x6B, 0x7D, 0xDE, 0x2F, 0x49, 0xC6, 0x39, 0x44, 0x84, 0xB5, 0xB6, 0xB5, 0xFF, 0xFF, 0xFF, 
        0xFF, 0xFF, 0xFF, 0xFF, 0xFF, 0xFF, 0xFF, 0xFF, 0xFF, 0xFF, 0xFF, 0xFF, 0xFF, 0xFF, 0xFF, 0xFF, 0xFF, 0xFF, 0xFF, 0xFF, 0xFF, 0xFF, 0xFF, 0xFF, 0xFF, 0xFF, 0xFF, 0xFF, 0xFF, 0xFF, 0xFF, 0xFF, 0xFF, 0xFF, 0xFF, 0xFF, 0xFF, 0xFF, 0xFF, 
        0xFF, 0xFF, 0xFF,
  0xFF, 0xFF, 0xFF, 0xFF, 0xFF, 0xFF, 0xFF, 0xFF, 0xFF, 0xFF, 0xFF, 0xFF, 0xFF, 0xFF, 0xFF, 0xFF, 0xFF, 0xFF, 0xFF, 0xFF, 0xFF, 0xFF, 0xFF, 0xFF, 0x2F, 0x92, 0x84, 0x15, 0x8A, 0x6B, 0x2F, 0x9E, 0x7B, 0x52, 0xAE, 0x8C, 0x52, 0xB2, 0x94, 0x52, 0xB2, 0x94, 
        0x52, 0xAE, 0x94, 0x52, 0xAE, 0x94, 0x52, 0xAE, 0x94, 0x52, 0xAE, 0x9C, 0x52, 0xAE, 0x9C, 0x52, 0xAE, 0x9C, 0x52, 0xAA, 0x9C, 0x5A, 0xAE, 0xA5, 0x84, 0xBE, 0xBD, 0x84, 0xBA, 0xC6, 0x03, 0x65, 0xAD, 0x27, 0x6D, 0xBD, 0x94, 0xAA, 0xF9, 
        0x9C, 0xB2, 0xF9, 0xA5, 0xB6, 0xF9, 0x9C, 0xB2, 0xF9, 0x9C, 0xAE, 0xF9, 0x9C, 0xAE, 0xF9, 0x9C, 0xAE, 0xF9, 0x9C, 0xAA, 0xF9, 0x94, 0xAA, 0xF9, 0x94, 0xAA, 0xF9, 0x94, 0xA6, 0xF9, 0x94, 0xA6, 0xF9, 0x94, 0xA6, 0xF9, 0x8C, 0xA2, 0xF9, 
        0x8C, 0xA2, 0xF9, 0x8C, 0x9E, 0xF9, 0x8C, 0xA2, 0xF9, 0x8C, 0xA6, 0xF9, 0x94, 0xA6, 0xF9, 0x9C, 0xAA, 0xF9, 0x9C, 0xAE, 0xF9, 0x9C, 0xAE, 0xF9, 0x9C, 0xAE, 0xF9, 0x9C, 0xAE, 0xF9, 0x9C, 0xAE, 0xF9, 0x9C, 0xAE, 0xF9, 0x9C, 0xAA, 0xF9, 
        0x94, 0xA6, 0xEF, 0x8C, 0xA6, 0xEF, 0x8C, 0xA2, 0xEF, 0x94, 0xA6, 0xEF, 0x94, 0xA6, 0xEF, 0x94, 0xAA, 0xEF, 0x94, 0xAA, 0xEF, 0x94, 0xAA, 0xEF, 0x84, 0xA2, 0xEF, 0x73, 0x8A, 0xE7, 0x2F, 0x44, 0xBD, 0x1F, 0x34, 0x73, 0xCE, 0xCF, 0xCE, 
        0xFF, 0xFF, 0xFF, 0xFF, 0xFF, 0xFF, 0xFF, 0xFF, 0xFF, 0xFF, 0xFF, 0xFF, 0xFF, 0xFF, 0xFF, 0xFF, 0xFF, 0xFF, 0xFF, 0xFF, 0xFF, 0xFF, 0xFF, 0xFF, 0xFF, 0xFF, 0xFF, 0xFF, 0xFF, 0xFF, 0xFF, 0xFF, 0xFF, 0xFF, 0xFF, 0xFF, 0xFF, 0xFF, 0xFF, 
        0xFF, 0xFF, 0xFF,
  0xFF, 0xFF, 0xFF, 0xFF, 0xFF, 0xFF, 0xFF, 0xFF, 0xFF, 0xFF, 0xFF, 0xFF, 0xFF, 0xFF, 0xFF, 0xFF, 0xFF, 0xFF, 0xFF, 0xFF, 0xFF, 0xFF, 0xFF, 0xFF, 0x2F, 0x92, 0x8C, 0x15, 0x8A, 0x6B, 0x2F, 0x9E, 0x7B, 0x52, 0xAE, 0x8C, 0x52, 0xB2, 0x94, 0x52, 0xAE, 0x94, 
        0x52, 0xAE, 0x94, 0x52, 0xAE, 0x94, 0x52, 0xAE, 0x94, 0x52, 0xAE, 0x9C, 0x52, 0xAE, 0x9C, 0x52, 0xAE, 0x9C, 0x52, 0xAE, 0x9C, 0x52, 0xA6, 0xA5, 0x6B, 0xAA, 0xB5, 0x84, 0xB2, 0xCE, 0x03, 0x65, 0xAD, 0x27, 0x75, 0xC6, 0xA5, 0xB6, 0xF9, 
        0xA5, 0xB2, 0xF9, 0x9C, 0xAE, 0xF9, 0x9C, 0xAE, 0xF9, 0x9C, 0xAE, 0xF9, 0x9C, 0xAE, 0xF9, 0x9C, 0xAA, 0xF9, 0x9C, 0xAA, 0xF9, 0x94, 0xAA, 0xF9, 0x94, 0xAA, 0xF9, 0x94, 0xAA, 0xF9, 0x94, 0xA6, 0xF9, 0x94, 0xA6, 0xF9, 0x94, 0xA6, 0xF9, 
        0x94, 0xA6, 0xF9, 0x9C, 0xAA, 0xF9, 0x9C, 0xAE, 0xF9, 0x9C, 0xAE, 0xF9, 0x9C, 0xAA, 0xF9, 0x9C, 0xAA, 0xF9, 0x9C, 0xAA, 0xF9, 0x9C, 0xAA, 0xF9, 0x9C, 0xAE, 0xF9, 0x9C, 0xAE, 0xF9, 0x9C, 0xAE, 0xF9, 0x9C, 0xAE, 0xF9, 0x9C, 0xAE, 0xF9, 
        0x9C, 0xAE, 0xF9, 0x9C, 0xAE, 0xF9, 0x94, 0xAA, 0xF9, 0x8C, 0xA6, 0xEF, 0x8C, 0xA2, 0xEF, 0x94, 0xA6, 0xEF, 0x94, 0xA6, 0xEF, 0x94, 0xA6, 0xEF, 0x8C, 0xAA, 0xEF, 0x8C, 0xA2, 0xEF, 0x6B, 0x86, 0xE7, 0x2F, 0x44, 0xB5, 0x4A, 0x54, 0x84, 
        0xC6, 0xCB, 0xC6, 0xFF, 0xFF, 0xFF, 0xFF, 0xFF, 0xFF, 0xFF, 0xFF, 0xFF, 0xFF, 0xFF, 0xFF, 0xFF, 0xFF, 0xFF, 0xFF, 0xFF, 0xFF, 0xFF, 0xFF, 0xFF, 0xFF, 0xFF, 0xFF, 0xFF, 0xFF, 0xFF, 0xFF, 0xFF, 0xFF, 0xFF, 0xFF, 0xFF, 0xFF, 0xFF, 0xFF, 
        0xFF, 0xFF, 0xFF,
  0xFF, 0xFF, 0xFF, 0xFF, 0xFF, 0xFF, 0xFF, 0xFF, 0xFF, 0xFF, 0xFF, 0xFF, 0xFF, 0xFF, 0xFF, 0xFF, 0xFF, 0xFF, 0xFF, 0xFF, 0xFF, 0xFF, 0xFF, 0xFF, 0x2F, 0x92, 0x8C, 0x15, 0x8A, 0x6B, 0x2F, 0x9E, 0x7B, 0x52, 0xAE, 0x8C, 0x52, 0xB2, 0x94, 0x52, 0xB2, 0x94, 
        0x52, 0xAE, 0x94, 0x52, 0xAE, 0x94, 0x52, 0xAE, 0x94, 0x52, 0xAE, 0x9C, 0x52, 0xAE, 0x9C, 0x52, 0xAE, 0x9C, 0x52, 0xAA, 0x9C, 0x4A, 0x9A, 0x9C, 0x5A, 0x96, 0xAD, 0x84, 0xB2, 0xCE, 0x03, 0x65, 0xAD, 0x2F, 0x79, 0xBD, 0xA5, 0xB6, 0xF9, 
        0x9C, 0xAE, 0xF9, 0x9C, 0xAE, 0xF9, 0x9C, 0xAE, 0xF9, 0x9C, 0xAE, 0xF9, 0x9C, 0xAA, 0xF9, 0x94, 0xAA, 0xF9, 0x94, 0xA6, 0xF9, 0x94, 0xA6, 0xF9, 0x94, 0xA6, 0xF9, 0x94, 0xA6, 0xF9, 0x8C, 0xA2, 0xF9, 0x8C, 0xA2, 0xF9, 0x94, 0xAA, 0xF9, 
        0xA5, 0xAE, 0xF9, 0xA5, 0xB2, 0xF9, 0xA5, 0xB2, 0xF9, 0xA5, 0xB2, 0xF9, 0x9C, 0xAE, 0xF9, 0x94, 0xA6, 0xF9, 0x94, 0xA6, 0xF9, 0x94, 0xA6, 0xF9, 0x94, 0xA6, 0xF9, 0x94, 0xAA, 0xF9, 0x9C, 0xAA, 0xF9, 0x9C, 0xAA, 0xF9, 0x9C, 0xAE, 0xF9, 
        0x9C, 0xAE, 0xF9, 0x9C, 0xB2, 0xF9, 0x9C, 0xB2, 0xF9, 0x9C, 0xAE, 0xF9, 0x94, 0xA6, 0xEF, 0x8C, 0xA2, 0xEF, 0x8C, 0xA2, 0xEF, 0x8C, 0xA6, 0xEF, 0x8C, 0xA6, 0xEF, 0x8C, 0xAA, 0xEF, 0x8C, 0xA2, 0xEF, 0x6B, 0x82, 0xE7, 0x1F, 0x2F, 0xA5, 
        0x41, 0x51, 0x7B, 0xEF, 0xEB, 0xEF, 0xFF, 0xFF, 0xFF, 0xFF, 0xFF, 0xFF, 0xFF, 0xFF, 0xFF, 0xFF, 0xFF, 0xFF, 0xFF, 0xFF, 0xFF, 0xFF, 0xFF, 0xFF, 0xFF, 0xFF, 0xFF, 0xFF, 0xFF, 0xFF, 0xFF, 0xFF, 0xFF, 0xFF, 0xFF, 0xFF, 0xFF, 0xFF, 0xFF, 
        0xFF, 0xFF, 0xFF,
  0xFF, 0xFF, 0xFF, 0xFF, 0xFF, 0xFF, 0xFF, 0xFF, 0xFF, 0xFF, 0xFF, 0xFF, 0xFF, 0xFF, 0xFF, 0xFF, 0xFF, 0xFF, 0xFF, 0xFF, 0xFF, 0xFF, 0xFF, 0xFF, 0x2F, 0x92, 0x8C, 0x15, 0x8A, 0x6B, 0x2F, 0x9E, 0x7B, 0x52, 0xAE, 0x8C, 0x52, 0xB2, 0x8C, 0x52, 0xB2, 0x94, 
        0x52, 0xB2, 0x94, 0x52, 0xAE, 0x94, 0x52, 0xAE, 0x94, 0x52, 0xAE, 0x94, 0x52, 0xAE, 0x9C, 0x52, 0xAE, 0x9C, 0x52, 0xA6, 0x9C, 0x41, 0x8E, 0x9C, 0x4A, 0x8E, 0xAD, 0x84, 0xB2, 0xD6, 0x03, 0x65, 0xA5, 0x2F, 0x79, 0xBD, 0xA5, 0xB6, 0xFF, 
        0x9C, 0xAE, 0xF9, 0x9C, 0xAE, 0xF9, 0x9C, 0xAE, 0xF9, 0x9C, 0xAA, 0xF9, 0x94, 0xAA, 0xF9, 0x94, 0xA6, 0xF9, 0x94, 0xA6, 0xF9, 0x8C, 0xA6, 0xF9, 0x8C, 0xA2, 0xF9, 0x8C, 0xA2, 0xF9, 0x8C, 0xA2, 0xF9, 0x94, 0xA6, 0xF9, 0x9C, 0xAE, 0xF9, 
        0xA5, 0xB2, 0xF9, 0xA5, 0xB2, 0xF9, 0xA5, 0xB2, 0xF9, 0xA5, 0xB2, 0xF9, 0x9C, 0xAE, 0xF9, 0x94, 0xAA, 0xF9, 0x94, 0xA6, 0xF9, 0x94, 0xA6, 0xF9, 0x94, 0xA6, 0xF9, 0x94, 0xA6, 0xF9, 0x94, 0xA6, 0xF9, 0x94, 0xAA, 0xF9, 0x94, 0xAA, 0xF9, 
        0x9C, 0xAA, 0xF9, 0x9C, 0xAE, 0xF9, 0x9C, 0xAE, 0xF9, 0x9C, 0xB2, 0xF9, 0x9C, 0xAE, 0xF9, 0x94, 0xA6, 0xEF, 0x8C, 0xA2, 0xEF, 0x8C, 0xA2, 0xEF, 0x8C, 0xA6, 0xEF, 0x8C, 0xA6, 0xEF, 0x8C, 0xA6, 0xEF, 0x7B, 0x9A, 0xE7, 0x52, 0x65, 0xCE, 
        0x15, 0x2A, 0x9C, 0x7B, 0x7D, 0x8C, 0xF9, 0xF9, 0xF8, 0xFF, 0xFF, 0xFF, 0xFF, 0xFF, 0xFF, 0xFF, 0xFF, 0xFF, 0xFF, 0xFF, 0xFF, 0xFF, 0xFF, 0xFF, 0xFF, 0xFF, 0xFF, 0xFF, 0xFF, 0xFF, 0xFF, 0xFF, 0xFF, 0xFF, 0xFF, 0xFF, 0xFF, 0xFF, 0xFF, 
        0xFF, 0xFF, 0xFF,
  0xFF, 0xFF, 0xFF, 0xFF, 0xFF, 0xFF, 0xFF, 0xFF, 0xFF, 0xFF, 0xFF, 0xFF, 0xFF, 0xFF, 0xFF, 0xFF, 0xFF, 0xFF, 0xFF, 0xFF, 0xFF, 0xFF, 0xFF, 0xFF, 0x2F, 0x92, 0x84, 0x15, 0x8A, 0x6B, 0x2F, 0x9E, 0x73, 0x52, 0xAE, 0x8C, 0x52, 0xB2, 0x8C, 0x52, 0xB2, 0x8C, 
        0x52, 0xB2, 0x94, 0x52, 0xB2, 0x94, 0x52, 0xAE, 0x94, 0x52, 0xAE, 0x94, 0x52, 0xAE, 0x9C, 0x52, 0xAE, 0x9C, 0x4A, 0x9E, 0x9C, 0x37, 0x86, 0xA5, 0x4A, 0x8A, 0xB5, 0x7B, 0xB6, 0xD6, 0x03, 0x65, 0xA5, 0x2F, 0x79, 0xBD, 0x9C, 0xAE, 0xF9, 
        0x9C, 0xAA, 0xF9, 0x9C, 0xAA, 0xF9, 0x94, 0xAA, 0xF9, 0x94, 0xAA, 0xF9, 0x94, 0xA6, 0xF9, 0x8C, 0xA2, 0xF9, 0x8C, 0xA2, 0xF9, 0x8C, 0xA2, 0xF9, 0x8C, 0x9E, 0xF9, 0x84, 0x9E, 0xF9, 0x8C, 0xA2, 0xF9, 0x9C, 0xAE, 0xF9, 0xA5, 0xAE, 0xF9, 
        0x9C, 0xAE, 0xF9, 0x9C, 0xAE, 0xF9, 0x9C, 0xAE, 0xF9, 0x9C, 0xAE, 0xF9, 0x9C, 0xAE, 0xF9, 0x9C, 0xAE, 0xF9, 0x94, 0xA6, 0xF9, 0x8C, 0xA2, 0xF9, 0x8C, 0xA2, 0xF9, 0x8C, 0xA6, 0xF9, 0x8C, 0xA6, 0xF9, 0x8C, 0xA6, 0xF9, 0x94, 0xA6, 0xF9, 
        0x94, 0xAA, 0xF9, 0x94, 0xAA, 0xF9, 0x9C, 0xAA, 0xF9, 0x9C, 0xAE, 0xF9, 0x9C, 0xAE, 0xF9, 0x9C, 0xAE, 0xF9, 0x94, 0xAA, 0xEF, 0x8C, 0x9E, 0xEF, 0x8C, 0xA2, 0xEF, 0x8C, 0xA2, 0xEF, 0x8C, 0xA6, 0xEF, 0x8C, 0xA6, 0xE7, 0x7B, 0x9A, 0xE7, 
        0x4A, 0x65, 0xCE, 0x1F, 0x2F, 0x84, 0x8C, 0x92, 0x94, 0xFF, 0xFF, 0xFF, 0xFF, 0xFF, 0xFF, 0xFF, 0xFF, 0xFF, 0xFF, 0xFF, 0xFF, 0xFF, 0xFF, 0xFF, 0xFF, 0xFF, 0xFF, 0xFF, 0xFF, 0xFF, 0xFF, 0xFF, 0xFF, 0xFF, 0xFF, 0xFF, 0xFF, 0xFF, 0xFF, 
        0xFF, 0xFF, 0xFF,
  0xFF, 0xFF, 0xFF, 0xFF, 0xFF, 0xFF, 0xFF, 0xFF, 0xFF, 0xFF, 0xFF, 0xFF, 0xFF, 0xFF, 0xFF, 0xFF, 0xFF, 0xFF, 0xFF, 0xFF, 0xFF, 0xFF, 0xFF, 0xFF, 0x2F, 0x92, 0x84, 0x15, 0x8A, 0x6B, 0x2F, 0x9E, 0x7B, 0x52, 0xAE, 0x8C, 0x52, 0xB2, 0x8C, 0x52, 0xB2, 0x8C, 
        0x52, 0xB2, 0x8C, 0x52, 0xB2, 0x94, 0x52, 0xAE, 0x94, 0x52, 0xAE, 0x94, 0x52, 0xAE, 0x94, 0x52, 0xA6, 0x9C, 0x41, 0x92, 0x9C, 0x41, 0x86, 0xAD, 0x52, 0x92, 0xBD, 0x7B, 0xB2, 0xD6, 0x03, 0x65, 0xAD, 0x27, 0x75, 0xBD, 0x9C, 0xAE, 0xF9, 
        0x94, 0xAA, 0xF9, 0x94, 0xAA, 0xF9, 0x94, 0xA6, 0xF9, 0x8C, 0xA6, 0xF9, 0x8C, 0xA2, 0xF9, 0x8C, 0xA2, 0xF9, 0x84, 0x9E, 0xF9, 0x84, 0x9E, 0xF9, 0x84, 0x9E, 0xF9, 0x84, 0x9E, 0xF9, 0x94, 0xA6, 0xF9, 0x9C, 0xAE, 0xF9, 0x9C, 0xAE, 0xF9, 
        0x9C, 0xAE, 0xF9, 0x9C, 0xAE, 0xF9, 0x9C, 0xAE, 0xF9, 0x9C, 0xAE, 0xF9, 0x9C, 0xAE, 0xF9, 0x9C, 0xAE, 0xF9, 0x94, 0xAA, 0xF9, 0x8C, 0xA2, 0xF9, 0x8C, 0xA2, 0xF9, 0x8C, 0xA2, 0xF9, 0x8C, 0xA2, 0xF9, 0x8C, 0xA6, 0xF9, 0x8C, 0xA2, 0xF9, 
        0x8C, 0xA6, 0xF9, 0x94, 0xAA, 0xF9, 0x94, 0xAA, 0xF9, 0x94, 0xAA, 0xF9, 0x9C, 0xAE, 0xF9, 0x9C, 0xAE, 0xF9, 0x9C, 0xAE, 0xF9, 0x94, 0xA6, 0xEF, 0x8C, 0x9E, 0xEF, 0x8C, 0xA2, 0xEF, 0x8C, 0xA2, 0xEF, 0x8C, 0xA6, 0xEF, 0x84, 0x9E, 0xE7, 
        0x73, 0x92, 0xE7, 0x2F, 0x44, 0xB5, 0x2F, 0x3C, 0x7B, 0xC6, 0xC3, 0xC6, 0xFF, 0xFF, 0xFF, 0xFF, 0xFF, 0xFF, 0xFF, 0xFF, 0xFF, 0xFF, 0xFF, 0xFF, 0xFF, 0xFF, 0xFF, 0xFF, 0xFF, 0xFF, 0xFF, 0xFF, 0xFF, 0xFF, 0xFF, 0xFF, 0xFF, 0xFF, 0xFF, 
        0xFF, 0xFF, 0xFF,
  0xFF, 0xFF, 0xFF, 0xFF, 0xFF, 0xFF, 0xFF, 0xFF, 0xFF, 0xFF, 0xFF, 0xFF, 0xFF, 0xFF, 0xFF, 0xFF, 0xFF, 0xFF, 0xFF, 0xFF, 0xFF, 0xFF, 0xFF, 0xFF, 0x2F, 0x92, 0x84, 0x15, 0x8A, 0x6B, 0x2F, 0x9E, 0x7B, 0x52, 0xB2, 0x8C, 0x52, 0xB2, 0x8C, 0x52, 0xB2, 0x8C, 
        0x52, 0xB2, 0x8C, 0x52, 0xAE, 0x94, 0x52, 0xAE, 0x94, 0x52, 0xAE, 0x94, 0x52, 0xAE, 0x94, 0x4A, 0x9E, 0x94, 0x39, 0x86, 0x9C, 0x41, 0x8A, 0xB5, 0x52, 0x9A, 0xBD, 0x73, 0xAE, 0xCE, 0x03, 0x65, 0xAD, 0x2F, 0x75, 0xBD, 0x9C, 0xAE, 0xF9, 
        0x94, 0xAA, 0xF9, 0x8C, 0xA6, 0xF9, 0x8C, 0xA6, 0xF9, 0x8C, 0xA2, 0xF9, 0x84, 0xA2, 0xF9, 0x84, 0x9E, 0xF9, 0x84, 0x9A, 0xF9, 0x84, 0x9A, 0xF9, 0x84, 0x9A, 0xF9, 0x8C, 0xA2, 0xF9, 0x94, 0xAA, 0xF9, 0x9C, 0xAE, 0xF9, 0x9C, 0xAA, 0xF9, 
        0x9C, 0xAA, 0xF9, 0x9C, 0xAA, 0xF9, 0x9C, 0xAA, 0xF9, 0x9C, 0xAA, 0xF9, 0x9C, 0xAE, 0xF9, 0x9C, 0xAE, 0xF9, 0x9C, 0xAA, 0xF9, 0x8C, 0xA6, 0xF9, 0x84, 0x9E, 0xF9, 0x84, 0x9E, 0xF9, 0x84, 0xA2, 0xF9, 0x8C, 0xA2, 0xF9, 0x8C, 0xA2, 0xF9, 
        0x8C, 0xA2, 0xF9, 0x8C, 0xA6, 0xF9, 0x8C, 0xA6, 0xF9, 0x94, 0xA6, 0xF9, 0x94, 0xAA, 0xF9, 0x94, 0xAA, 0xF9, 0x9C, 0xAE, 0xF9, 0x9C, 0xAE, 0xF9, 0x8C, 0xA6, 0xEF, 0x84, 0x9E, 0xEF, 0x84, 0x9E, 0xEF, 0x84, 0xA2, 0xE7, 0x8C, 0xA2, 0xE7, 
        0x84, 0xA2, 0xEF, 0x63, 0x7D, 0xDE, 0x15, 0x2A, 0x9C, 0x5A, 0x65, 0x7B, 0xF9, 0xF9, 0xF8, 0xFF, 0xFF, 0xFF, 0xFF, 0xFF, 0xFF, 0xFF, 0xFF, 0xFF, 0xFF, 0xFF, 0xFF, 0xFF, 0xFF, 0xFF, 0xFF, 0xFF, 0xFF, 0xFF, 0xFF, 0xFF, 0xFF, 0xFF, 0xFF, 
        0xFF, 0xFF, 0xFF,
  0xFF, 0xFF, 0xFF, 0xFF, 0xFF, 0xFF, 0xFF, 0xFF, 0xFF, 0xFF, 0xFF, 0xFF, 0xFF, 0xFF, 0xFF, 0xFF, 0xFF, 0xFF, 0xFF, 0xFF, 0xFF, 0xFF, 0xFF, 0xFF, 0x2F, 0x92, 0x84, 0x15, 0x8A, 0x6B, 0x2F, 0x9E, 0x73, 0x52, 0xB2, 0x8C, 0x52, 0xB2, 0x8C, 0x52, 0xB2, 0x8C, 
        0x52, 0xB2, 0x8C, 0x52, 0xB2, 0x94, 0x52, 0xAE, 0x94, 0x52, 0xAE, 0x94, 0x52, 0xAA, 0x94, 0x41, 0x92, 0x94, 0x37, 0x82, 0xA5, 0x4A, 0x92, 0xB5, 0x52, 0x9A, 0xBD, 0x73, 0xAE, 0xCE, 0x0C, 0x65, 0xA5, 0x2F, 0x75, 0xBD, 0x9C, 0xAE, 0xF9, 
        0x94, 0xA6, 0xF9, 0x8C, 0xA2, 0xF9, 0x8C, 0xA2, 0xF9, 0x84, 0xA2, 0xF9, 0x84, 0x9E, 0xF9, 0x84, 0x9A, 0xF9, 0x7B, 0x9A, 0xF9, 0x7B, 0x9A, 0xF9, 0x84, 0x9E, 0xF9, 0x94, 0xAA, 0xF9, 0x9C, 0xAA, 0xF9, 0x94, 0xAA, 0xF9, 0x94, 0xAA, 0xF9, 
        0x94, 0xAA, 0xF9, 0x94, 0xAA, 0xF9, 0x94, 0xAA, 0xF9, 0x94, 0xAA, 0xF9, 0x94, 0xAA, 0xF9, 0x94, 0xAA, 0xF9, 0x94, 0xAA, 0xF9, 0x94, 0xAA, 0xF9, 0x84, 0xA2, 0xF9, 0x84, 0x9E, 0xF9, 0x84, 0x9E, 0xF9, 0x84, 0x9E, 0xF9, 0x84, 0xA2, 0xF9, 
        0x84, 0xA2, 0xF9, 0x8C, 0xA2, 0xF9, 0x8C, 0xA2, 0xF9, 0x8C, 0xA6, 0xF9, 0x94, 0xA6, 0xF9, 0x94, 0xAA, 0xF9, 0x94, 0xAA, 0xF9, 0x9C, 0xAE, 0xF9, 0x94, 0xAA, 0xF9, 0x84, 0xA2, 0xEF, 0x84, 0x9E, 0xEF, 0x84, 0x9E, 0xEF, 0x84, 0xA2, 0xE7, 
        0x84, 0xA6, 0xE7, 0x7B, 0x9E, 0xE7, 0x41, 0x5D, 0xC6, 0x1F, 0x2F, 0x7B, 0xAD, 0xAE, 0xAD, 0xFF, 0xFF, 0xFF, 0xFF, 0xFF, 0xFF, 0xFF, 0xFF, 0xFF, 0xFF, 0xFF, 0xFF, 0xFF, 0xFF, 0xFF, 0xFF, 0xFF, 0xFF, 0xFF, 0xFF, 0xFF, 0xFF, 0xFF, 0xFF, 
        0xFF, 0xFF, 0xFF,
  0xFF, 0xFF, 0xFF, 0xFF, 0xFF, 0xFF, 0xFF, 0xFF, 0xFF, 0xFF, 0xFF, 0xFF, 0xFF, 0xFF, 0xFF, 0xFF, 0xFF, 0xFF, 0xFF, 0xFF, 0xFF, 0xFF, 0xFF, 0xFF, 0x2F, 0x92, 0x84, 0x15, 0x8A, 0x6B, 0x2F, 0x9E, 0x73, 0x52, 0xB2, 0x8C, 0x52, 0xB2, 0x8C, 0x52, 0xB2, 0x8C, 
        0x52, 0xB2, 0x8C, 0x52, 0xB2, 0x94, 0x52, 0xAE, 0x94, 0x52, 0xAE, 0x94, 0x4A, 0x9E, 0x94, 0x41, 0x8A, 0x9C, 0x41, 0x8A, 0xAD, 0x52, 0x96, 0xBD, 0x52, 0x96, 0xBD, 0x6B, 0xAA, 0xCE, 0x0C, 0x65, 0xAD, 0x27, 0x75, 0xBD, 0x94, 0xAA, 0xF9, 
        0x8C, 0xA2, 0xF9, 0x84, 0xA2, 0xF9, 0x84, 0x9E, 0xF9, 0x84, 0x9E, 0xF9, 0x84, 0x9A, 0xEF, 0x7B, 0x9A, 0xEF, 0x7B, 0x9A, 0xF9, 0x7B, 0x9A, 0xF9, 0x8C, 0xA2, 0xF9, 0x94, 0xAA, 0xF9, 0x94, 0xA2, 0xE7, 0x8C, 0xA2, 0xDE, 0x8C, 0x9E, 0xE7, 
        0x8C, 0xA6, 0xF9, 0x94, 0xAA, 0xF9, 0x94, 0xAA, 0xF9, 0x94, 0xAA, 0xF9, 0x94, 0xAA, 0xF9, 0x94, 0xAA, 0xF9, 0x94, 0xAA, 0xF9, 0x94, 0xAA, 0xF9, 0x8C, 0xA2, 0xF9, 0x84, 0x9E, 0xF9, 0x84, 0x9E, 0xF9, 0x84, 0x9E, 0xF9, 0x84, 0x9E, 0xF9, 
        0x84, 0xA2, 0xF9, 0x84, 0xA2, 0xF9, 0x8C, 0xA2, 0xF9, 0x8C, 0xA2, 0xF9, 0x8C, 0xA6, 0xF9, 0x8C, 0xA6, 0xF9, 0x94, 0xAA, 0xF9, 0x94, 0xAA, 0xF9, 0x94, 0xAE, 0xF8, 0x94, 0xAA, 0xEF, 0x84, 0x9E, 0xEF, 0x84, 0x9E, 0xE7, 0x84, 0x9E, 0xE7, 
        0x84, 0xA2, 0xE7, 0x84, 0xA6, 0xE7, 0x73, 0x8E, 0xDE, 0x27, 0x44, 0xAD, 0x52, 0x5D, 0x73, 0xEF, 0xEF, 0xEF, 0xFF, 0xFF, 0xFF, 0xFF, 0xFF, 0xFF, 0xFF, 0xFF, 0xFF, 0xFF, 0xFF, 0xFF, 0xFF, 0xFF, 0xFF, 0xFF, 0xFF, 0xFF, 0xFF, 0xFF, 0xFF, 
        0xFF, 0xFF, 0xFF,
  0xFF, 0xFF, 0xFF, 0xFF, 0xFF, 0xFF, 0xFF, 0xFF, 0xFF, 0xFF, 0xFF, 0xFF, 0xFF, 0xFF, 0xFF, 0xFF, 0xFF, 0xFF, 0xFF, 0xFF, 0xFF, 0xFF, 0xFF, 0xFF, 0x2F, 0x92, 0x84, 0x15, 0x8A, 0x63, 0x2F, 0x9E, 0x73, 0x52, 0xB2, 0x84, 0x52, 0xB2, 0x8C, 0x52, 0xB2, 0x8C, 
        0x52, 0xB2, 0x8C, 0x52, 0xB2, 0x8C, 0x52, 0xAE, 0x94, 0x52, 0xAA, 0x94, 0x41, 0x96, 0x94, 0x39, 0x86, 0x9C, 0x4A, 0x8E, 0xAD, 0x52, 0x9A, 0xBD, 0x52, 0x96, 0xBD, 0x6B, 0xAA, 0xCE, 0x0C, 0x65, 0xAD, 0x27, 0x75, 0xBD, 0x94, 0xAA, 0xF9, 
        0x8C, 0xA2, 0xF9, 0x84, 0x9E, 0xF9, 0x84, 0x9E, 0xF9, 0x84, 0x9A, 0xEF, 0x7B, 0x9A, 0xF9, 0x7B, 0x9A, 0xEF, 0x7B, 0x96, 0xF9, 0x7B, 0x9A, 0xF9, 0x8C, 0xA2, 0xF9, 0x94, 0xA6, 0xE7, 0xC6, 0xCB, 0xE7, 0xE7, 0xEB, 0xF9, 0xB5, 0xBE, 0xE7, 
        0x8C, 0x9E, 0xDE, 0x8C, 0xA2, 0xEF, 0x8C, 0xA6, 0xF9, 0x94, 0xAA, 0xF9, 0x94, 0xAA, 0xF9, 0x94, 0xA6, 0xF9, 0x94, 0xAA, 0xF9, 0x94, 0xAA, 0xF9, 0x8C, 0xA2, 0xF9, 0x84, 0x9E, 0xF9, 0x84, 0x9E, 0xF9, 0x84, 0x9E, 0xF9, 0x84, 0x9E, 0xF9, 
        0x84, 0x9E, 0xF9, 0x84, 0x9E, 0xF9, 0x84, 0xA2, 0xF9, 0x8C, 0xA2, 0xF9, 0x8C, 0xA2, 0xF9, 0x8C, 0xA6, 0xF9, 0x8C, 0xAA, 0xF9, 0x94, 0xAA, 0xF9, 0x94, 0xAE, 0xF8, 0x94, 0xAE, 0xF8, 0x8C, 0xA2, 0xEF, 0x7B, 0x9A, 0xE7, 0x84, 0x9E, 0xE7, 
        0x84, 0x9E, 0xE7, 0x84, 0xA2, 0xE7, 0x84, 0x9E, 0xE7, 0x41, 0x59, 0xBD, 0x15, 0x2A, 0x7B, 0xBD, 0xC3, 0xC6, 0xFF, 0xFF, 0xFF, 0xFF, 0xFF, 0xFF, 0xFF, 0xFF, 0xFF, 0xFF, 0xFF, 0xFF, 0xFF, 0xFF, 0xFF, 0xFF, 0xFF, 0xFF, 0xFF, 0xFF, 0xFF, 
        0xFF, 0xFF, 0xFF,
  0xFF, 0xFF, 0xFF, 0xFF, 0xFF, 0xFF, 0xFF, 0xFF, 0xFF, 0xFF, 0xFF, 0xFF, 0xFF, 0xFF, 0xFF, 0xFF, 0xFF, 0xFF, 0xFF, 0xFF, 0xFF, 0xFF, 0xFF, 0xFF, 0x2F, 0x92, 0x84, 0x15, 0x8A, 0x63, 0x2F, 0xA2, 0x73, 0x52, 0xB2, 0x84, 0x52, 0xB2, 0x8C, 0x52, 0xB2, 0x8C, 
        0x52, 0xB2, 0x8C, 0x52, 0xB2, 0x8C, 0x52, 0xB2, 0x94, 0x4A, 0xA6, 0x94, 0x41, 0x8E, 0x94, 0x37, 0x86, 0xA5, 0x4A, 0x92, 0xB5, 0x52, 0x9A, 0xBD, 0x52, 0x96, 0xBD, 0x6B, 0xAA, 0xCE, 0x0C, 0x65, 0xA5, 0x27, 0x75, 0xBD, 0x94, 0xA6, 0xF9, 
        0x84, 0x9E, 0xF9, 0x84, 0x9E, 0xF9, 0x7B, 0x9A, 0xEF, 0x7B, 0x9A, 0xF9, 0x7B, 0x9A, 0xF9, 0x7B, 0x96, 0xF9, 0x73, 0x96, 0xF9, 0x7B, 0x96, 0xF9, 0x8C, 0xA2, 0xEF, 0xB5, 0xBE, 0xDE, 0xF9, 0xF8, 0xFF, 0xFF, 0xFF, 0xFF, 0xFF, 0xFF, 0xFF, 
        0xDE, 0xE3, 0xF9, 0xA5, 0xAE, 0xDE, 0x7B, 0x92, 0xDE, 0x84, 0xA2, 0xF9, 0x94, 0xA6, 0xF9, 0x8C, 0xA6, 0xF9, 0x8C, 0xA6, 0xF9, 0x8C, 0xA6, 0xF9, 0x8C, 0xA6, 0xF9, 0x84, 0x9A, 0xF9, 0x7B, 0x9A, 0xF9, 0x7B, 0x9E, 0xF9, 0x7B, 0x9E, 0xF9, 
        0x84, 0x9E, 0xF9, 0x84, 0x9E, 0xF9, 0x84, 0x9E, 0xF9, 0x84, 0x9E, 0xF9, 0x84, 0xA2, 0xF9, 0x8C, 0xA6, 0xF9, 0x8C, 0xA6, 0xF9, 0x8C, 0xA6, 0xF9, 0x94, 0xAA, 0xF9, 0x94, 0xAE, 0xF8, 0x8C, 0xAA, 0xEF, 0x7B, 0x9E, 0xEF, 0x7B, 0x9A, 0xE7, 
        0x7B, 0x9E, 0xE7, 0x7B, 0x9E, 0xE7, 0x84, 0xA6, 0xE7, 0x63, 0x86, 0xDE, 0x15, 0x2F, 0x9C, 0x6B, 0x71, 0x84, 0xFF, 0xFB, 0xFF, 0xFF, 0xFF, 0xFF, 0xFF, 0xFF, 0xFF, 0xFF, 0xFF, 0xFF, 0xFF, 0xFF, 0xFF, 0xFF, 0xFF, 0xFF, 0xFF, 0xFF, 0xFF, 
        0xFF, 0xFF, 0xFF,
  0xFF, 0xFF, 0xFF, 0xFF, 0xFF, 0xFF, 0xFF, 0xFF, 0xFF, 0xFF, 0xFF, 0xFF, 0xFF, 0xFF, 0xFF, 0xFF, 0xFF, 0xFF, 0xFF, 0xFF, 0xFF, 0xFF, 0xFF, 0xFF, 0x2F, 0x92, 0x84, 0x15, 0x8E, 0x63, 0x2F, 0xA2, 0x73, 0x52, 0xB2, 0x84, 0x52, 0xB2, 0x8C, 0x52, 0xB2, 0x8C, 
        0x52, 0xB2, 0x8C, 0x52, 0xB2, 0x8C, 0x52, 0xAE, 0x8C, 0x48, 0xA2, 0x8C, 0x37, 0x86, 0x94, 0x41, 0x8A, 0xA5, 0x4A, 0x96, 0xB5, 0x52, 0x96, 0xBD, 0x4A, 0x96, 0xBD, 0x73, 0xAE, 0xCE, 0x0C, 0x65, 0xAD, 0x27, 0x71, 0xC6, 0x8C, 0xA6, 0xF9, 
        0x84, 0x9E, 0xF9, 0x7B, 0x9A, 0xEF, 0x7B, 0x9A, 0xEF, 0x7B, 0x96, 0xF9, 0x7B, 0x96, 0xEF, 0x73, 0x96, 0xEF, 0x73, 0x96, 0xEF, 0x73, 0x96, 0xF9, 0x8C, 0xA2, 0xEF, 0xB5, 0xC7, 0xDE, 0xFF, 0xFB, 0xFF, 0xFF, 0xFF, 0xFF, 0xFF, 0xFF, 0xFF, 
        0xFF, 0xFF, 0xFF, 0xEF, 0xEF, 0xFF, 0xB5, 0xBA, 0xDE, 0x84, 0x9A, 0xDE, 0x84, 0x9E, 0xEF, 0x8C, 0xA6, 0xF9, 0x8C, 0xA6, 0xF9, 0x8C, 0xA6, 0xF9, 0x8C, 0xA6, 0xF9, 0x7B, 0x9E, 0xF9, 0x7B, 0x9A, 0xF9, 0x7B, 0x9A, 0xF9, 0x7B, 0x9A, 0xF9, 
        0x7B, 0x9E, 0xF9, 0x7B, 0x9E, 0xF9, 0x84, 0x9E, 0xF9, 0x84, 0x9E, 0xF9, 0x84, 0x9E, 0xF9, 0x84, 0xA2, 0xF9, 0x8C, 0xA6, 0xF9, 0x8C, 0xA6, 0xF9, 0x8C, 0xA6, 0xF9, 0x94, 0xAA, 0xF9, 0x94, 0xAA, 0xF9, 0x84, 0x9E, 0xEF, 0x7B, 0x9A, 0xE7, 
        0x7B, 0x9A, 0xE7, 0x7B, 0x9A, 0xE7, 0x7B, 0x9E, 0xE7, 0x7B, 0x9A, 0xE7, 0x37, 0x55, 0xBD, 0x2F, 0x3C, 0x6B, 0xCE, 0xCF, 0xCE, 0xFF, 0xFF, 0xFF, 0xFF, 0xFF, 0xFF, 0xFF, 0xFF, 0xFF, 0xFF, 0xFF, 0xFF, 0xFF, 0xFF, 0xFF, 0xFF, 0xFF, 0xFF, 
        0xFF, 0xFF, 0xFF,
  0xFF, 0xFF, 0xFF, 0xFF, 0xFF, 0xFF, 0xFF, 0xFF, 0xFF, 0xFF, 0xFF, 0xFF, 0xFF, 0xFF, 0xFF, 0xFF, 0xFF, 0xFF, 0xFF, 0xFF, 0xFF, 0xFF, 0xFF, 0xFF, 0x2F, 0x92, 0x84, 0x15, 0x8E, 0x63, 0x2F, 0xA2, 0x73, 0x4A, 0xB2, 0x84, 0x52, 0xB2, 0x84, 0x52, 0xB2, 0x8C, 
        0x52, 0xB2, 0x8C, 0x52, 0xB2, 0x8C, 0x52, 0xAE, 0x8C, 0x41, 0x9A, 0x8C, 0x39, 0x86, 0x9C, 0x41, 0x8E, 0xAD, 0x4A, 0x96, 0xB5, 0x4A, 0x96, 0xBD, 0x4A, 0x96, 0xBD, 0x73, 0xAE, 0xCE, 0x0C, 0x69, 0xAD, 0x27, 0x71, 0xBD, 0x8C, 0xA2, 0xF9, 
        0x84, 0x9A, 0xF9, 0x7B, 0x9A, 0xEF, 0x7B, 0x96, 0xF9, 0x7B, 0x96, 0xF9, 0x73, 0x96, 0xEF, 0x73, 0x92, 0xEF, 0x73, 0x92, 0xEF, 0x73, 0x92, 0xF9, 0x7B, 0x9E, 0xEF, 0xB5, 0xC3, 0xDE, 0xFF, 0xFF, 0xFF, 0xFF, 0xFF, 0xFF, 0xFF, 0xFF, 0xFF, 
        0xFF, 0xFF, 0xFF, 0xFF, 0xFF, 0xFF, 0xFF, 0xFF, 0xFF, 0xDE, 0xE3, 0xF9, 0x9C, 0xAA, 0xDE, 0x7B, 0x96, 0xE7, 0x84, 0xA2, 0xF9, 0x8C, 0xA6, 0xF9, 0x8C, 0xA2, 0xF9, 0x7B, 0x9E, 0xF9, 0x73, 0x9A, 0xF9, 0x7B, 0x9A, 0xF9, 0x7B, 0x9A, 0xEF, 
        0x7B, 0x9A, 0xF9, 0x7B, 0x9E, 0xF9, 0x7B, 0x9E, 0xF9, 0x84, 0x9E, 0xF9, 0x84, 0x9E, 0xF9, 0x84, 0x9E, 0xF9, 0x84, 0xA2, 0xF9, 0x84, 0xA2, 0xF9, 0x8C, 0xA6, 0xF9, 0x8C, 0xA6, 0xF9, 0x94, 0xAA, 0xF9, 0x8C, 0xA2, 0xEF, 0x7B, 0x9A, 0xE7, 
        0x7B, 0x9A, 0xE7, 0x7B, 0x9A, 0xE7, 0x7B, 0x9A, 0xE7, 0x7B, 0xA2, 0xE7, 0x5A, 0x79, 0xD6, 0x1F, 0x34, 0x84, 0x7B, 0x7D, 0x84, 0xFF, 0xFF, 0xFF, 0xFF, 0xFF, 0xFF, 0xFF, 0xFF, 0xFF, 0xFF, 0xFF, 0xFF, 0xFF, 0xFF, 0xFF, 0xFF, 0xFF, 0xFF, 
        0xFF, 0xFF, 0xFF,
  0xFF, 0xFF, 0xFF, 0xFF, 0xFF, 0xFF, 0xFF, 0xFF, 0xFF, 0xFF, 0xFF, 0xFF, 0xFF, 0xFF, 0xFF, 0xFF, 0xFF, 0xFF, 0xFF, 0xFF, 0xFF, 0xFF, 0xFF, 0xFF, 0x2F, 0x92, 0x84, 0x15, 0x8E, 0x63, 0x2F, 0xA2, 0x73, 0x4A, 0xB2, 0x84, 0x52, 0xB2, 0x84, 0x52, 0xB2, 0x8C, 
        0x52, 0xB2, 0x8C, 0x52, 0xB2, 0x8C, 0x52, 0xAA, 0x8C, 0x41, 0x96, 0x8C, 0x39, 0x86, 0x9C, 0x41, 0x8E, 0xAD, 0x4A, 0x96, 0xB5, 0x4A, 0x96, 0xB5, 0x4A, 0x96, 0xBD, 0x73, 0xAE, 0xCE, 0x0C, 0x69, 0xAD, 0x27, 0x71, 0xBD, 0x8C, 0xA2, 0xF9, 
        0x7B, 0x9A, 0xF9, 0x7B, 0x9A, 0xF9, 0x73, 0x96, 0xF9, 0x73, 0x96, 0xF9, 0x73, 0x96, 0xEF, 0x73, 0x92, 0xEF, 0x6B, 0x92, 0xEF, 0x6B, 0x92, 0xF9, 0x7B, 0x9A, 0xEF, 0xB5, 0xC3, 0xDE, 0xFF, 0xFF, 0xFF, 0xFF, 0xFF, 0xFF, 0xFF, 0xFF, 0xFF, 
        0xFF, 0xFF, 0xFF, 0xFF, 0xFF, 0xFF, 0xFF, 0xFF, 0xFF, 0xFF, 0xFF, 0xFF, 0xEF, 0xF3, 0xFF, 0xA5, 0xAE, 0xDE, 0x7B, 0x96, 0xDE, 0x84, 0xA2, 0xF9, 0x84, 0xA2, 0xF9, 0x7B, 0x9E, 0xF9, 0x73, 0x96, 0xF9, 0x73, 0x9A, 0xF9, 0x7B, 0x9A, 0xF9, 
        0x7B, 0x9A, 0xEF, 0x7B, 0x9A, 0xEF, 0x7B, 0x9E, 0xF9, 0x7B, 0x9E, 0xF9, 0x7B, 0x9E, 0xF9, 0x84, 0x9E, 0xF9, 0x84, 0xA2, 0xF9, 0x84, 0xA2, 0xF9, 0x8C, 0xA2, 0xF9, 0x8C, 0xA6, 0xF9, 0x8C, 0xAA, 0xF9, 0x8C, 0xA6, 0xF9, 0x7B, 0x9A, 0xE7, 
        0x73, 0x96, 0xE7, 0x7B, 0x9A, 0xE7, 0x7B, 0x9A, 0xE7, 0x7B, 0x9E, 0xE7, 0x6B, 0x8E, 0xDE, 0x1F, 0x37, 0xA5, 0x41, 0x49, 0x6B, 0xEF, 0xEB, 0xEF, 0xFF, 0xFF, 0xFF, 0xFF, 0xFF, 0xFF, 0xFF, 0xFF, 0xFF, 0xFF, 0xFF, 0xFF, 0xFF, 0xFF, 0xFF, 
        0xFF, 0xFF, 0xFF,
  0xFF, 0xFF, 0xFF, 0xFF, 0xFF, 0xFF, 0xFF, 0xFF, 0xFF, 0xFF, 0xFF, 0xFF, 0xFF, 0xFF, 0xFF, 0xFF, 0xFF, 0xFF, 0xFF, 0xFF, 0xFF, 0xFF, 0xFF, 0xFF, 0x2F, 0x92, 0x84, 0x15, 0x8E, 0x63, 0x2F, 0xA2, 0x73, 0x4A, 0xB2, 0x84, 0x52, 0xB2, 0x84, 0x52, 0xB2, 0x84, 
        0x52, 0xB2, 0x8C, 0x52, 0xB2, 0x8C, 0x4A, 0xAA, 0x8C, 0x37, 0x92, 0x8C, 0x39, 0x86, 0x9C, 0x41, 0x8E, 0xAD, 0x4A, 0x96, 0xB5, 0x4A, 0x96, 0xBD, 0x4A, 0x96, 0xBD, 0x73, 0xAE, 0xCE, 0x0C, 0x69, 0xAD, 0x27, 0x71, 0xBD, 0x84, 0x9E, 0xF9, 
        0x7B, 0x9A, 0xF9, 0x73, 0x96, 0xF9, 0x73, 0x96, 0xF9, 0x73, 0x96, 0xEF, 0x73, 0x92, 0xEF, 0x6B, 0x92, 0xEF, 0x6B, 0x8E, 0xEF, 0x6B, 0x8E, 0xF9, 0x7B, 0x96, 0xEF, 0xB5, 0xC3, 0xDE, 0xFF, 0xFF, 0xFF, 0xFF, 0xFF, 0xFF, 0xFF, 0xFF, 0xFF, 
        0xFF, 0xFF, 0xFF, 0xFF, 0xFF, 0xFF, 0xFF, 0xFF, 0xFF, 0xFF, 0xFF, 0xFF, 0xFF, 0xFF, 0xFF, 0xFF, 0xFB, 0xFF, 0xD6, 0xDB, 0xEF, 0x94, 0xA6, 0xDE, 0x73, 0x92, 0xE7, 0x73, 0x9A, 0xF9, 0x73, 0x96, 0xF9, 0x73, 0x96, 0xF9, 0x73, 0x9A, 0xF9, 
        0x73, 0x9A, 0xF9, 0x73, 0x9A, 0xF9, 0x7B, 0x9A, 0xF9, 0x7B, 0x9A, 0xF9, 0x7B, 0x9E, 0xF9, 0x7B, 0x9E, 0xF9, 0x84, 0x9E, 0xF9, 0x84, 0xA2, 0xF9, 0x84, 0xA2, 0xF9, 0x8C, 0xA6, 0xF9, 0x8C, 0xA6, 0xF9, 0x8C, 0xA6, 0xF9, 0x7B, 0x9A, 0xE7, 
        0x73, 0x96, 0xE7, 0x73, 0x96, 0xE7, 0x7B, 0x9A, 0xE7, 0x7B, 0x9A, 0xE7, 0x73, 0x9E, 0xE7, 0x2F, 0x49, 0xB5, 0x15, 0x2A, 0x6B, 0xC6, 0xC7, 0xC6, 0xFF, 0xFF, 0xFF, 0xFF, 0xFF, 0xFF, 0xFF, 0xFF, 0xFF, 0xFF, 0xFF, 0xFF, 0xFF, 0xFF, 0xFF, 
        0xFF, 0xFF, 0xFF,
  0xFF, 0xFF, 0xFF, 0xFF, 0xFF, 0xFF, 0xFF, 0xFF, 0xFF, 0xFF, 0xFF, 0xFF, 0xFF, 0xFF, 0xFF, 0xFF, 0xFF, 0xFF, 0xFF, 0xFF, 0xFF, 0xFF, 0xFF, 0xFF, 0x2F, 0x92, 0x84, 0x15, 0x8E, 0x63, 0x2F, 0xA2, 0x6B, 0x4A, 0xB2, 0x84, 0x52, 0xB2, 0x84, 0x52, 0xB2, 0x84, 
        0x52, 0xB2, 0x8C, 0x52, 0xB2, 0x8C, 0x49, 0xA6, 0x8C, 0x37, 0x8A, 0x94, 0x37, 0x86, 0xA5, 0x41, 0x92, 0xAD, 0x4A, 0x92, 0xB5, 0x4A, 0x96, 0xB5, 0x4A, 0x96, 0xBD, 0x73, 0xAA, 0xCE, 0x0C, 0x69, 0xAD, 0x27, 0x71, 0xBD, 0x84, 0x9E, 0xF9, 
        0x73, 0x96, 0xF9, 0x73, 0x96, 0xEF, 0x73, 0x96, 0xEF, 0x73, 0x92, 0xEF, 0x6B, 0x92, 0xEF, 0x6B, 0x92, 0xEF, 0x6B, 0x8E, 0xEF, 0x63, 0x8E, 0xEF, 0x73, 0x96, 0xEF, 0xB5, 0xC3, 0xDE, 0xFF, 0xFF, 0xFF, 0xFF, 0xFF, 0xFF, 0xFF, 0xFF, 0xFF, 
        0xFF, 0xFF, 0xFF, 0xFF, 0xFF, 0xFF, 0xFF, 0xFF, 0xFF, 0xFF, 0xFF, 0xFF, 0xFF, 0xFF, 0xFF, 0xFF, 0xFF, 0xFF, 0xFF, 0xFF, 0xFF, 0xEF, 0xEF, 0xF9, 0x9C, 0xAE, 0xD6, 0x6B, 0x8A, 0xDE, 0x63, 0x8E, 0xEF, 0x73, 0x96, 0xF9, 0x73, 0x96, 0xF9, 
        0x73, 0x96, 0xF9, 0x73, 0x9A, 0xF9, 0x7B, 0x9A, 0xF9, 0x7B, 0x9A, 0xF9, 0x7B, 0x9A, 0xF9, 0x7B, 0x9E, 0xF9, 0x7B, 0x9E, 0xF9, 0x84, 0x9E, 0xF9, 0x84, 0xA2, 0xEF, 0x84, 0xA2, 0xF9, 0x8C, 0xA6, 0xF9, 0x8C, 0xA6, 0xF9, 0x7B, 0x9E, 0xEF, 
        0x73, 0x96, 0xE7, 0x73, 0x96, 0xE7, 0x73, 0x96, 0xE7, 0x73, 0x96, 0xE7, 0x7B, 0x9E, 0xE7, 0x4A, 0x65, 0xCE, 0x0C, 0x26, 0x7B, 0x9C, 0x9E, 0xA5, 0xFF, 0xFF, 0xFF, 0xFF, 0xFF, 0xFF, 0xFF, 0xFF, 0xFF, 0xFF, 0xFF, 0xFF, 0xFF, 0xFF, 0xFF, 
        0xFF, 0xFF, 0xFF,
  0xFF, 0xFF, 0xFF, 0xFF, 0xFF, 0xFF, 0xFF, 0xFF, 0xFF, 0xFF, 0xFF, 0xFF, 0xFF, 0xFF, 0xFF, 0xFF, 0xFF, 0xFF, 0xFF, 0xFF, 0xFF, 0xFF, 0xFF, 0xFF, 0x2F, 0x92, 0x84, 0x15, 0x8E, 0x63, 0x2F, 0xA2, 0x73, 0x52, 0xB2, 0x84, 0x52, 0xB6, 0x84, 0x52, 0xB2, 0x84, 
        0x52, 0xB2, 0x8C, 0x52, 0xB2, 0x8C, 0x48, 0xA2, 0x8C, 0x37, 0x86, 0x94, 0x37, 0x82, 0xA5, 0x41, 0x8E, 0xAD, 0x4A, 0x92, 0xB5, 0x4A, 0x92, 0xB5, 0x4A, 0x96, 0xBD, 0x6B, 0xAA, 0xCE, 0x0C, 0x69, 0xAD, 0x1F, 0x71, 0xBD, 0x7B, 0x9A, 0xF9, 
        0x73, 0x96, 0xF9, 0x73, 0x96, 0xEF, 0x73, 0x96, 0xEF, 0x6B, 0x92, 0xEF, 0x6B, 0x92, 0xEF, 0x6B, 0x8E, 0xEF, 0x6B, 0x8A, 0xEF, 0x63, 0x8A, 0xEF, 0x73, 0x92, 0xE7, 0xB5, 0xBE, 0xDE, 0xFF, 0xFF, 0xFF, 0xFF, 0xFF, 0xFF, 0xFF, 0xFF, 0xFF, 
        0xFF, 0xFF, 0xFF, 0xFF, 0xFF, 0xFF, 0xFF, 0xFF, 0xFF, 0xFF, 0xFF, 0xFF, 0xFF, 0xFF, 0xFF, 0xFF, 0xFF, 0xFF, 0xFF, 0xFF, 0xFF, 0xFF, 0xFF, 0xFF, 0xFF, 0xFB, 0xFF, 0xC6, 0xCF, 0xEF, 0x7B, 0x96, 0xD6, 0x63, 0x86, 0xDE, 0x73, 0x96, 0xF9, 
        0x73, 0x96, 0xF9, 0x73, 0x96, 0xEF, 0x73, 0x9A, 0xF9, 0x73, 0x9A, 0xF9, 0x7B, 0x9A, 0xF9, 0x7B, 0x9A, 0xEF, 0x7B, 0x9E, 0xEF, 0x7B, 0x9E, 0xF9, 0x7B, 0x9E, 0xF9, 0x84, 0xA2, 0xF9, 0x84, 0xA6, 0xF9, 0x8C, 0xA6, 0xF9, 0x7B, 0x9E, 0xEF, 
        0x73, 0x92, 0xE7, 0x73, 0x92, 0xE7, 0x73, 0x96, 0xE7, 0x73, 0x96, 0xDE, 0x73, 0x9A, 0xE7, 0x63, 0x82, 0xD6, 0x15, 0x2A, 0x94, 0x6B, 0x71, 0x84, 0xFF, 0xFB, 0xFF, 0xFF, 0xFF, 0xFF, 0xFF, 0xFF, 0xFF, 0xFF, 0xFF, 0xFF, 0xFF, 0xFF, 0xFF, 
        0xFF, 0xFF, 0xFF,
  0xFF, 0xFF, 0xFF, 0xFF, 0xFF, 0xFF, 0xFF, 0xFF, 0xFF, 0xFF, 0xFF, 0xFF, 0xFF, 0xFF, 0xFF, 0xFF, 0xFF, 0xFF, 0xFF, 0xFF, 0xFF, 0xFF, 0xFF, 0xFF, 0x2F, 0x92, 0x84, 0x15, 0x8E, 0x63, 0x2F, 0xA2, 0x6B, 0x4A, 0xB2, 0x84, 0x52, 0xB6, 0x84, 0x52, 0xB2, 0x84, 
        0x52, 0xB6, 0x84, 0x52, 0xB2, 0x8C, 0x41, 0x9E, 0x8C, 0x2F, 0x86, 0x8C, 0x2F, 0x7D, 0x9C, 0x41, 0x8A, 0xAD, 0x4A, 0x92, 0xB5, 0x4A, 0x92, 0xB5, 0x4A, 0x92, 0xBD, 0x6B, 0xAA, 0xCE, 0x0C, 0x69, 0xAD, 0x1F, 0x71, 0xBD, 0x7B, 0x9A, 0xF9, 
        0x73, 0x96, 0xF9, 0x73, 0x96, 0xF9, 0x6B, 0x92, 0xEF, 0x6B, 0x92, 0xEF, 0x6B, 0x8E, 0xEF, 0x63, 0x8E, 0xEF, 0x63, 0x8E, 0xEF, 0x63, 0x8A, 0xEF, 0x6B, 0x92, 0xEF, 0xAD, 0xBA, 0xDE, 0xFF, 0xFF, 0xFF, 0xFF, 0xFF, 0xFF, 0xFF, 0xFF, 0xFF, 
        0xFF, 0xFF, 0xFF, 0xFF, 0xFF, 0xFF, 0xFF, 0xFF, 0xFF, 0xFF, 0xFF, 0xFF, 0xFF, 0xFF, 0xFF, 0xFF, 0xFF, 0xFF, 0xFF, 0xFF, 0xFF, 0xFF, 0xFF, 0xFF, 0xFF, 0xFF, 0xFF, 0xFF, 0xFF, 0xFF, 0xEF, 0xEB, 0xF9, 0x94, 0xA6, 0xD6, 0x5A, 0x82, 0xDE, 
        0x6B, 0x92, 0xEF, 0x73, 0x9A, 0xF9, 0x73, 0x96, 0xEF, 0x73, 0x9A, 0xF9, 0x73, 0x9A, 0xF9, 0x73, 0x9A, 0xF9, 0x7B, 0x9A, 0xF9, 0x7B, 0x9E, 0xEF, 0x7B, 0x9E, 0xF9, 0x7B, 0x9E, 0xF9, 0x84, 0xA2, 0xF9, 0x84, 0xA6, 0xEF, 0x84, 0x9E, 0xEF, 
        0x73, 0x92, 0xE7, 0x73, 0x92, 0xE7, 0x73, 0x92, 0xE7, 0x73, 0x92, 0xE7, 0x73, 0x96, 0xDE, 0x63, 0x8A, 0xDE, 0x1F, 0x37, 0xAD, 0x4A, 0x51, 0x6B, 0xEF, 0xEB, 0xEF, 0xFF, 0xFF, 0xFF, 0xFF, 0xFF, 0xFF, 0xFF, 0xFF, 0xFF, 0xFF, 0xFF, 0xFF, 
        0xFF, 0xFF, 0xFF,
  0xFF, 0xFF, 0xFF, 0xFF, 0xFF, 0xFF, 0xFF, 0xFF, 0xFF, 0xFF, 0xFF, 0xFF, 0xFF, 0xFF, 0xFF, 0xFF, 0xFF, 0xFF, 0xFF, 0xFF, 0xFF, 0xFF, 0xFF, 0xFF, 0x2F, 0x92, 0x84, 0x15, 0x8E, 0x63, 0x2F, 0xA2, 0x6B, 0x4A, 0xB2, 0x84, 0x52, 0xB6, 0x84, 0x52, 0xB2, 0x84, 
        0x52, 0xB6, 0x84, 0x52, 0xAE, 0x8C, 0x41, 0x9A, 0x8C, 0x2F, 0x82, 0x8C, 0x2F, 0x79, 0x9C, 0x37, 0x86, 0xAD, 0x41, 0x8E, 0xB5, 0x4A, 0x92, 0xB5, 0x4A, 0x92, 0xBD, 0x6B, 0xA6, 0xCE, 0x0C, 0x69, 0xAD, 0x1F, 0x6D, 0xBD, 0x73, 0x8E, 0xEF, 
        0x63, 0x86, 0xEF, 0x5A, 0x7D, 0xE7, 0x5A, 0x7D, 0xE7, 0x52, 0x79, 0xDE, 0x52, 0x79, 0xDE, 0x52, 0x75, 0xDE, 0x4A, 0x75, 0xDE, 0x4A, 0x71, 0xDE, 0x52, 0x79, 0xD6, 0xA5, 0xB2, 0xD6, 0xFF, 0xFF, 0xFF, 0xFF, 0xFF, 0xFF, 0xFF, 0xFF, 0xFF, 
        0xFF, 0xFF, 0xFF, 0xFF, 0xFF, 0xFF, 0xFF, 0xFF, 0xFF, 0xFF, 0xFF, 0xFF, 0xFF, 0xFF, 0xFF, 0xFF, 0xFF, 0xFF, 0xFF, 0xFF, 0xFF, 0xFF, 0xFF, 0xFF, 0xFF, 0xFF, 0xFF, 0xFF, 0xFF, 0xFF, 0xFF, 0xFF, 0xFF, 0xF9, 0xF8, 0xFF, 0xBD, 0xC7, 0xE7, 
        0x73, 0x92, 0xDE, 0x63, 0x86, 0xE7, 0x73, 0x96, 0xF9, 0x73, 0x9A, 0xF9, 0x73, 0x9A, 0xF9, 0x73, 0x9A, 0xF9, 0x73, 0x9A, 0xF9, 0x7B, 0x9A, 0xF9, 0x7B, 0x9A, 0xF9, 0x7B, 0x9E, 0xF9, 0x84, 0xA2, 0xF9, 0x84, 0xA2, 0xF9, 0x7B, 0x9E, 0xEF, 
        0x6B, 0x92, 0xE7, 0x6B, 0x8E, 0xE7, 0x6B, 0x8E, 0xE7, 0x73, 0x92, 0xE7, 0x73, 0x96, 0xE7, 0x5A, 0x7D, 0xD6, 0x27, 0x44, 0xB5, 0x2F, 0x3C, 0x6B, 0xCE, 0xCB, 0xCE, 0xFF, 0xFF, 0xFF, 0xFF, 0xFF, 0xFF, 0xFF, 0xFF, 0xFF, 0xFF, 0xFF, 0xFF, 
        0xFF, 0xFF, 0xFF,
  0xFF, 0xFF, 0xFF, 0xFF, 0xFF, 0xFF, 0xFF, 0xFF, 0xFF, 0xFF, 0xFF, 0xFF, 0xFF, 0xFF, 0xFF, 0xFF, 0xFF, 0xFF, 0xFF, 0xFF, 0xFF, 0xFF, 0xFF, 0xFF, 0x2F, 0x92, 0x84, 0x15, 0x8E, 0x63, 0x2F, 0xA2, 0x6B, 0x4A, 0xB2, 0x84, 0x52, 0xB2, 0x84, 0x52, 0xB2, 0x84, 
        0x52, 0xB6, 0x84, 0x52, 0xAE, 0x8C, 0x41, 0x9A, 0x8C, 0x2F, 0x82, 0x8C, 0x27, 0x75, 0x9C, 0x2F, 0x7D, 0xA5, 0x37, 0x86, 0xAD, 0x41, 0x8A, 0xB5, 0x41, 0x8A, 0xB5, 0x63, 0xA2, 0xC6, 0x0C, 0x69, 0xAD, 0x15, 0x61, 0xB5, 0x52, 0x69, 0xD6, 
        0x4A, 0x65, 0xD6, 0x4A, 0x65, 0xCE, 0x41, 0x65, 0xCE, 0x41, 0x61, 0xCE, 0x41, 0x61, 0xCE, 0x41, 0x61, 0xCE, 0x41, 0x61, 0xCE, 0x37, 0x5D, 0xCE, 0x49, 0x65, 0xC6, 0xA5, 0xAA, 0xCE, 0xFF, 0xFF, 0xFF, 0xFF, 0xFF, 0xFF, 0xFF, 0xFF, 0xFF, 
        0xFF, 0xFF, 0xFF, 0xFF, 0xFF, 0xFF, 0xFF, 0xFF, 0xFF, 0xFF, 0xFF, 0xFF, 0xFF, 0xFF, 0xFF, 0xFF, 0xFF, 0xFF, 0xFF, 0xFF, 0xFF, 0xFF, 0xFF, 0xFF, 0xFF, 0xFF, 0xFF, 0xFF, 0xFF, 0xFF, 0xFF, 0xFF, 0xFF, 0xFF, 0xFF, 0xFF, 0xFF, 0xFF, 0xFF, 
        0xDE, 0xE3, 0xEF, 0x7B, 0x96, 0xCE, 0x5A, 0x7D, 0xDE, 0x63, 0x8A, 0xEF, 0x6B, 0x92, 0xF9, 0x73, 0x96, 0xF9, 0x73, 0x9A, 0xF9, 0x7B, 0x9A, 0xF9, 0x7B, 0x9E, 0xF9, 0x7B, 0x9E, 0xF9, 0x7B, 0xA2, 0xF9, 0x84, 0xA2, 0xF9, 0x7B, 0x9A, 0xEF, 
        0x6B, 0x8E, 0xE7, 0x6B, 0x8E, 0xE7, 0x6B, 0x8E, 0xDE, 0x6B, 0x92, 0xE7, 0x6B, 0x96, 0xE7, 0x4A, 0x71, 0xCE, 0x2F, 0x44, 0xBD, 0x1F, 0x34, 0x6B, 0xAD, 0xAA, 0xAD, 0xFF, 0xFF, 0xFF, 0xFF, 0xFF, 0xFF, 0xFF, 0xFF, 0xFF, 0xFF, 0xFF, 0xFF, 
        0xFF, 0xFF, 0xFF,
  0xFF, 0xFF, 0xFF, 0xFF, 0xFF, 0xFF, 0xFF, 0xFF, 0xFF, 0xFF, 0xFF, 0xFF, 0xFF, 0xFF, 0xFF, 0xFF, 0xFF, 0xFF, 0xFF, 0xFF, 0xFF, 0xFF, 0xFF, 0xFF, 0x2F, 0x92, 0x84, 0x15, 0x8E, 0x63, 0x2F, 0xA2, 0x6B, 0x49, 0xB2, 0x7B, 0x52, 0xB6, 0x84, 0x52, 0xB6, 0x84, 
        0x52, 0xB6, 0x84, 0x52, 0xAE, 0x84, 0x41, 0x9A, 0x8C, 0x2F, 0x7D, 0x8C, 0x1F, 0x6D, 0x94, 0x27, 0x6D, 0x9C, 0x27, 0x71, 0xA5, 0x2F, 0x75, 0xAD, 0x27, 0x71, 0xAD, 0x5A, 0x9A, 0xC6, 0x0F, 0x6D, 0xAD, 0x0C, 0x55, 0xB5, 0x41, 0x54, 0xCE, 
        0x37, 0x59, 0xCE, 0x41, 0x59, 0xCE, 0x41, 0x59, 0xCE, 0x41, 0x5D, 0xCE, 0x41, 0x5D, 0xCE, 0x41, 0x61, 0xCE, 0x41, 0x61, 0xCE, 0x41, 0x61, 0xCE, 0x4A, 0x69, 0xCE, 0xA5, 0xAE, 0xD6, 0xFF, 0xFF, 0xFF, 0xFF, 0xFF, 0xFF, 0xFF, 0xFB, 0xFF, 
        0xFF, 0xFB, 0xFF, 0xFF, 0xFB, 0xFF, 0xFF, 0xFB, 0xFF, 0xFF, 0xFB, 0xFF, 0xFF, 0xFB, 0xFF, 0xFF, 0xFF, 0xFF, 0xFF, 0xFB, 0xFF, 0xFF, 0xFB, 0xFF, 0xFF, 0xFB, 0xFF, 0xFF, 0xFF, 0xFF, 0xFF, 0xFF, 0xFF, 0xFF, 0xFF, 0xFF, 0xFF, 0xFF, 0xFF, 
        0xFF, 0xFF, 0xFF, 0xF9, 0xF3, 0xFF, 0xA5, 0xB2, 0xDE, 0x5A, 0x75, 0xCE, 0x4A, 0x69, 0xD6, 0x5A, 0x75, 0xDE, 0x5A, 0x7D, 0xDE, 0x63, 0x86, 0xE7, 0x6B, 0x8E, 0xEF, 0x73, 0x96, 0xEF, 0x7B, 0x9E, 0xF9, 0x7B, 0x9E, 0xF9, 0x7B, 0x9A, 0xEF, 
        0x6B, 0x8E, 0xE7, 0x6B, 0x8E, 0xE7, 0x6B, 0x8E, 0xDE, 0x6B, 0x92, 0xE7, 0x6B, 0x92, 0xDE, 0x41, 0x61, 0xC6, 0x2F, 0x49, 0xBD, 0x1F, 0x34, 0x7B, 0x8C, 0x8E, 0x8C, 0xFF, 0xFF, 0xFF, 0xFF, 0xFF, 0xFF, 0xFF, 0xFF, 0xFF, 0xFF, 0xFF, 0xFF, 
        0xFF, 0xFF, 0xFF,
  0xFF, 0xFF, 0xFF, 0xFF, 0xFF, 0xFF, 0xFF, 0xFF, 0xFF, 0xFF, 0xFF, 0xFF, 0xFF, 0xFF, 0xFF, 0xFF, 0xFF, 0xFF, 0xFF, 0xFF, 0xFF, 0xFF, 0xFF, 0xFF, 0x2F, 0x92, 0x84, 0x15, 0x8E, 0x63, 0x2F, 0xA2, 0x6B, 0x49, 0xB2, 0x7B, 0x52, 0xB6, 0x84, 0x52, 0xB2, 0x84, 
        0x52, 0xB6, 0x84, 0x52, 0xAE, 0x8C, 0x41, 0x9A, 0x8C, 0x27, 0x7D, 0x8C, 0x1F, 0x65, 0x8C, 0x15, 0x61, 0x94, 0x15, 0x61, 0x94, 0x15, 0x5D, 0x9C, 0x15, 0x5D, 0x9C, 0x52, 0x8E, 0xBD, 0x17, 0x71, 0xAD, 0x03, 0x4B, 0xAD, 0x1F, 0x3C, 0xC6, 
        0x27, 0x41, 0xC6, 0x27, 0x49, 0xC6, 0x27, 0x49, 0xC6, 0x27, 0x49, 0xC6, 0x27, 0x4D, 0xC6, 0x27, 0x4D, 0xC6, 0x2F, 0x51, 0xC6, 0x2F, 0x51, 0xC6, 0x37, 0x5D, 0xC6, 0x9C, 0xA6, 0xCE, 0xFF, 0xFF, 0xFF, 0xFF, 0xFF, 0xFF, 0xFF, 0xFB, 0xFF, 
        0xFF, 0xFB, 0xFF, 0xFF, 0xFB, 0xFF, 0xFF, 0xFB, 0xFF, 0xFF, 0xFB, 0xFF, 0xFF, 0xFB, 0xFF, 0xFF, 0xFB, 0xFF, 0xFF, 0xFB, 0xFF, 0xFF, 0xFB, 0xFF, 0xFF, 0xFB, 0xFF, 0xFF, 0xFB, 0xFF, 0xFF, 0xFB, 0xFF, 0xFF, 0xFB, 0xFF, 0xFF, 0xFB, 0xFF, 
        0xFF, 0xFB, 0xFF, 0xFF, 0xFF, 0xFF, 0xFF, 0xFF, 0xFF, 0xCE, 0xD3, 0xEF, 0x5A, 0x71, 0xC6, 0x41, 0x5D, 0xCE, 0x4A, 0x61, 0xCE, 0x4A, 0x65, 0xCE, 0x52, 0x6D, 0xD6, 0x52, 0x71, 0xD6, 0x63, 0x7D, 0xE7, 0x73, 0x8E, 0xEF, 0x6B, 0x8E, 0xE7, 
        0x63, 0x8A, 0xE7, 0x63, 0x8A, 0xE7, 0x6B, 0x8E, 0xE7, 0x6B, 0x92, 0xE7, 0x63, 0x86, 0xDE, 0x2F, 0x51, 0xBD, 0x2F, 0x49, 0xBD, 0x15, 0x2F, 0x84, 0x73, 0x75, 0x7B, 0xFF, 0xFB, 0xFF, 0xFF, 0xFF, 0xFF, 0xFF, 0xFF, 0xFF, 0xFF, 0xFF, 0xFF, 
        0xFF, 0xFF, 0xFF,
  0xFF, 0xFF, 0xFF, 0xFF, 0xFF, 0xFF, 0xFF, 0xFF, 0xFF, 0xFF, 0xFF, 0xFF, 0xFF, 0xFF, 0xFF, 0xFF, 0xFF, 0xFF, 0xFF, 0xFF, 0xFF, 0xFF, 0xFF, 0xFF, 0x2F, 0x92, 0x84, 0x15, 0x8E, 0x63, 0x2F, 0xA2, 0x6B, 0x4A, 0xB6, 0x7B, 0x52, 0xB6, 0x84, 0x52, 0xB2, 0x84, 
        0x52, 0xB6, 0x84, 0x52, 0xB2, 0x84, 0x41, 0x9A, 0x8C, 0x2F, 0x7D, 0x8C, 0x1F, 0x65, 0x8C, 0x15, 0x5D, 0x8C, 0x15, 0x59, 0x94, 0x15, 0x59, 0x94, 0x0C, 0x55, 0x9C, 0x52, 0x8A, 0xBD, 0x17, 0x71, 0xAD, 0x00, 0x49, 0xAD, 0x15, 0x2F, 0xC6, 
        0x15, 0x34, 0xC6, 0x15, 0x37, 0xC6, 0x15, 0x3C, 0xC6, 0x15, 0x3C, 0xC6, 0x15, 0x3C, 0xBD, 0x15, 0x37, 0xBD, 0x15, 0x3C, 0xBD, 0x15, 0x37, 0xB5, 0x1F, 0x41, 0xAD, 0x8C, 0x96, 0xC6, 0xFF, 0xFF, 0xFF, 0xFF, 0xFB, 0xFF, 0xF8, 0xFB, 0xF9, 
        0xF8, 0xFB, 0xF9, 0xF8, 0xFB, 0xF9, 0xF8, 0xFB, 0xF9, 0xFF, 0xFB, 0xFF, 0xF9, 0xFB, 0xFF, 0xFF, 0xFB, 0xFF, 0xFF, 0xFB, 0xFF, 0xFF, 0xFB, 0xFF, 0xFF, 0xFB, 0xFF, 0xFF, 0xFB, 0xFF, 0xFF, 0xFB, 0xFF, 0xFF, 0xFB, 0xFF, 0xFF, 0xFB, 0xFF, 
        0xFF, 0xFB, 0xFF, 0xFF, 0xFB, 0xFF, 0xFF, 0xFF, 0xFF, 0xF9, 0xF8, 0xFF, 0x8C, 0x9A, 0xDE, 0x37, 0x55, 0xC6, 0x41, 0x5D, 0xCE, 0x41, 0x5D, 0xCE, 0x41, 0x5D, 0xCE, 0x41, 0x59, 0xCE, 0x4A, 0x5D, 0xCE, 0x4A, 0x65, 0xCE, 0x4A, 0x65, 0xD6, 
        0x4A, 0x69, 0xD6, 0x52, 0x71, 0xD6, 0x52, 0x75, 0xDE, 0x5A, 0x79, 0xDE, 0x41, 0x65, 0xCE, 0x27, 0x49, 0xBD, 0x39, 0x4B, 0xBD, 0x15, 0x2F, 0x84, 0x6B, 0x6D, 0x73, 0xF9, 0xF9, 0xF8, 0xFF, 0xFF, 0xFF, 0xFF, 0xFF, 0xFF, 0xFF, 0xFF, 0xFF, 
        0xFF, 0xFF, 0xFF,
  0xFF, 0xFF, 0xFF, 0xFF, 0xFF, 0xFF, 0xFF, 0xFF, 0xFF, 0xFF, 0xFF, 0xFF, 0xFF, 0xFF, 0xFF, 0xFF, 0xFF, 0xFF, 0xFF, 0xFF, 0xFF, 0xFF, 0xFF, 0xFF, 0x2F, 0x92, 0x84, 0x15, 0x8E, 0x63, 0x2F, 0xA2, 0x6B, 0x4A, 0xB6, 0x7B, 0x52, 0xB6, 0x84, 0x52, 0xB6, 0x84, 
        0x52, 0xB6, 0x84, 0x52, 0xB2, 0x84, 0x41, 0x9E, 0x84, 0x2F, 0x7D, 0x8C, 0x15, 0x65, 0x8C, 0x15, 0x5D, 0x8C, 0x15, 0x59, 0x94, 0x15, 0x59, 0x94, 0x0C, 0x55, 0x9C, 0x4A, 0x8A, 0xBD, 0x17, 0x71, 0xAD, 0x00, 0x4D, 0xAD, 0x15, 0x34, 0xC6, 
        0x15, 0x34, 0xC6, 0x15, 0x37, 0xC6, 0x15, 0x37, 0xC6, 0x15, 0x37, 0xC6, 0x15, 0x37, 0xBD, 0x15, 0x37, 0xBD, 0x15, 0x37, 0xBD, 0x0C, 0x37, 0xB5, 0x1F, 0x41, 0xAD, 0x8C, 0x92, 0xC6, 0xFF, 0xFF, 0xFF, 0xF9, 0xF9, 0xF8, 0xF9, 0xF9, 0xF8, 
        0xF9, 0xF9, 0xF8, 0xF9, 0xF9, 0xF8, 0xF9, 0xF9, 0xF8, 0xF9, 0xF9, 0xF8, 0xF9, 0xF9, 0xF8, 0xF9, 0xF3, 0xF9, 0xF9, 0xF9, 0xF8, 0xF9, 0xF9, 0xF8, 0xF9, 0xF9, 0xF8, 0xF9, 0xF9, 0xF8, 0xF9, 0xF9, 0xF8, 0xF9, 0xF9, 0xF8, 0xF9, 0xF9, 0xF8, 
        0xF9, 0xF9, 0xF8, 0xF9, 0xF9, 0xF8, 0xFF, 0xFB, 0xF8, 0xEF, 0xEF, 0xFF, 0x6B, 0x82, 0xD6, 0x15, 0x37, 0xBD, 0x1F, 0x44, 0xC6, 0x27, 0x44, 0xC6, 0x27, 0x44, 0xC6, 0x27, 0x44, 0xC6, 0x2F, 0x44, 0xC6, 0x2F, 0x44, 0xBD, 0x1F, 0x37, 0xB5, 
        0x1F, 0x34, 0xB5, 0x1F, 0x37, 0xB5, 0x27, 0x41, 0xBD, 0x27, 0x41, 0xBD, 0x1F, 0x37, 0xB5, 0x1F, 0x34, 0xB5, 0x2F, 0x49, 0xBD, 0x1F, 0x34, 0x8C, 0x63, 0x69, 0x73, 0xF9, 0xF9, 0xF8, 0xFF, 0xFF, 0xFF, 0xFF, 0xFF, 0xFF, 0xFF, 0xFF, 0xFF, 
        0xFF, 0xFF, 0xFF,
  0xFF, 0xFF, 0xFF, 0xFF, 0xFF, 0xFF, 0xFF, 0xFF, 0xFF, 0xFF, 0xFF, 0xFF, 0xFF, 0xFF, 0xFF, 0xFF, 0xFF, 0xFF, 0xFF, 0xFF, 0xFF, 0xFF, 0xFF, 0xFF, 0x2F, 0x92, 0x84, 0x15, 0x8E, 0x5A, 0x2F, 0xA2, 0x6B, 0x49, 0xB2, 0x7B, 0x52, 0xB6, 0x84, 0x52, 0xB6, 0x84, 
        0x52, 0xB6, 0x84, 0x52, 0xB2, 0x84, 0x4A, 0xA2, 0x84, 0x2F, 0x82, 0x8C, 0x15, 0x65, 0x8C, 0x15, 0x5D, 0x8C, 0x15, 0x59, 0x94, 0x15, 0x59, 0x94, 0x0C, 0x51, 0x94, 0x4A, 0x8A, 0xB5, 0x17, 0x71, 0xAD, 0x00, 0x4D, 0xAD, 0x15, 0x34, 0xC6, 
        0x15, 0x37, 0xC6, 0x15, 0x3C, 0xC6, 0x15, 0x3C, 0xC6, 0x15, 0x3C, 0xC6, 0x15, 0x3C, 0xBD, 0x15, 0x3C, 0xBD, 0x15, 0x3C, 0xBD, 0x15, 0x3C, 0xBD, 0x1F, 0x44, 0xB5, 0x8C, 0x92, 0xBD, 0xFF, 0xFB, 0xF8, 0xF9, 0xF9, 0xF8, 0xF9, 0xF3, 0xF9, 
        0xF9, 0xF3, 0xF9, 0xEF, 0xF3, 0xF8, 0xF9, 0xF3, 0xF9, 0xF9, 0xF3, 0xF9, 0xF9, 0xF3, 0xF9, 0xF9, 0xF3, 0xF9, 0xF9, 0xF3, 0xF9, 0xF9, 0xF3, 0xF9, 0xF9, 0xF3, 0xF9, 0xF9, 0xF3, 0xF9, 0xF9, 0xF3, 0xF9, 0xF9, 0xF3, 0xF9, 0xF9, 0xF3, 0xEF, 
        0xF9, 0xF9, 0xF8, 0xFF, 0xFB, 0xF8, 0xF9, 0xF9, 0xF8, 0xAD, 0xB6, 0xE7, 0x37, 0x55, 0xBD, 0x0C, 0x34, 0xBD, 0x15, 0x37, 0xC6, 0x15, 0x37, 0xBD, 0x15, 0x37, 0xBD, 0x15, 0x37, 0xBD, 0x15, 0x37, 0xBD, 0x15, 0x2F, 0xBD, 0x03, 0x24, 0xAD, 
        0x03, 0x19, 0xA5, 0x03, 0x19, 0xA5, 0x03, 0x19, 0xA5, 0x03, 0x15, 0xA5, 0x03, 0x15, 0x9C, 0x03, 0x19, 0xA5, 0x1F, 0x37, 0xB5, 0x1F, 0x34, 0x8C, 0x63, 0x65, 0x6B, 0xF9, 0xF3, 0xF9, 0xFF, 0xFF, 0xFF, 0xFF, 0xFF, 0xFF, 0xFF, 0xFF, 0xFF, 
        0xFF, 0xFF, 0xFF,
  0xFF, 0xFF, 0xFF, 0xFF, 0xFF, 0xFF, 0xFF, 0xFF, 0xFF, 0xFF, 0xFF, 0xFF, 0xFF, 0xFF, 0xFF, 0xFF, 0xFF, 0xFF, 0xFF, 0xFF, 0xFF, 0xFF, 0xFF, 0xFF, 0x2F, 0x92, 0x84, 0x15, 0x8E, 0x5A, 0x2F, 0xA2, 0x6B, 0x49, 0xB2, 0x7B, 0x52, 0xB6, 0x84, 0x52, 0xB6, 0x84, 
        0x52, 0xB6, 0x84, 0x52, 0xB2, 0x84, 0x4A, 0xA6, 0x84, 0x2F, 0x86, 0x84, 0x1F, 0x65, 0x8C, 0x15, 0x5D, 0x8C, 0x15, 0x59, 0x94, 0x15, 0x59, 0x94, 0x0C, 0x51, 0x94, 0x4A, 0x86, 0xB5, 0x17, 0x71, 0xAD, 0x00, 0x4D, 0xAD, 0x15, 0x37, 0xC6, 
        0x15, 0x3C, 0xC6, 0x15, 0x3C, 0xC6, 0x15, 0x3C, 0xC6, 0x15, 0x3C, 0xC6, 0x15, 0x3C, 0xC6, 0x15, 0x3C, 0xBD, 0x15, 0x41, 0xBD, 0x15, 0x3C, 0xBD, 0x1F, 0x44, 0xB5, 0x8C, 0x96, 0xBD, 0xF9, 0xF9, 0xF8, 0xEF, 0xF3, 0xEF, 0xEF, 0xEF, 0xEF, 
        0xEF, 0xEF, 0xEF, 0xEF, 0xEF, 0xEF, 0xEF, 0xEF, 0xEF, 0xEF, 0xF3, 0xEF, 0xEF, 0xEF, 0xEF, 0xEF, 0xEF, 0xEF, 0xEF, 0xEF, 0xEF, 0xEF, 0xEF, 0xEF, 0xEF, 0xEF, 0xEF, 0xEF, 0xEF, 0xEF, 0xEF, 0xEF, 0xEF, 0xEF, 0xF3, 0xEF, 0xF8, 0xFB, 0xF9, 
        0xFF, 0xFB, 0xF8, 0xD6, 0xDF, 0xEF, 0x6B, 0x7D, 0xBD, 0x15, 0x37, 0xA5, 0x0C, 0x37, 0xBD, 0x15, 0x3C, 0xC6, 0x15, 0x37, 0xBD, 0x15, 0x37, 0xBD, 0x15, 0x37, 0xBD, 0x15, 0x37, 0xBD, 0x15, 0x34, 0xBD, 0x0C, 0x26, 0xB5, 0x06, 0x19, 0xAD, 
        0x03, 0x11, 0xA5, 0x03, 0x11, 0xA5, 0x03, 0x11, 0xA5, 0x03, 0x11, 0x9C, 0x00, 0x11, 0x9C, 0x03, 0x15, 0x9C, 0x15, 0x34, 0xAD, 0x15, 0x34, 0x84, 0x63, 0x69, 0x6B, 0xF9, 0xF3, 0xF9, 0xFF, 0xFF, 0xFF, 0xFF, 0xFF, 0xFF, 0xFF, 0xFF, 0xFF, 
        0xFF, 0xFF, 0xFF,
  0xFF, 0xFF, 0xFF, 0xFF, 0xFF, 0xFF, 0xFF, 0xFF, 0xFF, 0xFF, 0xFF, 0xFF, 0xFF, 0xFF, 0xFF, 0xFF, 0xFF, 0xFF, 0xFF, 0xFF, 0xFF, 0xFF, 0xFF, 0xFF, 0x2F, 0x92, 0x84, 0x15, 0x8E, 0x5A, 0x2F, 0xA2, 0x6B, 0x4A, 0xB6, 0x7B, 0x52, 0xB6, 0x84, 0x52, 0xB6, 0x84, 
        0x52, 0xB6, 0x84, 0x52, 0xB2, 0x84, 0x4A, 0xAA, 0x84, 0x37, 0x8A, 0x84, 0x1F, 0x65, 0x8C, 0x15, 0x5D, 0x8C, 0x15, 0x59, 0x8C, 0x15, 0x59, 0x94, 0x0C, 0x51, 0x94, 0x4A, 0x86, 0xB5, 0x17, 0x71, 0xAD, 0x00, 0x4D, 0xAD, 0x15, 0x37, 0xCE, 
        0x15, 0x3C, 0xC6, 0x15, 0x41, 0xC6, 0x15, 0x41, 0xC6, 0x15, 0x41, 0xC6, 0x15, 0x41, 0xC6, 0x15, 0x41, 0xBD, 0x15, 0x41, 0xBD, 0x15, 0x41, 0xBD, 0x1F, 0x49, 0xB5, 0x8C, 0x96, 0xBD, 0xF9, 0xF3, 0xEF, 0xEF, 0xEF, 0xEF, 0xEF, 0xEB, 0xEF, 
        0xEF, 0xEB, 0xEF, 0xEF, 0xEB, 0xEF, 0xEF, 0xEB, 0xEF, 0xEF, 0xEF, 0xEF, 0xEF, 0xEB, 0xEF, 0xEF, 0xEB, 0xEF, 0xEF, 0xEF, 0xEF, 0xEF, 0xEF, 0xEF, 0xEF, 0xEB, 0xEF, 0xEF, 0xEB, 0xEF, 0xF9, 0xF3, 0xEF, 0xF9, 0xF9, 0xF8, 0xDE, 0xDF, 0xE7, 
        0x94, 0xA2, 0xD6, 0x2F, 0x51, 0xAD, 0x03, 0x2F, 0xAD, 0x0C, 0x3C, 0xBD, 0x15, 0x41, 0xBD, 0x15, 0x3C, 0xBD, 0x15, 0x3C, 0xBD, 0x15, 0x37, 0xBD, 0x15, 0x37, 0xBD, 0x15, 0x37, 0xBD, 0x0C, 0x2F, 0xBD, 0x03, 0x24, 0xAD, 0x03, 0x15, 0xA5, 
        0x03, 0x11, 0xA5, 0x03, 0x11, 0xA5, 0x03, 0x11, 0xA5, 0x03, 0x11, 0x9C, 0x00, 0x11, 0x9C, 0x03, 0x15, 0x9C, 0x1F, 0x34, 0xB5, 0x15, 0x34, 0x84, 0x73, 0x75, 0x73, 0xFF, 0xFB, 0xFF, 0xFF, 0xFF, 0xFF, 0xFF, 0xFF, 0xFF, 0xFF, 0xFF, 0xFF, 
        0xFF, 0xFF, 0xFF,
  0xFF, 0xFF, 0xFF, 0xFF, 0xFF, 0xFF, 0xFF, 0xFF, 0xFF, 0xFF, 0xFF, 0xFF, 0xFF, 0xFF, 0xFF, 0xFF, 0xFF, 0xFF, 0xFF, 0xFF, 0xFF, 0xFF, 0xFF, 0xFF, 0x2F, 0x92, 0x84, 0x15, 0x8E, 0x5A, 0x2F, 0xA6, 0x6B, 0x4A, 0xB6, 0x7B, 0x52, 0xB6, 0x84, 0x52, 0xB6, 0x84, 
        0x52, 0xB6, 0x84, 0x52, 0xB2, 0x84, 0x4A, 0xAE, 0x84, 0x37, 0x8E, 0x84, 0x1F, 0x6D, 0x8C, 0x15, 0x5D, 0x8C, 0x15, 0x59, 0x8C, 0x15, 0x59, 0x94, 0x0C, 0x51, 0x94, 0x4A, 0x86, 0xB5, 0x17, 0x71, 0xAD, 0x00, 0x4D, 0xAD, 0x15, 0x3C, 0xCE, 
        0x15, 0x41, 0xCE, 0x15, 0x41, 0xCE, 0x15, 0x44, 0xCE, 0x15, 0x44, 0xC6, 0x15, 0x44, 0xC6, 0x15, 0x41, 0xBD, 0x15, 0x41, 0xBD, 0x15, 0x41, 0xBD, 0x1F, 0x49, 0xB5, 0x8C, 0x92, 0xBD, 0xEF, 0xF3, 0xEF, 0xE7, 0xEB, 0xE7, 0xE7, 0xEB, 0xE7, 
        0xE7, 0xE7, 0xE7, 0xE7, 0xE7, 0xE7, 0xE7, 0xE7, 0xE7, 0xE7, 0xE7, 0xE7, 0xE7, 0xE7, 0xE7, 0xE7, 0xEB, 0xE7, 0xE7, 0xE7, 0xE7, 0xE7, 0xE7, 0xE7, 0xEF, 0xEB, 0xEF, 0xF9, 0xF3, 0xEF, 0xE7, 0xEB, 0xEF, 0x9C, 0xAA, 0xCE, 0x37, 0x54, 0xAD, 
        0x0C, 0x34, 0xAD, 0x03, 0x37, 0xBD, 0x15, 0x41, 0xBD, 0x15, 0x41, 0xBD, 0x15, 0x41, 0xBD, 0x15, 0x41, 0xBD, 0x15, 0x3C, 0xC6, 0x15, 0x3C, 0xC6, 0x15, 0x3C, 0xC6, 0x15, 0x37, 0xBD, 0x0C, 0x2A, 0xB5, 0x06, 0x19, 0xAD, 0x03, 0x15, 0xA5, 
        0x03, 0x15, 0xA5, 0x03, 0x11, 0xA5, 0x03, 0x11, 0xA5, 0x00, 0x11, 0x9C, 0x00, 0x11, 0x9C, 0x03, 0x19, 0x9C, 0x1F, 0x37, 0xB5, 0x1F, 0x34, 0x73, 0x84, 0x86, 0x8C, 0xFF, 0xFF, 0xFF, 0xFF, 0xFF, 0xFF, 0xFF, 0xFF, 0xFF, 0xFF, 0xFF, 0xFF, 
        0xFF, 0xFF, 0xFF,
  0xFF, 0xFF, 0xFF, 0xFF, 0xFF, 0xFF, 0xFF, 0xFF, 0xFF, 0xFF, 0xFF, 0xFF, 0xFF, 0xFF, 0xFF, 0xFF, 0xFF, 0xFF, 0xFF, 0xFF, 0xFF, 0xFF, 0xFF, 0xFF, 0x2F, 0x92, 0x84, 0x15, 0x8E, 0x5A, 0x2F, 0xA6, 0x6B, 0x4A, 0xB6, 0x7B, 0x52, 0xB6, 0x7B, 0x52, 0xB6, 0x84, 
        0x52, 0xB6, 0x84, 0x52, 0xB6, 0x84, 0x52, 0xAE, 0x84, 0x41, 0x96, 0x84, 0x1F, 0x71, 0x8C, 0x15, 0x61, 0x8C, 0x15, 0x59, 0x94, 0x15, 0x59, 0x94, 0x0C, 0x55, 0x94, 0x4A, 0x8A, 0xB5, 0x17, 0x71, 0xAD, 0x00, 0x4D, 0xAD, 0x15, 0x3C, 0xC6, 
        0x15, 0x44, 0xCE, 0x15, 0x44, 0xCE, 0x15, 0x49, 0xCE, 0x15, 0x49, 0xC6, 0x15, 0x49, 0xC6, 0x15, 0x44, 0xC6, 0x15, 0x44, 0xBD, 0x15, 0x44, 0xBD, 0x1F, 0x4D, 0xBD, 0x84, 0x92, 0xBD, 0xF1, 0xEB, 0xE7, 0xE7, 0xE7, 0xE7, 0xE7, 0xE3, 0xE7, 
        0xE7, 0xE3, 0xE7, 0xE7, 0xE7, 0xE7, 0xE7, 0xE3, 0xE7, 0xE7, 0xE3, 0xE7, 0xE7, 0xE7, 0xE7, 0xE7, 0xE7, 0xE7, 0xE7, 0xE7, 0xE7, 0xF1, 0xEB, 0xE7, 0xE7, 0xE7, 0xE7, 0xB5, 0xBE, 0xDE, 0x63, 0x75, 0xBD, 0x15, 0x41, 0xAD, 0x03, 0x37, 0xB5, 
        0x0C, 0x44, 0xBD, 0x15, 0x44, 0xC6, 0x15, 0x44, 0xC6, 0x15, 0x44, 0xC6, 0x15, 0x44, 0xC6, 0x15, 0x41, 0xC6, 0x15, 0x41, 0xC6, 0x15, 0x3C, 0xC6, 0x15, 0x3C, 0xC6, 0x0C, 0x34, 0xBD, 0x03, 0x24, 0xAD, 0x03, 0x15, 0xA5, 0x03, 0x15, 0xA5, 
        0x03, 0x15, 0xA5, 0x03, 0x15, 0xA5, 0x00, 0x15, 0xA5, 0x00, 0x15, 0xA5, 0x00, 0x15, 0x9C, 0x03, 0x1F, 0xA5, 0x1F, 0x37, 0xB5, 0x1F, 0x2F, 0x6B, 0x9C, 0x9A, 0x9C, 0xFF, 0xFF, 0xFF, 0xFF, 0xFF, 0xFF, 0xFF, 0xFF, 0xFF, 0xFF, 0xFF, 0xFF, 
        0xFF, 0xFF, 0xFF,
  0xFF, 0xFF, 0xFF, 0xFF, 0xFF, 0xFF, 0xFF, 0xFF, 0xFF, 0xFF, 0xFF, 0xFF, 0xFF, 0xFF, 0xFF, 0xFF, 0xFF, 0xFF, 0xFF, 0xFF, 0xFF, 0xFF, 0xFF, 0xFF, 0x2F, 0x92, 0x84, 0x15, 0x8E, 0x5A, 0x2F, 0xA6, 0x6B, 0x4A, 0xB6, 0x7B, 0x52, 0xB6, 0x7B, 0x52, 0xB6, 0x7B, 
        0x52, 0xB6, 0x84, 0x52, 0xB6, 0x84, 0x52, 0xB2, 0x84, 0x41, 0x9E, 0x84, 0x27, 0x79, 0x84, 0x15, 0x65, 0x8C, 0x15, 0x5D, 0x94, 0x15, 0x5D, 0x94, 0x0C, 0x59, 0x94, 0x4A, 0x8E, 0xBD, 0x27, 0x82, 0xAD, 0x0C, 0x59, 0xAD, 0x0C, 0x37, 0xC6, 
        0x15, 0x44, 0xCE, 0x15, 0x4B, 0xCE, 0x15, 0x4B, 0xCE, 0x15, 0x4B, 0xCE, 0x15, 0x4B, 0xCE, 0x15, 0x49, 0xC6, 0x15, 0x49, 0xC6, 0x15, 0x49, 0xC6, 0x1F, 0x51, 0xBD, 0x84, 0x92, 0xBD, 0xE7, 0xE7, 0xE7, 0xDE, 0xE3, 0xDE, 0xDE, 0xDF, 0xDE, 
        0xDE, 0xDF, 0xDE, 0xDE, 0xE3, 0xE7, 0xDE, 0xDF, 0xDE, 0xE7, 0xE3, 0xE7, 0xE7, 0xE3, 0xE7, 0xE7, 0xE7, 0xE7, 0xE7, 0xE7, 0xE7, 0xAD, 0xBA, 0xD6, 0x5A, 0x6D, 0xB5, 0x1F, 0x49, 0xAD, 0x0C, 0x3C, 0xBD, 0x0C, 0x44, 0xBD, 0x15, 0x4D, 0xC6, 
        0x15, 0x4D, 0xC6, 0x15, 0x49, 0xC6, 0x15, 0x49, 0xC6, 0x15, 0x49, 0xC6, 0x15, 0x49, 0xC6, 0x15, 0x44, 0xC6, 0x15, 0x44, 0xC6, 0x15, 0x41, 0xC6, 0x0C, 0x37, 0xBD, 0x03, 0x2A, 0xB5, 0x03, 0x24, 0xAD, 0x06, 0x19, 0xAD, 0x03, 0x15, 0xA5, 
        0x03, 0x15, 0xA5, 0x03, 0x15, 0xA5, 0x03, 0x15, 0xA5, 0x00, 0x15, 0xA5, 0x00, 0x15, 0x9C, 0x0C, 0x26, 0xAD, 0x1F, 0x37, 0xAD, 0x27, 0x37, 0x5A, 0xC6, 0xC3, 0xC6, 0xFF, 0xFF, 0xFF, 0xFF, 0xFF, 0xFF, 0xFF, 0xFF, 0xFF, 0xFF, 0xFF, 0xFF, 
        0xFF, 0xFF, 0xFF,
  0xFF, 0xFF, 0xFF, 0xFF, 0xFF, 0xFF, 0xFF, 0xFF, 0xFF, 0xFF, 0xFF, 0xFF, 0xFF, 0xFF, 0xFF, 0xFF, 0xFF, 0xFF, 0xFF, 0xFF, 0xFF, 0xFF, 0xFF, 0xFF, 0x2F, 0x92, 0x84, 0x15, 0x8E, 0x5A, 0x2F, 0xA6, 0x6B, 0x4A, 0xB6, 0x7B, 0x52, 0xB6, 0x7B, 0x52, 0xB6, 0x7B, 
        0x52, 0xB6, 0x84, 0x52, 0xB6, 0x84, 0x52, 0xB2, 0x84, 0x4A, 0xA6, 0x84, 0x2F, 0x82, 0x84, 0x1F, 0x69, 0x8C, 0x15, 0x61, 0x94, 0x15, 0x5D, 0x9C, 0x0F, 0x59, 0x9C, 0x52, 0x8E, 0xBD, 0x41, 0x92, 0xB5, 0x1F, 0x65, 0xAD, 0x03, 0x37, 0xBD, 
        0x0C, 0x41, 0xC6, 0x15, 0x4B, 0xCE, 0x15, 0x51, 0xCE, 0x15, 0x51, 0xD6, 0x15, 0x51, 0xCE, 0x15, 0x4B, 0xCE, 0x15, 0x4D, 0xC6, 0x15, 0x4D, 0xC6, 0x27, 0x55, 0xBD, 0x84, 0x92, 0xBD, 0xE7, 0xE3, 0xE7, 0xDE, 0xDF, 0xDE, 0xDE, 0xDF, 0xDE, 
        0xDE, 0xDF, 0xDE, 0xDE, 0xDF, 0xDE, 0xDE, 0xDF, 0xDE, 0xE7, 0xE3, 0xE7, 0xE7, 0xE3, 0xDE, 0xC6, 0xCB, 0xDE, 0x84, 0x92, 0xCE, 0x2F, 0x51, 0xAD, 0x03, 0x3C, 0xB5, 0x0C, 0x49, 0xC6, 0x15, 0x4D, 0xC6, 0x15, 0x51, 0xC6, 0x15, 0x4D, 0xC6, 
        0x15, 0x4B, 0xCE, 0x15, 0x4B, 0xCE, 0x15, 0x4B, 0xCE, 0x15, 0x4D, 0xC6, 0x15, 0x4D, 0xC6, 0x15, 0x49, 0xC6, 0x15, 0x49, 0xC6, 0x0C, 0x41, 0xC6, 0x03, 0x34, 0xBD, 0x03, 0x26, 0xAD, 0x03, 0x24, 0xAD, 0x06, 0x1F, 0xAD, 0x06, 0x19, 0xAD, 
        0x03, 0x15, 0xA5, 0x03, 0x15, 0xA5, 0x03, 0x15, 0xA5, 0x00, 0x15, 0xA5, 0x00, 0x15, 0xA5, 0x15, 0x34, 0xB5, 0x15, 0x34, 0x9C, 0x41, 0x4D, 0x63, 0xE7, 0xE3, 0xE7, 0xFF, 0xFF, 0xFF, 0xFF, 0xFF, 0xFF, 0xFF, 0xFF, 0xFF, 0xFF, 0xFF, 0xFF, 
        0xFF, 0xFF, 0xFF,
  0xFF, 0xFF, 0xFF, 0xFF, 0xFF, 0xFF, 0xFF, 0xFF, 0xFF, 0xFF, 0xFF, 0xFF, 0xFF, 0xFF, 0xFF, 0xFF, 0xFF, 0xFF, 0xFF, 0xFF, 0xFF, 0xFF, 0xFF, 0xFF, 0x2F, 0x92, 0x84, 0x15, 0x8E, 0x5A, 0x2F, 0xA6, 0x63, 0x4A, 0xB6, 0x7B, 0x52, 0xB6, 0x7B, 0x52, 0xB6, 0x7B, 
        0x52, 0xB6, 0x84, 0x52, 0xB2, 0x84, 0x52, 0xB2, 0x84, 0x52, 0xAE, 0x8C, 0x37, 0x8E, 0x84, 0x1F, 0x71, 0x8C, 0x15, 0x65, 0x94, 0x15, 0x65, 0x9C, 0x0F, 0x5D, 0x9C, 0x52, 0x92, 0xBD, 0x63, 0xA2, 0xB5, 0x2F, 0x75, 0xB5, 0x03, 0x3C, 0xC6, 
        0x03, 0x41, 0xC6, 0x0C, 0x49, 0xCE, 0x0C, 0x4B, 0xCE, 0x0C, 0x51, 0xCE, 0x15, 0x51, 0xCE, 0x15, 0x51, 0xCE, 0x15, 0x51, 0xCE, 0x0C, 0x51, 0xCE, 0x27, 0x59, 0xC6, 0x84, 0x96, 0xC6, 0xE7, 0xE3, 0xE7, 0xDE, 0xDF, 0xDE, 0xDE, 0xDB, 0xDE, 
        0xDE, 0xDF, 0xDE, 0xE7, 0xE3, 0xDE, 0xE7, 0xE3, 0xE7, 0xC6, 0xC3, 0xD6, 0x73, 0x7D, 0xB5, 0x2F, 0x4D, 0xAD, 0x0C, 0x49, 0xBD, 0x15, 0x51, 0xCE, 0x15, 0x55, 0xCE, 0x15, 0x55, 0xCE, 0x15, 0x55, 0xCE, 0x15, 0x55, 0xCE, 0x15, 0x55, 0xCE, 
        0x15, 0x55, 0xCE, 0x15, 0x55, 0xCE, 0x15, 0x55, 0xCE, 0x15, 0x51, 0xCE, 0x15, 0x51, 0xCE, 0x15, 0x4B, 0xCE, 0x0C, 0x44, 0xC6, 0x03, 0x37, 0xBD, 0x03, 0x2F, 0xB5, 0x03, 0x2A, 0xB5, 0x03, 0x26, 0xB5, 0x03, 0x24, 0xB5, 0x06, 0x1F, 0xAD, 
        0x06, 0x19, 0xAD, 0x03, 0x19, 0xA5, 0x03, 0x15, 0xA5, 0x03, 0x15, 0xA5, 0x06, 0x1F, 0xAD, 0x1F, 0x37, 0xB5, 0x0C, 0x26, 0x8C, 0x6B, 0x6D, 0x7B, 0xFF, 0xFF, 0xFF, 0xFF, 0xFF, 0xFF, 0xFF, 0xFF, 0xFF, 0xFF, 0xFF, 0xFF, 0xFF, 0xFF, 0xFF, 
        0xFF, 0xFF, 0xFF,
  0xFF, 0xFF, 0xFF, 0xFF, 0xFF, 0xFF, 0xFF, 0xFF, 0xFF, 0xFF, 0xFF, 0xFF, 0xFF, 0xFF, 0xFF, 0xFF, 0xFF, 0xFF, 0xFF, 0xFF, 0xFF, 0xFF, 0xFF, 0xFF, 0x2F, 0x92, 0x84, 0x15, 0x8E, 0x5A, 0x2F, 0xA6, 0x63, 0x4A, 0xB6, 0x7B, 0x52, 0xB6, 0x7B, 0x52, 0xB6, 0x7B, 
        0x52, 0xB6, 0x84, 0x52, 0xB6, 0x84, 0x52, 0xB6, 0x84, 0x52, 0xB2, 0x8C, 0x41, 0x9A, 0x84, 0x27, 0x7D, 0x8C, 0x15, 0x69, 0x94, 0x15, 0x69, 0xA5, 0x0C, 0x65, 0xA5, 0x52, 0x96, 0xBD, 0x7B, 0xAE, 0xB5, 0x40, 0x7D, 0xB5, 0x03, 0x41, 0xC6, 
        0x03, 0x49, 0xCE, 0x0C, 0x49, 0xCE, 0x0C, 0x49, 0xCE, 0x0C, 0x4B, 0xCE, 0x0C, 0x4B, 0xCE, 0x0C, 0x4B, 0xCE, 0x0C, 0x4D, 0xC6, 0x03, 0x4D, 0xC6, 0x1F, 0x55, 0xC6, 0x8C, 0x9A, 0xC6, 0xE7, 0xE3, 0xDE, 0xD6, 0xDB, 0xDE, 0xDE, 0xDF, 0xDE, 
        0xDE, 0xE3, 0xE7, 0xCE, 0xCF, 0xDE, 0x94, 0x9A, 0xBD, 0x41, 0x59, 0xA5, 0x00, 0x2F, 0x9C, 0x00, 0x3C, 0xB5, 0x03, 0x4D, 0xC6, 0x0C, 0x51, 0xCE, 0x15, 0x55, 0xCE, 0x15, 0x59, 0xD6, 0x15, 0x59, 0xD6, 0x1F, 0x59, 0xD6, 0x1F, 0x59, 0xD6, 
        0x1F, 0x59, 0xD6, 0x1F, 0x59, 0xD6, 0x15, 0x59, 0xD6, 0x15, 0x55, 0xCE, 0x0C, 0x51, 0xCE, 0x0C, 0x49, 0xC6, 0x03, 0x3C, 0xBD, 0x03, 0x37, 0xBD, 0x03, 0x34, 0xBD, 0x03, 0x34, 0xB5, 0x03, 0x2F, 0xB5, 0x03, 0x2A, 0xB5, 0x03, 0x26, 0xB5, 
        0x03, 0x24, 0xAD, 0x06, 0x19, 0xAD, 0x03, 0x19, 0xA5, 0x06, 0x19, 0xAD, 0x0C, 0x2F, 0xB5, 0x15, 0x34, 0xAD, 0x03, 0x1F, 0x73, 0x8C, 0x8E, 0x94, 0xFF, 0xFF, 0xFF, 0xFF, 0xFF, 0xFF, 0xFF, 0xFF, 0xFF, 0xFF, 0xFF, 0xFF, 0xFF, 0xFF, 0xFF, 
        0xFF, 0xFF, 0xFF,
  0xFF, 0xFF, 0xFF, 0xFF, 0xFF, 0xFF, 0xFF, 0xFF, 0xFF, 0xFF, 0xFF, 0xFF, 0xFF, 0xFF, 0xFF, 0xFF, 0xFF, 0xFF, 0xFF, 0xFF, 0xFF, 0xFF, 0xFF, 0xFF, 0x2F, 0x92, 0x84, 0x15, 0x8E, 0x5A, 0x2F, 0xA6, 0x63, 0x4A, 0xB6, 0x7B, 0x52, 0xB6, 0x7B, 0x52, 0xB6, 0x7B, 
        0x52, 0xB6, 0x84, 0x52, 0xB2, 0x84, 0x52, 0xB2, 0x84, 0x52, 0xB2, 0x8C, 0x4A, 0xA6, 0x84, 0x2F, 0x8A, 0x8C, 0x1F, 0x6D, 0x94, 0x15, 0x6D, 0xA5, 0x0C, 0x69, 0xA5, 0x5A, 0x9A, 0xBD, 0x84, 0xB6, 0xB5, 0x4A, 0x86, 0xB5, 0x03, 0x44, 0xCE, 
        0x03, 0x4B, 0xCE, 0x0C, 0x51, 0xCE, 0x0C, 0x51, 0xCE, 0x0C, 0x51, 0xCE, 0x0C, 0x51, 0xCE, 0x03, 0x51, 0xCE, 0x0C, 0x4D, 0xC6, 0x03, 0x4D, 0xC6, 0x03, 0x49, 0xC6, 0x5A, 0x82, 0xC6, 0xE7, 0xE3, 0xE7, 0xE7, 0xE7, 0xE7, 0xBD, 0xC7, 0xD6, 
        0x8C, 0x96, 0xC6, 0x4A, 0x61, 0xAD, 0x0C, 0x44, 0xAD, 0x03, 0x44, 0xB5, 0x03, 0x4D, 0xC6, 0x0C, 0x51, 0xC6, 0x03, 0x4D, 0xC6, 0x03, 0x4D, 0xC6, 0x0C, 0x51, 0xCE, 0x0C, 0x55, 0xCE, 0x0C, 0x55, 0xD6, 0x15, 0x59, 0xD6, 0x15, 0x59, 0xD6, 
        0x15, 0x55, 0xD6, 0x15, 0x55, 0xCE, 0x0C, 0x51, 0xCE, 0x0C, 0x4B, 0xCE, 0x0C, 0x49, 0xC6, 0x03, 0x44, 0xC6, 0x03, 0x41, 0xC6, 0x03, 0x41, 0xBD, 0x03, 0x3C, 0xBD, 0x03, 0x37, 0xBD, 0x03, 0x37, 0xBD, 0x03, 0x34, 0xBD, 0x03, 0x2A, 0xB5, 
        0x03, 0x26, 0xB5, 0x03, 0x24, 0xAD, 0x03, 0x24, 0xAD, 0x0C, 0x2F, 0xB5, 0x15, 0x3C, 0xBD, 0x0C, 0x2A, 0x9C, 0x15, 0x2A, 0x5A, 0xCE, 0xCB, 0xCE, 0xFF, 0xFF, 0xFF, 0xFF, 0xFF, 0xFF, 0xFF, 0xFF, 0xFF, 0xFF, 0xFF, 0xFF, 0xFF, 0xFF, 0xFF, 
        0xFF, 0xFF, 0xFF,
  0xFF, 0xFF, 0xFF, 0xFF, 0xFF, 0xFF, 0xFF, 0xFF, 0xFF, 0xFF, 0xFF, 0xFF, 0xFF, 0xFF, 0xFF, 0xFF, 0xFF, 0xFF, 0xFF, 0xFF, 0xFF, 0xFF, 0xFF, 0xFF, 0x2F, 0x92, 0x84, 0x15, 0x8E, 0x5A, 0x2F, 0xA6, 0x63, 0x4A, 0xB6, 0x7B, 0x52, 0xB6, 0x7B, 0x52, 0xB6, 0x7B, 
        0x52, 0xB6, 0x84, 0x52, 0xB2, 0x84, 0x52, 0xB2, 0x84, 0x52, 0xB2, 0x8C, 0x52, 0xAE, 0x8C, 0x41, 0x96, 0x8C, 0x1F, 0x71, 0x8C, 0x15, 0x6D, 0x9C, 0x15, 0x6D, 0xA5, 0x5A, 0x9E, 0xBD, 0x84, 0xB2, 0xB5, 0x4A, 0x86, 0xBD, 0x0F, 0x51, 0xD6, 
        0x0C, 0x55, 0xD6, 0x0C, 0x55, 0xD6, 0x0C, 0x55, 0xD6, 0x0C, 0x55, 0xD6, 0x0C, 0x55, 0xD6, 0x0C, 0x55, 0xCE, 0x0C, 0x55, 0xCE, 0x0C, 0x55, 0xCE, 0x03, 0x51, 0xCE, 0x0C, 0x51, 0xBD, 0x73, 0x8A, 0xBD, 0xA5, 0xAA, 0xC6, 0x5A, 0x6D, 0xAD, 
        0x15, 0x41, 0xA5, 0x00, 0x44, 0xB5, 0x00, 0x51, 0xCE, 0x03, 0x55, 0xCE, 0x0C, 0x55, 0xCE, 0x0C, 0x55, 0xCE, 0x0C, 0x55, 0xCE, 0x0C, 0x55, 0xCE, 0x0C, 0x55, 0xCE, 0x03, 0x51, 0xCE, 0x0C, 0x51, 0xCE, 0x0C, 0x55, 0xCE, 0x0C, 0x51, 0xCE, 
        0x0C, 0x51, 0xCE, 0x03, 0x4B, 0xCE, 0x0C, 0x4B, 0xCE, 0x03, 0x4B, 0xCE, 0x03, 0x49, 0xCE, 0x03, 0x49, 0xC6, 0x03, 0x49, 0xC6, 0x03, 0x44, 0xC6, 0x03, 0x44, 0xC6, 0x03, 0x41, 0xC6, 0x03, 0x3C, 0xC6, 0x03, 0x37, 0xBD, 0x03, 0x34, 0xBD, 
        0x03, 0x2A, 0xB5, 0x03, 0x2A, 0xB5, 0x0C, 0x34, 0xB5, 0x1F, 0x41, 0xBD, 0x15, 0x3C, 0xB5, 0x0C, 0x26, 0x8C, 0x2F, 0x41, 0x5A, 0xEF, 0xEF, 0xEF, 0xFF, 0xFF, 0xFF, 0xFF, 0xFF, 0xFF, 0xFF, 0xFF, 0xFF, 0xFF, 0xFF, 0xFF, 0xFF, 0xFF, 0xFF, 
        0xFF, 0xFF, 0xFF,
  0xFF, 0xFF, 0xFF, 0xFF, 0xFF, 0xFF, 0xFF, 0xFF, 0xFF, 0xFF, 0xFF, 0xFF, 0xFF, 0xFF, 0xFF, 0xFF, 0xFF, 0xFF, 0xFF, 0xFF, 0xFF, 0xFF, 0xFF, 0xFF, 0x2F, 0x92, 0x84, 0x15, 0x8E, 0x5A, 0x2F, 0xA6, 0x63, 0x4A, 0xB6, 0x7B, 0x52, 0xB6, 0x7B, 0x52, 0xB6, 0x7B, 
        0x52, 0xB6, 0x84, 0x52, 0xB6, 0x84, 0x52, 0xB2, 0x84, 0x52, 0xB2, 0x8C, 0x52, 0xB2, 0x8C, 0x48, 0xA2, 0x8C, 0x2F, 0x82, 0x8C, 0x1F, 0x6D, 0x9C, 0x15, 0x6D, 0xA5, 0x5A, 0x9E, 0xBD, 0x7B, 0xAE, 0xB5, 0x52, 0x8A, 0xBD, 0x1F, 0x61, 0xD6, 
        0x1F, 0x61, 0xD6, 0x15, 0x5D, 0xD6, 0x0C, 0x5D, 0xD6, 0x0C, 0x5D, 0xD6, 0x0C, 0x5D, 0xD6, 0x0C, 0x5D, 0xD6, 0x0C, 0x5D, 0xCE, 0x0C, 0x5D, 0xCE, 0x0C, 0x59, 0xCE, 0x03, 0x59, 0xCE, 0x03, 0x51, 0xBD, 0x15, 0x55, 0xBD, 0x0C, 0x51, 0xBD, 
        0x03, 0x55, 0xC6, 0x0C, 0x5D, 0xCE, 0x0C, 0x5D, 0xD6, 0x0C, 0x5D, 0xD6, 0x0C, 0x5D, 0xD6, 0x0C, 0x5D, 0xD6, 0x0C, 0x5D, 0xD6, 0x0C, 0x5D, 0xD6, 0x0C, 0x5D, 0xD6, 0x0C, 0x59, 0xD6, 0x0C, 0x59, 0xD6, 0x0C, 0x59, 0xD6, 0x0C, 0x59, 0xD6, 
        0x0C, 0x55, 0xD6, 0x0C, 0x55, 0xD6, 0x0C, 0x51, 0xCE, 0x0C, 0x51, 0xCE, 0x0C, 0x51, 0xCE, 0x03, 0x51, 0xCE, 0x03, 0x4B, 0xCE, 0x03, 0x4B, 0xCE, 0x03, 0x49, 0xC6, 0x03, 0x44, 0xC6, 0x03, 0x41, 0xC6, 0x03, 0x3C, 0xC6, 0x03, 0x3C, 0xBD, 
        0x0C, 0x3C, 0xBD, 0x1F, 0x44, 0xBD, 0x27, 0x4B, 0xBD, 0x1F, 0x49, 0xBD, 0x15, 0x37, 0xB5, 0x15, 0x2A, 0x73, 0x73, 0x75, 0x7B, 0xFF, 0xFF, 0xFF, 0xFF, 0xFF, 0xFF, 0xFF, 0xFF, 0xFF, 0xFF, 0xFF, 0xFF, 0xFF, 0xFF, 0xFF, 0xFF, 0xFF, 0xFF, 
        0xFF, 0xFF, 0xFF,
  0xFF, 0xFF, 0xFF, 0xFF, 0xFF, 0xFF, 0xFF, 0xFF, 0xFF, 0xFF, 0xFF, 0xFF, 0xFF, 0xFF, 0xFF, 0xFF, 0xFF, 0xFF, 0xFF, 0xFF, 0xFF, 0xFF, 0xFF, 0xFF, 0x2F, 0x92, 0x84, 0x15, 0x8E, 0x5A, 0x2F, 0xA6, 0x63, 0x4A, 0xB6, 0x7B, 0x52, 0xB6, 0x7B, 0x52, 0xB6, 0x7B, 
        0x52, 0xB6, 0x84, 0x52, 0xB2, 0x84, 0x52, 0xB2, 0x84, 0x52, 0xB2, 0x8C, 0x52, 0xB2, 0x8C, 0x52, 0xAA, 0x8C, 0x37, 0x8E, 0x8C, 0x27, 0x75, 0x94, 0x15, 0x69, 0x9C, 0x5A, 0x9E, 0xBD, 0x7B, 0xAE, 0xB5, 0x52, 0x8A, 0xBD, 0x1F, 0x65, 0xDE, 
        0x27, 0x6D, 0xDE, 0x27, 0x6D, 0xDE, 0x1F, 0x69, 0xDE, 0x15, 0x65, 0xDE, 0x0C, 0x65, 0xD6, 0x0C, 0x61, 0xD6, 0x0C, 0x61, 0xCE, 0x0C, 0x61, 0xCE, 0x0C, 0x61, 0xCE, 0x0C, 0x61, 0xD6, 0x0C, 0x61, 0xD6, 0x0C, 0x65, 0xD6, 0x0C, 0x65, 0xD6, 
        0x0C, 0x65, 0xD6, 0x0C, 0x65, 0xD6, 0x0C, 0x65, 0xD6, 0x15, 0x65, 0xD6, 0x0C, 0x65, 0xD6, 0x0C, 0x65, 0xD6, 0x15, 0x65, 0xDE, 0x0C, 0x65, 0xDE, 0x0C, 0x61, 0xDE, 0x0C, 0x61, 0xD6, 0x0C, 0x61, 0xD6, 0x0C, 0x61, 0xD6, 0x0C, 0x61, 0xDE, 
        0x0C, 0x5D, 0xD6, 0x0C, 0x5D, 0xD6, 0x0C, 0x59, 0xD6, 0x0C, 0x59, 0xD6, 0x0C, 0x59, 0xD6, 0x0C, 0x55, 0xD6, 0x03, 0x55, 0xCE, 0x03, 0x51, 0xCE, 0x03, 0x4B, 0xCE, 0x03, 0x4B, 0xCE, 0x03, 0x49, 0xC6, 0x0C, 0x44, 0xC6, 0x15, 0x4D, 0xC6, 
        0x27, 0x55, 0xC6, 0x2F, 0x59, 0xC6, 0x2F, 0x59, 0xC6, 0x1F, 0x49, 0xC6, 0x0C, 0x2F, 0xA5, 0x27, 0x37, 0x52, 0xC6, 0xC3, 0xC6, 0xFF, 0xFF, 0xFF, 0xFF, 0xFF, 0xFF, 0xFF, 0xFF, 0xFF, 0xFF, 0xFF, 0xFF, 0xFF, 0xFF, 0xFF, 0xFF, 0xFF, 0xFF, 
        0xFF, 0xFF, 0xFF,
  0xFF, 0xFF, 0xFF, 0xFF, 0xFF, 0xFF, 0xFF, 0xFF, 0xFF, 0xFF, 0xFF, 0xFF, 0xFF, 0xFF, 0xFF, 0xFF, 0xFF, 0xFF, 0xFF, 0xFF, 0xFF, 0xFF, 0xFF, 0xFF, 0x2F, 0x92, 0x84, 0x15, 0x8E, 0x5A, 0x2F, 0xA6, 0x63, 0x4A, 0xB6, 0x7B, 0x52, 0xB6, 0x7B, 0x52, 0xB6, 0x7B, 
        0x52, 0xB6, 0x84, 0x52, 0xB6, 0x84, 0x52, 0xB2, 0x84, 0x52, 0xB2, 0x8C, 0x52, 0xB2, 0x8C, 0x52, 0xAE, 0x8C, 0x4A, 0x9E, 0x8C, 0x2F, 0x82, 0x8C, 0x15, 0x69, 0x94, 0x5A, 0x9A, 0xBD, 0x7B, 0xAE, 0xB5, 0x52, 0x8E, 0xBD, 0x27, 0x6D, 0xDE, 
        0x27, 0x71, 0xDE, 0x2F, 0x75, 0xDE, 0x2F, 0x79, 0xDE, 0x27, 0x79, 0xDE, 0x27, 0x75, 0xDE, 0x1F, 0x71, 0xDE, 0x1F, 0x6D, 0xD6, 0x15, 0x69, 0xD6, 0x15, 0x69, 0xD6, 0x15, 0x69, 0xD6, 0x15, 0x6D, 0xD6, 0x15, 0x6D, 0xD6, 0x15, 0x6D, 0xD6, 
        0x15, 0x6D, 0xD6, 0x15, 0x6D, 0xD6, 0x15, 0x6D, 0xDE, 0x15, 0x6D, 0xDE, 0x15, 0x6D, 0xDE, 0x15, 0x6D, 0xD6, 0x15, 0x6D, 0xDE, 0x15, 0x6D, 0xDE, 0x15, 0x69, 0xDE, 0x15, 0x69, 0xDE, 0x15, 0x69, 0xDE, 0x15, 0x69, 0xDE, 0x15, 0x65, 0xDE, 
        0x15, 0x65, 0xDE, 0x0C, 0x65, 0xD6, 0x0C, 0x61, 0xD6, 0x0C, 0x61, 0xD6, 0x0C, 0x5D, 0xD6, 0x0C, 0x59, 0xD6, 0x0C, 0x59, 0xD6, 0x0C, 0x55, 0xCE, 0x0C, 0x55, 0xCE, 0x0C, 0x55, 0xCE, 0x15, 0x55, 0xCE, 0x27, 0x5D, 0xCE, 0x2F, 0x61, 0xCE, 
        0x37, 0x65, 0xCE, 0x37, 0x61, 0xC6, 0x27, 0x55, 0xC6, 0x0C, 0x3C, 0xB5, 0x0C, 0x24, 0x84, 0x6B, 0x71, 0x7B, 0xF9, 0xF9, 0xF8, 0xFF, 0xFF, 0xFF, 0xFF, 0xFF, 0xFF, 0xFF, 0xFF, 0xFF, 0xFF, 0xFF, 0xFF, 0xFF, 0xFF, 0xFF, 0xFF, 0xFF, 0xFF, 
        0xFF, 0xFF, 0xFF,
  0xFF, 0xFF, 0xFF, 0xFF, 0xFF, 0xFF, 0xFF, 0xFF, 0xFF, 0xFF, 0xFF, 0xFF, 0xFF, 0xFF, 0xFF, 0xFF, 0xFF, 0xFF, 0xFF, 0xFF, 0xFF, 0xFF, 0xFF, 0xFF, 0x2F, 0x92, 0x84, 0x15, 0x8E, 0x5A, 0x2F, 0xA6, 0x6B, 0x4A, 0xB6, 0x7B, 0x52, 0xB6, 0x7B, 0x52, 0xB6, 0x7B, 
        0x52, 0xB6, 0x84, 0x52, 0xB2, 0x84, 0x52, 0xB2, 0x84, 0x52, 0xB2, 0x8C, 0x52, 0xB2, 0x8C, 0x52, 0xB2, 0x8C, 0x52, 0xAA, 0x94, 0x37, 0x92, 0x8C, 0x1F, 0x6D, 0x94, 0x5A, 0x96, 0xBD, 0x73, 0xAA, 0xB5, 0x52, 0x92, 0xBD, 0x37, 0x79, 0xDE, 
        0x2F, 0x79, 0xDE, 0x2F, 0x79, 0xDE, 0x2F, 0x7D, 0xDE, 0x39, 0x82, 0xDE, 0x37, 0x86, 0xDE, 0x37, 0x86, 0xDE, 0x2F, 0x82, 0xDE, 0x2F, 0x7D, 0xDE, 0x27, 0x79, 0xDE, 0x1F, 0x75, 0xDE, 0x1F, 0x71, 0xDE, 0x1F, 0x71, 0xDE, 0x1F, 0x71, 0xDE, 
        0x1F, 0x71, 0xDE, 0x1F, 0x71, 0xDE, 0x1F, 0x71, 0xDE, 0x1F, 0x75, 0xDE, 0x1F, 0x75, 0xDE, 0x1F, 0x75, 0xDE, 0x1F, 0x75, 0xDE, 0x1F, 0x75, 0xDE, 0x1F, 0x71, 0xDE, 0x1F, 0x71, 0xDE, 0x1F, 0x71, 0xDE, 0x1F, 0x71, 0xDE, 0x15, 0x6D, 0xDE, 
        0x15, 0x6D, 0xDE, 0x15, 0x69, 0xDE, 0x15, 0x69, 0xD6, 0x0C, 0x65, 0xD6, 0x0C, 0x61, 0xD6, 0x0C, 0x5D, 0xD6, 0x0C, 0x5D, 0xD6, 0x15, 0x5D, 0xD6, 0x1F, 0x61, 0xD6, 0x27, 0x65, 0xD6, 0x2F, 0x6D, 0xD6, 0x37, 0x71, 0xD6, 0x39, 0x6D, 0xCE, 
        0x37, 0x69, 0xCE, 0x2F, 0x5D, 0xCE, 0x0C, 0x44, 0xBD, 0x03, 0x2F, 0xA5, 0x15, 0x26, 0x5A, 0xC6, 0xC3, 0xC6, 0xFF, 0xFF, 0xFF, 0xFF, 0xFF, 0xFF, 0xFF, 0xFF, 0xFF, 0xFF, 0xFF, 0xFF, 0xFF, 0xFF, 0xFF, 0xFF, 0xFF, 0xFF, 0xFF, 0xFF, 0xFF, 
        0xFF, 0xFF, 0xFF,
  0xFF, 0xFF, 0xFF, 0xFF, 0xFF, 0xFF, 0xFF, 0xFF, 0xFF, 0xFF, 0xFF, 0xFF, 0xFF, 0xFF, 0xFF, 0xFF, 0xFF, 0xFF, 0xFF, 0xFF, 0xFF, 0xFF, 0xFF, 0xFF, 0x2F, 0x92, 0x84, 0x15, 0x8E, 0x5A, 0x2F, 0xA6, 0x6B, 0x4A, 0xB6, 0x7B, 0x52, 0xB6, 0x7B, 0x52, 0xB6, 0x7B, 
        0x52, 0xB6, 0x84, 0x52, 0xB2, 0x84, 0x52, 0xB2, 0x84, 0x52, 0xB2, 0x8C, 0x52, 0xB2, 0x8C, 0x52, 0xB2, 0x8C, 0x52, 0xAE, 0x94, 0x49, 0xA2, 0x94, 0x2F, 0x82, 0x8C, 0x5A, 0x9A, 0xB5, 0x73, 0xAA, 0xBD, 0x52, 0x8E, 0xBD, 0x39, 0x82, 0xDE, 
        0x41, 0x86, 0xDE, 0x37, 0x86, 0xDE, 0x37, 0x8A, 0xDE, 0x37, 0x8A, 0xDE, 0x41, 0x8A, 0xDE, 0x41, 0x8E, 0xDE, 0x41, 0x8E, 0xDE, 0x41, 0x92, 0xDE, 0x41, 0x8E, 0xDE, 0x37, 0x8E, 0xDE, 0x37, 0x8A, 0xDE, 0x2F, 0x86, 0xDE, 0x2F, 0x82, 0xDE, 
        0x27, 0x82, 0xDE, 0x27, 0x7D, 0xDE, 0x27, 0x7D, 0xDE, 0x27, 0x7D, 0xDE, 0x27, 0x79, 0xDE, 0x27, 0x79, 0xDE, 0x27, 0x79, 0xDE, 0x27, 0x79, 0xDE, 0x27, 0x79, 0xDE, 0x1F, 0x79, 0xDE, 0x1F, 0x75, 0xDE, 0x1F, 0x75, 0xDE, 0x1F, 0x75, 0xDE, 
        0x1F, 0x71, 0xDE, 0x15, 0x71, 0xD6, 0x15, 0x6D, 0xD6, 0x15, 0x6D, 0xD6, 0x1F, 0x6D, 0xD6, 0x1F, 0x6D, 0xDE, 0x27, 0x71, 0xDE, 0x2F, 0x75, 0xDE, 0x37, 0x79, 0xDE, 0x41, 0x79, 0xDE, 0x41, 0x79, 0xD6, 0x41, 0x75, 0xD6, 0x41, 0x71, 0xCE, 
        0x37, 0x69, 0xCE, 0x15, 0x51, 0xC6, 0x0C, 0x41, 0xBD, 0x0C, 0x2A, 0x7B, 0x5A, 0x5D, 0x63, 0xEF, 0xEF, 0xEF, 0xFF, 0xFF, 0xFF, 0xFF, 0xFF, 0xFF, 0xFF, 0xFF, 0xFF, 0xFF, 0xFF, 0xFF, 0xFF, 0xFF, 0xFF, 0xFF, 0xFF, 0xFF, 0xFF, 0xFF, 0xFF, 
        0xFF, 0xFF, 0xFF,
  0xFF, 0xFF, 0xFF, 0xFF, 0xFF, 0xFF, 0xFF, 0xFF, 0xFF, 0xFF, 0xFF, 0xFF, 0xFF, 0xFF, 0xFF, 0xFF, 0xFF, 0xFF, 0xFF, 0xFF, 0xFF, 0xFF, 0xFF, 0xFF, 0x2F, 0x92, 0x84, 0x15, 0x92, 0x5A, 0x2F, 0xA6, 0x6B, 0x4A, 0xB6, 0x7B, 0x52, 0xB6, 0x7B, 0x52, 0xB6, 0x7B, 
        0x52, 0xB6, 0x84, 0x52, 0xB2, 0x84, 0x52, 0xB2, 0x84, 0x52, 0xB2, 0x8C, 0x52, 0xB2, 0x8C, 0x52, 0xB2, 0x8C, 0x52, 0xAE, 0x94, 0x52, 0xAE, 0x94, 0x4A, 0x9E, 0x94, 0x63, 0xA6, 0xB5, 0x73, 0xA6, 0xBD, 0x41, 0x86, 0xBD, 0x2F, 0x79, 0xDE, 
        0x4A, 0x8E, 0xDE, 0x4A, 0x92, 0xDE, 0x4A, 0x96, 0xDE, 0x4A, 0x96, 0xDE, 0x4A, 0x96, 0xDE, 0x4A, 0x96, 0xDE, 0x4A, 0x96, 0xDE, 0x4A, 0x96, 0xDE, 0x4A, 0x96, 0xDE, 0x4A, 0x96, 0xDE, 0x4A, 0x96, 0xDE, 0x4A, 0x96, 0xDE, 0x41, 0x92, 0xDE, 
        0x41, 0x92, 0xE7, 0x37, 0x8E, 0xDE, 0x37, 0x8E, 0xDE, 0x37, 0x8A, 0xDE, 0x37, 0x8A, 0xDE, 0x2F, 0x86, 0xDE, 0x2F, 0x86, 0xDE, 0x2F, 0x82, 0xDE, 0x2F, 0x82, 0xDE, 0x2F, 0x82, 0xDE, 0x27, 0x82, 0xDE, 0x27, 0x7D, 0xDE, 0x27, 0x7D, 0xDE, 
        0x27, 0x7D, 0xDE, 0x27, 0x7D, 0xDE, 0x2F, 0x7D, 0xDE, 0x2F, 0x82, 0xDE, 0x39, 0x82, 0xDE, 0x41, 0x86, 0xDE, 0x41, 0x8A, 0xE7, 0x4A, 0x86, 0xE7, 0x4A, 0x86, 0xDE, 0x4A, 0x82, 0xDE, 0x41, 0x7D, 0xD6, 0x41, 0x79, 0xD6, 0x37, 0x71, 0xCE, 
        0x15, 0x55, 0xC6, 0x0C, 0x49, 0xC6, 0x0C, 0x2F, 0x9C, 0x1F, 0x2A, 0x52, 0xB5, 0xB6, 0xB5, 0xFF, 0xFF, 0xFF, 0xFF, 0xFF, 0xFF, 0xFF, 0xFF, 0xFF, 0xFF, 0xFF, 0xFF, 0xFF, 0xFF, 0xFF, 0xFF, 0xFF, 0xFF, 0xFF, 0xFF, 0xFF, 0xFF, 0xFF, 0xFF, 
        0xFF, 0xFF, 0xFF,
  0xFF, 0xFF, 0xFF, 0xFF, 0xFF, 0xFF, 0xFF, 0xFF, 0xFF, 0xFF, 0xFF, 0xFF, 0xFF, 0xFF, 0xFF, 0xFF, 0xFF, 0xFF, 0xFF, 0xFF, 0xFF, 0xFF, 0xFF, 0xFF, 0x2F, 0x92, 0x84, 0x15, 0x92, 0x5A, 0x2F, 0xA6, 0x6B, 0x49, 0xB2, 0x7B, 0x52, 0xB6, 0x7B, 0x52, 0xB6, 0x84, 
        0x52, 0xB6, 0x84, 0x52, 0xB2, 0x84, 0x52, 0xB2, 0x84, 0x52, 0xB2, 0x8C, 0x52, 0xB2, 0x8C, 0x52, 0xB2, 0x8C, 0x52, 0xAE, 0x94, 0x52, 0xAE, 0x94, 0x52, 0xAA, 0x94, 0x6B, 0xB6, 0xB5, 0x73, 0xA6, 0xBD, 0x41, 0x7D, 0xBD, 0x15, 0x61, 0xD6, 
        0x37, 0x86, 0xDE, 0x4A, 0x9A, 0xDE, 0x52, 0x9E, 0xDE, 0x52, 0xA2, 0xDE, 0x52, 0xA2, 0xDE, 0x52, 0xA2, 0xDE, 0x52, 0xA2, 0xDE, 0x52, 0xA2, 0xDE, 0x52, 0xA2, 0xDE, 0x52, 0x9E, 0xDE, 0x52, 0x9E, 0xDE, 0x52, 0x9E, 0xDE, 0x4A, 0x9E, 0xDE, 
        0x4A, 0x9E, 0xE7, 0x4A, 0x9E, 0xE7, 0x4A, 0x9A, 0xDE, 0x4A, 0x9A, 0xE7, 0x4A, 0x96, 0xDE, 0x4A, 0x96, 0xDE, 0x41, 0x96, 0xDE, 0x41, 0x96, 0xDE, 0x41, 0x92, 0xDE, 0x41, 0x92, 0xDE, 0x41, 0x92, 0xDE, 0x41, 0x92, 0xDE, 0x41, 0x92, 0xDE, 
        0x4A, 0x96, 0xE7, 0x4A, 0x96, 0xE7, 0x4A, 0x96, 0xE7, 0x52, 0x9A, 0xE7, 0x52, 0x9A, 0xE7, 0x52, 0x96, 0xE7, 0x52, 0x92, 0xE7, 0x4A, 0x8E, 0xE7, 0x4A, 0x8A, 0xDE, 0x4A, 0x86, 0xDE, 0x41, 0x82, 0xDE, 0x41, 0x7D, 0xD6, 0x1F, 0x5D, 0xC6, 
        0x0C, 0x4D, 0xC6, 0x0C, 0x3C, 0xAD, 0x03, 0x19, 0x6B, 0x7B, 0x79, 0x84, 0xFF, 0xFF, 0xFF, 0xFF, 0xFF, 0xFF, 0xFF, 0xFF, 0xFF, 0xFF, 0xFF, 0xFF, 0xFF, 0xFF, 0xFF, 0xFF, 0xFF, 0xFF, 0xFF, 0xFF, 0xFF, 0xFF, 0xFF, 0xFF, 0xFF, 0xFF, 0xFF, 
        0xFF, 0xFF, 0xFF,
  0xFF, 0xFF, 0xFF, 0xFF, 0xFF, 0xFF, 0xFF, 0xFF, 0xFF, 0xFF, 0xFF, 0xFF, 0xFF, 0xFF, 0xFF, 0xFF, 0xFF, 0xFF, 0xFF, 0xFF, 0xFF, 0xFF, 0xFF, 0xFF, 0x2F, 0x92, 0x84, 0x15, 0x92, 0x63, 0x2F, 0xA2, 0x6B, 0x4A, 0xB2, 0x73, 0x52, 0xB6, 0x7B, 0x52, 0xB6, 0x84, 
        0x52, 0xB6, 0x84, 0x52, 0xB2, 0x84, 0x52, 0xB2, 0x84, 0x52, 0xB2, 0x8C, 0x52, 0xAE, 0x8C, 0x52, 0xAE, 0x8C, 0x52, 0xAE, 0x94, 0x52, 0xAE, 0x94, 0x52, 0xAE, 0x94, 0x73, 0xB6, 0xB5, 0x6B, 0xA2, 0xBD, 0x40, 0x75, 0xB5, 0x0C, 0x51, 0xC6, 
        0x15, 0x71, 0xD6, 0x41, 0x92, 0xDE, 0x52, 0x9E, 0xDE, 0x5A, 0xA6, 0xDE, 0x5A, 0xAA, 0xE7, 0x63, 0xAA, 0xE7, 0x63, 0xAE, 0xE7, 0x63, 0xAE, 0xE7, 0x63, 0xAE, 0xE7, 0x63, 0xAE, 0xE7, 0x63, 0xAE, 0xE7, 0x63, 0xAA, 0xE7, 0x5A, 0xAA, 0xE7, 
        0x5A, 0xAA, 0xE7, 0x5A, 0xAA, 0xE7, 0x5A, 0xAA, 0xE7, 0x5A, 0xA6, 0xE7, 0x5A, 0xA6, 0xE7, 0x5A, 0xA6, 0xE7, 0x5A, 0xA6, 0xE7, 0x5A, 0xA6, 0xE7, 0x5A, 0xAA, 0xE7, 0x63, 0xAA, 0xE7, 0x63, 0xAA, 0xE7, 0x63, 0xAA, 0xE7, 0x63, 0xAA, 0xE7, 
        0x63, 0xAA, 0xE7, 0x63, 0xAA, 0xE7, 0x63, 0xA6, 0xE7, 0x5A, 0xA6, 0xE7, 0x5A, 0x9E, 0xE7, 0x52, 0x9A, 0xE7, 0x52, 0x96, 0xDE, 0x4A, 0x92, 0xDE, 0x4A, 0x8A, 0xDE, 0x4A, 0x86, 0xDE, 0x41, 0x82, 0xDE, 0x2F, 0x71, 0xD6, 0x15, 0x5D, 0xCE, 
        0x15, 0x49, 0xBD, 0x03, 0x24, 0x7B, 0x49, 0x51, 0x5A, 0xDE, 0xDF, 0xDE, 0xFF, 0xFF, 0xFF, 0xF9, 0xF9, 0xF8, 0xF9, 0xF9, 0xF8, 0xF9, 0xF9, 0xF8, 0xF9, 0xF9, 0xF8, 0xF9, 0xF9, 0xF8, 0xFF, 0xFB, 0xFF, 0xFF, 0xFF, 0xFF, 0xFF, 0xFF, 0xFF, 
        0xFF, 0xFF, 0xFF,
  0xFF, 0xFF, 0xFF, 0xFF, 0xFF, 0xFF, 0xFF, 0xFF, 0xFF, 0xFF, 0xFF, 0xFF, 0xFF, 0xFF, 0xFF, 0xFF, 0xFF, 0xFF, 0xFF, 0xFF, 0xFF, 0xFF, 0xFF, 0xFF, 0x37, 0x9A, 0x94, 0x1F, 0x92, 0x63, 0x27, 0x9E, 0x63, 0x37, 0xAA, 0x73, 0x49, 0xB2, 0x7B, 0x49, 0xB2, 0x7B, 
        0x49, 0xB2, 0x7B, 0x4A, 0xAE, 0x84, 0x4A, 0xAE, 0x84, 0x52, 0xAE, 0x84, 0x52, 0xAE, 0x8C, 0x52, 0xAE, 0x8C, 0x52, 0xAE, 0x94, 0x52, 0xAA, 0x94, 0x4A, 0xAA, 0x94, 0x6B, 0xB6, 0xB5, 0x6B, 0xA2, 0xBD, 0x41, 0x71, 0x9C, 0x0C, 0x34, 0x9C, 
        0x0C, 0x59, 0xC6, 0x1F, 0x79, 0xCE, 0x41, 0x92, 0xD6, 0x5A, 0xA6, 0xDE, 0x5A, 0xAA, 0xDE, 0x63, 0xAE, 0xDE, 0x63, 0xB2, 0xDE, 0x6B, 0xB2, 0xE7, 0x6B, 0xB6, 0xE7, 0x6B, 0xB6, 0xE7, 0x6B, 0xB6, 0xE7, 0x6B, 0xB6, 0xE7, 0x6B, 0xB6, 0xE7, 
        0x6B, 0xB6, 0xE7, 0x6B, 0xB6, 0xE7, 0x6B, 0xB6, 0xE7, 0x6B, 0xB6, 0xE7, 0x6B, 0xB6, 0xE7, 0x6B, 0xB6, 0xE7, 0x6B, 0xB6, 0xE7, 0x6B, 0xB6, 0xE7, 0x6B, 0xB6, 0xE7, 0x6B, 0xB6, 0xE7, 0x6B, 0xB6, 0xE7, 0x6B, 0xB2, 0xE7, 0x6B, 0xB2, 0xE7, 
        0x6B, 0xAE, 0xE7, 0x63, 0xAE, 0xE7, 0x63, 0xAA, 0xE7, 0x5A, 0xA6, 0xE7, 0x5A, 0xA2, 0xDE, 0x52, 0x9E, 0xDE, 0x52, 0x9A, 0xDE, 0x4A, 0x92, 0xDE, 0x4A, 0x8A, 0xDE, 0x4A, 0x86, 0xDE, 0x37, 0x79, 0xD6, 0x1F, 0x65, 0xD6, 0x15, 0x51, 0xC6, 
        0x03, 0x26, 0x94, 0x2F, 0x3C, 0x5A, 0xBD, 0xBA, 0xBD, 0xFF, 0xFB, 0xFF, 0xF9, 0xF3, 0xF9, 0xEF, 0xEF, 0xEF, 0xF9, 0xF3, 0xF9, 0xF9, 0xF3, 0xF9, 0xEF, 0xEF, 0xEF, 0xEF, 0xEF, 0xEF, 0xF9, 0xF3, 0xF9, 0xFF, 0xFF, 0xFF, 0xFF, 0xFF, 0xFF, 
        0xFF, 0xFF, 0xFF,
  0xFF, 0xFF, 0xFF, 0xFF, 0xFF, 0xFF, 0xFF, 0xFF, 0xFF, 0xFF, 0xFF, 0xFF, 0xFF, 0xFF, 0xFF, 0xFF, 0xFF, 0xFF, 0xFF, 0xFF, 0xFF, 0xFF, 0xFF, 0xFF, 0x52, 0x96, 0x94, 0x27, 0x9E, 0x73, 0x27, 0x9E, 0x6B, 0x2F, 0xA2, 0x6B, 0x41, 0xAA, 0x73, 0x4A, 0xAA, 0x7B, 
        0x49, 0xAE, 0x7B, 0x4A, 0xAA, 0x7B, 0x4A, 0xAA, 0x84, 0x4A, 0xAA, 0x84, 0x4A, 0xAA, 0x84, 0x4A, 0xAA, 0x84, 0x4A, 0xAA, 0x8C, 0x52, 0xAA, 0x94, 0x4A, 0xA6, 0x94, 0x6B, 0xB6, 0xB5, 0x6B, 0x9E, 0xC6, 0x5A, 0x9A, 0x9C, 0x41, 0x65, 0x73, 
        0x0C, 0x2F, 0x9C, 0x0C, 0x65, 0xCE, 0x1F, 0x79, 0xD6, 0x41, 0x96, 0xD6, 0x5A, 0xAA, 0xDE, 0x63, 0xB2, 0xDE, 0x63, 0xB2, 0xDE, 0x6B, 0xB6, 0xE7, 0x6B, 0xB6, 0xE7, 0x6B, 0xBA, 0xE7, 0x6B, 0xBA, 0xE7, 0x73, 0xBE, 0xE7, 0x73, 0xBA, 0xE7, 
        0x73, 0xBA, 0xE7, 0x73, 0xBA, 0xE7, 0x73, 0xBE, 0xE7, 0x73, 0xBE, 0xE7, 0x73, 0xBA, 0xE7, 0x73, 0xBA, 0xE7, 0x73, 0xBE, 0xE7, 0x73, 0xBE, 0xE7, 0x73, 0xBA, 0xE7, 0x73, 0xBA, 0xE7, 0x6B, 0xB6, 0xE7, 0x6B, 0xB6, 0xE7, 0x6B, 0xB6, 0xE7, 
        0x6B, 0xB2, 0xE7, 0x63, 0xAE, 0xE7, 0x63, 0xAE, 0xE7, 0x63, 0xAA, 0xE7, 0x5A, 0xA6, 0xDE, 0x52, 0xA2, 0xDE, 0x52, 0x9A, 0xDE, 0x4A, 0x92, 0xDE, 0x4A, 0x8A, 0xDE, 0x37, 0x7D, 0xD6, 0x27, 0x6D, 0xD6, 0x15, 0x59, 0xCE, 0x03, 0x26, 0x94, 
        0x1F, 0x26, 0x52, 0xB5, 0xB2, 0xB5, 0xF9, 0xF3, 0xF9, 0xE7, 0xE7, 0xE7, 0xE7, 0xE7, 0xE7, 0xE7, 0xE7, 0xE7, 0xE7, 0xE7, 0xE7, 0xE7, 0xE7, 0xE7, 0xE7, 0xE7, 0xE7, 0xEF, 0xEB, 0xEF, 0xEF, 0xEB, 0xEF, 0xFF, 0xFF, 0xFF, 0xFF, 0xFF, 0xFF, 
        0xFF, 0xFF, 0xFF,
  0xFF, 0xFF, 0xFF, 0xFF, 0xFF, 0xFF, 0xFF, 0xFF, 0xFF, 0xFF, 0xFF, 0xFF, 0xFF, 0xFF, 0xFF, 0xFF, 0xFF, 0xFF, 0xFF, 0xFF, 0xFF, 0xFF, 0xFF, 0xFF, 0x84, 0xA6, 0xAD, 0x41, 0xAE, 0x94, 0x4A, 0xAA, 0x84, 0x41, 0xA6, 0x7B, 0x4A, 0xAA, 0x84, 0x52, 0xAE, 0x84, 
        0x52, 0xAE, 0x84, 0x4A, 0xAE, 0x8C, 0x4A, 0xAA, 0x8C, 0x4A, 0xAA, 0x8C, 0x4A, 0xAA, 0x8C, 0x49, 0xA6, 0x8C, 0x49, 0xA6, 0x8C, 0x49, 0xA6, 0x8C, 0x40, 0xA2, 0x8C, 0x6B, 0xB6, 0xAD, 0x63, 0x96, 0xC6, 0x52, 0x9E, 0x9C, 0x7B, 0xB6, 0x94, 
        0x2F, 0x59, 0x73, 0x0C, 0x34, 0x9C, 0x15, 0x61, 0xC6, 0x1F, 0x7D, 0xCE, 0x41, 0x96, 0xD6, 0x5A, 0xAA, 0xDE, 0x63, 0xB2, 0xDE, 0x6B, 0xB6, 0xDE, 0x6B, 0xB6, 0xDE, 0x73, 0xBA, 0xDE, 0x73, 0xBE, 0xE7, 0x73, 0xBE, 0xE7, 0x73, 0xBE, 0xE7, 
        0x73, 0xBE, 0xE7, 0x73, 0xBE, 0xE7, 0x73, 0xBE, 0xE7, 0x73, 0xBE, 0xE7, 0x73, 0xBE, 0xE7, 0x73, 0xBE, 0xE7, 0x73, 0xBE, 0xE7, 0x73, 0xBE, 0xE7, 0x73, 0xBE, 0xE7, 0x73, 0xBA, 0xE7, 0x6B, 0xBA, 0xE7, 0x6B, 0xBA, 0xE7, 0x6B, 0xB6, 0xE7, 
        0x6B, 0xB6, 0xDE, 0x63, 0xB2, 0xE7, 0x63, 0xAE, 0xDE, 0x63, 0xAA, 0xDE, 0x5A, 0xAA, 0xDE, 0x52, 0xA2, 0xDE, 0x52, 0x9A, 0xDE, 0x4A, 0x92, 0xDE, 0x37, 0x7D, 0xD6, 0x27, 0x6D, 0xD6, 0x1F, 0x5D, 0xCE, 0x0C, 0x2F, 0xA5, 0x1F, 0x2A, 0x5A, 
        0x8C, 0x8A, 0x8C, 0xE7, 0xE3, 0xE7, 0xE7, 0xE3, 0xE7, 0xDE, 0xDF, 0xDE, 0xDE, 0xDF, 0xDE, 0xDE, 0xDF, 0xDE, 0xDE, 0xDF, 0xDE, 0xE7, 0xE3, 0xE7, 0xE7, 0xE7, 0xE7, 0xEF, 0xEB, 0xEF, 0xF9, 0xF3, 0xF9, 0xFF, 0xFF, 0xFF, 0xFF, 0xFF, 0xFF, 
        0xFF, 0xFF, 0xFF,
  0xFF, 0xFF, 0xFF, 0xFF, 0xFF, 0xFF, 0xFF, 0xFF, 0xFF, 0xFF, 0xFF, 0xFF, 0xFF, 0xFF, 0xFF, 0xFF, 0xFF, 0xFF, 0xFF, 0xFF, 0xFF, 0xFF, 0xFF, 0xFF, 0xE7, 0xEB, 0xEF, 0x7B, 0x9A, 0x9C, 0x52, 0xB6, 0x94, 0x73, 0xBE, 0x94, 0x73, 0xBA, 0x9C, 0x6B, 0xB6, 0x94, 
        0x6B, 0xB2, 0x94, 0x63, 0xB2, 0x9C, 0x63, 0xB2, 0x9C, 0x63, 0xAE, 0x9C, 0x5A, 0xAE, 0x9C, 0x5A, 0xAE, 0x9C, 0x5A, 0xAA, 0x9C, 0x52, 0xAA, 0x9C, 0x4A, 0xA6, 0x94, 0x6B, 0xAE, 0xB5, 0x27, 0x6D, 0xAD, 0x1F, 0x79, 0x94, 0x6B, 0xBA, 0x94, 
        0x5A, 0xA6, 0x84, 0x2F, 0x5D, 0x63, 0x0C, 0x2F, 0x8C, 0x15, 0x61, 0xC6, 0x1F, 0x7D, 0xCE, 0x37, 0x92, 0xD6, 0x52, 0xA6, 0xDE, 0x63, 0xB2, 0xDE, 0x6B, 0xBA, 0xDE, 0x73, 0xBA, 0xDE, 0x7B, 0xBE, 0xDE, 0x7B, 0xBE, 0xE7, 0x7B, 0xBE, 0xE7, 
        0x7B, 0xBE, 0xE7, 0x7B, 0xBE, 0xE7, 0x7B, 0xBE, 0xE7, 0x7B, 0xBE, 0xE7, 0x7B, 0xBE, 0xE7, 0x7B, 0xBE, 0xE7, 0x7B, 0xBE, 0xE7, 0x7B, 0xBE, 0xE7, 0x73, 0xBE, 0xE7, 0x73, 0xBE, 0xE7, 0x6B, 0xBA, 0xDE, 0x6B, 0xBA, 0xDE, 0x6B, 0xB6, 0xDE, 
        0x6B, 0xB6, 0xDE, 0x63, 0xB2, 0xDE, 0x63, 0xB2, 0xDE, 0x5A, 0xAE, 0xDE, 0x5A, 0xAA, 0xDE, 0x52, 0xA2, 0xDE, 0x4A, 0x96, 0xDE, 0x2F, 0x82, 0xD6, 0x1F, 0x6D, 0xD6, 0x1F, 0x5D, 0xCE, 0x03, 0x2F, 0x94, 0x15, 0x24, 0x52, 0x9C, 0x9A, 0x9C, 
        0xE7, 0xE3, 0xE7, 0xD6, 0xD7, 0xD6, 0xD6, 0xD7, 0xD6, 0xD6, 0xD7, 0xD6, 0xDE, 0xDB, 0xDE, 0xDE, 0xDB, 0xDE, 0xE7, 0xE3, 0xE7, 0xEF, 0xEB, 0xEF, 0xF9, 0xF3, 0xF9, 0xF9, 0xF9, 0xF8, 0xFF, 0xFF, 0xFF, 0xFF, 0xFF, 0xFF, 0xFF, 0xFF, 0xFF, 
        0xFF, 0xFF, 0xFF,
  0xFF, 0xFF, 0xFF, 0xFF, 0xFF, 0xFF, 0xFF, 0xFF, 0xFF, 0xFF, 0xFF, 0xFF, 0xFF, 0xFF, 0xFF, 0xFF, 0xFF, 0xFF, 0xFF, 0xFF, 0xFF, 0xFF, 0xFF, 0xFF, 0xFF, 0xFF, 0xFF, 0xD6, 0xD3, 0xD6, 0x73, 0x9E, 0xA5, 0x63, 0xBA, 0x9C, 0x84, 0xCB, 0xA5, 0x8C, 0xCB, 0xAD, 
        0x84, 0xC7, 0xA5, 0x7B, 0xC3, 0xA5, 0x7B, 0xBE, 0xA5, 0x73, 0xBA, 0xA5, 0x73, 0xB6, 0xA5, 0x73, 0xB6, 0xA5, 0x6B, 0xB2, 0xAD, 0x6B, 0xAE, 0xAD, 0x63, 0xAE, 0xAD, 0x6B, 0xAE, 0xBD, 0x0F, 0x59, 0x9C, 0x27, 0x71, 0xA5, 0x73, 0xB2, 0xAD, 
        0x63, 0xAE, 0xA5, 0x4A, 0x9A, 0x8C, 0x27, 0x5D, 0x73, 0x0C, 0x37, 0x94, 0x15, 0x5D, 0xC6, 0x1F, 0x7D, 0xD6, 0x2F, 0x8E, 0xD6, 0x4A, 0xA2, 0xD6, 0x63, 0xB2, 0xDE, 0x73, 0xBA, 0xDE, 0x7B, 0xBA, 0xDE, 0x7B, 0xBE, 0xDE, 0x7B, 0xBE, 0xE7, 
        0x7B, 0xBE, 0xE7, 0x84, 0xBE, 0xDE, 0x84, 0xBE, 0xDE, 0x84, 0xBE, 0xE7, 0x7B, 0xBE, 0xE7, 0x7B, 0xBE, 0xE7, 0x7B, 0xBE, 0xE7, 0x7B, 0xBE, 0xE7, 0x7B, 0xBE, 0xE7, 0x7B, 0xBE, 0xDE, 0x73, 0xBE, 0xDE, 0x73, 0xBE, 0xE7, 0x6B, 0xB6, 0xDE, 
        0x6B, 0xB6, 0xDE, 0x63, 0xB2, 0xDE, 0x63, 0xB2, 0xDE, 0x5A, 0xAA, 0xDE, 0x52, 0xA6, 0xDE, 0x41, 0x9A, 0xDE, 0x2F, 0x82, 0xD6, 0x15, 0x71, 0xD6, 0x15, 0x55, 0xC6, 0x03, 0x26, 0x94, 0x1F, 0x26, 0x52, 0x7B, 0x82, 0x7B, 0xCE, 0xCF, 0xCE, 
        0xD6, 0xD3, 0xD6, 0xCE, 0xCF, 0xCE, 0xD6, 0xD3, 0xD6, 0xD6, 0xD7, 0xD6, 0xDE, 0xDB, 0xDE, 0xE7, 0xE3, 0xE7, 0xEF, 0xEF, 0xEF, 0xF9, 0xF9, 0xF8, 0xFF, 0xFB, 0xFF, 0xFF, 0xFF, 0xFF, 0xFF, 0xFF, 0xFF, 0xFF, 0xFF, 0xFF, 0xFF, 0xFF, 0xFF, 
        0xFF, 0xFF, 0xFF,
  0xFF, 0xFF, 0xFF, 0xFF, 0xFF, 0xFF, 0xFF, 0xFF, 0xFF, 0xFF, 0xFF, 0xFF, 0xFF, 0xFF, 0xFF, 0xFF, 0xFF, 0xFF, 0xFF, 0xFF, 0xFF, 0xFF, 0xFF, 0xFF, 0xFF, 0xFF, 0xFF, 0xFF, 0xFF, 0xFF, 0xE7, 0xE3, 0xE7, 0x84, 0xA2, 0xAD, 0x5A, 0xBA, 0x9C, 0x84, 0xCB, 0xA5, 
        0x8C, 0xCF, 0xB5, 0x8C, 0xCB, 0xB5, 0x8C, 0xCB, 0xB5, 0x8C, 0xC7, 0xB5, 0x8C, 0xC7, 0xB5, 0x8C, 0xC7, 0xB5, 0x84, 0xC3, 0xB5, 0x84, 0xBE, 0xBD, 0x84, 0xBE, 0xBD, 0x7B, 0xB6, 0xC6, 0x15, 0x65, 0xA5, 0x52, 0x79, 0x9C, 0xD6, 0xD7, 0xD6, 
        0xC6, 0xC3, 0xC6, 0xB5, 0xB6, 0xBD, 0xA5, 0xAE, 0xB5, 0x7B, 0x8A, 0x94, 0x41, 0x54, 0x84, 0x0C, 0x41, 0xA5, 0x1F, 0x75, 0xD6, 0x2F, 0x8E, 0xD6, 0x37, 0x96, 0xD6, 0x4A, 0xA2, 0xD6, 0x63, 0xAE, 0xDE, 0x73, 0xBA, 0xDE, 0x7B, 0xBE, 0xDE, 
        0x84, 0xBE, 0xE7, 0x84, 0xBE, 0xDE, 0x84, 0xBE, 0xDE, 0x84, 0xBE, 0xDE, 0x84, 0xBE, 0xDE, 0x84, 0xBE, 0xDE, 0x84, 0xBE, 0xE7, 0x7B, 0xBE, 0xE7, 0x7B, 0xBE, 0xE7, 0x7B, 0xBE, 0xDE, 0x73, 0xBE, 0xDE, 0x73, 0xBE, 0xDE, 0x6B, 0xBA, 0xDE, 
        0x63, 0xB6, 0xDE, 0x63, 0xB2, 0xDE, 0x5A, 0xAA, 0xDE, 0x4A, 0x9E, 0xDE, 0x37, 0x92, 0xD6, 0x27, 0x82, 0xD6, 0x15, 0x65, 0xCE, 0x03, 0x37, 0xAD, 0x03, 0x1F, 0x6B, 0x37, 0x3C, 0x52, 0x9C, 0x9A, 0x9C, 0xCE, 0xCF, 0xCE, 0xC6, 0xC7, 0xC6, 
        0xCE, 0xCB, 0xCE, 0xCE, 0xCF, 0xCE, 0xD6, 0xD7, 0xD6, 0xE7, 0xE3, 0xE7, 0xEF, 0xEF, 0xEF, 0xF9, 0xF9, 0xF8, 0xFF, 0xFB, 0xFF, 0xFF, 0xFF, 0xFF, 0xFF, 0xFF, 0xFF, 0xFF, 0xFF, 0xFF, 0xFF, 0xFF, 0xFF, 0xFF, 0xFF, 0xFF, 0xFF, 0xFF, 0xFF, 
        0xFF, 0xFF, 0xFF,
  0xFF, 0xFF, 0xFF, 0xFF, 0xFF, 0xFF, 0xFF, 0xFF, 0xFF, 0xFF, 0xFF, 0xFF, 0xFF, 0xFF, 0xFF, 0xFF, 0xFF, 0xFF, 0xFF, 0xFF, 0xFF, 0xFF, 0xFF, 0xFF, 0xFF, 0xFF, 0xFF, 0xFF, 0xFF, 0xFF, 0xFF, 0xFF, 0xFF, 0xEF, 0xEB, 0xEF, 0x7B, 0x9A, 0xA5, 0x5A, 0xB6, 0xA5, 
        0x84, 0xCB, 0xAD, 0x8C, 0xCB, 0xB5, 0x8C, 0xCB, 0xB5, 0x8C, 0xCB, 0xB5, 0x8C, 0xCB, 0xB5, 0x8C, 0xC7, 0xBD, 0x8C, 0xC7, 0xBD, 0x8C, 0xC7, 0xBD, 0x94, 0xC7, 0xC6, 0x84, 0xBA, 0xC6, 0x15, 0x65, 0xA5, 0x63, 0x7D, 0x94, 0xFF, 0xFF, 0xFF, 
        0xFF, 0xFF, 0xFF, 0xFF, 0xFF, 0xFF, 0xFF, 0xFF, 0xFF, 0xFF, 0xFF, 0xFF, 0xE7, 0xE7, 0xE7, 0x7B, 0x7D, 0x94, 0x27, 0x44, 0x94, 0x15, 0x61, 0xC6, 0x27, 0x7D, 0xD6, 0x2F, 0x8E, 0xD6, 0x37, 0x96, 0xD6, 0x4A, 0xA2, 0xD6, 0x63, 0xAA, 0xDE, 
        0x73, 0xB2, 0xDE, 0x73, 0xB6, 0xDE, 0x7B, 0xBA, 0xDE, 0x84, 0xBA, 0xDE, 0x84, 0xBE, 0xDE, 0x84, 0xBE, 0xDE, 0x84, 0xBE, 0xDE, 0x7B, 0xBE, 0xDE, 0x7B, 0xBE, 0xDE, 0x7B, 0xBE, 0xDE, 0x73, 0xBA, 0xDE, 0x6B, 0xBA, 0xDE, 0x63, 0xB2, 0xDE, 
        0x5A, 0xAA, 0xDE, 0x4A, 0xA2, 0xD6, 0x41, 0x96, 0xD6, 0x2F, 0x8A, 0xD6, 0x1F, 0x79, 0xD6, 0x0C, 0x59, 0xC6, 0x03, 0x26, 0x94, 0x03, 0x15, 0x5A, 0x49, 0x51, 0x5A, 0xAD, 0xA6, 0xA5, 0xBD, 0xBE, 0xBD, 0xBD, 0xBE, 0xBD, 0xC6, 0xC7, 0xC6, 
        0xCE, 0xCF, 0xCE, 0xDE, 0xDB, 0xDE, 0xE7, 0xE7, 0xE7, 0xF9, 0xF3, 0xF9, 0xFF, 0xFB, 0xFF, 0xFF, 0xFF, 0xFF, 0xFF, 0xFF, 0xFF, 0xFF, 0xFF, 0xFF, 0xFF, 0xFF, 0xFF, 0xFF, 0xFF, 0xFF, 0xFF, 0xFF, 0xFF, 0xFF, 0xFF, 0xFF, 0xFF, 0xFF, 0xFF, 
        0xFF, 0xFF, 0xFF,
  0xFF, 0xFF, 0xFF, 0xFF, 0xFF, 0xFF, 0xFF, 0xFF, 0xFF, 0xFF, 0xFF, 0xFF, 0xFF, 0xFF, 0xFF, 0xFF, 0xFF, 0xFF, 0xFF, 0xFF, 0xFF, 0xFF, 0xFF, 0xFF, 0xFF, 0xFF, 0xFF, 0xFF, 0xFF, 0xFF, 0xFF, 0xFF, 0xFF, 0xFF, 0xFF, 0xFF, 0xEF, 0xEB, 0xEF, 0x94, 0xA2, 0xAD, 
        0x5A, 0xB6, 0xA5, 0x73, 0xC3, 0xA5, 0x8C, 0xC7, 0xB5, 0x84, 0xC7, 0xB5, 0x84, 0xC3, 0xB5, 0x84, 0xC3, 0xB5, 0x8C, 0xC3, 0xBD, 0x8C, 0xC3, 0xBD, 0x8C, 0xC3, 0xBD, 0x84, 0xBA, 0xC6, 0x15, 0x61, 0x9C, 0x5A, 0x75, 0x94, 0xFF, 0xFF, 0xFF, 
        0xFF, 0xFB, 0xFF, 0xF9, 0xF9, 0xF8, 0xF9, 0xF9, 0xF8, 0xFF, 0xFB, 0xFF, 0xFF, 0xFF, 0xFF, 0xFF, 0xFF, 0xFF, 0xCE, 0xCF, 0xCE, 0x7B, 0x86, 0x9C, 0x2F, 0x4D, 0x8C, 0x0C, 0x55, 0xB5, 0x1F, 0x75, 0xCE, 0x2F, 0x8A, 0xCE, 0x39, 0x92, 0xCE, 
        0x41, 0x96, 0xCE, 0x4A, 0x9A, 0xCE, 0x52, 0x9E, 0xD6, 0x5A, 0xA6, 0xD6, 0x5A, 0xAA, 0xD6, 0x63, 0xAE, 0xDE, 0x63, 0xAE, 0xDE, 0x63, 0xAE, 0xD6, 0x63, 0xAE, 0xDE, 0x5A, 0xAE, 0xDE, 0x52, 0xAA, 0xD6, 0x4A, 0xA2, 0xD6, 0x41, 0x9E, 0xD6, 
        0x37, 0x96, 0xD6, 0x2F, 0x8E, 0xD6, 0x1F, 0x75, 0xD6, 0x0C, 0x51, 0xC6, 0x00, 0x26, 0x94, 0x03, 0x24, 0x5A, 0x5A, 0x75, 0x8C, 0x27, 0x5D, 0x84, 0x73, 0x79, 0x84, 0xC6, 0xC3, 0xC6, 0xBD, 0xBE, 0xBD, 0xCE, 0xCB, 0xCE, 0xDE, 0xDF, 0xDE, 
        0xEF, 0xEB, 0xEF, 0xF9, 0xF3, 0xF9, 0xFF, 0xFB, 0xFF, 0xFF, 0xFF, 0xFF, 0xFF, 0xFF, 0xFF, 0xFF, 0xFF, 0xFF, 0xFF, 0xFF, 0xFF, 0xFF, 0xFF, 0xFF, 0xFF, 0xFF, 0xFF, 0xFF, 0xFF, 0xFF, 0xFF, 0xFF, 0xFF, 0xFF, 0xFF, 0xFF, 0xFF, 0xFF, 0xFF, 
        0xFF, 0xFF, 0xFF,
  0xFF, 0xFF, 0xFF, 0xFF, 0xFF, 0xFF, 0xFF, 0xFF, 0xFF, 0xFF, 0xFF, 0xFF, 0xFF, 0xFF, 0xFF, 0xFF, 0xFF, 0xFF, 0xFF, 0xFF, 0xFF, 0xFF, 0xFF, 0xFF, 0xFF, 0xFF, 0xFF, 0xFF, 0xFF, 0xFF, 0xFF, 0xFF, 0xFF, 0xFF, 0xFF, 0xFF, 0xFF, 0xFF, 0xFF, 0xF9, 0xF3, 0xF9, 
        0x84, 0x9E, 0xAD, 0x63, 0xBA, 0xAD, 0x7B, 0xBE, 0xA5, 0x8C, 0xC3, 0xAD, 0x84, 0xC3, 0xAD, 0x84, 0xC3, 0xB5, 0x84, 0xBE, 0xB5, 0x84, 0xBE, 0xBD, 0x8C, 0xC3, 0xBD, 0x7B, 0xB6, 0xBD, 0x15, 0x61, 0x9C, 0x52, 0x75, 0x8C, 0xFF, 0xFF, 0xFF, 
        0xF9, 0xF3, 0xF9, 0xEF, 0xEF, 0xEF, 0xEF, 0xEF, 0xEF, 0xEF, 0xEF, 0xEF, 0xEF, 0xEF, 0xEF, 0xF9, 0xF3, 0xF9, 0xFF, 0xFB, 0xFF, 0xF9, 0xF9, 0xF8, 0xCE, 0xCF, 0xCE, 0x7B, 0x7D, 0x94, 0x27, 0x41, 0x8C, 0x0C, 0x49, 0xB5, 0x1F, 0x6D, 0xC6, 
        0x27, 0x82, 0xCE, 0x2F, 0x8A, 0xD6, 0x2F, 0x92, 0xD6, 0x37, 0x92, 0xD6, 0x37, 0x96, 0xD6, 0x41, 0x9A, 0xD6, 0x41, 0x9A, 0xD6, 0x41, 0x9A, 0xD6, 0x41, 0x9A, 0xD6, 0x37, 0x9A, 0xD6, 0x37, 0x96, 0xD6, 0x2F, 0x92, 0xDE, 0x27, 0x86, 0xD6, 
        0x1F, 0x71, 0xCE, 0x0C, 0x55, 0xB5, 0x03, 0x2F, 0x94, 0x0C, 0x24, 0x6B, 0x27, 0x44, 0x63, 0x6B, 0x92, 0x9C, 0x73, 0xAA, 0xBD, 0x15, 0x55, 0x84, 0x94, 0x96, 0x9C, 0xCE, 0xCF, 0xCE, 0xD6, 0xD7, 0xD6, 0xE7, 0xE7, 0xE7, 0xF9, 0xF3, 0xF9, 
        0xFF, 0xFB, 0xFF, 0xFF, 0xFF, 0xFF, 0xFF, 0xFF, 0xFF, 0xFF, 0xFF, 0xFF, 0xFF, 0xFF, 0xFF, 0xFF, 0xFF, 0xFF, 0xFF, 0xFF, 0xFF, 0xFF, 0xFF, 0xFF, 0xFF, 0xFF, 0xFF, 0xFF, 0xFF, 0xFF, 0xFF, 0xFF, 0xFF, 0xFF, 0xFF, 0xFF, 0xFF, 0xFF, 0xFF, 
        0xFF, 0xFF, 0xFF,
  0xFF, 0xFF, 0xFF, 0xFF, 0xFF, 0xFF, 0xFF, 0xFF, 0xFF, 0xFF, 0xFF, 0xFF, 0xFF, 0xFF, 0xFF, 0xFF, 0xFF, 0xFF, 0xFF, 0xFF, 0xFF, 0xFF, 0xFF, 0xFF, 0xFF, 0xFF, 0xFF, 0xFF, 0xFF, 0xFF, 0xFF, 0xFF, 0xFF, 0xFF, 0xFF, 0xFF, 0xFF, 0xFF, 0xFF, 0xFF, 0xFF, 0xFF, 
        0xF9, 0xF9, 0xF8, 0x94, 0xA6, 0xAD, 0x6B, 0xB6, 0xBD, 0x6B, 0xB6, 0xA5, 0x84, 0xBE, 0xAD, 0x84, 0xBE, 0xAD, 0x84, 0xBA, 0xB5, 0x84, 0xBA, 0xB5, 0x84, 0xBA, 0xB5, 0x7B, 0xB6, 0xBD, 0x15, 0x5D, 0x9C, 0x52, 0x71, 0x8C, 0xF9, 0xF9, 0xF8, 
        0xEF, 0xEB, 0xEF, 0xE7, 0xE7, 0xE7, 0xE7, 0xE7, 0xE7, 0xE7, 0xE7, 0xE7, 0xE7, 0xE7, 0xE7, 0xE7, 0xE7, 0xE7, 0xE7, 0xE3, 0xE7, 0xE7, 0xE7, 0xE7, 0xEF, 0xEB, 0xEF, 0xEF, 0xEF, 0xEF, 0xD6, 0xD3, 0xD6, 0xAD, 0xAE, 0xB5, 0x73, 0x7D, 0x8C, 
        0x41, 0x54, 0x7B, 0x1F, 0x49, 0x8C, 0x15, 0x49, 0x9C, 0x0C, 0x51, 0xAD, 0x15, 0x5D, 0xBD, 0x15, 0x65, 0xBD, 0x15, 0x69, 0xBD, 0x15, 0x69, 0xBD, 0x15, 0x61, 0xC6, 0x15, 0x59, 0xBD, 0x15, 0x4D, 0xA5, 0x0C, 0x41, 0x94, 0x15, 0x37, 0x84, 
        0x37, 0x4D, 0x73, 0x6B, 0x71, 0x84, 0xA5, 0xA6, 0xAD, 0xBD, 0xBE, 0xC6, 0xB5, 0xBA, 0xBD, 0xAD, 0xB6, 0xBD, 0x9C, 0xAA, 0xB5, 0xB5, 0xB6, 0xBD, 0xE7, 0xE3, 0xE7, 0xEF, 0xEF, 0xEF, 0xF9, 0xF9, 0xF8, 0xFF, 0xFB, 0xFF, 0xFF, 0xFF, 0xFF, 
        0xFF, 0xFF, 0xFF, 0xFF, 0xFF, 0xFF, 0xFF, 0xFF, 0xFF, 0xFF, 0xFF, 0xFF, 0xFF, 0xFF, 0xFF, 0xFF, 0xFF, 0xFF, 0xFF, 0xFF, 0xFF, 0xFF, 0xFF, 0xFF, 0xFF, 0xFF, 0xFF, 0xFF, 0xFF, 0xFF, 0xFF, 0xFF, 0xFF, 0xFF, 0xFF, 0xFF, 0xFF, 0xFF, 0xFF, 
        0xFF, 0xFF, 0xFF,
  0xFF, 0xFF, 0xFF, 0xFF, 0xFF, 0xFF, 0xFF, 0xFF, 0xFF, 0xFF, 0xFF, 0xFF, 0xFF, 0xFF, 0xFF, 0xFF, 0xFF, 0xFF, 0xFF, 0xFF, 0xFF, 0xFF, 0xFF, 0xFF, 0xFF, 0xFF, 0xFF, 0xFF, 0xFF, 0xFF, 0xFF, 0xFF, 0xFF, 0xFF, 0xFF, 0xFF, 0xFF, 0xFF, 0xFF, 0xFF, 0xFF, 0xFF, 
        0xFF, 0xFF, 0xFF, 0xF9, 0xF9, 0xF8, 0x94, 0xA2, 0xB5, 0x6B, 0xB2, 0xBD, 0x73, 0xB6, 0xA5, 0x7B, 0xBA, 0xAD, 0x7B, 0xB6, 0xAD, 0x7B, 0xB6, 0xB5, 0x7B, 0xB6, 0xB5, 0x7B, 0xB2, 0xBD, 0x15, 0x59, 0x94, 0x52, 0x6D, 0x84, 0xEF, 0xEB, 0xEF, 
        0xDE, 0xDF, 0xDE, 0xDE, 0xDF, 0xDE, 0xDE, 0xDF, 0xDE, 0xDE, 0xDB, 0xDE, 0xDE, 0xDB, 0xDE, 0xDE, 0xDB, 0xDE, 0xDE, 0xDB, 0xDE, 0xDE, 0xDF, 0xDE, 0xDE, 0xDF, 0xDE, 0xE7, 0xE3, 0xE7, 0xF9, 0xF3, 0xF9, 0xFF, 0xFF, 0xFF, 0xFF, 0xFF, 0xFF, 
        0xEF, 0xEF, 0xEF, 0xCE, 0xCB, 0xCE, 0x9C, 0x9E, 0xAD, 0x7B, 0x7D, 0x94, 0x5A, 0x61, 0x84, 0x41, 0x4B, 0x73, 0x41, 0x49, 0x73, 0x41, 0x4B, 0x6B, 0x41, 0x4B, 0x6B, 0x52, 0x59, 0x7B, 0x73, 0x71, 0x84, 0x94, 0x92, 0x94, 0xC6, 0xC3, 0xC6, 
        0xEF, 0xEF, 0xEF, 0xFF, 0xFF, 0xFF, 0xFF, 0xFF, 0xFF, 0xFF, 0xFF, 0xFF, 0xFF, 0xFF, 0xFF, 0xFF, 0xFF, 0xFF, 0xFF, 0xFF, 0xFF, 0xFF, 0xFF, 0xFF, 0xFF, 0xFF, 0xFF, 0xFF, 0xFF, 0xFF, 0xFF, 0xFF, 0xFF, 0xFF, 0xFF, 0xFF, 0xFF, 0xFF, 0xFF, 
        0xFF, 0xFF, 0xFF, 0xFF, 0xFF, 0xFF, 0xFF, 0xFF, 0xFF, 0xFF, 0xFF, 0xFF, 0xFF, 0xFF, 0xFF, 0xFF, 0xFF, 0xFF, 0xFF, 0xFF, 0xFF, 0xFF, 0xFF, 0xFF, 0xFF, 0xFF, 0xFF, 0xFF, 0xFF, 0xFF, 0xFF, 0xFF, 0xFF, 0xFF, 0xFF, 0xFF, 0xFF, 0xFF, 0xFF, 
        0xFF, 0xFF, 0xFF,
  0xFF, 0xFF, 0xFF, 0xFF, 0xFF, 0xFF, 0xFF, 0xFF, 0xFF, 0xFF, 0xFF, 0xFF, 0xFF, 0xFF, 0xFF, 0xFF, 0xFF, 0xFF, 0xFF, 0xFF, 0xFF, 0xFF, 0xFF, 0xFF, 0xFF, 0xFF, 0xFF, 0xFF, 0xFF, 0xFF, 0xFF, 0xFF, 0xFF, 0xFF, 0xFF, 0xFF, 0xFF, 0xFF, 0xFF, 0xFF, 0xFF, 0xFF, 
        0xFF, 0xFF, 0xFF, 0xFF, 0xFF, 0xFF, 0xF9, 0xF9, 0xF8, 0xA5, 0xAA, 0xB5, 0x6B, 0xB2, 0xC6, 0x6B, 0xB2, 0xAD, 0x7B, 0xB2, 0xAD, 0x7B, 0xB2, 0xAD, 0x7B, 0xB2, 0xAD, 0x73, 0xAE, 0xB5, 0x15, 0x59, 0x94, 0x49, 0x69, 0x84, 0xE7, 0xE3, 0xE7, 
        0xD6, 0xD7, 0xD6, 0xD6, 0xD3, 0xD6, 0xD6, 0xD3, 0xD6, 0xD6, 0xD3, 0xD6, 0xD6, 0xD3, 0xD6, 0xD6, 0xD7, 0xD6, 0xDE, 0xDB, 0xDE, 0xE7, 0xE3, 0xE7, 0xEF, 0xEB, 0xEF, 0xF9, 0xF3, 0xF9, 0xFF, 0xFB, 0xFF, 0xFF, 0xFF, 0xFF, 0xFF, 0xFF, 0xFF, 
        0xFF, 0xFF, 0xFF, 0xFF, 0xFF, 0xFF, 0xFF, 0xFF, 0xFF, 0xFF, 0xFF, 0xFF, 0xF9, 0xF9, 0xF8, 0xEF, 0xEB, 0xEF, 0xE7, 0xE7, 0xE7, 0xE7, 0xE7, 0xE7, 0xEF, 0xEB, 0xEF, 0xF9, 0xF3, 0xF9, 0xFF, 0xFF, 0xFF, 0xFF, 0xFF, 0xFF, 0xFF, 0xFF, 0xFF, 
        0xFF, 0xFF, 0xFF, 0xFF, 0xFF, 0xFF, 0xFF, 0xFF, 0xFF, 0xFF, 0xFF, 0xFF, 0xFF, 0xFF, 0xFF, 0xFF, 0xFF, 0xFF, 0xFF, 0xFF, 0xFF, 0xFF, 0xFF, 0xFF, 0xFF, 0xFF, 0xFF, 0xFF, 0xFF, 0xFF, 0xFF, 0xFF, 0xFF, 0xFF, 0xFF, 0xFF, 0xFF, 0xFF, 0xFF, 
        0xFF, 0xFF, 0xFF, 0xFF, 0xFF, 0xFF, 0xFF, 0xFF, 0xFF, 0xFF, 0xFF, 0xFF, 0xFF, 0xFF, 0xFF, 0xFF, 0xFF, 0xFF, 0xFF, 0xFF, 0xFF, 0xFF, 0xFF, 0xFF, 0xFF, 0xFF, 0xFF, 0xFF, 0xFF, 0xFF, 0xFF, 0xFF, 0xFF, 0xFF, 0xFF, 0xFF, 0xFF, 0xFF, 0xFF, 
        0xFF, 0xFF, 0xFF,
  0xFF, 0xFF, 0xFF, 0xFF, 0xFF, 0xFF, 0xFF, 0xFF, 0xFF, 0xFF, 0xFF, 0xFF, 0xFF, 0xFF, 0xFF, 0xFF, 0xFF, 0xFF, 0xFF, 0xFF, 0xFF, 0xFF, 0xFF, 0xFF, 0xFF, 0xFF, 0xFF, 0xFF, 0xFF, 0xFF, 0xFF, 0xFF, 0xFF, 0xFF, 0xFF, 0xFF, 0xFF, 0xFF, 0xFF, 0xFF, 0xFF, 0xFF, 
        0xFF, 0xFF, 0xFF, 0xFF, 0xFF, 0xFF, 0xFF, 0xFF, 0xFF, 0xFF, 0xFF, 0xFF, 0x9C, 0xA6, 0xB5, 0x6B, 0xAE, 0xCE, 0x63, 0xAA, 0xA5, 0x73, 0xAE, 0xA5, 0x73, 0xAE, 0xAD, 0x73, 0xAA, 0xB5, 0x15, 0x55, 0x8C, 0x48, 0x65, 0x7B, 0xD6, 0xD7, 0xD6, 
        0xCE, 0xCB, 0xCE, 0xC6, 0xC7, 0xC6, 0xCE, 0xCB, 0xCE, 0xCE, 0xCF, 0xCE, 0xD6, 0xD3, 0xD6, 0xDE, 0xDF, 0xDE, 0xE7, 0xE7, 0xE7, 0xF9, 0xF3, 0xF9, 0xF9, 0xF9, 0xF8, 0xFF, 0xFF, 0xFF, 0xFF, 0xFF, 0xFF, 0xFF, 0xFF, 0xFF, 0xFF, 0xFF, 0xFF, 
        0xFF, 0xFF, 0xFF, 0xFF, 0xFF, 0xFF, 0xFF, 0xFF, 0xFF, 0xFF, 0xFF, 0xFF, 0xFF, 0xFF, 0xFF, 0xFF, 0xFF, 0xFF, 0xFF, 0xFF, 0xFF, 0xFF, 0xFF, 0xFF, 0xFF, 0xFF, 0xFF, 0xFF, 0xFF, 0xFF, 0xFF, 0xFF, 0xFF, 0xFF, 0xFF, 0xFF, 0xFF, 0xFF, 0xFF, 
        0xFF, 0xFF, 0xFF, 0xFF, 0xFF, 0xFF, 0xFF, 0xFF, 0xFF, 0xFF, 0xFF, 0xFF, 0xFF, 0xFF, 0xFF, 0xFF, 0xFF, 0xFF, 0xFF, 0xFF, 0xFF, 0xFF, 0xFF, 0xFF, 0xFF, 0xFF, 0xFF, 0xFF, 0xFF, 0xFF, 0xFF, 0xFF, 0xFF, 0xFF, 0xFF, 0xFF, 0xFF, 0xFF, 0xFF, 
        0xFF, 0xFF, 0xFF, 0xFF, 0xFF, 0xFF, 0xFF, 0xFF, 0xFF, 0xFF, 0xFF, 0xFF, 0xFF, 0xFF, 0xFF, 0xFF, 0xFF, 0xFF, 0xFF, 0xFF, 0xFF, 0xFF, 0xFF, 0xFF, 0xFF, 0xFF, 0xFF, 0xFF, 0xFF, 0xFF, 0xFF, 0xFF, 0xFF, 0xFF, 0xFF, 0xFF, 0xFF, 0xFF, 0xFF, 
        0xFF, 0xFF, 0xFF,
  0xFF, 0xFF, 0xFF, 0xFF, 0xFF, 0xFF, 0xFF, 0xFF, 0xFF, 0xFF, 0xFF, 0xFF, 0xFF, 0xFF, 0xFF, 0xFF, 0xFF, 0xFF, 0xFF, 0xFF, 0xFF, 0xFF, 0xFF, 0xFF, 0xFF, 0xFF, 0xFF, 0xFF, 0xFF, 0xFF, 0xFF, 0xFF, 0xFF, 0xFF, 0xFF, 0xFF, 0xFF, 0xFF, 0xFF, 0xFF, 0xFF, 0xFF, 
        0xFF, 0xFF, 0xFF, 0xFF, 0xFF, 0xFF, 0xFF, 0xFF, 0xFF, 0xFF, 0xFF, 0xFF, 0xFF, 0xFB, 0xFF, 0xAD, 0xB2, 0xBD, 0x73, 0xAE, 0xC6, 0x63, 0xA6, 0xAD, 0x6B, 0xA2, 0x9C, 0x73, 0xA6, 0xAD, 0x15, 0x55, 0x8C, 0x41, 0x5D, 0x73, 0xC6, 0xC3, 0xC6, 
        0xBD, 0xBE, 0xBD, 0xC6, 0xC3, 0xC6, 0xCE, 0xCB, 0xCE, 0xD6, 0xD7, 0xD6, 0xE7, 0xE3, 0xE7, 0xEF, 0xEF, 0xEF, 0xF9, 0xF9, 0xF8, 0xFF, 0xFB, 0xFF, 0xFF, 0xFF, 0xFF, 0xFF, 0xFF, 0xFF, 0xFF, 0xFF, 0xFF, 0xFF, 0xFF, 0xFF, 0xFF, 0xFF, 0xFF, 
        0xFF, 0xFF, 0xFF, 0xFF, 0xFF, 0xFF, 0xFF, 0xFF, 0xFF, 0xFF, 0xFF, 0xFF, 0xFF, 0xFF, 0xFF, 0xFF, 0xFF, 0xFF, 0xFF, 0xFF, 0xFF, 0xFF, 0xFF, 0xFF, 0xFF, 0xFF, 0xFF, 0xFF, 0xFF, 0xFF, 0xFF, 0xFF, 0xFF, 0xFF, 0xFF, 0xFF, 0xFF, 0xFF, 0xFF, 
        0xFF, 0xFF, 0xFF, 0xFF, 0xFF, 0xFF, 0xFF, 0xFF, 0xFF, 0xFF, 0xFF, 0xFF, 0xFF, 0xFF, 0xFF, 0xFF, 0xFF, 0xFF, 0xFF, 0xFF, 0xFF, 0xFF, 0xFF, 0xFF, 0xFF, 0xFF, 0xFF, 0xFF, 0xFF, 0xFF, 0xFF, 0xFF, 0xFF, 0xFF, 0xFF, 0xFF, 0xFF, 0xFF, 0xFF, 
        0xFF, 0xFF, 0xFF, 0xFF, 0xFF, 0xFF, 0xFF, 0xFF, 0xFF, 0xFF, 0xFF, 0xFF, 0xFF, 0xFF, 0xFF, 0xFF, 0xFF, 0xFF, 0xFF, 0xFF, 0xFF, 0xFF, 0xFF, 0xFF, 0xFF, 0xFF, 0xFF, 0xFF, 0xFF, 0xFF, 0xFF, 0xFF, 0xFF, 0xFF, 0xFF, 0xFF, 0xFF, 0xFF, 0xFF, 
        0xFF, 0xFF, 0xFF,
  0xFF, 0xFF, 0xFF, 0xFF, 0xFF, 0xFF, 0xFF, 0xFF, 0xFF, 0xFF, 0xFF, 0xFF, 0xFF, 0xFF, 0xFF, 0xFF, 0xFF, 0xFF, 0xFF, 0xFF, 0xFF, 0xFF, 0xFF, 0xFF, 0xFF, 0xFF, 0xFF, 0xFF, 0xFF, 0xFF, 0xFF, 0xFF, 0xFF, 0xFF, 0xFF, 0xFF, 0xFF, 0xFF, 0xFF, 0xFF, 0xFF, 0xFF, 
        0xFF, 0xFF, 0xFF, 0xFF, 0xFF, 0xFF, 0xFF, 0xFF, 0xFF, 0xFF, 0xFF, 0xFF, 0xFF, 0xFF, 0xFF, 0xFF, 0xFF, 0xFF, 0xAD, 0xB2, 0xBD, 0x6B, 0xAA, 0xC6, 0x52, 0x9A, 0xA5, 0x6B, 0xA2, 0xAD, 0x15, 0x55, 0x8C, 0x2F, 0x55, 0x73, 0xBD, 0xBA, 0xBD, 
        0xC6, 0xC3, 0xC6, 0xD6, 0xD3, 0xD6, 0xDE, 0xDF, 0xDE, 0xEF, 0xEB, 0xEF, 0xF9, 0xF9, 0xF8, 0xFF, 0xFB, 0xFF, 0xFF, 0xFF, 0xFF, 0xFF, 0xFF, 0xFF, 0xFF, 0xFF, 0xFF, 0xFF, 0xFF, 0xFF, 0xFF, 0xFF, 0xFF, 0xFF, 0xFF, 0xFF, 0xFF, 0xFF, 0xFF, 
        0xFF, 0xFF, 0xFF, 0xFF, 0xFF, 0xFF, 0xFF, 0xFF, 0xFF, 0xFF, 0xFF, 0xFF, 0xFF, 0xFF, 0xFF, 0xFF, 0xFF, 0xFF, 0xFF, 0xFF, 0xFF, 0xFF, 0xFF, 0xFF, 0xFF, 0xFF, 0xFF, 0xFF, 0xFF, 0xFF, 0xFF, 0xFF, 0xFF, 0xFF, 0xFF, 0xFF, 0xFF, 0xFF, 0xFF, 
        0xFF, 0xFF, 0xFF, 0xFF, 0xFF, 0xFF, 0xFF, 0xFF, 0xFF, 0xFF, 0xFF, 0xFF, 0xFF, 0xFF, 0xFF, 0xFF, 0xFF, 0xFF, 0xFF, 0xFF, 0xFF, 0xFF, 0xFF, 0xFF, 0xFF, 0xFF, 0xFF, 0xFF, 0xFF, 0xFF, 0xFF, 0xFF, 0xFF, 0xFF, 0xFF, 0xFF, 0xFF, 0xFF, 0xFF, 
        0xFF, 0xFF, 0xFF, 0xFF, 0xFF, 0xFF, 0xFF, 0xFF, 0xFF, 0xFF, 0xFF, 0xFF, 0xFF, 0xFF, 0xFF, 0xFF, 0xFF, 0xFF, 0xFF, 0xFF, 0xFF, 0xFF, 0xFF, 0xFF, 0xFF, 0xFF, 0xFF, 0xFF, 0xFF, 0xFF, 0xFF, 0xFF, 0xFF, 0xFF, 0xFF, 0xFF, 0xFF, 0xFF, 0xFF, 
        0xFF, 0xFF, 0xFF,
  0xFF, 0xFF, 0xFF, 0xFF, 0xFF, 0xFF, 0xFF, 0xFF, 0xFF, 0xFF, 0xFF, 0xFF, 0xFF, 0xFF, 0xFF, 0xFF, 0xFF, 0xFF, 0xFF, 0xFF, 0xFF, 0xFF, 0xFF, 0xFF, 0xFF, 0xFF, 0xFF, 0xFF, 0xFF, 0xFF, 0xFF, 0xFF, 0xFF, 0xFF, 0xFF, 0xFF, 0xFF, 0xFF, 0xFF, 0xFF, 0xFF, 0xFF, 
        0xFF, 0xFF, 0xFF, 0xFF, 0xFF, 0xFF, 0xFF, 0xFF, 0xFF, 0xFF, 0xFF, 0xFF, 0xFF, 0xFF, 0xFF, 0xFF, 0xFF, 0xFF, 0xFF, 0xFF, 0xFF, 0xAD, 0xB2, 0xBD, 0x73, 0xAA, 0xC6, 0x52, 0x96, 0xB5, 0x0F, 0x4B, 0x7B, 0x73, 0x7D, 0x8C, 0xD6, 0xD7, 0xD6, 
        0xE7, 0xE3, 0xE7, 0xEF, 0xEF, 0xEF, 0xF9, 0xF9, 0xF8, 0xFF, 0xFB, 0xFF, 0xFF, 0xFF, 0xFF, 0xFF, 0xFF, 0xFF, 0xFF, 0xFF, 0xFF, 0xFF, 0xFF, 0xFF, 0xFF, 0xFF, 0xFF, 0xFF, 0xFF, 0xFF, 0xFF, 0xFF, 0xFF, 0xFF, 0xFF, 0xFF, 0xFF, 0xFF, 0xFF, 
        0xFF, 0xFF, 0xFF, 0xFF, 0xFF, 0xFF, 0xFF, 0xFF, 0xFF, 0xFF, 0xFF, 0xFF, 0xFF, 0xFF, 0xFF, 0xFF, 0xFF, 0xFF, 0xFF, 0xFF, 0xFF, 0xFF, 0xFF, 0xFF, 0xFF, 0xFF, 0xFF, 0xFF, 0xFF, 0xFF, 0xFF, 0xFF, 0xFF, 0xFF, 0xFF, 0xFF, 0xFF, 0xFF, 0xFF, 
        0xFF, 0xFF, 0xFF, 0xFF, 0xFF, 0xFF, 0xFF, 0xFF, 0xFF, 0xFF, 0xFF, 0xFF, 0xFF, 0xFF, 0xFF, 0xFF, 0xFF, 0xFF, 0xFF, 0xFF, 0xFF, 0xFF, 0xFF, 0xFF, 0xFF, 0xFF, 0xFF, 0xFF, 0xFF, 0xFF, 0xFF, 0xFF, 0xFF, 0xFF, 0xFF, 0xFF, 0xFF, 0xFF, 0xFF, 
        0xFF, 0xFF, 0xFF, 0xFF, 0xFF, 0xFF, 0xFF, 0xFF, 0xFF, 0xFF, 0xFF, 0xFF, 0xFF, 0xFF, 0xFF, 0xFF, 0xFF, 0xFF, 0xFF, 0xFF, 0xFF, 0xFF, 0xFF, 0xFF, 0xFF, 0xFF, 0xFF, 0xFF, 0xFF, 0xFF, 0xFF, 0xFF, 0xFF, 0xFF, 0xFF, 0xFF, 0xFF, 0xFF, 0xFF, 
        0xFF, 0xFF, 0xFF,
  0xFF, 0xFF, 0xFF, 0xFF, 0xFF, 0xFF, 0xFF, 0xFF, 0xFF, 0xFF, 0xFF, 0xFF, 0xFF, 0xFF, 0xFF, 0xFF, 0xFF, 0xFF, 0xFF, 0xFF, 0xFF, 0xFF, 0xFF, 0xFF, 0xFF, 0xFF, 0xFF, 0xFF, 0xFF, 0xFF, 0xFF, 0xFF, 0xFF, 0xFF, 0xFF, 0xFF, 0xFF, 0xFF, 0xFF, 0xFF, 0xFF, 0xFF, 
        0xFF, 0xFF, 0xFF, 0xFF, 0xFF, 0xFF, 0xFF, 0xFF, 0xFF, 0xFF, 0xFF, 0xFF, 0xFF, 0xFF, 0xFF, 0xFF, 0xFF, 0xFF, 0xFF, 0xFF, 0xFF, 0xFF, 0xFF, 0xFF, 0xC6, 0xC7, 0xCE, 0x73, 0x8E, 0xA5, 0xA5, 0xAA, 0xB5, 0xF9, 0xF3, 0xF9, 0xF9, 0xF9, 0xF8, 
        0xFF, 0xFB, 0xFF, 0xFF, 0xFF, 0xFF, 0xFF, 0xFF, 0xFF, 0xFF, 0xFF, 0xFF, 0xFF, 0xFF, 0xFF, 0xFF, 0xFF, 0xFF, 0xFF, 0xFF, 0xFF, 0xFF, 0xFF, 0xFF, 0xFF, 0xFF, 0xFF, 0xFF, 0xFF, 0xFF, 0xFF, 0xFF, 0xFF, 0xFF, 0xFF, 0xFF, 0xFF, 0xFF, 0xFF, 
        0xFF, 0xFF, 0xFF, 0xFF, 0xFF, 0xFF, 0xFF, 0xFF, 0xFF, 0xFF, 0xFF, 0xFF, 0xFF, 0xFF, 0xFF, 0xFF, 0xFF, 0xFF, 0xFF, 0xFF, 0xFF, 0xFF, 0xFF, 0xFF, 0xFF, 0xFF, 0xFF, 0xFF, 0xFF, 0xFF, 0xFF, 0xFF, 0xFF, 0xFF, 0xFF, 0xFF, 0xFF, 0xFF, 0xFF, 
        0xFF, 0xFF, 0xFF, 0xFF, 0xFF, 0xFF, 0xFF, 0xFF, 0xFF, 0xFF, 0xFF, 0xFF, 0xFF, 0xFF, 0xFF, 0xFF, 0xFF, 0xFF, 0xFF, 0xFF, 0xFF, 0xFF, 0xFF, 0xFF, 0xFF, 0xFF, 0xFF, 0xFF, 0xFF, 0xFF, 0xFF, 0xFF, 0xFF, 0xFF, 0xFF, 0xFF, 0xFF, 0xFF, 0xFF, 
        0xFF, 0xFF, 0xFF, 0xFF, 0xFF, 0xFF, 0xFF, 0xFF, 0xFF, 0xFF, 0xFF, 0xFF, 0xFF, 0xFF, 0xFF, 0xFF, 0xFF, 0xFF, 0xFF, 0xFF, 0xFF, 0xFF, 0xFF, 0xFF, 0xFF, 0xFF, 0xFF, 0xFF, 0xFF, 0xFF, 0xFF, 0xFF, 0xFF, 0xFF, 0xFF, 0xFF, 0xFF, 0xFF, 0xFF, 
        0xFF, 0xFF, 0xFF,
  0xFF, 0xFF, 0xFF, 0xFF, 0xFF, 0xFF, 0xFF, 0xFF, 0xFF, 0xFF, 0xFF, 0xFF, 0xFF, 0xFF, 0xFF, 0xFF, 0xFF, 0xFF, 0xFF, 0xFF, 0xFF, 0xFF, 0xFF, 0xFF, 0xFF, 0xFF, 0xFF, 0xFF, 0xFF, 0xFF, 0xFF, 0xFF, 0xFF, 0xFF, 0xFF, 0xFF, 0xFF, 0xFF, 0xFF, 0xFF, 0xFF, 0xFF, 
        0xFF, 0xFF, 0xFF, 0xFF, 0xFF, 0xFF, 0xFF, 0xFF, 0xFF, 0xFF, 0xFF, 0xFF, 0xFF, 0xFF, 0xFF, 0xFF, 0xFF, 0xFF, 0xFF, 0xFF, 0xFF, 0xFF, 0xFF, 0xFF, 0xFF, 0xFF, 0xFF, 0xFF, 0xFF, 0xFF, 0xFF, 0xFF, 0xFF, 0xFF, 0xFF, 0xFF, 0xFF, 0xFF, 0xFF, 
        0xFF, 0xFF, 0xFF, 0xFF, 0xFF, 0xFF, 0xFF, 0xFF, 0xFF, 0xFF, 0xFF, 0xFF, 0xFF, 0xFF, 0xFF, 0xFF, 0xFF, 0xFF, 0xFF, 0xFF, 0xFF, 0xFF, 0xFF, 0xFF, 0xFF, 0xFF, 0xFF, 0xFF, 0xFF, 0xFF, 0xFF, 0xFF, 0xFF, 0xFF, 0xFF, 0xFF, 0xFF, 0xFF, 0xFF, 
        0xFF, 0xFF, 0xFF, 0xFF, 0xFF, 0xFF, 0xFF, 0xFF, 0xFF, 0xFF, 0xFF, 0xFF, 0xFF, 0xFF, 0xFF, 0xFF, 0xFF, 0xFF, 0xFF, 0xFF, 0xFF, 0xFF, 0xFF, 0xFF, 0xFF, 0xFF, 0xFF, 0xFF, 0xFF, 0xFF, 0xFF, 0xFF, 0xFF, 0xFF, 0xFF, 0xFF, 0xFF, 0xFF, 0xFF, 
        0xFF, 0xFF, 0xFF, 0xFF, 0xFF, 0xFF, 0xFF, 0xFF, 0xFF, 0xFF, 0xFF, 0xFF, 0xFF, 0xFF, 0xFF, 0xFF, 0xFF, 0xFF, 0xFF, 0xFF, 0xFF, 0xFF, 0xFF, 0xFF, 0xFF, 0xFF, 0xFF, 0xFF, 0xFF, 0xFF, 0xFF, 0xFF, 0xFF, 0xFF, 0xFF, 0xFF, 0xFF, 0xFF, 0xFF, 
        0xFF, 0xFF, 0xFF, 0xFF, 0xFF, 0xFF, 0xFF, 0xFF, 0xFF, 0xFF, 0xFF, 0xFF, 0xFF, 0xFF, 0xFF, 0xFF, 0xFF, 0xFF, 0xFF, 0xFF, 0xFF, 0xFF, 0xFF, 0xFF, 0xFF, 0xFF, 0xFF, 0xFF, 0xFF, 0xFF, 0xFF, 0xFF, 0xFF, 0xFF, 0xFF, 0xFF, 0xFF, 0xFF, 0xFF, 
        0xFF, 0xFF, 0xFF,
  0xFF, 0xFF, 0xFF, 0xFF, 0xFF, 0xFF, 0xFF, 0xFF, 0xFF, 0xFF, 0xFF, 0xFF, 0xFF, 0xFF, 0xFF, 0xFF, 0xFF, 0xFF, 0xFF, 0xFF, 0xFF, 0xFF, 0xFF, 0xFF, 0xFF, 0xFF, 0xFF, 0xFF, 0xFF, 0xFF, 0xFF, 0xFF, 0xFF, 0xFF, 0xFF, 0xFF, 0xFF, 0xFF, 0xFF, 0xFF, 0xFF, 0xFF, 
        0xFF, 0xFF, 0xFF, 0xFF, 0xFF, 0xFF, 0xFF, 0xFF, 0xFF, 0xFF, 0xFF, 0xFF, 0xFF, 0xFF, 0xFF, 0xFF, 0xFF, 0xFF, 0xFF, 0xFF, 0xFF, 0xFF, 0xFF, 0xFF, 0xFF, 0xFF, 0xFF, 0xFF, 0xFF, 0xFF, 0xFF, 0xFF, 0xFF, 0xFF, 0xFF, 0xFF, 0xFF, 0xFF, 0xFF, 
        0xFF, 0xFF, 0xFF, 0xFF, 0xFF, 0xFF, 0xFF, 0xFF, 0xFF, 0xFF, 0xFF, 0xFF, 0xFF, 0xFF, 0xFF, 0xFF, 0xFF, 0xFF, 0xFF, 0xFF, 0xFF, 0xFF, 0xFF, 0xFF, 0xFF, 0xFF, 0xFF, 0xFF, 0xFF, 0xFF, 0xFF, 0xFF, 0xFF, 0xFF, 0xFF, 0xFF, 0xFF, 0xFF, 0xFF, 
        0xFF, 0xFF, 0xFF, 0xFF, 0xFF, 0xFF, 0xFF, 0xFF, 0xFF, 0xFF, 0xFF, 0xFF, 0xFF, 0xFF, 0xFF, 0xFF, 0xFF, 0xFF, 0xFF, 0xFF, 0xFF, 0xFF, 0xFF, 0xFF, 0xFF, 0xFF, 0xFF, 0xFF, 0xFF, 0xFF, 0xFF, 0xFF, 0xFF, 0xFF, 0xFF, 0xFF, 0xFF, 0xFF, 0xFF, 
        0xFF, 0xFF, 0xFF, 0xFF, 0xFF, 0xFF, 0xFF, 0xFF, 0xFF, 0xFF, 0xFF, 0xFF, 0xFF, 0xFF, 0xFF, 0xFF, 0xFF, 0xFF, 0xFF, 0xFF, 0xFF, 0xFF, 0xFF, 0xFF, 0xFF, 0xFF, 0xFF, 0xFF, 0xFF, 0xFF, 0xFF, 0xFF, 0xFF, 0xFF, 0xFF, 0xFF, 0xFF, 0xFF, 0xFF, 
        0xFF, 0xFF, 0xFF, 0xFF, 0xFF, 0xFF, 0xFF, 0xFF, 0xFF, 0xFF, 0xFF, 0xFF, 0xFF, 0xFF, 0xFF, 0xFF, 0xFF, 0xFF, 0xFF, 0xFF, 0xFF, 0xFF, 0xFF, 0xFF, 0xFF, 0xFF, 0xFF, 0xFF, 0xFF, 0xFF, 0xFF, 0xFF, 0xFF, 0xFF, 0xFF, 0xFF, 0xFF, 0xFF, 0xFF, 
        0xFF, 0xFF, 0xFF,
  0xFF, 0xFF, 0xFF, 0xFF, 0xFF, 0xFF, 0xFF, 0xFF, 0xFF, 0xFF, 0xFF, 0xFF, 0xFF, 0xFF, 0xFF, 0xFF, 0xFF, 0xFF, 0xFF, 0xFF, 0xFF, 0xFF, 0xFF, 0xFF, 0xFF, 0xFF, 0xFF, 0xFF, 0xFF, 0xFF, 0xFF, 0xFF, 0xFF, 0xFF, 0xFF, 0xFF, 0xFF, 0xFF, 0xFF, 0xFF, 0xFF, 0xFF, 
        0xFF, 0xFF, 0xFF, 0xFF, 0xFF, 0xFF, 0xFF, 0xFF, 0xFF, 0xFF, 0xFF, 0xFF, 0xFF, 0xFF, 0xFF, 0xFF, 0xFF, 0xFF, 0xFF, 0xFF, 0xFF, 0xFF, 0xFF, 0xFF, 0xFF, 0xFF, 0xFF, 0xFF, 0xFF, 0xFF, 0xFF, 0xFF, 0xFF, 0xFF, 0xFF, 0xFF, 0xFF, 0xFF, 0xFF, 
        0xFF, 0xFF, 0xFF, 0xFF, 0xFF, 0xFF, 0xFF, 0xFF, 0xFF, 0xFF, 0xFF, 0xFF, 0xFF, 0xFF, 0xFF, 0xFF, 0xFF, 0xFF, 0xFF, 0xFF, 0xFF, 0xFF, 0xFF, 0xFF, 0xFF, 0xFF, 0xFF, 0xFF, 0xFF, 0xFF, 0xFF, 0xFF, 0xFF, 0xFF, 0xFF, 0xFF, 0xFF, 0xFF, 0xFF, 
        0xFF, 0xFF, 0xFF, 0xFF, 0xFF, 0xFF, 0xFF, 0xFF, 0xFF, 0xFF, 0xFF, 0xFF, 0xFF, 0xFF, 0xFF, 0xFF, 0xFF, 0xFF, 0xFF, 0xFF, 0xFF, 0xFF, 0xFF, 0xFF, 0xFF, 0xFF, 0xFF, 0xFF, 0xFF, 0xFF, 0xFF, 0xFF, 0xFF, 0xFF, 0xFF, 0xFF, 0xFF, 0xFF, 0xFF, 
        0xFF, 0xFF, 0xFF, 0xFF, 0xFF, 0xFF, 0xFF, 0xFF, 0xFF, 0xFF, 0xFF, 0xFF, 0xFF, 0xFF, 0xFF, 0xFF, 0xFF, 0xFF, 0xFF, 0xFF, 0xFF, 0xFF, 0xFF, 0xFF, 0xFF, 0xFF, 0xFF, 0xFF, 0xFF, 0xFF, 0xFF, 0xFF, 0xFF, 0xFF, 0xFF, 0xFF, 0xFF, 0xFF, 0xFF, 
        0xFF, 0xFF, 0xFF, 0xFF, 0xFF, 0xFF, 0xFF, 0xFF, 0xFF, 0xFF, 0xFF, 0xFF, 0xFF, 0xFF, 0xFF, 0xFF, 0xFF, 0xFF, 0xFF, 0xFF, 0xFF, 0xFF, 0xFF, 0xFF, 0xFF, 0xFF, 0xFF, 0xFF, 0xFF, 0xFF, 0xFF, 0xFF, 0xFF, 0xFF, 0xFF, 0xFF, 0xFF, 0xFF, 0xFF, 
        0xFF, 0xFF, 0xFF,
  0xFF, 0xFF, 0xFF, 0xFF, 0xFF, 0xFF, 0xFF, 0xFF, 0xFF, 0xFF, 0xFF, 0xFF, 0xFF, 0xFF, 0xFF, 0xFF, 0xFF, 0xFF, 0xFF, 0xFF, 0xFF, 0xFF, 0xFF, 0xFF, 0xFF, 0xFF, 0xFF, 0xFF, 0xFF, 0xFF, 0xFF, 0xFF, 0xFF, 0xFF, 0xFF, 0xFF, 0xFF, 0xFF, 0xFF, 0xFF, 0xFF, 0xFF, 
        0xFF, 0xFF, 0xFF, 0xFF, 0xFF, 0xFF, 0xFF, 0xFF, 0xFF, 0xFF, 0xFF, 0xFF, 0xFF, 0xFF, 0xFF, 0xFF, 0xFF, 0xFF, 0xFF, 0xFF, 0xFF, 0xFF, 0xFF, 0xFF, 0xFF, 0xFF, 0xFF, 0xFF, 0xFF, 0xFF, 0xFF, 0xFF, 0xFF, 0xFF, 0xFF, 0xFF, 0xFF, 0xFF, 0xFF, 
        0xFF, 0xFF, 0xFF, 0xFF, 0xFF, 0xFF, 0xFF, 0xFF, 0xFF, 0xFF, 0xFF, 0xFF, 0xFF, 0xFF, 0xFF, 0xFF, 0xFF, 0xFF, 0xFF, 0xFF, 0xFF, 0xFF, 0xFF, 0xFF, 0xFF, 0xFF, 0xFF, 0xFF, 0xFF, 0xFF, 0xFF, 0xFF, 0xFF, 0xFF, 0xFF, 0xFF, 0xFF, 0xFF, 0xFF, 
        0xFF, 0xFF, 0xFF, 0xFF, 0xFF, 0xFF, 0xFF, 0xFF, 0xFF, 0xFF, 0xFF, 0xFF, 0xFF, 0xFF, 0xFF, 0xFF, 0xFF, 0xFF, 0xFF, 0xFF, 0xFF, 0xFF, 0xFF, 0xFF, 0xFF, 0xFF, 0xFF, 0xFF, 0xFF, 0xFF, 0xFF, 0xFF, 0xFF, 0xFF, 0xFF, 0xFF, 0xFF, 0xFF, 0xFF, 
        0xFF, 0xFF, 0xFF, 0xFF, 0xFF, 0xFF, 0xFF, 0xFF, 0xFF, 0xFF, 0xFF, 0xFF, 0xFF, 0xFF, 0xFF, 0xFF, 0xFF, 0xFF, 0xFF, 0xFF, 0xFF, 0xFF, 0xFF, 0xFF, 0xFF, 0xFF, 0xFF, 0xFF, 0xFF, 0xFF, 0xFF, 0xFF, 0xFF, 0xFF, 0xFF, 0xFF, 0xFF, 0xFF, 0xFF, 
        0xFF, 0xFF, 0xFF, 0xFF, 0xFF, 0xFF, 0xFF, 0xFF, 0xFF, 0xFF, 0xFF, 0xFF, 0xFF, 0xFF, 0xFF, 0xFF, 0xFF, 0xFF, 0xFF, 0xFF, 0xFF, 0xFF, 0xFF, 0xFF, 0xFF, 0xFF, 0xFF, 0xFF, 0xFF, 0xFF, 0xFF, 0xFF, 0xFF, 0xFF, 0xFF, 0xFF, 0xFF, 0xFF, 0xFF, 
        0xFF, 0xFF, 0xFF,
  0xFF, 0xFF, 0xFF, 0xFF, 0xFF, 0xFF, 0xFF, 0xFF, 0xFF, 0xFF, 0xFF, 0xFF, 0xFF, 0xFF, 0xFF, 0xFF, 0xFF, 0xFF, 0xFF, 0xFF, 0xFF, 0xFF, 0xFF, 0xFF, 0xFF, 0xFF, 0xFF, 0xFF, 0xFF, 0xFF, 0xFF, 0xFF, 0xFF, 0xFF, 0xFF, 0xFF, 0xFF, 0xFF, 0xFF, 0xFF, 0xFF, 0xFF, 
        0xFF, 0xFF, 0xFF, 0xFF, 0xFF, 0xFF, 0xFF, 0xFF, 0xFF, 0xFF, 0xFF, 0xFF, 0xFF, 0xFF, 0xFF, 0xFF, 0xFF, 0xFF, 0xFF, 0xFF, 0xFF, 0xFF, 0xFF, 0xFF, 0xFF, 0xFF, 0xFF, 0xFF, 0xFF, 0xFF, 0xFF, 0xFF, 0xFF, 0xFF, 0xFF, 0xFF, 0xFF, 0xFF, 0xFF, 
        0xFF, 0xFF, 0xFF, 0xFF, 0xFF, 0xFF, 0xFF, 0xFF, 0xFF, 0xFF, 0xFF, 0xFF, 0xFF, 0xFF, 0xFF, 0xFF, 0xFF, 0xFF, 0xFF, 0xFF, 0xFF, 0xFF, 0xFF, 0xFF, 0xFF, 0xFF, 0xFF, 0xFF, 0xFF, 0xFF, 0xFF, 0xFF, 0xFF, 0xFF, 0xFF, 0xFF, 0xFF, 0xFF, 0xFF, 
        0xFF, 0xFF, 0xFF, 0xFF, 0xFF, 0xFF, 0xFF, 0xFF, 0xFF, 0xFF, 0xFF, 0xFF, 0xFF, 0xFF, 0xFF, 0xFF, 0xFF, 0xFF, 0xFF, 0xFF, 0xFF, 0xFF, 0xFF, 0xFF, 0xFF, 0xFF, 0xFF, 0xFF, 0xFF, 0xFF, 0xFF, 0xFF, 0xFF, 0xFF, 0xFF, 0xFF, 0xFF, 0xFF, 0xFF, 
        0xFF, 0xFF, 0xFF, 0xFF, 0xFF, 0xFF, 0xFF, 0xFF, 0xFF, 0xFF, 0xFF, 0xFF, 0xFF, 0xFF, 0xFF, 0xFF, 0xFF, 0xFF, 0xFF, 0xFF, 0xFF, 0xFF, 0xFF, 0xFF, 0xFF, 0xFF, 0xFF, 0xFF, 0xFF, 0xFF, 0xFF, 0xFF, 0xFF, 0xFF, 0xFF, 0xFF, 0xFF, 0xFF, 0xFF, 
        0xFF, 0xFF, 0xFF, 0xFF, 0xFF, 0xFF, 0xFF, 0xFF, 0xFF, 0xFF, 0xFF, 0xFF, 0xFF, 0xFF, 0xFF, 0xFF, 0xFF, 0xFF, 0xFF, 0xFF, 0xFF, 0xFF, 0xFF, 0xFF, 0xFF, 0xFF, 0xFF, 0xFF, 0xFF, 0xFF, 0xFF, 0xFF, 0xFF, 0xFF, 0xFF, 0xFF, 0xFF, 0xFF, 0xFF, 
        0xFF, 0xFF, 0xFF,
  0xFF, 0xFF, 0xFF, 0xFF, 0xFF, 0xFF, 0xFF, 0xFF, 0xFF, 0xFF, 0xFF, 0xFF, 0xFF, 0xFF, 0xFF, 0xFF, 0xFF, 0xFF, 0xFF, 0xFF, 0xFF, 0xFF, 0xFF, 0xFF, 0xFF, 0xFF, 0xFF, 0xFF, 0xFF, 0xFF, 0xFF, 0xFF, 0xFF, 0xFF, 0xFF, 0xFF, 0xFF, 0xFF, 0xFF, 0xFF, 0xFF, 0xFF, 
        0xFF, 0xFF, 0xFF, 0xFF, 0xFF, 0xFF, 0xFF, 0xFF, 0xFF, 0xFF, 0xFF, 0xFF, 0xFF, 0xFF, 0xFF, 0xFF, 0xFF, 0xFF, 0xFF, 0xFF, 0xFF, 0xFF, 0xFF, 0xFF, 0xFF, 0xFF, 0xFF, 0xFF, 0xFF, 0xFF, 0xFF, 0xFF, 0xFF, 0xFF, 0xFF, 0xFF, 0xFF, 0xFF, 0xFF, 
        0xFF, 0xFF, 0xFF, 0xFF, 0xFF, 0xFF, 0xFF, 0xFF, 0xFF, 0xFF, 0xFF, 0xFF, 0xFF, 0xFF, 0xFF, 0xFF, 0xFF, 0xFF, 0xFF, 0xFF, 0xFF, 0xFF, 0xFF, 0xFF, 0xFF, 0xFF, 0xFF, 0xFF, 0xFF, 0xFF, 0xFF, 0xFF, 0xFF, 0xFF, 0xFF, 0xFF, 0xFF, 0xFF, 0xFF, 
        0xFF, 0xFF, 0xFF, 0xFF, 0xFF, 0xFF, 0xFF, 0xFF, 0xFF, 0xFF, 0xFF, 0xFF, 0xFF, 0xFF, 0xFF, 0xFF, 0xFF, 0xFF, 0xFF, 0xFF, 0xFF, 0xFF, 0xFF, 0xFF, 0xFF, 0xFF, 0xFF, 0xFF, 0xFF, 0xFF, 0xFF, 0xFF, 0xFF, 0xFF, 0xFF, 0xFF, 0xFF, 0xFF, 0xFF, 
        0xFF, 0xFF, 0xFF, 0xFF, 0xFF, 0xFF, 0xFF, 0xFF, 0xFF, 0xFF, 0xFF, 0xFF, 0xFF, 0xFF, 0xFF, 0xFF, 0xFF, 0xFF, 0xFF, 0xFF, 0xFF, 0xFF, 0xFF, 0xFF, 0xFF, 0xFF, 0xFF, 0xFF, 0xFF, 0xFF, 0xFF, 0xFF, 0xFF, 0xFF, 0xFF, 0xFF, 0xFF, 0xFF, 0xFF, 
        0xFF, 0xFF, 0xFF, 0xFF, 0xFF, 0xFF, 0xFF, 0xFF, 0xFF, 0xFF, 0xFF, 0xFF, 0xFF, 0xFF, 0xFF, 0xFF, 0xFF, 0xFF, 0xFF, 0xFF, 0xFF, 0xFF, 0xFF, 0xFF, 0xFF, 0xFF, 0xFF, 0xFF, 0xFF, 0xFF, 0xFF, 0xFF, 0xFF, 0xFF, 0xFF, 0xFF, 0xFF, 0xFF, 0xFF, 
        0xFF, 0xFF, 0xFF
};

GUI_CONST_STORAGE GUI_BITMAP bmShortCut = {
  80, // xSize
  102, // ySize
  240, // BytesPerLine
  24, // BitsPerPixel
  (unsigned char *)_acShortCut,  // Pointer to picture data
  NULL,  // Pointer to palette
  GUI_DRAW_BMP24
};

/*************************** End of file ****************************/
