/*********************************************************************
*                SEGGER Microcontroller GmbH & Co. KG                *
*        Solutions for real time microcontroller applications        *
*                           www.segger.com                           *
**********************************************************************
*                                                                    *
* C-file generated by                                                *
*                                                                    *
*        Bitmap Converter (ST) for emWin V5.32.                      *
*        Compiled Oct  8 2015, 11:58:22                              *
*                                                                    *
*        (c) 1998 - 2015 Segger Microcontroller GmbH & Co. KG        *
*                                                                    *
**********************************************************************
*                                                                    *
* Source file: StatusLogo                                            *
* Dimensions:  162 * 45                                              *
* NumColors:   24bpp: 16777216                                       *
*                                                                    *
**********************************************************************
*/

#include <stdlib.h>

#include "GUI.h"

#ifndef GUI_CONST_STORAGE
  #define GUI_CONST_STORAGE const
#endif

extern GUI_CONST_STORAGE GUI_BITMAP bmStatusLogo;

static GUI_CONST_STORAGE unsigned char _acStatusLogo[] = {
  0xD6, 0xD6, 0xD6, 0xD6, 0xD6, 0xD6, 0xD6, 0xD6, 0xD6, 0xD6, 0xD6, 0xD6, 0xD6, 0xD6, 0xD6, 0xD6, 0xD6, 0xD6, 0xD6, 0xD6, 0xD6, 0xD6, 0xD6, 0xD6, 0xD6, 0xD6, 0xD6, 0xD6, 0xD6, 0xD6, 0xD6, 0xD6, 0xD6, 0xD6, 0xD6, 0xD6, 0xD6, 0xD6, 0xD6, 0xD6, 0xD6, 0xD6, 
        0xD6, 0xD6, 0xD6, 0xD6, 0xD6, 0xD6, 0xD6, 0xD6, 0xD6, 0xD6, 0xD6, 0xD6, 0xD6, 0xD6, 0xD6, 0xD6, 0xD6, 0xD6, 0xD6, 0xD6, 0xD6, 0xD6, 0xD6, 0xD6, 0xD6, 0xD6, 0xD6, 0xD6, 0xD6, 0xD6, 0xD6, 0xD6, 0xD6, 0xD6, 0xD6, 0xD6, 0xD6, 0xD6, 0xD6, 
        0xD6, 0xD6, 0xD6, 0xD6, 0xD6, 0xD6, 0xD6, 0xD6, 0xD6, 0xD6, 0xD6, 0xD6, 0xD6, 0xD6, 0xD6, 0xD6, 0xD6, 0xD6, 0xD6, 0xD6, 0xD6, 0xD6, 0xD6, 0xD6, 0xD6, 0xD6, 0xD6, 0xD6, 0xD6, 0xD6, 0xD6, 0xD6, 0xD6, 0xD6, 0xD6, 0xD6, 0xD6, 0xD6, 0xD6, 
        0xD6, 0xD6, 0xD6, 0xD6, 0xD6, 0xD6, 0xD6, 0xD6, 0xD6, 0xD6, 0xD6, 0xD6, 0xD6, 0xD6, 0xD6, 0xD6, 0xD6, 0xD6, 0xD6, 0xD6, 0xD6, 0xD6, 0xD6, 0xD6, 0xD6, 0xD6, 0xD6, 0xD6, 0xD6, 0xD6, 0xD6, 0xD6, 0xD6, 0xD6, 0xD6, 0xD6, 0xD6, 0xD6, 0xD6, 
        0xD6, 0xD6, 0xD6, 0xD6, 0xD6, 0xD6, 0xD6, 0xD6, 0xD6, 0xD6, 0xD6, 0xD6, 0xD6, 0xD6, 0xD6, 0xD6, 0xD6, 0xD6, 0xD6, 0xD6, 0xD6, 0xD6, 0xD6, 0xD6, 0xD6, 0xD6, 0xD6, 0xD6, 0xD6, 0xD6, 0xD6, 0xD6, 0xD6, 0xD6, 0xD6, 0xD6, 0xD6, 0xD6, 0xD6, 
        0xD6, 0xD6, 0xD6, 0xD6, 0xD6, 0xD6, 0xD6, 0xD6, 0xD6, 0xD6, 0xD6, 0xD6, 0xD6, 0xD6, 0xD6, 0xD6, 0xD6, 0xD6, 0xD6, 0xD6, 0xD6, 0xD6, 0xD6, 0xD6, 0xD6, 0xD6, 0xD6, 0xD6, 0xD6, 0xD6, 0xD6, 0xD6, 0xD6, 0xD6, 0xD6, 0xD6, 0xD6, 0xD6, 0xD6, 
        0xD6, 0xD6, 0xD6, 0xD6, 0xD6, 0xD6, 0xD6, 0xD6, 0xD6, 0xD6, 0xD6, 0xD6, 0xD6, 0xD6, 0xD6, 0xD6, 0xD6, 0xD6, 0xD6, 0xD6, 0xD6, 0xD6, 0xD6, 0xD6, 0xD6, 0xD6, 0xD6, 0xD6, 0xD6, 0xD6, 0xD6, 0xD6, 0xD6, 0xD6, 0xD6, 0xD6, 0xD6, 0xD6, 0xD6, 
        0xD6, 0xD6, 0xD6, 0xD6, 0xD6, 0xD6, 0xD6, 0xD6, 0xD6, 0xD6, 0xD6, 0xD6, 0xD6, 0xD6, 0xD6, 0xD6, 0xD6, 0xD6, 0xD6, 0xD6, 0xD6, 0xD6, 0xD6, 0xD6, 0xD6, 0xD6, 0xD6, 0xD6, 0xD6, 0xD6, 0xD6, 0xD6, 0xD6, 0xD6, 0xD6, 0xD6, 0xD6, 0xD6, 0xD6, 
        0xD6, 0xD6, 0xD6, 0xD6, 0xD6, 0xD6, 0xD6, 0xD6, 0xD6, 0xD6, 0xD6, 0xD6, 0xD6, 0xD6, 0xD6, 0xD6, 0xD6, 0xD6, 0xD6, 0xD6, 0xD6, 0xD6, 0xD6, 0xD6, 0xD6, 0xD6, 0xD6, 0xD6, 0xD6, 0xD6, 0xD6, 0xD6, 0xD6, 0xD6, 0xD6, 0xD6, 0xD6, 0xD6, 0xD6, 
        0xD6, 0xD6, 0xD6, 0xD6, 0xD6, 0xD6, 0xD6, 0xD6, 0xD6, 0xD6, 0xD6, 0xD6, 0xD6, 0xD6, 0xD6, 0xD6, 0xD6, 0xD6, 0xD6, 0xD6, 0xD6, 0xD6, 0xD6, 0xD6, 0xD6, 0xD6, 0xD6, 0xD6, 0xD6, 0xD6, 0xD6, 0xD6, 0xD6, 0xD6, 0xD6, 0xD6, 0xD6, 0xD6, 0xD6, 
        0xD6, 0xD6, 0xD6, 0xD6, 0xD6, 0xD6, 0xD6, 0xD6, 0xD6, 0xD6, 0xD6, 0xD6, 0xD6, 0xD6, 0xD6, 0xD6, 0xD6, 0xD6, 0xD6, 0xD6, 0xD6, 0xD6, 0xD6, 0xD6, 0xD6, 0xD6, 0xD6, 0xD6, 0xD6, 0xD6, 0xD6, 0xD6, 0xD6, 0xD6, 0xD6, 0xD6, 0xD6, 0xD6, 0xD6, 
        0xD6, 0xD6, 0xD6, 0xD6, 0xD6, 0xD6, 0xD6, 0xD6, 0xD6, 0xD6, 0xD6, 0xD6, 0xD6, 0xD6, 0xD6, 0xD6, 0xD6, 0xD6, 0xD6, 0xD6, 0xD6, 0xD6, 0xD6, 0xD6, 0xD6, 0xD6, 0xD6, 0xD6, 0xD6, 0xD6, 0xD6, 0xD6, 0xD6, 0xD6, 0xD6, 0xD6, 0xD6, 0xD6, 0xD6, 
        0xD6, 0xD6, 0xD6, 0xD6, 0xD6, 0xD6, 0xD6, 0xD6, 0xD6, 0xD6, 0xD6, 0xD6, 0xD6, 0xD6, 0xD6,
  0x62, 0xA3, 0xE7, 0x62, 0xA3, 0xE7, 0x62, 0xA3, 0xE7, 0x62, 0xA3, 0xE7, 0x62, 0xA3, 0xE7, 0x62, 0xA3, 0xE7, 0x62, 0xA3, 0xE7, 0x62, 0xA3, 0xE7, 0x62, 0xA3, 0xE7, 0x62, 0xA3, 0xE7, 0x62, 0xA3, 0xE7, 0x62, 0xA3, 0xE7, 0x62, 0xA3, 0xE7, 0x62, 0xA3, 0xE7, 
        0x62, 0xA3, 0xE7, 0x62, 0xA3, 0xE7, 0x62, 0xA3, 0xE7, 0x62, 0xA3, 0xE7, 0x62, 0xA3, 0xE7, 0x62, 0xA3, 0xE7, 0x62, 0xA3, 0xE7, 0x62, 0xA3, 0xE7, 0x62, 0xA3, 0xE7, 0x62, 0xA3, 0xE7, 0x62, 0xA3, 0xE7, 0x62, 0xA3, 0xE7, 0x62, 0xA3, 0xE7, 
        0x62, 0xA3, 0xE7, 0x62, 0xA3, 0xE7, 0x62, 0xA3, 0xE7, 0x62, 0xA3, 0xE7, 0x62, 0xA3, 0xE7, 0x62, 0xA3, 0xE7, 0x62, 0xA3, 0xE7, 0x62, 0xA3, 0xE7, 0x62, 0xA3, 0xE7, 0x62, 0xA3, 0xE7, 0x62, 0xA3, 0xE7, 0x62, 0xA3, 0xE7, 0x62, 0xA3, 0xE7, 
        0x62, 0xA3, 0xE7, 0x62, 0xA3, 0xE7, 0x62, 0xA3, 0xE7, 0x62, 0xA3, 0xE7, 0x62, 0xA3, 0xE7, 0x62, 0xA3, 0xE7, 0x62, 0xA3, 0xE7, 0x62, 0xA3, 0xE7, 0x62, 0xA3, 0xE7, 0x62, 0xA3, 0xE7, 0x62, 0xA3, 0xE7, 0x62, 0xA3, 0xE7, 0x62, 0xA3, 0xE7, 
        0x62, 0xA3, 0xE7, 0x62, 0xA3, 0xE7, 0x62, 0xA3, 0xE7, 0x62, 0xA3, 0xE7, 0x62, 0xA3, 0xE7, 0x62, 0xA3, 0xE7, 0x62, 0xA3, 0xE7, 0x62, 0xA3, 0xE7, 0x62, 0xA3, 0xE7, 0x62, 0xA3, 0xE7, 0x62, 0xA3, 0xE7, 0x62, 0xA3, 0xE7, 0x62, 0xA3, 0xE7, 
        0x62, 0xA3, 0xE7, 0x62, 0xA3, 0xE7, 0x62, 0xA3, 0xE7, 0x62, 0xA3, 0xE7, 0x62, 0xA3, 0xE7, 0x62, 0xA3, 0xE7, 0x62, 0xA3, 0xE7, 0x62, 0xA3, 0xE7, 0x62, 0xA3, 0xE7, 0x62, 0xA3, 0xE7, 0x62, 0xA3, 0xE7, 0x62, 0xA3, 0xE7, 0x62, 0xA3, 0xE7, 
        0x62, 0xA3, 0xE7, 0x62, 0xA3, 0xE7, 0x62, 0xA3, 0xE7, 0x62, 0xA3, 0xE7, 0x62, 0xA3, 0xE7, 0x62, 0xA3, 0xE7, 0x62, 0xA3, 0xE7, 0x62, 0xA3, 0xE7, 0x62, 0xA3, 0xE7, 0x62, 0xA3, 0xE7, 0x62, 0xA3, 0xE7, 0x62, 0xA3, 0xE7, 0x62, 0xA3, 0xE7, 
        0x62, 0xA3, 0xE7, 0x62, 0xA3, 0xE7, 0x62, 0xA3, 0xE7, 0x62, 0xA3, 0xE7, 0x62, 0xA3, 0xE7, 0x62, 0xA3, 0xE7, 0x62, 0xA3, 0xE7, 0x62, 0xA3, 0xE7, 0x62, 0xA3, 0xE7, 0x62, 0xA3, 0xE7, 0x62, 0xA3, 0xE7, 0x62, 0xA3, 0xE7, 0x62, 0xA3, 0xE7, 
        0x62, 0xA3, 0xE7, 0x62, 0xA3, 0xE7, 0x62, 0xA3, 0xE7, 0x62, 0xA3, 0xE7, 0x62, 0xA3, 0xE7, 0x62, 0xA3, 0xE7, 0x62, 0xA3, 0xE7, 0x62, 0xA3, 0xE7, 0x62, 0xA3, 0xE7, 0x62, 0xA3, 0xE7, 0x62, 0xA3, 0xE7, 0x62, 0xA3, 0xE7, 0x62, 0xA3, 0xE7, 
        0x62, 0xA3, 0xE7, 0x62, 0xA3, 0xE7, 0x62, 0xA3, 0xE7, 0x62, 0xA3, 0xE7, 0x62, 0xA3, 0xE7, 0x62, 0xA3, 0xE7, 0x62, 0xA3, 0xE7, 0x62, 0xA3, 0xE7, 0x62, 0xA3, 0xE7, 0x62, 0xA3, 0xE7, 0x62, 0xA3, 0xE7, 0x62, 0xA3, 0xE7, 0x62, 0xA3, 0xE7, 
        0x62, 0xA3, 0xE7, 0x62, 0xA3, 0xE7, 0x62, 0xA3, 0xE7, 0x62, 0xA3, 0xE7, 0x62, 0xA3, 0xE7, 0x62, 0xA3, 0xE7, 0x62, 0xA3, 0xE7, 0x62, 0xA3, 0xE7, 0x62, 0xA3, 0xE7, 0x62, 0xA3, 0xE7, 0x62, 0xA3, 0xE7, 0x62, 0xA3, 0xE7, 0x62, 0xA3, 0xE7, 
        0x62, 0xA3, 0xE7, 0x62, 0xA3, 0xE7, 0x62, 0xA3, 0xE7, 0x62, 0xA3, 0xE7, 0x62, 0xA3, 0xE7, 0x62, 0xA3, 0xE7, 0x62, 0xA3, 0xE7, 0x62, 0xA3, 0xE7, 0x62, 0xA3, 0xE7, 0x62, 0xA3, 0xE7, 0x62, 0xA3, 0xE7, 0x62, 0xA3, 0xE7, 0x62, 0xA3, 0xE7, 
        0x62, 0xA3, 0xE7, 0x62, 0xA3, 0xE7, 0x62, 0xA3, 0xE7, 0x62, 0xA3, 0xE7, 0x62, 0xA3, 0xE7,
  0x62, 0xA3, 0xE7, 0x62, 0xA3, 0xE7, 0x62, 0xA3, 0xE7, 0x62, 0xA3, 0xE7, 0x62, 0xA3, 0xE7, 0x62, 0xA3, 0xE7, 0x62, 0xA3, 0xE7, 0x62, 0xA3, 0xE7, 0x62, 0xA3, 0xE7, 0x62, 0xA3, 0xE7, 0x62, 0xA3, 0xE7, 0x62, 0xA3, 0xE7, 0x62, 0xA3, 0xE7, 0x62, 0xA3, 0xE7, 
        0x62, 0xA3, 0xE7, 0x62, 0xA3, 0xE7, 0x62, 0xA3, 0xE7, 0x62, 0xA3, 0xE7, 0x62, 0xA3, 0xE7, 0x62, 0xA3, 0xE7, 0x62, 0xA3, 0xE7, 0x62, 0xA3, 0xE7, 0x62, 0xA3, 0xE7, 0x62, 0xA3, 0xE7, 0x62, 0xA3, 0xE7, 0x62, 0xA3, 0xE7, 0x62, 0xA3, 0xE7, 
        0x62, 0xA3, 0xE7, 0x62, 0xA3, 0xE7, 0x62, 0xA3, 0xE7, 0x62, 0xA3, 0xE7, 0x62, 0xA3, 0xE7, 0x62, 0xA3, 0xE7, 0x62, 0xA3, 0xE7, 0x62, 0xA3, 0xE7, 0x62, 0xA3, 0xE7, 0x62, 0xA3, 0xE7, 0x62, 0xA3, 0xE7, 0x62, 0xA3, 0xE7, 0x62, 0xA3, 0xE7, 
        0x62, 0xA3, 0xE7, 0x62, 0xA3, 0xE7, 0x62, 0xA3, 0xE7, 0x62, 0xA3, 0xE7, 0x62, 0xA3, 0xE7, 0x62, 0xA3, 0xE7, 0x62, 0xA3, 0xE7, 0x62, 0xA3, 0xE7, 0x62, 0xA3, 0xE7, 0x62, 0xA3, 0xE7, 0x62, 0xA3, 0xE7, 0x62, 0xA3, 0xE7, 0x62, 0xA3, 0xE7, 
        0x62, 0xA3, 0xE7, 0x62, 0xA3, 0xE7, 0x62, 0xA3, 0xE7, 0x62, 0xA3, 0xE7, 0x62, 0xA3, 0xE7, 0x62, 0xA3, 0xE7, 0x62, 0xA3, 0xE7, 0x62, 0xA3, 0xE7, 0x62, 0xA3, 0xE7, 0x62, 0xA3, 0xE7, 0x62, 0xA3, 0xE7, 0x62, 0xA3, 0xE7, 0x62, 0xA3, 0xE7, 
        0x62, 0xA3, 0xE7, 0x62, 0xA3, 0xE7, 0x62, 0xA3, 0xE7, 0x62, 0xA3, 0xE7, 0x62, 0xA3, 0xE7, 0x62, 0xA3, 0xE7, 0x62, 0xA3, 0xE7, 0x62, 0xA3, 0xE7, 0x62, 0xA3, 0xE7, 0x62, 0xA3, 0xE7, 0x62, 0xA3, 0xE7, 0x62, 0xA3, 0xE7, 0x62, 0xA3, 0xE7, 
        0x62, 0xA3, 0xE7, 0x62, 0xA3, 0xE7, 0x62, 0xA3, 0xE7, 0x62, 0xA3, 0xE7, 0x62, 0xA3, 0xE7, 0x62, 0xA3, 0xE7, 0x62, 0xA3, 0xE7, 0x62, 0xA3, 0xE7, 0x62, 0xA3, 0xE7, 0x62, 0xA3, 0xE7, 0x62, 0xA3, 0xE7, 0x62, 0xA3, 0xE7, 0x62, 0xA3, 0xE7, 
        0x62, 0xA3, 0xE7, 0x62, 0xA3, 0xE7, 0x62, 0xA3, 0xE7, 0x62, 0xA3, 0xE7, 0x62, 0xA3, 0xE7, 0x62, 0xA3, 0xE7, 0x62, 0xA3, 0xE7, 0x62, 0xA3, 0xE7, 0x62, 0xA3, 0xE7, 0x62, 0xA3, 0xE7, 0x62, 0xA3, 0xE7, 0x62, 0xA3, 0xE7, 0x62, 0xA3, 0xE7, 
        0x62, 0xA3, 0xE7, 0x62, 0xA3, 0xE7, 0x62, 0xA3, 0xE7, 0x62, 0xA3, 0xE7, 0x62, 0xA3, 0xE7, 0x62, 0xA3, 0xE7, 0x62, 0xA3, 0xE7, 0x62, 0xA3, 0xE7, 0x62, 0xA3, 0xE7, 0x62, 0xA3, 0xE7, 0x62, 0xA3, 0xE7, 0x62, 0xA3, 0xE7, 0x62, 0xA3, 0xE7, 
        0x62, 0xA3, 0xE7, 0x62, 0xA3, 0xE7, 0x62, 0xA3, 0xE7, 0x62, 0xA3, 0xE7, 0x62, 0xA3, 0xE7, 0x62, 0xA3, 0xE7, 0x62, 0xA3, 0xE7, 0x62, 0xA3, 0xE7, 0x62, 0xA3, 0xE7, 0x62, 0xA3, 0xE7, 0x62, 0xA3, 0xE7, 0x62, 0xA3, 0xE7, 0x62, 0xA3, 0xE7, 
        0x62, 0xA3, 0xE7, 0x62, 0xA3, 0xE7, 0x62, 0xA3, 0xE7, 0x62, 0xA3, 0xE7, 0x62, 0xA3, 0xE7, 0x62, 0xA3, 0xE7, 0x62, 0xA3, 0xE7, 0x62, 0xA3, 0xE7, 0x62, 0xA3, 0xE7, 0x62, 0xA3, 0xE7, 0x62, 0xA3, 0xE7, 0x62, 0xA3, 0xE7, 0x62, 0xA3, 0xE7, 
        0x62, 0xA3, 0xE7, 0x62, 0xA3, 0xE7, 0x62, 0xA3, 0xE7, 0x62, 0xA3, 0xE7, 0x62, 0xA3, 0xE7, 0x62, 0xA3, 0xE7, 0x62, 0xA3, 0xE7, 0x62, 0xA3, 0xE7, 0x62, 0xA3, 0xE7, 0x62, 0xA3, 0xE7, 0x62, 0xA3, 0xE7, 0x62, 0xA3, 0xE7, 0x62, 0xA3, 0xE7, 
        0x62, 0xA3, 0xE7, 0x62, 0xA3, 0xE7, 0x62, 0xA3, 0xE7, 0x62, 0xA3, 0xE7, 0x62, 0xA3, 0xE7,
  0x62, 0xA3, 0xE7, 0x62, 0xA3, 0xE7, 0x62, 0xA3, 0xE7, 0x62, 0xA3, 0xE7, 0x62, 0xA3, 0xE7, 0x62, 0xA3, 0xE7, 0x62, 0xA3, 0xE7, 0x62, 0xA3, 0xE7, 0x62, 0xA3, 0xE7, 0x62, 0xA3, 0xE7, 0x62, 0xA3, 0xE7, 0x62, 0xA3, 0xE7, 0x62, 0xA3, 0xE7, 0x62, 0xA3, 0xE7, 
        0x62, 0xA3, 0xE7, 0x62, 0xA3, 0xE7, 0x62, 0xA3, 0xE7, 0x62, 0xA3, 0xE7, 0x62, 0xA3, 0xE7, 0x62, 0xA3, 0xE7, 0x62, 0xA3, 0xE7, 0x62, 0xA3, 0xE7, 0x62, 0xA3, 0xE7, 0x62, 0xA3, 0xE7, 0x62, 0xA3, 0xE7, 0x62, 0xA3, 0xE7, 0x62, 0xA3, 0xE7, 
        0x62, 0xA3, 0xE7, 0x62, 0xA3, 0xE7, 0x62, 0xA3, 0xE7, 0x62, 0xA3, 0xE7, 0x62, 0xA3, 0xE7, 0x62, 0xA3, 0xE7, 0x62, 0xA3, 0xE7, 0x62, 0xA3, 0xE7, 0x62, 0xA3, 0xE7, 0x62, 0xA3, 0xE7, 0x62, 0xA3, 0xE7, 0x62, 0xA3, 0xE7, 0x62, 0xA3, 0xE7, 
        0x62, 0xA3, 0xE7, 0x62, 0xA3, 0xE7, 0x62, 0xA3, 0xE7, 0x62, 0xA3, 0xE7, 0x62, 0xA3, 0xE7, 0x62, 0xA3, 0xE7, 0x62, 0xA3, 0xE7, 0x62, 0xA3, 0xE7, 0x62, 0xA3, 0xE7, 0x62, 0xA3, 0xE7, 0x62, 0xA3, 0xE7, 0x62, 0xA3, 0xE7, 0x62, 0xA3, 0xE7, 
        0x62, 0xA3, 0xE7, 0x62, 0xA3, 0xE7, 0x62, 0xA3, 0xE7, 0x62, 0xA3, 0xE7, 0x62, 0xA3, 0xE7, 0x62, 0xA3, 0xE7, 0x62, 0xA3, 0xE7, 0x62, 0xA3, 0xE7, 0x62, 0xA3, 0xE7, 0x62, 0xA3, 0xE7, 0x62, 0xA3, 0xE7, 0x62, 0xA3, 0xE7, 0x62, 0xA3, 0xE7, 
        0x62, 0xA3, 0xE7, 0x62, 0xA3, 0xE7, 0x62, 0xA3, 0xE7, 0x62, 0xA3, 0xE7, 0x62, 0xA3, 0xE7, 0x62, 0xA3, 0xE7, 0x62, 0xA3, 0xE7, 0x62, 0xA3, 0xE7, 0x62, 0xA3, 0xE7, 0x62, 0xA3, 0xE7, 0x62, 0xA3, 0xE7, 0x62, 0xA3, 0xE7, 0x62, 0xA3, 0xE7, 
        0x62, 0xA3, 0xE7, 0x62, 0xA3, 0xE7, 0x62, 0xA3, 0xE7, 0x62, 0xA3, 0xE7, 0x62, 0xA3, 0xE7, 0x62, 0xA3, 0xE7, 0x62, 0xA3, 0xE7, 0x62, 0xA3, 0xE7, 0x62, 0xA3, 0xE7, 0x62, 0xA3, 0xE7, 0x62, 0xA3, 0xE7, 0x62, 0xA3, 0xE7, 0x62, 0xA3, 0xE7, 
        0x62, 0xA3, 0xE7, 0x62, 0xA3, 0xE7, 0x62, 0xA3, 0xE7, 0x62, 0xA3, 0xE7, 0x62, 0xA3, 0xE7, 0x62, 0xA3, 0xE7, 0x62, 0xA3, 0xE7, 0x62, 0xA3, 0xE7, 0x62, 0xA3, 0xE7, 0x62, 0xA3, 0xE7, 0x62, 0xA3, 0xE7, 0x62, 0xA3, 0xE7, 0x62, 0xA3, 0xE7, 
        0x62, 0xA3, 0xE7, 0x62, 0xA3, 0xE7, 0x62, 0xA3, 0xE7, 0x62, 0xA3, 0xE7, 0x62, 0xA3, 0xE7, 0x62, 0xA3, 0xE7, 0x62, 0xA3, 0xE7, 0x62, 0xA3, 0xE7, 0x62, 0xA3, 0xE7, 0x62, 0xA3, 0xE7, 0x62, 0xA3, 0xE7, 0x62, 0xA3, 0xE7, 0x62, 0xA3, 0xE7, 
        0x62, 0xA3, 0xE7, 0x62, 0xA3, 0xE7, 0x62, 0xA3, 0xE7, 0x62, 0xA3, 0xE7, 0x62, 0xA3, 0xE7, 0x62, 0xA3, 0xE7, 0x62, 0xA3, 0xE7, 0x62, 0xA3, 0xE7, 0x62, 0xA3, 0xE7, 0x62, 0xA3, 0xE7, 0x62, 0xA3, 0xE7, 0x62, 0xA3, 0xE7, 0x62, 0xA3, 0xE7, 
        0x62, 0xA3, 0xE7, 0x62, 0xA3, 0xE7, 0x62, 0xA3, 0xE7, 0x62, 0xA3, 0xE7, 0x62, 0xA3, 0xE7, 0x62, 0xA3, 0xE7, 0x62, 0xA3, 0xE7, 0x62, 0xA3, 0xE7, 0x62, 0xA3, 0xE7, 0x62, 0xA3, 0xE7, 0x62, 0xA3, 0xE7, 0x62, 0xA3, 0xE7, 0x62, 0xA3, 0xE7, 
        0x62, 0xA3, 0xE7, 0x62, 0xA3, 0xE7, 0x62, 0xA3, 0xE7, 0x62, 0xA3, 0xE7, 0x62, 0xA3, 0xE7, 0x62, 0xA3, 0xE7, 0x62, 0xA3, 0xE7, 0x62, 0xA3, 0xE7, 0x62, 0xA3, 0xE7, 0x62, 0xA3, 0xE7, 0x62, 0xA3, 0xE7, 0x62, 0xA3, 0xE7, 0x62, 0xA3, 0xE7, 
        0x62, 0xA3, 0xE7, 0x62, 0xA3, 0xE7, 0x62, 0xA3, 0xE7, 0x62, 0xA3, 0xE7, 0x62, 0xA3, 0xE7,
  0x62, 0xA3, 0xE7, 0x62, 0xA3, 0xE7, 0x62, 0xA3, 0xE7, 0x62, 0xA3, 0xE7, 0x62, 0xA3, 0xE7, 0x62, 0xA3, 0xE7, 0x62, 0xA3, 0xE7, 0x62, 0xA3, 0xE7, 0x62, 0xA3, 0xE7, 0x62, 0xA3, 0xE7, 0x62, 0xA3, 0xE7, 0x62, 0xA3, 0xE7, 0x62, 0xA3, 0xE7, 0x62, 0xA3, 0xE7, 
        0x62, 0xA3, 0xE7, 0x62, 0xA3, 0xE7, 0x62, 0xA3, 0xE7, 0x62, 0xA3, 0xE7, 0x62, 0xA3, 0xE7, 0x62, 0xA3, 0xE7, 0x62, 0xA3, 0xE7, 0x62, 0xA3, 0xE7, 0x62, 0xA3, 0xE7, 0x62, 0xA3, 0xE7, 0x62, 0xA3, 0xE7, 0x62, 0xA3, 0xE7, 0x62, 0xA3, 0xE7, 
        0x62, 0xA3, 0xE7, 0x62, 0xA3, 0xE7, 0x62, 0xA3, 0xE7, 0x62, 0xA3, 0xE7, 0x62, 0xA3, 0xE7, 0x62, 0xA3, 0xE7, 0x62, 0xA3, 0xE7, 0x62, 0xA3, 0xE7, 0x62, 0xA3, 0xE7, 0x62, 0xA3, 0xE7, 0x62, 0xA3, 0xE7, 0x62, 0xA3, 0xE7, 0x62, 0xA3, 0xE7, 
        0x62, 0xA3, 0xE7, 0x62, 0xA3, 0xE7, 0x62, 0xA3, 0xE7, 0x62, 0xA3, 0xE7, 0x62, 0xA3, 0xE7, 0x62, 0xA3, 0xE7, 0x62, 0xA3, 0xE7, 0x62, 0xA3, 0xE7, 0x62, 0xA3, 0xE7, 0x62, 0xA3, 0xE7, 0x62, 0xA3, 0xE7, 0x62, 0xA3, 0xE7, 0x62, 0xA3, 0xE7, 
        0x62, 0xA3, 0xE7, 0x62, 0xA3, 0xE7, 0x62, 0xA3, 0xE7, 0x62, 0xA3, 0xE7, 0x62, 0xA3, 0xE7, 0x62, 0xA3, 0xE7, 0x62, 0xA3, 0xE7, 0x62, 0xA3, 0xE7, 0x62, 0xA3, 0xE7, 0x62, 0xA3, 0xE7, 0x62, 0xA3, 0xE7, 0x62, 0xA3, 0xE7, 0x62, 0xA3, 0xE7, 
        0x62, 0xA3, 0xE7, 0x62, 0xA3, 0xE7, 0x62, 0xA3, 0xE7, 0x62, 0xA3, 0xE7, 0x62, 0xA3, 0xE7, 0x62, 0xA3, 0xE7, 0x62, 0xA3, 0xE7, 0x62, 0xA3, 0xE7, 0x62, 0xA3, 0xE7, 0x62, 0xA3, 0xE7, 0x62, 0xA3, 0xE7, 0x62, 0xA3, 0xE7, 0x62, 0xA3, 0xE7, 
        0x62, 0xA3, 0xE7, 0x62, 0xA3, 0xE7, 0x62, 0xA3, 0xE7, 0x62, 0xA3, 0xE7, 0x62, 0xA3, 0xE7, 0x62, 0xA3, 0xE7, 0x62, 0xA3, 0xE7, 0x62, 0xA3, 0xE7, 0x62, 0xA3, 0xE7, 0x62, 0xA3, 0xE7, 0x62, 0xA3, 0xE7, 0x62, 0xA3, 0xE7, 0x62, 0xA3, 0xE7, 
        0x62, 0xA3, 0xE7, 0x62, 0xA3, 0xE7, 0x62, 0xA3, 0xE7, 0x62, 0xA3, 0xE7, 0x62, 0xA3, 0xE7, 0x62, 0xA3, 0xE7, 0x62, 0xA3, 0xE7, 0x62, 0xA3, 0xE7, 0x62, 0xA3, 0xE7, 0x62, 0xA3, 0xE7, 0x62, 0xA3, 0xE7, 0x62, 0xA3, 0xE7, 0x62, 0xA3, 0xE7, 
        0x62, 0xA3, 0xE7, 0x62, 0xA3, 0xE7, 0x62, 0xA3, 0xE7, 0x62, 0xA3, 0xE7, 0x62, 0xA3, 0xE7, 0x62, 0xA3, 0xE7, 0x62, 0xA3, 0xE7, 0x62, 0xA3, 0xE7, 0x62, 0xA3, 0xE7, 0x62, 0xA3, 0xE7, 0x62, 0xA3, 0xE7, 0x62, 0xA3, 0xE7, 0x62, 0xA3, 0xE7, 
        0x62, 0xA3, 0xE7, 0x62, 0xA3, 0xE7, 0x62, 0xA3, 0xE7, 0x62, 0xA3, 0xE7, 0x62, 0xA3, 0xE7, 0x62, 0xA3, 0xE7, 0x62, 0xA3, 0xE7, 0x62, 0xA3, 0xE7, 0x62, 0xA3, 0xE7, 0x62, 0xA3, 0xE7, 0x62, 0xA3, 0xE7, 0x62, 0xA3, 0xE7, 0x62, 0xA3, 0xE7, 
        0x62, 0xA3, 0xE7, 0x62, 0xA3, 0xE7, 0x62, 0xA3, 0xE7, 0x62, 0xA3, 0xE7, 0x62, 0xA3, 0xE7, 0x62, 0xA3, 0xE7, 0x62, 0xA3, 0xE7, 0x62, 0xA3, 0xE7, 0x62, 0xA3, 0xE7, 0x62, 0xA3, 0xE7, 0x62, 0xA3, 0xE7, 0x62, 0xA3, 0xE7, 0x62, 0xA3, 0xE7, 
        0x62, 0xA3, 0xE7, 0x62, 0xA3, 0xE7, 0x62, 0xA3, 0xE7, 0x62, 0xA3, 0xE7, 0x62, 0xA3, 0xE7, 0x62, 0xA3, 0xE7, 0x62, 0xA3, 0xE7, 0x62, 0xA3, 0xE7, 0x62, 0xA3, 0xE7, 0x62, 0xA3, 0xE7, 0x62, 0xA3, 0xE7, 0x62, 0xA3, 0xE7, 0x62, 0xA3, 0xE7, 
        0x62, 0xA3, 0xE7, 0x62, 0xA3, 0xE7, 0x62, 0xA3, 0xE7, 0x62, 0xA3, 0xE7, 0x62, 0xA3, 0xE7,
  0x62, 0xA3, 0xE7, 0x62, 0xA3, 0xE7, 0x62, 0xA3, 0xE7, 0x62, 0xA3, 0xE7, 0x62, 0xA3, 0xE7, 0x62, 0xA3, 0xE7, 0x62, 0xA3, 0xE7, 0x62, 0xA3, 0xE7, 0x62, 0xA3, 0xE7, 0x62, 0xA3, 0xE7, 0x62, 0xA3, 0xE7, 0x62, 0xA3, 0xE7, 0x62, 0xA3, 0xE7, 0x62, 0xA3, 0xE7, 
        0x62, 0xA3, 0xE7, 0x62, 0xA3, 0xE7, 0x62, 0xA3, 0xE7, 0x62, 0xA3, 0xE7, 0x62, 0xA3, 0xE7, 0x62, 0xA3, 0xE7, 0x62, 0xA3, 0xE7, 0x62, 0xA3, 0xE7, 0x62, 0xA3, 0xE7, 0x62, 0xA3, 0xE7, 0x62, 0xA3, 0xE7, 0x62, 0xA3, 0xE7, 0x62, 0xA3, 0xE7, 
        0x62, 0xA3, 0xE7, 0x62, 0xA3, 0xE7, 0x62, 0xA3, 0xE7, 0x62, 0xA3, 0xE7, 0x62, 0xA3, 0xE7, 0x62, 0xA3, 0xE7, 0x62, 0xA3, 0xE7, 0x62, 0xA3, 0xE7, 0x62, 0xA3, 0xE7, 0x62, 0xA3, 0xE7, 0x62, 0xA3, 0xE7, 0x62, 0xA3, 0xE7, 0x62, 0xA3, 0xE7, 
        0x62, 0xA3, 0xE7, 0x62, 0xA3, 0xE7, 0x62, 0xA3, 0xE7, 0x62, 0xA3, 0xE7, 0x62, 0xA3, 0xE7, 0x62, 0xA3, 0xE7, 0x62, 0xA3, 0xE7, 0x62, 0xA3, 0xE7, 0x62, 0xA3, 0xE7, 0x62, 0xA3, 0xE7, 0x62, 0xA3, 0xE7, 0x62, 0xA3, 0xE7, 0x62, 0xA3, 0xE7, 
        0x62, 0xA3, 0xE7, 0x62, 0xA3, 0xE7, 0x62, 0xA3, 0xE7, 0x62, 0xA3, 0xE7, 0x62, 0xA3, 0xE7, 0x62, 0xA3, 0xE7, 0x62, 0xA3, 0xE7, 0x62, 0xA3, 0xE7, 0x62, 0xA3, 0xE7, 0x62, 0xA3, 0xE7, 0x62, 0xA3, 0xE7, 0x62, 0xA3, 0xE7, 0x62, 0xA3, 0xE7, 
        0x62, 0xA3, 0xE7, 0x62, 0xA3, 0xE7, 0x62, 0xA3, 0xE7, 0x62, 0xA3, 0xE7, 0x62, 0xA3, 0xE7, 0x62, 0xA3, 0xE7, 0x62, 0xA3, 0xE7, 0x62, 0xA3, 0xE7, 0x62, 0xA3, 0xE7, 0x62, 0xA3, 0xE7, 0x62, 0xA3, 0xE7, 0x62, 0xA3, 0xE7, 0x62, 0xA3, 0xE7, 
        0x62, 0xA3, 0xE7, 0x62, 0xA3, 0xE7, 0x62, 0xA3, 0xE7, 0x62, 0xA3, 0xE7, 0x62, 0xA3, 0xE7, 0x62, 0xA3, 0xE7, 0x62, 0xA3, 0xE7, 0x62, 0xA3, 0xE7, 0x62, 0xA3, 0xE7, 0x62, 0xA3, 0xE7, 0x62, 0xA3, 0xE7, 0x62, 0xA3, 0xE7, 0x62, 0xA3, 0xE7, 
        0x62, 0xA3, 0xE7, 0x62, 0xA3, 0xE7, 0x62, 0xA3, 0xE7, 0x62, 0xA3, 0xE7, 0x62, 0xA3, 0xE7, 0x62, 0xA3, 0xE7, 0x62, 0xA3, 0xE7, 0x62, 0xA3, 0xE7, 0x62, 0xA3, 0xE7, 0x62, 0xA3, 0xE7, 0x62, 0xA3, 0xE7, 0x62, 0xA3, 0xE7, 0x62, 0xA3, 0xE7, 
        0x62, 0xA3, 0xE7, 0x62, 0xA3, 0xE7, 0x62, 0xA3, 0xE7, 0x62, 0xA3, 0xE7, 0x62, 0xA3, 0xE7, 0x62, 0xA3, 0xE7, 0x62, 0xA3, 0xE7, 0x62, 0xA3, 0xE7, 0x62, 0xA3, 0xE7, 0x62, 0xA3, 0xE7, 0x62, 0xA3, 0xE7, 0x62, 0xA3, 0xE7, 0x62, 0xA3, 0xE7, 
        0x62, 0xA3, 0xE7, 0x62, 0xA3, 0xE7, 0x62, 0xA3, 0xE7, 0x62, 0xA3, 0xE7, 0x62, 0xA3, 0xE7, 0x62, 0xA3, 0xE7, 0x62, 0xA3, 0xE7, 0x62, 0xA3, 0xE7, 0x62, 0xA3, 0xE7, 0x62, 0xA3, 0xE7, 0x62, 0xA3, 0xE7, 0x62, 0xA3, 0xE7, 0x62, 0xA3, 0xE7, 
        0x62, 0xA3, 0xE7, 0x62, 0xA3, 0xE7, 0x62, 0xA3, 0xE7, 0x62, 0xA3, 0xE7, 0x62, 0xA3, 0xE7, 0x62, 0xA3, 0xE7, 0x62, 0xA3, 0xE7, 0x62, 0xA3, 0xE7, 0x62, 0xA3, 0xE7, 0x62, 0xA3, 0xE7, 0x62, 0xA3, 0xE7, 0x62, 0xA3, 0xE7, 0x62, 0xA3, 0xE7, 
        0x62, 0xA3, 0xE7, 0x62, 0xA3, 0xE7, 0x62, 0xA3, 0xE7, 0x62, 0xA3, 0xE7, 0x62, 0xA3, 0xE7, 0x62, 0xA3, 0xE7, 0x62, 0xA3, 0xE7, 0x62, 0xA3, 0xE7, 0x62, 0xA3, 0xE7, 0x62, 0xA3, 0xE7, 0x62, 0xA3, 0xE7, 0x62, 0xA3, 0xE7, 0x62, 0xA3, 0xE7, 
        0x62, 0xA3, 0xE7, 0x62, 0xA3, 0xE7, 0x62, 0xA3, 0xE7, 0x62, 0xA3, 0xE7, 0x62, 0xA3, 0xE7,
  0x62, 0xA3, 0xE7, 0x62, 0xA3, 0xE7, 0x62, 0xA3, 0xE7, 0x62, 0xA3, 0xE7, 0x62, 0xA3, 0xE7, 0x62, 0xA3, 0xE7, 0x62, 0xA3, 0xE7, 0x62, 0xA3, 0xE7, 0x62, 0xA3, 0xE7, 0x62, 0xA3, 0xE7, 0x62, 0xA3, 0xE7, 0x62, 0xA3, 0xE7, 0x62, 0xA3, 0xE7, 0x62, 0xA3, 0xE7, 
        0x62, 0xA3, 0xE7, 0x62, 0xA3, 0xE7, 0x62, 0xA3, 0xE7, 0x62, 0xA3, 0xE7, 0x62, 0xA3, 0xE7, 0x62, 0xA3, 0xE7, 0x62, 0xA3, 0xE7, 0x62, 0xA3, 0xE7, 0x62, 0xA3, 0xE7, 0x62, 0xA3, 0xE7, 0x62, 0xA3, 0xE7, 0x62, 0xA3, 0xE7, 0x62, 0xA3, 0xE7, 
        0x62, 0xA3, 0xE7, 0x62, 0xA3, 0xE7, 0x62, 0xA3, 0xE7, 0x62, 0xA3, 0xE7, 0x62, 0xA3, 0xE7, 0x62, 0xA3, 0xE7, 0x62, 0xA3, 0xE7, 0x62, 0xA3, 0xE7, 0x62, 0xA3, 0xE7, 0x62, 0xA3, 0xE7, 0x62, 0xA3, 0xE7, 0x62, 0xA3, 0xE7, 0x62, 0xA3, 0xE7, 
        0x62, 0xA3, 0xE7, 0x62, 0xA3, 0xE7, 0x62, 0xA3, 0xE7, 0x62, 0xA3, 0xE7, 0x62, 0xA3, 0xE7, 0x62, 0xA3, 0xE7, 0x62, 0xA3, 0xE7, 0x62, 0xA3, 0xE7, 0x62, 0xA3, 0xE7, 0x62, 0xA3, 0xE7, 0x62, 0xA3, 0xE7, 0x62, 0xA3, 0xE7, 0x62, 0xA3, 0xE7, 
        0x62, 0xA3, 0xE7, 0x62, 0xA3, 0xE7, 0x62, 0xA3, 0xE7, 0x62, 0xA3, 0xE7, 0x62, 0xA3, 0xE7, 0x62, 0xA3, 0xE7, 0x62, 0xA3, 0xE7, 0x62, 0xA3, 0xE7, 0x62, 0xA3, 0xE7, 0x62, 0xA3, 0xE7, 0x62, 0xA3, 0xE7, 0x62, 0xA3, 0xE7, 0x62, 0xA3, 0xE7, 
        0x62, 0xA3, 0xE7, 0x62, 0xA3, 0xE7, 0x62, 0xA3, 0xE7, 0x62, 0xA3, 0xE7, 0x62, 0xA3, 0xE7, 0x62, 0xA3, 0xE7, 0x62, 0xA3, 0xE7, 0x62, 0xA3, 0xE7, 0x62, 0xA3, 0xE7, 0x62, 0xA3, 0xE7, 0x62, 0xA3, 0xE7, 0x62, 0xA3, 0xE7, 0x62, 0xA3, 0xE7, 
        0x62, 0xA3, 0xE7, 0x62, 0xA3, 0xE7, 0x62, 0xA3, 0xE7, 0x62, 0xA3, 0xE7, 0x62, 0xA3, 0xE7, 0x62, 0xA3, 0xE7, 0x62, 0xA3, 0xE7, 0x62, 0xA3, 0xE7, 0x62, 0xA3, 0xE7, 0x62, 0xA3, 0xE7, 0x62, 0xA3, 0xE7, 0x62, 0xA3, 0xE7, 0x62, 0xA3, 0xE7, 
        0x62, 0xA3, 0xE7, 0x62, 0xA3, 0xE7, 0x62, 0xA3, 0xE7, 0x62, 0xA3, 0xE7, 0x62, 0xA3, 0xE7, 0x62, 0xA3, 0xE7, 0x62, 0xA3, 0xE7, 0x62, 0xA3, 0xE7, 0x62, 0xA3, 0xE7, 0x62, 0xA3, 0xE7, 0x62, 0xA3, 0xE7, 0x62, 0xA3, 0xE7, 0x62, 0xA3, 0xE7, 
        0x62, 0xA3, 0xE7, 0x62, 0xA3, 0xE7, 0x62, 0xA3, 0xE7, 0x62, 0xA3, 0xE7, 0x62, 0xA3, 0xE7, 0x62, 0xA3, 0xE7, 0x62, 0xA3, 0xE7, 0x62, 0xA3, 0xE7, 0x62, 0xA3, 0xE7, 0x62, 0xA3, 0xE7, 0x62, 0xA3, 0xE7, 0x62, 0xA3, 0xE7, 0x62, 0xA3, 0xE7, 
        0x62, 0xA3, 0xE7, 0x62, 0xA3, 0xE7, 0x62, 0xA3, 0xE7, 0x62, 0xA3, 0xE7, 0x62, 0xA3, 0xE7, 0x62, 0xA3, 0xE7, 0x62, 0xA3, 0xE7, 0x62, 0xA3, 0xE7, 0x62, 0xA3, 0xE7, 0x62, 0xA3, 0xE7, 0x62, 0xA3, 0xE7, 0x62, 0xA3, 0xE7, 0x62, 0xA3, 0xE7, 
        0x62, 0xA3, 0xE7, 0x62, 0xA3, 0xE7, 0x62, 0xA3, 0xE7, 0x62, 0xA3, 0xE7, 0x62, 0xA3, 0xE7, 0x62, 0xA3, 0xE7, 0x62, 0xA3, 0xE7, 0x62, 0xA3, 0xE7, 0x62, 0xA3, 0xE7, 0x62, 0xA3, 0xE7, 0x62, 0xA3, 0xE7, 0x62, 0xA3, 0xE7, 0x62, 0xA3, 0xE7, 
        0x62, 0xA3, 0xE7, 0x62, 0xA3, 0xE7, 0x62, 0xA3, 0xE7, 0x62, 0xA3, 0xE7, 0x62, 0xA3, 0xE7, 0x62, 0xA3, 0xE7, 0x62, 0xA3, 0xE7, 0x62, 0xA3, 0xE7, 0x62, 0xA3, 0xE7, 0x62, 0xA3, 0xE7, 0x62, 0xA3, 0xE7, 0x62, 0xA3, 0xE7, 0x62, 0xA3, 0xE7, 
        0x62, 0xA3, 0xE7, 0x62, 0xA3, 0xE7, 0x62, 0xA3, 0xE7, 0x62, 0xA3, 0xE7, 0x62, 0xA3, 0xE7,
  0x62, 0xA3, 0xE7, 0x62, 0xA3, 0xE7, 0x62, 0xA3, 0xE7, 0x62, 0xA3, 0xE7, 0x62, 0xA3, 0xE7, 0x62, 0xA3, 0xE7, 0x62, 0xA3, 0xE7, 0x62, 0xA3, 0xE7, 0x62, 0xA3, 0xE7, 0x62, 0xA3, 0xE7, 0x62, 0xA3, 0xE7, 0x62, 0xA3, 0xE7, 0x62, 0xA3, 0xE7, 0x62, 0xA3, 0xE7, 
        0x62, 0xA3, 0xE7, 0x62, 0xA3, 0xE7, 0x62, 0xA3, 0xE7, 0x62, 0xA3, 0xE7, 0x62, 0xA3, 0xE7, 0x62, 0xA3, 0xE7, 0x62, 0xA3, 0xE7, 0x62, 0xA3, 0xE7, 0x62, 0xA3, 0xE7, 0x62, 0xA3, 0xE7, 0x62, 0xA3, 0xE7, 0x62, 0xA3, 0xE7, 0x62, 0xA3, 0xE7, 
        0x62, 0xA3, 0xE7, 0x62, 0xA3, 0xE7, 0x62, 0xA3, 0xE7, 0x62, 0xA3, 0xE7, 0x62, 0xA3, 0xE7, 0x62, 0xA3, 0xE7, 0x62, 0xA3, 0xE7, 0x62, 0xA3, 0xE7, 0x62, 0xA3, 0xE7, 0x62, 0xA3, 0xE7, 0x62, 0xA3, 0xE7, 0x62, 0xA3, 0xE7, 0x62, 0xA3, 0xE7, 
        0x62, 0xA3, 0xE7, 0x62, 0xA3, 0xE7, 0x62, 0xA3, 0xE7, 0x62, 0xA3, 0xE7, 0x62, 0xA3, 0xE7, 0x62, 0xA3, 0xE7, 0x62, 0xA3, 0xE7, 0x62, 0xA3, 0xE7, 0x62, 0xA3, 0xE7, 0x62, 0xA3, 0xE7, 0x62, 0xA3, 0xE7, 0x62, 0xA3, 0xE7, 0x62, 0xA3, 0xE7, 
        0x62, 0xA3, 0xE7, 0x62, 0xA3, 0xE7, 0x62, 0xA3, 0xE7, 0x62, 0xA3, 0xE7, 0x62, 0xA3, 0xE7, 0x62, 0xA3, 0xE7, 0x62, 0xA3, 0xE7, 0x62, 0xA3, 0xE7, 0x62, 0xA3, 0xE7, 0x62, 0xA3, 0xE7, 0x62, 0xA3, 0xE7, 0x62, 0xA3, 0xE7, 0x62, 0xA3, 0xE7, 
        0x62, 0xA3, 0xE7, 0x62, 0xA3, 0xE7, 0x62, 0xA3, 0xE7, 0x62, 0xA3, 0xE7, 0x62, 0xA3, 0xE7, 0x62, 0xA3, 0xE7, 0x62, 0xA3, 0xE7, 0x62, 0xA3, 0xE7, 0x62, 0xA3, 0xE7, 0x62, 0xA3, 0xE7, 0x62, 0xA3, 0xE7, 0x62, 0xA3, 0xE7, 0x62, 0xA3, 0xE7, 
        0x62, 0xA3, 0xE7, 0x62, 0xA3, 0xE7, 0x62, 0xA3, 0xE7, 0x62, 0xA3, 0xE7, 0x62, 0xA3, 0xE7, 0x62, 0xA3, 0xE7, 0x62, 0xA3, 0xE7, 0x62, 0xA3, 0xE7, 0x62, 0xA3, 0xE7, 0x62, 0xA3, 0xE7, 0x62, 0xA3, 0xE7, 0x62, 0xA3, 0xE7, 0x62, 0xA3, 0xE7, 
        0x62, 0xA3, 0xE7, 0x62, 0xA3, 0xE7, 0x62, 0xA3, 0xE7, 0x62, 0xA3, 0xE7, 0x62, 0xA3, 0xE7, 0x62, 0xA3, 0xE7, 0x62, 0xA3, 0xE7, 0x62, 0xA3, 0xE7, 0x62, 0xA3, 0xE7, 0x62, 0xA3, 0xE7, 0x62, 0xA3, 0xE7, 0x62, 0xA3, 0xE7, 0x62, 0xA3, 0xE7, 
        0x62, 0xA3, 0xE7, 0x62, 0xA3, 0xE7, 0x62, 0xA3, 0xE7, 0x62, 0xA3, 0xE7, 0x62, 0xA3, 0xE7, 0x62, 0xA3, 0xE7, 0x62, 0xA3, 0xE7, 0x62, 0xA3, 0xE7, 0x62, 0xA3, 0xE7, 0x62, 0xA3, 0xE7, 0x62, 0xA3, 0xE7, 0x62, 0xA3, 0xE7, 0x62, 0xA3, 0xE7, 
        0x62, 0xA3, 0xE7, 0x62, 0xA3, 0xE7, 0x62, 0xA3, 0xE7, 0x62, 0xA3, 0xE7, 0x62, 0xA3, 0xE7, 0x62, 0xA3, 0xE7, 0x62, 0xA3, 0xE7, 0x62, 0xA3, 0xE7, 0x62, 0xA3, 0xE7, 0x62, 0xA3, 0xE7, 0x62, 0xA3, 0xE7, 0x62, 0xA3, 0xE7, 0x62, 0xA3, 0xE7, 
        0x62, 0xA3, 0xE7, 0x62, 0xA3, 0xE7, 0x62, 0xA3, 0xE7, 0x62, 0xA3, 0xE7, 0x62, 0xA3, 0xE7, 0x62, 0xA3, 0xE7, 0x62, 0xA3, 0xE7, 0x62, 0xA3, 0xE7, 0x62, 0xA3, 0xE7, 0x62, 0xA3, 0xE7, 0x62, 0xA3, 0xE7, 0x62, 0xA3, 0xE7, 0x62, 0xA3, 0xE7, 
        0x62, 0xA3, 0xE7, 0x62, 0xA3, 0xE7, 0x62, 0xA3, 0xE7, 0x62, 0xA3, 0xE7, 0x62, 0xA3, 0xE7, 0x62, 0xA3, 0xE7, 0x62, 0xA3, 0xE7, 0x62, 0xA3, 0xE7, 0x62, 0xA3, 0xE7, 0x62, 0xA3, 0xE7, 0x62, 0xA3, 0xE7, 0x62, 0xA3, 0xE7, 0x62, 0xA3, 0xE7, 
        0x62, 0xA3, 0xE7, 0x62, 0xA3, 0xE7, 0x62, 0xA3, 0xE7, 0x62, 0xA3, 0xE7, 0x62, 0xA3, 0xE7,
  0x62, 0xA3, 0xE7, 0x62, 0xA3, 0xE7, 0x62, 0xA3, 0xE7, 0x62, 0xA3, 0xE7, 0x62, 0xA3, 0xE7, 0x62, 0xA3, 0xE7, 0x62, 0xA3, 0xE7, 0x62, 0xA3, 0xE7, 0x62, 0xA3, 0xE7, 0x62, 0xA3, 0xE7, 0x62, 0xA3, 0xE7, 0x62, 0xA3, 0xE7, 0x62, 0xA3, 0xE7, 0x62, 0xA3, 0xE7, 
        0x62, 0xA3, 0xE7, 0x62, 0xA3, 0xE7, 0x62, 0xA3, 0xE7, 0x62, 0xA3, 0xE7, 0x62, 0xA3, 0xE7, 0x62, 0xA3, 0xE7, 0x62, 0xA3, 0xE7, 0x62, 0xA3, 0xE7, 0x62, 0xA3, 0xE7, 0x62, 0xA3, 0xE7, 0x62, 0xA3, 0xE7, 0x62, 0xA3, 0xE7, 0x62, 0xA3, 0xE7, 
        0x62, 0xA3, 0xE7, 0x62, 0xA3, 0xE7, 0x62, 0xA3, 0xE7, 0x62, 0xA3, 0xE7, 0x62, 0xA3, 0xE7, 0x62, 0xA3, 0xE7, 0x62, 0xA3, 0xE7, 0x62, 0xA3, 0xE7, 0x62, 0xA3, 0xE7, 0x62, 0xA3, 0xE7, 0x62, 0xA3, 0xE7, 0x62, 0xA3, 0xE7, 0x62, 0xA3, 0xE7, 
        0x62, 0xA3, 0xE7, 0x62, 0xA3, 0xE7, 0x62, 0xA3, 0xE7, 0x62, 0xA3, 0xE7, 0x62, 0xA3, 0xE7, 0x62, 0xA3, 0xE7, 0x62, 0xA3, 0xE7, 0x62, 0xA3, 0xE7, 0x62, 0xA3, 0xE7, 0x62, 0xA3, 0xE7, 0x62, 0xA3, 0xE7, 0x62, 0xA3, 0xE7, 0x62, 0xA3, 0xE7, 
        0x62, 0xA3, 0xE7, 0x62, 0xA3, 0xE7, 0x62, 0xA3, 0xE7, 0x62, 0xA3, 0xE7, 0x62, 0xA3, 0xE7, 0x62, 0xA3, 0xE7, 0x62, 0xA3, 0xE7, 0x62, 0xA3, 0xE7, 0x62, 0xA3, 0xE7, 0x62, 0xA3, 0xE7, 0x62, 0xA3, 0xE7, 0x62, 0xA3, 0xE7, 0x62, 0xA3, 0xE7, 
        0x62, 0xA3, 0xE7, 0x62, 0xA3, 0xE7, 0x62, 0xA3, 0xE7, 0x62, 0xA3, 0xE7, 0x62, 0xA3, 0xE7, 0x62, 0xA3, 0xE7, 0x62, 0xA3, 0xE7, 0x62, 0xA3, 0xE7, 0x62, 0xA3, 0xE7, 0x62, 0xA3, 0xE7, 0x62, 0xA3, 0xE7, 0x62, 0xA3, 0xE7, 0x62, 0xA3, 0xE7, 
        0x62, 0xA3, 0xE7, 0x62, 0xA3, 0xE7, 0x62, 0xA3, 0xE7, 0x62, 0xA3, 0xE7, 0x62, 0xA3, 0xE7, 0x62, 0xA3, 0xE7, 0x62, 0xA3, 0xE7, 0x62, 0xA3, 0xE7, 0x62, 0xA3, 0xE7, 0x62, 0xA3, 0xE7, 0x62, 0xA3, 0xE7, 0x62, 0xA3, 0xE7, 0x62, 0xA3, 0xE7, 
        0x62, 0xA3, 0xE7, 0x62, 0xA3, 0xE7, 0x62, 0xA3, 0xE7, 0x62, 0xA3, 0xE7, 0x62, 0xA3, 0xE7, 0x62, 0xA3, 0xE7, 0x62, 0xA3, 0xE7, 0x62, 0xA3, 0xE7, 0x62, 0xA3, 0xE7, 0x62, 0xA3, 0xE7, 0x62, 0xA3, 0xE7, 0x62, 0xA3, 0xE7, 0x62, 0xA3, 0xE7, 
        0x62, 0xA3, 0xE7, 0x62, 0xA3, 0xE7, 0x62, 0xA3, 0xE7, 0x62, 0xA3, 0xE7, 0x62, 0xA3, 0xE7, 0x62, 0xA3, 0xE7, 0x62, 0xA3, 0xE7, 0x62, 0xA3, 0xE7, 0x62, 0xA3, 0xE7, 0x62, 0xA3, 0xE7, 0x62, 0xA3, 0xE7, 0x62, 0xA3, 0xE7, 0x62, 0xA3, 0xE7, 
        0x62, 0xA3, 0xE7, 0x62, 0xA3, 0xE7, 0x62, 0xA3, 0xE7, 0x62, 0xA3, 0xE7, 0x62, 0xA3, 0xE7, 0x62, 0xA3, 0xE7, 0x62, 0xA3, 0xE7, 0x62, 0xA3, 0xE7, 0x62, 0xA3, 0xE7, 0x62, 0xA3, 0xE7, 0x62, 0xA3, 0xE7, 0x62, 0xA3, 0xE7, 0x62, 0xA3, 0xE7, 
        0x62, 0xA3, 0xE7, 0x62, 0xA3, 0xE7, 0x62, 0xA3, 0xE7, 0x62, 0xA3, 0xE7, 0x62, 0xA3, 0xE7, 0x62, 0xA3, 0xE7, 0x62, 0xA3, 0xE7, 0x62, 0xA3, 0xE7, 0x62, 0xA3, 0xE7, 0x62, 0xA3, 0xE7, 0x62, 0xA3, 0xE7, 0x62, 0xA3, 0xE7, 0x62, 0xA3, 0xE7, 
        0x62, 0xA3, 0xE7, 0x62, 0xA3, 0xE7, 0x62, 0xA3, 0xE7, 0x62, 0xA3, 0xE7, 0x62, 0xA3, 0xE7, 0x62, 0xA3, 0xE7, 0x62, 0xA3, 0xE7, 0x62, 0xA3, 0xE7, 0x62, 0xA3, 0xE7, 0x62, 0xA3, 0xE7, 0x62, 0xA3, 0xE7, 0x62, 0xA3, 0xE7, 0x62, 0xA3, 0xE7, 
        0x62, 0xA3, 0xE7, 0x62, 0xA3, 0xE7, 0x62, 0xA3, 0xE7, 0x62, 0xA3, 0xE7, 0x62, 0xA3, 0xE7,
  0x62, 0xA3, 0xE7, 0x62, 0xA3, 0xE7, 0x62, 0xA3, 0xE7, 0x62, 0xA3, 0xE7, 0x62, 0xA3, 0xE7, 0x62, 0xA3, 0xE7, 0x62, 0xA3, 0xE7, 0x62, 0xA3, 0xE7, 0x62, 0xA3, 0xE7, 0x62, 0xA3, 0xE7, 0x62, 0xA3, 0xE7, 0x62, 0xA3, 0xE7, 0x62, 0xA3, 0xE7, 0x62, 0xA3, 0xE7, 
        0x62, 0xA3, 0xE7, 0x62, 0xA3, 0xE7, 0x62, 0xA3, 0xE7, 0x62, 0xA3, 0xE7, 0x62, 0xA3, 0xE7, 0x62, 0xA3, 0xE7, 0x62, 0xA3, 0xE7, 0x62, 0xA3, 0xE7, 0x62, 0xA3, 0xE7, 0x62, 0xA3, 0xE7, 0x62, 0xA3, 0xE7, 0x62, 0xA3, 0xE7, 0x62, 0xA3, 0xE7, 
        0x62, 0xA3, 0xE7, 0x62, 0xA3, 0xE7, 0x62, 0xA3, 0xE7, 0x62, 0xA3, 0xE7, 0x62, 0xA3, 0xE7, 0x62, 0xA3, 0xE7, 0x62, 0xA3, 0xE7, 0x62, 0xA3, 0xE7, 0x62, 0xA3, 0xE7, 0x62, 0xA3, 0xE7, 0x62, 0xA3, 0xE7, 0x62, 0xA3, 0xE7, 0x62, 0xA3, 0xE7, 
        0x62, 0xA3, 0xE7, 0x62, 0xA3, 0xE7, 0x62, 0xA3, 0xE7, 0x62, 0xA3, 0xE7, 0x62, 0xA3, 0xE7, 0x62, 0xA3, 0xE7, 0x62, 0xA3, 0xE7, 0x62, 0xA3, 0xE7, 0x62, 0xA3, 0xE7, 0x62, 0xA3, 0xE7, 0x62, 0xA3, 0xE7, 0x62, 0xA3, 0xE7, 0x62, 0xA3, 0xE7, 
        0x62, 0xA3, 0xE7, 0x62, 0xA3, 0xE7, 0x62, 0xA3, 0xE7, 0x62, 0xA3, 0xE7, 0x62, 0xA3, 0xE7, 0x62, 0xA3, 0xE7, 0x62, 0xA3, 0xE7, 0x62, 0xA3, 0xE7, 0x62, 0xA3, 0xE7, 0x62, 0xA3, 0xE7, 0x62, 0xA3, 0xE7, 0x62, 0xA3, 0xE7, 0x62, 0xA3, 0xE7, 
        0x62, 0xA3, 0xE7, 0x62, 0xA3, 0xE7, 0x62, 0xA3, 0xE7, 0x62, 0xA3, 0xE7, 0x62, 0xA3, 0xE7, 0x62, 0xA3, 0xE7, 0x62, 0xA3, 0xE7, 0x62, 0xA3, 0xE7, 0x62, 0xA3, 0xE7, 0x62, 0xA3, 0xE7, 0x62, 0xA3, 0xE7, 0x62, 0xA3, 0xE7, 0x62, 0xA3, 0xE7, 
        0x62, 0xA3, 0xE7, 0x62, 0xA3, 0xE7, 0x62, 0xA3, 0xE7, 0x62, 0xA3, 0xE7, 0x62, 0xA3, 0xE7, 0x62, 0xA3, 0xE7, 0x62, 0xA3, 0xE7, 0x62, 0xA3, 0xE7, 0x62, 0xA3, 0xE7, 0x62, 0xA3, 0xE7, 0x62, 0xA3, 0xE7, 0x62, 0xA3, 0xE7, 0x62, 0xA3, 0xE7, 
        0x62, 0xA3, 0xE7, 0x62, 0xA3, 0xE7, 0x62, 0xA3, 0xE7, 0x62, 0xA3, 0xE7, 0x62, 0xA3, 0xE7, 0x62, 0xA3, 0xE7, 0x62, 0xA3, 0xE7, 0x62, 0xA3, 0xE7, 0x62, 0xA3, 0xE7, 0x62, 0xA3, 0xE7, 0x62, 0xA3, 0xE7, 0x62, 0xA3, 0xE7, 0x62, 0xA3, 0xE7, 
        0x62, 0xA3, 0xE7, 0x62, 0xA3, 0xE7, 0x62, 0xA3, 0xE7, 0x62, 0xA3, 0xE7, 0x62, 0xA3, 0xE7, 0x62, 0xA3, 0xE7, 0x62, 0xA3, 0xE7, 0x62, 0xA3, 0xE7, 0x62, 0xA3, 0xE7, 0x62, 0xA3, 0xE7, 0x62, 0xA3, 0xE7, 0x62, 0xA3, 0xE7, 0x62, 0xA3, 0xE7, 
        0x62, 0xA3, 0xE7, 0x62, 0xA3, 0xE7, 0x62, 0xA3, 0xE7, 0x62, 0xA3, 0xE7, 0x62, 0xA3, 0xE7, 0x62, 0xA3, 0xE7, 0x62, 0xA3, 0xE7, 0x62, 0xA3, 0xE7, 0x62, 0xA3, 0xE7, 0x62, 0xA3, 0xE7, 0x62, 0xA3, 0xE7, 0x62, 0xA3, 0xE7, 0x62, 0xA3, 0xE7, 
        0x62, 0xA3, 0xE7, 0x62, 0xA3, 0xE7, 0x62, 0xA3, 0xE7, 0x62, 0xA3, 0xE7, 0x62, 0xA3, 0xE7, 0x62, 0xA3, 0xE7, 0x62, 0xA3, 0xE7, 0x62, 0xA3, 0xE7, 0x62, 0xA3, 0xE7, 0x62, 0xA3, 0xE7, 0x62, 0xA3, 0xE7, 0x62, 0xA3, 0xE7, 0x62, 0xA3, 0xE7, 
        0x62, 0xA3, 0xE7, 0x62, 0xA3, 0xE7, 0x62, 0xA3, 0xE7, 0x62, 0xA3, 0xE7, 0x62, 0xA3, 0xE7, 0x62, 0xA3, 0xE7, 0x62, 0xA3, 0xE7, 0x62, 0xA3, 0xE7, 0x62, 0xA3, 0xE7, 0x62, 0xA3, 0xE7, 0x62, 0xA3, 0xE7, 0x62, 0xA3, 0xE7, 0x62, 0xA3, 0xE7, 
        0x62, 0xA3, 0xE7, 0x62, 0xA3, 0xE7, 0x62, 0xA3, 0xE7, 0x62, 0xA3, 0xE7, 0x62, 0xA3, 0xE7,
  0x62, 0xA3, 0xE7, 0x62, 0xA3, 0xE7, 0x62, 0xA3, 0xE7, 0x62, 0xA3, 0xE7, 0x62, 0xA3, 0xE7, 0x62, 0xA3, 0xE7, 0x62, 0xA3, 0xE7, 0x62, 0xA3, 0xE7, 0x62, 0xA3, 0xE7, 0x62, 0xA3, 0xE7, 0x62, 0xA3, 0xE7, 0x62, 0xA3, 0xE7, 0x62, 0xA3, 0xE7, 0x62, 0xA3, 0xE7, 
        0x62, 0xA3, 0xE7, 0x62, 0xA3, 0xE7, 0x62, 0xA3, 0xE7, 0x62, 0xA3, 0xE7, 0x62, 0xA3, 0xE7, 0x62, 0xA3, 0xE7, 0x62, 0xA3, 0xE7, 0x62, 0xA3, 0xE7, 0x62, 0xA3, 0xE7, 0x62, 0xA3, 0xE7, 0x62, 0xA3, 0xE7, 0x62, 0xA3, 0xE7, 0x62, 0xA3, 0xE7, 
        0x62, 0xA3, 0xE7, 0x62, 0xA3, 0xE7, 0x62, 0xA3, 0xE7, 0x62, 0xA3, 0xE7, 0x62, 0xA3, 0xE7, 0x62, 0xA3, 0xE7, 0x62, 0xA3, 0xE7, 0x62, 0xA3, 0xE7, 0x62, 0xA3, 0xE7, 0x62, 0xA3, 0xE7, 0x62, 0xA3, 0xE7, 0x62, 0xA3, 0xE7, 0x62, 0xA3, 0xE7, 
        0x62, 0xA3, 0xE7, 0x62, 0xA3, 0xE7, 0x62, 0xA3, 0xE7, 0x62, 0xA3, 0xE7, 0x62, 0xA3, 0xE7, 0x62, 0xA3, 0xE7, 0x62, 0xA3, 0xE7, 0x62, 0xA3, 0xE7, 0x62, 0xA3, 0xE7, 0x62, 0xA3, 0xE7, 0x62, 0xA3, 0xE7, 0x62, 0xA3, 0xE7, 0x62, 0xA3, 0xE7, 
        0x62, 0xA3, 0xE7, 0x62, 0xA3, 0xE7, 0x62, 0xA3, 0xE7, 0x62, 0xA3, 0xE7, 0x62, 0xA3, 0xE7, 0x62, 0xA3, 0xE7, 0x62, 0xA3, 0xE7, 0x62, 0xA3, 0xE7, 0x62, 0xA3, 0xE7, 0x62, 0xA3, 0xE7, 0x62, 0xA3, 0xE7, 0x62, 0xA3, 0xE7, 0x62, 0xA3, 0xE7, 
        0x62, 0xA3, 0xE7, 0x62, 0xA3, 0xE7, 0x62, 0xA3, 0xE7, 0x62, 0xA3, 0xE7, 0x62, 0xA3, 0xE7, 0x62, 0xA3, 0xE7, 0x62, 0xA3, 0xE7, 0x62, 0xA3, 0xE7, 0x62, 0xA3, 0xE7, 0x62, 0xA3, 0xE7, 0x62, 0xA3, 0xE7, 0x62, 0xA3, 0xE7, 0x62, 0xA3, 0xE7, 
        0x62, 0xA3, 0xE7, 0x62, 0xA3, 0xE7, 0x62, 0xA3, 0xE7, 0x62, 0xA3, 0xE7, 0x62, 0xA3, 0xE7, 0x62, 0xA3, 0xE7, 0x62, 0xA3, 0xE7, 0x62, 0xA3, 0xE7, 0x62, 0xA3, 0xE7, 0x62, 0xA3, 0xE7, 0x62, 0xA3, 0xE7, 0x62, 0xA3, 0xE7, 0x62, 0xA3, 0xE7, 
        0x62, 0xA3, 0xE7, 0x62, 0xA3, 0xE7, 0x62, 0xA3, 0xE7, 0x62, 0xA3, 0xE7, 0x62, 0xA3, 0xE7, 0x62, 0xA3, 0xE7, 0x62, 0xA3, 0xE7, 0x62, 0xA3, 0xE7, 0x62, 0xA3, 0xE7, 0x62, 0xA3, 0xE7, 0x62, 0xA3, 0xE7, 0x62, 0xA3, 0xE7, 0x62, 0xA3, 0xE7, 
        0x62, 0xA3, 0xE7, 0x62, 0xA3, 0xE7, 0x62, 0xA3, 0xE7, 0x62, 0xA3, 0xE7, 0x62, 0xA3, 0xE7, 0x62, 0xA3, 0xE7, 0x62, 0xA3, 0xE7, 0x62, 0xA3, 0xE7, 0x62, 0xA3, 0xE7, 0x62, 0xA3, 0xE7, 0x62, 0xA3, 0xE7, 0x62, 0xA3, 0xE7, 0x62, 0xA3, 0xE7, 
        0x62, 0xA3, 0xE7, 0x62, 0xA3, 0xE7, 0x62, 0xA3, 0xE7, 0x62, 0xA3, 0xE7, 0x62, 0xA3, 0xE7, 0x62, 0xA3, 0xE7, 0x62, 0xA3, 0xE7, 0x62, 0xA3, 0xE7, 0x62, 0xA3, 0xE7, 0x62, 0xA3, 0xE7, 0x62, 0xA3, 0xE7, 0x62, 0xA3, 0xE7, 0x62, 0xA3, 0xE7, 
        0x62, 0xA3, 0xE7, 0x62, 0xA3, 0xE7, 0x62, 0xA3, 0xE7, 0x62, 0xA3, 0xE7, 0x62, 0xA3, 0xE7, 0x62, 0xA3, 0xE7, 0x62, 0xA3, 0xE7, 0x62, 0xA3, 0xE7, 0x62, 0xA3, 0xE7, 0x62, 0xA3, 0xE7, 0x62, 0xA3, 0xE7, 0x62, 0xA3, 0xE7, 0x62, 0xA3, 0xE7, 
        0x62, 0xA3, 0xE7, 0x62, 0xA3, 0xE7, 0x62, 0xA3, 0xE7, 0x62, 0xA3, 0xE7, 0x62, 0xA3, 0xE7, 0x62, 0xA3, 0xE7, 0x62, 0xA3, 0xE7, 0x62, 0xA3, 0xE7, 0x62, 0xA3, 0xE7, 0x62, 0xA3, 0xE7, 0x62, 0xA3, 0xE7, 0x62, 0xA3, 0xE7, 0x62, 0xA3, 0xE7, 
        0x62, 0xA3, 0xE7, 0x62, 0xA3, 0xE7, 0x62, 0xA3, 0xE7, 0x62, 0xA3, 0xE7, 0x62, 0xA3, 0xE7,
  0x62, 0xA3, 0xE7, 0x62, 0xA3, 0xE7, 0x62, 0xA3, 0xE7, 0x62, 0xA3, 0xE7, 0x62, 0xA3, 0xE7, 0x62, 0xA3, 0xE7, 0x62, 0xA3, 0xE7, 0x62, 0xA3, 0xE7, 0x62, 0xA3, 0xE7, 0x62, 0xA3, 0xE7, 0x62, 0xA3, 0xE7, 0x62, 0xA3, 0xE7, 0x62, 0xA3, 0xE7, 0x62, 0xA3, 0xE7, 
        0x62, 0xA3, 0xE7, 0x62, 0xA3, 0xE7, 0x62, 0xA3, 0xE7, 0x62, 0xA3, 0xE7, 0x62, 0xA3, 0xE7, 0x62, 0xA3, 0xE7, 0x62, 0xA3, 0xE7, 0x62, 0xA3, 0xE7, 0x62, 0xA3, 0xE7, 0x62, 0xA3, 0xE7, 0x62, 0xA3, 0xE7, 0x62, 0xA3, 0xE7, 0x62, 0xA3, 0xE7, 
        0x62, 0xA3, 0xE7, 0x62, 0xA3, 0xE7, 0x62, 0xA3, 0xE7, 0x62, 0xA3, 0xE7, 0x62, 0xA3, 0xE7, 0x62, 0xA3, 0xE7, 0x62, 0xA3, 0xE7, 0x62, 0xA3, 0xE7, 0x62, 0xA3, 0xE7, 0x62, 0xA3, 0xE7, 0x62, 0xA3, 0xE7, 0x62, 0xA3, 0xE7, 0x62, 0xA3, 0xE7, 
        0x62, 0xA3, 0xE7, 0x62, 0xA3, 0xE7, 0x62, 0xA3, 0xE7, 0x62, 0xA3, 0xE7, 0x62, 0xA3, 0xE7, 0x62, 0xA3, 0xE7, 0x62, 0xA3, 0xE7, 0x62, 0xA3, 0xE7, 0x62, 0xA3, 0xE7, 0x62, 0xA3, 0xE7, 0x62, 0xA3, 0xE7, 0x62, 0xA3, 0xE7, 0x62, 0xA3, 0xE7, 
        0x62, 0xA3, 0xE7, 0x62, 0xA3, 0xE7, 0x62, 0xA3, 0xE7, 0x62, 0xA3, 0xE7, 0x62, 0xA3, 0xE7, 0x62, 0xA3, 0xE7, 0x62, 0xA3, 0xE7, 0x62, 0xA3, 0xE7, 0x62, 0xA3, 0xE7, 0x62, 0xA3, 0xE7, 0x62, 0xA3, 0xE7, 0x62, 0xA3, 0xE7, 0x62, 0xA3, 0xE7, 
        0x62, 0xA3, 0xE7, 0x62, 0xA3, 0xE7, 0x62, 0xA3, 0xE7, 0x62, 0xA3, 0xE7, 0x62, 0xA3, 0xE7, 0x62, 0xA3, 0xE7, 0x62, 0xA3, 0xE7, 0x62, 0xA3, 0xE7, 0x62, 0xA3, 0xE7, 0x62, 0xA3, 0xE7, 0x62, 0xA3, 0xE7, 0x62, 0xA3, 0xE7, 0x62, 0xA3, 0xE7, 
        0x62, 0xA3, 0xE7, 0x62, 0xA3, 0xE7, 0x62, 0xA3, 0xE7, 0x62, 0xA3, 0xE7, 0x62, 0xA3, 0xE7, 0x62, 0xA3, 0xE7, 0x62, 0xA3, 0xE7, 0x62, 0xA3, 0xE7, 0x62, 0xA3, 0xE7, 0x62, 0xA3, 0xE7, 0x62, 0xA3, 0xE7, 0x62, 0xA3, 0xE7, 0x62, 0xA3, 0xE7, 
        0x62, 0xA3, 0xE7, 0x62, 0xA3, 0xE7, 0x62, 0xA3, 0xE7, 0x62, 0xA3, 0xE7, 0x62, 0xA3, 0xE7, 0x62, 0xA3, 0xE7, 0x62, 0xA3, 0xE7, 0x62, 0xA3, 0xE7, 0x62, 0xA3, 0xE7, 0x62, 0xA3, 0xE7, 0x62, 0xA3, 0xE7, 0x62, 0xA3, 0xE7, 0x62, 0xA3, 0xE7, 
        0x62, 0xA3, 0xE7, 0x62, 0xA3, 0xE7, 0x62, 0xA3, 0xE7, 0x62, 0xA3, 0xE7, 0x62, 0xA3, 0xE7, 0x62, 0xA3, 0xE7, 0x62, 0xA3, 0xE7, 0x62, 0xA3, 0xE7, 0x62, 0xA3, 0xE7, 0x62, 0xA3, 0xE7, 0x62, 0xA3, 0xE7, 0x62, 0xA3, 0xE7, 0x62, 0xA3, 0xE7, 
        0x62, 0xA3, 0xE7, 0x62, 0xA3, 0xE7, 0x62, 0xA3, 0xE7, 0x62, 0xA3, 0xE7, 0x62, 0xA3, 0xE7, 0x62, 0xA3, 0xE7, 0x62, 0xA3, 0xE7, 0x62, 0xA3, 0xE7, 0x62, 0xA3, 0xE7, 0x62, 0xA3, 0xE7, 0x62, 0xA3, 0xE7, 0x62, 0xA3, 0xE7, 0x62, 0xA3, 0xE7, 
        0x62, 0xA3, 0xE7, 0x62, 0xA3, 0xE7, 0x62, 0xA3, 0xE7, 0x62, 0xA3, 0xE7, 0x62, 0xA3, 0xE7, 0x62, 0xA3, 0xE7, 0x62, 0xA3, 0xE7, 0x62, 0xA3, 0xE7, 0x62, 0xA3, 0xE7, 0x62, 0xA3, 0xE7, 0x62, 0xA3, 0xE7, 0x62, 0xA3, 0xE7, 0x62, 0xA3, 0xE7, 
        0x62, 0xA3, 0xE7, 0x62, 0xA3, 0xE7, 0x62, 0xA3, 0xE7, 0x62, 0xA3, 0xE7, 0x62, 0xA3, 0xE7, 0x62, 0xA3, 0xE7, 0x62, 0xA3, 0xE7, 0x62, 0xA3, 0xE7, 0x62, 0xA3, 0xE7, 0x62, 0xA3, 0xE7, 0x62, 0xA3, 0xE7, 0x62, 0xA3, 0xE7, 0x62, 0xA3, 0xE7, 
        0x62, 0xA3, 0xE7, 0x62, 0xA3, 0xE7, 0x62, 0xA3, 0xE7, 0x62, 0xA3, 0xE7, 0x62, 0xA3, 0xE7,
  0x62, 0xA3, 0xE7, 0x62, 0xA3, 0xE7, 0x62, 0xA3, 0xE7, 0x62, 0xA3, 0xE7, 0x62, 0xA3, 0xE7, 0x62, 0xA3, 0xE7, 0x62, 0xA3, 0xE7, 0x62, 0xA3, 0xE7, 0x62, 0xA3, 0xE7, 0x62, 0xA3, 0xE7, 0x62, 0xA3, 0xE7, 0x62, 0xA3, 0xE7, 0x62, 0xA3, 0xE7, 0x62, 0xA3, 0xE7, 
        0x62, 0xA3, 0xE7, 0x62, 0xA3, 0xE7, 0x62, 0xA3, 0xE7, 0x62, 0xA3, 0xE7, 0x62, 0xA3, 0xE7, 0x62, 0xA3, 0xE7, 0x62, 0xA3, 0xE7, 0x62, 0xA3, 0xE7, 0x62, 0xA3, 0xE7, 0x62, 0xA3, 0xE7, 0x62, 0xA3, 0xE7, 0x62, 0xA3, 0xE7, 0x62, 0xA3, 0xE7, 
        0x62, 0xA3, 0xE7, 0x62, 0xA3, 0xE7, 0x62, 0xA3, 0xE7, 0x62, 0xA3, 0xE7, 0x62, 0xA3, 0xE7, 0x62, 0xA3, 0xE7, 0x62, 0xA3, 0xE7, 0x62, 0xA3, 0xE7, 0x62, 0xA3, 0xE7, 0x62, 0xA3, 0xE7, 0x62, 0xA3, 0xE7, 0x62, 0xA3, 0xE7, 0x62, 0xA3, 0xE7, 
        0x62, 0xA3, 0xE7, 0x62, 0xA3, 0xE7, 0x62, 0xA3, 0xE7, 0x62, 0xA3, 0xE7, 0x62, 0xA3, 0xE7, 0x62, 0xA3, 0xE7, 0x62, 0xA3, 0xE7, 0x62, 0xA3, 0xE7, 0x62, 0xA3, 0xE7, 0x62, 0xA3, 0xE7, 0x62, 0xA3, 0xE7, 0x62, 0xA3, 0xE7, 0x62, 0xA3, 0xE7, 
        0x62, 0xA3, 0xE7, 0x62, 0xA3, 0xE7, 0x62, 0xA3, 0xE7, 0x62, 0xA3, 0xE7, 0x62, 0xA3, 0xE7, 0x62, 0xA3, 0xE7, 0x62, 0xA3, 0xE7, 0x62, 0xA3, 0xE7, 0x62, 0xA3, 0xE7, 0x62, 0xA3, 0xE7, 0x62, 0xA3, 0xE7, 0x62, 0xA3, 0xE7, 0x62, 0xA3, 0xE7, 
        0x62, 0xA3, 0xE7, 0x62, 0xA3, 0xE7, 0x62, 0xA3, 0xE7, 0x62, 0xA3, 0xE7, 0x62, 0xA3, 0xE7, 0x62, 0xA3, 0xE7, 0x62, 0xA3, 0xE7, 0x62, 0xA3, 0xE7, 0x62, 0xA3, 0xE7, 0x62, 0xA3, 0xE7, 0x62, 0xA3, 0xE7, 0x62, 0xA3, 0xE7, 0x62, 0xA3, 0xE7, 
        0x62, 0xA3, 0xE7, 0x62, 0xA3, 0xE7, 0x62, 0xA3, 0xE7, 0x62, 0xA3, 0xE7, 0x62, 0xA3, 0xE7, 0x62, 0xA3, 0xE7, 0x62, 0xA3, 0xE7, 0x62, 0xA3, 0xE7, 0x62, 0xA3, 0xE7, 0x62, 0xA3, 0xE7, 0x62, 0xA3, 0xE7, 0x62, 0xA3, 0xE7, 0x62, 0xA3, 0xE7, 
        0x62, 0xA3, 0xE7, 0x62, 0xA3, 0xE7, 0x62, 0xA3, 0xE7, 0x62, 0xA3, 0xE7, 0x62, 0xA3, 0xE7, 0x62, 0xA3, 0xE7, 0x62, 0xA3, 0xE7, 0x62, 0xA3, 0xE7, 0x62, 0xA3, 0xE7, 0x62, 0xA3, 0xE7, 0x62, 0xA3, 0xE7, 0x62, 0xA3, 0xE7, 0x62, 0xA3, 0xE7, 
        0x62, 0xA3, 0xE7, 0x62, 0xA3, 0xE7, 0x62, 0xA3, 0xE7, 0x62, 0xA3, 0xE7, 0x62, 0xA3, 0xE7, 0x62, 0xA3, 0xE7, 0x62, 0xA3, 0xE7, 0x62, 0xA3, 0xE7, 0x62, 0xA3, 0xE7, 0x62, 0xA3, 0xE7, 0x62, 0xA3, 0xE7, 0x62, 0xA3, 0xE7, 0x62, 0xA3, 0xE7, 
        0x62, 0xA3, 0xE7, 0x62, 0xA3, 0xE7, 0x62, 0xA3, 0xE7, 0x62, 0xA3, 0xE7, 0x62, 0xA3, 0xE7, 0x62, 0xA3, 0xE7, 0x62, 0xA3, 0xE7, 0x62, 0xA3, 0xE7, 0x62, 0xA3, 0xE7, 0x62, 0xA3, 0xE7, 0x62, 0xA3, 0xE7, 0x62, 0xA3, 0xE7, 0x62, 0xA3, 0xE7, 
        0x62, 0xA3, 0xE7, 0x62, 0xA3, 0xE7, 0x62, 0xA3, 0xE7, 0x62, 0xA3, 0xE7, 0x62, 0xA3, 0xE7, 0x62, 0xA3, 0xE7, 0x62, 0xA3, 0xE7, 0x62, 0xA3, 0xE7, 0x62, 0xA3, 0xE7, 0x62, 0xA3, 0xE7, 0x62, 0xA3, 0xE7, 0x62, 0xA3, 0xE7, 0x62, 0xA3, 0xE7, 
        0x62, 0xA3, 0xE7, 0x62, 0xA3, 0xE7, 0x62, 0xA3, 0xE7, 0x62, 0xA3, 0xE7, 0x62, 0xA3, 0xE7, 0x62, 0xA3, 0xE7, 0x62, 0xA3, 0xE7, 0x62, 0xA3, 0xE7, 0x62, 0xA3, 0xE7, 0x62, 0xA3, 0xE7, 0x62, 0xA3, 0xE7, 0x62, 0xA3, 0xE7, 0x62, 0xA3, 0xE7, 
        0x62, 0xA3, 0xE7, 0x62, 0xA3, 0xE7, 0x62, 0xA3, 0xE7, 0x62, 0xA3, 0xE7, 0x62, 0xA3, 0xE7,
  0x62, 0xA3, 0xE7, 0x62, 0xA3, 0xE7, 0x62, 0xA3, 0xE7, 0x62, 0xA3, 0xE7, 0x62, 0xA3, 0xE7, 0x62, 0xA3, 0xE7, 0x62, 0xA3, 0xE7, 0x62, 0xA3, 0xE7, 0x62, 0xA3, 0xE7, 0x62, 0xA3, 0xE7, 0x62, 0xA3, 0xE7, 0x62, 0xA3, 0xE7, 0x62, 0xA3, 0xE7, 0x62, 0xA3, 0xE7, 
        0x62, 0xA3, 0xE7, 0x62, 0xA3, 0xE7, 0x62, 0xA3, 0xE7, 0x62, 0xA3, 0xE7, 0x62, 0xA3, 0xE7, 0x62, 0xA3, 0xE7, 0x62, 0xA3, 0xE7, 0x62, 0xA3, 0xE7, 0x62, 0xA3, 0xE7, 0x62, 0xA3, 0xE7, 0x62, 0xA3, 0xE7, 0x62, 0xA3, 0xE7, 0x62, 0xA3, 0xE7, 
        0x62, 0xA3, 0xE7, 0x62, 0xA3, 0xE7, 0x62, 0xA3, 0xE7, 0x62, 0xA3, 0xE7, 0x62, 0xA3, 0xE7, 0x62, 0xA3, 0xE7, 0x62, 0xA3, 0xE7, 0x62, 0xA3, 0xE7, 0x62, 0xA3, 0xE7, 0x62, 0xA3, 0xE7, 0x62, 0xA3, 0xE7, 0x62, 0xA3, 0xE7, 0x62, 0xA3, 0xE7, 
        0x62, 0xA3, 0xE7, 0x62, 0xA3, 0xE7, 0x62, 0xA3, 0xE7, 0x62, 0xA3, 0xE7, 0x62, 0xA3, 0xE7, 0x62, 0xA3, 0xE7, 0x62, 0xA3, 0xE7, 0x62, 0xA3, 0xE7, 0x62, 0xA3, 0xE7, 0x62, 0xA3, 0xE7, 0x62, 0xA3, 0xE7, 0x62, 0xA3, 0xE7, 0x62, 0xA3, 0xE7, 
        0x62, 0xA3, 0xE7, 0x62, 0xA3, 0xE7, 0x62, 0xA3, 0xE7, 0x62, 0xA3, 0xE7, 0x62, 0xA3, 0xE7, 0x62, 0xA3, 0xE7, 0x62, 0xA3, 0xE7, 0x62, 0xA3, 0xE7, 0x62, 0xA3, 0xE7, 0x62, 0xA3, 0xE7, 0x62, 0xA3, 0xE7, 0x62, 0xA3, 0xE7, 0x62, 0xA3, 0xE7, 
        0x62, 0xA3, 0xE7, 0x62, 0xA3, 0xE7, 0x62, 0xA3, 0xE7, 0x62, 0xA3, 0xE7, 0x62, 0xA3, 0xE7, 0x62, 0xA3, 0xE7, 0x62, 0xA3, 0xE7, 0x62, 0xA3, 0xE7, 0x62, 0xA3, 0xE7, 0x62, 0xA3, 0xE7, 0x62, 0xA3, 0xE7, 0x62, 0xA3, 0xE7, 0x62, 0xA3, 0xE7, 
        0x62, 0xA3, 0xE7, 0x62, 0xA3, 0xE7, 0x62, 0xA3, 0xE7, 0x62, 0xA3, 0xE7, 0x62, 0xA3, 0xE7, 0x62, 0xA3, 0xE7, 0x62, 0xA3, 0xE7, 0x62, 0xA3, 0xE7, 0x62, 0xA3, 0xE7, 0x62, 0xA3, 0xE7, 0x62, 0xA3, 0xE7, 0x62, 0xA3, 0xE7, 0x62, 0xA3, 0xE7, 
        0x62, 0xA3, 0xE7, 0x62, 0xA3, 0xE7, 0x62, 0xA3, 0xE7, 0x62, 0xA3, 0xE7, 0x62, 0xA3, 0xE7, 0x62, 0xA3, 0xE7, 0x62, 0xA3, 0xE7, 0x62, 0xA3, 0xE7, 0x62, 0xA3, 0xE7, 0x62, 0xA3, 0xE7, 0x62, 0xA3, 0xE7, 0x62, 0xA3, 0xE7, 0x62, 0xA3, 0xE7, 
        0x62, 0xA3, 0xE7, 0x62, 0xA3, 0xE7, 0x62, 0xA3, 0xE7, 0x62, 0xA3, 0xE7, 0x62, 0xA3, 0xE7, 0x62, 0xA3, 0xE7, 0x62, 0xA3, 0xE7, 0x62, 0xA3, 0xE7, 0x62, 0xA3, 0xE7, 0x62, 0xA3, 0xE7, 0x62, 0xA3, 0xE7, 0x62, 0xA3, 0xE7, 0x62, 0xA3, 0xE7, 
        0x62, 0xA3, 0xE7, 0x62, 0xA3, 0xE7, 0x62, 0xA3, 0xE7, 0x62, 0xA3, 0xE7, 0x62, 0xA3, 0xE7, 0x62, 0xA3, 0xE7, 0x62, 0xA3, 0xE7, 0x62, 0xA3, 0xE7, 0x62, 0xA3, 0xE7, 0x62, 0xA3, 0xE7, 0x62, 0xA3, 0xE7, 0x62, 0xA3, 0xE7, 0x62, 0xA3, 0xE7, 
        0x62, 0xA3, 0xE7, 0x62, 0xA3, 0xE7, 0x62, 0xA3, 0xE7, 0x62, 0xA3, 0xE7, 0x62, 0xA3, 0xE7, 0x62, 0xA3, 0xE7, 0x62, 0xA3, 0xE7, 0x62, 0xA3, 0xE7, 0x62, 0xA3, 0xE7, 0x62, 0xA3, 0xE7, 0x62, 0xA3, 0xE7, 0x62, 0xA3, 0xE7, 0x62, 0xA3, 0xE7, 
        0x62, 0xA3, 0xE7, 0x62, 0xA3, 0xE7, 0x62, 0xA3, 0xE7, 0x62, 0xA3, 0xE7, 0x62, 0xA3, 0xE7, 0x62, 0xA3, 0xE7, 0x62, 0xA3, 0xE7, 0x62, 0xA3, 0xE7, 0x62, 0xA3, 0xE7, 0x62, 0xA3, 0xE7, 0x62, 0xA3, 0xE7, 0x62, 0xA3, 0xE7, 0x62, 0xA3, 0xE7, 
        0x62, 0xA3, 0xE7, 0x62, 0xA3, 0xE7, 0x62, 0xA3, 0xE7, 0x62, 0xA3, 0xE7, 0x62, 0xA3, 0xE7,
  0x62, 0xA3, 0xE7, 0x62, 0xA3, 0xE7, 0x62, 0xA3, 0xE7, 0x62, 0xA3, 0xE7, 0x62, 0xA3, 0xE7, 0x62, 0xA3, 0xE7, 0x62, 0xA3, 0xE7, 0x62, 0xA3, 0xE7, 0x62, 0xA3, 0xE7, 0x62, 0xA3, 0xE7, 0x62, 0xA3, 0xE7, 0x62, 0xA3, 0xE7, 0x62, 0xA3, 0xE7, 0x62, 0xA3, 0xE7, 
        0x62, 0xA3, 0xE7, 0x62, 0xA3, 0xE7, 0x62, 0xA3, 0xE7, 0x62, 0xA3, 0xE7, 0x62, 0xA3, 0xE7, 0x62, 0xA3, 0xE7, 0x62, 0xA3, 0xE7, 0x62, 0xA3, 0xE7, 0x62, 0xA3, 0xE7, 0x62, 0xA3, 0xE7, 0x62, 0xA3, 0xE7, 0x62, 0xA3, 0xE7, 0x62, 0xA3, 0xE7, 
        0x62, 0xA3, 0xE7, 0x62, 0xA3, 0xE7, 0x62, 0xA3, 0xE7, 0x62, 0xA3, 0xE7, 0x62, 0xA3, 0xE7, 0x62, 0xA3, 0xE7, 0x62, 0xA3, 0xE7, 0x62, 0xA3, 0xE7, 0x62, 0xA3, 0xE7, 0x62, 0xA3, 0xE7, 0x62, 0xA3, 0xE7, 0x62, 0xA3, 0xE7, 0x62, 0xA3, 0xE7, 
        0x62, 0xA3, 0xE7, 0x62, 0xA3, 0xE7, 0x62, 0xA3, 0xE7, 0x62, 0xA3, 0xE7, 0x62, 0xA3, 0xE7, 0x62, 0xA3, 0xE7, 0x62, 0xA3, 0xE7, 0x62, 0xA3, 0xE7, 0x62, 0xA3, 0xE7, 0x62, 0xA3, 0xE7, 0x62, 0xA3, 0xE7, 0x62, 0xA3, 0xE7, 0x62, 0xA3, 0xE7, 
        0x62, 0xA3, 0xE7, 0x62, 0xA3, 0xE7, 0x62, 0xA3, 0xE7, 0x62, 0xA3, 0xE7, 0x62, 0xA3, 0xE7, 0x62, 0xA3, 0xE7, 0x62, 0xA3, 0xE7, 0x62, 0xA3, 0xE7, 0x62, 0xA3, 0xE7, 0x62, 0xA3, 0xE7, 0x62, 0xA3, 0xE7, 0x62, 0xA3, 0xE7, 0x62, 0xA3, 0xE7, 
        0x62, 0xA3, 0xE7, 0x62, 0xA3, 0xE7, 0x62, 0xA3, 0xE7, 0x62, 0xA3, 0xE7, 0x62, 0xA3, 0xE7, 0x62, 0xA3, 0xE7, 0x62, 0xA3, 0xE7, 0x62, 0xA3, 0xE7, 0x62, 0xA3, 0xE7, 0x62, 0xA3, 0xE7, 0x62, 0xA3, 0xE7, 0x62, 0xA3, 0xE7, 0x62, 0xA3, 0xE7, 
        0x62, 0xA3, 0xE7, 0x62, 0xA3, 0xE7, 0x62, 0xA3, 0xE7, 0x62, 0xA3, 0xE7, 0x62, 0xA3, 0xE7, 0x62, 0xA3, 0xE7, 0x62, 0xA3, 0xE7, 0x62, 0xA3, 0xE7, 0x62, 0xA3, 0xE7, 0x62, 0xA3, 0xE7, 0x62, 0xA3, 0xE7, 0x62, 0xA3, 0xE7, 0x62, 0xA3, 0xE7, 
        0x62, 0xA3, 0xE7, 0x62, 0xA3, 0xE7, 0x62, 0xA3, 0xE7, 0x62, 0xA3, 0xE7, 0x62, 0xA3, 0xE7, 0x62, 0xA3, 0xE7, 0x62, 0xA3, 0xE7, 0x62, 0xA3, 0xE7, 0x62, 0xA3, 0xE7, 0x62, 0xA3, 0xE7, 0x62, 0xA3, 0xE7, 0x62, 0xA3, 0xE7, 0x62, 0xA3, 0xE7, 
        0x62, 0xA3, 0xE7, 0x62, 0xA3, 0xE7, 0x62, 0xA3, 0xE7, 0x62, 0xA3, 0xE7, 0x62, 0xA3, 0xE7, 0x62, 0xA3, 0xE7, 0x62, 0xA3, 0xE7, 0x62, 0xA3, 0xE7, 0x62, 0xA3, 0xE7, 0x62, 0xA3, 0xE7, 0x62, 0xA3, 0xE7, 0x62, 0xA3, 0xE7, 0x62, 0xA3, 0xE7, 
        0x62, 0xA3, 0xE7, 0x62, 0xA3, 0xE7, 0x62, 0xA3, 0xE7, 0x62, 0xA3, 0xE7, 0x62, 0xA3, 0xE7, 0x62, 0xA3, 0xE7, 0x62, 0xA3, 0xE7, 0x62, 0xA3, 0xE7, 0x62, 0xA3, 0xE7, 0x62, 0xA3, 0xE7, 0x62, 0xA3, 0xE7, 0x62, 0xA3, 0xE7, 0x62, 0xA3, 0xE7, 
        0x62, 0xA3, 0xE7, 0x62, 0xA3, 0xE7, 0x62, 0xA3, 0xE7, 0x62, 0xA3, 0xE7, 0x62, 0xA3, 0xE7, 0x62, 0xA3, 0xE7, 0x62, 0xA3, 0xE7, 0x62, 0xA3, 0xE7, 0x62, 0xA3, 0xE7, 0x62, 0xA3, 0xE7, 0x62, 0xA3, 0xE7, 0x62, 0xA3, 0xE7, 0x62, 0xA3, 0xE7, 
        0x62, 0xA3, 0xE7, 0x62, 0xA3, 0xE7, 0x62, 0xA3, 0xE7, 0x62, 0xA3, 0xE7, 0x62, 0xA3, 0xE7, 0x62, 0xA3, 0xE7, 0x62, 0xA3, 0xE7, 0x62, 0xA3, 0xE7, 0x62, 0xA3, 0xE7, 0x62, 0xA3, 0xE7, 0x62, 0xA3, 0xE7, 0x62, 0xA3, 0xE7, 0x62, 0xA3, 0xE7, 
        0x62, 0xA3, 0xE7, 0x62, 0xA3, 0xE7, 0x62, 0xA3, 0xE7, 0x62, 0xA3, 0xE7, 0x62, 0xA3, 0xE7,
  0x62, 0xA3, 0xE7, 0x62, 0xA3, 0xE7, 0x62, 0xA3, 0xE7, 0x62, 0xA3, 0xE7, 0x62, 0xA3, 0xE7, 0x62, 0xA3, 0xE7, 0x62, 0xA3, 0xE7, 0x62, 0xA3, 0xE7, 0x62, 0xA3, 0xE7, 0x62, 0xA3, 0xE7, 0x62, 0xA3, 0xE7, 0x62, 0xA3, 0xE7, 0x62, 0xA3, 0xE7, 0x62, 0xA3, 0xE7, 
        0x62, 0xA3, 0xE7, 0x62, 0xA3, 0xE7, 0x62, 0xA3, 0xE7, 0x62, 0xA3, 0xE7, 0x62, 0xA3, 0xE7, 0x62, 0xA3, 0xE7, 0x62, 0xA3, 0xE7, 0x62, 0xA3, 0xE7, 0x62, 0xA3, 0xE7, 0x62, 0xA3, 0xE7, 0x62, 0xA3, 0xE7, 0x62, 0xA3, 0xE7, 0x62, 0xA3, 0xE7, 
        0x62, 0xA3, 0xE7, 0x62, 0xA3, 0xE7, 0x62, 0xA3, 0xE7, 0x62, 0xA3, 0xE7, 0x62, 0xA3, 0xE7, 0x62, 0xA3, 0xE7, 0x62, 0xA3, 0xE7, 0x62, 0xA3, 0xE7, 0x62, 0xA3, 0xE7, 0x62, 0xA3, 0xE7, 0x62, 0xA3, 0xE7, 0x62, 0xA3, 0xE7, 0x62, 0xA3, 0xE7, 
        0x62, 0xA3, 0xE7, 0x62, 0xA3, 0xE7, 0x62, 0xA3, 0xE7, 0x62, 0xA3, 0xE7, 0x62, 0xA3, 0xE7, 0x62, 0xA3, 0xE7, 0x62, 0xA3, 0xE7, 0x62, 0xA3, 0xE7, 0x62, 0xA3, 0xE7, 0x62, 0xA3, 0xE7, 0x62, 0xA3, 0xE7, 0x62, 0xA3, 0xE7, 0x62, 0xA3, 0xE7, 
        0x62, 0xA3, 0xE7, 0x62, 0xA3, 0xE7, 0x62, 0xA3, 0xE7, 0x62, 0xA3, 0xE7, 0x62, 0xA3, 0xE7, 0x62, 0xA3, 0xE7, 0x62, 0xA3, 0xE7, 0x62, 0xA3, 0xE7, 0x62, 0xA3, 0xE7, 0x62, 0xA3, 0xE7, 0x62, 0xA3, 0xE7, 0x62, 0xA3, 0xE7, 0x62, 0xA3, 0xE7, 
        0x62, 0xA3, 0xE7, 0x62, 0xA3, 0xE7, 0x62, 0xA3, 0xE7, 0x62, 0xA3, 0xE7, 0x62, 0xA3, 0xE7, 0x62, 0xA3, 0xE7, 0x62, 0xA3, 0xE7, 0x62, 0xA3, 0xE7, 0x62, 0xA3, 0xE7, 0x62, 0xA3, 0xE7, 0x62, 0xA3, 0xE7, 0x62, 0xA3, 0xE7, 0x62, 0xA3, 0xE7, 
        0x62, 0xA3, 0xE7, 0x62, 0xA3, 0xE7, 0x62, 0xA3, 0xE7, 0x62, 0xA3, 0xE7, 0x62, 0xA3, 0xE7, 0x62, 0xA3, 0xE7, 0x62, 0xA3, 0xE7, 0x62, 0xA3, 0xE7, 0x62, 0xA3, 0xE7, 0x62, 0xA3, 0xE7, 0x62, 0xA3, 0xE7, 0x62, 0xA3, 0xE7, 0x62, 0xA3, 0xE7, 
        0x62, 0xA3, 0xE7, 0x62, 0xA3, 0xE7, 0x62, 0xA3, 0xE7, 0x62, 0xA3, 0xE7, 0x62, 0xA3, 0xE7, 0x62, 0xA3, 0xE7, 0x62, 0xA3, 0xE7, 0x62, 0xA3, 0xE7, 0x62, 0xA3, 0xE7, 0x62, 0xA3, 0xE7, 0x62, 0xA3, 0xE7, 0x62, 0xA3, 0xE7, 0x62, 0xA3, 0xE7, 
        0x62, 0xA3, 0xE7, 0x62, 0xA3, 0xE7, 0x62, 0xA3, 0xE7, 0x62, 0xA3, 0xE7, 0x62, 0xA3, 0xE7, 0x62, 0xA3, 0xE7, 0x62, 0xA3, 0xE7, 0x62, 0xA3, 0xE7, 0x62, 0xA3, 0xE7, 0x62, 0xA3, 0xE7, 0x62, 0xA3, 0xE7, 0x62, 0xA3, 0xE7, 0x62, 0xA3, 0xE7, 
        0x62, 0xA3, 0xE7, 0x62, 0xA3, 0xE7, 0x62, 0xA3, 0xE7, 0x62, 0xA3, 0xE7, 0x62, 0xA3, 0xE7, 0x62, 0xA3, 0xE7, 0x62, 0xA3, 0xE7, 0x62, 0xA3, 0xE7, 0x62, 0xA3, 0xE7, 0x62, 0xA3, 0xE7, 0x62, 0xA3, 0xE7, 0x62, 0xA3, 0xE7, 0x62, 0xA3, 0xE7, 
        0x62, 0xA3, 0xE7, 0x62, 0xA3, 0xE7, 0x62, 0xA3, 0xE7, 0x62, 0xA3, 0xE7, 0x62, 0xA3, 0xE7, 0x62, 0xA3, 0xE7, 0x62, 0xA3, 0xE7, 0x62, 0xA3, 0xE7, 0x62, 0xA3, 0xE7, 0x62, 0xA3, 0xE7, 0x62, 0xA3, 0xE7, 0x62, 0xA3, 0xE7, 0x62, 0xA3, 0xE7, 
        0x62, 0xA3, 0xE7, 0x62, 0xA3, 0xE7, 0x62, 0xA3, 0xE7, 0x62, 0xA3, 0xE7, 0x62, 0xA3, 0xE7, 0x62, 0xA3, 0xE7, 0x62, 0xA3, 0xE7, 0x62, 0xA3, 0xE7, 0x62, 0xA3, 0xE7, 0x62, 0xA3, 0xE7, 0x62, 0xA3, 0xE7, 0x62, 0xA3, 0xE7, 0x62, 0xA3, 0xE7, 
        0x62, 0xA3, 0xE7, 0x62, 0xA3, 0xE7, 0x62, 0xA3, 0xE7, 0x62, 0xA3, 0xE7, 0x62, 0xA3, 0xE7,
  0x62, 0xA3, 0xE7, 0x62, 0xA3, 0xE7, 0x62, 0xA3, 0xE7, 0x62, 0xA3, 0xE7, 0x62, 0xA3, 0xE7, 0x62, 0xA3, 0xE7, 0x62, 0xA3, 0xE7, 0x62, 0xA3, 0xE7, 0x62, 0xA3, 0xE7, 0x62, 0xA3, 0xE7, 0x62, 0xA3, 0xE7, 0x62, 0xA3, 0xE7, 0x62, 0xA3, 0xE7, 0x62, 0xA3, 0xE7, 
        0x62, 0xA3, 0xE7, 0x62, 0xA3, 0xE7, 0x62, 0xA3, 0xE7, 0x62, 0xA3, 0xE7, 0x62, 0xA3, 0xE7, 0x62, 0xA3, 0xE7, 0x62, 0xA3, 0xE7, 0x62, 0xA3, 0xE7, 0x62, 0xA3, 0xE7, 0x62, 0xA3, 0xE7, 0x62, 0xA3, 0xE7, 0x62, 0xA3, 0xE7, 0x62, 0xA3, 0xE7, 
        0x62, 0xA3, 0xE7, 0x62, 0xA3, 0xE7, 0x62, 0xA3, 0xE7, 0x62, 0xA3, 0xE7, 0x62, 0xA3, 0xE7, 0x62, 0xA3, 0xE7, 0x62, 0xA3, 0xE7, 0x62, 0xA3, 0xE7, 0x62, 0xA3, 0xE7, 0x62, 0xA3, 0xE7, 0x62, 0xA3, 0xE7, 0x62, 0xA3, 0xE7, 0x62, 0xA3, 0xE7, 
        0x62, 0xA3, 0xE7, 0x62, 0xA3, 0xE7, 0x62, 0xA3, 0xE7, 0x62, 0xA3, 0xE7, 0x62, 0xA3, 0xE7, 0x62, 0xA3, 0xE7, 0x62, 0xA3, 0xE7, 0x62, 0xA3, 0xE7, 0x62, 0xA3, 0xE7, 0x62, 0xA3, 0xE7, 0x62, 0xA3, 0xE7, 0x62, 0xA3, 0xE7, 0x62, 0xA3, 0xE7, 
        0x62, 0xA3, 0xE7, 0x62, 0xA3, 0xE7, 0x62, 0xA3, 0xE7, 0x62, 0xA3, 0xE7, 0x62, 0xA3, 0xE7, 0x62, 0xA3, 0xE7, 0x62, 0xA3, 0xE7, 0x62, 0xA3, 0xE7, 0x62, 0xA3, 0xE7, 0x62, 0xA3, 0xE7, 0x62, 0xA3, 0xE7, 0x62, 0xA3, 0xE7, 0x62, 0xA3, 0xE7, 
        0x62, 0xA3, 0xE7, 0x62, 0xA3, 0xE7, 0x62, 0xA3, 0xE7, 0x62, 0xA3, 0xE7, 0x62, 0xA3, 0xE7, 0x62, 0xA3, 0xE7, 0x62, 0xA3, 0xE7, 0x62, 0xA3, 0xE7, 0x62, 0xA3, 0xE7, 0x62, 0xA3, 0xE7, 0x62, 0xA3, 0xE7, 0x62, 0xA3, 0xE7, 0x62, 0xA3, 0xE7, 
        0x62, 0xA3, 0xE7, 0x62, 0xA3, 0xE7, 0x62, 0xA3, 0xE7, 0x62, 0xA3, 0xE7, 0x62, 0xA3, 0xE7, 0x62, 0xA3, 0xE7, 0x62, 0xA3, 0xE7, 0x62, 0xA3, 0xE7, 0x62, 0xA3, 0xE7, 0x62, 0xA3, 0xE7, 0x62, 0xA3, 0xE7, 0x62, 0xA3, 0xE7, 0x62, 0xA3, 0xE7, 
        0x62, 0xA3, 0xE7, 0x62, 0xA3, 0xE7, 0x62, 0xA3, 0xE7, 0x62, 0xA3, 0xE7, 0x62, 0xA3, 0xE7, 0x62, 0xA3, 0xE7, 0x62, 0xA3, 0xE7, 0x62, 0xA3, 0xE7, 0x62, 0xA3, 0xE7, 0x62, 0xA3, 0xE7, 0x62, 0xA3, 0xE7, 0x62, 0xA3, 0xE7, 0x62, 0xA3, 0xE7, 
        0x62, 0xA3, 0xE7, 0x62, 0xA3, 0xE7, 0x62, 0xA3, 0xE7, 0x62, 0xA3, 0xE7, 0x62, 0xA3, 0xE7, 0x62, 0xA3, 0xE7, 0x62, 0xA3, 0xE7, 0x62, 0xA3, 0xE7, 0x62, 0xA3, 0xE7, 0x62, 0xA3, 0xE7, 0x62, 0xA3, 0xE7, 0x62, 0xA3, 0xE7, 0x62, 0xA3, 0xE7, 
        0x62, 0xA3, 0xE7, 0x62, 0xA3, 0xE7, 0x62, 0xA3, 0xE7, 0x62, 0xA3, 0xE7, 0x62, 0xA3, 0xE7, 0x62, 0xA3, 0xE7, 0x62, 0xA3, 0xE7, 0x62, 0xA3, 0xE7, 0x62, 0xA3, 0xE7, 0x62, 0xA3, 0xE7, 0x62, 0xA3, 0xE7, 0x62, 0xA3, 0xE7, 0x62, 0xA3, 0xE7, 
        0x62, 0xA3, 0xE7, 0x62, 0xA3, 0xE7, 0x62, 0xA3, 0xE7, 0x62, 0xA3, 0xE7, 0x62, 0xA3, 0xE7, 0x62, 0xA3, 0xE7, 0x62, 0xA3, 0xE7, 0x62, 0xA3, 0xE7, 0x62, 0xA3, 0xE7, 0x62, 0xA3, 0xE7, 0x62, 0xA3, 0xE7, 0x62, 0xA3, 0xE7, 0x62, 0xA3, 0xE7, 
        0x62, 0xA3, 0xE7, 0x62, 0xA3, 0xE7, 0x62, 0xA3, 0xE7, 0x62, 0xA3, 0xE7, 0x62, 0xA3, 0xE7, 0x62, 0xA3, 0xE7, 0x62, 0xA3, 0xE7, 0x62, 0xA3, 0xE7, 0x62, 0xA3, 0xE7, 0x62, 0xA3, 0xE7, 0x62, 0xA3, 0xE7, 0x62, 0xA3, 0xE7, 0x62, 0xA3, 0xE7, 
        0x62, 0xA3, 0xE7, 0x62, 0xA3, 0xE7, 0x62, 0xA3, 0xE7, 0x62, 0xA3, 0xE7, 0x62, 0xA3, 0xE7,
  0x62, 0xA3, 0xE7, 0x62, 0xA3, 0xE7, 0x62, 0xA3, 0xE7, 0x62, 0xA3, 0xE7, 0x62, 0xA3, 0xE7, 0x62, 0xA3, 0xE7, 0x62, 0xA3, 0xE7, 0x62, 0xA3, 0xE7, 0x62, 0xA3, 0xE7, 0x62, 0xA3, 0xE7, 0x62, 0xA3, 0xE7, 0x62, 0xA3, 0xE7, 0x62, 0xA3, 0xE7, 0x62, 0xA3, 0xE7, 
        0x62, 0xA3, 0xE7, 0x62, 0xA3, 0xE7, 0x62, 0xA3, 0xE7, 0x62, 0xA3, 0xE7, 0x62, 0xA3, 0xE7, 0x62, 0xA3, 0xE7, 0x62, 0xA3, 0xE7, 0x62, 0xA3, 0xE7, 0x62, 0xA3, 0xE7, 0x62, 0xA3, 0xE7, 0x62, 0xA3, 0xE7, 0x62, 0xA3, 0xE7, 0x62, 0xA3, 0xE7, 
        0x62, 0xA3, 0xE7, 0x62, 0xA3, 0xE7, 0x62, 0xA3, 0xE7, 0x62, 0xA3, 0xE7, 0x62, 0xA3, 0xE7, 0x62, 0xA3, 0xE7, 0x62, 0xA3, 0xE7, 0x62, 0xA3, 0xE7, 0x62, 0xA3, 0xE7, 0x62, 0xA3, 0xE7, 0x62, 0xA3, 0xE7, 0x6B, 0xA8, 0xE8, 0xA9, 0xCD, 0xF2, 
        0xBC, 0xD7, 0xF5, 0x93, 0xBF, 0xEF, 0x62, 0xA3, 0xE7, 0x62, 0xA3, 0xE7, 0x63, 0xA3, 0xE7, 0x95, 0xC1, 0xEF, 0xA3, 0xC9, 0xF1, 0x6E, 0xAA, 0xE9, 0x62, 0xA3, 0xE7, 0x62, 0xA3, 0xE7, 0x62, 0xA3, 0xE7, 0x62, 0xA3, 0xE7, 0x62, 0xA3, 0xE7, 
        0x62, 0xA3, 0xE7, 0x62, 0xA3, 0xE7, 0x62, 0xA3, 0xE7, 0x62, 0xA3, 0xE7, 0x81, 0xB5, 0xEC, 0xB2, 0xD2, 0xF3, 0x92, 0xBF, 0xEE, 0x62, 0xA3, 0xE7, 0x62, 0xA3, 0xE7, 0x62, 0xA3, 0xE7, 0x62, 0xA3, 0xE7, 0x62, 0xA3, 0xE7, 0x62, 0xA3, 0xE7, 
        0x62, 0xA3, 0xE7, 0x62, 0xA3, 0xE7, 0x62, 0xA3, 0xE7, 0x62, 0xA3, 0xE7, 0x62, 0xA3, 0xE7, 0x62, 0xA3, 0xE7, 0x8D, 0xBC, 0xEE, 0xBA, 0xD6, 0xF4, 0xBF, 0xDA, 0xF5, 0xBF, 0xDA, 0xF5, 0xC1, 0xDA, 0xF5, 0xC1, 0xDB, 0xF5, 0xC2, 0xDB, 0xF5, 
        0xC3, 0xDB, 0xF6, 0xC3, 0xDC, 0xF6, 0x8C, 0xBC, 0xED, 0x62, 0xA3, 0xE7, 0x78, 0xB0, 0xEA, 0xC4, 0xDC, 0xF6, 0xBF, 0xDA, 0xF5, 0x64, 0xA4, 0xE7, 0x62, 0xA3, 0xE7, 0x62, 0xA3, 0xE7, 0x62, 0xA3, 0xE7, 0x62, 0xA3, 0xE7, 0x62, 0xA3, 0xE7, 
        0x81, 0xB5, 0xEC, 0xAE, 0xD0, 0xF3, 0x90, 0xBE, 0xEE, 0x62, 0xA3, 0xE7, 0x6E, 0xAA, 0xE9, 0xBA, 0xD6, 0xF4, 0xC1, 0xDA, 0xF5, 0xC0, 0xDA, 0xF5, 0xBE, 0xD9, 0xF5, 0xBD, 0xD8, 0xF5, 0xBC, 0xD7, 0xF5, 0xBA, 0xD7, 0xF5, 0xB9, 0xD6, 0xF4, 
        0xB8, 0xD5, 0xF4, 0xAA, 0xCD, 0xF2, 0x63, 0xA4, 0xE7, 0x65, 0xA5, 0xE7, 0xA3, 0xC9, 0xF1, 0xB5, 0xD3, 0xF4, 0x96, 0xC1, 0xEF, 0x62, 0xA3, 0xE7, 0x62, 0xA3, 0xE7, 0x62, 0xA3, 0xE7, 0x62, 0xA3, 0xE7, 0x62, 0xA3, 0xE7, 0x78, 0xB0, 0xEA, 
        0xA5, 0xCA, 0xF1, 0xA2, 0xC9, 0xF1, 0x62, 0xA3, 0xE7, 0x62, 0xA3, 0xE7, 0x62, 0xA3, 0xE7, 0x62, 0xA3, 0xE7, 0x62, 0xA3, 0xE7, 0x72, 0xAC, 0xE9, 0x8E, 0xBD, 0xED, 0x9A, 0xC4, 0xEF, 0x9D, 0xC6, 0xF0, 0x9D, 0xC5, 0xF0, 0x9C, 0xC5, 0xF0, 
        0x9B, 0xC4, 0xF0, 0x9A, 0xC3, 0xEF, 0x90, 0xBE, 0xEE, 0x62, 0xA3, 0xE7, 0x62, 0xA3, 0xE7, 0x62, 0xA3, 0xE7, 0x62, 0xA3, 0xE7, 0x62, 0xA3, 0xE7, 0x62, 0xA3, 0xE7, 0x62, 0xA3, 0xE7, 0x62, 0xA3, 0xE7, 0x62, 0xA3, 0xE7, 0x62, 0xA3, 0xE7, 
        0x62, 0xA3, 0xE7, 0x62, 0xA3, 0xE7, 0x62, 0xA3, 0xE7, 0x62, 0xA3, 0xE7, 0x62, 0xA3, 0xE7, 0x62, 0xA3, 0xE7, 0x62, 0xA3, 0xE7, 0x62, 0xA3, 0xE7, 0x62, 0xA3, 0xE7, 0x62, 0xA3, 0xE7, 0x62, 0xA3, 0xE7, 0x62, 0xA3, 0xE7, 0x62, 0xA3, 0xE7, 
        0x62, 0xA3, 0xE7, 0x62, 0xA3, 0xE7, 0x62, 0xA3, 0xE7, 0x62, 0xA3, 0xE7, 0x62, 0xA3, 0xE7,
  0x62, 0xA3, 0xE7, 0x62, 0xA3, 0xE7, 0x62, 0xA3, 0xE7, 0x62, 0xA3, 0xE7, 0x62, 0xA3, 0xE7, 0x62, 0xA3, 0xE7, 0x62, 0xA3, 0xE7, 0x62, 0xA3, 0xE7, 0x62, 0xA3, 0xE7, 0x62, 0xA3, 0xE7, 0x62, 0xA3, 0xE7, 0x62, 0xA3, 0xE7, 0x62, 0xA3, 0xE7, 0x62, 0xA3, 0xE7, 
        0x62, 0xA3, 0xE7, 0x62, 0xA3, 0xE7, 0x62, 0xA3, 0xE7, 0x62, 0xA3, 0xE7, 0x62, 0xA3, 0xE7, 0x62, 0xA3, 0xE7, 0x62, 0xA3, 0xE7, 0x62, 0xA3, 0xE7, 0x62, 0xA3, 0xE7, 0x62, 0xA3, 0xE7, 0x62, 0xA3, 0xE7, 0x62, 0xA3, 0xE7, 0x62, 0xA3, 0xE7, 
        0x62, 0xA3, 0xE7, 0x62, 0xA3, 0xE7, 0x62, 0xA3, 0xE7, 0x62, 0xA3, 0xE7, 0x62, 0xA3, 0xE7, 0x62, 0xA3, 0xE7, 0x62, 0xA3, 0xE7, 0x62, 0xA3, 0xE7, 0x62, 0xA3, 0xE7, 0x62, 0xA3, 0xE7, 0x63, 0xA4, 0xE7, 0xA4, 0xCA, 0xF1, 0xBB, 0xD7, 0xF5, 
        0xBC, 0xD7, 0xF5, 0xA8, 0xCC, 0xF2, 0x62, 0xA3, 0xE7, 0x62, 0xA3, 0xE7, 0x6D, 0xA9, 0xE9, 0xC4, 0xDC, 0xF6, 0xC5, 0xDD, 0xF6, 0x88, 0xB9, 0xED, 0x62, 0xA3, 0xE7, 0x62, 0xA3, 0xE7, 0x62, 0xA3, 0xE7, 0x62, 0xA3, 0xE7, 0x62, 0xA3, 0xE7, 
        0x62, 0xA3, 0xE7, 0x62, 0xA3, 0xE7, 0x62, 0xA3, 0xE7, 0x62, 0xA3, 0xE7, 0xB2, 0xD2, 0xF3, 0xDB, 0xEA, 0xF9, 0xC6, 0xDE, 0xF6, 0x62, 0xA3, 0xE7, 0x62, 0xA3, 0xE7, 0x62, 0xA3, 0xE7, 0x62, 0xA3, 0xE7, 0x62, 0xA3, 0xE7, 0x62, 0xA3, 0xE7, 
        0x62, 0xA3, 0xE7, 0x62, 0xA3, 0xE7, 0x62, 0xA3, 0xE7, 0x62, 0xA3, 0xE7, 0x62, 0xA3, 0xE7, 0xB3, 0xD2, 0xF3, 0xF3, 0xF8, 0xFD, 0xF5, 0xF9, 0xFD, 0xF6, 0xFA, 0xFE, 0xF7, 0xFA, 0xFE, 0xF9, 0xFB, 0xFE, 0xFA, 0xFC, 0xFE, 0xFB, 0xFD, 0xFE, 
        0xFC, 0xFD, 0xFF, 0xF0, 0xF6, 0xFD, 0x6E, 0xAA, 0xE9, 0x62, 0xA3, 0xE7, 0x9D, 0xC6, 0xF0, 0xFE, 0xFE, 0xFF, 0xFD, 0xFE, 0xFF, 0x74, 0xAD, 0xEA, 0x62, 0xA3, 0xE7, 0x62, 0xA3, 0xE7, 0x62, 0xA3, 0xE7, 0x62, 0xA3, 0xE7, 0x62, 0xA3, 0xE7, 
        0xC9, 0xE0, 0xF7, 0xF3, 0xF8, 0xFD, 0xCE, 0xE2, 0xF7, 0x62, 0xA3, 0xE7, 0x96, 0xC1, 0xEF, 0xED, 0xF4, 0xFC, 0xEB, 0xF3, 0xFC, 0xE9, 0xF2, 0xFC, 0xE7, 0xF1, 0xFB, 0xE6, 0xF0, 0xFB, 0xE4, 0xEF, 0xFB, 0xE2, 0xEE, 0xFB, 0xE0, 0xED, 0xFA, 
        0xDF, 0xEC, 0xFA, 0x93, 0xC0, 0xEF, 0x62, 0xA3, 0xE7, 0x73, 0xAD, 0xEA, 0xD7, 0xE8, 0xF9, 0xD5, 0xE6, 0xF9, 0xD4, 0xE5, 0xF8, 0x94, 0xC0, 0xEF, 0x62, 0xA3, 0xE7, 0x62, 0xA3, 0xE7, 0x62, 0xA3, 0xE7, 0x62, 0xA3, 0xE7, 0x96, 0xC1, 0xEF, 
        0xC7, 0xDE, 0xF6, 0xC5, 0xDD, 0xF6, 0x62, 0xA3, 0xE7, 0x62, 0xA3, 0xE7, 0x62, 0xA3, 0xE7, 0x64, 0xA4, 0xE7, 0x99, 0xC3, 0xF0, 0xBC, 0xD7, 0xF5, 0xBA, 0xD7, 0xF4, 0xB9, 0xD6, 0xF4, 0xB8, 0xD5, 0xF4, 0xB7, 0xD4, 0xF4, 0xB5, 0xD4, 0xF4, 
        0xB4, 0xD3, 0xF4, 0xB3, 0xD2, 0xF3, 0x84, 0xB7, 0xEC, 0x62, 0xA3, 0xE7, 0x62, 0xA3, 0xE7, 0x62, 0xA3, 0xE7, 0x62, 0xA3, 0xE7, 0x62, 0xA3, 0xE7, 0x62, 0xA3, 0xE7, 0x62, 0xA3, 0xE7, 0x62, 0xA3, 0xE7, 0x62, 0xA3, 0xE7, 0x62, 0xA3, 0xE7, 
        0x62, 0xA3, 0xE7, 0x62, 0xA3, 0xE7, 0x62, 0xA3, 0xE7, 0x62, 0xA3, 0xE7, 0x62, 0xA3, 0xE7, 0x62, 0xA3, 0xE7, 0x62, 0xA3, 0xE7, 0x62, 0xA3, 0xE7, 0x62, 0xA3, 0xE7, 0x62, 0xA3, 0xE7, 0x62, 0xA3, 0xE7, 0x62, 0xA3, 0xE7, 0x62, 0xA3, 0xE7, 
        0x62, 0xA3, 0xE7, 0x62, 0xA3, 0xE7, 0x62, 0xA3, 0xE7, 0x62, 0xA3, 0xE7, 0x62, 0xA3, 0xE7,
  0x62, 0xA3, 0xE7, 0x62, 0xA3, 0xE7, 0x62, 0xA3, 0xE7, 0x62, 0xA3, 0xE7, 0x62, 0xA3, 0xE7, 0x62, 0xA3, 0xE7, 0x62, 0xA3, 0xE7, 0x62, 0xA3, 0xE7, 0x62, 0xA3, 0xE7, 0x62, 0xA3, 0xE7, 0x62, 0xA3, 0xE7, 0x62, 0xA3, 0xE7, 0x62, 0xA3, 0xE7, 0x62, 0xA3, 0xE7, 
        0x62, 0xA3, 0xE7, 0x62, 0xA3, 0xE7, 0x62, 0xA3, 0xE7, 0x62, 0xA3, 0xE7, 0x62, 0xA3, 0xE7, 0x62, 0xA3, 0xE7, 0x62, 0xA3, 0xE7, 0x62, 0xA3, 0xE7, 0x62, 0xA3, 0xE7, 0x62, 0xA3, 0xE7, 0x62, 0xA3, 0xE7, 0x62, 0xA3, 0xE7, 0x62, 0xA3, 0xE7, 
        0x62, 0xA3, 0xE7, 0x62, 0xA3, 0xE7, 0x62, 0xA3, 0xE7, 0x62, 0xA3, 0xE7, 0x62, 0xA3, 0xE7, 0x62, 0xA3, 0xE7, 0x62, 0xA3, 0xE7, 0x62, 0xA3, 0xE7, 0x62, 0xA3, 0xE7, 0x62, 0xA3, 0xE7, 0x91, 0xBE, 0xEE, 0xBA, 0xD6, 0xF4, 0xBB, 0xD7, 0xF5, 
        0xBC, 0xD8, 0xF5, 0xB2, 0xD1, 0xF3, 0x62, 0xA3, 0xE7, 0x62, 0xA3, 0xE7, 0x6E, 0xAA, 0xE9, 0xC4, 0xDC, 0xF6, 0xC5, 0xDD, 0xF6, 0x88, 0xB9, 0xED, 0x62, 0xA3, 0xE7, 0x62, 0xA3, 0xE7, 0x62, 0xA3, 0xE7, 0x62, 0xA3, 0xE7, 0x62, 0xA3, 0xE7, 
        0x62, 0xA3, 0xE7, 0x62, 0xA3, 0xE7, 0x62, 0xA3, 0xE7, 0x62, 0xA3, 0xE7, 0xB5, 0xD3, 0xF3, 0xDC, 0xEA, 0xFA, 0xC6, 0xDE, 0xF6, 0x62, 0xA3, 0xE7, 0x62, 0xA3, 0xE7, 0x62, 0xA3, 0xE7, 0x62, 0xA3, 0xE7, 0x62, 0xA3, 0xE7, 0x62, 0xA3, 0xE7, 
        0x62, 0xA3, 0xE7, 0x62, 0xA3, 0xE7, 0x62, 0xA3, 0xE7, 0x62, 0xA3, 0xE7, 0x80, 0xB4, 0xEC, 0xF2, 0xF7, 0xFD, 0xF3, 0xF8, 0xFD, 0xF3, 0xF8, 0xFD, 0xDE, 0xEC, 0xFA, 0xDC, 0xEA, 0xFA, 0xDD, 0xEB, 0xFA, 0xDE, 0xEC, 0xFA, 0xDC, 0xEB, 0xF9, 
        0xC3, 0xDB, 0xF6, 0x78, 0xB0, 0xEA, 0x62, 0xA3, 0xE7, 0x62, 0xA3, 0xE7, 0x9D, 0xC6, 0xF0, 0xFD, 0xFE, 0xFF, 0xFD, 0xFE, 0xFF, 0x75, 0xAE, 0xEA, 0x62, 0xA3, 0xE7, 0x62, 0xA3, 0xE7, 0x62, 0xA3, 0xE7, 0x62, 0xA3, 0xE7, 0x62, 0xA3, 0xE7, 
        0xD0, 0xE4, 0xF8, 0xF3, 0xF8, 0xFD, 0xCE, 0xE2, 0xF8, 0x62, 0xA3, 0xE7, 0x85, 0xB7, 0xEC, 0xD3, 0xE5, 0xF8, 0xD2, 0xE4, 0xF8, 0xD0, 0xE3, 0xF8, 0xCE, 0xE3, 0xF7, 0xCE, 0xE2, 0xF7, 0xCC, 0xE1, 0xF7, 0xCA, 0xE0, 0xF7, 0xBD, 0xD9, 0xF5, 
        0x8D, 0xBC, 0xED, 0x62, 0xA3, 0xE7, 0x62, 0xA3, 0xE7, 0x78, 0xB0, 0xEA, 0xD7, 0xE7, 0xF9, 0xD5, 0xE6, 0xF9, 0xD3, 0xE5, 0xF8, 0xD0, 0xE3, 0xF8, 0x82, 0xB6, 0xEC, 0x62, 0xA3, 0xE7, 0x62, 0xA3, 0xE7, 0x62, 0xA3, 0xE7, 0x96, 0xC1, 0xEF, 
        0xC7, 0xDE, 0xF6, 0xC5, 0xDD, 0xF6, 0x62, 0xA3, 0xE7, 0x62, 0xA3, 0xE7, 0x63, 0xA4, 0xE7, 0xA4, 0xCA, 0xF1, 0xBD, 0xD8, 0xF5, 0xBC, 0xD7, 0xF5, 0xBA, 0xD6, 0xF4, 0xAE, 0xD0, 0xF2, 0xA8, 0xCC, 0xF2, 0xA7, 0xCB, 0xF2, 0xA6, 0xCB, 0xF2, 
        0x9D, 0xC6, 0xF0, 0x80, 0xB5, 0xEB, 0x62, 0xA3, 0xE7, 0x62, 0xA3, 0xE7, 0x62, 0xA3, 0xE7, 0x62, 0xA3, 0xE7, 0x62, 0xA3, 0xE7, 0x62, 0xA3, 0xE7, 0x62, 0xA3, 0xE7, 0x62, 0xA3, 0xE7, 0x62, 0xA3, 0xE7, 0x62, 0xA3, 0xE7, 0x62, 0xA3, 0xE7, 
        0x62, 0xA3, 0xE7, 0x62, 0xA3, 0xE7, 0x62, 0xA3, 0xE7, 0x62, 0xA3, 0xE7, 0x62, 0xA3, 0xE7, 0x62, 0xA3, 0xE7, 0x62, 0xA3, 0xE7, 0x62, 0xA3, 0xE7, 0x62, 0xA3, 0xE7, 0x62, 0xA3, 0xE7, 0x62, 0xA3, 0xE7, 0x62, 0xA3, 0xE7, 0x62, 0xA3, 0xE7, 
        0x62, 0xA3, 0xE7, 0x62, 0xA3, 0xE7, 0x62, 0xA3, 0xE7, 0x62, 0xA3, 0xE7, 0x62, 0xA3, 0xE7,
  0x62, 0xA3, 0xE7, 0x62, 0xA3, 0xE7, 0x62, 0xA3, 0xE7, 0x62, 0xA3, 0xE7, 0x62, 0xA3, 0xE7, 0x62, 0xA3, 0xE7, 0x62, 0xA3, 0xE7, 0x62, 0xA3, 0xE7, 0x62, 0xA3, 0xE7, 0x62, 0xA3, 0xE7, 0x62, 0xA3, 0xE7, 0x62, 0xA3, 0xE7, 0x62, 0xA3, 0xE7, 0x62, 0xA3, 0xE7, 
        0x62, 0xA3, 0xE7, 0x62, 0xA3, 0xE7, 0x62, 0xA3, 0xE7, 0x62, 0xA3, 0xE7, 0x62, 0xA3, 0xE7, 0x62, 0xA3, 0xE7, 0x62, 0xA3, 0xE7, 0x62, 0xA3, 0xE7, 0x62, 0xA3, 0xE7, 0x62, 0xA3, 0xE7, 0x62, 0xA3, 0xE7, 0x62, 0xA3, 0xE7, 0x62, 0xA3, 0xE7, 
        0x62, 0xA3, 0xE7, 0x62, 0xA3, 0xE7, 0x62, 0xA3, 0xE7, 0x62, 0xA3, 0xE7, 0x62, 0xA3, 0xE7, 0x62, 0xA3, 0xE7, 0x62, 0xA3, 0xE7, 0x62, 0xA3, 0xE7, 0x62, 0xA3, 0xE7, 0x7E, 0xB3, 0xEB, 0xB8, 0xD5, 0xF4, 0xBA, 0xD6, 0xF4, 0xBB, 0xD7, 0xF5, 
        0xBC, 0xD8, 0xF5, 0xBB, 0xD8, 0xF5, 0x62, 0xA3, 0xE7, 0x62, 0xA3, 0xE7, 0x6E, 0xAA, 0xE9, 0xC4, 0xDC, 0xF6, 0xC6, 0xDD, 0xF6, 0x88, 0xB9, 0xED, 0x62, 0xA3, 0xE7, 0x62, 0xA3, 0xE7, 0x62, 0xA3, 0xE7, 0x62, 0xA3, 0xE7, 0x62, 0xA3, 0xE7, 
        0x62, 0xA3, 0xE7, 0x62, 0xA3, 0xE7, 0x62, 0xA3, 0xE7, 0x62, 0xA3, 0xE7, 0xB5, 0xD3, 0xF3, 0xDC, 0xEA, 0xFA, 0xC6, 0xDE, 0xF6, 0x62, 0xA3, 0xE7, 0x62, 0xA3, 0xE7, 0x62, 0xA3, 0xE7, 0x62, 0xA3, 0xE7, 0x62, 0xA3, 0xE7, 0x62, 0xA3, 0xE7, 
        0x62, 0xA3, 0xE7, 0x62, 0xA3, 0xE7, 0x62, 0xA3, 0xE7, 0x62, 0xA3, 0xE7, 0xA8, 0xCC, 0xF2, 0xF2, 0xF7, 0xFD, 0xF3, 0xF8, 0xFD, 0x7E, 0xB3, 0xEB, 0x62, 0xA3, 0xE7, 0x62, 0xA3, 0xE7, 0x62, 0xA3, 0xE7, 0x62, 0xA3, 0xE7, 0x62, 0xA3, 0xE7, 
        0x62, 0xA3, 0xE7, 0x62, 0xA3, 0xE7, 0x62, 0xA3, 0xE7, 0x62, 0xA3, 0xE7, 0x9D, 0xC6, 0xF0, 0xFD, 0xFE, 0xFF, 0xFD, 0xFE, 0xFF, 0x75, 0xAE, 0xEA, 0x62, 0xA3, 0xE7, 0x62, 0xA3, 0xE7, 0x62, 0xA3, 0xE7, 0x62, 0xA3, 0xE7, 0x62, 0xA3, 0xE7, 
        0xD0, 0xE4, 0xF8, 0xF3, 0xF8, 0xFD, 0xCE, 0xE2, 0xF8, 0x62, 0xA3, 0xE7, 0x62, 0xA3, 0xE7, 0x62, 0xA3, 0xE7, 0x62, 0xA3, 0xE7, 0x62, 0xA3, 0xE7, 0x62, 0xA3, 0xE7, 0x62, 0xA3, 0xE7, 0x62, 0xA3, 0xE7, 0x62, 0xA3, 0xE7, 0x62, 0xA3, 0xE7, 
        0x62, 0xA3, 0xE7, 0x62, 0xA3, 0xE7, 0x62, 0xA3, 0xE7, 0x78, 0xB0, 0xEA, 0xD7, 0xE7, 0xF9, 0xD5, 0xE6, 0xF9, 0xD3, 0xE5, 0xF8, 0xD1, 0xE4, 0xF8, 0xCA, 0xE0, 0xF7, 0x74, 0xAE, 0xEA, 0x62, 0xA3, 0xE7, 0x62, 0xA3, 0xE7, 0x95, 0xC1, 0xEF, 
        0xC6, 0xDE, 0xF6, 0xC5, 0xDD, 0xF6, 0x62, 0xA3, 0xE7, 0x62, 0xA3, 0xE7, 0x89, 0xBA, 0xED, 0xBE, 0xD9, 0xF5, 0xBD, 0xD8, 0xF5, 0xA9, 0xCD, 0xF2, 0x70, 0xAB, 0xE9, 0x62, 0xA3, 0xE7, 0x62, 0xA3, 0xE7, 0x62, 0xA3, 0xE7, 0x62, 0xA3, 0xE7, 
        0x62, 0xA3, 0xE7, 0x62, 0xA3, 0xE7, 0x62, 0xA3, 0xE7, 0x62, 0xA3, 0xE7, 0x62, 0xA3, 0xE7, 0x62, 0xA3, 0xE7, 0x62, 0xA3, 0xE7, 0x62, 0xA3, 0xE7, 0x62, 0xA3, 0xE7, 0x62, 0xA3, 0xE7, 0x62, 0xA3, 0xE7, 0x62, 0xA3, 0xE7, 0x62, 0xA3, 0xE7, 
        0x62, 0xA3, 0xE7, 0x62, 0xA3, 0xE7, 0x62, 0xA3, 0xE7, 0x62, 0xA3, 0xE7, 0x62, 0xA3, 0xE7, 0x62, 0xA3, 0xE7, 0x62, 0xA3, 0xE7, 0x62, 0xA3, 0xE7, 0x62, 0xA3, 0xE7, 0x62, 0xA3, 0xE7, 0x62, 0xA3, 0xE7, 0x62, 0xA3, 0xE7, 0x62, 0xA3, 0xE7, 
        0x62, 0xA3, 0xE7, 0x62, 0xA3, 0xE7, 0x62, 0xA3, 0xE7, 0x62, 0xA3, 0xE7, 0x62, 0xA3, 0xE7,
  0x62, 0xA3, 0xE7, 0x62, 0xA3, 0xE7, 0x62, 0xA3, 0xE7, 0x62, 0xA3, 0xE7, 0x62, 0xA3, 0xE7, 0x62, 0xA3, 0xE7, 0x62, 0xA3, 0xE7, 0x62, 0xA3, 0xE7, 0x62, 0xA3, 0xE7, 0x62, 0xA3, 0xE7, 0x62, 0xA3, 0xE7, 0x62, 0xA3, 0xE7, 0x62, 0xA3, 0xE7, 0x62, 0xA3, 0xE7, 
        0x62, 0xA3, 0xE7, 0x62, 0xA3, 0xE7, 0x62, 0xA3, 0xE7, 0x62, 0xA3, 0xE7, 0x62, 0xA3, 0xE7, 0x62, 0xA3, 0xE7, 0x62, 0xA3, 0xE7, 0x62, 0xA3, 0xE7, 0x62, 0xA3, 0xE7, 0x62, 0xA3, 0xE7, 0x62, 0xA3, 0xE7, 0x62, 0xA3, 0xE7, 0x62, 0xA3, 0xE7, 
        0x62, 0xA3, 0xE7, 0x62, 0xA3, 0xE7, 0x62, 0xA3, 0xE7, 0x62, 0xA3, 0xE7, 0x62, 0xA3, 0xE7, 0x62, 0xA3, 0xE7, 0x62, 0xA3, 0xE7, 0x62, 0xA3, 0xE7, 0x6F, 0xAA, 0xE9, 0xB3, 0xD3, 0xF3, 0xB8, 0xD5, 0xF4, 0xBA, 0xD6, 0xF4, 0xB8, 0xD5, 0xF5, 
        0xBC, 0xD8, 0xF5, 0xBE, 0xD9, 0xF5, 0x69, 0xA7, 0xE8, 0x62, 0xA3, 0xE7, 0x6E, 0xAA, 0xE9, 0xC4, 0xDC, 0xF6, 0xC6, 0xDD, 0xF6, 0x88, 0xB9, 0xED, 0x62, 0xA3, 0xE7, 0x62, 0xA3, 0xE7, 0x62, 0xA3, 0xE7, 0x62, 0xA3, 0xE7, 0x62, 0xA3, 0xE7, 
        0x62, 0xA3, 0xE7, 0x62, 0xA3, 0xE7, 0x62, 0xA3, 0xE7, 0x62, 0xA3, 0xE7, 0xB5, 0xD3, 0xF3, 0xDC, 0xEA, 0xFA, 0xC7, 0xDE, 0xF6, 0x62, 0xA3, 0xE7, 0x62, 0xA3, 0xE7, 0x62, 0xA3, 0xE7, 0x62, 0xA3, 0xE7, 0x62, 0xA3, 0xE7, 0x62, 0xA3, 0xE7, 
        0x62, 0xA3, 0xE7, 0x62, 0xA3, 0xE7, 0x62, 0xA3, 0xE7, 0x62, 0xA3, 0xE7, 0xA4, 0xCA, 0xF1, 0xF2, 0xF7, 0xFD, 0xF4, 0xF8, 0xFD, 0x8D, 0xBC, 0xED, 0x62, 0xA3, 0xE7, 0x62, 0xA3, 0xE7, 0x62, 0xA3, 0xE7, 0x62, 0xA3, 0xE7, 0x62, 0xA3, 0xE7, 
        0x62, 0xA3, 0xE7, 0x62, 0xA3, 0xE7, 0x62, 0xA3, 0xE7, 0x62, 0xA3, 0xE7, 0x9D, 0xC6, 0xF0, 0xFD, 0xFE, 0xFF, 0xFD, 0xFE, 0xFF, 0x75, 0xAE, 0xEA, 0x62, 0xA3, 0xE7, 0x62, 0xA3, 0xE7, 0x62, 0xA3, 0xE7, 0x62, 0xA3, 0xE7, 0x62, 0xA3, 0xE7, 
        0xD0, 0xE4, 0xF8, 0xF2, 0xF8, 0xFD, 0xCE, 0xE2, 0xF8, 0x62, 0xA3, 0xE7, 0x62, 0xA3, 0xE7, 0x62, 0xA3, 0xE7, 0x62, 0xA3, 0xE7, 0x62, 0xA3, 0xE7, 0x62, 0xA3, 0xE7, 0x62, 0xA3, 0xE7, 0x62, 0xA3, 0xE7, 0x62, 0xA3, 0xE7, 0x62, 0xA3, 0xE7, 
        0x62, 0xA3, 0xE7, 0x62, 0xA3, 0xE7, 0x62, 0xA3, 0xE7, 0x78, 0xB0, 0xEA, 0xD7, 0xE7, 0xF9, 0xD5, 0xE6, 0xF9, 0xD3, 0xE5, 0xF8, 0xD1, 0xE4, 0xF8, 0xCF, 0xE3, 0xF8, 0xC0, 0xDA, 0xF5, 0x6A, 0xA8, 0xE8, 0x62, 0xA3, 0xE7, 0x95, 0xC1, 0xEF, 
        0xC6, 0xDE, 0xF6, 0xC5, 0xDD, 0xF6, 0x62, 0xA3, 0xE7, 0x62, 0xA3, 0xE7, 0xB2, 0xD2, 0xF3, 0xBE, 0xD9, 0xF5, 0xB5, 0xD3, 0xF4, 0x68, 0xA6, 0xE8, 0x62, 0xA3, 0xE7, 0x62, 0xA3, 0xE7, 0x62, 0xA3, 0xE7, 0x62, 0xA3, 0xE7, 0x62, 0xA3, 0xE7, 
        0x62, 0xA3, 0xE7, 0x62, 0xA3, 0xE7, 0x62, 0xA3, 0xE7, 0x62, 0xA3, 0xE7, 0x62, 0xA3, 0xE7, 0x62, 0xA3, 0xE7, 0x62, 0xA3, 0xE7, 0x62, 0xA3, 0xE7, 0x62, 0xA3, 0xE7, 0x62, 0xA3, 0xE7, 0x62, 0xA3, 0xE7, 0x62, 0xA3, 0xE7, 0x62, 0xA3, 0xE7, 
        0x62, 0xA3, 0xE7, 0x62, 0xA3, 0xE7, 0x62, 0xA3, 0xE7, 0x62, 0xA3, 0xE7, 0x62, 0xA3, 0xE7, 0x62, 0xA3, 0xE7, 0x62, 0xA3, 0xE7, 0x62, 0xA3, 0xE7, 0x62, 0xA3, 0xE7, 0x62, 0xA3, 0xE7, 0x62, 0xA3, 0xE7, 0x62, 0xA3, 0xE7, 0x62, 0xA3, 0xE7, 
        0x62, 0xA3, 0xE7, 0x62, 0xA3, 0xE7, 0x62, 0xA3, 0xE7, 0x62, 0xA3, 0xE7, 0x62, 0xA3, 0xE7,
  0x62, 0xA3, 0xE7, 0x62, 0xA3, 0xE7, 0x62, 0xA3, 0xE7, 0x62, 0xA3, 0xE7, 0x62, 0xA3, 0xE7, 0x62, 0xA3, 0xE7, 0x62, 0xA3, 0xE7, 0x62, 0xA3, 0xE7, 0x62, 0xA3, 0xE7, 0x62, 0xA3, 0xE7, 0x62, 0xA3, 0xE7, 0x62, 0xA3, 0xE7, 0x62, 0xA3, 0xE7, 0x62, 0xA3, 0xE7, 
        0x62, 0xA3, 0xE7, 0x62, 0xA3, 0xE7, 0x62, 0xA3, 0xE7, 0x62, 0xA3, 0xE7, 0x62, 0xA3, 0xE7, 0x62, 0xA3, 0xE7, 0x62, 0xA3, 0xE7, 0x62, 0xA3, 0xE7, 0x62, 0xA3, 0xE7, 0x62, 0xA3, 0xE7, 0x62, 0xA3, 0xE7, 0x62, 0xA3, 0xE7, 0x62, 0xA3, 0xE7, 
        0x62, 0xA3, 0xE7, 0x62, 0xA3, 0xE7, 0x62, 0xA3, 0xE7, 0x62, 0xA3, 0xE7, 0x62, 0xA3, 0xE7, 0x62, 0xA3, 0xE7, 0x62, 0xA3, 0xE7, 0x66, 0xA5, 0xE8, 0xA8, 0xCC, 0xF2, 0xB7, 0xD5, 0xF4, 0xB8, 0xD5, 0xF4, 0x96, 0xC1, 0xEF, 0x9F, 0xC7, 0xF1, 
        0xBD, 0xD8, 0xF5, 0xBE, 0xD9, 0xF5, 0x73, 0xAD, 0xEA, 0x62, 0xA3, 0xE7, 0x6E, 0xAA, 0xE9, 0xC4, 0xDC, 0xF6, 0xC6, 0xDD, 0xF6, 0x88, 0xB9, 0xED, 0x62, 0xA3, 0xE7, 0x62, 0xA3, 0xE7, 0x62, 0xA3, 0xE7, 0x62, 0xA3, 0xE7, 0x62, 0xA3, 0xE7, 
        0x62, 0xA3, 0xE7, 0x62, 0xA3, 0xE7, 0x62, 0xA3, 0xE7, 0x62, 0xA3, 0xE7, 0xB5, 0xD3, 0xF3, 0xDC, 0xEA, 0xFA, 0xC7, 0xDE, 0xF6, 0x62, 0xA3, 0xE7, 0x62, 0xA3, 0xE7, 0x62, 0xA3, 0xE7, 0x62, 0xA3, 0xE7, 0x62, 0xA3, 0xE7, 0x62, 0xA3, 0xE7, 
        0x62, 0xA3, 0xE7, 0x62, 0xA3, 0xE7, 0x62, 0xA3, 0xE7, 0x62, 0xA3, 0xE7, 0x79, 0xB1, 0xEB, 0xF1, 0xF6, 0xFD, 0xF4, 0xF8, 0xFD, 0xF5, 0xF9, 0xFD, 0xF0, 0xF6, 0xFD, 0xEF, 0xF6, 0xFD, 0xF0, 0xF6, 0xFD, 0xF1, 0xF7, 0xFD, 0xE7, 0xF1, 0xFB, 
        0xBD, 0xD8, 0xF5, 0x6F, 0xAA, 0xE9, 0x62, 0xA3, 0xE7, 0x62, 0xA3, 0xE7, 0x9D, 0xC6, 0xF0, 0xFD, 0xFE, 0xFF, 0xFD, 0xFE, 0xFF, 0x75, 0xAE, 0xEA, 0x98, 0xC2, 0xEF, 0xE8, 0xF2, 0xFB, 0xEF, 0xF6, 0xFD, 0xEE, 0xF5, 0xFD, 0xEC, 0xF4, 0xFC, 
        0xF2, 0xF8, 0xFD, 0xF2, 0xF8, 0xFD, 0xCE, 0xE2, 0xF8, 0x62, 0xA3, 0xE7, 0x98, 0xC3, 0xEF, 0xDB, 0xEA, 0xF9, 0xDA, 0xE9, 0xF9, 0xD9, 0xE8, 0xF9, 0xD7, 0xE8, 0xF9, 0xD5, 0xE7, 0xF9, 0xD3, 0xE6, 0xF9, 0xD2, 0xE5, 0xF8, 0xD1, 0xE4, 0xF8, 
        0x62, 0xA3, 0xE7, 0x62, 0xA3, 0xE7, 0x62, 0xA3, 0xE7, 0x78, 0xB0, 0xEA, 0xD7, 0xE7, 0xF9, 0xD5, 0xE6, 0xF9, 0xB2, 0xD2, 0xF3, 0xD1, 0xE4, 0xF8, 0xCF, 0xE3, 0xF8, 0xCD, 0xE2, 0xF7, 0xB3, 0xD2, 0xF3, 0x64, 0xA4, 0xE7, 0x95, 0xC1, 0xEF, 
        0xC6, 0xDE, 0xF6, 0xC5, 0xDD, 0xF6, 0x62, 0xA3, 0xE7, 0x68, 0xA7, 0xE8, 0xC0, 0xDA, 0xF5, 0xBE, 0xD9, 0xF5, 0x95, 0xC1, 0xEF, 0x62, 0xA3, 0xE7, 0x62, 0xA3, 0xE7, 0x62, 0xA3, 0xE7, 0x97, 0xC2, 0xEF, 0xB1, 0xD1, 0xF3, 0xB0, 0xD0, 0xF3, 
        0xAC, 0xCE, 0xF2, 0x9A, 0xC3, 0xEF, 0x6B, 0xA8, 0xE8, 0x62, 0xA3, 0xE7, 0x62, 0xA3, 0xE7, 0x62, 0xA3, 0xE7, 0x62, 0xA3, 0xE7, 0x62, 0xA3, 0xE7, 0x62, 0xA3, 0xE7, 0x62, 0xA3, 0xE7, 0x62, 0xA3, 0xE7, 0x62, 0xA3, 0xE7, 0x62, 0xA3, 0xE7, 
        0x62, 0xA3, 0xE7, 0x62, 0xA3, 0xE7, 0x62, 0xA3, 0xE7, 0x62, 0xA3, 0xE7, 0x62, 0xA3, 0xE7, 0x62, 0xA3, 0xE7, 0x62, 0xA3, 0xE7, 0x62, 0xA3, 0xE7, 0x62, 0xA3, 0xE7, 0x62, 0xA3, 0xE7, 0x62, 0xA3, 0xE7, 0x62, 0xA3, 0xE7, 0x62, 0xA3, 0xE7, 
        0x62, 0xA3, 0xE7, 0x62, 0xA3, 0xE7, 0x62, 0xA3, 0xE7, 0x62, 0xA3, 0xE7, 0x62, 0xA3, 0xE7,
  0x62, 0xA3, 0xE7, 0x62, 0xA3, 0xE7, 0x62, 0xA3, 0xE7, 0x62, 0xA3, 0xE7, 0x62, 0xA3, 0xE7, 0x62, 0xA3, 0xE7, 0x62, 0xA3, 0xE7, 0x62, 0xA3, 0xE7, 0x62, 0xA3, 0xE7, 0x62, 0xA3, 0xE7, 0x62, 0xA3, 0xE7, 0x62, 0xA3, 0xE7, 0x62, 0xA3, 0xE7, 0x62, 0xA3, 0xE7, 
        0x62, 0xA3, 0xE7, 0x62, 0xA3, 0xE7, 0x62, 0xA3, 0xE7, 0x62, 0xA3, 0xE7, 0x62, 0xA3, 0xE7, 0x62, 0xA3, 0xE7, 0x62, 0xA3, 0xE7, 0x62, 0xA3, 0xE7, 0x62, 0xA3, 0xE7, 0x62, 0xA3, 0xE7, 0x62, 0xA3, 0xE7, 0x62, 0xA3, 0xE7, 0x62, 0xA3, 0xE7, 
        0x62, 0xA3, 0xE7, 0x62, 0xA3, 0xE7, 0x62, 0xA3, 0xE7, 0x62, 0xA3, 0xE7, 0x62, 0xA3, 0xE7, 0x62, 0xA3, 0xE7, 0x62, 0xA3, 0xE7, 0x98, 0xC2, 0xEF, 0xB6, 0xD4, 0xF4, 0xB7, 0xD5, 0xF4, 0xA1, 0xC8, 0xF0, 0x63, 0xA4, 0xE7, 0x95, 0xC1, 0xEF, 
        0xBD, 0xD8, 0xF5, 0xBE, 0xD9, 0xF5, 0x7D, 0xB3, 0xEB, 0x62, 0xA3, 0xE7, 0x6B, 0xA8, 0xE8, 0xC5, 0xDD, 0xF6, 0xC6, 0xDD, 0xF6, 0x88, 0xBA, 0xED, 0x62, 0xA3, 0xE7, 0x62, 0xA3, 0xE7, 0x62, 0xA3, 0xE7, 0x62, 0xA3, 0xE7, 0x62, 0xA3, 0xE7, 
        0x62, 0xA3, 0xE7, 0x62, 0xA3, 0xE7, 0x62, 0xA3, 0xE7, 0x62, 0xA3, 0xE7, 0xB2, 0xD1, 0xF3, 0xDC, 0xEA, 0xFA, 0xC7, 0xDF, 0xF6, 0x62, 0xA3, 0xE7, 0x62, 0xA3, 0xE7, 0x62, 0xA3, 0xE7, 0x62, 0xA3, 0xE7, 0x62, 0xA3, 0xE7, 0x62, 0xA3, 0xE7, 
        0x62, 0xA3, 0xE7, 0x62, 0xA3, 0xE7, 0x62, 0xA3, 0xE7, 0x62, 0xA3, 0xE7, 0x62, 0xA3, 0xE7, 0xA1, 0xC8, 0xF1, 0xF3, 0xF8, 0xFD, 0xF5, 0xF9, 0xFD, 0xF6, 0xFA, 0xFE, 0xF8, 0xFB, 0xFE, 0xF9, 0xFC, 0xFE, 0xFA, 0xFC, 0xFE, 0xFB, 0xFD, 0xFE, 
        0xFC, 0xFD, 0xFF, 0xE7, 0xF1, 0xFC, 0x6B, 0xA8, 0xE8, 0x62, 0xA3, 0xE7, 0x9D, 0xC5, 0xF0, 0xFD, 0xFE, 0xFF, 0xFC, 0xFD, 0xFF, 0x74, 0xAE, 0xEA, 0xD0, 0xE3, 0xF8, 0xF9, 0xFC, 0xFE, 0xF8, 0xFB, 0xFE, 0xF6, 0xFA, 0xFE, 0xF5, 0xF9, 0xFD, 
        0xF4, 0xF8, 0xFD, 0xF2, 0xF8, 0xFD, 0xCE, 0xE2, 0xF8, 0x62, 0xA3, 0xE7, 0x9C, 0xC5, 0xF0, 0xEC, 0xF4, 0xFC, 0xEB, 0xF3, 0xFC, 0xE9, 0xF2, 0xFC, 0xE7, 0xF1, 0xFB, 0xE5, 0xF0, 0xFB, 0xE3, 0xEF, 0xFB, 0xE2, 0xEE, 0xFA, 0xDF, 0xEC, 0xFA, 
        0x62, 0xA3, 0xE7, 0x62, 0xA3, 0xE7, 0x62, 0xA3, 0xE7, 0x78, 0xB0, 0xEA, 0xD6, 0xE7, 0xF9, 0xD4, 0xE6, 0xF8, 0x85, 0xB8, 0xEC, 0x98, 0xC3, 0xEF, 0xCF, 0xE3, 0xF8, 0xCD, 0xE2, 0xF7, 0xCB, 0xE1, 0xF7, 0xA5, 0xCA, 0xF1, 0x98, 0xC3, 0xEF, 
        0xC6, 0xDD, 0xF6, 0xC5, 0xDD, 0xF6, 0x62, 0xA3, 0xE7, 0x69, 0xA7, 0xE8, 0xC0, 0xDA, 0xF5, 0xBE, 0xD9, 0xF5, 0x8F, 0xBD, 0xEE, 0x62, 0xA3, 0xE7, 0x62, 0xA3, 0xE7, 0x65, 0xA5, 0xE7, 0xB6, 0xD5, 0xF4, 0xB6, 0xD4, 0xF4, 0xB5, 0xD3, 0xF4, 
        0xB4, 0xD3, 0xF3, 0xB3, 0xD2, 0xF3, 0x9B, 0xC4, 0xF0, 0x62, 0xA3, 0xE7, 0x62, 0xA3, 0xE7, 0x62, 0xA3, 0xE7, 0x62, 0xA3, 0xE7, 0x62, 0xA3, 0xE7, 0x62, 0xA3, 0xE7, 0x62, 0xA3, 0xE7, 0x62, 0xA3, 0xE7, 0x62, 0xA3, 0xE7, 0x62, 0xA3, 0xE7, 
        0x62, 0xA3, 0xE7, 0x62, 0xA3, 0xE7, 0x62, 0xA3, 0xE7, 0x62, 0xA3, 0xE7, 0x62, 0xA3, 0xE7, 0x62, 0xA3, 0xE7, 0x62, 0xA3, 0xE7, 0x62, 0xA3, 0xE7, 0x62, 0xA3, 0xE7, 0x62, 0xA3, 0xE7, 0x62, 0xA3, 0xE7, 0x62, 0xA3, 0xE7, 0x62, 0xA3, 0xE7, 
        0x62, 0xA3, 0xE7, 0x62, 0xA3, 0xE7, 0x62, 0xA3, 0xE7, 0x62, 0xA3, 0xE7, 0x62, 0xA3, 0xE7,
  0x62, 0xA3, 0xE7, 0x62, 0xA3, 0xE7, 0x62, 0xA3, 0xE7, 0x62, 0xA3, 0xE7, 0x62, 0xA3, 0xE7, 0x62, 0xA3, 0xE7, 0x62, 0xA3, 0xE7, 0x62, 0xA3, 0xE7, 0x62, 0xA3, 0xE7, 0x62, 0xA3, 0xE7, 0x62, 0xA3, 0xE7, 0x62, 0xA3, 0xE7, 0x62, 0xA3, 0xE7, 0x62, 0xA3, 0xE7, 
        0x62, 0xA3, 0xE7, 0x62, 0xA3, 0xE7, 0x62, 0xA3, 0xE7, 0x62, 0xA3, 0xE7, 0x62, 0xA3, 0xE7, 0x62, 0xA3, 0xE7, 0x62, 0xA3, 0xE7, 0x62, 0xA3, 0xE7, 0x62, 0xA3, 0xE7, 0x62, 0xA3, 0xE7, 0x62, 0xA3, 0xE7, 0x62, 0xA3, 0xE7, 0x62, 0xA3, 0xE7, 
        0x62, 0xA3, 0xE7, 0x62, 0xA3, 0xE7, 0x62, 0xA3, 0xE7, 0x62, 0xA3, 0xE7, 0x62, 0xA3, 0xE7, 0x62, 0xA3, 0xE7, 0x85, 0xB7, 0xEC, 0xB5, 0xD3, 0xF4, 0xB6, 0xD4, 0xF4, 0xAA, 0xCD, 0xF2, 0x67, 0xA6, 0xE8, 0x62, 0xA3, 0xE7, 0x8A, 0xBB, 0xED, 
        0xBD, 0xD8, 0xF5, 0xBE, 0xD9, 0xF5, 0x87, 0xB9, 0xED, 0x62, 0xA3, 0xE7, 0x68, 0xA7, 0xE8, 0xC5, 0xDD, 0xF6, 0xC6, 0xDE, 0xF6, 0x88, 0xBA, 0xED, 0x62, 0xA3, 0xE7, 0x62, 0xA3, 0xE7, 0x62, 0xA3, 0xE7, 0x62, 0xA3, 0xE7, 0x62, 0xA3, 0xE7, 
        0x62, 0xA3, 0xE7, 0x62, 0xA3, 0xE7, 0x62, 0xA3, 0xE7, 0x62, 0xA3, 0xE7, 0xAD, 0xCF, 0xF2, 0xDC, 0xEA, 0xFA, 0xC7, 0xDF, 0xF6, 0x62, 0xA3, 0xE7, 0x62, 0xA3, 0xE7, 0x62, 0xA3, 0xE7, 0x62, 0xA3, 0xE7, 0x62, 0xA3, 0xE7, 0x62, 0xA3, 0xE7, 
        0x62, 0xA3, 0xE7, 0x62, 0xA3, 0xE7, 0x62, 0xA3, 0xE7, 0x62, 0xA3, 0xE7, 0x62, 0xA3, 0xE7, 0x62, 0xA3, 0xE7, 0x7C, 0xB3, 0xEB, 0xA9, 0xCD, 0xF2, 0xB6, 0xD4, 0xF4, 0xB7, 0xD5, 0xF4, 0xB7, 0xD5, 0xF4, 0xB8, 0xD6, 0xF4, 0xD9, 0xE9, 0xF9, 
        0xFD, 0xFE, 0xFF, 0xFD, 0xFE, 0xFF, 0xA6, 0xCB, 0xF1, 0x62, 0xA3, 0xE7, 0x9D, 0xC5, 0xF0, 0xFD, 0xFE, 0xFF, 0xFC, 0xFD, 0xFF, 0x6C, 0xA9, 0xE8, 0x9E, 0xC6, 0xF0, 0xB3, 0xD2, 0xF3, 0xB7, 0xD5, 0xF4, 0xB6, 0xD4, 0xF4, 0xBB, 0xD7, 0xF4, 
        0xF2, 0xF7, 0xFD, 0xF2, 0xF7, 0xFD, 0xCE, 0xE2, 0xF8, 0x62, 0xA3, 0xE7, 0x97, 0xC2, 0xEF, 0xEC, 0xF4, 0xFC, 0xEA, 0xF3, 0xFC, 0xBD, 0xD9, 0xF5, 0xAD, 0xCF, 0xF2, 0xAC, 0xCE, 0xF2, 0xAB, 0xCE, 0xF2, 0xAA, 0xCD, 0xF2, 0x92, 0xBF, 0xEE, 
        0x62, 0xA3, 0xE7, 0x62, 0xA3, 0xE7, 0x62, 0xA3, 0xE7, 0x78, 0xB0, 0xEA, 0xD6, 0xE7, 0xF9, 0xD4, 0xE6, 0xF8, 0x85, 0xB8, 0xEC, 0x62, 0xA3, 0xE7, 0xA9, 0xCD, 0xF2, 0xCD, 0xE2, 0xF7, 0xCB, 0xE1, 0xF7, 0xC9, 0xDF, 0xF7, 0xC2, 0xDB, 0xF5, 
        0xC6, 0xDD, 0xF6, 0xC4, 0xDC, 0xF6, 0x62, 0xA3, 0xE7, 0x62, 0xA3, 0xE7, 0xBA, 0xD6, 0xF4, 0xBE, 0xD9, 0xF5, 0xA0, 0xC7, 0xF0, 0x62, 0xA3, 0xE7, 0x62, 0xA3, 0xE7, 0x68, 0xA6, 0xE8, 0x92, 0xBF, 0xEE, 0x91, 0xBF, 0xEE, 0x94, 0xC0, 0xEF, 
        0xB1, 0xD1, 0xF3, 0xB3, 0xD2, 0xF3, 0xB0, 0xD1, 0xF3, 0x62, 0xA3, 0xE7, 0x62, 0xA3, 0xE7, 0x62, 0xA3, 0xE7, 0x62, 0xA3, 0xE7, 0x62, 0xA3, 0xE7, 0x62, 0xA3, 0xE7, 0x62, 0xA3, 0xE7, 0x62, 0xA3, 0xE7, 0x62, 0xA3, 0xE7, 0x62, 0xA3, 0xE7, 
        0x62, 0xA3, 0xE7, 0x62, 0xA3, 0xE7, 0x62, 0xA3, 0xE7, 0x62, 0xA3, 0xE7, 0x62, 0xA3, 0xE7, 0x62, 0xA3, 0xE7, 0x62, 0xA3, 0xE7, 0x62, 0xA3, 0xE7, 0x62, 0xA3, 0xE7, 0x62, 0xA3, 0xE7, 0x62, 0xA3, 0xE7, 0x62, 0xA3, 0xE7, 0x62, 0xA3, 0xE7, 
        0x62, 0xA3, 0xE7, 0x62, 0xA3, 0xE7, 0x62, 0xA3, 0xE7, 0x62, 0xA3, 0xE7, 0x62, 0xA3, 0xE7,
  0x62, 0xA3, 0xE7, 0x62, 0xA3, 0xE7, 0x62, 0xA3, 0xE7, 0x62, 0xA3, 0xE7, 0x62, 0xA3, 0xE7, 0x62, 0xA3, 0xE7, 0x62, 0xA3, 0xE7, 0x62, 0xA3, 0xE7, 0x62, 0xA3, 0xE7, 0x62, 0xA3, 0xE7, 0x62, 0xA3, 0xE7, 0x62, 0xA3, 0xE7, 0x62, 0xA3, 0xE7, 0x62, 0xA3, 0xE7, 
        0x62, 0xA3, 0xE7, 0x62, 0xA3, 0xE7, 0x62, 0xA3, 0xE7, 0x62, 0xA3, 0xE7, 0x62, 0xA3, 0xE7, 0x62, 0xA3, 0xE7, 0x62, 0xA3, 0xE7, 0x62, 0xA3, 0xE7, 0x62, 0xA3, 0xE7, 0x62, 0xA3, 0xE7, 0x62, 0xA3, 0xE7, 0x62, 0xA3, 0xE7, 0x62, 0xA3, 0xE7, 
        0x62, 0xA3, 0xE7, 0x62, 0xA3, 0xE7, 0x62, 0xA3, 0xE7, 0x62, 0xA3, 0xE7, 0x62, 0xA3, 0xE7, 0x74, 0xAD, 0xEA, 0xB2, 0xD2, 0xF3, 0xB5, 0xD3, 0xF4, 0xB0, 0xD1, 0xF3, 0x6E, 0xAA, 0xE9, 0x62, 0xA3, 0xE7, 0x62, 0xA3, 0xE7, 0x81, 0xB5, 0xEC, 
        0xBD, 0xD8, 0xF5, 0xBE, 0xD9, 0xF5, 0x91, 0xBF, 0xEE, 0x62, 0xA3, 0xE7, 0x65, 0xA5, 0xE7, 0xC5, 0xDD, 0xF6, 0xC6, 0xDE, 0xF6, 0x88, 0xBA, 0xED, 0x62, 0xA3, 0xE7, 0x62, 0xA3, 0xE7, 0x62, 0xA3, 0xE7, 0x62, 0xA3, 0xE7, 0x62, 0xA3, 0xE7, 
        0x62, 0xA3, 0xE7, 0x62, 0xA3, 0xE7, 0x62, 0xA3, 0xE7, 0x62, 0xA3, 0xE7, 0xA9, 0xCC, 0xF2, 0xDC, 0xEB, 0xFA, 0xC7, 0xDF, 0xF6, 0x62, 0xA3, 0xE7, 0x62, 0xA3, 0xE7, 0x62, 0xA3, 0xE7, 0x62, 0xA3, 0xE7, 0x62, 0xA3, 0xE7, 0x62, 0xA3, 0xE7, 
        0x62, 0xA3, 0xE7, 0x62, 0xA3, 0xE7, 0x62, 0xA3, 0xE7, 0x62, 0xA3, 0xE7, 0x62, 0xA3, 0xE7, 0x62, 0xA3, 0xE7, 0x62, 0xA3, 0xE7, 0x62, 0xA3, 0xE7, 0x62, 0xA3, 0xE7, 0x62, 0xA3, 0xE7, 0x62, 0xA3, 0xE7, 0x62, 0xA3, 0xE7, 0x64, 0xA4, 0xE7, 
        0xF5, 0xF9, 0xFE, 0xFD, 0xFE, 0xFF, 0xC1, 0xDB, 0xF6, 0x62, 0xA3, 0xE7, 0x9D, 0xC5, 0xF0, 0xFD, 0xFE, 0xFF, 0xFC, 0xFD, 0xFF, 0x6C, 0xA9, 0xE8, 0x62, 0xA3, 0xE7, 0x62, 0xA3, 0xE7, 0x62, 0xA3, 0xE7, 0x62, 0xA3, 0xE7, 0x62, 0xA3, 0xE7, 
        0xD3, 0xE5, 0xF8, 0xF2, 0xF7, 0xFD, 0xCE, 0xE2, 0xF8, 0x62, 0xA3, 0xE7, 0x8F, 0xBD, 0xEE, 0xEC, 0xF4, 0xFC, 0xEA, 0xF3, 0xFC, 0x73, 0xAD, 0xEA, 0x62, 0xA3, 0xE7, 0x62, 0xA3, 0xE7, 0x62, 0xA3, 0xE7, 0x62, 0xA3, 0xE7, 0x62, 0xA3, 0xE7, 
        0x62, 0xA3, 0xE7, 0x62, 0xA3, 0xE7, 0x62, 0xA3, 0xE7, 0x78, 0xB0, 0xEA, 0xD6, 0xE7, 0xF9, 0xD4, 0xE6, 0xF8, 0x85, 0xB8, 0xEC, 0x62, 0xA3, 0xE7, 0x65, 0xA5, 0xE8, 0xB6, 0xD4, 0xF4, 0xCB, 0xE0, 0xF7, 0xC9, 0xDF, 0xF7, 0xC8, 0xDE, 0xF6, 
        0xC6, 0xDD, 0xF6, 0xC4, 0xDC, 0xF6, 0x62, 0xA3, 0xE7, 0x62, 0xA3, 0xE7, 0xA0, 0xC7, 0xF0, 0xBE, 0xD9, 0xF5, 0xBB, 0xD7, 0xF5, 0x76, 0xAF, 0xEA, 0x62, 0xA3, 0xE7, 0x62, 0xA3, 0xE7, 0x62, 0xA3, 0xE7, 0x62, 0xA3, 0xE7, 0x62, 0xA3, 0xE7, 
        0x97, 0xC2, 0xEF, 0xB3, 0xD2, 0xF3, 0xB2, 0xD2, 0xF3, 0x62, 0xA3, 0xE7, 0x62, 0xA3, 0xE7, 0x62, 0xA3, 0xE7, 0x62, 0xA3, 0xE7, 0x62, 0xA3, 0xE7, 0x62, 0xA3, 0xE7, 0x62, 0xA3, 0xE7, 0x62, 0xA3, 0xE7, 0x62, 0xA3, 0xE7, 0x62, 0xA3, 0xE7, 
        0x62, 0xA3, 0xE7, 0x62, 0xA3, 0xE7, 0x62, 0xA3, 0xE7, 0x62, 0xA3, 0xE7, 0x62, 0xA3, 0xE7, 0x62, 0xA3, 0xE7, 0x62, 0xA3, 0xE7, 0x62, 0xA3, 0xE7, 0x62, 0xA3, 0xE7, 0x62, 0xA3, 0xE7, 0x62, 0xA3, 0xE7, 0x62, 0xA3, 0xE7, 0x62, 0xA3, 0xE7, 
        0x62, 0xA3, 0xE7, 0x62, 0xA3, 0xE7, 0x62, 0xA3, 0xE7, 0x62, 0xA3, 0xE7, 0x62, 0xA3, 0xE7,
  0x62, 0xA3, 0xE7, 0x62, 0xA3, 0xE7, 0x62, 0xA3, 0xE7, 0x62, 0xA3, 0xE7, 0x62, 0xA3, 0xE7, 0x62, 0xA3, 0xE7, 0x62, 0xA3, 0xE7, 0x62, 0xA3, 0xE7, 0x62, 0xA3, 0xE7, 0x62, 0xA3, 0xE7, 0x62, 0xA3, 0xE7, 0x62, 0xA3, 0xE7, 0x62, 0xA3, 0xE7, 0x62, 0xA3, 0xE7, 
        0x62, 0xA3, 0xE7, 0x62, 0xA3, 0xE7, 0x62, 0xA3, 0xE7, 0x62, 0xA3, 0xE7, 0x62, 0xA3, 0xE7, 0x62, 0xA3, 0xE7, 0x62, 0xA3, 0xE7, 0x62, 0xA3, 0xE7, 0x62, 0xA3, 0xE7, 0x62, 0xA3, 0xE7, 0x62, 0xA3, 0xE7, 0x62, 0xA3, 0xE7, 0x62, 0xA3, 0xE7, 
        0x62, 0xA3, 0xE7, 0x62, 0xA3, 0xE7, 0x62, 0xA3, 0xE7, 0x62, 0xA3, 0xE7, 0x69, 0xA7, 0xE8, 0xAA, 0xCD, 0xF2, 0xB4, 0xD3, 0xF3, 0xB3, 0xD3, 0xF4, 0x77, 0xAF, 0xEA, 0x62, 0xA3, 0xE7, 0x62, 0xA3, 0xE7, 0x62, 0xA3, 0xE7, 0x79, 0xB0, 0xEB, 
        0xBD, 0xD8, 0xF5, 0xBE, 0xD9, 0xF5, 0x9B, 0xC4, 0xEF, 0x62, 0xA3, 0xE7, 0x62, 0xA3, 0xE7, 0xC5, 0xDD, 0xF6, 0xC6, 0xDE, 0xF6, 0x9E, 0xC6, 0xF0, 0x70, 0xAB, 0xE9, 0x6F, 0xAB, 0xE9, 0x70, 0xAB, 0xE9, 0x70, 0xAB, 0xE9, 0x70, 0xAB, 0xE9, 
        0x70, 0xAB, 0xE9, 0x70, 0xAB, 0xE9, 0x62, 0xA3, 0xE7, 0x62, 0xA3, 0xE7, 0xA6, 0xCB, 0xF1, 0xDC, 0xEB, 0xFA, 0xD5, 0xE7, 0xF9, 0x7A, 0xB1, 0xEB, 0x72, 0xAC, 0xEA, 0x72, 0xAD, 0xEA, 0x73, 0xAD, 0xEA, 0x73, 0xAD, 0xEA, 0x73, 0xAD, 0xEA, 
        0x73, 0xAD, 0xEA, 0x68, 0xA7, 0xE8, 0x62, 0xA3, 0xE7, 0x62, 0xA3, 0xE7, 0x71, 0xAC, 0xE9, 0x74, 0xAE, 0xEA, 0x74, 0xAE, 0xEA, 0x75, 0xAE, 0xEA, 0x75, 0xAE, 0xEA, 0x75, 0xAE, 0xEA, 0x75, 0xAE, 0xEA, 0x79, 0xB0, 0xEA, 0x9D, 0xC6, 0xF0, 
        0xFC, 0xFD, 0xFF, 0xFD, 0xFE, 0xFF, 0xB5, 0xD4, 0xF4, 0x62, 0xA3, 0xE7, 0x9D, 0xC5, 0xF0, 0xFD, 0xFE, 0xFF, 0xFC, 0xFD, 0xFF, 0x6C, 0xA9, 0xE8, 0x62, 0xA3, 0xE7, 0x62, 0xA3, 0xE7, 0x62, 0xA3, 0xE7, 0x62, 0xA3, 0xE7, 0x62, 0xA3, 0xE7, 
        0xCF, 0xE3, 0xF8, 0xF2, 0xF7, 0xFD, 0xCE, 0xE2, 0xF8, 0x62, 0xA3, 0xE7, 0x85, 0xB8, 0xEC, 0xEC, 0xF4, 0xFC, 0xEA, 0xF3, 0xFC, 0x90, 0xBE, 0xEE, 0x73, 0xAD, 0xEA, 0x72, 0xAD, 0xEA, 0x72, 0xAC, 0xEA, 0x72, 0xAC, 0xE9, 0x72, 0xAC, 0xE9, 
        0x71, 0xAC, 0xE9, 0x6C, 0xA9, 0xE8, 0x62, 0xA3, 0xE7, 0x78, 0xB0, 0xEA, 0xD6, 0xE7, 0xF9, 0xD4, 0xE6, 0xF8, 0x85, 0xB8, 0xEC, 0x62, 0xA3, 0xE7, 0x62, 0xA3, 0xE7, 0x6C, 0xA9, 0xE8, 0xBF, 0xD9, 0xF5, 0xC9, 0xDF, 0xF7, 0xC8, 0xDE, 0xF6, 
        0xC6, 0xDD, 0xF6, 0xC4, 0xDC, 0xF6, 0x62, 0xA3, 0xE7, 0x62, 0xA3, 0xE7, 0x75, 0xAE, 0xEA, 0xBE, 0xD9, 0xF5, 0xBC, 0xD8, 0xF5, 0xB7, 0xD5, 0xF4, 0x8E, 0xBC, 0xED, 0x79, 0xB0, 0xEA, 0x72, 0xAC, 0xE9, 0x72, 0xAC, 0xE9, 0x75, 0xAE, 0xEA, 
        0xA9, 0xCD, 0xF1, 0xB3, 0xD2, 0xF3, 0xAA, 0xCD, 0xF2, 0x62, 0xA3, 0xE7, 0x62, 0xA3, 0xE7, 0x62, 0xA3, 0xE7, 0x62, 0xA3, 0xE7, 0x62, 0xA3, 0xE7, 0x62, 0xA3, 0xE7, 0x62, 0xA3, 0xE7, 0x62, 0xA3, 0xE7, 0x62, 0xA3, 0xE7, 0x62, 0xA3, 0xE7, 
        0x62, 0xA3, 0xE7, 0x62, 0xA3, 0xE7, 0x62, 0xA3, 0xE7, 0x62, 0xA3, 0xE7, 0x62, 0xA3, 0xE7, 0x62, 0xA3, 0xE7, 0x62, 0xA3, 0xE7, 0x62, 0xA3, 0xE7, 0x62, 0xA3, 0xE7, 0x62, 0xA3, 0xE7, 0x62, 0xA3, 0xE7, 0x62, 0xA3, 0xE7, 0x62, 0xA3, 0xE7, 
        0x62, 0xA3, 0xE7, 0x62, 0xA3, 0xE7, 0x62, 0xA3, 0xE7, 0x62, 0xA3, 0xE7, 0x62, 0xA3, 0xE7,
  0x62, 0xA3, 0xE7, 0x62, 0xA3, 0xE7, 0x62, 0xA3, 0xE7, 0x62, 0xA3, 0xE7, 0x62, 0xA3, 0xE7, 0x62, 0xA3, 0xE7, 0x62, 0xA3, 0xE7, 0x62, 0xA3, 0xE7, 0x62, 0xA3, 0xE7, 0x62, 0xA3, 0xE7, 0x62, 0xA3, 0xE7, 0x62, 0xA3, 0xE7, 0x62, 0xA3, 0xE7, 0x62, 0xA3, 0xE7, 
        0x62, 0xA3, 0xE7, 0x62, 0xA3, 0xE7, 0x62, 0xA3, 0xE7, 0x62, 0xA3, 0xE7, 0x62, 0xA3, 0xE7, 0x62, 0xA3, 0xE7, 0x62, 0xA3, 0xE7, 0x62, 0xA3, 0xE7, 0x62, 0xA3, 0xE7, 0x62, 0xA3, 0xE7, 0x62, 0xA3, 0xE7, 0x62, 0xA3, 0xE7, 0x62, 0xA3, 0xE7, 
        0x62, 0xA3, 0xE7, 0x62, 0xA3, 0xE7, 0x62, 0xA3, 0xE7, 0x63, 0xA4, 0xE7, 0x9D, 0xC6, 0xF0, 0xB3, 0xD2, 0xF3, 0xB4, 0xD3, 0xF4, 0x83, 0xB7, 0xEC, 0x62, 0xA3, 0xE7, 0x62, 0xA3, 0xE7, 0x62, 0xA3, 0xE7, 0x62, 0xA3, 0xE7, 0x70, 0xAB, 0xE9, 
        0xBD, 0xD8, 0xF5, 0xBE, 0xD9, 0xF5, 0xA5, 0xCA, 0xF1, 0x62, 0xA3, 0xE7, 0x62, 0xA3, 0xE7, 0xBC, 0xD8, 0xF5, 0xC7, 0xDE, 0xF6, 0xC9, 0xDF, 0xF7, 0xCA, 0xE0, 0xF7, 0xCC, 0xE1, 0xF7, 0xCE, 0xE2, 0xF7, 0xD0, 0xE3, 0xF8, 0xD1, 0xE4, 0xF8, 
        0xD3, 0xE5, 0xF8, 0xD5, 0xE6, 0xF9, 0x75, 0xAE, 0xEA, 0x62, 0xA3, 0xE7, 0x9B, 0xC4, 0xEF, 0xDC, 0xEB, 0xFA, 0xDF, 0xEC, 0xFA, 0xE0, 0xED, 0xFA, 0xE2, 0xEE, 0xFB, 0xE4, 0xEF, 0xFB, 0xE6, 0xF0, 0xFB, 0xE7, 0xF1, 0xFB, 0xE9, 0xF2, 0xFC, 
        0xEB, 0xF3, 0xFC, 0xB6, 0xD4, 0xF4, 0x62, 0xA3, 0xE7, 0xA0, 0xC7, 0xF1, 0xF1, 0xF7, 0xFD, 0xF3, 0xF8, 0xFD, 0xF4, 0xF9, 0xFD, 0xF6, 0xF9, 0xFE, 0xF7, 0xFA, 0xFE, 0xF8, 0xFB, 0xFE, 0xF9, 0xFC, 0xFE, 0xFB, 0xFC, 0xFE, 0xFC, 0xFD, 0xFE, 
        0xFD, 0xFE, 0xFF, 0xFC, 0xFE, 0xFF, 0x81, 0xB5, 0xEC, 0x62, 0xA3, 0xE7, 0x9D, 0xC5, 0xF0, 0xFD, 0xFE, 0xFF, 0xFC, 0xFD, 0xFF, 0x6C, 0xA9, 0xE8, 0x62, 0xA3, 0xE7, 0x62, 0xA3, 0xE7, 0x62, 0xA3, 0xE7, 0x62, 0xA3, 0xE7, 0x62, 0xA3, 0xE7, 
        0xCF, 0xE3, 0xF8, 0xF2, 0xF7, 0xFD, 0xCD, 0xE1, 0xF8, 0x62, 0xA3, 0xE7, 0x78, 0xB0, 0xEA, 0xEB, 0xF3, 0xFC, 0xEA, 0xF3, 0xFC, 0xE8, 0xF1, 0xFB, 0xE6, 0xF0, 0xFB, 0xE5, 0xEF, 0xFB, 0xE3, 0xEE, 0xFB, 0xE1, 0xED, 0xFA, 0xDF, 0xEC, 0xFA, 
        0xDD, 0xEB, 0xFA, 0xD0, 0xE3, 0xF8, 0x62, 0xA3, 0xE7, 0x78, 0xB0, 0xEA, 0xD6, 0xE7, 0xF9, 0xD4, 0xE6, 0xF8, 0x85, 0xB7, 0xEC, 0x62, 0xA3, 0xE7, 0x62, 0xA3, 0xE7, 0x62, 0xA3, 0xE7, 0x75, 0xAE, 0xEA, 0xC5, 0xDC, 0xF6, 0xC7, 0xDE, 0xF6, 
        0xC5, 0xDD, 0xF6, 0xC4, 0xDC, 0xF6, 0x62, 0xA3, 0xE7, 0x62, 0xA3, 0xE7, 0x62, 0xA3, 0xE7, 0x8C, 0xBB, 0xED, 0xBC, 0xD8, 0xF5, 0xBB, 0xD7, 0xF5, 0xBA, 0xD6, 0xF4, 0xB8, 0xD5, 0xF4, 0xB7, 0xD4, 0xF4, 0xB6, 0xD4, 0xF4, 0xB5, 0xD3, 0xF4, 
        0xB4, 0xD3, 0xF3, 0xB3, 0xD2, 0xF3, 0x95, 0xC1, 0xEF, 0x62, 0xA3, 0xE7, 0x62, 0xA3, 0xE7, 0x62, 0xA3, 0xE7, 0x62, 0xA3, 0xE7, 0x62, 0xA3, 0xE7, 0x62, 0xA3, 0xE7, 0x62, 0xA3, 0xE7, 0x62, 0xA3, 0xE7, 0x62, 0xA3, 0xE7, 0x62, 0xA3, 0xE7, 
        0x62, 0xA3, 0xE7, 0x62, 0xA3, 0xE7, 0x62, 0xA3, 0xE7, 0x62, 0xA3, 0xE7, 0x62, 0xA3, 0xE7, 0x62, 0xA3, 0xE7, 0x62, 0xA3, 0xE7, 0x62, 0xA3, 0xE7, 0x62, 0xA3, 0xE7, 0x62, 0xA3, 0xE7, 0x62, 0xA3, 0xE7, 0x62, 0xA3, 0xE7, 0x62, 0xA3, 0xE7, 
        0x62, 0xA3, 0xE7, 0x62, 0xA3, 0xE7, 0x62, 0xA3, 0xE7, 0x62, 0xA3, 0xE7, 0x62, 0xA3, 0xE7,
  0x62, 0xA3, 0xE7, 0x62, 0xA3, 0xE7, 0x62, 0xA3, 0xE7, 0x62, 0xA3, 0xE7, 0x62, 0xA3, 0xE7, 0x62, 0xA3, 0xE7, 0x62, 0xA3, 0xE7, 0x62, 0xA3, 0xE7, 0x62, 0xA3, 0xE7, 0x62, 0xA3, 0xE7, 0x62, 0xA3, 0xE7, 0x62, 0xA3, 0xE7, 0x62, 0xA3, 0xE7, 0x62, 0xA3, 0xE7, 
        0x62, 0xA3, 0xE7, 0x62, 0xA3, 0xE7, 0x62, 0xA3, 0xE7, 0x62, 0xA3, 0xE7, 0x62, 0xA3, 0xE7, 0x62, 0xA3, 0xE7, 0x62, 0xA3, 0xE7, 0x62, 0xA3, 0xE7, 0x62, 0xA3, 0xE7, 0x62, 0xA3, 0xE7, 0x62, 0xA3, 0xE7, 0x62, 0xA3, 0xE7, 0x62, 0xA3, 0xE7, 
        0x62, 0xA3, 0xE7, 0x62, 0xA3, 0xE7, 0x62, 0xA3, 0xE7, 0x8C, 0xBB, 0xED, 0xB3, 0xD2, 0xF3, 0xAF, 0xCF, 0xF2, 0x85, 0xB8, 0xED, 0x62, 0xA3, 0xE7, 0x62, 0xA3, 0xE7, 0x62, 0xA3, 0xE7, 0x62, 0xA3, 0xE7, 0x62, 0xA3, 0xE7, 0x66, 0xA5, 0xE8, 
        0xBA, 0xD6, 0xF5, 0xBF, 0xD9, 0xF5, 0xAF, 0xD0, 0xF2, 0x62, 0xA3, 0xE7, 0x62, 0xA3, 0xE7, 0x8F, 0xBE, 0xEE, 0xC7, 0xDE, 0xF6, 0xC9, 0xDF, 0xF7, 0xCA, 0xE0, 0xF7, 0xCC, 0xE1, 0xF7, 0xCE, 0xE2, 0xF7, 0xD0, 0xE3, 0xF8, 0xD1, 0xE4, 0xF8, 
        0xD4, 0xE5, 0xF8, 0xD5, 0xE6, 0xF9, 0x72, 0xAC, 0xE9, 0x62, 0xA3, 0xE7, 0x71, 0xAC, 0xE9, 0xCF, 0xE3, 0xF8, 0xDF, 0xEC, 0xFA, 0xE0, 0xED, 0xFA, 0xE2, 0xEE, 0xFB, 0xE4, 0xEF, 0xFB, 0xE6, 0xF0, 0xFB, 0xE7, 0xF1, 0xFB, 0xE9, 0xF2, 0xFC, 
        0xEB, 0xF3, 0xFC, 0xB3, 0xD2, 0xF3, 0x62, 0xA3, 0xE7, 0xBC, 0xD8, 0xF5, 0xF2, 0xF7, 0xFD, 0xF3, 0xF8, 0xFD, 0xF4, 0xF9, 0xFD, 0xF6, 0xFA, 0xFE, 0xF7, 0xFA, 0xFE, 0xF8, 0xFB, 0xFE, 0xF9, 0xFC, 0xFE, 0xFB, 0xFC, 0xFE, 0xFC, 0xFD, 0xFE, 
        0xF6, 0xFA, 0xFE, 0x9F, 0xC6, 0xF0, 0x62, 0xA3, 0xE7, 0x62, 0xA3, 0xE7, 0x9D, 0xC5, 0xF0, 0xFD, 0xFE, 0xFF, 0xF8, 0xFB, 0xFE, 0x66, 0xA5, 0xE8, 0x62, 0xA3, 0xE7, 0x62, 0xA3, 0xE7, 0x62, 0xA3, 0xE7, 0x62, 0xA3, 0xE7, 0x62, 0xA3, 0xE7, 
        0xCF, 0xE3, 0xF8, 0xF2, 0xF7, 0xFD, 0xC2, 0xDB, 0xF6, 0x62, 0xA3, 0xE7, 0x63, 0xA3, 0xE7, 0xC4, 0xDC, 0xF6, 0xEA, 0xF2, 0xFC, 0xE8, 0xF1, 0xFB, 0xE6, 0xF0, 0xFB, 0xE4, 0xEF, 0xFB, 0xE3, 0xEE, 0xFB, 0xE1, 0xED, 0xFA, 0xDF, 0xEC, 0xFA, 
        0xDD, 0xEB, 0xFA, 0xCC, 0xE1, 0xF7, 0x62, 0xA3, 0xE7, 0x78, 0xB0, 0xEA, 0xD6, 0xE7, 0xF9, 0xD4, 0xE6, 0xF8, 0x78, 0xAF, 0xEA, 0x62, 0xA3, 0xE7, 0x62, 0xA3, 0xE7, 0x62, 0xA3, 0xE7, 0x62, 0xA3, 0xE7, 0x81, 0xB5, 0xEC, 0xC6, 0xDE, 0xF6, 
        0xC5, 0xDD, 0xF6, 0xBC, 0xD8, 0xF5, 0x62, 0xA3, 0xE7, 0x62, 0xA3, 0xE7, 0x62, 0xA3, 0xE7, 0x62, 0xA3, 0xE7, 0x80, 0xB5, 0xEC, 0xAD, 0xCF, 0xF3, 0xB9, 0xD6, 0xF4, 0xB8, 0xD5, 0xF4, 0xB7, 0xD4, 0xF4, 0xB6, 0xD4, 0xF4, 0xB5, 0xD3, 0xF4, 
        0xB3, 0xD2, 0xF3, 0xAB, 0xCD, 0xF2, 0x6E, 0xAA, 0xE9, 0x62, 0xA3, 0xE7, 0x62, 0xA3, 0xE7, 0x62, 0xA3, 0xE7, 0x62, 0xA3, 0xE7, 0x62, 0xA3, 0xE7, 0x62, 0xA3, 0xE7, 0x62, 0xA3, 0xE7, 0x62, 0xA3, 0xE7, 0x62, 0xA3, 0xE7, 0x62, 0xA3, 0xE7, 
        0x62, 0xA3, 0xE7, 0x62, 0xA3, 0xE7, 0x62, 0xA3, 0xE7, 0x62, 0xA3, 0xE7, 0x62, 0xA3, 0xE7, 0x62, 0xA3, 0xE7, 0x62, 0xA3, 0xE7, 0x62, 0xA3, 0xE7, 0x62, 0xA3, 0xE7, 0x62, 0xA3, 0xE7, 0x62, 0xA3, 0xE7, 0x62, 0xA3, 0xE7, 0x62, 0xA3, 0xE7, 
        0x62, 0xA3, 0xE7, 0x62, 0xA3, 0xE7, 0x62, 0xA3, 0xE7, 0x62, 0xA3, 0xE7, 0x62, 0xA3, 0xE7,
  0x62, 0xA3, 0xE7, 0x62, 0xA3, 0xE7, 0x62, 0xA3, 0xE7, 0x62, 0xA3, 0xE7, 0x62, 0xA3, 0xE7, 0x62, 0xA3, 0xE7, 0x62, 0xA3, 0xE7, 0x62, 0xA3, 0xE7, 0x62, 0xA3, 0xE7, 0x62, 0xA3, 0xE7, 0x62, 0xA3, 0xE7, 0x62, 0xA3, 0xE7, 0x62, 0xA3, 0xE7, 0x62, 0xA3, 0xE7, 
        0x62, 0xA3, 0xE7, 0x62, 0xA3, 0xE7, 0x62, 0xA3, 0xE7, 0x62, 0xA3, 0xE7, 0x62, 0xA3, 0xE7, 0x62, 0xA3, 0xE7, 0x62, 0xA3, 0xE7, 0x62, 0xA3, 0xE7, 0x62, 0xA3, 0xE7, 0x62, 0xA3, 0xE7, 0x62, 0xA3, 0xE7, 0x62, 0xA3, 0xE7, 0x62, 0xA3, 0xE7, 
        0x62, 0xA3, 0xE7, 0x62, 0xA3, 0xE7, 0x62, 0xA3, 0xE7, 0x66, 0xA5, 0xE8, 0x65, 0xA5, 0xE8, 0x63, 0xA3, 0xE7, 0x62, 0xA3, 0xE7, 0x62, 0xA3, 0xE7, 0x62, 0xA3, 0xE7, 0x62, 0xA3, 0xE7, 0x62, 0xA3, 0xE7, 0x62, 0xA3, 0xE7, 0x62, 0xA3, 0xE7, 
        0x66, 0xA5, 0xE8, 0x69, 0xA7, 0xE8, 0x68, 0xA6, 0xE8, 0x62, 0xA3, 0xE7, 0x62, 0xA3, 0xE7, 0x62, 0xA3, 0xE7, 0x64, 0xA4, 0xE7, 0x66, 0xA6, 0xE8, 0x67, 0xA6, 0xE8, 0x68, 0xA6, 0xE8, 0x68, 0xA7, 0xE8, 0x68, 0xA7, 0xE8, 0x69, 0xA7, 0xE8, 
        0x6A, 0xA8, 0xE8, 0x67, 0xA6, 0xE8, 0x62, 0xA3, 0xE7, 0x62, 0xA3, 0xE7, 0x62, 0xA3, 0xE7, 0x62, 0xA3, 0xE7, 0x66, 0xA6, 0xE8, 0x68, 0xA6, 0xE8, 0x69, 0xA7, 0xE8, 0x6A, 0xA7, 0xE8, 0x6A, 0xA8, 0xE8, 0x6A, 0xA8, 0xE8, 0x6C, 0xA9, 0xE8, 
        0x6B, 0xA8, 0xE8, 0x64, 0xA4, 0xE7, 0x62, 0xA3, 0xE7, 0x66, 0xA5, 0xE8, 0x6C, 0xA9, 0xE9, 0x6C, 0xA9, 0xE9, 0x6C, 0xA9, 0xE9, 0x6C, 0xA9, 0xE9, 0x6D, 0xA9, 0xE9, 0x6D, 0xA9, 0xE9, 0x6D, 0xA9, 0xE9, 0x6B, 0xA8, 0xE8, 0x6A, 0xA8, 0xE8, 
        0x63, 0xA4, 0xE7, 0x62, 0xA3, 0xE7, 0x62, 0xA3, 0xE7, 0x62, 0xA3, 0xE7, 0x66, 0xA5, 0xE8, 0x6D, 0xA9, 0xE9, 0x68, 0xA7, 0xE8, 0x62, 0xA3, 0xE7, 0x62, 0xA3, 0xE7, 0x62, 0xA3, 0xE7, 0x62, 0xA3, 0xE7, 0x62, 0xA3, 0xE7, 0x62, 0xA3, 0xE7, 
        0x6A, 0xA8, 0xE8, 0x6C, 0xA9, 0xE8, 0x64, 0xA4, 0xE7, 0x62, 0xA3, 0xE7, 0x62, 0xA3, 0xE7, 0x62, 0xA3, 0xE7, 0x66, 0xA5, 0xE8, 0x67, 0xA6, 0xE8, 0x68, 0xA7, 0xE8, 0x68, 0xA7, 0xE8, 0x68, 0xA7, 0xE8, 0x69, 0xA7, 0xE8, 0x69, 0xA7, 0xE8, 
        0x69, 0xA7, 0xE8, 0x66, 0xA5, 0xE8, 0x62, 0xA3, 0xE7, 0x63, 0xA4, 0xE7, 0x69, 0xA7, 0xE8, 0x68, 0xA7, 0xE8, 0x62, 0xA3, 0xE7, 0x62, 0xA3, 0xE7, 0x62, 0xA3, 0xE7, 0x62, 0xA3, 0xE7, 0x62, 0xA3, 0xE7, 0x62, 0xA3, 0xE7, 0x67, 0xA6, 0xE8, 
        0x69, 0xA7, 0xE8, 0x65, 0xA5, 0xE7, 0x62, 0xA3, 0xE7, 0x62, 0xA3, 0xE7, 0x62, 0xA3, 0xE7, 0x62, 0xA3, 0xE7, 0x62, 0xA3, 0xE7, 0x62, 0xA3, 0xE7, 0x64, 0xA4, 0xE7, 0x66, 0xA6, 0xE8, 0x67, 0xA6, 0xE8, 0x68, 0xA6, 0xE8, 0x68, 0xA6, 0xE8, 
        0x66, 0xA5, 0xE8, 0x63, 0xA3, 0xE7, 0x62, 0xA3, 0xE7, 0x62, 0xA3, 0xE7, 0x62, 0xA3, 0xE7, 0x62, 0xA3, 0xE7, 0x62, 0xA3, 0xE7, 0x62, 0xA3, 0xE7, 0x62, 0xA3, 0xE7, 0x62, 0xA3, 0xE7, 0x62, 0xA3, 0xE7, 0x62, 0xA3, 0xE7, 0x62, 0xA3, 0xE7, 
        0x62, 0xA3, 0xE7, 0x62, 0xA3, 0xE7, 0x62, 0xA3, 0xE7, 0x62, 0xA3, 0xE7, 0x62, 0xA3, 0xE7, 0x62, 0xA3, 0xE7, 0x62, 0xA3, 0xE7, 0x62, 0xA3, 0xE7, 0x62, 0xA3, 0xE7, 0x62, 0xA3, 0xE7, 0x62, 0xA3, 0xE7, 0x62, 0xA3, 0xE7, 0x62, 0xA3, 0xE7, 
        0x62, 0xA3, 0xE7, 0x62, 0xA3, 0xE7, 0x62, 0xA3, 0xE7, 0x62, 0xA3, 0xE7, 0x62, 0xA3, 0xE7,
  0x62, 0xA3, 0xE7, 0x62, 0xA3, 0xE7, 0x62, 0xA3, 0xE7, 0x62, 0xA3, 0xE7, 0x62, 0xA3, 0xE7, 0x62, 0xA3, 0xE7, 0x62, 0xA3, 0xE7, 0x62, 0xA3, 0xE7, 0x62, 0xA3, 0xE7, 0x62, 0xA3, 0xE7, 0x62, 0xA3, 0xE7, 0x62, 0xA3, 0xE7, 0x62, 0xA3, 0xE7, 0x62, 0xA3, 0xE7, 
        0x62, 0xA3, 0xE7, 0x62, 0xA3, 0xE7, 0x62, 0xA3, 0xE7, 0x62, 0xA3, 0xE7, 0x62, 0xA3, 0xE7, 0x62, 0xA3, 0xE7, 0x62, 0xA3, 0xE7, 0x62, 0xA3, 0xE7, 0x62, 0xA3, 0xE7, 0x62, 0xA3, 0xE7, 0x62, 0xA3, 0xE7, 0x62, 0xA3, 0xE7, 0x62, 0xA3, 0xE7, 
        0x62, 0xA3, 0xE7, 0x62, 0xA3, 0xE7, 0x62, 0xA3, 0xE7, 0x62, 0xA3, 0xE7, 0x62, 0xA3, 0xE7, 0x62, 0xA3, 0xE7, 0x62, 0xA3, 0xE7, 0x62, 0xA3, 0xE7, 0x62, 0xA3, 0xE7, 0x62, 0xA3, 0xE7, 0x62, 0xA3, 0xE7, 0x62, 0xA3, 0xE7, 0x62, 0xA3, 0xE7, 
        0x62, 0xA3, 0xE7, 0x62, 0xA3, 0xE7, 0x62, 0xA3, 0xE7, 0x62, 0xA3, 0xE7, 0x62, 0xA3, 0xE7, 0x62, 0xA3, 0xE7, 0x62, 0xA3, 0xE7, 0x62, 0xA3, 0xE7, 0x62, 0xA3, 0xE7, 0x62, 0xA3, 0xE7, 0x62, 0xA3, 0xE7, 0x62, 0xA3, 0xE7, 0x62, 0xA3, 0xE7, 
        0x62, 0xA3, 0xE7, 0x62, 0xA3, 0xE7, 0x62, 0xA3, 0xE7, 0x62, 0xA3, 0xE7, 0x62, 0xA3, 0xE7, 0x62, 0xA3, 0xE7, 0x62, 0xA3, 0xE7, 0x62, 0xA3, 0xE7, 0x62, 0xA3, 0xE7, 0x62, 0xA3, 0xE7, 0x62, 0xA3, 0xE7, 0x62, 0xA3, 0xE7, 0x62, 0xA3, 0xE7, 
        0x62, 0xA3, 0xE7, 0x62, 0xA3, 0xE7, 0x62, 0xA3, 0xE7, 0x62, 0xA3, 0xE7, 0x62, 0xA3, 0xE7, 0x62, 0xA3, 0xE7, 0x62, 0xA3, 0xE7, 0x62, 0xA3, 0xE7, 0x62, 0xA3, 0xE7, 0x62, 0xA3, 0xE7, 0x62, 0xA3, 0xE7, 0x62, 0xA3, 0xE7, 0x62, 0xA3, 0xE7, 
        0x62, 0xA3, 0xE7, 0x62, 0xA3, 0xE7, 0x62, 0xA3, 0xE7, 0x62, 0xA3, 0xE7, 0x62, 0xA3, 0xE7, 0x62, 0xA3, 0xE7, 0x62, 0xA3, 0xE7, 0x62, 0xA3, 0xE7, 0x62, 0xA3, 0xE7, 0x62, 0xA3, 0xE7, 0x62, 0xA3, 0xE7, 0x62, 0xA3, 0xE7, 0x62, 0xA3, 0xE7, 
        0x62, 0xA3, 0xE7, 0x62, 0xA3, 0xE7, 0x62, 0xA3, 0xE7, 0x62, 0xA3, 0xE7, 0x62, 0xA3, 0xE7, 0x62, 0xA3, 0xE7, 0x62, 0xA3, 0xE7, 0x62, 0xA3, 0xE7, 0x62, 0xA3, 0xE7, 0x62, 0xA3, 0xE7, 0x62, 0xA3, 0xE7, 0x62, 0xA3, 0xE7, 0x62, 0xA3, 0xE7, 
        0x62, 0xA3, 0xE7, 0x62, 0xA3, 0xE7, 0x62, 0xA3, 0xE7, 0x62, 0xA3, 0xE7, 0x62, 0xA3, 0xE7, 0x62, 0xA3, 0xE7, 0x62, 0xA3, 0xE7, 0x62, 0xA3, 0xE7, 0x62, 0xA3, 0xE7, 0x62, 0xA3, 0xE7, 0x62, 0xA3, 0xE7, 0x62, 0xA3, 0xE7, 0x62, 0xA3, 0xE7, 
        0x62, 0xA3, 0xE7, 0x62, 0xA3, 0xE7, 0x62, 0xA3, 0xE7, 0x62, 0xA3, 0xE7, 0x62, 0xA3, 0xE7, 0x62, 0xA3, 0xE7, 0x62, 0xA3, 0xE7, 0x62, 0xA3, 0xE7, 0x62, 0xA3, 0xE7, 0x62, 0xA3, 0xE7, 0x62, 0xA3, 0xE7, 0x62, 0xA3, 0xE7, 0x62, 0xA3, 0xE7, 
        0x62, 0xA3, 0xE7, 0x62, 0xA3, 0xE7, 0x62, 0xA3, 0xE7, 0x62, 0xA3, 0xE7, 0x62, 0xA3, 0xE7, 0x62, 0xA3, 0xE7, 0x62, 0xA3, 0xE7, 0x62, 0xA3, 0xE7, 0x62, 0xA3, 0xE7, 0x62, 0xA3, 0xE7, 0x62, 0xA3, 0xE7, 0x62, 0xA3, 0xE7, 0x62, 0xA3, 0xE7, 
        0x62, 0xA3, 0xE7, 0x62, 0xA3, 0xE7, 0x62, 0xA3, 0xE7, 0x62, 0xA3, 0xE7, 0x62, 0xA3, 0xE7, 0x62, 0xA3, 0xE7, 0x62, 0xA3, 0xE7, 0x62, 0xA3, 0xE7, 0x62, 0xA3, 0xE7, 0x62, 0xA3, 0xE7, 0x62, 0xA3, 0xE7, 0x62, 0xA3, 0xE7, 0x62, 0xA3, 0xE7, 
        0x62, 0xA3, 0xE7, 0x62, 0xA3, 0xE7, 0x62, 0xA3, 0xE7, 0x62, 0xA3, 0xE7, 0x62, 0xA3, 0xE7,
  0x62, 0xA3, 0xE7, 0x62, 0xA3, 0xE7, 0x62, 0xA3, 0xE7, 0x62, 0xA3, 0xE7, 0x62, 0xA3, 0xE7, 0x62, 0xA3, 0xE7, 0x62, 0xA3, 0xE7, 0x62, 0xA3, 0xE7, 0x62, 0xA3, 0xE7, 0x62, 0xA3, 0xE7, 0x62, 0xA3, 0xE7, 0x62, 0xA3, 0xE7, 0x62, 0xA3, 0xE7, 0x62, 0xA3, 0xE7, 
        0x62, 0xA3, 0xE7, 0x62, 0xA3, 0xE7, 0x62, 0xA3, 0xE7, 0x62, 0xA3, 0xE7, 0x62, 0xA3, 0xE7, 0x62, 0xA3, 0xE7, 0x62, 0xA3, 0xE7, 0x62, 0xA3, 0xE7, 0x62, 0xA3, 0xE7, 0x62, 0xA3, 0xE7, 0x62, 0xA3, 0xE7, 0x62, 0xA3, 0xE7, 0x62, 0xA3, 0xE7, 
        0x62, 0xA3, 0xE7, 0x62, 0xA3, 0xE7, 0x62, 0xA3, 0xE7, 0x62, 0xA3, 0xE7, 0x62, 0xA3, 0xE7, 0x62, 0xA3, 0xE7, 0x62, 0xA3, 0xE7, 0x62, 0xA3, 0xE7, 0x62, 0xA3, 0xE7, 0x62, 0xA3, 0xE7, 0x62, 0xA3, 0xE7, 0x62, 0xA3, 0xE7, 0x62, 0xA3, 0xE7, 
        0x62, 0xA3, 0xE7, 0x62, 0xA3, 0xE7, 0x62, 0xA3, 0xE7, 0x62, 0xA3, 0xE7, 0x62, 0xA3, 0xE7, 0x62, 0xA3, 0xE7, 0x62, 0xA3, 0xE7, 0x62, 0xA3, 0xE7, 0x62, 0xA3, 0xE7, 0x62, 0xA3, 0xE7, 0x62, 0xA3, 0xE7, 0x62, 0xA3, 0xE7, 0x62, 0xA3, 0xE7, 
        0x62, 0xA3, 0xE7, 0x62, 0xA3, 0xE7, 0x62, 0xA3, 0xE7, 0x62, 0xA3, 0xE7, 0x62, 0xA3, 0xE7, 0x62, 0xA3, 0xE7, 0x62, 0xA3, 0xE7, 0x62, 0xA3, 0xE7, 0x62, 0xA3, 0xE7, 0x62, 0xA3, 0xE7, 0x62, 0xA3, 0xE7, 0x62, 0xA3, 0xE7, 0x62, 0xA3, 0xE7, 
        0x62, 0xA3, 0xE7, 0x62, 0xA3, 0xE7, 0x62, 0xA3, 0xE7, 0x62, 0xA3, 0xE7, 0x62, 0xA3, 0xE7, 0x62, 0xA3, 0xE7, 0x62, 0xA3, 0xE7, 0x62, 0xA3, 0xE7, 0x62, 0xA3, 0xE7, 0x62, 0xA3, 0xE7, 0x62, 0xA3, 0xE7, 0x62, 0xA3, 0xE7, 0x62, 0xA3, 0xE7, 
        0x62, 0xA3, 0xE7, 0x62, 0xA3, 0xE7, 0x62, 0xA3, 0xE7, 0x62, 0xA3, 0xE7, 0x62, 0xA3, 0xE7, 0x62, 0xA3, 0xE7, 0x62, 0xA3, 0xE7, 0x62, 0xA3, 0xE7, 0x62, 0xA3, 0xE7, 0x62, 0xA3, 0xE7, 0x62, 0xA3, 0xE7, 0x62, 0xA3, 0xE7, 0x62, 0xA3, 0xE7, 
        0x62, 0xA3, 0xE7, 0x62, 0xA3, 0xE7, 0x62, 0xA3, 0xE7, 0x62, 0xA3, 0xE7, 0x62, 0xA3, 0xE7, 0x62, 0xA3, 0xE7, 0x62, 0xA3, 0xE7, 0x62, 0xA3, 0xE7, 0x62, 0xA3, 0xE7, 0x62, 0xA3, 0xE7, 0x62, 0xA3, 0xE7, 0x62, 0xA3, 0xE7, 0x62, 0xA3, 0xE7, 
        0x62, 0xA3, 0xE7, 0x62, 0xA3, 0xE7, 0x62, 0xA3, 0xE7, 0x62, 0xA3, 0xE7, 0x62, 0xA3, 0xE7, 0x62, 0xA3, 0xE7, 0x62, 0xA3, 0xE7, 0x62, 0xA3, 0xE7, 0x62, 0xA3, 0xE7, 0x62, 0xA3, 0xE7, 0x62, 0xA3, 0xE7, 0x62, 0xA3, 0xE7, 0x62, 0xA3, 0xE7, 
        0x62, 0xA3, 0xE7, 0x62, 0xA3, 0xE7, 0x62, 0xA3, 0xE7, 0x62, 0xA3, 0xE7, 0x62, 0xA3, 0xE7, 0x62, 0xA3, 0xE7, 0x62, 0xA3, 0xE7, 0x62, 0xA3, 0xE7, 0x62, 0xA3, 0xE7, 0x62, 0xA3, 0xE7, 0x62, 0xA3, 0xE7, 0x62, 0xA3, 0xE7, 0x62, 0xA3, 0xE7, 
        0x62, 0xA3, 0xE7, 0x62, 0xA3, 0xE7, 0x62, 0xA3, 0xE7, 0x62, 0xA3, 0xE7, 0x62, 0xA3, 0xE7, 0x62, 0xA3, 0xE7, 0x62, 0xA3, 0xE7, 0x62, 0xA3, 0xE7, 0x62, 0xA3, 0xE7, 0x62, 0xA3, 0xE7, 0x62, 0xA3, 0xE7, 0x62, 0xA3, 0xE7, 0x62, 0xA3, 0xE7, 
        0x62, 0xA3, 0xE7, 0x62, 0xA3, 0xE7, 0x62, 0xA3, 0xE7, 0x62, 0xA3, 0xE7, 0x62, 0xA3, 0xE7, 0x62, 0xA3, 0xE7, 0x62, 0xA3, 0xE7, 0x62, 0xA3, 0xE7, 0x62, 0xA3, 0xE7, 0x62, 0xA3, 0xE7, 0x62, 0xA3, 0xE7, 0x62, 0xA3, 0xE7, 0x62, 0xA3, 0xE7, 
        0x62, 0xA3, 0xE7, 0x62, 0xA3, 0xE7, 0x62, 0xA3, 0xE7, 0x62, 0xA3, 0xE7, 0x62, 0xA3, 0xE7,
  0x62, 0xA3, 0xE7, 0x62, 0xA3, 0xE7, 0x62, 0xA3, 0xE7, 0x62, 0xA3, 0xE7, 0x62, 0xA3, 0xE7, 0x62, 0xA3, 0xE7, 0x62, 0xA3, 0xE7, 0x62, 0xA3, 0xE7, 0x62, 0xA3, 0xE7, 0x62, 0xA3, 0xE7, 0x62, 0xA3, 0xE7, 0x62, 0xA3, 0xE7, 0x62, 0xA3, 0xE7, 0x62, 0xA3, 0xE7, 
        0x62, 0xA3, 0xE7, 0x62, 0xA3, 0xE7, 0x62, 0xA3, 0xE7, 0x62, 0xA3, 0xE7, 0x62, 0xA3, 0xE7, 0x62, 0xA3, 0xE7, 0x62, 0xA3, 0xE7, 0x62, 0xA3, 0xE7, 0x62, 0xA3, 0xE7, 0x62, 0xA3, 0xE7, 0x62, 0xA3, 0xE7, 0x62, 0xA3, 0xE7, 0x62, 0xA3, 0xE7, 
        0x62, 0xA3, 0xE7, 0x62, 0xA3, 0xE7, 0x62, 0xA3, 0xE7, 0x62, 0xA3, 0xE7, 0x62, 0xA3, 0xE7, 0x62, 0xA3, 0xE7, 0x62, 0xA3, 0xE7, 0x62, 0xA3, 0xE7, 0x62, 0xA3, 0xE7, 0x62, 0xA3, 0xE7, 0x62, 0xA3, 0xE7, 0x62, 0xA3, 0xE7, 0x62, 0xA3, 0xE7, 
        0x62, 0xA3, 0xE7, 0x62, 0xA3, 0xE7, 0x62, 0xA3, 0xE7, 0x62, 0xA3, 0xE7, 0x62, 0xA3, 0xE7, 0x62, 0xA3, 0xE7, 0x62, 0xA3, 0xE7, 0x62, 0xA3, 0xE7, 0x62, 0xA3, 0xE7, 0x62, 0xA3, 0xE7, 0x62, 0xA3, 0xE7, 0x62, 0xA3, 0xE7, 0x62, 0xA3, 0xE7, 
        0x62, 0xA3, 0xE7, 0x62, 0xA3, 0xE7, 0x62, 0xA3, 0xE7, 0x62, 0xA3, 0xE7, 0x62, 0xA3, 0xE7, 0x62, 0xA3, 0xE7, 0x62, 0xA3, 0xE7, 0x62, 0xA3, 0xE7, 0x62, 0xA3, 0xE7, 0x62, 0xA3, 0xE7, 0x62, 0xA3, 0xE7, 0x62, 0xA3, 0xE7, 0x62, 0xA3, 0xE7, 
        0x62, 0xA3, 0xE7, 0x62, 0xA3, 0xE7, 0x62, 0xA3, 0xE7, 0x62, 0xA3, 0xE7, 0x62, 0xA3, 0xE7, 0x62, 0xA3, 0xE7, 0x62, 0xA3, 0xE7, 0x62, 0xA3, 0xE7, 0x62, 0xA3, 0xE7, 0x62, 0xA3, 0xE7, 0x62, 0xA3, 0xE7, 0x62, 0xA3, 0xE7, 0x62, 0xA3, 0xE7, 
        0x62, 0xA3, 0xE7, 0x62, 0xA3, 0xE7, 0x62, 0xA3, 0xE7, 0x62, 0xA3, 0xE7, 0x62, 0xA3, 0xE7, 0x62, 0xA3, 0xE7, 0x62, 0xA3, 0xE7, 0x62, 0xA3, 0xE7, 0x62, 0xA3, 0xE7, 0x62, 0xA3, 0xE7, 0x62, 0xA3, 0xE7, 0x62, 0xA3, 0xE7, 0x62, 0xA3, 0xE7, 
        0x62, 0xA3, 0xE7, 0x62, 0xA3, 0xE7, 0x62, 0xA3, 0xE7, 0x62, 0xA3, 0xE7, 0x62, 0xA3, 0xE7, 0x62, 0xA3, 0xE7, 0x62, 0xA3, 0xE7, 0x62, 0xA3, 0xE7, 0x62, 0xA3, 0xE7, 0x62, 0xA3, 0xE7, 0x62, 0xA3, 0xE7, 0x62, 0xA3, 0xE7, 0x62, 0xA3, 0xE7, 
        0x62, 0xA3, 0xE7, 0x62, 0xA3, 0xE7, 0x62, 0xA3, 0xE7, 0x62, 0xA3, 0xE7, 0x62, 0xA3, 0xE7, 0x62, 0xA3, 0xE7, 0x62, 0xA3, 0xE7, 0x62, 0xA3, 0xE7, 0x62, 0xA3, 0xE7, 0x62, 0xA3, 0xE7, 0x62, 0xA3, 0xE7, 0x62, 0xA3, 0xE7, 0x62, 0xA3, 0xE7, 
        0x62, 0xA3, 0xE7, 0x62, 0xA3, 0xE7, 0x62, 0xA3, 0xE7, 0x62, 0xA3, 0xE7, 0x62, 0xA3, 0xE7, 0x62, 0xA3, 0xE7, 0x62, 0xA3, 0xE7, 0x62, 0xA3, 0xE7, 0x62, 0xA3, 0xE7, 0x62, 0xA3, 0xE7, 0x62, 0xA3, 0xE7, 0x62, 0xA3, 0xE7, 0x62, 0xA3, 0xE7, 
        0x62, 0xA3, 0xE7, 0x62, 0xA3, 0xE7, 0x62, 0xA3, 0xE7, 0x62, 0xA3, 0xE7, 0x62, 0xA3, 0xE7, 0x62, 0xA3, 0xE7, 0x62, 0xA3, 0xE7, 0x62, 0xA3, 0xE7, 0x62, 0xA3, 0xE7, 0x62, 0xA3, 0xE7, 0x62, 0xA3, 0xE7, 0x62, 0xA3, 0xE7, 0x62, 0xA3, 0xE7, 
        0x62, 0xA3, 0xE7, 0x62, 0xA3, 0xE7, 0x62, 0xA3, 0xE7, 0x62, 0xA3, 0xE7, 0x62, 0xA3, 0xE7, 0x62, 0xA3, 0xE7, 0x62, 0xA3, 0xE7, 0x62, 0xA3, 0xE7, 0x62, 0xA3, 0xE7, 0x62, 0xA3, 0xE7, 0x62, 0xA3, 0xE7, 0x62, 0xA3, 0xE7, 0x62, 0xA3, 0xE7, 
        0x62, 0xA3, 0xE7, 0x62, 0xA3, 0xE7, 0x62, 0xA3, 0xE7, 0x62, 0xA3, 0xE7, 0x62, 0xA3, 0xE7,
  0x62, 0xA3, 0xE7, 0x62, 0xA3, 0xE7, 0x62, 0xA3, 0xE7, 0x62, 0xA3, 0xE7, 0x62, 0xA3, 0xE7, 0x62, 0xA3, 0xE7, 0x62, 0xA3, 0xE7, 0x62, 0xA3, 0xE7, 0x62, 0xA3, 0xE7, 0x62, 0xA3, 0xE7, 0x62, 0xA3, 0xE7, 0x62, 0xA3, 0xE7, 0x62, 0xA3, 0xE7, 0x62, 0xA3, 0xE7, 
        0x62, 0xA3, 0xE7, 0x62, 0xA3, 0xE7, 0x62, 0xA3, 0xE7, 0x62, 0xA3, 0xE7, 0x62, 0xA3, 0xE7, 0x62, 0xA3, 0xE7, 0x62, 0xA3, 0xE7, 0x62, 0xA3, 0xE7, 0x62, 0xA3, 0xE7, 0x62, 0xA3, 0xE7, 0x62, 0xA3, 0xE7, 0x62, 0xA3, 0xE7, 0x62, 0xA3, 0xE7, 
        0x62, 0xA3, 0xE7, 0x62, 0xA3, 0xE7, 0x62, 0xA3, 0xE7, 0x62, 0xA3, 0xE7, 0x62, 0xA3, 0xE7, 0x62, 0xA3, 0xE7, 0x62, 0xA3, 0xE7, 0x62, 0xA3, 0xE7, 0x62, 0xA3, 0xE7, 0x62, 0xA3, 0xE7, 0x62, 0xA3, 0xE7, 0x62, 0xA3, 0xE7, 0x62, 0xA3, 0xE7, 
        0x62, 0xA3, 0xE7, 0x62, 0xA3, 0xE7, 0x62, 0xA3, 0xE7, 0x62, 0xA3, 0xE7, 0x62, 0xA3, 0xE7, 0x62, 0xA3, 0xE7, 0x62, 0xA3, 0xE7, 0x62, 0xA3, 0xE7, 0x62, 0xA3, 0xE7, 0x62, 0xA3, 0xE7, 0x62, 0xA3, 0xE7, 0x62, 0xA3, 0xE7, 0x62, 0xA3, 0xE7, 
        0x62, 0xA3, 0xE7, 0x62, 0xA3, 0xE7, 0x62, 0xA3, 0xE7, 0x62, 0xA3, 0xE7, 0x62, 0xA3, 0xE7, 0x62, 0xA3, 0xE7, 0x62, 0xA3, 0xE7, 0x62, 0xA3, 0xE7, 0x62, 0xA3, 0xE7, 0x62, 0xA3, 0xE7, 0x62, 0xA3, 0xE7, 0x62, 0xA3, 0xE7, 0x62, 0xA3, 0xE7, 
        0x62, 0xA3, 0xE7, 0x62, 0xA3, 0xE7, 0x62, 0xA3, 0xE7, 0x62, 0xA3, 0xE7, 0x62, 0xA3, 0xE7, 0x62, 0xA3, 0xE7, 0x62, 0xA3, 0xE7, 0x62, 0xA3, 0xE7, 0x62, 0xA3, 0xE7, 0x62, 0xA3, 0xE7, 0x62, 0xA3, 0xE7, 0x62, 0xA3, 0xE7, 0x62, 0xA3, 0xE7, 
        0x62, 0xA3, 0xE7, 0x62, 0xA3, 0xE7, 0x62, 0xA3, 0xE7, 0x62, 0xA3, 0xE7, 0x62, 0xA3, 0xE7, 0x62, 0xA3, 0xE7, 0x62, 0xA3, 0xE7, 0x62, 0xA3, 0xE7, 0x62, 0xA3, 0xE7, 0x62, 0xA3, 0xE7, 0x62, 0xA3, 0xE7, 0x62, 0xA3, 0xE7, 0x62, 0xA3, 0xE7, 
        0x62, 0xA3, 0xE7, 0x62, 0xA3, 0xE7, 0x62, 0xA3, 0xE7, 0x62, 0xA3, 0xE7, 0x62, 0xA3, 0xE7, 0x62, 0xA3, 0xE7, 0x62, 0xA3, 0xE7, 0x62, 0xA3, 0xE7, 0x62, 0xA3, 0xE7, 0x62, 0xA3, 0xE7, 0x62, 0xA3, 0xE7, 0x62, 0xA3, 0xE7, 0x62, 0xA3, 0xE7, 
        0x62, 0xA3, 0xE7, 0x62, 0xA3, 0xE7, 0x62, 0xA3, 0xE7, 0x62, 0xA3, 0xE7, 0x62, 0xA3, 0xE7, 0x62, 0xA3, 0xE7, 0x62, 0xA3, 0xE7, 0x62, 0xA3, 0xE7, 0x62, 0xA3, 0xE7, 0x62, 0xA3, 0xE7, 0x62, 0xA3, 0xE7, 0x62, 0xA3, 0xE7, 0x62, 0xA3, 0xE7, 
        0x62, 0xA3, 0xE7, 0x62, 0xA3, 0xE7, 0x62, 0xA3, 0xE7, 0x62, 0xA3, 0xE7, 0x62, 0xA3, 0xE7, 0x62, 0xA3, 0xE7, 0x62, 0xA3, 0xE7, 0x62, 0xA3, 0xE7, 0x62, 0xA3, 0xE7, 0x62, 0xA3, 0xE7, 0x62, 0xA3, 0xE7, 0x62, 0xA3, 0xE7, 0x62, 0xA3, 0xE7, 
        0x62, 0xA3, 0xE7, 0x62, 0xA3, 0xE7, 0x62, 0xA3, 0xE7, 0x62, 0xA3, 0xE7, 0x62, 0xA3, 0xE7, 0x62, 0xA3, 0xE7, 0x62, 0xA3, 0xE7, 0x62, 0xA3, 0xE7, 0x62, 0xA3, 0xE7, 0x62, 0xA3, 0xE7, 0x62, 0xA3, 0xE7, 0x62, 0xA3, 0xE7, 0x62, 0xA3, 0xE7, 
        0x62, 0xA3, 0xE7, 0x62, 0xA3, 0xE7, 0x62, 0xA3, 0xE7, 0x62, 0xA3, 0xE7, 0x62, 0xA3, 0xE7, 0x62, 0xA3, 0xE7, 0x62, 0xA3, 0xE7, 0x62, 0xA3, 0xE7, 0x62, 0xA3, 0xE7, 0x62, 0xA3, 0xE7, 0x62, 0xA3, 0xE7, 0x62, 0xA3, 0xE7, 0x62, 0xA3, 0xE7, 
        0x62, 0xA3, 0xE7, 0x62, 0xA3, 0xE7, 0x62, 0xA3, 0xE7, 0x62, 0xA3, 0xE7, 0x62, 0xA3, 0xE7,
  0x62, 0xA3, 0xE7, 0x62, 0xA3, 0xE7, 0x62, 0xA3, 0xE7, 0x62, 0xA3, 0xE7, 0x62, 0xA3, 0xE7, 0x62, 0xA3, 0xE7, 0x62, 0xA3, 0xE7, 0x62, 0xA3, 0xE7, 0x62, 0xA3, 0xE7, 0x62, 0xA3, 0xE7, 0x62, 0xA3, 0xE7, 0x62, 0xA3, 0xE7, 0x62, 0xA3, 0xE7, 0x62, 0xA3, 0xE7, 
        0x62, 0xA3, 0xE7, 0x62, 0xA3, 0xE7, 0x62, 0xA3, 0xE7, 0x62, 0xA3, 0xE7, 0x62, 0xA3, 0xE7, 0x62, 0xA3, 0xE7, 0x62, 0xA3, 0xE7, 0x62, 0xA3, 0xE7, 0x62, 0xA3, 0xE7, 0x62, 0xA3, 0xE7, 0x62, 0xA3, 0xE7, 0x62, 0xA3, 0xE7, 0x62, 0xA3, 0xE7, 
        0x62, 0xA3, 0xE7, 0x62, 0xA3, 0xE7, 0x62, 0xA3, 0xE7, 0x62, 0xA3, 0xE7, 0x62, 0xA3, 0xE7, 0x62, 0xA3, 0xE7, 0x62, 0xA3, 0xE7, 0x62, 0xA3, 0xE7, 0x62, 0xA3, 0xE7, 0x62, 0xA3, 0xE7, 0x62, 0xA3, 0xE7, 0x62, 0xA3, 0xE7, 0x62, 0xA3, 0xE7, 
        0x62, 0xA3, 0xE7, 0x62, 0xA3, 0xE7, 0x62, 0xA3, 0xE7, 0x62, 0xA3, 0xE7, 0x62, 0xA3, 0xE7, 0x62, 0xA3, 0xE7, 0x62, 0xA3, 0xE7, 0x62, 0xA3, 0xE7, 0x62, 0xA3, 0xE7, 0x62, 0xA3, 0xE7, 0x62, 0xA3, 0xE7, 0x62, 0xA3, 0xE7, 0x62, 0xA3, 0xE7, 
        0x62, 0xA3, 0xE7, 0x62, 0xA3, 0xE7, 0x62, 0xA3, 0xE7, 0x62, 0xA3, 0xE7, 0x62, 0xA3, 0xE7, 0x62, 0xA3, 0xE7, 0x62, 0xA3, 0xE7, 0x62, 0xA3, 0xE7, 0x62, 0xA3, 0xE7, 0x62, 0xA3, 0xE7, 0x62, 0xA3, 0xE7, 0x62, 0xA3, 0xE7, 0x62, 0xA3, 0xE7, 
        0x62, 0xA3, 0xE7, 0x62, 0xA3, 0xE7, 0x62, 0xA3, 0xE7, 0x62, 0xA3, 0xE7, 0x62, 0xA3, 0xE7, 0x62, 0xA3, 0xE7, 0x62, 0xA3, 0xE7, 0x62, 0xA3, 0xE7, 0x62, 0xA3, 0xE7, 0x62, 0xA3, 0xE7, 0x62, 0xA3, 0xE7, 0x62, 0xA3, 0xE7, 0x62, 0xA3, 0xE7, 
        0x62, 0xA3, 0xE7, 0x62, 0xA3, 0xE7, 0x62, 0xA3, 0xE7, 0x62, 0xA3, 0xE7, 0x62, 0xA3, 0xE7, 0x62, 0xA3, 0xE7, 0x62, 0xA3, 0xE7, 0x62, 0xA3, 0xE7, 0x62, 0xA3, 0xE7, 0x62, 0xA3, 0xE7, 0x62, 0xA3, 0xE7, 0x62, 0xA3, 0xE7, 0x62, 0xA3, 0xE7, 
        0x62, 0xA3, 0xE7, 0x62, 0xA3, 0xE7, 0x62, 0xA3, 0xE7, 0x62, 0xA3, 0xE7, 0x62, 0xA3, 0xE7, 0x62, 0xA3, 0xE7, 0x62, 0xA3, 0xE7, 0x62, 0xA3, 0xE7, 0x62, 0xA3, 0xE7, 0x62, 0xA3, 0xE7, 0x62, 0xA3, 0xE7, 0x62, 0xA3, 0xE7, 0x62, 0xA3, 0xE7, 
        0x62, 0xA3, 0xE7, 0x62, 0xA3, 0xE7, 0x62, 0xA3, 0xE7, 0x62, 0xA3, 0xE7, 0x62, 0xA3, 0xE7, 0x62, 0xA3, 0xE7, 0x62, 0xA3, 0xE7, 0x62, 0xA3, 0xE7, 0x62, 0xA3, 0xE7, 0x62, 0xA3, 0xE7, 0x62, 0xA3, 0xE7, 0x62, 0xA3, 0xE7, 0x62, 0xA3, 0xE7, 
        0x62, 0xA3, 0xE7, 0x62, 0xA3, 0xE7, 0x62, 0xA3, 0xE7, 0x62, 0xA3, 0xE7, 0x62, 0xA3, 0xE7, 0x62, 0xA3, 0xE7, 0x62, 0xA3, 0xE7, 0x62, 0xA3, 0xE7, 0x62, 0xA3, 0xE7, 0x62, 0xA3, 0xE7, 0x62, 0xA3, 0xE7, 0x62, 0xA3, 0xE7, 0x62, 0xA3, 0xE7, 
        0x62, 0xA3, 0xE7, 0x62, 0xA3, 0xE7, 0x62, 0xA3, 0xE7, 0x62, 0xA3, 0xE7, 0x62, 0xA3, 0xE7, 0x62, 0xA3, 0xE7, 0x62, 0xA3, 0xE7, 0x62, 0xA3, 0xE7, 0x62, 0xA3, 0xE7, 0x62, 0xA3, 0xE7, 0x62, 0xA3, 0xE7, 0x62, 0xA3, 0xE7, 0x62, 0xA3, 0xE7, 
        0x62, 0xA3, 0xE7, 0x62, 0xA3, 0xE7, 0x62, 0xA3, 0xE7, 0x62, 0xA3, 0xE7, 0x62, 0xA3, 0xE7, 0x62, 0xA3, 0xE7, 0x62, 0xA3, 0xE7, 0x62, 0xA3, 0xE7, 0x62, 0xA3, 0xE7, 0x62, 0xA3, 0xE7, 0x62, 0xA3, 0xE7, 0x62, 0xA3, 0xE7, 0x62, 0xA3, 0xE7, 
        0x62, 0xA3, 0xE7, 0x62, 0xA3, 0xE7, 0x62, 0xA3, 0xE7, 0x62, 0xA3, 0xE7, 0x62, 0xA3, 0xE7,
  0x62, 0xA3, 0xE7, 0x62, 0xA3, 0xE7, 0x62, 0xA3, 0xE7, 0x62, 0xA3, 0xE7, 0x62, 0xA3, 0xE7, 0x62, 0xA3, 0xE7, 0x62, 0xA3, 0xE7, 0x62, 0xA3, 0xE7, 0x62, 0xA3, 0xE7, 0x62, 0xA3, 0xE7, 0x62, 0xA3, 0xE7, 0x62, 0xA3, 0xE7, 0x62, 0xA3, 0xE7, 0x62, 0xA3, 0xE7, 
        0x62, 0xA3, 0xE7, 0x62, 0xA3, 0xE7, 0x62, 0xA3, 0xE7, 0x62, 0xA3, 0xE7, 0x62, 0xA3, 0xE7, 0x62, 0xA3, 0xE7, 0x62, 0xA3, 0xE7, 0x62, 0xA3, 0xE7, 0x62, 0xA3, 0xE7, 0x62, 0xA3, 0xE7, 0x62, 0xA3, 0xE7, 0x62, 0xA3, 0xE7, 0x62, 0xA3, 0xE7, 
        0x62, 0xA3, 0xE7, 0x62, 0xA3, 0xE7, 0x62, 0xA3, 0xE7, 0x62, 0xA3, 0xE7, 0x62, 0xA3, 0xE7, 0x62, 0xA3, 0xE7, 0x62, 0xA3, 0xE7, 0x62, 0xA3, 0xE7, 0x62, 0xA3, 0xE7, 0x62, 0xA3, 0xE7, 0x62, 0xA3, 0xE7, 0x62, 0xA3, 0xE7, 0x62, 0xA3, 0xE7, 
        0x62, 0xA3, 0xE7, 0x62, 0xA3, 0xE7, 0x62, 0xA3, 0xE7, 0x62, 0xA3, 0xE7, 0x62, 0xA3, 0xE7, 0x62, 0xA3, 0xE7, 0x62, 0xA3, 0xE7, 0x62, 0xA3, 0xE7, 0x62, 0xA3, 0xE7, 0x62, 0xA3, 0xE7, 0x62, 0xA3, 0xE7, 0x62, 0xA3, 0xE7, 0x62, 0xA3, 0xE7, 
        0x62, 0xA3, 0xE7, 0x62, 0xA3, 0xE7, 0x62, 0xA3, 0xE7, 0x62, 0xA3, 0xE7, 0x62, 0xA3, 0xE7, 0x62, 0xA3, 0xE7, 0x62, 0xA3, 0xE7, 0x62, 0xA3, 0xE7, 0x62, 0xA3, 0xE7, 0x62, 0xA3, 0xE7, 0x62, 0xA3, 0xE7, 0x62, 0xA3, 0xE7, 0x62, 0xA3, 0xE7, 
        0x62, 0xA3, 0xE7, 0x62, 0xA3, 0xE7, 0x62, 0xA3, 0xE7, 0x62, 0xA3, 0xE7, 0x62, 0xA3, 0xE7, 0x62, 0xA3, 0xE7, 0x62, 0xA3, 0xE7, 0x62, 0xA3, 0xE7, 0x62, 0xA3, 0xE7, 0x62, 0xA3, 0xE7, 0x62, 0xA3, 0xE7, 0x62, 0xA3, 0xE7, 0x62, 0xA3, 0xE7, 
        0x62, 0xA3, 0xE7, 0x62, 0xA3, 0xE7, 0x62, 0xA3, 0xE7, 0x62, 0xA3, 0xE7, 0x62, 0xA3, 0xE7, 0x62, 0xA3, 0xE7, 0x62, 0xA3, 0xE7, 0x62, 0xA3, 0xE7, 0x62, 0xA3, 0xE7, 0x62, 0xA3, 0xE7, 0x62, 0xA3, 0xE7, 0x62, 0xA3, 0xE7, 0x62, 0xA3, 0xE7, 
        0x62, 0xA3, 0xE7, 0x62, 0xA3, 0xE7, 0x62, 0xA3, 0xE7, 0x62, 0xA3, 0xE7, 0x62, 0xA3, 0xE7, 0x62, 0xA3, 0xE7, 0x62, 0xA3, 0xE7, 0x62, 0xA3, 0xE7, 0x62, 0xA3, 0xE7, 0x62, 0xA3, 0xE7, 0x62, 0xA3, 0xE7, 0x62, 0xA3, 0xE7, 0x62, 0xA3, 0xE7, 
        0x62, 0xA3, 0xE7, 0x62, 0xA3, 0xE7, 0x62, 0xA3, 0xE7, 0x62, 0xA3, 0xE7, 0x62, 0xA3, 0xE7, 0x62, 0xA3, 0xE7, 0x62, 0xA3, 0xE7, 0x62, 0xA3, 0xE7, 0x62, 0xA3, 0xE7, 0x62, 0xA3, 0xE7, 0x62, 0xA3, 0xE7, 0x62, 0xA3, 0xE7, 0x62, 0xA3, 0xE7, 
        0x62, 0xA3, 0xE7, 0x62, 0xA3, 0xE7, 0x62, 0xA3, 0xE7, 0x62, 0xA3, 0xE7, 0x62, 0xA3, 0xE7, 0x62, 0xA3, 0xE7, 0x62, 0xA3, 0xE7, 0x62, 0xA3, 0xE7, 0x62, 0xA3, 0xE7, 0x62, 0xA3, 0xE7, 0x62, 0xA3, 0xE7, 0x62, 0xA3, 0xE7, 0x62, 0xA3, 0xE7, 
        0x62, 0xA3, 0xE7, 0x62, 0xA3, 0xE7, 0x62, 0xA3, 0xE7, 0x62, 0xA3, 0xE7, 0x62, 0xA3, 0xE7, 0x62, 0xA3, 0xE7, 0x62, 0xA3, 0xE7, 0x62, 0xA3, 0xE7, 0x62, 0xA3, 0xE7, 0x62, 0xA3, 0xE7, 0x62, 0xA3, 0xE7, 0x62, 0xA3, 0xE7, 0x62, 0xA3, 0xE7, 
        0x62, 0xA3, 0xE7, 0x62, 0xA3, 0xE7, 0x62, 0xA3, 0xE7, 0x62, 0xA3, 0xE7, 0x62, 0xA3, 0xE7, 0x62, 0xA3, 0xE7, 0x62, 0xA3, 0xE7, 0x62, 0xA3, 0xE7, 0x62, 0xA3, 0xE7, 0x62, 0xA3, 0xE7, 0x62, 0xA3, 0xE7, 0x62, 0xA3, 0xE7, 0x62, 0xA3, 0xE7, 
        0x62, 0xA3, 0xE7, 0x62, 0xA3, 0xE7, 0x62, 0xA3, 0xE7, 0x62, 0xA3, 0xE7, 0x62, 0xA3, 0xE7,
  0x62, 0xA3, 0xE7, 0x62, 0xA3, 0xE7, 0x62, 0xA3, 0xE7, 0x62, 0xA3, 0xE7, 0x62, 0xA3, 0xE7, 0x62, 0xA3, 0xE7, 0x62, 0xA3, 0xE7, 0x62, 0xA3, 0xE7, 0x62, 0xA3, 0xE7, 0x62, 0xA3, 0xE7, 0x62, 0xA3, 0xE7, 0x62, 0xA3, 0xE7, 0x62, 0xA3, 0xE7, 0x62, 0xA3, 0xE7, 
        0x62, 0xA3, 0xE7, 0x62, 0xA3, 0xE7, 0x62, 0xA3, 0xE7, 0x62, 0xA3, 0xE7, 0x62, 0xA3, 0xE7, 0x62, 0xA3, 0xE7, 0x62, 0xA3, 0xE7, 0x62, 0xA3, 0xE7, 0x62, 0xA3, 0xE7, 0x62, 0xA3, 0xE7, 0x62, 0xA3, 0xE7, 0x62, 0xA3, 0xE7, 0x62, 0xA3, 0xE7, 
        0x62, 0xA3, 0xE7, 0x62, 0xA3, 0xE7, 0x62, 0xA3, 0xE7, 0x62, 0xA3, 0xE7, 0x62, 0xA3, 0xE7, 0x62, 0xA3, 0xE7, 0x62, 0xA3, 0xE7, 0x62, 0xA3, 0xE7, 0x62, 0xA3, 0xE7, 0x62, 0xA3, 0xE7, 0x62, 0xA3, 0xE7, 0x62, 0xA3, 0xE7, 0x62, 0xA3, 0xE7, 
        0x62, 0xA3, 0xE7, 0x62, 0xA3, 0xE7, 0x62, 0xA3, 0xE7, 0x62, 0xA3, 0xE7, 0x62, 0xA3, 0xE7, 0x62, 0xA3, 0xE7, 0x62, 0xA3, 0xE7, 0x62, 0xA3, 0xE7, 0x62, 0xA3, 0xE7, 0x62, 0xA3, 0xE7, 0x62, 0xA3, 0xE7, 0x62, 0xA3, 0xE7, 0x62, 0xA3, 0xE7, 
        0x62, 0xA3, 0xE7, 0x62, 0xA3, 0xE7, 0x62, 0xA3, 0xE7, 0x62, 0xA3, 0xE7, 0x62, 0xA3, 0xE7, 0x62, 0xA3, 0xE7, 0x62, 0xA3, 0xE7, 0x62, 0xA3, 0xE7, 0x62, 0xA3, 0xE7, 0x62, 0xA3, 0xE7, 0x62, 0xA3, 0xE7, 0x62, 0xA3, 0xE7, 0x62, 0xA3, 0xE7, 
        0x62, 0xA3, 0xE7, 0x62, 0xA3, 0xE7, 0x62, 0xA3, 0xE7, 0x62, 0xA3, 0xE7, 0x62, 0xA3, 0xE7, 0x62, 0xA3, 0xE7, 0x62, 0xA3, 0xE7, 0x62, 0xA3, 0xE7, 0x62, 0xA3, 0xE7, 0x62, 0xA3, 0xE7, 0x62, 0xA3, 0xE7, 0x62, 0xA3, 0xE7, 0x62, 0xA3, 0xE7, 
        0x62, 0xA3, 0xE7, 0x62, 0xA3, 0xE7, 0x62, 0xA3, 0xE7, 0x62, 0xA3, 0xE7, 0x62, 0xA3, 0xE7, 0x62, 0xA3, 0xE7, 0x62, 0xA3, 0xE7, 0x62, 0xA3, 0xE7, 0x62, 0xA3, 0xE7, 0x62, 0xA3, 0xE7, 0x62, 0xA3, 0xE7, 0x62, 0xA3, 0xE7, 0x62, 0xA3, 0xE7, 
        0x62, 0xA3, 0xE7, 0x62, 0xA3, 0xE7, 0x62, 0xA3, 0xE7, 0x62, 0xA3, 0xE7, 0x62, 0xA3, 0xE7, 0x62, 0xA3, 0xE7, 0x62, 0xA3, 0xE7, 0x62, 0xA3, 0xE7, 0x62, 0xA3, 0xE7, 0x62, 0xA3, 0xE7, 0x62, 0xA3, 0xE7, 0x62, 0xA3, 0xE7, 0x62, 0xA3, 0xE7, 
        0x62, 0xA3, 0xE7, 0x62, 0xA3, 0xE7, 0x62, 0xA3, 0xE7, 0x62, 0xA3, 0xE7, 0x62, 0xA3, 0xE7, 0x62, 0xA3, 0xE7, 0x62, 0xA3, 0xE7, 0x62, 0xA3, 0xE7, 0x62, 0xA3, 0xE7, 0x62, 0xA3, 0xE7, 0x62, 0xA3, 0xE7, 0x62, 0xA3, 0xE7, 0x62, 0xA3, 0xE7, 
        0x62, 0xA3, 0xE7, 0x62, 0xA3, 0xE7, 0x62, 0xA3, 0xE7, 0x62, 0xA3, 0xE7, 0x62, 0xA3, 0xE7, 0x62, 0xA3, 0xE7, 0x62, 0xA3, 0xE7, 0x62, 0xA3, 0xE7, 0x62, 0xA3, 0xE7, 0x62, 0xA3, 0xE7, 0x62, 0xA3, 0xE7, 0x62, 0xA3, 0xE7, 0x62, 0xA3, 0xE7, 
        0x62, 0xA3, 0xE7, 0x62, 0xA3, 0xE7, 0x62, 0xA3, 0xE7, 0x62, 0xA3, 0xE7, 0x62, 0xA3, 0xE7, 0x62, 0xA3, 0xE7, 0x62, 0xA3, 0xE7, 0x62, 0xA3, 0xE7, 0x62, 0xA3, 0xE7, 0x62, 0xA3, 0xE7, 0x62, 0xA3, 0xE7, 0x62, 0xA3, 0xE7, 0x62, 0xA3, 0xE7, 
        0x62, 0xA3, 0xE7, 0x62, 0xA3, 0xE7, 0x62, 0xA3, 0xE7, 0x62, 0xA3, 0xE7, 0x62, 0xA3, 0xE7, 0x62, 0xA3, 0xE7, 0x62, 0xA3, 0xE7, 0x62, 0xA3, 0xE7, 0x62, 0xA3, 0xE7, 0x62, 0xA3, 0xE7, 0x62, 0xA3, 0xE7, 0x62, 0xA3, 0xE7, 0x62, 0xA3, 0xE7, 
        0x62, 0xA3, 0xE7, 0x62, 0xA3, 0xE7, 0x62, 0xA3, 0xE7, 0x62, 0xA3, 0xE7, 0x62, 0xA3, 0xE7,
  0x62, 0xA3, 0xE7, 0x62, 0xA3, 0xE7, 0x62, 0xA3, 0xE7, 0x62, 0xA3, 0xE7, 0x62, 0xA3, 0xE7, 0x62, 0xA3, 0xE7, 0x62, 0xA3, 0xE7, 0x62, 0xA3, 0xE7, 0x62, 0xA3, 0xE7, 0x62, 0xA3, 0xE7, 0x62, 0xA3, 0xE7, 0x62, 0xA3, 0xE7, 0x62, 0xA3, 0xE7, 0x62, 0xA3, 0xE7, 
        0x62, 0xA3, 0xE7, 0x62, 0xA3, 0xE7, 0x62, 0xA3, 0xE7, 0x62, 0xA3, 0xE7, 0x62, 0xA3, 0xE7, 0x62, 0xA3, 0xE7, 0x62, 0xA3, 0xE7, 0x62, 0xA3, 0xE7, 0x62, 0xA3, 0xE7, 0x62, 0xA3, 0xE7, 0x62, 0xA3, 0xE7, 0x62, 0xA3, 0xE7, 0x62, 0xA3, 0xE7, 
        0x62, 0xA3, 0xE7, 0x62, 0xA3, 0xE7, 0x62, 0xA3, 0xE7, 0x62, 0xA3, 0xE7, 0x62, 0xA3, 0xE7, 0x62, 0xA3, 0xE7, 0x62, 0xA3, 0xE7, 0x62, 0xA3, 0xE7, 0x62, 0xA3, 0xE7, 0x62, 0xA3, 0xE7, 0x62, 0xA3, 0xE7, 0x62, 0xA3, 0xE7, 0x62, 0xA3, 0xE7, 
        0x62, 0xA3, 0xE7, 0x62, 0xA3, 0xE7, 0x62, 0xA3, 0xE7, 0x62, 0xA3, 0xE7, 0x62, 0xA3, 0xE7, 0x62, 0xA3, 0xE7, 0x62, 0xA3, 0xE7, 0x62, 0xA3, 0xE7, 0x62, 0xA3, 0xE7, 0x62, 0xA3, 0xE7, 0x62, 0xA3, 0xE7, 0x62, 0xA3, 0xE7, 0x62, 0xA3, 0xE7, 
        0x62, 0xA3, 0xE7, 0x62, 0xA3, 0xE7, 0x62, 0xA3, 0xE7, 0x62, 0xA3, 0xE7, 0x62, 0xA3, 0xE7, 0x62, 0xA3, 0xE7, 0x62, 0xA3, 0xE7, 0x62, 0xA3, 0xE7, 0x62, 0xA3, 0xE7, 0x62, 0xA3, 0xE7, 0x62, 0xA3, 0xE7, 0x62, 0xA3, 0xE7, 0x62, 0xA3, 0xE7, 
        0x62, 0xA3, 0xE7, 0x62, 0xA3, 0xE7, 0x62, 0xA3, 0xE7, 0x62, 0xA3, 0xE7, 0x62, 0xA3, 0xE7, 0x62, 0xA3, 0xE7, 0x62, 0xA3, 0xE7, 0x62, 0xA3, 0xE7, 0x62, 0xA3, 0xE7, 0x62, 0xA3, 0xE7, 0x62, 0xA3, 0xE7, 0x62, 0xA3, 0xE7, 0x62, 0xA3, 0xE7, 
        0x62, 0xA3, 0xE7, 0x62, 0xA3, 0xE7, 0x62, 0xA3, 0xE7, 0x62, 0xA3, 0xE7, 0x62, 0xA3, 0xE7, 0x62, 0xA3, 0xE7, 0x62, 0xA3, 0xE7, 0x62, 0xA3, 0xE7, 0x62, 0xA3, 0xE7, 0x62, 0xA3, 0xE7, 0x62, 0xA3, 0xE7, 0x62, 0xA3, 0xE7, 0x62, 0xA3, 0xE7, 
        0x62, 0xA3, 0xE7, 0x62, 0xA3, 0xE7, 0x62, 0xA3, 0xE7, 0x62, 0xA3, 0xE7, 0x62, 0xA3, 0xE7, 0x62, 0xA3, 0xE7, 0x62, 0xA3, 0xE7, 0x62, 0xA3, 0xE7, 0x62, 0xA3, 0xE7, 0x62, 0xA3, 0xE7, 0x62, 0xA3, 0xE7, 0x62, 0xA3, 0xE7, 0x62, 0xA3, 0xE7, 
        0x62, 0xA3, 0xE7, 0x62, 0xA3, 0xE7, 0x62, 0xA3, 0xE7, 0x62, 0xA3, 0xE7, 0x62, 0xA3, 0xE7, 0x62, 0xA3, 0xE7, 0x62, 0xA3, 0xE7, 0x62, 0xA3, 0xE7, 0x62, 0xA3, 0xE7, 0x62, 0xA3, 0xE7, 0x62, 0xA3, 0xE7, 0x62, 0xA3, 0xE7, 0x62, 0xA3, 0xE7, 
        0x62, 0xA3, 0xE7, 0x62, 0xA3, 0xE7, 0x62, 0xA3, 0xE7, 0x62, 0xA3, 0xE7, 0x62, 0xA3, 0xE7, 0x62, 0xA3, 0xE7, 0x62, 0xA3, 0xE7, 0x62, 0xA3, 0xE7, 0x62, 0xA3, 0xE7, 0x62, 0xA3, 0xE7, 0x62, 0xA3, 0xE7, 0x62, 0xA3, 0xE7, 0x62, 0xA3, 0xE7, 
        0x62, 0xA3, 0xE7, 0x62, 0xA3, 0xE7, 0x62, 0xA3, 0xE7, 0x62, 0xA3, 0xE7, 0x62, 0xA3, 0xE7, 0x62, 0xA3, 0xE7, 0x62, 0xA3, 0xE7, 0x62, 0xA3, 0xE7, 0x62, 0xA3, 0xE7, 0x62, 0xA3, 0xE7, 0x62, 0xA3, 0xE7, 0x62, 0xA3, 0xE7, 0x62, 0xA3, 0xE7, 
        0x62, 0xA3, 0xE7, 0x62, 0xA3, 0xE7, 0x62, 0xA3, 0xE7, 0x62, 0xA3, 0xE7, 0x62, 0xA3, 0xE7, 0x62, 0xA3, 0xE7, 0x62, 0xA3, 0xE7, 0x62, 0xA3, 0xE7, 0x62, 0xA3, 0xE7, 0x62, 0xA3, 0xE7, 0x62, 0xA3, 0xE7, 0x62, 0xA3, 0xE7, 0x62, 0xA3, 0xE7, 
        0x62, 0xA3, 0xE7, 0x62, 0xA3, 0xE7, 0x62, 0xA3, 0xE7, 0x62, 0xA3, 0xE7, 0x62, 0xA3, 0xE7,
  0x62, 0xA3, 0xE7, 0x62, 0xA3, 0xE7, 0x62, 0xA3, 0xE7, 0x62, 0xA3, 0xE7, 0x62, 0xA3, 0xE7, 0x62, 0xA3, 0xE7, 0x62, 0xA3, 0xE7, 0x62, 0xA3, 0xE7, 0x62, 0xA3, 0xE7, 0x62, 0xA3, 0xE7, 0x62, 0xA3, 0xE7, 0x62, 0xA3, 0xE7, 0x62, 0xA3, 0xE7, 0x62, 0xA3, 0xE7, 
        0x62, 0xA3, 0xE7, 0x62, 0xA3, 0xE7, 0x62, 0xA3, 0xE7, 0x62, 0xA3, 0xE7, 0x62, 0xA3, 0xE7, 0x62, 0xA3, 0xE7, 0x62, 0xA3, 0xE7, 0x62, 0xA3, 0xE7, 0x62, 0xA3, 0xE7, 0x62, 0xA3, 0xE7, 0x62, 0xA3, 0xE7, 0x62, 0xA3, 0xE7, 0x62, 0xA3, 0xE7, 
        0x62, 0xA3, 0xE7, 0x62, 0xA3, 0xE7, 0x62, 0xA3, 0xE7, 0x62, 0xA3, 0xE7, 0x62, 0xA3, 0xE7, 0x62, 0xA3, 0xE7, 0x62, 0xA3, 0xE7, 0x62, 0xA3, 0xE7, 0x62, 0xA3, 0xE7, 0x62, 0xA3, 0xE7, 0x62, 0xA3, 0xE7, 0x62, 0xA3, 0xE7, 0x62, 0xA3, 0xE7, 
        0x62, 0xA3, 0xE7, 0x62, 0xA3, 0xE7, 0x62, 0xA3, 0xE7, 0x62, 0xA3, 0xE7, 0x62, 0xA3, 0xE7, 0x62, 0xA3, 0xE7, 0x62, 0xA3, 0xE7, 0x62, 0xA3, 0xE7, 0x62, 0xA3, 0xE7, 0x62, 0xA3, 0xE7, 0x62, 0xA3, 0xE7, 0x62, 0xA3, 0xE7, 0x62, 0xA3, 0xE7, 
        0x62, 0xA3, 0xE7, 0x62, 0xA3, 0xE7, 0x62, 0xA3, 0xE7, 0x62, 0xA3, 0xE7, 0x62, 0xA3, 0xE7, 0x62, 0xA3, 0xE7, 0x62, 0xA3, 0xE7, 0x62, 0xA3, 0xE7, 0x62, 0xA3, 0xE7, 0x62, 0xA3, 0xE7, 0x62, 0xA3, 0xE7, 0x62, 0xA3, 0xE7, 0x62, 0xA3, 0xE7, 
        0x62, 0xA3, 0xE7, 0x62, 0xA3, 0xE7, 0x62, 0xA3, 0xE7, 0x62, 0xA3, 0xE7, 0x62, 0xA3, 0xE7, 0x62, 0xA3, 0xE7, 0x62, 0xA3, 0xE7, 0x62, 0xA3, 0xE7, 0x62, 0xA3, 0xE7, 0x62, 0xA3, 0xE7, 0x62, 0xA3, 0xE7, 0x62, 0xA3, 0xE7, 0x62, 0xA3, 0xE7, 
        0x62, 0xA3, 0xE7, 0x62, 0xA3, 0xE7, 0x62, 0xA3, 0xE7, 0x62, 0xA3, 0xE7, 0x62, 0xA3, 0xE7, 0x62, 0xA3, 0xE7, 0x62, 0xA3, 0xE7, 0x62, 0xA3, 0xE7, 0x62, 0xA3, 0xE7, 0x62, 0xA3, 0xE7, 0x62, 0xA3, 0xE7, 0x62, 0xA3, 0xE7, 0x62, 0xA3, 0xE7, 
        0x62, 0xA3, 0xE7, 0x62, 0xA3, 0xE7, 0x62, 0xA3, 0xE7, 0x62, 0xA3, 0xE7, 0x62, 0xA3, 0xE7, 0x62, 0xA3, 0xE7, 0x62, 0xA3, 0xE7, 0x62, 0xA3, 0xE7, 0x62, 0xA3, 0xE7, 0x62, 0xA3, 0xE7, 0x62, 0xA3, 0xE7, 0x62, 0xA3, 0xE7, 0x62, 0xA3, 0xE7, 
        0x62, 0xA3, 0xE7, 0x62, 0xA3, 0xE7, 0x62, 0xA3, 0xE7, 0x62, 0xA3, 0xE7, 0x62, 0xA3, 0xE7, 0x62, 0xA3, 0xE7, 0x62, 0xA3, 0xE7, 0x62, 0xA3, 0xE7, 0x62, 0xA3, 0xE7, 0x62, 0xA3, 0xE7, 0x62, 0xA3, 0xE7, 0x62, 0xA3, 0xE7, 0x62, 0xA3, 0xE7, 
        0x62, 0xA3, 0xE7, 0x62, 0xA3, 0xE7, 0x62, 0xA3, 0xE7, 0x62, 0xA3, 0xE7, 0x62, 0xA3, 0xE7, 0x62, 0xA3, 0xE7, 0x62, 0xA3, 0xE7, 0x62, 0xA3, 0xE7, 0x62, 0xA3, 0xE7, 0x62, 0xA3, 0xE7, 0x62, 0xA3, 0xE7, 0x62, 0xA3, 0xE7, 0x62, 0xA3, 0xE7, 
        0x62, 0xA3, 0xE7, 0x62, 0xA3, 0xE7, 0x62, 0xA3, 0xE7, 0x62, 0xA3, 0xE7, 0x62, 0xA3, 0xE7, 0x62, 0xA3, 0xE7, 0x62, 0xA3, 0xE7, 0x62, 0xA3, 0xE7, 0x62, 0xA3, 0xE7, 0x62, 0xA3, 0xE7, 0x62, 0xA3, 0xE7, 0x62, 0xA3, 0xE7, 0x62, 0xA3, 0xE7, 
        0x62, 0xA3, 0xE7, 0x62, 0xA3, 0xE7, 0x62, 0xA3, 0xE7, 0x62, 0xA3, 0xE7, 0x62, 0xA3, 0xE7, 0x62, 0xA3, 0xE7, 0x62, 0xA3, 0xE7, 0x62, 0xA3, 0xE7, 0x62, 0xA3, 0xE7, 0x62, 0xA3, 0xE7, 0x62, 0xA3, 0xE7, 0x62, 0xA3, 0xE7, 0x62, 0xA3, 0xE7, 
        0x62, 0xA3, 0xE7, 0x62, 0xA3, 0xE7, 0x62, 0xA3, 0xE7, 0x62, 0xA3, 0xE7, 0x62, 0xA3, 0xE7,
  0x62, 0xA3, 0xE7, 0x62, 0xA3, 0xE7, 0x62, 0xA3, 0xE7, 0x62, 0xA3, 0xE7, 0x62, 0xA3, 0xE7, 0x62, 0xA3, 0xE7, 0x62, 0xA3, 0xE7, 0x62, 0xA3, 0xE7, 0x62, 0xA3, 0xE7, 0x62, 0xA3, 0xE7, 0x62, 0xA3, 0xE7, 0x62, 0xA3, 0xE7, 0x62, 0xA3, 0xE7, 0x62, 0xA3, 0xE7, 
        0x62, 0xA3, 0xE7, 0x62, 0xA3, 0xE7, 0x62, 0xA3, 0xE7, 0x62, 0xA3, 0xE7, 0x62, 0xA3, 0xE7, 0x62, 0xA3, 0xE7, 0x62, 0xA3, 0xE7, 0x62, 0xA3, 0xE7, 0x62, 0xA3, 0xE7, 0x62, 0xA3, 0xE7, 0x62, 0xA3, 0xE7, 0x62, 0xA3, 0xE7, 0x62, 0xA3, 0xE7, 
        0x62, 0xA3, 0xE7, 0x62, 0xA3, 0xE7, 0x62, 0xA3, 0xE7, 0x62, 0xA3, 0xE7, 0x62, 0xA3, 0xE7, 0x62, 0xA3, 0xE7, 0x62, 0xA3, 0xE7, 0x62, 0xA3, 0xE7, 0x62, 0xA3, 0xE7, 0x62, 0xA3, 0xE7, 0x62, 0xA3, 0xE7, 0x62, 0xA3, 0xE7, 0x62, 0xA3, 0xE7, 
        0x62, 0xA3, 0xE7, 0x62, 0xA3, 0xE7, 0x62, 0xA3, 0xE7, 0x62, 0xA3, 0xE7, 0x62, 0xA3, 0xE7, 0x62, 0xA3, 0xE7, 0x62, 0xA3, 0xE7, 0x62, 0xA3, 0xE7, 0x62, 0xA3, 0xE7, 0x62, 0xA3, 0xE7, 0x62, 0xA3, 0xE7, 0x62, 0xA3, 0xE7, 0x62, 0xA3, 0xE7, 
        0x62, 0xA3, 0xE7, 0x62, 0xA3, 0xE7, 0x62, 0xA3, 0xE7, 0x62, 0xA3, 0xE7, 0x62, 0xA3, 0xE7, 0x62, 0xA3, 0xE7, 0x62, 0xA3, 0xE7, 0x62, 0xA3, 0xE7, 0x62, 0xA3, 0xE7, 0x62, 0xA3, 0xE7, 0x62, 0xA3, 0xE7, 0x62, 0xA3, 0xE7, 0x62, 0xA3, 0xE7, 
        0x62, 0xA3, 0xE7, 0x62, 0xA3, 0xE7, 0x62, 0xA3, 0xE7, 0x62, 0xA3, 0xE7, 0x62, 0xA3, 0xE7, 0x62, 0xA3, 0xE7, 0x62, 0xA3, 0xE7, 0x62, 0xA3, 0xE7, 0x62, 0xA3, 0xE7, 0x62, 0xA3, 0xE7, 0x62, 0xA3, 0xE7, 0x62, 0xA3, 0xE7, 0x62, 0xA3, 0xE7, 
        0x62, 0xA3, 0xE7, 0x62, 0xA3, 0xE7, 0x62, 0xA3, 0xE7, 0x62, 0xA3, 0xE7, 0x62, 0xA3, 0xE7, 0x62, 0xA3, 0xE7, 0x62, 0xA3, 0xE7, 0x62, 0xA3, 0xE7, 0x62, 0xA3, 0xE7, 0x62, 0xA3, 0xE7, 0x62, 0xA3, 0xE7, 0x62, 0xA3, 0xE7, 0x62, 0xA3, 0xE7, 
        0x62, 0xA3, 0xE7, 0x62, 0xA3, 0xE7, 0x62, 0xA3, 0xE7, 0x62, 0xA3, 0xE7, 0x62, 0xA3, 0xE7, 0x62, 0xA3, 0xE7, 0x62, 0xA3, 0xE7, 0x62, 0xA3, 0xE7, 0x62, 0xA3, 0xE7, 0x62, 0xA3, 0xE7, 0x62, 0xA3, 0xE7, 0x62, 0xA3, 0xE7, 0x62, 0xA3, 0xE7, 
        0x62, 0xA3, 0xE7, 0x62, 0xA3, 0xE7, 0x62, 0xA3, 0xE7, 0x62, 0xA3, 0xE7, 0x62, 0xA3, 0xE7, 0x62, 0xA3, 0xE7, 0x62, 0xA3, 0xE7, 0x62, 0xA3, 0xE7, 0x62, 0xA3, 0xE7, 0x62, 0xA3, 0xE7, 0x62, 0xA3, 0xE7, 0x62, 0xA3, 0xE7, 0x62, 0xA3, 0xE7, 
        0x62, 0xA3, 0xE7, 0x62, 0xA3, 0xE7, 0x62, 0xA3, 0xE7, 0x62, 0xA3, 0xE7, 0x62, 0xA3, 0xE7, 0x62, 0xA3, 0xE7, 0x62, 0xA3, 0xE7, 0x62, 0xA3, 0xE7, 0x62, 0xA3, 0xE7, 0x62, 0xA3, 0xE7, 0x62, 0xA3, 0xE7, 0x62, 0xA3, 0xE7, 0x62, 0xA3, 0xE7, 
        0x62, 0xA3, 0xE7, 0x62, 0xA3, 0xE7, 0x62, 0xA3, 0xE7, 0x62, 0xA3, 0xE7, 0x62, 0xA3, 0xE7, 0x62, 0xA3, 0xE7, 0x62, 0xA3, 0xE7, 0x62, 0xA3, 0xE7, 0x62, 0xA3, 0xE7, 0x62, 0xA3, 0xE7, 0x62, 0xA3, 0xE7, 0x62, 0xA3, 0xE7, 0x62, 0xA3, 0xE7, 
        0x62, 0xA3, 0xE7, 0x62, 0xA3, 0xE7, 0x62, 0xA3, 0xE7, 0x62, 0xA3, 0xE7, 0x62, 0xA3, 0xE7, 0x62, 0xA3, 0xE7, 0x62, 0xA3, 0xE7, 0x62, 0xA3, 0xE7, 0x62, 0xA3, 0xE7, 0x62, 0xA3, 0xE7, 0x62, 0xA3, 0xE7, 0x62, 0xA3, 0xE7, 0x62, 0xA3, 0xE7, 
        0x62, 0xA3, 0xE7, 0x62, 0xA3, 0xE7, 0x62, 0xA3, 0xE7, 0x62, 0xA3, 0xE7, 0x62, 0xA3, 0xE7,
  0x62, 0xA3, 0xE7, 0x62, 0xA3, 0xE7, 0x62, 0xA3, 0xE7, 0x62, 0xA3, 0xE7, 0x62, 0xA3, 0xE7, 0x62, 0xA3, 0xE7, 0x62, 0xA3, 0xE7, 0x62, 0xA3, 0xE7, 0x62, 0xA3, 0xE7, 0x62, 0xA3, 0xE7, 0x62, 0xA3, 0xE7, 0x62, 0xA3, 0xE7, 0x62, 0xA3, 0xE7, 0x62, 0xA3, 0xE7, 
        0x62, 0xA3, 0xE7, 0x62, 0xA3, 0xE7, 0x62, 0xA3, 0xE7, 0x62, 0xA3, 0xE7, 0x62, 0xA3, 0xE7, 0x62, 0xA3, 0xE7, 0x62, 0xA3, 0xE7, 0x62, 0xA3, 0xE7, 0x62, 0xA3, 0xE7, 0x62, 0xA3, 0xE7, 0x62, 0xA3, 0xE7, 0x62, 0xA3, 0xE7, 0x62, 0xA3, 0xE7, 
        0x62, 0xA3, 0xE7, 0x62, 0xA3, 0xE7, 0x62, 0xA3, 0xE7, 0x62, 0xA3, 0xE7, 0x62, 0xA3, 0xE7, 0x62, 0xA3, 0xE7, 0x62, 0xA3, 0xE7, 0x62, 0xA3, 0xE7, 0x62, 0xA3, 0xE7, 0x62, 0xA3, 0xE7, 0x62, 0xA3, 0xE7, 0x62, 0xA3, 0xE7, 0x62, 0xA3, 0xE7, 
        0x62, 0xA3, 0xE7, 0x62, 0xA3, 0xE7, 0x62, 0xA3, 0xE7, 0x62, 0xA3, 0xE7, 0x62, 0xA3, 0xE7, 0x62, 0xA3, 0xE7, 0x62, 0xA3, 0xE7, 0x62, 0xA3, 0xE7, 0x62, 0xA3, 0xE7, 0x62, 0xA3, 0xE7, 0x62, 0xA3, 0xE7, 0x62, 0xA3, 0xE7, 0x62, 0xA3, 0xE7, 
        0x62, 0xA3, 0xE7, 0x62, 0xA3, 0xE7, 0x62, 0xA3, 0xE7, 0x62, 0xA3, 0xE7, 0x62, 0xA3, 0xE7, 0x62, 0xA3, 0xE7, 0x62, 0xA3, 0xE7, 0x62, 0xA3, 0xE7, 0x62, 0xA3, 0xE7, 0x62, 0xA3, 0xE7, 0x62, 0xA3, 0xE7, 0x62, 0xA3, 0xE7, 0x62, 0xA3, 0xE7, 
        0x62, 0xA3, 0xE7, 0x62, 0xA3, 0xE7, 0x62, 0xA3, 0xE7, 0x62, 0xA3, 0xE7, 0x62, 0xA3, 0xE7, 0x62, 0xA3, 0xE7, 0x62, 0xA3, 0xE7, 0x62, 0xA3, 0xE7, 0x62, 0xA3, 0xE7, 0x62, 0xA3, 0xE7, 0x62, 0xA3, 0xE7, 0x62, 0xA3, 0xE7, 0x62, 0xA3, 0xE7, 
        0x62, 0xA3, 0xE7, 0x62, 0xA3, 0xE7, 0x62, 0xA3, 0xE7, 0x62, 0xA3, 0xE7, 0x62, 0xA3, 0xE7, 0x62, 0xA3, 0xE7, 0x62, 0xA3, 0xE7, 0x62, 0xA3, 0xE7, 0x62, 0xA3, 0xE7, 0x62, 0xA3, 0xE7, 0x62, 0xA3, 0xE7, 0x62, 0xA3, 0xE7, 0x62, 0xA3, 0xE7, 
        0x62, 0xA3, 0xE7, 0x62, 0xA3, 0xE7, 0x62, 0xA3, 0xE7, 0x62, 0xA3, 0xE7, 0x62, 0xA3, 0xE7, 0x62, 0xA3, 0xE7, 0x62, 0xA3, 0xE7, 0x62, 0xA3, 0xE7, 0x62, 0xA3, 0xE7, 0x62, 0xA3, 0xE7, 0x62, 0xA3, 0xE7, 0x62, 0xA3, 0xE7, 0x62, 0xA3, 0xE7, 
        0x62, 0xA3, 0xE7, 0x62, 0xA3, 0xE7, 0x62, 0xA3, 0xE7, 0x62, 0xA3, 0xE7, 0x62, 0xA3, 0xE7, 0x62, 0xA3, 0xE7, 0x62, 0xA3, 0xE7, 0x62, 0xA3, 0xE7, 0x62, 0xA3, 0xE7, 0x62, 0xA3, 0xE7, 0x62, 0xA3, 0xE7, 0x62, 0xA3, 0xE7, 0x62, 0xA3, 0xE7, 
        0x62, 0xA3, 0xE7, 0x62, 0xA3, 0xE7, 0x62, 0xA3, 0xE7, 0x62, 0xA3, 0xE7, 0x62, 0xA3, 0xE7, 0x62, 0xA3, 0xE7, 0x62, 0xA3, 0xE7, 0x62, 0xA3, 0xE7, 0x62, 0xA3, 0xE7, 0x62, 0xA3, 0xE7, 0x62, 0xA3, 0xE7, 0x62, 0xA3, 0xE7, 0x62, 0xA3, 0xE7, 
        0x62, 0xA3, 0xE7, 0x62, 0xA3, 0xE7, 0x62, 0xA3, 0xE7, 0x62, 0xA3, 0xE7, 0x62, 0xA3, 0xE7, 0x62, 0xA3, 0xE7, 0x62, 0xA3, 0xE7, 0x62, 0xA3, 0xE7, 0x62, 0xA3, 0xE7, 0x62, 0xA3, 0xE7, 0x62, 0xA3, 0xE7, 0x62, 0xA3, 0xE7, 0x62, 0xA3, 0xE7, 
        0x62, 0xA3, 0xE7, 0x62, 0xA3, 0xE7, 0x62, 0xA3, 0xE7, 0x62, 0xA3, 0xE7, 0x62, 0xA3, 0xE7, 0x62, 0xA3, 0xE7, 0x62, 0xA3, 0xE7, 0x62, 0xA3, 0xE7, 0x62, 0xA3, 0xE7, 0x62, 0xA3, 0xE7, 0x62, 0xA3, 0xE7, 0x62, 0xA3, 0xE7, 0x62, 0xA3, 0xE7, 
        0x62, 0xA3, 0xE7, 0x62, 0xA3, 0xE7, 0x62, 0xA3, 0xE7, 0x62, 0xA3, 0xE7, 0x62, 0xA3, 0xE7,
  0x62, 0xA3, 0xE7, 0x62, 0xA3, 0xE7, 0x62, 0xA3, 0xE7, 0x62, 0xA3, 0xE7, 0x62, 0xA3, 0xE7, 0x62, 0xA3, 0xE7, 0x62, 0xA3, 0xE7, 0x62, 0xA3, 0xE7, 0x62, 0xA3, 0xE7, 0x62, 0xA3, 0xE7, 0x62, 0xA3, 0xE7, 0x62, 0xA3, 0xE7, 0x62, 0xA3, 0xE7, 0x62, 0xA3, 0xE7, 
        0x62, 0xA3, 0xE7, 0x62, 0xA3, 0xE7, 0x62, 0xA3, 0xE7, 0x62, 0xA3, 0xE7, 0x62, 0xA3, 0xE7, 0x62, 0xA3, 0xE7, 0x62, 0xA3, 0xE7, 0x62, 0xA3, 0xE7, 0x62, 0xA3, 0xE7, 0x62, 0xA3, 0xE7, 0x62, 0xA3, 0xE7, 0x62, 0xA3, 0xE7, 0x62, 0xA3, 0xE7, 
        0x62, 0xA3, 0xE7, 0x62, 0xA3, 0xE7, 0x62, 0xA3, 0xE7, 0x62, 0xA3, 0xE7, 0x62, 0xA3, 0xE7, 0x62, 0xA3, 0xE7, 0x62, 0xA3, 0xE7, 0x62, 0xA3, 0xE7, 0x62, 0xA3, 0xE7, 0x62, 0xA3, 0xE7, 0x62, 0xA3, 0xE7, 0x62, 0xA3, 0xE7, 0x62, 0xA3, 0xE7, 
        0x62, 0xA3, 0xE7, 0x62, 0xA3, 0xE7, 0x62, 0xA3, 0xE7, 0x62, 0xA3, 0xE7, 0x62, 0xA3, 0xE7, 0x62, 0xA3, 0xE7, 0x62, 0xA3, 0xE7, 0x62, 0xA3, 0xE7, 0x62, 0xA3, 0xE7, 0x62, 0xA3, 0xE7, 0x62, 0xA3, 0xE7, 0x62, 0xA3, 0xE7, 0x62, 0xA3, 0xE7, 
        0x62, 0xA3, 0xE7, 0x62, 0xA3, 0xE7, 0x62, 0xA3, 0xE7, 0x62, 0xA3, 0xE7, 0x62, 0xA3, 0xE7, 0x62, 0xA3, 0xE7, 0x62, 0xA3, 0xE7, 0x62, 0xA3, 0xE7, 0x62, 0xA3, 0xE7, 0x62, 0xA3, 0xE7, 0x62, 0xA3, 0xE7, 0x62, 0xA3, 0xE7, 0x62, 0xA3, 0xE7, 
        0x62, 0xA3, 0xE7, 0x62, 0xA3, 0xE7, 0x62, 0xA3, 0xE7, 0x62, 0xA3, 0xE7, 0x62, 0xA3, 0xE7, 0x62, 0xA3, 0xE7, 0x62, 0xA3, 0xE7, 0x62, 0xA3, 0xE7, 0x62, 0xA3, 0xE7, 0x62, 0xA3, 0xE7, 0x62, 0xA3, 0xE7, 0x62, 0xA3, 0xE7, 0x62, 0xA3, 0xE7, 
        0x62, 0xA3, 0xE7, 0x62, 0xA3, 0xE7, 0x62, 0xA3, 0xE7, 0x62, 0xA3, 0xE7, 0x62, 0xA3, 0xE7, 0x62, 0xA3, 0xE7, 0x62, 0xA3, 0xE7, 0x62, 0xA3, 0xE7, 0x62, 0xA3, 0xE7, 0x62, 0xA3, 0xE7, 0x62, 0xA3, 0xE7, 0x62, 0xA3, 0xE7, 0x62, 0xA3, 0xE7, 
        0x62, 0xA3, 0xE7, 0x62, 0xA3, 0xE7, 0x62, 0xA3, 0xE7, 0x62, 0xA3, 0xE7, 0x62, 0xA3, 0xE7, 0x62, 0xA3, 0xE7, 0x62, 0xA3, 0xE7, 0x62, 0xA3, 0xE7, 0x62, 0xA3, 0xE7, 0x62, 0xA3, 0xE7, 0x62, 0xA3, 0xE7, 0x62, 0xA3, 0xE7, 0x62, 0xA3, 0xE7, 
        0x62, 0xA3, 0xE7, 0x62, 0xA3, 0xE7, 0x62, 0xA3, 0xE7, 0x62, 0xA3, 0xE7, 0x62, 0xA3, 0xE7, 0x62, 0xA3, 0xE7, 0x62, 0xA3, 0xE7, 0x62, 0xA3, 0xE7, 0x62, 0xA3, 0xE7, 0x62, 0xA3, 0xE7, 0x62, 0xA3, 0xE7, 0x62, 0xA3, 0xE7, 0x62, 0xA3, 0xE7, 
        0x62, 0xA3, 0xE7, 0x62, 0xA3, 0xE7, 0x62, 0xA3, 0xE7, 0x62, 0xA3, 0xE7, 0x62, 0xA3, 0xE7, 0x62, 0xA3, 0xE7, 0x62, 0xA3, 0xE7, 0x62, 0xA3, 0xE7, 0x62, 0xA3, 0xE7, 0x62, 0xA3, 0xE7, 0x62, 0xA3, 0xE7, 0x62, 0xA3, 0xE7, 0x62, 0xA3, 0xE7, 
        0x62, 0xA3, 0xE7, 0x62, 0xA3, 0xE7, 0x62, 0xA3, 0xE7, 0x62, 0xA3, 0xE7, 0x62, 0xA3, 0xE7, 0x62, 0xA3, 0xE7, 0x62, 0xA3, 0xE7, 0x62, 0xA3, 0xE7, 0x62, 0xA3, 0xE7, 0x62, 0xA3, 0xE7, 0x62, 0xA3, 0xE7, 0x62, 0xA3, 0xE7, 0x62, 0xA3, 0xE7, 
        0x62, 0xA3, 0xE7, 0x62, 0xA3, 0xE7, 0x62, 0xA3, 0xE7, 0x62, 0xA3, 0xE7, 0x62, 0xA3, 0xE7, 0x62, 0xA3, 0xE7, 0x62, 0xA3, 0xE7, 0x62, 0xA3, 0xE7, 0x62, 0xA3, 0xE7, 0x62, 0xA3, 0xE7, 0x62, 0xA3, 0xE7, 0x62, 0xA3, 0xE7, 0x62, 0xA3, 0xE7, 
        0x62, 0xA3, 0xE7, 0x62, 0xA3, 0xE7, 0x62, 0xA3, 0xE7, 0x62, 0xA3, 0xE7, 0x62, 0xA3, 0xE7,
  0x62, 0xA3, 0xE7, 0x62, 0xA3, 0xE7, 0x62, 0xA3, 0xE7, 0x62, 0xA3, 0xE7, 0x62, 0xA3, 0xE7, 0x62, 0xA3, 0xE7, 0x62, 0xA3, 0xE7, 0x62, 0xA3, 0xE7, 0x62, 0xA3, 0xE7, 0x62, 0xA3, 0xE7, 0x62, 0xA3, 0xE7, 0x62, 0xA3, 0xE7, 0x62, 0xA3, 0xE7, 0x62, 0xA3, 0xE7, 
        0x62, 0xA3, 0xE7, 0x62, 0xA3, 0xE7, 0x62, 0xA3, 0xE7, 0x62, 0xA3, 0xE7, 0x62, 0xA3, 0xE7, 0x62, 0xA3, 0xE7, 0x62, 0xA3, 0xE7, 0x62, 0xA3, 0xE7, 0x62, 0xA3, 0xE7, 0x62, 0xA3, 0xE7, 0x62, 0xA3, 0xE7, 0x62, 0xA3, 0xE7, 0x62, 0xA3, 0xE7, 
        0x62, 0xA3, 0xE7, 0x62, 0xA3, 0xE7, 0x62, 0xA3, 0xE7, 0x62, 0xA3, 0xE7, 0x62, 0xA3, 0xE7, 0x62, 0xA3, 0xE7, 0x62, 0xA3, 0xE7, 0x62, 0xA3, 0xE7, 0x62, 0xA3, 0xE7, 0x62, 0xA3, 0xE7, 0x62, 0xA3, 0xE7, 0x62, 0xA3, 0xE7, 0x62, 0xA3, 0xE7, 
        0x62, 0xA3, 0xE7, 0x62, 0xA3, 0xE7, 0x62, 0xA3, 0xE7, 0x62, 0xA3, 0xE7, 0x62, 0xA3, 0xE7, 0x62, 0xA3, 0xE7, 0x62, 0xA3, 0xE7, 0x62, 0xA3, 0xE7, 0x62, 0xA3, 0xE7, 0x62, 0xA3, 0xE7, 0x62, 0xA3, 0xE7, 0x62, 0xA3, 0xE7, 0x62, 0xA3, 0xE7, 
        0x62, 0xA3, 0xE7, 0x62, 0xA3, 0xE7, 0x62, 0xA3, 0xE7, 0x62, 0xA3, 0xE7, 0x62, 0xA3, 0xE7, 0x62, 0xA3, 0xE7, 0x62, 0xA3, 0xE7, 0x62, 0xA3, 0xE7, 0x62, 0xA3, 0xE7, 0x62, 0xA3, 0xE7, 0x62, 0xA3, 0xE7, 0x62, 0xA3, 0xE7, 0x62, 0xA3, 0xE7, 
        0x62, 0xA3, 0xE7, 0x62, 0xA3, 0xE7, 0x62, 0xA3, 0xE7, 0x62, 0xA3, 0xE7, 0x62, 0xA3, 0xE7, 0x62, 0xA3, 0xE7, 0x62, 0xA3, 0xE7, 0x62, 0xA3, 0xE7, 0x62, 0xA3, 0xE7, 0x62, 0xA3, 0xE7, 0x62, 0xA3, 0xE7, 0x62, 0xA3, 0xE7, 0x62, 0xA3, 0xE7, 
        0x62, 0xA3, 0xE7, 0x62, 0xA3, 0xE7, 0x62, 0xA3, 0xE7, 0x62, 0xA3, 0xE7, 0x62, 0xA3, 0xE7, 0x62, 0xA3, 0xE7, 0x62, 0xA3, 0xE7, 0x62, 0xA3, 0xE7, 0x62, 0xA3, 0xE7, 0x62, 0xA3, 0xE7, 0x62, 0xA3, 0xE7, 0x62, 0xA3, 0xE7, 0x62, 0xA3, 0xE7, 
        0x62, 0xA3, 0xE7, 0x62, 0xA3, 0xE7, 0x62, 0xA3, 0xE7, 0x62, 0xA3, 0xE7, 0x62, 0xA3, 0xE7, 0x62, 0xA3, 0xE7, 0x62, 0xA3, 0xE7, 0x62, 0xA3, 0xE7, 0x62, 0xA3, 0xE7, 0x62, 0xA3, 0xE7, 0x62, 0xA3, 0xE7, 0x62, 0xA3, 0xE7, 0x62, 0xA3, 0xE7, 
        0x62, 0xA3, 0xE7, 0x62, 0xA3, 0xE7, 0x62, 0xA3, 0xE7, 0x62, 0xA3, 0xE7, 0x62, 0xA3, 0xE7, 0x62, 0xA3, 0xE7, 0x62, 0xA3, 0xE7, 0x62, 0xA3, 0xE7, 0x62, 0xA3, 0xE7, 0x62, 0xA3, 0xE7, 0x62, 0xA3, 0xE7, 0x62, 0xA3, 0xE7, 0x62, 0xA3, 0xE7, 
        0x62, 0xA3, 0xE7, 0x62, 0xA3, 0xE7, 0x62, 0xA3, 0xE7, 0x62, 0xA3, 0xE7, 0x62, 0xA3, 0xE7, 0x62, 0xA3, 0xE7, 0x62, 0xA3, 0xE7, 0x62, 0xA3, 0xE7, 0x62, 0xA3, 0xE7, 0x62, 0xA3, 0xE7, 0x62, 0xA3, 0xE7, 0x62, 0xA3, 0xE7, 0x62, 0xA3, 0xE7, 
        0x62, 0xA3, 0xE7, 0x62, 0xA3, 0xE7, 0x62, 0xA3, 0xE7, 0x62, 0xA3, 0xE7, 0x62, 0xA3, 0xE7, 0x62, 0xA3, 0xE7, 0x62, 0xA3, 0xE7, 0x62, 0xA3, 0xE7, 0x62, 0xA3, 0xE7, 0x62, 0xA3, 0xE7, 0x62, 0xA3, 0xE7, 0x62, 0xA3, 0xE7, 0x62, 0xA3, 0xE7, 
        0x62, 0xA3, 0xE7, 0x62, 0xA3, 0xE7, 0x62, 0xA3, 0xE7, 0x62, 0xA3, 0xE7, 0x62, 0xA3, 0xE7, 0x62, 0xA3, 0xE7, 0x62, 0xA3, 0xE7, 0x62, 0xA3, 0xE7, 0x62, 0xA3, 0xE7, 0x62, 0xA3, 0xE7, 0x62, 0xA3, 0xE7, 0x62, 0xA3, 0xE7, 0x62, 0xA3, 0xE7, 
        0x62, 0xA3, 0xE7, 0x62, 0xA3, 0xE7, 0x62, 0xA3, 0xE7, 0x62, 0xA3, 0xE7, 0x62, 0xA3, 0xE7,
  0x62, 0xA3, 0xE7, 0x62, 0xA3, 0xE7, 0x62, 0xA3, 0xE7, 0x62, 0xA3, 0xE7, 0x62, 0xA3, 0xE7, 0x62, 0xA3, 0xE7, 0x62, 0xA3, 0xE7, 0x62, 0xA3, 0xE7, 0x62, 0xA3, 0xE7, 0x62, 0xA3, 0xE7, 0x62, 0xA3, 0xE7, 0x62, 0xA3, 0xE7, 0x62, 0xA3, 0xE7, 0x62, 0xA3, 0xE7, 
        0x62, 0xA3, 0xE7, 0x62, 0xA3, 0xE7, 0x62, 0xA3, 0xE7, 0x62, 0xA3, 0xE7, 0x62, 0xA3, 0xE7, 0x62, 0xA3, 0xE7, 0x62, 0xA3, 0xE7, 0x62, 0xA3, 0xE7, 0x62, 0xA3, 0xE7, 0x62, 0xA3, 0xE7, 0x62, 0xA3, 0xE7, 0x62, 0xA3, 0xE7, 0x62, 0xA3, 0xE7, 
        0x62, 0xA3, 0xE7, 0x62, 0xA3, 0xE7, 0x62, 0xA3, 0xE7, 0x62, 0xA3, 0xE7, 0x62, 0xA3, 0xE7, 0x62, 0xA3, 0xE7, 0x62, 0xA3, 0xE7, 0x62, 0xA3, 0xE7, 0x62, 0xA3, 0xE7, 0x62, 0xA3, 0xE7, 0x62, 0xA3, 0xE7, 0x62, 0xA3, 0xE7, 0x62, 0xA3, 0xE7, 
        0x62, 0xA3, 0xE7, 0x62, 0xA3, 0xE7, 0x62, 0xA3, 0xE7, 0x62, 0xA3, 0xE7, 0x62, 0xA3, 0xE7, 0x62, 0xA3, 0xE7, 0x62, 0xA3, 0xE7, 0x62, 0xA3, 0xE7, 0x62, 0xA3, 0xE7, 0x62, 0xA3, 0xE7, 0x62, 0xA3, 0xE7, 0x62, 0xA3, 0xE7, 0x62, 0xA3, 0xE7, 
        0x62, 0xA3, 0xE7, 0x62, 0xA3, 0xE7, 0x62, 0xA3, 0xE7, 0x62, 0xA3, 0xE7, 0x62, 0xA3, 0xE7, 0x62, 0xA3, 0xE7, 0x62, 0xA3, 0xE7, 0x62, 0xA3, 0xE7, 0x62, 0xA3, 0xE7, 0x62, 0xA3, 0xE7, 0x62, 0xA3, 0xE7, 0x62, 0xA3, 0xE7, 0x62, 0xA3, 0xE7, 
        0x62, 0xA3, 0xE7, 0x62, 0xA3, 0xE7, 0x62, 0xA3, 0xE7, 0x62, 0xA3, 0xE7, 0x62, 0xA3, 0xE7, 0x62, 0xA3, 0xE7, 0x62, 0xA3, 0xE7, 0x62, 0xA3, 0xE7, 0x62, 0xA3, 0xE7, 0x62, 0xA3, 0xE7, 0x62, 0xA3, 0xE7, 0x62, 0xA3, 0xE7, 0x62, 0xA3, 0xE7, 
        0x62, 0xA3, 0xE7, 0x62, 0xA3, 0xE7, 0x62, 0xA3, 0xE7, 0x62, 0xA3, 0xE7, 0x62, 0xA3, 0xE7, 0x62, 0xA3, 0xE7, 0x62, 0xA3, 0xE7, 0x62, 0xA3, 0xE7, 0x62, 0xA3, 0xE7, 0x62, 0xA3, 0xE7, 0x62, 0xA3, 0xE7, 0x62, 0xA3, 0xE7, 0x62, 0xA3, 0xE7, 
        0x62, 0xA3, 0xE7, 0x62, 0xA3, 0xE7, 0x62, 0xA3, 0xE7, 0x62, 0xA3, 0xE7, 0x62, 0xA3, 0xE7, 0x62, 0xA3, 0xE7, 0x62, 0xA3, 0xE7, 0x62, 0xA3, 0xE7, 0x62, 0xA3, 0xE7, 0x62, 0xA3, 0xE7, 0x62, 0xA3, 0xE7, 0x62, 0xA3, 0xE7, 0x62, 0xA3, 0xE7, 
        0x62, 0xA3, 0xE7, 0x62, 0xA3, 0xE7, 0x62, 0xA3, 0xE7, 0x62, 0xA3, 0xE7, 0x62, 0xA3, 0xE7, 0x62, 0xA3, 0xE7, 0x62, 0xA3, 0xE7, 0x62, 0xA3, 0xE7, 0x62, 0xA3, 0xE7, 0x62, 0xA3, 0xE7, 0x62, 0xA3, 0xE7, 0x62, 0xA3, 0xE7, 0x62, 0xA3, 0xE7, 
        0x62, 0xA3, 0xE7, 0x62, 0xA3, 0xE7, 0x62, 0xA3, 0xE7, 0x62, 0xA3, 0xE7, 0x62, 0xA3, 0xE7, 0x62, 0xA3, 0xE7, 0x62, 0xA3, 0xE7, 0x62, 0xA3, 0xE7, 0x62, 0xA3, 0xE7, 0x62, 0xA3, 0xE7, 0x62, 0xA3, 0xE7, 0x62, 0xA3, 0xE7, 0x62, 0xA3, 0xE7, 
        0x62, 0xA3, 0xE7, 0x62, 0xA3, 0xE7, 0x62, 0xA3, 0xE7, 0x62, 0xA3, 0xE7, 0x62, 0xA3, 0xE7, 0x62, 0xA3, 0xE7, 0x62, 0xA3, 0xE7, 0x62, 0xA3, 0xE7, 0x62, 0xA3, 0xE7, 0x62, 0xA3, 0xE7, 0x62, 0xA3, 0xE7, 0x62, 0xA3, 0xE7, 0x62, 0xA3, 0xE7, 
        0x62, 0xA3, 0xE7, 0x62, 0xA3, 0xE7, 0x62, 0xA3, 0xE7, 0x62, 0xA3, 0xE7, 0x62, 0xA3, 0xE7, 0x62, 0xA3, 0xE7, 0x62, 0xA3, 0xE7, 0x62, 0xA3, 0xE7, 0x62, 0xA3, 0xE7, 0x62, 0xA3, 0xE7, 0x62, 0xA3, 0xE7, 0x62, 0xA3, 0xE7, 0x62, 0xA3, 0xE7, 
        0x62, 0xA3, 0xE7, 0x62, 0xA3, 0xE7, 0x62, 0xA3, 0xE7, 0x62, 0xA3, 0xE7, 0x62, 0xA3, 0xE7,
  0x62, 0xA3, 0xE7, 0x62, 0xA3, 0xE7, 0x62, 0xA3, 0xE7, 0x62, 0xA3, 0xE7, 0x62, 0xA3, 0xE7, 0x62, 0xA3, 0xE7, 0x62, 0xA3, 0xE7, 0x62, 0xA3, 0xE7, 0x62, 0xA3, 0xE7, 0x62, 0xA3, 0xE7, 0x62, 0xA3, 0xE7, 0x62, 0xA3, 0xE7, 0x62, 0xA3, 0xE7, 0x62, 0xA3, 0xE7, 
        0x62, 0xA3, 0xE7, 0x62, 0xA3, 0xE7, 0x62, 0xA3, 0xE7, 0x62, 0xA3, 0xE7, 0x62, 0xA3, 0xE7, 0x62, 0xA3, 0xE7, 0x62, 0xA3, 0xE7, 0x62, 0xA3, 0xE7, 0x62, 0xA3, 0xE7, 0x62, 0xA3, 0xE7, 0x62, 0xA3, 0xE7, 0x62, 0xA3, 0xE7, 0x62, 0xA3, 0xE7, 
        0x62, 0xA3, 0xE7, 0x62, 0xA3, 0xE7, 0x62, 0xA3, 0xE7, 0x62, 0xA3, 0xE7, 0x62, 0xA3, 0xE7, 0x62, 0xA3, 0xE7, 0x62, 0xA3, 0xE7, 0x62, 0xA3, 0xE7, 0x62, 0xA3, 0xE7, 0x62, 0xA3, 0xE7, 0x62, 0xA3, 0xE7, 0x62, 0xA3, 0xE7, 0x62, 0xA3, 0xE7, 
        0x62, 0xA3, 0xE7, 0x62, 0xA3, 0xE7, 0x62, 0xA3, 0xE7, 0x62, 0xA3, 0xE7, 0x62, 0xA3, 0xE7, 0x62, 0xA3, 0xE7, 0x62, 0xA3, 0xE7, 0x62, 0xA3, 0xE7, 0x62, 0xA3, 0xE7, 0x62, 0xA3, 0xE7, 0x62, 0xA3, 0xE7, 0x62, 0xA3, 0xE7, 0x62, 0xA3, 0xE7, 
        0x62, 0xA3, 0xE7, 0x62, 0xA3, 0xE7, 0x62, 0xA3, 0xE7, 0x62, 0xA3, 0xE7, 0x62, 0xA3, 0xE7, 0x62, 0xA3, 0xE7, 0x62, 0xA3, 0xE7, 0x62, 0xA3, 0xE7, 0x62, 0xA3, 0xE7, 0x62, 0xA3, 0xE7, 0x62, 0xA3, 0xE7, 0x62, 0xA3, 0xE7, 0x62, 0xA3, 0xE7, 
        0x62, 0xA3, 0xE7, 0x62, 0xA3, 0xE7, 0x62, 0xA3, 0xE7, 0x62, 0xA3, 0xE7, 0x62, 0xA3, 0xE7, 0x62, 0xA3, 0xE7, 0x62, 0xA3, 0xE7, 0x62, 0xA3, 0xE7, 0x62, 0xA3, 0xE7, 0x62, 0xA3, 0xE7, 0x62, 0xA3, 0xE7, 0x62, 0xA3, 0xE7, 0x62, 0xA3, 0xE7, 
        0x62, 0xA3, 0xE7, 0x62, 0xA3, 0xE7, 0x62, 0xA3, 0xE7, 0x62, 0xA3, 0xE7, 0x62, 0xA3, 0xE7, 0x62, 0xA3, 0xE7, 0x62, 0xA3, 0xE7, 0x62, 0xA3, 0xE7, 0x62, 0xA3, 0xE7, 0x62, 0xA3, 0xE7, 0x62, 0xA3, 0xE7, 0x62, 0xA3, 0xE7, 0x62, 0xA3, 0xE7, 
        0x62, 0xA3, 0xE7, 0x62, 0xA3, 0xE7, 0x62, 0xA3, 0xE7, 0x62, 0xA3, 0xE7, 0x62, 0xA3, 0xE7, 0x62, 0xA3, 0xE7, 0x62, 0xA3, 0xE7, 0x62, 0xA3, 0xE7, 0x62, 0xA3, 0xE7, 0x62, 0xA3, 0xE7, 0x62, 0xA3, 0xE7, 0x62, 0xA3, 0xE7, 0x62, 0xA3, 0xE7, 
        0x62, 0xA3, 0xE7, 0x62, 0xA3, 0xE7, 0x62, 0xA3, 0xE7, 0x62, 0xA3, 0xE7, 0x62, 0xA3, 0xE7, 0x62, 0xA3, 0xE7, 0x62, 0xA3, 0xE7, 0x62, 0xA3, 0xE7, 0x62, 0xA3, 0xE7, 0x62, 0xA3, 0xE7, 0x62, 0xA3, 0xE7, 0x62, 0xA3, 0xE7, 0x62, 0xA3, 0xE7, 
        0x62, 0xA3, 0xE7, 0x62, 0xA3, 0xE7, 0x62, 0xA3, 0xE7, 0x62, 0xA3, 0xE7, 0x62, 0xA3, 0xE7, 0x62, 0xA3, 0xE7, 0x62, 0xA3, 0xE7, 0x62, 0xA3, 0xE7, 0x62, 0xA3, 0xE7, 0x62, 0xA3, 0xE7, 0x62, 0xA3, 0xE7, 0x62, 0xA3, 0xE7, 0x62, 0xA3, 0xE7, 
        0x62, 0xA3, 0xE7, 0x62, 0xA3, 0xE7, 0x62, 0xA3, 0xE7, 0x62, 0xA3, 0xE7, 0x62, 0xA3, 0xE7, 0x62, 0xA3, 0xE7, 0x62, 0xA3, 0xE7, 0x62, 0xA3, 0xE7, 0x62, 0xA3, 0xE7, 0x62, 0xA3, 0xE7, 0x62, 0xA3, 0xE7, 0x62, 0xA3, 0xE7, 0x62, 0xA3, 0xE7, 
        0x62, 0xA3, 0xE7, 0x62, 0xA3, 0xE7, 0x62, 0xA3, 0xE7, 0x62, 0xA3, 0xE7, 0x62, 0xA3, 0xE7, 0x62, 0xA3, 0xE7, 0x62, 0xA3, 0xE7, 0x62, 0xA3, 0xE7, 0x62, 0xA3, 0xE7, 0x62, 0xA3, 0xE7, 0x62, 0xA3, 0xE7, 0x62, 0xA3, 0xE7, 0x62, 0xA3, 0xE7, 
        0x62, 0xA3, 0xE7, 0x62, 0xA3, 0xE7, 0x62, 0xA3, 0xE7, 0x62, 0xA3, 0xE7, 0x62, 0xA3, 0xE7
};

GUI_CONST_STORAGE GUI_BITMAP bmStatusLogo = {
  162, // xSize
  45, // ySize
  486, // BytesPerLine
  24, // BitsPerPixel
  (unsigned char *)_acStatusLogo,  // Pointer to picture data
  NULL,  // Pointer to palette
  GUI_DRAW_BMP24
};

/*************************** End of file ****************************/
