/*********************************************************************
*                SEGGER Microcontroller GmbH & Co. KG                *
*        Solutions for real time microcontroller applications        *
*                           www.segger.com                           *
**********************************************************************
*                                                                    *
* C-file generated by                                                *
*                                                                    *
*        Bitmap Converter for emWin (Demo version) V5.48.            *
*        Compiled Jun 12 2018, 15:10:41                              *
*                                                                    *
*        (c) 1998 - 2018 Segger Microcontroller GmbH                 *
*                                                                    *
*        May not be used in a product                                *
*                                                                    *
**********************************************************************
*                                                                    *
* Source file: SystemTime                                            *
* Dimensions:  114 * 114                                             *
* NumColors:   24bpp: 16777216                                       *
*                                                                    *
**********************************************************************
*/

#include <stdlib.h>

#include "GUI.h"

#ifndef GUI_CONST_STORAGE
  #define GUI_CONST_STORAGE const
#endif

extern GUI_CONST_STORAGE GUI_BITMAP bmSystemTime;

static GUI_CONST_STORAGE unsigned char _acSystemTime[] = {
  0x13, 0x19, 0x29, 0x13, 0x19, 0x29, 0x13, 0x19, 0x29, 0x13, 0x19, 0x29, 0x13, 0x19, 0x29, 0x13, 0x19, 0x29, 0x13, 0x19, 0x29, 0x13, 0x19, 0x29, 0x13, 0x19, 0x29, 0x13, 0x19, 0x29, 0x13, 0x19, 0x29, 0x13, 0x19, 0x29, 0x13, 0x19, 0x29, 0x13, 0x19, 0x29, 
        0x13, 0x19, 0x29, 0x13, 0x19, 0x29, 0x13, 0x19, 0x29, 0x13, 0x19, 0x29, 0x13, 0x19, 0x29, 0x13, 0x19, 0x29, 0x13, 0x19, 0x29, 0x13, 0x19, 0x29, 0x13, 0x19, 0x29, 0x13, 0x19, 0x29, 0x13, 0x19, 0x29, 0x13, 0x19, 0x29, 0x13, 0x19, 0x29, 
        0x13, 0x19, 0x29, 0x13, 0x19, 0x29, 0x13, 0x19, 0x29, 0x13, 0x19, 0x29, 0x13, 0x19, 0x29, 0x13, 0x19, 0x29, 0x13, 0x19, 0x29, 0x13, 0x19, 0x29, 0x13, 0x19, 0x29, 0x13, 0x19, 0x29, 0x13, 0x19, 0x29, 0x13, 0x19, 0x29, 0x13, 0x19, 0x29, 
        0x13, 0x19, 0x29, 0x13, 0x19, 0x29, 0x13, 0x19, 0x29, 0x13, 0x19, 0x29, 0x13, 0x19, 0x29, 0x13, 0x19, 0x29, 0x13, 0x19, 0x29, 0x13, 0x19, 0x29, 0x13, 0x19, 0x29, 0x13, 0x19, 0x29, 0x13, 0x19, 0x29, 0x13, 0x19, 0x29, 0x13, 0x19, 0x29, 
        0x13, 0x19, 0x29, 0x13, 0x19, 0x29, 0x13, 0x19, 0x29, 0x13, 0x19, 0x29, 0x13, 0x19, 0x29, 0x13, 0x19, 0x29, 0x13, 0x19, 0x29, 0x13, 0x19, 0x29, 0x13, 0x19, 0x29, 0x13, 0x19, 0x29, 0x13, 0x19, 0x29, 0x13, 0x19, 0x29, 0x13, 0x19, 0x29, 
        0x13, 0x19, 0x29, 0x13, 0x19, 0x29, 0x13, 0x19, 0x29, 0x13, 0x19, 0x29, 0x13, 0x19, 0x29, 0x13, 0x19, 0x29, 0x13, 0x19, 0x29, 0x13, 0x19, 0x29, 0x13, 0x19, 0x29, 0x13, 0x19, 0x29, 0x13, 0x19, 0x29, 0x13, 0x19, 0x29, 0x13, 0x19, 0x29, 
        0x13, 0x19, 0x29, 0x13, 0x19, 0x29, 0x13, 0x19, 0x29, 0x13, 0x19, 0x29, 0x13, 0x19, 0x29, 0x13, 0x19, 0x29, 0x13, 0x19, 0x29, 0x13, 0x19, 0x29, 0x13, 0x19, 0x29, 0x13, 0x19, 0x29, 0x13, 0x19, 0x29, 0x13, 0x19, 0x29, 0x13, 0x19, 0x29, 
        0x13, 0x19, 0x29, 0x13, 0x19, 0x29, 0x13, 0x19, 0x29, 0x13, 0x19, 0x29, 0x13, 0x19, 0x29, 0x13, 0x19, 0x29, 0x13, 0x19, 0x29, 0x13, 0x19, 0x29, 0x13, 0x19, 0x29, 0x13, 0x19, 0x29, 0x13, 0x19, 0x29, 0x13, 0x19, 0x29, 0x13, 0x19, 0x29, 
        0x13, 0x19, 0x29, 0x13, 0x19, 0x29, 0x13, 0x19, 0x29, 0x13, 0x19, 0x29, 0x13, 0x19, 0x29, 0x13, 0x19, 0x29, 0x13, 0x19, 0x29, 0x13, 0x19, 0x29, 0x13, 0x19, 0x29,
  0x13, 0x19, 0x29, 0x13, 0x19, 0x29, 0x13, 0x19, 0x29, 0x13, 0x19, 0x29, 0x13, 0x19, 0x29, 0x13, 0x19, 0x29, 0x13, 0x19, 0x29, 0x13, 0x19, 0x29, 0x13, 0x19, 0x29, 0x13, 0x19, 0x29, 0x13, 0x19, 0x29, 0x13, 0x19, 0x29, 0x13, 0x19, 0x29, 0x13, 0x19, 0x29, 
        0x13, 0x19, 0x29, 0x13, 0x19, 0x29, 0x13, 0x19, 0x29, 0x13, 0x19, 0x29, 0x13, 0x19, 0x29, 0x13, 0x19, 0x29, 0x13, 0x19, 0x29, 0x13, 0x19, 0x29, 0x13, 0x19, 0x29, 0x13, 0x19, 0x29, 0x13, 0x19, 0x29, 0x13, 0x19, 0x29, 0x13, 0x19, 0x29, 
        0x13, 0x19, 0x29, 0x13, 0x19, 0x29, 0x13, 0x19, 0x29, 0x13, 0x19, 0x29, 0x13, 0x19, 0x29, 0x13, 0x19, 0x29, 0x13, 0x19, 0x29, 0x13, 0x19, 0x29, 0x13, 0x19, 0x29, 0x13, 0x19, 0x29, 0x13, 0x19, 0x29, 0x13, 0x19, 0x29, 0x13, 0x19, 0x29, 
        0x13, 0x19, 0x29, 0x13, 0x19, 0x29, 0x13, 0x19, 0x29, 0x13, 0x19, 0x29, 0x13, 0x19, 0x29, 0x13, 0x19, 0x29, 0x13, 0x19, 0x29, 0x13, 0x19, 0x29, 0x13, 0x19, 0x29, 0x13, 0x19, 0x29, 0x13, 0x19, 0x29, 0x13, 0x19, 0x29, 0x13, 0x19, 0x29, 
        0x13, 0x19, 0x29, 0x13, 0x19, 0x29, 0x13, 0x19, 0x29, 0x13, 0x19, 0x29, 0x13, 0x19, 0x29, 0x13, 0x19, 0x29, 0x13, 0x19, 0x29, 0x13, 0x19, 0x29, 0x13, 0x19, 0x29, 0x13, 0x19, 0x29, 0x13, 0x19, 0x29, 0x13, 0x19, 0x29, 0x13, 0x19, 0x29, 
        0x13, 0x19, 0x29, 0x13, 0x19, 0x29, 0x13, 0x19, 0x29, 0x13, 0x19, 0x29, 0x13, 0x19, 0x29, 0x13, 0x19, 0x29, 0x13, 0x19, 0x29, 0x13, 0x19, 0x29, 0x13, 0x19, 0x29, 0x13, 0x19, 0x29, 0x13, 0x19, 0x29, 0x13, 0x19, 0x29, 0x13, 0x19, 0x29, 
        0x13, 0x19, 0x29, 0x13, 0x19, 0x29, 0x13, 0x19, 0x29, 0x13, 0x19, 0x29, 0x13, 0x19, 0x29, 0x13, 0x19, 0x29, 0x13, 0x19, 0x29, 0x13, 0x19, 0x29, 0x13, 0x19, 0x29, 0x13, 0x19, 0x29, 0x13, 0x19, 0x29, 0x13, 0x19, 0x29, 0x13, 0x19, 0x29, 
        0x13, 0x19, 0x29, 0x13, 0x19, 0x29, 0x13, 0x19, 0x29, 0x13, 0x19, 0x29, 0x13, 0x19, 0x29, 0x13, 0x19, 0x29, 0x13, 0x19, 0x29, 0x13, 0x19, 0x29, 0x13, 0x19, 0x29, 0x13, 0x19, 0x29, 0x13, 0x19, 0x29, 0x13, 0x19, 0x29, 0x13, 0x19, 0x29, 
        0x13, 0x19, 0x29, 0x13, 0x19, 0x29, 0x13, 0x19, 0x29, 0x13, 0x19, 0x29, 0x13, 0x19, 0x29, 0x13, 0x19, 0x29, 0x13, 0x19, 0x29, 0x13, 0x19, 0x29, 0x13, 0x19, 0x29,
  0x13, 0x19, 0x29, 0x13, 0x19, 0x29, 0x13, 0x19, 0x29, 0x13, 0x19, 0x29, 0x13, 0x19, 0x29, 0x13, 0x19, 0x29, 0x13, 0x19, 0x29, 0x13, 0x19, 0x29, 0x13, 0x19, 0x29, 0x13, 0x19, 0x29, 0x13, 0x19, 0x29, 0x13, 0x19, 0x29, 0x13, 0x19, 0x29, 0x13, 0x19, 0x29, 
        0x13, 0x19, 0x29, 0x13, 0x19, 0x29, 0x13, 0x19, 0x29, 0x13, 0x19, 0x29, 0x13, 0x19, 0x29, 0x13, 0x19, 0x29, 0x13, 0x19, 0x29, 0x13, 0x19, 0x29, 0x13, 0x19, 0x29, 0x13, 0x19, 0x29, 0x13, 0x19, 0x29, 0x13, 0x19, 0x29, 0x13, 0x19, 0x29, 
        0x13, 0x19, 0x29, 0x13, 0x19, 0x29, 0x13, 0x19, 0x29, 0x13, 0x19, 0x29, 0x13, 0x19, 0x29, 0x13, 0x19, 0x29, 0x13, 0x19, 0x29, 0x13, 0x19, 0x29, 0x13, 0x19, 0x29, 0x13, 0x19, 0x29, 0x13, 0x19, 0x29, 0x13, 0x19, 0x29, 0x13, 0x19, 0x29, 
        0x13, 0x19, 0x29, 0x13, 0x19, 0x29, 0x13, 0x19, 0x29, 0x13, 0x19, 0x29, 0x13, 0x19, 0x29, 0x13, 0x19, 0x29, 0x13, 0x19, 0x29, 0x13, 0x19, 0x29, 0x13, 0x19, 0x29, 0x13, 0x19, 0x29, 0x13, 0x19, 0x29, 0x13, 0x19, 0x29, 0x13, 0x19, 0x29, 
        0x13, 0x19, 0x29, 0x13, 0x19, 0x29, 0x13, 0x19, 0x29, 0x13, 0x19, 0x29, 0x13, 0x19, 0x29, 0x13, 0x19, 0x29, 0x13, 0x19, 0x29, 0x13, 0x19, 0x29, 0x13, 0x19, 0x29, 0x13, 0x19, 0x29, 0x13, 0x19, 0x29, 0x13, 0x19, 0x29, 0x13, 0x19, 0x29, 
        0x13, 0x19, 0x29, 0x13, 0x19, 0x29, 0x13, 0x19, 0x29, 0x13, 0x19, 0x29, 0x13, 0x19, 0x29, 0x13, 0x19, 0x29, 0x13, 0x19, 0x29, 0x13, 0x19, 0x29, 0x13, 0x19, 0x29, 0x13, 0x19, 0x29, 0x13, 0x19, 0x29, 0x13, 0x19, 0x29, 0x13, 0x19, 0x29, 
        0x13, 0x19, 0x29, 0x13, 0x19, 0x29, 0x13, 0x19, 0x29, 0x13, 0x19, 0x29, 0x13, 0x19, 0x29, 0x13, 0x19, 0x29, 0x13, 0x19, 0x29, 0x13, 0x19, 0x29, 0x13, 0x19, 0x29, 0x13, 0x19, 0x29, 0x13, 0x19, 0x29, 0x13, 0x19, 0x29, 0x13, 0x19, 0x29, 
        0x13, 0x19, 0x29, 0x13, 0x19, 0x29, 0x13, 0x19, 0x29, 0x13, 0x19, 0x29, 0x13, 0x19, 0x29, 0x13, 0x19, 0x29, 0x13, 0x19, 0x29, 0x13, 0x19, 0x29, 0x13, 0x19, 0x29, 0x13, 0x19, 0x29, 0x13, 0x19, 0x29, 0x13, 0x19, 0x29, 0x13, 0x19, 0x29, 
        0x13, 0x19, 0x29, 0x13, 0x19, 0x29, 0x13, 0x19, 0x29, 0x13, 0x19, 0x29, 0x13, 0x19, 0x29, 0x13, 0x19, 0x29, 0x13, 0x19, 0x29, 0x13, 0x19, 0x29, 0x13, 0x19, 0x29,
  0x13, 0x19, 0x29, 0x13, 0x19, 0x29, 0x13, 0x19, 0x29, 0x13, 0x19, 0x29, 0x13, 0x19, 0x29, 0x13, 0x19, 0x29, 0x13, 0x19, 0x29, 0x13, 0x19, 0x29, 0x13, 0x19, 0x29, 0x13, 0x19, 0x29, 0x13, 0x19, 0x29, 0x13, 0x19, 0x29, 0x13, 0x19, 0x29, 0x13, 0x19, 0x29, 
        0x13, 0x19, 0x29, 0x13, 0x19, 0x29, 0x13, 0x19, 0x29, 0x13, 0x19, 0x29, 0x13, 0x19, 0x29, 0x13, 0x19, 0x29, 0x13, 0x19, 0x29, 0x13, 0x19, 0x29, 0x13, 0x19, 0x29, 0x13, 0x19, 0x29, 0x13, 0x19, 0x29, 0x13, 0x19, 0x29, 0x13, 0x19, 0x29, 
        0x13, 0x19, 0x29, 0x13, 0x19, 0x29, 0x13, 0x19, 0x29, 0x13, 0x19, 0x29, 0x13, 0x19, 0x29, 0x13, 0x19, 0x29, 0x13, 0x19, 0x29, 0x13, 0x19, 0x29, 0x13, 0x19, 0x29, 0x13, 0x19, 0x29, 0x13, 0x19, 0x29, 0x13, 0x19, 0x29, 0x13, 0x19, 0x29, 
        0x13, 0x19, 0x29, 0x13, 0x19, 0x29, 0x13, 0x19, 0x29, 0x13, 0x19, 0x29, 0x13, 0x19, 0x29, 0x13, 0x19, 0x29, 0x13, 0x19, 0x29, 0x13, 0x19, 0x29, 0x13, 0x19, 0x29, 0x13, 0x19, 0x29, 0x13, 0x19, 0x29, 0x13, 0x19, 0x29, 0x13, 0x19, 0x29, 
        0x13, 0x19, 0x29, 0x13, 0x19, 0x29, 0x13, 0x19, 0x29, 0x13, 0x19, 0x29, 0x13, 0x19, 0x29, 0x13, 0x19, 0x29, 0x13, 0x19, 0x29, 0x13, 0x19, 0x29, 0x13, 0x19, 0x29, 0x13, 0x19, 0x29, 0x13, 0x19, 0x29, 0x13, 0x19, 0x29, 0x13, 0x19, 0x29, 
        0x13, 0x19, 0x29, 0x13, 0x19, 0x29, 0x13, 0x19, 0x29, 0x13, 0x19, 0x29, 0x13, 0x19, 0x29, 0x13, 0x19, 0x29, 0x13, 0x19, 0x29, 0x13, 0x19, 0x29, 0x13, 0x19, 0x29, 0x13, 0x19, 0x29, 0x13, 0x19, 0x29, 0x13, 0x19, 0x29, 0x13, 0x19, 0x29, 
        0x13, 0x19, 0x29, 0x13, 0x19, 0x29, 0x13, 0x19, 0x29, 0x13, 0x19, 0x29, 0x13, 0x19, 0x29, 0x13, 0x19, 0x29, 0x13, 0x19, 0x29, 0x13, 0x19, 0x29, 0x13, 0x19, 0x29, 0x13, 0x19, 0x29, 0x13, 0x19, 0x29, 0x13, 0x19, 0x29, 0x13, 0x19, 0x29, 
        0x13, 0x19, 0x29, 0x13, 0x19, 0x29, 0x13, 0x19, 0x29, 0x13, 0x19, 0x29, 0x13, 0x19, 0x29, 0x13, 0x19, 0x29, 0x13, 0x19, 0x29, 0x13, 0x19, 0x29, 0x13, 0x19, 0x29, 0x13, 0x19, 0x29, 0x13, 0x19, 0x29, 0x13, 0x19, 0x29, 0x13, 0x19, 0x29, 
        0x13, 0x19, 0x29, 0x13, 0x19, 0x29, 0x13, 0x19, 0x29, 0x13, 0x19, 0x29, 0x13, 0x19, 0x29, 0x13, 0x19, 0x29, 0x13, 0x19, 0x29, 0x13, 0x19, 0x29, 0x13, 0x19, 0x29,
  0x13, 0x19, 0x29, 0x13, 0x19, 0x29, 0x13, 0x19, 0x29, 0x13, 0x19, 0x29, 0x13, 0x19, 0x29, 0x13, 0x19, 0x29, 0x13, 0x19, 0x29, 0x13, 0x19, 0x29, 0x13, 0x19, 0x29, 0x13, 0x19, 0x29, 0x13, 0x19, 0x29, 0x13, 0x19, 0x29, 0x13, 0x19, 0x29, 0x13, 0x19, 0x29, 
        0x13, 0x19, 0x29, 0x13, 0x19, 0x29, 0x13, 0x19, 0x29, 0x13, 0x19, 0x29, 0x13, 0x19, 0x29, 0x13, 0x19, 0x29, 0x13, 0x19, 0x29, 0x13, 0x19, 0x29, 0x13, 0x19, 0x29, 0x13, 0x19, 0x29, 0x13, 0x19, 0x29, 0x13, 0x19, 0x29, 0x13, 0x19, 0x29, 
        0x13, 0x19, 0x29, 0x13, 0x19, 0x29, 0x13, 0x19, 0x29, 0x13, 0x19, 0x29, 0x13, 0x19, 0x29, 0x13, 0x19, 0x29, 0x13, 0x19, 0x29, 0x13, 0x19, 0x29, 0x13, 0x19, 0x29, 0x13, 0x19, 0x29, 0x13, 0x19, 0x29, 0x13, 0x19, 0x29, 0x13, 0x19, 0x29, 
        0x13, 0x19, 0x29, 0x13, 0x19, 0x29, 0x13, 0x19, 0x29, 0x13, 0x19, 0x29, 0x13, 0x19, 0x29, 0x13, 0x19, 0x29, 0x13, 0x19, 0x29, 0x13, 0x19, 0x29, 0x13, 0x19, 0x29, 0x21, 0x26, 0x35, 0x48, 0x4D, 0x5A, 0x68, 0x6C, 0x76, 0x85, 0x88, 0x90, 
        0x99, 0x9C, 0xA3, 0xAC, 0xAE, 0xB4, 0xB5, 0xB7, 0xBC, 0xBD, 0xBE, 0xC3, 0xBD, 0xBE, 0xC3, 0xB5, 0xB7, 0xBC, 0xAC, 0xAE, 0xB4, 0x99, 0x9C, 0xA3, 0x85, 0x88, 0x90, 0x68, 0x6C, 0x76, 0x48, 0x4D, 0x5A, 0x21, 0x26, 0x35, 0x13, 0x19, 0x29, 
        0x13, 0x19, 0x29, 0x13, 0x19, 0x29, 0x13, 0x19, 0x29, 0x13, 0x19, 0x29, 0x13, 0x19, 0x29, 0x13, 0x19, 0x29, 0x13, 0x19, 0x29, 0x13, 0x19, 0x29, 0x13, 0x19, 0x29, 0x13, 0x19, 0x29, 0x13, 0x19, 0x29, 0x13, 0x19, 0x29, 0x13, 0x19, 0x29, 
        0x13, 0x19, 0x29, 0x13, 0x19, 0x29, 0x13, 0x19, 0x29, 0x13, 0x19, 0x29, 0x13, 0x19, 0x29, 0x13, 0x19, 0x29, 0x13, 0x19, 0x29, 0x13, 0x19, 0x29, 0x13, 0x19, 0x29, 0x13, 0x19, 0x29, 0x13, 0x19, 0x29, 0x13, 0x19, 0x29, 0x13, 0x19, 0x29, 
        0x13, 0x19, 0x29, 0x13, 0x19, 0x29, 0x13, 0x19, 0x29, 0x13, 0x19, 0x29, 0x13, 0x19, 0x29, 0x13, 0x19, 0x29, 0x13, 0x19, 0x29, 0x13, 0x19, 0x29, 0x13, 0x19, 0x29, 0x13, 0x19, 0x29, 0x13, 0x19, 0x29, 0x13, 0x19, 0x29, 0x13, 0x19, 0x29, 
        0x13, 0x19, 0x29, 0x13, 0x19, 0x29, 0x13, 0x19, 0x29, 0x13, 0x19, 0x29, 0x13, 0x19, 0x29, 0x13, 0x19, 0x29, 0x13, 0x19, 0x29, 0x13, 0x19, 0x29, 0x13, 0x19, 0x29,
  0x13, 0x19, 0x29, 0x13, 0x19, 0x29, 0x13, 0x19, 0x29, 0x13, 0x19, 0x29, 0x13, 0x19, 0x29, 0x13, 0x19, 0x29, 0x13, 0x19, 0x29, 0x13, 0x19, 0x29, 0x13, 0x19, 0x29, 0x13, 0x19, 0x29, 0x13, 0x19, 0x29, 0x13, 0x19, 0x29, 0x13, 0x19, 0x29, 0x13, 0x19, 0x29, 
        0x13, 0x19, 0x29, 0x13, 0x19, 0x29, 0x13, 0x19, 0x29, 0x13, 0x19, 0x29, 0x13, 0x19, 0x29, 0x13, 0x19, 0x29, 0x13, 0x19, 0x29, 0x13, 0x19, 0x29, 0x13, 0x19, 0x29, 0x13, 0x19, 0x29, 0x13, 0x19, 0x29, 0x13, 0x19, 0x29, 0x13, 0x19, 0x29, 
        0x13, 0x19, 0x29, 0x13, 0x19, 0x29, 0x13, 0x19, 0x29, 0x13, 0x19, 0x29, 0x13, 0x19, 0x29, 0x13, 0x19, 0x29, 0x13, 0x19, 0x29, 0x13, 0x19, 0x29, 0x13, 0x19, 0x29, 0x13, 0x19, 0x29, 0x13, 0x19, 0x29, 0x13, 0x19, 0x29, 0x13, 0x19, 0x29, 
        0x13, 0x19, 0x29, 0x13, 0x19, 0x29, 0x13, 0x19, 0x29, 0x13, 0x19, 0x29, 0x13, 0x19, 0x29, 0x38, 0x3D, 0x4A, 0x78, 0x7B, 0x84, 0xAE, 0xB0, 0xB5, 0xE2, 0xE3, 0xE5, 0xFF, 0xFF, 0xFF, 0xFF, 0xFF, 0xFF, 0xFF, 0xFF, 0xFF, 0xFF, 0xFF, 0xFF, 
        0xFF, 0xFF, 0xFF, 0xFF, 0xFF, 0xFF, 0xFF, 0xFF, 0xFF, 0xFF, 0xFF, 0xFF, 0xFF, 0xFF, 0xFF, 0xFF, 0xFF, 0xFF, 0xFF, 0xFF, 0xFF, 0xFF, 0xFF, 0xFF, 0xFF, 0xFF, 0xFF, 0xFF, 0xFF, 0xFF, 0xFF, 0xFF, 0xFF, 0xFF, 0xFF, 0xFF, 0xE2, 0xE3, 0xE5, 
        0xAE, 0xB0, 0xB5, 0x78, 0x7B, 0x84, 0x38, 0x3D, 0x4A, 0x13, 0x19, 0x29, 0x13, 0x19, 0x29, 0x13, 0x19, 0x29, 0x13, 0x19, 0x29, 0x13, 0x19, 0x29, 0x13, 0x19, 0x29, 0x13, 0x19, 0x29, 0x13, 0x19, 0x29, 0x13, 0x19, 0x29, 0x13, 0x19, 0x29, 
        0x13, 0x19, 0x29, 0x13, 0x19, 0x29, 0x13, 0x19, 0x29, 0x13, 0x19, 0x29, 0x13, 0x19, 0x29, 0x13, 0x19, 0x29, 0x13, 0x19, 0x29, 0x13, 0x19, 0x29, 0x13, 0x19, 0x29, 0x13, 0x19, 0x29, 0x13, 0x19, 0x29, 0x13, 0x19, 0x29, 0x13, 0x19, 0x29, 
        0x13, 0x19, 0x29, 0x13, 0x19, 0x29, 0x13, 0x19, 0x29, 0x13, 0x19, 0x29, 0x13, 0x19, 0x29, 0x13, 0x19, 0x29, 0x13, 0x19, 0x29, 0x13, 0x19, 0x29, 0x13, 0x19, 0x29, 0x13, 0x19, 0x29, 0x13, 0x19, 0x29, 0x13, 0x19, 0x29, 0x13, 0x19, 0x29, 
        0x13, 0x19, 0x29, 0x13, 0x19, 0x29, 0x13, 0x19, 0x29, 0x13, 0x19, 0x29, 0x13, 0x19, 0x29, 0x13, 0x19, 0x29, 0x13, 0x19, 0x29, 0x13, 0x19, 0x29, 0x13, 0x19, 0x29,
  0x13, 0x19, 0x29, 0x13, 0x19, 0x29, 0x13, 0x19, 0x29, 0x13, 0x19, 0x29, 0x13, 0x19, 0x29, 0x13, 0x19, 0x29, 0x13, 0x19, 0x29, 0x13, 0x19, 0x29, 0x13, 0x19, 0x29, 0x13, 0x19, 0x29, 0x13, 0x19, 0x29, 0x13, 0x19, 0x29, 0x13, 0x19, 0x29, 0x13, 0x19, 0x29, 
        0x13, 0x19, 0x29, 0x13, 0x19, 0x29, 0x13, 0x19, 0x29, 0x13, 0x19, 0x29, 0x13, 0x19, 0x29, 0x13, 0x19, 0x29, 0x13, 0x19, 0x29, 0x13, 0x19, 0x29, 0x13, 0x19, 0x29, 0x13, 0x19, 0x29, 0x13, 0x19, 0x29, 0x13, 0x19, 0x29, 0x13, 0x19, 0x29, 
        0x13, 0x19, 0x29, 0x13, 0x19, 0x29, 0x13, 0x19, 0x29, 0x13, 0x19, 0x29, 0x13, 0x19, 0x29, 0x13, 0x19, 0x29, 0x13, 0x19, 0x29, 0x13, 0x19, 0x29, 0x13, 0x19, 0x29, 0x13, 0x19, 0x29, 0x13, 0x19, 0x29, 0x13, 0x19, 0x29, 0x13, 0x19, 0x29, 
        0x13, 0x19, 0x29, 0x13, 0x19, 0x29, 0x43, 0x48, 0x54, 0x94, 0x96, 0x9E, 0xE1, 0xE2, 0xE4, 0xFF, 0xFF, 0xFF, 0xFF, 0xFF, 0xFF, 0xFF, 0xFF, 0xFF, 0xFF, 0xFF, 0xFF, 0xFF, 0xFF, 0xFF, 0xEC, 0xEC, 0xEE, 0xCB, 0xCD, 0xD0, 0xAE, 0xB0, 0xB5, 
        0x96, 0x98, 0x9F, 0x85, 0x88, 0x90, 0x7B, 0x7E, 0x87, 0x73, 0x77, 0x80, 0x73, 0x77, 0x80, 0x7B, 0x7E, 0x87, 0x85, 0x88, 0x90, 0x96, 0x98, 0x9F, 0xAE, 0xB0, 0xB5, 0xCB, 0xCD, 0xD0, 0xEC, 0xEC, 0xEE, 0xFF, 0xFF, 0xFF, 0xFF, 0xFF, 0xFF, 
        0xFF, 0xFF, 0xFF, 0xFF, 0xFF, 0xFF, 0xFF, 0xFF, 0xFF, 0xE1, 0xE2, 0xE4, 0x94, 0x96, 0x9E, 0x43, 0x48, 0x54, 0x13, 0x19, 0x29, 0x13, 0x19, 0x29, 0x13, 0x19, 0x29, 0x13, 0x19, 0x29, 0x13, 0x19, 0x29, 0x13, 0x19, 0x29, 0x13, 0x19, 0x29, 
        0x13, 0x19, 0x29, 0x13, 0x19, 0x29, 0x13, 0x19, 0x29, 0x13, 0x19, 0x29, 0x13, 0x19, 0x29, 0x13, 0x19, 0x29, 0x13, 0x19, 0x29, 0x13, 0x19, 0x29, 0x13, 0x19, 0x29, 0x13, 0x19, 0x29, 0x13, 0x19, 0x29, 0x13, 0x19, 0x29, 0x13, 0x19, 0x29, 
        0x13, 0x19, 0x29, 0x13, 0x19, 0x29, 0x13, 0x19, 0x29, 0x13, 0x19, 0x29, 0x13, 0x19, 0x29, 0x13, 0x19, 0x29, 0x13, 0x19, 0x29, 0x13, 0x19, 0x29, 0x13, 0x19, 0x29, 0x13, 0x19, 0x29, 0x13, 0x19, 0x29, 0x13, 0x19, 0x29, 0x13, 0x19, 0x29, 
        0x13, 0x19, 0x29, 0x13, 0x19, 0x29, 0x13, 0x19, 0x29, 0x13, 0x19, 0x29, 0x13, 0x19, 0x29, 0x13, 0x19, 0x29, 0x13, 0x19, 0x29, 0x13, 0x19, 0x29, 0x13, 0x19, 0x29,
  0x13, 0x19, 0x29, 0x13, 0x19, 0x29, 0x13, 0x19, 0x29, 0x13, 0x19, 0x29, 0x13, 0x19, 0x29, 0x13, 0x19, 0x29, 0x13, 0x19, 0x29, 0x13, 0x19, 0x29, 0x13, 0x19, 0x29, 0x13, 0x19, 0x29, 0x13, 0x19, 0x29, 0x13, 0x19, 0x29, 0x13, 0x19, 0x29, 0x13, 0x19, 0x29, 
        0x13, 0x19, 0x29, 0x13, 0x19, 0x29, 0x13, 0x19, 0x29, 0x13, 0x19, 0x29, 0x13, 0x19, 0x29, 0x13, 0x19, 0x29, 0x13, 0x19, 0x29, 0x13, 0x19, 0x29, 0x13, 0x19, 0x29, 0x13, 0x19, 0x29, 0x13, 0x19, 0x29, 0x13, 0x19, 0x29, 0x13, 0x19, 0x29, 
        0x13, 0x19, 0x29, 0x13, 0x19, 0x29, 0x13, 0x19, 0x29, 0x13, 0x19, 0x29, 0x13, 0x19, 0x29, 0x13, 0x19, 0x29, 0x13, 0x19, 0x29, 0x13, 0x19, 0x29, 0x13, 0x19, 0x29, 0x13, 0x19, 0x29, 0x13, 0x19, 0x29, 0x13, 0x19, 0x29, 0x1E, 0x23, 0x33, 
        0x77, 0x7A, 0x84, 0xD6, 0xD7, 0xDA, 0xFF, 0xFF, 0xFF, 0xFF, 0xFF, 0xFF, 0xFF, 0xFF, 0xFF, 0xFC, 0xFC, 0xFC, 0xC9, 0xCA, 0xCE, 0x8E, 0x91, 0x99, 0x58, 0x5D, 0x68, 0x29, 0x2E, 0x3D, 0x13, 0x19, 0x29, 0x13, 0x19, 0x29, 0x13, 0x19, 0x29, 
        0x13, 0x19, 0x29, 0x13, 0x19, 0x29, 0x13, 0x19, 0x29, 0x13, 0x19, 0x29, 0x13, 0x19, 0x29, 0x13, 0x19, 0x29, 0x13, 0x19, 0x29, 0x13, 0x19, 0x29, 0x13, 0x19, 0x29, 0x13, 0x19, 0x29, 0x13, 0x19, 0x29, 0x29, 0x2E, 0x3D, 0x58, 0x5D, 0x68, 
        0x8E, 0x91, 0x99, 0xC9, 0xCA, 0xCE, 0xFC, 0xFC, 0xFC, 0xFF, 0xFF, 0xFF, 0xFF, 0xFF, 0xFF, 0xFF, 0xFF, 0xFF, 0xD5, 0xD6, 0xD9, 0x77, 0x7A, 0x84, 0x1E, 0x23, 0x33, 0x13, 0x19, 0x29, 0x13, 0x19, 0x29, 0x13, 0x19, 0x29, 0x13, 0x19, 0x29, 
        0x13, 0x19, 0x29, 0x13, 0x19, 0x29, 0x13, 0x19, 0x29, 0x13, 0x19, 0x29, 0x13, 0x19, 0x29, 0x13, 0x19, 0x29, 0x13, 0x19, 0x29, 0x13, 0x19, 0x29, 0x13, 0x19, 0x29, 0x13, 0x19, 0x29, 0x13, 0x19, 0x29, 0x13, 0x19, 0x29, 0x13, 0x19, 0x29, 
        0x13, 0x19, 0x29, 0x13, 0x19, 0x29, 0x13, 0x19, 0x29, 0x13, 0x19, 0x29, 0x13, 0x19, 0x29, 0x13, 0x19, 0x29, 0x13, 0x19, 0x29, 0x13, 0x19, 0x29, 0x13, 0x19, 0x29, 0x13, 0x19, 0x29, 0x13, 0x19, 0x29, 0x13, 0x19, 0x29, 0x13, 0x19, 0x29, 
        0x13, 0x19, 0x29, 0x13, 0x19, 0x29, 0x13, 0x19, 0x29, 0x13, 0x19, 0x29, 0x13, 0x19, 0x29, 0x13, 0x19, 0x29, 0x13, 0x19, 0x29, 0x13, 0x19, 0x29, 0x13, 0x19, 0x29,
  0x13, 0x19, 0x29, 0x13, 0x19, 0x29, 0x13, 0x19, 0x29, 0x13, 0x19, 0x29, 0x13, 0x19, 0x29, 0x13, 0x19, 0x29, 0x13, 0x19, 0x29, 0x13, 0x19, 0x29, 0x13, 0x19, 0x29, 0x13, 0x19, 0x29, 0x13, 0x19, 0x29, 0x13, 0x19, 0x29, 0x13, 0x19, 0x29, 0x13, 0x19, 0x29, 
        0x13, 0x19, 0x29, 0x13, 0x19, 0x29, 0x13, 0x19, 0x29, 0x13, 0x19, 0x29, 0x13, 0x19, 0x29, 0x13, 0x19, 0x29, 0x13, 0x19, 0x29, 0x13, 0x19, 0x29, 0x13, 0x19, 0x29, 0x13, 0x19, 0x29, 0x13, 0x19, 0x29, 0x13, 0x19, 0x29, 0x13, 0x19, 0x29, 
        0x13, 0x19, 0x29, 0x13, 0x19, 0x29, 0x13, 0x19, 0x29, 0x13, 0x19, 0x29, 0x13, 0x19, 0x29, 0x13, 0x19, 0x29, 0x13, 0x19, 0x29, 0x13, 0x19, 0x29, 0x13, 0x19, 0x29, 0x13, 0x19, 0x29, 0x23, 0x29, 0x38, 0x8D, 0x90, 0x98, 0xF0, 0xF0, 0xF1, 
        0xFF, 0xFF, 0xFF, 0xFF, 0xFF, 0xFF, 0xFB, 0xFB, 0xFB, 0xB9, 0xBB, 0xBF, 0x68, 0x6C, 0x76, 0x23, 0x29, 0x38, 0x13, 0x19, 0x29, 0x13, 0x19, 0x29, 0x13, 0x19, 0x29, 0x13, 0x19, 0x29, 0x13, 0x19, 0x29, 0x13, 0x19, 0x29, 0x13, 0x19, 0x29, 
        0x13, 0x19, 0x29, 0x13, 0x19, 0x29, 0x13, 0x19, 0x29, 0x13, 0x19, 0x29, 0x13, 0x19, 0x29, 0x13, 0x19, 0x29, 0x13, 0x19, 0x29, 0x13, 0x19, 0x29, 0x13, 0x19, 0x29, 0x13, 0x19, 0x29, 0x13, 0x19, 0x29, 0x13, 0x19, 0x29, 0x13, 0x19, 0x29, 
        0x13, 0x19, 0x29, 0x13, 0x19, 0x29, 0x23, 0x29, 0x38, 0x69, 0x6D, 0x77, 0xB9, 0xBB, 0xBF, 0xFB, 0xFB, 0xFB, 0xFF, 0xFF, 0xFF, 0xFF, 0xFF, 0xFF, 0xF0, 0xF0, 0xF1, 0x8D, 0x90, 0x98, 0x23, 0x29, 0x38, 0x13, 0x19, 0x29, 0x13, 0x19, 0x29, 
        0x13, 0x19, 0x29, 0x13, 0x19, 0x29, 0x13, 0x19, 0x29, 0x13, 0x19, 0x29, 0x13, 0x19, 0x29, 0x13, 0x19, 0x29, 0x13, 0x19, 0x29, 0x13, 0x19, 0x29, 0x13, 0x19, 0x29, 0x13, 0x19, 0x29, 0x13, 0x19, 0x29, 0x13, 0x19, 0x29, 0x13, 0x19, 0x29, 
        0x13, 0x19, 0x29, 0x13, 0x19, 0x29, 0x13, 0x19, 0x29, 0x13, 0x19, 0x29, 0x13, 0x19, 0x29, 0x13, 0x19, 0x29, 0x13, 0x19, 0x29, 0x13, 0x19, 0x29, 0x13, 0x19, 0x29, 0x13, 0x19, 0x29, 0x13, 0x19, 0x29, 0x13, 0x19, 0x29, 0x13, 0x19, 0x29, 
        0x13, 0x19, 0x29, 0x13, 0x19, 0x29, 0x13, 0x19, 0x29, 0x13, 0x19, 0x29, 0x13, 0x19, 0x29, 0x13, 0x19, 0x29, 0x13, 0x19, 0x29, 0x13, 0x19, 0x29, 0x13, 0x19, 0x29,
  0x13, 0x19, 0x29, 0x13, 0x19, 0x29, 0x13, 0x19, 0x29, 0x13, 0x19, 0x29, 0x13, 0x19, 0x29, 0x13, 0x19, 0x29, 0x13, 0x19, 0x29, 0x13, 0x19, 0x29, 0x13, 0x19, 0x29, 0x13, 0x19, 0x29, 0x13, 0x19, 0x29, 0x13, 0x19, 0x29, 0x13, 0x19, 0x29, 0x13, 0x19, 0x29, 
        0x13, 0x19, 0x29, 0x13, 0x19, 0x29, 0x13, 0x19, 0x29, 0x13, 0x19, 0x29, 0x13, 0x19, 0x29, 0x13, 0x19, 0x29, 0x13, 0x19, 0x29, 0x13, 0x19, 0x29, 0x13, 0x19, 0x29, 0x13, 0x19, 0x29, 0x13, 0x19, 0x29, 0x13, 0x19, 0x29, 0x13, 0x19, 0x29, 
        0x13, 0x19, 0x29, 0x13, 0x19, 0x29, 0x13, 0x19, 0x29, 0x13, 0x19, 0x29, 0x13, 0x19, 0x29, 0x13, 0x19, 0x29, 0x13, 0x19, 0x29, 0x13, 0x19, 0x29, 0x1B, 0x21, 0x30, 0x85, 0x88, 0x90, 0xF2, 0xF2, 0xF3, 0xFF, 0xFF, 0xFF, 0xFF, 0xFF, 0xFF, 
        0xE5, 0xE6, 0xE8, 0x82, 0x85, 0x8E, 0x28, 0x2D, 0x3C, 0x13, 0x19, 0x29, 0x13, 0x19, 0x29, 0x13, 0x19, 0x29, 0x13, 0x19, 0x29, 0x13, 0x19, 0x29, 0x13, 0x19, 0x29, 0x13, 0x19, 0x29, 0x13, 0x19, 0x29, 0x13, 0x19, 0x29, 0x13, 0x19, 0x29, 
        0x13, 0x19, 0x29, 0x13, 0x19, 0x29, 0x13, 0x19, 0x29, 0x13, 0x19, 0x29, 0x13, 0x19, 0x29, 0x13, 0x19, 0x29, 0x13, 0x19, 0x29, 0x13, 0x19, 0x29, 0x13, 0x19, 0x29, 0x13, 0x19, 0x29, 0x13, 0x19, 0x29, 0x13, 0x19, 0x29, 0x13, 0x19, 0x29, 
        0x13, 0x19, 0x29, 0x13, 0x19, 0x29, 0x13, 0x19, 0x29, 0x13, 0x19, 0x29, 0x13, 0x19, 0x29, 0x2A, 0x2F, 0x3E, 0x84, 0x87, 0x8F, 0xE5, 0xE6, 0xE8, 0xFF, 0xFF, 0xFF, 0xFF, 0xFF, 0xFF, 0xF2, 0xF2, 0xF3, 0x85, 0x88, 0x90, 0x1B, 0x21, 0x30, 
        0x13, 0x19, 0x29, 0x13, 0x19, 0x29, 0x13, 0x19, 0x29, 0x13, 0x19, 0x29, 0x13, 0x19, 0x29, 0x13, 0x19, 0x29, 0x13, 0x19, 0x29, 0x13, 0x19, 0x29, 0x13, 0x19, 0x29, 0x13, 0x19, 0x29, 0x13, 0x19, 0x29, 0x13, 0x19, 0x29, 0x13, 0x19, 0x29, 
        0x13, 0x19, 0x29, 0x13, 0x19, 0x29, 0x13, 0x19, 0x29, 0x13, 0x19, 0x29, 0x13, 0x19, 0x29, 0x13, 0x19, 0x29, 0x13, 0x19, 0x29, 0x13, 0x19, 0x29, 0x13, 0x19, 0x29, 0x13, 0x19, 0x29, 0x13, 0x19, 0x29, 0x13, 0x19, 0x29, 0x13, 0x19, 0x29, 
        0x13, 0x19, 0x29, 0x13, 0x19, 0x29, 0x13, 0x19, 0x29, 0x13, 0x19, 0x29, 0x13, 0x19, 0x29, 0x13, 0x19, 0x29, 0x13, 0x19, 0x29, 0x13, 0x19, 0x29, 0x13, 0x19, 0x29,
  0x13, 0x19, 0x29, 0x13, 0x19, 0x29, 0x13, 0x19, 0x29, 0x13, 0x19, 0x29, 0x13, 0x19, 0x29, 0x13, 0x19, 0x29, 0x13, 0x19, 0x29, 0x13, 0x19, 0x29, 0x13, 0x19, 0x29, 0x13, 0x19, 0x29, 0x13, 0x19, 0x29, 0x13, 0x19, 0x29, 0x13, 0x19, 0x29, 0x13, 0x19, 0x29, 
        0x13, 0x19, 0x29, 0x13, 0x19, 0x29, 0x13, 0x19, 0x29, 0x13, 0x19, 0x29, 0x13, 0x19, 0x29, 0x13, 0x19, 0x29, 0x13, 0x19, 0x29, 0x13, 0x19, 0x29, 0x13, 0x19, 0x29, 0x13, 0x19, 0x29, 0x13, 0x19, 0x29, 0x13, 0x19, 0x29, 0x13, 0x19, 0x29, 
        0x13, 0x19, 0x29, 0x13, 0x19, 0x29, 0x13, 0x19, 0x29, 0x13, 0x19, 0x29, 0x13, 0x19, 0x29, 0x13, 0x19, 0x29, 0x13, 0x19, 0x29, 0x60, 0x64, 0x6F, 0xE5, 0xE5, 0xE7, 0xFF, 0xFF, 0xFF, 0xFF, 0xFF, 0xFF, 0xDC, 0xDD, 0xDF, 0x6A, 0x6E, 0x78, 
        0x17, 0x1D, 0x2D, 0x13, 0x19, 0x29, 0x13, 0x19, 0x29, 0x13, 0x19, 0x29, 0x13, 0x19, 0x29, 0x13, 0x19, 0x29, 0x13, 0x19, 0x29, 0x13, 0x19, 0x29, 0x13, 0x19, 0x29, 0x13, 0x19, 0x29, 0x13, 0x19, 0x29, 0x13, 0x19, 0x29, 0x13, 0x19, 0x29, 
        0x13, 0x19, 0x29, 0x13, 0x19, 0x29, 0x13, 0x19, 0x29, 0x13, 0x19, 0x29, 0x13, 0x19, 0x29, 0x13, 0x19, 0x29, 0x13, 0x19, 0x29, 0x13, 0x19, 0x29, 0x13, 0x19, 0x29, 0x13, 0x19, 0x29, 0x13, 0x19, 0x29, 0x13, 0x19, 0x29, 0x13, 0x19, 0x29, 
        0x13, 0x19, 0x29, 0x13, 0x19, 0x29, 0x13, 0x19, 0x29, 0x13, 0x19, 0x29, 0x13, 0x19, 0x29, 0x13, 0x19, 0x29, 0x13, 0x19, 0x29, 0x17, 0x1D, 0x2D, 0x6A, 0x6E, 0x78, 0xDC, 0xDD, 0xDF, 0xFF, 0xFF, 0xFF, 0xFF, 0xFF, 0xFF, 0xE5, 0xE5, 0xE7, 
        0x5F, 0x63, 0x6E, 0x13, 0x19, 0x29, 0x13, 0x19, 0x29, 0x13, 0x19, 0x29, 0x13, 0x19, 0x29, 0x13, 0x19, 0x29, 0x13, 0x19, 0x29, 0x13, 0x19, 0x29, 0x13, 0x19, 0x29, 0x13, 0x19, 0x29, 0x13, 0x19, 0x29, 0x13, 0x19, 0x29, 0x13, 0x19, 0x29, 
        0x13, 0x19, 0x29, 0x13, 0x19, 0x29, 0x13, 0x19, 0x29, 0x13, 0x19, 0x29, 0x13, 0x19, 0x29, 0x13, 0x19, 0x29, 0x13, 0x19, 0x29, 0x13, 0x19, 0x29, 0x13, 0x19, 0x29, 0x13, 0x19, 0x29, 0x13, 0x19, 0x29, 0x13, 0x19, 0x29, 0x13, 0x19, 0x29, 
        0x13, 0x19, 0x29, 0x13, 0x19, 0x29, 0x13, 0x19, 0x29, 0x13, 0x19, 0x29, 0x13, 0x19, 0x29, 0x13, 0x19, 0x29, 0x13, 0x19, 0x29, 0x13, 0x19, 0x29, 0x13, 0x19, 0x29,
  0x13, 0x19, 0x29, 0x13, 0x19, 0x29, 0x13, 0x19, 0x29, 0x13, 0x19, 0x29, 0x13, 0x19, 0x29, 0x13, 0x19, 0x29, 0x13, 0x19, 0x29, 0x13, 0x19, 0x29, 0x13, 0x19, 0x29, 0x13, 0x19, 0x29, 0x13, 0x19, 0x29, 0x13, 0x19, 0x29, 0x13, 0x19, 0x29, 0x13, 0x19, 0x29, 
        0x13, 0x19, 0x29, 0x13, 0x19, 0x29, 0x13, 0x19, 0x29, 0x13, 0x19, 0x29, 0x13, 0x19, 0x29, 0x13, 0x19, 0x29, 0x13, 0x19, 0x29, 0x13, 0x19, 0x29, 0x13, 0x19, 0x29, 0x13, 0x19, 0x29, 0x13, 0x19, 0x29, 0x13, 0x19, 0x29, 0x13, 0x19, 0x29, 
        0x13, 0x19, 0x29, 0x13, 0x19, 0x29, 0x13, 0x19, 0x29, 0x13, 0x19, 0x29, 0x13, 0x19, 0x29, 0x28, 0x2D, 0x3C, 0xB5, 0xB7, 0xBC, 0xFF, 0xFF, 0xFF, 0xFF, 0xFF, 0xFF, 0xE9, 0xEA, 0xEB, 0x6E, 0x71, 0x7B, 0x15, 0x1B, 0x2B, 0x13, 0x19, 0x29, 
        0x13, 0x19, 0x29, 0x13, 0x19, 0x29, 0x13, 0x19, 0x29, 0x13, 0x19, 0x29, 0x13, 0x19, 0x29, 0x13, 0x19, 0x29, 0x13, 0x19, 0x29, 0x13, 0x19, 0x29, 0x13, 0x19, 0x29, 0x13, 0x19, 0x29, 0x13, 0x19, 0x29, 0x13, 0x19, 0x29, 0x13, 0x19, 0x29, 
        0x13, 0x19, 0x29, 0x13, 0x19, 0x29, 0x13, 0x19, 0x29, 0x13, 0x19, 0x29, 0x13, 0x19, 0x29, 0x13, 0x19, 0x29, 0x13, 0x19, 0x29, 0x13, 0x19, 0x29, 0x13, 0x19, 0x29, 0x13, 0x19, 0x29, 0x13, 0x19, 0x29, 0x13, 0x19, 0x29, 0x13, 0x19, 0x29, 
        0x13, 0x19, 0x29, 0x13, 0x19, 0x29, 0x13, 0x19, 0x29, 0x13, 0x19, 0x29, 0x13, 0x19, 0x29, 0x13, 0x19, 0x29, 0x13, 0x19, 0x29, 0x13, 0x19, 0x29, 0x13, 0x19, 0x29, 0x16, 0x1C, 0x2C, 0x6F, 0x72, 0x7C, 0xE9, 0xEA, 0xEB, 0xFF, 0xFF, 0xFF, 
        0xFF, 0xFF, 0xFF, 0xB5, 0xB7, 0xBC, 0x28, 0x2D, 0x3C, 0x13, 0x19, 0x29, 0x13, 0x19, 0x29, 0x13, 0x19, 0x29, 0x13, 0x19, 0x29, 0x13, 0x19, 0x29, 0x13, 0x19, 0x29, 0x13, 0x19, 0x29, 0x13, 0x19, 0x29, 0x13, 0x19, 0x29, 0x13, 0x19, 0x29, 
        0x13, 0x19, 0x29, 0x13, 0x19, 0x29, 0x13, 0x19, 0x29, 0x13, 0x19, 0x29, 0x13, 0x19, 0x29, 0x13, 0x19, 0x29, 0x13, 0x19, 0x29, 0x13, 0x19, 0x29, 0x13, 0x19, 0x29, 0x13, 0x19, 0x29, 0x13, 0x19, 0x29, 0x13, 0x19, 0x29, 0x13, 0x19, 0x29, 
        0x13, 0x19, 0x29, 0x13, 0x19, 0x29, 0x13, 0x19, 0x29, 0x13, 0x19, 0x29, 0x13, 0x19, 0x29, 0x13, 0x19, 0x29, 0x13, 0x19, 0x29, 0x13, 0x19, 0x29, 0x13, 0x19, 0x29,
  0x13, 0x19, 0x29, 0x13, 0x19, 0x29, 0x13, 0x19, 0x29, 0x13, 0x19, 0x29, 0x13, 0x19, 0x29, 0x13, 0x19, 0x29, 0x13, 0x19, 0x29, 0x13, 0x19, 0x29, 0x13, 0x19, 0x29, 0x13, 0x19, 0x29, 0x13, 0x19, 0x29, 0x13, 0x19, 0x29, 0x13, 0x19, 0x29, 0x13, 0x19, 0x29, 
        0x13, 0x19, 0x29, 0x13, 0x19, 0x29, 0x13, 0x19, 0x29, 0x13, 0x19, 0x29, 0x13, 0x19, 0x29, 0x13, 0x19, 0x29, 0x13, 0x19, 0x29, 0x13, 0x19, 0x29, 0x13, 0x19, 0x29, 0x13, 0x19, 0x29, 0x13, 0x19, 0x29, 0x13, 0x19, 0x29, 0x13, 0x19, 0x29, 
        0x13, 0x19, 0x29, 0x13, 0x19, 0x29, 0x13, 0x19, 0x29, 0x13, 0x19, 0x29, 0x55, 0x5A, 0x65, 0xEA, 0xEB, 0xEC, 0xFF, 0xFF, 0xFF, 0xFD, 0xFD, 0xFD, 0x97, 0x9A, 0xA1, 0x20, 0x25, 0x34, 0x13, 0x19, 0x29, 0x13, 0x19, 0x29, 0x13, 0x19, 0x29, 
        0x13, 0x19, 0x29, 0x13, 0x19, 0x29, 0x13, 0x19, 0x29, 0x13, 0x19, 0x29, 0x13, 0x19, 0x29, 0x13, 0x19, 0x29, 0x13, 0x19, 0x29, 0x13, 0x19, 0x29, 0x13, 0x19, 0x29, 0x13, 0x19, 0x29, 0x13, 0x19, 0x29, 0x13, 0x19, 0x29, 0x13, 0x19, 0x29, 
        0x13, 0x19, 0x29, 0x13, 0x19, 0x29, 0x13, 0x19, 0x29, 0x13, 0x19, 0x29, 0x13, 0x19, 0x29, 0x13, 0x19, 0x29, 0x13, 0x19, 0x29, 0x13, 0x19, 0x29, 0x13, 0x19, 0x29, 0x13, 0x19, 0x29, 0x13, 0x19, 0x29, 0x13, 0x19, 0x29, 0x13, 0x19, 0x29, 
        0x13, 0x19, 0x29, 0x13, 0x19, 0x29, 0x13, 0x19, 0x29, 0x13, 0x19, 0x29, 0x13, 0x19, 0x29, 0x13, 0x19, 0x29, 0x13, 0x19, 0x29, 0x13, 0x19, 0x29, 0x13, 0x19, 0x29, 0x13, 0x19, 0x29, 0x13, 0x19, 0x29, 0x20, 0x25, 0x34, 0x99, 0x9C, 0xA3, 
        0xFD, 0xFD, 0xFD, 0xFF, 0xFF, 0xFF, 0xEA, 0xEB, 0xEC, 0x55, 0x5A, 0x65, 0x13, 0x19, 0x29, 0x13, 0x19, 0x29, 0x13, 0x19, 0x29, 0x13, 0x19, 0x29, 0x13, 0x19, 0x29, 0x13, 0x19, 0x29, 0x13, 0x19, 0x29, 0x13, 0x19, 0x29, 0x13, 0x19, 0x29, 
        0x13, 0x19, 0x29, 0x13, 0x19, 0x29, 0x13, 0x19, 0x29, 0x13, 0x19, 0x29, 0x13, 0x19, 0x29, 0x13, 0x19, 0x29, 0x13, 0x19, 0x29, 0x13, 0x19, 0x29, 0x13, 0x19, 0x29, 0x13, 0x19, 0x29, 0x13, 0x19, 0x29, 0x13, 0x19, 0x29, 0x13, 0x19, 0x29, 
        0x13, 0x19, 0x29, 0x13, 0x19, 0x29, 0x13, 0x19, 0x29, 0x13, 0x19, 0x29, 0x13, 0x19, 0x29, 0x13, 0x19, 0x29, 0x13, 0x19, 0x29, 0x13, 0x19, 0x29, 0x13, 0x19, 0x29,
  0x13, 0x19, 0x29, 0x13, 0x19, 0x29, 0x13, 0x19, 0x29, 0x13, 0x19, 0x29, 0x13, 0x19, 0x29, 0x13, 0x19, 0x29, 0x13, 0x19, 0x29, 0x13, 0x19, 0x29, 0x13, 0x19, 0x29, 0x13, 0x19, 0x29, 0x13, 0x19, 0x29, 0x13, 0x19, 0x29, 0x13, 0x19, 0x29, 0x13, 0x19, 0x29, 
        0x13, 0x19, 0x29, 0x13, 0x19, 0x29, 0x13, 0x19, 0x29, 0x13, 0x19, 0x29, 0x13, 0x19, 0x29, 0x13, 0x19, 0x29, 0x13, 0x19, 0x29, 0x13, 0x19, 0x29, 0x13, 0x19, 0x29, 0x13, 0x19, 0x29, 0x13, 0x19, 0x29, 0x13, 0x19, 0x29, 0x13, 0x19, 0x29, 
        0x13, 0x19, 0x29, 0x13, 0x19, 0x29, 0x14, 0x1A, 0x2A, 0x8A, 0x8D, 0x95, 0xFE, 0xFE, 0xFE, 0xFF, 0xFF, 0xFF, 0xDD, 0xDE, 0xE0, 0x46, 0x4A, 0x57, 0x13, 0x19, 0x29, 0x13, 0x19, 0x29, 0x13, 0x19, 0x29, 0x13, 0x19, 0x29, 0x13, 0x19, 0x29, 
        0x13, 0x19, 0x29, 0x13, 0x19, 0x29, 0x13, 0x19, 0x29, 0x13, 0x19, 0x29, 0x13, 0x19, 0x29, 0x13, 0x19, 0x29, 0x13, 0x19, 0x29, 0x13, 0x19, 0x29, 0x13, 0x19, 0x29, 0x13, 0x19, 0x29, 0x13, 0x19, 0x29, 0x13, 0x19, 0x29, 0x13, 0x19, 0x29, 
        0x13, 0x19, 0x29, 0x13, 0x19, 0x29, 0x13, 0x19, 0x29, 0x13, 0x19, 0x29, 0x13, 0x19, 0x29, 0x13, 0x19, 0x29, 0x13, 0x19, 0x29, 0x13, 0x19, 0x29, 0x13, 0x19, 0x29, 0x13, 0x19, 0x29, 0x13, 0x19, 0x29, 0x13, 0x19, 0x29, 0x13, 0x19, 0x29, 
        0x13, 0x19, 0x29, 0x13, 0x19, 0x29, 0x13, 0x19, 0x29, 0x13, 0x19, 0x29, 0x13, 0x19, 0x29, 0x13, 0x19, 0x29, 0x13, 0x19, 0x29, 0x13, 0x19, 0x29, 0x13, 0x19, 0x29, 0x13, 0x19, 0x29, 0x13, 0x19, 0x29, 0x13, 0x19, 0x29, 0x13, 0x19, 0x29, 
        0x46, 0x4A, 0x57, 0xDD, 0xDE, 0xE0, 0xFF, 0xFF, 0xFF, 0xFE, 0xFE, 0xFE, 0x8A, 0x8D, 0x95, 0x14, 0x1A, 0x2A, 0x13, 0x19, 0x29, 0x13, 0x19, 0x29, 0x13, 0x19, 0x29, 0x13, 0x19, 0x29, 0x13, 0x19, 0x29, 0x13, 0x19, 0x29, 0x13, 0x19, 0x29, 
        0x13, 0x19, 0x29, 0x13, 0x19, 0x29, 0x13, 0x19, 0x29, 0x13, 0x19, 0x29, 0x13, 0x19, 0x29, 0x13, 0x19, 0x29, 0x13, 0x19, 0x29, 0x13, 0x19, 0x29, 0x13, 0x19, 0x29, 0x13, 0x19, 0x29, 0x13, 0x19, 0x29, 0x13, 0x19, 0x29, 0x13, 0x19, 0x29, 
        0x13, 0x19, 0x29, 0x13, 0x19, 0x29, 0x13, 0x19, 0x29, 0x13, 0x19, 0x29, 0x13, 0x19, 0x29, 0x13, 0x19, 0x29, 0x13, 0x19, 0x29, 0x13, 0x19, 0x29, 0x13, 0x19, 0x29,
  0x13, 0x19, 0x29, 0x13, 0x19, 0x29, 0x13, 0x19, 0x29, 0x13, 0x19, 0x29, 0x13, 0x19, 0x29, 0x13, 0x19, 0x29, 0x13, 0x19, 0x29, 0x13, 0x19, 0x29, 0x13, 0x19, 0x29, 0x13, 0x19, 0x29, 0x13, 0x19, 0x29, 0x13, 0x19, 0x29, 0x13, 0x19, 0x29, 0x13, 0x19, 0x29, 
        0x13, 0x19, 0x29, 0x13, 0x19, 0x29, 0x13, 0x19, 0x29, 0x13, 0x19, 0x29, 0x13, 0x19, 0x29, 0x13, 0x19, 0x29, 0x13, 0x19, 0x29, 0x13, 0x19, 0x29, 0x13, 0x19, 0x29, 0x13, 0x19, 0x29, 0x13, 0x19, 0x29, 0x13, 0x19, 0x29, 0x13, 0x19, 0x29, 
        0x13, 0x19, 0x29, 0x1C, 0x22, 0x31, 0xB5, 0xB7, 0xBC, 0xFF, 0xFF, 0xFF, 0xFF, 0xFF, 0xFF, 0xA9, 0xAB, 0xB1, 0x1E, 0x23, 0x33, 0x13, 0x19, 0x29, 0x13, 0x19, 0x29, 0x13, 0x19, 0x29, 0x13, 0x19, 0x29, 0x13, 0x19, 0x29, 0x13, 0x19, 0x29, 
        0x13, 0x19, 0x29, 0x13, 0x19, 0x29, 0x13, 0x19, 0x29, 0x13, 0x19, 0x29, 0x13, 0x19, 0x29, 0x13, 0x19, 0x29, 0x13, 0x19, 0x29, 0x13, 0x19, 0x29, 0x13, 0x19, 0x29, 0x13, 0x19, 0x29, 0x13, 0x19, 0x29, 0x13, 0x19, 0x29, 0x13, 0x19, 0x29, 
        0x13, 0x19, 0x29, 0x13, 0x19, 0x29, 0x13, 0x19, 0x29, 0x13, 0x19, 0x29, 0x13, 0x19, 0x29, 0x13, 0x19, 0x29, 0x13, 0x19, 0x29, 0x13, 0x19, 0x29, 0x13, 0x19, 0x29, 0x13, 0x19, 0x29, 0x13, 0x19, 0x29, 0x13, 0x19, 0x29, 0x13, 0x19, 0x29, 
        0x13, 0x19, 0x29, 0x13, 0x19, 0x29, 0x13, 0x19, 0x29, 0x13, 0x19, 0x29, 0x13, 0x19, 0x29, 0x13, 0x19, 0x29, 0x13, 0x19, 0x29, 0x13, 0x19, 0x29, 0x13, 0x19, 0x29, 0x13, 0x19, 0x29, 0x13, 0x19, 0x29, 0x13, 0x19, 0x29, 0x13, 0x19, 0x29, 
        0x13, 0x19, 0x29, 0x1E, 0x23, 0x33, 0xA9, 0xAB, 0xB1, 0xFF, 0xFF, 0xFF, 0xFF, 0xFF, 0xFF, 0xB3, 0xB5, 0xBA, 0x1B, 0x21, 0x30, 0x13, 0x19, 0x29, 0x13, 0x19, 0x29, 0x13, 0x19, 0x29, 0x13, 0x19, 0x29, 0x13, 0x19, 0x29, 0x13, 0x19, 0x29, 
        0x13, 0x19, 0x29, 0x13, 0x19, 0x29, 0x13, 0x19, 0x29, 0x13, 0x19, 0x29, 0x13, 0x19, 0x29, 0x13, 0x19, 0x29, 0x13, 0x19, 0x29, 0x13, 0x19, 0x29, 0x13, 0x19, 0x29, 0x13, 0x19, 0x29, 0x13, 0x19, 0x29, 0x13, 0x19, 0x29, 0x13, 0x19, 0x29, 
        0x13, 0x19, 0x29, 0x13, 0x19, 0x29, 0x13, 0x19, 0x29, 0x13, 0x19, 0x29, 0x13, 0x19, 0x29, 0x13, 0x19, 0x29, 0x13, 0x19, 0x29, 0x13, 0x19, 0x29, 0x13, 0x19, 0x29,
  0x13, 0x19, 0x29, 0x13, 0x19, 0x29, 0x13, 0x19, 0x29, 0x13, 0x19, 0x29, 0x13, 0x19, 0x29, 0x13, 0x19, 0x29, 0x13, 0x19, 0x29, 0x13, 0x19, 0x29, 0x13, 0x19, 0x29, 0x13, 0x19, 0x29, 0x13, 0x19, 0x29, 0x13, 0x19, 0x29, 0x13, 0x19, 0x29, 0x13, 0x19, 0x29, 
        0x13, 0x19, 0x29, 0x13, 0x19, 0x29, 0x13, 0x19, 0x29, 0x13, 0x19, 0x29, 0x13, 0x19, 0x29, 0x13, 0x19, 0x29, 0x13, 0x19, 0x29, 0x13, 0x19, 0x29, 0x13, 0x19, 0x29, 0x13, 0x19, 0x29, 0x13, 0x19, 0x29, 0x13, 0x19, 0x29, 0x13, 0x19, 0x29, 
        0x24, 0x2A, 0x39, 0xCC, 0xCE, 0xD1, 0xFF, 0xFF, 0xFF, 0xFB, 0xFB, 0xFB, 0x75, 0x79, 0x82, 0x13, 0x19, 0x29, 0x13, 0x19, 0x29, 0x13, 0x19, 0x29, 0x13, 0x19, 0x29, 0x13, 0x19, 0x29, 0x13, 0x19, 0x29, 0x13, 0x19, 0x29, 0x13, 0x19, 0x29, 
        0x13, 0x19, 0x29, 0x13, 0x19, 0x29, 0x13, 0x19, 0x29, 0x13, 0x19, 0x29, 0x13, 0x19, 0x29, 0x13, 0x19, 0x29, 0x13, 0x19, 0x29, 0x13, 0x19, 0x29, 0x13, 0x19, 0x29, 0x13, 0x19, 0x29, 0x13, 0x19, 0x29, 0x13, 0x19, 0x29, 0x13, 0x19, 0x29, 
        0x13, 0x19, 0x29, 0x13, 0x19, 0x29, 0x13, 0x19, 0x29, 0x13, 0x19, 0x29, 0x13, 0x19, 0x29, 0x13, 0x19, 0x29, 0x13, 0x19, 0x29, 0x13, 0x19, 0x29, 0x13, 0x19, 0x29, 0x13, 0x19, 0x29, 0x13, 0x19, 0x29, 0x13, 0x19, 0x29, 0x13, 0x19, 0x29, 
        0x13, 0x19, 0x29, 0x13, 0x19, 0x29, 0x13, 0x19, 0x29, 0x13, 0x19, 0x29, 0x13, 0x19, 0x29, 0x13, 0x19, 0x29, 0x13, 0x19, 0x29, 0x13, 0x19, 0x29, 0x13, 0x19, 0x29, 0x13, 0x19, 0x29, 0x13, 0x19, 0x29, 0x13, 0x19, 0x29, 0x13, 0x19, 0x29, 
        0x13, 0x19, 0x29, 0x13, 0x19, 0x29, 0x13, 0x19, 0x29, 0x76, 0x79, 0x83, 0xFB, 0xFB, 0xFB, 0xFF, 0xFF, 0xFF, 0xCC, 0xCE, 0xD1, 0x24, 0x2A, 0x39, 0x13, 0x19, 0x29, 0x13, 0x19, 0x29, 0x13, 0x19, 0x29, 0x13, 0x19, 0x29, 0x13, 0x19, 0x29, 
        0x13, 0x19, 0x29, 0x13, 0x19, 0x29, 0x13, 0x19, 0x29, 0x13, 0x19, 0x29, 0x13, 0x19, 0x29, 0x13, 0x19, 0x29, 0x13, 0x19, 0x29, 0x13, 0x19, 0x29, 0x13, 0x19, 0x29, 0x13, 0x19, 0x29, 0x13, 0x19, 0x29, 0x13, 0x19, 0x29, 0x13, 0x19, 0x29, 
        0x13, 0x19, 0x29, 0x13, 0x19, 0x29, 0x13, 0x19, 0x29, 0x13, 0x19, 0x29, 0x13, 0x19, 0x29, 0x13, 0x19, 0x29, 0x13, 0x19, 0x29, 0x13, 0x19, 0x29, 0x13, 0x19, 0x29,
  0x13, 0x19, 0x29, 0x13, 0x19, 0x29, 0x13, 0x19, 0x29, 0x13, 0x19, 0x29, 0x13, 0x19, 0x29, 0x13, 0x19, 0x29, 0x13, 0x19, 0x29, 0x13, 0x19, 0x29, 0x13, 0x19, 0x29, 0x13, 0x19, 0x29, 0x13, 0x19, 0x29, 0x13, 0x19, 0x29, 0x13, 0x19, 0x29, 0x13, 0x19, 0x29, 
        0x13, 0x19, 0x29, 0x13, 0x19, 0x29, 0x13, 0x19, 0x29, 0x13, 0x19, 0x29, 0x13, 0x19, 0x29, 0x13, 0x19, 0x29, 0x13, 0x19, 0x29, 0x13, 0x19, 0x29, 0x13, 0x19, 0x29, 0x13, 0x19, 0x29, 0x13, 0x19, 0x29, 0x13, 0x19, 0x29, 0x28, 0x2D, 0x3C, 
        0xD6, 0xD7, 0xDA, 0xFF, 0xFF, 0xFF, 0xF1, 0xF1, 0xF2, 0x52, 0x56, 0x62, 0x13, 0x19, 0x29, 0x13, 0x19, 0x29, 0x13, 0x19, 0x29, 0x13, 0x19, 0x29, 0x13, 0x19, 0x29, 0x13, 0x19, 0x29, 0x13, 0x19, 0x29, 0x13, 0x19, 0x29, 0x13, 0x19, 0x29, 
        0x13, 0x19, 0x29, 0x13, 0x19, 0x29, 0x13, 0x19, 0x29, 0x13, 0x19, 0x29, 0x13, 0x19, 0x29, 0x13, 0x19, 0x29, 0x13, 0x19, 0x29, 0x13, 0x19, 0x29, 0x13, 0x19, 0x29, 0x13, 0x19, 0x29, 0x13, 0x19, 0x29, 0x13, 0x19, 0x29, 0x13, 0x19, 0x29, 
        0x13, 0x19, 0x29, 0x13, 0x19, 0x29, 0x13, 0x19, 0x29, 0x13, 0x19, 0x29, 0x13, 0x19, 0x29, 0x13, 0x19, 0x29, 0x13, 0x19, 0x29, 0x13, 0x19, 0x29, 0x13, 0x19, 0x29, 0x13, 0x19, 0x29, 0x13, 0x19, 0x29, 0x13, 0x19, 0x29, 0x13, 0x19, 0x29, 
        0x13, 0x19, 0x29, 0x13, 0x19, 0x29, 0x13, 0x19, 0x29, 0x13, 0x19, 0x29, 0x13, 0x19, 0x29, 0x13, 0x19, 0x29, 0x13, 0x19, 0x29, 0x13, 0x19, 0x29, 0x13, 0x19, 0x29, 0x13, 0x19, 0x29, 0x13, 0x19, 0x29, 0x13, 0x19, 0x29, 0x13, 0x19, 0x29, 
        0x13, 0x19, 0x29, 0x13, 0x19, 0x29, 0x13, 0x19, 0x29, 0x13, 0x19, 0x29, 0x53, 0x57, 0x63, 0xF2, 0xF2, 0xF3, 0xFF, 0xFF, 0xFF, 0xD6, 0xD7, 0xDA, 0x28, 0x2D, 0x3C, 0x13, 0x19, 0x29, 0x13, 0x19, 0x29, 0x13, 0x19, 0x29, 0x13, 0x19, 0x29, 
        0x13, 0x19, 0x29, 0x13, 0x19, 0x29, 0x13, 0x19, 0x29, 0x13, 0x19, 0x29, 0x13, 0x19, 0x29, 0x13, 0x19, 0x29, 0x13, 0x19, 0x29, 0x13, 0x19, 0x29, 0x13, 0x19, 0x29, 0x13, 0x19, 0x29, 0x13, 0x19, 0x29, 0x13, 0x19, 0x29, 0x13, 0x19, 0x29, 
        0x13, 0x19, 0x29, 0x13, 0x19, 0x29, 0x13, 0x19, 0x29, 0x13, 0x19, 0x29, 0x13, 0x19, 0x29, 0x13, 0x19, 0x29, 0x13, 0x19, 0x29, 0x13, 0x19, 0x29, 0x13, 0x19, 0x29,
  0x13, 0x19, 0x29, 0x13, 0x19, 0x29, 0x13, 0x19, 0x29, 0x13, 0x19, 0x29, 0x13, 0x19, 0x29, 0x13, 0x19, 0x29, 0x13, 0x19, 0x29, 0x13, 0x19, 0x29, 0x13, 0x19, 0x29, 0x13, 0x19, 0x29, 0x13, 0x19, 0x29, 0x13, 0x19, 0x29, 0x13, 0x19, 0x29, 0x13, 0x19, 0x29, 
        0x13, 0x19, 0x29, 0x13, 0x19, 0x29, 0x13, 0x19, 0x29, 0x13, 0x19, 0x29, 0x13, 0x19, 0x29, 0x13, 0x19, 0x29, 0x13, 0x19, 0x29, 0x13, 0x19, 0x29, 0x13, 0x19, 0x29, 0x13, 0x19, 0x29, 0x13, 0x19, 0x29, 0x24, 0x2A, 0x39, 0xD6, 0xD7, 0xDA, 
        0xFF, 0xFF, 0xFF, 0xED, 0xED, 0xEF, 0x40, 0x45, 0x52, 0x13, 0x19, 0x29, 0x13, 0x19, 0x29, 0x13, 0x19, 0x29, 0x13, 0x19, 0x29, 0x13, 0x19, 0x29, 0x13, 0x19, 0x29, 0x13, 0x19, 0x29, 0x13, 0x19, 0x29, 0x13, 0x19, 0x29, 0x13, 0x19, 0x29, 
        0x13, 0x19, 0x29, 0x13, 0x19, 0x29, 0x13, 0x19, 0x29, 0x13, 0x19, 0x29, 0x13, 0x19, 0x29, 0x13, 0x19, 0x29, 0x13, 0x19, 0x29, 0x13, 0x19, 0x29, 0x13, 0x19, 0x29, 0x13, 0x19, 0x29, 0x13, 0x19, 0x29, 0x13, 0x19, 0x29, 0x13, 0x19, 0x29, 
        0x13, 0x19, 0x29, 0x13, 0x19, 0x29, 0x13, 0x19, 0x29, 0x13, 0x19, 0x29, 0x13, 0x19, 0x29, 0x13, 0x19, 0x29, 0x13, 0x19, 0x29, 0x13, 0x19, 0x29, 0x13, 0x19, 0x29, 0x13, 0x19, 0x29, 0x13, 0x19, 0x29, 0x13, 0x19, 0x29, 0x13, 0x19, 0x29, 
        0x13, 0x19, 0x29, 0x13, 0x19, 0x29, 0x13, 0x19, 0x29, 0x13, 0x19, 0x29, 0x13, 0x19, 0x29, 0x13, 0x19, 0x29, 0x13, 0x19, 0x29, 0x13, 0x19, 0x29, 0x13, 0x19, 0x29, 0x13, 0x19, 0x29, 0x13, 0x19, 0x29, 0x13, 0x19, 0x29, 0x13, 0x19, 0x29, 
        0x13, 0x19, 0x29, 0x13, 0x19, 0x29, 0x13, 0x19, 0x29, 0x13, 0x19, 0x29, 0x13, 0x19, 0x29, 0x40, 0x45, 0x52, 0xED, 0xED, 0xEF, 0xFF, 0xFF, 0xFF, 0xD6, 0xD7, 0xDA, 0x24, 0x2A, 0x39, 0x13, 0x19, 0x29, 0x13, 0x19, 0x29, 0x13, 0x19, 0x29, 
        0x13, 0x19, 0x29, 0x13, 0x19, 0x29, 0x13, 0x19, 0x29, 0x13, 0x19, 0x29, 0x13, 0x19, 0x29, 0x13, 0x19, 0x29, 0x13, 0x19, 0x29, 0x13, 0x19, 0x29, 0x13, 0x19, 0x29, 0x13, 0x19, 0x29, 0x13, 0x19, 0x29, 0x13, 0x19, 0x29, 0x13, 0x19, 0x29, 
        0x13, 0x19, 0x29, 0x13, 0x19, 0x29, 0x13, 0x19, 0x29, 0x13, 0x19, 0x29, 0x13, 0x19, 0x29, 0x13, 0x19, 0x29, 0x13, 0x19, 0x29, 0x13, 0x19, 0x29, 0x13, 0x19, 0x29,
  0x13, 0x19, 0x29, 0x13, 0x19, 0x29, 0x13, 0x19, 0x29, 0x13, 0x19, 0x29, 0x13, 0x19, 0x29, 0x13, 0x19, 0x29, 0x13, 0x19, 0x29, 0x13, 0x19, 0x29, 0x13, 0x19, 0x29, 0x13, 0x19, 0x29, 0x13, 0x19, 0x29, 0x13, 0x19, 0x29, 0x13, 0x19, 0x29, 0x13, 0x19, 0x29, 
        0x13, 0x19, 0x29, 0x13, 0x19, 0x29, 0x13, 0x19, 0x29, 0x13, 0x19, 0x29, 0x13, 0x19, 0x29, 0x13, 0x19, 0x29, 0x13, 0x19, 0x29, 0x13, 0x19, 0x29, 0x13, 0x19, 0x29, 0x13, 0x19, 0x29, 0x1C, 0x22, 0x31, 0xCD, 0xCF, 0xD2, 0xFF, 0xFF, 0xFF, 
        0xED, 0xED, 0xEF, 0x3C, 0x41, 0x4F, 0x13, 0x19, 0x29, 0x13, 0x19, 0x29, 0x13, 0x19, 0x29, 0x13, 0x19, 0x29, 0x13, 0x19, 0x29, 0x13, 0x19, 0x29, 0x13, 0x19, 0x29, 0x13, 0x19, 0x29, 0x13, 0x19, 0x29, 0x13, 0x19, 0x29, 0x13, 0x19, 0x29, 
        0x13, 0x19, 0x29, 0x13, 0x19, 0x29, 0x13, 0x19, 0x29, 0x13, 0x19, 0x29, 0x13, 0x19, 0x29, 0x13, 0x19, 0x29, 0x13, 0x19, 0x29, 0x13, 0x19, 0x29, 0x13, 0x19, 0x29, 0x13, 0x19, 0x29, 0x13, 0x19, 0x29, 0x13, 0x19, 0x29, 0x13, 0x19, 0x29, 
        0x13, 0x19, 0x29, 0x13, 0x19, 0x29, 0x13, 0x19, 0x29, 0x13, 0x19, 0x29, 0x13, 0x19, 0x29, 0x13, 0x19, 0x29, 0x13, 0x19, 0x29, 0x13, 0x19, 0x29, 0x13, 0x19, 0x29, 0x13, 0x19, 0x29, 0x13, 0x19, 0x29, 0x13, 0x19, 0x29, 0x13, 0x19, 0x29, 
        0x13, 0x19, 0x29, 0x13, 0x19, 0x29, 0x13, 0x19, 0x29, 0x13, 0x19, 0x29, 0x13, 0x19, 0x29, 0x13, 0x19, 0x29, 0x13, 0x19, 0x29, 0x13, 0x19, 0x29, 0x13, 0x19, 0x29, 0x13, 0x19, 0x29, 0x13, 0x19, 0x29, 0x13, 0x19, 0x29, 0x13, 0x19, 0x29, 
        0x13, 0x19, 0x29, 0x13, 0x19, 0x29, 0x13, 0x19, 0x29, 0x13, 0x19, 0x29, 0x13, 0x19, 0x29, 0x13, 0x19, 0x29, 0x3C, 0x41, 0x4F, 0xED, 0xED, 0xEF, 0xFF, 0xFF, 0xFF, 0xCC, 0xCE, 0xD1, 0x1C, 0x22, 0x31, 0x13, 0x19, 0x29, 0x13, 0x19, 0x29, 
        0x13, 0x19, 0x29, 0x13, 0x19, 0x29, 0x13, 0x19, 0x29, 0x13, 0x19, 0x29, 0x13, 0x19, 0x29, 0x13, 0x19, 0x29, 0x13, 0x19, 0x29, 0x13, 0x19, 0x29, 0x13, 0x19, 0x29, 0x13, 0x19, 0x29, 0x13, 0x19, 0x29, 0x13, 0x19, 0x29, 0x13, 0x19, 0x29, 
        0x13, 0x19, 0x29, 0x13, 0x19, 0x29, 0x13, 0x19, 0x29, 0x13, 0x19, 0x29, 0x13, 0x19, 0x29, 0x13, 0x19, 0x29, 0x13, 0x19, 0x29, 0x13, 0x19, 0x29, 0x13, 0x19, 0x29,
  0x13, 0x19, 0x29, 0x13, 0x19, 0x29, 0x13, 0x19, 0x29, 0x13, 0x19, 0x29, 0x13, 0x19, 0x29, 0x13, 0x19, 0x29, 0x13, 0x19, 0x29, 0x13, 0x19, 0x29, 0x13, 0x19, 0x29, 0x13, 0x19, 0x29, 0x13, 0x19, 0x29, 0x13, 0x19, 0x29, 0x13, 0x19, 0x29, 0x13, 0x19, 0x29, 
        0x13, 0x19, 0x29, 0x13, 0x19, 0x29, 0x13, 0x19, 0x29, 0x13, 0x19, 0x29, 0x13, 0x19, 0x29, 0x13, 0x19, 0x29, 0x13, 0x19, 0x29, 0x13, 0x19, 0x29, 0x13, 0x19, 0x29, 0x14, 0x1A, 0x2A, 0xB4, 0xB6, 0xBB, 0xFF, 0xFF, 0xFF, 0xF2, 0xF3, 0xF4, 
        0x41, 0x46, 0x53, 0x13, 0x19, 0x29, 0x13, 0x19, 0x29, 0x13, 0x19, 0x29, 0x13, 0x19, 0x29, 0x13, 0x19, 0x29, 0x13, 0x19, 0x29, 0x13, 0x19, 0x29, 0x13, 0x19, 0x29, 0x13, 0x19, 0x29, 0x13, 0x19, 0x29, 0x13, 0x19, 0x29, 0x13, 0x19, 0x29, 
        0x13, 0x19, 0x29, 0x13, 0x19, 0x29, 0x13, 0x19, 0x29, 0x13, 0x19, 0x29, 0x13, 0x19, 0x29, 0x13, 0x19, 0x29, 0x13, 0x19, 0x29, 0x13, 0x19, 0x29, 0x13, 0x19, 0x29, 0x13, 0x19, 0x29, 0x13, 0x19, 0x29, 0x13, 0x19, 0x29, 0x13, 0x19, 0x29, 
        0x13, 0x19, 0x29, 0x13, 0x19, 0x29, 0x13, 0x19, 0x29, 0x13, 0x19, 0x29, 0x13, 0x19, 0x29, 0x13, 0x19, 0x29, 0x13, 0x19, 0x29, 0x13, 0x19, 0x29, 0x13, 0x19, 0x29, 0x13, 0x19, 0x29, 0x13, 0x19, 0x29, 0x13, 0x19, 0x29, 0x13, 0x19, 0x29, 
        0x13, 0x19, 0x29, 0x13, 0x19, 0x29, 0x13, 0x19, 0x29, 0x13, 0x19, 0x29, 0x13, 0x19, 0x29, 0x13, 0x19, 0x29, 0x13, 0x19, 0x29, 0x13, 0x19, 0x29, 0x13, 0x19, 0x29, 0x13, 0x19, 0x29, 0x13, 0x19, 0x29, 0x13, 0x19, 0x29, 0x13, 0x19, 0x29, 
        0x13, 0x19, 0x29, 0x13, 0x19, 0x29, 0x13, 0x19, 0x29, 0x13, 0x19, 0x29, 0x13, 0x19, 0x29, 0x13, 0x19, 0x29, 0x13, 0x19, 0x29, 0x42, 0x47, 0x54, 0xF2, 0xF3, 0xF4, 0xFF, 0xFF, 0xFF, 0xB3, 0xB5, 0xBA, 0x14, 0x1A, 0x2A, 0x13, 0x19, 0x29, 
        0x13, 0x19, 0x29, 0x13, 0x19, 0x29, 0x13, 0x19, 0x29, 0x13, 0x19, 0x29, 0x13, 0x19, 0x29, 0x13, 0x19, 0x29, 0x13, 0x19, 0x29, 0x13, 0x19, 0x29, 0x13, 0x19, 0x29, 0x13, 0x19, 0x29, 0x13, 0x19, 0x29, 0x13, 0x19, 0x29, 0x13, 0x19, 0x29, 
        0x13, 0x19, 0x29, 0x13, 0x19, 0x29, 0x13, 0x19, 0x29, 0x13, 0x19, 0x29, 0x13, 0x19, 0x29, 0x13, 0x19, 0x29, 0x13, 0x19, 0x29, 0x13, 0x19, 0x29, 0x13, 0x19, 0x29,
  0x13, 0x19, 0x29, 0x13, 0x19, 0x29, 0x13, 0x19, 0x29, 0x13, 0x19, 0x29, 0x13, 0x19, 0x29, 0x13, 0x19, 0x29, 0x13, 0x19, 0x29, 0x13, 0x19, 0x29, 0x13, 0x19, 0x29, 0x13, 0x19, 0x29, 0x13, 0x19, 0x29, 0x13, 0x19, 0x29, 0x13, 0x19, 0x29, 0x13, 0x19, 0x29, 
        0x13, 0x19, 0x29, 0x13, 0x19, 0x29, 0x13, 0x19, 0x29, 0x13, 0x19, 0x29, 0x13, 0x19, 0x29, 0x13, 0x19, 0x29, 0x13, 0x19, 0x29, 0x13, 0x19, 0x29, 0x13, 0x19, 0x29, 0x8A, 0x8D, 0x95, 0xFF, 0xFF, 0xFF, 0xFB, 0xFB, 0xFB, 0x54, 0x58, 0x64, 
        0x13, 0x19, 0x29, 0x13, 0x19, 0x29, 0x13, 0x19, 0x29, 0x13, 0x19, 0x29, 0x13, 0x19, 0x29, 0x13, 0x19, 0x29, 0x13, 0x19, 0x29, 0x13, 0x19, 0x29, 0x13, 0x19, 0x29, 0x13, 0x19, 0x29, 0x13, 0x19, 0x29, 0x13, 0x19, 0x29, 0x13, 0x19, 0x29, 
        0x13, 0x19, 0x29, 0x13, 0x19, 0x29, 0x13, 0x19, 0x29, 0x13, 0x19, 0x29, 0x13, 0x19, 0x29, 0x13, 0x19, 0x29, 0x13, 0x19, 0x29, 0x13, 0x19, 0x29, 0x13, 0x19, 0x29, 0x13, 0x19, 0x29, 0x13, 0x19, 0x29, 0x13, 0x19, 0x29, 0x13, 0x19, 0x29, 
        0x13, 0x19, 0x29, 0x13, 0x19, 0x29, 0x13, 0x19, 0x29, 0x13, 0x19, 0x29, 0x13, 0x19, 0x29, 0x13, 0x19, 0x29, 0x13, 0x19, 0x29, 0x13, 0x19, 0x29, 0x13, 0x19, 0x29, 0x13, 0x19, 0x29, 0x13, 0x19, 0x29, 0x13, 0x19, 0x29, 0x13, 0x19, 0x29, 
        0x13, 0x19, 0x29, 0x13, 0x19, 0x29, 0x13, 0x19, 0x29, 0x13, 0x19, 0x29, 0x13, 0x19, 0x29, 0x13, 0x19, 0x29, 0x13, 0x19, 0x29, 0x13, 0x19, 0x29, 0x13, 0x19, 0x29, 0x13, 0x19, 0x29, 0x13, 0x19, 0x29, 0x13, 0x19, 0x29, 0x13, 0x19, 0x29, 
        0x13, 0x19, 0x29, 0x13, 0x19, 0x29, 0x13, 0x19, 0x29, 0x13, 0x19, 0x29, 0x13, 0x19, 0x29, 0x13, 0x19, 0x29, 0x13, 0x19, 0x29, 0x13, 0x19, 0x29, 0x54, 0x58, 0x64, 0xFB, 0xFB, 0xFB, 0xFF, 0xFF, 0xFF, 0x89, 0x8C, 0x94, 0x13, 0x19, 0x29, 
        0x13, 0x19, 0x29, 0x13, 0x19, 0x29, 0x13, 0x19, 0x29, 0x13, 0x19, 0x29, 0x13, 0x19, 0x29, 0x13, 0x19, 0x29, 0x13, 0x19, 0x29, 0x13, 0x19, 0x29, 0x13, 0x19, 0x29, 0x13, 0x19, 0x29, 0x13, 0x19, 0x29, 0x13, 0x19, 0x29, 0x13, 0x19, 0x29, 
        0x13, 0x19, 0x29, 0x13, 0x19, 0x29, 0x13, 0x19, 0x29, 0x13, 0x19, 0x29, 0x13, 0x19, 0x29, 0x13, 0x19, 0x29, 0x13, 0x19, 0x29, 0x13, 0x19, 0x29, 0x13, 0x19, 0x29,
  0x13, 0x19, 0x29, 0x13, 0x19, 0x29, 0x13, 0x19, 0x29, 0x13, 0x19, 0x29, 0x13, 0x19, 0x29, 0x13, 0x19, 0x29, 0x13, 0x19, 0x29, 0x13, 0x19, 0x29, 0x13, 0x19, 0x29, 0x13, 0x19, 0x29, 0x13, 0x19, 0x29, 0x13, 0x19, 0x29, 0x13, 0x19, 0x29, 0x13, 0x19, 0x29, 
        0x13, 0x19, 0x29, 0x13, 0x19, 0x29, 0x13, 0x19, 0x29, 0x13, 0x19, 0x29, 0x13, 0x19, 0x29, 0x13, 0x19, 0x29, 0x13, 0x19, 0x29, 0x13, 0x19, 0x29, 0x55, 0x5A, 0x65, 0xFE, 0xFE, 0xFE, 0xFF, 0xFF, 0xFF, 0x74, 0x78, 0x81, 0x13, 0x19, 0x29, 
        0x13, 0x19, 0x29, 0x13, 0x19, 0x29, 0x13, 0x19, 0x29, 0x13, 0x19, 0x29, 0x13, 0x19, 0x29, 0x13, 0x19, 0x29, 0x13, 0x19, 0x29, 0x13, 0x19, 0x29, 0x13, 0x19, 0x29, 0x13, 0x19, 0x29, 0x13, 0x19, 0x29, 0x13, 0x19, 0x29, 0x13, 0x19, 0x29, 
        0x13, 0x19, 0x29, 0x13, 0x19, 0x29, 0x13, 0x19, 0x29, 0x13, 0x19, 0x29, 0x70, 0x74, 0x7D, 0x13, 0x19, 0x29, 0x13, 0x19, 0x29, 0x13, 0x19, 0x29, 0x13, 0x19, 0x29, 0x13, 0x19, 0x29, 0x13, 0x19, 0x29, 0x13, 0x19, 0x29, 0x13, 0x19, 0x29, 
        0x13, 0x19, 0x29, 0x13, 0x19, 0x29, 0x13, 0x19, 0x29, 0x13, 0x19, 0x29, 0x13, 0x19, 0x29, 0x13, 0x19, 0x29, 0x13, 0x19, 0x29, 0x13, 0x19, 0x29, 0x13, 0x19, 0x29, 0x13, 0x19, 0x29, 0x13, 0x19, 0x29, 0x70, 0x74, 0x7D, 0x13, 0x19, 0x29, 
        0x13, 0x19, 0x29, 0x13, 0x19, 0x29, 0x13, 0x19, 0x29, 0x13, 0x19, 0x29, 0x13, 0x19, 0x29, 0x13, 0x19, 0x29, 0x13, 0x19, 0x29, 0x13, 0x19, 0x29, 0x13, 0x19, 0x29, 0x13, 0x19, 0x29, 0x13, 0x19, 0x29, 0x13, 0x19, 0x29, 0x13, 0x19, 0x29, 
        0x13, 0x19, 0x29, 0x13, 0x19, 0x29, 0x13, 0x19, 0x29, 0x13, 0x19, 0x29, 0x13, 0x19, 0x29, 0x13, 0x19, 0x29, 0x13, 0x19, 0x29, 0x13, 0x19, 0x29, 0x13, 0x19, 0x29, 0x74, 0x78, 0x81, 0xFF, 0xFF, 0xFF, 0xFE, 0xFE, 0xFE, 0x55, 0x5A, 0x65, 
        0x13, 0x19, 0x29, 0x13, 0x19, 0x29, 0x13, 0x19, 0x29, 0x13, 0x19, 0x29, 0x13, 0x19, 0x29, 0x13, 0x19, 0x29, 0x13, 0x19, 0x29, 0x13, 0x19, 0x29, 0x13, 0x19, 0x29, 0x13, 0x19, 0x29, 0x13, 0x19, 0x29, 0x13, 0x19, 0x29, 0x13, 0x19, 0x29, 
        0x13, 0x19, 0x29, 0x13, 0x19, 0x29, 0x13, 0x19, 0x29, 0x13, 0x19, 0x29, 0x13, 0x19, 0x29, 0x13, 0x19, 0x29, 0x13, 0x19, 0x29, 0x13, 0x19, 0x29, 0x13, 0x19, 0x29,
  0x13, 0x19, 0x29, 0x13, 0x19, 0x29, 0x13, 0x19, 0x29, 0x13, 0x19, 0x29, 0x13, 0x19, 0x29, 0x13, 0x19, 0x29, 0x13, 0x19, 0x29, 0x13, 0x19, 0x29, 0x13, 0x19, 0x29, 0x13, 0x19, 0x29, 0x13, 0x19, 0x29, 0x13, 0x19, 0x29, 0x13, 0x19, 0x29, 0x13, 0x19, 0x29, 
        0x13, 0x19, 0x29, 0x13, 0x19, 0x29, 0x13, 0x19, 0x29, 0x13, 0x19, 0x29, 0x13, 0x19, 0x29, 0x13, 0x19, 0x29, 0x13, 0x19, 0x29, 0x28, 0x2D, 0x3C, 0xEA, 0xEB, 0xEC, 0xFF, 0xFF, 0xFF, 0xA6, 0xA9, 0xAF, 0x13, 0x19, 0x29, 0x13, 0x19, 0x29, 
        0x13, 0x19, 0x29, 0x13, 0x19, 0x29, 0x13, 0x19, 0x29, 0x13, 0x19, 0x29, 0x13, 0x19, 0x29, 0x13, 0x19, 0x29, 0x13, 0x19, 0x29, 0x13, 0x19, 0x29, 0x13, 0x19, 0x29, 0x13, 0x19, 0x29, 0x13, 0x19, 0x29, 0x13, 0x19, 0x29, 0x13, 0x19, 0x29, 
        0x13, 0x19, 0x29, 0x13, 0x19, 0x29, 0x13, 0x19, 0x29, 0x1A, 0x20, 0x2F, 0xFE, 0xFE, 0xFE, 0x1A, 0x20, 0x2F, 0x13, 0x19, 0x29, 0x13, 0x19, 0x29, 0x13, 0x19, 0x29, 0x13, 0x19, 0x29, 0x13, 0x19, 0x29, 0x13, 0x19, 0x29, 0x13, 0x19, 0x29, 
        0x13, 0x19, 0x29, 0x13, 0x19, 0x29, 0x13, 0x19, 0x29, 0x13, 0x19, 0x29, 0x13, 0x19, 0x29, 0x13, 0x19, 0x29, 0x13, 0x19, 0x29, 0x13, 0x19, 0x29, 0x13, 0x19, 0x29, 0x13, 0x19, 0x29, 0x1A, 0x20, 0x2F, 0xFE, 0xFE, 0xFE, 0x1A, 0x20, 0x2F, 
        0x13, 0x19, 0x29, 0x13, 0x19, 0x29, 0x13, 0x19, 0x29, 0x13, 0x19, 0x29, 0x13, 0x19, 0x29, 0x13, 0x19, 0x29, 0x13, 0x19, 0x29, 0x13, 0x19, 0x29, 0x13, 0x19, 0x29, 0x13, 0x19, 0x29, 0x13, 0x19, 0x29, 0x13, 0x19, 0x29, 0x13, 0x19, 0x29, 
        0x13, 0x19, 0x29, 0x13, 0x19, 0x29, 0x13, 0x19, 0x29, 0x13, 0x19, 0x29, 0x13, 0x19, 0x29, 0x13, 0x19, 0x29, 0x13, 0x19, 0x29, 0x13, 0x19, 0x29, 0x13, 0x19, 0x29, 0x13, 0x19, 0x29, 0xA7, 0xA9, 0xAF, 0xFF, 0xFF, 0xFF, 0xEA, 0xEB, 0xEC, 
        0x27, 0x2D, 0x3B, 0x13, 0x19, 0x29, 0x13, 0x19, 0x29, 0x13, 0x19, 0x29, 0x13, 0x19, 0x29, 0x13, 0x19, 0x29, 0x13, 0x19, 0x29, 0x13, 0x19, 0x29, 0x13, 0x19, 0x29, 0x13, 0x19, 0x29, 0x13, 0x19, 0x29, 0x13, 0x19, 0x29, 0x13, 0x19, 0x29, 
        0x13, 0x19, 0x29, 0x13, 0x19, 0x29, 0x13, 0x19, 0x29, 0x13, 0x19, 0x29, 0x13, 0x19, 0x29, 0x13, 0x19, 0x29, 0x13, 0x19, 0x29, 0x13, 0x19, 0x29, 0x13, 0x19, 0x29,
  0x13, 0x19, 0x29, 0x13, 0x19, 0x29, 0x13, 0x19, 0x29, 0x13, 0x19, 0x29, 0x13, 0x19, 0x29, 0x13, 0x19, 0x29, 0x13, 0x19, 0x29, 0x13, 0x19, 0x29, 0x13, 0x19, 0x29, 0x13, 0x19, 0x29, 0x13, 0x19, 0x29, 0x13, 0x19, 0x29, 0x13, 0x19, 0x29, 0x13, 0x19, 0x29, 
        0x13, 0x19, 0x29, 0x13, 0x19, 0x29, 0x13, 0x19, 0x29, 0x13, 0x19, 0x29, 0x13, 0x19, 0x29, 0x13, 0x19, 0x29, 0x13, 0x19, 0x29, 0xB4, 0xB6, 0xBB, 0xFF, 0xFF, 0xFF, 0xDD, 0xDE, 0xE0, 0x1E, 0x23, 0x33, 0x13, 0x19, 0x29, 0x13, 0x19, 0x29, 
        0x13, 0x19, 0x29, 0x13, 0x19, 0x29, 0x13, 0x19, 0x29, 0x13, 0x19, 0x29, 0x13, 0x19, 0x29, 0x13, 0x19, 0x29, 0x13, 0x19, 0x29, 0x13, 0x19, 0x29, 0x13, 0x19, 0x29, 0x13, 0x19, 0x29, 0x13, 0x19, 0x29, 0x13, 0x19, 0x29, 0x13, 0x19, 0x29, 
        0x13, 0x19, 0x29, 0x13, 0x19, 0x29, 0x13, 0x19, 0x29, 0x1A, 0x20, 0x2F, 0xFE, 0xFE, 0xFE, 0x1A, 0x20, 0x2F, 0x13, 0x19, 0x29, 0x13, 0x19, 0x29, 0x13, 0x19, 0x29, 0x13, 0x19, 0x29, 0x13, 0x19, 0x29, 0x13, 0x19, 0x29, 0x13, 0x19, 0x29, 
        0x13, 0x19, 0x29, 0x13, 0x19, 0x29, 0x13, 0x19, 0x29, 0x13, 0x19, 0x29, 0x13, 0x19, 0x29, 0x13, 0x19, 0x29, 0x13, 0x19, 0x29, 0x13, 0x19, 0x29, 0x13, 0x19, 0x29, 0x13, 0x19, 0x29, 0x1A, 0x20, 0x2F, 0xFE, 0xFE, 0xFE, 0x1A, 0x20, 0x2F, 
        0x13, 0x19, 0x29, 0x13, 0x19, 0x29, 0x13, 0x19, 0x29, 0x13, 0x19, 0x29, 0x13, 0x19, 0x29, 0x13, 0x19, 0x29, 0x13, 0x19, 0x29, 0x13, 0x19, 0x29, 0x13, 0x19, 0x29, 0x13, 0x19, 0x29, 0x13, 0x19, 0x29, 0x13, 0x19, 0x29, 0x13, 0x19, 0x29, 
        0x13, 0x19, 0x29, 0x13, 0x19, 0x29, 0x13, 0x19, 0x29, 0x13, 0x19, 0x29, 0x13, 0x19, 0x29, 0x13, 0x19, 0x29, 0x13, 0x19, 0x29, 0x13, 0x19, 0x29, 0x13, 0x19, 0x29, 0x13, 0x19, 0x29, 0x1E, 0x23, 0x33, 0xDD, 0xDE, 0xE0, 0xFF, 0xFF, 0xFF, 
        0xB3, 0xB5, 0xBA, 0x13, 0x19, 0x29, 0x13, 0x19, 0x29, 0x13, 0x19, 0x29, 0x13, 0x19, 0x29, 0x13, 0x19, 0x29, 0x13, 0x19, 0x29, 0x13, 0x19, 0x29, 0x13, 0x19, 0x29, 0x13, 0x19, 0x29, 0x13, 0x19, 0x29, 0x13, 0x19, 0x29, 0x13, 0x19, 0x29, 
        0x13, 0x19, 0x29, 0x13, 0x19, 0x29, 0x13, 0x19, 0x29, 0x13, 0x19, 0x29, 0x13, 0x19, 0x29, 0x13, 0x19, 0x29, 0x13, 0x19, 0x29, 0x13, 0x19, 0x29, 0x13, 0x19, 0x29,
  0x13, 0x19, 0x29, 0x13, 0x19, 0x29, 0x13, 0x19, 0x29, 0x13, 0x19, 0x29, 0x13, 0x19, 0x29, 0x13, 0x19, 0x29, 0x13, 0x19, 0x29, 0x13, 0x19, 0x29, 0x13, 0x19, 0x29, 0x13, 0x19, 0x29, 0x13, 0x19, 0x29, 0x13, 0x19, 0x29, 0x13, 0x19, 0x29, 0x13, 0x19, 0x29, 
        0x13, 0x19, 0x29, 0x13, 0x19, 0x29, 0x13, 0x19, 0x29, 0x13, 0x19, 0x29, 0x13, 0x19, 0x29, 0x13, 0x19, 0x29, 0x5F, 0x63, 0x6E, 0xFF, 0xFF, 0xFF, 0xFD, 0xFD, 0xFD, 0x46, 0x4A, 0x57, 0x13, 0x19, 0x29, 0x13, 0x19, 0x29, 0x13, 0x19, 0x29, 
        0x13, 0x19, 0x29, 0x13, 0x19, 0x29, 0x13, 0x19, 0x29, 0x13, 0x19, 0x29, 0x13, 0x19, 0x29, 0x13, 0x19, 0x29, 0x13, 0x19, 0x29, 0x13, 0x19, 0x29, 0x13, 0x19, 0x29, 0x13, 0x19, 0x29, 0x13, 0x19, 0x29, 0x13, 0x19, 0x29, 0x13, 0x19, 0x29, 
        0x13, 0x19, 0x29, 0x13, 0x19, 0x29, 0x13, 0x19, 0x29, 0x1A, 0x20, 0x2F, 0xFE, 0xFE, 0xFE, 0x1A, 0x20, 0x2F, 0x13, 0x19, 0x29, 0x13, 0x19, 0x29, 0x13, 0x19, 0x29, 0x13, 0x19, 0x29, 0x13, 0x19, 0x29, 0x13, 0x19, 0x29, 0x13, 0x19, 0x29, 
        0x13, 0x19, 0x29, 0x13, 0x19, 0x29, 0x13, 0x19, 0x29, 0x13, 0x19, 0x29, 0x13, 0x19, 0x29, 0x13, 0x19, 0x29, 0x13, 0x19, 0x29, 0x13, 0x19, 0x29, 0x13, 0x19, 0x29, 0x13, 0x19, 0x29, 0x1A, 0x20, 0x2F, 0xFE, 0xFE, 0xFE, 0x1A, 0x20, 0x2F, 
        0x13, 0x19, 0x29, 0x13, 0x19, 0x29, 0x13, 0x19, 0x29, 0x13, 0x19, 0x29, 0x13, 0x19, 0x29, 0x13, 0x19, 0x29, 0x13, 0x19, 0x29, 0x13, 0x19, 0x29, 0x13, 0x19, 0x29, 0x13, 0x19, 0x29, 0x13, 0x19, 0x29, 0x13, 0x19, 0x29, 0x13, 0x19, 0x29, 
        0x13, 0x19, 0x29, 0x13, 0x19, 0x29, 0x13, 0x19, 0x29, 0x13, 0x19, 0x29, 0x13, 0x19, 0x29, 0x13, 0x19, 0x29, 0x13, 0x19, 0x29, 0x13, 0x19, 0x29, 0x13, 0x19, 0x29, 0x13, 0x19, 0x29, 0x13, 0x19, 0x29, 0x46, 0x4A, 0x57, 0xFD, 0xFD, 0xFD, 
        0xFF, 0xFF, 0xFF, 0x5E, 0x62, 0x6D, 0x13, 0x19, 0x29, 0x13, 0x19, 0x29, 0x13, 0x19, 0x29, 0x13, 0x19, 0x29, 0x13, 0x19, 0x29, 0x13, 0x19, 0x29, 0x13, 0x19, 0x29, 0x13, 0x19, 0x29, 0x13, 0x19, 0x29, 0x13, 0x19, 0x29, 0x13, 0x19, 0x29, 
        0x13, 0x19, 0x29, 0x13, 0x19, 0x29, 0x13, 0x19, 0x29, 0x13, 0x19, 0x29, 0x13, 0x19, 0x29, 0x13, 0x19, 0x29, 0x13, 0x19, 0x29, 0x13, 0x19, 0x29, 0x13, 0x19, 0x29,
  0x13, 0x19, 0x29, 0x13, 0x19, 0x29, 0x13, 0x19, 0x29, 0x13, 0x19, 0x29, 0x13, 0x19, 0x29, 0x13, 0x19, 0x29, 0x13, 0x19, 0x29, 0x13, 0x19, 0x29, 0x13, 0x19, 0x29, 0x13, 0x19, 0x29, 0x13, 0x19, 0x29, 0x13, 0x19, 0x29, 0x13, 0x19, 0x29, 0x13, 0x19, 0x29, 
        0x13, 0x19, 0x29, 0x13, 0x19, 0x29, 0x13, 0x19, 0x29, 0x13, 0x19, 0x29, 0x13, 0x19, 0x29, 0x1B, 0x21, 0x30, 0xE4, 0xE4, 0xE6, 0xFF, 0xFF, 0xFF, 0x98, 0x9B, 0xA2, 0x13, 0x19, 0x29, 0x13, 0x19, 0x29, 0x13, 0x19, 0x29, 0x13, 0x19, 0x29, 
        0x13, 0x19, 0x29, 0x13, 0x19, 0x29, 0x13, 0x19, 0x29, 0x13, 0x19, 0x29, 0x13, 0x19, 0x29, 0x13, 0x19, 0x29, 0x13, 0x19, 0x29, 0x13, 0x19, 0x29, 0x13, 0x19, 0x29, 0x13, 0x19, 0x29, 0x13, 0x19, 0x29, 0x13, 0x19, 0x29, 0x13, 0x19, 0x29, 
        0x13, 0x19, 0x29, 0x13, 0x19, 0x29, 0x13, 0x19, 0x29, 0x1A, 0x20, 0x2F, 0xFE, 0xFE, 0xFE, 0x1A, 0x20, 0x2F, 0x13, 0x19, 0x29, 0x13, 0x19, 0x29, 0x13, 0x19, 0x29, 0x13, 0x19, 0x29, 0x13, 0x19, 0x29, 0x13, 0x19, 0x29, 0x13, 0x19, 0x29, 
        0x13, 0x19, 0x29, 0x13, 0x19, 0x29, 0x13, 0x19, 0x29, 0x13, 0x19, 0x29, 0x13, 0x19, 0x29, 0x13, 0x19, 0x29, 0x13, 0x19, 0x29, 0x13, 0x19, 0x29, 0x13, 0x19, 0x29, 0x13, 0x19, 0x29, 0x1A, 0x20, 0x2F, 0xFE, 0xFE, 0xFE, 0x1A, 0x20, 0x2F, 
        0x13, 0x19, 0x29, 0x13, 0x19, 0x29, 0x13, 0x19, 0x29, 0x13, 0x19, 0x29, 0x13, 0x19, 0x29, 0x13, 0x19, 0x29, 0x13, 0x19, 0x29, 0x13, 0x19, 0x29, 0x13, 0x19, 0x29, 0x13, 0x19, 0x29, 0x13, 0x19, 0x29, 0x13, 0x19, 0x29, 0x13, 0x19, 0x29, 
        0x13, 0x19, 0x29, 0x13, 0x19, 0x29, 0x13, 0x19, 0x29, 0x13, 0x19, 0x29, 0x13, 0x19, 0x29, 0x13, 0x19, 0x29, 0x13, 0x19, 0x29, 0x13, 0x19, 0x29, 0x13, 0x19, 0x29, 0x13, 0x19, 0x29, 0x13, 0x19, 0x29, 0x13, 0x19, 0x29, 0x98, 0x9B, 0xA2, 
        0xFF, 0xFF, 0xFF, 0xE4, 0xE4, 0xE6, 0x1C, 0x22, 0x31, 0x13, 0x19, 0x29, 0x13, 0x19, 0x29, 0x13, 0x19, 0x29, 0x13, 0x19, 0x29, 0x13, 0x19, 0x29, 0x13, 0x19, 0x29, 0x13, 0x19, 0x29, 0x13, 0x19, 0x29, 0x13, 0x19, 0x29, 0x13, 0x19, 0x29, 
        0x13, 0x19, 0x29, 0x13, 0x19, 0x29, 0x13, 0x19, 0x29, 0x13, 0x19, 0x29, 0x13, 0x19, 0x29, 0x13, 0x19, 0x29, 0x13, 0x19, 0x29, 0x13, 0x19, 0x29, 0x13, 0x19, 0x29,
  0x13, 0x19, 0x29, 0x13, 0x19, 0x29, 0x13, 0x19, 0x29, 0x13, 0x19, 0x29, 0x13, 0x19, 0x29, 0x13, 0x19, 0x29, 0x13, 0x19, 0x29, 0x13, 0x19, 0x29, 0x13, 0x19, 0x29, 0x13, 0x19, 0x29, 0x13, 0x19, 0x29, 0x13, 0x19, 0x29, 0x13, 0x19, 0x29, 0x13, 0x19, 0x29, 
        0x13, 0x19, 0x29, 0x13, 0x19, 0x29, 0x13, 0x19, 0x29, 0x13, 0x19, 0x29, 0x13, 0x19, 0x29, 0x86, 0x89, 0x91, 0xFF, 0xFF, 0xFF, 0xE9, 0xEA, 0xEB, 0x1F, 0x24, 0x34, 0x13, 0x19, 0x29, 0x13, 0x19, 0x29, 0x13, 0x19, 0x29, 0x13, 0x19, 0x29, 
        0x13, 0x19, 0x29, 0x13, 0x19, 0x29, 0x13, 0x19, 0x29, 0x13, 0x19, 0x29, 0x13, 0x19, 0x29, 0x13, 0x19, 0x29, 0x13, 0x19, 0x29, 0x57, 0x5B, 0x67, 0x8F, 0x92, 0x9A, 0x8F, 0x92, 0x9A, 0x8F, 0x92, 0x9A, 0x8F, 0x92, 0x9A, 0x8F, 0x92, 0x9A, 
        0x8F, 0x92, 0x9A, 0x8F, 0x92, 0x9A, 0x8F, 0x92, 0x9A, 0x93, 0x95, 0x9D, 0xFE, 0xFE, 0xFE, 0x93, 0x95, 0x9D, 0x8F, 0x92, 0x9A, 0x8F, 0x92, 0x9A, 0x8F, 0x92, 0x9A, 0x8F, 0x92, 0x9A, 0x8F, 0x92, 0x9A, 0x8F, 0x92, 0x9A, 0x8F, 0x92, 0x9A, 
        0x8F, 0x92, 0x9A, 0x8F, 0x92, 0x9A, 0x8F, 0x92, 0x9A, 0x8F, 0x92, 0x9A, 0x8F, 0x92, 0x9A, 0x8F, 0x92, 0x9A, 0x8F, 0x92, 0x9A, 0x8F, 0x92, 0x9A, 0x8F, 0x92, 0x9A, 0x8F, 0x92, 0x9A, 0x93, 0x95, 0x9D, 0xFE, 0xFE, 0xFE, 0x93, 0x95, 0x9D, 
        0x8F, 0x92, 0x9A, 0x8F, 0x92, 0x9A, 0x8F, 0x92, 0x9A, 0x8F, 0x92, 0x9A, 0x8F, 0x92, 0x9A, 0x8F, 0x92, 0x9A, 0x8F, 0x92, 0x9A, 0x8F, 0x92, 0x9A, 0x57, 0x5B, 0x67, 0x13, 0x19, 0x29, 0x13, 0x19, 0x29, 0x13, 0x19, 0x29, 0x13, 0x19, 0x29, 
        0x13, 0x19, 0x29, 0x13, 0x19, 0x29, 0x13, 0x19, 0x29, 0x13, 0x19, 0x29, 0x13, 0x19, 0x29, 0x13, 0x19, 0x29, 0x13, 0x19, 0x29, 0x13, 0x19, 0x29, 0x13, 0x19, 0x29, 0x13, 0x19, 0x29, 0x13, 0x19, 0x29, 0x13, 0x19, 0x29, 0x20, 0x25, 0x34, 
        0xE9, 0xEA, 0xEB, 0xFF, 0xFF, 0xFF, 0x88, 0x8B, 0x93, 0x13, 0x19, 0x29, 0x13, 0x19, 0x29, 0x13, 0x19, 0x29, 0x13, 0x19, 0x29, 0x13, 0x19, 0x29, 0x13, 0x19, 0x29, 0x13, 0x19, 0x29, 0x13, 0x19, 0x29, 0x13, 0x19, 0x29, 0x13, 0x19, 0x29, 
        0x13, 0x19, 0x29, 0x13, 0x19, 0x29, 0x13, 0x19, 0x29, 0x13, 0x19, 0x29, 0x13, 0x19, 0x29, 0x13, 0x19, 0x29, 0x13, 0x19, 0x29, 0x13, 0x19, 0x29, 0x13, 0x19, 0x29,
  0x13, 0x19, 0x29, 0x13, 0x19, 0x29, 0x13, 0x19, 0x29, 0x13, 0x19, 0x29, 0x13, 0x19, 0x29, 0x13, 0x19, 0x29, 0x13, 0x19, 0x29, 0x13, 0x19, 0x29, 0x13, 0x19, 0x29, 0x13, 0x19, 0x29, 0x13, 0x19, 0x29, 0x13, 0x19, 0x29, 0x13, 0x19, 0x29, 0x13, 0x19, 0x29, 
        0x13, 0x19, 0x29, 0x13, 0x19, 0x29, 0x13, 0x19, 0x29, 0x13, 0x19, 0x29, 0x23, 0x29, 0x38, 0xF2, 0xF2, 0xF3, 0xFF, 0xFF, 0xFF, 0x6E, 0x71, 0x7B, 0x13, 0x19, 0x29, 0x13, 0x19, 0x29, 0x13, 0x19, 0x29, 0x13, 0x19, 0x29, 0x13, 0x19, 0x29, 
        0x13, 0x19, 0x29, 0x13, 0x19, 0x29, 0x13, 0x19, 0x29, 0x13, 0x19, 0x29, 0x13, 0x19, 0x29, 0x13, 0x19, 0x29, 0x16, 0x1C, 0x2C, 0xF6, 0xF6, 0xF7, 0x93, 0x96, 0x9D, 0x8F, 0x92, 0x9A, 0x8F, 0x92, 0x9A, 0x8F, 0x92, 0x9A, 0x8F, 0x92, 0x9A, 
        0x8F, 0x92, 0x9A, 0x8F, 0x92, 0x9A, 0x8F, 0x92, 0x9A, 0x93, 0x95, 0x9D, 0xFE, 0xFE, 0xFE, 0x93, 0x95, 0x9D, 0x8F, 0x92, 0x9A, 0x8F, 0x92, 0x9A, 0x8F, 0x92, 0x9A, 0x8F, 0x92, 0x9A, 0x8F, 0x92, 0x9A, 0x8F, 0x92, 0x9A, 0x8F, 0x92, 0x9A, 
        0x8F, 0x92, 0x9A, 0x8F, 0x92, 0x9A, 0x8F, 0x92, 0x9A, 0x8F, 0x92, 0x9A, 0x8F, 0x92, 0x9A, 0x8F, 0x92, 0x9A, 0x8F, 0x92, 0x9A, 0x8F, 0x92, 0x9A, 0x8F, 0x92, 0x9A, 0x8F, 0x92, 0x9A, 0x93, 0x95, 0x9D, 0xFE, 0xFE, 0xFE, 0x93, 0x95, 0x9D, 
        0x8F, 0x92, 0x9A, 0x8F, 0x92, 0x9A, 0x8F, 0x92, 0x9A, 0x8F, 0x92, 0x9A, 0x8F, 0x92, 0x9A, 0x8F, 0x92, 0x9A, 0x8F, 0x92, 0x9A, 0x93, 0x96, 0x9D, 0xF6, 0xF6, 0xF7, 0x16, 0x1C, 0x2C, 0x13, 0x19, 0x29, 0x13, 0x19, 0x29, 0x13, 0x19, 0x29, 
        0x13, 0x19, 0x29, 0x13, 0x19, 0x29, 0x13, 0x19, 0x29, 0x13, 0x19, 0x29, 0x13, 0x19, 0x29, 0x13, 0x19, 0x29, 0x13, 0x19, 0x29, 0x13, 0x19, 0x29, 0x13, 0x19, 0x29, 0x13, 0x19, 0x29, 0x13, 0x19, 0x29, 0x13, 0x19, 0x29, 0x13, 0x19, 0x29, 
        0x6E, 0x71, 0x7B, 0xFF, 0xFF, 0xFF, 0xF2, 0xF3, 0xF4, 0x24, 0x2A, 0x39, 0x13, 0x19, 0x29, 0x13, 0x19, 0x29, 0x13, 0x19, 0x29, 0x13, 0x19, 0x29, 0x13, 0x19, 0x29, 0x13, 0x19, 0x29, 0x13, 0x19, 0x29, 0x13, 0x19, 0x29, 0x13, 0x19, 0x29, 
        0x13, 0x19, 0x29, 0x13, 0x19, 0x29, 0x13, 0x19, 0x29, 0x13, 0x19, 0x29, 0x13, 0x19, 0x29, 0x13, 0x19, 0x29, 0x13, 0x19, 0x29, 0x13, 0x19, 0x29, 0x13, 0x19, 0x29,
  0x13, 0x19, 0x29, 0x13, 0x19, 0x29, 0x13, 0x19, 0x29, 0x13, 0x19, 0x29, 0x13, 0x19, 0x29, 0x13, 0x19, 0x29, 0x13, 0x19, 0x29, 0x13, 0x19, 0x29, 0x13, 0x19, 0x29, 0x13, 0x19, 0x29, 0x13, 0x19, 0x29, 0x13, 0x19, 0x29, 0x13, 0x19, 0x29, 0x13, 0x19, 0x29, 
        0x13, 0x19, 0x29, 0x13, 0x19, 0x29, 0x13, 0x19, 0x29, 0x13, 0x19, 0x29, 0x8E, 0x91, 0x99, 0xFF, 0xFF, 0xFF, 0xDA, 0xDB, 0xDE, 0x15, 0x1B, 0x2B, 0x13, 0x19, 0x29, 0x13, 0x19, 0x29, 0x13, 0x19, 0x29, 0x13, 0x19, 0x29, 0x13, 0x19, 0x29, 
        0x13, 0x19, 0x29, 0x13, 0x19, 0x29, 0x13, 0x19, 0x29, 0x13, 0x19, 0x29, 0x13, 0x19, 0x29, 0x13, 0x19, 0x29, 0x1A, 0x20, 0x2F, 0xFE, 0xFE, 0xFE, 0x1A, 0x20, 0x2F, 0x13, 0x19, 0x29, 0x13, 0x19, 0x29, 0x13, 0x19, 0x29, 0x13, 0x19, 0x29, 
        0x13, 0x19, 0x29, 0x13, 0x19, 0x29, 0x13, 0x19, 0x29, 0x1A, 0x20, 0x2F, 0xFE, 0xFE, 0xFE, 0x1A, 0x20, 0x2F, 0x13, 0x19, 0x29, 0x13, 0x19, 0x29, 0x13, 0x19, 0x29, 0x13, 0x19, 0x29, 0x13, 0x19, 0x29, 0x13, 0x19, 0x29, 0x13, 0x19, 0x29, 
        0x13, 0x19, 0x29, 0x13, 0x19, 0x29, 0x13, 0x19, 0x29, 0x13, 0x19, 0x29, 0x13, 0x19, 0x29, 0x13, 0x19, 0x29, 0x13, 0x19, 0x29, 0x13, 0x19, 0x29, 0x13, 0x19, 0x29, 0x13, 0x19, 0x29, 0x1A, 0x20, 0x2F, 0xFE, 0xFE, 0xFE, 0x1A, 0x20, 0x2F, 
        0x13, 0x19, 0x29, 0x13, 0x19, 0x29, 0x13, 0x19, 0x29, 0x13, 0x19, 0x29, 0x13, 0x19, 0x29, 0x13, 0x19, 0x29, 0x13, 0x19, 0x29, 0x1A, 0x20, 0x2F, 0xFE, 0xFE, 0xFE, 0x1A, 0x20, 0x2F, 0x13, 0x19, 0x29, 0x13, 0x19, 0x29, 0x13, 0x19, 0x29, 
        0x13, 0x19, 0x29, 0x13, 0x19, 0x29, 0x13, 0x19, 0x29, 0x13, 0x19, 0x29, 0x13, 0x19, 0x29, 0x13, 0x19, 0x29, 0x13, 0x19, 0x29, 0x13, 0x19, 0x29, 0x13, 0x19, 0x29, 0x13, 0x19, 0x29, 0x13, 0x19, 0x29, 0x13, 0x19, 0x29, 0x13, 0x19, 0x29, 
        0x15, 0x1B, 0x2B, 0xDA, 0xDB, 0xDE, 0xFF, 0xFF, 0xFF, 0x8E, 0x91, 0x99, 0x13, 0x19, 0x29, 0x13, 0x19, 0x29, 0x13, 0x19, 0x29, 0x13, 0x19, 0x29, 0x13, 0x19, 0x29, 0x13, 0x19, 0x29, 0x13, 0x19, 0x29, 0x13, 0x19, 0x29, 0x13, 0x19, 0x29, 
        0x13, 0x19, 0x29, 0x13, 0x19, 0x29, 0x13, 0x19, 0x29, 0x13, 0x19, 0x29, 0x13, 0x19, 0x29, 0x13, 0x19, 0x29, 0x13, 0x19, 0x29, 0x13, 0x19, 0x29, 0x13, 0x19, 0x29,
  0x13, 0x19, 0x29, 0x13, 0x19, 0x29, 0x13, 0x19, 0x29, 0x13, 0x19, 0x29, 0x13, 0x19, 0x29, 0x13, 0x19, 0x29, 0x13, 0x19, 0x29, 0x13, 0x19, 0x29, 0x13, 0x19, 0x29, 0x13, 0x19, 0x29, 0x13, 0x19, 0x29, 0x13, 0x19, 0x29, 0x13, 0x19, 0x29, 0x13, 0x19, 0x29, 
        0x13, 0x19, 0x29, 0x13, 0x19, 0x29, 0x13, 0x19, 0x29, 0x1E, 0x23, 0x33, 0xF0, 0xF0, 0xF1, 0xFF, 0xFF, 0xFF, 0x67, 0x6B, 0x75, 0x13, 0x19, 0x29, 0x13, 0x19, 0x29, 0x13, 0x19, 0x29, 0x13, 0x19, 0x29, 0x13, 0x19, 0x29, 0x13, 0x19, 0x29, 
        0x13, 0x19, 0x29, 0x13, 0x19, 0x29, 0x13, 0x19, 0x29, 0x13, 0x19, 0x29, 0x13, 0x19, 0x29, 0x13, 0x19, 0x29, 0x1A, 0x20, 0x2F, 0xFE, 0xFE, 0xFE, 0x1A, 0x20, 0x2F, 0x13, 0x19, 0x29, 0x13, 0x19, 0x29, 0x13, 0x19, 0x29, 0x13, 0x19, 0x29, 
        0x13, 0x19, 0x29, 0x13, 0x19, 0x29, 0x13, 0x19, 0x29, 0x1A, 0x20, 0x2F, 0xFE, 0xFE, 0xFE, 0x1A, 0x20, 0x2F, 0x13, 0x19, 0x29, 0x13, 0x19, 0x29, 0x13, 0x19, 0x29, 0x13, 0x19, 0x29, 0x13, 0x19, 0x29, 0x13, 0x19, 0x29, 0x13, 0x19, 0x29, 
        0x13, 0x19, 0x29, 0x13, 0x19, 0x29, 0x13, 0x19, 0x29, 0x13, 0x19, 0x29, 0x13, 0x19, 0x29, 0x13, 0x19, 0x29, 0x13, 0x19, 0x29, 0x13, 0x19, 0x29, 0x13, 0x19, 0x29, 0x13, 0x19, 0x29, 0x1A, 0x20, 0x2F, 0xFE, 0xFE, 0xFE, 0x1A, 0x20, 0x2F, 
        0x13, 0x19, 0x29, 0x13, 0x19, 0x29, 0x13, 0x19, 0x29, 0x13, 0x19, 0x29, 0x13, 0x19, 0x29, 0x13, 0x19, 0x29, 0x13, 0x19, 0x29, 0x1A, 0x20, 0x2F, 0xFE, 0xFE, 0xFE, 0x1A, 0x20, 0x2F, 0x13, 0x19, 0x29, 0x13, 0x19, 0x29, 0x13, 0x19, 0x29, 
        0x13, 0x19, 0x29, 0x13, 0x19, 0x29, 0x13, 0x19, 0x29, 0x13, 0x19, 0x29, 0x13, 0x19, 0x29, 0x13, 0x19, 0x29, 0x13, 0x19, 0x29, 0x13, 0x19, 0x29, 0x13, 0x19, 0x29, 0x13, 0x19, 0x29, 0x13, 0x19, 0x29, 0x13, 0x19, 0x29, 0x13, 0x19, 0x29, 
        0x13, 0x19, 0x29, 0x67, 0x6B, 0x75, 0xFF, 0xFF, 0xFF, 0xF0, 0xF0, 0xF1, 0x1E, 0x23, 0x33, 0x13, 0x19, 0x29, 0x13, 0x19, 0x29, 0x13, 0x19, 0x29, 0x13, 0x19, 0x29, 0x13, 0x19, 0x29, 0x13, 0x19, 0x29, 0x13, 0x19, 0x29, 0x13, 0x19, 0x29, 
        0x13, 0x19, 0x29, 0x13, 0x19, 0x29, 0x13, 0x19, 0x29, 0x13, 0x19, 0x29, 0x13, 0x19, 0x29, 0x13, 0x19, 0x29, 0x13, 0x19, 0x29, 0x13, 0x19, 0x29, 0x13, 0x19, 0x29,
  0x13, 0x19, 0x29, 0x13, 0x19, 0x29, 0x13, 0x19, 0x29, 0x13, 0x19, 0x29, 0x13, 0x19, 0x29, 0x13, 0x19, 0x29, 0x13, 0x19, 0x29, 0x13, 0x19, 0x29, 0x13, 0x19, 0x29, 0x13, 0x19, 0x29, 0x13, 0x19, 0x29, 0x13, 0x19, 0x29, 0x13, 0x19, 0x29, 0x13, 0x19, 0x29, 
        0x13, 0x19, 0x29, 0x13, 0x19, 0x29, 0x13, 0x19, 0x29, 0x75, 0x79, 0x82, 0xFF, 0xFF, 0xFF, 0xE5, 0xE5, 0xE7, 0x17, 0x1D, 0x2D, 0x13, 0x19, 0x29, 0x13, 0x19, 0x29, 0x13, 0x19, 0x29, 0x13, 0x19, 0x29, 0x13, 0x19, 0x29, 0x13, 0x19, 0x29, 
        0x13, 0x19, 0x29, 0x13, 0x19, 0x29, 0x13, 0x19, 0x29, 0x13, 0x19, 0x29, 0x13, 0x19, 0x29, 0x13, 0x19, 0x29, 0x1A, 0x20, 0x2F, 0xFE, 0xFE, 0xFE, 0x1A, 0x20, 0x2F, 0x13, 0x19, 0x29, 0x13, 0x19, 0x29, 0x13, 0x19, 0x29, 0x13, 0x19, 0x29, 
        0x13, 0x19, 0x29, 0x13, 0x19, 0x29, 0x13, 0x19, 0x29, 0x1A, 0x20, 0x2F, 0xFE, 0xFE, 0xFE, 0x1A, 0x20, 0x2F, 0x13, 0x19, 0x29, 0x13, 0x19, 0x29, 0x13, 0x19, 0x29, 0x13, 0x19, 0x29, 0x13, 0x19, 0x29, 0x13, 0x19, 0x29, 0x13, 0x19, 0x29, 
        0x13, 0x19, 0x29, 0x13, 0x19, 0x29, 0x13, 0x19, 0x29, 0x13, 0x19, 0x29, 0x13, 0x19, 0x29, 0x13, 0x19, 0x29, 0x13, 0x19, 0x29, 0x13, 0x19, 0x29, 0x13, 0x19, 0x29, 0x13, 0x19, 0x29, 0x1A, 0x20, 0x2F, 0xFE, 0xFE, 0xFE, 0x1A, 0x20, 0x2F, 
        0x13, 0x19, 0x29, 0x13, 0x19, 0x29, 0x13, 0x19, 0x29, 0x13, 0x19, 0x29, 0x13, 0x19, 0x29, 0x13, 0x19, 0x29, 0x13, 0x19, 0x29, 0x1A, 0x20, 0x2F, 0xFE, 0xFE, 0xFE, 0x1A, 0x20, 0x2F, 0x13, 0x19, 0x29, 0x13, 0x19, 0x29, 0x13, 0x19, 0x29, 
        0x13, 0x19, 0x29, 0x13, 0x19, 0x29, 0x13, 0x19, 0x29, 0x13, 0x19, 0x29, 0x13, 0x19, 0x29, 0x13, 0x19, 0x29, 0x13, 0x19, 0x29, 0x13, 0x19, 0x29, 0x13, 0x19, 0x29, 0x13, 0x19, 0x29, 0x13, 0x19, 0x29, 0x13, 0x19, 0x29, 0x13, 0x19, 0x29, 
        0x13, 0x19, 0x29, 0x17, 0x1D, 0x2D, 0xE5, 0xE5, 0xE7, 0xFF, 0xFF, 0xFF, 0x75, 0x79, 0x82, 0x13, 0x19, 0x29, 0x13, 0x19, 0x29, 0x13, 0x19, 0x29, 0x13, 0x19, 0x29, 0x13, 0x19, 0x29, 0x13, 0x19, 0x29, 0x13, 0x19, 0x29, 0x13, 0x19, 0x29, 
        0x13, 0x19, 0x29, 0x13, 0x19, 0x29, 0x13, 0x19, 0x29, 0x13, 0x19, 0x29, 0x13, 0x19, 0x29, 0x13, 0x19, 0x29, 0x13, 0x19, 0x29, 0x13, 0x19, 0x29, 0x13, 0x19, 0x29,
  0x13, 0x19, 0x29, 0x13, 0x19, 0x29, 0x13, 0x19, 0x29, 0x13, 0x19, 0x29, 0x13, 0x19, 0x29, 0x13, 0x19, 0x29, 0x13, 0x19, 0x29, 0x13, 0x19, 0x29, 0x13, 0x19, 0x29, 0x13, 0x19, 0x29, 0x13, 0x19, 0x29, 0x13, 0x19, 0x29, 0x13, 0x19, 0x29, 0x13, 0x19, 0x29, 
        0x13, 0x19, 0x29, 0x13, 0x19, 0x29, 0x13, 0x19, 0x29, 0xD4, 0xD5, 0xD8, 0xFF, 0xFF, 0xFF, 0x82, 0x85, 0x8E, 0x13, 0x19, 0x29, 0x13, 0x19, 0x29, 0x13, 0x19, 0x29, 0x13, 0x19, 0x29, 0x13, 0x19, 0x29, 0x13, 0x19, 0x29, 0x13, 0x19, 0x29, 
        0x13, 0x19, 0x29, 0x13, 0x19, 0x29, 0x13, 0x19, 0x29, 0x13, 0x19, 0x29, 0x13, 0x19, 0x29, 0x13, 0x19, 0x29, 0x1A, 0x20, 0x2F, 0xFE, 0xFE, 0xFE, 0x1A, 0x20, 0x2F, 0x13, 0x19, 0x29, 0x13, 0x19, 0x29, 0x13, 0x19, 0x29, 0x13, 0x19, 0x29, 
        0x13, 0x19, 0x29, 0x13, 0x19, 0x29, 0x13, 0x19, 0x29, 0x1A, 0x20, 0x2F, 0xFE, 0xFE, 0xFE, 0x1A, 0x20, 0x2F, 0x13, 0x19, 0x29, 0x13, 0x19, 0x29, 0x13, 0x19, 0x29, 0x13, 0x19, 0x29, 0x13, 0x19, 0x29, 0x13, 0x19, 0x29, 0x13, 0x19, 0x29, 
        0x13, 0x19, 0x29, 0x13, 0x19, 0x29, 0x13, 0x19, 0x29, 0x13, 0x19, 0x29, 0x13, 0x19, 0x29, 0x13, 0x19, 0x29, 0x13, 0x19, 0x29, 0x13, 0x19, 0x29, 0x13, 0x19, 0x29, 0x13, 0x19, 0x29, 0x1A, 0x20, 0x2F, 0xFE, 0xFE, 0xFE, 0x1A, 0x20, 0x2F, 
        0x13, 0x19, 0x29, 0x13, 0x19, 0x29, 0x13, 0x19, 0x29, 0x13, 0x19, 0x29, 0x13, 0x19, 0x29, 0x13, 0x19, 0x29, 0x13, 0x19, 0x29, 0x1A, 0x20, 0x2F, 0xFE, 0xFE, 0xFE, 0x1A, 0x20, 0x2F, 0x13, 0x19, 0x29, 0x13, 0x19, 0x29, 0x13, 0x19, 0x29, 
        0x13, 0x19, 0x29, 0x13, 0x19, 0x29, 0x13, 0x19, 0x29, 0x13, 0x19, 0x29, 0x13, 0x19, 0x29, 0x13, 0x19, 0x29, 0x13, 0x19, 0x29, 0x13, 0x19, 0x29, 0x13, 0x19, 0x29, 0x13, 0x19, 0x29, 0x13, 0x19, 0x29, 0x13, 0x19, 0x29, 0x13, 0x19, 0x29, 
        0x13, 0x19, 0x29, 0x13, 0x19, 0x29, 0x83, 0x86, 0x8F, 0xFF, 0xFF, 0xFF, 0xD4, 0xD5, 0xD8, 0x13, 0x19, 0x29, 0x13, 0x19, 0x29, 0x13, 0x19, 0x29, 0x13, 0x19, 0x29, 0x13, 0x19, 0x29, 0x13, 0x19, 0x29, 0x13, 0x19, 0x29, 0x13, 0x19, 0x29, 
        0x13, 0x19, 0x29, 0x13, 0x19, 0x29, 0x13, 0x19, 0x29, 0x13, 0x19, 0x29, 0x13, 0x19, 0x29, 0x13, 0x19, 0x29, 0x13, 0x19, 0x29, 0x13, 0x19, 0x29, 0x13, 0x19, 0x29,
  0x13, 0x19, 0x29, 0x13, 0x19, 0x29, 0x13, 0x19, 0x29, 0x13, 0x19, 0x29, 0x13, 0x19, 0x29, 0x13, 0x19, 0x29, 0x13, 0x19, 0x29, 0x13, 0x19, 0x29, 0x13, 0x19, 0x29, 0x13, 0x19, 0x29, 0x13, 0x19, 0x29, 0x13, 0x19, 0x29, 0x13, 0x19, 0x29, 0x13, 0x19, 0x29, 
        0x13, 0x19, 0x29, 0x13, 0x19, 0x29, 0x41, 0x46, 0x53, 0xFF, 0xFF, 0xFF, 0xFB, 0xFB, 0xFB, 0x29, 0x2E, 0x3D, 0x13, 0x19, 0x29, 0x13, 0x19, 0x29, 0x13, 0x19, 0x29, 0x13, 0x19, 0x29, 0x13, 0x19, 0x29, 0x13, 0x19, 0x29, 0x13, 0x19, 0x29, 
        0x13, 0x19, 0x29, 0x13, 0x19, 0x29, 0x13, 0x19, 0x29, 0x13, 0x19, 0x29, 0x13, 0x19, 0x29, 0x13, 0x19, 0x29, 0x1A, 0x20, 0x2F, 0xFE, 0xFE, 0xFE, 0x1A, 0x20, 0x2F, 0x13, 0x19, 0x29, 0x13, 0x19, 0x29, 0x13, 0x19, 0x29, 0x13, 0x19, 0x29, 
        0x13, 0x19, 0x29, 0x13, 0x19, 0x29, 0x13, 0x19, 0x29, 0x13, 0x19, 0x29, 0x70, 0x74, 0x7D, 0x13, 0x19, 0x29, 0x13, 0x19, 0x29, 0x13, 0x19, 0x29, 0x13, 0x19, 0x29, 0x13, 0x19, 0x29, 0x13, 0x19, 0x29, 0x13, 0x19, 0x29, 0x13, 0x19, 0x29, 
        0x13, 0x19, 0x29, 0x13, 0x19, 0x29, 0x13, 0x19, 0x29, 0x13, 0x19, 0x29, 0x13, 0x19, 0x29, 0x13, 0x19, 0x29, 0x13, 0x19, 0x29, 0x13, 0x19, 0x29, 0x13, 0x19, 0x29, 0x13, 0x19, 0x29, 0x13, 0x19, 0x29, 0x70, 0x74, 0x7D, 0x13, 0x19, 0x29, 
        0x13, 0x19, 0x29, 0x13, 0x19, 0x29, 0x13, 0x19, 0x29, 0x13, 0x19, 0x29, 0x13, 0x19, 0x29, 0x13, 0x19, 0x29, 0x13, 0x19, 0x29, 0x1A, 0x20, 0x2F, 0xFE, 0xFE, 0xFE, 0x1A, 0x20, 0x2F, 0x13, 0x19, 0x29, 0x13, 0x19, 0x29, 0x13, 0x19, 0x29, 
        0x13, 0x19, 0x29, 0x13, 0x19, 0x29, 0x13, 0x19, 0x29, 0x13, 0x19, 0x29, 0x13, 0x19, 0x29, 0x13, 0x19, 0x29, 0x13, 0x19, 0x29, 0x13, 0x19, 0x29, 0x13, 0x19, 0x29, 0x13, 0x19, 0x29, 0x13, 0x19, 0x29, 0x13, 0x19, 0x29, 0x13, 0x19, 0x29, 
        0x13, 0x19, 0x29, 0x13, 0x19, 0x29, 0x2A, 0x2F, 0x3E, 0xFB, 0xFB, 0xFB, 0xFF, 0xFF, 0xFF, 0x41, 0x46, 0x53, 0x13, 0x19, 0x29, 0x13, 0x19, 0x29, 0x13, 0x19, 0x29, 0x13, 0x19, 0x29, 0x13, 0x19, 0x29, 0x13, 0x19, 0x29, 0x13, 0x19, 0x29, 
        0x13, 0x19, 0x29, 0x13, 0x19, 0x29, 0x13, 0x19, 0x29, 0x13, 0x19, 0x29, 0x13, 0x19, 0x29, 0x13, 0x19, 0x29, 0x13, 0x19, 0x29, 0x13, 0x19, 0x29, 0x13, 0x19, 0x29,
  0x13, 0x19, 0x29, 0x13, 0x19, 0x29, 0x13, 0x19, 0x29, 0x13, 0x19, 0x29, 0x13, 0x19, 0x29, 0x13, 0x19, 0x29, 0x13, 0x19, 0x29, 0x13, 0x19, 0x29, 0x13, 0x19, 0x29, 0x13, 0x19, 0x29, 0x13, 0x19, 0x29, 0x13, 0x19, 0x29, 0x13, 0x19, 0x29, 0x13, 0x19, 0x29, 
        0x13, 0x19, 0x29, 0x13, 0x19, 0x29, 0x92, 0x95, 0x9C, 0xFF, 0xFF, 0xFF, 0xBA, 0xBC, 0xC0, 0x13, 0x19, 0x29, 0x13, 0x19, 0x29, 0x13, 0x19, 0x29, 0x13, 0x19, 0x29, 0x13, 0x19, 0x29, 0x13, 0x19, 0x29, 0x13, 0x19, 0x29, 0x13, 0x19, 0x29, 
        0x13, 0x19, 0x29, 0x13, 0x19, 0x29, 0x13, 0x19, 0x29, 0x13, 0x19, 0x29, 0x13, 0x19, 0x29, 0x13, 0x19, 0x29, 0x1A, 0x20, 0x2F, 0xFE, 0xFE, 0xFE, 0x1A, 0x20, 0x2F, 0x13, 0x19, 0x29, 0x13, 0x19, 0x29, 0x13, 0x19, 0x29, 0x13, 0x19, 0x29, 
        0x13, 0x19, 0x29, 0x13, 0x19, 0x29, 0x13, 0x19, 0x29, 0x13, 0x19, 0x29, 0x13, 0x19, 0x29, 0x13, 0x19, 0x29, 0x13, 0x19, 0x29, 0x13, 0x19, 0x29, 0x13, 0x19, 0x29, 0x13, 0x19, 0x29, 0x13, 0x19, 0x29, 0x13, 0x19, 0x29, 0x13, 0x19, 0x29, 
        0x13, 0x19, 0x29, 0x13, 0x19, 0x29, 0x13, 0x19, 0x29, 0x13, 0x19, 0x29, 0x13, 0x19, 0x29, 0x13, 0x19, 0x29, 0x13, 0x19, 0x29, 0x13, 0x19, 0x29, 0x13, 0x19, 0x29, 0x13, 0x19, 0x29, 0x13, 0x19, 0x29, 0x13, 0x19, 0x29, 0x13, 0x19, 0x29, 
        0x13, 0x19, 0x29, 0x13, 0x19, 0x29, 0x13, 0x19, 0x29, 0x13, 0x19, 0x29, 0x13, 0x19, 0x29, 0x13, 0x19, 0x29, 0x13, 0x19, 0x29, 0x1A, 0x20, 0x2F, 0xFE, 0xFE, 0xFE, 0x1A, 0x20, 0x2F, 0x13, 0x19, 0x29, 0x13, 0x19, 0x29, 0x13, 0x19, 0x29, 
        0x13, 0x19, 0x29, 0x13, 0x19, 0x29, 0x13, 0x19, 0x29, 0x13, 0x19, 0x29, 0x13, 0x19, 0x29, 0x13, 0x19, 0x29, 0x13, 0x19, 0x29, 0x13, 0x19, 0x29, 0x13, 0x19, 0x29, 0x13, 0x19, 0x29, 0x13, 0x19, 0x29, 0x13, 0x19, 0x29, 0x13, 0x19, 0x29, 
        0x13, 0x19, 0x29, 0x13, 0x19, 0x29, 0x13, 0x19, 0x29, 0xBA, 0xBC, 0xC0, 0xFF, 0xFF, 0xFF, 0x92, 0x95, 0x9C, 0x13, 0x19, 0x29, 0x13, 0x19, 0x29, 0x13, 0x19, 0x29, 0x13, 0x19, 0x29, 0x13, 0x19, 0x29, 0x13, 0x19, 0x29, 0x13, 0x19, 0x29, 
        0x13, 0x19, 0x29, 0x13, 0x19, 0x29, 0x13, 0x19, 0x29, 0x13, 0x19, 0x29, 0x13, 0x19, 0x29, 0x13, 0x19, 0x29, 0x13, 0x19, 0x29, 0x13, 0x19, 0x29, 0x13, 0x19, 0x29,
  0x13, 0x19, 0x29, 0x13, 0x19, 0x29, 0x13, 0x19, 0x29, 0x13, 0x19, 0x29, 0x13, 0x19, 0x29, 0x13, 0x19, 0x29, 0x13, 0x19, 0x29, 0x13, 0x19, 0x29, 0x13, 0x19, 0x29, 0x13, 0x19, 0x29, 0x13, 0x19, 0x29, 0x13, 0x19, 0x29, 0x13, 0x19, 0x29, 0x13, 0x19, 0x29, 
        0x13, 0x19, 0x29, 0x13, 0x19, 0x29, 0xDF, 0xE0, 0xE2, 0xFF, 0xFF, 0xFF, 0x69, 0x6D, 0x77, 0x13, 0x19, 0x29, 0x13, 0x19, 0x29, 0x13, 0x19, 0x29, 0x13, 0x19, 0x29, 0x13, 0x19, 0x29, 0x13, 0x19, 0x29, 0x13, 0x19, 0x29, 0x13, 0x19, 0x29, 
        0x13, 0x19, 0x29, 0x13, 0x19, 0x29, 0x13, 0x19, 0x29, 0x13, 0x19, 0x29, 0x13, 0x19, 0x29, 0x13, 0x19, 0x29, 0x1A, 0x20, 0x2F, 0xFE, 0xFE, 0xFE, 0x1A, 0x20, 0x2F, 0x13, 0x19, 0x29, 0x13, 0x19, 0x29, 0x13, 0x19, 0x29, 0x13, 0x19, 0x29, 
        0x13, 0x19, 0x29, 0x13, 0x19, 0x29, 0x13, 0x19, 0x29, 0x13, 0x19, 0x29, 0x13, 0x19, 0x29, 0x13, 0x19, 0x29, 0x13, 0x19, 0x29, 0x13, 0x19, 0x29, 0x13, 0x19, 0x29, 0x13, 0x19, 0x29, 0x13, 0x19, 0x29, 0x13, 0x19, 0x29, 0x13, 0x19, 0x29, 
        0x13, 0x19, 0x29, 0x13, 0x19, 0x29, 0x13, 0x19, 0x29, 0x13, 0x19, 0x29, 0x13, 0x19, 0x29, 0x13, 0x19, 0x29, 0x13, 0x19, 0x29, 0x13, 0x19, 0x29, 0x13, 0x19, 0x29, 0x13, 0x19, 0x29, 0x13, 0x19, 0x29, 0x13, 0x19, 0x29, 0x13, 0x19, 0x29, 
        0x13, 0x19, 0x29, 0x13, 0x19, 0x29, 0x13, 0x19, 0x29, 0x13, 0x19, 0x29, 0x13, 0x19, 0x29, 0x13, 0x19, 0x29, 0x13, 0x19, 0x29, 0x1A, 0x20, 0x2F, 0xFE, 0xFE, 0xFE, 0x1A, 0x20, 0x2F, 0x13, 0x19, 0x29, 0x13, 0x19, 0x29, 0x13, 0x19, 0x29, 
        0x13, 0x19, 0x29, 0x13, 0x19, 0x29, 0x13, 0x19, 0x29, 0x13, 0x19, 0x29, 0x13, 0x19, 0x29, 0x13, 0x19, 0x29, 0x13, 0x19, 0x29, 0x13, 0x19, 0x29, 0x13, 0x19, 0x29, 0x13, 0x19, 0x29, 0x13, 0x19, 0x29, 0x13, 0x19, 0x29, 0x13, 0x19, 0x29, 
        0x13, 0x19, 0x29, 0x13, 0x19, 0x29, 0x13, 0x19, 0x29, 0x6A, 0x6E, 0x78, 0xFF, 0xFF, 0xFF, 0xDE, 0xDF, 0xE1, 0x13, 0x19, 0x29, 0x13, 0x19, 0x29, 0x13, 0x19, 0x29, 0x13, 0x19, 0x29, 0x13, 0x19, 0x29, 0x13, 0x19, 0x29, 0x13, 0x19, 0x29, 
        0x13, 0x19, 0x29, 0x13, 0x19, 0x29, 0x13, 0x19, 0x29, 0x13, 0x19, 0x29, 0x13, 0x19, 0x29, 0x13, 0x19, 0x29, 0x13, 0x19, 0x29, 0x13, 0x19, 0x29, 0x13, 0x19, 0x29,
  0x13, 0x19, 0x29, 0x13, 0x19, 0x29, 0x13, 0x19, 0x29, 0x13, 0x19, 0x29, 0x13, 0x19, 0x29, 0x13, 0x19, 0x29, 0x13, 0x19, 0x29, 0x13, 0x19, 0x29, 0x13, 0x19, 0x29, 0x13, 0x19, 0x29, 0x13, 0x19, 0x29, 0x13, 0x19, 0x29, 0x13, 0x19, 0x29, 0x13, 0x19, 0x29, 
        0x13, 0x19, 0x29, 0x36, 0x3B, 0x49, 0xFF, 0xFF, 0xFF, 0xFD, 0xFD, 0xFD, 0x23, 0x29, 0x38, 0x13, 0x19, 0x29, 0x13, 0x19, 0x29, 0x13, 0x19, 0x29, 0x13, 0x19, 0x29, 0x13, 0x19, 0x29, 0x13, 0x19, 0x29, 0x13, 0x19, 0x29, 0x13, 0x19, 0x29, 
        0x13, 0x19, 0x29, 0x13, 0x19, 0x29, 0x13, 0x19, 0x29, 0x13, 0x19, 0x29, 0x13, 0x19, 0x29, 0x13, 0x19, 0x29, 0x1A, 0x20, 0x2F, 0xFE, 0xFE, 0xFE, 0x1A, 0x20, 0x2F, 0x13, 0x19, 0x29, 0x13, 0x19, 0x29, 0x13, 0x19, 0x29, 0x13, 0x19, 0x29, 
        0x13, 0x19, 0x29, 0x13, 0x19, 0x29, 0x13, 0x19, 0x29, 0x13, 0x19, 0x29, 0x13, 0x19, 0x29, 0x13, 0x19, 0x29, 0x13, 0x19, 0x29, 0x13, 0x19, 0x29, 0x13, 0x19, 0x29, 0x13, 0x19, 0x29, 0x13, 0x19, 0x29, 0x13, 0x19, 0x29, 0x13, 0x19, 0x29, 
        0x13, 0x19, 0x29, 0x13, 0x19, 0x29, 0x13, 0x19, 0x29, 0x13, 0x19, 0x29, 0x13, 0x19, 0x29, 0x13, 0x19, 0x29, 0x13, 0x19, 0x29, 0x13, 0x19, 0x29, 0x13, 0x19, 0x29, 0x13, 0x19, 0x29, 0x13, 0x19, 0x29, 0x13, 0x19, 0x29, 0x13, 0x19, 0x29, 
        0x13, 0x19, 0x29, 0x13, 0x19, 0x29, 0x13, 0x19, 0x29, 0x13, 0x19, 0x29, 0x13, 0x19, 0x29, 0x13, 0x19, 0x29, 0x13, 0x19, 0x29, 0x1A, 0x20, 0x2F, 0xFE, 0xFE, 0xFE, 0x1A, 0x20, 0x2F, 0x13, 0x19, 0x29, 0x13, 0x19, 0x29, 0x13, 0x19, 0x29, 
        0x13, 0x19, 0x29, 0x13, 0x19, 0x29, 0x13, 0x19, 0x29, 0x13, 0x19, 0x29, 0x13, 0x19, 0x29, 0x13, 0x19, 0x29, 0x13, 0x19, 0x29, 0x13, 0x19, 0x29, 0x13, 0x19, 0x29, 0x13, 0x19, 0x29, 0x13, 0x19, 0x29, 0x13, 0x19, 0x29, 0x13, 0x19, 0x29, 
        0x13, 0x19, 0x29, 0x13, 0x19, 0x29, 0x13, 0x19, 0x29, 0x23, 0x29, 0x38, 0xFD, 0xFD, 0xFD, 0xFF, 0xFF, 0xFF, 0x35, 0x3A, 0x48, 0x13, 0x19, 0x29, 0x13, 0x19, 0x29, 0x13, 0x19, 0x29, 0x13, 0x19, 0x29, 0x13, 0x19, 0x29, 0x13, 0x19, 0x29, 
        0x13, 0x19, 0x29, 0x13, 0x19, 0x29, 0x13, 0x19, 0x29, 0x13, 0x19, 0x29, 0x13, 0x19, 0x29, 0x13, 0x19, 0x29, 0x13, 0x19, 0x29, 0x13, 0x19, 0x29, 0x13, 0x19, 0x29,
  0x13, 0x19, 0x29, 0x13, 0x19, 0x29, 0x13, 0x19, 0x29, 0x13, 0x19, 0x29, 0x13, 0x19, 0x29, 0x13, 0x19, 0x29, 0x13, 0x19, 0x29, 0x13, 0x19, 0x29, 0x13, 0x19, 0x29, 0x13, 0x19, 0x29, 0x13, 0x19, 0x29, 0x13, 0x19, 0x29, 0x13, 0x19, 0x29, 0x13, 0x19, 0x29, 
        0x13, 0x19, 0x29, 0x76, 0x79, 0x83, 0xFF, 0xFF, 0xFF, 0xCB, 0xCC, 0xCF, 0x13, 0x19, 0x29, 0x13, 0x19, 0x29, 0x13, 0x19, 0x29, 0x13, 0x19, 0x29, 0x13, 0x19, 0x29, 0x13, 0x19, 0x29, 0x13, 0x19, 0x29, 0x13, 0x19, 0x29, 0x13, 0x19, 0x29, 
        0x13, 0x19, 0x29, 0x13, 0x19, 0x29, 0x13, 0x19, 0x29, 0x13, 0x19, 0x29, 0x13, 0x19, 0x29, 0x13, 0x19, 0x29, 0x1A, 0x20, 0x2F, 0xFE, 0xFE, 0xFE, 0x93, 0x96, 0x9D, 0x8F, 0x92, 0x9A, 0x8F, 0x92, 0x9A, 0x8F, 0x92, 0x9A, 0x8F, 0x92, 0x9A, 
        0x8F, 0x92, 0x9A, 0x8F, 0x92, 0x9A, 0x8F, 0x92, 0x9A, 0x8F, 0x92, 0x9A, 0x8F, 0x92, 0x9A, 0x8F, 0x92, 0x9A, 0x8F, 0x92, 0x9A, 0x8F, 0x92, 0x9A, 0x8F, 0x92, 0x9A, 0x8F, 0x92, 0x9A, 0x8F, 0x92, 0x9A, 0x8F, 0x92, 0x9A, 0x8F, 0x92, 0x9A, 
        0x8F, 0x92, 0x9A, 0x8F, 0x92, 0x9A, 0x8F, 0x92, 0x9A, 0x8F, 0x92, 0x9A, 0x8F, 0x92, 0x9A, 0x8F, 0x92, 0x9A, 0x8F, 0x92, 0x9A, 0x8F, 0x92, 0x9A, 0x8F, 0x92, 0x9A, 0x8F, 0x92, 0x9A, 0x8F, 0x92, 0x9A, 0x8F, 0x92, 0x9A, 0x8F, 0x92, 0x9A, 
        0x8F, 0x92, 0x9A, 0x8F, 0x92, 0x9A, 0x8F, 0x92, 0x9A, 0x8F, 0x92, 0x9A, 0x8F, 0x92, 0x9A, 0x8F, 0x92, 0x9A, 0x8F, 0x92, 0x9A, 0x93, 0x96, 0x9D, 0xFE, 0xFE, 0xFE, 0x1A, 0x20, 0x2F, 0x13, 0x19, 0x29, 0x13, 0x19, 0x29, 0x13, 0x19, 0x29, 
        0x13, 0x19, 0x29, 0x13, 0x19, 0x29, 0x13, 0x19, 0x29, 0x13, 0x19, 0x29, 0x13, 0x19, 0x29, 0x13, 0x19, 0x29, 0x13, 0x19, 0x29, 0x13, 0x19, 0x29, 0x13, 0x19, 0x29, 0x13, 0x19, 0x29, 0x13, 0x19, 0x29, 0x13, 0x19, 0x29, 0x13, 0x19, 0x29, 
        0x13, 0x19, 0x29, 0x13, 0x19, 0x29, 0x13, 0x19, 0x29, 0x13, 0x19, 0x29, 0xCB, 0xCD, 0xD0, 0xFF, 0xFF, 0xFF, 0x76, 0x79, 0x83, 0x13, 0x19, 0x29, 0x13, 0x19, 0x29, 0x13, 0x19, 0x29, 0x13, 0x19, 0x29, 0x13, 0x19, 0x29, 0x13, 0x19, 0x29, 
        0x13, 0x19, 0x29, 0x13, 0x19, 0x29, 0x13, 0x19, 0x29, 0x13, 0x19, 0x29, 0x13, 0x19, 0x29, 0x13, 0x19, 0x29, 0x13, 0x19, 0x29, 0x13, 0x19, 0x29, 0x13, 0x19, 0x29,
  0x13, 0x19, 0x29, 0x13, 0x19, 0x29, 0x13, 0x19, 0x29, 0x13, 0x19, 0x29, 0x13, 0x19, 0x29, 0x13, 0x19, 0x29, 0x13, 0x19, 0x29, 0x13, 0x19, 0x29, 0x13, 0x19, 0x29, 0x13, 0x19, 0x29, 0x13, 0x19, 0x29, 0x13, 0x19, 0x29, 0x13, 0x19, 0x29, 0x13, 0x19, 0x29, 
        0x13, 0x19, 0x29, 0xAE, 0xB0, 0xB5, 0xFF, 0xFF, 0xFF, 0x90, 0x93, 0x9A, 0x13, 0x19, 0x29, 0x13, 0x19, 0x29, 0x13, 0x19, 0x29, 0x13, 0x19, 0x29, 0x13, 0x19, 0x29, 0x13, 0x19, 0x29, 0x13, 0x19, 0x29, 0x13, 0x19, 0x29, 0x13, 0x19, 0x29, 
        0x13, 0x19, 0x29, 0x13, 0x19, 0x29, 0x13, 0x19, 0x29, 0x13, 0x19, 0x29, 0x13, 0x19, 0x29, 0x13, 0x19, 0x29, 0x1A, 0x20, 0x2F, 0xFE, 0xFE, 0xFE, 0x93, 0x96, 0x9D, 0x8F, 0x92, 0x9A, 0x8F, 0x92, 0x9A, 0x8F, 0x92, 0x9A, 0x8F, 0x92, 0x9A, 
        0x8F, 0x92, 0x9A, 0x8F, 0x92, 0x9A, 0x8F, 0x92, 0x9A, 0x8F, 0x92, 0x9A, 0x8F, 0x92, 0x9A, 0x8F, 0x92, 0x9A, 0x8F, 0x92, 0x9A, 0x8F, 0x92, 0x9A, 0x8F, 0x92, 0x9A, 0x8F, 0x92, 0x9A, 0x8F, 0x92, 0x9A, 0x8F, 0x92, 0x9A, 0x8F, 0x92, 0x9A, 
        0x8F, 0x92, 0x9A, 0x8F, 0x92, 0x9A, 0x8F, 0x92, 0x9A, 0x8F, 0x92, 0x9A, 0x8F, 0x92, 0x9A, 0x8F, 0x92, 0x9A, 0x8F, 0x92, 0x9A, 0x8F, 0x92, 0x9A, 0x8F, 0x92, 0x9A, 0x8F, 0x92, 0x9A, 0x8F, 0x92, 0x9A, 0x8F, 0x92, 0x9A, 0x8F, 0x92, 0x9A, 
        0x8F, 0x92, 0x9A, 0x8F, 0x92, 0x9A, 0x8F, 0x92, 0x9A, 0x8F, 0x92, 0x9A, 0x8F, 0x92, 0x9A, 0x8F, 0x92, 0x9A, 0x8F, 0x92, 0x9A, 0x93, 0x96, 0x9D, 0xFE, 0xFE, 0xFE, 0x1A, 0x20, 0x2F, 0x13, 0x19, 0x29, 0x13, 0x19, 0x29, 0x13, 0x19, 0x29, 
        0x13, 0x19, 0x29, 0x13, 0x19, 0x29, 0x13, 0x19, 0x29, 0x13, 0x19, 0x29, 0x13, 0x19, 0x29, 0x13, 0x19, 0x29, 0x13, 0x19, 0x29, 0x13, 0x19, 0x29, 0x13, 0x19, 0x29, 0x13, 0x19, 0x29, 0x13, 0x19, 0x29, 0x13, 0x19, 0x29, 0x13, 0x19, 0x29, 
        0x13, 0x19, 0x29, 0x13, 0x19, 0x29, 0x13, 0x19, 0x29, 0x13, 0x19, 0x29, 0x90, 0x93, 0x9A, 0xFF, 0xFF, 0xFF, 0xAD, 0xAF, 0xB5, 0x13, 0x19, 0x29, 0x13, 0x19, 0x29, 0x13, 0x19, 0x29, 0x13, 0x19, 0x29, 0x13, 0x19, 0x29, 0x13, 0x19, 0x29, 
        0x13, 0x19, 0x29, 0x13, 0x19, 0x29, 0x13, 0x19, 0x29, 0x13, 0x19, 0x29, 0x13, 0x19, 0x29, 0x13, 0x19, 0x29, 0x13, 0x19, 0x29, 0x13, 0x19, 0x29, 0x13, 0x19, 0x29,
  0x13, 0x19, 0x29, 0x13, 0x19, 0x29, 0x13, 0x19, 0x29, 0x13, 0x19, 0x29, 0x13, 0x19, 0x29, 0x13, 0x19, 0x29, 0x13, 0x19, 0x29, 0x13, 0x19, 0x29, 0x13, 0x19, 0x29, 0x13, 0x19, 0x29, 0x13, 0x19, 0x29, 0x13, 0x19, 0x29, 0x13, 0x19, 0x29, 0x13, 0x19, 0x29, 
        0x13, 0x19, 0x29, 0xE2, 0xE3, 0xE5, 0xFF, 0xFF, 0xFF, 0x59, 0x5D, 0x69, 0x13, 0x19, 0x29, 0x13, 0x19, 0x29, 0x13, 0x19, 0x29, 0x13, 0x19, 0x29, 0x13, 0x19, 0x29, 0x13, 0x19, 0x29, 0x13, 0x19, 0x29, 0x13, 0x19, 0x29, 0x13, 0x19, 0x29, 
        0x13, 0x19, 0x29, 0x13, 0x19, 0x29, 0x13, 0x19, 0x29, 0x13, 0x19, 0x29, 0x13, 0x19, 0x29, 0x13, 0x19, 0x29, 0x1A, 0x20, 0x2F, 0xFE, 0xFE, 0xFE, 0x1A, 0x20, 0x2F, 0x13, 0x19, 0x29, 0x13, 0x19, 0x29, 0x13, 0x19, 0x29, 0x13, 0x19, 0x29, 
        0x13, 0x19, 0x29, 0x13, 0x19, 0x29, 0x13, 0x19, 0x29, 0x13, 0x19, 0x29, 0x13, 0x19, 0x29, 0x13, 0x19, 0x29, 0x13, 0x19, 0x29, 0x13, 0x19, 0x29, 0x13, 0x19, 0x29, 0x13, 0x19, 0x29, 0x13, 0x19, 0x29, 0x13, 0x19, 0x29, 0x13, 0x19, 0x29, 
        0x13, 0x19, 0x29, 0x13, 0x19, 0x29, 0x13, 0x19, 0x29, 0x13, 0x19, 0x29, 0x13, 0x19, 0x29, 0x13, 0x19, 0x29, 0x13, 0x19, 0x29, 0x13, 0x19, 0x29, 0x13, 0x19, 0x29, 0x13, 0x19, 0x29, 0x13, 0x19, 0x29, 0x13, 0x19, 0x29, 0x13, 0x19, 0x29, 
        0x13, 0x19, 0x29, 0x13, 0x19, 0x29, 0x13, 0x19, 0x29, 0x13, 0x19, 0x29, 0x13, 0x19, 0x29, 0x13, 0x19, 0x29, 0x13, 0x19, 0x29, 0x1A, 0x20, 0x2F, 0xFE, 0xFE, 0xFE, 0x1A, 0x20, 0x2F, 0x13, 0x19, 0x29, 0x13, 0x19, 0x29, 0x13, 0x19, 0x29, 
        0x13, 0x19, 0x29, 0x13, 0x19, 0x29, 0x13, 0x19, 0x29, 0x13, 0x19, 0x29, 0x13, 0x19, 0x29, 0x13, 0x19, 0x29, 0x13, 0x19, 0x29, 0x13, 0x19, 0x29, 0x13, 0x19, 0x29, 0x13, 0x19, 0x29, 0x13, 0x19, 0x29, 0x13, 0x19, 0x29, 0x13, 0x19, 0x29, 
        0x13, 0x19, 0x29, 0x13, 0x19, 0x29, 0x13, 0x19, 0x29, 0x13, 0x19, 0x29, 0x59, 0x5D, 0x69, 0xFF, 0xFF, 0xFF, 0xE2, 0xE3, 0xE5, 0x13, 0x19, 0x29, 0x13, 0x19, 0x29, 0x13, 0x19, 0x29, 0x13, 0x19, 0x29, 0x13, 0x19, 0x29, 0x13, 0x19, 0x29, 
        0x13, 0x19, 0x29, 0x13, 0x19, 0x29, 0x13, 0x19, 0x29, 0x13, 0x19, 0x29, 0x13, 0x19, 0x29, 0x13, 0x19, 0x29, 0x13, 0x19, 0x29, 0x13, 0x19, 0x29, 0x13, 0x19, 0x29,
  0x13, 0x19, 0x29, 0x13, 0x19, 0x29, 0x13, 0x19, 0x29, 0x13, 0x19, 0x29, 0x13, 0x19, 0x29, 0x13, 0x19, 0x29, 0x13, 0x19, 0x29, 0x13, 0x19, 0x29, 0x13, 0x19, 0x29, 0x13, 0x19, 0x29, 0x13, 0x19, 0x29, 0x13, 0x19, 0x29, 0x13, 0x19, 0x29, 0x13, 0x19, 0x29, 
        0x21, 0x27, 0x36, 0xFF, 0xFF, 0xFF, 0xFF, 0xFF, 0xFF, 0x2B, 0x30, 0x3F, 0x13, 0x19, 0x29, 0x13, 0x19, 0x29, 0x13, 0x19, 0x29, 0x13, 0x19, 0x29, 0x13, 0x19, 0x29, 0x13, 0x19, 0x29, 0x13, 0x19, 0x29, 0x13, 0x19, 0x29, 0x13, 0x19, 0x29, 
        0x13, 0x19, 0x29, 0x13, 0x19, 0x29, 0x13, 0x19, 0x29, 0x13, 0x19, 0x29, 0x13, 0x19, 0x29, 0x13, 0x19, 0x29, 0x1A, 0x20, 0x2F, 0xFE, 0xFE, 0xFE, 0x1A, 0x20, 0x2F, 0x13, 0x19, 0x29, 0x13, 0x19, 0x29, 0x13, 0x19, 0x29, 0x13, 0x19, 0x29, 
        0x13, 0x19, 0x29, 0x13, 0x19, 0x29, 0x13, 0x19, 0x29, 0x13, 0x19, 0x29, 0x13, 0x19, 0x29, 0x13, 0x19, 0x29, 0x13, 0x19, 0x29, 0x13, 0x19, 0x29, 0x13, 0x19, 0x29, 0x13, 0x19, 0x29, 0x13, 0x19, 0x29, 0x13, 0x19, 0x29, 0x13, 0x19, 0x29, 
        0x13, 0x19, 0x29, 0x13, 0x19, 0x29, 0x13, 0x19, 0x29, 0x13, 0x19, 0x29, 0x13, 0x19, 0x29, 0x13, 0x19, 0x29, 0x13, 0x19, 0x29, 0x13, 0x19, 0x29, 0x13, 0x19, 0x29, 0x13, 0x19, 0x29, 0x13, 0x19, 0x29, 0x13, 0x19, 0x29, 0x13, 0x19, 0x29, 
        0x13, 0x19, 0x29, 0x13, 0x19, 0x29, 0x13, 0x19, 0x29, 0x13, 0x19, 0x29, 0x13, 0x19, 0x29, 0x13, 0x19, 0x29, 0x13, 0x19, 0x29, 0x1A, 0x20, 0x2F, 0xFE, 0xFE, 0xFE, 0x1A, 0x20, 0x2F, 0x13, 0x19, 0x29, 0x13, 0x19, 0x29, 0x13, 0x19, 0x29, 
        0x13, 0x19, 0x29, 0x13, 0x19, 0x29, 0x13, 0x19, 0x29, 0x13, 0x19, 0x29, 0x13, 0x19, 0x29, 0x13, 0x19, 0x29, 0x13, 0x19, 0x29, 0x13, 0x19, 0x29, 0x13, 0x19, 0x29, 0x13, 0x19, 0x29, 0x13, 0x19, 0x29, 0x13, 0x19, 0x29, 0x13, 0x19, 0x29, 
        0x13, 0x19, 0x29, 0x13, 0x19, 0x29, 0x13, 0x19, 0x29, 0x13, 0x19, 0x29, 0x2B, 0x30, 0x3F, 0xFF, 0xFF, 0xFF, 0xFF, 0xFF, 0xFF, 0x21, 0x26, 0x35, 0x13, 0x19, 0x29, 0x13, 0x19, 0x29, 0x13, 0x19, 0x29, 0x13, 0x19, 0x29, 0x13, 0x19, 0x29, 
        0x13, 0x19, 0x29, 0x13, 0x19, 0x29, 0x13, 0x19, 0x29, 0x13, 0x19, 0x29, 0x13, 0x19, 0x29, 0x13, 0x19, 0x29, 0x13, 0x19, 0x29, 0x13, 0x19, 0x29, 0x13, 0x19, 0x29,
  0x13, 0x19, 0x29, 0x13, 0x19, 0x29, 0x13, 0x19, 0x29, 0x13, 0x19, 0x29, 0x13, 0x19, 0x29, 0x13, 0x19, 0x29, 0x13, 0x19, 0x29, 0x13, 0x19, 0x29, 0x13, 0x19, 0x29, 0x13, 0x19, 0x29, 0x13, 0x19, 0x29, 0x13, 0x19, 0x29, 0x13, 0x19, 0x29, 0x13, 0x19, 0x29, 
        0x49, 0x4E, 0x5A, 0xFF, 0xFF, 0xFF, 0xED, 0xED, 0xEF, 0x13, 0x19, 0x29, 0x13, 0x19, 0x29, 0x13, 0x19, 0x29, 0x13, 0x19, 0x29, 0x13, 0x19, 0x29, 0x13, 0x19, 0x29, 0x13, 0x19, 0x29, 0x13, 0x19, 0x29, 0x13, 0x19, 0x29, 0x13, 0x19, 0x29, 
        0x13, 0x19, 0x29, 0x13, 0x19, 0x29, 0x13, 0x19, 0x29, 0x13, 0x19, 0x29, 0x13, 0x19, 0x29, 0x13, 0x19, 0x29, 0x1A, 0x20, 0x2F, 0xFE, 0xFE, 0xFE, 0x1A, 0x20, 0x2F, 0x13, 0x19, 0x29, 0x13, 0x19, 0x29, 0x13, 0x19, 0x29, 0x13, 0x19, 0x29, 
        0x13, 0x19, 0x29, 0x13, 0x19, 0x29, 0x13, 0x19, 0x29, 0x13, 0x19, 0x29, 0x13, 0x19, 0x29, 0x13, 0x19, 0x29, 0x13, 0x19, 0x29, 0x13, 0x19, 0x29, 0x13, 0x19, 0x29, 0x13, 0x19, 0x29, 0x13, 0x19, 0x29, 0x13, 0x19, 0x29, 0x13, 0x19, 0x29, 
        0x13, 0x19, 0x29, 0x13, 0x19, 0x29, 0x13, 0x19, 0x29, 0x13, 0x19, 0x29, 0x13, 0x19, 0x29, 0x13, 0x19, 0x29, 0x13, 0x19, 0x29, 0x13, 0x19, 0x29, 0x13, 0x19, 0x29, 0x13, 0x19, 0x29, 0x13, 0x19, 0x29, 0x13, 0x19, 0x29, 0x13, 0x19, 0x29, 
        0x13, 0x19, 0x29, 0x13, 0x19, 0x29, 0x13, 0x19, 0x29, 0x13, 0x19, 0x29, 0x13, 0x19, 0x29, 0x13, 0x19, 0x29, 0x13, 0x19, 0x29, 0x1A, 0x20, 0x2F, 0xFE, 0xFE, 0xFE, 0x1A, 0x20, 0x2F, 0x13, 0x19, 0x29, 0x13, 0x19, 0x29, 0x13, 0x19, 0x29, 
        0x13, 0x19, 0x29, 0x13, 0x19, 0x29, 0x13, 0x19, 0x29, 0x13, 0x19, 0x29, 0x13, 0x19, 0x29, 0x13, 0x19, 0x29, 0x13, 0x19, 0x29, 0x13, 0x19, 0x29, 0x13, 0x19, 0x29, 0x13, 0x19, 0x29, 0x13, 0x19, 0x29, 0x13, 0x19, 0x29, 0x13, 0x19, 0x29, 
        0x13, 0x19, 0x29, 0x13, 0x19, 0x29, 0x13, 0x19, 0x29, 0x13, 0x19, 0x29, 0x13, 0x19, 0x29, 0xED, 0xED, 0xEF, 0xFF, 0xFF, 0xFF, 0x48, 0x4D, 0x5A, 0x13, 0x19, 0x29, 0x13, 0x19, 0x29, 0x13, 0x19, 0x29, 0x13, 0x19, 0x29, 0x13, 0x19, 0x29, 
        0x13, 0x19, 0x29, 0x13, 0x19, 0x29, 0x13, 0x19, 0x29, 0x13, 0x19, 0x29, 0x13, 0x19, 0x29, 0x13, 0x19, 0x29, 0x13, 0x19, 0x29, 0x13, 0x19, 0x29, 0x13, 0x19, 0x29,
  0x13, 0x19, 0x29, 0x13, 0x19, 0x29, 0x13, 0x19, 0x29, 0x13, 0x19, 0x29, 0x13, 0x19, 0x29, 0x13, 0x19, 0x29, 0x13, 0x19, 0x29, 0x13, 0x19, 0x29, 0x13, 0x19, 0x29, 0x13, 0x19, 0x29, 0x13, 0x19, 0x29, 0x13, 0x19, 0x29, 0x13, 0x19, 0x29, 0x13, 0x19, 0x29, 
        0x69, 0x6D, 0x77, 0xFF, 0xFF, 0xFF, 0xCB, 0xCC, 0xCF, 0x13, 0x19, 0x29, 0x13, 0x19, 0x29, 0x13, 0x19, 0x29, 0x13, 0x19, 0x29, 0x13, 0x19, 0x29, 0x13, 0x19, 0x29, 0x13, 0x19, 0x29, 0x13, 0x19, 0x29, 0x13, 0x19, 0x29, 0x13, 0x19, 0x29, 
        0x13, 0x19, 0x29, 0x13, 0x19, 0x29, 0x13, 0x19, 0x29, 0x13, 0x19, 0x29, 0x13, 0x19, 0x29, 0x13, 0x19, 0x29, 0x1A, 0x20, 0x2F, 0xFE, 0xFE, 0xFE, 0x1A, 0x20, 0x2F, 0x13, 0x19, 0x29, 0x13, 0x19, 0x29, 0x13, 0x19, 0x29, 0x13, 0x19, 0x29, 
        0x13, 0x19, 0x29, 0x13, 0x19, 0x29, 0x13, 0x19, 0x29, 0x13, 0x19, 0x29, 0x13, 0x19, 0x29, 0x13, 0x19, 0x29, 0x13, 0x19, 0x29, 0x13, 0x19, 0x29, 0x13, 0x19, 0x29, 0x13, 0x19, 0x29, 0x13, 0x19, 0x29, 0x13, 0x19, 0x29, 0x13, 0x19, 0x29, 
        0x13, 0x19, 0x29, 0x13, 0x19, 0x29, 0x13, 0x19, 0x29, 0x13, 0x19, 0x29, 0x13, 0x19, 0x29, 0x13, 0x19, 0x29, 0x13, 0x19, 0x29, 0x13, 0x19, 0x29, 0x13, 0x19, 0x29, 0x13, 0x19, 0x29, 0x13, 0x19, 0x29, 0x13, 0x19, 0x29, 0x13, 0x19, 0x29, 
        0x13, 0x19, 0x29, 0x13, 0x19, 0x29, 0x13, 0x19, 0x29, 0x13, 0x19, 0x29, 0x13, 0x19, 0x29, 0x13, 0x19, 0x29, 0x13, 0x19, 0x29, 0x1A, 0x20, 0x2F, 0xFE, 0xFE, 0xFE, 0x1A, 0x20, 0x2F, 0x13, 0x19, 0x29, 0x13, 0x19, 0x29, 0x13, 0x19, 0x29, 
        0x13, 0x19, 0x29, 0x13, 0x19, 0x29, 0x13, 0x19, 0x29, 0x13, 0x19, 0x29, 0x13, 0x19, 0x29, 0x13, 0x19, 0x29, 0x13, 0x19, 0x29, 0x13, 0x19, 0x29, 0x13, 0x19, 0x29, 0x13, 0x19, 0x29, 0x13, 0x19, 0x29, 0x13, 0x19, 0x29, 0x13, 0x19, 0x29, 
        0x13, 0x19, 0x29, 0x13, 0x19, 0x29, 0x13, 0x19, 0x29, 0x13, 0x19, 0x29, 0x13, 0x19, 0x29, 0xCB, 0xCD, 0xD0, 0xFF, 0xFF, 0xFF, 0x69, 0x6D, 0x77, 0x13, 0x19, 0x29, 0x13, 0x19, 0x29, 0x13, 0x19, 0x29, 0x13, 0x19, 0x29, 0x13, 0x19, 0x29, 
        0x13, 0x19, 0x29, 0x13, 0x19, 0x29, 0x13, 0x19, 0x29, 0x13, 0x19, 0x29, 0x13, 0x19, 0x29, 0x13, 0x19, 0x29, 0x13, 0x19, 0x29, 0x13, 0x19, 0x29, 0x13, 0x19, 0x29,
  0x13, 0x19, 0x29, 0x13, 0x19, 0x29, 0x13, 0x19, 0x29, 0x13, 0x19, 0x29, 0x13, 0x19, 0x29, 0x13, 0x19, 0x29, 0x13, 0x19, 0x29, 0x13, 0x19, 0x29, 0x13, 0x19, 0x29, 0x13, 0x19, 0x29, 0x13, 0x19, 0x29, 0x13, 0x19, 0x29, 0x13, 0x19, 0x29, 0x13, 0x19, 0x29, 
        0x86, 0x89, 0x91, 0xFF, 0xFF, 0xFF, 0xAD, 0xAF, 0xB5, 0x13, 0x19, 0x29, 0x13, 0x19, 0x29, 0x13, 0x19, 0x29, 0x13, 0x19, 0x29, 0x13, 0x19, 0x29, 0x13, 0x19, 0x29, 0x13, 0x19, 0x29, 0x13, 0x19, 0x29, 0x13, 0x19, 0x29, 0x13, 0x19, 0x29, 
        0x13, 0x19, 0x29, 0x13, 0x19, 0x29, 0x13, 0x19, 0x29, 0x13, 0x19, 0x29, 0x13, 0x19, 0x29, 0x13, 0x19, 0x29, 0x1A, 0x20, 0x2F, 0xFE, 0xFE, 0xFE, 0x1A, 0x20, 0x2F, 0x13, 0x19, 0x29, 0x13, 0x19, 0x29, 0x13, 0x19, 0x29, 0x13, 0x19, 0x29, 
        0x13, 0x19, 0x29, 0x13, 0x19, 0x29, 0x13, 0x19, 0x29, 0x13, 0x19, 0x29, 0x13, 0x19, 0x29, 0x13, 0x19, 0x29, 0x13, 0x19, 0x29, 0x13, 0x19, 0x29, 0x13, 0x19, 0x29, 0x13, 0x19, 0x29, 0x13, 0x19, 0x29, 0x13, 0x19, 0x29, 0x13, 0x19, 0x29, 
        0x13, 0x19, 0x29, 0x13, 0x19, 0x29, 0x13, 0x19, 0x29, 0x13, 0x19, 0x29, 0x13, 0x19, 0x29, 0x13, 0x19, 0x29, 0x13, 0x19, 0x29, 0x13, 0x19, 0x29, 0x13, 0x19, 0x29, 0x13, 0x19, 0x29, 0x13, 0x19, 0x29, 0x13, 0x19, 0x29, 0x13, 0x19, 0x29, 
        0x13, 0x19, 0x29, 0x13, 0x19, 0x29, 0x13, 0x19, 0x29, 0x13, 0x19, 0x29, 0x13, 0x19, 0x29, 0x13, 0x19, 0x29, 0x13, 0x19, 0x29, 0x1A, 0x20, 0x2F, 0xFE, 0xFE, 0xFE, 0x1A, 0x20, 0x2F, 0x13, 0x19, 0x29, 0x13, 0x19, 0x29, 0x13, 0x19, 0x29, 
        0x13, 0x19, 0x29, 0x13, 0x19, 0x29, 0x13, 0x19, 0x29, 0x13, 0x19, 0x29, 0x13, 0x19, 0x29, 0x13, 0x19, 0x29, 0x13, 0x19, 0x29, 0x13, 0x19, 0x29, 0x13, 0x19, 0x29, 0x13, 0x19, 0x29, 0x13, 0x19, 0x29, 0x13, 0x19, 0x29, 0x13, 0x19, 0x29, 
        0x13, 0x19, 0x29, 0x13, 0x19, 0x29, 0x13, 0x19, 0x29, 0x13, 0x19, 0x29, 0x13, 0x19, 0x29, 0xAD, 0xAF, 0xB5, 0xFF, 0xFF, 0xFF, 0x86, 0x89, 0x91, 0x13, 0x19, 0x29, 0x13, 0x19, 0x29, 0x13, 0x19, 0x29, 0x13, 0x19, 0x29, 0x13, 0x19, 0x29, 
        0x13, 0x19, 0x29, 0x13, 0x19, 0x29, 0x13, 0x19, 0x29, 0x13, 0x19, 0x29, 0x13, 0x19, 0x29, 0x13, 0x19, 0x29, 0x13, 0x19, 0x29, 0x13, 0x19, 0x29, 0x13, 0x19, 0x29,
  0x13, 0x19, 0x29, 0x13, 0x19, 0x29, 0x13, 0x19, 0x29, 0x13, 0x19, 0x29, 0x13, 0x19, 0x29, 0x13, 0x19, 0x29, 0x13, 0x19, 0x29, 0x13, 0x19, 0x29, 0x13, 0x19, 0x29, 0x13, 0x19, 0x29, 0x13, 0x19, 0x29, 0x13, 0x19, 0x29, 0x13, 0x19, 0x29, 0x13, 0x19, 0x29, 
        0x9A, 0x9D, 0xA4, 0xFF, 0xFF, 0xFF, 0x97, 0x99, 0xA0, 0x13, 0x19, 0x29, 0x13, 0x19, 0x29, 0x13, 0x19, 0x29, 0x13, 0x19, 0x29, 0x13, 0x19, 0x29, 0x13, 0x19, 0x29, 0x13, 0x19, 0x29, 0x13, 0x19, 0x29, 0x13, 0x19, 0x29, 0x13, 0x19, 0x29, 
        0x13, 0x19, 0x29, 0x13, 0x19, 0x29, 0x13, 0x19, 0x29, 0x13, 0x19, 0x29, 0x13, 0x19, 0x29, 0x13, 0x19, 0x29, 0x1A, 0x20, 0x2F, 0xFE, 0xFE, 0xFE, 0x1A, 0x20, 0x2F, 0x13, 0x19, 0x29, 0x13, 0x19, 0x29, 0x13, 0x19, 0x29, 0x13, 0x19, 0x29, 
        0x13, 0x19, 0x29, 0x13, 0x19, 0x29, 0x13, 0x19, 0x29, 0x13, 0x19, 0x29, 0x13, 0x19, 0x29, 0x13, 0x19, 0x29, 0x13, 0x19, 0x29, 0x13, 0x19, 0x29, 0x13, 0x19, 0x29, 0x13, 0x19, 0x29, 0x13, 0x19, 0x29, 0x13, 0x19, 0x29, 0x13, 0x19, 0x29, 
        0x13, 0x19, 0x29, 0x13, 0x19, 0x29, 0x13, 0x19, 0x29, 0x13, 0x19, 0x29, 0x13, 0x19, 0x29, 0x13, 0x19, 0x29, 0x13, 0x19, 0x29, 0x13, 0x19, 0x29, 0x13, 0x19, 0x29, 0x13, 0x19, 0x29, 0x13, 0x19, 0x29, 0x13, 0x19, 0x29, 0x13, 0x19, 0x29, 
        0x13, 0x19, 0x29, 0x13, 0x19, 0x29, 0x13, 0x19, 0x29, 0x13, 0x19, 0x29, 0x13, 0x19, 0x29, 0x13, 0x19, 0x29, 0x13, 0x19, 0x29, 0x16, 0x1C, 0x2C, 0xE6, 0xE6, 0xE8, 0x16, 0x1C, 0x2C, 0x13, 0x19, 0x29, 0x13, 0x19, 0x29, 0x13, 0x19, 0x29, 
        0x13, 0x19, 0x29, 0x13, 0x19, 0x29, 0x13, 0x19, 0x29, 0x13, 0x19, 0x29, 0x13, 0x19, 0x29, 0x13, 0x19, 0x29, 0x13, 0x19, 0x29, 0x13, 0x19, 0x29, 0x13, 0x19, 0x29, 0x13, 0x19, 0x29, 0x13, 0x19, 0x29, 0x13, 0x19, 0x29, 0x13, 0x19, 0x29, 
        0x13, 0x19, 0x29, 0x13, 0x19, 0x29, 0x13, 0x19, 0x29, 0x13, 0x19, 0x29, 0x13, 0x19, 0x29, 0x97, 0x99, 0xA0, 0xFF, 0xFF, 0xFF, 0x9A, 0x9D, 0xA4, 0x13, 0x19, 0x29, 0x13, 0x19, 0x29, 0x13, 0x19, 0x29, 0x13, 0x19, 0x29, 0x13, 0x19, 0x29, 
        0x13, 0x19, 0x29, 0x13, 0x19, 0x29, 0x13, 0x19, 0x29, 0x13, 0x19, 0x29, 0x13, 0x19, 0x29, 0x13, 0x19, 0x29, 0x13, 0x19, 0x29, 0x13, 0x19, 0x29, 0x13, 0x19, 0x29,
  0x13, 0x19, 0x29, 0x13, 0x19, 0x29, 0x13, 0x19, 0x29, 0x13, 0x19, 0x29, 0x13, 0x19, 0x29, 0x13, 0x19, 0x29, 0x13, 0x19, 0x29, 0x13, 0x19, 0x29, 0x13, 0x19, 0x29, 0x13, 0x19, 0x29, 0x13, 0x19, 0x29, 0x13, 0x19, 0x29, 0x13, 0x19, 0x29, 0x13, 0x19, 0x29, 
        0xAD, 0xAF, 0xB5, 0xFF, 0xFF, 0xFF, 0x85, 0x88, 0x90, 0x13, 0x19, 0x29, 0x13, 0x19, 0x29, 0x13, 0x19, 0x29, 0x13, 0x19, 0x29, 0x13, 0x19, 0x29, 0x13, 0x19, 0x29, 0x13, 0x19, 0x29, 0x13, 0x19, 0x29, 0x13, 0x19, 0x29, 0x13, 0x19, 0x29, 
        0x13, 0x19, 0x29, 0x13, 0x19, 0x29, 0x13, 0x19, 0x29, 0x13, 0x19, 0x29, 0x13, 0x19, 0x29, 0x13, 0x19, 0x29, 0x1A, 0x20, 0x2F, 0xFE, 0xFE, 0xFE, 0x1A, 0x20, 0x2F, 0x13, 0x19, 0x29, 0x13, 0x19, 0x29, 0x13, 0x19, 0x29, 0x16, 0x1C, 0x2C, 
        0x82, 0x85, 0x8D, 0x89, 0x8C, 0x94, 0x89, 0x8C, 0x94, 0x89, 0x8C, 0x94, 0x72, 0x75, 0x7F, 0x13, 0x19, 0x29, 0x13, 0x19, 0x29, 0x13, 0x19, 0x29, 0x13, 0x19, 0x29, 0x13, 0x19, 0x29, 0x13, 0x19, 0x29, 0x13, 0x19, 0x29, 0x7B, 0x7E, 0x87, 
        0x89, 0x8C, 0x94, 0x89, 0x8C, 0x94, 0x89, 0x8C, 0x94, 0x76, 0x7A, 0x83, 0x13, 0x19, 0x29, 0x13, 0x19, 0x29, 0x13, 0x19, 0x29, 0x13, 0x19, 0x29, 0x13, 0x19, 0x29, 0x13, 0x19, 0x29, 0x13, 0x19, 0x29, 0x13, 0x19, 0x29, 0x13, 0x19, 0x29, 
        0x13, 0x19, 0x29, 0x13, 0x19, 0x29, 0x13, 0x19, 0x29, 0x13, 0x19, 0x29, 0x13, 0x19, 0x29, 0x13, 0x19, 0x29, 0x13, 0x19, 0x29, 0x13, 0x19, 0x29, 0x13, 0x19, 0x29, 0x13, 0x19, 0x29, 0x13, 0x19, 0x29, 0x13, 0x19, 0x29, 0x13, 0x19, 0x29, 
        0x13, 0x19, 0x29, 0x13, 0x19, 0x29, 0x13, 0x19, 0x29, 0x13, 0x19, 0x29, 0x13, 0x19, 0x29, 0x13, 0x19, 0x29, 0x13, 0x19, 0x29, 0x13, 0x19, 0x29, 0x13, 0x19, 0x29, 0x13, 0x19, 0x29, 0x13, 0x19, 0x29, 0x13, 0x19, 0x29, 0x13, 0x19, 0x29, 
        0x13, 0x19, 0x29, 0x13, 0x19, 0x29, 0x13, 0x19, 0x29, 0x13, 0x19, 0x29, 0x13, 0x19, 0x29, 0x85, 0x88, 0x90, 0xFF, 0xFF, 0xFF, 0xAC, 0xAE, 0xB4, 0x13, 0x19, 0x29, 0x13, 0x19, 0x29, 0x13, 0x19, 0x29, 0x13, 0x19, 0x29, 0x13, 0x19, 0x29, 
        0x13, 0x19, 0x29, 0x13, 0x19, 0x29, 0x13, 0x19, 0x29, 0x13, 0x19, 0x29, 0x13, 0x19, 0x29, 0x13, 0x19, 0x29, 0x13, 0x19, 0x29, 0x13, 0x19, 0x29, 0x13, 0x19, 0x29,
  0x13, 0x19, 0x29, 0x13, 0x19, 0x29, 0x13, 0x19, 0x29, 0x13, 0x19, 0x29, 0x13, 0x19, 0x29, 0x13, 0x19, 0x29, 0x13, 0x19, 0x29, 0x13, 0x19, 0x29, 0x13, 0x19, 0x29, 0x13, 0x19, 0x29, 0x13, 0x19, 0x29, 0x13, 0x19, 0x29, 0x13, 0x19, 0x29, 0x13, 0x19, 0x29, 
        0xB6, 0xB8, 0xBD, 0xFF, 0xFF, 0xFF, 0x7A, 0x7D, 0x86, 0x13, 0x19, 0x29, 0x13, 0x19, 0x29, 0x13, 0x19, 0x29, 0x13, 0x19, 0x29, 0x13, 0x19, 0x29, 0x13, 0x19, 0x29, 0x13, 0x19, 0x29, 0x13, 0x19, 0x29, 0x13, 0x19, 0x29, 0x13, 0x19, 0x29, 
        0x13, 0x19, 0x29, 0x13, 0x19, 0x29, 0x13, 0x19, 0x29, 0x13, 0x19, 0x29, 0x13, 0x19, 0x29, 0x13, 0x19, 0x29, 0x1A, 0x20, 0x2F, 0xFE, 0xFE, 0xFE, 0x1A, 0x20, 0x2F, 0x13, 0x19, 0x29, 0x13, 0x19, 0x29, 0x13, 0x19, 0x29, 0x26, 0x2C, 0x3A, 
        0xFE, 0xFE, 0xFE, 0xFE, 0xFE, 0xFE, 0xFE, 0xFE, 0xFE, 0xFE, 0xFE, 0xFE, 0xEB, 0xEC, 0xED, 0x13, 0x19, 0x29, 0x13, 0x19, 0x29, 0x13, 0x19, 0x29, 0x13, 0x19, 0x29, 0x13, 0x19, 0x29, 0x13, 0x19, 0x29, 0x13, 0x19, 0x29, 0xFE, 0xFE, 0xFE, 
        0xFE, 0xFE, 0xFE, 0xFE, 0xFE, 0xFE, 0xEE, 0xEE, 0xEF, 0x59, 0x5D, 0x68, 0x13, 0x19, 0x29, 0x13, 0x19, 0x29, 0x13, 0x19, 0x29, 0x13, 0x19, 0x29, 0x13, 0x19, 0x29, 0x13, 0x19, 0x29, 0x13, 0x19, 0x29, 0x13, 0x19, 0x29, 0x13, 0x19, 0x29, 
        0x13, 0x19, 0x29, 0x13, 0x19, 0x29, 0x13, 0x19, 0x29, 0x13, 0x19, 0x29, 0x13, 0x19, 0x29, 0x13, 0x19, 0x29, 0x13, 0x19, 0x29, 0x13, 0x19, 0x29, 0x13, 0x19, 0x29, 0x13, 0x19, 0x29, 0x13, 0x19, 0x29, 0x13, 0x19, 0x29, 0x13, 0x19, 0x29, 
        0x13, 0x19, 0x29, 0x13, 0x19, 0x29, 0x13, 0x19, 0x29, 0x13, 0x19, 0x29, 0x13, 0x19, 0x29, 0x13, 0x19, 0x29, 0x13, 0x19, 0x29, 0x13, 0x19, 0x29, 0x13, 0x19, 0x29, 0x13, 0x19, 0x29, 0x13, 0x19, 0x29, 0x13, 0x19, 0x29, 0x13, 0x19, 0x29, 
        0x13, 0x19, 0x29, 0x13, 0x19, 0x29, 0x13, 0x19, 0x29, 0x13, 0x19, 0x29, 0x13, 0x19, 0x29, 0x7A, 0x7D, 0x86, 0xFF, 0xFF, 0xFF, 0xB6, 0xB8, 0xBD, 0x13, 0x19, 0x29, 0x13, 0x19, 0x29, 0x13, 0x19, 0x29, 0x13, 0x19, 0x29, 0x13, 0x19, 0x29, 
        0x13, 0x19, 0x29, 0x13, 0x19, 0x29, 0x13, 0x19, 0x29, 0x13, 0x19, 0x29, 0x13, 0x19, 0x29, 0x13, 0x19, 0x29, 0x13, 0x19, 0x29, 0x13, 0x19, 0x29, 0x13, 0x19, 0x29,
  0x13, 0x19, 0x29, 0x13, 0x19, 0x29, 0x13, 0x19, 0x29, 0x13, 0x19, 0x29, 0x13, 0x19, 0x29, 0x13, 0x19, 0x29, 0x13, 0x19, 0x29, 0x13, 0x19, 0x29, 0x13, 0x19, 0x29, 0x13, 0x19, 0x29, 0x13, 0x19, 0x29, 0x13, 0x19, 0x29, 0x13, 0x19, 0x29, 0x13, 0x19, 0x29, 
        0xBD, 0xBE, 0xC3, 0xFF, 0xFF, 0xFF, 0x74, 0x78, 0x81, 0x13, 0x19, 0x29, 0x13, 0x19, 0x29, 0x13, 0x19, 0x29, 0x13, 0x19, 0x29, 0x13, 0x19, 0x29, 0x13, 0x19, 0x29, 0x13, 0x19, 0x29, 0x13, 0x19, 0x29, 0x13, 0x19, 0x29, 0x13, 0x19, 0x29, 
        0x13, 0x19, 0x29, 0x13, 0x19, 0x29, 0x13, 0x19, 0x29, 0x13, 0x19, 0x29, 0x13, 0x19, 0x29, 0x13, 0x19, 0x29, 0x1A, 0x20, 0x2F, 0xFE, 0xFE, 0xFE, 0x1A, 0x20, 0x2F, 0x13, 0x19, 0x29, 0x13, 0x19, 0x29, 0x13, 0x19, 0x29, 0x26, 0x2C, 0x3A, 
        0xFE, 0xFE, 0xFE, 0xFE, 0xFE, 0xFE, 0xFE, 0xFE, 0xFE, 0xFE, 0xFE, 0xFE, 0xEB, 0xEC, 0xED, 0x13, 0x19, 0x29, 0x13, 0x19, 0x29, 0x13, 0x19, 0x29, 0x13, 0x19, 0x29, 0x13, 0x19, 0x29, 0x13, 0x19, 0x29, 0x13, 0x19, 0x29, 0xFE, 0xFE, 0xFE, 
        0xFE, 0xFE, 0xFE, 0xE3, 0xE3, 0xE5, 0x38, 0x3D, 0x4A, 0x13, 0x19, 0x29, 0x13, 0x19, 0x29, 0x13, 0x19, 0x29, 0x13, 0x19, 0x29, 0x13, 0x19, 0x29, 0x13, 0x19, 0x29, 0x13, 0x19, 0x29, 0x20, 0x26, 0x35, 0x54, 0x59, 0x64, 0x79, 0x7D, 0x86, 
        0x8A, 0x8D, 0x95, 0x8A, 0x8D, 0x95, 0x79, 0x7D, 0x86, 0x54, 0x59, 0x64, 0x20, 0x26, 0x35, 0x13, 0x19, 0x29, 0x13, 0x19, 0x29, 0x13, 0x19, 0x29, 0x13, 0x19, 0x29, 0x13, 0x19, 0x29, 0x13, 0x19, 0x29, 0x13, 0x19, 0x29, 0x13, 0x19, 0x29, 
        0x13, 0x19, 0x29, 0x13, 0x19, 0x29, 0x13, 0x19, 0x29, 0x13, 0x19, 0x29, 0x13, 0x19, 0x29, 0x13, 0x19, 0x29, 0x13, 0x19, 0x29, 0x13, 0x19, 0x29, 0x13, 0x19, 0x29, 0x13, 0x19, 0x29, 0x13, 0x19, 0x29, 0x13, 0x19, 0x29, 0x13, 0x19, 0x29, 
        0x13, 0x19, 0x29, 0x13, 0x19, 0x29, 0x13, 0x19, 0x29, 0x13, 0x19, 0x29, 0x13, 0x19, 0x29, 0x74, 0x78, 0x81, 0xFF, 0xFF, 0xFF, 0xBC, 0xBD, 0xC2, 0x13, 0x19, 0x29, 0x13, 0x19, 0x29, 0x13, 0x19, 0x29, 0x13, 0x19, 0x29, 0x13, 0x19, 0x29, 
        0x13, 0x19, 0x29, 0x13, 0x19, 0x29, 0x13, 0x19, 0x29, 0x13, 0x19, 0x29, 0x13, 0x19, 0x29, 0x13, 0x19, 0x29, 0x13, 0x19, 0x29, 0x13, 0x19, 0x29, 0x13, 0x19, 0x29,
  0x13, 0x19, 0x29, 0x13, 0x19, 0x29, 0x13, 0x19, 0x29, 0x13, 0x19, 0x29, 0x13, 0x19, 0x29, 0x13, 0x19, 0x29, 0x13, 0x19, 0x29, 0x13, 0x19, 0x29, 0x13, 0x19, 0x29, 0x13, 0x19, 0x29, 0x13, 0x19, 0x29, 0x13, 0x19, 0x29, 0x13, 0x19, 0x29, 0x13, 0x19, 0x29, 
        0xBD, 0xBE, 0xC3, 0xFF, 0xFF, 0xFF, 0x74, 0x78, 0x81, 0x13, 0x19, 0x29, 0x13, 0x19, 0x29, 0x13, 0x19, 0x29, 0x13, 0x19, 0x29, 0x13, 0x19, 0x29, 0x13, 0x19, 0x29, 0x13, 0x19, 0x29, 0x13, 0x19, 0x29, 0x13, 0x19, 0x29, 0x13, 0x19, 0x29, 
        0x13, 0x19, 0x29, 0x13, 0x19, 0x29, 0x13, 0x19, 0x29, 0x13, 0x19, 0x29, 0x13, 0x19, 0x29, 0x13, 0x19, 0x29, 0x1A, 0x20, 0x2F, 0xFE, 0xFE, 0xFE, 0x1A, 0x20, 0x2F, 0x13, 0x19, 0x29, 0x13, 0x19, 0x29, 0x13, 0x19, 0x29, 0x26, 0x2C, 0x3A, 
        0xFE, 0xFE, 0xFE, 0xFE, 0xFE, 0xFE, 0xFE, 0xFE, 0xFE, 0xFE, 0xFE, 0xFE, 0xEB, 0xEC, 0xED, 0x13, 0x19, 0x29, 0x13, 0x19, 0x29, 0x13, 0x19, 0x29, 0x13, 0x19, 0x29, 0x13, 0x19, 0x29, 0x13, 0x19, 0x29, 0x13, 0x19, 0x29, 0xFE, 0xFE, 0xFE, 
        0xE6, 0xE7, 0xE9, 0x31, 0x36, 0x44, 0x13, 0x19, 0x29, 0x13, 0x19, 0x29, 0x13, 0x19, 0x29, 0x13, 0x19, 0x29, 0x13, 0x19, 0x29, 0x13, 0x19, 0x29, 0x59, 0x5D, 0x68, 0xBC, 0xBE, 0xC2, 0xF9, 0xF9, 0xF9, 0xD1, 0xD2, 0xD5, 0xA9, 0xAC, 0xB1, 
        0x95, 0x98, 0x9F, 0x95, 0x98, 0x9F, 0xA9, 0xAC, 0xB1, 0xD1, 0xD2, 0xD5, 0xF9, 0xF9, 0xF9, 0xBC, 0xBE, 0xC2, 0x59, 0x5D, 0x68, 0x13, 0x19, 0x29, 0x13, 0x19, 0x29, 0x13, 0x19, 0x29, 0x13, 0x19, 0x29, 0x13, 0x19, 0x29, 0x13, 0x19, 0x29, 
        0x13, 0x19, 0x29, 0x13, 0x19, 0x29, 0x13, 0x19, 0x29, 0x13, 0x19, 0x29, 0x13, 0x19, 0x29, 0x13, 0x19, 0x29, 0x13, 0x19, 0x29, 0x13, 0x19, 0x29, 0x13, 0x19, 0x29, 0x13, 0x19, 0x29, 0x13, 0x19, 0x29, 0x13, 0x19, 0x29, 0x13, 0x19, 0x29, 
        0x13, 0x19, 0x29, 0x13, 0x19, 0x29, 0x13, 0x19, 0x29, 0x13, 0x19, 0x29, 0x13, 0x19, 0x29, 0x74, 0x78, 0x81, 0xFF, 0xFF, 0xFF, 0xBC, 0xBD, 0xC2, 0x13, 0x19, 0x29, 0x13, 0x19, 0x29, 0x13, 0x19, 0x29, 0x13, 0x19, 0x29, 0x13, 0x19, 0x29, 
        0x13, 0x19, 0x29, 0x13, 0x19, 0x29, 0x13, 0x19, 0x29, 0x13, 0x19, 0x29, 0x13, 0x19, 0x29, 0x13, 0x19, 0x29, 0x13, 0x19, 0x29, 0x13, 0x19, 0x29, 0x13, 0x19, 0x29,
  0x13, 0x19, 0x29, 0x13, 0x19, 0x29, 0x13, 0x19, 0x29, 0x13, 0x19, 0x29, 0x13, 0x19, 0x29, 0x13, 0x19, 0x29, 0x13, 0x19, 0x29, 0x13, 0x19, 0x29, 0x13, 0x19, 0x29, 0x13, 0x19, 0x29, 0x13, 0x19, 0x29, 0x13, 0x19, 0x29, 0x13, 0x19, 0x29, 0x13, 0x19, 0x29, 
        0xB6, 0xB8, 0xBD, 0xFF, 0xFF, 0xFF, 0x7A, 0x7D, 0x86, 0x13, 0x19, 0x29, 0x13, 0x19, 0x29, 0x13, 0x19, 0x29, 0x13, 0x19, 0x29, 0x13, 0x19, 0x29, 0x13, 0x19, 0x29, 0x13, 0x19, 0x29, 0x13, 0x19, 0x29, 0x13, 0x19, 0x29, 0x13, 0x19, 0x29, 
        0x13, 0x19, 0x29, 0x13, 0x19, 0x29, 0x13, 0x19, 0x29, 0x13, 0x19, 0x29, 0x13, 0x19, 0x29, 0x13, 0x19, 0x29, 0x1A, 0x20, 0x2F, 0xFE, 0xFE, 0xFE, 0x1A, 0x20, 0x2F, 0x13, 0x19, 0x29, 0x13, 0x19, 0x29, 0x13, 0x19, 0x29, 0x26, 0x2C, 0x3A, 
        0xFE, 0xFE, 0xFE, 0xFE, 0xFE, 0xFE, 0xFE, 0xFE, 0xFE, 0xFE, 0xFE, 0xFE, 0xEB, 0xEC, 0xED, 0x13, 0x19, 0x29, 0x13, 0x19, 0x29, 0x13, 0x19, 0x29, 0x13, 0x19, 0x29, 0x13, 0x19, 0x29, 0x13, 0x19, 0x29, 0x13, 0x19, 0x29, 0xF7, 0xF7, 0xF8, 
        0x41, 0x46, 0x53, 0x13, 0x19, 0x29, 0x13, 0x19, 0x29, 0x13, 0x19, 0x29, 0x13, 0x19, 0x29, 0x13, 0x19, 0x29, 0x3D, 0x42, 0x4F, 0xCA, 0xCB, 0xCF, 0xDC, 0xDD, 0xDF, 0x74, 0x77, 0x81, 0x23, 0x29, 0x38, 0x13, 0x19, 0x29, 0x13, 0x19, 0x29, 
        0x13, 0x19, 0x29, 0x13, 0x19, 0x29, 0x13, 0x19, 0x29, 0x13, 0x19, 0x29, 0x23, 0x29, 0x38, 0x74, 0x77, 0x81, 0xDC, 0xDD, 0xDF, 0xCA, 0xCB, 0xCF, 0x3D, 0x42, 0x4F, 0x13, 0x19, 0x29, 0x13, 0x19, 0x29, 0x13, 0x19, 0x29, 0x13, 0x19, 0x29, 
        0x13, 0x19, 0x29, 0x13, 0x19, 0x29, 0x13, 0x19, 0x29, 0x13, 0x19, 0x29, 0x13, 0x19, 0x29, 0x13, 0x19, 0x29, 0x13, 0x19, 0x29, 0x13, 0x19, 0x29, 0x13, 0x19, 0x29, 0x13, 0x19, 0x29, 0x13, 0x19, 0x29, 0x13, 0x19, 0x29, 0x13, 0x19, 0x29, 
        0x13, 0x19, 0x29, 0x13, 0x19, 0x29, 0x13, 0x19, 0x29, 0x13, 0x19, 0x29, 0x13, 0x19, 0x29, 0x7A, 0x7D, 0x86, 0xFF, 0xFF, 0xFF, 0xB6, 0xB8, 0xBD, 0x13, 0x19, 0x29, 0x13, 0x19, 0x29, 0x13, 0x19, 0x29, 0x13, 0x19, 0x29, 0x13, 0x19, 0x29, 
        0x13, 0x19, 0x29, 0x13, 0x19, 0x29, 0x13, 0x19, 0x29, 0x13, 0x19, 0x29, 0x13, 0x19, 0x29, 0x13, 0x19, 0x29, 0x13, 0x19, 0x29, 0x13, 0x19, 0x29, 0x13, 0x19, 0x29,
  0x13, 0x19, 0x29, 0x13, 0x19, 0x29, 0x13, 0x19, 0x29, 0x13, 0x19, 0x29, 0x13, 0x19, 0x29, 0x13, 0x19, 0x29, 0x13, 0x19, 0x29, 0x13, 0x19, 0x29, 0x13, 0x19, 0x29, 0x13, 0x19, 0x29, 0x13, 0x19, 0x29, 0x13, 0x19, 0x29, 0x13, 0x19, 0x29, 0x13, 0x19, 0x29, 
        0xAD, 0xAF, 0xB5, 0xFF, 0xFF, 0xFF, 0x85, 0x88, 0x90, 0x13, 0x19, 0x29, 0x13, 0x19, 0x29, 0x13, 0x19, 0x29, 0x13, 0x19, 0x29, 0x13, 0x19, 0x29, 0x13, 0x19, 0x29, 0x13, 0x19, 0x29, 0x13, 0x19, 0x29, 0x13, 0x19, 0x29, 0x13, 0x19, 0x29, 
        0x13, 0x19, 0x29, 0x13, 0x19, 0x29, 0x13, 0x19, 0x29, 0x13, 0x19, 0x29, 0x13, 0x19, 0x29, 0x13, 0x19, 0x29, 0x1A, 0x20, 0x2F, 0xFE, 0xFE, 0xFE, 0x1A, 0x20, 0x2F, 0x13, 0x19, 0x29, 0x13, 0x19, 0x29, 0x13, 0x19, 0x29, 0x16, 0x1C, 0x2C, 
        0x82, 0x85, 0x8D, 0x89, 0x8C, 0x94, 0x89, 0x8C, 0x94, 0x89, 0x8C, 0x94, 0x72, 0x75, 0x7F, 0x13, 0x19, 0x29, 0x13, 0x19, 0x29, 0x13, 0x19, 0x29, 0x13, 0x19, 0x29, 0x13, 0x19, 0x29, 0x13, 0x19, 0x29, 0x13, 0x19, 0x29, 0x49, 0x4E, 0x5A, 
        0x13, 0x19, 0x29, 0x13, 0x19, 0x29, 0x13, 0x19, 0x29, 0x13, 0x19, 0x29, 0x13, 0x19, 0x29, 0x6A, 0x6D, 0x77, 0xF2, 0xF2, 0xF3, 0x82, 0x85, 0x8D, 0x17, 0x1D, 0x2D, 0x13, 0x19, 0x29, 0x13, 0x19, 0x29, 0x13, 0x19, 0x29, 0x13, 0x19, 0x29, 
        0x13, 0x19, 0x29, 0x13, 0x19, 0x29, 0x13, 0x19, 0x29, 0x13, 0x19, 0x29, 0x13, 0x19, 0x29, 0x13, 0x19, 0x29, 0x17, 0x1D, 0x2D, 0x81, 0x84, 0x8C, 0xF2, 0xF2, 0xF3, 0x6A, 0x6D, 0x77, 0x13, 0x19, 0x29, 0x13, 0x19, 0x29, 0x13, 0x19, 0x29, 
        0x13, 0x19, 0x29, 0x13, 0x19, 0x29, 0x13, 0x19, 0x29, 0x13, 0x19, 0x29, 0x13, 0x19, 0x29, 0x13, 0x19, 0x29, 0x13, 0x19, 0x29, 0x13, 0x19, 0x29, 0x13, 0x19, 0x29, 0x13, 0x19, 0x29, 0x13, 0x19, 0x29, 0x13, 0x19, 0x29, 0x13, 0x19, 0x29, 
        0x13, 0x19, 0x29, 0x13, 0x19, 0x29, 0x13, 0x19, 0x29, 0x13, 0x19, 0x29, 0x13, 0x19, 0x29, 0x85, 0x88, 0x90, 0xFF, 0xFF, 0xFF, 0xAC, 0xAE, 0xB4, 0x13, 0x19, 0x29, 0x13, 0x19, 0x29, 0x13, 0x19, 0x29, 0x13, 0x19, 0x29, 0x13, 0x19, 0x29, 
        0x13, 0x19, 0x29, 0x13, 0x19, 0x29, 0x13, 0x19, 0x29, 0x13, 0x19, 0x29, 0x13, 0x19, 0x29, 0x13, 0x19, 0x29, 0x13, 0x19, 0x29, 0x13, 0x19, 0x29, 0x13, 0x19, 0x29,
  0x13, 0x19, 0x29, 0x13, 0x19, 0x29, 0x13, 0x19, 0x29, 0x13, 0x19, 0x29, 0x13, 0x19, 0x29, 0x13, 0x19, 0x29, 0x13, 0x19, 0x29, 0x13, 0x19, 0x29, 0x13, 0x19, 0x29, 0x13, 0x19, 0x29, 0x13, 0x19, 0x29, 0x13, 0x19, 0x29, 0x13, 0x19, 0x29, 0x13, 0x19, 0x29, 
        0x9A, 0x9D, 0xA4, 0xFF, 0xFF, 0xFF, 0x97, 0x99, 0xA0, 0x13, 0x19, 0x29, 0x13, 0x19, 0x29, 0x13, 0x19, 0x29, 0x13, 0x19, 0x29, 0x13, 0x19, 0x29, 0x13, 0x19, 0x29, 0x13, 0x19, 0x29, 0x13, 0x19, 0x29, 0x13, 0x19, 0x29, 0x13, 0x19, 0x29, 
        0x13, 0x19, 0x29, 0x13, 0x19, 0x29, 0x13, 0x19, 0x29, 0x13, 0x19, 0x29, 0x13, 0x19, 0x29, 0x13, 0x19, 0x29, 0x1A, 0x20, 0x2F, 0xFE, 0xFE, 0xFE, 0x1A, 0x20, 0x2F, 0x13, 0x19, 0x29, 0x13, 0x19, 0x29, 0x13, 0x19, 0x29, 0x13, 0x19, 0x29, 
        0x13, 0x19, 0x29, 0x13, 0x19, 0x29, 0x13, 0x19, 0x29, 0x13, 0x19, 0x29, 0x13, 0x19, 0x29, 0x13, 0x19, 0x29, 0x13, 0x19, 0x29, 0x13, 0x19, 0x29, 0x13, 0x19, 0x29, 0x13, 0x19, 0x29, 0x13, 0x19, 0x29, 0x13, 0x19, 0x29, 0x13, 0x19, 0x29, 
        0x13, 0x19, 0x29, 0x13, 0x19, 0x29, 0x13, 0x19, 0x29, 0x13, 0x19, 0x29, 0x73, 0x76, 0x80, 0xEA, 0xEB, 0xEC, 0x45, 0x4A, 0x57, 0x13, 0x19, 0x29, 0x13, 0x19, 0x29, 0x13, 0x19, 0x29, 0x13, 0x19, 0x29, 0x13, 0x19, 0x29, 0x13, 0x19, 0x29, 
        0x13, 0x19, 0x29, 0x13, 0x19, 0x29, 0x13, 0x19, 0x29, 0x13, 0x19, 0x29, 0x13, 0x19, 0x29, 0x13, 0x19, 0x29, 0x13, 0x19, 0x29, 0x13, 0x19, 0x29, 0x45, 0x4A, 0x57, 0xEA, 0xEB, 0xEC, 0x73, 0x76, 0x80, 0x13, 0x19, 0x29, 0x13, 0x19, 0x29, 
        0x13, 0x19, 0x29, 0x13, 0x19, 0x29, 0x13, 0x19, 0x29, 0x13, 0x19, 0x29, 0x13, 0x19, 0x29, 0x13, 0x19, 0x29, 0x13, 0x19, 0x29, 0x13, 0x19, 0x29, 0x13, 0x19, 0x29, 0x13, 0x19, 0x29, 0x13, 0x19, 0x29, 0x13, 0x19, 0x29, 0x13, 0x19, 0x29, 
        0x13, 0x19, 0x29, 0x13, 0x19, 0x29, 0x13, 0x19, 0x29, 0x13, 0x19, 0x29, 0x13, 0x19, 0x29, 0x97, 0x99, 0xA0, 0xFF, 0xFF, 0xFF, 0x9A, 0x9D, 0xA4, 0x13, 0x19, 0x29, 0x13, 0x19, 0x29, 0x13, 0x19, 0x29, 0x13, 0x19, 0x29, 0x13, 0x19, 0x29, 
        0x13, 0x19, 0x29, 0x13, 0x19, 0x29, 0x13, 0x19, 0x29, 0x13, 0x19, 0x29, 0x13, 0x19, 0x29, 0x13, 0x19, 0x29, 0x13, 0x19, 0x29, 0x13, 0x19, 0x29, 0x13, 0x19, 0x29,
  0x13, 0x19, 0x29, 0x13, 0x19, 0x29, 0x13, 0x19, 0x29, 0x13, 0x19, 0x29, 0x13, 0x19, 0x29, 0x13, 0x19, 0x29, 0x13, 0x19, 0x29, 0x13, 0x19, 0x29, 0x13, 0x19, 0x29, 0x13, 0x19, 0x29, 0x13, 0x19, 0x29, 0x13, 0x19, 0x29, 0x13, 0x19, 0x29, 0x13, 0x19, 0x29, 
        0x86, 0x89, 0x91, 0xFF, 0xFF, 0xFF, 0xAD, 0xAF, 0xB5, 0x13, 0x19, 0x29, 0x13, 0x19, 0x29, 0x13, 0x19, 0x29, 0x13, 0x19, 0x29, 0x13, 0x19, 0x29, 0x13, 0x19, 0x29, 0x13, 0x19, 0x29, 0x13, 0x19, 0x29, 0x13, 0x19, 0x29, 0x13, 0x19, 0x29, 
        0x13, 0x19, 0x29, 0x13, 0x19, 0x29, 0x13, 0x19, 0x29, 0x13, 0x19, 0x29, 0x13, 0x19, 0x29, 0x13, 0x19, 0x29, 0x1A, 0x20, 0x2F, 0xFE, 0xFE, 0xFE, 0x1A, 0x20, 0x2F, 0x13, 0x19, 0x29, 0x13, 0x19, 0x29, 0x13, 0x19, 0x29, 0x13, 0x19, 0x29, 
        0x13, 0x19, 0x29, 0x13, 0x19, 0x29, 0x13, 0x19, 0x29, 0x13, 0x19, 0x29, 0x13, 0x19, 0x29, 0x13, 0x19, 0x29, 0x13, 0x19, 0x29, 0x13, 0x19, 0x29, 0x13, 0x19, 0x29, 0x13, 0x19, 0x29, 0x13, 0x19, 0x29, 0x13, 0x19, 0x29, 0x13, 0x19, 0x29, 
        0x13, 0x19, 0x29, 0x13, 0x19, 0x29, 0x13, 0x19, 0x29, 0x54, 0x59, 0x64, 0xEE, 0xEE, 0xEF, 0x3C, 0x41, 0x4E, 0x13, 0x19, 0x29, 0x13, 0x19, 0x29, 0x13, 0x19, 0x29, 0x13, 0x19, 0x29, 0x13, 0x19, 0x29, 0x13, 0x19, 0x29, 0x13, 0x19, 0x29, 
        0x13, 0x19, 0x29, 0x13, 0x19, 0x29, 0x13, 0x19, 0x29, 0x13, 0x19, 0x29, 0x13, 0x19, 0x29, 0x13, 0x19, 0x29, 0x13, 0x19, 0x29, 0x13, 0x19, 0x29, 0x13, 0x19, 0x29, 0x3C, 0x41, 0x4E, 0xEE, 0xEE, 0xEF, 0x54, 0x59, 0x64, 0x13, 0x19, 0x29, 
        0x13, 0x19, 0x29, 0x13, 0x19, 0x29, 0x13, 0x19, 0x29, 0x13, 0x19, 0x29, 0x13, 0x19, 0x29, 0x13, 0x19, 0x29, 0x13, 0x19, 0x29, 0x13, 0x19, 0x29, 0x13, 0x19, 0x29, 0x13, 0x19, 0x29, 0x13, 0x19, 0x29, 0x13, 0x19, 0x29, 0x13, 0x19, 0x29, 
        0x13, 0x19, 0x29, 0x13, 0x19, 0x29, 0x13, 0x19, 0x29, 0x13, 0x19, 0x29, 0x13, 0x19, 0x29, 0xAD, 0xAF, 0xB5, 0xFF, 0xFF, 0xFF, 0x86, 0x89, 0x91, 0x13, 0x19, 0x29, 0x13, 0x19, 0x29, 0x13, 0x19, 0x29, 0x13, 0x19, 0x29, 0x13, 0x19, 0x29, 
        0x13, 0x19, 0x29, 0x13, 0x19, 0x29, 0x13, 0x19, 0x29, 0x13, 0x19, 0x29, 0x13, 0x19, 0x29, 0x13, 0x19, 0x29, 0x13, 0x19, 0x29, 0x13, 0x19, 0x29, 0x13, 0x19, 0x29,
  0x13, 0x19, 0x29, 0x13, 0x19, 0x29, 0x13, 0x19, 0x29, 0x13, 0x19, 0x29, 0x13, 0x19, 0x29, 0x13, 0x19, 0x29, 0x13, 0x19, 0x29, 0x13, 0x19, 0x29, 0x13, 0x19, 0x29, 0x13, 0x19, 0x29, 0x13, 0x19, 0x29, 0x13, 0x19, 0x29, 0x13, 0x19, 0x29, 0x13, 0x19, 0x29, 
        0x69, 0x6D, 0x77, 0xFF, 0xFF, 0xFF, 0xCB, 0xCC, 0xCF, 0x13, 0x19, 0x29, 0x13, 0x19, 0x29, 0x13, 0x19, 0x29, 0x13, 0x19, 0x29, 0x13, 0x19, 0x29, 0x13, 0x19, 0x29, 0x13, 0x19, 0x29, 0x13, 0x19, 0x29, 0x13, 0x19, 0x29, 0x13, 0x19, 0x29, 
        0x13, 0x19, 0x29, 0x13, 0x19, 0x29, 0x13, 0x19, 0x29, 0x13, 0x19, 0x29, 0x13, 0x19, 0x29, 0x13, 0x19, 0x29, 0x1A, 0x20, 0x2F, 0xFE, 0xFE, 0xFE, 0x1A, 0x20, 0x2F, 0x13, 0x19, 0x29, 0x13, 0x19, 0x29, 0x13, 0x19, 0x29, 0x13, 0x19, 0x29, 
        0x13, 0x19, 0x29, 0x13, 0x19, 0x29, 0x13, 0x19, 0x29, 0x13, 0x19, 0x29, 0x13, 0x19, 0x29, 0x13, 0x19, 0x29, 0x13, 0x19, 0x29, 0x13, 0x19, 0x29, 0x13, 0x19, 0x29, 0x13, 0x19, 0x29, 0x13, 0x19, 0x29, 0x13, 0x19, 0x29, 0x13, 0x19, 0x29, 
        0x13, 0x19, 0x29, 0x13, 0x19, 0x29, 0x22, 0x28, 0x37, 0xE9, 0xEA, 0xEB, 0x5D, 0x61, 0x6C, 0x13, 0x19, 0x29, 0x13, 0x19, 0x29, 0x13, 0x19, 0x29, 0x13, 0x19, 0x29, 0x13, 0x19, 0x29, 0x13, 0x19, 0x29, 0x13, 0x19, 0x29, 0x13, 0x19, 0x29, 
        0x2D, 0x33, 0x41, 0x2D, 0x33, 0x41, 0x13, 0x19, 0x29, 0x13, 0x19, 0x29, 0x13, 0x19, 0x29, 0x13, 0x19, 0x29, 0x13, 0x19, 0x29, 0x13, 0x19, 0x29, 0x13, 0x19, 0x29, 0x13, 0x19, 0x29, 0x5D, 0x61, 0x6C, 0xE9, 0xEA, 0xEB, 0x22, 0x28, 0x37, 
        0x13, 0x19, 0x29, 0x13, 0x19, 0x29, 0x13, 0x19, 0x29, 0x13, 0x19, 0x29, 0x13, 0x19, 0x29, 0x13, 0x19, 0x29, 0x13, 0x19, 0x29, 0x13, 0x19, 0x29, 0x13, 0x19, 0x29, 0x13, 0x19, 0x29, 0x13, 0x19, 0x29, 0x13, 0x19, 0x29, 0x13, 0x19, 0x29, 
        0x13, 0x19, 0x29, 0x13, 0x19, 0x29, 0x13, 0x19, 0x29, 0x13, 0x19, 0x29, 0x13, 0x19, 0x29, 0xCB, 0xCD, 0xD0, 0xFF, 0xFF, 0xFF, 0x69, 0x6D, 0x77, 0x13, 0x19, 0x29, 0x13, 0x19, 0x29, 0x13, 0x19, 0x29, 0x13, 0x19, 0x29, 0x13, 0x19, 0x29, 
        0x13, 0x19, 0x29, 0x13, 0x19, 0x29, 0x13, 0x19, 0x29, 0x13, 0x19, 0x29, 0x13, 0x19, 0x29, 0x13, 0x19, 0x29, 0x13, 0x19, 0x29, 0x13, 0x19, 0x29, 0x13, 0x19, 0x29,
  0x13, 0x19, 0x29, 0x13, 0x19, 0x29, 0x13, 0x19, 0x29, 0x13, 0x19, 0x29, 0x13, 0x19, 0x29, 0x13, 0x19, 0x29, 0x13, 0x19, 0x29, 0x13, 0x19, 0x29, 0x13, 0x19, 0x29, 0x13, 0x19, 0x29, 0x13, 0x19, 0x29, 0x13, 0x19, 0x29, 0x13, 0x19, 0x29, 0x13, 0x19, 0x29, 
        0x49, 0x4E, 0x5A, 0xFF, 0xFF, 0xFF, 0xED, 0xED, 0xEF, 0x13, 0x19, 0x29, 0x13, 0x19, 0x29, 0x13, 0x19, 0x29, 0x13, 0x19, 0x29, 0x13, 0x19, 0x29, 0x13, 0x19, 0x29, 0x13, 0x19, 0x29, 0x13, 0x19, 0x29, 0x13, 0x19, 0x29, 0x13, 0x19, 0x29, 
        0x13, 0x19, 0x29, 0x13, 0x19, 0x29, 0x13, 0x19, 0x29, 0x13, 0x19, 0x29, 0x13, 0x19, 0x29, 0x13, 0x19, 0x29, 0x1A, 0x20, 0x2F, 0xFE, 0xFE, 0xFE, 0x1A, 0x20, 0x2F, 0x13, 0x19, 0x29, 0x13, 0x19, 0x29, 0x13, 0x19, 0x29, 0x13, 0x19, 0x29, 
        0x13, 0x19, 0x29, 0x13, 0x19, 0x29, 0x13, 0x19, 0x29, 0x13, 0x19, 0x29, 0x13, 0x19, 0x29, 0x13, 0x19, 0x29, 0x13, 0x19, 0x29, 0x13, 0x19, 0x29, 0x13, 0x19, 0x29, 0x13, 0x19, 0x29, 0x13, 0x19, 0x29, 0x13, 0x19, 0x29, 0x13, 0x19, 0x29, 
        0x13, 0x19, 0x29, 0x13, 0x19, 0x29, 0x96, 0x99, 0xA0, 0xAE, 0xB0, 0xB6, 0x13, 0x19, 0x29, 0x13, 0x19, 0x29, 0x13, 0x19, 0x29, 0x13, 0x19, 0x29, 0x13, 0x19, 0x29, 0x13, 0x19, 0x29, 0x13, 0x19, 0x29, 0x13, 0x19, 0x29, 0x13, 0x19, 0x29, 
        0x8F, 0x91, 0x99, 0x8F, 0x91, 0x99, 0x13, 0x19, 0x29, 0x13, 0x19, 0x29, 0x13, 0x19, 0x29, 0x13, 0x19, 0x29, 0x13, 0x19, 0x29, 0x13, 0x19, 0x29, 0x13, 0x19, 0x29, 0x13, 0x19, 0x29, 0x13, 0x19, 0x29, 0xAE, 0xB0, 0xB6, 0x97, 0x9A, 0xA1, 
        0x13, 0x19, 0x29, 0x13, 0x19, 0x29, 0x13, 0x19, 0x29, 0x13, 0x19, 0x29, 0x13, 0x19, 0x29, 0x13, 0x19, 0x29, 0x13, 0x19, 0x29, 0x13, 0x19, 0x29, 0x13, 0x19, 0x29, 0x13, 0x19, 0x29, 0x13, 0x19, 0x29, 0x13, 0x19, 0x29, 0x13, 0x19, 0x29, 
        0x13, 0x19, 0x29, 0x13, 0x19, 0x29, 0x13, 0x19, 0x29, 0x13, 0x19, 0x29, 0x13, 0x19, 0x29, 0xED, 0xED, 0xEF, 0xFF, 0xFF, 0xFF, 0x48, 0x4D, 0x5A, 0x13, 0x19, 0x29, 0x13, 0x19, 0x29, 0x13, 0x19, 0x29, 0x13, 0x19, 0x29, 0x13, 0x19, 0x29, 
        0x13, 0x19, 0x29, 0x13, 0x19, 0x29, 0x13, 0x19, 0x29, 0x13, 0x19, 0x29, 0x13, 0x19, 0x29, 0x13, 0x19, 0x29, 0x13, 0x19, 0x29, 0x13, 0x19, 0x29, 0x13, 0x19, 0x29,
  0x13, 0x19, 0x29, 0x13, 0x19, 0x29, 0x13, 0x19, 0x29, 0x13, 0x19, 0x29, 0x13, 0x19, 0x29, 0x13, 0x19, 0x29, 0x13, 0x19, 0x29, 0x13, 0x19, 0x29, 0x13, 0x19, 0x29, 0x13, 0x19, 0x29, 0x13, 0x19, 0x29, 0x13, 0x19, 0x29, 0x13, 0x19, 0x29, 0x13, 0x19, 0x29, 
        0x21, 0x27, 0x36, 0xFF, 0xFF, 0xFF, 0xFF, 0xFF, 0xFF, 0x2B, 0x30, 0x3F, 0x13, 0x19, 0x29, 0x13, 0x19, 0x29, 0x13, 0x19, 0x29, 0x13, 0x19, 0x29, 0x13, 0x19, 0x29, 0x13, 0x19, 0x29, 0x13, 0x19, 0x29, 0x13, 0x19, 0x29, 0x13, 0x19, 0x29, 
        0x13, 0x19, 0x29, 0x13, 0x19, 0x29, 0x13, 0x19, 0x29, 0x13, 0x19, 0x29, 0x13, 0x19, 0x29, 0x13, 0x19, 0x29, 0x1A, 0x20, 0x2F, 0xFE, 0xFE, 0xFE, 0x1A, 0x20, 0x2F, 0x13, 0x19, 0x29, 0x13, 0x19, 0x29, 0x13, 0x19, 0x29, 0x16, 0x1C, 0x2C, 
        0x82, 0x85, 0x8D, 0x89, 0x8C, 0x94, 0x89, 0x8C, 0x94, 0x89, 0x8C, 0x94, 0x72, 0x75, 0x7F, 0x13, 0x19, 0x29, 0x13, 0x19, 0x29, 0x13, 0x19, 0x29, 0x13, 0x19, 0x29, 0x13, 0x19, 0x29, 0x13, 0x19, 0x29, 0x13, 0x19, 0x29, 0x13, 0x19, 0x29, 
        0x13, 0x19, 0x29, 0x22, 0x28, 0x37, 0xF2, 0xF3, 0xF4, 0x36, 0x3B, 0x49, 0x13, 0x19, 0x29, 0x13, 0x19, 0x29, 0x13, 0x19, 0x29, 0x13, 0x19, 0x29, 0x13, 0x19, 0x29, 0x13, 0x19, 0x29, 0x13, 0x19, 0x29, 0x13, 0x19, 0x29, 0x13, 0x19, 0x29, 
        0x90, 0x93, 0x9B, 0x90, 0x93, 0x9B, 0x13, 0x19, 0x29, 0x13, 0x19, 0x29, 0x13, 0x19, 0x29, 0x13, 0x19, 0x29, 0x13, 0x19, 0x29, 0x13, 0x19, 0x29, 0x13, 0x19, 0x29, 0x13, 0x19, 0x29, 0x13, 0x19, 0x29, 0x36, 0x3B, 0x49, 0xF2, 0xF3, 0xF4, 
        0x22, 0x28, 0x37, 0x13, 0x19, 0x29, 0x13, 0x19, 0x29, 0x13, 0x19, 0x29, 0x13, 0x19, 0x29, 0x13, 0x19, 0x29, 0x13, 0x19, 0x29, 0x13, 0x19, 0x29, 0x13, 0x19, 0x29, 0x13, 0x19, 0x29, 0x13, 0x19, 0x29, 0x13, 0x19, 0x29, 0x13, 0x19, 0x29, 
        0x13, 0x19, 0x29, 0x13, 0x19, 0x29, 0x13, 0x19, 0x29, 0x13, 0x19, 0x29, 0x2B, 0x30, 0x3F, 0xFF, 0xFF, 0xFF, 0xFF, 0xFF, 0xFF, 0x21, 0x26, 0x35, 0x13, 0x19, 0x29, 0x13, 0x19, 0x29, 0x13, 0x19, 0x29, 0x13, 0x19, 0x29, 0x13, 0x19, 0x29, 
        0x13, 0x19, 0x29, 0x13, 0x19, 0x29, 0x13, 0x19, 0x29, 0x13, 0x19, 0x29, 0x13, 0x19, 0x29, 0x13, 0x19, 0x29, 0x13, 0x19, 0x29, 0x13, 0x19, 0x29, 0x13, 0x19, 0x29,
  0x13, 0x19, 0x29, 0x13, 0x19, 0x29, 0x13, 0x19, 0x29, 0x13, 0x19, 0x29, 0x13, 0x19, 0x29, 0x13, 0x19, 0x29, 0x13, 0x19, 0x29, 0x13, 0x19, 0x29, 0x13, 0x19, 0x29, 0x13, 0x19, 0x29, 0x13, 0x19, 0x29, 0x13, 0x19, 0x29, 0x13, 0x19, 0x29, 0x13, 0x19, 0x29, 
        0x13, 0x19, 0x29, 0xE2, 0xE3, 0xE5, 0xFF, 0xFF, 0xFF, 0x59, 0x5D, 0x69, 0x13, 0x19, 0x29, 0x13, 0x19, 0x29, 0x13, 0x19, 0x29, 0x13, 0x19, 0x29, 0x13, 0x19, 0x29, 0x13, 0x19, 0x29, 0x13, 0x19, 0x29, 0x13, 0x19, 0x29, 0x13, 0x19, 0x29, 
        0x13, 0x19, 0x29, 0x13, 0x19, 0x29, 0x13, 0x19, 0x29, 0x13, 0x19, 0x29, 0x13, 0x19, 0x29, 0x13, 0x19, 0x29, 0x1A, 0x20, 0x2F, 0xFE, 0xFE, 0xFE, 0x1A, 0x20, 0x2F, 0x13, 0x19, 0x29, 0x13, 0x19, 0x29, 0x13, 0x19, 0x29, 0x26, 0x2C, 0x3A, 
        0xFE, 0xFE, 0xFE, 0xFE, 0xFE, 0xFE, 0xFE, 0xFE, 0xFE, 0xFE, 0xFE, 0xFE, 0xEB, 0xEC, 0xED, 0x13, 0x19, 0x29, 0x13, 0x19, 0x29, 0x13, 0x19, 0x29, 0x13, 0x19, 0x29, 0x13, 0x19, 0x29, 0x13, 0x19, 0x29, 0x13, 0x19, 0x29, 0x13, 0x19, 0x29, 
        0x13, 0x19, 0x29, 0x6F, 0x73, 0x7D, 0xC0, 0xC1, 0xC5, 0x13, 0x19, 0x29, 0x13, 0x19, 0x29, 0x13, 0x19, 0x29, 0x13, 0x19, 0x29, 0x13, 0x19, 0x29, 0x13, 0x19, 0x29, 0x13, 0x19, 0x29, 0x13, 0x19, 0x29, 0x13, 0x19, 0x29, 0x13, 0x19, 0x29, 
        0x90, 0x93, 0x9B, 0x90, 0x93, 0x9B, 0x13, 0x19, 0x29, 0x13, 0x19, 0x29, 0x13, 0x19, 0x29, 0x13, 0x19, 0x29, 0x13, 0x19, 0x29, 0x13, 0x19, 0x29, 0x13, 0x19, 0x29, 0x13, 0x19, 0x29, 0x13, 0x19, 0x29, 0x13, 0x19, 0x29, 0xC0, 0xC1, 0xC5, 
        0x6F, 0x73, 0x7D, 0x13, 0x19, 0x29, 0x13, 0x19, 0x29, 0x13, 0x19, 0x29, 0x13, 0x19, 0x29, 0x13, 0x19, 0x29, 0x13, 0x19, 0x29, 0x13, 0x19, 0x29, 0x13, 0x19, 0x29, 0x13, 0x19, 0x29, 0x13, 0x19, 0x29, 0x13, 0x19, 0x29, 0x13, 0x19, 0x29, 
        0x13, 0x19, 0x29, 0x13, 0x19, 0x29, 0x13, 0x19, 0x29, 0x13, 0x19, 0x29, 0x59, 0x5D, 0x69, 0xFF, 0xFF, 0xFF, 0xE2, 0xE3, 0xE5, 0x13, 0x19, 0x29, 0x13, 0x19, 0x29, 0x13, 0x19, 0x29, 0x13, 0x19, 0x29, 0x13, 0x19, 0x29, 0x13, 0x19, 0x29, 
        0x13, 0x19, 0x29, 0x13, 0x19, 0x29, 0x13, 0x19, 0x29, 0x13, 0x19, 0x29, 0x13, 0x19, 0x29, 0x13, 0x19, 0x29, 0x13, 0x19, 0x29, 0x13, 0x19, 0x29, 0x13, 0x19, 0x29,
  0x13, 0x19, 0x29, 0x13, 0x19, 0x29, 0x13, 0x19, 0x29, 0x13, 0x19, 0x29, 0x13, 0x19, 0x29, 0x13, 0x19, 0x29, 0x13, 0x19, 0x29, 0x13, 0x19, 0x29, 0x13, 0x19, 0x29, 0x13, 0x19, 0x29, 0x13, 0x19, 0x29, 0x13, 0x19, 0x29, 0x13, 0x19, 0x29, 0x13, 0x19, 0x29, 
        0x13, 0x19, 0x29, 0xAE, 0xB0, 0xB5, 0xFF, 0xFF, 0xFF, 0x90, 0x93, 0x9A, 0x13, 0x19, 0x29, 0x13, 0x19, 0x29, 0x13, 0x19, 0x29, 0x13, 0x19, 0x29, 0x13, 0x19, 0x29, 0x13, 0x19, 0x29, 0x13, 0x19, 0x29, 0x13, 0x19, 0x29, 0x13, 0x19, 0x29, 
        0x13, 0x19, 0x29, 0x13, 0x19, 0x29, 0x13, 0x19, 0x29, 0x13, 0x19, 0x29, 0x13, 0x19, 0x29, 0x13, 0x19, 0x29, 0x1A, 0x20, 0x2F, 0xFE, 0xFE, 0xFE, 0x1A, 0x20, 0x2F, 0x13, 0x19, 0x29, 0x13, 0x19, 0x29, 0x13, 0x19, 0x29, 0x26, 0x2C, 0x3A, 
        0xFE, 0xFE, 0xFE, 0xFE, 0xFE, 0xFE, 0xFE, 0xFE, 0xFE, 0xFE, 0xFE, 0xFE, 0xEB, 0xEC, 0xED, 0x13, 0x19, 0x29, 0x13, 0x19, 0x29, 0x13, 0x19, 0x29, 0x13, 0x19, 0x29, 0x13, 0x19, 0x29, 0x13, 0x19, 0x29, 0x13, 0x19, 0x29, 0x13, 0x19, 0x29, 
        0x13, 0x19, 0x29, 0xB1, 0xB3, 0xB8, 0x77, 0x7B, 0x84, 0x13, 0x19, 0x29, 0x13, 0x19, 0x29, 0x13, 0x19, 0x29, 0x13, 0x19, 0x29, 0x13, 0x19, 0x29, 0x13, 0x19, 0x29, 0x13, 0x19, 0x29, 0x13, 0x19, 0x29, 0x13, 0x19, 0x29, 0x13, 0x19, 0x29, 
        0x90, 0x93, 0x9B, 0x90, 0x93, 0x9B, 0x13, 0x19, 0x29, 0x13, 0x19, 0x29, 0x13, 0x19, 0x29, 0x13, 0x19, 0x29, 0x13, 0x19, 0x29, 0x13, 0x19, 0x29, 0x13, 0x19, 0x29, 0x13, 0x19, 0x29, 0x13, 0x19, 0x29, 0x13, 0x19, 0x29, 0x77, 0x7B, 0x84, 
        0xB1, 0xB3, 0xB8, 0x13, 0x19, 0x29, 0x13, 0x19, 0x29, 0x13, 0x19, 0x29, 0x13, 0x19, 0x29, 0x13, 0x19, 0x29, 0x13, 0x19, 0x29, 0x13, 0x19, 0x29, 0x13, 0x19, 0x29, 0x13, 0x19, 0x29, 0x13, 0x19, 0x29, 0x13, 0x19, 0x29, 0x13, 0x19, 0x29, 
        0x13, 0x19, 0x29, 0x13, 0x19, 0x29, 0x13, 0x19, 0x29, 0x13, 0x19, 0x29, 0x90, 0x93, 0x9A, 0xFF, 0xFF, 0xFF, 0xAD, 0xAF, 0xB5, 0x13, 0x19, 0x29, 0x13, 0x19, 0x29, 0x13, 0x19, 0x29, 0x13, 0x19, 0x29, 0x13, 0x19, 0x29, 0x13, 0x19, 0x29, 
        0x13, 0x19, 0x29, 0x13, 0x19, 0x29, 0x13, 0x19, 0x29, 0x13, 0x19, 0x29, 0x13, 0x19, 0x29, 0x13, 0x19, 0x29, 0x13, 0x19, 0x29, 0x13, 0x19, 0x29, 0x13, 0x19, 0x29,
  0x13, 0x19, 0x29, 0x13, 0x19, 0x29, 0x13, 0x19, 0x29, 0x13, 0x19, 0x29, 0x13, 0x19, 0x29, 0x13, 0x19, 0x29, 0x13, 0x19, 0x29, 0x13, 0x19, 0x29, 0x13, 0x19, 0x29, 0x13, 0x19, 0x29, 0x13, 0x19, 0x29, 0x13, 0x19, 0x29, 0x13, 0x19, 0x29, 0x13, 0x19, 0x29, 
        0x13, 0x19, 0x29, 0x76, 0x79, 0x83, 0xFF, 0xFF, 0xFF, 0xCB, 0xCC, 0xCF, 0x13, 0x19, 0x29, 0x13, 0x19, 0x29, 0x13, 0x19, 0x29, 0x13, 0x19, 0x29, 0x13, 0x19, 0x29, 0x13, 0x19, 0x29, 0x13, 0x19, 0x29, 0x13, 0x19, 0x29, 0x13, 0x19, 0x29, 
        0x13, 0x19, 0x29, 0x13, 0x19, 0x29, 0x13, 0x19, 0x29, 0x13, 0x19, 0x29, 0x13, 0x19, 0x29, 0x13, 0x19, 0x29, 0x1A, 0x20, 0x2F, 0xFE, 0xFE, 0xFE, 0x1A, 0x20, 0x2F, 0x13, 0x19, 0x29, 0x13, 0x19, 0x29, 0x13, 0x19, 0x29, 0x26, 0x2C, 0x3A, 
        0xFE, 0xFE, 0xFE, 0xFE, 0xFE, 0xFE, 0xFE, 0xFE, 0xFE, 0xFE, 0xFE, 0xFE, 0xEB, 0xEC, 0xED, 0x13, 0x19, 0x29, 0x13, 0x19, 0x29, 0x13, 0x19, 0x29, 0x13, 0x19, 0x29, 0x13, 0x19, 0x29, 0x13, 0x19, 0x29, 0x13, 0x19, 0x29, 0x13, 0x19, 0x29, 
        0x13, 0x19, 0x29, 0xDE, 0xDF, 0xE1, 0x45, 0x4A, 0x57, 0x13, 0x19, 0x29, 0x13, 0x19, 0x29, 0x13, 0x19, 0x29, 0x13, 0x19, 0x29, 0x13, 0x19, 0x29, 0x13, 0x19, 0x29, 0x13, 0x19, 0x29, 0x13, 0x19, 0x29, 0x13, 0x19, 0x29, 0x13, 0x19, 0x29, 
        0x90, 0x93, 0x9B, 0x90, 0x93, 0x9B, 0x13, 0x19, 0x29, 0x13, 0x19, 0x29, 0x13, 0x19, 0x29, 0x13, 0x19, 0x29, 0x13, 0x19, 0x29, 0x13, 0x19, 0x29, 0x13, 0x19, 0x29, 0x13, 0x19, 0x29, 0x13, 0x19, 0x29, 0x13, 0x19, 0x29, 0x45, 0x4A, 0x57, 
        0xDE, 0xDF, 0xE1, 0x13, 0x19, 0x29, 0x13, 0x19, 0x29, 0x13, 0x19, 0x29, 0x13, 0x19, 0x29, 0x13, 0x19, 0x29, 0x13, 0x19, 0x29, 0x13, 0x19, 0x29, 0x13, 0x19, 0x29, 0x13, 0x19, 0x29, 0x13, 0x19, 0x29, 0x13, 0x19, 0x29, 0x13, 0x19, 0x29, 
        0x13, 0x19, 0x29, 0x13, 0x19, 0x29, 0x13, 0x19, 0x29, 0x13, 0x19, 0x29, 0xCB, 0xCD, 0xD0, 0xFF, 0xFF, 0xFF, 0x76, 0x79, 0x83, 0x13, 0x19, 0x29, 0x13, 0x19, 0x29, 0x13, 0x19, 0x29, 0x13, 0x19, 0x29, 0x13, 0x19, 0x29, 0x13, 0x19, 0x29, 
        0x13, 0x19, 0x29, 0x13, 0x19, 0x29, 0x13, 0x19, 0x29, 0x13, 0x19, 0x29, 0x13, 0x19, 0x29, 0x13, 0x19, 0x29, 0x13, 0x19, 0x29, 0x13, 0x19, 0x29, 0x13, 0x19, 0x29,
  0x13, 0x19, 0x29, 0x13, 0x19, 0x29, 0x13, 0x19, 0x29, 0x13, 0x19, 0x29, 0x13, 0x19, 0x29, 0x13, 0x19, 0x29, 0x13, 0x19, 0x29, 0x13, 0x19, 0x29, 0x13, 0x19, 0x29, 0x13, 0x19, 0x29, 0x13, 0x19, 0x29, 0x13, 0x19, 0x29, 0x13, 0x19, 0x29, 0x13, 0x19, 0x29, 
        0x13, 0x19, 0x29, 0x36, 0x3B, 0x49, 0xFF, 0xFF, 0xFF, 0xFD, 0xFD, 0xFD, 0x23, 0x29, 0x38, 0x13, 0x19, 0x29, 0x13, 0x19, 0x29, 0x13, 0x19, 0x29, 0x13, 0x19, 0x29, 0x13, 0x19, 0x29, 0x13, 0x19, 0x29, 0x13, 0x19, 0x29, 0x13, 0x19, 0x29, 
        0x13, 0x19, 0x29, 0x13, 0x19, 0x29, 0x13, 0x19, 0x29, 0x13, 0x19, 0x29, 0x13, 0x19, 0x29, 0x13, 0x19, 0x29, 0x1A, 0x20, 0x2F, 0xFE, 0xFE, 0xFE, 0x1A, 0x20, 0x2F, 0x13, 0x19, 0x29, 0x13, 0x19, 0x29, 0x13, 0x19, 0x29, 0x26, 0x2C, 0x3A, 
        0xFE, 0xFE, 0xFE, 0xFE, 0xFE, 0xFE, 0xFE, 0xFE, 0xFE, 0xFE, 0xFE, 0xFE, 0xEB, 0xEC, 0xED, 0x13, 0x19, 0x29, 0x13, 0x19, 0x29, 0x13, 0x19, 0x29, 0x13, 0x19, 0x29, 0x13, 0x19, 0x29, 0x13, 0x19, 0x29, 0x13, 0x19, 0x29, 0x13, 0x19, 0x29, 
        0x13, 0x19, 0x29, 0xF9, 0xF9, 0xF9, 0x27, 0x2C, 0x3B, 0x13, 0x19, 0x29, 0x13, 0x19, 0x29, 0x13, 0x19, 0x29, 0x13, 0x19, 0x29, 0x13, 0x19, 0x29, 0x13, 0x19, 0x29, 0x13, 0x19, 0x29, 0x13, 0x19, 0x29, 0x13, 0x19, 0x29, 0x13, 0x19, 0x29, 
        0x90, 0x93, 0x9B, 0x90, 0x93, 0x9B, 0x13, 0x19, 0x29, 0x13, 0x19, 0x29, 0x13, 0x19, 0x29, 0x13, 0x19, 0x29, 0x13, 0x19, 0x29, 0x13, 0x19, 0x29, 0x13, 0x19, 0x29, 0x13, 0x19, 0x29, 0x13, 0x19, 0x29, 0x13, 0x19, 0x29, 0x27, 0x2C, 0x3B, 
        0xFA, 0xFA, 0xFA, 0x13, 0x19, 0x29, 0x13, 0x19, 0x29, 0x13, 0x19, 0x29, 0x13, 0x19, 0x29, 0x13, 0x19, 0x29, 0x13, 0x19, 0x29, 0x13, 0x19, 0x29, 0x13, 0x19, 0x29, 0x13, 0x19, 0x29, 0x13, 0x19, 0x29, 0x13, 0x19, 0x29, 0x13, 0x19, 0x29, 
        0x13, 0x19, 0x29, 0x13, 0x19, 0x29, 0x13, 0x19, 0x29, 0x23, 0x29, 0x38, 0xFD, 0xFD, 0xFD, 0xFF, 0xFF, 0xFF, 0x35, 0x3A, 0x48, 0x13, 0x19, 0x29, 0x13, 0x19, 0x29, 0x13, 0x19, 0x29, 0x13, 0x19, 0x29, 0x13, 0x19, 0x29, 0x13, 0x19, 0x29, 
        0x13, 0x19, 0x29, 0x13, 0x19, 0x29, 0x13, 0x19, 0x29, 0x13, 0x19, 0x29, 0x13, 0x19, 0x29, 0x13, 0x19, 0x29, 0x13, 0x19, 0x29, 0x13, 0x19, 0x29, 0x13, 0x19, 0x29,
  0x13, 0x19, 0x29, 0x13, 0x19, 0x29, 0x13, 0x19, 0x29, 0x13, 0x19, 0x29, 0x13, 0x19, 0x29, 0x13, 0x19, 0x29, 0x13, 0x19, 0x29, 0x13, 0x19, 0x29, 0x13, 0x19, 0x29, 0x13, 0x19, 0x29, 0x13, 0x19, 0x29, 0x13, 0x19, 0x29, 0x13, 0x19, 0x29, 0x13, 0x19, 0x29, 
        0x13, 0x19, 0x29, 0x13, 0x19, 0x29, 0xDF, 0xE0, 0xE2, 0xFF, 0xFF, 0xFF, 0x69, 0x6D, 0x77, 0x13, 0x19, 0x29, 0x13, 0x19, 0x29, 0x13, 0x19, 0x29, 0x13, 0x19, 0x29, 0x13, 0x19, 0x29, 0x13, 0x19, 0x29, 0x13, 0x19, 0x29, 0x13, 0x19, 0x29, 
        0x13, 0x19, 0x29, 0x13, 0x19, 0x29, 0x13, 0x19, 0x29, 0x13, 0x19, 0x29, 0x13, 0x19, 0x29, 0x13, 0x19, 0x29, 0x1A, 0x20, 0x2F, 0xFE, 0xFE, 0xFE, 0x1A, 0x20, 0x2F, 0x13, 0x19, 0x29, 0x13, 0x19, 0x29, 0x13, 0x19, 0x29, 0x16, 0x1C, 0x2C, 
        0x82, 0x85, 0x8D, 0x89, 0x8C, 0x94, 0x89, 0x8C, 0x94, 0x89, 0x8C, 0x94, 0x72, 0x75, 0x7F, 0x13, 0x19, 0x29, 0x13, 0x19, 0x29, 0x13, 0x19, 0x29, 0x13, 0x19, 0x29, 0x13, 0x19, 0x29, 0x13, 0x19, 0x29, 0x13, 0x19, 0x29, 0x13, 0x19, 0x29, 
        0x17, 0x1D, 0x2D, 0xFE, 0xFE, 0xFE, 0x1D, 0x23, 0x32, 0x13, 0x19, 0x29, 0x13, 0x19, 0x29, 0x13, 0x19, 0x29, 0x13, 0x19, 0x29, 0x13, 0x19, 0x29, 0x13, 0x19, 0x29, 0x13, 0x19, 0x29, 0x13, 0x19, 0x29, 0x13, 0x19, 0x29, 0x13, 0x19, 0x29, 
        0x83, 0x86, 0x8E, 0xC5, 0xC7, 0xCB, 0x1A, 0x20, 0x2F, 0x13, 0x19, 0x29, 0x13, 0x19, 0x29, 0x13, 0x19, 0x29, 0x13, 0x19, 0x29, 0x13, 0x19, 0x29, 0x13, 0x19, 0x29, 0x13, 0x19, 0x29, 0x13, 0x19, 0x29, 0x13, 0x19, 0x29, 0x1D, 0x23, 0x32, 
        0xFE, 0xFE, 0xFE, 0x17, 0x1D, 0x2D, 0x13, 0x19, 0x29, 0x13, 0x19, 0x29, 0x13, 0x19, 0x29, 0x13, 0x19, 0x29, 0x13, 0x19, 0x29, 0x13, 0x19, 0x29, 0x13, 0x19, 0x29, 0x13, 0x19, 0x29, 0x13, 0x19, 0x29, 0x13, 0x19, 0x29, 0x13, 0x19, 0x29, 
        0x13, 0x19, 0x29, 0x13, 0x19, 0x29, 0x13, 0x19, 0x29, 0x6A, 0x6E, 0x78, 0xFF, 0xFF, 0xFF, 0xDE, 0xDF, 0xE1, 0x13, 0x19, 0x29, 0x13, 0x19, 0x29, 0x13, 0x19, 0x29, 0x13, 0x19, 0x29, 0x13, 0x19, 0x29, 0x13, 0x19, 0x29, 0x13, 0x19, 0x29, 
        0x13, 0x19, 0x29, 0x13, 0x19, 0x29, 0x13, 0x19, 0x29, 0x13, 0x19, 0x29, 0x13, 0x19, 0x29, 0x13, 0x19, 0x29, 0x13, 0x19, 0x29, 0x13, 0x19, 0x29, 0x13, 0x19, 0x29,
  0x13, 0x19, 0x29, 0x13, 0x19, 0x29, 0x13, 0x19, 0x29, 0x13, 0x19, 0x29, 0x13, 0x19, 0x29, 0x13, 0x19, 0x29, 0x13, 0x19, 0x29, 0x13, 0x19, 0x29, 0x13, 0x19, 0x29, 0x13, 0x19, 0x29, 0x13, 0x19, 0x29, 0x13, 0x19, 0x29, 0x13, 0x19, 0x29, 0x13, 0x19, 0x29, 
        0x13, 0x19, 0x29, 0x13, 0x19, 0x29, 0x92, 0x95, 0x9C, 0xFF, 0xFF, 0xFF, 0xBA, 0xBC, 0xC0, 0x13, 0x19, 0x29, 0x13, 0x19, 0x29, 0x13, 0x19, 0x29, 0x13, 0x19, 0x29, 0x13, 0x19, 0x29, 0x13, 0x19, 0x29, 0x13, 0x19, 0x29, 0x13, 0x19, 0x29, 
        0x13, 0x19, 0x29, 0x13, 0x19, 0x29, 0x13, 0x19, 0x29, 0x13, 0x19, 0x29, 0x13, 0x19, 0x29, 0x13, 0x19, 0x29, 0x1A, 0x20, 0x2F, 0xFE, 0xFE, 0xFE, 0x1A, 0x20, 0x2F, 0x13, 0x19, 0x29, 0x13, 0x19, 0x29, 0x13, 0x19, 0x29, 0x13, 0x19, 0x29, 
        0x13, 0x19, 0x29, 0x13, 0x19, 0x29, 0x13, 0x19, 0x29, 0x13, 0x19, 0x29, 0x13, 0x19, 0x29, 0x13, 0x19, 0x29, 0x13, 0x19, 0x29, 0x13, 0x19, 0x29, 0x13, 0x19, 0x29, 0x13, 0x19, 0x29, 0x13, 0x19, 0x29, 0x13, 0x19, 0x29, 0x13, 0x19, 0x29, 
        0x13, 0x19, 0x29, 0xF9, 0xF9, 0xF9, 0x27, 0x2C, 0x3B, 0x13, 0x19, 0x29, 0x13, 0x19, 0x29, 0x13, 0x19, 0x29, 0x13, 0x19, 0x29, 0x13, 0x19, 0x29, 0x13, 0x19, 0x29, 0x13, 0x19, 0x29, 0x13, 0x19, 0x29, 0x13, 0x19, 0x29, 0x13, 0x19, 0x29, 
        0x1A, 0x20, 0x2F, 0xBD, 0xBE, 0xC3, 0xBD, 0xBE, 0xC3, 0x1A, 0x20, 0x2F, 0x13, 0x19, 0x29, 0x13, 0x19, 0x29, 0x13, 0x19, 0x29, 0x13, 0x19, 0x29, 0x13, 0x19, 0x29, 0x13, 0x19, 0x29, 0x13, 0x19, 0x29, 0x13, 0x19, 0x29, 0x27, 0x2C, 0x3B, 
        0xFA, 0xFA, 0xFA, 0x13, 0x19, 0x29, 0x13, 0x19, 0x29, 0x13, 0x19, 0x29, 0x13, 0x19, 0x29, 0x13, 0x19, 0x29, 0x13, 0x19, 0x29, 0x13, 0x19, 0x29, 0x13, 0x19, 0x29, 0x13, 0x19, 0x29, 0x13, 0x19, 0x29, 0x13, 0x19, 0x29, 0x13, 0x19, 0x29, 
        0x13, 0x19, 0x29, 0x13, 0x19, 0x29, 0x13, 0x19, 0x29, 0xBA, 0xBC, 0xC0, 0xFF, 0xFF, 0xFF, 0x92, 0x95, 0x9C, 0x13, 0x19, 0x29, 0x13, 0x19, 0x29, 0x13, 0x19, 0x29, 0x13, 0x19, 0x29, 0x13, 0x19, 0x29, 0x13, 0x19, 0x29, 0x13, 0x19, 0x29, 
        0x13, 0x19, 0x29, 0x13, 0x19, 0x29, 0x13, 0x19, 0x29, 0x13, 0x19, 0x29, 0x13, 0x19, 0x29, 0x13, 0x19, 0x29, 0x13, 0x19, 0x29, 0x13, 0x19, 0x29, 0x13, 0x19, 0x29,
  0x13, 0x19, 0x29, 0x13, 0x19, 0x29, 0x13, 0x19, 0x29, 0x13, 0x19, 0x29, 0x13, 0x19, 0x29, 0x13, 0x19, 0x29, 0x13, 0x19, 0x29, 0x13, 0x19, 0x29, 0x13, 0x19, 0x29, 0x13, 0x19, 0x29, 0x13, 0x19, 0x29, 0x13, 0x19, 0x29, 0x13, 0x19, 0x29, 0x13, 0x19, 0x29, 
        0x13, 0x19, 0x29, 0x13, 0x19, 0x29, 0x41, 0x46, 0x53, 0xFF, 0xFF, 0xFF, 0xFB, 0xFB, 0xFB, 0x29, 0x2E, 0x3D, 0x13, 0x19, 0x29, 0x13, 0x19, 0x29, 0x13, 0x19, 0x29, 0x13, 0x19, 0x29, 0x13, 0x19, 0x29, 0x13, 0x19, 0x29, 0x13, 0x19, 0x29, 
        0x13, 0x19, 0x29, 0x13, 0x19, 0x29, 0x13, 0x19, 0x29, 0x13, 0x19, 0x29, 0x13, 0x19, 0x29, 0x13, 0x19, 0x29, 0x1A, 0x20, 0x2F, 0xFE, 0xFE, 0xFE, 0x1A, 0x20, 0x2F, 0x13, 0x19, 0x29, 0x13, 0x19, 0x29, 0x13, 0x19, 0x29, 0x13, 0x19, 0x29, 
        0x13, 0x19, 0x29, 0x13, 0x19, 0x29, 0x13, 0x19, 0x29, 0x13, 0x19, 0x29, 0x13, 0x19, 0x29, 0x13, 0x19, 0x29, 0x13, 0x19, 0x29, 0x13, 0x19, 0x29, 0x13, 0x19, 0x29, 0x13, 0x19, 0x29, 0x13, 0x19, 0x29, 0x13, 0x19, 0x29, 0x13, 0x19, 0x29, 
        0x13, 0x19, 0x29, 0xDE, 0xDF, 0xE1, 0x45, 0x4A, 0x57, 0x13, 0x19, 0x29, 0x13, 0x19, 0x29, 0x13, 0x19, 0x29, 0x13, 0x19, 0x29, 0x13, 0x19, 0x29, 0x13, 0x19, 0x29, 0x13, 0x19, 0x29, 0x13, 0x19, 0x29, 0x13, 0x19, 0x29, 0x13, 0x19, 0x29, 
        0x13, 0x19, 0x29, 0x1A, 0x20, 0x2F, 0xBD, 0xBE, 0xC3, 0xBD, 0xBE, 0xC3, 0x1A, 0x20, 0x2F, 0x13, 0x19, 0x29, 0x13, 0x19, 0x29, 0x13, 0x19, 0x29, 0x13, 0x19, 0x29, 0x13, 0x19, 0x29, 0x13, 0x19, 0x29, 0x13, 0x19, 0x29, 0x45, 0x4A, 0x57, 
        0xDE, 0xDF, 0xE1, 0x13, 0x19, 0x29, 0x13, 0x19, 0x29, 0x13, 0x19, 0x29, 0x13, 0x19, 0x29, 0x13, 0x19, 0x29, 0x13, 0x19, 0x29, 0x13, 0x19, 0x29, 0x13, 0x19, 0x29, 0x13, 0x19, 0x29, 0x13, 0x19, 0x29, 0x13, 0x19, 0x29, 0x13, 0x19, 0x29, 
        0x13, 0x19, 0x29, 0x13, 0x19, 0x29, 0x2A, 0x2F, 0x3E, 0xFB, 0xFB, 0xFB, 0xFF, 0xFF, 0xFF, 0x41, 0x46, 0x53, 0x13, 0x19, 0x29, 0x13, 0x19, 0x29, 0x13, 0x19, 0x29, 0x13, 0x19, 0x29, 0x13, 0x19, 0x29, 0x13, 0x19, 0x29, 0x13, 0x19, 0x29, 
        0x13, 0x19, 0x29, 0x13, 0x19, 0x29, 0x13, 0x19, 0x29, 0x13, 0x19, 0x29, 0x13, 0x19, 0x29, 0x13, 0x19, 0x29, 0x13, 0x19, 0x29, 0x13, 0x19, 0x29, 0x13, 0x19, 0x29,
  0x13, 0x19, 0x29, 0x13, 0x19, 0x29, 0x13, 0x19, 0x29, 0x13, 0x19, 0x29, 0x13, 0x19, 0x29, 0x13, 0x19, 0x29, 0x13, 0x19, 0x29, 0x13, 0x19, 0x29, 0x13, 0x19, 0x29, 0x13, 0x19, 0x29, 0x13, 0x19, 0x29, 0x13, 0x19, 0x29, 0x13, 0x19, 0x29, 0x13, 0x19, 0x29, 
        0x13, 0x19, 0x29, 0x13, 0x19, 0x29, 0x13, 0x19, 0x29, 0xD4, 0xD5, 0xD8, 0xFF, 0xFF, 0xFF, 0x82, 0x85, 0x8E, 0x13, 0x19, 0x29, 0x13, 0x19, 0x29, 0x13, 0x19, 0x29, 0x13, 0x19, 0x29, 0x13, 0x19, 0x29, 0x13, 0x19, 0x29, 0x13, 0x19, 0x29, 
        0x13, 0x19, 0x29, 0x13, 0x19, 0x29, 0x13, 0x19, 0x29, 0x13, 0x19, 0x29, 0x13, 0x19, 0x29, 0x13, 0x19, 0x29, 0x1A, 0x20, 0x2F, 0xFE, 0xFE, 0xFE, 0x1A, 0x20, 0x2F, 0x13, 0x19, 0x29, 0x13, 0x19, 0x29, 0x13, 0x19, 0x29, 0x13, 0x19, 0x29, 
        0x13, 0x19, 0x29, 0x13, 0x19, 0x29, 0x13, 0x19, 0x29, 0x13, 0x19, 0x29, 0x13, 0x19, 0x29, 0x13, 0x19, 0x29, 0x13, 0x19, 0x29, 0x13, 0x19, 0x29, 0x13, 0x19, 0x29, 0x13, 0x19, 0x29, 0x13, 0x19, 0x29, 0x13, 0x19, 0x29, 0x13, 0x19, 0x29, 
        0x13, 0x19, 0x29, 0xB1, 0xB3, 0xB8, 0x77, 0x7B, 0x84, 0x13, 0x19, 0x29, 0x13, 0x19, 0x29, 0x13, 0x19, 0x29, 0x13, 0x19, 0x29, 0x13, 0x19, 0x29, 0x13, 0x19, 0x29, 0x13, 0x19, 0x29, 0x13, 0x19, 0x29, 0x13, 0x19, 0x29, 0x13, 0x19, 0x29, 
        0x13, 0x19, 0x29, 0x13, 0x19, 0x29, 0x1A, 0x20, 0x2F, 0xBB, 0xBD, 0xC1, 0x79, 0x7D, 0x86, 0x13, 0x19, 0x29, 0x13, 0x19, 0x29, 0x13, 0x19, 0x29, 0x13, 0x19, 0x29, 0x13, 0x19, 0x29, 0x13, 0x19, 0x29, 0x13, 0x19, 0x29, 0x77, 0x7B, 0x84, 
        0xB1, 0xB3, 0xB8, 0x13, 0x19, 0x29, 0x13, 0x19, 0x29, 0x13, 0x19, 0x29, 0x13, 0x19, 0x29, 0x13, 0x19, 0x29, 0x13, 0x19, 0x29, 0x13, 0x19, 0x29, 0x13, 0x19, 0x29, 0x13, 0x19, 0x29, 0x13, 0x19, 0x29, 0x13, 0x19, 0x29, 0x13, 0x19, 0x29, 
        0x13, 0x19, 0x29, 0x13, 0x19, 0x29, 0x83, 0x86, 0x8F, 0xFF, 0xFF, 0xFF, 0xD4, 0xD5, 0xD8, 0x13, 0x19, 0x29, 0x13, 0x19, 0x29, 0x13, 0x19, 0x29, 0x13, 0x19, 0x29, 0x13, 0x19, 0x29, 0x13, 0x19, 0x29, 0x13, 0x19, 0x29, 0x13, 0x19, 0x29, 
        0x13, 0x19, 0x29, 0x13, 0x19, 0x29, 0x13, 0x19, 0x29, 0x13, 0x19, 0x29, 0x13, 0x19, 0x29, 0x13, 0x19, 0x29, 0x13, 0x19, 0x29, 0x13, 0x19, 0x29, 0x13, 0x19, 0x29,
  0x13, 0x19, 0x29, 0x13, 0x19, 0x29, 0x13, 0x19, 0x29, 0x13, 0x19, 0x29, 0x13, 0x19, 0x29, 0x13, 0x19, 0x29, 0x13, 0x19, 0x29, 0x13, 0x19, 0x29, 0x13, 0x19, 0x29, 0x13, 0x19, 0x29, 0x13, 0x19, 0x29, 0x13, 0x19, 0x29, 0x13, 0x19, 0x29, 0x13, 0x19, 0x29, 
        0x13, 0x19, 0x29, 0x13, 0x19, 0x29, 0x13, 0x19, 0x29, 0x75, 0x79, 0x82, 0xFF, 0xFF, 0xFF, 0xE5, 0xE5, 0xE7, 0x17, 0x1D, 0x2D, 0x13, 0x19, 0x29, 0x13, 0x19, 0x29, 0x13, 0x19, 0x29, 0x13, 0x19, 0x29, 0x13, 0x19, 0x29, 0x13, 0x19, 0x29, 
        0x13, 0x19, 0x29, 0x13, 0x19, 0x29, 0x13, 0x19, 0x29, 0x13, 0x19, 0x29, 0x13, 0x19, 0x29, 0x13, 0x19, 0x29, 0x1A, 0x20, 0x2F, 0xFE, 0xFE, 0xFE, 0x1A, 0x20, 0x2F, 0x13, 0x19, 0x29, 0x13, 0x19, 0x29, 0x13, 0x19, 0x29, 0x13, 0x19, 0x29, 
        0x13, 0x19, 0x29, 0x13, 0x19, 0x29, 0x13, 0x19, 0x29, 0x13, 0x19, 0x29, 0x13, 0x19, 0x29, 0x13, 0x19, 0x29, 0x13, 0x19, 0x29, 0x13, 0x19, 0x29, 0x13, 0x19, 0x29, 0x13, 0x19, 0x29, 0x13, 0x19, 0x29, 0x13, 0x19, 0x29, 0x13, 0x19, 0x29, 
        0x13, 0x19, 0x29, 0x6F, 0x73, 0x7D, 0xC0, 0xC1, 0xC5, 0x13, 0x19, 0x29, 0x13, 0x19, 0x29, 0x13, 0x19, 0x29, 0x13, 0x19, 0x29, 0x13, 0x19, 0x29, 0x13, 0x19, 0x29, 0x13, 0x19, 0x29, 0x13, 0x19, 0x29, 0x13, 0x19, 0x29, 0x13, 0x19, 0x29, 
        0x13, 0x19, 0x29, 0x13, 0x19, 0x29, 0x13, 0x19, 0x29, 0x13, 0x19, 0x29, 0x13, 0x19, 0x29, 0x13, 0x19, 0x29, 0x13, 0x19, 0x29, 0x13, 0x19, 0x29, 0x13, 0x19, 0x29, 0x13, 0x19, 0x29, 0x13, 0x19, 0x29, 0x13, 0x19, 0x29, 0xC0, 0xC1, 0xC5, 
        0x6F, 0x73, 0x7D, 0x13, 0x19, 0x29, 0x13, 0x19, 0x29, 0x13, 0x19, 0x29, 0x13, 0x19, 0x29, 0x13, 0x19, 0x29, 0x13, 0x19, 0x29, 0x13, 0x19, 0x29, 0x13, 0x19, 0x29, 0x13, 0x19, 0x29, 0x13, 0x19, 0x29, 0x13, 0x19, 0x29, 0x13, 0x19, 0x29, 
        0x13, 0x19, 0x29, 0x17, 0x1D, 0x2D, 0xE5, 0xE5, 0xE7, 0xFF, 0xFF, 0xFF, 0x75, 0x79, 0x82, 0x13, 0x19, 0x29, 0x13, 0x19, 0x29, 0x13, 0x19, 0x29, 0x13, 0x19, 0x29, 0x13, 0x19, 0x29, 0x13, 0x19, 0x29, 0x13, 0x19, 0x29, 0x13, 0x19, 0x29, 
        0x13, 0x19, 0x29, 0x13, 0x19, 0x29, 0x13, 0x19, 0x29, 0x13, 0x19, 0x29, 0x13, 0x19, 0x29, 0x13, 0x19, 0x29, 0x13, 0x19, 0x29, 0x13, 0x19, 0x29, 0x13, 0x19, 0x29,
  0x13, 0x19, 0x29, 0x13, 0x19, 0x29, 0x13, 0x19, 0x29, 0x13, 0x19, 0x29, 0x13, 0x19, 0x29, 0x13, 0x19, 0x29, 0x13, 0x19, 0x29, 0x13, 0x19, 0x29, 0x13, 0x19, 0x29, 0x13, 0x19, 0x29, 0x13, 0x19, 0x29, 0x13, 0x19, 0x29, 0x13, 0x19, 0x29, 0x13, 0x19, 0x29, 
        0x13, 0x19, 0x29, 0x13, 0x19, 0x29, 0x13, 0x19, 0x29, 0x1E, 0x23, 0x33, 0xF0, 0xF0, 0xF1, 0xFF, 0xFF, 0xFF, 0x67, 0x6B, 0x75, 0x13, 0x19, 0x29, 0x13, 0x19, 0x29, 0x13, 0x19, 0x29, 0x13, 0x19, 0x29, 0x13, 0x19, 0x29, 0x13, 0x19, 0x29, 
        0x13, 0x19, 0x29, 0x13, 0x19, 0x29, 0x13, 0x19, 0x29, 0x13, 0x19, 0x29, 0x13, 0x19, 0x29, 0x13, 0x19, 0x29, 0x1A, 0x20, 0x2F, 0xFE, 0xFE, 0xFE, 0x1A, 0x20, 0x2F, 0x13, 0x19, 0x29, 0x13, 0x19, 0x29, 0x13, 0x19, 0x29, 0x13, 0x19, 0x29, 
        0x13, 0x19, 0x29, 0x13, 0x19, 0x29, 0x13, 0x19, 0x29, 0x13, 0x19, 0x29, 0x13, 0x19, 0x29, 0x13, 0x19, 0x29, 0x13, 0x19, 0x29, 0x13, 0x19, 0x29, 0x13, 0x19, 0x29, 0x13, 0x19, 0x29, 0x13, 0x19, 0x29, 0x13, 0x19, 0x29, 0x13, 0x19, 0x29, 
        0x13, 0x19, 0x29, 0x22, 0x28, 0x37, 0xF2, 0xF3, 0xF4, 0x36, 0x3B, 0x49, 0x13, 0x19, 0x29, 0x13, 0x19, 0x29, 0x13, 0x19, 0x29, 0x13, 0x19, 0x29, 0x13, 0x19, 0x29, 0x13, 0x19, 0x29, 0x13, 0x19, 0x29, 0x13, 0x19, 0x29, 0x13, 0x19, 0x29, 
        0x13, 0x19, 0x29, 0x13, 0x19, 0x29, 0x13, 0x19, 0x29, 0x13, 0x19, 0x29, 0x13, 0x19, 0x29, 0x13, 0x19, 0x29, 0x13, 0x19, 0x29, 0x13, 0x19, 0x29, 0x13, 0x19, 0x29, 0x13, 0x19, 0x29, 0x13, 0x19, 0x29, 0x36, 0x3B, 0x49, 0xF2, 0xF3, 0xF4, 
        0x22, 0x28, 0x37, 0x13, 0x19, 0x29, 0x13, 0x19, 0x29, 0x13, 0x19, 0x29, 0x13, 0x19, 0x29, 0x13, 0x19, 0x29, 0x13, 0x19, 0x29, 0x13, 0x19, 0x29, 0x13, 0x19, 0x29, 0x13, 0x19, 0x29, 0x13, 0x19, 0x29, 0x13, 0x19, 0x29, 0x13, 0x19, 0x29, 
        0x13, 0x19, 0x29, 0x67, 0x6B, 0x75, 0xFF, 0xFF, 0xFF, 0xF0, 0xF0, 0xF1, 0x1E, 0x23, 0x33, 0x13, 0x19, 0x29, 0x13, 0x19, 0x29, 0x13, 0x19, 0x29, 0x13, 0x19, 0x29, 0x13, 0x19, 0x29, 0x13, 0x19, 0x29, 0x13, 0x19, 0x29, 0x13, 0x19, 0x29, 
        0x13, 0x19, 0x29, 0x13, 0x19, 0x29, 0x13, 0x19, 0x29, 0x13, 0x19, 0x29, 0x13, 0x19, 0x29, 0x13, 0x19, 0x29, 0x13, 0x19, 0x29, 0x13, 0x19, 0x29, 0x13, 0x19, 0x29,
  0x13, 0x19, 0x29, 0x13, 0x19, 0x29, 0x13, 0x19, 0x29, 0x13, 0x19, 0x29, 0x13, 0x19, 0x29, 0x13, 0x19, 0x29, 0x13, 0x19, 0x29, 0x13, 0x19, 0x29, 0x13, 0x19, 0x29, 0x13, 0x19, 0x29, 0x13, 0x19, 0x29, 0x13, 0x19, 0x29, 0x13, 0x19, 0x29, 0x13, 0x19, 0x29, 
        0x13, 0x19, 0x29, 0x13, 0x19, 0x29, 0x13, 0x19, 0x29, 0x13, 0x19, 0x29, 0x8E, 0x91, 0x99, 0xFF, 0xFF, 0xFF, 0xDA, 0xDB, 0xDE, 0x15, 0x1B, 0x2B, 0x13, 0x19, 0x29, 0x13, 0x19, 0x29, 0x13, 0x19, 0x29, 0x13, 0x19, 0x29, 0x13, 0x19, 0x29, 
        0x13, 0x19, 0x29, 0x13, 0x19, 0x29, 0x13, 0x19, 0x29, 0x13, 0x19, 0x29, 0x13, 0x19, 0x29, 0x13, 0x19, 0x29, 0x1A, 0x20, 0x2F, 0xFE, 0xFE, 0xFE, 0x1A, 0x20, 0x2F, 0x13, 0x19, 0x29, 0x13, 0x19, 0x29, 0x13, 0x19, 0x29, 0x13, 0x19, 0x29, 
        0x13, 0x19, 0x29, 0x13, 0x19, 0x29, 0x13, 0x19, 0x29, 0x13, 0x19, 0x29, 0x13, 0x19, 0x29, 0x13, 0x19, 0x29, 0x13, 0x19, 0x29, 0x13, 0x19, 0x29, 0x13, 0x19, 0x29, 0x13, 0x19, 0x29, 0x13, 0x19, 0x29, 0x13, 0x19, 0x29, 0x13, 0x19, 0x29, 
        0x13, 0x19, 0x29, 0x13, 0x19, 0x29, 0x96, 0x99, 0xA0, 0xAE, 0xB0, 0xB6, 0x13, 0x19, 0x29, 0x13, 0x19, 0x29, 0x13, 0x19, 0x29, 0x13, 0x19, 0x29, 0x13, 0x19, 0x29, 0x13, 0x19, 0x29, 0x13, 0x19, 0x29, 0x13, 0x19, 0x29, 0x13, 0x19, 0x29, 
        0x13, 0x19, 0x29, 0x13, 0x19, 0x29, 0x13, 0x19, 0x29, 0x13, 0x19, 0x29, 0x13, 0x19, 0x29, 0x13, 0x19, 0x29, 0x13, 0x19, 0x29, 0x13, 0x19, 0x29, 0x13, 0x19, 0x29, 0x13, 0x19, 0x29, 0x13, 0x19, 0x29, 0xAE, 0xB0, 0xB6, 0x97, 0x9A, 0xA1, 
        0x13, 0x19, 0x29, 0x13, 0x19, 0x29, 0x13, 0x19, 0x29, 0x13, 0x19, 0x29, 0x13, 0x19, 0x29, 0x13, 0x19, 0x29, 0x13, 0x19, 0x29, 0x13, 0x19, 0x29, 0x13, 0x19, 0x29, 0x13, 0x19, 0x29, 0x13, 0x19, 0x29, 0x13, 0x19, 0x29, 0x13, 0x19, 0x29, 
        0x15, 0x1B, 0x2B, 0xDA, 0xDB, 0xDE, 0xFF, 0xFF, 0xFF, 0x8E, 0x91, 0x99, 0x13, 0x19, 0x29, 0x13, 0x19, 0x29, 0x13, 0x19, 0x29, 0x13, 0x19, 0x29, 0x13, 0x19, 0x29, 0x13, 0x19, 0x29, 0x13, 0x19, 0x29, 0x13, 0x19, 0x29, 0x13, 0x19, 0x29, 
        0x13, 0x19, 0x29, 0x13, 0x19, 0x29, 0x13, 0x19, 0x29, 0x13, 0x19, 0x29, 0x13, 0x19, 0x29, 0x13, 0x19, 0x29, 0x13, 0x19, 0x29, 0x13, 0x19, 0x29, 0x13, 0x19, 0x29,
  0x13, 0x19, 0x29, 0x13, 0x19, 0x29, 0x13, 0x19, 0x29, 0x13, 0x19, 0x29, 0x13, 0x19, 0x29, 0x13, 0x19, 0x29, 0x13, 0x19, 0x29, 0x13, 0x19, 0x29, 0x13, 0x19, 0x29, 0x13, 0x19, 0x29, 0x13, 0x19, 0x29, 0x13, 0x19, 0x29, 0x13, 0x19, 0x29, 0x13, 0x19, 0x29, 
        0x13, 0x19, 0x29, 0x13, 0x19, 0x29, 0x13, 0x19, 0x29, 0x13, 0x19, 0x29, 0x23, 0x29, 0x38, 0xF2, 0xF2, 0xF3, 0xFF, 0xFF, 0xFF, 0x6E, 0x71, 0x7B, 0x13, 0x19, 0x29, 0x13, 0x19, 0x29, 0x13, 0x19, 0x29, 0x13, 0x19, 0x29, 0x13, 0x19, 0x29, 
        0x13, 0x19, 0x29, 0x13, 0x19, 0x29, 0x13, 0x19, 0x29, 0x13, 0x19, 0x29, 0x13, 0x19, 0x29, 0x13, 0x19, 0x29, 0x16, 0x1C, 0x2C, 0xF6, 0xF6, 0xF7, 0x93, 0x96, 0x9D, 0x8F, 0x92, 0x9A, 0x8F, 0x92, 0x9A, 0x8F, 0x92, 0x9A, 0x8F, 0x92, 0x9A, 
        0x8F, 0x92, 0x9A, 0x8F, 0x92, 0x9A, 0x8F, 0x92, 0x9A, 0x8F, 0x92, 0x9A, 0x8F, 0x92, 0x9A, 0x8F, 0x92, 0x9A, 0x8F, 0x92, 0x9A, 0x8F, 0x92, 0x9A, 0x8F, 0x92, 0x9A, 0x8F, 0x92, 0x9A, 0x8F, 0x92, 0x9A, 0x56, 0x5A, 0x66, 0x13, 0x19, 0x29, 
        0x13, 0x19, 0x29, 0x13, 0x19, 0x29, 0x22, 0x28, 0x37, 0xE9, 0xEA, 0xEB, 0x5D, 0x61, 0x6C, 0x13, 0x19, 0x29, 0x13, 0x19, 0x29, 0x13, 0x19, 0x29, 0x13, 0x19, 0x29, 0x13, 0x19, 0x29, 0x13, 0x19, 0x29, 0x13, 0x19, 0x29, 0x13, 0x19, 0x29, 
        0x13, 0x19, 0x29, 0x13, 0x19, 0x29, 0x13, 0x19, 0x29, 0x13, 0x19, 0x29, 0x13, 0x19, 0x29, 0x13, 0x19, 0x29, 0x13, 0x19, 0x29, 0x13, 0x19, 0x29, 0x13, 0x19, 0x29, 0x13, 0x19, 0x29, 0x5D, 0x61, 0x6C, 0xE9, 0xEA, 0xEB, 0x22, 0x28, 0x37, 
        0x13, 0x19, 0x29, 0x13, 0x19, 0x29, 0x13, 0x19, 0x29, 0x13, 0x19, 0x29, 0x13, 0x19, 0x29, 0x13, 0x19, 0x29, 0x13, 0x19, 0x29, 0x13, 0x19, 0x29, 0x13, 0x19, 0x29, 0x13, 0x19, 0x29, 0x13, 0x19, 0x29, 0x13, 0x19, 0x29, 0x13, 0x19, 0x29, 
        0x6E, 0x71, 0x7B, 0xFF, 0xFF, 0xFF, 0xF2, 0xF3, 0xF4, 0x24, 0x2A, 0x39, 0x13, 0x19, 0x29, 0x13, 0x19, 0x29, 0x13, 0x19, 0x29, 0x13, 0x19, 0x29, 0x13, 0x19, 0x29, 0x13, 0x19, 0x29, 0x13, 0x19, 0x29, 0x13, 0x19, 0x29, 0x13, 0x19, 0x29, 
        0x13, 0x19, 0x29, 0x13, 0x19, 0x29, 0x13, 0x19, 0x29, 0x13, 0x19, 0x29, 0x13, 0x19, 0x29, 0x13, 0x19, 0x29, 0x13, 0x19, 0x29, 0x13, 0x19, 0x29, 0x13, 0x19, 0x29,
  0x13, 0x19, 0x29, 0x13, 0x19, 0x29, 0x13, 0x19, 0x29, 0x13, 0x19, 0x29, 0x13, 0x19, 0x29, 0x13, 0x19, 0x29, 0x13, 0x19, 0x29, 0x13, 0x19, 0x29, 0x13, 0x19, 0x29, 0x13, 0x19, 0x29, 0x13, 0x19, 0x29, 0x13, 0x19, 0x29, 0x13, 0x19, 0x29, 0x13, 0x19, 0x29, 
        0x13, 0x19, 0x29, 0x13, 0x19, 0x29, 0x13, 0x19, 0x29, 0x13, 0x19, 0x29, 0x13, 0x19, 0x29, 0x86, 0x89, 0x91, 0xFF, 0xFF, 0xFF, 0xE9, 0xEA, 0xEB, 0x1F, 0x24, 0x34, 0x13, 0x19, 0x29, 0x13, 0x19, 0x29, 0x13, 0x19, 0x29, 0x13, 0x19, 0x29, 
        0x13, 0x19, 0x29, 0x13, 0x19, 0x29, 0x13, 0x19, 0x29, 0x13, 0x19, 0x29, 0x13, 0x19, 0x29, 0x13, 0x19, 0x29, 0x13, 0x19, 0x29, 0x57, 0x5B, 0x67, 0x8F, 0x92, 0x9A, 0x8F, 0x92, 0x9A, 0x8F, 0x92, 0x9A, 0x8F, 0x92, 0x9A, 0x8F, 0x92, 0x9A, 
        0x8F, 0x92, 0x9A, 0x8F, 0x92, 0x9A, 0x8F, 0x92, 0x9A, 0x8F, 0x92, 0x9A, 0x8F, 0x92, 0x9A, 0x8F, 0x92, 0x9A, 0x8F, 0x92, 0x9A, 0x8F, 0x92, 0x9A, 0x8F, 0x92, 0x9A, 0x8F, 0x92, 0x9A, 0x8F, 0x92, 0x9A, 0x56, 0x5A, 0x66, 0x13, 0x19, 0x29, 
        0x13, 0x19, 0x29, 0x13, 0x19, 0x29, 0x13, 0x19, 0x29, 0x53, 0x58, 0x63, 0xEE, 0xEE, 0xEF, 0x3C, 0x41, 0x4E, 0x13, 0x19, 0x29, 0x13, 0x19, 0x29, 0x13, 0x19, 0x29, 0x13, 0x19, 0x29, 0x13, 0x19, 0x29, 0x13, 0x19, 0x29, 0x13, 0x19, 0x29, 
        0x13, 0x19, 0x29, 0x13, 0x19, 0x29, 0x13, 0x19, 0x29, 0x13, 0x19, 0x29, 0x13, 0x19, 0x29, 0x13, 0x19, 0x29, 0x13, 0x19, 0x29, 0x13, 0x19, 0x29, 0x13, 0x19, 0x29, 0x3C, 0x41, 0x4E, 0xEE, 0xEE, 0xEF, 0x53, 0x58, 0x63, 0x13, 0x19, 0x29, 
        0x13, 0x19, 0x29, 0x13, 0x19, 0x29, 0x13, 0x19, 0x29, 0x13, 0x19, 0x29, 0x13, 0x19, 0x29, 0x13, 0x19, 0x29, 0x13, 0x19, 0x29, 0x13, 0x19, 0x29, 0x13, 0x19, 0x29, 0x13, 0x19, 0x29, 0x13, 0x19, 0x29, 0x13, 0x19, 0x29, 0x20, 0x25, 0x34, 
        0xE9, 0xEA, 0xEB, 0xFF, 0xFF, 0xFF, 0x88, 0x8B, 0x93, 0x13, 0x19, 0x29, 0x13, 0x19, 0x29, 0x13, 0x19, 0x29, 0x13, 0x19, 0x29, 0x13, 0x19, 0x29, 0x13, 0x19, 0x29, 0x13, 0x19, 0x29, 0x13, 0x19, 0x29, 0x13, 0x19, 0x29, 0x13, 0x19, 0x29, 
        0x13, 0x19, 0x29, 0x13, 0x19, 0x29, 0x13, 0x19, 0x29, 0x13, 0x19, 0x29, 0x13, 0x19, 0x29, 0x13, 0x19, 0x29, 0x13, 0x19, 0x29, 0x13, 0x19, 0x29, 0x13, 0x19, 0x29,
  0x13, 0x19, 0x29, 0x13, 0x19, 0x29, 0x13, 0x19, 0x29, 0x13, 0x19, 0x29, 0x13, 0x19, 0x29, 0x13, 0x19, 0x29, 0x13, 0x19, 0x29, 0x13, 0x19, 0x29, 0x13, 0x19, 0x29, 0x13, 0x19, 0x29, 0x13, 0x19, 0x29, 0x13, 0x19, 0x29, 0x13, 0x19, 0x29, 0x13, 0x19, 0x29, 
        0x13, 0x19, 0x29, 0x13, 0x19, 0x29, 0x13, 0x19, 0x29, 0x13, 0x19, 0x29, 0x13, 0x19, 0x29, 0x1B, 0x21, 0x30, 0xE4, 0xE4, 0xE6, 0xFF, 0xFF, 0xFF, 0x98, 0x9B, 0xA2, 0x13, 0x19, 0x29, 0x13, 0x19, 0x29, 0x13, 0x19, 0x29, 0x13, 0x19, 0x29, 
        0x13, 0x19, 0x29, 0x13, 0x19, 0x29, 0x13, 0x19, 0x29, 0x13, 0x19, 0x29, 0x13, 0x19, 0x29, 0x13, 0x19, 0x29, 0x13, 0x19, 0x29, 0x13, 0x19, 0x29, 0x13, 0x19, 0x29, 0x13, 0x19, 0x29, 0x13, 0x19, 0x29, 0x13, 0x19, 0x29, 0x13, 0x19, 0x29, 
        0x13, 0x19, 0x29, 0x13, 0x19, 0x29, 0x13, 0x19, 0x29, 0x13, 0x19, 0x29, 0x13, 0x19, 0x29, 0x13, 0x19, 0x29, 0x13, 0x19, 0x29, 0x13, 0x19, 0x29, 0x13, 0x19, 0x29, 0x13, 0x19, 0x29, 0x13, 0x19, 0x29, 0x13, 0x19, 0x29, 0x13, 0x19, 0x29, 
        0x13, 0x19, 0x29, 0x13, 0x19, 0x29, 0x13, 0x19, 0x29, 0x13, 0x19, 0x29, 0x72, 0x75, 0x7F, 0xEA, 0xEB, 0xEC, 0x45, 0x4A, 0x57, 0x13, 0x19, 0x29, 0x13, 0x19, 0x29, 0x13, 0x19, 0x29, 0x13, 0x19, 0x29, 0x13, 0x19, 0x29, 0x13, 0x19, 0x29, 
        0x13, 0x19, 0x29, 0x13, 0x19, 0x29, 0x13, 0x19, 0x29, 0x13, 0x19, 0x29, 0x13, 0x19, 0x29, 0x13, 0x19, 0x29, 0x13, 0x19, 0x29, 0x13, 0x19, 0x29, 0x45, 0x4A, 0x57, 0xEA, 0xEB, 0xEC, 0x72, 0x75, 0x7F, 0x13, 0x19, 0x29, 0x13, 0x19, 0x29, 
        0x13, 0x19, 0x29, 0x13, 0x19, 0x29, 0x13, 0x19, 0x29, 0x13, 0x19, 0x29, 0x13, 0x19, 0x29, 0x13, 0x19, 0x29, 0x13, 0x19, 0x29, 0x13, 0x19, 0x29, 0x13, 0x19, 0x29, 0x13, 0x19, 0x29, 0x13, 0x19, 0x29, 0x13, 0x19, 0x29, 0x98, 0x9B, 0xA2, 
        0xFF, 0xFF, 0xFF, 0xE4, 0xE4, 0xE6, 0x1C, 0x22, 0x31, 0x13, 0x19, 0x29, 0x13, 0x19, 0x29, 0x13, 0x19, 0x29, 0x13, 0x19, 0x29, 0x13, 0x19, 0x29, 0x13, 0x19, 0x29, 0x13, 0x19, 0x29, 0x13, 0x19, 0x29, 0x13, 0x19, 0x29, 0x13, 0x19, 0x29, 
        0x13, 0x19, 0x29, 0x13, 0x19, 0x29, 0x13, 0x19, 0x29, 0x13, 0x19, 0x29, 0x13, 0x19, 0x29, 0x13, 0x19, 0x29, 0x13, 0x19, 0x29, 0x13, 0x19, 0x29, 0x13, 0x19, 0x29,
  0x13, 0x19, 0x29, 0x13, 0x19, 0x29, 0x13, 0x19, 0x29, 0x13, 0x19, 0x29, 0x13, 0x19, 0x29, 0x13, 0x19, 0x29, 0x13, 0x19, 0x29, 0x13, 0x19, 0x29, 0x13, 0x19, 0x29, 0x13, 0x19, 0x29, 0x13, 0x19, 0x29, 0x13, 0x19, 0x29, 0x13, 0x19, 0x29, 0x13, 0x19, 0x29, 
        0x13, 0x19, 0x29, 0x13, 0x19, 0x29, 0x13, 0x19, 0x29, 0x13, 0x19, 0x29, 0x13, 0x19, 0x29, 0x13, 0x19, 0x29, 0x5F, 0x63, 0x6E, 0xFF, 0xFF, 0xFF, 0xFD, 0xFD, 0xFD, 0x46, 0x4A, 0x57, 0x13, 0x19, 0x29, 0x13, 0x19, 0x29, 0x13, 0x19, 0x29, 
        0x13, 0x19, 0x29, 0x13, 0x19, 0x29, 0x13, 0x19, 0x29, 0x13, 0x19, 0x29, 0x13, 0x19, 0x29, 0x13, 0x19, 0x29, 0x13, 0x19, 0x29, 0x13, 0x19, 0x29, 0x13, 0x19, 0x29, 0x13, 0x19, 0x29, 0x13, 0x19, 0x29, 0x13, 0x19, 0x29, 0x13, 0x19, 0x29, 
        0x13, 0x19, 0x29, 0x13, 0x19, 0x29, 0x13, 0x19, 0x29, 0x13, 0x19, 0x29, 0x13, 0x19, 0x29, 0x13, 0x19, 0x29, 0x13, 0x19, 0x29, 0x13, 0x19, 0x29, 0x13, 0x19, 0x29, 0x13, 0x19, 0x29, 0x13, 0x19, 0x29, 0x13, 0x19, 0x29, 0x13, 0x19, 0x29, 
        0x13, 0x19, 0x29, 0x13, 0x19, 0x29, 0x13, 0x19, 0x29, 0x13, 0x19, 0x29, 0x13, 0x19, 0x29, 0x6A, 0x6D, 0x77, 0xF2, 0xF2, 0xF3, 0x82, 0x85, 0x8D, 0x17, 0x1D, 0x2D, 0x13, 0x19, 0x29, 0x13, 0x19, 0x29, 0x13, 0x19, 0x29, 0x13, 0x19, 0x29, 
        0x13, 0x19, 0x29, 0x13, 0x19, 0x29, 0x13, 0x19, 0x29, 0x13, 0x19, 0x29, 0x13, 0x19, 0x29, 0x13, 0x19, 0x29, 0x17, 0x1D, 0x2D, 0x81, 0x84, 0x8C, 0xF2, 0xF2, 0xF3, 0x6A, 0x6D, 0x77, 0x13, 0x19, 0x29, 0x13, 0x19, 0x29, 0x13, 0x19, 0x29, 
        0x13, 0x19, 0x29, 0x13, 0x19, 0x29, 0x13, 0x19, 0x29, 0x13, 0x19, 0x29, 0x13, 0x19, 0x29, 0x13, 0x19, 0x29, 0x13, 0x19, 0x29, 0x13, 0x19, 0x29, 0x13, 0x19, 0x29, 0x13, 0x19, 0x29, 0x13, 0x19, 0x29, 0x46, 0x4A, 0x57, 0xFD, 0xFD, 0xFD, 
        0xFF, 0xFF, 0xFF, 0x5E, 0x62, 0x6D, 0x13, 0x19, 0x29, 0x13, 0x19, 0x29, 0x13, 0x19, 0x29, 0x13, 0x19, 0x29, 0x13, 0x19, 0x29, 0x13, 0x19, 0x29, 0x13, 0x19, 0x29, 0x13, 0x19, 0x29, 0x13, 0x19, 0x29, 0x13, 0x19, 0x29, 0x13, 0x19, 0x29, 
        0x13, 0x19, 0x29, 0x13, 0x19, 0x29, 0x13, 0x19, 0x29, 0x13, 0x19, 0x29, 0x13, 0x19, 0x29, 0x13, 0x19, 0x29, 0x13, 0x19, 0x29, 0x13, 0x19, 0x29, 0x13, 0x19, 0x29,
  0x13, 0x19, 0x29, 0x13, 0x19, 0x29, 0x13, 0x19, 0x29, 0x13, 0x19, 0x29, 0x13, 0x19, 0x29, 0x13, 0x19, 0x29, 0x13, 0x19, 0x29, 0x13, 0x19, 0x29, 0x13, 0x19, 0x29, 0x13, 0x19, 0x29, 0x13, 0x19, 0x29, 0x13, 0x19, 0x29, 0x13, 0x19, 0x29, 0x13, 0x19, 0x29, 
        0x13, 0x19, 0x29, 0x13, 0x19, 0x29, 0x13, 0x19, 0x29, 0x13, 0x19, 0x29, 0x13, 0x19, 0x29, 0x13, 0x19, 0x29, 0x13, 0x19, 0x29, 0xB4, 0xB6, 0xBB, 0xFF, 0xFF, 0xFF, 0xDD, 0xDE, 0xE0, 0x1E, 0x23, 0x33, 0x13, 0x19, 0x29, 0x13, 0x19, 0x29, 
        0x13, 0x19, 0x29, 0x13, 0x19, 0x29, 0x13, 0x19, 0x29, 0x13, 0x19, 0x29, 0x13, 0x19, 0x29, 0x13, 0x19, 0x29, 0x13, 0x19, 0x29, 0x13, 0x19, 0x29, 0x13, 0x19, 0x29, 0x13, 0x19, 0x29, 0x13, 0x19, 0x29, 0x13, 0x19, 0x29, 0x13, 0x19, 0x29, 
        0x13, 0x19, 0x29, 0x13, 0x19, 0x29, 0x13, 0x19, 0x29, 0x13, 0x19, 0x29, 0x13, 0x19, 0x29, 0x13, 0x19, 0x29, 0x13, 0x19, 0x29, 0x13, 0x19, 0x29, 0x13, 0x19, 0x29, 0x13, 0x19, 0x29, 0x13, 0x19, 0x29, 0x13, 0x19, 0x29, 0x13, 0x19, 0x29, 
        0x13, 0x19, 0x29, 0x13, 0x19, 0x29, 0x13, 0x19, 0x29, 0x13, 0x19, 0x29, 0x13, 0x19, 0x29, 0x13, 0x19, 0x29, 0x3D, 0x42, 0x4F, 0xCA, 0xCB, 0xCF, 0xDC, 0xDD, 0xDF, 0x74, 0x77, 0x81, 0x23, 0x29, 0x38, 0x13, 0x19, 0x29, 0x13, 0x19, 0x29, 
        0x13, 0x19, 0x29, 0x13, 0x19, 0x29, 0x13, 0x19, 0x29, 0x13, 0x19, 0x29, 0x23, 0x29, 0x38, 0x74, 0x77, 0x81, 0xDC, 0xDD, 0xDF, 0xCA, 0xCB, 0xCF, 0x3D, 0x42, 0x4F, 0x13, 0x19, 0x29, 0x13, 0x19, 0x29, 0x13, 0x19, 0x29, 0x13, 0x19, 0x29, 
        0x13, 0x19, 0x29, 0x13, 0x19, 0x29, 0x13, 0x19, 0x29, 0x13, 0x19, 0x29, 0x13, 0x19, 0x29, 0x13, 0x19, 0x29, 0x13, 0x19, 0x29, 0x13, 0x19, 0x29, 0x13, 0x19, 0x29, 0x13, 0x19, 0x29, 0x1E, 0x23, 0x33, 0xDD, 0xDE, 0xE0, 0xFF, 0xFF, 0xFF, 
        0xB3, 0xB5, 0xBA, 0x13, 0x19, 0x29, 0x13, 0x19, 0x29, 0x13, 0x19, 0x29, 0x13, 0x19, 0x29, 0x13, 0x19, 0x29, 0x13, 0x19, 0x29, 0x13, 0x19, 0x29, 0x13, 0x19, 0x29, 0x13, 0x19, 0x29, 0x13, 0x19, 0x29, 0x13, 0x19, 0x29, 0x13, 0x19, 0x29, 
        0x13, 0x19, 0x29, 0x13, 0x19, 0x29, 0x13, 0x19, 0x29, 0x13, 0x19, 0x29, 0x13, 0x19, 0x29, 0x13, 0x19, 0x29, 0x13, 0x19, 0x29, 0x13, 0x19, 0x29, 0x13, 0x19, 0x29,
  0x13, 0x19, 0x29, 0x13, 0x19, 0x29, 0x13, 0x19, 0x29, 0x13, 0x19, 0x29, 0x13, 0x19, 0x29, 0x13, 0x19, 0x29, 0x13, 0x19, 0x29, 0x13, 0x19, 0x29, 0x13, 0x19, 0x29, 0x13, 0x19, 0x29, 0x13, 0x19, 0x29, 0x13, 0x19, 0x29, 0x13, 0x19, 0x29, 0x13, 0x19, 0x29, 
        0x13, 0x19, 0x29, 0x13, 0x19, 0x29, 0x13, 0x19, 0x29, 0x13, 0x19, 0x29, 0x13, 0x19, 0x29, 0x13, 0x19, 0x29, 0x13, 0x19, 0x29, 0x28, 0x2D, 0x3C, 0xEA, 0xEB, 0xEC, 0xFF, 0xFF, 0xFF, 0xA6, 0xA9, 0xAF, 0x13, 0x19, 0x29, 0x13, 0x19, 0x29, 
        0x13, 0x19, 0x29, 0x13, 0x19, 0x29, 0x13, 0x19, 0x29, 0x13, 0x19, 0x29, 0x13, 0x19, 0x29, 0x13, 0x19, 0x29, 0x13, 0x19, 0x29, 0x13, 0x19, 0x29, 0x13, 0x19, 0x29, 0x13, 0x19, 0x29, 0x13, 0x19, 0x29, 0x13, 0x19, 0x29, 0x13, 0x19, 0x29, 
        0x13, 0x19, 0x29, 0x13, 0x19, 0x29, 0x13, 0x19, 0x29, 0x13, 0x19, 0x29, 0x13, 0x19, 0x29, 0x13, 0x19, 0x29, 0x13, 0x19, 0x29, 0x13, 0x19, 0x29, 0x13, 0x19, 0x29, 0x13, 0x19, 0x29, 0x13, 0x19, 0x29, 0x13, 0x19, 0x29, 0x13, 0x19, 0x29, 
        0x13, 0x19, 0x29, 0x13, 0x19, 0x29, 0x13, 0x19, 0x29, 0x13, 0x19, 0x29, 0x13, 0x19, 0x29, 0x13, 0x19, 0x29, 0x13, 0x19, 0x29, 0x13, 0x19, 0x29, 0x59, 0x5D, 0x68, 0xBC, 0xBE, 0xC2, 0xF9, 0xF9, 0xF9, 0xD1, 0xD2, 0xD5, 0xA9, 0xAC, 0xB1, 
        0x95, 0x98, 0x9F, 0x95, 0x98, 0x9F, 0xA9, 0xAC, 0xB1, 0xD1, 0xD2, 0xD5, 0xF9, 0xF9, 0xF9, 0xBC, 0xBE, 0xC2, 0x59, 0x5D, 0x68, 0x13, 0x19, 0x29, 0x13, 0x19, 0x29, 0x13, 0x19, 0x29, 0x13, 0x19, 0x29, 0x13, 0x19, 0x29, 0x13, 0x19, 0x29, 
        0x13, 0x19, 0x29, 0x13, 0x19, 0x29, 0x13, 0x19, 0x29, 0x13, 0x19, 0x29, 0x13, 0x19, 0x29, 0x13, 0x19, 0x29, 0x13, 0x19, 0x29, 0x13, 0x19, 0x29, 0x13, 0x19, 0x29, 0x13, 0x19, 0x29, 0xA7, 0xA9, 0xAF, 0xFF, 0xFF, 0xFF, 0xEA, 0xEB, 0xEC, 
        0x27, 0x2D, 0x3B, 0x13, 0x19, 0x29, 0x13, 0x19, 0x29, 0x13, 0x19, 0x29, 0x13, 0x19, 0x29, 0x13, 0x19, 0x29, 0x13, 0x19, 0x29, 0x13, 0x19, 0x29, 0x13, 0x19, 0x29, 0x13, 0x19, 0x29, 0x13, 0x19, 0x29, 0x13, 0x19, 0x29, 0x13, 0x19, 0x29, 
        0x13, 0x19, 0x29, 0x13, 0x19, 0x29, 0x13, 0x19, 0x29, 0x13, 0x19, 0x29, 0x13, 0x19, 0x29, 0x13, 0x19, 0x29, 0x13, 0x19, 0x29, 0x13, 0x19, 0x29, 0x13, 0x19, 0x29,
  0x13, 0x19, 0x29, 0x13, 0x19, 0x29, 0x13, 0x19, 0x29, 0x13, 0x19, 0x29, 0x13, 0x19, 0x29, 0x13, 0x19, 0x29, 0x13, 0x19, 0x29, 0x13, 0x19, 0x29, 0x13, 0x19, 0x29, 0x13, 0x19, 0x29, 0x13, 0x19, 0x29, 0x13, 0x19, 0x29, 0x13, 0x19, 0x29, 0x13, 0x19, 0x29, 
        0x13, 0x19, 0x29, 0x13, 0x19, 0x29, 0x13, 0x19, 0x29, 0x13, 0x19, 0x29, 0x13, 0x19, 0x29, 0x13, 0x19, 0x29, 0x13, 0x19, 0x29, 0x13, 0x19, 0x29, 0x55, 0x5A, 0x65, 0xFE, 0xFE, 0xFE, 0xFF, 0xFF, 0xFF, 0x74, 0x78, 0x81, 0x13, 0x19, 0x29, 
        0x13, 0x19, 0x29, 0x13, 0x19, 0x29, 0x13, 0x19, 0x29, 0x13, 0x19, 0x29, 0x13, 0x19, 0x29, 0x13, 0x19, 0x29, 0x13, 0x19, 0x29, 0x13, 0x19, 0x29, 0x13, 0x19, 0x29, 0x13, 0x19, 0x29, 0x13, 0x19, 0x29, 0x13, 0x19, 0x29, 0x13, 0x19, 0x29, 
        0x13, 0x19, 0x29, 0x13, 0x19, 0x29, 0x13, 0x19, 0x29, 0x13, 0x19, 0x29, 0x13, 0x19, 0x29, 0x13, 0x19, 0x29, 0x13, 0x19, 0x29, 0x13, 0x19, 0x29, 0x13, 0x19, 0x29, 0x13, 0x19, 0x29, 0x13, 0x19, 0x29, 0x13, 0x19, 0x29, 0x13, 0x19, 0x29, 
        0x13, 0x19, 0x29, 0x13, 0x19, 0x29, 0x13, 0x19, 0x29, 0x13, 0x19, 0x29, 0x13, 0x19, 0x29, 0x13, 0x19, 0x29, 0x13, 0x19, 0x29, 0x13, 0x19, 0x29, 0x13, 0x19, 0x29, 0x13, 0x19, 0x29, 0x20, 0x26, 0x35, 0x54, 0x59, 0x64, 0x79, 0x7D, 0x86, 
        0x8A, 0x8D, 0x95, 0x8A, 0x8D, 0x95, 0x79, 0x7D, 0x86, 0x54, 0x59, 0x64, 0x20, 0x26, 0x35, 0x13, 0x19, 0x29, 0x13, 0x19, 0x29, 0x13, 0x19, 0x29, 0x13, 0x19, 0x29, 0x13, 0x19, 0x29, 0x13, 0x19, 0x29, 0x13, 0x19, 0x29, 0x13, 0x19, 0x29, 
        0x13, 0x19, 0x29, 0x13, 0x19, 0x29, 0x13, 0x19, 0x29, 0x13, 0x19, 0x29, 0x13, 0x19, 0x29, 0x13, 0x19, 0x29, 0x13, 0x19, 0x29, 0x13, 0x19, 0x29, 0x13, 0x19, 0x29, 0x74, 0x78, 0x81, 0xFF, 0xFF, 0xFF, 0xFE, 0xFE, 0xFE, 0x55, 0x5A, 0x65, 
        0x13, 0x19, 0x29, 0x13, 0x19, 0x29, 0x13, 0x19, 0x29, 0x13, 0x19, 0x29, 0x13, 0x19, 0x29, 0x13, 0x19, 0x29, 0x13, 0x19, 0x29, 0x13, 0x19, 0x29, 0x13, 0x19, 0x29, 0x13, 0x19, 0x29, 0x13, 0x19, 0x29, 0x13, 0x19, 0x29, 0x13, 0x19, 0x29, 
        0x13, 0x19, 0x29, 0x13, 0x19, 0x29, 0x13, 0x19, 0x29, 0x13, 0x19, 0x29, 0x13, 0x19, 0x29, 0x13, 0x19, 0x29, 0x13, 0x19, 0x29, 0x13, 0x19, 0x29, 0x13, 0x19, 0x29,
  0x13, 0x19, 0x29, 0x13, 0x19, 0x29, 0x13, 0x19, 0x29, 0x13, 0x19, 0x29, 0x13, 0x19, 0x29, 0x13, 0x19, 0x29, 0x13, 0x19, 0x29, 0x13, 0x19, 0x29, 0x13, 0x19, 0x29, 0x13, 0x19, 0x29, 0x13, 0x19, 0x29, 0x13, 0x19, 0x29, 0x13, 0x19, 0x29, 0x13, 0x19, 0x29, 
        0x13, 0x19, 0x29, 0x13, 0x19, 0x29, 0x13, 0x19, 0x29, 0x13, 0x19, 0x29, 0x13, 0x19, 0x29, 0x13, 0x19, 0x29, 0x13, 0x19, 0x29, 0x13, 0x19, 0x29, 0x13, 0x19, 0x29, 0x8A, 0x8D, 0x95, 0xFF, 0xFF, 0xFF, 0xFB, 0xFB, 0xFB, 0x54, 0x58, 0x64, 
        0x13, 0x19, 0x29, 0x13, 0x19, 0x29, 0x13, 0x19, 0x29, 0x13, 0x19, 0x29, 0x13, 0x19, 0x29, 0x13, 0x19, 0x29, 0x13, 0x19, 0x29, 0x13, 0x19, 0x29, 0x13, 0x19, 0x29, 0x13, 0x19, 0x29, 0x13, 0x19, 0x29, 0x13, 0x19, 0x29, 0x13, 0x19, 0x29, 
        0x13, 0x19, 0x29, 0x13, 0x19, 0x29, 0x13, 0x19, 0x29, 0x13, 0x19, 0x29, 0x13, 0x19, 0x29, 0x13, 0x19, 0x29, 0x13, 0x19, 0x29, 0x13, 0x19, 0x29, 0x13, 0x19, 0x29, 0x13, 0x19, 0x29, 0x13, 0x19, 0x29, 0x13, 0x19, 0x29, 0x13, 0x19, 0x29, 
        0x13, 0x19, 0x29, 0x13, 0x19, 0x29, 0x13, 0x19, 0x29, 0x13, 0x19, 0x29, 0x13, 0x19, 0x29, 0x13, 0x19, 0x29, 0x13, 0x19, 0x29, 0x13, 0x19, 0x29, 0x13, 0x19, 0x29, 0x13, 0x19, 0x29, 0x13, 0x19, 0x29, 0x13, 0x19, 0x29, 0x13, 0x19, 0x29, 
        0x13, 0x19, 0x29, 0x13, 0x19, 0x29, 0x13, 0x19, 0x29, 0x13, 0x19, 0x29, 0x13, 0x19, 0x29, 0x13, 0x19, 0x29, 0x13, 0x19, 0x29, 0x13, 0x19, 0x29, 0x13, 0x19, 0x29, 0x13, 0x19, 0x29, 0x13, 0x19, 0x29, 0x13, 0x19, 0x29, 0x13, 0x19, 0x29, 
        0x13, 0x19, 0x29, 0x13, 0x19, 0x29, 0x13, 0x19, 0x29, 0x13, 0x19, 0x29, 0x13, 0x19, 0x29, 0x13, 0x19, 0x29, 0x13, 0x19, 0x29, 0x13, 0x19, 0x29, 0x54, 0x58, 0x64, 0xFB, 0xFB, 0xFB, 0xFF, 0xFF, 0xFF, 0x89, 0x8C, 0x94, 0x13, 0x19, 0x29, 
        0x13, 0x19, 0x29, 0x13, 0x19, 0x29, 0x13, 0x19, 0x29, 0x13, 0x19, 0x29, 0x13, 0x19, 0x29, 0x13, 0x19, 0x29, 0x13, 0x19, 0x29, 0x13, 0x19, 0x29, 0x13, 0x19, 0x29, 0x13, 0x19, 0x29, 0x13, 0x19, 0x29, 0x13, 0x19, 0x29, 0x13, 0x19, 0x29, 
        0x13, 0x19, 0x29, 0x13, 0x19, 0x29, 0x13, 0x19, 0x29, 0x13, 0x19, 0x29, 0x13, 0x19, 0x29, 0x13, 0x19, 0x29, 0x13, 0x19, 0x29, 0x13, 0x19, 0x29, 0x13, 0x19, 0x29,
  0x13, 0x19, 0x29, 0x13, 0x19, 0x29, 0x13, 0x19, 0x29, 0x13, 0x19, 0x29, 0x13, 0x19, 0x29, 0x13, 0x19, 0x29, 0x13, 0x19, 0x29, 0x13, 0x19, 0x29, 0x13, 0x19, 0x29, 0x13, 0x19, 0x29, 0x13, 0x19, 0x29, 0x13, 0x19, 0x29, 0x13, 0x19, 0x29, 0x13, 0x19, 0x29, 
        0x13, 0x19, 0x29, 0x13, 0x19, 0x29, 0x13, 0x19, 0x29, 0x13, 0x19, 0x29, 0x13, 0x19, 0x29, 0x13, 0x19, 0x29, 0x13, 0x19, 0x29, 0x13, 0x19, 0x29, 0x13, 0x19, 0x29, 0x14, 0x1A, 0x2A, 0xB4, 0xB6, 0xBB, 0xFF, 0xFF, 0xFF, 0xF2, 0xF3, 0xF4, 
        0x41, 0x46, 0x53, 0x13, 0x19, 0x29, 0x13, 0x19, 0x29, 0x13, 0x19, 0x29, 0x13, 0x19, 0x29, 0x13, 0x19, 0x29, 0x13, 0x19, 0x29, 0x13, 0x19, 0x29, 0x13, 0x19, 0x29, 0x13, 0x19, 0x29, 0x13, 0x19, 0x29, 0x13, 0x19, 0x29, 0x13, 0x19, 0x29, 
        0x13, 0x19, 0x29, 0x13, 0x19, 0x29, 0x13, 0x19, 0x29, 0x13, 0x19, 0x29, 0x13, 0x19, 0x29, 0x13, 0x19, 0x29, 0x13, 0x19, 0x29, 0x13, 0x19, 0x29, 0x13, 0x19, 0x29, 0x13, 0x19, 0x29, 0x13, 0x19, 0x29, 0x13, 0x19, 0x29, 0x13, 0x19, 0x29, 
        0x13, 0x19, 0x29, 0x13, 0x19, 0x29, 0x13, 0x19, 0x29, 0x13, 0x19, 0x29, 0x13, 0x19, 0x29, 0x13, 0x19, 0x29, 0x13, 0x19, 0x29, 0x13, 0x19, 0x29, 0x13, 0x19, 0x29, 0x13, 0x19, 0x29, 0x13, 0x19, 0x29, 0x13, 0x19, 0x29, 0x13, 0x19, 0x29, 
        0x13, 0x19, 0x29, 0x13, 0x19, 0x29, 0x13, 0x19, 0x29, 0x13, 0x19, 0x29, 0x13, 0x19, 0x29, 0x13, 0x19, 0x29, 0x13, 0x19, 0x29, 0x13, 0x19, 0x29, 0x13, 0x19, 0x29, 0x13, 0x19, 0x29, 0x13, 0x19, 0x29, 0x13, 0x19, 0x29, 0x13, 0x19, 0x29, 
        0x13, 0x19, 0x29, 0x13, 0x19, 0x29, 0x13, 0x19, 0x29, 0x13, 0x19, 0x29, 0x13, 0x19, 0x29, 0x13, 0x19, 0x29, 0x13, 0x19, 0x29, 0x41, 0x46, 0x53, 0xF2, 0xF3, 0xF4, 0xFF, 0xFF, 0xFF, 0xB3, 0xB5, 0xBA, 0x14, 0x1A, 0x2A, 0x13, 0x19, 0x29, 
        0x13, 0x19, 0x29, 0x13, 0x19, 0x29, 0x13, 0x19, 0x29, 0x13, 0x19, 0x29, 0x13, 0x19, 0x29, 0x13, 0x19, 0x29, 0x13, 0x19, 0x29, 0x13, 0x19, 0x29, 0x13, 0x19, 0x29, 0x13, 0x19, 0x29, 0x13, 0x19, 0x29, 0x13, 0x19, 0x29, 0x13, 0x19, 0x29, 
        0x13, 0x19, 0x29, 0x13, 0x19, 0x29, 0x13, 0x19, 0x29, 0x13, 0x19, 0x29, 0x13, 0x19, 0x29, 0x13, 0x19, 0x29, 0x13, 0x19, 0x29, 0x13, 0x19, 0x29, 0x13, 0x19, 0x29,
  0x13, 0x19, 0x29, 0x13, 0x19, 0x29, 0x13, 0x19, 0x29, 0x13, 0x19, 0x29, 0x13, 0x19, 0x29, 0x13, 0x19, 0x29, 0x13, 0x19, 0x29, 0x13, 0x19, 0x29, 0x13, 0x19, 0x29, 0x13, 0x19, 0x29, 0x13, 0x19, 0x29, 0x13, 0x19, 0x29, 0x13, 0x19, 0x29, 0x13, 0x19, 0x29, 
        0x13, 0x19, 0x29, 0x13, 0x19, 0x29, 0x13, 0x19, 0x29, 0x13, 0x19, 0x29, 0x13, 0x19, 0x29, 0x13, 0x19, 0x29, 0x13, 0x19, 0x29, 0x13, 0x19, 0x29, 0x13, 0x19, 0x29, 0x13, 0x19, 0x29, 0x1C, 0x22, 0x31, 0xCD, 0xCF, 0xD2, 0xFF, 0xFF, 0xFF, 
        0xED, 0xED, 0xEF, 0x3B, 0x40, 0x4D, 0x13, 0x19, 0x29, 0x13, 0x19, 0x29, 0x13, 0x19, 0x29, 0x13, 0x19, 0x29, 0x13, 0x19, 0x29, 0x13, 0x19, 0x29, 0x13, 0x19, 0x29, 0x13, 0x19, 0x29, 0x13, 0x19, 0x29, 0x13, 0x19, 0x29, 0x13, 0x19, 0x29, 
        0x13, 0x19, 0x29, 0x13, 0x19, 0x29, 0x13, 0x19, 0x29, 0x13, 0x19, 0x29, 0x13, 0x19, 0x29, 0x13, 0x19, 0x29, 0x13, 0x19, 0x29, 0x13, 0x19, 0x29, 0x13, 0x19, 0x29, 0x13, 0x19, 0x29, 0x13, 0x19, 0x29, 0x13, 0x19, 0x29, 0x13, 0x19, 0x29, 
        0x13, 0x19, 0x29, 0x13, 0x19, 0x29, 0x13, 0x19, 0x29, 0x13, 0x19, 0x29, 0x13, 0x19, 0x29, 0x13, 0x19, 0x29, 0x13, 0x19, 0x29, 0x13, 0x19, 0x29, 0x13, 0x19, 0x29, 0x13, 0x19, 0x29, 0x13, 0x19, 0x29, 0x13, 0x19, 0x29, 0x13, 0x19, 0x29, 
        0x13, 0x19, 0x29, 0x13, 0x19, 0x29, 0x13, 0x19, 0x29, 0x13, 0x19, 0x29, 0x13, 0x19, 0x29, 0x13, 0x19, 0x29, 0x13, 0x19, 0x29, 0x13, 0x19, 0x29, 0x13, 0x19, 0x29, 0x13, 0x19, 0x29, 0x13, 0x19, 0x29, 0x13, 0x19, 0x29, 0x13, 0x19, 0x29, 
        0x13, 0x19, 0x29, 0x13, 0x19, 0x29, 0x13, 0x19, 0x29, 0x13, 0x19, 0x29, 0x13, 0x19, 0x29, 0x13, 0x19, 0x29, 0x3B, 0x40, 0x4D, 0xED, 0xED, 0xEF, 0xFF, 0xFF, 0xFF, 0xCC, 0xCE, 0xD1, 0x1C, 0x22, 0x31, 0x13, 0x19, 0x29, 0x13, 0x19, 0x29, 
        0x13, 0x19, 0x29, 0x13, 0x19, 0x29, 0x13, 0x19, 0x29, 0x13, 0x19, 0x29, 0x13, 0x19, 0x29, 0x13, 0x19, 0x29, 0x13, 0x19, 0x29, 0x13, 0x19, 0x29, 0x13, 0x19, 0x29, 0x13, 0x19, 0x29, 0x13, 0x19, 0x29, 0x13, 0x19, 0x29, 0x13, 0x19, 0x29, 
        0x13, 0x19, 0x29, 0x13, 0x19, 0x29, 0x13, 0x19, 0x29, 0x13, 0x19, 0x29, 0x13, 0x19, 0x29, 0x13, 0x19, 0x29, 0x13, 0x19, 0x29, 0x13, 0x19, 0x29, 0x13, 0x19, 0x29,
  0x13, 0x19, 0x29, 0x13, 0x19, 0x29, 0x13, 0x19, 0x29, 0x13, 0x19, 0x29, 0x13, 0x19, 0x29, 0x13, 0x19, 0x29, 0x13, 0x19, 0x29, 0x13, 0x19, 0x29, 0x13, 0x19, 0x29, 0x13, 0x19, 0x29, 0x13, 0x19, 0x29, 0x13, 0x19, 0x29, 0x13, 0x19, 0x29, 0x13, 0x19, 0x29, 
        0x13, 0x19, 0x29, 0x13, 0x19, 0x29, 0x13, 0x19, 0x29, 0x13, 0x19, 0x29, 0x13, 0x19, 0x29, 0x13, 0x19, 0x29, 0x13, 0x19, 0x29, 0x13, 0x19, 0x29, 0x13, 0x19, 0x29, 0x13, 0x19, 0x29, 0x13, 0x19, 0x29, 0x24, 0x2A, 0x39, 0xD6, 0xD7, 0xDA, 
        0xFF, 0xFF, 0xFF, 0xEC, 0xEC, 0xEE, 0x40, 0x45, 0x52, 0x13, 0x19, 0x29, 0x13, 0x19, 0x29, 0x13, 0x19, 0x29, 0x13, 0x19, 0x29, 0x13, 0x19, 0x29, 0x13, 0x19, 0x29, 0x13, 0x19, 0x29, 0x13, 0x19, 0x29, 0x13, 0x19, 0x29, 0x13, 0x19, 0x29, 
        0x13, 0x19, 0x29, 0x13, 0x19, 0x29, 0x13, 0x19, 0x29, 0x13, 0x19, 0x29, 0x13, 0x19, 0x29, 0x13, 0x19, 0x29, 0x13, 0x19, 0x29, 0x13, 0x19, 0x29, 0x13, 0x19, 0x29, 0x13, 0x19, 0x29, 0x13, 0x19, 0x29, 0x13, 0x19, 0x29, 0x13, 0x19, 0x29, 
        0x13, 0x19, 0x29, 0x13, 0x19, 0x29, 0x13, 0x19, 0x29, 0x13, 0x19, 0x29, 0x13, 0x19, 0x29, 0x13, 0x19, 0x29, 0x13, 0x19, 0x29, 0x13, 0x19, 0x29, 0x13, 0x19, 0x29, 0x13, 0x19, 0x29, 0x13, 0x19, 0x29, 0x13, 0x19, 0x29, 0x13, 0x19, 0x29, 
        0x13, 0x19, 0x29, 0x13, 0x19, 0x29, 0x13, 0x19, 0x29, 0x13, 0x19, 0x29, 0x13, 0x19, 0x29, 0x13, 0x19, 0x29, 0x13, 0x19, 0x29, 0x13, 0x19, 0x29, 0x13, 0x19, 0x29, 0x13, 0x19, 0x29, 0x13, 0x19, 0x29, 0x13, 0x19, 0x29, 0x13, 0x19, 0x29, 
        0x13, 0x19, 0x29, 0x13, 0x19, 0x29, 0x13, 0x19, 0x29, 0x13, 0x19, 0x29, 0x13, 0x19, 0x29, 0x40, 0x45, 0x52, 0xEC, 0xEC, 0xEE, 0xFF, 0xFF, 0xFF, 0xD6, 0xD7, 0xDA, 0x24, 0x2A, 0x39, 0x13, 0x19, 0x29, 0x13, 0x19, 0x29, 0x13, 0x19, 0x29, 
        0x13, 0x19, 0x29, 0x13, 0x19, 0x29, 0x13, 0x19, 0x29, 0x13, 0x19, 0x29, 0x13, 0x19, 0x29, 0x13, 0x19, 0x29, 0x13, 0x19, 0x29, 0x13, 0x19, 0x29, 0x13, 0x19, 0x29, 0x13, 0x19, 0x29, 0x13, 0x19, 0x29, 0x13, 0x19, 0x29, 0x13, 0x19, 0x29, 
        0x13, 0x19, 0x29, 0x13, 0x19, 0x29, 0x13, 0x19, 0x29, 0x13, 0x19, 0x29, 0x13, 0x19, 0x29, 0x13, 0x19, 0x29, 0x13, 0x19, 0x29, 0x13, 0x19, 0x29, 0x13, 0x19, 0x29,
  0x13, 0x19, 0x29, 0x13, 0x19, 0x29, 0x13, 0x19, 0x29, 0x13, 0x19, 0x29, 0x13, 0x19, 0x29, 0x13, 0x19, 0x29, 0x13, 0x19, 0x29, 0x13, 0x19, 0x29, 0x13, 0x19, 0x29, 0x13, 0x19, 0x29, 0x13, 0x19, 0x29, 0x13, 0x19, 0x29, 0x13, 0x19, 0x29, 0x13, 0x19, 0x29, 
        0x13, 0x19, 0x29, 0x13, 0x19, 0x29, 0x13, 0x19, 0x29, 0x13, 0x19, 0x29, 0x13, 0x19, 0x29, 0x13, 0x19, 0x29, 0x13, 0x19, 0x29, 0x13, 0x19, 0x29, 0x13, 0x19, 0x29, 0x13, 0x19, 0x29, 0x13, 0x19, 0x29, 0x13, 0x19, 0x29, 0x28, 0x2D, 0x3C, 
        0xD6, 0xD7, 0xDA, 0xFF, 0xFF, 0xFF, 0xF1, 0xF1, 0xF2, 0x52, 0x56, 0x62, 0x13, 0x19, 0x29, 0x13, 0x19, 0x29, 0x13, 0x19, 0x29, 0x13, 0x19, 0x29, 0x13, 0x19, 0x29, 0x13, 0x19, 0x29, 0x13, 0x19, 0x29, 0x13, 0x19, 0x29, 0x13, 0x19, 0x29, 
        0x13, 0x19, 0x29, 0x13, 0x19, 0x29, 0x13, 0x19, 0x29, 0x13, 0x19, 0x29, 0x13, 0x19, 0x29, 0x13, 0x19, 0x29, 0x13, 0x19, 0x29, 0x13, 0x19, 0x29, 0x13, 0x19, 0x29, 0x13, 0x19, 0x29, 0x13, 0x19, 0x29, 0x13, 0x19, 0x29, 0x13, 0x19, 0x29, 
        0x13, 0x19, 0x29, 0x13, 0x19, 0x29, 0x13, 0x19, 0x29, 0x13, 0x19, 0x29, 0x13, 0x19, 0x29, 0x13, 0x19, 0x29, 0x13, 0x19, 0x29, 0x13, 0x19, 0x29, 0x13, 0x19, 0x29, 0x13, 0x19, 0x29, 0x13, 0x19, 0x29, 0x13, 0x19, 0x29, 0x13, 0x19, 0x29, 
        0x13, 0x19, 0x29, 0x13, 0x19, 0x29, 0x13, 0x19, 0x29, 0x13, 0x19, 0x29, 0x13, 0x19, 0x29, 0x13, 0x19, 0x29, 0x13, 0x19, 0x29, 0x13, 0x19, 0x29, 0x13, 0x19, 0x29, 0x13, 0x19, 0x29, 0x13, 0x19, 0x29, 0x13, 0x19, 0x29, 0x13, 0x19, 0x29, 
        0x13, 0x19, 0x29, 0x13, 0x19, 0x29, 0x13, 0x19, 0x29, 0x13, 0x19, 0x29, 0x53, 0x57, 0x63, 0xF2, 0xF2, 0xF3, 0xFF, 0xFF, 0xFF, 0xD6, 0xD7, 0xDA, 0x28, 0x2D, 0x3C, 0x13, 0x19, 0x29, 0x13, 0x19, 0x29, 0x13, 0x19, 0x29, 0x13, 0x19, 0x29, 
        0x13, 0x19, 0x29, 0x13, 0x19, 0x29, 0x13, 0x19, 0x29, 0x13, 0x19, 0x29, 0x13, 0x19, 0x29, 0x13, 0x19, 0x29, 0x13, 0x19, 0x29, 0x13, 0x19, 0x29, 0x13, 0x19, 0x29, 0x13, 0x19, 0x29, 0x13, 0x19, 0x29, 0x13, 0x19, 0x29, 0x13, 0x19, 0x29, 
        0x13, 0x19, 0x29, 0x13, 0x19, 0x29, 0x13, 0x19, 0x29, 0x13, 0x19, 0x29, 0x13, 0x19, 0x29, 0x13, 0x19, 0x29, 0x13, 0x19, 0x29, 0x13, 0x19, 0x29, 0x13, 0x19, 0x29,
  0x13, 0x19, 0x29, 0x13, 0x19, 0x29, 0x13, 0x19, 0x29, 0x13, 0x19, 0x29, 0x13, 0x19, 0x29, 0x13, 0x19, 0x29, 0x13, 0x19, 0x29, 0x13, 0x19, 0x29, 0x13, 0x19, 0x29, 0x13, 0x19, 0x29, 0x13, 0x19, 0x29, 0x13, 0x19, 0x29, 0x13, 0x19, 0x29, 0x13, 0x19, 0x29, 
        0x13, 0x19, 0x29, 0x13, 0x19, 0x29, 0x13, 0x19, 0x29, 0x13, 0x19, 0x29, 0x13, 0x19, 0x29, 0x13, 0x19, 0x29, 0x13, 0x19, 0x29, 0x13, 0x19, 0x29, 0x13, 0x19, 0x29, 0x13, 0x19, 0x29, 0x13, 0x19, 0x29, 0x13, 0x19, 0x29, 0x13, 0x19, 0x29, 
        0x24, 0x2A, 0x39, 0xCC, 0xCE, 0xD1, 0xFF, 0xFF, 0xFF, 0xFB, 0xFB, 0xFB, 0x75, 0x79, 0x82, 0x13, 0x19, 0x29, 0x13, 0x19, 0x29, 0x13, 0x19, 0x29, 0x13, 0x19, 0x29, 0x13, 0x19, 0x29, 0x13, 0x19, 0x29, 0x13, 0x19, 0x29, 0x13, 0x19, 0x29, 
        0x13, 0x19, 0x29, 0x13, 0x19, 0x29, 0x13, 0x19, 0x29, 0x13, 0x19, 0x29, 0x13, 0x19, 0x29, 0x13, 0x19, 0x29, 0x13, 0x19, 0x29, 0x13, 0x19, 0x29, 0x13, 0x19, 0x29, 0x13, 0x19, 0x29, 0x13, 0x19, 0x29, 0x13, 0x19, 0x29, 0x13, 0x19, 0x29, 
        0x13, 0x19, 0x29, 0x13, 0x19, 0x29, 0x13, 0x19, 0x29, 0x13, 0x19, 0x29, 0x13, 0x19, 0x29, 0x13, 0x19, 0x29, 0x13, 0x19, 0x29, 0x13, 0x19, 0x29, 0x13, 0x19, 0x29, 0x13, 0x19, 0x29, 0x13, 0x19, 0x29, 0x13, 0x19, 0x29, 0x13, 0x19, 0x29, 
        0x13, 0x19, 0x29, 0x13, 0x19, 0x29, 0x13, 0x19, 0x29, 0x13, 0x19, 0x29, 0x13, 0x19, 0x29, 0x13, 0x19, 0x29, 0x13, 0x19, 0x29, 0x13, 0x19, 0x29, 0x13, 0x19, 0x29, 0x13, 0x19, 0x29, 0x13, 0x19, 0x29, 0x13, 0x19, 0x29, 0x13, 0x19, 0x29, 
        0x13, 0x19, 0x29, 0x13, 0x19, 0x29, 0x13, 0x19, 0x29, 0x76, 0x79, 0x83, 0xFB, 0xFB, 0xFB, 0xFF, 0xFF, 0xFF, 0xCC, 0xCE, 0xD1, 0x24, 0x2A, 0x39, 0x13, 0x19, 0x29, 0x13, 0x19, 0x29, 0x13, 0x19, 0x29, 0x13, 0x19, 0x29, 0x13, 0x19, 0x29, 
        0x13, 0x19, 0x29, 0x13, 0x19, 0x29, 0x13, 0x19, 0x29, 0x13, 0x19, 0x29, 0x13, 0x19, 0x29, 0x13, 0x19, 0x29, 0x13, 0x19, 0x29, 0x13, 0x19, 0x29, 0x13, 0x19, 0x29, 0x13, 0x19, 0x29, 0x13, 0x19, 0x29, 0x13, 0x19, 0x29, 0x13, 0x19, 0x29, 
        0x13, 0x19, 0x29, 0x13, 0x19, 0x29, 0x13, 0x19, 0x29, 0x13, 0x19, 0x29, 0x13, 0x19, 0x29, 0x13, 0x19, 0x29, 0x13, 0x19, 0x29, 0x13, 0x19, 0x29, 0x13, 0x19, 0x29,
  0x13, 0x19, 0x29, 0x13, 0x19, 0x29, 0x13, 0x19, 0x29, 0x13, 0x19, 0x29, 0x13, 0x19, 0x29, 0x13, 0x19, 0x29, 0x13, 0x19, 0x29, 0x13, 0x19, 0x29, 0x13, 0x19, 0x29, 0x13, 0x19, 0x29, 0x13, 0x19, 0x29, 0x13, 0x19, 0x29, 0x13, 0x19, 0x29, 0x13, 0x19, 0x29, 
        0x13, 0x19, 0x29, 0x13, 0x19, 0x29, 0x13, 0x19, 0x29, 0x13, 0x19, 0x29, 0x13, 0x19, 0x29, 0x13, 0x19, 0x29, 0x13, 0x19, 0x29, 0x13, 0x19, 0x29, 0x13, 0x19, 0x29, 0x13, 0x19, 0x29, 0x13, 0x19, 0x29, 0x13, 0x19, 0x29, 0x13, 0x19, 0x29, 
        0x13, 0x19, 0x29, 0x1C, 0x22, 0x31, 0xB5, 0xB7, 0xBC, 0xFF, 0xFF, 0xFF, 0xFF, 0xFF, 0xFF, 0xA9, 0xAB, 0xB1, 0x1E, 0x23, 0x33, 0x13, 0x19, 0x29, 0x13, 0x19, 0x29, 0x13, 0x19, 0x29, 0x13, 0x19, 0x29, 0x13, 0x19, 0x29, 0x13, 0x19, 0x29, 
        0x13, 0x19, 0x29, 0x13, 0x19, 0x29, 0x13, 0x19, 0x29, 0x13, 0x19, 0x29, 0x13, 0x19, 0x29, 0x13, 0x19, 0x29, 0x13, 0x19, 0x29, 0x13, 0x19, 0x29, 0x13, 0x19, 0x29, 0x13, 0x19, 0x29, 0x13, 0x19, 0x29, 0x13, 0x19, 0x29, 0x13, 0x19, 0x29, 
        0x13, 0x19, 0x29, 0x13, 0x19, 0x29, 0x13, 0x19, 0x29, 0x13, 0x19, 0x29, 0x13, 0x19, 0x29, 0x13, 0x19, 0x29, 0x13, 0x19, 0x29, 0x13, 0x19, 0x29, 0x13, 0x19, 0x29, 0x13, 0x19, 0x29, 0x13, 0x19, 0x29, 0x13, 0x19, 0x29, 0x13, 0x19, 0x29, 
        0x13, 0x19, 0x29, 0x13, 0x19, 0x29, 0x13, 0x19, 0x29, 0x13, 0x19, 0x29, 0x13, 0x19, 0x29, 0x13, 0x19, 0x29, 0x13, 0x19, 0x29, 0x13, 0x19, 0x29, 0x13, 0x19, 0x29, 0x13, 0x19, 0x29, 0x13, 0x19, 0x29, 0x13, 0x19, 0x29, 0x13, 0x19, 0x29, 
        0x13, 0x19, 0x29, 0x1E, 0x23, 0x33, 0xA9, 0xAB, 0xB1, 0xFF, 0xFF, 0xFF, 0xFF, 0xFF, 0xFF, 0xB3, 0xB5, 0xBA, 0x1B, 0x21, 0x30, 0x13, 0x19, 0x29, 0x13, 0x19, 0x29, 0x13, 0x19, 0x29, 0x13, 0x19, 0x29, 0x13, 0x19, 0x29, 0x13, 0x19, 0x29, 
        0x13, 0x19, 0x29, 0x13, 0x19, 0x29, 0x13, 0x19, 0x29, 0x13, 0x19, 0x29, 0x13, 0x19, 0x29, 0x13, 0x19, 0x29, 0x13, 0x19, 0x29, 0x13, 0x19, 0x29, 0x13, 0x19, 0x29, 0x13, 0x19, 0x29, 0x13, 0x19, 0x29, 0x13, 0x19, 0x29, 0x13, 0x19, 0x29, 
        0x13, 0x19, 0x29, 0x13, 0x19, 0x29, 0x13, 0x19, 0x29, 0x13, 0x19, 0x29, 0x13, 0x19, 0x29, 0x13, 0x19, 0x29, 0x13, 0x19, 0x29, 0x13, 0x19, 0x29, 0x13, 0x19, 0x29,
  0x13, 0x19, 0x29, 0x13, 0x19, 0x29, 0x13, 0x19, 0x29, 0x13, 0x19, 0x29, 0x13, 0x19, 0x29, 0x13, 0x19, 0x29, 0x13, 0x19, 0x29, 0x13, 0x19, 0x29, 0x13, 0x19, 0x29, 0x13, 0x19, 0x29, 0x13, 0x19, 0x29, 0x13, 0x19, 0x29, 0x13, 0x19, 0x29, 0x13, 0x19, 0x29, 
        0x13, 0x19, 0x29, 0x13, 0x19, 0x29, 0x13, 0x19, 0x29, 0x13, 0x19, 0x29, 0x13, 0x19, 0x29, 0x13, 0x19, 0x29, 0x13, 0x19, 0x29, 0x13, 0x19, 0x29, 0x13, 0x19, 0x29, 0x13, 0x19, 0x29, 0x13, 0x19, 0x29, 0x13, 0x19, 0x29, 0x13, 0x19, 0x29, 
        0x13, 0x19, 0x29, 0x13, 0x19, 0x29, 0x14, 0x1A, 0x2A, 0x8A, 0x8D, 0x95, 0xFE, 0xFE, 0xFE, 0xFF, 0xFF, 0xFF, 0xDD, 0xDE, 0xE0, 0x46, 0x4A, 0x57, 0x13, 0x19, 0x29, 0x13, 0x19, 0x29, 0x13, 0x19, 0x29, 0x13, 0x19, 0x29, 0x13, 0x19, 0x29, 
        0x13, 0x19, 0x29, 0x13, 0x19, 0x29, 0x13, 0x19, 0x29, 0x13, 0x19, 0x29, 0x13, 0x19, 0x29, 0x13, 0x19, 0x29, 0x13, 0x19, 0x29, 0x13, 0x19, 0x29, 0x13, 0x19, 0x29, 0x13, 0x19, 0x29, 0x13, 0x19, 0x29, 0x13, 0x19, 0x29, 0x13, 0x19, 0x29, 
        0x13, 0x19, 0x29, 0x13, 0x19, 0x29, 0x13, 0x19, 0x29, 0x13, 0x19, 0x29, 0x13, 0x19, 0x29, 0x13, 0x19, 0x29, 0x13, 0x19, 0x29, 0x13, 0x19, 0x29, 0x13, 0x19, 0x29, 0x13, 0x19, 0x29, 0x13, 0x19, 0x29, 0x13, 0x19, 0x29, 0x13, 0x19, 0x29, 
        0x13, 0x19, 0x29, 0x13, 0x19, 0x29, 0x13, 0x19, 0x29, 0x13, 0x19, 0x29, 0x13, 0x19, 0x29, 0x13, 0x19, 0x29, 0x13, 0x19, 0x29, 0x13, 0x19, 0x29, 0x13, 0x19, 0x29, 0x13, 0x19, 0x29, 0x13, 0x19, 0x29, 0x13, 0x19, 0x29, 0x13, 0x19, 0x29, 
        0x46, 0x4A, 0x57, 0xDD, 0xDE, 0xE0, 0xFF, 0xFF, 0xFF, 0xFE, 0xFE, 0xFE, 0x8A, 0x8D, 0x95, 0x14, 0x1A, 0x2A, 0x13, 0x19, 0x29, 0x13, 0x19, 0x29, 0x13, 0x19, 0x29, 0x13, 0x19, 0x29, 0x13, 0x19, 0x29, 0x13, 0x19, 0x29, 0x13, 0x19, 0x29, 
        0x13, 0x19, 0x29, 0x13, 0x19, 0x29, 0x13, 0x19, 0x29, 0x13, 0x19, 0x29, 0x13, 0x19, 0x29, 0x13, 0x19, 0x29, 0x13, 0x19, 0x29, 0x13, 0x19, 0x29, 0x13, 0x19, 0x29, 0x13, 0x19, 0x29, 0x13, 0x19, 0x29, 0x13, 0x19, 0x29, 0x13, 0x19, 0x29, 
        0x13, 0x19, 0x29, 0x13, 0x19, 0x29, 0x13, 0x19, 0x29, 0x13, 0x19, 0x29, 0x13, 0x19, 0x29, 0x13, 0x19, 0x29, 0x13, 0x19, 0x29, 0x13, 0x19, 0x29, 0x13, 0x19, 0x29,
  0x13, 0x19, 0x29, 0x13, 0x19, 0x29, 0x13, 0x19, 0x29, 0x13, 0x19, 0x29, 0x13, 0x19, 0x29, 0x13, 0x19, 0x29, 0x13, 0x19, 0x29, 0x13, 0x19, 0x29, 0x13, 0x19, 0x29, 0x13, 0x19, 0x29, 0x13, 0x19, 0x29, 0x13, 0x19, 0x29, 0x13, 0x19, 0x29, 0x13, 0x19, 0x29, 
        0x13, 0x19, 0x29, 0x13, 0x19, 0x29, 0x13, 0x19, 0x29, 0x13, 0x19, 0x29, 0x13, 0x19, 0x29, 0x13, 0x19, 0x29, 0x13, 0x19, 0x29, 0x13, 0x19, 0x29, 0x13, 0x19, 0x29, 0x13, 0x19, 0x29, 0x13, 0x19, 0x29, 0x13, 0x19, 0x29, 0x13, 0x19, 0x29, 
        0x13, 0x19, 0x29, 0x13, 0x19, 0x29, 0x13, 0x19, 0x29, 0x13, 0x19, 0x29, 0x55, 0x5A, 0x65, 0xEA, 0xEB, 0xEC, 0xFF, 0xFF, 0xFF, 0xFD, 0xFD, 0xFD, 0x97, 0x9A, 0xA1, 0x20, 0x25, 0x34, 0x13, 0x19, 0x29, 0x13, 0x19, 0x29, 0x13, 0x19, 0x29, 
        0x13, 0x19, 0x29, 0x13, 0x19, 0x29, 0x13, 0x19, 0x29, 0x13, 0x19, 0x29, 0x13, 0x19, 0x29, 0x13, 0x19, 0x29, 0x13, 0x19, 0x29, 0x13, 0x19, 0x29, 0x13, 0x19, 0x29, 0x13, 0x19, 0x29, 0x13, 0x19, 0x29, 0x13, 0x19, 0x29, 0x13, 0x19, 0x29, 
        0x13, 0x19, 0x29, 0x13, 0x19, 0x29, 0x13, 0x19, 0x29, 0x13, 0x19, 0x29, 0x13, 0x19, 0x29, 0x13, 0x19, 0x29, 0x13, 0x19, 0x29, 0x13, 0x19, 0x29, 0x13, 0x19, 0x29, 0x13, 0x19, 0x29, 0x13, 0x19, 0x29, 0x13, 0x19, 0x29, 0x13, 0x19, 0x29, 
        0x13, 0x19, 0x29, 0x13, 0x19, 0x29, 0x13, 0x19, 0x29, 0x13, 0x19, 0x29, 0x13, 0x19, 0x29, 0x13, 0x19, 0x29, 0x13, 0x19, 0x29, 0x13, 0x19, 0x29, 0x13, 0x19, 0x29, 0x13, 0x19, 0x29, 0x13, 0x19, 0x29, 0x20, 0x25, 0x34, 0x99, 0x9C, 0xA3, 
        0xFD, 0xFD, 0xFD, 0xFF, 0xFF, 0xFF, 0xEA, 0xEB, 0xEC, 0x55, 0x5A, 0x65, 0x13, 0x19, 0x29, 0x13, 0x19, 0x29, 0x13, 0x19, 0x29, 0x13, 0x19, 0x29, 0x13, 0x19, 0x29, 0x13, 0x19, 0x29, 0x13, 0x19, 0x29, 0x13, 0x19, 0x29, 0x13, 0x19, 0x29, 
        0x13, 0x19, 0x29, 0x13, 0x19, 0x29, 0x13, 0x19, 0x29, 0x13, 0x19, 0x29, 0x13, 0x19, 0x29, 0x13, 0x19, 0x29, 0x13, 0x19, 0x29, 0x13, 0x19, 0x29, 0x13, 0x19, 0x29, 0x13, 0x19, 0x29, 0x13, 0x19, 0x29, 0x13, 0x19, 0x29, 0x13, 0x19, 0x29, 
        0x13, 0x19, 0x29, 0x13, 0x19, 0x29, 0x13, 0x19, 0x29, 0x13, 0x19, 0x29, 0x13, 0x19, 0x29, 0x13, 0x19, 0x29, 0x13, 0x19, 0x29, 0x13, 0x19, 0x29, 0x13, 0x19, 0x29,
  0x13, 0x19, 0x29, 0x13, 0x19, 0x29, 0x13, 0x19, 0x29, 0x13, 0x19, 0x29, 0x13, 0x19, 0x29, 0x13, 0x19, 0x29, 0x13, 0x19, 0x29, 0x13, 0x19, 0x29, 0x13, 0x19, 0x29, 0x13, 0x19, 0x29, 0x13, 0x19, 0x29, 0x13, 0x19, 0x29, 0x13, 0x19, 0x29, 0x13, 0x19, 0x29, 
        0x13, 0x19, 0x29, 0x13, 0x19, 0x29, 0x13, 0x19, 0x29, 0x13, 0x19, 0x29, 0x13, 0x19, 0x29, 0x13, 0x19, 0x29, 0x13, 0x19, 0x29, 0x13, 0x19, 0x29, 0x13, 0x19, 0x29, 0x13, 0x19, 0x29, 0x13, 0x19, 0x29, 0x13, 0x19, 0x29, 0x13, 0x19, 0x29, 
        0x13, 0x19, 0x29, 0x13, 0x19, 0x29, 0x13, 0x19, 0x29, 0x13, 0x19, 0x29, 0x13, 0x19, 0x29, 0x28, 0x2D, 0x3C, 0xB5, 0xB7, 0xBC, 0xFF, 0xFF, 0xFF, 0xFF, 0xFF, 0xFF, 0xE9, 0xEA, 0xEB, 0x6E, 0x71, 0x7B, 0x15, 0x1B, 0x2B, 0x13, 0x19, 0x29, 
        0x13, 0x19, 0x29, 0x13, 0x19, 0x29, 0x13, 0x19, 0x29, 0x13, 0x19, 0x29, 0x13, 0x19, 0x29, 0x13, 0x19, 0x29, 0x13, 0x19, 0x29, 0x13, 0x19, 0x29, 0x13, 0x19, 0x29, 0x13, 0x19, 0x29, 0x13, 0x19, 0x29, 0x13, 0x19, 0x29, 0x13, 0x19, 0x29, 
        0x13, 0x19, 0x29, 0x13, 0x19, 0x29, 0x13, 0x19, 0x29, 0x13, 0x19, 0x29, 0x13, 0x19, 0x29, 0x13, 0x19, 0x29, 0x13, 0x19, 0x29, 0x13, 0x19, 0x29, 0x13, 0x19, 0x29, 0x13, 0x19, 0x29, 0x13, 0x19, 0x29, 0x13, 0x19, 0x29, 0x13, 0x19, 0x29, 
        0x13, 0x19, 0x29, 0x13, 0x19, 0x29, 0x13, 0x19, 0x29, 0x13, 0x19, 0x29, 0x13, 0x19, 0x29, 0x13, 0x19, 0x29, 0x13, 0x19, 0x29, 0x13, 0x19, 0x29, 0x13, 0x19, 0x29, 0x16, 0x1C, 0x2C, 0x6F, 0x72, 0x7C, 0xE9, 0xEA, 0xEB, 0xFF, 0xFF, 0xFF, 
        0xFF, 0xFF, 0xFF, 0xB5, 0xB7, 0xBC, 0x28, 0x2D, 0x3C, 0x13, 0x19, 0x29, 0x13, 0x19, 0x29, 0x13, 0x19, 0x29, 0x13, 0x19, 0x29, 0x13, 0x19, 0x29, 0x13, 0x19, 0x29, 0x13, 0x19, 0x29, 0x13, 0x19, 0x29, 0x13, 0x19, 0x29, 0x13, 0x19, 0x29, 
        0x13, 0x19, 0x29, 0x13, 0x19, 0x29, 0x13, 0x19, 0x29, 0x13, 0x19, 0x29, 0x13, 0x19, 0x29, 0x13, 0x19, 0x29, 0x13, 0x19, 0x29, 0x13, 0x19, 0x29, 0x13, 0x19, 0x29, 0x13, 0x19, 0x29, 0x13, 0x19, 0x29, 0x13, 0x19, 0x29, 0x13, 0x19, 0x29, 
        0x13, 0x19, 0x29, 0x13, 0x19, 0x29, 0x13, 0x19, 0x29, 0x13, 0x19, 0x29, 0x13, 0x19, 0x29, 0x13, 0x19, 0x29, 0x13, 0x19, 0x29, 0x13, 0x19, 0x29, 0x13, 0x19, 0x29,
  0x13, 0x19, 0x29, 0x13, 0x19, 0x29, 0x13, 0x19, 0x29, 0x13, 0x19, 0x29, 0x13, 0x19, 0x29, 0x13, 0x19, 0x29, 0x13, 0x19, 0x29, 0x13, 0x19, 0x29, 0x13, 0x19, 0x29, 0x13, 0x19, 0x29, 0x13, 0x19, 0x29, 0x13, 0x19, 0x29, 0x13, 0x19, 0x29, 0x13, 0x19, 0x29, 
        0x13, 0x19, 0x29, 0x13, 0x19, 0x29, 0x13, 0x19, 0x29, 0x13, 0x19, 0x29, 0x13, 0x19, 0x29, 0x13, 0x19, 0x29, 0x13, 0x19, 0x29, 0x13, 0x19, 0x29, 0x13, 0x19, 0x29, 0x13, 0x19, 0x29, 0x13, 0x19, 0x29, 0x13, 0x19, 0x29, 0x13, 0x19, 0x29, 
        0x13, 0x19, 0x29, 0x13, 0x19, 0x29, 0x13, 0x19, 0x29, 0x13, 0x19, 0x29, 0x13, 0x19, 0x29, 0x13, 0x19, 0x29, 0x13, 0x19, 0x29, 0x60, 0x64, 0x6F, 0xE5, 0xE5, 0xE7, 0xFF, 0xFF, 0xFF, 0xFF, 0xFF, 0xFF, 0xDC, 0xDD, 0xDF, 0x6A, 0x6E, 0x78, 
        0x17, 0x1D, 0x2D, 0x13, 0x19, 0x29, 0x13, 0x19, 0x29, 0x13, 0x19, 0x29, 0x13, 0x19, 0x29, 0x13, 0x19, 0x29, 0x13, 0x19, 0x29, 0x13, 0x19, 0x29, 0x13, 0x19, 0x29, 0x13, 0x19, 0x29, 0x13, 0x19, 0x29, 0x13, 0x19, 0x29, 0x13, 0x19, 0x29, 
        0x13, 0x19, 0x29, 0x13, 0x19, 0x29, 0x13, 0x19, 0x29, 0x13, 0x19, 0x29, 0x13, 0x19, 0x29, 0x13, 0x19, 0x29, 0x13, 0x19, 0x29, 0x13, 0x19, 0x29, 0x13, 0x19, 0x29, 0x13, 0x19, 0x29, 0x13, 0x19, 0x29, 0x13, 0x19, 0x29, 0x13, 0x19, 0x29, 
        0x13, 0x19, 0x29, 0x13, 0x19, 0x29, 0x13, 0x19, 0x29, 0x13, 0x19, 0x29, 0x13, 0x19, 0x29, 0x13, 0x19, 0x29, 0x13, 0x19, 0x29, 0x17, 0x1D, 0x2D, 0x6A, 0x6E, 0x78, 0xDC, 0xDD, 0xDF, 0xFF, 0xFF, 0xFF, 0xFF, 0xFF, 0xFF, 0xE5, 0xE5, 0xE7, 
        0x5F, 0x63, 0x6E, 0x13, 0x19, 0x29, 0x13, 0x19, 0x29, 0x13, 0x19, 0x29, 0x13, 0x19, 0x29, 0x13, 0x19, 0x29, 0x13, 0x19, 0x29, 0x13, 0x19, 0x29, 0x13, 0x19, 0x29, 0x13, 0x19, 0x29, 0x13, 0x19, 0x29, 0x13, 0x19, 0x29, 0x13, 0x19, 0x29, 
        0x13, 0x19, 0x29, 0x13, 0x19, 0x29, 0x13, 0x19, 0x29, 0x13, 0x19, 0x29, 0x13, 0x19, 0x29, 0x13, 0x19, 0x29, 0x13, 0x19, 0x29, 0x13, 0x19, 0x29, 0x13, 0x19, 0x29, 0x13, 0x19, 0x29, 0x13, 0x19, 0x29, 0x13, 0x19, 0x29, 0x13, 0x19, 0x29, 
        0x13, 0x19, 0x29, 0x13, 0x19, 0x29, 0x13, 0x19, 0x29, 0x13, 0x19, 0x29, 0x13, 0x19, 0x29, 0x13, 0x19, 0x29, 0x13, 0x19, 0x29, 0x13, 0x19, 0x29, 0x13, 0x19, 0x29,
  0x13, 0x19, 0x29, 0x13, 0x19, 0x29, 0x13, 0x19, 0x29, 0x13, 0x19, 0x29, 0x13, 0x19, 0x29, 0x13, 0x19, 0x29, 0x13, 0x19, 0x29, 0x13, 0x19, 0x29, 0x13, 0x19, 0x29, 0x13, 0x19, 0x29, 0x13, 0x19, 0x29, 0x13, 0x19, 0x29, 0x13, 0x19, 0x29, 0x13, 0x19, 0x29, 
        0x13, 0x19, 0x29, 0x13, 0x19, 0x29, 0x13, 0x19, 0x29, 0x13, 0x19, 0x29, 0x13, 0x19, 0x29, 0x13, 0x19, 0x29, 0x13, 0x19, 0x29, 0x13, 0x19, 0x29, 0x13, 0x19, 0x29, 0x13, 0x19, 0x29, 0x13, 0x19, 0x29, 0x13, 0x19, 0x29, 0x13, 0x19, 0x29, 
        0x13, 0x19, 0x29, 0x13, 0x19, 0x29, 0x13, 0x19, 0x29, 0x13, 0x19, 0x29, 0x13, 0x19, 0x29, 0x13, 0x19, 0x29, 0x13, 0x19, 0x29, 0x13, 0x19, 0x29, 0x1C, 0x22, 0x31, 0x89, 0x8C, 0x94, 0xF2, 0xF3, 0xF4, 0xFF, 0xFF, 0xFF, 0xFF, 0xFF, 0xFF, 
        0xE5, 0xE6, 0xE8, 0x82, 0x85, 0x8E, 0x28, 0x2D, 0x3C, 0x13, 0x19, 0x29, 0x13, 0x19, 0x29, 0x13, 0x19, 0x29, 0x13, 0x19, 0x29, 0x13, 0x19, 0x29, 0x13, 0x19, 0x29, 0x13, 0x19, 0x29, 0x13, 0x19, 0x29, 0x13, 0x19, 0x29, 0x13, 0x19, 0x29, 
        0x13, 0x19, 0x29, 0x13, 0x19, 0x29, 0x13, 0x19, 0x29, 0x13, 0x19, 0x29, 0x13, 0x19, 0x29, 0x13, 0x19, 0x29, 0x13, 0x19, 0x29, 0x13, 0x19, 0x29, 0x13, 0x19, 0x29, 0x13, 0x19, 0x29, 0x13, 0x19, 0x29, 0x13, 0x19, 0x29, 0x13, 0x19, 0x29, 
        0x13, 0x19, 0x29, 0x13, 0x19, 0x29, 0x13, 0x19, 0x29, 0x13, 0x19, 0x29, 0x13, 0x19, 0x29, 0x2A, 0x2F, 0x3E, 0x84, 0x87, 0x8F, 0xE5, 0xE6, 0xE8, 0xFF, 0xFF, 0xFF, 0xFF, 0xFF, 0xFF, 0xF2, 0xF3, 0xF4, 0x89, 0x8C, 0x94, 0x1C, 0x22, 0x31, 
        0x13, 0x19, 0x29, 0x13, 0x19, 0x29, 0x13, 0x19, 0x29, 0x13, 0x19, 0x29, 0x13, 0x19, 0x29, 0x13, 0x19, 0x29, 0x13, 0x19, 0x29, 0x13, 0x19, 0x29, 0x13, 0x19, 0x29, 0x13, 0x19, 0x29, 0x13, 0x19, 0x29, 0x13, 0x19, 0x29, 0x13, 0x19, 0x29, 
        0x13, 0x19, 0x29, 0x13, 0x19, 0x29, 0x13, 0x19, 0x29, 0x13, 0x19, 0x29, 0x13, 0x19, 0x29, 0x13, 0x19, 0x29, 0x13, 0x19, 0x29, 0x13, 0x19, 0x29, 0x13, 0x19, 0x29, 0x13, 0x19, 0x29, 0x13, 0x19, 0x29, 0x13, 0x19, 0x29, 0x13, 0x19, 0x29, 
        0x13, 0x19, 0x29, 0x13, 0x19, 0x29, 0x13, 0x19, 0x29, 0x13, 0x19, 0x29, 0x13, 0x19, 0x29, 0x13, 0x19, 0x29, 0x13, 0x19, 0x29, 0x13, 0x19, 0x29, 0x13, 0x19, 0x29,
  0x13, 0x19, 0x29, 0x13, 0x19, 0x29, 0x13, 0x19, 0x29, 0x13, 0x19, 0x29, 0x13, 0x19, 0x29, 0x13, 0x19, 0x29, 0x13, 0x19, 0x29, 0x13, 0x19, 0x29, 0x13, 0x19, 0x29, 0x13, 0x19, 0x29, 0x13, 0x19, 0x29, 0x13, 0x19, 0x29, 0x13, 0x19, 0x29, 0x13, 0x19, 0x29, 
        0x13, 0x19, 0x29, 0x13, 0x19, 0x29, 0x13, 0x19, 0x29, 0x13, 0x19, 0x29, 0x13, 0x19, 0x29, 0x13, 0x19, 0x29, 0x13, 0x19, 0x29, 0x13, 0x19, 0x29, 0x13, 0x19, 0x29, 0x13, 0x19, 0x29, 0x13, 0x19, 0x29, 0x13, 0x19, 0x29, 0x13, 0x19, 0x29, 
        0x13, 0x19, 0x29, 0x13, 0x19, 0x29, 0x13, 0x19, 0x29, 0x13, 0x19, 0x29, 0x13, 0x19, 0x29, 0x13, 0x19, 0x29, 0x13, 0x19, 0x29, 0x13, 0x19, 0x29, 0x13, 0x19, 0x29, 0x13, 0x19, 0x29, 0x24, 0x2A, 0x39, 0x8E, 0x91, 0x99, 0xF0, 0xF0, 0xF1, 
        0xFF, 0xFF, 0xFF, 0xFF, 0xFF, 0xFF, 0xFB, 0xFB, 0xFB, 0xB9, 0xBB, 0xBF, 0x68, 0x6C, 0x76, 0x23, 0x29, 0x38, 0x13, 0x19, 0x29, 0x13, 0x19, 0x29, 0x13, 0x19, 0x29, 0x13, 0x19, 0x29, 0x13, 0x19, 0x29, 0x13, 0x19, 0x29, 0x13, 0x19, 0x29, 
        0x13, 0x19, 0x29, 0x13, 0x19, 0x29, 0x13, 0x19, 0x29, 0x13, 0x19, 0x29, 0x13, 0x19, 0x29, 0x13, 0x19, 0x29, 0x13, 0x19, 0x29, 0x13, 0x19, 0x29, 0x13, 0x19, 0x29, 0x13, 0x19, 0x29, 0x13, 0x19, 0x29, 0x13, 0x19, 0x29, 0x13, 0x19, 0x29, 
        0x13, 0x19, 0x29, 0x13, 0x19, 0x29, 0x23, 0x29, 0x38, 0x69, 0x6D, 0x77, 0xB9, 0xBB, 0xBF, 0xFB, 0xFB, 0xFB, 0xFF, 0xFF, 0xFF, 0xFF, 0xFF, 0xFF, 0xF0, 0xF0, 0xF1, 0x8E, 0x91, 0x99, 0x24, 0x2A, 0x39, 0x13, 0x19, 0x29, 0x13, 0x19, 0x29, 
        0x13, 0x19, 0x29, 0x13, 0x19, 0x29, 0x13, 0x19, 0x29, 0x13, 0x19, 0x29, 0x13, 0x19, 0x29, 0x13, 0x19, 0x29, 0x13, 0x19, 0x29, 0x13, 0x19, 0x29, 0x13, 0x19, 0x29, 0x13, 0x19, 0x29, 0x13, 0x19, 0x29, 0x13, 0x19, 0x29, 0x13, 0x19, 0x29, 
        0x13, 0x19, 0x29, 0x13, 0x19, 0x29, 0x13, 0x19, 0x29, 0x13, 0x19, 0x29, 0x13, 0x19, 0x29, 0x13, 0x19, 0x29, 0x13, 0x19, 0x29, 0x13, 0x19, 0x29, 0x13, 0x19, 0x29, 0x13, 0x19, 0x29, 0x13, 0x19, 0x29, 0x13, 0x19, 0x29, 0x13, 0x19, 0x29, 
        0x13, 0x19, 0x29, 0x13, 0x19, 0x29, 0x13, 0x19, 0x29, 0x13, 0x19, 0x29, 0x13, 0x19, 0x29, 0x13, 0x19, 0x29, 0x13, 0x19, 0x29, 0x13, 0x19, 0x29, 0x13, 0x19, 0x29,
  0x13, 0x19, 0x29, 0x13, 0x19, 0x29, 0x13, 0x19, 0x29, 0x13, 0x19, 0x29, 0x13, 0x19, 0x29, 0x13, 0x19, 0x29, 0x13, 0x19, 0x29, 0x13, 0x19, 0x29, 0x13, 0x19, 0x29, 0x13, 0x19, 0x29, 0x13, 0x19, 0x29, 0x13, 0x19, 0x29, 0x13, 0x19, 0x29, 0x13, 0x19, 0x29, 
        0x13, 0x19, 0x29, 0x13, 0x19, 0x29, 0x13, 0x19, 0x29, 0x13, 0x19, 0x29, 0x13, 0x19, 0x29, 0x13, 0x19, 0x29, 0x13, 0x19, 0x29, 0x13, 0x19, 0x29, 0x13, 0x19, 0x29, 0x13, 0x19, 0x29, 0x13, 0x19, 0x29, 0x13, 0x19, 0x29, 0x13, 0x19, 0x29, 
        0x13, 0x19, 0x29, 0x13, 0x19, 0x29, 0x13, 0x19, 0x29, 0x13, 0x19, 0x29, 0x13, 0x19, 0x29, 0x13, 0x19, 0x29, 0x13, 0x19, 0x29, 0x13, 0x19, 0x29, 0x13, 0x19, 0x29, 0x13, 0x19, 0x29, 0x13, 0x19, 0x29, 0x13, 0x19, 0x29, 0x1E, 0x23, 0x33, 
        0x77, 0x7A, 0x84, 0xD6, 0xD7, 0xDA, 0xFF, 0xFF, 0xFF, 0xFF, 0xFF, 0xFF, 0xFF, 0xFF, 0xFF, 0xFC, 0xFC, 0xFC, 0xC9, 0xCA, 0xCE, 0x8E, 0x91, 0x99, 0x58, 0x5D, 0x68, 0x29, 0x2E, 0x3D, 0x13, 0x19, 0x29, 0x13, 0x19, 0x29, 0x13, 0x19, 0x29, 
        0x13, 0x19, 0x29, 0x13, 0x19, 0x29, 0x13, 0x19, 0x29, 0x13, 0x19, 0x29, 0x13, 0x19, 0x29, 0x13, 0x19, 0x29, 0x13, 0x19, 0x29, 0x13, 0x19, 0x29, 0x13, 0x19, 0x29, 0x13, 0x19, 0x29, 0x13, 0x19, 0x29, 0x29, 0x2E, 0x3D, 0x58, 0x5D, 0x68, 
        0x8E, 0x91, 0x99, 0xC9, 0xCA, 0xCE, 0xFC, 0xFC, 0xFC, 0xFF, 0xFF, 0xFF, 0xFF, 0xFF, 0xFF, 0xFF, 0xFF, 0xFF, 0xD5, 0xD6, 0xD9, 0x77, 0x7A, 0x84, 0x1E, 0x23, 0x33, 0x13, 0x19, 0x29, 0x13, 0x19, 0x29, 0x13, 0x19, 0x29, 0x13, 0x19, 0x29, 
        0x13, 0x19, 0x29, 0x13, 0x19, 0x29, 0x13, 0x19, 0x29, 0x13, 0x19, 0x29, 0x13, 0x19, 0x29, 0x13, 0x19, 0x29, 0x13, 0x19, 0x29, 0x13, 0x19, 0x29, 0x13, 0x19, 0x29, 0x13, 0x19, 0x29, 0x13, 0x19, 0x29, 0x13, 0x19, 0x29, 0x13, 0x19, 0x29, 
        0x13, 0x19, 0x29, 0x13, 0x19, 0x29, 0x13, 0x19, 0x29, 0x13, 0x19, 0x29, 0x13, 0x19, 0x29, 0x13, 0x19, 0x29, 0x13, 0x19, 0x29, 0x13, 0x19, 0x29, 0x13, 0x19, 0x29, 0x13, 0x19, 0x29, 0x13, 0x19, 0x29, 0x13, 0x19, 0x29, 0x13, 0x19, 0x29, 
        0x13, 0x19, 0x29, 0x13, 0x19, 0x29, 0x13, 0x19, 0x29, 0x13, 0x19, 0x29, 0x13, 0x19, 0x29, 0x13, 0x19, 0x29, 0x13, 0x19, 0x29, 0x13, 0x19, 0x29, 0x13, 0x19, 0x29,
  0x13, 0x19, 0x29, 0x13, 0x19, 0x29, 0x13, 0x19, 0x29, 0x13, 0x19, 0x29, 0x13, 0x19, 0x29, 0x13, 0x19, 0x29, 0x13, 0x19, 0x29, 0x13, 0x19, 0x29, 0x13, 0x19, 0x29, 0x13, 0x19, 0x29, 0x13, 0x19, 0x29, 0x13, 0x19, 0x29, 0x13, 0x19, 0x29, 0x13, 0x19, 0x29, 
        0x13, 0x19, 0x29, 0x13, 0x19, 0x29, 0x13, 0x19, 0x29, 0x13, 0x19, 0x29, 0x13, 0x19, 0x29, 0x13, 0x19, 0x29, 0x13, 0x19, 0x29, 0x13, 0x19, 0x29, 0x13, 0x19, 0x29, 0x13, 0x19, 0x29, 0x13, 0x19, 0x29, 0x13, 0x19, 0x29, 0x13, 0x19, 0x29, 
        0x13, 0x19, 0x29, 0x13, 0x19, 0x29, 0x13, 0x19, 0x29, 0x13, 0x19, 0x29, 0x13, 0x19, 0x29, 0x13, 0x19, 0x29, 0x13, 0x19, 0x29, 0x13, 0x19, 0x29, 0x13, 0x19, 0x29, 0x13, 0x19, 0x29, 0x13, 0x19, 0x29, 0x13, 0x19, 0x29, 0x13, 0x19, 0x29, 
        0x13, 0x19, 0x29, 0x13, 0x19, 0x29, 0x43, 0x48, 0x54, 0x94, 0x96, 0x9E, 0xE1, 0xE2, 0xE4, 0xFF, 0xFF, 0xFF, 0xFF, 0xFF, 0xFF, 0xFF, 0xFF, 0xFF, 0xFF, 0xFF, 0xFF, 0xFF, 0xFF, 0xFF, 0xEC, 0xEC, 0xEE, 0xCB, 0xCD, 0xD0, 0xAE, 0xB0, 0xB5, 
        0x96, 0x98, 0x9F, 0x85, 0x88, 0x90, 0x7B, 0x7E, 0x87, 0x73, 0x77, 0x80, 0x73, 0x77, 0x80, 0x7B, 0x7E, 0x87, 0x85, 0x88, 0x90, 0x96, 0x98, 0x9F, 0xAE, 0xB0, 0xB5, 0xCB, 0xCD, 0xD0, 0xEC, 0xEC, 0xEE, 0xFF, 0xFF, 0xFF, 0xFF, 0xFF, 0xFF, 
        0xFF, 0xFF, 0xFF, 0xFF, 0xFF, 0xFF, 0xFF, 0xFF, 0xFF, 0xE1, 0xE2, 0xE4, 0x94, 0x96, 0x9E, 0x43, 0x48, 0x54, 0x13, 0x19, 0x29, 0x13, 0x19, 0x29, 0x13, 0x19, 0x29, 0x13, 0x19, 0x29, 0x13, 0x19, 0x29, 0x13, 0x19, 0x29, 0x13, 0x19, 0x29, 
        0x13, 0x19, 0x29, 0x13, 0x19, 0x29, 0x13, 0x19, 0x29, 0x13, 0x19, 0x29, 0x13, 0x19, 0x29, 0x13, 0x19, 0x29, 0x13, 0x19, 0x29, 0x13, 0x19, 0x29, 0x13, 0x19, 0x29, 0x13, 0x19, 0x29, 0x13, 0x19, 0x29, 0x13, 0x19, 0x29, 0x13, 0x19, 0x29, 
        0x13, 0x19, 0x29, 0x13, 0x19, 0x29, 0x13, 0x19, 0x29, 0x13, 0x19, 0x29, 0x13, 0x19, 0x29, 0x13, 0x19, 0x29, 0x13, 0x19, 0x29, 0x13, 0x19, 0x29, 0x13, 0x19, 0x29, 0x13, 0x19, 0x29, 0x13, 0x19, 0x29, 0x13, 0x19, 0x29, 0x13, 0x19, 0x29, 
        0x13, 0x19, 0x29, 0x13, 0x19, 0x29, 0x13, 0x19, 0x29, 0x13, 0x19, 0x29, 0x13, 0x19, 0x29, 0x13, 0x19, 0x29, 0x13, 0x19, 0x29, 0x13, 0x19, 0x29, 0x13, 0x19, 0x29,
  0x13, 0x19, 0x29, 0x13, 0x19, 0x29, 0x13, 0x19, 0x29, 0x13, 0x19, 0x29, 0x13, 0x19, 0x29, 0x13, 0x19, 0x29, 0x13, 0x19, 0x29, 0x13, 0x19, 0x29, 0x13, 0x19, 0x29, 0x13, 0x19, 0x29, 0x13, 0x19, 0x29, 0x13, 0x19, 0x29, 0x13, 0x19, 0x29, 0x13, 0x19, 0x29, 
        0x13, 0x19, 0x29, 0x13, 0x19, 0x29, 0x13, 0x19, 0x29, 0x13, 0x19, 0x29, 0x13, 0x19, 0x29, 0x13, 0x19, 0x29, 0x13, 0x19, 0x29, 0x13, 0x19, 0x29, 0x13, 0x19, 0x29, 0x13, 0x19, 0x29, 0x13, 0x19, 0x29, 0x13, 0x19, 0x29, 0x13, 0x19, 0x29, 
        0x13, 0x19, 0x29, 0x13, 0x19, 0x29, 0x13, 0x19, 0x29, 0x13, 0x19, 0x29, 0x13, 0x19, 0x29, 0x13, 0x19, 0x29, 0x13, 0x19, 0x29, 0x13, 0x19, 0x29, 0x13, 0x19, 0x29, 0x13, 0x19, 0x29, 0x13, 0x19, 0x29, 0x13, 0x19, 0x29, 0x13, 0x19, 0x29, 
        0x13, 0x19, 0x29, 0x13, 0x19, 0x29, 0x13, 0x19, 0x29, 0x13, 0x19, 0x29, 0x13, 0x19, 0x29, 0x38, 0x3D, 0x4A, 0x78, 0x7B, 0x84, 0xAE, 0xB0, 0xB5, 0xE2, 0xE3, 0xE5, 0xFF, 0xFF, 0xFF, 0xFF, 0xFF, 0xFF, 0xFF, 0xFF, 0xFF, 0xFF, 0xFF, 0xFF, 
        0xFF, 0xFF, 0xFF, 0xFF, 0xFF, 0xFF, 0xFF, 0xFF, 0xFF, 0xFF, 0xFF, 0xFF, 0xFF, 0xFF, 0xFF, 0xFF, 0xFF, 0xFF, 0xFF, 0xFF, 0xFF, 0xFF, 0xFF, 0xFF, 0xFF, 0xFF, 0xFF, 0xFF, 0xFF, 0xFF, 0xFF, 0xFF, 0xFF, 0xFF, 0xFF, 0xFF, 0xE2, 0xE3, 0xE5, 
        0xAE, 0xB0, 0xB5, 0x78, 0x7B, 0x84, 0x38, 0x3D, 0x4A, 0x13, 0x19, 0x29, 0x13, 0x19, 0x29, 0x13, 0x19, 0x29, 0x13, 0x19, 0x29, 0x13, 0x19, 0x29, 0x13, 0x19, 0x29, 0x13, 0x19, 0x29, 0x13, 0x19, 0x29, 0x13, 0x19, 0x29, 0x13, 0x19, 0x29, 
        0x13, 0x19, 0x29, 0x13, 0x19, 0x29, 0x13, 0x19, 0x29, 0x13, 0x19, 0x29, 0x13, 0x19, 0x29, 0x13, 0x19, 0x29, 0x13, 0x19, 0x29, 0x13, 0x19, 0x29, 0x13, 0x19, 0x29, 0x13, 0x19, 0x29, 0x13, 0x19, 0x29, 0x13, 0x19, 0x29, 0x13, 0x19, 0x29, 
        0x13, 0x19, 0x29, 0x13, 0x19, 0x29, 0x13, 0x19, 0x29, 0x13, 0x19, 0x29, 0x13, 0x19, 0x29, 0x13, 0x19, 0x29, 0x13, 0x19, 0x29, 0x13, 0x19, 0x29, 0x13, 0x19, 0x29, 0x13, 0x19, 0x29, 0x13, 0x19, 0x29, 0x13, 0x19, 0x29, 0x13, 0x19, 0x29, 
        0x13, 0x19, 0x29, 0x13, 0x19, 0x29, 0x13, 0x19, 0x29, 0x13, 0x19, 0x29, 0x13, 0x19, 0x29, 0x13, 0x19, 0x29, 0x13, 0x19, 0x29, 0x13, 0x19, 0x29, 0x13, 0x19, 0x29,
  0x13, 0x19, 0x29, 0x13, 0x19, 0x29, 0x13, 0x19, 0x29, 0x13, 0x19, 0x29, 0x13, 0x19, 0x29, 0x13, 0x19, 0x29, 0x13, 0x19, 0x29, 0x13, 0x19, 0x29, 0x13, 0x19, 0x29, 0x13, 0x19, 0x29, 0x13, 0x19, 0x29, 0x13, 0x19, 0x29, 0x13, 0x19, 0x29, 0x13, 0x19, 0x29, 
        0x13, 0x19, 0x29, 0x13, 0x19, 0x29, 0x13, 0x19, 0x29, 0x13, 0x19, 0x29, 0x13, 0x19, 0x29, 0x13, 0x19, 0x29, 0x13, 0x19, 0x29, 0x13, 0x19, 0x29, 0x13, 0x19, 0x29, 0x13, 0x19, 0x29, 0x13, 0x19, 0x29, 0x13, 0x19, 0x29, 0x13, 0x19, 0x29, 
        0x13, 0x19, 0x29, 0x13, 0x19, 0x29, 0x13, 0x19, 0x29, 0x13, 0x19, 0x29, 0x13, 0x19, 0x29, 0x13, 0x19, 0x29, 0x13, 0x19, 0x29, 0x13, 0x19, 0x29, 0x13, 0x19, 0x29, 0x13, 0x19, 0x29, 0x13, 0x19, 0x29, 0x13, 0x19, 0x29, 0x13, 0x19, 0x29, 
        0x13, 0x19, 0x29, 0x13, 0x19, 0x29, 0x13, 0x19, 0x29, 0x13, 0x19, 0x29, 0x13, 0x19, 0x29, 0x13, 0x19, 0x29, 0x13, 0x19, 0x29, 0x13, 0x19, 0x29, 0x13, 0x19, 0x29, 0x21, 0x26, 0x35, 0x48, 0x4D, 0x5A, 0x68, 0x6C, 0x76, 0x85, 0x88, 0x90, 
        0x99, 0x9C, 0xA3, 0xAC, 0xAE, 0xB4, 0xB5, 0xB7, 0xBC, 0xBD, 0xBE, 0xC3, 0xBD, 0xBE, 0xC3, 0xB5, 0xB7, 0xBC, 0xAC, 0xAE, 0xB4, 0x99, 0x9C, 0xA3, 0x85, 0x88, 0x90, 0x68, 0x6C, 0x76, 0x48, 0x4D, 0x5A, 0x21, 0x26, 0x35, 0x13, 0x19, 0x29, 
        0x13, 0x19, 0x29, 0x13, 0x19, 0x29, 0x13, 0x19, 0x29, 0x13, 0x19, 0x29, 0x13, 0x19, 0x29, 0x13, 0x19, 0x29, 0x13, 0x19, 0x29, 0x13, 0x19, 0x29, 0x13, 0x19, 0x29, 0x13, 0x19, 0x29, 0x13, 0x19, 0x29, 0x13, 0x19, 0x29, 0x13, 0x19, 0x29, 
        0x13, 0x19, 0x29, 0x13, 0x19, 0x29, 0x13, 0x19, 0x29, 0x13, 0x19, 0x29, 0x13, 0x19, 0x29, 0x13, 0x19, 0x29, 0x13, 0x19, 0x29, 0x13, 0x19, 0x29, 0x13, 0x19, 0x29, 0x13, 0x19, 0x29, 0x13, 0x19, 0x29, 0x13, 0x19, 0x29, 0x13, 0x19, 0x29, 
        0x13, 0x19, 0x29, 0x13, 0x19, 0x29, 0x13, 0x19, 0x29, 0x13, 0x19, 0x29, 0x13, 0x19, 0x29, 0x13, 0x19, 0x29, 0x13, 0x19, 0x29, 0x13, 0x19, 0x29, 0x13, 0x19, 0x29, 0x13, 0x19, 0x29, 0x13, 0x19, 0x29, 0x13, 0x19, 0x29, 0x13, 0x19, 0x29, 
        0x13, 0x19, 0x29, 0x13, 0x19, 0x29, 0x13, 0x19, 0x29, 0x13, 0x19, 0x29, 0x13, 0x19, 0x29, 0x13, 0x19, 0x29, 0x13, 0x19, 0x29, 0x13, 0x19, 0x29, 0x13, 0x19, 0x29,
  0x13, 0x19, 0x29, 0x13, 0x19, 0x29, 0x13, 0x19, 0x29, 0x13, 0x19, 0x29, 0x13, 0x19, 0x29, 0x13, 0x19, 0x29, 0x13, 0x19, 0x29, 0x13, 0x19, 0x29, 0x13, 0x19, 0x29, 0x13, 0x19, 0x29, 0x13, 0x19, 0x29, 0x13, 0x19, 0x29, 0x13, 0x19, 0x29, 0x13, 0x19, 0x29, 
        0x13, 0x19, 0x29, 0x13, 0x19, 0x29, 0x13, 0x19, 0x29, 0x13, 0x19, 0x29, 0x13, 0x19, 0x29, 0x13, 0x19, 0x29, 0x13, 0x19, 0x29, 0x13, 0x19, 0x29, 0x13, 0x19, 0x29, 0x13, 0x19, 0x29, 0x13, 0x19, 0x29, 0x13, 0x19, 0x29, 0x13, 0x19, 0x29, 
        0x13, 0x19, 0x29, 0x13, 0x19, 0x29, 0x13, 0x19, 0x29, 0x13, 0x19, 0x29, 0x13, 0x19, 0x29, 0x13, 0x19, 0x29, 0x13, 0x19, 0x29, 0x13, 0x19, 0x29, 0x13, 0x19, 0x29, 0x13, 0x19, 0x29, 0x13, 0x19, 0x29, 0x13, 0x19, 0x29, 0x13, 0x19, 0x29, 
        0x13, 0x19, 0x29, 0x13, 0x19, 0x29, 0x13, 0x19, 0x29, 0x13, 0x19, 0x29, 0x13, 0x19, 0x29, 0x13, 0x19, 0x29, 0x13, 0x19, 0x29, 0x13, 0x19, 0x29, 0x13, 0x19, 0x29, 0x13, 0x19, 0x29, 0x13, 0x19, 0x29, 0x13, 0x19, 0x29, 0x13, 0x19, 0x29, 
        0x13, 0x19, 0x29, 0x13, 0x19, 0x29, 0x13, 0x19, 0x29, 0x13, 0x19, 0x29, 0x13, 0x19, 0x29, 0x13, 0x19, 0x29, 0x13, 0x19, 0x29, 0x13, 0x19, 0x29, 0x13, 0x19, 0x29, 0x13, 0x19, 0x29, 0x13, 0x19, 0x29, 0x13, 0x19, 0x29, 0x13, 0x19, 0x29, 
        0x13, 0x19, 0x29, 0x13, 0x19, 0x29, 0x13, 0x19, 0x29, 0x13, 0x19, 0x29, 0x13, 0x19, 0x29, 0x13, 0x19, 0x29, 0x13, 0x19, 0x29, 0x13, 0x19, 0x29, 0x13, 0x19, 0x29, 0x13, 0x19, 0x29, 0x13, 0x19, 0x29, 0x13, 0x19, 0x29, 0x13, 0x19, 0x29, 
        0x13, 0x19, 0x29, 0x13, 0x19, 0x29, 0x13, 0x19, 0x29, 0x13, 0x19, 0x29, 0x13, 0x19, 0x29, 0x13, 0x19, 0x29, 0x13, 0x19, 0x29, 0x13, 0x19, 0x29, 0x13, 0x19, 0x29, 0x13, 0x19, 0x29, 0x13, 0x19, 0x29, 0x13, 0x19, 0x29, 0x13, 0x19, 0x29, 
        0x13, 0x19, 0x29, 0x13, 0x19, 0x29, 0x13, 0x19, 0x29, 0x13, 0x19, 0x29, 0x13, 0x19, 0x29, 0x13, 0x19, 0x29, 0x13, 0x19, 0x29, 0x13, 0x19, 0x29, 0x13, 0x19, 0x29, 0x13, 0x19, 0x29, 0x13, 0x19, 0x29, 0x13, 0x19, 0x29, 0x13, 0x19, 0x29, 
        0x13, 0x19, 0x29, 0x13, 0x19, 0x29, 0x13, 0x19, 0x29, 0x13, 0x19, 0x29, 0x13, 0x19, 0x29, 0x13, 0x19, 0x29, 0x13, 0x19, 0x29, 0x13, 0x19, 0x29, 0x13, 0x19, 0x29,
  0x13, 0x19, 0x29, 0x13, 0x19, 0x29, 0x13, 0x19, 0x29, 0x13, 0x19, 0x29, 0x13, 0x19, 0x29, 0x13, 0x19, 0x29, 0x13, 0x19, 0x29, 0x13, 0x19, 0x29, 0x13, 0x19, 0x29, 0x13, 0x19, 0x29, 0x13, 0x19, 0x29, 0x13, 0x19, 0x29, 0x13, 0x19, 0x29, 0x13, 0x19, 0x29, 
        0x13, 0x19, 0x29, 0x13, 0x19, 0x29, 0x13, 0x19, 0x29, 0x13, 0x19, 0x29, 0x13, 0x19, 0x29, 0x13, 0x19, 0x29, 0x13, 0x19, 0x29, 0x13, 0x19, 0x29, 0x13, 0x19, 0x29, 0x13, 0x19, 0x29, 0x13, 0x19, 0x29, 0x13, 0x19, 0x29, 0x13, 0x19, 0x29, 
        0x13, 0x19, 0x29, 0x13, 0x19, 0x29, 0x13, 0x19, 0x29, 0x13, 0x19, 0x29, 0x13, 0x19, 0x29, 0x13, 0x19, 0x29, 0x13, 0x19, 0x29, 0x13, 0x19, 0x29, 0x13, 0x19, 0x29, 0x13, 0x19, 0x29, 0x13, 0x19, 0x29, 0x13, 0x19, 0x29, 0x13, 0x19, 0x29, 
        0x13, 0x19, 0x29, 0x13, 0x19, 0x29, 0x13, 0x19, 0x29, 0x13, 0x19, 0x29, 0x13, 0x19, 0x29, 0x13, 0x19, 0x29, 0x13, 0x19, 0x29, 0x13, 0x19, 0x29, 0x13, 0x19, 0x29, 0x13, 0x19, 0x29, 0x13, 0x19, 0x29, 0x13, 0x19, 0x29, 0x13, 0x19, 0x29, 
        0x13, 0x19, 0x29, 0x13, 0x19, 0x29, 0x13, 0x19, 0x29, 0x13, 0x19, 0x29, 0x13, 0x19, 0x29, 0x13, 0x19, 0x29, 0x13, 0x19, 0x29, 0x13, 0x19, 0x29, 0x13, 0x19, 0x29, 0x13, 0x19, 0x29, 0x13, 0x19, 0x29, 0x13, 0x19, 0x29, 0x13, 0x19, 0x29, 
        0x13, 0x19, 0x29, 0x13, 0x19, 0x29, 0x13, 0x19, 0x29, 0x13, 0x19, 0x29, 0x13, 0x19, 0x29, 0x13, 0x19, 0x29, 0x13, 0x19, 0x29, 0x13, 0x19, 0x29, 0x13, 0x19, 0x29, 0x13, 0x19, 0x29, 0x13, 0x19, 0x29, 0x13, 0x19, 0x29, 0x13, 0x19, 0x29, 
        0x13, 0x19, 0x29, 0x13, 0x19, 0x29, 0x13, 0x19, 0x29, 0x13, 0x19, 0x29, 0x13, 0x19, 0x29, 0x13, 0x19, 0x29, 0x13, 0x19, 0x29, 0x13, 0x19, 0x29, 0x13, 0x19, 0x29, 0x13, 0x19, 0x29, 0x13, 0x19, 0x29, 0x13, 0x19, 0x29, 0x13, 0x19, 0x29, 
        0x13, 0x19, 0x29, 0x13, 0x19, 0x29, 0x13, 0x19, 0x29, 0x13, 0x19, 0x29, 0x13, 0x19, 0x29, 0x13, 0x19, 0x29, 0x13, 0x19, 0x29, 0x13, 0x19, 0x29, 0x13, 0x19, 0x29, 0x13, 0x19, 0x29, 0x13, 0x19, 0x29, 0x13, 0x19, 0x29, 0x13, 0x19, 0x29, 
        0x13, 0x19, 0x29, 0x13, 0x19, 0x29, 0x13, 0x19, 0x29, 0x13, 0x19, 0x29, 0x13, 0x19, 0x29, 0x13, 0x19, 0x29, 0x13, 0x19, 0x29, 0x13, 0x19, 0x29, 0x13, 0x19, 0x29,
  0x13, 0x19, 0x29, 0x13, 0x19, 0x29, 0x13, 0x19, 0x29, 0x13, 0x19, 0x29, 0x13, 0x19, 0x29, 0x13, 0x19, 0x29, 0x13, 0x19, 0x29, 0x13, 0x19, 0x29, 0x13, 0x19, 0x29, 0x13, 0x19, 0x29, 0x13, 0x19, 0x29, 0x13, 0x19, 0x29, 0x13, 0x19, 0x29, 0x13, 0x19, 0x29, 
        0x13, 0x19, 0x29, 0x13, 0x19, 0x29, 0x13, 0x19, 0x29, 0x13, 0x19, 0x29, 0x13, 0x19, 0x29, 0x13, 0x19, 0x29, 0x13, 0x19, 0x29, 0x13, 0x19, 0x29, 0x13, 0x19, 0x29, 0x13, 0x19, 0x29, 0x13, 0x19, 0x29, 0x13, 0x19, 0x29, 0x13, 0x19, 0x29, 
        0x13, 0x19, 0x29, 0x13, 0x19, 0x29, 0x13, 0x19, 0x29, 0x13, 0x19, 0x29, 0x13, 0x19, 0x29, 0x13, 0x19, 0x29, 0x13, 0x19, 0x29, 0x13, 0x19, 0x29, 0x13, 0x19, 0x29, 0x13, 0x19, 0x29, 0x13, 0x19, 0x29, 0x13, 0x19, 0x29, 0x13, 0x19, 0x29, 
        0x13, 0x19, 0x29, 0x13, 0x19, 0x29, 0x13, 0x19, 0x29, 0x13, 0x19, 0x29, 0x13, 0x19, 0x29, 0x13, 0x19, 0x29, 0x13, 0x19, 0x29, 0x13, 0x19, 0x29, 0x13, 0x19, 0x29, 0x13, 0x19, 0x29, 0x13, 0x19, 0x29, 0x13, 0x19, 0x29, 0x13, 0x19, 0x29, 
        0x13, 0x19, 0x29, 0x13, 0x19, 0x29, 0x13, 0x19, 0x29, 0x13, 0x19, 0x29, 0x13, 0x19, 0x29, 0x13, 0x19, 0x29, 0x13, 0x19, 0x29, 0x13, 0x19, 0x29, 0x13, 0x19, 0x29, 0x13, 0x19, 0x29, 0x13, 0x19, 0x29, 0x13, 0x19, 0x29, 0x13, 0x19, 0x29, 
        0x13, 0x19, 0x29, 0x13, 0x19, 0x29, 0x13, 0x19, 0x29, 0x13, 0x19, 0x29, 0x13, 0x19, 0x29, 0x13, 0x19, 0x29, 0x13, 0x19, 0x29, 0x13, 0x19, 0x29, 0x13, 0x19, 0x29, 0x13, 0x19, 0x29, 0x13, 0x19, 0x29, 0x13, 0x19, 0x29, 0x13, 0x19, 0x29, 
        0x13, 0x19, 0x29, 0x13, 0x19, 0x29, 0x13, 0x19, 0x29, 0x13, 0x19, 0x29, 0x13, 0x19, 0x29, 0x13, 0x19, 0x29, 0x13, 0x19, 0x29, 0x13, 0x19, 0x29, 0x13, 0x19, 0x29, 0x13, 0x19, 0x29, 0x13, 0x19, 0x29, 0x13, 0x19, 0x29, 0x13, 0x19, 0x29, 
        0x13, 0x19, 0x29, 0x13, 0x19, 0x29, 0x13, 0x19, 0x29, 0x13, 0x19, 0x29, 0x13, 0x19, 0x29, 0x13, 0x19, 0x29, 0x13, 0x19, 0x29, 0x13, 0x19, 0x29, 0x13, 0x19, 0x29, 0x13, 0x19, 0x29, 0x13, 0x19, 0x29, 0x13, 0x19, 0x29, 0x13, 0x19, 0x29, 
        0x13, 0x19, 0x29, 0x13, 0x19, 0x29, 0x13, 0x19, 0x29, 0x13, 0x19, 0x29, 0x13, 0x19, 0x29, 0x13, 0x19, 0x29, 0x13, 0x19, 0x29, 0x13, 0x19, 0x29, 0x13, 0x19, 0x29,
  0x13, 0x19, 0x29, 0x13, 0x19, 0x29, 0x13, 0x19, 0x29, 0x13, 0x19, 0x29, 0x13, 0x19, 0x29, 0x13, 0x19, 0x29, 0x13, 0x19, 0x29, 0x13, 0x19, 0x29, 0x13, 0x19, 0x29, 0x13, 0x19, 0x29, 0x13, 0x19, 0x29, 0x13, 0x19, 0x29, 0x13, 0x19, 0x29, 0x13, 0x19, 0x29, 
        0x13, 0x19, 0x29, 0x13, 0x19, 0x29, 0x13, 0x19, 0x29, 0x13, 0x19, 0x29, 0x13, 0x19, 0x29, 0x13, 0x19, 0x29, 0x13, 0x19, 0x29, 0x13, 0x19, 0x29, 0x13, 0x19, 0x29, 0x13, 0x19, 0x29, 0x13, 0x19, 0x29, 0x13, 0x19, 0x29, 0x13, 0x19, 0x29, 
        0x13, 0x19, 0x29, 0x13, 0x19, 0x29, 0x13, 0x19, 0x29, 0x13, 0x19, 0x29, 0x13, 0x19, 0x29, 0x13, 0x19, 0x29, 0x13, 0x19, 0x29, 0x13, 0x19, 0x29, 0x13, 0x19, 0x29, 0x13, 0x19, 0x29, 0x13, 0x19, 0x29, 0x13, 0x19, 0x29, 0x13, 0x19, 0x29, 
        0x13, 0x19, 0x29, 0x13, 0x19, 0x29, 0x13, 0x19, 0x29, 0x13, 0x19, 0x29, 0x13, 0x19, 0x29, 0x13, 0x19, 0x29, 0x13, 0x19, 0x29, 0x13, 0x19, 0x29, 0x13, 0x19, 0x29, 0x13, 0x19, 0x29, 0x13, 0x19, 0x29, 0x13, 0x19, 0x29, 0x13, 0x19, 0x29, 
        0x13, 0x19, 0x29, 0x13, 0x19, 0x29, 0x13, 0x19, 0x29, 0x13, 0x19, 0x29, 0x13, 0x19, 0x29, 0x13, 0x19, 0x29, 0x13, 0x19, 0x29, 0x13, 0x19, 0x29, 0x13, 0x19, 0x29, 0x13, 0x19, 0x29, 0x13, 0x19, 0x29, 0x13, 0x19, 0x29, 0x13, 0x19, 0x29, 
        0x13, 0x19, 0x29, 0x13, 0x19, 0x29, 0x13, 0x19, 0x29, 0x13, 0x19, 0x29, 0x13, 0x19, 0x29, 0x13, 0x19, 0x29, 0x13, 0x19, 0x29, 0x13, 0x19, 0x29, 0x13, 0x19, 0x29, 0x13, 0x19, 0x29, 0x13, 0x19, 0x29, 0x13, 0x19, 0x29, 0x13, 0x19, 0x29, 
        0x13, 0x19, 0x29, 0x13, 0x19, 0x29, 0x13, 0x19, 0x29, 0x13, 0x19, 0x29, 0x13, 0x19, 0x29, 0x13, 0x19, 0x29, 0x13, 0x19, 0x29, 0x13, 0x19, 0x29, 0x13, 0x19, 0x29, 0x13, 0x19, 0x29, 0x13, 0x19, 0x29, 0x13, 0x19, 0x29, 0x13, 0x19, 0x29, 
        0x13, 0x19, 0x29, 0x13, 0x19, 0x29, 0x13, 0x19, 0x29, 0x13, 0x19, 0x29, 0x13, 0x19, 0x29, 0x13, 0x19, 0x29, 0x13, 0x19, 0x29, 0x13, 0x19, 0x29, 0x13, 0x19, 0x29, 0x13, 0x19, 0x29, 0x13, 0x19, 0x29, 0x13, 0x19, 0x29, 0x13, 0x19, 0x29, 
        0x13, 0x19, 0x29, 0x13, 0x19, 0x29, 0x13, 0x19, 0x29, 0x13, 0x19, 0x29, 0x13, 0x19, 0x29, 0x13, 0x19, 0x29, 0x13, 0x19, 0x29, 0x13, 0x19, 0x29, 0x13, 0x19, 0x29,
  0x13, 0x19, 0x29, 0x13, 0x19, 0x29, 0x13, 0x19, 0x29, 0x13, 0x19, 0x29, 0x13, 0x19, 0x29, 0x13, 0x19, 0x29, 0x13, 0x19, 0x29, 0x13, 0x19, 0x29, 0x13, 0x19, 0x29, 0x13, 0x19, 0x29, 0x13, 0x19, 0x29, 0x13, 0x19, 0x29, 0x13, 0x19, 0x29, 0x13, 0x19, 0x29, 
        0x13, 0x19, 0x29, 0x13, 0x19, 0x29, 0x13, 0x19, 0x29, 0x13, 0x19, 0x29, 0x13, 0x19, 0x29, 0x13, 0x19, 0x29, 0x13, 0x19, 0x29, 0x13, 0x19, 0x29, 0x13, 0x19, 0x29, 0x13, 0x19, 0x29, 0x13, 0x19, 0x29, 0x13, 0x19, 0x29, 0x13, 0x19, 0x29, 
        0x13, 0x19, 0x29, 0x13, 0x19, 0x29, 0x13, 0x19, 0x29, 0x13, 0x19, 0x29, 0x13, 0x19, 0x29, 0x13, 0x19, 0x29, 0x13, 0x19, 0x29, 0x13, 0x19, 0x29, 0x13, 0x19, 0x29, 0x13, 0x19, 0x29, 0x13, 0x19, 0x29, 0x13, 0x19, 0x29, 0x13, 0x19, 0x29, 
        0x13, 0x19, 0x29, 0x13, 0x19, 0x29, 0x13, 0x19, 0x29, 0x13, 0x19, 0x29, 0x13, 0x19, 0x29, 0x13, 0x19, 0x29, 0x13, 0x19, 0x29, 0x13, 0x19, 0x29, 0x13, 0x19, 0x29, 0x13, 0x19, 0x29, 0x13, 0x19, 0x29, 0x13, 0x19, 0x29, 0x13, 0x19, 0x29, 
        0x13, 0x19, 0x29, 0x13, 0x19, 0x29, 0x13, 0x19, 0x29, 0x13, 0x19, 0x29, 0x13, 0x19, 0x29, 0x13, 0x19, 0x29, 0x13, 0x19, 0x29, 0x13, 0x19, 0x29, 0x13, 0x19, 0x29, 0x13, 0x19, 0x29, 0x13, 0x19, 0x29, 0x13, 0x19, 0x29, 0x13, 0x19, 0x29, 
        0x13, 0x19, 0x29, 0x13, 0x19, 0x29, 0x13, 0x19, 0x29, 0x13, 0x19, 0x29, 0x13, 0x19, 0x29, 0x13, 0x19, 0x29, 0x13, 0x19, 0x29, 0x13, 0x19, 0x29, 0x13, 0x19, 0x29, 0x13, 0x19, 0x29, 0x13, 0x19, 0x29, 0x13, 0x19, 0x29, 0x13, 0x19, 0x29, 
        0x13, 0x19, 0x29, 0x13, 0x19, 0x29, 0x13, 0x19, 0x29, 0x13, 0x19, 0x29, 0x13, 0x19, 0x29, 0x13, 0x19, 0x29, 0x13, 0x19, 0x29, 0x13, 0x19, 0x29, 0x13, 0x19, 0x29, 0x13, 0x19, 0x29, 0x13, 0x19, 0x29, 0x13, 0x19, 0x29, 0x13, 0x19, 0x29, 
        0x13, 0x19, 0x29, 0x13, 0x19, 0x29, 0x13, 0x19, 0x29, 0x13, 0x19, 0x29, 0x13, 0x19, 0x29, 0x13, 0x19, 0x29, 0x13, 0x19, 0x29, 0x13, 0x19, 0x29, 0x13, 0x19, 0x29, 0x13, 0x19, 0x29, 0x13, 0x19, 0x29, 0x13, 0x19, 0x29, 0x13, 0x19, 0x29, 
        0x13, 0x19, 0x29, 0x13, 0x19, 0x29, 0x13, 0x19, 0x29, 0x13, 0x19, 0x29, 0x13, 0x19, 0x29, 0x13, 0x19, 0x29, 0x13, 0x19, 0x29, 0x13, 0x19, 0x29, 0x13, 0x19, 0x29,
  0x13, 0x19, 0x29, 0x13, 0x19, 0x29, 0x13, 0x19, 0x29, 0x13, 0x19, 0x29, 0x13, 0x19, 0x29, 0x13, 0x19, 0x29, 0x13, 0x19, 0x29, 0x13, 0x19, 0x29, 0x13, 0x19, 0x29, 0x13, 0x19, 0x29, 0x13, 0x19, 0x29, 0x13, 0x19, 0x29, 0x13, 0x19, 0x29, 0x13, 0x19, 0x29, 
        0x13, 0x19, 0x29, 0x13, 0x19, 0x29, 0x13, 0x19, 0x29, 0x13, 0x19, 0x29, 0x13, 0x19, 0x29, 0x13, 0x19, 0x29, 0x13, 0x19, 0x29, 0x13, 0x19, 0x29, 0x13, 0x19, 0x29, 0x13, 0x19, 0x29, 0x13, 0x19, 0x29, 0x13, 0x19, 0x29, 0x13, 0x19, 0x29, 
        0x13, 0x19, 0x29, 0x13, 0x19, 0x29, 0x13, 0x19, 0x29, 0x13, 0x19, 0x29, 0x13, 0x19, 0x29, 0x13, 0x19, 0x29, 0x13, 0x19, 0x29, 0x13, 0x19, 0x29, 0x13, 0x19, 0x29, 0x13, 0x19, 0x29, 0x13, 0x19, 0x29, 0x13, 0x19, 0x29, 0x13, 0x19, 0x29, 
        0x13, 0x19, 0x29, 0x13, 0x19, 0x29, 0x13, 0x19, 0x29, 0x13, 0x19, 0x29, 0x13, 0x19, 0x29, 0x13, 0x19, 0x29, 0x13, 0x19, 0x29, 0x13, 0x19, 0x29, 0x13, 0x19, 0x29, 0x13, 0x19, 0x29, 0x13, 0x19, 0x29, 0x13, 0x19, 0x29, 0x13, 0x19, 0x29, 
        0x13, 0x19, 0x29, 0x13, 0x19, 0x29, 0x13, 0x19, 0x29, 0x13, 0x19, 0x29, 0x13, 0x19, 0x29, 0x13, 0x19, 0x29, 0x13, 0x19, 0x29, 0x13, 0x19, 0x29, 0x13, 0x19, 0x29, 0x13, 0x19, 0x29, 0x13, 0x19, 0x29, 0x13, 0x19, 0x29, 0x13, 0x19, 0x29, 
        0x13, 0x19, 0x29, 0x13, 0x19, 0x29, 0x13, 0x19, 0x29, 0x13, 0x19, 0x29, 0x13, 0x19, 0x29, 0x13, 0x19, 0x29, 0x13, 0x19, 0x29, 0x13, 0x19, 0x29, 0x13, 0x19, 0x29, 0x13, 0x19, 0x29, 0x13, 0x19, 0x29, 0x13, 0x19, 0x29, 0x13, 0x19, 0x29, 
        0x13, 0x19, 0x29, 0x13, 0x19, 0x29, 0x13, 0x19, 0x29, 0x13, 0x19, 0x29, 0x13, 0x19, 0x29, 0x13, 0x19, 0x29, 0x13, 0x19, 0x29, 0x13, 0x19, 0x29, 0x13, 0x19, 0x29, 0x13, 0x19, 0x29, 0x13, 0x19, 0x29, 0x13, 0x19, 0x29, 0x13, 0x19, 0x29, 
        0x13, 0x19, 0x29, 0x13, 0x19, 0x29, 0x13, 0x19, 0x29, 0x13, 0x19, 0x29, 0x13, 0x19, 0x29, 0x13, 0x19, 0x29, 0x13, 0x19, 0x29, 0x13, 0x19, 0x29, 0x13, 0x19, 0x29, 0x13, 0x19, 0x29, 0x13, 0x19, 0x29, 0x13, 0x19, 0x29, 0x13, 0x19, 0x29, 
        0x13, 0x19, 0x29, 0x13, 0x19, 0x29, 0x13, 0x19, 0x29, 0x13, 0x19, 0x29, 0x13, 0x19, 0x29, 0x13, 0x19, 0x29, 0x13, 0x19, 0x29, 0x13, 0x19, 0x29, 0x13, 0x19, 0x29,
  0x13, 0x19, 0x29, 0x13, 0x19, 0x29, 0x13, 0x19, 0x29, 0x13, 0x19, 0x29, 0x13, 0x19, 0x29, 0x13, 0x19, 0x29, 0x13, 0x19, 0x29, 0x13, 0x19, 0x29, 0x13, 0x19, 0x29, 0x13, 0x19, 0x29, 0x13, 0x19, 0x29, 0x13, 0x19, 0x29, 0x13, 0x19, 0x29, 0x13, 0x19, 0x29, 
        0x13, 0x19, 0x29, 0x13, 0x19, 0x29, 0x13, 0x19, 0x29, 0x13, 0x19, 0x29, 0x13, 0x19, 0x29, 0x13, 0x19, 0x29, 0x13, 0x19, 0x29, 0x13, 0x19, 0x29, 0x13, 0x19, 0x29, 0x13, 0x19, 0x29, 0x13, 0x19, 0x29, 0x13, 0x19, 0x29, 0x13, 0x19, 0x29, 
        0x13, 0x19, 0x29, 0x13, 0x19, 0x29, 0x13, 0x19, 0x29, 0x13, 0x19, 0x29, 0x13, 0x19, 0x29, 0x13, 0x19, 0x29, 0x13, 0x19, 0x29, 0x13, 0x19, 0x29, 0x13, 0x19, 0x29, 0x13, 0x19, 0x29, 0x13, 0x19, 0x29, 0x13, 0x19, 0x29, 0x13, 0x19, 0x29, 
        0x13, 0x19, 0x29, 0x13, 0x19, 0x29, 0x13, 0x19, 0x29, 0x13, 0x19, 0x29, 0x13, 0x19, 0x29, 0x13, 0x19, 0x29, 0x13, 0x19, 0x29, 0x13, 0x19, 0x29, 0x13, 0x19, 0x29, 0x13, 0x19, 0x29, 0x13, 0x19, 0x29, 0x13, 0x19, 0x29, 0x13, 0x19, 0x29, 
        0x13, 0x19, 0x29, 0x13, 0x19, 0x29, 0x13, 0x19, 0x29, 0x13, 0x19, 0x29, 0x13, 0x19, 0x29, 0x13, 0x19, 0x29, 0x13, 0x19, 0x29, 0x13, 0x19, 0x29, 0x13, 0x19, 0x29, 0x13, 0x19, 0x29, 0x13, 0x19, 0x29, 0x13, 0x19, 0x29, 0x13, 0x19, 0x29, 
        0x13, 0x19, 0x29, 0x13, 0x19, 0x29, 0x13, 0x19, 0x29, 0x13, 0x19, 0x29, 0x13, 0x19, 0x29, 0x13, 0x19, 0x29, 0x13, 0x19, 0x29, 0x13, 0x19, 0x29, 0x13, 0x19, 0x29, 0x13, 0x19, 0x29, 0x13, 0x19, 0x29, 0x13, 0x19, 0x29, 0x13, 0x19, 0x29, 
        0x13, 0x19, 0x29, 0x13, 0x19, 0x29, 0x13, 0x19, 0x29, 0x13, 0x19, 0x29, 0x13, 0x19, 0x29, 0x13, 0x19, 0x29, 0x13, 0x19, 0x29, 0x13, 0x19, 0x29, 0x13, 0x19, 0x29, 0x13, 0x19, 0x29, 0x13, 0x19, 0x29, 0x13, 0x19, 0x29, 0x13, 0x19, 0x29, 
        0x13, 0x19, 0x29, 0x13, 0x19, 0x29, 0x13, 0x19, 0x29, 0x13, 0x19, 0x29, 0x13, 0x19, 0x29, 0x13, 0x19, 0x29, 0x13, 0x19, 0x29, 0x13, 0x19, 0x29, 0x13, 0x19, 0x29, 0x13, 0x19, 0x29, 0x13, 0x19, 0x29, 0x13, 0x19, 0x29, 0x13, 0x19, 0x29, 
        0x13, 0x19, 0x29, 0x13, 0x19, 0x29, 0x13, 0x19, 0x29, 0x13, 0x19, 0x29, 0x13, 0x19, 0x29, 0x13, 0x19, 0x29, 0x13, 0x19, 0x29, 0x13, 0x19, 0x29, 0x13, 0x19, 0x29,
  0x13, 0x19, 0x29, 0x13, 0x19, 0x29, 0x13, 0x19, 0x29, 0x13, 0x19, 0x29, 0x13, 0x19, 0x29, 0x13, 0x19, 0x29, 0x13, 0x19, 0x29, 0x13, 0x19, 0x29, 0x13, 0x19, 0x29, 0x13, 0x19, 0x29, 0x13, 0x19, 0x29, 0x13, 0x19, 0x29, 0x13, 0x19, 0x29, 0x13, 0x19, 0x29, 
        0x13, 0x19, 0x29, 0x13, 0x19, 0x29, 0x13, 0x19, 0x29, 0x13, 0x19, 0x29, 0x13, 0x19, 0x29, 0x13, 0x19, 0x29, 0x13, 0x19, 0x29, 0x13, 0x19, 0x29, 0x13, 0x19, 0x29, 0x13, 0x19, 0x29, 0x13, 0x19, 0x29, 0x13, 0x19, 0x29, 0x13, 0x19, 0x29, 
        0x13, 0x19, 0x29, 0x13, 0x19, 0x29, 0x13, 0x19, 0x29, 0x13, 0x19, 0x29, 0x13, 0x19, 0x29, 0x13, 0x19, 0x29, 0x13, 0x19, 0x29, 0x13, 0x19, 0x29, 0x13, 0x19, 0x29, 0x13, 0x19, 0x29, 0x13, 0x19, 0x29, 0x13, 0x19, 0x29, 0x13, 0x19, 0x29, 
        0x13, 0x19, 0x29, 0x13, 0x19, 0x29, 0x13, 0x19, 0x29, 0x13, 0x19, 0x29, 0x13, 0x19, 0x29, 0x13, 0x19, 0x29, 0x13, 0x19, 0x29, 0x13, 0x19, 0x29, 0x13, 0x19, 0x29, 0x13, 0x19, 0x29, 0x13, 0x19, 0x29, 0x13, 0x19, 0x29, 0x13, 0x19, 0x29, 
        0x13, 0x19, 0x29, 0x13, 0x19, 0x29, 0x13, 0x19, 0x29, 0x13, 0x19, 0x29, 0x13, 0x19, 0x29, 0x13, 0x19, 0x29, 0x13, 0x19, 0x29, 0x13, 0x19, 0x29, 0x13, 0x19, 0x29, 0x13, 0x19, 0x29, 0x13, 0x19, 0x29, 0x13, 0x19, 0x29, 0x13, 0x19, 0x29, 
        0x13, 0x19, 0x29, 0x13, 0x19, 0x29, 0x13, 0x19, 0x29, 0x13, 0x19, 0x29, 0x13, 0x19, 0x29, 0x13, 0x19, 0x29, 0x13, 0x19, 0x29, 0x13, 0x19, 0x29, 0x13, 0x19, 0x29, 0x13, 0x19, 0x29, 0x13, 0x19, 0x29, 0x13, 0x19, 0x29, 0x13, 0x19, 0x29, 
        0x13, 0x19, 0x29, 0x13, 0x19, 0x29, 0x13, 0x19, 0x29, 0x13, 0x19, 0x29, 0x13, 0x19, 0x29, 0x13, 0x19, 0x29, 0x13, 0x19, 0x29, 0x13, 0x19, 0x29, 0x13, 0x19, 0x29, 0x13, 0x19, 0x29, 0x13, 0x19, 0x29, 0x13, 0x19, 0x29, 0x13, 0x19, 0x29, 
        0x13, 0x19, 0x29, 0x13, 0x19, 0x29, 0x13, 0x19, 0x29, 0x13, 0x19, 0x29, 0x13, 0x19, 0x29, 0x13, 0x19, 0x29, 0x13, 0x19, 0x29, 0x13, 0x19, 0x29, 0x13, 0x19, 0x29, 0x13, 0x19, 0x29, 0x13, 0x19, 0x29, 0x13, 0x19, 0x29, 0x13, 0x19, 0x29, 
        0x13, 0x19, 0x29, 0x13, 0x19, 0x29, 0x13, 0x19, 0x29, 0x13, 0x19, 0x29, 0x13, 0x19, 0x29, 0x13, 0x19, 0x29, 0x13, 0x19, 0x29, 0x13, 0x19, 0x29, 0x13, 0x19, 0x29,
  0x13, 0x19, 0x29, 0x13, 0x19, 0x29, 0x13, 0x19, 0x29, 0x13, 0x19, 0x29, 0x13, 0x19, 0x29, 0x13, 0x19, 0x29, 0x13, 0x19, 0x29, 0x13, 0x19, 0x29, 0x13, 0x19, 0x29, 0x13, 0x19, 0x29, 0x13, 0x19, 0x29, 0x13, 0x19, 0x29, 0x13, 0x19, 0x29, 0x13, 0x19, 0x29, 
        0x13, 0x19, 0x29, 0x13, 0x19, 0x29, 0x13, 0x19, 0x29, 0x13, 0x19, 0x29, 0x13, 0x19, 0x29, 0x13, 0x19, 0x29, 0x13, 0x19, 0x29, 0x13, 0x19, 0x29, 0x13, 0x19, 0x29, 0x13, 0x19, 0x29, 0x13, 0x19, 0x29, 0x13, 0x19, 0x29, 0x13, 0x19, 0x29, 
        0x13, 0x19, 0x29, 0x13, 0x19, 0x29, 0x13, 0x19, 0x29, 0x13, 0x19, 0x29, 0x13, 0x19, 0x29, 0x13, 0x19, 0x29, 0x13, 0x19, 0x29, 0x13, 0x19, 0x29, 0x13, 0x19, 0x29, 0x13, 0x19, 0x29, 0x13, 0x19, 0x29, 0x13, 0x19, 0x29, 0x13, 0x19, 0x29, 
        0x13, 0x19, 0x29, 0x13, 0x19, 0x29, 0x13, 0x19, 0x29, 0x13, 0x19, 0x29, 0x13, 0x19, 0x29, 0x13, 0x19, 0x29, 0x13, 0x19, 0x29, 0x13, 0x19, 0x29, 0x13, 0x19, 0x29, 0x13, 0x19, 0x29, 0x13, 0x19, 0x29, 0x13, 0x19, 0x29, 0x13, 0x19, 0x29, 
        0x13, 0x19, 0x29, 0x13, 0x19, 0x29, 0x13, 0x19, 0x29, 0x13, 0x19, 0x29, 0x13, 0x19, 0x29, 0x13, 0x19, 0x29, 0x13, 0x19, 0x29, 0x13, 0x19, 0x29, 0x13, 0x19, 0x29, 0x13, 0x19, 0x29, 0x13, 0x19, 0x29, 0x13, 0x19, 0x29, 0x13, 0x19, 0x29, 
        0x13, 0x19, 0x29, 0x13, 0x19, 0x29, 0x13, 0x19, 0x29, 0x13, 0x19, 0x29, 0x13, 0x19, 0x29, 0x13, 0x19, 0x29, 0x13, 0x19, 0x29, 0x13, 0x19, 0x29, 0x13, 0x19, 0x29, 0x13, 0x19, 0x29, 0x13, 0x19, 0x29, 0x13, 0x19, 0x29, 0x13, 0x19, 0x29, 
        0x13, 0x19, 0x29, 0x13, 0x19, 0x29, 0x13, 0x19, 0x29, 0x13, 0x19, 0x29, 0x13, 0x19, 0x29, 0x13, 0x19, 0x29, 0x13, 0x19, 0x29, 0x13, 0x19, 0x29, 0x13, 0x19, 0x29, 0x13, 0x19, 0x29, 0x13, 0x19, 0x29, 0x13, 0x19, 0x29, 0x13, 0x19, 0x29, 
        0x13, 0x19, 0x29, 0x13, 0x19, 0x29, 0x13, 0x19, 0x29, 0x13, 0x19, 0x29, 0x13, 0x19, 0x29, 0x13, 0x19, 0x29, 0x13, 0x19, 0x29, 0x13, 0x19, 0x29, 0x13, 0x19, 0x29, 0x13, 0x19, 0x29, 0x13, 0x19, 0x29, 0x13, 0x19, 0x29, 0x13, 0x19, 0x29, 
        0x13, 0x19, 0x29, 0x13, 0x19, 0x29, 0x13, 0x19, 0x29, 0x13, 0x19, 0x29, 0x13, 0x19, 0x29, 0x13, 0x19, 0x29, 0x13, 0x19, 0x29, 0x13, 0x19, 0x29, 0x13, 0x19, 0x29,
  0x13, 0x19, 0x29, 0x13, 0x19, 0x29, 0x13, 0x19, 0x29, 0x13, 0x19, 0x29, 0x13, 0x19, 0x29, 0x13, 0x19, 0x29, 0x13, 0x19, 0x29, 0x13, 0x19, 0x29, 0x13, 0x19, 0x29, 0x13, 0x19, 0x29, 0x13, 0x19, 0x29, 0x13, 0x19, 0x29, 0x13, 0x19, 0x29, 0x13, 0x19, 0x29, 
        0x13, 0x19, 0x29, 0x13, 0x19, 0x29, 0x13, 0x19, 0x29, 0x13, 0x19, 0x29, 0x13, 0x19, 0x29, 0x13, 0x19, 0x29, 0x13, 0x19, 0x29, 0x13, 0x19, 0x29, 0x13, 0x19, 0x29, 0x13, 0x19, 0x29, 0x13, 0x19, 0x29, 0x13, 0x19, 0x29, 0x13, 0x19, 0x29, 
        0x13, 0x19, 0x29, 0x13, 0x19, 0x29, 0x13, 0x19, 0x29, 0x13, 0x19, 0x29, 0x13, 0x19, 0x29, 0x13, 0x19, 0x29, 0x13, 0x19, 0x29, 0x13, 0x19, 0x29, 0x13, 0x19, 0x29, 0x13, 0x19, 0x29, 0x13, 0x19, 0x29, 0x13, 0x19, 0x29, 0x13, 0x19, 0x29, 
        0x13, 0x19, 0x29, 0x13, 0x19, 0x29, 0x13, 0x19, 0x29, 0x13, 0x19, 0x29, 0x13, 0x19, 0x29, 0x13, 0x19, 0x29, 0x13, 0x19, 0x29, 0x13, 0x19, 0x29, 0x13, 0x19, 0x29, 0x13, 0x19, 0x29, 0x13, 0x19, 0x29, 0x13, 0x19, 0x29, 0x13, 0x19, 0x29, 
        0x13, 0x19, 0x29, 0x13, 0x19, 0x29, 0x13, 0x19, 0x29, 0x13, 0x19, 0x29, 0x13, 0x19, 0x29, 0x13, 0x19, 0x29, 0x13, 0x19, 0x29, 0x13, 0x19, 0x29, 0x13, 0x19, 0x29, 0x13, 0x19, 0x29, 0x13, 0x19, 0x29, 0x13, 0x19, 0x29, 0x13, 0x19, 0x29, 
        0x13, 0x19, 0x29, 0x13, 0x19, 0x29, 0x13, 0x19, 0x29, 0x13, 0x19, 0x29, 0x13, 0x19, 0x29, 0x13, 0x19, 0x29, 0x13, 0x19, 0x29, 0x13, 0x19, 0x29, 0x13, 0x19, 0x29, 0x13, 0x19, 0x29, 0x13, 0x19, 0x29, 0x13, 0x19, 0x29, 0x13, 0x19, 0x29, 
        0x13, 0x19, 0x29, 0x13, 0x19, 0x29, 0x13, 0x19, 0x29, 0x13, 0x19, 0x29, 0x13, 0x19, 0x29, 0x13, 0x19, 0x29, 0x13, 0x19, 0x29, 0x13, 0x19, 0x29, 0x13, 0x19, 0x29, 0x13, 0x19, 0x29, 0x13, 0x19, 0x29, 0x13, 0x19, 0x29, 0x13, 0x19, 0x29, 
        0x13, 0x19, 0x29, 0x13, 0x19, 0x29, 0x13, 0x19, 0x29, 0x13, 0x19, 0x29, 0x13, 0x19, 0x29, 0x13, 0x19, 0x29, 0x13, 0x19, 0x29, 0x13, 0x19, 0x29, 0x13, 0x19, 0x29, 0x13, 0x19, 0x29, 0x13, 0x19, 0x29, 0x13, 0x19, 0x29, 0x13, 0x19, 0x29, 
        0x13, 0x19, 0x29, 0x13, 0x19, 0x29, 0x13, 0x19, 0x29, 0x13, 0x19, 0x29, 0x13, 0x19, 0x29, 0x13, 0x19, 0x29, 0x13, 0x19, 0x29, 0x13, 0x19, 0x29, 0x13, 0x19, 0x29,
  0x13, 0x19, 0x29, 0x13, 0x19, 0x29, 0x13, 0x19, 0x29, 0x13, 0x19, 0x29, 0x13, 0x19, 0x29, 0x13, 0x19, 0x29, 0x13, 0x19, 0x29, 0x13, 0x19, 0x29, 0x13, 0x19, 0x29, 0x13, 0x19, 0x29, 0x13, 0x19, 0x29, 0x13, 0x19, 0x29, 0x13, 0x19, 0x29, 0x13, 0x19, 0x29, 
        0x13, 0x19, 0x29, 0x13, 0x19, 0x29, 0x13, 0x19, 0x29, 0x13, 0x19, 0x29, 0x13, 0x19, 0x29, 0x13, 0x19, 0x29, 0x13, 0x19, 0x29, 0x13, 0x19, 0x29, 0x13, 0x19, 0x29, 0x13, 0x19, 0x29, 0x13, 0x19, 0x29, 0x13, 0x19, 0x29, 0x13, 0x19, 0x29, 
        0x13, 0x19, 0x29, 0x13, 0x19, 0x29, 0x13, 0x19, 0x29, 0x13, 0x19, 0x29, 0x13, 0x19, 0x29, 0x13, 0x19, 0x29, 0x13, 0x19, 0x29, 0x13, 0x19, 0x29, 0x13, 0x19, 0x29, 0x13, 0x19, 0x29, 0x13, 0x19, 0x29, 0x13, 0x19, 0x29, 0x13, 0x19, 0x29, 
        0x13, 0x19, 0x29, 0x13, 0x19, 0x29, 0x13, 0x19, 0x29, 0x13, 0x19, 0x29, 0x13, 0x19, 0x29, 0x13, 0x19, 0x29, 0x13, 0x19, 0x29, 0x13, 0x19, 0x29, 0x13, 0x19, 0x29, 0x13, 0x19, 0x29, 0x13, 0x19, 0x29, 0x13, 0x19, 0x29, 0x13, 0x19, 0x29, 
        0x13, 0x19, 0x29, 0x13, 0x19, 0x29, 0x13, 0x19, 0x29, 0x13, 0x19, 0x29, 0x13, 0x19, 0x29, 0x13, 0x19, 0x29, 0x13, 0x19, 0x29, 0x13, 0x19, 0x29, 0x13, 0x19, 0x29, 0x13, 0x19, 0x29, 0x13, 0x19, 0x29, 0x13, 0x19, 0x29, 0x13, 0x19, 0x29, 
        0x13, 0x19, 0x29, 0x13, 0x19, 0x29, 0x13, 0x19, 0x29, 0x13, 0x19, 0x29, 0x13, 0x19, 0x29, 0x13, 0x19, 0x29, 0x13, 0x19, 0x29, 0x13, 0x19, 0x29, 0x13, 0x19, 0x29, 0x13, 0x19, 0x29, 0x13, 0x19, 0x29, 0x13, 0x19, 0x29, 0x13, 0x19, 0x29, 
        0x13, 0x19, 0x29, 0x13, 0x19, 0x29, 0x13, 0x19, 0x29, 0x13, 0x19, 0x29, 0x13, 0x19, 0x29, 0x13, 0x19, 0x29, 0x13, 0x19, 0x29, 0x13, 0x19, 0x29, 0x13, 0x19, 0x29, 0x13, 0x19, 0x29, 0x13, 0x19, 0x29, 0x13, 0x19, 0x29, 0x13, 0x19, 0x29, 
        0x13, 0x19, 0x29, 0x13, 0x19, 0x29, 0x13, 0x19, 0x29, 0x13, 0x19, 0x29, 0x13, 0x19, 0x29, 0x13, 0x19, 0x29, 0x13, 0x19, 0x29, 0x13, 0x19, 0x29, 0x13, 0x19, 0x29, 0x13, 0x19, 0x29, 0x13, 0x19, 0x29, 0x13, 0x19, 0x29, 0x13, 0x19, 0x29, 
        0x13, 0x19, 0x29, 0x13, 0x19, 0x29, 0x13, 0x19, 0x29, 0x13, 0x19, 0x29, 0x13, 0x19, 0x29, 0x13, 0x19, 0x29, 0x13, 0x19, 0x29, 0x13, 0x19, 0x29, 0x13, 0x19, 0x29,
  0x13, 0x19, 0x29, 0x13, 0x19, 0x29, 0x13, 0x19, 0x29, 0x13, 0x19, 0x29, 0x13, 0x19, 0x29, 0x13, 0x19, 0x29, 0x13, 0x19, 0x29, 0x13, 0x19, 0x29, 0x13, 0x19, 0x29, 0x13, 0x19, 0x29, 0x13, 0x19, 0x29, 0x13, 0x19, 0x29, 0x13, 0x19, 0x29, 0x13, 0x19, 0x29, 
        0x13, 0x19, 0x29, 0x13, 0x19, 0x29, 0x13, 0x19, 0x29, 0x13, 0x19, 0x29, 0x13, 0x19, 0x29, 0x13, 0x19, 0x29, 0x13, 0x19, 0x29, 0x13, 0x19, 0x29, 0x13, 0x19, 0x29, 0x13, 0x19, 0x29, 0x13, 0x19, 0x29, 0x13, 0x19, 0x29, 0x13, 0x19, 0x29, 
        0x13, 0x19, 0x29, 0x13, 0x19, 0x29, 0x13, 0x19, 0x29, 0x13, 0x19, 0x29, 0x13, 0x19, 0x29, 0x13, 0x19, 0x29, 0x13, 0x19, 0x29, 0x13, 0x19, 0x29, 0x13, 0x19, 0x29, 0x13, 0x19, 0x29, 0x13, 0x19, 0x29, 0x13, 0x19, 0x29, 0x13, 0x19, 0x29, 
        0x13, 0x19, 0x29, 0x13, 0x19, 0x29, 0x13, 0x19, 0x29, 0x13, 0x19, 0x29, 0x13, 0x19, 0x29, 0x13, 0x19, 0x29, 0x13, 0x19, 0x29, 0x13, 0x19, 0x29, 0x13, 0x19, 0x29, 0x13, 0x19, 0x29, 0x13, 0x19, 0x29, 0x13, 0x19, 0x29, 0x13, 0x19, 0x29, 
        0x13, 0x19, 0x29, 0x13, 0x19, 0x29, 0x13, 0x19, 0x29, 0x13, 0x19, 0x29, 0x13, 0x19, 0x29, 0x13, 0x19, 0x29, 0x13, 0x19, 0x29, 0x13, 0x19, 0x29, 0x13, 0x19, 0x29, 0x13, 0x19, 0x29, 0x13, 0x19, 0x29, 0x13, 0x19, 0x29, 0x13, 0x19, 0x29, 
        0x13, 0x19, 0x29, 0x13, 0x19, 0x29, 0x13, 0x19, 0x29, 0x13, 0x19, 0x29, 0x13, 0x19, 0x29, 0x13, 0x19, 0x29, 0x13, 0x19, 0x29, 0x13, 0x19, 0x29, 0x13, 0x19, 0x29, 0x13, 0x19, 0x29, 0x13, 0x19, 0x29, 0x13, 0x19, 0x29, 0x13, 0x19, 0x29, 
        0x13, 0x19, 0x29, 0x13, 0x19, 0x29, 0x13, 0x19, 0x29, 0x13, 0x19, 0x29, 0x13, 0x19, 0x29, 0x13, 0x19, 0x29, 0x13, 0x19, 0x29, 0x13, 0x19, 0x29, 0x13, 0x19, 0x29, 0x13, 0x19, 0x29, 0x13, 0x19, 0x29, 0x13, 0x19, 0x29, 0x13, 0x19, 0x29, 
        0x13, 0x19, 0x29, 0x13, 0x19, 0x29, 0x13, 0x19, 0x29, 0x13, 0x19, 0x29, 0x13, 0x19, 0x29, 0x13, 0x19, 0x29, 0x13, 0x19, 0x29, 0x13, 0x19, 0x29, 0x13, 0x19, 0x29, 0x13, 0x19, 0x29, 0x13, 0x19, 0x29, 0x13, 0x19, 0x29, 0x13, 0x19, 0x29, 
        0x13, 0x19, 0x29, 0x13, 0x19, 0x29, 0x13, 0x19, 0x29, 0x13, 0x19, 0x29, 0x13, 0x19, 0x29, 0x13, 0x19, 0x29, 0x13, 0x19, 0x29, 0x13, 0x19, 0x29, 0x13, 0x19, 0x29,
  0x13, 0x19, 0x29, 0x13, 0x19, 0x29, 0x13, 0x19, 0x29, 0x13, 0x19, 0x29, 0x13, 0x19, 0x29, 0x13, 0x19, 0x29, 0x13, 0x19, 0x29, 0x13, 0x19, 0x29, 0x13, 0x19, 0x29, 0x13, 0x19, 0x29, 0x13, 0x19, 0x29, 0x13, 0x19, 0x29, 0x13, 0x19, 0x29, 0x13, 0x19, 0x29, 
        0x13, 0x19, 0x29, 0x13, 0x19, 0x29, 0x13, 0x19, 0x29, 0x13, 0x19, 0x29, 0x13, 0x19, 0x29, 0x13, 0x19, 0x29, 0x13, 0x19, 0x29, 0x13, 0x19, 0x29, 0x13, 0x19, 0x29, 0x13, 0x19, 0x29, 0x13, 0x19, 0x29, 0x13, 0x19, 0x29, 0x13, 0x19, 0x29, 
        0x13, 0x19, 0x29, 0x13, 0x19, 0x29, 0x13, 0x19, 0x29, 0x13, 0x19, 0x29, 0x13, 0x19, 0x29, 0x13, 0x19, 0x29, 0x13, 0x19, 0x29, 0x13, 0x19, 0x29, 0x13, 0x19, 0x29, 0x13, 0x19, 0x29, 0x13, 0x19, 0x29, 0x13, 0x19, 0x29, 0x13, 0x19, 0x29, 
        0x13, 0x19, 0x29, 0x13, 0x19, 0x29, 0x13, 0x19, 0x29, 0x13, 0x19, 0x29, 0x13, 0x19, 0x29, 0x13, 0x19, 0x29, 0x13, 0x19, 0x29, 0x13, 0x19, 0x29, 0x13, 0x19, 0x29, 0x13, 0x19, 0x29, 0x13, 0x19, 0x29, 0x13, 0x19, 0x29, 0x13, 0x19, 0x29, 
        0x13, 0x19, 0x29, 0x13, 0x19, 0x29, 0x13, 0x19, 0x29, 0x13, 0x19, 0x29, 0x13, 0x19, 0x29, 0x13, 0x19, 0x29, 0x13, 0x19, 0x29, 0x13, 0x19, 0x29, 0x13, 0x19, 0x29, 0x13, 0x19, 0x29, 0x13, 0x19, 0x29, 0x13, 0x19, 0x29, 0x13, 0x19, 0x29, 
        0x13, 0x19, 0x29, 0x13, 0x19, 0x29, 0x13, 0x19, 0x29, 0x13, 0x19, 0x29, 0x13, 0x19, 0x29, 0x13, 0x19, 0x29, 0x13, 0x19, 0x29, 0x13, 0x19, 0x29, 0x13, 0x19, 0x29, 0x13, 0x19, 0x29, 0x13, 0x19, 0x29, 0x13, 0x19, 0x29, 0x13, 0x19, 0x29, 
        0x13, 0x19, 0x29, 0x13, 0x19, 0x29, 0x13, 0x19, 0x29, 0x13, 0x19, 0x29, 0x13, 0x19, 0x29, 0x13, 0x19, 0x29, 0x13, 0x19, 0x29, 0x13, 0x19, 0x29, 0x13, 0x19, 0x29, 0x13, 0x19, 0x29, 0x13, 0x19, 0x29, 0x13, 0x19, 0x29, 0x13, 0x19, 0x29, 
        0x13, 0x19, 0x29, 0x13, 0x19, 0x29, 0x13, 0x19, 0x29, 0x13, 0x19, 0x29, 0x13, 0x19, 0x29, 0x13, 0x19, 0x29, 0x13, 0x19, 0x29, 0x13, 0x19, 0x29, 0x13, 0x19, 0x29, 0x13, 0x19, 0x29, 0x13, 0x19, 0x29, 0x13, 0x19, 0x29, 0x13, 0x19, 0x29, 
        0x13, 0x19, 0x29, 0x13, 0x19, 0x29, 0x13, 0x19, 0x29, 0x13, 0x19, 0x29, 0x13, 0x19, 0x29, 0x13, 0x19, 0x29, 0x13, 0x19, 0x29, 0x13, 0x19, 0x29, 0x13, 0x19, 0x29,
  0x13, 0x19, 0x29, 0x13, 0x19, 0x29, 0x13, 0x19, 0x29, 0x13, 0x19, 0x29, 0x13, 0x19, 0x29, 0x13, 0x19, 0x29, 0x13, 0x19, 0x29, 0x13, 0x19, 0x29, 0x13, 0x19, 0x29, 0x13, 0x19, 0x29, 0x13, 0x19, 0x29, 0x13, 0x19, 0x29, 0x13, 0x19, 0x29, 0x13, 0x19, 0x29, 
        0x13, 0x19, 0x29, 0x13, 0x19, 0x29, 0x13, 0x19, 0x29, 0x13, 0x19, 0x29, 0x13, 0x19, 0x29, 0x13, 0x19, 0x29, 0x13, 0x19, 0x29, 0x13, 0x19, 0x29, 0x13, 0x19, 0x29, 0x13, 0x19, 0x29, 0x13, 0x19, 0x29, 0x13, 0x19, 0x29, 0x13, 0x19, 0x29, 
        0x13, 0x19, 0x29, 0x13, 0x19, 0x29, 0x13, 0x19, 0x29, 0x13, 0x19, 0x29, 0x13, 0x19, 0x29, 0x13, 0x19, 0x29, 0x13, 0x19, 0x29, 0x13, 0x19, 0x29, 0x13, 0x19, 0x29, 0x13, 0x19, 0x29, 0x13, 0x19, 0x29, 0x13, 0x19, 0x29, 0x13, 0x19, 0x29, 
        0x13, 0x19, 0x29, 0x13, 0x19, 0x29, 0x13, 0x19, 0x29, 0x13, 0x19, 0x29, 0x13, 0x19, 0x29, 0x13, 0x19, 0x29, 0x13, 0x19, 0x29, 0x13, 0x19, 0x29, 0x13, 0x19, 0x29, 0x13, 0x19, 0x29, 0x13, 0x19, 0x29, 0x13, 0x19, 0x29, 0x13, 0x19, 0x29, 
        0x13, 0x19, 0x29, 0x13, 0x19, 0x29, 0x13, 0x19, 0x29, 0x13, 0x19, 0x29, 0x13, 0x19, 0x29, 0x13, 0x19, 0x29, 0x13, 0x19, 0x29, 0x13, 0x19, 0x29, 0x13, 0x19, 0x29, 0x13, 0x19, 0x29, 0x13, 0x19, 0x29, 0x13, 0x19, 0x29, 0x13, 0x19, 0x29, 
        0x13, 0x19, 0x29, 0x13, 0x19, 0x29, 0x13, 0x19, 0x29, 0x13, 0x19, 0x29, 0x13, 0x19, 0x29, 0x13, 0x19, 0x29, 0x13, 0x19, 0x29, 0x13, 0x19, 0x29, 0x13, 0x19, 0x29, 0x13, 0x19, 0x29, 0x13, 0x19, 0x29, 0x13, 0x19, 0x29, 0x13, 0x19, 0x29, 
        0x13, 0x19, 0x29, 0x13, 0x19, 0x29, 0x13, 0x19, 0x29, 0x13, 0x19, 0x29, 0x13, 0x19, 0x29, 0x13, 0x19, 0x29, 0x13, 0x19, 0x29, 0x13, 0x19, 0x29, 0x13, 0x19, 0x29, 0x13, 0x19, 0x29, 0x13, 0x19, 0x29, 0x13, 0x19, 0x29, 0x13, 0x19, 0x29, 
        0x13, 0x19, 0x29, 0x13, 0x19, 0x29, 0x13, 0x19, 0x29, 0x13, 0x19, 0x29, 0x13, 0x19, 0x29, 0x13, 0x19, 0x29, 0x13, 0x19, 0x29, 0x13, 0x19, 0x29, 0x13, 0x19, 0x29, 0x13, 0x19, 0x29, 0x13, 0x19, 0x29, 0x13, 0x19, 0x29, 0x13, 0x19, 0x29, 
        0x13, 0x19, 0x29, 0x13, 0x19, 0x29, 0x13, 0x19, 0x29, 0x13, 0x19, 0x29, 0x13, 0x19, 0x29, 0x13, 0x19, 0x29, 0x13, 0x19, 0x29, 0x13, 0x19, 0x29, 0x13, 0x19, 0x29,
  0x13, 0x19, 0x29, 0x13, 0x19, 0x29, 0x13, 0x19, 0x29, 0x13, 0x19, 0x29, 0x13, 0x19, 0x29, 0x13, 0x19, 0x29, 0x13, 0x19, 0x29, 0x13, 0x19, 0x29, 0x13, 0x19, 0x29, 0x13, 0x19, 0x29, 0x13, 0x19, 0x29, 0x13, 0x19, 0x29, 0x13, 0x19, 0x29, 0x13, 0x19, 0x29, 
        0x13, 0x19, 0x29, 0x13, 0x19, 0x29, 0x13, 0x19, 0x29, 0x13, 0x19, 0x29, 0x13, 0x19, 0x29, 0x13, 0x19, 0x29, 0x13, 0x19, 0x29, 0x13, 0x19, 0x29, 0x13, 0x19, 0x29, 0x13, 0x19, 0x29, 0x13, 0x19, 0x29, 0x13, 0x19, 0x29, 0x13, 0x19, 0x29, 
        0x13, 0x19, 0x29, 0x13, 0x19, 0x29, 0x13, 0x19, 0x29, 0x13, 0x19, 0x29, 0x13, 0x19, 0x29, 0x13, 0x19, 0x29, 0x13, 0x19, 0x29, 0x13, 0x19, 0x29, 0x13, 0x19, 0x29, 0x13, 0x19, 0x29, 0x13, 0x19, 0x29, 0x13, 0x19, 0x29, 0x13, 0x19, 0x29, 
        0x13, 0x19, 0x29, 0x13, 0x19, 0x29, 0x13, 0x19, 0x29, 0x13, 0x19, 0x29, 0x13, 0x19, 0x29, 0x13, 0x19, 0x29, 0x13, 0x19, 0x29, 0x13, 0x19, 0x29, 0x13, 0x19, 0x29, 0x13, 0x19, 0x29, 0x13, 0x19, 0x29, 0x13, 0x19, 0x29, 0x13, 0x19, 0x29, 
        0x13, 0x19, 0x29, 0x13, 0x19, 0x29, 0x13, 0x19, 0x29, 0x13, 0x19, 0x29, 0x13, 0x19, 0x29, 0x13, 0x19, 0x29, 0x13, 0x19, 0x29, 0x13, 0x19, 0x29, 0x13, 0x19, 0x29, 0x13, 0x19, 0x29, 0x13, 0x19, 0x29, 0x13, 0x19, 0x29, 0x13, 0x19, 0x29, 
        0x13, 0x19, 0x29, 0x13, 0x19, 0x29, 0x13, 0x19, 0x29, 0x13, 0x19, 0x29, 0x13, 0x19, 0x29, 0x13, 0x19, 0x29, 0x13, 0x19, 0x29, 0x13, 0x19, 0x29, 0x13, 0x19, 0x29, 0x13, 0x19, 0x29, 0x13, 0x19, 0x29, 0x13, 0x19, 0x29, 0x13, 0x19, 0x29, 
        0x13, 0x19, 0x29, 0x13, 0x19, 0x29, 0x13, 0x19, 0x29, 0x13, 0x19, 0x29, 0x13, 0x19, 0x29, 0x13, 0x19, 0x29, 0x13, 0x19, 0x29, 0x13, 0x19, 0x29, 0x13, 0x19, 0x29, 0x13, 0x19, 0x29, 0x13, 0x19, 0x29, 0x13, 0x19, 0x29, 0x13, 0x19, 0x29, 
        0x13, 0x19, 0x29, 0x13, 0x19, 0x29, 0x13, 0x19, 0x29, 0x13, 0x19, 0x29, 0x13, 0x19, 0x29, 0x13, 0x19, 0x29, 0x13, 0x19, 0x29, 0x13, 0x19, 0x29, 0x13, 0x19, 0x29, 0x13, 0x19, 0x29, 0x13, 0x19, 0x29, 0x13, 0x19, 0x29, 0x13, 0x19, 0x29, 
        0x13, 0x19, 0x29, 0x13, 0x19, 0x29, 0x13, 0x19, 0x29, 0x13, 0x19, 0x29, 0x13, 0x19, 0x29, 0x13, 0x19, 0x29, 0x13, 0x19, 0x29, 0x13, 0x19, 0x29, 0x13, 0x19, 0x29,
  0x13, 0x19, 0x29, 0x13, 0x19, 0x29, 0x13, 0x19, 0x29, 0x13, 0x19, 0x29, 0x13, 0x19, 0x29, 0x13, 0x19, 0x29, 0x13, 0x19, 0x29, 0x13, 0x19, 0x29, 0x13, 0x19, 0x29, 0x13, 0x19, 0x29, 0x13, 0x19, 0x29, 0x13, 0x19, 0x29, 0x13, 0x19, 0x29, 0x13, 0x19, 0x29, 
        0x13, 0x19, 0x29, 0x13, 0x19, 0x29, 0x13, 0x19, 0x29, 0x13, 0x19, 0x29, 0x13, 0x19, 0x29, 0x13, 0x19, 0x29, 0x13, 0x19, 0x29, 0x13, 0x19, 0x29, 0x13, 0x19, 0x29, 0x13, 0x19, 0x29, 0x13, 0x19, 0x29, 0x13, 0x19, 0x29, 0x13, 0x19, 0x29, 
        0x13, 0x19, 0x29, 0x13, 0x19, 0x29, 0x13, 0x19, 0x29, 0x13, 0x19, 0x29, 0x13, 0x19, 0x29, 0x13, 0x19, 0x29, 0x13, 0x19, 0x29, 0x13, 0x19, 0x29, 0x13, 0x19, 0x29, 0x13, 0x19, 0x29, 0x13, 0x19, 0x29, 0x13, 0x19, 0x29, 0x13, 0x19, 0x29, 
        0x13, 0x19, 0x29, 0x13, 0x19, 0x29, 0x13, 0x19, 0x29, 0x13, 0x19, 0x29, 0x13, 0x19, 0x29, 0x13, 0x19, 0x29, 0x13, 0x19, 0x29, 0x13, 0x19, 0x29, 0x13, 0x19, 0x29, 0x13, 0x19, 0x29, 0x13, 0x19, 0x29, 0x13, 0x19, 0x29, 0x13, 0x19, 0x29, 
        0x13, 0x19, 0x29, 0x13, 0x19, 0x29, 0x13, 0x19, 0x29, 0x13, 0x19, 0x29, 0x13, 0x19, 0x29, 0x13, 0x19, 0x29, 0x13, 0x19, 0x29, 0x13, 0x19, 0x29, 0x13, 0x19, 0x29, 0x13, 0x19, 0x29, 0x13, 0x19, 0x29, 0x13, 0x19, 0x29, 0x13, 0x19, 0x29, 
        0x13, 0x19, 0x29, 0x13, 0x19, 0x29, 0x13, 0x19, 0x29, 0x13, 0x19, 0x29, 0x13, 0x19, 0x29, 0x13, 0x19, 0x29, 0x13, 0x19, 0x29, 0x13, 0x19, 0x29, 0x13, 0x19, 0x29, 0x13, 0x19, 0x29, 0x13, 0x19, 0x29, 0x13, 0x19, 0x29, 0x13, 0x19, 0x29, 
        0x13, 0x19, 0x29, 0x13, 0x19, 0x29, 0x13, 0x19, 0x29, 0x13, 0x19, 0x29, 0x13, 0x19, 0x29, 0x13, 0x19, 0x29, 0x13, 0x19, 0x29, 0x13, 0x19, 0x29, 0x13, 0x19, 0x29, 0x13, 0x19, 0x29, 0x13, 0x19, 0x29, 0x13, 0x19, 0x29, 0x13, 0x19, 0x29, 
        0x13, 0x19, 0x29, 0x13, 0x19, 0x29, 0x13, 0x19, 0x29, 0x13, 0x19, 0x29, 0x13, 0x19, 0x29, 0x13, 0x19, 0x29, 0x13, 0x19, 0x29, 0x13, 0x19, 0x29, 0x13, 0x19, 0x29, 0x13, 0x19, 0x29, 0x13, 0x19, 0x29, 0x13, 0x19, 0x29, 0x13, 0x19, 0x29, 
        0x13, 0x19, 0x29, 0x13, 0x19, 0x29, 0x13, 0x19, 0x29, 0x13, 0x19, 0x29, 0x13, 0x19, 0x29, 0x13, 0x19, 0x29, 0x13, 0x19, 0x29, 0x13, 0x19, 0x29, 0x13, 0x19, 0x29,
  0x13, 0x19, 0x29, 0x13, 0x19, 0x29, 0x13, 0x19, 0x29, 0x13, 0x19, 0x29, 0x13, 0x19, 0x29, 0x13, 0x19, 0x29, 0x13, 0x19, 0x29, 0x13, 0x19, 0x29, 0x13, 0x19, 0x29, 0x13, 0x19, 0x29, 0x13, 0x19, 0x29, 0x13, 0x19, 0x29, 0x13, 0x19, 0x29, 0x13, 0x19, 0x29, 
        0x13, 0x19, 0x29, 0x13, 0x19, 0x29, 0x13, 0x19, 0x29, 0x13, 0x19, 0x29, 0x13, 0x19, 0x29, 0x13, 0x19, 0x29, 0x13, 0x19, 0x29, 0x13, 0x19, 0x29, 0x13, 0x19, 0x29, 0x13, 0x19, 0x29, 0x13, 0x19, 0x29, 0x13, 0x19, 0x29, 0x13, 0x19, 0x29, 
        0x13, 0x19, 0x29, 0x13, 0x19, 0x29, 0x13, 0x19, 0x29, 0x13, 0x19, 0x29, 0x13, 0x19, 0x29, 0x13, 0x19, 0x29, 0x13, 0x19, 0x29, 0x13, 0x19, 0x29, 0x13, 0x19, 0x29, 0x13, 0x19, 0x29, 0x13, 0x19, 0x29, 0x13, 0x19, 0x29, 0x13, 0x19, 0x29, 
        0x13, 0x19, 0x29, 0x13, 0x19, 0x29, 0x13, 0x19, 0x29, 0x13, 0x19, 0x29, 0x13, 0x19, 0x29, 0x13, 0x19, 0x29, 0x13, 0x19, 0x29, 0x13, 0x19, 0x29, 0x13, 0x19, 0x29, 0x13, 0x19, 0x29, 0x13, 0x19, 0x29, 0x13, 0x19, 0x29, 0x13, 0x19, 0x29, 
        0x13, 0x19, 0x29, 0x13, 0x19, 0x29, 0x13, 0x19, 0x29, 0x13, 0x19, 0x29, 0x13, 0x19, 0x29, 0x13, 0x19, 0x29, 0x13, 0x19, 0x29, 0x13, 0x19, 0x29, 0x13, 0x19, 0x29, 0x13, 0x19, 0x29, 0x13, 0x19, 0x29, 0x13, 0x19, 0x29, 0x13, 0x19, 0x29, 
        0x13, 0x19, 0x29, 0x13, 0x19, 0x29, 0x13, 0x19, 0x29, 0x13, 0x19, 0x29, 0x13, 0x19, 0x29, 0x13, 0x19, 0x29, 0x13, 0x19, 0x29, 0x13, 0x19, 0x29, 0x13, 0x19, 0x29, 0x13, 0x19, 0x29, 0x13, 0x19, 0x29, 0x13, 0x19, 0x29, 0x13, 0x19, 0x29, 
        0x13, 0x19, 0x29, 0x13, 0x19, 0x29, 0x13, 0x19, 0x29, 0x13, 0x19, 0x29, 0x13, 0x19, 0x29, 0x13, 0x19, 0x29, 0x13, 0x19, 0x29, 0x13, 0x19, 0x29, 0x13, 0x19, 0x29, 0x13, 0x19, 0x29, 0x13, 0x19, 0x29, 0x13, 0x19, 0x29, 0x13, 0x19, 0x29, 
        0x13, 0x19, 0x29, 0x13, 0x19, 0x29, 0x13, 0x19, 0x29, 0x13, 0x19, 0x29, 0x13, 0x19, 0x29, 0x13, 0x19, 0x29, 0x13, 0x19, 0x29, 0x13, 0x19, 0x29, 0x13, 0x19, 0x29, 0x13, 0x19, 0x29, 0x13, 0x19, 0x29, 0x13, 0x19, 0x29, 0x13, 0x19, 0x29, 
        0x13, 0x19, 0x29, 0x13, 0x19, 0x29, 0x13, 0x19, 0x29, 0x13, 0x19, 0x29, 0x13, 0x19, 0x29, 0x13, 0x19, 0x29, 0x13, 0x19, 0x29, 0x13, 0x19, 0x29, 0x13, 0x19, 0x29,
  0x13, 0x19, 0x29, 0x13, 0x19, 0x29, 0x13, 0x19, 0x29, 0x13, 0x19, 0x29, 0x13, 0x19, 0x29, 0x13, 0x19, 0x29, 0x13, 0x19, 0x29, 0x13, 0x19, 0x29, 0x13, 0x19, 0x29, 0x13, 0x19, 0x29, 0x13, 0x19, 0x29, 0x13, 0x19, 0x29, 0x13, 0x19, 0x29, 0x13, 0x19, 0x29, 
        0x13, 0x19, 0x29, 0x13, 0x19, 0x29, 0x13, 0x19, 0x29, 0x13, 0x19, 0x29, 0x13, 0x19, 0x29, 0x13, 0x19, 0x29, 0x13, 0x19, 0x29, 0x13, 0x19, 0x29, 0x13, 0x19, 0x29, 0x13, 0x19, 0x29, 0x13, 0x19, 0x29, 0x13, 0x19, 0x29, 0x13, 0x19, 0x29, 
        0x13, 0x19, 0x29, 0x13, 0x19, 0x29, 0x13, 0x19, 0x29, 0x13, 0x19, 0x29, 0x13, 0x19, 0x29, 0x13, 0x19, 0x29, 0x13, 0x19, 0x29, 0x13, 0x19, 0x29, 0x13, 0x19, 0x29, 0x13, 0x19, 0x29, 0x13, 0x19, 0x29, 0x13, 0x19, 0x29, 0x13, 0x19, 0x29, 
        0x13, 0x19, 0x29, 0x13, 0x19, 0x29, 0x13, 0x19, 0x29, 0x13, 0x19, 0x29, 0x13, 0x19, 0x29, 0x13, 0x19, 0x29, 0x13, 0x19, 0x29, 0x13, 0x19, 0x29, 0x13, 0x19, 0x29, 0x13, 0x19, 0x29, 0x13, 0x19, 0x29, 0x13, 0x19, 0x29, 0x13, 0x19, 0x29, 
        0x13, 0x19, 0x29, 0x13, 0x19, 0x29, 0x13, 0x19, 0x29, 0x13, 0x19, 0x29, 0x13, 0x19, 0x29, 0x13, 0x19, 0x29, 0x13, 0x19, 0x29, 0x13, 0x19, 0x29, 0x13, 0x19, 0x29, 0x13, 0x19, 0x29, 0x13, 0x19, 0x29, 0x13, 0x19, 0x29, 0x13, 0x19, 0x29, 
        0x13, 0x19, 0x29, 0x13, 0x19, 0x29, 0x13, 0x19, 0x29, 0x13, 0x19, 0x29, 0x13, 0x19, 0x29, 0x13, 0x19, 0x29, 0x13, 0x19, 0x29, 0x13, 0x19, 0x29, 0x13, 0x19, 0x29, 0x13, 0x19, 0x29, 0x13, 0x19, 0x29, 0x13, 0x19, 0x29, 0x13, 0x19, 0x29, 
        0x13, 0x19, 0x29, 0x13, 0x19, 0x29, 0x13, 0x19, 0x29, 0x13, 0x19, 0x29, 0x13, 0x19, 0x29, 0x13, 0x19, 0x29, 0x13, 0x19, 0x29, 0x13, 0x19, 0x29, 0x13, 0x19, 0x29, 0x13, 0x19, 0x29, 0x13, 0x19, 0x29, 0x13, 0x19, 0x29, 0x13, 0x19, 0x29, 
        0x13, 0x19, 0x29, 0x13, 0x19, 0x29, 0x13, 0x19, 0x29, 0x13, 0x19, 0x29, 0x13, 0x19, 0x29, 0x13, 0x19, 0x29, 0x13, 0x19, 0x29, 0x13, 0x19, 0x29, 0x13, 0x19, 0x29, 0x13, 0x19, 0x29, 0x13, 0x19, 0x29, 0x13, 0x19, 0x29, 0x13, 0x19, 0x29, 
        0x13, 0x19, 0x29, 0x13, 0x19, 0x29, 0x13, 0x19, 0x29, 0x13, 0x19, 0x29, 0x13, 0x19, 0x29, 0x13, 0x19, 0x29, 0x13, 0x19, 0x29, 0x13, 0x19, 0x29, 0x13, 0x19, 0x29,
  0x13, 0x19, 0x29, 0x13, 0x19, 0x29, 0x13, 0x19, 0x29, 0x13, 0x19, 0x29, 0x13, 0x19, 0x29, 0x13, 0x19, 0x29, 0x13, 0x19, 0x29, 0x13, 0x19, 0x29, 0x13, 0x19, 0x29, 0x13, 0x19, 0x29, 0x13, 0x19, 0x29, 0x13, 0x19, 0x29, 0x13, 0x19, 0x29, 0x13, 0x19, 0x29, 
        0x13, 0x19, 0x29, 0x13, 0x19, 0x29, 0x13, 0x19, 0x29, 0x13, 0x19, 0x29, 0x13, 0x19, 0x29, 0x13, 0x19, 0x29, 0x13, 0x19, 0x29, 0x13, 0x19, 0x29, 0x13, 0x19, 0x29, 0x13, 0x19, 0x29, 0x13, 0x19, 0x29, 0x13, 0x19, 0x29, 0x13, 0x19, 0x29, 
        0x13, 0x19, 0x29, 0x13, 0x19, 0x29, 0x13, 0x19, 0x29, 0x13, 0x19, 0x29, 0x13, 0x19, 0x29, 0x13, 0x19, 0x29, 0x13, 0x19, 0x29, 0x13, 0x19, 0x29, 0x13, 0x19, 0x29, 0x13, 0x19, 0x29, 0x13, 0x19, 0x29, 0x13, 0x19, 0x29, 0x13, 0x19, 0x29, 
        0x13, 0x19, 0x29, 0x13, 0x19, 0x29, 0x13, 0x19, 0x29, 0x13, 0x19, 0x29, 0x13, 0x19, 0x29, 0x13, 0x19, 0x29, 0x13, 0x19, 0x29, 0x13, 0x19, 0x29, 0x13, 0x19, 0x29, 0x13, 0x19, 0x29, 0x13, 0x19, 0x29, 0x13, 0x19, 0x29, 0x13, 0x19, 0x29, 
        0x13, 0x19, 0x29, 0x13, 0x19, 0x29, 0x13, 0x19, 0x29, 0x13, 0x19, 0x29, 0x13, 0x19, 0x29, 0x13, 0x19, 0x29, 0x13, 0x19, 0x29, 0x13, 0x19, 0x29, 0x13, 0x19, 0x29, 0x13, 0x19, 0x29, 0x13, 0x19, 0x29, 0x13, 0x19, 0x29, 0x13, 0x19, 0x29, 
        0x13, 0x19, 0x29, 0x13, 0x19, 0x29, 0x13, 0x19, 0x29, 0x13, 0x19, 0x29, 0x13, 0x19, 0x29, 0x13, 0x19, 0x29, 0x13, 0x19, 0x29, 0x13, 0x19, 0x29, 0x13, 0x19, 0x29, 0x13, 0x19, 0x29, 0x13, 0x19, 0x29, 0x13, 0x19, 0x29, 0x13, 0x19, 0x29, 
        0x13, 0x19, 0x29, 0x13, 0x19, 0x29, 0x13, 0x19, 0x29, 0x13, 0x19, 0x29, 0x13, 0x19, 0x29, 0x13, 0x19, 0x29, 0x13, 0x19, 0x29, 0x13, 0x19, 0x29, 0x13, 0x19, 0x29, 0x13, 0x19, 0x29, 0x13, 0x19, 0x29, 0x13, 0x19, 0x29, 0x13, 0x19, 0x29, 
        0x13, 0x19, 0x29, 0x13, 0x19, 0x29, 0x13, 0x19, 0x29, 0x13, 0x19, 0x29, 0x13, 0x19, 0x29, 0x13, 0x19, 0x29, 0x13, 0x19, 0x29, 0x13, 0x19, 0x29, 0x13, 0x19, 0x29, 0x13, 0x19, 0x29, 0x13, 0x19, 0x29, 0x13, 0x19, 0x29, 0x13, 0x19, 0x29, 
        0x13, 0x19, 0x29, 0x13, 0x19, 0x29, 0x13, 0x19, 0x29, 0x13, 0x19, 0x29, 0x13, 0x19, 0x29, 0x13, 0x19, 0x29, 0x13, 0x19, 0x29, 0x13, 0x19, 0x29, 0x13, 0x19, 0x29,
  0x13, 0x19, 0x29, 0x13, 0x19, 0x29, 0x13, 0x19, 0x29, 0x13, 0x19, 0x29, 0x13, 0x19, 0x29, 0x13, 0x19, 0x29, 0x13, 0x19, 0x29, 0x13, 0x19, 0x29, 0x13, 0x19, 0x29, 0x13, 0x19, 0x29, 0x13, 0x19, 0x29, 0x13, 0x19, 0x29, 0x13, 0x19, 0x29, 0x13, 0x19, 0x29, 
        0x13, 0x19, 0x29, 0x13, 0x19, 0x29, 0x13, 0x19, 0x29, 0x13, 0x19, 0x29, 0x13, 0x19, 0x29, 0x13, 0x19, 0x29, 0x13, 0x19, 0x29, 0x13, 0x19, 0x29, 0x13, 0x19, 0x29, 0x13, 0x19, 0x29, 0x13, 0x19, 0x29, 0x13, 0x19, 0x29, 0x13, 0x19, 0x29, 
        0x13, 0x19, 0x29, 0x13, 0x19, 0x29, 0x13, 0x19, 0x29, 0x13, 0x19, 0x29, 0x13, 0x19, 0x29, 0x13, 0x19, 0x29, 0x13, 0x19, 0x29, 0x13, 0x19, 0x29, 0x13, 0x19, 0x29, 0x13, 0x19, 0x29, 0x13, 0x19, 0x29, 0x13, 0x19, 0x29, 0x13, 0x19, 0x29, 
        0x13, 0x19, 0x29, 0x13, 0x19, 0x29, 0x13, 0x19, 0x29, 0x13, 0x19, 0x29, 0x13, 0x19, 0x29, 0x13, 0x19, 0x29, 0x13, 0x19, 0x29, 0x13, 0x19, 0x29, 0x13, 0x19, 0x29, 0x13, 0x19, 0x29, 0x13, 0x19, 0x29, 0x13, 0x19, 0x29, 0x13, 0x19, 0x29, 
        0x13, 0x19, 0x29, 0x13, 0x19, 0x29, 0x13, 0x19, 0x29, 0x13, 0x19, 0x29, 0x13, 0x19, 0x29, 0x13, 0x19, 0x29, 0x13, 0x19, 0x29, 0x13, 0x19, 0x29, 0x13, 0x19, 0x29, 0x13, 0x19, 0x29, 0x13, 0x19, 0x29, 0x13, 0x19, 0x29, 0x13, 0x19, 0x29, 
        0x13, 0x19, 0x29, 0x13, 0x19, 0x29, 0x13, 0x19, 0x29, 0x13, 0x19, 0x29, 0x13, 0x19, 0x29, 0x13, 0x19, 0x29, 0x13, 0x19, 0x29, 0x13, 0x19, 0x29, 0x13, 0x19, 0x29, 0x13, 0x19, 0x29, 0x13, 0x19, 0x29, 0x13, 0x19, 0x29, 0x13, 0x19, 0x29, 
        0x13, 0x19, 0x29, 0x13, 0x19, 0x29, 0x13, 0x19, 0x29, 0x13, 0x19, 0x29, 0x13, 0x19, 0x29, 0x13, 0x19, 0x29, 0x13, 0x19, 0x29, 0x13, 0x19, 0x29, 0x13, 0x19, 0x29, 0x13, 0x19, 0x29, 0x13, 0x19, 0x29, 0x13, 0x19, 0x29, 0x13, 0x19, 0x29, 
        0x13, 0x19, 0x29, 0x13, 0x19, 0x29, 0x13, 0x19, 0x29, 0x13, 0x19, 0x29, 0x13, 0x19, 0x29, 0x13, 0x19, 0x29, 0x13, 0x19, 0x29, 0x13, 0x19, 0x29, 0x13, 0x19, 0x29, 0x13, 0x19, 0x29, 0x13, 0x19, 0x29, 0x13, 0x19, 0x29, 0x13, 0x19, 0x29, 
        0x13, 0x19, 0x29, 0x13, 0x19, 0x29, 0x13, 0x19, 0x29, 0x13, 0x19, 0x29, 0x13, 0x19, 0x29, 0x13, 0x19, 0x29, 0x13, 0x19, 0x29, 0x13, 0x19, 0x29, 0x13, 0x19, 0x29,
  0x13, 0x19, 0x29, 0x13, 0x19, 0x29, 0x13, 0x19, 0x29, 0x13, 0x19, 0x29, 0x13, 0x19, 0x29, 0x13, 0x19, 0x29, 0x13, 0x19, 0x29, 0x13, 0x19, 0x29, 0x13, 0x19, 0x29, 0x13, 0x19, 0x29, 0x13, 0x19, 0x29, 0x13, 0x19, 0x29, 0x13, 0x19, 0x29, 0x13, 0x19, 0x29, 
        0x13, 0x19, 0x29, 0x13, 0x19, 0x29, 0x13, 0x19, 0x29, 0x13, 0x19, 0x29, 0x13, 0x19, 0x29, 0x13, 0x19, 0x29, 0x13, 0x19, 0x29, 0x13, 0x19, 0x29, 0x13, 0x19, 0x29, 0x13, 0x19, 0x29, 0x13, 0x19, 0x29, 0x13, 0x19, 0x29, 0x13, 0x19, 0x29, 
        0x13, 0x19, 0x29, 0x13, 0x19, 0x29, 0x13, 0x19, 0x29, 0x13, 0x19, 0x29, 0x13, 0x19, 0x29, 0x13, 0x19, 0x29, 0x13, 0x19, 0x29, 0x13, 0x19, 0x29, 0x13, 0x19, 0x29, 0x13, 0x19, 0x29, 0x13, 0x19, 0x29, 0x13, 0x19, 0x29, 0x13, 0x19, 0x29, 
        0x13, 0x19, 0x29, 0x13, 0x19, 0x29, 0x13, 0x19, 0x29, 0x13, 0x19, 0x29, 0x13, 0x19, 0x29, 0x13, 0x19, 0x29, 0x13, 0x19, 0x29, 0x13, 0x19, 0x29, 0x13, 0x19, 0x29, 0x13, 0x19, 0x29, 0x13, 0x19, 0x29, 0x13, 0x19, 0x29, 0x13, 0x19, 0x29, 
        0x13, 0x19, 0x29, 0x13, 0x19, 0x29, 0x13, 0x19, 0x29, 0x13, 0x19, 0x29, 0x13, 0x19, 0x29, 0x13, 0x19, 0x29, 0x13, 0x19, 0x29, 0x13, 0x19, 0x29, 0x13, 0x19, 0x29, 0x13, 0x19, 0x29, 0x13, 0x19, 0x29, 0x13, 0x19, 0x29, 0x13, 0x19, 0x29, 
        0x13, 0x19, 0x29, 0x13, 0x19, 0x29, 0x13, 0x19, 0x29, 0x13, 0x19, 0x29, 0x13, 0x19, 0x29, 0x13, 0x19, 0x29, 0x13, 0x19, 0x29, 0x13, 0x19, 0x29, 0x13, 0x19, 0x29, 0x13, 0x19, 0x29, 0x13, 0x19, 0x29, 0x13, 0x19, 0x29, 0x13, 0x19, 0x29, 
        0x13, 0x19, 0x29, 0x13, 0x19, 0x29, 0x13, 0x19, 0x29, 0x13, 0x19, 0x29, 0x13, 0x19, 0x29, 0x13, 0x19, 0x29, 0x13, 0x19, 0x29, 0x13, 0x19, 0x29, 0x13, 0x19, 0x29, 0x13, 0x19, 0x29, 0x13, 0x19, 0x29, 0x13, 0x19, 0x29, 0x13, 0x19, 0x29, 
        0x13, 0x19, 0x29, 0x13, 0x19, 0x29, 0x13, 0x19, 0x29, 0x13, 0x19, 0x29, 0x13, 0x19, 0x29, 0x13, 0x19, 0x29, 0x13, 0x19, 0x29, 0x13, 0x19, 0x29, 0x13, 0x19, 0x29, 0x13, 0x19, 0x29, 0x13, 0x19, 0x29, 0x13, 0x19, 0x29, 0x13, 0x19, 0x29, 
        0x13, 0x19, 0x29, 0x13, 0x19, 0x29, 0x13, 0x19, 0x29, 0x13, 0x19, 0x29, 0x13, 0x19, 0x29, 0x13, 0x19, 0x29, 0x13, 0x19, 0x29, 0x13, 0x19, 0x29, 0x13, 0x19, 0x29,
  0x13, 0x19, 0x29, 0x13, 0x19, 0x29, 0x13, 0x19, 0x29, 0x13, 0x19, 0x29, 0x13, 0x19, 0x29, 0x13, 0x19, 0x29, 0x13, 0x19, 0x29, 0x13, 0x19, 0x29, 0x13, 0x19, 0x29, 0x13, 0x19, 0x29, 0x13, 0x19, 0x29, 0x13, 0x19, 0x29, 0x13, 0x19, 0x29, 0x13, 0x19, 0x29, 
        0x13, 0x19, 0x29, 0x13, 0x19, 0x29, 0x13, 0x19, 0x29, 0x13, 0x19, 0x29, 0x13, 0x19, 0x29, 0x13, 0x19, 0x29, 0x13, 0x19, 0x29, 0x13, 0x19, 0x29, 0x13, 0x19, 0x29, 0x13, 0x19, 0x29, 0x13, 0x19, 0x29, 0x13, 0x19, 0x29, 0x13, 0x19, 0x29, 
        0x13, 0x19, 0x29, 0x13, 0x19, 0x29, 0x13, 0x19, 0x29, 0x13, 0x19, 0x29, 0x13, 0x19, 0x29, 0x13, 0x19, 0x29, 0x13, 0x19, 0x29, 0x13, 0x19, 0x29, 0x13, 0x19, 0x29, 0x13, 0x19, 0x29, 0x13, 0x19, 0x29, 0x13, 0x19, 0x29, 0x13, 0x19, 0x29, 
        0x13, 0x19, 0x29, 0x13, 0x19, 0x29, 0x13, 0x19, 0x29, 0x13, 0x19, 0x29, 0x13, 0x19, 0x29, 0x13, 0x19, 0x29, 0x13, 0x19, 0x29, 0x13, 0x19, 0x29, 0x13, 0x19, 0x29, 0x13, 0x19, 0x29, 0x13, 0x19, 0x29, 0x13, 0x19, 0x29, 0x13, 0x19, 0x29, 
        0x13, 0x19, 0x29, 0x13, 0x19, 0x29, 0x13, 0x19, 0x29, 0x13, 0x19, 0x29, 0x13, 0x19, 0x29, 0x13, 0x19, 0x29, 0x13, 0x19, 0x29, 0x13, 0x19, 0x29, 0x13, 0x19, 0x29, 0x13, 0x19, 0x29, 0x13, 0x19, 0x29, 0x13, 0x19, 0x29, 0x13, 0x19, 0x29, 
        0x13, 0x19, 0x29, 0x13, 0x19, 0x29, 0x13, 0x19, 0x29, 0x13, 0x19, 0x29, 0x13, 0x19, 0x29, 0x13, 0x19, 0x29, 0x13, 0x19, 0x29, 0x13, 0x19, 0x29, 0x13, 0x19, 0x29, 0x13, 0x19, 0x29, 0x13, 0x19, 0x29, 0x13, 0x19, 0x29, 0x13, 0x19, 0x29, 
        0x13, 0x19, 0x29, 0x13, 0x19, 0x29, 0x13, 0x19, 0x29, 0x13, 0x19, 0x29, 0x13, 0x19, 0x29, 0x13, 0x19, 0x29, 0x13, 0x19, 0x29, 0x13, 0x19, 0x29, 0x13, 0x19, 0x29, 0x13, 0x19, 0x29, 0x13, 0x19, 0x29, 0x13, 0x19, 0x29, 0x13, 0x19, 0x29, 
        0x13, 0x19, 0x29, 0x13, 0x19, 0x29, 0x13, 0x19, 0x29, 0x13, 0x19, 0x29, 0x13, 0x19, 0x29, 0x13, 0x19, 0x29, 0x13, 0x19, 0x29, 0x13, 0x19, 0x29, 0x13, 0x19, 0x29, 0x13, 0x19, 0x29, 0x13, 0x19, 0x29, 0x13, 0x19, 0x29, 0x13, 0x19, 0x29, 
        0x13, 0x19, 0x29, 0x13, 0x19, 0x29, 0x13, 0x19, 0x29, 0x13, 0x19, 0x29, 0x13, 0x19, 0x29, 0x13, 0x19, 0x29, 0x13, 0x19, 0x29, 0x13, 0x19, 0x29, 0x13, 0x19, 0x29,
  0x13, 0x19, 0x29, 0x13, 0x19, 0x29, 0x13, 0x19, 0x29, 0x13, 0x19, 0x29, 0x13, 0x19, 0x29, 0x13, 0x19, 0x29, 0x13, 0x19, 0x29, 0x13, 0x19, 0x29, 0x13, 0x19, 0x29, 0x13, 0x19, 0x29, 0x13, 0x19, 0x29, 0x13, 0x19, 0x29, 0x13, 0x19, 0x29, 0x13, 0x19, 0x29, 
        0x13, 0x19, 0x29, 0x13, 0x19, 0x29, 0x13, 0x19, 0x29, 0x13, 0x19, 0x29, 0x13, 0x19, 0x29, 0x13, 0x19, 0x29, 0x13, 0x19, 0x29, 0x13, 0x19, 0x29, 0x13, 0x19, 0x29, 0x13, 0x19, 0x29, 0x13, 0x19, 0x29, 0x13, 0x19, 0x29, 0x13, 0x19, 0x29, 
        0x13, 0x19, 0x29, 0x13, 0x19, 0x29, 0x13, 0x19, 0x29, 0x13, 0x19, 0x29, 0x13, 0x19, 0x29, 0x13, 0x19, 0x29, 0x13, 0x19, 0x29, 0x13, 0x19, 0x29, 0x13, 0x19, 0x29, 0x13, 0x19, 0x29, 0x13, 0x19, 0x29, 0x13, 0x19, 0x29, 0x13, 0x19, 0x29, 
        0x13, 0x19, 0x29, 0x13, 0x19, 0x29, 0x13, 0x19, 0x29, 0x13, 0x19, 0x29, 0x13, 0x19, 0x29, 0x13, 0x19, 0x29, 0x13, 0x19, 0x29, 0x13, 0x19, 0x29, 0x13, 0x19, 0x29, 0x13, 0x19, 0x29, 0x13, 0x19, 0x29, 0x13, 0x19, 0x29, 0x13, 0x19, 0x29, 
        0x13, 0x19, 0x29, 0x13, 0x19, 0x29, 0x13, 0x19, 0x29, 0x13, 0x19, 0x29, 0x13, 0x19, 0x29, 0x13, 0x19, 0x29, 0x13, 0x19, 0x29, 0x13, 0x19, 0x29, 0x13, 0x19, 0x29, 0x13, 0x19, 0x29, 0x13, 0x19, 0x29, 0x13, 0x19, 0x29, 0x13, 0x19, 0x29, 
        0x13, 0x19, 0x29, 0x13, 0x19, 0x29, 0x13, 0x19, 0x29, 0x13, 0x19, 0x29, 0x13, 0x19, 0x29, 0x13, 0x19, 0x29, 0x13, 0x19, 0x29, 0x13, 0x19, 0x29, 0x13, 0x19, 0x29, 0x13, 0x19, 0x29, 0x13, 0x19, 0x29, 0x13, 0x19, 0x29, 0x13, 0x19, 0x29, 
        0x13, 0x19, 0x29, 0x13, 0x19, 0x29, 0x13, 0x19, 0x29, 0x13, 0x19, 0x29, 0x13, 0x19, 0x29, 0x13, 0x19, 0x29, 0x13, 0x19, 0x29, 0x13, 0x19, 0x29, 0x13, 0x19, 0x29, 0x13, 0x19, 0x29, 0x13, 0x19, 0x29, 0x13, 0x19, 0x29, 0x13, 0x19, 0x29, 
        0x13, 0x19, 0x29, 0x13, 0x19, 0x29, 0x13, 0x19, 0x29, 0x13, 0x19, 0x29, 0x13, 0x19, 0x29, 0x13, 0x19, 0x29, 0x13, 0x19, 0x29, 0x13, 0x19, 0x29, 0x13, 0x19, 0x29, 0x13, 0x19, 0x29, 0x13, 0x19, 0x29, 0x13, 0x19, 0x29, 0x13, 0x19, 0x29, 
        0x13, 0x19, 0x29, 0x13, 0x19, 0x29, 0x13, 0x19, 0x29, 0x13, 0x19, 0x29, 0x13, 0x19, 0x29, 0x13, 0x19, 0x29, 0x13, 0x19, 0x29, 0x13, 0x19, 0x29, 0x13, 0x19, 0x29,
  0x13, 0x19, 0x29, 0x13, 0x19, 0x29, 0x13, 0x19, 0x29, 0x13, 0x19, 0x29, 0x13, 0x19, 0x29, 0x13, 0x19, 0x29, 0x13, 0x19, 0x29, 0x13, 0x19, 0x29, 0x13, 0x19, 0x29, 0x13, 0x19, 0x29, 0x13, 0x19, 0x29, 0x13, 0x19, 0x29, 0x13, 0x19, 0x29, 0x13, 0x19, 0x29, 
        0x13, 0x19, 0x29, 0x13, 0x19, 0x29, 0x13, 0x19, 0x29, 0x13, 0x19, 0x29, 0x13, 0x19, 0x29, 0x13, 0x19, 0x29, 0x13, 0x19, 0x29, 0x13, 0x19, 0x29, 0x13, 0x19, 0x29, 0x13, 0x19, 0x29, 0x13, 0x19, 0x29, 0x13, 0x19, 0x29, 0x13, 0x19, 0x29, 
        0x13, 0x19, 0x29, 0x13, 0x19, 0x29, 0x13, 0x19, 0x29, 0x13, 0x19, 0x29, 0x13, 0x19, 0x29, 0x13, 0x19, 0x29, 0x13, 0x19, 0x29, 0x13, 0x19, 0x29, 0x13, 0x19, 0x29, 0x13, 0x19, 0x29, 0x13, 0x19, 0x29, 0x13, 0x19, 0x29, 0x13, 0x19, 0x29, 
        0x13, 0x19, 0x29, 0x13, 0x19, 0x29, 0x13, 0x19, 0x29, 0x13, 0x19, 0x29, 0x13, 0x19, 0x29, 0x13, 0x19, 0x29, 0x13, 0x19, 0x29, 0x13, 0x19, 0x29, 0x13, 0x19, 0x29, 0x13, 0x19, 0x29, 0x13, 0x19, 0x29, 0x13, 0x19, 0x29, 0x13, 0x19, 0x29, 
        0x13, 0x19, 0x29, 0x13, 0x19, 0x29, 0x13, 0x19, 0x29, 0x13, 0x19, 0x29, 0x13, 0x19, 0x29, 0x13, 0x19, 0x29, 0x13, 0x19, 0x29, 0x13, 0x19, 0x29, 0x13, 0x19, 0x29, 0x13, 0x19, 0x29, 0x13, 0x19, 0x29, 0x13, 0x19, 0x29, 0x13, 0x19, 0x29, 
        0x13, 0x19, 0x29, 0x13, 0x19, 0x29, 0x13, 0x19, 0x29, 0x13, 0x19, 0x29, 0x13, 0x19, 0x29, 0x13, 0x19, 0x29, 0x13, 0x19, 0x29, 0x13, 0x19, 0x29, 0x13, 0x19, 0x29, 0x13, 0x19, 0x29, 0x13, 0x19, 0x29, 0x13, 0x19, 0x29, 0x13, 0x19, 0x29, 
        0x13, 0x19, 0x29, 0x13, 0x19, 0x29, 0x13, 0x19, 0x29, 0x13, 0x19, 0x29, 0x13, 0x19, 0x29, 0x13, 0x19, 0x29, 0x13, 0x19, 0x29, 0x13, 0x19, 0x29, 0x13, 0x19, 0x29, 0x13, 0x19, 0x29, 0x13, 0x19, 0x29, 0x13, 0x19, 0x29, 0x13, 0x19, 0x29, 
        0x13, 0x19, 0x29, 0x13, 0x19, 0x29, 0x13, 0x19, 0x29, 0x13, 0x19, 0x29, 0x13, 0x19, 0x29, 0x13, 0x19, 0x29, 0x13, 0x19, 0x29, 0x13, 0x19, 0x29, 0x13, 0x19, 0x29, 0x13, 0x19, 0x29, 0x13, 0x19, 0x29, 0x13, 0x19, 0x29, 0x13, 0x19, 0x29, 
        0x13, 0x19, 0x29, 0x13, 0x19, 0x29, 0x13, 0x19, 0x29, 0x13, 0x19, 0x29, 0x13, 0x19, 0x29, 0x13, 0x19, 0x29, 0x13, 0x19, 0x29, 0x13, 0x19, 0x29, 0x13, 0x19, 0x29
};

GUI_CONST_STORAGE GUI_BITMAP bmSystemTime = {
  114, // xSize
  114, // ySize
  342, // BytesPerLine
  24, // BitsPerPixel
  (unsigned char *)_acSystemTime,  // Pointer to picture data
  NULL,  // Pointer to palette
  GUI_DRAW_BMP24
};

/*************************** End of file ****************************/
