/*********************************************************************
*                SEGGER Microcontroller GmbH & Co. KG                *
*        Solutions for real time microcontroller applications        *
*                           www.segger.com                           *
**********************************************************************
*                                                                    *
* C-file generated by                                                *
*                                                                    *
*        Bitmap Converter for emWin V5.24.                           *
*        Compiled Jan 27 2014, 11:27:47                              *
*        (c) 1998 - 2013 Segger Microcontroller GmbH && Co. KG       *
*                                                                    *
**********************************************************************
*                                                                    *
* Source file: SystemCurrent                                         *
* Dimensions:  160 * 68                                              *
* NumColors:   24bpp: 16777216                                       *
*                                                                    *
**********************************************************************
*/

#include <stdlib.h>

#include "GUI.h"

#ifndef GUI_CONST_STORAGE
  #define GUI_CONST_STORAGE const
#endif

extern GUI_CONST_STORAGE GUI_BITMAP bmTitleSystemCurrent;

static GUI_CONST_STORAGE unsigned char _acTitleSystemCurrent[] = {
  0x5D, 0x95, 0xD9, 0x19, 0x2D, 0x5F, 0x16, 0x27, 0x56, 0x16, 0x27, 0x56, 0x16, 0x27, 0x56, 0x16, 0x27, 0x56, 0x17, 0x27, 0x57, 0x17, 0x28, 0x57, 0x17, 0x27, 0x57, 0x16, 0x27, 0x56, 0x17, 0x27, 0x57, 0x18, 0x2A, 0x57, 0x1B, 0x2B, 0x58, 0x19, 0x2A, 0x57, 
        0x17, 0x28, 0x57, 0x17, 0x28, 0x57, 0x17, 0x29, 0x57, 0x18, 0x29, 0x57, 0x18, 0x29, 0x57, 0x18, 0x29, 0x57, 0x18, 0x29, 0x57, 0x18, 0x29, 0x57, 0x18, 0x29, 0x57, 0x17, 0x29, 0x57, 0x18, 0x2A, 0x58, 0x18, 0x29, 0x58, 0x15, 0x26, 0x56, 
        0x14, 0x25, 0x56, 0x13, 0x24, 0x55, 0x12, 0x22, 0x55, 0x13, 0x23, 0x55, 0x12, 0x22, 0x54, 0x11, 0x20, 0x53, 0x11, 0x1F, 0x52, 0x10, 0x1F, 0x52, 0x10, 0x1E, 0x52, 0x0F, 0x1D, 0x51, 0x0F, 0x1C, 0x50, 0x0F, 0x1C, 0x50, 0x0F, 0x1C, 0x50, 
        0x0F, 0x1C, 0x50, 0x0F, 0x1D, 0x50, 0x0F, 0x1D, 0x50, 0x0F, 0x1C, 0x4F, 0x0E, 0x1B, 0x4E, 0x0E, 0x1A, 0x4E, 0x0E, 0x1A, 0x4D, 0x0E, 0x1A, 0x4D, 0x0E, 0x1A, 0x4D, 0x0E, 0x1A, 0x4D, 0x0E, 0x1A, 0x4D, 0x0E, 0x1A, 0x4D, 0x0E, 0x1A, 0x4D, 
        0x0D, 0x1A, 0x4D, 0x0E, 0x1A, 0x4D, 0x0D, 0x1A, 0x4D, 0x0D, 0x19, 0x4D, 0x0D, 0x1A, 0x4D, 0x0E, 0x1A, 0x4D, 0x0E, 0x1A, 0x4D, 0x0E, 0x1A, 0x4D, 0x0D, 0x1A, 0x4D, 0x0D, 0x1A, 0x4C, 0x0D, 0x1A, 0x4C, 0x0D, 0x1A, 0x4C, 0x0D, 0x19, 0x4C, 
        0x0D, 0x19, 0x4C, 0x0D, 0x19, 0x4C, 0x0D, 0x19, 0x4C, 0x0D, 0x19, 0x4C, 0x0D, 0x19, 0x4C, 0x0D, 0x19, 0x4C, 0x0D, 0x1A, 0x4C, 0x0D, 0x1A, 0x4C, 0x0D, 0x1A, 0x4C, 0x0D, 0x1A, 0x4C, 0x0D, 0x19, 0x4C, 0x0D, 0x19, 0x4C, 0x0D, 0x19, 0x4C, 
        0x0D, 0x19, 0x4C, 0x0D, 0x19, 0x4C, 0x0D, 0x19, 0x4C, 0x0D, 0x19, 0x4C, 0x0D, 0x19, 0x4C, 0x0D, 0x19, 0x4C, 0x0D, 0x19, 0x4C, 0x0D, 0x19, 0x4C, 0x0D, 0x19, 0x4C, 0x0D, 0x19, 0x4C, 0x0D, 0x19, 0x4C, 0x0D, 0x19, 0x4C, 0x0D, 0x19, 0x4C, 
        0x0E, 0x1A, 0x4C, 0x0D, 0x19, 0x4C, 0x0D, 0x19, 0x4C, 0x0E, 0x1A, 0x4C, 0x0D, 0x1A, 0x4C, 0x0D, 0x19, 0x4C, 0x0D, 0x19, 0x4C, 0x0D, 0x19, 0x4C, 0x0D, 0x19, 0x4C, 0x0D, 0x19, 0x4C, 0x0D, 0x1A, 0x4C, 0x0D, 0x1A, 0x4C, 0x0D, 0x1A, 0x4C, 
        0x0D, 0x1A, 0x4C, 0x0D, 0x1A, 0x4C, 0x0D, 0x1A, 0x4C, 0x0D, 0x1A, 0x4C, 0x0D, 0x1A, 0x4C, 0x0D, 0x19, 0x4C, 0x0D, 0x1A, 0x4C, 0x0D, 0x1A, 0x4C, 0x0D, 0x1A, 0x4D, 0x0D, 0x1A, 0x4D, 0x0D, 0x1A, 0x4D, 0x0D, 0x1A, 0x4D, 0x0E, 0x1B, 0x4E, 
        0x0E, 0x1B, 0x4E, 0x0E, 0x1B, 0x4F, 0x0E, 0x1C, 0x4F, 0x0E, 0x1D, 0x50, 0x0F, 0x1D, 0x50, 0x0F, 0x1D, 0x50, 0x0F, 0x1D, 0x51, 0x0F, 0x1E, 0x51, 0x10, 0x1F, 0x52, 0x10, 0x1F, 0x53, 0x10, 0x20, 0x53, 0x11, 0x21, 0x54, 0x11, 0x22, 0x54, 
        0x12, 0x23, 0x55, 0x13, 0x24, 0x56, 0x13, 0x25, 0x56, 0x14, 0x26, 0x57, 0x14, 0x27, 0x57, 0x15, 0x28, 0x57, 0x16, 0x29, 0x58, 0x16, 0x2A, 0x58, 0x17, 0x2A, 0x58, 0x17, 0x2A, 0x58, 0x17, 0x2A, 0x58, 0x17, 0x2B, 0x58, 0x18, 0x2B, 0x58, 
        0x17, 0x2B, 0x58, 0x17, 0x2A, 0x58, 0x16, 0x29, 0x57, 0x16, 0x29, 0x57, 0x16, 0x28, 0x57, 0x16, 0x28, 0x57, 0x15, 0x28, 0x56, 0x15, 0x27, 0x56, 0x14, 0x26, 0x56, 0x14, 0x26, 0x56, 0x14, 0x26, 0x56, 0x14, 0x26, 0x56, 0x14, 0x26, 0x56, 
        0x14, 0x26, 0x56, 0x14, 0x26, 0x56, 0x14, 0x2A, 0x59,
  0x5E, 0x95, 0xD8, 0x19, 0x2E, 0x60, 0x17, 0x28, 0x57, 0x17, 0x28, 0x57, 0x17, 0x28, 0x57, 0x17, 0x28, 0x57, 0x17, 0x28, 0x57, 0x17, 0x28, 0x57, 0x17, 0x29, 0x57, 0x17, 0x29, 0x57, 0x16, 0x28, 0x57, 0x17, 0x28, 0x57, 0x18, 0x29, 0x58, 0x17, 0x29, 0x57, 
        0x17, 0x28, 0x57, 0x17, 0x29, 0x58, 0x17, 0x29, 0x58, 0x18, 0x29, 0x58, 0x18, 0x2A, 0x58, 0x18, 0x2A, 0x58, 0x18, 0x2A, 0x58, 0x18, 0x29, 0x58, 0x18, 0x2A, 0x58, 0x18, 0x2A, 0x58, 0x17, 0x29, 0x58, 0x15, 0x26, 0x57, 0x14, 0x25, 0x56, 
        0x13, 0x24, 0x56, 0x12, 0x22, 0x55, 0x12, 0x23, 0x55, 0x12, 0x22, 0x54, 0x10, 0x1F, 0x53, 0x10, 0x1F, 0x52, 0x11, 0x20, 0x53, 0x11, 0x20, 0x53, 0x0F, 0x1E, 0x52, 0x0F, 0x1D, 0x51, 0x0F, 0x1D, 0x51, 0x0F, 0x1D, 0x51, 0x0F, 0x1D, 0x50, 
        0x0E, 0x1B, 0x4F, 0x0E, 0x1C, 0x4F, 0x0E, 0x1C, 0x4F, 0x0E, 0x1B, 0x4F, 0x0E, 0x1B, 0x4E, 0x0D, 0x1A, 0x4D, 0x0E, 0x1B, 0x4E, 0x0E, 0x1B, 0x4E, 0x0E, 0x1B, 0x4E, 0x0D, 0x1A, 0x4D, 0x0D, 0x1A, 0x4D, 0x0E, 0x1B, 0x4D, 0x0E, 0x1A, 0x4E, 
        0x0D, 0x1A, 0x4D, 0x0D, 0x1A, 0x4E, 0x0D, 0x1B, 0x4E, 0x0D, 0x1A, 0x4D, 0x0D, 0x1A, 0x4D, 0x0E, 0x1B, 0x4E, 0x0E, 0x1B, 0x4E, 0x0E, 0x1B, 0x4E, 0x0E, 0x1B, 0x4E, 0x0E, 0x1B, 0x4E, 0x0D, 0x1B, 0x4D, 0x0D, 0x1B, 0x4D, 0x0D, 0x1A, 0x4D, 
        0x0D, 0x1A, 0x4D, 0x0D, 0x1A, 0x4D, 0x0D, 0x1A, 0x4D, 0x0D, 0x1A, 0x4D, 0x0D, 0x1A, 0x4D, 0x0D, 0x1A, 0x4D, 0x0D, 0x1A, 0x4D, 0x0D, 0x1B, 0x4D, 0x0D, 0x1A, 0x4D, 0x0D, 0x1A, 0x4D, 0x0D, 0x1A, 0x4D, 0x0D, 0x1A, 0x4D, 0x0D, 0x1A, 0x4D, 
        0x0D, 0x1A, 0x4D, 0x0D, 0x1A, 0x4D, 0x0D, 0x1A, 0x4C, 0x0D, 0x1A, 0x4C, 0x0D, 0x1A, 0x4D, 0x0D, 0x1A, 0x4D, 0x0D, 0x1A, 0x4D, 0x0D, 0x1A, 0x4D, 0x0D, 0x1A, 0x4D, 0x0D, 0x1A, 0x4D, 0x0D, 0x1A, 0x4C, 0x0D, 0x1A, 0x4C, 0x0D, 0x19, 0x4C, 
        0x0E, 0x1A, 0x4C, 0x0E, 0x1A, 0x4C, 0x0D, 0x1A, 0x4C, 0x0D, 0x1A, 0x4D, 0x0D, 0x1A, 0x4D, 0x0D, 0x1A, 0x4D, 0x0D, 0x1B, 0x4D, 0x0D, 0x1A, 0x4D, 0x0D, 0x1A, 0x4D, 0x0D, 0x1A, 0x4D, 0x0D, 0x1B, 0x4D, 0x0D, 0x1B, 0x4D, 0x0D, 0x1B, 0x4D, 
        0x0D, 0x1B, 0x4D, 0x0D, 0x1B, 0x4D, 0x0D, 0x1B, 0x4D, 0x0D, 0x1B, 0x4D, 0x0D, 0x1B, 0x4D, 0x0D, 0x1B, 0x4D, 0x0D, 0x1B, 0x4D, 0x0D, 0x1A, 0x4D, 0x0D, 0x1A, 0x4D, 0x0D, 0x1B, 0x4E, 0x0D, 0x1B, 0x4E, 0x0E, 0x1C, 0x4F, 0x0E, 0x1C, 0x4F, 
        0x0E, 0x1C, 0x4F, 0x0E, 0x1D, 0x50, 0x0E, 0x1D, 0x50, 0x0F, 0x1E, 0x51, 0x0F, 0x1E, 0x51, 0x0F, 0x1E, 0x51, 0x0F, 0x1F, 0x52, 0x0F, 0x1F, 0x52, 0x10, 0x20, 0x53, 0x10, 0x21, 0x54, 0x11, 0x22, 0x55, 0x11, 0x23, 0x55, 0x12, 0x24, 0x56, 
        0x13, 0x25, 0x56, 0x13, 0x26, 0x57, 0x14, 0x26, 0x57, 0x14, 0x27, 0x58, 0x15, 0x28, 0x58, 0x16, 0x29, 0x59, 0x16, 0x2A, 0x59, 0x17, 0x2B, 0x59, 0x17, 0x2C, 0x59, 0x18, 0x2C, 0x59, 0x17, 0x2C, 0x59, 0x18, 0x2C, 0x59, 0x18, 0x2C, 0x59, 
        0x17, 0x2B, 0x59, 0x17, 0x2B, 0x58, 0x17, 0x2A, 0x58, 0x16, 0x29, 0x58, 0x16, 0x29, 0x57, 0x15, 0x29, 0x57, 0x15, 0x28, 0x57, 0x15, 0x28, 0x57, 0x14, 0x27, 0x57, 0x14, 0x27, 0x57, 0x14, 0x27, 0x57, 0x14, 0x26, 0x56, 0x14, 0x27, 0x57, 
        0x14, 0x26, 0x56, 0x14, 0x27, 0x57, 0x13, 0x29, 0x59,
  0x5D, 0x94, 0xD7, 0x19, 0x2E, 0x61, 0x17, 0x28, 0x58, 0x17, 0x28, 0x58, 0x17, 0x28, 0x58, 0x17, 0x28, 0x58, 0x17, 0x28, 0x58, 0x17, 0x29, 0x58, 0x17, 0x28, 0x58, 0x17, 0x29, 0x58, 0x17, 0x29, 0x58, 0x17, 0x28, 0x58, 0x17, 0x29, 0x58, 0x17, 0x29, 0x58, 
        0x17, 0x29, 0x58, 0x17, 0x29, 0x58, 0x17, 0x29, 0x59, 0x18, 0x29, 0x59, 0x18, 0x2A, 0x59, 0x18, 0x2A, 0x59, 0x19, 0x2A, 0x59, 0x18, 0x29, 0x59, 0x18, 0x29, 0x59, 0x18, 0x2A, 0x59, 0x15, 0x27, 0x58, 0x12, 0x23, 0x56, 0x13, 0x24, 0x57, 
        0x12, 0x23, 0x56, 0x10, 0x1F, 0x54, 0x11, 0x20, 0x54, 0x10, 0x1F, 0x53, 0x0F, 0x1C, 0x51, 0x0F, 0x1D, 0x51, 0x0F, 0x1E, 0x52, 0x10, 0x1E, 0x52, 0x0F, 0x1E, 0x52, 0x0F, 0x1E, 0x52, 0x10, 0x1E, 0x53, 0x0F, 0x1D, 0x51, 0x0E, 0x1B, 0x4F, 
        0x0E, 0x1B, 0x4F, 0x0E, 0x1B, 0x4F, 0x0E, 0x1B, 0x4F, 0x0E, 0x1B, 0x4F, 0x0E, 0x1C, 0x4F, 0x0E, 0x1B, 0x4F, 0x0E, 0x1B, 0x4F, 0x0E, 0x1A, 0x4E, 0x0E, 0x1B, 0x4E, 0x0E, 0x1A, 0x4E, 0x0E, 0x1B, 0x4E, 0x0E, 0x1B, 0x4E, 0x0E, 0x1B, 0x4E, 
        0x0D, 0x1A, 0x4E, 0x0D, 0x1A, 0x4E, 0x0E, 0x1A, 0x4E, 0x0E, 0x1B, 0x4E, 0x0E, 0x1B, 0x4E, 0x0D, 0x1A, 0x4E, 0x0E, 0x1B, 0x4F, 0x0D, 0x1B, 0x4E, 0x0D, 0x1A, 0x4E, 0x0E, 0x1B, 0x4E, 0x0D, 0x1B, 0x4E, 0x0D, 0x1B, 0x4E, 0x0D, 0x1A, 0x4E, 
        0x0E, 0x1B, 0x4E, 0x0E, 0x1B, 0x4E, 0x0E, 0x1B, 0x4E, 0x0D, 0x1A, 0x4E, 0x0D, 0x1A, 0x4E, 0x0D, 0x1A, 0x4E, 0x0D, 0x1A, 0x4D, 0x0D, 0x1A, 0x4D, 0x0D, 0x1A, 0x4D, 0x0D, 0x1A, 0x4D, 0x0D, 0x1A, 0x4D, 0x0D, 0x1A, 0x4D, 0x0D, 0x1A, 0x4D, 
        0x0D, 0x1A, 0x4D, 0x0D, 0x1A, 0x4D, 0x0D, 0x1A, 0x4D, 0x0D, 0x1A, 0x4D, 0x0D, 0x1A, 0x4D, 0x0D, 0x1A, 0x4D, 0x0D, 0x1A, 0x4D, 0x0D, 0x1A, 0x4D, 0x0D, 0x1A, 0x4D, 0x0D, 0x1A, 0x4D, 0x0D, 0x1A, 0x4D, 0x0D, 0x1A, 0x4D, 0x0D, 0x19, 0x4C, 
        0x0D, 0x19, 0x4C, 0x0D, 0x19, 0x4D, 0x0D, 0x1A, 0x4D, 0x0D, 0x1A, 0x4E, 0x0D, 0x1B, 0x4E, 0x0D, 0x1B, 0x4E, 0x0E, 0x1B, 0x4E, 0x0D, 0x1B, 0x4E, 0x0D, 0x1A, 0x4E, 0x0D, 0x1A, 0x4E, 0x0D, 0x1B, 0x4E, 0x0D, 0x1A, 0x4D, 0x0D, 0x1B, 0x4E, 
        0x0D, 0x1B, 0x4E, 0x0D, 0x1B, 0x4E, 0x0D, 0x1B, 0x4E, 0x0D, 0x1B, 0x4E, 0x0D, 0x1B, 0x4E, 0x0D, 0x1B, 0x4E, 0x0D, 0x1B, 0x4E, 0x0D, 0x1B, 0x4E, 0x0D, 0x1B, 0x4F, 0x0D, 0x1B, 0x4F, 0x0D, 0x1B, 0x4F, 0x0D, 0x1B, 0x4F, 0x0E, 0x1C, 0x50, 
        0x0E, 0x1C, 0x50, 0x0E, 0x1D, 0x51, 0x0F, 0x1E, 0x51, 0x0F, 0x1E, 0x52, 0x0F, 0x1E, 0x52, 0x0F, 0x1E, 0x52, 0x0F, 0x1F, 0x53, 0x10, 0x20, 0x54, 0x10, 0x21, 0x54, 0x11, 0x22, 0x55, 0x12, 0x23, 0x56, 0x12, 0x23, 0x57, 0x13, 0x24, 0x57, 
        0x13, 0x26, 0x57, 0x14, 0x26, 0x58, 0x14, 0x27, 0x58, 0x15, 0x28, 0x59, 0x16, 0x29, 0x59, 0x16, 0x2A, 0x5A, 0x17, 0x2B, 0x5A, 0x17, 0x2B, 0x5A, 0x18, 0x2C, 0x5A, 0x18, 0x2C, 0x5A, 0x18, 0x2C, 0x5A, 0x18, 0x2C, 0x5A, 0x17, 0x2B, 0x5A, 
        0x17, 0x2B, 0x59, 0x17, 0x2A, 0x59, 0x16, 0x2A, 0x59, 0x16, 0x29, 0x58, 0x15, 0x29, 0x58, 0x15, 0x28, 0x58, 0x15, 0x28, 0x58, 0x15, 0x28, 0x58, 0x14, 0x27, 0x58, 0x14, 0x27, 0x57, 0x14, 0x27, 0x57, 0x14, 0x27, 0x57, 0x14, 0x26, 0x57, 
        0x14, 0x26, 0x57, 0x14, 0x26, 0x57, 0x13, 0x27, 0x5A,
  0x5D, 0x94, 0xD7, 0x19, 0x2F, 0x62, 0x17, 0x29, 0x5A, 0x17, 0x29, 0x5A, 0x17, 0x29, 0x5A, 0x17, 0x29, 0x5A, 0x17, 0x29, 0x5A, 0x17, 0x29, 0x5A, 0x17, 0x29, 0x5A, 0x17, 0x29, 0x59, 0x17, 0x29, 0x5A, 0x17, 0x29, 0x5A, 0x17, 0x2A, 0x5A, 0x17, 0x2A, 0x5A, 
        0x18, 0x2A, 0x5A, 0x18, 0x2A, 0x5A, 0x18, 0x2A, 0x5A, 0x18, 0x2B, 0x5A, 0x18, 0x2B, 0x5A, 0x18, 0x2B, 0x5A, 0x18, 0x2A, 0x5A, 0x19, 0x2B, 0x5A, 0x18, 0x2B, 0x5A, 0x16, 0x28, 0x5A, 0x13, 0x24, 0x58, 0x12, 0x24, 0x58, 0x12, 0x24, 0x58, 
        0x12, 0x23, 0x58, 0x11, 0x21, 0x56, 0x11, 0x22, 0x56, 0x11, 0x21, 0x56, 0x10, 0x1F, 0x54, 0x10, 0x1F, 0x53, 0x0F, 0x1E, 0x53, 0x0F, 0x1E, 0x54, 0x0F, 0x1E, 0x53, 0x0F, 0x1D, 0x52, 0x0F, 0x1E, 0x52, 0x0F, 0x1D, 0x53, 0x0E, 0x1C, 0x51, 
        0x0E, 0x1C, 0x51, 0x0E, 0x1C, 0x51, 0x0E, 0x1C, 0x51, 0x0E, 0x1C, 0x51, 0x0E, 0x1C, 0x50, 0x0E, 0x1C, 0x50, 0x0E, 0x1B, 0x50, 0x0E, 0x1B, 0x50, 0x0E, 0x1B, 0x50, 0x0E, 0x1C, 0x50, 0x0E, 0x1C, 0x50, 0x0E, 0x1B, 0x4F, 0x0E, 0x1B, 0x4F, 
        0x0E, 0x1B, 0x50, 0x0E, 0x1B, 0x50, 0x0E, 0x1B, 0x50, 0x0E, 0x1B, 0x50, 0x0E, 0x1B, 0x50, 0x0D, 0x1B, 0x4F, 0x0D, 0x1B, 0x50, 0x0D, 0x1B, 0x50, 0x0D, 0x1B, 0x4F, 0x0D, 0x1B, 0x4F, 0x0D, 0x1B, 0x50, 0x0D, 0x1B, 0x4F, 0x0D, 0x1B, 0x4F, 
        0x0D, 0x1B, 0x4F, 0x0E, 0x1B, 0x50, 0x0D, 0x1B, 0x4F, 0x0D, 0x1B, 0x4F, 0x0D, 0x1B, 0x4F, 0x0D, 0x1B, 0x4F, 0x0D, 0x1B, 0x4F, 0x0D, 0x1B, 0x4F, 0x0D, 0x1B, 0x4F, 0x0D, 0x1B, 0x4F, 0x0D, 0x1B, 0x4F, 0x0E, 0x1B, 0x4F, 0x0D, 0x1B, 0x4F, 
        0x0D, 0x1B, 0x4F, 0x0D, 0x1A, 0x4F, 0x0D, 0x1A, 0x4F, 0x0D, 0x1A, 0x4F, 0x0D, 0x1A, 0x4F, 0x0D, 0x1B, 0x4F, 0x0D, 0x1B, 0x4F, 0x0D, 0x1B, 0x4F, 0x0D, 0x1B, 0x4F, 0x0D, 0x1B, 0x4F, 0x0D, 0x1A, 0x4F, 0x0D, 0x1A, 0x4F, 0x0D, 0x1A, 0x4E, 
        0x0D, 0x19, 0x4E, 0x0D, 0x1A, 0x4E, 0x0D, 0x1B, 0x4F, 0x0D, 0x1B, 0x4F, 0x0D, 0x1B, 0x4F, 0x0D, 0x1B, 0x4F, 0x0D, 0x1B, 0x4F, 0x0D, 0x1B, 0x4F, 0x0D, 0x1B, 0x4F, 0x0D, 0x1C, 0x50, 0x0D, 0x1C, 0x50, 0x0D, 0x1B, 0x4F, 0x0D, 0x1C, 0x4F, 
        0x0D, 0x1C, 0x4F, 0x0D, 0x1C, 0x4F, 0x0D, 0x1C, 0x50, 0x0D, 0x1B, 0x4F, 0x0D, 0x1B, 0x50, 0x0D, 0x1C, 0x50, 0x0D, 0x1C, 0x50, 0x0D, 0x1C, 0x50, 0x0D, 0x1C, 0x50, 0x0E, 0x1C, 0x51, 0x0E, 0x1D, 0x51, 0x0E, 0x1D, 0x51, 0x0E, 0x1D, 0x52, 
        0x0E, 0x1E, 0x52, 0x0F, 0x1E, 0x53, 0x0F, 0x1F, 0x54, 0x0F, 0x1F, 0x54, 0x0F, 0x1F, 0x54, 0x0F, 0x20, 0x55, 0x10, 0x20, 0x55, 0x10, 0x22, 0x56, 0x11, 0x22, 0x56, 0x11, 0x23, 0x57, 0x12, 0x24, 0x58, 0x13, 0x25, 0x59, 0x13, 0x26, 0x59, 
        0x14, 0x27, 0x5A, 0x14, 0x28, 0x5A, 0x15, 0x29, 0x5A, 0x16, 0x2A, 0x5B, 0x17, 0x2B, 0x5B, 0x17, 0x2B, 0x5C, 0x17, 0x2C, 0x5C, 0x18, 0x2D, 0x5C, 0x18, 0x2D, 0x5C, 0x18, 0x2D, 0x5C, 0x19, 0x2D, 0x5C, 0x18, 0x2D, 0x5B, 0x17, 0x2C, 0x5B, 
        0x17, 0x2B, 0x5B, 0x16, 0x2A, 0x5A, 0x16, 0x2A, 0x5A, 0x16, 0x2A, 0x5A, 0x16, 0x29, 0x5A, 0x15, 0x29, 0x59, 0x15, 0x29, 0x5A, 0x15, 0x28, 0x59, 0x14, 0x28, 0x59, 0x14, 0x27, 0x59, 0x14, 0x28, 0x59, 0x14, 0x27, 0x59, 0x14, 0x26, 0x59, 
        0x14, 0x28, 0x59, 0x14, 0x28, 0x59, 0x13, 0x28, 0x5B,
  0x5E, 0x94, 0xD7, 0x19, 0x2F, 0x63, 0x17, 0x29, 0x5A, 0x17, 0x29, 0x5A, 0x17, 0x29, 0x5A, 0x17, 0x29, 0x5A, 0x17, 0x29, 0x5A, 0x17, 0x29, 0x5A, 0x17, 0x29, 0x5A, 0x17, 0x29, 0x5A, 0x17, 0x29, 0x5B, 0x17, 0x29, 0x5B, 0x17, 0x29, 0x5B, 0x17, 0x29, 0x5B, 
        0x18, 0x2A, 0x5B, 0x18, 0x2A, 0x5B, 0x18, 0x2A, 0x5B, 0x18, 0x2A, 0x5B, 0x18, 0x2A, 0x5B, 0x18, 0x2A, 0x5B, 0x18, 0x2B, 0x5B, 0x18, 0x2B, 0x5C, 0x16, 0x29, 0x5B, 0x14, 0x25, 0x59, 0x12, 0x22, 0x58, 0x13, 0x24, 0x59, 0x12, 0x23, 0x58, 
        0x12, 0x22, 0x57, 0x11, 0x21, 0x56, 0x10, 0x20, 0x55, 0x10, 0x1F, 0x55, 0x0F, 0x1E, 0x54, 0x0F, 0x1F, 0x54, 0x10, 0x1F, 0x54, 0x10, 0x1F, 0x54, 0x0E, 0x1D, 0x52, 0x0E, 0x1C, 0x52, 0x0E, 0x1C, 0x51, 0x0E, 0x1C, 0x52, 0x0F, 0x1D, 0x53, 
        0x0F, 0x1D, 0x53, 0x0E, 0x1D, 0x52, 0x0E, 0x1C, 0x51, 0x0E, 0x1B, 0x51, 0x0E, 0x1B, 0x51, 0x0E, 0x1C, 0x51, 0x0E, 0x1C, 0x51, 0x0E, 0x1B, 0x51, 0x0E, 0x1B, 0x50, 0x0E, 0x1B, 0x51, 0x0E, 0x1C, 0x51, 0x0E, 0x1B, 0x51, 0x0E, 0x1B, 0x50, 
        0x0E, 0x1C, 0x51, 0x0E, 0x1C, 0x51, 0x0D, 0x1B, 0x51, 0x0D, 0x1B, 0x51, 0x0E, 0x1C, 0x51, 0x0E, 0x1B, 0x51, 0x0D, 0x1B, 0x50, 0x0D, 0x1B, 0x50, 0x0D, 0x1B, 0x50, 0x0D, 0x1B, 0x50, 0x0D, 0x1B, 0x50, 0x0D, 0x1B, 0x50, 0x0D, 0x1B, 0x50, 
        0x0D, 0x1B, 0x50, 0x0D, 0x1B, 0x50, 0x0D, 0x1B, 0x50, 0x0D, 0x1B, 0x50, 0x0D, 0x1B, 0x50, 0x0D, 0x1B, 0x50, 0x0D, 0x1B, 0x50, 0x0D, 0x1B, 0x50, 0x0D, 0x1B, 0x50, 0x0D, 0x1B, 0x4F, 0x0D, 0x1B, 0x4F, 0x0D, 0x1B, 0x4F, 0x0D, 0x1B, 0x4F, 
        0x0D, 0x1B, 0x4F, 0x0D, 0x1A, 0x4F, 0x0D, 0x1A, 0x4F, 0x0D, 0x1B, 0x4F, 0x0D, 0x1B, 0x4F, 0x0D, 0x1B, 0x50, 0x0D, 0x1B, 0x4F, 0x0E, 0x1B, 0x50, 0x0D, 0x1B, 0x50, 0x0D, 0x1A, 0x4F, 0x0D, 0x1A, 0x4F, 0x0D, 0x1B, 0x50, 0x0D, 0x1B, 0x50, 
        0x0D, 0x1B, 0x50, 0x0D, 0x1B, 0x50, 0x0D, 0x1B, 0x50, 0x0D, 0x1B, 0x50, 0x0D, 0x1B, 0x50, 0x0D, 0x1B, 0x50, 0x0D, 0x1B, 0x50, 0x0D, 0x1B, 0x50, 0x0D, 0x1B, 0x50, 0x0D, 0x1B, 0x50, 0x0D, 0x1B, 0x50, 0x0D, 0x1B, 0x50, 0x0D, 0x1C, 0x50, 
        0x0E, 0x1C, 0x51, 0x0E, 0x1C, 0x51, 0x0D, 0x1C, 0x51, 0x0D, 0x1C, 0x51, 0x0D, 0x1C, 0x51, 0x0D, 0x1C, 0x51, 0x0D, 0x1C, 0x51, 0x0D, 0x1C, 0x51, 0x0E, 0x1C, 0x51, 0x0E, 0x1C, 0x52, 0x0E, 0x1C, 0x52, 0x0E, 0x1C, 0x52, 0x0E, 0x1D, 0x53, 
        0x0F, 0x1E, 0x54, 0x0F, 0x1E, 0x54, 0x0F, 0x1E, 0x54, 0x0F, 0x1F, 0x54, 0x10, 0x1F, 0x55, 0x10, 0x20, 0x56, 0x10, 0x21, 0x56, 0x11, 0x22, 0x57, 0x11, 0x23, 0x58, 0x12, 0x24, 0x58, 0x12, 0x25, 0x59, 0x13, 0x26, 0x5A, 0x14, 0x27, 0x5A, 
        0x14, 0x28, 0x5B, 0x15, 0x29, 0x5B, 0x16, 0x2A, 0x5B, 0x16, 0x2B, 0x5C, 0x17, 0x2C, 0x5C, 0x18, 0x2C, 0x5D, 0x18, 0x2C, 0x5D, 0x18, 0x2D, 0x5D, 0x19, 0x2D, 0x5D, 0x19, 0x2D, 0x5C, 0x19, 0x2D, 0x5C, 0x18, 0x2C, 0x5C, 0x18, 0x2B, 0x5C, 
        0x17, 0x2B, 0x5B, 0x17, 0x2A, 0x5B, 0x16, 0x2A, 0x5B, 0x16, 0x2A, 0x5B, 0x15, 0x29, 0x5B, 0x15, 0x28, 0x5A, 0x15, 0x28, 0x5A, 0x15, 0x28, 0x5A, 0x14, 0x28, 0x5A, 0x14, 0x27, 0x5A, 0x14, 0x27, 0x59, 0x14, 0x27, 0x59, 0x13, 0x26, 0x59, 
        0x14, 0x28, 0x5A, 0x14, 0x28, 0x5A, 0x12, 0x27, 0x5B,
  0x5D, 0x93, 0xD7, 0x1A, 0x2F, 0x64, 0x17, 0x29, 0x5B, 0x17, 0x29, 0x5B, 0x17, 0x2A, 0x5B, 0x17, 0x2A, 0x5B, 0x17, 0x2A, 0x5B, 0x17, 0x2A, 0x5B, 0x17, 0x2A, 0x5B, 0x17, 0x2A, 0x5B, 0x17, 0x2A, 0x5B, 0x17, 0x2A, 0x5B, 0x17, 0x2A, 0x5B, 0x17, 0x2A, 0x5B, 
        0x18, 0x2A, 0x5B, 0x18, 0x2B, 0x5B, 0x18, 0x2B, 0x5C, 0x18, 0x2B, 0x5C, 0x18, 0x2B, 0x5B, 0x18, 0x2B, 0x5C, 0x19, 0x2C, 0x5C, 0x15, 0x28, 0x5B, 0x12, 0x24, 0x58, 0x12, 0x24, 0x59, 0x12, 0x24, 0x59, 0x12, 0x23, 0x59, 0x12, 0x23, 0x58, 
        0x11, 0x22, 0x57, 0x11, 0x22, 0x57, 0x10, 0x21, 0x56, 0x10, 0x20, 0x55, 0x0E, 0x1E, 0x53, 0x0F, 0x1E, 0x54, 0x0E, 0x1E, 0x53, 0x0E, 0x1E, 0x53, 0x0F, 0x1E, 0x53, 0x0F, 0x1E, 0x53, 0x0E, 0x1D, 0x53, 0x0D, 0x1C, 0x51, 0x0E, 0x1C, 0x52, 
        0x0E, 0x1E, 0x53, 0x0E, 0x1D, 0x53, 0x0E, 0x1D, 0x52, 0x0E, 0x1D, 0x52, 0x0E, 0x1D, 0x52, 0x0E, 0x1D, 0x53, 0x0E, 0x1D, 0x52, 0x0E, 0x1D, 0x52, 0x0E, 0x1D, 0x52, 0x0E, 0x1C, 0x52, 0x0E, 0x1C, 0x51, 0x0E, 0x1D, 0x52, 0x0E, 0x1D, 0x52, 
        0x0E, 0x1D, 0x52, 0x0E, 0x1C, 0x51, 0x0D, 0x1C, 0x51, 0x0E, 0x1C, 0x52, 0x0E, 0x1D, 0x52, 0x0D, 0x1C, 0x51, 0x0D, 0x1C, 0x51, 0x0D, 0x1C, 0x51, 0x0E, 0x1C, 0x51, 0x0E, 0x1C, 0x51, 0x0D, 0x1C, 0x51, 0x0D, 0x1C, 0x51, 0x0D, 0x1C, 0x51, 
        0x0D, 0x1C, 0x51, 0x0D, 0x1C, 0x51, 0x0D, 0x1C, 0x51, 0x0D, 0x1C, 0x51, 0x0D, 0x1C, 0x51, 0x0D, 0x1C, 0x51, 0x0D, 0x1B, 0x50, 0x0D, 0x1B, 0x50, 0x0D, 0x1B, 0x50, 0x0D, 0x1B, 0x50, 0x0D, 0x1B, 0x50, 0x0D, 0x1B, 0x50, 0x0D, 0x1B, 0x50, 
        0x0D, 0x1B, 0x50, 0x0D, 0x1B, 0x50, 0x0D, 0x1B, 0x50, 0x0D, 0x1B, 0x50, 0x0D, 0x1C, 0x50, 0x0D, 0x1C, 0x51, 0x0D, 0x1B, 0x50, 0x0D, 0x1B, 0x50, 0x0D, 0x1B, 0x51, 0x0D, 0x1B, 0x50, 0x0D, 0x1B, 0x51, 0x0D, 0x1C, 0x51, 0x0E, 0x1C, 0x52, 
        0x0E, 0x1C, 0x52, 0x0D, 0x1B, 0x50, 0x0D, 0x1B, 0x50, 0x0D, 0x1C, 0x51, 0x0D, 0x1C, 0x51, 0x0D, 0x1C, 0x51, 0x0D, 0x1C, 0x51, 0x0D, 0x1C, 0x51, 0x0D, 0x1C, 0x51, 0x0D, 0x1C, 0x51, 0x0D, 0x1C, 0x51, 0x0D, 0x1C, 0x51, 0x0D, 0x1C, 0x51, 
        0x0E, 0x1D, 0x52, 0x0E, 0x1D, 0x51, 0x0E, 0x1C, 0x51, 0x0D, 0x1C, 0x52, 0x0D, 0x1D, 0x52, 0x0D, 0x1D, 0x52, 0x0E, 0x1D, 0x52, 0x0E, 0x1D, 0x52, 0x0E, 0x1D, 0x53, 0x0E, 0x1D, 0x53, 0x0E, 0x1E, 0x53, 0x0E, 0x1E, 0x54, 0x0E, 0x1E, 0x54, 
        0x0E, 0x1E, 0x54, 0x0F, 0x1F, 0x55, 0x0F, 0x1F, 0x55, 0x0F, 0x20, 0x56, 0x10, 0x21, 0x57, 0x10, 0x22, 0x57, 0x11, 0x22, 0x58, 0x11, 0x23, 0x58, 0x12, 0x24, 0x59, 0x12, 0x25, 0x5A, 0x13, 0x26, 0x5B, 0x14, 0x27, 0x5B, 0x15, 0x29, 0x5B, 
        0x15, 0x2A, 0x5C, 0x16, 0x2B, 0x5C, 0x16, 0x2B, 0x5D, 0x17, 0x2C, 0x5D, 0x18, 0x2D, 0x5D, 0x18, 0x2D, 0x5D, 0x18, 0x2D, 0x5D, 0x19, 0x2E, 0x5E, 0x19, 0x2E, 0x5E, 0x19, 0x2E, 0x5D, 0x18, 0x2D, 0x5D, 0x18, 0x2D, 0x5D, 0x17, 0x2C, 0x5C, 
        0x17, 0x2B, 0x5C, 0x17, 0x2B, 0x5C, 0x16, 0x2A, 0x5C, 0x16, 0x2A, 0x5B, 0x15, 0x29, 0x5B, 0x15, 0x29, 0x5B, 0x14, 0x29, 0x5B, 0x14, 0x28, 0x5A, 0x14, 0x28, 0x5A, 0x14, 0x28, 0x5A, 0x14, 0x28, 0x5A, 0x14, 0x27, 0x5A, 0x14, 0x27, 0x5A, 
        0x14, 0x28, 0x5A, 0x14, 0x28, 0x5A, 0x12, 0x27, 0x5C,
  0x60, 0x94, 0xD7, 0x1A, 0x30, 0x64, 0x17, 0x2A, 0x5C, 0x17, 0x2A, 0x5C, 0x17, 0x2A, 0x5C, 0x17, 0x2A, 0x5C, 0x17, 0x2A, 0x5C, 0x17, 0x2A, 0x5C, 0x18, 0x2A, 0x5C, 0x18, 0x2A, 0x5C, 0x18, 0x2B, 0x5C, 0x18, 0x2B, 0x5C, 0x18, 0x2B, 0x5C, 0x18, 0x2B, 0x5C, 
        0x18, 0x2B, 0x5C, 0x18, 0x2B, 0x5C, 0x18, 0x2B, 0x5C, 0x19, 0x2B, 0x5D, 0x19, 0x2C, 0x5D, 0x18, 0x2B, 0x5C, 0x16, 0x28, 0x5C, 0x13, 0x24, 0x5A, 0x12, 0x23, 0x58, 0x12, 0x23, 0x59, 0x12, 0x23, 0x59, 0x11, 0x21, 0x58, 0x10, 0x20, 0x57, 
        0x10, 0x1F, 0x56, 0x0F, 0x1F, 0x55, 0x10, 0x1F, 0x56, 0x0F, 0x1F, 0x55, 0x0E, 0x1D, 0x54, 0x0E, 0x1D, 0x54, 0x0E, 0x1D, 0x53, 0x0E, 0x1D, 0x54, 0x0F, 0x1E, 0x54, 0x0F, 0x1E, 0x54, 0x0E, 0x1D, 0x54, 0x0E, 0x1C, 0x53, 0x0E, 0x1D, 0x53, 
        0x0E, 0x1D, 0x53, 0x0E, 0x1C, 0x53, 0x0E, 0x1C, 0x53, 0x0E, 0x1D, 0x53, 0x0E, 0x1D, 0x54, 0x0F, 0x1D, 0x54, 0x0E, 0x1D, 0x53, 0x0E, 0x1D, 0x53, 0x0E, 0x1D, 0x53, 0x0E, 0x1D, 0x53, 0x0E, 0x1D, 0x53, 0x0E, 0x1D, 0x53, 0x0E, 0x1D, 0x53, 
        0x0E, 0x1D, 0x52, 0x0D, 0x1C, 0x52, 0x0E, 0x1C, 0x52, 0x0E, 0x1D, 0x52, 0x0E, 0x1C, 0x52, 0x0E, 0x1C, 0x52, 0x0E, 0x1C, 0x52, 0x0E, 0x1C, 0x52, 0x0E, 0x1C, 0x52, 0x0E, 0x1C, 0x52, 0x0D, 0x1C, 0x52, 0x0D, 0x1C, 0x52, 0x0D, 0x1C, 0x52, 
        0x0D, 0x1C, 0x52, 0x0D, 0x1C, 0x51, 0x0D, 0x1C, 0x51, 0x0D, 0x1C, 0x51, 0x0D, 0x1C, 0x51, 0x0D, 0x1C, 0x51, 0x0D, 0x1B, 0x51, 0x0D, 0x1B, 0x51, 0x0D, 0x1B, 0x51, 0x0D, 0x1B, 0x51, 0x0D, 0x1B, 0x51, 0x0D, 0x1B, 0x51, 0x0D, 0x1B, 0x51, 
        0x0D, 0x1B, 0x51, 0x0D, 0x1B, 0x51, 0x0D, 0x1B, 0x51, 0x0D, 0x1C, 0x51, 0x0D, 0x1C, 0x51, 0x0D, 0x1C, 0x51, 0x0D, 0x1B, 0x51, 0x0D, 0x1B, 0x51, 0x0D, 0x1B, 0x51, 0x0D, 0x1B, 0x51, 0x0D, 0x1C, 0x52, 0x0E, 0x1C, 0x52, 0x0E, 0x1C, 0x52, 
        0x0E, 0x1D, 0x53, 0x0E, 0x1C, 0x52, 0x0D, 0x1C, 0x52, 0x0E, 0x1D, 0x53, 0x0E, 0x1D, 0x53, 0x0D, 0x1C, 0x52, 0x0D, 0x1C, 0x52, 0x0D, 0x1C, 0x52, 0x0E, 0x1C, 0x52, 0x0E, 0x1C, 0x52, 0x0E, 0x1C, 0x52, 0x0E, 0x1D, 0x52, 0x0D, 0x1C, 0x52, 
        0x0E, 0x1C, 0x53, 0x0E, 0x1D, 0x53, 0x0E, 0x1D, 0x52, 0x0E, 0x1D, 0x53, 0x0E, 0x1D, 0x53, 0x0E, 0x1D, 0x53, 0x0E, 0x1D, 0x53, 0x0E, 0x1D, 0x53, 0x0E, 0x1D, 0x54, 0x0E, 0x1E, 0x54, 0x0E, 0x1E, 0x54, 0x0E, 0x1E, 0x55, 0x0F, 0x1F, 0x55, 
        0x0F, 0x1F, 0x56, 0x0F, 0x1F, 0x56, 0x10, 0x20, 0x57, 0x10, 0x21, 0x57, 0x10, 0x22, 0x58, 0x11, 0x22, 0x58, 0x11, 0x23, 0x59, 0x12, 0x24, 0x5A, 0x12, 0x25, 0x5B, 0x13, 0x26, 0x5B, 0x13, 0x27, 0x5C, 0x14, 0x28, 0x5C, 0x15, 0x29, 0x5C, 
        0x16, 0x2A, 0x5D, 0x16, 0x2B, 0x5D, 0x17, 0x2C, 0x5E, 0x18, 0x2C, 0x5E, 0x18, 0x2D, 0x5E, 0x19, 0x2E, 0x5E, 0x19, 0x2E, 0x5E, 0x19, 0x2E, 0x5E, 0x1A, 0x2E, 0x5E, 0x19, 0x2D, 0x5E, 0x18, 0x2D, 0x5D, 0x18, 0x2C, 0x5D, 0x17, 0x2B, 0x5D, 
        0x17, 0x2B, 0x5D, 0x17, 0x2B, 0x5D, 0x16, 0x2A, 0x5C, 0x16, 0x2A, 0x5C, 0x16, 0x2A, 0x5C, 0x16, 0x2B, 0x5C, 0x15, 0x29, 0x5C, 0x14, 0x28, 0x5B, 0x14, 0x28, 0x5B, 0x14, 0x28, 0x5B, 0x14, 0x27, 0x5B, 0x14, 0x27, 0x5B, 0x14, 0x27, 0x5B, 
        0x13, 0x27, 0x5B, 0x13, 0x27, 0x5B, 0x12, 0x28, 0x5D,
  0x60, 0x94, 0xD7, 0x1A, 0x31, 0x66, 0x17, 0x2B, 0x5D, 0x17, 0x2B, 0x5D, 0x17, 0x2B, 0x5D, 0x17, 0x2B, 0x5D, 0x18, 0x2B, 0x5E, 0x18, 0x2B, 0x5E, 0x18, 0x2B, 0x5E, 0x18, 0x2B, 0x5E, 0x18, 0x2B, 0x5E, 0x18, 0x2C, 0x5E, 0x18, 0x2C, 0x5E, 0x18, 0x2C, 0x5E, 
        0x18, 0x2C, 0x5E, 0x19, 0x2C, 0x5E, 0x19, 0x2C, 0x5E, 0x19, 0x2C, 0x5E, 0x18, 0x2C, 0x5E, 0x16, 0x29, 0x5D, 0x14, 0x26, 0x5C, 0x13, 0x25, 0x5B, 0x12, 0x24, 0x5A, 0x11, 0x22, 0x59, 0x11, 0x22, 0x59, 0x10, 0x20, 0x57, 0x0F, 0x1E, 0x56, 
        0x10, 0x20, 0x57, 0x0F, 0x1F, 0x56, 0x0F, 0x1F, 0x56, 0x0F, 0x1F, 0x56, 0x0F, 0x1E, 0x55, 0x0E, 0x1D, 0x54, 0x0F, 0x1F, 0x56, 0x0F, 0x1F, 0x56, 0x0F, 0x1F, 0x56, 0x0F, 0x1E, 0x55, 0x0E, 0x1E, 0x55, 0x0E, 0x1E, 0x54, 0x0E, 0x1E, 0x55, 
        0x0E, 0x1E, 0x55, 0x0E, 0x1D, 0x54, 0x0E, 0x1D, 0x55, 0x0E, 0x1D, 0x55, 0x0E, 0x1E, 0x55, 0x0E, 0x1D, 0x55, 0x0E, 0x1D, 0x54, 0x0E, 0x1D, 0x54, 0x0E, 0x1E, 0x55, 0x0E, 0x1E, 0x55, 0x0E, 0x1D, 0x54, 0x0E, 0x1D, 0x54, 0x0E, 0x1D, 0x54, 
        0x0E, 0x1D, 0x53, 0x0E, 0x1D, 0x54, 0x0E, 0x1E, 0x54, 0x0E, 0x1D, 0x54, 0x0E, 0x1D, 0x54, 0x0E, 0x1D, 0x54, 0x0E, 0x1D, 0x54, 0x0E, 0x1D, 0x54, 0x0E, 0x1D, 0x54, 0x0D, 0x1D, 0x53, 0x0D, 0x1D, 0x53, 0x0E, 0x1D, 0x54, 0x0D, 0x1D, 0x53, 
        0x0D, 0x1C, 0x53, 0x0D, 0x1C, 0x53, 0x0D, 0x1C, 0x53, 0x0D, 0x1C, 0x53, 0x0D, 0x1C, 0x53, 0x0D, 0x1C, 0x53, 0x0D, 0x1C, 0x53, 0x0D, 0x1C, 0x53, 0x0D, 0x1C, 0x53, 0x0D, 0x1C, 0x53, 0x0D, 0x1C, 0x53, 0x0D, 0x1C, 0x52, 0x0D, 0x1C, 0x52, 
        0x0D, 0x1C, 0x52, 0x0D, 0x1C, 0x53, 0x0D, 0x1C, 0x53, 0x0D, 0x1C, 0x53, 0x0D, 0x1C, 0x53, 0x0D, 0x1C, 0x53, 0x0D, 0x1C, 0x53, 0x0D, 0x1C, 0x52, 0x0D, 0x1C, 0x52, 0x0D, 0x1C, 0x53, 0x0D, 0x1D, 0x53, 0x0E, 0x1D, 0x54, 0x0E, 0x1D, 0x54, 
        0x0E, 0x1E, 0x55, 0x0E, 0x1E, 0x55, 0x0E, 0x1E, 0x55, 0x0F, 0x1F, 0x55, 0x0E, 0x1F, 0x55, 0x0E, 0x1D, 0x54, 0x0E, 0x1D, 0x54, 0x0E, 0x1D, 0x54, 0x0E, 0x1D, 0x54, 0x0E, 0x1D, 0x54, 0x0E, 0x1D, 0x54, 0x0E, 0x1D, 0x54, 0x0E, 0x1D, 0x54, 
        0x0E, 0x1D, 0x54, 0x0E, 0x1D, 0x54, 0x0E, 0x1D, 0x54, 0x0E, 0x1D, 0x54, 0x0E, 0x1E, 0x54, 0x0E, 0x1E, 0x55, 0x0E, 0x1E, 0x55, 0x0E, 0x1E, 0x55, 0x0E, 0x1E, 0x56, 0x0E, 0x1F, 0x56, 0x0E, 0x1F, 0x56, 0x0F, 0x1F, 0x56, 0x0F, 0x20, 0x57, 
        0x0F, 0x20, 0x57, 0x10, 0x21, 0x58, 0x10, 0x22, 0x59, 0x10, 0x22, 0x59, 0x10, 0x22, 0x5A, 0x11, 0x24, 0x5A, 0x12, 0x25, 0x5B, 0x12, 0x25, 0x5C, 0x13, 0x26, 0x5C, 0x13, 0x27, 0x5D, 0x14, 0x29, 0x5D, 0x15, 0x2A, 0x5E, 0x15, 0x2A, 0x5E, 
        0x16, 0x2B, 0x5E, 0x17, 0x2C, 0x5F, 0x17, 0x2D, 0x5F, 0x18, 0x2E, 0x60, 0x19, 0x2E, 0x60, 0x19, 0x2F, 0x60, 0x19, 0x2F, 0x60, 0x19, 0x2F, 0x60, 0x19, 0x2F, 0x60, 0x19, 0x2E, 0x5F, 0x18, 0x2D, 0x5F, 0x17, 0x2D, 0x5F, 0x17, 0x2C, 0x5E, 
        0x17, 0x2C, 0x5F, 0x16, 0x2B, 0x5E, 0x16, 0x2A, 0x5E, 0x15, 0x2A, 0x5E, 0x16, 0x2B, 0x5E, 0x17, 0x2C, 0x5E, 0x15, 0x2A, 0x5D, 0x15, 0x29, 0x5D, 0x15, 0x29, 0x5D, 0x14, 0x28, 0x5D, 0x14, 0x28, 0x5D, 0x14, 0x28, 0x5C, 0x14, 0x29, 0x5D, 
        0x14, 0x28, 0x5C, 0x13, 0x28, 0x5C, 0x13, 0x29, 0x5F,
  0x60, 0x92, 0xD6, 0x1A, 0x31, 0x66, 0x18, 0x2B, 0x5E, 0x18, 0x2B, 0x5E, 0x18, 0x2B, 0x5E, 0x18, 0x2B, 0x5E, 0x18, 0x2B, 0x5E, 0x18, 0x2B, 0x5E, 0x18, 0x2B, 0x5E, 0x18, 0x2B, 0x5E, 0x18, 0x2B, 0x5E, 0x18, 0x2B, 0x5E, 0x18, 0x2B, 0x5E, 0x18, 0x2B, 0x5E, 
        0x18, 0x2C, 0x5F, 0x19, 0x2D, 0x5F, 0x18, 0x2C, 0x5F, 0x17, 0x2A, 0x5F, 0x16, 0x29, 0x5E, 0x14, 0x26, 0x5D, 0x12, 0x23, 0x5B, 0x12, 0x24, 0x5B, 0x11, 0x23, 0x5B, 0x10, 0x21, 0x59, 0x10, 0x21, 0x59, 0x10, 0x21, 0x58, 0x10, 0x20, 0x58, 
        0x10, 0x21, 0x59, 0x0F, 0x1F, 0x57, 0x0F, 0x1F, 0x57, 0x0F, 0x1F, 0x57, 0x0F, 0x1F, 0x57, 0x0E, 0x1E, 0x56, 0x0F, 0x1E, 0x56, 0x0F, 0x1F, 0x57, 0x0F, 0x1E, 0x56, 0x0F, 0x1E, 0x56, 0x0F, 0x1F, 0x56, 0x0F, 0x1E, 0x56, 0x0E, 0x1E, 0x55, 
        0x0E, 0x1D, 0x55, 0x0E, 0x1D, 0x55, 0x0E, 0x1D, 0x55, 0x0E, 0x1E, 0x56, 0x0E, 0x1E, 0x56, 0x0F, 0x1E, 0x56, 0x0E, 0x1C, 0x54, 0x0E, 0x1D, 0x55, 0x0F, 0x1E, 0x56, 0x0E, 0x1E, 0x55, 0x0E, 0x1D, 0x55, 0x0E, 0x1D, 0x55, 0x0E, 0x1D, 0x55, 
        0x0E, 0x1D, 0x54, 0x0E, 0x1D, 0x55, 0x0E, 0x1D, 0x55, 0x0E, 0x1D, 0x55, 0x0E, 0x1D, 0x54, 0x0E, 0x1D, 0x55, 0x0E, 0x1D, 0x55, 0x0E, 0x1D, 0x55, 0x0E, 0x1D, 0x55, 0x0E, 0x1D, 0x55, 0x0E, 0x1D, 0x54, 0x0D, 0x1D, 0x54, 0x0D, 0x1C, 0x54, 
        0x0D, 0x1C, 0x54, 0x0D, 0x1C, 0x54, 0x0D, 0x1C, 0x54, 0x0D, 0x1C, 0x54, 0x0D, 0x1C, 0x54, 0x0D, 0x1C, 0x54, 0x0D, 0x1C, 0x53, 0x0D, 0x1C, 0x53, 0x0D, 0x1C, 0x53, 0x0D, 0x1C, 0x53, 0x0D, 0x1C, 0x53, 0x0D, 0x1C, 0x53, 0x0D, 0x1C, 0x53, 
        0x0D, 0x1C, 0x53, 0x0D, 0x1C, 0x53, 0x0D, 0x1C, 0x54, 0x0D, 0x1C, 0x54, 0x0D, 0x1C, 0x53, 0x0D, 0x1C, 0x53, 0x0D, 0x1C, 0x53, 0x0D, 0x1C, 0x53, 0x0D, 0x1C, 0x53, 0x0D, 0x1D, 0x54, 0x0D, 0x1D, 0x54, 0x0E, 0x1D, 0x54, 0x0E, 0x1D, 0x55, 
        0x0E, 0x1D, 0x55, 0x0E, 0x1E, 0x55, 0x0E, 0x1E, 0x55, 0x0E, 0x1E, 0x56, 0x0E, 0x1D, 0x54, 0x0D, 0x1D, 0x54, 0x0E, 0x1D, 0x55, 0x0E, 0x1D, 0x54, 0x0E, 0x1D, 0x54, 0x0E, 0x1D, 0x55, 0x0E, 0x1D, 0x55, 0x0E, 0x1D, 0x55, 0x0E, 0x1D, 0x55, 
        0x0E, 0x1E, 0x55, 0x0E, 0x1E, 0x55, 0x0E, 0x1D, 0x55, 0x0E, 0x1D, 0x55, 0x0E, 0x1E, 0x55, 0x0E, 0x1E, 0x56, 0x0E, 0x1E, 0x56, 0x0E, 0x1E, 0x56, 0x0E, 0x1E, 0x57, 0x0E, 0x1F, 0x57, 0x0F, 0x1F, 0x57, 0x0F, 0x20, 0x58, 0x0F, 0x20, 0x58, 
        0x0F, 0x20, 0x59, 0x10, 0x21, 0x59, 0x10, 0x22, 0x5A, 0x10, 0x22, 0x5A, 0x11, 0x23, 0x5B, 0x12, 0x24, 0x5C, 0x12, 0x25, 0x5C, 0x13, 0x26, 0x5D, 0x13, 0x27, 0x5E, 0x14, 0x28, 0x5E, 0x15, 0x29, 0x5F, 0x15, 0x2B, 0x5F, 0x17, 0x2C, 0x5F, 
        0x17, 0x2C, 0x60, 0x18, 0x2D, 0x60, 0x18, 0x2E, 0x61, 0x19, 0x2E, 0x61, 0x1A, 0x2F, 0x61, 0x1A, 0x2F, 0x61, 0x1A, 0x2F, 0x61, 0x19, 0x2F, 0x61, 0x19, 0x2E, 0x60, 0x19, 0x2E, 0x60, 0x18, 0x2D, 0x60, 0x17, 0x2C, 0x5F, 0x17, 0x2C, 0x5F, 
        0x17, 0x2C, 0x5F, 0x16, 0x2B, 0x5F, 0x17, 0x2C, 0x5F, 0x16, 0x2A, 0x5E, 0x15, 0x2A, 0x5E, 0x15, 0x2A, 0x5E, 0x15, 0x29, 0x5E, 0x15, 0x29, 0x5E, 0x15, 0x29, 0x5E, 0x14, 0x28, 0x5E, 0x14, 0x28, 0x5E, 0x14, 0x28, 0x5D, 0x14, 0x28, 0x5D, 
        0x14, 0x28, 0x5D, 0x14, 0x28, 0x5D, 0x13, 0x2A, 0x60,
  0x63, 0x96, 0xD7, 0x1B, 0x32, 0x68, 0x18, 0x2B, 0x60, 0x18, 0x2C, 0x60, 0x18, 0x2B, 0x60, 0x18, 0x2B, 0x60, 0x18, 0x2C, 0x60, 0x18, 0x2B, 0x60, 0x18, 0x2C, 0x60, 0x18, 0x2C, 0x60, 0x18, 0x2C, 0x60, 0x19, 0x2C, 0x60, 0x19, 0x2C, 0x60, 0x18, 0x2C, 0x60, 
        0x19, 0x2D, 0x60, 0x19, 0x2D, 0x60, 0x17, 0x2B, 0x60, 0x15, 0x28, 0x5F, 0x14, 0x27, 0x5F, 0x13, 0x25, 0x5E, 0x11, 0x23, 0x5C, 0x11, 0x23, 0x5C, 0x11, 0x22, 0x5B, 0x11, 0x22, 0x5B, 0x10, 0x20, 0x59, 0x10, 0x21, 0x59, 0x10, 0x22, 0x5A, 
        0x10, 0x21, 0x59, 0x10, 0x21, 0x59, 0x0F, 0x20, 0x58, 0x0E, 0x1E, 0x57, 0x0F, 0x1F, 0x58, 0x0E, 0x1F, 0x57, 0x0E, 0x1F, 0x58, 0x0E, 0x1F, 0x57, 0x0E, 0x1E, 0x57, 0x0E, 0x1F, 0x57, 0x0F, 0x20, 0x58, 0x0E, 0x1F, 0x57, 0x0E, 0x1E, 0x56, 
        0x0E, 0x1E, 0x57, 0x0E, 0x1E, 0x57, 0x0E, 0x1F, 0x57, 0x0E, 0x1E, 0x57, 0x0E, 0x1E, 0x57, 0x0E, 0x1F, 0x58, 0x0E, 0x1E, 0x57, 0x0E, 0x1E, 0x57, 0x0E, 0x1E, 0x57, 0x0E, 0x1E, 0x57, 0x0E, 0x1E, 0x57, 0x0E, 0x1E, 0x56, 0x0E, 0x1E, 0x57, 
        0x0E, 0x1F, 0x57, 0x0E, 0x1E, 0x56, 0x0E, 0x1D, 0x56, 0x0E, 0x1E, 0x56, 0x0E, 0x1E, 0x56, 0x0E, 0x1D, 0x56, 0x0E, 0x1E, 0x56, 0x0E, 0x1E, 0x56, 0x0E, 0x1E, 0x56, 0x0E, 0x1D, 0x56, 0x0E, 0x1D, 0x56, 0x0E, 0x1D, 0x56, 0x0E, 0x1D, 0x56, 
        0x0E, 0x1D, 0x55, 0x0E, 0x1D, 0x55, 0x0E, 0x1D, 0x55, 0x0D, 0x1D, 0x55, 0x0D, 0x1D, 0x55, 0x0D, 0x1D, 0x55, 0x0D, 0x1D, 0x55, 0x0D, 0x1D, 0x55, 0x0D, 0x1D, 0x55, 0x0D, 0x1D, 0x55, 0x0D, 0x1D, 0x55, 0x0D, 0x1D, 0x55, 0x0D, 0x1D, 0x55, 
        0x0D, 0x1D, 0x55, 0x0D, 0x1D, 0x55, 0x0D, 0x1D, 0x55, 0x0D, 0x1D, 0x55, 0x0D, 0x1D, 0x55, 0x0D, 0x1D, 0x55, 0x0D, 0x1D, 0x55, 0x0D, 0x1D, 0x55, 0x0D, 0x1D, 0x55, 0x0D, 0x1D, 0x56, 0x0D, 0x1E, 0x56, 0x0D, 0x1E, 0x56, 0x0D, 0x1D, 0x56, 
        0x0D, 0x1D, 0x56, 0x0E, 0x1E, 0x56, 0x0E, 0x1E, 0x57, 0x0E, 0x1E, 0x56, 0x0E, 0x1E, 0x56, 0x0E, 0x1E, 0x56, 0x0E, 0x1E, 0x56, 0x0E, 0x1E, 0x56, 0x0E, 0x1E, 0x56, 0x0E, 0x1E, 0x56, 0x0E, 0x1E, 0x56, 0x0E, 0x1E, 0x56, 0x0E, 0x1E, 0x56, 
        0x0E, 0x1E, 0x57, 0x0E, 0x1F, 0x57, 0x0E, 0x1E, 0x57, 0x0E, 0x1F, 0x57, 0x0E, 0x1E, 0x57, 0x0E, 0x1F, 0x58, 0x0E, 0x20, 0x58, 0x0E, 0x20, 0x58, 0x0F, 0x20, 0x59, 0x0F, 0x20, 0x59, 0x0F, 0x21, 0x5A, 0x0F, 0x21, 0x5A, 0x10, 0x22, 0x5A, 
        0x10, 0x22, 0x5B, 0x10, 0x22, 0x5B, 0x10, 0x23, 0x5C, 0x11, 0x24, 0x5D, 0x12, 0x25, 0x5E, 0x12, 0x26, 0x5E, 0x12, 0x26, 0x5E, 0x13, 0x28, 0x5F, 0x14, 0x29, 0x60, 0x14, 0x2A, 0x60, 0x15, 0x2B, 0x61, 0x16, 0x2C, 0x61, 0x17, 0x2C, 0x61, 
        0x17, 0x2E, 0x62, 0x18, 0x2E, 0x62, 0x19, 0x2F, 0x62, 0x19, 0x2F, 0x63, 0x1A, 0x30, 0x63, 0x1A, 0x30, 0x63, 0x1A, 0x30, 0x62, 0x1A, 0x2F, 0x62, 0x19, 0x2F, 0x62, 0x18, 0x2E, 0x61, 0x18, 0x2E, 0x61, 0x18, 0x2D, 0x61, 0x17, 0x2D, 0x61, 
        0x16, 0x2B, 0x60, 0x17, 0x2D, 0x61, 0x1C, 0x31, 0x62, 0x17, 0x2C, 0x61, 0x15, 0x2A, 0x60, 0x15, 0x2A, 0x60, 0x14, 0x2A, 0x5F, 0x15, 0x2A, 0x5F, 0x15, 0x2A, 0x5F, 0x14, 0x29, 0x5F, 0x14, 0x29, 0x5F, 0x14, 0x29, 0x5F, 0x14, 0x28, 0x5F, 
        0x14, 0x29, 0x5F, 0x13, 0x28, 0x5F, 0x13, 0x2B, 0x61,
  0x7D, 0xAC, 0xE0, 0x1B, 0x33, 0x69, 0x18, 0x2C, 0x61, 0x18, 0x2C, 0x61, 0x18, 0x2D, 0x61, 0x18, 0x2D, 0x61, 0x18, 0x2C, 0x61, 0x18, 0x2D, 0x61, 0x18, 0x2D, 0x61, 0x18, 0x2D, 0x62, 0x19, 0x2D, 0x62, 0x18, 0x2D, 0x62, 0x18, 0x2D, 0x61, 0x19, 0x2D, 0x62, 
        0x19, 0x2E, 0x62, 0x16, 0x2B, 0x61, 0x14, 0x28, 0x60, 0x14, 0x28, 0x60, 0x13, 0x27, 0x5F, 0x12, 0x25, 0x5E, 0x11, 0x23, 0x5D, 0x11, 0x23, 0x5D, 0x10, 0x22, 0x5C, 0x10, 0x21, 0x5B, 0x0F, 0x20, 0x59, 0x0F, 0x20, 0x5A, 0x10, 0x22, 0x5B, 
        0x10, 0x22, 0x5B, 0x10, 0x21, 0x5B, 0x0F, 0x20, 0x5A, 0x0F, 0x20, 0x59, 0x0F, 0x1F, 0x59, 0x0F, 0x1F, 0x59, 0x0E, 0x1F, 0x58, 0x0E, 0x1F, 0x58, 0x0E, 0x1F, 0x58, 0x0E, 0x1F, 0x58, 0x0F, 0x1F, 0x59, 0x0E, 0x1F, 0x58, 0x0E, 0x1F, 0x58, 
        0x0E, 0x1F, 0x59, 0x0E, 0x1F, 0x58, 0x0E, 0x1F, 0x58, 0x0E, 0x1F, 0x58, 0x0E, 0x1F, 0x58, 0x0E, 0x1F, 0x58, 0x0E, 0x1F, 0x58, 0x0E, 0x1F, 0x58, 0x0E, 0x1F, 0x58, 0x0E, 0x1F, 0x58, 0x0E, 0x1E, 0x58, 0x0E, 0x1F, 0x58, 0x0E, 0x1F, 0x59, 
        0x0E, 0x1F, 0x58, 0x0E, 0x1E, 0x58, 0x0E, 0x1E, 0x58, 0x0E, 0x1F, 0x58, 0x0E, 0x1F, 0x58, 0x0E, 0x1F, 0x58, 0x0E, 0x1F, 0x58, 0x0E, 0x1E, 0x57, 0x0E, 0x1E, 0x58, 0x0E, 0x1E, 0x58, 0x0E, 0x1E, 0x57, 0x0E, 0x1E, 0x57, 0x0E, 0x1E, 0x57, 
        0x0D, 0x1E, 0x57, 0x0E, 0x1E, 0x57, 0x0E, 0x1E, 0x57, 0x0E, 0x1E, 0x57, 0x0E, 0x1E, 0x57, 0x0D, 0x1E, 0x57, 0x0D, 0x1E, 0x57, 0x0E, 0x1E, 0x57, 0x0E, 0x1E, 0x57, 0x0D, 0x1E, 0x57, 0x0D, 0x1E, 0x57, 0x0D, 0x1E, 0x57, 0x0D, 0x1E, 0x57, 
        0x0D, 0x1E, 0x57, 0x0D, 0x1E, 0x57, 0x0E, 0x1E, 0x57, 0x0D, 0x1E, 0x57, 0x0D, 0x1E, 0x56, 0x0D, 0x1E, 0x56, 0x0D, 0x1E, 0x57, 0x0D, 0x1E, 0x57, 0x0D, 0x1E, 0x57, 0x0D, 0x1E, 0x57, 0x0E, 0x1E, 0x57, 0x0D, 0x1E, 0x57, 0x0E, 0x1E, 0x57, 
        0x0E, 0x1E, 0x58, 0x0E, 0x1F, 0x58, 0x0E, 0x20, 0x59, 0x0E, 0x20, 0x59, 0x0E, 0x20, 0x59, 0x0E, 0x1F, 0x58, 0x0E, 0x1F, 0x58, 0x0E, 0x1E, 0x58, 0x0E, 0x1F, 0x58, 0x0E, 0x20, 0x59, 0x0E, 0x1F, 0x58, 0x0E, 0x1F, 0x58, 0x0E, 0x1F, 0x58, 
        0x0E, 0x1F, 0x59, 0x0E, 0x1F, 0x59, 0x0E, 0x20, 0x59, 0x0E, 0x20, 0x59, 0x0E, 0x20, 0x59, 0x0E, 0x20, 0x5A, 0x0E, 0x20, 0x5A, 0x0F, 0x21, 0x5A, 0x0F, 0x21, 0x5A, 0x0F, 0x21, 0x5B, 0x0F, 0x22, 0x5B, 0x0F, 0x22, 0x5C, 0x10, 0x23, 0x5D, 
        0x10, 0x24, 0x5D, 0x11, 0x24, 0x5D, 0x11, 0x24, 0x5D, 0x12, 0x26, 0x5F, 0x15, 0x2A, 0x61, 0x14, 0x29, 0x61, 0x13, 0x28, 0x61, 0x13, 0x29, 0x61, 0x14, 0x2A, 0x62, 0x15, 0x2B, 0x62, 0x16, 0x2C, 0x62, 0x17, 0x2E, 0x63, 0x18, 0x2F, 0x63, 
        0x18, 0x2F, 0x63, 0x19, 0x2F, 0x64, 0x19, 0x30, 0x64, 0x1A, 0x30, 0x64, 0x1A, 0x31, 0x64, 0x1A, 0x31, 0x64, 0x1A, 0x30, 0x64, 0x19, 0x30, 0x63, 0x19, 0x2F, 0x63, 0x19, 0x2F, 0x63, 0x18, 0x2E, 0x63, 0x17, 0x2E, 0x62, 0x17, 0x2D, 0x62, 
        0x16, 0x2D, 0x62, 0x17, 0x2D, 0x62, 0x17, 0x2E, 0x62, 0x16, 0x2D, 0x62, 0x15, 0x2B, 0x61, 0x15, 0x2B, 0x61, 0x15, 0x2B, 0x61, 0x15, 0x2B, 0x61, 0x15, 0x2B, 0x61, 0x15, 0x2B, 0x61, 0x14, 0x2A, 0x61, 0x14, 0x2A, 0x60, 0x14, 0x29, 0x60, 
        0x14, 0x2A, 0x60, 0x14, 0x29, 0x60, 0x14, 0x2C, 0x63,
  0x73, 0xA5, 0xDD, 0x1B, 0x32, 0x6A, 0x18, 0x2D, 0x62, 0x18, 0x2C, 0x62, 0x18, 0x2D, 0x62, 0x18, 0x2D, 0x62, 0x18, 0x2C, 0x62, 0x19, 0x2D, 0x62, 0x19, 0x2D, 0x62, 0x18, 0x2D, 0x62, 0x18, 0x2D, 0x62, 0x19, 0x2D, 0x62, 0x19, 0x2E, 0x63, 0x19, 0x2E, 0x63, 
        0x17, 0x2B, 0x62, 0x14, 0x28, 0x61, 0x13, 0x26, 0x5F, 0x13, 0x25, 0x5F, 0x13, 0x25, 0x5F, 0x11, 0x23, 0x5D, 0x10, 0x21, 0x5C, 0x10, 0x22, 0x5C, 0x11, 0x23, 0x5D, 0x10, 0x21, 0x5B, 0x0F, 0x20, 0x5A, 0x0F, 0x20, 0x5B, 0x0F, 0x1F, 0x5A, 
        0x0F, 0x1F, 0x5A, 0x0F, 0x20, 0x5A, 0x0F, 0x1F, 0x59, 0x0F, 0x1F, 0x59, 0x0E, 0x1F, 0x59, 0x0F, 0x1F, 0x59, 0x0F, 0x1F, 0x59, 0x0E, 0x1F, 0x59, 0x0E, 0x1F, 0x59, 0x0E, 0x1E, 0x58, 0x0E, 0x1F, 0x59, 0x0E, 0x1F, 0x59, 0x0E, 0x1F, 0x59, 
        0x0E, 0x1F, 0x59, 0x0E, 0x1F, 0x59, 0x0E, 0x1F, 0x59, 0x0E, 0x1F, 0x59, 0x0E, 0x20, 0x59, 0x0E, 0x1F, 0x59, 0x0E, 0x1E, 0x59, 0x0E, 0x1E, 0x58, 0x0E, 0x1E, 0x59, 0x0F, 0x20, 0x59, 0x0E, 0x1F, 0x59, 0x0E, 0x1E, 0x59, 0x0E, 0x1E, 0x58, 
        0x0E, 0x1E, 0x58, 0x0E, 0x1F, 0x58, 0x0E, 0x1F, 0x59, 0x0E, 0x1F, 0x58, 0x0E, 0x1F, 0x58, 0x0E, 0x1F, 0x59, 0x0E, 0x1F, 0x59, 0x0E, 0x1E, 0x58, 0x0E, 0x1E, 0x58, 0x0E, 0x1E, 0x59, 0x0E, 0x1E, 0x58, 0x0E, 0x1E, 0x58, 0x0E, 0x1E, 0x58, 
        0x0E, 0x1E, 0x58, 0x0E, 0x1E, 0x58, 0x0E, 0x1E, 0x58, 0x0E, 0x1E, 0x58, 0x0E, 0x1E, 0x58, 0x0E, 0x1E, 0x58, 0x0E, 0x1E, 0x58, 0x0D, 0x1E, 0x58, 0x0D, 0x1E, 0x58, 0x0D, 0x1E, 0x58, 0x0D, 0x1E, 0x58, 0x0D, 0x1E, 0x58, 0x0E, 0x1E, 0x58, 
        0x0E, 0x1E, 0x58, 0x0E, 0x1E, 0x57, 0x0E, 0x1E, 0x57, 0x0D, 0x1E, 0x57, 0x0D, 0x1E, 0x57, 0x0D, 0x1E, 0x57, 0x0D, 0x1E, 0x58, 0x0D, 0x1E, 0x58, 0x0E, 0x1E, 0x58, 0x0E, 0x1E, 0x58, 0x0E, 0x1E, 0x58, 0x0E, 0x1E, 0x58, 0x0E, 0x1F, 0x59, 
        0x0E, 0x1F, 0x59, 0x0E, 0x1F, 0x59, 0x0E, 0x1F, 0x59, 0x0F, 0x20, 0x5A, 0x0E, 0x20, 0x5A, 0x0E, 0x1F, 0x5A, 0x0E, 0x1F, 0x5A, 0x0E, 0x1F, 0x59, 0x0F, 0x21, 0x5B, 0x10, 0x23, 0x5C, 0x0F, 0x21, 0x5A, 0x0E, 0x1F, 0x59, 0x0E, 0x1F, 0x59, 
        0x0E, 0x1F, 0x59, 0x0E, 0x20, 0x5A, 0x0E, 0x1F, 0x59, 0x0E, 0x1F, 0x59, 0x0E, 0x20, 0x5B, 0x0F, 0x20, 0x5B, 0x0F, 0x20, 0x5B, 0x0F, 0x21, 0x5B, 0x0F, 0x21, 0x5B, 0x0F, 0x21, 0x5C, 0x10, 0x22, 0x5C, 0x10, 0x22, 0x5D, 0x10, 0x23, 0x5D, 
        0x11, 0x24, 0x5E, 0x11, 0x25, 0x5F, 0x11, 0x25, 0x5F, 0x13, 0x28, 0x61, 0x16, 0x2C, 0x63, 0x15, 0x2B, 0x62, 0x13, 0x29, 0x62, 0x14, 0x29, 0x62, 0x15, 0x2B, 0x63, 0x16, 0x2C, 0x63, 0x16, 0x2D, 0x63, 0x18, 0x2E, 0x64, 0x1A, 0x30, 0x64, 
        0x19, 0x30, 0x64, 0x19, 0x30, 0x65, 0x1A, 0x30, 0x65, 0x1A, 0x30, 0x65, 0x1B, 0x31, 0x65, 0x1B, 0x31, 0x65, 0x1A, 0x30, 0x64, 0x19, 0x30, 0x64, 0x19, 0x2F, 0x64, 0x18, 0x2E, 0x63, 0x18, 0x2E, 0x63, 0x18, 0x2E, 0x63, 0x17, 0x2D, 0x63, 
        0x16, 0x2D, 0x63, 0x16, 0x2C, 0x62, 0x15, 0x2B, 0x62, 0x15, 0x2B, 0x62, 0x15, 0x2A, 0x62, 0x15, 0x2B, 0x62, 0x16, 0x2C, 0x62, 0x15, 0x2A, 0x61, 0x15, 0x2B, 0x62, 0x15, 0x2B, 0x62, 0x14, 0x2A, 0x61, 0x14, 0x2A, 0x61, 0x14, 0x29, 0x61, 
        0x14, 0x29, 0x61, 0x14, 0x29, 0x61, 0x14, 0x2C, 0x64,
  0x60, 0x93, 0xD6, 0x1B, 0x33, 0x6B, 0x19, 0x2E, 0x64, 0x18, 0x2D, 0x64, 0x18, 0x2D, 0x64, 0x18, 0x2D, 0x63, 0x18, 0x2D, 0x63, 0x18, 0x2D, 0x64, 0x19, 0x2D, 0x64, 0x19, 0x2E, 0x64, 0x18, 0x2D, 0x64, 0x19, 0x2E, 0x64, 0x19, 0x2E, 0x64, 0x18, 0x2D, 0x64, 
        0x14, 0x28, 0x62, 0x13, 0x26, 0x61, 0x13, 0x27, 0x61, 0x12, 0x26, 0x60, 0x12, 0x25, 0x60, 0x11, 0x23, 0x5E, 0x11, 0x24, 0x5F, 0x11, 0x23, 0x5E, 0x10, 0x23, 0x5E, 0x10, 0x22, 0x5D, 0x0F, 0x21, 0x5C, 0x0F, 0x21, 0x5C, 0x0F, 0x21, 0x5C, 
        0x0F, 0x20, 0x5B, 0x0F, 0x21, 0x5C, 0x0F, 0x20, 0x5B, 0x0E, 0x1F, 0x5B, 0x0E, 0x1F, 0x5A, 0x0F, 0x20, 0x5B, 0x0E, 0x1F, 0x5A, 0x0E, 0x1F, 0x5A, 0x0E, 0x20, 0x5A, 0x0E, 0x1F, 0x5B, 0x0F, 0x20, 0x5B, 0x0E, 0x20, 0x5B, 0x0E, 0x20, 0x5B, 
        0x0E, 0x1F, 0x5A, 0x0E, 0x1F, 0x5A, 0x0E, 0x20, 0x5A, 0x0E, 0x20, 0x5B, 0x0E, 0x20, 0x5B, 0x0E, 0x20, 0x5A, 0x0E, 0x20, 0x5A, 0x0E, 0x20, 0x5A, 0x0E, 0x1F, 0x5A, 0x0F, 0x20, 0x5B, 0x0E, 0x1F, 0x5A, 0x0E, 0x1F, 0x5A, 0x0E, 0x1F, 0x5A, 
        0x0E, 0x1F, 0x5A, 0x0E, 0x20, 0x5A, 0x0E, 0x1F, 0x5A, 0x0E, 0x1F, 0x5A, 0x0E, 0x20, 0x5A, 0x0E, 0x1F, 0x5A, 0x0E, 0x1F, 0x5A, 0x0E, 0x20, 0x5A, 0x0E, 0x1F, 0x5A, 0x0E, 0x1E, 0x59, 0x0E, 0x1F, 0x5A, 0x0E, 0x1F, 0x5A, 0x0E, 0x1E, 0x59, 
        0x0E, 0x1F, 0x59, 0x0E, 0x1F, 0x59, 0x0E, 0x1F, 0x59, 0x0E, 0x1F, 0x59, 0x0E, 0x1F, 0x59, 0x0E, 0x1F, 0x59, 0x0E, 0x1F, 0x5A, 0x0E, 0x1F, 0x59, 0x0D, 0x1F, 0x59, 0x0D, 0x1F, 0x59, 0x0E, 0x1F, 0x59, 0x0E, 0x1F, 0x59, 0x0E, 0x1F, 0x59, 
        0x0E, 0x1F, 0x59, 0x0E, 0x1F, 0x59, 0x0D, 0x1F, 0x59, 0x0D, 0x1E, 0x59, 0x0D, 0x1E, 0x59, 0x0D, 0x1E, 0x59, 0x0D, 0x1F, 0x59, 0x0E, 0x1F, 0x59, 0x0E, 0x1F, 0x5A, 0x0E, 0x1F, 0x5A, 0x0E, 0x1F, 0x5A, 0x0E, 0x1F, 0x5A, 0x0E, 0x1F, 0x5A, 
        0x0E, 0x1F, 0x5A, 0x0E, 0x1F, 0x5A, 0x0E, 0x20, 0x5B, 0x0E, 0x21, 0x5C, 0x0F, 0x21, 0x5C, 0x0E, 0x21, 0x5C, 0x0E, 0x20, 0x5B, 0x0E, 0x20, 0x5B, 0x0F, 0x22, 0x5C, 0x10, 0x23, 0x5D, 0x0E, 0x21, 0x5B, 0x0E, 0x20, 0x5B, 0x0E, 0x20, 0x5B, 
        0x0E, 0x20, 0x5B, 0x0E, 0x20, 0x5B, 0x0E, 0x21, 0x5B, 0x0F, 0x21, 0x5C, 0x0E, 0x21, 0x5C, 0x0F, 0x21, 0x5C, 0x0F, 0x21, 0x5D, 0x0F, 0x22, 0x5D, 0x0F, 0x22, 0x5D, 0x0F, 0x23, 0x5E, 0x10, 0x23, 0x5E, 0x10, 0x24, 0x5F, 0x10, 0x24, 0x5F, 
        0x11, 0x25, 0x60, 0x11, 0x26, 0x60, 0x12, 0x26, 0x61, 0x12, 0x28, 0x62, 0x14, 0x2A, 0x63, 0x14, 0x2A, 0x63, 0x14, 0x2A, 0x64, 0x15, 0x2B, 0x64, 0x15, 0x2D, 0x65, 0x16, 0x2E, 0x65, 0x17, 0x2E, 0x65, 0x18, 0x2F, 0x66, 0x18, 0x30, 0x66, 
        0x19, 0x31, 0x66, 0x1A, 0x31, 0x66, 0x1A, 0x31, 0x66, 0x1B, 0x32, 0x67, 0x1B, 0x32, 0x67, 0x1A, 0x32, 0x66, 0x19, 0x30, 0x66, 0x19, 0x30, 0x65, 0x19, 0x30, 0x65, 0x18, 0x2F, 0x65, 0x18, 0x2F, 0x65, 0x18, 0x2F, 0x65, 0x17, 0x2E, 0x64, 
        0x16, 0x2D, 0x64, 0x16, 0x2D, 0x64, 0x17, 0x2E, 0x64, 0x17, 0x2E, 0x64, 0x16, 0x2C, 0x64, 0x15, 0x2C, 0x64, 0x15, 0x2C, 0x64, 0x15, 0x2B, 0x63, 0x15, 0x2B, 0x63, 0x15, 0x2B, 0x63, 0x15, 0x2B, 0x63, 0x15, 0x2B, 0x63, 0x14, 0x2B, 0x63, 
        0x14, 0x2B, 0x63, 0x14, 0x2A, 0x63, 0x14, 0x2D, 0x65,
  0x64, 0x95, 0xD6, 0x1B, 0x34, 0x6D, 0x18, 0x2E, 0x65, 0x18, 0x2E, 0x65, 0x19, 0x2F, 0x65, 0x1A, 0x2F, 0x66, 0x19, 0x2E, 0x65, 0x19, 0x2E, 0x65, 0x19, 0x2E, 0x65, 0x18, 0x2E, 0x65, 0x18, 0x2E, 0x65, 0x1A, 0x2F, 0x66, 0x18, 0x2E, 0x65, 0x16, 0x2A, 0x64, 
        0x12, 0x25, 0x61, 0x12, 0x25, 0x61, 0x13, 0x28, 0x63, 0x13, 0x27, 0x62, 0x10, 0x24, 0x5F, 0x11, 0x24, 0x60, 0x11, 0x24, 0x60, 0x10, 0x23, 0x5F, 0x10, 0x23, 0x5F, 0x0F, 0x22, 0x5E, 0x0F, 0x22, 0x5E, 0x0F, 0x21, 0x5D, 0x0E, 0x20, 0x5C, 
        0x0F, 0x21, 0x5E, 0x0F, 0x22, 0x5E, 0x0F, 0x21, 0x5D, 0x0F, 0x21, 0x5C, 0x0F, 0x21, 0x5C, 0x0E, 0x21, 0x5C, 0x0E, 0x20, 0x5B, 0x0E, 0x20, 0x5C, 0x0E, 0x20, 0x5C, 0x0E, 0x20, 0x5C, 0x0F, 0x21, 0x5C, 0x0E, 0x20, 0x5C, 0x0E, 0x20, 0x5C, 
        0x0E, 0x20, 0x5B, 0x0E, 0x20, 0x5B, 0x0E, 0x20, 0x5B, 0x0E, 0x20, 0x5C, 0x0E, 0x20, 0x5B, 0x0E, 0x20, 0x5B, 0x0E, 0x20, 0x5C, 0x0E, 0x20, 0x5B, 0x0E, 0x20, 0x5C, 0x0E, 0x20, 0x5B, 0x0E, 0x1F, 0x5B, 0x0E, 0x21, 0x5C, 0x0E, 0x20, 0x5C, 
        0x0E, 0x20, 0x5B, 0x0E, 0x20, 0x5C, 0x0E, 0x20, 0x5C, 0x0E, 0x20, 0x5C, 0x0F, 0x21, 0x5C, 0x0E, 0x20, 0x5C, 0x0E, 0x20, 0x5B, 0x0E, 0x20, 0x5C, 0x0E, 0x1F, 0x5B, 0x0E, 0x1F, 0x5B, 0x0E, 0x20, 0x5B, 0x0E, 0x20, 0x5C, 0x0E, 0x20, 0x5B, 
        0x0E, 0x20, 0x5B, 0x0E, 0x20, 0x5B, 0x0E, 0x20, 0x5B, 0x0E, 0x20, 0x5B, 0x0E, 0x20, 0x5B, 0x0E, 0x20, 0x5B, 0x0E, 0x20, 0x5B, 0x0E, 0x20, 0x5C, 0x0E, 0x20, 0x5B, 0x2A, 0x39, 0x6E, 0x7C, 0x86, 0xA6, 0x1E, 0x2F, 0x67, 0x0E, 0x20, 0x5B, 
        0x0E, 0x1F, 0x5B, 0x0E, 0x1F, 0x5A, 0x0D, 0x1F, 0x5A, 0x1E, 0x2E, 0x65, 0x7C, 0x86, 0xA5, 0x2A, 0x39, 0x6D, 0x0D, 0x20, 0x5B, 0x0E, 0x20, 0x5B, 0x0E, 0x20, 0x5B, 0x0E, 0x20, 0x5B, 0x0E, 0x20, 0x5B, 0x0E, 0x20, 0x5B, 0x0E, 0x20, 0x5C, 
        0x0E, 0x21, 0x5C, 0x0E, 0x20, 0x5C, 0x0E, 0x20, 0x5C, 0x0E, 0x21, 0x5D, 0x0E, 0x21, 0x5D, 0x0E, 0x21, 0x5D, 0x0E, 0x21, 0x5D, 0x0F, 0x22, 0x5E, 0x0E, 0x21, 0x5D, 0x0E, 0x21, 0x5C, 0x0E, 0x21, 0x5C, 0x0E, 0x21, 0x5D, 0x0E, 0x21, 0x5D, 
        0x0E, 0x21, 0x5D, 0x0E, 0x20, 0x5C, 0x0E, 0x22, 0x5D, 0x0F, 0x22, 0x5E, 0x0F, 0x22, 0x5E, 0x0F, 0x23, 0x5F, 0x0F, 0x22, 0x5F, 0x0F, 0x23, 0x5F, 0x0F, 0x23, 0x60, 0x10, 0x24, 0x60, 0x10, 0x24, 0x60, 0x10, 0x25, 0x61, 0x11, 0x26, 0x62, 
        0x11, 0x26, 0x62, 0x12, 0x27, 0x63, 0x12, 0x28, 0x63, 0x12, 0x28, 0x64, 0x13, 0x29, 0x64, 0x14, 0x2B, 0x65, 0x14, 0x2C, 0x65, 0x15, 0x2D, 0x66, 0x16, 0x2E, 0x66, 0x17, 0x2F, 0x67, 0x18, 0x30, 0x67, 0x18, 0x31, 0x67, 0x19, 0x31, 0x67, 
        0x1A, 0x31, 0x68, 0x1A, 0x32, 0x68, 0x1B, 0x32, 0x68, 0x1A, 0x32, 0x68, 0x1A, 0x32, 0x68, 0x19, 0x31, 0x67, 0x19, 0x31, 0x67, 0x19, 0x31, 0x67, 0x18, 0x30, 0x67, 0x18, 0x30, 0x67, 0x18, 0x2F, 0x66, 0x17, 0x2F, 0x66, 0x17, 0x2F, 0x66, 
        0x17, 0x2F, 0x66, 0x16, 0x2E, 0x66, 0x17, 0x2E, 0x66, 0x17, 0x2F, 0x66, 0x16, 0x2E, 0x65, 0x15, 0x2D, 0x65, 0x15, 0x2C, 0x65, 0x15, 0x2C, 0x65, 0x15, 0x2C, 0x65, 0x15, 0x2C, 0x65, 0x15, 0x2C, 0x65, 0x15, 0x2C, 0x65, 0x15, 0x2C, 0x65, 
        0x14, 0x2C, 0x65, 0x14, 0x2B, 0x64, 0x14, 0x2E, 0x67,
  0x66, 0x96, 0xD7, 0x1C, 0x35, 0x6E, 0x19, 0x2F, 0x66, 0x19, 0x2F, 0x66, 0x1A, 0x30, 0x66, 0x1A, 0x30, 0x67, 0x1A, 0x2F, 0x66, 0x18, 0x2F, 0x66, 0x1A, 0x30, 0x66, 0x1B, 0x31, 0x67, 0x1A, 0x30, 0x67, 0x17, 0x2E, 0x66, 0x15, 0x2A, 0x64, 0x13, 0x27, 0x62, 
        0x11, 0x26, 0x61, 0x12, 0x27, 0x62, 0x12, 0x27, 0x62, 0x12, 0x26, 0x62, 0x10, 0x23, 0x5F, 0x10, 0x23, 0x5F, 0x0F, 0x23, 0x5F, 0x10, 0x23, 0x5F, 0x10, 0x23, 0x5F, 0x10, 0x23, 0x5F, 0x10, 0x23, 0x5F, 0x0F, 0x23, 0x5E, 0x0F, 0x21, 0x5D, 
        0x0F, 0x22, 0x5D, 0x0F, 0x21, 0x5D, 0x0F, 0x21, 0x5D, 0x0E, 0x21, 0x5D, 0x0F, 0x21, 0x5D, 0x0E, 0x21, 0x5D, 0x0E, 0x21, 0x5C, 0x0E, 0x21, 0x5D, 0x0E, 0x21, 0x5C, 0x0E, 0x20, 0x5C, 0x0E, 0x21, 0x5C, 0x0E, 0x21, 0x5C, 0x0E, 0x21, 0x5D, 
        0x0E, 0x21, 0x5C, 0x0E, 0x20, 0x5C, 0x0E, 0x20, 0x5C, 0x0E, 0x21, 0x5C, 0x0E, 0x21, 0x5C, 0x0E, 0x21, 0x5C, 0x0E, 0x21, 0x5C, 0x0E, 0x21, 0x5C, 0x0E, 0x21, 0x5C, 0x0E, 0x21, 0x5C, 0x0E, 0x21, 0x5C, 0x0E, 0x21, 0x5D, 0x0E, 0x21, 0x5D, 
        0x0E, 0x21, 0x5C, 0x0E, 0x21, 0x5C, 0x0E, 0x21, 0x5C, 0x0E, 0x21, 0x5D, 0x0F, 0x22, 0x5D, 0x0E, 0x21, 0x5D, 0x0E, 0x21, 0x5C, 0x0E, 0x20, 0x5B, 0x0E, 0x20, 0x5C, 0x0E, 0x21, 0x5C, 0x0E, 0x21, 0x5C, 0x0E, 0x21, 0x5C, 0x0E, 0x21, 0x5C, 
        0x0E, 0x21, 0x5C, 0x0E, 0x21, 0x5C, 0x0E, 0x21, 0x5C, 0x0E, 0x21, 0x5C, 0x0E, 0x21, 0x5C, 0x0E, 0x21, 0x5C, 0x0E, 0x21, 0x5D, 0x1E, 0x30, 0x67, 0xA0, 0xA7, 0xBE, 0xFB, 0xFB, 0xFD, 0xFF, 0xFF, 0xFF, 0x79, 0x84, 0xA4, 0x0E, 0x20, 0x5B, 
        0x0D, 0x20, 0x5B, 0x0D, 0x20, 0x5B, 0x0E, 0x20, 0x5B, 0x77, 0x82, 0xA3, 0xFF, 0xFF, 0xFF, 0xFB, 0xFB, 0xFD, 0x9F, 0xA6, 0xBE, 0x1E, 0x30, 0x67, 0x0E, 0x21, 0x5C, 0x0E, 0x21, 0x5C, 0x0E, 0x21, 0x5C, 0x0E, 0x21, 0x5C, 0x0E, 0x21, 0x5D, 
        0x0E, 0x21, 0x5D, 0x0E, 0x21, 0x5D, 0x0E, 0x22, 0x5E, 0x0E, 0x21, 0x5E, 0x0E, 0x21, 0x5E, 0x0E, 0x22, 0x5E, 0x0E, 0x22, 0x5E, 0x0F, 0x23, 0x5F, 0x0E, 0x22, 0x5E, 0x0E, 0x22, 0x5E, 0x0E, 0x22, 0x5D, 0x0E, 0x22, 0x5D, 0x0E, 0x22, 0x5D, 
        0x0F, 0x23, 0x5E, 0x12, 0x28, 0x63, 0x0F, 0x24, 0x60, 0x0E, 0x22, 0x5E, 0x0F, 0x24, 0x60, 0x0F, 0x24, 0x60, 0x0F, 0x24, 0x60, 0x0F, 0x24, 0x60, 0x10, 0x24, 0x61, 0x10, 0x25, 0x61, 0x11, 0x26, 0x62, 0x11, 0x26, 0x62, 0x11, 0x27, 0x62, 
        0x11, 0x27, 0x63, 0x12, 0x28, 0x64, 0x13, 0x2A, 0x64, 0x13, 0x2A, 0x65, 0x14, 0x2B, 0x66, 0x14, 0x2C, 0x66, 0x15, 0x2D, 0x66, 0x16, 0x2F, 0x67, 0x17, 0x2F, 0x67, 0x17, 0x30, 0x68, 0x18, 0x31, 0x68, 0x19, 0x32, 0x68, 0x1A, 0x33, 0x69, 
        0x1B, 0x33, 0x69, 0x1B, 0x34, 0x69, 0x1B, 0x34, 0x69, 0x1B, 0x34, 0x69, 0x1A, 0x33, 0x68, 0x19, 0x32, 0x68, 0x1C, 0x34, 0x69, 0x1B, 0x33, 0x69, 0x18, 0x31, 0x67, 0x18, 0x30, 0x67, 0x18, 0x30, 0x67, 0x17, 0x2F, 0x67, 0x17, 0x2F, 0x66, 
        0x17, 0x2F, 0x67, 0x16, 0x2E, 0x66, 0x15, 0x2D, 0x66, 0x16, 0x2E, 0x66, 0x15, 0x2D, 0x66, 0x15, 0x2D, 0x66, 0x15, 0x2D, 0x66, 0x15, 0x2D, 0x66, 0x15, 0x2D, 0x65, 0x15, 0x2D, 0x65, 0x15, 0x2D, 0x65, 0x15, 0x2C, 0x65, 0x15, 0x2C, 0x65, 
        0x15, 0x2C, 0x65, 0x14, 0x2C, 0x65, 0x14, 0x2E, 0x67,
  0x65, 0x94, 0xD6, 0x1C, 0x34, 0x6F, 0x19, 0x2F, 0x68, 0x19, 0x2F, 0x68, 0x19, 0x2F, 0x68, 0x19, 0x2F, 0x68, 0x18, 0x2E, 0x67, 0x19, 0x2F, 0x68, 0x1E, 0x35, 0x6A, 0x22, 0x38, 0x6B, 0x1B, 0x32, 0x69, 0x15, 0x2C, 0x66, 0x13, 0x29, 0x65, 0x12, 0x27, 0x64, 
        0x14, 0x29, 0x65, 0x13, 0x28, 0x64, 0x11, 0x24, 0x62, 0x10, 0x24, 0x61, 0x11, 0x24, 0x62, 0x10, 0x23, 0x60, 0x10, 0x23, 0x60, 0x10, 0x22, 0x60, 0x0F, 0x22, 0x60, 0x10, 0x23, 0x60, 0x0F, 0x22, 0x5F, 0x0F, 0x21, 0x5E, 0x0F, 0x22, 0x5F, 
        0x0F, 0x22, 0x5F, 0x0F, 0x21, 0x5F, 0x0F, 0x22, 0x5F, 0x0E, 0x21, 0x5E, 0x0E, 0x20, 0x5D, 0x0F, 0x22, 0x5F, 0x0E, 0x21, 0x5E, 0x0E, 0x21, 0x5E, 0x0E, 0x21, 0x5E, 0x0E, 0x21, 0x5E, 0x0E, 0x21, 0x5E, 0x0E, 0x20, 0x5E, 0x0E, 0x21, 0x5E, 
        0x0E, 0x21, 0x5E, 0x0E, 0x21, 0x5E, 0x0E, 0x21, 0x5E, 0x0E, 0x21, 0x5D, 0x0E, 0x21, 0x5D, 0x0E, 0x21, 0x5D, 0x0E, 0x21, 0x5E, 0x0E, 0x20, 0x5D, 0x0E, 0x21, 0x5D, 0x0E, 0x21, 0x5D, 0x0E, 0x21, 0x5E, 0x0E, 0x20, 0x5E, 0x0E, 0x21, 0x5E, 
        0x0E, 0x21, 0x5E, 0x0E, 0x20, 0x5E, 0x0E, 0x20, 0x5E, 0x0F, 0x22, 0x5F, 0x0E, 0x21, 0x5F, 0x0E, 0x21, 0x5E, 0x0E, 0x21, 0x5E, 0x0E, 0x21, 0x5D, 0x0E, 0x20, 0x5D, 0x0E, 0x21, 0x5D, 0x0E, 0x21, 0x5D, 0x0E, 0x21, 0x5D, 0x0E, 0x21, 0x5E, 
        0x0E, 0x21, 0x5E, 0x0E, 0x21, 0x5E, 0x0E, 0x21, 0x5E, 0x0E, 0x21, 0x5E, 0x0E, 0x21, 0x5E, 0x0E, 0x21, 0x5E, 0x0E, 0x21, 0x5E, 0x1F, 0x30, 0x68, 0xFF, 0xFF, 0xFF, 0xFF, 0xFF, 0xFF, 0xFF, 0xFF, 0xFF, 0xF9, 0xFA, 0xFC, 0x76, 0x81, 0xA3, 
        0x1E, 0x2F, 0x68, 0x1E, 0x2F, 0x68, 0x76, 0x81, 0xA4, 0xF9, 0xFA, 0xFC, 0xFF, 0xFF, 0xFF, 0xFF, 0xFF, 0xFF, 0xFF, 0xFF, 0xFF, 0x1F, 0x31, 0x69, 0x0E, 0x21, 0x5E, 0x0E, 0x21, 0x5E, 0x0E, 0x21, 0x5E, 0x0E, 0x21, 0x5E, 0x0E, 0x21, 0x5E, 
        0x0E, 0x21, 0x5E, 0x0E, 0x21, 0x5F, 0x0E, 0x22, 0x5F, 0x0E, 0x21, 0x5F, 0x0E, 0x21, 0x5F, 0x0F, 0x22, 0x60, 0x0E, 0x21, 0x5F, 0x0F, 0x22, 0x60, 0x0F, 0x23, 0x60, 0x10, 0x25, 0x62, 0x0F, 0x23, 0x61, 0x0E, 0x21, 0x5F, 0x0E, 0x22, 0x5F, 
        0x0F, 0x23, 0x60, 0x13, 0x29, 0x65, 0x10, 0x25, 0x62, 0x0F, 0x23, 0x60, 0x0F, 0x24, 0x62, 0x0F, 0x24, 0x62, 0x0F, 0x24, 0x62, 0x10, 0x25, 0x62, 0x10, 0x25, 0x63, 0x11, 0x25, 0x63, 0x11, 0x26, 0x64, 0x11, 0x27, 0x64, 0x11, 0x27, 0x64, 
        0x12, 0x28, 0x65, 0x12, 0x29, 0x66, 0x13, 0x2A, 0x66, 0x14, 0x2B, 0x67, 0x14, 0x2C, 0x68, 0x15, 0x2D, 0x68, 0x16, 0x2E, 0x68, 0x17, 0x2F, 0x69, 0x17, 0x30, 0x69, 0x18, 0x31, 0x69, 0x1A, 0x32, 0x6A, 0x1A, 0x32, 0x6A, 0x1B, 0x33, 0x6B, 
        0x1B, 0x33, 0x6B, 0x1B, 0x34, 0x6A, 0x1C, 0x34, 0x6A, 0x1C, 0x34, 0x6A, 0x1B, 0x33, 0x6A, 0x19, 0x32, 0x6A, 0x1B, 0x33, 0x6A, 0x1B, 0x33, 0x6A, 0x18, 0x30, 0x69, 0x18, 0x30, 0x69, 0x17, 0x30, 0x68, 0x17, 0x30, 0x68, 0x17, 0x2F, 0x68, 
        0x17, 0x2F, 0x68, 0x16, 0x2F, 0x68, 0x16, 0x2E, 0x67, 0x16, 0x2E, 0x68, 0x16, 0x2E, 0x68, 0x15, 0x2D, 0x67, 0x15, 0x2D, 0x67, 0x16, 0x2E, 0x68, 0x15, 0x2D, 0x67, 0x15, 0x2D, 0x67, 0x15, 0x2D, 0x67, 0x15, 0x2D, 0x67, 0x15, 0x2C, 0x67, 
        0x15, 0x2C, 0x67, 0x15, 0x2C, 0x67, 0x14, 0x2E, 0x69,
  0x67, 0x97, 0xD6, 0x1D, 0x36, 0x71, 0x1A, 0x30, 0x69, 0x1A, 0x30, 0x69, 0x19, 0x30, 0x69, 0x19, 0x30, 0x69, 0x18, 0x2F, 0x69, 0x1B, 0x32, 0x6A, 0x23, 0x39, 0x6D, 0x21, 0x38, 0x6D, 0x17, 0x2F, 0x69, 0x14, 0x2B, 0x67, 0x14, 0x2B, 0x67, 0x13, 0x2A, 0x67, 
        0x13, 0x29, 0x66, 0x12, 0x27, 0x65, 0x11, 0x25, 0x63, 0x11, 0x26, 0x63, 0x11, 0x26, 0x64, 0x0F, 0x22, 0x61, 0x10, 0x24, 0x62, 0x10, 0x24, 0x63, 0x10, 0x23, 0x62, 0x10, 0x23, 0x62, 0x0F, 0x23, 0x61, 0x0F, 0x22, 0x60, 0x0F, 0x23, 0x61, 
        0x0F, 0x22, 0x60, 0x0F, 0x22, 0x60, 0x0F, 0x22, 0x60, 0x0E, 0x21, 0x5F, 0x0E, 0x20, 0x5E, 0x0F, 0x23, 0x60, 0x0F, 0x22, 0x60, 0x0F, 0x22, 0x60, 0x0E, 0x22, 0x60, 0x0E, 0x21, 0x5F, 0x0E, 0x21, 0x5F, 0x0E, 0x21, 0x5F, 0x0E, 0x22, 0x5F, 
        0x0E, 0x22, 0x5F, 0x0E, 0x22, 0x5F, 0x0E, 0x22, 0x5F, 0x0E, 0x22, 0x5F, 0x0E, 0x21, 0x5F, 0x0E, 0x21, 0x5F, 0x0E, 0x21, 0x5F, 0x0E, 0x21, 0x5F, 0x0E, 0x22, 0x5F, 0x0E, 0x22, 0x5F, 0x0E, 0x21, 0x5F, 0x0E, 0x22, 0x60, 0x0F, 0x22, 0x60, 
        0x0E, 0x21, 0x60, 0x0E, 0x21, 0x5F, 0x0E, 0x22, 0x60, 0x0F, 0x22, 0x60, 0x0E, 0x21, 0x60, 0x0E, 0x21, 0x5F, 0x0E, 0x21, 0x5F, 0x0E, 0x21, 0x5F, 0x0E, 0x21, 0x5F, 0x0E, 0x22, 0x5F, 0x0E, 0x22, 0x5F, 0x0E, 0x22, 0x5F, 0x0E, 0x21, 0x5F, 
        0x0E, 0x22, 0x5F, 0x0E, 0x22, 0x60, 0x0E, 0x22, 0x60, 0x0E, 0x22, 0x60, 0x0E, 0x22, 0x60, 0x0E, 0x21, 0x5F, 0x0E, 0x21, 0x5F, 0x1F, 0x32, 0x6A, 0xFF, 0xFF, 0xFF, 0xFF, 0xFF, 0xFF, 0xFF, 0xFF, 0xFF, 0xFF, 0xFF, 0xFF, 0xFF, 0xFF, 0xFF, 
        0xFF, 0xFF, 0xFF, 0xFF, 0xFF, 0xFF, 0xFF, 0xFF, 0xFF, 0xFF, 0xFF, 0xFF, 0xFF, 0xFF, 0xFF, 0xFF, 0xFF, 0xFF, 0xFF, 0xFF, 0xFF, 0x1F, 0x32, 0x6B, 0x0E, 0x22, 0x60, 0x0E, 0x22, 0x60, 0x0E, 0x22, 0x60, 0x0E, 0x22, 0x60, 0x0E, 0x22, 0x60, 
        0x0E, 0x21, 0x60, 0x0E, 0x22, 0x60, 0x0F, 0x23, 0x61, 0x0E, 0x22, 0x61, 0x0F, 0x23, 0x61, 0x0F, 0x23, 0x61, 0x0E, 0x22, 0x60, 0x0F, 0x24, 0x62, 0x0F, 0x24, 0x62, 0x10, 0x26, 0x64, 0x10, 0x25, 0x63, 0x0E, 0x23, 0x61, 0x0F, 0x23, 0x61, 
        0x0F, 0x23, 0x61, 0x0F, 0x23, 0x61, 0x0F, 0x23, 0x62, 0x0F, 0x25, 0x63, 0x0F, 0x24, 0x62, 0x0F, 0x25, 0x63, 0x10, 0x25, 0x64, 0x10, 0x26, 0x64, 0x11, 0x27, 0x65, 0x11, 0x27, 0x65, 0x11, 0x27, 0x66, 0x12, 0x28, 0x66, 0x12, 0x29, 0x66, 
        0x13, 0x2A, 0x67, 0x13, 0x2B, 0x68, 0x14, 0x2C, 0x69, 0x15, 0x2C, 0x69, 0x15, 0x2D, 0x6A, 0x16, 0x2F, 0x6A, 0x16, 0x30, 0x6A, 0x17, 0x31, 0x6A, 0x18, 0x31, 0x6B, 0x19, 0x33, 0x6B, 0x1A, 0x33, 0x6C, 0x1A, 0x33, 0x6C, 0x1B, 0x35, 0x6C, 
        0x1C, 0x35, 0x6D, 0x1C, 0x35, 0x6C, 0x1B, 0x34, 0x6C, 0x1B, 0x34, 0x6B, 0x1A, 0x33, 0x6B, 0x1A, 0x33, 0x6B, 0x19, 0x32, 0x6B, 0x19, 0x32, 0x6B, 0x18, 0x31, 0x6A, 0x18, 0x32, 0x6A, 0x17, 0x30, 0x6A, 0x17, 0x30, 0x6A, 0x17, 0x30, 0x6A, 
        0x16, 0x2F, 0x6A, 0x16, 0x2F, 0x69, 0x16, 0x2F, 0x69, 0x16, 0x2F, 0x69, 0x16, 0x2E, 0x69, 0x16, 0x2E, 0x69, 0x16, 0x2E, 0x69, 0x16, 0x2F, 0x69, 0x16, 0x2E, 0x69, 0x15, 0x2D, 0x69, 0x15, 0x2D, 0x69, 0x15, 0x2D, 0x69, 0x15, 0x2D, 0x69, 
        0x15, 0x2D, 0x68, 0x15, 0x2D, 0x69, 0x14, 0x2F, 0x6A,
  0x65, 0x96, 0xD6, 0x1D, 0x37, 0x72, 0x1A, 0x30, 0x6A, 0x19, 0x30, 0x6A, 0x19, 0x30, 0x6A, 0x19, 0x31, 0x6A, 0x19, 0x31, 0x6A, 0x1A, 0x32, 0x6B, 0x1D, 0x34, 0x6D, 0x18, 0x30, 0x6B, 0x14, 0x2B, 0x68, 0x13, 0x2A, 0x68, 0x12, 0x29, 0x67, 0x12, 0x28, 0x66, 
        0x11, 0x26, 0x65, 0x11, 0x27, 0x66, 0x10, 0x25, 0x64, 0x10, 0x25, 0x64, 0x10, 0x25, 0x64, 0x0F, 0x23, 0x63, 0x10, 0x24, 0x63, 0x10, 0x25, 0x64, 0x10, 0x24, 0x63, 0x10, 0x24, 0x63, 0x10, 0x24, 0x63, 0x0F, 0x23, 0x63, 0x0F, 0x23, 0x62, 
        0x0F, 0x23, 0x61, 0x0F, 0x23, 0x61, 0x0F, 0x23, 0x61, 0x0F, 0x23, 0x61, 0x0E, 0x22, 0x61, 0x0E, 0x22, 0x61, 0x0E, 0x22, 0x61, 0x0E, 0x22, 0x61, 0x0E, 0x22, 0x61, 0x0E, 0x22, 0x60, 0x0E, 0x22, 0x61, 0x0E, 0x22, 0x61, 0x0E, 0x22, 0x60, 
        0x0E, 0x22, 0x60, 0x0E, 0x22, 0x60, 0x0E, 0x22, 0x60, 0x0E, 0x22, 0x60, 0x0E, 0x22, 0x60, 0x0E, 0x22, 0x61, 0x0E, 0x22, 0x61, 0x0E, 0x22, 0x61, 0x0E, 0x22, 0x61, 0x0F, 0x23, 0x61, 0x0E, 0x22, 0x61, 0x0F, 0x23, 0x62, 0x0F, 0x23, 0x62, 
        0x0E, 0x22, 0x61, 0x0E, 0x22, 0x61, 0x0E, 0x22, 0x61, 0x0E, 0x22, 0x61, 0x0E, 0x21, 0x60, 0x0E, 0x22, 0x60, 0x0E, 0x22, 0x62, 0x0E, 0x23, 0x62, 0x0E, 0x23, 0x62, 0x0E, 0x23, 0x62, 0x0E, 0x22, 0x61, 0x0E, 0x23, 0x61, 0x0E, 0x22, 0x61, 
        0x0F, 0x23, 0x61, 0x0F, 0x22, 0x61, 0x0F, 0x22, 0x61, 0x0E, 0x22, 0x61, 0x0E, 0x22, 0x61, 0x0F, 0x23, 0x62, 0x0F, 0x23, 0x62, 0x7E, 0x89, 0xAB, 0xFF, 0xFF, 0xFF, 0xFF, 0xFF, 0xFF, 0xFF, 0xFF, 0xFF, 0xFF, 0xFF, 0xFF, 0xFF, 0xFF, 0xFF, 
        0xFF, 0xFF, 0xFF, 0xFF, 0xFF, 0xFF, 0xFF, 0xFF, 0xFF, 0xFF, 0xFF, 0xFF, 0xFF, 0xFF, 0xFF, 0xFF, 0xFF, 0xFF, 0xFF, 0xFF, 0xFF, 0x76, 0x82, 0xA6, 0x0E, 0x22, 0x61, 0x0E, 0x23, 0x61, 0x0E, 0x23, 0x62, 0x0E, 0x23, 0x62, 0x0E, 0x23, 0x62, 
        0x0E, 0x22, 0x61, 0x0E, 0x23, 0x62, 0x0F, 0x24, 0x63, 0x0E, 0x23, 0x62, 0x0F, 0x23, 0x63, 0x0F, 0x24, 0x63, 0x0F, 0x24, 0x63, 0x0F, 0x24, 0x63, 0x0F, 0x24, 0x63, 0x0F, 0x25, 0x64, 0x10, 0x25, 0x65, 0x0E, 0x23, 0x63, 0x0F, 0x23, 0x63, 
        0x0F, 0x25, 0x64, 0x0F, 0x24, 0x63, 0x0F, 0x25, 0x64, 0x0F, 0x25, 0x64, 0x0F, 0x25, 0x64, 0x11, 0x28, 0x67, 0x12, 0x28, 0x67, 0x11, 0x27, 0x66, 0x11, 0x28, 0x66, 0x11, 0x27, 0x66, 0x11, 0x28, 0x67, 0x12, 0x2A, 0x68, 0x13, 0x2A, 0x69, 
        0x13, 0x2B, 0x69, 0x14, 0x2C, 0x6A, 0x15, 0x2D, 0x6B, 0x15, 0x2E, 0x6B, 0x16, 0x2F, 0x6B, 0x17, 0x30, 0x6C, 0x17, 0x31, 0x6C, 0x18, 0x32, 0x6D, 0x18, 0x33, 0x6D, 0x19, 0x34, 0x6D, 0x1A, 0x34, 0x6D, 0x1B, 0x35, 0x6E, 0x1D, 0x37, 0x6E, 
        0x1F, 0x39, 0x6F, 0x1D, 0x37, 0x6E, 0x1B, 0x35, 0x6D, 0x1A, 0x34, 0x6D, 0x1A, 0x34, 0x6D, 0x1A, 0x34, 0x6D, 0x19, 0x33, 0x6C, 0x19, 0x33, 0x6C, 0x18, 0x32, 0x6C, 0x19, 0x32, 0x6C, 0x18, 0x32, 0x6C, 0x17, 0x31, 0x6B, 0x17, 0x31, 0x6B, 
        0x17, 0x30, 0x6B, 0x16, 0x30, 0x6B, 0x16, 0x30, 0x6B, 0x16, 0x2F, 0x6B, 0x16, 0x2F, 0x6B, 0x16, 0x2F, 0x6B, 0x16, 0x2F, 0x6B, 0x15, 0x2F, 0x6B, 0x15, 0x2F, 0x6A, 0x16, 0x2F, 0x6B, 0x17, 0x30, 0x6B, 0x15, 0x2F, 0x6A, 0x15, 0x2E, 0x6A, 
        0x15, 0x2E, 0x6A, 0x15, 0x2E, 0x6A, 0x14, 0x30, 0x6C,
  0x65, 0x96, 0xD4, 0x1C, 0x37, 0x73, 0x1A, 0x32, 0x6C, 0x19, 0x31, 0x6C, 0x19, 0x31, 0x6C, 0x19, 0x32, 0x6C, 0x19, 0x32, 0x6C, 0x17, 0x2F, 0x6B, 0x15, 0x2D, 0x6A, 0x14, 0x2C, 0x6A, 0x13, 0x2A, 0x69, 0x11, 0x28, 0x67, 0x11, 0x26, 0x66, 0x11, 0x27, 0x66, 
        0x11, 0x26, 0x66, 0x11, 0x27, 0x67, 0x10, 0x25, 0x65, 0x10, 0x25, 0x66, 0x10, 0x25, 0x65, 0x0F, 0x24, 0x64, 0x0F, 0x24, 0x64, 0x10, 0x25, 0x65, 0x10, 0x25, 0x65, 0x10, 0x25, 0x65, 0x0F, 0x24, 0x64, 0x0F, 0x24, 0x64, 0x0F, 0x24, 0x64, 
        0x0F, 0x24, 0x63, 0x0F, 0x24, 0x63, 0x0F, 0x24, 0x63, 0x0F, 0x24, 0x63, 0x0F, 0x24, 0x63, 0x0F, 0x24, 0x63, 0x0E, 0x23, 0x63, 0x0E, 0x23, 0x62, 0x0E, 0x23, 0x63, 0x0E, 0x23, 0x62, 0x0E, 0x23, 0x62, 0x0E, 0x23, 0x62, 0x0E, 0x22, 0x62, 
        0x0E, 0x22, 0x61, 0x0E, 0x23, 0x62, 0x0E, 0x23, 0x62, 0x0E, 0x23, 0x62, 0x0E, 0x23, 0x62, 0x0F, 0x23, 0x63, 0x0F, 0x23, 0x63, 0x0E, 0x23, 0x63, 0x0E, 0x23, 0x62, 0x0E, 0x23, 0x62, 0x0E, 0x23, 0x62, 0x0F, 0x23, 0x63, 0x0E, 0x23, 0x63, 
        0x0E, 0x24, 0x63, 0x0E, 0x23, 0x62, 0x0E, 0x23, 0x63, 0x0F, 0x24, 0x63, 0x0E, 0x23, 0x63, 0x0F, 0x24, 0x63, 0x0F, 0x25, 0x64, 0x0F, 0x24, 0x63, 0x0E, 0x23, 0x63, 0x0E, 0x23, 0x63, 0x0E, 0x23, 0x63, 0x0F, 0x24, 0x63, 0x0F, 0x24, 0x63, 
        0x0F, 0x24, 0x63, 0x0F, 0x24, 0x63, 0x0F, 0x25, 0x64, 0x20, 0x33, 0x6F, 0x21, 0x34, 0x6F, 0x20, 0x33, 0x6E, 0x76, 0x82, 0xA6, 0xF9, 0xFA, 0xFC, 0xFF, 0xFF, 0xFF, 0xFF, 0xFF, 0xFF, 0xFF, 0xFF, 0xFF, 0xFF, 0xFF, 0xFF, 0xFF, 0xFF, 0xFF, 
        0xFF, 0xFF, 0xFF, 0xFF, 0xFF, 0xFF, 0xFF, 0xFF, 0xFF, 0xFF, 0xFF, 0xFF, 0xFF, 0xFF, 0xFF, 0xFF, 0xFF, 0xFF, 0xFF, 0xFF, 0xFF, 0xF9, 0xFA, 0xFC, 0x76, 0x82, 0xA6, 0x1E, 0x33, 0x6E, 0x1F, 0x32, 0x6E, 0x1F, 0x33, 0x6E, 0x0E, 0x24, 0x63, 
        0x0E, 0x23, 0x63, 0x0E, 0x23, 0x63, 0x0E, 0x24, 0x64, 0x0F, 0x24, 0x64, 0x0F, 0x25, 0x65, 0x0F, 0x26, 0x65, 0x0F, 0x25, 0x65, 0x0E, 0x24, 0x64, 0x0E, 0x24, 0x64, 0x10, 0x27, 0x66, 0x10, 0x28, 0x67, 0x10, 0x27, 0x67, 0x10, 0x27, 0x67, 
        0x0F, 0x26, 0x66, 0x10, 0x26, 0x66, 0x10, 0x26, 0x66, 0x0F, 0x25, 0x65, 0x12, 0x29, 0x68, 0x17, 0x31, 0x6D, 0x15, 0x2E, 0x6C, 0x11, 0x29, 0x69, 0x11, 0x29, 0x68, 0x14, 0x2D, 0x6B, 0x14, 0x2D, 0x6B, 0x12, 0x2B, 0x6A, 0x13, 0x2B, 0x6B, 
        0x13, 0x2C, 0x6B, 0x14, 0x2D, 0x6B, 0x15, 0x2F, 0x6C, 0x15, 0x2F, 0x6D, 0x17, 0x31, 0x6D, 0x17, 0x32, 0x6E, 0x18, 0x33, 0x6E, 0x18, 0x34, 0x6E, 0x19, 0x35, 0x6F, 0x1A, 0x36, 0x6F, 0x1B, 0x36, 0x6F, 0x1B, 0x36, 0x6F, 0x1D, 0x38, 0x70, 
        0x1E, 0x38, 0x70, 0x1C, 0x37, 0x6F, 0x1B, 0x36, 0x6F, 0x1A, 0x35, 0x6F, 0x1A, 0x35, 0x6E, 0x1A, 0x35, 0x6E, 0x1A, 0x34, 0x6E, 0x19, 0x34, 0x6E, 0x18, 0x33, 0x6E, 0x18, 0x33, 0x6D, 0x18, 0x33, 0x6D, 0x17, 0x32, 0x6D, 0x17, 0x31, 0x6D, 
        0x17, 0x31, 0x6D, 0x17, 0x31, 0x6D, 0x16, 0x31, 0x6D, 0x16, 0x30, 0x6C, 0x16, 0x30, 0x6C, 0x16, 0x31, 0x6D, 0x16, 0x30, 0x6C, 0x16, 0x30, 0x6C, 0x16, 0x30, 0x6C, 0x16, 0x30, 0x6C, 0x17, 0x32, 0x6D, 0x16, 0x30, 0x6C, 0x15, 0x2F, 0x6C, 
        0x15, 0x2F, 0x6C, 0x15, 0x2F, 0x6C, 0x14, 0x30, 0x6D,
  0x68, 0x97, 0xD6, 0x1D, 0x38, 0x74, 0x19, 0x32, 0x6D, 0x19, 0x32, 0x6E, 0x1A, 0x33, 0x6E, 0x1A, 0x33, 0x6E, 0x17, 0x30, 0x6D, 0x16, 0x2E, 0x6C, 0x14, 0x2D, 0x6C, 0x13, 0x2A, 0x6A, 0x11, 0x28, 0x68, 0x11, 0x27, 0x68, 0x11, 0x27, 0x67, 0x11, 0x27, 0x68, 
        0x11, 0x28, 0x68, 0x11, 0x27, 0x68, 0x10, 0x25, 0x66, 0x10, 0x26, 0x67, 0x10, 0x26, 0x67, 0x0F, 0x24, 0x64, 0x0F, 0x24, 0x64, 0x10, 0x25, 0x66, 0x10, 0x25, 0x66, 0x10, 0x25, 0x66, 0x0F, 0x25, 0x65, 0x0F, 0x25, 0x66, 0x0F, 0x25, 0x66, 
        0x0F, 0x24, 0x65, 0x0F, 0x24, 0x65, 0x0F, 0x24, 0x64, 0x0F, 0x24, 0x64, 0x0F, 0x24, 0x65, 0x0F, 0x25, 0x65, 0x0E, 0x24, 0x64, 0x0E, 0x24, 0x64, 0x0F, 0x24, 0x64, 0x0F, 0x24, 0x64, 0x0E, 0x24, 0x64, 0x0E, 0x24, 0x64, 0x0E, 0x23, 0x64, 
        0x0E, 0x23, 0x63, 0x0E, 0x24, 0x63, 0x0E, 0x24, 0x63, 0x0E, 0x24, 0x64, 0x0E, 0x24, 0x64, 0x0E, 0x24, 0x64, 0x0E, 0x24, 0x64, 0x0E, 0x24, 0x64, 0x0E, 0x23, 0x64, 0x0E, 0x23, 0x64, 0x0F, 0x24, 0x65, 0x0F, 0x24, 0x64, 0x0E, 0x24, 0x64, 
        0x0F, 0x24, 0x64, 0x0F, 0x24, 0x65, 0x0F, 0x25, 0x65, 0x0F, 0x25, 0x65, 0x0F, 0x25, 0x65, 0x0F, 0x25, 0x65, 0x0E, 0x24, 0x65, 0x0E, 0x24, 0x64, 0x0F, 0x25, 0x65, 0x0E, 0x24, 0x64, 0x0F, 0x24, 0x64, 0x0F, 0x25, 0x65, 0x0E, 0x24, 0x64, 
        0x0F, 0x26, 0x65, 0x10, 0x26, 0x66, 0x10, 0x26, 0x65, 0xA9, 0xB2, 0xC9, 0xFF, 0xFF, 0xFF, 0xFF, 0xFF, 0xFF, 0xFF, 0xFF, 0xFF, 0xFF, 0xFF, 0xFF, 0xFF, 0xFF, 0xFF, 0xFF, 0xFF, 0xFF, 0xFF, 0xFF, 0xFF, 0xFF, 0xFF, 0xFF, 0xFF, 0xFF, 0xFF, 
        0xFF, 0xFF, 0xFF, 0xFF, 0xFF, 0xFF, 0xFF, 0xFF, 0xFF, 0xFF, 0xFF, 0xFF, 0xFF, 0xFF, 0xFF, 0xFF, 0xFF, 0xFF, 0xFF, 0xFF, 0xFF, 0xFF, 0xFF, 0xFF, 0xFF, 0xFF, 0xFF, 0xFF, 0xFF, 0xFF, 0xFF, 0xFF, 0xFF, 0xA8, 0xB1, 0xC8, 0x0F, 0x25, 0x66, 
        0x0F, 0x25, 0x65, 0x0E, 0x24, 0x65, 0x0E, 0x24, 0x65, 0x0F, 0x25, 0x66, 0x0F, 0x25, 0x67, 0x0F, 0x26, 0x67, 0x0F, 0x25, 0x66, 0x0F, 0x25, 0x66, 0x0F, 0x26, 0x67, 0x0F, 0x27, 0x67, 0x10, 0x28, 0x69, 0x11, 0x29, 0x6A, 0x11, 0x29, 0x69, 
        0x0F, 0x26, 0x67, 0x0F, 0x25, 0x67, 0x0F, 0x26, 0x67, 0x10, 0x28, 0x68, 0x12, 0x2B, 0x6A, 0x16, 0x30, 0x6F, 0x15, 0x2E, 0x6D, 0x11, 0x29, 0x69, 0x13, 0x2C, 0x6B, 0x1C, 0x37, 0x71, 0x1B, 0x36, 0x71, 0x14, 0x2F, 0x6D, 0x13, 0x2D, 0x6D, 
        0x14, 0x2E, 0x6D, 0x15, 0x2F, 0x6E, 0x16, 0x30, 0x6E, 0x17, 0x31, 0x6F, 0x17, 0x32, 0x6F, 0x18, 0x34, 0x6F, 0x18, 0x34, 0x70, 0x19, 0x35, 0x70, 0x1A, 0x36, 0x71, 0x1B, 0x37, 0x71, 0x1C, 0x37, 0x71, 0x1C, 0x38, 0x71, 0x1C, 0x38, 0x71, 
        0x1C, 0x37, 0x71, 0x1B, 0x37, 0x71, 0x1B, 0x37, 0x70, 0x1A, 0x36, 0x70, 0x1A, 0x35, 0x70, 0x1A, 0x35, 0x70, 0x1A, 0x35, 0x6F, 0x1A, 0x35, 0x6F, 0x18, 0x34, 0x6F, 0x18, 0x33, 0x6F, 0x18, 0x33, 0x6F, 0x17, 0x33, 0x6F, 0x17, 0x32, 0x6F, 
        0x17, 0x32, 0x6E, 0x17, 0x32, 0x6E, 0x17, 0x31, 0x6E, 0x16, 0x31, 0x6E, 0x16, 0x31, 0x6E, 0x16, 0x31, 0x6E, 0x16, 0x31, 0x6E, 0x16, 0x31, 0x6E, 0x16, 0x31, 0x6E, 0x15, 0x30, 0x6E, 0x15, 0x30, 0x6D, 0x15, 0x30, 0x6D, 0x15, 0x30, 0x6E, 
        0x15, 0x30, 0x6E, 0x15, 0x30, 0x6E, 0x15, 0x32, 0x6F,
  0x69, 0x97, 0xD6, 0x1E, 0x39, 0x76, 0x1A, 0x33, 0x6F, 0x19, 0x33, 0x6F, 0x19, 0x33, 0x70, 0x17, 0x31, 0x6F, 0x16, 0x2F, 0x6E, 0x15, 0x2D, 0x6D, 0x12, 0x2B, 0x6B, 0x12, 0x2A, 0x6B, 0x11, 0x28, 0x69, 0x11, 0x28, 0x69, 0x12, 0x29, 0x6B, 0x11, 0x29, 0x6A, 
        0x11, 0x28, 0x6A, 0x11, 0x27, 0x69, 0x10, 0x27, 0x68, 0x10, 0x27, 0x68, 0x11, 0x27, 0x68, 0x0F, 0x25, 0x67, 0x0F, 0x25, 0x66, 0x0F, 0x25, 0x67, 0x0F, 0x26, 0x67, 0x0F, 0x26, 0x67, 0x0F, 0x25, 0x67, 0x0F, 0x25, 0x67, 0x0F, 0x25, 0x67, 
        0x0F, 0x25, 0x66, 0x0F, 0x25, 0x66, 0x0F, 0x25, 0x66, 0x0F, 0x25, 0x66, 0x0F, 0x25, 0x66, 0x0F, 0x25, 0x66, 0x0E, 0x25, 0x65, 0x0E, 0x25, 0x66, 0x0F, 0x25, 0x66, 0x0F, 0x25, 0x66, 0x0F, 0x25, 0x66, 0x0E, 0x24, 0x66, 0x0E, 0x24, 0x65, 
        0x0E, 0x24, 0x65, 0x0E, 0x25, 0x65, 0x0E, 0x25, 0x65, 0x0E, 0x25, 0x65, 0x0E, 0x25, 0x65, 0x0E, 0x24, 0x65, 0x0E, 0x24, 0x65, 0x0E, 0x24, 0x66, 0x0E, 0x24, 0x65, 0x0F, 0x25, 0x66, 0x0F, 0x26, 0x67, 0x0F, 0x25, 0x66, 0x0E, 0x24, 0x65, 
        0x0F, 0x25, 0x66, 0x0F, 0x25, 0x66, 0x0E, 0x24, 0x66, 0x0F, 0x25, 0x67, 0x0F, 0x26, 0x67, 0x0F, 0x26, 0x67, 0x0E, 0x24, 0x66, 0x0F, 0x25, 0x66, 0x0F, 0x26, 0x67, 0x0F, 0x25, 0x66, 0x0F, 0x25, 0x66, 0x0F, 0x26, 0x67, 0x0F, 0x26, 0x67, 
        0x10, 0x27, 0x67, 0x0F, 0x25, 0x66, 0x2D, 0x40, 0x79, 0xFB, 0xFB, 0xFD, 0xFF, 0xFF, 0xFF, 0xFF, 0xFF, 0xFF, 0xFF, 0xFF, 0xFF, 0xFF, 0xFF, 0xFF, 0xFF, 0xFF, 0xFF, 0xFF, 0xFF, 0xFF, 0xFF, 0xFF, 0xFF, 0xFF, 0xFF, 0xFF, 0xCC, 0xD0, 0xDE, 
        0x94, 0x9E, 0xBB, 0x94, 0x9E, 0xBB, 0xCC, 0xD0, 0xDE, 0xFF, 0xFF, 0xFF, 0xFF, 0xFF, 0xFF, 0xFF, 0xFF, 0xFF, 0xFF, 0xFF, 0xFF, 0xFF, 0xFF, 0xFF, 0xFF, 0xFF, 0xFF, 0xFF, 0xFF, 0xFF, 0xFF, 0xFF, 0xFF, 0xFC, 0xFC, 0xFE, 0x2C, 0x40, 0x7A, 
        0x0E, 0x25, 0x67, 0x0E, 0x25, 0x67, 0x0E, 0x25, 0x67, 0x0F, 0x26, 0x67, 0x0F, 0x26, 0x68, 0x0F, 0x27, 0x68, 0x0F, 0x27, 0x68, 0x0F, 0x27, 0x69, 0x0F, 0x27, 0x69, 0x0F, 0x27, 0x68, 0x10, 0x28, 0x6A, 0x11, 0x2A, 0x6B, 0x10, 0x28, 0x69, 
        0x10, 0x29, 0x6A, 0x10, 0x28, 0x6A, 0x0F, 0x26, 0x68, 0x10, 0x29, 0x6A, 0x11, 0x2A, 0x6B, 0x12, 0x2B, 0x6C, 0x12, 0x2B, 0x6C, 0x11, 0x29, 0x6B, 0x13, 0x2C, 0x6D, 0x1A, 0x36, 0x72, 0x19, 0x35, 0x72, 0x14, 0x2E, 0x6E, 0x14, 0x2E, 0x6E, 
        0x15, 0x30, 0x6F, 0x15, 0x31, 0x70, 0x16, 0x31, 0x70, 0x17, 0x33, 0x71, 0x18, 0x34, 0x71, 0x18, 0x35, 0x71, 0x19, 0x36, 0x72, 0x1A, 0x36, 0x72, 0x1B, 0x37, 0x72, 0x1B, 0x37, 0x72, 0x1C, 0x38, 0x73, 0x1C, 0x38, 0x73, 0x1C, 0x38, 0x72, 
        0x1C, 0x38, 0x72, 0x1B, 0x37, 0x72, 0x1B, 0x37, 0x72, 0x1A, 0x37, 0x71, 0x1A, 0x36, 0x71, 0x19, 0x35, 0x71, 0x19, 0x35, 0x71, 0x1A, 0x36, 0x71, 0x19, 0x35, 0x71, 0x18, 0x34, 0x70, 0x18, 0x34, 0x70, 0x17, 0x33, 0x70, 0x17, 0x33, 0x70, 
        0x17, 0x33, 0x70, 0x17, 0x33, 0x70, 0x17, 0x32, 0x70, 0x17, 0x32, 0x70, 0x16, 0x32, 0x70, 0x16, 0x32, 0x70, 0x17, 0x32, 0x70, 0x17, 0x33, 0x70, 0x16, 0x32, 0x70, 0x16, 0x31, 0x6F, 0x16, 0x31, 0x6F, 0x15, 0x31, 0x6F, 0x15, 0x31, 0x6F, 
        0x16, 0x31, 0x6F, 0x16, 0x31, 0x6F, 0x15, 0x33, 0x71,
  0x69, 0x96, 0xD6, 0x1D, 0x39, 0x77, 0x1A, 0x33, 0x71, 0x19, 0x33, 0x71, 0x18, 0x31, 0x71, 0x14, 0x2D, 0x6E, 0x14, 0x2C, 0x6E, 0x13, 0x2B, 0x6D, 0x12, 0x2A, 0x6C, 0x13, 0x2B, 0x6D, 0x12, 0x2A, 0x6C, 0x11, 0x28, 0x6B, 0x12, 0x29, 0x6C, 0x11, 0x28, 0x6B, 
        0x11, 0x27, 0x6A, 0x11, 0x27, 0x6A, 0x11, 0x28, 0x6A, 0x10, 0x26, 0x69, 0x10, 0x26, 0x69, 0x0F, 0x26, 0x68, 0x10, 0x26, 0x69, 0x0F, 0x25, 0x68, 0x0F, 0x26, 0x69, 0x0F, 0x25, 0x68, 0x0F, 0x25, 0x68, 0x0F, 0x25, 0x68, 0x0F, 0x25, 0x68, 
        0x0F, 0x25, 0x68, 0x0F, 0x26, 0x68, 0x0F, 0x26, 0x68, 0x0F, 0x25, 0x68, 0x0F, 0x25, 0x68, 0x0F, 0x24, 0x67, 0x0F, 0x25, 0x67, 0x0F, 0x25, 0x67, 0x0F, 0x25, 0x68, 0x0F, 0x25, 0x68, 0x0F, 0x25, 0x68, 0x0E, 0x24, 0x67, 0x0F, 0x24, 0x67, 
        0x0E, 0x24, 0x67, 0x0F, 0x25, 0x67, 0x0F, 0x25, 0x67, 0x0F, 0x25, 0x67, 0x0F, 0x25, 0x67, 0x0F, 0x24, 0x67, 0x0F, 0x25, 0x67, 0x0F, 0x25, 0x67, 0x0F, 0x25, 0x67, 0x0F, 0x25, 0x68, 0x0F, 0x26, 0x68, 0x0F, 0x26, 0x68, 0x0F, 0x25, 0x67, 
        0x0F, 0x25, 0x68, 0x10, 0x27, 0x69, 0x0F, 0x26, 0x69, 0x0F, 0x26, 0x69, 0x10, 0x27, 0x69, 0x0F, 0x26, 0x69, 0x0F, 0x26, 0x68, 0x0F, 0x26, 0x69, 0x0F, 0x25, 0x68, 0x0F, 0x25, 0x68, 0x0F, 0x26, 0x68, 0x10, 0x27, 0x69, 0x10, 0x27, 0x69, 
        0x10, 0x26, 0x69, 0x11, 0x28, 0x6A, 0x82, 0x8E, 0xB1, 0xFF, 0xFF, 0xFF, 0xFF, 0xFF, 0xFF, 0xFF, 0xFF, 0xFF, 0xFF, 0xFF, 0xFF, 0xFF, 0xFF, 0xFF, 0xFF, 0xFF, 0xFF, 0xFF, 0xFF, 0xFF, 0xF1, 0xF3, 0xF6, 0x55, 0x65, 0x94, 0x0F, 0x26, 0x68, 
        0x0F, 0x26, 0x68, 0x0F, 0x26, 0x68, 0x0F, 0x26, 0x68, 0x55, 0x65, 0x94, 0xF1, 0xF3, 0xF6, 0xFF, 0xFF, 0xFF, 0xFF, 0xFF, 0xFF, 0xFF, 0xFF, 0xFF, 0xFF, 0xFF, 0xFF, 0xFF, 0xFF, 0xFF, 0xFF, 0xFF, 0xFF, 0xFF, 0xFF, 0xFF, 0x7F, 0x8A, 0xAF, 
        0x0F, 0x25, 0x68, 0x0F, 0x26, 0x69, 0x0F, 0x27, 0x6A, 0x0F, 0x26, 0x6A, 0x0F, 0x27, 0x6A, 0x0F, 0x27, 0x6A, 0x0F, 0x25, 0x69, 0x0F, 0x26, 0x69, 0x0F, 0x27, 0x6A, 0x0F, 0x27, 0x6A, 0x10, 0x29, 0x6C, 0x10, 0x28, 0x6C, 0x0F, 0x26, 0x6A, 
        0x15, 0x2F, 0x70, 0x1C, 0x37, 0x74, 0x17, 0x32, 0x72, 0x11, 0x2A, 0x6D, 0x10, 0x29, 0x6C, 0x11, 0x29, 0x6C, 0x12, 0x2A, 0x6D, 0x12, 0x2C, 0x6E, 0x12, 0x2B, 0x6E, 0x14, 0x2E, 0x6F, 0x14, 0x2F, 0x70, 0x13, 0x2D, 0x6F, 0x15, 0x30, 0x70, 
        0x1C, 0x38, 0x74, 0x1D, 0x38, 0x74, 0x17, 0x33, 0x72, 0x17, 0x33, 0x72, 0x19, 0x35, 0x73, 0x1A, 0x36, 0x73, 0x1A, 0x36, 0x73, 0x1B, 0x37, 0x74, 0x1B, 0x37, 0x74, 0x1C, 0x38, 0x74, 0x1C, 0x38, 0x74, 0x1C, 0x39, 0x74, 0x1E, 0x39, 0x74, 
        0x1D, 0x39, 0x74, 0x1B, 0x37, 0x73, 0x1B, 0x37, 0x73, 0x1B, 0x36, 0x73, 0x1A, 0x36, 0x73, 0x19, 0x35, 0x73, 0x19, 0x35, 0x73, 0x1A, 0x35, 0x73, 0x19, 0x34, 0x72, 0x18, 0x34, 0x72, 0x18, 0x34, 0x72, 0x17, 0x33, 0x72, 0x17, 0x33, 0x72, 
        0x17, 0x33, 0x72, 0x17, 0x33, 0x71, 0x17, 0x32, 0x71, 0x17, 0x32, 0x71, 0x17, 0x32, 0x71, 0x17, 0x32, 0x72, 0x17, 0x32, 0x71, 0x16, 0x32, 0x71, 0x16, 0x32, 0x71, 0x16, 0x31, 0x71, 0x16, 0x32, 0x71, 0x16, 0x32, 0x71, 0x16, 0x32, 0x71, 
        0x16, 0x32, 0x71, 0x16, 0x31, 0x71, 0x16, 0x33, 0x72,
  0x69, 0x96, 0xD5, 0x1E, 0x3A, 0x79, 0x1A, 0x34, 0x73, 0x17, 0x31, 0x71, 0x15, 0x2F, 0x70, 0x14, 0x2D, 0x6F, 0x13, 0x2C, 0x6F, 0x12, 0x2B, 0x6E, 0x12, 0x2A, 0x6D, 0x11, 0x29, 0x6D, 0x11, 0x29, 0x6C, 0x10, 0x28, 0x6B, 0x10, 0x28, 0x6C, 0x10, 0x27, 0x6B, 
        0x10, 0x27, 0x6B, 0x10, 0x28, 0x6B, 0x10, 0x28, 0x6B, 0x0F, 0x26, 0x6A, 0x0F, 0x26, 0x6A, 0x0F, 0x26, 0x69, 0x10, 0x27, 0x6A, 0x10, 0x27, 0x6B, 0x0F, 0x26, 0x6A, 0x0F, 0x26, 0x69, 0x0F, 0x25, 0x69, 0x0F, 0x25, 0x69, 0x0F, 0x26, 0x69, 
        0x0F, 0x26, 0x69, 0x0F, 0x26, 0x6A, 0x0F, 0x26, 0x69, 0x0E, 0x25, 0x69, 0x0F, 0x25, 0x69, 0x0F, 0x26, 0x69, 0x0F, 0x26, 0x69, 0x0F, 0x26, 0x69, 0x0F, 0x25, 0x69, 0x0F, 0x26, 0x69, 0x0F, 0x25, 0x69, 0x0E, 0x25, 0x69, 0x0F, 0x25, 0x69, 
        0x0E, 0x25, 0x68, 0x0F, 0x25, 0x68, 0x0F, 0x26, 0x69, 0x0F, 0x26, 0x69, 0x0F, 0x26, 0x69, 0x0F, 0x26, 0x69, 0x0F, 0x26, 0x6A, 0x0F, 0x26, 0x69, 0x0F, 0x26, 0x69, 0x0F, 0x26, 0x69, 0x0F, 0x27, 0x6A, 0x0F, 0x27, 0x6A, 0x0F, 0x27, 0x6A, 
        0x0F, 0x26, 0x6A, 0x10, 0x28, 0x6B, 0x10, 0x28, 0x6B, 0x0F, 0x27, 0x6A, 0x0F, 0x25, 0x69, 0x0F, 0x26, 0x6A, 0x0F, 0x27, 0x6A, 0x0F, 0x26, 0x6A, 0x0F, 0x26, 0x69, 0x10, 0x27, 0x6A, 0x10, 0x27, 0x6A, 0x0F, 0x27, 0x6A, 0x11, 0x28, 0x6B, 
        0x16, 0x2D, 0x6F, 0x19, 0x32, 0x72, 0x25, 0x3C, 0x79, 0x7B, 0x88, 0xAD, 0xF9, 0xFA, 0xFC, 0xFF, 0xFF, 0xFF, 0xFF, 0xFF, 0xFF, 0xFF, 0xFF, 0xFF, 0xFF, 0xFF, 0xFF, 0xFF, 0xFF, 0xFF, 0x55, 0x66, 0x95, 0x0F, 0x27, 0x6A, 0x10, 0x28, 0x6B, 
        0x0F, 0x27, 0x6B, 0x0F, 0x26, 0x6A, 0x0F, 0x27, 0x6A, 0x0F, 0x27, 0x6A, 0x54, 0x66, 0x95, 0xFF, 0xFF, 0xFF, 0xFF, 0xFF, 0xFF, 0xFF, 0xFF, 0xFF, 0xFF, 0xFF, 0xFF, 0xFF, 0xFF, 0xFF, 0xF9, 0xFA, 0xFC, 0x7A, 0x87, 0xAD, 0x20, 0x35, 0x74, 
        0x0F, 0x26, 0x6A, 0x0F, 0x27, 0x6B, 0x0F, 0x27, 0x6B, 0x0F, 0x26, 0x6A, 0x0F, 0x27, 0x6B, 0x0F, 0x27, 0x6B, 0x0F, 0x27, 0x6B, 0x0F, 0x27, 0x6B, 0x0F, 0x28, 0x6C, 0x0F, 0x27, 0x6B, 0x0F, 0x28, 0x6C, 0x0F, 0x27, 0x6B, 0x0F, 0x28, 0x6C, 
        0x11, 0x2B, 0x6F, 0x1E, 0x39, 0x76, 0x1F, 0x3A, 0x76, 0x12, 0x2C, 0x6F, 0x11, 0x29, 0x6E, 0x12, 0x2C, 0x6F, 0x12, 0x2B, 0x6F, 0x13, 0x2D, 0x70, 0x13, 0x2D, 0x70, 0x14, 0x2F, 0x71, 0x14, 0x2F, 0x71, 0x15, 0x30, 0x72, 0x19, 0x36, 0x75, 
        0x22, 0x3D, 0x78, 0x21, 0x3C, 0x77, 0x18, 0x35, 0x74, 0x18, 0x35, 0x74, 0x19, 0x36, 0x75, 0x1A, 0x37, 0x75, 0x1B, 0x37, 0x75, 0x1C, 0x38, 0x75, 0x1C, 0x39, 0x76, 0x1C, 0x39, 0x76, 0x1C, 0x39, 0x76, 0x1C, 0x39, 0x76, 0x1E, 0x3A, 0x76, 
        0x1E, 0x3A, 0x76, 0x1B, 0x37, 0x75, 0x1B, 0x37, 0x74, 0x1B, 0x37, 0x74, 0x1A, 0x36, 0x74, 0x1A, 0x36, 0x74, 0x19, 0x36, 0x74, 0x19, 0x36, 0x74, 0x18, 0x35, 0x74, 0x18, 0x35, 0x73, 0x18, 0x35, 0x74, 0x18, 0x34, 0x73, 0x17, 0x34, 0x73, 
        0x17, 0x34, 0x73, 0x17, 0x33, 0x73, 0x17, 0x33, 0x73, 0x17, 0x33, 0x73, 0x17, 0x33, 0x73, 0x16, 0x33, 0x73, 0x16, 0x33, 0x73, 0x16, 0x33, 0x73, 0x16, 0x33, 0x73, 0x16, 0x33, 0x73, 0x16, 0x33, 0x73, 0x16, 0x33, 0x73, 0x16, 0x33, 0x73, 
        0x16, 0x32, 0x72, 0x16, 0x32, 0x72, 0x15, 0x33, 0x74,
  0x6D, 0x98, 0xD5, 0x1E, 0x3B, 0x7C, 0x17, 0x33, 0x75, 0x15, 0x30, 0x73, 0x14, 0x2D, 0x71, 0x13, 0x2C, 0x71, 0x12, 0x2C, 0x70, 0x13, 0x2C, 0x71, 0x12, 0x2A, 0x6F, 0x11, 0x29, 0x6E, 0x10, 0x28, 0x6E, 0x11, 0x29, 0x6E, 0x10, 0x28, 0x6D, 0x10, 0x27, 0x6D, 
        0x10, 0x28, 0x6D, 0x10, 0x28, 0x6D, 0x10, 0x28, 0x6D, 0x10, 0x28, 0x6D, 0x10, 0x28, 0x6D, 0x0F, 0x27, 0x6C, 0x0F, 0x27, 0x6C, 0x10, 0x27, 0x6C, 0x10, 0x27, 0x6C, 0x0F, 0x27, 0x6C, 0x0F, 0x27, 0x6C, 0x10, 0x27, 0x6C, 0x0F, 0x26, 0x6C, 
        0x0F, 0x26, 0x6B, 0x0F, 0x26, 0x6B, 0x0F, 0x27, 0x6C, 0x0F, 0x27, 0x6C, 0x0F, 0x26, 0x6B, 0x0F, 0x26, 0x6C, 0x0F, 0x27, 0x6C, 0x0F, 0x27, 0x6B, 0x0F, 0x27, 0x6B, 0x0F, 0x26, 0x6B, 0x0E, 0x25, 0x6A, 0x0F, 0x25, 0x6B, 0x0F, 0x26, 0x6B, 
        0x0F, 0x27, 0x6C, 0x0F, 0x26, 0x6B, 0x0F, 0x26, 0x6B, 0x0F, 0x26, 0x6B, 0x0F, 0x26, 0x6B, 0x0F, 0x26, 0x6B, 0x0F, 0x27, 0x6C, 0x0F, 0x27, 0x6C, 0x0F, 0x26, 0x6B, 0x10, 0x28, 0x6D, 0x10, 0x28, 0x6E, 0x0F, 0x27, 0x6C, 0x0F, 0x27, 0x6C, 
        0x0F, 0x27, 0x6C, 0x0F, 0x26, 0x6B, 0x0F, 0x26, 0x6B, 0x0F, 0x26, 0x6C, 0x0F, 0x26, 0x6B, 0x0F, 0x27, 0x6D, 0x0F, 0x27, 0x6D, 0x0F, 0x27, 0x6C, 0x10, 0x27, 0x6C, 0x11, 0x29, 0x6D, 0x12, 0x2B, 0x6F, 0x14, 0x2D, 0x70, 0x19, 0x33, 0x75, 
        0x17, 0x32, 0x74, 0x11, 0x29, 0x6E, 0x0E, 0x25, 0x6A, 0x0E, 0x25, 0x6A, 0x77, 0x85, 0xAC, 0xFF, 0xFF, 0xFF, 0xFF, 0xFF, 0xFF, 0xFF, 0xFF, 0xFF, 0xFF, 0xFF, 0xFF, 0xCC, 0xD2, 0xE0, 0x10, 0x29, 0x6E, 0x11, 0x29, 0x6E, 0x10, 0x29, 0x6E, 
        0x10, 0x28, 0x6D, 0x10, 0x28, 0x6E, 0x0F, 0x27, 0x6D, 0x0F, 0x27, 0x6D, 0x0F, 0x28, 0x6D, 0xCB, 0xCF, 0xDF, 0xFF, 0xFF, 0xFF, 0xFF, 0xFF, 0xFF, 0xFF, 0xFF, 0xFF, 0xFF, 0xFF, 0xFF, 0x77, 0x85, 0xAC, 0x0F, 0x27, 0x6C, 0x0F, 0x27, 0x6C, 
        0x0F, 0x27, 0x6C, 0x0F, 0x27, 0x6C, 0x0F, 0x27, 0x6C, 0x0F, 0x27, 0x6C, 0x0F, 0x27, 0x6C, 0x0F, 0x27, 0x6D, 0x0E, 0x27, 0x6C, 0x0E, 0x26, 0x6C, 0x0F, 0x28, 0x6D, 0x10, 0x29, 0x6F, 0x10, 0x29, 0x6E, 0x0F, 0x28, 0x6E, 0x10, 0x2A, 0x6F, 
        0x0F, 0x28, 0x6E, 0x12, 0x2C, 0x71, 0x14, 0x2F, 0x73, 0x14, 0x2F, 0x73, 0x17, 0x33, 0x76, 0x17, 0x33, 0x76, 0x15, 0x31, 0x75, 0x13, 0x2E, 0x72, 0x13, 0x2E, 0x72, 0x14, 0x30, 0x74, 0x14, 0x30, 0x74, 0x15, 0x32, 0x75, 0x1D, 0x3A, 0x78, 
        0x23, 0x3F, 0x7A, 0x22, 0x3E, 0x7A, 0x1A, 0x38, 0x77, 0x18, 0x35, 0x77, 0x1B, 0x38, 0x77, 0x1C, 0x39, 0x78, 0x1B, 0x39, 0x78, 0x1B, 0x39, 0x78, 0x1D, 0x3A, 0x78, 0x1D, 0x3A, 0x78, 0x1D, 0x3A, 0x78, 0x1D, 0x3A, 0x78, 0x1B, 0x39, 0x77, 
        0x1B, 0x39, 0x77, 0x1C, 0x39, 0x77, 0x1B, 0x38, 0x77, 0x1A, 0x37, 0x77, 0x1A, 0x37, 0x77, 0x1A, 0x37, 0x76, 0x19, 0x36, 0x76, 0x18, 0x36, 0x76, 0x18, 0x36, 0x76, 0x18, 0x35, 0x76, 0x18, 0x35, 0x76, 0x18, 0x35, 0x76, 0x18, 0x35, 0x76, 
        0x17, 0x35, 0x76, 0x17, 0x34, 0x75, 0x17, 0x34, 0x75, 0x17, 0x34, 0x75, 0x17, 0x34, 0x75, 0x17, 0x34, 0x75, 0x17, 0x34, 0x75, 0x17, 0x34, 0x75, 0x16, 0x33, 0x75, 0x16, 0x33, 0x75, 0x17, 0x34, 0x75, 0x17, 0x34, 0x75, 0x16, 0x33, 0x75, 
        0x16, 0x33, 0x75, 0x16, 0x33, 0x75, 0x16, 0x34, 0x76,
  0x6D, 0x98, 0xD5, 0x19, 0x37, 0x7B, 0x15, 0x31, 0x75, 0x15, 0x30, 0x74, 0x12, 0x2C, 0x71, 0x12, 0x2C, 0x72, 0x12, 0x2C, 0x71, 0x13, 0x2D, 0x72, 0x12, 0x2C, 0x71, 0x11, 0x2B, 0x71, 0x11, 0x29, 0x70, 0x11, 0x2A, 0x70, 0x10, 0x29, 0x6F, 0x10, 0x29, 0x6F, 
        0x10, 0x29, 0x6F, 0x10, 0x28, 0x6E, 0x10, 0x28, 0x6E, 0x10, 0x28, 0x6E, 0x0F, 0x28, 0x6E, 0x0F, 0x28, 0x6E, 0x0F, 0x28, 0x6E, 0x0F, 0x27, 0x6D, 0x0F, 0x27, 0x6D, 0x0F, 0x27, 0x6D, 0x0F, 0x28, 0x6E, 0x0F, 0x28, 0x6E, 0x0F, 0x27, 0x6D, 
        0x0F, 0x27, 0x6D, 0x0F, 0x28, 0x6D, 0x0F, 0x28, 0x6D, 0x0F, 0x27, 0x6D, 0x0F, 0x27, 0x6D, 0x0F, 0x27, 0x6D, 0x0F, 0x27, 0x6D, 0x0F, 0x27, 0x6C, 0x0F, 0x27, 0x6D, 0x0F, 0x27, 0x6D, 0x0E, 0x27, 0x6C, 0x0F, 0x27, 0x6D, 0x0F, 0x28, 0x6D, 
        0x0F, 0x28, 0x6D, 0x0F, 0x27, 0x6D, 0x0F, 0x27, 0x6D, 0x0F, 0x28, 0x6D, 0x0F, 0x27, 0x6D, 0x0F, 0x27, 0x6D, 0x0F, 0x27, 0x6E, 0x0F, 0x28, 0x6E, 0x0F, 0x27, 0x6D, 0x10, 0x29, 0x6F, 0x10, 0x29, 0x6F, 0x0F, 0x28, 0x6E, 0x0F, 0x27, 0x6E, 
        0x0F, 0x28, 0x6E, 0x0F, 0x27, 0x6D, 0x0F, 0x27, 0x6D, 0x0F, 0x28, 0x6E, 0x10, 0x28, 0x6E, 0x10, 0x28, 0x6E, 0x0F, 0x27, 0x6E, 0x10, 0x28, 0x6E, 0x11, 0x2A, 0x70, 0x11, 0x29, 0x6F, 0x13, 0x2C, 0x71, 0x16, 0x30, 0x73, 0x16, 0x31, 0x74, 
        0x10, 0x2A, 0x6F, 0x11, 0x2B, 0x70, 0x13, 0x2E, 0x72, 0x0E, 0x26, 0x6C, 0x1F, 0x37, 0x77, 0xFF, 0xFF, 0xFF, 0xFF, 0xFF, 0xFF, 0xFF, 0xFF, 0xFF, 0xFF, 0xFF, 0xFF, 0x94, 0xA0, 0xBF, 0x12, 0x2B, 0x71, 0x12, 0x2B, 0x70, 0x11, 0x2A, 0x70, 
        0x10, 0x29, 0x6F, 0x11, 0x2A, 0x70, 0x10, 0x29, 0x6F, 0x10, 0x29, 0x6F, 0x0F, 0x29, 0x6F, 0x93, 0x9F, 0xBF, 0xFF, 0xFF, 0xFF, 0xFF, 0xFF, 0xFF, 0xFF, 0xFF, 0xFF, 0xFF, 0xFF, 0xFF, 0x1F, 0x37, 0x78, 0x0F, 0x28, 0x6F, 0x0F, 0x29, 0x6F, 
        0x0F, 0x28, 0x6E, 0x0F, 0x28, 0x6E, 0x0F, 0x28, 0x6E, 0x0F, 0x28, 0x6E, 0x0F, 0x28, 0x6E, 0x0F, 0x28, 0x6E, 0x0F, 0x28, 0x6F, 0x0F, 0x29, 0x6F, 0x0F, 0x29, 0x6F, 0x0F, 0x29, 0x70, 0x0F, 0x29, 0x70, 0x10, 0x2A, 0x70, 0x10, 0x29, 0x70, 
        0x10, 0x2A, 0x70, 0x10, 0x2A, 0x70, 0x12, 0x2D, 0x72, 0x19, 0x37, 0x78, 0x1A, 0x38, 0x78, 0x1A, 0x38, 0x79, 0x1A, 0x37, 0x78, 0x15, 0x31, 0x75, 0x14, 0x30, 0x75, 0x15, 0x31, 0x76, 0x15, 0x31, 0x76, 0x15, 0x33, 0x76, 0x1C, 0x3A, 0x7A, 
        0x22, 0x3E, 0x7B, 0x20, 0x3D, 0x7B, 0x1A, 0x38, 0x79, 0x19, 0x37, 0x78, 0x1E, 0x3B, 0x7A, 0x1E, 0x3B, 0x7A, 0x1C, 0x3A, 0x7A, 0x1D, 0x3B, 0x7A, 0x1D, 0x3B, 0x7A, 0x1D, 0x3B, 0x7A, 0x1E, 0x3B, 0x7A, 0x1E, 0x3C, 0x7A, 0x1C, 0x3A, 0x79, 
        0x1C, 0x3A, 0x79, 0x1D, 0x3A, 0x79, 0x1B, 0x39, 0x79, 0x1B, 0x38, 0x78, 0x1B, 0x38, 0x78, 0x1A, 0x37, 0x78, 0x19, 0x37, 0x78, 0x19, 0x37, 0x78, 0x18, 0x36, 0x78, 0x18, 0x36, 0x78, 0x18, 0x36, 0x77, 0x18, 0x36, 0x78, 0x18, 0x36, 0x77, 
        0x17, 0x35, 0x77, 0x17, 0x35, 0x77, 0x17, 0x34, 0x77, 0x17, 0x34, 0x77, 0x17, 0x34, 0x77, 0x17, 0x35, 0x77, 0x17, 0x35, 0x77, 0x17, 0x34, 0x77, 0x16, 0x34, 0x77, 0x16, 0x34, 0x77, 0x17, 0x35, 0x77, 0x16, 0x34, 0x77, 0x16, 0x34, 0x77, 
        0x16, 0x34, 0x77, 0x16, 0x34, 0x77, 0x16, 0x35, 0x77,
  0x61, 0x8D, 0xCF, 0x17, 0x34, 0x7B, 0x14, 0x2F, 0x75, 0x14, 0x30, 0x75, 0x12, 0x2C, 0x73, 0x11, 0x2B, 0x72, 0x11, 0x2B, 0x72, 0x11, 0x2B, 0x72, 0x11, 0x2A, 0x71, 0x11, 0x2A, 0x71, 0x10, 0x29, 0x70, 0x10, 0x29, 0x70, 0x10, 0x29, 0x70, 0x10, 0x29, 0x70, 
        0x10, 0x29, 0x70, 0x10, 0x29, 0x6F, 0x10, 0x29, 0x6F, 0x10, 0x29, 0x6F, 0x0F, 0x28, 0x6F, 0x0F, 0x28, 0x6F, 0x0F, 0x28, 0x6F, 0x0F, 0x28, 0x6E, 0x0F, 0x28, 0x6E, 0x0F, 0x28, 0x6F, 0x0F, 0x28, 0x6F, 0x0F, 0x28, 0x6F, 0x0F, 0x28, 0x6F, 
        0x0F, 0x28, 0x6F, 0x10, 0x29, 0x6F, 0x0F, 0x28, 0x6E, 0x0F, 0x27, 0x6E, 0x0F, 0x28, 0x6F, 0x0F, 0x28, 0x6F, 0x0F, 0x27, 0x6E, 0x0F, 0x28, 0x6E, 0x0F, 0x28, 0x6E, 0x0F, 0x28, 0x6E, 0x0F, 0x28, 0x6E, 0x0F, 0x29, 0x6F, 0x0F, 0x28, 0x6F, 
        0x0F, 0x27, 0x6E, 0x0F, 0x28, 0x6E, 0x0F, 0x28, 0x6F, 0x0F, 0x29, 0x6F, 0x0F, 0x29, 0x6F, 0x0F, 0x29, 0x6F, 0x0F, 0x29, 0x70, 0x10, 0x29, 0x70, 0x10, 0x2A, 0x70, 0x10, 0x29, 0x70, 0x0F, 0x28, 0x6F, 0x10, 0x29, 0x70, 0x10, 0x29, 0x70, 
        0x0F, 0x29, 0x6F, 0x0F, 0x28, 0x6F, 0x0F, 0x28, 0x6F, 0x0F, 0x28, 0x6F, 0x10, 0x29, 0x70, 0x10, 0x29, 0x70, 0x10, 0x29, 0x6F, 0x11, 0x2A, 0x70, 0x12, 0x2C, 0x72, 0x13, 0x2E, 0x73, 0x17, 0x33, 0x77, 0x16, 0x32, 0x76, 0x0F, 0x28, 0x6E, 
        0x0E, 0x26, 0x6D, 0x12, 0x2D, 0x72, 0x13, 0x2F, 0x74, 0x0E, 0x27, 0x6E, 0x1E, 0x36, 0x78, 0xFF, 0xFF, 0xFF, 0xFF, 0xFF, 0xFF, 0xFF, 0xFF, 0xFF, 0xFF, 0xFF, 0xFF, 0x94, 0xA0, 0xC0, 0x13, 0x2D, 0x74, 0x12, 0x2B, 0x72, 0x11, 0x2A, 0x71, 
        0x11, 0x2B, 0x72, 0x11, 0x2B, 0x72, 0x11, 0x2B, 0x72, 0x11, 0x2B, 0x72, 0x10, 0x2A, 0x71, 0x94, 0xA0, 0xC0, 0xFF, 0xFF, 0xFF, 0xFF, 0xFF, 0xFF, 0xFF, 0xFF, 0xFF, 0xFF, 0xFF, 0xFF, 0x25, 0x3D, 0x7D, 0x0F, 0x29, 0x70, 0x0F, 0x29, 0x70, 
        0x0F, 0x29, 0x70, 0x0F, 0x29, 0x70, 0x0F, 0x29, 0x70, 0x0F, 0x29, 0x70, 0x0F, 0x29, 0x70, 0x0F, 0x29, 0x70, 0x0F, 0x29, 0x70, 0x10, 0x2B, 0x71, 0x10, 0x2A, 0x71, 0x0F, 0x29, 0x70, 0x0F, 0x29, 0x70, 0x10, 0x2A, 0x72, 0x0F, 0x29, 0x71, 
        0x10, 0x2B, 0x72, 0x10, 0x2B, 0x72, 0x11, 0x2C, 0x73, 0x17, 0x34, 0x78, 0x1B, 0x39, 0x7B, 0x1A, 0x38, 0x7A, 0x16, 0x34, 0x78, 0x14, 0x31, 0x77, 0x14, 0x31, 0x76, 0x15, 0x32, 0x77, 0x15, 0x33, 0x78, 0x16, 0x34, 0x79, 0x18, 0x38, 0x7A, 
        0x1A, 0x39, 0x7A, 0x1A, 0x39, 0x7A, 0x19, 0x38, 0x7A, 0x1A, 0x39, 0x7A, 0x1B, 0x3A, 0x7B, 0x1C, 0x3B, 0x7B, 0x1D, 0x3B, 0x7B, 0x1D, 0x3C, 0x7B, 0x1D, 0x3C, 0x7B, 0x1D, 0x3B, 0x7B, 0x1D, 0x3B, 0x7B, 0x1E, 0x3C, 0x7B, 0x1D, 0x3B, 0x7B, 
        0x1C, 0x3A, 0x7A, 0x1C, 0x3A, 0x7B, 0x1B, 0x39, 0x7A, 0x1B, 0x39, 0x7A, 0x1A, 0x39, 0x7A, 0x19, 0x38, 0x7A, 0x19, 0x38, 0x79, 0x19, 0x38, 0x79, 0x19, 0x37, 0x79, 0x19, 0x37, 0x79, 0x19, 0x37, 0x79, 0x18, 0x37, 0x79, 0x18, 0x36, 0x79, 
        0x18, 0x36, 0x79, 0x17, 0x36, 0x79, 0x17, 0x36, 0x79, 0x19, 0x38, 0x7A, 0x18, 0x37, 0x79, 0x17, 0x35, 0x78, 0x17, 0x35, 0x78, 0x17, 0x35, 0x78, 0x17, 0x35, 0x78, 0x17, 0x35, 0x78, 0x17, 0x35, 0x78, 0x16, 0x35, 0x78, 0x16, 0x35, 0x78, 
        0x16, 0x35, 0x78, 0x16, 0x35, 0x78, 0x16, 0x36, 0x79,
  0x58, 0x80, 0xC9, 0x16, 0x34, 0x7C, 0x13, 0x2F, 0x75, 0x13, 0x2F, 0x75, 0x12, 0x2C, 0x73, 0x12, 0x2C, 0x74, 0x11, 0x2C, 0x74, 0x11, 0x2B, 0x73, 0x10, 0x2A, 0x71, 0x11, 0x2B, 0x72, 0x10, 0x2A, 0x71, 0x10, 0x2A, 0x71, 0x10, 0x29, 0x70, 0x10, 0x29, 0x71, 
        0x10, 0x29, 0x70, 0x10, 0x29, 0x70, 0x10, 0x29, 0x71, 0x10, 0x29, 0x71, 0x10, 0x29, 0x71, 0x0F, 0x29, 0x70, 0x0F, 0x29, 0x70, 0x0F, 0x29, 0x70, 0x10, 0x2A, 0x71, 0x10, 0x2A, 0x71, 0x0F, 0x28, 0x70, 0x0F, 0x28, 0x70, 0x0F, 0x29, 0x70, 
        0x0F, 0x29, 0x70, 0x0F, 0x29, 0x70, 0x0F, 0x29, 0x70, 0x0F, 0x29, 0x70, 0x0F, 0x28, 0x70, 0x0F, 0x29, 0x70, 0x0F, 0x29, 0x71, 0x10, 0x29, 0x71, 0x0F, 0x29, 0x70, 0x0F, 0x28, 0x70, 0x0F, 0x29, 0x70, 0x0F, 0x29, 0x70, 0x0F, 0x28, 0x70, 
        0x0F, 0x29, 0x71, 0x0F, 0x29, 0x71, 0x0F, 0x2A, 0x71, 0x0F, 0x29, 0x71, 0x0F, 0x2A, 0x71, 0x10, 0x2A, 0x71, 0x10, 0x2B, 0x72, 0x10, 0x2A, 0x72, 0x10, 0x2B, 0x73, 0x10, 0x2B, 0x72, 0x10, 0x2B, 0x72, 0x10, 0x2B, 0x72, 0x0F, 0x2A, 0x71, 
        0x0F, 0x29, 0x70, 0x0F, 0x29, 0x70, 0x10, 0x2A, 0x71, 0x10, 0x29, 0x71, 0x10, 0x2A, 0x72, 0x10, 0x2B, 0x72, 0x11, 0x2A, 0x71, 0x11, 0x2C, 0x72, 0x14, 0x30, 0x75, 0x19, 0x36, 0x7A, 0x16, 0x33, 0x78, 0x0F, 0x28, 0x70, 0x0F, 0x28, 0x6F, 
        0x0F, 0x29, 0x71, 0x0F, 0x28, 0x70, 0x0F, 0x28, 0x70, 0x0F, 0x29, 0x70, 0x77, 0x86, 0xAE, 0xFF, 0xFF, 0xFF, 0xFF, 0xFF, 0xFF, 0xFF, 0xFF, 0xFF, 0xFF, 0xFF, 0xFF, 0xCB, 0xD0, 0xE0, 0x13, 0x2F, 0x75, 0x16, 0x32, 0x78, 0x13, 0x2F, 0x75, 
        0x13, 0x2E, 0x75, 0x13, 0x2E, 0x75, 0x12, 0x2D, 0x74, 0x11, 0x2C, 0x74, 0x10, 0x2B, 0x73, 0xCB, 0xD1, 0xE0, 0xFF, 0xFF, 0xFF, 0xFF, 0xFF, 0xFF, 0xFF, 0xFF, 0xFF, 0xFF, 0xFF, 0xFF, 0x77, 0x87, 0xAF, 0x0F, 0x2A, 0x72, 0x0F, 0x29, 0x71, 
        0x0F, 0x29, 0x71, 0x0F, 0x2A, 0x72, 0x0F, 0x2B, 0x72, 0x0F, 0x2A, 0x72, 0x0F, 0x29, 0x71, 0x0F, 0x29, 0x71, 0x0F, 0x2A, 0x72, 0x0F, 0x2A, 0x72, 0x0F, 0x2A, 0x72, 0x0F, 0x2A, 0x72, 0x10, 0x2B, 0x73, 0x10, 0x2C, 0x74, 0x10, 0x2C, 0x74, 
        0x10, 0x2B, 0x73, 0x10, 0x2C, 0x74, 0x10, 0x2C, 0x74, 0x12, 0x2E, 0x75, 0x17, 0x36, 0x7A, 0x16, 0x34, 0x7A, 0x13, 0x30, 0x77, 0x14, 0x31, 0x78, 0x15, 0x33, 0x79, 0x16, 0x34, 0x7A, 0x17, 0x35, 0x7A, 0x17, 0x36, 0x7A, 0x17, 0x36, 0x7B, 
        0x18, 0x38, 0x7B, 0x19, 0x39, 0x7B, 0x1A, 0x3A, 0x7C, 0x1B, 0x3B, 0x7C, 0x1C, 0x3C, 0x7D, 0x1D, 0x3C, 0x7D, 0x1D, 0x3C, 0x7D, 0x1E, 0x3D, 0x7D, 0x1E, 0x3D, 0x7D, 0x1E, 0x3D, 0x7D, 0x1D, 0x3C, 0x7C, 0x1D, 0x3C, 0x7C, 0x1C, 0x3C, 0x7C, 
        0x1B, 0x3A, 0x7C, 0x1B, 0x3A, 0x7C, 0x1B, 0x3A, 0x7C, 0x1B, 0x3A, 0x7C, 0x1A, 0x39, 0x7B, 0x1A, 0x39, 0x7B, 0x19, 0x39, 0x7B, 0x19, 0x38, 0x7B, 0x18, 0x38, 0x7B, 0x18, 0x38, 0x7B, 0x18, 0x37, 0x7A, 0x18, 0x38, 0x7B, 0x18, 0x37, 0x7A, 
        0x18, 0x37, 0x7A, 0x17, 0x37, 0x7A, 0x18, 0x37, 0x7B, 0x1A, 0x3A, 0x7B, 0x18, 0x38, 0x7B, 0x17, 0x36, 0x7A, 0x17, 0x36, 0x7A, 0x17, 0x36, 0x7A, 0x17, 0x36, 0x7A, 0x17, 0x36, 0x7A, 0x17, 0x36, 0x7A, 0x16, 0x36, 0x7A, 0x16, 0x36, 0x7A, 
        0x16, 0x36, 0x7A, 0x16, 0x35, 0x7A, 0x16, 0x37, 0x7A,
  0x56, 0x7B, 0xC8, 0x16, 0x34, 0x7D, 0x13, 0x2F, 0x76, 0x12, 0x2E, 0x76, 0x11, 0x2D, 0x75, 0x11, 0x2C, 0x75, 0x11, 0x2C, 0x75, 0x11, 0x2C, 0x74, 0x10, 0x2B, 0x74, 0x11, 0x2C, 0x74, 0x10, 0x2A, 0x73, 0x10, 0x2B, 0x73, 0x10, 0x2A, 0x73, 0x10, 0x2B, 0x73, 
        0x10, 0x2A, 0x72, 0x10, 0x2A, 0x72, 0x0F, 0x2A, 0x72, 0x0F, 0x2A, 0x72, 0x0F, 0x2A, 0x72, 0x10, 0x2A, 0x72, 0x0F, 0x2A, 0x72, 0x0F, 0x29, 0x71, 0x0F, 0x2A, 0x72, 0x0F, 0x2A, 0x72, 0x0F, 0x2A, 0x72, 0x0F, 0x29, 0x71, 0x0F, 0x29, 0x71, 
        0x10, 0x2A, 0x72, 0x0F, 0x2A, 0x72, 0x10, 0x2A, 0x72, 0x0F, 0x2A, 0x72, 0x0F, 0x29, 0x71, 0x0F, 0x29, 0x72, 0x0F, 0x2A, 0x72, 0x10, 0x2A, 0x72, 0x0F, 0x29, 0x72, 0x0F, 0x29, 0x72, 0x0F, 0x2A, 0x72, 0x0F, 0x2A, 0x72, 0x0F, 0x29, 0x71, 
        0x0F, 0x2A, 0x72, 0x0F, 0x2A, 0x72, 0x0F, 0x2A, 0x72, 0x0F, 0x2A, 0x72, 0x10, 0x2B, 0x73, 0x10, 0x2B, 0x73, 0x10, 0x2B, 0x73, 0x0F, 0x29, 0x72, 0x10, 0x2A, 0x73, 0x0F, 0x2A, 0x72, 0x10, 0x2B, 0x73, 0x10, 0x2B, 0x73, 0x0F, 0x2A, 0x73, 
        0x0F, 0x2A, 0x72, 0x0F, 0x2A, 0x72, 0x10, 0x2B, 0x73, 0x10, 0x2B, 0x73, 0x10, 0x2B, 0x73, 0x11, 0x2C, 0x74, 0x11, 0x2C, 0x73, 0x13, 0x2F, 0x75, 0x1E, 0x3C, 0x7D, 0x18, 0x36, 0x7A, 0x0F, 0x29, 0x71, 0x0F, 0x29, 0x71, 0x0F, 0x2A, 0x72, 
        0x0F, 0x2A, 0x72, 0x0F, 0x2A, 0x72, 0x1F, 0x38, 0x7C, 0x7F, 0x8D, 0xB3, 0xFA, 0xFB, 0xFD, 0xFF, 0xFF, 0xFF, 0xFF, 0xFF, 0xFF, 0xFF, 0xFF, 0xFF, 0xFF, 0xFF, 0xFF, 0xFF, 0xFF, 0xFF, 0x56, 0x6A, 0x9D, 0x17, 0x35, 0x7A, 0x15, 0x32, 0x78, 
        0x14, 0x30, 0x77, 0x14, 0x30, 0x77, 0x13, 0x2E, 0x76, 0x12, 0x2E, 0x76, 0x56, 0x6A, 0x9D, 0xFF, 0xFF, 0xFF, 0xFF, 0xFF, 0xFF, 0xFF, 0xFF, 0xFF, 0xFF, 0xFF, 0xFF, 0xFF, 0xFF, 0xFF, 0xFA, 0xFB, 0xFD, 0x7E, 0x8D, 0xB4, 0x1F, 0x39, 0x7D, 
        0x0F, 0x2B, 0x73, 0x0F, 0x2B, 0x73, 0x0F, 0x2A, 0x73, 0x0F, 0x2A, 0x73, 0x0F, 0x2A, 0x73, 0x0F, 0x2B, 0x73, 0x0F, 0x2B, 0x73, 0x0F, 0x2A, 0x72, 0x0F, 0x2B, 0x73, 0x0F, 0x2B, 0x74, 0x0F, 0x2B, 0x74, 0x0F, 0x2B, 0x74, 0x10, 0x2B, 0x74, 
        0x10, 0x2C, 0x75, 0x11, 0x2D, 0x76, 0x10, 0x2B, 0x74, 0x10, 0x2D, 0x76, 0x12, 0x2F, 0x77, 0x14, 0x32, 0x79, 0x15, 0x33, 0x7A, 0x15, 0x34, 0x7A, 0x16, 0x34, 0x7B, 0x17, 0x35, 0x7C, 0x17, 0x37, 0x7C, 0x18, 0x37, 0x7C, 0x18, 0x38, 0x7D, 
        0x1A, 0x3A, 0x7D, 0x1B, 0x3B, 0x7E, 0x1B, 0x3B, 0x7E, 0x1B, 0x3C, 0x7E, 0x1E, 0x3E, 0x7F, 0x1E, 0x3E, 0x7F, 0x1D, 0x3D, 0x7F, 0x1E, 0x3E, 0x7F, 0x1F, 0x3F, 0x7F, 0x1F, 0x3E, 0x7F, 0x1D, 0x3D, 0x7E, 0x1C, 0x3C, 0x7E, 0x1C, 0x3C, 0x7E, 
        0x1B, 0x3B, 0x7D, 0x1B, 0x3B, 0x7D, 0x1B, 0x3B, 0x7D, 0x1B, 0x3B, 0x7D, 0x1A, 0x3A, 0x7D, 0x1A, 0x3A, 0x7D, 0x1A, 0x3A, 0x7D, 0x19, 0x39, 0x7C, 0x19, 0x39, 0x7C, 0x18, 0x38, 0x7C, 0x18, 0x38, 0x7C, 0x18, 0x38, 0x7C, 0x18, 0x38, 0x7C, 
        0x18, 0x38, 0x7C, 0x17, 0x37, 0x7C, 0x17, 0x37, 0x7C, 0x19, 0x39, 0x7C, 0x17, 0x38, 0x7C, 0x17, 0x37, 0x7C, 0x17, 0x37, 0x7C, 0x17, 0x37, 0x7C, 0x17, 0x37, 0x7C, 0x17, 0x37, 0x7C, 0x17, 0x37, 0x7C, 0x17, 0x37, 0x7C, 0x16, 0x36, 0x7B, 
        0x16, 0x36, 0x7B, 0x16, 0x36, 0x7B, 0x16, 0x37, 0x7C,
  0x53, 0x78, 0xC6, 0x13, 0x30, 0x7A, 0x11, 0x2C, 0x75, 0x12, 0x2E, 0x77, 0x12, 0x2D, 0x76, 0x11, 0x2D, 0x76, 0x10, 0x2B, 0x75, 0x10, 0x2C, 0x75, 0x10, 0x2B, 0x74, 0x10, 0x2B, 0x74, 0x10, 0x2B, 0x74, 0x10, 0x2B, 0x74, 0x10, 0x2B, 0x74, 0x10, 0x2B, 0x74, 
        0x10, 0x2B, 0x74, 0x10, 0x2B, 0x74, 0x0F, 0x2A, 0x73, 0x0F, 0x2A, 0x73, 0x0F, 0x2A, 0x73, 0x0F, 0x2A, 0x73, 0x0F, 0x2A, 0x73, 0x0F, 0x2B, 0x73, 0x0F, 0x2A, 0x73, 0x0F, 0x2A, 0x73, 0x0F, 0x2A, 0x73, 0x0F, 0x2A, 0x73, 0x0F, 0x29, 0x72, 
        0x0F, 0x2A, 0x73, 0x0F, 0x2A, 0x73, 0x0F, 0x2A, 0x73, 0x0F, 0x29, 0x72, 0x0F, 0x29, 0x72, 0x0F, 0x2A, 0x72, 0x0F, 0x2A, 0x73, 0x0F, 0x2A, 0x73, 0x0F, 0x2A, 0x73, 0x10, 0x2B, 0x74, 0x10, 0x2B, 0x74, 0x0F, 0x2A, 0x73, 0x10, 0x2B, 0x74, 
        0x0F, 0x2B, 0x73, 0x0F, 0x2A, 0x73, 0x0F, 0x2A, 0x74, 0x10, 0x2B, 0x74, 0x10, 0x2C, 0x75, 0x0F, 0x2B, 0x74, 0x0F, 0x2A, 0x74, 0x0F, 0x2A, 0x73, 0x10, 0x2B, 0x74, 0x10, 0x2B, 0x74, 0x10, 0x2B, 0x74, 0x0F, 0x2A, 0x73, 0x0F, 0x2A, 0x73, 
        0x10, 0x2B, 0x74, 0x10, 0x2B, 0x74, 0x11, 0x2C, 0x75, 0x11, 0x2D, 0x76, 0x10, 0x2C, 0x75, 0x11, 0x2D, 0x76, 0x17, 0x34, 0x7A, 0x1E, 0x3C, 0x7E, 0x18, 0x37, 0x7C, 0x0F, 0x2A, 0x72, 0x0E, 0x29, 0x72, 0x0F, 0x2B, 0x73, 0x0F, 0x2B, 0x74, 
        0x10, 0x2C, 0x75, 0x0F, 0x2A, 0x74, 0x77, 0x87, 0xB1, 0xFF, 0xFF, 0xFF, 0xFF, 0xFF, 0xFF, 0xFF, 0xFF, 0xFF, 0xFF, 0xFF, 0xFF, 0xFF, 0xFF, 0xFF, 0xFF, 0xFF, 0xFF, 0xFF, 0xFF, 0xFF, 0xF1, 0xF3, 0xF7, 0x58, 0x6E, 0xA1, 0x18, 0x36, 0x7C, 
        0x15, 0x31, 0x79, 0x15, 0x31, 0x7A, 0x13, 0x30, 0x78, 0x57, 0x6B, 0x9F, 0xF2, 0xF3, 0xF7, 0xFF, 0xFF, 0xFF, 0xFF, 0xFF, 0xFF, 0xFF, 0xFF, 0xFF, 0xFF, 0xFF, 0xFF, 0xFF, 0xFF, 0xFF, 0xFF, 0xFF, 0xFF, 0xFF, 0xFF, 0xFF, 0x77, 0x88, 0xB2, 
        0x0F, 0x2C, 0x75, 0x0F, 0x2B, 0x75, 0x0F, 0x2B, 0x74, 0x0F, 0x2B, 0x74, 0x0F, 0x2C, 0x75, 0x0F, 0x2C, 0x75, 0x0F, 0x2B, 0x74, 0x0F, 0x2B, 0x74, 0x0F, 0x2B, 0x74, 0x0F, 0x2C, 0x75, 0x0F, 0x2C, 0x75, 0x0F, 0x2C, 0x76, 0x0F, 0x2B, 0x75, 
        0x10, 0x2D, 0x77, 0x12, 0x2F, 0x78, 0x0F, 0x2C, 0x76, 0x10, 0x2D, 0x77, 0x10, 0x2D, 0x76, 0x12, 0x30, 0x79, 0x15, 0x35, 0x7C, 0x16, 0x35, 0x7D, 0x16, 0x36, 0x7D, 0x17, 0x37, 0x7E, 0x18, 0x38, 0x7E, 0x19, 0x39, 0x7E, 0x1A, 0x3A, 0x7F, 
        0x1B, 0x3B, 0x7F, 0x1B, 0x3B, 0x7F, 0x1D, 0x3D, 0x80, 0x1D, 0x3E, 0x80, 0x1D, 0x3E, 0x80, 0x1E, 0x3F, 0x80, 0x1D, 0x3E, 0x80, 0x1D, 0x3E, 0x80, 0x1E, 0x3F, 0x80, 0x1E, 0x3E, 0x80, 0x1D, 0x3E, 0x80, 0x1D, 0x3E, 0x7F, 0x1C, 0x3C, 0x7F, 
        0x1C, 0x3C, 0x7F, 0x1B, 0x3C, 0x7F, 0x1B, 0x3C, 0x7F, 0x1A, 0x3B, 0x7E, 0x1A, 0x3A, 0x7E, 0x1A, 0x3A, 0x7E, 0x1A, 0x3A, 0x7E, 0x19, 0x3A, 0x7E, 0x19, 0x3A, 0x7E, 0x19, 0x39, 0x7E, 0x18, 0x39, 0x7E, 0x18, 0x39, 0x7E, 0x18, 0x39, 0x7E, 
        0x17, 0x38, 0x7D, 0x17, 0x38, 0x7D, 0x18, 0x38, 0x7D, 0x18, 0x38, 0x7D, 0x18, 0x38, 0x7D, 0x17, 0x38, 0x7D, 0x17, 0x38, 0x7D, 0x17, 0x38, 0x7D, 0x17, 0x38, 0x7D, 0x17, 0x38, 0x7D, 0x17, 0x38, 0x7D, 0x17, 0x38, 0x7D, 0x17, 0x38, 0x7D, 
        0x17, 0x37, 0x7D, 0x16, 0x37, 0x7D, 0x16, 0x38, 0x7D,
  0x4E, 0x70, 0xBF, 0x13, 0x30, 0x7C, 0x12, 0x2E, 0x79, 0x12, 0x2F, 0x79, 0x11, 0x2E, 0x78, 0x11, 0x2D, 0x77, 0x10, 0x2B, 0x76, 0x10, 0x2B, 0x76, 0x10, 0x2D, 0x77, 0x10, 0x2C, 0x76, 0x10, 0x2C, 0x76, 0x10, 0x2C, 0x77, 0x10, 0x2C, 0x76, 0x10, 0x2B, 0x76, 
        0x10, 0x2B, 0x76, 0x0F, 0x2A, 0x75, 0x0F, 0x2A, 0x75, 0x0F, 0x2B, 0x75, 0x0F, 0x2B, 0x76, 0x0F, 0x2B, 0x76, 0x10, 0x2B, 0x76, 0x10, 0x2B, 0x76, 0x10, 0x2C, 0x76, 0x0F, 0x2B, 0x76, 0x0F, 0x2B, 0x76, 0x10, 0x2B, 0x76, 0x0F, 0x2B, 0x75, 
        0x0F, 0x2A, 0x74, 0x0F, 0x2B, 0x76, 0x0F, 0x2B, 0x75, 0x0F, 0x2B, 0x75, 0x10, 0x2B, 0x76, 0x0F, 0x2B, 0x76, 0x0F, 0x2B, 0x76, 0x0F, 0x2B, 0x76, 0x0F, 0x2B, 0x76, 0x0F, 0x2B, 0x76, 0x10, 0x2B, 0x76, 0x0F, 0x2B, 0x76, 0x10, 0x2C, 0x76, 
        0x10, 0x2C, 0x76, 0x0F, 0x2B, 0x76, 0x0F, 0x2B, 0x76, 0x10, 0x2C, 0x77, 0x11, 0x2D, 0x78, 0x10, 0x2C, 0x77, 0x10, 0x2D, 0x77, 0x10, 0x2C, 0x77, 0x0F, 0x2B, 0x76, 0x10, 0x2C, 0x76, 0x10, 0x2C, 0x76, 0x0F, 0x2B, 0x76, 0x10, 0x2C, 0x76, 
        0x10, 0x2C, 0x77, 0x10, 0x2D, 0x77, 0x11, 0x2D, 0x77, 0x11, 0x2D, 0x78, 0x12, 0x2E, 0x78, 0x13, 0x31, 0x7A, 0x20, 0x3E, 0x82, 0x1C, 0x3B, 0x80, 0x0E, 0x29, 0x73, 0x0F, 0x2A, 0x74, 0x10, 0x2D, 0x77, 0x0F, 0x2B, 0x76, 0x0F, 0x2B, 0x76, 
        0x0F, 0x2C, 0x76, 0x0F, 0x2C, 0x76, 0x28, 0x42, 0x84, 0xFB, 0xFB, 0xFD, 0xFF, 0xFF, 0xFF, 0xFF, 0xFF, 0xFF, 0xFF, 0xFF, 0xFF, 0xFF, 0xFF, 0xFF, 0xFF, 0xFF, 0xFF, 0xFF, 0xFF, 0xFF, 0xFF, 0xFF, 0xFF, 0xFF, 0xFF, 0xFF, 0xCD, 0xD3, 0xE2, 
        0x97, 0xA6, 0xC5, 0x97, 0xA5, 0xC5, 0xCD, 0xD3, 0xE2, 0xFF, 0xFF, 0xFF, 0xFF, 0xFF, 0xFF, 0xFF, 0xFF, 0xFF, 0xFF, 0xFF, 0xFF, 0xFF, 0xFF, 0xFF, 0xFF, 0xFF, 0xFF, 0xFF, 0xFF, 0xFF, 0xFF, 0xFF, 0xFF, 0xFB, 0xFB, 0xFD, 0x28, 0x42, 0x85, 
        0x0F, 0x2C, 0x77, 0x10, 0x2C, 0x78, 0x0F, 0x2C, 0x78, 0x0F, 0x2C, 0x77, 0x0F, 0x2C, 0x77, 0x0F, 0x2C, 0x77, 0x0F, 0x2C, 0x76, 0x0F, 0x2C, 0x77, 0x0F, 0x2C, 0x77, 0x0F, 0x2C, 0x77, 0x0F, 0x2C, 0x77, 0x0F, 0x2C, 0x78, 0x0F, 0x2D, 0x78, 
        0x10, 0x2D, 0x78, 0x10, 0x2E, 0x79, 0x11, 0x2F, 0x79, 0x11, 0x2F, 0x7A, 0x10, 0x2E, 0x79, 0x11, 0x30, 0x7A, 0x15, 0x35, 0x7E, 0x17, 0x38, 0x80, 0x17, 0x38, 0x80, 0x18, 0x39, 0x80, 0x18, 0x39, 0x80, 0x1A, 0x3A, 0x81, 0x1A, 0x3B, 0x81, 
        0x1B, 0x3C, 0x81, 0x1C, 0x3D, 0x82, 0x1C, 0x3E, 0x82, 0x1D, 0x3F, 0x82, 0x1D, 0x3F, 0x83, 0x1E, 0x40, 0x83, 0x1E, 0x40, 0x83, 0x20, 0x41, 0x83, 0x1E, 0x40, 0x83, 0x1D, 0x3E, 0x82, 0x1D, 0x3E, 0x82, 0x1C, 0x3E, 0x82, 0x1A, 0x3D, 0x81, 
        0x1B, 0x3D, 0x81, 0x1B, 0x3C, 0x81, 0x1B, 0x3C, 0x81, 0x1A, 0x3B, 0x81, 0x1A, 0x3B, 0x81, 0x1A, 0x3B, 0x81, 0x1A, 0x3B, 0x81, 0x19, 0x3B, 0x80, 0x19, 0x3B, 0x80, 0x19, 0x3A, 0x80, 0x19, 0x3A, 0x80, 0x18, 0x3A, 0x80, 0x18, 0x39, 0x80, 
        0x19, 0x3B, 0x80, 0x19, 0x3A, 0x80, 0x17, 0x39, 0x80, 0x17, 0x39, 0x80, 0x17, 0x39, 0x80, 0x17, 0x39, 0x80, 0x17, 0x39, 0x80, 0x17, 0x39, 0x80, 0x17, 0x39, 0x80, 0x17, 0x38, 0x7F, 0x17, 0x38, 0x7F, 0x17, 0x38, 0x7F, 0x17, 0x39, 0x80, 
        0x17, 0x38, 0x7F, 0x17, 0x38, 0x7F, 0x16, 0x3A, 0x80,
  0x50, 0x74, 0xC2, 0x14, 0x34, 0x7F, 0x12, 0x2F, 0x7A, 0x12, 0x2F, 0x7A, 0x11, 0x2E, 0x79, 0x11, 0x2E, 0x79, 0x11, 0x2E, 0x79, 0x11, 0x2D, 0x78, 0x10, 0x2D, 0x78, 0x10, 0x2C, 0x77, 0x10, 0x2C, 0x77, 0x10, 0x2C, 0x77, 0x10, 0x2C, 0x77, 0x10, 0x2C, 0x77, 
        0x10, 0x2C, 0x77, 0x0F, 0x2B, 0x76, 0x0F, 0x2B, 0x77, 0x0F, 0x2B, 0x77, 0x0F, 0x2A, 0x76, 0x10, 0x2C, 0x77, 0x10, 0x2C, 0x77, 0x0F, 0x2C, 0x77, 0x10, 0x2C, 0x77, 0x10, 0x2C, 0x77, 0x10, 0x2C, 0x78, 0x10, 0x2C, 0x77, 0x0F, 0x2B, 0x77, 
        0x0F, 0x2B, 0x77, 0x0F, 0x2C, 0x77, 0x10, 0x2C, 0x78, 0x10, 0x2C, 0x78, 0x10, 0x2C, 0x78, 0x0F, 0x2B, 0x77, 0x0F, 0x2C, 0x77, 0x0F, 0x2C, 0x77, 0x0F, 0x2C, 0x77, 0x0F, 0x2C, 0x77, 0x0F, 0x2C, 0x77, 0x0F, 0x2C, 0x78, 0x0F, 0x2C, 0x77, 
        0x0F, 0x2C, 0x77, 0x10, 0x2D, 0x78, 0x10, 0x2C, 0x78, 0x10, 0x2C, 0x78, 0x11, 0x2E, 0x7A, 0x10, 0x2D, 0x79, 0x11, 0x2F, 0x7A, 0x10, 0x2D, 0x79, 0x0F, 0x2B, 0x77, 0x0F, 0x2C, 0x78, 0x10, 0x2C, 0x78, 0x10, 0x2C, 0x78, 0x10, 0x2D, 0x79, 
        0x10, 0x2D, 0x79, 0x11, 0x2E, 0x79, 0x11, 0x2D, 0x78, 0x11, 0x2E, 0x79, 0x17, 0x37, 0x7F, 0x23, 0x41, 0x84, 0x19, 0x3A, 0x82, 0x0F, 0x2B, 0x77, 0x10, 0x2D, 0x78, 0x12, 0x31, 0x7B, 0x12, 0x2F, 0x7A, 0x11, 0x2E, 0x79, 0x0F, 0x2C, 0x77, 
        0x10, 0x2E, 0x79, 0x10, 0x2E, 0x79, 0x0F, 0x2C, 0x77, 0xA9, 0xB4, 0xCE, 0xFF, 0xFF, 0xFF, 0xFF, 0xFF, 0xFF, 0xFF, 0xFF, 0xFF, 0xFF, 0xFF, 0xFF, 0xFF, 0xFF, 0xFF, 0xFF, 0xFF, 0xFF, 0xFF, 0xFF, 0xFF, 0xFF, 0xFF, 0xFF, 0xFF, 0xFF, 0xFF, 
        0xFF, 0xFF, 0xFF, 0xFF, 0xFF, 0xFF, 0xFF, 0xFF, 0xFF, 0xFF, 0xFF, 0xFF, 0xFF, 0xFF, 0xFF, 0xFF, 0xFF, 0xFF, 0xFF, 0xFF, 0xFF, 0xFF, 0xFF, 0xFF, 0xFF, 0xFF, 0xFF, 0xFF, 0xFF, 0xFF, 0xFF, 0xFF, 0xFF, 0xA9, 0xB4, 0xCF, 0x10, 0x2E, 0x7A, 
        0x10, 0x2D, 0x79, 0x10, 0x2D, 0x79, 0x0F, 0x2D, 0x79, 0x0F, 0x2D, 0x79, 0x0F, 0x2D, 0x78, 0x0F, 0x2D, 0x78, 0x0F, 0x2D, 0x78, 0x0F, 0x2D, 0x78, 0x0F, 0x2D, 0x79, 0x0F, 0x2D, 0x78, 0x0F, 0x2D, 0x78, 0x0F, 0x2D, 0x78, 0x10, 0x2D, 0x79, 
        0x10, 0x2E, 0x7A, 0x10, 0x2E, 0x7A, 0x10, 0x2F, 0x7A, 0x11, 0x2F, 0x7B, 0x11, 0x30, 0x7C, 0x12, 0x31, 0x7D, 0x12, 0x32, 0x7D, 0x17, 0x38, 0x81, 0x18, 0x39, 0x82, 0x18, 0x3A, 0x82, 0x19, 0x3B, 0x82, 0x1A, 0x3C, 0x83, 0x1B, 0x3D, 0x83, 
        0x1B, 0x3E, 0x83, 0x1C, 0x3E, 0x83, 0x1D, 0x3F, 0x84, 0x1E, 0x3F, 0x84, 0x1E, 0x40, 0x85, 0x1E, 0x40, 0x84, 0x1F, 0x41, 0x84, 0x20, 0x42, 0x85, 0x1F, 0x40, 0x84, 0x1D, 0x3F, 0x83, 0x1E, 0x3F, 0x84, 0x1D, 0x3F, 0x84, 0x1E, 0x41, 0x84, 
        0x1F, 0x41, 0x84, 0x1D, 0x3F, 0x84, 0x1B, 0x3D, 0x82, 0x1B, 0x3C, 0x82, 0x1B, 0x3C, 0x82, 0x1A, 0x3C, 0x82, 0x1A, 0x3C, 0x82, 0x1A, 0x3B, 0x82, 0x1A, 0x3B, 0x82, 0x1A, 0x3B, 0x82, 0x19, 0x3B, 0x82, 0x18, 0x3B, 0x82, 0x18, 0x3B, 0x82, 
        0x1F, 0x41, 0x84, 0x20, 0x42, 0x85, 0x1A, 0x3D, 0x82, 0x17, 0x39, 0x81, 0x16, 0x39, 0x81, 0x17, 0x39, 0x81, 0x17, 0x39, 0x81, 0x17, 0x39, 0x81, 0x17, 0x3A, 0x81, 0x17, 0x39, 0x81, 0x18, 0x3A, 0x81, 0x17, 0x39, 0x81, 0x17, 0x39, 0x81, 
        0x17, 0x39, 0x81, 0x17, 0x39, 0x81, 0x18, 0x3C, 0x82,
  0x48, 0x67, 0xB7, 0x13, 0x31, 0x7F, 0x12, 0x2F, 0x7C, 0x11, 0x2D, 0x7A, 0x10, 0x2C, 0x79, 0x11, 0x2E, 0x7B, 0x11, 0x2E, 0x7B, 0x10, 0x2C, 0x79, 0x10, 0x2C, 0x79, 0x10, 0x2C, 0x79, 0x10, 0x2C, 0x79, 0x10, 0x2C, 0x79, 0x10, 0x2C, 0x79, 0x10, 0x2C, 0x79, 
        0x0F, 0x2B, 0x78, 0x0F, 0x2B, 0x78, 0x10, 0x2C, 0x79, 0x10, 0x2C, 0x79, 0x0F, 0x2A, 0x77, 0x0F, 0x2B, 0x78, 0x0F, 0x2B, 0x78, 0x0F, 0x2B, 0x78, 0x10, 0x2C, 0x79, 0x10, 0x2C, 0x79, 0x0F, 0x2C, 0x79, 0x0F, 0x2C, 0x79, 0x10, 0x2C, 0x79, 
        0x10, 0x2C, 0x79, 0x0F, 0x2C, 0x78, 0x0F, 0x2B, 0x78, 0x0F, 0x2B, 0x78, 0x0F, 0x2B, 0x78, 0x10, 0x2C, 0x79, 0x10, 0x2C, 0x79, 0x0F, 0x2C, 0x79, 0x0F, 0x2C, 0x78, 0x0F, 0x2B, 0x78, 0x0F, 0x2C, 0x79, 0x10, 0x2C, 0x79, 0x10, 0x2D, 0x79, 
        0x10, 0x2C, 0x79, 0x10, 0x2C, 0x79, 0x10, 0x2C, 0x79, 0x10, 0x2D, 0x7A, 0x10, 0x2D, 0x7A, 0x0F, 0x2C, 0x79, 0x10, 0x2C, 0x7A, 0x10, 0x2D, 0x7A, 0x10, 0x2C, 0x7A, 0x10, 0x2C, 0x79, 0x10, 0x2C, 0x79, 0x10, 0x2D, 0x7A, 0x11, 0x2E, 0x7A, 
        0x10, 0x2C, 0x79, 0x11, 0x2E, 0x7A, 0x11, 0x2F, 0x7B, 0x15, 0x35, 0x7F, 0x20, 0x3F, 0x85, 0x1A, 0x3B, 0x83, 0x0F, 0x2A, 0x77, 0x0E, 0x2A, 0x77, 0x19, 0x39, 0x83, 0x18, 0x38, 0x82, 0x12, 0x2F, 0x7C, 0x12, 0x30, 0x7C, 0x10, 0x2D, 0x79, 
        0x10, 0x2D, 0x7A, 0x10, 0x2D, 0x7A, 0x0F, 0x2C, 0x79, 0x20, 0x3A, 0x82, 0x20, 0x3A, 0x82, 0x1F, 0x3A, 0x82, 0x76, 0x87, 0xB3, 0xF9, 0xFA, 0xFC, 0xFF, 0xFF, 0xFF, 0xFF, 0xFF, 0xFF, 0xFF, 0xFF, 0xFF, 0xFF, 0xFF, 0xFF, 0xFF, 0xFF, 0xFF, 
        0xFF, 0xFF, 0xFF, 0xFF, 0xFF, 0xFF, 0xFF, 0xFF, 0xFF, 0xFF, 0xFF, 0xFF, 0xFF, 0xFF, 0xFF, 0xFF, 0xFF, 0xFF, 0xFF, 0xFF, 0xFF, 0xF9, 0xFA, 0xFC, 0x78, 0x89, 0xB5, 0x22, 0x3E, 0x85, 0x22, 0x3D, 0x85, 0x21, 0x3C, 0x84, 0x11, 0x2E, 0x7B, 
        0x10, 0x2E, 0x7B, 0x10, 0x2D, 0x7B, 0x10, 0x2D, 0x7A, 0x10, 0x2D, 0x7B, 0x10, 0x2D, 0x7B, 0x0F, 0x2D, 0x7A, 0x0F, 0x2D, 0x7A, 0x0F, 0x2D, 0x7A, 0x0F, 0x2D, 0x7A, 0x10, 0x2D, 0x7B, 0x10, 0x2E, 0x7B, 0x10, 0x2F, 0x7B, 0x10, 0x2D, 0x7B, 
        0x10, 0x2E, 0x7B, 0x10, 0x2F, 0x7C, 0x10, 0x2E, 0x7B, 0x10, 0x2E, 0x7B, 0x11, 0x30, 0x7D, 0x11, 0x30, 0x7E, 0x10, 0x2F, 0x7D, 0x13, 0x33, 0x80, 0x19, 0x3A, 0x84, 0x19, 0x3B, 0x84, 0x1A, 0x3C, 0x84, 0x1B, 0x3D, 0x84, 0x1C, 0x3E, 0x85, 
        0x1C, 0x3E, 0x85, 0x1D, 0x3F, 0x85, 0x1D, 0x3F, 0x86, 0x1E, 0x40, 0x86, 0x1E, 0x40, 0x86, 0x1F, 0x41, 0x86, 0x1E, 0x40, 0x85, 0x1D, 0x3F, 0x85, 0x1D, 0x3F, 0x85, 0x1D, 0x3F, 0x85, 0x1E, 0x40, 0x85, 0x21, 0x42, 0x86, 0x24, 0x45, 0x88, 
        0x24, 0x44, 0x87, 0x1E, 0x40, 0x85, 0x1A, 0x3C, 0x84, 0x1B, 0x3D, 0x84, 0x1B, 0x3D, 0x84, 0x1A, 0x3C, 0x84, 0x1A, 0x3C, 0x84, 0x1A, 0x3B, 0x84, 0x19, 0x3B, 0x84, 0x1A, 0x3B, 0x84, 0x1A, 0x3C, 0x84, 0x19, 0x3B, 0x84, 0x18, 0x3B, 0x83, 
        0x1C, 0x3E, 0x85, 0x1D, 0x3F, 0x85, 0x19, 0x3B, 0x84, 0x19, 0x3B, 0x83, 0x1C, 0x3E, 0x85, 0x1A, 0x3C, 0x84, 0x1A, 0x3C, 0x84, 0x17, 0x39, 0x82, 0x18, 0x3A, 0x83, 0x18, 0x3A, 0x83, 0x1D, 0x3F, 0x85, 0x1B, 0x3D, 0x84, 0x18, 0x3A, 0x83, 
        0x18, 0x3A, 0x83, 0x17, 0x39, 0x83, 0x17, 0x3B, 0x83,
  0x48, 0x67, 0xB7, 0x13, 0x31, 0x80, 0x12, 0x2F, 0x7D, 0x10, 0x2D, 0x7B, 0x10, 0x2D, 0x7A, 0x11, 0x2E, 0x7C, 0x11, 0x2E, 0x7C, 0x10, 0x2D, 0x7A, 0x10, 0x2D, 0x7A, 0x10, 0x2C, 0x7A, 0x0F, 0x2C, 0x79, 0x10, 0x2C, 0x7A, 0x10, 0x2C, 0x7A, 0x10, 0x2D, 0x7B, 
        0x0F, 0x2C, 0x7A, 0x0F, 0x2C, 0x7A, 0x10, 0x2D, 0x7A, 0x10, 0x2D, 0x7B, 0x10, 0x2D, 0x7A, 0x10, 0x2D, 0x7A, 0x0F, 0x2C, 0x7A, 0x0F, 0x2C, 0x7A, 0x10, 0x2C, 0x7A, 0x0F, 0x2C, 0x7A, 0x0F, 0x2C, 0x7A, 0x0F, 0x2C, 0x7A, 0x0F, 0x2C, 0x7A, 
        0x0F, 0x2C, 0x7A, 0x0F, 0x2C, 0x7A, 0x10, 0x2D, 0x7A, 0x10, 0x2D, 0x7A, 0x0F, 0x2C, 0x7A, 0x0F, 0x2D, 0x7A, 0x0F, 0x2C, 0x7A, 0x0F, 0x2C, 0x7A, 0x0F, 0x2D, 0x7A, 0x0F, 0x2D, 0x7A, 0x0F, 0x2D, 0x7A, 0x10, 0x2D, 0x7B, 0x10, 0x2E, 0x7B, 
        0x10, 0x2D, 0x7B, 0x0F, 0x2C, 0x7A, 0x0F, 0x2D, 0x7B, 0x10, 0x2D, 0x7B, 0x10, 0x2D, 0x7B, 0x0F, 0x2C, 0x7A, 0x0F, 0x2C, 0x7A, 0x10, 0x2D, 0x7B, 0x10, 0x2D, 0x7B, 0x10, 0x2D, 0x7B, 0x10, 0x2D, 0x7B, 0x10, 0x2E, 0x7B, 0x11, 0x2E, 0x7C, 
        0x12, 0x2F, 0x7C, 0x14, 0x32, 0x7F, 0x19, 0x39, 0x84, 0x22, 0x42, 0x87, 0x19, 0x3B, 0x84, 0x0E, 0x2C, 0x79, 0x0F, 0x2C, 0x79, 0x10, 0x2D, 0x7B, 0x14, 0x33, 0x80, 0x13, 0x32, 0x7F, 0x10, 0x2E, 0x7B, 0x10, 0x2E, 0x7B, 0x10, 0x2D, 0x7B, 
        0x0F, 0x2D, 0x7B, 0x0F, 0x2D, 0x7A, 0x0F, 0x2C, 0x7A, 0x10, 0x2E, 0x7B, 0x0F, 0x2D, 0x7B, 0x0F, 0x2D, 0x7A, 0x10, 0x2E, 0x7C, 0x80, 0x90, 0xBA, 0xFF, 0xFF, 0xFF, 0xFF, 0xFF, 0xFF, 0xFF, 0xFF, 0xFF, 0xFF, 0xFF, 0xFF, 0xFF, 0xFF, 0xFF, 
        0xFF, 0xFF, 0xFF, 0xFF, 0xFF, 0xFF, 0xFF, 0xFF, 0xFF, 0xFF, 0xFF, 0xFF, 0xFF, 0xFF, 0xFF, 0xFF, 0xFF, 0xFF, 0xFF, 0xFF, 0xFF, 0x7A, 0x8B, 0xB7, 0x13, 0x31, 0x7F, 0x12, 0x30, 0x7E, 0x11, 0x2F, 0x7E, 0x10, 0x2E, 0x7D, 0x10, 0x2E, 0x7C, 
        0x10, 0x2F, 0x7D, 0x10, 0x2F, 0x7D, 0x10, 0x2E, 0x7C, 0x10, 0x2E, 0x7C, 0x0F, 0x2D, 0x7C, 0x0F, 0x2E, 0x7C, 0x10, 0x2E, 0x7C, 0x10, 0x2E, 0x7C, 0x10, 0x2E, 0x7C, 0x10, 0x2E, 0x7C, 0x10, 0x2E, 0x7C, 0x10, 0x2F, 0x7D, 0x0F, 0x2D, 0x7C, 
        0x0F, 0x2D, 0x7C, 0x10, 0x2F, 0x7D, 0x11, 0x30, 0x7E, 0x10, 0x2F, 0x7D, 0x10, 0x2F, 0x7D, 0x11, 0x30, 0x7F, 0x11, 0x30, 0x7F, 0x11, 0x30, 0x7F, 0x16, 0x38, 0x84, 0x1B, 0x3D, 0x86, 0x1A, 0x3D, 0x86, 0x1C, 0x3F, 0x87, 0x1E, 0x40, 0x87, 
        0x1D, 0x40, 0x87, 0x1D, 0x40, 0x87, 0x1E, 0x41, 0x87, 0x1F, 0x41, 0x87, 0x1E, 0x41, 0x87, 0x1F, 0x41, 0x87, 0x1E, 0x41, 0x87, 0x1D, 0x40, 0x87, 0x1E, 0x40, 0x87, 0x1D, 0x3F, 0x86, 0x1D, 0x3F, 0x86, 0x22, 0x44, 0x88, 0x24, 0x46, 0x89, 
        0x1F, 0x41, 0x87, 0x1B, 0x3E, 0x86, 0x1B, 0x3D, 0x86, 0x1C, 0x3E, 0x86, 0x1B, 0x3D, 0x85, 0x1A, 0x3C, 0x85, 0x1A, 0x3D, 0x85, 0x1A, 0x3D, 0x85, 0x1A, 0x3C, 0x85, 0x1A, 0x3C, 0x85, 0x1A, 0x3D, 0x85, 0x1A, 0x3D, 0x85, 0x19, 0x3C, 0x85, 
        0x18, 0x3B, 0x85, 0x19, 0x3C, 0x85, 0x18, 0x3B, 0x85, 0x1A, 0x3D, 0x85, 0x1E, 0x40, 0x87, 0x1C, 0x3E, 0x86, 0x1C, 0x3E, 0x86, 0x18, 0x3B, 0x85, 0x18, 0x3B, 0x85, 0x17, 0x3A, 0x84, 0x1A, 0x3D, 0x86, 0x19, 0x3C, 0x85, 0x18, 0x3B, 0x84, 
        0x18, 0x3A, 0x84, 0x17, 0x39, 0x84, 0x17, 0x3B, 0x84,
  0x47, 0x66, 0xB4, 0x12, 0x30, 0x80, 0x12, 0x30, 0x7F, 0x11, 0x2F, 0x7E, 0x11, 0x2F, 0x7D, 0x10, 0x2E, 0x7D, 0x10, 0x2E, 0x7C, 0x10, 0x2E, 0x7C, 0x10, 0x2E, 0x7C, 0x10, 0x2E, 0x7C, 0x10, 0x2E, 0x7C, 0x10, 0x2E, 0x7C, 0x0F, 0x2D, 0x7B, 0x0F, 0x2D, 0x7B, 
        0x10, 0x2D, 0x7C, 0x10, 0x2D, 0x7C, 0x0F, 0x2D, 0x7B, 0x0F, 0x2D, 0x7B, 0x10, 0x2D, 0x7B, 0x10, 0x2D, 0x7C, 0x10, 0x2D, 0x7B, 0x0F, 0x2D, 0x7B, 0x0F, 0x2C, 0x7A, 0x0F, 0x2C, 0x7B, 0x10, 0x2D, 0x7B, 0x10, 0x2D, 0x7C, 0x10, 0x2D, 0x7C, 
        0x0F, 0x2D, 0x7B, 0x0F, 0x2D, 0x7B, 0x10, 0x2D, 0x7C, 0x10, 0x2D, 0x7C, 0x0F, 0x2D, 0x7B, 0x0F, 0x2D, 0x7B, 0x0F, 0x2D, 0x7B, 0x0F, 0x2D, 0x7B, 0x0F, 0x2D, 0x7C, 0x0F, 0x2D, 0x7C, 0x0F, 0x2D, 0x7B, 0x0F, 0x2D, 0x7B, 0x10, 0x2D, 0x7C, 
        0x10, 0x2D, 0x7C, 0x0F, 0x2D, 0x7C, 0x0F, 0x2D, 0x7C, 0x10, 0x2E, 0x7C, 0x0F, 0x2D, 0x7C, 0x0F, 0x2D, 0x7B, 0x0F, 0x2D, 0x7C, 0x10, 0x2D, 0x7C, 0x10, 0x2D, 0x7C, 0x10, 0x2E, 0x7C, 0x11, 0x2F, 0x7D, 0x11, 0x2E, 0x7D, 0x11, 0x2F, 0x7D, 
        0x12, 0x31, 0x7E, 0x1B, 0x3C, 0x86, 0x2A, 0x49, 0x8C, 0x1B, 0x3D, 0x86, 0x0F, 0x2D, 0x7A, 0x0F, 0x2E, 0x7B, 0x10, 0x2E, 0x7C, 0x10, 0x2E, 0x7C, 0x0F, 0x2C, 0x7B, 0x0F, 0x2D, 0x7B, 0x0F, 0x2D, 0x7C, 0x0F, 0x2D, 0x7C, 0x0F, 0x2D, 0x7C, 
        0x10, 0x2E, 0x7C, 0x0F, 0x2E, 0x7C, 0x0F, 0x2E, 0x7C, 0x10, 0x2E, 0x7D, 0x10, 0x2F, 0x7D, 0x10, 0x2E, 0x7D, 0x10, 0x2E, 0x7D, 0x21, 0x3C, 0x86, 0xFF, 0xFF, 0xFF, 0xFF, 0xFF, 0xFF, 0xFF, 0xFF, 0xFF, 0xFF, 0xFF, 0xFF, 0xFF, 0xFF, 0xFF, 
        0xFF, 0xFF, 0xFF, 0xFF, 0xFF, 0xFF, 0xFF, 0xFF, 0xFF, 0xFF, 0xFF, 0xFF, 0xFF, 0xFF, 0xFF, 0xFF, 0xFF, 0xFF, 0xFF, 0xFF, 0xFF, 0x25, 0x42, 0x8B, 0x13, 0x33, 0x81, 0x13, 0x32, 0x81, 0x12, 0x32, 0x80, 0x11, 0x30, 0x7F, 0x10, 0x2F, 0x7E, 
        0x10, 0x2F, 0x7E, 0x10, 0x2F, 0x7E, 0x10, 0x30, 0x7E, 0x10, 0x30, 0x7E, 0x10, 0x30, 0x7F, 0x10, 0x2F, 0x7E, 0x0F, 0x2F, 0x7E, 0x10, 0x2F, 0x7E, 0x10, 0x2F, 0x7E, 0x10, 0x2F, 0x7E, 0x0F, 0x2E, 0x7D, 0x10, 0x2F, 0x7E, 0x10, 0x2F, 0x7E, 
        0x0F, 0x2E, 0x7D, 0x0F, 0x2F, 0x7E, 0x10, 0x30, 0x7F, 0x10, 0x30, 0x7F, 0x10, 0x2F, 0x7E, 0x11, 0x31, 0x80, 0x12, 0x32, 0x81, 0x11, 0x31, 0x80, 0x12, 0x32, 0x81, 0x19, 0x3D, 0x87, 0x1D, 0x40, 0x88, 0x1D, 0x40, 0x88, 0x1E, 0x41, 0x89, 
        0x1E, 0x41, 0x89, 0x1E, 0x41, 0x89, 0x1F, 0x42, 0x89, 0x1F, 0x42, 0x89, 0x1E, 0x42, 0x89, 0x20, 0x43, 0x89, 0x21, 0x43, 0x89, 0x1E, 0x41, 0x89, 0x1D, 0x40, 0x88, 0x1D, 0x40, 0x88, 0x1D, 0x40, 0x88, 0x20, 0x42, 0x89, 0x20, 0x43, 0x89, 
        0x1C, 0x3F, 0x88, 0x1B, 0x3E, 0x87, 0x1C, 0x3F, 0x88, 0x1C, 0x3F, 0x87, 0x1B, 0x3E, 0x87, 0x1A, 0x3E, 0x87, 0x1B, 0x3E, 0x87, 0x1B, 0x3E, 0x87, 0x1A, 0x3D, 0x87, 0x19, 0x3D, 0x87, 0x1A, 0x3D, 0x87, 0x19, 0x3C, 0x86, 0x19, 0x3D, 0x86, 
        0x19, 0x3C, 0x86, 0x1A, 0x3D, 0x87, 0x19, 0x3C, 0x86, 0x18, 0x3C, 0x86, 0x18, 0x3C, 0x86, 0x18, 0x3C, 0x86, 0x18, 0x3C, 0x86, 0x18, 0x3C, 0x86, 0x19, 0x3C, 0x86, 0x18, 0x3B, 0x86, 0x18, 0x3B, 0x86, 0x17, 0x3B, 0x86, 0x18, 0x3B, 0x86, 
        0x17, 0x3B, 0x86, 0x17, 0x3B, 0x86, 0x17, 0x3C, 0x86,
  0x45, 0x60, 0xAE, 0x12, 0x31, 0x81, 0x12, 0x31, 0x80, 0x11, 0x31, 0x80, 0x10, 0x2F, 0x7E, 0x0F, 0x2D, 0x7D, 0x10, 0x2E, 0x7D, 0x11, 0x2F, 0x7F, 0x11, 0x30, 0x7F, 0x10, 0x2F, 0x7E, 0x10, 0x2E, 0x7D, 0x10, 0x2E, 0x7D, 0x0F, 0x2D, 0x7D, 0x0F, 0x2D, 0x7D, 
        0x0F, 0x2D, 0x7C, 0x10, 0x2E, 0x7D, 0x0F, 0x2D, 0x7C, 0x0F, 0x2C, 0x7B, 0x0F, 0x2D, 0x7C, 0x10, 0x2E, 0x7D, 0x10, 0x2E, 0x7D, 0x10, 0x2E, 0x7D, 0x0F, 0x2D, 0x7C, 0x0F, 0x2E, 0x7C, 0x0F, 0x2E, 0x7C, 0x0F, 0x2D, 0x7C, 0x0F, 0x2E, 0x7D, 
        0x10, 0x2F, 0x7D, 0x10, 0x2E, 0x7D, 0x0F, 0x2E, 0x7D, 0x0F, 0x2E, 0x7C, 0x0F, 0x2D, 0x7C, 0x0F, 0x2D, 0x7C, 0x0F, 0x2D, 0x7D, 0x0F, 0x2E, 0x7D, 0x0F, 0x2E, 0x7D, 0x0F, 0x2E, 0x7D, 0x0F, 0x2E, 0x7D, 0x0F, 0x2E, 0x7C, 0x0F, 0x2D, 0x7C, 
        0x0F, 0x2D, 0x7C, 0x0F, 0x2E, 0x7D, 0x10, 0x2E, 0x7D, 0x10, 0x2F, 0x7E, 0x10, 0x2F, 0x7E, 0x10, 0x2E, 0x7D, 0x10, 0x2E, 0x7D, 0x10, 0x2E, 0x7D, 0x11, 0x30, 0x7F, 0x11, 0x2F, 0x7E, 0x11, 0x30, 0x7E, 0x12, 0x31, 0x80, 0x15, 0x35, 0x83, 
        0x1F, 0x42, 0x89, 0x29, 0x49, 0x8D, 0x1A, 0x3E, 0x88, 0x0F, 0x2D, 0x7C, 0x0F, 0x2E, 0x7D, 0x10, 0x2F, 0x7E, 0x10, 0x2E, 0x7E, 0x10, 0x2F, 0x7E, 0x10, 0x2F, 0x7E, 0x10, 0x2E, 0x7E, 0x10, 0x2F, 0x7E, 0x10, 0x2F, 0x7E, 0x0F, 0x2E, 0x7D, 
        0x10, 0x2E, 0x7D, 0x10, 0x2F, 0x7E, 0x0F, 0x2E, 0x7D, 0x0F, 0x2E, 0x7E, 0x0F, 0x2E, 0x7E, 0x10, 0x2F, 0x7E, 0x10, 0x2F, 0x7F, 0x20, 0x3D, 0x87, 0xFF, 0xFF, 0xFF, 0xFF, 0xFF, 0xFF, 0xFF, 0xFF, 0xFF, 0xF9, 0xFA, 0xFC, 0x78, 0x8A, 0xB7, 
        0x20, 0x3C, 0x86, 0x26, 0x42, 0x8B, 0x78, 0x89, 0xB7, 0xF9, 0xFA, 0xFC, 0xFF, 0xFF, 0xFF, 0xFF, 0xFF, 0xFF, 0xFF, 0xFF, 0xFF, 0x26, 0x44, 0x8D, 0x14, 0x34, 0x83, 0x13, 0x33, 0x82, 0x13, 0x33, 0x82, 0x12, 0x32, 0x81, 0x12, 0x33, 0x82, 
        0x12, 0x32, 0x82, 0x11, 0x31, 0x81, 0x10, 0x30, 0x80, 0x10, 0x30, 0x80, 0x10, 0x30, 0x80, 0x10, 0x30, 0x80, 0x10, 0x30, 0x7F, 0x10, 0x2F, 0x7F, 0x10, 0x30, 0x80, 0x10, 0x2F, 0x7F, 0x0F, 0x2F, 0x7F, 0x10, 0x2F, 0x7F, 0x10, 0x30, 0x80, 
        0x10, 0x31, 0x81, 0x11, 0x31, 0x81, 0x11, 0x32, 0x81, 0x11, 0x31, 0x81, 0x11, 0x31, 0x81, 0x11, 0x31, 0x82, 0x11, 0x32, 0x82, 0x12, 0x33, 0x82, 0x10, 0x31, 0x81, 0x14, 0x36, 0x84, 0x1C, 0x40, 0x8A, 0x1E, 0x42, 0x8A, 0x1F, 0x42, 0x8B, 
        0x1F, 0x43, 0x8B, 0x1F, 0x43, 0x8B, 0x1F, 0x43, 0x8B, 0x1F, 0x43, 0x8A, 0x1E, 0x43, 0x8A, 0x20, 0x44, 0x8B, 0x21, 0x44, 0x8B, 0x1E, 0x42, 0x8A, 0x1D, 0x41, 0x89, 0x1F, 0x42, 0x8A, 0x1E, 0x41, 0x8A, 0x1C, 0x40, 0x89, 0x1C, 0x3F, 0x89, 
        0x1B, 0x3F, 0x89, 0x1C, 0x40, 0x89, 0x1C, 0x40, 0x89, 0x1B, 0x3F, 0x89, 0x1B, 0x3F, 0x89, 0x1B, 0x3F, 0x89, 0x1B, 0x3F, 0x89, 0x1B, 0x3E, 0x89, 0x1A, 0x3E, 0x88, 0x1A, 0x3E, 0x88, 0x1A, 0x3D, 0x88, 0x19, 0x3D, 0x88, 0x19, 0x3E, 0x88, 
        0x19, 0x3E, 0x88, 0x19, 0x3D, 0x88, 0x18, 0x3C, 0x88, 0x19, 0x3D, 0x88, 0x18, 0x3D, 0x88, 0x1A, 0x3E, 0x88, 0x19, 0x3D, 0x88, 0x19, 0x3D, 0x88, 0x19, 0x3C, 0x88, 0x19, 0x3D, 0x88, 0x19, 0x3D, 0x88, 0x18, 0x3C, 0x88, 0x18, 0x3C, 0x88, 
        0x18, 0x3C, 0x88, 0x18, 0x3C, 0x88, 0x18, 0x3D, 0x87,
  0x46, 0x63, 0xB0, 0x12, 0x32, 0x84, 0x11, 0x31, 0x81, 0x11, 0x30, 0x81, 0x10, 0x2F, 0x80, 0x10, 0x2F, 0x80, 0x10, 0x30, 0x81, 0x10, 0x2F, 0x80, 0x10, 0x2F, 0x80, 0x10, 0x2E, 0x7F, 0x10, 0x2F, 0x7F, 0x10, 0x2F, 0x80, 0x10, 0x2F, 0x80, 0x10, 0x2F, 0x7F, 
        0x10, 0x2F, 0x7F, 0x10, 0x2F, 0x7F, 0x0F, 0x2E, 0x7E, 0x0F, 0x2D, 0x7E, 0x0F, 0x2E, 0x7F, 0x0F, 0x2E, 0x7F, 0x0F, 0x2E, 0x7F, 0x0F, 0x2E, 0x7F, 0x10, 0x2F, 0x7F, 0x10, 0x2F, 0x7F, 0x0F, 0x2E, 0x7F, 0x0F, 0x2E, 0x7E, 0x0F, 0x2E, 0x7F, 
        0x0F, 0x2E, 0x7F, 0x10, 0x2F, 0x7F, 0x0F, 0x2F, 0x7F, 0x0F, 0x2E, 0x7F, 0x0F, 0x2F, 0x7F, 0x0F, 0x2E, 0x7E, 0x0F, 0x2E, 0x7F, 0x10, 0x2F, 0x7F, 0x0F, 0x2E, 0x7F, 0x0F, 0x2E, 0x7F, 0x0F, 0x2E, 0x7F, 0x0F, 0x2E, 0x7E, 0x0F, 0x2E, 0x7E, 
        0x0F, 0x2F, 0x7F, 0x10, 0x2F, 0x80, 0x10, 0x2F, 0x80, 0x10, 0x30, 0x80, 0x10, 0x2F, 0x80, 0x10, 0x30, 0x80, 0x10, 0x2F, 0x80, 0x10, 0x30, 0x80, 0x11, 0x31, 0x81, 0x10, 0x30, 0x80, 0x13, 0x32, 0x83, 0x1A, 0x3C, 0x89, 0x25, 0x46, 0x8E, 
        0x29, 0x4B, 0x8F, 0x19, 0x3E, 0x89, 0x0E, 0x2E, 0x7D, 0x0F, 0x2E, 0x7F, 0x10, 0x2F, 0x80, 0x10, 0x2F, 0x80, 0x10, 0x30, 0x81, 0x10, 0x31, 0x81, 0x10, 0x2F, 0x80, 0x10, 0x2F, 0x80, 0x10, 0x2F, 0x80, 0x10, 0x2F, 0x80, 0x10, 0x30, 0x81, 
        0x10, 0x2F, 0x80, 0x10, 0x2F, 0x80, 0x10, 0x2F, 0x80, 0x10, 0x2F, 0x80, 0x10, 0x2F, 0x80, 0x10, 0x2F, 0x80, 0x10, 0x2F, 0x81, 0x20, 0x3D, 0x89, 0xA5, 0xB1, 0xCF, 0xFB, 0xFC, 0xFD, 0xFF, 0xFF, 0xFF, 0x7A, 0x8C, 0xB9, 0x10, 0x30, 0x81, 
        0x10, 0x31, 0x81, 0x10, 0x30, 0x81, 0x10, 0x30, 0x81, 0x78, 0x8A, 0xB7, 0xFF, 0xFF, 0xFF, 0xFB, 0xFC, 0xFD, 0xA8, 0xB4, 0xD2, 0x27, 0x46, 0x90, 0x15, 0x37, 0x86, 0x15, 0x36, 0x86, 0x14, 0x35, 0x85, 0x13, 0x33, 0x84, 0x12, 0x33, 0x84, 
        0x11, 0x32, 0x83, 0x11, 0x31, 0x83, 0x11, 0x31, 0x83, 0x10, 0x31, 0x82, 0x10, 0x30, 0x82, 0x10, 0x30, 0x82, 0x10, 0x30, 0x82, 0x10, 0x30, 0x82, 0x10, 0x30, 0x82, 0x10, 0x30, 0x82, 0x10, 0x30, 0x82, 0x10, 0x31, 0x82, 0x10, 0x31, 0x83, 
        0x11, 0x32, 0x83, 0x11, 0x32, 0x83, 0x11, 0x32, 0x83, 0x10, 0x31, 0x83, 0x11, 0x32, 0x83, 0x11, 0x32, 0x84, 0x12, 0x34, 0x85, 0x12, 0x34, 0x85, 0x12, 0x34, 0x85, 0x10, 0x32, 0x83, 0x17, 0x3B, 0x89, 0x1F, 0x43, 0x8D, 0x1E, 0x43, 0x8D, 
        0x1F, 0x44, 0x8D, 0x1F, 0x44, 0x8D, 0x1F, 0x44, 0x8D, 0x1F, 0x44, 0x8D, 0x1E, 0x44, 0x8D, 0x1E, 0x43, 0x8C, 0x1E, 0x43, 0x8C, 0x1E, 0x42, 0x8C, 0x1E, 0x42, 0x8C, 0x1E, 0x42, 0x8C, 0x1D, 0x42, 0x8C, 0x1C, 0x41, 0x8C, 0x1C, 0x40, 0x8C, 
        0x1C, 0x40, 0x8B, 0x1C, 0x40, 0x8B, 0x1C, 0x40, 0x8B, 0x1B, 0x40, 0x8B, 0x1A, 0x3F, 0x8B, 0x1B, 0x40, 0x8B, 0x1B, 0x3F, 0x8B, 0x1A, 0x3F, 0x8B, 0x1A, 0x3F, 0x8B, 0x1A, 0x3F, 0x8B, 0x1A, 0x3F, 0x8B, 0x1A, 0x3F, 0x8B, 0x1A, 0x3F, 0x8B, 
        0x1A, 0x3E, 0x8A, 0x19, 0x3E, 0x8A, 0x19, 0x3E, 0x8A, 0x1A, 0x3E, 0x8A, 0x19, 0x3E, 0x8A, 0x19, 0x3E, 0x8A, 0x19, 0x3E, 0x8A, 0x19, 0x3E, 0x8A, 0x18, 0x3D, 0x8A, 0x19, 0x3E, 0x8A, 0x19, 0x3E, 0x8A, 0x19, 0x3E, 0x8A, 0x18, 0x3D, 0x8A, 
        0x18, 0x3D, 0x8A, 0x18, 0x3D, 0x8A, 0x18, 0x3E, 0x8A,
  0x47, 0x62, 0xB2, 0x12, 0x31, 0x85, 0x11, 0x31, 0x82, 0x11, 0x31, 0x82, 0x11, 0x30, 0x82, 0x10, 0x2F, 0x81, 0x10, 0x2F, 0x81, 0x10, 0x2F, 0x81, 0x10, 0x2F, 0x81, 0x10, 0x2F, 0x81, 0x10, 0x2F, 0x81, 0x10, 0x2F, 0x81, 0x10, 0x2F, 0x81, 0x10, 0x2F, 0x80, 
        0x10, 0x2F, 0x81, 0x10, 0x2F, 0x80, 0x10, 0x2F, 0x80, 0x10, 0x2F, 0x80, 0x0F, 0x2F, 0x80, 0x0F, 0x2F, 0x80, 0x10, 0x2F, 0x80, 0x10, 0x2F, 0x81, 0x10, 0x30, 0x81, 0x10, 0x2F, 0x81, 0x10, 0x2F, 0x81, 0x10, 0x2F, 0x81, 0x0F, 0x2F, 0x80, 
        0x0F, 0x2F, 0x80, 0x0F, 0x2F, 0x80, 0x0F, 0x2F, 0x80, 0x0F, 0x2F, 0x80, 0x0F, 0x2F, 0x81, 0x0F, 0x2F, 0x81, 0x0F, 0x30, 0x81, 0x0F, 0x2F, 0x80, 0x0F, 0x2F, 0x80, 0x0F, 0x2F, 0x80, 0x0F, 0x2F, 0x80, 0x0F, 0x2F, 0x81, 0x0F, 0x2F, 0x81, 
        0x10, 0x30, 0x82, 0x10, 0x30, 0x81, 0x10, 0x30, 0x81, 0x10, 0x2F, 0x81, 0x10, 0x30, 0x81, 0x10, 0x30, 0x81, 0x11, 0x30, 0x81, 0x12, 0x31, 0x82, 0x12, 0x31, 0x82, 0x13, 0x33, 0x84, 0x17, 0x39, 0x88, 0x20, 0x43, 0x8D, 0x2A, 0x4B, 0x91, 
        0x1A, 0x3E, 0x8C, 0x0F, 0x2E, 0x7F, 0x0F, 0x2F, 0x80, 0x10, 0x31, 0x82, 0x10, 0x31, 0x82, 0x10, 0x30, 0x82, 0x10, 0x30, 0x82, 0x10, 0x31, 0x83, 0x10, 0x30, 0x82, 0x10, 0x30, 0x81, 0x10, 0x30, 0x82, 0x10, 0x30, 0x82, 0x10, 0x30, 0x82, 
        0x10, 0x30, 0x81, 0x10, 0x30, 0x81, 0x10, 0x30, 0x82, 0x10, 0x30, 0x82, 0x10, 0x31, 0x82, 0x11, 0x32, 0x84, 0x10, 0x31, 0x83, 0x10, 0x31, 0x83, 0x10, 0x30, 0x82, 0x2C, 0x48, 0x91, 0x7D, 0x8E, 0xBB, 0x20, 0x3E, 0x8B, 0x10, 0x31, 0x83, 
        0x10, 0x31, 0x83, 0x10, 0x31, 0x83, 0x10, 0x31, 0x83, 0x20, 0x3E, 0x8B, 0x7D, 0x8F, 0xBC, 0x2F, 0x4D, 0x95, 0x1B, 0x3E, 0x8C, 0x18, 0x3B, 0x8A, 0x17, 0x39, 0x88, 0x16, 0x38, 0x88, 0x14, 0x36, 0x87, 0x14, 0x36, 0x87, 0x13, 0x35, 0x86, 
        0x12, 0x34, 0x85, 0x11, 0x33, 0x85, 0x11, 0x32, 0x84, 0x11, 0x32, 0x84, 0x11, 0x32, 0x85, 0x11, 0x32, 0x84, 0x10, 0x32, 0x84, 0x10, 0x31, 0x83, 0x10, 0x31, 0x83, 0x10, 0x31, 0x84, 0x10, 0x31, 0x83, 0x10, 0x31, 0x83, 0x10, 0x31, 0x84, 
        0x10, 0x31, 0x84, 0x11, 0x33, 0x85, 0x11, 0x33, 0x85, 0x10, 0x32, 0x84, 0x10, 0x31, 0x84, 0x10, 0x32, 0x84, 0x11, 0x33, 0x86, 0x11, 0x33, 0x86, 0x11, 0x33, 0x85, 0x10, 0x32, 0x85, 0x11, 0x33, 0x86, 0x1C, 0x40, 0x8D, 0x20, 0x45, 0x8F, 
        0x1E, 0x44, 0x8E, 0x1F, 0x45, 0x8E, 0x1F, 0x45, 0x8E, 0x1F, 0x45, 0x8E, 0x1F, 0x44, 0x8E, 0x1F, 0x44, 0x8E, 0x1F, 0x43, 0x8E, 0x1E, 0x43, 0x8E, 0x1E, 0x43, 0x8E, 0x1D, 0x42, 0x8D, 0x1D, 0x42, 0x8D, 0x1D, 0x42, 0x8D, 0x1D, 0x41, 0x8D, 
        0x1C, 0x41, 0x8D, 0x1C, 0x41, 0x8D, 0x1B, 0x40, 0x8D, 0x1B, 0x40, 0x8D, 0x1B, 0x40, 0x8D, 0x1B, 0x40, 0x8D, 0x1B, 0x40, 0x8C, 0x1B, 0x40, 0x8C, 0x1A, 0x40, 0x8D, 0x1A, 0x40, 0x8C, 0x19, 0x3F, 0x8C, 0x1A, 0x3F, 0x8C, 0x1A, 0x3F, 0x8C, 
        0x1A, 0x3F, 0x8C, 0x19, 0x3F, 0x8C, 0x19, 0x3F, 0x8C, 0x1A, 0x3F, 0x8C, 0x19, 0x3F, 0x8C, 0x19, 0x3F, 0x8C, 0x19, 0x3E, 0x8C, 0x19, 0x3E, 0x8C, 0x19, 0x3F, 0x8C, 0x19, 0x3F, 0x8C, 0x19, 0x3E, 0x8C, 0x19, 0x3E, 0x8C, 0x18, 0x3E, 0x8C, 
        0x18, 0x3E, 0x8C, 0x17, 0x3E, 0x8C, 0x17, 0x3F, 0x8B,
  0x47, 0x62, 0xB2, 0x11, 0x31, 0x84, 0x10, 0x31, 0x83, 0x11, 0x32, 0x84, 0x11, 0x32, 0x84, 0x10, 0x30, 0x83, 0x0F, 0x2F, 0x82, 0x10, 0x30, 0x82, 0x10, 0x30, 0x83, 0x10, 0x30, 0x82, 0x10, 0x30, 0x83, 0x10, 0x30, 0x83, 0x10, 0x30, 0x83, 0x10, 0x30, 0x83, 
        0x10, 0x30, 0x82, 0x0F, 0x2F, 0x82, 0x0F, 0x30, 0x82, 0x0F, 0x2F, 0x82, 0x0F, 0x2F, 0x81, 0x0F, 0x2F, 0x81, 0x10, 0x30, 0x83, 0x10, 0x31, 0x83, 0x10, 0x30, 0x82, 0x0F, 0x30, 0x82, 0x10, 0x30, 0x82, 0x10, 0x30, 0x83, 0x0F, 0x30, 0x82, 
        0x0F, 0x30, 0x81, 0x0F, 0x30, 0x82, 0x0F, 0x30, 0x82, 0x0F, 0x30, 0x82, 0x0F, 0x30, 0x82, 0x0F, 0x30, 0x82, 0x0F, 0x2F, 0x81, 0x0F, 0x2F, 0x81, 0x0F, 0x2F, 0x81, 0x0F, 0x30, 0x82, 0x0F, 0x30, 0x82, 0x0F, 0x30, 0x82, 0x0F, 0x30, 0x82, 
        0x10, 0x30, 0x82, 0x10, 0x30, 0x83, 0x10, 0x30, 0x82, 0x10, 0x30, 0x83, 0x11, 0x31, 0x83, 0x10, 0x31, 0x83, 0x11, 0x31, 0x83, 0x12, 0x33, 0x85, 0x13, 0x33, 0x85, 0x1B, 0x3E, 0x8C, 0x22, 0x45, 0x8F, 0x24, 0x47, 0x90, 0x25, 0x47, 0x90, 
        0x14, 0x36, 0x88, 0x0F, 0x2F, 0x82, 0x10, 0x31, 0x84, 0x10, 0x31, 0x83, 0x10, 0x31, 0x83, 0x10, 0x31, 0x83, 0x10, 0x31, 0x83, 0x10, 0x30, 0x83, 0x10, 0x30, 0x83, 0x10, 0x31, 0x84, 0x10, 0x31, 0x84, 0x10, 0x31, 0x83, 0x10, 0x30, 0x83, 
        0x10, 0x31, 0x83, 0x10, 0x31, 0x84, 0x10, 0x31, 0x83, 0x10, 0x31, 0x83, 0x11, 0x32, 0x84, 0x12, 0x34, 0x86, 0x10, 0x31, 0x84, 0x10, 0x31, 0x84, 0x10, 0x31, 0x84, 0x10, 0x31, 0x84, 0x11, 0x32, 0x85, 0x10, 0x31, 0x84, 0x10, 0x31, 0x84, 
        0x10, 0x32, 0x84, 0x11, 0x32, 0x85, 0x10, 0x32, 0x85, 0x10, 0x32, 0x85, 0x10, 0x32, 0x85, 0x11, 0x32, 0x85, 0x18, 0x3B, 0x8B, 0x1B, 0x3E, 0x8D, 0x17, 0x3B, 0x8A, 0x16, 0x39, 0x8A, 0x16, 0x39, 0x8A, 0x14, 0x37, 0x89, 0x14, 0x36, 0x88, 
        0x13, 0x36, 0x88, 0x13, 0x35, 0x88, 0x12, 0x34, 0x87, 0x11, 0x34, 0x86, 0x11, 0x33, 0x86, 0x10, 0x32, 0x86, 0x10, 0x32, 0x85, 0x10, 0x33, 0x85, 0x10, 0x33, 0x85, 0x11, 0x33, 0x86, 0x10, 0x33, 0x85, 0x10, 0x32, 0x85, 0x10, 0x33, 0x86, 
        0x10, 0x33, 0x86, 0x10, 0x32, 0x86, 0x10, 0x32, 0x86, 0x10, 0x32, 0x86, 0x10, 0x32, 0x86, 0x10, 0x32, 0x85, 0x11, 0x34, 0x87, 0x10, 0x33, 0x87, 0x11, 0x33, 0x87, 0x11, 0x34, 0x87, 0x10, 0x33, 0x86, 0x14, 0x38, 0x8A, 0x20, 0x45, 0x90, 
        0x21, 0x46, 0x90, 0x1F, 0x46, 0x90, 0x1F, 0x45, 0x90, 0x20, 0x46, 0x90, 0x21, 0x46, 0x90, 0x1F, 0x44, 0x8F, 0x1F, 0x44, 0x8F, 0x1E, 0x44, 0x8F, 0x1E, 0x43, 0x8F, 0x1D, 0x43, 0x8F, 0x1D, 0x43, 0x8F, 0x1D, 0x42, 0x8F, 0x1D, 0x42, 0x8F, 
        0x1C, 0x42, 0x8F, 0x1C, 0x42, 0x8E, 0x1B, 0x41, 0x8E, 0x1C, 0x41, 0x8E, 0x1C, 0x41, 0x8E, 0x1D, 0x42, 0x8F, 0x1D, 0x42, 0x8F, 0x1C, 0x42, 0x8F, 0x1C, 0x42, 0x8E, 0x1A, 0x40, 0x8E, 0x1F, 0x45, 0x90, 0x1F, 0x44, 0x90, 0x1A, 0x40, 0x8E, 
        0x19, 0x3F, 0x8E, 0x1A, 0x40, 0x8E, 0x1A, 0x40, 0x8E, 0x1A, 0x40, 0x8E, 0x1A, 0x40, 0x8E, 0x19, 0x3F, 0x8E, 0x19, 0x3F, 0x8E, 0x19, 0x3F, 0x8E, 0x1A, 0x40, 0x8E, 0x1A, 0x40, 0x8E, 0x19, 0x40, 0x8D, 0x19, 0x3E, 0x8D, 0x1A, 0x3E, 0x8D, 
        0x19, 0x3F, 0x8D, 0x18, 0x3E, 0x8D, 0x17, 0x3F, 0x8C,
  0x45, 0x5F, 0xAE, 0x11, 0x32, 0x86, 0x10, 0x30, 0x84, 0x10, 0x30, 0x84, 0x10, 0x31, 0x84, 0x10, 0x31, 0x84, 0x10, 0x31, 0x85, 0x10, 0x31, 0x85, 0x10, 0x32, 0x84, 0x10, 0x31, 0x84, 0x10, 0x31, 0x84, 0x10, 0x31, 0x84, 0x10, 0x31, 0x84, 0x10, 0x31, 0x84, 
        0x10, 0x30, 0x83, 0x0F, 0x30, 0x83, 0x0F, 0x30, 0x83, 0x0F, 0x30, 0x83, 0x0F, 0x30, 0x83, 0x10, 0x30, 0x84, 0x0F, 0x30, 0x83, 0x10, 0x30, 0x84, 0x10, 0x32, 0x84, 0x10, 0x31, 0x84, 0x10, 0x31, 0x84, 0x10, 0x31, 0x83, 0x0F, 0x30, 0x83, 
        0x10, 0x31, 0x84, 0x0F, 0x31, 0x83, 0x0F, 0x31, 0x83, 0x0F, 0x31, 0x84, 0x0F, 0x30, 0x83, 0x0F, 0x2F, 0x82, 0x0F, 0x2F, 0x82, 0x0F, 0x30, 0x83, 0x0F, 0x30, 0x83, 0x0F, 0x30, 0x83, 0x0F, 0x31, 0x84, 0x10, 0x31, 0x84, 0x10, 0x31, 0x84, 
        0x10, 0x31, 0x84, 0x10, 0x31, 0x84, 0x10, 0x32, 0x85, 0x10, 0x32, 0x84, 0x10, 0x31, 0x85, 0x11, 0x33, 0x85, 0x13, 0x33, 0x86, 0x14, 0x36, 0x88, 0x17, 0x3B, 0x8B, 0x22, 0x46, 0x91, 0x24, 0x47, 0x92, 0x19, 0x3E, 0x8D, 0x15, 0x38, 0x8A, 
        0x11, 0x33, 0x86, 0x10, 0x31, 0x84, 0x11, 0x32, 0x85, 0x10, 0x32, 0x85, 0x10, 0x31, 0x84, 0x10, 0x32, 0x85, 0x10, 0x32, 0x85, 0x10, 0x32, 0x85, 0x10, 0x32, 0x85, 0x10, 0x32, 0x85, 0x10, 0x32, 0x85, 0x10, 0x32, 0x85, 0x10, 0x32, 0x85, 
        0x10, 0x32, 0x85, 0x10, 0x32, 0x85, 0x10, 0x32, 0x85, 0x10, 0x32, 0x85, 0x10, 0x31, 0x85, 0x10, 0x31, 0x85, 0x10, 0x32, 0x85, 0x10, 0x31, 0x85, 0x10, 0x31, 0x85, 0x14, 0x38, 0x8A, 0x17, 0x3B, 0x8D, 0x11, 0x33, 0x87, 0x10, 0x31, 0x85, 
        0x11, 0x33, 0x86, 0x11, 0x33, 0x86, 0x10, 0x33, 0x86, 0x11, 0x33, 0x86, 0x11, 0x33, 0x87, 0x10, 0x32, 0x86, 0x11, 0x33, 0x86, 0x19, 0x3E, 0x8E, 0x19, 0x3D, 0x8D, 0x16, 0x3A, 0x8B, 0x17, 0x3A, 0x8C, 0x17, 0x3A, 0x8C, 0x14, 0x38, 0x8A, 
        0x13, 0x36, 0x89, 0x13, 0x36, 0x89, 0x12, 0x35, 0x89, 0x12, 0x34, 0x88, 0x11, 0x34, 0x88, 0x11, 0x34, 0x87, 0x10, 0x33, 0x86, 0x10, 0x33, 0x86, 0x10, 0x33, 0x86, 0x10, 0x33, 0x87, 0x11, 0x34, 0x87, 0x11, 0x34, 0x87, 0x11, 0x34, 0x87, 
        0x11, 0x34, 0x87, 0x10, 0x33, 0x87, 0x11, 0x34, 0x87, 0x11, 0x34, 0x88, 0x11, 0x34, 0x87, 0x10, 0x33, 0x87, 0x11, 0x35, 0x89, 0x11, 0x34, 0x88, 0x12, 0x36, 0x8A, 0x12, 0x36, 0x8A, 0x12, 0x36, 0x89, 0x11, 0x35, 0x89, 0x18, 0x3F, 0x8F, 
        0x22, 0x48, 0x92, 0x1F, 0x46, 0x92, 0x1F, 0x47, 0x91, 0x1F, 0x46, 0x91, 0x1F, 0x46, 0x91, 0x1E, 0x45, 0x91, 0x1E, 0x45, 0x91, 0x1E, 0x44, 0x91, 0x1E, 0x44, 0x90, 0x1E, 0x44, 0x90, 0x1D, 0x44, 0x90, 0x1D, 0x43, 0x90, 0x1C, 0x43, 0x90, 
        0x1C, 0x43, 0x90, 0x1D, 0x43, 0x90, 0x1D, 0x43, 0x90, 0x1C, 0x42, 0x90, 0x1B, 0x42, 0x90, 0x1C, 0x42, 0x90, 0x1C, 0x42, 0x90, 0x1B, 0x41, 0x90, 0x1B, 0x42, 0x8F, 0x1B, 0x42, 0x90, 0x23, 0x48, 0x93, 0x23, 0x48, 0x92, 0x1B, 0x42, 0x90, 
        0x19, 0x40, 0x8F, 0x1B, 0x41, 0x8F, 0x1A, 0x41, 0x8F, 0x19, 0x40, 0x8F, 0x1A, 0x41, 0x8F, 0x1A, 0x41, 0x8F, 0x1A, 0x40, 0x8F, 0x1A, 0x41, 0x8F, 0x1A, 0x41, 0x90, 0x1A, 0x41, 0x8F, 0x19, 0x40, 0x8F, 0x19, 0x3F, 0x8F, 0x1A, 0x3F, 0x8F, 
        0x19, 0x3F, 0x8F, 0x19, 0x41, 0x8F, 0x1A, 0x43, 0x8F,
  0x45, 0x5C, 0xAC, 0x11, 0x33, 0x87, 0x10, 0x32, 0x86, 0x10, 0x32, 0x86, 0x11, 0x33, 0x86, 0x11, 0x32, 0x86, 0x10, 0x32, 0x86, 0x10, 0x32, 0x86, 0x10, 0x31, 0x85, 0x10, 0x32, 0x85, 0x10, 0x32, 0x86, 0x10, 0x32, 0x86, 0x10, 0x31, 0x85, 0x10, 0x31, 0x85, 
        0x10, 0x31, 0x85, 0x10, 0x31, 0x85, 0x10, 0x31, 0x85, 0x10, 0x31, 0x85, 0x10, 0x31, 0x85, 0x10, 0x32, 0x86, 0x0F, 0x31, 0x85, 0x0F, 0x31, 0x85, 0x10, 0x32, 0x85, 0x0F, 0x31, 0x85, 0x0F, 0x31, 0x85, 0x10, 0x31, 0x85, 0x10, 0x32, 0x85, 
        0x10, 0x32, 0x85, 0x0F, 0x31, 0x84, 0x0F, 0x30, 0x84, 0x0F, 0x31, 0x85, 0x0F, 0x31, 0x85, 0x0F, 0x30, 0x84, 0x0F, 0x31, 0x85, 0x0F, 0x31, 0x85, 0x0F, 0x31, 0x85, 0x0F, 0x31, 0x85, 0x0F, 0x31, 0x85, 0x10, 0x32, 0x86, 0x10, 0x32, 0x86, 
        0x10, 0x31, 0x86, 0x10, 0x32, 0x86, 0x11, 0x32, 0x86, 0x11, 0x33, 0x87, 0x12, 0x34, 0x87, 0x12, 0x33, 0x87, 0x12, 0x33, 0x87, 0x16, 0x3A, 0x8C, 0x1F, 0x44, 0x91, 0x1E, 0x44, 0x91, 0x14, 0x38, 0x8A, 0x10, 0x31, 0x85, 0x10, 0x31, 0x86, 
        0x10, 0x32, 0x86, 0x10, 0x32, 0x86, 0x10, 0x33, 0x86, 0x10, 0x33, 0x86, 0x10, 0x32, 0x86, 0x10, 0x32, 0x86, 0x10, 0x33, 0x87, 0x10, 0x32, 0x87, 0x10, 0x32, 0x86, 0x10, 0x32, 0x86, 0x10, 0x33, 0x87, 0x10, 0x33, 0x87, 0x10, 0x33, 0x87, 
        0x10, 0x33, 0x87, 0x10, 0x33, 0x87, 0x10, 0x33, 0x87, 0x10, 0x33, 0x87, 0x10, 0x33, 0x87, 0x10, 0x33, 0x87, 0x10, 0x33, 0x87, 0x10, 0x33, 0x87, 0x10, 0x32, 0x87, 0x12, 0x35, 0x8A, 0x13, 0x37, 0x8B, 0x11, 0x33, 0x88, 0x10, 0x33, 0x87, 
        0x11, 0x34, 0x88, 0x11, 0x33, 0x88, 0x10, 0x33, 0x87, 0x11, 0x34, 0x88, 0x11, 0x34, 0x89, 0x11, 0x33, 0x88, 0x10, 0x32, 0x87, 0x14, 0x38, 0x8B, 0x1B, 0x41, 0x91, 0x19, 0x3F, 0x8F, 0x17, 0x3C, 0x8E, 0x17, 0x3B, 0x8D, 0x16, 0x3A, 0x8D, 
        0x15, 0x39, 0x8C, 0x14, 0x38, 0x8C, 0x13, 0x37, 0x8B, 0x12, 0x35, 0x8A, 0x11, 0x34, 0x89, 0x11, 0x34, 0x89, 0x11, 0x34, 0x89, 0x11, 0x35, 0x89, 0x11, 0x35, 0x89, 0x11, 0x34, 0x89, 0x10, 0x33, 0x88, 0x10, 0x33, 0x87, 0x10, 0x34, 0x88, 
        0x10, 0x34, 0x88, 0x11, 0x34, 0x89, 0x11, 0x35, 0x8A, 0x11, 0x34, 0x89, 0x10, 0x33, 0x88, 0x10, 0x34, 0x89, 0x11, 0x35, 0x8A, 0x11, 0x35, 0x8A, 0x12, 0x37, 0x8B, 0x11, 0x34, 0x89, 0x12, 0x36, 0x8B, 0x11, 0x35, 0x8A, 0x13, 0x38, 0x8C, 
        0x20, 0x47, 0x93, 0x21, 0x48, 0x94, 0x1F, 0x47, 0x93, 0x1F, 0x46, 0x92, 0x1F, 0x46, 0x93, 0x1F, 0x46, 0x93, 0x1E, 0x45, 0x92, 0x1E, 0x45, 0x92, 0x1E, 0x45, 0x92, 0x1E, 0x45, 0x92, 0x1D, 0x44, 0x92, 0x1D, 0x44, 0x92, 0x1D, 0x43, 0x92, 
        0x1C, 0x43, 0x91, 0x1C, 0x43, 0x92, 0x1C, 0x43, 0x92, 0x1C, 0x43, 0x91, 0x1C, 0x43, 0x91, 0x1C, 0x43, 0x91, 0x1B, 0x42, 0x91, 0x1B, 0x42, 0x91, 0x1A, 0x42, 0x91, 0x1B, 0x43, 0x91, 0x1A, 0x42, 0x91, 0x1B, 0x43, 0x91, 0x1B, 0x42, 0x91, 
        0x1A, 0x41, 0x91, 0x1B, 0x42, 0x91, 0x1A, 0x42, 0x91, 0x1A, 0x42, 0x91, 0x1A, 0x42, 0x91, 0x1B, 0x42, 0x91, 0x1A, 0x42, 0x91, 0x1A, 0x41, 0x91, 0x1A, 0x41, 0x91, 0x1A, 0x41, 0x91, 0x19, 0x40, 0x91, 0x19, 0x41, 0x91, 0x18, 0x41, 0x90, 
        0x18, 0x41, 0x91, 0x1F, 0x48, 0x93, 0x23, 0x4B, 0x94,
  0x48, 0x61, 0xB2, 0x11, 0x33, 0x89, 0x11, 0x33, 0x88, 0x11, 0x34, 0x88, 0x10, 0x33, 0x87, 0x10, 0x32, 0x86, 0x10, 0x32, 0x86, 0x10, 0x32, 0x86, 0x10, 0x32, 0x87, 0x10, 0x32, 0x87, 0x10, 0x32, 0x87, 0x10, 0x32, 0x87, 0x10, 0x32, 0x86, 0x10, 0x31, 0x86, 
        0x0F, 0x31, 0x86, 0x10, 0x32, 0x86, 0x10, 0x32, 0x86, 0x10, 0x32, 0x86, 0x10, 0x32, 0x87, 0x10, 0x32, 0x87, 0x10, 0x32, 0x87, 0x10, 0x32, 0x86, 0x0F, 0x31, 0x86, 0x0F, 0x31, 0x85, 0x0F, 0x32, 0x86, 0x10, 0x32, 0x87, 0x10, 0x32, 0x87, 
        0x0F, 0x32, 0x86, 0x0F, 0x32, 0x86, 0x0F, 0x31, 0x86, 0x0F, 0x31, 0x85, 0x0F, 0x31, 0x86, 0x0F, 0x32, 0x86, 0x0F, 0x32, 0x86, 0x0F, 0x32, 0x86, 0x10, 0x32, 0x87, 0x10, 0x32, 0x87, 0x10, 0x32, 0x87, 0x10, 0x32, 0x87, 0x10, 0x33, 0x88, 
        0x10, 0x32, 0x88, 0x11, 0x33, 0x88, 0x11, 0x34, 0x88, 0x12, 0x35, 0x89, 0x13, 0x35, 0x89, 0x12, 0x34, 0x89, 0x16, 0x3A, 0x8D, 0x20, 0x46, 0x93, 0x20, 0x46, 0x93, 0x14, 0x39, 0x8C, 0x10, 0x33, 0x87, 0x11, 0x33, 0x89, 0x10, 0x33, 0x88, 
        0x11, 0x34, 0x88, 0x11, 0x35, 0x89, 0x11, 0x34, 0x89, 0x11, 0x34, 0x89, 0x10, 0x33, 0x88, 0x10, 0x33, 0x88, 0x10, 0x33, 0x88, 0x10, 0x33, 0x88, 0x10, 0x33, 0x88, 0x10, 0x33, 0x88, 0x10, 0x33, 0x88, 0x10, 0x32, 0x87, 0x0F, 0x32, 0x87, 
        0x0F, 0x32, 0x87, 0x10, 0x34, 0x89, 0x11, 0x34, 0x89, 0x10, 0x33, 0x88, 0x10, 0x34, 0x89, 0x12, 0x36, 0x8A, 0x11, 0x34, 0x89, 0x10, 0x34, 0x89, 0x10, 0x33, 0x88, 0x10, 0x34, 0x89, 0x10, 0x33, 0x88, 0x11, 0x34, 0x89, 0x11, 0x35, 0x89, 
        0x11, 0x34, 0x89, 0x11, 0x34, 0x89, 0x11, 0x34, 0x89, 0x11, 0x35, 0x8A, 0x11, 0x35, 0x8A, 0x11, 0x35, 0x8A, 0x11, 0x35, 0x8A, 0x10, 0x34, 0x89, 0x17, 0x3E, 0x8F, 0x1D, 0x44, 0x93, 0x19, 0x3E, 0x90, 0x17, 0x3C, 0x8F, 0x17, 0x3C, 0x8F, 
        0x15, 0x3A, 0x8E, 0x14, 0x39, 0x8D, 0x14, 0x38, 0x8D, 0x13, 0x37, 0x8C, 0x12, 0x36, 0x8B, 0x12, 0x36, 0x8B, 0x11, 0x36, 0x8B, 0x11, 0x35, 0x8B, 0x11, 0x35, 0x8A, 0x11, 0x35, 0x8A, 0x11, 0x35, 0x8A, 0x11, 0x35, 0x8A, 0x10, 0x34, 0x8A, 
        0x0F, 0x33, 0x89, 0x10, 0x34, 0x8A, 0x11, 0x35, 0x8B, 0x10, 0x34, 0x8A, 0x10, 0x34, 0x8A, 0x11, 0x35, 0x8B, 0x11, 0x35, 0x8B, 0x11, 0x35, 0x8B, 0x12, 0x37, 0x8C, 0x11, 0x35, 0x8B, 0x12, 0x37, 0x8C, 0x11, 0x36, 0x8B, 0x10, 0x34, 0x8A, 
        0x18, 0x40, 0x92, 0x22, 0x4A, 0x95, 0x1F, 0x48, 0x94, 0x1F, 0x47, 0x94, 0x1F, 0x47, 0x94, 0x1E, 0x46, 0x94, 0x1E, 0x46, 0x94, 0x1E, 0x46, 0x94, 0x1E, 0x45, 0x94, 0x1D, 0x45, 0x93, 0x1D, 0x45, 0x93, 0x1D, 0x45, 0x93, 0x1C, 0x44, 0x93, 
        0x1C, 0x44, 0x93, 0x1D, 0x44, 0x93, 0x1D, 0x44, 0x93, 0x1C, 0x44, 0x93, 0x1C, 0x43, 0x93, 0x1C, 0x43, 0x93, 0x1B, 0x43, 0x93, 0x1C, 0x43, 0x93, 0x1C, 0x44, 0x93, 0x20, 0x47, 0x94, 0x1B, 0x43, 0x93, 0x1A, 0x42, 0x92, 0x1A, 0x42, 0x92, 
        0x1B, 0x43, 0x93, 0x1B, 0x43, 0x93, 0x1A, 0x42, 0x93, 0x1B, 0x43, 0x93, 0x1A, 0x42, 0x93, 0x1A, 0x43, 0x92, 0x1A, 0x42, 0x92, 0x1A, 0x42, 0x92, 0x1A, 0x42, 0x92, 0x1A, 0x42, 0x92, 0x1A, 0x42, 0x92, 0x19, 0x42, 0x92, 0x18, 0x42, 0x92, 
        0x18, 0x43, 0x93, 0x21, 0x4B, 0x96, 0x25, 0x4E, 0x96,
  0x42, 0x58, 0xA8, 0x11, 0x34, 0x8A, 0x11, 0x34, 0x89, 0x10, 0x33, 0x89, 0x10, 0x33, 0x88, 0x10, 0x33, 0x89, 0x10, 0x33, 0x89, 0x10, 0x34, 0x88, 0x11, 0x34, 0x89, 0x10, 0x33, 0x88, 0x10, 0x33, 0x88, 0x10, 0x33, 0x88, 0x10, 0x33, 0x88, 0x0F, 0x32, 0x87, 
        0x0F, 0x32, 0x87, 0x10, 0x33, 0x88, 0x10, 0x33, 0x88, 0x10, 0x33, 0x88, 0x10, 0x33, 0x89, 0x10, 0x33, 0x88, 0x10, 0x33, 0x88, 0x10, 0x33, 0x88, 0x10, 0x33, 0x88, 0x0F, 0x32, 0x88, 0x10, 0x33, 0x88, 0x10, 0x33, 0x88, 0x0F, 0x32, 0x88, 
        0x0F, 0x33, 0x88, 0x0F, 0x32, 0x87, 0x0F, 0x32, 0x87, 0x0F, 0x32, 0x87, 0x0F, 0x32, 0x87, 0x0F, 0x32, 0x87, 0x0F, 0x32, 0x88, 0x10, 0x33, 0x88, 0x10, 0x33, 0x88, 0x10, 0x33, 0x89, 0x10, 0x34, 0x89, 0x10, 0x33, 0x89, 0x10, 0x33, 0x89, 
        0x11, 0x34, 0x8A, 0x12, 0x35, 0x8B, 0x12, 0x35, 0x8A, 0x11, 0x34, 0x8A, 0x13, 0x37, 0x8C, 0x16, 0x3A, 0x8F, 0x25, 0x4B, 0x96, 0x22, 0x49, 0x96, 0x14, 0x38, 0x8C, 0x10, 0x33, 0x89, 0x11, 0x33, 0x8A, 0x11, 0x35, 0x8B, 0x11, 0x35, 0x8A, 
        0x11, 0x35, 0x8A, 0x14, 0x38, 0x8D, 0x14, 0x38, 0x8D, 0x13, 0x38, 0x8D, 0x12, 0x35, 0x8A, 0x11, 0x35, 0x8A, 0x11, 0x35, 0x8A, 0x10, 0x34, 0x89, 0x10, 0x34, 0x8A, 0x10, 0x34, 0x8A, 0x10, 0x33, 0x89, 0x12, 0x36, 0x8B, 0x14, 0x3A, 0x8E, 
        0x12, 0x37, 0x8D, 0x10, 0x34, 0x8A, 0x10, 0x34, 0x8A, 0x10, 0x34, 0x8A, 0x11, 0x35, 0x8A, 0x11, 0x35, 0x8B, 0x11, 0x35, 0x8B, 0x10, 0x35, 0x8A, 0x10, 0x35, 0x8A, 0x11, 0x35, 0x8B, 0x11, 0x35, 0x8B, 0x11, 0x35, 0x8B, 0x11, 0x35, 0x8B, 
        0x11, 0x35, 0x8B, 0x11, 0x35, 0x8B, 0x11, 0x36, 0x8C, 0x11, 0x35, 0x8B, 0x11, 0x35, 0x8B, 0x11, 0x36, 0x8C, 0x11, 0x36, 0x8C, 0x10, 0x35, 0x8B, 0x12, 0x37, 0x8B, 0x1A, 0x41, 0x93, 0x1C, 0x42, 0x93, 0x18, 0x3E, 0x91, 0x18, 0x3E, 0x92, 
        0x16, 0x3C, 0x90, 0x15, 0x3A, 0x90, 0x15, 0x3A, 0x8F, 0x14, 0x39, 0x8E, 0x13, 0x38, 0x8D, 0x13, 0x38, 0x8E, 0x12, 0x37, 0x8D, 0x11, 0x36, 0x8C, 0x11, 0x35, 0x8C, 0x11, 0x36, 0x8C, 0x11, 0x36, 0x8C, 0x11, 0x36, 0x8C, 0x11, 0x37, 0x8D, 
        0x11, 0x36, 0x8C, 0x11, 0x36, 0x8C, 0x10, 0x35, 0x8C, 0x10, 0x35, 0x8C, 0x11, 0x36, 0x8C, 0x11, 0x36, 0x8C, 0x10, 0x35, 0x8C, 0x11, 0x36, 0x8D, 0x12, 0x37, 0x8E, 0x12, 0x37, 0x8E, 0x12, 0x38, 0x8E, 0x12, 0x37, 0x8D, 0x10, 0x35, 0x8C, 
        0x11, 0x38, 0x8D, 0x1D, 0x47, 0x95, 0x21, 0x4A, 0x96, 0x1F, 0x48, 0x95, 0x1F, 0x47, 0x95, 0x1E, 0x47, 0x95, 0x1E, 0x47, 0x95, 0x1D, 0x46, 0x95, 0x1D, 0x46, 0x95, 0x1D, 0x46, 0x95, 0x1D, 0x45, 0x95, 0x1D, 0x45, 0x95, 0x1C, 0x44, 0x94, 
        0x1C, 0x44, 0x94, 0x1D, 0x46, 0x95, 0x1E, 0x46, 0x95, 0x1C, 0x44, 0x94, 0x1B, 0x44, 0x94, 0x1C, 0x44, 0x94, 0x1C, 0x44, 0x94, 0x1C, 0x44, 0x94, 0x1C, 0x44, 0x95, 0x1E, 0x46, 0x95, 0x1C, 0x44, 0x95, 0x1B, 0x44, 0x94, 0x1B, 0x44, 0x94, 
        0x1B, 0x44, 0x94, 0x1B, 0x44, 0x94, 0x1B, 0x43, 0x94, 0x1B, 0x43, 0x94, 0x1A, 0x43, 0x94, 0x1A, 0x43, 0x94, 0x1A, 0x43, 0x94, 0x1A, 0x42, 0x94, 0x1A, 0x43, 0x94, 0x1A, 0x43, 0x94, 0x1A, 0x43, 0x94, 0x1A, 0x42, 0x94, 0x1A, 0x42, 0x94, 
        0x19, 0x42, 0x94, 0x1D, 0x46, 0x95, 0x1D, 0x47, 0x95,
  0x41, 0x57, 0xA8, 0x11, 0x33, 0x8B, 0x10, 0x33, 0x8A, 0x10, 0x32, 0x89, 0x10, 0x33, 0x8A, 0x10, 0x33, 0x8A, 0x10, 0x32, 0x89, 0x10, 0x33, 0x89, 0x10, 0x33, 0x89, 0x10, 0x33, 0x89, 0x10, 0x33, 0x8A, 0x10, 0x33, 0x89, 0x10, 0x32, 0x89, 0x10, 0x33, 0x89, 
        0x10, 0x33, 0x8A, 0x10, 0x33, 0x8A, 0x10, 0x33, 0x8A, 0x10, 0x32, 0x89, 0x0F, 0x32, 0x89, 0x0F, 0x32, 0x89, 0x0F, 0x32, 0x88, 0x10, 0x33, 0x8A, 0x10, 0x33, 0x8A, 0x0F, 0x32, 0x89, 0x0F, 0x32, 0x89, 0x10, 0x33, 0x89, 0x0F, 0x32, 0x89, 
        0x0F, 0x32, 0x89, 0x0F, 0x32, 0x88, 0x0F, 0x32, 0x88, 0x0F, 0x32, 0x89, 0x0F, 0x32, 0x89, 0x10, 0x33, 0x89, 0x10, 0x33, 0x89, 0x10, 0x33, 0x8A, 0x10, 0x33, 0x8A, 0x10, 0x33, 0x8A, 0x10, 0x33, 0x8A, 0x11, 0x33, 0x8B, 0x11, 0x34, 0x8B, 
        0x11, 0x34, 0x8B, 0x11, 0x34, 0x8B, 0x11, 0x33, 0x8A, 0x13, 0x36, 0x8D, 0x16, 0x3B, 0x90, 0x1E, 0x43, 0x95, 0x20, 0x46, 0x96, 0x13, 0x38, 0x8D, 0x10, 0x33, 0x8A, 0x13, 0x36, 0x8D, 0x12, 0x35, 0x8D, 0x10, 0x34, 0x8B, 0x11, 0x35, 0x8B, 
        0x11, 0x35, 0x8C, 0x13, 0x37, 0x8E, 0x13, 0x38, 0x8F, 0x13, 0x38, 0x8E, 0x11, 0x35, 0x8C, 0x11, 0x34, 0x8B, 0x11, 0x35, 0x8C, 0x10, 0x34, 0x8B, 0x10, 0x34, 0x8B, 0x10, 0x33, 0x8A, 0x10, 0x34, 0x8B, 0x19, 0x3F, 0x94, 0x24, 0x4A, 0x99, 
        0x1A, 0x42, 0x95, 0x10, 0x34, 0x8B, 0x10, 0x34, 0x8B, 0x11, 0x35, 0x8C, 0x10, 0x34, 0x8B, 0x10, 0x33, 0x8B, 0x11, 0x36, 0x8D, 0x15, 0x3B, 0x91, 0x11, 0x36, 0x8D, 0x10, 0x34, 0x8B, 0x11, 0x35, 0x8D, 0x11, 0x35, 0x8D, 0x11, 0x35, 0x8D, 
        0x11, 0x35, 0x8D, 0x11, 0x35, 0x8D, 0x11, 0x35, 0x8D, 0x11, 0x35, 0x8D, 0x11, 0x35, 0x8D, 0x11, 0x36, 0x8E, 0x11, 0x36, 0x8E, 0x11, 0x36, 0x8D, 0x11, 0x35, 0x8C, 0x13, 0x39, 0x8F, 0x1C, 0x43, 0x95, 0x1A, 0x41, 0x94, 0x18, 0x3F, 0x93, 
        0x17, 0x3D, 0x92, 0x17, 0x3C, 0x92, 0x16, 0x3B, 0x92, 0x15, 0x3B, 0x91, 0x14, 0x39, 0x90, 0x12, 0x37, 0x8F, 0x11, 0x37, 0x8E, 0x12, 0x37, 0x8F, 0x12, 0x37, 0x8E, 0x11, 0x37, 0x8E, 0x11, 0x36, 0x8D, 0x10, 0x35, 0x8C, 0x10, 0x35, 0x8D, 
        0x10, 0x35, 0x8D, 0x10, 0x35, 0x8D, 0x10, 0x35, 0x8D, 0x10, 0x35, 0x8D, 0x11, 0x36, 0x8D, 0x10, 0x35, 0x8D, 0x10, 0x34, 0x8D, 0x11, 0x36, 0x8E, 0x11, 0x36, 0x8E, 0x11, 0x36, 0x8E, 0x11, 0x37, 0x8F, 0x12, 0x37, 0x8F, 0x12, 0x38, 0x90, 
        0x10, 0x36, 0x8E, 0x15, 0x3E, 0x92, 0x21, 0x49, 0x98, 0x1F, 0x48, 0x97, 0x1F, 0x47, 0x97, 0x1F, 0x47, 0x97, 0x1E, 0x47, 0x97, 0x1E, 0x46, 0x97, 0x1E, 0x46, 0x97, 0x1E, 0x46, 0x97, 0x1D, 0x45, 0x97, 0x1D, 0x45, 0x97, 0x1D, 0x45, 0x96, 
        0x1D, 0x45, 0x96, 0x1D, 0x45, 0x96, 0x1D, 0x45, 0x96, 0x1C, 0x44, 0x96, 0x1C, 0x44, 0x96, 0x1B, 0x44, 0x96, 0x1B, 0x44, 0x96, 0x1B, 0x44, 0x96, 0x1B, 0x44, 0x96, 0x1B, 0x43, 0x96, 0x1B, 0x43, 0x96, 0x1B, 0x43, 0x96, 0x1C, 0x43, 0x96, 
        0x1C, 0x44, 0x96, 0x1B, 0x44, 0x96, 0x1B, 0x44, 0x96, 0x1B, 0x44, 0x96, 0x1B, 0x44, 0x96, 0x1A, 0x43, 0x96, 0x1C, 0x44, 0x96, 0x1E, 0x46, 0x97, 0x1B, 0x44, 0x96, 0x1A, 0x43, 0x95, 0x1A, 0x43, 0x96, 0x1A, 0x43, 0x96, 0x1A, 0x43, 0x96, 
        0x1A, 0x43, 0x96, 0x19, 0x42, 0x96, 0x18, 0x43, 0x94,
  0x45, 0x5D, 0xAE, 0x11, 0x34, 0x8D, 0x10, 0x34, 0x8C, 0x10, 0x34, 0x8C, 0x10, 0x34, 0x8B, 0x10, 0x33, 0x8A, 0x10, 0x33, 0x8A, 0x10, 0x33, 0x8B, 0x0F, 0x33, 0x8A, 0x10, 0x34, 0x8B, 0x10, 0x34, 0x8B, 0x10, 0x33, 0x8B, 0x10, 0x33, 0x8B, 0x10, 0x34, 0x8B, 
        0x0F, 0x33, 0x8A, 0x0F, 0x33, 0x8A, 0x10, 0x33, 0x8A, 0x10, 0x33, 0x8A, 0x10, 0x33, 0x8A, 0x0F, 0x33, 0x8A, 0x10, 0x33, 0x8A, 0x10, 0x34, 0x8B, 0x10, 0x34, 0x8B, 0x0F, 0x33, 0x8A, 0x0F, 0x33, 0x8B, 0x0F, 0x33, 0x8B, 0x0F, 0x33, 0x8A, 
        0x0F, 0x32, 0x8A, 0x0F, 0x33, 0x8A, 0x10, 0x33, 0x8B, 0x10, 0x33, 0x8B, 0x10, 0x33, 0x8B, 0x10, 0x34, 0x8B, 0x10, 0x34, 0x8B, 0x10, 0x34, 0x8B, 0x10, 0x33, 0x8B, 0x10, 0x34, 0x8C, 0x10, 0x34, 0x8C, 0x11, 0x34, 0x8D, 0x11, 0x35, 0x8D, 
        0x11, 0x36, 0x8D, 0x12, 0x36, 0x8D, 0x14, 0x39, 0x90, 0x18, 0x3E, 0x93, 0x1E, 0x44, 0x97, 0x25, 0x4B, 0x99, 0x17, 0x3D, 0x93, 0x11, 0x33, 0x8C, 0x12, 0x36, 0x8E, 0x12, 0x36, 0x8E, 0x12, 0x36, 0x8D, 0x11, 0x35, 0x8C, 0x11, 0x35, 0x8D, 
        0x10, 0x35, 0x8D, 0x10, 0x35, 0x8D, 0x11, 0x36, 0x8E, 0x11, 0x36, 0x8D, 0x11, 0x35, 0x8D, 0x10, 0x34, 0x8D, 0x10, 0x35, 0x8C, 0x10, 0x35, 0x8C, 0x10, 0x35, 0x8D, 0x10, 0x35, 0x8C, 0x10, 0x34, 0x8C, 0x17, 0x3F, 0x94, 0x21, 0x49, 0x99, 
        0x17, 0x3F, 0x94, 0x11, 0x35, 0x8D, 0x10, 0x34, 0x8C, 0x10, 0x35, 0x8C, 0x12, 0x37, 0x8E, 0x11, 0x34, 0x8C, 0x11, 0x35, 0x8D, 0x14, 0x3A, 0x91, 0x12, 0x38, 0x8F, 0x10, 0x35, 0x8D, 0x11, 0x36, 0x8E, 0x11, 0x36, 0x8E, 0x11, 0x35, 0x8F, 
        0x11, 0x35, 0x8F, 0x11, 0x36, 0x8F, 0x11, 0x36, 0x8F, 0x11, 0x36, 0x8F, 0x12, 0x36, 0x90, 0x11, 0x36, 0x8F, 0x12, 0x37, 0x90, 0x12, 0x37, 0x8F, 0x12, 0x37, 0x8F, 0x11, 0x36, 0x8E, 0x15, 0x3D, 0x92, 0x1D, 0x45, 0x98, 0x1B, 0x42, 0x95, 
        0x19, 0x3F, 0x94, 0x17, 0x3E, 0x93, 0x16, 0x3D, 0x93, 0x15, 0x3B, 0x92, 0x14, 0x3A, 0x92, 0x13, 0x3A, 0x92, 0x13, 0x39, 0x91, 0x12, 0x38, 0x91, 0x11, 0x37, 0x90, 0x11, 0x37, 0x8F, 0x11, 0x37, 0x8F, 0x11, 0x37, 0x8F, 0x10, 0x36, 0x8E, 
        0x10, 0x35, 0x8E, 0x10, 0x36, 0x8F, 0x10, 0x36, 0x8F, 0x10, 0x35, 0x8E, 0x10, 0x36, 0x8F, 0x10, 0x35, 0x8E, 0x10, 0x35, 0x8E, 0x11, 0x36, 0x8F, 0x10, 0x35, 0x8E, 0x11, 0x37, 0x90, 0x12, 0x38, 0x91, 0x11, 0x38, 0x91, 0x12, 0x38, 0x91, 
        0x11, 0x37, 0x8F, 0x10, 0x36, 0x8F, 0x1A, 0x44, 0x97, 0x23, 0x4A, 0x9A, 0x20, 0x49, 0x99, 0x1E, 0x47, 0x98, 0x1E, 0x47, 0x98, 0x1E, 0x47, 0x98, 0x1D, 0x47, 0x98, 0x1E, 0x47, 0x98, 0x1D, 0x47, 0x98, 0x1C, 0x46, 0x98, 0x1D, 0x46, 0x98, 
        0x1D, 0x46, 0x98, 0x1C, 0x45, 0x98, 0x1C, 0x45, 0x98, 0x1C, 0x45, 0x97, 0x1C, 0x45, 0x97, 0x1D, 0x46, 0x98, 0x1E, 0x48, 0x99, 0x1C, 0x46, 0x98, 0x1B, 0x45, 0x97, 0x1B, 0x45, 0x97, 0x1B, 0x44, 0x97, 0x1C, 0x44, 0x97, 0x1B, 0x44, 0x97, 
        0x1B, 0x44, 0x97, 0x1B, 0x44, 0x97, 0x1B, 0x44, 0x97, 0x1B, 0x44, 0x97, 0x1B, 0x44, 0x97, 0x1A, 0x44, 0x97, 0x1D, 0x47, 0x98, 0x22, 0x4A, 0x9A, 0x1C, 0x46, 0x98, 0x1A, 0x44, 0x97, 0x1A, 0x44, 0x97, 0x1A, 0x44, 0x97, 0x1A, 0x44, 0x97, 
        0x1B, 0x45, 0x98, 0x1A, 0x44, 0x97, 0x19, 0x44, 0x96,
  0x45, 0x5C, 0xAA, 0x11, 0x34, 0x8E, 0x10, 0x35, 0x8D, 0x10, 0x35, 0x8D, 0x10, 0x34, 0x8C, 0x10, 0x34, 0x8C, 0x10, 0x34, 0x8C, 0x10, 0x34, 0x8C, 0x10, 0x34, 0x8C, 0x10, 0x34, 0x8C, 0x0F, 0x34, 0x8C, 0x10, 0x34, 0x8C, 0x10, 0x34, 0x8C, 0x10, 0x34, 0x8C, 
        0x0F, 0x33, 0x8B, 0x0F, 0x34, 0x8C, 0x10, 0x34, 0x8C, 0x10, 0x34, 0x8C, 0x10, 0x34, 0x8C, 0x10, 0x34, 0x8C, 0x10, 0x35, 0x8D, 0x10, 0x34, 0x8C, 0x0F, 0x34, 0x8C, 0x10, 0x34, 0x8C, 0x0F, 0x34, 0x8C, 0x0F, 0x33, 0x8B, 0x0F, 0x34, 0x8C, 
        0x0F, 0x34, 0x8C, 0x10, 0x34, 0x8C, 0x10, 0x34, 0x8D, 0x10, 0x34, 0x8D, 0x10, 0x34, 0x8C, 0x10, 0x34, 0x8D, 0x10, 0x34, 0x8D, 0x10, 0x34, 0x8D, 0x10, 0x35, 0x8D, 0x11, 0x35, 0x8E, 0x11, 0x35, 0x8F, 0x11, 0x36, 0x8F, 0x12, 0x36, 0x8F, 
        0x14, 0x38, 0x91, 0x14, 0x39, 0x90, 0x15, 0x3C, 0x91, 0x1E, 0x45, 0x98, 0x24, 0x4A, 0x9B, 0x17, 0x3F, 0x95, 0x12, 0x37, 0x8F, 0x12, 0x36, 0x8F, 0x12, 0x37, 0x8F, 0x11, 0x36, 0x8E, 0x11, 0x36, 0x8E, 0x12, 0x37, 0x8F, 0x12, 0x37, 0x90, 
        0x11, 0x36, 0x8F, 0x10, 0x35, 0x8E, 0x10, 0x35, 0x8E, 0x10, 0x35, 0x8E, 0x10, 0x35, 0x8E, 0x10, 0x35, 0x8E, 0x10, 0x35, 0x8E, 0x10, 0x36, 0x8E, 0x11, 0x36, 0x8E, 0x10, 0x36, 0x8E, 0x10, 0x34, 0x8D, 0x11, 0x36, 0x8F, 0x14, 0x3B, 0x93, 
        0x12, 0x37, 0x8F, 0x11, 0x35, 0x8E, 0x0F, 0x34, 0x8C, 0x13, 0x3C, 0x93, 0x1D, 0x47, 0x9A, 0x14, 0x3C, 0x93, 0x10, 0x35, 0x8E, 0x11, 0x36, 0x8F, 0x11, 0x37, 0x90, 0x11, 0x36, 0x90, 0x11, 0x36, 0x8F, 0x11, 0x37, 0x90, 0x12, 0x37, 0x90, 
        0x11, 0x37, 0x90, 0x11, 0x37, 0x90, 0x11, 0x37, 0x90, 0x12, 0x37, 0x91, 0x12, 0x38, 0x91, 0x11, 0x37, 0x91, 0x13, 0x39, 0x92, 0x12, 0x38, 0x91, 0x12, 0x38, 0x91, 0x13, 0x3A, 0x92, 0x13, 0x3A, 0x92, 0x17, 0x3F, 0x95, 0x1D, 0x45, 0x99, 
        0x1B, 0x43, 0x97, 0x18, 0x40, 0x96, 0x17, 0x3F, 0x95, 0x16, 0x3D, 0x95, 0x15, 0x3C, 0x94, 0x14, 0x3B, 0x94, 0x13, 0x3A, 0x93, 0x12, 0x39, 0x92, 0x12, 0x39, 0x92, 0x12, 0x38, 0x91, 0x11, 0x38, 0x91, 0x11, 0x38, 0x91, 0x11, 0x38, 0x91, 
        0x11, 0x37, 0x90, 0x11, 0x37, 0x90, 0x10, 0x37, 0x90, 0x10, 0x37, 0x90, 0x10, 0x37, 0x90, 0x11, 0x37, 0x91, 0x10, 0x37, 0x90, 0x10, 0x36, 0x90, 0x10, 0x37, 0x90, 0x11, 0x38, 0x92, 0x11, 0x38, 0x92, 0x11, 0x38, 0x92, 0x11, 0x38, 0x91, 
        0x10, 0x37, 0x91, 0x10, 0x37, 0x90, 0x13, 0x3B, 0x93, 0x1F, 0x48, 0x9A, 0x21, 0x4A, 0x9B, 0x1F, 0x48, 0x9A, 0x1F, 0x48, 0x9A, 0x1F, 0x48, 0x9A, 0x1E, 0x47, 0x9A, 0x1E, 0x47, 0x9A, 0x1E, 0x48, 0x9A, 0x1D, 0x47, 0x99, 0x1D, 0x47, 0x99, 
        0x1D, 0x47, 0x9A, 0x1D, 0x47, 0x99, 0x1D, 0x47, 0x99, 0x1C, 0x46, 0x99, 0x1C, 0x46, 0x99, 0x20, 0x49, 0x9A, 0x22, 0x4B, 0x9B, 0x1E, 0x48, 0x9A, 0x1B, 0x45, 0x99, 0x1C, 0x46, 0x99, 0x1C, 0x46, 0x99, 0x1B, 0x46, 0x99, 0x1A, 0x46, 0x99, 
        0x19, 0x45, 0x99, 0x1A, 0x45, 0x99, 0x1C, 0x46, 0x99, 0x1B, 0x45, 0x99, 0x1B, 0x45, 0x99, 0x1A, 0x45, 0x99, 0x1C, 0x47, 0x9A, 0x1E, 0x48, 0x9A, 0x1B, 0x45, 0x99, 0x1A, 0x45, 0x99, 0x1A, 0x45, 0x99, 0x1B, 0x45, 0x99, 0x1B, 0x45, 0x99, 
        0x1A, 0x45, 0x99, 0x1A, 0x45, 0x99, 0x1A, 0x45, 0x97,
  0x43, 0x58, 0xA6, 0x11, 0x34, 0x8E, 0x10, 0x35, 0x8E, 0x10, 0x35, 0x8F, 0x10, 0x34, 0x8D, 0x10, 0x34, 0x8D, 0x10, 0x35, 0x8E, 0x10, 0x35, 0x8E, 0x10, 0x35, 0x8E, 0x10, 0x34, 0x8D, 0x10, 0x34, 0x8E, 0x10, 0x35, 0x8E, 0x10, 0x35, 0x8E, 0x10, 0x34, 0x8E, 
        0x10, 0x35, 0x8E, 0x10, 0x35, 0x8E, 0x10, 0x35, 0x8E, 0x0F, 0x34, 0x8D, 0x10, 0x34, 0x8E, 0x10, 0x35, 0x8E, 0x10, 0x36, 0x8E, 0x10, 0x35, 0x8E, 0x0F, 0x34, 0x8D, 0x10, 0x35, 0x8E, 0x10, 0x35, 0x8E, 0x0F, 0x35, 0x8E, 0x10, 0x35, 0x8E, 
        0x0F, 0x35, 0x8E, 0x0F, 0x35, 0x8E, 0x0F, 0x35, 0x8E, 0x10, 0x35, 0x8E, 0x10, 0x35, 0x8E, 0x11, 0x35, 0x8F, 0x11, 0x36, 0x8F, 0x11, 0x36, 0x90, 0x11, 0x36, 0x8F, 0x11, 0x36, 0x8F, 0x11, 0x36, 0x8F, 0x12, 0x37, 0x90, 0x12, 0x37, 0x91, 
        0x14, 0x38, 0x91, 0x15, 0x3C, 0x93, 0x1A, 0x43, 0x97, 0x22, 0x4A, 0x9B, 0x18, 0x40, 0x96, 0x11, 0x36, 0x90, 0x12, 0x37, 0x91, 0x12, 0x38, 0x91, 0x12, 0x37, 0x90, 0x11, 0x36, 0x90, 0x11, 0x36, 0x90, 0x12, 0x38, 0x92, 0x13, 0x39, 0x92, 
        0x12, 0x38, 0x91, 0x11, 0x36, 0x90, 0x10, 0x36, 0x90, 0x11, 0x36, 0x90, 0x11, 0x36, 0x90, 0x11, 0x36, 0x90, 0x10, 0x36, 0x90, 0x11, 0x36, 0x90, 0x11, 0x36, 0x90, 0x11, 0x37, 0x90, 0x11, 0x37, 0x90, 0x11, 0x37, 0x90, 0x12, 0x38, 0x91, 
        0x11, 0x36, 0x90, 0x10, 0x34, 0x8E, 0x12, 0x39, 0x92, 0x20, 0x4B, 0x9C, 0x28, 0x51, 0x9F, 0x1A, 0x45, 0x9A, 0x10, 0x36, 0x90, 0x11, 0x37, 0x91, 0x11, 0x37, 0x91, 0x11, 0x37, 0x91, 0x11, 0x37, 0x91, 0x11, 0x38, 0x92, 0x11, 0x37, 0x91, 
        0x11, 0x38, 0x92, 0x11, 0x38, 0x92, 0x11, 0x37, 0x92, 0x12, 0x38, 0x92, 0x12, 0x38, 0x92, 0x12, 0x38, 0x93, 0x13, 0x39, 0x93, 0x12, 0x39, 0x93, 0x12, 0x39, 0x93, 0x13, 0x3A, 0x94, 0x17, 0x3F, 0x97, 0x16, 0x3E, 0x96, 0x1A, 0x43, 0x99, 
        0x1C, 0x45, 0x9A, 0x18, 0x41, 0x98, 0x17, 0x3F, 0x96, 0x16, 0x3E, 0x96, 0x16, 0x3D, 0x96, 0x15, 0x3C, 0x95, 0x14, 0x3B, 0x95, 0x13, 0x3A, 0x94, 0x13, 0x3A, 0x94, 0x12, 0x39, 0x93, 0x11, 0x39, 0x92, 0x11, 0x38, 0x92, 0x11, 0x38, 0x92, 
        0x11, 0x38, 0x92, 0x11, 0x38, 0x93, 0x11, 0x38, 0x93, 0x10, 0x37, 0x92, 0x10, 0x37, 0x91, 0x10, 0x37, 0x92, 0x11, 0x38, 0x92, 0x11, 0x38, 0x92, 0x11, 0x39, 0x93, 0x11, 0x39, 0x93, 0x11, 0x39, 0x93, 0x12, 0x3A, 0x94, 0x11, 0x39, 0x93, 
        0x11, 0x38, 0x93, 0x12, 0x3A, 0x94, 0x11, 0x39, 0x93, 0x14, 0x3E, 0x96, 0x1B, 0x45, 0x9A, 0x1E, 0x48, 0x9B, 0x1F, 0x49, 0x9C, 0x20, 0x4A, 0x9C, 0x1E, 0x49, 0x9B, 0x1D, 0x48, 0x9B, 0x1D, 0x48, 0x9B, 0x1D, 0x48, 0x9B, 0x1D, 0x47, 0x9B, 
        0x1D, 0x47, 0x9B, 0x1D, 0x47, 0x9B, 0x1D, 0x47, 0x9B, 0x1C, 0x47, 0x9B, 0x1C, 0x47, 0x9B, 0x1E, 0x49, 0x9C, 0x20, 0x4A, 0x9C, 0x1D, 0x47, 0x9B, 0x1B, 0x46, 0x9A, 0x1C, 0x47, 0x9B, 0x1C, 0x46, 0x9B, 0x1C, 0x47, 0x9B, 0x1F, 0x4B, 0x9D, 
        0x20, 0x4B, 0x9D, 0x1C, 0x48, 0x9B, 0x1B, 0x46, 0x9A, 0x1B, 0x46, 0x9A, 0x1C, 0x46, 0x9A, 0x1B, 0x46, 0x9B, 0x1B, 0x46, 0x9A, 0x1A, 0x46, 0x9A, 0x1A, 0x45, 0x9A, 0x1B, 0x46, 0x9B, 0x1C, 0x47, 0x9B, 0x1B, 0x46, 0x9A, 0x1B, 0x46, 0x9A, 
        0x1B, 0x46, 0x9A, 0x1B, 0x46, 0x9A, 0x1A, 0x46, 0x99,
  0x44, 0x58, 0xA7, 0x10, 0x34, 0x8E, 0x10, 0x35, 0x8E, 0x10, 0x35, 0x8F, 0x0F, 0x35, 0x8D, 0x10, 0x35, 0x8D, 0x10, 0x35, 0x8E, 0x10, 0x35, 0x8E, 0x10, 0x35, 0x8E, 0x10, 0x35, 0x8E, 0x10, 0x36, 0x8F, 0x10, 0x36, 0x8F, 0x10, 0x36, 0x8F, 0x10, 0x35, 0x8E, 
        0x0F, 0x34, 0x8D, 0x0F, 0x35, 0x8E, 0x10, 0x35, 0x8E, 0x10, 0x36, 0x8F, 0x10, 0x35, 0x8E, 0x10, 0x35, 0x8E, 0x0F, 0x35, 0x8E, 0x0F, 0x35, 0x8E, 0x0F, 0x35, 0x8E, 0x0F, 0x34, 0x8D, 0x0F, 0x35, 0x8E, 0x0F, 0x35, 0x8E, 0x0F, 0x35, 0x8E, 
        0x0F, 0x35, 0x8E, 0x0F, 0x35, 0x8E, 0x10, 0x36, 0x8F, 0x10, 0x36, 0x8F, 0x10, 0x36, 0x8F, 0x10, 0x36, 0x8F, 0x11, 0x36, 0x90, 0x11, 0x36, 0x90, 0x11, 0x36, 0x90, 0x11, 0x37, 0x91, 0x12, 0x38, 0x91, 0x12, 0x38, 0x91, 0x12, 0x38, 0x91, 
        0x15, 0x3B, 0x93, 0x1D, 0x46, 0x9A, 0x28, 0x4F, 0x9E, 0x19, 0x43, 0x97, 0x11, 0x38, 0x90, 0x13, 0x39, 0x93, 0x12, 0x39, 0x92, 0x12, 0x38, 0x91, 0x11, 0x37, 0x91, 0x11, 0x38, 0x91, 0x11, 0x37, 0x91, 0x12, 0x38, 0x91, 0x11, 0x38, 0x91, 
        0x11, 0x37, 0x90, 0x11, 0x37, 0x90, 0x10, 0x37, 0x90, 0x11, 0x37, 0x90, 0x11, 0x37, 0x90, 0x10, 0x37, 0x90, 0x10, 0x37, 0x90, 0x11, 0x37, 0x91, 0x11, 0x37, 0x91, 0x11, 0x37, 0x90, 0x11, 0x37, 0x91, 0x11, 0x37, 0x90, 0x11, 0x37, 0x91, 
        0x11, 0x37, 0x91, 0x11, 0x36, 0x8F, 0x18, 0x42, 0x98, 0x26, 0x50, 0x9F, 0x25, 0x50, 0x9E, 0x1E, 0x49, 0x9C, 0x11, 0x38, 0x92, 0x11, 0x37, 0x91, 0x11, 0x38, 0x92, 0x11, 0x38, 0x92, 0x11, 0x38, 0x92, 0x11, 0x38, 0x92, 0x11, 0x38, 0x92, 
        0x12, 0x38, 0x92, 0x12, 0x39, 0x92, 0x12, 0x39, 0x93, 0x12, 0x39, 0x93, 0x12, 0x38, 0x93, 0x12, 0x39, 0x93, 0x12, 0x39, 0x93, 0x12, 0x39, 0x93, 0x13, 0x3A, 0x94, 0x12, 0x3A, 0x93, 0x14, 0x3C, 0x95, 0x14, 0x3C, 0x95, 0x14, 0x3B, 0x94, 
        0x1A, 0x44, 0x9A, 0x1B, 0x45, 0x9B, 0x19, 0x42, 0x98, 0x17, 0x40, 0x97, 0x16, 0x3F, 0x96, 0x16, 0x3E, 0x97, 0x15, 0x3D, 0x96, 0x14, 0x3B, 0x95, 0x13, 0x3B, 0x95, 0x12, 0x3A, 0x94, 0x12, 0x39, 0x93, 0x11, 0x38, 0x92, 0x11, 0x39, 0x93, 
        0x11, 0x39, 0x93, 0x11, 0x39, 0x93, 0x11, 0x39, 0x93, 0x10, 0x38, 0x92, 0x10, 0x37, 0x92, 0x10, 0x38, 0x92, 0x10, 0x38, 0x92, 0x11, 0x38, 0x93, 0x11, 0x3A, 0x94, 0x11, 0x39, 0x93, 0x11, 0x39, 0x94, 0x12, 0x3A, 0x95, 0x12, 0x3B, 0x95, 
        0x11, 0x3A, 0x94, 0x12, 0x3A, 0x94, 0x12, 0x3A, 0x94, 0x12, 0x3B, 0x95, 0x13, 0x3C, 0x96, 0x16, 0x41, 0x98, 0x19, 0x45, 0x9A, 0x1C, 0x48, 0x9C, 0x1E, 0x49, 0x9C, 0x1E, 0x49, 0x9C, 0x1E, 0x49, 0x9C, 0x1D, 0x48, 0x9C, 0x1D, 0x48, 0x9C, 
        0x1D, 0x48, 0x9C, 0x1D, 0x48, 0x9C, 0x1D, 0x48, 0x9C, 0x1E, 0x49, 0x9C, 0x1E, 0x49, 0x9C, 0x1D, 0x48, 0x9C, 0x1C, 0x48, 0x9C, 0x1B, 0x47, 0x9B, 0x1C, 0x47, 0x9B, 0x1D, 0x48, 0x9C, 0x1C, 0x46, 0x9B, 0x1D, 0x49, 0x9C, 0x24, 0x4F, 0x9F, 
        0x26, 0x50, 0x9F, 0x1E, 0x4A, 0x9D, 0x1A, 0x47, 0x9B, 0x1C, 0x47, 0x9B, 0x1C, 0x47, 0x9B, 0x1B, 0x47, 0x9B, 0x1B, 0x47, 0x9B, 0x1B, 0x47, 0x9B, 0x1B, 0x47, 0x9B, 0x1C, 0x47, 0x9B, 0x1C, 0x47, 0x9B, 0x1B, 0x46, 0x9B, 0x1B, 0x47, 0x9B, 
        0x1B, 0x47, 0x9C, 0x1B, 0x47, 0x9B, 0x1A, 0x47, 0x9A,
  0x42, 0x56, 0xA5, 0x10, 0x35, 0x90, 0x10, 0x36, 0x90, 0x10, 0x36, 0x8F, 0x10, 0x36, 0x8F, 0x10, 0x36, 0x8F, 0x10, 0x36, 0x8F, 0x10, 0x36, 0x8F, 0x10, 0x36, 0x90, 0x10, 0x36, 0x90, 0x10, 0x36, 0x90, 0x10, 0x36, 0x90, 0x0F, 0x36, 0x8F, 0x0F, 0x36, 0x8F, 
        0x0F, 0x35, 0x8F, 0x0F, 0x36, 0x8F, 0x10, 0x36, 0x90, 0x10, 0x36, 0x90, 0x10, 0x36, 0x90, 0x0F, 0x36, 0x8F, 0x10, 0x36, 0x90, 0x10, 0x36, 0x90, 0x10, 0x36, 0x90, 0x0F, 0x36, 0x8F, 0x10, 0x36, 0x90, 0x10, 0x36, 0x90, 0x0F, 0x36, 0x90, 
        0x10, 0x36, 0x91, 0x10, 0x37, 0x91, 0x10, 0x37, 0x91, 0x10, 0x36, 0x91, 0x10, 0x36, 0x90, 0x10, 0x36, 0x90, 0x11, 0x37, 0x92, 0x11, 0x37, 0x92, 0x11, 0x37, 0x92, 0x12, 0x39, 0x93, 0x12, 0x39, 0x93, 0x12, 0x39, 0x93, 0x14, 0x3B, 0x94, 
        0x1D, 0x47, 0x9B, 0x26, 0x4E, 0x9F, 0x1B, 0x44, 0x9A, 0x13, 0x3A, 0x93, 0x13, 0x3A, 0x94, 0x13, 0x39, 0x94, 0x12, 0x39, 0x93, 0x12, 0x38, 0x93, 0x12, 0x38, 0x93, 0x11, 0x38, 0x93, 0x11, 0x38, 0x92, 0x11, 0x38, 0x92, 0x10, 0x37, 0x91, 
        0x11, 0x38, 0x92, 0x11, 0x38, 0x92, 0x11, 0x38, 0x92, 0x11, 0x38, 0x92, 0x11, 0x38, 0x92, 0x11, 0x38, 0x92, 0x11, 0x38, 0x92, 0x11, 0x39, 0x93, 0x11, 0x38, 0x93, 0x11, 0x39, 0x93, 0x11, 0x38, 0x92, 0x10, 0x38, 0x92, 0x10, 0x38, 0x92, 
        0x10, 0x38, 0x92, 0x10, 0x37, 0x91, 0x1B, 0x46, 0x9C, 0x26, 0x51, 0xA0, 0x25, 0x51, 0xA0, 0x22, 0x4D, 0x9E, 0x12, 0x3A, 0x95, 0x11, 0x38, 0x93, 0x11, 0x39, 0x94, 0x12, 0x39, 0x94, 0x11, 0x39, 0x93, 0x12, 0x39, 0x94, 0x12, 0x3A, 0x94, 
        0x11, 0x39, 0x93, 0x12, 0x39, 0x94, 0x12, 0x3A, 0x94, 0x12, 0x3A, 0x95, 0x12, 0x3A, 0x95, 0x12, 0x3A, 0x95, 0x13, 0x3C, 0x96, 0x13, 0x3C, 0x96, 0x13, 0x3B, 0x96, 0x14, 0x3C, 0x97, 0x13, 0x3B, 0x96, 0x12, 0x3A, 0x95, 0x18, 0x42, 0x9A, 
        0x1D, 0x48, 0x9D, 0x1A, 0x44, 0x9B, 0x1B, 0x45, 0x9B, 0x18, 0x41, 0x99, 0x17, 0x41, 0x98, 0x17, 0x40, 0x98, 0x15, 0x3D, 0x98, 0x14, 0x3C, 0x97, 0x13, 0x3B, 0x96, 0x13, 0x3B, 0x96, 0x12, 0x3B, 0x95, 0x12, 0x3B, 0x95, 0x12, 0x3A, 0x95, 
        0x11, 0x39, 0x95, 0x11, 0x39, 0x95, 0x11, 0x39, 0x94, 0x11, 0x39, 0x94, 0x10, 0x39, 0x94, 0x11, 0x3A, 0x94, 0x11, 0x3A, 0x94, 0x11, 0x39, 0x94, 0x11, 0x3A, 0x95, 0x11, 0x39, 0x95, 0x11, 0x3A, 0x95, 0x11, 0x39, 0x94, 0x11, 0x3A, 0x95, 
        0x12, 0x3B, 0x96, 0x12, 0x3B, 0x96, 0x13, 0x3D, 0x97, 0x14, 0x3E, 0x99, 0x14, 0x3E, 0x98, 0x14, 0x3E, 0x98, 0x16, 0x41, 0x9A, 0x16, 0x41, 0x9A, 0x18, 0x44, 0x9B, 0x1B, 0x47, 0x9D, 0x1D, 0x49, 0x9D, 0x1D, 0x49, 0x9D, 0x1E, 0x49, 0x9D, 
        0x1D, 0x49, 0x9D, 0x1D, 0x49, 0x9D, 0x1D, 0x48, 0x9D, 0x1E, 0x49, 0x9D, 0x1E, 0x49, 0x9D, 0x1C, 0x48, 0x9D, 0x1C, 0x48, 0x9D, 0x1C, 0x48, 0x9D, 0x1C, 0x48, 0x9D, 0x1D, 0x48, 0x9D, 0x1C, 0x48, 0x9D, 0x1C, 0x48, 0x9D, 0x20, 0x4C, 0x9F, 
        0x22, 0x4D, 0x9F, 0x1D, 0x49, 0x9E, 0x1B, 0x48, 0x9D, 0x1C, 0x48, 0x9D, 0x1C, 0x48, 0x9D, 0x1B, 0x48, 0x9D, 0x1C, 0x48, 0x9D, 0x1B, 0x48, 0x9D, 0x1C, 0x48, 0x9D, 0x1B, 0x47, 0x9D, 0x1B, 0x47, 0x9D, 0x1B, 0x47, 0x9D, 0x1C, 0x48, 0x9D, 
        0x1C, 0x48, 0x9D, 0x1B, 0x48, 0x9D, 0x1A, 0x48, 0x9B,
  0x44, 0x58, 0xA6, 0x11, 0x36, 0x92, 0x10, 0x36, 0x92, 0x10, 0x36, 0x91, 0x10, 0x37, 0x92, 0x10, 0x36, 0x91, 0x10, 0x36, 0x90, 0x10, 0x36, 0x91, 0x10, 0x36, 0x92, 0x10, 0x36, 0x92, 0x10, 0x36, 0x92, 0x10, 0x36, 0x91, 0x10, 0x36, 0x91, 0x10, 0x36, 0x92, 
        0x10, 0x36, 0x91, 0x10, 0x36, 0x91, 0x10, 0x36, 0x91, 0x10, 0x36, 0x92, 0x10, 0x37, 0x92, 0x10, 0x36, 0x91, 0x10, 0x36, 0x91, 0x10, 0x36, 0x92, 0x10, 0x36, 0x91, 0x10, 0x36, 0x91, 0x10, 0x36, 0x92, 0x10, 0x37, 0x92, 0x10, 0x37, 0x92, 
        0x10, 0x37, 0x92, 0x10, 0x36, 0x92, 0x10, 0x36, 0x92, 0x10, 0x36, 0x92, 0x10, 0x37, 0x92, 0x11, 0x38, 0x93, 0x12, 0x38, 0x95, 0x12, 0x38, 0x95, 0x12, 0x39, 0x95, 0x12, 0x39, 0x94, 0x13, 0x39, 0x94, 0x16, 0x3E, 0x98, 0x21, 0x4B, 0x9F, 
        0x26, 0x50, 0xA1, 0x19, 0x43, 0x9A, 0x12, 0x38, 0x93, 0x13, 0x3A, 0x95, 0x14, 0x3A, 0x96, 0x13, 0x39, 0x95, 0x12, 0x38, 0x94, 0x12, 0x39, 0x94, 0x12, 0x39, 0x95, 0x11, 0x38, 0x94, 0x11, 0x37, 0x93, 0x11, 0x37, 0x93, 0x11, 0x37, 0x93, 
        0x11, 0x38, 0x94, 0x11, 0x39, 0x94, 0x11, 0x38, 0x94, 0x11, 0x38, 0x93, 0x11, 0x38, 0x93, 0x11, 0x38, 0x93, 0x11, 0x38, 0x93, 0x11, 0x38, 0x94, 0x11, 0x38, 0x94, 0x11, 0x39, 0x95, 0x11, 0x38, 0x94, 0x11, 0x38, 0x94, 0x11, 0x39, 0x95, 
        0x10, 0x38, 0x94, 0x10, 0x37, 0x93, 0x19, 0x44, 0x9C, 0x24, 0x4F, 0xA1, 0x23, 0x4E, 0xA1, 0x1A, 0x45, 0x9C, 0x11, 0x38, 0x95, 0x11, 0x39, 0x95, 0x11, 0x38, 0x95, 0x12, 0x39, 0x95, 0x11, 0x39, 0x95, 0x12, 0x39, 0x96, 0x12, 0x3A, 0x96, 
        0x12, 0x39, 0x96, 0x12, 0x3A, 0x96, 0x12, 0x39, 0x96, 0x15, 0x3E, 0x99, 0x18, 0x41, 0x9C, 0x13, 0x3B, 0x97, 0x13, 0x3B, 0x97, 0x14, 0x3C, 0x98, 0x13, 0x3C, 0x97, 0x13, 0x3C, 0x98, 0x14, 0x3C, 0x98, 0x13, 0x3C, 0x98, 0x17, 0x41, 0x9B, 
        0x17, 0x41, 0x9B, 0x16, 0x3F, 0x9A, 0x1C, 0x46, 0x9E, 0x1A, 0x44, 0x9C, 0x18, 0x41, 0x9A, 0x17, 0x40, 0x9A, 0x15, 0x3E, 0x99, 0x14, 0x3C, 0x98, 0x14, 0x3D, 0x99, 0x14, 0x3C, 0x98, 0x12, 0x3B, 0x97, 0x12, 0x3B, 0x97, 0x12, 0x3A, 0x97, 
        0x11, 0x3A, 0x96, 0x11, 0x3A, 0x97, 0x11, 0x3A, 0x96, 0x11, 0x39, 0x96, 0x11, 0x39, 0x96, 0x11, 0x3A, 0x96, 0x11, 0x3A, 0x96, 0x11, 0x39, 0x96, 0x11, 0x3A, 0x96, 0x11, 0x3A, 0x96, 0x12, 0x3B, 0x97, 0x11, 0x3A, 0x97, 0x10, 0x39, 0x96, 
        0x11, 0x3B, 0x97, 0x13, 0x3C, 0x99, 0x14, 0x3E, 0x9A, 0x14, 0x3E, 0x9A, 0x15, 0x40, 0x9B, 0x15, 0x3F, 0x9B, 0x15, 0x40, 0x9B, 0x15, 0x40, 0x9B, 0x16, 0x41, 0x9B, 0x17, 0x43, 0x9C, 0x19, 0x45, 0x9D, 0x1C, 0x48, 0x9F, 0x1E, 0x4A, 0x9F, 
        0x1E, 0x4A, 0x9F, 0x1E, 0x49, 0x9F, 0x1D, 0x49, 0x9F, 0x1D, 0x48, 0x9F, 0x1D, 0x48, 0x9F, 0x1C, 0x48, 0x9F, 0x1D, 0x49, 0x9F, 0x1D, 0x48, 0x9F, 0x1C, 0x48, 0x9F, 0x1D, 0x48, 0x9F, 0x1D, 0x49, 0x9F, 0x1D, 0x48, 0x9F, 0x1C, 0x48, 0x9F, 
        0x1C, 0x48, 0x9E, 0x1C, 0x48, 0x9F, 0x1C, 0x48, 0x9F, 0x1C, 0x48, 0x9F, 0x1B, 0x48, 0x9F, 0x1B, 0x48, 0x9E, 0x1C, 0x48, 0x9F, 0x1C, 0x49, 0x9F, 0x1E, 0x4A, 0x9F, 0x1D, 0x49, 0x9F, 0x1C, 0x48, 0x9F, 0x1C, 0x48, 0x9F, 0x1C, 0x48, 0x9F, 
        0x1C, 0x48, 0x9F, 0x1C, 0x48, 0x9F, 0x1B, 0x48, 0x9D,
  0x43, 0x56, 0xA2, 0x11, 0x37, 0x93, 0x10, 0x37, 0x94, 0x10, 0x37, 0x93, 0x10, 0x37, 0x93, 0x10, 0x37, 0x93, 0x10, 0x36, 0x93, 0x10, 0x37, 0x93, 0x11, 0x38, 0x93, 0x10, 0x37, 0x93, 0x10, 0x37, 0x92, 0x10, 0x37, 0x93, 0x10, 0x37, 0x93, 0x10, 0x37, 0x93, 
        0x10, 0x37, 0x93, 0x10, 0x37, 0x93, 0x0F, 0x36, 0x92, 0x10, 0x37, 0x93, 0x10, 0x37, 0x93, 0x0F, 0x36, 0x92, 0x10, 0x37, 0x93, 0x10, 0x37, 0x93, 0x10, 0x37, 0x93, 0x10, 0x37, 0x93, 0x10, 0x37, 0x93, 0x10, 0x38, 0x94, 0x10, 0x37, 0x93, 
        0x10, 0x37, 0x92, 0x10, 0x37, 0x93, 0x10, 0x37, 0x93, 0x11, 0x38, 0x94, 0x11, 0x38, 0x94, 0x11, 0x38, 0x95, 0x11, 0x38, 0x95, 0x12, 0x39, 0x96, 0x13, 0x3B, 0x97, 0x13, 0x3A, 0x96, 0x17, 0x3F, 0x99, 0x24, 0x4E, 0xA1, 0x27, 0x51, 0xA3, 
        0x19, 0x42, 0x9C, 0x12, 0x39, 0x95, 0x14, 0x3C, 0x98, 0x13, 0x3B, 0x97, 0x13, 0x3A, 0x96, 0x12, 0x39, 0x96, 0x12, 0x39, 0x95, 0x11, 0x38, 0x95, 0x12, 0x39, 0x96, 0x11, 0x39, 0x95, 0x12, 0x3A, 0x96, 0x12, 0x39, 0x96, 0x11, 0x38, 0x95, 
        0x11, 0x39, 0x95, 0x11, 0x39, 0x95, 0x11, 0x39, 0x95, 0x11, 0x38, 0x95, 0x11, 0x39, 0x95, 0x11, 0x39, 0x95, 0x11, 0x39, 0x95, 0x10, 0x38, 0x95, 0x11, 0x39, 0x96, 0x11, 0x39, 0x95, 0x11, 0x39, 0x96, 0x11, 0x39, 0x96, 0x11, 0x39, 0x96, 
        0x12, 0x39, 0x96, 0x11, 0x39, 0x96, 0x12, 0x3A, 0x97, 0x15, 0x3E, 0x9A, 0x15, 0x3D, 0x9A, 0x12, 0x39, 0x96, 0x11, 0x39, 0x96, 0x12, 0x3A, 0x97, 0x13, 0x3C, 0x98, 0x12, 0x3B, 0x98, 0x12, 0x3A, 0x97, 0x12, 0x3A, 0x97, 0x13, 0x3B, 0x98, 
        0x12, 0x3A, 0x97, 0x12, 0x3A, 0x98, 0x12, 0x3A, 0x97, 0x16, 0x40, 0x9B, 0x19, 0x43, 0x9E, 0x14, 0x3D, 0x9A, 0x13, 0x3C, 0x98, 0x13, 0x3C, 0x98, 0x13, 0x3C, 0x99, 0x14, 0x3D, 0x99, 0x14, 0x3D, 0x99, 0x14, 0x3E, 0x99, 0x14, 0x3D, 0x9A, 
        0x14, 0x3D, 0x9A, 0x15, 0x3E, 0x9A, 0x18, 0x42, 0x9C, 0x1B, 0x45, 0x9E, 0x1A, 0x44, 0x9D, 0x17, 0x41, 0x9C, 0x17, 0x41, 0x9C, 0x16, 0x40, 0x9B, 0x14, 0x3D, 0x9A, 0x14, 0x3D, 0x9A, 0x13, 0x3C, 0x9A, 0x13, 0x3C, 0x9A, 0x12, 0x3B, 0x99, 
        0x11, 0x3A, 0x98, 0x12, 0x3B, 0x98, 0x11, 0x3A, 0x98, 0x11, 0x3A, 0x97, 0x12, 0x3B, 0x98, 0x11, 0x3A, 0x98, 0x10, 0x39, 0x97, 0x11, 0x3A, 0x97, 0x12, 0x3C, 0x99, 0x11, 0x3B, 0x98, 0x11, 0x3B, 0x98, 0x11, 0x3B, 0x98, 0x11, 0x3A, 0x98, 
        0x13, 0x3D, 0x9A, 0x13, 0x3D, 0x9A, 0x13, 0x3D, 0x9A, 0x15, 0x3F, 0x9C, 0x15, 0x40, 0x9C, 0x14, 0x3F, 0x9B, 0x15, 0x40, 0x9C, 0x16, 0x42, 0x9D, 0x17, 0x43, 0x9E, 0x17, 0x42, 0x9E, 0x18, 0x44, 0x9F, 0x18, 0x45, 0x9F, 0x1A, 0x46, 0x9F, 
        0x1D, 0x4A, 0xA1, 0x1E, 0x4A, 0xA1, 0x1E, 0x4A, 0xA1, 0x1D, 0x49, 0xA0, 0x1D, 0x4A, 0xA1, 0x1D, 0x4A, 0xA1, 0x1D, 0x49, 0xA0, 0x1D, 0x49, 0xA0, 0x1C, 0x49, 0xA0, 0x1D, 0x49, 0xA0, 0x1D, 0x4A, 0xA0, 0x1D, 0x49, 0xA0, 0x1C, 0x49, 0xA0, 
        0x1C, 0x49, 0xA0, 0x1D, 0x49, 0xA0, 0x1D, 0x49, 0xA0, 0x1D, 0x49, 0xA0, 0x1C, 0x49, 0xA0, 0x1C, 0x48, 0xA0, 0x1B, 0x48, 0xA0, 0x1D, 0x4A, 0xA1, 0x1F, 0x4C, 0xA1, 0x1E, 0x4B, 0xA1, 0x1C, 0x49, 0xA0, 0x1C, 0x49, 0xA0, 0x1B, 0x48, 0xA0, 
        0x1C, 0x49, 0xA0, 0x1C, 0x49, 0xA0, 0x1B, 0x49, 0x9E,
  0x42, 0x54, 0xA2, 0x11, 0x37, 0x93, 0x10, 0x38, 0x94, 0x10, 0x38, 0x94, 0x10, 0x37, 0x93, 0x10, 0x37, 0x93, 0x10, 0x38, 0x94, 0x10, 0x38, 0x94, 0x10, 0x38, 0x93, 0x10, 0x38, 0x93, 0x10, 0x38, 0x94, 0x10, 0x38, 0x93, 0x10, 0x37, 0x93, 0x10, 0x37, 0x93, 
        0x10, 0x38, 0x94, 0x10, 0x38, 0x93, 0x0F, 0x37, 0x93, 0x10, 0x37, 0x93, 0x10, 0x37, 0x94, 0x10, 0x38, 0x94, 0x10, 0x38, 0x94, 0x10, 0x38, 0x94, 0x10, 0x38, 0x94, 0x10, 0x38, 0x94, 0x10, 0x38, 0x94, 0x10, 0x38, 0x94, 0x0F, 0x37, 0x93, 
        0x10, 0x39, 0x94, 0x10, 0x38, 0x94, 0x10, 0x38, 0x95, 0x11, 0x38, 0x95, 0x11, 0x39, 0x95, 0x11, 0x39, 0x96, 0x12, 0x39, 0x97, 0x13, 0x3C, 0x98, 0x15, 0x3D, 0x99, 0x16, 0x3D, 0x99, 0x1F, 0x4B, 0xA1, 0x25, 0x50, 0xA3, 0x18, 0x41, 0x9B, 
        0x13, 0x3B, 0x96, 0x14, 0x3C, 0x98, 0x17, 0x40, 0x9B, 0x15, 0x3D, 0x99, 0x13, 0x3A, 0x97, 0x12, 0x3A, 0x97, 0x12, 0x39, 0x96, 0x12, 0x3A, 0x96, 0x11, 0x39, 0x95, 0x11, 0x39, 0x96, 0x15, 0x3E, 0x9A, 0x14, 0x3E, 0x9A, 0x11, 0x39, 0x96, 
        0x11, 0x39, 0x96, 0x11, 0x39, 0x96, 0x11, 0x39, 0x96, 0x11, 0x39, 0x96, 0x11, 0x39, 0x96, 0x11, 0x39, 0x96, 0x11, 0x3A, 0x97, 0x11, 0x39, 0x96, 0x11, 0x3A, 0x97, 0x11, 0x3A, 0x96, 0x12, 0x3A, 0x97, 0x12, 0x3B, 0x98, 0x11, 0x39, 0x97, 
        0x12, 0x3A, 0x97, 0x12, 0x3A, 0x97, 0x11, 0x39, 0x96, 0x10, 0x38, 0x95, 0x11, 0x39, 0x96, 0x11, 0x39, 0x96, 0x11, 0x3A, 0x97, 0x12, 0x3B, 0x98, 0x15, 0x3F, 0x9B, 0x14, 0x3D, 0x9A, 0x12, 0x3B, 0x98, 0x12, 0x3B, 0x97, 0x12, 0x3B, 0x98, 
        0x12, 0x3A, 0x98, 0x12, 0x3B, 0x98, 0x12, 0x3C, 0x99, 0x12, 0x3B, 0x98, 0x12, 0x3C, 0x98, 0x12, 0x3C, 0x98, 0x13, 0x3D, 0x9A, 0x14, 0x3D, 0x9A, 0x14, 0x3D, 0x9A, 0x14, 0x3D, 0x9A, 0x14, 0x3E, 0x9A, 0x14, 0x3F, 0x9B, 0x15, 0x3F, 0x9B, 
        0x15, 0x3F, 0x9C, 0x16, 0x40, 0x9C, 0x16, 0x41, 0x9C, 0x18, 0x43, 0x9D, 0x1A, 0x45, 0x9E, 0x18, 0x43, 0x9D, 0x17, 0x41, 0x9C, 0x16, 0x40, 0x9C, 0x15, 0x3F, 0x9B, 0x15, 0x3E, 0x9B, 0x13, 0x3D, 0x9A, 0x12, 0x3B, 0x9A, 0x12, 0x3C, 0x99, 
        0x12, 0x3B, 0x99, 0x12, 0x3C, 0x99, 0x11, 0x3B, 0x98, 0x11, 0x3B, 0x98, 0x11, 0x3B, 0x98, 0x10, 0x3A, 0x97, 0x11, 0x3B, 0x98, 0x11, 0x3C, 0x99, 0x11, 0x3C, 0x99, 0x11, 0x3B, 0x98, 0x12, 0x3C, 0x99, 0x12, 0x3C, 0x99, 0x12, 0x3C, 0x99, 
        0x13, 0x3D, 0x9B, 0x13, 0x3E, 0x9B, 0x13, 0x3E, 0x9B, 0x15, 0x40, 0x9C, 0x14, 0x3F, 0x9C, 0x13, 0x3E, 0x9B, 0x13, 0x3E, 0x9B, 0x15, 0x40, 0x9D, 0x17, 0x44, 0x9F, 0x18, 0x45, 0xA0, 0x18, 0x44, 0x9F, 0x17, 0x43, 0x9E, 0x1A, 0x47, 0xA0, 
        0x1C, 0x49, 0xA1, 0x1A, 0x47, 0xA0, 0x1C, 0x4A, 0xA1, 0x1E, 0x4B, 0xA2, 0x1D, 0x4B, 0xA1, 0x1D, 0x4A, 0xA1, 0x1D, 0x4A, 0xA1, 0x1D, 0x4A, 0xA1, 0x1D, 0x4A, 0xA1, 0x1D, 0x4A, 0xA1, 0x1D, 0x4A, 0xA1, 0x1D, 0x4A, 0xA1, 0x1C, 0x4A, 0xA1, 
        0x1D, 0x4A, 0xA1, 0x1D, 0x4A, 0xA1, 0x1D, 0x4A, 0xA1, 0x1C, 0x4A, 0xA1, 0x1C, 0x4A, 0xA1, 0x1C, 0x4A, 0xA1, 0x1B, 0x49, 0xA1, 0x1B, 0x49, 0xA1, 0x1C, 0x4A, 0xA1, 0x1C, 0x4A, 0xA1, 0x1C, 0x4A, 0xA1, 0x1C, 0x4A, 0xA1, 0x1C, 0x49, 0xA1, 
        0x1C, 0x4A, 0xA1, 0x1C, 0x4A, 0xA1, 0x1B, 0x4A, 0x9F,
  0x41, 0x54, 0xA2, 0x11, 0x37, 0x94, 0x10, 0x38, 0x95, 0x10, 0x37, 0x95, 0x10, 0x37, 0x95, 0x10, 0x37, 0x95, 0x11, 0x38, 0x96, 0x11, 0x38, 0x96, 0x10, 0x37, 0x95, 0x10, 0x37, 0x95, 0x10, 0x38, 0x95, 0x10, 0x37, 0x95, 0x10, 0x37, 0x95, 0x11, 0x38, 0x96, 
        0x10, 0x38, 0x95, 0x10, 0x38, 0x96, 0x10, 0x38, 0x95, 0x10, 0x37, 0x95, 0x10, 0x37, 0x95, 0x10, 0x38, 0x96, 0x10, 0x38, 0x96, 0x10, 0x38, 0x96, 0x11, 0x38, 0x96, 0x10, 0x38, 0x96, 0x11, 0x39, 0x96, 0x11, 0x38, 0x96, 0x10, 0x38, 0x95, 
        0x11, 0x38, 0x97, 0x11, 0x38, 0x96, 0x11, 0x38, 0x96, 0x11, 0x38, 0x97, 0x11, 0x39, 0x97, 0x12, 0x39, 0x98, 0x12, 0x3A, 0x98, 0x13, 0x3A, 0x98, 0x14, 0x3C, 0x99, 0x1F, 0x4A, 0xA2, 0x22, 0x4D, 0xA3, 0x17, 0x40, 0x9B, 0x14, 0x3B, 0x98, 
        0x15, 0x3D, 0x9A, 0x14, 0x3D, 0x99, 0x14, 0x3C, 0x9A, 0x13, 0x3B, 0x99, 0x13, 0x3A, 0x99, 0x13, 0x3A, 0x98, 0x12, 0x3A, 0x98, 0x12, 0x39, 0x98, 0x12, 0x39, 0x97, 0x11, 0x39, 0x97, 0x12, 0x3A, 0x99, 0x12, 0x3B, 0x99, 0x11, 0x39, 0x97, 
        0x11, 0x39, 0x97, 0x11, 0x39, 0x98, 0x11, 0x39, 0x98, 0x11, 0x39, 0x98, 0x11, 0x39, 0x98, 0x11, 0x39, 0x98, 0x11, 0x39, 0x98, 0x11, 0x39, 0x97, 0x11, 0x39, 0x98, 0x11, 0x39, 0x98, 0x11, 0x3A, 0x98, 0x11, 0x3A, 0x98, 0x11, 0x3A, 0x98, 
        0x12, 0x3A, 0x99, 0x12, 0x3A, 0x98, 0x12, 0x3A, 0x99, 0x12, 0x3B, 0x99, 0x12, 0x3A, 0x99, 0x12, 0x3A, 0x99, 0x12, 0x3B, 0x99, 0x13, 0x3C, 0x9A, 0x13, 0x3C, 0x9A, 0x12, 0x3B, 0x9A, 0x12, 0x3A, 0x99, 0x12, 0x3B, 0x9A, 0x13, 0x3C, 0x9A, 
        0x12, 0x3B, 0x9A, 0x12, 0x3B, 0x9A, 0x13, 0x3C, 0x9B, 0x13, 0x3C, 0x9A, 0x13, 0x3C, 0x9A, 0x14, 0x3D, 0x9B, 0x13, 0x3D, 0x9B, 0x14, 0x3D, 0x9C, 0x14, 0x3E, 0x9C, 0x14, 0x3E, 0x9C, 0x14, 0x3E, 0x9C, 0x15, 0x3F, 0x9D, 0x15, 0x3F, 0x9D, 
        0x16, 0x40, 0x9E, 0x17, 0x41, 0x9E, 0x16, 0x40, 0x9D, 0x17, 0x42, 0x9E, 0x1A, 0x45, 0x9F, 0x1A, 0x45, 0xA0, 0x17, 0x42, 0x9E, 0x16, 0x40, 0x9D, 0x16, 0x40, 0x9D, 0x16, 0x40, 0x9E, 0x14, 0x3D, 0x9C, 0x12, 0x3B, 0x9A, 0x13, 0x3C, 0x9B, 
        0x13, 0x3C, 0x9B, 0x12, 0x3C, 0x9B, 0x12, 0x3B, 0x9A, 0x11, 0x3B, 0x9A, 0x11, 0x3A, 0x99, 0x11, 0x3B, 0x9A, 0x12, 0x3B, 0x9A, 0x11, 0x3B, 0x9A, 0x11, 0x3B, 0x9A, 0x11, 0x3B, 0x9A, 0x12, 0x3C, 0x9B, 0x12, 0x3D, 0x9B, 0x13, 0x3D, 0x9C, 
        0x12, 0x3D, 0x9C, 0x13, 0x3E, 0x9D, 0x13, 0x3E, 0x9D, 0x14, 0x3F, 0x9E, 0x14, 0x3F, 0x9D, 0x13, 0x3E, 0x9D, 0x14, 0x40, 0x9E, 0x15, 0x40, 0x9E, 0x16, 0x42, 0x9F, 0x18, 0x44, 0xA1, 0x17, 0x44, 0xA1, 0x17, 0x43, 0xA0, 0x19, 0x46, 0xA1, 
        0x1B, 0x48, 0xA2, 0x19, 0x47, 0xA1, 0x1B, 0x49, 0xA2, 0x1D, 0x4A, 0xA3, 0x1D, 0x4A, 0xA3, 0x1D, 0x4A, 0xA3, 0x1D, 0x4A, 0xA3, 0x1D, 0x4A, 0xA3, 0x1E, 0x4A, 0xA3, 0x1D, 0x4A, 0xA3, 0x1D, 0x4A, 0xA3, 0x1D, 0x4A, 0xA3, 0x1D, 0x4A, 0xA3, 
        0x1D, 0x4A, 0xA3, 0x1D, 0x4A, 0xA3, 0x1D, 0x4A, 0xA3, 0x1C, 0x4A, 0xA3, 0x1C, 0x4A, 0xA3, 0x1D, 0x4A, 0xA3, 0x1C, 0x49, 0xA3, 0x1B, 0x49, 0xA3, 0x1B, 0x49, 0xA2, 0x1B, 0x49, 0xA2, 0x1C, 0x4A, 0xA2, 0x1C, 0x4A, 0xA3, 0x1C, 0x4A, 0xA3, 
        0x1D, 0x4B, 0xA3, 0x1D, 0x4A, 0xA3, 0x1B, 0x4A, 0xA0,
  0x43, 0x55, 0xA4, 0x11, 0x38, 0x96, 0x10, 0x39, 0x96, 0x10, 0x38, 0x95, 0x10, 0x38, 0x96, 0x10, 0x38, 0x96, 0x10, 0x38, 0x96, 0x10, 0x38, 0x95, 0x10, 0x38, 0x96, 0x10, 0x39, 0x97, 0x10, 0x38, 0x96, 0x10, 0x38, 0x95, 0x10, 0x38, 0x96, 0x10, 0x38, 0x96, 
        0x10, 0x38, 0x96, 0x11, 0x39, 0x96, 0x11, 0x39, 0x96, 0x10, 0x38, 0x96, 0x10, 0x39, 0x96, 0x10, 0x39, 0x96, 0x11, 0x39, 0x97, 0x11, 0x3A, 0x98, 0x11, 0x3A, 0x98, 0x11, 0x39, 0x97, 0x11, 0x39, 0x97, 0x11, 0x39, 0x97, 0x10, 0x38, 0x96, 
        0x11, 0x39, 0x97, 0x11, 0x39, 0x97, 0x11, 0x39, 0x97, 0x11, 0x39, 0x97, 0x12, 0x3A, 0x98, 0x13, 0x3B, 0x99, 0x14, 0x3D, 0x99, 0x16, 0x3F, 0x9B, 0x20, 0x4B, 0xA3, 0x22, 0x4E, 0xA4, 0x17, 0x40, 0x9C, 0x15, 0x3D, 0x99, 0x15, 0x3E, 0x9B, 
        0x14, 0x3D, 0x9A, 0x14, 0x3D, 0x9A, 0x13, 0x3C, 0x99, 0x12, 0x3B, 0x99, 0x12, 0x3B, 0x99, 0x15, 0x3D, 0x9B, 0x13, 0x3C, 0x9A, 0x11, 0x39, 0x98, 0x11, 0x3A, 0x98, 0x12, 0x3A, 0x98, 0x11, 0x39, 0x97, 0x11, 0x39, 0x98, 0x11, 0x3A, 0x98, 
        0x11, 0x3A, 0x98, 0x11, 0x3A, 0x98, 0x11, 0x3A, 0x98, 0x11, 0x3A, 0x98, 0x11, 0x3A, 0x98, 0x11, 0x3A, 0x98, 0x12, 0x3B, 0x99, 0x12, 0x3B, 0x99, 0x11, 0x3A, 0x99, 0x11, 0x3B, 0x99, 0x11, 0x3A, 0x99, 0x11, 0x3A, 0x98, 0x12, 0x3B, 0x99, 
        0x12, 0x3B, 0x9A, 0x12, 0x3A, 0x99, 0x13, 0x3C, 0x9B, 0x14, 0x3E, 0x9C, 0x12, 0x3C, 0x9A, 0x11, 0x3A, 0x99, 0x12, 0x3B, 0x9A, 0x14, 0x3E, 0x9C, 0x13, 0x3C, 0x9B, 0x12, 0x3C, 0x9A, 0x13, 0x3C, 0x9B, 0x13, 0x3D, 0x9B, 0x12, 0x3C, 0x9B, 
        0x13, 0x3C, 0x9B, 0x13, 0x3C, 0x9B, 0x12, 0x3C, 0x9A, 0x13, 0x3D, 0x9B, 0x14, 0x3E, 0x9C, 0x14, 0x3E, 0x9C, 0x14, 0x3E, 0x9D, 0x13, 0x3E, 0x9C, 0x14, 0x3E, 0x9D, 0x14, 0x3F, 0x9D, 0x15, 0x3F, 0x9D, 0x15, 0x40, 0x9D, 0x16, 0x41, 0x9E, 
        0x17, 0x42, 0x9F, 0x17, 0x42, 0x9F, 0x17, 0x42, 0x9F, 0x17, 0x43, 0x9F, 0x18, 0x43, 0x9F, 0x19, 0x44, 0xA0, 0x19, 0x44, 0xA0, 0x17, 0x43, 0x9F, 0x16, 0x42, 0x9E, 0x15, 0x40, 0x9E, 0x14, 0x3F, 0x9D, 0x14, 0x3F, 0x9E, 0x14, 0x3E, 0x9D, 
        0x13, 0x3E, 0x9D, 0x12, 0x3C, 0x9B, 0x11, 0x3C, 0x9B, 0x12, 0x3C, 0x9B, 0x12, 0x3C, 0x9B, 0x11, 0x3C, 0x9B, 0x11, 0x3B, 0x9A, 0x11, 0x3B, 0x9A, 0x12, 0x3D, 0x9B, 0x12, 0x3C, 0x9B, 0x12, 0x3D, 0x9C, 0x13, 0x3D, 0x9C, 0x13, 0x3F, 0x9E, 
        0x13, 0x3E, 0x9D, 0x13, 0x3F, 0x9D, 0x12, 0x3D, 0x9D, 0x13, 0x3E, 0x9D, 0x14, 0x40, 0x9E, 0x13, 0x3E, 0x9D, 0x15, 0x41, 0x9F, 0x14, 0x40, 0x9E, 0x15, 0x42, 0x9F, 0x16, 0x43, 0xA0, 0x15, 0x42, 0x9F, 0x17, 0x43, 0xA0, 0x18, 0x46, 0xA2, 
        0x19, 0x46, 0xA2, 0x1A, 0x48, 0xA3, 0x1B, 0x49, 0xA3, 0x1B, 0x49, 0xA3, 0x1D, 0x4B, 0xA4, 0x1E, 0x4B, 0xA4, 0x1E, 0x4B, 0xA4, 0x1E, 0x4B, 0xA4, 0x1D, 0x4B, 0xA4, 0x1E, 0x4B, 0xA3, 0x1E, 0x4B, 0xA3, 0x1D, 0x4B, 0xA3, 0x1D, 0x4B, 0xA4, 
        0x1D, 0x4B, 0xA3, 0x1D, 0x4B, 0xA3, 0x1D, 0x4B, 0xA3, 0x1D, 0x4B, 0xA3, 0x1D, 0x4B, 0xA3, 0x1C, 0x4B, 0xA3, 0x1D, 0x4B, 0xA4, 0x1D, 0x4B, 0xA4, 0x1C, 0x4B, 0xA3, 0x1C, 0x4B, 0xA3, 0x1C, 0x4B, 0xA3, 0x1C, 0x4B, 0xA3, 0x1D, 0x4B, 0xA4, 
        0x1D, 0x4B, 0xA4, 0x1C, 0x4B, 0xA4, 0x1C, 0x4B, 0xA1,
  0x44, 0x55, 0xA5, 0x12, 0x39, 0x97, 0x11, 0x39, 0x97, 0x11, 0x39, 0x97, 0x11, 0x39, 0x97, 0x11, 0x39, 0x98, 0x11, 0x39, 0x97, 0x10, 0x38, 0x96, 0x11, 0x39, 0x97, 0x11, 0x3A, 0x98, 0x11, 0x39, 0x98, 0x11, 0x39, 0x98, 0x11, 0x39, 0x98, 0x11, 0x39, 0x97, 
        0x11, 0x39, 0x97, 0x11, 0x3A, 0x98, 0x11, 0x39, 0x98, 0x11, 0x39, 0x97, 0x12, 0x3A, 0x98, 0x12, 0x3B, 0x99, 0x12, 0x3A, 0x99, 0x12, 0x3A, 0x98, 0x12, 0x3A, 0x99, 0x12, 0x3A, 0x99, 0x11, 0x39, 0x98, 0x12, 0x3A, 0x99, 0x12, 0x3A, 0x99, 
        0x12, 0x39, 0x98, 0x12, 0x39, 0x98, 0x12, 0x3A, 0x98, 0x13, 0x3B, 0x99, 0x14, 0x3C, 0x9A, 0x15, 0x3E, 0x9C, 0x17, 0x3F, 0x9C, 0x22, 0x4D, 0xA5, 0x22, 0x4E, 0xA5, 0x18, 0x41, 0x9E, 0x16, 0x3E, 0x9C, 0x16, 0x3F, 0x9C, 0x16, 0x3F, 0x9C, 
        0x15, 0x3E, 0x9B, 0x14, 0x3D, 0x9B, 0x14, 0x3C, 0x9B, 0x14, 0x3C, 0x9B, 0x13, 0x3B, 0x9A, 0x14, 0x3C, 0x9B, 0x14, 0x3C, 0x9B, 0x13, 0x3B, 0x9A, 0x13, 0x3B, 0x9A, 0x12, 0x3B, 0x9A, 0x12, 0x3B, 0x9A, 0x12, 0x3A, 0x9A, 0x12, 0x3B, 0x9A, 
        0x12, 0x3B, 0x9A, 0x12, 0x3B, 0x9A, 0x12, 0x3B, 0x9A, 0x12, 0x3B, 0x9A, 0x12, 0x3B, 0x9A, 0x12, 0x3B, 0x9A, 0x12, 0x3B, 0x9A, 0x12, 0x3B, 0x9A, 0x12, 0x3A, 0x99, 0x13, 0x3C, 0x9A, 0x13, 0x3C, 0x9B, 0x13, 0x3C, 0x9A, 0x12, 0x3B, 0x9A, 
        0x12, 0x3C, 0x9B, 0x13, 0x3C, 0x9B, 0x13, 0x3D, 0x9C, 0x13, 0x3C, 0x9C, 0x13, 0x3D, 0x9C, 0x13, 0x3D, 0x9C, 0x12, 0x3B, 0x9B, 0x13, 0x3C, 0x9C, 0x13, 0x3C, 0x9C, 0x13, 0x3C, 0x9B, 0x13, 0x3D, 0x9C, 0x13, 0x3D, 0x9C, 0x13, 0x3D, 0x9C, 
        0x13, 0x3D, 0x9C, 0x14, 0x3E, 0x9D, 0x14, 0x3E, 0x9D, 0x14, 0x3E, 0x9D, 0x14, 0x3D, 0x9C, 0x13, 0x3D, 0x9C, 0x14, 0x3E, 0x9D, 0x14, 0x3E, 0x9D, 0x15, 0x3F, 0x9D, 0x15, 0x40, 0x9E, 0x15, 0x40, 0x9E, 0x15, 0x40, 0x9E, 0x16, 0x41, 0x9E, 
        0x17, 0x42, 0xA0, 0x17, 0x42, 0xA0, 0x18, 0x44, 0xA1, 0x19, 0x45, 0xA1, 0x19, 0x44, 0xA1, 0x1A, 0x45, 0xA1, 0x19, 0x44, 0xA1, 0x19, 0x44, 0xA0, 0x17, 0x43, 0xA0, 0x16, 0x41, 0x9F, 0x15, 0x3F, 0x9E, 0x14, 0x3E, 0x9D, 0x14, 0x3E, 0x9E, 
        0x14, 0x3E, 0x9E, 0x13, 0x3D, 0x9D, 0x13, 0x3D, 0x9D, 0x13, 0x3D, 0x9D, 0x12, 0x3C, 0x9C, 0x12, 0x3C, 0x9C, 0x12, 0x3C, 0x9C, 0x13, 0x3E, 0x9E, 0x14, 0x3F, 0x9F, 0x13, 0x3E, 0x9E, 0x14, 0x3F, 0x9E, 0x14, 0x3F, 0x9F, 0x14, 0x3F, 0x9E, 
        0x14, 0x3F, 0x9E, 0x14, 0x3F, 0x9F, 0x13, 0x3D, 0x9D, 0x12, 0x3D, 0x9D, 0x13, 0x3E, 0x9E, 0x14, 0x3F, 0x9F, 0x15, 0x42, 0xA0, 0x13, 0x3E, 0x9E, 0x14, 0x3F, 0x9F, 0x16, 0x43, 0xA1, 0x16, 0x43, 0xA1, 0x18, 0x45, 0xA3, 0x18, 0x46, 0xA3, 
        0x18, 0x45, 0xA3, 0x19, 0x47, 0xA4, 0x1B, 0x49, 0xA4, 0x1A, 0x48, 0xA4, 0x1E, 0x4C, 0xA5, 0x1F, 0x4C, 0xA5, 0x1E, 0x4C, 0xA5, 0x1E, 0x4C, 0xA5, 0x1E, 0x4C, 0xA5, 0x1E, 0x4C, 0xA5, 0x1E, 0x4C, 0xA5, 0x1E, 0x4C, 0xA5, 0x1E, 0x4C, 0xA5, 
        0x1E, 0x4C, 0xA5, 0x1E, 0x4C, 0xA5, 0x1E, 0x4B, 0xA5, 0x1E, 0x4C, 0xA5, 0x1E, 0x4C, 0xA5, 0x1E, 0x4C, 0xA5, 0x1E, 0x4C, 0xA5, 0x1E, 0x4C, 0xA5, 0x1D, 0x4B, 0xA5, 0x1D, 0x4C, 0xA5, 0x1D, 0x4C, 0xA5, 0x1D, 0x4C, 0xA5, 0x1D, 0x4C, 0xA5, 
        0x1D, 0x4C, 0xA5, 0x1D, 0x4B, 0xA5, 0x1D, 0x4C, 0xA3,
  0x43, 0x54, 0xA2, 0x12, 0x38, 0x97, 0x11, 0x39, 0x98, 0x11, 0x39, 0x98, 0x11, 0x39, 0x98, 0x11, 0x39, 0x98, 0x11, 0x39, 0x98, 0x11, 0x39, 0x98, 0x11, 0x39, 0x98, 0x11, 0x39, 0x98, 0x11, 0x39, 0x98, 0x11, 0x39, 0x99, 0x11, 0x39, 0x99, 0x11, 0x39, 0x98, 
        0x11, 0x39, 0x98, 0x12, 0x3A, 0x99, 0x12, 0x3A, 0x99, 0x11, 0x39, 0x98, 0x12, 0x3A, 0x9A, 0x13, 0x3B, 0x9B, 0x12, 0x3A, 0x99, 0x12, 0x39, 0x99, 0x13, 0x3B, 0x9B, 0x13, 0x3B, 0x9B, 0x12, 0x3A, 0x99, 0x11, 0x39, 0x99, 0x11, 0x39, 0x99, 
        0x13, 0x3A, 0x9A, 0x13, 0x3B, 0x9A, 0x13, 0x3B, 0x9A, 0x14, 0x3C, 0x9A, 0x15, 0x3E, 0x9B, 0x16, 0x3E, 0x9C, 0x1C, 0x48, 0xA2, 0x20, 0x4B, 0xA4, 0x18, 0x41, 0x9E, 0x17, 0x3F, 0x9C, 0x17, 0x40, 0x9E, 0x16, 0x3F, 0x9D, 0x15, 0x3E, 0x9C, 
        0x15, 0x3E, 0x9C, 0x14, 0x3D, 0x9B, 0x14, 0x3C, 0x9B, 0x14, 0x3C, 0x9C, 0x14, 0x3C, 0x9C, 0x13, 0x3B, 0x9B, 0x13, 0x3B, 0x9B, 0x13, 0x3B, 0x9B, 0x13, 0x3B, 0x9B, 0x13, 0x3B, 0x9B, 0x12, 0x3B, 0x9B, 0x12, 0x3A, 0x9A, 0x12, 0x3B, 0x9A, 
        0x12, 0x3B, 0x9A, 0x12, 0x3B, 0x9A, 0x12, 0x3A, 0x9A, 0x12, 0x3B, 0x9A, 0x12, 0x3B, 0x9A, 0x12, 0x3B, 0x9B, 0x15, 0x3F, 0x9E, 0x14, 0x3D, 0x9D, 0x12, 0x3A, 0x9A, 0x12, 0x3B, 0x9A, 0x12, 0x3B, 0x9B, 0x13, 0x3B, 0x9B, 0x13, 0x3B, 0x9B, 
        0x13, 0x3B, 0x9B, 0x13, 0x3C, 0x9C, 0x13, 0x3C, 0x9C, 0x13, 0x3C, 0x9C, 0x15, 0x3E, 0x9E, 0x15, 0x3E, 0x9E, 0x13, 0x3C, 0x9D, 0x13, 0x3C, 0x9C, 0x14, 0x3D, 0x9D, 0x15, 0x3F, 0x9F, 0x13, 0x3D, 0x9D, 0x13, 0x3C, 0x9D, 0x14, 0x3D, 0x9E, 
        0x13, 0x3D, 0x9D, 0x14, 0x3E, 0x9E, 0x15, 0x3F, 0x9F, 0x14, 0x3D, 0x9E, 0x14, 0x3E, 0x9E, 0x16, 0x41, 0xA0, 0x18, 0x44, 0xA1, 0x17, 0x42, 0xA0, 0x15, 0x3F, 0x9E, 0x15, 0x40, 0x9E, 0x1A, 0x46, 0xA3, 0x1F, 0x4B, 0xA5, 0x18, 0x44, 0xA1, 
        0x17, 0x42, 0xA0, 0x18, 0x43, 0xA1, 0x18, 0x44, 0xA2, 0x19, 0x45, 0xA2, 0x1A, 0x46, 0xA3, 0x1B, 0x46, 0xA3, 0x19, 0x45, 0xA2, 0x19, 0x44, 0xA1, 0x17, 0x42, 0xA0, 0x17, 0x42, 0xA0, 0x16, 0x41, 0xA0, 0x15, 0x3F, 0x9F, 0x14, 0x3E, 0x9E, 
        0x13, 0x3D, 0x9E, 0x13, 0x3D, 0x9E, 0x13, 0x3D, 0x9E, 0x13, 0x3D, 0x9E, 0x12, 0x3C, 0x9D, 0x13, 0x3D, 0x9E, 0x13, 0x3D, 0x9E, 0x13, 0x3E, 0x9E, 0x13, 0x3D, 0x9E, 0x13, 0x3D, 0x9E, 0x14, 0x3F, 0x9F, 0x13, 0x3D, 0x9E, 0x13, 0x3D, 0x9E, 
        0x13, 0x3E, 0x9E, 0x13, 0x3E, 0x9F, 0x13, 0x3F, 0x9F, 0x14, 0x3F, 0x9F, 0x14, 0x40, 0xA0, 0x14, 0x40, 0xA0, 0x15, 0x40, 0xA0, 0x13, 0x3E, 0x9E, 0x14, 0x40, 0xA0, 0x16, 0x43, 0xA2, 0x16, 0x42, 0xA2, 0x16, 0x42, 0xA2, 0x18, 0x45, 0xA3, 
        0x1A, 0x48, 0xA5, 0x1A, 0x48, 0xA5, 0x1A, 0x48, 0xA5, 0x19, 0x47, 0xA4, 0x1C, 0x4B, 0xA6, 0x1E, 0x4C, 0xA6, 0x1F, 0x4C, 0xA6, 0x1F, 0x4C, 0xA6, 0x1F, 0x4C, 0xA6, 0x1E, 0x4C, 0xA6, 0x1E, 0x4B, 0xA6, 0x1E, 0x4C, 0xA6, 0x1E, 0x4C, 0xA6, 
        0x1E, 0x4B, 0xA6, 0x1E, 0x4C, 0xA6, 0x1E, 0x4C, 0xA6, 0x1E, 0x4C, 0xA6, 0x1E, 0x4C, 0xA6, 0x1E, 0x4C, 0xA6, 0x1E, 0x4C, 0xA6, 0x1E, 0x4C, 0xA6, 0x1E, 0x4B, 0xA6, 0x1E, 0x4C, 0xA6, 0x1D, 0x4B, 0xA6, 0x1D, 0x4B, 0xA6, 0x1E, 0x4C, 0xA6, 
        0x1D, 0x4C, 0xA6, 0x1D, 0x4C, 0xA6, 0x1D, 0x4C, 0xA4,
  0x42, 0x52, 0x9F, 0x11, 0x39, 0x97, 0x11, 0x3A, 0x98, 0x11, 0x3A, 0x98, 0x11, 0x39, 0x98, 0x11, 0x39, 0x98, 0x11, 0x3A, 0x98, 0x11, 0x3A, 0x99, 0x11, 0x39, 0x99, 0x11, 0x3A, 0x99, 0x12, 0x3B, 0x99, 0x12, 0x3B, 0x9A, 0x11, 0x3A, 0x99, 0x11, 0x3A, 0x99, 
        0x12, 0x3B, 0x9A, 0x11, 0x3A, 0x99, 0x12, 0x3A, 0x99, 0x12, 0x3B, 0x9A, 0x12, 0x3B, 0x9B, 0x12, 0x3B, 0x9A, 0x12, 0x3A, 0x9A, 0x12, 0x3B, 0x9A, 0x12, 0x3B, 0x9A, 0x12, 0x3B, 0x9A, 0x11, 0x3A, 0x99, 0x12, 0x3B, 0x9A, 0x13, 0x3C, 0x9B, 
        0x14, 0x3C, 0x9C, 0x13, 0x3C, 0x9B, 0x14, 0x3D, 0x9C, 0x15, 0x3E, 0x9C, 0x19, 0x43, 0x9F, 0x21, 0x4D, 0xA5, 0x1F, 0x4B, 0xA5, 0x18, 0x42, 0x9F, 0x18, 0x41, 0x9E, 0x17, 0x42, 0x9F, 0x16, 0x40, 0x9E, 0x16, 0x3F, 0x9D, 0x15, 0x3F, 0x9D, 
        0x15, 0x3E, 0x9D, 0x14, 0x3D, 0x9C, 0x14, 0x3D, 0x9C, 0x14, 0x3C, 0x9C, 0x13, 0x3C, 0x9B, 0x13, 0x3C, 0x9C, 0x13, 0x3C, 0x9C, 0x13, 0x3B, 0x9B, 0x12, 0x3B, 0x9B, 0x13, 0x3D, 0x9C, 0x12, 0x3B, 0x9B, 0x13, 0x3C, 0x9B, 0x13, 0x3C, 0x9B, 
        0x12, 0x3B, 0x9B, 0x12, 0x3C, 0x9B, 0x12, 0x3C, 0x9C, 0x12, 0x3B, 0x9C, 0x12, 0x3C, 0x9C, 0x14, 0x3E, 0x9D, 0x21, 0x4D, 0xA6, 0x1B, 0x47, 0xA3, 0x12, 0x3B, 0x9B, 0x12, 0x3B, 0x9B, 0x13, 0x3C, 0x9D, 0x13, 0x3C, 0x9D, 0x13, 0x3C, 0x9D, 
        0x13, 0x3D, 0x9D, 0x13, 0x3C, 0x9D, 0x13, 0x3D, 0x9D, 0x12, 0x3C, 0x9D, 0x13, 0x3D, 0x9E, 0x13, 0x3D, 0x9D, 0x13, 0x3D, 0x9D, 0x14, 0x3E, 0x9E, 0x15, 0x40, 0xA0, 0x16, 0x41, 0xA1, 0x14, 0x3E, 0x9E, 0x15, 0x3F, 0x9F, 0x14, 0x3F, 0x9F, 
        0x19, 0x45, 0xA3, 0x19, 0x44, 0xA2, 0x13, 0x3D, 0x9D, 0x16, 0x42, 0xA0, 0x20, 0x4D, 0xA7, 0x24, 0x52, 0xA8, 0x27, 0x55, 0xA9, 0x22, 0x4F, 0xA7, 0x16, 0x41, 0x9F, 0x15, 0x40, 0x9F, 0x1E, 0x4B, 0xA5, 0x26, 0x52, 0xA9, 0x1C, 0x49, 0xA5, 
        0x18, 0x44, 0xA2, 0x19, 0x45, 0xA3, 0x19, 0x45, 0xA3, 0x19, 0x46, 0xA3, 0x1A, 0x47, 0xA4, 0x1C, 0x48, 0xA4, 0x1B, 0x47, 0xA3, 0x1A, 0x45, 0xA2, 0x19, 0x44, 0xA2, 0x17, 0x43, 0xA1, 0x16, 0x42, 0xA1, 0x16, 0x42, 0xA1, 0x16, 0x41, 0xA1, 
        0x14, 0x3F, 0x9F, 0x14, 0x3F, 0x9F, 0x14, 0x3F, 0x9F, 0x13, 0x3E, 0x9F, 0x14, 0x3F, 0x9F, 0x13, 0x3E, 0x9E, 0x13, 0x3E, 0x9F, 0x15, 0x40, 0xA0, 0x14, 0x40, 0xA0, 0x13, 0x3F, 0x9F, 0x14, 0x3F, 0x9F, 0x12, 0x3D, 0x9E, 0x12, 0x3C, 0x9E, 
        0x14, 0x3F, 0xA0, 0x13, 0x3F, 0x9F, 0x13, 0x3E, 0x9F, 0x13, 0x3F, 0x9F, 0x15, 0x41, 0xA1, 0x15, 0x42, 0xA1, 0x14, 0x40, 0xA0, 0x16, 0x43, 0xA2, 0x16, 0x43, 0xA2, 0x15, 0x42, 0xA1, 0x15, 0x42, 0xA2, 0x14, 0x41, 0xA1, 0x16, 0x44, 0xA3, 
        0x1A, 0x48, 0xA5, 0x1B, 0x4A, 0xA6, 0x1B, 0x49, 0xA6, 0x1A, 0x48, 0xA5, 0x1A, 0x48, 0xA5, 0x1D, 0x4B, 0xA6, 0x1F, 0x4D, 0xA7, 0x1F, 0x4D, 0xA7, 0x1E, 0x4C, 0xA6, 0x1F, 0x4E, 0xA7, 0x21, 0x4F, 0xA8, 0x1E, 0x4C, 0xA7, 0x1E, 0x4D, 0xA7, 
        0x1E, 0x4D, 0xA7, 0x1E, 0x4C, 0xA7, 0x1E, 0x4C, 0xA7, 0x1E, 0x4D, 0xA7, 0x1E, 0x4C, 0xA7, 0x1E, 0x4C, 0xA7, 0x1E, 0x4C, 0xA7, 0x1E, 0x4D, 0xA7, 0x1E, 0x4D, 0xA7, 0x1E, 0x4D, 0xA7, 0x1E, 0x4D, 0xA7, 0x1E, 0x4D, 0xA7, 0x1E, 0x4D, 0xA7, 
        0x1E, 0x4D, 0xA7, 0x1E, 0x4D, 0xA7, 0x1D, 0x4D, 0xA5,
  0x43, 0x53, 0xA1, 0x11, 0x39, 0x97, 0x11, 0x3A, 0x98, 0x11, 0x3A, 0x99, 0x11, 0x3A, 0x99, 0x11, 0x3A, 0x99, 0x11, 0x3A, 0x99, 0x11, 0x3A, 0x99, 0x11, 0x3A, 0x99, 0x11, 0x3A, 0x99, 0x11, 0x3B, 0x9A, 0x11, 0x3B, 0x9A, 0x11, 0x3A, 0x99, 0x11, 0x3A, 0x9A, 
        0x12, 0x3C, 0x9B, 0x12, 0x3B, 0x9A, 0x12, 0x3C, 0x9B, 0x12, 0x3C, 0x9B, 0x12, 0x3C, 0x9B, 0x12, 0x3C, 0x9B, 0x11, 0x3B, 0x9A, 0x12, 0x3C, 0x9C, 0x13, 0x3D, 0x9C, 0x12, 0x3C, 0x9A, 0x13, 0x3C, 0x9B, 0x14, 0x3D, 0x9C, 0x13, 0x3D, 0x9B, 
        0x14, 0x3D, 0x9D, 0x14, 0x3E, 0x9C, 0x14, 0x3D, 0x9B, 0x1B, 0x47, 0xA2, 0x26, 0x52, 0xA8, 0x21, 0x4F, 0xA6, 0x19, 0x44, 0xA0, 0x19, 0x42, 0xA0, 0x18, 0x42, 0xA0, 0x17, 0x41, 0x9F, 0x16, 0x40, 0x9F, 0x15, 0x40, 0x9E, 0x15, 0x3F, 0x9E, 
        0x15, 0x3E, 0x9D, 0x14, 0x3D, 0x9D, 0x14, 0x3D, 0x9D, 0x13, 0x3D, 0x9C, 0x13, 0x3C, 0x9C, 0x13, 0x3D, 0x9C, 0x13, 0x3C, 0x9C, 0x12, 0x3C, 0x9B, 0x13, 0x3D, 0x9C, 0x15, 0x3F, 0x9E, 0x13, 0x3C, 0x9C, 0x13, 0x3C, 0x9C, 0x13, 0x3D, 0x9C, 
        0x12, 0x3D, 0x9C, 0x12, 0x3C, 0x9C, 0x13, 0x3D, 0x9C, 0x12, 0x3C, 0x9C, 0x12, 0x3C, 0x9C, 0x13, 0x3D, 0x9D, 0x18, 0x45, 0xA1, 0x17, 0x42, 0xA0, 0x12, 0x3C, 0x9C, 0x14, 0x3D, 0x9E, 0x13, 0x3D, 0x9D, 0x12, 0x3B, 0x9C, 0x12, 0x3C, 0x9C, 
        0x13, 0x3D, 0x9D, 0x12, 0x3D, 0x9D, 0x13, 0x3E, 0x9E, 0x13, 0x3E, 0x9E, 0x13, 0x3D, 0x9E, 0x13, 0x3E, 0x9E, 0x14, 0x3E, 0x9E, 0x15, 0x3F, 0x9F, 0x15, 0x3F, 0x9F, 0x14, 0x3E, 0x9E, 0x14, 0x3E, 0x9E, 0x15, 0x40, 0x9F, 0x14, 0x40, 0x9F, 
        0x18, 0x45, 0xA3, 0x19, 0x44, 0xA3, 0x14, 0x3E, 0x9D, 0x19, 0x46, 0xA2, 0x27, 0x55, 0xAA, 0x2A, 0x58, 0xAB, 0x27, 0x55, 0xAA, 0x1C, 0x4A, 0xA6, 0x16, 0x41, 0xA0, 0x16, 0x41, 0xA0, 0x18, 0x45, 0xA2, 0x19, 0x49, 0xA3, 0x19, 0x46, 0xA3, 
        0x18, 0x44, 0xA2, 0x19, 0x45, 0xA3, 0x19, 0x46, 0xA4, 0x1A, 0x47, 0xA4, 0x1B, 0x48, 0xA4, 0x1D, 0x49, 0xA5, 0x1D, 0x4A, 0xA5, 0x1B, 0x47, 0xA4, 0x18, 0x44, 0xA2, 0x18, 0x44, 0xA2, 0x16, 0x42, 0xA1, 0x15, 0x41, 0xA1, 0x15, 0x41, 0xA1, 
        0x14, 0x40, 0xA0, 0x13, 0x3F, 0x9F, 0x14, 0x40, 0xA0, 0x15, 0x41, 0xA1, 0x14, 0x41, 0xA1, 0x14, 0x40, 0xA0, 0x14, 0x40, 0xA1, 0x14, 0x41, 0xA1, 0x14, 0x40, 0xA1, 0x14, 0x40, 0xA1, 0x14, 0x40, 0xA1, 0x13, 0x3F, 0xA0, 0x13, 0x3F, 0x9F, 
        0x14, 0x40, 0xA1, 0x14, 0x40, 0xA1, 0x13, 0x3F, 0xA0, 0x14, 0x40, 0xA0, 0x15, 0x42, 0xA2, 0x14, 0x40, 0xA1, 0x14, 0x40, 0xA0, 0x15, 0x43, 0xA2, 0x14, 0x41, 0xA1, 0x15, 0x42, 0xA2, 0x17, 0x44, 0xA3, 0x16, 0x43, 0xA3, 0x15, 0x42, 0xA2, 
        0x15, 0x43, 0xA2, 0x19, 0x48, 0xA6, 0x1C, 0x4B, 0xA8, 0x19, 0x48, 0xA6, 0x19, 0x48, 0xA6, 0x1D, 0x4D, 0xA8, 0x1E, 0x4D, 0xA8, 0x1F, 0x4E, 0xA8, 0x1F, 0x4E, 0xA8, 0x20, 0x4F, 0xA8, 0x21, 0x50, 0xA9, 0x1F, 0x4E, 0xA8, 0x1F, 0x4E, 0xA8, 
        0x1F, 0x4E, 0xA7, 0x1F, 0x4E, 0xA8, 0x1E, 0x4D, 0xA7, 0x1E, 0x4D, 0xA7, 0x1E, 0x4D, 0xA7, 0x1E, 0x4D, 0xA7, 0x1E, 0x4D, 0xA7, 0x1E, 0x4E, 0xA7, 0x1E, 0x4E, 0xA7, 0x1E, 0x4E, 0xA7, 0x1F, 0x4E, 0xA8, 0x1F, 0x4E, 0xA8, 0x1E, 0x4E, 0xA8, 
        0x1E, 0x4E, 0xA8, 0x1E, 0x4E, 0xA8, 0x1D, 0x4E, 0xA5,
  0x43, 0x53, 0xA0, 0x11, 0x3A, 0x99, 0x11, 0x3B, 0x9A, 0x11, 0x3B, 0x9A, 0x11, 0x3B, 0x9B, 0x11, 0x3B, 0x9B, 0x11, 0x3B, 0x9B, 0x11, 0x3B, 0x9C, 0x11, 0x3B, 0x9C, 0x11, 0x3B, 0x9B, 0x11, 0x3B, 0x9C, 0x11, 0x3B, 0x9C, 0x12, 0x3C, 0x9C, 0x12, 0x3C, 0x9C, 
        0x12, 0x3B, 0x9C, 0x12, 0x3C, 0x9D, 0x12, 0x3D, 0x9D, 0x12, 0x3D, 0x9D, 0x13, 0x3D, 0x9E, 0x13, 0x3D, 0x9E, 0x12, 0x3C, 0x9D, 0x14, 0x3F, 0xA0, 0x14, 0x3F, 0x9F, 0x12, 0x3C, 0x9C, 0x14, 0x3E, 0x9E, 0x14, 0x3E, 0x9E, 0x14, 0x3E, 0x9E, 
        0x15, 0x40, 0xA0, 0x16, 0x40, 0xA0, 0x1A, 0x45, 0xA3, 0x26, 0x53, 0xAB, 0x22, 0x50, 0xA9, 0x18, 0x44, 0xA1, 0x19, 0x44, 0xA2, 0x19, 0x44, 0xA3, 0x18, 0x42, 0xA2, 0x17, 0x42, 0xA1, 0x16, 0x41, 0xA1, 0x15, 0x40, 0xA0, 0x15, 0x3F, 0xA0, 
        0x14, 0x3F, 0x9F, 0x14, 0x3E, 0x9F, 0x14, 0x3E, 0x9F, 0x13, 0x3E, 0x9F, 0x13, 0x3E, 0x9F, 0x13, 0x3D, 0x9F, 0x13, 0x3D, 0x9E, 0x13, 0x3D, 0x9E, 0x14, 0x3F, 0x9F, 0x16, 0x41, 0xA2, 0x13, 0x3E, 0x9F, 0x13, 0x3D, 0x9E, 0x13, 0x3D, 0x9E, 
        0x12, 0x3D, 0x9E, 0x13, 0x3D, 0x9E, 0x13, 0x3D, 0x9E, 0x13, 0x3D, 0x9F, 0x13, 0x3D, 0x9F, 0x13, 0x3D, 0x9F, 0x12, 0x3D, 0x9E, 0x12, 0x3D, 0x9E, 0x13, 0x3D, 0x9F, 0x13, 0x3E, 0xA0, 0x12, 0x3E, 0x9F, 0x15, 0x43, 0xA2, 0x15, 0x41, 0xA1, 
        0x13, 0x3D, 0x9F, 0x14, 0x3F, 0xA0, 0x12, 0x3D, 0x9E, 0x12, 0x3D, 0x9E, 0x14, 0x3F, 0xA0, 0x13, 0x3F, 0xA0, 0x13, 0x3E, 0xA0, 0x14, 0x3F, 0xA1, 0x14, 0x40, 0xA1, 0x14, 0x3F, 0xA1, 0x14, 0x3F, 0xA1, 0x14, 0x3F, 0xA1, 0x15, 0x41, 0xA2, 
        0x14, 0x40, 0xA1, 0x15, 0x41, 0xA2, 0x14, 0x3F, 0xA0, 0x17, 0x45, 0xA4, 0x27, 0x55, 0xAD, 0x29, 0x57, 0xAD, 0x1E, 0x4D, 0xA9, 0x15, 0x41, 0xA1, 0x15, 0x40, 0xA2, 0x17, 0x43, 0xA4, 0x1B, 0x48, 0xA6, 0x1A, 0x48, 0xA5, 0x17, 0x44, 0xA3, 
        0x18, 0x45, 0xA5, 0x19, 0x46, 0xA5, 0x1A, 0x47, 0xA6, 0x1B, 0x49, 0xA7, 0x1C, 0x49, 0xA7, 0x1C, 0x4A, 0xA7, 0x1E, 0x4C, 0xA8, 0x1E, 0x4C, 0xA8, 0x18, 0x46, 0xA5, 0x17, 0x44, 0xA4, 0x17, 0x44, 0xA4, 0x16, 0x42, 0xA3, 0x14, 0x41, 0xA2, 
        0x15, 0x42, 0xA3, 0x15, 0x42, 0xA3, 0x14, 0x41, 0xA2, 0x15, 0x41, 0xA3, 0x14, 0x41, 0xA3, 0x14, 0x41, 0xA3, 0x14, 0x42, 0xA3, 0x14, 0x41, 0xA3, 0x14, 0x41, 0xA3, 0x14, 0x42, 0xA3, 0x14, 0x41, 0xA3, 0x14, 0x41, 0xA3, 0x14, 0x41, 0xA3, 
        0x14, 0x41, 0xA3, 0x14, 0x42, 0xA3, 0x14, 0x41, 0xA3, 0x14, 0x40, 0xA3, 0x14, 0x41, 0xA3, 0x14, 0x41, 0xA3, 0x15, 0x42, 0xA4, 0x15, 0x43, 0xA4, 0x16, 0x43, 0xA5, 0x17, 0x46, 0xA6, 0x17, 0x45, 0xA6, 0x17, 0x45, 0xA6, 0x16, 0x45, 0xA5, 
        0x17, 0x45, 0xA6, 0x19, 0x48, 0xA7, 0x19, 0x49, 0xA8, 0x16, 0x45, 0xA6, 0x1B, 0x4B, 0xAA, 0x1B, 0x4B, 0xA9, 0x1C, 0x4C, 0xA9, 0x20, 0x4F, 0xAA, 0x1F, 0x4F, 0xAA, 0x1D, 0x4D, 0xA9, 0x21, 0x51, 0xAB, 0x25, 0x54, 0xAC, 0x20, 0x4F, 0xAA, 
        0x1E, 0x4E, 0xAA, 0x1F, 0x4F, 0xAA, 0x1F, 0x4E, 0xAA, 0x1E, 0x4E, 0xAA, 0x1E, 0x4E, 0xA9, 0x1E, 0x4E, 0xAA, 0x1E, 0x4E, 0xAA, 0x1E, 0x4F, 0xAA, 0x1E, 0x4E, 0xAA, 0x1E, 0x4E, 0xAA, 0x1E, 0x4F, 0xAA, 0x1F, 0x4F, 0xAA, 0x1E, 0x4E, 0xAA, 
        0x1E, 0x4F, 0xAA, 0x1E, 0x4F, 0xAA, 0x1E, 0x4F, 0xA7,
  0x43, 0x52, 0x9E, 0x13, 0x3C, 0x9C, 0x12, 0x3D, 0x9D, 0x11, 0x3C, 0x9D, 0x11, 0x3C, 0x9C, 0x12, 0x3C, 0x9D, 0x12, 0x3D, 0x9E, 0x12, 0x3D, 0x9E, 0x12, 0x3D, 0x9E, 0x12, 0x3C, 0x9D, 0x12, 0x3D, 0x9E, 0x12, 0x3D, 0x9E, 0x13, 0x3E, 0x9F, 0x12, 0x3D, 0x9E, 
        0x12, 0x3D, 0x9E, 0x13, 0x3D, 0x9F, 0x13, 0x3E, 0xA0, 0x14, 0x3F, 0xA1, 0x14, 0x40, 0xA1, 0x14, 0x3F, 0xA1, 0x13, 0x3E, 0xA0, 0x13, 0x3D, 0x9F, 0x13, 0x3D, 0x9F, 0x14, 0x3E, 0x9F, 0x14, 0x3F, 0xA0, 0x14, 0x3E, 0x9E, 0x15, 0x3F, 0xA0, 
        0x15, 0x40, 0xA0, 0x18, 0x45, 0xA4, 0x25, 0x52, 0xAC, 0x22, 0x50, 0xAB, 0x19, 0x46, 0xA4, 0x1B, 0x46, 0xA5, 0x1A, 0x46, 0xA5, 0x19, 0x45, 0xA4, 0x18, 0x44, 0xA3, 0x17, 0x43, 0xA3, 0x17, 0x42, 0xA3, 0x16, 0x41, 0xA2, 0x15, 0x40, 0xA2, 
        0x15, 0x40, 0xA2, 0x15, 0x40, 0xA2, 0x14, 0x3F, 0xA1, 0x14, 0x3F, 0xA1, 0x14, 0x3F, 0xA1, 0x14, 0x3E, 0xA1, 0x13, 0x3E, 0xA0, 0x13, 0x3E, 0xA0, 0x13, 0x3F, 0xA0, 0x14, 0x3F, 0xA1, 0x13, 0x3E, 0xA0, 0x13, 0x3E, 0xA0, 0x14, 0x3E, 0xA1, 
        0x14, 0x3F, 0xA1, 0x14, 0x3F, 0xA1, 0x14, 0x3F, 0xA1, 0x14, 0x3F, 0xA1, 0x14, 0x40, 0xA2, 0x13, 0x3E, 0xA1, 0x14, 0x3E, 0xA1, 0x14, 0x3F, 0xA2, 0x14, 0x3F, 0xA2, 0x13, 0x3E, 0xA1, 0x15, 0x43, 0xA3, 0x27, 0x56, 0xAF, 0x2A, 0x57, 0xB0, 
        0x17, 0x43, 0xA4, 0x13, 0x3E, 0xA0, 0x17, 0x44, 0xA5, 0x17, 0x44, 0xA5, 0x14, 0x40, 0xA1, 0x15, 0x41, 0xA2, 0x16, 0x43, 0xA4, 0x17, 0x43, 0xA5, 0x15, 0x41, 0xA3, 0x15, 0x41, 0xA3, 0x16, 0x42, 0xA4, 0x15, 0x42, 0xA3, 0x16, 0x42, 0xA4, 
        0x15, 0x41, 0xA3, 0x16, 0x42, 0xA4, 0x16, 0x43, 0xA4, 0x17, 0x45, 0xA5, 0x21, 0x50, 0xAC, 0x20, 0x4F, 0xAC, 0x17, 0x45, 0xA5, 0x1E, 0x4B, 0xAA, 0x1D, 0x49, 0xA9, 0x18, 0x44, 0xA5, 0x1A, 0x48, 0xA7, 0x19, 0x47, 0xA6, 0x19, 0x47, 0xA7, 
        0x1C, 0x4A, 0xA9, 0x1B, 0x49, 0xA8, 0x1B, 0x49, 0xA8, 0x1C, 0x4B, 0xA9, 0x1D, 0x4B, 0xAA, 0x1F, 0x4D, 0xAB, 0x1F, 0x4F, 0xAB, 0x21, 0x50, 0xAC, 0x1D, 0x4C, 0xAA, 0x18, 0x46, 0xA6, 0x18, 0x45, 0xA6, 0x16, 0x43, 0xA5, 0x17, 0x44, 0xA6, 
        0x17, 0x45, 0xA7, 0x15, 0x43, 0xA5, 0x17, 0x45, 0xA6, 0x15, 0x42, 0xA5, 0x14, 0x42, 0xA4, 0x15, 0x43, 0xA5, 0x15, 0x42, 0xA5, 0x15, 0x43, 0xA5, 0x15, 0x43, 0xA5, 0x15, 0x42, 0xA5, 0x15, 0x43, 0xA6, 0x16, 0x44, 0xA6, 0x15, 0x43, 0xA6, 
        0x15, 0x43, 0xA5, 0x16, 0x44, 0xA6, 0x14, 0x42, 0xA5, 0x14, 0x41, 0xA5, 0x15, 0x43, 0xA6, 0x15, 0x43, 0xA5, 0x15, 0x44, 0xA6, 0x16, 0x45, 0xA7, 0x15, 0x44, 0xA6, 0x14, 0x43, 0xA5, 0x15, 0x43, 0xA6, 0x17, 0x45, 0xA7, 0x17, 0x46, 0xA8, 
        0x1A, 0x4A, 0xAA, 0x19, 0x49, 0xA9, 0x1B, 0x4C, 0xAB, 0x1A, 0x4A, 0xAA, 0x1D, 0x4E, 0xAC, 0x1A, 0x4B, 0xAA, 0x1C, 0x4D, 0xAB, 0x20, 0x50, 0xAC, 0x20, 0x50, 0xAC, 0x1F, 0x50, 0xAC, 0x23, 0x54, 0xAE, 0x27, 0x56, 0xAF, 0x20, 0x51, 0xAD, 
        0x1F, 0x50, 0xAC, 0x20, 0x50, 0xAC, 0x1F, 0x50, 0xAC, 0x1F, 0x50, 0xAC, 0x1F, 0x50, 0xAC, 0x1F, 0x50, 0xAC, 0x1F, 0x50, 0xAC, 0x1F, 0x50, 0xAC, 0x1F, 0x50, 0xAC, 0x1F, 0x50, 0xAC, 0x1F, 0x50, 0xAC, 0x1F, 0x51, 0xAC, 0x1F, 0x50, 0xAD, 
        0x1F, 0x50, 0xAC, 0x1F, 0x51, 0xAD, 0x1E, 0x50, 0xA9,
  0x45, 0x52, 0x9E, 0x14, 0x3D, 0x9F, 0x13, 0x3E, 0xA1, 0x12, 0x3E, 0xA0, 0x13, 0x3E, 0xA0, 0x13, 0x3E, 0xA1, 0x13, 0x3E, 0xA1, 0x13, 0x3E, 0xA1, 0x13, 0x3E, 0xA1, 0x13, 0x3E, 0xA1, 0x13, 0x3E, 0xA1, 0x13, 0x3E, 0xA1, 0x13, 0x3F, 0xA2, 0x13, 0x3E, 0xA1, 
        0x13, 0x3E, 0xA1, 0x13, 0x3F, 0xA2, 0x14, 0x40, 0xA3, 0x14, 0x40, 0xA4, 0x14, 0x40, 0xA3, 0x14, 0x40, 0xA3, 0x14, 0x40, 0xA2, 0x14, 0x3F, 0xA1, 0x15, 0x40, 0xA2, 0x15, 0x40, 0xA3, 0x16, 0x42, 0xA4, 0x17, 0x42, 0xA4, 0x18, 0x43, 0xA5, 
        0x1E, 0x4A, 0xA9, 0x27, 0x55, 0xB0, 0x23, 0x52, 0xAE, 0x1B, 0x48, 0xA8, 0x1C, 0x47, 0xA8, 0x1B, 0x47, 0xA8, 0x19, 0x46, 0xA7, 0x19, 0x46, 0xA7, 0x19, 0x45, 0xA6, 0x18, 0x44, 0xA6, 0x17, 0x43, 0xA6, 0x17, 0x42, 0xA5, 0x16, 0x42, 0xA5, 
        0x16, 0x42, 0xA5, 0x16, 0x41, 0xA5, 0x15, 0x40, 0xA4, 0x15, 0x41, 0xA4, 0x15, 0x41, 0xA4, 0x14, 0x40, 0xA4, 0x15, 0x40, 0xA4, 0x15, 0x41, 0xA4, 0x14, 0x40, 0xA3, 0x14, 0x40, 0xA3, 0x15, 0x40, 0xA3, 0x15, 0x40, 0xA4, 0x15, 0x41, 0xA5, 
        0x15, 0x41, 0xA5, 0x14, 0x40, 0xA4, 0x14, 0x40, 0xA4, 0x15, 0x41, 0xA5, 0x16, 0x42, 0xA5, 0x14, 0x40, 0xA3, 0x14, 0x40, 0xA4, 0x15, 0x41, 0xA5, 0x15, 0x40, 0xA5, 0x14, 0x3F, 0xA4, 0x15, 0x42, 0xA5, 0x23, 0x54, 0xB0, 0x28, 0x56, 0xB2, 
        0x17, 0x43, 0xA7, 0x13, 0x3F, 0xA2, 0x20, 0x4E, 0xAE, 0x23, 0x51, 0xB0, 0x17, 0x44, 0xA7, 0x18, 0x45, 0xA8, 0x18, 0x46, 0xA9, 0x18, 0x46, 0xA9, 0x16, 0x42, 0xA6, 0x16, 0x43, 0xA7, 0x16, 0x43, 0xA7, 0x16, 0x43, 0xA7, 0x16, 0x43, 0xA7, 
        0x17, 0x44, 0xA7, 0x17, 0x44, 0xA7, 0x17, 0x45, 0xA7, 0x17, 0x45, 0xA7, 0x17, 0x45, 0xA8, 0x17, 0x45, 0xA7, 0x17, 0x45, 0xA7, 0x20, 0x4E, 0xAE, 0x1E, 0x4C, 0xAD, 0x18, 0x46, 0xA8, 0x19, 0x47, 0xA9, 0x19, 0x47, 0xA9, 0x1F, 0x4D, 0xAD, 
        0x21, 0x4F, 0xAE, 0x1E, 0x4C, 0xAD, 0x1D, 0x4C, 0xAC, 0x1D, 0x4C, 0xAC, 0x1E, 0x4D, 0xAD, 0x20, 0x4F, 0xAE, 0x1F, 0x4F, 0xAD, 0x21, 0x51, 0xAF, 0x1F, 0x4F, 0xAE, 0x19, 0x47, 0xA9, 0x1A, 0x49, 0xAB, 0x19, 0x48, 0xAA, 0x19, 0x47, 0xAA, 
        0x18, 0x47, 0xAA, 0x17, 0x45, 0xA8, 0x18, 0x47, 0xAA, 0x18, 0x46, 0xAA, 0x17, 0x46, 0xA9, 0x18, 0x47, 0xAB, 0x17, 0x45, 0xA9, 0x16, 0x44, 0xA9, 0x16, 0x44, 0xA9, 0x16, 0x45, 0xA9, 0x16, 0x44, 0xA9, 0x16, 0x44, 0xA9, 0x15, 0x43, 0xA7, 
        0x15, 0x43, 0xA7, 0x15, 0x43, 0xA7, 0x14, 0x42, 0xA6, 0x16, 0x44, 0xA8, 0x18, 0x48, 0xAB, 0x16, 0x45, 0xA9, 0x16, 0x45, 0xA9, 0x16, 0x45, 0xA9, 0x14, 0x43, 0xA7, 0x16, 0x44, 0xA9, 0x18, 0x47, 0xAA, 0x17, 0x47, 0xAA, 0x19, 0x4A, 0xAC, 
        0x1C, 0x4C, 0xAE, 0x17, 0x47, 0xAA, 0x1A, 0x4B, 0xAD, 0x1C, 0x4D, 0xAE, 0x1B, 0x4C, 0xAE, 0x1C, 0x4E, 0xAE, 0x1F, 0x51, 0xB0, 0x22, 0x52, 0xB0, 0x22, 0x52, 0xB0, 0x21, 0x52, 0xAF, 0x1F, 0x51, 0xAF, 0x20, 0x52, 0xAF, 0x20, 0x51, 0xB0, 
        0x21, 0x52, 0xB0, 0x21, 0x52, 0xB0, 0x20, 0x52, 0xB0, 0x21, 0x52, 0xAF, 0x20, 0x52, 0xAF, 0x20, 0x51, 0xAF, 0x20, 0x52, 0xAF, 0x20, 0x52, 0xAF, 0x20, 0x52, 0xAF, 0x20, 0x52, 0xAF, 0x20, 0x52, 0xAF, 0x20, 0x52, 0xB0, 0x21, 0x52, 0xB0, 
        0x20, 0x52, 0xB0, 0x21, 0x52, 0xB0, 0x20, 0x52, 0xAD,
  0x45, 0x53, 0x9E, 0x15, 0x3E, 0xA0, 0x13, 0x40, 0xA2, 0x13, 0x40, 0xA2, 0x14, 0x40, 0xA3, 0x14, 0x40, 0xA2, 0x13, 0x40, 0xA2, 0x13, 0x3F, 0xA2, 0x13, 0x40, 0xA2, 0x14, 0x40, 0xA3, 0x14, 0x40, 0xA3, 0x14, 0x41, 0xA3, 0x14, 0x40, 0xA3, 0x14, 0x40, 0xA3, 
        0x14, 0x40, 0xA3, 0x15, 0x41, 0xA3, 0x15, 0x41, 0xA3, 0x15, 0x41, 0xA4, 0x15, 0x41, 0xA4, 0x14, 0x41, 0xA4, 0x14, 0x40, 0xA3, 0x16, 0x42, 0xA4, 0x18, 0x45, 0xA7, 0x16, 0x43, 0xA4, 0x17, 0x43, 0xA5, 0x18, 0x43, 0xA5, 0x1C, 0x49, 0xA9, 
        0x28, 0x57, 0xB1, 0x24, 0x53, 0xAF, 0x1C, 0x4A, 0xA9, 0x1D, 0x49, 0xA9, 0x1D, 0x49, 0xA9, 0x1B, 0x48, 0xA8, 0x1A, 0x47, 0xA9, 0x1A, 0x46, 0xA8, 0x19, 0x45, 0xA7, 0x18, 0x45, 0xA7, 0x18, 0x44, 0xA6, 0x17, 0x43, 0xA6, 0x17, 0x44, 0xA7, 
        0x17, 0x43, 0xA7, 0x16, 0x42, 0xA6, 0x16, 0x42, 0xA6, 0x16, 0x42, 0xA6, 0x16, 0x42, 0xA6, 0x16, 0x42, 0xA6, 0x15, 0x42, 0xA5, 0x16, 0x42, 0xA5, 0x15, 0x42, 0xA5, 0x15, 0x42, 0xA5, 0x16, 0x42, 0xA5, 0x15, 0x42, 0xA5, 0x15, 0x42, 0xA6, 
        0x15, 0x41, 0xA6, 0x15, 0x41, 0xA5, 0x15, 0x42, 0xA6, 0x16, 0x42, 0xA5, 0x18, 0x45, 0xA8, 0x1D, 0x4B, 0xAC, 0x18, 0x46, 0xA9, 0x15, 0x42, 0xA6, 0x16, 0x43, 0xA7, 0x16, 0x42, 0xA7, 0x15, 0x42, 0xA6, 0x16, 0x44, 0xA7, 0x17, 0x45, 0xA8, 
        0x16, 0x43, 0xA7, 0x16, 0x43, 0xA7, 0x18, 0x46, 0xA9, 0x19, 0x47, 0xAA, 0x17, 0x44, 0xA8, 0x17, 0x45, 0xA8, 0x17, 0x45, 0xA8, 0x17, 0x44, 0xA8, 0x17, 0x45, 0xA9, 0x18, 0x45, 0xA9, 0x17, 0x45, 0xA8, 0x17, 0x45, 0xA9, 0x18, 0x45, 0xA9, 
        0x18, 0x46, 0xA9, 0x18, 0x46, 0xA9, 0x18, 0x46, 0xA9, 0x19, 0x47, 0xAA, 0x18, 0x46, 0xAA, 0x19, 0x47, 0xAA, 0x19, 0x47, 0xAA, 0x18, 0x47, 0xA9, 0x19, 0x48, 0xAA, 0x1B, 0x4A, 0xAC, 0x1A, 0x49, 0xAC, 0x1A, 0x49, 0xAC, 0x1C, 0x4C, 0xAD, 
        0x1E, 0x4D, 0xAE, 0x1D, 0x4C, 0xAD, 0x1E, 0x4D, 0xAD, 0x1F, 0x4E, 0xAE, 0x20, 0x4F, 0xAE, 0x21, 0x51, 0xAF, 0x24, 0x56, 0xB2, 0x24, 0x55, 0xB2, 0x1F, 0x50, 0xAF, 0x19, 0x49, 0xAA, 0x1B, 0x4A, 0xAC, 0x1C, 0x4B, 0xAD, 0x1A, 0x4A, 0xAC, 
        0x19, 0x48, 0xAB, 0x17, 0x46, 0xA9, 0x18, 0x47, 0xAA, 0x19, 0x49, 0xAC, 0x18, 0x47, 0xAA, 0x18, 0x48, 0xAB, 0x18, 0x46, 0xAB, 0x16, 0x45, 0xA9, 0x16, 0x45, 0xA9, 0x16, 0x45, 0xA9, 0x15, 0x44, 0xA8, 0x15, 0x43, 0xA8, 0x15, 0x43, 0xA8, 
        0x16, 0x45, 0xA9, 0x16, 0x45, 0xAA, 0x16, 0x44, 0xA9, 0x16, 0x45, 0xA9, 0x17, 0x46, 0xAA, 0x17, 0x46, 0xAB, 0x18, 0x47, 0xAB, 0x16, 0x46, 0xAA, 0x16, 0x45, 0xAA, 0x18, 0x48, 0xAC, 0x18, 0x48, 0xAC, 0x18, 0x48, 0xAC, 0x1B, 0x4B, 0xAE, 
        0x18, 0x48, 0xAB, 0x18, 0x49, 0xAC, 0x1F, 0x51, 0xB1, 0x1E, 0x50, 0xB0, 0x1B, 0x4D, 0xAE, 0x1A, 0x4C, 0xAE, 0x1E, 0x50, 0xB0, 0x23, 0x54, 0xB2, 0x23, 0x54, 0xB1, 0x21, 0x53, 0xB0, 0x21, 0x54, 0xB1, 0x20, 0x53, 0xB0, 0x22, 0x53, 0xB1, 
        0x21, 0x53, 0xB1, 0x21, 0x53, 0xB1, 0x22, 0x54, 0xB1, 0x22, 0x54, 0xB1, 0x21, 0x53, 0xB1, 0x21, 0x53, 0xB1, 0x22, 0x53, 0xB1, 0x21, 0x53, 0xB1, 0x21, 0x53, 0xB1, 0x22, 0x54, 0xB1, 0x21, 0x54, 0xB1, 0x21, 0x54, 0xB1, 0x21, 0x54, 0xB1, 
        0x21, 0x54, 0xB1, 0x22, 0x54, 0xB2, 0x20, 0x53, 0xAE,
  0x45, 0x51, 0x9D, 0x15, 0x3F, 0xA3, 0x15, 0x40, 0xA5, 0x14, 0x40, 0xA4, 0x14, 0x40, 0xA5, 0x15, 0x41, 0xA5, 0x15, 0x41, 0xA5, 0x14, 0x40, 0xA4, 0x14, 0x40, 0xA5, 0x15, 0x40, 0xA5, 0x14, 0x40, 0xA5, 0x15, 0x41, 0xA5, 0x14, 0x40, 0xA5, 0x14, 0x40, 0xA5, 
        0x15, 0x41, 0xA6, 0x14, 0x41, 0xA5, 0x15, 0x41, 0xA5, 0x15, 0x41, 0xA5, 0x15, 0x41, 0xA6, 0x15, 0x41, 0xA5, 0x16, 0x42, 0xA7, 0x18, 0x44, 0xA8, 0x18, 0x44, 0xA8, 0x17, 0x43, 0xA6, 0x18, 0x44, 0xA7, 0x19, 0x46, 0xA9, 0x24, 0x51, 0xB1, 
        0x23, 0x54, 0xB1, 0x1D, 0x4B, 0xAB, 0x1E, 0x4A, 0xAC, 0x1D, 0x4A, 0xAC, 0x1C, 0x49, 0xAB, 0x1C, 0x48, 0xAB, 0x1B, 0x47, 0xAA, 0x1A, 0x46, 0xAA, 0x19, 0x46, 0xAA, 0x19, 0x45, 0xA9, 0x18, 0x45, 0xA9, 0x18, 0x44, 0xA9, 0x17, 0x43, 0xA8, 
        0x17, 0x44, 0xA9, 0x17, 0x43, 0xA8, 0x16, 0x42, 0xA8, 0x17, 0x43, 0xA8, 0x17, 0x43, 0xA8, 0x17, 0x44, 0xA9, 0x17, 0x44, 0xA9, 0x16, 0x43, 0xA8, 0x16, 0x43, 0xA8, 0x16, 0x42, 0xA8, 0x16, 0x43, 0xA8, 0x17, 0x43, 0xA8, 0x17, 0x43, 0xA8, 
        0x16, 0x42, 0xA8, 0x17, 0x43, 0xA9, 0x16, 0x43, 0xA8, 0x15, 0x41, 0xA6, 0x19, 0x46, 0xAA, 0x22, 0x50, 0xB2, 0x1A, 0x48, 0xAC, 0x16, 0x42, 0xA8, 0x17, 0x43, 0xA9, 0x17, 0x43, 0xAA, 0x17, 0x44, 0xA9, 0x16, 0x42, 0xA8, 0x16, 0x43, 0xA8, 
        0x17, 0x44, 0xAA, 0x17, 0x45, 0xAA, 0x17, 0x43, 0xA9, 0x16, 0x43, 0xA9, 0x18, 0x45, 0xAB, 0x18, 0x45, 0xAA, 0x18, 0x46, 0xAA, 0x18, 0x45, 0xAA, 0x18, 0x45, 0xAA, 0x18, 0x46, 0xAB, 0x37, 0x67, 0xC1, 0x37, 0x67, 0xC1, 0x19, 0x46, 0xAB, 
        0x19, 0x46, 0xAB, 0x19, 0x48, 0xAC, 0x19, 0x47, 0xAC, 0x19, 0x47, 0xAC, 0x1A, 0x48, 0xAC, 0x1A, 0x48, 0xAD, 0x1A, 0x49, 0xAD, 0x1A, 0x48, 0xAC, 0x1B, 0x4A, 0xAD, 0x1B, 0x4B, 0xAE, 0x1B, 0x4A, 0xAE, 0x1C, 0x4B, 0xAF, 0x1C, 0x4B, 0xAE, 
        0x1D, 0x4C, 0xAF, 0x1E, 0x4D, 0xAF, 0x1F, 0x4F, 0xB0, 0x20, 0x4F, 0xB0, 0x20, 0x4F, 0xB0, 0x23, 0x53, 0xB3, 0x2A, 0x5A, 0xB6, 0x28, 0x58, 0xB5, 0x1F, 0x4F, 0xB1, 0x1B, 0x4A, 0xAE, 0x1C, 0x4B, 0xAE, 0x1C, 0x4B, 0xAF, 0x1C, 0x4B, 0xAF, 
        0x1A, 0x4A, 0xAE, 0x1B, 0x4A, 0xAE, 0x19, 0x48, 0xAD, 0x18, 0x47, 0xAC, 0x18, 0x46, 0xAC, 0x16, 0x45, 0xAB, 0x18, 0x46, 0xAC, 0x19, 0x48, 0xAE, 0x18, 0x47, 0xAD, 0x17, 0x45, 0xAB, 0x17, 0x45, 0xAB, 0x16, 0x45, 0xAB, 0x16, 0x45, 0xAB, 
        0x18, 0x47, 0xAD, 0x18, 0x47, 0xAD, 0x17, 0x45, 0xAB, 0x17, 0x45, 0xAB, 0x18, 0x47, 0xAD, 0x17, 0x46, 0xAC, 0x17, 0x46, 0xAC, 0x18, 0x48, 0xAD, 0x18, 0x48, 0xAD, 0x16, 0x45, 0xAB, 0x18, 0x47, 0xAD, 0x1B, 0x4C, 0xB0, 0x1B, 0x4B, 0xAF, 
        0x1A, 0x4B, 0xAF, 0x1D, 0x4F, 0xB2, 0x1F, 0x50, 0xB3, 0x1D, 0x4F, 0xB2, 0x20, 0x51, 0xB3, 0x20, 0x52, 0xB4, 0x1E, 0x50, 0xB2, 0x23, 0x54, 0xB4, 0x24, 0x55, 0xB4, 0x23, 0x55, 0xB3, 0x23, 0x55, 0xB4, 0x23, 0x55, 0xB4, 0x23, 0x55, 0xB4, 
        0x22, 0x54, 0xB4, 0x21, 0x53, 0xB3, 0x22, 0x54, 0xB4, 0x22, 0x54, 0xB4, 0x22, 0x54, 0xB4, 0x22, 0x54, 0xB3, 0x23, 0x55, 0xB4, 0x22, 0x54, 0xB3, 0x22, 0x54, 0xB3, 0x23, 0x55, 0xB4, 0x22, 0x55, 0xB4, 0x22, 0x55, 0xB4, 0x22, 0x55, 0xB4, 
        0x22, 0x55, 0xB4, 0x22, 0x55, 0xB4, 0x21, 0x54, 0xB0,
  0x45, 0x53, 0x9E, 0x17, 0x40, 0xA3, 0x16, 0x42, 0xA5, 0x16, 0x42, 0xA5, 0x16, 0x42, 0xA5, 0x17, 0x43, 0xA6, 0x17, 0x43, 0xA6, 0x16, 0x42, 0xA5, 0x16, 0x42, 0xA5, 0x16, 0x41, 0xA5, 0x16, 0x42, 0xA5, 0x16, 0x42, 0xA5, 0x16, 0x42, 0xA5, 0x16, 0x43, 0xA6, 
        0x16, 0x43, 0xA7, 0x16, 0x43, 0xA7, 0x17, 0x43, 0xA7, 0x16, 0x42, 0xA6, 0x17, 0x42, 0xA6, 0x18, 0x44, 0xA8, 0x1A, 0x46, 0xAA, 0x19, 0x44, 0xA8, 0x18, 0x43, 0xA6, 0x1B, 0x47, 0xA8, 0x1F, 0x4D, 0xAC, 0x22, 0x50, 0xAE, 0x23, 0x51, 0xAF, 
        0x21, 0x4D, 0xAD, 0x20, 0x4D, 0xAD, 0x1F, 0x4C, 0xAC, 0x1E, 0x4B, 0xAC, 0x1D, 0x4A, 0xAC, 0x1C, 0x49, 0xAB, 0x1C, 0x49, 0xAB, 0x1B, 0x48, 0xAA, 0x1B, 0x47, 0xAA, 0x1A, 0x46, 0xAA, 0x19, 0x45, 0xA9, 0x19, 0x45, 0xA9, 0x19, 0x45, 0xA9, 
        0x1B, 0x47, 0xAB, 0x1A, 0x46, 0xAA, 0x18, 0x44, 0xA8, 0x18, 0x44, 0xA8, 0x18, 0x44, 0xA9, 0x18, 0x45, 0xA9, 0x19, 0x46, 0xAA, 0x18, 0x44, 0xA8, 0x18, 0x44, 0xA9, 0x18, 0x44, 0xA9, 0x18, 0x44, 0xA8, 0x18, 0x45, 0xA9, 0x18, 0x44, 0xA9, 
        0x18, 0x44, 0xA8, 0x19, 0x46, 0xAB, 0x1A, 0x48, 0xAC, 0x18, 0x45, 0xA9, 0x18, 0x44, 0xA9, 0x19, 0x45, 0xAA, 0x18, 0x44, 0xAA, 0x19, 0x45, 0xAB, 0x19, 0x45, 0xAB, 0x18, 0x45, 0xAA, 0x18, 0x45, 0xA9, 0x1C, 0x4A, 0xAD, 0x1B, 0x49, 0xAD, 
        0x19, 0x45, 0xAA, 0x19, 0x46, 0xAB, 0x19, 0x46, 0xAB, 0x19, 0x46, 0xAB, 0x19, 0x46, 0xAB, 0x1A, 0x47, 0xAB, 0x1A, 0x47, 0xAB, 0x1A, 0x47, 0xAB, 0x1A, 0x47, 0xAB, 0x38, 0x67, 0xC1, 0x54, 0x85, 0xD5, 0x54, 0x85, 0xD5, 0x3A, 0x69, 0xC3, 
        0x1A, 0x47, 0xAC, 0x1B, 0x49, 0xAD, 0x1B, 0x49, 0xAD, 0x1B, 0x49, 0xAD, 0x1C, 0x49, 0xAD, 0x1C, 0x4A, 0xAD, 0x1C, 0x4A, 0xAD, 0x1D, 0x4C, 0xAE, 0x1D, 0x4B, 0xAE, 0x1D, 0x4B, 0xAE, 0x1E, 0x4C, 0xAF, 0x1E, 0x4D, 0xAF, 0x1F, 0x4E, 0xAF, 
        0x20, 0x4E, 0xB0, 0x21, 0x50, 0xB0, 0x21, 0x50, 0xB1, 0x22, 0x52, 0xB1, 0x23, 0x53, 0xB2, 0x25, 0x54, 0xB3, 0x26, 0x56, 0xB4, 0x27, 0x56, 0xB4, 0x21, 0x50, 0xB1, 0x1E, 0x4D, 0xB0, 0x20, 0x4E, 0xB1, 0x1E, 0x4E, 0xB0, 0x1F, 0x4F, 0xB1, 
        0x1C, 0x4C, 0xAF, 0x1C, 0x4B, 0xAE, 0x1C, 0x4C, 0xAF, 0x18, 0x47, 0xAB, 0x1A, 0x49, 0xAD, 0x1A, 0x49, 0xAD, 0x19, 0x47, 0xAC, 0x1A, 0x49, 0xAD, 0x19, 0x48, 0xAD, 0x19, 0x48, 0xAD, 0x1A, 0x49, 0xAE, 0x19, 0x48, 0xAD, 0x18, 0x47, 0xAC, 
        0x18, 0x47, 0xAC, 0x19, 0x49, 0xAD, 0x1A, 0x49, 0xAE, 0x18, 0x47, 0xAC, 0x19, 0x48, 0xAD, 0x18, 0x47, 0xAC, 0x18, 0x47, 0xAC, 0x1B, 0x4A, 0xAF, 0x1A, 0x49, 0xAE, 0x18, 0x47, 0xAC, 0x1C, 0x4C, 0xB0, 0x1B, 0x4C, 0xB0, 0x19, 0x49, 0xAE, 
        0x1B, 0x4B, 0xAF, 0x1D, 0x4E, 0xB1, 0x1E, 0x50, 0xB2, 0x20, 0x51, 0xB3, 0x1F, 0x51, 0xB2, 0x20, 0x51, 0xB2, 0x20, 0x51, 0xB1, 0x26, 0x57, 0xB5, 0x25, 0x57, 0xB4, 0x24, 0x56, 0xB4, 0x25, 0x56, 0xB4, 0x25, 0x57, 0xB5, 0x23, 0x55, 0xB4, 
        0x24, 0x57, 0xB5, 0x29, 0x5A, 0xB6, 0x26, 0x58, 0xB5, 0x23, 0x55, 0xB4, 0x23, 0x56, 0xB4, 0x24, 0x56, 0xB4, 0x24, 0x56, 0xB4, 0x24, 0x56, 0xB4, 0x24, 0x56, 0xB4, 0x25, 0x57, 0xB5, 0x25, 0x58, 0xB5, 0x24, 0x56, 0xB4, 0x24, 0x56, 0xB4, 
        0x24, 0x57, 0xB4, 0x24, 0x57, 0xB5, 0x23, 0x56, 0xB1,
  0x45, 0x53, 0x9E, 0x17, 0x40, 0xA4, 0x16, 0x42, 0xA6, 0x16, 0x42, 0xA6, 0x17, 0x42, 0xA6, 0x17, 0x43, 0xA7, 0x17, 0x43, 0xA7, 0x17, 0x43, 0xA7, 0x16, 0x42, 0xA6, 0x16, 0x42, 0xA6, 0x17, 0x43, 0xA7, 0x16, 0x42, 0xA7, 0x16, 0x42, 0xA6, 0x17, 0x43, 0xA7, 
        0x17, 0x43, 0xA8, 0x17, 0x43, 0xA8, 0x17, 0x43, 0xA8, 0x17, 0x43, 0xA7, 0x18, 0x43, 0xA7, 0x19, 0x44, 0xA8, 0x19, 0x44, 0xA9, 0x1A, 0x45, 0xA9, 0x1B, 0x48, 0xAB, 0x1B, 0x47, 0xA9, 0x25, 0x52, 0xB2, 0x29, 0x56, 0xB4, 0x22, 0x4F, 0xAF, 
        0x21, 0x4E, 0xAE, 0x20, 0x4D, 0xAE, 0x1F, 0x4C, 0xAD, 0x1E, 0x4B, 0xAD, 0x1D, 0x4A, 0xAD, 0x1C, 0x49, 0xAC, 0x1C, 0x49, 0xAC, 0x1B, 0x48, 0xAB, 0x1B, 0x47, 0xAB, 0x1B, 0x47, 0xAB, 0x1A, 0x46, 0xAB, 0x1A, 0x46, 0xAA, 0x1A, 0x46, 0xAB, 
        0x1C, 0x48, 0xAD, 0x1B, 0x47, 0xAC, 0x19, 0x44, 0xAA, 0x19, 0x45, 0xAA, 0x19, 0x45, 0xAA, 0x19, 0x45, 0xAA, 0x19, 0x45, 0xAA, 0x19, 0x45, 0xAA, 0x19, 0x45, 0xAA, 0x1A, 0x47, 0xAC, 0x1A, 0x47, 0xAC, 0x19, 0x45, 0xAA, 0x19, 0x45, 0xAA, 
        0x19, 0x45, 0xAA, 0x1A, 0x47, 0xAC, 0x1D, 0x4B, 0xB0, 0x1B, 0x48, 0xAD, 0x18, 0x44, 0xAA, 0x19, 0x45, 0xAA, 0x19, 0x45, 0xAB, 0x19, 0x45, 0xAC, 0x19, 0x45, 0xAB, 0x19, 0x45, 0xAA, 0x1A, 0x47, 0xAC, 0x20, 0x4E, 0xB1, 0x1E, 0x4C, 0xB0, 
        0x19, 0x45, 0xAB, 0x1A, 0x47, 0xAC, 0x1B, 0x48, 0xAE, 0x1B, 0x47, 0xAD, 0x1B, 0x48, 0xAD, 0x1B, 0x48, 0xAD, 0x1A, 0x47, 0xAC, 0x1E, 0x4B, 0xB0, 0x3C, 0x6C, 0xC5, 0x54, 0x85, 0xD5, 0x54, 0x85, 0xD5, 0x54, 0x85, 0xD5, 0x54, 0x85, 0xD5, 
        0x39, 0x69, 0xC3, 0x1C, 0x4A, 0xAE, 0x1C, 0x4A, 0xAE, 0x1C, 0x4A, 0xAE, 0x1D, 0x4B, 0xAF, 0x1D, 0x4B, 0xAF, 0x1D, 0x4B, 0xAE, 0x1D, 0x4C, 0xAF, 0x1E, 0x4D, 0xB0, 0x1E, 0x4D, 0xB0, 0x1E, 0x4D, 0xB0, 0x1F, 0x4E, 0xB1, 0x20, 0x4F, 0xB1, 
        0x21, 0x50, 0xB2, 0x22, 0x51, 0xB2, 0x23, 0x52, 0xB3, 0x23, 0x53, 0xB3, 0x24, 0x54, 0xB4, 0x24, 0x55, 0xB4, 0x25, 0x56, 0xB4, 0x27, 0x56, 0xB5, 0x23, 0x52, 0xB3, 0x20, 0x4F, 0xB2, 0x20, 0x4F, 0xB2, 0x20, 0x4F, 0xB2, 0x1F, 0x4E, 0xB1, 
        0x1E, 0x4D, 0xB1, 0x1D, 0x4C, 0xB0, 0x1D, 0x4D, 0xB1, 0x1C, 0x4C, 0xB0, 0x1B, 0x4A, 0xAF, 0x1A, 0x49, 0xAE, 0x19, 0x47, 0xAD, 0x19, 0x47, 0xAD, 0x1A, 0x49, 0xAE, 0x1B, 0x4A, 0xAF, 0x1A, 0x49, 0xAE, 0x19, 0x48, 0xAE, 0x19, 0x48, 0xAE, 
        0x19, 0x48, 0xAE, 0x19, 0x48, 0xAE, 0x19, 0x48, 0xAE, 0x18, 0x47, 0xAD, 0x19, 0x48, 0xAE, 0x19, 0x48, 0xAE, 0x19, 0x49, 0xAE, 0x1A, 0x4A, 0xAF, 0x19, 0x48, 0xAE, 0x1A, 0x4A, 0xAF, 0x1B, 0x4A, 0xB0, 0x1C, 0x4C, 0xB1, 0x1C, 0x4C, 0xB1, 
        0x1C, 0x4C, 0xB1, 0x1B, 0x4B, 0xB0, 0x1F, 0x4F, 0xB3, 0x20, 0x51, 0xB4, 0x1E, 0x4F, 0xB2, 0x1D, 0x4E, 0xB1, 0x21, 0x53, 0xB4, 0x28, 0x58, 0xB7, 0x25, 0x57, 0xB6, 0x25, 0x57, 0xB6, 0x25, 0x57, 0xB6, 0x25, 0x57, 0xB6, 0x24, 0x56, 0xB5, 
        0x26, 0x58, 0xB6, 0x2B, 0x5C, 0xB8, 0x28, 0x5A, 0xB7, 0x24, 0x56, 0xB5, 0x25, 0x57, 0xB6, 0x25, 0x57, 0xB6, 0x25, 0x57, 0xB6, 0x25, 0x57, 0xB6, 0x25, 0x57, 0xB6, 0x26, 0x58, 0xB6, 0x26, 0x58, 0xB7, 0x25, 0x57, 0xB6, 0x25, 0x57, 0xB6, 
        0x25, 0x57, 0xB6, 0x25, 0x58, 0xB6, 0x23, 0x57, 0xB3,
  0x43, 0x4F, 0x9A, 0x18, 0x41, 0xA5, 0x17, 0x43, 0xA7, 0x18, 0x44, 0xA8, 0x18, 0x44, 0xA8, 0x18, 0x43, 0xA7, 0x17, 0x43, 0xA7, 0x18, 0x44, 0xA8, 0x18, 0x44, 0xA8, 0x17, 0x43, 0xA7, 0x17, 0x43, 0xA7, 0x17, 0x43, 0xA7, 0x17, 0x43, 0xA7, 0x17, 0x43, 0xA7, 
        0x18, 0x44, 0xA8, 0x18, 0x43, 0xA7, 0x18, 0x43, 0xA7, 0x19, 0x44, 0xA8, 0x1A, 0x46, 0xAA, 0x1B, 0x46, 0xAA, 0x1B, 0x47, 0xAA, 0x1E, 0x4B, 0xAD, 0x22, 0x4F, 0xB0, 0x23, 0x50, 0xB1, 0x27, 0x54, 0xB3, 0x25, 0x52, 0xB1, 0x22, 0x4F, 0xAF, 
        0x22, 0x4E, 0xAF, 0x20, 0x4D, 0xAE, 0x1F, 0x4C, 0xAD, 0x1E, 0x4B, 0xAD, 0x1E, 0x4A, 0xAD, 0x1D, 0x49, 0xAD, 0x1D, 0x49, 0xAC, 0x1C, 0x48, 0xAC, 0x1B, 0x47, 0xAB, 0x1C, 0x48, 0xAC, 0x1B, 0x47, 0xAB, 0x1B, 0x46, 0xAB, 0x1A, 0x46, 0xAB, 
        0x1A, 0x46, 0xAB, 0x1A, 0x46, 0xAB, 0x19, 0x45, 0xAA, 0x1A, 0x46, 0xAB, 0x1A, 0x45, 0xAB, 0x19, 0x45, 0xAA, 0x1A, 0x45, 0xAB, 0x1A, 0x46, 0xAB, 0x19, 0x45, 0xAA, 0x1B, 0x47, 0xAC, 0x1C, 0x48, 0xAD, 0x1A, 0x46, 0xAB, 0x1A, 0x46, 0xAB, 
        0x19, 0x45, 0xAA, 0x1A, 0x46, 0xAB, 0x1B, 0x48, 0xAD, 0x1B, 0x47, 0xAC, 0x1A, 0x46, 0xAB, 0x1A, 0x46, 0xAC, 0x1A, 0x46, 0xAC, 0x1A, 0x46, 0xAC, 0x1A, 0x47, 0xAC, 0x1B, 0x47, 0xAC, 0x1B, 0x47, 0xAC, 0x1B, 0x47, 0xAC, 0x1B, 0x48, 0xAD, 
        0x1B, 0x47, 0xAD, 0x1B, 0x48, 0xAD, 0x1B, 0x48, 0xAD, 0x1C, 0x4A, 0xAE, 0x20, 0x4E, 0xB2, 0x1D, 0x4A, 0xAF, 0x1B, 0x48, 0xAD, 0x3A, 0x69, 0xC2, 0x54, 0x85, 0xD5, 0x54, 0x85, 0xD5, 0x54, 0x85, 0xD5, 0x54, 0x85, 0xD5, 0x54, 0x85, 0xD5, 
        0x54, 0x85, 0xD5, 0x3A, 0x69, 0xC3, 0x1E, 0x4B, 0xAF, 0x1E, 0x4C, 0xB0, 0x1F, 0x4D, 0xB0, 0x1F, 0x4D, 0xB1, 0x1D, 0x4B, 0xAF, 0x1F, 0x4D, 0xB0, 0x26, 0x55, 0xB5, 0x27, 0x56, 0xB6, 0x22, 0x50, 0xB2, 0x21, 0x4F, 0xB2, 0x21, 0x50, 0xB2, 
        0x22, 0x51, 0xB2, 0x22, 0x52, 0xB3, 0x24, 0x53, 0xB3, 0x24, 0x54, 0xB4, 0x25, 0x55, 0xB4, 0x26, 0x56, 0xB5, 0x27, 0x57, 0xB6, 0x28, 0x58, 0xB6, 0x24, 0x54, 0xB4, 0x21, 0x51, 0xB3, 0x21, 0x50, 0xB2, 0x22, 0x51, 0xB4, 0x22, 0x51, 0xB3, 
        0x20, 0x4F, 0xB2, 0x1E, 0x4D, 0xB1, 0x1E, 0x4D, 0xB1, 0x1D, 0x4C, 0xB1, 0x1C, 0x4A, 0xAF, 0x1C, 0x4B, 0xB0, 0x1C, 0x4B, 0xB0, 0x1B, 0x49, 0xAF, 0x1A, 0x48, 0xAE, 0x1A, 0x48, 0xAE, 0x1A, 0x49, 0xAE, 0x1A, 0x49, 0xAF, 0x1A, 0x48, 0xAE, 
        0x1B, 0x4A, 0xAF, 0x1A, 0x49, 0xAE, 0x19, 0x48, 0xAE, 0x1A, 0x49, 0xAF, 0x1B, 0x4A, 0xAF, 0x1A, 0x49, 0xAE, 0x1A, 0x48, 0xAE, 0x19, 0x47, 0xAE, 0x1B, 0x4A, 0xB0, 0x1D, 0x4C, 0xB1, 0x1D, 0x4D, 0xB2, 0x1E, 0x4E, 0xB2, 0x1D, 0x4D, 0xB2, 
        0x21, 0x52, 0xB5, 0x1F, 0x4F, 0xB3, 0x1F, 0x4F, 0xB3, 0x1F, 0x50, 0xB3, 0x1F, 0x50, 0xB3, 0x1D, 0x4D, 0xB1, 0x23, 0x54, 0xB5, 0x28, 0x59, 0xB7, 0x26, 0x57, 0xB6, 0x27, 0x58, 0xB7, 0x27, 0x58, 0xB7, 0x26, 0x58, 0xB7, 0x26, 0x58, 0xB7, 
        0x26, 0x58, 0xB7, 0x26, 0x58, 0xB7, 0x25, 0x57, 0xB6, 0x26, 0x58, 0xB7, 0x26, 0x58, 0xB7, 0x26, 0x58, 0xB7, 0x26, 0x58, 0xB7, 0x26, 0x58, 0xB7, 0x26, 0x58, 0xB7, 0x26, 0x58, 0xB7, 0x25, 0x58, 0xB7, 0x25, 0x57, 0xB7, 0x26, 0x58, 0xB7, 
        0x26, 0x58, 0xB7, 0x26, 0x59, 0xB7, 0x25, 0x57, 0xB3,
  0x43, 0x50, 0x9A, 0x19, 0x43, 0xA5, 0x19, 0x45, 0xA8, 0x19, 0x45, 0xA8, 0x1A, 0x45, 0xA9, 0x19, 0x45, 0xA8, 0x19, 0x45, 0xA8, 0x1A, 0x46, 0xA9, 0x1A, 0x46, 0xA9, 0x19, 0x44, 0xA7, 0x19, 0x44, 0xA7, 0x19, 0x45, 0xA8, 0x19, 0x45, 0xA9, 0x1A, 0x46, 0xA9, 
        0x1A, 0x45, 0xA9, 0x1A, 0x45, 0xA9, 0x1A, 0x46, 0xA9, 0x1B, 0x47, 0xAA, 0x1C, 0x48, 0xAA, 0x1E, 0x4A, 0xAB, 0x21, 0x4E, 0xAE, 0x21, 0x4E, 0xAE, 0x26, 0x52, 0xB2, 0x2E, 0x5B, 0xB7, 0x29, 0x55, 0xB4, 0x24, 0x50, 0xB0, 0x23, 0x50, 0xAF, 
        0x23, 0x4F, 0xAF, 0x22, 0x4E, 0xAF, 0x20, 0x4D, 0xAE, 0x1F, 0x4C, 0xAE, 0x1F, 0x4C, 0xAE, 0x1E, 0x4B, 0xAD, 0x1E, 0x4A, 0xAD, 0x1E, 0x4A, 0xAD, 0x1D, 0x49, 0xAC, 0x1D, 0x49, 0xAD, 0x1C, 0x48, 0xAB, 0x1C, 0x48, 0xAB, 0x1C, 0x47, 0xAB, 
        0x1C, 0x47, 0xAB, 0x1C, 0x47, 0xAB, 0x1B, 0x47, 0xAB, 0x1C, 0x47, 0xAB, 0x1C, 0x48, 0xAC, 0x1B, 0x47, 0xAB, 0x1B, 0x47, 0xAB, 0x1B, 0x47, 0xAC, 0x1B, 0x47, 0xAC, 0x1B, 0x47, 0xAC, 0x1C, 0x47, 0xAC, 0x1C, 0x47, 0xAC, 0x1C, 0x47, 0xAC, 
        0x1C, 0x48, 0xAC, 0x1C, 0x48, 0xAC, 0x1C, 0x47, 0xAC, 0x1C, 0x47, 0xAC, 0x1C, 0x48, 0xAD, 0x1C, 0x48, 0xAD, 0x1C, 0x49, 0xAD, 0x1B, 0x48, 0xAC, 0x1B, 0x48, 0xAC, 0x1C, 0x48, 0xAC, 0x1C, 0x49, 0xAD, 0x1C, 0x49, 0xAD, 0x1D, 0x49, 0xAE, 
        0x1D, 0x4A, 0xAE, 0x1E, 0x4A, 0xAF, 0x1D, 0x49, 0xAD, 0x1D, 0x4A, 0xAE, 0x20, 0x4E, 0xB1, 0x1E, 0x4B, 0xAF, 0x3A, 0x69, 0xC3, 0x54, 0x85, 0xD5, 0x54, 0x85, 0xD5, 0x54, 0x85, 0xD5, 0x54, 0x85, 0xD5, 0x54, 0x85, 0xD5, 0x54, 0x85, 0xD5, 
        0x54, 0x85, 0xD5, 0x54, 0x85, 0xD5, 0x3B, 0x6A, 0xC3, 0x1F, 0x4D, 0xAF, 0x20, 0x4E, 0xB0, 0x21, 0x4F, 0xB2, 0x24, 0x52, 0xB3, 0x27, 0x56, 0xB6, 0x27, 0x55, 0xB5, 0x23, 0x52, 0xB3, 0x23, 0x51, 0xB2, 0x23, 0x52, 0xB3, 0x25, 0x53, 0xB4, 
        0x26, 0x54, 0xB4, 0x25, 0x54, 0xB4, 0x26, 0x55, 0xB4, 0x27, 0x56, 0xB5, 0x27, 0x57, 0xB5, 0x28, 0x58, 0xB6, 0x29, 0x59, 0xB6, 0x29, 0x59, 0xB7, 0x26, 0x56, 0xB5, 0x26, 0x55, 0xB5, 0x24, 0x54, 0xB4, 0x22, 0x52, 0xB3, 0x24, 0x52, 0xB4, 
        0x21, 0x50, 0xB2, 0x1F, 0x4E, 0xB1, 0x1F, 0x4D, 0xB0, 0x1F, 0x4E, 0xB1, 0x1F, 0x4E, 0xB1, 0x1D, 0x4C, 0xB0, 0x1D, 0x4B, 0xB0, 0x1D, 0x4C, 0xB0, 0x1D, 0x4B, 0xB0, 0x1C, 0x4A, 0xAF, 0x1B, 0x4A, 0xAE, 0x1C, 0x4A, 0xAF, 0x1B, 0x4A, 0xAF, 
        0x1C, 0x4A, 0xAF, 0x1B, 0x4A, 0xAF, 0x1C, 0x4B, 0xB0, 0x1D, 0x4C, 0xB1, 0x1B, 0x4A, 0xAF, 0x1B, 0x49, 0xAE, 0x1B, 0x4A, 0xAF, 0x1B, 0x49, 0xAE, 0x1D, 0x4C, 0xB0, 0x20, 0x50, 0xB3, 0x20, 0x50, 0xB3, 0x1F, 0x4F, 0xB3, 0x22, 0x53, 0xB5, 
        0x22, 0x53, 0xB5, 0x1F, 0x50, 0xB3, 0x21, 0x51, 0xB4, 0x1F, 0x4E, 0xB2, 0x20, 0x50, 0xB3, 0x20, 0x50, 0xB3, 0x25, 0x56, 0xB6, 0x2A, 0x5A, 0xB8, 0x28, 0x5A, 0xB7, 0x29, 0x5A, 0xB8, 0x28, 0x59, 0xB8, 0x28, 0x59, 0xB7, 0x28, 0x5A, 0xB8, 
        0x28, 0x5A, 0xB8, 0x28, 0x59, 0xB8, 0x27, 0x59, 0xB7, 0x27, 0x59, 0xB7, 0x27, 0x59, 0xB7, 0x27, 0x59, 0xB8, 0x28, 0x5A, 0xB8, 0x28, 0x59, 0xB8, 0x28, 0x5A, 0xB8, 0x28, 0x5A, 0xB7, 0x27, 0x59, 0xB7, 0x27, 0x59, 0xB7, 0x28, 0x5A, 0xB8, 
        0x28, 0x5A, 0xB8, 0x28, 0x5A, 0xB8, 0x26, 0x59, 0xB4,
  0x44, 0x50, 0x9B, 0x1A, 0x43, 0xA6, 0x1A, 0x45, 0xA8, 0x1A, 0x45, 0xA8, 0x1A, 0x45, 0xA8, 0x1A, 0x45, 0xA9, 0x1B, 0x46, 0xAA, 0x1A, 0x46, 0xA9, 0x19, 0x44, 0xA8, 0x19, 0x45, 0xA8, 0x1A, 0x45, 0xA9, 0x1A, 0x46, 0xA9, 0x1A, 0x46, 0xA9, 0x1A, 0x45, 0xA9, 
        0x1A, 0x45, 0xA9, 0x1B, 0x46, 0xAA, 0x1C, 0x47, 0xAA, 0x1E, 0x49, 0xAB, 0x20, 0x4C, 0xAD, 0x20, 0x4B, 0xAD, 0x21, 0x4E, 0xAE, 0x28, 0x55, 0xB3, 0x27, 0x54, 0xB2, 0x26, 0x53, 0xB2, 0x26, 0x53, 0xB2, 0x26, 0x52, 0xB2, 0x25, 0x50, 0xB0, 
        0x23, 0x4F, 0xAF, 0x22, 0x4E, 0xAF, 0x21, 0x4D, 0xAF, 0x20, 0x4C, 0xAF, 0x1F, 0x4C, 0xAE, 0x1F, 0x4B, 0xAE, 0x1E, 0x4A, 0xAD, 0x1E, 0x4A, 0xAE, 0x1E, 0x4A, 0xAD, 0x1E, 0x49, 0xAD, 0x1D, 0x48, 0xAB, 0x1D, 0x48, 0xAB, 0x1C, 0x47, 0xAB, 
        0x1D, 0x48, 0xAD, 0x1D, 0x48, 0xAC, 0x1C, 0x47, 0xAC, 0x1C, 0x48, 0xAC, 0x1C, 0x48, 0xAC, 0x1C, 0x48, 0xAC, 0x1C, 0x48, 0xAC, 0x1C, 0x48, 0xAD, 0x1D, 0x49, 0xAD, 0x1C, 0x48, 0xAC, 0x1C, 0x48, 0xAC, 0x1D, 0x48, 0xAD, 0x1C, 0x48, 0xAD, 
        0x1D, 0x48, 0xAD, 0x1D, 0x48, 0xAD, 0x1D, 0x48, 0xAD, 0x1D, 0x48, 0xAD, 0x1D, 0x49, 0xAD, 0x1E, 0x49, 0xAE, 0x1D, 0x49, 0xAD, 0x1E, 0x4B, 0xAF, 0x20, 0x4E, 0xB1, 0x1E, 0x4B, 0xAF, 0x1D, 0x4A, 0xAE, 0x1E, 0x4A, 0xAE, 0x1E, 0x4A, 0xAE, 
        0x1E, 0x4A, 0xAE, 0x20, 0x4D, 0xB1, 0x21, 0x4E, 0xB1, 0x1F, 0x4B, 0xAF, 0x1E, 0x4B, 0xAE, 0x3A, 0x69, 0xC3, 0x54, 0x85, 0xD5, 0x54, 0x85, 0xD5, 0x54, 0x85, 0xD5, 0x54, 0x85, 0xD5, 0x54, 0x85, 0xD5, 0x54, 0x85, 0xD5, 0x54, 0x85, 0xD5, 
        0x54, 0x85, 0xD5, 0x54, 0x85, 0xD5, 0x54, 0x85, 0xD5, 0x3B, 0x6A, 0xC3, 0x20, 0x4D, 0xB0, 0x20, 0x4F, 0xB1, 0x25, 0x54, 0xB4, 0x2D, 0x5B, 0xB9, 0x26, 0x54, 0xB5, 0x21, 0x4F, 0xB1, 0x24, 0x52, 0xB3, 0x23, 0x52, 0xB3, 0x26, 0x55, 0xB5, 
        0x28, 0x57, 0xB6, 0x27, 0x56, 0xB5, 0x28, 0x57, 0xB6, 0x28, 0x58, 0xB6, 0x28, 0x58, 0xB6, 0x29, 0x59, 0xB7, 0x2A, 0x5A, 0xB7, 0x2B, 0x5B, 0xB8, 0x28, 0x58, 0xB6, 0x28, 0x57, 0xB6, 0x29, 0x58, 0xB7, 0x26, 0x56, 0xB6, 0x25, 0x54, 0xB5, 
        0x23, 0x52, 0xB4, 0x23, 0x52, 0xB4, 0x22, 0x51, 0xB3, 0x20, 0x4F, 0xB2, 0x20, 0x4F, 0xB2, 0x20, 0x4F, 0xB2, 0x1F, 0x4D, 0xB1, 0x1F, 0x4D, 0xB1, 0x1F, 0x4D, 0xB1, 0x1E, 0x4C, 0xB0, 0x1D, 0x4C, 0xB0, 0x1D, 0x4C, 0xB0, 0x1D, 0x4B, 0xB0, 
        0x1C, 0x4A, 0xB0, 0x1C, 0x4B, 0xB0, 0x1D, 0x4C, 0xB0, 0x1D, 0x4C, 0xB1, 0x1D, 0x4C, 0xB0, 0x1F, 0x4E, 0xB2, 0x1D, 0x4C, 0xB1, 0x1E, 0x4D, 0xB2, 0x1E, 0x4E, 0xB2, 0x1F, 0x4F, 0xB3, 0x1C, 0x4B, 0xB0, 0x20, 0x50, 0xB3, 0x24, 0x54, 0xB6, 
        0x20, 0x50, 0xB3, 0x21, 0x51, 0xB4, 0x24, 0x54, 0xB6, 0x22, 0x53, 0xB5, 0x21, 0x51, 0xB4, 0x22, 0x52, 0xB4, 0x27, 0x58, 0xB7, 0x2A, 0x5B, 0xB9, 0x29, 0x5A, 0xB8, 0x29, 0x5A, 0xB8, 0x29, 0x5A, 0xB8, 0x2A, 0x5B, 0xB9, 0x2C, 0x5D, 0xB9, 
        0x2A, 0x5C, 0xB9, 0x28, 0x5A, 0xB8, 0x28, 0x5A, 0xB8, 0x28, 0x5A, 0xB8, 0x28, 0x5A, 0xB8, 0x2A, 0x5B, 0xB9, 0x2A, 0x5B, 0xB9, 0x29, 0x5A, 0xB8, 0x28, 0x5A, 0xB8, 0x28, 0x5A, 0xB8, 0x28, 0x5A, 0xB8, 0x29, 0x5A, 0xB8, 0x29, 0x5A, 0xB8, 
        0x29, 0x5B, 0xB8, 0x29, 0x5B, 0xB8, 0x27, 0x5A, 0xB5,
  0x42, 0x4F, 0x9A, 0x1A, 0x43, 0xA5, 0x1B, 0x46, 0xA9, 0x1B, 0x46, 0xA8, 0x1B, 0x46, 0xA9, 0x1B, 0x47, 0xAA, 0x1B, 0x46, 0xA9, 0x1A, 0x46, 0xA8, 0x1A, 0x46, 0xA8, 0x1B, 0x47, 0xA9, 0x1B, 0x47, 0xA9, 0x1A, 0x46, 0xA9, 0x1B, 0x46, 0xA9, 0x1B, 0x47, 0xA9, 
        0x1B, 0x46, 0xA9, 0x1C, 0x48, 0xAA, 0x1D, 0x48, 0xAA, 0x20, 0x4C, 0xAD, 0x26, 0x52, 0xB1, 0x28, 0x53, 0xB2, 0x25, 0x51, 0xAF, 0x28, 0x56, 0xB2, 0x29, 0x56, 0xB3, 0x27, 0x53, 0xB1, 0x27, 0x53, 0xB1, 0x27, 0x53, 0xB2, 0x25, 0x51, 0xB1, 
        0x23, 0x4F, 0xAF, 0x22, 0x4E, 0xAE, 0x21, 0x4D, 0xAE, 0x21, 0x4D, 0xAE, 0x20, 0x4C, 0xAE, 0x1F, 0x4B, 0xAD, 0x1F, 0x4B, 0xAD, 0x1F, 0x4A, 0xAD, 0x1F, 0x4A, 0xAD, 0x1E, 0x49, 0xAC, 0x1E, 0x4A, 0xAC, 0x22, 0x4F, 0xB0, 0x20, 0x4C, 0xAE, 
        0x1D, 0x48, 0xAC, 0x1D, 0x48, 0xAC, 0x1D, 0x49, 0xAC, 0x1D, 0x49, 0xAC, 0x1D, 0x49, 0xAC, 0x1D, 0x49, 0xAC, 0x1D, 0x49, 0xAC, 0x1D, 0x49, 0xAD, 0x1D, 0x48, 0xAD, 0x1C, 0x48, 0xAC, 0x1D, 0x49, 0xAD, 0x1D, 0x49, 0xAD, 0x1D, 0x49, 0xAD, 
        0x1D, 0x49, 0xAD, 0x1E, 0x49, 0xAD, 0x1E, 0x49, 0xAD, 0x1E, 0x49, 0xAD, 0x1E, 0x4A, 0xAD, 0x1E, 0x4B, 0xAE, 0x1E, 0x4B, 0xAE, 0x20, 0x4D, 0xAF, 0x23, 0x51, 0xB3, 0x1F, 0x4C, 0xAF, 0x1E, 0x4A, 0xAE, 0x1F, 0x4B, 0xAF, 0x1F, 0x4B, 0xAF, 
        0x1F, 0x4B, 0xAF, 0x20, 0x4D, 0xB0, 0x20, 0x4D, 0xB0, 0x20, 0x4D, 0xB0, 0x3B, 0x6A, 0xC2, 0x54, 0x85, 0xD5, 0x54, 0x85, 0xD5, 0x54, 0x85, 0xD5, 0x54, 0x85, 0xD5, 0x54, 0x85, 0xD5, 0x54, 0x85, 0xD5, 0x54, 0x85, 0xD5, 0x54, 0x85, 0xD5, 
        0x54, 0x85, 0xD5, 0x54, 0x85, 0xD5, 0x54, 0x85, 0xD5, 0x54, 0x85, 0xD5, 0x3D, 0x6C, 0xC4, 0x21, 0x4F, 0xB1, 0x22, 0x51, 0xB1, 0x25, 0x53, 0xB3, 0x24, 0x52, 0xB3, 0x24, 0x52, 0xB2, 0x25, 0x53, 0xB3, 0x25, 0x54, 0xB3, 0x26, 0x54, 0xB4, 
        0x27, 0x56, 0xB4, 0x27, 0x56, 0xB4, 0x29, 0x58, 0xB6, 0x2A, 0x59, 0xB6, 0x2A, 0x59, 0xB6, 0x2B, 0x5A, 0xB7, 0x2B, 0x5B, 0xB7, 0x2D, 0x5C, 0xB8, 0x2B, 0x5A, 0xB7, 0x29, 0x59, 0xB7, 0x2B, 0x5A, 0xB8, 0x29, 0x58, 0xB7, 0x27, 0x56, 0xB6, 
        0x27, 0x56, 0xB6, 0x26, 0x54, 0xB5, 0x23, 0x52, 0xB4, 0x23, 0x52, 0xB3, 0x22, 0x51, 0xB3, 0x20, 0x4F, 0xB2, 0x20, 0x4E, 0xB2, 0x21, 0x4F, 0xB2, 0x1F, 0x4E, 0xB1, 0x1F, 0x4E, 0xB1, 0x1F, 0x4E, 0xB2, 0x1E, 0x4D, 0xB0, 0x1E, 0x4D, 0xB0, 
        0x1F, 0x4D, 0xB1, 0x1F, 0x4E, 0xB2, 0x1F, 0x4E, 0xB2, 0x1F, 0x4D, 0xB1, 0x1E, 0x4C, 0xB0, 0x1E, 0x4E, 0xB1, 0x1F, 0x4E, 0xB1, 0x1F, 0x4E, 0xB2, 0x20, 0x4F, 0xB2, 0x20, 0x4F, 0xB2, 0x1F, 0x4F, 0xB2, 0x24, 0x54, 0xB5, 0x24, 0x54, 0xB5, 
        0x22, 0x51, 0xB4, 0x23, 0x52, 0xB4, 0x22, 0x52, 0xB3, 0x21, 0x51, 0xB3, 0x23, 0x53, 0xB4, 0x24, 0x54, 0xB5, 0x28, 0x59, 0xB8, 0x2D, 0x5D, 0xB9, 0x2B, 0x5B, 0xB8, 0x2A, 0x5B, 0xB8, 0x2B, 0x5C, 0xB8, 0x2A, 0x5B, 0xB8, 0x2B, 0x5C, 0xB9, 
        0x2A, 0x5B, 0xB8, 0x2A, 0x5B, 0xB8, 0x2A, 0x5B, 0xB8, 0x2A, 0x5B, 0xB8, 0x29, 0x5B, 0xB8, 0x2A, 0x5B, 0xB8, 0x2A, 0x5B, 0xB8, 0x2A, 0x5B, 0xB8, 0x2A, 0x5B, 0xB8, 0x29, 0x5B, 0xB8, 0x29, 0x5B, 0xB8, 0x2A, 0x5B, 0xB8, 0x2A, 0x5B, 0xB8, 
        0x2A, 0x5C, 0xB8, 0x2A, 0x5C, 0xB8, 0x28, 0x5A, 0xB5
};

GUI_CONST_STORAGE GUI_BITMAP bmTitleSystemCurrent = {
  160, // xSize
  68, // ySize
  480, // BytesPerLine
  24, // BitsPerPixel
  (unsigned char *)_acTitleSystemCurrent,  // Pointer to picture data
  NULL,  // Pointer to palette
  GUI_DRAW_BMP24
};

/*************************** End of file ****************************/
