/*********************************************************************
*                SEGGER Microcontroller GmbH & Co. KG                *
*        Solutions for real time microcontroller applications        *
*                           www.segger.com                           *
**********************************************************************
*                                                                    *
* C-file generated by                                                *
*                                                                    *
*        Bitmap Converter for emWin V5.24.                           *
*        Compiled Jan 27 2014, 11:27:47                              *
*        (c) 1998 - 2013 Segger Microcontroller GmbH && Co. KG       *
*                                                                    *
**********************************************************************
*                                                                    *
* Source file: bmTitleRunCurrent                                     *
* Dimensions:  160 * 68                                              *
* NumColors:   24bpp: 16777216                                       *
*                                                                    *
**********************************************************************
*/

#include <stdlib.h>

#include "GUI.h"

#ifndef GUI_CONST_STORAGE
  #define GUI_CONST_STORAGE const
#endif

extern GUI_CONST_STORAGE GUI_BITMAP bmTitleRunCurrent;

static GUI_CONST_STORAGE unsigned char _acbmTitleRunCurrent[] = {
  0x02, 0x1E, 0x6E, 0x0B, 0x15, 0x45, 0x0B, 0x14, 0x43, 0x0B, 0x14, 0x43, 0x0B, 0x14, 0x43, 0x0B, 0x14, 0x43, 0x0B, 0x14, 0x43, 0x0B, 0x14, 0x43, 0x0B, 0x14, 0x43, 0x0B, 0x14, 0x43, 0x0B, 0x14, 0x43, 0x0B, 0x15, 0x44, 0x0B, 0x15, 0x44, 0x0B, 0x15, 0x44, 
        0x0B, 0x15, 0x44, 0x0B, 0x15, 0x44, 0x0B, 0x15, 0x44, 0x0C, 0x15, 0x44, 0x0C, 0x15, 0x44, 0x0C, 0x15, 0x45, 0x0C, 0x15, 0x45, 0x0C, 0x15, 0x45, 0x0C, 0x15, 0x45, 0x0C, 0x15, 0x45, 0x0C, 0x15, 0x45, 0x0C, 0x15, 0x45, 0x0C, 0x15, 0x45, 
        0x0C, 0x15, 0x45, 0x0C, 0x15, 0x45, 0x0C, 0x15, 0x45, 0x0C, 0x15, 0x45, 0x0C, 0x15, 0x45, 0x0C, 0x15, 0x46, 0x0C, 0x16, 0x46, 0x0C, 0x16, 0x47, 0x0C, 0x16, 0x46, 0x0C, 0x16, 0x47, 0x0C, 0x16, 0x47, 0x0C, 0x16, 0x47, 0x0C, 0x16, 0x48, 
        0x0C, 0x16, 0x48, 0x0C, 0x16, 0x48, 0x0C, 0x17, 0x48, 0x0C, 0x17, 0x49, 0x0C, 0x17, 0x49, 0x0C, 0x17, 0x49, 0x0C, 0x17, 0x49, 0x0C, 0x17, 0x49, 0x0C, 0x17, 0x49, 0x0C, 0x17, 0x49, 0x0C, 0x17, 0x49, 0x0C, 0x17, 0x49, 0x0C, 0x17, 0x4A, 
        0x0C, 0x18, 0x4A, 0x0C, 0x18, 0x4A, 0x0C, 0x18, 0x4B, 0x0C, 0x18, 0x4B, 0x0C, 0x18, 0x4B, 0x0C, 0x19, 0x4B, 0x0C, 0x19, 0x4B, 0x0C, 0x18, 0x4B, 0x0C, 0x18, 0x4B, 0x0C, 0x18, 0x4B, 0x0C, 0x18, 0x4B, 0x0C, 0x18, 0x4B, 0x0C, 0x18, 0x4B, 
        0x0C, 0x18, 0x4A, 0x0C, 0x18, 0x4A, 0x0C, 0x18, 0x4A, 0x0C, 0x18, 0x4A, 0x0C, 0x18, 0x4A, 0x0C, 0x18, 0x4A, 0x0C, 0x18, 0x4B, 0x0C, 0x18, 0x4B, 0x0C, 0x18, 0x4B, 0x0C, 0x18, 0x4B, 0x0C, 0x18, 0x4B, 0x0C, 0x18, 0x4B, 0x0C, 0x18, 0x4B, 
        0x0C, 0x18, 0x4B, 0x0C, 0x18, 0x4B, 0x0C, 0x18, 0x4B, 0x0C, 0x18, 0x4B, 0x0C, 0x19, 0x4B, 0x0C, 0x19, 0x4B, 0x0C, 0x19, 0x4B, 0x0C, 0x19, 0x4C, 0x0C, 0x19, 0x4C, 0x0C, 0x19, 0x4C, 0x0C, 0x19, 0x4C, 0x0D, 0x19, 0x4C, 0x0D, 0x19, 0x4C, 
        0x0D, 0x19, 0x4C, 0x0D, 0x19, 0x4C, 0x0D, 0x19, 0x4C, 0x0D, 0x19, 0x4C, 0x0D, 0x19, 0x4C, 0x0D, 0x19, 0x4C, 0x0D, 0x19, 0x4C, 0x0D, 0x19, 0x4C, 0x0D, 0x19, 0x4D, 0x0D, 0x1A, 0x4D, 0x0D, 0x1A, 0x4D, 0x0D, 0x1A, 0x4D, 0x0D, 0x1A, 0x4D, 
        0x0D, 0x1A, 0x4D, 0x0D, 0x1A, 0x4D, 0x0D, 0x1A, 0x4D, 0x0D, 0x1A, 0x4D, 0x0D, 0x1A, 0x4D, 0x0D, 0x1A, 0x4D, 0x0D, 0x1A, 0x4D, 0x0D, 0x1A, 0x4D, 0x0D, 0x1A, 0x4D, 0x0D, 0x1A, 0x4D, 0x0D, 0x1A, 0x4D, 0x0D, 0x1A, 0x4E, 0x0D, 0x1A, 0x4E, 
        0x0D, 0x1A, 0x4E, 0x0D, 0x1A, 0x4E, 0x0D, 0x1A, 0x4E, 0x0D, 0x1A, 0x4E, 0x0D, 0x1A, 0x4E, 0x0D, 0x1A, 0x4E, 0x0D, 0x1A, 0x4E, 0x0D, 0x1A, 0x4E, 0x0D, 0x1B, 0x4E, 0x0D, 0x1A, 0x4E, 0x0D, 0x1B, 0x4D, 0x0D, 0x1B, 0x4D, 0x0D, 0x1B, 0x4D, 
        0x0D, 0x1A, 0x4E, 0x0D, 0x1A, 0x4E, 0x0D, 0x1A, 0x4E, 0x0D, 0x1A, 0x4E, 0x0D, 0x1A, 0x4E, 0x0D, 0x1A, 0x4E, 0x0D, 0x1A, 0x4E, 0x0D, 0x1A, 0x4E, 0x0D, 0x1A, 0x4E, 0x0D, 0x1B, 0x4D, 0x0D, 0x1B, 0x4E, 0x0D, 0x1B, 0x4E, 0x0E, 0x1B, 0x4E, 
        0x0E, 0x1B, 0x4E, 0x0E, 0x1B, 0x4E, 0x0E, 0x1B, 0x4E, 0x0E, 0x1B, 0x4E, 0x0E, 0x1B, 0x4E, 0x0E, 0x1B, 0x4E, 0x0E, 0x1B, 0x4E, 0x0E, 0x1C, 0x4E, 0x0E, 0x1C, 0x4F, 0x0E, 0x1C, 0x4F, 0x0E, 0x1C, 0x4E, 0x0E, 0x1C, 0x4F, 0x0E, 0x1C, 0x4F, 
        0x0E, 0x1C, 0x4F, 0x0E, 0x1C, 0x4F, 0x0F, 0x20, 0x53,
  0x02, 0x1D, 0x6F, 0x0B, 0x16, 0x46, 0x0B, 0x15, 0x43, 0x0B, 0x15, 0x43, 0x0B, 0x15, 0x44, 0x0B, 0x15, 0x44, 0x0B, 0x15, 0x44, 0x0B, 0x15, 0x44, 0x0B, 0x15, 0x44, 0x0B, 0x15, 0x44, 0x0B, 0x15, 0x44, 0x0B, 0x15, 0x44, 0x0B, 0x15, 0x44, 0x0B, 0x15, 0x45, 
        0x0B, 0x16, 0x45, 0x0B, 0x16, 0x45, 0x0C, 0x16, 0x45, 0x0C, 0x16, 0x45, 0x0C, 0x16, 0x45, 0x0C, 0x16, 0x46, 0x0C, 0x16, 0x46, 0x0C, 0x16, 0x46, 0x0C, 0x16, 0x46, 0x0C, 0x16, 0x46, 0x0C, 0x16, 0x46, 0x0C, 0x16, 0x46, 0x0C, 0x16, 0x46, 
        0x0C, 0x16, 0x46, 0x0C, 0x16, 0x46, 0x0C, 0x16, 0x46, 0x0C, 0x16, 0x46, 0x0C, 0x16, 0x46, 0x0C, 0x16, 0x47, 0x0C, 0x16, 0x47, 0x0C, 0x17, 0x47, 0x0C, 0x17, 0x47, 0x0C, 0x17, 0x47, 0x0C, 0x17, 0x48, 0x0C, 0x17, 0x48, 0x0C, 0x17, 0x49, 
        0x0C, 0x17, 0x49, 0x0C, 0x17, 0x49, 0x0C, 0x18, 0x49, 0x0C, 0x18, 0x49, 0x0C, 0x18, 0x49, 0x0C, 0x18, 0x4A, 0x0C, 0x18, 0x4A, 0x0C, 0x18, 0x4A, 0x0C, 0x18, 0x4A, 0x0C, 0x18, 0x4A, 0x0C, 0x18, 0x4A, 0x0C, 0x18, 0x4A, 0x0C, 0x18, 0x4B, 
        0x0C, 0x19, 0x4B, 0x0C, 0x19, 0x4B, 0x0C, 0x19, 0x4B, 0x0C, 0x19, 0x4C, 0x0C, 0x19, 0x4C, 0x0C, 0x19, 0x4C, 0x0C, 0x19, 0x4C, 0x0C, 0x19, 0x4C, 0x0C, 0x19, 0x4C, 0x0C, 0x19, 0x4C, 0x0C, 0x19, 0x4C, 0x0C, 0x19, 0x4B, 0x0C, 0x19, 0x4B, 
        0x0C, 0x19, 0x4B, 0x0C, 0x19, 0x4B, 0x0C, 0x19, 0x4B, 0x0C, 0x19, 0x4B, 0x0C, 0x19, 0x4B, 0x0C, 0x19, 0x4B, 0x0C, 0x19, 0x4B, 0x0C, 0x19, 0x4C, 0x0C, 0x19, 0x4C, 0x0C, 0x19, 0x4C, 0x0C, 0x19, 0x4C, 0x0C, 0x19, 0x4C, 0x0C, 0x19, 0x4C, 
        0x0C, 0x19, 0x4C, 0x0C, 0x19, 0x4C, 0x0C, 0x19, 0x4C, 0x0C, 0x19, 0x4C, 0x0C, 0x19, 0x4C, 0x0C, 0x19, 0x4C, 0x0C, 0x1A, 0x4C, 0x0C, 0x1A, 0x4C, 0x0C, 0x1A, 0x4D, 0x0D, 0x1A, 0x4D, 0x0D, 0x1A, 0x4D, 0x0D, 0x1A, 0x4D, 0x0D, 0x1A, 0x4D, 
        0x0D, 0x1A, 0x4D, 0x0D, 0x1A, 0x4D, 0x0D, 0x1A, 0x4D, 0x0D, 0x1A, 0x4D, 0x0D, 0x1A, 0x4D, 0x0D, 0x1A, 0x4D, 0x0D, 0x1A, 0x4D, 0x0D, 0x1A, 0x4D, 0x0D, 0x1A, 0x4E, 0x0D, 0x1A, 0x4E, 0x0D, 0x1B, 0x4E, 0x0D, 0x1B, 0x4E, 0x0D, 0x1B, 0x4E, 
        0x0D, 0x1B, 0x4E, 0x0D, 0x1B, 0x4E, 0x0D, 0x1B, 0x4E, 0x0D, 0x1B, 0x4E, 0x0D, 0x1B, 0x4E, 0x0D, 0x1B, 0x4E, 0x0D, 0x1B, 0x4E, 0x0D, 0x1B, 0x4E, 0x0D, 0x1B, 0x4E, 0x0D, 0x1B, 0x4E, 0x0D, 0x1B, 0x4E, 0x0D, 0x1B, 0x4E, 0x0D, 0x1B, 0x4E, 
        0x0D, 0x1B, 0x4E, 0x0D, 0x1B, 0x4E, 0x0D, 0x1B, 0x4E, 0x0D, 0x1B, 0x4E, 0x0D, 0x1B, 0x4F, 0x0D, 0x1B, 0x4F, 0x0D, 0x1B, 0x4E, 0x0D, 0x1B, 0x4E, 0x0D, 0x1B, 0x4E, 0x0D, 0x1B, 0x4F, 0x0D, 0x1B, 0x4F, 0x0D, 0x1B, 0x4F, 0x0D, 0x1B, 0x4F, 
        0x0D, 0x1B, 0x4F, 0x0E, 0x1C, 0x4F, 0x0E, 0x1C, 0x4F, 0x0E, 0x1C, 0x4F, 0x0E, 0x1C, 0x4F, 0x0E, 0x1B, 0x4F, 0x0D, 0x1B, 0x4F, 0x0D, 0x1B, 0x4F, 0x0D, 0x1B, 0x4F, 0x0D, 0x1B, 0x4F, 0x0D, 0x1C, 0x4E, 0x0E, 0x1C, 0x4F, 0x0E, 0x1C, 0x4F, 
        0x0E, 0x1C, 0x4F, 0x0E, 0x1C, 0x4F, 0x0E, 0x1C, 0x4F, 0x0E, 0x1C, 0x4F, 0x0E, 0x1C, 0x4F, 0x0E, 0x1C, 0x4F, 0x0E, 0x1C, 0x4F, 0x0E, 0x1C, 0x50, 0x0E, 0x1C, 0x50, 0x0E, 0x1C, 0x50, 0x0E, 0x1D, 0x4F, 0x0E, 0x1D, 0x4F, 0x0E, 0x1D, 0x4F, 
        0x0E, 0x1D, 0x50, 0x0E, 0x1D, 0x50, 0x0F, 0x21, 0x54,
  0x02, 0x1E, 0x6F, 0x0B, 0x16, 0x47, 0x0B, 0x15, 0x44, 0x0B, 0x15, 0x44, 0x0B, 0x15, 0x44, 0x0B, 0x15, 0x45, 0x0B, 0x15, 0x45, 0x0B, 0x15, 0x45, 0x0B, 0x15, 0x45, 0x0B, 0x15, 0x45, 0x0B, 0x15, 0x45, 0x0B, 0x15, 0x45, 0x0B, 0x15, 0x45, 0x0B, 0x16, 0x46, 
        0x0B, 0x16, 0x46, 0x0C, 0x16, 0x46, 0x0C, 0x16, 0x46, 0x0C, 0x16, 0x46, 0x0C, 0x16, 0x46, 0x0C, 0x16, 0x47, 0x0C, 0x16, 0x47, 0x0C, 0x16, 0x47, 0x0C, 0x16, 0x47, 0x0C, 0x16, 0x47, 0x0C, 0x16, 0x47, 0x0C, 0x16, 0x47, 0x0C, 0x16, 0x47, 
        0x0C, 0x16, 0x47, 0x0C, 0x16, 0x47, 0x0C, 0x16, 0x47, 0x0C, 0x16, 0x47, 0x0C, 0x16, 0x47, 0x0C, 0x16, 0x48, 0x0C, 0x16, 0x48, 0x0C, 0x17, 0x48, 0x0C, 0x16, 0x48, 0x0C, 0x17, 0x48, 0x0C, 0x17, 0x48, 0x0C, 0x17, 0x49, 0x0C, 0x17, 0x49, 
        0x0C, 0x17, 0x4A, 0x0C, 0x17, 0x4A, 0x0C, 0x18, 0x4A, 0x0C, 0x18, 0x4A, 0x0C, 0x18, 0x4A, 0x0C, 0x18, 0x4A, 0x0C, 0x18, 0x4A, 0x0C, 0x18, 0x4B, 0x0C, 0x18, 0x4B, 0x0C, 0x18, 0x4B, 0x0C, 0x18, 0x4B, 0x0C, 0x18, 0x4B, 0x0C, 0x18, 0x4B, 
        0x0C, 0x19, 0x4C, 0x0C, 0x19, 0x4C, 0x0C, 0x19, 0x4C, 0x0C, 0x19, 0x4C, 0x0C, 0x19, 0x4C, 0x0C, 0x19, 0x4D, 0x0C, 0x19, 0x4D, 0x0C, 0x19, 0x4D, 0x0C, 0x19, 0x4D, 0x0C, 0x19, 0x4D, 0x0C, 0x19, 0x4D, 0x0C, 0x19, 0x4C, 0x0C, 0x19, 0x4C, 
        0x0C, 0x19, 0x4C, 0x0C, 0x19, 0x4C, 0x0C, 0x19, 0x4C, 0x0C, 0x19, 0x4C, 0x0C, 0x19, 0x4C, 0x0C, 0x19, 0x4C, 0x0C, 0x19, 0x4C, 0x0C, 0x19, 0x4C, 0x0C, 0x19, 0x4C, 0x0C, 0x19, 0x4D, 0x0C, 0x19, 0x4D, 0x0C, 0x19, 0x4C, 0x0C, 0x19, 0x4C, 
        0x0C, 0x19, 0x4C, 0x0C, 0x19, 0x4D, 0x0C, 0x19, 0x4D, 0x0C, 0x19, 0x4D, 0x0C, 0x19, 0x4D, 0x0C, 0x19, 0x4D, 0x0C, 0x19, 0x4D, 0x0C, 0x1A, 0x4D, 0x0D, 0x1A, 0x4E, 0x0D, 0x1A, 0x4E, 0x0D, 0x1A, 0x4E, 0x0D, 0x1A, 0x4E, 0x0D, 0x1A, 0x4E, 
        0x0D, 0x1A, 0x4E, 0x0D, 0x1A, 0x4E, 0x0D, 0x1A, 0x4E, 0x0D, 0x1A, 0x4E, 0x0D, 0x1A, 0x4E, 0x0D, 0x1A, 0x4E, 0x0D, 0x1A, 0x4E, 0x0D, 0x1A, 0x4E, 0x0D, 0x1A, 0x4F, 0x0D, 0x1A, 0x4F, 0x0D, 0x1B, 0x4F, 0x0D, 0x1B, 0x4F, 0x0D, 0x1B, 0x4F, 
        0x0D, 0x1B, 0x4F, 0x0D, 0x1B, 0x4F, 0x0D, 0x1B, 0x4F, 0x0D, 0x1B, 0x4F, 0x0D, 0x1B, 0x4F, 0x0D, 0x1B, 0x4F, 0x0D, 0x1B, 0x4F, 0x0D, 0x1B, 0x4F, 0x0D, 0x1B, 0x4F, 0x0D, 0x1B, 0x4F, 0x0D, 0x1B, 0x4F, 0x0D, 0x1B, 0x4F, 0x0D, 0x1B, 0x4F, 
        0x0D, 0x1B, 0x50, 0x0D, 0x1B, 0x50, 0x0D, 0x1B, 0x4F, 0x0D, 0x1B, 0x4F, 0x0E, 0x1B, 0x4F, 0x0D, 0x1B, 0x4F, 0x0D, 0x1B, 0x4F, 0x0D, 0x1B, 0x4F, 0x0D, 0x1B, 0x4F, 0x0E, 0x1B, 0x4F, 0x0E, 0x1C, 0x50, 0x0E, 0x1C, 0x4F, 0x0E, 0x1C, 0x50, 
        0x0E, 0x1C, 0x50, 0x0E, 0x1C, 0x50, 0x0E, 0x1C, 0x50, 0x0E, 0x1C, 0x50, 0x0E, 0x1C, 0x50, 0x0E, 0x1C, 0x50, 0x0E, 0x1C, 0x50, 0x0E, 0x1C, 0x50, 0x0E, 0x1C, 0x50, 0x0D, 0x1B, 0x4F, 0x0E, 0x1B, 0x4F, 0x0E, 0x1C, 0x4F, 0x0E, 0x1C, 0x50, 
        0x0E, 0x1C, 0x50, 0x0E, 0x1C, 0x50, 0x0E, 0x1C, 0x50, 0x0E, 0x1C, 0x50, 0x0E, 0x1C, 0x50, 0x0E, 0x1C, 0x50, 0x0E, 0x1C, 0x50, 0x0E, 0x1C, 0x50, 0x0E, 0x1C, 0x50, 0x0E, 0x1C, 0x50, 0x0E, 0x1D, 0x50, 0x0E, 0x1D, 0x50, 0x0E, 0x1D, 0x50, 
        0x0E, 0x1D, 0x51, 0x0E, 0x1D, 0x51, 0x0F, 0x21, 0x54,
  0x02, 0x1E, 0x70, 0x0B, 0x16, 0x49, 0x0B, 0x16, 0x46, 0x0B, 0x16, 0x46, 0x0B, 0x16, 0x46, 0x0B, 0x16, 0x46, 0x0B, 0x16, 0x46, 0x0B, 0x16, 0x46, 0x0B, 0x16, 0x46, 0x0B, 0x16, 0x46, 0x0B, 0x16, 0x47, 0x0B, 0x16, 0x47, 0x0B, 0x16, 0x47, 0x0B, 0x16, 0x47, 
        0x0B, 0x16, 0x47, 0x0C, 0x16, 0x48, 0x0C, 0x17, 0x48, 0x0C, 0x17, 0x48, 0x0C, 0x17, 0x48, 0x0C, 0x17, 0x48, 0x0C, 0x17, 0x48, 0x0C, 0x17, 0x48, 0x0C, 0x17, 0x48, 0x0C, 0x17, 0x48, 0x0C, 0x17, 0x48, 0x0C, 0x17, 0x48, 0x0C, 0x17, 0x48, 
        0x0C, 0x17, 0x48, 0x0C, 0x17, 0x48, 0x0C, 0x17, 0x48, 0x0C, 0x17, 0x49, 0x0C, 0x17, 0x49, 0x0C, 0x17, 0x49, 0x0C, 0x17, 0x4A, 0x0C, 0x17, 0x4A, 0x0C, 0x17, 0x4A, 0x0C, 0x17, 0x4A, 0x0C, 0x18, 0x4A, 0x0C, 0x18, 0x4A, 0x0C, 0x18, 0x4B, 
        0x0C, 0x18, 0x4B, 0x0C, 0x18, 0x4B, 0x0C, 0x18, 0x4C, 0x0C, 0x18, 0x4C, 0x0C, 0x18, 0x4C, 0x0C, 0x19, 0x4C, 0x0C, 0x19, 0x4C, 0x0C, 0x19, 0x4C, 0x0C, 0x19, 0x4C, 0x0C, 0x19, 0x4C, 0x0C, 0x19, 0x4D, 0x0C, 0x19, 0x4D, 0x0C, 0x19, 0x4D, 
        0x0C, 0x19, 0x4D, 0x0C, 0x19, 0x4D, 0x0C, 0x1A, 0x4E, 0x0C, 0x1A, 0x4E, 0x0C, 0x1A, 0x4E, 0x0C, 0x1A, 0x4E, 0x0C, 0x1A, 0x4E, 0x0C, 0x1A, 0x4F, 0x0C, 0x1A, 0x4F, 0x0C, 0x1A, 0x4E, 0x0C, 0x1A, 0x4E, 0x0C, 0x1A, 0x4E, 0x0C, 0x1A, 0x4E, 
        0x0C, 0x1A, 0x4E, 0x0C, 0x1A, 0x4E, 0x0C, 0x1A, 0x4E, 0x0C, 0x1A, 0x4E, 0x0C, 0x1A, 0x4E, 0x0C, 0x1A, 0x4E, 0x0C, 0x1A, 0x4E, 0x0C, 0x1A, 0x4E, 0x0C, 0x1A, 0x4E, 0x0C, 0x1A, 0x4E, 0x0C, 0x1A, 0x4E, 0x0C, 0x1A, 0x4E, 0x0C, 0x1A, 0x4E, 
        0x0C, 0x1A, 0x4E, 0x0C, 0x1A, 0x4E, 0x0C, 0x1A, 0x4E, 0x0C, 0x1A, 0x4F, 0x0C, 0x1A, 0x4F, 0x0C, 0x1A, 0x4F, 0x0C, 0x1A, 0x4F, 0x0C, 0x1A, 0x4F, 0x0D, 0x1B, 0x4F, 0x0D, 0x1B, 0x4F, 0x0D, 0x1B, 0x50, 0x0D, 0x1B, 0x50, 0x0D, 0x1B, 0x50, 
        0x0D, 0x1B, 0x50, 0x0D, 0x1B, 0x50, 0x0D, 0x1B, 0x50, 0x0D, 0x1B, 0x50, 0x0D, 0x1B, 0x50, 0x0D, 0x1B, 0x50, 0x0D, 0x1B, 0x50, 0x0D, 0x1B, 0x50, 0x0D, 0x1B, 0x50, 0x0D, 0x1B, 0x50, 0x0D, 0x1B, 0x50, 0x0D, 0x1B, 0x50, 0x0D, 0x1B, 0x50, 
        0x0D, 0x1B, 0x50, 0x0D, 0x1B, 0x50, 0x0D, 0x1C, 0x50, 0x0D, 0x1C, 0x51, 0x0D, 0x1C, 0x50, 0x0D, 0x1C, 0x50, 0x0D, 0x1C, 0x50, 0x0D, 0x1C, 0x50, 0x0D, 0x1C, 0x51, 0x0D, 0x1C, 0x51, 0x0D, 0x1C, 0x51, 0x0D, 0x1C, 0x51, 0x0D, 0x1C, 0x51, 
        0x0D, 0x1C, 0x51, 0x0D, 0x1C, 0x51, 0x0D, 0x1C, 0x51, 0x0D, 0x1C, 0x51, 0x0D, 0x1C, 0x51, 0x0D, 0x1C, 0x51, 0x0D, 0x1C, 0x51, 0x0D, 0x1C, 0x51, 0x0E, 0x1C, 0x51, 0x0E, 0x1D, 0x51, 0x0E, 0x1D, 0x51, 0x0E, 0x1C, 0x51, 0x0E, 0x1D, 0x51, 
        0x0E, 0x1D, 0x51, 0x0E, 0x1D, 0x51, 0x0E, 0x1D, 0x51, 0x0E, 0x1D, 0x52, 0x0E, 0x1D, 0x51, 0x0E, 0x1D, 0x51, 0x0E, 0x1D, 0x51, 0x0E, 0x1C, 0x51, 0x0E, 0x1D, 0x51, 0x0E, 0x1D, 0x51, 0x0E, 0x1C, 0x51, 0x0E, 0x1C, 0x51, 0x0E, 0x1C, 0x51, 
        0x0E, 0x1C, 0x51, 0x0E, 0x1D, 0x51, 0x0E, 0x1D, 0x51, 0x0E, 0x1D, 0x51, 0x0E, 0x1D, 0x52, 0x0E, 0x1D, 0x52, 0x0E, 0x1D, 0x52, 0x0E, 0x1D, 0x52, 0x0E, 0x1D, 0x52, 0x0E, 0x1D, 0x52, 0x0E, 0x1D, 0x52, 0x0E, 0x1D, 0x52, 0x0E, 0x1E, 0x52, 
        0x0E, 0x1E, 0x52, 0x0E, 0x1E, 0x52, 0x0F, 0x21, 0x56,
  0x02, 0x1E, 0x71, 0x0B, 0x16, 0x4A, 0x0B, 0x16, 0x47, 0x0B, 0x16, 0x47, 0x0B, 0x16, 0x47, 0x0B, 0x16, 0x47, 0x0B, 0x16, 0x47, 0x0B, 0x16, 0x47, 0x0B, 0x16, 0x47, 0x0B, 0x16, 0x47, 0x0B, 0x16, 0x47, 0x0B, 0x16, 0x47, 0x0B, 0x16, 0x47, 0x0B, 0x16, 0x48, 
        0x0C, 0x16, 0x49, 0x0C, 0x17, 0x49, 0x0C, 0x17, 0x49, 0x0C, 0x17, 0x49, 0x0C, 0x17, 0x49, 0x0C, 0x17, 0x49, 0x0C, 0x17, 0x49, 0x0C, 0x17, 0x49, 0x0C, 0x17, 0x49, 0x0C, 0x17, 0x49, 0x0C, 0x17, 0x49, 0x0C, 0x17, 0x49, 0x0C, 0x17, 0x49, 
        0x0C, 0x17, 0x49, 0x0C, 0x17, 0x49, 0x0C, 0x17, 0x49, 0x0C, 0x17, 0x4A, 0x0C, 0x17, 0x4A, 0x0C, 0x17, 0x4A, 0x0C, 0x17, 0x4A, 0x0C, 0x17, 0x4A, 0x0C, 0x17, 0x4A, 0x0C, 0x17, 0x4B, 0x0C, 0x18, 0x4B, 0x0C, 0x18, 0x4C, 0x0C, 0x18, 0x4C, 
        0x0C, 0x18, 0x4C, 0x0C, 0x18, 0x4C, 0x0C, 0x18, 0x4C, 0x0C, 0x18, 0x4D, 0x0C, 0x18, 0x4D, 0x0C, 0x18, 0x4D, 0x0C, 0x19, 0x4D, 0x0C, 0x19, 0x4D, 0x0C, 0x19, 0x4D, 0x0C, 0x19, 0x4D, 0x0C, 0x19, 0x4D, 0x0C, 0x19, 0x4D, 0x0C, 0x19, 0x4D, 
        0x0C, 0x19, 0x4E, 0x0C, 0x19, 0x4E, 0x0C, 0x1A, 0x4F, 0x0C, 0x1A, 0x4F, 0x0C, 0x1A, 0x4F, 0x0C, 0x1A, 0x4F, 0x0C, 0x1A, 0x4F, 0x0C, 0x1A, 0x4F, 0x0C, 0x1A, 0x4F, 0x0C, 0x1A, 0x4F, 0x0C, 0x1A, 0x4F, 0x0C, 0x1A, 0x4F, 0x0C, 0x1A, 0x4E, 
        0x0C, 0x1A, 0x4E, 0x0C, 0x1A, 0x4E, 0x0C, 0x1A, 0x4F, 0x0C, 0x1A, 0x4F, 0x0C, 0x1A, 0x4F, 0x0C, 0x1A, 0x4F, 0x0C, 0x1A, 0x4F, 0x0C, 0x1A, 0x4F, 0x0C, 0x1A, 0x4F, 0x0C, 0x1A, 0x4F, 0x0C, 0x1A, 0x4F, 0x0C, 0x1A, 0x4F, 0x0C, 0x1A, 0x4F, 
        0x0C, 0x1A, 0x4F, 0x0C, 0x1A, 0x4F, 0x0C, 0x1A, 0x4F, 0x0D, 0x1A, 0x4F, 0x0C, 0x1A, 0x50, 0x0C, 0x1A, 0x50, 0x0D, 0x1A, 0x50, 0x0D, 0x1B, 0x50, 0x0D, 0x1B, 0x50, 0x0D, 0x1B, 0x50, 0x0D, 0x1B, 0x51, 0x0D, 0x1B, 0x51, 0x0D, 0x1B, 0x51, 
        0x0D, 0x1B, 0x51, 0x0D, 0x1B, 0x51, 0x0D, 0x1B, 0x51, 0x0D, 0x1B, 0x51, 0x0D, 0x1B, 0x51, 0x0D, 0x1C, 0x51, 0x0D, 0x1C, 0x51, 0x0D, 0x1B, 0x51, 0x0D, 0x1B, 0x51, 0x0D, 0x1B, 0x51, 0x0D, 0x1B, 0x51, 0x0D, 0x1B, 0x51, 0x0D, 0x1B, 0x51, 
        0x0D, 0x1C, 0x51, 0x0D, 0x1C, 0x52, 0x0D, 0x1C, 0x52, 0x0D, 0x1C, 0x52, 0x0D, 0x1C, 0x52, 0x0D, 0x1C, 0x52, 0x0D, 0x1C, 0x51, 0x0D, 0x1B, 0x51, 0x0D, 0x1C, 0x51, 0x0D, 0x1C, 0x52, 0x0D, 0x1C, 0x52, 0x0D, 0x1C, 0x51, 0x0D, 0x1C, 0x52, 
        0x0D, 0x1C, 0x52, 0x0D, 0x1C, 0x52, 0x0D, 0x1C, 0x52, 0x0D, 0x1C, 0x52, 0x0D, 0x1C, 0x51, 0x0D, 0x1C, 0x51, 0x0D, 0x1C, 0x51, 0x0E, 0x1D, 0x52, 0x0E, 0x1D, 0x52, 0x0E, 0x1D, 0x52, 0x0E, 0x1D, 0x52, 0x0E, 0x1D, 0x52, 0x0E, 0x1D, 0x52, 
        0x0E, 0x1D, 0x52, 0x0E, 0x1D, 0x52, 0x0E, 0x1D, 0x52, 0x0E, 0x1D, 0x52, 0x0E, 0x1D, 0x52, 0x0E, 0x1D, 0x52, 0x0E, 0x1D, 0x52, 0x0E, 0x1D, 0x52, 0x0E, 0x1D, 0x52, 0x0E, 0x1D, 0x52, 0x0E, 0x1D, 0x52, 0x0E, 0x1D, 0x52, 0x0E, 0x1D, 0x52, 
        0x0E, 0x1D, 0x52, 0x0E, 0x1D, 0x52, 0x0E, 0x1D, 0x52, 0x0E, 0x1D, 0x52, 0x0E, 0x1D, 0x52, 0x0E, 0x1D, 0x52, 0x0E, 0x1D, 0x52, 0x0E, 0x1D, 0x52, 0x0E, 0x1D, 0x52, 0x0E, 0x1D, 0x52, 0x0E, 0x1D, 0x52, 0x0E, 0x1D, 0x52, 0x0E, 0x1D, 0x53, 
        0x0E, 0x1D, 0x53, 0x0E, 0x1E, 0x53, 0x0F, 0x21, 0x57,
  0x02, 0x1E, 0x71, 0x0B, 0x17, 0x4B, 0x0B, 0x17, 0x48, 0x0B, 0x17, 0x48, 0x0B, 0x17, 0x48, 0x0B, 0x17, 0x48, 0x0B, 0x17, 0x48, 0x0B, 0x17, 0x48, 0x0B, 0x17, 0x48, 0x0B, 0x17, 0x48, 0x0B, 0x17, 0x48, 0x0B, 0x17, 0x48, 0x0B, 0x17, 0x48, 0x0B, 0x17, 0x49, 
        0x0C, 0x17, 0x49, 0x0C, 0x17, 0x4A, 0x0C, 0x17, 0x4A, 0x0C, 0x17, 0x4A, 0x0C, 0x17, 0x4A, 0x0C, 0x17, 0x4A, 0x0C, 0x17, 0x4A, 0x0C, 0x17, 0x4A, 0x0C, 0x18, 0x4A, 0x0C, 0x18, 0x4A, 0x0C, 0x18, 0x4A, 0x0C, 0x18, 0x4A, 0x0C, 0x18, 0x4A, 
        0x0C, 0x18, 0x4A, 0x0C, 0x18, 0x4A, 0x0C, 0x18, 0x4A, 0x0C, 0x18, 0x4A, 0x0C, 0x18, 0x4B, 0x0C, 0x18, 0x4B, 0x0C, 0x18, 0x4B, 0x0C, 0x18, 0x4B, 0x0C, 0x18, 0x4B, 0x0C, 0x18, 0x4C, 0x0C, 0x19, 0x4C, 0x0C, 0x19, 0x4C, 0x0C, 0x19, 0x4D, 
        0x0C, 0x19, 0x4D, 0x0C, 0x19, 0x4D, 0x0C, 0x19, 0x4D, 0x0C, 0x19, 0x4D, 0x0C, 0x19, 0x4E, 0x0C, 0x19, 0x4E, 0x0C, 0x19, 0x4E, 0x0C, 0x1A, 0x4E, 0x0C, 0x1A, 0x4E, 0x0C, 0x1A, 0x4E, 0x0C, 0x1A, 0x4F, 0x0C, 0x1A, 0x4E, 0x0C, 0x1A, 0x4F, 
        0x0C, 0x1A, 0x4F, 0x0C, 0x1A, 0x4F, 0x0C, 0x1A, 0x4F, 0x0C, 0x1A, 0x4F, 0x0C, 0x1A, 0x4F, 0x0C, 0x1B, 0x50, 0x0C, 0x1B, 0x50, 0x0C, 0x1B, 0x50, 0x0C, 0x1B, 0x50, 0x0C, 0x1B, 0x50, 0x0C, 0x1B, 0x50, 0x0C, 0x1A, 0x50, 0x0C, 0x1A, 0x50, 
        0x0C, 0x1A, 0x4F, 0x0C, 0x1A, 0x4F, 0x0C, 0x1A, 0x4F, 0x0C, 0x1A, 0x4F, 0x0C, 0x1A, 0x4F, 0x0C, 0x1A, 0x4F, 0x0C, 0x1B, 0x4F, 0x0C, 0x1B, 0x4F, 0x0C, 0x1B, 0x4F, 0x0C, 0x1B, 0x4F, 0x0C, 0x1B, 0x4F, 0x0C, 0x1B, 0x50, 0x0C, 0x1B, 0x50, 
        0x0C, 0x1B, 0x50, 0x0C, 0x1B, 0x50, 0x0C, 0x1B, 0x50, 0x0D, 0x1B, 0x50, 0x0D, 0x1B, 0x51, 0x0D, 0x1C, 0x51, 0x0D, 0x1C, 0x51, 0x0D, 0x1C, 0x51, 0x0D, 0x1C, 0x51, 0x0D, 0x1C, 0x52, 0x0D, 0x1C, 0x52, 0x0D, 0x1C, 0x52, 0x0D, 0x1C, 0x52, 
        0x0D, 0x1C, 0x52, 0x0D, 0x1C, 0x52, 0x0D, 0x1C, 0x52, 0x0D, 0x1C, 0x52, 0x0D, 0x1C, 0x52, 0x0D, 0x1C, 0x52, 0x0D, 0x1C, 0x52, 0x0D, 0x1C, 0x52, 0x0D, 0x1D, 0x52, 0x0D, 0x1D, 0x52, 0x0D, 0x1D, 0x52, 0x0D, 0x1C, 0x52, 0x0D, 0x1D, 0x52, 
        0x0D, 0x1D, 0x52, 0x0D, 0x1D, 0x52, 0x0D, 0x1D, 0x53, 0x0D, 0x1D, 0x52, 0x0D, 0x1D, 0x53, 0x0D, 0x1D, 0x53, 0x0D, 0x1D, 0x53, 0x0D, 0x1D, 0x53, 0x0D, 0x1D, 0x53, 0x0D, 0x1D, 0x53, 0x0D, 0x1D, 0x53, 0x0D, 0x1D, 0x53, 0x0D, 0x1D, 0x53, 
        0x0D, 0x1C, 0x52, 0x0D, 0x1C, 0x52, 0x0D, 0x1D, 0x53, 0x0D, 0x1D, 0x53, 0x0D, 0x1D, 0x52, 0x0E, 0x1D, 0x52, 0x0E, 0x1D, 0x52, 0x0E, 0x1D, 0x52, 0x0E, 0x1D, 0x53, 0x0E, 0x1D, 0x53, 0x0E, 0x1D, 0x53, 0x0E, 0x1D, 0x53, 0x0E, 0x1E, 0x53, 
        0x0E, 0x1E, 0x53, 0x0E, 0x1E, 0x53, 0x0E, 0x1E, 0x53, 0x0E, 0x1E, 0x53, 0x0E, 0x1E, 0x53, 0x0E, 0x1D, 0x53, 0x0E, 0x1D, 0x53, 0x0E, 0x1D, 0x52, 0x0E, 0x1D, 0x52, 0x0E, 0x1D, 0x52, 0x0E, 0x1D, 0x53, 0x0E, 0x1D, 0x53, 0x0E, 0x1D, 0x53, 
        0x0E, 0x1E, 0x53, 0x0E, 0x1E, 0x53, 0x0E, 0x1E, 0x53, 0x0E, 0x1E, 0x53, 0x0E, 0x1E, 0x53, 0x0E, 0x1E, 0x53, 0x0E, 0x1E, 0x53, 0x0E, 0x1E, 0x53, 0x0E, 0x1E, 0x53, 0x0E, 0x1E, 0x53, 0x0E, 0x1E, 0x53, 0x0E, 0x1E, 0x54, 0x0E, 0x1E, 0x54, 
        0x0E, 0x1E, 0x54, 0x0F, 0x1F, 0x54, 0x0F, 0x22, 0x57,
  0x02, 0x1E, 0x71, 0x0B, 0x17, 0x4B, 0x0B, 0x17, 0x49, 0x0B, 0x17, 0x49, 0x0B, 0x17, 0x49, 0x0B, 0x17, 0x49, 0x0B, 0x17, 0x49, 0x0B, 0x17, 0x49, 0x0B, 0x17, 0x49, 0x0B, 0x17, 0x49, 0x0B, 0x17, 0x49, 0x0B, 0x17, 0x49, 0x0B, 0x17, 0x49, 0x0B, 0x17, 0x4A, 
        0x0C, 0x17, 0x4A, 0x0C, 0x17, 0x4A, 0x0C, 0x17, 0x4A, 0x0C, 0x17, 0x4A, 0x0C, 0x17, 0x4A, 0x0C, 0x17, 0x4A, 0x0C, 0x17, 0x4A, 0x0C, 0x17, 0x4A, 0x0C, 0x17, 0x4B, 0x0C, 0x18, 0x4B, 0x0C, 0x18, 0x4B, 0x0C, 0x18, 0x4B, 0x0C, 0x18, 0x4B, 
        0x0C, 0x18, 0x4B, 0x0C, 0x18, 0x4B, 0x0C, 0x18, 0x4B, 0x0C, 0x18, 0x4B, 0x0C, 0x18, 0x4B, 0x0C, 0x18, 0x4C, 0x0C, 0x18, 0x4C, 0x0C, 0x18, 0x4C, 0x0C, 0x18, 0x4C, 0x0C, 0x18, 0x4C, 0x0C, 0x19, 0x4D, 0x0C, 0x19, 0x4D, 0x0C, 0x19, 0x4E, 
        0x0C, 0x19, 0x4E, 0x0C, 0x19, 0x4E, 0x0C, 0x19, 0x4E, 0x0C, 0x1A, 0x4F, 0x0C, 0x1A, 0x4F, 0x0C, 0x1A, 0x4F, 0x0C, 0x1A, 0x4F, 0x0C, 0x1A, 0x4F, 0x0C, 0x1A, 0x4F, 0x0C, 0x1A, 0x4F, 0x0C, 0x1A, 0x4F, 0x0C, 0x1A, 0x4F, 0x0C, 0x1A, 0x4F, 
        0x0C, 0x1A, 0x4F, 0x0C, 0x1A, 0x4F, 0x0C, 0x1A, 0x4F, 0x0C, 0x1A, 0x50, 0x0C, 0x1A, 0x50, 0x0C, 0x1A, 0x50, 0x0C, 0x1A, 0x50, 0x0C, 0x1A, 0x50, 0x0C, 0x1A, 0x50, 0x0C, 0x1A, 0x50, 0x0C, 0x1A, 0x50, 0x0C, 0x1A, 0x50, 0x0C, 0x1A, 0x50, 
        0x0C, 0x1A, 0x50, 0x0C, 0x1A, 0x50, 0x0C, 0x1A, 0x50, 0x0C, 0x1A, 0x50, 0x0C, 0x1A, 0x50, 0x0C, 0x1A, 0x50, 0x0C, 0x1A, 0x50, 0x0C, 0x1B, 0x50, 0x0C, 0x1B, 0x50, 0x0C, 0x1B, 0x50, 0x0C, 0x1B, 0x50, 0x0C, 0x1B, 0x51, 0x0C, 0x1B, 0x51, 
        0x0C, 0x1B, 0x51, 0x0C, 0x1B, 0x51, 0x0D, 0x1B, 0x51, 0x0D, 0x1B, 0x51, 0x0D, 0x1C, 0x52, 0x0D, 0x1C, 0x52, 0x0D, 0x1C, 0x52, 0x0D, 0x1C, 0x52, 0x0D, 0x1C, 0x53, 0x0D, 0x1C, 0x53, 0x0D, 0x1C, 0x53, 0x0D, 0x1D, 0x53, 0x0D, 0x1D, 0x53, 
        0x0D, 0x1D, 0x53, 0x0D, 0x1D, 0x53, 0x0D, 0x1D, 0x53, 0x0D, 0x1D, 0x53, 0x0D, 0x1D, 0x53, 0x0D, 0x1D, 0x53, 0x0D, 0x1D, 0x53, 0x0D, 0x1D, 0x53, 0x0D, 0x1D, 0x53, 0x0D, 0x1D, 0x53, 0x0D, 0x1D, 0x53, 0x0D, 0x1D, 0x53, 0x0D, 0x1D, 0x54, 
        0x0D, 0x1D, 0x54, 0x0E, 0x1D, 0x54, 0x0E, 0x1E, 0x54, 0x0E, 0x1E, 0x54, 0x0E, 0x1E, 0x54, 0x0E, 0x1E, 0x54, 0x0E, 0x1E, 0x54, 0x0E, 0x1E, 0x54, 0x0E, 0x1E, 0x54, 0x0E, 0x1E, 0x54, 0x0E, 0x1E, 0x54, 0x0D, 0x1D, 0x54, 0x0D, 0x1D, 0x53, 
        0x0D, 0x1D, 0x53, 0x0D, 0x1D, 0x53, 0x0D, 0x1D, 0x53, 0x0D, 0x1D, 0x54, 0x0D, 0x1D, 0x53, 0x0D, 0x1D, 0x53, 0x0E, 0x1D, 0x53, 0x0E, 0x1D, 0x53, 0x0E, 0x1D, 0x53, 0x0E, 0x1D, 0x53, 0x0E, 0x1D, 0x53, 0x0E, 0x1E, 0x54, 0x0E, 0x1E, 0x54, 
        0x0E, 0x1E, 0x54, 0x0E, 0x1E, 0x54, 0x0E, 0x1E, 0x54, 0x0E, 0x1E, 0x54, 0x0E, 0x1E, 0x54, 0x0E, 0x1E, 0x53, 0x0E, 0x1D, 0x54, 0x0E, 0x1D, 0x54, 0x0E, 0x1D, 0x53, 0x0E, 0x1D, 0x54, 0x0E, 0x1D, 0x53, 0x0E, 0x1D, 0x53, 0x0E, 0x1E, 0x53, 
        0x0E, 0x1E, 0x53, 0x0E, 0x1E, 0x54, 0x0E, 0x1E, 0x54, 0x0E, 0x1E, 0x54, 0x0E, 0x1E, 0x54, 0x0E, 0x1E, 0x54, 0x0E, 0x1E, 0x54, 0x0E, 0x1E, 0x54, 0x0E, 0x1E, 0x54, 0x0E, 0x1E, 0x54, 0x0E, 0x1E, 0x54, 0x0E, 0x1E, 0x54, 0x0E, 0x1E, 0x55, 
        0x0F, 0x1F, 0x55, 0x0F, 0x1F, 0x55, 0x0F, 0x22, 0x58,
  0x02, 0x1E, 0x71, 0x0B, 0x18, 0x4D, 0x0B, 0x17, 0x4A, 0x0B, 0x17, 0x4A, 0x0B, 0x17, 0x4A, 0x0B, 0x17, 0x4A, 0x0B, 0x17, 0x4A, 0x0B, 0x18, 0x4A, 0x0B, 0x18, 0x4A, 0x0B, 0x18, 0x4A, 0x0B, 0x18, 0x4B, 0x0B, 0x18, 0x4B, 0x0B, 0x18, 0x4B, 0x0C, 0x18, 0x4B, 
        0x0C, 0x18, 0x4B, 0x0C, 0x18, 0x4C, 0x0C, 0x18, 0x4C, 0x0C, 0x18, 0x4C, 0x0C, 0x18, 0x4C, 0x0C, 0x18, 0x4C, 0x0C, 0x18, 0x4C, 0x0C, 0x18, 0x4C, 0x0C, 0x18, 0x4C, 0x0C, 0x18, 0x4C, 0x0C, 0x18, 0x4C, 0x0C, 0x18, 0x4C, 0x0C, 0x18, 0x4C, 
        0x0C, 0x18, 0x4C, 0x0C, 0x19, 0x4C, 0x0C, 0x19, 0x4D, 0x0C, 0x19, 0x4D, 0x0C, 0x19, 0x4D, 0x0C, 0x19, 0x4D, 0x0C, 0x19, 0x4D, 0x0C, 0x19, 0x4D, 0x0C, 0x19, 0x4E, 0x0C, 0x19, 0x4E, 0x0C, 0x19, 0x4E, 0x0C, 0x19, 0x4F, 0x0C, 0x1A, 0x4F, 
        0x0C, 0x1A, 0x4F, 0x0C, 0x1A, 0x50, 0x0C, 0x1A, 0x50, 0x0C, 0x1B, 0x50, 0x0C, 0x1B, 0x50, 0x0C, 0x1B, 0x51, 0x0C, 0x1B, 0x51, 0x0C, 0x1B, 0x51, 0x0C, 0x1B, 0x51, 0x0C, 0x1B, 0x51, 0x0C, 0x1B, 0x51, 0x0C, 0x1B, 0x51, 0x0C, 0x1B, 0x51, 
        0x0C, 0x1B, 0x51, 0x0C, 0x1B, 0x51, 0x0C, 0x1B, 0x51, 0x0C, 0x1B, 0x51, 0x0C, 0x1B, 0x51, 0x0C, 0x1B, 0x51, 0x0C, 0x1B, 0x52, 0x0C, 0x1B, 0x52, 0x0C, 0x1B, 0x52, 0x0C, 0x1B, 0x52, 0x0C, 0x1B, 0x51, 0x0C, 0x1B, 0x52, 0x0C, 0x1B, 0x52, 
        0x0C, 0x1B, 0x52, 0x0C, 0x1B, 0x52, 0x0C, 0x1B, 0x52, 0x0C, 0x1B, 0x52, 0x0C, 0x1B, 0x52, 0x0C, 0x1B, 0x52, 0x0C, 0x1B, 0x52, 0x0C, 0x1B, 0x52, 0x0C, 0x1B, 0x52, 0x0C, 0x1B, 0x52, 0x0C, 0x1B, 0x52, 0x0C, 0x1B, 0x52, 0x0C, 0x1B, 0x52, 
        0x0C, 0x1C, 0x53, 0x0D, 0x1C, 0x53, 0x0D, 0x1C, 0x53, 0x0D, 0x1C, 0x53, 0x0D, 0x1C, 0x53, 0x0D, 0x1C, 0x53, 0x0D, 0x1D, 0x54, 0x0D, 0x1D, 0x54, 0x0D, 0x1D, 0x54, 0x0D, 0x1D, 0x54, 0x0D, 0x1D, 0x54, 0x0D, 0x1D, 0x54, 0x0D, 0x1D, 0x54, 
        0x0D, 0x1E, 0x54, 0x0D, 0x1E, 0x55, 0x0D, 0x1E, 0x55, 0x0D, 0x1D, 0x54, 0x0D, 0x1D, 0x55, 0x0D, 0x1D, 0x55, 0x0D, 0x1D, 0x55, 0x0D, 0x1E, 0x55, 0x0D, 0x1E, 0x55, 0x0D, 0x1E, 0x55, 0x0D, 0x1E, 0x55, 0x0E, 0x1E, 0x55, 0x0E, 0x1E, 0x56, 
        0x0E, 0x1F, 0x56, 0x0E, 0x1F, 0x56, 0x0E, 0x1F, 0x56, 0x0E, 0x1F, 0x56, 0x0E, 0x1E, 0x56, 0x0E, 0x1E, 0x56, 0x0E, 0x1F, 0x56, 0x0E, 0x1F, 0x56, 0x0E, 0x1F, 0x56, 0x0E, 0x1F, 0x56, 0x0E, 0x1E, 0x56, 0x0E, 0x1E, 0x55, 0x0E, 0x1E, 0x55, 
        0x0E, 0x1E, 0x55, 0x0E, 0x1E, 0x55, 0x0D, 0x1E, 0x55, 0x0D, 0x1E, 0x55, 0x0D, 0x1D, 0x55, 0x0D, 0x1E, 0x55, 0x0D, 0x1E, 0x55, 0x0E, 0x1E, 0x55, 0x0E, 0x1E, 0x55, 0x0E, 0x1E, 0x55, 0x0E, 0x1E, 0x55, 0x0E, 0x1E, 0x55, 0x0E, 0x1E, 0x55, 
        0x0E, 0x1F, 0x56, 0x0E, 0x1F, 0x56, 0x0E, 0x1F, 0x56, 0x0E, 0x1F, 0x56, 0x0E, 0x1E, 0x55, 0x0E, 0x1E, 0x55, 0x0E, 0x1E, 0x55, 0x0E, 0x1E, 0x55, 0x0E, 0x1E, 0x55, 0x0E, 0x1E, 0x55, 0x0E, 0x1E, 0x55, 0x0E, 0x1E, 0x55, 0x0E, 0x1E, 0x55, 
        0x0E, 0x1E, 0x55, 0x0E, 0x1F, 0x55, 0x0E, 0x1F, 0x55, 0x0E, 0x1F, 0x55, 0x0E, 0x1F, 0x56, 0x0E, 0x1F, 0x56, 0x0E, 0x1F, 0x56, 0x0E, 0x1F, 0x56, 0x0E, 0x1F, 0x56, 0x0E, 0x1F, 0x56, 0x0E, 0x1F, 0x56, 0x0F, 0x1F, 0x56, 0x0F, 0x1F, 0x56, 
        0x0F, 0x1F, 0x56, 0x0F, 0x1F, 0x56, 0x0F, 0x23, 0x5A,
  0x02, 0x1E, 0x71, 0x0B, 0x18, 0x4E, 0x0B, 0x17, 0x4B, 0x0B, 0x17, 0x4B, 0x0B, 0x17, 0x4B, 0x0B, 0x17, 0x4B, 0x0B, 0x17, 0x4B, 0x0B, 0x17, 0x4B, 0x0B, 0x18, 0x4B, 0x0B, 0x18, 0x4B, 0x0B, 0x18, 0x4B, 0x0B, 0x18, 0x4C, 0x0B, 0x18, 0x4C, 0x0C, 0x18, 0x4C, 
        0x0C, 0x18, 0x4C, 0x0C, 0x18, 0x4C, 0x0C, 0x18, 0x4C, 0x0C, 0x18, 0x4C, 0x0C, 0x18, 0x4D, 0x0C, 0x18, 0x4D, 0x0C, 0x18, 0x4D, 0x0C, 0x18, 0x4D, 0x0C, 0x18, 0x4D, 0x0C, 0x18, 0x4D, 0x0C, 0x18, 0x4D, 0x0C, 0x18, 0x4D, 0x0C, 0x18, 0x4D, 
        0x0C, 0x19, 0x4D, 0x0C, 0x19, 0x4D, 0x0C, 0x19, 0x4D, 0x0C, 0x19, 0x4E, 0x0C, 0x19, 0x4E, 0x0C, 0x19, 0x4E, 0x0C, 0x19, 0x4E, 0x0C, 0x19, 0x4E, 0x0C, 0x19, 0x4F, 0x0C, 0x19, 0x4F, 0x0C, 0x19, 0x4F, 0x0C, 0x19, 0x50, 0x0C, 0x1A, 0x50, 
        0x0C, 0x1A, 0x50, 0x0C, 0x1A, 0x50, 0x0C, 0x1A, 0x51, 0x0C, 0x1B, 0x51, 0x0C, 0x1B, 0x51, 0x0C, 0x1B, 0x52, 0x0C, 0x1B, 0x52, 0x0C, 0x1B, 0x52, 0x0C, 0x1B, 0x52, 0x0C, 0x1B, 0x52, 0x0C, 0x1B, 0x52, 0x0C, 0x1A, 0x51, 0x0C, 0x1A, 0x51, 
        0x0C, 0x1A, 0x51, 0x0C, 0x1A, 0x51, 0x0C, 0x1B, 0x52, 0x0C, 0x1B, 0x52, 0x0C, 0x1B, 0x52, 0x0C, 0x1B, 0x52, 0x0C, 0x1B, 0x52, 0x0C, 0x1B, 0x52, 0x0C, 0x1B, 0x52, 0x0C, 0x1B, 0x52, 0x0C, 0x1B, 0x52, 0x0C, 0x1B, 0x52, 0x0C, 0x1B, 0x52, 
        0x0C, 0x1B, 0x52, 0x0C, 0x1B, 0x52, 0x0C, 0x1B, 0x52, 0x0C, 0x1B, 0x52, 0x0C, 0x1B, 0x52, 0x0C, 0x1B, 0x52, 0x0C, 0x1B, 0x53, 0x0C, 0x1B, 0x53, 0x0C, 0x1B, 0x53, 0x0C, 0x1B, 0x53, 0x0C, 0x1B, 0x53, 0x0C, 0x1B, 0x53, 0x0C, 0x1C, 0x53, 
        0x0D, 0x1C, 0x54, 0x0D, 0x1C, 0x54, 0x0D, 0x1C, 0x54, 0x0D, 0x1C, 0x54, 0x0D, 0x1C, 0x54, 0x0D, 0x1C, 0x54, 0x0D, 0x1C, 0x54, 0x0D, 0x1D, 0x54, 0x0D, 0x1D, 0x55, 0x0D, 0x1D, 0x55, 0x0D, 0x1D, 0x55, 0x0D, 0x1D, 0x55, 0x0D, 0x1D, 0x55, 
        0x0D, 0x1E, 0x55, 0x0D, 0x1E, 0x55, 0x0D, 0x1E, 0x55, 0x0D, 0x1D, 0x55, 0x0D, 0x1D, 0x55, 0x0D, 0x1D, 0x55, 0x0D, 0x1E, 0x56, 0x0D, 0x1E, 0x56, 0x0D, 0x1F, 0x56, 0x0E, 0x1F, 0x57, 0x0E, 0x1F, 0x57, 0x0E, 0x1F, 0x57, 0x0E, 0x1E, 0x56, 
        0x0E, 0x1E, 0x56, 0x0D, 0x1E, 0x56, 0x0D, 0x1E, 0x56, 0x0D, 0x1E, 0x56, 0x0E, 0x1E, 0x56, 0x0E, 0x1E, 0x56, 0x0E, 0x1E, 0x56, 0x0E, 0x1E, 0x56, 0x0E, 0x1E, 0x56, 0x0E, 0x1E, 0x56, 0x0E, 0x1E, 0x56, 0x0E, 0x1E, 0x56, 0x0E, 0x1F, 0x57, 
        0x0E, 0x1F, 0x57, 0x0E, 0x1F, 0x57, 0x0E, 0x1E, 0x56, 0x0E, 0x1E, 0x56, 0x0D, 0x1E, 0x55, 0x0D, 0x1D, 0x55, 0x0D, 0x1E, 0x55, 0x0D, 0x1E, 0x55, 0x0E, 0x1E, 0x56, 0x0E, 0x1E, 0x56, 0x0E, 0x1E, 0x56, 0x0E, 0x1E, 0x56, 0x0E, 0x1E, 0x56, 
        0x0E, 0x1E, 0x56, 0x0E, 0x1F, 0x56, 0x0E, 0x1E, 0x56, 0x0E, 0x1F, 0x56, 0x0E, 0x1F, 0x56, 0x0E, 0x1E, 0x56, 0x0E, 0x1E, 0x56, 0x0E, 0x1E, 0x56, 0x0E, 0x1E, 0x56, 0x0E, 0x1E, 0x56, 0x0E, 0x1E, 0x56, 0x0E, 0x1E, 0x56, 0x0E, 0x1E, 0x56, 
        0x0E, 0x1E, 0x56, 0x0E, 0x1F, 0x56, 0x0E, 0x1F, 0x56, 0x0E, 0x1F, 0x56, 0x0E, 0x1F, 0x57, 0x0E, 0x1F, 0x57, 0x0E, 0x1F, 0x57, 0x0E, 0x1F, 0x57, 0x0E, 0x1F, 0x57, 0x0E, 0x1F, 0x57, 0x0F, 0x20, 0x57, 0x0F, 0x20, 0x57, 0x0F, 0x20, 0x57, 
        0x0F, 0x20, 0x57, 0x0F, 0x20, 0x57, 0x0F, 0x23, 0x5B,
  0x02, 0x1E, 0x71, 0x0B, 0x19, 0x4F, 0x0B, 0x18, 0x4D, 0x0B, 0x18, 0x4D, 0x0B, 0x18, 0x4D, 0x0B, 0x18, 0x4D, 0x0B, 0x18, 0x4D, 0x0B, 0x18, 0x4D, 0x0B, 0x18, 0x4D, 0x0B, 0x18, 0x4D, 0x0B, 0x19, 0x4D, 0x0B, 0x19, 0x4D, 0x0B, 0x19, 0x4D, 0x0C, 0x19, 0x4E, 
        0x0C, 0x19, 0x4E, 0x0C, 0x19, 0x4E, 0x0C, 0x19, 0x4E, 0x0C, 0x19, 0x4E, 0x0C, 0x19, 0x4E, 0x0C, 0x19, 0x4E, 0x0C, 0x19, 0x4E, 0x0C, 0x19, 0x4E, 0x0C, 0x19, 0x4E, 0x0C, 0x19, 0x4E, 0x0C, 0x19, 0x4E, 0x0C, 0x19, 0x4F, 0x0C, 0x19, 0x4F, 
        0x0C, 0x19, 0x4F, 0x0C, 0x19, 0x4F, 0x0C, 0x19, 0x4F, 0x0C, 0x19, 0x4F, 0x0C, 0x1A, 0x4F, 0x0C, 0x19, 0x50, 0x0C, 0x1A, 0x50, 0x0C, 0x1A, 0x50, 0x0C, 0x1A, 0x50, 0x0C, 0x1A, 0x50, 0x0C, 0x1A, 0x50, 0x0C, 0x1A, 0x51, 0x0C, 0x1A, 0x52, 
        0x0C, 0x1B, 0x52, 0x0C, 0x1B, 0x52, 0x0C, 0x1B, 0x52, 0x0C, 0x1B, 0x53, 0x0C, 0x1B, 0x53, 0x0C, 0x1B, 0x53, 0x0C, 0x1B, 0x53, 0x0C, 0x1B, 0x53, 0x0C, 0x1B, 0x53, 0x0C, 0x1B, 0x53, 0x0C, 0x1B, 0x53, 0x0C, 0x1B, 0x53, 0x0C, 0x1B, 0x53, 
        0x0C, 0x1B, 0x53, 0x0C, 0x1B, 0x53, 0x0C, 0x1C, 0x53, 0x0C, 0x1C, 0x53, 0x0C, 0x1C, 0x53, 0x0C, 0x1C, 0x53, 0x0C, 0x1C, 0x54, 0x0C, 0x1C, 0x54, 0x0C, 0x1C, 0x54, 0x0C, 0x1C, 0x54, 0x0C, 0x1C, 0x54, 0x0C, 0x1C, 0x54, 0x0C, 0x1C, 0x54, 
        0x0C, 0x1C, 0x54, 0x0C, 0x1C, 0x54, 0x0C, 0x1C, 0x54, 0x0C, 0x1C, 0x54, 0x0C, 0x1C, 0x54, 0x0C, 0x1C, 0x54, 0x0C, 0x1C, 0x54, 0x0C, 0x1C, 0x55, 0x0C, 0x1C, 0x55, 0x0C, 0x1C, 0x55, 0x0C, 0x1C, 0x55, 0x0D, 0x1D, 0x55, 0x0D, 0x1D, 0x56, 
        0x0D, 0x1D, 0x56, 0x0D, 0x1D, 0x56, 0x0D, 0x1D, 0x56, 0x0D, 0x1D, 0x55, 0x0D, 0x1D, 0x56, 0x0D, 0x1D, 0x56, 0x0D, 0x1D, 0x56, 0x0D, 0x1D, 0x56, 0x0D, 0x1E, 0x56, 0x0D, 0x1E, 0x57, 0x0D, 0x1E, 0x57, 0x0D, 0x1E, 0x57, 0x0D, 0x1E, 0x57, 
        0x0D, 0x1E, 0x57, 0x0D, 0x1E, 0x57, 0x0D, 0x1E, 0x57, 0x0D, 0x1E, 0x57, 0x0D, 0x1F, 0x58, 0x0D, 0x1F, 0x58, 0x0D, 0x1F, 0x58, 0x0D, 0x20, 0x58, 0x0E, 0x20, 0x58, 0x0D, 0x20, 0x58, 0x0D, 0x1F, 0x58, 0x0E, 0x1F, 0x58, 0x0D, 0x1F, 0x58, 
        0x0D, 0x1F, 0x58, 0x0D, 0x1F, 0x58, 0x0E, 0x1F, 0x58, 0x0E, 0x20, 0x58, 0x0E, 0x20, 0x58, 0x0E, 0x20, 0x58, 0x0E, 0x20, 0x59, 0x0E, 0x20, 0x59, 0x0E, 0x20, 0x59, 0x0E, 0x20, 0x59, 0x0E, 0x20, 0x59, 0x0E, 0x20, 0x58, 0x0E, 0x20, 0x59, 
        0x0E, 0x20, 0x59, 0x0E, 0x20, 0x59, 0x0E, 0x1F, 0x58, 0x0E, 0x1F, 0x58, 0x0E, 0x1F, 0x58, 0x0E, 0x1F, 0x57, 0x0E, 0x1F, 0x57, 0x0D, 0x1F, 0x57, 0x0E, 0x1F, 0x57, 0x0E, 0x1F, 0x58, 0x0E, 0x1F, 0x57, 0x0E, 0x1E, 0x57, 0x0E, 0x1F, 0x57, 
        0x0E, 0x1F, 0x58, 0x0E, 0x1F, 0x58, 0x0E, 0x1F, 0x58, 0x0E, 0x1F, 0x58, 0x0E, 0x1F, 0x58, 0x0E, 0x1F, 0x58, 0x0E, 0x1F, 0x58, 0x0E, 0x1F, 0x58, 0x0E, 0x1F, 0x58, 0x0E, 0x1F, 0x58, 0x0E, 0x1F, 0x58, 0x0E, 0x1F, 0x58, 0x0E, 0x1F, 0x58, 
        0x0E, 0x1F, 0x58, 0x0E, 0x20, 0x58, 0x0E, 0x20, 0x58, 0x0E, 0x20, 0x58, 0x0E, 0x20, 0x58, 0x0E, 0x20, 0x58, 0x0F, 0x20, 0x59, 0x0F, 0x21, 0x59, 0x0F, 0x21, 0x59, 0x0F, 0x21, 0x59, 0x0F, 0x21, 0x59, 0x0F, 0x21, 0x59, 0x0F, 0x21, 0x59, 
        0x0F, 0x21, 0x59, 0x0F, 0x21, 0x59, 0x10, 0x24, 0x5D,
  0x02, 0x1E, 0x71, 0x0B, 0x19, 0x51, 0x0B, 0x19, 0x4E, 0x0B, 0x19, 0x4E, 0x0B, 0x19, 0x4E, 0x0B, 0x19, 0x4E, 0x0B, 0x19, 0x4E, 0x0B, 0x19, 0x4E, 0x0B, 0x19, 0x4E, 0x0B, 0x19, 0x4E, 0x0B, 0x19, 0x4E, 0x0B, 0x19, 0x4E, 0x0B, 0x19, 0x4F, 0x0B, 0x19, 0x4F, 
        0x0C, 0x1A, 0x4F, 0x0C, 0x1A, 0x4F, 0x0C, 0x1A, 0x50, 0x0C, 0x1A, 0x50, 0x0C, 0x1A, 0x50, 0x0C, 0x1A, 0x50, 0x0C, 0x1A, 0x50, 0x0C, 0x1A, 0x50, 0x0C, 0x1A, 0x50, 0x0C, 0x1A, 0x50, 0x0C, 0x1A, 0x50, 0x0C, 0x1A, 0x50, 0x0C, 0x1A, 0x50, 
        0x0C, 0x1A, 0x50, 0x0C, 0x1A, 0x50, 0x0C, 0x1A, 0x51, 0x0C, 0x1A, 0x51, 0x0C, 0x1A, 0x51, 0x0C, 0x1A, 0x51, 0x0C, 0x1A, 0x51, 0x0C, 0x1A, 0x52, 0x0C, 0x1B, 0x52, 0x0C, 0x1B, 0x52, 0x0C, 0x1B, 0x52, 0x0C, 0x1B, 0x53, 0x0C, 0x1B, 0x53, 
        0x0C, 0x1B, 0x53, 0x0C, 0x1B, 0x54, 0x0C, 0x1C, 0x54, 0x0C, 0x1C, 0x55, 0x0C, 0x1C, 0x55, 0x0C, 0x1C, 0x55, 0x0C, 0x1C, 0x55, 0x0C, 0x1C, 0x55, 0x0C, 0x1C, 0x55, 0x0C, 0x1C, 0x54, 0x0C, 0x1C, 0x54, 0x0C, 0x1C, 0x54, 0x0C, 0x1C, 0x54, 
        0x0C, 0x1C, 0x55, 0x0C, 0x1C, 0x55, 0x0C, 0x1C, 0x55, 0x0C, 0x1C, 0x55, 0x0C, 0x1C, 0x55, 0x0C, 0x1C, 0x55, 0x0C, 0x1C, 0x55, 0x0C, 0x1D, 0x55, 0x0C, 0x1C, 0x55, 0x0C, 0x1D, 0x55, 0x0C, 0x1C, 0x55, 0x0C, 0x1D, 0x55, 0x0C, 0x1D, 0x55, 
        0x0C, 0x1D, 0x55, 0x0C, 0x1D, 0x56, 0x0C, 0x1D, 0x56, 0x0C, 0x1D, 0x56, 0x0C, 0x1D, 0x56, 0x0C, 0x1D, 0x56, 0x0C, 0x1D, 0x56, 0x0C, 0x1D, 0x56, 0x0C, 0x1D, 0x56, 0x0C, 0x1D, 0x56, 0x0C, 0x1D, 0x56, 0x0D, 0x1D, 0x57, 0x0D, 0x1D, 0x57, 
        0x0D, 0x1E, 0x57, 0x0D, 0x1E, 0x57, 0x0D, 0x1E, 0x57, 0x0D, 0x1E, 0x57, 0x0D, 0x1E, 0x57, 0x0D, 0x1E, 0x58, 0x0D, 0x1E, 0x58, 0x0D, 0x1E, 0x58, 0x0D, 0x1F, 0x58, 0x0D, 0x1F, 0x58, 0x0D, 0x1F, 0x58, 0x0D, 0x1F, 0x59, 0x0D, 0x1F, 0x58, 
        0x0D, 0x1F, 0x58, 0x0D, 0x1F, 0x58, 0x0D, 0x1F, 0x58, 0x0D, 0x20, 0x59, 0x0D, 0x20, 0x5A, 0x0D, 0x20, 0x5A, 0x0D, 0x20, 0x59, 0x0D, 0x20, 0x59, 0x0D, 0x20, 0x59, 0x0E, 0x20, 0x59, 0x0E, 0x20, 0x59, 0x0E, 0x20, 0x59, 0x0E, 0x20, 0x5A, 
        0x0E, 0x21, 0x5A, 0x0E, 0x21, 0x5A, 0x0E, 0x21, 0x5B, 0x0E, 0x21, 0x5B, 0x0E, 0x21, 0x5B, 0x0E, 0x21, 0x5A, 0x0E, 0x21, 0x5A, 0x0E, 0x21, 0x5A, 0x0E, 0x21, 0x5A, 0x0E, 0x21, 0x5B, 0x0E, 0x21, 0x5B, 0x0E, 0x21, 0x5B, 0x0E, 0x21, 0x5B, 
        0x0E, 0x21, 0x5B, 0x0E, 0x21, 0x5B, 0x0E, 0x21, 0x5B, 0x0E, 0x21, 0x5B, 0x0E, 0x21, 0x5A, 0x0E, 0x20, 0x5A, 0x0E, 0x20, 0x59, 0x0E, 0x1F, 0x59, 0x0E, 0x20, 0x59, 0x0E, 0x20, 0x59, 0x0E, 0x20, 0x59, 0x0E, 0x20, 0x59, 0x0E, 0x20, 0x59, 
        0x0E, 0x20, 0x59, 0x0E, 0x20, 0x59, 0x0E, 0x20, 0x59, 0x0E, 0x20, 0x59, 0x0E, 0x20, 0x59, 0x0E, 0x20, 0x5A, 0x0E, 0x20, 0x59, 0x0E, 0x20, 0x59, 0x0E, 0x20, 0x59, 0x0E, 0x20, 0x59, 0x0E, 0x20, 0x59, 0x0E, 0x20, 0x59, 0x0E, 0x20, 0x59, 
        0x0E, 0x20, 0x59, 0x0E, 0x20, 0x59, 0x0E, 0x20, 0x5A, 0x0E, 0x21, 0x5A, 0x0E, 0x21, 0x5A, 0x0F, 0x21, 0x5A, 0x0F, 0x22, 0x5B, 0x0F, 0x22, 0x5B, 0x0F, 0x22, 0x5C, 0x0F, 0x23, 0x5C, 0x0F, 0x23, 0x5C, 0x0F, 0x23, 0x5C, 0x0F, 0x22, 0x5B, 
        0x0F, 0x22, 0x5B, 0x0F, 0x22, 0x5B, 0x10, 0x25, 0x5E,
  0x02, 0x1E, 0x70, 0x0B, 0x19, 0x51, 0x0B, 0x19, 0x4F, 0x0B, 0x19, 0x4F, 0x0B, 0x19, 0x4F, 0x0B, 0x19, 0x4F, 0x0B, 0x19, 0x4F, 0x0B, 0x19, 0x4F, 0x0B, 0x19, 0x4F, 0x0B, 0x19, 0x4F, 0x0B, 0x19, 0x4F, 0x0B, 0x19, 0x4F, 0x0B, 0x19, 0x50, 0x0B, 0x19, 0x50, 
        0x0B, 0x19, 0x50, 0x0C, 0x1A, 0x50, 0x0C, 0x1A, 0x50, 0x0C, 0x1A, 0x50, 0x0C, 0x1A, 0x50, 0x0C, 0x1A, 0x50, 0x0C, 0x1A, 0x50, 0x0C, 0x1A, 0x51, 0x0C, 0x1A, 0x51, 0x0C, 0x1A, 0x51, 0x0C, 0x1A, 0x51, 0x0C, 0x1A, 0x51, 0x0C, 0x1A, 0x51, 
        0x0C, 0x1A, 0x51, 0x0C, 0x1A, 0x51, 0x0C, 0x1A, 0x51, 0x0C, 0x1A, 0x51, 0x0C, 0x1A, 0x52, 0x0C, 0x1A, 0x52, 0x0C, 0x1A, 0x52, 0x0C, 0x1A, 0x52, 0x0C, 0x1B, 0x52, 0x0C, 0x1B, 0x53, 0x0C, 0x1B, 0x53, 0x0C, 0x1B, 0x53, 0x0C, 0x1B, 0x54, 
        0x0C, 0x1B, 0x54, 0x0C, 0x1B, 0x54, 0x0C, 0x1C, 0x55, 0x0C, 0x1C, 0x55, 0x0C, 0x1C, 0x56, 0x0C, 0x1C, 0x56, 0x0C, 0x1C, 0x56, 0x0C, 0x1C, 0x56, 0x0C, 0x1C, 0x55, 0x0C, 0x1C, 0x55, 0x0C, 0x1C, 0x55, 0x0C, 0x1C, 0x55, 0x0C, 0x1C, 0x55, 
        0x0C, 0x1C, 0x55, 0x0C, 0x1C, 0x55, 0x0C, 0x1C, 0x55, 0x0C, 0x1C, 0x56, 0x0C, 0x1C, 0x56, 0x0C, 0x1C, 0x56, 0x0C, 0x1C, 0x56, 0x0C, 0x1C, 0x56, 0x0C, 0x1D, 0x56, 0x0C, 0x1C, 0x56, 0x0C, 0x1C, 0x56, 0x0C, 0x1D, 0x56, 0x0C, 0x1D, 0x56, 
        0x0C, 0x1D, 0x56, 0x0C, 0x1D, 0x56, 0x0C, 0x1D, 0x56, 0x0C, 0x1D, 0x56, 0x0C, 0x1D, 0x56, 0x0C, 0x1D, 0x56, 0x0C, 0x1D, 0x57, 0x0C, 0x1D, 0x57, 0x0C, 0x1D, 0x57, 0x0C, 0x1D, 0x57, 0x0C, 0x1D, 0x57, 0x0D, 0x1D, 0x57, 0x0D, 0x1D, 0x58, 
        0x0D, 0x1D, 0x58, 0x0D, 0x1E, 0x58, 0x0D, 0x1E, 0x58, 0x0D, 0x1E, 0x58, 0x0D, 0x1E, 0x58, 0x0D, 0x1E, 0x58, 0x0D, 0x1E, 0x58, 0x0D, 0x1E, 0x59, 0x0D, 0x1F, 0x59, 0x0D, 0x1F, 0x59, 0x0D, 0x1F, 0x59, 0x0D, 0x1F, 0x5A, 0x0D, 0x1F, 0x59, 
        0x0D, 0x1F, 0x59, 0x0D, 0x1F, 0x5A, 0x0D, 0x1F, 0x5A, 0x0D, 0x20, 0x5A, 0x0D, 0x20, 0x5A, 0x0D, 0x20, 0x5A, 0x0D, 0x20, 0x5A, 0x0D, 0x20, 0x5A, 0x0D, 0x20, 0x5A, 0x0E, 0x20, 0x5A, 0x0E, 0x20, 0x5B, 0x0E, 0x21, 0x5B, 0x0E, 0x21, 0x5B, 
        0x0E, 0x21, 0x5B, 0x0E, 0x21, 0x5B, 0x0E, 0x21, 0x5B, 0x0E, 0x21, 0x5B, 0x0E, 0x21, 0x5B, 0x0E, 0x21, 0x5B, 0x0E, 0x21, 0x5B, 0x0E, 0x21, 0x5B, 0x0E, 0x21, 0x5B, 0x0E, 0x21, 0x5B, 0x0E, 0x21, 0x5B, 0x0E, 0x21, 0x5C, 0x0E, 0x21, 0x5C, 
        0x0E, 0x21, 0x5C, 0x0E, 0x21, 0x5C, 0x0E, 0x22, 0x5C, 0x0E, 0x22, 0x5C, 0x0E, 0x21, 0x5B, 0x0E, 0x21, 0x5B, 0x0E, 0x20, 0x5A, 0x0E, 0x20, 0x5A, 0x0E, 0x20, 0x5A, 0x0E, 0x20, 0x5A, 0x0E, 0x20, 0x5A, 0x0E, 0x20, 0x5A, 0x0E, 0x20, 0x5A, 
        0x0E, 0x20, 0x5A, 0x0E, 0x20, 0x5A, 0x0E, 0x20, 0x5A, 0x0E, 0x20, 0x5A, 0x0E, 0x20, 0x5A, 0x0E, 0x20, 0x5A, 0x0E, 0x20, 0x5A, 0x0E, 0x20, 0x5A, 0x0E, 0x20, 0x5A, 0x0E, 0x20, 0x5A, 0x0E, 0x20, 0x5A, 0x0E, 0x20, 0x5A, 0x0E, 0x20, 0x5A, 
        0x0E, 0x20, 0x5A, 0x0E, 0x20, 0x5A, 0x0E, 0x20, 0x5A, 0x0E, 0x21, 0x5B, 0x0F, 0x21, 0x5B, 0x0F, 0x22, 0x5C, 0x0F, 0x22, 0x5C, 0x0F, 0x23, 0x5C, 0x10, 0x23, 0x5D, 0x10, 0x24, 0x5D, 0x10, 0x23, 0x5D, 0x10, 0x23, 0x5D, 0x10, 0x23, 0x5D, 
        0x10, 0x23, 0x5D, 0x0F, 0x23, 0x5C, 0x10, 0x25, 0x5F,
  0x02, 0x1E, 0x70, 0x0B, 0x1A, 0x53, 0x0B, 0x1A, 0x51, 0x0B, 0x1A, 0x51, 0x0B, 0x1A, 0x51, 0x0B, 0x1A, 0x51, 0x0B, 0x1A, 0x51, 0x0B, 0x1A, 0x51, 0x0B, 0x1A, 0x51, 0x0B, 0x1A, 0x51, 0x0B, 0x1A, 0x51, 0x0B, 0x1A, 0x51, 0x0B, 0x1A, 0x51, 0x0B, 0x1A, 0x51, 
        0x0B, 0x1A, 0x51, 0x0B, 0x1A, 0x52, 0x0C, 0x1A, 0x52, 0x0C, 0x1A, 0x52, 0x0C, 0x1A, 0x52, 0x0C, 0x1A, 0x52, 0x0C, 0x1A, 0x52, 0x0C, 0x1B, 0x52, 0x0C, 0x1B, 0x52, 0x0C, 0x1B, 0x52, 0x0C, 0x1B, 0x52, 0x0C, 0x1B, 0x52, 0x0C, 0x1B, 0x52, 
        0x0C, 0x1B, 0x53, 0x0C, 0x1B, 0x53, 0x0C, 0x1B, 0x53, 0x0C, 0x1B, 0x53, 0x0C, 0x1B, 0x53, 0x0C, 0x1B, 0x54, 0x0C, 0x1B, 0x54, 0x0C, 0x1B, 0x54, 0x0C, 0x1B, 0x54, 0x0C, 0x1C, 0x54, 0x0C, 0x1C, 0x54, 0x0C, 0x1C, 0x55, 0x0C, 0x1C, 0x56, 
        0x0C, 0x1C, 0x56, 0x0C, 0x1C, 0x56, 0x0C, 0x1D, 0x56, 0x0C, 0x1D, 0x57, 0x0C, 0x1D, 0x57, 0x0C, 0x1D, 0x57, 0x0C, 0x1D, 0x57, 0x0C, 0x1D, 0x57, 0x0C, 0x1D, 0x57, 0x0C, 0x1D, 0x57, 0x0C, 0x1C, 0x57, 0x0C, 0x1C, 0x57, 0x0C, 0x1C, 0x57, 
        0x0C, 0x1D, 0x57, 0x0C, 0x1D, 0x57, 0x0C, 0x1D, 0x57, 0x0C, 0x1D, 0x57, 0x0C, 0x1D, 0x57, 0x0C, 0x1D, 0x57, 0x0C, 0x1D, 0x57, 0x0C, 0x1D, 0x57, 0x0C, 0x1D, 0x57, 0x0C, 0x1D, 0x58, 0x0C, 0x1D, 0x58, 0x0C, 0x1D, 0x58, 0x0C, 0x1D, 0x58, 
        0x0C, 0x1D, 0x58, 0x0C, 0x1E, 0x58, 0x0C, 0x1E, 0x58, 0x0C, 0x1E, 0x58, 0x0C, 0x1D, 0x58, 0x0C, 0x1E, 0x58, 0x0C, 0x1E, 0x58, 0x0C, 0x1E, 0x58, 0x0C, 0x1E, 0x59, 0x0C, 0x1E, 0x59, 0x0C, 0x1E, 0x59, 0x0D, 0x1E, 0x59, 0x0D, 0x1E, 0x59, 
        0x0D, 0x1E, 0x59, 0x0D, 0x1E, 0x59, 0x0D, 0x1E, 0x59, 0x0D, 0x1E, 0x59, 0x0D, 0x1F, 0x5A, 0x0D, 0x1F, 0x5A, 0x0D, 0x1F, 0x5A, 0x0D, 0x1F, 0x5A, 0x0D, 0x1F, 0x5A, 0x0D, 0x1F, 0x5A, 0x0D, 0x1F, 0x5A, 0x0D, 0x20, 0x5B, 0x0D, 0x1F, 0x5B, 
        0x0D, 0x20, 0x5B, 0x0D, 0x21, 0x5C, 0x0E, 0x21, 0x5C, 0x0D, 0x20, 0x5B, 0x0D, 0x20, 0x5B, 0x0D, 0x20, 0x5B, 0x0D, 0x21, 0x5C, 0x0D, 0x21, 0x5C, 0x0E, 0x21, 0x5C, 0x0E, 0x21, 0x5C, 0x0E, 0x22, 0x5D, 0x0E, 0x22, 0x5D, 0x0E, 0x22, 0x5D, 
        0x0E, 0x22, 0x5D, 0x0E, 0x22, 0x5D, 0x0E, 0x22, 0x5D, 0x0E, 0x22, 0x5D, 0x0E, 0x21, 0x5D, 0x0E, 0x22, 0x5D, 0x0E, 0x22, 0x5D, 0x0E, 0x21, 0x5D, 0x0E, 0x22, 0x5D, 0x0E, 0x22, 0x5D, 0x0E, 0x22, 0x5D, 0x0E, 0x22, 0x5D, 0x0E, 0x22, 0x5D, 
        0x0E, 0x22, 0x5D, 0x0E, 0x22, 0x5D, 0x0E, 0x22, 0x5D, 0x0E, 0x22, 0x5D, 0x0E, 0x22, 0x5D, 0x0E, 0x22, 0x5D, 0x0E, 0x21, 0x5C, 0x0E, 0x21, 0x5C, 0x0E, 0x21, 0x5B, 0x0E, 0x20, 0x5B, 0x0E, 0x20, 0x5B, 0x0E, 0x20, 0x5B, 0x0E, 0x21, 0x5C, 
        0x0E, 0x21, 0x5C, 0x0E, 0x21, 0x5C, 0x0E, 0x21, 0x5C, 0x0E, 0x21, 0x5C, 0x0E, 0x21, 0x5C, 0x0E, 0x21, 0x5C, 0x0E, 0x21, 0x5C, 0x0E, 0x21, 0x5C, 0x0E, 0x21, 0x5C, 0x0E, 0x21, 0x5C, 0x0E, 0x21, 0x5C, 0x0E, 0x21, 0x5C, 0x0E, 0x21, 0x5C, 
        0x0E, 0x21, 0x5C, 0x0E, 0x21, 0x5C, 0x0E, 0x22, 0x5C, 0x0F, 0x22, 0x5C, 0x0F, 0x23, 0x5D, 0x0F, 0x23, 0x5E, 0x0F, 0x24, 0x5E, 0x10, 0x24, 0x5E, 0x10, 0x25, 0x5F, 0x10, 0x26, 0x5F, 0x10, 0x25, 0x5F, 0x10, 0x25, 0x5F, 0x10, 0x25, 0x5F, 
        0x10, 0x25, 0x5F, 0x10, 0x24, 0x5E, 0x10, 0x27, 0x61,
  0x02, 0x1E, 0x70, 0x0B, 0x1B, 0x54, 0x0B, 0x1B, 0x52, 0x0B, 0x1B, 0x52, 0x0B, 0x1B, 0x52, 0x0B, 0x1B, 0x52, 0x0B, 0x1B, 0x52, 0x0B, 0x1B, 0x52, 0x0B, 0x1B, 0x52, 0x0B, 0x1B, 0x52, 0x0B, 0x1B, 0x52, 0x0B, 0x1B, 0x52, 0x0B, 0x1B, 0x52, 0x0B, 0x1B, 0x53, 
        0x0B, 0x1B, 0x53, 0x0B, 0x1B, 0x53, 0x0C, 0x1B, 0x53, 0x0C, 0x1B, 0x53, 0x0C, 0x1B, 0x54, 0x0C, 0x1B, 0x54, 0x0C, 0x1B, 0x54, 0x0C, 0x1B, 0x54, 0x0C, 0x1B, 0x54, 0x0C, 0x1B, 0x54, 0x0C, 0x1B, 0x54, 0x0C, 0x1B, 0x54, 0x0C, 0x1B, 0x54, 
        0x0C, 0x1C, 0x54, 0x0C, 0x1C, 0x54, 0x0C, 0x1C, 0x55, 0x0C, 0x1C, 0x55, 0x0C, 0x1C, 0x55, 0x0C, 0x1C, 0x55, 0x0C, 0x1C, 0x55, 0x0C, 0x1C, 0x55, 0x0C, 0x1C, 0x55, 0x0C, 0x1C, 0x56, 0x0C, 0x1C, 0x56, 0x0C, 0x1D, 0x56, 0x0C, 0x1D, 0x57, 
        0x0C, 0x1D, 0x57, 0x0C, 0x1D, 0x57, 0x0C, 0x1D, 0x58, 0x0C, 0x1D, 0x58, 0x0C, 0x1E, 0x58, 0x0C, 0x1E, 0x59, 0x0C, 0x1E, 0x59, 0x0C, 0x1E, 0x59, 0x0C, 0x1E, 0x58, 0x0C, 0x1D, 0x58, 0x0C, 0x1D, 0x58, 0x0C, 0x1D, 0x58, 0x0C, 0x1D, 0x58, 
        0x0C, 0x1D, 0x58, 0x0C, 0x1E, 0x58, 0x0C, 0x1E, 0x59, 0x0C, 0x1E, 0x59, 0x0C, 0x1E, 0x59, 0x0C, 0x1E, 0x59, 0x0C, 0x1E, 0x59, 0x0C, 0x1E, 0x59, 0x0C, 0x1E, 0x59, 0x0C, 0x1E, 0x59, 0x0C, 0x1E, 0x59, 0x0C, 0x1E, 0x59, 0xFF, 0xFF, 0xFF, 
        0xFF, 0xFF, 0xFF, 0xFF, 0xFF, 0xFF, 0xFF, 0xFF, 0xFF, 0xFF, 0xFF, 0xFF, 0xFF, 0xFF, 0xFF, 0xFF, 0xFF, 0xFF, 0xFF, 0xFF, 0xFF, 0xFF, 0xFF, 0xFF, 0xFF, 0xFF, 0xFF, 0xFF, 0xFF, 0xFF, 0xFF, 0xFF, 0xFF, 0xFF, 0xFF, 0xFF, 0xFF, 0xFF, 0xFF, 
        0xFF, 0xFF, 0xFF, 0xFF, 0xFF, 0xFF, 0xFF, 0xFF, 0xFF, 0xFF, 0xFF, 0xFF, 0xFF, 0xFF, 0xFF, 0xFF, 0xFF, 0xFF, 0xFF, 0xFF, 0xFF, 0xFF, 0xFF, 0xFF, 0xFF, 0xFF, 0xFF, 0xFF, 0xFF, 0xFF, 0x0D, 0x20, 0x5C, 0x0D, 0x20, 0x5C, 0x0D, 0x20, 0x5C, 
        0x0D, 0x21, 0x5D, 0x0E, 0x22, 0x5D, 0x0E, 0x22, 0x5E, 0x0D, 0x21, 0x5D, 0x0D, 0x21, 0x5D, 0x0D, 0x21, 0x5D, 0x0D, 0x22, 0x5D, 0x0E, 0x22, 0x5E, 0x0E, 0x22, 0x5E, 0x0E, 0x22, 0x5E, 0x0E, 0x23, 0x5E, 0x0E, 0x23, 0x5F, 0x0E, 0x23, 0x5E, 
        0x0E, 0x23, 0x5E, 0x0E, 0x23, 0x5E, 0x0E, 0x23, 0x5E, 0x0E, 0x23, 0x5E, 0x0E, 0x22, 0x5E, 0x0E, 0x22, 0x5E, 0x0E, 0x23, 0x5E, 0x0E, 0x23, 0x5E, 0x0E, 0x22, 0x5E, 0x0E, 0x22, 0x5E, 0x0E, 0x22, 0x5E, 0x0E, 0x22, 0x5E, 0x0E, 0x22, 0x5E, 
        0x0E, 0x22, 0x5E, 0x0E, 0x22, 0x5E, 0x0E, 0x22, 0x5E, 0x0E, 0x22, 0x5E, 0x0E, 0x23, 0x5E, 0x0E, 0x23, 0x5E, 0x0E, 0x22, 0x5E, 0x0E, 0x22, 0x5D, 0x0E, 0x21, 0x5D, 0x0E, 0x21, 0x5D, 0x0E, 0x21, 0x5D, 0x0E, 0x21, 0x5D, 0x0E, 0x21, 0x5D, 
        0x0E, 0x22, 0x5D, 0x0E, 0x22, 0x5E, 0x0E, 0x22, 0x5E, 0x0E, 0x22, 0x5E, 0x0E, 0x22, 0x5E, 0x0E, 0x22, 0x5E, 0x0E, 0x22, 0x5E, 0x0E, 0x22, 0x5E, 0x0E, 0x23, 0x5E, 0x0E, 0x22, 0x5E, 0x0E, 0x22, 0x5E, 0x0E, 0x22, 0x5E, 0x0E, 0x22, 0x5E, 
        0x0E, 0x22, 0x5E, 0x0E, 0x22, 0x5E, 0x0E, 0x23, 0x5E, 0x0F, 0x23, 0x5E, 0x0F, 0x23, 0x5F, 0x0F, 0x24, 0x5F, 0x10, 0x25, 0x60, 0x10, 0x26, 0x61, 0x10, 0x27, 0x61, 0x11, 0x28, 0x62, 0x11, 0x28, 0x62, 0x11, 0x27, 0x62, 0x11, 0x27, 0x62, 
        0x11, 0x27, 0x61, 0x10, 0x26, 0x61, 0x10, 0x29, 0x63,
  0x02, 0x1F, 0x70, 0x0B, 0x1C, 0x55, 0x0B, 0x1B, 0x53, 0x0B, 0x1B, 0x53, 0x0B, 0x1B, 0x53, 0x0B, 0x1B, 0x53, 0x0B, 0x1B, 0x53, 0x0B, 0x1B, 0x53, 0x0B, 0x1B, 0x53, 0x0B, 0x1C, 0x53, 0x0B, 0x1C, 0x53, 0x0B, 0x1C, 0x53, 0x0B, 0x1C, 0x53, 0x0B, 0x1C, 0x54, 
        0x0B, 0x1C, 0x54, 0x0B, 0x1C, 0x54, 0x0C, 0x1C, 0x54, 0x0C, 0x1C, 0x54, 0x0C, 0x1C, 0x54, 0x0C, 0x1C, 0x54, 0x0C, 0x1C, 0x54, 0x0C, 0x1C, 0x54, 0x0C, 0x1C, 0x54, 0x0C, 0x1C, 0x55, 0x0C, 0x1C, 0x55, 0x0C, 0x1C, 0x55, 0x0C, 0x1C, 0x55, 
        0x0C, 0x1C, 0x55, 0x0C, 0x1C, 0x55, 0x0C, 0x1C, 0x55, 0x0C, 0x1C, 0x55, 0x0C, 0x1D, 0x56, 0x0C, 0x1D, 0x56, 0x0C, 0x1D, 0x56, 0x0C, 0x1D, 0x56, 0x0C, 0x1D, 0x56, 0x0C, 0x1D, 0x56, 0x0C, 0x1D, 0x57, 0x0C, 0x1D, 0x57, 0x0C, 0x1D, 0x58, 
        0x0C, 0x1E, 0x58, 0x0C, 0x1E, 0x58, 0x0C, 0x1E, 0x58, 0x0C, 0x1E, 0x59, 0x0C, 0x1E, 0x59, 0x0C, 0x1E, 0x59, 0x0C, 0x1E, 0x59, 0x0C, 0x1E, 0x59, 0x0C, 0x1E, 0x59, 0x0C, 0x1E, 0x59, 0x0C, 0x1E, 0x59, 0x0C, 0x1E, 0x59, 0x0C, 0x1E, 0x59, 
        0x0C, 0x1E, 0x59, 0x0C, 0x1E, 0x59, 0x0C, 0x1F, 0x5A, 0x0C, 0x1F, 0x5A, 0x0C, 0x1F, 0x5A, 0x0C, 0x1F, 0x59, 0x0C, 0x1F, 0x5A, 0x0C, 0x1F, 0x5A, 0x0C, 0x1F, 0x5A, 0x0C, 0x1F, 0x5A, 0x0C, 0x1F, 0x5A, 0x0C, 0x1F, 0x5A, 0xFF, 0xFF, 0xFF, 
        0xCA, 0xCE, 0xDB, 0x8E, 0x96, 0xB2, 0x8E, 0x96, 0xB2, 0x8E, 0x96, 0xB2, 0x8E, 0x96, 0xB2, 0xFF, 0xFF, 0xFF, 0xCA, 0xCE, 0xDB, 0x8E, 0x96, 0xB2, 0x8E, 0x97, 0xB2, 0x8E, 0x97, 0xB2, 0x8E, 0x97, 0xB2, 0x8E, 0x96, 0xB2, 0x8E, 0x96, 0xB2, 
        0x8E, 0x96, 0xB2, 0x8E, 0x97, 0xB2, 0x8E, 0x97, 0xB2, 0x8E, 0x97, 0xB2, 0x8E, 0x97, 0xB2, 0x8E, 0x97, 0xB3, 0x8E, 0x97, 0xB3, 0x8E, 0x97, 0xB3, 0xC3, 0xC8, 0xD7, 0xFF, 0xFF, 0xFF, 0x0D, 0x21, 0x5D, 0x0D, 0x21, 0x5D, 0x0D, 0x22, 0x5E, 
        0x0E, 0x22, 0x5E, 0x0D, 0x22, 0x5E, 0x0D, 0x22, 0x5E, 0x0E, 0x22, 0x5E, 0x0E, 0x22, 0x5E, 0x0D, 0x22, 0x5E, 0x0E, 0x23, 0x5E, 0x0E, 0x23, 0x5F, 0x0E, 0x23, 0x5F, 0x0E, 0x23, 0x5F, 0x0E, 0x23, 0x5F, 0x0E, 0x23, 0x5F, 0x0E, 0x23, 0x5F, 
        0x0E, 0x23, 0x5F, 0x0E, 0x23, 0x5F, 0x0E, 0x23, 0x5F, 0x0E, 0x23, 0x5F, 0x0E, 0x23, 0x5F, 0x0E, 0x23, 0x5F, 0x0E, 0x23, 0x5F, 0x0E, 0x23, 0x5F, 0x0E, 0x23, 0x5F, 0x0E, 0x23, 0x5F, 0x0E, 0x23, 0x5F, 0x0E, 0x23, 0x5F, 0x0E, 0x23, 0x5F, 
        0x0E, 0x23, 0x5F, 0x0E, 0x23, 0x5F, 0x0E, 0x23, 0x5F, 0x0E, 0x23, 0x5F, 0x0E, 0x23, 0x5F, 0x0E, 0x23, 0x5F, 0x0E, 0x23, 0x5F, 0x0E, 0x23, 0x5E, 0x0E, 0x22, 0x5E, 0x0E, 0x22, 0x5D, 0x0E, 0x22, 0x5D, 0x0E, 0x22, 0x5E, 0x0E, 0x22, 0x5E, 
        0x0E, 0x23, 0x5E, 0x0E, 0x23, 0x5F, 0x0E, 0x23, 0x5F, 0x0E, 0x24, 0x5F, 0x0F, 0x24, 0x5F, 0x0F, 0x24, 0x5F, 0x0F, 0x24, 0x60, 0x0F, 0x24, 0x60, 0x0F, 0x24, 0x5F, 0x0F, 0x24, 0x60, 0x0F, 0x24, 0x5F, 0x0F, 0x24, 0x5F, 0x0E, 0x23, 0x5F, 
        0x0E, 0x23, 0x5F, 0x0E, 0x23, 0x5F, 0x0E, 0x24, 0x5F, 0x0F, 0x24, 0x5F, 0x0F, 0x25, 0x60, 0x10, 0x25, 0x60, 0x10, 0x27, 0x61, 0x10, 0x28, 0x62, 0x11, 0x28, 0x63, 0x11, 0x29, 0x63, 0x11, 0x2A, 0x63, 0x11, 0x2A, 0x63, 0x11, 0x29, 0x63, 
        0x11, 0x29, 0x63, 0x11, 0x28, 0x62, 0x11, 0x2A, 0x65,
  0x02, 0x1F, 0x70, 0x0B, 0x1C, 0x56, 0x0B, 0x1B, 0x54, 0x0B, 0x1B, 0x54, 0x0B, 0x1B, 0x54, 0x0B, 0x1B, 0x55, 0x0B, 0x1B, 0x55, 0x0B, 0x1B, 0x55, 0x0B, 0x1B, 0x55, 0x0B, 0x1C, 0x55, 0x0B, 0x1C, 0x55, 0x0B, 0x1C, 0x55, 0x0B, 0x1C, 0x55, 0x0B, 0x1C, 0x55, 
        0x0B, 0x1C, 0x55, 0x0C, 0x1C, 0x55, 0x0C, 0x1C, 0x56, 0x0C, 0x1C, 0x56, 0x0C, 0x1C, 0x56, 0x0C, 0x1C, 0x56, 0x0C, 0x1C, 0x56, 0x0C, 0x1C, 0x56, 0x0C, 0x1C, 0x56, 0x0C, 0x1C, 0x56, 0x0C, 0x1C, 0x56, 0x0C, 0x1C, 0x56, 0x0C, 0x1C, 0x56, 
        0x0C, 0x1C, 0x57, 0x0C, 0x1C, 0x57, 0x0C, 0x1C, 0x57, 0x0C, 0x1C, 0x57, 0x0C, 0x1C, 0x57, 0x0C, 0x1D, 0x57, 0x0C, 0x1D, 0x57, 0x0C, 0x1D, 0x57, 0x0C, 0x1D, 0x58, 0x0C, 0x1D, 0x58, 0x0C, 0x1D, 0x58, 0x0C, 0x1D, 0x59, 0x0C, 0x1D, 0x59, 
        0x0C, 0x1E, 0x59, 0x0C, 0x1E, 0x5A, 0x0C, 0x1E, 0x5A, 0x0C, 0x1E, 0x5A, 0x0C, 0x1E, 0x5A, 0x0C, 0x1E, 0x5A, 0x0C, 0x1E, 0x5A, 0x0C, 0x1E, 0x5B, 0x0C, 0x1E, 0x5B, 0x0C, 0x1E, 0x5B, 0x0C, 0x1E, 0x5B, 0x0C, 0x1E, 0x5B, 0x0C, 0x1E, 0x5B, 
        0x0C, 0x1E, 0x5B, 0x0C, 0x1E, 0x5B, 0x0C, 0x1F, 0x5B, 0x0C, 0x1F, 0x5B, 0x0C, 0x1F, 0x5B, 0x0C, 0x1F, 0x5B, 0x0C, 0x1F, 0x5B, 0x0C, 0x1F, 0x5B, 0x0C, 0x1F, 0x5B, 0x0C, 0x1F, 0x5C, 0x0C, 0x1F, 0x5C, 0x0C, 0x1F, 0x5C, 0xFF, 0xFF, 0xFF, 
        0x8D, 0x95, 0xB2, 0x0C, 0x1F, 0x5C, 0x0C, 0x1F, 0x5C, 0x0C, 0x1F, 0x5C, 0x0C, 0x1F, 0x5C, 0xFF, 0xFF, 0xFF, 0x8D, 0x96, 0xB2, 0x0C, 0x1F, 0x5D, 0x0C, 0x1F, 0x5D, 0x0C, 0x1F, 0x5D, 0x0C, 0x1F, 0x5D, 0x0C, 0x1F, 0x5D, 0x0C, 0x1F, 0x5D, 
        0x0D, 0x20, 0x5D, 0x0D, 0x20, 0x5D, 0x0D, 0x20, 0x5D, 0x0D, 0x20, 0x5D, 0x0D, 0x20, 0x5D, 0x0D, 0x20, 0x5E, 0x0D, 0x20, 0x5E, 0x0D, 0x20, 0x5E, 0x7F, 0x89, 0xAA, 0xFF, 0xFF, 0xFF, 0x0D, 0x21, 0x5F, 0x0D, 0x22, 0x5F, 0x0D, 0x22, 0x5F, 
        0x0D, 0x22, 0x60, 0x0D, 0x22, 0x5F, 0x0D, 0x22, 0x5F, 0x0D, 0x22, 0x60, 0x0E, 0x22, 0x60, 0x0E, 0x23, 0x60, 0x0E, 0x23, 0x60, 0x0E, 0x23, 0x60, 0x0E, 0x23, 0x60, 0x0E, 0x23, 0x60, 0x0E, 0x23, 0x60, 0x0E, 0x23, 0x60, 0x0E, 0x23, 0x60, 
        0x0E, 0x23, 0x60, 0x0E, 0x23, 0x61, 0x0E, 0x23, 0x61, 0x0E, 0x23, 0x60, 0x0E, 0x23, 0x61, 0x0E, 0x23, 0x61, 0x0E, 0x23, 0x61, 0x0E, 0x23, 0x61, 0x0E, 0x23, 0x61, 0x0E, 0x23, 0x61, 0x0E, 0x23, 0x60, 0x0E, 0x23, 0x60, 0x0E, 0x23, 0x60, 
        0x0E, 0x23, 0x60, 0x0E, 0x23, 0x60, 0x0E, 0x23, 0x60, 0x0E, 0x23, 0x60, 0x0E, 0x23, 0x60, 0x0E, 0x23, 0x61, 0x0E, 0x23, 0x60, 0x0E, 0x23, 0x60, 0x0E, 0x22, 0x60, 0x0E, 0x22, 0x60, 0x0E, 0x22, 0x60, 0x0E, 0x22, 0x60, 0x0E, 0x22, 0x60, 
        0x0E, 0x23, 0x60, 0x0E, 0x23, 0x60, 0x0F, 0x24, 0x61, 0x0F, 0x25, 0x61, 0x0F, 0x25, 0x62, 0x0F, 0x25, 0x62, 0x0F, 0x25, 0x62, 0x0F, 0x25, 0x62, 0x0F, 0x25, 0x62, 0x0F, 0x25, 0x62, 0x0F, 0x25, 0x61, 0x0F, 0x24, 0x61, 0x0F, 0x24, 0x61, 
        0x0F, 0x24, 0x61, 0x0F, 0x24, 0x61, 0x0F, 0x24, 0x61, 0x0F, 0x24, 0x61, 0x0F, 0x25, 0x62, 0x10, 0x26, 0x62, 0x10, 0x27, 0x63, 0x11, 0x28, 0x64, 0x11, 0x29, 0x65, 0x12, 0x2A, 0x65, 0x12, 0x2A, 0x66, 0x12, 0x2B, 0x66, 0x12, 0x2B, 0x66, 
        0x12, 0x2A, 0x65, 0x11, 0x29, 0x65, 0x11, 0x2B, 0x67,
  0x02, 0x1F, 0x72, 0x0B, 0x1D, 0x58, 0x0B, 0x1C, 0x56, 0x0B, 0x1C, 0x56, 0x0B, 0x1C, 0x56, 0x0B, 0x1C, 0x56, 0x0B, 0x1C, 0x56, 0x0B, 0x1C, 0x56, 0x0B, 0x1C, 0x56, 0x0B, 0x1C, 0x57, 0x0B, 0x1C, 0x57, 0x0B, 0x1C, 0x57, 0x0B, 0x1C, 0x57, 0x0B, 0x1C, 0x57, 
        0x0C, 0x1D, 0x57, 0x0C, 0x1D, 0x57, 0x0C, 0x1D, 0x57, 0x0C, 0x1D, 0x57, 0x0C, 0x1D, 0x57, 0x0C, 0x1D, 0x58, 0x0C, 0x1D, 0x58, 0x0C, 0x1D, 0x58, 0x0C, 0x1D, 0x58, 0x0C, 0x1D, 0x58, 0x0C, 0x1D, 0x58, 0x0C, 0x1D, 0x58, 0x0C, 0x1D, 0x58, 
        0x0C, 0x1D, 0x58, 0x0C, 0x1D, 0x58, 0x0C, 0x1D, 0x59, 0x0C, 0x1D, 0x59, 0x0C, 0x1D, 0x59, 0x0C, 0x1D, 0x59, 0x0C, 0x1D, 0x59, 0x0C, 0x1D, 0x59, 0x0C, 0x1E, 0x59, 0x0C, 0x1E, 0x59, 0x0C, 0x1E, 0x5A, 0x0C, 0x1E, 0x5A, 0x0C, 0x1E, 0x5B, 
        0x0C, 0x1E, 0x5B, 0x0C, 0x1E, 0x5B, 0x0C, 0x1F, 0x5B, 0x0C, 0x1F, 0x5B, 0x0C, 0x1F, 0x5B, 0x0C, 0x1F, 0x5C, 0x0C, 0x1F, 0x5C, 0x0C, 0x1F, 0x5C, 0x0C, 0x1F, 0x5C, 0x0C, 0x1F, 0x5C, 0x0C, 0x1F, 0x5C, 0x0C, 0x1F, 0x5C, 0x0C, 0x1F, 0x5C, 
        0x0C, 0x1F, 0x5C, 0x0C, 0x1F, 0x5C, 0x0C, 0x1F, 0x5D, 0x0C, 0x1F, 0x5D, 0x0C, 0x1F, 0x5D, 0x0C, 0x1F, 0x5D, 0x0C, 0x20, 0x5D, 0x0C, 0x20, 0x5D, 0x0C, 0x20, 0x5D, 0x0C, 0x20, 0x5D, 0x0C, 0x20, 0x5D, 0x0C, 0x20, 0x5D, 0xFF, 0xFF, 0xFF, 
        0xFF, 0xFF, 0xFF, 0xFF, 0xFF, 0xFF, 0xFF, 0xFF, 0xFF, 0xFF, 0xFF, 0xFF, 0xFF, 0xFF, 0xFF, 0xFF, 0xFF, 0xFF, 0xFF, 0xFF, 0xFF, 0xFF, 0xFF, 0xFF, 0xFF, 0xFF, 0xFF, 0xFF, 0xFF, 0xFF, 0xFF, 0xFF, 0xFF, 0xFF, 0xFF, 0xFF, 0xFF, 0xFF, 0xFF, 
        0xFF, 0xFF, 0xFF, 0xFF, 0xFF, 0xFF, 0xFF, 0xFF, 0xFF, 0xFF, 0xFF, 0xFF, 0xFF, 0xFF, 0xFF, 0xFF, 0xFF, 0xFF, 0xFF, 0xFF, 0xFF, 0xFF, 0xFF, 0xFF, 0xFF, 0xFF, 0xFF, 0xFF, 0xFF, 0xFF, 0x0D, 0x22, 0x61, 0x0D, 0x23, 0x61, 0x0D, 0x23, 0x61, 
        0x0D, 0x23, 0x61, 0x0D, 0x23, 0x61, 0x0D, 0x23, 0x61, 0x0D, 0x23, 0x61, 0x0E, 0x23, 0x62, 0x0E, 0x23, 0x62, 0x0E, 0x24, 0x62, 0x0E, 0x24, 0x62, 0x0E, 0x24, 0x62, 0x0E, 0x24, 0x62, 0x0E, 0x24, 0x62, 0x0E, 0x24, 0x62, 0x0E, 0x24, 0x62, 
        0x0E, 0x24, 0x62, 0x0E, 0x24, 0x62, 0x0E, 0x24, 0x62, 0x0E, 0x24, 0x62, 0x0E, 0x24, 0x62, 0x0E, 0x24, 0x62, 0x0E, 0x24, 0x62, 0x0E, 0x24, 0x62, 0x0E, 0x24, 0x62, 0x0E, 0x24, 0x62, 0x0E, 0x24, 0x62, 0x0E, 0x23, 0x61, 0x0E, 0x23, 0x61, 
        0x0E, 0x23, 0x62, 0x0E, 0x23, 0x62, 0x0E, 0x23, 0x62, 0x0E, 0x24, 0x62, 0x0E, 0x23, 0x62, 0x0E, 0x24, 0x62, 0x0E, 0x24, 0x62, 0x0E, 0x24, 0x62, 0x0E, 0x24, 0x62, 0x0E, 0x23, 0x61, 0x0E, 0x23, 0x61, 0x0E, 0x23, 0x61, 0x0E, 0x23, 0x61, 
        0x0E, 0x24, 0x62, 0x0E, 0x24, 0x62, 0x0F, 0x25, 0x63, 0x0F, 0x26, 0x63, 0x0F, 0x26, 0x64, 0x10, 0x27, 0x64, 0x10, 0x27, 0x64, 0x10, 0x27, 0x64, 0x0F, 0x27, 0x64, 0x0F, 0x26, 0x64, 0x0F, 0x26, 0x63, 0x0F, 0x26, 0x63, 0x0F, 0x25, 0x63, 
        0x0F, 0x25, 0x62, 0x0F, 0x25, 0x62, 0x0F, 0x25, 0x62, 0x0F, 0x25, 0x63, 0x0F, 0x26, 0x63, 0x10, 0x27, 0x64, 0x10, 0x28, 0x65, 0x11, 0x29, 0x66, 0x11, 0x2B, 0x66, 0x12, 0x2C, 0x67, 0x12, 0x2C, 0x67, 0x13, 0x2C, 0x68, 0x13, 0x2C, 0x67, 
        0x12, 0x2C, 0x67, 0x11, 0x2B, 0x67, 0x12, 0x2C, 0x68,
  0x03, 0x21, 0x73, 0x0B, 0x1E, 0x5B, 0x0B, 0x1D, 0x58, 0x0B, 0x1D, 0x58, 0x0B, 0x1D, 0x58, 0x0B, 0x1D, 0x58, 0x0B, 0x1D, 0x58, 0x0B, 0x1D, 0x58, 0x0B, 0x1D, 0x58, 0x0B, 0x1D, 0x58, 0x0B, 0x1D, 0x58, 0x0B, 0x1D, 0x58, 0x0B, 0x1D, 0x58, 0x0C, 0x1D, 0x58, 
        0x0C, 0x1D, 0x59, 0x0C, 0x1D, 0x59, 0x0C, 0x1D, 0x59, 0x0C, 0x1E, 0x59, 0x0C, 0x1E, 0x59, 0x0C, 0x1E, 0x59, 0x0C, 0x1E, 0x59, 0x0C, 0x1E, 0x59, 0x0C, 0x1E, 0x59, 0x0C, 0x1E, 0x59, 0x0C, 0x1E, 0x59, 0x0C, 0x1E, 0x59, 0x0C, 0x1E, 0x5A, 
        0x0C, 0x1E, 0x5A, 0x0C, 0x1E, 0x5A, 0x0C, 0x1E, 0x5A, 0x0C, 0x1E, 0x5A, 0x0C, 0x1E, 0x5A, 0x0C, 0x1E, 0x5A, 0x0C, 0x1E, 0x5B, 0x0C, 0x1E, 0x5B, 0x0C, 0x1E, 0x5B, 0x0C, 0x1F, 0x5B, 0x0C, 0x1F, 0x5B, 0x0C, 0x1F, 0x5C, 0x0C, 0x1F, 0x5C, 
        0x0C, 0x1F, 0x5C, 0x0C, 0x1F, 0x5C, 0x0C, 0x1F, 0x5D, 0x0C, 0x1F, 0x5C, 0x0C, 0x1F, 0x5C, 0x0C, 0x1F, 0x5D, 0x0C, 0x1F, 0x5D, 0x0C, 0x20, 0x5E, 0x0C, 0x20, 0x5E, 0x0C, 0x20, 0x5E, 0x0C, 0x20, 0x5E, 0x0C, 0x20, 0x5E, 0x0C, 0x20, 0x5E, 
        0x0C, 0x20, 0x5E, 0x0C, 0x20, 0x5E, 0x0C, 0x20, 0x5E, 0x0C, 0x20, 0x5E, 0x0C, 0x20, 0x5E, 0x0C, 0x20, 0x5E, 0x0C, 0x20, 0x5F, 0x0C, 0x20, 0x5F, 0x0C, 0x20, 0x5F, 0x0C, 0x20, 0x5F, 0x0C, 0x20, 0x5F, 0x0C, 0x20, 0x5F, 0xFF, 0xFF, 0xFF, 
        0xCA, 0xCE, 0xDC, 0x8E, 0x97, 0xB5, 0x8E, 0x97, 0xB5, 0x8E, 0x97, 0xB5, 0x8E, 0x97, 0xB5, 0x8E, 0x97, 0xB5, 0x8E, 0x97, 0xB5, 0x8E, 0x97, 0xB5, 0x8E, 0x97, 0xB5, 0x8E, 0x97, 0xB5, 0x8E, 0x97, 0xB5, 0x8E, 0x98, 0xB5, 0x8E, 0x97, 0xB5, 
        0x8E, 0x97, 0xB5, 0x8E, 0x97, 0xB5, 0x8E, 0x97, 0xB5, 0x8E, 0x97, 0xB5, 0x8E, 0x97, 0xB5, 0x8E, 0x98, 0xB5, 0x8E, 0x98, 0xB5, 0x8E, 0x98, 0xB5, 0xC3, 0xC8, 0xD8, 0xFF, 0xFF, 0xFF, 0x0D, 0x23, 0x62, 0x0D, 0x23, 0x63, 0x0D, 0x23, 0x63, 
        0x0D, 0x23, 0x63, 0x0D, 0x24, 0x63, 0x0D, 0x24, 0x63, 0x0E, 0x24, 0x63, 0x0E, 0x24, 0x63, 0x0E, 0x24, 0x64, 0x0E, 0x24, 0x64, 0x0E, 0x24, 0x63, 0x0E, 0x24, 0x63, 0x0E, 0x24, 0x63, 0x0E, 0x24, 0x64, 0x0E, 0x25, 0x64, 0x0E, 0x25, 0x64, 
        0x0E, 0x25, 0x64, 0x0E, 0x25, 0x64, 0x0E, 0x25, 0x64, 0x0E, 0x25, 0x64, 0x0E, 0x25, 0x63, 0x0E, 0x25, 0x63, 0x0E, 0x25, 0x64, 0x0E, 0x25, 0x63, 0x0E, 0x25, 0x63, 0x0E, 0x25, 0x63, 0x0E, 0x25, 0x63, 0x0E, 0x24, 0x63, 0x0E, 0x24, 0x63, 
        0x0E, 0x25, 0x63, 0x0E, 0x25, 0x63, 0x0E, 0x25, 0x63, 0x0E, 0x25, 0x63, 0x0E, 0x25, 0x63, 0x0E, 0x25, 0x63, 0x0E, 0x25, 0x63, 0x0E, 0x25, 0x64, 0x0E, 0x25, 0x63, 0x0E, 0x24, 0x63, 0x0E, 0x24, 0x63, 0x0E, 0x24, 0x63, 0x0E, 0x24, 0x63, 
        0x0F, 0x25, 0x64, 0x0F, 0x26, 0x64, 0x0F, 0x27, 0x65, 0x0F, 0x27, 0x66, 0x10, 0x28, 0x66, 0x10, 0x29, 0x66, 0x10, 0x29, 0x67, 0x10, 0x29, 0x67, 0x10, 0x29, 0x66, 0x10, 0x28, 0x66, 0x10, 0x28, 0x66, 0x0F, 0x27, 0x65, 0x0F, 0x27, 0x65, 
        0x0F, 0x26, 0x64, 0x0F, 0x26, 0x64, 0x0F, 0x26, 0x64, 0x0F, 0x26, 0x64, 0x0F, 0x26, 0x65, 0x10, 0x28, 0x66, 0x10, 0x29, 0x66, 0x11, 0x2A, 0x67, 0x11, 0x2B, 0x68, 0x12, 0x2C, 0x69, 0x13, 0x2D, 0x69, 0x13, 0x2E, 0x6A, 0x13, 0x2E, 0x6A, 
        0x13, 0x2D, 0x69, 0x12, 0x2D, 0x69, 0x12, 0x2E, 0x6A,
  0x03, 0x20, 0x75, 0x0B, 0x1E, 0x5C, 0x0C, 0x1E, 0x5A, 0x0C, 0x1E, 0x5A, 0x0B, 0x1E, 0x5A, 0x0B, 0x1E, 0x5A, 0x0B, 0x1E, 0x5A, 0x0B, 0x1E, 0x5A, 0x0B, 0x1E, 0x5A, 0x0B, 0x1E, 0x5A, 0x0B, 0x1E, 0x5A, 0x0B, 0x1E, 0x5A, 0x0C, 0x1E, 0x5A, 0x0C, 0x1E, 0x5A, 
        0x0C, 0x1E, 0x5A, 0x0C, 0x1E, 0x5B, 0x0C, 0x1E, 0x5B, 0x0C, 0x1E, 0x5B, 0x0C, 0x1E, 0x5B, 0x0C, 0x1E, 0x5B, 0x0C, 0x1E, 0x5B, 0x0C, 0x1E, 0x5B, 0x0C, 0x1E, 0x5B, 0x0C, 0x1F, 0x5B, 0x0C, 0x1F, 0x5B, 0x0C, 0x1F, 0x5B, 0x0C, 0x1F, 0x5B, 
        0x0C, 0x1F, 0x5B, 0x0C, 0x1F, 0x5C, 0x0C, 0x1F, 0x5C, 0x0C, 0x1F, 0x5C, 0x0C, 0x1F, 0x5C, 0x0C, 0x1F, 0x5C, 0x0C, 0x1F, 0x5C, 0x0C, 0x1F, 0x5C, 0x0C, 0x1F, 0x5D, 0x0C, 0x1F, 0x5D, 0x0C, 0x1F, 0x5D, 0x0C, 0x20, 0x5D, 0x0C, 0x20, 0x5D, 
        0x0C, 0x20, 0x5E, 0x0C, 0x20, 0x5E, 0x0C, 0x20, 0x5E, 0x0C, 0x20, 0x5E, 0x0C, 0x20, 0x5E, 0x0C, 0x20, 0x5E, 0x0C, 0x20, 0x5F, 0x0C, 0x20, 0x5F, 0x0C, 0x20, 0x5F, 0x0C, 0x21, 0x5F, 0x0C, 0x21, 0x5F, 0x0C, 0x21, 0x5F, 0x0C, 0x21, 0x5F, 
        0x0C, 0x21, 0x5F, 0x0C, 0x21, 0x60, 0x0C, 0x21, 0x60, 0x0C, 0x21, 0x60, 0x0C, 0x21, 0x60, 0x0C, 0x21, 0x60, 0x0C, 0x21, 0x60, 0x0C, 0x21, 0x60, 0x0C, 0x21, 0x60, 0x0C, 0x21, 0x60, 0x0C, 0x21, 0x60, 0x0C, 0x21, 0x61, 0xFF, 0xFF, 0xFF, 
        0x8D, 0x96, 0xB5, 0x0C, 0x21, 0x61, 0x0C, 0x22, 0x62, 0x0C, 0x22, 0x62, 0x0C, 0x22, 0x62, 0x0C, 0x22, 0x62, 0x0C, 0x22, 0x61, 0x0C, 0x22, 0x61, 0x0C, 0x22, 0x61, 0x0C, 0x22, 0x62, 0x0C, 0x22, 0x62, 0x0D, 0x22, 0x62, 0x0D, 0x22, 0x62, 
        0x0D, 0x22, 0x62, 0x0D, 0x22, 0x62, 0x0D, 0x22, 0x62, 0x0D, 0x22, 0x62, 0x0D, 0x22, 0x62, 0x0D, 0x22, 0x61, 0x0D, 0x22, 0x62, 0x0D, 0x22, 0x62, 0x7F, 0x8A, 0xAC, 0xFF, 0xFF, 0xFF, 0x0D, 0x24, 0x64, 0x0D, 0x24, 0x64, 0x0D, 0x24, 0x64, 
        0x0D, 0x24, 0x64, 0x0D, 0x24, 0x64, 0x0E, 0x25, 0x65, 0x0E, 0x25, 0x65, 0x0E, 0x25, 0x65, 0x0E, 0x25, 0x65, 0x0E, 0x25, 0x65, 0x0E, 0x25, 0x65, 0x0E, 0x25, 0x65, 0x0E, 0x25, 0x65, 0x0E, 0x25, 0x65, 0x0E, 0x25, 0x65, 0x0E, 0x25, 0x65, 
        0x0E, 0x25, 0x65, 0x0E, 0x25, 0x65, 0x0E, 0x25, 0x65, 0x0E, 0x25, 0x65, 0x0E, 0x25, 0x65, 0x0E, 0x25, 0x65, 0x0E, 0x25, 0x65, 0x0E, 0x25, 0x65, 0x0E, 0x25, 0x65, 0x0E, 0x25, 0x65, 0x0E, 0x25, 0x65, 0x0E, 0x25, 0x65, 0x0E, 0x25, 0x65, 
        0x0E, 0x25, 0x65, 0x0E, 0x25, 0x65, 0x0E, 0x25, 0x65, 0x0E, 0x25, 0x65, 0x0E, 0x25, 0x65, 0x0E, 0x25, 0x65, 0x0E, 0x26, 0x65, 0x0E, 0x26, 0x65, 0x0E, 0x26, 0x65, 0x0E, 0x25, 0x65, 0x0E, 0x25, 0x64, 0x0E, 0x25, 0x65, 0x0E, 0x26, 0x65, 
        0x0F, 0x26, 0x66, 0x0F, 0x27, 0x66, 0x0F, 0x28, 0x67, 0x10, 0x29, 0x68, 0x10, 0x2B, 0x69, 0x11, 0x2B, 0x69, 0x11, 0x2B, 0x69, 0x11, 0x2B, 0x69, 0x10, 0x2B, 0x69, 0x10, 0x2A, 0x68, 0x10, 0x29, 0x68, 0x10, 0x28, 0x67, 0x0F, 0x28, 0x67, 
        0x0F, 0x27, 0x66, 0x0F, 0x27, 0x66, 0x0F, 0x27, 0x66, 0x0F, 0x27, 0x66, 0x0F, 0x27, 0x66, 0x10, 0x29, 0x67, 0x10, 0x29, 0x68, 0x11, 0x2B, 0x69, 0x11, 0x2C, 0x6A, 0x12, 0x2D, 0x6A, 0x13, 0x2E, 0x6B, 0x14, 0x2F, 0x6B, 0x14, 0x2F, 0x6B, 
        0x13, 0x2E, 0x6B, 0x13, 0x2E, 0x6A, 0x12, 0x2F, 0x6C,
  0x03, 0x21, 0x76, 0x0B, 0x1F, 0x5E, 0x0C, 0x1F, 0x5C, 0x0C, 0x1F, 0x5C, 0x0C, 0x1F, 0x5C, 0x0B, 0x1F, 0x5B, 0x0C, 0x1F, 0x5B, 0x0B, 0x1F, 0x5B, 0x0B, 0x1F, 0x5B, 0x0B, 0x1F, 0x5B, 0x0B, 0x1F, 0x5C, 0x0B, 0x1F, 0x5C, 0x0C, 0x1F, 0x5C, 0x0C, 0x1F, 0x5C, 
        0x0C, 0x1F, 0x5C, 0x0C, 0x1F, 0x5C, 0x0C, 0x1F, 0x5C, 0x0C, 0x1F, 0x5C, 0x0C, 0x1F, 0x5C, 0x0C, 0x1F, 0x5C, 0x0C, 0x1F, 0x5C, 0x0C, 0x1F, 0x5C, 0x0C, 0x1F, 0x5C, 0x0C, 0x1F, 0x5D, 0x0C, 0x1F, 0x5D, 0x0C, 0x1F, 0x5D, 0x0C, 0x1F, 0x5D, 
        0x0C, 0x1F, 0x5D, 0x0C, 0x20, 0x5D, 0x0C, 0x20, 0x5D, 0x0C, 0x20, 0x5D, 0x0C, 0x20, 0x5D, 0x0C, 0x20, 0x5E, 0x0C, 0x20, 0x5E, 0x0C, 0x20, 0x5E, 0x0C, 0x20, 0x5E, 0x0C, 0x20, 0x5E, 0x0C, 0x20, 0x5E, 0x0C, 0x20, 0x5E, 0x0C, 0x20, 0x5F, 
        0x0C, 0x20, 0x5F, 0x0C, 0x20, 0x5F, 0x0C, 0x21, 0x5F, 0x0C, 0x21, 0x5F, 0x0C, 0x21, 0x60, 0x0C, 0x21, 0x60, 0x0C, 0x21, 0x60, 0x0C, 0x21, 0x61, 0x0C, 0x21, 0x61, 0x0C, 0x21, 0x61, 0x0C, 0x21, 0x61, 0x0C, 0x21, 0x61, 0x0C, 0x22, 0x61, 
        0x0C, 0x22, 0x61, 0x0C, 0x22, 0x61, 0x0C, 0x22, 0x62, 0x0C, 0x22, 0x62, 0x0C, 0x22, 0x62, 0x0C, 0x22, 0x62, 0x0C, 0x22, 0x62, 0x0C, 0x22, 0x62, 0x0C, 0x22, 0x62, 0x0C, 0x22, 0x62, 0x0C, 0x22, 0x62, 0x0C, 0x22, 0x63, 0xFF, 0xFF, 0xFF, 
        0x8D, 0x97, 0xB6, 0x0C, 0x23, 0x63, 0x0C, 0x23, 0x63, 0x0C, 0x23, 0x64, 0x0D, 0x23, 0x64, 0x0C, 0x23, 0x63, 0x0C, 0x23, 0x63, 0x0C, 0x23, 0x63, 0x0C, 0x23, 0x63, 0x0C, 0x23, 0x63, 0x0C, 0x23, 0x63, 0x0D, 0x23, 0x63, 0x0D, 0x23, 0x63, 
        0x0D, 0x23, 0x63, 0x0D, 0x23, 0x63, 0x0D, 0x23, 0x63, 0x0D, 0x23, 0x63, 0x0D, 0x23, 0x63, 0x0D, 0x23, 0x63, 0x0D, 0x23, 0x63, 0x0D, 0x23, 0x64, 0x7F, 0x8B, 0xAD, 0xFF, 0xFF, 0xFF, 0x0D, 0x25, 0x65, 0x0D, 0x25, 0x65, 0x0D, 0x25, 0x66, 
        0x0D, 0x25, 0x66, 0x0D, 0x25, 0x66, 0x0E, 0x25, 0x66, 0x0E, 0x26, 0x66, 0x0E, 0x26, 0x66, 0x0E, 0x26, 0x66, 0x0E, 0x26, 0x66, 0x0E, 0x25, 0x66, 0x0E, 0x26, 0x66, 0x0E, 0x26, 0x66, 0x0E, 0x26, 0x66, 0x0E, 0x26, 0x67, 0x0E, 0x26, 0x67, 
        0x0E, 0x26, 0x67, 0x0E, 0x26, 0x67, 0x0E, 0x26, 0x67, 0x0E, 0x26, 0x67, 0x0E, 0x26, 0x66, 0x0E, 0x26, 0x66, 0x0E, 0x26, 0x66, 0x0E, 0x26, 0x66, 0x0E, 0x26, 0x67, 0x0E, 0x26, 0x67, 0x0E, 0x26, 0x67, 0x0E, 0x26, 0x66, 0x0E, 0x26, 0x66, 
        0x0E, 0x26, 0x66, 0x0E, 0x26, 0x66, 0x0E, 0x26, 0x66, 0x0E, 0x26, 0x66, 0x0E, 0x26, 0x66, 0x0E, 0x26, 0x66, 0x0E, 0x26, 0x66, 0x0E, 0x26, 0x67, 0x0E, 0x26, 0x67, 0x0E, 0x26, 0x66, 0x0E, 0x26, 0x66, 0x0E, 0x26, 0x67, 0x0F, 0x27, 0x67, 
        0x0F, 0x27, 0x67, 0x0F, 0x28, 0x68, 0x0F, 0x29, 0x69, 0x10, 0x2A, 0x69, 0x10, 0x2C, 0x6A, 0x10, 0x2C, 0x6A, 0x11, 0x2C, 0x6A, 0x11, 0x2C, 0x6A, 0x11, 0x2B, 0x6A, 0x10, 0x2B, 0x6A, 0x10, 0x2A, 0x6A, 0x10, 0x2A, 0x69, 0x10, 0x29, 0x69, 
        0x0F, 0x28, 0x68, 0x0F, 0x28, 0x68, 0x0F, 0x28, 0x67, 0x0F, 0x28, 0x67, 0x0F, 0x28, 0x68, 0x10, 0x29, 0x68, 0x10, 0x2A, 0x69, 0x11, 0x2B, 0x6A, 0x11, 0x2D, 0x6B, 0x12, 0x2E, 0x6C, 0x13, 0x2E, 0x6C, 0x13, 0x2F, 0x6D, 0x13, 0x2F, 0x6D, 
        0x13, 0x2F, 0x6C, 0x13, 0x2E, 0x6C, 0x12, 0x30, 0x6D,
  0x04, 0x21, 0x78, 0x0B, 0x20, 0x60, 0x0C, 0x20, 0x5E, 0x0C, 0x20, 0x5D, 0x0C, 0x20, 0x5D, 0x0C, 0x20, 0x5D, 0x0B, 0x20, 0x5D, 0x0C, 0x20, 0x5D, 0x0B, 0x20, 0x5D, 0x0B, 0x20, 0x5D, 0x0B, 0x20, 0x5D, 0x0C, 0x20, 0x5D, 0x0C, 0x20, 0x5D, 0x0C, 0x20, 0x5D, 
        0x0C, 0x20, 0x5D, 0x0C, 0x20, 0x5E, 0x0C, 0x20, 0x5E, 0x0C, 0x20, 0x5E, 0x0C, 0x20, 0x5E, 0x0C, 0x20, 0x5E, 0x0C, 0x20, 0x5E, 0x0C, 0x20, 0x5E, 0x0C, 0x20, 0x5E, 0x0C, 0x20, 0x5E, 0x0C, 0x20, 0x5E, 0x0C, 0x20, 0x5E, 0x0C, 0x20, 0x5F, 
        0x0C, 0x20, 0x5F, 0x0C, 0x20, 0x5F, 0x0C, 0x20, 0x5F, 0x0C, 0x20, 0x5F, 0x0C, 0x20, 0x5F, 0x0C, 0x21, 0x60, 0x0C, 0x21, 0x60, 0x0C, 0x21, 0x60, 0x0C, 0x21, 0x60, 0x0C, 0x21, 0x60, 0x0C, 0x21, 0x60, 0x0C, 0x21, 0x60, 0x0C, 0x21, 0x60, 
        0x0C, 0x21, 0x61, 0x0C, 0x21, 0x61, 0x0C, 0x21, 0x61, 0x0C, 0x21, 0x61, 0x0C, 0x22, 0x61, 0x0C, 0x22, 0x62, 0x0C, 0x22, 0x62, 0x0C, 0x22, 0x62, 0x0C, 0x22, 0x62, 0x0C, 0x22, 0x62, 0x0C, 0x22, 0x63, 0x0C, 0x22, 0x63, 0x0C, 0x22, 0x63, 
        0x0C, 0x22, 0x63, 0x0C, 0x23, 0x63, 0x0C, 0x23, 0x63, 0x0C, 0x23, 0x63, 0x0C, 0x23, 0x63, 0x0C, 0x23, 0x63, 0x0C, 0x23, 0x63, 0x0C, 0x23, 0x63, 0x0C, 0x23, 0x63, 0x0C, 0x23, 0x64, 0x0C, 0x23, 0x64, 0x0C, 0x23, 0x65, 0xFF, 0xFF, 0xFF, 
        0x8D, 0x97, 0xB7, 0x0D, 0x24, 0x65, 0x0D, 0x24, 0x65, 0x0D, 0x24, 0x65, 0x0D, 0x24, 0x65, 0x0C, 0x24, 0x65, 0x0C, 0x24, 0x65, 0x0C, 0x23, 0x65, 0x0C, 0x23, 0x65, 0x0C, 0x24, 0x65, 0x0D, 0x24, 0x65, 0x0D, 0x24, 0x65, 0x0D, 0x24, 0x65, 
        0x0D, 0x24, 0x65, 0x0D, 0x24, 0x65, 0x0D, 0x23, 0x65, 0x0D, 0x24, 0x65, 0x0D, 0x24, 0x65, 0x0D, 0x23, 0x65, 0x0D, 0x23, 0x65, 0x0D, 0x24, 0x66, 0x7F, 0x8B, 0xAE, 0xFF, 0xFF, 0xFF, 0x0D, 0x26, 0x67, 0x0D, 0x25, 0x67, 0x0D, 0x26, 0x67, 
        0x0D, 0x26, 0x67, 0x0E, 0x26, 0x68, 0x0E, 0x26, 0x68, 0x0E, 0x26, 0x68, 0x0E, 0x26, 0x68, 0x0E, 0x26, 0x68, 0x0E, 0x26, 0x68, 0x0E, 0x26, 0x68, 0x0E, 0x26, 0x68, 0x0E, 0x26, 0x68, 0x0E, 0x27, 0x68, 0x0E, 0x27, 0x68, 0x0E, 0x27, 0x68, 
        0x0E, 0x27, 0x68, 0x0E, 0x27, 0x69, 0x0E, 0x27, 0x68, 0x0E, 0x27, 0x68, 0x0E, 0x27, 0x68, 0x0E, 0x27, 0x68, 0x0E, 0x27, 0x68, 0x0E, 0x27, 0x68, 0x0E, 0x27, 0x68, 0x0E, 0x27, 0x68, 0x0E, 0x27, 0x68, 0x0E, 0x27, 0x68, 0x0E, 0x27, 0x68, 
        0x0E, 0x27, 0x68, 0x0E, 0x27, 0x68, 0x0E, 0x27, 0x68, 0x0E, 0x27, 0x68, 0x0E, 0x27, 0x68, 0x0E, 0x27, 0x68, 0x0E, 0x27, 0x68, 0x0E, 0x27, 0x68, 0x0E, 0x27, 0x68, 0x0E, 0x27, 0x68, 0x0E, 0x27, 0x68, 0x0F, 0x27, 0x68, 0x0F, 0x27, 0x69, 
        0x0F, 0x28, 0x69, 0x0F, 0x29, 0x69, 0x0F, 0x2A, 0x6A, 0x10, 0x2B, 0x6B, 0x10, 0x2B, 0x6B, 0x10, 0x2C, 0x6C, 0x11, 0x2D, 0x6C, 0x11, 0x2D, 0x6C, 0x11, 0x2D, 0x6C, 0x10, 0x2C, 0x6C, 0x10, 0x2B, 0x6B, 0x10, 0x2B, 0x6B, 0x10, 0x2A, 0x6A, 
        0x0F, 0x29, 0x6A, 0x0F, 0x28, 0x69, 0x0F, 0x28, 0x69, 0x0F, 0x28, 0x69, 0x0F, 0x29, 0x69, 0x10, 0x29, 0x6A, 0x10, 0x2A, 0x6A, 0x10, 0x2B, 0x6B, 0x11, 0x2D, 0x6C, 0x11, 0x2E, 0x6D, 0x12, 0x2F, 0x6D, 0x13, 0x2F, 0x6E, 0x13, 0x2F, 0x6E, 
        0x13, 0x2F, 0x6E, 0x12, 0x2E, 0x6D, 0x12, 0x30, 0x6F,
  0x04, 0x23, 0x79, 0x0B, 0x20, 0x62, 0x0C, 0x20, 0x60, 0x0C, 0x20, 0x5F, 0x0C, 0x20, 0x5F, 0x0C, 0x20, 0x5F, 0x0C, 0x20, 0x5F, 0x0B, 0x20, 0x5F, 0x0B, 0x20, 0x5F, 0x0B, 0x20, 0x5F, 0x0B, 0x20, 0x5F, 0x0C, 0x20, 0x5F, 0x0C, 0x20, 0x5F, 0x0C, 0x20, 0x5F, 
        0x0C, 0x20, 0x5F, 0x0C, 0x20, 0x5F, 0x0C, 0x20, 0x5F, 0x0C, 0x20, 0x5F, 0x0C, 0x20, 0x5F, 0x0C, 0x20, 0x5F, 0x0C, 0x20, 0x5F, 0x0C, 0x20, 0x5F, 0x0C, 0x20, 0x5F, 0x0C, 0x20, 0x60, 0x0C, 0x20, 0x60, 0x0C, 0x20, 0x60, 0x0C, 0x20, 0x60, 
        0x0C, 0x20, 0x60, 0x0C, 0x20, 0x60, 0x0C, 0x20, 0x60, 0x0C, 0x20, 0x60, 0x0C, 0x20, 0x61, 0x0C, 0x21, 0x61, 0x0C, 0x21, 0x61, 0x0C, 0x21, 0x61, 0x0C, 0x21, 0x61, 0x0C, 0x21, 0x61, 0x0C, 0x21, 0x61, 0x0C, 0x21, 0x62, 0x0C, 0x21, 0x62, 
        0x0C, 0x21, 0x62, 0x0C, 0x21, 0x62, 0x0C, 0x21, 0x63, 0x0C, 0x22, 0x63, 0x0C, 0x22, 0x63, 0x0C, 0x21, 0x63, 0x0C, 0x22, 0x63, 0x0C, 0x22, 0x64, 0x0C, 0x22, 0x64, 0x0C, 0x22, 0x64, 0x0C, 0x22, 0x64, 0x0C, 0x22, 0x65, 0x0C, 0x23, 0x65, 
        0x0C, 0x22, 0x65, 0x0C, 0x22, 0x65, 0x0C, 0x23, 0x65, 0x0C, 0x23, 0x65, 0x0C, 0x23, 0x65, 0x0C, 0x23, 0x65, 0x0C, 0x23, 0x65, 0x0C, 0x23, 0x65, 0x0C, 0x23, 0x65, 0x0C, 0x23, 0x66, 0x0C, 0x24, 0x66, 0x0C, 0x24, 0x67, 0xFF, 0xFF, 0xFF, 
        0x8D, 0x98, 0xB7, 0x0D, 0x24, 0x67, 0x0D, 0x24, 0x67, 0x0D, 0x24, 0x67, 0x0D, 0x24, 0x67, 0x0D, 0x24, 0x67, 0x0D, 0x24, 0x66, 0x0D, 0x24, 0x67, 0x0D, 0x24, 0x67, 0x0D, 0x24, 0x67, 0x0D, 0x24, 0x67, 0x0D, 0x24, 0x67, 0x0D, 0x24, 0x67, 
        0x0D, 0x24, 0x67, 0x0D, 0x24, 0x67, 0x0D, 0x23, 0x67, 0x0D, 0x23, 0x67, 0x0D, 0x24, 0x66, 0x0D, 0x24, 0x66, 0x0D, 0x24, 0x67, 0x0D, 0x24, 0x67, 0x7F, 0x8B, 0xAF, 0xFF, 0xFF, 0xFF, 0x0D, 0x25, 0x68, 0x0D, 0x25, 0x68, 0x0D, 0x26, 0x69, 
        0x0E, 0x26, 0x69, 0x0E, 0x26, 0x69, 0x0E, 0x26, 0x69, 0x0E, 0x26, 0x69, 0x0E, 0x26, 0x69, 0x0E, 0x26, 0x69, 0x0E, 0x26, 0x69, 0x0E, 0x26, 0x69, 0x0E, 0x26, 0x69, 0x0E, 0x27, 0x6A, 0x0E, 0x27, 0x6A, 0x0E, 0x27, 0x6A, 0x0E, 0x27, 0x6A, 
        0x0E, 0x27, 0x6A, 0x0E, 0x27, 0x6A, 0x0E, 0x27, 0x6A, 0x0E, 0x27, 0x6A, 0x0E, 0x27, 0x6A, 0x0E, 0x27, 0x6A, 0x0E, 0x27, 0x6A, 0x0E, 0x27, 0x6A, 0x0E, 0x27, 0x6A, 0x0E, 0x27, 0x6A, 0x0E, 0x27, 0x6A, 0x0E, 0x27, 0x69, 0x0E, 0x27, 0x69, 
        0x0E, 0x26, 0x69, 0x0E, 0x26, 0x69, 0x0E, 0x27, 0x69, 0x0E, 0x27, 0x6A, 0x0E, 0x27, 0x69, 0x0E, 0x27, 0x69, 0x0E, 0x27, 0x69, 0x0E, 0x27, 0x6A, 0x0E, 0x27, 0x6A, 0x0F, 0x27, 0x6A, 0x0F, 0x27, 0x6A, 0x0F, 0x28, 0x6A, 0x0F, 0x28, 0x6A, 
        0x0F, 0x28, 0x6B, 0x0F, 0x29, 0x6B, 0x0F, 0x2A, 0x6C, 0x10, 0x2B, 0x6C, 0x10, 0x2C, 0x6D, 0x10, 0x2C, 0x6D, 0x11, 0x2D, 0x6E, 0x11, 0x2D, 0x6E, 0x11, 0x2D, 0x6E, 0x11, 0x2C, 0x6E, 0x10, 0x2B, 0x6D, 0x10, 0x2A, 0x6C, 0x10, 0x2A, 0x6C, 
        0x0F, 0x29, 0x6B, 0x0F, 0x28, 0x6B, 0x0F, 0x28, 0x6A, 0x0F, 0x28, 0x6A, 0x0F, 0x28, 0x6A, 0x0F, 0x29, 0x6B, 0x10, 0x29, 0x6C, 0x10, 0x2A, 0x6C, 0x10, 0x2C, 0x6D, 0x11, 0x2D, 0x6E, 0x11, 0x2E, 0x6E, 0x12, 0x2E, 0x6F, 0x12, 0x2F, 0x6F, 
        0x12, 0x2E, 0x6E, 0x12, 0x2E, 0x6E, 0x12, 0x2F, 0x6F,
  0x04, 0x23, 0x79, 0x0B, 0x21, 0x63, 0x0C, 0x21, 0x61, 0x0C, 0x21, 0x61, 0x0C, 0x21, 0x61, 0x0C, 0x21, 0x61, 0x0C, 0x20, 0x61, 0x0B, 0x20, 0x60, 0x0B, 0x20, 0x60, 0x0B, 0x20, 0x60, 0x0C, 0x20, 0x60, 0x0C, 0x20, 0x60, 0x0C, 0x20, 0x61, 0x0C, 0x20, 0x60, 
        0x0C, 0x21, 0x60, 0x0C, 0x21, 0x61, 0x0C, 0x21, 0x61, 0x0C, 0x21, 0x61, 0x0C, 0x21, 0x61, 0x0C, 0x21, 0x61, 0x0C, 0x21, 0x61, 0x0C, 0x21, 0x61, 0x0C, 0x21, 0x61, 0x0C, 0x21, 0x61, 0x0C, 0x21, 0x61, 0x0C, 0x21, 0x61, 0x0C, 0x21, 0x62, 
        0x0C, 0x21, 0x62, 0x0C, 0x21, 0x62, 0x0C, 0x21, 0x62, 0x0C, 0x21, 0x62, 0x0C, 0x21, 0x62, 0x0C, 0x21, 0x62, 0x0C, 0x21, 0x62, 0x0C, 0x21, 0x63, 0x0C, 0x21, 0x63, 0x0C, 0x22, 0x63, 0x0C, 0x22, 0x63, 0x0C, 0x22, 0x64, 0x0C, 0x22, 0x64, 
        0x0C, 0x22, 0x64, 0x0C, 0x22, 0x64, 0x0C, 0x22, 0x64, 0x0C, 0x22, 0x64, 0x0C, 0x22, 0x64, 0x0C, 0x22, 0x65, 0x0C, 0x22, 0x65, 0x0C, 0x23, 0x65, 0x0C, 0x23, 0x66, 0x0C, 0x23, 0x66, 0x0C, 0x23, 0x66, 0x0C, 0x23, 0x66, 0x0C, 0x23, 0x66, 
        0x0C, 0x23, 0x66, 0x0C, 0x23, 0x66, 0x0C, 0x23, 0x66, 0x0C, 0x24, 0x67, 0x0C, 0x24, 0x67, 0x0C, 0x24, 0x67, 0x0C, 0x24, 0x67, 0x0C, 0x24, 0x67, 0x0C, 0x24, 0x67, 0x0C, 0x24, 0x67, 0x0C, 0x24, 0x68, 0x0D, 0x24, 0x68, 0xFF, 0xFF, 0xFF, 
        0x8D, 0x99, 0xB8, 0x0D, 0x25, 0x69, 0x0D, 0x25, 0x69, 0x0D, 0x25, 0x68, 0x0D, 0x25, 0x68, 0x0D, 0x24, 0x68, 0x0D, 0x25, 0x68, 0x0D, 0x25, 0x68, 0x0D, 0x25, 0x68, 0x0D, 0x25, 0x68, 0x0D, 0x25, 0x68, 0x0D, 0x25, 0x68, 0x7F, 0x8C, 0xAF, 
        0xFF, 0xFF, 0xFF, 0x0D, 0x24, 0x68, 0x0D, 0x24, 0x68, 0x0D, 0x24, 0x68, 0x0D, 0x24, 0x68, 0x0D, 0x25, 0x68, 0x0D, 0x25, 0x69, 0x0D, 0x25, 0x69, 0x7F, 0x8C, 0xB0, 0xFF, 0xFF, 0xFF, 0x0D, 0x26, 0x6A, 0x0D, 0x26, 0x6A, 0x0D, 0x26, 0x6A, 
        0x0E, 0x27, 0x6B, 0x0E, 0x27, 0x6B, 0x0E, 0x27, 0x6B, 0x0D, 0x27, 0x6B, 0x0E, 0x27, 0x6B, 0x0E, 0x27, 0x6A, 0x0E, 0x27, 0x6A, 0x0E, 0x27, 0x6A, 0x0E, 0x27, 0x6B, 0x0E, 0x28, 0x6B, 0x0E, 0x28, 0x6C, 0x0E, 0x28, 0x6C, 0x0E, 0x28, 0x6C, 
        0x0E, 0x28, 0x6C, 0x0E, 0x28, 0x6C, 0x0E, 0x28, 0x6C, 0x0E, 0x28, 0x6C, 0x0E, 0x28, 0x6B, 0x0E, 0x28, 0x6B, 0x0E, 0x28, 0x6B, 0x0E, 0x28, 0x6B, 0x0E, 0x27, 0x6B, 0x0E, 0x28, 0x6B, 0x0E, 0x28, 0x6B, 0x0E, 0x28, 0x6B, 0x0E, 0x27, 0x6B, 
        0x0E, 0x27, 0x6B, 0x0E, 0x27, 0x6B, 0x0E, 0x28, 0x6B, 0x0E, 0x28, 0x6B, 0x0E, 0x28, 0x6B, 0x0E, 0x27, 0x6B, 0x0E, 0x27, 0x6B, 0x0E, 0x28, 0x6B, 0x0E, 0x28, 0x6C, 0x0E, 0x28, 0x6C, 0x0F, 0x28, 0x6C, 0x0F, 0x28, 0x6C, 0x0F, 0x29, 0x6C, 
        0x0F, 0x29, 0x6C, 0x0F, 0x2A, 0x6D, 0x10, 0x2B, 0x6E, 0x10, 0x2C, 0x6E, 0x10, 0x2D, 0x6F, 0x10, 0x2D, 0x6F, 0x10, 0x2D, 0x6F, 0x10, 0x2D, 0x6F, 0x10, 0x2D, 0x6F, 0x10, 0x2D, 0x6F, 0x10, 0x2C, 0x6E, 0x10, 0x2B, 0x6E, 0x10, 0x2A, 0x6D, 
        0x0F, 0x2A, 0x6D, 0x0F, 0x29, 0x6C, 0x0F, 0x29, 0x6C, 0x0F, 0x28, 0x6C, 0x0F, 0x29, 0x6C, 0x0F, 0x29, 0x6C, 0x10, 0x2A, 0x6D, 0x10, 0x2A, 0x6D, 0x10, 0x2B, 0x6E, 0x11, 0x2C, 0x6F, 0x11, 0x2D, 0x6F, 0x11, 0x2E, 0x70, 0x11, 0x2E, 0x70, 
        0x11, 0x2E, 0x6F, 0x11, 0x2E, 0x6F, 0x11, 0x2F, 0x71,
  0x04, 0x24, 0x7B, 0x0B, 0x22, 0x65, 0x0C, 0x22, 0x64, 0x0C, 0x22, 0x63, 0x0C, 0x21, 0x63, 0x0C, 0x21, 0x63, 0x0C, 0x21, 0x63, 0x0C, 0x21, 0x63, 0x0B, 0x21, 0x63, 0x0B, 0x21, 0x63, 0x0C, 0x21, 0x63, 0x0C, 0x21, 0x63, 0x0C, 0x21, 0x63, 0x0C, 0x21, 0x63, 
        0x0C, 0x21, 0x63, 0x0C, 0x21, 0x63, 0x0C, 0x21, 0x63, 0x0C, 0x21, 0x63, 0x0C, 0x21, 0x63, 0x0C, 0x22, 0x63, 0x0C, 0x22, 0x64, 0x0C, 0x22, 0x64, 0x0C, 0x22, 0x64, 0x0C, 0x22, 0x64, 0x0C, 0x22, 0x64, 0x0C, 0x22, 0x64, 0x0C, 0x22, 0x64, 
        0x0C, 0x22, 0x64, 0x0C, 0x22, 0x64, 0x0C, 0x22, 0x64, 0x0C, 0x22, 0x65, 0x0C, 0x22, 0x65, 0x0C, 0x22, 0x64, 0x0C, 0x22, 0x65, 0x0C, 0x22, 0x65, 0x0C, 0x22, 0x65, 0x0C, 0x22, 0x65, 0x0C, 0x23, 0x65, 0x0C, 0x23, 0x66, 0x0C, 0x23, 0x66, 
        0x0C, 0x23, 0x66, 0x0C, 0x23, 0x66, 0x0C, 0x23, 0x67, 0x0C, 0x23, 0x67, 0x0C, 0x23, 0x67, 0x0C, 0x23, 0x67, 0x0C, 0x23, 0x67, 0x0C, 0x24, 0x68, 0x0C, 0x24, 0x68, 0x0C, 0x24, 0x68, 0x0C, 0x24, 0x68, 0x0C, 0x24, 0x69, 0x0C, 0x25, 0x69, 
        0x0C, 0x25, 0x69, 0x0C, 0x25, 0x69, 0x0C, 0x24, 0x69, 0x0C, 0x24, 0x69, 0x0C, 0x24, 0x69, 0x0C, 0x24, 0x69, 0x0C, 0x24, 0x69, 0x0C, 0x24, 0x69, 0x0C, 0x24, 0x69, 0x0C, 0x25, 0x6A, 0x0D, 0x25, 0x6A, 0x0D, 0x25, 0x6A, 0xFF, 0xFF, 0xFF, 
        0x8D, 0x99, 0xB9, 0x0D, 0x26, 0x6B, 0x0D, 0x26, 0x6B, 0x0D, 0x26, 0x6B, 0x0D, 0x26, 0x6B, 0x0D, 0x25, 0x6B, 0x0D, 0x25, 0x6B, 0x0D, 0x25, 0x6B, 0x0D, 0x25, 0x6B, 0x0D, 0x25, 0x6B, 0x0D, 0x25, 0x6B, 0x0D, 0x25, 0x6A, 0x7F, 0x8B, 0xB0, 
        0xFF, 0xFF, 0xFF, 0x0D, 0x25, 0x6A, 0x0D, 0x25, 0x6A, 0x0D, 0x25, 0x6A, 0x7E, 0x8B, 0xAF, 0x49, 0x5B, 0x8F, 0x0D, 0x26, 0x6B, 0x0D, 0x26, 0x6B, 0x7F, 0x8C, 0xB1, 0xFF, 0xFF, 0xFF, 0x0D, 0x27, 0x6C, 0x0D, 0x27, 0x6D, 0x0E, 0x27, 0x6D, 
        0x0E, 0x27, 0x6D, 0x0E, 0x27, 0x6D, 0x0E, 0x27, 0x6D, 0x0E, 0x27, 0x6D, 0x0D, 0x27, 0x6D, 0x0E, 0x27, 0x6D, 0x0E, 0x28, 0x6D, 0x0E, 0x28, 0x6D, 0x0E, 0x29, 0x6E, 0x0E, 0x29, 0x6E, 0x0E, 0x29, 0x6E, 0x0E, 0x29, 0x6E, 0x0E, 0x29, 0x6E, 
        0x0E, 0x29, 0x6E, 0x0E, 0x29, 0x6E, 0x0E, 0x29, 0x6E, 0x0E, 0x29, 0x6E, 0x0E, 0x28, 0x6E, 0x0E, 0x28, 0x6E, 0x0E, 0x28, 0x6E, 0x0E, 0x28, 0x6E, 0x0E, 0x28, 0x6D, 0x0E, 0x28, 0x6D, 0x0E, 0x28, 0x6E, 0x0E, 0x28, 0x6E, 0x0E, 0x28, 0x6E, 
        0x0E, 0x28, 0x6E, 0x0E, 0x28, 0x6E, 0x0E, 0x28, 0x6E, 0x0E, 0x28, 0x6D, 0x0E, 0x28, 0x6D, 0x0E, 0x28, 0x6D, 0x0E, 0x29, 0x6D, 0x0E, 0x29, 0x6E, 0x0E, 0x29, 0x6E, 0x0E, 0x29, 0x6E, 0x0F, 0x29, 0x6E, 0x0F, 0x29, 0x6E, 0x0F, 0x2A, 0x6E, 
        0x0F, 0x29, 0x6E, 0x0F, 0x2B, 0x6F, 0x10, 0x2C, 0x70, 0x10, 0x2C, 0x70, 0x10, 0x2D, 0x71, 0x10, 0x2D, 0x71, 0x10, 0x2D, 0x71, 0x10, 0x2D, 0x71, 0x10, 0x2D, 0x71, 0x10, 0x2D, 0x71, 0x10, 0x2C, 0x70, 0x10, 0x2B, 0x70, 0x10, 0x2B, 0x70, 
        0x0F, 0x2A, 0x6F, 0x0F, 0x29, 0x6E, 0x0F, 0x29, 0x6E, 0x0F, 0x29, 0x6E, 0x0F, 0x29, 0x6E, 0x0F, 0x2A, 0x6E, 0x0F, 0x2A, 0x6F, 0x0F, 0x2A, 0x6F, 0x10, 0x2C, 0x70, 0x11, 0x2E, 0x71, 0x11, 0x2E, 0x71, 0x11, 0x2E, 0x71, 0x11, 0x2D, 0x71, 
        0x11, 0x2D, 0x71, 0x11, 0x2D, 0x71, 0x11, 0x2F, 0x72,
  0x04, 0x24, 0x7A, 0x0B, 0x23, 0x67, 0x0C, 0x22, 0x65, 0x0C, 0x22, 0x65, 0x0C, 0x22, 0x65, 0x0C, 0x22, 0x64, 0x0C, 0x22, 0x64, 0x0C, 0x22, 0x64, 0x0B, 0x22, 0x64, 0x0B, 0x22, 0x64, 0x0B, 0x22, 0x64, 0x0C, 0x22, 0x65, 0x0C, 0x22, 0x65, 0x0C, 0x22, 0x65, 
        0x0C, 0x22, 0x65, 0x0C, 0x22, 0x65, 0x0C, 0x22, 0x65, 0x0C, 0x22, 0x65, 0x0C, 0x22, 0x65, 0x0C, 0x22, 0x65, 0x0C, 0x22, 0x65, 0x0C, 0x22, 0x65, 0x0C, 0x22, 0x65, 0x0C, 0x22, 0x65, 0x0C, 0x23, 0x65, 0x0C, 0x23, 0x66, 0x0C, 0x23, 0x66, 
        0x0C, 0x23, 0x66, 0x0C, 0x23, 0x66, 0x0C, 0x23, 0x66, 0x0C, 0x23, 0x66, 0x0C, 0x23, 0x66, 0x0C, 0x23, 0x66, 0x0C, 0x23, 0x66, 0x0C, 0x23, 0x66, 0x0C, 0x23, 0x67, 0x0C, 0x23, 0x67, 0x0C, 0x23, 0x67, 0x0C, 0x23, 0x67, 0x0C, 0x23, 0x67, 
        0x0C, 0x23, 0x68, 0x0C, 0x24, 0x68, 0x0C, 0x24, 0x68, 0x0C, 0x24, 0x68, 0x0C, 0x24, 0x68, 0x0C, 0x24, 0x69, 0x0C, 0x24, 0x69, 0x0C, 0x24, 0x69, 0x0C, 0x24, 0x6A, 0x0C, 0x25, 0x6A, 0x0C, 0x25, 0x6A, 0x0C, 0x25, 0x6B, 0x0C, 0x25, 0x6B, 
        0x0C, 0x25, 0x6B, 0x0C, 0x25, 0x6B, 0x0C, 0x25, 0x6B, 0x0C, 0x25, 0x6B, 0x0C, 0x25, 0x6B, 0x0C, 0x25, 0x6B, 0x0C, 0x25, 0x6A, 0x0C, 0x25, 0x6B, 0x0C, 0x25, 0x6B, 0x0C, 0x26, 0x6C, 0x0D, 0x26, 0x6C, 0x0D, 0x26, 0x6C, 0xFF, 0xFF, 0xFF, 
        0x8D, 0x9A, 0xBA, 0x0D, 0x27, 0x6D, 0x0D, 0x27, 0x6D, 0x0D, 0x27, 0x6D, 0x0D, 0x27, 0x6D, 0x0D, 0x26, 0x6C, 0x0D, 0x26, 0x6C, 0x0D, 0x26, 0x6C, 0x0D, 0x26, 0x6C, 0x0D, 0x26, 0x6D, 0x0D, 0x26, 0x6D, 0x0D, 0x26, 0x6C, 0x7F, 0x8C, 0xB1, 
        0xFF, 0xFF, 0xFF, 0x0D, 0x26, 0x6C, 0x0D, 0x26, 0x6C, 0x0D, 0x26, 0x6C, 0xFF, 0xFF, 0xFF, 0x8D, 0x99, 0xB9, 0x0D, 0x27, 0x6D, 0x0D, 0x27, 0x6D, 0x7F, 0x8D, 0xB2, 0xFF, 0xFF, 0xFF, 0x0D, 0x28, 0x6E, 0x0E, 0x28, 0x6E, 0x0E, 0x28, 0x6E, 
        0x0E, 0x28, 0x6E, 0x0E, 0x28, 0x6E, 0x0E, 0x28, 0x6E, 0x0E, 0x28, 0x6E, 0x0E, 0x28, 0x6F, 0x0E, 0x28, 0x6F, 0x0E, 0x29, 0x6F, 0x0E, 0x29, 0x6F, 0x0E, 0x29, 0x6F, 0x0E, 0x2A, 0x70, 0x0E, 0x2A, 0x70, 0x0E, 0x2A, 0x70, 0x0E, 0x2A, 0x70, 
        0x0E, 0x2A, 0x70, 0x0E, 0x2A, 0x70, 0x0E, 0x2A, 0x70, 0x0E, 0x2A, 0x70, 0x0E, 0x2A, 0x6F, 0x0E, 0x29, 0x6F, 0x0E, 0x29, 0x6F, 0x0E, 0x29, 0x6F, 0x0E, 0x29, 0x6F, 0x0E, 0x29, 0x6F, 0x0E, 0x29, 0x6F, 0x0E, 0x29, 0x6F, 0x0E, 0x29, 0x6F, 
        0x0E, 0x29, 0x6F, 0x0E, 0x29, 0x6F, 0x0E, 0x29, 0x6F, 0x0E, 0x29, 0x6F, 0x0E, 0x29, 0x6F, 0x0E, 0x29, 0x6F, 0x0E, 0x29, 0x6F, 0x0E, 0x2A, 0x6F, 0x0E, 0x2A, 0x6F, 0x0F, 0x2A, 0x70, 0x0F, 0x2A, 0x6F, 0x0F, 0x2A, 0x70, 0x0F, 0x2B, 0x70, 
        0x0F, 0x2B, 0x70, 0x0F, 0x2B, 0x71, 0x10, 0x2C, 0x71, 0x10, 0x2D, 0x71, 0x10, 0x2D, 0x72, 0x10, 0x2E, 0x72, 0x10, 0x2E, 0x72, 0x10, 0x2E, 0x72, 0x10, 0x2D, 0x72, 0x10, 0x2D, 0x72, 0x10, 0x2C, 0x71, 0x10, 0x2C, 0x71, 0x0F, 0x2B, 0x71, 
        0x0F, 0x2B, 0x70, 0x0F, 0x2A, 0x70, 0x0F, 0x2A, 0x70, 0x0F, 0x2A, 0x70, 0x0F, 0x2A, 0x6F, 0x0F, 0x2A, 0x70, 0x0F, 0x2B, 0x70, 0x0F, 0x2B, 0x70, 0x10, 0x2B, 0x71, 0x10, 0x2D, 0x72, 0x10, 0x2D, 0x72, 0x10, 0x2D, 0x72, 0x10, 0x2D, 0x72, 
        0x10, 0x2D, 0x72, 0x10, 0x2D, 0x72, 0x11, 0x2F, 0x73,
  0x04, 0x23, 0x78, 0x0B, 0x23, 0x68, 0x0C, 0x23, 0x67, 0x0C, 0x23, 0x66, 0x0C, 0x23, 0x66, 0x0C, 0x23, 0x66, 0x0C, 0x23, 0x66, 0x0C, 0x23, 0x66, 0x0B, 0x23, 0x66, 0x0B, 0x23, 0x66, 0x0B, 0x23, 0x66, 0x0C, 0x23, 0x66, 0x0C, 0x23, 0x66, 0x0C, 0x23, 0x66, 
        0x0C, 0x23, 0x66, 0x0C, 0x23, 0x66, 0x0C, 0x23, 0x66, 0x0C, 0x23, 0x66, 0x0C, 0x23, 0x66, 0x0C, 0x23, 0x67, 0x0C, 0x23, 0x67, 0x0C, 0x23, 0x67, 0x0C, 0x23, 0x67, 0x0C, 0x23, 0x67, 0x0C, 0x23, 0x67, 0x0C, 0x23, 0x67, 0x0C, 0x23, 0x67, 
        0x0C, 0x23, 0x67, 0x0C, 0x24, 0x68, 0x0C, 0x24, 0x68, 0x0C, 0x24, 0x68, 0x0C, 0x24, 0x68, 0x0C, 0x24, 0x68, 0x0C, 0x24, 0x68, 0x0C, 0x24, 0x68, 0x0C, 0x24, 0x68, 0x0C, 0x24, 0x68, 0x0C, 0x24, 0x69, 0x0C, 0x24, 0x69, 0x0C, 0x24, 0x69, 
        0x0C, 0x24, 0x69, 0x0C, 0x24, 0x6A, 0x0C, 0x25, 0x6A, 0x0C, 0x25, 0x6A, 0x0C, 0x25, 0x6A, 0x0C, 0x25, 0x6A, 0x0C, 0x25, 0x6A, 0x0C, 0x25, 0x6A, 0x0C, 0x25, 0x6B, 0x0C, 0x26, 0x6C, 0x0C, 0x26, 0x6C, 0x0C, 0x26, 0x6C, 0x0C, 0x26, 0x6C, 
        0x0C, 0x26, 0x6C, 0x0C, 0x26, 0x6C, 0x0C, 0x26, 0x6D, 0x0C, 0x26, 0x6C, 0x0C, 0x26, 0x6C, 0x0C, 0x26, 0x6C, 0x0C, 0x26, 0x6C, 0x0C, 0x26, 0x6C, 0x0C, 0x26, 0x6D, 0x0C, 0x27, 0x6D, 0x0C, 0x27, 0x6D, 0x0D, 0x27, 0x6E, 0xFF, 0xFF, 0xFF, 
        0x8D, 0x9A, 0xBB, 0x0D, 0x28, 0x6E, 0x0D, 0x28, 0x6F, 0x0D, 0x28, 0x6E, 0x0D, 0x27, 0x6E, 0x0D, 0x27, 0x6E, 0x0D, 0x27, 0x6E, 0x0D, 0x27, 0x6E, 0x0D, 0x27, 0x6E, 0x0D, 0x27, 0x6E, 0x0D, 0x27, 0x6E, 0x0D, 0x27, 0x6E, 0x7F, 0x8C, 0xB2, 
        0xFF, 0xFF, 0xFF, 0x0D, 0x27, 0x6D, 0x0D, 0x27, 0x6D, 0x0D, 0x27, 0x6D, 0xFF, 0xFF, 0xFF, 0x8D, 0x99, 0xBA, 0x0D, 0x27, 0x6E, 0x0D, 0x28, 0x6F, 0x7F, 0x8D, 0xB3, 0xFF, 0xFF, 0xFF, 0x0D, 0x29, 0x70, 0x0E, 0x29, 0x70, 0x0E, 0x29, 0x70, 
        0x0E, 0x29, 0x70, 0x0E, 0x29, 0x70, 0x0E, 0x29, 0x70, 0x0E, 0x29, 0x70, 0x0E, 0x29, 0x70, 0x0E, 0x29, 0x71, 0x0E, 0x2A, 0x71, 0x0E, 0x2A, 0x71, 0x0E, 0x2A, 0x71, 0x0E, 0x2B, 0x71, 0x0E, 0x2B, 0x71, 0x0E, 0x2B, 0x72, 0x0E, 0x2B, 0x72, 
        0x0F, 0x2B, 0x72, 0x0F, 0x2B, 0x72, 0x0E, 0x2B, 0x72, 0x0E, 0x2B, 0x72, 0x0E, 0x2B, 0x71, 0x0E, 0x2A, 0x71, 0x0E, 0x2A, 0x71, 0x0E, 0x2A, 0x71, 0x0E, 0x2A, 0x71, 0x0E, 0x2A, 0x71, 0x0E, 0x2A, 0x71, 0x0E, 0x2A, 0x71, 0x0E, 0x2A, 0x71, 
        0x0E, 0x2A, 0x70, 0x0E, 0x2A, 0x71, 0x0E, 0x2A, 0x71, 0x0E, 0x2A, 0x71, 0x0E, 0x2A, 0x71, 0x0E, 0x2A, 0x71, 0x0E, 0x2A, 0x71, 0x0F, 0x2A, 0x71, 0x0F, 0x2B, 0x71, 0x0F, 0x2B, 0x71, 0x0F, 0x2B, 0x71, 0x0F, 0x2B, 0x72, 0x0F, 0x2C, 0x72, 
        0x0F, 0x2C, 0x72, 0x0F, 0x2C, 0x72, 0x10, 0x2D, 0x73, 0x10, 0x2F, 0x74, 0x10, 0x2E, 0x73, 0x10, 0x2E, 0x73, 0x10, 0x2E, 0x73, 0x10, 0x2D, 0x73, 0x10, 0x2D, 0x73, 0x10, 0x2D, 0x73, 0x0F, 0x2C, 0x72, 0x0F, 0x2C, 0x72, 0x0F, 0x2B, 0x72, 
        0x0F, 0x2B, 0x71, 0x0F, 0x2B, 0x71, 0x0F, 0x2B, 0x71, 0x0F, 0x2A, 0x71, 0x0F, 0x2A, 0x71, 0x0F, 0x2B, 0x71, 0x0F, 0x2B, 0x71, 0x0F, 0x2B, 0x71, 0x0F, 0x2C, 0x72, 0x0F, 0x2C, 0x72, 0x10, 0x2C, 0x72, 0x10, 0x2C, 0x72, 0x10, 0x2D, 0x72, 
        0x10, 0x2D, 0x73, 0x10, 0x2D, 0x72, 0x10, 0x2F, 0x74,
  0x04, 0x21, 0x77, 0x0B, 0x24, 0x69, 0x0C, 0x24, 0x68, 0x0C, 0x24, 0x68, 0x0C, 0x24, 0x68, 0x0C, 0x24, 0x68, 0x0C, 0x23, 0x68, 0x0C, 0x23, 0x68, 0x0B, 0x23, 0x67, 0x0B, 0x24, 0x67, 0x0B, 0x24, 0x67, 0x0C, 0x24, 0x68, 0x0C, 0x24, 0x68, 0x0C, 0x24, 0x68, 
        0x0C, 0x24, 0x68, 0x0C, 0x24, 0x68, 0x0C, 0x24, 0x68, 0x0C, 0x24, 0x68, 0x0C, 0x24, 0x68, 0x0C, 0x24, 0x68, 0x0C, 0x24, 0x68, 0x0C, 0x24, 0x68, 0x0C, 0x24, 0x68, 0x0C, 0x24, 0x68, 0x0C, 0x24, 0x68, 0x0C, 0x24, 0x69, 0x0C, 0x24, 0x69, 
        0x0C, 0x24, 0x69, 0x0C, 0x24, 0x69, 0x0C, 0x24, 0x69, 0x0C, 0x25, 0x6A, 0x0C, 0x25, 0x6A, 0x0C, 0x25, 0x6A, 0x0C, 0x25, 0x6A, 0x0C, 0x25, 0x6A, 0x0C, 0x25, 0x6A, 0x0C, 0x25, 0x6A, 0x0C, 0x25, 0x6A, 0x0C, 0x25, 0x6B, 0x0C, 0x25, 0x6B, 
        0x0C, 0x25, 0x6B, 0x0C, 0x25, 0x6B, 0x0C, 0x25, 0x6B, 0x0C, 0x25, 0x6B, 0x0C, 0x25, 0x6B, 0x0C, 0x26, 0x6C, 0x0C, 0x26, 0x6C, 0x0C, 0x26, 0x6D, 0x0C, 0x26, 0x6D, 0x0C, 0x26, 0x6D, 0x0C, 0x27, 0x6E, 0x0C, 0x27, 0x6E, 0x0C, 0x27, 0x6E, 
        0x0C, 0x27, 0x6E, 0x0C, 0x27, 0x6E, 0x0C, 0x27, 0x6E, 0x0C, 0x27, 0x6F, 0x0C, 0x27, 0x6E, 0x0C, 0x27, 0x6E, 0x0C, 0x27, 0x6E, 0x0C, 0x27, 0x6E, 0x0C, 0x27, 0x6E, 0x0C, 0x27, 0x6F, 0x0C, 0x27, 0x6F, 0x0D, 0x27, 0x6F, 0xFF, 0xFF, 0xFF, 
        0x8D, 0x99, 0xBC, 0x0D, 0x28, 0x70, 0x0D, 0x28, 0x70, 0x41, 0x57, 0x8F, 0x7E, 0x8D, 0xB2, 0x0D, 0x28, 0x70, 0x0D, 0x28, 0x70, 0x0D, 0x28, 0x6F, 0x0D, 0x28, 0x6F, 0x0D, 0x28, 0x6F, 0x0D, 0x28, 0x70, 0x0D, 0x28, 0x6F, 0x7F, 0x8D, 0xB3, 
        0xFF, 0xFF, 0xFF, 0x0D, 0x27, 0x6F, 0x0D, 0x27, 0x6F, 0x0D, 0x27, 0x6F, 0xFF, 0xFF, 0xFF, 0x8D, 0x99, 0xBB, 0x0D, 0x29, 0x70, 0x0D, 0x29, 0x71, 0x7F, 0x8E, 0xB4, 0xFF, 0xFF, 0xFF, 0x0D, 0x2A, 0x72, 0x0E, 0x2A, 0x72, 0x0E, 0x2A, 0x72, 
        0x0E, 0x2A, 0x72, 0x0E, 0x2A, 0x72, 0x0E, 0x2A, 0x72, 0x0E, 0x2A, 0x72, 0x0E, 0x2A, 0x72, 0x0E, 0x2A, 0x72, 0x0E, 0x2A, 0x72, 0x0E, 0x2B, 0x73, 0x0E, 0x2B, 0x73, 0x0E, 0x2B, 0x73, 0x0E, 0x2C, 0x73, 0x0E, 0x2C, 0x73, 0x0F, 0x2C, 0x74, 
        0x0F, 0x2D, 0x74, 0x0F, 0x2C, 0x74, 0x0F, 0x2C, 0x74, 0x0E, 0x2C, 0x74, 0x0E, 0x2C, 0x73, 0x0E, 0x2B, 0x72, 0x0E, 0x2B, 0x72, 0x0E, 0x2B, 0x73, 0x0E, 0x2B, 0x73, 0x0E, 0x2B, 0x73, 0x0E, 0x2B, 0x72, 0x0E, 0x2B, 0x72, 0x0E, 0x2B, 0x72, 
        0x0E, 0x2B, 0x72, 0x0E, 0x2B, 0x72, 0x0E, 0x2B, 0x72, 0x0E, 0x2B, 0x73, 0x0E, 0x2B, 0x72, 0x0E, 0x2B, 0x72, 0x0E, 0x2B, 0x72, 0x0E, 0x2B, 0x72, 0x0F, 0x2B, 0x73, 0x0F, 0x2C, 0x73, 0x0F, 0x2C, 0x73, 0x0F, 0x2C, 0x73, 0x0F, 0x2C, 0x73, 
        0x0F, 0x2D, 0x74, 0x10, 0x2D, 0x74, 0x10, 0x2F, 0x75, 0x11, 0x30, 0x76, 0x10, 0x2F, 0x75, 0x10, 0x2F, 0x75, 0x10, 0x2E, 0x75, 0x10, 0x2E, 0x74, 0x10, 0x2D, 0x74, 0x10, 0x2D, 0x74, 0x0F, 0x2C, 0x73, 0x0F, 0x2C, 0x73, 0x0F, 0x2C, 0x73, 
        0x0F, 0x2C, 0x73, 0x0F, 0x2B, 0x73, 0x0F, 0x2B, 0x72, 0x0F, 0x2B, 0x72, 0x0F, 0x2B, 0x72, 0x0F, 0x2B, 0x72, 0x0F, 0x2B, 0x72, 0x0F, 0x2C, 0x72, 0x0F, 0x2C, 0x73, 0x0F, 0x2C, 0x73, 0x0F, 0x2C, 0x73, 0x10, 0x2C, 0x73, 0x10, 0x2D, 0x74, 
        0x10, 0x2D, 0x73, 0x0F, 0x2C, 0x73, 0x10, 0x2F, 0x75,
  0x03, 0x20, 0x74, 0x0B, 0x24, 0x6A, 0x0C, 0x25, 0x69, 0x0C, 0x24, 0x69, 0x0C, 0x24, 0x69, 0x0C, 0x24, 0x69, 0x0C, 0x24, 0x69, 0x0C, 0x24, 0x69, 0x0B, 0x24, 0x69, 0x0B, 0x24, 0x69, 0x0B, 0x24, 0x69, 0x0C, 0x24, 0x69, 0x0C, 0x24, 0x69, 0x0C, 0x24, 0x69, 
        0x0C, 0x24, 0x69, 0x0C, 0x24, 0x69, 0x0C, 0x25, 0x69, 0x0C, 0x25, 0x6A, 0x0C, 0x25, 0x6A, 0x0C, 0x25, 0x6A, 0x0C, 0x25, 0x6A, 0x0C, 0x25, 0x6A, 0x0C, 0x25, 0x6A, 0x0C, 0x25, 0x6A, 0x0C, 0x25, 0x6A, 0x0C, 0x25, 0x6A, 0x0C, 0x25, 0x6B, 
        0x0C, 0x25, 0x6B, 0x0C, 0x25, 0x6B, 0x0C, 0x25, 0x6B, 0x0C, 0x25, 0x6B, 0x0C, 0x25, 0x6B, 0x0C, 0x25, 0x6B, 0x0C, 0x25, 0x6B, 0x0C, 0x25, 0x6B, 0x0C, 0x25, 0x6B, 0x0C, 0x26, 0x6B, 0x0C, 0x26, 0x6C, 0x0C, 0x26, 0x6C, 0x0C, 0x26, 0x6C, 
        0x0C, 0x26, 0x6D, 0x0C, 0x26, 0x6D, 0x0C, 0x26, 0x6D, 0x0C, 0x26, 0x6D, 0x0C, 0x26, 0x6D, 0x0C, 0x27, 0x6E, 0x0C, 0x27, 0x6E, 0x0C, 0x27, 0x6F, 0x0C, 0x27, 0x6F, 0x0C, 0x28, 0x6F, 0x0C, 0x28, 0x6F, 0x0C, 0x28, 0x70, 0x0C, 0x28, 0x70, 
        0x0C, 0x28, 0x70, 0x0C, 0x28, 0x70, 0x0C, 0x28, 0x70, 0x0C, 0x28, 0x70, 0x0C, 0x28, 0x70, 0x0C, 0x28, 0x70, 0x0C, 0x28, 0x70, 0x0C, 0x28, 0x70, 0x0C, 0x28, 0x70, 0x0C, 0x28, 0x70, 0x0C, 0x28, 0x70, 0x0D, 0x28, 0x70, 0xFF, 0xFF, 0xFF, 
        0x8D, 0x9A, 0xBC, 0x0D, 0x29, 0x71, 0x0D, 0x29, 0x71, 0x7F, 0x8D, 0xB4, 0xFF, 0xFF, 0xFF, 0x0D, 0x29, 0x71, 0x0D, 0x29, 0x71, 0x0D, 0x29, 0x71, 0x0D, 0x28, 0x71, 0x0D, 0x28, 0x71, 0x0D, 0x28, 0x71, 0x0D, 0x29, 0x71, 0x7F, 0x8D, 0xB4, 
        0xFF, 0xFF, 0xFF, 0x0D, 0x28, 0x70, 0x0D, 0x28, 0x70, 0x0D, 0x28, 0x70, 0xFF, 0xFF, 0xFF, 0x8D, 0x9A, 0xBC, 0x0D, 0x29, 0x72, 0x0D, 0x2A, 0x72, 0x7F, 0x8E, 0xB5, 0xFF, 0xFF, 0xFF, 0x0E, 0x2B, 0x73, 0x0E, 0x2A, 0x73, 0x0E, 0x2A, 0x73, 
        0x0E, 0x2A, 0x73, 0x0E, 0x2A, 0x73, 0x0E, 0x2B, 0x73, 0x0E, 0x2B, 0x73, 0x0E, 0x2B, 0x74, 0x0E, 0x2B, 0x74, 0x0E, 0x2B, 0x74, 0x0E, 0x2C, 0x74, 0x0E, 0x2C, 0x75, 0x0E, 0x2C, 0x75, 0x0E, 0x2D, 0x75, 0x0F, 0x2D, 0x75, 0x0F, 0x2D, 0x75, 
        0x0F, 0x2D, 0x75, 0x0F, 0x2D, 0x75, 0x0F, 0x2D, 0x75, 0x0E, 0x2D, 0x75, 0x0E, 0x2C, 0x75, 0x0E, 0x2C, 0x74, 0x0E, 0x2C, 0x74, 0x0E, 0x2C, 0x74, 0x0E, 0x2C, 0x74, 0x0E, 0x2C, 0x74, 0x0E, 0x2C, 0x74, 0x0E, 0x2C, 0x74, 0x0E, 0x2B, 0x74, 
        0x0E, 0x2B, 0x74, 0x0E, 0x2C, 0x74, 0x0E, 0x2C, 0x74, 0x0E, 0x2C, 0x74, 0x0E, 0x2C, 0x74, 0x0E, 0x2C, 0x74, 0x0E, 0x2C, 0x74, 0x0F, 0x2C, 0x74, 0x0F, 0x2C, 0x74, 0x0F, 0x2C, 0x74, 0x0F, 0x2C, 0x74, 0x0F, 0x2D, 0x75, 0x0F, 0x2D, 0x75, 
        0x0F, 0x2E, 0x75, 0x0F, 0x2E, 0x76, 0x10, 0x2F, 0x76, 0x10, 0x2F, 0x76, 0x10, 0x2F, 0x76, 0x10, 0x2F, 0x76, 0x10, 0x2F, 0x76, 0x10, 0x2E, 0x76, 0x0F, 0x2E, 0x75, 0x0F, 0x2D, 0x75, 0x0F, 0x2D, 0x75, 0x0F, 0x2D, 0x75, 0x0F, 0x2D, 0x75, 
        0x0F, 0x2C, 0x74, 0x0F, 0x2C, 0x74, 0x0F, 0x2C, 0x73, 0x0F, 0x2B, 0x73, 0x0F, 0x2C, 0x73, 0x0F, 0x2B, 0x73, 0x0F, 0x2B, 0x73, 0x0F, 0x2C, 0x73, 0x0F, 0x2C, 0x74, 0x0F, 0x2D, 0x74, 0x0F, 0x2D, 0x75, 0x10, 0x2D, 0x75, 0x10, 0x2D, 0x75, 
        0x0F, 0x2D, 0x74, 0x0F, 0x2C, 0x74, 0x10, 0x2F, 0x76,
  0x03, 0x20, 0x74, 0x0B, 0x25, 0x6B, 0x0C, 0x25, 0x6B, 0x0C, 0x25, 0x6B, 0x0C, 0x25, 0x6B, 0x0C, 0x25, 0x6B, 0x0C, 0x25, 0x6B, 0x0C, 0x25, 0x6B, 0x0B, 0x25, 0x6A, 0x0B, 0x25, 0x6A, 0x0B, 0x25, 0x6A, 0x0C, 0x25, 0x6B, 0x0C, 0x25, 0x6B, 0x0C, 0x25, 0x6B, 
        0x0C, 0x25, 0x6B, 0x0C, 0x25, 0x6B, 0x0C, 0x25, 0x6B, 0x0C, 0x25, 0x6B, 0x0C, 0x25, 0x6B, 0x0C, 0x25, 0x6B, 0x0C, 0x26, 0x6B, 0x0C, 0x26, 0x6B, 0x0C, 0x26, 0x6B, 0x0C, 0x26, 0x6B, 0x0C, 0x26, 0x6B, 0x0C, 0x26, 0x6C, 0x0C, 0x26, 0x6C, 
        0x0C, 0x26, 0x6C, 0x0C, 0x26, 0x6C, 0x0C, 0x26, 0x6C, 0x0C, 0x26, 0x6D, 0x0C, 0x26, 0x6D, 0x0C, 0x26, 0x6D, 0x0C, 0x26, 0x6D, 0x0C, 0x26, 0x6D, 0x0C, 0x26, 0x6D, 0x0C, 0x26, 0x6D, 0x0C, 0x27, 0x6D, 0x0C, 0x27, 0x6E, 0x0C, 0x27, 0x6E, 
        0x0C, 0x27, 0x6E, 0x0C, 0x27, 0x6E, 0x0C, 0x27, 0x6F, 0x0C, 0x27, 0x6F, 0x0C, 0x27, 0x6F, 0x0C, 0x28, 0x70, 0x0C, 0x28, 0x70, 0x0C, 0x28, 0x70, 0x0C, 0x28, 0x70, 0x0C, 0x28, 0x70, 0x0C, 0x28, 0x70, 0x0C, 0x28, 0x71, 0x0C, 0x28, 0x71, 
        0x0C, 0x29, 0x71, 0x0C, 0x29, 0x71, 0x0C, 0x29, 0x72, 0x0C, 0x29, 0x72, 0x0C, 0x29, 0x71, 0x0C, 0x29, 0x72, 0x0C, 0x29, 0x72, 0x0C, 0x29, 0x72, 0x0C, 0x29, 0x72, 0x0C, 0x29, 0x72, 0x0C, 0x29, 0x71, 0x0C, 0x29, 0x72, 0xFF, 0xFF, 0xFF, 
        0x8D, 0x9A, 0xBD, 0x0D, 0x29, 0x73, 0x0D, 0x29, 0x73, 0x7F, 0x8E, 0xB5, 0xFF, 0xFF, 0xFF, 0x0D, 0x29, 0x73, 0x0D, 0x29, 0x72, 0x0D, 0x29, 0x72, 0x0D, 0x29, 0x72, 0x0D, 0x29, 0x72, 0x0D, 0x29, 0x72, 0x0D, 0x29, 0x72, 0x7F, 0x8E, 0xB5, 
        0xFF, 0xFF, 0xFF, 0x0D, 0x29, 0x72, 0x0D, 0x29, 0x72, 0x0D, 0x29, 0x72, 0xFF, 0xFF, 0xFF, 0x8D, 0x9A, 0xBD, 0x0D, 0x2A, 0x74, 0x0D, 0x2B, 0x74, 0x7F, 0x8F, 0xB6, 0xFF, 0xFF, 0xFF, 0x0E, 0x2B, 0x75, 0x0E, 0x2B, 0x75, 0x0E, 0x2B, 0x75, 
        0x0E, 0x2B, 0x75, 0x0E, 0x2B, 0x75, 0x0E, 0x2B, 0x75, 0x0D, 0x2B, 0x75, 0x0E, 0x2C, 0x75, 0x0E, 0x2C, 0x75, 0x0E, 0x2C, 0x75, 0x0E, 0x2C, 0x76, 0x0E, 0x2D, 0x76, 0x0E, 0x2D, 0x76, 0x0E, 0x2D, 0x77, 0x0E, 0x2E, 0x77, 0x0F, 0x2E, 0x77, 
        0x0F, 0x2E, 0x77, 0x0F, 0x2E, 0x77, 0x0F, 0x2E, 0x77, 0x0E, 0x2E, 0x77, 0x0E, 0x2D, 0x76, 0x0E, 0x2D, 0x76, 0x0E, 0x2D, 0x76, 0x0E, 0x2C, 0x76, 0x0E, 0x2C, 0x76, 0x0E, 0x2C, 0x76, 0x0E, 0x2C, 0x75, 0x0E, 0x2C, 0x75, 0x0E, 0x2C, 0x75, 
        0x0E, 0x2C, 0x75, 0x0E, 0x2C, 0x75, 0x0E, 0x2D, 0x75, 0x0E, 0x2D, 0x75, 0x0F, 0x2D, 0x76, 0x0F, 0x2D, 0x75, 0x0F, 0x2D, 0x76, 0x0F, 0x2D, 0x76, 0x0F, 0x2D, 0x76, 0x0F, 0x2D, 0x76, 0x0F, 0x2D, 0x76, 0x0F, 0x2D, 0x76, 0x0F, 0x2E, 0x77, 
        0x0F, 0x2E, 0x77, 0x10, 0x2F, 0x78, 0x10, 0x30, 0x78, 0x10, 0x2F, 0x78, 0x10, 0x30, 0x78, 0x10, 0x30, 0x78, 0x10, 0x2F, 0x77, 0x10, 0x2F, 0x77, 0x0F, 0x2E, 0x77, 0x0F, 0x2E, 0x76, 0x0F, 0x2D, 0x76, 0x0F, 0x2D, 0x76, 0x0F, 0x2D, 0x76, 
        0x0F, 0x2D, 0x75, 0x0F, 0x2C, 0x75, 0x0F, 0x2C, 0x75, 0x0F, 0x2C, 0x75, 0x0F, 0x2C, 0x75, 0x0F, 0x2C, 0x75, 0x0F, 0x2C, 0x75, 0x0F, 0x2C, 0x75, 0x0F, 0x2D, 0x75, 0x0F, 0x2D, 0x75, 0x0F, 0x2D, 0x76, 0x0F, 0x2D, 0x76, 0x0F, 0x2D, 0x76, 
        0x0F, 0x2D, 0x76, 0x0F, 0x2D, 0x76, 0x10, 0x30, 0x77,
  0x02, 0x1E, 0x71, 0x0B, 0x25, 0x6D, 0x0B, 0x26, 0x6D, 0x0B, 0x26, 0x6D, 0x0B, 0x26, 0x6D, 0x0B, 0x26, 0x6D, 0x0C, 0x26, 0x6D, 0x0C, 0x26, 0x6D, 0x0B, 0x26, 0x6D, 0x0B, 0x26, 0x6D, 0x0B, 0x26, 0x6D, 0x0C, 0x26, 0x6D, 0x0C, 0x26, 0x6D, 0x0C, 0x26, 0x6D, 
        0x0C, 0x26, 0x6D, 0x0C, 0x26, 0x6D, 0x0C, 0x26, 0x6D, 0x0C, 0x26, 0x6D, 0x0C, 0x26, 0x6D, 0x0C, 0x26, 0x6E, 0x0C, 0x26, 0x6E, 0x0C, 0x26, 0x6E, 0x0C, 0x26, 0x6E, 0x0C, 0x26, 0x6E, 0x0C, 0x26, 0x6E, 0x0C, 0x26, 0x6E, 0x0C, 0x26, 0x6F, 
        0x0C, 0x26, 0x6F, 0x0C, 0x27, 0x6F, 0x0C, 0x27, 0x6F, 0x0C, 0x27, 0x6F, 0x0C, 0x27, 0x6F, 0x0C, 0x27, 0x6F, 0x0C, 0x27, 0x6F, 0x0C, 0x27, 0x6F, 0x0C, 0x27, 0x6F, 0x0C, 0x27, 0x70, 0x0C, 0x27, 0x70, 0x0C, 0x27, 0x70, 0x0C, 0x27, 0x70, 
        0x0C, 0x28, 0x71, 0x0C, 0x28, 0x71, 0x0C, 0x28, 0x71, 0x0C, 0x28, 0x72, 0x0C, 0x28, 0x72, 0x0C, 0x28, 0x72, 0x0C, 0x28, 0x72, 0x0C, 0x28, 0x72, 0x0C, 0x28, 0x72, 0x0C, 0x29, 0x72, 0x0C, 0x29, 0x73, 0x0C, 0x29, 0x73, 0x0C, 0x29, 0x73, 
        0x0C, 0x29, 0x73, 0x0C, 0x29, 0x73, 0x0C, 0x29, 0x74, 0x0C, 0x29, 0x73, 0x0C, 0x29, 0x73, 0x0C, 0x2A, 0x74, 0x0C, 0x2A, 0x74, 0x0C, 0x2A, 0x74, 0x0C, 0x2A, 0x74, 0x0C, 0x2A, 0x74, 0x0C, 0x2A, 0x74, 0x0C, 0x29, 0x74, 0xFF, 0xFF, 0xFF, 
        0x8D, 0x9B, 0xBE, 0x0D, 0x2A, 0x75, 0x0D, 0x2A, 0x75, 0x7F, 0x8E, 0xB6, 0xFF, 0xFF, 0xFF, 0x0D, 0x2A, 0x74, 0x0D, 0x2A, 0x74, 0x0D, 0x2A, 0x74, 0x7E, 0x8D, 0xB5, 0x49, 0x5E, 0x97, 0x0D, 0x2A, 0x74, 0x0D, 0x2A, 0x75, 0x7F, 0x8E, 0xB5, 
        0xFF, 0xFF, 0xFF, 0x0D, 0x2A, 0x74, 0x0D, 0x2A, 0x74, 0x0D, 0x2A, 0x74, 0xFF, 0xFF, 0xFF, 0x8D, 0x9B, 0xBE, 0x0D, 0x2B, 0x76, 0x0D, 0x2C, 0x77, 0x7F, 0x8F, 0xB6, 0xFF, 0xFF, 0xFF, 0x0E, 0x2C, 0x77, 0x0E, 0x2C, 0x77, 0x0E, 0x2C, 0x77, 
        0x0E, 0x2C, 0x77, 0x0E, 0x2C, 0x77, 0x0E, 0x2C, 0x77, 0x0E, 0x2C, 0x77, 0x0E, 0x2C, 0x77, 0x0E, 0x2D, 0x78, 0x0E, 0x2D, 0x78, 0x0E, 0x2D, 0x78, 0x0E, 0x2D, 0x78, 0x0E, 0x2E, 0x79, 0x0E, 0x2E, 0x79, 0x0E, 0x2E, 0x79, 0x0F, 0x2E, 0x79, 
        0x0F, 0x2F, 0x79, 0x0F, 0x2F, 0x79, 0x0F, 0x2F, 0x79, 0x0F, 0x2E, 0x79, 0x0F, 0x2E, 0x79, 0x0E, 0x2E, 0x78, 0x0E, 0x2D, 0x78, 0x0E, 0x2D, 0x78, 0x0E, 0x2D, 0x78, 0x0E, 0x2D, 0x78, 0x0E, 0x2D, 0x78, 0x0E, 0x2D, 0x78, 0x0E, 0x2D, 0x78, 
        0x0E, 0x2D, 0x78, 0x0E, 0x2D, 0x78, 0x0F, 0x2D, 0x78, 0x0F, 0x2E, 0x78, 0x0F, 0x2D, 0x78, 0x0F, 0x2D, 0x78, 0x0F, 0x2E, 0x78, 0x0F, 0x2E, 0x78, 0x0F, 0x2E, 0x78, 0x0F, 0x2E, 0x78, 0x0F, 0x2E, 0x78, 0x0F, 0x2E, 0x79, 0x0F, 0x2F, 0x79, 
        0x0F, 0x2F, 0x79, 0x10, 0x30, 0x7A, 0x10, 0x31, 0x7A, 0x10, 0x30, 0x7A, 0x10, 0x30, 0x7A, 0x10, 0x30, 0x7A, 0x10, 0x30, 0x79, 0x0F, 0x2F, 0x79, 0x0F, 0x2E, 0x79, 0x0F, 0x2E, 0x79, 0x0F, 0x2E, 0x78, 0x0F, 0x2D, 0x78, 0x0F, 0x2D, 0x78, 
        0x0E, 0x2C, 0x77, 0x0F, 0x2D, 0x78, 0x10, 0x30, 0x79, 0x10, 0x2F, 0x79, 0x0F, 0x2C, 0x77, 0x0F, 0x2D, 0x77, 0x0F, 0x2D, 0x77, 0x0F, 0x2D, 0x77, 0x0F, 0x2D, 0x77, 0x0F, 0x2D, 0x77, 0x0F, 0x2D, 0x77, 0x0F, 0x2E, 0x78, 0x0F, 0x2D, 0x78, 
        0x0F, 0x2E, 0x78, 0x0F, 0x2E, 0x78, 0x10, 0x30, 0x79,
  0x02, 0x1D, 0x6F, 0x0B, 0x25, 0x6E, 0x0B, 0x26, 0x6E, 0x0B, 0x26, 0x6E, 0x0B, 0x26, 0x6E, 0x0B, 0x27, 0x6E, 0x0B, 0x27, 0x6E, 0x0C, 0x27, 0x6F, 0x0C, 0x27, 0x6F, 0x0C, 0x27, 0x6F, 0x0C, 0x27, 0x6F, 0x0C, 0x27, 0x6F, 0x0C, 0x27, 0x6F, 0x0C, 0x27, 0x6F, 
        0x0C, 0x27, 0x6F, 0x0C, 0x27, 0x6F, 0x0C, 0x27, 0x6F, 0x0C, 0x27, 0x6F, 0x0C, 0x27, 0x6F, 0x0C, 0x27, 0x6F, 0x0C, 0x27, 0x6F, 0x0C, 0x27, 0x6F, 0x0C, 0x27, 0x70, 0x0C, 0x27, 0x70, 0x0C, 0x27, 0x70, 0x0C, 0x28, 0x70, 0x0C, 0x28, 0x70, 
        0x0C, 0x28, 0x70, 0x0C, 0x28, 0x71, 0x0C, 0x28, 0x71, 0x0C, 0x28, 0x70, 0x0C, 0x28, 0x71, 0x0C, 0x28, 0x71, 0x0C, 0x28, 0x71, 0x0C, 0x28, 0x71, 0x0C, 0x28, 0x71, 0x0C, 0x28, 0x71, 0x0C, 0x28, 0x71, 0x0C, 0x28, 0x72, 0x0C, 0x28, 0x72, 
        0x0C, 0x29, 0x73, 0x0C, 0x29, 0x73, 0x0C, 0x29, 0x73, 0x0C, 0x29, 0x73, 0x0C, 0x29, 0x73, 0x0C, 0x29, 0x73, 0x0C, 0x29, 0x73, 0x0C, 0x29, 0x73, 0x0C, 0x29, 0x73, 0x0C, 0x29, 0x73, 0x0C, 0x29, 0x74, 0x0C, 0x29, 0x74, 0x0C, 0x2A, 0x74, 
        0x0C, 0x2A, 0x74, 0x0C, 0x2A, 0x75, 0x0C, 0x2A, 0x75, 0x0C, 0x2A, 0x75, 0x0C, 0x2A, 0x75, 0x0C, 0x2A, 0x75, 0x0C, 0x2A, 0x75, 0x0C, 0x2A, 0x75, 0x0C, 0x2A, 0x75, 0x0C, 0x2A, 0x75, 0x0C, 0x2A, 0x75, 0x0D, 0x2A, 0x75, 0xFF, 0xFF, 0xFF, 
        0x8D, 0x9B, 0xBF, 0x0D, 0x2B, 0x76, 0x0D, 0x2B, 0x76, 0x7F, 0x8E, 0xB6, 0xFF, 0xFF, 0xFF, 0x0D, 0x2A, 0x75, 0x0D, 0x2B, 0x76, 0x0D, 0x2B, 0x76, 0xFF, 0xFF, 0xFF, 0x8D, 0x9B, 0xBF, 0x0D, 0x2B, 0x76, 0x0D, 0x2A, 0x76, 0x7F, 0x8E, 0xB6, 
        0xFF, 0xFF, 0xFF, 0x0D, 0x2A, 0x76, 0x0D, 0x2A, 0x76, 0x0D, 0x2A, 0x75, 0xFF, 0xFF, 0xFF, 0x8D, 0x9B, 0xBF, 0x0D, 0x2C, 0x78, 0x0D, 0x2C, 0x78, 0x7F, 0x8F, 0xB7, 0xFF, 0xFF, 0xFF, 0x0E, 0x2D, 0x78, 0x0E, 0x2D, 0x79, 0x0E, 0x2D, 0x79, 
        0x0E, 0x2D, 0x79, 0x0E, 0x2D, 0x79, 0x0E, 0x2D, 0x79, 0x0E, 0x2D, 0x79, 0x0E, 0x2D, 0x79, 0x0E, 0x2D, 0x79, 0x0E, 0x2E, 0x79, 0x0E, 0x2E, 0x7A, 0x0E, 0x2E, 0x7A, 0x0E, 0x2F, 0x7A, 0x0E, 0x2F, 0x7A, 0x0E, 0x2F, 0x7A, 0x0F, 0x2F, 0x7A, 
        0x0F, 0x2F, 0x7A, 0x0F, 0x30, 0x7A, 0x0F, 0x30, 0x7A, 0x0F, 0x2F, 0x7A, 0x0F, 0x2F, 0x7A, 0x0F, 0x2E, 0x7A, 0x0E, 0x2E, 0x7A, 0x0E, 0x2E, 0x7A, 0x0E, 0x2E, 0x79, 0x0E, 0x2E, 0x79, 0x0E, 0x2E, 0x7A, 0x0E, 0x2E, 0x7A, 0x0E, 0x2E, 0x79, 
        0x0E, 0x2E, 0x79, 0x0E, 0x2E, 0x79, 0x0E, 0x2E, 0x79, 0x0F, 0x2E, 0x7A, 0x0F, 0x2E, 0x7A, 0x0F, 0x2F, 0x7A, 0x0F, 0x2F, 0x7A, 0x0F, 0x2F, 0x7A, 0x0F, 0x2F, 0x7A, 0x0F, 0x2F, 0x7A, 0x0F, 0x2F, 0x7A, 0x0F, 0x2F, 0x7A, 0x0F, 0x2F, 0x7A, 
        0x0F, 0x2F, 0x7A, 0x0F, 0x30, 0x7B, 0x0F, 0x30, 0x7B, 0x10, 0x31, 0x7C, 0x10, 0x31, 0x7C, 0x10, 0x30, 0x7B, 0x0F, 0x30, 0x7B, 0x0F, 0x2F, 0x7B, 0x0F, 0x2F, 0x7A, 0x0F, 0x2F, 0x7A, 0x0F, 0x2E, 0x79, 0x0F, 0x2E, 0x79, 0x0F, 0x2E, 0x79, 
        0x0E, 0x2D, 0x78, 0x0F, 0x2F, 0x7A, 0x11, 0x34, 0x7D, 0x10, 0x32, 0x7C, 0x0F, 0x2D, 0x79, 0x0F, 0x2D, 0x79, 0x0F, 0x2D, 0x79, 0x0F, 0x2E, 0x79, 0x0F, 0x2E, 0x79, 0x0F, 0x2E, 0x79, 0x0F, 0x2E, 0x79, 0x0F, 0x2E, 0x79, 0x0F, 0x2E, 0x79, 
        0x0F, 0x2E, 0x79, 0x0F, 0x2E, 0x79, 0x10, 0x30, 0x7A,
  0x02, 0x1E, 0x6F, 0x0B, 0x26, 0x6F, 0x0B, 0x26, 0x70, 0x0B, 0x26, 0x70, 0x0B, 0x26, 0x70, 0x0B, 0x26, 0x70, 0x0B, 0x27, 0x70, 0x0C, 0x27, 0x70, 0x0C, 0x27, 0x70, 0x0C, 0x27, 0x70, 0x0C, 0x27, 0x70, 0x0C, 0x27, 0x70, 0x0C, 0x27, 0x70, 0x0C, 0x27, 0x70, 
        0x0C, 0x27, 0x70, 0x0C, 0x27, 0x71, 0x0C, 0x27, 0x71, 0x0C, 0x27, 0x71, 0x0C, 0x27, 0x71, 0x0C, 0x27, 0x71, 0x0C, 0x27, 0x71, 0x0C, 0x27, 0x71, 0x0C, 0x27, 0x71, 0x0C, 0x28, 0x71, 0x0C, 0x28, 0x71, 0x0C, 0x28, 0x72, 0x0C, 0x28, 0x72, 
        0x0C, 0x28, 0x72, 0x0C, 0x28, 0x72, 0x0C, 0x28, 0x72, 0x0C, 0x28, 0x72, 0x0C, 0x28, 0x72, 0x0C, 0x28, 0x72, 0x0C, 0x28, 0x72, 0x0C, 0x28, 0x72, 0x0C, 0x28, 0x73, 0x0C, 0x28, 0x73, 0x0C, 0x28, 0x73, 0x0C, 0x28, 0x74, 0x0C, 0x29, 0x74, 
        0x0C, 0x29, 0x74, 0x0C, 0x29, 0x74, 0x0C, 0x29, 0x75, 0x0C, 0x29, 0x75, 0x0C, 0x29, 0x75, 0x0C, 0x29, 0x75, 0x0C, 0x29, 0x75, 0x0C, 0x29, 0x75, 0x0C, 0x29, 0x75, 0x0C, 0x29, 0x75, 0x0C, 0x29, 0x75, 0x0C, 0x29, 0x75, 0x0C, 0x29, 0x75, 
        0x0C, 0x2A, 0x76, 0x0C, 0x2A, 0x76, 0x0C, 0x2A, 0x76, 0x0C, 0x2A, 0x76, 0x0C, 0x2A, 0x76, 0x0C, 0x2A, 0x76, 0x0C, 0x2A, 0x76, 0x0C, 0x2A, 0x76, 0x0C, 0x2A, 0x76, 0x0C, 0x2A, 0x76, 0x0C, 0x2A, 0x76, 0x0C, 0x2A, 0x77, 0xFF, 0xFF, 0xFF, 
        0x8D, 0x9B, 0xBF, 0x0D, 0x2B, 0x78, 0x0D, 0x2B, 0x78, 0x7F, 0x8E, 0xB7, 0xFF, 0xFF, 0xFF, 0x0D, 0x2B, 0x77, 0x0D, 0x2B, 0x77, 0x0D, 0x2B, 0x77, 0xFF, 0xFF, 0xFF, 0x8D, 0x9B, 0xC0, 0x0D, 0x2B, 0x77, 0x0D, 0x2A, 0x77, 0x7F, 0x8E, 0xB7, 
        0xFF, 0xFF, 0xFF, 0x0D, 0x2A, 0x77, 0x0D, 0x2B, 0x78, 0x0D, 0x2B, 0x78, 0xFF, 0xFF, 0xFF, 0x8D, 0x9B, 0xC0, 0x0D, 0x2C, 0x79, 0x0D, 0x2C, 0x79, 0x7F, 0x8F, 0xB8, 0xFF, 0xFF, 0xFF, 0x0E, 0x2D, 0x7A, 0x0E, 0x2D, 0x7A, 0x0E, 0x2D, 0x7A, 
        0x0E, 0x2D, 0x7A, 0x0E, 0x2D, 0x7A, 0x0E, 0x2D, 0x7A, 0x0E, 0x2D, 0x7B, 0x0E, 0x2D, 0x7B, 0x0E, 0x2D, 0x7B, 0x0E, 0x2E, 0x7B, 0x0E, 0x2E, 0x7B, 0x0E, 0x2E, 0x7B, 0x0E, 0x2E, 0x7B, 0x0E, 0x2E, 0x7B, 0x0E, 0x2F, 0x7C, 0x0E, 0x2F, 0x7C, 
        0x0E, 0x2F, 0x7C, 0x0F, 0x2F, 0x7C, 0x0F, 0x2F, 0x7C, 0x0E, 0x2F, 0x7C, 0x0F, 0x2E, 0x7C, 0x0E, 0x2E, 0x7C, 0x0E, 0x2E, 0x7B, 0x0E, 0x2E, 0x7B, 0x0E, 0x2E, 0x7B, 0x0E, 0x2E, 0x7B, 0x0E, 0x2E, 0x7B, 0x0E, 0x2E, 0x7B, 0x0E, 0x2E, 0x7B, 
        0x0E, 0x2E, 0x7B, 0x0E, 0x2E, 0x7B, 0x0E, 0x2E, 0x7B, 0x0E, 0x2E, 0x7B, 0x0F, 0x2E, 0x7B, 0x0F, 0x2F, 0x7B, 0x0F, 0x2F, 0x7B, 0x0F, 0x2F, 0x7C, 0x0F, 0x2F, 0x7B, 0x0F, 0x2F, 0x7B, 0x0F, 0x2E, 0x7B, 0x0F, 0x2F, 0x7C, 0x0F, 0x30, 0x7C, 
        0x0F, 0x30, 0x7C, 0x0F, 0x2F, 0x7C, 0x10, 0x31, 0x7D, 0x11, 0x34, 0x7F, 0x10, 0x33, 0x7E, 0x10, 0x31, 0x7D, 0x0F, 0x2F, 0x7C, 0x0F, 0x2F, 0x7C, 0x0F, 0x2F, 0x7C, 0x0F, 0x2E, 0x7B, 0x0F, 0x2E, 0x7B, 0x0F, 0x2E, 0x7A, 0x0F, 0x2E, 0x7B, 
        0x0F, 0x2E, 0x7A, 0x0F, 0x2F, 0x7B, 0x11, 0x33, 0x7E, 0x10, 0x32, 0x7D, 0x0F, 0x2D, 0x7A, 0x0F, 0x2D, 0x7A, 0x0F, 0x2D, 0x7A, 0x0F, 0x2D, 0x7A, 0x0F, 0x2E, 0x7B, 0x0F, 0x2E, 0x7B, 0x0F, 0x2E, 0x7A, 0x0F, 0x2E, 0x7B, 0x0F, 0x2E, 0x7B, 
        0x0F, 0x2E, 0x7B, 0x0F, 0x2E, 0x7B, 0x10, 0x31, 0x7C,
  0x02, 0x1E, 0x6F, 0x0B, 0x26, 0x71, 0x0B, 0x27, 0x71, 0x0B, 0x27, 0x71, 0x0B, 0x27, 0x71, 0x0B, 0x27, 0x71, 0x0B, 0x27, 0x71, 0x0C, 0x27, 0x72, 0x0C, 0x27, 0x72, 0x0C, 0x27, 0x72, 0x0C, 0x27, 0x72, 0x0C, 0x27, 0x72, 0x0C, 0x27, 0x72, 0x0C, 0x28, 0x72, 
        0x0C, 0x28, 0x72, 0x0C, 0x28, 0x72, 0x0C, 0x28, 0x72, 0x0C, 0x28, 0x72, 0x0C, 0x28, 0x72, 0x0C, 0x28, 0x72, 0x0C, 0x28, 0x72, 0x0C, 0x28, 0x72, 0x0C, 0x28, 0x73, 0x0C, 0x28, 0x73, 0x0C, 0x28, 0x73, 0x0C, 0x28, 0x73, 0x0C, 0x28, 0x73, 
        0x0C, 0x28, 0x73, 0x0C, 0x28, 0x74, 0x0C, 0x28, 0x74, 0x0C, 0x28, 0x74, 0x0C, 0x29, 0x74, 0x0C, 0x29, 0x74, 0x0C, 0x29, 0x74, 0x0C, 0x29, 0x74, 0x0C, 0x29, 0x75, 0x0C, 0x29, 0x75, 0x0C, 0x29, 0x76, 0x0C, 0x2A, 0x76, 0x0C, 0x2A, 0x76, 
        0x0C, 0x2A, 0x76, 0x0C, 0x2A, 0x76, 0x0C, 0x2A, 0x77, 0x0C, 0x2A, 0x77, 0x0C, 0x2A, 0x77, 0x0C, 0x2A, 0x77, 0x0C, 0x2A, 0x76, 0x0C, 0x2A, 0x76, 0x0C, 0x2A, 0x76, 0x0C, 0x2A, 0x77, 0x0C, 0x2A, 0x77, 0x0C, 0x2A, 0x77, 0x0C, 0x2A, 0x77, 
        0x0C, 0x2A, 0x77, 0x0C, 0x2A, 0x77, 0x0C, 0x2A, 0x78, 0x0C, 0x2A, 0x78, 0x0C, 0x2B, 0x78, 0x0C, 0x2B, 0x78, 0x0C, 0x2B, 0x78, 0x0C, 0x2B, 0x78, 0x0C, 0x2B, 0x78, 0x0C, 0x2B, 0x78, 0x0C, 0x2B, 0x78, 0x0C, 0x2B, 0x78, 0xFF, 0xFF, 0xFF, 
        0x8D, 0x9B, 0xBF, 0x0D, 0x2B, 0x79, 0x0D, 0x2B, 0x79, 0x7F, 0x8F, 0xB8, 0xFF, 0xFF, 0xFF, 0x0D, 0x2B, 0x79, 0x0D, 0x2B, 0x79, 0x0D, 0x2B, 0x79, 0xFF, 0xFF, 0xFF, 0x8D, 0x9B, 0xC0, 0x0D, 0x2C, 0x79, 0x0D, 0x2B, 0x79, 0x7F, 0x8F, 0xB8, 
        0xFF, 0xFF, 0xFF, 0x0D, 0x2B, 0x79, 0x0D, 0x2B, 0x79, 0x0D, 0x2C, 0x79, 0xFF, 0xFF, 0xFF, 0x8D, 0x9B, 0xC0, 0x0D, 0x2D, 0x7B, 0x0D, 0x2D, 0x7B, 0x7F, 0x90, 0xB9, 0xFF, 0xFF, 0xFF, 0x0E, 0x2E, 0x7C, 0x0E, 0x2E, 0x7C, 0x0E, 0x2E, 0x7C, 
        0x0E, 0x2E, 0x7C, 0x0E, 0x2E, 0x7C, 0x0E, 0x2E, 0x7C, 0x0E, 0x2E, 0x7C, 0x0E, 0x2E, 0x7C, 0x0E, 0x2E, 0x7C, 0x0E, 0x2E, 0x7D, 0x0E, 0x2F, 0x7D, 0x0E, 0x2E, 0x7C, 0x0E, 0x2F, 0x7D, 0x0E, 0x2F, 0x7D, 0x0E, 0x2F, 0x7D, 0x0E, 0x2F, 0x7D, 
        0x0E, 0x2F, 0x7D, 0x0E, 0x2F, 0x7D, 0x0E, 0x2F, 0x7D, 0x0E, 0x2F, 0x7D, 0x0E, 0x2F, 0x7D, 0x0E, 0x2F, 0x7D, 0x0E, 0x2F, 0x7D, 0x0E, 0x2F, 0x7D, 0x0E, 0x2F, 0x7D, 0x0E, 0x2F, 0x7C, 0x0E, 0x2F, 0x7C, 0x0E, 0x2F, 0x7C, 0x0E, 0x2F, 0x7C, 
        0x0E, 0x2F, 0x7D, 0x0E, 0x2F, 0x7D, 0x0F, 0x2F, 0x7D, 0x0F, 0x2F, 0x7D, 0x0F, 0x2F, 0x7D, 0x0F, 0x2F, 0x7D, 0x0F, 0x2F, 0x7D, 0x0F, 0x2F, 0x7D, 0x0F, 0x2F, 0x7D, 0x0F, 0x2F, 0x7D, 0x0F, 0x2F, 0x7D, 0x0F, 0x30, 0x7D, 0x10, 0x33, 0x7F, 
        0x10, 0x33, 0x7F, 0x0F, 0x2F, 0x7D, 0x0F, 0x30, 0x7E, 0x12, 0x36, 0x81, 0x12, 0x37, 0x81, 0x10, 0x33, 0x7F, 0x0F, 0x30, 0x7D, 0x0F, 0x2F, 0x7D, 0x0F, 0x30, 0x7D, 0x0F, 0x2F, 0x7C, 0x0F, 0x2F, 0x7C, 0x0F, 0x2F, 0x7C, 0x0F, 0x2E, 0x7C, 
        0x0F, 0x2E, 0x7C, 0x0F, 0x2E, 0x7C, 0x0F, 0x2F, 0x7D, 0x0F, 0x2F, 0x7D, 0x0F, 0x2E, 0x7C, 0x0F, 0x2E, 0x7C, 0x0F, 0x2E, 0x7C, 0x0F, 0x2E, 0x7C, 0x0F, 0x2E, 0x7C, 0x0F, 0x2F, 0x7C, 0x0F, 0x2F, 0x7C, 0x0F, 0x2F, 0x7C, 0x0F, 0x2F, 0x7D, 
        0x0F, 0x2F, 0x7C, 0x0F, 0x2F, 0x7C, 0x10, 0x31, 0x7D,
  0x02, 0x1E, 0x6F, 0x0B, 0x27, 0x72, 0x0B, 0x28, 0x73, 0x0B, 0x28, 0x73, 0x0B, 0x28, 0x73, 0x0B, 0x28, 0x73, 0x0B, 0x28, 0x73, 0x0C, 0x28, 0x73, 0x0C, 0x28, 0x73, 0x0C, 0x28, 0x73, 0x0C, 0x28, 0x74, 0x0C, 0x28, 0x74, 0x0C, 0x28, 0x74, 0x0C, 0x29, 0x74, 
        0x0C, 0x29, 0x74, 0x0C, 0x29, 0x74, 0x0C, 0x29, 0x74, 0x0C, 0x29, 0x74, 0x0C, 0x29, 0x74, 0x0C, 0x29, 0x74, 0x0C, 0x29, 0x74, 0x0C, 0x29, 0x74, 0x0C, 0x29, 0x74, 0x0C, 0x29, 0x75, 0x0C, 0x29, 0x75, 0x0C, 0x29, 0x75, 0x0C, 0x29, 0x75, 
        0x0C, 0x29, 0x75, 0x0C, 0x29, 0x75, 0x0C, 0x29, 0x75, 0x0C, 0x29, 0x75, 0x0C, 0x29, 0x76, 0x0C, 0x29, 0x76, 0x0C, 0x2A, 0x76, 0x0C, 0x2A, 0x77, 0x0C, 0x2A, 0x77, 0x0C, 0x2A, 0x78, 0x0C, 0x2B, 0x78, 0x0C, 0x2B, 0x78, 0x0C, 0x2B, 0x78, 
        0x0C, 0x2A, 0x78, 0x0C, 0x2B, 0x78, 0x0C, 0x2B, 0x79, 0x0C, 0x2B, 0x79, 0x0C, 0x2B, 0x78, 0x0C, 0x2B, 0x78, 0x0C, 0x2B, 0x78, 0x0C, 0x2B, 0x78, 0x0C, 0x2B, 0x78, 0x0C, 0x2B, 0x78, 0x0C, 0x2B, 0x78, 0x0C, 0x2B, 0x79, 0x0C, 0x2B, 0x79, 
        0x0C, 0x2B, 0x79, 0x0C, 0x2B, 0x79, 0x0C, 0x2B, 0x79, 0x0C, 0x2B, 0x79, 0x0C, 0x2B, 0x79, 0x0C, 0x2B, 0x79, 0x0C, 0x2B, 0x79, 0x0C, 0x2B, 0x79, 0x0C, 0x2B, 0x79, 0x0C, 0x2B, 0x79, 0x0C, 0x2B, 0x7A, 0x0C, 0x2B, 0x7A, 0xFF, 0xFF, 0xFF, 
        0x8D, 0x9C, 0xC0, 0x0D, 0x2C, 0x7A, 0x0D, 0x2C, 0x7A, 0x7F, 0x8F, 0xB9, 0xFF, 0xFF, 0xFF, 0x0D, 0x2C, 0x7A, 0x0D, 0x2C, 0x7A, 0x0D, 0x2C, 0x7A, 0xFF, 0xFF, 0xFF, 0x8D, 0x9C, 0xC0, 0x0D, 0x2C, 0x7B, 0x0D, 0x2C, 0x7A, 0x7F, 0x8F, 0xB9, 
        0xFF, 0xFF, 0xFF, 0x0D, 0x2C, 0x7B, 0x0D, 0x2C, 0x7B, 0x0D, 0x2C, 0x7B, 0xFF, 0xFF, 0xFF, 0x8D, 0x9C, 0xC1, 0x0D, 0x2D, 0x7C, 0x0D, 0x2E, 0x7C, 0x7F, 0x90, 0xBA, 0xFF, 0xFF, 0xFF, 0x0E, 0x2F, 0x7D, 0x0E, 0x2F, 0x7E, 0x0E, 0x2F, 0x7E, 
        0x0E, 0x2F, 0x7D, 0x0E, 0x2F, 0x7E, 0x0E, 0x2F, 0x7E, 0x0E, 0x2F, 0x7E, 0x0E, 0x2F, 0x7E, 0x0E, 0x2F, 0x7E, 0x0E, 0x2F, 0x7E, 0x0E, 0x2F, 0x7E, 0x0E, 0x2F, 0x7E, 0x0E, 0x2F, 0x7E, 0x0E, 0x2F, 0x7E, 0x0E, 0x30, 0x7E, 0x0E, 0x30, 0x7F, 
        0x0E, 0x30, 0x7F, 0x0E, 0x30, 0x7F, 0x0E, 0x30, 0x7F, 0x0E, 0x30, 0x7E, 0x0E, 0x30, 0x7E, 0x0E, 0x30, 0x7E, 0x0E, 0x30, 0x7E, 0x0E, 0x30, 0x7E, 0x0E, 0x30, 0x7E, 0x0E, 0x30, 0x7E, 0x0E, 0x2F, 0x7E, 0x0E, 0x2F, 0x7E, 0x0E, 0x30, 0x7E, 
        0x0E, 0x30, 0x7E, 0x0E, 0x30, 0x7E, 0x0F, 0x30, 0x7E, 0x0F, 0x30, 0x7E, 0x0F, 0x30, 0x7E, 0x0F, 0x30, 0x7E, 0x0F, 0x30, 0x7E, 0x0F, 0x30, 0x7E, 0x0F, 0x30, 0x7E, 0x0F, 0x30, 0x7E, 0x0F, 0x2F, 0x7E, 0x0F, 0x30, 0x7E, 0x0F, 0x31, 0x7F, 
        0x10, 0x32, 0x80, 0x0F, 0x30, 0x7E, 0x0F, 0x30, 0x7E, 0x10, 0x33, 0x80, 0x11, 0x36, 0x82, 0x10, 0x32, 0x80, 0x0F, 0x30, 0x7E, 0x0F, 0x30, 0x7E, 0x0F, 0x30, 0x7E, 0x0F, 0x2F, 0x7E, 0x0F, 0x2F, 0x7D, 0x0F, 0x2F, 0x7D, 0x0F, 0x2F, 0x7D, 
        0x0F, 0x2F, 0x7D, 0x0E, 0x2E, 0x7D, 0x0E, 0x2F, 0x7D, 0x0F, 0x2F, 0x7D, 0x0F, 0x2F, 0x7D, 0x0F, 0x2F, 0x7D, 0x0F, 0x2F, 0x7D, 0x0F, 0x2F, 0x7D, 0x0F, 0x2F, 0x7E, 0x0F, 0x2F, 0x7E, 0x0F, 0x30, 0x7E, 0x0F, 0x2F, 0x7E, 0x0F, 0x2F, 0x7D, 
        0x0F, 0x2F, 0x7E, 0x0F, 0x30, 0x7E, 0x10, 0x32, 0x7F,
  0x02, 0x1E, 0x6F, 0x0B, 0x28, 0x74, 0x0B, 0x29, 0x74, 0x0B, 0x29, 0x74, 0x0B, 0x29, 0x74, 0x0B, 0x29, 0x75, 0x0B, 0x29, 0x75, 0x0C, 0x29, 0x75, 0x0C, 0x29, 0x75, 0x0C, 0x29, 0x75, 0x0C, 0x29, 0x75, 0x0C, 0x29, 0x75, 0x0C, 0x29, 0x75, 0x0C, 0x29, 0x75, 
        0x0C, 0x29, 0x75, 0x0C, 0x29, 0x75, 0x0C, 0x29, 0x75, 0x0C, 0x29, 0x75, 0x0C, 0x29, 0x76, 0x0C, 0x29, 0x76, 0x0C, 0x29, 0x76, 0x0C, 0x29, 0x76, 0x0C, 0x2A, 0x76, 0x0C, 0x2A, 0x76, 0x0C, 0x2A, 0x76, 0x0C, 0x2A, 0x76, 0x0C, 0x2A, 0x76, 
        0x0C, 0x2A, 0x76, 0x0C, 0x2A, 0x77, 0x0C, 0x2A, 0x77, 0x0C, 0x2A, 0x77, 0x0C, 0x2A, 0x78, 0x0C, 0x2A, 0x78, 0x0C, 0x2B, 0x79, 0x0C, 0x2B, 0x79, 0x0C, 0x2B, 0x79, 0x0C, 0x2B, 0x7A, 0x0C, 0x2B, 0x7A, 0x0C, 0x2B, 0x7A, 0x0C, 0x2B, 0x7A, 
        0x0C, 0x2B, 0x7A, 0x0C, 0x2B, 0x7A, 0x0C, 0x2B, 0x7A, 0x0C, 0x2C, 0x7A, 0x0C, 0x2C, 0x7A, 0x0C, 0x2C, 0x7A, 0x0C, 0x2C, 0x7A, 0x0C, 0x2C, 0x7A, 0x0C, 0x2C, 0x7A, 0x0C, 0x2C, 0x7A, 0x0C, 0x2C, 0x7A, 0x0C, 0x2C, 0x7A, 0x0C, 0x2C, 0x7A, 
        0x0C, 0x2C, 0x7B, 0x0C, 0x2C, 0x7B, 0x0C, 0x2C, 0x7B, 0x0C, 0x2C, 0x7B, 0x0C, 0x2C, 0x7A, 0x0C, 0x2C, 0x7B, 0x0C, 0x2C, 0x7B, 0x0C, 0x2C, 0x7B, 0x0C, 0x2C, 0x7B, 0x0C, 0x2C, 0x7B, 0x0C, 0x2C, 0x7B, 0x0C, 0x2C, 0x7C, 0xFF, 0xFF, 0xFF, 
        0x8D, 0x9C, 0xC1, 0x0D, 0x2D, 0x7C, 0x0D, 0x2D, 0x7C, 0x0D, 0x2D, 0x7C, 0x0D, 0x2D, 0x7C, 0x0D, 0x2D, 0x7C, 0x0D, 0x2D, 0x7C, 0x0D, 0x2D, 0x7C, 0x0D, 0x2D, 0x7C, 0x0D, 0x2D, 0x7C, 0x0D, 0x2D, 0x7C, 0x0D, 0x2D, 0x7C, 0x0D, 0x2D, 0x7C, 
        0x0D, 0x2D, 0x7C, 0x0D, 0x2D, 0x7C, 0x0D, 0x2D, 0x7C, 0x0D, 0x2D, 0x7D, 0x0D, 0x2D, 0x7D, 0x0D, 0x2D, 0x7D, 0x0D, 0x2E, 0x7E, 0x0D, 0x2F, 0x7E, 0x7F, 0x91, 0xBB, 0xFF, 0xFF, 0xFF, 0x0E, 0x2F, 0x7F, 0x0E, 0x2F, 0x7F, 0x0E, 0x2F, 0x7F, 
        0x0E, 0x2F, 0x7F, 0x0E, 0x2F, 0x7F, 0x0E, 0x30, 0x7F, 0x0E, 0x30, 0x7F, 0x0E, 0x30, 0x7F, 0x0E, 0x30, 0x7F, 0x0E, 0x30, 0x80, 0x0E, 0x30, 0x80, 0x0E, 0x30, 0x7F, 0x0E, 0x30, 0x80, 0x0E, 0x30, 0x80, 0x0E, 0x30, 0x80, 0x0E, 0x30, 0x80, 
        0x0E, 0x30, 0x80, 0x0E, 0x30, 0x80, 0x0E, 0x30, 0x80, 0x0E, 0x30, 0x80, 0x0E, 0x30, 0x80, 0x0E, 0x30, 0x80, 0x0E, 0x31, 0x80, 0x0E, 0x31, 0x7F, 0x0E, 0x30, 0x7F, 0x0E, 0x30, 0x7F, 0x0E, 0x30, 0x7F, 0x0E, 0x30, 0x7F, 0x0E, 0x30, 0x80, 
        0x0F, 0x30, 0x80, 0x0F, 0x31, 0x80, 0x0F, 0x31, 0x80, 0x0F, 0x30, 0x80, 0x0F, 0x30, 0x80, 0x0F, 0x30, 0x80, 0x0F, 0x30, 0x80, 0x0F, 0x30, 0x80, 0x0F, 0x31, 0x80, 0x0F, 0x30, 0x80, 0x0F, 0x31, 0x80, 0x0F, 0x30, 0x7F, 0x0F, 0x30, 0x7F, 
        0x0F, 0x31, 0x80, 0x0F, 0x31, 0x80, 0x0F, 0x31, 0x80, 0x0F, 0x31, 0x80, 0x0F, 0x31, 0x80, 0x0F, 0x31, 0x80, 0x0F, 0x30, 0x7F, 0x0F, 0x30, 0x7F, 0x0F, 0x30, 0x7F, 0x0F, 0x30, 0x7F, 0x0F, 0x2F, 0x7E, 0x0F, 0x30, 0x7F, 0x0F, 0x30, 0x7F, 
        0x0F, 0x30, 0x7F, 0x0F, 0x30, 0x7F, 0x0F, 0x30, 0x7F, 0x0F, 0x30, 0x7F, 0x0F, 0x30, 0x7F, 0x0F, 0x30, 0x7F, 0x0F, 0x30, 0x7F, 0x0F, 0x30, 0x7F, 0x0F, 0x30, 0x7F, 0x0F, 0x30, 0x7F, 0x0F, 0x30, 0x7F, 0x0F, 0x30, 0x7F, 0x0F, 0x31, 0x80, 
        0x11, 0x35, 0x82, 0x11, 0x35, 0x82, 0x10, 0x33, 0x80,
  0x02, 0x1D, 0x6F, 0x0B, 0x29, 0x76, 0x0B, 0x2A, 0x77, 0x0B, 0x2A, 0x77, 0x0B, 0x2A, 0x77, 0x0B, 0x2A, 0x77, 0x0B, 0x2A, 0x77, 0x0C, 0x2A, 0x77, 0x0C, 0x2A, 0x77, 0x0C, 0x2A, 0x77, 0x0C, 0x2A, 0x77, 0x0C, 0x2A, 0x77, 0x0C, 0x2A, 0x78, 0x0C, 0x2A, 0x78, 
        0x0C, 0x2A, 0x78, 0x0C, 0x2A, 0x78, 0x0C, 0x2A, 0x78, 0x0C, 0x2A, 0x78, 0x0C, 0x2A, 0x78, 0x0C, 0x2A, 0x78, 0x0C, 0x2A, 0x78, 0x0C, 0x2A, 0x78, 0x0C, 0x2A, 0x78, 0x0C, 0x2A, 0x78, 0x0C, 0x2A, 0x78, 0x0C, 0x2A, 0x79, 0x0C, 0x2B, 0x79, 
        0x0C, 0x2B, 0x79, 0x0C, 0x2B, 0x79, 0x0C, 0x2B, 0x7A, 0x0C, 0x2B, 0x7A, 0x0C, 0x2B, 0x7A, 0x0C, 0x2B, 0x7B, 0x0C, 0x2C, 0x7C, 0x0C, 0x2C, 0x7C, 0x0C, 0x2C, 0x7C, 0x0C, 0x2C, 0x7C, 0x0C, 0x2C, 0x7B, 0x0C, 0x2C, 0x7C, 0x0C, 0x2C, 0x7C, 
        0x0C, 0x2C, 0x7C, 0x0C, 0x2C, 0x7C, 0x0C, 0x2C, 0x7B, 0x0C, 0x2C, 0x7C, 0x0C, 0x2C, 0x7C, 0x0C, 0x2D, 0x7D, 0x0C, 0x2D, 0x7D, 0x0C, 0x2D, 0x7D, 0x0C, 0x2D, 0x7D, 0x0C, 0x2D, 0x7C, 0x0C, 0x2D, 0x7C, 0x0C, 0x2C, 0x7D, 0x0C, 0x2D, 0x7D, 
        0x0C, 0x2D, 0x7D, 0x0C, 0x2D, 0x7D, 0x0C, 0x2D, 0x7D, 0x0C, 0x2D, 0x7D, 0x0C, 0x2D, 0x7D, 0x0C, 0x2D, 0x7D, 0x0C, 0x2D, 0x7D, 0x0C, 0x2D, 0x7D, 0x0C, 0x2D, 0x7D, 0x0C, 0x2D, 0x7D, 0x0C, 0x2D, 0x7E, 0x0C, 0x2D, 0x7E, 0xFF, 0xFF, 0xFF, 
        0xC2, 0xCB, 0xDF, 0x7E, 0x90, 0xBA, 0x7E, 0x90, 0xBB, 0x7E, 0x90, 0xBA, 0x7E, 0x90, 0xBA, 0x7E, 0x90, 0xBA, 0x7E, 0x90, 0xBA, 0x7E, 0x90, 0xBA, 0x7E, 0x90, 0xBA, 0x7E, 0x90, 0xBA, 0x7E, 0x90, 0xBA, 0x7E, 0x90, 0xBB, 0x7E, 0x90, 0xBB, 
        0x7E, 0x90, 0xBB, 0x7E, 0x90, 0xBB, 0x7E, 0x90, 0xBB, 0x7E, 0x90, 0xBB, 0x7E, 0x90, 0xBB, 0x7E, 0x90, 0xBB, 0x7E, 0x90, 0xBB, 0x7E, 0x91, 0xBC, 0xBB, 0xC5, 0xDC, 0xFF, 0xFF, 0xFF, 0x0E, 0x30, 0x81, 0x0E, 0x30, 0x81, 0x0E, 0x30, 0x81, 
        0x0E, 0x30, 0x82, 0x0E, 0x30, 0x82, 0x0E, 0x30, 0x82, 0x0E, 0x31, 0x82, 0x0E, 0x30, 0x82, 0x0E, 0x30, 0x82, 0x0E, 0x31, 0x82, 0x0E, 0x31, 0x82, 0x0E, 0x30, 0x82, 0x0E, 0x31, 0x82, 0x0E, 0x31, 0x82, 0x0E, 0x31, 0x82, 0x0E, 0x31, 0x82, 
        0x0E, 0x31, 0x82, 0x0E, 0x31, 0x82, 0x0E, 0x31, 0x82, 0x0E, 0x31, 0x82, 0x0E, 0x31, 0x82, 0x0E, 0x31, 0x82, 0x0E, 0x31, 0x82, 0x0E, 0x31, 0x82, 0x0E, 0x31, 0x82, 0x0E, 0x31, 0x82, 0x0E, 0x31, 0x82, 0x0E, 0x30, 0x82, 0x0F, 0x31, 0x82, 
        0x0F, 0x31, 0x82, 0x0F, 0x32, 0x82, 0x0F, 0x32, 0x82, 0x0F, 0x31, 0x82, 0x0F, 0x31, 0x82, 0x0F, 0x31, 0x82, 0x0F, 0x31, 0x82, 0x0F, 0x31, 0x82, 0x0F, 0x31, 0x82, 0x0F, 0x31, 0x82, 0x0F, 0x31, 0x82, 0x0F, 0x31, 0x82, 0x0F, 0x31, 0x82, 
        0x0F, 0x31, 0x82, 0x0F, 0x31, 0x82, 0x0F, 0x31, 0x82, 0x0F, 0x31, 0x82, 0x0F, 0x31, 0x82, 0x0F, 0x31, 0x82, 0x0F, 0x31, 0x82, 0x0F, 0x31, 0x82, 0x0F, 0x31, 0x81, 0x0F, 0x31, 0x81, 0x0F, 0x30, 0x81, 0x0F, 0x31, 0x82, 0x0F, 0x31, 0x81, 
        0x0F, 0x30, 0x81, 0x0F, 0x31, 0x81, 0x0F, 0x31, 0x81, 0x0F, 0x31, 0x81, 0x0F, 0x31, 0x81, 0x0F, 0x31, 0x81, 0x0F, 0x31, 0x81, 0x0F, 0x31, 0x81, 0x0F, 0x31, 0x82, 0x0F, 0x31, 0x82, 0x0F, 0x31, 0x82, 0x0F, 0x31, 0x81, 0x0F, 0x32, 0x82, 
        0x13, 0x38, 0x86, 0x12, 0x38, 0x86, 0x10, 0x34, 0x83,
  0x02, 0x1C, 0x6F, 0x0B, 0x29, 0x77, 0x0B, 0x2A, 0x78, 0x0B, 0x2A, 0x78, 0x0B, 0x2B, 0x78, 0x0B, 0x2B, 0x78, 0x0B, 0x2A, 0x78, 0x0B, 0x2A, 0x79, 0x0B, 0x2A, 0x79, 0x0B, 0x2B, 0x79, 0x0C, 0x2B, 0x79, 0x0C, 0x2B, 0x79, 0x0C, 0x2B, 0x79, 0x0C, 0x2B, 0x79, 
        0x0C, 0x2B, 0x79, 0x0C, 0x2B, 0x79, 0x0C, 0x2B, 0x79, 0x0C, 0x2B, 0x79, 0x0C, 0x2B, 0x79, 0x0C, 0x2B, 0x79, 0x0C, 0x2B, 0x79, 0x0C, 0x2B, 0x79, 0x0C, 0x2B, 0x7A, 0x0C, 0x2B, 0x7A, 0x0C, 0x2B, 0x7A, 0x0C, 0x2B, 0x7B, 0x0C, 0x2B, 0x7B, 
        0x0C, 0x2C, 0x7B, 0x0C, 0x2C, 0x7C, 0x0C, 0x2C, 0x7C, 0x0C, 0x2C, 0x7C, 0x0C, 0x2C, 0x7C, 0x0C, 0x2C, 0x7D, 0x0C, 0x2D, 0x7D, 0x0C, 0x2D, 0x7D, 0x0C, 0x2D, 0x7D, 0x0C, 0x2D, 0x7D, 0x0C, 0x2D, 0x7D, 0x0C, 0x2D, 0x7D, 0x0C, 0x2D, 0x7E, 
        0x0C, 0x2D, 0x7E, 0x0C, 0x2D, 0x7E, 0x0C, 0x2D, 0x7E, 0x0C, 0x2D, 0x7D, 0x0C, 0x2D, 0x7D, 0x0C, 0x2D, 0x7E, 0x0C, 0x2D, 0x7E, 0x0C, 0x2D, 0x7E, 0x0C, 0x2D, 0x7E, 0x0C, 0x2D, 0x7E, 0x0C, 0x2D, 0x7E, 0x0C, 0x2D, 0x7E, 0x0C, 0x2D, 0x7F, 
        0x0C, 0x2E, 0x7F, 0x0C, 0x2E, 0x7F, 0x0C, 0x2E, 0x7F, 0x0C, 0x2D, 0x7E, 0x0C, 0x2D, 0x7E, 0x0C, 0x2D, 0x7E, 0x0C, 0x2D, 0x7E, 0x0C, 0x2E, 0x7F, 0x0C, 0x2E, 0x7F, 0x0C, 0x2E, 0x7F, 0x0C, 0x2E, 0x7F, 0x0D, 0x2E, 0x7F, 0xFF, 0xFF, 0xFF, 
        0xFF, 0xFF, 0xFF, 0xFF, 0xFF, 0xFF, 0xFF, 0xFF, 0xFF, 0xFF, 0xFF, 0xFF, 0xFF, 0xFF, 0xFF, 0xFF, 0xFF, 0xFF, 0xFF, 0xFF, 0xFF, 0xFF, 0xFF, 0xFF, 0xFF, 0xFF, 0xFF, 0xFF, 0xFF, 0xFF, 0xFF, 0xFF, 0xFF, 0xFF, 0xFF, 0xFF, 0xFF, 0xFF, 0xFF, 
        0xFF, 0xFF, 0xFF, 0xFF, 0xFF, 0xFF, 0xFF, 0xFF, 0xFF, 0xFF, 0xFF, 0xFF, 0xFF, 0xFF, 0xFF, 0xFF, 0xFF, 0xFF, 0xFF, 0xFF, 0xFF, 0xFF, 0xFF, 0xFF, 0xFF, 0xFF, 0xFF, 0xFF, 0xFF, 0xFF, 0x0E, 0x31, 0x83, 0x0E, 0x31, 0x83, 0x0E, 0x31, 0x83, 
        0x0E, 0x31, 0x83, 0x0E, 0x31, 0x83, 0x0E, 0x31, 0x83, 0x0E, 0x31, 0x83, 0x0E, 0x31, 0x83, 0x0E, 0x31, 0x83, 0x0E, 0x31, 0x83, 0x0E, 0x31, 0x83, 0x0E, 0x31, 0x84, 0x0E, 0x31, 0x84, 0x0E, 0x31, 0x84, 0x0E, 0x32, 0x83, 0x0E, 0x32, 0x83, 
        0x0E, 0x32, 0x83, 0x0E, 0x32, 0x83, 0x0E, 0x32, 0x83, 0x0E, 0x32, 0x84, 0x0E, 0x32, 0x84, 0x0E, 0x32, 0x84, 0x0E, 0x32, 0x83, 0x0E, 0x32, 0x83, 0x0E, 0x32, 0x83, 0x0E, 0x32, 0x83, 0x0E, 0x32, 0x83, 0x0E, 0x32, 0x83, 0x0E, 0x32, 0x83, 
        0x0E, 0x32, 0x83, 0x0E, 0x32, 0x83, 0x0F, 0x33, 0x84, 0x0E, 0x32, 0x83, 0x0F, 0x32, 0x84, 0x0F, 0x33, 0x84, 0x0F, 0x33, 0x84, 0x0F, 0x32, 0x84, 0x0F, 0x32, 0x84, 0x0F, 0x32, 0x83, 0x0F, 0x32, 0x83, 0x0F, 0x32, 0x84, 0x0F, 0x32, 0x84, 
        0x0F, 0x32, 0x84, 0x0F, 0x32, 0x84, 0x0F, 0x32, 0x84, 0x0F, 0x32, 0x84, 0x0F, 0x32, 0x83, 0x0F, 0x32, 0x83, 0x0F, 0x32, 0x83, 0x0F, 0x32, 0x83, 0x0F, 0x32, 0x83, 0x0F, 0x32, 0x83, 0x0F, 0x31, 0x83, 0x0F, 0x31, 0x82, 0x0F, 0x31, 0x83, 
        0x0F, 0x31, 0x83, 0x0F, 0x32, 0x83, 0x0F, 0x31, 0x83, 0x0F, 0x31, 0x83, 0x0F, 0x32, 0x83, 0x0F, 0x32, 0x83, 0x0F, 0x32, 0x83, 0x0F, 0x32, 0x83, 0x0F, 0x32, 0x83, 0x0F, 0x32, 0x83, 0x0F, 0x32, 0x83, 0x0F, 0x32, 0x83, 0x0F, 0x32, 0x83, 
        0x10, 0x34, 0x85, 0x10, 0x34, 0x84, 0x10, 0x34, 0x84,
  0x02, 0x1C, 0x6E, 0x0B, 0x2A, 0x79, 0x0B, 0x2B, 0x7A, 0x0B, 0x2B, 0x7A, 0x0B, 0x2B, 0x7A, 0x0B, 0x2B, 0x7A, 0x0B, 0x2B, 0x7A, 0x0B, 0x2B, 0x7A, 0x0B, 0x2B, 0x7A, 0x0B, 0x2B, 0x7A, 0x0B, 0x2B, 0x7A, 0x0C, 0x2B, 0x7B, 0x0C, 0x2B, 0x7B, 0x0C, 0x2C, 0x7B, 
        0x0C, 0x2C, 0x7B, 0x0C, 0x2C, 0x7B, 0x0C, 0x2C, 0x7B, 0x0C, 0x2C, 0x7B, 0x0C, 0x2C, 0x7B, 0x0C, 0x2C, 0x7B, 0x0C, 0x2C, 0x7A, 0x0C, 0x2C, 0x7B, 0x0C, 0x2C, 0x7C, 0x0C, 0x2C, 0x7C, 0x0C, 0x2C, 0x7C, 0x0C, 0x2C, 0x7C, 0x0C, 0x2C, 0x7D, 
        0x0C, 0x2D, 0x7D, 0x0C, 0x2D, 0x7D, 0x0C, 0x2D, 0x7E, 0x0C, 0x2D, 0x7E, 0x0C, 0x2D, 0x7E, 0x0C, 0x2D, 0x7E, 0x0C, 0x2D, 0x7E, 0x0C, 0x2D, 0x7F, 0x0C, 0x2D, 0x7F, 0x0C, 0x2D, 0x7F, 0x0C, 0x2E, 0x7F, 0x0C, 0x2E, 0x7F, 0x0C, 0x2E, 0x7F, 
        0x0C, 0x2E, 0x7F, 0x0C, 0x2E, 0x7F, 0x0C, 0x2E, 0x7F, 0x0C, 0x2E, 0x7F, 0x0C, 0x2E, 0x7F, 0x0C, 0x2E, 0x7F, 0x0C, 0x2E, 0x7F, 0x0C, 0x2E, 0x80, 0x0C, 0x2E, 0x80, 0x0C, 0x2E, 0x80, 0x0C, 0x2E, 0x80, 0x0C, 0x2E, 0x80, 0x0C, 0x2E, 0x80, 
        0x0C, 0x2E, 0x80, 0x0C, 0x2E, 0x80, 0x0C, 0x2E, 0x80, 0x0C, 0x2E, 0x80, 0x0C, 0x2E, 0x80, 0x0C, 0x2E, 0x80, 0x0C, 0x2E, 0x80, 0x0C, 0x2E, 0x80, 0x0C, 0x2E, 0x80, 0x0C, 0x2F, 0x81, 0x0C, 0x2F, 0x81, 0x0D, 0x2F, 0x81, 0x0D, 0x2F, 0x81, 
        0x0D, 0x2F, 0x81, 0x0D, 0x2F, 0x82, 0x0D, 0x2F, 0x81, 0x0D, 0x2F, 0x81, 0x0D, 0x2F, 0x81, 0x0D, 0x2F, 0x81, 0x0D, 0x2F, 0x81, 0x0D, 0x2F, 0x82, 0x0D, 0x2F, 0x82, 0x0D, 0x2F, 0x82, 0x0D, 0x2F, 0x82, 0x0D, 0x2F, 0x82, 0x0D, 0x2F, 0x82, 
        0x0D, 0x30, 0x82, 0x0D, 0x30, 0x82, 0x0D, 0x30, 0x82, 0x0D, 0x30, 0x82, 0x0D, 0x30, 0x82, 0x0D, 0x30, 0x82, 0x0D, 0x30, 0x83, 0x0D, 0x31, 0x83, 0x0D, 0x31, 0x84, 0x0D, 0x31, 0x84, 0x0E, 0x31, 0x84, 0x0E, 0x32, 0x84, 0x0E, 0x32, 0x84, 
        0x0E, 0x32, 0x84, 0x0E, 0x32, 0x85, 0x0E, 0x32, 0x85, 0x0E, 0x32, 0x85, 0x0E, 0x32, 0x85, 0x0E, 0x32, 0x85, 0x0E, 0x32, 0x85, 0x0E, 0x32, 0x85, 0x0E, 0x32, 0x85, 0x0E, 0x32, 0x85, 0x0E, 0x32, 0x85, 0x0E, 0x33, 0x85, 0x0E, 0x33, 0x85, 
        0x0E, 0x33, 0x85, 0x0E, 0x33, 0x85, 0x0E, 0x33, 0x85, 0x0E, 0x33, 0x85, 0x0E, 0x33, 0x85, 0x0E, 0x33, 0x85, 0x0E, 0x33, 0x85, 0x0E, 0x33, 0x85, 0x0E, 0x33, 0x85, 0x0E, 0x33, 0x85, 0x0E, 0x33, 0x85, 0x0F, 0x33, 0x85, 0x0F, 0x33, 0x85, 
        0x0F, 0x33, 0x85, 0x0F, 0x33, 0x85, 0x0F, 0x33, 0x85, 0x0F, 0x33, 0x85, 0x0F, 0x33, 0x85, 0x0F, 0x33, 0x86, 0x0F, 0x33, 0x86, 0x0F, 0x33, 0x85, 0x0E, 0x33, 0x85, 0x0E, 0x33, 0x85, 0x0F, 0x33, 0x85, 0x0F, 0x33, 0x85, 0x0F, 0x33, 0x85, 
        0x0F, 0x33, 0x85, 0x0F, 0x33, 0x85, 0x0F, 0x33, 0x85, 0x0F, 0x33, 0x85, 0x0F, 0x33, 0x85, 0x0F, 0x32, 0x85, 0x0F, 0x32, 0x85, 0x0F, 0x32, 0x85, 0x0F, 0x32, 0x84, 0x0F, 0x32, 0x84, 0x0F, 0x32, 0x84, 0x0F, 0x32, 0x84, 0x0F, 0x32, 0x84, 
        0x0F, 0x32, 0x84, 0x0F, 0x32, 0x84, 0x0F, 0x33, 0x84, 0x0F, 0x33, 0x85, 0x0F, 0x33, 0x85, 0x0F, 0x33, 0x85, 0x0F, 0x33, 0x85, 0x0F, 0x33, 0x85, 0x0F, 0x33, 0x85, 0x0F, 0x33, 0x85, 0x0F, 0x33, 0x84, 0x0F, 0x33, 0x84, 0x0F, 0x32, 0x84, 
        0x0F, 0x33, 0x84, 0x0F, 0x33, 0x84, 0x10, 0x35, 0x85,
  0x02, 0x1D, 0x6E, 0x0B, 0x2B, 0x7A, 0x0B, 0x2C, 0x7B, 0x0B, 0x2C, 0x7C, 0x0B, 0x2C, 0x7C, 0x0B, 0x2C, 0x7C, 0x0B, 0x2C, 0x7B, 0x0B, 0x2C, 0x7B, 0x0B, 0x2C, 0x7B, 0x0B, 0x2C, 0x7C, 0x0B, 0x2C, 0x7C, 0x0B, 0x2C, 0x7C, 0x0B, 0x2C, 0x7C, 0x0C, 0x2C, 0x7C, 
        0x0C, 0x2C, 0x7C, 0x0C, 0x2C, 0x7C, 0x0C, 0x2D, 0x7C, 0x0C, 0x2D, 0x7C, 0x0C, 0x2D, 0x7C, 0x0C, 0x2D, 0x7C, 0x0C, 0x2D, 0x7D, 0x0C, 0x2D, 0x7D, 0x0C, 0x2D, 0x7D, 0x0C, 0x2D, 0x7E, 0x0C, 0x2D, 0x7E, 0x0C, 0x2D, 0x7F, 0x0C, 0x2D, 0x7F, 
        0x0C, 0x2D, 0x7F, 0x0C, 0x2D, 0x7F, 0x0C, 0x2D, 0x7F, 0x0C, 0x2E, 0x7F, 0x0C, 0x2E, 0x80, 0x0C, 0x2E, 0x80, 0x0C, 0x2E, 0x80, 0x0C, 0x2E, 0x80, 0x0C, 0x2E, 0x81, 0x0C, 0x2E, 0x81, 0x0C, 0x2E, 0x81, 0x0C, 0x2F, 0x81, 0x0C, 0x2E, 0x80, 
        0x0C, 0x2E, 0x80, 0x0C, 0x2E, 0x80, 0x0C, 0x2E, 0x80, 0x0C, 0x2F, 0x81, 0x0C, 0x2F, 0x81, 0x0C, 0x2F, 0x81, 0x0C, 0x2F, 0x81, 0x0C, 0x2F, 0x81, 0x0C, 0x2F, 0x82, 0x0C, 0x2F, 0x82, 0x0C, 0x2F, 0x82, 0x0C, 0x2F, 0x82, 0x0C, 0x2F, 0x82, 
        0x0C, 0x2F, 0x82, 0x0C, 0x2F, 0x81, 0x0C, 0x2F, 0x82, 0x0C, 0x2F, 0x82, 0x0C, 0x2F, 0x82, 0x0C, 0x2F, 0x81, 0x0C, 0x2F, 0x81, 0x0C, 0x2F, 0x82, 0x0C, 0x2F, 0x82, 0x0C, 0x2F, 0x82, 0x0C, 0x30, 0x82, 0x0D, 0x2F, 0x82, 0x0D, 0x30, 0x83, 
        0x0D, 0x30, 0x83, 0x0D, 0x30, 0x83, 0x0D, 0x30, 0x83, 0x0D, 0x30, 0x83, 0x0D, 0x30, 0x83, 0x0D, 0x30, 0x83, 0x0D, 0x30, 0x83, 0x0D, 0x30, 0x83, 0x0D, 0x30, 0x83, 0x0D, 0x30, 0x83, 0x0D, 0x30, 0x83, 0x0D, 0x30, 0x83, 0x0D, 0x30, 0x83, 
        0x0D, 0x30, 0x83, 0x0D, 0x30, 0x83, 0x0D, 0x30, 0x83, 0x0D, 0x30, 0x83, 0x0D, 0x30, 0x83, 0x0D, 0x30, 0x83, 0x0D, 0x31, 0x84, 0x0D, 0x31, 0x84, 0x0D, 0x32, 0x85, 0x0E, 0x32, 0x86, 0x0E, 0x33, 0x86, 0x0E, 0x33, 0x86, 0x0E, 0x33, 0x86, 
        0x0E, 0x33, 0x86, 0x0E, 0x33, 0x86, 0x0E, 0x33, 0x86, 0x0E, 0x33, 0x87, 0x0E, 0x33, 0x86, 0x0E, 0x33, 0x86, 0x0E, 0x33, 0x86, 0x0E, 0x33, 0x87, 0x0E, 0x33, 0x87, 0x0E, 0x33, 0x87, 0x0E, 0x33, 0x87, 0x0E, 0x33, 0x87, 0x0E, 0x33, 0x86, 
        0x0E, 0x33, 0x86, 0x0E, 0x33, 0x87, 0x0E, 0x33, 0x87, 0x0E, 0x34, 0x87, 0x0E, 0x34, 0x87, 0x0E, 0x34, 0x87, 0x0E, 0x33, 0x87, 0x0E, 0x33, 0x87, 0x0E, 0x33, 0x87, 0x0E, 0x33, 0x86, 0x0E, 0x33, 0x86, 0x0E, 0x33, 0x86, 0x0F, 0x34, 0x87, 
        0x0F, 0x34, 0x87, 0x0F, 0x34, 0x87, 0x0F, 0x34, 0x87, 0x0F, 0x34, 0x87, 0x0F, 0x34, 0x87, 0x0F, 0x34, 0x87, 0x0F, 0x34, 0x87, 0x0F, 0x34, 0x87, 0x0F, 0x33, 0x87, 0x0E, 0x33, 0x87, 0x0F, 0x33, 0x87, 0x0F, 0x34, 0x87, 0x0F, 0x34, 0x86, 
        0x0F, 0x33, 0x86, 0x0F, 0x33, 0x86, 0x0F, 0x33, 0x86, 0x0F, 0x33, 0x86, 0x0F, 0x33, 0x86, 0x0F, 0x33, 0x86, 0x0F, 0x33, 0x86, 0x0F, 0x33, 0x86, 0x0F, 0x33, 0x86, 0x0F, 0x33, 0x86, 0x0F, 0x33, 0x86, 0x0F, 0x33, 0x86, 0x0F, 0x33, 0x86, 
        0x0F, 0x33, 0x86, 0x0F, 0x33, 0x86, 0x0F, 0x33, 0x86, 0x0F, 0x33, 0x86, 0x0F, 0x33, 0x86, 0x0F, 0x33, 0x86, 0x0F, 0x33, 0x86, 0x0F, 0x33, 0x86, 0x0F, 0x33, 0x86, 0x0F, 0x34, 0x86, 0x0F, 0x34, 0x86, 0x0F, 0x34, 0x86, 0x0F, 0x33, 0x86, 
        0x0F, 0x34, 0x86, 0x0F, 0x34, 0x86, 0x10, 0x36, 0x87,
  0x02, 0x1D, 0x6E, 0x0B, 0x2C, 0x7C, 0x0B, 0x2D, 0x7D, 0x0B, 0x2D, 0x7D, 0x0B, 0x2D, 0x7D, 0x0B, 0x2D, 0x7D, 0x0B, 0x2D, 0x7D, 0x0B, 0x2D, 0x7D, 0x0B, 0x2D, 0x7D, 0x0B, 0x2D, 0x7D, 0x0B, 0x2D, 0x7D, 0x0B, 0x2D, 0x7D, 0x0B, 0x2D, 0x7D, 0x0C, 0x2D, 0x7E, 
        0x0C, 0x2D, 0x7E, 0x0C, 0x2D, 0x7E, 0x0C, 0x2D, 0x7E, 0x0C, 0x2D, 0x7E, 0x0C, 0x2D, 0x7E, 0x0C, 0x2D, 0x7E, 0x0C, 0x2D, 0x7E, 0x0C, 0x2E, 0x7F, 0x0C, 0x2E, 0x7F, 0x0C, 0x2E, 0x80, 0x0C, 0x2E, 0x81, 0x0C, 0x2E, 0x81, 0x0C, 0x2E, 0x81, 
        0x0C, 0x2E, 0x81, 0x0C, 0x2E, 0x81, 0x0C, 0x2E, 0x81, 0x0C, 0x2E, 0x81, 0x0C, 0x2F, 0x82, 0x0C, 0x2F, 0x82, 0x0C, 0x2F, 0x82, 0x0C, 0x2F, 0x82, 0x0C, 0x2F, 0x82, 0x0C, 0x2F, 0x82, 0x0C, 0x2F, 0x82, 0x0C, 0x2F, 0x82, 0x0C, 0x2F, 0x82, 
        0x0C, 0x2F, 0x82, 0x0C, 0x2F, 0x82, 0x0C, 0x2F, 0x82, 0x0C, 0x2F, 0x82, 0x0C, 0x2F, 0x82, 0x0C, 0x2F, 0x82, 0x0C, 0x2F, 0x83, 0x0C, 0x2F, 0x83, 0x0C, 0x30, 0x83, 0x0C, 0x30, 0x83, 0x0C, 0x30, 0x83, 0x0C, 0x30, 0x83, 0x0C, 0x30, 0x83, 
        0x0C, 0x30, 0x83, 0x0C, 0x30, 0x83, 0x0C, 0x30, 0x83, 0x0C, 0x30, 0x83, 0x0C, 0x30, 0x83, 0x0C, 0x30, 0x83, 0x0C, 0x30, 0x83, 0x0C, 0x30, 0x83, 0x0C, 0x30, 0x84, 0x0C, 0x30, 0x84, 0x0D, 0x30, 0x84, 0x0D, 0x30, 0x84, 0x0D, 0x31, 0x84, 
        0x0D, 0x31, 0x84, 0x0D, 0x31, 0x84, 0x0D, 0x31, 0x84, 0x0D, 0x31, 0x85, 0x0D, 0x31, 0x85, 0x0D, 0x31, 0x85, 0x0D, 0x31, 0x84, 0x0D, 0x31, 0x84, 0x0D, 0x31, 0x84, 0x0D, 0x31, 0x85, 0x0D, 0x31, 0x85, 0x0D, 0x31, 0x85, 0x0D, 0x31, 0x85, 
        0x0D, 0x31, 0x85, 0x0D, 0x31, 0x85, 0x0D, 0x31, 0x85, 0x0D, 0x31, 0x85, 0x0D, 0x31, 0x85, 0x0D, 0x31, 0x85, 0x0D, 0x31, 0x85, 0x0D, 0x32, 0x86, 0x0D, 0x32, 0x86, 0x0E, 0x33, 0x87, 0x0E, 0x33, 0x88, 0x0E, 0x34, 0x88, 0x0E, 0x34, 0x88, 
        0x0E, 0x34, 0x88, 0x0E, 0x34, 0x88, 0x0E, 0x34, 0x88, 0x0E, 0x33, 0x88, 0x0E, 0x34, 0x88, 0x0E, 0x34, 0x88, 0x0E, 0x34, 0x88, 0x0E, 0x34, 0x88, 0x0E, 0x34, 0x88, 0x0E, 0x34, 0x88, 0x0E, 0x34, 0x88, 0x0E, 0x34, 0x88, 0x0E, 0x34, 0x88, 
        0x0E, 0x34, 0x88, 0x0E, 0x34, 0x88, 0x0E, 0x34, 0x88, 0x0E, 0x34, 0x88, 0x0E, 0x34, 0x88, 0x0E, 0x34, 0x88, 0x0E, 0x34, 0x88, 0x0E, 0x34, 0x88, 0x0E, 0x34, 0x88, 0x0E, 0x34, 0x88, 0x0F, 0x34, 0x88, 0x0F, 0x35, 0x89, 0x0F, 0x35, 0x88, 
        0x0F, 0x34, 0x88, 0x0F, 0x34, 0x88, 0x0F, 0x34, 0x88, 0x0F, 0x34, 0x88, 0x0F, 0x35, 0x89, 0x0F, 0x35, 0x89, 0x0F, 0x34, 0x88, 0x0F, 0x34, 0x88, 0x0F, 0x34, 0x88, 0x0F, 0x34, 0x88, 0x0F, 0x34, 0x88, 0x0F, 0x34, 0x88, 0x0F, 0x34, 0x88, 
        0x0F, 0x34, 0x88, 0x0F, 0x34, 0x87, 0x0F, 0x34, 0x87, 0x0F, 0x34, 0x87, 0x0F, 0x34, 0x87, 0x0F, 0x34, 0x87, 0x0F, 0x34, 0x87, 0x0F, 0x34, 0x87, 0x0F, 0x34, 0x87, 0x0F, 0x34, 0x87, 0x0F, 0x34, 0x87, 0x0F, 0x34, 0x87, 0x0F, 0x34, 0x88, 
        0x0F, 0x34, 0x88, 0x0F, 0x34, 0x88, 0x0F, 0x34, 0x88, 0x0F, 0x34, 0x87, 0x0F, 0x34, 0x87, 0x0F, 0x34, 0x88, 0x0F, 0x34, 0x88, 0x0F, 0x34, 0x88, 0x0F, 0x34, 0x88, 0x0F, 0x34, 0x88, 0x0F, 0x34, 0x87, 0x0F, 0x34, 0x88, 0x0F, 0x34, 0x88, 
        0x0F, 0x34, 0x88, 0x10, 0x35, 0x88, 0x10, 0x36, 0x88,
  0x02, 0x1D, 0x6E, 0x0B, 0x2C, 0x7D, 0x0B, 0x2E, 0x7E, 0x0B, 0x2E, 0x7F, 0x0B, 0x2E, 0x7F, 0x0B, 0x2E, 0x7F, 0x0B, 0x2E, 0x7F, 0x0B, 0x2E, 0x7F, 0x0B, 0x2E, 0x7F, 0x0B, 0x2E, 0x7F, 0x0B, 0x2E, 0x7F, 0x0B, 0x2E, 0x7F, 0x0B, 0x2E, 0x7F, 0x0C, 0x2E, 0x7F, 
        0x0C, 0x2E, 0x7F, 0x0C, 0x2E, 0x7F, 0x0C, 0x2E, 0x7F, 0x0C, 0x2E, 0x80, 0x0C, 0x2E, 0x80, 0x0C, 0x2E, 0x80, 0x0C, 0x2E, 0x80, 0x0C, 0x2F, 0x81, 0x0C, 0x2F, 0x82, 0x0C, 0x2F, 0x82, 0x0C, 0x2F, 0x83, 0x0C, 0x30, 0x83, 0x0C, 0x2F, 0x82, 
        0x0C, 0x2F, 0x82, 0x0C, 0x2F, 0x82, 0x0C, 0x2F, 0x82, 0x0C, 0x30, 0x83, 0x0C, 0x30, 0x83, 0x0C, 0x30, 0x84, 0x0C, 0x30, 0x83, 0x0C, 0x30, 0x83, 0x0C, 0x30, 0x84, 0x0C, 0x30, 0x84, 0x0C, 0x30, 0x84, 0x0C, 0x30, 0x83, 0x0C, 0x30, 0x83, 
        0x0C, 0x30, 0x83, 0x0C, 0x30, 0x84, 0x0C, 0x30, 0x84, 0x0C, 0x30, 0x84, 0x0C, 0x30, 0x84, 0x0C, 0x30, 0x84, 0x0C, 0x30, 0x84, 0x0C, 0x30, 0x84, 0x0C, 0x30, 0x85, 0x0C, 0x31, 0x85, 0x0C, 0x31, 0x85, 0x0C, 0x31, 0x85, 0x0C, 0x31, 0x85, 
        0x0C, 0x31, 0x85, 0x0C, 0x31, 0x85, 0x0C, 0x30, 0x85, 0x0C, 0x30, 0x85, 0x0C, 0x31, 0x85, 0x0C, 0x31, 0x85, 0x0C, 0x31, 0x85, 0x0C, 0x31, 0x85, 0x0C, 0x31, 0x85, 0x0C, 0x31, 0x85, 0x0D, 0x31, 0x86, 0x0D, 0x31, 0x85, 0x0D, 0x31, 0x86, 
        0x0D, 0x31, 0x86, 0x0D, 0x31, 0x86, 0x0D, 0x32, 0x86, 0x0D, 0x32, 0x86, 0x0D, 0x32, 0x86, 0x0D, 0x31, 0x86, 0x0D, 0x31, 0x86, 0x0D, 0x31, 0x86, 0x0D, 0x31, 0x86, 0x0D, 0x32, 0x86, 0x0D, 0x32, 0x86, 0x0D, 0x32, 0x86, 0x0D, 0x32, 0x86, 
        0x0D, 0x32, 0x86, 0x0D, 0x32, 0x86, 0x0D, 0x32, 0x86, 0x0D, 0x32, 0x86, 0x0D, 0x32, 0x86, 0x0D, 0x32, 0x86, 0x0D, 0x32, 0x87, 0x0D, 0x33, 0x87, 0x0D, 0x33, 0x88, 0x0E, 0x33, 0x88, 0x0E, 0x34, 0x89, 0x0E, 0x34, 0x89, 0x0E, 0x34, 0x89, 
        0x0E, 0x34, 0x8A, 0x0E, 0x34, 0x8A, 0x0E, 0x34, 0x8A, 0x0E, 0x34, 0x8A, 0x0E, 0x34, 0x89, 0x0E, 0x34, 0x89, 0x0E, 0x34, 0x89, 0x0E, 0x35, 0x8A, 0x0E, 0x35, 0x8A, 0x0E, 0x35, 0x8A, 0x0E, 0x35, 0x8A, 0x0E, 0x35, 0x8A, 0x0E, 0x35, 0x8A, 
        0x0E, 0x35, 0x8A, 0x0E, 0x35, 0x8A, 0x0E, 0x35, 0x8A, 0x0E, 0x35, 0x8A, 0x0E, 0x35, 0x8A, 0x0E, 0x35, 0x8A, 0x0E, 0x35, 0x8A, 0x0E, 0x35, 0x8A, 0x0E, 0x35, 0x8A, 0x0E, 0x35, 0x8A, 0x0E, 0x35, 0x8A, 0x0F, 0x35, 0x8A, 0x0F, 0x35, 0x8A, 
        0x0F, 0x35, 0x8A, 0x0F, 0x37, 0x8B, 0x10, 0x38, 0x8C, 0x0F, 0x36, 0x8B, 0x0F, 0x35, 0x8A, 0x0F, 0x35, 0x8A, 0x0F, 0x35, 0x8A, 0x0F, 0x35, 0x8A, 0x0F, 0x35, 0x8A, 0x0F, 0x35, 0x8A, 0x0F, 0x35, 0x8A, 0x0F, 0x35, 0x89, 0x0F, 0x35, 0x89, 
        0x0F, 0x34, 0x89, 0x0F, 0x34, 0x89, 0x0F, 0x34, 0x89, 0x0F, 0x34, 0x89, 0x0F, 0x34, 0x89, 0x0F, 0x34, 0x89, 0x0F, 0x34, 0x89, 0x0F, 0x34, 0x89, 0x0F, 0x34, 0x89, 0x0F, 0x34, 0x89, 0x0F, 0x35, 0x89, 0x0F, 0x35, 0x89, 0x0F, 0x35, 0x89, 
        0x0F, 0x35, 0x89, 0x0F, 0x35, 0x89, 0x0F, 0x35, 0x8A, 0x0F, 0x35, 0x89, 0x0F, 0x35, 0x89, 0x0F, 0x35, 0x89, 0x0F, 0x35, 0x89, 0x0F, 0x35, 0x89, 0x0F, 0x35, 0x89, 0x0F, 0x35, 0x89, 0x10, 0x36, 0x8A, 0x10, 0x37, 0x8B, 0x10, 0x37, 0x8B, 
        0x0F, 0x35, 0x89, 0x0F, 0x35, 0x89, 0x10, 0x37, 0x8A,
  0x02, 0x1D, 0x6F, 0x0B, 0x2D, 0x7F, 0x0B, 0x2E, 0x80, 0x0B, 0x2E, 0x80, 0x0B, 0x2E, 0x80, 0x0B, 0x2E, 0x80, 0x0B, 0x2E, 0x80, 0x0B, 0x2E, 0x80, 0x0B, 0x2E, 0x80, 0x0B, 0x2F, 0x80, 0x0B, 0x2F, 0x80, 0x0C, 0x2F, 0x81, 0x0C, 0x2F, 0x81, 0x0C, 0x2F, 0x81, 
        0x0C, 0x2F, 0x81, 0x0C, 0x2F, 0x81, 0x0C, 0x2F, 0x81, 0x0C, 0x2F, 0x81, 0x0C, 0x2F, 0x81, 0x0C, 0x2F, 0x82, 0x0C, 0x2F, 0x82, 0x0C, 0x30, 0x83, 0x0C, 0x30, 0x84, 0x0C, 0x30, 0x84, 0x0C, 0x30, 0x84, 0x0C, 0x30, 0x84, 0x0C, 0x30, 0x83, 
        0x0C, 0x30, 0x84, 0x0C, 0x30, 0x84, 0x0C, 0x30, 0x84, 0x0C, 0x30, 0x84, 0x0C, 0x31, 0x85, 0x0C, 0x31, 0x85, 0x0C, 0x31, 0x85, 0x0C, 0x31, 0x85, 0x0C, 0x31, 0x85, 0x0C, 0x31, 0x85, 0x0C, 0x31, 0x85, 0x0C, 0x31, 0x85, 0x0C, 0x31, 0x85, 
        0x0C, 0x31, 0x85, 0x0C, 0x31, 0x85, 0x0C, 0x31, 0x85, 0x0C, 0x31, 0x86, 0x0C, 0x31, 0x86, 0x0C, 0x31, 0x86, 0x0C, 0x31, 0x86, 0x0C, 0x31, 0x86, 0x0C, 0x31, 0x86, 0x0C, 0x31, 0x86, 0x0C, 0x31, 0x86, 0x0C, 0x31, 0x86, 0x0C, 0x31, 0x86, 
        0x0C, 0x31, 0x87, 0x0C, 0x31, 0x87, 0x0C, 0x31, 0x87, 0x0C, 0x31, 0x86, 0x0C, 0x31, 0x87, 0x0C, 0x32, 0x87, 0x0C, 0x32, 0x87, 0x0C, 0x32, 0x87, 0x0C, 0x32, 0x87, 0x0D, 0x32, 0x87, 0x0D, 0x32, 0x87, 0x0D, 0x32, 0x87, 0x0D, 0x32, 0x87, 
        0x0D, 0x32, 0x87, 0x0D, 0x32, 0x87, 0x0D, 0x32, 0x87, 0x0D, 0x32, 0x88, 0x0D, 0x32, 0x88, 0x0D, 0x32, 0x88, 0x0D, 0x32, 0x88, 0x0D, 0x32, 0x88, 0x0D, 0x32, 0x88, 0x0D, 0x32, 0x88, 0x0D, 0x33, 0x88, 0x0D, 0x33, 0x88, 0x0D, 0x33, 0x88, 
        0x0D, 0x33, 0x88, 0x0D, 0x33, 0x88, 0x0D, 0x33, 0x88, 0x0D, 0x33, 0x88, 0x0D, 0x33, 0x88, 0x0D, 0x32, 0x88, 0x0D, 0x33, 0x88, 0x0D, 0x33, 0x89, 0x0D, 0x34, 0x8A, 0x0E, 0x34, 0x8A, 0x0E, 0x35, 0x8A, 0x0E, 0x35, 0x8B, 0x0E, 0x35, 0x8B, 
        0x0E, 0x35, 0x8B, 0x0E, 0x35, 0x8B, 0x0E, 0x35, 0x8B, 0x0E, 0x35, 0x8B, 0x0E, 0x35, 0x8B, 0x0E, 0x35, 0x8B, 0x0E, 0x35, 0x8B, 0x0E, 0x36, 0x8B, 0x0E, 0x36, 0x8B, 0x0E, 0x36, 0x8B, 0x0E, 0x36, 0x8B, 0x0E, 0x35, 0x8B, 0x0E, 0x35, 0x8B, 
        0x0E, 0x35, 0x8B, 0x0E, 0x35, 0x8B, 0x0E, 0x35, 0x8B, 0x0E, 0x36, 0x8B, 0x0E, 0x36, 0x8B, 0x0E, 0x36, 0x8B, 0x0E, 0x36, 0x8B, 0x0E, 0x36, 0x8B, 0x0E, 0x36, 0x8C, 0x0E, 0x36, 0x8C, 0x0E, 0x35, 0x8B, 0x0F, 0x36, 0x8B, 0x0F, 0x36, 0x8C, 
        0x0F, 0x36, 0x8B, 0x10, 0x39, 0x8D, 0x11, 0x3B, 0x8F, 0x0F, 0x37, 0x8C, 0x0F, 0x36, 0x8B, 0x0F, 0x36, 0x8B, 0x0F, 0x36, 0x8B, 0x0F, 0x36, 0x8C, 0x0F, 0x36, 0x8C, 0x0F, 0x36, 0x8C, 0x0F, 0x36, 0x8B, 0x0F, 0x36, 0x8B, 0x0F, 0x35, 0x8B, 
        0x0F, 0x35, 0x8A, 0x0F, 0x35, 0x8A, 0x0F, 0x35, 0x8A, 0x0F, 0x35, 0x8A, 0x0F, 0x35, 0x8A, 0x0F, 0x35, 0x8B, 0x0F, 0x35, 0x8B, 0x0F, 0x35, 0x8A, 0x0F, 0x35, 0x8A, 0x0F, 0x35, 0x8A, 0x0F, 0x35, 0x8B, 0x0F, 0x35, 0x8B, 0x0F, 0x35, 0x8B, 
        0x0F, 0x35, 0x8B, 0x0F, 0x35, 0x8B, 0x0F, 0x36, 0x8B, 0x0F, 0x36, 0x8B, 0x0F, 0x36, 0x8A, 0x0F, 0x36, 0x8B, 0x0F, 0x36, 0x8B, 0x0F, 0x36, 0x8B, 0x0F, 0x36, 0x8B, 0x0F, 0x36, 0x8B, 0x10, 0x37, 0x8C, 0x11, 0x3A, 0x8E, 0x10, 0x38, 0x8D, 
        0x0F, 0x36, 0x8B, 0x0F, 0x36, 0x8B, 0x10, 0x38, 0x8B,
  0x02, 0x1D, 0x6E, 0x0B, 0x2D, 0x80, 0x0B, 0x2E, 0x82, 0x0B, 0x2E, 0x82, 0x0B, 0x2E, 0x82, 0x0B, 0x2E, 0x82, 0x0B, 0x2E, 0x82, 0x0B, 0x2E, 0x82, 0x0B, 0x2E, 0x82, 0x0B, 0x2E, 0x82, 0x0C, 0x2F, 0x82, 0x0C, 0x2F, 0x82, 0x0C, 0x2F, 0x82, 0x0C, 0x2F, 0x83, 
        0x0C, 0x2F, 0x83, 0x0C, 0x2F, 0x83, 0x0C, 0x2F, 0x83, 0x0C, 0x2F, 0x83, 0x0C, 0x2F, 0x83, 0x0C, 0x2F, 0x84, 0x0C, 0x30, 0x85, 0x0C, 0x30, 0x85, 0x0C, 0x30, 0x85, 0x0C, 0x30, 0x85, 0x0C, 0x30, 0x85, 0x0C, 0x30, 0x85, 0x0C, 0x30, 0x85, 
        0x0C, 0x30, 0x85, 0x0C, 0x30, 0x85, 0x0C, 0x30, 0x86, 0x0C, 0x30, 0x86, 0x0C, 0x31, 0x87, 0x0C, 0x31, 0x86, 0x0C, 0x30, 0x86, 0x0C, 0x31, 0x86, 0x0C, 0x31, 0x86, 0x0C, 0x31, 0x87, 0x0C, 0x31, 0x86, 0x0C, 0x31, 0x86, 0x0C, 0x31, 0x87, 
        0x0C, 0x31, 0x87, 0x0C, 0x31, 0x87, 0x0C, 0x31, 0x87, 0x0C, 0x31, 0x87, 0x0C, 0x31, 0x87, 0x0C, 0x31, 0x88, 0x0C, 0x31, 0x88, 0x0C, 0x31, 0x88, 0x0C, 0x31, 0x88, 0x0C, 0x31, 0x88, 0x0C, 0x31, 0x88, 0x0C, 0x31, 0x88, 0x0C, 0x31, 0x88, 
        0x0C, 0x31, 0x88, 0x0C, 0x31, 0x88, 0x0C, 0x31, 0x88, 0x0C, 0x31, 0x88, 0x0C, 0x31, 0x88, 0x0C, 0x31, 0x88, 0x0C, 0x32, 0x88, 0x0D, 0x32, 0x88, 0x0D, 0x32, 0x88, 0x0D, 0x32, 0x88, 0x0D, 0x32, 0x88, 0x0D, 0x32, 0x88, 0x0D, 0x32, 0x89, 
        0x0D, 0x32, 0x89, 0x0D, 0x32, 0x89, 0x0D, 0x32, 0x89, 0x0D, 0x32, 0x89, 0x0D, 0x32, 0x89, 0x0D, 0x32, 0x89, 0x0D, 0x32, 0x89, 0x0D, 0x32, 0x89, 0x0D, 0x32, 0x89, 0x0D, 0x32, 0x89, 0x0D, 0x32, 0x89, 0x0D, 0x33, 0x89, 0x0D, 0x33, 0x89, 
        0x0D, 0x33, 0x8A, 0x0D, 0x33, 0x8A, 0x0D, 0x33, 0x89, 0x0D, 0x33, 0x89, 0x0D, 0x33, 0x8A, 0x0D, 0x33, 0x89, 0x0D, 0x33, 0x8A, 0x0D, 0x33, 0x8A, 0x0D, 0x34, 0x8B, 0x0E, 0x34, 0x8B, 0x0E, 0x34, 0x8C, 0x0E, 0x35, 0x8C, 0x0E, 0x35, 0x8C, 
        0x0E, 0x35, 0x8C, 0x0E, 0x35, 0x8D, 0x0E, 0x35, 0x8D, 0x0E, 0x35, 0x8D, 0x0E, 0x35, 0x8D, 0x0E, 0x36, 0x8C, 0x0E, 0x36, 0x8D, 0x0E, 0x36, 0x8D, 0x0E, 0x36, 0x8D, 0x0E, 0x36, 0x8D, 0x0E, 0x35, 0x8D, 0x0E, 0x35, 0x8D, 0x0E, 0x35, 0x8D, 
        0x0E, 0x35, 0x8D, 0x0E, 0x35, 0x8D, 0x0E, 0x35, 0x8D, 0x0E, 0x36, 0x8D, 0x0E, 0x36, 0x8D, 0x0E, 0x36, 0x8D, 0x0E, 0x35, 0x8D, 0x0E, 0x36, 0x8D, 0x0E, 0x36, 0x8D, 0x0E, 0x36, 0x8D, 0x0E, 0x36, 0x8D, 0x0F, 0x36, 0x8D, 0x0F, 0x36, 0x8D, 
        0x0F, 0x36, 0x8D, 0x0F, 0x37, 0x8E, 0x0F, 0x38, 0x8E, 0x0F, 0x36, 0x8D, 0x0F, 0x36, 0x8D, 0x0F, 0x36, 0x8D, 0x0F, 0x36, 0x8D, 0x0F, 0x36, 0x8D, 0x0F, 0x36, 0x8D, 0x0F, 0x36, 0x8D, 0x0F, 0x36, 0x8D, 0x0F, 0x35, 0x8C, 0x0F, 0x35, 0x8C, 
        0x0F, 0x35, 0x8C, 0x0E, 0x35, 0x8C, 0x0F, 0x35, 0x8C, 0x0F, 0x35, 0x8C, 0x0F, 0x36, 0x8C, 0x0F, 0x35, 0x8C, 0x0F, 0x35, 0x8C, 0x0F, 0x35, 0x8C, 0x0F, 0x36, 0x8D, 0x0F, 0x35, 0x8D, 0x0F, 0x35, 0x8C, 0x0F, 0x35, 0x8C, 0x0F, 0x36, 0x8C, 
        0x0F, 0x36, 0x8C, 0x0F, 0x36, 0x8C, 0x0F, 0x36, 0x8C, 0x0F, 0x36, 0x8C, 0x0F, 0x36, 0x8C, 0x0F, 0x36, 0x8C, 0x0F, 0x36, 0x8C, 0x0F, 0x36, 0x8C, 0x0F, 0x36, 0x8D, 0x0F, 0x36, 0x8D, 0x10, 0x36, 0x8D, 0x10, 0x37, 0x8E, 0x10, 0x37, 0x8D, 
        0x10, 0x36, 0x8D, 0x10, 0x37, 0x8D, 0x10, 0x38, 0x8D,
  0x02, 0x1D, 0x6D, 0x0B, 0x2E, 0x81, 0x0B, 0x2F, 0x83, 0x0B, 0x2F, 0x83, 0x0B, 0x2F, 0x83, 0x0B, 0x2F, 0x83, 0x0B, 0x2F, 0x83, 0x0B, 0x2F, 0x83, 0x0B, 0x2F, 0x84, 0x0B, 0x2F, 0x84, 0x0C, 0x30, 0x84, 0x0C, 0x30, 0x84, 0x0C, 0x30, 0x84, 0x0C, 0x30, 0x84, 
        0x0C, 0x30, 0x85, 0x0C, 0x30, 0x85, 0x0C, 0x30, 0x85, 0x0C, 0x30, 0x85, 0x0C, 0x30, 0x86, 0x0C, 0x30, 0x86, 0x0C, 0x30, 0x86, 0x0C, 0x30, 0x87, 0x0C, 0x31, 0x87, 0x0C, 0x31, 0x87, 0x0C, 0x30, 0x87, 0x0C, 0x30, 0x86, 0x0C, 0x31, 0x87, 
        0x0C, 0x31, 0x87, 0x0C, 0x31, 0x87, 0x0C, 0x31, 0x87, 0x0C, 0x31, 0x88, 0x0C, 0x31, 0x88, 0x0C, 0x31, 0x88, 0x0C, 0x31, 0x88, 0x0C, 0x31, 0x88, 0x0C, 0x31, 0x88, 0x0C, 0x31, 0x88, 0x0C, 0x31, 0x88, 0x0C, 0x31, 0x88, 0x0C, 0x32, 0x88, 
        0x0C, 0x32, 0x89, 0x0C, 0x32, 0x89, 0x0C, 0x32, 0x89, 0x0C, 0x32, 0x89, 0x0C, 0x32, 0x89, 0x0C, 0x32, 0x89, 0x0C, 0x32, 0x89, 0x0C, 0x32, 0x89, 0x0C, 0x32, 0x89, 0x0C, 0x32, 0x89, 0x0C, 0x32, 0x89, 0x0C, 0x32, 0x89, 0x0C, 0x32, 0x89, 
        0x0C, 0x32, 0x89, 0x0C, 0x32, 0x8A, 0x0C, 0x32, 0x8A, 0x0C, 0x32, 0x8A, 0x0C, 0x32, 0x89, 0x0C, 0x32, 0x89, 0x0D, 0x32, 0x8A, 0x0D, 0x33, 0x8A, 0x0D, 0x33, 0x8A, 0x0D, 0x33, 0x8A, 0x0D, 0x32, 0x89, 0x0D, 0x33, 0x8A, 0x0D, 0x33, 0x8A, 
        0x0D, 0x32, 0x8A, 0x0D, 0x32, 0x8A, 0x0D, 0x33, 0x8A, 0x0D, 0x33, 0x8A, 0x0D, 0x33, 0x8A, 0x0D, 0x33, 0x8A, 0x0D, 0x33, 0x8A, 0x0D, 0x33, 0x8A, 0x0D, 0x33, 0x8A, 0x0D, 0x33, 0x8A, 0x0D, 0x33, 0x8A, 0x0D, 0x33, 0x8A, 0x0D, 0x33, 0x8A, 
        0x0D, 0x33, 0x8B, 0x0D, 0x34, 0x8B, 0x0D, 0x33, 0x8B, 0x0D, 0x33, 0x8B, 0x0D, 0x34, 0x8B, 0x0D, 0x34, 0x8B, 0x0D, 0x34, 0x8B, 0x0D, 0x34, 0x8B, 0x0D, 0x34, 0x8C, 0x0E, 0x35, 0x8D, 0x0E, 0x36, 0x8D, 0x0E, 0x35, 0x8E, 0x0E, 0x35, 0x8E, 
        0x0E, 0x36, 0x8E, 0x0E, 0x36, 0x8E, 0x0E, 0x36, 0x8E, 0x0E, 0x36, 0x8E, 0x0E, 0x36, 0x8E, 0x0E, 0x36, 0x8E, 0x0E, 0x36, 0x8E, 0x0E, 0x36, 0x8E, 0x0E, 0x36, 0x8E, 0x0E, 0x36, 0x8E, 0x0E, 0x36, 0x8E, 0x0E, 0x36, 0x8E, 0x0E, 0x36, 0x8E, 
        0x0E, 0x36, 0x8E, 0x0E, 0x36, 0x8E, 0x0E, 0x36, 0x8F, 0x0E, 0x36, 0x8F, 0x0E, 0x36, 0x8E, 0x0E, 0x36, 0x8E, 0x0E, 0x37, 0x8E, 0x0E, 0x37, 0x8E, 0x0E, 0x36, 0x8E, 0x0E, 0x36, 0x8E, 0x0F, 0x37, 0x8F, 0x0F, 0x37, 0x8F, 0x0F, 0x37, 0x8F, 
        0x0F, 0x37, 0x8F, 0x0F, 0x37, 0x8F, 0x0E, 0x36, 0x8E, 0x0F, 0x37, 0x8F, 0x0F, 0x37, 0x8E, 0x0F, 0x37, 0x8E, 0x0F, 0x37, 0x8E, 0x0F, 0x37, 0x8E, 0x0F, 0x37, 0x8E, 0x0F, 0x37, 0x8E, 0x0F, 0x36, 0x8E, 0x0F, 0x36, 0x8E, 0x0F, 0x36, 0x8E, 
        0x0F, 0x36, 0x8E, 0x0F, 0x36, 0x8E, 0x0F, 0x36, 0x8E, 0x0F, 0x36, 0x8E, 0x0F, 0x37, 0x8E, 0x0F, 0x36, 0x8E, 0x0F, 0x36, 0x8E, 0x0F, 0x36, 0x8E, 0x0F, 0x37, 0x8F, 0x0F, 0x36, 0x8E, 0x0F, 0x36, 0x8E, 0x0F, 0x36, 0x8E, 0x0F, 0x36, 0x8E, 
        0x0F, 0x36, 0x8E, 0x0F, 0x37, 0x8E, 0x0F, 0x37, 0x8E, 0x0F, 0x37, 0x8E, 0x0F, 0x37, 0x8E, 0x0F, 0x37, 0x8E, 0x0F, 0x36, 0x8E, 0x0F, 0x36, 0x8D, 0x0F, 0x37, 0x8E, 0x0F, 0x37, 0x8E, 0x0F, 0x37, 0x8E, 0x0F, 0x37, 0x8E, 0x0F, 0x36, 0x8E, 
        0x10, 0x37, 0x8E, 0x10, 0x37, 0x8F, 0x10, 0x39, 0x8E,
  0x02, 0x1C, 0x6D, 0x0B, 0x2E, 0x83, 0x0B, 0x30, 0x85, 0x0B, 0x30, 0x85, 0x0B, 0x30, 0x85, 0x0B, 0x30, 0x85, 0x0B, 0x30, 0x85, 0x0B, 0x30, 0x85, 0x0B, 0x30, 0x85, 0x0C, 0x30, 0x86, 0x0C, 0x30, 0x86, 0x0C, 0x30, 0x86, 0x0C, 0x30, 0x86, 0x0C, 0x30, 0x86, 
        0x0C, 0x31, 0x86, 0x0C, 0x31, 0x87, 0x0C, 0x31, 0x87, 0x0C, 0x31, 0x87, 0x0C, 0x31, 0x87, 0x0C, 0x31, 0x88, 0x0C, 0x31, 0x88, 0x0C, 0x31, 0x88, 0x0C, 0x31, 0x88, 0x0C, 0x31, 0x88, 0x0C, 0x31, 0x88, 0x0C, 0x31, 0x88, 0x0C, 0x31, 0x88, 
        0x0C, 0x31, 0x88, 0x0C, 0x32, 0x89, 0x0C, 0x32, 0x89, 0x0C, 0x32, 0x89, 0x0C, 0x32, 0x8A, 0x0C, 0x32, 0x89, 0x0C, 0x32, 0x89, 0x0C, 0x32, 0x8A, 0x0C, 0x32, 0x8A, 0x0C, 0x32, 0x8A, 0x0C, 0x32, 0x8A, 0x0C, 0x32, 0x8A, 0x0C, 0x32, 0x8A, 
        0x0C, 0x32, 0x8A, 0x0C, 0x32, 0x8A, 0x0C, 0x33, 0x8B, 0x0C, 0x33, 0x8B, 0x0C, 0x33, 0x8A, 0x0C, 0x33, 0x8B, 0x0C, 0x33, 0x8B, 0x0C, 0x33, 0x8B, 0x0C, 0x33, 0x8B, 0x0C, 0x33, 0x8B, 0x0C, 0x33, 0x8B, 0x0C, 0x33, 0x8B, 0x0C, 0x33, 0x8B, 
        0x0C, 0x33, 0x8B, 0x0C, 0x33, 0x8B, 0x0C, 0x33, 0x8B, 0x0C, 0x33, 0x8B, 0x0C, 0x33, 0x8B, 0x0C, 0x33, 0x8B, 0x0C, 0x33, 0x8B, 0x0D, 0x33, 0x8B, 0x0D, 0x33, 0x8B, 0x0D, 0x33, 0x8B, 0x0D, 0x33, 0x8B, 0x0D, 0x33, 0x8B, 0x0D, 0x33, 0x8B, 
        0x0D, 0x33, 0x8B, 0x0D, 0x33, 0x8C, 0x0D, 0x34, 0x8C, 0x0D, 0x34, 0x8C, 0x0D, 0x34, 0x8C, 0x0D, 0x34, 0x8C, 0x0D, 0x34, 0x8C, 0x0D, 0x34, 0x8C, 0x0D, 0x34, 0x8C, 0x0D, 0x34, 0x8C, 0x0D, 0x34, 0x8C, 0x0D, 0x34, 0x8C, 0x0D, 0x34, 0x8C, 
        0x0D, 0x34, 0x8C, 0x0D, 0x34, 0x8D, 0x0D, 0x34, 0x8D, 0x0D, 0x34, 0x8D, 0x0D, 0x34, 0x8D, 0x0D, 0x34, 0x8D, 0x0D, 0x34, 0x8D, 0x0D, 0x34, 0x8D, 0x0D, 0x35, 0x8D, 0x0E, 0x35, 0x8E, 0x0E, 0x36, 0x8F, 0x0E, 0x36, 0x8F, 0x0E, 0x36, 0x8F, 
        0x0E, 0x36, 0x8F, 0x0E, 0x36, 0x8F, 0x0E, 0x37, 0x90, 0x0E, 0x37, 0x90, 0x0E, 0x37, 0x90, 0x0E, 0x37, 0x90, 0x0E, 0x37, 0x90, 0x0E, 0x37, 0x90, 0x0E, 0x37, 0x90, 0x0E, 0x37, 0x90, 0x0E, 0x37, 0x90, 0x0E, 0x37, 0x90, 0x0E, 0x37, 0x90, 
        0x0E, 0x37, 0x90, 0x0E, 0x37, 0x90, 0x0E, 0x37, 0x90, 0x0E, 0x37, 0x90, 0x0E, 0x37, 0x90, 0x0E, 0x37, 0x90, 0x0E, 0x38, 0x90, 0x0F, 0x3B, 0x92, 0x10, 0x3B, 0x92, 0x0F, 0x38, 0x90, 0x0F, 0x38, 0x90, 0x0F, 0x38, 0x91, 0x0F, 0x38, 0x91, 
        0x0F, 0x38, 0x91, 0x0F, 0x38, 0x90, 0x0F, 0x37, 0x90, 0x0F, 0x37, 0x90, 0x0F, 0x37, 0x90, 0x0F, 0x37, 0x90, 0x0F, 0x37, 0x90, 0x0F, 0x37, 0x90, 0x0F, 0x37, 0x90, 0x0F, 0x37, 0x90, 0x0F, 0x37, 0x8F, 0x0F, 0x37, 0x8F, 0x0F, 0x37, 0x90, 
        0x0F, 0x37, 0x90, 0x0F, 0x37, 0x90, 0x0F, 0x37, 0x90, 0x0F, 0x37, 0x8F, 0x0F, 0x37, 0x8F, 0x0F, 0x37, 0x90, 0x0F, 0x37, 0x8F, 0x0F, 0x36, 0x8F, 0x0F, 0x37, 0x8F, 0x0F, 0x37, 0x90, 0x0F, 0x37, 0x8F, 0x0F, 0x37, 0x8F, 0x0F, 0x37, 0x8F, 
        0x0F, 0x37, 0x8F, 0x0F, 0x37, 0x8F, 0x0F, 0x37, 0x90, 0x0F, 0x37, 0x90, 0x0F, 0x38, 0x90, 0x0F, 0x37, 0x8F, 0x0F, 0x38, 0x90, 0x10, 0x38, 0x90, 0x10, 0x39, 0x90, 0x0F, 0x38, 0x90, 0x0F, 0x38, 0x90, 0x0F, 0x38, 0x90, 0x10, 0x38, 0x90, 
        0x10, 0x38, 0x90, 0x10, 0x38, 0x90, 0x10, 0x39, 0x8F,
  0x02, 0x1C, 0x6D, 0x0B, 0x2F, 0x84, 0x0B, 0x31, 0x86, 0x0B, 0x31, 0x86, 0x0B, 0x31, 0x86, 0x0B, 0x31, 0x86, 0x0B, 0x31, 0x86, 0x0B, 0x31, 0x86, 0x0B, 0x31, 0x87, 0x0C, 0x31, 0x87, 0x0C, 0x31, 0x87, 0x0C, 0x31, 0x87, 0x0C, 0x31, 0x87, 0x0C, 0x31, 0x87, 
        0x0C, 0x31, 0x88, 0x0C, 0x32, 0x88, 0x0C, 0x32, 0x89, 0x0C, 0x32, 0x89, 0x0C, 0x32, 0x89, 0x0C, 0x32, 0x89, 0x0C, 0x32, 0x8A, 0x0C, 0x32, 0x8A, 0x0C, 0x32, 0x8A, 0x0C, 0x32, 0x8A, 0x0C, 0x32, 0x8A, 0x0C, 0x32, 0x89, 0x0C, 0x32, 0x8A, 
        0x0C, 0x32, 0x8A, 0x0C, 0x32, 0x8A, 0x0C, 0x33, 0x8B, 0x0C, 0x33, 0x8B, 0x0C, 0x33, 0x8B, 0x0C, 0x33, 0x8B, 0x0C, 0x33, 0x8B, 0x0C, 0x33, 0x8B, 0x0C, 0x33, 0x8B, 0x0C, 0x33, 0x8B, 0x0C, 0x33, 0x8B, 0x0C, 0x33, 0x8C, 0x0C, 0x33, 0x8C, 
        0x0C, 0x33, 0x8C, 0x0C, 0x33, 0x8C, 0x0C, 0x33, 0x8C, 0x0C, 0x33, 0x8C, 0x0C, 0x33, 0x8C, 0x0C, 0x33, 0x8C, 0x0C, 0x33, 0x8C, 0x0C, 0x33, 0x8C, 0x0C, 0x33, 0x8D, 0x0C, 0x33, 0x8D, 0x0C, 0x33, 0x8D, 0x0C, 0x33, 0x8C, 0x0C, 0x33, 0x8C, 
        0x0C, 0x33, 0x8C, 0x0C, 0x34, 0x8C, 0x0C, 0x34, 0x8C, 0x0C, 0x34, 0x8C, 0x0C, 0x34, 0x8C, 0x0C, 0x34, 0x8C, 0x0C, 0x34, 0x8C, 0x0C, 0x34, 0x8C, 0x0C, 0x34, 0x8D, 0x0D, 0x34, 0x8D, 0x0C, 0x34, 0x8D, 0x0D, 0x34, 0x8D, 0x0D, 0x34, 0x8D, 
        0x0D, 0x34, 0x8D, 0x0D, 0x34, 0x8D, 0x0D, 0x34, 0x8D, 0x0D, 0x34, 0x8D, 0x0D, 0x35, 0x8D, 0x0D, 0x35, 0x8D, 0x0D, 0x35, 0x8D, 0x0D, 0x35, 0x8D, 0x0D, 0x35, 0x8D, 0x0D, 0x35, 0x8E, 0x0D, 0x35, 0x8E, 0x0D, 0x35, 0x8E, 0x0D, 0x35, 0x8E, 
        0x0D, 0x35, 0x8E, 0x0D, 0x35, 0x8E, 0x0D, 0x35, 0x8E, 0x0D, 0x35, 0x8E, 0x0D, 0x35, 0x8E, 0x0D, 0x35, 0x8E, 0x0D, 0x35, 0x8E, 0x0D, 0x35, 0x8E, 0x0D, 0x35, 0x8E, 0x0D, 0x36, 0x8F, 0x0E, 0x37, 0x90, 0x0E, 0x37, 0x91, 0x0E, 0x37, 0x91, 
        0x0E, 0x37, 0x91, 0x0E, 0x37, 0x91, 0x0E, 0x37, 0x91, 0x0E, 0x38, 0x91, 0x0E, 0x38, 0x91, 0x0E, 0x37, 0x91, 0x0E, 0x37, 0x91, 0x0E, 0x38, 0x91, 0x0E, 0x38, 0x91, 0x0E, 0x38, 0x91, 0x0E, 0x37, 0x91, 0x0E, 0x37, 0x91, 0x0E, 0x38, 0x91, 
        0x0E, 0x38, 0x91, 0x0E, 0x38, 0x91, 0x0E, 0x38, 0x91, 0x0E, 0x38, 0x91, 0x0F, 0x38, 0x92, 0x0F, 0x39, 0x92, 0x0F, 0x38, 0x92, 0x0F, 0x3B, 0x94, 0x10, 0x3E, 0x95, 0x0F, 0x3A, 0x93, 0x0E, 0x38, 0x91, 0x0F, 0x38, 0x92, 0x0F, 0x38, 0x92, 
        0x0F, 0x38, 0x92, 0x0F, 0x38, 0x92, 0x0F, 0x38, 0x92, 0x0F, 0x38, 0x92, 0x0F, 0x38, 0x91, 0x0F, 0x38, 0x91, 0x0F, 0x38, 0x92, 0x0F, 0x38, 0x91, 0x0F, 0x38, 0x91, 0x0F, 0x38, 0x91, 0x0F, 0x38, 0x91, 0x0F, 0x38, 0x91, 0x0F, 0x38, 0x91, 
        0x0F, 0x38, 0x91, 0x0F, 0x38, 0x91, 0x0F, 0x38, 0x91, 0x0F, 0x38, 0x91, 0x0F, 0x38, 0x91, 0x0F, 0x37, 0x91, 0x0F, 0x38, 0x91, 0x0F, 0x37, 0x91, 0x0F, 0x37, 0x91, 0x0F, 0x38, 0x91, 0x0F, 0x38, 0x91, 0x0F, 0x38, 0x91, 0x0F, 0x38, 0x91, 
        0x0F, 0x38, 0x91, 0x0F, 0x38, 0x91, 0x0F, 0x39, 0x91, 0x0F, 0x39, 0x91, 0x0F, 0x38, 0x91, 0x0F, 0x38, 0x91, 0x10, 0x3A, 0x93, 0x12, 0x3E, 0x95, 0x12, 0x3D, 0x94, 0x10, 0x3A, 0x92, 0x0F, 0x38, 0x91, 0x10, 0x39, 0x92, 0x11, 0x3C, 0x94, 
        0x10, 0x3A, 0x93, 0x10, 0x38, 0x91, 0x10, 0x3A, 0x91,
  0x02, 0x1C, 0x6D, 0x0B, 0x30, 0x85, 0x0B, 0x31, 0x87, 0x0B, 0x31, 0x87, 0x0B, 0x31, 0x87, 0x0B, 0x31, 0x87, 0x0B, 0x31, 0x87, 0x0B, 0x32, 0x87, 0x0C, 0x32, 0x88, 0x0C, 0x32, 0x88, 0x0C, 0x32, 0x88, 0x0C, 0x32, 0x88, 0x0B, 0x32, 0x88, 0x0C, 0x32, 0x89, 
        0x0C, 0x32, 0x89, 0x0C, 0x32, 0x89, 0x0C, 0x32, 0x89, 0x0C, 0x33, 0x8A, 0x0C, 0x33, 0x8A, 0x0C, 0x33, 0x8B, 0x0C, 0x33, 0x8B, 0x0C, 0x33, 0x8B, 0x0C, 0x33, 0x8B, 0x0C, 0x33, 0x8A, 0x0C, 0x33, 0x8A, 0x0C, 0x33, 0x8A, 0x0C, 0x33, 0x8A, 
        0x0C, 0x33, 0x8B, 0x0C, 0x33, 0x8B, 0x0C, 0x34, 0x8C, 0x0C, 0x34, 0x8C, 0x0C, 0x34, 0x8C, 0x0C, 0x34, 0x8C, 0x0C, 0x34, 0x8C, 0x0C, 0x34, 0x8C, 0x0C, 0x34, 0x8C, 0x0C, 0x34, 0x8C, 0x0C, 0x34, 0x8C, 0x0C, 0x34, 0x8C, 0x0C, 0x34, 0x8D, 
        0x0C, 0x34, 0x8D, 0x0C, 0x34, 0x8D, 0x0C, 0x34, 0x8D, 0x0C, 0x34, 0x8D, 0x0C, 0x34, 0x8D, 0x0C, 0x34, 0x8D, 0x0C, 0x34, 0x8D, 0x0C, 0x34, 0x8D, 0x0C, 0x34, 0x8D, 0x0C, 0x34, 0x8D, 0x0C, 0x34, 0x8D, 0x0C, 0x34, 0x8D, 0x0C, 0x34, 0x8D, 
        0x0C, 0x34, 0x8D, 0x0C, 0x34, 0x8D, 0x0C, 0x35, 0x8D, 0x0C, 0x35, 0x8D, 0x0C, 0x35, 0x8D, 0x0C, 0x35, 0x8D, 0x0C, 0x34, 0x8D, 0x0C, 0x34, 0x8D, 0x0C, 0x34, 0x8D, 0x0C, 0x35, 0x8D, 0x0C, 0x35, 0x8D, 0x0D, 0x35, 0x8E, 0x0D, 0x35, 0x8E, 
        0x0D, 0x35, 0x8E, 0x0D, 0x35, 0x8E, 0x0D, 0x35, 0x8E, 0x0D, 0x35, 0x8E, 0x0D, 0x35, 0x8E, 0x0D, 0x35, 0x8E, 0x0D, 0x35, 0x8E, 0x0D, 0x35, 0x8E, 0x0D, 0x35, 0x8E, 0x0D, 0x35, 0x8E, 0x0D, 0x36, 0x8E, 0x0D, 0x36, 0x8F, 0x0D, 0x36, 0x8E, 
        0x0D, 0x36, 0x8E, 0x0D, 0x36, 0x8E, 0x0D, 0x36, 0x8F, 0x0D, 0x36, 0x8F, 0x0D, 0x36, 0x8F, 0x0D, 0x36, 0x8F, 0x0D, 0x36, 0x90, 0x0D, 0x36, 0x8F, 0x0D, 0x36, 0x8F, 0x0D, 0x36, 0x90, 0x0D, 0x37, 0x90, 0x0E, 0x37, 0x91, 0x0E, 0x38, 0x91, 
        0x0E, 0x38, 0x92, 0x0E, 0x38, 0x92, 0x0E, 0x38, 0x92, 0x0E, 0x38, 0x92, 0x0E, 0x38, 0x92, 0x0E, 0x38, 0x92, 0x0E, 0x38, 0x92, 0x0E, 0x38, 0x92, 0x0E, 0x38, 0x92, 0x0E, 0x38, 0x92, 0x0E, 0x38, 0x92, 0x0E, 0x38, 0x92, 0x0E, 0x38, 0x92, 
        0x0E, 0x39, 0x92, 0x0E, 0x39, 0x92, 0x0E, 0x39, 0x92, 0x0E, 0x39, 0x92, 0x0F, 0x39, 0x92, 0x0F, 0x3B, 0x94, 0x0F, 0x3A, 0x93, 0x0E, 0x39, 0x92, 0x0F, 0x3A, 0x93, 0x0F, 0x3A, 0x93, 0x0F, 0x39, 0x93, 0x0F, 0x39, 0x93, 0x0F, 0x39, 0x93, 
        0x0F, 0x39, 0x93, 0x0F, 0x39, 0x93, 0x0F, 0x39, 0x93, 0x0F, 0x39, 0x93, 0x0F, 0x39, 0x92, 0x0F, 0x39, 0x92, 0x0F, 0x39, 0x92, 0x0F, 0x38, 0x92, 0x0F, 0x38, 0x92, 0x0F, 0x38, 0x92, 0x0F, 0x38, 0x92, 0x0F, 0x38, 0x92, 0x0F, 0x39, 0x92, 
        0x0F, 0x39, 0x92, 0x0F, 0x38, 0x92, 0x0F, 0x38, 0x92, 0x0F, 0x39, 0x92, 0x0F, 0x39, 0x92, 0x0F, 0x38, 0x91, 0x0F, 0x38, 0x91, 0x0F, 0x38, 0x91, 0x0F, 0x39, 0x92, 0x0F, 0x39, 0x92, 0x0F, 0x39, 0x92, 0x0F, 0x39, 0x92, 0x0F, 0x39, 0x92, 
        0x0F, 0x39, 0x92, 0x0F, 0x39, 0x92, 0x0F, 0x39, 0x92, 0x0F, 0x39, 0x92, 0x0F, 0x39, 0x92, 0x0F, 0x39, 0x92, 0x11, 0x3D, 0x95, 0x15, 0x41, 0x97, 0x14, 0x40, 0x97, 0x10, 0x3A, 0x93, 0x0F, 0x38, 0x91, 0x10, 0x3A, 0x92, 0x11, 0x3D, 0x94, 
        0x10, 0x3B, 0x93, 0x10, 0x39, 0x92, 0x10, 0x3B, 0x92,
  0x02, 0x1C, 0x6D, 0x0B, 0x30, 0x86, 0x0B, 0x32, 0x89, 0x0B, 0x32, 0x89, 0x0B, 0x32, 0x89, 0x0B, 0x32, 0x89, 0x0B, 0x32, 0x89, 0x0C, 0x33, 0x89, 0x0C, 0x33, 0x89, 0x0C, 0x33, 0x89, 0x0C, 0x33, 0x89, 0x0C, 0x33, 0x8A, 0x0C, 0x33, 0x8A, 0x0C, 0x33, 0x8A, 
        0x0C, 0x33, 0x8B, 0x0C, 0x33, 0x8B, 0x0C, 0x33, 0x8B, 0x0C, 0x33, 0x8B, 0x0C, 0x34, 0x8C, 0x0C, 0x34, 0x8C, 0x0C, 0x34, 0x8C, 0x0C, 0x34, 0x8C, 0x0C, 0x34, 0x8C, 0x0C, 0x34, 0x8C, 0x0C, 0x34, 0x8C, 0x0C, 0x34, 0x8C, 0x0C, 0x34, 0x8C, 
        0x0C, 0x34, 0x8C, 0x0C, 0x34, 0x8D, 0x0C, 0x34, 0x8D, 0x0C, 0x35, 0x8D, 0x0C, 0x35, 0x8D, 0x0C, 0x35, 0x8D, 0x0C, 0x35, 0x8D, 0x0C, 0x35, 0x8D, 0x0C, 0x35, 0x8D, 0x0C, 0x35, 0x8D, 0x0C, 0x35, 0x8E, 0x0C, 0x35, 0x8E, 0x0C, 0x35, 0x8E, 
        0x0C, 0x35, 0x8E, 0x0C, 0x35, 0x8F, 0x0C, 0x35, 0x8F, 0x0C, 0x35, 0x8F, 0x0C, 0x35, 0x8F, 0x0C, 0x35, 0x8F, 0x0C, 0x35, 0x8F, 0x0C, 0x35, 0x8F, 0x0C, 0x35, 0x8F, 0x0C, 0x35, 0x8F, 0x0C, 0x35, 0x8F, 0x0C, 0x35, 0x8F, 0x0C, 0x35, 0x8F, 
        0x0C, 0x35, 0x8F, 0x0C, 0x35, 0x8F, 0x0C, 0x35, 0x8F, 0x0C, 0x35, 0x8F, 0x0C, 0x35, 0x8F, 0x0C, 0x35, 0x8F, 0x0C, 0x35, 0x8F, 0x0C, 0x35, 0x8F, 0x0C, 0x35, 0x8F, 0x0C, 0x35, 0x8F, 0x0C, 0x35, 0x8F, 0x0D, 0x36, 0x8F, 0x0D, 0x36, 0x8F, 
        0x0D, 0x36, 0x8F, 0x0D, 0x36, 0x90, 0x0D, 0x36, 0x90, 0x0D, 0x36, 0x90, 0x0D, 0x36, 0x90, 0x0D, 0x36, 0x90, 0x0D, 0x36, 0x90, 0x0D, 0x36, 0x90, 0x0D, 0x36, 0x90, 0x0D, 0x36, 0x90, 0x0D, 0x36, 0x90, 0x0D, 0x36, 0x90, 0x0D, 0x36, 0x90, 
        0x0D, 0x36, 0x90, 0x0D, 0x36, 0x90, 0x0D, 0x37, 0x90, 0x0D, 0x37, 0x90, 0x0D, 0x37, 0x91, 0x0D, 0x37, 0x91, 0x0D, 0x37, 0x91, 0x0D, 0x37, 0x91, 0x0D, 0x37, 0x91, 0x0D, 0x37, 0x91, 0x0D, 0x37, 0x91, 0x0D, 0x37, 0x92, 0x0E, 0x38, 0x93, 
        0x0E, 0x39, 0x93, 0x0E, 0x39, 0x93, 0x0E, 0x39, 0x93, 0x0E, 0x39, 0x93, 0x0E, 0x39, 0x93, 0x0E, 0x39, 0x93, 0x0E, 0x39, 0x93, 0x0E, 0x39, 0x93, 0x0E, 0x39, 0x94, 0x0E, 0x39, 0x93, 0x0E, 0x39, 0x93, 0x0E, 0x39, 0x93, 0x0E, 0x39, 0x93, 
        0x0E, 0x39, 0x93, 0x0E, 0x39, 0x93, 0x0E, 0x39, 0x93, 0x0E, 0x3A, 0x94, 0x0E, 0x39, 0x93, 0x0F, 0x3A, 0x94, 0x0F, 0x3A, 0x94, 0x0F, 0x3A, 0x94, 0x0F, 0x3A, 0x94, 0x0F, 0x3A, 0x94, 0x0F, 0x3A, 0x94, 0x0F, 0x3A, 0x94, 0x0F, 0x3A, 0x94, 
        0x0F, 0x3A, 0x94, 0x0F, 0x3A, 0x94, 0x0F, 0x3A, 0x94, 0x0F, 0x3A, 0x95, 0x0F, 0x3A, 0x94, 0x0F, 0x3A, 0x94, 0x0F, 0x39, 0x93, 0x0F, 0x39, 0x93, 0x0F, 0x39, 0x93, 0x0F, 0x39, 0x93, 0x0F, 0x39, 0x93, 0x0F, 0x39, 0x93, 0x0F, 0x39, 0x93, 
        0x0F, 0x39, 0x93, 0x0F, 0x39, 0x93, 0x0F, 0x39, 0x93, 0x0F, 0x39, 0x94, 0x0F, 0x39, 0x93, 0x0F, 0x3A, 0x94, 0x0F, 0x3A, 0x94, 0x0F, 0x39, 0x93, 0x0F, 0x3A, 0x94, 0x0F, 0x39, 0x93, 0x0F, 0x3A, 0x93, 0x0F, 0x3A, 0x93, 0x0F, 0x3A, 0x93, 
        0x0F, 0x3A, 0x93, 0x0F, 0x3A, 0x93, 0x0F, 0x3A, 0x93, 0x0F, 0x3A, 0x94, 0x10, 0x3A, 0x94, 0x10, 0x3A, 0x94, 0x10, 0x3D, 0x96, 0x12, 0x3F, 0x97, 0x11, 0x3E, 0x97, 0x10, 0x3A, 0x94, 0x10, 0x3A, 0x93, 0x10, 0x3A, 0x93, 0x10, 0x3B, 0x94, 
        0x10, 0x3B, 0x94, 0x10, 0x3A, 0x94, 0x10, 0x3C, 0x93,
  0x02, 0x1C, 0x6E, 0x0B, 0x31, 0x88, 0x0B, 0x32, 0x8A, 0x0B, 0x32, 0x8A, 0x0B, 0x32, 0x8A, 0x0B, 0x32, 0x8A, 0x0B, 0x32, 0x8B, 0x0C, 0x33, 0x8B, 0x0C, 0x33, 0x8B, 0x0C, 0x33, 0x8B, 0x0C, 0x33, 0x8B, 0x0C, 0x33, 0x8B, 0x0C, 0x33, 0x8B, 0x0C, 0x33, 0x8C, 
        0x0C, 0x33, 0x8C, 0x0C, 0x33, 0x8C, 0x0C, 0x33, 0x8C, 0x0C, 0x33, 0x8D, 0x0C, 0x34, 0x8D, 0x0C, 0x34, 0x8E, 0x0C, 0x34, 0x8E, 0x0C, 0x34, 0x8E, 0x0C, 0x33, 0x8D, 0x0C, 0x34, 0x8D, 0x0C, 0x34, 0x8D, 0x0C, 0x34, 0x8E, 0x0C, 0x34, 0x8E, 
        0x0C, 0x34, 0x8E, 0x0C, 0x34, 0x8F, 0x0C, 0x34, 0x8F, 0x0C, 0x34, 0x8F, 0x0C, 0x35, 0x8F, 0x0C, 0x35, 0x8F, 0x0C, 0x35, 0x8F, 0x0C, 0x35, 0x8F, 0x0C, 0x35, 0x8F, 0x0C, 0x35, 0x8F, 0x0C, 0x35, 0x8F, 0x0C, 0x35, 0x90, 0x0C, 0x35, 0x90, 
        0x0C, 0x35, 0x90, 0x0C, 0x35, 0x90, 0x0C, 0x35, 0x90, 0x0C, 0x35, 0x90, 0x0C, 0x35, 0x90, 0x0C, 0x35, 0x90, 0x0C, 0x35, 0x90, 0x0C, 0x35, 0x90, 0x0C, 0x35, 0x90, 0x0C, 0x35, 0x90, 0x0C, 0x35, 0x90, 0x0C, 0x35, 0x90, 0x0C, 0x35, 0x90, 
        0x0C, 0x35, 0x90, 0x0C, 0x35, 0x91, 0x0C, 0x35, 0x91, 0x0C, 0x35, 0x91, 0x0C, 0x35, 0x91, 0x0C, 0x35, 0x90, 0x0C, 0x35, 0x90, 0x0C, 0x35, 0x90, 0x0C, 0x35, 0x90, 0x0C, 0x35, 0x90, 0x0C, 0x35, 0x90, 0x0D, 0x35, 0x91, 0x0D, 0x36, 0x91, 
        0x0D, 0x36, 0x91, 0x0D, 0x36, 0x91, 0x0D, 0x36, 0x91, 0x0D, 0x36, 0x91, 0x0D, 0x36, 0x91, 0x0D, 0x36, 0x91, 0x0D, 0x36, 0x91, 0x0D, 0x36, 0x91, 0x0D, 0x36, 0x91, 0x0D, 0x36, 0x91, 0x0D, 0x36, 0x91, 0x0D, 0x36, 0x91, 0x0D, 0x36, 0x92, 
        0x0D, 0x36, 0x92, 0x0D, 0x37, 0x92, 0x0D, 0x36, 0x92, 0x0D, 0x37, 0x92, 0x0D, 0x37, 0x92, 0x0D, 0x37, 0x92, 0x0D, 0x36, 0x92, 0x0D, 0x36, 0x92, 0x0D, 0x37, 0x92, 0x0D, 0x37, 0x93, 0x0D, 0x37, 0x93, 0x0D, 0x37, 0x92, 0x0E, 0x38, 0x94, 
        0x0E, 0x39, 0x95, 0x0E, 0x39, 0x95, 0x0E, 0x39, 0x95, 0x0E, 0x39, 0x95, 0x0E, 0x39, 0x95, 0x0E, 0x39, 0x95, 0x0E, 0x39, 0x95, 0x0E, 0x39, 0x95, 0x0E, 0x39, 0x95, 0x0E, 0x39, 0x95, 0x0E, 0x39, 0x95, 0x0E, 0x39, 0x95, 0x0E, 0x39, 0x95, 
        0x0E, 0x39, 0x95, 0x0E, 0x39, 0x95, 0x0E, 0x39, 0x95, 0x0E, 0x3A, 0x95, 0x0F, 0x3A, 0x95, 0x0F, 0x39, 0x96, 0x0F, 0x3A, 0x96, 0x0F, 0x3A, 0x96, 0x0F, 0x3A, 0x96, 0x0F, 0x3A, 0x96, 0x0F, 0x3B, 0x96, 0x0F, 0x3A, 0x96, 0x0F, 0x3A, 0x96, 
        0x0F, 0x3A, 0x96, 0x0F, 0x3A, 0x96, 0x0F, 0x3A, 0x96, 0x0F, 0x3A, 0x96, 0x0F, 0x3A, 0x95, 0x0F, 0x39, 0x95, 0x0F, 0x39, 0x95, 0x0F, 0x39, 0x95, 0x0F, 0x39, 0x95, 0x0F, 0x39, 0x95, 0x0F, 0x39, 0x95, 0x0F, 0x39, 0x95, 0x0F, 0x39, 0x95, 
        0x0F, 0x39, 0x95, 0x0F, 0x39, 0x95, 0x0F, 0x39, 0x95, 0x0F, 0x39, 0x95, 0x0F, 0x39, 0x95, 0x0F, 0x3B, 0x96, 0x0F, 0x3A, 0x96, 0x0F, 0x39, 0x95, 0x0F, 0x3A, 0x95, 0x0F, 0x39, 0x95, 0x0F, 0x3A, 0x95, 0x0F, 0x3A, 0x95, 0x0F, 0x3A, 0x95, 
        0x0F, 0x3A, 0x95, 0x0F, 0x3A, 0x95, 0x0F, 0x3A, 0x95, 0x0F, 0x3A, 0x95, 0x10, 0x3A, 0x96, 0x0F, 0x3A, 0x95, 0x10, 0x3A, 0x96, 0x10, 0x3B, 0x96, 0x10, 0x3B, 0x96, 0x10, 0x3A, 0x96, 0x10, 0x3A, 0x96, 0x10, 0x3A, 0x95, 0x10, 0x3A, 0x95, 
        0x10, 0x3A, 0x95, 0x10, 0x3B, 0x96, 0x10, 0x3B, 0x94,
  0x03, 0x1E, 0x71, 0x0B, 0x32, 0x8A, 0x0C, 0x33, 0x8C, 0x0B, 0x33, 0x8C, 0x0B, 0x33, 0x8B, 0x0B, 0x33, 0x8B, 0x0C, 0x33, 0x8C, 0x0C, 0x33, 0x8D, 0x0C, 0x33, 0x8D, 0x0C, 0x33, 0x8D, 0x0C, 0x33, 0x8D, 0x0C, 0x34, 0x8D, 0x0C, 0x34, 0x8D, 0x0C, 0x34, 0x8E, 
        0x0C, 0x34, 0x8D, 0x0C, 0x34, 0x8E, 0x0C, 0x34, 0x8E, 0x0C, 0x35, 0x8F, 0x0C, 0x35, 0x8F, 0x0C, 0x35, 0x8F, 0x0C, 0x35, 0x8F, 0x0C, 0x35, 0x8F, 0x0C, 0x34, 0x8F, 0x0C, 0x34, 0x8F, 0x0C, 0x34, 0x8F, 0x0C, 0x34, 0x8F, 0x0C, 0x34, 0x90, 
        0x0C, 0x35, 0x90, 0x0C, 0x35, 0x90, 0x0C, 0x35, 0x90, 0x0C, 0x35, 0x90, 0x0C, 0x35, 0x90, 0x0C, 0x35, 0x90, 0x0C, 0x35, 0x91, 0x0C, 0x35, 0x91, 0x0C, 0x35, 0x91, 0x0C, 0x35, 0x91, 0x0C, 0x35, 0x91, 0x0C, 0x35, 0x91, 0x0C, 0x36, 0x92, 
        0x0C, 0x36, 0x92, 0x0C, 0x36, 0x92, 0x0C, 0x36, 0x92, 0x0C, 0x36, 0x92, 0x0C, 0x36, 0x92, 0x0C, 0x36, 0x91, 0x0C, 0x36, 0x92, 0x0C, 0x36, 0x92, 0x0C, 0x36, 0x92, 0x0C, 0x36, 0x91, 0x0C, 0x36, 0x91, 0x0C, 0x36, 0x91, 0x0C, 0x36, 0x92, 
        0x0C, 0x36, 0x92, 0x0C, 0x36, 0x92, 0x0C, 0x36, 0x92, 0x0C, 0x36, 0x92, 0x0C, 0x36, 0x92, 0x0C, 0x36, 0x92, 0x0C, 0x36, 0x92, 0x0C, 0x36, 0x92, 0x0D, 0x36, 0x92, 0x0D, 0x36, 0x92, 0x0D, 0x36, 0x92, 0x0D, 0x36, 0x92, 0x0D, 0x36, 0x92, 
        0x0D, 0x37, 0x92, 0x0D, 0x37, 0x93, 0x0D, 0x37, 0x93, 0x0D, 0x36, 0x92, 0x0D, 0x36, 0x92, 0x0D, 0x36, 0x92, 0x0D, 0x37, 0x92, 0x0D, 0x37, 0x92, 0x0D, 0x37, 0x93, 0x0D, 0x37, 0x93, 0x0D, 0x37, 0x93, 0x0D, 0x37, 0x93, 0x0D, 0x37, 0x93, 
        0x0D, 0x37, 0x93, 0x0D, 0x37, 0x93, 0x0D, 0x37, 0x93, 0x0D, 0x37, 0x94, 0x0D, 0x37, 0x93, 0x0D, 0x37, 0x93, 0x0D, 0x37, 0x94, 0x0D, 0x37, 0x94, 0x0D, 0x37, 0x94, 0x0D, 0x37, 0x94, 0x0D, 0x37, 0x94, 0x0D, 0x37, 0x94, 0x0D, 0x38, 0x94, 
        0x0E, 0x38, 0x95, 0x0E, 0x39, 0x95, 0x0E, 0x39, 0x96, 0x0E, 0x39, 0x96, 0x0E, 0x3A, 0x96, 0x0E, 0x3A, 0x96, 0x0E, 0x3A, 0x96, 0x0E, 0x3A, 0x96, 0x0E, 0x3A, 0x97, 0x0E, 0x3A, 0x97, 0x0E, 0x3A, 0x97, 0x0E, 0x39, 0x97, 0x0E, 0x3A, 0x97, 
        0x0E, 0x3A, 0x97, 0x0E, 0x3A, 0x97, 0x0E, 0x3A, 0x97, 0x0E, 0x3B, 0x97, 0x0F, 0x3B, 0x97, 0x0F, 0x3B, 0x97, 0x0F, 0x3B, 0x98, 0x0F, 0x3B, 0x98, 0x0F, 0x3C, 0x98, 0x0F, 0x3C, 0x98, 0x0F, 0x3C, 0x98, 0x0F, 0x3B, 0x98, 0x0F, 0x3C, 0x98, 
        0x0F, 0x3C, 0x98, 0x0F, 0x3B, 0x98, 0x0F, 0x3B, 0x97, 0x0F, 0x3B, 0x97, 0x0F, 0x3A, 0x97, 0x0F, 0x3A, 0x97, 0x0F, 0x3A, 0x96, 0x0F, 0x3A, 0x96, 0x0F, 0x3A, 0x96, 0x0F, 0x3A, 0x96, 0x0F, 0x3A, 0x96, 0x0F, 0x3A, 0x96, 0x0F, 0x3A, 0x96, 
        0x0F, 0x3A, 0x96, 0x0F, 0x3A, 0x96, 0x0F, 0x3A, 0x96, 0x0F, 0x3A, 0x96, 0x0F, 0x3B, 0x96, 0x0F, 0x3A, 0x96, 0x0F, 0x3A, 0x96, 0x0F, 0x3A, 0x96, 0x0F, 0x3B, 0x96, 0x0F, 0x3B, 0x96, 0x0F, 0x3A, 0x96, 0x0F, 0x3A, 0x96, 0x0F, 0x3A, 0x97, 
        0x0F, 0x3B, 0x97, 0x0F, 0x3B, 0x97, 0x0F, 0x3B, 0x97, 0x0F, 0x3B, 0x97, 0x10, 0x3B, 0x97, 0x10, 0x3B, 0x97, 0x10, 0x3B, 0x97, 0x10, 0x3B, 0x97, 0x10, 0x3B, 0x97, 0x10, 0x3B, 0x97, 0x10, 0x3B, 0x97, 0x10, 0x3B, 0x97, 0x10, 0x3B, 0x97, 
        0x10, 0x3B, 0x97, 0x10, 0x3B, 0x97, 0x10, 0x3C, 0x96,
  0x04, 0x20, 0x76, 0x0B, 0x33, 0x8C, 0x0C, 0x34, 0x8E, 0x0C, 0x34, 0x8D, 0x0C, 0x34, 0x8D, 0x0B, 0x34, 0x8D, 0x0C, 0x34, 0x8D, 0x0C, 0x34, 0x8D, 0x0C, 0x34, 0x8D, 0x0C, 0x34, 0x8D, 0x0C, 0x34, 0x8D, 0x0C, 0x34, 0x8E, 0x0C, 0x34, 0x8E, 0x0C, 0x34, 0x8E, 
        0x0C, 0x34, 0x8E, 0x0C, 0x34, 0x8E, 0x0C, 0x35, 0x8F, 0x0C, 0x35, 0x90, 0x0C, 0x35, 0x90, 0x0C, 0x35, 0x90, 0x0C, 0x35, 0x90, 0x0C, 0x35, 0x90, 0x0C, 0x35, 0x90, 0x0C, 0x35, 0x90, 0x0C, 0x35, 0x90, 0x0C, 0x35, 0x90, 0x0C, 0x35, 0x90, 
        0x0C, 0x36, 0x91, 0x0C, 0x36, 0x91, 0x0C, 0x36, 0x91, 0x0C, 0x36, 0x91, 0x0C, 0x36, 0x91, 0x0C, 0x36, 0x91, 0x0C, 0x36, 0x91, 0x0C, 0x36, 0x91, 0x0C, 0x36, 0x92, 0x0C, 0x36, 0x92, 0x0C, 0x36, 0x92, 0x0C, 0x36, 0x92, 0x0C, 0x36, 0x92, 
        0x0C, 0x36, 0x93, 0x0C, 0x36, 0x93, 0x0C, 0x36, 0x93, 0x0C, 0x37, 0x93, 0x0C, 0x37, 0x93, 0x0C, 0x37, 0x92, 0x0C, 0x36, 0x92, 0x0C, 0x36, 0x92, 0x0C, 0x36, 0x92, 0x0C, 0x36, 0x92, 0x0C, 0x37, 0x92, 0x0C, 0x37, 0x92, 0x0C, 0x37, 0x92, 
        0x0C, 0x37, 0x92, 0x0C, 0x37, 0x93, 0x0C, 0x37, 0x93, 0x0C, 0x37, 0x93, 0x0C, 0x37, 0x92, 0x0C, 0x37, 0x92, 0x0C, 0x37, 0x92, 0x0C, 0x37, 0x93, 0x0D, 0x37, 0x93, 0x0D, 0x37, 0x93, 0x0D, 0x37, 0x93, 0x0D, 0x37, 0x93, 0x0D, 0x37, 0x93, 
        0x0D, 0x37, 0x93, 0x0D, 0x38, 0x93, 0x0D, 0x37, 0x93, 0x0D, 0x37, 0x93, 0x0D, 0x37, 0x93, 0x0D, 0x37, 0x93, 0x0D, 0x37, 0x93, 0x0D, 0x37, 0x93, 0x0D, 0x38, 0x94, 0x0D, 0x38, 0x94, 0x0D, 0x38, 0x94, 0x0D, 0x38, 0x94, 0x0D, 0x38, 0x94, 
        0x0D, 0x38, 0x94, 0x0D, 0x38, 0x94, 0x0D, 0x38, 0x94, 0x0D, 0x38, 0x94, 0x0D, 0x38, 0x94, 0x0D, 0x38, 0x94, 0x0D, 0x38, 0x94, 0x0D, 0x38, 0x94, 0x0D, 0x38, 0x95, 0x0D, 0x38, 0x95, 0x0D, 0x38, 0x95, 0x0D, 0x38, 0x95, 0x0D, 0x38, 0x95, 
        0x0D, 0x39, 0x95, 0x0D, 0x39, 0x95, 0x0D, 0x39, 0x96, 0x0E, 0x3A, 0x96, 0x0E, 0x3A, 0x97, 0x0E, 0x3A, 0x97, 0x0E, 0x3A, 0x97, 0x0E, 0x3A, 0x97, 0x0E, 0x3B, 0x97, 0x0E, 0x3B, 0x97, 0x0E, 0x3B, 0x97, 0x0E, 0x3B, 0x97, 0x0E, 0x3B, 0x97, 
        0x0E, 0x3B, 0x98, 0x0E, 0x3B, 0x98, 0x0E, 0x3B, 0x98, 0x0E, 0x3B, 0x98, 0x0F, 0x3C, 0x98, 0x0F, 0x3C, 0x98, 0x0F, 0x3C, 0x98, 0x0F, 0x3C, 0x99, 0x0F, 0x3C, 0x99, 0x0F, 0x3C, 0x99, 0x0F, 0x3D, 0x99, 0x0F, 0x3D, 0x99, 0x0F, 0x3D, 0x99, 
        0x0F, 0x3D, 0x99, 0x0F, 0x3D, 0x99, 0x0F, 0x3C, 0x98, 0x0F, 0x3C, 0x98, 0x0F, 0x3B, 0x98, 0x0F, 0x3B, 0x97, 0x0F, 0x3B, 0x97, 0x0F, 0x3A, 0x97, 0x0F, 0x3B, 0x97, 0x0F, 0x3A, 0x97, 0x0F, 0x3A, 0x97, 0x0F, 0x3B, 0x97, 0x0F, 0x3B, 0x97, 
        0x0F, 0x3B, 0x97, 0x0F, 0x3B, 0x97, 0x0F, 0x3A, 0x97, 0x0F, 0x3B, 0x97, 0x0F, 0x3B, 0x97, 0x0F, 0x3B, 0x97, 0x0F, 0x3B, 0x97, 0x0F, 0x3B, 0x97, 0x0F, 0x3B, 0x97, 0x0F, 0x3B, 0x97, 0x0F, 0x3B, 0x97, 0x0F, 0x3B, 0x97, 0x0F, 0x3B, 0x97, 
        0x0F, 0x3B, 0x97, 0x0F, 0x3C, 0x98, 0x0F, 0x3C, 0x98, 0x0F, 0x3C, 0x98, 0x10, 0x3C, 0x98, 0x10, 0x3C, 0x98, 0x10, 0x3C, 0x98, 0x10, 0x3C, 0x98, 0x10, 0x3C, 0x98, 0x10, 0x3C, 0x98, 0x10, 0x3C, 0x98, 0x10, 0x3C, 0x98, 0x10, 0x3C, 0x98, 
        0x10, 0x3C, 0x98, 0x10, 0x3C, 0x98, 0x11, 0x3E, 0x97,
  0x04, 0x22, 0x7A, 0x0B, 0x33, 0x8F, 0x0C, 0x35, 0x90, 0x0C, 0x34, 0x90, 0x0C, 0x34, 0x8F, 0x0C, 0x34, 0x8F, 0x0C, 0x34, 0x8F, 0x0C, 0x34, 0x8F, 0x0C, 0x34, 0x8F, 0x0C, 0x34, 0x8F, 0x0C, 0x34, 0x8F, 0x0C, 0x34, 0x8F, 0x0C, 0x34, 0x90, 0x0C, 0x35, 0x90, 
        0x0C, 0x35, 0x90, 0x0C, 0x35, 0x90, 0x0C, 0x35, 0x91, 0x0C, 0x35, 0x91, 0x0C, 0x35, 0x91, 0x0C, 0x35, 0x91, 0x0C, 0x35, 0x91, 0x0C, 0x35, 0x91, 0x0C, 0x35, 0x91, 0x0C, 0x35, 0x91, 0x0C, 0x35, 0x91, 0x0C, 0x35, 0x91, 0x0C, 0x35, 0x92, 
        0x0C, 0x36, 0x92, 0x0C, 0x36, 0x93, 0x0C, 0x36, 0x93, 0x0C, 0x36, 0x93, 0x0C, 0x36, 0x93, 0x0C, 0x36, 0x93, 0x0C, 0x36, 0x93, 0x0C, 0x36, 0x93, 0x0C, 0x36, 0x93, 0x0C, 0x36, 0x94, 0x0C, 0x36, 0x94, 0x0C, 0x36, 0x94, 0x0C, 0x36, 0x94, 
        0x0C, 0x36, 0x94, 0x0C, 0x36, 0x94, 0x0C, 0x36, 0x94, 0x0C, 0x36, 0x94, 0x0C, 0x36, 0x94, 0x0C, 0x37, 0x94, 0x0C, 0x37, 0x94, 0x0C, 0x37, 0x94, 0x0C, 0x36, 0x94, 0x0C, 0x36, 0x94, 0x0C, 0x36, 0x94, 0x0C, 0x37, 0x94, 0x0C, 0x37, 0x94, 
        0x0C, 0x37, 0x94, 0x0C, 0x37, 0x94, 0x0C, 0x37, 0x94, 0x0C, 0x37, 0x94, 0x0C, 0x37, 0x94, 0x0C, 0x37, 0x94, 0x0C, 0x37, 0x94, 0x0D, 0x37, 0x94, 0x0D, 0x37, 0x94, 0x0D, 0x37, 0x94, 0x0D, 0x37, 0x94, 0x0D, 0x37, 0x94, 0x0D, 0x37, 0x94, 
        0x0D, 0x37, 0x94, 0x0D, 0x37, 0x95, 0x0D, 0x37, 0x95, 0x0D, 0x37, 0x95, 0x0D, 0x37, 0x95, 0x0D, 0x37, 0x95, 0x0D, 0x37, 0x95, 0x0D, 0x38, 0x95, 0x0D, 0x38, 0x95, 0x0D, 0x38, 0x95, 0x0D, 0x38, 0x95, 0x0D, 0x38, 0x95, 0x0D, 0x38, 0x95, 
        0x0D, 0x38, 0x95, 0x0D, 0x38, 0x95, 0x0D, 0x38, 0x96, 0x0D, 0x38, 0x96, 0x0D, 0x38, 0x96, 0x0D, 0x37, 0x95, 0x0D, 0x38, 0x95, 0x0D, 0x38, 0x96, 0x0D, 0x38, 0x96, 0x0D, 0x38, 0x96, 0x0D, 0x38, 0x96, 0x0D, 0x38, 0x96, 0x0D, 0x38, 0x96, 
        0x0D, 0x38, 0x96, 0x0D, 0x38, 0x96, 0x0D, 0x38, 0x97, 0x0D, 0x39, 0x97, 0x0E, 0x39, 0x97, 0x0E, 0x39, 0x98, 0x0E, 0x3A, 0x98, 0x0E, 0x3A, 0x98, 0x0E, 0x3A, 0x98, 0x0E, 0x3B, 0x99, 0x0E, 0x3B, 0x99, 0x0E, 0x3A, 0x98, 0x0E, 0x3B, 0x99, 
        0x0E, 0x3B, 0x99, 0x0E, 0x3B, 0x99, 0x0E, 0x3B, 0x99, 0x0E, 0x3B, 0x9A, 0x0F, 0x3B, 0x9A, 0x0F, 0x3C, 0x9A, 0x0F, 0x3C, 0x9A, 0x0F, 0x3C, 0x9A, 0x0F, 0x3D, 0x9B, 0x0F, 0x3D, 0x9B, 0x0F, 0x3E, 0x9B, 0x10, 0x3E, 0x9C, 0x10, 0x3E, 0x9B, 
        0x0F, 0x3D, 0x9B, 0x0F, 0x3D, 0x9B, 0x0F, 0x3C, 0x9A, 0x0F, 0x3C, 0x9A, 0x0F, 0x3C, 0x99, 0x0F, 0x3B, 0x99, 0x0F, 0x3B, 0x99, 0x0F, 0x3A, 0x99, 0x0F, 0x3A, 0x99, 0x0F, 0x3A, 0x99, 0x0F, 0x3B, 0x98, 0x0F, 0x3B, 0x98, 0x0F, 0x3B, 0x99, 
        0x0F, 0x3B, 0x99, 0x0F, 0x3B, 0x99, 0x0F, 0x3B, 0x98, 0x0F, 0x3B, 0x99, 0x0F, 0x3C, 0x99, 0x0F, 0x3B, 0x99, 0x0F, 0x3B, 0x99, 0x0F, 0x3B, 0x99, 0x0F, 0x3B, 0x99, 0x0F, 0x3B, 0x99, 0x0F, 0x3B, 0x99, 0x0F, 0x3B, 0x99, 0x0F, 0x3B, 0x99, 
        0x0F, 0x3C, 0x99, 0x0F, 0x3C, 0x99, 0x0F, 0x3C, 0x99, 0x0F, 0x3C, 0x99, 0x10, 0x3C, 0x99, 0x10, 0x3C, 0x99, 0x10, 0x3C, 0x9A, 0x10, 0x3C, 0x9A, 0x10, 0x3C, 0x9A, 0x10, 0x3C, 0x9A, 0x10, 0x3C, 0x99, 0x10, 0x3C, 0x99, 0x10, 0x3C, 0x99, 
        0x10, 0x3C, 0x99, 0x10, 0x3C, 0x9A, 0x11, 0x3E, 0x98,
  0x05, 0x24, 0x7F, 0x0B, 0x35, 0x91, 0x0C, 0x36, 0x92, 0x0C, 0x36, 0x91, 0x0C, 0x35, 0x91, 0x0C, 0x35, 0x90, 0x0C, 0x35, 0x90, 0x0C, 0x35, 0x90, 0x0C, 0x35, 0x90, 0x0C, 0x35, 0x90, 0x0C, 0x35, 0x90, 0x0C, 0x35, 0x90, 0x0C, 0x35, 0x90, 0x0C, 0x35, 0x91, 
        0x0C, 0x35, 0x91, 0x0C, 0x36, 0x91, 0x0C, 0x36, 0x92, 0x0C, 0x36, 0x92, 0x0C, 0x36, 0x92, 0x0C, 0x36, 0x92, 0x0C, 0x36, 0x92, 0x0C, 0x36, 0x92, 0x0C, 0x36, 0x92, 0x0C, 0x36, 0x92, 0x0C, 0x36, 0x92, 0x0C, 0x36, 0x92, 0x0C, 0x36, 0x93, 
        0x0C, 0x36, 0x93, 0x0C, 0x37, 0x93, 0x0C, 0x37, 0x94, 0x0C, 0x37, 0x94, 0x0C, 0x37, 0x94, 0x0C, 0x37, 0x94, 0x0C, 0x37, 0x94, 0x0C, 0x37, 0x94, 0x0C, 0x37, 0x94, 0x0C, 0x37, 0x94, 0x0C, 0x37, 0x94, 0x0C, 0x37, 0x94, 0x0C, 0x37, 0x94, 
        0x0C, 0x37, 0x95, 0x0C, 0x37, 0x95, 0x0C, 0x37, 0x95, 0x0C, 0x37, 0x95, 0x0C, 0x37, 0x95, 0x0C, 0x37, 0x95, 0x0C, 0x37, 0x95, 0x0C, 0x37, 0x95, 0x0C, 0x37, 0x95, 0x0C, 0x37, 0x95, 0x0C, 0x37, 0x95, 0x0C, 0x37, 0x95, 0x0C, 0x37, 0x95, 
        0x0C, 0x37, 0x95, 0x0C, 0x37, 0x95, 0x0C, 0x38, 0x95, 0x0C, 0x37, 0x95, 0x0C, 0x37, 0x94, 0x0C, 0x37, 0x95, 0x0C, 0x37, 0x95, 0x0D, 0x37, 0x95, 0x0D, 0x38, 0x95, 0x0D, 0x38, 0x95, 0x0D, 0x38, 0x96, 0x0D, 0x38, 0x95, 0x0D, 0x38, 0x95, 
        0x0D, 0x38, 0x95, 0x0D, 0x38, 0x96, 0x0D, 0x38, 0x96, 0x0D, 0x38, 0x95, 0x0D, 0x38, 0x95, 0x0D, 0x38, 0x95, 0x0D, 0x38, 0x96, 0x0D, 0x38, 0x96, 0x0D, 0x38, 0x96, 0x0D, 0x39, 0x96, 0x0D, 0x39, 0x96, 0x0D, 0x39, 0x96, 0x0D, 0x39, 0x96, 
        0x0D, 0x39, 0x96, 0x0D, 0x39, 0x96, 0x0D, 0x38, 0x96, 0x0D, 0x38, 0x96, 0x0D, 0x38, 0x96, 0x0D, 0x38, 0x96, 0x0D, 0x38, 0x96, 0x0D, 0x38, 0x96, 0x0D, 0x39, 0x96, 0x0D, 0x39, 0x96, 0x0D, 0x39, 0x96, 0x0D, 0x39, 0x96, 0x0D, 0x39, 0x97, 
        0x0D, 0x39, 0x97, 0x0D, 0x39, 0x97, 0x0D, 0x39, 0x97, 0x0D, 0x39, 0x97, 0x0D, 0x39, 0x97, 0x0E, 0x3A, 0x98, 0x0E, 0x3A, 0x98, 0x0E, 0x3A, 0x98, 0x0E, 0x3B, 0x99, 0x0E, 0x3B, 0x99, 0x0E, 0x3B, 0x99, 0x0E, 0x3B, 0x99, 0x0E, 0x3B, 0x99, 
        0x0E, 0x3B, 0x9A, 0x0E, 0x3B, 0x9A, 0x0E, 0x3C, 0x9A, 0x0E, 0x3C, 0x9A, 0x0F, 0x3C, 0x9B, 0x0F, 0x3C, 0x9B, 0x0F, 0x3D, 0x9B, 0x0F, 0x3E, 0x9C, 0x10, 0x3F, 0x9C, 0x10, 0x3F, 0x9D, 0x10, 0x3F, 0x9D, 0x10, 0x3F, 0x9D, 0x10, 0x3F, 0x9D, 
        0x10, 0x3F, 0x9C, 0x0F, 0x3E, 0x9C, 0x0F, 0x3D, 0x9B, 0x0F, 0x3D, 0x9B, 0x0F, 0x3C, 0x9A, 0x0F, 0x3C, 0x9A, 0x0F, 0x3C, 0x9A, 0x0F, 0x3B, 0x9A, 0x0F, 0x3B, 0x9A, 0x0F, 0x3B, 0x9A, 0x0F, 0x3B, 0x99, 0x0F, 0x3C, 0x99, 0x0F, 0x3C, 0x99, 
        0x0F, 0x3B, 0x99, 0x0F, 0x3B, 0x99, 0x0F, 0x3C, 0x99, 0x0F, 0x3C, 0x9A, 0x0F, 0x3C, 0x9A, 0x0F, 0x3C, 0x99, 0x0F, 0x3C, 0x99, 0x0F, 0x3C, 0x9A, 0x0F, 0x3C, 0x9A, 0x0F, 0x3C, 0x9A, 0x0F, 0x3C, 0x9A, 0x0F, 0x3C, 0x9A, 0x0F, 0x3C, 0x9A, 
        0x10, 0x3C, 0x9A, 0x10, 0x3C, 0x9A, 0x10, 0x3D, 0x9A, 0x10, 0x3D, 0x9A, 0x10, 0x3D, 0x9A, 0x10, 0x3D, 0x9A, 0x10, 0x3D, 0x9A, 0x10, 0x3D, 0x9A, 0x10, 0x3D, 0x9A, 0x10, 0x3D, 0x9A, 0x10, 0x3D, 0x9A, 0x10, 0x3D, 0x9A, 0x10, 0x3D, 0x9A, 
        0x10, 0x3D, 0x9A, 0x10, 0x3D, 0x9A, 0x10, 0x3E, 0x99,
  0x06, 0x28, 0x88, 0x0C, 0x36, 0x95, 0x0D, 0x37, 0x95, 0x0D, 0x37, 0x94, 0x0D, 0x36, 0x93, 0x0D, 0x36, 0x93, 0x0C, 0x36, 0x92, 0x0C, 0x36, 0x91, 0x0C, 0x36, 0x91, 0x0C, 0x36, 0x91, 0x0C, 0x36, 0x92, 0x0C, 0x36, 0x92, 0x0C, 0x36, 0x92, 0x0C, 0x36, 0x93, 
        0x0C, 0x36, 0x93, 0x0D, 0x36, 0x93, 0x0D, 0x37, 0x93, 0x0D, 0x37, 0x94, 0x0D, 0x37, 0x93, 0x0D, 0x37, 0x94, 0x0D, 0x37, 0x94, 0x0D, 0x37, 0x93, 0x0D, 0x37, 0x93, 0x0D, 0x37, 0x94, 0x0D, 0x37, 0x94, 0x0D, 0x37, 0x94, 0x0D, 0x37, 0x94, 
        0x0D, 0x37, 0x94, 0x0D, 0x37, 0x95, 0x0D, 0x37, 0x95, 0x0D, 0x37, 0x95, 0x0D, 0x37, 0x95, 0x0D, 0x37, 0x95, 0x0D, 0x37, 0x95, 0x0D, 0x38, 0x96, 0x0D, 0x38, 0x96, 0x0D, 0x38, 0x96, 0x0D, 0x38, 0x96, 0x0D, 0x38, 0x96, 0x0D, 0x38, 0x96, 
        0x0D, 0x38, 0x96, 0x0D, 0x38, 0x96, 0x0D, 0x38, 0x96, 0x0D, 0x38, 0x97, 0x0D, 0x38, 0x97, 0x0D, 0x38, 0x97, 0x0D, 0x38, 0x96, 0x0D, 0x38, 0x96, 0x0D, 0x38, 0x96, 0x0D, 0x38, 0x96, 0x0D, 0x38, 0x96, 0x0D, 0x38, 0x96, 0x0D, 0x38, 0x96, 
        0x0D, 0x38, 0x96, 0x0D, 0x38, 0x96, 0x0D, 0x38, 0x96, 0x0D, 0x38, 0x96, 0x0D, 0x38, 0x96, 0x0D, 0x38, 0x96, 0x0D, 0x38, 0x97, 0x0D, 0x38, 0x97, 0x0D, 0x38, 0x97, 0x0D, 0x39, 0x97, 0x0D, 0x39, 0x97, 0x0D, 0x39, 0x97, 0x0D, 0x39, 0x97, 
        0x0D, 0x39, 0x97, 0x0D, 0x39, 0x97, 0x0E, 0x39, 0x97, 0x0D, 0x39, 0x97, 0x0D, 0x39, 0x97, 0x0D, 0x39, 0x97, 0x0E, 0x39, 0x97, 0x0E, 0x39, 0x97, 0x0E, 0x39, 0x97, 0x0E, 0x39, 0x98, 0x0E, 0x39, 0x98, 0x0E, 0x39, 0x98, 0x0E, 0x39, 0x98, 
        0x0E, 0x39, 0x98, 0x0E, 0x39, 0x98, 0x0E, 0x39, 0x98, 0x0E, 0x39, 0x98, 0x0E, 0x39, 0x97, 0x0E, 0x39, 0x97, 0x0E, 0x39, 0x97, 0x0E, 0x39, 0x97, 0x0E, 0x39, 0x97, 0x0E, 0x3A, 0x98, 0x0E, 0x3A, 0x98, 0x0E, 0x3A, 0x98, 0x0E, 0x3A, 0x98, 
        0x0E, 0x3A, 0x98, 0x0E, 0x3A, 0x98, 0x0E, 0x3A, 0x98, 0x0E, 0x3A, 0x99, 0x0E, 0x3A, 0x99, 0x0E, 0x3A, 0x99, 0x0E, 0x3B, 0x99, 0x0F, 0x3B, 0x99, 0x0F, 0x3B, 0x9A, 0x0F, 0x3B, 0x9A, 0x0F, 0x3B, 0x9A, 0x0F, 0x3C, 0x9A, 0x0F, 0x3C, 0x9B, 
        0x0F, 0x3C, 0x9B, 0x0F, 0x3C, 0x9B, 0x0F, 0x3C, 0x9B, 0x0F, 0x3D, 0x9B, 0x0F, 0x3D, 0x9C, 0x10, 0x3D, 0x9D, 0x10, 0x3E, 0x9D, 0x10, 0x3F, 0x9E, 0x11, 0x40, 0x9E, 0x11, 0x41, 0x9F, 0x11, 0x41, 0x9F, 0x11, 0x41, 0x9F, 0x11, 0x41, 0x9F, 
        0x11, 0x40, 0x9E, 0x11, 0x3F, 0x9E, 0x10, 0x3E, 0x9D, 0x10, 0x3E, 0x9C, 0x10, 0x3D, 0x9C, 0x10, 0x3D, 0x9B, 0x0F, 0x3D, 0x9B, 0x0F, 0x3C, 0x9B, 0x0F, 0x3C, 0x9B, 0x0F, 0x3C, 0x9B, 0x10, 0x3C, 0x9B, 0x10, 0x3C, 0x9B, 0x10, 0x3C, 0x9B, 
        0x10, 0x3C, 0x9A, 0x10, 0x3C, 0x9B, 0x10, 0x3D, 0x9B, 0x10, 0x3D, 0x9B, 0x10, 0x3D, 0x9B, 0x10, 0x3D, 0x9B, 0x10, 0x3D, 0x9B, 0x10, 0x3D, 0x9B, 0x10, 0x3D, 0x9B, 0x10, 0x3D, 0x9B, 0x10, 0x3D, 0x9B, 0x10, 0x3D, 0x9B, 0x10, 0x3D, 0x9B, 
        0x10, 0x3D, 0x9B, 0x10, 0x3D, 0x9C, 0x10, 0x3D, 0x9C, 0x10, 0x3D, 0x9C, 0x11, 0x3E, 0x9C, 0x11, 0x3D, 0x9C, 0x11, 0x3D, 0x9C, 0x11, 0x3D, 0x9C, 0x11, 0x3D, 0x9B, 0x11, 0x3D, 0x9B, 0x11, 0x3D, 0x9B, 0x11, 0x3E, 0x9B, 0x11, 0x3E, 0x9B, 
        0x11, 0x3E, 0x9C, 0x11, 0x3E, 0x9C, 0x11, 0x3F, 0x9A,
  0x07, 0x2B, 0x8D, 0x0C, 0x37, 0x97, 0x0D, 0x38, 0x97, 0x0D, 0x37, 0x96, 0x0D, 0x37, 0x95, 0x0D, 0x36, 0x94, 0x0C, 0x36, 0x93, 0x0C, 0x36, 0x92, 0x0C, 0x36, 0x92, 0x0C, 0x36, 0x92, 0x0C, 0x36, 0x92, 0x0C, 0x36, 0x93, 0x0C, 0x36, 0x93, 0x0D, 0x36, 0x93, 
        0x0D, 0x36, 0x93, 0x0D, 0x36, 0x94, 0x0D, 0x37, 0x94, 0x0D, 0x37, 0x94, 0x0D, 0x37, 0x94, 0x0D, 0x37, 0x94, 0x0D, 0x37, 0x94, 0x0D, 0x37, 0x94, 0x0D, 0x37, 0x94, 0x0D, 0x37, 0x94, 0x0D, 0x37, 0x95, 0x0D, 0x37, 0x95, 0x0D, 0x37, 0x95, 
        0x0D, 0x37, 0x95, 0x0D, 0x37, 0x96, 0x0D, 0x37, 0x96, 0x0D, 0x37, 0x96, 0x0D, 0x37, 0x96, 0x0D, 0x37, 0x96, 0x0D, 0x38, 0x96, 0x0D, 0x38, 0x96, 0x0D, 0x38, 0x97, 0x0D, 0x38, 0x97, 0x0D, 0x38, 0x97, 0x0D, 0x38, 0x97, 0x0D, 0x38, 0x97, 
        0x0D, 0x38, 0x97, 0x0D, 0x38, 0x97, 0x0D, 0x38, 0x97, 0x0D, 0x38, 0x97, 0x0D, 0x38, 0x98, 0x0D, 0x38, 0x97, 0x0D, 0x38, 0x97, 0x0D, 0x38, 0x97, 0x0D, 0x38, 0x97, 0x0D, 0x38, 0x97, 0x0D, 0x38, 0x97, 0x0D, 0x38, 0x97, 0x0D, 0x38, 0x97, 
        0x0D, 0x38, 0x97, 0x0D, 0x38, 0x97, 0x0D, 0x38, 0x97, 0x0D, 0x38, 0x97, 0x0D, 0x38, 0x97, 0x0D, 0x38, 0x97, 0x0D, 0x38, 0x97, 0x0D, 0x38, 0x97, 0x0D, 0x38, 0x97, 0x0D, 0x38, 0x97, 0x0D, 0x39, 0x98, 0x0D, 0x39, 0x98, 0x0D, 0x39, 0x98, 
        0x0D, 0x39, 0x98, 0x0E, 0x39, 0x98, 0x0E, 0x39, 0x98, 0x0E, 0x39, 0x98, 0x0E, 0x39, 0x98, 0x0D, 0x39, 0x98, 0x0E, 0x39, 0x98, 0x0E, 0x39, 0x98, 0x0E, 0x39, 0x98, 0x0E, 0x39, 0x98, 0x0E, 0x39, 0x98, 0x0E, 0x39, 0x99, 0x0E, 0x39, 0x99, 
        0x0E, 0x39, 0x99, 0x0E, 0x39, 0x98, 0x0E, 0x39, 0x98, 0x0E, 0x39, 0x98, 0x0E, 0x39, 0x98, 0x0E, 0x39, 0x98, 0x0E, 0x39, 0x98, 0x0E, 0x39, 0x98, 0x0E, 0x39, 0x98, 0x0E, 0x3A, 0x98, 0x0E, 0x3A, 0x99, 0x0E, 0x3A, 0x99, 0x0E, 0x3A, 0x99, 
        0x0E, 0x3A, 0x99, 0x0E, 0x3A, 0x99, 0x0E, 0x3A, 0x99, 0x0E, 0x3A, 0x99, 0x0E, 0x3A, 0x99, 0x0E, 0x3A, 0x99, 0x0E, 0x3A, 0x99, 0x0E, 0x3A, 0x99, 0x0E, 0x3B, 0x9A, 0x0E, 0x3B, 0x9A, 0x0F, 0x3B, 0x9A, 0x0F, 0x3B, 0x9B, 0x0F, 0x3C, 0x9B, 
        0x0F, 0x3C, 0x9B, 0x0F, 0x3C, 0x9B, 0x0F, 0x3C, 0x9C, 0x0F, 0x3D, 0x9C, 0x10, 0x3D, 0x9D, 0x10, 0x3E, 0x9E, 0x10, 0x3F, 0x9F, 0x10, 0x40, 0x9F, 0x11, 0x41, 0xA0, 0x11, 0x41, 0xA0, 0x11, 0x41, 0xA0, 0x11, 0x41, 0xA0, 0x11, 0x41, 0xA0, 
        0x11, 0x41, 0x9F, 0x11, 0x40, 0x9F, 0x10, 0x3F, 0x9E, 0x10, 0x3E, 0x9D, 0x10, 0x3D, 0x9D, 0x10, 0x3D, 0x9C, 0x10, 0x3D, 0x9C, 0x0F, 0x3C, 0x9C, 0x0F, 0x3C, 0x9C, 0x0F, 0x3C, 0x9C, 0x0F, 0x3C, 0x9B, 0x10, 0x3C, 0x9B, 0x10, 0x3C, 0x9B, 
        0x10, 0x3C, 0x9B, 0x10, 0x3C, 0x9B, 0x10, 0x3C, 0x9C, 0x10, 0x3D, 0x9C, 0x10, 0x3D, 0x9C, 0x10, 0x3C, 0x9C, 0x10, 0x3C, 0x9C, 0x10, 0x3D, 0x9C, 0x10, 0x3D, 0x9C, 0x10, 0x3D, 0x9C, 0x10, 0x3D, 0x9C, 0x10, 0x3D, 0x9C, 0x10, 0x3D, 0x9C, 
        0x10, 0x3D, 0x9C, 0x10, 0x3D, 0x9C, 0x10, 0x3D, 0x9C, 0x10, 0x3D, 0x9C, 0x11, 0x3D, 0x9C, 0x11, 0x3D, 0x9C, 0x11, 0x3D, 0x9C, 0x11, 0x3D, 0x9C, 0x11, 0x3D, 0x9C, 0x11, 0x3D, 0x9C, 0x11, 0x3D, 0x9C, 0x11, 0x3E, 0x9C, 0x11, 0x3D, 0x9C, 
        0x11, 0x3D, 0x9C, 0x11, 0x3E, 0x9C, 0x11, 0x3F, 0x9B,
  0x08, 0x2F, 0x94, 0x0D, 0x39, 0x99, 0x0D, 0x39, 0x99, 0x0D, 0x38, 0x97, 0x0D, 0x38, 0x96, 0x0D, 0x38, 0x95, 0x0D, 0x37, 0x94, 0x0C, 0x37, 0x93, 0x0C, 0x37, 0x94, 0x0C, 0x37, 0x94, 0x0C, 0x37, 0x94, 0x0C, 0x37, 0x94, 0x0C, 0x37, 0x94, 0x0C, 0x37, 0x94, 
        0x0D, 0x37, 0x94, 0x0D, 0x37, 0x95, 0x0D, 0x38, 0x95, 0x0D, 0x38, 0x95, 0x0D, 0x38, 0x95, 0x0D, 0x38, 0x95, 0x0D, 0x38, 0x96, 0x0D, 0x38, 0x96, 0x0D, 0x38, 0x96, 0x0D, 0x38, 0x96, 0x0D, 0x38, 0x96, 0x0D, 0x38, 0x96, 0x0D, 0x38, 0x96, 
        0x0D, 0x38, 0x96, 0x0D, 0x38, 0x96, 0x0D, 0x38, 0x96, 0x0D, 0x38, 0x96, 0x0D, 0x38, 0x97, 0x0D, 0x38, 0x97, 0x0D, 0x38, 0x97, 0x0D, 0x38, 0x97, 0x0D, 0x38, 0x97, 0x0D, 0x38, 0x97, 0x0D, 0x38, 0x97, 0x0D, 0x39, 0x97, 0x0D, 0x39, 0x98, 
        0x0D, 0x39, 0x98, 0x0D, 0x39, 0x98, 0x0D, 0x39, 0x98, 0x0D, 0x39, 0x98, 0x0D, 0x39, 0x98, 0x0D, 0x39, 0x98, 0x0D, 0x39, 0x98, 0x0D, 0x39, 0x98, 0x0D, 0x39, 0x98, 0x0D, 0x39, 0x98, 0x0D, 0x39, 0x98, 0x0D, 0x39, 0x98, 0x0D, 0x39, 0x98, 
        0x0D, 0x39, 0x98, 0x0D, 0x39, 0x98, 0x0D, 0x39, 0x98, 0x0D, 0x39, 0x98, 0x0D, 0x39, 0x98, 0x0D, 0x39, 0x98, 0x0D, 0x39, 0x98, 0x0D, 0x39, 0x98, 0x0D, 0x39, 0x98, 0x0D, 0x39, 0x98, 0x0D, 0x39, 0x98, 0x0D, 0x39, 0x98, 0x0D, 0x39, 0x98, 
        0x0D, 0x39, 0x98, 0x0D, 0x39, 0x98, 0x0D, 0x39, 0x98, 0x0E, 0x39, 0x98, 0x0E, 0x3A, 0x99, 0x0E, 0x3A, 0x99, 0x0E, 0x3A, 0x99, 0x0E, 0x3A, 0x99, 0x0E, 0x3A, 0x99, 0x0E, 0x3A, 0x99, 0x0E, 0x3A, 0x99, 0x0E, 0x3A, 0x99, 0x0E, 0x3A, 0x99, 
        0x0E, 0x3A, 0x99, 0x0E, 0x3A, 0x99, 0x0E, 0x3A, 0x99, 0x0E, 0x3A, 0x99, 0x0E, 0x3A, 0x99, 0x0E, 0x3A, 0x99, 0x0E, 0x3A, 0x99, 0x0E, 0x3A, 0x99, 0x0E, 0x3A, 0x9A, 0x0E, 0x3A, 0x9A, 0x0E, 0x3B, 0x9A, 0x0E, 0x3B, 0x99, 0x0E, 0x3B, 0x9A, 
        0x0E, 0x3B, 0x9A, 0x0E, 0x3B, 0x9A, 0x0E, 0x3B, 0x9A, 0x0E, 0x3B, 0x9A, 0x0E, 0x3B, 0x9A, 0x0E, 0x3B, 0x9A, 0x0E, 0x3B, 0x9A, 0x0E, 0x3B, 0x9A, 0x0E, 0x3B, 0x9A, 0x0E, 0x3B, 0x9A, 0x0F, 0x3B, 0x9B, 0x0F, 0x3C, 0x9B, 0x0F, 0x3C, 0x9B, 
        0x0F, 0x3C, 0x9C, 0x0F, 0x3C, 0x9C, 0x0F, 0x3D, 0x9C, 0x0F, 0x3D, 0x9D, 0x10, 0x3E, 0x9E, 0x10, 0x3F, 0x9E, 0x10, 0x40, 0x9F, 0x10, 0x41, 0xA0, 0x11, 0x41, 0xA0, 0x11, 0x42, 0xA1, 0x11, 0x43, 0xA1, 0x12, 0x43, 0xA1, 0x11, 0x42, 0xA1, 
        0x11, 0x42, 0xA0, 0x11, 0x41, 0xA0, 0x11, 0x40, 0x9F, 0x10, 0x3F, 0x9E, 0x10, 0x3E, 0x9E, 0x10, 0x3E, 0x9D, 0x10, 0x3D, 0x9D, 0x10, 0x3D, 0x9D, 0x0F, 0x3D, 0x9C, 0x0F, 0x3D, 0x9C, 0x0F, 0x3D, 0x9C, 0x0F, 0x3D, 0x9C, 0x10, 0x3D, 0x9C, 
        0x10, 0x3D, 0x9C, 0x10, 0x3D, 0x9C, 0x10, 0x3D, 0x9C, 0x10, 0x3D, 0x9D, 0x10, 0x3D, 0x9C, 0x10, 0x3D, 0x9C, 0x10, 0x3D, 0x9C, 0x10, 0x3D, 0x9D, 0x10, 0x3E, 0x9D, 0x10, 0x3E, 0x9D, 0x10, 0x3E, 0x9D, 0x10, 0x3E, 0x9D, 0x10, 0x3E, 0x9D, 
        0x10, 0x3E, 0x9D, 0x10, 0x3E, 0x9D, 0x11, 0x3E, 0x9D, 0x11, 0x3E, 0x9D, 0x11, 0x3E, 0x9D, 0x10, 0x3E, 0x9D, 0x10, 0x3E, 0x9D, 0x10, 0x3E, 0x9D, 0x11, 0x3E, 0x9D, 0x11, 0x3E, 0x9D, 0x11, 0x3E, 0x9D, 0x11, 0x3E, 0x9D, 0x11, 0x3E, 0x9D, 
        0x11, 0x3E, 0x9D, 0x11, 0x3E, 0x9E, 0x11, 0x40, 0x9C,
  0x08, 0x32, 0x96, 0x0D, 0x3A, 0x9A, 0x0D, 0x3A, 0x9A, 0x0D, 0x39, 0x98, 0x0D, 0x39, 0x97, 0x0D, 0x38, 0x96, 0x0D, 0x38, 0x95, 0x0C, 0x38, 0x95, 0x0C, 0x38, 0x95, 0x0C, 0x38, 0x94, 0x0C, 0x38, 0x95, 0x0C, 0x38, 0x95, 0x0D, 0x38, 0x95, 0x0C, 0x38, 0x95, 
        0x0D, 0x38, 0x95, 0x0D, 0x38, 0x96, 0x0D, 0x38, 0x96, 0x0D, 0x38, 0x96, 0x0D, 0x38, 0x96, 0x0D, 0x38, 0x96, 0x0D, 0x38, 0x97, 0x0D, 0x39, 0x97, 0x0D, 0x39, 0x97, 0x0D, 0x39, 0x97, 0x0D, 0x39, 0x97, 0x0D, 0x39, 0x97, 0x0D, 0x39, 0x96, 
        0x0D, 0x39, 0x97, 0x0D, 0x39, 0x97, 0x0D, 0x39, 0x97, 0x0D, 0x39, 0x97, 0x0D, 0x39, 0x97, 0x0D, 0x39, 0x97, 0x0D, 0x39, 0x98, 0x0D, 0x39, 0x97, 0x0D, 0x39, 0x97, 0x0D, 0x39, 0x98, 0x0D, 0x39, 0x98, 0x0D, 0x39, 0x98, 0x0D, 0x3A, 0x98, 
        0x0D, 0x3A, 0x99, 0x0D, 0x3A, 0x99, 0x0D, 0x3A, 0x99, 0x0D, 0x3A, 0x99, 0x0D, 0x3A, 0x99, 0x0D, 0x3A, 0x98, 0x0D, 0x3A, 0x99, 0x0D, 0x3A, 0x99, 0x0D, 0x3A, 0x98, 0x0D, 0x3A, 0x98, 0x0D, 0x3A, 0x98, 0x0D, 0x3A, 0x98, 0x0D, 0x3A, 0x98, 
        0x0D, 0x3A, 0x99, 0x0D, 0x3A, 0x99, 0x0D, 0x3A, 0x99, 0x0D, 0x3A, 0x99, 0x0D, 0x3A, 0x99, 0x0D, 0x3A, 0x99, 0x0D, 0x3A, 0x99, 0x0D, 0x3A, 0x99, 0x0D, 0x3A, 0x99, 0x0D, 0x3A, 0x99, 0x0D, 0x3A, 0x99, 0x0D, 0x3A, 0x99, 0x0D, 0x3A, 0x99, 
        0x0D, 0x3A, 0x99, 0x0D, 0x3A, 0x99, 0x0D, 0x3A, 0x99, 0x0D, 0x3A, 0x99, 0x0E, 0x3B, 0x99, 0x0E, 0x3A, 0x9A, 0x0E, 0x3A, 0x9A, 0x0E, 0x3B, 0x9A, 0x0E, 0x3B, 0x9A, 0x0E, 0x3B, 0x9A, 0x0E, 0x3B, 0x9A, 0x0E, 0x3B, 0x9A, 0x0E, 0x3B, 0x99, 
        0x0E, 0x3A, 0x9A, 0x0E, 0x3A, 0x9A, 0x0E, 0x3B, 0x9A, 0x0E, 0x3B, 0x9A, 0x0E, 0x3B, 0x9A, 0x0E, 0x3B, 0x9A, 0x0E, 0x3B, 0x9A, 0x0E, 0x3B, 0x9A, 0x0E, 0x3B, 0x9B, 0x0E, 0x3B, 0x9B, 0x0E, 0x3B, 0x9B, 0x0E, 0x3B, 0x9A, 0x0E, 0x3B, 0x9A, 
        0x0E, 0x3B, 0x9A, 0x0E, 0x3B, 0x9B, 0x0E, 0x3C, 0x9B, 0x0E, 0x3C, 0x9B, 0x0E, 0x3C, 0x9B, 0x0E, 0x3C, 0x9B, 0x0E, 0x3C, 0x9B, 0x0E, 0x3C, 0x9B, 0x0E, 0x3C, 0x9B, 0x0F, 0x3C, 0x9B, 0x0F, 0x3C, 0x9B, 0x0F, 0x3C, 0x9B, 0x0F, 0x3C, 0x9C, 
        0x0F, 0x3D, 0x9C, 0x0F, 0x3D, 0x9C, 0x0F, 0x3D, 0x9D, 0x0F, 0x3E, 0x9D, 0x0F, 0x3E, 0x9E, 0x10, 0x3F, 0x9F, 0x10, 0x40, 0x9F, 0x10, 0x41, 0xA0, 0x11, 0x42, 0xA1, 0x11, 0x43, 0xA1, 0x12, 0x44, 0xA2, 0x12, 0x44, 0xA2, 0x12, 0x43, 0xA1, 
        0x11, 0x43, 0xA1, 0x11, 0x42, 0xA1, 0x11, 0x41, 0xA0, 0x10, 0x40, 0x9F, 0x10, 0x3F, 0x9F, 0x10, 0x3F, 0x9E, 0x10, 0x3E, 0x9E, 0x10, 0x3E, 0x9D, 0x10, 0x3E, 0x9D, 0x0F, 0x3E, 0x9D, 0x0F, 0x3E, 0x9D, 0x0F, 0x3E, 0x9D, 0x10, 0x3E, 0x9D, 
        0x10, 0x3E, 0x9D, 0x10, 0x3E, 0x9D, 0x10, 0x3E, 0x9D, 0x10, 0x3E, 0x9D, 0x10, 0x3E, 0x9D, 0x10, 0x3E, 0x9D, 0x10, 0x3E, 0x9D, 0x10, 0x3E, 0x9D, 0x10, 0x3E, 0x9D, 0x10, 0x3F, 0x9D, 0x10, 0x3F, 0x9E, 0x10, 0x3F, 0x9E, 0x10, 0x3F, 0x9E, 
        0x10, 0x3F, 0x9E, 0x10, 0x3F, 0x9E, 0x10, 0x3F, 0x9E, 0x10, 0x3F, 0x9E, 0x11, 0x3F, 0x9E, 0x11, 0x3F, 0x9E, 0x11, 0x3F, 0x9E, 0x11, 0x3F, 0x9E, 0x11, 0x3F, 0x9E, 0x11, 0x3F, 0x9E, 0x11, 0x3F, 0x9E, 0x11, 0x3F, 0x9E, 0x11, 0x3F, 0x9E, 
        0x11, 0x3F, 0x9E, 0x11, 0x3F, 0x9E, 0x11, 0x40, 0x9D,
  0x08, 0x32, 0x97, 0x0D, 0x3B, 0x9D, 0x0D, 0x3B, 0x9C, 0x0D, 0x3A, 0x9B, 0x0D, 0x39, 0x99, 0x0D, 0x39, 0x98, 0x0D, 0x39, 0x97, 0x0C, 0x38, 0x97, 0x0C, 0x38, 0x97, 0x0C, 0x38, 0x97, 0x0C, 0x38, 0x97, 0x0C, 0x38, 0x97, 0x0D, 0x39, 0x97, 0x0D, 0x39, 0x97, 
        0x0D, 0x39, 0x97, 0x0D, 0x39, 0x98, 0x0D, 0x39, 0x98, 0x0D, 0x39, 0x99, 0x0D, 0x39, 0x99, 0x0D, 0x39, 0x99, 0x0D, 0x39, 0x99, 0x0D, 0x39, 0x99, 0x0D, 0x39, 0x99, 0x0D, 0x3A, 0x99, 0x0D, 0x3A, 0x99, 0x0D, 0x3A, 0x99, 0x0D, 0x39, 0x99, 
        0x0D, 0x3A, 0x99, 0x0D, 0x3A, 0x99, 0x0D, 0x3A, 0x9A, 0x0D, 0x3A, 0x9A, 0x0D, 0x3A, 0x9A, 0x0D, 0x3A, 0x9A, 0x0D, 0x3A, 0x9A, 0x0D, 0x3A, 0x9A, 0x0D, 0x3A, 0x9A, 0x0D, 0x3A, 0x9A, 0x0D, 0x3A, 0x9A, 0x0D, 0x3A, 0x9B, 0x0D, 0x3A, 0x9B, 
        0x0D, 0x3A, 0x9B, 0x0D, 0x3B, 0x9B, 0x0D, 0x3B, 0x9B, 0x0D, 0x3B, 0x9B, 0x0D, 0x3B, 0x9B, 0x0D, 0x3B, 0x9B, 0x0D, 0x3B, 0x9B, 0x0D, 0x3B, 0x9B, 0x0D, 0x3B, 0x9B, 0x0D, 0x3B, 0x9B, 0x0D, 0x3A, 0x9B, 0x0D, 0x3A, 0x9B, 0x0D, 0x3A, 0x9B, 
        0x0D, 0x3B, 0x9B, 0x0D, 0x3B, 0x9B, 0x0D, 0x3B, 0x9B, 0x0D, 0x3B, 0x9B, 0x0D, 0x3B, 0x9B, 0x0D, 0x3B, 0x9B, 0x0D, 0x3B, 0x9B, 0x0D, 0x3B, 0x9B, 0x0D, 0x3B, 0x9B, 0x0D, 0x3B, 0x9B, 0x0D, 0x3B, 0x9B, 0x0D, 0x3B, 0x9B, 0x0D, 0x3B, 0x9B, 
        0x0D, 0x3B, 0x9B, 0x0D, 0x3B, 0x9B, 0x0D, 0x3B, 0x9B, 0x0D, 0x3B, 0x9C, 0x0D, 0x3B, 0x9C, 0x0E, 0x3B, 0x9C, 0x0E, 0x3B, 0x9C, 0x0E, 0x3B, 0x9C, 0x0E, 0x3B, 0x9C, 0x0E, 0x3C, 0x9C, 0x0E, 0x3C, 0x9C, 0x0E, 0x3C, 0x9C, 0x0E, 0x3B, 0x9C, 
        0x0E, 0x3B, 0x9C, 0x0E, 0x3B, 0x9C, 0x0E, 0x3B, 0x9C, 0x0E, 0x3B, 0x9C, 0x0E, 0x3C, 0x9C, 0x0E, 0x3C, 0x9C, 0x0E, 0x3C, 0x9D, 0x0E, 0x3C, 0x9D, 0x0E, 0x3C, 0x9D, 0x0E, 0x3C, 0x9D, 0x0E, 0x3C, 0x9D, 0x0E, 0x3C, 0x9D, 0x0E, 0x3C, 0x9D, 
        0x0E, 0x3C, 0x9D, 0x0E, 0x3C, 0x9D, 0x0E, 0x3C, 0x9D, 0x0E, 0x3C, 0x9D, 0x0E, 0x3C, 0x9D, 0x0E, 0x3C, 0x9D, 0x0E, 0x3C, 0x9D, 0x0E, 0x3D, 0x9D, 0x0E, 0x3D, 0x9E, 0x0F, 0x3D, 0x9E, 0x0F, 0x3D, 0x9E, 0x0F, 0x3D, 0x9E, 0x0F, 0x3D, 0x9E, 
        0x0F, 0x3D, 0x9F, 0x0F, 0x3D, 0x9F, 0x0F, 0x3E, 0x9F, 0x0F, 0x3F, 0xA0, 0x10, 0x3F, 0xA1, 0x10, 0x40, 0xA1, 0x10, 0x41, 0xA2, 0x11, 0x43, 0xA3, 0x11, 0x43, 0xA3, 0x11, 0x44, 0xA4, 0x12, 0x45, 0xA4, 0x12, 0x45, 0xA4, 0x12, 0x44, 0xA4, 
        0x12, 0x44, 0xA3, 0x11, 0x43, 0xA3, 0x11, 0x42, 0xA2, 0x10, 0x41, 0xA2, 0x10, 0x40, 0xA1, 0x10, 0x3F, 0xA1, 0x10, 0x3F, 0xA0, 0x10, 0x3F, 0xA0, 0x10, 0x3F, 0x9F, 0x0F, 0x3E, 0x9F, 0x0F, 0x3E, 0x9F, 0x10, 0x3F, 0x9F, 0x10, 0x3F, 0x9F, 
        0x10, 0x3F, 0x9F, 0x10, 0x3E, 0x9F, 0x10, 0x3F, 0xA0, 0x10, 0x3F, 0xA0, 0x10, 0x3F, 0xA0, 0x10, 0x3F, 0xA0, 0x10, 0x3F, 0xA0, 0x10, 0x3F, 0xA0, 0x10, 0x3F, 0xA0, 0x10, 0x3F, 0xA0, 0x10, 0x3F, 0xA0, 0x10, 0x40, 0xA0, 0x10, 0x40, 0xA0, 
        0x10, 0x40, 0xA0, 0x10, 0x40, 0xA0, 0x10, 0x40, 0xA0, 0x10, 0x40, 0xA0, 0x11, 0x3F, 0xA0, 0x11, 0x40, 0xA0, 0x11, 0x40, 0xA0, 0x11, 0x40, 0xA1, 0x11, 0x40, 0xA1, 0x11, 0x40, 0xA0, 0x11, 0x40, 0xA0, 0x11, 0x40, 0xA0, 0x11, 0x40, 0xA0, 
        0x11, 0x40, 0xA1, 0x11, 0x40, 0xA1, 0x12, 0x41, 0x9F,
  0x08, 0x32, 0x97, 0x0D, 0x3C, 0x9F, 0x0E, 0x3C, 0x9F, 0x0E, 0x3C, 0x9D, 0x0D, 0x3B, 0x9C, 0x0D, 0x3A, 0x9B, 0x0D, 0x3A, 0x9A, 0x0D, 0x3A, 0x99, 0x0D, 0x3A, 0x99, 0x0D, 0x3A, 0x99, 0x0D, 0x3A, 0x9A, 0x0D, 0x3A, 0x9A, 0x0D, 0x3A, 0x9A, 0x0D, 0x3A, 0x9A, 
        0x0D, 0x3A, 0x9A, 0x0D, 0x3B, 0x9A, 0x0D, 0x3B, 0x9B, 0x0D, 0x3B, 0x9B, 0x0D, 0x3B, 0x9B, 0x0D, 0x3B, 0x9C, 0x0D, 0x3B, 0x9C, 0x0D, 0x3B, 0x9C, 0x0D, 0x3B, 0x9C, 0x0D, 0x3B, 0x9C, 0x0D, 0x3B, 0x9C, 0x0D, 0x3B, 0x9B, 0x0D, 0x3B, 0x9B, 
        0x0D, 0x3B, 0x9B, 0x0D, 0x3B, 0x9B, 0x0E, 0x3B, 0x9C, 0x0E, 0x3B, 0x9C, 0x0E, 0x3B, 0x9C, 0x0E, 0x3B, 0x9C, 0x0E, 0x3C, 0x9C, 0x0E, 0x3B, 0x9C, 0x0E, 0x3C, 0x9C, 0x0E, 0x3C, 0x9D, 0x0E, 0x3C, 0x9D, 0x0E, 0x3C, 0x9D, 0x0E, 0x3C, 0x9D, 
        0x0E, 0x3C, 0x9D, 0x0E, 0x3C, 0x9D, 0x0E, 0x3C, 0x9E, 0x0E, 0x3D, 0x9E, 0x0E, 0x3D, 0x9E, 0x0E, 0x3C, 0x9D, 0x0E, 0x3C, 0x9E, 0x0E, 0x3D, 0x9E, 0x0E, 0x3C, 0x9E, 0x0E, 0x3C, 0x9D, 0x0E, 0x3C, 0x9D, 0x0E, 0x3C, 0x9D, 0x0E, 0x3C, 0x9D, 
        0x0E, 0x3C, 0x9D, 0x0E, 0x3C, 0x9D, 0x0E, 0x3C, 0x9E, 0x0E, 0x3C, 0x9E, 0x0E, 0x3C, 0x9E, 0x0E, 0x3C, 0x9D, 0x0E, 0x3C, 0x9D, 0x0E, 0x3C, 0x9D, 0x0E, 0x3C, 0x9E, 0x0E, 0x3C, 0x9E, 0x0E, 0x3D, 0x9E, 0x0E, 0x3D, 0x9E, 0x0E, 0x3D, 0x9E, 
        0x0E, 0x3D, 0x9E, 0x0E, 0x3D, 0x9E, 0x0E, 0x3D, 0x9E, 0x0E, 0x3D, 0x9E, 0x0E, 0x3D, 0x9E, 0x0E, 0x3D, 0x9E, 0x0E, 0x3D, 0x9E, 0x0E, 0x3D, 0x9E, 0x0E, 0x3D, 0x9F, 0x0E, 0x3D, 0x9F, 0x0E, 0x3D, 0x9F, 0x0F, 0x3D, 0x9F, 0x0F, 0x3D, 0x9F, 
        0x0F, 0x3D, 0x9E, 0x0F, 0x3D, 0x9F, 0x0F, 0x3D, 0x9E, 0x0F, 0x3D, 0x9F, 0x0F, 0x3E, 0x9F, 0x0F, 0x3E, 0x9F, 0x0F, 0x3E, 0x9F, 0x0F, 0x3E, 0xA0, 0x0F, 0x3E, 0xA0, 0x0F, 0x3E, 0xA0, 0x0F, 0x3E, 0xA0, 0x0F, 0x3E, 0x9F, 0x0F, 0x3E, 0x9F, 
        0x0F, 0x3E, 0x9F, 0x0F, 0x3E, 0x9F, 0x0F, 0x3E, 0x9F, 0x0F, 0x3E, 0xA0, 0x0F, 0x3E, 0x9F, 0x0F, 0x3E, 0x9F, 0x0F, 0x3E, 0x9F, 0x0F, 0x3E, 0x9F, 0x0F, 0x3E, 0xA0, 0x0F, 0x3E, 0xA0, 0x0F, 0x3E, 0xA0, 0x0F, 0x3F, 0xA0, 0x0F, 0x3F, 0xA1, 
        0x10, 0x3F, 0xA1, 0x10, 0x3F, 0xA1, 0x10, 0x40, 0xA2, 0x10, 0x40, 0xA2, 0x10, 0x41, 0xA3, 0x11, 0x42, 0xA4, 0x11, 0x43, 0xA5, 0x11, 0x45, 0xA5, 0x12, 0x46, 0xA6, 0x12, 0x46, 0xA6, 0x13, 0x47, 0xA7, 0x13, 0x46, 0xA7, 0x13, 0x46, 0xA6, 
        0x13, 0x46, 0xA6, 0x12, 0x45, 0xA6, 0x12, 0x43, 0xA5, 0x11, 0x43, 0xA4, 0x11, 0x42, 0xA4, 0x11, 0x41, 0xA3, 0x11, 0x40, 0xA2, 0x11, 0x40, 0xA2, 0x10, 0x40, 0xA2, 0x10, 0x40, 0xA1, 0x10, 0x40, 0xA2, 0x10, 0x40, 0xA2, 0x11, 0x40, 0xA2, 
        0x11, 0x40, 0xA2, 0x11, 0x40, 0xA2, 0x11, 0x40, 0xA2, 0x11, 0x40, 0xA2, 0x11, 0x41, 0xA2, 0x11, 0x41, 0xA2, 0x11, 0x41, 0xA2, 0x11, 0x41, 0xA2, 0x11, 0x41, 0xA2, 0x11, 0x40, 0xA2, 0x11, 0x41, 0xA3, 0x11, 0x41, 0xA3, 0x11, 0x41, 0xA3, 
        0x11, 0x41, 0xA3, 0x11, 0x41, 0xA2, 0x11, 0x41, 0xA2, 0x11, 0x41, 0xA2, 0x11, 0x41, 0xA2, 0x12, 0x41, 0xA2, 0x12, 0x42, 0xA3, 0x12, 0x42, 0xA3, 0x12, 0x42, 0xA3, 0x12, 0x41, 0xA3, 0x12, 0x42, 0xA3, 0x12, 0x42, 0xA3, 0x12, 0x42, 0xA3, 
        0x12, 0x42, 0xA3, 0x12, 0x42, 0xA3, 0x12, 0x43, 0xA0,
  0x07, 0x2F, 0x94, 0x0E, 0x3D, 0xA1, 0x0E, 0x3E, 0xA1, 0x0E, 0x3D, 0xA0, 0x0E, 0x3C, 0x9F, 0x0E, 0x3C, 0x9D, 0x0E, 0x3C, 0x9D, 0x0E, 0x3C, 0x9D, 0x0E, 0x3C, 0x9D, 0x0E, 0x3C, 0x9D, 0x0E, 0x3C, 0x9D, 0x0E, 0x3C, 0x9D, 0x0E, 0x3C, 0x9D, 0x0E, 0x3C, 0x9D, 
        0x0E, 0x3C, 0x9D, 0x0E, 0x3C, 0x9E, 0x0E, 0x3D, 0x9E, 0x0E, 0x3D, 0x9E, 0x0E, 0x3D, 0x9F, 0x0E, 0x3D, 0x9F, 0x0E, 0x3D, 0x9F, 0x0E, 0x3D, 0x9F, 0x0E, 0x3D, 0x9F, 0x0E, 0x3D, 0x9F, 0x0E, 0x3D, 0x9F, 0x0E, 0x3D, 0x9F, 0x0E, 0x3D, 0x9E, 
        0x0E, 0x3D, 0x9F, 0x0E, 0x3D, 0x9F, 0x0E, 0x3D, 0x9F, 0x0E, 0x3D, 0x9F, 0x0E, 0x3D, 0x9F, 0x0E, 0x3D, 0x9F, 0x0E, 0x3D, 0x9F, 0x0E, 0x3D, 0x9F, 0x0F, 0x3D, 0xA0, 0x0F, 0x3D, 0xA0, 0x0F, 0x3D, 0xA0, 0x0F, 0x3D, 0xA0, 0x0F, 0x3D, 0xA0, 
        0x0F, 0x3D, 0xA0, 0x0F, 0x3E, 0xA1, 0x0F, 0x3E, 0xA1, 0x0F, 0x3E, 0xA1, 0x0F, 0x3E, 0xA1, 0x0F, 0x3E, 0xA1, 0x0F, 0x3E, 0xA1, 0x0F, 0x3E, 0xA1, 0x0F, 0x3E, 0xA1, 0x0F, 0x3E, 0xA1, 0x0F, 0x3E, 0xA0, 0x0F, 0x3E, 0xA0, 0x0F, 0x3E, 0xA0, 
        0x0F, 0x3E, 0xA1, 0x0F, 0x3E, 0xA1, 0x0F, 0x3E, 0xA1, 0x0F, 0x3E, 0xA1, 0x0F, 0x3E, 0xA1, 0x0F, 0x3E, 0xA1, 0x0F, 0x3E, 0xA1, 0x0F, 0x3E, 0xA1, 0x0F, 0x3E, 0xA1, 0x0F, 0x3E, 0xA1, 0x0F, 0x3E, 0xA1, 0x0F, 0x3E, 0xA1, 0x0F, 0x3E, 0xA1, 
        0x0F, 0x3E, 0xA1, 0x0F, 0x3E, 0xA1, 0x0F, 0x3E, 0xA1, 0x0F, 0x3E, 0xA1, 0x0F, 0x3E, 0xA1, 0x0F, 0x3E, 0xA1, 0x0F, 0x3E, 0xA1, 0x0F, 0x3E, 0xA2, 0x0F, 0x3F, 0xA2, 0x0F, 0x3F, 0xA2, 0x0F, 0x3F, 0xA2, 0x0F, 0x3F, 0xA2, 0x0F, 0x3F, 0xA1, 
        0x0F, 0x3F, 0xA1, 0x0F, 0x3F, 0xA2, 0x0F, 0x3F, 0xA2, 0x0F, 0x3F, 0xA2, 0x10, 0x3F, 0xA2, 0x10, 0x3F, 0xA3, 0x10, 0x3F, 0xA3, 0x10, 0x3F, 0xA3, 0x10, 0x3F, 0xA3, 0x10, 0x3F, 0xA3, 0x10, 0x3F, 0xA3, 0x10, 0x3F, 0xA3, 0x10, 0x3F, 0xA3, 
        0x10, 0x3F, 0xA3, 0x10, 0x3F, 0xA3, 0x10, 0x3F, 0xA3, 0x10, 0x3F, 0xA3, 0x10, 0x40, 0xA3, 0x10, 0x40, 0xA3, 0x10, 0x40, 0xA3, 0x10, 0x40, 0xA3, 0x10, 0x40, 0xA3, 0x10, 0x40, 0xA3, 0x10, 0x40, 0xA3, 0x10, 0x40, 0xA4, 0x10, 0x40, 0xA4, 
        0x10, 0x41, 0xA4, 0x11, 0x41, 0xA5, 0x11, 0x42, 0xA5, 0x11, 0x42, 0xA6, 0x11, 0x43, 0xA7, 0x12, 0x44, 0xA7, 0x12, 0x46, 0xA8, 0x13, 0x47, 0xA9, 0x13, 0x47, 0xA9, 0x13, 0x48, 0xAA, 0x14, 0x48, 0xAA, 0x14, 0x48, 0xAA, 0x13, 0x48, 0xAA, 
        0x13, 0x47, 0xA9, 0x13, 0x46, 0xA9, 0x12, 0x45, 0xA8, 0x12, 0x44, 0xA7, 0x12, 0x43, 0xA6, 0x12, 0x43, 0xA6, 0x11, 0x42, 0xA5, 0x11, 0x42, 0xA5, 0x11, 0x42, 0xA5, 0x11, 0x42, 0xA5, 0x11, 0x42, 0xA5, 0x11, 0x42, 0xA5, 0x11, 0x42, 0xA5, 
        0x11, 0x42, 0xA5, 0x12, 0x42, 0xA5, 0x12, 0x42, 0xA5, 0x12, 0x42, 0xA5, 0x12, 0x42, 0xA5, 0x12, 0x42, 0xA5, 0x12, 0x42, 0xA5, 0x12, 0x42, 0xA5, 0x12, 0x42, 0xA6, 0x12, 0x42, 0xA6, 0x12, 0x42, 0xA5, 0x12, 0x43, 0xA5, 0x12, 0x43, 0xA5, 
        0x12, 0x43, 0xA5, 0x12, 0x43, 0xA6, 0x12, 0x43, 0xA6, 0x12, 0x43, 0xA6, 0x12, 0x43, 0xA6, 0x12, 0x43, 0xA6, 0x13, 0x43, 0xA6, 0x13, 0x43, 0xA6, 0x13, 0x43, 0xA6, 0x13, 0x43, 0xA6, 0x13, 0x44, 0xA6, 0x13, 0x44, 0xA6, 0x13, 0x44, 0xA6, 
        0x13, 0x43, 0xA6, 0x13, 0x43, 0xA6, 0x13, 0x44, 0xA4,
  0x06, 0x2C, 0x90, 0x0E, 0x3E, 0xA2, 0x0F, 0x3F, 0xA2, 0x0F, 0x3E, 0xA1, 0x0F, 0x3E, 0xA0, 0x0F, 0x3D, 0x9F, 0x0F, 0x3D, 0x9E, 0x0F, 0x3D, 0x9E, 0x0F, 0x3D, 0x9E, 0x0F, 0x3D, 0x9E, 0x0F, 0x3D, 0x9E, 0x0F, 0x3D, 0x9E, 0x0F, 0x3D, 0x9F, 0x0F, 0x3E, 0x9F, 
        0x0F, 0x3E, 0x9F, 0x0F, 0x3E, 0x9F, 0x0F, 0x3E, 0xA0, 0x0F, 0x3E, 0xA0, 0x0F, 0x3F, 0xA1, 0x0F, 0x3E, 0xA1, 0x0F, 0x3F, 0xA1, 0x0F, 0x3F, 0xA1, 0x0F, 0x3E, 0xA1, 0x0F, 0x3E, 0xA1, 0x0F, 0x3E, 0xA1, 0x0F, 0x3E, 0xA1, 0x0F, 0x3E, 0xA0, 
        0x0F, 0x3E, 0xA0, 0x0F, 0x3E, 0xA0, 0x0F, 0x3E, 0xA1, 0x0F, 0x3F, 0xA1, 0x0F, 0x3F, 0xA1, 0x0F, 0x3F, 0xA1, 0x0F, 0x3F, 0xA1, 0x0F, 0x3F, 0xA1, 0x0F, 0x3F, 0xA1, 0x0F, 0x3F, 0xA1, 0x0F, 0x3F, 0xA2, 0x0F, 0x3F, 0xA2, 0x0F, 0x3F, 0xA2, 
        0x0F, 0x3F, 0xA2, 0x0F, 0x3F, 0xA2, 0x0F, 0x3F, 0xA2, 0x0F, 0x3F, 0xA2, 0x0F, 0x3F, 0xA2, 0x10, 0x40, 0xA2, 0x10, 0x40, 0xA2, 0x10, 0x40, 0xA2, 0x10, 0x3F, 0xA2, 0x10, 0x3F, 0xA2, 0x10, 0x3F, 0xA2, 0x10, 0x3F, 0xA2, 0x10, 0x3F, 0xA2, 
        0x10, 0x3F, 0xA2, 0x10, 0x3F, 0xA2, 0x10, 0x3F, 0xA2, 0x10, 0x3F, 0xA2, 0x10, 0x3F, 0xA2, 0x10, 0x3F, 0xA2, 0x10, 0x3F, 0xA2, 0x10, 0x40, 0xA2, 0x10, 0x40, 0xA2, 0x10, 0x40, 0xA2, 0x10, 0x40, 0xA3, 0x10, 0x40, 0xA3, 0x10, 0x40, 0xA2, 
        0x10, 0x40, 0xA2, 0x10, 0x40, 0xA2, 0x10, 0x40, 0xA2, 0x10, 0x40, 0xA2, 0x10, 0x40, 0xA3, 0x10, 0x40, 0xA3, 0x10, 0x40, 0xA3, 0x10, 0x40, 0xA3, 0x10, 0x40, 0xA3, 0x10, 0x40, 0xA3, 0x10, 0x40, 0xA4, 0x10, 0x40, 0xA3, 0x10, 0x40, 0xA3, 
        0x10, 0x40, 0xA3, 0x10, 0x40, 0xA3, 0x10, 0x41, 0xA4, 0x10, 0x41, 0xA4, 0x10, 0x41, 0xA4, 0x10, 0x41, 0xA4, 0x10, 0x41, 0xA4, 0x10, 0x41, 0xA4, 0x10, 0x41, 0xA4, 0x11, 0x41, 0xA4, 0x11, 0x41, 0xA4, 0x11, 0x41, 0xA4, 0x11, 0x41, 0xA4, 
        0x11, 0x41, 0xA4, 0x11, 0x41, 0xA4, 0x11, 0x41, 0xA4, 0x11, 0x41, 0xA4, 0x11, 0x41, 0xA5, 0x11, 0x41, 0xA5, 0x11, 0x41, 0xA5, 0x11, 0x41, 0xA5, 0x11, 0x41, 0xA5, 0x11, 0x41, 0xA5, 0x11, 0x42, 0xA5, 0x11, 0x42, 0xA6, 0x11, 0x43, 0xA6, 
        0x11, 0x43, 0xA6, 0x11, 0x43, 0xA7, 0x12, 0x44, 0xA7, 0x12, 0x45, 0xA8, 0x12, 0x45, 0xA9, 0x13, 0x46, 0xA9, 0x13, 0x48, 0xAA, 0x13, 0x49, 0xAB, 0x14, 0x49, 0xAB, 0x14, 0x49, 0xAB, 0x14, 0x4A, 0xAC, 0x14, 0x4A, 0xAC, 0x14, 0x49, 0xAB, 
        0x14, 0x49, 0xAB, 0x14, 0x48, 0xAA, 0x13, 0x46, 0xA9, 0x13, 0x45, 0xA9, 0x13, 0x44, 0xA8, 0x12, 0x44, 0xA7, 0x12, 0x43, 0xA7, 0x12, 0x43, 0xA6, 0x12, 0x43, 0xA6, 0x12, 0x43, 0xA6, 0x12, 0x44, 0xA6, 0x12, 0x44, 0xA6, 0x12, 0x44, 0xA6, 
        0x12, 0x44, 0xA6, 0x12, 0x44, 0xA7, 0x12, 0x44, 0xA7, 0x12, 0x44, 0xA7, 0x13, 0x44, 0xA7, 0x13, 0x44, 0xA7, 0x13, 0x44, 0xA7, 0x13, 0x44, 0xA7, 0x13, 0x44, 0xA7, 0x13, 0x44, 0xA7, 0x13, 0x44, 0xA7, 0x13, 0x44, 0xA7, 0x13, 0x44, 0xA7, 
        0x13, 0x44, 0xA7, 0x13, 0x44, 0xA7, 0x13, 0x44, 0xA8, 0x13, 0x45, 0xA8, 0x13, 0x45, 0xA7, 0x13, 0x45, 0xA7, 0x13, 0x45, 0xA7, 0x13, 0x45, 0xA7, 0x13, 0x45, 0xA7, 0x14, 0x45, 0xA8, 0x14, 0x45, 0xA8, 0x14, 0x45, 0xA8, 0x14, 0x45, 0xA8, 
        0x14, 0x45, 0xA7, 0x14, 0x45, 0xA7, 0x14, 0x46, 0xA5,
  0x06, 0x2A, 0x8C, 0x0F, 0x3E, 0xA3, 0x10, 0x3F, 0xA4, 0x10, 0x3F, 0xA3, 0x10, 0x3E, 0xA2, 0x10, 0x3E, 0xA1, 0x10, 0x3E, 0xA1, 0x10, 0x3E, 0xA1, 0x10, 0x3E, 0xA1, 0x10, 0x3E, 0xA1, 0x10, 0x3E, 0xA1, 0x10, 0x3E, 0xA1, 0x10, 0x3E, 0xA1, 0x10, 0x3E, 0xA1, 
        0x10, 0x3E, 0xA1, 0x10, 0x3F, 0xA2, 0x10, 0x3F, 0xA2, 0x10, 0x3F, 0xA3, 0x10, 0x3F, 0xA3, 0x10, 0x3F, 0xA3, 0x10, 0x3F, 0xA4, 0x10, 0x3F, 0xA3, 0x10, 0x3F, 0xA3, 0x10, 0x3F, 0xA3, 0x10, 0x3F, 0xA3, 0x10, 0x3F, 0xA3, 0x10, 0x3F, 0xA2, 
        0x10, 0x3F, 0xA3, 0x10, 0x3F, 0xA3, 0x10, 0x3F, 0xA3, 0x10, 0x3F, 0xA3, 0x10, 0x3F, 0xA3, 0x10, 0x3F, 0xA3, 0x10, 0x3F, 0xA3, 0x10, 0x3F, 0xA4, 0x10, 0x40, 0xA4, 0x10, 0x40, 0xA4, 0x10, 0x40, 0xA4, 0x10, 0x40, 0xA4, 0x10, 0x40, 0xA4, 
        0x10, 0x40, 0xA4, 0x10, 0x40, 0xA4, 0x10, 0x40, 0xA4, 0x10, 0x40, 0xA4, 0x10, 0x40, 0xA4, 0x10, 0x40, 0xA5, 0x10, 0x40, 0xA5, 0x10, 0x40, 0xA4, 0x10, 0x40, 0xA4, 0x10, 0x40, 0xA4, 0x10, 0x40, 0xA4, 0x10, 0x40, 0xA4, 0x10, 0x40, 0xA4, 
        0x10, 0x40, 0xA4, 0x10, 0x40, 0xA5, 0x10, 0x40, 0xA5, 0x10, 0x40, 0xA5, 0x10, 0x40, 0xA5, 0x11, 0x40, 0xA5, 0x11, 0x40, 0xA5, 0x11, 0x40, 0xA5, 0x11, 0x40, 0xA5, 0x11, 0x40, 0xA5, 0x11, 0x41, 0xA5, 0x11, 0x40, 0xA5, 0x11, 0x40, 0xA5, 
        0x11, 0x40, 0xA5, 0x11, 0x40, 0xA5, 0x11, 0x40, 0xA5, 0x11, 0x40, 0xA5, 0x11, 0x41, 0xA5, 0x11, 0x41, 0xA5, 0x11, 0x41, 0xA5, 0x11, 0x41, 0xA6, 0x11, 0x41, 0xA6, 0x11, 0x41, 0xA6, 0x34, 0x64, 0xBF, 0x34, 0x64, 0xBF, 0x11, 0x41, 0xA6, 
        0x11, 0x41, 0xA6, 0x11, 0x41, 0xA6, 0x11, 0x41, 0xA6, 0x11, 0x41, 0xA6, 0x11, 0x41, 0xA6, 0x11, 0x42, 0xA7, 0x11, 0x42, 0xA7, 0x11, 0x42, 0xA7, 0x11, 0x42, 0xA7, 0x11, 0x42, 0xA7, 0x11, 0x42, 0xA7, 0x11, 0x42, 0xA7, 0x11, 0x42, 0xA7, 
        0x11, 0x42, 0xA7, 0x11, 0x42, 0xA6, 0x11, 0x42, 0xA7, 0x11, 0x42, 0xA7, 0x12, 0x42, 0xA7, 0x12, 0x42, 0xA7, 0x12, 0x42, 0xA7, 0x12, 0x42, 0xA7, 0x12, 0x42, 0xA8, 0x12, 0x42, 0xA8, 0x12, 0x43, 0xA8, 0x12, 0x43, 0xA8, 0x12, 0x43, 0xA9, 
        0x12, 0x44, 0xA9, 0x12, 0x44, 0xA9, 0x13, 0x45, 0xAA, 0x13, 0x46, 0xAB, 0x13, 0x46, 0xAB, 0x14, 0x47, 0xAC, 0x14, 0x49, 0xAD, 0x15, 0x4A, 0xAD, 0x15, 0x4A, 0xAD, 0x15, 0x4A, 0xAE, 0x15, 0x4B, 0xAE, 0x16, 0x4B, 0xAE, 0x15, 0x4A, 0xAD, 
        0x15, 0x49, 0xAD, 0x14, 0x48, 0xAD, 0x14, 0x47, 0xAC, 0x13, 0x46, 0xAB, 0x13, 0x45, 0xAA, 0x13, 0x45, 0xA9, 0x13, 0x44, 0xA9, 0x13, 0x44, 0xA9, 0x13, 0x44, 0xA9, 0x13, 0x44, 0xA9, 0x13, 0x44, 0xA9, 0x13, 0x45, 0xA9, 0x13, 0x44, 0xA9, 
        0x13, 0x44, 0xA9, 0x13, 0x44, 0xA9, 0x13, 0x45, 0xA9, 0x13, 0x45, 0xA9, 0x13, 0x44, 0xA9, 0x13, 0x44, 0xA9, 0x13, 0x44, 0xA9, 0x14, 0x45, 0xAA, 0x14, 0x45, 0xAA, 0x14, 0x45, 0xAA, 0x14, 0x45, 0xA9, 0x14, 0x45, 0xA9, 0x14, 0x45, 0xA9, 
        0x14, 0x45, 0xAA, 0x14, 0x46, 0xAA, 0x14, 0x46, 0xAA, 0x14, 0x46, 0xAA, 0x14, 0x46, 0xAA, 0x14, 0x46, 0xAA, 0x14, 0x45, 0xAA, 0x14, 0x46, 0xAA, 0x14, 0x46, 0xAA, 0x14, 0x46, 0xAA, 0x14, 0x46, 0xAA, 0x14, 0x46, 0xAA, 0x14, 0x46, 0xAA, 
        0x14, 0x46, 0xAA, 0x14, 0x46, 0xAA, 0x15, 0x46, 0xA7,
  0x05, 0x27, 0x85, 0x11, 0x3F, 0xA2, 0x11, 0x40, 0xA3, 0x11, 0x40, 0xA2, 0x11, 0x40, 0xA2, 0x11, 0x40, 0xA2, 0x11, 0x40, 0xA1, 0x11, 0x3F, 0xA1, 0x11, 0x40, 0xA1, 0x11, 0x40, 0xA2, 0x11, 0x40, 0xA2, 0x11, 0x40, 0xA2, 0x11, 0x40, 0xA1, 0x11, 0x40, 0xA1, 
        0x11, 0x40, 0xA2, 0x11, 0x40, 0xA2, 0x11, 0x41, 0xA3, 0x12, 0x41, 0xA4, 0x12, 0x41, 0xA4, 0x12, 0x41, 0xA4, 0x12, 0x41, 0xA4, 0x12, 0x41, 0xA4, 0x12, 0x41, 0xA4, 0x12, 0x41, 0xA4, 0x11, 0x41, 0xA4, 0x11, 0x41, 0xA3, 0x12, 0x41, 0xA4, 
        0x12, 0x41, 0xA3, 0x12, 0x41, 0xA3, 0x12, 0x41, 0xA3, 0x12, 0x41, 0xA4, 0x12, 0x41, 0xA4, 0x12, 0x41, 0xA4, 0x12, 0x41, 0xA4, 0x12, 0x41, 0xA5, 0x12, 0x41, 0xA5, 0x12, 0x41, 0xA5, 0x12, 0x41, 0xA5, 0x12, 0x41, 0xA5, 0x12, 0x41, 0xA5, 
        0x12, 0x41, 0xA5, 0x12, 0x41, 0xA5, 0x12, 0x41, 0xA5, 0x12, 0x42, 0xA5, 0x12, 0x42, 0xA5, 0x12, 0x42, 0xA5, 0x12, 0x42, 0xA6, 0x12, 0x42, 0xA6, 0x12, 0x42, 0xA5, 0x12, 0x42, 0xA5, 0x12, 0x42, 0xA5, 0x12, 0x42, 0xA5, 0x12, 0x42, 0xA5, 
        0x12, 0x42, 0xA5, 0x12, 0x42, 0xA5, 0x12, 0x42, 0xA5, 0x12, 0x42, 0xA5, 0x12, 0x42, 0xA5, 0x12, 0x42, 0xA6, 0x12, 0x42, 0xA6, 0x12, 0x42, 0xA6, 0x12, 0x42, 0xA6, 0x12, 0x42, 0xA6, 0x12, 0x42, 0xA6, 0x12, 0x42, 0xA5, 0x12, 0x42, 0xA6, 
        0x12, 0x42, 0xA6, 0x12, 0x42, 0xA6, 0x12, 0x42, 0xA6, 0x12, 0x42, 0xA6, 0x12, 0x42, 0xA6, 0x12, 0x42, 0xA6, 0x12, 0x42, 0xA6, 0x13, 0x42, 0xA6, 0x13, 0x42, 0xA6, 0x34, 0x65, 0xBF, 0x54, 0x85, 0xD5, 0x54, 0x85, 0xD5, 0x34, 0x65, 0xBF, 
        0x13, 0x43, 0xA7, 0x13, 0x43, 0xA7, 0x13, 0x43, 0xA7, 0x13, 0x43, 0xA7, 0x13, 0x43, 0xA7, 0x13, 0x43, 0xA7, 0x13, 0x43, 0xA7, 0x13, 0x43, 0xA7, 0x13, 0x43, 0xA7, 0x13, 0x43, 0xA7, 0x13, 0x43, 0xA7, 0x13, 0x43, 0xA7, 0x13, 0x43, 0xA7, 
        0x13, 0x43, 0xA7, 0x13, 0x43, 0xA7, 0x13, 0x43, 0xA7, 0x13, 0x44, 0xA8, 0x13, 0x44, 0xA7, 0x13, 0x44, 0xA8, 0x13, 0x44, 0xA9, 0x13, 0x44, 0xA9, 0x13, 0x44, 0xA8, 0x13, 0x44, 0xA9, 0x14, 0x45, 0xA9, 0x14, 0x45, 0xA9, 0x14, 0x45, 0xAA, 
        0x14, 0x46, 0xAA, 0x14, 0x46, 0xAA, 0x15, 0x47, 0xAB, 0x15, 0x48, 0xAC, 0x15, 0x48, 0xAC, 0x15, 0x49, 0xAC, 0x16, 0x4A, 0xAD, 0x16, 0x4B, 0xAE, 0x17, 0x4B, 0xAE, 0x17, 0x4C, 0xAE, 0x17, 0x4C, 0xAE, 0x17, 0x4C, 0xAE, 0x17, 0x4B, 0xAE, 
        0x16, 0x4A, 0xAD, 0x16, 0x49, 0xAD, 0x15, 0x49, 0xAC, 0x15, 0x47, 0xAB, 0x15, 0x47, 0xAA, 0x15, 0x47, 0xAA, 0x15, 0x46, 0xAA, 0x15, 0x46, 0xAA, 0x15, 0x46, 0xAA, 0x15, 0x46, 0xAA, 0x15, 0x46, 0xAA, 0x15, 0x46, 0xAA, 0x15, 0x46, 0xAA, 
        0x15, 0x46, 0xAA, 0x15, 0x46, 0xAA, 0x15, 0x46, 0xAA, 0x15, 0x46, 0xAA, 0x15, 0x46, 0xAA, 0x15, 0x46, 0xAA, 0x15, 0x46, 0xAA, 0x15, 0x46, 0xAA, 0x16, 0x47, 0xAB, 0x15, 0x46, 0xAA, 0x15, 0x47, 0xAB, 0x15, 0x47, 0xAB, 0x15, 0x47, 0xAB, 
        0x16, 0x47, 0xAB, 0x16, 0x47, 0xAB, 0x16, 0x47, 0xAB, 0x16, 0x47, 0xAB, 0x16, 0x47, 0xAB, 0x16, 0x47, 0xAB, 0x16, 0x47, 0xAA, 0x16, 0x47, 0xAB, 0x16, 0x47, 0xAB, 0x16, 0x47, 0xAB, 0x16, 0x48, 0xAB, 0x16, 0x48, 0xAB, 0x16, 0x48, 0xAB, 
        0x16, 0x48, 0xAB, 0x16, 0x48, 0xAB, 0x16, 0x48, 0xA8,
  0x05, 0x25, 0x80, 0x11, 0x3F, 0xA2, 0x12, 0x41, 0xA4, 0x12, 0x40, 0xA3, 0x12, 0x40, 0xA3, 0x12, 0x40, 0xA3, 0x12, 0x40, 0xA3, 0x12, 0x40, 0xA3, 0x12, 0x40, 0xA3, 0x12, 0x40, 0xA3, 0x12, 0x40, 0xA3, 0x12, 0x40, 0xA3, 0x12, 0x41, 0xA3, 0x12, 0x41, 0xA3, 
        0x12, 0x41, 0xA3, 0x12, 0x41, 0xA4, 0x12, 0x41, 0xA5, 0x12, 0x41, 0xA5, 0x12, 0x42, 0xA6, 0x12, 0x41, 0xA6, 0x12, 0x42, 0xA6, 0x12, 0x42, 0xA6, 0x12, 0x42, 0xA6, 0x12, 0x42, 0xA5, 0x12, 0x41, 0xA5, 0x12, 0x41, 0xA5, 0x12, 0x41, 0xA5, 
        0x12, 0x41, 0xA5, 0x12, 0x41, 0xA5, 0x12, 0x42, 0xA5, 0x12, 0x42, 0xA5, 0x12, 0x42, 0xA6, 0x13, 0x42, 0xA6, 0x13, 0x42, 0xA6, 0x13, 0x42, 0xA6, 0x13, 0x42, 0xA6, 0x13, 0x42, 0xA6, 0x13, 0x42, 0xA6, 0x13, 0x42, 0xA6, 0x13, 0x42, 0xA6, 
        0x13, 0x42, 0xA6, 0x13, 0x42, 0xA6, 0x13, 0x42, 0xA6, 0x13, 0x42, 0xA7, 0x13, 0x42, 0xA7, 0x13, 0x42, 0xA7, 0x13, 0x42, 0xA7, 0x13, 0x42, 0xA7, 0x13, 0x42, 0xA7, 0x13, 0x42, 0xA7, 0x13, 0x42, 0xA7, 0x13, 0x42, 0xA7, 0x13, 0x42, 0xA7, 
        0x13, 0x43, 0xA7, 0x13, 0x43, 0xA7, 0x13, 0x43, 0xA7, 0x13, 0x43, 0xA7, 0x13, 0x43, 0xA7, 0x13, 0x43, 0xA8, 0x13, 0x43, 0xA8, 0x13, 0x43, 0xA8, 0x13, 0x43, 0xA8, 0x13, 0x43, 0xA8, 0x13, 0x43, 0xA7, 0x13, 0x43, 0xA7, 0x13, 0x43, 0xA7, 
        0x13, 0x43, 0xA7, 0x13, 0x43, 0xA7, 0x13, 0x43, 0xA7, 0x13, 0x43, 0xA7, 0x13, 0x43, 0xA7, 0x13, 0x43, 0xA7, 0x13, 0x43, 0xA7, 0x13, 0x43, 0xA8, 0x35, 0x66, 0xBF, 0x54, 0x85, 0xD5, 0x54, 0x85, 0xD5, 0x54, 0x85, 0xD5, 0x54, 0x85, 0xD5, 
        0x35, 0x66, 0xC0, 0x13, 0x44, 0xA8, 0x14, 0x44, 0xA8, 0x14, 0x44, 0xA9, 0x14, 0x44, 0xA8, 0x14, 0x44, 0xA8, 0x14, 0x44, 0xA8, 0x14, 0x44, 0xA9, 0x14, 0x44, 0xA9, 0x14, 0x44, 0xA9, 0x14, 0x44, 0xA9, 0x14, 0x44, 0xA9, 0x14, 0x44, 0xA9, 
        0x14, 0x44, 0xA9, 0x14, 0x44, 0xA9, 0x14, 0x44, 0xA9, 0x14, 0x44, 0xA9, 0x14, 0x44, 0xA9, 0x14, 0x45, 0xAA, 0x14, 0x45, 0xAA, 0x14, 0x45, 0xAA, 0x14, 0x45, 0xAA, 0x14, 0x46, 0xAB, 0x14, 0x46, 0xAB, 0x15, 0x46, 0xAB, 0x15, 0x46, 0xAC, 
        0x15, 0x47, 0xAC, 0x15, 0x47, 0xAC, 0x15, 0x48, 0xAD, 0x16, 0x49, 0xAD, 0x16, 0x49, 0xAE, 0x16, 0x4A, 0xAE, 0x17, 0x4B, 0xAF, 0x17, 0x4B, 0xAF, 0x17, 0x4C, 0xB0, 0x18, 0x4C, 0xB0, 0x17, 0x4C, 0xB0, 0x17, 0x4C, 0xB0, 0x18, 0x4C, 0xB0, 
        0x17, 0x4B, 0xAF, 0x16, 0x49, 0xAE, 0x16, 0x49, 0xAD, 0x16, 0x48, 0xAD, 0x16, 0x48, 0xAC, 0x16, 0x47, 0xAC, 0x15, 0x47, 0xAB, 0x15, 0x47, 0xAB, 0x16, 0x47, 0xAB, 0x16, 0x47, 0xAB, 0x15, 0x46, 0xAB, 0x15, 0x46, 0xAB, 0x16, 0x47, 0xAB, 
        0x16, 0x47, 0xAB, 0x16, 0x47, 0xAB, 0x16, 0x46, 0xAB, 0x16, 0x47, 0xAB, 0x16, 0x47, 0xAC, 0x16, 0x47, 0xAC, 0x16, 0x47, 0xAC, 0x16, 0x47, 0xAC, 0x16, 0x47, 0xAC, 0x16, 0x48, 0xAC, 0x16, 0x48, 0xAC, 0x16, 0x48, 0xAC, 0x16, 0x48, 0xAC, 
        0x16, 0x48, 0xAC, 0x16, 0x48, 0xAC, 0x16, 0x48, 0xAC, 0x16, 0x48, 0xAC, 0x16, 0x49, 0xAC, 0x17, 0x49, 0xAD, 0x17, 0x49, 0xAD, 0x17, 0x49, 0xAD, 0x17, 0x49, 0xAD, 0x17, 0x48, 0xAD, 0x17, 0x48, 0xAC, 0x17, 0x48, 0xAC, 0x17, 0x48, 0xAC, 
        0x17, 0x48, 0xAD, 0x17, 0x48, 0xAD, 0x17, 0x49, 0xAA,
  0x04, 0x22, 0x7C, 0x12, 0x3F, 0xA2, 0x13, 0x41, 0xA4, 0x13, 0x41, 0xA4, 0x13, 0x41, 0xA4, 0x13, 0x41, 0xA3, 0x13, 0x41, 0xA3, 0x13, 0x41, 0xA4, 0x13, 0x41, 0xA4, 0x13, 0x41, 0xA4, 0x13, 0x41, 0xA4, 0x13, 0x41, 0xA4, 0x13, 0x41, 0xA4, 0x13, 0x41, 0xA4, 
        0x13, 0x42, 0xA4, 0x13, 0x42, 0xA5, 0x13, 0x42, 0xA5, 0x13, 0x42, 0xA6, 0x13, 0x42, 0xA6, 0x13, 0x42, 0xA7, 0x13, 0x42, 0xA7, 0x13, 0x42, 0xA6, 0x13, 0x42, 0xA7, 0x13, 0x42, 0xA6, 0x13, 0x42, 0xA6, 0x13, 0x42, 0xA6, 0x13, 0x42, 0xA6, 
        0x13, 0x42, 0xA6, 0x13, 0x42, 0xA6, 0x13, 0x42, 0xA6, 0x13, 0x42, 0xA6, 0x13, 0x43, 0xA6, 0x13, 0x43, 0xA6, 0x13, 0x43, 0xA7, 0x13, 0x43, 0xA7, 0x13, 0x43, 0xA7, 0x13, 0x43, 0xA7, 0x13, 0x43, 0xA7, 0x13, 0x43, 0xA7, 0x13, 0x43, 0xA7, 
        0x13, 0x43, 0xA7, 0x13, 0x43, 0xA7, 0x13, 0x43, 0xA7, 0x14, 0x43, 0xA7, 0x14, 0x43, 0xA7, 0x14, 0x43, 0xA7, 0x14, 0x43, 0xA7, 0x14, 0x43, 0xA7, 0x14, 0x43, 0xA8, 0x14, 0x43, 0xA8, 0x14, 0x44, 0xA8, 0x14, 0x44, 0xA8, 0x14, 0x44, 0xA8, 
        0x14, 0x44, 0xA8, 0x14, 0x44, 0xA8, 0x14, 0x44, 0xA8, 0x14, 0x44, 0xA8, 0x14, 0x44, 0xA8, 0x14, 0x44, 0xA9, 0x14, 0x44, 0xA9, 0x14, 0x44, 0xA9, 0x14, 0x44, 0xA9, 0x14, 0x44, 0xA8, 0x14, 0x44, 0xA8, 0x14, 0x44, 0xA8, 0x14, 0x43, 0xA8, 
        0x14, 0x43, 0xA8, 0x14, 0x44, 0xA8, 0x14, 0x44, 0xA8, 0x14, 0x44, 0xA8, 0x14, 0x44, 0xA8, 0x14, 0x44, 0xA8, 0x14, 0x44, 0xA8, 0x35, 0x66, 0xBF, 0x54, 0x85, 0xD5, 0x54, 0x85, 0xD5, 0x54, 0x85, 0xD5, 0x54, 0x85, 0xD5, 0x54, 0x85, 0xD5, 
        0x54, 0x85, 0xD5, 0x35, 0x66, 0xC0, 0x14, 0x45, 0xA9, 0x14, 0x44, 0xA9, 0x14, 0x44, 0xA9, 0x14, 0x45, 0xA9, 0x14, 0x45, 0xA9, 0x14, 0x45, 0xA9, 0x15, 0x45, 0xAA, 0x15, 0x45, 0xAA, 0x15, 0x45, 0xAA, 0x15, 0x45, 0xA9, 0x15, 0x45, 0xA9, 
        0x15, 0x45, 0xA9, 0x15, 0x45, 0xAA, 0x15, 0x45, 0xAA, 0x15, 0x45, 0xAA, 0x15, 0x45, 0xAB, 0x15, 0x46, 0xAB, 0x15, 0x46, 0xAB, 0x15, 0x46, 0xAB, 0x15, 0x46, 0xAB, 0x15, 0x47, 0xAC, 0x15, 0x47, 0xAC, 0x16, 0x47, 0xAD, 0x16, 0x48, 0xAD, 
        0x16, 0x48, 0xAD, 0x16, 0x48, 0xAD, 0x16, 0x49, 0xAE, 0x17, 0x4A, 0xAE, 0x17, 0x4A, 0xAF, 0x17, 0x4A, 0xAF, 0x17, 0x4B, 0xAF, 0x17, 0x4C, 0xB0, 0x18, 0x4C, 0xB0, 0x18, 0x4C, 0xB0, 0x18, 0x4D, 0xB0, 0x18, 0x4D, 0xB0, 0x18, 0x4C, 0xB0, 
        0x17, 0x4B, 0xAF, 0x17, 0x4A, 0xAE, 0x17, 0x49, 0xAE, 0x16, 0x48, 0xAD, 0x16, 0x48, 0xAC, 0x16, 0x48, 0xAD, 0x16, 0x48, 0xAC, 0x16, 0x47, 0xAC, 0x16, 0x47, 0xAC, 0x16, 0x47, 0xAC, 0x16, 0x47, 0xAC, 0x16, 0x47, 0xAC, 0x16, 0x48, 0xAD, 
        0x16, 0x47, 0xAC, 0x16, 0x47, 0xAC, 0x16, 0x47, 0xAC, 0x17, 0x48, 0xAD, 0x16, 0x48, 0xAC, 0x17, 0x48, 0xAC, 0x17, 0x48, 0xAD, 0x17, 0x48, 0xAD, 0x17, 0x48, 0xAC, 0x17, 0x49, 0xAD, 0x17, 0x49, 0xAD, 0x17, 0x49, 0xAD, 0x17, 0x49, 0xAD, 
        0x17, 0x49, 0xAD, 0x17, 0x49, 0xAD, 0x17, 0x49, 0xAD, 0x17, 0x49, 0xAD, 0x17, 0x49, 0xAD, 0x17, 0x4A, 0xAD, 0x18, 0x4A, 0xAD, 0x18, 0x4A, 0xAD, 0x18, 0x49, 0xAD, 0x18, 0x49, 0xAD, 0x18, 0x49, 0xAD, 0x18, 0x49, 0xAD, 0x18, 0x49, 0xAD, 
        0x18, 0x49, 0xAD, 0x18, 0x49, 0xAD, 0x18, 0x49, 0xAB,
  0x03, 0x21, 0x79, 0x13, 0x40, 0xA2, 0x14, 0x43, 0xA5, 0x14, 0x43, 0xA4, 0x14, 0x43, 0xA4, 0x14, 0x43, 0xA4, 0x14, 0x43, 0xA4, 0x14, 0x43, 0xA4, 0x14, 0x43, 0xA4, 0x14, 0x43, 0xA4, 0x15, 0x43, 0xA5, 0x15, 0x43, 0xA5, 0x14, 0x43, 0xA5, 0x15, 0x43, 0xA4, 
        0x15, 0x43, 0xA5, 0x15, 0x43, 0xA5, 0x15, 0x44, 0xA6, 0x15, 0x44, 0xA7, 0x15, 0x44, 0xA7, 0x15, 0x44, 0xA7, 0x15, 0x44, 0xA7, 0x15, 0x44, 0xA7, 0x15, 0x44, 0xA7, 0x15, 0x44, 0xA7, 0x15, 0x44, 0xA7, 0x15, 0x44, 0xA7, 0x15, 0x44, 0xA7, 
        0x15, 0x44, 0xA6, 0x15, 0x44, 0xA6, 0x15, 0x44, 0xA7, 0x15, 0x44, 0xA7, 0x15, 0x44, 0xA7, 0x15, 0x44, 0xA8, 0x15, 0x44, 0xA8, 0x15, 0x44, 0xA8, 0x15, 0x44, 0xA8, 0x15, 0x44, 0xA8, 0x15, 0x44, 0xA8, 0x15, 0x44, 0xA8, 0x15, 0x44, 0xA8, 
        0x15, 0x45, 0xA8, 0x15, 0x45, 0xA8, 0x15, 0x45, 0xA8, 0x15, 0x45, 0xA8, 0x15, 0x45, 0xA8, 0x15, 0x45, 0xA8, 0x15, 0x45, 0xA8, 0x15, 0x45, 0xA8, 0x15, 0x45, 0xA8, 0x15, 0x45, 0xA9, 0x15, 0x45, 0xA9, 0x15, 0x45, 0xA9, 0x15, 0x45, 0xA9, 
        0x15, 0x45, 0xA9, 0x15, 0x45, 0xA9, 0x15, 0x45, 0xAA, 0x15, 0x45, 0xAA, 0x15, 0x46, 0xAA, 0x16, 0x46, 0xAA, 0x16, 0x46, 0xAA, 0x16, 0x46, 0xAA, 0x16, 0x46, 0xA9, 0x15, 0x45, 0xA9, 0x15, 0x45, 0xA9, 0x15, 0x45, 0xA9, 0x15, 0x45, 0xA9, 
        0x15, 0x45, 0xA9, 0x15, 0x45, 0xA9, 0x16, 0x45, 0xA9, 0x16, 0x45, 0xA9, 0x16, 0x45, 0xA9, 0x16, 0x45, 0xA9, 0x36, 0x67, 0xC0, 0x54, 0x85, 0xD5, 0x54, 0x85, 0xD5, 0x54, 0x85, 0xD5, 0x54, 0x85, 0xD5, 0x54, 0x85, 0xD5, 0x54, 0x85, 0xD5, 
        0x54, 0x85, 0xD5, 0x54, 0x85, 0xD5, 0x36, 0x67, 0xC1, 0x16, 0x46, 0xAA, 0x16, 0x46, 0xAA, 0x16, 0x46, 0xAA, 0x16, 0x46, 0xAA, 0x16, 0x46, 0xAA, 0x16, 0x46, 0xAA, 0x16, 0x46, 0xAB, 0x16, 0x46, 0xAB, 0x16, 0x47, 0xAA, 0x16, 0x47, 0xAA, 
        0x16, 0x47, 0xAB, 0x16, 0x47, 0xAB, 0x16, 0x47, 0xAB, 0x16, 0x46, 0xAB, 0x16, 0x47, 0xAB, 0x17, 0x47, 0xAB, 0x17, 0x47, 0xAC, 0x17, 0x48, 0xAC, 0x17, 0x48, 0xAC, 0x17, 0x49, 0xAD, 0x17, 0x49, 0xAD, 0x17, 0x49, 0xAD, 0x18, 0x49, 0xAE, 
        0x18, 0x4A, 0xAE, 0x18, 0x4A, 0xAE, 0x18, 0x4B, 0xAF, 0x18, 0x4B, 0xAF, 0x18, 0x4B, 0xAF, 0x18, 0x4C, 0xAF, 0x19, 0x4C, 0xB0, 0x19, 0x4D, 0xB0, 0x19, 0x4D, 0xB0, 0x19, 0x4D, 0xB0, 0x19, 0x4D, 0xB1, 0x19, 0x4D, 0xB0, 0x19, 0x4C, 0xB0, 
        0x19, 0x4C, 0xAF, 0x18, 0x4B, 0xAE, 0x18, 0x4A, 0xAE, 0x18, 0x4A, 0xAD, 0x18, 0x4A, 0xAD, 0x18, 0x4A, 0xAD, 0x18, 0x49, 0xAD, 0x18, 0x4A, 0xAD, 0x18, 0x4A, 0xAD, 0x18, 0x49, 0xAD, 0x18, 0x49, 0xAD, 0x18, 0x49, 0xAD, 0x18, 0x49, 0xAD, 
        0x18, 0x4A, 0xAE, 0x19, 0x4B, 0xAF, 0x19, 0x4A, 0xAE, 0x18, 0x49, 0xAD, 0x18, 0x4A, 0xAD, 0x19, 0x4B, 0xAE, 0x18, 0x4A, 0xAE, 0x18, 0x49, 0xAD, 0x19, 0x4A, 0xAE, 0x19, 0x4A, 0xAE, 0x19, 0x4A, 0xAE, 0x19, 0x4A, 0xAE, 0x19, 0x4A, 0xAE, 
        0x19, 0x4A, 0xAE, 0x19, 0x4A, 0xAE, 0x19, 0x4A, 0xAE, 0x19, 0x4B, 0xAE, 0x19, 0x4B, 0xAE, 0x19, 0x4B, 0xAE, 0x19, 0x4B, 0xAE, 0x19, 0x4B, 0xAE, 0x19, 0x4B, 0xAE, 0x19, 0x4B, 0xAE, 0x19, 0x4B, 0xAE, 0x19, 0x4B, 0xAE, 0x1A, 0x4B, 0xAE, 
        0x1A, 0x4B, 0xAE, 0x1A, 0x4B, 0xAE, 0x19, 0x4B, 0xAB,
  0x03, 0x20, 0x77, 0x14, 0x41, 0xA2, 0x15, 0x44, 0xA5, 0x15, 0x43, 0xA5, 0x15, 0x43, 0xA5, 0x15, 0x43, 0xA5, 0x15, 0x43, 0xA5, 0x15, 0x43, 0xA5, 0x15, 0x43, 0xA5, 0x15, 0x43, 0xA5, 0x15, 0x44, 0xA5, 0x15, 0x43, 0xA5, 0x15, 0x43, 0xA5, 0x15, 0x43, 0xA5, 
        0x15, 0x44, 0xA5, 0x15, 0x44, 0xA6, 0x15, 0x44, 0xA7, 0x15, 0x45, 0xA7, 0x15, 0x45, 0xA8, 0x15, 0x45, 0xA8, 0x16, 0x45, 0xA8, 0x16, 0x45, 0xA8, 0x16, 0x45, 0xA8, 0x16, 0x45, 0xA8, 0x16, 0x45, 0xA8, 0x15, 0x45, 0xA8, 0x16, 0x45, 0xA7, 
        0x15, 0x44, 0xA7, 0x15, 0x44, 0xA7, 0x15, 0x44, 0xA7, 0x16, 0x45, 0xA8, 0x16, 0x45, 0xA8, 0x16, 0x45, 0xA8, 0x16, 0x45, 0xA8, 0x16, 0x45, 0xA9, 0x16, 0x45, 0xA9, 0x16, 0x45, 0xA9, 0x16, 0x45, 0xA9, 0x16, 0x45, 0xA9, 0x16, 0x45, 0xA8, 
        0x16, 0x45, 0xA9, 0x16, 0x45, 0xA9, 0x16, 0x45, 0xA9, 0x16, 0x45, 0xA9, 0x16, 0x45, 0xA9, 0x16, 0x46, 0xA9, 0x16, 0x45, 0xA9, 0x16, 0x45, 0xA9, 0x16, 0x46, 0xA9, 0x16, 0x46, 0xA9, 0x16, 0x46, 0xAA, 0x16, 0x46, 0xAA, 0x16, 0x46, 0xAA, 
        0x16, 0x46, 0xAB, 0x16, 0x46, 0xAB, 0x16, 0x47, 0xAB, 0x16, 0x47, 0xAC, 0x17, 0x47, 0xAC, 0x17, 0x47, 0xAC, 0x17, 0x47, 0xAC, 0x16, 0x47, 0xAB, 0x16, 0x47, 0xAB, 0x16, 0x46, 0xAA, 0x16, 0x46, 0xAA, 0x16, 0x46, 0xAA, 0x16, 0x46, 0xAA, 
        0x16, 0x46, 0xAA, 0x16, 0x46, 0xAA, 0x16, 0x46, 0xAA, 0x16, 0x46, 0xAA, 0x16, 0x46, 0xAA, 0x36, 0x67, 0xC0, 0x54, 0x85, 0xD5, 0x54, 0x85, 0xD5, 0x54, 0x85, 0xD5, 0x54, 0x85, 0xD5, 0x54, 0x85, 0xD5, 0x54, 0x85, 0xD5, 0x54, 0x85, 0xD5, 
        0x54, 0x85, 0xD5, 0x54, 0x85, 0xD5, 0x54, 0x85, 0xD5, 0x36, 0x67, 0xC1, 0x17, 0x47, 0xAB, 0x17, 0x47, 0xAB, 0x17, 0x47, 0xAB, 0x17, 0x47, 0xAB, 0x17, 0x47, 0xAB, 0x17, 0x47, 0xAB, 0x17, 0x47, 0xAB, 0x17, 0x47, 0xAB, 0x17, 0x47, 0xAB, 
        0x17, 0x47, 0xAB, 0x17, 0x47, 0xAB, 0x17, 0x47, 0xAB, 0x17, 0x47, 0xAB, 0x17, 0x47, 0xAC, 0x17, 0x48, 0xAC, 0x17, 0x48, 0xAD, 0x18, 0x49, 0xAD, 0x18, 0x49, 0xAD, 0x18, 0x49, 0xAE, 0x18, 0x4A, 0xAE, 0x18, 0x4A, 0xAE, 0x18, 0x4A, 0xAF, 
        0x18, 0x4A, 0xAF, 0x18, 0x4B, 0xAF, 0x19, 0x4B, 0xAF, 0x19, 0x4B, 0xAF, 0x19, 0x4C, 0xB0, 0x19, 0x4C, 0xB0, 0x19, 0x4C, 0xB0, 0x19, 0x4D, 0xB0, 0x19, 0x4D, 0xB0, 0x19, 0x4D, 0xB0, 0x19, 0x4D, 0xB0, 0x1A, 0x4D, 0xB1, 0x19, 0x4D, 0xB0, 
        0x19, 0x4C, 0xB0, 0x19, 0x4B, 0xAF, 0x19, 0x4B, 0xAF, 0x1A, 0x4D, 0xB0, 0x19, 0x4C, 0xAF, 0x19, 0x4A, 0xAE, 0x18, 0x4A, 0xAD, 0x19, 0x4B, 0xAF, 0x19, 0x4C, 0xAF, 0x19, 0x4A, 0xAE, 0x19, 0x49, 0xAD, 0x19, 0x4A, 0xAE, 0x19, 0x49, 0xAD, 
        0x1A, 0x4C, 0xB0, 0x1D, 0x50, 0xB2, 0x1A, 0x4D, 0xB0, 0x19, 0x4A, 0xAE, 0x1A, 0x4D, 0xB0, 0x1C, 0x4F, 0xB1, 0x1A, 0x4C, 0xAF, 0x19, 0x4B, 0xAE, 0x19, 0x4B, 0xAF, 0x19, 0x4B, 0xAE, 0x1A, 0x4B, 0xAE, 0x1A, 0x4B, 0xAE, 0x1A, 0x4B, 0xAE, 
        0x1A, 0x4B, 0xAE, 0x1A, 0x4B, 0xAF, 0x1A, 0x4B, 0xAF, 0x1A, 0x4C, 0xAF, 0x1A, 0x4C, 0xAE, 0x1A, 0x4B, 0xAE, 0x1A, 0x4B, 0xAE, 0x1A, 0x4B, 0xAE, 0x1A, 0x4B, 0xAF, 0x1A, 0x4B, 0xAF, 0x1A, 0x4B, 0xAF, 0x1A, 0x4B, 0xAF, 0x1A, 0x4B, 0xAF, 
        0x1A, 0x4B, 0xAF, 0x1A, 0x4C, 0xAF, 0x1A, 0x4C, 0xAC,
  0x03, 0x20, 0x77, 0x15, 0x42, 0xA2, 0x16, 0x45, 0xA5, 0x16, 0x44, 0xA5, 0x16, 0x44, 0xA4, 0x16, 0x44, 0xA4, 0x16, 0x44, 0xA5, 0x16, 0x44, 0xA5, 0x16, 0x44, 0xA5, 0x16, 0x44, 0xA5, 0x16, 0x44, 0xA5, 0x16, 0x44, 0xA5, 0x16, 0x44, 0xA5, 0x16, 0x44, 0xA5, 
        0x16, 0x44, 0xA5, 0x16, 0x45, 0xA6, 0x16, 0x45, 0xA7, 0x16, 0x45, 0xA7, 0x16, 0x45, 0xA8, 0x16, 0x45, 0xA8, 0x16, 0x45, 0xA8, 0x16, 0x45, 0xA8, 0x16, 0x45, 0xA8, 0x16, 0x45, 0xA8, 0x16, 0x46, 0xA7, 0x16, 0x45, 0xA8, 0x16, 0x45, 0xA7, 
        0x16, 0x45, 0xA7, 0x16, 0x45, 0xA7, 0x16, 0x45, 0xA7, 0x16, 0x45, 0xA8, 0x16, 0x46, 0xA8, 0x17, 0x46, 0xA9, 0x17, 0x46, 0xA9, 0x17, 0x46, 0xA9, 0x17, 0x46, 0xA9, 0x17, 0x46, 0xA9, 0x17, 0x46, 0xA8, 0x17, 0x46, 0xA9, 0x17, 0x46, 0xA8, 
        0x17, 0x46, 0xA9, 0x17, 0x46, 0xA9, 0x17, 0x46, 0xA9, 0x17, 0x46, 0xA9, 0x17, 0x46, 0xA9, 0x17, 0x47, 0xA9, 0x17, 0x46, 0xA9, 0x17, 0x46, 0xA9, 0x17, 0x47, 0xA9, 0x17, 0x47, 0xAA, 0x17, 0x47, 0xAA, 0x17, 0x47, 0xAB, 0x17, 0x48, 0xAB, 
        0x17, 0x48, 0xAB, 0x17, 0x48, 0xAB, 0x17, 0x48, 0xAC, 0x17, 0x48, 0xAC, 0x18, 0x48, 0xAC, 0x18, 0x48, 0xAC, 0x18, 0x48, 0xAC, 0x17, 0x48, 0xAC, 0x17, 0x48, 0xAB, 0x17, 0x48, 0xAA, 0x17, 0x47, 0xAA, 0x17, 0x47, 0xAA, 0x17, 0x47, 0xAA, 
        0x17, 0x47, 0xAA, 0x17, 0x47, 0xAA, 0x17, 0x47, 0xAA, 0x17, 0x47, 0xAA, 0x37, 0x68, 0xC0, 0x54, 0x85, 0xD5, 0x54, 0x85, 0xD5, 0x54, 0x85, 0xD5, 0x54, 0x85, 0xD5, 0x54, 0x85, 0xD5, 0x54, 0x85, 0xD5, 0x54, 0x85, 0xD5, 0x54, 0x85, 0xD5, 
        0x54, 0x85, 0xD5, 0x54, 0x85, 0xD5, 0x54, 0x85, 0xD5, 0x54, 0x85, 0xD5, 0x37, 0x68, 0xC1, 0x18, 0x48, 0xAB, 0x18, 0x48, 0xAB, 0x18, 0x48, 0xAB, 0x18, 0x48, 0xAB, 0x18, 0x48, 0xAB, 0x18, 0x48, 0xAB, 0x18, 0x48, 0xAB, 0x18, 0x48, 0xAB, 
        0x18, 0x48, 0xAC, 0x18, 0x48, 0xAC, 0x18, 0x48, 0xAC, 0x18, 0x48, 0xAB, 0x18, 0x48, 0xAC, 0x18, 0x49, 0xAC, 0x18, 0x49, 0xAC, 0x18, 0x49, 0xAD, 0x19, 0x4A, 0xAD, 0x19, 0x4A, 0xAE, 0x19, 0x4B, 0xAE, 0x19, 0x4A, 0xAE, 0x19, 0x4B, 0xAF, 
        0x19, 0x4B, 0xAF, 0x19, 0x4B, 0xAF, 0x19, 0x4B, 0xAF, 0x19, 0x4C, 0xAF, 0x1A, 0x4C, 0xAF, 0x1A, 0x4C, 0xAF, 0x1A, 0x4C, 0xAF, 0x1A, 0x4D, 0xB0, 0x1A, 0x4D, 0xB0, 0x1A, 0x4D, 0xB0, 0x1A, 0x4D, 0xB0, 0x1A, 0x4D, 0xAF, 0x1A, 0x4C, 0xAF, 
        0x1A, 0x4C, 0xAF, 0x1A, 0x4C, 0xAF, 0x1A, 0x4B, 0xAE, 0x1A, 0x4C, 0xAF, 0x19, 0x4B, 0xAE, 0x19, 0x4B, 0xAD, 0x19, 0x4B, 0xAE, 0x19, 0x4B, 0xAE, 0x1A, 0x4B, 0xAE, 0x1A, 0x4A, 0xAD, 0x1A, 0x4A, 0xAD, 0x1A, 0x4B, 0xAE, 0x1A, 0x4B, 0xAE, 
        0x1B, 0x4E, 0xB0, 0x1F, 0x52, 0xB3, 0x1C, 0x4F, 0xB1, 0x1A, 0x4C, 0xAF, 0x1A, 0x4C, 0xAF, 0x1B, 0x4D, 0xB0, 0x1A, 0x4C, 0xAE, 0x1A, 0x4C, 0xAE, 0x1A, 0x4B, 0xAE, 0x1A, 0x4C, 0xAF, 0x1A, 0x4C, 0xAF, 0x1B, 0x4C, 0xAE, 0x1B, 0x4C, 0xAE, 
        0x1B, 0x4C, 0xAE, 0x1B, 0x4C, 0xAE, 0x1B, 0x4C, 0xAF, 0x1B, 0x4C, 0xAF, 0x1B, 0x4C, 0xAE, 0x1B, 0x4C, 0xAF, 0x1B, 0x4C, 0xAF, 0x1B, 0x4C, 0xAF, 0x1B, 0x4C, 0xAF, 0x1B, 0x4C, 0xAE, 0x1B, 0x4D, 0xAE, 0x1B, 0x4D, 0xAE, 0x1B, 0x4D, 0xAE, 
        0x1B, 0x4D, 0xAE, 0x1B, 0x4D, 0xAE, 0x1B, 0x4D, 0xAC
};

GUI_CONST_STORAGE GUI_BITMAP bmTitleRunCurrent = {
  160, // xSize
  68, // ySize
  480, // BytesPerLine
  24, // BitsPerPixel
  (unsigned char *)_acbmTitleRunCurrent,  // Pointer to picture data
  NULL,  // Pointer to palette
  GUI_DRAW_BMP24
};

/*************************** End of file ****************************/
