/*********************************************************************
*                SEGGER Microcontroller GmbH & Co. KG                *
*        Solutions for real time microcontroller applications        *
*                           www.segger.com                           *
**********************************************************************
*                                                                    *
* C-file generated by                                                *
*                                                                    *
*        Bitmap Converter for emWin V5.24.                           *
*        Compiled Jan 27 2014, 11:27:47                              *
*        (c) 1998 - 2013 Segger Microcontroller GmbH && Co. KG       *
*                                                                    *
**********************************************************************
*                                                                    *
* Source file: bmTitleUVLight                                        *
* Dimensions:  160 * 68                                              *
* NumColors:   24bpp: 16777216                                       *
*                                                                    *
**********************************************************************
*/

#include <stdlib.h>

#include "GUI.h"

#ifndef GUI_CONST_STORAGE
  #define GUI_CONST_STORAGE const
#endif

extern GUI_CONST_STORAGE GUI_BITMAP bmTitleUVLight;

static GUI_CONST_STORAGE unsigned char _acbmTitleUVLight[] = {
  0x44, 0x77, 0xC8, 0x0B, 0x3D, 0xA4, 0x0D, 0x41, 0xA4, 0x0A, 0x3B, 0x9E, 0x07, 0x33, 0x97, 0x08, 0x32, 0x94, 0x09, 0x33, 0x95, 0x07, 0x2E, 0x8E, 0x07, 0x2C, 0x8A, 0x07, 0x2D, 0x8C, 0x07, 0x2C, 0x8B, 0x07, 0x2C, 0x89, 0x07, 0x2B, 0x86, 0x07, 0x2A, 0x86, 
        0x07, 0x2A, 0x86, 0x07, 0x29, 0x84, 0x07, 0x28, 0x84, 0x06, 0x28, 0x84, 0x06, 0x28, 0x84, 0x06, 0x28, 0x82, 0x06, 0x27, 0x82, 0x06, 0x26, 0x7F, 0x06, 0x28, 0x80, 0x07, 0x27, 0x81, 0x06, 0x26, 0x7F, 0x05, 0x26, 0x7E, 0x05, 0x25, 0x7F, 
        0x05, 0x25, 0x7D, 0x05, 0x25, 0x7D, 0x05, 0x26, 0x7D, 0x05, 0x26, 0x7C, 0x05, 0x25, 0x7C, 0x05, 0x24, 0x7C, 0x05, 0x23, 0x7A, 0x05, 0x23, 0x78, 0x07, 0x28, 0x82, 0x05, 0x29, 0x84, 0x05, 0x28, 0x86, 0x05, 0x27, 0x85, 0x05, 0x27, 0x81, 
        0x05, 0x27, 0x86, 0x05, 0x28, 0x86, 0x05, 0x26, 0x82, 0x05, 0x25, 0x7E, 0x05, 0x20, 0x76, 0x05, 0x1E, 0x72, 0x05, 0x1F, 0x72, 0x04, 0x20, 0x74, 0x04, 0x20, 0x74, 0x04, 0x20, 0x72, 0x04, 0x1F, 0x73, 0x04, 0x1F, 0x73, 0x04, 0x1F, 0x73, 
        0x04, 0x20, 0x72, 0x04, 0x20, 0x72, 0x04, 0x20, 0x74, 0x04, 0x1F, 0x74, 0x04, 0x1F, 0x72, 0x04, 0x20, 0x72, 0x04, 0x1F, 0x72, 0x04, 0x1F, 0x72, 0x04, 0x1F, 0x72, 0x04, 0x20, 0x74, 0x04, 0x22, 0x76, 0x04, 0x22, 0x78, 0x04, 0x23, 0x78, 
        0x04, 0x25, 0x7F, 0x04, 0x24, 0x7F, 0x04, 0x26, 0x82, 0x04, 0x25, 0x81, 0x04, 0x2A, 0x89, 0x06, 0x2F, 0x91, 0x0A, 0x3B, 0x9E, 0x0E, 0x43, 0xA8, 0x0B, 0x41, 0xA6, 0x0F, 0x49, 0xAF, 0x10, 0x4D, 0xB2, 0x10, 0x4C, 0xB2, 0x10, 0x4E, 0xB3, 
        0x0F, 0x4B, 0xB2, 0x0F, 0x4B, 0xB1, 0x12, 0x53, 0xB7, 0x19, 0x61, 0xBF, 0x13, 0x54, 0xB8, 0x10, 0x4B, 0xB3, 0x11, 0x51, 0xB7, 0x10, 0x4F, 0xB5, 0x0F, 0x4F, 0xB3, 0x10, 0x4E, 0xB4, 0x10, 0x4E, 0xB4, 0x0E, 0x4B, 0xB0, 0x12, 0x53, 0xB8, 
        0x16, 0x5C, 0xBF, 0x0F, 0x4C, 0xB2, 0x0A, 0x3E, 0xA4, 0x0A, 0x3E, 0xA2, 0x0B, 0x41, 0xA3, 0x0A, 0x3E, 0xA3, 0x09, 0x3D, 0xA3, 0x09, 0x3E, 0xA3, 0x09, 0x3E, 0xA2, 0x0A, 0x3D, 0xA2, 0x09, 0x3D, 0xA2, 0x09, 0x3E, 0xA2, 0x09, 0x3F, 0xA4, 
        0x0A, 0x3E, 0xA6, 0x0A, 0x3F, 0xA6, 0x0A, 0x41, 0xA9, 0x0A, 0x42, 0xA9, 0x0A, 0x3F, 0xA6, 0x09, 0x3D, 0xA3, 0x09, 0x3D, 0xA3, 0x08, 0x3C, 0xA2, 0x08, 0x39, 0x9E, 0x06, 0x38, 0x9B, 0x06, 0x38, 0x99, 0x06, 0x37, 0x99, 0x07, 0x38, 0x9A, 
        0x06, 0x37, 0x9B, 0x06, 0x37, 0x9B, 0x08, 0x37, 0x9B, 0x08, 0x38, 0x9E, 0x08, 0x38, 0x9E, 0x08, 0x3A, 0xA0, 0x0A, 0x3E, 0xA5, 0x09, 0x3E, 0xA5, 0x09, 0x3D, 0xA5, 0x0A, 0x40, 0xA8, 0x09, 0x3E, 0xA8, 0x0A, 0x3F, 0xA9, 0x0A, 0x41, 0xA9, 
        0x09, 0x3F, 0xA9, 0x09, 0x3F, 0xA9, 0x09, 0x3F, 0xA9, 0x09, 0x3E, 0xA6, 0x09, 0x3B, 0xA5, 0x08, 0x39, 0xA3, 0x06, 0x37, 0x9D, 0x05, 0x33, 0x98, 0x04, 0x2F, 0x93, 0x04, 0x2B, 0x8B, 0x02, 0x28, 0x85, 0x02, 0x24, 0x80, 0x02, 0x22, 0x7A, 
        0x02, 0x1F, 0x76, 0x02, 0x1C, 0x71, 0x02, 0x1A, 0x6C, 0x02, 0x17, 0x66, 0x02, 0x15, 0x62, 0x02, 0x13, 0x5F, 0x02, 0x12, 0x5C, 0x02, 0x11, 0x5A, 0x02, 0x11, 0x58, 0x02, 0x11, 0x56, 0x02, 0x11, 0x54, 0x01, 0x11, 0x54, 0x01, 0x11, 0x53, 
        0x01, 0x10, 0x53, 0x01, 0x10, 0x53, 0x07, 0x22, 0x63,
  0x41, 0x73, 0xC3, 0x0F, 0x46, 0xAC, 0x09, 0x3C, 0xA2, 0x09, 0x3A, 0xA0, 0x08, 0x34, 0x97, 0x07, 0x30, 0x93, 0x08, 0x33, 0x95, 0x09, 0x34, 0x95, 0x07, 0x2E, 0x8D, 0x07, 0x2D, 0x8B, 0x07, 0x2D, 0x8C, 0x07, 0x2B, 0x8A, 0x07, 0x2C, 0x88, 0x07, 0x2C, 0x88, 
        0x07, 0x2A, 0x86, 0x07, 0x28, 0x86, 0x07, 0x29, 0x84, 0x07, 0x29, 0x85, 0x07, 0x29, 0x85, 0x06, 0x28, 0x84, 0x06, 0x26, 0x81, 0x06, 0x27, 0x7F, 0x06, 0x27, 0x80, 0x06, 0x27, 0x80, 0x06, 0x26, 0x7E, 0x06, 0x26, 0x7E, 0x05, 0x27, 0x80, 
        0x05, 0x25, 0x7E, 0x05, 0x24, 0x7B, 0x05, 0x25, 0x7D, 0x05, 0x26, 0x7F, 0x06, 0x26, 0x7E, 0x05, 0x26, 0x7C, 0x05, 0x24, 0x7C, 0x05, 0x22, 0x79, 0x06, 0x28, 0x81, 0x06, 0x2A, 0x86, 0x05, 0x29, 0x87, 0x05, 0x28, 0x86, 0x06, 0x27, 0x81, 
        0x05, 0x28, 0x86, 0x05, 0x28, 0x88, 0x05, 0x26, 0x85, 0x06, 0x26, 0x80, 0x05, 0x23, 0x7A, 0x05, 0x1E, 0x73, 0x05, 0x1F, 0x72, 0x05, 0x20, 0x74, 0x04, 0x20, 0x74, 0x04, 0x20, 0x74, 0x04, 0x20, 0x73, 0x04, 0x1F, 0x73, 0x04, 0x1F, 0x73, 
        0x04, 0x21, 0x73, 0x04, 0x20, 0x72, 0x04, 0x20, 0x74, 0x04, 0x20, 0x74, 0x04, 0x1F, 0x74, 0x04, 0x20, 0x72, 0x04, 0x20, 0x73, 0x04, 0x20, 0x74, 0x04, 0x20, 0x74, 0x04, 0x20, 0x75, 0x04, 0x22, 0x77, 0x04, 0x23, 0x79, 0x04, 0x24, 0x79, 
        0x04, 0x24, 0x7D, 0x04, 0x25, 0x81, 0x04, 0x2B, 0x88, 0x04, 0x29, 0x87, 0x05, 0x2E, 0x8F, 0x08, 0x37, 0x9B, 0x0F, 0x46, 0xAC, 0x12, 0x4D, 0xB1, 0x10, 0x49, 0xAE, 0x10, 0x4A, 0xAF, 0x10, 0x4B, 0xB1, 0x0F, 0x4B, 0xB2, 0x0F, 0x4B, 0xB0, 
        0x0F, 0x4C, 0xB2, 0x10, 0x4E, 0xB3, 0x0F, 0x4B, 0xB1, 0x11, 0x4E, 0xB4, 0x11, 0x4E, 0xB5, 0x11, 0x4F, 0xB6, 0x12, 0x52, 0xB7, 0x11, 0x51, 0xB7, 0x13, 0x55, 0xB9, 0x11, 0x53, 0xB6, 0x0E, 0x4B, 0xB2, 0x12, 0x52, 0xB6, 0x22, 0x72, 0xCA, 
        0x2E, 0x83, 0xD6, 0x21, 0x72, 0xCA, 0x0D, 0x4A, 0xB1, 0x09, 0x3C, 0xA2, 0x0A, 0x41, 0xA6, 0x0A, 0x41, 0xA6, 0x0A, 0x3F, 0xA5, 0x0A, 0x3E, 0xA3, 0x0A, 0x40, 0xA5, 0x0A, 0x40, 0xA4, 0x0A, 0x40, 0xA5, 0x0A, 0x40, 0xA5, 0x0A, 0x40, 0xA7, 
        0x0A, 0x40, 0xA9, 0x0A, 0x3F, 0xA7, 0x0B, 0x41, 0xA9, 0x0A, 0x42, 0xA9, 0x0A, 0x42, 0xA9, 0x0A, 0x3F, 0xA8, 0x09, 0x3F, 0xA6, 0x09, 0x3E, 0xA3, 0x08, 0x3A, 0xA0, 0x07, 0x38, 0x9C, 0x06, 0x38, 0x99, 0x06, 0x38, 0x9A, 0x06, 0x37, 0x99, 
        0x06, 0x37, 0x9B, 0x06, 0x37, 0x9B, 0x06, 0x37, 0x9B, 0x08, 0x38, 0x9E, 0x08, 0x39, 0xA1, 0x08, 0x3A, 0xA1, 0x09, 0x3D, 0xA3, 0x09, 0x3D, 0xA3, 0x09, 0x3C, 0xA3, 0x09, 0x3E, 0xA7, 0x09, 0x3E, 0xA8, 0x0A, 0x40, 0xA9, 0x0A, 0x40, 0xA9, 
        0x09, 0x3F, 0xA9, 0x09, 0x3F, 0xA9, 0x09, 0x3F, 0xA8, 0x09, 0x3E, 0xA7, 0x08, 0x3B, 0xA5, 0x07, 0x38, 0xA3, 0x06, 0x37, 0x9E, 0x06, 0x34, 0x9B, 0x04, 0x31, 0x95, 0x04, 0x2D, 0x90, 0x03, 0x29, 0x88, 0x02, 0x25, 0x82, 0x02, 0x22, 0x7C, 
        0x02, 0x21, 0x78, 0x02, 0x1D, 0x73, 0x02, 0x1A, 0x6E, 0x02, 0x18, 0x6A, 0x02, 0x16, 0x63, 0x02, 0x14, 0x60, 0x02, 0x13, 0x5D, 0x02, 0x13, 0x5C, 0x02, 0x11, 0x59, 0x02, 0x11, 0x57, 0x02, 0x11, 0x55, 0x02, 0x11, 0x54, 0x01, 0x11, 0x56, 
        0x01, 0x11, 0x54, 0x01, 0x10, 0x54, 0x07, 0x22, 0x64,
  0x3C, 0x69, 0xBB, 0x0A, 0x3C, 0xA2, 0x0E, 0x46, 0xAA, 0x0C, 0x40, 0xA5, 0x0A, 0x3B, 0xA0, 0x09, 0x35, 0x99, 0x08, 0x33, 0x95, 0x09, 0x33, 0x95, 0x09, 0x32, 0x93, 0x07, 0x30, 0x8E, 0x07, 0x2D, 0x8C, 0x07, 0x2D, 0x8B, 0x07, 0x2C, 0x8B, 0x07, 0x2B, 0x89, 
        0x07, 0x2A, 0x87, 0x07, 0x29, 0x86, 0x07, 0x29, 0x86, 0x07, 0x29, 0x84, 0x07, 0x28, 0x84, 0x06, 0x28, 0x84, 0x06, 0x27, 0x83, 0x06, 0x28, 0x81, 0x06, 0x27, 0x80, 0x06, 0x27, 0x80, 0x06, 0x28, 0x81, 0x06, 0x27, 0x80, 0x06, 0x26, 0x7F, 
        0x05, 0x26, 0x7E, 0x05, 0x24, 0x7E, 0x05, 0x26, 0x7D, 0x06, 0x26, 0x7F, 0x06, 0x26, 0x7F, 0x05, 0x25, 0x7C, 0x05, 0x24, 0x7B, 0x05, 0x22, 0x79, 0x06, 0x28, 0x83, 0x06, 0x2B, 0x86, 0x05, 0x29, 0x87, 0x06, 0x29, 0x87, 0x06, 0x28, 0x83, 
        0x06, 0x2A, 0x88, 0x05, 0x28, 0x88, 0x05, 0x27, 0x85, 0x07, 0x28, 0x83, 0x05, 0x23, 0x7A, 0x05, 0x1F, 0x73, 0x05, 0x20, 0x75, 0x05, 0x20, 0x74, 0x05, 0x20, 0x74, 0x04, 0x20, 0x74, 0x04, 0x20, 0x75, 0x04, 0x20, 0x73, 0x04, 0x1F, 0x73, 
        0x04, 0x21, 0x73, 0x04, 0x21, 0x73, 0x04, 0x20, 0x74, 0x04, 0x20, 0x74, 0x04, 0x20, 0x74, 0x04, 0x20, 0x74, 0x04, 0x1F, 0x73, 0x04, 0x20, 0x75, 0x04, 0x21, 0x77, 0x04, 0x21, 0x77, 0x04, 0x22, 0x77, 0x04, 0x23, 0x79, 0x04, 0x24, 0x7C, 
        0x04, 0x26, 0x80, 0x04, 0x2E, 0x8A, 0x07, 0x32, 0x92, 0x05, 0x2E, 0x8E, 0x07, 0x32, 0x96, 0x0E, 0x44, 0xAB, 0x14, 0x51, 0xB5, 0x10, 0x4A, 0xAD, 0x11, 0x4A, 0xAF, 0x11, 0x4A, 0xAF, 0x0F, 0x4A, 0xAF, 0x10, 0x4B, 0xB3, 0x0F, 0x49, 0xB0, 
        0x0F, 0x4C, 0xB2, 0x11, 0x50, 0xB5, 0x11, 0x4F, 0xB5, 0x11, 0x4F, 0xB4, 0x12, 0x50, 0xB7, 0x12, 0x51, 0xB8, 0x12, 0x56, 0xB9, 0x12, 0x55, 0xB8, 0x13, 0x56, 0xBA, 0x12, 0x53, 0xB7, 0x0F, 0x4E, 0xB3, 0x11, 0x51, 0xB6, 0x20, 0x71, 0xCA, 
        0x30, 0x84, 0xDA, 0x25, 0x77, 0xCE, 0x0F, 0x4D, 0xB2, 0x09, 0x3D, 0xA2, 0x0A, 0x3E, 0xA3, 0x0A, 0x3F, 0xA4, 0x0A, 0x3F, 0xA5, 0x0A, 0x41, 0xA5, 0x0A, 0x41, 0xA6, 0x0B, 0x41, 0xA8, 0x0B, 0x42, 0xA7, 0x0B, 0x42, 0xA7, 0x0B, 0x42, 0xA8, 
        0x0B, 0x42, 0xAC, 0x0C, 0x44, 0xAC, 0x0C, 0x43, 0xAC, 0x0B, 0x43, 0xAC, 0x0B, 0x43, 0xAC, 0x0B, 0x43, 0xAC, 0x0A, 0x41, 0xA8, 0x09, 0x3F, 0xA5, 0x08, 0x3C, 0xA0, 0x08, 0x39, 0x9D, 0x07, 0x39, 0x9B, 0x07, 0x39, 0x9B, 0x07, 0x39, 0x9B, 
        0x07, 0x37, 0x9B, 0x07, 0x37, 0x9C, 0x08, 0x38, 0x9B, 0x08, 0x38, 0x9D, 0x08, 0x38, 0x9E, 0x08, 0x3A, 0xA0, 0x08, 0x3A, 0xA1, 0x08, 0x3C, 0xA2, 0x08, 0x3B, 0xA3, 0x09, 0x3E, 0xA8, 0x09, 0x3E, 0xA8, 0x0A, 0x40, 0xA9, 0x0A, 0x41, 0xAB, 
        0x0A, 0x40, 0xA9, 0x09, 0x3F, 0xA9, 0x09, 0x3F, 0xA9, 0x09, 0x3F, 0xA7, 0x08, 0x3B, 0xA6, 0x08, 0x39, 0xA3, 0x07, 0x37, 0xA0, 0x06, 0x34, 0x9D, 0x05, 0x32, 0x98, 0x04, 0x2E, 0x92, 0x03, 0x29, 0x8B, 0x02, 0x25, 0x84, 0x02, 0x23, 0x7E, 
        0x02, 0x22, 0x7A, 0x02, 0x1E, 0x75, 0x02, 0x1C, 0x70, 0x02, 0x19, 0x6C, 0x02, 0x17, 0x67, 0x02, 0x15, 0x61, 0x02, 0x13, 0x5F, 0x02, 0x13, 0x5D, 0x02, 0x11, 0x5A, 0x02, 0x11, 0x57, 0x02, 0x11, 0x56, 0x02, 0x11, 0x55, 0x02, 0x11, 0x56, 
        0x01, 0x11, 0x56, 0x01, 0x11, 0x54, 0x07, 0x22, 0x64,
  0x40, 0x70, 0xC2, 0x0D, 0x41, 0xA7, 0x0A, 0x3D, 0xA2, 0x09, 0x3A, 0x9F, 0x0A, 0x3A, 0xA0, 0x0A, 0x3A, 0x9E, 0x09, 0x34, 0x97, 0x07, 0x30, 0x93, 0x0A, 0x35, 0x95, 0x09, 0x32, 0x93, 0x07, 0x2E, 0x8D, 0x07, 0x2D, 0x8C, 0x07, 0x2D, 0x8C, 0x07, 0x2B, 0x8B, 
        0x07, 0x2A, 0x87, 0x07, 0x2A, 0x86, 0x07, 0x28, 0x86, 0x07, 0x28, 0x84, 0x07, 0x28, 0x83, 0x07, 0x28, 0x84, 0x07, 0x29, 0x84, 0x06, 0x28, 0x83, 0x06, 0x28, 0x80, 0x06, 0x28, 0x81, 0x07, 0x29, 0x82, 0x07, 0x29, 0x82, 0x06, 0x26, 0x7E, 
        0x06, 0x25, 0x7E, 0x05, 0x26, 0x7F, 0x05, 0x26, 0x80, 0x06, 0x26, 0x7F, 0x05, 0x26, 0x7D, 0x05, 0x25, 0x7D, 0x05, 0x24, 0x79, 0x05, 0x22, 0x79, 0x06, 0x28, 0x83, 0x06, 0x2A, 0x88, 0x05, 0x2A, 0x87, 0x06, 0x29, 0x87, 0x06, 0x28, 0x84, 
        0x06, 0x2A, 0x89, 0x05, 0x28, 0x89, 0x05, 0x27, 0x86, 0x07, 0x2A, 0x86, 0x05, 0x23, 0x7E, 0x05, 0x1F, 0x73, 0x05, 0x21, 0x75, 0x05, 0x20, 0x75, 0x05, 0x20, 0x74, 0x05, 0x20, 0x74, 0x04, 0x20, 0x75, 0x04, 0x20, 0x75, 0x04, 0x20, 0x73, 
        0x04, 0x21, 0x73, 0x04, 0x21, 0x73, 0x04, 0x21, 0x75, 0x04, 0x20, 0x74, 0x04, 0x20, 0x74, 0x04, 0x21, 0x74, 0x04, 0x1F, 0x74, 0x04, 0x1F, 0x74, 0x04, 0x22, 0x77, 0x04, 0x22, 0x78, 0x04, 0x22, 0x77, 0x04, 0x23, 0x7A, 0x04, 0x25, 0x7E, 
        0x04, 0x2B, 0x86, 0x04, 0x2D, 0x8A, 0x06, 0x31, 0x90, 0x08, 0x36, 0x9A, 0x0E, 0x44, 0xAA, 0x17, 0x56, 0xB8, 0x26, 0x75, 0xC9, 0x1A, 0x5E, 0xBB, 0x0E, 0x44, 0xAA, 0x0F, 0x46, 0xAC, 0x11, 0x4A, 0xB1, 0x11, 0x4D, 0xB3, 0x10, 0x4B, 0xB1, 
        0x0F, 0x4C, 0xB2, 0x10, 0x4E, 0xB3, 0x10, 0x4F, 0xB5, 0x11, 0x4F, 0xB5, 0x12, 0x51, 0xB7, 0x13, 0x53, 0xB8, 0x14, 0x57, 0xBB, 0x13, 0x56, 0xBA, 0x12, 0x53, 0xB9, 0x12, 0x53, 0xB9, 0x12, 0x53, 0xB9, 0x0D, 0x49, 0xB2, 0x13, 0x54, 0xBA, 
        0x19, 0x60, 0xC6, 0x14, 0x57, 0xBD, 0x0B, 0x42, 0xAC, 0x0A, 0x40, 0xA7, 0x0B, 0x42, 0xA6, 0x0A, 0x3F, 0xA6, 0x0A, 0x41, 0xA7, 0x0B, 0x42, 0xA8, 0x0B, 0x42, 0xA8, 0x0B, 0x42, 0xA8, 0x0B, 0x42, 0xA8, 0x0B, 0x43, 0xA8, 0x0B, 0x43, 0xAA, 
        0x0B, 0x43, 0xAD, 0x0C, 0x45, 0xAF, 0x0D, 0x46, 0xAE, 0x0C, 0x44, 0xAC, 0x0C, 0x44, 0xAE, 0x0C, 0x45, 0xAE, 0x0B, 0x43, 0xAB, 0x0A, 0x41, 0xA8, 0x09, 0x3D, 0xA3, 0x08, 0x3A, 0x9F, 0x08, 0x39, 0x9D, 0x08, 0x39, 0x9C, 0x07, 0x39, 0x9B, 
        0x08, 0x39, 0x9C, 0x08, 0x38, 0x9C, 0x06, 0x37, 0x9C, 0x08, 0x38, 0x9E, 0x08, 0x38, 0xA0, 0x06, 0x37, 0x9E, 0x08, 0x3C, 0xA3, 0x09, 0x3E, 0xA4, 0x09, 0x3E, 0xA5, 0x0A, 0x40, 0xA8, 0x0A, 0x40, 0xA8, 0x0A, 0x40, 0xA8, 0x0A, 0x41, 0xAB, 
        0x0A, 0x41, 0xAA, 0x09, 0x3F, 0xA9, 0x09, 0x3F, 0xA9, 0x09, 0x3F, 0xA8, 0x09, 0x3C, 0xA7, 0x08, 0x39, 0xA4, 0x07, 0x38, 0xA0, 0x06, 0x35, 0x9D, 0x05, 0x33, 0x98, 0x04, 0x2F, 0x92, 0x03, 0x2A, 0x8C, 0x02, 0x26, 0x87, 0x02, 0x24, 0x7F, 
        0x02, 0x22, 0x7B, 0x02, 0x1F, 0x77, 0x02, 0x1D, 0x72, 0x02, 0x1A, 0x6D, 0x02, 0x18, 0x67, 0x02, 0x15, 0x63, 0x02, 0x14, 0x5F, 0x02, 0x13, 0x5D, 0x02, 0x13, 0x5C, 0x02, 0x11, 0x59, 0x02, 0x11, 0x56, 0x02, 0x11, 0x56, 0x02, 0x11, 0x57, 
        0x02, 0x11, 0x57, 0x01, 0x11, 0x57, 0x07, 0x23, 0x64,
  0x3D, 0x6A, 0xBE, 0x13, 0x4C, 0xB4, 0x0E, 0x43, 0xAA, 0x0C, 0x40, 0xA6, 0x0C, 0x3E, 0xA4, 0x0A, 0x3B, 0xA0, 0x09, 0x3A, 0x9D, 0x08, 0x34, 0x95, 0x07, 0x32, 0x92, 0x08, 0x30, 0x8F, 0x08, 0x31, 0x90, 0x07, 0x2D, 0x8C, 0x07, 0x2C, 0x8A, 0x07, 0x2E, 0x8B, 
        0x07, 0x2C, 0x8A, 0x07, 0x2C, 0x89, 0x07, 0x2B, 0x87, 0x07, 0x29, 0x84, 0x07, 0x29, 0x83, 0x07, 0x28, 0x83, 0x07, 0x28, 0x83, 0x07, 0x28, 0x83, 0x07, 0x28, 0x83, 0x07, 0x29, 0x82, 0x07, 0x28, 0x82, 0x07, 0x28, 0x82, 0x07, 0x27, 0x81, 
        0x06, 0x25, 0x7E, 0x06, 0x26, 0x7E, 0x06, 0x27, 0x81, 0x06, 0x27, 0x81, 0x06, 0x26, 0x7F, 0x05, 0x26, 0x7F, 0x05, 0x25, 0x7D, 0x05, 0x22, 0x77, 0x07, 0x2A, 0x83, 0x06, 0x2A, 0x88, 0x05, 0x2A, 0x88, 0x05, 0x2C, 0x8B, 0x06, 0x2A, 0x89, 
        0x06, 0x29, 0x87, 0x06, 0x2A, 0x87, 0x05, 0x27, 0x85, 0x05, 0x2B, 0x88, 0x05, 0x28, 0x83, 0x05, 0x1F, 0x74, 0x05, 0x1F, 0x72, 0x05, 0x21, 0x76, 0x05, 0x20, 0x76, 0x05, 0x20, 0x75, 0x05, 0x20, 0x75, 0x04, 0x21, 0x75, 0x04, 0x21, 0x75, 
        0x05, 0x21, 0x75, 0x05, 0x21, 0x75, 0x04, 0x21, 0x75, 0x04, 0x21, 0x75, 0x04, 0x21, 0x75, 0x04, 0x22, 0x77, 0x05, 0x22, 0x77, 0x05, 0x20, 0x74, 0x05, 0x22, 0x75, 0x04, 0x21, 0x76, 0x04, 0x23, 0x7B, 0x04, 0x26, 0x7E, 0x04, 0x27, 0x81, 
        0x04, 0x2B, 0x8B, 0x05, 0x2F, 0x90, 0x08, 0x36, 0x98, 0x0C, 0x3F, 0xA3, 0x11, 0x46, 0xAB, 0x19, 0x55, 0xB8, 0x28, 0x75, 0xC8, 0x12, 0x4E, 0xB2, 0x0E, 0x44, 0xA9, 0x10, 0x4A, 0xAF, 0x10, 0x48, 0xAC, 0x11, 0x4B, 0xAF, 0x10, 0x4A, 0xAF, 
        0x10, 0x4C, 0xB3, 0x10, 0x4C, 0xB2, 0x11, 0x4E, 0xB3, 0x11, 0x4E, 0xB5, 0x11, 0x50, 0xB6, 0x13, 0x53, 0xB7, 0x13, 0x53, 0xB7, 0x13, 0x54, 0xB8, 0x13, 0x54, 0xB8, 0x13, 0x53, 0xB8, 0x12, 0x51, 0xB6, 0x11, 0x4D, 0xB4, 0x0E, 0x49, 0xB0, 
        0x0C, 0x43, 0xA8, 0x0B, 0x40, 0xA7, 0x0C, 0x43, 0xAA, 0x0C, 0x42, 0xA9, 0x0B, 0x3F, 0xA6, 0x0B, 0x3F, 0xA6, 0x0B, 0x41, 0xA7, 0x0B, 0x43, 0xA9, 0x0B, 0x43, 0xA9, 0x0B, 0x43, 0xA9, 0x0C, 0x42, 0xAB, 0x0C, 0x44, 0xAD, 0x0C, 0x45, 0xAD, 
        0x0C, 0x45, 0xAF, 0x0C, 0x46, 0xAF, 0x0D, 0x47, 0xB0, 0x0D, 0x48, 0xAF, 0x0D, 0x47, 0xAF, 0x0D, 0x45, 0xAE, 0x0C, 0x43, 0xAC, 0x0C, 0x44, 0xAC, 0x0A, 0x41, 0xAA, 0x08, 0x3B, 0xA2, 0x07, 0x37, 0x9E, 0x07, 0x37, 0x9F, 0x07, 0x38, 0x9A, 
        0x08, 0x3A, 0x9A, 0x06, 0x36, 0x9A, 0x08, 0x39, 0x9F, 0x0E, 0x4C, 0xB2, 0x0F, 0x50, 0xB6, 0x0A, 0x42, 0xAB, 0x08, 0x3B, 0xA1, 0x09, 0x3D, 0xA3, 0x09, 0x3E, 0xA6, 0x0A, 0x41, 0xA8, 0x0B, 0x41, 0xAA, 0x0A, 0x40, 0xAA, 0x0A, 0x41, 0xAB, 
        0x0A, 0x41, 0xAB, 0x0A, 0x41, 0xAB, 0x09, 0x3F, 0xA9, 0x09, 0x3D, 0xA9, 0x09, 0x3C, 0xA8, 0x08, 0x3B, 0xA6, 0x07, 0x38, 0xA1, 0x06, 0x36, 0x9E, 0x05, 0x33, 0x98, 0x04, 0x30, 0x95, 0x03, 0x2C, 0x8F, 0x02, 0x29, 0x8A, 0x02, 0x25, 0x83, 
        0x02, 0x23, 0x7D, 0x02, 0x21, 0x78, 0x02, 0x1E, 0x73, 0x02, 0x1B, 0x6F, 0x02, 0x18, 0x6A, 0x02, 0x17, 0x66, 0x02, 0x15, 0x62, 0x02, 0x14, 0x5F, 0x02, 0x13, 0x5C, 0x02, 0x13, 0x5A, 0x02, 0x11, 0x58, 0x02, 0x10, 0x56, 0x02, 0x11, 0x5A, 
        0x02, 0x11, 0x59, 0x02, 0x11, 0x58, 0x08, 0x23, 0x66,
  0x41, 0x70, 0xC2, 0x18, 0x55, 0xBA, 0x15, 0x50, 0xB8, 0x0F, 0x45, 0xAC, 0x0C, 0x3F, 0xA4, 0x0A, 0x3A, 0x9E, 0x0A, 0x3B, 0x9F, 0x09, 0x39, 0x9D, 0x07, 0x30, 0x92, 0x07, 0x2F, 0x8E, 0x07, 0x30, 0x90, 0x07, 0x2D, 0x8D, 0x07, 0x2C, 0x8A, 0x07, 0x2D, 0x8C, 
        0x07, 0x2D, 0x8C, 0x07, 0x2C, 0x8B, 0x07, 0x2B, 0x88, 0x07, 0x2A, 0x86, 0x07, 0x28, 0x84, 0x07, 0x28, 0x83, 0x07, 0x28, 0x83, 0x06, 0x28, 0x82, 0x06, 0x28, 0x83, 0x07, 0x28, 0x83, 0x06, 0x28, 0x81, 0x06, 0x27, 0x80, 0x06, 0x26, 0x80, 
        0x06, 0x26, 0x7F, 0x06, 0x26, 0x7E, 0x06, 0x26, 0x7F, 0x05, 0x26, 0x7F, 0x05, 0x25, 0x7F, 0x05, 0x25, 0x7D, 0x05, 0x24, 0x7B, 0x06, 0x26, 0x7D, 0x08, 0x2C, 0x86, 0x06, 0x2D, 0x8A, 0x05, 0x2A, 0x8A, 0x06, 0x2C, 0x8C, 0x06, 0x2B, 0x87, 
        0x05, 0x29, 0x86, 0x05, 0x28, 0x84, 0x05, 0x27, 0x86, 0x05, 0x27, 0x85, 0x05, 0x26, 0x81, 0x05, 0x23, 0x79, 0x05, 0x20, 0x75, 0x05, 0x21, 0x75, 0x05, 0x21, 0x76, 0x05, 0x20, 0x76, 0x05, 0x20, 0x75, 0x05, 0x20, 0x75, 0x04, 0x21, 0x75, 
        0x04, 0x21, 0x75, 0x05, 0x21, 0x75, 0x04, 0x21, 0x73, 0x04, 0x21, 0x75, 0x04, 0x21, 0x75, 0x04, 0x22, 0x76, 0x05, 0x22, 0x77, 0x05, 0x22, 0x76, 0x04, 0x22, 0x77, 0x04, 0x21, 0x77, 0x04, 0x25, 0x7B, 0x05, 0x28, 0x83, 0x06, 0x2C, 0x88, 
        0x08, 0x35, 0x95, 0x09, 0x3A, 0x9B, 0x0E, 0x41, 0xA4, 0x17, 0x55, 0xB6, 0x21, 0x6A, 0xC2, 0x2B, 0x79, 0xCA, 0x18, 0x58, 0xB9, 0x0B, 0x3D, 0xA1, 0x10, 0x49, 0xAD, 0x11, 0x4B, 0xB0, 0x11, 0x4A, 0xAF, 0x10, 0x48, 0xAC, 0x11, 0x4A, 0xAF, 
        0x0F, 0x4D, 0xB1, 0x0F, 0x4C, 0xB3, 0x10, 0x4C, 0xB2, 0x11, 0x4F, 0xB4, 0x11, 0x4F, 0xB5, 0x12, 0x51, 0xB6, 0x12, 0x52, 0xB6, 0x12, 0x52, 0xB7, 0x12, 0x53, 0xB7, 0x12, 0x53, 0xB7, 0x11, 0x4F, 0xB4, 0x10, 0x4C, 0xB3, 0x0F, 0x4B, 0xB1, 
        0x0D, 0x48, 0xAD, 0x0C, 0x44, 0xAA, 0x0C, 0x43, 0xAA, 0x0B, 0x42, 0xAA, 0x0B, 0x3F, 0xA6, 0x0B, 0x3F, 0xA7, 0x0A, 0x40, 0xA4, 0x0A, 0x41, 0xA7, 0x0C, 0x45, 0xAA, 0x0C, 0x45, 0xAB, 0x0C, 0x46, 0xAD, 0x0D, 0x46, 0xAD, 0x0D, 0x48, 0xB0, 
        0x0D, 0x4A, 0xB0, 0x0D, 0x49, 0xB0, 0x0E, 0x4A, 0xB0, 0x0E, 0x4A, 0xB0, 0x0E, 0x4A, 0xAF, 0x0D, 0x46, 0xAE, 0x0C, 0x45, 0xAC, 0x0B, 0x43, 0xAC, 0x0A, 0x41, 0xA9, 0x09, 0x3C, 0xA3, 0x08, 0x39, 0x9F, 0x07, 0x37, 0x9D, 0x08, 0x3A, 0x9D, 
        0x07, 0x38, 0x9A, 0x06, 0x34, 0x97, 0x0A, 0x40, 0xA7, 0x14, 0x5A, 0xBA, 0x17, 0x64, 0xC1, 0x0F, 0x52, 0xB5, 0x08, 0x3C, 0xA1, 0x09, 0x3D, 0xA3, 0x09, 0x3E, 0xA6, 0x0A, 0x3F, 0xA9, 0x0B, 0x42, 0xAA, 0x0B, 0x42, 0xAB, 0x0A, 0x42, 0xAC, 
        0x0A, 0x41, 0xAC, 0x0A, 0x41, 0xAB, 0x0A, 0x40, 0xAB, 0x09, 0x3D, 0xA9, 0x09, 0x3C, 0xA7, 0x08, 0x3C, 0xA6, 0x08, 0x3B, 0xA4, 0x07, 0x38, 0xA1, 0x06, 0x34, 0x9B, 0x05, 0x32, 0x97, 0x04, 0x2E, 0x92, 0x03, 0x2B, 0x8D, 0x02, 0x28, 0x85, 
        0x02, 0x24, 0x80, 0x02, 0x22, 0x7A, 0x02, 0x1E, 0x74, 0x02, 0x1C, 0x6F, 0x02, 0x1A, 0x6C, 0x02, 0x18, 0x67, 0x02, 0x16, 0x64, 0x02, 0x14, 0x61, 0x02, 0x13, 0x5F, 0x02, 0x13, 0x5C, 0x02, 0x12, 0x59, 0x02, 0x10, 0x57, 0x02, 0x11, 0x56, 
        0x02, 0x11, 0x57, 0x02, 0x11, 0x57, 0x08, 0x22, 0x66,
  0x45, 0x78, 0xC9, 0x1A, 0x58, 0xBD, 0x17, 0x52, 0xBA, 0x13, 0x4C, 0xB4, 0x0F, 0x45, 0xAC, 0x0C, 0x3D, 0xA2, 0x0B, 0x3B, 0xA0, 0x0B, 0x3B, 0xA0, 0x09, 0x37, 0x9A, 0x09, 0x34, 0x95, 0x09, 0x35, 0x95, 0x08, 0x32, 0x93, 0x07, 0x2D, 0x8E, 0x07, 0x2E, 0x8D, 
        0x07, 0x2C, 0x8C, 0x07, 0x2B, 0x8A, 0x07, 0x2A, 0x8A, 0x07, 0x2B, 0x87, 0x07, 0x2B, 0x86, 0x07, 0x2A, 0x86, 0x07, 0x2A, 0x86, 0x07, 0x28, 0x83, 0x07, 0x28, 0x84, 0x06, 0x28, 0x84, 0x07, 0x28, 0x84, 0x06, 0x28, 0x82, 0x06, 0x27, 0x82, 
        0x06, 0x26, 0x80, 0x06, 0x27, 0x80, 0x06, 0x26, 0x7E, 0x06, 0x26, 0x7E, 0x05, 0x26, 0x7E, 0x05, 0x24, 0x7E, 0x05, 0x23, 0x7A, 0x06, 0x26, 0x80, 0x07, 0x2C, 0x89, 0x06, 0x2D, 0x8A, 0x05, 0x2B, 0x8A, 0x05, 0x2A, 0x8A, 0x05, 0x2A, 0x86, 
        0x05, 0x29, 0x84, 0x05, 0x28, 0x86, 0x05, 0x29, 0x87, 0x05, 0x27, 0x86, 0x06, 0x27, 0x81, 0x07, 0x26, 0x7E, 0x05, 0x21, 0x74, 0x05, 0x21, 0x77, 0x05, 0x21, 0x75, 0x05, 0x21, 0x76, 0x05, 0x20, 0x76, 0x05, 0x20, 0x75, 0x05, 0x21, 0x75, 
        0x04, 0x21, 0x75, 0x04, 0x20, 0x75, 0x04, 0x21, 0x73, 0x04, 0x21, 0x75, 0x04, 0x21, 0x75, 0x04, 0x23, 0x78, 0x04, 0x22, 0x77, 0x04, 0x23, 0x77, 0x04, 0x23, 0x7A, 0x04, 0x25, 0x7C, 0x05, 0x28, 0x82, 0x08, 0x30, 0x8C, 0x0B, 0x37, 0x97, 
        0x08, 0x32, 0x93, 0x09, 0x38, 0x9B, 0x1A, 0x5C, 0xBA, 0x39, 0x88, 0xD1, 0x66, 0xAE, 0xE0, 0x2D, 0x7E, 0xCC, 0x0C, 0x40, 0xA5, 0x10, 0x4A, 0xAE, 0x11, 0x4C, 0xB0, 0x10, 0x49, 0xAD, 0x10, 0x48, 0xAD, 0x10, 0x48, 0xAD, 0x11, 0x49, 0xAE, 
        0x10, 0x4B, 0xAF, 0x0F, 0x4B, 0xB1, 0x10, 0x4C, 0xB3, 0x11, 0x4C, 0xB3, 0x11, 0x4E, 0xB3, 0x11, 0x4E, 0xB5, 0x11, 0x4F, 0xB5, 0x11, 0x51, 0xB5, 0x12, 0x50, 0xB5, 0x11, 0x50, 0xB5, 0x10, 0x4E, 0xB4, 0x0F, 0x4A, 0xB1, 0x0F, 0x49, 0xB1, 
        0x0F, 0x49, 0xB0, 0x0C, 0x44, 0xAA, 0x0B, 0x42, 0xAA, 0x0B, 0x42, 0xAA, 0x0B, 0x41, 0xA8, 0x0B, 0x40, 0xA7, 0x0B, 0x42, 0xA7, 0x0B, 0x43, 0xA9, 0x0C, 0x45, 0xAC, 0x0C, 0x45, 0xAE, 0x0D, 0x46, 0xAD, 0x0D, 0x46, 0xAE, 0x0D, 0x48, 0xB0, 
        0x0F, 0x4A, 0xB0, 0x0D, 0x49, 0xAF, 0x0D, 0x48, 0xAF, 0x0E, 0x49, 0xAF, 0x0D, 0x47, 0xAF, 0x0C, 0x46, 0xAC, 0x0C, 0x45, 0xAC, 0x0B, 0x43, 0xAB, 0x09, 0x3F, 0xA7, 0x09, 0x3C, 0xA4, 0x08, 0x3B, 0xA0, 0x08, 0x39, 0x9D, 0x08, 0x3A, 0x9D, 
        0x08, 0x39, 0x9C, 0x08, 0x39, 0x9C, 0x0A, 0x40, 0xA7, 0x0C, 0x48, 0xAD, 0x0C, 0x46, 0xAD, 0x0A, 0x40, 0xAA, 0x09, 0x3E, 0xA3, 0x09, 0x3E, 0xA4, 0x09, 0x3E, 0xA6, 0x0A, 0x3F, 0xA9, 0x0B, 0x41, 0xAA, 0x0C, 0x44, 0xAB, 0x0C, 0x44, 0xAD, 
        0x0A, 0x44, 0xAD, 0x0A, 0x43, 0xAD, 0x0A, 0x41, 0xAB, 0x09, 0x40, 0xAA, 0x09, 0x3D, 0xA7, 0x09, 0x3C, 0xA7, 0x08, 0x3C, 0xA6, 0x07, 0x39, 0xA4, 0x07, 0x37, 0x9F, 0x05, 0x33, 0x9A, 0x04, 0x2F, 0x94, 0x04, 0x2C, 0x8F, 0x02, 0x2A, 0x89, 
        0x02, 0x25, 0x84, 0x02, 0x22, 0x7E, 0x02, 0x1F, 0x77, 0x02, 0x1C, 0x72, 0x02, 0x1B, 0x6F, 0x02, 0x19, 0x6A, 0x02, 0x17, 0x66, 0x02, 0x15, 0x63, 0x02, 0x14, 0x60, 0x02, 0x13, 0x5F, 0x02, 0x13, 0x5C, 0x02, 0x11, 0x57, 0x02, 0x11, 0x52, 
        0x02, 0x11, 0x55, 0x02, 0x13, 0x58, 0x08, 0x24, 0x68,
  0x49, 0x7E, 0xCE, 0x1C, 0x5A, 0xBF, 0x19, 0x55, 0xBD, 0x19, 0x55, 0xBC, 0x15, 0x4F, 0xB5, 0x0E, 0x41, 0xA7, 0x0C, 0x3C, 0xA2, 0x0D, 0x3D, 0xA2, 0x0C, 0x3B, 0xA0, 0x09, 0x37, 0x9A, 0x0A, 0x36, 0x97, 0x09, 0x35, 0x95, 0x08, 0x30, 0x92, 0x08, 0x30, 0x92, 
        0x07, 0x2E, 0x8F, 0x07, 0x2D, 0x8D, 0x07, 0x2D, 0x8D, 0x07, 0x2C, 0x8B, 0x07, 0x2B, 0x87, 0x07, 0x2A, 0x86, 0x07, 0x28, 0x84, 0x07, 0x2A, 0x86, 0x07, 0x2A, 0x86, 0x07, 0x2A, 0x87, 0x07, 0x2A, 0x87, 0x07, 0x2A, 0x86, 0x06, 0x29, 0x84, 
        0x06, 0x28, 0x82, 0x06, 0x28, 0x81, 0x06, 0x27, 0x80, 0x06, 0x26, 0x7F, 0x06, 0x26, 0x7F, 0x05, 0x26, 0x7E, 0x05, 0x25, 0x7E, 0x05, 0x26, 0x82, 0x05, 0x2B, 0x89, 0x05, 0x2D, 0x8C, 0x05, 0x2B, 0x8A, 0x05, 0x2B, 0x8A, 0x06, 0x2A, 0x86, 
        0x06, 0x2B, 0x88, 0x05, 0x2B, 0x89, 0x05, 0x2C, 0x8B, 0x05, 0x2A, 0x89, 0x06, 0x29, 0x84, 0x07, 0x26, 0x7E, 0x05, 0x20, 0x74, 0x05, 0x22, 0x77, 0x05, 0x21, 0x77, 0x05, 0x21, 0x75, 0x05, 0x21, 0x75, 0x05, 0x20, 0x76, 0x05, 0x21, 0x75, 
        0x05, 0x20, 0x75, 0x04, 0x20, 0x75, 0x04, 0x21, 0x75, 0x04, 0x22, 0x75, 0x04, 0x22, 0x76, 0x04, 0x23, 0x78, 0x04, 0x24, 0x78, 0x04, 0x23, 0x77, 0x04, 0x24, 0x7B, 0x06, 0x29, 0x81, 0x07, 0x2E, 0x8A, 0x0C, 0x3A, 0x99, 0x12, 0x48, 0xA7, 
        0x13, 0x4A, 0xAD, 0x18, 0x55, 0xB6, 0x22, 0x6B, 0xC3, 0x4A, 0x96, 0xD8, 0x2E, 0x7E, 0xCC, 0x0E, 0x43, 0xA5, 0x0E, 0x45, 0xA8, 0x11, 0x4C, 0xB1, 0x10, 0x4B, 0xB0, 0x11, 0x4D, 0xB0, 0x11, 0x4B, 0xB0, 0x12, 0x4E, 0xB2, 0x12, 0x4E, 0xB2, 
        0x10, 0x4A, 0xAE, 0x10, 0x4A, 0xAF, 0x10, 0x4C, 0xB1, 0x10, 0x4C, 0xB3, 0x11, 0x4C, 0xB2, 0x11, 0x4C, 0xB2, 0x11, 0x4E, 0xB4, 0x11, 0x4F, 0xB5, 0x11, 0x4F, 0xB4, 0x11, 0x4E, 0xB3, 0x10, 0x4C, 0xB2, 0x0F, 0x4A, 0xB1, 0x0F, 0x49, 0xB0, 
        0x0F, 0x49, 0xB0, 0x0D, 0x44, 0xAB, 0x0C, 0x44, 0xAA, 0x0B, 0x42, 0xAA, 0x0B, 0x41, 0xA8, 0x0B, 0x41, 0xA8, 0x0C, 0x43, 0xA9, 0x0C, 0x44, 0xAA, 0x0C, 0x44, 0xAA, 0x0C, 0x43, 0xAC, 0x0C, 0x45, 0xAE, 0x0E, 0x46, 0xAE, 0x0F, 0x49, 0xB0, 
        0x0F, 0x49, 0xB0, 0x0D, 0x48, 0xB0, 0x0D, 0x48, 0xAD, 0x0D, 0x47, 0xAF, 0x0D, 0x46, 0xAD, 0x0C, 0x45, 0xAC, 0x0C, 0x45, 0xAC, 0x0B, 0x42, 0xA9, 0x0A, 0x3F, 0xA6, 0x09, 0x3E, 0xA3, 0x08, 0x3C, 0xA0, 0x08, 0x39, 0x9C, 0x07, 0x37, 0x9C, 
        0x08, 0x39, 0x9E, 0x09, 0x3C, 0xA2, 0x09, 0x3D, 0xA2, 0x08, 0x39, 0x9F, 0x06, 0x37, 0x9C, 0x08, 0x39, 0x9F, 0x09, 0x3C, 0xA2, 0x09, 0x3F, 0xA4, 0x0A, 0x40, 0xA8, 0x0A, 0x40, 0xA9, 0x0B, 0x41, 0xAA, 0x0B, 0x42, 0xAB, 0x0C, 0x45, 0xAD, 
        0x0C, 0x44, 0xAE, 0x0A, 0x44, 0xAD, 0x0A, 0x42, 0xAC, 0x0A, 0x40, 0xAB, 0x09, 0x40, 0xAA, 0x09, 0x3D, 0xA9, 0x09, 0x3C, 0xA7, 0x08, 0x39, 0xA4, 0x07, 0x38, 0xA1, 0x06, 0x34, 0x9E, 0x04, 0x30, 0x95, 0x04, 0x2C, 0x91, 0x03, 0x2B, 0x8C, 
        0x02, 0x28, 0x89, 0x02, 0x24, 0x81, 0x02, 0x21, 0x7B, 0x02, 0x1E, 0x76, 0x02, 0x1D, 0x73, 0x02, 0x1A, 0x6E, 0x02, 0x18, 0x6A, 0x02, 0x17, 0x67, 0x02, 0x15, 0x63, 0x02, 0x14, 0x60, 0x02, 0x13, 0x5D, 0x02, 0x12, 0x5A, 0x02, 0x12, 0x53, 
        0x02, 0x13, 0x55, 0x02, 0x13, 0x57, 0x08, 0x23, 0x66,
  0x4D, 0x84, 0xD0, 0x22, 0x63, 0xC6, 0x1D, 0x5A, 0xC2, 0x1B, 0x59, 0xBF, 0x18, 0x52, 0xB9, 0x10, 0x45, 0xAD, 0x0E, 0x41, 0xA6, 0x0F, 0x44, 0xA7, 0x0C, 0x3E, 0xA2, 0x08, 0x35, 0x99, 0x08, 0x35, 0x98, 0x09, 0x35, 0x97, 0x09, 0x33, 0x95, 0x09, 0x33, 0x95, 
        0x08, 0x31, 0x92, 0x07, 0x2D, 0x8C, 0x07, 0x2D, 0x8C, 0x07, 0x2D, 0x8C, 0x07, 0x2B, 0x8B, 0x07, 0x2C, 0x89, 0x07, 0x2C, 0x89, 0x07, 0x2C, 0x89, 0x07, 0x2A, 0x89, 0x07, 0x2C, 0x88, 0x07, 0x2B, 0x88, 0x07, 0x2A, 0x88, 0x06, 0x2A, 0x88, 
        0x06, 0x29, 0x82, 0x07, 0x28, 0x81, 0x07, 0x28, 0x82, 0x06, 0x27, 0x80, 0x06, 0x26, 0x7E, 0x06, 0x26, 0x7E, 0x05, 0x28, 0x81, 0x06, 0x2B, 0x88, 0x06, 0x2D, 0x8C, 0x06, 0x2E, 0x90, 0x05, 0x2D, 0x8E, 0x06, 0x2C, 0x8A, 0x07, 0x2D, 0x88, 
        0x07, 0x2C, 0x8B, 0x05, 0x2B, 0x8D, 0x05, 0x2E, 0x8C, 0x05, 0x2C, 0x8B, 0x06, 0x2A, 0x87, 0x05, 0x25, 0x7D, 0x05, 0x20, 0x75, 0x05, 0x21, 0x77, 0x05, 0x22, 0x77, 0x05, 0x21, 0x77, 0x05, 0x21, 0x75, 0x05, 0x21, 0x75, 0x05, 0x21, 0x76, 
        0x05, 0x21, 0x75, 0x05, 0x21, 0x75, 0x04, 0x21, 0x75, 0x04, 0x22, 0x77, 0x05, 0x23, 0x78, 0x05, 0x23, 0x78, 0x04, 0x24, 0x78, 0x04, 0x26, 0x7C, 0x07, 0x2B, 0x83, 0x0A, 0x33, 0x8E, 0x0A, 0x34, 0x91, 0x0C, 0x39, 0x99, 0x11, 0x43, 0xA4, 
        0x18, 0x52, 0xB5, 0x23, 0x6B, 0xC2, 0x35, 0x82, 0xCE, 0x2B, 0x79, 0xC9, 0x0E, 0x46, 0xAA, 0x0F, 0x49, 0xAC, 0x11, 0x4E, 0xB1, 0x10, 0x4A, 0xAE, 0x10, 0x4B, 0xB0, 0x11, 0x4D, 0xB1, 0x10, 0x49, 0xAD, 0x13, 0x4F, 0xB4, 0x14, 0x51, 0xB4, 
        0x10, 0x4A, 0xAF, 0x10, 0x4A, 0xAE, 0x11, 0x4B, 0xAF, 0x10, 0x4B, 0xB1, 0x10, 0x4B, 0xB1, 0x10, 0x4B, 0xB0, 0x11, 0x4D, 0xB2, 0x11, 0x4E, 0xB3, 0x11, 0x4D, 0xB3, 0x11, 0x4D, 0xB2, 0x10, 0x4A, 0xB1, 0x10, 0x49, 0xB1, 0x0F, 0x49, 0xB1, 
        0x0E, 0x48, 0xAE, 0x0D, 0x44, 0xAB, 0x0D, 0x44, 0xAB, 0x0C, 0x44, 0xAA, 0x0B, 0x41, 0xA8, 0x0B, 0x42, 0xAA, 0x0C, 0x44, 0xA8, 0x0B, 0x42, 0xA9, 0x0C, 0x42, 0xA9, 0x0C, 0x42, 0xAA, 0x0D, 0x45, 0xAE, 0x0F, 0x48, 0xB1, 0x0F, 0x4A, 0xB0, 
        0x0F, 0x4A, 0xAE, 0x0D, 0x47, 0xAE, 0x0D, 0x47, 0xAE, 0x0D, 0x47, 0xAD, 0x0D, 0x46, 0xAC, 0x0D, 0x45, 0xAC, 0x0B, 0x43, 0xAC, 0x0A, 0x40, 0xA7, 0x09, 0x3F, 0xA4, 0x09, 0x3C, 0xA1, 0x08, 0x3B, 0x9F, 0x08, 0x3A, 0x9C, 0x08, 0x39, 0x9D, 
        0x08, 0x39, 0x9F, 0x08, 0x39, 0x9D, 0x08, 0x3A, 0x9F, 0x08, 0x3A, 0x9E, 0x08, 0x3C, 0x9F, 0x09, 0x3D, 0xA2, 0x08, 0x3B, 0xA2, 0x09, 0x3E, 0xA5, 0x0A, 0x40, 0xA8, 0x0A, 0x40, 0xA9, 0x0A, 0x41, 0xA9, 0x0B, 0x41, 0xAB, 0x0B, 0x44, 0xAE, 
        0x0B, 0x45, 0xAE, 0x0B, 0x44, 0xAD, 0x0A, 0x43, 0xAD, 0x0A, 0x41, 0xAB, 0x0A, 0x41, 0xAB, 0x09, 0x40, 0xAA, 0x09, 0x3C, 0xA7, 0x08, 0x3B, 0xA6, 0x07, 0x38, 0xA4, 0x06, 0x36, 0x9F, 0x05, 0x32, 0x99, 0x04, 0x2F, 0x95, 0x03, 0x2C, 0x8F, 
        0x02, 0x2A, 0x8A, 0x02, 0x26, 0x84, 0x02, 0x22, 0x7F, 0x02, 0x21, 0x7B, 0x02, 0x1E, 0x76, 0x02, 0x1C, 0x72, 0x02, 0x19, 0x6D, 0x02, 0x18, 0x6A, 0x02, 0x17, 0x66, 0x02, 0x15, 0x64, 0x02, 0x14, 0x61, 0x02, 0x13, 0x5D, 0x02, 0x13, 0x59, 
        0x02, 0x15, 0x5C, 0x02, 0x14, 0x5F, 0x08, 0x24, 0x68,
  0x4F, 0x88, 0xD2, 0x29, 0x6F, 0xCB, 0x25, 0x67, 0xCA, 0x1E, 0x5C, 0xC2, 0x18, 0x53, 0xBA, 0x14, 0x49, 0xB0, 0x11, 0x45, 0xAC, 0x0E, 0x43, 0xA7, 0x0E, 0x43, 0xA7, 0x09, 0x37, 0x9D, 0x08, 0x34, 0x99, 0x0A, 0x37, 0x9B, 0x0A, 0x36, 0x99, 0x0A, 0x36, 0x9A, 
        0x09, 0x34, 0x95, 0x08, 0x2E, 0x8F, 0x07, 0x2D, 0x8D, 0x07, 0x2C, 0x8B, 0x07, 0x2C, 0x8C, 0x07, 0x2C, 0x8B, 0x08, 0x2E, 0x8A, 0x07, 0x2B, 0x89, 0x07, 0x2A, 0x88, 0x07, 0x2A, 0x89, 0x07, 0x2A, 0x88, 0x06, 0x2A, 0x88, 0x06, 0x2A, 0x88, 
        0x06, 0x26, 0x82, 0x06, 0x27, 0x7F, 0x07, 0x29, 0x82, 0x06, 0x27, 0x81, 0x06, 0x24, 0x7D, 0x06, 0x25, 0x7C, 0x07, 0x28, 0x81, 0x05, 0x2D, 0x8B, 0x06, 0x2E, 0x90, 0x05, 0x2E, 0x91, 0x05, 0x2C, 0x8E, 0x05, 0x2A, 0x87, 0x06, 0x2A, 0x83, 
        0x06, 0x2D, 0x8A, 0x05, 0x2C, 0x8F, 0x05, 0x2A, 0x8A, 0x06, 0x2C, 0x8B, 0x06, 0x2A, 0x87, 0x05, 0x23, 0x7C, 0x05, 0x23, 0x7A, 0x05, 0x21, 0x75, 0x05, 0x21, 0x77, 0x05, 0x22, 0x77, 0x05, 0x21, 0x77, 0x05, 0x21, 0x75, 0x05, 0x22, 0x76, 
        0x05, 0x21, 0x76, 0x05, 0x21, 0x75, 0x05, 0x21, 0x77, 0x05, 0x23, 0x77, 0x05, 0x23, 0x79, 0x05, 0x24, 0x78, 0x04, 0x25, 0x7A, 0x05, 0x2C, 0x82, 0x07, 0x2E, 0x86, 0x09, 0x33, 0x8E, 0x08, 0x30, 0x8D, 0x0A, 0x34, 0x95, 0x0F, 0x3E, 0xA0, 
        0x0E, 0x3D, 0x9F, 0x27, 0x70, 0xC5, 0x2C, 0x78, 0xCB, 0x0F, 0x46, 0xA8, 0x0F, 0x4A, 0xAC, 0x10, 0x4D, 0xAF, 0x10, 0x4C, 0xAF, 0x10, 0x4C, 0xB0, 0x10, 0x4A, 0xB0, 0x10, 0x48, 0xAD, 0x10, 0x4B, 0xB0, 0x11, 0x4D, 0xB0, 0x10, 0x4A, 0xAF, 
        0x10, 0x4A, 0xAD, 0x10, 0x4B, 0xAF, 0x11, 0x4B, 0xAF, 0x11, 0x4A, 0xB1, 0x10, 0x4A, 0xB1, 0x10, 0x49, 0xB1, 0x10, 0x4B, 0xB0, 0x10, 0x4C, 0xB2, 0x10, 0x4B, 0xB2, 0x10, 0x4A, 0xB2, 0x0F, 0x4A, 0xAF, 0x0F, 0x47, 0xAD, 0x0E, 0x47, 0xAD, 
        0x0D, 0x46, 0xAD, 0x0C, 0x42, 0xA9, 0x0D, 0x44, 0xAB, 0x0D, 0x44, 0xAB, 0x0B, 0x42, 0xA8, 0x0B, 0x41, 0xAA, 0x0C, 0x44, 0xA8, 0x0C, 0x43, 0xAA, 0x0C, 0x43, 0xAA, 0x0C, 0x42, 0xAA, 0x0C, 0x44, 0xAC, 0x0D, 0x45, 0xAE, 0x0D, 0x46, 0xAF, 
        0x0D, 0x46, 0xAD, 0x0C, 0x45, 0xAB, 0x0C, 0x44, 0xAB, 0x0D, 0x45, 0xAB, 0x0D, 0x45, 0xAA, 0x0C, 0x43, 0xAA, 0x0B, 0x43, 0xAA, 0x0A, 0x41, 0xA7, 0x09, 0x3F, 0xA3, 0x08, 0x3C, 0xA0, 0x08, 0x3B, 0x9E, 0x07, 0x39, 0x9A, 0x08, 0x39, 0x9E, 
        0x09, 0x3A, 0xA2, 0x08, 0x3A, 0xA0, 0x08, 0x3B, 0x9F, 0x08, 0x3A, 0x9D, 0x08, 0x3A, 0x9B, 0x08, 0x3C, 0x9E, 0x08, 0x3C, 0xA2, 0x09, 0x3E, 0xA5, 0x0A, 0x3F, 0xA7, 0x0A, 0x3F, 0xA8, 0x0A, 0x40, 0xA9, 0x0B, 0x42, 0xAB, 0x0B, 0x45, 0xAE, 
        0x0B, 0x45, 0xAF, 0x0B, 0x45, 0xAD, 0x0B, 0x44, 0xAD, 0x0A, 0x43, 0xAD, 0x0A, 0x41, 0xAC, 0x0A, 0x41, 0xAB, 0x09, 0x40, 0xAA, 0x09, 0x3C, 0xA7, 0x08, 0x39, 0xA6, 0x07, 0x37, 0xA1, 0x06, 0x35, 0x9C, 0x04, 0x2F, 0x96, 0x02, 0x2A, 0x8B, 
        0x02, 0x2A, 0x8A, 0x02, 0x27, 0x86, 0x02, 0x24, 0x81, 0x02, 0x22, 0x7D, 0x02, 0x1E, 0x78, 0x02, 0x1C, 0x73, 0x02, 0x1B, 0x6F, 0x02, 0x19, 0x6D, 0x02, 0x18, 0x69, 0x02, 0x16, 0x66, 0x02, 0x15, 0x62, 0x02, 0x13, 0x60, 0x02, 0x12, 0x5C, 
        0x02, 0x13, 0x5D, 0x02, 0x13, 0x5D, 0x08, 0x23, 0x68,
  0x4E, 0x85, 0xD0, 0x2E, 0x76, 0xCD, 0x2A, 0x6F, 0xCE, 0x25, 0x66, 0xC9, 0x1E, 0x5A, 0xC0, 0x1A, 0x55, 0xBA, 0x19, 0x53, 0xB7, 0x14, 0x4B, 0xB0, 0x0E, 0x40, 0xA5, 0x0C, 0x3D, 0xA2, 0x0D, 0x3D, 0xA2, 0x0D, 0x3E, 0xA2, 0x0B, 0x3A, 0x9E, 0x09, 0x35, 0x97, 
        0x08, 0x33, 0x95, 0x08, 0x32, 0x93, 0x08, 0x31, 0x92, 0x07, 0x31, 0x90, 0x07, 0x30, 0x8E, 0x07, 0x2E, 0x8C, 0x07, 0x2C, 0x8B, 0x07, 0x2E, 0x89, 0x07, 0x2E, 0x89, 0x07, 0x2C, 0x88, 0x07, 0x2A, 0x86, 0x07, 0x29, 0x83, 0x06, 0x28, 0x83, 
        0x06, 0x28, 0x84, 0x06, 0x29, 0x83, 0x07, 0x28, 0x7F, 0x07, 0x26, 0x7D, 0x06, 0x26, 0x7F, 0x07, 0x2B, 0x89, 0x07, 0x2C, 0x8B, 0x06, 0x2D, 0x8D, 0x05, 0x2D, 0x8D, 0x05, 0x2B, 0x8D, 0x05, 0x2A, 0x8B, 0x05, 0x2B, 0x89, 0x05, 0x2B, 0x89, 
        0x06, 0x2C, 0x8A, 0x05, 0x2B, 0x8A, 0x05, 0x2A, 0x8B, 0x05, 0x2C, 0x8F, 0x05, 0x2A, 0x86, 0x05, 0x23, 0x7A, 0x06, 0x22, 0x76, 0x05, 0x22, 0x76, 0x05, 0x21, 0x75, 0x05, 0x21, 0x75, 0x05, 0x21, 0x75, 0x05, 0x21, 0x77, 0x05, 0x21, 0x75, 
        0x05, 0x22, 0x76, 0x05, 0x21, 0x77, 0x05, 0x23, 0x77, 0x05, 0x24, 0x79, 0x05, 0x26, 0x7D, 0x06, 0x28, 0x80, 0x06, 0x2B, 0x81, 0x05, 0x29, 0x82, 0x07, 0x2B, 0x87, 0x07, 0x30, 0x8E, 0x09, 0x33, 0x93, 0x0C, 0x3B, 0x9D, 0x0E, 0x40, 0xA3, 
        0x25, 0x6E, 0xC5, 0x29, 0x73, 0xC8, 0x13, 0x4E, 0xB2, 0x0E, 0x43, 0xA7, 0x12, 0x4E, 0xB1, 0x10, 0x4D, 0xAF, 0x11, 0x4C, 0xAF, 0x11, 0x4C, 0xB1, 0x11, 0x4C, 0xAE, 0x10, 0x4A, 0xAD, 0x11, 0x4C, 0xB0, 0x11, 0x4B, 0xAE, 0x10, 0x4A, 0xAC, 
        0x11, 0x4B, 0xAF, 0x11, 0x4C, 0xB0, 0x11, 0x4B, 0xB0, 0x11, 0x4A, 0xAF, 0x11, 0x4A, 0xAF, 0x10, 0x4A, 0xAF, 0x10, 0x49, 0xAF, 0x0F, 0x48, 0xAD, 0x10, 0x49, 0xAD, 0x0F, 0x47, 0xAD, 0x0F, 0x47, 0xAD, 0x0E, 0x46, 0xAA, 0x0E, 0x45, 0xAA, 
        0x0E, 0x45, 0xAC, 0x0E, 0x45, 0xAC, 0x0D, 0x42, 0xA9, 0x0E, 0x44, 0xAB, 0x0E, 0x45, 0xAB, 0x0C, 0x43, 0xA8, 0x0B, 0x42, 0xA7, 0x0B, 0x43, 0xA8, 0x0B, 0x42, 0xA8, 0x0D, 0x46, 0xAA, 0x0C, 0x44, 0xAA, 0x0C, 0x43, 0xA9, 0x0C, 0x45, 0xAC, 
        0x0C, 0x42, 0xAA, 0x0C, 0x42, 0xA9, 0x0C, 0x42, 0xA9, 0x0C, 0x41, 0xA9, 0x0C, 0x41, 0xA9, 0x0C, 0x41, 0xA7, 0x0B, 0x40, 0xA7, 0x0A, 0x40, 0xA4, 0x09, 0x3D, 0xA2, 0x08, 0x3C, 0x9F, 0x08, 0x3A, 0x9E, 0x08, 0x3A, 0x9D, 0x08, 0x3A, 0x9E, 
        0x08, 0x3B, 0xA0, 0x08, 0x3B, 0xA0, 0x08, 0x3B, 0xA0, 0x08, 0x3B, 0x9F, 0x08, 0x3A, 0x9F, 0x08, 0x3C, 0x9F, 0x09, 0x3D, 0xA4, 0x09, 0x3D, 0xA4, 0x09, 0x3E, 0xA5, 0x0A, 0x3F, 0xA7, 0x0A, 0x40, 0xA9, 0x0B, 0x42, 0xAA, 0x0B, 0x44, 0xAC, 
        0x0C, 0x45, 0xAC, 0x0C, 0x45, 0xAD, 0x0C, 0x45, 0xAD, 0x0B, 0x44, 0xAD, 0x0A, 0x44, 0xAD, 0x0A, 0x42, 0xAC, 0x0A, 0x40, 0xAB, 0x09, 0x3E, 0xAA, 0x08, 0x39, 0xA6, 0x09, 0x3C, 0xA7, 0x05, 0x34, 0x9F, 0x06, 0x38, 0xA2, 0x07, 0x3B, 0xA7, 
        0x04, 0x30, 0x9A, 0x03, 0x2A, 0x8E, 0x03, 0x28, 0x89, 0x02, 0x22, 0x7E, 0x02, 0x22, 0x7D, 0x02, 0x1E, 0x78, 0x02, 0x1C, 0x72, 0x02, 0x1A, 0x6E, 0x02, 0x18, 0x6A, 0x02, 0x18, 0x66, 0x02, 0x16, 0x64, 0x02, 0x15, 0x63, 0x02, 0x14, 0x62, 
        0x02, 0x13, 0x60, 0x02, 0x12, 0x5D, 0x08, 0x24, 0x6A,
  0x50, 0x85, 0xD0, 0x33, 0x79, 0xCF, 0x2E, 0x76, 0xCF, 0x28, 0x6A, 0xCB, 0x25, 0x66, 0xC8, 0x20, 0x5E, 0xC2, 0x1D, 0x59, 0xBC, 0x17, 0x4E, 0xB2, 0x12, 0x48, 0xAD, 0x12, 0x48, 0xAD, 0x11, 0x45, 0xA9, 0x0E, 0x3F, 0xA4, 0x0B, 0x39, 0x9D, 0x09, 0x36, 0x9A, 
        0x09, 0x33, 0x95, 0x08, 0x33, 0x93, 0x09, 0x34, 0x93, 0x09, 0x33, 0x94, 0x07, 0x33, 0x91, 0x07, 0x32, 0x90, 0x07, 0x31, 0x8F, 0x07, 0x30, 0x8D, 0x07, 0x2F, 0x89, 0x07, 0x2C, 0x88, 0x07, 0x2A, 0x86, 0x07, 0x2A, 0x84, 0x07, 0x29, 0x83, 
        0x06, 0x28, 0x84, 0x06, 0x28, 0x82, 0x07, 0x29, 0x81, 0x08, 0x28, 0x7F, 0x07, 0x2A, 0x84, 0x08, 0x30, 0x90, 0x06, 0x30, 0x92, 0x07, 0x2E, 0x90, 0x07, 0x2E, 0x8F, 0x06, 0x2E, 0x8F, 0x06, 0x2D, 0x8F, 0x06, 0x2D, 0x8E, 0x05, 0x2D, 0x8E, 
        0x06, 0x2D, 0x8B, 0x06, 0x2C, 0x88, 0x05, 0x2D, 0x8D, 0x05, 0x2E, 0x8E, 0x05, 0x27, 0x85, 0x05, 0x22, 0x78, 0x05, 0x20, 0x74, 0x05, 0x23, 0x76, 0x05, 0x22, 0x76, 0x05, 0x22, 0x75, 0x05, 0x22, 0x75, 0x05, 0x22, 0x75, 0x05, 0x22, 0x75, 
        0x05, 0x21, 0x76, 0x05, 0x22, 0x77, 0x05, 0x23, 0x7A, 0x05, 0x26, 0x7B, 0x05, 0x27, 0x7D, 0x05, 0x28, 0x7F, 0x05, 0x29, 0x81, 0x05, 0x27, 0x80, 0x07, 0x2C, 0x89, 0x09, 0x32, 0x92, 0x0B, 0x3B, 0x9C, 0x1B, 0x5C, 0xBB, 0x2D, 0x7A, 0xCA, 
        0x28, 0x74, 0xC8, 0x15, 0x52, 0xB6, 0x0E, 0x44, 0xA7, 0x13, 0x51, 0xB3, 0x11, 0x4A, 0xAF, 0x11, 0x4B, 0xAE, 0x11, 0x4C, 0xAF, 0x12, 0x4D, 0xB1, 0x11, 0x4C, 0xAF, 0x11, 0x4A, 0xAD, 0x10, 0x49, 0xAC, 0x11, 0x4B, 0xAE, 0x11, 0x4B, 0xAE, 
        0x11, 0x4B, 0xAF, 0x11, 0x4A, 0xAF, 0x12, 0x4E, 0xB2, 0x11, 0x4B, 0xAF, 0x11, 0x4A, 0xAF, 0x12, 0x4C, 0xAF, 0x10, 0x4A, 0xAF, 0x0F, 0x48, 0xAC, 0x10, 0x48, 0xAD, 0x10, 0x48, 0xAD, 0x0F, 0x46, 0xAB, 0x0F, 0x46, 0xAB, 0x0E, 0x45, 0xAA, 
        0x0E, 0x45, 0xAC, 0x0F, 0x45, 0xAC, 0x0D, 0x43, 0xAA, 0x0D, 0x42, 0xA9, 0x0E, 0x43, 0xA9, 0x0D, 0x41, 0xA6, 0x0B, 0x43, 0xA7, 0x0B, 0x44, 0xA8, 0x0B, 0x41, 0xA5, 0x0C, 0x45, 0xAA, 0x0C, 0x43, 0xA9, 0x0C, 0x43, 0xA6, 0x0C, 0x44, 0xAA, 
        0x0C, 0x41, 0xA9, 0x0C, 0x42, 0xA9, 0x0C, 0x41, 0xA8, 0x0C, 0x41, 0xA8, 0x0C, 0x40, 0xA8, 0x0B, 0x40, 0xA8, 0x0A, 0x40, 0xA4, 0x0A, 0x3D, 0xA2, 0x08, 0x3C, 0xA0, 0x08, 0x3B, 0x9F, 0x08, 0x3B, 0x9E, 0x08, 0x3B, 0x9F, 0x08, 0x3B, 0x9F, 
        0x08, 0x3B, 0xA0, 0x08, 0x3B, 0xA0, 0x08, 0x3B, 0xA0, 0x08, 0x3C, 0xA2, 0x08, 0x3C, 0xA2, 0x09, 0x3C, 0xA2, 0x09, 0x3D, 0xA2, 0x09, 0x3D, 0xA4, 0x0A, 0x3F, 0xA5, 0x0A, 0x3F, 0xA7, 0x0B, 0x40, 0xA9, 0x0B, 0x40, 0xA9, 0x0B, 0x43, 0xAB, 
        0x0C, 0x44, 0xAC, 0x0C, 0x45, 0xAC, 0x0C, 0x45, 0xAE, 0x0B, 0x45, 0xAD, 0x0B, 0x44, 0xAD, 0x0A, 0x42, 0xAC, 0x0A, 0x3E, 0xAB, 0x0A, 0x40, 0xAB, 0x09, 0x3D, 0xA9, 0x08, 0x3B, 0xA6, 0x05, 0x34, 0x9F, 0x12, 0x58, 0xBB, 0x2C, 0x89, 0xD6, 
        0x11, 0x57, 0xBC, 0x02, 0x26, 0x8B, 0x02, 0x26, 0x89, 0x02, 0x25, 0x83, 0x02, 0x22, 0x7B, 0x02, 0x22, 0x7B, 0x02, 0x1F, 0x78, 0x02, 0x1C, 0x72, 0x02, 0x1A, 0x6D, 0x02, 0x19, 0x6A, 0x02, 0x17, 0x64, 0x02, 0x16, 0x64, 0x02, 0x14, 0x64, 
        0x02, 0x13, 0x62, 0x02, 0x13, 0x60, 0x08, 0x25, 0x6C,
  0x51, 0x87, 0xD2, 0x34, 0x7B, 0xCF, 0x3C, 0x86, 0xD6, 0x31, 0x79, 0xD0, 0x2D, 0x70, 0xCC, 0x26, 0x67, 0xC8, 0x21, 0x60, 0xC2, 0x1E, 0x59, 0xBD, 0x1A, 0x55, 0xB8, 0x17, 0x51, 0xB5, 0x13, 0x48, 0xAD, 0x0F, 0x41, 0xA6, 0x0D, 0x3D, 0xA2, 0x0D, 0x3C, 0xA0, 
        0x0C, 0x3B, 0x9F, 0x0A, 0x36, 0x97, 0x09, 0x35, 0x95, 0x08, 0x33, 0x92, 0x08, 0x30, 0x90, 0x07, 0x2E, 0x8D, 0x07, 0x2E, 0x8D, 0x07, 0x30, 0x8C, 0x07, 0x2E, 0x8B, 0x07, 0x2E, 0x89, 0x07, 0x2B, 0x86, 0x07, 0x2A, 0x86, 0x07, 0x2A, 0x84, 
        0x07, 0x29, 0x83, 0x06, 0x28, 0x83, 0x07, 0x2A, 0x84, 0x07, 0x2A, 0x84, 0x07, 0x2C, 0x87, 0x08, 0x31, 0x90, 0x07, 0x31, 0x92, 0x07, 0x2F, 0x90, 0x07, 0x2E, 0x8F, 0x07, 0x2F, 0x91, 0x06, 0x2F, 0x90, 0x05, 0x2C, 0x8D, 0x05, 0x2C, 0x8B, 
        0x06, 0x2C, 0x8B, 0x06, 0x2C, 0x8B, 0x05, 0x2D, 0x8C, 0x05, 0x2C, 0x8A, 0x05, 0x27, 0x83, 0x05, 0x23, 0x7B, 0x05, 0x22, 0x76, 0x05, 0x23, 0x78, 0x05, 0x22, 0x76, 0x05, 0x22, 0x76, 0x05, 0x22, 0x75, 0x05, 0x22, 0x77, 0x05, 0x23, 0x77, 
        0x05, 0x22, 0x79, 0x05, 0x23, 0x78, 0x05, 0x24, 0x7A, 0x05, 0x24, 0x7C, 0x05, 0x27, 0x7E, 0x06, 0x29, 0x80, 0x07, 0x2B, 0x83, 0x0A, 0x33, 0x90, 0x11, 0x44, 0xA1, 0x17, 0x50, 0xAF, 0x25, 0x6B, 0xC2, 0x2D, 0x7A, 0xCA, 0x1B, 0x5C, 0xBC, 
        0x13, 0x4C, 0xB0, 0x12, 0x4B, 0xAE, 0x12, 0x4B, 0xB1, 0x12, 0x4C, 0xB0, 0x11, 0x4B, 0xAF, 0x12, 0x4D, 0xB0, 0x11, 0x4B, 0xAE, 0x12, 0x50, 0xB2, 0x12, 0x4F, 0xB2, 0x12, 0x4D, 0xB1, 0x10, 0x49, 0xAB, 0x12, 0x4F, 0xB1, 0x10, 0x48, 0xAC, 
        0x0E, 0x44, 0xAA, 0x0F, 0x48, 0xAC, 0x12, 0x4D, 0xB2, 0x10, 0x48, 0xAD, 0x11, 0x4B, 0xB0, 0x11, 0x4A, 0xAF, 0x11, 0x4A, 0xAF, 0x10, 0x49, 0xAE, 0x10, 0x48, 0xAE, 0x0F, 0x48, 0xAD, 0x0F, 0x47, 0xAB, 0x0F, 0x46, 0xAB, 0x0F, 0x46, 0xAD, 
        0x0E, 0x45, 0xAC, 0x0E, 0x44, 0xAA, 0x0E, 0x45, 0xAC, 0x0D, 0x43, 0xA9, 0x0D, 0x41, 0xA8, 0x0D, 0x42, 0xA8, 0x0D, 0x44, 0xA9, 0x0D, 0x45, 0xAA, 0x0C, 0x43, 0xA8, 0x0C, 0x43, 0xA8, 0x0C, 0x44, 0xA8, 0x0B, 0x42, 0xA7, 0x0C, 0x42, 0xA7, 
        0x0B, 0x42, 0xA7, 0x0B, 0x41, 0xA7, 0x0B, 0x41, 0xA7, 0x0B, 0x3F, 0xA6, 0x0B, 0x3F, 0xA5, 0x0B, 0x3E, 0xA5, 0x0A, 0x3E, 0xA3, 0x0A, 0x3D, 0xA0, 0x09, 0x3B, 0x9F, 0x08, 0x3B, 0x9F, 0x08, 0x3B, 0x9F, 0x09, 0x3C, 0x9E, 0x08, 0x3A, 0x9F, 
        0x08, 0x3A, 0xA0, 0x08, 0x3B, 0xA0, 0x08, 0x3C, 0xA1, 0x08, 0x3C, 0xA0, 0x08, 0x3C, 0xA0, 0x09, 0x3D, 0xA2, 0x09, 0x3D, 0xA3, 0x09, 0x3E, 0xA2, 0x09, 0x3E, 0xA5, 0x0A, 0x40, 0xA7, 0x0B, 0x40, 0xA9, 0x0B, 0x40, 0xAA, 0x0B, 0x42, 0xAB, 
        0x0C, 0x43, 0xAB, 0x0C, 0x45, 0xAC, 0x0C, 0x46, 0xAE, 0x0C, 0x45, 0xAF, 0x0B, 0x44, 0xAD, 0x0B, 0x43, 0xAD, 0x0A, 0x40, 0xAB, 0x09, 0x3E, 0xAA, 0x09, 0x40, 0xAB, 0x08, 0x3C, 0xA7, 0x05, 0x34, 0x9F, 0x12, 0x5A, 0xBB, 0x2B, 0x89, 0xD4, 
        0x11, 0x58, 0xBB, 0x03, 0x2A, 0x92, 0x02, 0x27, 0x8A, 0x02, 0x26, 0x85, 0x02, 0x22, 0x7E, 0x02, 0x24, 0x7E, 0x02, 0x22, 0x7C, 0x02, 0x1F, 0x76, 0x02, 0x1C, 0x70, 0x02, 0x19, 0x6C, 0x02, 0x18, 0x66, 0x02, 0x16, 0x64, 0x02, 0x16, 0x66, 
        0x02, 0x15, 0x64, 0x02, 0x14, 0x63, 0x08, 0x26, 0x6D,
  0x51, 0x87, 0xD1, 0x2E, 0x72, 0xCC, 0x47, 0x8E, 0xD8, 0x47, 0x8E, 0xD8, 0x33, 0x7B, 0xCF, 0x2E, 0x72, 0xCC, 0x26, 0x67, 0xC8, 0x23, 0x60, 0xC2, 0x20, 0x5D, 0xBF, 0x1C, 0x58, 0xBA, 0x17, 0x4F, 0xB5, 0x13, 0x48, 0xAC, 0x11, 0x43, 0xA7, 0x0F, 0x3F, 0xA4, 
        0x0E, 0x3E, 0xA2, 0x0D, 0x3C, 0x9F, 0x0B, 0x37, 0x97, 0x09, 0x33, 0x94, 0x09, 0x32, 0x92, 0x08, 0x31, 0x90, 0x07, 0x31, 0x8F, 0x07, 0x30, 0x8C, 0x07, 0x2E, 0x8B, 0x07, 0x2C, 0x8A, 0x07, 0x2B, 0x86, 0x07, 0x2A, 0x84, 0x07, 0x28, 0x83, 
        0x07, 0x2A, 0x84, 0x07, 0x2C, 0x85, 0x07, 0x2B, 0x88, 0x06, 0x2B, 0x89, 0x07, 0x2F, 0x8D, 0x07, 0x32, 0x91, 0x07, 0x31, 0x92, 0x07, 0x30, 0x92, 0x07, 0x2F, 0x90, 0x07, 0x2F, 0x91, 0x07, 0x2F, 0x90, 0x05, 0x2D, 0x8D, 0x05, 0x2C, 0x8D, 
        0x05, 0x2C, 0x8B, 0x05, 0x2C, 0x8B, 0x06, 0x2C, 0x89, 0x06, 0x2A, 0x85, 0x05, 0x26, 0x80, 0x05, 0x25, 0x7C, 0x05, 0x25, 0x7C, 0x05, 0x23, 0x79, 0x05, 0x23, 0x79, 0x05, 0x23, 0x79, 0x05, 0x23, 0x78, 0x05, 0x23, 0x79, 0x05, 0x23, 0x79, 
        0x05, 0x25, 0x7B, 0x05, 0x23, 0x7B, 0x05, 0x23, 0x7A, 0x05, 0x25, 0x7C, 0x05, 0x27, 0x7F, 0x07, 0x2D, 0x84, 0x0B, 0x35, 0x8F, 0x14, 0x48, 0xA5, 0x1C, 0x58, 0xB5, 0x1E, 0x5E, 0xB9, 0x1C, 0x5B, 0xBA, 0x15, 0x50, 0xB2, 0x10, 0x46, 0xAA, 
        0x12, 0x49, 0xAD, 0x15, 0x4F, 0xB4, 0x17, 0x54, 0xB8, 0x19, 0x5B, 0xBB, 0x18, 0x59, 0xBA, 0x14, 0x51, 0xB3, 0x11, 0x4B, 0xAF, 0x18, 0x51, 0xB1, 0x4F, 0x7A, 0xC4, 0x7F, 0x9E, 0xD3, 0xA1, 0xB8, 0xDF, 0xB4, 0xCA, 0xE9, 0xB5, 0xCB, 0xE9, 
        0xA5, 0xBE, 0xE4, 0x83, 0xA3, 0xD8, 0x4D, 0x77, 0xC1, 0x17, 0x4F, 0xB2, 0x14, 0x51, 0xB5, 0x12, 0x4D, 0xB2, 0x11, 0x49, 0xAE, 0x11, 0x49, 0xAE, 0x10, 0x49, 0xAE, 0x0F, 0x47, 0xAC, 0x0F, 0x47, 0xAB, 0x0F, 0x47, 0xAB, 0x0F, 0x47, 0xAD, 
        0x0E, 0x46, 0xAD, 0x0E, 0x45, 0xAC, 0x0F, 0x46, 0xAD, 0x0E, 0x44, 0xAA, 0x0E, 0x45, 0xAC, 0x0E, 0x44, 0xAB, 0x0E, 0x44, 0xA9, 0x0E, 0x44, 0xAB, 0x0D, 0x44, 0xAA, 0x0C, 0x43, 0xA8, 0x0D, 0x44, 0xAA, 0x0D, 0x43, 0xAA, 0x0B, 0x40, 0xA6, 
        0x0B, 0x40, 0xA6, 0x0B, 0x40, 0xA6, 0x0B, 0x3F, 0xA4, 0x0B, 0x3E, 0xA4, 0x0A, 0x3E, 0xA3, 0x0A, 0x3E, 0xA3, 0x0A, 0x3C, 0xA1, 0x0A, 0x3B, 0xA0, 0x0A, 0x3B, 0x9F, 0x0A, 0x3B, 0x9F, 0x09, 0x3B, 0x9F, 0x09, 0x3B, 0xA0, 0x08, 0x3B, 0x9E, 
        0x08, 0x3A, 0x9F, 0x08, 0x3B, 0xA0, 0x09, 0x3C, 0xA1, 0x09, 0x3C, 0xA1, 0x09, 0x3B, 0xA0, 0x09, 0x3C, 0xA0, 0x09, 0x3E, 0xA3, 0x09, 0x3D, 0xA3, 0x09, 0x3E, 0xA4, 0x0A, 0x3F, 0xA5, 0x0A, 0x40, 0xA7, 0x0B, 0x40, 0xA9, 0x0B, 0x42, 0xAA, 
        0x0B, 0x43, 0xAB, 0x0C, 0x45, 0xAC, 0x0D, 0x46, 0xAF, 0x0C, 0x46, 0xAF, 0x0B, 0x44, 0xAE, 0x0B, 0x44, 0xAD, 0x0C, 0x44, 0xAE, 0x0A, 0x41, 0xAC, 0x09, 0x40, 0xAA, 0x09, 0x3E, 0xA9, 0x07, 0x39, 0xA5, 0x0A, 0x43, 0xAD, 0x0B, 0x46, 0xB0, 
        0x06, 0x36, 0xA2, 0x04, 0x2D, 0x96, 0x02, 0x27, 0x8B, 0x02, 0x26, 0x86, 0x02, 0x25, 0x83, 0x02, 0x26, 0x83, 0x02, 0x22, 0x7E, 0x02, 0x1F, 0x78, 0x02, 0x1C, 0x73, 0x02, 0x1B, 0x6E, 0x02, 0x19, 0x6A, 0x02, 0x17, 0x67, 0x02, 0x16, 0x67, 
        0x02, 0x15, 0x66, 0x02, 0x15, 0x64, 0x08, 0x26, 0x6E,
  0x51, 0x87, 0xD1, 0x29, 0x68, 0xC5, 0x36, 0x7F, 0xD1, 0x4A, 0x91, 0xD8, 0x3C, 0x84, 0xD3, 0x38, 0x81, 0xD2, 0x2E, 0x72, 0xCD, 0x28, 0x68, 0xC9, 0x29, 0x69, 0xC7, 0x24, 0x62, 0xC2, 0x1D, 0x56, 0xB9, 0x17, 0x4D, 0xB2, 0x15, 0x49, 0xAC, 0x13, 0x47, 0xAA, 
        0x11, 0x43, 0xA7, 0x0E, 0x3F, 0xA0, 0x0C, 0x39, 0x9B, 0x09, 0x33, 0x95, 0x09, 0x32, 0x92, 0x09, 0x32, 0x92, 0x08, 0x30, 0x8F, 0x07, 0x30, 0x8D, 0x07, 0x2E, 0x8C, 0x07, 0x2D, 0x89, 0x07, 0x2B, 0x88, 0x07, 0x2A, 0x84, 0x07, 0x2B, 0x86, 
        0x07, 0x28, 0x82, 0x07, 0x2A, 0x86, 0x08, 0x2F, 0x8D, 0x07, 0x31, 0x91, 0x08, 0x34, 0x96, 0x08, 0x32, 0x94, 0x07, 0x31, 0x91, 0x07, 0x30, 0x92, 0x06, 0x2E, 0x8F, 0x07, 0x30, 0x91, 0x07, 0x2F, 0x90, 0x06, 0x2D, 0x8D, 0x06, 0x2E, 0x8D, 
        0x05, 0x2E, 0x91, 0x06, 0x2D, 0x8E, 0x07, 0x2B, 0x87, 0x06, 0x27, 0x80, 0x05, 0x25, 0x7C, 0x05, 0x25, 0x7C, 0x05, 0x24, 0x7C, 0x05, 0x24, 0x7C, 0x05, 0x24, 0x7A, 0x05, 0x23, 0x7A, 0x05, 0x23, 0x7A, 0x05, 0x23, 0x7A, 0x05, 0x24, 0x79, 
        0x05, 0x24, 0x7B, 0x05, 0x24, 0x7A, 0x05, 0x25, 0x7C, 0x05, 0x26, 0x7D, 0x05, 0x26, 0x7D, 0x07, 0x2A, 0x82, 0x07, 0x2D, 0x86, 0x0E, 0x3C, 0x98, 0x10, 0x41, 0xA0, 0x0B, 0x39, 0x98, 0x0F, 0x43, 0xA4, 0x14, 0x4D, 0xAF, 0x16, 0x52, 0xB5, 
        0x15, 0x51, 0xB5, 0x13, 0x4C, 0xB0, 0x16, 0x53, 0xB6, 0x23, 0x6B, 0xC3, 0x1F, 0x64, 0xC1, 0x12, 0x4E, 0xB0, 0x4F, 0x7C, 0xC4, 0xA8, 0xBF, 0xE4, 0xB8, 0xCA, 0xE8, 0xB8, 0xC9, 0xE7, 0xB8, 0xC9, 0xE6, 0xB9, 0xCC, 0xE9, 0xBA, 0xCE, 0xEA, 
        0xC2, 0xDB, 0xF1, 0xBC, 0xD2, 0xED, 0xB7, 0xC8, 0xE6, 0xA7, 0xBD, 0xE2, 0x4B, 0x78, 0xC4, 0x10, 0x49, 0xAD, 0x11, 0x4A, 0xAF, 0x11, 0x4B, 0xAF, 0x11, 0x49, 0xAE, 0x0F, 0x49, 0xAE, 0x0F, 0x48, 0xAE, 0x10, 0x48, 0xAD, 0x10, 0x49, 0xAE, 
        0x0F, 0x48, 0xAE, 0x0F, 0x47, 0xAD, 0x0F, 0x47, 0xAD, 0x0E, 0x44, 0xAA, 0x0F, 0x46, 0xAC, 0x0D, 0x43, 0xAA, 0x0E, 0x44, 0xAB, 0x0D, 0x42, 0xA8, 0x0C, 0x41, 0xA6, 0x0C, 0x42, 0xA7, 0x0C, 0x41, 0xA7, 0x0C, 0x41, 0xA7, 0x0B, 0x41, 0xA5, 
        0x0B, 0x40, 0xA4, 0x0B, 0x40, 0xA4, 0x0B, 0x40, 0xA4, 0x0B, 0x3E, 0xA3, 0x0A, 0x3E, 0xA1, 0x0A, 0x3D, 0xA0, 0x0A, 0x3D, 0xA1, 0x0A, 0x3C, 0xA1, 0x0A, 0x3B, 0xA0, 0x0A, 0x3B, 0x9F, 0x0A, 0x3B, 0x9F, 0x09, 0x3B, 0x9F, 0x09, 0x3B, 0xA0, 
        0x08, 0x3B, 0xA0, 0x09, 0x3A, 0xA0, 0x09, 0x3B, 0xA0, 0x09, 0x3B, 0xA1, 0x09, 0x3C, 0xA3, 0x09, 0x3C, 0xA0, 0x09, 0x3D, 0xA0, 0x09, 0x3D, 0xA0, 0x09, 0x3D, 0xA3, 0x09, 0x3E, 0xA4, 0x0A, 0x3F, 0xA5, 0x0A, 0x40, 0xA7, 0x0B, 0x3F, 0xA9, 
        0x0C, 0x42, 0xAA, 0x0C, 0x44, 0xAC, 0x0D, 0x46, 0xAE, 0x0C, 0x45, 0xAF, 0x0C, 0x45, 0xAF, 0x0C, 0x45, 0xAF, 0x0C, 0x45, 0xAE, 0x0B, 0x41, 0xAD, 0x09, 0x40, 0xAB, 0x09, 0x40, 0xAA, 0x08, 0x3C, 0xA8, 0x08, 0x3D, 0xA8, 0x08, 0x3A, 0xA6, 
        0x04, 0x2D, 0x96, 0x04, 0x31, 0x9B, 0x13, 0x5B, 0xBB, 0x17, 0x66, 0xC0, 0x04, 0x30, 0x94, 0x02, 0x23, 0x81, 0x02, 0x22, 0x7E, 0x02, 0x20, 0x7A, 0x02, 0x1E, 0x77, 0x02, 0x1C, 0x72, 0x02, 0x1A, 0x6E, 0x02, 0x19, 0x6A, 0x02, 0x17, 0x69, 
        0x02, 0x16, 0x67, 0x02, 0x15, 0x64, 0x08, 0x26, 0x6F,
  0x54, 0x89, 0xD2, 0x2C, 0x6E, 0xC9, 0x29, 0x6C, 0xC7, 0x38, 0x7F, 0xD0, 0x4F, 0x93, 0xDA, 0x49, 0x8E, 0xD8, 0x38, 0x7F, 0xD3, 0x38, 0x7E, 0xD3, 0x34, 0x78, 0xCF, 0x2B, 0x6C, 0xC8, 0x23, 0x5E, 0xC0, 0x1E, 0x55, 0xB8, 0x1A, 0x51, 0xB4, 0x18, 0x4E, 0xB1, 
        0x16, 0x4C, 0xAE, 0x13, 0x47, 0xA9, 0x0F, 0x3F, 0xA2, 0x0C, 0x39, 0x9B, 0x0B, 0x35, 0x95, 0x0A, 0x33, 0x93, 0x09, 0x30, 0x90, 0x07, 0x31, 0x8D, 0x07, 0x30, 0x8C, 0x07, 0x2D, 0x8A, 0x07, 0x2D, 0x88, 0x08, 0x2E, 0x8A, 0x09, 0x2E, 0x89, 
        0x09, 0x2E, 0x88, 0x0B, 0x31, 0x8D, 0x09, 0x34, 0x95, 0x07, 0x35, 0x97, 0x08, 0x37, 0x9B, 0x07, 0x33, 0x95, 0x07, 0x31, 0x91, 0x06, 0x2F, 0x8E, 0x06, 0x2B, 0x8C, 0x07, 0x30, 0x91, 0x07, 0x30, 0x92, 0x06, 0x2B, 0x8C, 0x06, 0x2B, 0x8C, 
        0x05, 0x2F, 0x92, 0x06, 0x2E, 0x92, 0x07, 0x2A, 0x85, 0x06, 0x25, 0x7C, 0x06, 0x25, 0x7C, 0x05, 0x25, 0x7E, 0x05, 0x24, 0x7E, 0x05, 0x25, 0x7C, 0x05, 0x24, 0x7C, 0x05, 0x24, 0x7A, 0x05, 0x23, 0x7A, 0x05, 0x25, 0x7B, 0x05, 0x25, 0x7C, 
        0x06, 0x24, 0x7B, 0x05, 0x24, 0x79, 0x06, 0x27, 0x7E, 0x05, 0x28, 0x80, 0x05, 0x24, 0x7A, 0x05, 0x2A, 0x80, 0x07, 0x2C, 0x86, 0x09, 0x2E, 0x8A, 0x0B, 0x37, 0x93, 0x19, 0x54, 0xB3, 0x1C, 0x5E, 0xBB, 0x15, 0x51, 0xB2, 0x14, 0x4E, 0xB2, 
        0x14, 0x4D, 0xB2, 0x13, 0x4D, 0xB2, 0x15, 0x50, 0xB4, 0x1A, 0x5A, 0xBB, 0x1A, 0x5A, 0xB9, 0x75, 0x97, 0xD2, 0xB8, 0xCA, 0xE7, 0xB8, 0xCA, 0xE7, 0xA5, 0xBC, 0xE2, 0x66, 0x8C, 0xCD, 0x39, 0x69, 0xBC, 0x22, 0x57, 0xB2, 0x1F, 0x57, 0xB4, 
        0x3E, 0x7A, 0xC8, 0x64, 0x8E, 0xCF, 0xA7, 0xBC, 0xE1, 0xB8, 0xC9, 0xE7, 0xB8, 0xC9, 0xE7, 0x73, 0xA1, 0xD9, 0x17, 0x5A, 0xBA, 0x10, 0x49, 0xAD, 0x11, 0x4A, 0xAF, 0x10, 0x49, 0xAE, 0x10, 0x49, 0xAE, 0x10, 0x49, 0xAF, 0x10, 0x4B, 0xAE, 
        0x10, 0x49, 0xB0, 0x10, 0x48, 0xB0, 0x0F, 0x48, 0xAE, 0x0F, 0x48, 0xAD, 0x13, 0x50, 0xB4, 0x0F, 0x47, 0xAD, 0x18, 0x5C, 0xBB, 0x13, 0x4F, 0xB3, 0x0D, 0x43, 0xA9, 0x0D, 0x42, 0xA8, 0x0B, 0x41, 0xA5, 0x0D, 0x43, 0xA8, 0x0D, 0x44, 0xA8, 
        0x0B, 0x42, 0xA5, 0x0B, 0x40, 0xA4, 0x0B, 0x40, 0xA4, 0x0B, 0x3F, 0xA3, 0x0A, 0x3E, 0xA1, 0x0A, 0x3D, 0xA0, 0x0A, 0x3D, 0xA1, 0x0A, 0x3D, 0xA1, 0x0A, 0x3C, 0xA1, 0x0A, 0x3C, 0xA1, 0x0A, 0x3B, 0x9F, 0x0A, 0x3B, 0x9F, 0x09, 0x3B, 0xA1, 
        0x09, 0x3B, 0xA2, 0x09, 0x3B, 0xA0, 0x09, 0x3A, 0xA0, 0x09, 0x3A, 0xA1, 0x09, 0x3C, 0xA3, 0x09, 0x3C, 0xA3, 0x09, 0x3D, 0x9F, 0x09, 0x3D, 0xA0, 0x09, 0x3D, 0xA0, 0x09, 0x3D, 0xA3, 0x09, 0x3E, 0xA4, 0x09, 0x3F, 0xA5, 0x0B, 0x40, 0xA9, 
        0x0C, 0x42, 0xAA, 0x0C, 0x43, 0xAC, 0x0C, 0x44, 0xAD, 0x0D, 0x45, 0xAF, 0x0C, 0x45, 0xAF, 0x0C, 0x44, 0xAE, 0x0B, 0x42, 0xAE, 0x0B, 0x42, 0xAC, 0x0B, 0x42, 0xAD, 0x09, 0x41, 0xAB, 0x09, 0x3E, 0xAA, 0x07, 0x3A, 0xA5, 0x06, 0x35, 0xA0, 
        0x04, 0x31, 0x9B, 0x14, 0x5E, 0xBE, 0x46, 0x9F, 0xD8, 0x3D, 0x99, 0xD8, 0x08, 0x3C, 0xA6, 0x02, 0x25, 0x83, 0x02, 0x23, 0x7F, 0x02, 0x21, 0x7B, 0x02, 0x21, 0x7A, 0x02, 0x1E, 0x76, 0x02, 0x1B, 0x70, 0x02, 0x1A, 0x6D, 0x02, 0x19, 0x6A, 
        0x02, 0x17, 0x69, 0x02, 0x16, 0x67, 0x08, 0x26, 0x71,
  0x55, 0x8A, 0xD3, 0x32, 0x75, 0xCA, 0x2A, 0x6C, 0xC7, 0x2C, 0x6F, 0xCA, 0x51, 0x96, 0xDB, 0x5B, 0x9D, 0xDE, 0x50, 0x93, 0xDB, 0x3F, 0x86, 0xD6, 0x37, 0x7B, 0xCF, 0x32, 0x75, 0xCC, 0x2D, 0x6D, 0xC8, 0x27, 0x65, 0xC3, 0x21, 0x5B, 0xBD, 0x1A, 0x4F, 0xB4, 
        0x18, 0x4E, 0xB0, 0x15, 0x4B, 0xAA, 0x10, 0x41, 0xA2, 0x0E, 0x3D, 0x9E, 0x0D, 0x3A, 0x9B, 0x0B, 0x36, 0x95, 0x0A, 0x35, 0x94, 0x09, 0x33, 0x90, 0x07, 0x2D, 0x8B, 0x07, 0x2D, 0x8A, 0x07, 0x2D, 0x88, 0x07, 0x2D, 0x87, 0x0A, 0x31, 0x8C, 
        0x0D, 0x37, 0x92, 0x0E, 0x3B, 0x99, 0x0A, 0x37, 0x98, 0x07, 0x33, 0x97, 0x07, 0x33, 0x96, 0x06, 0x31, 0x94, 0x08, 0x31, 0x92, 0x07, 0x31, 0x92, 0x06, 0x2E, 0x8E, 0x08, 0x31, 0x92, 0x08, 0x32, 0x93, 0x07, 0x2F, 0x90, 0x06, 0x2E, 0x8F, 
        0x07, 0x2F, 0x91, 0x06, 0x2D, 0x8D, 0x06, 0x27, 0x84, 0x06, 0x25, 0x7D, 0x07, 0x26, 0x7D, 0x06, 0x26, 0x7F, 0x05, 0x25, 0x7E, 0x05, 0x25, 0x7C, 0x05, 0x24, 0x7C, 0x05, 0x24, 0x7C, 0x05, 0x24, 0x7A, 0x05, 0x25, 0x7B, 0x05, 0x25, 0x7B, 
        0x06, 0x26, 0x7D, 0x06, 0x25, 0x7B, 0x05, 0x25, 0x7C, 0x05, 0x27, 0x7F, 0x05, 0x26, 0x80, 0x05, 0x2A, 0x80, 0x0A, 0x34, 0x8E, 0x0A, 0x32, 0x90, 0x13, 0x47, 0xA5, 0x1E, 0x5F, 0xBB, 0x18, 0x55, 0xB6, 0x14, 0x4F, 0xB2, 0x16, 0x52, 0xB5, 
        0x16, 0x52, 0xB7, 0x15, 0x50, 0xB5, 0x15, 0x51, 0xB5, 0x13, 0x4C, 0xB1, 0x6A, 0x8E, 0xCD, 0xB9, 0xCB, 0xE9, 0xB8, 0xCB, 0xE9, 0x69, 0x90, 0xCF, 0x17, 0x52, 0xB4, 0x12, 0x4D, 0xB2, 0x12, 0x4D, 0xAF, 0x12, 0x4D, 0xB1, 0x12, 0x4E, 0xB2, 
        0x10, 0x4A, 0xAE, 0x10, 0x4A, 0xAE, 0x19, 0x55, 0xB3, 0x74, 0x96, 0xD1, 0xB8, 0xCA, 0xE8, 0xC0, 0xD8, 0xF0, 0x63, 0x93, 0xD3, 0x0F, 0x46, 0xAC, 0x11, 0x4C, 0xB0, 0x11, 0x4A, 0xAF, 0x11, 0x4A, 0xAE, 0x11, 0x4B, 0xAF, 0x10, 0x49, 0xAF, 
        0x11, 0x4B, 0xB0, 0x11, 0x4C, 0xB2, 0x10, 0x4B, 0xB2, 0x11, 0x4D, 0xB2, 0x16, 0x57, 0xB7, 0x12, 0x4D, 0xB2, 0x15, 0x53, 0xB7, 0x10, 0x4A, 0xB1, 0x0E, 0x45, 0xAB, 0x0F, 0x47, 0xAE, 0x0E, 0x43, 0xAB, 0x0C, 0x41, 0xA8, 0x0C, 0x41, 0xA7, 
        0x0B, 0x42, 0xA5, 0x0B, 0x41, 0xA5, 0x0B, 0x40, 0xA4, 0x0B, 0x3F, 0xA3, 0x0A, 0x3F, 0xA2, 0x0A, 0x3E, 0xA1, 0x0A, 0x3E, 0xA3, 0x0A, 0x3E, 0xA2, 0x0A, 0x3E, 0xA1, 0x0A, 0x3C, 0xA1, 0x0A, 0x3C, 0xA0, 0x0A, 0x3B, 0x9F, 0x0A, 0x3B, 0xA0, 
        0x09, 0x3C, 0xA1, 0x09, 0x3B, 0x9F, 0x08, 0x3A, 0x9E, 0x09, 0x3A, 0xA0, 0x0A, 0x3B, 0xA1, 0x09, 0x3C, 0xA3, 0x09, 0x3E, 0xA0, 0x09, 0x3D, 0xA0, 0x09, 0x3D, 0xA2, 0x09, 0x3E, 0xA3, 0x09, 0x3E, 0xA3, 0x09, 0x3E, 0xA4, 0x0B, 0x40, 0xA9, 
        0x0B, 0x40, 0xAA, 0x0C, 0x42, 0xAC, 0x0D, 0x45, 0xAF, 0x0D, 0x46, 0xAF, 0x0D, 0x46, 0xAF, 0x0C, 0x45, 0xAF, 0x0C, 0x44, 0xAF, 0x0C, 0x46, 0xB0, 0x0B, 0x43, 0xAD, 0x0A, 0x40, 0xAA, 0x0A, 0x41, 0xAB, 0x09, 0x3E, 0xAA, 0x06, 0x35, 0xA0, 
        0x09, 0x3D, 0xAA, 0x2E, 0x87, 0xD2, 0x4C, 0xA4, 0xD8, 0x31, 0x8E, 0xD5, 0x07, 0x3D, 0xA7, 0x02, 0x26, 0x87, 0x02, 0x28, 0x87, 0x03, 0x27, 0x86, 0x02, 0x22, 0x7E, 0x02, 0x21, 0x79, 0x02, 0x1D, 0x74, 0x02, 0x1A, 0x70, 0x02, 0x19, 0x6C, 
        0x02, 0x18, 0x69, 0x02, 0x17, 0x67, 0x08, 0x27, 0x71,
  0x55, 0x8A, 0xD3, 0x2D, 0x6F, 0xC8, 0x2D, 0x6E, 0xC9, 0x2A, 0x6B, 0xC7, 0x2A, 0x6B, 0xC5, 0x4A, 0x8F, 0xD7, 0x6B, 0xA9, 0xE2, 0x55, 0x97, 0xDA, 0x45, 0x89, 0xD4, 0x3A, 0x7E, 0xD0, 0x34, 0x78, 0xCE, 0x26, 0x62, 0xC0, 0x23, 0x5C, 0xBD, 0x20, 0x58, 0xBB, 
        0x1E, 0x56, 0xB7, 0x17, 0x4C, 0xAA, 0x11, 0x40, 0xA0, 0x10, 0x3F, 0xA0, 0x0D, 0x39, 0x99, 0x0A, 0x35, 0x96, 0x09, 0x33, 0x92, 0x0C, 0x34, 0x92, 0x09, 0x2E, 0x8B, 0x09, 0x2E, 0x8C, 0x09, 0x33, 0x8F, 0x08, 0x2E, 0x8A, 0x0F, 0x3E, 0x98, 
        0x0E, 0x3F, 0xA0, 0x08, 0x36, 0x9C, 0x08, 0x35, 0x99, 0x08, 0x33, 0x95, 0x07, 0x31, 0x94, 0x07, 0x31, 0x92, 0x08, 0x32, 0x94, 0x08, 0x33, 0x96, 0x06, 0x30, 0x94, 0x06, 0x2F, 0x90, 0x07, 0x30, 0x91, 0x07, 0x31, 0x91, 0x07, 0x31, 0x91, 
        0x08, 0x2F, 0x8B, 0x08, 0x2A, 0x85, 0x05, 0x27, 0x83, 0x06, 0x29, 0x83, 0x05, 0x26, 0x7F, 0x05, 0x24, 0x7C, 0x05, 0x24, 0x7C, 0x05, 0x24, 0x7C, 0x05, 0x25, 0x7C, 0x05, 0x25, 0x7C, 0x05, 0x25, 0x7C, 0x05, 0x25, 0x7C, 0x05, 0x25, 0x7C, 
        0x05, 0x27, 0x7D, 0x05, 0x28, 0x7F, 0x05, 0x25, 0x7E, 0x05, 0x26, 0x7F, 0x05, 0x2A, 0x83, 0x05, 0x29, 0x83, 0x0B, 0x32, 0x8F, 0x0E, 0x3A, 0x99, 0x24, 0x68, 0xC1, 0x20, 0x62, 0xBE, 0x15, 0x4F, 0xB3, 0x17, 0x54, 0xB6, 0x16, 0x51, 0xB3, 
        0x16, 0x53, 0xB4, 0x16, 0x52, 0xB5, 0x16, 0x51, 0xB4, 0x33, 0x68, 0xBE, 0xB7, 0xC9, 0xE8, 0xB9, 0xCB, 0xE8, 0x62, 0x8A, 0xCC, 0x14, 0x51, 0xB4, 0x13, 0x4E, 0xB2, 0x12, 0x4C, 0xAF, 0x26, 0x5B, 0xB6, 0x6B, 0x90, 0xCE, 0x6A, 0x90, 0xCE, 
        0x26, 0x5E, 0xB9, 0x14, 0x50, 0xB2, 0x11, 0x4C, 0xAD, 0x13, 0x50, 0xB3, 0x6D, 0x91, 0xD0, 0xB8, 0xC9, 0xE8, 0xB4, 0xC7, 0xE7, 0x2B, 0x63, 0xBF, 0x12, 0x4E, 0xB4, 0x12, 0x4E, 0xB0, 0x12, 0x4D, 0xAE, 0x12, 0x4F, 0xAF, 0x11, 0x4D, 0xAE, 
        0x11, 0x4C, 0xB3, 0x12, 0x4D, 0xB2, 0x13, 0x50, 0xB3, 0x13, 0x50, 0xB5, 0x12, 0x4E, 0xB3, 0x13, 0x4F, 0xB2, 0x11, 0x4A, 0xB2, 0x11, 0x4A, 0xB2, 0x10, 0x4A, 0xB1, 0x0F, 0x46, 0xAE, 0x0E, 0x44, 0xAB, 0x0E, 0x42, 0xA9, 0x0C, 0x42, 0xA5, 
        0x0B, 0x40, 0xA4, 0x0C, 0x41, 0xA5, 0x0C, 0x41, 0xA5, 0x0B, 0x3F, 0xA4, 0x0B, 0x3F, 0xA3, 0x0B, 0x3F, 0xA3, 0x0B, 0x3F, 0xA4, 0x0A, 0x3E, 0xA2, 0x0A, 0x3D, 0xA0, 0x0A, 0x3E, 0xA0, 0x0A, 0x3D, 0xA0, 0x0A, 0x3B, 0x9F, 0x0A, 0x3B, 0x9C, 
        0x0A, 0x3C, 0x9C, 0x09, 0x3B, 0x9C, 0x09, 0x3B, 0x9E, 0x09, 0x3B, 0x9E, 0x09, 0x3B, 0xA0, 0x0A, 0x3B, 0xA0, 0x09, 0x3C, 0xA3, 0x09, 0x3C, 0xA3, 0x09, 0x3D, 0xA3, 0x0A, 0x3E, 0xA4, 0x0A, 0x3F, 0xA5, 0x0A, 0x3F, 0xA5, 0x09, 0x3E, 0xA4, 
        0x0A, 0x41, 0xA9, 0x0B, 0x43, 0xAA, 0x0C, 0x45, 0xAD, 0x0D, 0x47, 0xB0, 0x0C, 0x46, 0xAE, 0x0D, 0x49, 0xB2, 0x0D, 0x47, 0xB1, 0x0C, 0x45, 0xAF, 0x0C, 0x42, 0xAE, 0x0B, 0x41, 0xAB, 0x0A, 0x3E, 0xAA, 0x09, 0x3D, 0xAA, 0x07, 0x39, 0xA5, 
        0x0E, 0x4E, 0xB5, 0x37, 0x92, 0xD9, 0x4A, 0xA3, 0xD8, 0x2C, 0x87, 0xD2, 0x06, 0x36, 0xA1, 0x02, 0x25, 0x86, 0x03, 0x2E, 0x91, 0x04, 0x30, 0x94, 0x02, 0x24, 0x81, 0x02, 0x21, 0x7E, 0x02, 0x21, 0x7B, 0x02, 0x1D, 0x76, 0x02, 0x19, 0x6B, 
        0x02, 0x19, 0x6C, 0x02, 0x18, 0x6A, 0x08, 0x26, 0x70,
  0x55, 0x8A, 0xD3, 0x2F, 0x70, 0xCA, 0x2F, 0x72, 0xCB, 0x2E, 0x6F, 0xC9, 0x2A, 0x69, 0xC5, 0x2A, 0x69, 0xC5, 0x37, 0x7D, 0xCF, 0x51, 0x93, 0xD8, 0x65, 0xA2, 0xE0, 0x55, 0x97, 0xDB, 0x46, 0x8A, 0xD6, 0x2B, 0x6A, 0xC8, 0x28, 0x65, 0xC3, 0x2D, 0x6C, 0xC8, 
        0x21, 0x59, 0xBA, 0x1B, 0x4F, 0xAF, 0x15, 0x45, 0xA6, 0x13, 0x43, 0xA3, 0x11, 0x3F, 0xA0, 0x0E, 0x3B, 0x9D, 0x0B, 0x34, 0x94, 0x09, 0x2F, 0x8D, 0x0B, 0x34, 0x92, 0x0C, 0x36, 0x95, 0x0E, 0x3B, 0x9E, 0x0D, 0x3B, 0x9D, 0x0F, 0x3E, 0xA2, 
        0x0C, 0x3B, 0xA0, 0x09, 0x35, 0x9B, 0x0A, 0x36, 0x9A, 0x0A, 0x36, 0x9A, 0x0A, 0x35, 0x99, 0x09, 0x35, 0x97, 0x09, 0x34, 0x96, 0x08, 0x32, 0x96, 0x08, 0x33, 0x97, 0x08, 0x32, 0x95, 0x07, 0x31, 0x90, 0x07, 0x30, 0x8F, 0x07, 0x31, 0x92, 
        0x08, 0x2F, 0x8C, 0x07, 0x28, 0x83, 0x06, 0x27, 0x81, 0x05, 0x28, 0x81, 0x05, 0x26, 0x81, 0x05, 0x25, 0x7D, 0x05, 0x25, 0x7D, 0x05, 0x25, 0x7D, 0x05, 0x26, 0x7C, 0x05, 0x26, 0x7C, 0x05, 0x25, 0x7E, 0x05, 0x27, 0x7E, 0x05, 0x27, 0x7C, 
        0x05, 0x27, 0x7D, 0x06, 0x29, 0x81, 0x06, 0x2C, 0x84, 0x05, 0x27, 0x81, 0x07, 0x2C, 0x86, 0x09, 0x33, 0x8F, 0x10, 0x3E, 0x9C, 0x1A, 0x53, 0xB1, 0x17, 0x51, 0xB1, 0x16, 0x52, 0xB4, 0x17, 0x55, 0xB8, 0x18, 0x56, 0xB8, 0x17, 0x52, 0xB5, 
        0x16, 0x52, 0xB5, 0x16, 0x53, 0xB5, 0x16, 0x51, 0xB4, 0x7B, 0x9C, 0xD4, 0xB9, 0xCB, 0xE9, 0x9B, 0xB4, 0xDE, 0x15, 0x51, 0xB3, 0x14, 0x50, 0xB3, 0x13, 0x4F, 0xB3, 0x13, 0x4F, 0xB2, 0x3A, 0x6B, 0xBF, 0xB9, 0xCA, 0xE8, 0xB9, 0xCA, 0xE8, 
        0x3B, 0x6D, 0xBF, 0x12, 0x4E, 0xB1, 0x14, 0x50, 0xB2, 0x14, 0x50, 0xB3, 0x15, 0x4F, 0xB1, 0xA0, 0xBB, 0xE2, 0xBD, 0xD3, 0xEE, 0x75, 0xA1, 0xDA, 0x13, 0x50, 0xB5, 0x11, 0x4B, 0xB0, 0x12, 0x4E, 0xB2, 0x12, 0x4D, 0xAF, 0x14, 0x50, 0xB3, 
        0x13, 0x50, 0xB4, 0x12, 0x4F, 0xB4, 0x14, 0x54, 0xB6, 0x16, 0x56, 0xB8, 0x14, 0x53, 0xB6, 0x14, 0x53, 0xB6, 0x13, 0x50, 0xB5, 0x12, 0x4E, 0xB4, 0x11, 0x4C, 0xB2, 0x10, 0x49, 0xB1, 0x0F, 0x47, 0xAE, 0x0F, 0x47, 0xAE, 0x0E, 0x44, 0xAB, 
        0x0C, 0x42, 0xA5, 0x0C, 0x41, 0xA5, 0x0C, 0x41, 0xA5, 0x0C, 0x41, 0xA5, 0x0B, 0x3F, 0xA4, 0x0B, 0x3F, 0xA3, 0x0B, 0x40, 0xA4, 0x0A, 0x3E, 0xA3, 0x0A, 0x3E, 0xA2, 0x0A, 0x3E, 0xA1, 0x0A, 0x3E, 0xA1, 0x0A, 0x3C, 0xA0, 0x0A, 0x3B, 0x9F, 
        0x0A, 0x3B, 0x9C, 0x0A, 0x3B, 0x9C, 0x09, 0x3B, 0x9E, 0x09, 0x3B, 0x9F, 0x0A, 0x3C, 0xA0, 0x0A, 0x3C, 0xA1, 0x09, 0x3C, 0xA3, 0x09, 0x3E, 0xA3, 0x09, 0x3E, 0xA4, 0x0A, 0x3E, 0xA4, 0x0A, 0x3F, 0xA5, 0x0A, 0x3F, 0xA5, 0x0B, 0x43, 0xAA, 
        0x11, 0x53, 0xB4, 0x0F, 0x4D, 0xB2, 0x0C, 0x44, 0xAC, 0x0C, 0x45, 0xAF, 0x0C, 0x45, 0xAD, 0x0D, 0x49, 0xB0, 0x0D, 0x49, 0xB2, 0x0D, 0x46, 0xB0, 0x0C, 0x44, 0xAF, 0x0B, 0x41, 0xAC, 0x0A, 0x3F, 0xAA, 0x0A, 0x3D, 0xAA, 0x09, 0x3D, 0xA9, 
        0x08, 0x3D, 0xA8, 0x11, 0x55, 0xB9, 0x16, 0x62, 0xC0, 0x0B, 0x46, 0xAE, 0x04, 0x2D, 0x95, 0x03, 0x2C, 0x91, 0x02, 0x2A, 0x8B, 0x02, 0x27, 0x8A, 0x02, 0x24, 0x83, 0x02, 0x22, 0x7E, 0x02, 0x20, 0x7B, 0x03, 0x22, 0x7B, 0x02, 0x1C, 0x73, 
        0x02, 0x1C, 0x72, 0x02, 0x16, 0x69, 0x08, 0x28, 0x75,
  0x55, 0x8A, 0xD3, 0x2F, 0x70, 0xCA, 0x2F, 0x70, 0xCA, 0x2F, 0x72, 0xCA, 0x2F, 0x71, 0xC9, 0x2B, 0x6B, 0xC5, 0x29, 0x68, 0xC4, 0x2C, 0x6E, 0xC7, 0x34, 0x77, 0xCC, 0x38, 0x7E, 0xCF, 0x38, 0x7F, 0xCF, 0x3B, 0x81, 0xD1, 0x42, 0x87, 0xD3, 0x3B, 0x81, 0xD1, 
        0x2B, 0x68, 0xC3, 0x25, 0x59, 0xBA, 0x20, 0x55, 0xB5, 0x18, 0x4B, 0xAB, 0x14, 0x43, 0xA5, 0x11, 0x3E, 0xA0, 0x0D, 0x36, 0x99, 0x0C, 0x36, 0x96, 0x0E, 0x3C, 0x9C, 0x0F, 0x3E, 0xA1, 0x10, 0x40, 0xA6, 0x10, 0x40, 0xAB, 0x0E, 0x3B, 0xA8, 
        0x0C, 0x39, 0xA2, 0x0D, 0x3E, 0xA2, 0x0C, 0x3A, 0xA0, 0x0B, 0x38, 0x9C, 0x0A, 0x38, 0x9A, 0x0A, 0x37, 0x99, 0x0A, 0x37, 0x99, 0x0A, 0x37, 0x99, 0x09, 0x36, 0x99, 0x08, 0x33, 0x96, 0x07, 0x31, 0x94, 0x07, 0x31, 0x90, 0x06, 0x2F, 0x8F, 
        0x06, 0x2C, 0x89, 0x06, 0x29, 0x84, 0x06, 0x26, 0x81, 0x06, 0x27, 0x81, 0x05, 0x27, 0x81, 0x05, 0x26, 0x80, 0x05, 0x26, 0x7D, 0x05, 0x25, 0x7F, 0x05, 0x25, 0x7F, 0x05, 0x26, 0x7E, 0x05, 0x27, 0x7F, 0x05, 0x27, 0x7F, 0x05, 0x27, 0x7F, 
        0x05, 0x29, 0x7F, 0x05, 0x27, 0x80, 0x06, 0x2A, 0x84, 0x06, 0x29, 0x84, 0x08, 0x2C, 0x86, 0x09, 0x32, 0x8F, 0x10, 0x3F, 0x9C, 0x1A, 0x53, 0xB2, 0x13, 0x47, 0xA8, 0x14, 0x4C, 0xB0, 0x18, 0x57, 0xBB, 0x17, 0x54, 0xB6, 0x19, 0x56, 0xB6, 
        0x16, 0x53, 0xB6, 0x16, 0x53, 0xB6, 0x16, 0x52, 0xB4, 0xA7, 0xBD, 0xE3, 0xB9, 0xCB, 0xE9, 0x5B, 0x85, 0xCA, 0x14, 0x4F, 0xB3, 0x14, 0x4F, 0xB3, 0x14, 0x4F, 0xB3, 0x14, 0x4E, 0xB3, 0x3B, 0x6B, 0xBF, 0xB9, 0xCA, 0xE8, 0xB9, 0xCA, 0xE8, 
        0x3C, 0x6E, 0xC0, 0x14, 0x50, 0xB2, 0x15, 0x51, 0xB4, 0x15, 0x53, 0xB6, 0x14, 0x4E, 0xB3, 0x63, 0x90, 0xD1, 0xBE, 0xD5, 0xEF, 0xA8, 0xC6, 0xE8, 0x16, 0x56, 0xB8, 0x13, 0x4E, 0xB4, 0x13, 0x4E, 0xB4, 0x12, 0x4E, 0xB2, 0x14, 0x50, 0xB4, 
        0x16, 0x54, 0xB7, 0x15, 0x56, 0xB8, 0x17, 0x58, 0xBA, 0x18, 0x59, 0xBA, 0x19, 0x5B, 0xBC, 0x16, 0x55, 0xB9, 0x15, 0x54, 0xB9, 0x14, 0x54, 0xB7, 0x12, 0x4E, 0xB4, 0x11, 0x4B, 0xB2, 0x10, 0x49, 0xAF, 0x10, 0x48, 0xAE, 0x0F, 0x46, 0xAB, 
        0x0D, 0x43, 0xA6, 0x0C, 0x42, 0xA5, 0x0C, 0x41, 0xA5, 0x0C, 0x41, 0xA5, 0x0B, 0x40, 0xA5, 0x0B, 0x3F, 0xA4, 0x0B, 0x3F, 0xA4, 0x0B, 0x3F, 0xA3, 0x0B, 0x3E, 0xA3, 0x0B, 0x3E, 0xA3, 0x0B, 0x3E, 0xA1, 0x0B, 0x3E, 0xA1, 0x0A, 0x3C, 0x9F, 
        0x0A, 0x3B, 0x9D, 0x0A, 0x3B, 0x9C, 0x0A, 0x3B, 0x9E, 0x09, 0x3B, 0xA0, 0x0A, 0x3D, 0xA2, 0x0A, 0x3D, 0xA1, 0x0A, 0x3C, 0xA3, 0x0A, 0x3C, 0xA3, 0x0A, 0x3E, 0xA4, 0x0A, 0x3E, 0xA4, 0x0A, 0x3E, 0xA4, 0x0A, 0x3E, 0xA4, 0x0B, 0x41, 0xA8, 
        0x10, 0x50, 0xB4, 0x0F, 0x4C, 0xB0, 0x0B, 0x43, 0xAA, 0x0C, 0x45, 0xAD, 0x0D, 0x45, 0xAE, 0x0D, 0x48, 0xB0, 0x0D, 0x49, 0xB2, 0x0D, 0x47, 0xB0, 0x0C, 0x45, 0xAF, 0x0C, 0x43, 0xAE, 0x0B, 0x41, 0xAC, 0x0A, 0x40, 0xAB, 0x09, 0x3E, 0xAA, 
        0x08, 0x3A, 0xA7, 0x05, 0x35, 0xA0, 0x05, 0x33, 0x9D, 0x04, 0x2E, 0x97, 0x05, 0x33, 0x9B, 0x04, 0x32, 0x99, 0x02, 0x2B, 0x8F, 0x02, 0x27, 0x8A, 0x02, 0x25, 0x85, 0x02, 0x22, 0x7F, 0x02, 0x20, 0x79, 0x02, 0x21, 0x7A, 0x02, 0x1E, 0x77, 
        0x02, 0x1F, 0x7B, 0x02, 0x1D, 0x78, 0x08, 0x28, 0x77,
  0x55, 0x8C, 0xD3, 0x2F, 0x70, 0xC8, 0x2F, 0x70, 0xCA, 0x2D, 0x6D, 0xC8, 0x2E, 0x6D, 0xC8, 0x30, 0x71, 0xC9, 0x2F, 0x71, 0xC9, 0x2C, 0x6C, 0xC7, 0x2E, 0x6F, 0xC9, 0x2F, 0x71, 0xC9, 0x2B, 0x6B, 0xC6, 0x34, 0x79, 0xCC, 0x3B, 0x81, 0xD0, 0x3F, 0x85, 0xD2, 
        0x32, 0x73, 0xCA, 0x26, 0x5C, 0xBC, 0x26, 0x5E, 0xBD, 0x1E, 0x53, 0xB5, 0x1B, 0x4E, 0xAF, 0x1B, 0x4F, 0xAF, 0x1C, 0x50, 0xB1, 0x1D, 0x57, 0xB4, 0x10, 0x41, 0xA4, 0x12, 0x43, 0xA8, 0x10, 0x42, 0xAA, 0x0E, 0x3B, 0xA8, 0x10, 0x3E, 0xB0, 
        0x0E, 0x3E, 0xA8, 0x0D, 0x3E, 0xA0, 0x0B, 0x38, 0x9D, 0x09, 0x35, 0x99, 0x09, 0x34, 0x97, 0x0A, 0x37, 0x98, 0x0B, 0x38, 0x9C, 0x0B, 0x38, 0x9C, 0x09, 0x34, 0x97, 0x08, 0x31, 0x94, 0x08, 0x33, 0x95, 0x09, 0x34, 0x96, 0x07, 0x2F, 0x8F, 
        0x06, 0x2A, 0x87, 0x06, 0x29, 0x84, 0x06, 0x28, 0x82, 0x06, 0x26, 0x81, 0x06, 0x27, 0x81, 0x06, 0x27, 0x81, 0x05, 0x26, 0x81, 0x05, 0x26, 0x80, 0x05, 0x26, 0x80, 0x05, 0x26, 0x81, 0x05, 0x27, 0x7F, 0x05, 0x28, 0x80, 0x05, 0x27, 0x80, 
        0x05, 0x29, 0x82, 0x05, 0x29, 0x82, 0x06, 0x29, 0x84, 0x08, 0x2E, 0x8B, 0x09, 0x31, 0x8E, 0x0F, 0x3D, 0x9A, 0x1D, 0x58, 0xB4, 0x26, 0x65, 0xBF, 0x1E, 0x5E, 0xBD, 0x19, 0x57, 0xB9, 0x18, 0x57, 0xBB, 0x17, 0x53, 0xB7, 0x17, 0x52, 0xB3, 
        0x18, 0x55, 0xB6, 0x16, 0x54, 0xB6, 0x16, 0x53, 0xB6, 0xB8, 0xCA, 0xE8, 0xBA, 0xCB, 0xE9, 0x3D, 0x6F, 0xC1, 0x15, 0x51, 0xB4, 0x32, 0x66, 0xBD, 0x35, 0x68, 0xBE, 0x35, 0x68, 0xBE, 0x54, 0x7E, 0xC8, 0xB9, 0xCB, 0xE8, 0xBA, 0xCB, 0xE8, 
        0x55, 0x82, 0xCA, 0x36, 0x6A, 0xBF, 0x35, 0x69, 0xBD, 0x31, 0x66, 0xBD, 0x15, 0x50, 0xB6, 0x48, 0x77, 0xC6, 0xBB, 0xCF, 0xEB, 0xB8, 0xCD, 0xEA, 0x15, 0x55, 0xB8, 0x14, 0x51, 0xB5, 0x14, 0x51, 0xB5, 0x17, 0x58, 0xBA, 0x16, 0x57, 0xBA, 
        0x15, 0x53, 0xB7, 0x17, 0x57, 0xBA, 0x18, 0x59, 0xBB, 0x19, 0x5C, 0xBD, 0x1E, 0x66, 0xC1, 0x1A, 0x5E, 0xBD, 0x17, 0x58, 0xBB, 0x16, 0x57, 0xB9, 0x13, 0x52, 0xB5, 0x11, 0x4C, 0xB2, 0x10, 0x49, 0xAF, 0x0F, 0x48, 0xAF, 0x0F, 0x45, 0xAB, 
        0x0E, 0x44, 0xA9, 0x0D, 0x43, 0xA8, 0x0C, 0x42, 0xA5, 0x0C, 0x41, 0xA5, 0x0C, 0x41, 0xA5, 0x0C, 0x41, 0xA5, 0x0B, 0x3F, 0xA4, 0x0B, 0x3F, 0xA4, 0x0B, 0x3F, 0xA4, 0x0B, 0x3E, 0xA3, 0x0B, 0x3E, 0xA3, 0x0B, 0x3E, 0xA3, 0x0B, 0x3E, 0xA0, 
        0x0A, 0x3C, 0x9D, 0x0A, 0x3B, 0x9D, 0x0A, 0x3B, 0x9E, 0x0A, 0x3B, 0xA0, 0x0A, 0x3D, 0xA2, 0x0A, 0x3D, 0xA2, 0x0A, 0x3D, 0xA3, 0x0A, 0x3C, 0xA3, 0x0A, 0x3E, 0xA4, 0x0A, 0x3E, 0xA4, 0x0A, 0x3F, 0xA5, 0x0B, 0x3E, 0xA4, 0x09, 0x3E, 0xA5, 
        0x0A, 0x3F, 0xA6, 0x0B, 0x43, 0xAA, 0x0B, 0x43, 0xAA, 0x0C, 0x45, 0xAC, 0x0D, 0x47, 0xAF, 0x0D, 0x46, 0xAF, 0x0D, 0x47, 0xB1, 0x0D, 0x46, 0xB0, 0x0D, 0x46, 0xB0, 0x0C, 0x45, 0xAF, 0x0C, 0x43, 0xAE, 0x0B, 0x42, 0xAD, 0x0A, 0x41, 0xAB, 
        0x09, 0x3D, 0xA9, 0x08, 0x3C, 0xA7, 0x08, 0x3A, 0xA5, 0x06, 0x37, 0xA0, 0x05, 0x35, 0x9D, 0x04, 0x30, 0x98, 0x04, 0x2D, 0x93, 0x02, 0x2A, 0x8D, 0x02, 0x26, 0x88, 0x02, 0x25, 0x82, 0x02, 0x22, 0x7D, 0x02, 0x1E, 0x76, 0x02, 0x20, 0x7C, 
        0x0C, 0x3F, 0xA5, 0x0A, 0x3A, 0x9E, 0x08, 0x28, 0x78,
  0x58, 0x8C, 0xD4, 0x2F, 0x71, 0xC8, 0x2E, 0x6F, 0xC8, 0x30, 0x72, 0xCA, 0x2F, 0x72, 0xCA, 0x2F, 0x70, 0xCA, 0x2F, 0x6F, 0xC9, 0x2D, 0x6E, 0xC7, 0x35, 0x7A, 0xCD, 0x35, 0x7A, 0xCD, 0x2E, 0x70, 0xC8, 0x2E, 0x70, 0xC8, 0x2D, 0x6E, 0xC8, 0x34, 0x78, 0xCC, 
        0x32, 0x76, 0xCB, 0x2C, 0x69, 0xC5, 0x2E, 0x6F, 0xC7, 0x2B, 0x69, 0xC5, 0x2B, 0x6B, 0xC5, 0x2E, 0x6F, 0xC7, 0x33, 0x79, 0xCA, 0x27, 0x68, 0xC6, 0x0F, 0x3F, 0xA5, 0x14, 0x4A, 0xB0, 0x16, 0x4D, 0xB3, 0x10, 0x41, 0xAA, 0x11, 0x43, 0xAE, 
        0x10, 0x42, 0xAA, 0x0E, 0x3E, 0xA2, 0x0B, 0x39, 0x9E, 0x09, 0x35, 0x99, 0x08, 0x32, 0x96, 0x08, 0x31, 0x95, 0x09, 0x33, 0x95, 0x0A, 0x35, 0x99, 0x09, 0x33, 0x97, 0x07, 0x30, 0x92, 0x08, 0x33, 0x95, 0x0A, 0x37, 0x97, 0x07, 0x31, 0x91, 
        0x06, 0x2A, 0x85, 0x06, 0x29, 0x84, 0x06, 0x28, 0x84, 0x06, 0x27, 0x81, 0x06, 0x27, 0x81, 0x07, 0x28, 0x81, 0x06, 0x27, 0x81, 0x05, 0x26, 0x83, 0x05, 0x26, 0x82, 0x05, 0x27, 0x82, 0x05, 0x27, 0x82, 0x05, 0x28, 0x81, 0x05, 0x29, 0x82, 
        0x05, 0x29, 0x83, 0x06, 0x2B, 0x86, 0x07, 0x2B, 0x86, 0x08, 0x2E, 0x8B, 0x0B, 0x36, 0x93, 0x13, 0x47, 0xA5, 0x1E, 0x58, 0xB4, 0x18, 0x4F, 0xAE, 0x1A, 0x58, 0xB7, 0x1A, 0x5A, 0xBC, 0x19, 0x58, 0xBB, 0x17, 0x54, 0xB7, 0x18, 0x54, 0xB7, 
        0x18, 0x56, 0xB6, 0x17, 0x55, 0xB6, 0x16, 0x53, 0xB6, 0xB1, 0xC5, 0xE6, 0xBA, 0xCB, 0xE9, 0x4A, 0x79, 0xC5, 0x16, 0x51, 0xB5, 0xA6, 0xBD, 0xE3, 0xB9, 0xCB, 0xE9, 0xB9, 0xCB, 0xE9, 0xB9, 0xCB, 0xE9, 0xBA, 0xCB, 0xE9, 0xBA, 0xCB, 0xE9, 
        0xBA, 0xCB, 0xE9, 0xBA, 0xCB, 0xE9, 0xBA, 0xCB, 0xE9, 0xA6, 0xBD, 0xE3, 0x18, 0x56, 0xB9, 0x54, 0x80, 0xCA, 0xBA, 0xCE, 0xEA, 0xAD, 0xC4, 0xE6, 0x14, 0x52, 0xB6, 0x12, 0x4F, 0xB5, 0x1B, 0x61, 0xBF, 0x26, 0x75, 0xCB, 0x23, 0x6F, 0xC8, 
        0x17, 0x5A, 0xBB, 0x19, 0x5A, 0xBC, 0x1A, 0x5D, 0xBD, 0x19, 0x5D, 0xBE, 0x1D, 0x64, 0xC1, 0x1A, 0x5E, 0xBD, 0x19, 0x5B, 0xBC, 0x17, 0x5A, 0xBC, 0x15, 0x55, 0xB8, 0x12, 0x4F, 0xB4, 0x11, 0x4A, 0xB1, 0x0F, 0x47, 0xAD, 0x0F, 0x46, 0xAC, 
        0x0E, 0x46, 0xA9, 0x0E, 0x44, 0xA9, 0x0D, 0x42, 0xA6, 0x0C, 0x42, 0xA5, 0x0C, 0x41, 0xA5, 0x0C, 0x41, 0xA5, 0x0B, 0x40, 0xA4, 0x0B, 0x40, 0xA4, 0x0C, 0x40, 0xA4, 0x0B, 0x3F, 0xA4, 0x0B, 0x3E, 0xA3, 0x0C, 0x3F, 0xA4, 0x0B, 0x3E, 0xA1, 
        0x0A, 0x3E, 0x9F, 0x0A, 0x3C, 0x9E, 0x0A, 0x3C, 0xA0, 0x0A, 0x3C, 0xA0, 0x0A, 0x3C, 0xA1, 0x0A, 0x3C, 0xA2, 0x0A, 0x3D, 0xA5, 0x0A, 0x3D, 0xA4, 0x0B, 0x3E, 0xA4, 0x0B, 0x3E, 0xA4, 0x0A, 0x3E, 0xA5, 0x0A, 0x3E, 0xA4, 0x0B, 0x41, 0xA8, 
        0x0A, 0x3F, 0xA6, 0x0B, 0x42, 0xAA, 0x0D, 0x44, 0xAD, 0x0C, 0x44, 0xAC, 0x0D, 0x46, 0xAD, 0x0D, 0x46, 0xAE, 0x0D, 0x46, 0xB0, 0x0D, 0x46, 0xB0, 0x0D, 0x46, 0xB0, 0x0D, 0x46, 0xB0, 0x0C, 0x44, 0xAF, 0x0B, 0x42, 0xAE, 0x0B, 0x41, 0xAC, 
        0x0A, 0x3F, 0xAA, 0x09, 0x3C, 0xA8, 0x08, 0x39, 0xA5, 0x08, 0x39, 0xA3, 0x06, 0x35, 0x9F, 0x04, 0x32, 0x9A, 0x03, 0x2D, 0x95, 0x03, 0x2C, 0x90, 0x02, 0x28, 0x8B, 0x02, 0x27, 0x85, 0x02, 0x26, 0x84, 0x02, 0x1F, 0x76, 0x04, 0x28, 0x86, 
        0x0F, 0x48, 0xAB, 0x05, 0x26, 0x84, 0x08, 0x27, 0x76,
  0x59, 0x8D, 0xD4, 0x34, 0x74, 0xCB, 0x31, 0x73, 0xCA, 0x30, 0x72, 0xCA, 0x31, 0x72, 0xCA, 0x31, 0x72, 0xCA, 0x30, 0x72, 0xCA, 0x30, 0x6F, 0xC7, 0x2C, 0x6E, 0xC7, 0x2D, 0x6F, 0xC9, 0x2D, 0x6F, 0xC9, 0x2E, 0x70, 0xC8, 0x2E, 0x70, 0xC8, 0x2E, 0x70, 0xC8, 
        0x31, 0x73, 0xCB, 0x32, 0x76, 0xCC, 0x30, 0x72, 0xC8, 0x2E, 0x72, 0xC8, 0x30, 0x74, 0xCA, 0x2D, 0x72, 0xC9, 0x30, 0x77, 0xCA, 0x1F, 0x5B, 0xBE, 0x0D, 0x3A, 0xA4, 0x0F, 0x3F, 0xA8, 0x13, 0x49, 0xAE, 0x12, 0x48, 0xAD, 0x0F, 0x42, 0xA6, 
        0x0D, 0x3D, 0xA3, 0x0F, 0x3F, 0xA5, 0x0D, 0x3D, 0xA2, 0x0C, 0x3C, 0xA0, 0x0B, 0x39, 0x9D, 0x0A, 0x35, 0x99, 0x09, 0x33, 0x95, 0x0A, 0x35, 0x99, 0x0A, 0x35, 0x9A, 0x09, 0x32, 0x95, 0x08, 0x31, 0x92, 0x08, 0x32, 0x94, 0x07, 0x2D, 0x8F, 
        0x06, 0x29, 0x88, 0x07, 0x2B, 0x85, 0x06, 0x29, 0x84, 0x06, 0x26, 0x81, 0x06, 0x28, 0x81, 0x07, 0x28, 0x81, 0x07, 0x27, 0x81, 0x05, 0x27, 0x83, 0x05, 0x27, 0x83, 0x05, 0x27, 0x82, 0x05, 0x28, 0x82, 0x05, 0x29, 0x82, 0x05, 0x29, 0x82, 
        0x05, 0x29, 0x84, 0x05, 0x29, 0x85, 0x07, 0x2B, 0x88, 0x09, 0x33, 0x8F, 0x11, 0x42, 0xA0, 0x11, 0x44, 0xA3, 0x17, 0x4C, 0xAA, 0x1F, 0x59, 0xB5, 0x1C, 0x5B, 0xBA, 0x1A, 0x59, 0xBB, 0x18, 0x57, 0xBA, 0x19, 0x58, 0xBB, 0x1A, 0x57, 0xB9, 
        0x17, 0x54, 0xB7, 0x17, 0x55, 0xB6, 0x17, 0x54, 0xB6, 0x8F, 0xAC, 0xDC, 0xBA, 0xCB, 0xE9, 0x7B, 0x9D, 0xD4, 0x15, 0x51, 0xB4, 0xA6, 0xBD, 0xE3, 0xBA, 0xCB, 0xE9, 0xBA, 0xCC, 0xE9, 0xBA, 0xCC, 0xE9, 0xBA, 0xCB, 0xE9, 0xB9, 0xCB, 0xE9, 
        0xB9, 0xCA, 0xE8, 0xBA, 0xCB, 0xE9, 0xBA, 0xCB, 0xEA, 0xA6, 0xBD, 0xE3, 0x17, 0x54, 0xB7, 0x82, 0xA3, 0xD8, 0xBA, 0xCC, 0xEA, 0x8A, 0xAA, 0xDB, 0x15, 0x55, 0xB6, 0x17, 0x58, 0xBB, 0x25, 0x72, 0xCA, 0x2B, 0x7D, 0xCF, 0x26, 0x73, 0xCA, 
        0x1A, 0x5E, 0xBF, 0x17, 0x5A, 0xBC, 0x1C, 0x61, 0xC0, 0x1B, 0x5F, 0xC0, 0x1A, 0x5F, 0xC0, 0x1A, 0x5E, 0xC0, 0x19, 0x5E, 0xBD, 0x19, 0x5C, 0xBC, 0x17, 0x58, 0xB9, 0x14, 0x53, 0xB7, 0x11, 0x4E, 0xB2, 0x10, 0x49, 0xB1, 0x0F, 0x48, 0xAD, 
        0x0F, 0x48, 0xAC, 0x0E, 0x44, 0xA9, 0x0D, 0x43, 0xA8, 0x0C, 0x41, 0xA6, 0x0B, 0x41, 0xA5, 0x0C, 0x42, 0xA7, 0x0B, 0x40, 0xA5, 0x0C, 0x41, 0xA5, 0x0C, 0x40, 0xA4, 0x0B, 0x3F, 0xA4, 0x0B, 0x3F, 0xA4, 0x0C, 0x3F, 0xA6, 0x0B, 0x3F, 0xA4, 
        0x0A, 0x3E, 0xA0, 0x0A, 0x3E, 0xA0, 0x0A, 0x3C, 0xA0, 0x0A, 0x3C, 0xA0, 0x0A, 0x3D, 0xA1, 0x0A, 0x3C, 0xA1, 0x0A, 0x3D, 0xA5, 0x0B, 0x3E, 0xA5, 0x0B, 0x3E, 0xA4, 0x0B, 0x3E, 0xA4, 0x0B, 0x3E, 0xA4, 0x0B, 0x3E, 0xA5, 0x0A, 0x3F, 0xA5, 
        0x0A, 0x3F, 0xA5, 0x0A, 0x3F, 0xA5, 0x0B, 0x41, 0xA8, 0x0C, 0x41, 0xAB, 0x0C, 0x44, 0xAA, 0x0D, 0x48, 0xAF, 0x0D, 0x47, 0xB1, 0x0D, 0x47, 0xB1, 0x0D, 0x47, 0xB1, 0x0C, 0x46, 0xB0, 0x0C, 0x44, 0xAE, 0x0B, 0x41, 0xAC, 0x0B, 0x41, 0xAC, 
        0x0B, 0x41, 0xAC, 0x0A, 0x3F, 0xAA, 0x09, 0x3A, 0xA7, 0x08, 0x37, 0xA2, 0x06, 0x35, 0x9F, 0x06, 0x35, 0x9F, 0x04, 0x30, 0x98, 0x04, 0x2C, 0x93, 0x03, 0x2A, 0x8D, 0x02, 0x27, 0x85, 0x02, 0x27, 0x84, 0x02, 0x22, 0x7C, 0x02, 0x1F, 0x78, 
        0x02, 0x21, 0x7A, 0x02, 0x1C, 0x73, 0x08, 0x2A, 0x79,
  0x58, 0x8C, 0xD4, 0x33, 0x73, 0xCB, 0x33, 0x73, 0xCC, 0x30, 0x71, 0xCA, 0x33, 0x75, 0xCB, 0x33, 0x73, 0xCB, 0x2F, 0x6D, 0xC8, 0x32, 0x72, 0xCA, 0x30, 0x71, 0xC9, 0x2E, 0x6F, 0xC9, 0x2E, 0x6F, 0xC9, 0x2E, 0x6F, 0xC9, 0x2F, 0x70, 0xC9, 0x2E, 0x6E, 0xC8, 
        0x2E, 0x70, 0xC9, 0x31, 0x73, 0xCB, 0x32, 0x75, 0xCC, 0x31, 0x75, 0xCA, 0x2E, 0x70, 0xC8, 0x2D, 0x6E, 0xC7, 0x2E, 0x72, 0xC9, 0x1A, 0x52, 0xB6, 0x0F, 0x43, 0xAA, 0x12, 0x46, 0xAD, 0x13, 0x47, 0xAE, 0x12, 0x47, 0xAD, 0x11, 0x43, 0xAA, 
        0x0B, 0x37, 0x9C, 0x0C, 0x39, 0x9E, 0x0E, 0x3C, 0xA3, 0x0D, 0x3C, 0xA2, 0x0C, 0x3A, 0xA0, 0x0C, 0x3B, 0xA0, 0x0B, 0x38, 0x9E, 0x0A, 0x36, 0x9A, 0x09, 0x34, 0x98, 0x09, 0x33, 0x95, 0x09, 0x31, 0x92, 0x07, 0x2D, 0x8B, 0x06, 0x28, 0x87, 
        0x06, 0x28, 0x84, 0x07, 0x29, 0x85, 0x07, 0x29, 0x84, 0x06, 0x27, 0x82, 0x06, 0x26, 0x82, 0x06, 0x28, 0x82, 0x07, 0x27, 0x83, 0x06, 0x27, 0x81, 0x05, 0x28, 0x83, 0x05, 0x27, 0x83, 0x05, 0x27, 0x82, 0x05, 0x28, 0x82, 0x05, 0x28, 0x84, 
        0x05, 0x27, 0x82, 0x07, 0x2B, 0x86, 0x09, 0x2F, 0x8D, 0x0B, 0x34, 0x95, 0x11, 0x42, 0xA2, 0x1A, 0x4F, 0xB0, 0x1C, 0x56, 0xB6, 0x1A, 0x54, 0xB6, 0x1A, 0x54, 0xB5, 0x1A, 0x59, 0xBA, 0x1C, 0x5C, 0xBB, 0x1A, 0x59, 0xBA, 0x19, 0x57, 0xB7, 
        0x18, 0x56, 0xB7, 0x18, 0x56, 0xB7, 0x18, 0x56, 0xB6, 0x54, 0x82, 0xC9, 0xBA, 0xCC, 0xE9, 0xB5, 0xC8, 0xE8, 0x2B, 0x60, 0xB9, 0x20, 0x59, 0xB8, 0x21, 0x5B, 0xB8, 0x21, 0x5C, 0xB8, 0x45, 0x75, 0xC5, 0xBA, 0xCB, 0xE9, 0xB9, 0xCB, 0xE8, 
        0x45, 0x74, 0xC5, 0x21, 0x5A, 0xB8, 0x21, 0x5A, 0xB8, 0x22, 0x5B, 0xBA, 0x35, 0x69, 0xBF, 0xB7, 0xCA, 0xE8, 0xBA, 0xCB, 0xE9, 0x4C, 0x7A, 0xC7, 0x15, 0x51, 0xB5, 0x1C, 0x5F, 0xC0, 0x2A, 0x77, 0xCE, 0x2A, 0x77, 0xCF, 0x28, 0x76, 0xCD, 
        0x1E, 0x65, 0xC1, 0x16, 0x57, 0xBA, 0x1B, 0x60, 0xBF, 0x1B, 0x5F, 0xBF, 0x1B, 0x61, 0xBF, 0x1B, 0x61, 0xBF, 0x19, 0x5E, 0xBD, 0x18, 0x5B, 0xBA, 0x16, 0x58, 0xB8, 0x13, 0x51, 0xB5, 0x11, 0x4D, 0xB2, 0x10, 0x4B, 0xB1, 0x10, 0x49, 0xAF, 
        0x10, 0x49, 0xAD, 0x0F, 0x48, 0xAD, 0x0D, 0x41, 0xA6, 0x12, 0x4C, 0xB0, 0x17, 0x58, 0xB7, 0x0D, 0x44, 0xA8, 0x0B, 0x40, 0xA4, 0x0C, 0x41, 0xA5, 0x0C, 0x41, 0xA5, 0x0C, 0x40, 0xA4, 0x0C, 0x40, 0xA4, 0x0C, 0x3F, 0xA4, 0x0B, 0x3F, 0xA4, 
        0x0B, 0x41, 0xA4, 0x0B, 0x3E, 0xA2, 0x0A, 0x3E, 0xA1, 0x0A, 0x3D, 0xA1, 0x0A, 0x3D, 0xA1, 0x0B, 0x3E, 0xA1, 0x0B, 0x3D, 0xA1, 0x0B, 0x3F, 0xA2, 0x0B, 0x3F, 0xA4, 0x0A, 0x3D, 0xA3, 0x0A, 0x3C, 0xA4, 0x0B, 0x3F, 0xA6, 0x0A, 0x3F, 0xA6, 
        0x0B, 0x42, 0xA9, 0x0A, 0x3E, 0xA6, 0x0B, 0x3F, 0xA8, 0x0C, 0x44, 0xAB, 0x0D, 0x43, 0xAB, 0x0D, 0x47, 0xAD, 0x0D, 0x46, 0xAF, 0x0D, 0x47, 0xAF, 0x0E, 0x4A, 0xB1, 0x0D, 0x46, 0xB0, 0x0C, 0x46, 0xAF, 0x0B, 0x43, 0xAC, 0x0B, 0x42, 0xAC, 
        0x0B, 0x41, 0xAC, 0x0A, 0x3F, 0xAB, 0x09, 0x3D, 0xA8, 0x08, 0x3A, 0xA7, 0x08, 0x37, 0xA5, 0x07, 0x37, 0xA2, 0x05, 0x32, 0x9C, 0x04, 0x2E, 0x94, 0x04, 0x2D, 0x91, 0x02, 0x27, 0x88, 0x02, 0x26, 0x84, 0x02, 0x26, 0x82, 0x02, 0x21, 0x7E, 
        0x02, 0x1D, 0x73, 0x02, 0x1F, 0x72, 0x08, 0x2A, 0x75,
  0x59, 0x8E, 0xD4, 0x34, 0x76, 0xCC, 0x3A, 0x7E, 0xCF, 0x34, 0x74, 0xCC, 0x31, 0x73, 0xCA, 0x30, 0x72, 0xCA, 0x30, 0x70, 0xCA, 0x33, 0x75, 0xCB, 0x30, 0x72, 0xCA, 0x2F, 0x71, 0xC9, 0x2F, 0x71, 0xC9, 0x2F, 0x71, 0xC9, 0x2F, 0x71, 0xC9, 0x2F, 0x70, 0xC9, 
        0x2F, 0x70, 0xC9, 0x31, 0x71, 0xCA, 0x31, 0x72, 0xCB, 0x31, 0x73, 0xCB, 0x31, 0x73, 0xCA, 0x30, 0x72, 0xC9, 0x2E, 0x71, 0xC8, 0x16, 0x4E, 0xB4, 0x0F, 0x43, 0xAA, 0x15, 0x4C, 0xB2, 0x16, 0x4D, 0xB3, 0x12, 0x46, 0xAD, 0x13, 0x47, 0xAF, 
        0x10, 0x42, 0xA8, 0x0E, 0x3F, 0xA4, 0x0F, 0x40, 0xA5, 0x0E, 0x3E, 0xA4, 0x0A, 0x37, 0x9D, 0x09, 0x35, 0x9B, 0x0A, 0x35, 0x9B, 0x09, 0x34, 0x99, 0x09, 0x34, 0x97, 0x0A, 0x35, 0x96, 0x09, 0x32, 0x92, 0x07, 0x2E, 0x8B, 0x07, 0x2C, 0x87, 
        0x06, 0x28, 0x84, 0x07, 0x27, 0x84, 0x06, 0x28, 0x84, 0x06, 0x28, 0x82, 0x06, 0x26, 0x82, 0x06, 0x27, 0x82, 0x07, 0x28, 0x82, 0x07, 0x28, 0x83, 0x06, 0x28, 0x83, 0x05, 0x28, 0x84, 0x05, 0x27, 0x84, 0x05, 0x29, 0x84, 0x05, 0x29, 0x84, 
        0x06, 0x29, 0x85, 0x07, 0x2C, 0x88, 0x0B, 0x35, 0x92, 0x11, 0x42, 0xA1, 0x15, 0x49, 0xAB, 0x17, 0x4A, 0xAB, 0x19, 0x50, 0xB3, 0x1C, 0x5A, 0xBB, 0x1C, 0x5A, 0xBB, 0x1D, 0x5B, 0xBA, 0x1C, 0x5B, 0xBA, 0x1A, 0x58, 0xB8, 0x18, 0x57, 0xB8, 
        0x19, 0x57, 0xB9, 0x18, 0x57, 0xB9, 0x18, 0x54, 0xB7, 0x1B, 0x56, 0xB7, 0x9F, 0xB8, 0xE1, 0xBA, 0xCB, 0xE9, 0x8E, 0xAC, 0xDB, 0x16, 0x53, 0xB4, 0x15, 0x51, 0xB2, 0x15, 0x50, 0xB2, 0x3C, 0x6E, 0xC0, 0xBA, 0xCB, 0xE9, 0xBA, 0xCB, 0xE9, 
        0x3C, 0x6F, 0xC2, 0x16, 0x52, 0xB6, 0x16, 0x52, 0xB5, 0x1A, 0x56, 0xB8, 0x96, 0xB2, 0xDF, 0xBA, 0xCC, 0xE9, 0x95, 0xB1, 0xDE, 0x18, 0x54, 0xB6, 0x16, 0x50, 0xB6, 0x1D, 0x5F, 0xBF, 0x2A, 0x79, 0xCE, 0x2D, 0x7C, 0xD0, 0x2A, 0x79, 0xCF, 
        0x1C, 0x61, 0xBF, 0x17, 0x58, 0xBB, 0x1B, 0x60, 0xBF, 0x1C, 0x60, 0xBF, 0x1C, 0x61, 0xBF, 0x1B, 0x5D, 0xBE, 0x19, 0x5C, 0xBC, 0x18, 0x5B, 0xBB, 0x16, 0x56, 0xB8, 0x13, 0x51, 0xB5, 0x10, 0x4B, 0xB2, 0x0E, 0x46, 0xAD, 0x0E, 0x46, 0xAC, 
        0x10, 0x47, 0xAC, 0x10, 0x49, 0xAD, 0x0D, 0x43, 0xA7, 0x0F, 0x47, 0xAC, 0x13, 0x4F, 0xB2, 0x0C, 0x3F, 0xA5, 0x0B, 0x41, 0xA4, 0x0C, 0x41, 0xA5, 0x0C, 0x41, 0xA5, 0x0C, 0x41, 0xA5, 0x0B, 0x3F, 0xA4, 0x0B, 0x3F, 0xA4, 0x0B, 0x40, 0xA4, 
        0x0B, 0x41, 0xA4, 0x0B, 0x3F, 0xA4, 0x0A, 0x3E, 0xA1, 0x0A, 0x3E, 0xA1, 0x0A, 0x3D, 0xA1, 0x0A, 0x3D, 0xA1, 0x0A, 0x3C, 0x9F, 0x0B, 0x3D, 0xA1, 0x0A, 0x3D, 0xA1, 0x0A, 0x3E, 0xA4, 0x0B, 0x40, 0xA6, 0x0B, 0x3E, 0xA5, 0x0A, 0x3E, 0xA6, 
        0x0B, 0x42, 0xA9, 0x0B, 0x42, 0xA9, 0x0B, 0x41, 0xA8, 0x0B, 0x41, 0xA8, 0x0B, 0x41, 0xA8, 0x0D, 0x44, 0xAD, 0x0E, 0x49, 0xAF, 0x0E, 0x49, 0xAF, 0x0D, 0x49, 0xB0, 0x0D, 0x46, 0xAF, 0x0D, 0x47, 0xB1, 0x0A, 0x43, 0xAC, 0x0B, 0x43, 0xAC, 
        0x0B, 0x41, 0xAC, 0x0A, 0x3F, 0xAB, 0x0A, 0x3E, 0xA9, 0x09, 0x3C, 0xA7, 0x08, 0x39, 0xA5, 0x07, 0x37, 0xA2, 0x05, 0x32, 0x9A, 0x04, 0x2E, 0x95, 0x04, 0x2D, 0x92, 0x03, 0x2A, 0x8B, 0x02, 0x2A, 0x88, 0x02, 0x22, 0x7F, 0x02, 0x22, 0x81, 
        0x03, 0x24, 0x7E, 0x02, 0x1D, 0x6E, 0x08, 0x2A, 0x75,
  0x59, 0x90, 0xD4, 0x39, 0x7B, 0xCE, 0x45, 0x87, 0xD3, 0x38, 0x7A, 0xCE, 0x33, 0x73, 0xCB, 0x33, 0x74, 0xCA, 0x33, 0x73, 0xCA, 0x32, 0x72, 0xCA, 0x30, 0x70, 0xCA, 0x31, 0x72, 0xCA, 0x31, 0x71, 0xC9, 0x31, 0x72, 0xCA, 0x31, 0x72, 0xCA, 0x31, 0x72, 0xCA, 
        0x31, 0x71, 0xC9, 0x31, 0x70, 0xC9, 0x2D, 0x6D, 0xC8, 0x30, 0x70, 0xC9, 0x32, 0x75, 0xCB, 0x32, 0x76, 0xCA, 0x2D, 0x6F, 0xC7, 0x17, 0x4E, 0xB4, 0x12, 0x45, 0xAD, 0x13, 0x48, 0xAE, 0x15, 0x4A, 0xB0, 0x13, 0x47, 0xAF, 0x0F, 0x3E, 0xA7, 
        0x10, 0x42, 0xA9, 0x11, 0x43, 0xA8, 0x0E, 0x3E, 0xA3, 0x0F, 0x3F, 0xA4, 0x0C, 0x37, 0x9E, 0x0B, 0x38, 0x9D, 0x0D, 0x3C, 0xA2, 0x0A, 0x35, 0x9B, 0x0B, 0x38, 0x9D, 0x0A, 0x36, 0x97, 0x08, 0x30, 0x90, 0x07, 0x2D, 0x8B, 0x07, 0x2C, 0x89, 
        0x07, 0x2A, 0x84, 0x06, 0x27, 0x84, 0x06, 0x26, 0x83, 0x06, 0x27, 0x83, 0x07, 0x28, 0x82, 0x06, 0x27, 0x82, 0x06, 0x28, 0x82, 0x07, 0x29, 0x84, 0x07, 0x29, 0x83, 0x07, 0x29, 0x84, 0x06, 0x29, 0x85, 0x06, 0x2A, 0x86, 0x06, 0x29, 0x86, 
        0x08, 0x2E, 0x8B, 0x08, 0x2E, 0x8B, 0x0A, 0x32, 0x90, 0x0F, 0x3E, 0x9C, 0x17, 0x4A, 0xAB, 0x22, 0x5E, 0xBC, 0x27, 0x69, 0xC1, 0x22, 0x62, 0xC0, 0x20, 0x5F, 0xBE, 0x1E, 0x5C, 0xBD, 0x1C, 0x59, 0xBA, 0x1A, 0x59, 0xBA, 0x1A, 0x5B, 0xBA, 
        0x1A, 0x59, 0xBB, 0x19, 0x57, 0xB9, 0x18, 0x55, 0xB7, 0x18, 0x54, 0xB7, 0x3C, 0x6F, 0xC1, 0xB9, 0xCB, 0xE9, 0xBA, 0xCD, 0xEA, 0x58, 0x84, 0xCB, 0x16, 0x52, 0xB4, 0x16, 0x51, 0xB4, 0x3C, 0x6D, 0xC0, 0xBA, 0xCB, 0xE9, 0xBA, 0xCC, 0xE9, 
        0x3C, 0x6E, 0xC2, 0x16, 0x52, 0xB6, 0x16, 0x52, 0xB6, 0x5E, 0x88, 0xCD, 0xBA, 0xCC, 0xEA, 0xB7, 0xC9, 0xE8, 0x36, 0x6A, 0xBF, 0x17, 0x53, 0xB6, 0x16, 0x50, 0xB6, 0x19, 0x57, 0xBB, 0x22, 0x6A, 0xC4, 0x21, 0x6B, 0xC6, 0x20, 0x66, 0xC3, 
        0x18, 0x59, 0xBB, 0x19, 0x5B, 0xBB, 0x1B, 0x60, 0xBE, 0x1B, 0x60, 0xBE, 0x1C, 0x60, 0xBF, 0x1A, 0x5A, 0xBC, 0x17, 0x59, 0xBA, 0x16, 0x59, 0xB9, 0x14, 0x55, 0xB7, 0x14, 0x53, 0xB5, 0x14, 0x54, 0xB6, 0x16, 0x57, 0xB8, 0x12, 0x4E, 0xB3, 
        0x0E, 0x44, 0xA9, 0x0F, 0x46, 0xAC, 0x10, 0x48, 0xAD, 0x0E, 0x45, 0xAA, 0x0E, 0x42, 0xA8, 0x0E, 0x44, 0xA9, 0x0D, 0x43, 0xA8, 0x0C, 0x42, 0xA5, 0x0C, 0x41, 0xA5, 0x0C, 0x41, 0xA5, 0x0C, 0x41, 0xA5, 0x0B, 0x3F, 0xA4, 0x0B, 0x3F, 0xA4, 
        0x0B, 0x40, 0xA4, 0x0B, 0x3E, 0xA4, 0x0B, 0x3E, 0xA4, 0x0B, 0x3E, 0xA1, 0x0B, 0x3E, 0xA1, 0x0B, 0x3D, 0xA1, 0x0B, 0x3E, 0xA2, 0x0B, 0x3E, 0xA1, 0x0B, 0x3D, 0xA2, 0x0A, 0x3E, 0xA4, 0x0B, 0x3F, 0xA7, 0x0A, 0x3C, 0xA1, 0x0A, 0x3C, 0xA4, 
        0x0A, 0x3C, 0xA4, 0x0B, 0x3F, 0xA7, 0x0B, 0x41, 0xA9, 0x0B, 0x41, 0xA8, 0x0D, 0x44, 0xAB, 0x0C, 0x44, 0xAB, 0x0C, 0x43, 0xAD, 0x0D, 0x47, 0xAE, 0x0D, 0x46, 0xAE, 0x0C, 0x44, 0xAD, 0x0D, 0x46, 0xB0, 0x0C, 0x45, 0xAF, 0x0C, 0x44, 0xAE, 
        0x0B, 0x43, 0xAC, 0x0A, 0x40, 0xAB, 0x0A, 0x3F, 0xAB, 0x09, 0x3D, 0xA9, 0x08, 0x3A, 0xA7, 0x08, 0x39, 0xA3, 0x06, 0x35, 0x9D, 0x05, 0x31, 0x97, 0x04, 0x2D, 0x91, 0x03, 0x2B, 0x8E, 0x02, 0x27, 0x88, 0x02, 0x21, 0x80, 0x02, 0x1E, 0x7C, 
        0x02, 0x1A, 0x71, 0x02, 0x1A, 0x6F, 0x08, 0x2B, 0x78,
  0x5B, 0x90, 0xD5, 0x36, 0x75, 0xCB, 0x34, 0x75, 0xCB, 0x33, 0x73, 0xCB, 0x33, 0x73, 0xCB, 0x34, 0x74, 0xCB, 0x33, 0x74, 0xCA, 0x33, 0x72, 0xCA, 0x32, 0x72, 0xCA, 0x32, 0x73, 0xCB, 0x33, 0x73, 0xCB, 0x33, 0x74, 0xCA, 0x32, 0x74, 0xCA, 0x32, 0x74, 0xCA, 
        0x32, 0x72, 0xC9, 0x32, 0x70, 0xC9, 0x31, 0x70, 0xC8, 0x31, 0x73, 0xC9, 0x31, 0x72, 0xC9, 0x32, 0x75, 0xCB, 0x2C, 0x6D, 0xC5, 0x17, 0x4B, 0xB1, 0x18, 0x4D, 0xB5, 0x17, 0x4E, 0xB5, 0x15, 0x49, 0xB0, 0x17, 0x4F, 0xB4, 0x13, 0x45, 0xAE, 
        0x12, 0x44, 0xAC, 0x11, 0x45, 0xAB, 0x10, 0x41, 0xA6, 0x0F, 0x40, 0xA6, 0x0D, 0x3B, 0xA1, 0x0D, 0x39, 0xA1, 0x0C, 0x3A, 0xA0, 0x0C, 0x3A, 0x9E, 0x0D, 0x3C, 0xA0, 0x0A, 0x35, 0x96, 0x07, 0x2C, 0x8A, 0x07, 0x2B, 0x89, 0x07, 0x2A, 0x86, 
        0x07, 0x2A, 0x86, 0x07, 0x28, 0x84, 0x06, 0x26, 0x83, 0x06, 0x27, 0x83, 0x07, 0x28, 0x84, 0x07, 0x28, 0x82, 0x06, 0x27, 0x82, 0x06, 0x28, 0x82, 0x06, 0x29, 0x82, 0x06, 0x28, 0x84, 0x07, 0x29, 0x85, 0x05, 0x2B, 0x86, 0x05, 0x29, 0x86, 
        0x08, 0x2D, 0x89, 0x0A, 0x33, 0x90, 0x0D, 0x38, 0x97, 0x0E, 0x3A, 0x99, 0x11, 0x43, 0xA3, 0x23, 0x5F, 0xBE, 0x2B, 0x6C, 0xC5, 0x1F, 0x5F, 0xBE, 0x1F, 0x5E, 0xBD, 0x1E, 0x5C, 0xBD, 0x1D, 0x5C, 0xBD, 0x1E, 0x5C, 0xBC, 0x1D, 0x5C, 0xBC, 
        0x1B, 0x59, 0xBB, 0x1A, 0x57, 0xBA, 0x19, 0x56, 0xB7, 0x18, 0x55, 0xB7, 0x18, 0x55, 0xB7, 0x72, 0x98, 0xD4, 0xBA, 0xCD, 0xEA, 0xB0, 0xC4, 0xE6, 0x26, 0x5D, 0xBA, 0x18, 0x54, 0xB5, 0x26, 0x5E, 0xBA, 0x59, 0x83, 0xCA, 0x59, 0x83, 0xCA, 
        0x26, 0x5E, 0xB9, 0x16, 0x53, 0xB6, 0x25, 0x5D, 0xBA, 0xB1, 0xC5, 0xE7, 0xBA, 0xCC, 0xEA, 0x6A, 0x90, 0xD1, 0x18, 0x52, 0xB7, 0x18, 0x52, 0xB6, 0x16, 0x51, 0xB4, 0x16, 0x51, 0xB6, 0x19, 0x59, 0xBA, 0x16, 0x52, 0xB6, 0x15, 0x52, 0xB6, 
        0x16, 0x56, 0xB9, 0x17, 0x58, 0xBA, 0x1A, 0x5B, 0xBB, 0x19, 0x5A, 0xBB, 0x1A, 0x5D, 0xBC, 0x19, 0x5A, 0xBB, 0x17, 0x56, 0xB7, 0x15, 0x53, 0xB6, 0x13, 0x4F, 0xB3, 0x12, 0x4D, 0xB3, 0x14, 0x50, 0xB3, 0x17, 0x58, 0xB8, 0x15, 0x53, 0xB6, 
        0x10, 0x48, 0xAD, 0x0E, 0x45, 0xA9, 0x10, 0x49, 0xAF, 0x10, 0x49, 0xAF, 0x0E, 0x43, 0xA9, 0x0F, 0x45, 0xAB, 0x0E, 0x44, 0xA8, 0x0D, 0x43, 0xA8, 0x0C, 0x43, 0xA7, 0x0C, 0x41, 0xA5, 0x0C, 0x41, 0xA5, 0x0C, 0x41, 0xA5, 0x0B, 0x3F, 0xA4, 
        0x0B, 0x40, 0xA4, 0x0B, 0x3F, 0xA4, 0x0B, 0x3E, 0xA4, 0x0B, 0x3E, 0xA3, 0x0B, 0x3E, 0xA2, 0x0B, 0x3E, 0xA1, 0x0A, 0x3C, 0xA0, 0x0A, 0x3D, 0xA0, 0x0B, 0x41, 0xA4, 0x0B, 0x3E, 0xA4, 0x0A, 0x3C, 0xA4, 0x0C, 0x43, 0xAA, 0x0E, 0x47, 0xAE, 
        0x0B, 0x3F, 0xA7, 0x0A, 0x3E, 0xA6, 0x0B, 0x40, 0xA9, 0x0B, 0x42, 0xA9, 0x0C, 0x44, 0xAA, 0x0B, 0x41, 0xAA, 0x0C, 0x42, 0xAD, 0x0D, 0x45, 0xAE, 0x0D, 0x48, 0xB0, 0x0D, 0x47, 0xB0, 0x0C, 0x45, 0xAF, 0x0D, 0x46, 0xB0, 0x0D, 0x46, 0xB0, 
        0x0C, 0x44, 0xAE, 0x0B, 0x42, 0xAC, 0x0A, 0x40, 0xAB, 0x0A, 0x3E, 0xAA, 0x09, 0x3D, 0xA9, 0x08, 0x3A, 0xA3, 0x06, 0x36, 0x9C, 0x06, 0x35, 0x9A, 0x05, 0x33, 0x99, 0x04, 0x30, 0x96, 0x02, 0x25, 0x88, 0x07, 0x35, 0x9E, 0x0C, 0x46, 0xAD, 
        0x0A, 0x3C, 0xA4, 0x05, 0x2B, 0x8B, 0x08, 0x2C, 0x7E,
  0x5B, 0x8E, 0xD5, 0x35, 0x74, 0xCC, 0x34, 0x75, 0xCB, 0x37, 0x78, 0xCC, 0x36, 0x76, 0xCC, 0x33, 0x71, 0xCB, 0x33, 0x71, 0xC9, 0x33, 0x74, 0xCA, 0x33, 0x73, 0xCA, 0x33, 0x73, 0xCB, 0x33, 0x75, 0xCB, 0x34, 0x75, 0xCB, 0x34, 0x74, 0xCA, 0x33, 0x74, 0xCA, 
        0x32, 0x74, 0xCA, 0x32, 0x72, 0xCA, 0x34, 0x73, 0xCA, 0x34, 0x74, 0xCB, 0x31, 0x71, 0xC9, 0x32, 0x75, 0xCB, 0x2C, 0x6C, 0xC6, 0x18, 0x4D, 0xB4, 0x19, 0x50, 0xB7, 0x1B, 0x53, 0xB8, 0x15, 0x48, 0xB0, 0x16, 0x4B, 0xB1, 0x12, 0x44, 0xAB, 
        0x12, 0x45, 0xAC, 0x12, 0x46, 0xAC, 0x0F, 0x3F, 0xA6, 0x0E, 0x3B, 0xA1, 0x0D, 0x39, 0x9F, 0x0E, 0x3D, 0xA3, 0x0F, 0x3D, 0xA4, 0x0D, 0x3B, 0xA0, 0x0B, 0x38, 0x9B, 0x08, 0x31, 0x91, 0x07, 0x2A, 0x8A, 0x07, 0x2B, 0x87, 0x07, 0x2C, 0x87, 
        0x07, 0x2A, 0x86, 0x07, 0x29, 0x86, 0x07, 0x28, 0x84, 0x06, 0x28, 0x84, 0x07, 0x28, 0x84, 0x07, 0x28, 0x84, 0x06, 0x28, 0x82, 0x06, 0x28, 0x82, 0x06, 0x29, 0x82, 0x06, 0x29, 0x84, 0x06, 0x28, 0x84, 0x06, 0x29, 0x86, 0x06, 0x2A, 0x88, 
        0x07, 0x2C, 0x8A, 0x08, 0x30, 0x8B, 0x0B, 0x35, 0x93, 0x13, 0x44, 0xA4, 0x1D, 0x58, 0xB6, 0x2A, 0x6B, 0xC3, 0x29, 0x6A, 0xC4, 0x20, 0x5D, 0xBE, 0x20, 0x5F, 0xBE, 0x1F, 0x5E, 0xBD, 0x1E, 0x5C, 0xBD, 0x1D, 0x5A, 0xBB, 0x1C, 0x59, 0xBA, 
        0x1A, 0x59, 0xBA, 0x1A, 0x58, 0xBA, 0x19, 0x56, 0xB8, 0x19, 0x56, 0xB7, 0x19, 0x56, 0xB7, 0x1F, 0x5A, 0xBB, 0xA3, 0xBA, 0xE2, 0xBA, 0xCC, 0xE9, 0x6F, 0x94, 0xD1, 0x17, 0x52, 0xB6, 0x18, 0x54, 0xB5, 0x17, 0x52, 0xB5, 0x16, 0x51, 0xB5, 
        0x16, 0x51, 0xB5, 0x17, 0x52, 0xB6, 0x75, 0x98, 0xD3, 0xBA, 0xCB, 0xE9, 0xA0, 0xB8, 0xE1, 0x1B, 0x55, 0xB6, 0x16, 0x51, 0xB5, 0x17, 0x50, 0xB7, 0x18, 0x53, 0xB6, 0x17, 0x54, 0xB7, 0x1A, 0x59, 0xB9, 0x17, 0x55, 0xB7, 0x16, 0x53, 0xB5, 
        0x16, 0x53, 0xB6, 0x16, 0x55, 0xB8, 0x17, 0x55, 0xB9, 0x17, 0x56, 0xB8, 0x17, 0x57, 0xB8, 0x17, 0x57, 0xB8, 0x16, 0x55, 0xB7, 0x15, 0x53, 0xB4, 0x14, 0x4F, 0xB3, 0x12, 0x4D, 0xB1, 0x11, 0x4B, 0xAF, 0x11, 0x49, 0xAD, 0x11, 0x4B, 0xAE, 
        0x0F, 0x47, 0xAD, 0x0E, 0x45, 0xAA, 0x0F, 0x47, 0xAC, 0x10, 0x47, 0xAC, 0x0F, 0x46, 0xAC, 0x0E, 0x45, 0xAA, 0x0E, 0x45, 0xA9, 0x0E, 0x45, 0xA9, 0x0E, 0x44, 0xA8, 0x0D, 0x44, 0xA7, 0x0C, 0x42, 0xA7, 0x0C, 0x41, 0xA5, 0x0C, 0x41, 0xA5, 
        0x0B, 0x40, 0xA4, 0x0B, 0x40, 0xA4, 0x0B, 0x40, 0xA4, 0x0B, 0x3F, 0xA4, 0x0B, 0x3E, 0xA3, 0x0B, 0x3E, 0xA1, 0x0A, 0x3C, 0x9F, 0x0A, 0x3C, 0xA0, 0x0B, 0x41, 0xA5, 0x0B, 0x3E, 0xA2, 0x0A, 0x3B, 0xA2, 0x0D, 0x44, 0xAC, 0x10, 0x4D, 0xB2, 
        0x0C, 0x44, 0xAB, 0x0A, 0x3E, 0xA6, 0x0B, 0x3F, 0xA7, 0x0B, 0x3F, 0xA7, 0x0B, 0x40, 0xA9, 0x0B, 0x41, 0xAA, 0x0D, 0x44, 0xAD, 0x0C, 0x41, 0xAB, 0x0D, 0x44, 0xAE, 0x0E, 0x4A, 0xB2, 0x0D, 0x49, 0xB1, 0x0D, 0x47, 0xB0, 0x0D, 0x46, 0xB0, 
        0x0C, 0x45, 0xAF, 0x0B, 0x43, 0xAC, 0x0B, 0x42, 0xAC, 0x0A, 0x3F, 0xAB, 0x0A, 0x3E, 0xAA, 0x09, 0x3C, 0xA6, 0x08, 0x38, 0x9D, 0x06, 0x34, 0x9A, 0x05, 0x31, 0x98, 0x05, 0x31, 0x9A, 0x04, 0x2C, 0x94, 0x1A, 0x69, 0xC4, 0x47, 0x9D, 0xD8, 
        0x4C, 0x9F, 0xD8, 0x1C, 0x6D, 0xC4, 0x09, 0x2F, 0x82,
  0x5A, 0x8E, 0xD5, 0x37, 0x75, 0xCC, 0x39, 0x7A, 0xCD, 0x3A, 0x7B, 0xCD, 0x37, 0x77, 0xCB, 0x34, 0x73, 0xC9, 0x35, 0x74, 0xCB, 0x36, 0x74, 0xCB, 0x33, 0x76, 0xCA, 0x34, 0x75, 0xCB, 0x34, 0x75, 0xCB, 0x34, 0x75, 0xCB, 0x35, 0x76, 0xCB, 0x35, 0x75, 0xCA, 
        0x35, 0x75, 0xCA, 0x34, 0x74, 0xCA, 0x33, 0x74, 0xCA, 0x35, 0x74, 0xCA, 0x34, 0x74, 0xC9, 0x35, 0x79, 0xCC, 0x2B, 0x6C, 0xC6, 0x19, 0x4F, 0xB6, 0x19, 0x50, 0xB5, 0x1C, 0x56, 0xBA, 0x14, 0x47, 0xAE, 0x18, 0x50, 0xB7, 0x14, 0x47, 0xAE, 
        0x15, 0x49, 0xAE, 0x14, 0x47, 0xAD, 0x0E, 0x3C, 0xA3, 0x0D, 0x3B, 0xA2, 0x0B, 0x35, 0x9C, 0x0D, 0x38, 0x9E, 0x0F, 0x3E, 0xA4, 0x0E, 0x3C, 0xA1, 0x09, 0x33, 0x96, 0x07, 0x2D, 0x8E, 0x07, 0x2C, 0x8C, 0x07, 0x2B, 0x88, 0x07, 0x2B, 0x86, 
        0x07, 0x2B, 0x86, 0x07, 0x2A, 0x86, 0x07, 0x2A, 0x86, 0x07, 0x28, 0x84, 0x06, 0x28, 0x84, 0x07, 0x29, 0x85, 0x07, 0x2A, 0x86, 0x06, 0x29, 0x82, 0x06, 0x29, 0x82, 0x06, 0x29, 0x84, 0x07, 0x2A, 0x86, 0x07, 0x2B, 0x86, 0x07, 0x2B, 0x88, 
        0x08, 0x30, 0x8D, 0x0A, 0x33, 0x91, 0x0D, 0x3A, 0x98, 0x18, 0x4F, 0xAD, 0x25, 0x63, 0xBF, 0x26, 0x65, 0xBF, 0x23, 0x61, 0xBF, 0x23, 0x61, 0xC1, 0x22, 0x60, 0xBF, 0x20, 0x60, 0xBE, 0x1F, 0x5D, 0xBD, 0x1D, 0x5C, 0xBB, 0x1C, 0x59, 0xBB, 
        0x1B, 0x57, 0xBA, 0x1A, 0x57, 0xBA, 0x1A, 0x57, 0xBA, 0x1A, 0x55, 0xB8, 0x1A, 0x55, 0xB7, 0x18, 0x53, 0xB7, 0x4D, 0x7C, 0xC9, 0xBD, 0xD1, 0xED, 0xB3, 0xC8, 0xE8, 0x1D, 0x56, 0xB7, 0x17, 0x52, 0xB5, 0x18, 0x53, 0xB5, 0x16, 0x50, 0xB4, 
        0x16, 0x50, 0xB5, 0x20, 0x59, 0xBA, 0xB3, 0xC6, 0xE7, 0xBA, 0xCB, 0xE9, 0x45, 0x73, 0xC3, 0x17, 0x51, 0xB6, 0x18, 0x52, 0xB7, 0x18, 0x52, 0xB7, 0x18, 0x52, 0xB7, 0x16, 0x50, 0xB2, 0x16, 0x53, 0xB4, 0x15, 0x50, 0xB1, 0x15, 0x50, 0xB4, 
        0x16, 0x53, 0xB6, 0x15, 0x52, 0xB6, 0x16, 0x53, 0xB6, 0x16, 0x54, 0xB8, 0x16, 0x52, 0xB5, 0x16, 0x53, 0xB7, 0x15, 0x53, 0xB5, 0x15, 0x52, 0xB4, 0x14, 0x4F, 0xB3, 0x13, 0x4D, 0xB1, 0x11, 0x4A, 0xAE, 0x10, 0x48, 0xAC, 0x0F, 0x46, 0xAA, 
        0x10, 0x48, 0xAD, 0x17, 0x57, 0xB8, 0x11, 0x4C, 0xB2, 0x0E, 0x45, 0xA9, 0x10, 0x49, 0xAF, 0x10, 0x47, 0xAC, 0x0F, 0x46, 0xAC, 0x0E, 0x45, 0xAB, 0x0E, 0x45, 0xA9, 0x0E, 0x44, 0xA9, 0x0D, 0x44, 0xA7, 0x0C, 0x42, 0xA7, 0x0C, 0x41, 0xA5, 
        0x0B, 0x40, 0xA5, 0x0C, 0x40, 0xA4, 0x0C, 0x40, 0xA6, 0x0B, 0x3F, 0xA4, 0x0B, 0x3E, 0xA4, 0x0B, 0x3D, 0xA1, 0x0A, 0x3E, 0xA1, 0x0B, 0x3E, 0xA3, 0x0A, 0x3D, 0xA2, 0x0A, 0x3D, 0xA3, 0x0B, 0x3E, 0xA5, 0x0B, 0x3F, 0xA7, 0x0B, 0x42, 0xAA, 
        0x0B, 0x40, 0xAA, 0x0A, 0x3E, 0xA6, 0x0B, 0x3F, 0xA7, 0x0A, 0x3E, 0xA6, 0x0B, 0x41, 0xA9, 0x0F, 0x4A, 0xB0, 0x12, 0x51, 0xB5, 0x12, 0x52, 0xB7, 0x0E, 0x47, 0xB1, 0x0D, 0x45, 0xB0, 0x0E, 0x4A, 0xB2, 0x0D, 0x47, 0xB0, 0x0D, 0x47, 0xB0, 
        0x0C, 0x45, 0xB0, 0x0C, 0x43, 0xAE, 0x0B, 0x43, 0xAD, 0x0B, 0x42, 0xAC, 0x0A, 0x3F, 0xAB, 0x09, 0x3D, 0xA6, 0x08, 0x37, 0x9B, 0x06, 0x37, 0x9C, 0x06, 0x33, 0x9A, 0x05, 0x32, 0x9C, 0x05, 0x30, 0x9C, 0x31, 0x87, 0xD6, 0x50, 0xA6, 0xD9, 
        0x2A, 0x83, 0xD2, 0x0C, 0x43, 0xAC, 0x08, 0x2B, 0x7E,
  0x5D, 0x91, 0xD5, 0x36, 0x75, 0xCA, 0x36, 0x75, 0xCC, 0x36, 0x77, 0xCC, 0x36, 0x75, 0xCB, 0x36, 0x75, 0xCB, 0x36, 0x76, 0xCB, 0x35, 0x74, 0xCB, 0x36, 0x76, 0xCC, 0x36, 0x77, 0xCB, 0x35, 0x75, 0xCB, 0x35, 0x75, 0xCB, 0x36, 0x76, 0xCB, 0x36, 0x76, 0xCB, 
        0x38, 0x77, 0xCC, 0x36, 0x75, 0xCA, 0x35, 0x74, 0xCA, 0x36, 0x77, 0xCC, 0x35, 0x74, 0xC9, 0x37, 0x79, 0xCC, 0x2D, 0x6D, 0xC6, 0x19, 0x4F, 0xB6, 0x1C, 0x55, 0xBD, 0x1D, 0x56, 0xBB, 0x14, 0x47, 0xAE, 0x19, 0x4F, 0xB5, 0x17, 0x4C, 0xB3, 
        0x13, 0x47, 0xAC, 0x0F, 0x40, 0xA5, 0x0E, 0x3E, 0xA4, 0x12, 0x43, 0xAA, 0x0E, 0x3E, 0xA4, 0x0B, 0x35, 0x9C, 0x0C, 0x38, 0x9E, 0x0D, 0x3A, 0x9C, 0x09, 0x30, 0x92, 0x07, 0x2D, 0x8C, 0x07, 0x2D, 0x8C, 0x07, 0x2D, 0x89, 0x07, 0x2B, 0x86, 
        0x07, 0x29, 0x86, 0x07, 0x2A, 0x86, 0x07, 0x2A, 0x87, 0x07, 0x29, 0x86, 0x07, 0x29, 0x84, 0x07, 0x29, 0x84, 0x07, 0x29, 0x85, 0x06, 0x28, 0x84, 0x06, 0x29, 0x82, 0x06, 0x2A, 0x85, 0x07, 0x2B, 0x87, 0x07, 0x2C, 0x89, 0x07, 0x2A, 0x88, 
        0x0A, 0x30, 0x8F, 0x0D, 0x39, 0x97, 0x10, 0x3E, 0x9F, 0x15, 0x48, 0xA8, 0x23, 0x62, 0xBF, 0x26, 0x65, 0xC2, 0x23, 0x63, 0xBF, 0x24, 0x64, 0xC1, 0x22, 0x62, 0xBF, 0x21, 0x60, 0xBF, 0x20, 0x5F, 0xBD, 0x1F, 0x5D, 0xBD, 0x1E, 0x5C, 0xBB, 
        0x1C, 0x59, 0xBB, 0x1B, 0x58, 0xB8, 0x1A, 0x58, 0xB8, 0x1A, 0x57, 0xB8, 0x1A, 0x56, 0xB8, 0x19, 0x54, 0xB6, 0x1C, 0x5A, 0xB9, 0xAC, 0xC5, 0xE8, 0xBB, 0xCE, 0xEA, 0x4E, 0x7B, 0xC7, 0x17, 0x52, 0xB5, 0x18, 0x53, 0xB5, 0x17, 0x52, 0xB4, 
        0x16, 0x51, 0xB5, 0x59, 0x84, 0xCA, 0xBA, 0xCB, 0xE9, 0x9D, 0xB6, 0xE0, 0x17, 0x53, 0xB6, 0x16, 0x52, 0xB6, 0x17, 0x51, 0xB6, 0x17, 0x52, 0xB5, 0x17, 0x53, 0xB7, 0x16, 0x50, 0xB3, 0x16, 0x51, 0xB2, 0x16, 0x52, 0xB2, 0x16, 0x52, 0xB4, 
        0x16, 0x51, 0xB6, 0x16, 0x51, 0xB5, 0x16, 0x53, 0xB6, 0x16, 0x52, 0xB6, 0x15, 0x50, 0xB5, 0x15, 0x50, 0xB4, 0x15, 0x51, 0xB4, 0x14, 0x4F, 0xB2, 0x14, 0x4E, 0xB0, 0x12, 0x49, 0xAC, 0x11, 0x49, 0xAC, 0x11, 0x4A, 0xAE, 0x11, 0x48, 0xAE, 
        0x11, 0x4C, 0xB0, 0x19, 0x5C, 0xBA, 0x13, 0x51, 0xB4, 0x0F, 0x46, 0xAB, 0x10, 0x4A, 0xAD, 0x0F, 0x46, 0xAC, 0x0E, 0x45, 0xAA, 0x0E, 0x46, 0xAC, 0x0F, 0x47, 0xAC, 0x0F, 0x46, 0xAB, 0x0E, 0x44, 0xA9, 0x0D, 0x44, 0xA7, 0x0D, 0x43, 0xA7, 
        0x0C, 0x43, 0xA7, 0x0B, 0x41, 0xA5, 0x0B, 0x3F, 0xA3, 0x0C, 0x43, 0xA6, 0x0A, 0x3C, 0x9E, 0x09, 0x37, 0x9B, 0x0A, 0x3B, 0x9E, 0x0A, 0x3C, 0x9F, 0x0A, 0x3B, 0x9E, 0x0A, 0x3C, 0xA0, 0x0D, 0x44, 0xAB, 0x0B, 0x3E, 0xA2, 0x0A, 0x3B, 0xA1, 
        0x0A, 0x3E, 0xA5, 0x0B, 0x3F, 0xA5, 0x0B, 0x40, 0xA6, 0x0B, 0x3E, 0xA5, 0x0B, 0x3F, 0xA7, 0x0E, 0x48, 0xAF, 0x13, 0x55, 0xB8, 0x16, 0x5A, 0xBB, 0x10, 0x4B, 0xB2, 0x0D, 0x44, 0xAE, 0x0D, 0x45, 0xB0, 0x0E, 0x4A, 0xB3, 0x0E, 0x4A, 0xB2, 
        0x0D, 0x48, 0xB0, 0x0C, 0x44, 0xAF, 0x0B, 0x42, 0xAD, 0x0B, 0x42, 0xAC, 0x0A, 0x3F, 0xAB, 0x0A, 0x3E, 0xA9, 0x08, 0x39, 0xA1, 0x08, 0x38, 0xA1, 0x06, 0x36, 0x9D, 0x04, 0x2D, 0x96, 0x05, 0x31, 0x9A, 0x1B, 0x6B, 0xC5, 0x1B, 0x6F, 0xC6, 
        0x05, 0x35, 0x9D, 0x02, 0x1C, 0x79, 0x08, 0x2E, 0x81,
  0x65, 0x99, 0xD8, 0x3B, 0x7B, 0xCD, 0x36, 0x75, 0xCC, 0x38, 0x77, 0xCC, 0x38, 0x78, 0xCD, 0x39, 0x7A, 0xCC, 0x38, 0x78, 0xCC, 0x38, 0x77, 0xCC, 0x38, 0x77, 0xCC, 0x38, 0x77, 0xCC, 0x36, 0x76, 0xCB, 0x37, 0x76, 0xCB, 0x37, 0x76, 0xCB, 0x38, 0x78, 0xCD, 
        0x39, 0x78, 0xCD, 0x39, 0x78, 0xCA, 0x37, 0x75, 0xCA, 0x35, 0x75, 0xCA, 0x35, 0x72, 0xCA, 0x36, 0x77, 0xCB, 0x2E, 0x6A, 0xC6, 0x1A, 0x51, 0xB9, 0x1B, 0x52, 0xBB, 0x18, 0x4F, 0xB6, 0x18, 0x4D, 0xB4, 0x17, 0x4C, 0xB0, 0x13, 0x45, 0xAB, 
        0x13, 0x45, 0xAC, 0x11, 0x43, 0xA9, 0x11, 0x43, 0xA9, 0x12, 0x43, 0xA9, 0x11, 0x42, 0xA8, 0x0D, 0x3B, 0xA0, 0x0C, 0x36, 0x9A, 0x0B, 0x34, 0x94, 0x08, 0x2E, 0x8C, 0x07, 0x2C, 0x8B, 0x07, 0x2C, 0x8A, 0x07, 0x2E, 0x8A, 0x07, 0x2D, 0x89, 
        0x07, 0x2A, 0x87, 0x07, 0x2A, 0x86, 0x07, 0x2A, 0x86, 0x07, 0x2A, 0x87, 0x07, 0x2A, 0x87, 0x07, 0x29, 0x84, 0x07, 0x29, 0x84, 0x07, 0x2B, 0x87, 0x07, 0x2B, 0x88, 0x07, 0x2C, 0x87, 0x07, 0x2B, 0x89, 0x08, 0x2D, 0x8B, 0x08, 0x2E, 0x8C, 
        0x0B, 0x32, 0x91, 0x0D, 0x35, 0x95, 0x1A, 0x50, 0xAE, 0x2A, 0x6C, 0xC5, 0x2A, 0x6E, 0xC6, 0x25, 0x66, 0xC3, 0x25, 0x65, 0xC3, 0x22, 0x63, 0xBF, 0x22, 0x62, 0xBF, 0x21, 0x60, 0xBF, 0x20, 0x5E, 0xBE, 0x1F, 0x5D, 0xBB, 0x1F, 0x5C, 0xBB, 
        0x1E, 0x5D, 0xBB, 0x1D, 0x5C, 0xB9, 0x1B, 0x59, 0xB8, 0x1A, 0x58, 0xB7, 0x1A, 0x58, 0xB7, 0x1A, 0x57, 0xB8, 0x19, 0x55, 0xB6, 0x7C, 0x9D, 0xD4, 0xBA, 0xCC, 0xE9, 0xA5, 0xBD, 0xE2, 0x84, 0xA4, 0xD8, 0x84, 0xA4, 0xD8, 0x84, 0xA4, 0xD8, 
        0x83, 0xA4, 0xD8, 0xA7, 0xBE, 0xE4, 0xBA, 0xCB, 0xE9, 0x74, 0x98, 0xD3, 0x18, 0x54, 0xB6, 0x17, 0x53, 0xB4, 0x16, 0x50, 0xB4, 0x17, 0x51, 0xB4, 0x17, 0x52, 0xB3, 0x16, 0x52, 0xB3, 0x15, 0x50, 0xB3, 0x15, 0x51, 0xB2, 0x15, 0x51, 0xB2, 
        0x16, 0x50, 0xB4, 0x16, 0x51, 0xB6, 0x17, 0x52, 0xB5, 0x16, 0x51, 0xB5, 0x16, 0x50, 0xB5, 0x15, 0x4F, 0xB3, 0x15, 0x51, 0xB2, 0x15, 0x4F, 0xB0, 0x14, 0x4E, 0xB0, 0x12, 0x4A, 0xAD, 0x12, 0x4B, 0xAF, 0x11, 0x4A, 0xAE, 0x10, 0x4A, 0xAE, 
        0x10, 0x4B, 0xAF, 0x10, 0x48, 0xAD, 0x10, 0x49, 0xAE, 0x11, 0x4B, 0xB0, 0x11, 0x4B, 0xB0, 0x11, 0x4C, 0xB1, 0x12, 0x4D, 0xB2, 0x10, 0x49, 0xB1, 0x0F, 0x49, 0xAF, 0x0F, 0x48, 0xAC, 0x0E, 0x45, 0xA8, 0x0E, 0x45, 0xA9, 0x0C, 0x44, 0xA5, 
        0x0C, 0x43, 0xA5, 0x0C, 0x43, 0xA5, 0x0B, 0x42, 0xA4, 0x0B, 0x40, 0xA2, 0x0D, 0x46, 0xA7, 0x1A, 0x62, 0xBB, 0x0E, 0x45, 0xA9, 0x0A, 0x3B, 0x9E, 0x0C, 0x3E, 0xA1, 0x0B, 0x3C, 0x9E, 0x0B, 0x3D, 0xA0, 0x0B, 0x3D, 0x9F, 0x0B, 0x3E, 0xA0, 
        0x0B, 0x3E, 0xA2, 0x0B, 0x40, 0xA4, 0x0B, 0x40, 0xA5, 0x0C, 0x40, 0xA6, 0x0C, 0x40, 0xA7, 0x0C, 0x3F, 0xA7, 0x0C, 0x42, 0xAB, 0x0D, 0x45, 0xAC, 0x0D, 0x42, 0xAB, 0x0F, 0x49, 0xB2, 0x0D, 0x47, 0xB1, 0x0E, 0x46, 0xB1, 0x0D, 0x48, 0xB0, 
        0x0D, 0x47, 0xB0, 0x0D, 0x47, 0xB0, 0x0D, 0x46, 0xB0, 0x0C, 0x43, 0xAD, 0x0B, 0x40, 0xAB, 0x0A, 0x3F, 0xA9, 0x09, 0x3C, 0xA6, 0x08, 0x3A, 0xA4, 0x08, 0x37, 0xA0, 0x05, 0x30, 0x97, 0x05, 0x2E, 0x93, 0x04, 0x2D, 0x8F, 0x02, 0x28, 0x86, 
        0x02, 0x23, 0x80, 0x02, 0x22, 0x7B, 0x08, 0x2F, 0x80,
  0x61, 0x95, 0xD7, 0x3B, 0x79, 0xCD, 0x38, 0x78, 0xCC, 0x39, 0x78, 0xCD, 0x39, 0x78, 0xCD, 0x3A, 0x7A, 0xCD, 0x3A, 0x7A, 0xCC, 0x3A, 0x7A, 0xCC, 0x39, 0x79, 0xCC, 0x38, 0x79, 0xCC, 0x38, 0x79, 0xCC, 0x37, 0x79, 0xCB, 0x37, 0x78, 0xCB, 0x38, 0x78, 0xCB, 
        0x39, 0x78, 0xCB, 0x3A, 0x79, 0xCD, 0x39, 0x77, 0xCA, 0x35, 0x72, 0xCA, 0x36, 0x75, 0xCA, 0x37, 0x78, 0xCC, 0x2B, 0x67, 0xC3, 0x1C, 0x54, 0xBB, 0x1B, 0x54, 0xBA, 0x19, 0x4F, 0xB7, 0x1A, 0x4F, 0xB6, 0x17, 0x49, 0xAF, 0x11, 0x40, 0xA6, 
        0x12, 0x41, 0xAA, 0x13, 0x45, 0xAD, 0x0E, 0x3D, 0xA3, 0x0D, 0x3B, 0xA0, 0x0E, 0x3C, 0xA2, 0x0E, 0x3C, 0xA2, 0x0D, 0x39, 0x9D, 0x0A, 0x32, 0x92, 0x08, 0x2D, 0x8B, 0x08, 0x2E, 0x8C, 0x07, 0x2C, 0x8B, 0x07, 0x2B, 0x88, 0x07, 0x2B, 0x88, 
        0x07, 0x2B, 0x88, 0x08, 0x2B, 0x8A, 0x08, 0x2B, 0x88, 0x08, 0x2C, 0x89, 0x08, 0x2A, 0x88, 0x08, 0x2A, 0x88, 0x07, 0x2C, 0x87, 0x07, 0x2D, 0x89, 0x07, 0x2D, 0x8A, 0x07, 0x2C, 0x88, 0x06, 0x2B, 0x87, 0x07, 0x2C, 0x89, 0x08, 0x2E, 0x8C, 
        0x0B, 0x34, 0x92, 0x17, 0x48, 0xA6, 0x29, 0x69, 0xC1, 0x34, 0x7B, 0xCB, 0x28, 0x6B, 0xC4, 0x2A, 0x6E, 0xC7, 0x26, 0x69, 0xC4, 0x22, 0x62, 0xC0, 0x22, 0x63, 0xBF, 0x21, 0x61, 0xBF, 0x21, 0x5F, 0xBE, 0x20, 0x5E, 0xBE, 0x1F, 0x5D, 0xBB, 
        0x1E, 0x5C, 0xBB, 0x1E, 0x5C, 0xBB, 0x1D, 0x5A, 0xB9, 0x1C, 0x58, 0xB8, 0x1A, 0x57, 0xB7, 0x1A, 0x57, 0xB7, 0x1A, 0x56, 0xB8, 0x6F, 0x96, 0xD2, 0xBB, 0xCD, 0xEA, 0xBB, 0xCD, 0xEA, 0xBB, 0xCD, 0xEA, 0xBB, 0xCC, 0xE9, 0xBA, 0xCC, 0xE9, 
        0xBA, 0xCC, 0xE9, 0xBA, 0xCC, 0xEA, 0xBA, 0xCC, 0xEA, 0x67, 0x8E, 0xCF, 0x16, 0x51, 0xB4, 0x18, 0x53, 0xB6, 0x17, 0x52, 0xB4, 0x16, 0x51, 0xB4, 0x17, 0x52, 0xB6, 0x16, 0x52, 0xB3, 0x16, 0x52, 0xB3, 0x16, 0x52, 0xB5, 0x17, 0x52, 0xB4, 
        0x16, 0x51, 0xB4, 0x16, 0x51, 0xB6, 0x17, 0x52, 0xB6, 0x17, 0x52, 0xB5, 0x16, 0x51, 0xB5, 0x15, 0x4F, 0xB3, 0x14, 0x4E, 0xB0, 0x14, 0x4E, 0xB0, 0x13, 0x4B, 0xAF, 0x12, 0x4A, 0xAF, 0x11, 0x4A, 0xAD, 0x11, 0x49, 0xAC, 0x12, 0x4A, 0xAF, 
        0x13, 0x4F, 0xB3, 0x11, 0x4B, 0xAF, 0x11, 0x49, 0xAE, 0x11, 0x4B, 0xB0, 0x13, 0x4F, 0xB3, 0x17, 0x57, 0xB8, 0x19, 0x5B, 0xBB, 0x13, 0x50, 0xB4, 0x10, 0x49, 0xAF, 0x10, 0x49, 0xAF, 0x0F, 0x48, 0xAB, 0x0E, 0x45, 0xA9, 0x0E, 0x45, 0xA8, 
        0x0D, 0x44, 0xA5, 0x0C, 0x42, 0xA5, 0x0C, 0x41, 0xA4, 0x0A, 0x3C, 0x9E, 0x0F, 0x47, 0xAA, 0x1E, 0x6B, 0xC0, 0x10, 0x49, 0xAC, 0x0A, 0x38, 0x9B, 0x0B, 0x3D, 0xA0, 0x0A, 0x3B, 0x9D, 0x09, 0x37, 0x9A, 0x0B, 0x3C, 0x9F, 0x0C, 0x41, 0xA5, 
        0x0B, 0x41, 0xA4, 0x0C, 0x40, 0xA4, 0x0B, 0x40, 0xA7, 0x0C, 0x41, 0xA8, 0x0C, 0x41, 0xA7, 0x0C, 0x41, 0xA9, 0x0D, 0x43, 0xAB, 0x0C, 0x42, 0xAB, 0x0D, 0x45, 0xAE, 0x15, 0x59, 0xBB, 0x14, 0x59, 0xBB, 0x0E, 0x47, 0xB1, 0x0D, 0x47, 0xB1, 
        0x0D, 0x47, 0xB0, 0x10, 0x50, 0xB6, 0x15, 0x5C, 0xBD, 0x0E, 0x49, 0xB2, 0x0C, 0x42, 0xAD, 0x0A, 0x3F, 0xA9, 0x09, 0x3E, 0xA8, 0x08, 0x39, 0xA3, 0x06, 0x36, 0x9E, 0x08, 0x36, 0xA0, 0x06, 0x33, 0x99, 0x03, 0x29, 0x8C, 0x02, 0x28, 0x88, 
        0x02, 0x25, 0x83, 0x02, 0x27, 0x84, 0x08, 0x2F, 0x82,
  0x5F, 0x91, 0xD6, 0x3B, 0x78, 0xCC, 0x39, 0x79, 0xCC, 0x39, 0x79, 0xCC, 0x39, 0x7A, 0xCD, 0x3B, 0x7B, 0xCD, 0x3A, 0x7B, 0xCD, 0x3A, 0x7B, 0xCC, 0x3A, 0x7A, 0xCC, 0x3A, 0x79, 0xCC, 0x3A, 0x79, 0xCC, 0x3A, 0x79, 0xCC, 0x39, 0x79, 0xCB, 0x39, 0x78, 0xCD, 
        0x39, 0x78, 0xCB, 0x38, 0x76, 0xCB, 0x39, 0x78, 0xCD, 0x39, 0x78, 0xCC, 0x36, 0x77, 0xCC, 0x36, 0x78, 0xCC, 0x29, 0x65, 0xC4, 0x1B, 0x51, 0xB8, 0x1E, 0x56, 0xBB, 0x1B, 0x51, 0xB8, 0x19, 0x4C, 0xB3, 0x16, 0x48, 0xAF, 0x13, 0x41, 0xA8, 
        0x11, 0x40, 0xA6, 0x12, 0x41, 0xA8, 0x0E, 0x3B, 0xA1, 0x0D, 0x38, 0x9E, 0x0E, 0x3C, 0xA0, 0x0E, 0x3B, 0xA0, 0x0B, 0x35, 0x99, 0x09, 0x2F, 0x91, 0x08, 0x2C, 0x8B, 0x09, 0x2F, 0x8D, 0x08, 0x2D, 0x8B, 0x07, 0x2B, 0x88, 0x07, 0x2B, 0x88, 
        0x07, 0x2C, 0x89, 0x08, 0x2C, 0x8A, 0x08, 0x2B, 0x8A, 0x08, 0x2B, 0x88, 0x08, 0x2B, 0x88, 0x08, 0x2A, 0x89, 0x07, 0x2A, 0x86, 0x07, 0x28, 0x83, 0x07, 0x2B, 0x88, 0x07, 0x2C, 0x89, 0x08, 0x2C, 0x8A, 0x08, 0x2F, 0x8D, 0x0A, 0x31, 0x90, 
        0x14, 0x44, 0xA2, 0x23, 0x5E, 0xBA, 0x2F, 0x72, 0xC6, 0x31, 0x75, 0xC9, 0x25, 0x66, 0xC3, 0x2D, 0x73, 0xCA, 0x2A, 0x6E, 0xC7, 0x23, 0x63, 0xC0, 0x24, 0x63, 0xC0, 0x22, 0x61, 0xBF, 0x21, 0x60, 0xBE, 0x21, 0x5E, 0xBE, 0x20, 0x5D, 0xBE, 
        0x1F, 0x5E, 0xBB, 0x1E, 0x5C, 0xBB, 0x1E, 0x5C, 0xBB, 0x1D, 0x59, 0xB9, 0x1C, 0x58, 0xB8, 0x1C, 0x58, 0xB7, 0x1A, 0x57, 0xB8, 0x48, 0x79, 0xC6, 0x8A, 0xA9, 0xDB, 0xAA, 0xC0, 0xE5, 0xBB, 0xCD, 0xEA, 0xBB, 0xCC, 0xE9, 0xBA, 0xCC, 0xE9, 
        0xBA, 0xCC, 0xE9, 0xBA, 0xCC, 0xE9, 0xBA, 0xCC, 0xEA, 0x64, 0x8C, 0xCD, 0x16, 0x51, 0xB4, 0x17, 0x53, 0xB5, 0x18, 0x51, 0xB4, 0x18, 0x51, 0xB4, 0x18, 0x53, 0xB6, 0x17, 0x52, 0xB6, 0x16, 0x52, 0xB3, 0x17, 0x54, 0xB5, 0x17, 0x53, 0xB5, 
        0x16, 0x51, 0xB4, 0x16, 0x52, 0xB6, 0x17, 0x52, 0xB6, 0x17, 0x52, 0xB6, 0x16, 0x51, 0xB5, 0x15, 0x50, 0xB3, 0x14, 0x4E, 0xB1, 0x14, 0x4E, 0xB1, 0x13, 0x4D, 0xB0, 0x13, 0x4E, 0xB2, 0x12, 0x4B, 0xB0, 0x17, 0x58, 0xB8, 0x1C, 0x5F, 0xBD, 
        0x1F, 0x65, 0xC0, 0x1E, 0x64, 0xC0, 0x17, 0x56, 0xB8, 0x12, 0x4C, 0xB0, 0x13, 0x4D, 0xB2, 0x16, 0x54, 0xB6, 0x17, 0x57, 0xB9, 0x13, 0x50, 0xB4, 0x12, 0x4D, 0xB1, 0x13, 0x4E, 0xB2, 0x11, 0x4C, 0xAF, 0x0F, 0x46, 0xA9, 0x0F, 0x45, 0xA9, 
        0x0F, 0x46, 0xAB, 0x0C, 0x43, 0xA5, 0x0C, 0x42, 0xA5, 0x0D, 0x44, 0xA7, 0x0B, 0x3E, 0xA1, 0x0B, 0x3F, 0xA1, 0x0B, 0x3D, 0xA0, 0x0A, 0x3B, 0x9D, 0x0B, 0x3E, 0xA1, 0x0B, 0x3E, 0xA1, 0x0C, 0x3F, 0xA3, 0x0B, 0x3E, 0xA0, 0x0B, 0x3E, 0xA3, 
        0x0C, 0x40, 0xA5, 0x0B, 0x3F, 0xA4, 0x0C, 0x40, 0xA5, 0x0C, 0x41, 0xA8, 0x0C, 0x40, 0xA8, 0x0C, 0x40, 0xA7, 0x0D, 0x43, 0xAB, 0x0D, 0x42, 0xAB, 0x0E, 0x47, 0xAF, 0x16, 0x5D, 0xBD, 0x17, 0x5D, 0xBE, 0x0F, 0x4B, 0xB4, 0x0E, 0x48, 0xB1, 
        0x0D, 0x47, 0xB1, 0x0F, 0x4D, 0xB4, 0x14, 0x56, 0xBA, 0x0E, 0x49, 0xB1, 0x0B, 0x40, 0xAD, 0x0A, 0x3F, 0xAA, 0x0A, 0x40, 0xA9, 0x08, 0x3B, 0xA6, 0x08, 0x38, 0xA1, 0x06, 0x36, 0x9E, 0x06, 0x33, 0x9A, 0x05, 0x30, 0x94, 0x03, 0x2B, 0x8C, 
        0x02, 0x27, 0x87, 0x02, 0x28, 0x86, 0x08, 0x30, 0x83,
  0x60, 0x92, 0xD6, 0x3C, 0x79, 0xCD, 0x39, 0x79, 0xCC, 0x39, 0x79, 0xCC, 0x39, 0x79, 0xCC, 0x3B, 0x7A, 0xCD, 0x3B, 0x7A, 0xCD, 0x3B, 0x7B, 0xCD, 0x3A, 0x7B, 0xCC, 0x3B, 0x7B, 0xCD, 0x3B, 0x7A, 0xCD, 0x3B, 0x7A, 0xCD, 0x3A, 0x7A, 0xCD, 0x39, 0x7A, 0xCB, 
        0x3A, 0x7B, 0xCD, 0x39, 0x78, 0xCB, 0x36, 0x75, 0xCB, 0x3A, 0x7B, 0xCD, 0x38, 0x77, 0xCC, 0x34, 0x75, 0xCA, 0x22, 0x59, 0xBB, 0x18, 0x4B, 0xB2, 0x1F, 0x57, 0xBC, 0x1F, 0x57, 0xBB, 0x18, 0x4C, 0xB3, 0x18, 0x4B, 0xB1, 0x19, 0x4C, 0xB1, 
        0x16, 0x47, 0xAD, 0x14, 0x45, 0xAB, 0x13, 0x41, 0xA7, 0x12, 0x41, 0xA8, 0x11, 0x41, 0xA5, 0x0E, 0x3A, 0x9D, 0x0A, 0x32, 0x96, 0x09, 0x2F, 0x91, 0x09, 0x2E, 0x8F, 0x09, 0x2F, 0x8E, 0x09, 0x2D, 0x8B, 0x08, 0x2C, 0x89, 0x08, 0x2C, 0x8B, 
        0x07, 0x2C, 0x89, 0x07, 0x2B, 0x88, 0x07, 0x2C, 0x89, 0x07, 0x2A, 0x88, 0x07, 0x2B, 0x87, 0x07, 0x2A, 0x86, 0x07, 0x2A, 0x86, 0x07, 0x2C, 0x89, 0x07, 0x2D, 0x8A, 0x07, 0x2B, 0x88, 0x06, 0x2A, 0x88, 0x09, 0x31, 0x8F, 0x0C, 0x38, 0x96, 
        0x17, 0x4A, 0xA7, 0x27, 0x64, 0xBF, 0x2D, 0x70, 0xC5, 0x27, 0x67, 0xC3, 0x27, 0x67, 0xC4, 0x26, 0x69, 0xC4, 0x25, 0x68, 0xC4, 0x26, 0x66, 0xC2, 0x25, 0x65, 0xC2, 0x24, 0x63, 0xC0, 0x22, 0x61, 0xBF, 0x21, 0x60, 0xBE, 0x21, 0x5E, 0xBE, 
        0x20, 0x5E, 0xBE, 0x1F, 0x5E, 0xBD, 0x1F, 0x5D, 0xBB, 0x1E, 0x5A, 0xBB, 0x1E, 0x5A, 0xB9, 0x1D, 0x58, 0xB8, 0x1B, 0x57, 0xB8, 0x38, 0x6D, 0xC1, 0x51, 0x7F, 0xCA, 0x51, 0x7F, 0xC9, 0x5E, 0x88, 0xCD, 0x7D, 0x9E, 0xD6, 0x9D, 0xB6, 0xE0, 
        0xBA, 0xCD, 0xEA, 0xBA, 0xCB, 0xE9, 0xBA, 0xCB, 0xE9, 0x65, 0x8D, 0xCF, 0x19, 0x54, 0xB7, 0x18, 0x52, 0xB5, 0x18, 0x52, 0xB5, 0x18, 0x52, 0xB4, 0x18, 0x53, 0xB6, 0x18, 0x53, 0xB6, 0x17, 0x52, 0xB6, 0x18, 0x54, 0xB5, 0x18, 0x55, 0xB7, 
        0x17, 0x51, 0xB5, 0x18, 0x53, 0xB6, 0x17, 0x53, 0xB6, 0x17, 0x52, 0xB6, 0x17, 0x52, 0xB6, 0x16, 0x50, 0xB3, 0x15, 0x51, 0xB5, 0x14, 0x4C, 0xB1, 0x11, 0x48, 0xAD, 0x12, 0x4C, 0xB0, 0x14, 0x4E, 0xB4, 0x1F, 0x66, 0xC1, 0x26, 0x72, 0xC8, 
        0x26, 0x71, 0xC6, 0x22, 0x6A, 0xC2, 0x17, 0x57, 0xB8, 0x13, 0x4E, 0xB3, 0x14, 0x51, 0xB4, 0x14, 0x51, 0xB5, 0x14, 0x4F, 0xB5, 0x13, 0x4F, 0xB5, 0x14, 0x50, 0xB4, 0x13, 0x4D, 0xB1, 0x11, 0x49, 0xAD, 0x11, 0x49, 0xAD, 0x0E, 0x44, 0xA8, 
        0x0E, 0x44, 0xA8, 0x0F, 0x45, 0xA9, 0x0D, 0x43, 0xA5, 0x0B, 0x3E, 0xA2, 0x0B, 0x3E, 0xA1, 0x0B, 0x3E, 0xA1, 0x0C, 0x40, 0xA3, 0x0C, 0x42, 0xA4, 0x0C, 0x43, 0xA6, 0x0C, 0x42, 0xA6, 0x0D, 0x43, 0xA7, 0x0B, 0x3E, 0x9F, 0x0B, 0x3E, 0xA0, 
        0x0B, 0x3E, 0xA3, 0x0B, 0x3E, 0xA3, 0x0C, 0x40, 0xA5, 0x0C, 0x40, 0xA7, 0x0C, 0x40, 0xA7, 0x0C, 0x40, 0xA7, 0x0D, 0x43, 0xA9, 0x0D, 0x43, 0xAB, 0x0D, 0x43, 0xAC, 0x0F, 0x4C, 0xB2, 0x10, 0x4D, 0xB5, 0x0E, 0x46, 0xB1, 0x0F, 0x4C, 0xB4, 
        0x0F, 0x4B, 0xB3, 0x0E, 0x48, 0xB1, 0x0D, 0x47, 0xB0, 0x0C, 0x45, 0xAF, 0x0C, 0x45, 0xAF, 0x0B, 0x40, 0xAC, 0x0A, 0x3F, 0xAA, 0x08, 0x3B, 0xA6, 0x08, 0x3B, 0xA3, 0x06, 0x33, 0x9B, 0x05, 0x30, 0x96, 0x04, 0x2F, 0x94, 0x03, 0x2D, 0x8E, 
        0x02, 0x27, 0x88, 0x02, 0x25, 0x84, 0x08, 0x31, 0x85,
  0x61, 0x94, 0xD6, 0x3F, 0x7C, 0xCD, 0x3C, 0x7C, 0xCE, 0x3C, 0x7B, 0xCC, 0x3B, 0x7B, 0xCC, 0x3C, 0x7B, 0xCC, 0x3C, 0x7A, 0xCD, 0x3E, 0x7B, 0xCD, 0x3B, 0x7D, 0xCD, 0x3D, 0x7D, 0xCE, 0x3D, 0x7D, 0xCE, 0x3D, 0x7C, 0xCE, 0x3B, 0x7C, 0xCC, 0x3B, 0x7C, 0xCC, 
        0x39, 0x79, 0xCB, 0x37, 0x76, 0xCB, 0x37, 0x76, 0xCB, 0x36, 0x76, 0xCB, 0x39, 0x7B, 0xCD, 0x38, 0x78, 0xCC, 0x25, 0x5E, 0xBE, 0x19, 0x4D, 0xB3, 0x1E, 0x56, 0xBB, 0x21, 0x5A, 0xBD, 0x1A, 0x4E, 0xB3, 0x17, 0x4A, 0xAF, 0x18, 0x4B, 0xB1, 
        0x16, 0x47, 0xAE, 0x12, 0x40, 0xA5, 0x12, 0x40, 0xA5, 0x14, 0x44, 0xA8, 0x11, 0x3F, 0xA3, 0x0C, 0x36, 0x99, 0x0A, 0x33, 0x94, 0x09, 0x30, 0x91, 0x09, 0x2D, 0x8F, 0x09, 0x2F, 0x8F, 0x09, 0x2D, 0x8B, 0x08, 0x2C, 0x89, 0x09, 0x2D, 0x8B, 
        0x08, 0x2C, 0x8B, 0x07, 0x2B, 0x88, 0x07, 0x2B, 0x88, 0x07, 0x2B, 0x88, 0x07, 0x2A, 0x88, 0x07, 0x2A, 0x86, 0x07, 0x2B, 0x87, 0x07, 0x2C, 0x88, 0x08, 0x2D, 0x8A, 0x07, 0x2A, 0x88, 0x08, 0x2B, 0x8A, 0x0C, 0x37, 0x96, 0x14, 0x45, 0xA5, 
        0x1F, 0x58, 0xB3, 0x20, 0x58, 0xB5, 0x1C, 0x52, 0xB1, 0x27, 0x68, 0xC2, 0x29, 0x6C, 0xC4, 0x26, 0x66, 0xC4, 0x27, 0x6A, 0xC4, 0x28, 0x68, 0xC3, 0x26, 0x66, 0xC2, 0x26, 0x65, 0xC2, 0x25, 0x63, 0xC0, 0x24, 0x61, 0xBF, 0x24, 0x61, 0xBF, 
        0x21, 0x60, 0xBE, 0x21, 0x5F, 0xBE, 0x20, 0x5F, 0xBD, 0x1F, 0x5C, 0xBB, 0x1E, 0x5A, 0xBB, 0x1E, 0x59, 0xB9, 0x1D, 0x57, 0xB8, 0x67, 0x8F, 0xCF, 0xBB, 0xCD, 0xEA, 0xBB, 0xCD, 0xEA, 0xBB, 0xCD, 0xEA, 0xBB, 0xCD, 0xEA, 0xBB, 0xCD, 0xEA, 
        0xBB, 0xCD, 0xEA, 0xBB, 0xCE, 0xEB, 0xBA, 0xCC, 0xEA, 0x5D, 0x86, 0xCC, 0x1A, 0x56, 0xB7, 0x18, 0x52, 0xB5, 0x18, 0x51, 0xB5, 0x19, 0x54, 0xB7, 0x19, 0x54, 0xB6, 0x19, 0x54, 0xB6, 0x18, 0x53, 0xB6, 0x18, 0x53, 0xB6, 0x18, 0x54, 0xB7, 
        0x18, 0x54, 0xB7, 0x18, 0x54, 0xB7, 0x18, 0x54, 0xB6, 0x17, 0x54, 0xB6, 0x17, 0x52, 0xB6, 0x16, 0x51, 0xB6, 0x17, 0x53, 0xB5, 0x1A, 0x5A, 0xB9, 0x17, 0x54, 0xB6, 0x11, 0x48, 0xAE, 0x15, 0x50, 0xB5, 0x20, 0x69, 0xC3, 0x27, 0x74, 0xC9, 
        0x22, 0x69, 0xC3, 0x19, 0x57, 0xB8, 0x15, 0x4F, 0xB4, 0x15, 0x53, 0xB6, 0x17, 0x55, 0xB7, 0x16, 0x53, 0xB6, 0x16, 0x53, 0xB6, 0x15, 0x52, 0xB6, 0x15, 0x51, 0xB5, 0x13, 0x4E, 0xB1, 0x10, 0x48, 0xAC, 0x11, 0x49, 0xAD, 0x10, 0x48, 0xAC, 
        0x0F, 0x45, 0xA9, 0x0E, 0x43, 0xA6, 0x0D, 0x41, 0xA5, 0x0D, 0x42, 0xA5, 0x0F, 0x47, 0xAB, 0x0D, 0x41, 0xA5, 0x0C, 0x42, 0xA5, 0x0B, 0x3F, 0xA1, 0x0B, 0x3F, 0xA1, 0x0B, 0x3F, 0xA2, 0x0B, 0x3E, 0xA1, 0x0B, 0x3E, 0xA1, 0x0B, 0x3E, 0xA0, 
        0x0B, 0x3E, 0xA3, 0x0C, 0x3E, 0xA3, 0x0C, 0x40, 0xA6, 0x0C, 0x41, 0xA7, 0x0D, 0x41, 0xA8, 0x0D, 0x43, 0xAA, 0x0C, 0x43, 0xA8, 0x0D, 0x44, 0xAB, 0x0D, 0x45, 0xAC, 0x0E, 0x46, 0xAE, 0x0E, 0x4A, 0xB1, 0x0F, 0x4C, 0xB3, 0x0F, 0x4C, 0xB4, 
        0x10, 0x4E, 0xB5, 0x0F, 0x4C, 0xB4, 0x0D, 0x46, 0xB1, 0x0C, 0x45, 0xAF, 0x0C, 0x44, 0xAD, 0x0B, 0x43, 0xAC, 0x0B, 0x42, 0xAC, 0x09, 0x3E, 0xA9, 0x0B, 0x43, 0xAB, 0x09, 0x3C, 0xA6, 0x06, 0x34, 0x9A, 0x05, 0x32, 0x97, 0x04, 0x30, 0x95, 
        0x04, 0x2E, 0x8F, 0x02, 0x26, 0x86, 0x08, 0x2F, 0x83,
  0x62, 0x94, 0xD6, 0x40, 0x7D, 0xCE, 0x40, 0x7F, 0xCE, 0x3E, 0x7E, 0xCE, 0x3E, 0x7C, 0xCD, 0x3E, 0x7C, 0xCD, 0x3E, 0x7B, 0xCD, 0x3E, 0x7D, 0xCD, 0x3E, 0x7D, 0xCE, 0x3D, 0x7D, 0xCF, 0x3D, 0x7D, 0xCE, 0x3D, 0x7D, 0xCE, 0x3D, 0x7C, 0xCE, 0x3B, 0x79, 0xCC, 
        0x3A, 0x79, 0xCC, 0x50, 0x8E, 0xD5, 0x54, 0x91, 0xD8, 0x39, 0x79, 0xCD, 0x34, 0x73, 0xCA, 0x2F, 0x6D, 0xC8, 0x22, 0x59, 0xBA, 0x1B, 0x4F, 0xB6, 0x1A, 0x4F, 0xB6, 0x21, 0x5B, 0xBE, 0x1F, 0x56, 0xB9, 0x19, 0x4C, 0xB1, 0x17, 0x49, 0xAE, 
        0x17, 0x49, 0xAF, 0x13, 0x40, 0xA9, 0x10, 0x3D, 0xA3, 0x12, 0x41, 0xA5, 0x0F, 0x3A, 0x9E, 0x09, 0x30, 0x94, 0x0A, 0x32, 0x94, 0x0A, 0x31, 0x92, 0x09, 0x2D, 0x8D, 0x09, 0x2E, 0x8D, 0x08, 0x2D, 0x8C, 0x08, 0x2B, 0x88, 0x08, 0x2C, 0x89, 
        0x08, 0x2C, 0x89, 0x08, 0x2C, 0x8B, 0x07, 0x2C, 0x89, 0x07, 0x2B, 0x88, 0x07, 0x2C, 0x89, 0x08, 0x2B, 0x8A, 0x07, 0x2A, 0x86, 0x07, 0x2A, 0x86, 0x09, 0x2E, 0x8D, 0x08, 0x2E, 0x8B, 0x08, 0x2D, 0x8B, 0x0D, 0x37, 0x96, 0x14, 0x44, 0xA4, 
        0x18, 0x4B, 0xAA, 0x18, 0x4C, 0xAA, 0x15, 0x46, 0xA6, 0x2D, 0x70, 0xC7, 0x2C, 0x72, 0xC8, 0x29, 0x6C, 0xC6, 0x2A, 0x6D, 0xC6, 0x28, 0x69, 0xC4, 0x26, 0x66, 0xC3, 0x26, 0x66, 0xC2, 0x25, 0x65, 0xC2, 0x25, 0x61, 0xC0, 0x24, 0x61, 0xBF, 
        0x21, 0x61, 0xBF, 0x21, 0x60, 0xBF, 0x21, 0x60, 0xBF, 0x20, 0x5E, 0xBD, 0x1F, 0x5C, 0xBB, 0x1E, 0x59, 0xB9, 0x1D, 0x59, 0xBB, 0x23, 0x5C, 0xBC, 0x6C, 0x93, 0xD2, 0xBB, 0xCD, 0xEA, 0xBC, 0xCD, 0xEA, 0xBC, 0xCE, 0xEB, 0xBB, 0xCD, 0xEA, 
        0xBB, 0xCD, 0xEB, 0xBC, 0xD0, 0xEC, 0x72, 0x99, 0xD5, 0x1C, 0x55, 0xB7, 0x1A, 0x55, 0xB8, 0x1A, 0x54, 0xB7, 0x19, 0x52, 0xB5, 0x1A, 0x54, 0xB7, 0x1A, 0x56, 0xB9, 0x19, 0x54, 0xB6, 0x18, 0x52, 0xB4, 0x18, 0x53, 0xB6, 0x18, 0x53, 0xB6, 
        0x18, 0x54, 0xB7, 0x18, 0x55, 0xB7, 0x18, 0x54, 0xB8, 0x18, 0x55, 0xB7, 0x17, 0x54, 0xB6, 0x16, 0x51, 0xB6, 0x15, 0x50, 0xB4, 0x24, 0x6B, 0xC3, 0x21, 0x6A, 0xC3, 0x10, 0x47, 0xAE, 0x12, 0x4C, 0xB3, 0x1F, 0x66, 0xC1, 0x23, 0x6C, 0xC5, 
        0x1A, 0x5A, 0xBA, 0x13, 0x4C, 0xB2, 0x15, 0x50, 0xB4, 0x17, 0x54, 0xB7, 0x15, 0x53, 0xB6, 0x17, 0x55, 0xB7, 0x17, 0x55, 0xB8, 0x16, 0x54, 0xB6, 0x16, 0x54, 0xB6, 0x16, 0x51, 0xB5, 0x12, 0x4C, 0xB1, 0x11, 0x48, 0xAC, 0x11, 0x48, 0xAC, 
        0x10, 0x48, 0xAC, 0x0F, 0x45, 0xA9, 0x0F, 0x44, 0xA8, 0x0F, 0x44, 0xA8, 0x11, 0x49, 0xAD, 0x0D, 0x41, 0xA5, 0x0C, 0x41, 0xA5, 0x0B, 0x40, 0xA2, 0x0B, 0x3D, 0xA0, 0x0B, 0x3F, 0xA2, 0x0B, 0x3F, 0xA1, 0x0C, 0x3F, 0xA4, 0x0B, 0x3E, 0xA2, 
        0x0C, 0x3F, 0xA3, 0x0C, 0x41, 0xA6, 0x0C, 0x40, 0xA8, 0x0D, 0x41, 0xA9, 0x0D, 0x43, 0xAA, 0x10, 0x46, 0xAD, 0x0E, 0x47, 0xAC, 0x0D, 0x44, 0xAC, 0x0E, 0x48, 0xAE, 0x0F, 0x4A, 0xB1, 0x0F, 0x4A, 0xB2, 0x0F, 0x4C, 0xB3, 0x0F, 0x4C, 0xB5, 
        0x0F, 0x4C, 0xB4, 0x0E, 0x49, 0xB2, 0x0E, 0x4B, 0xB2, 0x0E, 0x4A, 0xB2, 0x12, 0x53, 0xB9, 0x0E, 0x4A, 0xB0, 0x09, 0x3D, 0xA7, 0x0B, 0x42, 0xAC, 0x14, 0x57, 0xB9, 0x0C, 0x47, 0xAE, 0x05, 0x31, 0x97, 0x05, 0x2F, 0x95, 0x03, 0x2E, 0x92, 
        0x05, 0x32, 0x96, 0x04, 0x2F, 0x91, 0x09, 0x32, 0x87,
  0x61, 0x96, 0xD6, 0x40, 0x7F, 0xCE, 0x42, 0x7F, 0xCE, 0x40, 0x7D, 0xCE, 0x3F, 0x7C, 0xCE, 0x41, 0x80, 0xCF, 0x3C, 0x7B, 0xCC, 0x3E, 0x7C, 0xCD, 0x3F, 0x7F, 0xCF, 0x3F, 0x7F, 0xCF, 0x3E, 0x7F, 0xCF, 0x3E, 0x7D, 0xCC, 0x3D, 0x7B, 0xCC, 0x3B, 0x79, 0xCB, 
        0x38, 0x76, 0xCB, 0x57, 0x94, 0xD9, 0x5D, 0x9A, 0xDA, 0x33, 0x75, 0xCA, 0x4E, 0x90, 0xD6, 0x3F, 0x84, 0xD4, 0x19, 0x4C, 0xB5, 0x1D, 0x52, 0xB9, 0x1E, 0x55, 0xBA, 0x1C, 0x52, 0xB7, 0x1C, 0x53, 0xB9, 0x1C, 0x51, 0xB6, 0x15, 0x44, 0xAC, 
        0x18, 0x4A, 0xB0, 0x17, 0x48, 0xAE, 0x15, 0x45, 0xAA, 0x13, 0x40, 0xA3, 0x0F, 0x3A, 0x9C, 0x0A, 0x31, 0x92, 0x0A, 0x31, 0x90, 0x0A, 0x32, 0x8F, 0x09, 0x30, 0x8D, 0x09, 0x30, 0x8F, 0x09, 0x2D, 0x8C, 0x07, 0x2A, 0x89, 0x08, 0x2C, 0x89, 
        0x08, 0x2D, 0x8B, 0x07, 0x2B, 0x87, 0x07, 0x2A, 0x87, 0x07, 0x2B, 0x88, 0x07, 0x2D, 0x8A, 0x07, 0x2E, 0x8A, 0x07, 0x2C, 0x89, 0x09, 0x2C, 0x89, 0x08, 0x2F, 0x89, 0x07, 0x2F, 0x8A, 0x08, 0x31, 0x8D, 0x0F, 0x3A, 0x99, 0x14, 0x3F, 0xA0, 
        0x1B, 0x4E, 0xB0, 0x15, 0x45, 0xAA, 0x19, 0x4F, 0xAF, 0x35, 0x79, 0xCC, 0x37, 0x7E, 0xCF, 0x2F, 0x73, 0xC9, 0x2A, 0x6A, 0xC4, 0x29, 0x69, 0xC4, 0x26, 0x66, 0xC3, 0x29, 0x68, 0xC4, 0x27, 0x66, 0xC2, 0x24, 0x61, 0xC0, 0x25, 0x61, 0xC0, 
        0x24, 0x63, 0xBF, 0x23, 0x63, 0xBF, 0x20, 0x5B, 0xBC, 0x20, 0x5D, 0xBC, 0x20, 0x5E, 0xBD, 0x1F, 0x5A, 0xBB, 0x1E, 0x5A, 0xBB, 0x1E, 0x5C, 0xBB, 0x1E, 0x59, 0xBA, 0x4B, 0x7B, 0xC8, 0x93, 0xB1, 0xDE, 0xB2, 0xC7, 0xE7, 0xB2, 0xC6, 0xE7, 
        0x91, 0xAF, 0xDE, 0x4A, 0x7D, 0xC9, 0x1C, 0x59, 0xBA, 0x1A, 0x56, 0xB6, 0x19, 0x55, 0xB6, 0x1A, 0x56, 0xB6, 0x19, 0x55, 0xB7, 0x16, 0x51, 0xB5, 0x19, 0x55, 0xB7, 0x17, 0x53, 0xB5, 0x18, 0x53, 0xB6, 0x18, 0x54, 0xB6, 0x19, 0x56, 0xB8, 
        0x18, 0x54, 0xB8, 0x18, 0x53, 0xB7, 0x18, 0x55, 0xB8, 0x18, 0x53, 0xB7, 0x18, 0x54, 0xB7, 0x17, 0x53, 0xB6, 0x16, 0x50, 0xB6, 0x17, 0x53, 0xB6, 0x16, 0x50, 0xB5, 0x14, 0x4C, 0xB1, 0x15, 0x4E, 0xB3, 0x17, 0x54, 0xB6, 0x17, 0x52, 0xB5, 
        0x15, 0x4E, 0xB0, 0x14, 0x4E, 0xB2, 0x15, 0x4F, 0xB4, 0x16, 0x50, 0xB4, 0x17, 0x57, 0xB7, 0x18, 0x59, 0xB8, 0x16, 0x54, 0xB7, 0x16, 0x54, 0xB6, 0x16, 0x54, 0xB6, 0x16, 0x53, 0xB6, 0x13, 0x4F, 0xB3, 0x10, 0x48, 0xAD, 0x10, 0x45, 0xAA, 
        0x13, 0x4E, 0xB1, 0x13, 0x4E, 0xB1, 0x0E, 0x42, 0xA6, 0x0E, 0x42, 0xA6, 0x0E, 0x43, 0xA6, 0x0D, 0x42, 0xA5, 0x0D, 0x40, 0xA7, 0x0D, 0x41, 0xA7, 0x0E, 0x44, 0xA8, 0x0D, 0x40, 0xA6, 0x0B, 0x3F, 0xA2, 0x0C, 0x42, 0xA6, 0x0C, 0x41, 0xA6, 
        0x0C, 0x41, 0xA6, 0x0C, 0x41, 0xA6, 0x0C, 0x41, 0xA8, 0x0D, 0x42, 0xA9, 0x0D, 0x44, 0xAB, 0x0F, 0x45, 0xAC, 0x0F, 0x45, 0xAC, 0x0F, 0x47, 0xAD, 0x0F, 0x4A, 0xB0, 0x0F, 0x4A, 0xAF, 0x0F, 0x4A, 0xB1, 0x12, 0x50, 0xB6, 0x22, 0x76, 0xCF, 
        0x22, 0x79, 0xD0, 0x11, 0x51, 0xB9, 0x0D, 0x48, 0xB1, 0x0F, 0x4B, 0xB1, 0x11, 0x51, 0xB4, 0x0D, 0x46, 0xAD, 0x0A, 0x3E, 0xA9, 0x0A, 0x40, 0xA9, 0x0B, 0x40, 0xAA, 0x09, 0x3C, 0xA5, 0x08, 0x36, 0x9D, 0x06, 0x33, 0x99, 0x05, 0x2D, 0x93, 
        0x05, 0x2E, 0x93, 0x04, 0x2F, 0x93, 0x09, 0x35, 0x8B,
  0x62, 0x94, 0xD6, 0x44, 0x7F, 0xCF, 0x44, 0x7F, 0xCF, 0x42, 0x7F, 0xCE, 0x42, 0x7F, 0xCE, 0x41, 0x80, 0xD0, 0x3E, 0x7E, 0xCD, 0x3F, 0x80, 0xCE, 0x44, 0x81, 0xD0, 0x43, 0x80, 0xD0, 0x43, 0x80, 0xCF, 0x40, 0x7F, 0xCF, 0x3E, 0x7D, 0xCD, 0x3E, 0x7D, 0xCC, 
        0x3A, 0x76, 0xCB, 0x3B, 0x7C, 0xCE, 0x3A, 0x7A, 0xCC, 0x34, 0x76, 0xCA, 0x83, 0xBA, 0xE7, 0x6B, 0xA7, 0xE1, 0x16, 0x47, 0xB0, 0x1A, 0x4E, 0xB5, 0x22, 0x59, 0xBE, 0x1E, 0x55, 0xBA, 0x1A, 0x4E, 0xB4, 0x1B, 0x51, 0xB7, 0x18, 0x4A, 0xB1, 
        0x18, 0x4A, 0xB0, 0x16, 0x47, 0xAC, 0x16, 0x46, 0xAC, 0x11, 0x3D, 0xA2, 0x0C, 0x33, 0x95, 0x0A, 0x2F, 0x90, 0x08, 0x2C, 0x8C, 0x09, 0x2F, 0x8E, 0x09, 0x2E, 0x8C, 0x09, 0x2F, 0x8D, 0x09, 0x2F, 0x8D, 0x09, 0x2F, 0x8D, 0x08, 0x2B, 0x8A, 
        0x09, 0x2E, 0x8B, 0x09, 0x2E, 0x8B, 0x07, 0x2B, 0x88, 0x07, 0x2A, 0x87, 0x07, 0x2B, 0x87, 0x07, 0x2D, 0x8A, 0x07, 0x2B, 0x87, 0x09, 0x2E, 0x8C, 0x09, 0x2F, 0x89, 0x09, 0x33, 0x90, 0x0B, 0x36, 0x93, 0x0B, 0x30, 0x90, 0x18, 0x44, 0xA4, 
        0x17, 0x48, 0xAB, 0x10, 0x3B, 0xA0, 0x20, 0x59, 0xBB, 0x36, 0x7C, 0xCD, 0x36, 0x7C, 0xCD, 0x2F, 0x75, 0xC9, 0x28, 0x6A, 0xC5, 0x2B, 0x6A, 0xC5, 0x2B, 0x6D, 0xC6, 0x29, 0x69, 0xC4, 0x26, 0x65, 0xC3, 0x26, 0x65, 0xC2, 0x26, 0x65, 0xC2, 
        0x25, 0x64, 0xC2, 0x24, 0x63, 0xBF, 0x22, 0x60, 0xBF, 0x20, 0x5D, 0xBE, 0x20, 0x5D, 0xBC, 0x20, 0x5D, 0xBD, 0x1F, 0x5C, 0xBB, 0x1E, 0x5C, 0xBB, 0x1E, 0x5C, 0xBB, 0x1E, 0x59, 0xBA, 0x1D, 0x59, 0xBA, 0x1D, 0x5B, 0xBA, 0x21, 0x60, 0xBE, 
        0x25, 0x66, 0xC1, 0x1A, 0x55, 0xB7, 0x1A, 0x55, 0xB7, 0x1D, 0x5A, 0xBA, 0x19, 0x53, 0xB5, 0x1B, 0x58, 0xB8, 0x1B, 0x5B, 0xBB, 0x19, 0x55, 0xB7, 0x16, 0x51, 0xB5, 0x19, 0x54, 0xB7, 0x1A, 0x58, 0xBA, 0x19, 0x54, 0xB6, 0x19, 0x56, 0xB8, 
        0x18, 0x53, 0xB8, 0x1A, 0x58, 0xBB, 0x1B, 0x5B, 0xBA, 0x18, 0x54, 0xB7, 0x17, 0x51, 0xB5, 0x17, 0x51, 0xB4, 0x17, 0x53, 0xB6, 0x16, 0x51, 0xB6, 0x16, 0x50, 0xB4, 0x15, 0x50, 0xB3, 0x15, 0x50, 0xB3, 0x14, 0x4D, 0xB1, 0x14, 0x4C, 0xB0, 
        0x14, 0x4C, 0xAD, 0x14, 0x4E, 0xB0, 0x16, 0x53, 0xB5, 0x16, 0x54, 0xB5, 0x16, 0x54, 0xB4, 0x17, 0x56, 0xB6, 0x16, 0x56, 0xB7, 0x16, 0x55, 0xB7, 0x14, 0x52, 0xB5, 0x14, 0x50, 0xB3, 0x12, 0x4E, 0xB2, 0x11, 0x4B, 0xB2, 0x0F, 0x46, 0xAA, 
        0x11, 0x49, 0xAC, 0x11, 0x49, 0xAD, 0x0E, 0x42, 0xA6, 0x0E, 0x42, 0xA6, 0x0E, 0x43, 0xA6, 0x0E, 0x42, 0xA6, 0x0D, 0x41, 0xA7, 0x0E, 0x42, 0xA8, 0x0F, 0x44, 0xAA, 0x0D, 0x43, 0xA8, 0x0C, 0x40, 0xA6, 0x0C, 0x42, 0xA6, 0x0C, 0x43, 0xA7, 
        0x0D, 0x43, 0xA9, 0x0D, 0x43, 0xA9, 0x0F, 0x45, 0xAB, 0x0F, 0x45, 0xAD, 0x0F, 0x45, 0xAD, 0x0F, 0x45, 0xAD, 0x0F, 0x47, 0xAC, 0x10, 0x47, 0xAF, 0x0F, 0x4A, 0xB0, 0x0F, 0x4A, 0xB0, 0x10, 0x4D, 0xB2, 0x12, 0x50, 0xB6, 0x2E, 0x84, 0xD6, 
        0x38, 0x8F, 0xDB, 0x16, 0x5E, 0xC0, 0x0D, 0x46, 0xB0, 0x0D, 0x46, 0xAE, 0x0C, 0x46, 0xAB, 0x0C, 0x43, 0xAB, 0x0C, 0x43, 0xAC, 0x0A, 0x40, 0xA9, 0x09, 0x3C, 0xA4, 0x08, 0x38, 0xA1, 0x08, 0x37, 0x9F, 0x08, 0x35, 0x9B, 0x06, 0x30, 0x95, 
        0x04, 0x2B, 0x8F, 0x03, 0x2B, 0x8A, 0x08, 0x33, 0x87,
  0x6A, 0x9C, 0xDA, 0x40, 0x7A, 0xCD, 0x44, 0x7F, 0xCE, 0x44, 0x7F, 0xCE, 0x42, 0x7F, 0xCE, 0x44, 0x81, 0xCF, 0x3F, 0x7E, 0xCE, 0x41, 0x81, 0xCD, 0x43, 0x80, 0xCF, 0x43, 0x80, 0xCF, 0x43, 0x7F, 0xCF, 0x41, 0x7F, 0xCF, 0x40, 0x7D, 0xCF, 0x40, 0x7D, 0xCC, 
        0x3E, 0x7D, 0xCD, 0x3B, 0x7A, 0xCC, 0x36, 0x74, 0xC9, 0x3A, 0x7C, 0xCC, 0x7E, 0xB4, 0xE5, 0x5C, 0x9A, 0xDA, 0x15, 0x43, 0xAE, 0x17, 0x47, 0xB0, 0x1C, 0x50, 0xB6, 0x21, 0x58, 0xBC, 0x1C, 0x51, 0xB6, 0x19, 0x4C, 0xB2, 0x18, 0x4A, 0xAF, 
        0x16, 0x46, 0xAC, 0x14, 0x42, 0xA9, 0x16, 0x45, 0xAA, 0x0F, 0x3A, 0x9F, 0x0A, 0x2F, 0x94, 0x0B, 0x31, 0x92, 0x09, 0x2E, 0x8E, 0x09, 0x2F, 0x8E, 0x09, 0x2F, 0x8E, 0x09, 0x2E, 0x8C, 0x09, 0x2F, 0x8D, 0x0A, 0x31, 0x8F, 0x08, 0x2D, 0x8B, 
        0x08, 0x2D, 0x8B, 0x09, 0x2E, 0x8B, 0x09, 0x2D, 0x8B, 0x09, 0x2D, 0x8B, 0x09, 0x2D, 0x8C, 0x07, 0x2D, 0x8A, 0x07, 0x2C, 0x89, 0x07, 0x2B, 0x88, 0x08, 0x2C, 0x8B, 0x08, 0x2F, 0x8B, 0x0A, 0x31, 0x8E, 0x0E, 0x35, 0x95, 0x23, 0x5A, 0xB8, 
        0x1A, 0x4D, 0xAF, 0x10, 0x3C, 0xA1, 0x28, 0x66, 0xC3, 0x2F, 0x71, 0xC9, 0x2C, 0x6F, 0xC7, 0x2D, 0x70, 0xC8, 0x2A, 0x6B, 0xC5, 0x2D, 0x70, 0xC8, 0x2B, 0x6D, 0xC6, 0x29, 0x69, 0xC4, 0x2D, 0x71, 0xC8, 0x30, 0x74, 0xCA, 0x28, 0x66, 0xC3, 
        0x22, 0x62, 0xC0, 0x22, 0x60, 0xBF, 0x25, 0x67, 0xC2, 0x24, 0x64, 0xC1, 0x22, 0x60, 0xBF, 0x20, 0x5D, 0xBE, 0x1F, 0x5D, 0xBB, 0x1F, 0x5D, 0xBD, 0x20, 0x5F, 0xBD, 0x1F, 0x5D, 0xBD, 0x1F, 0x5B, 0xBA, 0x1E, 0x5C, 0xBC, 0x22, 0x61, 0xBF, 
        0x22, 0x60, 0xBF, 0x1C, 0x57, 0xB7, 0x1C, 0x59, 0xB9, 0x1C, 0x57, 0xB9, 0x1C, 0x57, 0xB8, 0x19, 0x53, 0xB5, 0x16, 0x4F, 0xB3, 0x19, 0x54, 0xB6, 0x1A, 0x58, 0xB9, 0x19, 0x54, 0xB7, 0x1A, 0x55, 0xB7, 0x18, 0x52, 0xB5, 0x18, 0x54, 0xB6, 
        0x19, 0x56, 0xB9, 0x1A, 0x57, 0xB9, 0x1A, 0x59, 0xBB, 0x18, 0x55, 0xB7, 0x18, 0x55, 0xB8, 0x18, 0x54, 0xB7, 0x17, 0x51, 0xB4, 0x16, 0x51, 0xB6, 0x16, 0x50, 0xB6, 0x16, 0x50, 0xB4, 0x15, 0x4F, 0xB3, 0x14, 0x4D, 0xB1, 0x14, 0x4C, 0xB0, 
        0x14, 0x4C, 0xB0, 0x15, 0x4F, 0xB2, 0x15, 0x4E, 0xB2, 0x16, 0x54, 0xB5, 0x15, 0x52, 0xB5, 0x16, 0x53, 0xB4, 0x17, 0x56, 0xB7, 0x16, 0x54, 0xB6, 0x15, 0x52, 0xB4, 0x13, 0x4E, 0xB2, 0x12, 0x4C, 0xB0, 0x12, 0x4D, 0xB2, 0x11, 0x4A, 0xAE, 
        0x10, 0x48, 0xAC, 0x10, 0x47, 0xAC, 0x0F, 0x45, 0xA9, 0x0F, 0x45, 0xA9, 0x0E, 0x43, 0xA6, 0x0E, 0x42, 0xA6, 0x0E, 0x42, 0xA9, 0x0E, 0x44, 0xA8, 0x0E, 0x43, 0xA8, 0x0E, 0x44, 0xAA, 0x0E, 0x45, 0xAA, 0x0E, 0x44, 0xA9, 0x0D, 0x44, 0xA9, 
        0x0D, 0x46, 0xA9, 0x0F, 0x46, 0xAC, 0x10, 0x48, 0xAE, 0x10, 0x48, 0xAE, 0x0F, 0x46, 0xAD, 0x10, 0x47, 0xAE, 0x10, 0x49, 0xB0, 0x10, 0x49, 0xAF, 0x11, 0x4B, 0xB2, 0x10, 0x4D, 0xB2, 0x11, 0x4E, 0xB4, 0x12, 0x51, 0xB6, 0x13, 0x53, 0xBA, 
        0x17, 0x5E, 0xC1, 0x10, 0x4D, 0xB6, 0x0E, 0x4A, 0xB2, 0x0E, 0x4B, 0xB1, 0x0D, 0x49, 0xAE, 0x0D, 0x46, 0xAE, 0x0C, 0x41, 0xAD, 0x0B, 0x41, 0xAA, 0x0A, 0x40, 0xA9, 0x09, 0x3C, 0xA4, 0x08, 0x37, 0x9E, 0x06, 0x33, 0x9A, 0x06, 0x32, 0x94, 
        0x04, 0x2E, 0x8D, 0x04, 0x2E, 0x8C, 0x09, 0x34, 0x87,
  0x81, 0xB5, 0xE4, 0x40, 0x85, 0xD1, 0x45, 0x7F, 0xCE, 0x47, 0x81, 0xD0, 0x47, 0x82, 0xD0, 0x47, 0x82, 0xD0, 0x45, 0x82, 0xD0, 0x43, 0x81, 0xCF, 0x43, 0x80, 0xCF, 0x43, 0x80, 0xCF, 0x43, 0x80, 0xCF, 0x43, 0x7F, 0xCF, 0x3F, 0x7D, 0xCD, 0x3E, 0x7D, 0xCD, 
        0x3E, 0x7B, 0xCC, 0x3B, 0x7A, 0xCC, 0x3D, 0x7A, 0xCC, 0x3A, 0x77, 0xCB, 0x46, 0x87, 0xD2, 0x2C, 0x68, 0xC6, 0x19, 0x4B, 0xB2, 0x22, 0x59, 0xBD, 0x1D, 0x52, 0xB7, 0x1F, 0x55, 0xBA, 0x1B, 0x4C, 0xB2, 0x16, 0x44, 0xAC, 0x16, 0x46, 0xAC, 
        0x14, 0x42, 0xAA, 0x14, 0x41, 0xA7, 0x14, 0x41, 0xA7, 0x0D, 0x35, 0x9B, 0x0C, 0x31, 0x95, 0x0C, 0x31, 0x94, 0x0A, 0x2F, 0x90, 0x0A, 0x2F, 0x8E, 0x0B, 0x32, 0x90, 0x09, 0x2F, 0x8E, 0x08, 0x2D, 0x8B, 0x09, 0x2F, 0x8D, 0x09, 0x2E, 0x8D, 
        0x08, 0x2B, 0x8A, 0x07, 0x29, 0x88, 0x08, 0x2B, 0x88, 0x09, 0x2D, 0x8B, 0x09, 0x2E, 0x8B, 0x07, 0x2A, 0x88, 0x07, 0x2B, 0x88, 0x09, 0x31, 0x8D, 0x09, 0x30, 0x8C, 0x09, 0x2E, 0x8E, 0x0B, 0x31, 0x90, 0x1A, 0x4E, 0xAC, 0x20, 0x56, 0xB4, 
        0x0E, 0x36, 0x9C, 0x12, 0x3E, 0xA3, 0x2E, 0x6F, 0xC7, 0x2D, 0x6F, 0xC8, 0x2C, 0x6E, 0xC7, 0x2D, 0x6F, 0xC7, 0x2D, 0x70, 0xC8, 0x2D, 0x70, 0xC8, 0x2A, 0x6B, 0xC5, 0x2B, 0x6D, 0xC6, 0x3D, 0x82, 0xCF, 0x45, 0x88, 0xD3, 0x2F, 0x73, 0xC9, 
        0x23, 0x62, 0xC0, 0x22, 0x62, 0xC0, 0x2C, 0x6F, 0xC6, 0x28, 0x6B, 0xC4, 0x25, 0x65, 0xC1, 0x23, 0x60, 0xBF, 0x20, 0x5E, 0xBE, 0x20, 0x60, 0xBD, 0x23, 0x62, 0xBE, 0x22, 0x60, 0xBE, 0x1F, 0x5D, 0xBD, 0x1F, 0x5B, 0xBB, 0x1E, 0x5B, 0xBB, 
        0x1D, 0x58, 0xBA, 0x1F, 0x5B, 0xBD, 0x1E, 0x5B, 0xBB, 0x1A, 0x54, 0xB6, 0x1D, 0x5A, 0xBB, 0x22, 0x65, 0xC0, 0x22, 0x63, 0xBF, 0x19, 0x54, 0xB8, 0x19, 0x54, 0xB8, 0x19, 0x54, 0xB7, 0x1A, 0x55, 0xB7, 0x1B, 0x57, 0xB9, 0x1A, 0x57, 0xB9, 
        0x18, 0x53, 0xB6, 0x18, 0x53, 0xB6, 0x19, 0x56, 0xB8, 0x18, 0x52, 0xB6, 0x18, 0x53, 0xB7, 0x18, 0x52, 0xB5, 0x16, 0x4E, 0xB3, 0x16, 0x4E, 0xB2, 0x15, 0x4E, 0xB2, 0x16, 0x4F, 0xB2, 0x16, 0x4F, 0xB2, 0x16, 0x4F, 0xB1, 0x15, 0x4F, 0xB1, 
        0x16, 0x51, 0xB3, 0x15, 0x4F, 0xB3, 0x14, 0x4E, 0xB0, 0x16, 0x52, 0xB5, 0x14, 0x4E, 0xB2, 0x16, 0x54, 0xB5, 0x16, 0x53, 0xB4, 0x16, 0x53, 0xB4, 0x15, 0x52, 0xB4, 0x13, 0x4F, 0xB3, 0x12, 0x4C, 0xAE, 0x13, 0x4C, 0xB0, 0x12, 0x4C, 0xB0, 
        0x11, 0x4A, 0xAD, 0x10, 0x47, 0xAA, 0x10, 0x47, 0xAC, 0x10, 0x46, 0xAA, 0x0F, 0x45, 0xA9, 0x0F, 0x43, 0xA8, 0x0F, 0x43, 0xA9, 0x0F, 0x44, 0xA9, 0x0E, 0x44, 0xA8, 0x0E, 0x44, 0xAA, 0x0F, 0x47, 0xAB, 0x0F, 0x47, 0xAB, 0x0E, 0x46, 0xAA, 
        0x0F, 0x47, 0xAA, 0x0F, 0x47, 0xAC, 0x10, 0x48, 0xAE, 0x10, 0x49, 0xAF, 0x10, 0x49, 0xAE, 0x11, 0x4A, 0xB0, 0x11, 0x4C, 0xB1, 0x11, 0x4B, 0xB1, 0x11, 0x4C, 0xB2, 0x12, 0x4E, 0xB3, 0x11, 0x50, 0xB5, 0x12, 0x51, 0xB6, 0x10, 0x4D, 0xB4, 
        0x10, 0x4C, 0xB3, 0x0F, 0x4A, 0xB2, 0x0F, 0x4C, 0xB4, 0x10, 0x4D, 0xB4, 0x0F, 0x4B, 0xB1, 0x0C, 0x45, 0xAD, 0x0C, 0x44, 0xAD, 0x0C, 0x43, 0xAB, 0x0C, 0x43, 0xAA, 0x0A, 0x3E, 0xA7, 0x08, 0x38, 0x9F, 0x06, 0x33, 0x99, 0x06, 0x32, 0x96, 
        0x04, 0x2E, 0x8F, 0x03, 0x2A, 0x87, 0x08, 0x33, 0x85,
  0x87, 0xB9, 0xE6, 0x40, 0x86, 0xD1, 0x45, 0x7E, 0xCF, 0x47, 0x81, 0xCF, 0x47, 0x82, 0xD0, 0x45, 0x81, 0xCE, 0x45, 0x82, 0xD0, 0x44, 0x7F, 0xCE, 0x47, 0x84, 0xD1, 0x4A, 0x86, 0xD0, 0x49, 0x84, 0xD0, 0x46, 0x81, 0xCF, 0x43, 0x7D, 0xCD, 0x3F, 0x7B, 0xCD, 
        0x3E, 0x7A, 0xCD, 0x3D, 0x7A, 0xCC, 0x3B, 0x78, 0xCB, 0x3A, 0x77, 0xCB, 0x35, 0x71, 0xC9, 0x22, 0x57, 0xB9, 0x1D, 0x50, 0xB6, 0x21, 0x56, 0xBA, 0x1D, 0x51, 0xB5, 0x1D, 0x50, 0xB5, 0x1A, 0x4C, 0xB2, 0x1A, 0x4A, 0xAF, 0x17, 0x47, 0xAC, 
        0x14, 0x40, 0xA8, 0x15, 0x42, 0xAA, 0x12, 0x3D, 0xA4, 0x0D, 0x35, 0x9B, 0x0D, 0x34, 0x98, 0x0C, 0x31, 0x93, 0x0A, 0x2E, 0x91, 0x0A, 0x31, 0x8E, 0x0B, 0x32, 0x90, 0x0A, 0x2F, 0x8E, 0x08, 0x2C, 0x8B, 0x08, 0x2D, 0x8B, 0x09, 0x2F, 0x8D, 
        0x0A, 0x30, 0x8F, 0x0A, 0x2F, 0x8D, 0x09, 0x2D, 0x8C, 0x08, 0x2C, 0x89, 0x09, 0x2D, 0x8B, 0x09, 0x2E, 0x8B, 0x09, 0x2D, 0x8B, 0x07, 0x2C, 0x88, 0x09, 0x30, 0x8D, 0x0B, 0x31, 0x90, 0x0F, 0x35, 0x96, 0x1A, 0x4D, 0xAB, 0x10, 0x3D, 0x9C, 
        0x09, 0x2C, 0x90, 0x16, 0x45, 0xA9, 0x32, 0x75, 0xC9, 0x2E, 0x71, 0xC8, 0x2C, 0x6F, 0xC8, 0x2C, 0x6E, 0xC7, 0x2C, 0x6F, 0xC7, 0x2C, 0x6E, 0xC7, 0x2D, 0x70, 0xC8, 0x2D, 0x70, 0xC8, 0x35, 0x7B, 0xCD, 0x3C, 0x80, 0xCF, 0x2D, 0x6F, 0xC7, 
        0x23, 0x62, 0xC1, 0x32, 0x79, 0xCB, 0x4B, 0x90, 0xD6, 0x2F, 0x74, 0xC9, 0x21, 0x5F, 0xBE, 0x21, 0x5F, 0xBE, 0x22, 0x60, 0xBF, 0x22, 0x60, 0xBF, 0x23, 0x62, 0xBE, 0x23, 0x60, 0xBE, 0x20, 0x5D, 0xBD, 0x1F, 0x5A, 0xBB, 0x1F, 0x59, 0xBA, 
        0x1E, 0x5B, 0xBC, 0x1E, 0x59, 0xBC, 0x1D, 0x57, 0xBA, 0x1B, 0x56, 0xB7, 0x1B, 0x56, 0xB7, 0x2F, 0x77, 0xCA, 0x48, 0x8E, 0xD5, 0x22, 0x63, 0xC0, 0x16, 0x4E, 0xB3, 0x1A, 0x56, 0xBA, 0x1B, 0x57, 0xB9, 0x1A, 0x54, 0xB7, 0x19, 0x52, 0xB5, 
        0x19, 0x55, 0xB7, 0x1D, 0x5C, 0xBB, 0x1E, 0x5D, 0xBC, 0x1A, 0x55, 0xB8, 0x18, 0x51, 0xB4, 0x18, 0x51, 0xB3, 0x17, 0x52, 0xB3, 0x17, 0x50, 0xB3, 0x16, 0x4E, 0xB2, 0x15, 0x4E, 0xB2, 0x15, 0x4E, 0xB1, 0x16, 0x4F, 0xB2, 0x15, 0x4D, 0xB0, 
        0x14, 0x4E, 0xB0, 0x15, 0x4F, 0xB3, 0x18, 0x56, 0xB8, 0x16, 0x52, 0xB4, 0x12, 0x4B, 0xAF, 0x12, 0x4A, 0xAF, 0x15, 0x51, 0xB4, 0x16, 0x50, 0xB3, 0x16, 0x50, 0xB3, 0x14, 0x4F, 0xB3, 0x13, 0x4C, 0xB1, 0x13, 0x4B, 0xAE, 0x11, 0x49, 0xAD, 
        0x0F, 0x46, 0xAA, 0x10, 0x47, 0xAB, 0x10, 0x47, 0xAA, 0x0F, 0x45, 0xA9, 0x10, 0x46, 0xAA, 0x0F, 0x46, 0xAA, 0x0F, 0x44, 0xAB, 0x0F, 0x45, 0xAB, 0x10, 0x48, 0xAE, 0x0F, 0x49, 0xAD, 0x0F, 0x47, 0xAB, 0x0F, 0x48, 0xAD, 0x10, 0x4A, 0xAF, 
        0x0F, 0x49, 0xAC, 0x0F, 0x47, 0xAC, 0x10, 0x49, 0xAE, 0x11, 0x49, 0xAF, 0x11, 0x4B, 0xB1, 0x12, 0x4C, 0xB1, 0x12, 0x4F, 0xB1, 0x12, 0x4E, 0xB4, 0x12, 0x4E, 0xB4, 0x12, 0x51, 0xB4, 0x13, 0x51, 0xB6, 0x11, 0x50, 0xB6, 0x12, 0x53, 0xB7, 
        0x12, 0x51, 0xB5, 0x11, 0x4F, 0xB5, 0x10, 0x4C, 0xB3, 0x12, 0x52, 0xB8, 0x11, 0x50, 0xB6, 0x0D, 0x45, 0xAE, 0x0D, 0x46, 0xAE, 0x0C, 0x44, 0xAB, 0x0B, 0x40, 0xAA, 0x09, 0x3C, 0xA4, 0x08, 0x39, 0xA1, 0x08, 0x36, 0x9C, 0x06, 0x32, 0x99, 
        0x06, 0x31, 0x96, 0x03, 0x2C, 0x8C, 0x0B, 0x3D, 0x94,
  0x74, 0xA3, 0xDD, 0x48, 0x80, 0xD1, 0x47, 0x82, 0xCF, 0x4A, 0x83, 0xD1, 0x48, 0x82, 0xD0, 0x47, 0x82, 0xCE, 0x4A, 0x84, 0xD0, 0x4A, 0x84, 0xD0, 0x48, 0x84, 0xD0, 0x47, 0x84, 0xD1, 0x46, 0x83, 0xCF, 0x44, 0x81, 0xCF, 0x43, 0x7E, 0xCD, 0x41, 0x7D, 0xCD, 
        0x3F, 0x7B, 0xCD, 0x3E, 0x7A, 0xCD, 0x3D, 0x7A, 0xCB, 0x3A, 0x77, 0xC9, 0x36, 0x73, 0xC9, 0x29, 0x60, 0xC0, 0x24, 0x58, 0xBE, 0x23, 0x5A, 0xBC, 0x1D, 0x52, 0xB6, 0x1C, 0x4F, 0xB3, 0x19, 0x4B, 0xB0, 0x17, 0x47, 0xAC, 0x17, 0x47, 0xAD, 
        0x18, 0x47, 0xAD, 0x14, 0x40, 0xA8, 0x13, 0x3F, 0xA5, 0x12, 0x3D, 0xA1, 0x11, 0x3D, 0x9F, 0x0F, 0x39, 0x9A, 0x0B, 0x31, 0x92, 0x08, 0x2E, 0x8D, 0x08, 0x2D, 0x8C, 0x09, 0x2F, 0x8E, 0x0A, 0x31, 0x90, 0x09, 0x2F, 0x8E, 0x08, 0x2F, 0x8C, 
        0x0A, 0x2F, 0x8D, 0x09, 0x2D, 0x8D, 0x09, 0x2B, 0x8B, 0x09, 0x2D, 0x8B, 0x09, 0x2E, 0x8B, 0x09, 0x2F, 0x8D, 0x09, 0x30, 0x8D, 0x09, 0x31, 0x8E, 0x09, 0x2D, 0x8C, 0x0F, 0x33, 0x94, 0x26, 0x5A, 0xB7, 0x1C, 0x4E, 0xAD, 0x0B, 0x34, 0x93, 
        0x0B, 0x32, 0x95, 0x17, 0x46, 0xAC, 0x33, 0x75, 0xCA, 0x2F, 0x70, 0xC7, 0x2C, 0x6F, 0xC8, 0x2E, 0x71, 0xC9, 0x2E, 0x73, 0xC9, 0x2E, 0x71, 0xC8, 0x2F, 0x72, 0xC8, 0x2D, 0x70, 0xC8, 0x2C, 0x70, 0xC8, 0x2C, 0x6D, 0xC7, 0x28, 0x67, 0xC4, 
        0x25, 0x66, 0xC3, 0x3B, 0x82, 0xD1, 0x58, 0x9B, 0xDC, 0x30, 0x76, 0xCA, 0x22, 0x5F, 0xBF, 0x21, 0x60, 0xBF, 0x22, 0x61, 0xBF, 0x22, 0x60, 0xBF, 0x21, 0x5F, 0xBE, 0x20, 0x5E, 0xBD, 0x1F, 0x5C, 0xBB, 0x1F, 0x5A, 0xBB, 0x1F, 0x5A, 0xBB, 
        0x1E, 0x56, 0xBA, 0x1E, 0x5B, 0xBC, 0x22, 0x60, 0xBF, 0x1D, 0x58, 0xBA, 0x19, 0x51, 0xB4, 0x22, 0x63, 0xBF, 0x2D, 0x73, 0xC9, 0x1E, 0x5A, 0xBB, 0x1A, 0x53, 0xB6, 0x1B, 0x56, 0xBA, 0x1B, 0x55, 0xBA, 0x1A, 0x54, 0xB7, 0x1B, 0x54, 0xB9, 
        0x1A, 0x54, 0xB7, 0x1D, 0x5B, 0xBA, 0x1F, 0x5D, 0xBB, 0x1A, 0x55, 0xB6, 0x19, 0x53, 0xB4, 0x18, 0x52, 0xB4, 0x18, 0x51, 0xB2, 0x18, 0x51, 0xB2, 0x18, 0x50, 0xB3, 0x18, 0x50, 0xB1, 0x16, 0x50, 0xB1, 0x16, 0x4F, 0xB1, 0x16, 0x4E, 0xB1, 
        0x15, 0x50, 0xB1, 0x16, 0x51, 0xB5, 0x17, 0x53, 0xB6, 0x17, 0x55, 0xB6, 0x2D, 0x7D, 0xCB, 0x29, 0x76, 0xC8, 0x16, 0x51, 0xB5, 0x15, 0x4E, 0xB2, 0x15, 0x4D, 0xB1, 0x15, 0x4F, 0xB3, 0x13, 0x4D, 0xB1, 0x13, 0x4B, 0xAF, 0x12, 0x4B, 0xAE, 
        0x11, 0x49, 0xAD, 0x11, 0x4A, 0xAE, 0x10, 0x47, 0xAB, 0x0F, 0x46, 0xA9, 0x11, 0x49, 0xAC, 0x10, 0x46, 0xAA, 0x0F, 0x45, 0xAC, 0x10, 0x47, 0xAC, 0x15, 0x52, 0xB4, 0x15, 0x52, 0xB4, 0x0F, 0x48, 0xAB, 0x0F, 0x48, 0xAD, 0x11, 0x4D, 0xAF, 
        0x11, 0x4C, 0xAF, 0x10, 0x4A, 0xAE, 0x11, 0x4A, 0xAF, 0x11, 0x4C, 0xB1, 0x12, 0x4C, 0xB2, 0x13, 0x4E, 0xB3, 0x13, 0x50, 0xB3, 0x13, 0x52, 0xB5, 0x12, 0x51, 0xB4, 0x12, 0x4F, 0xB4, 0x13, 0x52, 0xB6, 0x13, 0x51, 0xB6, 0x12, 0x53, 0xB6, 
        0x12, 0x51, 0xB5, 0x12, 0x51, 0xB5, 0x10, 0x4C, 0xB2, 0x10, 0x4C, 0xB3, 0x10, 0x4C, 0xB4, 0x0E, 0x47, 0xB2, 0x0D, 0x46, 0xAE, 0x0C, 0x44, 0xAB, 0x0A, 0x41, 0xAA, 0x0A, 0x3D, 0xA6, 0x08, 0x3C, 0xA2, 0x08, 0x37, 0x9E, 0x08, 0x38, 0xA2, 
        0x08, 0x39, 0xA4, 0x05, 0x31, 0x96, 0x13, 0x52, 0xA7,
  0x75, 0xA0, 0xDC, 0x5E, 0x90, 0xD6, 0x48, 0x80, 0xCF, 0x47, 0x82, 0xCF, 0x47, 0x83, 0xCF, 0x4D, 0x89, 0xD2, 0x67, 0x9F, 0xDC, 0x6D, 0xA5, 0xDE, 0x4D, 0x87, 0xD2, 0x44, 0x7C, 0xCE, 0x46, 0x80, 0xCF, 0x46, 0x80, 0xCE, 0x43, 0x7E, 0xCD, 0x41, 0x7E, 0xCC, 
        0x41, 0x7B, 0xCD, 0x3E, 0x78, 0xCD, 0x3B, 0x77, 0xCC, 0x37, 0x72, 0xC9, 0x31, 0x6C, 0xC7, 0x27, 0x5F, 0xC1, 0x22, 0x57, 0xBC, 0x21, 0x56, 0xB9, 0x1C, 0x4F, 0xB3, 0x1A, 0x4B, 0xB0, 0x1A, 0x49, 0xB0, 0x15, 0x43, 0xA9, 0x13, 0x40, 0xA7, 
        0x15, 0x40, 0xA8, 0x13, 0x3F, 0xA5, 0x13, 0x3F, 0xA5, 0x15, 0x44, 0xAA, 0x14, 0x41, 0xA5, 0x11, 0x3C, 0xA0, 0x0F, 0x39, 0x9D, 0x0C, 0x33, 0x95, 0x09, 0x2D, 0x8F, 0x0A, 0x2F, 0x8E, 0x0A, 0x31, 0x90, 0x0A, 0x2F, 0x8E, 0x0A, 0x30, 0x8E, 
        0x09, 0x2D, 0x8B, 0x08, 0x2B, 0x89, 0x08, 0x2B, 0x8A, 0x09, 0x2D, 0x8B, 0x09, 0x2F, 0x8D, 0x09, 0x2D, 0x89, 0x08, 0x2C, 0x88, 0x0A, 0x30, 0x8D, 0x09, 0x2C, 0x8B, 0x13, 0x3E, 0x9D, 0x1F, 0x53, 0xB0, 0x0F, 0x38, 0x99, 0x0C, 0x35, 0x96, 
        0x0C, 0x33, 0x97, 0x1B, 0x51, 0xB4, 0x31, 0x75, 0xCA, 0x29, 0x6C, 0xC7, 0x2D, 0x70, 0xC8, 0x2F, 0x73, 0xC9, 0x2E, 0x6F, 0xC8, 0x30, 0x71, 0xC9, 0x30, 0x73, 0xC9, 0x30, 0x72, 0xC8, 0x2E, 0x70, 0xC7, 0x2B, 0x6B, 0xC5, 0x2E, 0x6F, 0xC6, 
        0x2A, 0x6A, 0xC4, 0x2A, 0x6D, 0xC6, 0x30, 0x76, 0xCA, 0x26, 0x68, 0xC2, 0x24, 0x63, 0xC0, 0x24, 0x62, 0xBF, 0x22, 0x60, 0xBE, 0x24, 0x61, 0xBF, 0x22, 0x60, 0xBF, 0x23, 0x60, 0xBF, 0x20, 0x5E, 0xBD, 0x1F, 0x5A, 0xBB, 0x20, 0x5D, 0xBD, 
        0x1E, 0x57, 0xB9, 0x27, 0x67, 0xC2, 0x2E, 0x75, 0xC8, 0x21, 0x5E, 0xBD, 0x1D, 0x59, 0xBA, 0x1C, 0x57, 0xB7, 0x19, 0x53, 0xB4, 0x1A, 0x53, 0xB6, 0x1C, 0x57, 0xB8, 0x1C, 0x57, 0xB8, 0x1B, 0x54, 0xB6, 0x1A, 0x54, 0xB6, 0x1A, 0x54, 0xB5, 
        0x1A, 0x53, 0xB5, 0x1A, 0x53, 0xB5, 0x18, 0x52, 0xB5, 0x19, 0x53, 0xB6, 0x18, 0x51, 0xB4, 0x18, 0x51, 0xB3, 0x17, 0x51, 0xB4, 0x17, 0x51, 0xB3, 0x16, 0x4F, 0xB2, 0x17, 0x50, 0xB3, 0x17, 0x50, 0xB2, 0x16, 0x50, 0xB2, 0x16, 0x50, 0xB2, 
        0x16, 0x50, 0xB2, 0x15, 0x4E, 0xB1, 0x12, 0x4A, 0xAD, 0x1B, 0x5B, 0xB9, 0x5A, 0xA3, 0xDF, 0x5C, 0xA5, 0xDF, 0x17, 0x55, 0xB7, 0x15, 0x4E, 0xB2, 0x15, 0x4F, 0xB4, 0x15, 0x4D, 0xB1, 0x15, 0x4D, 0xB1, 0x13, 0x4C, 0xAF, 0x13, 0x4C, 0xB1, 
        0x13, 0x4E, 0xB2, 0x13, 0x4F, 0xB2, 0x11, 0x4B, 0xB0, 0x10, 0x48, 0xAD, 0x11, 0x4A, 0xAD, 0x11, 0x49, 0xAD, 0x11, 0x48, 0xAD, 0x10, 0x49, 0xAD, 0x12, 0x4D, 0xB1, 0x12, 0x4D, 0xB1, 0x10, 0x49, 0xAE, 0x10, 0x4C, 0xAF, 0x11, 0x4D, 0xB0, 
        0x11, 0x4D, 0xB2, 0x11, 0x4D, 0xB2, 0x12, 0x4D, 0xB1, 0x13, 0x4F, 0xB2, 0x13, 0x4E, 0xB2, 0x12, 0x4C, 0xB2, 0x13, 0x50, 0xB5, 0x14, 0x53, 0xB6, 0x13, 0x50, 0xB5, 0x13, 0x52, 0xB6, 0x13, 0x52, 0xB7, 0x12, 0x51, 0xB5, 0x13, 0x51, 0xB5, 
        0x12, 0x51, 0xB5, 0x11, 0x4E, 0xB4, 0x11, 0x4E, 0xB4, 0x10, 0x4C, 0xB3, 0x10, 0x4C, 0xB4, 0x0F, 0x4A, 0xB3, 0x0C, 0x43, 0xAC, 0x0D, 0x44, 0xAB, 0x0C, 0x42, 0xAB, 0x0A, 0x3E, 0xA8, 0x09, 0x3A, 0xA3, 0x08, 0x38, 0x9F, 0x08, 0x36, 0x9C, 
        0x06, 0x32, 0x9B, 0x08, 0x37, 0xA5, 0x14, 0x52, 0xAB,
  0x77, 0xA6, 0xDD, 0x5F, 0x96, 0xD8, 0x50, 0x87, 0xD1, 0x4C, 0x85, 0xCF, 0x47, 0x83, 0xCF, 0x4B, 0x8A, 0xD2, 0x68, 0xA3, 0xDD, 0x6A, 0xA6, 0xDE, 0x4F, 0x88, 0xD3, 0x47, 0x7D, 0xCE, 0x47, 0x7F, 0xCF, 0x46, 0x80, 0xCE, 0x41, 0x7C, 0xCC, 0x3F, 0x7B, 0xCA, 
        0x3E, 0x78, 0xCA, 0x3B, 0x72, 0xCC, 0x3B, 0x74, 0xCC, 0x33, 0x6C, 0xCA, 0x2C, 0x66, 0xC4, 0x27, 0x60, 0xC3, 0x22, 0x5A, 0xBE, 0x1E, 0x50, 0xB6, 0x1C, 0x4C, 0xB3, 0x1A, 0x49, 0xB0, 0x1B, 0x4B, 0xB1, 0x1A, 0x48, 0xAE, 0x16, 0x41, 0xA9, 
        0x12, 0x3C, 0xA4, 0x12, 0x3E, 0xA3, 0x14, 0x42, 0xA7, 0x14, 0x42, 0xA8, 0x10, 0x3B, 0xA1, 0x0F, 0x38, 0x9D, 0x13, 0x3E, 0xA4, 0x11, 0x3C, 0xA0, 0x0D, 0x34, 0x97, 0x0C, 0x32, 0x94, 0x0A, 0x2D, 0x8E, 0x09, 0x2D, 0x8C, 0x0A, 0x2E, 0x8D, 
        0x09, 0x2F, 0x8C, 0x08, 0x2F, 0x8B, 0x09, 0x2E, 0x8B, 0x09, 0x2E, 0x8B, 0x09, 0x2E, 0x8B, 0x08, 0x2D, 0x8A, 0x09, 0x2C, 0x87, 0x09, 0x2C, 0x88, 0x0D, 0x33, 0x8F, 0x1B, 0x4E, 0xAA, 0x12, 0x41, 0xA0, 0x09, 0x2E, 0x8F, 0x0D, 0x35, 0x96, 
        0x0D, 0x34, 0x9B, 0x21, 0x5A, 0xBC, 0x2D, 0x71, 0xC8, 0x33, 0x7C, 0xCE, 0x47, 0x8C, 0xD6, 0x37, 0x7D, 0xCF, 0x2F, 0x6F, 0xC9, 0x2F, 0x6F, 0xC8, 0x30, 0x71, 0xC9, 0x32, 0x73, 0xC9, 0x32, 0x72, 0xC8, 0x31, 0x72, 0xC8, 0x32, 0x73, 0xC9, 
        0x2C, 0x6F, 0xC5, 0x27, 0x66, 0xC1, 0x25, 0x63, 0xC0, 0x25, 0x63, 0xC0, 0x26, 0x65, 0xC0, 0x26, 0x65, 0xBF, 0x25, 0x63, 0xC0, 0x24, 0x61, 0xBF, 0x23, 0x61, 0xBF, 0x23, 0x60, 0xBF, 0x21, 0x5E, 0xBE, 0x20, 0x5E, 0xBD, 0x1F, 0x5A, 0xBB, 
        0x1D, 0x58, 0xB8, 0x22, 0x60, 0xBD, 0x27, 0x68, 0xC1, 0x21, 0x5F, 0xBD, 0x22, 0x61, 0xBD, 0x1E, 0x59, 0xBA, 0x1D, 0x57, 0xB7, 0x1D, 0x5A, 0xB9, 0x1C, 0x57, 0xB9, 0x1C, 0x55, 0xB6, 0x1C, 0x56, 0xB6, 0x1B, 0x55, 0xB6, 0x1A, 0x52, 0xB5, 
        0x20, 0x5E, 0xBC, 0x24, 0x64, 0xC0, 0x1B, 0x56, 0xB7, 0x18, 0x51, 0xB4, 0x19, 0x55, 0xB6, 0x19, 0x55, 0xB6, 0x16, 0x50, 0xB3, 0x16, 0x51, 0xB4, 0x15, 0x4E, 0xB2, 0x16, 0x4F, 0xB3, 0x16, 0x50, 0xB3, 0x17, 0x51, 0xB4, 0x16, 0x51, 0xB2, 
        0x17, 0x51, 0xB2, 0x17, 0x51, 0xB4, 0x15, 0x4F, 0xB1, 0x15, 0x50, 0xB3, 0x24, 0x6D, 0xC4, 0x24, 0x6D, 0xC4, 0x17, 0x53, 0xB5, 0x16, 0x51, 0xB4, 0x16, 0x51, 0xB4, 0x15, 0x4F, 0xB4, 0x15, 0x4D, 0xB1, 0x15, 0x4D, 0xB1, 0x13, 0x4D, 0xB1, 
        0x12, 0x4C, 0xB1, 0x13, 0x4C, 0xB0, 0x13, 0x4C, 0xB0, 0x11, 0x4A, 0xAE, 0x11, 0x48, 0xAD, 0x11, 0x4A, 0xAD, 0x12, 0x4C, 0xAF, 0x12, 0x4C, 0xAF, 0x10, 0x49, 0xAF, 0x10, 0x49, 0xAE, 0x12, 0x4D, 0xB1, 0x11, 0x4C, 0xB1, 0x10, 0x4C, 0xB2, 
        0x12, 0x4E, 0xB3, 0x11, 0x4D, 0xB2, 0x11, 0x4D, 0xB2, 0x13, 0x4F, 0xB4, 0x13, 0x50, 0xB4, 0x12, 0x4D, 0xB2, 0x13, 0x4F, 0xB5, 0x14, 0x53, 0xB7, 0x14, 0x52, 0xB6, 0x14, 0x55, 0xB8, 0x13, 0x52, 0xB7, 0x13, 0x52, 0xB8, 0x14, 0x52, 0xB5, 
        0x14, 0x50, 0xB5, 0x11, 0x4D, 0xB2, 0x10, 0x4D, 0xB3, 0x10, 0x4D, 0xB2, 0x0F, 0x48, 0xB1, 0x10, 0x4A, 0xB2, 0x0E, 0x45, 0xAC, 0x0C, 0x43, 0xAB, 0x0C, 0x41, 0xAA, 0x0A, 0x3D, 0xA6, 0x09, 0x3B, 0xA3, 0x08, 0x38, 0x9F, 0x05, 0x31, 0x91, 
        0x06, 0x32, 0x9A, 0x1D, 0x6B, 0xC9, 0x21, 0x6C, 0xBB,
  0x6D, 0x9E, 0xDA, 0x4E, 0x89, 0xD1, 0x50, 0x88, 0xD2, 0x4D, 0x86, 0xD1, 0x49, 0x85, 0xCF, 0x48, 0x85, 0xD1, 0x4E, 0x8C, 0xD3, 0x4A, 0x88, 0xD1, 0x4A, 0x82, 0xD0, 0x4A, 0x81, 0xD0, 0x47, 0x7F, 0xCE, 0x45, 0x7F, 0xCE, 0x44, 0x7E, 0xCE, 0x44, 0x80, 0xCD, 
        0x3E, 0x79, 0xCC, 0x3E, 0x79, 0xCD, 0x3B, 0x74, 0xCD, 0x26, 0x59, 0xBC, 0x21, 0x55, 0xB9, 0x21, 0x55, 0xB9, 0x22, 0x56, 0xBB, 0x1E, 0x4E, 0xB4, 0x1C, 0x4D, 0xB3, 0x1B, 0x4A, 0xB1, 0x1B, 0x4A, 0xB0, 0x19, 0x47, 0xAE, 0x18, 0x44, 0xAC, 
        0x15, 0x41, 0xA9, 0x15, 0x43, 0xA9, 0x15, 0x42, 0xA7, 0x13, 0x3E, 0xA4, 0x0F, 0x39, 0x9E, 0x0F, 0x39, 0x9E, 0x11, 0x3C, 0xA0, 0x11, 0x3D, 0x9F, 0x0E, 0x38, 0x9B, 0x0E, 0x37, 0x9A, 0x0C, 0x32, 0x93, 0x0A, 0x2E, 0x8E, 0x0A, 0x2E, 0x8E, 
        0x08, 0x2C, 0x8A, 0x08, 0x2C, 0x8A, 0x08, 0x2D, 0x8A, 0x08, 0x2D, 0x8A, 0x08, 0x2D, 0x8A, 0x08, 0x2D, 0x8A, 0x09, 0x2D, 0x8A, 0x09, 0x2B, 0x87, 0x0F, 0x38, 0x95, 0x1A, 0x4C, 0xA8, 0x0F, 0x38, 0x99, 0x08, 0x2C, 0x8D, 0x0D, 0x36, 0x98, 
        0x11, 0x3C, 0xA2, 0x20, 0x57, 0xBA, 0x30, 0x73, 0xC9, 0x5B, 0x9F, 0xDE, 0x64, 0xA4, 0xE1, 0x36, 0x78, 0xCE, 0x31, 0x72, 0xC9, 0x32, 0x73, 0xC9, 0x2F, 0x6F, 0xC8, 0x32, 0x74, 0xCA, 0x32, 0x74, 0xC9, 0x32, 0x73, 0xC9, 0x2F, 0x70, 0xC7, 
        0x2B, 0x6E, 0xC5, 0x2D, 0x6F, 0xC6, 0x2D, 0x6F, 0xC5, 0x26, 0x67, 0xC1, 0x26, 0x66, 0xC1, 0x27, 0x66, 0xC0, 0x24, 0x61, 0xBF, 0x24, 0x5F, 0xBF, 0x24, 0x62, 0xBF, 0x20, 0x5B, 0xBA, 0x28, 0x69, 0xC4, 0x35, 0x7D, 0xCD, 0x25, 0x66, 0xC1, 
        0x1F, 0x5A, 0xBB, 0x1E, 0x59, 0xB9, 0x1D, 0x58, 0xB8, 0x24, 0x64, 0xBF, 0x26, 0x67, 0xC1, 0x1F, 0x5C, 0xBB, 0x1D, 0x59, 0xBA, 0x1D, 0x58, 0xB9, 0x1F, 0x5D, 0xBC, 0x1D, 0x59, 0xBB, 0x1C, 0x55, 0xB6, 0x1C, 0x56, 0xB6, 0x1B, 0x55, 0xB6, 
        0x1E, 0x5B, 0xBB, 0x22, 0x62, 0xBD, 0x1B, 0x55, 0xB7, 0x19, 0x51, 0xB4, 0x1F, 0x5F, 0xBD, 0x1B, 0x59, 0xB8, 0x20, 0x62, 0xBE, 0x20, 0x62, 0xBE, 0x18, 0x52, 0xB6, 0x16, 0x4F, 0xB2, 0x18, 0x52, 0xB5, 0x18, 0x52, 0xB5, 0x16, 0x4E, 0xB1, 
        0x17, 0x54, 0xB4, 0x17, 0x53, 0xB6, 0x18, 0x55, 0xB7, 0x16, 0x51, 0xB5, 0x14, 0x4D, 0xB1, 0x13, 0x4C, 0xB1, 0x16, 0x51, 0xB5, 0x16, 0x52, 0xB4, 0x16, 0x51, 0xB4, 0x16, 0x51, 0xB4, 0x16, 0x51, 0xB4, 0x16, 0x50, 0xB3, 0x15, 0x4F, 0xB3, 
        0x12, 0x4D, 0xB1, 0x12, 0x4C, 0xB1, 0x12, 0x4C, 0xB0, 0x13, 0x4C, 0xB0, 0x11, 0x4A, 0xAE, 0x11, 0x48, 0xAE, 0x12, 0x4C, 0xAF, 0x11, 0x49, 0xAD, 0x13, 0x4E, 0xB2, 0x15, 0x53, 0xB5, 0x12, 0x4C, 0xB1, 0x11, 0x4C, 0xB1, 0x12, 0x4D, 0xB3, 
        0x13, 0x4F, 0xB3, 0x12, 0x4E, 0xB2, 0x11, 0x4B, 0xB2, 0x12, 0x4E, 0xB3, 0x14, 0x50, 0xB4, 0x13, 0x50, 0xB4, 0x13, 0x50, 0xB4, 0x14, 0x52, 0xB5, 0x14, 0x52, 0xB7, 0x14, 0x53, 0xB7, 0x12, 0x50, 0xB5, 0x13, 0x52, 0xB7, 0x14, 0x52, 0xB7, 
        0x14, 0x51, 0xB5, 0x12, 0x4D, 0xB3, 0x11, 0x4D, 0xB4, 0x10, 0x4D, 0xB3, 0x0F, 0x49, 0xB1, 0x0F, 0x49, 0xB1, 0x0F, 0x47, 0xAE, 0x0D, 0x44, 0xAC, 0x0C, 0x42, 0xAB, 0x0A, 0x3E, 0xA8, 0x0B, 0x41, 0xAA, 0x09, 0x3D, 0xA5, 0x06, 0x32, 0x95, 
        0x06, 0x32, 0x9A, 0x1A, 0x65, 0xC3, 0x1E, 0x69, 0xB7,
  0x6B, 0x9C, 0xD8, 0x49, 0x84, 0xD0, 0x4F, 0x87, 0xD1, 0x4F, 0x88, 0xD1, 0x4E, 0x88, 0xD1, 0x4D, 0x88, 0xD1, 0x47, 0x83, 0xCF, 0x45, 0x82, 0xCF, 0x4F, 0x87, 0xD1, 0x52, 0x88, 0xD2, 0x4B, 0x82, 0xD0, 0x45, 0x7F, 0xCE, 0x45, 0x7F, 0xCE, 0x41, 0x7C, 0xCE, 
        0x39, 0x73, 0xCA, 0x38, 0x72, 0xCC, 0x3B, 0x76, 0xCD, 0x2E, 0x65, 0xC4, 0x2B, 0x64, 0xC4, 0x22, 0x56, 0xBA, 0x1D, 0x4E, 0xB4, 0x1A, 0x48, 0xAE, 0x1A, 0x47, 0xAE, 0x19, 0x47, 0xAE, 0x19, 0x46, 0xAC, 0x17, 0x45, 0xAB, 0x17, 0x43, 0xAB, 
        0x18, 0x45, 0xAB, 0x17, 0x45, 0xAB, 0x15, 0x40, 0xA6, 0x12, 0x3C, 0xA1, 0x12, 0x3C, 0xA1, 0x11, 0x3A, 0xA0, 0x10, 0x37, 0x9E, 0x11, 0x3B, 0x9F, 0x11, 0x3B, 0x9F, 0x11, 0x3C, 0x9F, 0x0E, 0x35, 0x99, 0x0C, 0x31, 0x93, 0x0A, 0x2E, 0x8E, 
        0x08, 0x2C, 0x8A, 0x08, 0x2C, 0x8B, 0x09, 0x2D, 0x8B, 0x09, 0x2D, 0x8A, 0x09, 0x2C, 0x8A, 0x09, 0x2D, 0x8A, 0x0A, 0x2F, 0x8D, 0x0C, 0x31, 0x8F, 0x10, 0x39, 0x97, 0x0F, 0x39, 0x97, 0x0B, 0x30, 0x90, 0x0B, 0x30, 0x92, 0x0D, 0x37, 0x98, 
        0x12, 0x3D, 0xA2, 0x23, 0x5C, 0xBD, 0x30, 0x73, 0xCA, 0x53, 0x97, 0xDA, 0x54, 0x96, 0xDA, 0x31, 0x72, 0xCA, 0x31, 0x72, 0xCA, 0x32, 0x74, 0xC9, 0x2F, 0x71, 0xC9, 0x32, 0x74, 0xCA, 0x33, 0x76, 0xCA, 0x32, 0x73, 0xC8, 0x32, 0x72, 0xC8, 
        0x2D, 0x70, 0xC5, 0x35, 0x7B, 0xCB, 0x37, 0x7B, 0xCB, 0x2B, 0x6C, 0xC4, 0x26, 0x66, 0xC1, 0x28, 0x66, 0xC1, 0x26, 0x63, 0xC0, 0x26, 0x64, 0xC2, 0x26, 0x64, 0xC2, 0x21, 0x5C, 0xBC, 0x28, 0x6A, 0xC2, 0x33, 0x78, 0xCB, 0x24, 0x63, 0xC1, 
        0x1F, 0x5A, 0xB9, 0x20, 0x5D, 0xBB, 0x1E, 0x58, 0xB8, 0x21, 0x5D, 0xBD, 0x22, 0x5C, 0xBC, 0x1E, 0x58, 0xB8, 0x1F, 0x5C, 0xBC, 0x1B, 0x54, 0xB7, 0x1D, 0x57, 0xB7, 0x1D, 0x5A, 0xB9, 0x1D, 0x59, 0xB9, 0x1D, 0x59, 0xB8, 0x1D, 0x59, 0xB8, 
        0x1B, 0x55, 0xB8, 0x1A, 0x52, 0xB6, 0x1B, 0x55, 0xB7, 0x1B, 0x57, 0xB7, 0x1A, 0x54, 0xB7, 0x1B, 0x58, 0xB9, 0x2A, 0x71, 0xC6, 0x22, 0x63, 0xBF, 0x17, 0x50, 0xB3, 0x19, 0x53, 0xB6, 0x19, 0x54, 0xB7, 0x18, 0x52, 0xB5, 0x18, 0x50, 0xB3, 
        0x1A, 0x54, 0xB6, 0x17, 0x54, 0xB6, 0x18, 0x53, 0xB6, 0x18, 0x55, 0xB7, 0x16, 0x52, 0xB5, 0x17, 0x56, 0xB6, 0x17, 0x53, 0xB6, 0x17, 0x52, 0xB5, 0x17, 0x53, 0xB5, 0x16, 0x51, 0xB4, 0x16, 0x51, 0xB4, 0x16, 0x51, 0xB4, 0x16, 0x51, 0xB4, 
        0x15, 0x4F, 0xB3, 0x13, 0x4D, 0xB3, 0x13, 0x4C, 0xB1, 0x14, 0x4E, 0xB2, 0x14, 0x4D, 0xB2, 0x13, 0x4B, 0xB0, 0x12, 0x4B, 0xB0, 0x11, 0x48, 0xAC, 0x1B, 0x5E, 0xBB, 0x1E, 0x64, 0xBF, 0x13, 0x50, 0xB4, 0x12, 0x4E, 0xB3, 0x13, 0x4F, 0xB3, 
        0x13, 0x4F, 0xB4, 0x13, 0x4F, 0xB3, 0x12, 0x4D, 0xB2, 0x11, 0x4B, 0xB0, 0x13, 0x4E, 0xB2, 0x14, 0x4F, 0xB2, 0x13, 0x50, 0xB4, 0x13, 0x50, 0xB4, 0x13, 0x50, 0xB5, 0x13, 0x4E, 0xB5, 0x12, 0x4F, 0xB4, 0x13, 0x52, 0xB6, 0x13, 0x52, 0xB6, 
        0x14, 0x52, 0xB6, 0x13, 0x51, 0xB4, 0x11, 0x4D, 0xB4, 0x0F, 0x4A, 0xB2, 0x0E, 0x48, 0xB0, 0x0E, 0x47, 0xAF, 0x0E, 0x44, 0xAC, 0x0E, 0x46, 0xAE, 0x0C, 0x43, 0xAC, 0x0B, 0x42, 0xAB, 0x10, 0x4C, 0xB1, 0x11, 0x4F, 0xB3, 0x09, 0x3B, 0xA2, 
        0x05, 0x30, 0x97, 0x06, 0x34, 0x9F, 0x0D, 0x3F, 0x9C,
  0x6E, 0x9C, 0xDA, 0x50, 0x87, 0xD2, 0x4D, 0x86, 0xD0, 0x4F, 0x87, 0xD1, 0x4F, 0x88, 0xD1, 0x4F, 0x88, 0xD1, 0x4B, 0x83, 0xCF, 0x4B, 0x85, 0xD1, 0x50, 0x88, 0xD2, 0x4F, 0x87, 0xD1, 0x48, 0x82, 0xCE, 0x44, 0x7D, 0xCE, 0x42, 0x7D, 0xCE, 0x3F, 0x79, 0xCD, 
        0x38, 0x72, 0xCB, 0x35, 0x70, 0xCC, 0x36, 0x72, 0xCC, 0x2E, 0x66, 0xC4, 0x29, 0x5F, 0xC0, 0x21, 0x52, 0xB7, 0x23, 0x56, 0xBA, 0x1E, 0x51, 0xB4, 0x1C, 0x4E, 0xB2, 0x1C, 0x4A, 0xB1, 0x19, 0x46, 0xAC, 0x17, 0x45, 0xAC, 0x16, 0x42, 0xA9, 
        0x17, 0x44, 0xA9, 0x16, 0x43, 0xA7, 0x15, 0x40, 0xA6, 0x13, 0x3F, 0xA4, 0x13, 0x3C, 0xA1, 0x11, 0x3B, 0xA0, 0x10, 0x39, 0x9E, 0x11, 0x3B, 0xA0, 0x11, 0x3B, 0x9F, 0x13, 0x3D, 0xA1, 0x10, 0x39, 0x9D, 0x0E, 0x34, 0x98, 0x0B, 0x2E, 0x92, 
        0x0A, 0x2D, 0x8C, 0x0A, 0x2E, 0x8C, 0x0A, 0x2E, 0x8C, 0x09, 0x2C, 0x8B, 0x09, 0x2C, 0x8A, 0x09, 0x2D, 0x8A, 0x09, 0x2D, 0x8B, 0x0D, 0x34, 0x92, 0x12, 0x3F, 0x9D, 0x0D, 0x33, 0x92, 0x0C, 0x33, 0x93, 0x0F, 0x39, 0x9A, 0x10, 0x3B, 0x9E, 
        0x16, 0x43, 0xA7, 0x29, 0x62, 0xC2, 0x2D, 0x6E, 0xC7, 0x30, 0x75, 0xCA, 0x34, 0x7B, 0xCD, 0x33, 0x73, 0xCA, 0x33, 0x72, 0xCA, 0x3C, 0x7F, 0xD0, 0x3F, 0x82, 0xD0, 0x32, 0x74, 0xCA, 0x34, 0x77, 0xCB, 0x32, 0x73, 0xC9, 0x30, 0x71, 0xC7, 
        0x30, 0x72, 0xC6, 0x34, 0x78, 0xC9, 0x34, 0x78, 0xC9, 0x2B, 0x6C, 0xC3, 0x2B, 0x6A, 0xC3, 0x2A, 0x6A, 0xC3, 0x29, 0x68, 0xC3, 0x28, 0x65, 0xC2, 0x26, 0x63, 0xC0, 0x26, 0x64, 0xC0, 0x24, 0x61, 0xBE, 0x21, 0x5F, 0xBC, 0x22, 0x5E, 0xBC, 
        0x21, 0x5D, 0xBE, 0x24, 0x62, 0xBE, 0x23, 0x5F, 0xBD, 0x20, 0x5C, 0xBB, 0x20, 0x5C, 0xBB, 0x20, 0x59, 0xBA, 0x1E, 0x5B, 0xBB, 0x22, 0x61, 0xBE, 0x26, 0x69, 0xC3, 0x1E, 0x5A, 0xB9, 0x1C, 0x58, 0xB9, 0x1E, 0x5A, 0xBB, 0x1D, 0x59, 0xB8, 
        0x1D, 0x56, 0xB8, 0x1C, 0x55, 0xB8, 0x1D, 0x59, 0xBA, 0x1C, 0x58, 0xB9, 0x18, 0x4E, 0xB2, 0x25, 0x68, 0xC1, 0x3E, 0x86, 0xD1, 0x24, 0x68, 0xC2, 0x16, 0x4D, 0xB1, 0x19, 0x53, 0xB6, 0x19, 0x52, 0xB6, 0x1B, 0x56, 0xB8, 0x1A, 0x55, 0xB7, 
        0x18, 0x51, 0xB3, 0x1A, 0x57, 0xB7, 0x19, 0x57, 0xB7, 0x18, 0x56, 0xB7, 0x19, 0x57, 0xB9, 0x18, 0x55, 0xB6, 0x18, 0x56, 0xB6, 0x17, 0x55, 0xB6, 0x17, 0x54, 0xB6, 0x17, 0x53, 0xB5, 0x16, 0x51, 0xB4, 0x15, 0x51, 0xB4, 0x16, 0x51, 0xB4, 
        0x16, 0x50, 0xB4, 0x15, 0x4D, 0xB1, 0x13, 0x4D, 0xB1, 0x14, 0x4D, 0xB3, 0x14, 0x4D, 0xB2, 0x14, 0x4D, 0xB2, 0x15, 0x4E, 0xB3, 0x13, 0x4B, 0xB0, 0x18, 0x57, 0xB7, 0x19, 0x59, 0xB9, 0x13, 0x4D, 0xB2, 0x12, 0x4E, 0xB4, 0x12, 0x4D, 0xB1, 
        0x12, 0x4C, 0xB1, 0x13, 0x4D, 0xB1, 0x12, 0x4D, 0xB0, 0x12, 0x4B, 0xB0, 0x12, 0x4C, 0xB0, 0x13, 0x4E, 0xB2, 0x13, 0x4D, 0xB1, 0x13, 0x4E, 0xB2, 0x13, 0x4F, 0xB4, 0x13, 0x50, 0xB5, 0x15, 0x56, 0xB9, 0x17, 0x58, 0xBA, 0x13, 0x52, 0xB5, 
        0x12, 0x4E, 0xB4, 0x12, 0x4E, 0xB4, 0x10, 0x4B, 0xB2, 0x11, 0x4D, 0xB3, 0x14, 0x56, 0xBA, 0x15, 0x58, 0xBA, 0x0F, 0x4A, 0xAF, 0x0D, 0x43, 0xAC, 0x0C, 0x42, 0xAB, 0x0C, 0x42, 0xAB, 0x0F, 0x4D, 0xB2, 0x0F, 0x4C, 0xB1, 0x09, 0x3B, 0xA2, 
        0x06, 0x33, 0x9B, 0x05, 0x31, 0x98, 0x0B, 0x3A, 0x92,
  0x6F, 0x9C, 0xDA, 0x54, 0x8C, 0xD3, 0x4F, 0x87, 0xD0, 0x4F, 0x87, 0xD2, 0x53, 0x8A, 0xD2, 0x51, 0x87, 0xD1, 0x51, 0x86, 0xD1, 0x53, 0x86, 0xD2, 0x50, 0x88, 0xD1, 0x4A, 0x83, 0xCF, 0x47, 0x81, 0xCE, 0x47, 0x81, 0xCF, 0x44, 0x7D, 0xCE, 0x3D, 0x76, 0xCB, 
        0x39, 0x73, 0xCB, 0x34, 0x73, 0xCE, 0x35, 0x72, 0xCC, 0x2E, 0x67, 0xC6, 0x25, 0x57, 0xBA, 0x1E, 0x4B, 0xB0, 0x20, 0x4F, 0xB4, 0x1E, 0x4F, 0xB4, 0x1D, 0x4C, 0xB1, 0x1C, 0x4A, 0xAF, 0x19, 0x45, 0xAA, 0x19, 0x45, 0xAA, 0x19, 0x43, 0xAA, 
        0x16, 0x42, 0xA7, 0x12, 0x3C, 0xA1, 0x12, 0x3C, 0xA1, 0x13, 0x3D, 0xA2, 0x12, 0x3C, 0xA2, 0x12, 0x3A, 0x9E, 0x13, 0x3C, 0xA1, 0x11, 0x3A, 0xA0, 0x10, 0x39, 0x9E, 0x11, 0x38, 0x9D, 0x10, 0x39, 0x9D, 0x11, 0x3A, 0x9D, 0x0F, 0x34, 0x9A, 
        0x0C, 0x2F, 0x91, 0x0A, 0x2F, 0x8C, 0x0A, 0x2E, 0x8C, 0x09, 0x2C, 0x8A, 0x09, 0x2C, 0x89, 0x08, 0x2B, 0x89, 0x08, 0x2B, 0x86, 0x0B, 0x30, 0x8D, 0x0E, 0x36, 0x94, 0x0B, 0x31, 0x91, 0x0C, 0x33, 0x93, 0x0E, 0x38, 0x9A, 0x11, 0x3F, 0xA1, 
        0x1C, 0x4C, 0xB0, 0x2A, 0x65, 0xC2, 0x2E, 0x6F, 0xC7, 0x2D, 0x6F, 0xC7, 0x2D, 0x6E, 0xC8, 0x30, 0x71, 0xC9, 0x30, 0x71, 0xC9, 0x3C, 0x80, 0xD1, 0x42, 0x84, 0xD2, 0x34, 0x77, 0xCB, 0x35, 0x77, 0xCC, 0x35, 0x79, 0xCC, 0x33, 0x76, 0xCA, 
        0x32, 0x76, 0xC8, 0x2F, 0x70, 0xC5, 0x2D, 0x6E, 0xC5, 0x2B, 0x6B, 0xC3, 0x2D, 0x6D, 0xC3, 0x2D, 0x6D, 0xC3, 0x28, 0x66, 0xC1, 0x29, 0x66, 0xC3, 0x29, 0x66, 0xC2, 0x27, 0x65, 0xC0, 0x26, 0x64, 0xC0, 0x24, 0x61, 0xBE, 0x25, 0x63, 0xBF, 
        0x24, 0x5E, 0xBE, 0x24, 0x60, 0xBF, 0x23, 0x5E, 0xBD, 0x23, 0x5D, 0xBD, 0x23, 0x5E, 0xBD, 0x20, 0x59, 0xBB, 0x1D, 0x56, 0xB7, 0x26, 0x68, 0xC2, 0x33, 0x7C, 0xCC, 0x22, 0x60, 0xBF, 0x1C, 0x55, 0xB6, 0x1D, 0x59, 0xB9, 0x1D, 0x58, 0xB9, 
        0x1D, 0x56, 0xB8, 0x1D, 0x56, 0xB8, 0x1B, 0x55, 0xB8, 0x1C, 0x56, 0xBA, 0x1B, 0x55, 0xB7, 0x22, 0x61, 0xBE, 0x2E, 0x75, 0xC9, 0x23, 0x64, 0xC0, 0x1A, 0x53, 0xB6, 0x1B, 0x56, 0xB8, 0x1B, 0x55, 0xB8, 0x1D, 0x58, 0xBB, 0x1B, 0x58, 0xB8, 
        0x1A, 0x55, 0xB5, 0x1B, 0x5A, 0xB8, 0x1B, 0x58, 0xB9, 0x1B, 0x58, 0xB9, 0x19, 0x56, 0xB9, 0x19, 0x56, 0xB9, 0x19, 0x57, 0xB8, 0x18, 0x56, 0xB6, 0x17, 0x54, 0xB6, 0x17, 0x53, 0xB6, 0x16, 0x52, 0xB4, 0x15, 0x51, 0xB4, 0x15, 0x4F, 0xB4, 
        0x15, 0x4E, 0xB4, 0x15, 0x4D, 0xB3, 0x15, 0x4D, 0xB3, 0x14, 0x4C, 0xB1, 0x14, 0x4B, 0xB1, 0x14, 0x4C, 0xB0, 0x15, 0x50, 0xB3, 0x16, 0x51, 0xB4, 0x15, 0x4F, 0xB4, 0x14, 0x4E, 0xB2, 0x13, 0x4E, 0xB4, 0x14, 0x50, 0xB5, 0x15, 0x50, 0xB4, 
        0x13, 0x4D, 0xB1, 0x12, 0x4C, 0xB0, 0x13, 0x4D, 0xB1, 0x12, 0x4C, 0xAF, 0x12, 0x4B, 0xB0, 0x13, 0x4E, 0xB0, 0x12, 0x4B, 0xB0, 0x12, 0x4C, 0xB1, 0x12, 0x4C, 0xB1, 0x14, 0x51, 0xB5, 0x1A, 0x5E, 0xBD, 0x19, 0x5E, 0xBE, 0x13, 0x4F, 0xB4, 
        0x12, 0x4C, 0xB3, 0x12, 0x4E, 0xB4, 0x10, 0x4B, 0xB3, 0x14, 0x54, 0xB8, 0x1E, 0x6B, 0xC5, 0x20, 0x71, 0xC8, 0x13, 0x54, 0xB7, 0x0D, 0x43, 0xAB, 0x0D, 0x42, 0xAB, 0x0B, 0x40, 0xA9, 0x0B, 0x42, 0xAB, 0x08, 0x3B, 0xA3, 0x08, 0x37, 0x9F, 
        0x06, 0x33, 0x9A, 0x05, 0x2F, 0x94, 0x09, 0x36, 0x8E,
  0x70, 0x9E, 0xDA, 0x53, 0x8B, 0xD3, 0x53, 0x8C, 0xD2, 0x51, 0x89, 0xD2, 0x51, 0x89, 0xD2, 0x50, 0x86, 0xD1, 0x52, 0x86, 0xD1, 0x52, 0x86, 0xD1, 0x4E, 0x85, 0xCF, 0x4A, 0x82, 0xCE, 0x47, 0x82, 0xCF, 0x4A, 0x82, 0xD0, 0x45, 0x7F, 0xD0, 0x40, 0x7A, 0xCE, 
        0x3A, 0x76, 0xCE, 0x30, 0x6D, 0xCB, 0x31, 0x6A, 0xC9, 0x2F, 0x69, 0xC7, 0x2A, 0x5F, 0xBF, 0x24, 0x56, 0xB8, 0x21, 0x51, 0xB5, 0x1E, 0x4B, 0xB2, 0x1B, 0x48, 0xAE, 0x1A, 0x47, 0xAC, 0x17, 0x43, 0xA9, 0x19, 0x42, 0xA9, 0x17, 0x42, 0xA8, 
        0x16, 0x42, 0xA8, 0x11, 0x3A, 0x9F, 0x10, 0x37, 0x9D, 0x12, 0x3C, 0xA2, 0x13, 0x3D, 0xA2, 0x12, 0x3B, 0xA0, 0x12, 0x3B, 0xA0, 0x13, 0x3E, 0xA3, 0x11, 0x3A, 0xA0, 0x0E, 0x36, 0x9C, 0x0F, 0x35, 0x9B, 0x11, 0x3A, 0x9F, 0x0F, 0x38, 0x9B, 
        0x0C, 0x32, 0x94, 0x0B, 0x31, 0x90, 0x0A, 0x2D, 0x8B, 0x08, 0x2B, 0x89, 0x08, 0x2A, 0x87, 0x07, 0x29, 0x87, 0x08, 0x2A, 0x86, 0x09, 0x2D, 0x8B, 0x0A, 0x2E, 0x8D, 0x0C, 0x32, 0x92, 0x0D, 0x35, 0x97, 0x0E, 0x38, 0x9A, 0x12, 0x3E, 0x9F, 
        0x1A, 0x4A, 0xAD, 0x2B, 0x65, 0xC3, 0x2E, 0x71, 0xC7, 0x2D, 0x71, 0xC8, 0x30, 0x72, 0xC9, 0x37, 0x78, 0xCC, 0x34, 0x76, 0xCB, 0x34, 0x79, 0xCD, 0x37, 0x7B, 0xCE, 0x36, 0x78, 0xCD, 0x36, 0x78, 0xCC, 0x35, 0x77, 0xCB, 0x35, 0x79, 0xCC, 
        0x33, 0x76, 0xC9, 0x30, 0x71, 0xC5, 0x30, 0x72, 0xC6, 0x2E, 0x6E, 0xC5, 0x2D, 0x6D, 0xC4, 0x2D, 0x6C, 0xC3, 0x2C, 0x6A, 0xC4, 0x2C, 0x6A, 0xC4, 0x29, 0x68, 0xC3, 0x28, 0x65, 0xC0, 0x29, 0x68, 0xC2, 0x29, 0x68, 0xC3, 0x28, 0x67, 0xC1, 
        0x25, 0x63, 0xBF, 0x25, 0x62, 0xC1, 0x22, 0x5E, 0xBE, 0x23, 0x5F, 0xBD, 0x23, 0x5E, 0xBD, 0x23, 0x5F, 0xBE, 0x22, 0x5F, 0xBE, 0x1E, 0x58, 0xB8, 0x22, 0x61, 0xBE, 0x1E, 0x5C, 0xBC, 0x1E, 0x5A, 0xBB, 0x1E, 0x5B, 0xBB, 0x1D, 0x5A, 0xB9, 
        0x1D, 0x55, 0xB9, 0x1C, 0x56, 0xB8, 0x1D, 0x58, 0xBA, 0x1C, 0x58, 0xBA, 0x1B, 0x57, 0xBA, 0x1B, 0x58, 0xB9, 0x1B, 0x54, 0xB7, 0x1B, 0x56, 0xB9, 0x1B, 0x56, 0xB9, 0x1B, 0x56, 0xB8, 0x1B, 0x56, 0xB8, 0x1D, 0x59, 0xB9, 0x1B, 0x56, 0xB9, 
        0x1B, 0x56, 0xB7, 0x1D, 0x59, 0xBA, 0x1C, 0x58, 0xBA, 0x1B, 0x58, 0xB9, 0x17, 0x54, 0xB6, 0x1A, 0x57, 0xB9, 0x19, 0x57, 0xB9, 0x18, 0x56, 0xB6, 0x17, 0x55, 0xB6, 0x17, 0x53, 0xB6, 0x17, 0x52, 0xB5, 0x16, 0x52, 0xB4, 0x15, 0x4F, 0xB4, 
        0x16, 0x50, 0xB4, 0x17, 0x52, 0xB5, 0x17, 0x51, 0xB4, 0x16, 0x4F, 0xB3, 0x14, 0x4D, 0xB3, 0x14, 0x4C, 0xB3, 0x14, 0x4D, 0xB2, 0x14, 0x50, 0xB2, 0x15, 0x4E, 0xB3, 0x13, 0x4D, 0xB2, 0x14, 0x4F, 0xB4, 0x16, 0x53, 0xB6, 0x18, 0x57, 0xB8, 
        0x16, 0x53, 0xB5, 0x13, 0x4D, 0xB1, 0x13, 0x4C, 0xB1, 0x12, 0x4A, 0xB0, 0x11, 0x49, 0xAF, 0x12, 0x49, 0xAF, 0x12, 0x4B, 0xB0, 0x12, 0x4C, 0xB2, 0x10, 0x47, 0xAE, 0x12, 0x4D, 0xB1, 0x18, 0x5B, 0xBB, 0x16, 0x56, 0xB9, 0x12, 0x4E, 0xB4, 
        0x13, 0x4F, 0xB4, 0x12, 0x50, 0xB4, 0x10, 0x49, 0xB1, 0x11, 0x4E, 0xB4, 0x19, 0x60, 0xBF, 0x1C, 0x66, 0xC2, 0x12, 0x50, 0xB4, 0x0D, 0x44, 0xAC, 0x0E, 0x46, 0xAE, 0x0C, 0x40, 0xA9, 0x0B, 0x3F, 0xA9, 0x09, 0x3B, 0xA4, 0x08, 0x3B, 0xA4, 
        0x08, 0x37, 0x9F, 0x06, 0x34, 0x97, 0x0A, 0x38, 0x8E,
  0x70, 0x9D, 0xD8, 0x53, 0x8A, 0xD2, 0x68, 0x9E, 0xDB, 0x5C, 0x93, 0xD6, 0x4D, 0x86, 0xD0, 0x51, 0x89, 0xD2, 0x4F, 0x87, 0xCF, 0x4F, 0x83, 0xCF, 0x4F, 0x83, 0xD1, 0x4D, 0x82, 0xCF, 0x47, 0x80, 0xCE, 0x42, 0x7E, 0xCC, 0x3C, 0x77, 0xCB, 0x39, 0x74, 0xCE, 
        0x3A, 0x76, 0xCF, 0x33, 0x6B, 0xC8, 0x2B, 0x60, 0xC0, 0x2D, 0x63, 0xC3, 0x28, 0x5C, 0xBD, 0x22, 0x53, 0xB7, 0x21, 0x52, 0xB5, 0x1E, 0x4C, 0xB2, 0x1E, 0x4C, 0xB2, 0x1C, 0x4A, 0xB0, 0x17, 0x43, 0xA9, 0x17, 0x43, 0xA8, 0x17, 0x41, 0xA8, 
        0x17, 0x42, 0xA8, 0x15, 0x41, 0xA7, 0x15, 0x3F, 0xA4, 0x13, 0x3D, 0xA2, 0x12, 0x3C, 0xA2, 0x12, 0x3C, 0xA2, 0x0F, 0x37, 0x9D, 0x12, 0x3B, 0xA0, 0x14, 0x40, 0xA4, 0x0F, 0x36, 0x9B, 0x10, 0x39, 0x9C, 0x11, 0x3A, 0x9F, 0x10, 0x38, 0x9B, 
        0x11, 0x3A, 0x9D, 0x0E, 0x34, 0x9A, 0x0E, 0x33, 0x97, 0x0B, 0x2E, 0x8E, 0x0A, 0x2D, 0x8C, 0x0B, 0x2D, 0x8C, 0x0C, 0x32, 0x90, 0x0C, 0x33, 0x96, 0x0D, 0x36, 0x98, 0x0B, 0x30, 0x94, 0x0D, 0x32, 0x96, 0x12, 0x3B, 0xA0, 0x16, 0x41, 0xA4, 
        0x1C, 0x4E, 0xB0, 0x2C, 0x69, 0xC5, 0x2F, 0x6E, 0xC8, 0x32, 0x74, 0xCA, 0x32, 0x74, 0xCB, 0x35, 0x79, 0xCC, 0x35, 0x78, 0xCC, 0x36, 0x7B, 0xCC, 0x3B, 0x7F, 0xCE, 0x37, 0x7B, 0xCD, 0x36, 0x7A, 0xCB, 0x37, 0x7B, 0xCA, 0x35, 0x79, 0xCA, 
        0x35, 0x77, 0xCA, 0x32, 0x76, 0xC9, 0x32, 0x74, 0xC8, 0x31, 0x72, 0xC7, 0x2E, 0x70, 0xC6, 0x2D, 0x6E, 0xC5, 0x2E, 0x6F, 0xC4, 0x2A, 0x69, 0xC1, 0x2C, 0x6D, 0xC4, 0x30, 0x74, 0xC8, 0x2C, 0x6C, 0xC5, 0x2C, 0x6E, 0xC6, 0x2C, 0x6F, 0xC6, 
        0x26, 0x65, 0xC1, 0x25, 0x64, 0xBF, 0x26, 0x64, 0xC1, 0x24, 0x60, 0xBE, 0x23, 0x61, 0xBD, 0x34, 0x7A, 0xCA, 0x2D, 0x70, 0xC5, 0x1F, 0x59, 0xB9, 0x1F, 0x59, 0xBA, 0x1F, 0x5C, 0xBC, 0x1F, 0x5E, 0xBC, 0x1D, 0x5A, 0xB8, 0x1E, 0x5A, 0xB9, 
        0x1E, 0x57, 0xB9, 0x1D, 0x56, 0xB7, 0x1E, 0x5A, 0xBA, 0x1D, 0x59, 0xB8, 0x1C, 0x58, 0xBA, 0x21, 0x60, 0xBE, 0x1F, 0x5C, 0xBA, 0x1D, 0x5A, 0xBA, 0x1F, 0x5D, 0xBC, 0x1C, 0x5B, 0xBA, 0x1B, 0x57, 0xB8, 0x1D, 0x5C, 0xBB, 0x27, 0x6B, 0xC3, 
        0x25, 0x66, 0xC2, 0x1A, 0x55, 0xB7, 0x1B, 0x58, 0xB8, 0x1E, 0x5C, 0xBB, 0x1C, 0x5A, 0xB9, 0x1A, 0x57, 0xB7, 0x1A, 0x57, 0xB9, 0x18, 0x56, 0xB7, 0x19, 0x56, 0xB6, 0x17, 0x55, 0xB6, 0x18, 0x55, 0xB6, 0x17, 0x54, 0xB5, 0x16, 0x52, 0xB4, 
        0x16, 0x52, 0xB5, 0x17, 0x53, 0xB5, 0x16, 0x51, 0xB4, 0x15, 0x4F, 0xB3, 0x16, 0x50, 0xB3, 0x15, 0x50, 0xB3, 0x14, 0x4F, 0xB3, 0x14, 0x4F, 0xB2, 0x14, 0x4E, 0xB2, 0x14, 0x4E, 0xB2, 0x15, 0x4F, 0xB2, 0x16, 0x50, 0xB2, 0x17, 0x54, 0xB5, 
        0x16, 0x54, 0xB5, 0x13, 0x4E, 0xB1, 0x12, 0x4C, 0xB0, 0x12, 0x4B, 0xAE, 0x12, 0x4B, 0xAE, 0x10, 0x49, 0xAD, 0x10, 0x4B, 0xB0, 0x12, 0x4E, 0xB2, 0x0F, 0x48, 0xAF, 0x0F, 0x47, 0xAE, 0x12, 0x4D, 0xB1, 0x11, 0x4B, 0xAF, 0x12, 0x4C, 0xB1, 
        0x12, 0x4E, 0xB2, 0x12, 0x4F, 0xB3, 0x11, 0x4C, 0xB1, 0x10, 0x4B, 0xB1, 0x11, 0x4C, 0xB3, 0x11, 0x4B, 0xB2, 0x10, 0x47, 0xAF, 0x0E, 0x46, 0xAF, 0x0E, 0x45, 0xAD, 0x0D, 0x43, 0xAC, 0x0C, 0x3F, 0xA9, 0x0B, 0x3E, 0xA7, 0x09, 0x3A, 0xA3, 
        0x08, 0x38, 0xA0, 0x08, 0x35, 0x9C, 0x0B, 0x39, 0x91,
  0x72, 0xA0, 0xD9, 0x54, 0x8C, 0xD2, 0x5E, 0x94, 0xD7, 0x57, 0x8E, 0xD4, 0x4F, 0x87, 0xD2, 0x52, 0x89, 0xD2, 0x52, 0x89, 0xD2, 0x52, 0x87, 0xD1, 0x50, 0x85, 0xD1, 0x4C, 0x80, 0xCF, 0x49, 0x82, 0xCE, 0x40, 0x7D, 0xCC, 0x3C, 0x77, 0xCC, 0x38, 0x73, 0xCD, 
        0x2D, 0x64, 0xC4, 0x2F, 0x67, 0xC5, 0x2B, 0x60, 0xC0, 0x25, 0x58, 0xBB, 0x23, 0x54, 0xB9, 0x22, 0x53, 0xB7, 0x21, 0x52, 0xB5, 0x1F, 0x4F, 0xB3, 0x1E, 0x4B, 0xB2, 0x18, 0x42, 0xA9, 0x16, 0x40, 0xA8, 0x17, 0x43, 0xA8, 0x16, 0x40, 0xA7, 
        0x15, 0x3F, 0xA5, 0x15, 0x3F, 0xA5, 0x12, 0x3D, 0xA3, 0x11, 0x38, 0x9D, 0x12, 0x3C, 0xA2, 0x15, 0x40, 0xA6, 0x11, 0x38, 0x9F, 0x13, 0x3D, 0xA2, 0x15, 0x3F, 0xA3, 0x11, 0x39, 0x9E, 0x11, 0x3A, 0x9E, 0x11, 0x3A, 0x9E, 0x11, 0x38, 0x9D, 
        0x11, 0x3A, 0x9D, 0x0E, 0x35, 0x99, 0x0F, 0x37, 0x9A, 0x0F, 0x36, 0x99, 0x0F, 0x37, 0x97, 0x0F, 0x37, 0x97, 0x12, 0x3B, 0x9B, 0x11, 0x3D, 0xA0, 0x0E, 0x38, 0x99, 0x0D, 0x33, 0x96, 0x11, 0x3A, 0x9E, 0x17, 0x43, 0xA6, 0x1A, 0x49, 0xAB, 
        0x24, 0x5A, 0xBB, 0x31, 0x6F, 0xC8, 0x30, 0x6F, 0xC8, 0x35, 0x76, 0xCC, 0x35, 0x79, 0xCB, 0x34, 0x77, 0xCC, 0x34, 0x76, 0xCB, 0x3A, 0x7D, 0xCE, 0x3C, 0x80, 0xCF, 0x37, 0x7D, 0xCD, 0x36, 0x7A, 0xCC, 0x37, 0x7C, 0xCC, 0x36, 0x7A, 0xCA, 
        0x36, 0x79, 0xCB, 0x35, 0x79, 0xCB, 0x33, 0x76, 0xC9, 0x31, 0x73, 0xC7, 0x32, 0x72, 0xC8, 0x2E, 0x70, 0xC6, 0x2E, 0x70, 0xC5, 0x2E, 0x6D, 0xC4, 0x3C, 0x7E, 0xCD, 0x48, 0x8B, 0xD3, 0x31, 0x76, 0xCA, 0x29, 0x69, 0xC3, 0x2D, 0x71, 0xC7, 
        0x2C, 0x6D, 0xC5, 0x28, 0x68, 0xC2, 0x28, 0x68, 0xC1, 0x28, 0x66, 0xC1, 0x27, 0x66, 0xC1, 0x2C, 0x6E, 0xC4, 0x27, 0x66, 0xC1, 0x22, 0x5D, 0xBD, 0x23, 0x5F, 0xBE, 0x1F, 0x5C, 0xBB, 0x1E, 0x59, 0xBA, 0x22, 0x62, 0xBF, 0x27, 0x6B, 0xC3, 
        0x22, 0x5C, 0xBC, 0x1E, 0x58, 0xB9, 0x1E, 0x59, 0xBB, 0x1E, 0x5A, 0xBA, 0x1D, 0x59, 0xBA, 0x1E, 0x59, 0xBB, 0x1F, 0x5C, 0xBB, 0x1F, 0x5C, 0xBA, 0x1F, 0x5D, 0xBC, 0x1F, 0x5D, 0xBC, 0x1E, 0x5D, 0xBC, 0x1F, 0x60, 0xBC, 0x27, 0x6B, 0xC3, 
        0x26, 0x67, 0xC2, 0x1A, 0x54, 0xB8, 0x1B, 0x56, 0xB8, 0x1E, 0x5D, 0xBB, 0x1B, 0x5A, 0xBA, 0x1B, 0x5A, 0xB9, 0x1B, 0x5A, 0xB9, 0x19, 0x55, 0xB7, 0x1A, 0x57, 0xB7, 0x1A, 0x57, 0xB6, 0x1A, 0x57, 0xB6, 0x18, 0x54, 0xB6, 0x17, 0x53, 0xB6, 
        0x17, 0x55, 0xB5, 0x16, 0x52, 0xB5, 0x15, 0x4F, 0xB4, 0x15, 0x4E, 0xB2, 0x15, 0x4F, 0xB3, 0x16, 0x50, 0xB3, 0x14, 0x4F, 0xB3, 0x14, 0x4F, 0xB3, 0x14, 0x4F, 0xB2, 0x14, 0x4F, 0xB2, 0x15, 0x4F, 0xB2, 0x16, 0x4F, 0xB3, 0x14, 0x51, 0xB2, 
        0x13, 0x4E, 0xB1, 0x12, 0x4D, 0xB1, 0x12, 0x4D, 0xB1, 0x12, 0x4D, 0xB0, 0x13, 0x4D, 0xB0, 0x12, 0x4C, 0xB0, 0x0F, 0x49, 0xAF, 0x0F, 0x47, 0xAF, 0x10, 0x4A, 0xAF, 0x10, 0x48, 0xAF, 0x0F, 0x47, 0xAE, 0x11, 0x4B, 0xAF, 0x10, 0x4A, 0xAF, 
        0x11, 0x4B, 0xB1, 0x13, 0x4F, 0xB4, 0x13, 0x50, 0xB4, 0x11, 0x4F, 0xB3, 0x11, 0x4C, 0xB3, 0x11, 0x4B, 0xB1, 0x10, 0x49, 0xB0, 0x10, 0x46, 0xAF, 0x0E, 0x45, 0xAD, 0x0E, 0x44, 0xAD, 0x0C, 0x40, 0xA9, 0x0C, 0x3E, 0xA7, 0x0B, 0x3F, 0xA9, 
        0x09, 0x3A, 0xA3, 0x07, 0x34, 0x9B, 0x0B, 0x39, 0x92,
  0x74, 0xA1, 0xDA, 0x54, 0x8B, 0xD1, 0x52, 0x8B, 0xD2, 0x54, 0x8B, 0xD2, 0x53, 0x8A, 0xD2, 0x53, 0x89, 0xD2, 0x55, 0x89, 0xD2, 0x52, 0x87, 0xD1, 0x4D, 0x83, 0xCF, 0x5B, 0x8C, 0xD4, 0x4F, 0x85, 0xD1, 0x43, 0x7D, 0xCE, 0x3C, 0x78, 0xCE, 0x3D, 0x7A, 0xCF, 
        0x2A, 0x5E, 0xC0, 0x24, 0x53, 0xB6, 0x2B, 0x60, 0xC0, 0x23, 0x53, 0xB8, 0x29, 0x5B, 0xBD, 0x20, 0x4F, 0xB4, 0x18, 0x41, 0xA8, 0x1E, 0x4C, 0xB0, 0x19, 0x44, 0xA9, 0x12, 0x38, 0xA1, 0x18, 0x42, 0xA8, 0x1A, 0x46, 0xAB, 0x1B, 0x46, 0xAC, 
        0x16, 0x42, 0xA7, 0x15, 0x3E, 0xA5, 0x17, 0x42, 0xA8, 0x13, 0x3D, 0xA3, 0x12, 0x3B, 0xA1, 0x15, 0x3F, 0xA4, 0x12, 0x39, 0x9F, 0x13, 0x3D, 0xA2, 0x13, 0x3D, 0xA2, 0x12, 0x3A, 0x9E, 0x11, 0x3A, 0x9E, 0x0F, 0x36, 0x9B, 0x0E, 0x35, 0x9A, 
        0x10, 0x36, 0x9A, 0x0E, 0x33, 0x96, 0x0F, 0x36, 0x99, 0x10, 0x37, 0x9B, 0x11, 0x38, 0x9D, 0x10, 0x36, 0x99, 0x12, 0x3C, 0x9F, 0x13, 0x40, 0xA3, 0x0E, 0x37, 0x9B, 0x0E, 0x36, 0x98, 0x13, 0x3D, 0xA0, 0x16, 0x43, 0xA6, 0x1A, 0x47, 0xAA, 
        0x23, 0x5A, 0xB9, 0x2E, 0x6A, 0xC6, 0x2F, 0x6D, 0xC6, 0x33, 0x72, 0xC9, 0x35, 0x76, 0xCC, 0x37, 0x7A, 0xCD, 0x35, 0x7A, 0xCC, 0x37, 0x7C, 0xCD, 0x3A, 0x7E, 0xCF, 0x37, 0x7D, 0xCD, 0x37, 0x7D, 0xCD, 0x3B, 0x7E, 0xCD, 0x3B, 0x7E, 0xCD, 
        0x37, 0x7A, 0xCA, 0x38, 0x7A, 0xCC, 0x34, 0x76, 0xC9, 0x33, 0x74, 0xC8, 0x35, 0x77, 0xC9, 0x34, 0x75, 0xC8, 0x30, 0x72, 0xC7, 0x30, 0x72, 0xC7, 0x35, 0x77, 0xCA, 0x35, 0x79, 0xCB, 0x2E, 0x71, 0xC7, 0x2D, 0x71, 0xC7, 0x30, 0x73, 0xC8, 
        0x30, 0x74, 0xC8, 0x2D, 0x6F, 0xC6, 0x29, 0x6B, 0xC2, 0x29, 0x6A, 0xC2, 0x27, 0x66, 0xC1, 0x22, 0x5E, 0xBC, 0x24, 0x61, 0xBE, 0x23, 0x5F, 0xBE, 0x22, 0x5E, 0xBD, 0x20, 0x5D, 0xBD, 0x20, 0x5C, 0xBC, 0x22, 0x61, 0xBD, 0x26, 0x67, 0xC1, 
        0x22, 0x5D, 0xBD, 0x1E, 0x57, 0xB7, 0x1E, 0x5A, 0xBB, 0x20, 0x5C, 0xBC, 0x1E, 0x5C, 0xBB, 0x1E, 0x5A, 0xBB, 0x20, 0x5E, 0xBD, 0x20, 0x5E, 0xBD, 0x20, 0x5E, 0xBC, 0x1F, 0x5D, 0xBC, 0x1F, 0x5D, 0xBC, 0x1F, 0x60, 0xBD, 0x1E, 0x5A, 0xBB, 
        0x1E, 0x5A, 0xBB, 0x20, 0x5F, 0xBC, 0x1D, 0x5B, 0xBC, 0x1D, 0x5B, 0xBA, 0x1D, 0x5D, 0xBB, 0x1D, 0x5D, 0xBB, 0x1E, 0x5D, 0xBB, 0x1C, 0x5B, 0xBA, 0x1B, 0x5A, 0xB9, 0x1A, 0x57, 0xB7, 0x19, 0x56, 0xB6, 0x19, 0x56, 0xB6, 0x1A, 0x56, 0xB8, 
        0x1A, 0x58, 0xB9, 0x1A, 0x58, 0xB7, 0x17, 0x54, 0xB5, 0x16, 0x52, 0xB5, 0x16, 0x51, 0xB4, 0x16, 0x50, 0xB3, 0x15, 0x4F, 0xB3, 0x14, 0x4F, 0xB3, 0x14, 0x4F, 0xB3, 0x14, 0x4F, 0xB2, 0x14, 0x4F, 0xB2, 0x14, 0x4E, 0xB2, 0x13, 0x4E, 0xB2, 
        0x13, 0x4E, 0xB1, 0x13, 0x4D, 0xB1, 0x13, 0x4D, 0xB1, 0x12, 0x4C, 0xB1, 0x12, 0x4A, 0xAE, 0x12, 0x4A, 0xAE, 0x10, 0x48, 0xAE, 0x0E, 0x45, 0xAA, 0x10, 0x4A, 0xAF, 0x0F, 0x48, 0xAD, 0x0E, 0x45, 0xAA, 0x11, 0x4A, 0xAF, 0x11, 0x4C, 0xB1, 
        0x12, 0x4D, 0xB1, 0x13, 0x4E, 0xB4, 0x13, 0x4F, 0xB5, 0x12, 0x4E, 0xB3, 0x11, 0x4C, 0xB3, 0x11, 0x4B, 0xB1, 0x11, 0x4A, 0xB1, 0x10, 0x48, 0xAF, 0x0F, 0x46, 0xAF, 0x0E, 0x44, 0xAD, 0x0D, 0x41, 0xAC, 0x0C, 0x40, 0xA9, 0x10, 0x4A, 0xB1, 
        0x0D, 0x42, 0xAB, 0x08, 0x38, 0xA0, 0x0B, 0x3A, 0x93,
  0x79, 0xA5, 0xDB, 0x59, 0x8F, 0xD3, 0x51, 0x8A, 0xD1, 0x56, 0x8D, 0xD3, 0x56, 0x8B, 0xD3, 0x53, 0x89, 0xD2, 0x54, 0x89, 0xD1, 0x4F, 0x84, 0xD0, 0x4F, 0x84, 0xCF, 0x5E, 0x90, 0xD4, 0x4C, 0x82, 0xCF, 0x45, 0x7D, 0xCF, 0x40, 0x78, 0xCE, 0x38, 0x72, 0xCC, 
        0x32, 0x6B, 0xC7, 0x28, 0x58, 0xBB, 0x27, 0x58, 0xBA, 0x23, 0x53, 0xB6, 0x22, 0x51, 0xB4, 0x21, 0x50, 0xB3, 0x1D, 0x48, 0xAE, 0x1A, 0x46, 0xAB, 0x1B, 0x49, 0xAD, 0x16, 0x40, 0xA5, 0x15, 0x3E, 0xA4, 0x17, 0x40, 0xA6, 0x19, 0x43, 0xA8, 
        0x16, 0x42, 0xA5, 0x13, 0x3C, 0xA1, 0x15, 0x3E, 0xA3, 0x13, 0x3B, 0xA1, 0x11, 0x38, 0x9E, 0x12, 0x3A, 0x9F, 0x13, 0x3C, 0xA1, 0x12, 0x3B, 0xA0, 0x12, 0x39, 0xA0, 0x12, 0x3C, 0xA2, 0x13, 0x3B, 0xA0, 0x0F, 0x36, 0x9B, 0x0E, 0x33, 0x9A, 
        0x11, 0x39, 0x9C, 0x0F, 0x35, 0x97, 0x10, 0x38, 0x9B, 0x12, 0x3A, 0x9F, 0x13, 0x3B, 0xA0, 0x13, 0x3A, 0xA0, 0x14, 0x3D, 0xA1, 0x12, 0x3C, 0x9F, 0x0F, 0x37, 0x9B, 0x11, 0x3A, 0x9E, 0x13, 0x3D, 0xA0, 0x14, 0x3F, 0xA2, 0x18, 0x45, 0xA8, 
        0x27, 0x5C, 0xBC, 0x2F, 0x6D, 0xC7, 0x31, 0x6F, 0xC8, 0x32, 0x72, 0xC9, 0x35, 0x75, 0xCB, 0x38, 0x7A, 0xCD, 0x37, 0x7A, 0xCC, 0x37, 0x7C, 0xCC, 0x3A, 0x7F, 0xCE, 0x3A, 0x7E, 0xCE, 0x3B, 0x7F, 0xCE, 0x3C, 0x81, 0xCE, 0x3E, 0x81, 0xCE, 
        0x3E, 0x7F, 0xCE, 0x3F, 0x81, 0xCD, 0x36, 0x7A, 0xCB, 0x33, 0x76, 0xC9, 0x36, 0x77, 0xCA, 0x33, 0x74, 0xC8, 0x30, 0x70, 0xC5, 0x32, 0x75, 0xC8, 0x32, 0x75, 0xC8, 0x2E, 0x6F, 0xC4, 0x32, 0x75, 0xC8, 0x36, 0x7B, 0xCB, 0x31, 0x74, 0xC8, 
        0x32, 0x74, 0xC9, 0x31, 0x74, 0xC9, 0x30, 0x72, 0xC7, 0x2D, 0x6F, 0xC5, 0x2C, 0x6D, 0xC4, 0x29, 0x67, 0xC2, 0x28, 0x66, 0xC2, 0x24, 0x60, 0xBE, 0x23, 0x5D, 0xBD, 0x23, 0x5F, 0xBD, 0x22, 0x5F, 0xBD, 0x1F, 0x5B, 0xBA, 0x1F, 0x5E, 0xBC, 
        0x21, 0x5C, 0xBC, 0x1F, 0x5A, 0xBB, 0x1F, 0x5B, 0xBB, 0x1F, 0x5C, 0xBC, 0x1F, 0x5C, 0xBC, 0x21, 0x5F, 0xBD, 0x25, 0x65, 0xC0, 0x24, 0x64, 0xC0, 0x23, 0x62, 0xC0, 0x22, 0x62, 0xBD, 0x21, 0x61, 0xBD, 0x20, 0x60, 0xBD, 0x1F, 0x5D, 0xBD, 
        0x20, 0x5C, 0xBC, 0x1F, 0x5E, 0xBC, 0x1D, 0x5C, 0xBB, 0x1A, 0x58, 0xB9, 0x1C, 0x5B, 0xBA, 0x1C, 0x5B, 0xBA, 0x1E, 0x5D, 0xBC, 0x1E, 0x5E, 0xBC, 0x1D, 0x5D, 0xBA, 0x1B, 0x57, 0xB9, 0x18, 0x54, 0xB6, 0x1D, 0x5A, 0xB9, 0x1D, 0x5D, 0xBB, 
        0x1A, 0x59, 0xB9, 0x1A, 0x58, 0xB9, 0x18, 0x56, 0xB7, 0x17, 0x54, 0xB5, 0x17, 0x53, 0xB5, 0x16, 0x52, 0xB5, 0x15, 0x4F, 0xB3, 0x15, 0x50, 0xB3, 0x14, 0x50, 0xB3, 0x14, 0x4F, 0xB3, 0x14, 0x4F, 0xB2, 0x14, 0x4E, 0xB2, 0x13, 0x4E, 0xB2, 
        0x13, 0x4E, 0xB2, 0x13, 0x4E, 0xB1, 0x13, 0x4C, 0xB1, 0x12, 0x4A, 0xAF, 0x11, 0x49, 0xAD, 0x11, 0x48, 0xAC, 0x10, 0x48, 0xAE, 0x10, 0x48, 0xAE, 0x10, 0x48, 0xAD, 0x10, 0x47, 0xAD, 0x10, 0x48, 0xAD, 0x11, 0x4A, 0xAF, 0x12, 0x4C, 0xB1, 
        0x12, 0x4C, 0xB1, 0x12, 0x4D, 0xB2, 0x12, 0x4C, 0xB2, 0x12, 0x4D, 0xB4, 0x13, 0x50, 0xB5, 0x12, 0x4F, 0xB4, 0x11, 0x4A, 0xB1, 0x10, 0x48, 0xB1, 0x10, 0x47, 0xAF, 0x0F, 0x44, 0xAD, 0x0D, 0x42, 0xAC, 0x0C, 0x40, 0xAA, 0x0B, 0x40, 0xA9, 
        0x0B, 0x3E, 0xA7, 0x09, 0x3A, 0xA1, 0x0B, 0x3B, 0x94,
  0x80, 0xAA, 0xDE, 0x5F, 0x95, 0xD6, 0x56, 0x8D, 0xD3, 0x59, 0x8E, 0xD3, 0x56, 0x8B, 0xD2, 0x56, 0x8A, 0xD2, 0x54, 0x89, 0xD0, 0x52, 0x87, 0xD0, 0x52, 0x87, 0xD0, 0x4C, 0x81, 0xCF, 0x46, 0x7C, 0xCE, 0x4C, 0x83, 0xD2, 0x43, 0x7D, 0xD1, 0x38, 0x72, 0xCA, 
        0x2A, 0x5C, 0xBC, 0x2E, 0x62, 0xC2, 0x22, 0x51, 0xB4, 0x20, 0x4D, 0xB1, 0x1E, 0x49, 0xAE, 0x20, 0x4D, 0xB1, 0x1E, 0x4A, 0xAF, 0x0F, 0x32, 0x9A, 0x15, 0x3C, 0xA2, 0x1B, 0x46, 0xAB, 0x16, 0x3D, 0xA3, 0x16, 0x3E, 0xA4, 0x15, 0x3A, 0xA1, 
        0x14, 0x3C, 0xA2, 0x12, 0x3A, 0x9E, 0x12, 0x39, 0x9E, 0x15, 0x3E, 0xA3, 0x15, 0x3E, 0xA3, 0x15, 0x3D, 0xA2, 0x13, 0x3A, 0xA0, 0x11, 0x37, 0x9D, 0x12, 0x38, 0x9F, 0x13, 0x3C, 0xA2, 0x15, 0x3F, 0xA4, 0x13, 0x3A, 0xA0, 0x11, 0x39, 0x9E, 
        0x10, 0x37, 0x9A, 0x0E, 0x33, 0x95, 0x10, 0x38, 0x9B, 0x12, 0x3A, 0x9F, 0x13, 0x3D, 0xA2, 0x15, 0x3D, 0xA7, 0x16, 0x41, 0xA9, 0x12, 0x3C, 0x9F, 0x11, 0x38, 0x9C, 0x14, 0x3F, 0xA3, 0x16, 0x41, 0xA5, 0x14, 0x3F, 0xA2, 0x1C, 0x4B, 0xAC, 
        0x2A, 0x61, 0xBF, 0x30, 0x6B, 0xC6, 0x30, 0x6E, 0xC7, 0x33, 0x72, 0xC9, 0x36, 0x77, 0xCB, 0x36, 0x78, 0xCC, 0x38, 0x79, 0xCD, 0x3A, 0x7F, 0xCF, 0x3C, 0x80, 0xCF, 0x3D, 0x81, 0xCF, 0x3D, 0x81, 0xCF, 0x3C, 0x80, 0xCE, 0x3B, 0x7F, 0xCD, 
        0x3F, 0x80, 0xCE, 0x3F, 0x80, 0xCE, 0x3B, 0x7C, 0xCC, 0x36, 0x79, 0xCA, 0x38, 0x7A, 0xCB, 0x36, 0x77, 0xC9, 0x34, 0x76, 0xC7, 0x35, 0x76, 0xC8, 0x37, 0x79, 0xCB, 0x35, 0x78, 0xCA, 0x35, 0x79, 0xCA, 0x39, 0x7B, 0xCB, 0x36, 0x7B, 0xCB, 
        0x36, 0x7A, 0xCB, 0x36, 0x79, 0xCA, 0x33, 0x74, 0xC9, 0x2F, 0x6F, 0xC6, 0x2C, 0x6B, 0xC4, 0x2B, 0x6A, 0xC2, 0x2B, 0x6A, 0xC4, 0x28, 0x64, 0xC1, 0x25, 0x62, 0xBE, 0x23, 0x5E, 0xBD, 0x22, 0x5D, 0xBD, 0x25, 0x63, 0xC0, 0x27, 0x65, 0xC0, 
        0x1F, 0x5B, 0xBB, 0x22, 0x5E, 0xBD, 0x21, 0x5D, 0xBD, 0x1F, 0x5C, 0xBB, 0x1F, 0x5D, 0xBC, 0x21, 0x5F, 0xBE, 0x22, 0x60, 0xBE, 0x23, 0x62, 0xBE, 0x22, 0x61, 0xBE, 0x21, 0x61, 0xBE, 0x22, 0x62, 0xBE, 0x21, 0x60, 0xBD, 0x21, 0x60, 0xBD, 
        0x20, 0x60, 0xBF, 0x1E, 0x5C, 0xBB, 0x1D, 0x5A, 0xBB, 0x27, 0x6E, 0xC5, 0x26, 0x6D, 0xC5, 0x1D, 0x5D, 0xBB, 0x1D, 0x5B, 0xBA, 0x1E, 0x5B, 0xBB, 0x1E, 0x5D, 0xBA, 0x1D, 0x5D, 0xBB, 0x1C, 0x59, 0xB9, 0x20, 0x5F, 0xBD, 0x20, 0x60, 0xBD, 
        0x1A, 0x5A, 0xB9, 0x18, 0x55, 0xB6, 0x16, 0x52, 0xB5, 0x17, 0x52, 0xB4, 0x17, 0x54, 0xB5, 0x17, 0x54, 0xB5, 0x16, 0x51, 0xB4, 0x15, 0x50, 0xB3, 0x15, 0x50, 0xB3, 0x14, 0x4F, 0xB3, 0x14, 0x4F, 0xB3, 0x14, 0x4F, 0xB2, 0x14, 0x4D, 0xB2, 
        0x13, 0x4D, 0xB2, 0x13, 0x4D, 0xB2, 0x13, 0x4C, 0xB1, 0x13, 0x4A, 0xAF, 0x13, 0x4A, 0xAF, 0x12, 0x4A, 0xAF, 0x11, 0x4A, 0xAE, 0x12, 0x4C, 0xB0, 0x10, 0x48, 0xAC, 0x10, 0x48, 0xAB, 0x11, 0x4B, 0xAD, 0x11, 0x4A, 0xAD, 0x11, 0x4B, 0xB0, 
        0x12, 0x4B, 0xB1, 0x12, 0x4C, 0xB1, 0x12, 0x4D, 0xB2, 0x12, 0x4E, 0xB4, 0x15, 0x55, 0xB8, 0x14, 0x53, 0xB7, 0x11, 0x4B, 0xB1, 0x10, 0x49, 0xB1, 0x10, 0x48, 0xB0, 0x0F, 0x46, 0xAD, 0x0D, 0x43, 0xAC, 0x0C, 0x40, 0xAA, 0x0A, 0x3D, 0xA7, 
        0x0A, 0x3D, 0xA4, 0x09, 0x39, 0xA1, 0x0C, 0x3B, 0x95,
  0x79, 0xA5, 0xDB, 0x55, 0x8D, 0xD2, 0x62, 0x95, 0xD7, 0x5F, 0x92, 0xD4, 0x55, 0x8A, 0xD1, 0x57, 0x8C, 0xD2, 0x53, 0x87, 0xD0, 0x53, 0x87, 0xD0, 0x4F, 0x84, 0xCD, 0x49, 0x7E, 0xCD, 0x4B, 0x7F, 0xD0, 0x55, 0x89, 0xD6, 0x40, 0x78, 0xCF, 0x3B, 0x74, 0xCC, 
        0x2C, 0x5F, 0xBE, 0x2A, 0x5D, 0xBE, 0x25, 0x55, 0xB7, 0x1F, 0x4B, 0xAF, 0x21, 0x4E, 0xB1, 0x18, 0x41, 0xA7, 0x1D, 0x49, 0xAD, 0x1D, 0x49, 0xAE, 0x15, 0x3C, 0xA3, 0x1B, 0x47, 0xAB, 0x18, 0x41, 0xA6, 0x16, 0x3F, 0xA4, 0x12, 0x37, 0x9D, 
        0x13, 0x39, 0x9F, 0x11, 0x37, 0x9D, 0x12, 0x3A, 0x9E, 0x15, 0x3E, 0xA1, 0x15, 0x3E, 0xA2, 0x15, 0x3D, 0xA2, 0x12, 0x38, 0x9E, 0x11, 0x36, 0x9D, 0x12, 0x38, 0x9F, 0x15, 0x3D, 0xA4, 0x15, 0x3D, 0xA2, 0x13, 0x3B, 0xA1, 0x11, 0x36, 0x9C, 
        0x0E, 0x32, 0x95, 0x0D, 0x32, 0x94, 0x11, 0x39, 0x9C, 0x13, 0x3A, 0x9F, 0x15, 0x3D, 0xA5, 0x15, 0x3D, 0xA9, 0x18, 0x43, 0xAC, 0x14, 0x3F, 0xA2, 0x0F, 0x36, 0x9A, 0x14, 0x3D, 0xA1, 0x18, 0x44, 0xA8, 0x17, 0x43, 0xA8, 0x22, 0x55, 0xB4, 
        0x2D, 0x66, 0xC2, 0x30, 0x6B, 0xC6, 0x35, 0x73, 0xC9, 0x36, 0x76, 0xCA, 0x36, 0x77, 0xCB, 0x38, 0x7A, 0xCC, 0x39, 0x7D, 0xCE, 0x3D, 0x80, 0xD0, 0x3F, 0x82, 0xD0, 0x42, 0x86, 0xD2, 0x43, 0x86, 0xD2, 0x42, 0x84, 0xD0, 0x3E, 0x82, 0xCE, 
        0x3E, 0x80, 0xCD, 0x3C, 0x7D, 0xCD, 0x3B, 0x7C, 0xCC, 0x3B, 0x7C, 0xCB, 0x3A, 0x7A, 0xCA, 0x38, 0x7A, 0xCA, 0x36, 0x77, 0xC9, 0x36, 0x77, 0xC8, 0x38, 0x7A, 0xCA, 0x3A, 0x7C, 0xCC, 0x3A, 0x7E, 0xCC, 0x3C, 0x7D, 0xCC, 0x40, 0x82, 0xCE, 
        0x3E, 0x80, 0xCF, 0x39, 0x7A, 0xCD, 0x36, 0x79, 0xCA, 0x34, 0x76, 0xCA, 0x30, 0x6F, 0xC7, 0x2F, 0x6D, 0xC5, 0x2B, 0x6A, 0xC4, 0x27, 0x63, 0xC1, 0x28, 0x64, 0xC1, 0x24, 0x60, 0xBE, 0x22, 0x5D, 0xBD, 0x25, 0x63, 0xC0, 0x28, 0x68, 0xC3, 
        0x20, 0x5B, 0xBB, 0x21, 0x5D, 0xBC, 0x21, 0x5D, 0xBD, 0x21, 0x5D, 0xBD, 0x21, 0x60, 0xBD, 0x21, 0x60, 0xBE, 0x21, 0x5C, 0xBD, 0x22, 0x5F, 0xBE, 0x23, 0x62, 0xBE, 0x22, 0x61, 0xBE, 0x23, 0x62, 0xBF, 0x22, 0x62, 0xBE, 0x21, 0x61, 0xBE, 
        0x23, 0x61, 0xBF, 0x1D, 0x5A, 0xBA, 0x20, 0x62, 0xBE, 0x50, 0x97, 0xD9, 0x38, 0x84, 0xCF, 0x1A, 0x5B, 0xBB, 0x1E, 0x5B, 0xBB, 0x1D, 0x5B, 0xBA, 0x1E, 0x5B, 0xBB, 0x23, 0x65, 0xBF, 0x1F, 0x5E, 0xBC, 0x1D, 0x59, 0xB9, 0x1C, 0x5C, 0xBA, 
        0x1A, 0x5A, 0xB9, 0x19, 0x57, 0xB8, 0x1A, 0x58, 0xB8, 0x18, 0x56, 0xB8, 0x16, 0x52, 0xB4, 0x15, 0x50, 0xB4, 0x17, 0x54, 0xB5, 0x16, 0x52, 0xB5, 0x15, 0x4F, 0xB3, 0x15, 0x4F, 0xB3, 0x14, 0x4F, 0xB3, 0x14, 0x4F, 0xB3, 0x14, 0x4E, 0xB2, 
        0x14, 0x4F, 0xB2, 0x14, 0x4E, 0xB2, 0x13, 0x4C, 0xB2, 0x12, 0x4A, 0xAF, 0x13, 0x4A, 0xAF, 0x13, 0x4B, 0xB1, 0x12, 0x4B, 0xAF, 0x12, 0x4B, 0xAE, 0x11, 0x49, 0xAE, 0x10, 0x48, 0xAB, 0x10, 0x48, 0xAB, 0x11, 0x48, 0xAD, 0x11, 0x4A, 0xAF, 
        0x14, 0x4F, 0xB4, 0x15, 0x51, 0xB5, 0x13, 0x4D, 0xB4, 0x12, 0x4D, 0xB2, 0x14, 0x50, 0xB7, 0x14, 0x52, 0xB7, 0x11, 0x4C, 0xB1, 0x10, 0x4A, 0xB1, 0x10, 0x48, 0xB0, 0x0F, 0x46, 0xAE, 0x0D, 0x44, 0xAC, 0x0D, 0x41, 0xAA, 0x0C, 0x40, 0xAA, 
        0x0A, 0x3C, 0xA5, 0x08, 0x39, 0xA0, 0x0D, 0x3E, 0x99,
  0x78, 0xA4, 0xDB, 0x59, 0x8E, 0xD3, 0x60, 0x93, 0xD5, 0x5C, 0x8F, 0xD4, 0x56, 0x8A, 0xD0, 0x57, 0x8A, 0xD2, 0x56, 0x88, 0xD0, 0x57, 0x87, 0xD2, 0x50, 0x83, 0xCF, 0x4D, 0x81, 0xCF, 0x48, 0x7C, 0xCF, 0x49, 0x81, 0xD1, 0x3E, 0x76, 0xCC, 0x36, 0x6B, 0xC6, 
        0x33, 0x68, 0xC3, 0x29, 0x59, 0xB9, 0x2E, 0x61, 0xBE, 0x26, 0x56, 0xB7, 0x1D, 0x49, 0xAD, 0x1B, 0x46, 0xAA, 0x1A, 0x45, 0xAA, 0x22, 0x50, 0xB3, 0x16, 0x3D, 0xA3, 0x15, 0x3A, 0xA1, 0x19, 0x42, 0xA6, 0x18, 0x41, 0xA6, 0x15, 0x3C, 0xA1, 
        0x15, 0x3C, 0xA1, 0x15, 0x3C, 0xA2, 0x16, 0x40, 0xA5, 0x15, 0x3E, 0xA1, 0x13, 0x3B, 0x9E, 0x15, 0x3D, 0xA0, 0x12, 0x38, 0x9C, 0x13, 0x3B, 0xA0, 0x15, 0x3F, 0xA2, 0x12, 0x39, 0x9E, 0x12, 0x38, 0x9D, 0x12, 0x39, 0x9F, 0x11, 0x37, 0x9B, 
        0x0E, 0x31, 0x94, 0x0E, 0x33, 0x94, 0x11, 0x39, 0x9B, 0x14, 0x3C, 0xA0, 0x10, 0x36, 0x9B, 0x13, 0x3D, 0xA2, 0x17, 0x42, 0xA9, 0x18, 0x46, 0xAC, 0x11, 0x39, 0x9F, 0x12, 0x3A, 0x9F, 0x15, 0x40, 0xA5, 0x17, 0x43, 0xA6, 0x22, 0x56, 0xB5, 
        0x2C, 0x67, 0xC2, 0x3A, 0x7C, 0xCD, 0x4D, 0x8B, 0xD4, 0x3C, 0x7C, 0xCD, 0x36, 0x79, 0xCC, 0x39, 0x7D, 0xCC, 0x3D, 0x80, 0xCF, 0x3D, 0x81, 0xD0, 0x3E, 0x82, 0xD0, 0x40, 0x84, 0xD1, 0x42, 0x86, 0xD1, 0x42, 0x85, 0xD0, 0x40, 0x83, 0xCF, 
        0x41, 0x83, 0xCE, 0x3E, 0x7F, 0xCD, 0x3C, 0x7D, 0xCC, 0x39, 0x7A, 0xCB, 0x39, 0x7B, 0xCA, 0x38, 0x79, 0xCA, 0x36, 0x7A, 0xCA, 0x36, 0x79, 0xCA, 0x3D, 0x7F, 0xCC, 0x3D, 0x7F, 0xCD, 0x3D, 0x82, 0xCF, 0x40, 0x85, 0xD0, 0x40, 0x84, 0xCF, 
        0x42, 0x84, 0xCF, 0x39, 0x7F, 0xCD, 0x36, 0x7C, 0xCB, 0x34, 0x79, 0xC9, 0x30, 0x73, 0xC6, 0x2D, 0x6F, 0xC4, 0x2B, 0x6B, 0xC2, 0x28, 0x67, 0xC1, 0x26, 0x64, 0xC1, 0x25, 0x63, 0xBF, 0x24, 0x63, 0xBE, 0x25, 0x63, 0xBE, 0x25, 0x63, 0xC0, 
        0x22, 0x5D, 0xBD, 0x22, 0x5C, 0xBC, 0x21, 0x5D, 0xBD, 0x22, 0x5F, 0xBD, 0x23, 0x60, 0xBF, 0x23, 0x60, 0xBE, 0x22, 0x60, 0xBE, 0x25, 0x62, 0xBF, 0x23, 0x60, 0xBE, 0x22, 0x60, 0xBE, 0x24, 0x65, 0xC0, 0x23, 0x64, 0xC0, 0x21, 0x61, 0xBE, 
        0x20, 0x5E, 0xBD, 0x1F, 0x5B, 0xBC, 0x20, 0x5F, 0xBD, 0x2A, 0x6E, 0xC5, 0x22, 0x63, 0xBF, 0x1D, 0x5A, 0xBB, 0x1F, 0x5E, 0xBC, 0x1E, 0x5C, 0xBB, 0x1E, 0x5C, 0xBB, 0x21, 0x60, 0xBE, 0x1F, 0x5E, 0xBC, 0x1C, 0x5A, 0xB9, 0x1B, 0x57, 0xB9, 
        0x1B, 0x5C, 0xBA, 0x1D, 0x5C, 0xBB, 0x1D, 0x5D, 0xBC, 0x1C, 0x5C, 0xBC, 0x1E, 0x61, 0xBE, 0x1C, 0x5C, 0xBB, 0x17, 0x53, 0xB5, 0x15, 0x4F, 0xB4, 0x15, 0x51, 0xB4, 0x15, 0x4F, 0xB3, 0x15, 0x4F, 0xB3, 0x15, 0x50, 0xB3, 0x15, 0x50, 0xB4, 
        0x16, 0x51, 0xB3, 0x16, 0x50, 0xB3, 0x14, 0x4E, 0xB2, 0x13, 0x4B, 0xB0, 0x13, 0x4B, 0xAF, 0x13, 0x4B, 0xB1, 0x13, 0x4C, 0xB1, 0x12, 0x4A, 0xAF, 0x11, 0x49, 0xAE, 0x0F, 0x45, 0xA9, 0x10, 0x48, 0xAC, 0x10, 0x4A, 0xAD, 0x12, 0x4A, 0xB0, 
        0x14, 0x50, 0xB3, 0x16, 0x55, 0xB7, 0x15, 0x53, 0xB6, 0x13, 0x4F, 0xB4, 0x13, 0x50, 0xB5, 0x13, 0x4F, 0xB5, 0x12, 0x4C, 0xB4, 0x12, 0x4C, 0xB3, 0x10, 0x49, 0xB1, 0x11, 0x48, 0xB1, 0x0F, 0x44, 0xAD, 0x0D, 0x42, 0xAC, 0x0C, 0x40, 0xA8, 
        0x09, 0x3B, 0xA2, 0x09, 0x3A, 0xA1, 0x0E, 0x42, 0x9C,
  0x78, 0xA4, 0xDA, 0x5C, 0x90, 0xD4, 0x5C, 0x8F, 0xD4, 0x59, 0x8D, 0xD3, 0x59, 0x8B, 0xD2, 0x57, 0x88, 0xD1, 0x57, 0x88, 0xD0, 0x55, 0x87, 0xD0, 0x52, 0x84, 0xD0, 0x49, 0x7E, 0xCD, 0x46, 0x7B, 0xCB, 0x46, 0x7C, 0xCD, 0x46, 0x7E, 0xCF, 0x3A, 0x70, 0xC9, 
        0x38, 0x6C, 0xC7, 0x30, 0x62, 0xBE, 0x2C, 0x5C, 0xBB, 0x23, 0x4F, 0xB2, 0x1A, 0x44, 0xA8, 0x25, 0x55, 0xB6, 0x1D, 0x48, 0xAC, 0x1A, 0x41, 0xA7, 0x20, 0x4A, 0xAE, 0x19, 0x42, 0xA7, 0x13, 0x38, 0xA0, 0x17, 0x3E, 0xA3, 0x1A, 0x44, 0xA8, 
        0x17, 0x3E, 0xA3, 0x16, 0x3B, 0xA1, 0x18, 0x3F, 0xA5, 0x16, 0x3F, 0xA4, 0x14, 0x3B, 0x9F, 0x14, 0x3C, 0xA0, 0x12, 0x38, 0x9C, 0x13, 0x3B, 0xA0, 0x14, 0x3D, 0xA0, 0x12, 0x3A, 0x9D, 0x15, 0x3D, 0xA0, 0x15, 0x3D, 0xA0, 0x11, 0x37, 0x9B, 
        0x0F, 0x33, 0x95, 0x0F, 0x33, 0x94, 0x11, 0x37, 0x97, 0x16, 0x40, 0xA2, 0x13, 0x3C, 0xA0, 0x19, 0x46, 0xA9, 0x19, 0x48, 0xAB, 0x18, 0x45, 0xAC, 0x12, 0x3A, 0xA1, 0x16, 0x40, 0xA7, 0x19, 0x46, 0xAA, 0x17, 0x43, 0xA5, 0x22, 0x56, 0xB5, 
        0x2C, 0x65, 0xC2, 0x41, 0x80, 0xCE, 0x54, 0x91, 0xD6, 0x3C, 0x7E, 0xCD, 0x3A, 0x7C, 0xCD, 0x38, 0x7B, 0xCB, 0x39, 0x7D, 0xCC, 0x40, 0x84, 0xD1, 0x41, 0x84, 0xD0, 0x41, 0x84, 0xD1, 0x43, 0x86, 0xD1, 0x43, 0x86, 0xD0, 0x43, 0x86, 0xD0, 
        0x43, 0x83, 0xCF, 0x3E, 0x7F, 0xCD, 0x3E, 0x7F, 0xCD, 0x3E, 0x7E, 0xCD, 0x37, 0x7A, 0xCA, 0x3B, 0x7C, 0xCA, 0x49, 0x8A, 0xD2, 0x3E, 0x82, 0xCF, 0x3E, 0x81, 0xCE, 0x41, 0x84, 0xCF, 0x40, 0x83, 0xCF, 0x40, 0x86, 0xD0, 0x3F, 0x85, 0xCF, 
        0x3F, 0x84, 0xCE, 0x3D, 0x82, 0xCE, 0x36, 0x7E, 0xCB, 0x33, 0x7A, 0xCA, 0x31, 0x76, 0xC7, 0x2D, 0x71, 0xC4, 0x2A, 0x6B, 0xC3, 0x28, 0x68, 0xC2, 0x26, 0x65, 0xC1, 0x26, 0x64, 0xBF, 0x25, 0x63, 0xBF, 0x24, 0x61, 0xBD, 0x23, 0x5E, 0xBD, 
        0x23, 0x61, 0xBD, 0x23, 0x5F, 0xBD, 0x23, 0x5E, 0xBD, 0x22, 0x5E, 0xBD, 0x23, 0x61, 0xBF, 0x24, 0x60, 0xBF, 0x25, 0x63, 0xBF, 0x24, 0x61, 0xBE, 0x22, 0x5F, 0xBD, 0x21, 0x5C, 0xBB, 0x22, 0x60, 0xBD, 0x23, 0x62, 0xBF, 0x21, 0x61, 0xBE, 
        0x24, 0x65, 0xC0, 0x25, 0x66, 0xC1, 0x1F, 0x5B, 0xBC, 0x1B, 0x55, 0xB9, 0x1F, 0x5A, 0xBB, 0x20, 0x5D, 0xBC, 0x1F, 0x5E, 0xBC, 0x1F, 0x5E, 0xBC, 0x1F, 0x5E, 0xBC, 0x1E, 0x5D, 0xBB, 0x1F, 0x5D, 0xBC, 0x1F, 0x5D, 0xBA, 0x1D, 0x5A, 0xBA, 
        0x1C, 0x59, 0xBA, 0x1A, 0x57, 0xB9, 0x1C, 0x5C, 0xBC, 0x23, 0x6B, 0xC4, 0x2F, 0x7C, 0xCE, 0x27, 0x72, 0xC8, 0x15, 0x4F, 0xB2, 0x19, 0x55, 0xB7, 0x24, 0x6C, 0xC3, 0x1F, 0x63, 0xBE, 0x15, 0x4F, 0xB1, 0x14, 0x4D, 0xB1, 0x15, 0x50, 0xB3, 
        0x16, 0x50, 0xB4, 0x16, 0x51, 0xB3, 0x14, 0x4E, 0xB2, 0x13, 0x4B, 0xB0, 0x13, 0x4B, 0xB0, 0x13, 0x4B, 0xAD, 0x12, 0x4A, 0xAF, 0x12, 0x4B, 0xAF, 0x11, 0x4A, 0xAF, 0x11, 0x49, 0xAC, 0x11, 0x4B, 0xAE, 0x0F, 0x48, 0xAB, 0x12, 0x4B, 0xB0, 
        0x14, 0x4E, 0xB2, 0x14, 0x4E, 0xB3, 0x14, 0x50, 0xB5, 0x14, 0x50, 0xB5, 0x13, 0x51, 0xB5, 0x14, 0x51, 0xB5, 0x13, 0x4D, 0xB5, 0x12, 0x4A, 0xB2, 0x12, 0x4C, 0xB3, 0x14, 0x52, 0xB6, 0x10, 0x47, 0xB0, 0x0D, 0x41, 0xAB, 0x0B, 0x40, 0xA7, 
        0x0B, 0x3C, 0xA4, 0x0C, 0x40, 0xA8, 0x0F, 0x45, 0x9E,
  0x78, 0xA4, 0xDA, 0x5A, 0x90, 0xD3, 0x5A, 0x8E, 0xD3, 0x59, 0x8D, 0xD3, 0x5A, 0x8D, 0xD3, 0x59, 0x8C, 0xD3, 0x59, 0x8A, 0xD2, 0x56, 0x87, 0xD0, 0x53, 0x85, 0xCF, 0x4D, 0x7E, 0xCD, 0x48, 0x7C, 0xCD, 0x46, 0x7C, 0xCF, 0x4A, 0x81, 0xD0, 0x40, 0x76, 0xCD, 
        0x39, 0x6F, 0xC7, 0x33, 0x64, 0xC1, 0x2B, 0x59, 0xB9, 0x29, 0x58, 0xB9, 0x21, 0x4D, 0xAF, 0x1F, 0x4B, 0xAF, 0x1F, 0x4A, 0xAF, 0x19, 0x40, 0xA6, 0x1A, 0x41, 0xA7, 0x1D, 0x46, 0xAA, 0x19, 0x41, 0xA6, 0x13, 0x37, 0x9E, 0x12, 0x36, 0x9B, 
        0x15, 0x3A, 0x9F, 0x16, 0x3C, 0xA1, 0x16, 0x3C, 0xA1, 0x16, 0x3C, 0xA2, 0x15, 0x3C, 0xA1, 0x15, 0x3E, 0xA0, 0x13, 0x3B, 0x9E, 0x12, 0x39, 0x9D, 0x11, 0x38, 0x9C, 0x15, 0x3D, 0xA0, 0x15, 0x3E, 0xA0, 0x13, 0x3B, 0x9D, 0x12, 0x37, 0x9B, 
        0x11, 0x35, 0x98, 0x10, 0x34, 0x96, 0x11, 0x36, 0x97, 0x18, 0x44, 0xA5, 0x1A, 0x47, 0xAA, 0x1B, 0x4A, 0xAD, 0x19, 0x47, 0xAC, 0x17, 0x42, 0xA9, 0x10, 0x38, 0x9F, 0x18, 0x44, 0xAA, 0x1B, 0x49, 0xAE, 0x17, 0x42, 0xA5, 0x24, 0x59, 0xB7, 
        0x31, 0x6B, 0xC7, 0x33, 0x6F, 0xC8, 0x39, 0x7A, 0xCC, 0x37, 0x79, 0xCB, 0x3A, 0x7B, 0xCD, 0x3C, 0x7E, 0xCD, 0x43, 0x85, 0xD1, 0x40, 0x82, 0xD0, 0x41, 0x84, 0xD0, 0x43, 0x85, 0xD1, 0x44, 0x86, 0xD1, 0x45, 0x87, 0xD1, 0x46, 0x89, 0xD1, 
        0x43, 0x84, 0xCF, 0x3F, 0x7F, 0xCE, 0x3C, 0x7E, 0xCC, 0x39, 0x7C, 0xCB, 0x36, 0x77, 0xC9, 0x4B, 0x88, 0xD2, 0x63, 0x9E, 0xDB, 0x46, 0x88, 0xD1, 0x3E, 0x81, 0xCE, 0x46, 0x87, 0xD1, 0x44, 0x87, 0xD0, 0x41, 0x85, 0xCF, 0x40, 0x86, 0xD0, 
        0x3F, 0x83, 0xCF, 0x42, 0x84, 0xCF, 0x3A, 0x7E, 0xCB, 0x33, 0x78, 0xC8, 0x31, 0x74, 0xC7, 0x2D, 0x70, 0xC4, 0x2A, 0x6B, 0xC3, 0x2A, 0x68, 0xC3, 0x28, 0x65, 0xC1, 0x27, 0x64, 0xBF, 0x26, 0x63, 0xBF, 0x26, 0x61, 0xBF, 0x24, 0x62, 0xBD, 
        0x25, 0x63, 0xBE, 0x24, 0x61, 0xBE, 0x23, 0x60, 0xBD, 0x23, 0x5F, 0xBD, 0x23, 0x60, 0xBE, 0x23, 0x61, 0xBF, 0x23, 0x60, 0xBF, 0x23, 0x5F, 0xBC, 0x2A, 0x6C, 0xC3, 0x2A, 0x6D, 0xC5, 0x22, 0x62, 0xBE, 0x21, 0x5E, 0xBD, 0x20, 0x5C, 0xBD, 
        0x2F, 0x77, 0xCB, 0x3A, 0x82, 0xCF, 0x29, 0x6C, 0xC4, 0x20, 0x5D, 0xBD, 0x20, 0x5F, 0xBD, 0x20, 0x5E, 0xBC, 0x1F, 0x5C, 0xBC, 0x1F, 0x5F, 0xBC, 0x1F, 0x5F, 0xBE, 0x1F, 0x5E, 0xBD, 0x1F, 0x5E, 0xBC, 0x1F, 0x5C, 0xBB, 0x1E, 0x5D, 0xBC, 
        0x1B, 0x58, 0xB9, 0x1B, 0x57, 0xBA, 0x21, 0x64, 0xC0, 0x2B, 0x77, 0xCA, 0x38, 0x84, 0xD1, 0x25, 0x6D, 0xC5, 0x16, 0x52, 0xB5, 0x1A, 0x58, 0xB8, 0x26, 0x6E, 0xC4, 0x1E, 0x5E, 0xBC, 0x14, 0x4D, 0xB0, 0x15, 0x4D, 0xB1, 0x15, 0x4F, 0xB3, 
        0x14, 0x50, 0xB3, 0x14, 0x4F, 0xB3, 0x14, 0x4D, 0xB0, 0x13, 0x4C, 0xB0, 0x13, 0x4B, 0xB0, 0x13, 0x4B, 0xB0, 0x15, 0x50, 0xB2, 0x13, 0x4B, 0xB1, 0x11, 0x47, 0xAC, 0x11, 0x4B, 0xAF, 0x12, 0x4C, 0xB0, 0x11, 0x4C, 0xB0, 0x13, 0x4C, 0xB1, 
        0x14, 0x51, 0xB3, 0x14, 0x4E, 0xB3, 0x15, 0x52, 0xB6, 0x16, 0x55, 0xB8, 0x14, 0x51, 0xB5, 0x14, 0x51, 0xB6, 0x13, 0x50, 0xB5, 0x11, 0x49, 0xB1, 0x11, 0x4A, 0xB2, 0x12, 0x4C, 0xB3, 0x0F, 0x45, 0xAE, 0x0D, 0x43, 0xAD, 0x0C, 0x41, 0xAB, 
        0x0B, 0x3D, 0xA4, 0x0C, 0x40, 0xA7, 0x0E, 0x42, 0x9C,
  0x79, 0xA5, 0xDA, 0x5C, 0x91, 0xD3, 0x5B, 0x90, 0xD3, 0x59, 0x8D, 0xD3, 0x5B, 0x8E, 0xD3, 0x59, 0x8B, 0xD2, 0x59, 0x8A, 0xD2, 0x55, 0x87, 0xD0, 0x53, 0x84, 0xCF, 0x54, 0x85, 0xCF, 0x4E, 0x7F, 0xCD, 0x4A, 0x7F, 0xCF, 0x51, 0x86, 0xD2, 0x49, 0x7E, 0xCF, 
        0x3E, 0x73, 0xCA, 0x36, 0x67, 0xC2, 0x2D, 0x5B, 0xB9, 0x2B, 0x56, 0xB7, 0x2C, 0x59, 0xBA, 0x21, 0x4C, 0xB0, 0x1F, 0x48, 0xAD, 0x1F, 0x48, 0xAC, 0x17, 0x3B, 0xA1, 0x18, 0x3D, 0xA2, 0x1D, 0x46, 0xAA, 0x1B, 0x45, 0xA9, 0x17, 0x3F, 0xA3, 
        0x16, 0x3D, 0xA1, 0x15, 0x3B, 0x9F, 0x14, 0x3A, 0x9D, 0x13, 0x38, 0x9D, 0x15, 0x3B, 0x9F, 0x15, 0x3C, 0xA1, 0x15, 0x3C, 0x9E, 0x12, 0x3A, 0x9C, 0x12, 0x39, 0x9C, 0x13, 0x3B, 0x9E, 0x10, 0x35, 0x98, 0x10, 0x35, 0x96, 0x12, 0x39, 0x9B, 
        0x12, 0x37, 0x99, 0x10, 0x33, 0x96, 0x12, 0x37, 0x9A, 0x17, 0x40, 0xA3, 0x18, 0x43, 0xA7, 0x15, 0x3F, 0xA5, 0x18, 0x44, 0xAA, 0x1E, 0x4D, 0xB1, 0x14, 0x3E, 0xA4, 0x17, 0x42, 0xA7, 0x19, 0x45, 0xAA, 0x18, 0x44, 0xA9, 0x27, 0x5D, 0xBB, 
        0x36, 0x73, 0xCA, 0x31, 0x6B, 0xC7, 0x33, 0x6F, 0xC8, 0x37, 0x77, 0xCA, 0x37, 0x77, 0xCA, 0x47, 0x85, 0xD1, 0x54, 0x92, 0xD7, 0x3D, 0x81, 0xD0, 0x41, 0x84, 0xD0, 0x43, 0x86, 0xD0, 0x46, 0x88, 0xD1, 0x47, 0x89, 0xD3, 0x48, 0x8A, 0xD2, 
        0x48, 0x89, 0xD1, 0x45, 0x86, 0xCF, 0x40, 0x80, 0xCE, 0x3C, 0x7E, 0xCC, 0x39, 0x7B, 0xCA, 0x3E, 0x7E, 0xCD, 0x4B, 0x8A, 0xD2, 0x3C, 0x7E, 0xCC, 0x38, 0x7A, 0xCB, 0x40, 0x83, 0xCF, 0x41, 0x84, 0xCF, 0x41, 0x86, 0xCF, 0x43, 0x86, 0xD0, 
        0x40, 0x84, 0xCF, 0x3F, 0x82, 0xCF, 0x3A, 0x7D, 0xCB, 0x35, 0x78, 0xC9, 0x31, 0x75, 0xC7, 0x30, 0x73, 0xC6, 0x2C, 0x6E, 0xC3, 0x2A, 0x69, 0xC2, 0x29, 0x67, 0xC2, 0x28, 0x65, 0xC1, 0x28, 0x65, 0xBF, 0x27, 0x63, 0xBF, 0x26, 0x63, 0xBF, 
        0x25, 0x64, 0xBE, 0x24, 0x62, 0xBE, 0x24, 0x62, 0xBE, 0x24, 0x62, 0xBE, 0x25, 0x61, 0xBF, 0x25, 0x62, 0xBF, 0x23, 0x61, 0xBF, 0x26, 0x64, 0xC0, 0x38, 0x7C, 0xCC, 0x3C, 0x82, 0xCE, 0x29, 0x6D, 0xC4, 0x21, 0x5F, 0xBD, 0x22, 0x63, 0xC0, 
        0x37, 0x7F, 0xCF, 0x41, 0x87, 0xD3, 0x3B, 0x83, 0xCF, 0x2B, 0x71, 0xC7, 0x21, 0x60, 0xBF, 0x1F, 0x5D, 0xBD, 0x1F, 0x5D, 0xBC, 0x1F, 0x5E, 0xBC, 0x20, 0x60, 0xBE, 0x20, 0x61, 0xBE, 0x1F, 0x5F, 0xBD, 0x1F, 0x5F, 0xBD, 0x1F, 0x5D, 0xBD, 
        0x1F, 0x5E, 0xBC, 0x24, 0x68, 0xC1, 0x27, 0x6E, 0xC5, 0x2E, 0x78, 0xCB, 0x39, 0x85, 0xD1, 0x26, 0x6E, 0xC5, 0x1A, 0x56, 0xB8, 0x17, 0x53, 0xB6, 0x17, 0x52, 0xB5, 0x15, 0x4E, 0xB4, 0x16, 0x50, 0xB4, 0x16, 0x51, 0xB4, 0x15, 0x4D, 0xB3, 
        0x15, 0x4F, 0xB3, 0x14, 0x4F, 0xB3, 0x14, 0x4E, 0xB3, 0x14, 0x4C, 0xB0, 0x14, 0x4C, 0xB0, 0x13, 0x4C, 0xB0, 0x13, 0x4D, 0xB2, 0x13, 0x4C, 0xB1, 0x16, 0x50, 0xB4, 0x12, 0x4A, 0xAF, 0x10, 0x48, 0xAC, 0x11, 0x4A, 0xAE, 0x13, 0x4D, 0xB2, 
        0x15, 0x50, 0xB4, 0x13, 0x4F, 0xB3, 0x13, 0x4F, 0xB5, 0x16, 0x55, 0xB7, 0x14, 0x54, 0xB7, 0x14, 0x51, 0xB5, 0x13, 0x50, 0xB5, 0x13, 0x4E, 0xB5, 0x13, 0x4D, 0xB5, 0x10, 0x46, 0xB1, 0x0F, 0x46, 0xAE, 0x0F, 0x46, 0xAE, 0x0D, 0x44, 0xAD, 
        0x0B, 0x3E, 0xA5, 0x0A, 0x3A, 0xA0, 0x0D, 0x3E, 0x97,
  0x7C, 0xA5, 0xDA, 0x5F, 0x92, 0xD3, 0x5A, 0x8F, 0xD2, 0x57, 0x8E, 0xD1, 0x59, 0x8D, 0xD2, 0x56, 0x88, 0xD1, 0x57, 0x88, 0xD1, 0x53, 0x85, 0xD0, 0x51, 0x80, 0xCB, 0x57, 0x85, 0xCF, 0x4F, 0x80, 0xCD, 0x4D, 0x7E, 0xCD, 0x52, 0x86, 0xD2, 0x49, 0x7E, 0xCF, 
        0x41, 0x76, 0xCB, 0x3A, 0x6A, 0xC5, 0x32, 0x60, 0xBC, 0x29, 0x54, 0xB5, 0x28, 0x52, 0xB5, 0x25, 0x4F, 0xB2, 0x21, 0x4B, 0xAF, 0x1F, 0x47, 0xAB, 0x1F, 0x49, 0xAC, 0x1D, 0x45, 0xA9, 0x19, 0x41, 0xA5, 0x19, 0x41, 0xA5, 0x18, 0x41, 0xA5, 
        0x17, 0x3D, 0xA3, 0x16, 0x3A, 0x9F, 0x13, 0x37, 0x9B, 0x12, 0x37, 0x9B, 0x13, 0x38, 0x9D, 0x14, 0x39, 0x9D, 0x15, 0x3C, 0x9F, 0x13, 0x3B, 0x9D, 0x12, 0x3A, 0x9C, 0x12, 0x38, 0x9A, 0x11, 0x35, 0x97, 0x12, 0x38, 0x9A, 0x11, 0x35, 0x96, 
        0x11, 0x34, 0x96, 0x11, 0x33, 0x96, 0x12, 0x37, 0x9B, 0x15, 0x3D, 0xA2, 0x17, 0x3F, 0xA4, 0x16, 0x3F, 0xA5, 0x1C, 0x4A, 0xAF, 0x20, 0x51, 0xB6, 0x19, 0x46, 0xAA, 0x16, 0x40, 0xA6, 0x17, 0x42, 0xA7, 0x19, 0x45, 0xAA, 0x26, 0x59, 0xBA, 
        0x30, 0x69, 0xC5, 0x36, 0x73, 0xCA, 0x3D, 0x7C, 0xCD, 0x3A, 0x7A, 0xCD, 0x42, 0x80, 0xCF, 0x41, 0x82, 0xCE, 0x45, 0x85, 0xD1, 0x44, 0x85, 0xD1, 0x43, 0x85, 0xD1, 0x46, 0x87, 0xD1, 0x47, 0x88, 0xD1, 0x49, 0x8A, 0xD2, 0x4A, 0x89, 0xD2, 
        0x43, 0x85, 0xCF, 0x42, 0x83, 0xCE, 0x3C, 0x7E, 0xCC, 0x3D, 0x7E, 0xCC, 0x3B, 0x7D, 0xCB, 0x39, 0x7B, 0xCA, 0x3B, 0x7B, 0xCB, 0x3F, 0x7E, 0xCD, 0x41, 0x81, 0xCD, 0x40, 0x83, 0xCE, 0x3E, 0x81, 0xCD, 0x40, 0x83, 0xCE, 0x3E, 0x83, 0xCD, 
        0x40, 0x81, 0xCD, 0x39, 0x7C, 0xCB, 0x34, 0x78, 0xC9, 0x34, 0x75, 0xC8, 0x32, 0x74, 0xC7, 0x2D, 0x6D, 0xC4, 0x2C, 0x6C, 0xC4, 0x2C, 0x6C, 0xC3, 0x2A, 0x69, 0xC2, 0x2A, 0x67, 0xC0, 0x29, 0x67, 0xBF, 0x28, 0x65, 0xBF, 0x28, 0x64, 0xBF, 
        0x25, 0x64, 0xBE, 0x24, 0x63, 0xBD, 0x24, 0x62, 0xBE, 0x25, 0x62, 0xBE, 0x26, 0x63, 0xC0, 0x27, 0x64, 0xC0, 0x24, 0x62, 0xBF, 0x23, 0x61, 0xBF, 0x2D, 0x6F, 0xC6, 0x33, 0x79, 0xCA, 0x2C, 0x72, 0xC6, 0x2D, 0x73, 0xC8, 0x2F, 0x75, 0xC9, 
        0x30, 0x78, 0xCB, 0x3C, 0x83, 0xD1, 0x45, 0x8B, 0xD5, 0x2F, 0x78, 0xCA, 0x20, 0x5D, 0xBD, 0x23, 0x63, 0xC0, 0x26, 0x6C, 0xC4, 0x22, 0x63, 0xBF, 0x20, 0x5F, 0xBD, 0x22, 0x62, 0xBF, 0x20, 0x61, 0xBE, 0x20, 0x61, 0xBE, 0x1F, 0x5E, 0xBB, 
        0x21, 0x60, 0xBE, 0x26, 0x6B, 0xC2, 0x23, 0x66, 0xC0, 0x22, 0x64, 0xC0, 0x2B, 0x74, 0xC8, 0x24, 0x68, 0xC2, 0x1A, 0x57, 0xB8, 0x1B, 0x58, 0xB9, 0x17, 0x53, 0xB6, 0x19, 0x55, 0xB7, 0x17, 0x52, 0xB5, 0x15, 0x4E, 0xB4, 0x16, 0x51, 0xB4, 
        0x16, 0x4F, 0xB3, 0x15, 0x4F, 0xB3, 0x14, 0x4D, 0xB1, 0x14, 0x4E, 0xB3, 0x14, 0x4C, 0xB0, 0x14, 0x4D, 0xB0, 0x13, 0x4A, 0xB0, 0x17, 0x53, 0xB5, 0x20, 0x65, 0xBE, 0x17, 0x53, 0xB5, 0x12, 0x4A, 0xAF, 0x12, 0x4B, 0xAF, 0x13, 0x4D, 0xB2, 
        0x15, 0x4F, 0xB3, 0x17, 0x55, 0xB7, 0x14, 0x52, 0xB6, 0x14, 0x52, 0xB6, 0x15, 0x55, 0xB7, 0x14, 0x52, 0xB7, 0x13, 0x4F, 0xB5, 0x12, 0x4D, 0xB3, 0x12, 0x4D, 0xB3, 0x0F, 0x46, 0xAF, 0x11, 0x49, 0xB1, 0x0D, 0x41, 0xAB, 0x0C, 0x3F, 0xA9, 
        0x0C, 0x40, 0xA8, 0x0A, 0x3C, 0xA3, 0x0D, 0x3F, 0x97,
  0x7C, 0xA5, 0xDB, 0x60, 0x92, 0xD3, 0x5B, 0x90, 0xD1, 0x59, 0x8F, 0xD1, 0x5A, 0x8F, 0xD3, 0x57, 0x8A, 0xD1, 0x5C, 0x8D, 0xD3, 0x56, 0x88, 0xD1, 0x54, 0x84, 0xCE, 0x53, 0x80, 0xCB, 0x4C, 0x7A, 0xC8, 0x4E, 0x7F, 0xCD, 0x55, 0x86, 0xD2, 0x48, 0x7C, 0xCD, 
        0x43, 0x76, 0xCB, 0x3B, 0x6A, 0xC5, 0x2C, 0x59, 0xB8, 0x2B, 0x56, 0xB6, 0x28, 0x54, 0xB5, 0x24, 0x4D, 0xB0, 0x23, 0x4B, 0xAF, 0x20, 0x48, 0xAB, 0x1B, 0x42, 0xA8, 0x1D, 0x44, 0xA8, 0x1D, 0x45, 0xA8, 0x17, 0x3D, 0xA1, 0x17, 0x3D, 0xA1, 
        0x19, 0x40, 0xA3, 0x17, 0x3C, 0xA1, 0x16, 0x3A, 0x9D, 0x15, 0x3B, 0x9F, 0x15, 0x3B, 0x9D, 0x13, 0x37, 0x9B, 0x15, 0x3B, 0x9F, 0x15, 0x3C, 0x9F, 0x12, 0x39, 0x9A, 0x12, 0x37, 0x99, 0x15, 0x3B, 0x9E, 0x13, 0x39, 0x9C, 0x11, 0x35, 0x97, 
        0x12, 0x35, 0x98, 0x11, 0x34, 0x98, 0x16, 0x3C, 0x9F, 0x19, 0x43, 0xA7, 0x1B, 0x47, 0xAB, 0x18, 0x42, 0xA7, 0x1F, 0x4E, 0xB2, 0x22, 0x54, 0xB9, 0x1E, 0x4B, 0xB0, 0x1A, 0x45, 0xAA, 0x1A, 0x46, 0xAB, 0x1D, 0x4A, 0xAE, 0x28, 0x5C, 0xBB, 
        0x31, 0x6A, 0xC6, 0x38, 0x75, 0xCA, 0x40, 0x7E, 0xCE, 0x3A, 0x79, 0xCB, 0x45, 0x83, 0xD1, 0x42, 0x80, 0xCF, 0x3F, 0x80, 0xCF, 0x45, 0x86, 0xD1, 0x45, 0x86, 0xD1, 0x47, 0x88, 0xD2, 0x47, 0x88, 0xD2, 0x49, 0x8A, 0xD1, 0x49, 0x8A, 0xD1, 
        0x44, 0x85, 0xD0, 0x3F, 0x80, 0xCD, 0x48, 0x89, 0xD2, 0x62, 0x9F, 0xDB, 0x4C, 0x8B, 0xD2, 0x39, 0x7C, 0xCB, 0x37, 0x7B, 0xCA, 0x3E, 0x7E, 0xCD, 0x3F, 0x7F, 0xCD, 0x3F, 0x81, 0xCC, 0x3D, 0x7F, 0xCC, 0x3D, 0x81, 0xCD, 0x38, 0x7D, 0xCC, 
        0x3A, 0x7D, 0xCB, 0x47, 0x86, 0xD0, 0x3D, 0x7F, 0xCD, 0x31, 0x72, 0xC7, 0x31, 0x71, 0xC6, 0x30, 0x71, 0xC5, 0x2D, 0x6D, 0xC4, 0x2C, 0x6B, 0xC3, 0x2A, 0x69, 0xC2, 0x2A, 0x68, 0xC0, 0x2A, 0x67, 0xC0, 0x29, 0x65, 0xBF, 0x28, 0x65, 0xBF, 
        0x28, 0x64, 0xBE, 0x27, 0x64, 0xBE, 0x26, 0x63, 0xBD, 0x25, 0x62, 0xBE, 0x27, 0x62, 0xBE, 0x27, 0x63, 0xC0, 0x27, 0x64, 0xC0, 0x25, 0x64, 0xC0, 0x24, 0x62, 0xBF, 0x2A, 0x6C, 0xC5, 0x2E, 0x74, 0xC8, 0x34, 0x7D, 0xCC, 0x32, 0x7A, 0xCC, 
        0x28, 0x6D, 0xC5, 0x37, 0x80, 0xCF, 0x36, 0x7F, 0xCF, 0x27, 0x6A, 0xC5, 0x21, 0x61, 0xBF, 0x31, 0x7A, 0xCB, 0x3E, 0x86, 0xD1, 0x28, 0x6F, 0xC6, 0x20, 0x60, 0xBE, 0x20, 0x62, 0xBE, 0x20, 0x62, 0xBE, 0x20, 0x61, 0xBF, 0x1F, 0x5D, 0xBB, 
        0x20, 0x5F, 0xBB, 0x22, 0x61, 0xBE, 0x1D, 0x5A, 0xB9, 0x19, 0x54, 0xB7, 0x1D, 0x5C, 0xBC, 0x1B, 0x5A, 0xBA, 0x1B, 0x57, 0xB9, 0x1B, 0x59, 0xB9, 0x1B, 0x58, 0xB9, 0x1A, 0x54, 0xB6, 0x17, 0x4F, 0xB4, 0x17, 0x4F, 0xB4, 0x17, 0x54, 0xB5, 
        0x16, 0x53, 0xB5, 0x16, 0x50, 0xB3, 0x16, 0x50, 0xB3, 0x14, 0x4F, 0xB3, 0x14, 0x4C, 0xB1, 0x14, 0x4D, 0xB0, 0x14, 0x4D, 0xB2, 0x16, 0x4F, 0xB3, 0x19, 0x58, 0xB9, 0x15, 0x4F, 0xB2, 0x13, 0x4D, 0xB1, 0x13, 0x4D, 0xB1, 0x13, 0x4D, 0xB2, 
        0x15, 0x51, 0xB4, 0x21, 0x6B, 0xC4, 0x1E, 0x64, 0xC1, 0x16, 0x58, 0xB9, 0x15, 0x55, 0xB9, 0x14, 0x52, 0xB6, 0x13, 0x4F, 0xB6, 0x0F, 0x46, 0xAF, 0x0F, 0x47, 0xAF, 0x10, 0x49, 0xB1, 0x17, 0x56, 0xBB, 0x11, 0x4A, 0xB2, 0x0C, 0x3E, 0xA8, 
        0x0C, 0x3F, 0xA8, 0x0B, 0x3D, 0xA3, 0x0D, 0x3D, 0x97,
  0x7C, 0xA5, 0xDA, 0x5F, 0x92, 0xD4, 0x5D, 0x90, 0xD3, 0x5F, 0x92, 0xD3, 0x6F, 0xA0, 0xDA, 0x6B, 0x9A, 0xD7, 0x5F, 0x8F, 0xD4, 0x59, 0x8B, 0xD2, 0x59, 0x87, 0xD0, 0x51, 0x7F, 0xCB, 0x4A, 0x79, 0xC8, 0x4F, 0x7F, 0xCD, 0x58, 0x88, 0xD2, 0x4D, 0x7F, 0xCF, 
        0x40, 0x72, 0xC8, 0x3B, 0x6C, 0xC5, 0x33, 0x60, 0xBD, 0x2C, 0x57, 0xB8, 0x29, 0x53, 0xB4, 0x25, 0x4E, 0xB1, 0x24, 0x4B, 0xAF, 0x24, 0x4E, 0xB1, 0x1D, 0x42, 0xA8, 0x19, 0x3F, 0xA4, 0x1B, 0x42, 0xA7, 0x1A, 0x42, 0xA5, 0x16, 0x3C, 0xA0, 
        0x16, 0x3A, 0xA0, 0x17, 0x3D, 0xA1, 0x16, 0x3A, 0xA0, 0x15, 0x3B, 0x9F, 0x14, 0x39, 0x9D, 0x11, 0x34, 0x99, 0x13, 0x37, 0x9C, 0x15, 0x3C, 0x9F, 0x12, 0x3A, 0x9D, 0x12, 0x3A, 0x9B, 0x15, 0x3C, 0x9E, 0x12, 0x36, 0x99, 0x12, 0x39, 0x9B, 
        0x14, 0x39, 0x9D, 0x12, 0x36, 0x99, 0x19, 0x41, 0xA4, 0x1D, 0x49, 0xAC, 0x1F, 0x4C, 0xB0, 0x19, 0x44, 0xA9, 0x1C, 0x47, 0xAD, 0x22, 0x53, 0xB7, 0x1E, 0x4B, 0xB0, 0x1A, 0x46, 0xAC, 0x1A, 0x46, 0xAA, 0x1E, 0x4A, 0xAE, 0x2A, 0x60, 0xBE, 
        0x34, 0x70, 0xC9, 0x3B, 0x7B, 0xCE, 0x54, 0x8F, 0xD6, 0x4B, 0x88, 0xD2, 0x3F, 0x7D, 0xCE, 0x44, 0x82, 0xD0, 0x47, 0x86, 0xD1, 0x44, 0x85, 0xD1, 0x48, 0x88, 0xD2, 0x4A, 0x89, 0xD2, 0x49, 0x8A, 0xD2, 0x49, 0x8A, 0xD1, 0x49, 0x88, 0xD1, 
        0x47, 0x87, 0xD0, 0x40, 0x80, 0xCE, 0x48, 0x87, 0xD0, 0x62, 0x9C, 0xDB, 0x49, 0x89, 0xD1, 0x3A, 0x7B, 0xCB, 0x45, 0x85, 0xCF, 0x4A, 0x89, 0xD1, 0x3F, 0x7F, 0xCD, 0x3E, 0x7E, 0xCD, 0x3C, 0x7E, 0xCC, 0x3B, 0x7D, 0xCC, 0x36, 0x7A, 0xC9, 
        0x4C, 0x8B, 0xD3, 0x73, 0xAB, 0xE2, 0x5E, 0x9A, 0xDA, 0x32, 0x73, 0xC8, 0x2D, 0x6D, 0xC4, 0x31, 0x71, 0xC6, 0x2F, 0x6F, 0xC4, 0x2D, 0x6C, 0xC3, 0x2C, 0x69, 0xC3, 0x2C, 0x69, 0xC2, 0x2C, 0x6B, 0xC2, 0x2A, 0x67, 0xC2, 0x25, 0x61, 0xBC, 
        0x24, 0x61, 0xBC, 0x28, 0x66, 0xBF, 0x26, 0x63, 0xBF, 0x26, 0x63, 0xBE, 0x25, 0x61, 0xBE, 0x26, 0x62, 0xBE, 0x26, 0x65, 0xC0, 0x27, 0x65, 0xC0, 0x23, 0x61, 0xBF, 0x26, 0x68, 0xC2, 0x27, 0x69, 0xC3, 0x26, 0x66, 0xC1, 0x26, 0x69, 0xC2, 
        0x22, 0x60, 0xBF, 0x28, 0x6B, 0xC4, 0x25, 0x66, 0xC1, 0x23, 0x64, 0xC0, 0x28, 0x6A, 0xC4, 0x39, 0x80, 0xCE, 0x47, 0x8D, 0xD5, 0x2E, 0x75, 0xC9, 0x20, 0x61, 0xBF, 0x20, 0x5F, 0xBD, 0x20, 0x60, 0xBE, 0x20, 0x60, 0xBE, 0x21, 0x5F, 0xBE, 
        0x22, 0x62, 0xBE, 0x1F, 0x5E, 0xBB, 0x1D, 0x5A, 0xBA, 0x1E, 0x5B, 0xBA, 0x23, 0x66, 0xC1, 0x22, 0x65, 0xC1, 0x1B, 0x59, 0xB9, 0x1B, 0x57, 0xB8, 0x1B, 0x57, 0xB8, 0x18, 0x52, 0xB6, 0x18, 0x53, 0xB6, 0x19, 0x54, 0xB5, 0x17, 0x53, 0xB5, 
        0x16, 0x52, 0xB4, 0x16, 0x51, 0xB4, 0x16, 0x50, 0xB3, 0x16, 0x50, 0xB3, 0x14, 0x4D, 0xB1, 0x13, 0x4C, 0xB1, 0x14, 0x4D, 0xB2, 0x14, 0x4C, 0xB0, 0x13, 0x4A, 0xB0, 0x12, 0x4B, 0xB0, 0x16, 0x51, 0xB3, 0x13, 0x4E, 0xB1, 0x14, 0x4E, 0xB2, 
        0x15, 0x52, 0xB5, 0x20, 0x67, 0xC2, 0x1C, 0x61, 0xBF, 0x17, 0x56, 0xBA, 0x16, 0x58, 0xB9, 0x13, 0x4F, 0xB5, 0x17, 0x58, 0xBA, 0x1F, 0x6B, 0xC5, 0x15, 0x54, 0xB8, 0x0D, 0x43, 0xAC, 0x13, 0x50, 0xB5, 0x0F, 0x46, 0xAF, 0x0C, 0x41, 0xAA, 
        0x0C, 0x3F, 0xA8, 0x0B, 0x3C, 0xA3, 0x0E, 0x3F, 0x99,
  0x7D, 0xA5, 0xDB, 0x61, 0x93, 0xD4, 0x5D, 0x90, 0xD4, 0x5D, 0x8F, 0xD1, 0x7E, 0xA9, 0xDE, 0x74, 0xA1, 0xDB, 0x55, 0x88, 0xD0, 0x58, 0x88, 0xD1, 0x53, 0x84, 0xD0, 0x50, 0x80, 0xCE, 0x4C, 0x7C, 0xCB, 0x4A, 0x7A, 0xCA, 0x58, 0x87, 0xD0, 0x59, 0x88, 0xD0, 
        0x47, 0x76, 0xCA, 0x3D, 0x6C, 0xC5, 0x3A, 0x69, 0xC2, 0x33, 0x5F, 0xBC, 0x2C, 0x56, 0xB8, 0x2B, 0x53, 0xB6, 0x22, 0x48, 0xAD, 0x1C, 0x41, 0xA6, 0x1E, 0x43, 0xA8, 0x1F, 0x48, 0xAB, 0x19, 0x41, 0xA6, 0x17, 0x3D, 0xA1, 0x18, 0x3F, 0xA3, 
        0x19, 0x3F, 0xA3, 0x18, 0x3E, 0xA2, 0x16, 0x3B, 0x9F, 0x14, 0x39, 0x9E, 0x13, 0x38, 0x9C, 0x13, 0x38, 0x9B, 0x12, 0x36, 0x99, 0x12, 0x36, 0x99, 0x13, 0x38, 0x9B, 0x11, 0x36, 0x99, 0x10, 0x34, 0x95, 0x11, 0x36, 0x97, 0x11, 0x35, 0x97, 
        0x11, 0x35, 0x99, 0x14, 0x39, 0xA0, 0x1A, 0x45, 0xA8, 0x1B, 0x45, 0xAB, 0x1D, 0x49, 0xAE, 0x22, 0x51, 0xB5, 0x1C, 0x48, 0xAD, 0x22, 0x51, 0xB4, 0x1C, 0x4B, 0xAD, 0x18, 0x44, 0xA8, 0x1A, 0x47, 0xAA, 0x1E, 0x4C, 0xAC, 0x2B, 0x61, 0xBD, 
        0x34, 0x6E, 0xC8, 0x3D, 0x7B, 0xCE, 0x58, 0x91, 0xD8, 0x52, 0x8D, 0xD5, 0x40, 0x80, 0xCF, 0x43, 0x82, 0xD0, 0x45, 0x84, 0xD1, 0x4A, 0x87, 0xD2, 0x4B, 0x89, 0xD2, 0x4B, 0x88, 0xD2, 0x4D, 0x8A, 0xD2, 0x4D, 0x8B, 0xD2, 0x49, 0x86, 0xD0, 
        0x49, 0x85, 0xD0, 0x49, 0x85, 0xD0, 0x41, 0x7D, 0xCC, 0x3A, 0x79, 0xCA, 0x43, 0x80, 0xCD, 0x3F, 0x7C, 0xCB, 0x45, 0x82, 0xCF, 0x4D, 0x8C, 0xD2, 0x3E, 0x7F, 0xCD, 0x3B, 0x7B, 0xCB, 0x3B, 0x7B, 0xCB, 0x3E, 0x7D, 0xCC, 0x35, 0x77, 0xC8, 
        0x43, 0x84, 0xD0, 0x69, 0xA4, 0xDF, 0x56, 0x94, 0xD7, 0x32, 0x73, 0xC7, 0x2D, 0x6B, 0xC4, 0x2E, 0x6E, 0xC5, 0x2E, 0x6D, 0xC4, 0x30, 0x6F, 0xC4, 0x2D, 0x6F, 0xC4, 0x2D, 0x6C, 0xC4, 0x2A, 0x69, 0xC2, 0x29, 0x68, 0xC2, 0x2E, 0x6F, 0xC7, 
        0x2E, 0x72, 0xC6, 0x28, 0x68, 0xC2, 0x25, 0x63, 0xBF, 0x27, 0x66, 0xC1, 0x25, 0x63, 0xBE, 0x25, 0x63, 0xC0, 0x26, 0x65, 0xC0, 0x27, 0x65, 0xC0, 0x27, 0x65, 0xC0, 0x26, 0x64, 0xC0, 0x26, 0x64, 0xC0, 0x26, 0x63, 0xC0, 0x26, 0x61, 0xBE, 
        0x26, 0x61, 0xBD, 0x24, 0x63, 0xBE, 0x22, 0x62, 0xBD, 0x22, 0x63, 0xBD, 0x23, 0x62, 0xBE, 0x28, 0x67, 0xC1, 0x28, 0x6A, 0xC3, 0x24, 0x64, 0xC0, 0x22, 0x60, 0xBF, 0x22, 0x61, 0xBF, 0x23, 0x62, 0xBF, 0x20, 0x5E, 0xBC, 0x20, 0x5E, 0xBC, 
        0x22, 0x62, 0xBF, 0x20, 0x5E, 0xBD, 0x1E, 0x5D, 0xBB, 0x1E, 0x5B, 0xBB, 0x23, 0x66, 0xC0, 0x22, 0x66, 0xC0, 0x1B, 0x59, 0xB9, 0x1B, 0x59, 0xB9, 0x1A, 0x59, 0xB8, 0x1A, 0x57, 0xB8, 0x18, 0x55, 0xB6, 0x18, 0x54, 0xB6, 0x17, 0x52, 0xB4, 
        0x16, 0x50, 0xB4, 0x16, 0x51, 0xB4, 0x14, 0x4E, 0xB0, 0x15, 0x4F, 0xB1, 0x16, 0x52, 0xB3, 0x13, 0x4F, 0xB1, 0x15, 0x4F, 0xB4, 0x1D, 0x5E, 0xBC, 0x1A, 0x5B, 0xB9, 0x13, 0x4C, 0xB2, 0x16, 0x50, 0xB3, 0x15, 0x4F, 0xB2, 0x15, 0x50, 0xB4, 
        0x17, 0x53, 0xB6, 0x15, 0x50, 0xB4, 0x16, 0x53, 0xB6, 0x18, 0x58, 0xBA, 0x17, 0x58, 0xBA, 0x12, 0x4E, 0xB3, 0x1B, 0x63, 0xC0, 0x4B, 0x9A, 0xDC, 0x22, 0x6F, 0xC7, 0x12, 0x4D, 0xB2, 0x11, 0x4C, 0xB2, 0x0D, 0x44, 0xAC, 0x0D, 0x42, 0xAC, 
        0x0B, 0x3E, 0xA9, 0x0A, 0x3B, 0xA2, 0x0E, 0x3F, 0x99,
  0x7D, 0xA6, 0xDB, 0x61, 0x93, 0xD4, 0x60, 0x92, 0xD4, 0x5B, 0x8E, 0xD2, 0x5C, 0x8E, 0xD1, 0x55, 0x88, 0xD0, 0x56, 0x88, 0xD0, 0x59, 0x89, 0xD1, 0x53, 0x82, 0xCE, 0x51, 0x80, 0xCC, 0x50, 0x80, 0xCE, 0x47, 0x76, 0xC8, 0x52, 0x80, 0xCD, 0x5B, 0x88, 0xD0, 
        0x4E, 0x7D, 0xCD, 0x44, 0x70, 0xC7, 0x34, 0x60, 0xBC, 0x31, 0x5B, 0xBA, 0x2D, 0x56, 0xB7, 0x28, 0x50, 0xB3, 0x25, 0x4B, 0xAF, 0x1D, 0x43, 0xA8, 0x1B, 0x3F, 0xA4, 0x1C, 0x42, 0xA6, 0x1A, 0x41, 0xA4, 0x1A, 0x41, 0xA4, 0x18, 0x3E, 0xA1, 
        0x17, 0x3C, 0x9F, 0x17, 0x3D, 0xA0, 0x16, 0x3A, 0x9E, 0x15, 0x39, 0x9E, 0x14, 0x39, 0x9D, 0x13, 0x38, 0x9A, 0x13, 0x37, 0x99, 0x13, 0x39, 0x9B, 0x13, 0x37, 0x9A, 0x11, 0x34, 0x98, 0x10, 0x33, 0x96, 0x11, 0x34, 0x95, 0x11, 0x34, 0x95, 
        0x11, 0x34, 0x99, 0x19, 0x41, 0xA7, 0x1F, 0x4B, 0xAF, 0x1D, 0x4A, 0xAD, 0x1C, 0x47, 0xAC, 0x21, 0x50, 0xB3, 0x21, 0x51, 0xB5, 0x26, 0x57, 0xBA, 0x1D, 0x4A, 0xAD, 0x18, 0x42, 0xA7, 0x1B, 0x47, 0xAA, 0x1F, 0x4D, 0xAF, 0x2B, 0x61, 0xBD, 
        0x34, 0x6D, 0xC8, 0x37, 0x71, 0xC9, 0x40, 0x7D, 0xCF, 0x43, 0x81, 0xD0, 0x42, 0x80, 0xCF, 0x46, 0x84, 0xD1, 0x4B, 0x88, 0xD3, 0x4B, 0x8A, 0xD3, 0x4A, 0x89, 0xD2, 0x4B, 0x89, 0xD2, 0x51, 0x8D, 0xD4, 0x51, 0x8E, 0xD4, 0x4C, 0x8A, 0xD2, 
        0x4A, 0x86, 0xD0, 0x4A, 0x87, 0xD0, 0x49, 0x85, 0xD0, 0x46, 0x81, 0xCF, 0x40, 0x7E, 0xCC, 0x42, 0x7E, 0xCC, 0x3C, 0x7C, 0xCB, 0x3A, 0x7B, 0xCB, 0x39, 0x7B, 0xCA, 0x3C, 0x7D, 0xCB, 0x3C, 0x7D, 0xCB, 0x3C, 0x7C, 0xCB, 0x36, 0x77, 0xC7, 
        0x34, 0x76, 0xC8, 0x35, 0x77, 0xC9, 0x30, 0x6F, 0xC6, 0x31, 0x71, 0xC5, 0x32, 0x72, 0xC6, 0x2C, 0x6A, 0xC2, 0x2E, 0x6E, 0xC4, 0x2F, 0x6F, 0xC4, 0x2E, 0x6F, 0xC4, 0x2E, 0x6F, 0xC5, 0x29, 0x66, 0xC1, 0x3C, 0x7F, 0xCD, 0x73, 0xAD, 0xE1, 
        0x5A, 0x98, 0xDB, 0x27, 0x65, 0xBF, 0x25, 0x61, 0xBE, 0x26, 0x63, 0xBF, 0x29, 0x67, 0xC2, 0x28, 0x66, 0xC0, 0x27, 0x65, 0xC0, 0x27, 0x66, 0xC1, 0x28, 0x68, 0xC1, 0x27, 0x65, 0xC0, 0x26, 0x65, 0xC0, 0x26, 0x65, 0xC1, 0x29, 0x67, 0xC3, 
        0x29, 0x66, 0xC1, 0x22, 0x63, 0xBF, 0x21, 0x60, 0xBF, 0x24, 0x65, 0xC0, 0x22, 0x60, 0xBF, 0x23, 0x5E, 0xBF, 0x21, 0x60, 0xBE, 0x20, 0x5E, 0xBC, 0x21, 0x5E, 0xBD, 0x23, 0x61, 0xBF, 0x22, 0x61, 0xBF, 0x20, 0x5F, 0xBC, 0x1F, 0x5C, 0xBB, 
        0x20, 0x5F, 0xBC, 0x1F, 0x5E, 0xBC, 0x1E, 0x5D, 0xBB, 0x1D, 0x5B, 0xBA, 0x1E, 0x5A, 0xBA, 0x1D, 0x5A, 0xB9, 0x1D, 0x5D, 0xBA, 0x1D, 0x5C, 0xBB, 0x1D, 0x5C, 0xBA, 0x1C, 0x59, 0xB8, 0x1A, 0x57, 0xB6, 0x1A, 0x55, 0xB6, 0x1B, 0x58, 0xB8, 
        0x1A, 0x58, 0xB7, 0x17, 0x54, 0xB5, 0x15, 0x4E, 0xB2, 0x14, 0x4E, 0xB0, 0x16, 0x53, 0xB3, 0x15, 0x4F, 0xB3, 0x16, 0x53, 0xB4, 0x22, 0x69, 0xC2, 0x21, 0x67, 0xC0, 0x16, 0x51, 0xB4, 0x13, 0x4E, 0xB2, 0x15, 0x4F, 0xB3, 0x17, 0x52, 0xB4, 
        0x17, 0x53, 0xB6, 0x18, 0x56, 0xB8, 0x17, 0x57, 0xB8, 0x17, 0x55, 0xB7, 0x16, 0x55, 0xB8, 0x17, 0x56, 0xB9, 0x14, 0x53, 0xB6, 0x18, 0x5A, 0xBC, 0x15, 0x54, 0xB6, 0x15, 0x54, 0xB7, 0x12, 0x4D, 0xB2, 0x0D, 0x43, 0xAA, 0x0D, 0x43, 0xAC, 
        0x0C, 0x3F, 0xA9, 0x0A, 0x3B, 0xA3, 0x0D, 0x3D, 0x97,
  0x7E, 0xA6, 0xDA, 0x63, 0x95, 0xD4, 0x60, 0x92, 0xD4, 0x5F, 0x90, 0xD2, 0x60, 0x90, 0xD4, 0x5C, 0x8C, 0xD1, 0x5D, 0x8D, 0xD1, 0x58, 0x88, 0xD0, 0x56, 0x85, 0xD0, 0x53, 0x82, 0xCE, 0x53, 0x80, 0xCE, 0x49, 0x76, 0xC8, 0x4A, 0x77, 0xC9, 0x56, 0x84, 0xCF, 
        0x4E, 0x7C, 0xCD, 0x41, 0x6E, 0xC5, 0x3B, 0x64, 0xBF, 0x33, 0x5E, 0xBB, 0x2E, 0x56, 0xB6, 0x29, 0x52, 0xB3, 0x27, 0x4D, 0xB1, 0x25, 0x4D, 0xAF, 0x22, 0x48, 0xAB, 0x1D, 0x43, 0xA8, 0x19, 0x3C, 0xA1, 0x18, 0x3C, 0xA1, 0x1A, 0x3F, 0xA4, 
        0x19, 0x3D, 0xA1, 0x17, 0x3A, 0x9E, 0x16, 0x39, 0x9E, 0x16, 0x39, 0x9E, 0x16, 0x3A, 0x9E, 0x14, 0x38, 0x9D, 0x14, 0x38, 0x9A, 0x14, 0x3A, 0x9C, 0x13, 0x38, 0x9A, 0x12, 0x35, 0x98, 0x12, 0x35, 0x98, 0x12, 0x36, 0x99, 0x11, 0x35, 0x95, 
        0x15, 0x3B, 0x9E, 0x1C, 0x45, 0xAA, 0x1D, 0x47, 0xAC, 0x1F, 0x4C, 0xB1, 0x1D, 0x49, 0xAE, 0x22, 0x50, 0xB5, 0x25, 0x55, 0xB8, 0x23, 0x53, 0xB7, 0x1E, 0x4C, 0xB0, 0x1B, 0x44, 0xAA, 0x1A, 0x46, 0xAA, 0x1C, 0x4A, 0xAD, 0x2E, 0x65, 0xC1, 
        0x38, 0x71, 0xC9, 0x38, 0x73, 0xC9, 0x3A, 0x76, 0xCB, 0x42, 0x7E, 0xCF, 0x45, 0x83, 0xD0, 0x46, 0x84, 0xD1, 0x4B, 0x89, 0xD2, 0x4B, 0x89, 0xD2, 0x4B, 0x8A, 0xD3, 0x4D, 0x8A, 0xD4, 0x50, 0x8D, 0xD4, 0x4E, 0x8C, 0xD2, 0x4B, 0x89, 0xD1, 
        0x4D, 0x8B, 0xD2, 0x4C, 0x88, 0xD0, 0x44, 0x82, 0xCE, 0x41, 0x7F, 0xCC, 0x41, 0x7F, 0xCD, 0x48, 0x84, 0xCE, 0x43, 0x81, 0xCD, 0x40, 0x80, 0xCC, 0x40, 0x7E, 0xCC, 0x3C, 0x7C, 0xCA, 0x3C, 0x7C, 0xCA, 0x3B, 0x7A, 0xCA, 0x37, 0x77, 0xC9, 
        0x37, 0x77, 0xC9, 0x35, 0x74, 0xC8, 0x2F, 0x6C, 0xC4, 0x31, 0x6F, 0xC5, 0x33, 0x71, 0xC5, 0x31, 0x6E, 0xC5, 0x31, 0x70, 0xC5, 0x2F, 0x6E, 0xC4, 0x2D, 0x6A, 0xC1, 0x2E, 0x6F, 0xC4, 0x29, 0x66, 0xC1, 0x44, 0x84, 0xD1, 0x78, 0xAF, 0xE3, 
        0x4D, 0x8D, 0xD4, 0x26, 0x61, 0xBF, 0x26, 0x63, 0xBF, 0x28, 0x65, 0xBF, 0x29, 0x66, 0xC1, 0x29, 0x66, 0xC1, 0x27, 0x67, 0xC0, 0x28, 0x68, 0xC1, 0x28, 0x68, 0xC1, 0x27, 0x66, 0xC0, 0x27, 0x64, 0xC0, 0x27, 0x67, 0xC1, 0x27, 0x65, 0xC2, 
        0x29, 0x66, 0xC4, 0x31, 0x76, 0xCA, 0x34, 0x7E, 0xCE, 0x37, 0x80, 0xCF, 0x30, 0x75, 0xCB, 0x24, 0x5F, 0xC1, 0x24, 0x62, 0xC0, 0x24, 0x62, 0xC0, 0x23, 0x61, 0xBD, 0x23, 0x60, 0xBD, 0x23, 0x60, 0xBD, 0x22, 0x60, 0xBD, 0x20, 0x5E, 0xBC, 
        0x20, 0x5E, 0xBC, 0x20, 0x5C, 0xBB, 0x1E, 0x5B, 0xB9, 0x1D, 0x5B, 0xBA, 0x1E, 0x5C, 0xBA, 0x1D, 0x5A, 0xBA, 0x1E, 0x5D, 0xBA, 0x1E, 0x5E, 0xBC, 0x1F, 0x5F, 0xBD, 0x1D, 0x5C, 0xBA, 0x1B, 0x57, 0xB6, 0x1B, 0x57, 0xB8, 0x1A, 0x56, 0xB6, 
        0x1B, 0x56, 0xB8, 0x1B, 0x59, 0xB8, 0x17, 0x55, 0xB5, 0x15, 0x51, 0xB2, 0x15, 0x51, 0xB4, 0x15, 0x50, 0xB1, 0x15, 0x50, 0xB3, 0x18, 0x56, 0xB7, 0x18, 0x54, 0xB6, 0x14, 0x4E, 0xB2, 0x16, 0x51, 0xB3, 0x16, 0x50, 0xB3, 0x17, 0x53, 0xB5, 
        0x17, 0x52, 0xB4, 0x18, 0x56, 0xB7, 0x18, 0x56, 0xB8, 0x16, 0x54, 0xB7, 0x16, 0x53, 0xB7, 0x17, 0x56, 0xB8, 0x13, 0x4F, 0xB4, 0x10, 0x48, 0xAF, 0x0F, 0x47, 0xAF, 0x11, 0x4A, 0xB0, 0x0F, 0x45, 0xAD, 0x0F, 0x46, 0xAE, 0x0D, 0x43, 0xAC, 
        0x0C, 0x40, 0xA9, 0x0B, 0x3D, 0xA4, 0x0E, 0x3F, 0x99,
  0x7E, 0xA6, 0xDA, 0x64, 0x94, 0xD4, 0x61, 0x93, 0xD4, 0x60, 0x90, 0xD2, 0x60, 0x91, 0xD3, 0x60, 0x8F, 0xD3, 0x5E, 0x8C, 0xD1, 0x59, 0x88, 0xD0, 0x56, 0x85, 0xCE, 0x53, 0x81, 0xCC, 0x4F, 0x7D, 0xCB, 0x4C, 0x7A, 0xC9, 0x47, 0x74, 0xC6, 0x4F, 0x7D, 0xCC, 
        0x53, 0x7F, 0xCD, 0x46, 0x71, 0xC5, 0x3E, 0x68, 0xBF, 0x37, 0x60, 0xBC, 0x30, 0x57, 0xB6, 0x2B, 0x50, 0xB1, 0x28, 0x4C, 0xAF, 0x23, 0x49, 0xAC, 0x21, 0x47, 0xA9, 0x20, 0x45, 0xA8, 0x1C, 0x41, 0xA4, 0x1B, 0x3E, 0xA2, 0x19, 0x3D, 0xA1, 
        0x18, 0x3B, 0x9F, 0x18, 0x3A, 0x9E, 0x17, 0x38, 0x9C, 0x16, 0x39, 0x9C, 0x16, 0x39, 0x9C, 0x16, 0x39, 0x9C, 0x15, 0x37, 0x9C, 0x13, 0x37, 0x98, 0x13, 0x36, 0x98, 0x14, 0x37, 0x99, 0x15, 0x37, 0x9A, 0x15, 0x39, 0x9B, 0x15, 0x3A, 0x9C, 
        0x19, 0x40, 0xA3, 0x1D, 0x46, 0xAA, 0x1C, 0x45, 0xAA, 0x1F, 0x4A, 0xAF, 0x1D, 0x47, 0xAD, 0x22, 0x50, 0xB3, 0x27, 0x57, 0xBA, 0x1D, 0x49, 0xAE, 0x1C, 0x48, 0xAE, 0x1D, 0x49, 0xAE, 0x1F, 0x4C, 0xAF, 0x1F, 0x4E, 0xB0, 0x2F, 0x66, 0xC1, 
        0x38, 0x72, 0xC9, 0x3B, 0x76, 0xCA, 0x3E, 0x7B, 0xCC, 0x48, 0x84, 0xD0, 0x48, 0x85, 0xD1, 0x46, 0x84, 0xD0, 0x4B, 0x88, 0xD2, 0x4B, 0x89, 0xD2, 0x4F, 0x8C, 0xD4, 0x50, 0x8D, 0xD5, 0x4E, 0x8D, 0xD2, 0x52, 0x90, 0xD4, 0x58, 0x93, 0xD6, 
        0x56, 0x92, 0xD5, 0x4A, 0x88, 0xD1, 0x4A, 0x87, 0xD0, 0x4F, 0x8B, 0xD2, 0x46, 0x83, 0xCD, 0x44, 0x81, 0xCD, 0x43, 0x82, 0xCE, 0x43, 0x82, 0xCE, 0x40, 0x7F, 0xCC, 0x3A, 0x79, 0xCA, 0x39, 0x79, 0xC9, 0x37, 0x78, 0xC9, 0x36, 0x74, 0xC7, 
        0x36, 0x77, 0xC9, 0x37, 0x78, 0xC9, 0x33, 0x73, 0xC6, 0x32, 0x71, 0xC6, 0x31, 0x6F, 0xC5, 0x32, 0x6F, 0xC5, 0x32, 0x70, 0xC5, 0x31, 0x70, 0xC5, 0x2F, 0x6E, 0xC4, 0x31, 0x6F, 0xC4, 0x2D, 0x6C, 0xC3, 0x2D, 0x6F, 0xC4, 0x36, 0x79, 0xCA, 
        0x2D, 0x6E, 0xC4, 0x28, 0x65, 0xBF, 0x26, 0x62, 0xBF, 0x29, 0x67, 0xBF, 0x29, 0x67, 0xBF, 0x28, 0x64, 0xBF, 0x29, 0x67, 0xC1, 0x28, 0x67, 0xC0, 0x28, 0x66, 0xC0, 0x27, 0x65, 0xC0, 0x27, 0x65, 0xC0, 0x29, 0x67, 0xC1, 0x27, 0x64, 0xC1, 
        0x2A, 0x6A, 0xC6, 0x47, 0x8B, 0xD5, 0x56, 0x99, 0xDC, 0x55, 0x99, 0xDC, 0x53, 0x96, 0xDB, 0x34, 0x77, 0xCC, 0x22, 0x5F, 0xBD, 0x23, 0x60, 0xBE, 0x23, 0x62, 0xBE, 0x23, 0x61, 0xBD, 0x23, 0x5F, 0xBD, 0x21, 0x5E, 0xBC, 0x20, 0x5E, 0xBC, 
        0x20, 0x5D, 0xBB, 0x20, 0x5C, 0xBB, 0x1E, 0x5A, 0xB9, 0x1E, 0x5B, 0xBB, 0x1E, 0x5D, 0xBA, 0x1E, 0x5D, 0xBA, 0x1E, 0x5B, 0xBB, 0x1F, 0x5D, 0xBC, 0x20, 0x60, 0xBD, 0x1E, 0x5C, 0xBB, 0x1A, 0x56, 0xB7, 0x1B, 0x56, 0xB6, 0x1A, 0x55, 0xB6, 
        0x18, 0x53, 0xB5, 0x1B, 0x59, 0xB9, 0x1A, 0x58, 0xB7, 0x16, 0x51, 0xB4, 0x16, 0x51, 0xB4, 0x15, 0x50, 0xB2, 0x15, 0x4F, 0xB3, 0x17, 0x51, 0xB4, 0x16, 0x51, 0xB4, 0x14, 0x4E, 0xB3, 0x16, 0x50, 0xB3, 0x17, 0x51, 0xB3, 0x17, 0x52, 0xB5, 
        0x15, 0x4F, 0xB2, 0x17, 0x54, 0xB5, 0x17, 0x54, 0xB7, 0x17, 0x54, 0xB7, 0x16, 0x54, 0xB7, 0x15, 0x4F, 0xB4, 0x15, 0x52, 0xB7, 0x16, 0x52, 0xB7, 0x11, 0x4B, 0xB0, 0x10, 0x48, 0xAF, 0x0F, 0x44, 0xAD, 0x0F, 0x45, 0xAD, 0x0D, 0x42, 0xA9, 
        0x0C, 0x40, 0xA7, 0x0B, 0x3F, 0xA4, 0x0E, 0x40, 0x99,
  0x81, 0xA7, 0xDA, 0x64, 0x94, 0xD3, 0x63, 0x93, 0xD4, 0x63, 0x93, 0xD4, 0x60, 0x8F, 0xD2, 0x5F, 0x8E, 0xD2, 0x60, 0x8D, 0xD2, 0x5A, 0x89, 0xD0, 0x5A, 0x86, 0xD0, 0x56, 0x83, 0xCE, 0x50, 0x7E, 0xCB, 0x4F, 0x7C, 0xCB, 0x46, 0x73, 0xC5, 0x42, 0x70, 0xC3, 
        0x4D, 0x7A, 0xCB, 0x50, 0x7A, 0xCA, 0x3E, 0x67, 0xBD, 0x3A, 0x62, 0xBB, 0x34, 0x5C, 0xB8, 0x2B, 0x50, 0xB1, 0x29, 0x4E, 0xAF, 0x24, 0x48, 0xAC, 0x20, 0x43, 0xA7, 0x1E, 0x42, 0xA4, 0x1D, 0x40, 0xA4, 0x1C, 0x3F, 0xA3, 0x19, 0x3A, 0x9D, 
        0x17, 0x39, 0x9D, 0x19, 0x3B, 0x9F, 0x17, 0x39, 0x9C, 0x17, 0x38, 0x9C, 0x17, 0x39, 0x9C, 0x16, 0x39, 0x9C, 0x16, 0x37, 0x9A, 0x14, 0x36, 0x9A, 0x14, 0x36, 0x98, 0x14, 0x36, 0x98, 0x14, 0x36, 0x98, 0x14, 0x34, 0x98, 0x16, 0x39, 0x9B, 
        0x1B, 0x42, 0xA6, 0x1F, 0x48, 0xAE, 0x1F, 0x48, 0xAE, 0x1C, 0x45, 0xAA, 0x1C, 0x45, 0xAC, 0x21, 0x4D, 0xB2, 0x28, 0x58, 0xBA, 0x24, 0x52, 0xB6, 0x1D, 0x48, 0xAE, 0x1C, 0x45, 0xAB, 0x21, 0x4E, 0xB0, 0x22, 0x4F, 0xB1, 0x2F, 0x65, 0xC1, 
        0x39, 0x74, 0xCA, 0x3B, 0x75, 0xCC, 0x41, 0x7C, 0xCD, 0x4A, 0x84, 0xD1, 0x49, 0x87, 0xD2, 0x49, 0x86, 0xD2, 0x4C, 0x8A, 0xD3, 0x4E, 0x8B, 0xD3, 0x51, 0x8E, 0xD4, 0x52, 0x8E, 0xD4, 0x4F, 0x8D, 0xD3, 0x57, 0x93, 0xD5, 0x63, 0x9C, 0xDA, 
        0x51, 0x8D, 0xD2, 0x45, 0x83, 0xCE, 0x51, 0x8E, 0xD4, 0x5E, 0x98, 0xD7, 0x4A, 0x87, 0xCF, 0x44, 0x81, 0xCC, 0x43, 0x80, 0xCD, 0x40, 0x7E, 0xCB, 0x40, 0x7E, 0xCB, 0x3D, 0x7C, 0xCA, 0x40, 0x7E, 0xCB, 0x3C, 0x7B, 0xCA, 0x37, 0x78, 0xC7, 
        0x36, 0x74, 0xC7, 0x34, 0x72, 0xC7, 0x34, 0x70, 0xC5, 0x36, 0x74, 0xC8, 0x35, 0x71, 0xC6, 0x33, 0x71, 0xC5, 0x32, 0x6F, 0xC4, 0x32, 0x70, 0xC4, 0x30, 0x70, 0xC5, 0x31, 0x72, 0xC5, 0x34, 0x75, 0xC7, 0x2E, 0x6F, 0xC4, 0x28, 0x64, 0xC0, 
        0x29, 0x65, 0xC0, 0x2E, 0x6E, 0xC4, 0x2D, 0x6E, 0xC3, 0x2A, 0x67, 0xC0, 0x28, 0x65, 0xBF, 0x29, 0x67, 0xBF, 0x29, 0x67, 0xC1, 0x29, 0x67, 0xC1, 0x28, 0x67, 0xC0, 0x28, 0x66, 0xC0, 0x28, 0x65, 0xC0, 0x29, 0x68, 0xC1, 0x27, 0x62, 0xC0, 
        0x27, 0x64, 0xC1, 0x43, 0x87, 0xD2, 0x56, 0x9B, 0xDB, 0x56, 0x9B, 0xDA, 0x50, 0x94, 0xD8, 0x37, 0x7A, 0xCE, 0x26, 0x65, 0xC0, 0x25, 0x63, 0xBE, 0x23, 0x61, 0xBE, 0x22, 0x5E, 0xBD, 0x23, 0x5F, 0xBC, 0x24, 0x60, 0xBD, 0x22, 0x5E, 0xBC, 
        0x20, 0x5D, 0xBC, 0x22, 0x5F, 0xBC, 0x1F, 0x5C, 0xBB, 0x1F, 0x5C, 0xBB, 0x1D, 0x59, 0xB9, 0x1D, 0x59, 0xB8, 0x1E, 0x5B, 0xBA, 0x1E, 0x5A, 0xBB, 0x21, 0x60, 0xBD, 0x1E, 0x5D, 0xBC, 0x1B, 0x56, 0xB7, 0x1B, 0x56, 0xB7, 0x1B, 0x56, 0xB6, 
        0x18, 0x53, 0xB5, 0x1A, 0x55, 0xB6, 0x19, 0x54, 0xB6, 0x16, 0x51, 0xB4, 0x17, 0x52, 0xB4, 0x17, 0x52, 0xB4, 0x17, 0x52, 0xB5, 0x16, 0x4F, 0xB3, 0x16, 0x4F, 0xB3, 0x15, 0x4F, 0xB3, 0x17, 0x50, 0xB4, 0x18, 0x52, 0xB4, 0x16, 0x50, 0xB3, 
        0x16, 0x50, 0xB3, 0x1A, 0x5A, 0xB9, 0x17, 0x54, 0xB5, 0x16, 0x51, 0xB5, 0x15, 0x4F, 0xB4, 0x15, 0x50, 0xB4, 0x16, 0x53, 0xB6, 0x13, 0x4F, 0xB3, 0x10, 0x48, 0xAE, 0x11, 0x4B, 0xAF, 0x11, 0x48, 0xAF, 0x0F, 0x44, 0xAB, 0x0D, 0x42, 0xAA, 
        0x0D, 0x40, 0xA6, 0x0B, 0x3D, 0xA1, 0x0E, 0x3F, 0x97,
  0x81, 0xA7, 0xDA, 0x66, 0x95, 0xD3, 0x66, 0x96, 0xD4, 0x63, 0x93, 0xD4, 0x63, 0x92, 0xD3, 0x61, 0x90, 0xD3, 0x5E, 0x8C, 0xD2, 0x5D, 0x8B, 0xD2, 0x5B, 0x86, 0xD0, 0x59, 0x83, 0xCE, 0x53, 0x80, 0xCC, 0x4D, 0x78, 0xC8, 0x49, 0x74, 0xC6, 0x42, 0x6E, 0xC3, 
        0x3F, 0x68, 0xBE, 0x4D, 0x76, 0xC8, 0x47, 0x71, 0xC4, 0x3E, 0x67, 0xBD, 0x35, 0x5E, 0xBA, 0x30, 0x56, 0xB5, 0x2B, 0x50, 0xB3, 0x24, 0x47, 0xAA, 0x21, 0x44, 0xA7, 0x21, 0x44, 0xA8, 0x1D, 0x40, 0xA2, 0x1C, 0x3E, 0xA1, 0x1C, 0x40, 0xA1, 
        0x1B, 0x3D, 0x9F, 0x1A, 0x3B, 0x9F, 0x18, 0x3A, 0x9D, 0x17, 0x39, 0x9C, 0x17, 0x39, 0x9C, 0x16, 0x37, 0x9A, 0x16, 0x37, 0x9A, 0x16, 0x38, 0x9A, 0x15, 0x37, 0x98, 0x15, 0x37, 0x98, 0x15, 0x37, 0x97, 0x17, 0x39, 0x9A, 0x1F, 0x44, 0xA4, 
        0x20, 0x4A, 0xAB, 0x21, 0x4B, 0xB2, 0x21, 0x4B, 0xAF, 0x17, 0x3F, 0xA5, 0x21, 0x4B, 0xB1, 0x22, 0x4D, 0xB3, 0x1F, 0x4A, 0xB1, 0x22, 0x50, 0xB3, 0x20, 0x4C, 0xB2, 0x21, 0x4E, 0xB2, 0x24, 0x54, 0xB5, 0x23, 0x53, 0xB5, 0x30, 0x65, 0xC1, 
        0x41, 0x7C, 0xCD, 0x3E, 0x7A, 0xCC, 0x40, 0x7C, 0xCD, 0x47, 0x82, 0xCF, 0x4C, 0x86, 0xD1, 0x4E, 0x88, 0xD2, 0x50, 0x8B, 0xD4, 0x50, 0x8D, 0xD6, 0x51, 0x8E, 0xD4, 0x52, 0x90, 0xD5, 0x51, 0x8E, 0xD3, 0x50, 0x8F, 0xD3, 0x56, 0x93, 0xD5, 
        0x4D, 0x8A, 0xD1, 0x4A, 0x87, 0xD0, 0x4A, 0x86, 0xD0, 0x4C, 0x89, 0xD1, 0x44, 0x81, 0xCD, 0x46, 0x83, 0xCD, 0x44, 0x81, 0xCD, 0x43, 0x7F, 0xCD, 0x42, 0x7F, 0xCC, 0x3F, 0x7D, 0xCB, 0x45, 0x82, 0xCD, 0x40, 0x7E, 0xCB, 0x37, 0x78, 0xC7, 
        0x3B, 0x79, 0xC9, 0x42, 0x7D, 0xCC, 0x36, 0x72, 0xC7, 0x32, 0x6D, 0xC3, 0x33, 0x6F, 0xC5, 0x33, 0x6E, 0xC5, 0x34, 0x73, 0xC6, 0x32, 0x71, 0xC4, 0x33, 0x72, 0xC5, 0x31, 0x70, 0xC5, 0x2E, 0x6D, 0xC4, 0x2F, 0x6F, 0xC4, 0x2E, 0x6D, 0xC4, 
        0x29, 0x67, 0xC1, 0x39, 0x7A, 0xCB, 0x48, 0x87, 0xD1, 0x2D, 0x6C, 0xC3, 0x29, 0x64, 0xC0, 0x2C, 0x6A, 0xC2, 0x2A, 0x68, 0xC1, 0x2B, 0x69, 0xC1, 0x2C, 0x6A, 0xC2, 0x2A, 0x69, 0xC1, 0x2A, 0x66, 0xC1, 0x2A, 0x66, 0xC1, 0x2A, 0x68, 0xC1, 
        0x27, 0x64, 0xBF, 0x2B, 0x70, 0xC5, 0x35, 0x80, 0xCD, 0x35, 0x7F, 0xCD, 0x29, 0x6C, 0xC3, 0x25, 0x63, 0xBF, 0x26, 0x65, 0xC1, 0x25, 0x63, 0xBF, 0x25, 0x62, 0xBE, 0x24, 0x61, 0xBE, 0x23, 0x60, 0xBE, 0x22, 0x5E, 0xBC, 0x22, 0x5D, 0xBC, 
        0x22, 0x5F, 0xBC, 0x23, 0x63, 0xBD, 0x20, 0x5C, 0xBB, 0x1F, 0x5D, 0xBB, 0x1F, 0x5C, 0xB9, 0x1F, 0x5C, 0xBB, 0x1E, 0x59, 0xBA, 0x1E, 0x59, 0xBA, 0x22, 0x5E, 0xBE, 0x22, 0x60, 0xBD, 0x1D, 0x58, 0xB9, 0x1C, 0x54, 0xB7, 0x1C, 0x57, 0xB9, 
        0x1A, 0x54, 0xB6, 0x1A, 0x56, 0xB6, 0x1A, 0x56, 0xB6, 0x17, 0x52, 0xB5, 0x17, 0x52, 0xB4, 0x17, 0x51, 0xB4, 0x17, 0x54, 0xB5, 0x16, 0x4F, 0xB2, 0x16, 0x4F, 0xB1, 0x16, 0x50, 0xB3, 0x15, 0x4F, 0xB3, 0x15, 0x4E, 0xB1, 0x13, 0x4B, 0xAE, 
        0x19, 0x58, 0xB6, 0x21, 0x68, 0xC0, 0x18, 0x54, 0xB6, 0x14, 0x4F, 0xB2, 0x13, 0x4B, 0xB1, 0x13, 0x4D, 0xB2, 0x12, 0x4D, 0xB3, 0x12, 0x4A, 0xB1, 0x12, 0x4A, 0xB1, 0x11, 0x48, 0xB0, 0x0F, 0x45, 0xAB, 0x0F, 0x45, 0xAD, 0x0E, 0x42, 0xAA, 
        0x0D, 0x40, 0xA7, 0x0B, 0x3C, 0xA1, 0x0E, 0x3E, 0x96
};

GUI_CONST_STORAGE GUI_BITMAP bmTitleUVLight = {
  160, // xSize
  68, // ySize
  480, // BytesPerLine
  24, // BitsPerPixel
  (unsigned char *)_acbmTitleUVLight,  // Pointer to picture data
  NULL,  // Pointer to palette
  GUI_DRAW_BMP24
};

/*************************** End of file ****************************/
