/*********************************************************************
*                SEGGER Microcontroller GmbH & Co. KG                *
*        Solutions for real time microcontroller applications        *
*                           www.segger.com                           *
**********************************************************************
*                                                                    *
* C-file generated by                                                *
*                                                                    *
*        Bitmap Converter for emWin (Demo version) V5.48.            *
*        Compiled Jun 12 2018, 15:10:41                              *
*                                                                    *
*        (c) 1998 - 2018 Segger Microcontroller GmbH                 *
*                                                                    *
*        May not be used in a product                                *
*                                                                    *
**********************************************************************
*                                                                    *
* Source file: TitleProtocol                                         *
* Dimensions:  200 * 70                                              *
* NumColors:   24bpp: 16777216                                       *
*                                                                    *
**********************************************************************
*/

#include <stdlib.h>

#include "GUI.h"

#ifndef GUI_CONST_STORAGE
  #define GUI_CONST_STORAGE const
#endif

extern GUI_CONST_STORAGE GUI_BITMAP bmTitleProtocol;

static GUI_CONST_STORAGE unsigned char _acTitleProtocol[] = {
  0x13, 0x19, 0x29, 0x13, 0x19, 0x29, 0x13, 0x19, 0x29, 0x13, 0x19, 0x29, 0x13, 0x19, 0x29, 0x13, 0x19, 0x29, 0x13, 0x19, 0x29, 0x13, 0x19, 0x29, 0x13, 0x19, 0x29, 0x13, 0x19, 0x29, 0x13, 0x19, 0x29, 0x13, 0x19, 0x29, 0x13, 0x19, 0x29, 0x13, 0x19, 0x29, 
        0x13, 0x19, 0x29, 0x13, 0x19, 0x29, 0x13, 0x19, 0x29, 0x13, 0x19, 0x29, 0x13, 0x19, 0x29, 0x13, 0x19, 0x29, 0x13, 0x19, 0x29, 0x13, 0x19, 0x29, 0x13, 0x19, 0x29, 0x13, 0x19, 0x29, 0x13, 0x19, 0x29, 0x13, 0x19, 0x29, 0x13, 0x19, 0x29, 
        0x13, 0x19, 0x29, 0x13, 0x19, 0x29, 0x13, 0x19, 0x29, 0x13, 0x19, 0x29, 0x13, 0x19, 0x29, 0x13, 0x19, 0x29, 0x13, 0x19, 0x29, 0x13, 0x19, 0x29, 0x13, 0x19, 0x29, 0x13, 0x19, 0x29, 0x13, 0x19, 0x29, 0x13, 0x19, 0x29, 0x13, 0x19, 0x29, 
        0x13, 0x19, 0x29, 0x13, 0x19, 0x29, 0x13, 0x19, 0x29, 0x13, 0x19, 0x29, 0x13, 0x19, 0x29, 0x13, 0x19, 0x29, 0x13, 0x19, 0x29, 0x13, 0x19, 0x29, 0x13, 0x19, 0x29, 0x13, 0x19, 0x29, 0x13, 0x19, 0x29, 0x13, 0x19, 0x29, 0x13, 0x19, 0x29, 
        0x13, 0x19, 0x29, 0x13, 0x19, 0x29, 0x13, 0x19, 0x29, 0x13, 0x19, 0x29, 0x13, 0x19, 0x29, 0x13, 0x19, 0x29, 0x13, 0x19, 0x29, 0x13, 0x19, 0x29, 0x13, 0x19, 0x29, 0x13, 0x19, 0x29, 0x13, 0x19, 0x29, 0x13, 0x19, 0x29, 0x13, 0x19, 0x29, 
        0x13, 0x19, 0x29, 0x13, 0x19, 0x29, 0x13, 0x19, 0x29, 0x13, 0x19, 0x29, 0x13, 0x19, 0x29, 0x13, 0x19, 0x29, 0x13, 0x19, 0x29, 0x13, 0x19, 0x29, 0x13, 0x19, 0x29, 0x13, 0x19, 0x29, 0x13, 0x19, 0x29, 0x13, 0x19, 0x29, 0x13, 0x19, 0x29, 
        0x13, 0x19, 0x29, 0x13, 0x19, 0x29, 0x13, 0x19, 0x29, 0x13, 0x19, 0x29, 0x13, 0x19, 0x29, 0x13, 0x19, 0x29, 0x13, 0x19, 0x29, 0x13, 0x19, 0x29, 0x13, 0x19, 0x29, 0x13, 0x19, 0x29, 0x13, 0x19, 0x29, 0x13, 0x19, 0x29, 0x13, 0x19, 0x29, 
        0x13, 0x19, 0x29, 0x13, 0x19, 0x29, 0x13, 0x19, 0x29, 0x13, 0x19, 0x29, 0x13, 0x19, 0x29, 0x13, 0x19, 0x29, 0x13, 0x19, 0x29, 0x13, 0x19, 0x29, 0x13, 0x19, 0x29, 0x13, 0x19, 0x29, 0x13, 0x19, 0x29, 0x13, 0x19, 0x29, 0x13, 0x19, 0x29, 
        0x13, 0x19, 0x29, 0x13, 0x19, 0x29, 0x13, 0x19, 0x29, 0x13, 0x19, 0x29, 0x13, 0x19, 0x29, 0x13, 0x19, 0x29, 0x13, 0x19, 0x29, 0x13, 0x19, 0x29, 0x13, 0x19, 0x29, 0x13, 0x19, 0x29, 0x13, 0x19, 0x29, 0x13, 0x19, 0x29, 0x13, 0x19, 0x29, 
        0x13, 0x19, 0x29, 0x13, 0x19, 0x29, 0x13, 0x19, 0x29, 0x13, 0x19, 0x29, 0x13, 0x19, 0x29, 0x13, 0x19, 0x29, 0x13, 0x19, 0x29, 0x13, 0x19, 0x29, 0x13, 0x19, 0x29, 0x13, 0x19, 0x29, 0x13, 0x19, 0x29, 0x13, 0x19, 0x29, 0x13, 0x19, 0x29, 
        0x13, 0x19, 0x29, 0x13, 0x19, 0x29, 0x13, 0x19, 0x29, 0x13, 0x19, 0x29, 0x13, 0x19, 0x29, 0x13, 0x19, 0x29, 0x13, 0x19, 0x29, 0x13, 0x19, 0x29, 0x13, 0x19, 0x29, 0x13, 0x19, 0x29, 0x13, 0x19, 0x29, 0x13, 0x19, 0x29, 0x13, 0x19, 0x29, 
        0x13, 0x19, 0x29, 0x13, 0x19, 0x29, 0x13, 0x19, 0x29, 0x13, 0x19, 0x29, 0x13, 0x19, 0x29, 0x13, 0x19, 0x29, 0x13, 0x19, 0x29, 0x13, 0x19, 0x29, 0x13, 0x19, 0x29, 0x13, 0x19, 0x29, 0x13, 0x19, 0x29, 0x13, 0x19, 0x29, 0x13, 0x19, 0x29, 
        0x13, 0x19, 0x29, 0x13, 0x19, 0x29, 0x13, 0x19, 0x29, 0x13, 0x19, 0x29, 0x13, 0x19, 0x29, 0x13, 0x19, 0x29, 0x13, 0x19, 0x29, 0x13, 0x19, 0x29, 0x13, 0x19, 0x29, 0x13, 0x19, 0x29, 0x13, 0x19, 0x29, 0x13, 0x19, 0x29, 0x13, 0x19, 0x29, 
        0x13, 0x19, 0x29, 0x13, 0x19, 0x29, 0x13, 0x19, 0x29, 0x13, 0x19, 0x29, 0x13, 0x19, 0x29, 0x13, 0x19, 0x29, 0x13, 0x19, 0x29, 0x13, 0x19, 0x29, 0x13, 0x19, 0x29, 0x13, 0x19, 0x29, 0x13, 0x19, 0x29, 0x13, 0x19, 0x29, 0x13, 0x19, 0x29, 
        0x13, 0x19, 0x29, 0x13, 0x19, 0x29, 0x13, 0x19, 0x29, 0x13, 0x19, 0x29, 0x13, 0x19, 0x29, 0x13, 0x19, 0x29, 0x13, 0x19, 0x29, 0x13, 0x19, 0x29, 0x13, 0x19, 0x29, 0x13, 0x19, 0x29, 0x13, 0x19, 0x29, 0x13, 0x19, 0x29, 0x13, 0x19, 0x29, 
        0x13, 0x19, 0x29, 0x13, 0x19, 0x29, 0x13, 0x19, 0x29, 0x13, 0x19, 0x29,
  0x13, 0x19, 0x29, 0x13, 0x19, 0x29, 0x13, 0x19, 0x29, 0x13, 0x19, 0x29, 0x13, 0x19, 0x29, 0x13, 0x19, 0x29, 0x13, 0x19, 0x29, 0x13, 0x19, 0x29, 0x13, 0x19, 0x29, 0x13, 0x19, 0x29, 0x13, 0x19, 0x29, 0x13, 0x19, 0x29, 0x13, 0x19, 0x29, 0x13, 0x19, 0x29, 
        0x13, 0x19, 0x29, 0x13, 0x19, 0x29, 0x13, 0x19, 0x29, 0x13, 0x19, 0x29, 0x13, 0x19, 0x29, 0x13, 0x19, 0x29, 0x13, 0x19, 0x29, 0x13, 0x19, 0x29, 0x13, 0x19, 0x29, 0x13, 0x19, 0x29, 0x13, 0x19, 0x29, 0x13, 0x19, 0x29, 0x13, 0x19, 0x29, 
        0x13, 0x19, 0x29, 0x13, 0x19, 0x29, 0x13, 0x19, 0x29, 0x13, 0x19, 0x29, 0x13, 0x19, 0x29, 0x13, 0x19, 0x29, 0x13, 0x19, 0x29, 0x13, 0x19, 0x29, 0x13, 0x19, 0x29, 0x13, 0x19, 0x29, 0x13, 0x19, 0x29, 0x13, 0x19, 0x29, 0x13, 0x19, 0x29, 
        0x13, 0x19, 0x29, 0x13, 0x19, 0x29, 0x13, 0x19, 0x29, 0x13, 0x19, 0x29, 0x13, 0x19, 0x29, 0x13, 0x19, 0x29, 0x13, 0x19, 0x29, 0x13, 0x19, 0x29, 0x13, 0x19, 0x29, 0x13, 0x19, 0x29, 0x13, 0x19, 0x29, 0x13, 0x19, 0x29, 0x13, 0x19, 0x29, 
        0x13, 0x19, 0x29, 0x13, 0x19, 0x29, 0x13, 0x19, 0x29, 0x13, 0x19, 0x29, 0x13, 0x19, 0x29, 0x13, 0x19, 0x29, 0x13, 0x19, 0x29, 0x13, 0x19, 0x29, 0x13, 0x19, 0x29, 0x13, 0x19, 0x29, 0x13, 0x19, 0x29, 0x13, 0x19, 0x29, 0x13, 0x19, 0x29, 
        0x13, 0x19, 0x29, 0x13, 0x19, 0x29, 0x13, 0x19, 0x29, 0x13, 0x19, 0x29, 0x13, 0x19, 0x29, 0x13, 0x19, 0x29, 0x13, 0x19, 0x29, 0x13, 0x19, 0x29, 0x13, 0x19, 0x29, 0x13, 0x19, 0x29, 0x13, 0x19, 0x29, 0x13, 0x19, 0x29, 0x13, 0x19, 0x29, 
        0x13, 0x19, 0x29, 0x13, 0x19, 0x29, 0x13, 0x19, 0x29, 0x13, 0x19, 0x29, 0x13, 0x19, 0x29, 0x13, 0x19, 0x29, 0x13, 0x19, 0x29, 0x13, 0x19, 0x29, 0x13, 0x19, 0x29, 0x13, 0x19, 0x29, 0x13, 0x19, 0x29, 0x13, 0x19, 0x29, 0x13, 0x19, 0x29, 
        0x13, 0x19, 0x29, 0x13, 0x19, 0x29, 0x13, 0x19, 0x29, 0x13, 0x19, 0x29, 0x13, 0x19, 0x29, 0x13, 0x19, 0x29, 0x13, 0x19, 0x29, 0x13, 0x19, 0x29, 0x13, 0x19, 0x29, 0x13, 0x19, 0x29, 0x13, 0x19, 0x29, 0x13, 0x19, 0x29, 0x13, 0x19, 0x29, 
        0x13, 0x19, 0x29, 0x13, 0x19, 0x29, 0x13, 0x19, 0x29, 0x13, 0x19, 0x29, 0x13, 0x19, 0x29, 0x13, 0x19, 0x29, 0x13, 0x19, 0x29, 0x13, 0x19, 0x29, 0x13, 0x19, 0x29, 0x13, 0x19, 0x29, 0x13, 0x19, 0x29, 0x13, 0x19, 0x29, 0x13, 0x19, 0x29, 
        0x13, 0x19, 0x29, 0x13, 0x19, 0x29, 0x13, 0x19, 0x29, 0x13, 0x19, 0x29, 0x13, 0x19, 0x29, 0x13, 0x19, 0x29, 0x13, 0x19, 0x29, 0x13, 0x19, 0x29, 0x13, 0x19, 0x29, 0x13, 0x19, 0x29, 0x13, 0x19, 0x29, 0x13, 0x19, 0x29, 0x13, 0x19, 0x29, 
        0x13, 0x19, 0x29, 0x13, 0x19, 0x29, 0x13, 0x19, 0x29, 0x13, 0x19, 0x29, 0x13, 0x19, 0x29, 0x13, 0x19, 0x29, 0x13, 0x19, 0x29, 0x13, 0x19, 0x29, 0x13, 0x19, 0x29, 0x13, 0x19, 0x29, 0x13, 0x19, 0x29, 0x13, 0x19, 0x29, 0x13, 0x19, 0x29, 
        0x13, 0x19, 0x29, 0x13, 0x19, 0x29, 0x13, 0x19, 0x29, 0x13, 0x19, 0x29, 0x13, 0x19, 0x29, 0x13, 0x19, 0x29, 0x13, 0x19, 0x29, 0x13, 0x19, 0x29, 0x13, 0x19, 0x29, 0x13, 0x19, 0x29, 0x13, 0x19, 0x29, 0x13, 0x19, 0x29, 0x13, 0x19, 0x29, 
        0x13, 0x19, 0x29, 0x13, 0x19, 0x29, 0x13, 0x19, 0x29, 0x13, 0x19, 0x29, 0x13, 0x19, 0x29, 0x13, 0x19, 0x29, 0x13, 0x19, 0x29, 0x13, 0x19, 0x29, 0x13, 0x19, 0x29, 0x13, 0x19, 0x29, 0x13, 0x19, 0x29, 0x13, 0x19, 0x29, 0x13, 0x19, 0x29, 
        0x13, 0x19, 0x29, 0x13, 0x19, 0x29, 0x13, 0x19, 0x29, 0x13, 0x19, 0x29, 0x13, 0x19, 0x29, 0x13, 0x19, 0x29, 0x13, 0x19, 0x29, 0x13, 0x19, 0x29, 0x13, 0x19, 0x29, 0x13, 0x19, 0x29, 0x13, 0x19, 0x29, 0x13, 0x19, 0x29, 0x13, 0x19, 0x29, 
        0x13, 0x19, 0x29, 0x13, 0x19, 0x29, 0x13, 0x19, 0x29, 0x13, 0x19, 0x29, 0x13, 0x19, 0x29, 0x13, 0x19, 0x29, 0x13, 0x19, 0x29, 0x13, 0x19, 0x29, 0x13, 0x19, 0x29, 0x13, 0x19, 0x29, 0x13, 0x19, 0x29, 0x13, 0x19, 0x29, 0x13, 0x19, 0x29, 
        0x13, 0x19, 0x29, 0x13, 0x19, 0x29, 0x13, 0x19, 0x29, 0x13, 0x19, 0x29,
  0x13, 0x19, 0x29, 0x13, 0x19, 0x29, 0x13, 0x19, 0x29, 0x13, 0x19, 0x29, 0x13, 0x19, 0x29, 0x13, 0x19, 0x29, 0x13, 0x19, 0x29, 0x13, 0x19, 0x29, 0x13, 0x19, 0x29, 0x13, 0x19, 0x29, 0x13, 0x19, 0x29, 0x13, 0x19, 0x29, 0x13, 0x19, 0x29, 0x13, 0x19, 0x29, 
        0x13, 0x19, 0x29, 0x13, 0x19, 0x29, 0x13, 0x19, 0x29, 0x13, 0x19, 0x29, 0x13, 0x19, 0x29, 0x13, 0x19, 0x29, 0x13, 0x19, 0x29, 0x13, 0x19, 0x29, 0x13, 0x19, 0x29, 0x13, 0x19, 0x29, 0x13, 0x19, 0x29, 0x13, 0x19, 0x29, 0x13, 0x19, 0x29, 
        0x13, 0x19, 0x29, 0x13, 0x19, 0x29, 0x13, 0x19, 0x29, 0x13, 0x19, 0x29, 0x13, 0x19, 0x29, 0x13, 0x19, 0x29, 0x13, 0x19, 0x29, 0x13, 0x19, 0x29, 0x13, 0x19, 0x29, 0x13, 0x19, 0x29, 0x13, 0x19, 0x29, 0x13, 0x19, 0x29, 0x13, 0x19, 0x29, 
        0x13, 0x19, 0x29, 0x13, 0x19, 0x29, 0x13, 0x19, 0x29, 0x13, 0x19, 0x29, 0x13, 0x19, 0x29, 0x13, 0x19, 0x29, 0x13, 0x19, 0x29, 0x13, 0x19, 0x29, 0x13, 0x19, 0x29, 0x13, 0x19, 0x29, 0x13, 0x19, 0x29, 0x13, 0x19, 0x29, 0x13, 0x19, 0x29, 
        0x13, 0x19, 0x29, 0x13, 0x19, 0x29, 0x13, 0x19, 0x29, 0x13, 0x19, 0x29, 0x13, 0x19, 0x29, 0x13, 0x19, 0x29, 0x13, 0x19, 0x29, 0x13, 0x19, 0x29, 0x13, 0x19, 0x29, 0x13, 0x19, 0x29, 0x13, 0x19, 0x29, 0x13, 0x19, 0x29, 0x13, 0x19, 0x29, 
        0x13, 0x19, 0x29, 0x13, 0x19, 0x29, 0x13, 0x19, 0x29, 0x13, 0x19, 0x29, 0x13, 0x19, 0x29, 0x13, 0x19, 0x29, 0x13, 0x19, 0x29, 0x13, 0x19, 0x29, 0x13, 0x19, 0x29, 0x13, 0x19, 0x29, 0x13, 0x19, 0x29, 0x13, 0x19, 0x29, 0x13, 0x19, 0x29, 
        0x13, 0x19, 0x29, 0x13, 0x19, 0x29, 0x13, 0x19, 0x29, 0x13, 0x19, 0x29, 0x13, 0x19, 0x29, 0x13, 0x19, 0x29, 0x13, 0x19, 0x29, 0x13, 0x19, 0x29, 0x13, 0x19, 0x29, 0x13, 0x19, 0x29, 0x13, 0x19, 0x29, 0x13, 0x19, 0x29, 0x13, 0x19, 0x29, 
        0x13, 0x19, 0x29, 0x13, 0x19, 0x29, 0x13, 0x19, 0x29, 0x13, 0x19, 0x29, 0x13, 0x19, 0x29, 0x13, 0x19, 0x29, 0x13, 0x19, 0x29, 0x13, 0x19, 0x29, 0x13, 0x19, 0x29, 0x13, 0x19, 0x29, 0x13, 0x19, 0x29, 0x13, 0x19, 0x29, 0x13, 0x19, 0x29, 
        0x13, 0x19, 0x29, 0x13, 0x19, 0x29, 0x13, 0x19, 0x29, 0x13, 0x19, 0x29, 0x13, 0x19, 0x29, 0x13, 0x19, 0x29, 0x13, 0x19, 0x29, 0x13, 0x19, 0x29, 0x13, 0x19, 0x29, 0x13, 0x19, 0x29, 0x13, 0x19, 0x29, 0x13, 0x19, 0x29, 0x13, 0x19, 0x29, 
        0x13, 0x19, 0x29, 0x13, 0x19, 0x29, 0x13, 0x19, 0x29, 0x13, 0x19, 0x29, 0x13, 0x19, 0x29, 0x13, 0x19, 0x29, 0x13, 0x19, 0x29, 0x13, 0x19, 0x29, 0x13, 0x19, 0x29, 0x13, 0x19, 0x29, 0x13, 0x19, 0x29, 0x13, 0x19, 0x29, 0x13, 0x19, 0x29, 
        0x13, 0x19, 0x29, 0x13, 0x19, 0x29, 0x13, 0x19, 0x29, 0x13, 0x19, 0x29, 0x13, 0x19, 0x29, 0x13, 0x19, 0x29, 0x13, 0x19, 0x29, 0x13, 0x19, 0x29, 0x13, 0x19, 0x29, 0x13, 0x19, 0x29, 0x13, 0x19, 0x29, 0x13, 0x19, 0x29, 0x13, 0x19, 0x29, 
        0x13, 0x19, 0x29, 0x13, 0x19, 0x29, 0x13, 0x19, 0x29, 0x13, 0x19, 0x29, 0x13, 0x19, 0x29, 0x13, 0x19, 0x29, 0x13, 0x19, 0x29, 0x13, 0x19, 0x29, 0x13, 0x19, 0x29, 0x13, 0x19, 0x29, 0x13, 0x19, 0x29, 0x13, 0x19, 0x29, 0x13, 0x19, 0x29, 
        0x13, 0x19, 0x29, 0x13, 0x19, 0x29, 0x13, 0x19, 0x29, 0x13, 0x19, 0x29, 0x13, 0x19, 0x29, 0x13, 0x19, 0x29, 0x13, 0x19, 0x29, 0x13, 0x19, 0x29, 0x13, 0x19, 0x29, 0x13, 0x19, 0x29, 0x13, 0x19, 0x29, 0x13, 0x19, 0x29, 0x13, 0x19, 0x29, 
        0x13, 0x19, 0x29, 0x13, 0x19, 0x29, 0x13, 0x19, 0x29, 0x13, 0x19, 0x29, 0x13, 0x19, 0x29, 0x13, 0x19, 0x29, 0x13, 0x19, 0x29, 0x13, 0x19, 0x29, 0x13, 0x19, 0x29, 0x13, 0x19, 0x29, 0x13, 0x19, 0x29, 0x13, 0x19, 0x29, 0x13, 0x19, 0x29, 
        0x13, 0x19, 0x29, 0x13, 0x19, 0x29, 0x13, 0x19, 0x29, 0x13, 0x19, 0x29, 0x13, 0x19, 0x29, 0x13, 0x19, 0x29, 0x13, 0x19, 0x29, 0x13, 0x19, 0x29, 0x13, 0x19, 0x29, 0x13, 0x19, 0x29, 0x13, 0x19, 0x29, 0x13, 0x19, 0x29, 0x13, 0x19, 0x29, 
        0x13, 0x19, 0x29, 0x13, 0x19, 0x29, 0x13, 0x19, 0x29, 0x13, 0x19, 0x29,
  0x13, 0x19, 0x29, 0x13, 0x19, 0x29, 0x13, 0x19, 0x29, 0x13, 0x19, 0x29, 0x13, 0x19, 0x29, 0x13, 0x19, 0x29, 0x13, 0x19, 0x29, 0x13, 0x19, 0x29, 0x13, 0x19, 0x29, 0x13, 0x19, 0x29, 0x13, 0x19, 0x29, 0x13, 0x19, 0x29, 0x13, 0x19, 0x29, 0x13, 0x19, 0x29, 
        0x13, 0x19, 0x29, 0x13, 0x19, 0x29, 0x13, 0x19, 0x29, 0x13, 0x19, 0x29, 0x13, 0x19, 0x29, 0x13, 0x19, 0x29, 0x13, 0x19, 0x29, 0x13, 0x19, 0x29, 0x13, 0x19, 0x29, 0x13, 0x19, 0x29, 0x13, 0x19, 0x29, 0x13, 0x19, 0x29, 0x13, 0x19, 0x29, 
        0x13, 0x19, 0x29, 0x13, 0x19, 0x29, 0x13, 0x19, 0x29, 0x13, 0x19, 0x29, 0x13, 0x19, 0x29, 0x13, 0x19, 0x29, 0x13, 0x19, 0x29, 0x13, 0x19, 0x29, 0x13, 0x19, 0x29, 0x13, 0x19, 0x29, 0x13, 0x19, 0x29, 0x13, 0x19, 0x29, 0x13, 0x19, 0x29, 
        0x13, 0x19, 0x29, 0x13, 0x19, 0x29, 0x13, 0x19, 0x29, 0x13, 0x19, 0x29, 0x13, 0x19, 0x29, 0x13, 0x19, 0x29, 0x13, 0x19, 0x29, 0x13, 0x19, 0x29, 0x13, 0x19, 0x29, 0x13, 0x19, 0x29, 0x13, 0x19, 0x29, 0x13, 0x19, 0x29, 0x13, 0x19, 0x29, 
        0x13, 0x19, 0x29, 0x13, 0x19, 0x29, 0x13, 0x19, 0x29, 0x13, 0x19, 0x29, 0x13, 0x19, 0x29, 0x13, 0x19, 0x29, 0x13, 0x19, 0x29, 0x13, 0x19, 0x29, 0x13, 0x19, 0x29, 0x13, 0x19, 0x29, 0x13, 0x19, 0x29, 0x13, 0x19, 0x29, 0x13, 0x19, 0x29, 
        0x13, 0x19, 0x29, 0x13, 0x19, 0x29, 0x13, 0x19, 0x29, 0x13, 0x19, 0x29, 0x13, 0x19, 0x29, 0x13, 0x19, 0x29, 0x13, 0x19, 0x29, 0x13, 0x19, 0x29, 0x13, 0x19, 0x29, 0x13, 0x19, 0x29, 0x13, 0x19, 0x29, 0x13, 0x19, 0x29, 0x13, 0x19, 0x29, 
        0x13, 0x19, 0x29, 0x13, 0x19, 0x29, 0x13, 0x19, 0x29, 0x13, 0x19, 0x29, 0x13, 0x19, 0x29, 0x13, 0x19, 0x29, 0x13, 0x19, 0x29, 0x13, 0x19, 0x29, 0x13, 0x19, 0x29, 0x13, 0x19, 0x29, 0x13, 0x19, 0x29, 0x13, 0x19, 0x29, 0x13, 0x19, 0x29, 
        0x13, 0x19, 0x29, 0x13, 0x19, 0x29, 0x13, 0x19, 0x29, 0x13, 0x19, 0x29, 0x13, 0x19, 0x29, 0x13, 0x19, 0x29, 0x13, 0x19, 0x29, 0x13, 0x19, 0x29, 0x13, 0x19, 0x29, 0x13, 0x19, 0x29, 0x13, 0x19, 0x29, 0x13, 0x19, 0x29, 0x13, 0x19, 0x29, 
        0x13, 0x19, 0x29, 0x13, 0x19, 0x29, 0x13, 0x19, 0x29, 0x13, 0x19, 0x29, 0x13, 0x19, 0x29, 0x13, 0x19, 0x29, 0x13, 0x19, 0x29, 0x13, 0x19, 0x29, 0x13, 0x19, 0x29, 0x13, 0x19, 0x29, 0x13, 0x19, 0x29, 0x13, 0x19, 0x29, 0x13, 0x19, 0x29, 
        0x13, 0x19, 0x29, 0x13, 0x19, 0x29, 0x13, 0x19, 0x29, 0x13, 0x19, 0x29, 0x13, 0x19, 0x29, 0x13, 0x19, 0x29, 0x13, 0x19, 0x29, 0x13, 0x19, 0x29, 0x13, 0x19, 0x29, 0x13, 0x19, 0x29, 0x13, 0x19, 0x29, 0x13, 0x19, 0x29, 0x13, 0x19, 0x29, 
        0x13, 0x19, 0x29, 0x13, 0x19, 0x29, 0x13, 0x19, 0x29, 0x13, 0x19, 0x29, 0x13, 0x19, 0x29, 0x13, 0x19, 0x29, 0x13, 0x19, 0x29, 0x13, 0x19, 0x29, 0x13, 0x19, 0x29, 0x13, 0x19, 0x29, 0x13, 0x19, 0x29, 0x13, 0x19, 0x29, 0x13, 0x19, 0x29, 
        0x13, 0x19, 0x29, 0x13, 0x19, 0x29, 0x13, 0x19, 0x29, 0x13, 0x19, 0x29, 0x13, 0x19, 0x29, 0x13, 0x19, 0x29, 0x13, 0x19, 0x29, 0x13, 0x19, 0x29, 0x13, 0x19, 0x29, 0x13, 0x19, 0x29, 0x13, 0x19, 0x29, 0x13, 0x19, 0x29, 0x13, 0x19, 0x29, 
        0x13, 0x19, 0x29, 0x13, 0x19, 0x29, 0x13, 0x19, 0x29, 0x13, 0x19, 0x29, 0x13, 0x19, 0x29, 0x13, 0x19, 0x29, 0x13, 0x19, 0x29, 0x13, 0x19, 0x29, 0x13, 0x19, 0x29, 0x13, 0x19, 0x29, 0x13, 0x19, 0x29, 0x13, 0x19, 0x29, 0x13, 0x19, 0x29, 
        0x13, 0x19, 0x29, 0x13, 0x19, 0x29, 0x13, 0x19, 0x29, 0x13, 0x19, 0x29, 0x13, 0x19, 0x29, 0x13, 0x19, 0x29, 0x13, 0x19, 0x29, 0x13, 0x19, 0x29, 0x13, 0x19, 0x29, 0x13, 0x19, 0x29, 0x13, 0x19, 0x29, 0x13, 0x19, 0x29, 0x13, 0x19, 0x29, 
        0x13, 0x19, 0x29, 0x13, 0x19, 0x29, 0x13, 0x19, 0x29, 0x13, 0x19, 0x29, 0x13, 0x19, 0x29, 0x13, 0x19, 0x29, 0x13, 0x19, 0x29, 0x13, 0x19, 0x29, 0x13, 0x19, 0x29, 0x13, 0x19, 0x29, 0x13, 0x19, 0x29, 0x13, 0x19, 0x29, 0x13, 0x19, 0x29, 
        0x13, 0x19, 0x29, 0x13, 0x19, 0x29, 0x13, 0x19, 0x29, 0x13, 0x19, 0x29,
  0x13, 0x19, 0x29, 0x13, 0x19, 0x29, 0x13, 0x19, 0x29, 0x13, 0x19, 0x29, 0x13, 0x19, 0x29, 0x13, 0x19, 0x29, 0x13, 0x19, 0x29, 0x13, 0x19, 0x29, 0x13, 0x19, 0x29, 0x13, 0x19, 0x29, 0x13, 0x19, 0x29, 0x13, 0x19, 0x29, 0x13, 0x19, 0x29, 0x13, 0x19, 0x29, 
        0x13, 0x19, 0x29, 0x13, 0x19, 0x29, 0x13, 0x19, 0x29, 0x13, 0x19, 0x29, 0x13, 0x19, 0x29, 0x13, 0x19, 0x29, 0x13, 0x19, 0x29, 0x13, 0x19, 0x29, 0x13, 0x19, 0x29, 0x13, 0x19, 0x29, 0x13, 0x19, 0x29, 0x13, 0x19, 0x29, 0x13, 0x19, 0x29, 
        0x13, 0x19, 0x29, 0x13, 0x19, 0x29, 0x13, 0x19, 0x29, 0x13, 0x19, 0x29, 0x13, 0x19, 0x29, 0x13, 0x19, 0x29, 0x13, 0x19, 0x29, 0x13, 0x19, 0x29, 0x13, 0x19, 0x29, 0x13, 0x19, 0x29, 0x13, 0x19, 0x29, 0x13, 0x19, 0x29, 0x13, 0x19, 0x29, 
        0x13, 0x19, 0x29, 0x13, 0x19, 0x29, 0x13, 0x19, 0x29, 0x13, 0x19, 0x29, 0x13, 0x19, 0x29, 0x13, 0x19, 0x29, 0x13, 0x19, 0x29, 0x13, 0x19, 0x29, 0x13, 0x19, 0x29, 0x13, 0x19, 0x29, 0x13, 0x19, 0x29, 0x13, 0x19, 0x29, 0x13, 0x19, 0x29, 
        0x13, 0x19, 0x29, 0x13, 0x19, 0x29, 0x13, 0x19, 0x29, 0x13, 0x19, 0x29, 0x13, 0x19, 0x29, 0x13, 0x19, 0x29, 0x13, 0x19, 0x29, 0x13, 0x19, 0x29, 0x13, 0x19, 0x29, 0x13, 0x19, 0x29, 0x13, 0x19, 0x29, 0x13, 0x19, 0x29, 0x13, 0x19, 0x29, 
        0x13, 0x19, 0x29, 0x13, 0x19, 0x29, 0x13, 0x19, 0x29, 0x13, 0x19, 0x29, 0x13, 0x19, 0x29, 0x13, 0x19, 0x29, 0x13, 0x19, 0x29, 0x13, 0x19, 0x29, 0x13, 0x19, 0x29, 0x13, 0x19, 0x29, 0x13, 0x19, 0x29, 0x13, 0x19, 0x29, 0x13, 0x19, 0x29, 
        0x13, 0x19, 0x29, 0x13, 0x19, 0x29, 0x13, 0x19, 0x29, 0x13, 0x19, 0x29, 0x13, 0x19, 0x29, 0x13, 0x19, 0x29, 0x13, 0x19, 0x29, 0x13, 0x19, 0x29, 0x13, 0x19, 0x29, 0x13, 0x19, 0x29, 0x13, 0x19, 0x29, 0x13, 0x19, 0x29, 0x13, 0x19, 0x29, 
        0x13, 0x19, 0x29, 0x13, 0x19, 0x29, 0x13, 0x19, 0x29, 0x1E, 0x23, 0x33, 0x4A, 0x4F, 0x5B, 0x6E, 0x71, 0x7B, 0x86, 0x89, 0x91, 0x92, 0x95, 0x9C, 0x92, 0x95, 0x9C, 0x86, 0x89, 0x91, 0x6E, 0x71, 0x7B, 0x4A, 0x4F, 0x5B, 0x1E, 0x23, 0x33, 
        0x13, 0x19, 0x29, 0x13, 0x19, 0x29, 0x13, 0x19, 0x29, 0x13, 0x19, 0x29, 0x13, 0x19, 0x29, 0x13, 0x19, 0x29, 0x13, 0x19, 0x29, 0x13, 0x19, 0x29, 0x13, 0x19, 0x29, 0x13, 0x19, 0x29, 0x13, 0x19, 0x29, 0x13, 0x19, 0x29, 0x13, 0x19, 0x29, 
        0x13, 0x19, 0x29, 0x13, 0x19, 0x29, 0x13, 0x19, 0x29, 0x13, 0x19, 0x29, 0x13, 0x19, 0x29, 0x13, 0x19, 0x29, 0x13, 0x19, 0x29, 0x13, 0x19, 0x29, 0x13, 0x19, 0x29, 0x13, 0x19, 0x29, 0x13, 0x19, 0x29, 0x13, 0x19, 0x29, 0x13, 0x19, 0x29, 
        0x13, 0x19, 0x29, 0x13, 0x19, 0x29, 0x13, 0x19, 0x29, 0x13, 0x19, 0x29, 0x13, 0x19, 0x29, 0x13, 0x19, 0x29, 0x13, 0x19, 0x29, 0x13, 0x19, 0x29, 0x13, 0x19, 0x29, 0x13, 0x19, 0x29, 0x13, 0x19, 0x29, 0x13, 0x19, 0x29, 0x13, 0x19, 0x29, 
        0x13, 0x19, 0x29, 0x13, 0x19, 0x29, 0x13, 0x19, 0x29, 0x13, 0x19, 0x29, 0x13, 0x19, 0x29, 0x13, 0x19, 0x29, 0x13, 0x19, 0x29, 0x13, 0x19, 0x29, 0x13, 0x19, 0x29, 0x13, 0x19, 0x29, 0x13, 0x19, 0x29, 0x13, 0x19, 0x29, 0x13, 0x19, 0x29, 
        0x13, 0x19, 0x29, 0x13, 0x19, 0x29, 0x13, 0x19, 0x29, 0x13, 0x19, 0x29, 0x13, 0x19, 0x29, 0x13, 0x19, 0x29, 0x13, 0x19, 0x29, 0x13, 0x19, 0x29, 0x13, 0x19, 0x29, 0x13, 0x19, 0x29, 0x13, 0x19, 0x29, 0x13, 0x19, 0x29, 0x13, 0x19, 0x29, 
        0x13, 0x19, 0x29, 0x13, 0x19, 0x29, 0x13, 0x19, 0x29, 0x13, 0x19, 0x29, 0x13, 0x19, 0x29, 0x13, 0x19, 0x29, 0x13, 0x19, 0x29, 0x13, 0x19, 0x29, 0x13, 0x19, 0x29, 0x13, 0x19, 0x29, 0x13, 0x19, 0x29, 0x13, 0x19, 0x29, 0x13, 0x19, 0x29, 
        0x13, 0x19, 0x29, 0x13, 0x19, 0x29, 0x13, 0x19, 0x29, 0x13, 0x19, 0x29, 0x13, 0x19, 0x29, 0x13, 0x19, 0x29, 0x13, 0x19, 0x29, 0x13, 0x19, 0x29, 0x13, 0x19, 0x29, 0x13, 0x19, 0x29, 0x13, 0x19, 0x29, 0x13, 0x19, 0x29, 0x13, 0x19, 0x29, 
        0x13, 0x19, 0x29, 0x13, 0x19, 0x29, 0x13, 0x19, 0x29, 0x13, 0x19, 0x29,
  0x13, 0x19, 0x29, 0x13, 0x19, 0x29, 0x13, 0x19, 0x29, 0x13, 0x19, 0x29, 0x13, 0x19, 0x29, 0x13, 0x19, 0x29, 0x13, 0x19, 0x29, 0x13, 0x19, 0x29, 0x13, 0x19, 0x29, 0x13, 0x19, 0x29, 0x13, 0x19, 0x29, 0x13, 0x19, 0x29, 0x13, 0x19, 0x29, 0x13, 0x19, 0x29, 
        0x13, 0x19, 0x29, 0x13, 0x19, 0x29, 0x13, 0x19, 0x29, 0x13, 0x19, 0x29, 0x13, 0x19, 0x29, 0x13, 0x19, 0x29, 0x13, 0x19, 0x29, 0x13, 0x19, 0x29, 0x13, 0x19, 0x29, 0x13, 0x19, 0x29, 0x13, 0x19, 0x29, 0x13, 0x19, 0x29, 0x13, 0x19, 0x29, 
        0x13, 0x19, 0x29, 0x13, 0x19, 0x29, 0x13, 0x19, 0x29, 0x13, 0x19, 0x29, 0x13, 0x19, 0x29, 0x13, 0x19, 0x29, 0x13, 0x19, 0x29, 0x13, 0x19, 0x29, 0x13, 0x19, 0x29, 0x13, 0x19, 0x29, 0x13, 0x19, 0x29, 0x13, 0x19, 0x29, 0x13, 0x19, 0x29, 
        0x13, 0x19, 0x29, 0x13, 0x19, 0x29, 0x13, 0x19, 0x29, 0x13, 0x19, 0x29, 0x13, 0x19, 0x29, 0x13, 0x19, 0x29, 0x13, 0x19, 0x29, 0x13, 0x19, 0x29, 0x13, 0x19, 0x29, 0x13, 0x19, 0x29, 0x13, 0x19, 0x29, 0x13, 0x19, 0x29, 0x13, 0x19, 0x29, 
        0x13, 0x19, 0x29, 0x13, 0x19, 0x29, 0x13, 0x19, 0x29, 0x13, 0x19, 0x29, 0x13, 0x19, 0x29, 0x13, 0x19, 0x29, 0x13, 0x19, 0x29, 0x13, 0x19, 0x29, 0x13, 0x19, 0x29, 0x13, 0x19, 0x29, 0x13, 0x19, 0x29, 0x13, 0x19, 0x29, 0x13, 0x19, 0x29, 
        0x13, 0x19, 0x29, 0x13, 0x19, 0x29, 0x13, 0x19, 0x29, 0x13, 0x19, 0x29, 0x13, 0x19, 0x29, 0x13, 0x19, 0x29, 0x13, 0x19, 0x29, 0x13, 0x19, 0x29, 0x13, 0x19, 0x29, 0x13, 0x19, 0x29, 0x13, 0x19, 0x29, 0x13, 0x19, 0x29, 0x13, 0x19, 0x29, 
        0x13, 0x19, 0x29, 0x13, 0x19, 0x29, 0x13, 0x19, 0x29, 0x13, 0x19, 0x29, 0x13, 0x19, 0x29, 0x13, 0x19, 0x29, 0x13, 0x19, 0x29, 0x13, 0x19, 0x29, 0x13, 0x19, 0x29, 0x13, 0x19, 0x29, 0x13, 0x19, 0x29, 0x13, 0x19, 0x29, 0x13, 0x19, 0x29, 
        0x29, 0x2E, 0x3D, 0x7C, 0x80, 0x89, 0xCA, 0xCB, 0xCF, 0xFB, 0xFB, 0xFB, 0xFF, 0xFF, 0xFF, 0xFF, 0xFF, 0xFF, 0xFF, 0xFF, 0xFF, 0xFF, 0xFF, 0xFF, 0xFF, 0xFF, 0xFF, 0xFF, 0xFF, 0xFF, 0xFF, 0xFF, 0xFF, 0xFF, 0xFF, 0xFF, 0xFB, 0xFB, 0xFB, 
        0xCA, 0xCB, 0xCF, 0x7C, 0x80, 0x89, 0x29, 0x2E, 0x3D, 0x13, 0x19, 0x29, 0x13, 0x19, 0x29, 0x13, 0x19, 0x29, 0x13, 0x19, 0x29, 0x13, 0x19, 0x29, 0x13, 0x19, 0x29, 0x13, 0x19, 0x29, 0x13, 0x19, 0x29, 0x13, 0x19, 0x29, 0x13, 0x19, 0x29, 
        0x13, 0x19, 0x29, 0x13, 0x19, 0x29, 0x13, 0x19, 0x29, 0x13, 0x19, 0x29, 0x13, 0x19, 0x29, 0x13, 0x19, 0x29, 0x13, 0x19, 0x29, 0x13, 0x19, 0x29, 0x13, 0x19, 0x29, 0x13, 0x19, 0x29, 0x13, 0x19, 0x29, 0x13, 0x19, 0x29, 0x13, 0x19, 0x29, 
        0x13, 0x19, 0x29, 0x13, 0x19, 0x29, 0x13, 0x19, 0x29, 0x13, 0x19, 0x29, 0x13, 0x19, 0x29, 0x13, 0x19, 0x29, 0x13, 0x19, 0x29, 0x13, 0x19, 0x29, 0x13, 0x19, 0x29, 0x13, 0x19, 0x29, 0x13, 0x19, 0x29, 0x13, 0x19, 0x29, 0x13, 0x19, 0x29, 
        0x13, 0x19, 0x29, 0x13, 0x19, 0x29, 0x13, 0x19, 0x29, 0x13, 0x19, 0x29, 0x13, 0x19, 0x29, 0x13, 0x19, 0x29, 0x13, 0x19, 0x29, 0x13, 0x19, 0x29, 0x13, 0x19, 0x29, 0x13, 0x19, 0x29, 0x13, 0x19, 0x29, 0x13, 0x19, 0x29, 0x13, 0x19, 0x29, 
        0x13, 0x19, 0x29, 0x13, 0x19, 0x29, 0x13, 0x19, 0x29, 0x13, 0x19, 0x29, 0x13, 0x19, 0x29, 0x13, 0x19, 0x29, 0x13, 0x19, 0x29, 0x13, 0x19, 0x29, 0x13, 0x19, 0x29, 0x13, 0x19, 0x29, 0x13, 0x19, 0x29, 0x13, 0x19, 0x29, 0x13, 0x19, 0x29, 
        0x13, 0x19, 0x29, 0x13, 0x19, 0x29, 0x13, 0x19, 0x29, 0x13, 0x19, 0x29, 0x13, 0x19, 0x29, 0x13, 0x19, 0x29, 0x13, 0x19, 0x29, 0x13, 0x19, 0x29, 0x13, 0x19, 0x29, 0x13, 0x19, 0x29, 0x13, 0x19, 0x29, 0x13, 0x19, 0x29, 0x13, 0x19, 0x29, 
        0x13, 0x19, 0x29, 0x13, 0x19, 0x29, 0x13, 0x19, 0x29, 0x13, 0x19, 0x29, 0x13, 0x19, 0x29, 0x13, 0x19, 0x29, 0x13, 0x19, 0x29, 0x13, 0x19, 0x29, 0x13, 0x19, 0x29, 0x13, 0x19, 0x29, 0x13, 0x19, 0x29, 0x13, 0x19, 0x29, 0x13, 0x19, 0x29, 
        0x13, 0x19, 0x29, 0x13, 0x19, 0x29, 0x13, 0x19, 0x29, 0x13, 0x19, 0x29,
  0x13, 0x19, 0x29, 0x13, 0x19, 0x29, 0x13, 0x19, 0x29, 0x13, 0x19, 0x29, 0x13, 0x19, 0x29, 0x13, 0x19, 0x29, 0x13, 0x19, 0x29, 0x13, 0x19, 0x29, 0x13, 0x19, 0x29, 0x13, 0x19, 0x29, 0x13, 0x19, 0x29, 0x13, 0x19, 0x29, 0x13, 0x19, 0x29, 0x13, 0x19, 0x29, 
        0x13, 0x19, 0x29, 0x13, 0x19, 0x29, 0x13, 0x19, 0x29, 0x13, 0x19, 0x29, 0x13, 0x19, 0x29, 0x13, 0x19, 0x29, 0x13, 0x19, 0x29, 0x13, 0x19, 0x29, 0x13, 0x19, 0x29, 0x13, 0x19, 0x29, 0x13, 0x19, 0x29, 0x13, 0x19, 0x29, 0x13, 0x19, 0x29, 
        0x13, 0x19, 0x29, 0x13, 0x19, 0x29, 0x13, 0x19, 0x29, 0x13, 0x19, 0x29, 0x13, 0x19, 0x29, 0x13, 0x19, 0x29, 0x13, 0x19, 0x29, 0x13, 0x19, 0x29, 0x13, 0x19, 0x29, 0x13, 0x19, 0x29, 0x13, 0x19, 0x29, 0x13, 0x19, 0x29, 0x13, 0x19, 0x29, 
        0x13, 0x19, 0x29, 0x13, 0x19, 0x29, 0x13, 0x19, 0x29, 0x13, 0x19, 0x29, 0x13, 0x19, 0x29, 0x13, 0x19, 0x29, 0x13, 0x19, 0x29, 0x13, 0x19, 0x29, 0x13, 0x19, 0x29, 0x13, 0x19, 0x29, 0x13, 0x19, 0x29, 0x13, 0x19, 0x29, 0x13, 0x19, 0x29, 
        0x13, 0x19, 0x29, 0x13, 0x19, 0x29, 0x13, 0x19, 0x29, 0x13, 0x19, 0x29, 0x13, 0x19, 0x29, 0x13, 0x19, 0x29, 0x13, 0x19, 0x29, 0x13, 0x19, 0x29, 0x13, 0x19, 0x29, 0x13, 0x19, 0x29, 0x13, 0x19, 0x29, 0x13, 0x19, 0x29, 0x13, 0x19, 0x29, 
        0x13, 0x19, 0x29, 0x13, 0x19, 0x29, 0x13, 0x19, 0x29, 0x13, 0x19, 0x29, 0x13, 0x19, 0x29, 0x13, 0x19, 0x29, 0x13, 0x19, 0x29, 0x13, 0x19, 0x29, 0x13, 0x19, 0x29, 0x13, 0x19, 0x29, 0x13, 0x19, 0x29, 0x13, 0x19, 0x29, 0x13, 0x19, 0x29, 
        0x13, 0x19, 0x29, 0x13, 0x19, 0x29, 0x13, 0x19, 0x29, 0x13, 0x19, 0x29, 0x13, 0x19, 0x29, 0x13, 0x19, 0x29, 0x13, 0x19, 0x29, 0x13, 0x19, 0x29, 0x13, 0x19, 0x29, 0x13, 0x19, 0x29, 0x13, 0x19, 0x29, 0x36, 0x3B, 0x49, 0xA6, 0xA9, 0xAF, 
        0xFB, 0xFB, 0xFB, 0xFF, 0xFF, 0xFF, 0xFF, 0xFF, 0xFF, 0xFF, 0xFF, 0xFF, 0xED, 0xED, 0xEF, 0xC8, 0xC9, 0xCD, 0xAA, 0xAC, 0xB2, 0x9D, 0xA0, 0xA6, 0x9D, 0xA0, 0xA6, 0xAA, 0xAC, 0xB2, 0xC8, 0xC9, 0xCD, 0xED, 0xED, 0xEF, 0xFF, 0xFF, 0xFF, 
        0xFF, 0xFF, 0xFF, 0xFF, 0xFF, 0xFF, 0xFB, 0xFB, 0xFB, 0xA6, 0xA9, 0xAF, 0x36, 0x3B, 0x49, 0x13, 0x19, 0x29, 0x13, 0x19, 0x29, 0x13, 0x19, 0x29, 0x13, 0x19, 0x29, 0x13, 0x19, 0x29, 0x13, 0x19, 0x29, 0x13, 0x19, 0x29, 0x13, 0x19, 0x29, 
        0x13, 0x19, 0x29, 0x13, 0x19, 0x29, 0x13, 0x19, 0x29, 0x13, 0x19, 0x29, 0x13, 0x19, 0x29, 0x13, 0x19, 0x29, 0x13, 0x19, 0x29, 0x13, 0x19, 0x29, 0x13, 0x19, 0x29, 0x13, 0x19, 0x29, 0x13, 0x19, 0x29, 0x13, 0x19, 0x29, 0x13, 0x19, 0x29, 
        0x13, 0x19, 0x29, 0x13, 0x19, 0x29, 0x13, 0x19, 0x29, 0x13, 0x19, 0x29, 0x13, 0x19, 0x29, 0x13, 0x19, 0x29, 0x13, 0x19, 0x29, 0x13, 0x19, 0x29, 0x13, 0x19, 0x29, 0x13, 0x19, 0x29, 0x13, 0x19, 0x29, 0x13, 0x19, 0x29, 0x13, 0x19, 0x29, 
        0x13, 0x19, 0x29, 0x13, 0x19, 0x29, 0x13, 0x19, 0x29, 0x13, 0x19, 0x29, 0x13, 0x19, 0x29, 0x13, 0x19, 0x29, 0x13, 0x19, 0x29, 0x13, 0x19, 0x29, 0x13, 0x19, 0x29, 0x13, 0x19, 0x29, 0x13, 0x19, 0x29, 0x13, 0x19, 0x29, 0x13, 0x19, 0x29, 
        0x13, 0x19, 0x29, 0x13, 0x19, 0x29, 0x13, 0x19, 0x29, 0x13, 0x19, 0x29, 0x13, 0x19, 0x29, 0x13, 0x19, 0x29, 0x13, 0x19, 0x29, 0x13, 0x19, 0x29, 0x13, 0x19, 0x29, 0x13, 0x19, 0x29, 0x13, 0x19, 0x29, 0x13, 0x19, 0x29, 0x13, 0x19, 0x29, 
        0x13, 0x19, 0x29, 0x13, 0x19, 0x29, 0x13, 0x19, 0x29, 0x13, 0x19, 0x29, 0x13, 0x19, 0x29, 0x13, 0x19, 0x29, 0x13, 0x19, 0x29, 0x13, 0x19, 0x29, 0x13, 0x19, 0x29, 0x13, 0x19, 0x29, 0x13, 0x19, 0x29, 0x13, 0x19, 0x29, 0x13, 0x19, 0x29, 
        0x13, 0x19, 0x29, 0x13, 0x19, 0x29, 0x13, 0x19, 0x29, 0x13, 0x19, 0x29, 0x13, 0x19, 0x29, 0x13, 0x19, 0x29, 0x13, 0x19, 0x29, 0x13, 0x19, 0x29, 0x13, 0x19, 0x29, 0x13, 0x19, 0x29, 0x13, 0x19, 0x29, 0x13, 0x19, 0x29, 0x13, 0x19, 0x29, 
        0x13, 0x19, 0x29, 0x13, 0x19, 0x29, 0x13, 0x19, 0x29, 0x13, 0x19, 0x29,
  0x13, 0x19, 0x29, 0x13, 0x19, 0x29, 0x13, 0x19, 0x29, 0x13, 0x19, 0x29, 0x13, 0x19, 0x29, 0x13, 0x19, 0x29, 0x13, 0x19, 0x29, 0x13, 0x19, 0x29, 0x13, 0x19, 0x29, 0x13, 0x19, 0x29, 0x13, 0x19, 0x29, 0x13, 0x19, 0x29, 0x13, 0x19, 0x29, 0x13, 0x19, 0x29, 
        0x13, 0x19, 0x29, 0x13, 0x19, 0x29, 0x13, 0x19, 0x29, 0x13, 0x19, 0x29, 0x13, 0x19, 0x29, 0x13, 0x19, 0x29, 0x13, 0x19, 0x29, 0x13, 0x19, 0x29, 0x13, 0x19, 0x29, 0x13, 0x19, 0x29, 0x13, 0x19, 0x29, 0x13, 0x19, 0x29, 0x13, 0x19, 0x29, 
        0x13, 0x19, 0x29, 0x13, 0x19, 0x29, 0x13, 0x19, 0x29, 0x13, 0x19, 0x29, 0x13, 0x19, 0x29, 0x13, 0x19, 0x29, 0x13, 0x19, 0x29, 0x13, 0x19, 0x29, 0x13, 0x19, 0x29, 0x13, 0x19, 0x29, 0x13, 0x19, 0x29, 0x13, 0x19, 0x29, 0x13, 0x19, 0x29, 
        0x13, 0x19, 0x29, 0x13, 0x19, 0x29, 0x13, 0x19, 0x29, 0x13, 0x19, 0x29, 0x13, 0x19, 0x29, 0x13, 0x19, 0x29, 0x13, 0x19, 0x29, 0x13, 0x19, 0x29, 0x13, 0x19, 0x29, 0x13, 0x19, 0x29, 0x13, 0x19, 0x29, 0x13, 0x19, 0x29, 0x13, 0x19, 0x29, 
        0x13, 0x19, 0x29, 0x13, 0x19, 0x29, 0x13, 0x19, 0x29, 0x13, 0x19, 0x29, 0x13, 0x19, 0x29, 0x13, 0x19, 0x29, 0x13, 0x19, 0x29, 0x13, 0x19, 0x29, 0x13, 0x19, 0x29, 0x13, 0x19, 0x29, 0x13, 0x19, 0x29, 0x13, 0x19, 0x29, 0x13, 0x19, 0x29, 
        0x13, 0x19, 0x29, 0x13, 0x19, 0x29, 0x13, 0x19, 0x29, 0x13, 0x19, 0x29, 0x13, 0x19, 0x29, 0x13, 0x19, 0x29, 0x13, 0x19, 0x29, 0x13, 0x19, 0x29, 0x13, 0x19, 0x29, 0x13, 0x19, 0x29, 0x13, 0x19, 0x29, 0x13, 0x19, 0x29, 0x13, 0x19, 0x29, 
        0x13, 0x19, 0x29, 0x13, 0x19, 0x29, 0x13, 0x19, 0x29, 0x13, 0x19, 0x29, 0x13, 0x19, 0x29, 0x13, 0x19, 0x29, 0x13, 0x19, 0x29, 0x13, 0x19, 0x29, 0x13, 0x19, 0x29, 0x1B, 0x21, 0x30, 0x8E, 0x91, 0x99, 0xFA, 0xFA, 0xFA, 0xFF, 0xFF, 0xFF, 
        0xFF, 0xFF, 0xFF, 0xD3, 0xD4, 0xD7, 0x7D, 0x81, 0x8A, 0x3A, 0x3F, 0x4C, 0x14, 0x1A, 0x2A, 0x13, 0x19, 0x29, 0x13, 0x19, 0x29, 0x13, 0x19, 0x29, 0x13, 0x19, 0x29, 0x13, 0x19, 0x29, 0x13, 0x19, 0x29, 0x14, 0x1A, 0x2A, 0x3A, 0x3F, 0x4C, 
        0x7D, 0x81, 0x8A, 0xD3, 0xD4, 0xD7, 0xFF, 0xFF, 0xFF, 0xFF, 0xFF, 0xFF, 0xFA, 0xFA, 0xFA, 0x8E, 0x91, 0x99, 0x1B, 0x21, 0x30, 0x13, 0x19, 0x29, 0x13, 0x19, 0x29, 0x13, 0x19, 0x29, 0x13, 0x19, 0x29, 0x13, 0x19, 0x29, 0x13, 0x19, 0x29, 
        0x13, 0x19, 0x29, 0x13, 0x19, 0x29, 0x13, 0x19, 0x29, 0x13, 0x19, 0x29, 0x13, 0x19, 0x29, 0x13, 0x19, 0x29, 0x13, 0x19, 0x29, 0x13, 0x19, 0x29, 0x13, 0x19, 0x29, 0x13, 0x19, 0x29, 0x13, 0x19, 0x29, 0x13, 0x19, 0x29, 0x13, 0x19, 0x29, 
        0x13, 0x19, 0x29, 0x13, 0x19, 0x29, 0x13, 0x19, 0x29, 0x13, 0x19, 0x29, 0x13, 0x19, 0x29, 0x13, 0x19, 0x29, 0x13, 0x19, 0x29, 0x13, 0x19, 0x29, 0x13, 0x19, 0x29, 0x13, 0x19, 0x29, 0x13, 0x19, 0x29, 0x13, 0x19, 0x29, 0x13, 0x19, 0x29, 
        0x13, 0x19, 0x29, 0x13, 0x19, 0x29, 0x13, 0x19, 0x29, 0x13, 0x19, 0x29, 0x13, 0x19, 0x29, 0x13, 0x19, 0x29, 0x13, 0x19, 0x29, 0x13, 0x19, 0x29, 0x13, 0x19, 0x29, 0x13, 0x19, 0x29, 0x13, 0x19, 0x29, 0x13, 0x19, 0x29, 0x13, 0x19, 0x29, 
        0x13, 0x19, 0x29, 0x13, 0x19, 0x29, 0x13, 0x19, 0x29, 0x13, 0x19, 0x29, 0x13, 0x19, 0x29, 0x13, 0x19, 0x29, 0x13, 0x19, 0x29, 0x13, 0x19, 0x29, 0x13, 0x19, 0x29, 0x13, 0x19, 0x29, 0x13, 0x19, 0x29, 0x13, 0x19, 0x29, 0x13, 0x19, 0x29, 
        0x13, 0x19, 0x29, 0x13, 0x19, 0x29, 0x13, 0x19, 0x29, 0x13, 0x19, 0x29, 0x13, 0x19, 0x29, 0x13, 0x19, 0x29, 0x13, 0x19, 0x29, 0x13, 0x19, 0x29, 0x13, 0x19, 0x29, 0x13, 0x19, 0x29, 0x13, 0x19, 0x29, 0x13, 0x19, 0x29, 0x13, 0x19, 0x29, 
        0x13, 0x19, 0x29, 0x13, 0x19, 0x29, 0x13, 0x19, 0x29, 0x13, 0x19, 0x29, 0x13, 0x19, 0x29, 0x13, 0x19, 0x29, 0x13, 0x19, 0x29, 0x13, 0x19, 0x29, 0x13, 0x19, 0x29, 0x13, 0x19, 0x29, 0x13, 0x19, 0x29, 0x13, 0x19, 0x29, 0x13, 0x19, 0x29, 
        0x13, 0x19, 0x29, 0x13, 0x19, 0x29, 0x13, 0x19, 0x29, 0x13, 0x19, 0x29,
  0x13, 0x19, 0x29, 0x13, 0x19, 0x29, 0x13, 0x19, 0x29, 0x13, 0x19, 0x29, 0x13, 0x19, 0x29, 0x13, 0x19, 0x29, 0x13, 0x19, 0x29, 0x13, 0x19, 0x29, 0x13, 0x19, 0x29, 0x13, 0x19, 0x29, 0x13, 0x19, 0x29, 0x13, 0x19, 0x29, 0x13, 0x19, 0x29, 0x13, 0x19, 0x29, 
        0x13, 0x19, 0x29, 0x13, 0x19, 0x29, 0x13, 0x19, 0x29, 0x13, 0x19, 0x29, 0x13, 0x19, 0x29, 0x13, 0x19, 0x29, 0x13, 0x19, 0x29, 0x13, 0x19, 0x29, 0x13, 0x19, 0x29, 0x13, 0x19, 0x29, 0x13, 0x19, 0x29, 0x13, 0x19, 0x29, 0x13, 0x19, 0x29, 
        0x13, 0x19, 0x29, 0x13, 0x19, 0x29, 0x13, 0x19, 0x29, 0x13, 0x19, 0x29, 0x13, 0x19, 0x29, 0x13, 0x19, 0x29, 0x13, 0x19, 0x29, 0x13, 0x19, 0x29, 0x13, 0x19, 0x29, 0x13, 0x19, 0x29, 0x13, 0x19, 0x29, 0x13, 0x19, 0x29, 0x13, 0x19, 0x29, 
        0x13, 0x19, 0x29, 0x13, 0x19, 0x29, 0x13, 0x19, 0x29, 0x13, 0x19, 0x29, 0x13, 0x19, 0x29, 0x13, 0x19, 0x29, 0x13, 0x19, 0x29, 0x13, 0x19, 0x29, 0x13, 0x19, 0x29, 0x13, 0x19, 0x29, 0x13, 0x19, 0x29, 0x13, 0x19, 0x29, 0x13, 0x19, 0x29, 
        0x13, 0x19, 0x29, 0x13, 0x19, 0x29, 0x13, 0x19, 0x29, 0x13, 0x19, 0x29, 0x13, 0x19, 0x29, 0x13, 0x19, 0x29, 0x13, 0x19, 0x29, 0x13, 0x19, 0x29, 0x13, 0x19, 0x29, 0x13, 0x19, 0x29, 0x13, 0x19, 0x29, 0x13, 0x19, 0x29, 0x13, 0x19, 0x29, 
        0x13, 0x19, 0x29, 0x13, 0x19, 0x29, 0x13, 0x19, 0x29, 0x13, 0x19, 0x29, 0x13, 0x19, 0x29, 0x13, 0x19, 0x29, 0x13, 0x19, 0x29, 0x13, 0x19, 0x29, 0x13, 0x19, 0x29, 0x13, 0x19, 0x29, 0x13, 0x19, 0x29, 0x13, 0x19, 0x29, 0x13, 0x19, 0x29, 
        0x13, 0x19, 0x29, 0x13, 0x19, 0x29, 0x13, 0x19, 0x29, 0x13, 0x19, 0x29, 0x13, 0x19, 0x29, 0x13, 0x19, 0x29, 0x13, 0x19, 0x29, 0x13, 0x19, 0x29, 0x38, 0x3D, 0x4A, 0xD5, 0xD6, 0xD9, 0xFF, 0xFF, 0xFF, 0xFF, 0xFF, 0xFF, 0xC6, 0xC7, 0xCB, 
        0x50, 0x54, 0x60, 0x13, 0x19, 0x29, 0x13, 0x19, 0x29, 0x13, 0x19, 0x29, 0x13, 0x19, 0x29, 0x13, 0x19, 0x29, 0x13, 0x19, 0x29, 0x13, 0x19, 0x29, 0x13, 0x19, 0x29, 0x13, 0x19, 0x29, 0x13, 0x19, 0x29, 0x13, 0x19, 0x29, 0x13, 0x19, 0x29, 
        0x13, 0x19, 0x29, 0x13, 0x19, 0x29, 0x50, 0x54, 0x60, 0xC6, 0xC7, 0xCB, 0xFF, 0xFF, 0xFF, 0xFF, 0xFF, 0xFF, 0xD5, 0xD6, 0xD9, 0x38, 0x3D, 0x4A, 0x13, 0x19, 0x29, 0x13, 0x19, 0x29, 0x13, 0x19, 0x29, 0x13, 0x19, 0x29, 0x13, 0x19, 0x29, 
        0x13, 0x19, 0x29, 0x13, 0x19, 0x29, 0x13, 0x19, 0x29, 0x13, 0x19, 0x29, 0x13, 0x19, 0x29, 0x13, 0x19, 0x29, 0x13, 0x19, 0x29, 0x13, 0x19, 0x29, 0x13, 0x19, 0x29, 0x13, 0x19, 0x29, 0x13, 0x19, 0x29, 0x13, 0x19, 0x29, 0x13, 0x19, 0x29, 
        0x13, 0x19, 0x29, 0x13, 0x19, 0x29, 0x13, 0x19, 0x29, 0x13, 0x19, 0x29, 0x13, 0x19, 0x29, 0x13, 0x19, 0x29, 0x13, 0x19, 0x29, 0x13, 0x19, 0x29, 0x13, 0x19, 0x29, 0x13, 0x19, 0x29, 0x13, 0x19, 0x29, 0x13, 0x19, 0x29, 0x13, 0x19, 0x29, 
        0x13, 0x19, 0x29, 0x13, 0x19, 0x29, 0x13, 0x19, 0x29, 0x13, 0x19, 0x29, 0x13, 0x19, 0x29, 0x13, 0x19, 0x29, 0x13, 0x19, 0x29, 0x13, 0x19, 0x29, 0x13, 0x19, 0x29, 0x13, 0x19, 0x29, 0x13, 0x19, 0x29, 0x13, 0x19, 0x29, 0x13, 0x19, 0x29, 
        0x13, 0x19, 0x29, 0x13, 0x19, 0x29, 0x13, 0x19, 0x29, 0x13, 0x19, 0x29, 0x13, 0x19, 0x29, 0x13, 0x19, 0x29, 0x13, 0x19, 0x29, 0x13, 0x19, 0x29, 0x13, 0x19, 0x29, 0x13, 0x19, 0x29, 0x13, 0x19, 0x29, 0x13, 0x19, 0x29, 0x13, 0x19, 0x29, 
        0x13, 0x19, 0x29, 0x13, 0x19, 0x29, 0x13, 0x19, 0x29, 0x13, 0x19, 0x29, 0x13, 0x19, 0x29, 0x13, 0x19, 0x29, 0x13, 0x19, 0x29, 0x13, 0x19, 0x29, 0x13, 0x19, 0x29, 0x13, 0x19, 0x29, 0x13, 0x19, 0x29, 0x13, 0x19, 0x29, 0x13, 0x19, 0x29, 
        0x13, 0x19, 0x29, 0x13, 0x19, 0x29, 0x13, 0x19, 0x29, 0x13, 0x19, 0x29, 0x13, 0x19, 0x29, 0x13, 0x19, 0x29, 0x13, 0x19, 0x29, 0x13, 0x19, 0x29, 0x13, 0x19, 0x29, 0x13, 0x19, 0x29, 0x13, 0x19, 0x29, 0x13, 0x19, 0x29, 0x13, 0x19, 0x29, 
        0x13, 0x19, 0x29, 0x13, 0x19, 0x29, 0x13, 0x19, 0x29, 0x13, 0x19, 0x29,
  0x13, 0x19, 0x29, 0x13, 0x19, 0x29, 0x13, 0x19, 0x29, 0x13, 0x19, 0x29, 0x13, 0x19, 0x29, 0x13, 0x19, 0x29, 0x13, 0x19, 0x29, 0x13, 0x19, 0x29, 0x13, 0x19, 0x29, 0x13, 0x19, 0x29, 0x13, 0x19, 0x29, 0x13, 0x19, 0x29, 0x13, 0x19, 0x29, 0x13, 0x19, 0x29, 
        0x13, 0x19, 0x29, 0x13, 0x19, 0x29, 0x13, 0x19, 0x29, 0x13, 0x19, 0x29, 0x13, 0x19, 0x29, 0x13, 0x19, 0x29, 0x13, 0x19, 0x29, 0x13, 0x19, 0x29, 0x13, 0x19, 0x29, 0x13, 0x19, 0x29, 0x13, 0x19, 0x29, 0x13, 0x19, 0x29, 0x13, 0x19, 0x29, 
        0x13, 0x19, 0x29, 0x13, 0x19, 0x29, 0x13, 0x19, 0x29, 0x13, 0x19, 0x29, 0x13, 0x19, 0x29, 0x13, 0x19, 0x29, 0x13, 0x19, 0x29, 0x13, 0x19, 0x29, 0x13, 0x19, 0x29, 0x13, 0x19, 0x29, 0x13, 0x19, 0x29, 0x13, 0x19, 0x29, 0x13, 0x19, 0x29, 
        0x13, 0x19, 0x29, 0x13, 0x19, 0x29, 0x13, 0x19, 0x29, 0x13, 0x19, 0x29, 0x13, 0x19, 0x29, 0x13, 0x19, 0x29, 0x13, 0x19, 0x29, 0x13, 0x19, 0x29, 0x13, 0x19, 0x29, 0x13, 0x19, 0x29, 0x13, 0x19, 0x29, 0x13, 0x19, 0x29, 0x13, 0x19, 0x29, 
        0x13, 0x19, 0x29, 0x13, 0x19, 0x29, 0x13, 0x19, 0x29, 0x13, 0x19, 0x29, 0x13, 0x19, 0x29, 0x13, 0x19, 0x29, 0x13, 0x19, 0x29, 0x13, 0x19, 0x29, 0x13, 0x19, 0x29, 0x13, 0x19, 0x29, 0x13, 0x19, 0x29, 0x13, 0x19, 0x29, 0x13, 0x19, 0x29, 
        0x13, 0x19, 0x29, 0x13, 0x19, 0x29, 0x13, 0x19, 0x29, 0x13, 0x19, 0x29, 0x13, 0x19, 0x29, 0x13, 0x19, 0x29, 0x13, 0x19, 0x29, 0x13, 0x19, 0x29, 0x13, 0x19, 0x29, 0x13, 0x19, 0x29, 0x13, 0x19, 0x29, 0x13, 0x19, 0x29, 0x13, 0x19, 0x29, 
        0x13, 0x19, 0x29, 0x13, 0x19, 0x29, 0x13, 0x19, 0x29, 0x13, 0x19, 0x29, 0x13, 0x19, 0x29, 0x13, 0x19, 0x29, 0x13, 0x19, 0x29, 0x4E, 0x53, 0x5F, 0xF2, 0xF2, 0xF3, 0xFF, 0xFF, 0xFF, 0xEE, 0xEE, 0xEF, 0x64, 0x68, 0x73, 0x13, 0x19, 0x29, 
        0x13, 0x19, 0x29, 0x13, 0x19, 0x29, 0x13, 0x19, 0x29, 0x13, 0x19, 0x29, 0x13, 0x19, 0x29, 0x13, 0x19, 0x29, 0x13, 0x19, 0x29, 0x13, 0x19, 0x29, 0x13, 0x19, 0x29, 0x13, 0x19, 0x29, 0x13, 0x19, 0x29, 0x13, 0x19, 0x29, 0x13, 0x19, 0x29, 
        0x13, 0x19, 0x29, 0x13, 0x19, 0x29, 0x13, 0x19, 0x29, 0x13, 0x19, 0x29, 0x64, 0x68, 0x73, 0xEE, 0xEE, 0xEF, 0xFF, 0xFF, 0xFF, 0xF2, 0xF2, 0xF3, 0x4E, 0x53, 0x5F, 0x13, 0x19, 0x29, 0x13, 0x19, 0x29, 0x13, 0x19, 0x29, 0x13, 0x19, 0x29, 
        0x13, 0x19, 0x29, 0x13, 0x19, 0x29, 0x13, 0x19, 0x29, 0x13, 0x19, 0x29, 0x13, 0x19, 0x29, 0x13, 0x19, 0x29, 0x13, 0x19, 0x29, 0x13, 0x19, 0x29, 0x13, 0x19, 0x29, 0x13, 0x19, 0x29, 0x13, 0x19, 0x29, 0x13, 0x19, 0x29, 0x13, 0x19, 0x29, 
        0x13, 0x19, 0x29, 0x13, 0x19, 0x29, 0x13, 0x19, 0x29, 0x13, 0x19, 0x29, 0x13, 0x19, 0x29, 0x13, 0x19, 0x29, 0x13, 0x19, 0x29, 0x13, 0x19, 0x29, 0x13, 0x19, 0x29, 0x13, 0x19, 0x29, 0x13, 0x19, 0x29, 0x13, 0x19, 0x29, 0x13, 0x19, 0x29, 
        0x13, 0x19, 0x29, 0x13, 0x19, 0x29, 0x13, 0x19, 0x29, 0x13, 0x19, 0x29, 0x13, 0x19, 0x29, 0x13, 0x19, 0x29, 0x13, 0x19, 0x29, 0x13, 0x19, 0x29, 0x13, 0x19, 0x29, 0x13, 0x19, 0x29, 0x13, 0x19, 0x29, 0x13, 0x19, 0x29, 0x13, 0x19, 0x29, 
        0x13, 0x19, 0x29, 0x13, 0x19, 0x29, 0x13, 0x19, 0x29, 0x13, 0x19, 0x29, 0x13, 0x19, 0x29, 0x13, 0x19, 0x29, 0x13, 0x19, 0x29, 0x13, 0x19, 0x29, 0x13, 0x19, 0x29, 0x13, 0x19, 0x29, 0x13, 0x19, 0x29, 0x13, 0x19, 0x29, 0x13, 0x19, 0x29, 
        0x13, 0x19, 0x29, 0x13, 0x19, 0x29, 0x13, 0x19, 0x29, 0x13, 0x19, 0x29, 0x13, 0x19, 0x29, 0x13, 0x19, 0x29, 0x13, 0x19, 0x29, 0x13, 0x19, 0x29, 0x13, 0x19, 0x29, 0x13, 0x19, 0x29, 0x13, 0x19, 0x29, 0x13, 0x19, 0x29, 0x13, 0x19, 0x29, 
        0x13, 0x19, 0x29, 0x13, 0x19, 0x29, 0x13, 0x19, 0x29, 0x13, 0x19, 0x29, 0x13, 0x19, 0x29, 0x13, 0x19, 0x29, 0x13, 0x19, 0x29, 0x13, 0x19, 0x29, 0x13, 0x19, 0x29, 0x13, 0x19, 0x29, 0x13, 0x19, 0x29, 0x13, 0x19, 0x29, 0x13, 0x19, 0x29, 
        0x13, 0x19, 0x29, 0x13, 0x19, 0x29, 0x13, 0x19, 0x29, 0x13, 0x19, 0x29,
  0x13, 0x19, 0x29, 0x13, 0x19, 0x29, 0x13, 0x19, 0x29, 0x13, 0x19, 0x29, 0x13, 0x19, 0x29, 0x13, 0x19, 0x29, 0x13, 0x19, 0x29, 0x13, 0x19, 0x29, 0x13, 0x19, 0x29, 0x13, 0x19, 0x29, 0x13, 0x19, 0x29, 0x13, 0x19, 0x29, 0x13, 0x19, 0x29, 0x13, 0x19, 0x29, 
        0x13, 0x19, 0x29, 0x13, 0x19, 0x29, 0x13, 0x19, 0x29, 0x13, 0x19, 0x29, 0x13, 0x19, 0x29, 0x13, 0x19, 0x29, 0x13, 0x19, 0x29, 0x13, 0x19, 0x29, 0x13, 0x19, 0x29, 0x13, 0x19, 0x29, 0x13, 0x19, 0x29, 0x13, 0x19, 0x29, 0x13, 0x19, 0x29, 
        0x13, 0x19, 0x29, 0x13, 0x19, 0x29, 0x13, 0x19, 0x29, 0x13, 0x19, 0x29, 0x13, 0x19, 0x29, 0x13, 0x19, 0x29, 0x13, 0x19, 0x29, 0x13, 0x19, 0x29, 0x13, 0x19, 0x29, 0x13, 0x19, 0x29, 0x13, 0x19, 0x29, 0x13, 0x19, 0x29, 0x13, 0x19, 0x29, 
        0x13, 0x19, 0x29, 0x13, 0x19, 0x29, 0x13, 0x19, 0x29, 0x13, 0x19, 0x29, 0x13, 0x19, 0x29, 0x13, 0x19, 0x29, 0x13, 0x19, 0x29, 0x13, 0x19, 0x29, 0x13, 0x19, 0x29, 0x13, 0x19, 0x29, 0x13, 0x19, 0x29, 0x13, 0x19, 0x29, 0x13, 0x19, 0x29, 
        0x13, 0x19, 0x29, 0x13, 0x19, 0x29, 0x13, 0x19, 0x29, 0x13, 0x19, 0x29, 0x13, 0x19, 0x29, 0x13, 0x19, 0x29, 0x13, 0x19, 0x29, 0x13, 0x19, 0x29, 0x13, 0x19, 0x29, 0x13, 0x19, 0x29, 0x13, 0x19, 0x29, 0x13, 0x19, 0x29, 0x13, 0x19, 0x29, 
        0x13, 0x19, 0x29, 0x13, 0x19, 0x29, 0x13, 0x19, 0x29, 0x13, 0x19, 0x29, 0x13, 0x19, 0x29, 0x13, 0x19, 0x29, 0x13, 0x19, 0x29, 0x13, 0x19, 0x29, 0x13, 0x19, 0x29, 0x13, 0x19, 0x29, 0x13, 0x19, 0x29, 0x13, 0x19, 0x29, 0x13, 0x19, 0x29, 
        0x13, 0x19, 0x29, 0x13, 0x19, 0x29, 0x13, 0x19, 0x29, 0x13, 0x19, 0x29, 0x13, 0x19, 0x29, 0x13, 0x19, 0x29, 0x53, 0x57, 0x63, 0xF9, 0xF9, 0xFA, 0xFF, 0xFF, 0xFF, 0xCF, 0xD0, 0xD4, 0x2E, 0x34, 0x42, 0x13, 0x19, 0x29, 0x13, 0x19, 0x29, 
        0x13, 0x19, 0x29, 0x13, 0x19, 0x29, 0x13, 0x19, 0x29, 0x13, 0x19, 0x29, 0x13, 0x19, 0x29, 0x13, 0x19, 0x29, 0x13, 0x19, 0x29, 0x13, 0x19, 0x29, 0x13, 0x19, 0x29, 0x13, 0x19, 0x29, 0x13, 0x19, 0x29, 0x13, 0x19, 0x29, 0x13, 0x19, 0x29, 
        0x13, 0x19, 0x29, 0x13, 0x19, 0x29, 0x13, 0x19, 0x29, 0x13, 0x19, 0x29, 0x13, 0x19, 0x29, 0x2E, 0x34, 0x42, 0xCF, 0xD0, 0xD4, 0xFF, 0xFF, 0xFF, 0xF9, 0xF9, 0xFA, 0x53, 0x57, 0x63, 0x13, 0x19, 0x29, 0x13, 0x19, 0x29, 0x13, 0x19, 0x29, 
        0x13, 0x19, 0x29, 0x13, 0x19, 0x29, 0x13, 0x19, 0x29, 0x13, 0x19, 0x29, 0x13, 0x19, 0x29, 0x13, 0x19, 0x29, 0x13, 0x19, 0x29, 0x13, 0x19, 0x29, 0x13, 0x19, 0x29, 0x13, 0x19, 0x29, 0x13, 0x19, 0x29, 0x13, 0x19, 0x29, 0x13, 0x19, 0x29, 
        0x13, 0x19, 0x29, 0x13, 0x19, 0x29, 0x13, 0x19, 0x29, 0x13, 0x19, 0x29, 0x13, 0x19, 0x29, 0x13, 0x19, 0x29, 0x13, 0x19, 0x29, 0x13, 0x19, 0x29, 0x13, 0x19, 0x29, 0x13, 0x19, 0x29, 0x13, 0x19, 0x29, 0x13, 0x19, 0x29, 0x13, 0x19, 0x29, 
        0x13, 0x19, 0x29, 0x13, 0x19, 0x29, 0x13, 0x19, 0x29, 0x13, 0x19, 0x29, 0x13, 0x19, 0x29, 0x13, 0x19, 0x29, 0x13, 0x19, 0x29, 0x13, 0x19, 0x29, 0x13, 0x19, 0x29, 0x13, 0x19, 0x29, 0x13, 0x19, 0x29, 0x13, 0x19, 0x29, 0x13, 0x19, 0x29, 
        0x13, 0x19, 0x29, 0x13, 0x19, 0x29, 0x13, 0x19, 0x29, 0x13, 0x19, 0x29, 0x13, 0x19, 0x29, 0x13, 0x19, 0x29, 0x13, 0x19, 0x29, 0x13, 0x19, 0x29, 0x13, 0x19, 0x29, 0x13, 0x19, 0x29, 0x13, 0x19, 0x29, 0x13, 0x19, 0x29, 0x13, 0x19, 0x29, 
        0x13, 0x19, 0x29, 0x13, 0x19, 0x29, 0x13, 0x19, 0x29, 0x13, 0x19, 0x29, 0x13, 0x19, 0x29, 0x13, 0x19, 0x29, 0x13, 0x19, 0x29, 0x13, 0x19, 0x29, 0x13, 0x19, 0x29, 0x13, 0x19, 0x29, 0x13, 0x19, 0x29, 0x13, 0x19, 0x29, 0x13, 0x19, 0x29, 
        0x13, 0x19, 0x29, 0x13, 0x19, 0x29, 0x13, 0x19, 0x29, 0x13, 0x19, 0x29, 0x13, 0x19, 0x29, 0x13, 0x19, 0x29, 0x13, 0x19, 0x29, 0x13, 0x19, 0x29, 0x13, 0x19, 0x29, 0x13, 0x19, 0x29, 0x13, 0x19, 0x29, 0x13, 0x19, 0x29, 0x13, 0x19, 0x29, 
        0x13, 0x19, 0x29, 0x13, 0x19, 0x29, 0x13, 0x19, 0x29, 0x13, 0x19, 0x29,
  0x13, 0x19, 0x29, 0x13, 0x19, 0x29, 0x13, 0x19, 0x29, 0x13, 0x19, 0x29, 0x13, 0x19, 0x29, 0x13, 0x19, 0x29, 0x13, 0x19, 0x29, 0x13, 0x19, 0x29, 0x13, 0x19, 0x29, 0x13, 0x19, 0x29, 0x13, 0x19, 0x29, 0x13, 0x19, 0x29, 0x13, 0x19, 0x29, 0x13, 0x19, 0x29, 
        0x13, 0x19, 0x29, 0x13, 0x19, 0x29, 0x13, 0x19, 0x29, 0x13, 0x19, 0x29, 0x13, 0x19, 0x29, 0x13, 0x19, 0x29, 0x13, 0x19, 0x29, 0x13, 0x19, 0x29, 0x13, 0x19, 0x29, 0x13, 0x19, 0x29, 0x13, 0x19, 0x29, 0x13, 0x19, 0x29, 0x13, 0x19, 0x29, 
        0x13, 0x19, 0x29, 0x13, 0x19, 0x29, 0x13, 0x19, 0x29, 0x13, 0x19, 0x29, 0x13, 0x19, 0x29, 0x13, 0x19, 0x29, 0x13, 0x19, 0x29, 0x13, 0x19, 0x29, 0x13, 0x19, 0x29, 0x13, 0x19, 0x29, 0x13, 0x19, 0x29, 0x13, 0x19, 0x29, 0x13, 0x19, 0x29, 
        0x13, 0x19, 0x29, 0x13, 0x19, 0x29, 0x13, 0x19, 0x29, 0x13, 0x19, 0x29, 0x13, 0x19, 0x29, 0x13, 0x19, 0x29, 0x13, 0x19, 0x29, 0x13, 0x19, 0x29, 0x13, 0x19, 0x29, 0x13, 0x19, 0x29, 0x13, 0x19, 0x29, 0x13, 0x19, 0x29, 0x13, 0x19, 0x29, 
        0x13, 0x19, 0x29, 0x13, 0x19, 0x29, 0x13, 0x19, 0x29, 0x13, 0x19, 0x29, 0x13, 0x19, 0x29, 0x13, 0x19, 0x29, 0x13, 0x19, 0x29, 0x13, 0x19, 0x29, 0x13, 0x19, 0x29, 0x13, 0x19, 0x29, 0x13, 0x19, 0x29, 0x13, 0x19, 0x29, 0x13, 0x19, 0x29, 
        0x13, 0x19, 0x29, 0x13, 0x19, 0x29, 0x13, 0x19, 0x29, 0x13, 0x19, 0x29, 0x13, 0x19, 0x29, 0x13, 0x19, 0x29, 0x13, 0x19, 0x29, 0x13, 0x19, 0x29, 0x13, 0x19, 0x29, 0x13, 0x19, 0x29, 0x13, 0x19, 0x29, 0x13, 0x19, 0x29, 0x13, 0x19, 0x29, 
        0x13, 0x19, 0x29, 0x13, 0x19, 0x29, 0x13, 0x19, 0x29, 0x13, 0x19, 0x29, 0x13, 0x19, 0x29, 0x3F, 0x44, 0x51, 0xF3, 0xF4, 0xF5, 0xFF, 0xFF, 0xFF, 0xBF, 0xC1, 0xC5, 0x1E, 0x23, 0x33, 0x13, 0x19, 0x29, 0x13, 0x19, 0x29, 0x13, 0x19, 0x29, 
        0x13, 0x19, 0x29, 0x13, 0x19, 0x29, 0x13, 0x19, 0x29, 0x13, 0x19, 0x29, 0x13, 0x19, 0x29, 0x13, 0x19, 0x29, 0x13, 0x19, 0x29, 0x13, 0x19, 0x29, 0x13, 0x19, 0x29, 0x13, 0x19, 0x29, 0x13, 0x19, 0x29, 0x13, 0x19, 0x29, 0x13, 0x19, 0x29, 
        0x13, 0x19, 0x29, 0x13, 0x19, 0x29, 0x13, 0x19, 0x29, 0x13, 0x19, 0x29, 0x13, 0x19, 0x29, 0x13, 0x19, 0x29, 0x1E, 0x23, 0x33, 0xBF, 0xC1, 0xC5, 0xFF, 0xFF, 0xFF, 0xF3, 0xF4, 0xF5, 0x3F, 0x44, 0x51, 0x13, 0x19, 0x29, 0x13, 0x19, 0x29, 
        0x13, 0x19, 0x29, 0x13, 0x19, 0x29, 0x13, 0x19, 0x29, 0x13, 0x19, 0x29, 0x13, 0x19, 0x29, 0x13, 0x19, 0x29, 0x13, 0x19, 0x29, 0x13, 0x19, 0x29, 0x13, 0x19, 0x29, 0x13, 0x19, 0x29, 0x13, 0x19, 0x29, 0x13, 0x19, 0x29, 0x13, 0x19, 0x29, 
        0x13, 0x19, 0x29, 0x13, 0x19, 0x29, 0x13, 0x19, 0x29, 0x13, 0x19, 0x29, 0x13, 0x19, 0x29, 0x13, 0x19, 0x29, 0x13, 0x19, 0x29, 0x13, 0x19, 0x29, 0x13, 0x19, 0x29, 0x13, 0x19, 0x29, 0x13, 0x19, 0x29, 0x13, 0x19, 0x29, 0x13, 0x19, 0x29, 
        0x13, 0x19, 0x29, 0x13, 0x19, 0x29, 0x13, 0x19, 0x29, 0x13, 0x19, 0x29, 0x13, 0x19, 0x29, 0x13, 0x19, 0x29, 0x13, 0x19, 0x29, 0x13, 0x19, 0x29, 0x13, 0x19, 0x29, 0x13, 0x19, 0x29, 0x13, 0x19, 0x29, 0x13, 0x19, 0x29, 0x13, 0x19, 0x29, 
        0x13, 0x19, 0x29, 0x13, 0x19, 0x29, 0x13, 0x19, 0x29, 0x13, 0x19, 0x29, 0x13, 0x19, 0x29, 0x13, 0x19, 0x29, 0x13, 0x19, 0x29, 0x13, 0x19, 0x29, 0x13, 0x19, 0x29, 0x13, 0x19, 0x29, 0x13, 0x19, 0x29, 0x13, 0x19, 0x29, 0x13, 0x19, 0x29, 
        0x13, 0x19, 0x29, 0x13, 0x19, 0x29, 0x13, 0x19, 0x29, 0x13, 0x19, 0x29, 0x13, 0x19, 0x29, 0x13, 0x19, 0x29, 0x13, 0x19, 0x29, 0x13, 0x19, 0x29, 0x13, 0x19, 0x29, 0x13, 0x19, 0x29, 0x13, 0x19, 0x29, 0x13, 0x19, 0x29, 0x13, 0x19, 0x29, 
        0x13, 0x19, 0x29, 0x13, 0x19, 0x29, 0x13, 0x19, 0x29, 0x13, 0x19, 0x29, 0x13, 0x19, 0x29, 0x13, 0x19, 0x29, 0x13, 0x19, 0x29, 0x13, 0x19, 0x29, 0x13, 0x19, 0x29, 0x13, 0x19, 0x29, 0x13, 0x19, 0x29, 0x13, 0x19, 0x29, 0x13, 0x19, 0x29, 
        0x13, 0x19, 0x29, 0x13, 0x19, 0x29, 0x13, 0x19, 0x29, 0x13, 0x19, 0x29,
  0x13, 0x19, 0x29, 0x13, 0x19, 0x29, 0x13, 0x19, 0x29, 0x13, 0x19, 0x29, 0x13, 0x19, 0x29, 0x13, 0x19, 0x29, 0x13, 0x19, 0x29, 0x13, 0x19, 0x29, 0x13, 0x19, 0x29, 0x13, 0x19, 0x29, 0x13, 0x19, 0x29, 0x13, 0x19, 0x29, 0x13, 0x19, 0x29, 0x13, 0x19, 0x29, 
        0x13, 0x19, 0x29, 0x13, 0x19, 0x29, 0x13, 0x19, 0x29, 0x13, 0x19, 0x29, 0x13, 0x19, 0x29, 0x13, 0x19, 0x29, 0x13, 0x19, 0x29, 0x13, 0x19, 0x29, 0x13, 0x19, 0x29, 0x13, 0x19, 0x29, 0x13, 0x19, 0x29, 0x13, 0x19, 0x29, 0x13, 0x19, 0x29, 
        0x13, 0x19, 0x29, 0x13, 0x19, 0x29, 0x13, 0x19, 0x29, 0x13, 0x19, 0x29, 0x13, 0x19, 0x29, 0x13, 0x19, 0x29, 0x13, 0x19, 0x29, 0x13, 0x19, 0x29, 0x13, 0x19, 0x29, 0x13, 0x19, 0x29, 0x13, 0x19, 0x29, 0x13, 0x19, 0x29, 0x13, 0x19, 0x29, 
        0x13, 0x19, 0x29, 0x13, 0x19, 0x29, 0x13, 0x19, 0x29, 0x13, 0x19, 0x29, 0x13, 0x19, 0x29, 0x13, 0x19, 0x29, 0x13, 0x19, 0x29, 0x13, 0x19, 0x29, 0x13, 0x19, 0x29, 0x13, 0x19, 0x29, 0x13, 0x19, 0x29, 0x13, 0x19, 0x29, 0x13, 0x19, 0x29, 
        0x13, 0x19, 0x29, 0x13, 0x19, 0x29, 0x13, 0x19, 0x29, 0x13, 0x19, 0x29, 0x13, 0x19, 0x29, 0x13, 0x19, 0x29, 0x13, 0x19, 0x29, 0x13, 0x19, 0x29, 0x13, 0x19, 0x29, 0x13, 0x19, 0x29, 0x13, 0x19, 0x29, 0x13, 0x19, 0x29, 0x13, 0x19, 0x29, 
        0x13, 0x19, 0x29, 0x13, 0x19, 0x29, 0x13, 0x19, 0x29, 0x13, 0x19, 0x29, 0x13, 0x19, 0x29, 0x13, 0x19, 0x29, 0x13, 0x19, 0x29, 0x13, 0x19, 0x29, 0x13, 0x19, 0x29, 0x13, 0x19, 0x29, 0x13, 0x19, 0x29, 0x13, 0x19, 0x29, 0x13, 0x19, 0x29, 
        0x13, 0x19, 0x29, 0x13, 0x19, 0x29, 0x13, 0x19, 0x29, 0x13, 0x19, 0x29, 0x21, 0x26, 0x35, 0xDF, 0xE0, 0xE2, 0xFF, 0xFF, 0xFF, 0xCA, 0xCB, 0xCF, 0x1C, 0x22, 0x31, 0x5C, 0x60, 0x6B, 0x90, 0x93, 0x9A, 0x90, 0x93, 0x9A, 0x90, 0x93, 0x9A, 
        0x90, 0x93, 0x9A, 0x90, 0x93, 0x9A, 0x90, 0x93, 0x9A, 0x90, 0x93, 0x9A, 0x90, 0x93, 0x9A, 0x90, 0x93, 0x9A, 0x90, 0x93, 0x9A, 0x90, 0x93, 0x9A, 0x90, 0x93, 0x9A, 0x90, 0x93, 0x9A, 0x90, 0x93, 0x9A, 0x90, 0x93, 0x9A, 0x90, 0x93, 0x9A, 
        0x90, 0x93, 0x9A, 0x90, 0x93, 0x9A, 0x90, 0x93, 0x9A, 0x90, 0x93, 0x9A, 0x90, 0x93, 0x9A, 0x90, 0x93, 0x9A, 0x5C, 0x60, 0x6B, 0x1C, 0x22, 0x31, 0xCA, 0xCB, 0xCF, 0xFF, 0xFF, 0xFF, 0xDF, 0xE0, 0xE2, 0x21, 0x26, 0x35, 0x13, 0x19, 0x29, 
        0x13, 0x19, 0x29, 0x13, 0x19, 0x29, 0x13, 0x19, 0x29, 0x13, 0x19, 0x29, 0x13, 0x19, 0x29, 0x13, 0x19, 0x29, 0x13, 0x19, 0x29, 0x13, 0x19, 0x29, 0x13, 0x19, 0x29, 0x13, 0x19, 0x29, 0x13, 0x19, 0x29, 0x13, 0x19, 0x29, 0x13, 0x19, 0x29, 
        0x13, 0x19, 0x29, 0x13, 0x19, 0x29, 0x13, 0x19, 0x29, 0x13, 0x19, 0x29, 0x13, 0x19, 0x29, 0x13, 0x19, 0x29, 0x13, 0x19, 0x29, 0x13, 0x19, 0x29, 0x13, 0x19, 0x29, 0x13, 0x19, 0x29, 0x13, 0x19, 0x29, 0x13, 0x19, 0x29, 0x13, 0x19, 0x29, 
        0x13, 0x19, 0x29, 0x13, 0x19, 0x29, 0x13, 0x19, 0x29, 0x13, 0x19, 0x29, 0x13, 0x19, 0x29, 0x13, 0x19, 0x29, 0x13, 0x19, 0x29, 0x13, 0x19, 0x29, 0x13, 0x19, 0x29, 0x13, 0x19, 0x29, 0x13, 0x19, 0x29, 0x13, 0x19, 0x29, 0x13, 0x19, 0x29, 
        0x13, 0x19, 0x29, 0x13, 0x19, 0x29, 0x13, 0x19, 0x29, 0x13, 0x19, 0x29, 0x13, 0x19, 0x29, 0x13, 0x19, 0x29, 0x13, 0x19, 0x29, 0x13, 0x19, 0x29, 0x13, 0x19, 0x29, 0x13, 0x19, 0x29, 0x13, 0x19, 0x29, 0x13, 0x19, 0x29, 0x13, 0x19, 0x29, 
        0x13, 0x19, 0x29, 0x13, 0x19, 0x29, 0x13, 0x19, 0x29, 0x13, 0x19, 0x29, 0x13, 0x19, 0x29, 0x13, 0x19, 0x29, 0x13, 0x19, 0x29, 0x13, 0x19, 0x29, 0x13, 0x19, 0x29, 0x13, 0x19, 0x29, 0x13, 0x19, 0x29, 0x13, 0x19, 0x29, 0x13, 0x19, 0x29, 
        0x13, 0x19, 0x29, 0x13, 0x19, 0x29, 0x13, 0x19, 0x29, 0x13, 0x19, 0x29, 0x13, 0x19, 0x29, 0x13, 0x19, 0x29, 0x13, 0x19, 0x29, 0x13, 0x19, 0x29, 0x13, 0x19, 0x29, 0x13, 0x19, 0x29, 0x13, 0x19, 0x29, 0x13, 0x19, 0x29, 0x13, 0x19, 0x29, 
        0x13, 0x19, 0x29, 0x13, 0x19, 0x29, 0x13, 0x19, 0x29, 0x13, 0x19, 0x29,
  0x13, 0x19, 0x29, 0x13, 0x19, 0x29, 0x13, 0x19, 0x29, 0x13, 0x19, 0x29, 0x13, 0x19, 0x29, 0x13, 0x19, 0x29, 0x13, 0x19, 0x29, 0x13, 0x19, 0x29, 0x13, 0x19, 0x29, 0x13, 0x19, 0x29, 0x13, 0x19, 0x29, 0x13, 0x19, 0x29, 0x13, 0x19, 0x29, 0x13, 0x19, 0x29, 
        0x13, 0x19, 0x29, 0x13, 0x19, 0x29, 0x13, 0x19, 0x29, 0x13, 0x19, 0x29, 0x13, 0x19, 0x29, 0x13, 0x19, 0x29, 0x13, 0x19, 0x29, 0x13, 0x19, 0x29, 0x13, 0x19, 0x29, 0x13, 0x19, 0x29, 0x13, 0x19, 0x29, 0x13, 0x19, 0x29, 0x13, 0x19, 0x29, 
        0x13, 0x19, 0x29, 0x13, 0x19, 0x29, 0x13, 0x19, 0x29, 0x13, 0x19, 0x29, 0x13, 0x19, 0x29, 0x13, 0x19, 0x29, 0x13, 0x19, 0x29, 0x13, 0x19, 0x29, 0x13, 0x19, 0x29, 0x13, 0x19, 0x29, 0x13, 0x19, 0x29, 0x13, 0x19, 0x29, 0x13, 0x19, 0x29, 
        0x13, 0x19, 0x29, 0x13, 0x19, 0x29, 0x13, 0x19, 0x29, 0x13, 0x19, 0x29, 0x13, 0x19, 0x29, 0x13, 0x19, 0x29, 0x13, 0x19, 0x29, 0x13, 0x19, 0x29, 0x13, 0x19, 0x29, 0x13, 0x19, 0x29, 0x13, 0x19, 0x29, 0x13, 0x19, 0x29, 0x13, 0x19, 0x29, 
        0x13, 0x19, 0x29, 0x13, 0x19, 0x29, 0x13, 0x19, 0x29, 0x13, 0x19, 0x29, 0x13, 0x19, 0x29, 0x13, 0x19, 0x29, 0x13, 0x19, 0x29, 0x13, 0x19, 0x29, 0x13, 0x19, 0x29, 0x13, 0x19, 0x29, 0x13, 0x19, 0x29, 0x13, 0x19, 0x29, 0x13, 0x19, 0x29, 
        0x13, 0x19, 0x29, 0x13, 0x19, 0x29, 0x13, 0x19, 0x29, 0x13, 0x19, 0x29, 0x13, 0x19, 0x29, 0x13, 0x19, 0x29, 0x13, 0x19, 0x29, 0x13, 0x19, 0x29, 0x13, 0x19, 0x29, 0x13, 0x19, 0x29, 0x13, 0x19, 0x29, 0x13, 0x19, 0x29, 0x13, 0x19, 0x29, 
        0x13, 0x19, 0x29, 0x13, 0x19, 0x29, 0x13, 0x19, 0x29, 0x13, 0x19, 0x29, 0xA6, 0xA9, 0xAF, 0xFF, 0xFF, 0xFF, 0xE6, 0xE7, 0xE9, 0x26, 0x2C, 0x3A, 0x13, 0x19, 0x29, 0xC1, 0xC3, 0xC7, 0xB4, 0xB6, 0xBB, 0x90, 0x93, 0x9A, 0x90, 0x93, 0x9A, 
        0x90, 0x93, 0x9A, 0x90, 0x93, 0x9A, 0x90, 0x93, 0x9A, 0x90, 0x93, 0x9A, 0x90, 0x93, 0x9A, 0x90, 0x93, 0x9A, 0x90, 0x93, 0x9A, 0x90, 0x93, 0x9A, 0x90, 0x93, 0x9A, 0x90, 0x93, 0x9A, 0x90, 0x93, 0x9A, 0x90, 0x93, 0x9A, 0x90, 0x93, 0x9A, 
        0x90, 0x93, 0x9A, 0x90, 0x93, 0x9A, 0x90, 0x93, 0x9A, 0x90, 0x93, 0x9A, 0x90, 0x93, 0x9A, 0xB4, 0xB6, 0xBB, 0xC1, 0xC3, 0xC7, 0x13, 0x19, 0x29, 0x26, 0x2C, 0x3A, 0xE6, 0xE7, 0xE9, 0xFF, 0xFF, 0xFF, 0xA6, 0xA9, 0xAF, 0x13, 0x19, 0x29, 
        0x13, 0x19, 0x29, 0x13, 0x19, 0x29, 0x13, 0x19, 0x29, 0x13, 0x19, 0x29, 0x13, 0x19, 0x29, 0x13, 0x19, 0x29, 0x13, 0x19, 0x29, 0x13, 0x19, 0x29, 0x13, 0x19, 0x29, 0x13, 0x19, 0x29, 0x13, 0x19, 0x29, 0x13, 0x19, 0x29, 0x13, 0x19, 0x29, 
        0x13, 0x19, 0x29, 0x13, 0x19, 0x29, 0x13, 0x19, 0x29, 0x13, 0x19, 0x29, 0x13, 0x19, 0x29, 0x13, 0x19, 0x29, 0x13, 0x19, 0x29, 0x13, 0x19, 0x29, 0x13, 0x19, 0x29, 0x13, 0x19, 0x29, 0x13, 0x19, 0x29, 0x13, 0x19, 0x29, 0x13, 0x19, 0x29, 
        0x13, 0x19, 0x29, 0x13, 0x19, 0x29, 0x13, 0x19, 0x29, 0x13, 0x19, 0x29, 0x13, 0x19, 0x29, 0x13, 0x19, 0x29, 0x13, 0x19, 0x29, 0x13, 0x19, 0x29, 0x13, 0x19, 0x29, 0x13, 0x19, 0x29, 0x13, 0x19, 0x29, 0x13, 0x19, 0x29, 0x13, 0x19, 0x29, 
        0x13, 0x19, 0x29, 0x13, 0x19, 0x29, 0x13, 0x19, 0x29, 0x13, 0x19, 0x29, 0x13, 0x19, 0x29, 0x13, 0x19, 0x29, 0x13, 0x19, 0x29, 0x13, 0x19, 0x29, 0x13, 0x19, 0x29, 0x13, 0x19, 0x29, 0x13, 0x19, 0x29, 0x13, 0x19, 0x29, 0x13, 0x19, 0x29, 
        0x13, 0x19, 0x29, 0x13, 0x19, 0x29, 0x13, 0x19, 0x29, 0x13, 0x19, 0x29, 0x13, 0x19, 0x29, 0x13, 0x19, 0x29, 0x13, 0x19, 0x29, 0x13, 0x19, 0x29, 0x13, 0x19, 0x29, 0x13, 0x19, 0x29, 0x13, 0x19, 0x29, 0x13, 0x19, 0x29, 0x13, 0x19, 0x29, 
        0x13, 0x19, 0x29, 0x13, 0x19, 0x29, 0x13, 0x19, 0x29, 0x13, 0x19, 0x29, 0x13, 0x19, 0x29, 0x13, 0x19, 0x29, 0x13, 0x19, 0x29, 0x13, 0x19, 0x29, 0x13, 0x19, 0x29, 0x13, 0x19, 0x29, 0x13, 0x19, 0x29, 0x13, 0x19, 0x29, 0x13, 0x19, 0x29, 
        0x13, 0x19, 0x29, 0x13, 0x19, 0x29, 0x13, 0x19, 0x29, 0x13, 0x19, 0x29,
  0x13, 0x19, 0x29, 0x13, 0x19, 0x29, 0x13, 0x19, 0x29, 0x13, 0x19, 0x29, 0x13, 0x19, 0x29, 0x13, 0x19, 0x29, 0x13, 0x19, 0x29, 0x13, 0x19, 0x29, 0x13, 0x19, 0x29, 0x13, 0x19, 0x29, 0x13, 0x19, 0x29, 0x13, 0x19, 0x29, 0x13, 0x19, 0x29, 0x13, 0x19, 0x29, 
        0x13, 0x19, 0x29, 0x13, 0x19, 0x29, 0x13, 0x19, 0x29, 0x13, 0x19, 0x29, 0x13, 0x19, 0x29, 0x13, 0x19, 0x29, 0x13, 0x19, 0x29, 0x13, 0x19, 0x29, 0x13, 0x19, 0x29, 0x13, 0x19, 0x29, 0x13, 0x19, 0x29, 0x13, 0x19, 0x29, 0x13, 0x19, 0x29, 
        0x13, 0x19, 0x29, 0x13, 0x19, 0x29, 0x13, 0x19, 0x29, 0x13, 0x19, 0x29, 0x13, 0x19, 0x29, 0x13, 0x19, 0x29, 0x13, 0x19, 0x29, 0x13, 0x19, 0x29, 0x13, 0x19, 0x29, 0x13, 0x19, 0x29, 0x13, 0x19, 0x29, 0x13, 0x19, 0x29, 0x13, 0x19, 0x29, 
        0x13, 0x19, 0x29, 0x13, 0x19, 0x29, 0x13, 0x19, 0x29, 0x13, 0x19, 0x29, 0x13, 0x19, 0x29, 0x13, 0x19, 0x29, 0x13, 0x19, 0x29, 0x13, 0x19, 0x29, 0x13, 0x19, 0x29, 0x13, 0x19, 0x29, 0x13, 0x19, 0x29, 0x13, 0x19, 0x29, 0x13, 0x19, 0x29, 
        0x13, 0x19, 0x29, 0x13, 0x19, 0x29, 0x13, 0x19, 0x29, 0x13, 0x19, 0x29, 0x13, 0x19, 0x29, 0x13, 0x19, 0x29, 0x13, 0x19, 0x29, 0x13, 0x19, 0x29, 0x13, 0x19, 0x29, 0x13, 0x19, 0x29, 0x13, 0x19, 0x29, 0x13, 0x19, 0x29, 0x13, 0x19, 0x29, 
        0x13, 0x19, 0x29, 0x13, 0x19, 0x29, 0x13, 0x19, 0x29, 0x13, 0x19, 0x29, 0x13, 0x19, 0x29, 0x13, 0x19, 0x29, 0x13, 0x19, 0x29, 0x13, 0x19, 0x29, 0x13, 0x19, 0x29, 0x13, 0x19, 0x29, 0x13, 0x19, 0x29, 0x13, 0x19, 0x29, 0x13, 0x19, 0x29, 
        0x13, 0x19, 0x29, 0x13, 0x19, 0x29, 0x13, 0x19, 0x29, 0x49, 0x4E, 0x5A, 0xFF, 0xFF, 0xFF, 0xFF, 0xFF, 0xFF, 0x50, 0x54, 0x60, 0x13, 0x19, 0x29, 0x13, 0x19, 0x29, 0xC1, 0xC3, 0xC7, 0x61, 0x65, 0x70, 0xDB, 0xDC, 0xDF, 0x7E, 0x82, 0x8A, 
        0x2D, 0x32, 0x40, 0xEA, 0xEB, 0xEC, 0x57, 0x5C, 0x67, 0x4E, 0x53, 0x5F, 0xEC, 0xEC, 0xEE, 0x34, 0x39, 0x47, 0x13, 0x19, 0x29, 0x13, 0x19, 0x29, 0x13, 0x19, 0x29, 0x13, 0x19, 0x29, 0x13, 0x19, 0x29, 0x13, 0x19, 0x29, 0x13, 0x19, 0x29, 
        0x13, 0x19, 0x29, 0x13, 0x19, 0x29, 0x13, 0x19, 0x29, 0x13, 0x19, 0x29, 0x13, 0x19, 0x29, 0x60, 0x64, 0x6F, 0xC1, 0xC3, 0xC7, 0x13, 0x19, 0x29, 0x13, 0x19, 0x29, 0x50, 0x54, 0x60, 0xFF, 0xFF, 0xFF, 0xFF, 0xFF, 0xFF, 0x49, 0x4E, 0x5A, 
        0x13, 0x19, 0x29, 0x13, 0x19, 0x29, 0x13, 0x19, 0x29, 0x13, 0x19, 0x29, 0x13, 0x19, 0x29, 0x13, 0x19, 0x29, 0x13, 0x19, 0x29, 0x13, 0x19, 0x29, 0x13, 0x19, 0x29, 0x13, 0x19, 0x29, 0x13, 0x19, 0x29, 0x13, 0x19, 0x29, 0x13, 0x19, 0x29, 
        0x13, 0x19, 0x29, 0x13, 0x19, 0x29, 0x13, 0x19, 0x29, 0x13, 0x19, 0x29, 0x13, 0x19, 0x29, 0x13, 0x19, 0x29, 0x13, 0x19, 0x29, 0x13, 0x19, 0x29, 0x13, 0x19, 0x29, 0x13, 0x19, 0x29, 0x13, 0x19, 0x29, 0x13, 0x19, 0x29, 0x13, 0x19, 0x29, 
        0x13, 0x19, 0x29, 0x13, 0x19, 0x29, 0x13, 0x19, 0x29, 0x13, 0x19, 0x29, 0x13, 0x19, 0x29, 0x13, 0x19, 0x29, 0x13, 0x19, 0x29, 0x13, 0x19, 0x29, 0x13, 0x19, 0x29, 0x13, 0x19, 0x29, 0x13, 0x19, 0x29, 0x13, 0x19, 0x29, 0x13, 0x19, 0x29, 
        0x13, 0x19, 0x29, 0x13, 0x19, 0x29, 0x13, 0x19, 0x29, 0x13, 0x19, 0x29, 0x13, 0x19, 0x29, 0x13, 0x19, 0x29, 0x13, 0x19, 0x29, 0x13, 0x19, 0x29, 0x13, 0x19, 0x29, 0x13, 0x19, 0x29, 0x13, 0x19, 0x29, 0x13, 0x19, 0x29, 0x13, 0x19, 0x29, 
        0x13, 0x19, 0x29, 0x13, 0x19, 0x29, 0x13, 0x19, 0x29, 0x13, 0x19, 0x29, 0x13, 0x19, 0x29, 0x13, 0x19, 0x29, 0x13, 0x19, 0x29, 0x13, 0x19, 0x29, 0x13, 0x19, 0x29, 0x13, 0x19, 0x29, 0x13, 0x19, 0x29, 0x13, 0x19, 0x29, 0x13, 0x19, 0x29, 
        0x13, 0x19, 0x29, 0x13, 0x19, 0x29, 0x13, 0x19, 0x29, 0x13, 0x19, 0x29, 0x13, 0x19, 0x29, 0x13, 0x19, 0x29, 0x13, 0x19, 0x29, 0x13, 0x19, 0x29, 0x13, 0x19, 0x29, 0x13, 0x19, 0x29, 0x13, 0x19, 0x29, 0x13, 0x19, 0x29, 0x13, 0x19, 0x29, 
        0x13, 0x19, 0x29, 0x13, 0x19, 0x29, 0x13, 0x19, 0x29, 0x13, 0x19, 0x29,
  0x13, 0x19, 0x29, 0x13, 0x19, 0x29, 0x13, 0x19, 0x29, 0x13, 0x19, 0x29, 0x13, 0x19, 0x29, 0x13, 0x19, 0x29, 0x13, 0x19, 0x29, 0x13, 0x19, 0x29, 0x13, 0x19, 0x29, 0x13, 0x19, 0x29, 0x13, 0x19, 0x29, 0x13, 0x19, 0x29, 0x13, 0x19, 0x29, 0x13, 0x19, 0x29, 
        0x13, 0x19, 0x29, 0x13, 0x19, 0x29, 0x13, 0x19, 0x29, 0x13, 0x19, 0x29, 0x13, 0x19, 0x29, 0x13, 0x19, 0x29, 0x13, 0x19, 0x29, 0x13, 0x19, 0x29, 0x13, 0x19, 0x29, 0x13, 0x19, 0x29, 0x13, 0x19, 0x29, 0x13, 0x19, 0x29, 0x13, 0x19, 0x29, 
        0x13, 0x19, 0x29, 0x13, 0x19, 0x29, 0x13, 0x19, 0x29, 0x13, 0x19, 0x29, 0x13, 0x19, 0x29, 0x13, 0x19, 0x29, 0x13, 0x19, 0x29, 0x13, 0x19, 0x29, 0x13, 0x19, 0x29, 0x13, 0x19, 0x29, 0x13, 0x19, 0x29, 0x13, 0x19, 0x29, 0x13, 0x19, 0x29, 
        0x13, 0x19, 0x29, 0x13, 0x19, 0x29, 0x13, 0x19, 0x29, 0x13, 0x19, 0x29, 0x13, 0x19, 0x29, 0x13, 0x19, 0x29, 0x13, 0x19, 0x29, 0x13, 0x19, 0x29, 0x13, 0x19, 0x29, 0x13, 0x19, 0x29, 0x13, 0x19, 0x29, 0x13, 0x19, 0x29, 0x13, 0x19, 0x29, 
        0x13, 0x19, 0x29, 0x13, 0x19, 0x29, 0x13, 0x19, 0x29, 0x13, 0x19, 0x29, 0x13, 0x19, 0x29, 0x13, 0x19, 0x29, 0x13, 0x19, 0x29, 0x13, 0x19, 0x29, 0x13, 0x19, 0x29, 0x13, 0x19, 0x29, 0x13, 0x19, 0x29, 0x13, 0x19, 0x29, 0x13, 0x19, 0x29, 
        0x13, 0x19, 0x29, 0x13, 0x19, 0x29, 0x13, 0x19, 0x29, 0x13, 0x19, 0x29, 0x13, 0x19, 0x29, 0x13, 0x19, 0x29, 0x13, 0x19, 0x29, 0x13, 0x19, 0x29, 0x13, 0x19, 0x29, 0x13, 0x19, 0x29, 0x13, 0x19, 0x29, 0x13, 0x19, 0x29, 0x13, 0x19, 0x29, 
        0x13, 0x19, 0x29, 0x13, 0x19, 0x29, 0x13, 0x19, 0x29, 0xC5, 0xC6, 0xCA, 0xFF, 0xFF, 0xFF, 0xAC, 0xAE, 0xB4, 0x13, 0x19, 0x29, 0x13, 0x19, 0x29, 0x13, 0x19, 0x29, 0xC1, 0xC3, 0xC7, 0x60, 0x64, 0x6F, 0x95, 0x97, 0x9F, 0x54, 0x58, 0x64, 
        0x1E, 0x23, 0x33, 0xA4, 0xA7, 0xAD, 0x39, 0x3E, 0x4B, 0x33, 0x38, 0x46, 0xA5, 0xA8, 0xAE, 0x22, 0x28, 0x37, 0x13, 0x19, 0x29, 0x13, 0x19, 0x29, 0x13, 0x19, 0x29, 0x13, 0x19, 0x29, 0x13, 0x19, 0x29, 0x13, 0x19, 0x29, 0x13, 0x19, 0x29, 
        0x13, 0x19, 0x29, 0x13, 0x19, 0x29, 0x13, 0x19, 0x29, 0x13, 0x19, 0x29, 0x13, 0x19, 0x29, 0x60, 0x64, 0x6F, 0xC1, 0xC3, 0xC7, 0x13, 0x19, 0x29, 0x13, 0x19, 0x29, 0x13, 0x19, 0x29, 0xAC, 0xAE, 0xB4, 0xFF, 0xFF, 0xFF, 0xC4, 0xC6, 0xCA, 
        0x13, 0x19, 0x29, 0x13, 0x19, 0x29, 0x13, 0x19, 0x29, 0x13, 0x19, 0x29, 0x13, 0x19, 0x29, 0x13, 0x19, 0x29, 0x13, 0x19, 0x29, 0x13, 0x19, 0x29, 0x13, 0x19, 0x29, 0x13, 0x19, 0x29, 0x13, 0x19, 0x29, 0x13, 0x19, 0x29, 0x13, 0x19, 0x29, 
        0x13, 0x19, 0x29, 0x13, 0x19, 0x29, 0x13, 0x19, 0x29, 0x13, 0x19, 0x29, 0x13, 0x19, 0x29, 0x13, 0x19, 0x29, 0x13, 0x19, 0x29, 0x13, 0x19, 0x29, 0x13, 0x19, 0x29, 0x13, 0x19, 0x29, 0x13, 0x19, 0x29, 0x13, 0x19, 0x29, 0x13, 0x19, 0x29, 
        0x13, 0x19, 0x29, 0x13, 0x19, 0x29, 0x13, 0x19, 0x29, 0x13, 0x19, 0x29, 0x13, 0x19, 0x29, 0x13, 0x19, 0x29, 0x13, 0x19, 0x29, 0x13, 0x19, 0x29, 0x13, 0x19, 0x29, 0x13, 0x19, 0x29, 0x13, 0x19, 0x29, 0x13, 0x19, 0x29, 0x13, 0x19, 0x29, 
        0x13, 0x19, 0x29, 0x13, 0x19, 0x29, 0x13, 0x19, 0x29, 0x13, 0x19, 0x29, 0x13, 0x19, 0x29, 0x13, 0x19, 0x29, 0x13, 0x19, 0x29, 0x13, 0x19, 0x29, 0x13, 0x19, 0x29, 0x13, 0x19, 0x29, 0x13, 0x19, 0x29, 0x13, 0x19, 0x29, 0x13, 0x19, 0x29, 
        0x13, 0x19, 0x29, 0x13, 0x19, 0x29, 0x13, 0x19, 0x29, 0x13, 0x19, 0x29, 0x13, 0x19, 0x29, 0x13, 0x19, 0x29, 0x13, 0x19, 0x29, 0x13, 0x19, 0x29, 0x13, 0x19, 0x29, 0x13, 0x19, 0x29, 0x13, 0x19, 0x29, 0x13, 0x19, 0x29, 0x13, 0x19, 0x29, 
        0x13, 0x19, 0x29, 0x13, 0x19, 0x29, 0x13, 0x19, 0x29, 0x13, 0x19, 0x29, 0x13, 0x19, 0x29, 0x13, 0x19, 0x29, 0x13, 0x19, 0x29, 0x13, 0x19, 0x29, 0x13, 0x19, 0x29, 0x13, 0x19, 0x29, 0x13, 0x19, 0x29, 0x13, 0x19, 0x29, 0x13, 0x19, 0x29, 
        0x13, 0x19, 0x29, 0x13, 0x19, 0x29, 0x13, 0x19, 0x29, 0x13, 0x19, 0x29,
  0x13, 0x19, 0x29, 0x13, 0x19, 0x29, 0x13, 0x19, 0x29, 0x13, 0x19, 0x29, 0x13, 0x19, 0x29, 0x13, 0x19, 0x29, 0x13, 0x19, 0x29, 0x13, 0x19, 0x29, 0x13, 0x19, 0x29, 0x13, 0x19, 0x29, 0x13, 0x19, 0x29, 0x13, 0x19, 0x29, 0x13, 0x19, 0x29, 0x13, 0x19, 0x29, 
        0x13, 0x19, 0x29, 0x13, 0x19, 0x29, 0x13, 0x19, 0x29, 0x13, 0x19, 0x29, 0x13, 0x19, 0x29, 0x13, 0x19, 0x29, 0x13, 0x19, 0x29, 0x13, 0x19, 0x29, 0x13, 0x19, 0x29, 0x13, 0x19, 0x29, 0x13, 0x19, 0x29, 0x13, 0x19, 0x29, 0x13, 0x19, 0x29, 
        0x13, 0x19, 0x29, 0x13, 0x19, 0x29, 0x13, 0x19, 0x29, 0x13, 0x19, 0x29, 0x13, 0x19, 0x29, 0x13, 0x19, 0x29, 0x13, 0x19, 0x29, 0x13, 0x19, 0x29, 0x13, 0x19, 0x29, 0x13, 0x19, 0x29, 0x13, 0x19, 0x29, 0x13, 0x19, 0x29, 0x13, 0x19, 0x29, 
        0x13, 0x19, 0x29, 0x13, 0x19, 0x29, 0x13, 0x19, 0x29, 0x13, 0x19, 0x29, 0x13, 0x19, 0x29, 0x13, 0x19, 0x29, 0x13, 0x19, 0x29, 0x13, 0x19, 0x29, 0x13, 0x19, 0x29, 0x13, 0x19, 0x29, 0x13, 0x19, 0x29, 0x13, 0x19, 0x29, 0x13, 0x19, 0x29, 
        0x13, 0x19, 0x29, 0x13, 0x19, 0x29, 0x13, 0x19, 0x29, 0x13, 0x19, 0x29, 0x13, 0x19, 0x29, 0x13, 0x19, 0x29, 0x13, 0x19, 0x29, 0x13, 0x19, 0x29, 0x13, 0x19, 0x29, 0x13, 0x19, 0x29, 0x13, 0x19, 0x29, 0x13, 0x19, 0x29, 0x13, 0x19, 0x29, 
        0x13, 0x19, 0x29, 0x13, 0x19, 0x29, 0x13, 0x19, 0x29, 0x13, 0x19, 0x29, 0x13, 0x19, 0x29, 0x13, 0x19, 0x29, 0x13, 0x19, 0x29, 0x13, 0x19, 0x29, 0x13, 0x19, 0x29, 0x13, 0x19, 0x29, 0x13, 0x19, 0x29, 0x13, 0x19, 0x29, 0x13, 0x19, 0x29, 
        0x13, 0x19, 0x29, 0x13, 0x19, 0x29, 0x47, 0x4B, 0x58, 0xFF, 0xFF, 0xFF, 0xFC, 0xFC, 0xFC, 0x33, 0x38, 0x46, 0x13, 0x19, 0x29, 0x13, 0x19, 0x29, 0x13, 0x19, 0x29, 0xE1, 0xE2, 0xE4, 0xE6, 0xE7, 0xE9, 0xDA, 0xDB, 0xDE, 0xDA, 0xDB, 0xDE, 
        0xDA, 0xDB, 0xDE, 0xDA, 0xDB, 0xDE, 0xDA, 0xDB, 0xDE, 0xDA, 0xDB, 0xDE, 0xDA, 0xDB, 0xDE, 0xDA, 0xDB, 0xDE, 0xDA, 0xDB, 0xDE, 0xDA, 0xDB, 0xDE, 0xDA, 0xDB, 0xDE, 0xDA, 0xDB, 0xDE, 0xDA, 0xDB, 0xDE, 0xDA, 0xDB, 0xDE, 0xDA, 0xDB, 0xDE, 
        0xDA, 0xDB, 0xDE, 0xDA, 0xDB, 0xDE, 0xDA, 0xDB, 0xDE, 0xDA, 0xDB, 0xDE, 0xDA, 0xDB, 0xDE, 0xE6, 0xE7, 0xE9, 0xE1, 0xE2, 0xE4, 0x13, 0x19, 0x29, 0x13, 0x19, 0x29, 0x13, 0x19, 0x29, 0x33, 0x38, 0x46, 0xFC, 0xFC, 0xFC, 0xFF, 0xFF, 0xFF, 
        0x47, 0x4B, 0x58, 0x13, 0x19, 0x29, 0x13, 0x19, 0x29, 0x13, 0x19, 0x29, 0x13, 0x19, 0x29, 0x13, 0x19, 0x29, 0x13, 0x19, 0x29, 0x13, 0x19, 0x29, 0x13, 0x19, 0x29, 0x13, 0x19, 0x29, 0x13, 0x19, 0x29, 0x13, 0x19, 0x29, 0x13, 0x19, 0x29, 
        0x13, 0x19, 0x29, 0x13, 0x19, 0x29, 0x13, 0x19, 0x29, 0x13, 0x19, 0x29, 0x13, 0x19, 0x29, 0x13, 0x19, 0x29, 0x13, 0x19, 0x29, 0x13, 0x19, 0x29, 0x13, 0x19, 0x29, 0x13, 0x19, 0x29, 0x13, 0x19, 0x29, 0x13, 0x19, 0x29, 0x13, 0x19, 0x29, 
        0x13, 0x19, 0x29, 0x13, 0x19, 0x29, 0x13, 0x19, 0x29, 0x13, 0x19, 0x29, 0x13, 0x19, 0x29, 0x13, 0x19, 0x29, 0x13, 0x19, 0x29, 0x13, 0x19, 0x29, 0x13, 0x19, 0x29, 0x13, 0x19, 0x29, 0x13, 0x19, 0x29, 0x13, 0x19, 0x29, 0x13, 0x19, 0x29, 
        0x13, 0x19, 0x29, 0x13, 0x19, 0x29, 0x13, 0x19, 0x29, 0x13, 0x19, 0x29, 0x13, 0x19, 0x29, 0x13, 0x19, 0x29, 0x13, 0x19, 0x29, 0x13, 0x19, 0x29, 0x13, 0x19, 0x29, 0x13, 0x19, 0x29, 0x13, 0x19, 0x29, 0x13, 0x19, 0x29, 0x13, 0x19, 0x29, 
        0x13, 0x19, 0x29, 0x13, 0x19, 0x29, 0x13, 0x19, 0x29, 0x13, 0x19, 0x29, 0x13, 0x19, 0x29, 0x13, 0x19, 0x29, 0x13, 0x19, 0x29, 0x13, 0x19, 0x29, 0x13, 0x19, 0x29, 0x13, 0x19, 0x29, 0x13, 0x19, 0x29, 0x13, 0x19, 0x29, 0x13, 0x19, 0x29, 
        0x13, 0x19, 0x29, 0x13, 0x19, 0x29, 0x13, 0x19, 0x29, 0x13, 0x19, 0x29, 0x13, 0x19, 0x29, 0x13, 0x19, 0x29, 0x13, 0x19, 0x29, 0x13, 0x19, 0x29, 0x13, 0x19, 0x29, 0x13, 0x19, 0x29, 0x13, 0x19, 0x29, 0x13, 0x19, 0x29, 0x13, 0x19, 0x29, 
        0x13, 0x19, 0x29, 0x13, 0x19, 0x29, 0x13, 0x19, 0x29, 0x13, 0x19, 0x29,
  0x13, 0x19, 0x29, 0x13, 0x19, 0x29, 0x13, 0x19, 0x29, 0x13, 0x19, 0x29, 0x13, 0x19, 0x29, 0x13, 0x19, 0x29, 0x13, 0x19, 0x29, 0x13, 0x19, 0x29, 0x13, 0x19, 0x29, 0x13, 0x19, 0x29, 0x13, 0x19, 0x29, 0x13, 0x19, 0x29, 0x13, 0x19, 0x29, 0x13, 0x19, 0x29, 
        0x13, 0x19, 0x29, 0x13, 0x19, 0x29, 0x13, 0x19, 0x29, 0x13, 0x19, 0x29, 0x13, 0x19, 0x29, 0x13, 0x19, 0x29, 0x13, 0x19, 0x29, 0x13, 0x19, 0x29, 0x13, 0x19, 0x29, 0x13, 0x19, 0x29, 0x13, 0x19, 0x29, 0x13, 0x19, 0x29, 0x13, 0x19, 0x29, 
        0x13, 0x19, 0x29, 0x13, 0x19, 0x29, 0x13, 0x19, 0x29, 0x13, 0x19, 0x29, 0x13, 0x19, 0x29, 0x13, 0x19, 0x29, 0x13, 0x19, 0x29, 0x13, 0x19, 0x29, 0x13, 0x19, 0x29, 0x13, 0x19, 0x29, 0x13, 0x19, 0x29, 0x13, 0x19, 0x29, 0x13, 0x19, 0x29, 
        0x13, 0x19, 0x29, 0x13, 0x19, 0x29, 0x13, 0x19, 0x29, 0x13, 0x19, 0x29, 0x13, 0x19, 0x29, 0x13, 0x19, 0x29, 0x13, 0x19, 0x29, 0x13, 0x19, 0x29, 0x13, 0x19, 0x29, 0x13, 0x19, 0x29, 0x13, 0x19, 0x29, 0x13, 0x19, 0x29, 0x13, 0x19, 0x29, 
        0x13, 0x19, 0x29, 0x13, 0x19, 0x29, 0x13, 0x19, 0x29, 0x13, 0x19, 0x29, 0x13, 0x19, 0x29, 0x13, 0x19, 0x29, 0x13, 0x19, 0x29, 0x13, 0x19, 0x29, 0x13, 0x19, 0x29, 0x13, 0x19, 0x29, 0x13, 0x19, 0x29, 0x13, 0x19, 0x29, 0x13, 0x19, 0x29, 
        0x13, 0x19, 0x29, 0x13, 0x19, 0x29, 0x13, 0x19, 0x29, 0x13, 0x19, 0x29, 0x13, 0x19, 0x29, 0x13, 0x19, 0x29, 0x13, 0x19, 0x29, 0x13, 0x19, 0x29, 0x13, 0x19, 0x29, 0x13, 0x19, 0x29, 0x13, 0x19, 0x29, 0x13, 0x19, 0x29, 0x13, 0x19, 0x29, 
        0x13, 0x19, 0x29, 0x13, 0x19, 0x29, 0xA2, 0xA4, 0xAA, 0xFF, 0xFF, 0xFF, 0xAF, 0xB1, 0xB6, 0x13, 0x19, 0x29, 0x13, 0x19, 0x29, 0x13, 0x19, 0x29, 0x13, 0x19, 0x29, 0xC7, 0xC9, 0xCD, 0x83, 0x86, 0x8F, 0x47, 0x4B, 0x58, 0x47, 0x4B, 0x58, 
        0x47, 0x4B, 0x58, 0x47, 0x4B, 0x58, 0x47, 0x4B, 0x58, 0x47, 0x4B, 0x58, 0x47, 0x4B, 0x58, 0x47, 0x4B, 0x58, 0x47, 0x4B, 0x58, 0x47, 0x4B, 0x58, 0x47, 0x4B, 0x58, 0x47, 0x4B, 0x58, 0x47, 0x4B, 0x58, 0x47, 0x4B, 0x58, 0x47, 0x4B, 0x58, 
        0x47, 0x4B, 0x58, 0x47, 0x4B, 0x58, 0x47, 0x4B, 0x58, 0x47, 0x4B, 0x58, 0x47, 0x4B, 0x58, 0x83, 0x86, 0x8F, 0xC7, 0xC9, 0xCD, 0x13, 0x19, 0x29, 0x13, 0x19, 0x29, 0x13, 0x19, 0x29, 0x13, 0x19, 0x29, 0xAF, 0xB1, 0xB6, 0xFF, 0xFF, 0xFF, 
        0xA2, 0xA4, 0xAA, 0x13, 0x19, 0x29, 0x13, 0x19, 0x29, 0x13, 0x19, 0x29, 0x13, 0x19, 0x29, 0x13, 0x19, 0x29, 0x13, 0x19, 0x29, 0x13, 0x19, 0x29, 0x13, 0x19, 0x29, 0x13, 0x19, 0x29, 0x13, 0x19, 0x29, 0x13, 0x19, 0x29, 0x13, 0x19, 0x29, 
        0x13, 0x19, 0x29, 0x13, 0x19, 0x29, 0x13, 0x19, 0x29, 0x13, 0x19, 0x29, 0x13, 0x19, 0x29, 0x13, 0x19, 0x29, 0x13, 0x19, 0x29, 0x13, 0x19, 0x29, 0x13, 0x19, 0x29, 0x13, 0x19, 0x29, 0x13, 0x19, 0x29, 0x13, 0x19, 0x29, 0x13, 0x19, 0x29, 
        0x13, 0x19, 0x29, 0x13, 0x19, 0x29, 0x13, 0x19, 0x29, 0x13, 0x19, 0x29, 0x13, 0x19, 0x29, 0x13, 0x19, 0x29, 0x13, 0x19, 0x29, 0x13, 0x19, 0x29, 0x13, 0x19, 0x29, 0x13, 0x19, 0x29, 0x13, 0x19, 0x29, 0x13, 0x19, 0x29, 0x13, 0x19, 0x29, 
        0x13, 0x19, 0x29, 0x13, 0x19, 0x29, 0x13, 0x19, 0x29, 0x13, 0x19, 0x29, 0x13, 0x19, 0x29, 0x13, 0x19, 0x29, 0x13, 0x19, 0x29, 0x13, 0x19, 0x29, 0x13, 0x19, 0x29, 0x13, 0x19, 0x29, 0x13, 0x19, 0x29, 0x13, 0x19, 0x29, 0x13, 0x19, 0x29, 
        0x13, 0x19, 0x29, 0x13, 0x19, 0x29, 0x13, 0x19, 0x29, 0x13, 0x19, 0x29, 0x13, 0x19, 0x29, 0x13, 0x19, 0x29, 0x13, 0x19, 0x29, 0x13, 0x19, 0x29, 0x13, 0x19, 0x29, 0x13, 0x19, 0x29, 0x13, 0x19, 0x29, 0x13, 0x19, 0x29, 0x13, 0x19, 0x29, 
        0x13, 0x19, 0x29, 0x13, 0x19, 0x29, 0x13, 0x19, 0x29, 0x13, 0x19, 0x29, 0x13, 0x19, 0x29, 0x13, 0x19, 0x29, 0x13, 0x19, 0x29, 0x13, 0x19, 0x29, 0x13, 0x19, 0x29, 0x13, 0x19, 0x29, 0x13, 0x19, 0x29, 0x13, 0x19, 0x29, 0x13, 0x19, 0x29, 
        0x13, 0x19, 0x29, 0x13, 0x19, 0x29, 0x13, 0x19, 0x29, 0x13, 0x19, 0x29,
  0x13, 0x19, 0x29, 0x13, 0x19, 0x29, 0x13, 0x19, 0x29, 0x13, 0x19, 0x29, 0x13, 0x19, 0x29, 0x13, 0x19, 0x29, 0x13, 0x19, 0x29, 0x13, 0x19, 0x29, 0x13, 0x19, 0x29, 0x13, 0x19, 0x29, 0x13, 0x19, 0x29, 0x13, 0x19, 0x29, 0x13, 0x19, 0x29, 0x13, 0x19, 0x29, 
        0x13, 0x19, 0x29, 0x13, 0x19, 0x29, 0x13, 0x19, 0x29, 0x13, 0x19, 0x29, 0x13, 0x19, 0x29, 0x13, 0x19, 0x29, 0x13, 0x19, 0x29, 0x13, 0x19, 0x29, 0x13, 0x19, 0x29, 0x13, 0x19, 0x29, 0x13, 0x19, 0x29, 0x13, 0x19, 0x29, 0x13, 0x19, 0x29, 
        0x13, 0x19, 0x29, 0x13, 0x19, 0x29, 0x13, 0x19, 0x29, 0x13, 0x19, 0x29, 0x13, 0x19, 0x29, 0x13, 0x19, 0x29, 0x13, 0x19, 0x29, 0x13, 0x19, 0x29, 0x13, 0x19, 0x29, 0x13, 0x19, 0x29, 0x13, 0x19, 0x29, 0x13, 0x19, 0x29, 0x13, 0x19, 0x29, 
        0x13, 0x19, 0x29, 0x13, 0x19, 0x29, 0x13, 0x19, 0x29, 0x13, 0x19, 0x29, 0x13, 0x19, 0x29, 0x13, 0x19, 0x29, 0x13, 0x19, 0x29, 0x13, 0x19, 0x29, 0x13, 0x19, 0x29, 0x13, 0x19, 0x29, 0x13, 0x19, 0x29, 0x13, 0x19, 0x29, 0x13, 0x19, 0x29, 
        0x13, 0x19, 0x29, 0x13, 0x19, 0x29, 0x13, 0x19, 0x29, 0x13, 0x19, 0x29, 0x13, 0x19, 0x29, 0x13, 0x19, 0x29, 0x13, 0x19, 0x29, 0x13, 0x19, 0x29, 0x13, 0x19, 0x29, 0x13, 0x19, 0x29, 0x13, 0x19, 0x29, 0x13, 0x19, 0x29, 0x13, 0x19, 0x29, 
        0x13, 0x19, 0x29, 0x13, 0x19, 0x29, 0x13, 0x19, 0x29, 0x13, 0x19, 0x29, 0x13, 0x19, 0x29, 0x13, 0x19, 0x29, 0x13, 0x19, 0x29, 0x13, 0x19, 0x29, 0x13, 0x19, 0x29, 0x13, 0x19, 0x29, 0x13, 0x19, 0x29, 0x13, 0x19, 0x29, 0x13, 0x19, 0x29, 
        0x13, 0x19, 0x29, 0x16, 0x1C, 0x2C, 0xF1, 0xF1, 0xF2, 0xFF, 0xFF, 0xFF, 0x56, 0x5B, 0x66, 0x13, 0x19, 0x29, 0x13, 0x19, 0x29, 0x13, 0x19, 0x29, 0x13, 0x19, 0x29, 0xC1, 0xC3, 0xC7, 0x60, 0x64, 0x6F, 0x13, 0x19, 0x29, 0xB0, 0xB2, 0xB7, 
        0xD3, 0xD4, 0xD7, 0xD3, 0xD4, 0xD7, 0xD3, 0xD4, 0xD7, 0xD3, 0xD4, 0xD7, 0xD3, 0xD4, 0xD7, 0xD3, 0xD4, 0xD7, 0xD3, 0xD4, 0xD7, 0xD3, 0xD4, 0xD7, 0xD3, 0xD4, 0xD7, 0xD3, 0xD4, 0xD7, 0xD3, 0xD4, 0xD7, 0xD3, 0xD4, 0xD7, 0xD3, 0xD4, 0xD7, 
        0xD3, 0xD4, 0xD7, 0xD3, 0xD4, 0xD7, 0xD3, 0xD4, 0xD7, 0xB1, 0xB3, 0xB8, 0x13, 0x19, 0x29, 0x60, 0x64, 0x6F, 0xC1, 0xC3, 0xC7, 0x13, 0x19, 0x29, 0x13, 0x19, 0x29, 0x13, 0x19, 0x29, 0x13, 0x19, 0x29, 0x56, 0x5B, 0x66, 0xFF, 0xFF, 0xFF, 
        0xF1, 0xF1, 0xF2, 0x16, 0x1C, 0x2C, 0x13, 0x19, 0x29, 0x13, 0x19, 0x29, 0x13, 0x19, 0x29, 0x13, 0x19, 0x29, 0x13, 0x19, 0x29, 0x13, 0x19, 0x29, 0x13, 0x19, 0x29, 0x13, 0x19, 0x29, 0x13, 0x19, 0x29, 0x13, 0x19, 0x29, 0x13, 0x19, 0x29, 
        0x13, 0x19, 0x29, 0x13, 0x19, 0x29, 0x13, 0x19, 0x29, 0x13, 0x19, 0x29, 0x13, 0x19, 0x29, 0x13, 0x19, 0x29, 0x13, 0x19, 0x29, 0x13, 0x19, 0x29, 0x13, 0x19, 0x29, 0x13, 0x19, 0x29, 0x13, 0x19, 0x29, 0x13, 0x19, 0x29, 0x13, 0x19, 0x29, 
        0x13, 0x19, 0x29, 0x13, 0x19, 0x29, 0x13, 0x19, 0x29, 0x13, 0x19, 0x29, 0x13, 0x19, 0x29, 0x13, 0x19, 0x29, 0x13, 0x19, 0x29, 0x13, 0x19, 0x29, 0x13, 0x19, 0x29, 0x13, 0x19, 0x29, 0x13, 0x19, 0x29, 0x13, 0x19, 0x29, 0x13, 0x19, 0x29, 
        0x13, 0x19, 0x29, 0x13, 0x19, 0x29, 0x13, 0x19, 0x29, 0x13, 0x19, 0x29, 0x13, 0x19, 0x29, 0x13, 0x19, 0x29, 0x13, 0x19, 0x29, 0x13, 0x19, 0x29, 0x13, 0x19, 0x29, 0x13, 0x19, 0x29, 0x13, 0x19, 0x29, 0x13, 0x19, 0x29, 0x13, 0x19, 0x29, 
        0x13, 0x19, 0x29, 0x13, 0x19, 0x29, 0x13, 0x19, 0x29, 0x13, 0x19, 0x29, 0x13, 0x19, 0x29, 0x13, 0x19, 0x29, 0x13, 0x19, 0x29, 0x13, 0x19, 0x29, 0x13, 0x19, 0x29, 0x13, 0x19, 0x29, 0x13, 0x19, 0x29, 0x13, 0x19, 0x29, 0x13, 0x19, 0x29, 
        0x13, 0x19, 0x29, 0x13, 0x19, 0x29, 0x13, 0x19, 0x29, 0x13, 0x19, 0x29, 0x13, 0x19, 0x29, 0x13, 0x19, 0x29, 0x13, 0x19, 0x29, 0x13, 0x19, 0x29, 0x13, 0x19, 0x29, 0x13, 0x19, 0x29, 0x13, 0x19, 0x29, 0x13, 0x19, 0x29, 0x13, 0x19, 0x29, 
        0x13, 0x19, 0x29, 0x13, 0x19, 0x29, 0x13, 0x19, 0x29, 0x13, 0x19, 0x29,
  0x13, 0x19, 0x29, 0x13, 0x19, 0x29, 0x13, 0x19, 0x29, 0x13, 0x19, 0x29, 0x13, 0x19, 0x29, 0x13, 0x19, 0x29, 0x13, 0x19, 0x29, 0x13, 0x19, 0x29, 0x13, 0x19, 0x29, 0x13, 0x19, 0x29, 0x13, 0x19, 0x29, 0x13, 0x19, 0x29, 0x13, 0x19, 0x29, 0x13, 0x19, 0x29, 
        0x13, 0x19, 0x29, 0x13, 0x19, 0x29, 0x13, 0x19, 0x29, 0x13, 0x19, 0x29, 0x13, 0x19, 0x29, 0x13, 0x19, 0x29, 0x13, 0x19, 0x29, 0x13, 0x19, 0x29, 0x13, 0x19, 0x29, 0x13, 0x19, 0x29, 0x13, 0x19, 0x29, 0x13, 0x19, 0x29, 0x13, 0x19, 0x29, 
        0x13, 0x19, 0x29, 0x13, 0x19, 0x29, 0x13, 0x19, 0x29, 0x13, 0x19, 0x29, 0x13, 0x19, 0x29, 0x13, 0x19, 0x29, 0x13, 0x19, 0x29, 0x13, 0x19, 0x29, 0x13, 0x19, 0x29, 0x13, 0x19, 0x29, 0x13, 0x19, 0x29, 0x13, 0x19, 0x29, 0x13, 0x19, 0x29, 
        0x13, 0x19, 0x29, 0x13, 0x19, 0x29, 0x13, 0x19, 0x29, 0x13, 0x19, 0x29, 0x13, 0x19, 0x29, 0x13, 0x19, 0x29, 0x13, 0x19, 0x29, 0x13, 0x19, 0x29, 0x13, 0x19, 0x29, 0x13, 0x19, 0x29, 0x13, 0x19, 0x29, 0x13, 0x19, 0x29, 0x13, 0x19, 0x29, 
        0x13, 0x19, 0x29, 0x13, 0x19, 0x29, 0x13, 0x19, 0x29, 0x13, 0x19, 0x29, 0x13, 0x19, 0x29, 0x13, 0x19, 0x29, 0x13, 0x19, 0x29, 0x13, 0x19, 0x29, 0x13, 0x19, 0x29, 0x13, 0x19, 0x29, 0x13, 0x19, 0x29, 0x13, 0x19, 0x29, 0x13, 0x19, 0x29, 
        0x13, 0x19, 0x29, 0x13, 0x19, 0x29, 0x13, 0x19, 0x29, 0x13, 0x19, 0x29, 0x13, 0x19, 0x29, 0x13, 0x19, 0x29, 0x13, 0x19, 0x29, 0x13, 0x19, 0x29, 0x13, 0x19, 0x29, 0x13, 0x19, 0x29, 0x13, 0x19, 0x29, 0x13, 0x19, 0x29, 0x13, 0x19, 0x29, 
        0x13, 0x19, 0x29, 0x45, 0x49, 0x56, 0xFF, 0xFF, 0xFF, 0xF5, 0xF6, 0xF6, 0x18, 0x1E, 0x2E, 0x13, 0x19, 0x29, 0x13, 0x19, 0x29, 0x13, 0x19, 0x29, 0x13, 0x19, 0x29, 0xC1, 0xC3, 0xC7, 0x60, 0x64, 0x6F, 0x13, 0x19, 0x29, 0xED, 0xED, 0xEF, 
        0x67, 0x6B, 0x75, 0x4E, 0x53, 0x5F, 0x4E, 0x53, 0x5F, 0x4E, 0x53, 0x5F, 0x4E, 0x53, 0x5F, 0x4E, 0x53, 0x5F, 0x4E, 0x53, 0x5F, 0x4E, 0x53, 0x5F, 0x4E, 0x53, 0x5F, 0x4E, 0x53, 0x5F, 0x4E, 0x53, 0x5F, 0x4E, 0x53, 0x5F, 0x4E, 0x53, 0x5F, 
        0x4E, 0x53, 0x5F, 0x4E, 0x53, 0x5F, 0x67, 0x6B, 0x75, 0xED, 0xED, 0xEF, 0x13, 0x19, 0x29, 0x60, 0x64, 0x6F, 0xC1, 0xC3, 0xC7, 0x13, 0x19, 0x29, 0x13, 0x19, 0x29, 0x13, 0x19, 0x29, 0x13, 0x19, 0x29, 0x18, 0x1E, 0x2E, 0xF5, 0xF6, 0xF6, 
        0xFF, 0xFF, 0xFF, 0x45, 0x49, 0x56, 0x13, 0x19, 0x29, 0x13, 0x19, 0x29, 0x13, 0x19, 0x29, 0x13, 0x19, 0x29, 0x13, 0x19, 0x29, 0x13, 0x19, 0x29, 0x13, 0x19, 0x29, 0x13, 0x19, 0x29, 0x13, 0x19, 0x29, 0x13, 0x19, 0x29, 0x13, 0x19, 0x29, 
        0x13, 0x19, 0x29, 0x13, 0x19, 0x29, 0x13, 0x19, 0x29, 0x13, 0x19, 0x29, 0x13, 0x19, 0x29, 0x13, 0x19, 0x29, 0x13, 0x19, 0x29, 0x13, 0x19, 0x29, 0x13, 0x19, 0x29, 0x13, 0x19, 0x29, 0x13, 0x19, 0x29, 0x13, 0x19, 0x29, 0x13, 0x19, 0x29, 
        0x13, 0x19, 0x29, 0x13, 0x19, 0x29, 0x13, 0x19, 0x29, 0x13, 0x19, 0x29, 0x13, 0x19, 0x29, 0x13, 0x19, 0x29, 0x13, 0x19, 0x29, 0x13, 0x19, 0x29, 0x13, 0x19, 0x29, 0x13, 0x19, 0x29, 0x13, 0x19, 0x29, 0x13, 0x19, 0x29, 0x13, 0x19, 0x29, 
        0x13, 0x19, 0x29, 0x13, 0x19, 0x29, 0x13, 0x19, 0x29, 0x13, 0x19, 0x29, 0x13, 0x19, 0x29, 0x13, 0x19, 0x29, 0x13, 0x19, 0x29, 0x13, 0x19, 0x29, 0x13, 0x19, 0x29, 0x13, 0x19, 0x29, 0x13, 0x19, 0x29, 0x13, 0x19, 0x29, 0x13, 0x19, 0x29, 
        0x13, 0x19, 0x29, 0x13, 0x19, 0x29, 0x13, 0x19, 0x29, 0x13, 0x19, 0x29, 0x13, 0x19, 0x29, 0x13, 0x19, 0x29, 0x13, 0x19, 0x29, 0x13, 0x19, 0x29, 0x13, 0x19, 0x29, 0x13, 0x19, 0x29, 0x13, 0x19, 0x29, 0x13, 0x19, 0x29, 0x13, 0x19, 0x29, 
        0x13, 0x19, 0x29, 0x13, 0x19, 0x29, 0x13, 0x19, 0x29, 0x13, 0x19, 0x29, 0x13, 0x19, 0x29, 0x13, 0x19, 0x29, 0x13, 0x19, 0x29, 0x13, 0x19, 0x29, 0x13, 0x19, 0x29, 0x13, 0x19, 0x29, 0x13, 0x19, 0x29, 0x13, 0x19, 0x29, 0x13, 0x19, 0x29, 
        0x13, 0x19, 0x29, 0x13, 0x19, 0x29, 0x13, 0x19, 0x29, 0x13, 0x19, 0x29,
  0x13, 0x19, 0x29, 0x13, 0x19, 0x29, 0x13, 0x19, 0x29, 0x13, 0x19, 0x29, 0x13, 0x19, 0x29, 0x13, 0x19, 0x29, 0x13, 0x19, 0x29, 0x13, 0x19, 0x29, 0x13, 0x19, 0x29, 0x13, 0x19, 0x29, 0x13, 0x19, 0x29, 0x13, 0x19, 0x29, 0x13, 0x19, 0x29, 0x13, 0x19, 0x29, 
        0x13, 0x19, 0x29, 0x13, 0x19, 0x29, 0x13, 0x19, 0x29, 0x13, 0x19, 0x29, 0x13, 0x19, 0x29, 0x13, 0x19, 0x29, 0x13, 0x19, 0x29, 0x13, 0x19, 0x29, 0x13, 0x19, 0x29, 0x13, 0x19, 0x29, 0x13, 0x19, 0x29, 0x13, 0x19, 0x29, 0x13, 0x19, 0x29, 
        0x13, 0x19, 0x29, 0x13, 0x19, 0x29, 0x13, 0x19, 0x29, 0x13, 0x19, 0x29, 0x13, 0x19, 0x29, 0x13, 0x19, 0x29, 0x13, 0x19, 0x29, 0x13, 0x19, 0x29, 0x13, 0x19, 0x29, 0x13, 0x19, 0x29, 0x13, 0x19, 0x29, 0x13, 0x19, 0x29, 0x13, 0x19, 0x29, 
        0x13, 0x19, 0x29, 0x13, 0x19, 0x29, 0x13, 0x19, 0x29, 0x13, 0x19, 0x29, 0x13, 0x19, 0x29, 0x13, 0x19, 0x29, 0x13, 0x19, 0x29, 0x13, 0x19, 0x29, 0x13, 0x19, 0x29, 0x13, 0x19, 0x29, 0x13, 0x19, 0x29, 0x13, 0x19, 0x29, 0x13, 0x19, 0x29, 
        0x13, 0x19, 0x29, 0x13, 0x19, 0x29, 0x13, 0x19, 0x29, 0x13, 0x19, 0x29, 0x13, 0x19, 0x29, 0x13, 0x19, 0x29, 0x13, 0x19, 0x29, 0x13, 0x19, 0x29, 0x13, 0x19, 0x29, 0x13, 0x19, 0x29, 0x13, 0x19, 0x29, 0x13, 0x19, 0x29, 0x13, 0x19, 0x29, 
        0x13, 0x19, 0x29, 0x13, 0x19, 0x29, 0x13, 0x19, 0x29, 0x13, 0x19, 0x29, 0x13, 0x19, 0x29, 0x13, 0x19, 0x29, 0x13, 0x19, 0x29, 0x13, 0x19, 0x29, 0x13, 0x19, 0x29, 0x13, 0x19, 0x29, 0x13, 0x19, 0x29, 0x13, 0x19, 0x29, 0x13, 0x19, 0x29, 
        0x13, 0x19, 0x29, 0x7C, 0x7F, 0x88, 0xFF, 0xFF, 0xFF, 0xBE, 0xC0, 0xC5, 0x13, 0x19, 0x29, 0x13, 0x19, 0x29, 0x13, 0x19, 0x29, 0x13, 0x19, 0x29, 0x13, 0x19, 0x29, 0xC1, 0xC3, 0xC7, 0x60, 0x64, 0x6F, 0x13, 0x19, 0x29, 0xED, 0xED, 0xEF, 
        0x34, 0x39, 0x47, 0x13, 0x19, 0x29, 0x13, 0x19, 0x29, 0x13, 0x19, 0x29, 0x13, 0x19, 0x29, 0x13, 0x19, 0x29, 0x13, 0x19, 0x29, 0x13, 0x19, 0x29, 0x13, 0x19, 0x29, 0x13, 0x19, 0x29, 0x13, 0x19, 0x29, 0x13, 0x19, 0x29, 0x13, 0x19, 0x29, 
        0x13, 0x19, 0x29, 0x13, 0x19, 0x29, 0x34, 0x39, 0x47, 0xED, 0xED, 0xEF, 0x13, 0x19, 0x29, 0x60, 0x64, 0x6F, 0xC1, 0xC3, 0xC7, 0x13, 0x19, 0x29, 0x13, 0x19, 0x29, 0x13, 0x19, 0x29, 0x13, 0x19, 0x29, 0x13, 0x19, 0x29, 0xBF, 0xC1, 0xC5, 
        0xFF, 0xFF, 0xFF, 0x7B, 0x7E, 0x87, 0x13, 0x19, 0x29, 0x13, 0x19, 0x29, 0x13, 0x19, 0x29, 0x13, 0x19, 0x29, 0x13, 0x19, 0x29, 0x13, 0x19, 0x29, 0x13, 0x19, 0x29, 0x13, 0x19, 0x29, 0x13, 0x19, 0x29, 0x13, 0x19, 0x29, 0x13, 0x19, 0x29, 
        0x13, 0x19, 0x29, 0x13, 0x19, 0x29, 0x13, 0x19, 0x29, 0x13, 0x19, 0x29, 0x13, 0x19, 0x29, 0x13, 0x19, 0x29, 0x13, 0x19, 0x29, 0x13, 0x19, 0x29, 0x13, 0x19, 0x29, 0x13, 0x19, 0x29, 0x13, 0x19, 0x29, 0x13, 0x19, 0x29, 0x13, 0x19, 0x29, 
        0x13, 0x19, 0x29, 0x13, 0x19, 0x29, 0x13, 0x19, 0x29, 0x13, 0x19, 0x29, 0x13, 0x19, 0x29, 0x13, 0x19, 0x29, 0x13, 0x19, 0x29, 0x13, 0x19, 0x29, 0x13, 0x19, 0x29, 0x13, 0x19, 0x29, 0x13, 0x19, 0x29, 0x13, 0x19, 0x29, 0x13, 0x19, 0x29, 
        0x13, 0x19, 0x29, 0x13, 0x19, 0x29, 0x13, 0x19, 0x29, 0x13, 0x19, 0x29, 0x13, 0x19, 0x29, 0x13, 0x19, 0x29, 0x13, 0x19, 0x29, 0x13, 0x19, 0x29, 0x13, 0x19, 0x29, 0x13, 0x19, 0x29, 0x13, 0x19, 0x29, 0x13, 0x19, 0x29, 0x13, 0x19, 0x29, 
        0x13, 0x19, 0x29, 0x13, 0x19, 0x29, 0x13, 0x19, 0x29, 0x13, 0x19, 0x29, 0x13, 0x19, 0x29, 0x13, 0x19, 0x29, 0x13, 0x19, 0x29, 0x13, 0x19, 0x29, 0x13, 0x19, 0x29, 0x13, 0x19, 0x29, 0x13, 0x19, 0x29, 0x13, 0x19, 0x29, 0x13, 0x19, 0x29, 
        0x13, 0x19, 0x29, 0x13, 0x19, 0x29, 0x13, 0x19, 0x29, 0x13, 0x19, 0x29, 0x13, 0x19, 0x29, 0x13, 0x19, 0x29, 0x13, 0x19, 0x29, 0x13, 0x19, 0x29, 0x13, 0x19, 0x29, 0x13, 0x19, 0x29, 0x13, 0x19, 0x29, 0x13, 0x19, 0x29, 0x13, 0x19, 0x29, 
        0x13, 0x19, 0x29, 0x13, 0x19, 0x29, 0x13, 0x19, 0x29, 0x13, 0x19, 0x29,
  0x13, 0x19, 0x29, 0x13, 0x19, 0x29, 0x13, 0x19, 0x29, 0x13, 0x19, 0x29, 0x13, 0x19, 0x29, 0x13, 0x19, 0x29, 0x13, 0x19, 0x29, 0x13, 0x19, 0x29, 0x13, 0x19, 0x29, 0x13, 0x19, 0x29, 0x13, 0x19, 0x29, 0x13, 0x19, 0x29, 0x13, 0x19, 0x29, 0x13, 0x19, 0x29, 
        0x13, 0x19, 0x29, 0x13, 0x19, 0x29, 0x13, 0x19, 0x29, 0x13, 0x19, 0x29, 0x13, 0x19, 0x29, 0x13, 0x19, 0x29, 0x13, 0x19, 0x29, 0x13, 0x19, 0x29, 0x13, 0x19, 0x29, 0x13, 0x19, 0x29, 0x13, 0x19, 0x29, 0x13, 0x19, 0x29, 0x13, 0x19, 0x29, 
        0x13, 0x19, 0x29, 0x13, 0x19, 0x29, 0x13, 0x19, 0x29, 0x13, 0x19, 0x29, 0x13, 0x19, 0x29, 0x13, 0x19, 0x29, 0x13, 0x19, 0x29, 0x13, 0x19, 0x29, 0x13, 0x19, 0x29, 0x13, 0x19, 0x29, 0x13, 0x19, 0x29, 0x13, 0x19, 0x29, 0x13, 0x19, 0x29, 
        0x13, 0x19, 0x29, 0x13, 0x19, 0x29, 0x13, 0x19, 0x29, 0x13, 0x19, 0x29, 0x13, 0x19, 0x29, 0x13, 0x19, 0x29, 0x13, 0x19, 0x29, 0x13, 0x19, 0x29, 0x13, 0x19, 0x29, 0x13, 0x19, 0x29, 0x13, 0x19, 0x29, 0x13, 0x19, 0x29, 0x13, 0x19, 0x29, 
        0x13, 0x19, 0x29, 0x13, 0x19, 0x29, 0x13, 0x19, 0x29, 0x13, 0x19, 0x29, 0x13, 0x19, 0x29, 0x13, 0x19, 0x29, 0x13, 0x19, 0x29, 0x13, 0x19, 0x29, 0x13, 0x19, 0x29, 0x13, 0x19, 0x29, 0x13, 0x19, 0x29, 0x13, 0x19, 0x29, 0x13, 0x19, 0x29, 
        0x13, 0x19, 0x29, 0x13, 0x19, 0x29, 0x13, 0x19, 0x29, 0x13, 0x19, 0x29, 0x13, 0x19, 0x29, 0x13, 0x19, 0x29, 0x13, 0x19, 0x29, 0x13, 0x19, 0x29, 0x13, 0x19, 0x29, 0x13, 0x19, 0x29, 0x13, 0x19, 0x29, 0x13, 0x19, 0x29, 0x13, 0x19, 0x29, 
        0x13, 0x19, 0x29, 0xA0, 0xA2, 0xA9, 0xFF, 0xFF, 0xFF, 0x95, 0x97, 0x9F, 0x13, 0x19, 0x29, 0x13, 0x19, 0x29, 0x13, 0x19, 0x29, 0x13, 0x19, 0x29, 0x13, 0x19, 0x29, 0xC1, 0xC3, 0xC7, 0x60, 0x64, 0x6F, 0x13, 0x19, 0x29, 0xED, 0xED, 0xEF, 
        0x34, 0x39, 0x47, 0x13, 0x19, 0x29, 0x13, 0x19, 0x29, 0x13, 0x19, 0x29, 0x13, 0x19, 0x29, 0x13, 0x19, 0x29, 0x13, 0x19, 0x29, 0x13, 0x19, 0x29, 0x13, 0x19, 0x29, 0x13, 0x19, 0x29, 0x13, 0x19, 0x29, 0x13, 0x19, 0x29, 0x13, 0x19, 0x29, 
        0x13, 0x19, 0x29, 0x13, 0x19, 0x29, 0x34, 0x39, 0x47, 0xED, 0xED, 0xEF, 0x13, 0x19, 0x29, 0x60, 0x64, 0x6F, 0xC1, 0xC3, 0xC7, 0x13, 0x19, 0x29, 0x13, 0x19, 0x29, 0x13, 0x19, 0x29, 0x13, 0x19, 0x29, 0x13, 0x19, 0x29, 0x95, 0x97, 0x9F, 
        0xFF, 0xFF, 0xFF, 0xA0, 0xA2, 0xA9, 0x13, 0x19, 0x29, 0x13, 0x19, 0x29, 0x13, 0x19, 0x29, 0x13, 0x19, 0x29, 0x13, 0x19, 0x29, 0x13, 0x19, 0x29, 0x13, 0x19, 0x29, 0x13, 0x19, 0x29, 0x13, 0x19, 0x29, 0x13, 0x19, 0x29, 0x13, 0x19, 0x29, 
        0x13, 0x19, 0x29, 0x13, 0x19, 0x29, 0x13, 0x19, 0x29, 0x13, 0x19, 0x29, 0x13, 0x19, 0x29, 0x13, 0x19, 0x29, 0x13, 0x19, 0x29, 0x13, 0x19, 0x29, 0x13, 0x19, 0x29, 0x13, 0x19, 0x29, 0x13, 0x19, 0x29, 0x13, 0x19, 0x29, 0x13, 0x19, 0x29, 
        0x13, 0x19, 0x29, 0x13, 0x19, 0x29, 0x13, 0x19, 0x29, 0x13, 0x19, 0x29, 0x13, 0x19, 0x29, 0x13, 0x19, 0x29, 0x13, 0x19, 0x29, 0x13, 0x19, 0x29, 0x13, 0x19, 0x29, 0x13, 0x19, 0x29, 0x13, 0x19, 0x29, 0x13, 0x19, 0x29, 0x13, 0x19, 0x29, 
        0x13, 0x19, 0x29, 0x13, 0x19, 0x29, 0x13, 0x19, 0x29, 0x13, 0x19, 0x29, 0x13, 0x19, 0x29, 0x13, 0x19, 0x29, 0x13, 0x19, 0x29, 0x13, 0x19, 0x29, 0x13, 0x19, 0x29, 0x13, 0x19, 0x29, 0x13, 0x19, 0x29, 0x13, 0x19, 0x29, 0x13, 0x19, 0x29, 
        0x13, 0x19, 0x29, 0x13, 0x19, 0x29, 0x13, 0x19, 0x29, 0x13, 0x19, 0x29, 0x13, 0x19, 0x29, 0x13, 0x19, 0x29, 0x13, 0x19, 0x29, 0x13, 0x19, 0x29, 0x13, 0x19, 0x29, 0x13, 0x19, 0x29, 0x13, 0x19, 0x29, 0x13, 0x19, 0x29, 0x13, 0x19, 0x29, 
        0x13, 0x19, 0x29, 0x13, 0x19, 0x29, 0x13, 0x19, 0x29, 0x13, 0x19, 0x29, 0x13, 0x19, 0x29, 0x13, 0x19, 0x29, 0x13, 0x19, 0x29, 0x13, 0x19, 0x29, 0x13, 0x19, 0x29, 0x13, 0x19, 0x29, 0x13, 0x19, 0x29, 0x13, 0x19, 0x29, 0x13, 0x19, 0x29, 
        0x13, 0x19, 0x29, 0x13, 0x19, 0x29, 0x13, 0x19, 0x29, 0x13, 0x19, 0x29,
  0x13, 0x19, 0x29, 0x13, 0x19, 0x29, 0x13, 0x19, 0x29, 0x13, 0x19, 0x29, 0x13, 0x19, 0x29, 0x13, 0x19, 0x29, 0x13, 0x19, 0x29, 0x13, 0x19, 0x29, 0x13, 0x19, 0x29, 0x13, 0x19, 0x29, 0x13, 0x19, 0x29, 0x13, 0x19, 0x29, 0x13, 0x19, 0x29, 0x13, 0x19, 0x29, 
        0x13, 0x19, 0x29, 0x13, 0x19, 0x29, 0x13, 0x19, 0x29, 0x13, 0x19, 0x29, 0x13, 0x19, 0x29, 0x13, 0x19, 0x29, 0x13, 0x19, 0x29, 0x13, 0x19, 0x29, 0x13, 0x19, 0x29, 0x13, 0x19, 0x29, 0x13, 0x19, 0x29, 0x13, 0x19, 0x29, 0x13, 0x19, 0x29, 
        0x13, 0x19, 0x29, 0x13, 0x19, 0x29, 0x13, 0x19, 0x29, 0x13, 0x19, 0x29, 0x13, 0x19, 0x29, 0x13, 0x19, 0x29, 0x13, 0x19, 0x29, 0x13, 0x19, 0x29, 0x13, 0x19, 0x29, 0x13, 0x19, 0x29, 0x13, 0x19, 0x29, 0x13, 0x19, 0x29, 0x13, 0x19, 0x29, 
        0x13, 0x19, 0x29, 0x13, 0x19, 0x29, 0x13, 0x19, 0x29, 0x13, 0x19, 0x29, 0x13, 0x19, 0x29, 0x13, 0x19, 0x29, 0x13, 0x19, 0x29, 0x13, 0x19, 0x29, 0x13, 0x19, 0x29, 0x13, 0x19, 0x29, 0x13, 0x19, 0x29, 0x13, 0x19, 0x29, 0x13, 0x19, 0x29, 
        0x13, 0x19, 0x29, 0x13, 0x19, 0x29, 0x13, 0x19, 0x29, 0x13, 0x19, 0x29, 0x13, 0x19, 0x29, 0x13, 0x19, 0x29, 0x13, 0x19, 0x29, 0x13, 0x19, 0x29, 0x13, 0x19, 0x29, 0x13, 0x19, 0x29, 0x13, 0x19, 0x29, 0x13, 0x19, 0x29, 0x13, 0x19, 0x29, 
        0x13, 0x19, 0x29, 0x13, 0x19, 0x29, 0x13, 0x19, 0x29, 0x13, 0x19, 0x29, 0x13, 0x19, 0x29, 0x13, 0x19, 0x29, 0x13, 0x19, 0x29, 0x13, 0x19, 0x29, 0x13, 0x19, 0x29, 0x13, 0x19, 0x29, 0x13, 0x19, 0x29, 0x13, 0x19, 0x29, 0x13, 0x19, 0x29, 
        0x13, 0x19, 0x29, 0xBE, 0xBF, 0xC4, 0xFF, 0xFF, 0xFF, 0x74, 0x78, 0x81, 0x13, 0x19, 0x29, 0x13, 0x19, 0x29, 0x13, 0x19, 0x29, 0x13, 0x19, 0x29, 0x13, 0x19, 0x29, 0xC1, 0xC3, 0xC7, 0x60, 0x64, 0x6F, 0x13, 0x19, 0x29, 0xED, 0xED, 0xEF, 
        0x34, 0x39, 0x47, 0x13, 0x19, 0x29, 0x13, 0x19, 0x29, 0x13, 0x19, 0x29, 0x13, 0x19, 0x29, 0x13, 0x19, 0x29, 0x13, 0x19, 0x29, 0x13, 0x19, 0x29, 0x13, 0x19, 0x29, 0x13, 0x19, 0x29, 0x13, 0x19, 0x29, 0x13, 0x19, 0x29, 0x13, 0x19, 0x29, 
        0x13, 0x19, 0x29, 0x13, 0x19, 0x29, 0x34, 0x39, 0x47, 0xED, 0xED, 0xEF, 0x13, 0x19, 0x29, 0x60, 0x64, 0x6F, 0xC1, 0xC3, 0xC7, 0x13, 0x19, 0x29, 0x13, 0x19, 0x29, 0x13, 0x19, 0x29, 0x13, 0x19, 0x29, 0x13, 0x19, 0x29, 0x74, 0x78, 0x81, 
        0xFF, 0xFF, 0xFF, 0xBE, 0xBF, 0xC4, 0x13, 0x19, 0x29, 0x13, 0x19, 0x29, 0x13, 0x19, 0x29, 0x13, 0x19, 0x29, 0x13, 0x19, 0x29, 0x13, 0x19, 0x29, 0x13, 0x19, 0x29, 0x13, 0x19, 0x29, 0x13, 0x19, 0x29, 0x13, 0x19, 0x29, 0x13, 0x19, 0x29, 
        0x13, 0x19, 0x29, 0x13, 0x19, 0x29, 0x13, 0x19, 0x29, 0x13, 0x19, 0x29, 0x13, 0x19, 0x29, 0x13, 0x19, 0x29, 0x13, 0x19, 0x29, 0x13, 0x19, 0x29, 0x13, 0x19, 0x29, 0x13, 0x19, 0x29, 0x13, 0x19, 0x29, 0x13, 0x19, 0x29, 0x13, 0x19, 0x29, 
        0x13, 0x19, 0x29, 0x13, 0x19, 0x29, 0x13, 0x19, 0x29, 0x13, 0x19, 0x29, 0x13, 0x19, 0x29, 0x13, 0x19, 0x29, 0x13, 0x19, 0x29, 0x13, 0x19, 0x29, 0x13, 0x19, 0x29, 0x13, 0x19, 0x29, 0x13, 0x19, 0x29, 0x13, 0x19, 0x29, 0x13, 0x19, 0x29, 
        0x13, 0x19, 0x29, 0x13, 0x19, 0x29, 0x13, 0x19, 0x29, 0x13, 0x19, 0x29, 0x13, 0x19, 0x29, 0x13, 0x19, 0x29, 0x13, 0x19, 0x29, 0x13, 0x19, 0x29, 0x13, 0x19, 0x29, 0x13, 0x19, 0x29, 0x13, 0x19, 0x29, 0x13, 0x19, 0x29, 0x13, 0x19, 0x29, 
        0x13, 0x19, 0x29, 0x13, 0x19, 0x29, 0x13, 0x19, 0x29, 0x13, 0x19, 0x29, 0x13, 0x19, 0x29, 0x13, 0x19, 0x29, 0x13, 0x19, 0x29, 0x13, 0x19, 0x29, 0x13, 0x19, 0x29, 0x13, 0x19, 0x29, 0x13, 0x19, 0x29, 0x13, 0x19, 0x29, 0x13, 0x19, 0x29, 
        0x13, 0x19, 0x29, 0x13, 0x19, 0x29, 0x13, 0x19, 0x29, 0x13, 0x19, 0x29, 0x13, 0x19, 0x29, 0x13, 0x19, 0x29, 0x13, 0x19, 0x29, 0x13, 0x19, 0x29, 0x13, 0x19, 0x29, 0x13, 0x19, 0x29, 0x13, 0x19, 0x29, 0x13, 0x19, 0x29, 0x13, 0x19, 0x29, 
        0x13, 0x19, 0x29, 0x13, 0x19, 0x29, 0x13, 0x19, 0x29, 0x13, 0x19, 0x29,
  0x13, 0x19, 0x29, 0x13, 0x19, 0x29, 0x13, 0x19, 0x29, 0x13, 0x19, 0x29, 0x13, 0x19, 0x29, 0x13, 0x19, 0x29, 0x13, 0x19, 0x29, 0x13, 0x19, 0x29, 0x13, 0x19, 0x29, 0x13, 0x19, 0x29, 0x13, 0x19, 0x29, 0x13, 0x19, 0x29, 0x13, 0x19, 0x29, 0x13, 0x19, 0x29, 
        0x13, 0x19, 0x29, 0x13, 0x19, 0x29, 0x13, 0x19, 0x29, 0x13, 0x19, 0x29, 0x13, 0x19, 0x29, 0x13, 0x19, 0x29, 0x13, 0x19, 0x29, 0x13, 0x19, 0x29, 0x13, 0x19, 0x29, 0x13, 0x19, 0x29, 0x13, 0x19, 0x29, 0x13, 0x19, 0x29, 0x13, 0x19, 0x29, 
        0x13, 0x19, 0x29, 0x13, 0x19, 0x29, 0x13, 0x19, 0x29, 0x13, 0x19, 0x29, 0x13, 0x19, 0x29, 0x13, 0x19, 0x29, 0x13, 0x19, 0x29, 0x13, 0x19, 0x29, 0x13, 0x19, 0x29, 0x13, 0x19, 0x29, 0x13, 0x19, 0x29, 0x13, 0x19, 0x29, 0x13, 0x19, 0x29, 
        0x13, 0x19, 0x29, 0x13, 0x19, 0x29, 0x13, 0x19, 0x29, 0x13, 0x19, 0x29, 0x13, 0x19, 0x29, 0x13, 0x19, 0x29, 0x13, 0x19, 0x29, 0x13, 0x19, 0x29, 0x13, 0x19, 0x29, 0x13, 0x19, 0x29, 0x13, 0x19, 0x29, 0x13, 0x19, 0x29, 0x13, 0x19, 0x29, 
        0x13, 0x19, 0x29, 0x13, 0x19, 0x29, 0x13, 0x19, 0x29, 0x13, 0x19, 0x29, 0x13, 0x19, 0x29, 0x13, 0x19, 0x29, 0x13, 0x19, 0x29, 0x13, 0x19, 0x29, 0x13, 0x19, 0x29, 0x13, 0x19, 0x29, 0x13, 0x19, 0x29, 0x13, 0x19, 0x29, 0x13, 0x19, 0x29, 
        0x13, 0x19, 0x29, 0x13, 0x19, 0x29, 0x13, 0x19, 0x29, 0x13, 0x19, 0x29, 0x13, 0x19, 0x29, 0x13, 0x19, 0x29, 0x13, 0x19, 0x29, 0x13, 0x19, 0x29, 0x13, 0x19, 0x29, 0x13, 0x19, 0x29, 0x13, 0x19, 0x29, 0x13, 0x19, 0x29, 0x13, 0x19, 0x29, 
        0x13, 0x19, 0x29, 0xCA, 0xCB, 0xCF, 0xFF, 0xFF, 0xFF, 0x66, 0x6A, 0x74, 0x13, 0x19, 0x29, 0x13, 0x19, 0x29, 0x13, 0x19, 0x29, 0x13, 0x19, 0x29, 0x13, 0x19, 0x29, 0xC1, 0xC3, 0xC7, 0x60, 0x64, 0x6F, 0x13, 0x19, 0x29, 0xED, 0xED, 0xEF, 
        0x34, 0x39, 0x47, 0x13, 0x19, 0x29, 0x13, 0x19, 0x29, 0x13, 0x19, 0x29, 0x13, 0x19, 0x29, 0x13, 0x19, 0x29, 0x13, 0x19, 0x29, 0x13, 0x19, 0x29, 0x13, 0x19, 0x29, 0x13, 0x19, 0x29, 0x13, 0x19, 0x29, 0x13, 0x19, 0x29, 0x13, 0x19, 0x29, 
        0x13, 0x19, 0x29, 0x13, 0x19, 0x29, 0x34, 0x39, 0x47, 0xED, 0xED, 0xEF, 0x13, 0x19, 0x29, 0x60, 0x64, 0x6F, 0xC1, 0xC3, 0xC7, 0x13, 0x19, 0x29, 0x13, 0x19, 0x29, 0x13, 0x19, 0x29, 0x13, 0x19, 0x29, 0x13, 0x19, 0x29, 0x66, 0x6A, 0x74, 
        0xFF, 0xFF, 0xFF, 0xCA, 0xCB, 0xCF, 0x13, 0x19, 0x29, 0x13, 0x19, 0x29, 0x13, 0x19, 0x29, 0x13, 0x19, 0x29, 0x13, 0x19, 0x29, 0x13, 0x19, 0x29, 0x13, 0x19, 0x29, 0x13, 0x19, 0x29, 0x13, 0x19, 0x29, 0x13, 0x19, 0x29, 0x13, 0x19, 0x29, 
        0x13, 0x19, 0x29, 0x13, 0x19, 0x29, 0x13, 0x19, 0x29, 0x13, 0x19, 0x29, 0x13, 0x19, 0x29, 0x13, 0x19, 0x29, 0x13, 0x19, 0x29, 0x13, 0x19, 0x29, 0x13, 0x19, 0x29, 0x13, 0x19, 0x29, 0x13, 0x19, 0x29, 0x13, 0x19, 0x29, 0x13, 0x19, 0x29, 
        0x13, 0x19, 0x29, 0x13, 0x19, 0x29, 0x13, 0x19, 0x29, 0x13, 0x19, 0x29, 0x13, 0x19, 0x29, 0x13, 0x19, 0x29, 0x13, 0x19, 0x29, 0x13, 0x19, 0x29, 0x13, 0x19, 0x29, 0x13, 0x19, 0x29, 0x13, 0x19, 0x29, 0x13, 0x19, 0x29, 0x13, 0x19, 0x29, 
        0x13, 0x19, 0x29, 0x13, 0x19, 0x29, 0x13, 0x19, 0x29, 0x13, 0x19, 0x29, 0x13, 0x19, 0x29, 0x13, 0x19, 0x29, 0x13, 0x19, 0x29, 0x13, 0x19, 0x29, 0x13, 0x19, 0x29, 0x13, 0x19, 0x29, 0x13, 0x19, 0x29, 0x13, 0x19, 0x29, 0x13, 0x19, 0x29, 
        0x13, 0x19, 0x29, 0x13, 0x19, 0x29, 0x13, 0x19, 0x29, 0x13, 0x19, 0x29, 0x13, 0x19, 0x29, 0x13, 0x19, 0x29, 0x13, 0x19, 0x29, 0x13, 0x19, 0x29, 0x13, 0x19, 0x29, 0x13, 0x19, 0x29, 0x13, 0x19, 0x29, 0x13, 0x19, 0x29, 0x13, 0x19, 0x29, 
        0x13, 0x19, 0x29, 0x13, 0x19, 0x29, 0x13, 0x19, 0x29, 0x13, 0x19, 0x29, 0x13, 0x19, 0x29, 0x13, 0x19, 0x29, 0x13, 0x19, 0x29, 0x13, 0x19, 0x29, 0x13, 0x19, 0x29, 0x13, 0x19, 0x29, 0x13, 0x19, 0x29, 0x13, 0x19, 0x29, 0x13, 0x19, 0x29, 
        0x13, 0x19, 0x29, 0x13, 0x19, 0x29, 0x13, 0x19, 0x29, 0x13, 0x19, 0x29,
  0x13, 0x19, 0x29, 0x13, 0x19, 0x29, 0x13, 0x19, 0x29, 0x13, 0x19, 0x29, 0x13, 0x19, 0x29, 0x13, 0x19, 0x29, 0x13, 0x19, 0x29, 0x13, 0x19, 0x29, 0x13, 0x19, 0x29, 0x13, 0x19, 0x29, 0x13, 0x19, 0x29, 0x13, 0x19, 0x29, 0x13, 0x19, 0x29, 0x13, 0x19, 0x29, 
        0x13, 0x19, 0x29, 0x13, 0x19, 0x29, 0x13, 0x19, 0x29, 0x13, 0x19, 0x29, 0x13, 0x19, 0x29, 0x13, 0x19, 0x29, 0x13, 0x19, 0x29, 0x13, 0x19, 0x29, 0x13, 0x19, 0x29, 0x13, 0x19, 0x29, 0x13, 0x19, 0x29, 0x13, 0x19, 0x29, 0x13, 0x19, 0x29, 
        0x13, 0x19, 0x29, 0x13, 0x19, 0x29, 0x13, 0x19, 0x29, 0x13, 0x19, 0x29, 0x13, 0x19, 0x29, 0x13, 0x19, 0x29, 0x13, 0x19, 0x29, 0x13, 0x19, 0x29, 0x13, 0x19, 0x29, 0x13, 0x19, 0x29, 0x13, 0x19, 0x29, 0x13, 0x19, 0x29, 0x13, 0x19, 0x29, 
        0x13, 0x19, 0x29, 0x13, 0x19, 0x29, 0x13, 0x19, 0x29, 0x13, 0x19, 0x29, 0x13, 0x19, 0x29, 0x13, 0x19, 0x29, 0x13, 0x19, 0x29, 0x13, 0x19, 0x29, 0x13, 0x19, 0x29, 0x13, 0x19, 0x29, 0x13, 0x19, 0x29, 0x13, 0x19, 0x29, 0x13, 0x19, 0x29, 
        0x13, 0x19, 0x29, 0x13, 0x19, 0x29, 0x13, 0x19, 0x29, 0x13, 0x19, 0x29, 0x13, 0x19, 0x29, 0x13, 0x19, 0x29, 0x13, 0x19, 0x29, 0x13, 0x19, 0x29, 0x13, 0x19, 0x29, 0x13, 0x19, 0x29, 0x13, 0x19, 0x29, 0x13, 0x19, 0x29, 0x13, 0x19, 0x29, 
        0x13, 0x19, 0x29, 0x13, 0x19, 0x29, 0x13, 0x19, 0x29, 0x13, 0x19, 0x29, 0x13, 0x19, 0x29, 0x13, 0x19, 0x29, 0x13, 0x19, 0x29, 0x13, 0x19, 0x29, 0x13, 0x19, 0x29, 0x13, 0x19, 0x29, 0x13, 0x19, 0x29, 0x13, 0x19, 0x29, 0x13, 0x19, 0x29, 
        0x13, 0x19, 0x29, 0xCF, 0xD0, 0xD4, 0xFF, 0xFF, 0xFF, 0x61, 0x65, 0x6F, 0x13, 0x19, 0x29, 0x13, 0x19, 0x29, 0x13, 0x19, 0x29, 0x13, 0x19, 0x29, 0x13, 0x19, 0x29, 0xC1, 0xC3, 0xC7, 0x60, 0x64, 0x6F, 0x13, 0x19, 0x29, 0xED, 0xED, 0xEF, 
        0x34, 0x39, 0x47, 0x13, 0x19, 0x29, 0x13, 0x19, 0x29, 0x13, 0x19, 0x29, 0x13, 0x19, 0x29, 0x13, 0x19, 0x29, 0x13, 0x19, 0x29, 0x13, 0x19, 0x29, 0x13, 0x19, 0x29, 0x13, 0x19, 0x29, 0x13, 0x19, 0x29, 0x13, 0x19, 0x29, 0x13, 0x19, 0x29, 
        0x13, 0x19, 0x29, 0x13, 0x19, 0x29, 0x34, 0x39, 0x47, 0xED, 0xED, 0xEF, 0x13, 0x19, 0x29, 0x60, 0x64, 0x6F, 0xC1, 0xC3, 0xC7, 0x13, 0x19, 0x29, 0x13, 0x19, 0x29, 0x13, 0x19, 0x29, 0x13, 0x19, 0x29, 0x13, 0x19, 0x29, 0x61, 0x65, 0x6F, 
        0xFF, 0xFF, 0xFF, 0xCF, 0xD0, 0xD4, 0x13, 0x19, 0x29, 0x13, 0x19, 0x29, 0x13, 0x19, 0x29, 0x13, 0x19, 0x29, 0x13, 0x19, 0x29, 0x13, 0x19, 0x29, 0x13, 0x19, 0x29, 0x13, 0x19, 0x29, 0x13, 0x19, 0x29, 0x13, 0x19, 0x29, 0x13, 0x19, 0x29, 
        0x13, 0x19, 0x29, 0x13, 0x19, 0x29, 0x13, 0x19, 0x29, 0x13, 0x19, 0x29, 0x13, 0x19, 0x29, 0x13, 0x19, 0x29, 0x13, 0x19, 0x29, 0x13, 0x19, 0x29, 0x13, 0x19, 0x29, 0x13, 0x19, 0x29, 0x13, 0x19, 0x29, 0x13, 0x19, 0x29, 0x13, 0x19, 0x29, 
        0x13, 0x19, 0x29, 0x13, 0x19, 0x29, 0x13, 0x19, 0x29, 0x13, 0x19, 0x29, 0x13, 0x19, 0x29, 0x13, 0x19, 0x29, 0x13, 0x19, 0x29, 0x13, 0x19, 0x29, 0x13, 0x19, 0x29, 0x13, 0x19, 0x29, 0x13, 0x19, 0x29, 0x13, 0x19, 0x29, 0x13, 0x19, 0x29, 
        0x13, 0x19, 0x29, 0x13, 0x19, 0x29, 0x13, 0x19, 0x29, 0x13, 0x19, 0x29, 0x13, 0x19, 0x29, 0x13, 0x19, 0x29, 0x13, 0x19, 0x29, 0x13, 0x19, 0x29, 0x13, 0x19, 0x29, 0x13, 0x19, 0x29, 0x13, 0x19, 0x29, 0x13, 0x19, 0x29, 0x13, 0x19, 0x29, 
        0x13, 0x19, 0x29, 0x13, 0x19, 0x29, 0x13, 0x19, 0x29, 0x13, 0x19, 0x29, 0x13, 0x19, 0x29, 0x13, 0x19, 0x29, 0x13, 0x19, 0x29, 0x13, 0x19, 0x29, 0x13, 0x19, 0x29, 0x13, 0x19, 0x29, 0x13, 0x19, 0x29, 0x13, 0x19, 0x29, 0x13, 0x19, 0x29, 
        0x13, 0x19, 0x29, 0x13, 0x19, 0x29, 0x13, 0x19, 0x29, 0x13, 0x19, 0x29, 0x13, 0x19, 0x29, 0x13, 0x19, 0x29, 0x13, 0x19, 0x29, 0x13, 0x19, 0x29, 0x13, 0x19, 0x29, 0x13, 0x19, 0x29, 0x13, 0x19, 0x29, 0x13, 0x19, 0x29, 0x13, 0x19, 0x29, 
        0x13, 0x19, 0x29, 0x13, 0x19, 0x29, 0x13, 0x19, 0x29, 0x13, 0x19, 0x29,
  0x13, 0x19, 0x29, 0x13, 0x19, 0x29, 0x13, 0x19, 0x29, 0x13, 0x19, 0x29, 0x13, 0x19, 0x29, 0x13, 0x19, 0x29, 0x13, 0x19, 0x29, 0x13, 0x19, 0x29, 0x13, 0x19, 0x29, 0x13, 0x19, 0x29, 0x13, 0x19, 0x29, 0x13, 0x19, 0x29, 0x13, 0x19, 0x29, 0x13, 0x19, 0x29, 
        0x13, 0x19, 0x29, 0x13, 0x19, 0x29, 0x13, 0x19, 0x29, 0x13, 0x19, 0x29, 0x13, 0x19, 0x29, 0x13, 0x19, 0x29, 0x13, 0x19, 0x29, 0x13, 0x19, 0x29, 0x13, 0x19, 0x29, 0x13, 0x19, 0x29, 0x13, 0x19, 0x29, 0x13, 0x19, 0x29, 0x13, 0x19, 0x29, 
        0x13, 0x19, 0x29, 0x13, 0x19, 0x29, 0x13, 0x19, 0x29, 0x13, 0x19, 0x29, 0x13, 0x19, 0x29, 0x13, 0x19, 0x29, 0x13, 0x19, 0x29, 0x13, 0x19, 0x29, 0x13, 0x19, 0x29, 0x13, 0x19, 0x29, 0x13, 0x19, 0x29, 0x13, 0x19, 0x29, 0x13, 0x19, 0x29, 
        0x13, 0x19, 0x29, 0x13, 0x19, 0x29, 0x13, 0x19, 0x29, 0x13, 0x19, 0x29, 0x13, 0x19, 0x29, 0x13, 0x19, 0x29, 0x13, 0x19, 0x29, 0x13, 0x19, 0x29, 0x13, 0x19, 0x29, 0x13, 0x19, 0x29, 0x13, 0x19, 0x29, 0x13, 0x19, 0x29, 0x13, 0x19, 0x29, 
        0x13, 0x19, 0x29, 0x13, 0x19, 0x29, 0x13, 0x19, 0x29, 0x13, 0x19, 0x29, 0x13, 0x19, 0x29, 0x13, 0x19, 0x29, 0x13, 0x19, 0x29, 0x13, 0x19, 0x29, 0x13, 0x19, 0x29, 0x13, 0x19, 0x29, 0x13, 0x19, 0x29, 0x13, 0x19, 0x29, 0x13, 0x19, 0x29, 
        0x13, 0x19, 0x29, 0x13, 0x19, 0x29, 0x13, 0x19, 0x29, 0x13, 0x19, 0x29, 0x13, 0x19, 0x29, 0x13, 0x19, 0x29, 0x13, 0x19, 0x29, 0x13, 0x19, 0x29, 0x13, 0x19, 0x29, 0x13, 0x19, 0x29, 0x13, 0x19, 0x29, 0x13, 0x19, 0x29, 0x13, 0x19, 0x29, 
        0x13, 0x19, 0x29, 0xC4, 0xC6, 0xCA, 0xFF, 0xFF, 0xFF, 0x6C, 0x70, 0x7A, 0x13, 0x19, 0x29, 0x13, 0x19, 0x29, 0x13, 0x19, 0x29, 0x13, 0x19, 0x29, 0x13, 0x19, 0x29, 0xC1, 0xC3, 0xC7, 0x60, 0x64, 0x6F, 0x13, 0x19, 0x29, 0xED, 0xED, 0xEF, 
        0x34, 0x39, 0x47, 0x13, 0x19, 0x29, 0x13, 0x19, 0x29, 0x13, 0x19, 0x29, 0x13, 0x19, 0x29, 0x13, 0x19, 0x29, 0x13, 0x19, 0x29, 0x13, 0x19, 0x29, 0x13, 0x19, 0x29, 0x13, 0x19, 0x29, 0x13, 0x19, 0x29, 0x13, 0x19, 0x29, 0x13, 0x19, 0x29, 
        0x13, 0x19, 0x29, 0x13, 0x19, 0x29, 0x34, 0x39, 0x47, 0xED, 0xED, 0xEF, 0x13, 0x19, 0x29, 0x60, 0x64, 0x6F, 0xC1, 0xC3, 0xC7, 0x13, 0x19, 0x29, 0x13, 0x19, 0x29, 0x13, 0x19, 0x29, 0x13, 0x19, 0x29, 0x13, 0x19, 0x29, 0x6C, 0x70, 0x7A, 
        0xFF, 0xFF, 0xFF, 0xC4, 0xC6, 0xCA, 0x13, 0x19, 0x29, 0x13, 0x19, 0x29, 0x13, 0x19, 0x29, 0x13, 0x19, 0x29, 0x13, 0x19, 0x29, 0x13, 0x19, 0x29, 0x13, 0x19, 0x29, 0x13, 0x19, 0x29, 0x13, 0x19, 0x29, 0x13, 0x19, 0x29, 0x13, 0x19, 0x29, 
        0x13, 0x19, 0x29, 0x13, 0x19, 0x29, 0x13, 0x19, 0x29, 0x13, 0x19, 0x29, 0x13, 0x19, 0x29, 0x13, 0x19, 0x29, 0x13, 0x19, 0x29, 0x13, 0x19, 0x29, 0x13, 0x19, 0x29, 0x13, 0x19, 0x29, 0x13, 0x19, 0x29, 0x13, 0x19, 0x29, 0x13, 0x19, 0x29, 
        0x13, 0x19, 0x29, 0x13, 0x19, 0x29, 0x13, 0x19, 0x29, 0x13, 0x19, 0x29, 0x13, 0x19, 0x29, 0x13, 0x19, 0x29, 0x13, 0x19, 0x29, 0x13, 0x19, 0x29, 0x13, 0x19, 0x29, 0x13, 0x19, 0x29, 0x13, 0x19, 0x29, 0x13, 0x19, 0x29, 0x13, 0x19, 0x29, 
        0x13, 0x19, 0x29, 0x13, 0x19, 0x29, 0x13, 0x19, 0x29, 0x13, 0x19, 0x29, 0x13, 0x19, 0x29, 0x13, 0x19, 0x29, 0x13, 0x19, 0x29, 0x13, 0x19, 0x29, 0x13, 0x19, 0x29, 0x13, 0x19, 0x29, 0x13, 0x19, 0x29, 0x13, 0x19, 0x29, 0x13, 0x19, 0x29, 
        0x13, 0x19, 0x29, 0x13, 0x19, 0x29, 0x13, 0x19, 0x29, 0x13, 0x19, 0x29, 0x13, 0x19, 0x29, 0x13, 0x19, 0x29, 0x13, 0x19, 0x29, 0x13, 0x19, 0x29, 0x13, 0x19, 0x29, 0x13, 0x19, 0x29, 0x13, 0x19, 0x29, 0x13, 0x19, 0x29, 0x13, 0x19, 0x29, 
        0x13, 0x19, 0x29, 0x13, 0x19, 0x29, 0x13, 0x19, 0x29, 0x13, 0x19, 0x29, 0x13, 0x19, 0x29, 0x13, 0x19, 0x29, 0x13, 0x19, 0x29, 0x13, 0x19, 0x29, 0x13, 0x19, 0x29, 0x13, 0x19, 0x29, 0x13, 0x19, 0x29, 0x13, 0x19, 0x29, 0x13, 0x19, 0x29, 
        0x13, 0x19, 0x29, 0x13, 0x19, 0x29, 0x13, 0x19, 0x29, 0x13, 0x19, 0x29,
  0x13, 0x19, 0x29, 0x13, 0x19, 0x29, 0x13, 0x19, 0x29, 0x13, 0x19, 0x29, 0x13, 0x19, 0x29, 0x13, 0x19, 0x29, 0x13, 0x19, 0x29, 0x13, 0x19, 0x29, 0x13, 0x19, 0x29, 0x13, 0x19, 0x29, 0x13, 0x19, 0x29, 0x13, 0x19, 0x29, 0x13, 0x19, 0x29, 0x13, 0x19, 0x29, 
        0x13, 0x19, 0x29, 0x13, 0x19, 0x29, 0x13, 0x19, 0x29, 0x13, 0x19, 0x29, 0x13, 0x19, 0x29, 0x13, 0x19, 0x29, 0x13, 0x19, 0x29, 0x13, 0x19, 0x29, 0x13, 0x19, 0x29, 0x13, 0x19, 0x29, 0x13, 0x19, 0x29, 0x13, 0x19, 0x29, 0x13, 0x19, 0x29, 
        0x13, 0x19, 0x29, 0x13, 0x19, 0x29, 0x13, 0x19, 0x29, 0x13, 0x19, 0x29, 0x13, 0x19, 0x29, 0x13, 0x19, 0x29, 0x13, 0x19, 0x29, 0x13, 0x19, 0x29, 0x13, 0x19, 0x29, 0x13, 0x19, 0x29, 0x13, 0x19, 0x29, 0x13, 0x19, 0x29, 0x13, 0x19, 0x29, 
        0x13, 0x19, 0x29, 0x13, 0x19, 0x29, 0x13, 0x19, 0x29, 0x13, 0x19, 0x29, 0x13, 0x19, 0x29, 0x13, 0x19, 0x29, 0x13, 0x19, 0x29, 0x13, 0x19, 0x29, 0x13, 0x19, 0x29, 0x13, 0x19, 0x29, 0x13, 0x19, 0x29, 0x13, 0x19, 0x29, 0x13, 0x19, 0x29, 
        0x13, 0x19, 0x29, 0x13, 0x19, 0x29, 0x13, 0x19, 0x29, 0x13, 0x19, 0x29, 0x13, 0x19, 0x29, 0x13, 0x19, 0x29, 0x13, 0x19, 0x29, 0x13, 0x19, 0x29, 0x13, 0x19, 0x29, 0x13, 0x19, 0x29, 0x13, 0x19, 0x29, 0x13, 0x19, 0x29, 0x13, 0x19, 0x29, 
        0x13, 0x19, 0x29, 0x13, 0x19, 0x29, 0x13, 0x19, 0x29, 0x13, 0x19, 0x29, 0x13, 0x19, 0x29, 0x13, 0x19, 0x29, 0x13, 0x19, 0x29, 0x13, 0x19, 0x29, 0x13, 0x19, 0x29, 0x13, 0x19, 0x29, 0x13, 0x19, 0x29, 0x13, 0x19, 0x29, 0x13, 0x19, 0x29, 
        0x13, 0x19, 0x29, 0xB1, 0xB3, 0xB9, 0xFF, 0xFF, 0xFF, 0x82, 0x85, 0x8E, 0x13, 0x19, 0x29, 0x13, 0x19, 0x29, 0x13, 0x19, 0x29, 0x13, 0x19, 0x29, 0x13, 0x19, 0x29, 0xC1, 0xC3, 0xC7, 0x60, 0x64, 0x6F, 0x13, 0x19, 0x29, 0xED, 0xED, 0xEF, 
        0xA1, 0xA3, 0xAA, 0x90, 0x93, 0x9A, 0x90, 0x93, 0x9A, 0x90, 0x93, 0x9A, 0x90, 0x93, 0x9A, 0x90, 0x93, 0x9A, 0x90, 0x93, 0x9A, 0x90, 0x93, 0x9A, 0x90, 0x93, 0x9A, 0x90, 0x93, 0x9A, 0x90, 0x93, 0x9A, 0x90, 0x93, 0x9A, 0x90, 0x93, 0x9A, 
        0x90, 0x93, 0x9A, 0x90, 0x93, 0x9A, 0xA0, 0xA2, 0xA9, 0xED, 0xED, 0xEF, 0x13, 0x19, 0x29, 0x60, 0x64, 0x6F, 0xC1, 0xC3, 0xC7, 0x13, 0x19, 0x29, 0x13, 0x19, 0x29, 0x13, 0x19, 0x29, 0x13, 0x19, 0x29, 0x13, 0x19, 0x29, 0x83, 0x86, 0x8F, 
        0xFF, 0xFF, 0xFF, 0xB1, 0xB3, 0xB9, 0x13, 0x19, 0x29, 0x13, 0x19, 0x29, 0x13, 0x19, 0x29, 0x13, 0x19, 0x29, 0x13, 0x19, 0x29, 0x13, 0x19, 0x29, 0x13, 0x19, 0x29, 0x13, 0x19, 0x29, 0x13, 0x19, 0x29, 0x13, 0x19, 0x29, 0x13, 0x19, 0x29, 
        0x13, 0x19, 0x29, 0x13, 0x19, 0x29, 0x13, 0x19, 0x29, 0x13, 0x19, 0x29, 0x13, 0x19, 0x29, 0x13, 0x19, 0x29, 0x13, 0x19, 0x29, 0x13, 0x19, 0x29, 0x13, 0x19, 0x29, 0x13, 0x19, 0x29, 0x13, 0x19, 0x29, 0x13, 0x19, 0x29, 0x13, 0x19, 0x29, 
        0x13, 0x19, 0x29, 0x13, 0x19, 0x29, 0x13, 0x19, 0x29, 0x13, 0x19, 0x29, 0x13, 0x19, 0x29, 0x13, 0x19, 0x29, 0x13, 0x19, 0x29, 0x13, 0x19, 0x29, 0x13, 0x19, 0x29, 0x13, 0x19, 0x29, 0x13, 0x19, 0x29, 0x13, 0x19, 0x29, 0x13, 0x19, 0x29, 
        0x13, 0x19, 0x29, 0x13, 0x19, 0x29, 0x13, 0x19, 0x29, 0x13, 0x19, 0x29, 0x13, 0x19, 0x29, 0x13, 0x19, 0x29, 0x13, 0x19, 0x29, 0x13, 0x19, 0x29, 0x13, 0x19, 0x29, 0x13, 0x19, 0x29, 0x13, 0x19, 0x29, 0x13, 0x19, 0x29, 0x13, 0x19, 0x29, 
        0x13, 0x19, 0x29, 0x13, 0x19, 0x29, 0x13, 0x19, 0x29, 0x13, 0x19, 0x29, 0x13, 0x19, 0x29, 0x13, 0x19, 0x29, 0x13, 0x19, 0x29, 0x13, 0x19, 0x29, 0x13, 0x19, 0x29, 0x13, 0x19, 0x29, 0x13, 0x19, 0x29, 0x13, 0x19, 0x29, 0x13, 0x19, 0x29, 
        0x13, 0x19, 0x29, 0x13, 0x19, 0x29, 0x13, 0x19, 0x29, 0x13, 0x19, 0x29, 0x13, 0x19, 0x29, 0x13, 0x19, 0x29, 0x13, 0x19, 0x29, 0x13, 0x19, 0x29, 0x13, 0x19, 0x29, 0x13, 0x19, 0x29, 0x13, 0x19, 0x29, 0x13, 0x19, 0x29, 0x13, 0x19, 0x29, 
        0x13, 0x19, 0x29, 0x13, 0x19, 0x29, 0x13, 0x19, 0x29, 0x13, 0x19, 0x29,
  0x13, 0x19, 0x29, 0x13, 0x19, 0x29, 0x13, 0x19, 0x29, 0x13, 0x19, 0x29, 0x13, 0x19, 0x29, 0x13, 0x19, 0x29, 0x13, 0x19, 0x29, 0x13, 0x19, 0x29, 0x13, 0x19, 0x29, 0x13, 0x19, 0x29, 0x13, 0x19, 0x29, 0x13, 0x19, 0x29, 0x13, 0x19, 0x29, 0x13, 0x19, 0x29, 
        0x13, 0x19, 0x29, 0x13, 0x19, 0x29, 0x13, 0x19, 0x29, 0x13, 0x19, 0x29, 0x13, 0x19, 0x29, 0x13, 0x19, 0x29, 0x13, 0x19, 0x29, 0x13, 0x19, 0x29, 0x13, 0x19, 0x29, 0x13, 0x19, 0x29, 0x13, 0x19, 0x29, 0x13, 0x19, 0x29, 0x13, 0x19, 0x29, 
        0x13, 0x19, 0x29, 0x13, 0x19, 0x29, 0x13, 0x19, 0x29, 0x13, 0x19, 0x29, 0x13, 0x19, 0x29, 0x13, 0x19, 0x29, 0x13, 0x19, 0x29, 0x13, 0x19, 0x29, 0x13, 0x19, 0x29, 0x13, 0x19, 0x29, 0x13, 0x19, 0x29, 0x13, 0x19, 0x29, 0x13, 0x19, 0x29, 
        0x13, 0x19, 0x29, 0x13, 0x19, 0x29, 0x13, 0x19, 0x29, 0x13, 0x19, 0x29, 0x13, 0x19, 0x29, 0x13, 0x19, 0x29, 0x13, 0x19, 0x29, 0x13, 0x19, 0x29, 0x13, 0x19, 0x29, 0x13, 0x19, 0x29, 0x13, 0x19, 0x29, 0x13, 0x19, 0x29, 0x13, 0x19, 0x29, 
        0x13, 0x19, 0x29, 0x13, 0x19, 0x29, 0x13, 0x19, 0x29, 0x13, 0x19, 0x29, 0x13, 0x19, 0x29, 0x13, 0x19, 0x29, 0x13, 0x19, 0x29, 0x13, 0x19, 0x29, 0x13, 0x19, 0x29, 0x13, 0x19, 0x29, 0x13, 0x19, 0x29, 0x13, 0x19, 0x29, 0x13, 0x19, 0x29, 
        0x13, 0x19, 0x29, 0x13, 0x19, 0x29, 0x13, 0x19, 0x29, 0x13, 0x19, 0x29, 0x13, 0x19, 0x29, 0x13, 0x19, 0x29, 0x13, 0x19, 0x29, 0x13, 0x19, 0x29, 0x13, 0x19, 0x29, 0x13, 0x19, 0x29, 0x13, 0x19, 0x29, 0x13, 0x19, 0x29, 0x13, 0x19, 0x29, 
        0x13, 0x19, 0x29, 0x8E, 0x91, 0x99, 0xFF, 0xFF, 0xFF, 0xA7, 0xA9, 0xAF, 0x13, 0x19, 0x29, 0x13, 0x19, 0x29, 0x13, 0x19, 0x29, 0x13, 0x19, 0x29, 0x13, 0x19, 0x29, 0xC1, 0xC3, 0xC7, 0x60, 0x64, 0x6F, 0x13, 0x19, 0x29, 0x72, 0x76, 0x7F, 
        0x90, 0x93, 0x9A, 0x90, 0x93, 0x9A, 0x90, 0x93, 0x9A, 0x90, 0x93, 0x9A, 0x90, 0x93, 0x9A, 0x90, 0x93, 0x9A, 0x90, 0x93, 0x9A, 0x90, 0x93, 0x9A, 0x90, 0x93, 0x9A, 0x90, 0x93, 0x9A, 0x90, 0x93, 0x9A, 0x90, 0x93, 0x9A, 0x90, 0x93, 0x9A, 
        0x90, 0x93, 0x9A, 0x90, 0x93, 0x9A, 0x90, 0x93, 0x9A, 0x73, 0x77, 0x80, 0x13, 0x19, 0x29, 0x60, 0x64, 0x6F, 0xC1, 0xC3, 0xC7, 0x13, 0x19, 0x29, 0x13, 0x19, 0x29, 0x13, 0x19, 0x29, 0x13, 0x19, 0x29, 0x13, 0x19, 0x29, 0xA7, 0xA9, 0xAF, 
        0xFF, 0xFF, 0xFF, 0x8E, 0x91, 0x99, 0x13, 0x19, 0x29, 0x13, 0x19, 0x29, 0x13, 0x19, 0x29, 0x13, 0x19, 0x29, 0x13, 0x19, 0x29, 0x13, 0x19, 0x29, 0x13, 0x19, 0x29, 0x13, 0x19, 0x29, 0x13, 0x19, 0x29, 0x13, 0x19, 0x29, 0x13, 0x19, 0x29, 
        0x13, 0x19, 0x29, 0x13, 0x19, 0x29, 0x13, 0x19, 0x29, 0x13, 0x19, 0x29, 0x13, 0x19, 0x29, 0x13, 0x19, 0x29, 0x13, 0x19, 0x29, 0x13, 0x19, 0x29, 0x13, 0x19, 0x29, 0x13, 0x19, 0x29, 0x13, 0x19, 0x29, 0x13, 0x19, 0x29, 0x13, 0x19, 0x29, 
        0x13, 0x19, 0x29, 0x13, 0x19, 0x29, 0x13, 0x19, 0x29, 0x13, 0x19, 0x29, 0x13, 0x19, 0x29, 0x13, 0x19, 0x29, 0x13, 0x19, 0x29, 0x13, 0x19, 0x29, 0x13, 0x19, 0x29, 0x13, 0x19, 0x29, 0x13, 0x19, 0x29, 0x13, 0x19, 0x29, 0x13, 0x19, 0x29, 
        0x13, 0x19, 0x29, 0x13, 0x19, 0x29, 0x13, 0x19, 0x29, 0x13, 0x19, 0x29, 0x13, 0x19, 0x29, 0x13, 0x19, 0x29, 0x13, 0x19, 0x29, 0x13, 0x19, 0x29, 0x13, 0x19, 0x29, 0x13, 0x19, 0x29, 0x13, 0x19, 0x29, 0x13, 0x19, 0x29, 0x13, 0x19, 0x29, 
        0x13, 0x19, 0x29, 0x13, 0x19, 0x29, 0x13, 0x19, 0x29, 0x13, 0x19, 0x29, 0x13, 0x19, 0x29, 0x13, 0x19, 0x29, 0x13, 0x19, 0x29, 0x13, 0x19, 0x29, 0x13, 0x19, 0x29, 0x13, 0x19, 0x29, 0x13, 0x19, 0x29, 0x13, 0x19, 0x29, 0x13, 0x19, 0x29, 
        0x13, 0x19, 0x29, 0x13, 0x19, 0x29, 0x13, 0x19, 0x29, 0x13, 0x19, 0x29, 0x13, 0x19, 0x29, 0x13, 0x19, 0x29, 0x13, 0x19, 0x29, 0x13, 0x19, 0x29, 0x13, 0x19, 0x29, 0x13, 0x19, 0x29, 0x13, 0x19, 0x29, 0x13, 0x19, 0x29, 0x13, 0x19, 0x29, 
        0x13, 0x19, 0x29, 0x13, 0x19, 0x29, 0x13, 0x19, 0x29, 0x13, 0x19, 0x29,
  0x13, 0x19, 0x29, 0x13, 0x19, 0x29, 0x13, 0x19, 0x29, 0x13, 0x19, 0x29, 0x13, 0x19, 0x29, 0x13, 0x19, 0x29, 0x13, 0x19, 0x29, 0x13, 0x19, 0x29, 0x13, 0x19, 0x29, 0x13, 0x19, 0x29, 0x13, 0x19, 0x29, 0x13, 0x19, 0x29, 0x13, 0x19, 0x29, 0x13, 0x19, 0x29, 
        0x13, 0x19, 0x29, 0x13, 0x19, 0x29, 0x13, 0x19, 0x29, 0x13, 0x19, 0x29, 0x13, 0x19, 0x29, 0x13, 0x19, 0x29, 0x13, 0x19, 0x29, 0x13, 0x19, 0x29, 0x13, 0x19, 0x29, 0x13, 0x19, 0x29, 0x13, 0x19, 0x29, 0x13, 0x19, 0x29, 0x13, 0x19, 0x29, 
        0x13, 0x19, 0x29, 0x13, 0x19, 0x29, 0x13, 0x19, 0x29, 0x13, 0x19, 0x29, 0x13, 0x19, 0x29, 0x13, 0x19, 0x29, 0x13, 0x19, 0x29, 0x13, 0x19, 0x29, 0x13, 0x19, 0x29, 0x13, 0x19, 0x29, 0x13, 0x19, 0x29, 0x13, 0x19, 0x29, 0x13, 0x19, 0x29, 
        0x13, 0x19, 0x29, 0x13, 0x19, 0x29, 0x13, 0x19, 0x29, 0x13, 0x19, 0x29, 0x13, 0x19, 0x29, 0x13, 0x19, 0x29, 0x13, 0x19, 0x29, 0x13, 0x19, 0x29, 0x13, 0x19, 0x29, 0x13, 0x19, 0x29, 0x13, 0x19, 0x29, 0x13, 0x19, 0x29, 0x13, 0x19, 0x29, 
        0x13, 0x19, 0x29, 0x13, 0x19, 0x29, 0x13, 0x19, 0x29, 0x13, 0x19, 0x29, 0x13, 0x19, 0x29, 0x13, 0x19, 0x29, 0x13, 0x19, 0x29, 0x13, 0x19, 0x29, 0x13, 0x19, 0x29, 0x13, 0x19, 0x29, 0x13, 0x19, 0x29, 0x13, 0x19, 0x29, 0x13, 0x19, 0x29, 
        0x13, 0x19, 0x29, 0x13, 0x19, 0x29, 0x13, 0x19, 0x29, 0x13, 0x19, 0x29, 0x13, 0x19, 0x29, 0x13, 0x19, 0x29, 0x13, 0x19, 0x29, 0x13, 0x19, 0x29, 0x13, 0x19, 0x29, 0x13, 0x19, 0x29, 0x13, 0x19, 0x29, 0x13, 0x19, 0x29, 0x13, 0x19, 0x29, 
        0x13, 0x19, 0x29, 0x62, 0x66, 0x71, 0xFF, 0xFF, 0xFF, 0xDC, 0xDD, 0xDF, 0x13, 0x19, 0x29, 0x13, 0x19, 0x29, 0x13, 0x19, 0x29, 0x13, 0x19, 0x29, 0x13, 0x19, 0x29, 0xC1, 0xC3, 0xC7, 0x60, 0x64, 0x6F, 0x13, 0x19, 0x29, 0x1E, 0x23, 0x33, 
        0x29, 0x2E, 0x3D, 0x29, 0x2E, 0x3D, 0x29, 0x2E, 0x3D, 0x29, 0x2E, 0x3D, 0x29, 0x2E, 0x3D, 0x29, 0x2E, 0x3D, 0x29, 0x2E, 0x3D, 0x29, 0x2E, 0x3D, 0x29, 0x2E, 0x3D, 0x29, 0x2E, 0x3D, 0x29, 0x2E, 0x3D, 0x26, 0x2C, 0x3A, 0x13, 0x19, 0x29, 
        0x1E, 0x23, 0x33, 0x29, 0x2E, 0x3D, 0x29, 0x2E, 0x3D, 0x1E, 0x23, 0x33, 0x13, 0x19, 0x29, 0x60, 0x64, 0x6F, 0xC1, 0xC3, 0xC7, 0x13, 0x19, 0x29, 0x13, 0x19, 0x29, 0x13, 0x19, 0x29, 0x13, 0x19, 0x29, 0x13, 0x19, 0x29, 0xDC, 0xDD, 0xDF, 
        0xFF, 0xFF, 0xFF, 0x62, 0x66, 0x71, 0x13, 0x19, 0x29, 0x13, 0x19, 0x29, 0x13, 0x19, 0x29, 0x13, 0x19, 0x29, 0x13, 0x19, 0x29, 0x13, 0x19, 0x29, 0x13, 0x19, 0x29, 0x13, 0x19, 0x29, 0x13, 0x19, 0x29, 0x13, 0x19, 0x29, 0x13, 0x19, 0x29, 
        0x13, 0x19, 0x29, 0x13, 0x19, 0x29, 0x13, 0x19, 0x29, 0x13, 0x19, 0x29, 0x13, 0x19, 0x29, 0x13, 0x19, 0x29, 0x13, 0x19, 0x29, 0x13, 0x19, 0x29, 0x13, 0x19, 0x29, 0x13, 0x19, 0x29, 0x13, 0x19, 0x29, 0x13, 0x19, 0x29, 0x13, 0x19, 0x29, 
        0x13, 0x19, 0x29, 0x13, 0x19, 0x29, 0x13, 0x19, 0x29, 0x13, 0x19, 0x29, 0x13, 0x19, 0x29, 0x13, 0x19, 0x29, 0x13, 0x19, 0x29, 0x13, 0x19, 0x29, 0x13, 0x19, 0x29, 0x13, 0x19, 0x29, 0x13, 0x19, 0x29, 0x13, 0x19, 0x29, 0x13, 0x19, 0x29, 
        0x13, 0x19, 0x29, 0x13, 0x19, 0x29, 0x13, 0x19, 0x29, 0x13, 0x19, 0x29, 0x13, 0x19, 0x29, 0x13, 0x19, 0x29, 0x13, 0x19, 0x29, 0x13, 0x19, 0x29, 0x13, 0x19, 0x29, 0x13, 0x19, 0x29, 0x13, 0x19, 0x29, 0x13, 0x19, 0x29, 0x13, 0x19, 0x29, 
        0x13, 0x19, 0x29, 0x13, 0x19, 0x29, 0x13, 0x19, 0x29, 0x13, 0x19, 0x29, 0x13, 0x19, 0x29, 0x13, 0x19, 0x29, 0x13, 0x19, 0x29, 0x13, 0x19, 0x29, 0x13, 0x19, 0x29, 0x13, 0x19, 0x29, 0x13, 0x19, 0x29, 0x13, 0x19, 0x29, 0x13, 0x19, 0x29, 
        0x13, 0x19, 0x29, 0x13, 0x19, 0x29, 0x13, 0x19, 0x29, 0x13, 0x19, 0x29, 0x13, 0x19, 0x29, 0x13, 0x19, 0x29, 0x13, 0x19, 0x29, 0x13, 0x19, 0x29, 0x13, 0x19, 0x29, 0x13, 0x19, 0x29, 0x13, 0x19, 0x29, 0x13, 0x19, 0x29, 0x13, 0x19, 0x29, 
        0x13, 0x19, 0x29, 0x13, 0x19, 0x29, 0x13, 0x19, 0x29, 0x13, 0x19, 0x29,
  0x13, 0x19, 0x29, 0x13, 0x19, 0x29, 0x13, 0x19, 0x29, 0x13, 0x19, 0x29, 0x13, 0x19, 0x29, 0x13, 0x19, 0x29, 0x13, 0x19, 0x29, 0x13, 0x19, 0x29, 0x13, 0x19, 0x29, 0x13, 0x19, 0x29, 0x13, 0x19, 0x29, 0x13, 0x19, 0x29, 0x13, 0x19, 0x29, 0x13, 0x19, 0x29, 
        0x13, 0x19, 0x29, 0x13, 0x19, 0x29, 0x13, 0x19, 0x29, 0x13, 0x19, 0x29, 0x13, 0x19, 0x29, 0x13, 0x19, 0x29, 0x13, 0x19, 0x29, 0x13, 0x19, 0x29, 0x13, 0x19, 0x29, 0x13, 0x19, 0x29, 0x13, 0x19, 0x29, 0x13, 0x19, 0x29, 0x13, 0x19, 0x29, 
        0x13, 0x19, 0x29, 0x13, 0x19, 0x29, 0x13, 0x19, 0x29, 0x13, 0x19, 0x29, 0x13, 0x19, 0x29, 0x13, 0x19, 0x29, 0x13, 0x19, 0x29, 0x13, 0x19, 0x29, 0x13, 0x19, 0x29, 0x13, 0x19, 0x29, 0x13, 0x19, 0x29, 0x13, 0x19, 0x29, 0x13, 0x19, 0x29, 
        0x13, 0x19, 0x29, 0x13, 0x19, 0x29, 0x13, 0x19, 0x29, 0x13, 0x19, 0x29, 0x13, 0x19, 0x29, 0x13, 0x19, 0x29, 0x13, 0x19, 0x29, 0x13, 0x19, 0x29, 0x13, 0x19, 0x29, 0x13, 0x19, 0x29, 0x13, 0x19, 0x29, 0x13, 0x19, 0x29, 0x13, 0x19, 0x29, 
        0x13, 0x19, 0x29, 0x13, 0x19, 0x29, 0x13, 0x19, 0x29, 0x13, 0x19, 0x29, 0x13, 0x19, 0x29, 0x13, 0x19, 0x29, 0x13, 0x19, 0x29, 0x13, 0x19, 0x29, 0x13, 0x19, 0x29, 0x13, 0x19, 0x29, 0x13, 0x19, 0x29, 0x13, 0x19, 0x29, 0x13, 0x19, 0x29, 
        0x13, 0x19, 0x29, 0x13, 0x19, 0x29, 0x13, 0x19, 0x29, 0x13, 0x19, 0x29, 0x13, 0x19, 0x29, 0x13, 0x19, 0x29, 0x13, 0x19, 0x29, 0x13, 0x19, 0x29, 0x13, 0x19, 0x29, 0x13, 0x19, 0x29, 0x13, 0x19, 0x29, 0x13, 0x19, 0x29, 0x13, 0x19, 0x29, 
        0x13, 0x19, 0x29, 0x28, 0x2D, 0x3C, 0xFF, 0xFF, 0xFF, 0xFF, 0xFF, 0xFF, 0x2F, 0x35, 0x43, 0x13, 0x19, 0x29, 0x13, 0x19, 0x29, 0x13, 0x19, 0x29, 0x13, 0x19, 0x29, 0xC1, 0xC3, 0xC7, 0x60, 0x64, 0x6F, 0x13, 0x19, 0x29, 0xC8, 0xC9, 0xCD, 
        0xF8, 0xF8, 0xF9, 0xF8, 0xF8, 0xF9, 0xF8, 0xF8, 0xF9, 0xF8, 0xF8, 0xF9, 0xF8, 0xF8, 0xF9, 0xF8, 0xF8, 0xF9, 0xF8, 0xF8, 0xF9, 0xF8, 0xF8, 0xF9, 0xF8, 0xF8, 0xF9, 0xF8, 0xF8, 0xF9, 0xF8, 0xF8, 0xF9, 0xF5, 0xF6, 0xF6, 0x3B, 0x40, 0x4E, 
        0xC7, 0xC8, 0xCC, 0xF8, 0xF8, 0xF9, 0xF8, 0xF8, 0xF9, 0xC8, 0xC9, 0xCD, 0x13, 0x19, 0x29, 0x60, 0x64, 0x6F, 0xC1, 0xC3, 0xC7, 0x13, 0x19, 0x29, 0x13, 0x19, 0x29, 0x13, 0x19, 0x29, 0x13, 0x19, 0x29, 0x2F, 0x35, 0x43, 0xFF, 0xFF, 0xFF, 
        0xFF, 0xFF, 0xFF, 0x27, 0x2D, 0x3B, 0x13, 0x19, 0x29, 0x13, 0x19, 0x29, 0x13, 0x19, 0x29, 0x13, 0x19, 0x29, 0x13, 0x19, 0x29, 0x13, 0x19, 0x29, 0x13, 0x19, 0x29, 0x13, 0x19, 0x29, 0x13, 0x19, 0x29, 0x13, 0x19, 0x29, 0x13, 0x19, 0x29, 
        0x13, 0x19, 0x29, 0x13, 0x19, 0x29, 0x13, 0x19, 0x29, 0x13, 0x19, 0x29, 0x13, 0x19, 0x29, 0x13, 0x19, 0x29, 0x13, 0x19, 0x29, 0x13, 0x19, 0x29, 0x13, 0x19, 0x29, 0x13, 0x19, 0x29, 0x13, 0x19, 0x29, 0x13, 0x19, 0x29, 0x13, 0x19, 0x29, 
        0x13, 0x19, 0x29, 0x13, 0x19, 0x29, 0x13, 0x19, 0x29, 0x13, 0x19, 0x29, 0x13, 0x19, 0x29, 0x13, 0x19, 0x29, 0x13, 0x19, 0x29, 0x13, 0x19, 0x29, 0x13, 0x19, 0x29, 0x13, 0x19, 0x29, 0x13, 0x19, 0x29, 0x13, 0x19, 0x29, 0x13, 0x19, 0x29, 
        0x13, 0x19, 0x29, 0x13, 0x19, 0x29, 0x13, 0x19, 0x29, 0x13, 0x19, 0x29, 0x13, 0x19, 0x29, 0x13, 0x19, 0x29, 0x13, 0x19, 0x29, 0x13, 0x19, 0x29, 0x13, 0x19, 0x29, 0x13, 0x19, 0x29, 0x13, 0x19, 0x29, 0x13, 0x19, 0x29, 0x13, 0x19, 0x29, 
        0x13, 0x19, 0x29, 0x13, 0x19, 0x29, 0x13, 0x19, 0x29, 0x13, 0x19, 0x29, 0x13, 0x19, 0x29, 0x13, 0x19, 0x29, 0x13, 0x19, 0x29, 0x13, 0x19, 0x29, 0x13, 0x19, 0x29, 0x13, 0x19, 0x29, 0x13, 0x19, 0x29, 0x13, 0x19, 0x29, 0x13, 0x19, 0x29, 
        0x13, 0x19, 0x29, 0x13, 0x19, 0x29, 0x13, 0x19, 0x29, 0x13, 0x19, 0x29, 0x13, 0x19, 0x29, 0x13, 0x19, 0x29, 0x13, 0x19, 0x29, 0x13, 0x19, 0x29, 0x13, 0x19, 0x29, 0x13, 0x19, 0x29, 0x13, 0x19, 0x29, 0x13, 0x19, 0x29, 0x13, 0x19, 0x29, 
        0x13, 0x19, 0x29, 0x13, 0x19, 0x29, 0x13, 0x19, 0x29, 0x13, 0x19, 0x29,
  0x13, 0x19, 0x29, 0x13, 0x19, 0x29, 0x13, 0x19, 0x29, 0x13, 0x19, 0x29, 0x13, 0x19, 0x29, 0x13, 0x19, 0x29, 0x13, 0x19, 0x29, 0x13, 0x19, 0x29, 0x13, 0x19, 0x29, 0x13, 0x19, 0x29, 0x13, 0x19, 0x29, 0x13, 0x19, 0x29, 0x13, 0x19, 0x29, 0x13, 0x19, 0x29, 
        0x13, 0x19, 0x29, 0x13, 0x19, 0x29, 0x13, 0x19, 0x29, 0x13, 0x19, 0x29, 0x13, 0x19, 0x29, 0x13, 0x19, 0x29, 0x13, 0x19, 0x29, 0x13, 0x19, 0x29, 0x13, 0x19, 0x29, 0x13, 0x19, 0x29, 0x13, 0x19, 0x29, 0x13, 0x19, 0x29, 0x13, 0x19, 0x29, 
        0x13, 0x19, 0x29, 0x13, 0x19, 0x29, 0x13, 0x19, 0x29, 0x13, 0x19, 0x29, 0x13, 0x19, 0x29, 0x13, 0x19, 0x29, 0x13, 0x19, 0x29, 0x13, 0x19, 0x29, 0x13, 0x19, 0x29, 0x13, 0x19, 0x29, 0x13, 0x19, 0x29, 0x13, 0x19, 0x29, 0x13, 0x19, 0x29, 
        0x13, 0x19, 0x29, 0x13, 0x19, 0x29, 0x13, 0x19, 0x29, 0x13, 0x19, 0x29, 0x13, 0x19, 0x29, 0x13, 0x19, 0x29, 0x13, 0x19, 0x29, 0x13, 0x19, 0x29, 0x13, 0x19, 0x29, 0x13, 0x19, 0x29, 0x13, 0x19, 0x29, 0x13, 0x19, 0x29, 0x13, 0x19, 0x29, 
        0x13, 0x19, 0x29, 0x13, 0x19, 0x29, 0x13, 0x19, 0x29, 0x13, 0x19, 0x29, 0x13, 0x19, 0x29, 0x13, 0x19, 0x29, 0x13, 0x19, 0x29, 0x13, 0x19, 0x29, 0x13, 0x19, 0x29, 0x13, 0x19, 0x29, 0x13, 0x19, 0x29, 0x13, 0x19, 0x29, 0x13, 0x19, 0x29, 
        0x13, 0x19, 0x29, 0x13, 0x19, 0x29, 0x13, 0x19, 0x29, 0x13, 0x19, 0x29, 0x13, 0x19, 0x29, 0x13, 0x19, 0x29, 0x13, 0x19, 0x29, 0x13, 0x19, 0x29, 0x13, 0x19, 0x29, 0x13, 0x19, 0x29, 0x13, 0x19, 0x29, 0x13, 0x19, 0x29, 0x13, 0x19, 0x29, 
        0x13, 0x19, 0x29, 0x13, 0x19, 0x29, 0xCD, 0xCF, 0xD2, 0xFF, 0xFF, 0xFF, 0x82, 0x85, 0x8E, 0x13, 0x19, 0x29, 0x13, 0x19, 0x29, 0x13, 0x19, 0x29, 0x13, 0x19, 0x29, 0xC1, 0xC3, 0xC7, 0x60, 0x64, 0x6F, 0x13, 0x19, 0x29, 0x13, 0x19, 0x29, 
        0x13, 0x19, 0x29, 0x13, 0x19, 0x29, 0x13, 0x19, 0x29, 0x13, 0x19, 0x29, 0x13, 0x19, 0x29, 0x13, 0x19, 0x29, 0x13, 0x19, 0x29, 0x13, 0x19, 0x29, 0x13, 0x19, 0x29, 0x13, 0x19, 0x29, 0x13, 0x19, 0x29, 0x13, 0x19, 0x29, 0x13, 0x19, 0x29, 
        0x13, 0x19, 0x29, 0x13, 0x19, 0x29, 0x13, 0x19, 0x29, 0x13, 0x19, 0x29, 0x13, 0x19, 0x29, 0x60, 0x64, 0x6F, 0xC1, 0xC3, 0xC7, 0x13, 0x19, 0x29, 0x13, 0x19, 0x29, 0x13, 0x19, 0x29, 0x13, 0x19, 0x29, 0x82, 0x85, 0x8E, 0xFF, 0xFF, 0xFF, 
        0xCD, 0xCF, 0xD2, 0x13, 0x19, 0x29, 0x13, 0x19, 0x29, 0x13, 0x19, 0x29, 0x13, 0x19, 0x29, 0x13, 0x19, 0x29, 0x13, 0x19, 0x29, 0x13, 0x19, 0x29, 0x13, 0x19, 0x29, 0x13, 0x19, 0x29, 0x13, 0x19, 0x29, 0x13, 0x19, 0x29, 0x13, 0x19, 0x29, 
        0x13, 0x19, 0x29, 0x13, 0x19, 0x29, 0x13, 0x19, 0x29, 0x13, 0x19, 0x29, 0x13, 0x19, 0x29, 0x13, 0x19, 0x29, 0x13, 0x19, 0x29, 0x13, 0x19, 0x29, 0x13, 0x19, 0x29, 0x13, 0x19, 0x29, 0x13, 0x19, 0x29, 0x13, 0x19, 0x29, 0x13, 0x19, 0x29, 
        0x13, 0x19, 0x29, 0x13, 0x19, 0x29, 0x13, 0x19, 0x29, 0x13, 0x19, 0x29, 0x13, 0x19, 0x29, 0x13, 0x19, 0x29, 0x13, 0x19, 0x29, 0x13, 0x19, 0x29, 0x13, 0x19, 0x29, 0x13, 0x19, 0x29, 0x13, 0x19, 0x29, 0x13, 0x19, 0x29, 0x13, 0x19, 0x29, 
        0x13, 0x19, 0x29, 0x13, 0x19, 0x29, 0x13, 0x19, 0x29, 0x13, 0x19, 0x29, 0x13, 0x19, 0x29, 0x13, 0x19, 0x29, 0x13, 0x19, 0x29, 0x13, 0x19, 0x29, 0x13, 0x19, 0x29, 0x13, 0x19, 0x29, 0x13, 0x19, 0x29, 0x13, 0x19, 0x29, 0x13, 0x19, 0x29, 
        0x13, 0x19, 0x29, 0x13, 0x19, 0x29, 0x13, 0x19, 0x29, 0x13, 0x19, 0x29, 0x13, 0x19, 0x29, 0x13, 0x19, 0x29, 0x13, 0x19, 0x29, 0x13, 0x19, 0x29, 0x13, 0x19, 0x29, 0x13, 0x19, 0x29, 0x13, 0x19, 0x29, 0x13, 0x19, 0x29, 0x13, 0x19, 0x29, 
        0x13, 0x19, 0x29, 0x13, 0x19, 0x29, 0x13, 0x19, 0x29, 0x13, 0x19, 0x29, 0x13, 0x19, 0x29, 0x13, 0x19, 0x29, 0x13, 0x19, 0x29, 0x13, 0x19, 0x29, 0x13, 0x19, 0x29, 0x13, 0x19, 0x29, 0x13, 0x19, 0x29, 0x13, 0x19, 0x29, 0x13, 0x19, 0x29, 
        0x13, 0x19, 0x29, 0x13, 0x19, 0x29, 0x13, 0x19, 0x29, 0x13, 0x19, 0x29,
  0x13, 0x19, 0x29, 0x13, 0x19, 0x29, 0x13, 0x19, 0x29, 0x13, 0x19, 0x29, 0x13, 0x19, 0x29, 0x13, 0x19, 0x29, 0x13, 0x19, 0x29, 0x13, 0x19, 0x29, 0x13, 0x19, 0x29, 0x13, 0x19, 0x29, 0x13, 0x19, 0x29, 0x13, 0x19, 0x29, 0x13, 0x19, 0x29, 0x13, 0x19, 0x29, 
        0x13, 0x19, 0x29, 0x13, 0x19, 0x29, 0x13, 0x19, 0x29, 0x13, 0x19, 0x29, 0x13, 0x19, 0x29, 0x13, 0x19, 0x29, 0x13, 0x19, 0x29, 0x13, 0x19, 0x29, 0x13, 0x19, 0x29, 0x13, 0x19, 0x29, 0x13, 0x19, 0x29, 0x13, 0x19, 0x29, 0x13, 0x19, 0x29, 
        0x13, 0x19, 0x29, 0x13, 0x19, 0x29, 0x13, 0x19, 0x29, 0x13, 0x19, 0x29, 0x13, 0x19, 0x29, 0x13, 0x19, 0x29, 0x13, 0x19, 0x29, 0x13, 0x19, 0x29, 0x13, 0x19, 0x29, 0x13, 0x19, 0x29, 0x13, 0x19, 0x29, 0x13, 0x19, 0x29, 0x13, 0x19, 0x29, 
        0x13, 0x19, 0x29, 0x13, 0x19, 0x29, 0x13, 0x19, 0x29, 0x13, 0x19, 0x29, 0x13, 0x19, 0x29, 0x13, 0x19, 0x29, 0x13, 0x19, 0x29, 0x13, 0x19, 0x29, 0x13, 0x19, 0x29, 0x13, 0x19, 0x29, 0x13, 0x19, 0x29, 0x13, 0x19, 0x29, 0x13, 0x19, 0x29, 
        0x13, 0x19, 0x29, 0x13, 0x19, 0x29, 0x13, 0x19, 0x29, 0x13, 0x19, 0x29, 0x13, 0x19, 0x29, 0x13, 0x19, 0x29, 0x13, 0x19, 0x29, 0x13, 0x19, 0x29, 0x13, 0x19, 0x29, 0x13, 0x19, 0x29, 0x13, 0x19, 0x29, 0x13, 0x19, 0x29, 0x13, 0x19, 0x29, 
        0x13, 0x19, 0x29, 0x13, 0x19, 0x29, 0x13, 0x19, 0x29, 0x13, 0x19, 0x29, 0x13, 0x19, 0x29, 0x13, 0x19, 0x29, 0x13, 0x19, 0x29, 0x13, 0x19, 0x29, 0x13, 0x19, 0x29, 0x13, 0x19, 0x29, 0x13, 0x19, 0x29, 0x13, 0x19, 0x29, 0x13, 0x19, 0x29, 
        0x13, 0x19, 0x29, 0x13, 0x19, 0x29, 0x78, 0x7B, 0x84, 0xFF, 0xFF, 0xFF, 0xDF, 0xE0, 0xE2, 0x16, 0x1C, 0x2C, 0x13, 0x19, 0x29, 0x13, 0x19, 0x29, 0x13, 0x19, 0x29, 0xC1, 0xC3, 0xC7, 0x60, 0x64, 0x6F, 0x13, 0x19, 0x29, 0x3C, 0x41, 0x4F, 
        0x52, 0x56, 0x62, 0x52, 0x56, 0x62, 0x52, 0x56, 0x62, 0x52, 0x56, 0x62, 0x52, 0x56, 0x62, 0x52, 0x56, 0x62, 0x52, 0x56, 0x62, 0x52, 0x56, 0x62, 0x52, 0x56, 0x62, 0x52, 0x56, 0x62, 0x52, 0x56, 0x62, 0x4F, 0x53, 0x5F, 0x18, 0x1E, 0x2E, 
        0x3C, 0x41, 0x4F, 0x52, 0x56, 0x62, 0x52, 0x56, 0x62, 0x3C, 0x41, 0x4F, 0x13, 0x19, 0x29, 0x60, 0x64, 0x6F, 0xC1, 0xC3, 0xC7, 0x13, 0x19, 0x29, 0x13, 0x19, 0x29, 0x13, 0x19, 0x29, 0x16, 0x1C, 0x2C, 0xDF, 0xE0, 0xE2, 0xFF, 0xFF, 0xFF, 
        0x78, 0x7B, 0x84, 0x13, 0x19, 0x29, 0x13, 0x19, 0x29, 0x13, 0x19, 0x29, 0x13, 0x19, 0x29, 0x13, 0x19, 0x29, 0x13, 0x19, 0x29, 0x13, 0x19, 0x29, 0x13, 0x19, 0x29, 0x13, 0x19, 0x29, 0x13, 0x19, 0x29, 0x13, 0x19, 0x29, 0x13, 0x19, 0x29, 
        0x13, 0x19, 0x29, 0x13, 0x19, 0x29, 0x13, 0x19, 0x29, 0x13, 0x19, 0x29, 0x13, 0x19, 0x29, 0x13, 0x19, 0x29, 0x13, 0x19, 0x29, 0x13, 0x19, 0x29, 0x13, 0x19, 0x29, 0x13, 0x19, 0x29, 0x13, 0x19, 0x29, 0x13, 0x19, 0x29, 0x13, 0x19, 0x29, 
        0x13, 0x19, 0x29, 0x13, 0x19, 0x29, 0x13, 0x19, 0x29, 0x13, 0x19, 0x29, 0x13, 0x19, 0x29, 0x13, 0x19, 0x29, 0x13, 0x19, 0x29, 0x13, 0x19, 0x29, 0x13, 0x19, 0x29, 0x13, 0x19, 0x29, 0x13, 0x19, 0x29, 0x13, 0x19, 0x29, 0x13, 0x19, 0x29, 
        0x13, 0x19, 0x29, 0x13, 0x19, 0x29, 0x13, 0x19, 0x29, 0x13, 0x19, 0x29, 0x13, 0x19, 0x29, 0x13, 0x19, 0x29, 0x13, 0x19, 0x29, 0x13, 0x19, 0x29, 0x13, 0x19, 0x29, 0x13, 0x19, 0x29, 0x13, 0x19, 0x29, 0x13, 0x19, 0x29, 0x13, 0x19, 0x29, 
        0x13, 0x19, 0x29, 0x13, 0x19, 0x29, 0x13, 0x19, 0x29, 0x13, 0x19, 0x29, 0x13, 0x19, 0x29, 0x13, 0x19, 0x29, 0x13, 0x19, 0x29, 0x13, 0x19, 0x29, 0x13, 0x19, 0x29, 0x13, 0x19, 0x29, 0x13, 0x19, 0x29, 0x13, 0x19, 0x29, 0x13, 0x19, 0x29, 
        0x13, 0x19, 0x29, 0x13, 0x19, 0x29, 0x13, 0x19, 0x29, 0x13, 0x19, 0x29, 0x13, 0x19, 0x29, 0x13, 0x19, 0x29, 0x13, 0x19, 0x29, 0x13, 0x19, 0x29, 0x13, 0x19, 0x29, 0x13, 0x19, 0x29, 0x13, 0x19, 0x29, 0x13, 0x19, 0x29, 0x13, 0x19, 0x29, 
        0x13, 0x19, 0x29, 0x13, 0x19, 0x29, 0x13, 0x19, 0x29, 0x13, 0x19, 0x29,
  0x13, 0x19, 0x29, 0x13, 0x19, 0x29, 0x13, 0x19, 0x29, 0x13, 0x19, 0x29, 0x13, 0x19, 0x29, 0x13, 0x19, 0x29, 0x13, 0x19, 0x29, 0x13, 0x19, 0x29, 0x13, 0x19, 0x29, 0x13, 0x19, 0x29, 0x13, 0x19, 0x29, 0x13, 0x19, 0x29, 0x13, 0x19, 0x29, 0x13, 0x19, 0x29, 
        0x13, 0x19, 0x29, 0x13, 0x19, 0x29, 0x13, 0x19, 0x29, 0x13, 0x19, 0x29, 0x13, 0x19, 0x29, 0x13, 0x19, 0x29, 0x13, 0x19, 0x29, 0x13, 0x19, 0x29, 0x13, 0x19, 0x29, 0x13, 0x19, 0x29, 0x13, 0x19, 0x29, 0x13, 0x19, 0x29, 0x13, 0x19, 0x29, 
        0x13, 0x19, 0x29, 0x13, 0x19, 0x29, 0x13, 0x19, 0x29, 0x13, 0x19, 0x29, 0x13, 0x19, 0x29, 0x13, 0x19, 0x29, 0x13, 0x19, 0x29, 0x13, 0x19, 0x29, 0x13, 0x19, 0x29, 0x13, 0x19, 0x29, 0x13, 0x19, 0x29, 0x13, 0x19, 0x29, 0x13, 0x19, 0x29, 
        0x13, 0x19, 0x29, 0x13, 0x19, 0x29, 0x13, 0x19, 0x29, 0x13, 0x19, 0x29, 0x13, 0x19, 0x29, 0x13, 0x19, 0x29, 0x13, 0x19, 0x29, 0x13, 0x19, 0x29, 0x13, 0x19, 0x29, 0x13, 0x19, 0x29, 0x13, 0x19, 0x29, 0x13, 0x19, 0x29, 0x13, 0x19, 0x29, 
        0x13, 0x19, 0x29, 0x13, 0x19, 0x29, 0x13, 0x19, 0x29, 0x13, 0x19, 0x29, 0x13, 0x19, 0x29, 0x13, 0x19, 0x29, 0x13, 0x19, 0x29, 0x13, 0x19, 0x29, 0x13, 0x19, 0x29, 0x13, 0x19, 0x29, 0x13, 0x19, 0x29, 0x13, 0x19, 0x29, 0x13, 0x19, 0x29, 
        0x13, 0x19, 0x29, 0x13, 0x19, 0x29, 0x13, 0x19, 0x29, 0x13, 0x19, 0x29, 0x13, 0x19, 0x29, 0x13, 0x19, 0x29, 0x13, 0x19, 0x29, 0x13, 0x19, 0x29, 0x13, 0x19, 0x29, 0x13, 0x19, 0x29, 0x13, 0x19, 0x29, 0x13, 0x19, 0x29, 0x13, 0x19, 0x29, 
        0x13, 0x19, 0x29, 0x13, 0x19, 0x29, 0x21, 0x26, 0x35, 0xF1, 0xF1, 0xF2, 0xFF, 0xFF, 0xFF, 0x69, 0x6D, 0x77, 0x13, 0x19, 0x29, 0x13, 0x19, 0x29, 0x13, 0x19, 0x29, 0xC1, 0xC3, 0xC7, 0x60, 0x64, 0x6F, 0x13, 0x19, 0x29, 0xA9, 0xAB, 0xB1, 
        0xCF, 0xD0, 0xD4, 0xCF, 0xD0, 0xD4, 0xCF, 0xD0, 0xD4, 0xCF, 0xD0, 0xD4, 0xCF, 0xD0, 0xD4, 0xCF, 0xD0, 0xD4, 0xCF, 0xD0, 0xD4, 0xCF, 0xD0, 0xD4, 0xCF, 0xD0, 0xD4, 0xCF, 0xD0, 0xD4, 0xCF, 0xD0, 0xD4, 0xCC, 0xCE, 0xD1, 0x36, 0x3B, 0x49, 
        0xA8, 0xAA, 0xB0, 0xCF, 0xD0, 0xD4, 0xCF, 0xD0, 0xD4, 0xA9, 0xAB, 0xB1, 0x13, 0x19, 0x29, 0x60, 0x64, 0x6F, 0xC1, 0xC3, 0xC7, 0x13, 0x19, 0x29, 0x13, 0x19, 0x29, 0x13, 0x19, 0x29, 0x69, 0x6D, 0x77, 0xFF, 0xFF, 0xFF, 0xF1, 0xF1, 0xF2, 
        0x21, 0x26, 0x35, 0x13, 0x19, 0x29, 0x13, 0x19, 0x29, 0x13, 0x19, 0x29, 0x13, 0x19, 0x29, 0x13, 0x19, 0x29, 0x13, 0x19, 0x29, 0x13, 0x19, 0x29, 0x13, 0x19, 0x29, 0x13, 0x19, 0x29, 0x13, 0x19, 0x29, 0x13, 0x19, 0x29, 0x13, 0x19, 0x29, 
        0x13, 0x19, 0x29, 0x13, 0x19, 0x29, 0x13, 0x19, 0x29, 0x13, 0x19, 0x29, 0x13, 0x19, 0x29, 0x13, 0x19, 0x29, 0x13, 0x19, 0x29, 0x13, 0x19, 0x29, 0x13, 0x19, 0x29, 0x13, 0x19, 0x29, 0x13, 0x19, 0x29, 0x13, 0x19, 0x29, 0x13, 0x19, 0x29, 
        0x13, 0x19, 0x29, 0x13, 0x19, 0x29, 0x13, 0x19, 0x29, 0x13, 0x19, 0x29, 0x13, 0x19, 0x29, 0x13, 0x19, 0x29, 0x13, 0x19, 0x29, 0x13, 0x19, 0x29, 0x13, 0x19, 0x29, 0x13, 0x19, 0x29, 0x13, 0x19, 0x29, 0x13, 0x19, 0x29, 0x13, 0x19, 0x29, 
        0x13, 0x19, 0x29, 0x13, 0x19, 0x29, 0x13, 0x19, 0x29, 0x13, 0x19, 0x29, 0x13, 0x19, 0x29, 0x13, 0x19, 0x29, 0x13, 0x19, 0x29, 0x13, 0x19, 0x29, 0x13, 0x19, 0x29, 0x13, 0x19, 0x29, 0x13, 0x19, 0x29, 0x13, 0x19, 0x29, 0x13, 0x19, 0x29, 
        0x13, 0x19, 0x29, 0x13, 0x19, 0x29, 0x13, 0x19, 0x29, 0x13, 0x19, 0x29, 0x13, 0x19, 0x29, 0x13, 0x19, 0x29, 0x13, 0x19, 0x29, 0x13, 0x19, 0x29, 0x13, 0x19, 0x29, 0x13, 0x19, 0x29, 0x13, 0x19, 0x29, 0x13, 0x19, 0x29, 0x13, 0x19, 0x29, 
        0x13, 0x19, 0x29, 0x13, 0x19, 0x29, 0x13, 0x19, 0x29, 0x13, 0x19, 0x29, 0x13, 0x19, 0x29, 0x13, 0x19, 0x29, 0x13, 0x19, 0x29, 0x13, 0x19, 0x29, 0x13, 0x19, 0x29, 0x13, 0x19, 0x29, 0x13, 0x19, 0x29, 0x13, 0x19, 0x29, 0x13, 0x19, 0x29, 
        0x13, 0x19, 0x29, 0x13, 0x19, 0x29, 0x13, 0x19, 0x29, 0x13, 0x19, 0x29,
  0x13, 0x19, 0x29, 0x13, 0x19, 0x29, 0x13, 0x19, 0x29, 0x13, 0x19, 0x29, 0x13, 0x19, 0x29, 0x13, 0x19, 0x29, 0x13, 0x19, 0x29, 0x13, 0x19, 0x29, 0x13, 0x19, 0x29, 0x13, 0x19, 0x29, 0x13, 0x19, 0x29, 0x13, 0x19, 0x29, 0x13, 0x19, 0x29, 0x13, 0x19, 0x29, 
        0x13, 0x19, 0x29, 0x13, 0x19, 0x29, 0x13, 0x19, 0x29, 0x13, 0x19, 0x29, 0x13, 0x19, 0x29, 0x13, 0x19, 0x29, 0x13, 0x19, 0x29, 0x13, 0x19, 0x29, 0x13, 0x19, 0x29, 0x13, 0x19, 0x29, 0x13, 0x19, 0x29, 0x13, 0x19, 0x29, 0x13, 0x19, 0x29, 
        0x13, 0x19, 0x29, 0x13, 0x19, 0x29, 0x13, 0x19, 0x29, 0x13, 0x19, 0x29, 0x13, 0x19, 0x29, 0x13, 0x19, 0x29, 0x13, 0x19, 0x29, 0x13, 0x19, 0x29, 0x13, 0x19, 0x29, 0x13, 0x19, 0x29, 0x13, 0x19, 0x29, 0x13, 0x19, 0x29, 0x13, 0x19, 0x29, 
        0x13, 0x19, 0x29, 0x13, 0x19, 0x29, 0x13, 0x19, 0x29, 0x13, 0x19, 0x29, 0x13, 0x19, 0x29, 0x13, 0x19, 0x29, 0x13, 0x19, 0x29, 0x13, 0x19, 0x29, 0x13, 0x19, 0x29, 0x13, 0x19, 0x29, 0x13, 0x19, 0x29, 0x13, 0x19, 0x29, 0x13, 0x19, 0x29, 
        0x13, 0x19, 0x29, 0x13, 0x19, 0x29, 0x13, 0x19, 0x29, 0x13, 0x19, 0x29, 0x13, 0x19, 0x29, 0x13, 0x19, 0x29, 0x13, 0x19, 0x29, 0x13, 0x19, 0x29, 0x13, 0x19, 0x29, 0x13, 0x19, 0x29, 0x13, 0x19, 0x29, 0x13, 0x19, 0x29, 0x13, 0x19, 0x29, 
        0x13, 0x19, 0x29, 0x13, 0x19, 0x29, 0x13, 0x19, 0x29, 0x13, 0x19, 0x29, 0x13, 0x19, 0x29, 0x13, 0x19, 0x29, 0x13, 0x19, 0x29, 0x13, 0x19, 0x29, 0x13, 0x19, 0x29, 0x13, 0x19, 0x29, 0x13, 0x19, 0x29, 0x13, 0x19, 0x29, 0x13, 0x19, 0x29, 
        0x13, 0x19, 0x29, 0x13, 0x19, 0x29, 0x13, 0x19, 0x29, 0x8A, 0x8D, 0x95, 0xFF, 0xFF, 0xFF, 0xE6, 0xE7, 0xE9, 0x1F, 0x24, 0x34, 0x13, 0x19, 0x29, 0x13, 0x19, 0x29, 0xC1, 0xC3, 0xC7, 0x60, 0x64, 0x6F, 0x13, 0x19, 0x29, 0x13, 0x19, 0x29, 
        0x13, 0x19, 0x29, 0x13, 0x19, 0x29, 0x13, 0x19, 0x29, 0x13, 0x19, 0x29, 0x13, 0x19, 0x29, 0x13, 0x19, 0x29, 0x13, 0x19, 0x29, 0x13, 0x19, 0x29, 0x13, 0x19, 0x29, 0x13, 0x19, 0x29, 0x13, 0x19, 0x29, 0x13, 0x19, 0x29, 0x13, 0x19, 0x29, 
        0x13, 0x19, 0x29, 0x13, 0x19, 0x29, 0x13, 0x19, 0x29, 0x13, 0x19, 0x29, 0x13, 0x19, 0x29, 0x60, 0x64, 0x6F, 0xC1, 0xC3, 0xC7, 0x13, 0x19, 0x29, 0x13, 0x19, 0x29, 0x1F, 0x24, 0x34, 0xE6, 0xE7, 0xE9, 0xFF, 0xFF, 0xFF, 0x8A, 0x8D, 0x95, 
        0x13, 0x19, 0x29, 0x13, 0x19, 0x29, 0x13, 0x19, 0x29, 0x13, 0x19, 0x29, 0x13, 0x19, 0x29, 0x13, 0x19, 0x29, 0x13, 0x19, 0x29, 0x13, 0x19, 0x29, 0x13, 0x19, 0x29, 0x13, 0x19, 0x29, 0x13, 0x19, 0x29, 0x13, 0x19, 0x29, 0x13, 0x19, 0x29, 
        0x13, 0x19, 0x29, 0x13, 0x19, 0x29, 0x13, 0x19, 0x29, 0x13, 0x19, 0x29, 0x13, 0x19, 0x29, 0x13, 0x19, 0x29, 0x13, 0x19, 0x29, 0x13, 0x19, 0x29, 0x13, 0x19, 0x29, 0x13, 0x19, 0x29, 0x13, 0x19, 0x29, 0x13, 0x19, 0x29, 0x13, 0x19, 0x29, 
        0x13, 0x19, 0x29, 0x13, 0x19, 0x29, 0x13, 0x19, 0x29, 0x13, 0x19, 0x29, 0x13, 0x19, 0x29, 0x13, 0x19, 0x29, 0x13, 0x19, 0x29, 0x13, 0x19, 0x29, 0x13, 0x19, 0x29, 0x13, 0x19, 0x29, 0x13, 0x19, 0x29, 0x13, 0x19, 0x29, 0x13, 0x19, 0x29, 
        0x13, 0x19, 0x29, 0x13, 0x19, 0x29, 0x13, 0x19, 0x29, 0x13, 0x19, 0x29, 0x13, 0x19, 0x29, 0x13, 0x19, 0x29, 0x13, 0x19, 0x29, 0x13, 0x19, 0x29, 0x13, 0x19, 0x29, 0x13, 0x19, 0x29, 0x13, 0x19, 0x29, 0x13, 0x19, 0x29, 0x13, 0x19, 0x29, 
        0x13, 0x19, 0x29, 0x13, 0x19, 0x29, 0x13, 0x19, 0x29, 0x13, 0x19, 0x29, 0x13, 0x19, 0x29, 0x13, 0x19, 0x29, 0x13, 0x19, 0x29, 0x13, 0x19, 0x29, 0x13, 0x19, 0x29, 0x13, 0x19, 0x29, 0x13, 0x19, 0x29, 0x13, 0x19, 0x29, 0x13, 0x19, 0x29, 
        0x13, 0x19, 0x29, 0x13, 0x19, 0x29, 0x13, 0x19, 0x29, 0x13, 0x19, 0x29, 0x13, 0x19, 0x29, 0x13, 0x19, 0x29, 0x13, 0x19, 0x29, 0x13, 0x19, 0x29, 0x13, 0x19, 0x29, 0x13, 0x19, 0x29, 0x13, 0x19, 0x29, 0x13, 0x19, 0x29, 0x13, 0x19, 0x29, 
        0x13, 0x19, 0x29, 0x13, 0x19, 0x29, 0x13, 0x19, 0x29, 0x13, 0x19, 0x29,
  0x13, 0x19, 0x29, 0x13, 0x19, 0x29, 0x13, 0x19, 0x29, 0x13, 0x19, 0x29, 0x13, 0x19, 0x29, 0x13, 0x19, 0x29, 0x13, 0x19, 0x29, 0x13, 0x19, 0x29, 0x13, 0x19, 0x29, 0x13, 0x19, 0x29, 0x13, 0x19, 0x29, 0x13, 0x19, 0x29, 0x13, 0x19, 0x29, 0x13, 0x19, 0x29, 
        0x13, 0x19, 0x29, 0x13, 0x19, 0x29, 0x13, 0x19, 0x29, 0x13, 0x19, 0x29, 0x13, 0x19, 0x29, 0x13, 0x19, 0x29, 0x13, 0x19, 0x29, 0x13, 0x19, 0x29, 0x13, 0x19, 0x29, 0x13, 0x19, 0x29, 0x13, 0x19, 0x29, 0x13, 0x19, 0x29, 0x13, 0x19, 0x29, 
        0x13, 0x19, 0x29, 0x13, 0x19, 0x29, 0x13, 0x19, 0x29, 0x13, 0x19, 0x29, 0x13, 0x19, 0x29, 0x13, 0x19, 0x29, 0x13, 0x19, 0x29, 0x13, 0x19, 0x29, 0x13, 0x19, 0x29, 0x13, 0x19, 0x29, 0x13, 0x19, 0x29, 0x13, 0x19, 0x29, 0x13, 0x19, 0x29, 
        0x13, 0x19, 0x29, 0x13, 0x19, 0x29, 0x13, 0x19, 0x29, 0x13, 0x19, 0x29, 0x13, 0x19, 0x29, 0x13, 0x19, 0x29, 0x13, 0x19, 0x29, 0x13, 0x19, 0x29, 0x13, 0x19, 0x29, 0x13, 0x19, 0x29, 0x13, 0x19, 0x29, 0x13, 0x19, 0x29, 0x13, 0x19, 0x29, 
        0x13, 0x19, 0x29, 0x13, 0x19, 0x29, 0x13, 0x19, 0x29, 0x13, 0x19, 0x29, 0x13, 0x19, 0x29, 0x13, 0x19, 0x29, 0x13, 0x19, 0x29, 0x13, 0x19, 0x29, 0x13, 0x19, 0x29, 0x13, 0x19, 0x29, 0x13, 0x19, 0x29, 0x13, 0x19, 0x29, 0x13, 0x19, 0x29, 
        0x13, 0x19, 0x29, 0x13, 0x19, 0x29, 0x13, 0x19, 0x29, 0x13, 0x19, 0x29, 0x13, 0x19, 0x29, 0x13, 0x19, 0x29, 0x13, 0x19, 0x29, 0x13, 0x19, 0x29, 0x13, 0x19, 0x29, 0x13, 0x19, 0x29, 0x13, 0x19, 0x29, 0x13, 0x19, 0x29, 0x13, 0x19, 0x29, 
        0x13, 0x19, 0x29, 0x13, 0x19, 0x29, 0x13, 0x19, 0x29, 0x1D, 0x23, 0x32, 0xE4, 0xE4, 0xE6, 0xFF, 0xFF, 0xFF, 0xA2, 0xA4, 0xAA, 0x13, 0x19, 0x29, 0x13, 0x19, 0x29, 0xC1, 0xC3, 0xC7, 0x65, 0x69, 0x74, 0x1A, 0x20, 0x2F, 0x1A, 0x20, 0x2F, 
        0x1A, 0x20, 0x2F, 0x1A, 0x20, 0x2F, 0x1A, 0x20, 0x2F, 0x1A, 0x20, 0x2F, 0x1A, 0x20, 0x2F, 0x1A, 0x20, 0x2F, 0x1A, 0x20, 0x2F, 0x1A, 0x20, 0x2F, 0x1A, 0x20, 0x2F, 0x1A, 0x20, 0x2F, 0x1A, 0x20, 0x2F, 0x1A, 0x20, 0x2F, 0x1A, 0x20, 0x2F, 
        0x1A, 0x20, 0x2F, 0x1A, 0x20, 0x2F, 0x1A, 0x20, 0x2F, 0x1A, 0x20, 0x2F, 0x1A, 0x20, 0x2F, 0x64, 0x68, 0x73, 0xC1, 0xC3, 0xC7, 0x13, 0x19, 0x29, 0x13, 0x19, 0x29, 0xA2, 0xA4, 0xAA, 0xFF, 0xFF, 0xFF, 0xE4, 0xE4, 0xE6, 0x1D, 0x23, 0x32, 
        0x13, 0x19, 0x29, 0x13, 0x19, 0x29, 0x13, 0x19, 0x29, 0x13, 0x19, 0x29, 0x13, 0x19, 0x29, 0x13, 0x19, 0x29, 0x13, 0x19, 0x29, 0x13, 0x19, 0x29, 0x13, 0x19, 0x29, 0x13, 0x19, 0x29, 0x13, 0x19, 0x29, 0x13, 0x19, 0x29, 0x13, 0x19, 0x29, 
        0x13, 0x19, 0x29, 0x13, 0x19, 0x29, 0x13, 0x19, 0x29, 0x13, 0x19, 0x29, 0x13, 0x19, 0x29, 0x13, 0x19, 0x29, 0x13, 0x19, 0x29, 0x13, 0x19, 0x29, 0x13, 0x19, 0x29, 0x13, 0x19, 0x29, 0x13, 0x19, 0x29, 0x13, 0x19, 0x29, 0x13, 0x19, 0x29, 
        0x13, 0x19, 0x29, 0x13, 0x19, 0x29, 0x13, 0x19, 0x29, 0x13, 0x19, 0x29, 0x13, 0x19, 0x29, 0x13, 0x19, 0x29, 0x13, 0x19, 0x29, 0x13, 0x19, 0x29, 0x13, 0x19, 0x29, 0x13, 0x19, 0x29, 0x13, 0x19, 0x29, 0x13, 0x19, 0x29, 0x13, 0x19, 0x29, 
        0x13, 0x19, 0x29, 0x13, 0x19, 0x29, 0x13, 0x19, 0x29, 0x13, 0x19, 0x29, 0x13, 0x19, 0x29, 0x13, 0x19, 0x29, 0x13, 0x19, 0x29, 0x13, 0x19, 0x29, 0x13, 0x19, 0x29, 0x13, 0x19, 0x29, 0x13, 0x19, 0x29, 0x13, 0x19, 0x29, 0x13, 0x19, 0x29, 
        0x13, 0x19, 0x29, 0x13, 0x19, 0x29, 0x13, 0x19, 0x29, 0x13, 0x19, 0x29, 0x13, 0x19, 0x29, 0x13, 0x19, 0x29, 0x13, 0x19, 0x29, 0x13, 0x19, 0x29, 0x13, 0x19, 0x29, 0x13, 0x19, 0x29, 0x13, 0x19, 0x29, 0x13, 0x19, 0x29, 0x13, 0x19, 0x29, 
        0x13, 0x19, 0x29, 0x13, 0x19, 0x29, 0x13, 0x19, 0x29, 0x13, 0x19, 0x29, 0x13, 0x19, 0x29, 0x13, 0x19, 0x29, 0x13, 0x19, 0x29, 0x13, 0x19, 0x29, 0x13, 0x19, 0x29, 0x13, 0x19, 0x29, 0x13, 0x19, 0x29, 0x13, 0x19, 0x29, 0x13, 0x19, 0x29, 
        0x13, 0x19, 0x29, 0x13, 0x19, 0x29, 0x13, 0x19, 0x29, 0x13, 0x19, 0x29,
  0x13, 0x19, 0x29, 0x13, 0x19, 0x29, 0x13, 0x19, 0x29, 0x13, 0x19, 0x29, 0x13, 0x19, 0x29, 0x13, 0x19, 0x29, 0x13, 0x19, 0x29, 0x13, 0x19, 0x29, 0x13, 0x19, 0x29, 0x13, 0x19, 0x29, 0x13, 0x19, 0x29, 0x13, 0x19, 0x29, 0x13, 0x19, 0x29, 0x13, 0x19, 0x29, 
        0x13, 0x19, 0x29, 0x13, 0x19, 0x29, 0x13, 0x19, 0x29, 0x13, 0x19, 0x29, 0x13, 0x19, 0x29, 0x13, 0x19, 0x29, 0x13, 0x19, 0x29, 0x13, 0x19, 0x29, 0x13, 0x19, 0x29, 0x13, 0x19, 0x29, 0x13, 0x19, 0x29, 0x13, 0x19, 0x29, 0x13, 0x19, 0x29, 
        0x13, 0x19, 0x29, 0x13, 0x19, 0x29, 0x13, 0x19, 0x29, 0x13, 0x19, 0x29, 0x13, 0x19, 0x29, 0x13, 0x19, 0x29, 0x13, 0x19, 0x29, 0x13, 0x19, 0x29, 0x13, 0x19, 0x29, 0x13, 0x19, 0x29, 0x13, 0x19, 0x29, 0x13, 0x19, 0x29, 0x13, 0x19, 0x29, 
        0x13, 0x19, 0x29, 0x13, 0x19, 0x29, 0x13, 0x19, 0x29, 0x13, 0x19, 0x29, 0x13, 0x19, 0x29, 0x13, 0x19, 0x29, 0x13, 0x19, 0x29, 0x13, 0x19, 0x29, 0x13, 0x19, 0x29, 0x13, 0x19, 0x29, 0x13, 0x19, 0x29, 0x13, 0x19, 0x29, 0x13, 0x19, 0x29, 
        0x13, 0x19, 0x29, 0x13, 0x19, 0x29, 0x13, 0x19, 0x29, 0x13, 0x19, 0x29, 0x13, 0x19, 0x29, 0x13, 0x19, 0x29, 0x13, 0x19, 0x29, 0x13, 0x19, 0x29, 0x13, 0x19, 0x29, 0x13, 0x19, 0x29, 0x13, 0x19, 0x29, 0x13, 0x19, 0x29, 0x13, 0x19, 0x29, 
        0x13, 0x19, 0x29, 0x13, 0x19, 0x29, 0x13, 0x19, 0x29, 0x13, 0x19, 0x29, 0x13, 0x19, 0x29, 0x13, 0x19, 0x29, 0x13, 0x19, 0x29, 0x13, 0x19, 0x29, 0x13, 0x19, 0x29, 0x13, 0x19, 0x29, 0x13, 0x19, 0x29, 0x13, 0x19, 0x29, 0x13, 0x19, 0x29, 
        0x13, 0x19, 0x29, 0x13, 0x19, 0x29, 0x13, 0x19, 0x29, 0x13, 0x19, 0x29, 0x59, 0x5D, 0x69, 0xFF, 0xFF, 0xFF, 0xFF, 0xFF, 0xFF, 0x6B, 0x6F, 0x79, 0x13, 0x19, 0x29, 0xB1, 0xB3, 0xB9, 0xFF, 0xFF, 0xFF, 0xFF, 0xFF, 0xFF, 0xFF, 0xFF, 0xFF, 
        0xFF, 0xFF, 0xFF, 0xFF, 0xFF, 0xFF, 0xFF, 0xFF, 0xFF, 0xFF, 0xFF, 0xFF, 0xFF, 0xFF, 0xFF, 0xFF, 0xFF, 0xFF, 0xFF, 0xFF, 0xFF, 0xFF, 0xFF, 0xFF, 0xFF, 0xFF, 0xFF, 0xFF, 0xFF, 0xFF, 0xFF, 0xFF, 0xFF, 0xFF, 0xFF, 0xFF, 0xFF, 0xFF, 0xFF, 
        0xFF, 0xFF, 0xFF, 0xFF, 0xFF, 0xFF, 0xFF, 0xFF, 0xFF, 0xFF, 0xFF, 0xFF, 0xFF, 0xFF, 0xFF, 0xFF, 0xFF, 0xFF, 0xB1, 0xB3, 0xB9, 0x13, 0x19, 0x29, 0x6B, 0x6F, 0x79, 0xFF, 0xFF, 0xFF, 0xFF, 0xFF, 0xFF, 0x59, 0x5D, 0x69, 0x13, 0x19, 0x29, 
        0x13, 0x19, 0x29, 0x13, 0x19, 0x29, 0x13, 0x19, 0x29, 0x13, 0x19, 0x29, 0x13, 0x19, 0x29, 0x13, 0x19, 0x29, 0x13, 0x19, 0x29, 0x13, 0x19, 0x29, 0x13, 0x19, 0x29, 0x13, 0x19, 0x29, 0x13, 0x19, 0x29, 0x13, 0x19, 0x29, 0x13, 0x19, 0x29, 
        0x13, 0x19, 0x29, 0x13, 0x19, 0x29, 0x13, 0x19, 0x29, 0x13, 0x19, 0x29, 0x13, 0x19, 0x29, 0x13, 0x19, 0x29, 0x13, 0x19, 0x29, 0x13, 0x19, 0x29, 0x13, 0x19, 0x29, 0x13, 0x19, 0x29, 0x13, 0x19, 0x29, 0x13, 0x19, 0x29, 0x13, 0x19, 0x29, 
        0x13, 0x19, 0x29, 0x13, 0x19, 0x29, 0x13, 0x19, 0x29, 0x13, 0x19, 0x29, 0x13, 0x19, 0x29, 0x13, 0x19, 0x29, 0x13, 0x19, 0x29, 0x13, 0x19, 0x29, 0x13, 0x19, 0x29, 0x13, 0x19, 0x29, 0x13, 0x19, 0x29, 0x13, 0x19, 0x29, 0x13, 0x19, 0x29, 
        0x13, 0x19, 0x29, 0x13, 0x19, 0x29, 0x13, 0x19, 0x29, 0x13, 0x19, 0x29, 0x13, 0x19, 0x29, 0x13, 0x19, 0x29, 0x13, 0x19, 0x29, 0x13, 0x19, 0x29, 0x13, 0x19, 0x29, 0x13, 0x19, 0x29, 0x13, 0x19, 0x29, 0x13, 0x19, 0x29, 0x13, 0x19, 0x29, 
        0x13, 0x19, 0x29, 0x13, 0x19, 0x29, 0x13, 0x19, 0x29, 0x13, 0x19, 0x29, 0x13, 0x19, 0x29, 0x13, 0x19, 0x29, 0x13, 0x19, 0x29, 0x13, 0x19, 0x29, 0x13, 0x19, 0x29, 0x13, 0x19, 0x29, 0x13, 0x19, 0x29, 0x13, 0x19, 0x29, 0x13, 0x19, 0x29, 
        0x13, 0x19, 0x29, 0x13, 0x19, 0x29, 0x13, 0x19, 0x29, 0x13, 0x19, 0x29, 0x13, 0x19, 0x29, 0x13, 0x19, 0x29, 0x13, 0x19, 0x29, 0x13, 0x19, 0x29, 0x13, 0x19, 0x29, 0x13, 0x19, 0x29, 0x13, 0x19, 0x29, 0x13, 0x19, 0x29, 0x13, 0x19, 0x29, 
        0x13, 0x19, 0x29, 0x13, 0x19, 0x29, 0x13, 0x19, 0x29, 0x13, 0x19, 0x29,
  0x13, 0x19, 0x29, 0x13, 0x19, 0x29, 0x13, 0x19, 0x29, 0x13, 0x19, 0x29, 0x13, 0x19, 0x29, 0x13, 0x19, 0x29, 0x13, 0x19, 0x29, 0x13, 0x19, 0x29, 0x13, 0x19, 0x29, 0x13, 0x19, 0x29, 0x13, 0x19, 0x29, 0x13, 0x19, 0x29, 0x13, 0x19, 0x29, 0x13, 0x19, 0x29, 
        0x13, 0x19, 0x29, 0x13, 0x19, 0x29, 0x13, 0x19, 0x29, 0x13, 0x19, 0x29, 0x13, 0x19, 0x29, 0x13, 0x19, 0x29, 0x13, 0x19, 0x29, 0x13, 0x19, 0x29, 0x13, 0x19, 0x29, 0x13, 0x19, 0x29, 0x13, 0x19, 0x29, 0x13, 0x19, 0x29, 0x13, 0x19, 0x29, 
        0x13, 0x19, 0x29, 0x13, 0x19, 0x29, 0x13, 0x19, 0x29, 0x13, 0x19, 0x29, 0x13, 0x19, 0x29, 0x13, 0x19, 0x29, 0x13, 0x19, 0x29, 0x13, 0x19, 0x29, 0x13, 0x19, 0x29, 0x13, 0x19, 0x29, 0x13, 0x19, 0x29, 0x13, 0x19, 0x29, 0x13, 0x19, 0x29, 
        0x13, 0x19, 0x29, 0x13, 0x19, 0x29, 0x13, 0x19, 0x29, 0x13, 0x19, 0x29, 0x13, 0x19, 0x29, 0x13, 0x19, 0x29, 0x13, 0x19, 0x29, 0x13, 0x19, 0x29, 0x13, 0x19, 0x29, 0x13, 0x19, 0x29, 0x13, 0x19, 0x29, 0x13, 0x19, 0x29, 0x13, 0x19, 0x29, 
        0x13, 0x19, 0x29, 0x13, 0x19, 0x29, 0x13, 0x19, 0x29, 0x13, 0x19, 0x29, 0x13, 0x19, 0x29, 0x13, 0x19, 0x29, 0x13, 0x19, 0x29, 0x13, 0x19, 0x29, 0x13, 0x19, 0x29, 0x13, 0x19, 0x29, 0x13, 0x19, 0x29, 0x13, 0x19, 0x29, 0x13, 0x19, 0x29, 
        0x13, 0x19, 0x29, 0x13, 0x19, 0x29, 0x13, 0x19, 0x29, 0x13, 0x19, 0x29, 0x13, 0x19, 0x29, 0x13, 0x19, 0x29, 0x13, 0x19, 0x29, 0x13, 0x19, 0x29, 0x13, 0x19, 0x29, 0x13, 0x19, 0x29, 0x13, 0x19, 0x29, 0x13, 0x19, 0x29, 0x13, 0x19, 0x29, 
        0x13, 0x19, 0x29, 0x13, 0x19, 0x29, 0x13, 0x19, 0x29, 0x13, 0x19, 0x29, 0x13, 0x19, 0x29, 0x96, 0x98, 0x9F, 0xFF, 0xFF, 0xFF, 0xFB, 0xFB, 0xFB, 0x57, 0x5C, 0x67, 0x14, 0x1A, 0x2A, 0x1A, 0x20, 0x2F, 0x1A, 0x20, 0x2F, 0x1A, 0x20, 0x2F, 
        0x1A, 0x20, 0x2F, 0x1A, 0x20, 0x2F, 0x1A, 0x20, 0x2F, 0x1A, 0x20, 0x2F, 0x1A, 0x20, 0x2F, 0x1A, 0x20, 0x2F, 0x1A, 0x20, 0x2F, 0x1A, 0x20, 0x2F, 0x1A, 0x20, 0x2F, 0x1A, 0x20, 0x2F, 0x1A, 0x20, 0x2F, 0x1A, 0x20, 0x2F, 0x1A, 0x20, 0x2F, 
        0x1A, 0x20, 0x2F, 0x1A, 0x20, 0x2F, 0x1A, 0x20, 0x2F, 0x1A, 0x20, 0x2F, 0x1A, 0x20, 0x2F, 0x1A, 0x20, 0x2F, 0x14, 0x1A, 0x2A, 0x58, 0x5D, 0x68, 0xFB, 0xFB, 0xFB, 0xFF, 0xFF, 0xFF, 0x96, 0x98, 0x9F, 0x13, 0x19, 0x29, 0x13, 0x19, 0x29, 
        0x13, 0x19, 0x29, 0x13, 0x19, 0x29, 0x13, 0x19, 0x29, 0x13, 0x19, 0x29, 0x13, 0x19, 0x29, 0x13, 0x19, 0x29, 0x13, 0x19, 0x29, 0x13, 0x19, 0x29, 0x13, 0x19, 0x29, 0x13, 0x19, 0x29, 0x13, 0x19, 0x29, 0x13, 0x19, 0x29, 0x13, 0x19, 0x29, 
        0x13, 0x19, 0x29, 0x13, 0x19, 0x29, 0x13, 0x19, 0x29, 0x13, 0x19, 0x29, 0x13, 0x19, 0x29, 0x13, 0x19, 0x29, 0x13, 0x19, 0x29, 0x13, 0x19, 0x29, 0x13, 0x19, 0x29, 0x13, 0x19, 0x29, 0x13, 0x19, 0x29, 0x13, 0x19, 0x29, 0x13, 0x19, 0x29, 
        0x13, 0x19, 0x29, 0x13, 0x19, 0x29, 0x13, 0x19, 0x29, 0x13, 0x19, 0x29, 0x13, 0x19, 0x29, 0x13, 0x19, 0x29, 0x13, 0x19, 0x29, 0x13, 0x19, 0x29, 0x13, 0x19, 0x29, 0x13, 0x19, 0x29, 0x13, 0x19, 0x29, 0x13, 0x19, 0x29, 0x13, 0x19, 0x29, 
        0x13, 0x19, 0x29, 0x13, 0x19, 0x29, 0x13, 0x19, 0x29, 0x13, 0x19, 0x29, 0x13, 0x19, 0x29, 0x13, 0x19, 0x29, 0x13, 0x19, 0x29, 0x13, 0x19, 0x29, 0x13, 0x19, 0x29, 0x13, 0x19, 0x29, 0x13, 0x19, 0x29, 0x13, 0x19, 0x29, 0x13, 0x19, 0x29, 
        0x13, 0x19, 0x29, 0x13, 0x19, 0x29, 0x13, 0x19, 0x29, 0x13, 0x19, 0x29, 0x13, 0x19, 0x29, 0x13, 0x19, 0x29, 0x13, 0x19, 0x29, 0x13, 0x19, 0x29, 0x13, 0x19, 0x29, 0x13, 0x19, 0x29, 0x13, 0x19, 0x29, 0x13, 0x19, 0x29, 0x13, 0x19, 0x29, 
        0x13, 0x19, 0x29, 0x13, 0x19, 0x29, 0x13, 0x19, 0x29, 0x13, 0x19, 0x29, 0x13, 0x19, 0x29, 0x13, 0x19, 0x29, 0x13, 0x19, 0x29, 0x13, 0x19, 0x29, 0x13, 0x19, 0x29, 0x13, 0x19, 0x29, 0x13, 0x19, 0x29, 0x13, 0x19, 0x29, 0x13, 0x19, 0x29, 
        0x13, 0x19, 0x29, 0x13, 0x19, 0x29, 0x13, 0x19, 0x29, 0x13, 0x19, 0x29,
  0x13, 0x19, 0x29, 0x13, 0x19, 0x29, 0x13, 0x19, 0x29, 0x13, 0x19, 0x29, 0x13, 0x19, 0x29, 0x13, 0x19, 0x29, 0x13, 0x19, 0x29, 0x13, 0x19, 0x29, 0x13, 0x19, 0x29, 0x13, 0x19, 0x29, 0x13, 0x19, 0x29, 0x13, 0x19, 0x29, 0x13, 0x19, 0x29, 0x13, 0x19, 0x29, 
        0x13, 0x19, 0x29, 0x13, 0x19, 0x29, 0x13, 0x19, 0x29, 0x13, 0x19, 0x29, 0x13, 0x19, 0x29, 0x13, 0x19, 0x29, 0x13, 0x19, 0x29, 0x13, 0x19, 0x29, 0x13, 0x19, 0x29, 0x13, 0x19, 0x29, 0x13, 0x19, 0x29, 0x13, 0x19, 0x29, 0x13, 0x19, 0x29, 
        0x13, 0x19, 0x29, 0x13, 0x19, 0x29, 0x13, 0x19, 0x29, 0x13, 0x19, 0x29, 0x13, 0x19, 0x29, 0x13, 0x19, 0x29, 0x13, 0x19, 0x29, 0x13, 0x19, 0x29, 0x13, 0x19, 0x29, 0x13, 0x19, 0x29, 0x13, 0x19, 0x29, 0x13, 0x19, 0x29, 0x13, 0x19, 0x29, 
        0x13, 0x19, 0x29, 0x13, 0x19, 0x29, 0x13, 0x19, 0x29, 0x13, 0x19, 0x29, 0x13, 0x19, 0x29, 0x13, 0x19, 0x29, 0x13, 0x19, 0x29, 0x13, 0x19, 0x29, 0x13, 0x19, 0x29, 0x13, 0x19, 0x29, 0x13, 0x19, 0x29, 0x13, 0x19, 0x29, 0x13, 0x19, 0x29, 
        0x13, 0x19, 0x29, 0x13, 0x19, 0x29, 0x13, 0x19, 0x29, 0x13, 0x19, 0x29, 0x13, 0x19, 0x29, 0x13, 0x19, 0x29, 0x13, 0x19, 0x29, 0x13, 0x19, 0x29, 0x13, 0x19, 0x29, 0x13, 0x19, 0x29, 0x13, 0x19, 0x29, 0x13, 0x19, 0x29, 0x13, 0x19, 0x29, 
        0x13, 0x19, 0x29, 0x13, 0x19, 0x29, 0x13, 0x19, 0x29, 0x13, 0x19, 0x29, 0x13, 0x19, 0x29, 0x13, 0x19, 0x29, 0x13, 0x19, 0x29, 0x13, 0x19, 0x29, 0x13, 0x19, 0x29, 0x13, 0x19, 0x29, 0x13, 0x19, 0x29, 0x13, 0x19, 0x29, 0x13, 0x19, 0x29, 
        0x13, 0x19, 0x29, 0x13, 0x19, 0x29, 0x13, 0x19, 0x29, 0x13, 0x19, 0x29, 0x13, 0x19, 0x29, 0x15, 0x1B, 0x2B, 0xB6, 0xB8, 0xBD, 0xFF, 0xFF, 0xFF, 0xF9, 0xF9, 0xFA, 0x62, 0x66, 0x70, 0x13, 0x19, 0x29, 0x13, 0x19, 0x29, 0x13, 0x19, 0x29, 
        0x13, 0x19, 0x29, 0x13, 0x19, 0x29, 0x13, 0x19, 0x29, 0x13, 0x19, 0x29, 0x13, 0x19, 0x29, 0x13, 0x19, 0x29, 0x13, 0x19, 0x29, 0x13, 0x19, 0x29, 0x13, 0x19, 0x29, 0x13, 0x19, 0x29, 0x13, 0x19, 0x29, 0x13, 0x19, 0x29, 0x13, 0x19, 0x29, 
        0x13, 0x19, 0x29, 0x13, 0x19, 0x29, 0x13, 0x19, 0x29, 0x13, 0x19, 0x29, 0x13, 0x19, 0x29, 0x13, 0x19, 0x29, 0x62, 0x66, 0x70, 0xF9, 0xF9, 0xFA, 0xFF, 0xFF, 0xFF, 0xB6, 0xB8, 0xBD, 0x15, 0x1B, 0x2B, 0x13, 0x19, 0x29, 0x13, 0x19, 0x29, 
        0x13, 0x19, 0x29, 0x13, 0x19, 0x29, 0x13, 0x19, 0x29, 0x13, 0x19, 0x29, 0x13, 0x19, 0x29, 0x13, 0x19, 0x29, 0x13, 0x19, 0x29, 0x13, 0x19, 0x29, 0x13, 0x19, 0x29, 0x13, 0x19, 0x29, 0x13, 0x19, 0x29, 0x13, 0x19, 0x29, 0x13, 0x19, 0x29, 
        0x13, 0x19, 0x29, 0x13, 0x19, 0x29, 0x13, 0x19, 0x29, 0x13, 0x19, 0x29, 0x13, 0x19, 0x29, 0x13, 0x19, 0x29, 0x13, 0x19, 0x29, 0x13, 0x19, 0x29, 0x13, 0x19, 0x29, 0x13, 0x19, 0x29, 0x13, 0x19, 0x29, 0x13, 0x19, 0x29, 0x13, 0x19, 0x29, 
        0x13, 0x19, 0x29, 0x13, 0x19, 0x29, 0x13, 0x19, 0x29, 0x13, 0x19, 0x29, 0x13, 0x19, 0x29, 0x13, 0x19, 0x29, 0x13, 0x19, 0x29, 0x13, 0x19, 0x29, 0x13, 0x19, 0x29, 0x13, 0x19, 0x29, 0x13, 0x19, 0x29, 0x13, 0x19, 0x29, 0x13, 0x19, 0x29, 
        0x13, 0x19, 0x29, 0x13, 0x19, 0x29, 0x13, 0x19, 0x29, 0x13, 0x19, 0x29, 0x13, 0x19, 0x29, 0x13, 0x19, 0x29, 0x13, 0x19, 0x29, 0x13, 0x19, 0x29, 0x13, 0x19, 0x29, 0x13, 0x19, 0x29, 0x13, 0x19, 0x29, 0x13, 0x19, 0x29, 0x13, 0x19, 0x29, 
        0x13, 0x19, 0x29, 0x13, 0x19, 0x29, 0x13, 0x19, 0x29, 0x13, 0x19, 0x29, 0x13, 0x19, 0x29, 0x13, 0x19, 0x29, 0x13, 0x19, 0x29, 0x13, 0x19, 0x29, 0x13, 0x19, 0x29, 0x13, 0x19, 0x29, 0x13, 0x19, 0x29, 0x13, 0x19, 0x29, 0x13, 0x19, 0x29, 
        0x13, 0x19, 0x29, 0x13, 0x19, 0x29, 0x13, 0x19, 0x29, 0x13, 0x19, 0x29, 0x13, 0x19, 0x29, 0x13, 0x19, 0x29, 0x13, 0x19, 0x29, 0x13, 0x19, 0x29, 0x13, 0x19, 0x29, 0x13, 0x19, 0x29, 0x13, 0x19, 0x29, 0x13, 0x19, 0x29, 0x13, 0x19, 0x29, 
        0x13, 0x19, 0x29, 0x13, 0x19, 0x29, 0x13, 0x19, 0x29, 0x13, 0x19, 0x29,
  0x13, 0x19, 0x29, 0x13, 0x19, 0x29, 0x13, 0x19, 0x29, 0x13, 0x19, 0x29, 0x13, 0x19, 0x29, 0x13, 0x19, 0x29, 0x13, 0x19, 0x29, 0x13, 0x19, 0x29, 0x13, 0x19, 0x29, 0x13, 0x19, 0x29, 0x13, 0x19, 0x29, 0x13, 0x19, 0x29, 0x13, 0x19, 0x29, 0x13, 0x19, 0x29, 
        0x13, 0x19, 0x29, 0x13, 0x19, 0x29, 0x13, 0x19, 0x29, 0x13, 0x19, 0x29, 0x13, 0x19, 0x29, 0x13, 0x19, 0x29, 0x13, 0x19, 0x29, 0x13, 0x19, 0x29, 0x13, 0x19, 0x29, 0x13, 0x19, 0x29, 0x13, 0x19, 0x29, 0x13, 0x19, 0x29, 0x13, 0x19, 0x29, 
        0x13, 0x19, 0x29, 0x13, 0x19, 0x29, 0x13, 0x19, 0x29, 0x13, 0x19, 0x29, 0x13, 0x19, 0x29, 0x13, 0x19, 0x29, 0x13, 0x19, 0x29, 0x13, 0x19, 0x29, 0x13, 0x19, 0x29, 0x13, 0x19, 0x29, 0x13, 0x19, 0x29, 0x13, 0x19, 0x29, 0x13, 0x19, 0x29, 
        0x13, 0x19, 0x29, 0x13, 0x19, 0x29, 0x13, 0x19, 0x29, 0x13, 0x19, 0x29, 0x13, 0x19, 0x29, 0x13, 0x19, 0x29, 0x13, 0x19, 0x29, 0x13, 0x19, 0x29, 0x13, 0x19, 0x29, 0x13, 0x19, 0x29, 0x13, 0x19, 0x29, 0x13, 0x19, 0x29, 0x13, 0x19, 0x29, 
        0x13, 0x19, 0x29, 0x13, 0x19, 0x29, 0x13, 0x19, 0x29, 0x13, 0x19, 0x29, 0x13, 0x19, 0x29, 0x13, 0x19, 0x29, 0x13, 0x19, 0x29, 0x13, 0x19, 0x29, 0x13, 0x19, 0x29, 0x13, 0x19, 0x29, 0x13, 0x19, 0x29, 0x13, 0x19, 0x29, 0x13, 0x19, 0x29, 
        0x13, 0x19, 0x29, 0x13, 0x19, 0x29, 0x13, 0x19, 0x29, 0x13, 0x19, 0x29, 0x13, 0x19, 0x29, 0x13, 0x19, 0x29, 0x13, 0x19, 0x29, 0x13, 0x19, 0x29, 0x13, 0x19, 0x29, 0x13, 0x19, 0x29, 0x13, 0x19, 0x29, 0x13, 0x19, 0x29, 0x13, 0x19, 0x29, 
        0x13, 0x19, 0x29, 0x13, 0x19, 0x29, 0x13, 0x19, 0x29, 0x13, 0x19, 0x29, 0x13, 0x19, 0x29, 0x13, 0x19, 0x29, 0x1B, 0x21, 0x30, 0xBB, 0xBC, 0xC1, 0xFF, 0xFF, 0xFF, 0xFF, 0xFF, 0xFF, 0x90, 0x93, 0x9A, 0x17, 0x1D, 0x2D, 0x13, 0x19, 0x29, 
        0x13, 0x19, 0x29, 0x13, 0x19, 0x29, 0x13, 0x19, 0x29, 0x13, 0x19, 0x29, 0x13, 0x19, 0x29, 0x13, 0x19, 0x29, 0x13, 0x19, 0x29, 0x13, 0x19, 0x29, 0x13, 0x19, 0x29, 0x13, 0x19, 0x29, 0x13, 0x19, 0x29, 0x13, 0x19, 0x29, 0x13, 0x19, 0x29, 
        0x13, 0x19, 0x29, 0x13, 0x19, 0x29, 0x13, 0x19, 0x29, 0x13, 0x19, 0x29, 0x17, 0x1D, 0x2D, 0x90, 0x93, 0x9A, 0xFF, 0xFF, 0xFF, 0xFF, 0xFF, 0xFF, 0xBB, 0xBC, 0xC1, 0x1B, 0x21, 0x30, 0x13, 0x19, 0x29, 0x13, 0x19, 0x29, 0x13, 0x19, 0x29, 
        0x13, 0x19, 0x29, 0x13, 0x19, 0x29, 0x13, 0x19, 0x29, 0x13, 0x19, 0x29, 0x13, 0x19, 0x29, 0x13, 0x19, 0x29, 0x13, 0x19, 0x29, 0x13, 0x19, 0x29, 0x13, 0x19, 0x29, 0x13, 0x19, 0x29, 0x13, 0x19, 0x29, 0x13, 0x19, 0x29, 0x13, 0x19, 0x29, 
        0x13, 0x19, 0x29, 0x13, 0x19, 0x29, 0x13, 0x19, 0x29, 0x13, 0x19, 0x29, 0x13, 0x19, 0x29, 0x13, 0x19, 0x29, 0x13, 0x19, 0x29, 0x13, 0x19, 0x29, 0x13, 0x19, 0x29, 0x13, 0x19, 0x29, 0x13, 0x19, 0x29, 0x13, 0x19, 0x29, 0x13, 0x19, 0x29, 
        0x13, 0x19, 0x29, 0x13, 0x19, 0x29, 0x13, 0x19, 0x29, 0x13, 0x19, 0x29, 0x13, 0x19, 0x29, 0x13, 0x19, 0x29, 0x13, 0x19, 0x29, 0x13, 0x19, 0x29, 0x13, 0x19, 0x29, 0x13, 0x19, 0x29, 0x13, 0x19, 0x29, 0x13, 0x19, 0x29, 0x13, 0x19, 0x29, 
        0x13, 0x19, 0x29, 0x13, 0x19, 0x29, 0x13, 0x19, 0x29, 0x13, 0x19, 0x29, 0x13, 0x19, 0x29, 0x13, 0x19, 0x29, 0x13, 0x19, 0x29, 0x13, 0x19, 0x29, 0x13, 0x19, 0x29, 0x13, 0x19, 0x29, 0x13, 0x19, 0x29, 0x13, 0x19, 0x29, 0x13, 0x19, 0x29, 
        0x13, 0x19, 0x29, 0x13, 0x19, 0x29, 0x13, 0x19, 0x29, 0x13, 0x19, 0x29, 0x13, 0x19, 0x29, 0x13, 0x19, 0x29, 0x13, 0x19, 0x29, 0x13, 0x19, 0x29, 0x13, 0x19, 0x29, 0x13, 0x19, 0x29, 0x13, 0x19, 0x29, 0x13, 0x19, 0x29, 0x13, 0x19, 0x29, 
        0x13, 0x19, 0x29, 0x13, 0x19, 0x29, 0x13, 0x19, 0x29, 0x13, 0x19, 0x29, 0x13, 0x19, 0x29, 0x13, 0x19, 0x29, 0x13, 0x19, 0x29, 0x13, 0x19, 0x29, 0x13, 0x19, 0x29, 0x13, 0x19, 0x29, 0x13, 0x19, 0x29, 0x13, 0x19, 0x29, 0x13, 0x19, 0x29, 
        0x13, 0x19, 0x29, 0x13, 0x19, 0x29, 0x13, 0x19, 0x29, 0x13, 0x19, 0x29,
  0x13, 0x19, 0x29, 0x13, 0x19, 0x29, 0x13, 0x19, 0x29, 0x13, 0x19, 0x29, 0x13, 0x19, 0x29, 0x13, 0x19, 0x29, 0x13, 0x19, 0x29, 0x13, 0x19, 0x29, 0x13, 0x19, 0x29, 0x13, 0x19, 0x29, 0x13, 0x19, 0x29, 0x13, 0x19, 0x29, 0x13, 0x19, 0x29, 0x13, 0x19, 0x29, 
        0x13, 0x19, 0x29, 0x13, 0x19, 0x29, 0x13, 0x19, 0x29, 0x13, 0x19, 0x29, 0x13, 0x19, 0x29, 0x13, 0x19, 0x29, 0x13, 0x19, 0x29, 0x13, 0x19, 0x29, 0x13, 0x19, 0x29, 0x13, 0x19, 0x29, 0x13, 0x19, 0x29, 0x13, 0x19, 0x29, 0x13, 0x19, 0x29, 
        0x13, 0x19, 0x29, 0x13, 0x19, 0x29, 0x13, 0x19, 0x29, 0x13, 0x19, 0x29, 0x13, 0x19, 0x29, 0x13, 0x19, 0x29, 0x13, 0x19, 0x29, 0x13, 0x19, 0x29, 0x13, 0x19, 0x29, 0x13, 0x19, 0x29, 0x13, 0x19, 0x29, 0x13, 0x19, 0x29, 0x13, 0x19, 0x29, 
        0x13, 0x19, 0x29, 0x13, 0x19, 0x29, 0x13, 0x19, 0x29, 0x13, 0x19, 0x29, 0x13, 0x19, 0x29, 0x13, 0x19, 0x29, 0x13, 0x19, 0x29, 0x13, 0x19, 0x29, 0x13, 0x19, 0x29, 0x13, 0x19, 0x29, 0x13, 0x19, 0x29, 0x13, 0x19, 0x29, 0x13, 0x19, 0x29, 
        0x13, 0x19, 0x29, 0x13, 0x19, 0x29, 0x13, 0x19, 0x29, 0x13, 0x19, 0x29, 0x13, 0x19, 0x29, 0x13, 0x19, 0x29, 0x13, 0x19, 0x29, 0x13, 0x19, 0x29, 0x13, 0x19, 0x29, 0x13, 0x19, 0x29, 0x13, 0x19, 0x29, 0x13, 0x19, 0x29, 0x13, 0x19, 0x29, 
        0x13, 0x19, 0x29, 0x13, 0x19, 0x29, 0x13, 0x19, 0x29, 0x13, 0x19, 0x29, 0x13, 0x19, 0x29, 0x13, 0x19, 0x29, 0x13, 0x19, 0x29, 0x13, 0x19, 0x29, 0x13, 0x19, 0x29, 0x13, 0x19, 0x29, 0x13, 0x19, 0x29, 0x13, 0x19, 0x29, 0x13, 0x19, 0x29, 
        0x13, 0x19, 0x29, 0x13, 0x19, 0x29, 0x13, 0x19, 0x29, 0x13, 0x19, 0x29, 0x13, 0x19, 0x29, 0x13, 0x19, 0x29, 0x13, 0x19, 0x29, 0x16, 0x1C, 0x2C, 0xA0, 0xA2, 0xA9, 0xFF, 0xFF, 0xFF, 0xFF, 0xFF, 0xFF, 0xD7, 0xD8, 0xDA, 0x4F, 0x53, 0x5F, 
        0x13, 0x19, 0x29, 0x13, 0x19, 0x29, 0x13, 0x19, 0x29, 0x13, 0x19, 0x29, 0x13, 0x19, 0x29, 0x13, 0x19, 0x29, 0x13, 0x19, 0x29, 0x13, 0x19, 0x29, 0x13, 0x19, 0x29, 0x13, 0x19, 0x29, 0x13, 0x19, 0x29, 0x13, 0x19, 0x29, 0x13, 0x19, 0x29, 
        0x13, 0x19, 0x29, 0x13, 0x19, 0x29, 0x13, 0x19, 0x29, 0x4F, 0x53, 0x5F, 0xD7, 0xD8, 0xDA, 0xFF, 0xFF, 0xFF, 0xFF, 0xFF, 0xFF, 0xA0, 0xA2, 0xA9, 0x16, 0x1C, 0x2C, 0x13, 0x19, 0x29, 0x13, 0x19, 0x29, 0x13, 0x19, 0x29, 0x13, 0x19, 0x29, 
        0x13, 0x19, 0x29, 0x13, 0x19, 0x29, 0x13, 0x19, 0x29, 0x13, 0x19, 0x29, 0x13, 0x19, 0x29, 0x13, 0x19, 0x29, 0x13, 0x19, 0x29, 0x13, 0x19, 0x29, 0x13, 0x19, 0x29, 0x13, 0x19, 0x29, 0x13, 0x19, 0x29, 0x13, 0x19, 0x29, 0x13, 0x19, 0x29, 
        0x13, 0x19, 0x29, 0x13, 0x19, 0x29, 0x13, 0x19, 0x29, 0x13, 0x19, 0x29, 0x13, 0x19, 0x29, 0x13, 0x19, 0x29, 0x13, 0x19, 0x29, 0x13, 0x19, 0x29, 0x13, 0x19, 0x29, 0x13, 0x19, 0x29, 0x13, 0x19, 0x29, 0x13, 0x19, 0x29, 0x13, 0x19, 0x29, 
        0x13, 0x19, 0x29, 0x13, 0x19, 0x29, 0x13, 0x19, 0x29, 0x13, 0x19, 0x29, 0x13, 0x19, 0x29, 0x13, 0x19, 0x29, 0x13, 0x19, 0x29, 0x13, 0x19, 0x29, 0x13, 0x19, 0x29, 0x13, 0x19, 0x29, 0x13, 0x19, 0x29, 0x13, 0x19, 0x29, 0x13, 0x19, 0x29, 
        0x13, 0x19, 0x29, 0x13, 0x19, 0x29, 0x13, 0x19, 0x29, 0x13, 0x19, 0x29, 0x13, 0x19, 0x29, 0x13, 0x19, 0x29, 0x13, 0x19, 0x29, 0x13, 0x19, 0x29, 0x13, 0x19, 0x29, 0x13, 0x19, 0x29, 0x13, 0x19, 0x29, 0x13, 0x19, 0x29, 0x13, 0x19, 0x29, 
        0x13, 0x19, 0x29, 0x13, 0x19, 0x29, 0x13, 0x19, 0x29, 0x13, 0x19, 0x29, 0x13, 0x19, 0x29, 0x13, 0x19, 0x29, 0x13, 0x19, 0x29, 0x13, 0x19, 0x29, 0x13, 0x19, 0x29, 0x13, 0x19, 0x29, 0x13, 0x19, 0x29, 0x13, 0x19, 0x29, 0x13, 0x19, 0x29, 
        0x13, 0x19, 0x29, 0x13, 0x19, 0x29, 0x13, 0x19, 0x29, 0x13, 0x19, 0x29, 0x13, 0x19, 0x29, 0x13, 0x19, 0x29, 0x13, 0x19, 0x29, 0x13, 0x19, 0x29, 0x13, 0x19, 0x29, 0x13, 0x19, 0x29, 0x13, 0x19, 0x29, 0x13, 0x19, 0x29, 0x13, 0x19, 0x29, 
        0x13, 0x19, 0x29, 0x13, 0x19, 0x29, 0x13, 0x19, 0x29, 0x13, 0x19, 0x29,
  0x13, 0x19, 0x29, 0x13, 0x19, 0x29, 0x13, 0x19, 0x29, 0x13, 0x19, 0x29, 0x13, 0x19, 0x29, 0x13, 0x19, 0x29, 0x13, 0x19, 0x29, 0x13, 0x19, 0x29, 0x13, 0x19, 0x29, 0x13, 0x19, 0x29, 0x13, 0x19, 0x29, 0x13, 0x19, 0x29, 0x13, 0x19, 0x29, 0x13, 0x19, 0x29, 
        0x13, 0x19, 0x29, 0x13, 0x19, 0x29, 0x13, 0x19, 0x29, 0x13, 0x19, 0x29, 0x13, 0x19, 0x29, 0x13, 0x19, 0x29, 0x13, 0x19, 0x29, 0x13, 0x19, 0x29, 0x13, 0x19, 0x29, 0x13, 0x19, 0x29, 0x13, 0x19, 0x29, 0x13, 0x19, 0x29, 0x13, 0x19, 0x29, 
        0x13, 0x19, 0x29, 0x13, 0x19, 0x29, 0x13, 0x19, 0x29, 0x13, 0x19, 0x29, 0x13, 0x19, 0x29, 0x13, 0x19, 0x29, 0x13, 0x19, 0x29, 0x13, 0x19, 0x29, 0x13, 0x19, 0x29, 0x13, 0x19, 0x29, 0x13, 0x19, 0x29, 0x13, 0x19, 0x29, 0x13, 0x19, 0x29, 
        0x13, 0x19, 0x29, 0x13, 0x19, 0x29, 0x13, 0x19, 0x29, 0x13, 0x19, 0x29, 0x13, 0x19, 0x29, 0x13, 0x19, 0x29, 0x13, 0x19, 0x29, 0x13, 0x19, 0x29, 0x13, 0x19, 0x29, 0x13, 0x19, 0x29, 0x13, 0x19, 0x29, 0x13, 0x19, 0x29, 0x13, 0x19, 0x29, 
        0x13, 0x19, 0x29, 0x13, 0x19, 0x29, 0x13, 0x19, 0x29, 0x13, 0x19, 0x29, 0x13, 0x19, 0x29, 0x13, 0x19, 0x29, 0x13, 0x19, 0x29, 0x13, 0x19, 0x29, 0x13, 0x19, 0x29, 0x13, 0x19, 0x29, 0x13, 0x19, 0x29, 0x13, 0x19, 0x29, 0x13, 0x19, 0x29, 
        0x13, 0x19, 0x29, 0x13, 0x19, 0x29, 0x13, 0x19, 0x29, 0x13, 0x19, 0x29, 0x13, 0x19, 0x29, 0x13, 0x19, 0x29, 0x13, 0x19, 0x29, 0x13, 0x19, 0x29, 0x13, 0x19, 0x29, 0x13, 0x19, 0x29, 0x13, 0x19, 0x29, 0x13, 0x19, 0x29, 0x13, 0x19, 0x29, 
        0x13, 0x19, 0x29, 0x13, 0x19, 0x29, 0x13, 0x19, 0x29, 0x13, 0x19, 0x29, 0x13, 0x19, 0x29, 0x13, 0x19, 0x29, 0x13, 0x19, 0x29, 0x13, 0x19, 0x29, 0x13, 0x19, 0x29, 0x67, 0x6B, 0x75, 0xF1, 0xF1, 0xF2, 0xFF, 0xFF, 0xFF, 0xFF, 0xFF, 0xFF, 
        0xC6, 0xC7, 0xCB, 0x5C, 0x60, 0x6B, 0x18, 0x1E, 0x2E, 0x13, 0x19, 0x29, 0x13, 0x19, 0x29, 0x13, 0x19, 0x29, 0x13, 0x19, 0x29, 0x13, 0x19, 0x29, 0x13, 0x19, 0x29, 0x13, 0x19, 0x29, 0x13, 0x19, 0x29, 0x13, 0x19, 0x29, 0x13, 0x19, 0x29, 
        0x18, 0x1E, 0x2E, 0x5C, 0x60, 0x6B, 0xC6, 0xC7, 0xCB, 0xFF, 0xFF, 0xFF, 0xFF, 0xFF, 0xFF, 0xF1, 0xF1, 0xF2, 0x67, 0x6B, 0x75, 0x13, 0x19, 0x29, 0x13, 0x19, 0x29, 0x13, 0x19, 0x29, 0x13, 0x19, 0x29, 0x13, 0x19, 0x29, 0x13, 0x19, 0x29, 
        0x13, 0x19, 0x29, 0x13, 0x19, 0x29, 0x13, 0x19, 0x29, 0x13, 0x19, 0x29, 0x13, 0x19, 0x29, 0x13, 0x19, 0x29, 0x13, 0x19, 0x29, 0x13, 0x19, 0x29, 0x13, 0x19, 0x29, 0x13, 0x19, 0x29, 0x13, 0x19, 0x29, 0x13, 0x19, 0x29, 0x13, 0x19, 0x29, 
        0x13, 0x19, 0x29, 0x13, 0x19, 0x29, 0x13, 0x19, 0x29, 0x13, 0x19, 0x29, 0x13, 0x19, 0x29, 0x13, 0x19, 0x29, 0x13, 0x19, 0x29, 0x13, 0x19, 0x29, 0x13, 0x19, 0x29, 0x13, 0x19, 0x29, 0x13, 0x19, 0x29, 0x13, 0x19, 0x29, 0x13, 0x19, 0x29, 
        0x13, 0x19, 0x29, 0x13, 0x19, 0x29, 0x13, 0x19, 0x29, 0x13, 0x19, 0x29, 0x13, 0x19, 0x29, 0x13, 0x19, 0x29, 0x13, 0x19, 0x29, 0x13, 0x19, 0x29, 0x13, 0x19, 0x29, 0x13, 0x19, 0x29, 0x13, 0x19, 0x29, 0x13, 0x19, 0x29, 0x13, 0x19, 0x29, 
        0x13, 0x19, 0x29, 0x13, 0x19, 0x29, 0x13, 0x19, 0x29, 0x13, 0x19, 0x29, 0x13, 0x19, 0x29, 0x13, 0x19, 0x29, 0x13, 0x19, 0x29, 0x13, 0x19, 0x29, 0x13, 0x19, 0x29, 0x13, 0x19, 0x29, 0x13, 0x19, 0x29, 0x13, 0x19, 0x29, 0x13, 0x19, 0x29, 
        0x13, 0x19, 0x29, 0x13, 0x19, 0x29, 0x13, 0x19, 0x29, 0x13, 0x19, 0x29, 0x13, 0x19, 0x29, 0x13, 0x19, 0x29, 0x13, 0x19, 0x29, 0x13, 0x19, 0x29, 0x13, 0x19, 0x29, 0x13, 0x19, 0x29, 0x13, 0x19, 0x29, 0x13, 0x19, 0x29, 0x13, 0x19, 0x29, 
        0x13, 0x19, 0x29, 0x13, 0x19, 0x29, 0x13, 0x19, 0x29, 0x13, 0x19, 0x29, 0x13, 0x19, 0x29, 0x13, 0x19, 0x29, 0x13, 0x19, 0x29, 0x13, 0x19, 0x29, 0x13, 0x19, 0x29, 0x13, 0x19, 0x29, 0x13, 0x19, 0x29, 0x13, 0x19, 0x29, 0x13, 0x19, 0x29, 
        0x13, 0x19, 0x29, 0x13, 0x19, 0x29, 0x13, 0x19, 0x29, 0x13, 0x19, 0x29,
  0x13, 0x19, 0x29, 0x13, 0x19, 0x29, 0x13, 0x19, 0x29, 0x13, 0x19, 0x29, 0x13, 0x19, 0x29, 0x13, 0x19, 0x29, 0x13, 0x19, 0x29, 0x13, 0x19, 0x29, 0x13, 0x19, 0x29, 0x13, 0x19, 0x29, 0x13, 0x19, 0x29, 0x13, 0x19, 0x29, 0x13, 0x19, 0x29, 0x13, 0x19, 0x29, 
        0x13, 0x19, 0x29, 0x13, 0x19, 0x29, 0x13, 0x19, 0x29, 0x13, 0x19, 0x29, 0x13, 0x19, 0x29, 0x13, 0x19, 0x29, 0x13, 0x19, 0x29, 0x13, 0x19, 0x29, 0x13, 0x19, 0x29, 0x13, 0x19, 0x29, 0x13, 0x19, 0x29, 0x13, 0x19, 0x29, 0x13, 0x19, 0x29, 
        0x13, 0x19, 0x29, 0x13, 0x19, 0x29, 0x13, 0x19, 0x29, 0x13, 0x19, 0x29, 0x13, 0x19, 0x29, 0x13, 0x19, 0x29, 0x13, 0x19, 0x29, 0x13, 0x19, 0x29, 0x13, 0x19, 0x29, 0x13, 0x19, 0x29, 0x13, 0x19, 0x29, 0x13, 0x19, 0x29, 0x13, 0x19, 0x29, 
        0x13, 0x19, 0x29, 0x13, 0x19, 0x29, 0x13, 0x19, 0x29, 0x13, 0x19, 0x29, 0x13, 0x19, 0x29, 0x13, 0x19, 0x29, 0x13, 0x19, 0x29, 0x13, 0x19, 0x29, 0x13, 0x19, 0x29, 0x13, 0x19, 0x29, 0x13, 0x19, 0x29, 0x13, 0x19, 0x29, 0x13, 0x19, 0x29, 
        0x13, 0x19, 0x29, 0x13, 0x19, 0x29, 0x13, 0x19, 0x29, 0x13, 0x19, 0x29, 0x13, 0x19, 0x29, 0x13, 0x19, 0x29, 0x13, 0x19, 0x29, 0x13, 0x19, 0x29, 0x13, 0x19, 0x29, 0x13, 0x19, 0x29, 0x13, 0x19, 0x29, 0x13, 0x19, 0x29, 0x13, 0x19, 0x29, 
        0x13, 0x19, 0x29, 0x13, 0x19, 0x29, 0x13, 0x19, 0x29, 0x13, 0x19, 0x29, 0x13, 0x19, 0x29, 0x13, 0x19, 0x29, 0x13, 0x19, 0x29, 0x13, 0x19, 0x29, 0x13, 0x19, 0x29, 0x13, 0x19, 0x29, 0x13, 0x19, 0x29, 0x13, 0x19, 0x29, 0x13, 0x19, 0x29, 
        0x13, 0x19, 0x29, 0x13, 0x19, 0x29, 0x13, 0x19, 0x29, 0x13, 0x19, 0x29, 0x13, 0x19, 0x29, 0x13, 0x19, 0x29, 0x13, 0x19, 0x29, 0x13, 0x19, 0x29, 0x13, 0x19, 0x29, 0x13, 0x19, 0x29, 0x28, 0x2D, 0x3C, 0xA6, 0xA9, 0xAF, 0xFD, 0xFD, 0xFD, 
        0xFF, 0xFF, 0xFF, 0xFF, 0xFF, 0xFF, 0xEF, 0xEF, 0xF0, 0xB0, 0xB2, 0xB7, 0x77, 0x7A, 0x84, 0x52, 0x56, 0x62, 0x34, 0x39, 0x47, 0x27, 0x2D, 0x3B, 0x27, 0x2D, 0x3B, 0x34, 0x39, 0x47, 0x52, 0x56, 0x62, 0x77, 0x7A, 0x84, 0xB0, 0xB2, 0xB7, 
        0xEF, 0xEF, 0xF0, 0xFF, 0xFF, 0xFF, 0xFF, 0xFF, 0xFF, 0xFD, 0xFD, 0xFD, 0xA6, 0xA9, 0xAF, 0x28, 0x2D, 0x3C, 0x13, 0x19, 0x29, 0x13, 0x19, 0x29, 0x13, 0x19, 0x29, 0x13, 0x19, 0x29, 0x13, 0x19, 0x29, 0x13, 0x19, 0x29, 0x13, 0x19, 0x29, 
        0x13, 0x19, 0x29, 0x13, 0x19, 0x29, 0x13, 0x19, 0x29, 0x13, 0x19, 0x29, 0x13, 0x19, 0x29, 0x13, 0x19, 0x29, 0x13, 0x19, 0x29, 0x13, 0x19, 0x29, 0x13, 0x19, 0x29, 0x13, 0x19, 0x29, 0x13, 0x19, 0x29, 0x13, 0x19, 0x29, 0x13, 0x19, 0x29, 
        0x13, 0x19, 0x29, 0x13, 0x19, 0x29, 0x13, 0x19, 0x29, 0x13, 0x19, 0x29, 0x13, 0x19, 0x29, 0x13, 0x19, 0x29, 0x13, 0x19, 0x29, 0x13, 0x19, 0x29, 0x13, 0x19, 0x29, 0x13, 0x19, 0x29, 0x13, 0x19, 0x29, 0x13, 0x19, 0x29, 0x13, 0x19, 0x29, 
        0x13, 0x19, 0x29, 0x13, 0x19, 0x29, 0x13, 0x19, 0x29, 0x13, 0x19, 0x29, 0x13, 0x19, 0x29, 0x13, 0x19, 0x29, 0x13, 0x19, 0x29, 0x13, 0x19, 0x29, 0x13, 0x19, 0x29, 0x13, 0x19, 0x29, 0x13, 0x19, 0x29, 0x13, 0x19, 0x29, 0x13, 0x19, 0x29, 
        0x13, 0x19, 0x29, 0x13, 0x19, 0x29, 0x13, 0x19, 0x29, 0x13, 0x19, 0x29, 0x13, 0x19, 0x29, 0x13, 0x19, 0x29, 0x13, 0x19, 0x29, 0x13, 0x19, 0x29, 0x13, 0x19, 0x29, 0x13, 0x19, 0x29, 0x13, 0x19, 0x29, 0x13, 0x19, 0x29, 0x13, 0x19, 0x29, 
        0x13, 0x19, 0x29, 0x13, 0x19, 0x29, 0x13, 0x19, 0x29, 0x13, 0x19, 0x29, 0x13, 0x19, 0x29, 0x13, 0x19, 0x29, 0x13, 0x19, 0x29, 0x13, 0x19, 0x29, 0x13, 0x19, 0x29, 0x13, 0x19, 0x29, 0x13, 0x19, 0x29, 0x13, 0x19, 0x29, 0x13, 0x19, 0x29, 
        0x13, 0x19, 0x29, 0x13, 0x19, 0x29, 0x13, 0x19, 0x29, 0x13, 0x19, 0x29, 0x13, 0x19, 0x29, 0x13, 0x19, 0x29, 0x13, 0x19, 0x29, 0x13, 0x19, 0x29, 0x13, 0x19, 0x29, 0x13, 0x19, 0x29, 0x13, 0x19, 0x29, 0x13, 0x19, 0x29, 0x13, 0x19, 0x29, 
        0x13, 0x19, 0x29, 0x13, 0x19, 0x29, 0x13, 0x19, 0x29, 0x13, 0x19, 0x29,
  0x13, 0x19, 0x29, 0x13, 0x19, 0x29, 0x13, 0x19, 0x29, 0x13, 0x19, 0x29, 0x13, 0x19, 0x29, 0x13, 0x19, 0x29, 0x13, 0x19, 0x29, 0x13, 0x19, 0x29, 0x13, 0x19, 0x29, 0x13, 0x19, 0x29, 0x13, 0x19, 0x29, 0x13, 0x19, 0x29, 0x13, 0x19, 0x29, 0x13, 0x19, 0x29, 
        0x13, 0x19, 0x29, 0x13, 0x19, 0x29, 0x13, 0x19, 0x29, 0x13, 0x19, 0x29, 0x13, 0x19, 0x29, 0x13, 0x19, 0x29, 0x13, 0x19, 0x29, 0x13, 0x19, 0x29, 0x13, 0x19, 0x29, 0x13, 0x19, 0x29, 0x13, 0x19, 0x29, 0x13, 0x19, 0x29, 0x13, 0x19, 0x29, 
        0x13, 0x19, 0x29, 0x13, 0x19, 0x29, 0x13, 0x19, 0x29, 0x13, 0x19, 0x29, 0x13, 0x19, 0x29, 0x13, 0x19, 0x29, 0x13, 0x19, 0x29, 0x13, 0x19, 0x29, 0x13, 0x19, 0x29, 0x13, 0x19, 0x29, 0x13, 0x19, 0x29, 0x13, 0x19, 0x29, 0x13, 0x19, 0x29, 
        0x13, 0x19, 0x29, 0x13, 0x19, 0x29, 0x13, 0x19, 0x29, 0x13, 0x19, 0x29, 0x13, 0x19, 0x29, 0x13, 0x19, 0x29, 0x13, 0x19, 0x29, 0x13, 0x19, 0x29, 0x13, 0x19, 0x29, 0x13, 0x19, 0x29, 0x13, 0x19, 0x29, 0x13, 0x19, 0x29, 0x13, 0x19, 0x29, 
        0x13, 0x19, 0x29, 0x13, 0x19, 0x29, 0x13, 0x19, 0x29, 0x13, 0x19, 0x29, 0x13, 0x19, 0x29, 0x13, 0x19, 0x29, 0x13, 0x19, 0x29, 0x13, 0x19, 0x29, 0x13, 0x19, 0x29, 0x13, 0x19, 0x29, 0x13, 0x19, 0x29, 0x13, 0x19, 0x29, 0x13, 0x19, 0x29, 
        0x13, 0x19, 0x29, 0x13, 0x19, 0x29, 0x13, 0x19, 0x29, 0x13, 0x19, 0x29, 0x13, 0x19, 0x29, 0x13, 0x19, 0x29, 0x13, 0x19, 0x29, 0x13, 0x19, 0x29, 0x13, 0x19, 0x29, 0x13, 0x19, 0x29, 0x13, 0x19, 0x29, 0x13, 0x19, 0x29, 0x13, 0x19, 0x29, 
        0x13, 0x19, 0x29, 0x13, 0x19, 0x29, 0x13, 0x19, 0x29, 0x13, 0x19, 0x29, 0x13, 0x19, 0x29, 0x13, 0x19, 0x29, 0x13, 0x19, 0x29, 0x13, 0x19, 0x29, 0x13, 0x19, 0x29, 0x13, 0x19, 0x29, 0x13, 0x19, 0x29, 0x13, 0x19, 0x29, 0x33, 0x38, 0x46, 
        0x9A, 0x9D, 0xA4, 0xEE, 0xEE, 0xEF, 0xFF, 0xFF, 0xFF, 0xFF, 0xFF, 0xFF, 0xFF, 0xFF, 0xFF, 0xFF, 0xFF, 0xFF, 0xFF, 0xFF, 0xFF, 0xFF, 0xFF, 0xFF, 0xFF, 0xFF, 0xFF, 0xFF, 0xFF, 0xFF, 0xFF, 0xFF, 0xFF, 0xFF, 0xFF, 0xFF, 0xFF, 0xFF, 0xFF, 
        0xFF, 0xFF, 0xFF, 0xEE, 0xEE, 0xEF, 0x9A, 0x9D, 0xA4, 0x33, 0x38, 0x46, 0x13, 0x19, 0x29, 0x13, 0x19, 0x29, 0x13, 0x19, 0x29, 0x13, 0x19, 0x29, 0x13, 0x19, 0x29, 0x13, 0x19, 0x29, 0x13, 0x19, 0x29, 0x13, 0x19, 0x29, 0x13, 0x19, 0x29, 
        0x13, 0x19, 0x29, 0x13, 0x19, 0x29, 0x13, 0x19, 0x29, 0x13, 0x19, 0x29, 0x13, 0x19, 0x29, 0x13, 0x19, 0x29, 0x13, 0x19, 0x29, 0x13, 0x19, 0x29, 0x13, 0x19, 0x29, 0x13, 0x19, 0x29, 0x13, 0x19, 0x29, 0x13, 0x19, 0x29, 0x13, 0x19, 0x29, 
        0x13, 0x19, 0x29, 0x13, 0x19, 0x29, 0x13, 0x19, 0x29, 0x13, 0x19, 0x29, 0x13, 0x19, 0x29, 0x13, 0x19, 0x29, 0x13, 0x19, 0x29, 0x13, 0x19, 0x29, 0x13, 0x19, 0x29, 0x13, 0x19, 0x29, 0x13, 0x19, 0x29, 0x13, 0x19, 0x29, 0x13, 0x19, 0x29, 
        0x13, 0x19, 0x29, 0x13, 0x19, 0x29, 0x13, 0x19, 0x29, 0x13, 0x19, 0x29, 0x13, 0x19, 0x29, 0x13, 0x19, 0x29, 0x13, 0x19, 0x29, 0x13, 0x19, 0x29, 0x13, 0x19, 0x29, 0x13, 0x19, 0x29, 0x13, 0x19, 0x29, 0x13, 0x19, 0x29, 0x13, 0x19, 0x29, 
        0x13, 0x19, 0x29, 0x13, 0x19, 0x29, 0x13, 0x19, 0x29, 0x13, 0x19, 0x29, 0x13, 0x19, 0x29, 0x13, 0x19, 0x29, 0x13, 0x19, 0x29, 0x13, 0x19, 0x29, 0x13, 0x19, 0x29, 0x13, 0x19, 0x29, 0x13, 0x19, 0x29, 0x13, 0x19, 0x29, 0x13, 0x19, 0x29, 
        0x13, 0x19, 0x29, 0x13, 0x19, 0x29, 0x13, 0x19, 0x29, 0x13, 0x19, 0x29, 0x13, 0x19, 0x29, 0x13, 0x19, 0x29, 0x13, 0x19, 0x29, 0x13, 0x19, 0x29, 0x13, 0x19, 0x29, 0x13, 0x19, 0x29, 0x13, 0x19, 0x29, 0x13, 0x19, 0x29, 0x13, 0x19, 0x29, 
        0x13, 0x19, 0x29, 0x13, 0x19, 0x29, 0x13, 0x19, 0x29, 0x13, 0x19, 0x29, 0x13, 0x19, 0x29, 0x13, 0x19, 0x29, 0x13, 0x19, 0x29, 0x13, 0x19, 0x29, 0x13, 0x19, 0x29, 0x13, 0x19, 0x29, 0x13, 0x19, 0x29, 0x13, 0x19, 0x29, 0x13, 0x19, 0x29, 
        0x13, 0x19, 0x29, 0x13, 0x19, 0x29, 0x13, 0x19, 0x29, 0x13, 0x19, 0x29,
  0x13, 0x19, 0x29, 0x13, 0x19, 0x29, 0x13, 0x19, 0x29, 0x13, 0x19, 0x29, 0x13, 0x19, 0x29, 0x13, 0x19, 0x29, 0x13, 0x19, 0x29, 0x13, 0x19, 0x29, 0x13, 0x19, 0x29, 0x13, 0x19, 0x29, 0x13, 0x19, 0x29, 0x13, 0x19, 0x29, 0x13, 0x19, 0x29, 0x13, 0x19, 0x29, 
        0x13, 0x19, 0x29, 0x13, 0x19, 0x29, 0x13, 0x19, 0x29, 0x13, 0x19, 0x29, 0x13, 0x19, 0x29, 0x13, 0x19, 0x29, 0x13, 0x19, 0x29, 0x13, 0x19, 0x29, 0x13, 0x19, 0x29, 0x13, 0x19, 0x29, 0x13, 0x19, 0x29, 0x13, 0x19, 0x29, 0x13, 0x19, 0x29, 
        0x13, 0x19, 0x29, 0x13, 0x19, 0x29, 0x13, 0x19, 0x29, 0x13, 0x19, 0x29, 0x13, 0x19, 0x29, 0x13, 0x19, 0x29, 0x13, 0x19, 0x29, 0x13, 0x19, 0x29, 0x13, 0x19, 0x29, 0x13, 0x19, 0x29, 0x13, 0x19, 0x29, 0x13, 0x19, 0x29, 0x13, 0x19, 0x29, 
        0x13, 0x19, 0x29, 0x13, 0x19, 0x29, 0x13, 0x19, 0x29, 0x13, 0x19, 0x29, 0x13, 0x19, 0x29, 0x13, 0x19, 0x29, 0x13, 0x19, 0x29, 0x13, 0x19, 0x29, 0x13, 0x19, 0x29, 0x13, 0x19, 0x29, 0x13, 0x19, 0x29, 0x13, 0x19, 0x29, 0x13, 0x19, 0x29, 
        0x13, 0x19, 0x29, 0x13, 0x19, 0x29, 0x13, 0x19, 0x29, 0x13, 0x19, 0x29, 0x13, 0x19, 0x29, 0x13, 0x19, 0x29, 0x13, 0x19, 0x29, 0x13, 0x19, 0x29, 0x13, 0x19, 0x29, 0x13, 0x19, 0x29, 0x13, 0x19, 0x29, 0x13, 0x19, 0x29, 0x13, 0x19, 0x29, 
        0x13, 0x19, 0x29, 0x13, 0x19, 0x29, 0x13, 0x19, 0x29, 0x13, 0x19, 0x29, 0x13, 0x19, 0x29, 0x13, 0x19, 0x29, 0x13, 0x19, 0x29, 0x13, 0x19, 0x29, 0x13, 0x19, 0x29, 0x13, 0x19, 0x29, 0x13, 0x19, 0x29, 0x13, 0x19, 0x29, 0x13, 0x19, 0x29, 
        0x13, 0x19, 0x29, 0x13, 0x19, 0x29, 0x13, 0x19, 0x29, 0x13, 0x19, 0x29, 0x13, 0x19, 0x29, 0x13, 0x19, 0x29, 0x13, 0x19, 0x29, 0x13, 0x19, 0x29, 0x13, 0x19, 0x29, 0x13, 0x19, 0x29, 0x13, 0x19, 0x29, 0x13, 0x19, 0x29, 0x13, 0x19, 0x29, 
        0x13, 0x19, 0x29, 0x18, 0x1E, 0x2E, 0x54, 0x58, 0x64, 0x90, 0x93, 0x9A, 0xC0, 0xC2, 0xC6, 0xE5, 0xE5, 0xE7, 0xFB, 0xFB, 0xFB, 0xFF, 0xFF, 0xFF, 0xFF, 0xFF, 0xFF, 0xFB, 0xFB, 0xFB, 0xE5, 0xE5, 0xE7, 0xC0, 0xC2, 0xC6, 0x90, 0x93, 0x9A, 
        0x54, 0x58, 0x64, 0x18, 0x1E, 0x2E, 0x13, 0x19, 0x29, 0x13, 0x19, 0x29, 0x13, 0x19, 0x29, 0x13, 0x19, 0x29, 0x13, 0x19, 0x29, 0x13, 0x19, 0x29, 0x13, 0x19, 0x29, 0x13, 0x19, 0x29, 0x13, 0x19, 0x29, 0x13, 0x19, 0x29, 0x13, 0x19, 0x29, 
        0x13, 0x19, 0x29, 0x13, 0x19, 0x29, 0x13, 0x19, 0x29, 0x13, 0x19, 0x29, 0x13, 0x19, 0x29, 0x13, 0x19, 0x29, 0x13, 0x19, 0x29, 0x13, 0x19, 0x29, 0x13, 0x19, 0x29, 0x13, 0x19, 0x29, 0x13, 0x19, 0x29, 0x13, 0x19, 0x29, 0x13, 0x19, 0x29, 
        0x13, 0x19, 0x29, 0x13, 0x19, 0x29, 0x13, 0x19, 0x29, 0x13, 0x19, 0x29, 0x13, 0x19, 0x29, 0x13, 0x19, 0x29, 0x13, 0x19, 0x29, 0x13, 0x19, 0x29, 0x13, 0x19, 0x29, 0x13, 0x19, 0x29, 0x13, 0x19, 0x29, 0x13, 0x19, 0x29, 0x13, 0x19, 0x29, 
        0x13, 0x19, 0x29, 0x13, 0x19, 0x29, 0x13, 0x19, 0x29, 0x13, 0x19, 0x29, 0x13, 0x19, 0x29, 0x13, 0x19, 0x29, 0x13, 0x19, 0x29, 0x13, 0x19, 0x29, 0x13, 0x19, 0x29, 0x13, 0x19, 0x29, 0x13, 0x19, 0x29, 0x13, 0x19, 0x29, 0x13, 0x19, 0x29, 
        0x13, 0x19, 0x29, 0x13, 0x19, 0x29, 0x13, 0x19, 0x29, 0x13, 0x19, 0x29, 0x13, 0x19, 0x29, 0x13, 0x19, 0x29, 0x13, 0x19, 0x29, 0x13, 0x19, 0x29, 0x13, 0x19, 0x29, 0x13, 0x19, 0x29, 0x13, 0x19, 0x29, 0x13, 0x19, 0x29, 0x13, 0x19, 0x29, 
        0x13, 0x19, 0x29, 0x13, 0x19, 0x29, 0x13, 0x19, 0x29, 0x13, 0x19, 0x29, 0x13, 0x19, 0x29, 0x13, 0x19, 0x29, 0x13, 0x19, 0x29, 0x13, 0x19, 0x29, 0x13, 0x19, 0x29, 0x13, 0x19, 0x29, 0x13, 0x19, 0x29, 0x13, 0x19, 0x29, 0x13, 0x19, 0x29, 
        0x13, 0x19, 0x29, 0x13, 0x19, 0x29, 0x13, 0x19, 0x29, 0x13, 0x19, 0x29, 0x13, 0x19, 0x29, 0x13, 0x19, 0x29, 0x13, 0x19, 0x29, 0x13, 0x19, 0x29, 0x13, 0x19, 0x29, 0x13, 0x19, 0x29, 0x13, 0x19, 0x29, 0x13, 0x19, 0x29, 0x13, 0x19, 0x29, 
        0x13, 0x19, 0x29, 0x13, 0x19, 0x29, 0x13, 0x19, 0x29, 0x13, 0x19, 0x29,
  0x13, 0x19, 0x29, 0x13, 0x19, 0x29, 0x13, 0x19, 0x29, 0x13, 0x19, 0x29, 0x13, 0x19, 0x29, 0x13, 0x19, 0x29, 0x13, 0x19, 0x29, 0x13, 0x19, 0x29, 0x13, 0x19, 0x29, 0x13, 0x19, 0x29, 0x13, 0x19, 0x29, 0x13, 0x19, 0x29, 0x13, 0x19, 0x29, 0x13, 0x19, 0x29, 
        0x13, 0x19, 0x29, 0x13, 0x19, 0x29, 0x13, 0x19, 0x29, 0x13, 0x19, 0x29, 0x13, 0x19, 0x29, 0x13, 0x19, 0x29, 0x13, 0x19, 0x29, 0x13, 0x19, 0x29, 0x13, 0x19, 0x29, 0x13, 0x19, 0x29, 0x13, 0x19, 0x29, 0x13, 0x19, 0x29, 0x13, 0x19, 0x29, 
        0x13, 0x19, 0x29, 0x13, 0x19, 0x29, 0x13, 0x19, 0x29, 0x13, 0x19, 0x29, 0x13, 0x19, 0x29, 0x13, 0x19, 0x29, 0x13, 0x19, 0x29, 0x13, 0x19, 0x29, 0x13, 0x19, 0x29, 0x13, 0x19, 0x29, 0x13, 0x19, 0x29, 0x13, 0x19, 0x29, 0x13, 0x19, 0x29, 
        0x13, 0x19, 0x29, 0x13, 0x19, 0x29, 0x13, 0x19, 0x29, 0x13, 0x19, 0x29, 0x13, 0x19, 0x29, 0x13, 0x19, 0x29, 0x13, 0x19, 0x29, 0x13, 0x19, 0x29, 0x13, 0x19, 0x29, 0x13, 0x19, 0x29, 0x13, 0x19, 0x29, 0x13, 0x19, 0x29, 0x13, 0x19, 0x29, 
        0x13, 0x19, 0x29, 0x13, 0x19, 0x29, 0x13, 0x19, 0x29, 0x13, 0x19, 0x29, 0x13, 0x19, 0x29, 0x13, 0x19, 0x29, 0x13, 0x19, 0x29, 0x13, 0x19, 0x29, 0x13, 0x19, 0x29, 0x13, 0x19, 0x29, 0x13, 0x19, 0x29, 0x13, 0x19, 0x29, 0x13, 0x19, 0x29, 
        0x13, 0x19, 0x29, 0x13, 0x19, 0x29, 0x13, 0x19, 0x29, 0x13, 0x19, 0x29, 0x13, 0x19, 0x29, 0x13, 0x19, 0x29, 0x13, 0x19, 0x29, 0x13, 0x19, 0x29, 0x13, 0x19, 0x29, 0x13, 0x19, 0x29, 0x13, 0x19, 0x29, 0x13, 0x19, 0x29, 0x13, 0x19, 0x29, 
        0x13, 0x19, 0x29, 0x13, 0x19, 0x29, 0x13, 0x19, 0x29, 0x13, 0x19, 0x29, 0x13, 0x19, 0x29, 0x13, 0x19, 0x29, 0x13, 0x19, 0x29, 0x13, 0x19, 0x29, 0x13, 0x19, 0x29, 0x13, 0x19, 0x29, 0x13, 0x19, 0x29, 0x13, 0x19, 0x29, 0x13, 0x19, 0x29, 
        0x13, 0x19, 0x29, 0x13, 0x19, 0x29, 0x13, 0x19, 0x29, 0x13, 0x19, 0x29, 0x13, 0x19, 0x29, 0x13, 0x19, 0x29, 0x13, 0x19, 0x29, 0x1C, 0x22, 0x31, 0x1C, 0x22, 0x31, 0x13, 0x19, 0x29, 0x13, 0x19, 0x29, 0x13, 0x19, 0x29, 0x13, 0x19, 0x29, 
        0x13, 0x19, 0x29, 0x13, 0x19, 0x29, 0x13, 0x19, 0x29, 0x13, 0x19, 0x29, 0x13, 0x19, 0x29, 0x13, 0x19, 0x29, 0x13, 0x19, 0x29, 0x13, 0x19, 0x29, 0x13, 0x19, 0x29, 0x13, 0x19, 0x29, 0x13, 0x19, 0x29, 0x13, 0x19, 0x29, 0x13, 0x19, 0x29, 
        0x13, 0x19, 0x29, 0x13, 0x19, 0x29, 0x13, 0x19, 0x29, 0x13, 0x19, 0x29, 0x13, 0x19, 0x29, 0x13, 0x19, 0x29, 0x13, 0x19, 0x29, 0x13, 0x19, 0x29, 0x13, 0x19, 0x29, 0x13, 0x19, 0x29, 0x13, 0x19, 0x29, 0x13, 0x19, 0x29, 0x13, 0x19, 0x29, 
        0x13, 0x19, 0x29, 0x13, 0x19, 0x29, 0x13, 0x19, 0x29, 0x13, 0x19, 0x29, 0x13, 0x19, 0x29, 0x13, 0x19, 0x29, 0x13, 0x19, 0x29, 0x13, 0x19, 0x29, 0x13, 0x19, 0x29, 0x13, 0x19, 0x29, 0x13, 0x19, 0x29, 0x13, 0x19, 0x29, 0x13, 0x19, 0x29, 
        0x13, 0x19, 0x29, 0x13, 0x19, 0x29, 0x13, 0x19, 0x29, 0x13, 0x19, 0x29, 0x13, 0x19, 0x29, 0x13, 0x19, 0x29, 0x13, 0x19, 0x29, 0x13, 0x19, 0x29, 0x13, 0x19, 0x29, 0x13, 0x19, 0x29, 0x13, 0x19, 0x29, 0x13, 0x19, 0x29, 0x13, 0x19, 0x29, 
        0x13, 0x19, 0x29, 0x13, 0x19, 0x29, 0x13, 0x19, 0x29, 0x13, 0x19, 0x29, 0x13, 0x19, 0x29, 0x13, 0x19, 0x29, 0x13, 0x19, 0x29, 0x13, 0x19, 0x29, 0x13, 0x19, 0x29, 0x13, 0x19, 0x29, 0x13, 0x19, 0x29, 0x13, 0x19, 0x29, 0x13, 0x19, 0x29, 
        0x13, 0x19, 0x29, 0x13, 0x19, 0x29, 0x13, 0x19, 0x29, 0x13, 0x19, 0x29, 0x13, 0x19, 0x29, 0x13, 0x19, 0x29, 0x13, 0x19, 0x29, 0x13, 0x19, 0x29, 0x13, 0x19, 0x29, 0x13, 0x19, 0x29, 0x13, 0x19, 0x29, 0x13, 0x19, 0x29, 0x13, 0x19, 0x29, 
        0x13, 0x19, 0x29, 0x13, 0x19, 0x29, 0x13, 0x19, 0x29, 0x13, 0x19, 0x29, 0x13, 0x19, 0x29, 0x13, 0x19, 0x29, 0x13, 0x19, 0x29, 0x13, 0x19, 0x29, 0x13, 0x19, 0x29, 0x13, 0x19, 0x29, 0x13, 0x19, 0x29, 0x13, 0x19, 0x29, 0x13, 0x19, 0x29, 
        0x13, 0x19, 0x29, 0x13, 0x19, 0x29, 0x13, 0x19, 0x29, 0x13, 0x19, 0x29,
  0x13, 0x19, 0x29, 0x13, 0x19, 0x29, 0x13, 0x19, 0x29, 0x13, 0x19, 0x29, 0x13, 0x19, 0x29, 0x13, 0x19, 0x29, 0x13, 0x19, 0x29, 0x13, 0x19, 0x29, 0x13, 0x19, 0x29, 0x13, 0x19, 0x29, 0x13, 0x19, 0x29, 0x13, 0x19, 0x29, 0x13, 0x19, 0x29, 0x13, 0x19, 0x29, 
        0x13, 0x19, 0x29, 0x13, 0x19, 0x29, 0x13, 0x19, 0x29, 0x13, 0x19, 0x29, 0x13, 0x19, 0x29, 0x13, 0x19, 0x29, 0x13, 0x19, 0x29, 0x13, 0x19, 0x29, 0x13, 0x19, 0x29, 0x13, 0x19, 0x29, 0x13, 0x19, 0x29, 0x13, 0x19, 0x29, 0x13, 0x19, 0x29, 
        0x13, 0x19, 0x29, 0x13, 0x19, 0x29, 0x13, 0x19, 0x29, 0x13, 0x19, 0x29, 0x13, 0x19, 0x29, 0x13, 0x19, 0x29, 0x13, 0x19, 0x29, 0x13, 0x19, 0x29, 0x13, 0x19, 0x29, 0x13, 0x19, 0x29, 0x13, 0x19, 0x29, 0x13, 0x19, 0x29, 0x13, 0x19, 0x29, 
        0x13, 0x19, 0x29, 0x13, 0x19, 0x29, 0x13, 0x19, 0x29, 0x13, 0x19, 0x29, 0x13, 0x19, 0x29, 0x13, 0x19, 0x29, 0x13, 0x19, 0x29, 0x13, 0x19, 0x29, 0x13, 0x19, 0x29, 0x13, 0x19, 0x29, 0x13, 0x19, 0x29, 0x13, 0x19, 0x29, 0x13, 0x19, 0x29, 
        0x13, 0x19, 0x29, 0x13, 0x19, 0x29, 0x13, 0x19, 0x29, 0x13, 0x19, 0x29, 0x13, 0x19, 0x29, 0x13, 0x19, 0x29, 0x13, 0x19, 0x29, 0x13, 0x19, 0x29, 0x13, 0x19, 0x29, 0x13, 0x19, 0x29, 0x13, 0x19, 0x29, 0x13, 0x19, 0x29, 0x13, 0x19, 0x29, 
        0x13, 0x19, 0x29, 0x13, 0x19, 0x29, 0x13, 0x19, 0x29, 0x13, 0x19, 0x29, 0x13, 0x19, 0x29, 0x13, 0x19, 0x29, 0x13, 0x19, 0x29, 0x13, 0x19, 0x29, 0x13, 0x19, 0x29, 0x13, 0x19, 0x29, 0x13, 0x19, 0x29, 0x13, 0x19, 0x29, 0x13, 0x19, 0x29, 
        0x13, 0x19, 0x29, 0x13, 0x19, 0x29, 0x13, 0x19, 0x29, 0x13, 0x19, 0x29, 0x13, 0x19, 0x29, 0x13, 0x19, 0x29, 0x13, 0x19, 0x29, 0x13, 0x19, 0x29, 0x13, 0x19, 0x29, 0x13, 0x19, 0x29, 0x13, 0x19, 0x29, 0x13, 0x19, 0x29, 0x13, 0x19, 0x29, 
        0x13, 0x19, 0x29, 0x13, 0x19, 0x29, 0x13, 0x19, 0x29, 0x13, 0x19, 0x29, 0x13, 0x19, 0x29, 0x13, 0x19, 0x29, 0x13, 0x19, 0x29, 0x13, 0x19, 0x29, 0x13, 0x19, 0x29, 0x13, 0x19, 0x29, 0x13, 0x19, 0x29, 0x13, 0x19, 0x29, 0x13, 0x19, 0x29, 
        0x13, 0x19, 0x29, 0x13, 0x19, 0x29, 0x13, 0x19, 0x29, 0x13, 0x19, 0x29, 0x13, 0x19, 0x29, 0x13, 0x19, 0x29, 0x13, 0x19, 0x29, 0x13, 0x19, 0x29, 0x13, 0x19, 0x29, 0x13, 0x19, 0x29, 0x13, 0x19, 0x29, 0x13, 0x19, 0x29, 0x13, 0x19, 0x29, 
        0x13, 0x19, 0x29, 0x13, 0x19, 0x29, 0x13, 0x19, 0x29, 0x13, 0x19, 0x29, 0x13, 0x19, 0x29, 0x13, 0x19, 0x29, 0x13, 0x19, 0x29, 0x13, 0x19, 0x29, 0x13, 0x19, 0x29, 0x13, 0x19, 0x29, 0x13, 0x19, 0x29, 0x13, 0x19, 0x29, 0x13, 0x19, 0x29, 
        0x13, 0x19, 0x29, 0x13, 0x19, 0x29, 0x13, 0x19, 0x29, 0x13, 0x19, 0x29, 0x13, 0x19, 0x29, 0x13, 0x19, 0x29, 0x13, 0x19, 0x29, 0x13, 0x19, 0x29, 0x13, 0x19, 0x29, 0x13, 0x19, 0x29, 0x13, 0x19, 0x29, 0x13, 0x19, 0x29, 0x13, 0x19, 0x29, 
        0x13, 0x19, 0x29, 0x13, 0x19, 0x29, 0x13, 0x19, 0x29, 0x13, 0x19, 0x29, 0x13, 0x19, 0x29, 0x13, 0x19, 0x29, 0x13, 0x19, 0x29, 0x13, 0x19, 0x29, 0x13, 0x19, 0x29, 0x13, 0x19, 0x29, 0x13, 0x19, 0x29, 0x13, 0x19, 0x29, 0x13, 0x19, 0x29, 
        0x13, 0x19, 0x29, 0x13, 0x19, 0x29, 0x13, 0x19, 0x29, 0x13, 0x19, 0x29, 0x13, 0x19, 0x29, 0x13, 0x19, 0x29, 0x13, 0x19, 0x29, 0x13, 0x19, 0x29, 0x13, 0x19, 0x29, 0x13, 0x19, 0x29, 0x13, 0x19, 0x29, 0x13, 0x19, 0x29, 0x13, 0x19, 0x29, 
        0x13, 0x19, 0x29, 0x13, 0x19, 0x29, 0x13, 0x19, 0x29, 0x13, 0x19, 0x29, 0x13, 0x19, 0x29, 0x13, 0x19, 0x29, 0x13, 0x19, 0x29, 0x13, 0x19, 0x29, 0x13, 0x19, 0x29, 0x13, 0x19, 0x29, 0x13, 0x19, 0x29, 0x13, 0x19, 0x29, 0x13, 0x19, 0x29, 
        0x13, 0x19, 0x29, 0x13, 0x19, 0x29, 0x13, 0x19, 0x29, 0x13, 0x19, 0x29, 0x13, 0x19, 0x29, 0x13, 0x19, 0x29, 0x13, 0x19, 0x29, 0x13, 0x19, 0x29, 0x13, 0x19, 0x29, 0x13, 0x19, 0x29, 0x13, 0x19, 0x29, 0x13, 0x19, 0x29, 0x13, 0x19, 0x29, 
        0x13, 0x19, 0x29, 0x13, 0x19, 0x29, 0x13, 0x19, 0x29, 0x13, 0x19, 0x29,
  0x13, 0x19, 0x29, 0x13, 0x19, 0x29, 0x13, 0x19, 0x29, 0x13, 0x19, 0x29, 0x13, 0x19, 0x29, 0x13, 0x19, 0x29, 0x13, 0x19, 0x29, 0x13, 0x19, 0x29, 0x13, 0x19, 0x29, 0x13, 0x19, 0x29, 0x13, 0x19, 0x29, 0x13, 0x19, 0x29, 0x13, 0x19, 0x29, 0x13, 0x19, 0x29, 
        0x13, 0x19, 0x29, 0x13, 0x19, 0x29, 0x13, 0x19, 0x29, 0x13, 0x19, 0x29, 0x13, 0x19, 0x29, 0x13, 0x19, 0x29, 0x13, 0x19, 0x29, 0x13, 0x19, 0x29, 0x13, 0x19, 0x29, 0x13, 0x19, 0x29, 0x13, 0x19, 0x29, 0x13, 0x19, 0x29, 0x13, 0x19, 0x29, 
        0x13, 0x19, 0x29, 0x13, 0x19, 0x29, 0x13, 0x19, 0x29, 0x13, 0x19, 0x29, 0x13, 0x19, 0x29, 0x13, 0x19, 0x29, 0x13, 0x19, 0x29, 0x13, 0x19, 0x29, 0x13, 0x19, 0x29, 0x13, 0x19, 0x29, 0x13, 0x19, 0x29, 0x13, 0x19, 0x29, 0x13, 0x19, 0x29, 
        0x13, 0x19, 0x29, 0x13, 0x19, 0x29, 0x13, 0x19, 0x29, 0x13, 0x19, 0x29, 0x13, 0x19, 0x29, 0x13, 0x19, 0x29, 0x13, 0x19, 0x29, 0x13, 0x19, 0x29, 0x13, 0x19, 0x29, 0x13, 0x19, 0x29, 0x13, 0x19, 0x29, 0x13, 0x19, 0x29, 0x13, 0x19, 0x29, 
        0x13, 0x19, 0x29, 0x13, 0x19, 0x29, 0x13, 0x19, 0x29, 0x13, 0x19, 0x29, 0x13, 0x19, 0x29, 0x13, 0x19, 0x29, 0x13, 0x19, 0x29, 0x13, 0x19, 0x29, 0x13, 0x19, 0x29, 0x13, 0x19, 0x29, 0x13, 0x19, 0x29, 0x13, 0x19, 0x29, 0x13, 0x19, 0x29, 
        0x13, 0x19, 0x29, 0x13, 0x19, 0x29, 0x13, 0x19, 0x29, 0x13, 0x19, 0x29, 0x13, 0x19, 0x29, 0x13, 0x19, 0x29, 0x13, 0x19, 0x29, 0x13, 0x19, 0x29, 0x13, 0x19, 0x29, 0x13, 0x19, 0x29, 0x13, 0x19, 0x29, 0x13, 0x19, 0x29, 0x13, 0x19, 0x29, 
        0x13, 0x19, 0x29, 0x13, 0x19, 0x29, 0x13, 0x19, 0x29, 0x13, 0x19, 0x29, 0x13, 0x19, 0x29, 0x13, 0x19, 0x29, 0x13, 0x19, 0x29, 0x13, 0x19, 0x29, 0x13, 0x19, 0x29, 0x13, 0x19, 0x29, 0x13, 0x19, 0x29, 0x13, 0x19, 0x29, 0x13, 0x19, 0x29, 
        0x13, 0x19, 0x29, 0x13, 0x19, 0x29, 0x13, 0x19, 0x29, 0x13, 0x19, 0x29, 0x13, 0x19, 0x29, 0x13, 0x19, 0x29, 0x13, 0x19, 0x29, 0x13, 0x19, 0x29, 0x13, 0x19, 0x29, 0x13, 0x19, 0x29, 0x13, 0x19, 0x29, 0x13, 0x19, 0x29, 0x13, 0x19, 0x29, 
        0x13, 0x19, 0x29, 0x13, 0x19, 0x29, 0x13, 0x19, 0x29, 0x13, 0x19, 0x29, 0x13, 0x19, 0x29, 0x13, 0x19, 0x29, 0x13, 0x19, 0x29, 0x13, 0x19, 0x29, 0x13, 0x19, 0x29, 0x13, 0x19, 0x29, 0x13, 0x19, 0x29, 0x13, 0x19, 0x29, 0x13, 0x19, 0x29, 
        0x13, 0x19, 0x29, 0x13, 0x19, 0x29, 0x13, 0x19, 0x29, 0x13, 0x19, 0x29, 0x13, 0x19, 0x29, 0x13, 0x19, 0x29, 0x13, 0x19, 0x29, 0x13, 0x19, 0x29, 0x13, 0x19, 0x29, 0x13, 0x19, 0x29, 0x13, 0x19, 0x29, 0x13, 0x19, 0x29, 0x13, 0x19, 0x29, 
        0x13, 0x19, 0x29, 0x13, 0x19, 0x29, 0x13, 0x19, 0x29, 0x13, 0x19, 0x29, 0x13, 0x19, 0x29, 0x13, 0x19, 0x29, 0x13, 0x19, 0x29, 0x13, 0x19, 0x29, 0x13, 0x19, 0x29, 0x13, 0x19, 0x29, 0x13, 0x19, 0x29, 0x13, 0x19, 0x29, 0x13, 0x19, 0x29, 
        0x13, 0x19, 0x29, 0x13, 0x19, 0x29, 0x13, 0x19, 0x29, 0x13, 0x19, 0x29, 0x13, 0x19, 0x29, 0x13, 0x19, 0x29, 0x13, 0x19, 0x29, 0x13, 0x19, 0x29, 0x13, 0x19, 0x29, 0x13, 0x19, 0x29, 0x13, 0x19, 0x29, 0x13, 0x19, 0x29, 0x13, 0x19, 0x29, 
        0x13, 0x19, 0x29, 0x13, 0x19, 0x29, 0x13, 0x19, 0x29, 0x13, 0x19, 0x29, 0x13, 0x19, 0x29, 0x13, 0x19, 0x29, 0x13, 0x19, 0x29, 0x13, 0x19, 0x29, 0x13, 0x19, 0x29, 0x13, 0x19, 0x29, 0x13, 0x19, 0x29, 0x13, 0x19, 0x29, 0x13, 0x19, 0x29, 
        0x13, 0x19, 0x29, 0x13, 0x19, 0x29, 0x13, 0x19, 0x29, 0x13, 0x19, 0x29, 0x13, 0x19, 0x29, 0x13, 0x19, 0x29, 0x13, 0x19, 0x29, 0x13, 0x19, 0x29, 0x13, 0x19, 0x29, 0x13, 0x19, 0x29, 0x13, 0x19, 0x29, 0x13, 0x19, 0x29, 0x13, 0x19, 0x29, 
        0x13, 0x19, 0x29, 0x13, 0x19, 0x29, 0x13, 0x19, 0x29, 0x13, 0x19, 0x29, 0x13, 0x19, 0x29, 0x13, 0x19, 0x29, 0x13, 0x19, 0x29, 0x13, 0x19, 0x29, 0x13, 0x19, 0x29, 0x13, 0x19, 0x29, 0x13, 0x19, 0x29, 0x13, 0x19, 0x29, 0x13, 0x19, 0x29, 
        0x13, 0x19, 0x29, 0x13, 0x19, 0x29, 0x13, 0x19, 0x29, 0x13, 0x19, 0x29,
  0x13, 0x19, 0x29, 0x13, 0x19, 0x29, 0x13, 0x19, 0x29, 0x13, 0x19, 0x29, 0x13, 0x19, 0x29, 0x13, 0x19, 0x29, 0x13, 0x19, 0x29, 0x13, 0x19, 0x29, 0x13, 0x19, 0x29, 0x13, 0x19, 0x29, 0x13, 0x19, 0x29, 0x13, 0x19, 0x29, 0x13, 0x19, 0x29, 0x13, 0x19, 0x29, 
        0x13, 0x19, 0x29, 0x13, 0x19, 0x29, 0x13, 0x19, 0x29, 0x13, 0x19, 0x29, 0x13, 0x19, 0x29, 0x13, 0x19, 0x29, 0x13, 0x19, 0x29, 0x13, 0x19, 0x29, 0x13, 0x19, 0x29, 0x13, 0x19, 0x29, 0x13, 0x19, 0x29, 0x13, 0x19, 0x29, 0x13, 0x19, 0x29, 
        0x13, 0x19, 0x29, 0x13, 0x19, 0x29, 0x13, 0x19, 0x29, 0x13, 0x19, 0x29, 0x13, 0x19, 0x29, 0x13, 0x19, 0x29, 0x13, 0x19, 0x29, 0x13, 0x19, 0x29, 0x13, 0x19, 0x29, 0x13, 0x19, 0x29, 0x13, 0x19, 0x29, 0x13, 0x19, 0x29, 0x13, 0x19, 0x29, 
        0x13, 0x19, 0x29, 0x13, 0x19, 0x29, 0x13, 0x19, 0x29, 0x13, 0x19, 0x29, 0x13, 0x19, 0x29, 0x13, 0x19, 0x29, 0x13, 0x19, 0x29, 0x13, 0x19, 0x29, 0x13, 0x19, 0x29, 0x13, 0x19, 0x29, 0x13, 0x19, 0x29, 0x13, 0x19, 0x29, 0x13, 0x19, 0x29, 
        0x13, 0x19, 0x29, 0x13, 0x19, 0x29, 0x13, 0x19, 0x29, 0x13, 0x19, 0x29, 0x13, 0x19, 0x29, 0x13, 0x19, 0x29, 0x13, 0x19, 0x29, 0x13, 0x19, 0x29, 0x13, 0x19, 0x29, 0x13, 0x19, 0x29, 0x13, 0x19, 0x29, 0x13, 0x19, 0x29, 0x13, 0x19, 0x29, 
        0x13, 0x19, 0x29, 0x13, 0x19, 0x29, 0x13, 0x19, 0x29, 0x13, 0x19, 0x29, 0x13, 0x19, 0x29, 0x13, 0x19, 0x29, 0x13, 0x19, 0x29, 0x13, 0x19, 0x29, 0x13, 0x19, 0x29, 0x13, 0x19, 0x29, 0x13, 0x19, 0x29, 0x13, 0x19, 0x29, 0x13, 0x19, 0x29, 
        0x13, 0x19, 0x29, 0x13, 0x19, 0x29, 0x13, 0x19, 0x29, 0x13, 0x19, 0x29, 0x13, 0x19, 0x29, 0x13, 0x19, 0x29, 0x13, 0x19, 0x29, 0x13, 0x19, 0x29, 0x13, 0x19, 0x29, 0x13, 0x19, 0x29, 0x13, 0x19, 0x29, 0x13, 0x19, 0x29, 0x13, 0x19, 0x29, 
        0x13, 0x19, 0x29, 0x13, 0x19, 0x29, 0x13, 0x19, 0x29, 0x13, 0x19, 0x29, 0x13, 0x19, 0x29, 0x13, 0x19, 0x29, 0x13, 0x19, 0x29, 0x13, 0x19, 0x29, 0x13, 0x19, 0x29, 0x13, 0x19, 0x29, 0x13, 0x19, 0x29, 0x13, 0x19, 0x29, 0x13, 0x19, 0x29, 
        0x13, 0x19, 0x29, 0x13, 0x19, 0x29, 0x13, 0x19, 0x29, 0x13, 0x19, 0x29, 0x13, 0x19, 0x29, 0x13, 0x19, 0x29, 0x13, 0x19, 0x29, 0x13, 0x19, 0x29, 0x13, 0x19, 0x29, 0x13, 0x19, 0x29, 0x13, 0x19, 0x29, 0x13, 0x19, 0x29, 0x13, 0x19, 0x29, 
        0x13, 0x19, 0x29, 0x13, 0x19, 0x29, 0x13, 0x19, 0x29, 0x13, 0x19, 0x29, 0x13, 0x19, 0x29, 0x13, 0x19, 0x29, 0x13, 0x19, 0x29, 0x13, 0x19, 0x29, 0x13, 0x19, 0x29, 0x13, 0x19, 0x29, 0x13, 0x19, 0x29, 0x13, 0x19, 0x29, 0x13, 0x19, 0x29, 
        0x13, 0x19, 0x29, 0x13, 0x19, 0x29, 0x13, 0x19, 0x29, 0x13, 0x19, 0x29, 0x13, 0x19, 0x29, 0x13, 0x19, 0x29, 0x13, 0x19, 0x29, 0x13, 0x19, 0x29, 0x13, 0x19, 0x29, 0x13, 0x19, 0x29, 0x13, 0x19, 0x29, 0x13, 0x19, 0x29, 0x13, 0x19, 0x29, 
        0x13, 0x19, 0x29, 0x13, 0x19, 0x29, 0x13, 0x19, 0x29, 0x13, 0x19, 0x29, 0x13, 0x19, 0x29, 0x13, 0x19, 0x29, 0x13, 0x19, 0x29, 0x13, 0x19, 0x29, 0x13, 0x19, 0x29, 0x13, 0x19, 0x29, 0x13, 0x19, 0x29, 0x13, 0x19, 0x29, 0x13, 0x19, 0x29, 
        0x13, 0x19, 0x29, 0x13, 0x19, 0x29, 0x13, 0x19, 0x29, 0x13, 0x19, 0x29, 0x13, 0x19, 0x29, 0x13, 0x19, 0x29, 0x13, 0x19, 0x29, 0x13, 0x19, 0x29, 0x13, 0x19, 0x29, 0x13, 0x19, 0x29, 0x13, 0x19, 0x29, 0x13, 0x19, 0x29, 0x13, 0x19, 0x29, 
        0x13, 0x19, 0x29, 0x13, 0x19, 0x29, 0x13, 0x19, 0x29, 0x13, 0x19, 0x29, 0x13, 0x19, 0x29, 0x13, 0x19, 0x29, 0x13, 0x19, 0x29, 0x13, 0x19, 0x29, 0x13, 0x19, 0x29, 0x13, 0x19, 0x29, 0x13, 0x19, 0x29, 0x13, 0x19, 0x29, 0x13, 0x19, 0x29, 
        0x13, 0x19, 0x29, 0x13, 0x19, 0x29, 0x13, 0x19, 0x29, 0x13, 0x19, 0x29, 0x13, 0x19, 0x29, 0x13, 0x19, 0x29, 0x13, 0x19, 0x29, 0x13, 0x19, 0x29, 0x13, 0x19, 0x29, 0x13, 0x19, 0x29, 0x13, 0x19, 0x29, 0x13, 0x19, 0x29, 0x13, 0x19, 0x29, 
        0x13, 0x19, 0x29, 0x13, 0x19, 0x29, 0x13, 0x19, 0x29, 0x13, 0x19, 0x29,
  0x13, 0x19, 0x29, 0x13, 0x19, 0x29, 0x13, 0x19, 0x29, 0x13, 0x19, 0x29, 0x13, 0x19, 0x29, 0x13, 0x19, 0x29, 0x13, 0x19, 0x29, 0x13, 0x19, 0x29, 0x13, 0x19, 0x29, 0x13, 0x19, 0x29, 0x13, 0x19, 0x29, 0x13, 0x19, 0x29, 0x13, 0x19, 0x29, 0x13, 0x19, 0x29, 
        0x13, 0x19, 0x29, 0x13, 0x19, 0x29, 0x13, 0x19, 0x29, 0x13, 0x19, 0x29, 0x13, 0x19, 0x29, 0x13, 0x19, 0x29, 0x13, 0x19, 0x29, 0x13, 0x19, 0x29, 0x13, 0x19, 0x29, 0x13, 0x19, 0x29, 0x13, 0x19, 0x29, 0x13, 0x19, 0x29, 0x13, 0x19, 0x29, 
        0x13, 0x19, 0x29, 0x13, 0x19, 0x29, 0x13, 0x19, 0x29, 0x13, 0x19, 0x29, 0x13, 0x19, 0x29, 0x13, 0x19, 0x29, 0x13, 0x19, 0x29, 0x13, 0x19, 0x29, 0x13, 0x19, 0x29, 0x13, 0x19, 0x29, 0x13, 0x19, 0x29, 0x13, 0x19, 0x29, 0x13, 0x19, 0x29, 
        0x13, 0x19, 0x29, 0x13, 0x19, 0x29, 0x13, 0x19, 0x29, 0x13, 0x19, 0x29, 0x13, 0x19, 0x29, 0x13, 0x19, 0x29, 0x13, 0x19, 0x29, 0x13, 0x19, 0x29, 0x13, 0x19, 0x29, 0x13, 0x19, 0x29, 0x13, 0x19, 0x29, 0x13, 0x19, 0x29, 0x13, 0x19, 0x29, 
        0x13, 0x19, 0x29, 0x13, 0x19, 0x29, 0x13, 0x19, 0x29, 0x13, 0x19, 0x29, 0x13, 0x19, 0x29, 0x13, 0x19, 0x29, 0x13, 0x19, 0x29, 0x13, 0x19, 0x29, 0x13, 0x19, 0x29, 0x13, 0x19, 0x29, 0x13, 0x19, 0x29, 0x13, 0x19, 0x29, 0x13, 0x19, 0x29, 
        0x13, 0x19, 0x29, 0x13, 0x19, 0x29, 0x13, 0x19, 0x29, 0x13, 0x19, 0x29, 0x13, 0x19, 0x29, 0x13, 0x19, 0x29, 0x13, 0x19, 0x29, 0x13, 0x19, 0x29, 0x13, 0x19, 0x29, 0x13, 0x19, 0x29, 0x13, 0x19, 0x29, 0x13, 0x19, 0x29, 0x13, 0x19, 0x29, 
        0x13, 0x19, 0x29, 0x13, 0x19, 0x29, 0x13, 0x19, 0x29, 0x13, 0x19, 0x29, 0x13, 0x19, 0x29, 0x13, 0x19, 0x29, 0x13, 0x19, 0x29, 0x13, 0x19, 0x29, 0x13, 0x19, 0x29, 0x13, 0x19, 0x29, 0x13, 0x19, 0x29, 0x13, 0x19, 0x29, 0x13, 0x19, 0x29, 
        0x13, 0x19, 0x29, 0x13, 0x19, 0x29, 0x13, 0x19, 0x29, 0x13, 0x19, 0x29, 0x13, 0x19, 0x29, 0x13, 0x19, 0x29, 0x13, 0x19, 0x29, 0x13, 0x19, 0x29, 0x13, 0x19, 0x29, 0x13, 0x19, 0x29, 0x13, 0x19, 0x29, 0x13, 0x19, 0x29, 0x13, 0x19, 0x29, 
        0x13, 0x19, 0x29, 0x13, 0x19, 0x29, 0x13, 0x19, 0x29, 0x13, 0x19, 0x29, 0x13, 0x19, 0x29, 0x13, 0x19, 0x29, 0x13, 0x19, 0x29, 0x13, 0x19, 0x29, 0x13, 0x19, 0x29, 0x13, 0x19, 0x29, 0x13, 0x19, 0x29, 0x13, 0x19, 0x29, 0x13, 0x19, 0x29, 
        0x13, 0x19, 0x29, 0x13, 0x19, 0x29, 0x13, 0x19, 0x29, 0x13, 0x19, 0x29, 0x13, 0x19, 0x29, 0x13, 0x19, 0x29, 0x13, 0x19, 0x29, 0x13, 0x19, 0x29, 0x13, 0x19, 0x29, 0x13, 0x19, 0x29, 0x13, 0x19, 0x29, 0x13, 0x19, 0x29, 0x13, 0x19, 0x29, 
        0x13, 0x19, 0x29, 0x13, 0x19, 0x29, 0x13, 0x19, 0x29, 0x13, 0x19, 0x29, 0x13, 0x19, 0x29, 0x13, 0x19, 0x29, 0x13, 0x19, 0x29, 0x13, 0x19, 0x29, 0x13, 0x19, 0x29, 0x13, 0x19, 0x29, 0x13, 0x19, 0x29, 0x13, 0x19, 0x29, 0x13, 0x19, 0x29, 
        0x13, 0x19, 0x29, 0x13, 0x19, 0x29, 0x13, 0x19, 0x29, 0x13, 0x19, 0x29, 0x13, 0x19, 0x29, 0x13, 0x19, 0x29, 0x13, 0x19, 0x29, 0x13, 0x19, 0x29, 0x13, 0x19, 0x29, 0x13, 0x19, 0x29, 0x13, 0x19, 0x29, 0x13, 0x19, 0x29, 0x13, 0x19, 0x29, 
        0x13, 0x19, 0x29, 0x13, 0x19, 0x29, 0x13, 0x19, 0x29, 0x13, 0x19, 0x29, 0x13, 0x19, 0x29, 0x13, 0x19, 0x29, 0x13, 0x19, 0x29, 0x13, 0x19, 0x29, 0x13, 0x19, 0x29, 0x13, 0x19, 0x29, 0x13, 0x19, 0x29, 0x13, 0x19, 0x29, 0x13, 0x19, 0x29, 
        0x13, 0x19, 0x29, 0x13, 0x19, 0x29, 0x13, 0x19, 0x29, 0x13, 0x19, 0x29, 0x13, 0x19, 0x29, 0x13, 0x19, 0x29, 0x13, 0x19, 0x29, 0x13, 0x19, 0x29, 0x13, 0x19, 0x29, 0x13, 0x19, 0x29, 0x13, 0x19, 0x29, 0x13, 0x19, 0x29, 0x13, 0x19, 0x29, 
        0x13, 0x19, 0x29, 0x13, 0x19, 0x29, 0x13, 0x19, 0x29, 0x13, 0x19, 0x29, 0x13, 0x19, 0x29, 0x13, 0x19, 0x29, 0x13, 0x19, 0x29, 0x13, 0x19, 0x29, 0x13, 0x19, 0x29, 0x13, 0x19, 0x29, 0x13, 0x19, 0x29, 0x13, 0x19, 0x29, 0x13, 0x19, 0x29, 
        0x13, 0x19, 0x29, 0x13, 0x19, 0x29, 0x13, 0x19, 0x29, 0x13, 0x19, 0x29,
  0x13, 0x19, 0x29, 0x13, 0x19, 0x29, 0x13, 0x19, 0x29, 0x13, 0x19, 0x29, 0x13, 0x19, 0x29, 0x13, 0x19, 0x29, 0x13, 0x19, 0x29, 0x13, 0x19, 0x29, 0x13, 0x19, 0x29, 0x13, 0x19, 0x29, 0x13, 0x19, 0x29, 0x13, 0x19, 0x29, 0x13, 0x19, 0x29, 0x13, 0x19, 0x29, 
        0x13, 0x19, 0x29, 0x13, 0x19, 0x29, 0x13, 0x19, 0x29, 0x13, 0x19, 0x29, 0x13, 0x19, 0x29, 0x13, 0x19, 0x29, 0x13, 0x19, 0x29, 0x13, 0x19, 0x29, 0x13, 0x19, 0x29, 0x13, 0x19, 0x29, 0x13, 0x19, 0x29, 0x13, 0x19, 0x29, 0x13, 0x19, 0x29, 
        0x13, 0x19, 0x29, 0x13, 0x19, 0x29, 0x13, 0x19, 0x29, 0x13, 0x19, 0x29, 0x13, 0x19, 0x29, 0x13, 0x19, 0x29, 0x13, 0x19, 0x29, 0x13, 0x19, 0x29, 0x13, 0x19, 0x29, 0x13, 0x19, 0x29, 0x13, 0x19, 0x29, 0x13, 0x19, 0x29, 0x13, 0x19, 0x29, 
        0x13, 0x19, 0x29, 0x13, 0x19, 0x29, 0x13, 0x19, 0x29, 0x13, 0x19, 0x29, 0x13, 0x19, 0x29, 0x13, 0x19, 0x29, 0x13, 0x19, 0x29, 0x13, 0x19, 0x29, 0x13, 0x19, 0x29, 0x13, 0x19, 0x29, 0x13, 0x19, 0x29, 0x13, 0x19, 0x29, 0x13, 0x19, 0x29, 
        0x13, 0x19, 0x29, 0x13, 0x19, 0x29, 0x13, 0x19, 0x29, 0x13, 0x19, 0x29, 0x13, 0x19, 0x29, 0x13, 0x19, 0x29, 0x13, 0x19, 0x29, 0x13, 0x19, 0x29, 0x13, 0x19, 0x29, 0x13, 0x19, 0x29, 0x13, 0x19, 0x29, 0x13, 0x19, 0x29, 0x13, 0x19, 0x29, 
        0x13, 0x19, 0x29, 0x13, 0x19, 0x29, 0x13, 0x19, 0x29, 0x13, 0x19, 0x29, 0x13, 0x19, 0x29, 0x13, 0x19, 0x29, 0x13, 0x19, 0x29, 0x13, 0x19, 0x29, 0x13, 0x19, 0x29, 0x13, 0x19, 0x29, 0x13, 0x19, 0x29, 0x13, 0x19, 0x29, 0x13, 0x19, 0x29, 
        0x13, 0x19, 0x29, 0x13, 0x19, 0x29, 0x13, 0x19, 0x29, 0x13, 0x19, 0x29, 0x13, 0x19, 0x29, 0x13, 0x19, 0x29, 0x13, 0x19, 0x29, 0x13, 0x19, 0x29, 0x13, 0x19, 0x29, 0x13, 0x19, 0x29, 0x13, 0x19, 0x29, 0x13, 0x19, 0x29, 0x13, 0x19, 0x29, 
        0x13, 0x19, 0x29, 0x13, 0x19, 0x29, 0x13, 0x19, 0x29, 0x13, 0x19, 0x29, 0x13, 0x19, 0x29, 0x13, 0x19, 0x29, 0x13, 0x19, 0x29, 0x13, 0x19, 0x29, 0x13, 0x19, 0x29, 0x13, 0x19, 0x29, 0x13, 0x19, 0x29, 0x13, 0x19, 0x29, 0x13, 0x19, 0x29, 
        0x13, 0x19, 0x29, 0x13, 0x19, 0x29, 0x13, 0x19, 0x29, 0x13, 0x19, 0x29, 0x13, 0x19, 0x29, 0x13, 0x19, 0x29, 0x13, 0x19, 0x29, 0x13, 0x19, 0x29, 0x13, 0x19, 0x29, 0x13, 0x19, 0x29, 0x13, 0x19, 0x29, 0x13, 0x19, 0x29, 0x13, 0x19, 0x29, 
        0x13, 0x19, 0x29, 0x13, 0x19, 0x29, 0x13, 0x19, 0x29, 0x13, 0x19, 0x29, 0x13, 0x19, 0x29, 0x13, 0x19, 0x29, 0x13, 0x19, 0x29, 0x13, 0x19, 0x29, 0x13, 0x19, 0x29, 0x13, 0x19, 0x29, 0x13, 0x19, 0x29, 0x13, 0x19, 0x29, 0x13, 0x19, 0x29, 
        0x13, 0x19, 0x29, 0x13, 0x19, 0x29, 0x13, 0x19, 0x29, 0x13, 0x19, 0x29, 0x13, 0x19, 0x29, 0x13, 0x19, 0x29, 0x13, 0x19, 0x29, 0x13, 0x19, 0x29, 0x13, 0x19, 0x29, 0x13, 0x19, 0x29, 0x13, 0x19, 0x29, 0x13, 0x19, 0x29, 0x13, 0x19, 0x29, 
        0x13, 0x19, 0x29, 0x13, 0x19, 0x29, 0x13, 0x19, 0x29, 0x13, 0x19, 0x29, 0x13, 0x19, 0x29, 0x13, 0x19, 0x29, 0x13, 0x19, 0x29, 0x13, 0x19, 0x29, 0x13, 0x19, 0x29, 0x13, 0x19, 0x29, 0x13, 0x19, 0x29, 0x13, 0x19, 0x29, 0x13, 0x19, 0x29, 
        0x13, 0x19, 0x29, 0x13, 0x19, 0x29, 0x13, 0x19, 0x29, 0x13, 0x19, 0x29, 0x13, 0x19, 0x29, 0x13, 0x19, 0x29, 0x13, 0x19, 0x29, 0x13, 0x19, 0x29, 0x13, 0x19, 0x29, 0x13, 0x19, 0x29, 0x13, 0x19, 0x29, 0x13, 0x19, 0x29, 0x13, 0x19, 0x29, 
        0x13, 0x19, 0x29, 0x13, 0x19, 0x29, 0x13, 0x19, 0x29, 0x13, 0x19, 0x29, 0x13, 0x19, 0x29, 0x13, 0x19, 0x29, 0x13, 0x19, 0x29, 0x13, 0x19, 0x29, 0x13, 0x19, 0x29, 0x13, 0x19, 0x29, 0x13, 0x19, 0x29, 0x13, 0x19, 0x29, 0x13, 0x19, 0x29, 
        0x13, 0x19, 0x29, 0x13, 0x19, 0x29, 0x13, 0x19, 0x29, 0x13, 0x19, 0x29, 0x13, 0x19, 0x29, 0x13, 0x19, 0x29, 0x13, 0x19, 0x29, 0x13, 0x19, 0x29, 0x13, 0x19, 0x29, 0x13, 0x19, 0x29, 0x13, 0x19, 0x29, 0x13, 0x19, 0x29, 0x13, 0x19, 0x29, 
        0x13, 0x19, 0x29, 0x13, 0x19, 0x29, 0x13, 0x19, 0x29, 0x13, 0x19, 0x29,
  0x13, 0x19, 0x29, 0x13, 0x19, 0x29, 0x13, 0x19, 0x29, 0x13, 0x19, 0x29, 0x13, 0x19, 0x29, 0x13, 0x19, 0x29, 0x13, 0x19, 0x29, 0x13, 0x19, 0x29, 0x13, 0x19, 0x29, 0x13, 0x19, 0x29, 0x13, 0x19, 0x29, 0x13, 0x19, 0x29, 0x13, 0x19, 0x29, 0x13, 0x19, 0x29, 
        0x13, 0x19, 0x29, 0x13, 0x19, 0x29, 0x13, 0x19, 0x29, 0x13, 0x19, 0x29, 0x13, 0x19, 0x29, 0x13, 0x19, 0x29, 0x13, 0x19, 0x29, 0x13, 0x19, 0x29, 0x13, 0x19, 0x29, 0x13, 0x19, 0x29, 0x13, 0x19, 0x29, 0x13, 0x19, 0x29, 0x13, 0x19, 0x29, 
        0x13, 0x19, 0x29, 0x13, 0x19, 0x29, 0x13, 0x19, 0x29, 0x13, 0x19, 0x29, 0x13, 0x19, 0x29, 0x13, 0x19, 0x29, 0x13, 0x19, 0x29, 0x13, 0x19, 0x29, 0x13, 0x19, 0x29, 0x13, 0x19, 0x29, 0x13, 0x19, 0x29, 0x13, 0x19, 0x29, 0x13, 0x19, 0x29, 
        0x13, 0x19, 0x29, 0x13, 0x19, 0x29, 0x13, 0x19, 0x29, 0x13, 0x19, 0x29, 0x13, 0x19, 0x29, 0x13, 0x19, 0x29, 0x13, 0x19, 0x29, 0x13, 0x19, 0x29, 0x13, 0x19, 0x29, 0x13, 0x19, 0x29, 0x13, 0x19, 0x29, 0x13, 0x19, 0x29, 0x13, 0x19, 0x29, 
        0x13, 0x19, 0x29, 0x13, 0x19, 0x29, 0x13, 0x19, 0x29, 0x13, 0x19, 0x29, 0x13, 0x19, 0x29, 0x13, 0x19, 0x29, 0x13, 0x19, 0x29, 0x13, 0x19, 0x29, 0x13, 0x19, 0x29, 0x13, 0x19, 0x29, 0x13, 0x19, 0x29, 0x13, 0x19, 0x29, 0x13, 0x19, 0x29, 
        0x13, 0x19, 0x29, 0x13, 0x19, 0x29, 0x13, 0x19, 0x29, 0x13, 0x19, 0x29, 0x13, 0x19, 0x29, 0x13, 0x19, 0x29, 0x13, 0x19, 0x29, 0x13, 0x19, 0x29, 0x13, 0x19, 0x29, 0x13, 0x19, 0x29, 0x13, 0x19, 0x29, 0x13, 0x19, 0x29, 0x13, 0x19, 0x29, 
        0x13, 0x19, 0x29, 0x13, 0x19, 0x29, 0x13, 0x19, 0x29, 0x13, 0x19, 0x29, 0x13, 0x19, 0x29, 0x13, 0x19, 0x29, 0x13, 0x19, 0x29, 0x13, 0x19, 0x29, 0x13, 0x19, 0x29, 0x13, 0x19, 0x29, 0x13, 0x19, 0x29, 0x13, 0x19, 0x29, 0x13, 0x19, 0x29, 
        0x13, 0x19, 0x29, 0x13, 0x19, 0x29, 0x13, 0x19, 0x29, 0x13, 0x19, 0x29, 0x13, 0x19, 0x29, 0x13, 0x19, 0x29, 0x13, 0x19, 0x29, 0x13, 0x19, 0x29, 0x13, 0x19, 0x29, 0x13, 0x19, 0x29, 0x13, 0x19, 0x29, 0x13, 0x19, 0x29, 0x13, 0x19, 0x29, 
        0x13, 0x19, 0x29, 0x13, 0x19, 0x29, 0x13, 0x19, 0x29, 0x13, 0x19, 0x29, 0x13, 0x19, 0x29, 0x13, 0x19, 0x29, 0x13, 0x19, 0x29, 0x13, 0x19, 0x29, 0x13, 0x19, 0x29, 0x13, 0x19, 0x29, 0x13, 0x19, 0x29, 0x13, 0x19, 0x29, 0x13, 0x19, 0x29, 
        0x13, 0x19, 0x29, 0x13, 0x19, 0x29, 0x13, 0x19, 0x29, 0x13, 0x19, 0x29, 0x13, 0x19, 0x29, 0x13, 0x19, 0x29, 0x13, 0x19, 0x29, 0x13, 0x19, 0x29, 0x13, 0x19, 0x29, 0x13, 0x19, 0x29, 0x13, 0x19, 0x29, 0x13, 0x19, 0x29, 0x13, 0x19, 0x29, 
        0x13, 0x19, 0x29, 0x13, 0x19, 0x29, 0x13, 0x19, 0x29, 0x13, 0x19, 0x29, 0x13, 0x19, 0x29, 0x13, 0x19, 0x29, 0x13, 0x19, 0x29, 0x13, 0x19, 0x29, 0x13, 0x19, 0x29, 0x13, 0x19, 0x29, 0x13, 0x19, 0x29, 0x13, 0x19, 0x29, 0x13, 0x19, 0x29, 
        0x13, 0x19, 0x29, 0x13, 0x19, 0x29, 0x13, 0x19, 0x29, 0x13, 0x19, 0x29, 0x13, 0x19, 0x29, 0x13, 0x19, 0x29, 0x13, 0x19, 0x29, 0x13, 0x19, 0x29, 0x13, 0x19, 0x29, 0x13, 0x19, 0x29, 0x13, 0x19, 0x29, 0x13, 0x19, 0x29, 0x13, 0x19, 0x29, 
        0x13, 0x19, 0x29, 0x13, 0x19, 0x29, 0x13, 0x19, 0x29, 0x13, 0x19, 0x29, 0x13, 0x19, 0x29, 0x13, 0x19, 0x29, 0x13, 0x19, 0x29, 0x13, 0x19, 0x29, 0x13, 0x19, 0x29, 0x13, 0x19, 0x29, 0x13, 0x19, 0x29, 0x13, 0x19, 0x29, 0x13, 0x19, 0x29, 
        0x13, 0x19, 0x29, 0x13, 0x19, 0x29, 0x13, 0x19, 0x29, 0x13, 0x19, 0x29, 0x13, 0x19, 0x29, 0x13, 0x19, 0x29, 0x13, 0x19, 0x29, 0x13, 0x19, 0x29, 0x13, 0x19, 0x29, 0x13, 0x19, 0x29, 0x13, 0x19, 0x29, 0x13, 0x19, 0x29, 0x13, 0x19, 0x29, 
        0x13, 0x19, 0x29, 0x13, 0x19, 0x29, 0x13, 0x19, 0x29, 0x13, 0x19, 0x29, 0x13, 0x19, 0x29, 0x13, 0x19, 0x29, 0x13, 0x19, 0x29, 0x13, 0x19, 0x29, 0x13, 0x19, 0x29, 0x13, 0x19, 0x29, 0x13, 0x19, 0x29, 0x13, 0x19, 0x29, 0x13, 0x19, 0x29, 
        0x13, 0x19, 0x29, 0x13, 0x19, 0x29, 0x13, 0x19, 0x29, 0x13, 0x19, 0x29,
  0x13, 0x19, 0x29, 0x13, 0x19, 0x29, 0x13, 0x19, 0x29, 0x13, 0x19, 0x29, 0x13, 0x19, 0x29, 0x13, 0x19, 0x29, 0x13, 0x19, 0x29, 0x13, 0x19, 0x29, 0x13, 0x19, 0x29, 0x13, 0x19, 0x29, 0x13, 0x19, 0x29, 0x13, 0x19, 0x29, 0x13, 0x19, 0x29, 0x13, 0x19, 0x29, 
        0x13, 0x19, 0x29, 0x13, 0x19, 0x29, 0x13, 0x19, 0x29, 0x13, 0x19, 0x29, 0x13, 0x19, 0x29, 0x13, 0x19, 0x29, 0x13, 0x19, 0x29, 0x13, 0x19, 0x29, 0x13, 0x19, 0x29, 0x13, 0x19, 0x29, 0x13, 0x19, 0x29, 0x13, 0x19, 0x29, 0x13, 0x19, 0x29, 
        0x13, 0x19, 0x29, 0x13, 0x19, 0x29, 0x13, 0x19, 0x29, 0x13, 0x19, 0x29, 0x13, 0x19, 0x29, 0x13, 0x19, 0x29, 0x13, 0x19, 0x29, 0x13, 0x19, 0x29, 0x13, 0x19, 0x29, 0x13, 0x19, 0x29, 0x13, 0x19, 0x29, 0x13, 0x19, 0x29, 0x13, 0x19, 0x29, 
        0x13, 0x19, 0x29, 0x13, 0x19, 0x29, 0x13, 0x19, 0x29, 0x13, 0x19, 0x29, 0x13, 0x19, 0x29, 0x13, 0x19, 0x29, 0x13, 0x19, 0x29, 0x13, 0x19, 0x29, 0x13, 0x19, 0x29, 0x13, 0x19, 0x29, 0x13, 0x19, 0x29, 0x13, 0x19, 0x29, 0x13, 0x19, 0x29, 
        0x13, 0x19, 0x29, 0x13, 0x19, 0x29, 0x13, 0x19, 0x29, 0x13, 0x19, 0x29, 0x13, 0x19, 0x29, 0x13, 0x19, 0x29, 0x13, 0x19, 0x29, 0x13, 0x19, 0x29, 0x13, 0x19, 0x29, 0x13, 0x19, 0x29, 0x13, 0x19, 0x29, 0x13, 0x19, 0x29, 0x13, 0x19, 0x29, 
        0x13, 0x19, 0x29, 0x13, 0x19, 0x29, 0x13, 0x19, 0x29, 0x13, 0x19, 0x29, 0x13, 0x19, 0x29, 0x13, 0x19, 0x29, 0x13, 0x19, 0x29, 0x13, 0x19, 0x29, 0x13, 0x19, 0x29, 0x13, 0x19, 0x29, 0x13, 0x19, 0x29, 0x13, 0x19, 0x29, 0x13, 0x19, 0x29, 
        0x13, 0x19, 0x29, 0x13, 0x19, 0x29, 0x13, 0x19, 0x29, 0x13, 0x19, 0x29, 0x13, 0x19, 0x29, 0x13, 0x19, 0x29, 0x13, 0x19, 0x29, 0x13, 0x19, 0x29, 0x13, 0x19, 0x29, 0x13, 0x19, 0x29, 0x13, 0x19, 0x29, 0x13, 0x19, 0x29, 0x13, 0x19, 0x29, 
        0x13, 0x19, 0x29, 0x13, 0x19, 0x29, 0x13, 0x19, 0x29, 0x13, 0x19, 0x29, 0x13, 0x19, 0x29, 0x13, 0x19, 0x29, 0x13, 0x19, 0x29, 0x13, 0x19, 0x29, 0x13, 0x19, 0x29, 0x13, 0x19, 0x29, 0x13, 0x19, 0x29, 0x13, 0x19, 0x29, 0x13, 0x19, 0x29, 
        0x13, 0x19, 0x29, 0x13, 0x19, 0x29, 0x13, 0x19, 0x29, 0x13, 0x19, 0x29, 0x13, 0x19, 0x29, 0x13, 0x19, 0x29, 0x13, 0x19, 0x29, 0x13, 0x19, 0x29, 0x13, 0x19, 0x29, 0x13, 0x19, 0x29, 0x13, 0x19, 0x29, 0x13, 0x19, 0x29, 0x13, 0x19, 0x29, 
        0x13, 0x19, 0x29, 0x13, 0x19, 0x29, 0x13, 0x19, 0x29, 0x13, 0x19, 0x29, 0x13, 0x19, 0x29, 0x13, 0x19, 0x29, 0x13, 0x19, 0x29, 0x13, 0x19, 0x29, 0x13, 0x19, 0x29, 0x13, 0x19, 0x29, 0x13, 0x19, 0x29, 0x13, 0x19, 0x29, 0x13, 0x19, 0x29, 
        0x13, 0x19, 0x29, 0x13, 0x19, 0x29, 0x13, 0x19, 0x29, 0x13, 0x19, 0x29, 0x13, 0x19, 0x29, 0x13, 0x19, 0x29, 0x13, 0x19, 0x29, 0x13, 0x19, 0x29, 0x13, 0x19, 0x29, 0x13, 0x19, 0x29, 0x13, 0x19, 0x29, 0x13, 0x19, 0x29, 0x13, 0x19, 0x29, 
        0x13, 0x19, 0x29, 0x13, 0x19, 0x29, 0x13, 0x19, 0x29, 0x13, 0x19, 0x29, 0x13, 0x19, 0x29, 0x13, 0x19, 0x29, 0x13, 0x19, 0x29, 0x13, 0x19, 0x29, 0x13, 0x19, 0x29, 0x13, 0x19, 0x29, 0x13, 0x19, 0x29, 0x13, 0x19, 0x29, 0x13, 0x19, 0x29, 
        0x13, 0x19, 0x29, 0x13, 0x19, 0x29, 0x13, 0x19, 0x29, 0x13, 0x19, 0x29, 0x13, 0x19, 0x29, 0x13, 0x19, 0x29, 0x13, 0x19, 0x29, 0x13, 0x19, 0x29, 0x13, 0x19, 0x29, 0x13, 0x19, 0x29, 0x13, 0x19, 0x29, 0x13, 0x19, 0x29, 0x13, 0x19, 0x29, 
        0x13, 0x19, 0x29, 0x13, 0x19, 0x29, 0x13, 0x19, 0x29, 0x13, 0x19, 0x29, 0x13, 0x19, 0x29, 0x13, 0x19, 0x29, 0x13, 0x19, 0x29, 0x13, 0x19, 0x29, 0x13, 0x19, 0x29, 0x13, 0x19, 0x29, 0x13, 0x19, 0x29, 0x13, 0x19, 0x29, 0x13, 0x19, 0x29, 
        0x13, 0x19, 0x29, 0x13, 0x19, 0x29, 0x13, 0x19, 0x29, 0x13, 0x19, 0x29, 0x13, 0x19, 0x29, 0x13, 0x19, 0x29, 0x13, 0x19, 0x29, 0x13, 0x19, 0x29, 0x13, 0x19, 0x29, 0x13, 0x19, 0x29, 0x13, 0x19, 0x29, 0x13, 0x19, 0x29, 0x13, 0x19, 0x29, 
        0x13, 0x19, 0x29, 0x13, 0x19, 0x29, 0x13, 0x19, 0x29, 0x13, 0x19, 0x29,
  0x13, 0x19, 0x29, 0x13, 0x19, 0x29, 0x13, 0x19, 0x29, 0x13, 0x19, 0x29, 0x13, 0x19, 0x29, 0x13, 0x19, 0x29, 0x13, 0x19, 0x29, 0x13, 0x19, 0x29, 0x13, 0x19, 0x29, 0x13, 0x19, 0x29, 0x13, 0x19, 0x29, 0x13, 0x19, 0x29, 0x13, 0x19, 0x29, 0x13, 0x19, 0x29, 
        0x13, 0x19, 0x29, 0x13, 0x19, 0x29, 0x13, 0x19, 0x29, 0x13, 0x19, 0x29, 0x13, 0x19, 0x29, 0x13, 0x19, 0x29, 0x13, 0x19, 0x29, 0x13, 0x19, 0x29, 0x13, 0x19, 0x29, 0x13, 0x19, 0x29, 0x13, 0x19, 0x29, 0x13, 0x19, 0x29, 0x13, 0x19, 0x29, 
        0x13, 0x19, 0x29, 0x13, 0x19, 0x29, 0x13, 0x19, 0x29, 0x13, 0x19, 0x29, 0x13, 0x19, 0x29, 0x13, 0x19, 0x29, 0x13, 0x19, 0x29, 0x13, 0x19, 0x29, 0x13, 0x19, 0x29, 0x13, 0x19, 0x29, 0x13, 0x19, 0x29, 0x13, 0x19, 0x29, 0x13, 0x19, 0x29, 
        0x13, 0x19, 0x29, 0x13, 0x19, 0x29, 0x13, 0x19, 0x29, 0x13, 0x19, 0x29, 0x13, 0x19, 0x29, 0x13, 0x19, 0x29, 0x13, 0x19, 0x29, 0x13, 0x19, 0x29, 0x13, 0x19, 0x29, 0x13, 0x19, 0x29, 0x13, 0x19, 0x29, 0x13, 0x19, 0x29, 0x13, 0x19, 0x29, 
        0x13, 0x19, 0x29, 0x13, 0x19, 0x29, 0x13, 0x19, 0x29, 0x13, 0x19, 0x29, 0x13, 0x19, 0x29, 0x13, 0x19, 0x29, 0x13, 0x19, 0x29, 0x13, 0x19, 0x29, 0x13, 0x19, 0x29, 0x13, 0x19, 0x29, 0x13, 0x19, 0x29, 0x13, 0x19, 0x29, 0x13, 0x19, 0x29, 
        0x13, 0x19, 0x29, 0x13, 0x19, 0x29, 0x13, 0x19, 0x29, 0x13, 0x19, 0x29, 0x13, 0x19, 0x29, 0x13, 0x19, 0x29, 0x13, 0x19, 0x29, 0x13, 0x19, 0x29, 0x13, 0x19, 0x29, 0x13, 0x19, 0x29, 0x13, 0x19, 0x29, 0x13, 0x19, 0x29, 0x13, 0x19, 0x29, 
        0x13, 0x19, 0x29, 0x13, 0x19, 0x29, 0x13, 0x19, 0x29, 0x13, 0x19, 0x29, 0x13, 0x19, 0x29, 0x13, 0x19, 0x29, 0x13, 0x19, 0x29, 0x13, 0x19, 0x29, 0x13, 0x19, 0x29, 0x13, 0x19, 0x29, 0x13, 0x19, 0x29, 0x13, 0x19, 0x29, 0x13, 0x19, 0x29, 
        0x13, 0x19, 0x29, 0x13, 0x19, 0x29, 0x13, 0x19, 0x29, 0x13, 0x19, 0x29, 0x13, 0x19, 0x29, 0x13, 0x19, 0x29, 0x13, 0x19, 0x29, 0x13, 0x19, 0x29, 0x13, 0x19, 0x29, 0x13, 0x19, 0x29, 0x13, 0x19, 0x29, 0x13, 0x19, 0x29, 0x13, 0x19, 0x29, 
        0x13, 0x19, 0x29, 0x13, 0x19, 0x29, 0x13, 0x19, 0x29, 0x13, 0x19, 0x29, 0x13, 0x19, 0x29, 0x13, 0x19, 0x29, 0x13, 0x19, 0x29, 0x13, 0x19, 0x29, 0x13, 0x19, 0x29, 0x13, 0x19, 0x29, 0x13, 0x19, 0x29, 0x13, 0x19, 0x29, 0x13, 0x19, 0x29, 
        0x13, 0x19, 0x29, 0x13, 0x19, 0x29, 0x13, 0x19, 0x29, 0x13, 0x19, 0x29, 0x13, 0x19, 0x29, 0x13, 0x19, 0x29, 0x13, 0x19, 0x29, 0x13, 0x19, 0x29, 0x13, 0x19, 0x29, 0x13, 0x19, 0x29, 0x13, 0x19, 0x29, 0x13, 0x19, 0x29, 0x13, 0x19, 0x29, 
        0x13, 0x19, 0x29, 0x13, 0x19, 0x29, 0x13, 0x19, 0x29, 0x13, 0x19, 0x29, 0x13, 0x19, 0x29, 0x13, 0x19, 0x29, 0x13, 0x19, 0x29, 0x13, 0x19, 0x29, 0x13, 0x19, 0x29, 0x13, 0x19, 0x29, 0x13, 0x19, 0x29, 0x13, 0x19, 0x29, 0x13, 0x19, 0x29, 
        0x13, 0x19, 0x29, 0x13, 0x19, 0x29, 0x13, 0x19, 0x29, 0x13, 0x19, 0x29, 0x13, 0x19, 0x29, 0x13, 0x19, 0x29, 0x13, 0x19, 0x29, 0x13, 0x19, 0x29, 0x13, 0x19, 0x29, 0x13, 0x19, 0x29, 0x13, 0x19, 0x29, 0x13, 0x19, 0x29, 0x13, 0x19, 0x29, 
        0x13, 0x19, 0x29, 0x13, 0x19, 0x29, 0x13, 0x19, 0x29, 0x13, 0x19, 0x29, 0x13, 0x19, 0x29, 0x13, 0x19, 0x29, 0x13, 0x19, 0x29, 0x13, 0x19, 0x29, 0x13, 0x19, 0x29, 0x13, 0x19, 0x29, 0x13, 0x19, 0x29, 0x13, 0x19, 0x29, 0x13, 0x19, 0x29, 
        0x13, 0x19, 0x29, 0x13, 0x19, 0x29, 0x13, 0x19, 0x29, 0x13, 0x19, 0x29, 0x13, 0x19, 0x29, 0x13, 0x19, 0x29, 0x13, 0x19, 0x29, 0x13, 0x19, 0x29, 0x13, 0x19, 0x29, 0x13, 0x19, 0x29, 0x13, 0x19, 0x29, 0x13, 0x19, 0x29, 0x13, 0x19, 0x29, 
        0x13, 0x19, 0x29, 0x13, 0x19, 0x29, 0x13, 0x19, 0x29, 0x13, 0x19, 0x29, 0x13, 0x19, 0x29, 0x13, 0x19, 0x29, 0x13, 0x19, 0x29, 0x13, 0x19, 0x29, 0x13, 0x19, 0x29, 0x13, 0x19, 0x29, 0x13, 0x19, 0x29, 0x13, 0x19, 0x29, 0x13, 0x19, 0x29, 
        0x13, 0x19, 0x29, 0x13, 0x19, 0x29, 0x13, 0x19, 0x29, 0x13, 0x19, 0x29,
  0x13, 0x19, 0x29, 0x13, 0x19, 0x29, 0x13, 0x19, 0x29, 0x13, 0x19, 0x29, 0x13, 0x19, 0x29, 0x13, 0x19, 0x29, 0x13, 0x19, 0x29, 0x13, 0x19, 0x29, 0x13, 0x19, 0x29, 0x13, 0x19, 0x29, 0x13, 0x19, 0x29, 0x13, 0x19, 0x29, 0x13, 0x19, 0x29, 0x13, 0x19, 0x29, 
        0x13, 0x19, 0x29, 0x13, 0x19, 0x29, 0x13, 0x19, 0x29, 0x13, 0x19, 0x29, 0x13, 0x19, 0x29, 0x13, 0x19, 0x29, 0x13, 0x19, 0x29, 0x13, 0x19, 0x29, 0x13, 0x19, 0x29, 0x13, 0x19, 0x29, 0x13, 0x19, 0x29, 0x13, 0x19, 0x29, 0x13, 0x19, 0x29, 
        0x13, 0x19, 0x29, 0x13, 0x19, 0x29, 0x13, 0x19, 0x29, 0x13, 0x19, 0x29, 0x13, 0x19, 0x29, 0x13, 0x19, 0x29, 0x13, 0x19, 0x29, 0x13, 0x19, 0x29, 0x13, 0x19, 0x29, 0x13, 0x19, 0x29, 0x13, 0x19, 0x29, 0x13, 0x19, 0x29, 0x13, 0x19, 0x29, 
        0x13, 0x19, 0x29, 0x13, 0x19, 0x29, 0x13, 0x19, 0x29, 0x13, 0x19, 0x29, 0x13, 0x19, 0x29, 0x13, 0x19, 0x29, 0x13, 0x19, 0x29, 0x13, 0x19, 0x29, 0x13, 0x19, 0x29, 0x13, 0x19, 0x29, 0x13, 0x19, 0x29, 0x13, 0x19, 0x29, 0x13, 0x19, 0x29, 
        0x13, 0x19, 0x29, 0x13, 0x19, 0x29, 0x13, 0x19, 0x29, 0x13, 0x19, 0x29, 0x13, 0x19, 0x29, 0x13, 0x19, 0x29, 0x13, 0x19, 0x29, 0x13, 0x19, 0x29, 0x13, 0x19, 0x29, 0x13, 0x19, 0x29, 0x13, 0x19, 0x29, 0x13, 0x19, 0x29, 0x13, 0x19, 0x29, 
        0x13, 0x19, 0x29, 0x13, 0x19, 0x29, 0x13, 0x19, 0x29, 0x13, 0x19, 0x29, 0x13, 0x19, 0x29, 0x13, 0x19, 0x29, 0x13, 0x19, 0x29, 0x13, 0x19, 0x29, 0x13, 0x19, 0x29, 0x13, 0x19, 0x29, 0x13, 0x19, 0x29, 0x13, 0x19, 0x29, 0x13, 0x19, 0x29, 
        0x13, 0x19, 0x29, 0x13, 0x19, 0x29, 0x13, 0x19, 0x29, 0x13, 0x19, 0x29, 0x13, 0x19, 0x29, 0x13, 0x19, 0x29, 0x13, 0x19, 0x29, 0x13, 0x19, 0x29, 0x13, 0x19, 0x29, 0x13, 0x19, 0x29, 0x13, 0x19, 0x29, 0x13, 0x19, 0x29, 0x13, 0x19, 0x29, 
        0x13, 0x19, 0x29, 0x13, 0x19, 0x29, 0x13, 0x19, 0x29, 0x13, 0x19, 0x29, 0x13, 0x19, 0x29, 0x13, 0x19, 0x29, 0x13, 0x19, 0x29, 0x13, 0x19, 0x29, 0x13, 0x19, 0x29, 0x13, 0x19, 0x29, 0x13, 0x19, 0x29, 0x13, 0x19, 0x29, 0x13, 0x19, 0x29, 
        0x13, 0x19, 0x29, 0x13, 0x19, 0x29, 0x13, 0x19, 0x29, 0x13, 0x19, 0x29, 0x13, 0x19, 0x29, 0x13, 0x19, 0x29, 0x13, 0x19, 0x29, 0x13, 0x19, 0x29, 0x13, 0x19, 0x29, 0x13, 0x19, 0x29, 0x13, 0x19, 0x29, 0x13, 0x19, 0x29, 0x13, 0x19, 0x29, 
        0x13, 0x19, 0x29, 0x13, 0x19, 0x29, 0x13, 0x19, 0x29, 0x13, 0x19, 0x29, 0x13, 0x19, 0x29, 0x13, 0x19, 0x29, 0x13, 0x19, 0x29, 0x13, 0x19, 0x29, 0x13, 0x19, 0x29, 0x13, 0x19, 0x29, 0x13, 0x19, 0x29, 0x13, 0x19, 0x29, 0x13, 0x19, 0x29, 
        0x13, 0x19, 0x29, 0x13, 0x19, 0x29, 0x13, 0x19, 0x29, 0x13, 0x19, 0x29, 0x13, 0x19, 0x29, 0x13, 0x19, 0x29, 0x13, 0x19, 0x29, 0x13, 0x19, 0x29, 0x13, 0x19, 0x29, 0x13, 0x19, 0x29, 0x13, 0x19, 0x29, 0x13, 0x19, 0x29, 0x13, 0x19, 0x29, 
        0x13, 0x19, 0x29, 0x13, 0x19, 0x29, 0x13, 0x19, 0x29, 0x13, 0x19, 0x29, 0x13, 0x19, 0x29, 0x13, 0x19, 0x29, 0x13, 0x19, 0x29, 0x13, 0x19, 0x29, 0x13, 0x19, 0x29, 0x13, 0x19, 0x29, 0x13, 0x19, 0x29, 0x13, 0x19, 0x29, 0x13, 0x19, 0x29, 
        0x13, 0x19, 0x29, 0x13, 0x19, 0x29, 0x13, 0x19, 0x29, 0x13, 0x19, 0x29, 0x13, 0x19, 0x29, 0x13, 0x19, 0x29, 0x13, 0x19, 0x29, 0x13, 0x19, 0x29, 0x13, 0x19, 0x29, 0x13, 0x19, 0x29, 0x13, 0x19, 0x29, 0x13, 0x19, 0x29, 0x13, 0x19, 0x29, 
        0x13, 0x19, 0x29, 0x13, 0x19, 0x29, 0x13, 0x19, 0x29, 0x13, 0x19, 0x29, 0x13, 0x19, 0x29, 0x13, 0x19, 0x29, 0x13, 0x19, 0x29, 0x13, 0x19, 0x29, 0x13, 0x19, 0x29, 0x13, 0x19, 0x29, 0x13, 0x19, 0x29, 0x13, 0x19, 0x29, 0x13, 0x19, 0x29, 
        0x13, 0x19, 0x29, 0x13, 0x19, 0x29, 0x13, 0x19, 0x29, 0x13, 0x19, 0x29, 0x13, 0x19, 0x29, 0x13, 0x19, 0x29, 0x13, 0x19, 0x29, 0x13, 0x19, 0x29, 0x13, 0x19, 0x29, 0x13, 0x19, 0x29, 0x13, 0x19, 0x29, 0x13, 0x19, 0x29, 0x13, 0x19, 0x29, 
        0x13, 0x19, 0x29, 0x13, 0x19, 0x29, 0x13, 0x19, 0x29, 0x13, 0x19, 0x29,
  0x13, 0x19, 0x29, 0x13, 0x19, 0x29, 0x13, 0x19, 0x29, 0x13, 0x19, 0x29, 0x13, 0x19, 0x29, 0x13, 0x19, 0x29, 0x13, 0x19, 0x29, 0x13, 0x19, 0x29, 0x13, 0x19, 0x29, 0x13, 0x19, 0x29, 0x13, 0x19, 0x29, 0x13, 0x19, 0x29, 0x13, 0x19, 0x29, 0x13, 0x19, 0x29, 
        0x13, 0x19, 0x29, 0x13, 0x19, 0x29, 0x13, 0x19, 0x29, 0x13, 0x19, 0x29, 0x13, 0x19, 0x29, 0x13, 0x19, 0x29, 0x13, 0x19, 0x29, 0x13, 0x19, 0x29, 0x13, 0x19, 0x29, 0x13, 0x19, 0x29, 0x13, 0x19, 0x29, 0x13, 0x19, 0x29, 0x13, 0x19, 0x29, 
        0x13, 0x19, 0x29, 0x13, 0x19, 0x29, 0x13, 0x19, 0x29, 0x13, 0x19, 0x29, 0x13, 0x19, 0x29, 0x13, 0x19, 0x29, 0x13, 0x19, 0x29, 0x13, 0x19, 0x29, 0x13, 0x19, 0x29, 0x13, 0x19, 0x29, 0x13, 0x19, 0x29, 0x13, 0x19, 0x29, 0x13, 0x19, 0x29, 
        0x13, 0x19, 0x29, 0x13, 0x19, 0x29, 0x13, 0x19, 0x29, 0x13, 0x19, 0x29, 0x13, 0x19, 0x29, 0x13, 0x19, 0x29, 0x13, 0x19, 0x29, 0x13, 0x19, 0x29, 0x13, 0x19, 0x29, 0x13, 0x19, 0x29, 0x13, 0x19, 0x29, 0x13, 0x19, 0x29, 0x13, 0x19, 0x29, 
        0x13, 0x19, 0x29, 0x13, 0x19, 0x29, 0x13, 0x19, 0x29, 0x13, 0x19, 0x29, 0x13, 0x19, 0x29, 0x13, 0x19, 0x29, 0x13, 0x19, 0x29, 0x13, 0x19, 0x29, 0x13, 0x19, 0x29, 0x13, 0x19, 0x29, 0x13, 0x19, 0x29, 0x13, 0x19, 0x29, 0x13, 0x19, 0x29, 
        0x13, 0x19, 0x29, 0x13, 0x19, 0x29, 0x13, 0x19, 0x29, 0x13, 0x19, 0x29, 0x13, 0x19, 0x29, 0x13, 0x19, 0x29, 0x13, 0x19, 0x29, 0x13, 0x19, 0x29, 0x13, 0x19, 0x29, 0x13, 0x19, 0x29, 0x13, 0x19, 0x29, 0x13, 0x19, 0x29, 0x13, 0x19, 0x29, 
        0x13, 0x19, 0x29, 0x13, 0x19, 0x29, 0x13, 0x19, 0x29, 0x13, 0x19, 0x29, 0x13, 0x19, 0x29, 0x13, 0x19, 0x29, 0x13, 0x19, 0x29, 0x13, 0x19, 0x29, 0x13, 0x19, 0x29, 0x13, 0x19, 0x29, 0x13, 0x19, 0x29, 0x13, 0x19, 0x29, 0x13, 0x19, 0x29, 
        0x13, 0x19, 0x29, 0x13, 0x19, 0x29, 0x13, 0x19, 0x29, 0x13, 0x19, 0x29, 0x13, 0x19, 0x29, 0x13, 0x19, 0x29, 0x13, 0x19, 0x29, 0x13, 0x19, 0x29, 0x13, 0x19, 0x29, 0x13, 0x19, 0x29, 0x13, 0x19, 0x29, 0x13, 0x19, 0x29, 0x13, 0x19, 0x29, 
        0x13, 0x19, 0x29, 0x13, 0x19, 0x29, 0x13, 0x19, 0x29, 0x13, 0x19, 0x29, 0x13, 0x19, 0x29, 0x13, 0x19, 0x29, 0x13, 0x19, 0x29, 0x13, 0x19, 0x29, 0x13, 0x19, 0x29, 0x13, 0x19, 0x29, 0x13, 0x19, 0x29, 0x13, 0x19, 0x29, 0x13, 0x19, 0x29, 
        0x13, 0x19, 0x29, 0x13, 0x19, 0x29, 0x13, 0x19, 0x29, 0x13, 0x19, 0x29, 0x13, 0x19, 0x29, 0x13, 0x19, 0x29, 0x13, 0x19, 0x29, 0x13, 0x19, 0x29, 0x13, 0x19, 0x29, 0x13, 0x19, 0x29, 0x13, 0x19, 0x29, 0x13, 0x19, 0x29, 0x13, 0x19, 0x29, 
        0x13, 0x19, 0x29, 0x13, 0x19, 0x29, 0x13, 0x19, 0x29, 0x13, 0x19, 0x29, 0x13, 0x19, 0x29, 0x13, 0x19, 0x29, 0x13, 0x19, 0x29, 0x13, 0x19, 0x29, 0x13, 0x19, 0x29, 0x13, 0x19, 0x29, 0x13, 0x19, 0x29, 0x13, 0x19, 0x29, 0x13, 0x19, 0x29, 
        0x13, 0x19, 0x29, 0x13, 0x19, 0x29, 0x13, 0x19, 0x29, 0x13, 0x19, 0x29, 0x13, 0x19, 0x29, 0x13, 0x19, 0x29, 0x13, 0x19, 0x29, 0x13, 0x19, 0x29, 0x13, 0x19, 0x29, 0x13, 0x19, 0x29, 0x13, 0x19, 0x29, 0x13, 0x19, 0x29, 0x13, 0x19, 0x29, 
        0x13, 0x19, 0x29, 0x13, 0x19, 0x29, 0x13, 0x19, 0x29, 0x13, 0x19, 0x29, 0x13, 0x19, 0x29, 0x13, 0x19, 0x29, 0x13, 0x19, 0x29, 0x13, 0x19, 0x29, 0x13, 0x19, 0x29, 0x13, 0x19, 0x29, 0x13, 0x19, 0x29, 0x13, 0x19, 0x29, 0x13, 0x19, 0x29, 
        0x13, 0x19, 0x29, 0x13, 0x19, 0x29, 0x13, 0x19, 0x29, 0x13, 0x19, 0x29, 0x13, 0x19, 0x29, 0x13, 0x19, 0x29, 0x13, 0x19, 0x29, 0x13, 0x19, 0x29, 0x13, 0x19, 0x29, 0x13, 0x19, 0x29, 0x13, 0x19, 0x29, 0x13, 0x19, 0x29, 0x13, 0x19, 0x29, 
        0x13, 0x19, 0x29, 0x13, 0x19, 0x29, 0x13, 0x19, 0x29, 0x13, 0x19, 0x29, 0x13, 0x19, 0x29, 0x13, 0x19, 0x29, 0x13, 0x19, 0x29, 0x13, 0x19, 0x29, 0x13, 0x19, 0x29, 0x13, 0x19, 0x29, 0x13, 0x19, 0x29, 0x13, 0x19, 0x29, 0x13, 0x19, 0x29, 
        0x13, 0x19, 0x29, 0x13, 0x19, 0x29, 0x13, 0x19, 0x29, 0x13, 0x19, 0x29,
  0x13, 0x19, 0x29, 0x13, 0x19, 0x29, 0x13, 0x19, 0x29, 0x13, 0x19, 0x29, 0x13, 0x19, 0x29, 0x13, 0x19, 0x29, 0x13, 0x19, 0x29, 0x13, 0x19, 0x29, 0x13, 0x19, 0x29, 0x13, 0x19, 0x29, 0x13, 0x19, 0x29, 0x13, 0x19, 0x29, 0x13, 0x19, 0x29, 0x13, 0x19, 0x29, 
        0x13, 0x19, 0x29, 0x13, 0x19, 0x29, 0x13, 0x19, 0x29, 0x13, 0x19, 0x29, 0x13, 0x19, 0x29, 0x13, 0x19, 0x29, 0x13, 0x19, 0x29, 0x13, 0x19, 0x29, 0x13, 0x19, 0x29, 0x13, 0x19, 0x29, 0x13, 0x19, 0x29, 0x13, 0x19, 0x29, 0x13, 0x19, 0x29, 
        0x13, 0x19, 0x29, 0x13, 0x19, 0x29, 0x13, 0x19, 0x29, 0x13, 0x19, 0x29, 0x13, 0x19, 0x29, 0x13, 0x19, 0x29, 0x13, 0x19, 0x29, 0x13, 0x19, 0x29, 0x13, 0x19, 0x29, 0x13, 0x19, 0x29, 0x13, 0x19, 0x29, 0x13, 0x19, 0x29, 0x13, 0x19, 0x29, 
        0x13, 0x19, 0x29, 0x13, 0x19, 0x29, 0x13, 0x19, 0x29, 0x13, 0x19, 0x29, 0x13, 0x19, 0x29, 0x13, 0x19, 0x29, 0x13, 0x19, 0x29, 0x13, 0x19, 0x29, 0x13, 0x19, 0x29, 0x13, 0x19, 0x29, 0x13, 0x19, 0x29, 0x13, 0x19, 0x29, 0x13, 0x19, 0x29, 
        0x13, 0x19, 0x29, 0x13, 0x19, 0x29, 0x13, 0x19, 0x29, 0x13, 0x19, 0x29, 0x13, 0x19, 0x29, 0x13, 0x19, 0x29, 0x13, 0x19, 0x29, 0x13, 0x19, 0x29, 0x13, 0x19, 0x29, 0x13, 0x19, 0x29, 0x13, 0x19, 0x29, 0x13, 0x19, 0x29, 0x13, 0x19, 0x29, 
        0x13, 0x19, 0x29, 0x13, 0x19, 0x29, 0x13, 0x19, 0x29, 0x13, 0x19, 0x29, 0x13, 0x19, 0x29, 0x13, 0x19, 0x29, 0x13, 0x19, 0x29, 0x13, 0x19, 0x29, 0x13, 0x19, 0x29, 0x13, 0x19, 0x29, 0x13, 0x19, 0x29, 0x13, 0x19, 0x29, 0x13, 0x19, 0x29, 
        0x13, 0x19, 0x29, 0x13, 0x19, 0x29, 0x13, 0x19, 0x29, 0x13, 0x19, 0x29, 0x13, 0x19, 0x29, 0x13, 0x19, 0x29, 0x13, 0x19, 0x29, 0x13, 0x19, 0x29, 0x13, 0x19, 0x29, 0x13, 0x19, 0x29, 0x13, 0x19, 0x29, 0x13, 0x19, 0x29, 0x13, 0x19, 0x29, 
        0x13, 0x19, 0x29, 0x13, 0x19, 0x29, 0x13, 0x19, 0x29, 0x13, 0x19, 0x29, 0x13, 0x19, 0x29, 0x13, 0x19, 0x29, 0x13, 0x19, 0x29, 0x13, 0x19, 0x29, 0x13, 0x19, 0x29, 0x13, 0x19, 0x29, 0x13, 0x19, 0x29, 0x13, 0x19, 0x29, 0x13, 0x19, 0x29, 
        0x13, 0x19, 0x29, 0x13, 0x19, 0x29, 0x13, 0x19, 0x29, 0x13, 0x19, 0x29, 0x13, 0x19, 0x29, 0x13, 0x19, 0x29, 0x13, 0x19, 0x29, 0x13, 0x19, 0x29, 0x13, 0x19, 0x29, 0x13, 0x19, 0x29, 0x13, 0x19, 0x29, 0x13, 0x19, 0x29, 0x13, 0x19, 0x29, 
        0x13, 0x19, 0x29, 0x13, 0x19, 0x29, 0x13, 0x19, 0x29, 0x13, 0x19, 0x29, 0x13, 0x19, 0x29, 0x13, 0x19, 0x29, 0x13, 0x19, 0x29, 0x13, 0x19, 0x29, 0x13, 0x19, 0x29, 0x13, 0x19, 0x29, 0x13, 0x19, 0x29, 0x13, 0x19, 0x29, 0x13, 0x19, 0x29, 
        0x13, 0x19, 0x29, 0x13, 0x19, 0x29, 0x13, 0x19, 0x29, 0x13, 0x19, 0x29, 0x13, 0x19, 0x29, 0x13, 0x19, 0x29, 0x13, 0x19, 0x29, 0x13, 0x19, 0x29, 0x13, 0x19, 0x29, 0x13, 0x19, 0x29, 0x13, 0x19, 0x29, 0x13, 0x19, 0x29, 0x13, 0x19, 0x29, 
        0x13, 0x19, 0x29, 0x13, 0x19, 0x29, 0x13, 0x19, 0x29, 0x13, 0x19, 0x29, 0x13, 0x19, 0x29, 0x13, 0x19, 0x29, 0x13, 0x19, 0x29, 0x13, 0x19, 0x29, 0x13, 0x19, 0x29, 0x13, 0x19, 0x29, 0x13, 0x19, 0x29, 0x13, 0x19, 0x29, 0x13, 0x19, 0x29, 
        0x13, 0x19, 0x29, 0x13, 0x19, 0x29, 0x13, 0x19, 0x29, 0x13, 0x19, 0x29, 0x13, 0x19, 0x29, 0x13, 0x19, 0x29, 0x13, 0x19, 0x29, 0x13, 0x19, 0x29, 0x13, 0x19, 0x29, 0x13, 0x19, 0x29, 0x13, 0x19, 0x29, 0x13, 0x19, 0x29, 0x13, 0x19, 0x29, 
        0x13, 0x19, 0x29, 0x13, 0x19, 0x29, 0x13, 0x19, 0x29, 0x13, 0x19, 0x29, 0x13, 0x19, 0x29, 0x13, 0x19, 0x29, 0x13, 0x19, 0x29, 0x13, 0x19, 0x29, 0x13, 0x19, 0x29, 0x13, 0x19, 0x29, 0x13, 0x19, 0x29, 0x13, 0x19, 0x29, 0x13, 0x19, 0x29, 
        0x13, 0x19, 0x29, 0x13, 0x19, 0x29, 0x13, 0x19, 0x29, 0x13, 0x19, 0x29, 0x13, 0x19, 0x29, 0x13, 0x19, 0x29, 0x13, 0x19, 0x29, 0x13, 0x19, 0x29, 0x13, 0x19, 0x29, 0x13, 0x19, 0x29, 0x13, 0x19, 0x29, 0x13, 0x19, 0x29, 0x13, 0x19, 0x29, 
        0x13, 0x19, 0x29, 0x13, 0x19, 0x29, 0x13, 0x19, 0x29, 0x13, 0x19, 0x29,
  0x13, 0x19, 0x29, 0x13, 0x19, 0x29, 0x13, 0x19, 0x29, 0x13, 0x19, 0x29, 0x13, 0x19, 0x29, 0x13, 0x19, 0x29, 0x13, 0x19, 0x29, 0x13, 0x19, 0x29, 0x13, 0x19, 0x29, 0x13, 0x19, 0x29, 0x13, 0x19, 0x29, 0x13, 0x19, 0x29, 0x13, 0x19, 0x29, 0x13, 0x19, 0x29, 
        0x13, 0x19, 0x29, 0x13, 0x19, 0x29, 0x13, 0x19, 0x29, 0x13, 0x19, 0x29, 0x13, 0x19, 0x29, 0x13, 0x19, 0x29, 0x13, 0x19, 0x29, 0x13, 0x19, 0x29, 0x13, 0x19, 0x29, 0x13, 0x19, 0x29, 0x13, 0x19, 0x29, 0x13, 0x19, 0x29, 0x13, 0x19, 0x29, 
        0x13, 0x19, 0x29, 0x13, 0x19, 0x29, 0x13, 0x19, 0x29, 0x13, 0x19, 0x29, 0x13, 0x19, 0x29, 0x13, 0x19, 0x29, 0x13, 0x19, 0x29, 0x13, 0x19, 0x29, 0x13, 0x19, 0x29, 0x13, 0x19, 0x29, 0x13, 0x19, 0x29, 0x13, 0x19, 0x29, 0x13, 0x19, 0x29, 
        0x13, 0x19, 0x29, 0x13, 0x19, 0x29, 0x13, 0x19, 0x29, 0x13, 0x19, 0x29, 0x13, 0x19, 0x29, 0x13, 0x19, 0x29, 0x13, 0x19, 0x29, 0x13, 0x19, 0x29, 0x13, 0x19, 0x29, 0x13, 0x19, 0x29, 0x13, 0x19, 0x29, 0x13, 0x19, 0x29, 0x13, 0x19, 0x29, 
        0x13, 0x19, 0x29, 0x13, 0x19, 0x29, 0x13, 0x19, 0x29, 0x13, 0x19, 0x29, 0x13, 0x19, 0x29, 0x13, 0x19, 0x29, 0x13, 0x19, 0x29, 0x13, 0x19, 0x29, 0x13, 0x19, 0x29, 0x13, 0x19, 0x29, 0x13, 0x19, 0x29, 0x13, 0x19, 0x29, 0x13, 0x19, 0x29, 
        0x13, 0x19, 0x29, 0x13, 0x19, 0x29, 0x13, 0x19, 0x29, 0x13, 0x19, 0x29, 0x13, 0x19, 0x29, 0x13, 0x19, 0x29, 0x13, 0x19, 0x29, 0x13, 0x19, 0x29, 0x13, 0x19, 0x29, 0x13, 0x19, 0x29, 0x13, 0x19, 0x29, 0x13, 0x19, 0x29, 0x13, 0x19, 0x29, 
        0x13, 0x19, 0x29, 0x13, 0x19, 0x29, 0x13, 0x19, 0x29, 0x13, 0x19, 0x29, 0x13, 0x19, 0x29, 0x13, 0x19, 0x29, 0x13, 0x19, 0x29, 0x13, 0x19, 0x29, 0x13, 0x19, 0x29, 0x13, 0x19, 0x29, 0x13, 0x19, 0x29, 0x13, 0x19, 0x29, 0x13, 0x19, 0x29, 
        0x13, 0x19, 0x29, 0x13, 0x19, 0x29, 0x13, 0x19, 0x29, 0x13, 0x19, 0x29, 0x13, 0x19, 0x29, 0x13, 0x19, 0x29, 0x13, 0x19, 0x29, 0x13, 0x19, 0x29, 0x13, 0x19, 0x29, 0x13, 0x19, 0x29, 0x13, 0x19, 0x29, 0x13, 0x19, 0x29, 0x13, 0x19, 0x29, 
        0x13, 0x19, 0x29, 0x13, 0x19, 0x29, 0x13, 0x19, 0x29, 0x13, 0x19, 0x29, 0x13, 0x19, 0x29, 0x13, 0x19, 0x29, 0x13, 0x19, 0x29, 0x13, 0x19, 0x29, 0x13, 0x19, 0x29, 0x13, 0x19, 0x29, 0x13, 0x19, 0x29, 0x13, 0x19, 0x29, 0x13, 0x19, 0x29, 
        0x13, 0x19, 0x29, 0x13, 0x19, 0x29, 0x13, 0x19, 0x29, 0x13, 0x19, 0x29, 0x13, 0x19, 0x29, 0x13, 0x19, 0x29, 0x13, 0x19, 0x29, 0x13, 0x19, 0x29, 0x13, 0x19, 0x29, 0x13, 0x19, 0x29, 0x13, 0x19, 0x29, 0x13, 0x19, 0x29, 0x13, 0x19, 0x29, 
        0x13, 0x19, 0x29, 0x13, 0x19, 0x29, 0x13, 0x19, 0x29, 0x13, 0x19, 0x29, 0x13, 0x19, 0x29, 0x13, 0x19, 0x29, 0x13, 0x19, 0x29, 0x13, 0x19, 0x29, 0x13, 0x19, 0x29, 0x13, 0x19, 0x29, 0x13, 0x19, 0x29, 0x13, 0x19, 0x29, 0x13, 0x19, 0x29, 
        0x13, 0x19, 0x29, 0x13, 0x19, 0x29, 0x13, 0x19, 0x29, 0x13, 0x19, 0x29, 0x13, 0x19, 0x29, 0x13, 0x19, 0x29, 0x13, 0x19, 0x29, 0x13, 0x19, 0x29, 0x13, 0x19, 0x29, 0x13, 0x19, 0x29, 0x13, 0x19, 0x29, 0x13, 0x19, 0x29, 0x13, 0x19, 0x29, 
        0x13, 0x19, 0x29, 0x13, 0x19, 0x29, 0x13, 0x19, 0x29, 0x13, 0x19, 0x29, 0x13, 0x19, 0x29, 0x13, 0x19, 0x29, 0x13, 0x19, 0x29, 0x13, 0x19, 0x29, 0x13, 0x19, 0x29, 0x13, 0x19, 0x29, 0x13, 0x19, 0x29, 0x13, 0x19, 0x29, 0x13, 0x19, 0x29, 
        0x13, 0x19, 0x29, 0x13, 0x19, 0x29, 0x13, 0x19, 0x29, 0x13, 0x19, 0x29, 0x13, 0x19, 0x29, 0x13, 0x19, 0x29, 0x13, 0x19, 0x29, 0x13, 0x19, 0x29, 0x13, 0x19, 0x29, 0x13, 0x19, 0x29, 0x13, 0x19, 0x29, 0x13, 0x19, 0x29, 0x13, 0x19, 0x29, 
        0x13, 0x19, 0x29, 0x13, 0x19, 0x29, 0x13, 0x19, 0x29, 0x13, 0x19, 0x29, 0x13, 0x19, 0x29, 0x13, 0x19, 0x29, 0x13, 0x19, 0x29, 0x13, 0x19, 0x29, 0x13, 0x19, 0x29, 0x13, 0x19, 0x29, 0x13, 0x19, 0x29, 0x13, 0x19, 0x29, 0x13, 0x19, 0x29, 
        0x13, 0x19, 0x29, 0x13, 0x19, 0x29, 0x13, 0x19, 0x29, 0x13, 0x19, 0x29,
  0x13, 0x19, 0x29, 0x13, 0x19, 0x29, 0x13, 0x19, 0x29, 0x13, 0x19, 0x29, 0x13, 0x19, 0x29, 0x13, 0x19, 0x29, 0x13, 0x19, 0x29, 0x13, 0x19, 0x29, 0x13, 0x19, 0x29, 0x13, 0x19, 0x29, 0x13, 0x19, 0x29, 0x13, 0x19, 0x29, 0x13, 0x19, 0x29, 0x13, 0x19, 0x29, 
        0x13, 0x19, 0x29, 0x13, 0x19, 0x29, 0x13, 0x19, 0x29, 0x13, 0x19, 0x29, 0x13, 0x19, 0x29, 0x13, 0x19, 0x29, 0x13, 0x19, 0x29, 0x13, 0x19, 0x29, 0x13, 0x19, 0x29, 0x13, 0x19, 0x29, 0x13, 0x19, 0x29, 0x13, 0x19, 0x29, 0x13, 0x19, 0x29, 
        0x13, 0x19, 0x29, 0x13, 0x19, 0x29, 0x13, 0x19, 0x29, 0x13, 0x19, 0x29, 0x13, 0x19, 0x29, 0x13, 0x19, 0x29, 0x13, 0x19, 0x29, 0x13, 0x19, 0x29, 0x13, 0x19, 0x29, 0x13, 0x19, 0x29, 0x13, 0x19, 0x29, 0x13, 0x19, 0x29, 0x13, 0x19, 0x29, 
        0x13, 0x19, 0x29, 0x13, 0x19, 0x29, 0x13, 0x19, 0x29, 0x13, 0x19, 0x29, 0x13, 0x19, 0x29, 0x13, 0x19, 0x29, 0x13, 0x19, 0x29, 0x13, 0x19, 0x29, 0x13, 0x19, 0x29, 0x13, 0x19, 0x29, 0x13, 0x19, 0x29, 0x13, 0x19, 0x29, 0x13, 0x19, 0x29, 
        0x13, 0x19, 0x29, 0x13, 0x19, 0x29, 0x13, 0x19, 0x29, 0x13, 0x19, 0x29, 0x13, 0x19, 0x29, 0x13, 0x19, 0x29, 0x13, 0x19, 0x29, 0x13, 0x19, 0x29, 0x13, 0x19, 0x29, 0x13, 0x19, 0x29, 0x13, 0x19, 0x29, 0x13, 0x19, 0x29, 0x13, 0x19, 0x29, 
        0x13, 0x19, 0x29, 0x13, 0x19, 0x29, 0x13, 0x19, 0x29, 0x13, 0x19, 0x29, 0x13, 0x19, 0x29, 0x13, 0x19, 0x29, 0x13, 0x19, 0x29, 0x13, 0x19, 0x29, 0x13, 0x19, 0x29, 0x13, 0x19, 0x29, 0x13, 0x19, 0x29, 0x13, 0x19, 0x29, 0x13, 0x19, 0x29, 
        0x13, 0x19, 0x29, 0x13, 0x19, 0x29, 0x13, 0x19, 0x29, 0x13, 0x19, 0x29, 0x13, 0x19, 0x29, 0x13, 0x19, 0x29, 0x13, 0x19, 0x29, 0x13, 0x19, 0x29, 0x13, 0x19, 0x29, 0x13, 0x19, 0x29, 0x13, 0x19, 0x29, 0x13, 0x19, 0x29, 0x13, 0x19, 0x29, 
        0x13, 0x19, 0x29, 0x13, 0x19, 0x29, 0x13, 0x19, 0x29, 0x13, 0x19, 0x29, 0x13, 0x19, 0x29, 0x13, 0x19, 0x29, 0x13, 0x19, 0x29, 0x13, 0x19, 0x29, 0x13, 0x19, 0x29, 0x13, 0x19, 0x29, 0x13, 0x19, 0x29, 0x13, 0x19, 0x29, 0x13, 0x19, 0x29, 
        0x13, 0x19, 0x29, 0x13, 0x19, 0x29, 0x13, 0x19, 0x29, 0x13, 0x19, 0x29, 0x13, 0x19, 0x29, 0x13, 0x19, 0x29, 0x13, 0x19, 0x29, 0x13, 0x19, 0x29, 0x13, 0x19, 0x29, 0x13, 0x19, 0x29, 0x13, 0x19, 0x29, 0x13, 0x19, 0x29, 0x13, 0x19, 0x29, 
        0x13, 0x19, 0x29, 0x13, 0x19, 0x29, 0x13, 0x19, 0x29, 0x13, 0x19, 0x29, 0x13, 0x19, 0x29, 0x13, 0x19, 0x29, 0x13, 0x19, 0x29, 0x13, 0x19, 0x29, 0x13, 0x19, 0x29, 0x13, 0x19, 0x29, 0x13, 0x19, 0x29, 0x13, 0x19, 0x29, 0x13, 0x19, 0x29, 
        0x13, 0x19, 0x29, 0x13, 0x19, 0x29, 0x13, 0x19, 0x29, 0x13, 0x19, 0x29, 0x13, 0x19, 0x29, 0x13, 0x19, 0x29, 0x13, 0x19, 0x29, 0x13, 0x19, 0x29, 0x13, 0x19, 0x29, 0x13, 0x19, 0x29, 0x13, 0x19, 0x29, 0x13, 0x19, 0x29, 0x13, 0x19, 0x29, 
        0x13, 0x19, 0x29, 0x13, 0x19, 0x29, 0x13, 0x19, 0x29, 0x13, 0x19, 0x29, 0x13, 0x19, 0x29, 0x13, 0x19, 0x29, 0x13, 0x19, 0x29, 0x13, 0x19, 0x29, 0x13, 0x19, 0x29, 0x13, 0x19, 0x29, 0x13, 0x19, 0x29, 0x13, 0x19, 0x29, 0x13, 0x19, 0x29, 
        0x13, 0x19, 0x29, 0x13, 0x19, 0x29, 0x13, 0x19, 0x29, 0x13, 0x19, 0x29, 0x13, 0x19, 0x29, 0x13, 0x19, 0x29, 0x13, 0x19, 0x29, 0x13, 0x19, 0x29, 0x13, 0x19, 0x29, 0x13, 0x19, 0x29, 0x13, 0x19, 0x29, 0x13, 0x19, 0x29, 0x13, 0x19, 0x29, 
        0x13, 0x19, 0x29, 0x13, 0x19, 0x29, 0x13, 0x19, 0x29, 0x13, 0x19, 0x29, 0x13, 0x19, 0x29, 0x13, 0x19, 0x29, 0x13, 0x19, 0x29, 0x13, 0x19, 0x29, 0x13, 0x19, 0x29, 0x13, 0x19, 0x29, 0x13, 0x19, 0x29, 0x13, 0x19, 0x29, 0x13, 0x19, 0x29, 
        0x13, 0x19, 0x29, 0x13, 0x19, 0x29, 0x13, 0x19, 0x29, 0x13, 0x19, 0x29, 0x13, 0x19, 0x29, 0x13, 0x19, 0x29, 0x13, 0x19, 0x29, 0x13, 0x19, 0x29, 0x13, 0x19, 0x29, 0x13, 0x19, 0x29, 0x13, 0x19, 0x29, 0x13, 0x19, 0x29, 0x13, 0x19, 0x29, 
        0x13, 0x19, 0x29, 0x13, 0x19, 0x29, 0x13, 0x19, 0x29, 0x13, 0x19, 0x29,
  0x13, 0x19, 0x29, 0x13, 0x19, 0x29, 0x13, 0x19, 0x29, 0x13, 0x19, 0x29, 0x13, 0x19, 0x29, 0x13, 0x19, 0x29, 0x13, 0x19, 0x29, 0x13, 0x19, 0x29, 0x13, 0x19, 0x29, 0x13, 0x19, 0x29, 0x13, 0x19, 0x29, 0x13, 0x19, 0x29, 0x13, 0x19, 0x29, 0x13, 0x19, 0x29, 
        0x13, 0x19, 0x29, 0x13, 0x19, 0x29, 0x13, 0x19, 0x29, 0x13, 0x19, 0x29, 0x13, 0x19, 0x29, 0x13, 0x19, 0x29, 0x13, 0x19, 0x29, 0x13, 0x19, 0x29, 0x13, 0x19, 0x29, 0x13, 0x19, 0x29, 0x13, 0x19, 0x29, 0x13, 0x19, 0x29, 0x13, 0x19, 0x29, 
        0x13, 0x19, 0x29, 0x13, 0x19, 0x29, 0x13, 0x19, 0x29, 0x13, 0x19, 0x29, 0x13, 0x19, 0x29, 0x13, 0x19, 0x29, 0x13, 0x19, 0x29, 0x13, 0x19, 0x29, 0x13, 0x19, 0x29, 0x13, 0x19, 0x29, 0x13, 0x19, 0x29, 0x13, 0x19, 0x29, 0x13, 0x19, 0x29, 
        0x13, 0x19, 0x29, 0x13, 0x19, 0x29, 0x13, 0x19, 0x29, 0x13, 0x19, 0x29, 0x13, 0x19, 0x29, 0x13, 0x19, 0x29, 0x13, 0x19, 0x29, 0x13, 0x19, 0x29, 0x13, 0x19, 0x29, 0x13, 0x19, 0x29, 0x13, 0x19, 0x29, 0x13, 0x19, 0x29, 0x13, 0x19, 0x29, 
        0x13, 0x19, 0x29, 0x13, 0x19, 0x29, 0x13, 0x19, 0x29, 0x13, 0x19, 0x29, 0x13, 0x19, 0x29, 0x13, 0x19, 0x29, 0x13, 0x19, 0x29, 0x13, 0x19, 0x29, 0x13, 0x19, 0x29, 0x13, 0x19, 0x29, 0x13, 0x19, 0x29, 0x13, 0x19, 0x29, 0x13, 0x19, 0x29, 
        0x13, 0x19, 0x29, 0x13, 0x19, 0x29, 0x13, 0x19, 0x29, 0x13, 0x19, 0x29, 0x13, 0x19, 0x29, 0x13, 0x19, 0x29, 0x13, 0x19, 0x29, 0x13, 0x19, 0x29, 0x13, 0x19, 0x29, 0x13, 0x19, 0x29, 0x13, 0x19, 0x29, 0x13, 0x19, 0x29, 0x13, 0x19, 0x29, 
        0x13, 0x19, 0x29, 0x13, 0x19, 0x29, 0x13, 0x19, 0x29, 0x13, 0x19, 0x29, 0x13, 0x19, 0x29, 0x13, 0x19, 0x29, 0x13, 0x19, 0x29, 0x13, 0x19, 0x29, 0x13, 0x19, 0x29, 0x13, 0x19, 0x29, 0x13, 0x19, 0x29, 0x13, 0x19, 0x29, 0x13, 0x19, 0x29, 
        0x13, 0x19, 0x29, 0x13, 0x19, 0x29, 0x13, 0x19, 0x29, 0x13, 0x19, 0x29, 0x13, 0x19, 0x29, 0x13, 0x19, 0x29, 0x13, 0x19, 0x29, 0x13, 0x19, 0x29, 0x13, 0x19, 0x29, 0x13, 0x19, 0x29, 0x13, 0x19, 0x29, 0x13, 0x19, 0x29, 0x13, 0x19, 0x29, 
        0x13, 0x19, 0x29, 0x13, 0x19, 0x29, 0x13, 0x19, 0x29, 0x13, 0x19, 0x29, 0x13, 0x19, 0x29, 0x13, 0x19, 0x29, 0x13, 0x19, 0x29, 0x13, 0x19, 0x29, 0x13, 0x19, 0x29, 0x13, 0x19, 0x29, 0x13, 0x19, 0x29, 0x13, 0x19, 0x29, 0x13, 0x19, 0x29, 
        0x13, 0x19, 0x29, 0x13, 0x19, 0x29, 0x13, 0x19, 0x29, 0x13, 0x19, 0x29, 0x13, 0x19, 0x29, 0x13, 0x19, 0x29, 0x13, 0x19, 0x29, 0x13, 0x19, 0x29, 0x13, 0x19, 0x29, 0x13, 0x19, 0x29, 0x13, 0x19, 0x29, 0x13, 0x19, 0x29, 0x13, 0x19, 0x29, 
        0x13, 0x19, 0x29, 0x13, 0x19, 0x29, 0x13, 0x19, 0x29, 0x13, 0x19, 0x29, 0x13, 0x19, 0x29, 0x13, 0x19, 0x29, 0x13, 0x19, 0x29, 0x13, 0x19, 0x29, 0x13, 0x19, 0x29, 0x13, 0x19, 0x29, 0x13, 0x19, 0x29, 0x13, 0x19, 0x29, 0x13, 0x19, 0x29, 
        0x13, 0x19, 0x29, 0x13, 0x19, 0x29, 0x13, 0x19, 0x29, 0x13, 0x19, 0x29, 0x13, 0x19, 0x29, 0x13, 0x19, 0x29, 0x13, 0x19, 0x29, 0x13, 0x19, 0x29, 0x13, 0x19, 0x29, 0x13, 0x19, 0x29, 0x13, 0x19, 0x29, 0x13, 0x19, 0x29, 0x13, 0x19, 0x29, 
        0x13, 0x19, 0x29, 0x13, 0x19, 0x29, 0x13, 0x19, 0x29, 0x13, 0x19, 0x29, 0x13, 0x19, 0x29, 0x13, 0x19, 0x29, 0x13, 0x19, 0x29, 0x13, 0x19, 0x29, 0x13, 0x19, 0x29, 0x13, 0x19, 0x29, 0x13, 0x19, 0x29, 0x13, 0x19, 0x29, 0x13, 0x19, 0x29, 
        0x13, 0x19, 0x29, 0x13, 0x19, 0x29, 0x13, 0x19, 0x29, 0x13, 0x19, 0x29, 0x13, 0x19, 0x29, 0x13, 0x19, 0x29, 0x13, 0x19, 0x29, 0x13, 0x19, 0x29, 0x13, 0x19, 0x29, 0x13, 0x19, 0x29, 0x13, 0x19, 0x29, 0x13, 0x19, 0x29, 0x13, 0x19, 0x29, 
        0x13, 0x19, 0x29, 0x13, 0x19, 0x29, 0x13, 0x19, 0x29, 0x13, 0x19, 0x29, 0x13, 0x19, 0x29, 0x13, 0x19, 0x29, 0x13, 0x19, 0x29, 0x13, 0x19, 0x29, 0x13, 0x19, 0x29, 0x13, 0x19, 0x29, 0x13, 0x19, 0x29, 0x13, 0x19, 0x29, 0x13, 0x19, 0x29, 
        0x13, 0x19, 0x29, 0x13, 0x19, 0x29, 0x13, 0x19, 0x29, 0x13, 0x19, 0x29,
  0x13, 0x19, 0x29, 0x13, 0x19, 0x29, 0x13, 0x19, 0x29, 0x13, 0x19, 0x29, 0x13, 0x19, 0x29, 0x13, 0x19, 0x29, 0x13, 0x19, 0x29, 0x13, 0x19, 0x29, 0x13, 0x19, 0x29, 0x13, 0x19, 0x29, 0x13, 0x19, 0x29, 0x13, 0x19, 0x29, 0x13, 0x19, 0x29, 0x13, 0x19, 0x29, 
        0x13, 0x19, 0x29, 0x13, 0x19, 0x29, 0x13, 0x19, 0x29, 0x13, 0x19, 0x29, 0x13, 0x19, 0x29, 0x13, 0x19, 0x29, 0x13, 0x19, 0x29, 0x13, 0x19, 0x29, 0x13, 0x19, 0x29, 0x13, 0x19, 0x29, 0x13, 0x19, 0x29, 0x13, 0x19, 0x29, 0x13, 0x19, 0x29, 
        0x13, 0x19, 0x29, 0x13, 0x19, 0x29, 0x13, 0x19, 0x29, 0x13, 0x19, 0x29, 0x13, 0x19, 0x29, 0x13, 0x19, 0x29, 0x13, 0x19, 0x29, 0x13, 0x19, 0x29, 0x13, 0x19, 0x29, 0x13, 0x19, 0x29, 0x13, 0x19, 0x29, 0x13, 0x19, 0x29, 0x13, 0x19, 0x29, 
        0x13, 0x19, 0x29, 0x13, 0x19, 0x29, 0x13, 0x19, 0x29, 0x13, 0x19, 0x29, 0x13, 0x19, 0x29, 0x13, 0x19, 0x29, 0x13, 0x19, 0x29, 0x13, 0x19, 0x29, 0x13, 0x19, 0x29, 0x13, 0x19, 0x29, 0x13, 0x19, 0x29, 0x13, 0x19, 0x29, 0x13, 0x19, 0x29, 
        0x13, 0x19, 0x29, 0x13, 0x19, 0x29, 0x13, 0x19, 0x29, 0x13, 0x19, 0x29, 0x13, 0x19, 0x29, 0x13, 0x19, 0x29, 0x13, 0x19, 0x29, 0x13, 0x19, 0x29, 0x13, 0x19, 0x29, 0x13, 0x19, 0x29, 0x13, 0x19, 0x29, 0x13, 0x19, 0x29, 0x13, 0x19, 0x29, 
        0x13, 0x19, 0x29, 0x13, 0x19, 0x29, 0x13, 0x19, 0x29, 0x13, 0x19, 0x29, 0x13, 0x19, 0x29, 0x13, 0x19, 0x29, 0x13, 0x19, 0x29, 0x13, 0x19, 0x29, 0x13, 0x19, 0x29, 0x13, 0x19, 0x29, 0x13, 0x19, 0x29, 0x13, 0x19, 0x29, 0x13, 0x19, 0x29, 
        0x13, 0x19, 0x29, 0x13, 0x19, 0x29, 0x13, 0x19, 0x29, 0x13, 0x19, 0x29, 0x13, 0x19, 0x29, 0x13, 0x19, 0x29, 0x13, 0x19, 0x29, 0x13, 0x19, 0x29, 0x13, 0x19, 0x29, 0x13, 0x19, 0x29, 0x13, 0x19, 0x29, 0x13, 0x19, 0x29, 0x13, 0x19, 0x29, 
        0x13, 0x19, 0x29, 0x13, 0x19, 0x29, 0x13, 0x19, 0x29, 0x13, 0x19, 0x29, 0x13, 0x19, 0x29, 0x13, 0x19, 0x29, 0x13, 0x19, 0x29, 0x13, 0x19, 0x29, 0x13, 0x19, 0x29, 0x13, 0x19, 0x29, 0x13, 0x19, 0x29, 0x13, 0x19, 0x29, 0x13, 0x19, 0x29, 
        0x13, 0x19, 0x29, 0x13, 0x19, 0x29, 0x13, 0x19, 0x29, 0x13, 0x19, 0x29, 0x13, 0x19, 0x29, 0x13, 0x19, 0x29, 0x13, 0x19, 0x29, 0x13, 0x19, 0x29, 0x13, 0x19, 0x29, 0x13, 0x19, 0x29, 0x13, 0x19, 0x29, 0x13, 0x19, 0x29, 0x13, 0x19, 0x29, 
        0x13, 0x19, 0x29, 0x13, 0x19, 0x29, 0x13, 0x19, 0x29, 0x13, 0x19, 0x29, 0x13, 0x19, 0x29, 0x13, 0x19, 0x29, 0x13, 0x19, 0x29, 0x13, 0x19, 0x29, 0x13, 0x19, 0x29, 0x13, 0x19, 0x29, 0x13, 0x19, 0x29, 0x13, 0x19, 0x29, 0x13, 0x19, 0x29, 
        0x13, 0x19, 0x29, 0x13, 0x19, 0x29, 0x13, 0x19, 0x29, 0x13, 0x19, 0x29, 0x13, 0x19, 0x29, 0x13, 0x19, 0x29, 0x13, 0x19, 0x29, 0x13, 0x19, 0x29, 0x13, 0x19, 0x29, 0x13, 0x19, 0x29, 0x13, 0x19, 0x29, 0x13, 0x19, 0x29, 0x13, 0x19, 0x29, 
        0x13, 0x19, 0x29, 0x13, 0x19, 0x29, 0x13, 0x19, 0x29, 0x13, 0x19, 0x29, 0x13, 0x19, 0x29, 0x13, 0x19, 0x29, 0x13, 0x19, 0x29, 0x13, 0x19, 0x29, 0x13, 0x19, 0x29, 0x13, 0x19, 0x29, 0x13, 0x19, 0x29, 0x13, 0x19, 0x29, 0x13, 0x19, 0x29, 
        0x13, 0x19, 0x29, 0x13, 0x19, 0x29, 0x13, 0x19, 0x29, 0x13, 0x19, 0x29, 0x13, 0x19, 0x29, 0x13, 0x19, 0x29, 0x13, 0x19, 0x29, 0x13, 0x19, 0x29, 0x13, 0x19, 0x29, 0x13, 0x19, 0x29, 0x13, 0x19, 0x29, 0x13, 0x19, 0x29, 0x13, 0x19, 0x29, 
        0x13, 0x19, 0x29, 0x13, 0x19, 0x29, 0x13, 0x19, 0x29, 0x13, 0x19, 0x29, 0x13, 0x19, 0x29, 0x13, 0x19, 0x29, 0x13, 0x19, 0x29, 0x13, 0x19, 0x29, 0x13, 0x19, 0x29, 0x13, 0x19, 0x29, 0x13, 0x19, 0x29, 0x13, 0x19, 0x29, 0x13, 0x19, 0x29, 
        0x13, 0x19, 0x29, 0x13, 0x19, 0x29, 0x13, 0x19, 0x29, 0x13, 0x19, 0x29, 0x13, 0x19, 0x29, 0x13, 0x19, 0x29, 0x13, 0x19, 0x29, 0x13, 0x19, 0x29, 0x13, 0x19, 0x29, 0x13, 0x19, 0x29, 0x13, 0x19, 0x29, 0x13, 0x19, 0x29, 0x13, 0x19, 0x29, 
        0x13, 0x19, 0x29, 0x13, 0x19, 0x29, 0x13, 0x19, 0x29, 0x13, 0x19, 0x29,
  0x13, 0x19, 0x29, 0x13, 0x19, 0x29, 0x13, 0x19, 0x29, 0x13, 0x19, 0x29, 0x13, 0x19, 0x29, 0x13, 0x19, 0x29, 0x13, 0x19, 0x29, 0x13, 0x19, 0x29, 0x13, 0x19, 0x29, 0x13, 0x19, 0x29, 0x13, 0x19, 0x29, 0x13, 0x19, 0x29, 0x13, 0x19, 0x29, 0x13, 0x19, 0x29, 
        0x13, 0x19, 0x29, 0x13, 0x19, 0x29, 0x13, 0x19, 0x29, 0x13, 0x19, 0x29, 0x13, 0x19, 0x29, 0x13, 0x19, 0x29, 0x13, 0x19, 0x29, 0x13, 0x19, 0x29, 0x13, 0x19, 0x29, 0x13, 0x19, 0x29, 0x13, 0x19, 0x29, 0x13, 0x19, 0x29, 0x13, 0x19, 0x29, 
        0x13, 0x19, 0x29, 0x13, 0x19, 0x29, 0x13, 0x19, 0x29, 0x13, 0x19, 0x29, 0x13, 0x19, 0x29, 0x13, 0x19, 0x29, 0x13, 0x19, 0x29, 0x13, 0x19, 0x29, 0x13, 0x19, 0x29, 0x13, 0x19, 0x29, 0x13, 0x19, 0x29, 0x13, 0x19, 0x29, 0x13, 0x19, 0x29, 
        0x13, 0x19, 0x29, 0x13, 0x19, 0x29, 0x13, 0x19, 0x29, 0x13, 0x19, 0x29, 0x13, 0x19, 0x29, 0x13, 0x19, 0x29, 0x13, 0x19, 0x29, 0x13, 0x19, 0x29, 0x13, 0x19, 0x29, 0x13, 0x19, 0x29, 0x13, 0x19, 0x29, 0x13, 0x19, 0x29, 0x13, 0x19, 0x29, 
        0x13, 0x19, 0x29, 0x13, 0x19, 0x29, 0x13, 0x19, 0x29, 0x13, 0x19, 0x29, 0x13, 0x19, 0x29, 0x13, 0x19, 0x29, 0x13, 0x19, 0x29, 0x13, 0x19, 0x29, 0x13, 0x19, 0x29, 0x13, 0x19, 0x29, 0x13, 0x19, 0x29, 0x13, 0x19, 0x29, 0x13, 0x19, 0x29, 
        0x13, 0x19, 0x29, 0x13, 0x19, 0x29, 0x13, 0x19, 0x29, 0x13, 0x19, 0x29, 0x13, 0x19, 0x29, 0x13, 0x19, 0x29, 0x13, 0x19, 0x29, 0x13, 0x19, 0x29, 0x13, 0x19, 0x29, 0x13, 0x19, 0x29, 0x13, 0x19, 0x29, 0x13, 0x19, 0x29, 0x13, 0x19, 0x29, 
        0x13, 0x19, 0x29, 0x13, 0x19, 0x29, 0x13, 0x19, 0x29, 0x13, 0x19, 0x29, 0x13, 0x19, 0x29, 0x13, 0x19, 0x29, 0x13, 0x19, 0x29, 0x13, 0x19, 0x29, 0x13, 0x19, 0x29, 0x13, 0x19, 0x29, 0x13, 0x19, 0x29, 0x13, 0x19, 0x29, 0x13, 0x19, 0x29, 
        0x13, 0x19, 0x29, 0x13, 0x19, 0x29, 0x13, 0x19, 0x29, 0x13, 0x19, 0x29, 0x13, 0x19, 0x29, 0x13, 0x19, 0x29, 0x13, 0x19, 0x29, 0x13, 0x19, 0x29, 0x13, 0x19, 0x29, 0x13, 0x19, 0x29, 0x13, 0x19, 0x29, 0x13, 0x19, 0x29, 0x13, 0x19, 0x29, 
        0x13, 0x19, 0x29, 0x13, 0x19, 0x29, 0x13, 0x19, 0x29, 0x13, 0x19, 0x29, 0x13, 0x19, 0x29, 0x13, 0x19, 0x29, 0x13, 0x19, 0x29, 0x13, 0x19, 0x29, 0x13, 0x19, 0x29, 0x13, 0x19, 0x29, 0x13, 0x19, 0x29, 0x13, 0x19, 0x29, 0x13, 0x19, 0x29, 
        0x13, 0x19, 0x29, 0x13, 0x19, 0x29, 0x13, 0x19, 0x29, 0x13, 0x19, 0x29, 0x13, 0x19, 0x29, 0x13, 0x19, 0x29, 0x13, 0x19, 0x29, 0x13, 0x19, 0x29, 0x13, 0x19, 0x29, 0x13, 0x19, 0x29, 0x13, 0x19, 0x29, 0x13, 0x19, 0x29, 0x13, 0x19, 0x29, 
        0x13, 0x19, 0x29, 0x13, 0x19, 0x29, 0x13, 0x19, 0x29, 0x13, 0x19, 0x29, 0x13, 0x19, 0x29, 0x13, 0x19, 0x29, 0x13, 0x19, 0x29, 0x13, 0x19, 0x29, 0x13, 0x19, 0x29, 0x13, 0x19, 0x29, 0x13, 0x19, 0x29, 0x13, 0x19, 0x29, 0x13, 0x19, 0x29, 
        0x13, 0x19, 0x29, 0x13, 0x19, 0x29, 0x13, 0x19, 0x29, 0x13, 0x19, 0x29, 0x13, 0x19, 0x29, 0x13, 0x19, 0x29, 0x13, 0x19, 0x29, 0x13, 0x19, 0x29, 0x13, 0x19, 0x29, 0x13, 0x19, 0x29, 0x13, 0x19, 0x29, 0x13, 0x19, 0x29, 0x13, 0x19, 0x29, 
        0x13, 0x19, 0x29, 0x13, 0x19, 0x29, 0x13, 0x19, 0x29, 0x13, 0x19, 0x29, 0x13, 0x19, 0x29, 0x13, 0x19, 0x29, 0x13, 0x19, 0x29, 0x13, 0x19, 0x29, 0x13, 0x19, 0x29, 0x13, 0x19, 0x29, 0x13, 0x19, 0x29, 0x13, 0x19, 0x29, 0x13, 0x19, 0x29, 
        0x13, 0x19, 0x29, 0x13, 0x19, 0x29, 0x13, 0x19, 0x29, 0x13, 0x19, 0x29, 0x13, 0x19, 0x29, 0x13, 0x19, 0x29, 0x13, 0x19, 0x29, 0x13, 0x19, 0x29, 0x13, 0x19, 0x29, 0x13, 0x19, 0x29, 0x13, 0x19, 0x29, 0x13, 0x19, 0x29, 0x13, 0x19, 0x29, 
        0x13, 0x19, 0x29, 0x13, 0x19, 0x29, 0x13, 0x19, 0x29, 0x13, 0x19, 0x29, 0x13, 0x19, 0x29, 0x13, 0x19, 0x29, 0x13, 0x19, 0x29, 0x13, 0x19, 0x29, 0x13, 0x19, 0x29, 0x13, 0x19, 0x29, 0x13, 0x19, 0x29, 0x13, 0x19, 0x29, 0x13, 0x19, 0x29, 
        0x13, 0x19, 0x29, 0x13, 0x19, 0x29, 0x13, 0x19, 0x29, 0x13, 0x19, 0x29,
  0x13, 0x19, 0x29, 0x13, 0x19, 0x29, 0x13, 0x19, 0x29, 0x13, 0x19, 0x29, 0x13, 0x19, 0x29, 0x13, 0x19, 0x29, 0x13, 0x19, 0x29, 0x13, 0x19, 0x29, 0x13, 0x19, 0x29, 0x13, 0x19, 0x29, 0x13, 0x19, 0x29, 0x13, 0x19, 0x29, 0x13, 0x19, 0x29, 0x13, 0x19, 0x29, 
        0x13, 0x19, 0x29, 0x13, 0x19, 0x29, 0x13, 0x19, 0x29, 0x13, 0x19, 0x29, 0x13, 0x19, 0x29, 0x13, 0x19, 0x29, 0x13, 0x19, 0x29, 0x13, 0x19, 0x29, 0x13, 0x19, 0x29, 0x13, 0x19, 0x29, 0x13, 0x19, 0x29, 0x13, 0x19, 0x29, 0x13, 0x19, 0x29, 
        0x13, 0x19, 0x29, 0x13, 0x19, 0x29, 0x13, 0x19, 0x29, 0x13, 0x19, 0x29, 0x13, 0x19, 0x29, 0x13, 0x19, 0x29, 0x13, 0x19, 0x29, 0x13, 0x19, 0x29, 0x13, 0x19, 0x29, 0x13, 0x19, 0x29, 0x13, 0x19, 0x29, 0x13, 0x19, 0x29, 0x13, 0x19, 0x29, 
        0x13, 0x19, 0x29, 0x13, 0x19, 0x29, 0x13, 0x19, 0x29, 0x13, 0x19, 0x29, 0x13, 0x19, 0x29, 0x13, 0x19, 0x29, 0x13, 0x19, 0x29, 0x13, 0x19, 0x29, 0x13, 0x19, 0x29, 0x13, 0x19, 0x29, 0x13, 0x19, 0x29, 0x13, 0x19, 0x29, 0x13, 0x19, 0x29, 
        0x13, 0x19, 0x29, 0x13, 0x19, 0x29, 0x13, 0x19, 0x29, 0x13, 0x19, 0x29, 0x13, 0x19, 0x29, 0x13, 0x19, 0x29, 0x13, 0x19, 0x29, 0x13, 0x19, 0x29, 0x13, 0x19, 0x29, 0x13, 0x19, 0x29, 0x13, 0x19, 0x29, 0x13, 0x19, 0x29, 0x13, 0x19, 0x29, 
        0x13, 0x19, 0x29, 0x13, 0x19, 0x29, 0x13, 0x19, 0x29, 0x13, 0x19, 0x29, 0x13, 0x19, 0x29, 0x13, 0x19, 0x29, 0x13, 0x19, 0x29, 0x13, 0x19, 0x29, 0x13, 0x19, 0x29, 0x13, 0x19, 0x29, 0x13, 0x19, 0x29, 0x13, 0x19, 0x29, 0x13, 0x19, 0x29, 
        0x13, 0x19, 0x29, 0x13, 0x19, 0x29, 0x13, 0x19, 0x29, 0x13, 0x19, 0x29, 0x13, 0x19, 0x29, 0x13, 0x19, 0x29, 0x13, 0x19, 0x29, 0x13, 0x19, 0x29, 0x13, 0x19, 0x29, 0x13, 0x19, 0x29, 0x13, 0x19, 0x29, 0x13, 0x19, 0x29, 0x13, 0x19, 0x29, 
        0x13, 0x19, 0x29, 0x13, 0x19, 0x29, 0x13, 0x19, 0x29, 0x13, 0x19, 0x29, 0x13, 0x19, 0x29, 0x13, 0x19, 0x29, 0x13, 0x19, 0x29, 0x13, 0x19, 0x29, 0x13, 0x19, 0x29, 0x13, 0x19, 0x29, 0x13, 0x19, 0x29, 0x13, 0x19, 0x29, 0x13, 0x19, 0x29, 
        0x13, 0x19, 0x29, 0x13, 0x19, 0x29, 0x13, 0x19, 0x29, 0x13, 0x19, 0x29, 0x13, 0x19, 0x29, 0x13, 0x19, 0x29, 0x13, 0x19, 0x29, 0x13, 0x19, 0x29, 0x13, 0x19, 0x29, 0x13, 0x19, 0x29, 0x13, 0x19, 0x29, 0x13, 0x19, 0x29, 0x13, 0x19, 0x29, 
        0x13, 0x19, 0x29, 0x13, 0x19, 0x29, 0x13, 0x19, 0x29, 0x13, 0x19, 0x29, 0x13, 0x19, 0x29, 0x13, 0x19, 0x29, 0x13, 0x19, 0x29, 0x13, 0x19, 0x29, 0x13, 0x19, 0x29, 0x13, 0x19, 0x29, 0x13, 0x19, 0x29, 0x13, 0x19, 0x29, 0x13, 0x19, 0x29, 
        0x13, 0x19, 0x29, 0x13, 0x19, 0x29, 0x13, 0x19, 0x29, 0x13, 0x19, 0x29, 0x13, 0x19, 0x29, 0x13, 0x19, 0x29, 0x13, 0x19, 0x29, 0x13, 0x19, 0x29, 0x13, 0x19, 0x29, 0x13, 0x19, 0x29, 0x13, 0x19, 0x29, 0x13, 0x19, 0x29, 0x13, 0x19, 0x29, 
        0x13, 0x19, 0x29, 0x13, 0x19, 0x29, 0x13, 0x19, 0x29, 0x13, 0x19, 0x29, 0x13, 0x19, 0x29, 0x13, 0x19, 0x29, 0x13, 0x19, 0x29, 0x13, 0x19, 0x29, 0x13, 0x19, 0x29, 0x13, 0x19, 0x29, 0x13, 0x19, 0x29, 0x13, 0x19, 0x29, 0x13, 0x19, 0x29, 
        0x13, 0x19, 0x29, 0x13, 0x19, 0x29, 0x13, 0x19, 0x29, 0x13, 0x19, 0x29, 0x13, 0x19, 0x29, 0x13, 0x19, 0x29, 0x13, 0x19, 0x29, 0x13, 0x19, 0x29, 0x13, 0x19, 0x29, 0x13, 0x19, 0x29, 0x13, 0x19, 0x29, 0x13, 0x19, 0x29, 0x13, 0x19, 0x29, 
        0x13, 0x19, 0x29, 0x13, 0x19, 0x29, 0x13, 0x19, 0x29, 0x13, 0x19, 0x29, 0x13, 0x19, 0x29, 0x13, 0x19, 0x29, 0x13, 0x19, 0x29, 0x13, 0x19, 0x29, 0x13, 0x19, 0x29, 0x13, 0x19, 0x29, 0x13, 0x19, 0x29, 0x13, 0x19, 0x29, 0x13, 0x19, 0x29, 
        0x13, 0x19, 0x29, 0x13, 0x19, 0x29, 0x13, 0x19, 0x29, 0x13, 0x19, 0x29, 0x13, 0x19, 0x29, 0x13, 0x19, 0x29, 0x13, 0x19, 0x29, 0x13, 0x19, 0x29, 0x13, 0x19, 0x29, 0x13, 0x19, 0x29, 0x13, 0x19, 0x29, 0x13, 0x19, 0x29, 0x13, 0x19, 0x29, 
        0x13, 0x19, 0x29, 0x13, 0x19, 0x29, 0x13, 0x19, 0x29, 0x13, 0x19, 0x29,
  0x13, 0x19, 0x29, 0x13, 0x19, 0x29, 0x13, 0x19, 0x29, 0x13, 0x19, 0x29, 0x13, 0x19, 0x29, 0x13, 0x19, 0x29, 0x13, 0x19, 0x29, 0x13, 0x19, 0x29, 0x13, 0x19, 0x29, 0x13, 0x19, 0x29, 0x13, 0x19, 0x29, 0x13, 0x19, 0x29, 0x13, 0x19, 0x29, 0x13, 0x19, 0x29, 
        0x13, 0x19, 0x29, 0x13, 0x19, 0x29, 0x13, 0x19, 0x29, 0x13, 0x19, 0x29, 0x13, 0x19, 0x29, 0x13, 0x19, 0x29, 0x13, 0x19, 0x29, 0x13, 0x19, 0x29, 0x13, 0x19, 0x29, 0x13, 0x19, 0x29, 0x13, 0x19, 0x29, 0x13, 0x19, 0x29, 0x13, 0x19, 0x29, 
        0x13, 0x19, 0x29, 0x13, 0x19, 0x29, 0x13, 0x19, 0x29, 0x13, 0x19, 0x29, 0x13, 0x19, 0x29, 0x13, 0x19, 0x29, 0x13, 0x19, 0x29, 0x13, 0x19, 0x29, 0x13, 0x19, 0x29, 0x13, 0x19, 0x29, 0x13, 0x19, 0x29, 0x13, 0x19, 0x29, 0x13, 0x19, 0x29, 
        0x13, 0x19, 0x29, 0x13, 0x19, 0x29, 0x13, 0x19, 0x29, 0x13, 0x19, 0x29, 0x13, 0x19, 0x29, 0x13, 0x19, 0x29, 0x13, 0x19, 0x29, 0x13, 0x19, 0x29, 0x13, 0x19, 0x29, 0x13, 0x19, 0x29, 0x13, 0x19, 0x29, 0x13, 0x19, 0x29, 0x13, 0x19, 0x29, 
        0x13, 0x19, 0x29, 0x13, 0x19, 0x29, 0x13, 0x19, 0x29, 0x13, 0x19, 0x29, 0x13, 0x19, 0x29, 0x13, 0x19, 0x29, 0x13, 0x19, 0x29, 0x13, 0x19, 0x29, 0x13, 0x19, 0x29, 0x13, 0x19, 0x29, 0x13, 0x19, 0x29, 0x13, 0x19, 0x29, 0x13, 0x19, 0x29, 
        0x13, 0x19, 0x29, 0x13, 0x19, 0x29, 0x13, 0x19, 0x29, 0x13, 0x19, 0x29, 0x13, 0x19, 0x29, 0x13, 0x19, 0x29, 0x13, 0x19, 0x29, 0x13, 0x19, 0x29, 0x13, 0x19, 0x29, 0x13, 0x19, 0x29, 0x13, 0x19, 0x29, 0x13, 0x19, 0x29, 0x13, 0x19, 0x29, 
        0x13, 0x19, 0x29, 0x13, 0x19, 0x29, 0x13, 0x19, 0x29, 0x13, 0x19, 0x29, 0x13, 0x19, 0x29, 0x13, 0x19, 0x29, 0x13, 0x19, 0x29, 0x13, 0x19, 0x29, 0x13, 0x19, 0x29, 0x13, 0x19, 0x29, 0x13, 0x19, 0x29, 0x13, 0x19, 0x29, 0x13, 0x19, 0x29, 
        0x13, 0x19, 0x29, 0x13, 0x19, 0x29, 0x13, 0x19, 0x29, 0x13, 0x19, 0x29, 0x13, 0x19, 0x29, 0x13, 0x19, 0x29, 0x13, 0x19, 0x29, 0x13, 0x19, 0x29, 0x13, 0x19, 0x29, 0x13, 0x19, 0x29, 0x13, 0x19, 0x29, 0x13, 0x19, 0x29, 0x13, 0x19, 0x29, 
        0x13, 0x19, 0x29, 0x13, 0x19, 0x29, 0x13, 0x19, 0x29, 0x13, 0x19, 0x29, 0x13, 0x19, 0x29, 0x13, 0x19, 0x29, 0x13, 0x19, 0x29, 0x13, 0x19, 0x29, 0x13, 0x19, 0x29, 0x13, 0x19, 0x29, 0x13, 0x19, 0x29, 0x13, 0x19, 0x29, 0x13, 0x19, 0x29, 
        0x13, 0x19, 0x29, 0x13, 0x19, 0x29, 0x13, 0x19, 0x29, 0x13, 0x19, 0x29, 0x13, 0x19, 0x29, 0x13, 0x19, 0x29, 0x13, 0x19, 0x29, 0x13, 0x19, 0x29, 0x13, 0x19, 0x29, 0x13, 0x19, 0x29, 0x13, 0x19, 0x29, 0x13, 0x19, 0x29, 0x13, 0x19, 0x29, 
        0x13, 0x19, 0x29, 0x13, 0x19, 0x29, 0x13, 0x19, 0x29, 0x13, 0x19, 0x29, 0x13, 0x19, 0x29, 0x13, 0x19, 0x29, 0x13, 0x19, 0x29, 0x13, 0x19, 0x29, 0x13, 0x19, 0x29, 0x13, 0x19, 0x29, 0x13, 0x19, 0x29, 0x13, 0x19, 0x29, 0x13, 0x19, 0x29, 
        0x13, 0x19, 0x29, 0x13, 0x19, 0x29, 0x13, 0x19, 0x29, 0x13, 0x19, 0x29, 0x13, 0x19, 0x29, 0x13, 0x19, 0x29, 0x13, 0x19, 0x29, 0x13, 0x19, 0x29, 0x13, 0x19, 0x29, 0x13, 0x19, 0x29, 0x13, 0x19, 0x29, 0x13, 0x19, 0x29, 0x13, 0x19, 0x29, 
        0x13, 0x19, 0x29, 0x13, 0x19, 0x29, 0x13, 0x19, 0x29, 0x13, 0x19, 0x29, 0x13, 0x19, 0x29, 0x13, 0x19, 0x29, 0x13, 0x19, 0x29, 0x13, 0x19, 0x29, 0x13, 0x19, 0x29, 0x13, 0x19, 0x29, 0x13, 0x19, 0x29, 0x13, 0x19, 0x29, 0x13, 0x19, 0x29, 
        0x13, 0x19, 0x29, 0x13, 0x19, 0x29, 0x13, 0x19, 0x29, 0x13, 0x19, 0x29, 0x13, 0x19, 0x29, 0x13, 0x19, 0x29, 0x13, 0x19, 0x29, 0x13, 0x19, 0x29, 0x13, 0x19, 0x29, 0x13, 0x19, 0x29, 0x13, 0x19, 0x29, 0x13, 0x19, 0x29, 0x13, 0x19, 0x29, 
        0x13, 0x19, 0x29, 0x13, 0x19, 0x29, 0x13, 0x19, 0x29, 0x13, 0x19, 0x29, 0x13, 0x19, 0x29, 0x13, 0x19, 0x29, 0x13, 0x19, 0x29, 0x13, 0x19, 0x29, 0x13, 0x19, 0x29, 0x13, 0x19, 0x29, 0x13, 0x19, 0x29, 0x13, 0x19, 0x29, 0x13, 0x19, 0x29, 
        0x13, 0x19, 0x29, 0x13, 0x19, 0x29, 0x13, 0x19, 0x29, 0x13, 0x19, 0x29,
  0x13, 0x19, 0x29, 0x13, 0x19, 0x29, 0x13, 0x19, 0x29, 0x13, 0x19, 0x29, 0x13, 0x19, 0x29, 0x13, 0x19, 0x29, 0x13, 0x19, 0x29, 0x13, 0x19, 0x29, 0x13, 0x19, 0x29, 0x13, 0x19, 0x29, 0x13, 0x19, 0x29, 0x13, 0x19, 0x29, 0x13, 0x19, 0x29, 0x13, 0x19, 0x29, 
        0x13, 0x19, 0x29, 0x13, 0x19, 0x29, 0x13, 0x19, 0x29, 0x13, 0x19, 0x29, 0x13, 0x19, 0x29, 0x13, 0x19, 0x29, 0x13, 0x19, 0x29, 0x13, 0x19, 0x29, 0x13, 0x19, 0x29, 0x13, 0x19, 0x29, 0x13, 0x19, 0x29, 0x13, 0x19, 0x29, 0x13, 0x19, 0x29, 
        0x13, 0x19, 0x29, 0x13, 0x19, 0x29, 0x13, 0x19, 0x29, 0x13, 0x19, 0x29, 0x13, 0x19, 0x29, 0x13, 0x19, 0x29, 0x13, 0x19, 0x29, 0x13, 0x19, 0x29, 0x13, 0x19, 0x29, 0x13, 0x19, 0x29, 0x13, 0x19, 0x29, 0x13, 0x19, 0x29, 0x13, 0x19, 0x29, 
        0x13, 0x19, 0x29, 0x13, 0x19, 0x29, 0x13, 0x19, 0x29, 0x13, 0x19, 0x29, 0x13, 0x19, 0x29, 0x13, 0x19, 0x29, 0x13, 0x19, 0x29, 0x13, 0x19, 0x29, 0x13, 0x19, 0x29, 0x13, 0x19, 0x29, 0x13, 0x19, 0x29, 0x13, 0x19, 0x29, 0x13, 0x19, 0x29, 
        0x13, 0x19, 0x29, 0x13, 0x19, 0x29, 0x13, 0x19, 0x29, 0x13, 0x19, 0x29, 0x13, 0x19, 0x29, 0x13, 0x19, 0x29, 0x13, 0x19, 0x29, 0x13, 0x19, 0x29, 0x13, 0x19, 0x29, 0x13, 0x19, 0x29, 0x13, 0x19, 0x29, 0x13, 0x19, 0x29, 0x13, 0x19, 0x29, 
        0x13, 0x19, 0x29, 0x13, 0x19, 0x29, 0x13, 0x19, 0x29, 0x13, 0x19, 0x29, 0x13, 0x19, 0x29, 0x13, 0x19, 0x29, 0x13, 0x19, 0x29, 0x13, 0x19, 0x29, 0x13, 0x19, 0x29, 0x13, 0x19, 0x29, 0x13, 0x19, 0x29, 0x13, 0x19, 0x29, 0x13, 0x19, 0x29, 
        0x13, 0x19, 0x29, 0x13, 0x19, 0x29, 0x13, 0x19, 0x29, 0x13, 0x19, 0x29, 0x13, 0x19, 0x29, 0x13, 0x19, 0x29, 0x13, 0x19, 0x29, 0x13, 0x19, 0x29, 0x13, 0x19, 0x29, 0x13, 0x19, 0x29, 0x13, 0x19, 0x29, 0x13, 0x19, 0x29, 0x13, 0x19, 0x29, 
        0x13, 0x19, 0x29, 0x13, 0x19, 0x29, 0x13, 0x19, 0x29, 0x13, 0x19, 0x29, 0x13, 0x19, 0x29, 0x13, 0x19, 0x29, 0x13, 0x19, 0x29, 0x13, 0x19, 0x29, 0x13, 0x19, 0x29, 0x13, 0x19, 0x29, 0x13, 0x19, 0x29, 0x13, 0x19, 0x29, 0x13, 0x19, 0x29, 
        0x13, 0x19, 0x29, 0x13, 0x19, 0x29, 0x13, 0x19, 0x29, 0x13, 0x19, 0x29, 0x13, 0x19, 0x29, 0x13, 0x19, 0x29, 0x13, 0x19, 0x29, 0x13, 0x19, 0x29, 0x13, 0x19, 0x29, 0x13, 0x19, 0x29, 0x13, 0x19, 0x29, 0x13, 0x19, 0x29, 0x13, 0x19, 0x29, 
        0x13, 0x19, 0x29, 0x13, 0x19, 0x29, 0x13, 0x19, 0x29, 0x13, 0x19, 0x29, 0x13, 0x19, 0x29, 0x13, 0x19, 0x29, 0x13, 0x19, 0x29, 0x13, 0x19, 0x29, 0x13, 0x19, 0x29, 0x13, 0x19, 0x29, 0x13, 0x19, 0x29, 0x13, 0x19, 0x29, 0x13, 0x19, 0x29, 
        0x13, 0x19, 0x29, 0x13, 0x19, 0x29, 0x13, 0x19, 0x29, 0x13, 0x19, 0x29, 0x13, 0x19, 0x29, 0x13, 0x19, 0x29, 0x13, 0x19, 0x29, 0x13, 0x19, 0x29, 0x13, 0x19, 0x29, 0x13, 0x19, 0x29, 0x13, 0x19, 0x29, 0x13, 0x19, 0x29, 0x13, 0x19, 0x29, 
        0x13, 0x19, 0x29, 0x13, 0x19, 0x29, 0x13, 0x19, 0x29, 0x13, 0x19, 0x29, 0x13, 0x19, 0x29, 0x13, 0x19, 0x29, 0x13, 0x19, 0x29, 0x13, 0x19, 0x29, 0x13, 0x19, 0x29, 0x13, 0x19, 0x29, 0x13, 0x19, 0x29, 0x13, 0x19, 0x29, 0x13, 0x19, 0x29, 
        0x13, 0x19, 0x29, 0x13, 0x19, 0x29, 0x13, 0x19, 0x29, 0x13, 0x19, 0x29, 0x13, 0x19, 0x29, 0x13, 0x19, 0x29, 0x13, 0x19, 0x29, 0x13, 0x19, 0x29, 0x13, 0x19, 0x29, 0x13, 0x19, 0x29, 0x13, 0x19, 0x29, 0x13, 0x19, 0x29, 0x13, 0x19, 0x29, 
        0x13, 0x19, 0x29, 0x13, 0x19, 0x29, 0x13, 0x19, 0x29, 0x13, 0x19, 0x29, 0x13, 0x19, 0x29, 0x13, 0x19, 0x29, 0x13, 0x19, 0x29, 0x13, 0x19, 0x29, 0x13, 0x19, 0x29, 0x13, 0x19, 0x29, 0x13, 0x19, 0x29, 0x13, 0x19, 0x29, 0x13, 0x19, 0x29, 
        0x13, 0x19, 0x29, 0x13, 0x19, 0x29, 0x13, 0x19, 0x29, 0x13, 0x19, 0x29, 0x13, 0x19, 0x29, 0x13, 0x19, 0x29, 0x13, 0x19, 0x29, 0x13, 0x19, 0x29, 0x13, 0x19, 0x29, 0x13, 0x19, 0x29, 0x13, 0x19, 0x29, 0x13, 0x19, 0x29, 0x13, 0x19, 0x29, 
        0x13, 0x19, 0x29, 0x13, 0x19, 0x29, 0x13, 0x19, 0x29, 0x13, 0x19, 0x29,
  0x13, 0x19, 0x29, 0x13, 0x19, 0x29, 0x13, 0x19, 0x29, 0x13, 0x19, 0x29, 0x13, 0x19, 0x29, 0x13, 0x19, 0x29, 0x13, 0x19, 0x29, 0x13, 0x19, 0x29, 0x13, 0x19, 0x29, 0x13, 0x19, 0x29, 0x13, 0x19, 0x29, 0x13, 0x19, 0x29, 0x13, 0x19, 0x29, 0x13, 0x19, 0x29, 
        0x13, 0x19, 0x29, 0x13, 0x19, 0x29, 0x13, 0x19, 0x29, 0x13, 0x19, 0x29, 0x13, 0x19, 0x29, 0x13, 0x19, 0x29, 0x13, 0x19, 0x29, 0x13, 0x19, 0x29, 0x13, 0x19, 0x29, 0x13, 0x19, 0x29, 0x13, 0x19, 0x29, 0x13, 0x19, 0x29, 0x13, 0x19, 0x29, 
        0x13, 0x19, 0x29, 0x13, 0x19, 0x29, 0x13, 0x19, 0x29, 0x13, 0x19, 0x29, 0x13, 0x19, 0x29, 0x13, 0x19, 0x29, 0x13, 0x19, 0x29, 0x13, 0x19, 0x29, 0x13, 0x19, 0x29, 0x13, 0x19, 0x29, 0x13, 0x19, 0x29, 0x13, 0x19, 0x29, 0x13, 0x19, 0x29, 
        0x13, 0x19, 0x29, 0x13, 0x19, 0x29, 0x13, 0x19, 0x29, 0x13, 0x19, 0x29, 0x13, 0x19, 0x29, 0x13, 0x19, 0x29, 0x13, 0x19, 0x29, 0x13, 0x19, 0x29, 0x13, 0x19, 0x29, 0x13, 0x19, 0x29, 0x13, 0x19, 0x29, 0x13, 0x19, 0x29, 0x13, 0x19, 0x29, 
        0x13, 0x19, 0x29, 0x13, 0x19, 0x29, 0x13, 0x19, 0x29, 0x13, 0x19, 0x29, 0x13, 0x19, 0x29, 0x13, 0x19, 0x29, 0x13, 0x19, 0x29, 0x13, 0x19, 0x29, 0x13, 0x19, 0x29, 0x13, 0x19, 0x29, 0x13, 0x19, 0x29, 0x13, 0x19, 0x29, 0x13, 0x19, 0x29, 
        0x13, 0x19, 0x29, 0x13, 0x19, 0x29, 0x13, 0x19, 0x29, 0x13, 0x19, 0x29, 0x13, 0x19, 0x29, 0x13, 0x19, 0x29, 0x13, 0x19, 0x29, 0x13, 0x19, 0x29, 0x13, 0x19, 0x29, 0x13, 0x19, 0x29, 0x13, 0x19, 0x29, 0x13, 0x19, 0x29, 0x13, 0x19, 0x29, 
        0x13, 0x19, 0x29, 0x13, 0x19, 0x29, 0x13, 0x19, 0x29, 0x13, 0x19, 0x29, 0x13, 0x19, 0x29, 0x13, 0x19, 0x29, 0x13, 0x19, 0x29, 0x13, 0x19, 0x29, 0x13, 0x19, 0x29, 0x13, 0x19, 0x29, 0x13, 0x19, 0x29, 0x13, 0x19, 0x29, 0x13, 0x19, 0x29, 
        0x13, 0x19, 0x29, 0x13, 0x19, 0x29, 0x13, 0x19, 0x29, 0x13, 0x19, 0x29, 0x13, 0x19, 0x29, 0x13, 0x19, 0x29, 0x13, 0x19, 0x29, 0x13, 0x19, 0x29, 0x13, 0x19, 0x29, 0x13, 0x19, 0x29, 0x13, 0x19, 0x29, 0x13, 0x19, 0x29, 0x13, 0x19, 0x29, 
        0x13, 0x19, 0x29, 0x13, 0x19, 0x29, 0x13, 0x19, 0x29, 0x13, 0x19, 0x29, 0x13, 0x19, 0x29, 0x13, 0x19, 0x29, 0x13, 0x19, 0x29, 0x13, 0x19, 0x29, 0x13, 0x19, 0x29, 0x13, 0x19, 0x29, 0x13, 0x19, 0x29, 0x13, 0x19, 0x29, 0x13, 0x19, 0x29, 
        0x13, 0x19, 0x29, 0x13, 0x19, 0x29, 0x13, 0x19, 0x29, 0x13, 0x19, 0x29, 0x13, 0x19, 0x29, 0x13, 0x19, 0x29, 0x13, 0x19, 0x29, 0x13, 0x19, 0x29, 0x13, 0x19, 0x29, 0x13, 0x19, 0x29, 0x13, 0x19, 0x29, 0x13, 0x19, 0x29, 0x13, 0x19, 0x29, 
        0x13, 0x19, 0x29, 0x13, 0x19, 0x29, 0x13, 0x19, 0x29, 0x13, 0x19, 0x29, 0x13, 0x19, 0x29, 0x13, 0x19, 0x29, 0x13, 0x19, 0x29, 0x13, 0x19, 0x29, 0x13, 0x19, 0x29, 0x13, 0x19, 0x29, 0x13, 0x19, 0x29, 0x13, 0x19, 0x29, 0x13, 0x19, 0x29, 
        0x13, 0x19, 0x29, 0x13, 0x19, 0x29, 0x13, 0x19, 0x29, 0x13, 0x19, 0x29, 0x13, 0x19, 0x29, 0x13, 0x19, 0x29, 0x13, 0x19, 0x29, 0x13, 0x19, 0x29, 0x13, 0x19, 0x29, 0x13, 0x19, 0x29, 0x13, 0x19, 0x29, 0x13, 0x19, 0x29, 0x13, 0x19, 0x29, 
        0x13, 0x19, 0x29, 0x13, 0x19, 0x29, 0x13, 0x19, 0x29, 0x13, 0x19, 0x29, 0x13, 0x19, 0x29, 0x13, 0x19, 0x29, 0x13, 0x19, 0x29, 0x13, 0x19, 0x29, 0x13, 0x19, 0x29, 0x13, 0x19, 0x29, 0x13, 0x19, 0x29, 0x13, 0x19, 0x29, 0x13, 0x19, 0x29, 
        0x13, 0x19, 0x29, 0x13, 0x19, 0x29, 0x13, 0x19, 0x29, 0x13, 0x19, 0x29, 0x13, 0x19, 0x29, 0x13, 0x19, 0x29, 0x13, 0x19, 0x29, 0x13, 0x19, 0x29, 0x13, 0x19, 0x29, 0x13, 0x19, 0x29, 0x13, 0x19, 0x29, 0x13, 0x19, 0x29, 0x13, 0x19, 0x29, 
        0x13, 0x19, 0x29, 0x13, 0x19, 0x29, 0x13, 0x19, 0x29, 0x13, 0x19, 0x29, 0x13, 0x19, 0x29, 0x13, 0x19, 0x29, 0x13, 0x19, 0x29, 0x13, 0x19, 0x29, 0x13, 0x19, 0x29, 0x13, 0x19, 0x29, 0x13, 0x19, 0x29, 0x13, 0x19, 0x29, 0x13, 0x19, 0x29, 
        0x13, 0x19, 0x29, 0x13, 0x19, 0x29, 0x13, 0x19, 0x29, 0x13, 0x19, 0x29,
  0x13, 0x19, 0x29, 0x13, 0x19, 0x29, 0x13, 0x19, 0x29, 0x13, 0x19, 0x29, 0x13, 0x19, 0x29, 0x13, 0x19, 0x29, 0x13, 0x19, 0x29, 0x13, 0x19, 0x29, 0x13, 0x19, 0x29, 0x13, 0x19, 0x29, 0x13, 0x19, 0x29, 0x13, 0x19, 0x29, 0x13, 0x19, 0x29, 0x13, 0x19, 0x29, 
        0x13, 0x19, 0x29, 0x13, 0x19, 0x29, 0x13, 0x19, 0x29, 0x13, 0x19, 0x29, 0x13, 0x19, 0x29, 0x13, 0x19, 0x29, 0x13, 0x19, 0x29, 0x13, 0x19, 0x29, 0x13, 0x19, 0x29, 0x13, 0x19, 0x29, 0x13, 0x19, 0x29, 0x13, 0x19, 0x29, 0x13, 0x19, 0x29, 
        0x13, 0x19, 0x29, 0x13, 0x19, 0x29, 0x13, 0x19, 0x29, 0x13, 0x19, 0x29, 0x13, 0x19, 0x29, 0x13, 0x19, 0x29, 0x13, 0x19, 0x29, 0x13, 0x19, 0x29, 0x13, 0x19, 0x29, 0x13, 0x19, 0x29, 0x13, 0x19, 0x29, 0x13, 0x19, 0x29, 0x13, 0x19, 0x29, 
        0x13, 0x19, 0x29, 0x13, 0x19, 0x29, 0x13, 0x19, 0x29, 0x13, 0x19, 0x29, 0x13, 0x19, 0x29, 0x13, 0x19, 0x29, 0x13, 0x19, 0x29, 0x13, 0x19, 0x29, 0x13, 0x19, 0x29, 0x13, 0x19, 0x29, 0x13, 0x19, 0x29, 0x13, 0x19, 0x29, 0x13, 0x19, 0x29, 
        0x13, 0x19, 0x29, 0x13, 0x19, 0x29, 0x13, 0x19, 0x29, 0x13, 0x19, 0x29, 0x13, 0x19, 0x29, 0x13, 0x19, 0x29, 0x13, 0x19, 0x29, 0x13, 0x19, 0x29, 0x13, 0x19, 0x29, 0x13, 0x19, 0x29, 0x13, 0x19, 0x29, 0x13, 0x19, 0x29, 0x13, 0x19, 0x29, 
        0x13, 0x19, 0x29, 0x13, 0x19, 0x29, 0x13, 0x19, 0x29, 0x13, 0x19, 0x29, 0x13, 0x19, 0x29, 0x13, 0x19, 0x29, 0x13, 0x19, 0x29, 0x13, 0x19, 0x29, 0x13, 0x19, 0x29, 0x13, 0x19, 0x29, 0x13, 0x19, 0x29, 0x13, 0x19, 0x29, 0x13, 0x19, 0x29, 
        0x13, 0x19, 0x29, 0x13, 0x19, 0x29, 0x13, 0x19, 0x29, 0x13, 0x19, 0x29, 0x13, 0x19, 0x29, 0x13, 0x19, 0x29, 0x13, 0x19, 0x29, 0x13, 0x19, 0x29, 0x13, 0x19, 0x29, 0x13, 0x19, 0x29, 0x13, 0x19, 0x29, 0x13, 0x19, 0x29, 0x13, 0x19, 0x29, 
        0x13, 0x19, 0x29, 0x13, 0x19, 0x29, 0x13, 0x19, 0x29, 0x13, 0x19, 0x29, 0x13, 0x19, 0x29, 0x13, 0x19, 0x29, 0x13, 0x19, 0x29, 0x13, 0x19, 0x29, 0x13, 0x19, 0x29, 0x13, 0x19, 0x29, 0x13, 0x19, 0x29, 0x13, 0x19, 0x29, 0x13, 0x19, 0x29, 
        0x13, 0x19, 0x29, 0x13, 0x19, 0x29, 0x13, 0x19, 0x29, 0x13, 0x19, 0x29, 0x13, 0x19, 0x29, 0x13, 0x19, 0x29, 0x13, 0x19, 0x29, 0x13, 0x19, 0x29, 0x13, 0x19, 0x29, 0x13, 0x19, 0x29, 0x13, 0x19, 0x29, 0x13, 0x19, 0x29, 0x13, 0x19, 0x29, 
        0x13, 0x19, 0x29, 0x13, 0x19, 0x29, 0x13, 0x19, 0x29, 0x13, 0x19, 0x29, 0x13, 0x19, 0x29, 0x13, 0x19, 0x29, 0x13, 0x19, 0x29, 0x13, 0x19, 0x29, 0x13, 0x19, 0x29, 0x13, 0x19, 0x29, 0x13, 0x19, 0x29, 0x13, 0x19, 0x29, 0x13, 0x19, 0x29, 
        0x13, 0x19, 0x29, 0x13, 0x19, 0x29, 0x13, 0x19, 0x29, 0x13, 0x19, 0x29, 0x13, 0x19, 0x29, 0x13, 0x19, 0x29, 0x13, 0x19, 0x29, 0x13, 0x19, 0x29, 0x13, 0x19, 0x29, 0x13, 0x19, 0x29, 0x13, 0x19, 0x29, 0x13, 0x19, 0x29, 0x13, 0x19, 0x29, 
        0x13, 0x19, 0x29, 0x13, 0x19, 0x29, 0x13, 0x19, 0x29, 0x13, 0x19, 0x29, 0x13, 0x19, 0x29, 0x13, 0x19, 0x29, 0x13, 0x19, 0x29, 0x13, 0x19, 0x29, 0x13, 0x19, 0x29, 0x13, 0x19, 0x29, 0x13, 0x19, 0x29, 0x13, 0x19, 0x29, 0x13, 0x19, 0x29, 
        0x13, 0x19, 0x29, 0x13, 0x19, 0x29, 0x13, 0x19, 0x29, 0x13, 0x19, 0x29, 0x13, 0x19, 0x29, 0x13, 0x19, 0x29, 0x13, 0x19, 0x29, 0x13, 0x19, 0x29, 0x13, 0x19, 0x29, 0x13, 0x19, 0x29, 0x13, 0x19, 0x29, 0x13, 0x19, 0x29, 0x13, 0x19, 0x29, 
        0x13, 0x19, 0x29, 0x13, 0x19, 0x29, 0x13, 0x19, 0x29, 0x13, 0x19, 0x29, 0x13, 0x19, 0x29, 0x13, 0x19, 0x29, 0x13, 0x19, 0x29, 0x13, 0x19, 0x29, 0x13, 0x19, 0x29, 0x13, 0x19, 0x29, 0x13, 0x19, 0x29, 0x13, 0x19, 0x29, 0x13, 0x19, 0x29, 
        0x13, 0x19, 0x29, 0x13, 0x19, 0x29, 0x13, 0x19, 0x29, 0x13, 0x19, 0x29, 0x13, 0x19, 0x29, 0x13, 0x19, 0x29, 0x13, 0x19, 0x29, 0x13, 0x19, 0x29, 0x13, 0x19, 0x29, 0x13, 0x19, 0x29, 0x13, 0x19, 0x29, 0x13, 0x19, 0x29, 0x13, 0x19, 0x29, 
        0x13, 0x19, 0x29, 0x13, 0x19, 0x29, 0x13, 0x19, 0x29, 0x13, 0x19, 0x29,
  0x13, 0x19, 0x29, 0x13, 0x19, 0x29, 0x13, 0x19, 0x29, 0x13, 0x19, 0x29, 0x13, 0x19, 0x29, 0x13, 0x19, 0x29, 0x13, 0x19, 0x29, 0x13, 0x19, 0x29, 0x13, 0x19, 0x29, 0x13, 0x19, 0x29, 0x13, 0x19, 0x29, 0x13, 0x19, 0x29, 0x13, 0x19, 0x29, 0x13, 0x19, 0x29, 
        0x13, 0x19, 0x29, 0x13, 0x19, 0x29, 0x13, 0x19, 0x29, 0x13, 0x19, 0x29, 0x13, 0x19, 0x29, 0x13, 0x19, 0x29, 0x13, 0x19, 0x29, 0x13, 0x19, 0x29, 0x13, 0x19, 0x29, 0x13, 0x19, 0x29, 0x13, 0x19, 0x29, 0x13, 0x19, 0x29, 0x13, 0x19, 0x29, 
        0x13, 0x19, 0x29, 0x13, 0x19, 0x29, 0x13, 0x19, 0x29, 0x13, 0x19, 0x29, 0x13, 0x19, 0x29, 0x13, 0x19, 0x29, 0x13, 0x19, 0x29, 0x13, 0x19, 0x29, 0x13, 0x19, 0x29, 0x13, 0x19, 0x29, 0x13, 0x19, 0x29, 0x13, 0x19, 0x29, 0x13, 0x19, 0x29, 
        0x13, 0x19, 0x29, 0x13, 0x19, 0x29, 0x13, 0x19, 0x29, 0x13, 0x19, 0x29, 0x13, 0x19, 0x29, 0x13, 0x19, 0x29, 0x13, 0x19, 0x29, 0x13, 0x19, 0x29, 0x13, 0x19, 0x29, 0x13, 0x19, 0x29, 0x13, 0x19, 0x29, 0x13, 0x19, 0x29, 0x13, 0x19, 0x29, 
        0x13, 0x19, 0x29, 0x13, 0x19, 0x29, 0x13, 0x19, 0x29, 0x13, 0x19, 0x29, 0x13, 0x19, 0x29, 0x13, 0x19, 0x29, 0x13, 0x19, 0x29, 0x13, 0x19, 0x29, 0x13, 0x19, 0x29, 0x13, 0x19, 0x29, 0x13, 0x19, 0x29, 0x13, 0x19, 0x29, 0x13, 0x19, 0x29, 
        0x13, 0x19, 0x29, 0x13, 0x19, 0x29, 0x13, 0x19, 0x29, 0x13, 0x19, 0x29, 0x13, 0x19, 0x29, 0x13, 0x19, 0x29, 0x13, 0x19, 0x29, 0x13, 0x19, 0x29, 0x13, 0x19, 0x29, 0x13, 0x19, 0x29, 0x13, 0x19, 0x29, 0x13, 0x19, 0x29, 0x13, 0x19, 0x29, 
        0x13, 0x19, 0x29, 0x13, 0x19, 0x29, 0x13, 0x19, 0x29, 0x13, 0x19, 0x29, 0x13, 0x19, 0x29, 0x13, 0x19, 0x29, 0x13, 0x19, 0x29, 0x13, 0x19, 0x29, 0x13, 0x19, 0x29, 0x13, 0x19, 0x29, 0x13, 0x19, 0x29, 0x13, 0x19, 0x29, 0x13, 0x19, 0x29, 
        0x13, 0x19, 0x29, 0x13, 0x19, 0x29, 0x13, 0x19, 0x29, 0x13, 0x19, 0x29, 0x13, 0x19, 0x29, 0x13, 0x19, 0x29, 0x13, 0x19, 0x29, 0x13, 0x19, 0x29, 0x13, 0x19, 0x29, 0x13, 0x19, 0x29, 0x13, 0x19, 0x29, 0x13, 0x19, 0x29, 0x13, 0x19, 0x29, 
        0x13, 0x19, 0x29, 0x13, 0x19, 0x29, 0x13, 0x19, 0x29, 0x13, 0x19, 0x29, 0x13, 0x19, 0x29, 0x13, 0x19, 0x29, 0x13, 0x19, 0x29, 0x13, 0x19, 0x29, 0x13, 0x19, 0x29, 0x13, 0x19, 0x29, 0x13, 0x19, 0x29, 0x13, 0x19, 0x29, 0x13, 0x19, 0x29, 
        0x13, 0x19, 0x29, 0x13, 0x19, 0x29, 0x13, 0x19, 0x29, 0x13, 0x19, 0x29, 0x13, 0x19, 0x29, 0x13, 0x19, 0x29, 0x13, 0x19, 0x29, 0x13, 0x19, 0x29, 0x13, 0x19, 0x29, 0x13, 0x19, 0x29, 0x13, 0x19, 0x29, 0x13, 0x19, 0x29, 0x13, 0x19, 0x29, 
        0x13, 0x19, 0x29, 0x13, 0x19, 0x29, 0x13, 0x19, 0x29, 0x13, 0x19, 0x29, 0x13, 0x19, 0x29, 0x13, 0x19, 0x29, 0x13, 0x19, 0x29, 0x13, 0x19, 0x29, 0x13, 0x19, 0x29, 0x13, 0x19, 0x29, 0x13, 0x19, 0x29, 0x13, 0x19, 0x29, 0x13, 0x19, 0x29, 
        0x13, 0x19, 0x29, 0x13, 0x19, 0x29, 0x13, 0x19, 0x29, 0x13, 0x19, 0x29, 0x13, 0x19, 0x29, 0x13, 0x19, 0x29, 0x13, 0x19, 0x29, 0x13, 0x19, 0x29, 0x13, 0x19, 0x29, 0x13, 0x19, 0x29, 0x13, 0x19, 0x29, 0x13, 0x19, 0x29, 0x13, 0x19, 0x29, 
        0x13, 0x19, 0x29, 0x13, 0x19, 0x29, 0x13, 0x19, 0x29, 0x13, 0x19, 0x29, 0x13, 0x19, 0x29, 0x13, 0x19, 0x29, 0x13, 0x19, 0x29, 0x13, 0x19, 0x29, 0x13, 0x19, 0x29, 0x13, 0x19, 0x29, 0x13, 0x19, 0x29, 0x13, 0x19, 0x29, 0x13, 0x19, 0x29, 
        0x13, 0x19, 0x29, 0x13, 0x19, 0x29, 0x13, 0x19, 0x29, 0x13, 0x19, 0x29, 0x13, 0x19, 0x29, 0x13, 0x19, 0x29, 0x13, 0x19, 0x29, 0x13, 0x19, 0x29, 0x13, 0x19, 0x29, 0x13, 0x19, 0x29, 0x13, 0x19, 0x29, 0x13, 0x19, 0x29, 0x13, 0x19, 0x29, 
        0x13, 0x19, 0x29, 0x13, 0x19, 0x29, 0x13, 0x19, 0x29, 0x13, 0x19, 0x29, 0x13, 0x19, 0x29, 0x13, 0x19, 0x29, 0x13, 0x19, 0x29, 0x13, 0x19, 0x29, 0x13, 0x19, 0x29, 0x13, 0x19, 0x29, 0x13, 0x19, 0x29, 0x13, 0x19, 0x29, 0x13, 0x19, 0x29, 
        0x13, 0x19, 0x29, 0x13, 0x19, 0x29, 0x13, 0x19, 0x29, 0x13, 0x19, 0x29,
  0x13, 0x19, 0x29, 0x13, 0x19, 0x29, 0x13, 0x19, 0x29, 0x13, 0x19, 0x29, 0x13, 0x19, 0x29, 0x13, 0x19, 0x29, 0x13, 0x19, 0x29, 0x13, 0x19, 0x29, 0x13, 0x19, 0x29, 0x13, 0x19, 0x29, 0x13, 0x19, 0x29, 0x13, 0x19, 0x29, 0x13, 0x19, 0x29, 0x13, 0x19, 0x29, 
        0x13, 0x19, 0x29, 0x13, 0x19, 0x29, 0x13, 0x19, 0x29, 0x13, 0x19, 0x29, 0x13, 0x19, 0x29, 0x13, 0x19, 0x29, 0x13, 0x19, 0x29, 0x13, 0x19, 0x29, 0x13, 0x19, 0x29, 0x13, 0x19, 0x29, 0x13, 0x19, 0x29, 0x13, 0x19, 0x29, 0x13, 0x19, 0x29, 
        0x13, 0x19, 0x29, 0x13, 0x19, 0x29, 0x13, 0x19, 0x29, 0x13, 0x19, 0x29, 0x13, 0x19, 0x29, 0x13, 0x19, 0x29, 0x13, 0x19, 0x29, 0x13, 0x19, 0x29, 0x13, 0x19, 0x29, 0x13, 0x19, 0x29, 0x13, 0x19, 0x29, 0x13, 0x19, 0x29, 0x13, 0x19, 0x29, 
        0x13, 0x19, 0x29, 0x13, 0x19, 0x29, 0x13, 0x19, 0x29, 0x13, 0x19, 0x29, 0x13, 0x19, 0x29, 0x13, 0x19, 0x29, 0x13, 0x19, 0x29, 0x13, 0x19, 0x29, 0x13, 0x19, 0x29, 0x13, 0x19, 0x29, 0x13, 0x19, 0x29, 0x13, 0x19, 0x29, 0x13, 0x19, 0x29, 
        0x13, 0x19, 0x29, 0x13, 0x19, 0x29, 0x13, 0x19, 0x29, 0x13, 0x19, 0x29, 0x13, 0x19, 0x29, 0x13, 0x19, 0x29, 0x13, 0x19, 0x29, 0x13, 0x19, 0x29, 0x13, 0x19, 0x29, 0x13, 0x19, 0x29, 0x13, 0x19, 0x29, 0x13, 0x19, 0x29, 0x13, 0x19, 0x29, 
        0x13, 0x19, 0x29, 0x13, 0x19, 0x29, 0x13, 0x19, 0x29, 0x13, 0x19, 0x29, 0x13, 0x19, 0x29, 0x13, 0x19, 0x29, 0x13, 0x19, 0x29, 0x13, 0x19, 0x29, 0x13, 0x19, 0x29, 0x13, 0x19, 0x29, 0x13, 0x19, 0x29, 0x13, 0x19, 0x29, 0x13, 0x19, 0x29, 
        0x13, 0x19, 0x29, 0x13, 0x19, 0x29, 0x13, 0x19, 0x29, 0x13, 0x19, 0x29, 0x13, 0x19, 0x29, 0x13, 0x19, 0x29, 0x13, 0x19, 0x29, 0x13, 0x19, 0x29, 0x13, 0x19, 0x29, 0x13, 0x19, 0x29, 0x13, 0x19, 0x29, 0x13, 0x19, 0x29, 0x13, 0x19, 0x29, 
        0x13, 0x19, 0x29, 0x13, 0x19, 0x29, 0x13, 0x19, 0x29, 0x13, 0x19, 0x29, 0x13, 0x19, 0x29, 0x13, 0x19, 0x29, 0x13, 0x19, 0x29, 0x13, 0x19, 0x29, 0x13, 0x19, 0x29, 0x13, 0x19, 0x29, 0x13, 0x19, 0x29, 0x13, 0x19, 0x29, 0x13, 0x19, 0x29, 
        0x13, 0x19, 0x29, 0x13, 0x19, 0x29, 0x13, 0x19, 0x29, 0x13, 0x19, 0x29, 0x13, 0x19, 0x29, 0x13, 0x19, 0x29, 0x13, 0x19, 0x29, 0x13, 0x19, 0x29, 0x13, 0x19, 0x29, 0x13, 0x19, 0x29, 0x13, 0x19, 0x29, 0x13, 0x19, 0x29, 0x13, 0x19, 0x29, 
        0x13, 0x19, 0x29, 0x13, 0x19, 0x29, 0x13, 0x19, 0x29, 0x13, 0x19, 0x29, 0x13, 0x19, 0x29, 0x13, 0x19, 0x29, 0x13, 0x19, 0x29, 0x13, 0x19, 0x29, 0x13, 0x19, 0x29, 0x13, 0x19, 0x29, 0x13, 0x19, 0x29, 0x13, 0x19, 0x29, 0x13, 0x19, 0x29, 
        0x13, 0x19, 0x29, 0x13, 0x19, 0x29, 0x13, 0x19, 0x29, 0x13, 0x19, 0x29, 0x13, 0x19, 0x29, 0x13, 0x19, 0x29, 0x13, 0x19, 0x29, 0x13, 0x19, 0x29, 0x13, 0x19, 0x29, 0x13, 0x19, 0x29, 0x13, 0x19, 0x29, 0x13, 0x19, 0x29, 0x13, 0x19, 0x29, 
        0x13, 0x19, 0x29, 0x13, 0x19, 0x29, 0x13, 0x19, 0x29, 0x13, 0x19, 0x29, 0x13, 0x19, 0x29, 0x13, 0x19, 0x29, 0x13, 0x19, 0x29, 0x13, 0x19, 0x29, 0x13, 0x19, 0x29, 0x13, 0x19, 0x29, 0x13, 0x19, 0x29, 0x13, 0x19, 0x29, 0x13, 0x19, 0x29, 
        0x13, 0x19, 0x29, 0x13, 0x19, 0x29, 0x13, 0x19, 0x29, 0x13, 0x19, 0x29, 0x13, 0x19, 0x29, 0x13, 0x19, 0x29, 0x13, 0x19, 0x29, 0x13, 0x19, 0x29, 0x13, 0x19, 0x29, 0x13, 0x19, 0x29, 0x13, 0x19, 0x29, 0x13, 0x19, 0x29, 0x13, 0x19, 0x29, 
        0x13, 0x19, 0x29, 0x13, 0x19, 0x29, 0x13, 0x19, 0x29, 0x13, 0x19, 0x29, 0x13, 0x19, 0x29, 0x13, 0x19, 0x29, 0x13, 0x19, 0x29, 0x13, 0x19, 0x29, 0x13, 0x19, 0x29, 0x13, 0x19, 0x29, 0x13, 0x19, 0x29, 0x13, 0x19, 0x29, 0x13, 0x19, 0x29, 
        0x13, 0x19, 0x29, 0x13, 0x19, 0x29, 0x13, 0x19, 0x29, 0x13, 0x19, 0x29, 0x13, 0x19, 0x29, 0x13, 0x19, 0x29, 0x13, 0x19, 0x29, 0x13, 0x19, 0x29, 0x13, 0x19, 0x29, 0x13, 0x19, 0x29, 0x13, 0x19, 0x29, 0x13, 0x19, 0x29, 0x13, 0x19, 0x29, 
        0x13, 0x19, 0x29, 0x13, 0x19, 0x29, 0x13, 0x19, 0x29, 0x13, 0x19, 0x29,
  0x13, 0x19, 0x29, 0x13, 0x19, 0x29, 0x13, 0x19, 0x29, 0x13, 0x19, 0x29, 0x13, 0x19, 0x29, 0x13, 0x19, 0x29, 0x13, 0x19, 0x29, 0x13, 0x19, 0x29, 0x13, 0x19, 0x29, 0x13, 0x19, 0x29, 0x13, 0x19, 0x29, 0x13, 0x19, 0x29, 0x13, 0x19, 0x29, 0x13, 0x19, 0x29, 
        0x13, 0x19, 0x29, 0x13, 0x19, 0x29, 0x13, 0x19, 0x29, 0x13, 0x19, 0x29, 0x13, 0x19, 0x29, 0x13, 0x19, 0x29, 0x13, 0x19, 0x29, 0x13, 0x19, 0x29, 0x13, 0x19, 0x29, 0x13, 0x19, 0x29, 0x13, 0x19, 0x29, 0x13, 0x19, 0x29, 0x13, 0x19, 0x29, 
        0x13, 0x19, 0x29, 0x13, 0x19, 0x29, 0x13, 0x19, 0x29, 0x13, 0x19, 0x29, 0x13, 0x19, 0x29, 0x13, 0x19, 0x29, 0x13, 0x19, 0x29, 0x13, 0x19, 0x29, 0x13, 0x19, 0x29, 0x13, 0x19, 0x29, 0x13, 0x19, 0x29, 0x13, 0x19, 0x29, 0x13, 0x19, 0x29, 
        0x13, 0x19, 0x29, 0x13, 0x19, 0x29, 0x13, 0x19, 0x29, 0x13, 0x19, 0x29, 0x13, 0x19, 0x29, 0x13, 0x19, 0x29, 0x13, 0x19, 0x29, 0x13, 0x19, 0x29, 0x13, 0x19, 0x29, 0x13, 0x19, 0x29, 0x13, 0x19, 0x29, 0x13, 0x19, 0x29, 0x13, 0x19, 0x29, 
        0x13, 0x19, 0x29, 0x13, 0x19, 0x29, 0x13, 0x19, 0x29, 0x13, 0x19, 0x29, 0x13, 0x19, 0x29, 0x13, 0x19, 0x29, 0x13, 0x19, 0x29, 0x13, 0x19, 0x29, 0x13, 0x19, 0x29, 0x13, 0x19, 0x29, 0x13, 0x19, 0x29, 0x13, 0x19, 0x29, 0x13, 0x19, 0x29, 
        0x13, 0x19, 0x29, 0x13, 0x19, 0x29, 0x13, 0x19, 0x29, 0x13, 0x19, 0x29, 0x13, 0x19, 0x29, 0x13, 0x19, 0x29, 0x13, 0x19, 0x29, 0x13, 0x19, 0x29, 0x13, 0x19, 0x29, 0x13, 0x19, 0x29, 0x13, 0x19, 0x29, 0x13, 0x19, 0x29, 0x13, 0x19, 0x29, 
        0x13, 0x19, 0x29, 0x13, 0x19, 0x29, 0x13, 0x19, 0x29, 0x13, 0x19, 0x29, 0x13, 0x19, 0x29, 0x13, 0x19, 0x29, 0x13, 0x19, 0x29, 0x13, 0x19, 0x29, 0x13, 0x19, 0x29, 0x13, 0x19, 0x29, 0x13, 0x19, 0x29, 0x13, 0x19, 0x29, 0x13, 0x19, 0x29, 
        0x13, 0x19, 0x29, 0x13, 0x19, 0x29, 0x13, 0x19, 0x29, 0x13, 0x19, 0x29, 0x13, 0x19, 0x29, 0x13, 0x19, 0x29, 0x13, 0x19, 0x29, 0x13, 0x19, 0x29, 0x13, 0x19, 0x29, 0x13, 0x19, 0x29, 0x13, 0x19, 0x29, 0x13, 0x19, 0x29, 0x13, 0x19, 0x29, 
        0x13, 0x19, 0x29, 0x13, 0x19, 0x29, 0x13, 0x19, 0x29, 0x13, 0x19, 0x29, 0x13, 0x19, 0x29, 0x13, 0x19, 0x29, 0x13, 0x19, 0x29, 0x13, 0x19, 0x29, 0x13, 0x19, 0x29, 0x13, 0x19, 0x29, 0x13, 0x19, 0x29, 0x13, 0x19, 0x29, 0x13, 0x19, 0x29, 
        0x13, 0x19, 0x29, 0x13, 0x19, 0x29, 0x13, 0x19, 0x29, 0x13, 0x19, 0x29, 0x13, 0x19, 0x29, 0x13, 0x19, 0x29, 0x13, 0x19, 0x29, 0x13, 0x19, 0x29, 0x13, 0x19, 0x29, 0x13, 0x19, 0x29, 0x13, 0x19, 0x29, 0x13, 0x19, 0x29, 0x13, 0x19, 0x29, 
        0x13, 0x19, 0x29, 0x13, 0x19, 0x29, 0x13, 0x19, 0x29, 0x13, 0x19, 0x29, 0x13, 0x19, 0x29, 0x13, 0x19, 0x29, 0x13, 0x19, 0x29, 0x13, 0x19, 0x29, 0x13, 0x19, 0x29, 0x13, 0x19, 0x29, 0x13, 0x19, 0x29, 0x13, 0x19, 0x29, 0x13, 0x19, 0x29, 
        0x13, 0x19, 0x29, 0x13, 0x19, 0x29, 0x13, 0x19, 0x29, 0x13, 0x19, 0x29, 0x13, 0x19, 0x29, 0x13, 0x19, 0x29, 0x13, 0x19, 0x29, 0x13, 0x19, 0x29, 0x13, 0x19, 0x29, 0x13, 0x19, 0x29, 0x13, 0x19, 0x29, 0x13, 0x19, 0x29, 0x13, 0x19, 0x29, 
        0x13, 0x19, 0x29, 0x13, 0x19, 0x29, 0x13, 0x19, 0x29, 0x13, 0x19, 0x29, 0x13, 0x19, 0x29, 0x13, 0x19, 0x29, 0x13, 0x19, 0x29, 0x13, 0x19, 0x29, 0x13, 0x19, 0x29, 0x13, 0x19, 0x29, 0x13, 0x19, 0x29, 0x13, 0x19, 0x29, 0x13, 0x19, 0x29, 
        0x13, 0x19, 0x29, 0x13, 0x19, 0x29, 0x13, 0x19, 0x29, 0x13, 0x19, 0x29, 0x13, 0x19, 0x29, 0x13, 0x19, 0x29, 0x13, 0x19, 0x29, 0x13, 0x19, 0x29, 0x13, 0x19, 0x29, 0x13, 0x19, 0x29, 0x13, 0x19, 0x29, 0x13, 0x19, 0x29, 0x13, 0x19, 0x29, 
        0x13, 0x19, 0x29, 0x13, 0x19, 0x29, 0x13, 0x19, 0x29, 0x13, 0x19, 0x29, 0x13, 0x19, 0x29, 0x13, 0x19, 0x29, 0x13, 0x19, 0x29, 0x13, 0x19, 0x29, 0x13, 0x19, 0x29, 0x13, 0x19, 0x29, 0x13, 0x19, 0x29, 0x13, 0x19, 0x29, 0x13, 0x19, 0x29, 
        0x13, 0x19, 0x29, 0x13, 0x19, 0x29, 0x13, 0x19, 0x29, 0x13, 0x19, 0x29,
  0x13, 0x19, 0x29, 0x13, 0x19, 0x29, 0x13, 0x19, 0x29, 0x13, 0x19, 0x29, 0x13, 0x19, 0x29, 0x13, 0x19, 0x29, 0x13, 0x19, 0x29, 0x13, 0x19, 0x29, 0x13, 0x19, 0x29, 0x13, 0x19, 0x29, 0x13, 0x19, 0x29, 0x13, 0x19, 0x29, 0x13, 0x19, 0x29, 0x13, 0x19, 0x29, 
        0x13, 0x19, 0x29, 0x13, 0x19, 0x29, 0x13, 0x19, 0x29, 0x13, 0x19, 0x29, 0x13, 0x19, 0x29, 0x13, 0x19, 0x29, 0x13, 0x19, 0x29, 0x13, 0x19, 0x29, 0x13, 0x19, 0x29, 0x13, 0x19, 0x29, 0x13, 0x19, 0x29, 0x13, 0x19, 0x29, 0x13, 0x19, 0x29, 
        0x13, 0x19, 0x29, 0x13, 0x19, 0x29, 0x13, 0x19, 0x29, 0x13, 0x19, 0x29, 0x13, 0x19, 0x29, 0x13, 0x19, 0x29, 0x13, 0x19, 0x29, 0x13, 0x19, 0x29, 0x13, 0x19, 0x29, 0x13, 0x19, 0x29, 0x13, 0x19, 0x29, 0x13, 0x19, 0x29, 0x13, 0x19, 0x29, 
        0x13, 0x19, 0x29, 0x13, 0x19, 0x29, 0x13, 0x19, 0x29, 0x13, 0x19, 0x29, 0x13, 0x19, 0x29, 0x13, 0x19, 0x29, 0x13, 0x19, 0x29, 0x13, 0x19, 0x29, 0x13, 0x19, 0x29, 0x13, 0x19, 0x29, 0x13, 0x19, 0x29, 0x13, 0x19, 0x29, 0x13, 0x19, 0x29, 
        0x13, 0x19, 0x29, 0x13, 0x19, 0x29, 0x13, 0x19, 0x29, 0x13, 0x19, 0x29, 0x13, 0x19, 0x29, 0x13, 0x19, 0x29, 0x13, 0x19, 0x29, 0x13, 0x19, 0x29, 0x13, 0x19, 0x29, 0x13, 0x19, 0x29, 0x13, 0x19, 0x29, 0x13, 0x19, 0x29, 0x13, 0x19, 0x29, 
        0x13, 0x19, 0x29, 0x13, 0x19, 0x29, 0x13, 0x19, 0x29, 0x13, 0x19, 0x29, 0x13, 0x19, 0x29, 0x13, 0x19, 0x29, 0x13, 0x19, 0x29, 0x13, 0x19, 0x29, 0x13, 0x19, 0x29, 0x13, 0x19, 0x29, 0x13, 0x19, 0x29, 0x13, 0x19, 0x29, 0x13, 0x19, 0x29, 
        0x13, 0x19, 0x29, 0x13, 0x19, 0x29, 0x13, 0x19, 0x29, 0x13, 0x19, 0x29, 0x13, 0x19, 0x29, 0x13, 0x19, 0x29, 0x13, 0x19, 0x29, 0x13, 0x19, 0x29, 0x13, 0x19, 0x29, 0x13, 0x19, 0x29, 0x13, 0x19, 0x29, 0x13, 0x19, 0x29, 0x13, 0x19, 0x29, 
        0x13, 0x19, 0x29, 0x13, 0x19, 0x29, 0x13, 0x19, 0x29, 0x13, 0x19, 0x29, 0x13, 0x19, 0x29, 0x13, 0x19, 0x29, 0x13, 0x19, 0x29, 0x13, 0x19, 0x29, 0x13, 0x19, 0x29, 0x13, 0x19, 0x29, 0x13, 0x19, 0x29, 0x13, 0x19, 0x29, 0x13, 0x19, 0x29, 
        0x13, 0x19, 0x29, 0x13, 0x19, 0x29, 0x13, 0x19, 0x29, 0x13, 0x19, 0x29, 0x13, 0x19, 0x29, 0x13, 0x19, 0x29, 0x13, 0x19, 0x29, 0x13, 0x19, 0x29, 0x13, 0x19, 0x29, 0x13, 0x19, 0x29, 0x13, 0x19, 0x29, 0x13, 0x19, 0x29, 0x13, 0x19, 0x29, 
        0x13, 0x19, 0x29, 0x13, 0x19, 0x29, 0x13, 0x19, 0x29, 0x13, 0x19, 0x29, 0x13, 0x19, 0x29, 0x13, 0x19, 0x29, 0x13, 0x19, 0x29, 0x13, 0x19, 0x29, 0x13, 0x19, 0x29, 0x13, 0x19, 0x29, 0x13, 0x19, 0x29, 0x13, 0x19, 0x29, 0x13, 0x19, 0x29, 
        0x13, 0x19, 0x29, 0x13, 0x19, 0x29, 0x13, 0x19, 0x29, 0x13, 0x19, 0x29, 0x13, 0x19, 0x29, 0x13, 0x19, 0x29, 0x13, 0x19, 0x29, 0x13, 0x19, 0x29, 0x13, 0x19, 0x29, 0x13, 0x19, 0x29, 0x13, 0x19, 0x29, 0x13, 0x19, 0x29, 0x13, 0x19, 0x29, 
        0x13, 0x19, 0x29, 0x13, 0x19, 0x29, 0x13, 0x19, 0x29, 0x13, 0x19, 0x29, 0x13, 0x19, 0x29, 0x13, 0x19, 0x29, 0x13, 0x19, 0x29, 0x13, 0x19, 0x29, 0x13, 0x19, 0x29, 0x13, 0x19, 0x29, 0x13, 0x19, 0x29, 0x13, 0x19, 0x29, 0x13, 0x19, 0x29, 
        0x13, 0x19, 0x29, 0x13, 0x19, 0x29, 0x13, 0x19, 0x29, 0x13, 0x19, 0x29, 0x13, 0x19, 0x29, 0x13, 0x19, 0x29, 0x13, 0x19, 0x29, 0x13, 0x19, 0x29, 0x13, 0x19, 0x29, 0x13, 0x19, 0x29, 0x13, 0x19, 0x29, 0x13, 0x19, 0x29, 0x13, 0x19, 0x29, 
        0x13, 0x19, 0x29, 0x13, 0x19, 0x29, 0x13, 0x19, 0x29, 0x13, 0x19, 0x29, 0x13, 0x19, 0x29, 0x13, 0x19, 0x29, 0x13, 0x19, 0x29, 0x13, 0x19, 0x29, 0x13, 0x19, 0x29, 0x13, 0x19, 0x29, 0x13, 0x19, 0x29, 0x13, 0x19, 0x29, 0x13, 0x19, 0x29, 
        0x13, 0x19, 0x29, 0x13, 0x19, 0x29, 0x13, 0x19, 0x29, 0x13, 0x19, 0x29, 0x13, 0x19, 0x29, 0x13, 0x19, 0x29, 0x13, 0x19, 0x29, 0x13, 0x19, 0x29, 0x13, 0x19, 0x29, 0x13, 0x19, 0x29, 0x13, 0x19, 0x29, 0x13, 0x19, 0x29, 0x13, 0x19, 0x29, 
        0x13, 0x19, 0x29, 0x13, 0x19, 0x29, 0x13, 0x19, 0x29, 0x13, 0x19, 0x29
};

GUI_CONST_STORAGE GUI_BITMAP bmTitleProtocol = {
  200, // xSize
  70, // ySize
  600, // BytesPerLine
  24, // BitsPerPixel
  (unsigned char *)_acTitleProtocol,  // Pointer to picture data
  NULL,  // Pointer to palette
  GUI_DRAW_BMP24
};

/*************************** End of file ****************************/
