/*********************************************************************
*                SEGGER Microcontroller GmbH & Co. KG                *
*        Solutions for real time microcontroller applications        *
*                           www.segger.com                           *
**********************************************************************
*                                                                    *
* C-file generated by                                                *
*                                                                    *
*        Bitmap Converter for emWin (Demo version) V5.48.            *
*        Compiled Jun 12 2018, 15:10:41                              *
*                                                                    *
*        (c) 1998 - 2018 Segger Microcontroller GmbH                 *
*                                                                    *
*        May not be used in a product                                *
*                                                                    *
**********************************************************************
*                                                                    *
* Source file: TitleHelp                                             *
* Dimensions:  200 * 70                                              *
* NumColors:   24bpp: 16777216                                       *
*                                                                    *
**********************************************************************
*/

#include <stdlib.h>

#include "GUI.h"

#ifndef GUI_CONST_STORAGE
  #define GUI_CONST_STORAGE const
#endif

extern GUI_CONST_STORAGE GUI_BITMAP bmTitleHelp;

static GUI_CONST_STORAGE unsigned char _acTitleHelp[] = {
  0x13, 0x19, 0x29, 0x13, 0x19, 0x29, 0x13, 0x19, 0x29, 0x13, 0x19, 0x29, 0x13, 0x19, 0x29, 0x13, 0x19, 0x29, 0x13, 0x19, 0x29, 0x13, 0x19, 0x29, 0x13, 0x19, 0x29, 0x13, 0x19, 0x29, 0x13, 0x19, 0x29, 0x13, 0x19, 0x29, 0x13, 0x19, 0x29, 0x13, 0x19, 0x29, 
        0x13, 0x19, 0x29, 0x13, 0x19, 0x29, 0x13, 0x19, 0x29, 0x13, 0x19, 0x29, 0x13, 0x19, 0x29, 0x13, 0x19, 0x29, 0x13, 0x19, 0x29, 0x13, 0x19, 0x29, 0x13, 0x19, 0x29, 0x13, 0x19, 0x29, 0x13, 0x19, 0x29, 0x13, 0x19, 0x29, 0x13, 0x19, 0x29, 
        0x13, 0x19, 0x29, 0x13, 0x19, 0x29, 0x13, 0x19, 0x29, 0x13, 0x19, 0x29, 0x13, 0x19, 0x29, 0x13, 0x19, 0x29, 0x13, 0x19, 0x29, 0x13, 0x19, 0x29, 0x13, 0x19, 0x29, 0x13, 0x19, 0x29, 0x13, 0x19, 0x29, 0x13, 0x19, 0x29, 0x13, 0x19, 0x29, 
        0x13, 0x19, 0x29, 0x13, 0x19, 0x29, 0x13, 0x19, 0x29, 0x13, 0x19, 0x29, 0x13, 0x19, 0x29, 0x13, 0x19, 0x29, 0x13, 0x19, 0x29, 0x13, 0x19, 0x29, 0x13, 0x19, 0x29, 0x13, 0x19, 0x29, 0x13, 0x19, 0x29, 0x13, 0x19, 0x29, 0x13, 0x19, 0x29, 
        0x13, 0x19, 0x29, 0x13, 0x19, 0x29, 0x13, 0x19, 0x29, 0x13, 0x19, 0x29, 0x13, 0x19, 0x29, 0x13, 0x19, 0x29, 0x13, 0x19, 0x29, 0x13, 0x19, 0x29, 0x13, 0x19, 0x29, 0x13, 0x19, 0x29, 0x13, 0x19, 0x29, 0x13, 0x19, 0x29, 0x13, 0x19, 0x29, 
        0x13, 0x19, 0x29, 0x13, 0x19, 0x29, 0x13, 0x19, 0x29, 0x13, 0x19, 0x29, 0x13, 0x19, 0x29, 0x13, 0x19, 0x29, 0x13, 0x19, 0x29, 0x13, 0x19, 0x29, 0x13, 0x19, 0x29, 0x13, 0x19, 0x29, 0x13, 0x19, 0x29, 0x13, 0x19, 0x29, 0x13, 0x19, 0x29, 
        0x13, 0x19, 0x29, 0x13, 0x19, 0x29, 0x13, 0x19, 0x29, 0x13, 0x19, 0x29, 0x13, 0x19, 0x29, 0x13, 0x19, 0x29, 0x13, 0x19, 0x29, 0x13, 0x19, 0x29, 0x13, 0x19, 0x29, 0x13, 0x19, 0x29, 0x13, 0x19, 0x29, 0x13, 0x19, 0x29, 0x13, 0x19, 0x29, 
        0x13, 0x19, 0x29, 0x13, 0x19, 0x29, 0x13, 0x19, 0x29, 0x13, 0x19, 0x29, 0x13, 0x19, 0x29, 0x13, 0x19, 0x29, 0x13, 0x19, 0x29, 0x13, 0x19, 0x29, 0x13, 0x19, 0x29, 0x13, 0x19, 0x29, 0x13, 0x19, 0x29, 0x13, 0x19, 0x29, 0x13, 0x19, 0x29, 
        0x13, 0x19, 0x29, 0x13, 0x19, 0x29, 0x13, 0x19, 0x29, 0x13, 0x19, 0x29, 0x13, 0x19, 0x29, 0x13, 0x19, 0x29, 0x13, 0x19, 0x29, 0x13, 0x19, 0x29, 0x13, 0x19, 0x29, 0x13, 0x19, 0x29, 0x13, 0x19, 0x29, 0x13, 0x19, 0x29, 0x13, 0x19, 0x29, 
        0x13, 0x19, 0x29, 0x13, 0x19, 0x29, 0x13, 0x19, 0x29, 0x13, 0x19, 0x29, 0x13, 0x19, 0x29, 0x13, 0x19, 0x29, 0x13, 0x19, 0x29, 0x13, 0x19, 0x29, 0x13, 0x19, 0x29, 0x13, 0x19, 0x29, 0x13, 0x19, 0x29, 0x13, 0x19, 0x29, 0x13, 0x19, 0x29, 
        0x13, 0x19, 0x29, 0x13, 0x19, 0x29, 0x13, 0x19, 0x29, 0x13, 0x19, 0x29, 0x13, 0x19, 0x29, 0x13, 0x19, 0x29, 0x13, 0x19, 0x29, 0x13, 0x19, 0x29, 0x13, 0x19, 0x29, 0x13, 0x19, 0x29, 0x13, 0x19, 0x29, 0x13, 0x19, 0x29, 0x13, 0x19, 0x29, 
        0x13, 0x19, 0x29, 0x13, 0x19, 0x29, 0x13, 0x19, 0x29, 0x13, 0x19, 0x29, 0x13, 0x19, 0x29, 0x13, 0x19, 0x29, 0x13, 0x19, 0x29, 0x13, 0x19, 0x29, 0x13, 0x19, 0x29, 0x13, 0x19, 0x29, 0x13, 0x19, 0x29, 0x13, 0x19, 0x29, 0x13, 0x19, 0x29, 
        0x13, 0x19, 0x29, 0x13, 0x19, 0x29, 0x13, 0x19, 0x29, 0x13, 0x19, 0x29, 0x13, 0x19, 0x29, 0x13, 0x19, 0x29, 0x13, 0x19, 0x29, 0x13, 0x19, 0x29, 0x13, 0x19, 0x29, 0x13, 0x19, 0x29, 0x13, 0x19, 0x29, 0x13, 0x19, 0x29, 0x13, 0x19, 0x29, 
        0x13, 0x19, 0x29, 0x13, 0x19, 0x29, 0x13, 0x19, 0x29, 0x13, 0x19, 0x29, 0x13, 0x19, 0x29, 0x13, 0x19, 0x29, 0x13, 0x19, 0x29, 0x13, 0x19, 0x29, 0x13, 0x19, 0x29, 0x13, 0x19, 0x29, 0x13, 0x19, 0x29, 0x13, 0x19, 0x29, 0x13, 0x19, 0x29, 
        0x13, 0x19, 0x29, 0x13, 0x19, 0x29, 0x13, 0x19, 0x29, 0x13, 0x19, 0x29, 0x13, 0x19, 0x29, 0x13, 0x19, 0x29, 0x13, 0x19, 0x29, 0x13, 0x19, 0x29, 0x13, 0x19, 0x29, 0x13, 0x19, 0x29, 0x13, 0x19, 0x29, 0x13, 0x19, 0x29, 0x13, 0x19, 0x29, 
        0x13, 0x19, 0x29, 0x13, 0x19, 0x29, 0x13, 0x19, 0x29, 0x13, 0x19, 0x29,
  0x13, 0x19, 0x29, 0x13, 0x19, 0x29, 0x13, 0x19, 0x29, 0x13, 0x19, 0x29, 0x13, 0x19, 0x29, 0x13, 0x19, 0x29, 0x13, 0x19, 0x29, 0x13, 0x19, 0x29, 0x13, 0x19, 0x29, 0x13, 0x19, 0x29, 0x13, 0x19, 0x29, 0x13, 0x19, 0x29, 0x13, 0x19, 0x29, 0x13, 0x19, 0x29, 
        0x13, 0x19, 0x29, 0x13, 0x19, 0x29, 0x13, 0x19, 0x29, 0x13, 0x19, 0x29, 0x13, 0x19, 0x29, 0x13, 0x19, 0x29, 0x13, 0x19, 0x29, 0x13, 0x19, 0x29, 0x13, 0x19, 0x29, 0x13, 0x19, 0x29, 0x13, 0x19, 0x29, 0x13, 0x19, 0x29, 0x13, 0x19, 0x29, 
        0x13, 0x19, 0x29, 0x13, 0x19, 0x29, 0x13, 0x19, 0x29, 0x13, 0x19, 0x29, 0x13, 0x19, 0x29, 0x13, 0x19, 0x29, 0x13, 0x19, 0x29, 0x13, 0x19, 0x29, 0x13, 0x19, 0x29, 0x13, 0x19, 0x29, 0x13, 0x19, 0x29, 0x13, 0x19, 0x29, 0x13, 0x19, 0x29, 
        0x13, 0x19, 0x29, 0x13, 0x19, 0x29, 0x13, 0x19, 0x29, 0x13, 0x19, 0x29, 0x13, 0x19, 0x29, 0x13, 0x19, 0x29, 0x13, 0x19, 0x29, 0x13, 0x19, 0x29, 0x13, 0x19, 0x29, 0x13, 0x19, 0x29, 0x13, 0x19, 0x29, 0x13, 0x19, 0x29, 0x13, 0x19, 0x29, 
        0x13, 0x19, 0x29, 0x13, 0x19, 0x29, 0x13, 0x19, 0x29, 0x13, 0x19, 0x29, 0x13, 0x19, 0x29, 0x13, 0x19, 0x29, 0x13, 0x19, 0x29, 0x13, 0x19, 0x29, 0x13, 0x19, 0x29, 0x13, 0x19, 0x29, 0x13, 0x19, 0x29, 0x13, 0x19, 0x29, 0x13, 0x19, 0x29, 
        0x13, 0x19, 0x29, 0x13, 0x19, 0x29, 0x13, 0x19, 0x29, 0x13, 0x19, 0x29, 0x13, 0x19, 0x29, 0x13, 0x19, 0x29, 0x13, 0x19, 0x29, 0x13, 0x19, 0x29, 0x13, 0x19, 0x29, 0x13, 0x19, 0x29, 0x13, 0x19, 0x29, 0x13, 0x19, 0x29, 0x13, 0x19, 0x29, 
        0x13, 0x19, 0x29, 0x13, 0x19, 0x29, 0x13, 0x19, 0x29, 0x13, 0x19, 0x29, 0x13, 0x19, 0x29, 0x13, 0x19, 0x29, 0x13, 0x19, 0x29, 0x13, 0x19, 0x29, 0x13, 0x19, 0x29, 0x13, 0x19, 0x29, 0x13, 0x19, 0x29, 0x13, 0x19, 0x29, 0x13, 0x19, 0x29, 
        0x13, 0x19, 0x29, 0x13, 0x19, 0x29, 0x13, 0x19, 0x29, 0x13, 0x19, 0x29, 0x13, 0x19, 0x29, 0x13, 0x19, 0x29, 0x13, 0x19, 0x29, 0x13, 0x19, 0x29, 0x13, 0x19, 0x29, 0x13, 0x19, 0x29, 0x13, 0x19, 0x29, 0x13, 0x19, 0x29, 0x13, 0x19, 0x29, 
        0x13, 0x19, 0x29, 0x13, 0x19, 0x29, 0x13, 0x19, 0x29, 0x13, 0x19, 0x29, 0x13, 0x19, 0x29, 0x13, 0x19, 0x29, 0x13, 0x19, 0x29, 0x13, 0x19, 0x29, 0x13, 0x19, 0x29, 0x13, 0x19, 0x29, 0x13, 0x19, 0x29, 0x13, 0x19, 0x29, 0x13, 0x19, 0x29, 
        0x13, 0x19, 0x29, 0x13, 0x19, 0x29, 0x13, 0x19, 0x29, 0x13, 0x19, 0x29, 0x13, 0x19, 0x29, 0x13, 0x19, 0x29, 0x13, 0x19, 0x29, 0x13, 0x19, 0x29, 0x13, 0x19, 0x29, 0x13, 0x19, 0x29, 0x13, 0x19, 0x29, 0x13, 0x19, 0x29, 0x13, 0x19, 0x29, 
        0x13, 0x19, 0x29, 0x13, 0x19, 0x29, 0x13, 0x19, 0x29, 0x13, 0x19, 0x29, 0x13, 0x19, 0x29, 0x13, 0x19, 0x29, 0x13, 0x19, 0x29, 0x13, 0x19, 0x29, 0x13, 0x19, 0x29, 0x13, 0x19, 0x29, 0x13, 0x19, 0x29, 0x13, 0x19, 0x29, 0x13, 0x19, 0x29, 
        0x13, 0x19, 0x29, 0x13, 0x19, 0x29, 0x13, 0x19, 0x29, 0x13, 0x19, 0x29, 0x13, 0x19, 0x29, 0x13, 0x19, 0x29, 0x13, 0x19, 0x29, 0x13, 0x19, 0x29, 0x13, 0x19, 0x29, 0x13, 0x19, 0x29, 0x13, 0x19, 0x29, 0x13, 0x19, 0x29, 0x13, 0x19, 0x29, 
        0x13, 0x19, 0x29, 0x13, 0x19, 0x29, 0x13, 0x19, 0x29, 0x13, 0x19, 0x29, 0x13, 0x19, 0x29, 0x13, 0x19, 0x29, 0x13, 0x19, 0x29, 0x13, 0x19, 0x29, 0x13, 0x19, 0x29, 0x13, 0x19, 0x29, 0x13, 0x19, 0x29, 0x13, 0x19, 0x29, 0x13, 0x19, 0x29, 
        0x13, 0x19, 0x29, 0x13, 0x19, 0x29, 0x13, 0x19, 0x29, 0x13, 0x19, 0x29, 0x13, 0x19, 0x29, 0x13, 0x19, 0x29, 0x13, 0x19, 0x29, 0x13, 0x19, 0x29, 0x13, 0x19, 0x29, 0x13, 0x19, 0x29, 0x13, 0x19, 0x29, 0x13, 0x19, 0x29, 0x13, 0x19, 0x29, 
        0x13, 0x19, 0x29, 0x13, 0x19, 0x29, 0x13, 0x19, 0x29, 0x13, 0x19, 0x29, 0x13, 0x19, 0x29, 0x13, 0x19, 0x29, 0x13, 0x19, 0x29, 0x13, 0x19, 0x29, 0x13, 0x19, 0x29, 0x13, 0x19, 0x29, 0x13, 0x19, 0x29, 0x13, 0x19, 0x29, 0x13, 0x19, 0x29, 
        0x13, 0x19, 0x29, 0x13, 0x19, 0x29, 0x13, 0x19, 0x29, 0x13, 0x19, 0x29,
  0x13, 0x19, 0x29, 0x13, 0x19, 0x29, 0x13, 0x19, 0x29, 0x13, 0x19, 0x29, 0x13, 0x19, 0x29, 0x13, 0x19, 0x29, 0x13, 0x19, 0x29, 0x13, 0x19, 0x29, 0x13, 0x19, 0x29, 0x13, 0x19, 0x29, 0x13, 0x19, 0x29, 0x13, 0x19, 0x29, 0x13, 0x19, 0x29, 0x13, 0x19, 0x29, 
        0x13, 0x19, 0x29, 0x13, 0x19, 0x29, 0x13, 0x19, 0x29, 0x13, 0x19, 0x29, 0x13, 0x19, 0x29, 0x13, 0x19, 0x29, 0x13, 0x19, 0x29, 0x13, 0x19, 0x29, 0x13, 0x19, 0x29, 0x13, 0x19, 0x29, 0x13, 0x19, 0x29, 0x13, 0x19, 0x29, 0x13, 0x19, 0x29, 
        0x13, 0x19, 0x29, 0x13, 0x19, 0x29, 0x13, 0x19, 0x29, 0x13, 0x19, 0x29, 0x13, 0x19, 0x29, 0x13, 0x19, 0x29, 0x13, 0x19, 0x29, 0x13, 0x19, 0x29, 0x13, 0x19, 0x29, 0x13, 0x19, 0x29, 0x13, 0x19, 0x29, 0x13, 0x19, 0x29, 0x13, 0x19, 0x29, 
        0x13, 0x19, 0x29, 0x13, 0x19, 0x29, 0x13, 0x19, 0x29, 0x13, 0x19, 0x29, 0x13, 0x19, 0x29, 0x13, 0x19, 0x29, 0x13, 0x19, 0x29, 0x13, 0x19, 0x29, 0x13, 0x19, 0x29, 0x13, 0x19, 0x29, 0x13, 0x19, 0x29, 0x13, 0x19, 0x29, 0x13, 0x19, 0x29, 
        0x13, 0x19, 0x29, 0x13, 0x19, 0x29, 0x13, 0x19, 0x29, 0x13, 0x19, 0x29, 0x13, 0x19, 0x29, 0x13, 0x19, 0x29, 0x13, 0x19, 0x29, 0x13, 0x19, 0x29, 0x13, 0x19, 0x29, 0x13, 0x19, 0x29, 0x13, 0x19, 0x29, 0x13, 0x19, 0x29, 0x13, 0x19, 0x29, 
        0x13, 0x19, 0x29, 0x13, 0x19, 0x29, 0x13, 0x19, 0x29, 0x13, 0x19, 0x29, 0x13, 0x19, 0x29, 0x13, 0x19, 0x29, 0x13, 0x19, 0x29, 0x13, 0x19, 0x29, 0x13, 0x19, 0x29, 0x13, 0x19, 0x29, 0x13, 0x19, 0x29, 0x13, 0x19, 0x29, 0x13, 0x19, 0x29, 
        0x13, 0x19, 0x29, 0x13, 0x19, 0x29, 0x13, 0x19, 0x29, 0x13, 0x19, 0x29, 0x13, 0x19, 0x29, 0x13, 0x19, 0x29, 0x13, 0x19, 0x29, 0x13, 0x19, 0x29, 0x13, 0x19, 0x29, 0x13, 0x19, 0x29, 0x13, 0x19, 0x29, 0x13, 0x19, 0x29, 0x13, 0x19, 0x29, 
        0x13, 0x19, 0x29, 0x13, 0x19, 0x29, 0x13, 0x19, 0x29, 0x13, 0x19, 0x29, 0x13, 0x19, 0x29, 0x13, 0x19, 0x29, 0x13, 0x19, 0x29, 0x13, 0x19, 0x29, 0x13, 0x19, 0x29, 0x13, 0x19, 0x29, 0x13, 0x19, 0x29, 0x13, 0x19, 0x29, 0x13, 0x19, 0x29, 
        0x13, 0x19, 0x29, 0x13, 0x19, 0x29, 0x13, 0x19, 0x29, 0x13, 0x19, 0x29, 0x13, 0x19, 0x29, 0x13, 0x19, 0x29, 0x13, 0x19, 0x29, 0x13, 0x19, 0x29, 0x13, 0x19, 0x29, 0x13, 0x19, 0x29, 0x13, 0x19, 0x29, 0x13, 0x19, 0x29, 0x13, 0x19, 0x29, 
        0x13, 0x19, 0x29, 0x13, 0x19, 0x29, 0x13, 0x19, 0x29, 0x13, 0x19, 0x29, 0x13, 0x19, 0x29, 0x13, 0x19, 0x29, 0x13, 0x19, 0x29, 0x13, 0x19, 0x29, 0x13, 0x19, 0x29, 0x13, 0x19, 0x29, 0x13, 0x19, 0x29, 0x13, 0x19, 0x29, 0x13, 0x19, 0x29, 
        0x13, 0x19, 0x29, 0x13, 0x19, 0x29, 0x13, 0x19, 0x29, 0x13, 0x19, 0x29, 0x13, 0x19, 0x29, 0x13, 0x19, 0x29, 0x13, 0x19, 0x29, 0x13, 0x19, 0x29, 0x13, 0x19, 0x29, 0x13, 0x19, 0x29, 0x13, 0x19, 0x29, 0x13, 0x19, 0x29, 0x13, 0x19, 0x29, 
        0x13, 0x19, 0x29, 0x13, 0x19, 0x29, 0x13, 0x19, 0x29, 0x13, 0x19, 0x29, 0x13, 0x19, 0x29, 0x13, 0x19, 0x29, 0x13, 0x19, 0x29, 0x13, 0x19, 0x29, 0x13, 0x19, 0x29, 0x13, 0x19, 0x29, 0x13, 0x19, 0x29, 0x13, 0x19, 0x29, 0x13, 0x19, 0x29, 
        0x13, 0x19, 0x29, 0x13, 0x19, 0x29, 0x13, 0x19, 0x29, 0x13, 0x19, 0x29, 0x13, 0x19, 0x29, 0x13, 0x19, 0x29, 0x13, 0x19, 0x29, 0x13, 0x19, 0x29, 0x13, 0x19, 0x29, 0x13, 0x19, 0x29, 0x13, 0x19, 0x29, 0x13, 0x19, 0x29, 0x13, 0x19, 0x29, 
        0x13, 0x19, 0x29, 0x13, 0x19, 0x29, 0x13, 0x19, 0x29, 0x13, 0x19, 0x29, 0x13, 0x19, 0x29, 0x13, 0x19, 0x29, 0x13, 0x19, 0x29, 0x13, 0x19, 0x29, 0x13, 0x19, 0x29, 0x13, 0x19, 0x29, 0x13, 0x19, 0x29, 0x13, 0x19, 0x29, 0x13, 0x19, 0x29, 
        0x13, 0x19, 0x29, 0x13, 0x19, 0x29, 0x13, 0x19, 0x29, 0x13, 0x19, 0x29, 0x13, 0x19, 0x29, 0x13, 0x19, 0x29, 0x13, 0x19, 0x29, 0x13, 0x19, 0x29, 0x13, 0x19, 0x29, 0x13, 0x19, 0x29, 0x13, 0x19, 0x29, 0x13, 0x19, 0x29, 0x13, 0x19, 0x29, 
        0x13, 0x19, 0x29, 0x13, 0x19, 0x29, 0x13, 0x19, 0x29, 0x13, 0x19, 0x29,
  0x13, 0x19, 0x29, 0x13, 0x19, 0x29, 0x13, 0x19, 0x29, 0x13, 0x19, 0x29, 0x13, 0x19, 0x29, 0x13, 0x19, 0x29, 0x13, 0x19, 0x29, 0x13, 0x19, 0x29, 0x13, 0x19, 0x29, 0x13, 0x19, 0x29, 0x13, 0x19, 0x29, 0x13, 0x19, 0x29, 0x13, 0x19, 0x29, 0x13, 0x19, 0x29, 
        0x13, 0x19, 0x29, 0x13, 0x19, 0x29, 0x13, 0x19, 0x29, 0x13, 0x19, 0x29, 0x13, 0x19, 0x29, 0x13, 0x19, 0x29, 0x13, 0x19, 0x29, 0x13, 0x19, 0x29, 0x13, 0x19, 0x29, 0x13, 0x19, 0x29, 0x13, 0x19, 0x29, 0x13, 0x19, 0x29, 0x13, 0x19, 0x29, 
        0x13, 0x19, 0x29, 0x13, 0x19, 0x29, 0x13, 0x19, 0x29, 0x13, 0x19, 0x29, 0x13, 0x19, 0x29, 0x13, 0x19, 0x29, 0x13, 0x19, 0x29, 0x13, 0x19, 0x29, 0x13, 0x19, 0x29, 0x13, 0x19, 0x29, 0x13, 0x19, 0x29, 0x13, 0x19, 0x29, 0x13, 0x19, 0x29, 
        0x13, 0x19, 0x29, 0x13, 0x19, 0x29, 0x13, 0x19, 0x29, 0x13, 0x19, 0x29, 0x13, 0x19, 0x29, 0x13, 0x19, 0x29, 0x13, 0x19, 0x29, 0x13, 0x19, 0x29, 0x13, 0x19, 0x29, 0x13, 0x19, 0x29, 0x13, 0x19, 0x29, 0x13, 0x19, 0x29, 0x13, 0x19, 0x29, 
        0x13, 0x19, 0x29, 0x13, 0x19, 0x29, 0x13, 0x19, 0x29, 0x13, 0x19, 0x29, 0x13, 0x19, 0x29, 0x13, 0x19, 0x29, 0x13, 0x19, 0x29, 0x13, 0x19, 0x29, 0x13, 0x19, 0x29, 0x13, 0x19, 0x29, 0x13, 0x19, 0x29, 0x13, 0x19, 0x29, 0x13, 0x19, 0x29, 
        0x13, 0x19, 0x29, 0x13, 0x19, 0x29, 0x13, 0x19, 0x29, 0x13, 0x19, 0x29, 0x13, 0x19, 0x29, 0x13, 0x19, 0x29, 0x13, 0x19, 0x29, 0x13, 0x19, 0x29, 0x13, 0x19, 0x29, 0x13, 0x19, 0x29, 0x13, 0x19, 0x29, 0x13, 0x19, 0x29, 0x13, 0x19, 0x29, 
        0x13, 0x19, 0x29, 0x13, 0x19, 0x29, 0x13, 0x19, 0x29, 0x13, 0x19, 0x29, 0x13, 0x19, 0x29, 0x13, 0x19, 0x29, 0x13, 0x19, 0x29, 0x13, 0x19, 0x29, 0x13, 0x19, 0x29, 0x13, 0x19, 0x29, 0x13, 0x19, 0x29, 0x13, 0x19, 0x29, 0x13, 0x19, 0x29, 
        0x13, 0x19, 0x29, 0x13, 0x19, 0x29, 0x13, 0x19, 0x29, 0x13, 0x19, 0x29, 0x13, 0x19, 0x29, 0x13, 0x19, 0x29, 0x13, 0x19, 0x29, 0x13, 0x19, 0x29, 0x13, 0x19, 0x29, 0x13, 0x19, 0x29, 0x13, 0x19, 0x29, 0x13, 0x19, 0x29, 0x13, 0x19, 0x29, 
        0x13, 0x19, 0x29, 0x13, 0x19, 0x29, 0x13, 0x19, 0x29, 0x13, 0x19, 0x29, 0x13, 0x19, 0x29, 0x13, 0x19, 0x29, 0x13, 0x19, 0x29, 0x13, 0x19, 0x29, 0x13, 0x19, 0x29, 0x13, 0x19, 0x29, 0x13, 0x19, 0x29, 0x13, 0x19, 0x29, 0x13, 0x19, 0x29, 
        0x13, 0x19, 0x29, 0x13, 0x19, 0x29, 0x13, 0x19, 0x29, 0x13, 0x19, 0x29, 0x13, 0x19, 0x29, 0x13, 0x19, 0x29, 0x13, 0x19, 0x29, 0x13, 0x19, 0x29, 0x13, 0x19, 0x29, 0x13, 0x19, 0x29, 0x13, 0x19, 0x29, 0x13, 0x19, 0x29, 0x13, 0x19, 0x29, 
        0x13, 0x19, 0x29, 0x13, 0x19, 0x29, 0x13, 0x19, 0x29, 0x13, 0x19, 0x29, 0x13, 0x19, 0x29, 0x13, 0x19, 0x29, 0x13, 0x19, 0x29, 0x13, 0x19, 0x29, 0x13, 0x19, 0x29, 0x13, 0x19, 0x29, 0x13, 0x19, 0x29, 0x13, 0x19, 0x29, 0x13, 0x19, 0x29, 
        0x13, 0x19, 0x29, 0x13, 0x19, 0x29, 0x13, 0x19, 0x29, 0x13, 0x19, 0x29, 0x13, 0x19, 0x29, 0x13, 0x19, 0x29, 0x13, 0x19, 0x29, 0x13, 0x19, 0x29, 0x13, 0x19, 0x29, 0x13, 0x19, 0x29, 0x13, 0x19, 0x29, 0x13, 0x19, 0x29, 0x13, 0x19, 0x29, 
        0x13, 0x19, 0x29, 0x13, 0x19, 0x29, 0x13, 0x19, 0x29, 0x13, 0x19, 0x29, 0x13, 0x19, 0x29, 0x13, 0x19, 0x29, 0x13, 0x19, 0x29, 0x13, 0x19, 0x29, 0x13, 0x19, 0x29, 0x13, 0x19, 0x29, 0x13, 0x19, 0x29, 0x13, 0x19, 0x29, 0x13, 0x19, 0x29, 
        0x13, 0x19, 0x29, 0x13, 0x19, 0x29, 0x13, 0x19, 0x29, 0x13, 0x19, 0x29, 0x13, 0x19, 0x29, 0x13, 0x19, 0x29, 0x13, 0x19, 0x29, 0x13, 0x19, 0x29, 0x13, 0x19, 0x29, 0x13, 0x19, 0x29, 0x13, 0x19, 0x29, 0x13, 0x19, 0x29, 0x13, 0x19, 0x29, 
        0x13, 0x19, 0x29, 0x13, 0x19, 0x29, 0x13, 0x19, 0x29, 0x13, 0x19, 0x29, 0x13, 0x19, 0x29, 0x13, 0x19, 0x29, 0x13, 0x19, 0x29, 0x13, 0x19, 0x29, 0x13, 0x19, 0x29, 0x13, 0x19, 0x29, 0x13, 0x19, 0x29, 0x13, 0x19, 0x29, 0x13, 0x19, 0x29, 
        0x13, 0x19, 0x29, 0x13, 0x19, 0x29, 0x13, 0x19, 0x29, 0x13, 0x19, 0x29,
  0x13, 0x19, 0x29, 0x13, 0x19, 0x29, 0x13, 0x19, 0x29, 0x13, 0x19, 0x29, 0x13, 0x19, 0x29, 0x13, 0x19, 0x29, 0x13, 0x19, 0x29, 0x13, 0x19, 0x29, 0x13, 0x19, 0x29, 0x13, 0x19, 0x29, 0x13, 0x19, 0x29, 0x13, 0x19, 0x29, 0x13, 0x19, 0x29, 0x13, 0x19, 0x29, 
        0x13, 0x19, 0x29, 0x13, 0x19, 0x29, 0x13, 0x19, 0x29, 0x13, 0x19, 0x29, 0x13, 0x19, 0x29, 0x13, 0x19, 0x29, 0x13, 0x19, 0x29, 0x13, 0x19, 0x29, 0x13, 0x19, 0x29, 0x13, 0x19, 0x29, 0x13, 0x19, 0x29, 0x13, 0x19, 0x29, 0x13, 0x19, 0x29, 
        0x13, 0x19, 0x29, 0x13, 0x19, 0x29, 0x13, 0x19, 0x29, 0x13, 0x19, 0x29, 0x13, 0x19, 0x29, 0x13, 0x19, 0x29, 0x13, 0x19, 0x29, 0x13, 0x19, 0x29, 0x13, 0x19, 0x29, 0x13, 0x19, 0x29, 0x13, 0x19, 0x29, 0x13, 0x19, 0x29, 0x13, 0x19, 0x29, 
        0x13, 0x19, 0x29, 0x13, 0x19, 0x29, 0x13, 0x19, 0x29, 0x13, 0x19, 0x29, 0x13, 0x19, 0x29, 0x13, 0x19, 0x29, 0x13, 0x19, 0x29, 0x13, 0x19, 0x29, 0x13, 0x19, 0x29, 0x13, 0x19, 0x29, 0x13, 0x19, 0x29, 0x13, 0x19, 0x29, 0x13, 0x19, 0x29, 
        0x13, 0x19, 0x29, 0x13, 0x19, 0x29, 0x13, 0x19, 0x29, 0x13, 0x19, 0x29, 0x13, 0x19, 0x29, 0x13, 0x19, 0x29, 0x13, 0x19, 0x29, 0x13, 0x19, 0x29, 0x13, 0x19, 0x29, 0x13, 0x19, 0x29, 0x13, 0x19, 0x29, 0x13, 0x19, 0x29, 0x13, 0x19, 0x29, 
        0x13, 0x19, 0x29, 0x13, 0x19, 0x29, 0x13, 0x19, 0x29, 0x13, 0x19, 0x29, 0x13, 0x19, 0x29, 0x13, 0x19, 0x29, 0x13, 0x19, 0x29, 0x13, 0x19, 0x29, 0x13, 0x19, 0x29, 0x13, 0x19, 0x29, 0x13, 0x19, 0x29, 0x13, 0x19, 0x29, 0x13, 0x19, 0x29, 
        0x13, 0x19, 0x29, 0x13, 0x19, 0x29, 0x13, 0x19, 0x29, 0x13, 0x19, 0x29, 0x13, 0x19, 0x29, 0x13, 0x19, 0x29, 0x13, 0x19, 0x29, 0x13, 0x19, 0x29, 0x13, 0x19, 0x29, 0x13, 0x19, 0x29, 0x13, 0x19, 0x29, 0x13, 0x19, 0x29, 0x13, 0x19, 0x29, 
        0x13, 0x19, 0x29, 0x13, 0x19, 0x29, 0x13, 0x19, 0x29, 0x13, 0x19, 0x29, 0x1E, 0x23, 0x33, 0x41, 0x46, 0x53, 0x57, 0x5C, 0x67, 0x62, 0x66, 0x71, 0x62, 0x66, 0x71, 0x57, 0x5C, 0x67, 0x41, 0x46, 0x53, 0x1E, 0x23, 0x33, 0x13, 0x19, 0x29, 
        0x13, 0x19, 0x29, 0x13, 0x19, 0x29, 0x13, 0x19, 0x29, 0x13, 0x19, 0x29, 0x13, 0x19, 0x29, 0x13, 0x19, 0x29, 0x13, 0x19, 0x29, 0x13, 0x19, 0x29, 0x13, 0x19, 0x29, 0x13, 0x19, 0x29, 0x13, 0x19, 0x29, 0x13, 0x19, 0x29, 0x13, 0x19, 0x29, 
        0x13, 0x19, 0x29, 0x13, 0x19, 0x29, 0x13, 0x19, 0x29, 0x13, 0x19, 0x29, 0x13, 0x19, 0x29, 0x13, 0x19, 0x29, 0x13, 0x19, 0x29, 0x13, 0x19, 0x29, 0x13, 0x19, 0x29, 0x13, 0x19, 0x29, 0x13, 0x19, 0x29, 0x13, 0x19, 0x29, 0x13, 0x19, 0x29, 
        0x13, 0x19, 0x29, 0x13, 0x19, 0x29, 0x13, 0x19, 0x29, 0x13, 0x19, 0x29, 0x13, 0x19, 0x29, 0x13, 0x19, 0x29, 0x13, 0x19, 0x29, 0x13, 0x19, 0x29, 0x13, 0x19, 0x29, 0x13, 0x19, 0x29, 0x13, 0x19, 0x29, 0x13, 0x19, 0x29, 0x13, 0x19, 0x29, 
        0x13, 0x19, 0x29, 0x13, 0x19, 0x29, 0x13, 0x19, 0x29, 0x13, 0x19, 0x29, 0x13, 0x19, 0x29, 0x13, 0x19, 0x29, 0x13, 0x19, 0x29, 0x13, 0x19, 0x29, 0x13, 0x19, 0x29, 0x13, 0x19, 0x29, 0x13, 0x19, 0x29, 0x13, 0x19, 0x29, 0x13, 0x19, 0x29, 
        0x13, 0x19, 0x29, 0x13, 0x19, 0x29, 0x13, 0x19, 0x29, 0x13, 0x19, 0x29, 0x13, 0x19, 0x29, 0x13, 0x19, 0x29, 0x13, 0x19, 0x29, 0x13, 0x19, 0x29, 0x13, 0x19, 0x29, 0x13, 0x19, 0x29, 0x13, 0x19, 0x29, 0x13, 0x19, 0x29, 0x13, 0x19, 0x29, 
        0x13, 0x19, 0x29, 0x13, 0x19, 0x29, 0x13, 0x19, 0x29, 0x13, 0x19, 0x29, 0x13, 0x19, 0x29, 0x13, 0x19, 0x29, 0x13, 0x19, 0x29, 0x13, 0x19, 0x29, 0x13, 0x19, 0x29, 0x13, 0x19, 0x29, 0x13, 0x19, 0x29, 0x13, 0x19, 0x29, 0x13, 0x19, 0x29, 
        0x13, 0x19, 0x29, 0x13, 0x19, 0x29, 0x13, 0x19, 0x29, 0x13, 0x19, 0x29, 0x13, 0x19, 0x29, 0x13, 0x19, 0x29, 0x13, 0x19, 0x29, 0x13, 0x19, 0x29, 0x13, 0x19, 0x29, 0x13, 0x19, 0x29, 0x13, 0x19, 0x29, 0x13, 0x19, 0x29, 0x13, 0x19, 0x29, 
        0x13, 0x19, 0x29, 0x13, 0x19, 0x29, 0x13, 0x19, 0x29, 0x13, 0x19, 0x29,
  0x13, 0x19, 0x29, 0x13, 0x19, 0x29, 0x13, 0x19, 0x29, 0x13, 0x19, 0x29, 0x13, 0x19, 0x29, 0x13, 0x19, 0x29, 0x13, 0x19, 0x29, 0x13, 0x19, 0x29, 0x13, 0x19, 0x29, 0x13, 0x19, 0x29, 0x13, 0x19, 0x29, 0x13, 0x19, 0x29, 0x13, 0x19, 0x29, 0x13, 0x19, 0x29, 
        0x13, 0x19, 0x29, 0x13, 0x19, 0x29, 0x13, 0x19, 0x29, 0x13, 0x19, 0x29, 0x13, 0x19, 0x29, 0x13, 0x19, 0x29, 0x13, 0x19, 0x29, 0x13, 0x19, 0x29, 0x13, 0x19, 0x29, 0x13, 0x19, 0x29, 0x13, 0x19, 0x29, 0x13, 0x19, 0x29, 0x13, 0x19, 0x29, 
        0x13, 0x19, 0x29, 0x13, 0x19, 0x29, 0x13, 0x19, 0x29, 0x13, 0x19, 0x29, 0x13, 0x19, 0x29, 0x13, 0x19, 0x29, 0x13, 0x19, 0x29, 0x13, 0x19, 0x29, 0x13, 0x19, 0x29, 0x13, 0x19, 0x29, 0x13, 0x19, 0x29, 0x13, 0x19, 0x29, 0x13, 0x19, 0x29, 
        0x13, 0x19, 0x29, 0x13, 0x19, 0x29, 0x13, 0x19, 0x29, 0x13, 0x19, 0x29, 0x13, 0x19, 0x29, 0x13, 0x19, 0x29, 0x13, 0x19, 0x29, 0x13, 0x19, 0x29, 0x13, 0x19, 0x29, 0x13, 0x19, 0x29, 0x13, 0x19, 0x29, 0x13, 0x19, 0x29, 0x13, 0x19, 0x29, 
        0x13, 0x19, 0x29, 0x13, 0x19, 0x29, 0x13, 0x19, 0x29, 0x13, 0x19, 0x29, 0x13, 0x19, 0x29, 0x13, 0x19, 0x29, 0x13, 0x19, 0x29, 0x13, 0x19, 0x29, 0x13, 0x19, 0x29, 0x13, 0x19, 0x29, 0x13, 0x19, 0x29, 0x13, 0x19, 0x29, 0x13, 0x19, 0x29, 
        0x13, 0x19, 0x29, 0x13, 0x19, 0x29, 0x13, 0x19, 0x29, 0x13, 0x19, 0x29, 0x13, 0x19, 0x29, 0x13, 0x19, 0x29, 0x13, 0x19, 0x29, 0x13, 0x19, 0x29, 0x13, 0x19, 0x29, 0x13, 0x19, 0x29, 0x13, 0x19, 0x29, 0x13, 0x19, 0x29, 0x13, 0x19, 0x29, 
        0x13, 0x19, 0x29, 0x13, 0x19, 0x29, 0x13, 0x19, 0x29, 0x13, 0x19, 0x29, 0x13, 0x19, 0x29, 0x13, 0x19, 0x29, 0x13, 0x19, 0x29, 0x13, 0x19, 0x29, 0x13, 0x19, 0x29, 0x13, 0x19, 0x29, 0x13, 0x19, 0x29, 0x13, 0x19, 0x29, 0x13, 0x19, 0x29, 
        0x14, 0x1A, 0x2A, 0x4C, 0x51, 0x5D, 0x99, 0x9C, 0xA3, 0xD8, 0xD9, 0xDC, 0xFF, 0xFF, 0xFF, 0xFF, 0xFF, 0xFF, 0xFF, 0xFF, 0xFF, 0xFF, 0xFF, 0xFF, 0xFF, 0xFF, 0xFF, 0xFF, 0xFF, 0xFF, 0xFF, 0xFF, 0xFF, 0xFF, 0xFF, 0xFF, 0xD8, 0xD9, 0xDC, 
        0x99, 0x9C, 0xA3, 0x4C, 0x51, 0x5D, 0x14, 0x1A, 0x2A, 0x13, 0x19, 0x29, 0x13, 0x19, 0x29, 0x13, 0x19, 0x29, 0x13, 0x19, 0x29, 0x13, 0x19, 0x29, 0x13, 0x19, 0x29, 0x13, 0x19, 0x29, 0x13, 0x19, 0x29, 0x13, 0x19, 0x29, 0x13, 0x19, 0x29, 
        0x13, 0x19, 0x29, 0x13, 0x19, 0x29, 0x13, 0x19, 0x29, 0x13, 0x19, 0x29, 0x13, 0x19, 0x29, 0x13, 0x19, 0x29, 0x13, 0x19, 0x29, 0x13, 0x19, 0x29, 0x13, 0x19, 0x29, 0x13, 0x19, 0x29, 0x13, 0x19, 0x29, 0x13, 0x19, 0x29, 0x13, 0x19, 0x29, 
        0x13, 0x19, 0x29, 0x13, 0x19, 0x29, 0x13, 0x19, 0x29, 0x13, 0x19, 0x29, 0x13, 0x19, 0x29, 0x13, 0x19, 0x29, 0x13, 0x19, 0x29, 0x13, 0x19, 0x29, 0x13, 0x19, 0x29, 0x13, 0x19, 0x29, 0x13, 0x19, 0x29, 0x13, 0x19, 0x29, 0x13, 0x19, 0x29, 
        0x13, 0x19, 0x29, 0x13, 0x19, 0x29, 0x13, 0x19, 0x29, 0x13, 0x19, 0x29, 0x13, 0x19, 0x29, 0x13, 0x19, 0x29, 0x13, 0x19, 0x29, 0x13, 0x19, 0x29, 0x13, 0x19, 0x29, 0x13, 0x19, 0x29, 0x13, 0x19, 0x29, 0x13, 0x19, 0x29, 0x13, 0x19, 0x29, 
        0x13, 0x19, 0x29, 0x13, 0x19, 0x29, 0x13, 0x19, 0x29, 0x13, 0x19, 0x29, 0x13, 0x19, 0x29, 0x13, 0x19, 0x29, 0x13, 0x19, 0x29, 0x13, 0x19, 0x29, 0x13, 0x19, 0x29, 0x13, 0x19, 0x29, 0x13, 0x19, 0x29, 0x13, 0x19, 0x29, 0x13, 0x19, 0x29, 
        0x13, 0x19, 0x29, 0x13, 0x19, 0x29, 0x13, 0x19, 0x29, 0x13, 0x19, 0x29, 0x13, 0x19, 0x29, 0x13, 0x19, 0x29, 0x13, 0x19, 0x29, 0x13, 0x19, 0x29, 0x13, 0x19, 0x29, 0x13, 0x19, 0x29, 0x13, 0x19, 0x29, 0x13, 0x19, 0x29, 0x13, 0x19, 0x29, 
        0x13, 0x19, 0x29, 0x13, 0x19, 0x29, 0x13, 0x19, 0x29, 0x13, 0x19, 0x29, 0x13, 0x19, 0x29, 0x13, 0x19, 0x29, 0x13, 0x19, 0x29, 0x13, 0x19, 0x29, 0x13, 0x19, 0x29, 0x13, 0x19, 0x29, 0x13, 0x19, 0x29, 0x13, 0x19, 0x29, 0x13, 0x19, 0x29, 
        0x13, 0x19, 0x29, 0x13, 0x19, 0x29, 0x13, 0x19, 0x29, 0x13, 0x19, 0x29,
  0x13, 0x19, 0x29, 0x13, 0x19, 0x29, 0x13, 0x19, 0x29, 0x13, 0x19, 0x29, 0x13, 0x19, 0x29, 0x13, 0x19, 0x29, 0x13, 0x19, 0x29, 0x13, 0x19, 0x29, 0x13, 0x19, 0x29, 0x13, 0x19, 0x29, 0x13, 0x19, 0x29, 0x13, 0x19, 0x29, 0x13, 0x19, 0x29, 0x13, 0x19, 0x29, 
        0x13, 0x19, 0x29, 0x13, 0x19, 0x29, 0x13, 0x19, 0x29, 0x13, 0x19, 0x29, 0x13, 0x19, 0x29, 0x13, 0x19, 0x29, 0x13, 0x19, 0x29, 0x13, 0x19, 0x29, 0x13, 0x19, 0x29, 0x13, 0x19, 0x29, 0x13, 0x19, 0x29, 0x13, 0x19, 0x29, 0x13, 0x19, 0x29, 
        0x13, 0x19, 0x29, 0x13, 0x19, 0x29, 0x13, 0x19, 0x29, 0x13, 0x19, 0x29, 0x13, 0x19, 0x29, 0x13, 0x19, 0x29, 0x13, 0x19, 0x29, 0x13, 0x19, 0x29, 0x13, 0x19, 0x29, 0x13, 0x19, 0x29, 0x13, 0x19, 0x29, 0x13, 0x19, 0x29, 0x13, 0x19, 0x29, 
        0x13, 0x19, 0x29, 0x13, 0x19, 0x29, 0x13, 0x19, 0x29, 0x13, 0x19, 0x29, 0x13, 0x19, 0x29, 0x13, 0x19, 0x29, 0x13, 0x19, 0x29, 0x13, 0x19, 0x29, 0x13, 0x19, 0x29, 0x13, 0x19, 0x29, 0x13, 0x19, 0x29, 0x13, 0x19, 0x29, 0x13, 0x19, 0x29, 
        0x13, 0x19, 0x29, 0x13, 0x19, 0x29, 0x13, 0x19, 0x29, 0x13, 0x19, 0x29, 0x13, 0x19, 0x29, 0x13, 0x19, 0x29, 0x13, 0x19, 0x29, 0x13, 0x19, 0x29, 0x13, 0x19, 0x29, 0x13, 0x19, 0x29, 0x13, 0x19, 0x29, 0x13, 0x19, 0x29, 0x13, 0x19, 0x29, 
        0x13, 0x19, 0x29, 0x13, 0x19, 0x29, 0x13, 0x19, 0x29, 0x13, 0x19, 0x29, 0x13, 0x19, 0x29, 0x13, 0x19, 0x29, 0x13, 0x19, 0x29, 0x13, 0x19, 0x29, 0x13, 0x19, 0x29, 0x13, 0x19, 0x29, 0x13, 0x19, 0x29, 0x13, 0x19, 0x29, 0x13, 0x19, 0x29, 
        0x13, 0x19, 0x29, 0x13, 0x19, 0x29, 0x13, 0x19, 0x29, 0x13, 0x19, 0x29, 0x13, 0x19, 0x29, 0x13, 0x19, 0x29, 0x13, 0x19, 0x29, 0x13, 0x19, 0x29, 0x13, 0x19, 0x29, 0x13, 0x19, 0x29, 0x13, 0x19, 0x29, 0x1B, 0x21, 0x30, 0x79, 0x7C, 0x85, 
        0xE3, 0xE3, 0xE5, 0xFF, 0xFF, 0xFF, 0xFF, 0xFF, 0xFF, 0xFF, 0xFF, 0xFF, 0xFF, 0xFF, 0xFF, 0xF3, 0xF4, 0xF5, 0xD8, 0xD9, 0xDC, 0xCD, 0xCF, 0xD2, 0xCD, 0xCF, 0xD2, 0xD8, 0xD9, 0xDC, 0xF3, 0xF4, 0xF5, 0xFF, 0xFF, 0xFF, 0xFF, 0xFF, 0xFF, 
        0xFF, 0xFF, 0xFF, 0xFF, 0xFF, 0xFF, 0xE3, 0xE3, 0xE5, 0x79, 0x7C, 0x85, 0x1B, 0x21, 0x30, 0x13, 0x19, 0x29, 0x13, 0x19, 0x29, 0x13, 0x19, 0x29, 0x13, 0x19, 0x29, 0x13, 0x19, 0x29, 0x13, 0x19, 0x29, 0x13, 0x19, 0x29, 0x13, 0x19, 0x29, 
        0x13, 0x19, 0x29, 0x13, 0x19, 0x29, 0x13, 0x19, 0x29, 0x13, 0x19, 0x29, 0x13, 0x19, 0x29, 0x13, 0x19, 0x29, 0x13, 0x19, 0x29, 0x13, 0x19, 0x29, 0x13, 0x19, 0x29, 0x13, 0x19, 0x29, 0x13, 0x19, 0x29, 0x13, 0x19, 0x29, 0x13, 0x19, 0x29, 
        0x13, 0x19, 0x29, 0x13, 0x19, 0x29, 0x13, 0x19, 0x29, 0x13, 0x19, 0x29, 0x13, 0x19, 0x29, 0x13, 0x19, 0x29, 0x13, 0x19, 0x29, 0x13, 0x19, 0x29, 0x13, 0x19, 0x29, 0x13, 0x19, 0x29, 0x13, 0x19, 0x29, 0x13, 0x19, 0x29, 0x13, 0x19, 0x29, 
        0x13, 0x19, 0x29, 0x13, 0x19, 0x29, 0x13, 0x19, 0x29, 0x13, 0x19, 0x29, 0x13, 0x19, 0x29, 0x13, 0x19, 0x29, 0x13, 0x19, 0x29, 0x13, 0x19, 0x29, 0x13, 0x19, 0x29, 0x13, 0x19, 0x29, 0x13, 0x19, 0x29, 0x13, 0x19, 0x29, 0x13, 0x19, 0x29, 
        0x13, 0x19, 0x29, 0x13, 0x19, 0x29, 0x13, 0x19, 0x29, 0x13, 0x19, 0x29, 0x13, 0x19, 0x29, 0x13, 0x19, 0x29, 0x13, 0x19, 0x29, 0x13, 0x19, 0x29, 0x13, 0x19, 0x29, 0x13, 0x19, 0x29, 0x13, 0x19, 0x29, 0x13, 0x19, 0x29, 0x13, 0x19, 0x29, 
        0x13, 0x19, 0x29, 0x13, 0x19, 0x29, 0x13, 0x19, 0x29, 0x13, 0x19, 0x29, 0x13, 0x19, 0x29, 0x13, 0x19, 0x29, 0x13, 0x19, 0x29, 0x13, 0x19, 0x29, 0x13, 0x19, 0x29, 0x13, 0x19, 0x29, 0x13, 0x19, 0x29, 0x13, 0x19, 0x29, 0x13, 0x19, 0x29, 
        0x13, 0x19, 0x29, 0x13, 0x19, 0x29, 0x13, 0x19, 0x29, 0x13, 0x19, 0x29, 0x13, 0x19, 0x29, 0x13, 0x19, 0x29, 0x13, 0x19, 0x29, 0x13, 0x19, 0x29, 0x13, 0x19, 0x29, 0x13, 0x19, 0x29, 0x13, 0x19, 0x29, 0x13, 0x19, 0x29, 0x13, 0x19, 0x29, 
        0x13, 0x19, 0x29, 0x13, 0x19, 0x29, 0x13, 0x19, 0x29, 0x13, 0x19, 0x29,
  0x13, 0x19, 0x29, 0x13, 0x19, 0x29, 0x13, 0x19, 0x29, 0x13, 0x19, 0x29, 0x13, 0x19, 0x29, 0x13, 0x19, 0x29, 0x13, 0x19, 0x29, 0x13, 0x19, 0x29, 0x13, 0x19, 0x29, 0x13, 0x19, 0x29, 0x13, 0x19, 0x29, 0x13, 0x19, 0x29, 0x13, 0x19, 0x29, 0x13, 0x19, 0x29, 
        0x13, 0x19, 0x29, 0x13, 0x19, 0x29, 0x13, 0x19, 0x29, 0x13, 0x19, 0x29, 0x13, 0x19, 0x29, 0x13, 0x19, 0x29, 0x13, 0x19, 0x29, 0x13, 0x19, 0x29, 0x13, 0x19, 0x29, 0x13, 0x19, 0x29, 0x13, 0x19, 0x29, 0x13, 0x19, 0x29, 0x13, 0x19, 0x29, 
        0x13, 0x19, 0x29, 0x13, 0x19, 0x29, 0x13, 0x19, 0x29, 0x13, 0x19, 0x29, 0x13, 0x19, 0x29, 0x13, 0x19, 0x29, 0x13, 0x19, 0x29, 0x13, 0x19, 0x29, 0x13, 0x19, 0x29, 0x13, 0x19, 0x29, 0x13, 0x19, 0x29, 0x13, 0x19, 0x29, 0x13, 0x19, 0x29, 
        0x13, 0x19, 0x29, 0x13, 0x19, 0x29, 0x13, 0x19, 0x29, 0x13, 0x19, 0x29, 0x13, 0x19, 0x29, 0x13, 0x19, 0x29, 0x13, 0x19, 0x29, 0x13, 0x19, 0x29, 0x13, 0x19, 0x29, 0x13, 0x19, 0x29, 0x13, 0x19, 0x29, 0x13, 0x19, 0x29, 0x13, 0x19, 0x29, 
        0x13, 0x19, 0x29, 0x13, 0x19, 0x29, 0x13, 0x19, 0x29, 0x13, 0x19, 0x29, 0x13, 0x19, 0x29, 0x13, 0x19, 0x29, 0x13, 0x19, 0x29, 0x13, 0x19, 0x29, 0x13, 0x19, 0x29, 0x13, 0x19, 0x29, 0x13, 0x19, 0x29, 0x13, 0x19, 0x29, 0x13, 0x19, 0x29, 
        0x13, 0x19, 0x29, 0x13, 0x19, 0x29, 0x13, 0x19, 0x29, 0x13, 0x19, 0x29, 0x13, 0x19, 0x29, 0x13, 0x19, 0x29, 0x13, 0x19, 0x29, 0x13, 0x19, 0x29, 0x13, 0x19, 0x29, 0x13, 0x19, 0x29, 0x13, 0x19, 0x29, 0x13, 0x19, 0x29, 0x13, 0x19, 0x29, 
        0x13, 0x19, 0x29, 0x13, 0x19, 0x29, 0x13, 0x19, 0x29, 0x13, 0x19, 0x29, 0x13, 0x19, 0x29, 0x13, 0x19, 0x29, 0x13, 0x19, 0x29, 0x13, 0x19, 0x29, 0x13, 0x19, 0x29, 0x13, 0x19, 0x29, 0x62, 0x66, 0x71, 0xE5, 0xE6, 0xE8, 0xFF, 0xFF, 0xFF, 
        0xFF, 0xFF, 0xFF, 0xF5, 0xF6, 0xF6, 0xAD, 0xAF, 0xB5, 0x6A, 0x6E, 0x78, 0x2F, 0x35, 0x43, 0x14, 0x1A, 0x2A, 0x13, 0x19, 0x29, 0x13, 0x19, 0x29, 0x13, 0x19, 0x29, 0x13, 0x19, 0x29, 0x14, 0x1A, 0x2A, 0x2F, 0x35, 0x43, 0x6A, 0x6E, 0x78, 
        0xAD, 0xAF, 0xB5, 0xF5, 0xF6, 0xF6, 0xFF, 0xFF, 0xFF, 0xFF, 0xFF, 0xFF, 0xE5, 0xE6, 0xE8, 0x62, 0x66, 0x71, 0x13, 0x19, 0x29, 0x13, 0x19, 0x29, 0x13, 0x19, 0x29, 0x13, 0x19, 0x29, 0x13, 0x19, 0x29, 0x13, 0x19, 0x29, 0x13, 0x19, 0x29, 
        0x13, 0x19, 0x29, 0x13, 0x19, 0x29, 0x13, 0x19, 0x29, 0x13, 0x19, 0x29, 0x13, 0x19, 0x29, 0x13, 0x19, 0x29, 0x13, 0x19, 0x29, 0x13, 0x19, 0x29, 0x13, 0x19, 0x29, 0x13, 0x19, 0x29, 0x13, 0x19, 0x29, 0x13, 0x19, 0x29, 0x13, 0x19, 0x29, 
        0x13, 0x19, 0x29, 0x13, 0x19, 0x29, 0x13, 0x19, 0x29, 0x13, 0x19, 0x29, 0x13, 0x19, 0x29, 0x13, 0x19, 0x29, 0x13, 0x19, 0x29, 0x13, 0x19, 0x29, 0x13, 0x19, 0x29, 0x13, 0x19, 0x29, 0x13, 0x19, 0x29, 0x13, 0x19, 0x29, 0x13, 0x19, 0x29, 
        0x13, 0x19, 0x29, 0x13, 0x19, 0x29, 0x13, 0x19, 0x29, 0x13, 0x19, 0x29, 0x13, 0x19, 0x29, 0x13, 0x19, 0x29, 0x13, 0x19, 0x29, 0x13, 0x19, 0x29, 0x13, 0x19, 0x29, 0x13, 0x19, 0x29, 0x13, 0x19, 0x29, 0x13, 0x19, 0x29, 0x13, 0x19, 0x29, 
        0x13, 0x19, 0x29, 0x13, 0x19, 0x29, 0x13, 0x19, 0x29, 0x13, 0x19, 0x29, 0x13, 0x19, 0x29, 0x13, 0x19, 0x29, 0x13, 0x19, 0x29, 0x13, 0x19, 0x29, 0x13, 0x19, 0x29, 0x13, 0x19, 0x29, 0x13, 0x19, 0x29, 0x13, 0x19, 0x29, 0x13, 0x19, 0x29, 
        0x13, 0x19, 0x29, 0x13, 0x19, 0x29, 0x13, 0x19, 0x29, 0x13, 0x19, 0x29, 0x13, 0x19, 0x29, 0x13, 0x19, 0x29, 0x13, 0x19, 0x29, 0x13, 0x19, 0x29, 0x13, 0x19, 0x29, 0x13, 0x19, 0x29, 0x13, 0x19, 0x29, 0x13, 0x19, 0x29, 0x13, 0x19, 0x29, 
        0x13, 0x19, 0x29, 0x13, 0x19, 0x29, 0x13, 0x19, 0x29, 0x13, 0x19, 0x29, 0x13, 0x19, 0x29, 0x13, 0x19, 0x29, 0x13, 0x19, 0x29, 0x13, 0x19, 0x29, 0x13, 0x19, 0x29, 0x13, 0x19, 0x29, 0x13, 0x19, 0x29, 0x13, 0x19, 0x29, 0x13, 0x19, 0x29, 
        0x13, 0x19, 0x29, 0x13, 0x19, 0x29, 0x13, 0x19, 0x29, 0x13, 0x19, 0x29,
  0x13, 0x19, 0x29, 0x13, 0x19, 0x29, 0x13, 0x19, 0x29, 0x13, 0x19, 0x29, 0x13, 0x19, 0x29, 0x13, 0x19, 0x29, 0x13, 0x19, 0x29, 0x13, 0x19, 0x29, 0x13, 0x19, 0x29, 0x13, 0x19, 0x29, 0x13, 0x19, 0x29, 0x13, 0x19, 0x29, 0x13, 0x19, 0x29, 0x13, 0x19, 0x29, 
        0x13, 0x19, 0x29, 0x13, 0x19, 0x29, 0x13, 0x19, 0x29, 0x13, 0x19, 0x29, 0x13, 0x19, 0x29, 0x13, 0x19, 0x29, 0x13, 0x19, 0x29, 0x13, 0x19, 0x29, 0x13, 0x19, 0x29, 0x13, 0x19, 0x29, 0x13, 0x19, 0x29, 0x13, 0x19, 0x29, 0x13, 0x19, 0x29, 
        0x13, 0x19, 0x29, 0x13, 0x19, 0x29, 0x13, 0x19, 0x29, 0x13, 0x19, 0x29, 0x13, 0x19, 0x29, 0x13, 0x19, 0x29, 0x13, 0x19, 0x29, 0x13, 0x19, 0x29, 0x13, 0x19, 0x29, 0x13, 0x19, 0x29, 0x13, 0x19, 0x29, 0x13, 0x19, 0x29, 0x13, 0x19, 0x29, 
        0x13, 0x19, 0x29, 0x13, 0x19, 0x29, 0x13, 0x19, 0x29, 0x13, 0x19, 0x29, 0x13, 0x19, 0x29, 0x13, 0x19, 0x29, 0x13, 0x19, 0x29, 0x13, 0x19, 0x29, 0x13, 0x19, 0x29, 0x13, 0x19, 0x29, 0x13, 0x19, 0x29, 0x13, 0x19, 0x29, 0x13, 0x19, 0x29, 
        0x13, 0x19, 0x29, 0x13, 0x19, 0x29, 0x13, 0x19, 0x29, 0x13, 0x19, 0x29, 0x13, 0x19, 0x29, 0x13, 0x19, 0x29, 0x13, 0x19, 0x29, 0x13, 0x19, 0x29, 0x13, 0x19, 0x29, 0x13, 0x19, 0x29, 0x13, 0x19, 0x29, 0x13, 0x19, 0x29, 0x13, 0x19, 0x29, 
        0x13, 0x19, 0x29, 0x13, 0x19, 0x29, 0x13, 0x19, 0x29, 0x13, 0x19, 0x29, 0x13, 0x19, 0x29, 0x13, 0x19, 0x29, 0x13, 0x19, 0x29, 0x13, 0x19, 0x29, 0x13, 0x19, 0x29, 0x13, 0x19, 0x29, 0x13, 0x19, 0x29, 0x13, 0x19, 0x29, 0x13, 0x19, 0x29, 
        0x13, 0x19, 0x29, 0x13, 0x19, 0x29, 0x13, 0x19, 0x29, 0x13, 0x19, 0x29, 0x13, 0x19, 0x29, 0x13, 0x19, 0x29, 0x13, 0x19, 0x29, 0x13, 0x19, 0x29, 0x21, 0x26, 0x35, 0xB1, 0xB3, 0xB8, 0xFF, 0xFF, 0xFF, 0xFF, 0xFF, 0xFF, 0xE7, 0xE8, 0xEA, 
        0x7C, 0x80, 0x89, 0x1E, 0x23, 0x33, 0x13, 0x19, 0x29, 0x13, 0x19, 0x29, 0x13, 0x19, 0x29, 0x13, 0x19, 0x29, 0x13, 0x19, 0x29, 0x13, 0x19, 0x29, 0x13, 0x19, 0x29, 0x13, 0x19, 0x29, 0x13, 0x19, 0x29, 0x13, 0x19, 0x29, 0x13, 0x19, 0x29, 
        0x13, 0x19, 0x29, 0x1E, 0x23, 0x33, 0x7C, 0x80, 0x89, 0xE7, 0xE8, 0xEA, 0xFF, 0xFF, 0xFF, 0xFF, 0xFF, 0xFF, 0xB1, 0xB3, 0xB8, 0x21, 0x26, 0x35, 0x13, 0x19, 0x29, 0x13, 0x19, 0x29, 0x13, 0x19, 0x29, 0x13, 0x19, 0x29, 0x13, 0x19, 0x29, 
        0x13, 0x19, 0x29, 0x13, 0x19, 0x29, 0x13, 0x19, 0x29, 0x13, 0x19, 0x29, 0x13, 0x19, 0x29, 0x13, 0x19, 0x29, 0x13, 0x19, 0x29, 0x13, 0x19, 0x29, 0x13, 0x19, 0x29, 0x13, 0x19, 0x29, 0x13, 0x19, 0x29, 0x13, 0x19, 0x29, 0x13, 0x19, 0x29, 
        0x13, 0x19, 0x29, 0x13, 0x19, 0x29, 0x13, 0x19, 0x29, 0x13, 0x19, 0x29, 0x13, 0x19, 0x29, 0x13, 0x19, 0x29, 0x13, 0x19, 0x29, 0x13, 0x19, 0x29, 0x13, 0x19, 0x29, 0x13, 0x19, 0x29, 0x13, 0x19, 0x29, 0x13, 0x19, 0x29, 0x13, 0x19, 0x29, 
        0x13, 0x19, 0x29, 0x13, 0x19, 0x29, 0x13, 0x19, 0x29, 0x13, 0x19, 0x29, 0x13, 0x19, 0x29, 0x13, 0x19, 0x29, 0x13, 0x19, 0x29, 0x13, 0x19, 0x29, 0x13, 0x19, 0x29, 0x13, 0x19, 0x29, 0x13, 0x19, 0x29, 0x13, 0x19, 0x29, 0x13, 0x19, 0x29, 
        0x13, 0x19, 0x29, 0x13, 0x19, 0x29, 0x13, 0x19, 0x29, 0x13, 0x19, 0x29, 0x13, 0x19, 0x29, 0x13, 0x19, 0x29, 0x13, 0x19, 0x29, 0x13, 0x19, 0x29, 0x13, 0x19, 0x29, 0x13, 0x19, 0x29, 0x13, 0x19, 0x29, 0x13, 0x19, 0x29, 0x13, 0x19, 0x29, 
        0x13, 0x19, 0x29, 0x13, 0x19, 0x29, 0x13, 0x19, 0x29, 0x13, 0x19, 0x29, 0x13, 0x19, 0x29, 0x13, 0x19, 0x29, 0x13, 0x19, 0x29, 0x13, 0x19, 0x29, 0x13, 0x19, 0x29, 0x13, 0x19, 0x29, 0x13, 0x19, 0x29, 0x13, 0x19, 0x29, 0x13, 0x19, 0x29, 
        0x13, 0x19, 0x29, 0x13, 0x19, 0x29, 0x13, 0x19, 0x29, 0x13, 0x19, 0x29, 0x13, 0x19, 0x29, 0x13, 0x19, 0x29, 0x13, 0x19, 0x29, 0x13, 0x19, 0x29, 0x13, 0x19, 0x29, 0x13, 0x19, 0x29, 0x13, 0x19, 0x29, 0x13, 0x19, 0x29, 0x13, 0x19, 0x29, 
        0x13, 0x19, 0x29, 0x13, 0x19, 0x29, 0x13, 0x19, 0x29, 0x13, 0x19, 0x29,
  0x13, 0x19, 0x29, 0x13, 0x19, 0x29, 0x13, 0x19, 0x29, 0x13, 0x19, 0x29, 0x13, 0x19, 0x29, 0x13, 0x19, 0x29, 0x13, 0x19, 0x29, 0x13, 0x19, 0x29, 0x13, 0x19, 0x29, 0x13, 0x19, 0x29, 0x13, 0x19, 0x29, 0x13, 0x19, 0x29, 0x13, 0x19, 0x29, 0x13, 0x19, 0x29, 
        0x13, 0x19, 0x29, 0x13, 0x19, 0x29, 0x13, 0x19, 0x29, 0x13, 0x19, 0x29, 0x13, 0x19, 0x29, 0x13, 0x19, 0x29, 0x13, 0x19, 0x29, 0x13, 0x19, 0x29, 0x13, 0x19, 0x29, 0x13, 0x19, 0x29, 0x13, 0x19, 0x29, 0x13, 0x19, 0x29, 0x13, 0x19, 0x29, 
        0x13, 0x19, 0x29, 0x13, 0x19, 0x29, 0x13, 0x19, 0x29, 0x13, 0x19, 0x29, 0x13, 0x19, 0x29, 0x13, 0x19, 0x29, 0x13, 0x19, 0x29, 0x13, 0x19, 0x29, 0x13, 0x19, 0x29, 0x13, 0x19, 0x29, 0x13, 0x19, 0x29, 0x13, 0x19, 0x29, 0x13, 0x19, 0x29, 
        0x13, 0x19, 0x29, 0x13, 0x19, 0x29, 0x13, 0x19, 0x29, 0x13, 0x19, 0x29, 0x13, 0x19, 0x29, 0x13, 0x19, 0x29, 0x13, 0x19, 0x29, 0x13, 0x19, 0x29, 0x13, 0x19, 0x29, 0x13, 0x19, 0x29, 0x13, 0x19, 0x29, 0x13, 0x19, 0x29, 0x13, 0x19, 0x29, 
        0x13, 0x19, 0x29, 0x13, 0x19, 0x29, 0x13, 0x19, 0x29, 0x13, 0x19, 0x29, 0x13, 0x19, 0x29, 0x13, 0x19, 0x29, 0x13, 0x19, 0x29, 0x13, 0x19, 0x29, 0x13, 0x19, 0x29, 0x13, 0x19, 0x29, 0x13, 0x19, 0x29, 0x13, 0x19, 0x29, 0x13, 0x19, 0x29, 
        0x13, 0x19, 0x29, 0x13, 0x19, 0x29, 0x13, 0x19, 0x29, 0x13, 0x19, 0x29, 0x13, 0x19, 0x29, 0x13, 0x19, 0x29, 0x13, 0x19, 0x29, 0x13, 0x19, 0x29, 0x13, 0x19, 0x29, 0x13, 0x19, 0x29, 0x13, 0x19, 0x29, 0x13, 0x19, 0x29, 0x13, 0x19, 0x29, 
        0x13, 0x19, 0x29, 0x13, 0x19, 0x29, 0x13, 0x19, 0x29, 0x13, 0x19, 0x29, 0x13, 0x19, 0x29, 0x13, 0x19, 0x29, 0x13, 0x19, 0x29, 0x31, 0x36, 0x44, 0xDC, 0xDD, 0xDF, 0xFF, 0xFF, 0xFF, 0xFD, 0xFD, 0xFD, 0x93, 0x96, 0x9D, 0x1E, 0x23, 0x33, 
        0x13, 0x19, 0x29, 0x13, 0x19, 0x29, 0x13, 0x19, 0x29, 0x13, 0x19, 0x29, 0x13, 0x19, 0x29, 0x13, 0x19, 0x29, 0x13, 0x19, 0x29, 0x13, 0x19, 0x29, 0x13, 0x19, 0x29, 0x13, 0x19, 0x29, 0x13, 0x19, 0x29, 0x13, 0x19, 0x29, 0x13, 0x19, 0x29, 
        0x13, 0x19, 0x29, 0x13, 0x19, 0x29, 0x13, 0x19, 0x29, 0x1E, 0x23, 0x33, 0x94, 0x96, 0x9E, 0xFD, 0xFD, 0xFD, 0xFF, 0xFF, 0xFF, 0xDC, 0xDD, 0xDF, 0x31, 0x36, 0x44, 0x13, 0x19, 0x29, 0x13, 0x19, 0x29, 0x13, 0x19, 0x29, 0x13, 0x19, 0x29, 
        0x13, 0x19, 0x29, 0x13, 0x19, 0x29, 0x13, 0x19, 0x29, 0x13, 0x19, 0x29, 0x13, 0x19, 0x29, 0x13, 0x19, 0x29, 0x13, 0x19, 0x29, 0x13, 0x19, 0x29, 0x13, 0x19, 0x29, 0x13, 0x19, 0x29, 0x13, 0x19, 0x29, 0x13, 0x19, 0x29, 0x13, 0x19, 0x29, 
        0x13, 0x19, 0x29, 0x13, 0x19, 0x29, 0x13, 0x19, 0x29, 0x13, 0x19, 0x29, 0x13, 0x19, 0x29, 0x13, 0x19, 0x29, 0x13, 0x19, 0x29, 0x13, 0x19, 0x29, 0x13, 0x19, 0x29, 0x13, 0x19, 0x29, 0x13, 0x19, 0x29, 0x13, 0x19, 0x29, 0x13, 0x19, 0x29, 
        0x13, 0x19, 0x29, 0x13, 0x19, 0x29, 0x13, 0x19, 0x29, 0x13, 0x19, 0x29, 0x13, 0x19, 0x29, 0x13, 0x19, 0x29, 0x13, 0x19, 0x29, 0x13, 0x19, 0x29, 0x13, 0x19, 0x29, 0x13, 0x19, 0x29, 0x13, 0x19, 0x29, 0x13, 0x19, 0x29, 0x13, 0x19, 0x29, 
        0x13, 0x19, 0x29, 0x13, 0x19, 0x29, 0x13, 0x19, 0x29, 0x13, 0x19, 0x29, 0x13, 0x19, 0x29, 0x13, 0x19, 0x29, 0x13, 0x19, 0x29, 0x13, 0x19, 0x29, 0x13, 0x19, 0x29, 0x13, 0x19, 0x29, 0x13, 0x19, 0x29, 0x13, 0x19, 0x29, 0x13, 0x19, 0x29, 
        0x13, 0x19, 0x29, 0x13, 0x19, 0x29, 0x13, 0x19, 0x29, 0x13, 0x19, 0x29, 0x13, 0x19, 0x29, 0x13, 0x19, 0x29, 0x13, 0x19, 0x29, 0x13, 0x19, 0x29, 0x13, 0x19, 0x29, 0x13, 0x19, 0x29, 0x13, 0x19, 0x29, 0x13, 0x19, 0x29, 0x13, 0x19, 0x29, 
        0x13, 0x19, 0x29, 0x13, 0x19, 0x29, 0x13, 0x19, 0x29, 0x13, 0x19, 0x29, 0x13, 0x19, 0x29, 0x13, 0x19, 0x29, 0x13, 0x19, 0x29, 0x13, 0x19, 0x29, 0x13, 0x19, 0x29, 0x13, 0x19, 0x29, 0x13, 0x19, 0x29, 0x13, 0x19, 0x29, 0x13, 0x19, 0x29, 
        0x13, 0x19, 0x29, 0x13, 0x19, 0x29, 0x13, 0x19, 0x29, 0x13, 0x19, 0x29,
  0x13, 0x19, 0x29, 0x13, 0x19, 0x29, 0x13, 0x19, 0x29, 0x13, 0x19, 0x29, 0x13, 0x19, 0x29, 0x13, 0x19, 0x29, 0x13, 0x19, 0x29, 0x13, 0x19, 0x29, 0x13, 0x19, 0x29, 0x13, 0x19, 0x29, 0x13, 0x19, 0x29, 0x13, 0x19, 0x29, 0x13, 0x19, 0x29, 0x13, 0x19, 0x29, 
        0x13, 0x19, 0x29, 0x13, 0x19, 0x29, 0x13, 0x19, 0x29, 0x13, 0x19, 0x29, 0x13, 0x19, 0x29, 0x13, 0x19, 0x29, 0x13, 0x19, 0x29, 0x13, 0x19, 0x29, 0x13, 0x19, 0x29, 0x13, 0x19, 0x29, 0x13, 0x19, 0x29, 0x13, 0x19, 0x29, 0x13, 0x19, 0x29, 
        0x13, 0x19, 0x29, 0x13, 0x19, 0x29, 0x13, 0x19, 0x29, 0x13, 0x19, 0x29, 0x13, 0x19, 0x29, 0x13, 0x19, 0x29, 0x13, 0x19, 0x29, 0x13, 0x19, 0x29, 0x13, 0x19, 0x29, 0x13, 0x19, 0x29, 0x13, 0x19, 0x29, 0x13, 0x19, 0x29, 0x13, 0x19, 0x29, 
        0x13, 0x19, 0x29, 0x13, 0x19, 0x29, 0x13, 0x19, 0x29, 0x13, 0x19, 0x29, 0x13, 0x19, 0x29, 0x13, 0x19, 0x29, 0x13, 0x19, 0x29, 0x13, 0x19, 0x29, 0x13, 0x19, 0x29, 0x13, 0x19, 0x29, 0x13, 0x19, 0x29, 0x13, 0x19, 0x29, 0x13, 0x19, 0x29, 
        0x13, 0x19, 0x29, 0x13, 0x19, 0x29, 0x13, 0x19, 0x29, 0x13, 0x19, 0x29, 0x13, 0x19, 0x29, 0x13, 0x19, 0x29, 0x13, 0x19, 0x29, 0x13, 0x19, 0x29, 0x13, 0x19, 0x29, 0x13, 0x19, 0x29, 0x13, 0x19, 0x29, 0x13, 0x19, 0x29, 0x13, 0x19, 0x29, 
        0x13, 0x19, 0x29, 0x13, 0x19, 0x29, 0x13, 0x19, 0x29, 0x13, 0x19, 0x29, 0x13, 0x19, 0x29, 0x13, 0x19, 0x29, 0x13, 0x19, 0x29, 0x13, 0x19, 0x29, 0x13, 0x19, 0x29, 0x13, 0x19, 0x29, 0x13, 0x19, 0x29, 0x13, 0x19, 0x29, 0x13, 0x19, 0x29, 
        0x13, 0x19, 0x29, 0x13, 0x19, 0x29, 0x13, 0x19, 0x29, 0x13, 0x19, 0x29, 0x13, 0x19, 0x29, 0x13, 0x19, 0x29, 0x36, 0x3B, 0x49, 0xE8, 0xE9, 0xEA, 0xFF, 0xFF, 0xFF, 0xE8, 0xE9, 0xEA, 0x4E, 0x53, 0x5F, 0x13, 0x19, 0x29, 0x13, 0x19, 0x29, 
        0x13, 0x19, 0x29, 0x13, 0x19, 0x29, 0x13, 0x19, 0x29, 0x13, 0x19, 0x29, 0x13, 0x19, 0x29, 0x13, 0x19, 0x29, 0x13, 0x19, 0x29, 0x13, 0x19, 0x29, 0x13, 0x19, 0x29, 0x13, 0x19, 0x29, 0x13, 0x19, 0x29, 0x13, 0x19, 0x29, 0x13, 0x19, 0x29, 
        0x13, 0x19, 0x29, 0x13, 0x19, 0x29, 0x13, 0x19, 0x29, 0x13, 0x19, 0x29, 0x13, 0x19, 0x29, 0x4E, 0x53, 0x5F, 0xE8, 0xE9, 0xEA, 0xFF, 0xFF, 0xFF, 0xE8, 0xE9, 0xEA, 0x36, 0x3B, 0x49, 0x13, 0x19, 0x29, 0x13, 0x19, 0x29, 0x13, 0x19, 0x29, 
        0x13, 0x19, 0x29, 0x13, 0x19, 0x29, 0x13, 0x19, 0x29, 0x13, 0x19, 0x29, 0x13, 0x19, 0x29, 0x13, 0x19, 0x29, 0x13, 0x19, 0x29, 0x13, 0x19, 0x29, 0x13, 0x19, 0x29, 0x13, 0x19, 0x29, 0x13, 0x19, 0x29, 0x13, 0x19, 0x29, 0x13, 0x19, 0x29, 
        0x13, 0x19, 0x29, 0x13, 0x19, 0x29, 0x13, 0x19, 0x29, 0x13, 0x19, 0x29, 0x13, 0x19, 0x29, 0x13, 0x19, 0x29, 0x13, 0x19, 0x29, 0x13, 0x19, 0x29, 0x13, 0x19, 0x29, 0x13, 0x19, 0x29, 0x13, 0x19, 0x29, 0x13, 0x19, 0x29, 0x13, 0x19, 0x29, 
        0x13, 0x19, 0x29, 0x13, 0x19, 0x29, 0x13, 0x19, 0x29, 0x13, 0x19, 0x29, 0x13, 0x19, 0x29, 0x13, 0x19, 0x29, 0x13, 0x19, 0x29, 0x13, 0x19, 0x29, 0x13, 0x19, 0x29, 0x13, 0x19, 0x29, 0x13, 0x19, 0x29, 0x13, 0x19, 0x29, 0x13, 0x19, 0x29, 
        0x13, 0x19, 0x29, 0x13, 0x19, 0x29, 0x13, 0x19, 0x29, 0x13, 0x19, 0x29, 0x13, 0x19, 0x29, 0x13, 0x19, 0x29, 0x13, 0x19, 0x29, 0x13, 0x19, 0x29, 0x13, 0x19, 0x29, 0x13, 0x19, 0x29, 0x13, 0x19, 0x29, 0x13, 0x19, 0x29, 0x13, 0x19, 0x29, 
        0x13, 0x19, 0x29, 0x13, 0x19, 0x29, 0x13, 0x19, 0x29, 0x13, 0x19, 0x29, 0x13, 0x19, 0x29, 0x13, 0x19, 0x29, 0x13, 0x19, 0x29, 0x13, 0x19, 0x29, 0x13, 0x19, 0x29, 0x13, 0x19, 0x29, 0x13, 0x19, 0x29, 0x13, 0x19, 0x29, 0x13, 0x19, 0x29, 
        0x13, 0x19, 0x29, 0x13, 0x19, 0x29, 0x13, 0x19, 0x29, 0x13, 0x19, 0x29, 0x13, 0x19, 0x29, 0x13, 0x19, 0x29, 0x13, 0x19, 0x29, 0x13, 0x19, 0x29, 0x13, 0x19, 0x29, 0x13, 0x19, 0x29, 0x13, 0x19, 0x29, 0x13, 0x19, 0x29, 0x13, 0x19, 0x29, 
        0x13, 0x19, 0x29, 0x13, 0x19, 0x29, 0x13, 0x19, 0x29, 0x13, 0x19, 0x29,
  0x13, 0x19, 0x29, 0x13, 0x19, 0x29, 0x13, 0x19, 0x29, 0x13, 0x19, 0x29, 0x13, 0x19, 0x29, 0x13, 0x19, 0x29, 0x13, 0x19, 0x29, 0x13, 0x19, 0x29, 0x13, 0x19, 0x29, 0x13, 0x19, 0x29, 0x13, 0x19, 0x29, 0x13, 0x19, 0x29, 0x13, 0x19, 0x29, 0x13, 0x19, 0x29, 
        0x13, 0x19, 0x29, 0x13, 0x19, 0x29, 0x13, 0x19, 0x29, 0x13, 0x19, 0x29, 0x13, 0x19, 0x29, 0x13, 0x19, 0x29, 0x13, 0x19, 0x29, 0x13, 0x19, 0x29, 0x13, 0x19, 0x29, 0x13, 0x19, 0x29, 0x13, 0x19, 0x29, 0x13, 0x19, 0x29, 0x13, 0x19, 0x29, 
        0x13, 0x19, 0x29, 0x13, 0x19, 0x29, 0x13, 0x19, 0x29, 0x13, 0x19, 0x29, 0x13, 0x19, 0x29, 0x13, 0x19, 0x29, 0x13, 0x19, 0x29, 0x13, 0x19, 0x29, 0x13, 0x19, 0x29, 0x13, 0x19, 0x29, 0x13, 0x19, 0x29, 0x13, 0x19, 0x29, 0x13, 0x19, 0x29, 
        0x13, 0x19, 0x29, 0x13, 0x19, 0x29, 0x13, 0x19, 0x29, 0x13, 0x19, 0x29, 0x13, 0x19, 0x29, 0x13, 0x19, 0x29, 0x13, 0x19, 0x29, 0x13, 0x19, 0x29, 0x13, 0x19, 0x29, 0x13, 0x19, 0x29, 0x13, 0x19, 0x29, 0x13, 0x19, 0x29, 0x13, 0x19, 0x29, 
        0x13, 0x19, 0x29, 0x13, 0x19, 0x29, 0x13, 0x19, 0x29, 0x13, 0x19, 0x29, 0x13, 0x19, 0x29, 0x13, 0x19, 0x29, 0x13, 0x19, 0x29, 0x13, 0x19, 0x29, 0x13, 0x19, 0x29, 0x13, 0x19, 0x29, 0x13, 0x19, 0x29, 0x13, 0x19, 0x29, 0x13, 0x19, 0x29, 
        0x13, 0x19, 0x29, 0x13, 0x19, 0x29, 0x13, 0x19, 0x29, 0x13, 0x19, 0x29, 0x13, 0x19, 0x29, 0x13, 0x19, 0x29, 0x13, 0x19, 0x29, 0x13, 0x19, 0x29, 0x13, 0x19, 0x29, 0x13, 0x19, 0x29, 0x13, 0x19, 0x29, 0x13, 0x19, 0x29, 0x13, 0x19, 0x29, 
        0x13, 0x19, 0x29, 0x13, 0x19, 0x29, 0x13, 0x19, 0x29, 0x13, 0x19, 0x29, 0x13, 0x19, 0x29, 0x2A, 0x2F, 0x3E, 0xE2, 0xE3, 0xE5, 0xFF, 0xFF, 0xFF, 0xDC, 0xDD, 0xDF, 0x31, 0x36, 0x44, 0x13, 0x19, 0x29, 0x13, 0x19, 0x29, 0x13, 0x19, 0x29, 
        0x13, 0x19, 0x29, 0x13, 0x19, 0x29, 0x13, 0x19, 0x29, 0x13, 0x19, 0x29, 0x13, 0x19, 0x29, 0x13, 0x19, 0x29, 0x13, 0x19, 0x29, 0x13, 0x19, 0x29, 0x13, 0x19, 0x29, 0x13, 0x19, 0x29, 0x13, 0x19, 0x29, 0x13, 0x19, 0x29, 0x13, 0x19, 0x29, 
        0x13, 0x19, 0x29, 0x13, 0x19, 0x29, 0x13, 0x19, 0x29, 0x13, 0x19, 0x29, 0x13, 0x19, 0x29, 0x13, 0x19, 0x29, 0x31, 0x36, 0x44, 0xDC, 0xDD, 0xDF, 0xFF, 0xFF, 0xFF, 0xE1, 0xE2, 0xE4, 0x2A, 0x2F, 0x3E, 0x13, 0x19, 0x29, 0x13, 0x19, 0x29, 
        0x13, 0x19, 0x29, 0x13, 0x19, 0x29, 0x13, 0x19, 0x29, 0x13, 0x19, 0x29, 0x13, 0x19, 0x29, 0x13, 0x19, 0x29, 0x13, 0x19, 0x29, 0x13, 0x19, 0x29, 0x13, 0x19, 0x29, 0x13, 0x19, 0x29, 0x13, 0x19, 0x29, 0x13, 0x19, 0x29, 0x13, 0x19, 0x29, 
        0x13, 0x19, 0x29, 0x13, 0x19, 0x29, 0x13, 0x19, 0x29, 0x13, 0x19, 0x29, 0x13, 0x19, 0x29, 0x13, 0x19, 0x29, 0x13, 0x19, 0x29, 0x13, 0x19, 0x29, 0x13, 0x19, 0x29, 0x13, 0x19, 0x29, 0x13, 0x19, 0x29, 0x13, 0x19, 0x29, 0x13, 0x19, 0x29, 
        0x13, 0x19, 0x29, 0x13, 0x19, 0x29, 0x13, 0x19, 0x29, 0x13, 0x19, 0x29, 0x13, 0x19, 0x29, 0x13, 0x19, 0x29, 0x13, 0x19, 0x29, 0x13, 0x19, 0x29, 0x13, 0x19, 0x29, 0x13, 0x19, 0x29, 0x13, 0x19, 0x29, 0x13, 0x19, 0x29, 0x13, 0x19, 0x29, 
        0x13, 0x19, 0x29, 0x13, 0x19, 0x29, 0x13, 0x19, 0x29, 0x13, 0x19, 0x29, 0x13, 0x19, 0x29, 0x13, 0x19, 0x29, 0x13, 0x19, 0x29, 0x13, 0x19, 0x29, 0x13, 0x19, 0x29, 0x13, 0x19, 0x29, 0x13, 0x19, 0x29, 0x13, 0x19, 0x29, 0x13, 0x19, 0x29, 
        0x13, 0x19, 0x29, 0x13, 0x19, 0x29, 0x13, 0x19, 0x29, 0x13, 0x19, 0x29, 0x13, 0x19, 0x29, 0x13, 0x19, 0x29, 0x13, 0x19, 0x29, 0x13, 0x19, 0x29, 0x13, 0x19, 0x29, 0x13, 0x19, 0x29, 0x13, 0x19, 0x29, 0x13, 0x19, 0x29, 0x13, 0x19, 0x29, 
        0x13, 0x19, 0x29, 0x13, 0x19, 0x29, 0x13, 0x19, 0x29, 0x13, 0x19, 0x29, 0x13, 0x19, 0x29, 0x13, 0x19, 0x29, 0x13, 0x19, 0x29, 0x13, 0x19, 0x29, 0x13, 0x19, 0x29, 0x13, 0x19, 0x29, 0x13, 0x19, 0x29, 0x13, 0x19, 0x29, 0x13, 0x19, 0x29, 
        0x13, 0x19, 0x29, 0x13, 0x19, 0x29, 0x13, 0x19, 0x29, 0x13, 0x19, 0x29,
  0x13, 0x19, 0x29, 0x13, 0x19, 0x29, 0x13, 0x19, 0x29, 0x13, 0x19, 0x29, 0x13, 0x19, 0x29, 0x13, 0x19, 0x29, 0x13, 0x19, 0x29, 0x13, 0x19, 0x29, 0x13, 0x19, 0x29, 0x13, 0x19, 0x29, 0x13, 0x19, 0x29, 0x13, 0x19, 0x29, 0x13, 0x19, 0x29, 0x13, 0x19, 0x29, 
        0x13, 0x19, 0x29, 0x13, 0x19, 0x29, 0x13, 0x19, 0x29, 0x13, 0x19, 0x29, 0x13, 0x19, 0x29, 0x13, 0x19, 0x29, 0x13, 0x19, 0x29, 0x13, 0x19, 0x29, 0x13, 0x19, 0x29, 0x13, 0x19, 0x29, 0x13, 0x19, 0x29, 0x13, 0x19, 0x29, 0x13, 0x19, 0x29, 
        0x13, 0x19, 0x29, 0x13, 0x19, 0x29, 0x13, 0x19, 0x29, 0x13, 0x19, 0x29, 0x13, 0x19, 0x29, 0x13, 0x19, 0x29, 0x13, 0x19, 0x29, 0x13, 0x19, 0x29, 0x13, 0x19, 0x29, 0x13, 0x19, 0x29, 0x13, 0x19, 0x29, 0x13, 0x19, 0x29, 0x13, 0x19, 0x29, 
        0x13, 0x19, 0x29, 0x13, 0x19, 0x29, 0x13, 0x19, 0x29, 0x13, 0x19, 0x29, 0x13, 0x19, 0x29, 0x13, 0x19, 0x29, 0x13, 0x19, 0x29, 0x13, 0x19, 0x29, 0x13, 0x19, 0x29, 0x13, 0x19, 0x29, 0x13, 0x19, 0x29, 0x13, 0x19, 0x29, 0x13, 0x19, 0x29, 
        0x13, 0x19, 0x29, 0x13, 0x19, 0x29, 0x13, 0x19, 0x29, 0x13, 0x19, 0x29, 0x13, 0x19, 0x29, 0x13, 0x19, 0x29, 0x13, 0x19, 0x29, 0x13, 0x19, 0x29, 0x13, 0x19, 0x29, 0x13, 0x19, 0x29, 0x13, 0x19, 0x29, 0x13, 0x19, 0x29, 0x13, 0x19, 0x29, 
        0x13, 0x19, 0x29, 0x13, 0x19, 0x29, 0x13, 0x19, 0x29, 0x13, 0x19, 0x29, 0x13, 0x19, 0x29, 0x13, 0x19, 0x29, 0x13, 0x19, 0x29, 0x13, 0x19, 0x29, 0x13, 0x19, 0x29, 0x13, 0x19, 0x29, 0x13, 0x19, 0x29, 0x13, 0x19, 0x29, 0x13, 0x19, 0x29, 
        0x13, 0x19, 0x29, 0x13, 0x19, 0x29, 0x13, 0x19, 0x29, 0x13, 0x19, 0x29, 0x16, 0x1C, 0x2C, 0xC7, 0xC8, 0xCC, 0xFF, 0xFF, 0xFF, 0xE3, 0xE3, 0xE5, 0x2C, 0x31, 0x3F, 0x13, 0x19, 0x29, 0x13, 0x19, 0x29, 0x13, 0x19, 0x29, 0x13, 0x19, 0x29, 
        0x13, 0x19, 0x29, 0x13, 0x19, 0x29, 0x13, 0x19, 0x29, 0x13, 0x19, 0x29, 0x13, 0x19, 0x29, 0x13, 0x19, 0x29, 0x13, 0x19, 0x29, 0x13, 0x19, 0x29, 0x13, 0x19, 0x29, 0x13, 0x19, 0x29, 0x13, 0x19, 0x29, 0x13, 0x19, 0x29, 0x13, 0x19, 0x29, 
        0x13, 0x19, 0x29, 0x13, 0x19, 0x29, 0x13, 0x19, 0x29, 0x13, 0x19, 0x29, 0x13, 0x19, 0x29, 0x13, 0x19, 0x29, 0x13, 0x19, 0x29, 0x2C, 0x31, 0x3F, 0xE3, 0xE3, 0xE5, 0xFF, 0xFF, 0xFF, 0xC7, 0xC8, 0xCC, 0x16, 0x1C, 0x2C, 0x13, 0x19, 0x29, 
        0x13, 0x19, 0x29, 0x13, 0x19, 0x29, 0x13, 0x19, 0x29, 0x13, 0x19, 0x29, 0x13, 0x19, 0x29, 0x13, 0x19, 0x29, 0x13, 0x19, 0x29, 0x13, 0x19, 0x29, 0x13, 0x19, 0x29, 0x13, 0x19, 0x29, 0x13, 0x19, 0x29, 0x13, 0x19, 0x29, 0x13, 0x19, 0x29, 
        0x13, 0x19, 0x29, 0x13, 0x19, 0x29, 0x13, 0x19, 0x29, 0x13, 0x19, 0x29, 0x13, 0x19, 0x29, 0x13, 0x19, 0x29, 0x13, 0x19, 0x29, 0x13, 0x19, 0x29, 0x13, 0x19, 0x29, 0x13, 0x19, 0x29, 0x13, 0x19, 0x29, 0x13, 0x19, 0x29, 0x13, 0x19, 0x29, 
        0x13, 0x19, 0x29, 0x13, 0x19, 0x29, 0x13, 0x19, 0x29, 0x13, 0x19, 0x29, 0x13, 0x19, 0x29, 0x13, 0x19, 0x29, 0x13, 0x19, 0x29, 0x13, 0x19, 0x29, 0x13, 0x19, 0x29, 0x13, 0x19, 0x29, 0x13, 0x19, 0x29, 0x13, 0x19, 0x29, 0x13, 0x19, 0x29, 
        0x13, 0x19, 0x29, 0x13, 0x19, 0x29, 0x13, 0x19, 0x29, 0x13, 0x19, 0x29, 0x13, 0x19, 0x29, 0x13, 0x19, 0x29, 0x13, 0x19, 0x29, 0x13, 0x19, 0x29, 0x13, 0x19, 0x29, 0x13, 0x19, 0x29, 0x13, 0x19, 0x29, 0x13, 0x19, 0x29, 0x13, 0x19, 0x29, 
        0x13, 0x19, 0x29, 0x13, 0x19, 0x29, 0x13, 0x19, 0x29, 0x13, 0x19, 0x29, 0x13, 0x19, 0x29, 0x13, 0x19, 0x29, 0x13, 0x19, 0x29, 0x13, 0x19, 0x29, 0x13, 0x19, 0x29, 0x13, 0x19, 0x29, 0x13, 0x19, 0x29, 0x13, 0x19, 0x29, 0x13, 0x19, 0x29, 
        0x13, 0x19, 0x29, 0x13, 0x19, 0x29, 0x13, 0x19, 0x29, 0x13, 0x19, 0x29, 0x13, 0x19, 0x29, 0x13, 0x19, 0x29, 0x13, 0x19, 0x29, 0x13, 0x19, 0x29, 0x13, 0x19, 0x29, 0x13, 0x19, 0x29, 0x13, 0x19, 0x29, 0x13, 0x19, 0x29, 0x13, 0x19, 0x29, 
        0x13, 0x19, 0x29, 0x13, 0x19, 0x29, 0x13, 0x19, 0x29, 0x13, 0x19, 0x29,
  0x13, 0x19, 0x29, 0x13, 0x19, 0x29, 0x13, 0x19, 0x29, 0x13, 0x19, 0x29, 0x13, 0x19, 0x29, 0x13, 0x19, 0x29, 0x13, 0x19, 0x29, 0x13, 0x19, 0x29, 0x13, 0x19, 0x29, 0x13, 0x19, 0x29, 0x13, 0x19, 0x29, 0x13, 0x19, 0x29, 0x13, 0x19, 0x29, 0x13, 0x19, 0x29, 
        0x13, 0x19, 0x29, 0x13, 0x19, 0x29, 0x13, 0x19, 0x29, 0x13, 0x19, 0x29, 0x13, 0x19, 0x29, 0x13, 0x19, 0x29, 0x13, 0x19, 0x29, 0x13, 0x19, 0x29, 0x13, 0x19, 0x29, 0x13, 0x19, 0x29, 0x13, 0x19, 0x29, 0x13, 0x19, 0x29, 0x13, 0x19, 0x29, 
        0x13, 0x19, 0x29, 0x13, 0x19, 0x29, 0x13, 0x19, 0x29, 0x13, 0x19, 0x29, 0x13, 0x19, 0x29, 0x13, 0x19, 0x29, 0x13, 0x19, 0x29, 0x13, 0x19, 0x29, 0x13, 0x19, 0x29, 0x13, 0x19, 0x29, 0x13, 0x19, 0x29, 0x13, 0x19, 0x29, 0x13, 0x19, 0x29, 
        0x13, 0x19, 0x29, 0x13, 0x19, 0x29, 0x13, 0x19, 0x29, 0x13, 0x19, 0x29, 0x13, 0x19, 0x29, 0x13, 0x19, 0x29, 0x13, 0x19, 0x29, 0x13, 0x19, 0x29, 0x13, 0x19, 0x29, 0x13, 0x19, 0x29, 0x13, 0x19, 0x29, 0x13, 0x19, 0x29, 0x13, 0x19, 0x29, 
        0x13, 0x19, 0x29, 0x13, 0x19, 0x29, 0x13, 0x19, 0x29, 0x13, 0x19, 0x29, 0x13, 0x19, 0x29, 0x13, 0x19, 0x29, 0x13, 0x19, 0x29, 0x13, 0x19, 0x29, 0x13, 0x19, 0x29, 0x13, 0x19, 0x29, 0x13, 0x19, 0x29, 0x13, 0x19, 0x29, 0x13, 0x19, 0x29, 
        0x13, 0x19, 0x29, 0x13, 0x19, 0x29, 0x13, 0x19, 0x29, 0x13, 0x19, 0x29, 0x13, 0x19, 0x29, 0x13, 0x19, 0x29, 0x13, 0x19, 0x29, 0x13, 0x19, 0x29, 0x13, 0x19, 0x29, 0x13, 0x19, 0x29, 0x13, 0x19, 0x29, 0x13, 0x19, 0x29, 0x13, 0x19, 0x29, 
        0x13, 0x19, 0x29, 0x13, 0x19, 0x29, 0x13, 0x19, 0x29, 0x13, 0x19, 0x29, 0x88, 0x8B, 0x93, 0xFF, 0xFF, 0xFF, 0xF6, 0xF6, 0xF7, 0x3B, 0x40, 0x4E, 0x13, 0x19, 0x29, 0x13, 0x19, 0x29, 0x13, 0x19, 0x29, 0x13, 0x19, 0x29, 0x13, 0x19, 0x29, 
        0x13, 0x19, 0x29, 0x13, 0x19, 0x29, 0x13, 0x19, 0x29, 0x13, 0x19, 0x29, 0x13, 0x19, 0x29, 0x13, 0x19, 0x29, 0x8B, 0x8E, 0x96, 0xC1, 0xC2, 0xC6, 0x44, 0x48, 0x55, 0x13, 0x19, 0x29, 0x13, 0x19, 0x29, 0x13, 0x19, 0x29, 0x13, 0x19, 0x29, 
        0x13, 0x19, 0x29, 0x13, 0x19, 0x29, 0x13, 0x19, 0x29, 0x13, 0x19, 0x29, 0x13, 0x19, 0x29, 0x13, 0x19, 0x29, 0x13, 0x19, 0x29, 0x13, 0x19, 0x29, 0x3B, 0x40, 0x4E, 0xF6, 0xF6, 0xF7, 0xFF, 0xFF, 0xFF, 0x88, 0x8B, 0x93, 0x13, 0x19, 0x29, 
        0x13, 0x19, 0x29, 0x13, 0x19, 0x29, 0x13, 0x19, 0x29, 0x13, 0x19, 0x29, 0x13, 0x19, 0x29, 0x13, 0x19, 0x29, 0x13, 0x19, 0x29, 0x13, 0x19, 0x29, 0x13, 0x19, 0x29, 0x13, 0x19, 0x29, 0x13, 0x19, 0x29, 0x13, 0x19, 0x29, 0x13, 0x19, 0x29, 
        0x13, 0x19, 0x29, 0x13, 0x19, 0x29, 0x13, 0x19, 0x29, 0x13, 0x19, 0x29, 0x13, 0x19, 0x29, 0x13, 0x19, 0x29, 0x13, 0x19, 0x29, 0x13, 0x19, 0x29, 0x13, 0x19, 0x29, 0x13, 0x19, 0x29, 0x13, 0x19, 0x29, 0x13, 0x19, 0x29, 0x13, 0x19, 0x29, 
        0x13, 0x19, 0x29, 0x13, 0x19, 0x29, 0x13, 0x19, 0x29, 0x13, 0x19, 0x29, 0x13, 0x19, 0x29, 0x13, 0x19, 0x29, 0x13, 0x19, 0x29, 0x13, 0x19, 0x29, 0x13, 0x19, 0x29, 0x13, 0x19, 0x29, 0x13, 0x19, 0x29, 0x13, 0x19, 0x29, 0x13, 0x19, 0x29, 
        0x13, 0x19, 0x29, 0x13, 0x19, 0x29, 0x13, 0x19, 0x29, 0x13, 0x19, 0x29, 0x13, 0x19, 0x29, 0x13, 0x19, 0x29, 0x13, 0x19, 0x29, 0x13, 0x19, 0x29, 0x13, 0x19, 0x29, 0x13, 0x19, 0x29, 0x13, 0x19, 0x29, 0x13, 0x19, 0x29, 0x13, 0x19, 0x29, 
        0x13, 0x19, 0x29, 0x13, 0x19, 0x29, 0x13, 0x19, 0x29, 0x13, 0x19, 0x29, 0x13, 0x19, 0x29, 0x13, 0x19, 0x29, 0x13, 0x19, 0x29, 0x13, 0x19, 0x29, 0x13, 0x19, 0x29, 0x13, 0x19, 0x29, 0x13, 0x19, 0x29, 0x13, 0x19, 0x29, 0x13, 0x19, 0x29, 
        0x13, 0x19, 0x29, 0x13, 0x19, 0x29, 0x13, 0x19, 0x29, 0x13, 0x19, 0x29, 0x13, 0x19, 0x29, 0x13, 0x19, 0x29, 0x13, 0x19, 0x29, 0x13, 0x19, 0x29, 0x13, 0x19, 0x29, 0x13, 0x19, 0x29, 0x13, 0x19, 0x29, 0x13, 0x19, 0x29, 0x13, 0x19, 0x29, 
        0x13, 0x19, 0x29, 0x13, 0x19, 0x29, 0x13, 0x19, 0x29, 0x13, 0x19, 0x29,
  0x13, 0x19, 0x29, 0x13, 0x19, 0x29, 0x13, 0x19, 0x29, 0x13, 0x19, 0x29, 0x13, 0x19, 0x29, 0x13, 0x19, 0x29, 0x13, 0x19, 0x29, 0x13, 0x19, 0x29, 0x13, 0x19, 0x29, 0x13, 0x19, 0x29, 0x13, 0x19, 0x29, 0x13, 0x19, 0x29, 0x13, 0x19, 0x29, 0x13, 0x19, 0x29, 
        0x13, 0x19, 0x29, 0x13, 0x19, 0x29, 0x13, 0x19, 0x29, 0x13, 0x19, 0x29, 0x13, 0x19, 0x29, 0x13, 0x19, 0x29, 0x13, 0x19, 0x29, 0x13, 0x19, 0x29, 0x13, 0x19, 0x29, 0x13, 0x19, 0x29, 0x13, 0x19, 0x29, 0x13, 0x19, 0x29, 0x13, 0x19, 0x29, 
        0x13, 0x19, 0x29, 0x13, 0x19, 0x29, 0x13, 0x19, 0x29, 0x13, 0x19, 0x29, 0x13, 0x19, 0x29, 0x13, 0x19, 0x29, 0x13, 0x19, 0x29, 0x13, 0x19, 0x29, 0x13, 0x19, 0x29, 0x13, 0x19, 0x29, 0x13, 0x19, 0x29, 0x13, 0x19, 0x29, 0x13, 0x19, 0x29, 
        0x13, 0x19, 0x29, 0x13, 0x19, 0x29, 0x13, 0x19, 0x29, 0x13, 0x19, 0x29, 0x13, 0x19, 0x29, 0x13, 0x19, 0x29, 0x13, 0x19, 0x29, 0x13, 0x19, 0x29, 0x13, 0x19, 0x29, 0x13, 0x19, 0x29, 0x13, 0x19, 0x29, 0x13, 0x19, 0x29, 0x13, 0x19, 0x29, 
        0x13, 0x19, 0x29, 0x13, 0x19, 0x29, 0x13, 0x19, 0x29, 0x13, 0x19, 0x29, 0x13, 0x19, 0x29, 0x13, 0x19, 0x29, 0x13, 0x19, 0x29, 0x13, 0x19, 0x29, 0x13, 0x19, 0x29, 0x13, 0x19, 0x29, 0x13, 0x19, 0x29, 0x13, 0x19, 0x29, 0x13, 0x19, 0x29, 
        0x13, 0x19, 0x29, 0x13, 0x19, 0x29, 0x13, 0x19, 0x29, 0x13, 0x19, 0x29, 0x13, 0x19, 0x29, 0x13, 0x19, 0x29, 0x13, 0x19, 0x29, 0x13, 0x19, 0x29, 0x13, 0x19, 0x29, 0x13, 0x19, 0x29, 0x13, 0x19, 0x29, 0x13, 0x19, 0x29, 0x13, 0x19, 0x29, 
        0x13, 0x19, 0x29, 0x13, 0x19, 0x29, 0x13, 0x19, 0x29, 0x35, 0x3A, 0x48, 0xF8, 0xF8, 0xF9, 0xFF, 0xFF, 0xFF, 0x70, 0x74, 0x7E, 0x13, 0x19, 0x29, 0x13, 0x19, 0x29, 0x13, 0x19, 0x29, 0x13, 0x19, 0x29, 0x13, 0x19, 0x29, 0x13, 0x19, 0x29, 
        0x13, 0x19, 0x29, 0x13, 0x19, 0x29, 0x13, 0x19, 0x29, 0x13, 0x19, 0x29, 0x13, 0x19, 0x29, 0x38, 0x3D, 0x4A, 0xFE, 0xFE, 0xFE, 0xFE, 0xFE, 0xFE, 0xBC, 0xBE, 0xC2, 0x13, 0x19, 0x29, 0x13, 0x19, 0x29, 0x13, 0x19, 0x29, 0x13, 0x19, 0x29, 
        0x13, 0x19, 0x29, 0x13, 0x19, 0x29, 0x13, 0x19, 0x29, 0x13, 0x19, 0x29, 0x13, 0x19, 0x29, 0x13, 0x19, 0x29, 0x13, 0x19, 0x29, 0x13, 0x19, 0x29, 0x13, 0x19, 0x29, 0x70, 0x74, 0x7E, 0xFF, 0xFF, 0xFF, 0xF8, 0xF8, 0xF9, 0x35, 0x3A, 0x48, 
        0x13, 0x19, 0x29, 0x13, 0x19, 0x29, 0x13, 0x19, 0x29, 0x13, 0x19, 0x29, 0x13, 0x19, 0x29, 0x13, 0x19, 0x29, 0x13, 0x19, 0x29, 0x13, 0x19, 0x29, 0x13, 0x19, 0x29, 0x13, 0x19, 0x29, 0x13, 0x19, 0x29, 0x13, 0x19, 0x29, 0x13, 0x19, 0x29, 
        0x13, 0x19, 0x29, 0x13, 0x19, 0x29, 0x13, 0x19, 0x29, 0x13, 0x19, 0x29, 0x13, 0x19, 0x29, 0x13, 0x19, 0x29, 0x13, 0x19, 0x29, 0x13, 0x19, 0x29, 0x13, 0x19, 0x29, 0x13, 0x19, 0x29, 0x13, 0x19, 0x29, 0x13, 0x19, 0x29, 0x13, 0x19, 0x29, 
        0x13, 0x19, 0x29, 0x13, 0x19, 0x29, 0x13, 0x19, 0x29, 0x13, 0x19, 0x29, 0x13, 0x19, 0x29, 0x13, 0x19, 0x29, 0x13, 0x19, 0x29, 0x13, 0x19, 0x29, 0x13, 0x19, 0x29, 0x13, 0x19, 0x29, 0x13, 0x19, 0x29, 0x13, 0x19, 0x29, 0x13, 0x19, 0x29, 
        0x13, 0x19, 0x29, 0x13, 0x19, 0x29, 0x13, 0x19, 0x29, 0x13, 0x19, 0x29, 0x13, 0x19, 0x29, 0x13, 0x19, 0x29, 0x13, 0x19, 0x29, 0x13, 0x19, 0x29, 0x13, 0x19, 0x29, 0x13, 0x19, 0x29, 0x13, 0x19, 0x29, 0x13, 0x19, 0x29, 0x13, 0x19, 0x29, 
        0x13, 0x19, 0x29, 0x13, 0x19, 0x29, 0x13, 0x19, 0x29, 0x13, 0x19, 0x29, 0x13, 0x19, 0x29, 0x13, 0x19, 0x29, 0x13, 0x19, 0x29, 0x13, 0x19, 0x29, 0x13, 0x19, 0x29, 0x13, 0x19, 0x29, 0x13, 0x19, 0x29, 0x13, 0x19, 0x29, 0x13, 0x19, 0x29, 
        0x13, 0x19, 0x29, 0x13, 0x19, 0x29, 0x13, 0x19, 0x29, 0x13, 0x19, 0x29, 0x13, 0x19, 0x29, 0x13, 0x19, 0x29, 0x13, 0x19, 0x29, 0x13, 0x19, 0x29, 0x13, 0x19, 0x29, 0x13, 0x19, 0x29, 0x13, 0x19, 0x29, 0x13, 0x19, 0x29, 0x13, 0x19, 0x29, 
        0x13, 0x19, 0x29, 0x13, 0x19, 0x29, 0x13, 0x19, 0x29, 0x13, 0x19, 0x29,
  0x13, 0x19, 0x29, 0x13, 0x19, 0x29, 0x13, 0x19, 0x29, 0x13, 0x19, 0x29, 0x13, 0x19, 0x29, 0x13, 0x19, 0x29, 0x13, 0x19, 0x29, 0x13, 0x19, 0x29, 0x13, 0x19, 0x29, 0x13, 0x19, 0x29, 0x13, 0x19, 0x29, 0x13, 0x19, 0x29, 0x13, 0x19, 0x29, 0x13, 0x19, 0x29, 
        0x13, 0x19, 0x29, 0x13, 0x19, 0x29, 0x13, 0x19, 0x29, 0x13, 0x19, 0x29, 0x13, 0x19, 0x29, 0x13, 0x19, 0x29, 0x13, 0x19, 0x29, 0x13, 0x19, 0x29, 0x13, 0x19, 0x29, 0x13, 0x19, 0x29, 0x13, 0x19, 0x29, 0x13, 0x19, 0x29, 0x13, 0x19, 0x29, 
        0x13, 0x19, 0x29, 0x13, 0x19, 0x29, 0x13, 0x19, 0x29, 0x13, 0x19, 0x29, 0x13, 0x19, 0x29, 0x13, 0x19, 0x29, 0x13, 0x19, 0x29, 0x13, 0x19, 0x29, 0x13, 0x19, 0x29, 0x13, 0x19, 0x29, 0x13, 0x19, 0x29, 0x13, 0x19, 0x29, 0x13, 0x19, 0x29, 
        0x13, 0x19, 0x29, 0x13, 0x19, 0x29, 0x13, 0x19, 0x29, 0x13, 0x19, 0x29, 0x13, 0x19, 0x29, 0x13, 0x19, 0x29, 0x13, 0x19, 0x29, 0x13, 0x19, 0x29, 0x13, 0x19, 0x29, 0x13, 0x19, 0x29, 0x13, 0x19, 0x29, 0x13, 0x19, 0x29, 0x13, 0x19, 0x29, 
        0x13, 0x19, 0x29, 0x13, 0x19, 0x29, 0x13, 0x19, 0x29, 0x13, 0x19, 0x29, 0x13, 0x19, 0x29, 0x13, 0x19, 0x29, 0x13, 0x19, 0x29, 0x13, 0x19, 0x29, 0x13, 0x19, 0x29, 0x13, 0x19, 0x29, 0x13, 0x19, 0x29, 0x13, 0x19, 0x29, 0x13, 0x19, 0x29, 
        0x13, 0x19, 0x29, 0x13, 0x19, 0x29, 0x13, 0x19, 0x29, 0x13, 0x19, 0x29, 0x13, 0x19, 0x29, 0x13, 0x19, 0x29, 0x13, 0x19, 0x29, 0x13, 0x19, 0x29, 0x13, 0x19, 0x29, 0x13, 0x19, 0x29, 0x13, 0x19, 0x29, 0x13, 0x19, 0x29, 0x13, 0x19, 0x29, 
        0x13, 0x19, 0x29, 0x13, 0x19, 0x29, 0x13, 0x19, 0x29, 0xB0, 0xB2, 0xB7, 0xFF, 0xFF, 0xFF, 0xC6, 0xC7, 0xCB, 0x14, 0x1A, 0x2A, 0x13, 0x19, 0x29, 0x13, 0x19, 0x29, 0x13, 0x19, 0x29, 0x13, 0x19, 0x29, 0x13, 0x19, 0x29, 0x13, 0x19, 0x29, 
        0x13, 0x19, 0x29, 0x13, 0x19, 0x29, 0x13, 0x19, 0x29, 0x13, 0x19, 0x29, 0x13, 0x19, 0x29, 0x1D, 0x23, 0x32, 0xDE, 0xDF, 0xE1, 0xFE, 0xFE, 0xFE, 0x81, 0x84, 0x8C, 0x13, 0x19, 0x29, 0x13, 0x19, 0x29, 0x13, 0x19, 0x29, 0x13, 0x19, 0x29, 
        0x13, 0x19, 0x29, 0x13, 0x19, 0x29, 0x13, 0x19, 0x29, 0x13, 0x19, 0x29, 0x13, 0x19, 0x29, 0x13, 0x19, 0x29, 0x13, 0x19, 0x29, 0x13, 0x19, 0x29, 0x13, 0x19, 0x29, 0x14, 0x1A, 0x2A, 0xC6, 0xC7, 0xCB, 0xFF, 0xFF, 0xFF, 0xAF, 0xB1, 0xB6, 
        0x13, 0x19, 0x29, 0x13, 0x19, 0x29, 0x13, 0x19, 0x29, 0x13, 0x19, 0x29, 0x13, 0x19, 0x29, 0x13, 0x19, 0x29, 0x13, 0x19, 0x29, 0x13, 0x19, 0x29, 0x13, 0x19, 0x29, 0x13, 0x19, 0x29, 0x13, 0x19, 0x29, 0x13, 0x19, 0x29, 0x13, 0x19, 0x29, 
        0x13, 0x19, 0x29, 0x13, 0x19, 0x29, 0x13, 0x19, 0x29, 0x13, 0x19, 0x29, 0x13, 0x19, 0x29, 0x13, 0x19, 0x29, 0x13, 0x19, 0x29, 0x13, 0x19, 0x29, 0x13, 0x19, 0x29, 0x13, 0x19, 0x29, 0x13, 0x19, 0x29, 0x13, 0x19, 0x29, 0x13, 0x19, 0x29, 
        0x13, 0x19, 0x29, 0x13, 0x19, 0x29, 0x13, 0x19, 0x29, 0x13, 0x19, 0x29, 0x13, 0x19, 0x29, 0x13, 0x19, 0x29, 0x13, 0x19, 0x29, 0x13, 0x19, 0x29, 0x13, 0x19, 0x29, 0x13, 0x19, 0x29, 0x13, 0x19, 0x29, 0x13, 0x19, 0x29, 0x13, 0x19, 0x29, 
        0x13, 0x19, 0x29, 0x13, 0x19, 0x29, 0x13, 0x19, 0x29, 0x13, 0x19, 0x29, 0x13, 0x19, 0x29, 0x13, 0x19, 0x29, 0x13, 0x19, 0x29, 0x13, 0x19, 0x29, 0x13, 0x19, 0x29, 0x13, 0x19, 0x29, 0x13, 0x19, 0x29, 0x13, 0x19, 0x29, 0x13, 0x19, 0x29, 
        0x13, 0x19, 0x29, 0x13, 0x19, 0x29, 0x13, 0x19, 0x29, 0x13, 0x19, 0x29, 0x13, 0x19, 0x29, 0x13, 0x19, 0x29, 0x13, 0x19, 0x29, 0x13, 0x19, 0x29, 0x13, 0x19, 0x29, 0x13, 0x19, 0x29, 0x13, 0x19, 0x29, 0x13, 0x19, 0x29, 0x13, 0x19, 0x29, 
        0x13, 0x19, 0x29, 0x13, 0x19, 0x29, 0x13, 0x19, 0x29, 0x13, 0x19, 0x29, 0x13, 0x19, 0x29, 0x13, 0x19, 0x29, 0x13, 0x19, 0x29, 0x13, 0x19, 0x29, 0x13, 0x19, 0x29, 0x13, 0x19, 0x29, 0x13, 0x19, 0x29, 0x13, 0x19, 0x29, 0x13, 0x19, 0x29, 
        0x13, 0x19, 0x29, 0x13, 0x19, 0x29, 0x13, 0x19, 0x29, 0x13, 0x19, 0x29,
  0x13, 0x19, 0x29, 0x13, 0x19, 0x29, 0x13, 0x19, 0x29, 0x13, 0x19, 0x29, 0x13, 0x19, 0x29, 0x13, 0x19, 0x29, 0x13, 0x19, 0x29, 0x13, 0x19, 0x29, 0x13, 0x19, 0x29, 0x13, 0x19, 0x29, 0x13, 0x19, 0x29, 0x13, 0x19, 0x29, 0x13, 0x19, 0x29, 0x13, 0x19, 0x29, 
        0x13, 0x19, 0x29, 0x13, 0x19, 0x29, 0x13, 0x19, 0x29, 0x13, 0x19, 0x29, 0x13, 0x19, 0x29, 0x13, 0x19, 0x29, 0x13, 0x19, 0x29, 0x13, 0x19, 0x29, 0x13, 0x19, 0x29, 0x13, 0x19, 0x29, 0x13, 0x19, 0x29, 0x13, 0x19, 0x29, 0x13, 0x19, 0x29, 
        0x13, 0x19, 0x29, 0x13, 0x19, 0x29, 0x13, 0x19, 0x29, 0x13, 0x19, 0x29, 0x13, 0x19, 0x29, 0x13, 0x19, 0x29, 0x13, 0x19, 0x29, 0x13, 0x19, 0x29, 0x13, 0x19, 0x29, 0x13, 0x19, 0x29, 0x13, 0x19, 0x29, 0x13, 0x19, 0x29, 0x13, 0x19, 0x29, 
        0x13, 0x19, 0x29, 0x13, 0x19, 0x29, 0x13, 0x19, 0x29, 0x13, 0x19, 0x29, 0x13, 0x19, 0x29, 0x13, 0x19, 0x29, 0x13, 0x19, 0x29, 0x13, 0x19, 0x29, 0x13, 0x19, 0x29, 0x13, 0x19, 0x29, 0x13, 0x19, 0x29, 0x13, 0x19, 0x29, 0x13, 0x19, 0x29, 
        0x13, 0x19, 0x29, 0x13, 0x19, 0x29, 0x13, 0x19, 0x29, 0x13, 0x19, 0x29, 0x13, 0x19, 0x29, 0x13, 0x19, 0x29, 0x13, 0x19, 0x29, 0x13, 0x19, 0x29, 0x13, 0x19, 0x29, 0x13, 0x19, 0x29, 0x13, 0x19, 0x29, 0x13, 0x19, 0x29, 0x13, 0x19, 0x29, 
        0x13, 0x19, 0x29, 0x13, 0x19, 0x29, 0x13, 0x19, 0x29, 0x13, 0x19, 0x29, 0x13, 0x19, 0x29, 0x13, 0x19, 0x29, 0x13, 0x19, 0x29, 0x13, 0x19, 0x29, 0x13, 0x19, 0x29, 0x13, 0x19, 0x29, 0x13, 0x19, 0x29, 0x13, 0x19, 0x29, 0x13, 0x19, 0x29, 
        0x13, 0x19, 0x29, 0x13, 0x19, 0x29, 0x36, 0x3B, 0x49, 0xFD, 0xFD, 0xFD, 0xFF, 0xFF, 0xFF, 0x46, 0x4A, 0x57, 0x13, 0x19, 0x29, 0x13, 0x19, 0x29, 0x13, 0x19, 0x29, 0x13, 0x19, 0x29, 0x13, 0x19, 0x29, 0x13, 0x19, 0x29, 0x13, 0x19, 0x29, 
        0x13, 0x19, 0x29, 0x13, 0x19, 0x29, 0x13, 0x19, 0x29, 0x13, 0x19, 0x29, 0x13, 0x19, 0x29, 0x13, 0x19, 0x29, 0x1C, 0x22, 0x31, 0x31, 0x36, 0x44, 0x13, 0x19, 0x29, 0x13, 0x19, 0x29, 0x13, 0x19, 0x29, 0x13, 0x19, 0x29, 0x13, 0x19, 0x29, 
        0x13, 0x19, 0x29, 0x13, 0x19, 0x29, 0x13, 0x19, 0x29, 0x13, 0x19, 0x29, 0x13, 0x19, 0x29, 0x13, 0x19, 0x29, 0x13, 0x19, 0x29, 0x13, 0x19, 0x29, 0x13, 0x19, 0x29, 0x13, 0x19, 0x29, 0x46, 0x4A, 0x57, 0xFF, 0xFF, 0xFF, 0xFD, 0xFD, 0xFD, 
        0x36, 0x3B, 0x49, 0x13, 0x19, 0x29, 0x13, 0x19, 0x29, 0x13, 0x19, 0x29, 0x13, 0x19, 0x29, 0x13, 0x19, 0x29, 0x13, 0x19, 0x29, 0x13, 0x19, 0x29, 0x13, 0x19, 0x29, 0x13, 0x19, 0x29, 0x13, 0x19, 0x29, 0x13, 0x19, 0x29, 0x13, 0x19, 0x29, 
        0x13, 0x19, 0x29, 0x13, 0x19, 0x29, 0x13, 0x19, 0x29, 0x13, 0x19, 0x29, 0x13, 0x19, 0x29, 0x13, 0x19, 0x29, 0x13, 0x19, 0x29, 0x13, 0x19, 0x29, 0x13, 0x19, 0x29, 0x13, 0x19, 0x29, 0x13, 0x19, 0x29, 0x13, 0x19, 0x29, 0x13, 0x19, 0x29, 
        0x13, 0x19, 0x29, 0x13, 0x19, 0x29, 0x13, 0x19, 0x29, 0x13, 0x19, 0x29, 0x13, 0x19, 0x29, 0x13, 0x19, 0x29, 0x13, 0x19, 0x29, 0x13, 0x19, 0x29, 0x13, 0x19, 0x29, 0x13, 0x19, 0x29, 0x13, 0x19, 0x29, 0x13, 0x19, 0x29, 0x13, 0x19, 0x29, 
        0x13, 0x19, 0x29, 0x13, 0x19, 0x29, 0x13, 0x19, 0x29, 0x13, 0x19, 0x29, 0x13, 0x19, 0x29, 0x13, 0x19, 0x29, 0x13, 0x19, 0x29, 0x13, 0x19, 0x29, 0x13, 0x19, 0x29, 0x13, 0x19, 0x29, 0x13, 0x19, 0x29, 0x13, 0x19, 0x29, 0x13, 0x19, 0x29, 
        0x13, 0x19, 0x29, 0x13, 0x19, 0x29, 0x13, 0x19, 0x29, 0x13, 0x19, 0x29, 0x13, 0x19, 0x29, 0x13, 0x19, 0x29, 0x13, 0x19, 0x29, 0x13, 0x19, 0x29, 0x13, 0x19, 0x29, 0x13, 0x19, 0x29, 0x13, 0x19, 0x29, 0x13, 0x19, 0x29, 0x13, 0x19, 0x29, 
        0x13, 0x19, 0x29, 0x13, 0x19, 0x29, 0x13, 0x19, 0x29, 0x13, 0x19, 0x29, 0x13, 0x19, 0x29, 0x13, 0x19, 0x29, 0x13, 0x19, 0x29, 0x13, 0x19, 0x29, 0x13, 0x19, 0x29, 0x13, 0x19, 0x29, 0x13, 0x19, 0x29, 0x13, 0x19, 0x29, 0x13, 0x19, 0x29, 
        0x13, 0x19, 0x29, 0x13, 0x19, 0x29, 0x13, 0x19, 0x29, 0x13, 0x19, 0x29,
  0x13, 0x19, 0x29, 0x13, 0x19, 0x29, 0x13, 0x19, 0x29, 0x13, 0x19, 0x29, 0x13, 0x19, 0x29, 0x13, 0x19, 0x29, 0x13, 0x19, 0x29, 0x13, 0x19, 0x29, 0x13, 0x19, 0x29, 0x13, 0x19, 0x29, 0x13, 0x19, 0x29, 0x13, 0x19, 0x29, 0x13, 0x19, 0x29, 0x13, 0x19, 0x29, 
        0x13, 0x19, 0x29, 0x13, 0x19, 0x29, 0x13, 0x19, 0x29, 0x13, 0x19, 0x29, 0x13, 0x19, 0x29, 0x13, 0x19, 0x29, 0x13, 0x19, 0x29, 0x13, 0x19, 0x29, 0x13, 0x19, 0x29, 0x13, 0x19, 0x29, 0x13, 0x19, 0x29, 0x13, 0x19, 0x29, 0x13, 0x19, 0x29, 
        0x13, 0x19, 0x29, 0x13, 0x19, 0x29, 0x13, 0x19, 0x29, 0x13, 0x19, 0x29, 0x13, 0x19, 0x29, 0x13, 0x19, 0x29, 0x13, 0x19, 0x29, 0x13, 0x19, 0x29, 0x13, 0x19, 0x29, 0x13, 0x19, 0x29, 0x13, 0x19, 0x29, 0x13, 0x19, 0x29, 0x13, 0x19, 0x29, 
        0x13, 0x19, 0x29, 0x13, 0x19, 0x29, 0x13, 0x19, 0x29, 0x13, 0x19, 0x29, 0x13, 0x19, 0x29, 0x13, 0x19, 0x29, 0x13, 0x19, 0x29, 0x13, 0x19, 0x29, 0x13, 0x19, 0x29, 0x13, 0x19, 0x29, 0x13, 0x19, 0x29, 0x13, 0x19, 0x29, 0x13, 0x19, 0x29, 
        0x13, 0x19, 0x29, 0x13, 0x19, 0x29, 0x13, 0x19, 0x29, 0x13, 0x19, 0x29, 0x13, 0x19, 0x29, 0x13, 0x19, 0x29, 0x13, 0x19, 0x29, 0x13, 0x19, 0x29, 0x13, 0x19, 0x29, 0x13, 0x19, 0x29, 0x13, 0x19, 0x29, 0x13, 0x19, 0x29, 0x13, 0x19, 0x29, 
        0x13, 0x19, 0x29, 0x13, 0x19, 0x29, 0x13, 0x19, 0x29, 0x13, 0x19, 0x29, 0x13, 0x19, 0x29, 0x13, 0x19, 0x29, 0x13, 0x19, 0x29, 0x13, 0x19, 0x29, 0x13, 0x19, 0x29, 0x13, 0x19, 0x29, 0x13, 0x19, 0x29, 0x13, 0x19, 0x29, 0x13, 0x19, 0x29, 
        0x13, 0x19, 0x29, 0x13, 0x19, 0x29, 0x92, 0x95, 0x9C, 0xFF, 0xFF, 0xFF, 0xC3, 0xC5, 0xC9, 0x13, 0x19, 0x29, 0x13, 0x19, 0x29, 0x13, 0x19, 0x29, 0x13, 0x19, 0x29, 0x13, 0x19, 0x29, 0x13, 0x19, 0x29, 0x13, 0x19, 0x29, 0x13, 0x19, 0x29, 
        0x13, 0x19, 0x29, 0x13, 0x19, 0x29, 0x13, 0x19, 0x29, 0x13, 0x19, 0x29, 0x13, 0x19, 0x29, 0x13, 0x19, 0x29, 0x13, 0x19, 0x29, 0x13, 0x19, 0x29, 0x13, 0x19, 0x29, 0x13, 0x19, 0x29, 0x13, 0x19, 0x29, 0x13, 0x19, 0x29, 0x13, 0x19, 0x29, 
        0x13, 0x19, 0x29, 0x13, 0x19, 0x29, 0x13, 0x19, 0x29, 0x13, 0x19, 0x29, 0x13, 0x19, 0x29, 0x13, 0x19, 0x29, 0x13, 0x19, 0x29, 0x13, 0x19, 0x29, 0x13, 0x19, 0x29, 0x13, 0x19, 0x29, 0x13, 0x19, 0x29, 0xC3, 0xC5, 0xC9, 0xFF, 0xFF, 0xFF, 
        0x92, 0x95, 0x9C, 0x13, 0x19, 0x29, 0x13, 0x19, 0x29, 0x13, 0x19, 0x29, 0x13, 0x19, 0x29, 0x13, 0x19, 0x29, 0x13, 0x19, 0x29, 0x13, 0x19, 0x29, 0x13, 0x19, 0x29, 0x13, 0x19, 0x29, 0x13, 0x19, 0x29, 0x13, 0x19, 0x29, 0x13, 0x19, 0x29, 
        0x13, 0x19, 0x29, 0x13, 0x19, 0x29, 0x13, 0x19, 0x29, 0x13, 0x19, 0x29, 0x13, 0x19, 0x29, 0x13, 0x19, 0x29, 0x13, 0x19, 0x29, 0x13, 0x19, 0x29, 0x13, 0x19, 0x29, 0x13, 0x19, 0x29, 0x13, 0x19, 0x29, 0x13, 0x19, 0x29, 0x13, 0x19, 0x29, 
        0x13, 0x19, 0x29, 0x13, 0x19, 0x29, 0x13, 0x19, 0x29, 0x13, 0x19, 0x29, 0x13, 0x19, 0x29, 0x13, 0x19, 0x29, 0x13, 0x19, 0x29, 0x13, 0x19, 0x29, 0x13, 0x19, 0x29, 0x13, 0x19, 0x29, 0x13, 0x19, 0x29, 0x13, 0x19, 0x29, 0x13, 0x19, 0x29, 
        0x13, 0x19, 0x29, 0x13, 0x19, 0x29, 0x13, 0x19, 0x29, 0x13, 0x19, 0x29, 0x13, 0x19, 0x29, 0x13, 0x19, 0x29, 0x13, 0x19, 0x29, 0x13, 0x19, 0x29, 0x13, 0x19, 0x29, 0x13, 0x19, 0x29, 0x13, 0x19, 0x29, 0x13, 0x19, 0x29, 0x13, 0x19, 0x29, 
        0x13, 0x19, 0x29, 0x13, 0x19, 0x29, 0x13, 0x19, 0x29, 0x13, 0x19, 0x29, 0x13, 0x19, 0x29, 0x13, 0x19, 0x29, 0x13, 0x19, 0x29, 0x13, 0x19, 0x29, 0x13, 0x19, 0x29, 0x13, 0x19, 0x29, 0x13, 0x19, 0x29, 0x13, 0x19, 0x29, 0x13, 0x19, 0x29, 
        0x13, 0x19, 0x29, 0x13, 0x19, 0x29, 0x13, 0x19, 0x29, 0x13, 0x19, 0x29, 0x13, 0x19, 0x29, 0x13, 0x19, 0x29, 0x13, 0x19, 0x29, 0x13, 0x19, 0x29, 0x13, 0x19, 0x29, 0x13, 0x19, 0x29, 0x13, 0x19, 0x29, 0x13, 0x19, 0x29, 0x13, 0x19, 0x29, 
        0x13, 0x19, 0x29, 0x13, 0x19, 0x29, 0x13, 0x19, 0x29, 0x13, 0x19, 0x29,
  0x13, 0x19, 0x29, 0x13, 0x19, 0x29, 0x13, 0x19, 0x29, 0x13, 0x19, 0x29, 0x13, 0x19, 0x29, 0x13, 0x19, 0x29, 0x13, 0x19, 0x29, 0x13, 0x19, 0x29, 0x13, 0x19, 0x29, 0x13, 0x19, 0x29, 0x13, 0x19, 0x29, 0x13, 0x19, 0x29, 0x13, 0x19, 0x29, 0x13, 0x19, 0x29, 
        0x13, 0x19, 0x29, 0x13, 0x19, 0x29, 0x13, 0x19, 0x29, 0x13, 0x19, 0x29, 0x13, 0x19, 0x29, 0x13, 0x19, 0x29, 0x13, 0x19, 0x29, 0x13, 0x19, 0x29, 0x13, 0x19, 0x29, 0x13, 0x19, 0x29, 0x13, 0x19, 0x29, 0x13, 0x19, 0x29, 0x13, 0x19, 0x29, 
        0x13, 0x19, 0x29, 0x13, 0x19, 0x29, 0x13, 0x19, 0x29, 0x13, 0x19, 0x29, 0x13, 0x19, 0x29, 0x13, 0x19, 0x29, 0x13, 0x19, 0x29, 0x13, 0x19, 0x29, 0x13, 0x19, 0x29, 0x13, 0x19, 0x29, 0x13, 0x19, 0x29, 0x13, 0x19, 0x29, 0x13, 0x19, 0x29, 
        0x13, 0x19, 0x29, 0x13, 0x19, 0x29, 0x13, 0x19, 0x29, 0x13, 0x19, 0x29, 0x13, 0x19, 0x29, 0x13, 0x19, 0x29, 0x13, 0x19, 0x29, 0x13, 0x19, 0x29, 0x13, 0x19, 0x29, 0x13, 0x19, 0x29, 0x13, 0x19, 0x29, 0x13, 0x19, 0x29, 0x13, 0x19, 0x29, 
        0x13, 0x19, 0x29, 0x13, 0x19, 0x29, 0x13, 0x19, 0x29, 0x13, 0x19, 0x29, 0x13, 0x19, 0x29, 0x13, 0x19, 0x29, 0x13, 0x19, 0x29, 0x13, 0x19, 0x29, 0x13, 0x19, 0x29, 0x13, 0x19, 0x29, 0x13, 0x19, 0x29, 0x13, 0x19, 0x29, 0x13, 0x19, 0x29, 
        0x13, 0x19, 0x29, 0x13, 0x19, 0x29, 0x13, 0x19, 0x29, 0x13, 0x19, 0x29, 0x13, 0x19, 0x29, 0x13, 0x19, 0x29, 0x13, 0x19, 0x29, 0x13, 0x19, 0x29, 0x13, 0x19, 0x29, 0x13, 0x19, 0x29, 0x13, 0x19, 0x29, 0x13, 0x19, 0x29, 0x13, 0x19, 0x29, 
        0x13, 0x19, 0x29, 0x14, 0x1A, 0x2A, 0xE5, 0xE6, 0xE8, 0xFF, 0xFF, 0xFF, 0x68, 0x6C, 0x76, 0x13, 0x19, 0x29, 0x13, 0x19, 0x29, 0x13, 0x19, 0x29, 0x13, 0x19, 0x29, 0x13, 0x19, 0x29, 0x13, 0x19, 0x29, 0x13, 0x19, 0x29, 0x13, 0x19, 0x29, 
        0x13, 0x19, 0x29, 0x13, 0x19, 0x29, 0x13, 0x19, 0x29, 0x13, 0x19, 0x29, 0x63, 0x67, 0x72, 0xEC, 0xEC, 0xEE, 0xEC, 0xEC, 0xEE, 0xF4, 0xF4, 0xF5, 0xA7, 0xA9, 0xB0, 0x13, 0x19, 0x29, 0x13, 0x19, 0x29, 0x13, 0x19, 0x29, 0x13, 0x19, 0x29, 
        0x13, 0x19, 0x29, 0x13, 0x19, 0x29, 0x13, 0x19, 0x29, 0x13, 0x19, 0x29, 0x13, 0x19, 0x29, 0x13, 0x19, 0x29, 0x13, 0x19, 0x29, 0x13, 0x19, 0x29, 0x13, 0x19, 0x29, 0x13, 0x19, 0x29, 0x13, 0x19, 0x29, 0x68, 0x6C, 0x76, 0xFF, 0xFF, 0xFF, 
        0xE5, 0xE6, 0xE8, 0x14, 0x1A, 0x2A, 0x13, 0x19, 0x29, 0x13, 0x19, 0x29, 0x13, 0x19, 0x29, 0x13, 0x19, 0x29, 0x13, 0x19, 0x29, 0x13, 0x19, 0x29, 0x13, 0x19, 0x29, 0x13, 0x19, 0x29, 0x13, 0x19, 0x29, 0x13, 0x19, 0x29, 0x13, 0x19, 0x29, 
        0x13, 0x19, 0x29, 0x13, 0x19, 0x29, 0x13, 0x19, 0x29, 0x13, 0x19, 0x29, 0x13, 0x19, 0x29, 0x13, 0x19, 0x29, 0x13, 0x19, 0x29, 0x13, 0x19, 0x29, 0x13, 0x19, 0x29, 0x13, 0x19, 0x29, 0x13, 0x19, 0x29, 0x13, 0x19, 0x29, 0x13, 0x19, 0x29, 
        0x13, 0x19, 0x29, 0x13, 0x19, 0x29, 0x13, 0x19, 0x29, 0x13, 0x19, 0x29, 0x13, 0x19, 0x29, 0x13, 0x19, 0x29, 0x13, 0x19, 0x29, 0x13, 0x19, 0x29, 0x13, 0x19, 0x29, 0x13, 0x19, 0x29, 0x13, 0x19, 0x29, 0x13, 0x19, 0x29, 0x13, 0x19, 0x29, 
        0x13, 0x19, 0x29, 0x13, 0x19, 0x29, 0x13, 0x19, 0x29, 0x13, 0x19, 0x29, 0x13, 0x19, 0x29, 0x13, 0x19, 0x29, 0x13, 0x19, 0x29, 0x13, 0x19, 0x29, 0x13, 0x19, 0x29, 0x13, 0x19, 0x29, 0x13, 0x19, 0x29, 0x13, 0x19, 0x29, 0x13, 0x19, 0x29, 
        0x13, 0x19, 0x29, 0x13, 0x19, 0x29, 0x13, 0x19, 0x29, 0x13, 0x19, 0x29, 0x13, 0x19, 0x29, 0x13, 0x19, 0x29, 0x13, 0x19, 0x29, 0x13, 0x19, 0x29, 0x13, 0x19, 0x29, 0x13, 0x19, 0x29, 0x13, 0x19, 0x29, 0x13, 0x19, 0x29, 0x13, 0x19, 0x29, 
        0x13, 0x19, 0x29, 0x13, 0x19, 0x29, 0x13, 0x19, 0x29, 0x13, 0x19, 0x29, 0x13, 0x19, 0x29, 0x13, 0x19, 0x29, 0x13, 0x19, 0x29, 0x13, 0x19, 0x29, 0x13, 0x19, 0x29, 0x13, 0x19, 0x29, 0x13, 0x19, 0x29, 0x13, 0x19, 0x29, 0x13, 0x19, 0x29, 
        0x13, 0x19, 0x29, 0x13, 0x19, 0x29, 0x13, 0x19, 0x29, 0x13, 0x19, 0x29,
  0x13, 0x19, 0x29, 0x13, 0x19, 0x29, 0x13, 0x19, 0x29, 0x13, 0x19, 0x29, 0x13, 0x19, 0x29, 0x13, 0x19, 0x29, 0x13, 0x19, 0x29, 0x13, 0x19, 0x29, 0x13, 0x19, 0x29, 0x13, 0x19, 0x29, 0x13, 0x19, 0x29, 0x13, 0x19, 0x29, 0x13, 0x19, 0x29, 0x13, 0x19, 0x29, 
        0x13, 0x19, 0x29, 0x13, 0x19, 0x29, 0x13, 0x19, 0x29, 0x13, 0x19, 0x29, 0x13, 0x19, 0x29, 0x13, 0x19, 0x29, 0x13, 0x19, 0x29, 0x13, 0x19, 0x29, 0x13, 0x19, 0x29, 0x13, 0x19, 0x29, 0x13, 0x19, 0x29, 0x13, 0x19, 0x29, 0x13, 0x19, 0x29, 
        0x13, 0x19, 0x29, 0x13, 0x19, 0x29, 0x13, 0x19, 0x29, 0x13, 0x19, 0x29, 0x13, 0x19, 0x29, 0x13, 0x19, 0x29, 0x13, 0x19, 0x29, 0x13, 0x19, 0x29, 0x13, 0x19, 0x29, 0x13, 0x19, 0x29, 0x13, 0x19, 0x29, 0x13, 0x19, 0x29, 0x13, 0x19, 0x29, 
        0x13, 0x19, 0x29, 0x13, 0x19, 0x29, 0x13, 0x19, 0x29, 0x13, 0x19, 0x29, 0x13, 0x19, 0x29, 0x13, 0x19, 0x29, 0x13, 0x19, 0x29, 0x13, 0x19, 0x29, 0x13, 0x19, 0x29, 0x13, 0x19, 0x29, 0x13, 0x19, 0x29, 0x13, 0x19, 0x29, 0x13, 0x19, 0x29, 
        0x13, 0x19, 0x29, 0x13, 0x19, 0x29, 0x13, 0x19, 0x29, 0x13, 0x19, 0x29, 0x13, 0x19, 0x29, 0x13, 0x19, 0x29, 0x13, 0x19, 0x29, 0x13, 0x19, 0x29, 0x13, 0x19, 0x29, 0x13, 0x19, 0x29, 0x13, 0x19, 0x29, 0x13, 0x19, 0x29, 0x13, 0x19, 0x29, 
        0x13, 0x19, 0x29, 0x13, 0x19, 0x29, 0x13, 0x19, 0x29, 0x13, 0x19, 0x29, 0x13, 0x19, 0x29, 0x13, 0x19, 0x29, 0x13, 0x19, 0x29, 0x13, 0x19, 0x29, 0x13, 0x19, 0x29, 0x13, 0x19, 0x29, 0x13, 0x19, 0x29, 0x13, 0x19, 0x29, 0x13, 0x19, 0x29, 
        0x13, 0x19, 0x29, 0x3A, 0x3F, 0x4C, 0xFF, 0xFF, 0xFF, 0xFB, 0xFB, 0xFB, 0x1F, 0x24, 0x34, 0x13, 0x19, 0x29, 0x13, 0x19, 0x29, 0x13, 0x19, 0x29, 0x13, 0x19, 0x29, 0x13, 0x19, 0x29, 0x13, 0x19, 0x29, 0x13, 0x19, 0x29, 0x13, 0x19, 0x29, 
        0x13, 0x19, 0x29, 0x13, 0x19, 0x29, 0x13, 0x19, 0x29, 0x13, 0x19, 0x29, 0x17, 0x1D, 0x2D, 0x34, 0x39, 0x47, 0x34, 0x39, 0x47, 0xA0, 0xA2, 0xA9, 0x92, 0x95, 0x9C, 0x13, 0x19, 0x29, 0x13, 0x19, 0x29, 0x13, 0x19, 0x29, 0x13, 0x19, 0x29, 
        0x13, 0x19, 0x29, 0x13, 0x19, 0x29, 0x13, 0x19, 0x29, 0x13, 0x19, 0x29, 0x13, 0x19, 0x29, 0x13, 0x19, 0x29, 0x13, 0x19, 0x29, 0x13, 0x19, 0x29, 0x13, 0x19, 0x29, 0x13, 0x19, 0x29, 0x13, 0x19, 0x29, 0x1F, 0x24, 0x34, 0xFB, 0xFB, 0xFB, 
        0xFF, 0xFF, 0xFF, 0x3A, 0x3F, 0x4C, 0x13, 0x19, 0x29, 0x13, 0x19, 0x29, 0x13, 0x19, 0x29, 0x13, 0x19, 0x29, 0x13, 0x19, 0x29, 0x13, 0x19, 0x29, 0x13, 0x19, 0x29, 0x13, 0x19, 0x29, 0x13, 0x19, 0x29, 0x13, 0x19, 0x29, 0x13, 0x19, 0x29, 
        0x13, 0x19, 0x29, 0x13, 0x19, 0x29, 0x13, 0x19, 0x29, 0x13, 0x19, 0x29, 0x13, 0x19, 0x29, 0x13, 0x19, 0x29, 0x13, 0x19, 0x29, 0x13, 0x19, 0x29, 0x13, 0x19, 0x29, 0x13, 0x19, 0x29, 0x13, 0x19, 0x29, 0x13, 0x19, 0x29, 0x13, 0x19, 0x29, 
        0x13, 0x19, 0x29, 0x13, 0x19, 0x29, 0x13, 0x19, 0x29, 0x13, 0x19, 0x29, 0x13, 0x19, 0x29, 0x13, 0x19, 0x29, 0x13, 0x19, 0x29, 0x13, 0x19, 0x29, 0x13, 0x19, 0x29, 0x13, 0x19, 0x29, 0x13, 0x19, 0x29, 0x13, 0x19, 0x29, 0x13, 0x19, 0x29, 
        0x13, 0x19, 0x29, 0x13, 0x19, 0x29, 0x13, 0x19, 0x29, 0x13, 0x19, 0x29, 0x13, 0x19, 0x29, 0x13, 0x19, 0x29, 0x13, 0x19, 0x29, 0x13, 0x19, 0x29, 0x13, 0x19, 0x29, 0x13, 0x19, 0x29, 0x13, 0x19, 0x29, 0x13, 0x19, 0x29, 0x13, 0x19, 0x29, 
        0x13, 0x19, 0x29, 0x13, 0x19, 0x29, 0x13, 0x19, 0x29, 0x13, 0x19, 0x29, 0x13, 0x19, 0x29, 0x13, 0x19, 0x29, 0x13, 0x19, 0x29, 0x13, 0x19, 0x29, 0x13, 0x19, 0x29, 0x13, 0x19, 0x29, 0x13, 0x19, 0x29, 0x13, 0x19, 0x29, 0x13, 0x19, 0x29, 
        0x13, 0x19, 0x29, 0x13, 0x19, 0x29, 0x13, 0x19, 0x29, 0x13, 0x19, 0x29, 0x13, 0x19, 0x29, 0x13, 0x19, 0x29, 0x13, 0x19, 0x29, 0x13, 0x19, 0x29, 0x13, 0x19, 0x29, 0x13, 0x19, 0x29, 0x13, 0x19, 0x29, 0x13, 0x19, 0x29, 0x13, 0x19, 0x29, 
        0x13, 0x19, 0x29, 0x13, 0x19, 0x29, 0x13, 0x19, 0x29, 0x13, 0x19, 0x29,
  0x13, 0x19, 0x29, 0x13, 0x19, 0x29, 0x13, 0x19, 0x29, 0x13, 0x19, 0x29, 0x13, 0x19, 0x29, 0x13, 0x19, 0x29, 0x13, 0x19, 0x29, 0x13, 0x19, 0x29, 0x13, 0x19, 0x29, 0x13, 0x19, 0x29, 0x13, 0x19, 0x29, 0x13, 0x19, 0x29, 0x13, 0x19, 0x29, 0x13, 0x19, 0x29, 
        0x13, 0x19, 0x29, 0x13, 0x19, 0x29, 0x13, 0x19, 0x29, 0x13, 0x19, 0x29, 0x13, 0x19, 0x29, 0x13, 0x19, 0x29, 0x13, 0x19, 0x29, 0x13, 0x19, 0x29, 0x13, 0x19, 0x29, 0x13, 0x19, 0x29, 0x13, 0x19, 0x29, 0x13, 0x19, 0x29, 0x13, 0x19, 0x29, 
        0x13, 0x19, 0x29, 0x13, 0x19, 0x29, 0x13, 0x19, 0x29, 0x13, 0x19, 0x29, 0x13, 0x19, 0x29, 0x13, 0x19, 0x29, 0x13, 0x19, 0x29, 0x13, 0x19, 0x29, 0x13, 0x19, 0x29, 0x13, 0x19, 0x29, 0x13, 0x19, 0x29, 0x13, 0x19, 0x29, 0x13, 0x19, 0x29, 
        0x13, 0x19, 0x29, 0x13, 0x19, 0x29, 0x13, 0x19, 0x29, 0x13, 0x19, 0x29, 0x13, 0x19, 0x29, 0x13, 0x19, 0x29, 0x13, 0x19, 0x29, 0x13, 0x19, 0x29, 0x13, 0x19, 0x29, 0x13, 0x19, 0x29, 0x13, 0x19, 0x29, 0x13, 0x19, 0x29, 0x13, 0x19, 0x29, 
        0x13, 0x19, 0x29, 0x13, 0x19, 0x29, 0x13, 0x19, 0x29, 0x13, 0x19, 0x29, 0x13, 0x19, 0x29, 0x13, 0x19, 0x29, 0x13, 0x19, 0x29, 0x13, 0x19, 0x29, 0x13, 0x19, 0x29, 0x13, 0x19, 0x29, 0x13, 0x19, 0x29, 0x13, 0x19, 0x29, 0x13, 0x19, 0x29, 
        0x13, 0x19, 0x29, 0x13, 0x19, 0x29, 0x13, 0x19, 0x29, 0x13, 0x19, 0x29, 0x13, 0x19, 0x29, 0x13, 0x19, 0x29, 0x13, 0x19, 0x29, 0x13, 0x19, 0x29, 0x13, 0x19, 0x29, 0x13, 0x19, 0x29, 0x13, 0x19, 0x29, 0x13, 0x19, 0x29, 0x13, 0x19, 0x29, 
        0x13, 0x19, 0x29, 0x72, 0x76, 0x7F, 0xFF, 0xFF, 0xFF, 0xCA, 0xCB, 0xCF, 0x13, 0x19, 0x29, 0x13, 0x19, 0x29, 0x13, 0x19, 0x29, 0x13, 0x19, 0x29, 0x13, 0x19, 0x29, 0x13, 0x19, 0x29, 0x13, 0x19, 0x29, 0x13, 0x19, 0x29, 0x13, 0x19, 0x29, 
        0x13, 0x19, 0x29, 0x13, 0x19, 0x29, 0x13, 0x19, 0x29, 0x13, 0x19, 0x29, 0x13, 0x19, 0x29, 0x13, 0x19, 0x29, 0x13, 0x19, 0x29, 0x90, 0x93, 0x9B, 0x8F, 0x92, 0x9A, 0x13, 0x19, 0x29, 0x13, 0x19, 0x29, 0x13, 0x19, 0x29, 0x13, 0x19, 0x29, 
        0x13, 0x19, 0x29, 0x13, 0x19, 0x29, 0x13, 0x19, 0x29, 0x13, 0x19, 0x29, 0x13, 0x19, 0x29, 0x13, 0x19, 0x29, 0x13, 0x19, 0x29, 0x13, 0x19, 0x29, 0x13, 0x19, 0x29, 0x13, 0x19, 0x29, 0x13, 0x19, 0x29, 0x13, 0x19, 0x29, 0xCA, 0xCB, 0xCF, 
        0xFF, 0xFF, 0xFF, 0x72, 0x76, 0x7F, 0x13, 0x19, 0x29, 0x13, 0x19, 0x29, 0x13, 0x19, 0x29, 0x13, 0x19, 0x29, 0x13, 0x19, 0x29, 0x13, 0x19, 0x29, 0x13, 0x19, 0x29, 0x13, 0x19, 0x29, 0x13, 0x19, 0x29, 0x13, 0x19, 0x29, 0x13, 0x19, 0x29, 
        0x13, 0x19, 0x29, 0x13, 0x19, 0x29, 0x13, 0x19, 0x29, 0x13, 0x19, 0x29, 0x13, 0x19, 0x29, 0x13, 0x19, 0x29, 0x13, 0x19, 0x29, 0x13, 0x19, 0x29, 0x13, 0x19, 0x29, 0x13, 0x19, 0x29, 0x13, 0x19, 0x29, 0x13, 0x19, 0x29, 0x13, 0x19, 0x29, 
        0x13, 0x19, 0x29, 0x13, 0x19, 0x29, 0x13, 0x19, 0x29, 0x13, 0x19, 0x29, 0x13, 0x19, 0x29, 0x13, 0x19, 0x29, 0x13, 0x19, 0x29, 0x13, 0x19, 0x29, 0x13, 0x19, 0x29, 0x13, 0x19, 0x29, 0x13, 0x19, 0x29, 0x13, 0x19, 0x29, 0x13, 0x19, 0x29, 
        0x13, 0x19, 0x29, 0x13, 0x19, 0x29, 0x13, 0x19, 0x29, 0x13, 0x19, 0x29, 0x13, 0x19, 0x29, 0x13, 0x19, 0x29, 0x13, 0x19, 0x29, 0x13, 0x19, 0x29, 0x13, 0x19, 0x29, 0x13, 0x19, 0x29, 0x13, 0x19, 0x29, 0x13, 0x19, 0x29, 0x13, 0x19, 0x29, 
        0x13, 0x19, 0x29, 0x13, 0x19, 0x29, 0x13, 0x19, 0x29, 0x13, 0x19, 0x29, 0x13, 0x19, 0x29, 0x13, 0x19, 0x29, 0x13, 0x19, 0x29, 0x13, 0x19, 0x29, 0x13, 0x19, 0x29, 0x13, 0x19, 0x29, 0x13, 0x19, 0x29, 0x13, 0x19, 0x29, 0x13, 0x19, 0x29, 
        0x13, 0x19, 0x29, 0x13, 0x19, 0x29, 0x13, 0x19, 0x29, 0x13, 0x19, 0x29, 0x13, 0x19, 0x29, 0x13, 0x19, 0x29, 0x13, 0x19, 0x29, 0x13, 0x19, 0x29, 0x13, 0x19, 0x29, 0x13, 0x19, 0x29, 0x13, 0x19, 0x29, 0x13, 0x19, 0x29, 0x13, 0x19, 0x29, 
        0x13, 0x19, 0x29, 0x13, 0x19, 0x29, 0x13, 0x19, 0x29, 0x13, 0x19, 0x29,
  0x13, 0x19, 0x29, 0x13, 0x19, 0x29, 0x13, 0x19, 0x29, 0x13, 0x19, 0x29, 0x13, 0x19, 0x29, 0x13, 0x19, 0x29, 0x13, 0x19, 0x29, 0x13, 0x19, 0x29, 0x13, 0x19, 0x29, 0x13, 0x19, 0x29, 0x13, 0x19, 0x29, 0x13, 0x19, 0x29, 0x13, 0x19, 0x29, 0x13, 0x19, 0x29, 
        0x13, 0x19, 0x29, 0x13, 0x19, 0x29, 0x13, 0x19, 0x29, 0x13, 0x19, 0x29, 0x13, 0x19, 0x29, 0x13, 0x19, 0x29, 0x13, 0x19, 0x29, 0x13, 0x19, 0x29, 0x13, 0x19, 0x29, 0x13, 0x19, 0x29, 0x13, 0x19, 0x29, 0x13, 0x19, 0x29, 0x13, 0x19, 0x29, 
        0x13, 0x19, 0x29, 0x13, 0x19, 0x29, 0x13, 0x19, 0x29, 0x13, 0x19, 0x29, 0x13, 0x19, 0x29, 0x13, 0x19, 0x29, 0x13, 0x19, 0x29, 0x13, 0x19, 0x29, 0x13, 0x19, 0x29, 0x13, 0x19, 0x29, 0x13, 0x19, 0x29, 0x13, 0x19, 0x29, 0x13, 0x19, 0x29, 
        0x13, 0x19, 0x29, 0x13, 0x19, 0x29, 0x13, 0x19, 0x29, 0x13, 0x19, 0x29, 0x13, 0x19, 0x29, 0x13, 0x19, 0x29, 0x13, 0x19, 0x29, 0x13, 0x19, 0x29, 0x13, 0x19, 0x29, 0x13, 0x19, 0x29, 0x13, 0x19, 0x29, 0x13, 0x19, 0x29, 0x13, 0x19, 0x29, 
        0x13, 0x19, 0x29, 0x13, 0x19, 0x29, 0x13, 0x19, 0x29, 0x13, 0x19, 0x29, 0x13, 0x19, 0x29, 0x13, 0x19, 0x29, 0x13, 0x19, 0x29, 0x13, 0x19, 0x29, 0x13, 0x19, 0x29, 0x13, 0x19, 0x29, 0x13, 0x19, 0x29, 0x13, 0x19, 0x29, 0x13, 0x19, 0x29, 
        0x13, 0x19, 0x29, 0x13, 0x19, 0x29, 0x13, 0x19, 0x29, 0x13, 0x19, 0x29, 0x13, 0x19, 0x29, 0x13, 0x19, 0x29, 0x13, 0x19, 0x29, 0x13, 0x19, 0x29, 0x13, 0x19, 0x29, 0x13, 0x19, 0x29, 0x13, 0x19, 0x29, 0x13, 0x19, 0x29, 0x13, 0x19, 0x29, 
        0x13, 0x19, 0x29, 0x99, 0x9C, 0xA3, 0xFF, 0xFF, 0xFF, 0x9C, 0x9F, 0xA5, 0x13, 0x19, 0x29, 0x13, 0x19, 0x29, 0x13, 0x19, 0x29, 0x13, 0x19, 0x29, 0x13, 0x19, 0x29, 0x13, 0x19, 0x29, 0x13, 0x19, 0x29, 0x13, 0x19, 0x29, 0x13, 0x19, 0x29, 
        0x13, 0x19, 0x29, 0x13, 0x19, 0x29, 0x13, 0x19, 0x29, 0x13, 0x19, 0x29, 0x13, 0x19, 0x29, 0x13, 0x19, 0x29, 0x13, 0x19, 0x29, 0x90, 0x93, 0x9B, 0x8F, 0x92, 0x9A, 0x13, 0x19, 0x29, 0x13, 0x19, 0x29, 0x13, 0x19, 0x29, 0x13, 0x19, 0x29, 
        0x13, 0x19, 0x29, 0x13, 0x19, 0x29, 0x13, 0x19, 0x29, 0x13, 0x19, 0x29, 0x13, 0x19, 0x29, 0x13, 0x19, 0x29, 0x13, 0x19, 0x29, 0x13, 0x19, 0x29, 0x13, 0x19, 0x29, 0x13, 0x19, 0x29, 0x13, 0x19, 0x29, 0x13, 0x19, 0x29, 0x9C, 0x9F, 0xA5, 
        0xFF, 0xFF, 0xFF, 0x99, 0x9C, 0xA3, 0x13, 0x19, 0x29, 0x13, 0x19, 0x29, 0x13, 0x19, 0x29, 0x13, 0x19, 0x29, 0x13, 0x19, 0x29, 0x13, 0x19, 0x29, 0x13, 0x19, 0x29, 0x13, 0x19, 0x29, 0x13, 0x19, 0x29, 0x13, 0x19, 0x29, 0x13, 0x19, 0x29, 
        0x13, 0x19, 0x29, 0x13, 0x19, 0x29, 0x13, 0x19, 0x29, 0x13, 0x19, 0x29, 0x13, 0x19, 0x29, 0x13, 0x19, 0x29, 0x13, 0x19, 0x29, 0x13, 0x19, 0x29, 0x13, 0x19, 0x29, 0x13, 0x19, 0x29, 0x13, 0x19, 0x29, 0x13, 0x19, 0x29, 0x13, 0x19, 0x29, 
        0x13, 0x19, 0x29, 0x13, 0x19, 0x29, 0x13, 0x19, 0x29, 0x13, 0x19, 0x29, 0x13, 0x19, 0x29, 0x13, 0x19, 0x29, 0x13, 0x19, 0x29, 0x13, 0x19, 0x29, 0x13, 0x19, 0x29, 0x13, 0x19, 0x29, 0x13, 0x19, 0x29, 0x13, 0x19, 0x29, 0x13, 0x19, 0x29, 
        0x13, 0x19, 0x29, 0x13, 0x19, 0x29, 0x13, 0x19, 0x29, 0x13, 0x19, 0x29, 0x13, 0x19, 0x29, 0x13, 0x19, 0x29, 0x13, 0x19, 0x29, 0x13, 0x19, 0x29, 0x13, 0x19, 0x29, 0x13, 0x19, 0x29, 0x13, 0x19, 0x29, 0x13, 0x19, 0x29, 0x13, 0x19, 0x29, 
        0x13, 0x19, 0x29, 0x13, 0x19, 0x29, 0x13, 0x19, 0x29, 0x13, 0x19, 0x29, 0x13, 0x19, 0x29, 0x13, 0x19, 0x29, 0x13, 0x19, 0x29, 0x13, 0x19, 0x29, 0x13, 0x19, 0x29, 0x13, 0x19, 0x29, 0x13, 0x19, 0x29, 0x13, 0x19, 0x29, 0x13, 0x19, 0x29, 
        0x13, 0x19, 0x29, 0x13, 0x19, 0x29, 0x13, 0x19, 0x29, 0x13, 0x19, 0x29, 0x13, 0x19, 0x29, 0x13, 0x19, 0x29, 0x13, 0x19, 0x29, 0x13, 0x19, 0x29, 0x13, 0x19, 0x29, 0x13, 0x19, 0x29, 0x13, 0x19, 0x29, 0x13, 0x19, 0x29, 0x13, 0x19, 0x29, 
        0x13, 0x19, 0x29, 0x13, 0x19, 0x29, 0x13, 0x19, 0x29, 0x13, 0x19, 0x29,
  0x13, 0x19, 0x29, 0x13, 0x19, 0x29, 0x13, 0x19, 0x29, 0x13, 0x19, 0x29, 0x13, 0x19, 0x29, 0x13, 0x19, 0x29, 0x13, 0x19, 0x29, 0x13, 0x19, 0x29, 0x13, 0x19, 0x29, 0x13, 0x19, 0x29, 0x13, 0x19, 0x29, 0x13, 0x19, 0x29, 0x13, 0x19, 0x29, 0x13, 0x19, 0x29, 
        0x13, 0x19, 0x29, 0x13, 0x19, 0x29, 0x13, 0x19, 0x29, 0x13, 0x19, 0x29, 0x13, 0x19, 0x29, 0x13, 0x19, 0x29, 0x13, 0x19, 0x29, 0x13, 0x19, 0x29, 0x13, 0x19, 0x29, 0x13, 0x19, 0x29, 0x13, 0x19, 0x29, 0x13, 0x19, 0x29, 0x13, 0x19, 0x29, 
        0x13, 0x19, 0x29, 0x13, 0x19, 0x29, 0x13, 0x19, 0x29, 0x13, 0x19, 0x29, 0x13, 0x19, 0x29, 0x13, 0x19, 0x29, 0x13, 0x19, 0x29, 0x13, 0x19, 0x29, 0x13, 0x19, 0x29, 0x13, 0x19, 0x29, 0x13, 0x19, 0x29, 0x13, 0x19, 0x29, 0x13, 0x19, 0x29, 
        0x13, 0x19, 0x29, 0x13, 0x19, 0x29, 0x13, 0x19, 0x29, 0x13, 0x19, 0x29, 0x13, 0x19, 0x29, 0x13, 0x19, 0x29, 0x13, 0x19, 0x29, 0x13, 0x19, 0x29, 0x13, 0x19, 0x29, 0x13, 0x19, 0x29, 0x13, 0x19, 0x29, 0x13, 0x19, 0x29, 0x13, 0x19, 0x29, 
        0x13, 0x19, 0x29, 0x13, 0x19, 0x29, 0x13, 0x19, 0x29, 0x13, 0x19, 0x29, 0x13, 0x19, 0x29, 0x13, 0x19, 0x29, 0x13, 0x19, 0x29, 0x13, 0x19, 0x29, 0x13, 0x19, 0x29, 0x13, 0x19, 0x29, 0x13, 0x19, 0x29, 0x13, 0x19, 0x29, 0x13, 0x19, 0x29, 
        0x13, 0x19, 0x29, 0x13, 0x19, 0x29, 0x13, 0x19, 0x29, 0x13, 0x19, 0x29, 0x13, 0x19, 0x29, 0x13, 0x19, 0x29, 0x13, 0x19, 0x29, 0x13, 0x19, 0x29, 0x13, 0x19, 0x29, 0x13, 0x19, 0x29, 0x13, 0x19, 0x29, 0x13, 0x19, 0x29, 0x13, 0x19, 0x29, 
        0x13, 0x19, 0x29, 0xBA, 0xBC, 0xC0, 0xFF, 0xFF, 0xFF, 0x79, 0x7C, 0x85, 0x13, 0x19, 0x29, 0x13, 0x19, 0x29, 0x13, 0x19, 0x29, 0x13, 0x19, 0x29, 0x13, 0x19, 0x29, 0x13, 0x19, 0x29, 0x13, 0x19, 0x29, 0x13, 0x19, 0x29, 0x13, 0x19, 0x29, 
        0x13, 0x19, 0x29, 0x13, 0x19, 0x29, 0x13, 0x19, 0x29, 0x13, 0x19, 0x29, 0x13, 0x19, 0x29, 0x13, 0x19, 0x29, 0x13, 0x19, 0x29, 0x90, 0x93, 0x9B, 0x8F, 0x92, 0x9A, 0x13, 0x19, 0x29, 0x13, 0x19, 0x29, 0x13, 0x19, 0x29, 0x13, 0x19, 0x29, 
        0x13, 0x19, 0x29, 0x13, 0x19, 0x29, 0x13, 0x19, 0x29, 0x13, 0x19, 0x29, 0x13, 0x19, 0x29, 0x13, 0x19, 0x29, 0x13, 0x19, 0x29, 0x13, 0x19, 0x29, 0x13, 0x19, 0x29, 0x13, 0x19, 0x29, 0x13, 0x19, 0x29, 0x13, 0x19, 0x29, 0x79, 0x7C, 0x85, 
        0xFF, 0xFF, 0xFF, 0xB9, 0xBB, 0xBF, 0x13, 0x19, 0x29, 0x13, 0x19, 0x29, 0x13, 0x19, 0x29, 0x13, 0x19, 0x29, 0x13, 0x19, 0x29, 0x13, 0x19, 0x29, 0x13, 0x19, 0x29, 0x13, 0x19, 0x29, 0x13, 0x19, 0x29, 0x13, 0x19, 0x29, 0x13, 0x19, 0x29, 
        0x13, 0x19, 0x29, 0x13, 0x19, 0x29, 0x13, 0x19, 0x29, 0x13, 0x19, 0x29, 0x13, 0x19, 0x29, 0x13, 0x19, 0x29, 0x13, 0x19, 0x29, 0x13, 0x19, 0x29, 0x13, 0x19, 0x29, 0x13, 0x19, 0x29, 0x13, 0x19, 0x29, 0x13, 0x19, 0x29, 0x13, 0x19, 0x29, 
        0x13, 0x19, 0x29, 0x13, 0x19, 0x29, 0x13, 0x19, 0x29, 0x13, 0x19, 0x29, 0x13, 0x19, 0x29, 0x13, 0x19, 0x29, 0x13, 0x19, 0x29, 0x13, 0x19, 0x29, 0x13, 0x19, 0x29, 0x13, 0x19, 0x29, 0x13, 0x19, 0x29, 0x13, 0x19, 0x29, 0x13, 0x19, 0x29, 
        0x13, 0x19, 0x29, 0x13, 0x19, 0x29, 0x13, 0x19, 0x29, 0x13, 0x19, 0x29, 0x13, 0x19, 0x29, 0x13, 0x19, 0x29, 0x13, 0x19, 0x29, 0x13, 0x19, 0x29, 0x13, 0x19, 0x29, 0x13, 0x19, 0x29, 0x13, 0x19, 0x29, 0x13, 0x19, 0x29, 0x13, 0x19, 0x29, 
        0x13, 0x19, 0x29, 0x13, 0x19, 0x29, 0x13, 0x19, 0x29, 0x13, 0x19, 0x29, 0x13, 0x19, 0x29, 0x13, 0x19, 0x29, 0x13, 0x19, 0x29, 0x13, 0x19, 0x29, 0x13, 0x19, 0x29, 0x13, 0x19, 0x29, 0x13, 0x19, 0x29, 0x13, 0x19, 0x29, 0x13, 0x19, 0x29, 
        0x13, 0x19, 0x29, 0x13, 0x19, 0x29, 0x13, 0x19, 0x29, 0x13, 0x19, 0x29, 0x13, 0x19, 0x29, 0x13, 0x19, 0x29, 0x13, 0x19, 0x29, 0x13, 0x19, 0x29, 0x13, 0x19, 0x29, 0x13, 0x19, 0x29, 0x13, 0x19, 0x29, 0x13, 0x19, 0x29, 0x13, 0x19, 0x29, 
        0x13, 0x19, 0x29, 0x13, 0x19, 0x29, 0x13, 0x19, 0x29, 0x13, 0x19, 0x29,
  0x13, 0x19, 0x29, 0x13, 0x19, 0x29, 0x13, 0x19, 0x29, 0x13, 0x19, 0x29, 0x13, 0x19, 0x29, 0x13, 0x19, 0x29, 0x13, 0x19, 0x29, 0x13, 0x19, 0x29, 0x13, 0x19, 0x29, 0x13, 0x19, 0x29, 0x13, 0x19, 0x29, 0x13, 0x19, 0x29, 0x13, 0x19, 0x29, 0x13, 0x19, 0x29, 
        0x13, 0x19, 0x29, 0x13, 0x19, 0x29, 0x13, 0x19, 0x29, 0x13, 0x19, 0x29, 0x13, 0x19, 0x29, 0x13, 0x19, 0x29, 0x13, 0x19, 0x29, 0x13, 0x19, 0x29, 0x13, 0x19, 0x29, 0x13, 0x19, 0x29, 0x13, 0x19, 0x29, 0x13, 0x19, 0x29, 0x13, 0x19, 0x29, 
        0x13, 0x19, 0x29, 0x13, 0x19, 0x29, 0x13, 0x19, 0x29, 0x13, 0x19, 0x29, 0x13, 0x19, 0x29, 0x13, 0x19, 0x29, 0x13, 0x19, 0x29, 0x13, 0x19, 0x29, 0x13, 0x19, 0x29, 0x13, 0x19, 0x29, 0x13, 0x19, 0x29, 0x13, 0x19, 0x29, 0x13, 0x19, 0x29, 
        0x13, 0x19, 0x29, 0x13, 0x19, 0x29, 0x13, 0x19, 0x29, 0x13, 0x19, 0x29, 0x13, 0x19, 0x29, 0x13, 0x19, 0x29, 0x13, 0x19, 0x29, 0x13, 0x19, 0x29, 0x13, 0x19, 0x29, 0x13, 0x19, 0x29, 0x13, 0x19, 0x29, 0x13, 0x19, 0x29, 0x13, 0x19, 0x29, 
        0x13, 0x19, 0x29, 0x13, 0x19, 0x29, 0x13, 0x19, 0x29, 0x13, 0x19, 0x29, 0x13, 0x19, 0x29, 0x13, 0x19, 0x29, 0x13, 0x19, 0x29, 0x13, 0x19, 0x29, 0x13, 0x19, 0x29, 0x13, 0x19, 0x29, 0x13, 0x19, 0x29, 0x13, 0x19, 0x29, 0x13, 0x19, 0x29, 
        0x13, 0x19, 0x29, 0x13, 0x19, 0x29, 0x13, 0x19, 0x29, 0x13, 0x19, 0x29, 0x13, 0x19, 0x29, 0x13, 0x19, 0x29, 0x13, 0x19, 0x29, 0x13, 0x19, 0x29, 0x13, 0x19, 0x29, 0x13, 0x19, 0x29, 0x13, 0x19, 0x29, 0x13, 0x19, 0x29, 0x13, 0x19, 0x29, 
        0x13, 0x19, 0x29, 0xC8, 0xC9, 0xCD, 0xFF, 0xFF, 0xFF, 0x68, 0x6C, 0x76, 0x13, 0x19, 0x29, 0x13, 0x19, 0x29, 0x13, 0x19, 0x29, 0x13, 0x19, 0x29, 0x13, 0x19, 0x29, 0x13, 0x19, 0x29, 0x13, 0x19, 0x29, 0x13, 0x19, 0x29, 0x13, 0x19, 0x29, 
        0x13, 0x19, 0x29, 0x13, 0x19, 0x29, 0x13, 0x19, 0x29, 0x13, 0x19, 0x29, 0x13, 0x19, 0x29, 0x13, 0x19, 0x29, 0x13, 0x19, 0x29, 0x90, 0x93, 0x9B, 0x8F, 0x92, 0x9A, 0x13, 0x19, 0x29, 0x13, 0x19, 0x29, 0x13, 0x19, 0x29, 0x13, 0x19, 0x29, 
        0x13, 0x19, 0x29, 0x13, 0x19, 0x29, 0x13, 0x19, 0x29, 0x13, 0x19, 0x29, 0x13, 0x19, 0x29, 0x13, 0x19, 0x29, 0x13, 0x19, 0x29, 0x13, 0x19, 0x29, 0x13, 0x19, 0x29, 0x13, 0x19, 0x29, 0x13, 0x19, 0x29, 0x13, 0x19, 0x29, 0x68, 0x6C, 0x76, 
        0xFF, 0xFF, 0xFF, 0xC8, 0xC9, 0xCD, 0x13, 0x19, 0x29, 0x13, 0x19, 0x29, 0x13, 0x19, 0x29, 0x13, 0x19, 0x29, 0x13, 0x19, 0x29, 0x13, 0x19, 0x29, 0x13, 0x19, 0x29, 0x13, 0x19, 0x29, 0x13, 0x19, 0x29, 0x13, 0x19, 0x29, 0x13, 0x19, 0x29, 
        0x13, 0x19, 0x29, 0x13, 0x19, 0x29, 0x13, 0x19, 0x29, 0x13, 0x19, 0x29, 0x13, 0x19, 0x29, 0x13, 0x19, 0x29, 0x13, 0x19, 0x29, 0x13, 0x19, 0x29, 0x13, 0x19, 0x29, 0x13, 0x19, 0x29, 0x13, 0x19, 0x29, 0x13, 0x19, 0x29, 0x13, 0x19, 0x29, 
        0x13, 0x19, 0x29, 0x13, 0x19, 0x29, 0x13, 0x19, 0x29, 0x13, 0x19, 0x29, 0x13, 0x19, 0x29, 0x13, 0x19, 0x29, 0x13, 0x19, 0x29, 0x13, 0x19, 0x29, 0x13, 0x19, 0x29, 0x13, 0x19, 0x29, 0x13, 0x19, 0x29, 0x13, 0x19, 0x29, 0x13, 0x19, 0x29, 
        0x13, 0x19, 0x29, 0x13, 0x19, 0x29, 0x13, 0x19, 0x29, 0x13, 0x19, 0x29, 0x13, 0x19, 0x29, 0x13, 0x19, 0x29, 0x13, 0x19, 0x29, 0x13, 0x19, 0x29, 0x13, 0x19, 0x29, 0x13, 0x19, 0x29, 0x13, 0x19, 0x29, 0x13, 0x19, 0x29, 0x13, 0x19, 0x29, 
        0x13, 0x19, 0x29, 0x13, 0x19, 0x29, 0x13, 0x19, 0x29, 0x13, 0x19, 0x29, 0x13, 0x19, 0x29, 0x13, 0x19, 0x29, 0x13, 0x19, 0x29, 0x13, 0x19, 0x29, 0x13, 0x19, 0x29, 0x13, 0x19, 0x29, 0x13, 0x19, 0x29, 0x13, 0x19, 0x29, 0x13, 0x19, 0x29, 
        0x13, 0x19, 0x29, 0x13, 0x19, 0x29, 0x13, 0x19, 0x29, 0x13, 0x19, 0x29, 0x13, 0x19, 0x29, 0x13, 0x19, 0x29, 0x13, 0x19, 0x29, 0x13, 0x19, 0x29, 0x13, 0x19, 0x29, 0x13, 0x19, 0x29, 0x13, 0x19, 0x29, 0x13, 0x19, 0x29, 0x13, 0x19, 0x29, 
        0x13, 0x19, 0x29, 0x13, 0x19, 0x29, 0x13, 0x19, 0x29, 0x13, 0x19, 0x29,
  0x13, 0x19, 0x29, 0x13, 0x19, 0x29, 0x13, 0x19, 0x29, 0x13, 0x19, 0x29, 0x13, 0x19, 0x29, 0x13, 0x19, 0x29, 0x13, 0x19, 0x29, 0x13, 0x19, 0x29, 0x13, 0x19, 0x29, 0x13, 0x19, 0x29, 0x13, 0x19, 0x29, 0x13, 0x19, 0x29, 0x13, 0x19, 0x29, 0x13, 0x19, 0x29, 
        0x13, 0x19, 0x29, 0x13, 0x19, 0x29, 0x13, 0x19, 0x29, 0x13, 0x19, 0x29, 0x13, 0x19, 0x29, 0x13, 0x19, 0x29, 0x13, 0x19, 0x29, 0x13, 0x19, 0x29, 0x13, 0x19, 0x29, 0x13, 0x19, 0x29, 0x13, 0x19, 0x29, 0x13, 0x19, 0x29, 0x13, 0x19, 0x29, 
        0x13, 0x19, 0x29, 0x13, 0x19, 0x29, 0x13, 0x19, 0x29, 0x13, 0x19, 0x29, 0x13, 0x19, 0x29, 0x13, 0x19, 0x29, 0x13, 0x19, 0x29, 0x13, 0x19, 0x29, 0x13, 0x19, 0x29, 0x13, 0x19, 0x29, 0x13, 0x19, 0x29, 0x13, 0x19, 0x29, 0x13, 0x19, 0x29, 
        0x13, 0x19, 0x29, 0x13, 0x19, 0x29, 0x13, 0x19, 0x29, 0x13, 0x19, 0x29, 0x13, 0x19, 0x29, 0x13, 0x19, 0x29, 0x13, 0x19, 0x29, 0x13, 0x19, 0x29, 0x13, 0x19, 0x29, 0x13, 0x19, 0x29, 0x13, 0x19, 0x29, 0x13, 0x19, 0x29, 0x13, 0x19, 0x29, 
        0x13, 0x19, 0x29, 0x13, 0x19, 0x29, 0x13, 0x19, 0x29, 0x13, 0x19, 0x29, 0x13, 0x19, 0x29, 0x13, 0x19, 0x29, 0x13, 0x19, 0x29, 0x13, 0x19, 0x29, 0x13, 0x19, 0x29, 0x13, 0x19, 0x29, 0x13, 0x19, 0x29, 0x13, 0x19, 0x29, 0x13, 0x19, 0x29, 
        0x13, 0x19, 0x29, 0x13, 0x19, 0x29, 0x13, 0x19, 0x29, 0x13, 0x19, 0x29, 0x13, 0x19, 0x29, 0x13, 0x19, 0x29, 0x13, 0x19, 0x29, 0x13, 0x19, 0x29, 0x13, 0x19, 0x29, 0x13, 0x19, 0x29, 0x13, 0x19, 0x29, 0x13, 0x19, 0x29, 0x13, 0x19, 0x29, 
        0x13, 0x19, 0x29, 0xD0, 0xD1, 0xD5, 0xFF, 0xFF, 0xFF, 0x60, 0x64, 0x6F, 0x13, 0x19, 0x29, 0x13, 0x19, 0x29, 0x13, 0x19, 0x29, 0x13, 0x19, 0x29, 0x13, 0x19, 0x29, 0x13, 0x19, 0x29, 0x13, 0x19, 0x29, 0x13, 0x19, 0x29, 0x13, 0x19, 0x29, 
        0x13, 0x19, 0x29, 0x13, 0x19, 0x29, 0x13, 0x19, 0x29, 0x13, 0x19, 0x29, 0x13, 0x19, 0x29, 0x13, 0x19, 0x29, 0x13, 0x19, 0x29, 0x90, 0x93, 0x9B, 0x8F, 0x92, 0x9A, 0x13, 0x19, 0x29, 0x13, 0x19, 0x29, 0x13, 0x19, 0x29, 0x13, 0x19, 0x29, 
        0x13, 0x19, 0x29, 0x13, 0x19, 0x29, 0x13, 0x19, 0x29, 0x13, 0x19, 0x29, 0x13, 0x19, 0x29, 0x13, 0x19, 0x29, 0x13, 0x19, 0x29, 0x13, 0x19, 0x29, 0x13, 0x19, 0x29, 0x13, 0x19, 0x29, 0x13, 0x19, 0x29, 0x13, 0x19, 0x29, 0x60, 0x64, 0x6F, 
        0xFF, 0xFF, 0xFF, 0xD0, 0xD1, 0xD5, 0x13, 0x19, 0x29, 0x13, 0x19, 0x29, 0x13, 0x19, 0x29, 0x13, 0x19, 0x29, 0x13, 0x19, 0x29, 0x13, 0x19, 0x29, 0x13, 0x19, 0x29, 0x13, 0x19, 0x29, 0x13, 0x19, 0x29, 0x13, 0x19, 0x29, 0x13, 0x19, 0x29, 
        0x13, 0x19, 0x29, 0x13, 0x19, 0x29, 0x13, 0x19, 0x29, 0x13, 0x19, 0x29, 0x13, 0x19, 0x29, 0x13, 0x19, 0x29, 0x13, 0x19, 0x29, 0x13, 0x19, 0x29, 0x13, 0x19, 0x29, 0x13, 0x19, 0x29, 0x13, 0x19, 0x29, 0x13, 0x19, 0x29, 0x13, 0x19, 0x29, 
        0x13, 0x19, 0x29, 0x13, 0x19, 0x29, 0x13, 0x19, 0x29, 0x13, 0x19, 0x29, 0x13, 0x19, 0x29, 0x13, 0x19, 0x29, 0x13, 0x19, 0x29, 0x13, 0x19, 0x29, 0x13, 0x19, 0x29, 0x13, 0x19, 0x29, 0x13, 0x19, 0x29, 0x13, 0x19, 0x29, 0x13, 0x19, 0x29, 
        0x13, 0x19, 0x29, 0x13, 0x19, 0x29, 0x13, 0x19, 0x29, 0x13, 0x19, 0x29, 0x13, 0x19, 0x29, 0x13, 0x19, 0x29, 0x13, 0x19, 0x29, 0x13, 0x19, 0x29, 0x13, 0x19, 0x29, 0x13, 0x19, 0x29, 0x13, 0x19, 0x29, 0x13, 0x19, 0x29, 0x13, 0x19, 0x29, 
        0x13, 0x19, 0x29, 0x13, 0x19, 0x29, 0x13, 0x19, 0x29, 0x13, 0x19, 0x29, 0x13, 0x19, 0x29, 0x13, 0x19, 0x29, 0x13, 0x19, 0x29, 0x13, 0x19, 0x29, 0x13, 0x19, 0x29, 0x13, 0x19, 0x29, 0x13, 0x19, 0x29, 0x13, 0x19, 0x29, 0x13, 0x19, 0x29, 
        0x13, 0x19, 0x29, 0x13, 0x19, 0x29, 0x13, 0x19, 0x29, 0x13, 0x19, 0x29, 0x13, 0x19, 0x29, 0x13, 0x19, 0x29, 0x13, 0x19, 0x29, 0x13, 0x19, 0x29, 0x13, 0x19, 0x29, 0x13, 0x19, 0x29, 0x13, 0x19, 0x29, 0x13, 0x19, 0x29, 0x13, 0x19, 0x29, 
        0x13, 0x19, 0x29, 0x13, 0x19, 0x29, 0x13, 0x19, 0x29, 0x13, 0x19, 0x29,
  0x13, 0x19, 0x29, 0x13, 0x19, 0x29, 0x13, 0x19, 0x29, 0x13, 0x19, 0x29, 0x13, 0x19, 0x29, 0x13, 0x19, 0x29, 0x13, 0x19, 0x29, 0x13, 0x19, 0x29, 0x13, 0x19, 0x29, 0x13, 0x19, 0x29, 0x13, 0x19, 0x29, 0x13, 0x19, 0x29, 0x13, 0x19, 0x29, 0x13, 0x19, 0x29, 
        0x13, 0x19, 0x29, 0x13, 0x19, 0x29, 0x13, 0x19, 0x29, 0x13, 0x19, 0x29, 0x13, 0x19, 0x29, 0x13, 0x19, 0x29, 0x13, 0x19, 0x29, 0x13, 0x19, 0x29, 0x13, 0x19, 0x29, 0x13, 0x19, 0x29, 0x13, 0x19, 0x29, 0x13, 0x19, 0x29, 0x13, 0x19, 0x29, 
        0x13, 0x19, 0x29, 0x13, 0x19, 0x29, 0x13, 0x19, 0x29, 0x13, 0x19, 0x29, 0x13, 0x19, 0x29, 0x13, 0x19, 0x29, 0x13, 0x19, 0x29, 0x13, 0x19, 0x29, 0x13, 0x19, 0x29, 0x13, 0x19, 0x29, 0x13, 0x19, 0x29, 0x13, 0x19, 0x29, 0x13, 0x19, 0x29, 
        0x13, 0x19, 0x29, 0x13, 0x19, 0x29, 0x13, 0x19, 0x29, 0x13, 0x19, 0x29, 0x13, 0x19, 0x29, 0x13, 0x19, 0x29, 0x13, 0x19, 0x29, 0x13, 0x19, 0x29, 0x13, 0x19, 0x29, 0x13, 0x19, 0x29, 0x13, 0x19, 0x29, 0x13, 0x19, 0x29, 0x13, 0x19, 0x29, 
        0x13, 0x19, 0x29, 0x13, 0x19, 0x29, 0x13, 0x19, 0x29, 0x13, 0x19, 0x29, 0x13, 0x19, 0x29, 0x13, 0x19, 0x29, 0x13, 0x19, 0x29, 0x13, 0x19, 0x29, 0x13, 0x19, 0x29, 0x13, 0x19, 0x29, 0x13, 0x19, 0x29, 0x13, 0x19, 0x29, 0x13, 0x19, 0x29, 
        0x13, 0x19, 0x29, 0x13, 0x19, 0x29, 0x13, 0x19, 0x29, 0x13, 0x19, 0x29, 0x13, 0x19, 0x29, 0x13, 0x19, 0x29, 0x13, 0x19, 0x29, 0x13, 0x19, 0x29, 0x13, 0x19, 0x29, 0x13, 0x19, 0x29, 0x13, 0x19, 0x29, 0x13, 0x19, 0x29, 0x13, 0x19, 0x29, 
        0x13, 0x19, 0x29, 0xC6, 0xC7, 0xCB, 0xFF, 0xFF, 0xFF, 0x6A, 0x6E, 0x78, 0x13, 0x19, 0x29, 0x13, 0x19, 0x29, 0x13, 0x19, 0x29, 0x13, 0x19, 0x29, 0x13, 0x19, 0x29, 0x13, 0x19, 0x29, 0x13, 0x19, 0x29, 0x13, 0x19, 0x29, 0x13, 0x19, 0x29, 
        0x13, 0x19, 0x29, 0x13, 0x19, 0x29, 0x13, 0x19, 0x29, 0x13, 0x19, 0x29, 0x13, 0x19, 0x29, 0x13, 0x19, 0x29, 0x13, 0x19, 0x29, 0x90, 0x93, 0x9B, 0x8F, 0x92, 0x9A, 0x13, 0x19, 0x29, 0x13, 0x19, 0x29, 0x13, 0x19, 0x29, 0x13, 0x19, 0x29, 
        0x13, 0x19, 0x29, 0x13, 0x19, 0x29, 0x13, 0x19, 0x29, 0x13, 0x19, 0x29, 0x13, 0x19, 0x29, 0x13, 0x19, 0x29, 0x13, 0x19, 0x29, 0x13, 0x19, 0x29, 0x13, 0x19, 0x29, 0x13, 0x19, 0x29, 0x13, 0x19, 0x29, 0x13, 0x19, 0x29, 0x6A, 0x6E, 0x78, 
        0xFF, 0xFF, 0xFF, 0xC6, 0xC7, 0xCB, 0x13, 0x19, 0x29, 0x13, 0x19, 0x29, 0x13, 0x19, 0x29, 0x13, 0x19, 0x29, 0x13, 0x19, 0x29, 0x13, 0x19, 0x29, 0x13, 0x19, 0x29, 0x13, 0x19, 0x29, 0x13, 0x19, 0x29, 0x13, 0x19, 0x29, 0x13, 0x19, 0x29, 
        0x13, 0x19, 0x29, 0x13, 0x19, 0x29, 0x13, 0x19, 0x29, 0x13, 0x19, 0x29, 0x13, 0x19, 0x29, 0x13, 0x19, 0x29, 0x13, 0x19, 0x29, 0x13, 0x19, 0x29, 0x13, 0x19, 0x29, 0x13, 0x19, 0x29, 0x13, 0x19, 0x29, 0x13, 0x19, 0x29, 0x13, 0x19, 0x29, 
        0x13, 0x19, 0x29, 0x13, 0x19, 0x29, 0x13, 0x19, 0x29, 0x13, 0x19, 0x29, 0x13, 0x19, 0x29, 0x13, 0x19, 0x29, 0x13, 0x19, 0x29, 0x13, 0x19, 0x29, 0x13, 0x19, 0x29, 0x13, 0x19, 0x29, 0x13, 0x19, 0x29, 0x13, 0x19, 0x29, 0x13, 0x19, 0x29, 
        0x13, 0x19, 0x29, 0x13, 0x19, 0x29, 0x13, 0x19, 0x29, 0x13, 0x19, 0x29, 0x13, 0x19, 0x29, 0x13, 0x19, 0x29, 0x13, 0x19, 0x29, 0x13, 0x19, 0x29, 0x13, 0x19, 0x29, 0x13, 0x19, 0x29, 0x13, 0x19, 0x29, 0x13, 0x19, 0x29, 0x13, 0x19, 0x29, 
        0x13, 0x19, 0x29, 0x13, 0x19, 0x29, 0x13, 0x19, 0x29, 0x13, 0x19, 0x29, 0x13, 0x19, 0x29, 0x13, 0x19, 0x29, 0x13, 0x19, 0x29, 0x13, 0x19, 0x29, 0x13, 0x19, 0x29, 0x13, 0x19, 0x29, 0x13, 0x19, 0x29, 0x13, 0x19, 0x29, 0x13, 0x19, 0x29, 
        0x13, 0x19, 0x29, 0x13, 0x19, 0x29, 0x13, 0x19, 0x29, 0x13, 0x19, 0x29, 0x13, 0x19, 0x29, 0x13, 0x19, 0x29, 0x13, 0x19, 0x29, 0x13, 0x19, 0x29, 0x13, 0x19, 0x29, 0x13, 0x19, 0x29, 0x13, 0x19, 0x29, 0x13, 0x19, 0x29, 0x13, 0x19, 0x29, 
        0x13, 0x19, 0x29, 0x13, 0x19, 0x29, 0x13, 0x19, 0x29, 0x13, 0x19, 0x29,
  0x13, 0x19, 0x29, 0x13, 0x19, 0x29, 0x13, 0x19, 0x29, 0x13, 0x19, 0x29, 0x13, 0x19, 0x29, 0x13, 0x19, 0x29, 0x13, 0x19, 0x29, 0x13, 0x19, 0x29, 0x13, 0x19, 0x29, 0x13, 0x19, 0x29, 0x13, 0x19, 0x29, 0x13, 0x19, 0x29, 0x13, 0x19, 0x29, 0x13, 0x19, 0x29, 
        0x13, 0x19, 0x29, 0x13, 0x19, 0x29, 0x13, 0x19, 0x29, 0x13, 0x19, 0x29, 0x13, 0x19, 0x29, 0x13, 0x19, 0x29, 0x13, 0x19, 0x29, 0x13, 0x19, 0x29, 0x13, 0x19, 0x29, 0x13, 0x19, 0x29, 0x13, 0x19, 0x29, 0x13, 0x19, 0x29, 0x13, 0x19, 0x29, 
        0x13, 0x19, 0x29, 0x13, 0x19, 0x29, 0x13, 0x19, 0x29, 0x13, 0x19, 0x29, 0x13, 0x19, 0x29, 0x13, 0x19, 0x29, 0x13, 0x19, 0x29, 0x13, 0x19, 0x29, 0x13, 0x19, 0x29, 0x13, 0x19, 0x29, 0x13, 0x19, 0x29, 0x13, 0x19, 0x29, 0x13, 0x19, 0x29, 
        0x13, 0x19, 0x29, 0x13, 0x19, 0x29, 0x13, 0x19, 0x29, 0x13, 0x19, 0x29, 0x13, 0x19, 0x29, 0x13, 0x19, 0x29, 0x13, 0x19, 0x29, 0x13, 0x19, 0x29, 0x13, 0x19, 0x29, 0x13, 0x19, 0x29, 0x13, 0x19, 0x29, 0x13, 0x19, 0x29, 0x13, 0x19, 0x29, 
        0x13, 0x19, 0x29, 0x13, 0x19, 0x29, 0x13, 0x19, 0x29, 0x13, 0x19, 0x29, 0x13, 0x19, 0x29, 0x13, 0x19, 0x29, 0x13, 0x19, 0x29, 0x13, 0x19, 0x29, 0x13, 0x19, 0x29, 0x13, 0x19, 0x29, 0x13, 0x19, 0x29, 0x13, 0x19, 0x29, 0x13, 0x19, 0x29, 
        0x13, 0x19, 0x29, 0x13, 0x19, 0x29, 0x13, 0x19, 0x29, 0x13, 0x19, 0x29, 0x13, 0x19, 0x29, 0x13, 0x19, 0x29, 0x13, 0x19, 0x29, 0x13, 0x19, 0x29, 0x13, 0x19, 0x29, 0x13, 0x19, 0x29, 0x13, 0x19, 0x29, 0x13, 0x19, 0x29, 0x13, 0x19, 0x29, 
        0x13, 0x19, 0x29, 0xB7, 0xB9, 0xBE, 0xFF, 0xFF, 0xFF, 0x7C, 0x80, 0x89, 0x13, 0x19, 0x29, 0x13, 0x19, 0x29, 0x13, 0x19, 0x29, 0x13, 0x19, 0x29, 0x13, 0x19, 0x29, 0x13, 0x19, 0x29, 0x13, 0x19, 0x29, 0x13, 0x19, 0x29, 0x13, 0x19, 0x29, 
        0x13, 0x19, 0x29, 0x13, 0x19, 0x29, 0x13, 0x19, 0x29, 0x13, 0x19, 0x29, 0x13, 0x19, 0x29, 0x13, 0x19, 0x29, 0x13, 0x19, 0x29, 0x90, 0x93, 0x9B, 0x8F, 0x92, 0x9A, 0x13, 0x19, 0x29, 0x13, 0x19, 0x29, 0x13, 0x19, 0x29, 0x13, 0x19, 0x29, 
        0x13, 0x19, 0x29, 0x13, 0x19, 0x29, 0x13, 0x19, 0x29, 0x13, 0x19, 0x29, 0x13, 0x19, 0x29, 0x13, 0x19, 0x29, 0x13, 0x19, 0x29, 0x13, 0x19, 0x29, 0x13, 0x19, 0x29, 0x13, 0x19, 0x29, 0x13, 0x19, 0x29, 0x13, 0x19, 0x29, 0x7C, 0x80, 0x89, 
        0xFF, 0xFF, 0xFF, 0xB7, 0xB9, 0xBE, 0x13, 0x19, 0x29, 0x13, 0x19, 0x29, 0x13, 0x19, 0x29, 0x13, 0x19, 0x29, 0x13, 0x19, 0x29, 0x13, 0x19, 0x29, 0x13, 0x19, 0x29, 0x13, 0x19, 0x29, 0x13, 0x19, 0x29, 0x13, 0x19, 0x29, 0x13, 0x19, 0x29, 
        0x13, 0x19, 0x29, 0x13, 0x19, 0x29, 0x13, 0x19, 0x29, 0x13, 0x19, 0x29, 0x13, 0x19, 0x29, 0x13, 0x19, 0x29, 0x13, 0x19, 0x29, 0x13, 0x19, 0x29, 0x13, 0x19, 0x29, 0x13, 0x19, 0x29, 0x13, 0x19, 0x29, 0x13, 0x19, 0x29, 0x13, 0x19, 0x29, 
        0x13, 0x19, 0x29, 0x13, 0x19, 0x29, 0x13, 0x19, 0x29, 0x13, 0x19, 0x29, 0x13, 0x19, 0x29, 0x13, 0x19, 0x29, 0x13, 0x19, 0x29, 0x13, 0x19, 0x29, 0x13, 0x19, 0x29, 0x13, 0x19, 0x29, 0x13, 0x19, 0x29, 0x13, 0x19, 0x29, 0x13, 0x19, 0x29, 
        0x13, 0x19, 0x29, 0x13, 0x19, 0x29, 0x13, 0x19, 0x29, 0x13, 0x19, 0x29, 0x13, 0x19, 0x29, 0x13, 0x19, 0x29, 0x13, 0x19, 0x29, 0x13, 0x19, 0x29, 0x13, 0x19, 0x29, 0x13, 0x19, 0x29, 0x13, 0x19, 0x29, 0x13, 0x19, 0x29, 0x13, 0x19, 0x29, 
        0x13, 0x19, 0x29, 0x13, 0x19, 0x29, 0x13, 0x19, 0x29, 0x13, 0x19, 0x29, 0x13, 0x19, 0x29, 0x13, 0x19, 0x29, 0x13, 0x19, 0x29, 0x13, 0x19, 0x29, 0x13, 0x19, 0x29, 0x13, 0x19, 0x29, 0x13, 0x19, 0x29, 0x13, 0x19, 0x29, 0x13, 0x19, 0x29, 
        0x13, 0x19, 0x29, 0x13, 0x19, 0x29, 0x13, 0x19, 0x29, 0x13, 0x19, 0x29, 0x13, 0x19, 0x29, 0x13, 0x19, 0x29, 0x13, 0x19, 0x29, 0x13, 0x19, 0x29, 0x13, 0x19, 0x29, 0x13, 0x19, 0x29, 0x13, 0x19, 0x29, 0x13, 0x19, 0x29, 0x13, 0x19, 0x29, 
        0x13, 0x19, 0x29, 0x13, 0x19, 0x29, 0x13, 0x19, 0x29, 0x13, 0x19, 0x29,
  0x13, 0x19, 0x29, 0x13, 0x19, 0x29, 0x13, 0x19, 0x29, 0x13, 0x19, 0x29, 0x13, 0x19, 0x29, 0x13, 0x19, 0x29, 0x13, 0x19, 0x29, 0x13, 0x19, 0x29, 0x13, 0x19, 0x29, 0x13, 0x19, 0x29, 0x13, 0x19, 0x29, 0x13, 0x19, 0x29, 0x13, 0x19, 0x29, 0x13, 0x19, 0x29, 
        0x13, 0x19, 0x29, 0x13, 0x19, 0x29, 0x13, 0x19, 0x29, 0x13, 0x19, 0x29, 0x13, 0x19, 0x29, 0x13, 0x19, 0x29, 0x13, 0x19, 0x29, 0x13, 0x19, 0x29, 0x13, 0x19, 0x29, 0x13, 0x19, 0x29, 0x13, 0x19, 0x29, 0x13, 0x19, 0x29, 0x13, 0x19, 0x29, 
        0x13, 0x19, 0x29, 0x13, 0x19, 0x29, 0x13, 0x19, 0x29, 0x13, 0x19, 0x29, 0x13, 0x19, 0x29, 0x13, 0x19, 0x29, 0x13, 0x19, 0x29, 0x13, 0x19, 0x29, 0x13, 0x19, 0x29, 0x13, 0x19, 0x29, 0x13, 0x19, 0x29, 0x13, 0x19, 0x29, 0x13, 0x19, 0x29, 
        0x13, 0x19, 0x29, 0x13, 0x19, 0x29, 0x13, 0x19, 0x29, 0x13, 0x19, 0x29, 0x13, 0x19, 0x29, 0x13, 0x19, 0x29, 0x13, 0x19, 0x29, 0x13, 0x19, 0x29, 0x13, 0x19, 0x29, 0x13, 0x19, 0x29, 0x13, 0x19, 0x29, 0x13, 0x19, 0x29, 0x13, 0x19, 0x29, 
        0x13, 0x19, 0x29, 0x13, 0x19, 0x29, 0x13, 0x19, 0x29, 0x13, 0x19, 0x29, 0x13, 0x19, 0x29, 0x13, 0x19, 0x29, 0x13, 0x19, 0x29, 0x13, 0x19, 0x29, 0x13, 0x19, 0x29, 0x13, 0x19, 0x29, 0x13, 0x19, 0x29, 0x13, 0x19, 0x29, 0x13, 0x19, 0x29, 
        0x13, 0x19, 0x29, 0x13, 0x19, 0x29, 0x13, 0x19, 0x29, 0x13, 0x19, 0x29, 0x13, 0x19, 0x29, 0x13, 0x19, 0x29, 0x13, 0x19, 0x29, 0x13, 0x19, 0x29, 0x13, 0x19, 0x29, 0x13, 0x19, 0x29, 0x13, 0x19, 0x29, 0x13, 0x19, 0x29, 0x13, 0x19, 0x29, 
        0x13, 0x19, 0x29, 0x96, 0x98, 0x9F, 0xFF, 0xFF, 0xFF, 0xA0, 0xA2, 0xA9, 0x13, 0x19, 0x29, 0x13, 0x19, 0x29, 0x13, 0x19, 0x29, 0x13, 0x19, 0x29, 0x13, 0x19, 0x29, 0x13, 0x19, 0x29, 0x13, 0x19, 0x29, 0x13, 0x19, 0x29, 0x13, 0x19, 0x29, 
        0x13, 0x19, 0x29, 0x13, 0x19, 0x29, 0x13, 0x19, 0x29, 0x13, 0x19, 0x29, 0x13, 0x19, 0x29, 0x13, 0x19, 0x29, 0x13, 0x19, 0x29, 0x90, 0x93, 0x9B, 0x8F, 0x92, 0x9A, 0x13, 0x19, 0x29, 0x13, 0x19, 0x29, 0x13, 0x19, 0x29, 0x13, 0x19, 0x29, 
        0x13, 0x19, 0x29, 0x13, 0x19, 0x29, 0x13, 0x19, 0x29, 0x13, 0x19, 0x29, 0x13, 0x19, 0x29, 0x13, 0x19, 0x29, 0x13, 0x19, 0x29, 0x13, 0x19, 0x29, 0x13, 0x19, 0x29, 0x13, 0x19, 0x29, 0x13, 0x19, 0x29, 0x13, 0x19, 0x29, 0xA0, 0xA2, 0xA9, 
        0xFF, 0xFF, 0xFF, 0x96, 0x98, 0x9F, 0x13, 0x19, 0x29, 0x13, 0x19, 0x29, 0x13, 0x19, 0x29, 0x13, 0x19, 0x29, 0x13, 0x19, 0x29, 0x13, 0x19, 0x29, 0x13, 0x19, 0x29, 0x13, 0x19, 0x29, 0x13, 0x19, 0x29, 0x13, 0x19, 0x29, 0x13, 0x19, 0x29, 
        0x13, 0x19, 0x29, 0x13, 0x19, 0x29, 0x13, 0x19, 0x29, 0x13, 0x19, 0x29, 0x13, 0x19, 0x29, 0x13, 0x19, 0x29, 0x13, 0x19, 0x29, 0x13, 0x19, 0x29, 0x13, 0x19, 0x29, 0x13, 0x19, 0x29, 0x13, 0x19, 0x29, 0x13, 0x19, 0x29, 0x13, 0x19, 0x29, 
        0x13, 0x19, 0x29, 0x13, 0x19, 0x29, 0x13, 0x19, 0x29, 0x13, 0x19, 0x29, 0x13, 0x19, 0x29, 0x13, 0x19, 0x29, 0x13, 0x19, 0x29, 0x13, 0x19, 0x29, 0x13, 0x19, 0x29, 0x13, 0x19, 0x29, 0x13, 0x19, 0x29, 0x13, 0x19, 0x29, 0x13, 0x19, 0x29, 
        0x13, 0x19, 0x29, 0x13, 0x19, 0x29, 0x13, 0x19, 0x29, 0x13, 0x19, 0x29, 0x13, 0x19, 0x29, 0x13, 0x19, 0x29, 0x13, 0x19, 0x29, 0x13, 0x19, 0x29, 0x13, 0x19, 0x29, 0x13, 0x19, 0x29, 0x13, 0x19, 0x29, 0x13, 0x19, 0x29, 0x13, 0x19, 0x29, 
        0x13, 0x19, 0x29, 0x13, 0x19, 0x29, 0x13, 0x19, 0x29, 0x13, 0x19, 0x29, 0x13, 0x19, 0x29, 0x13, 0x19, 0x29, 0x13, 0x19, 0x29, 0x13, 0x19, 0x29, 0x13, 0x19, 0x29, 0x13, 0x19, 0x29, 0x13, 0x19, 0x29, 0x13, 0x19, 0x29, 0x13, 0x19, 0x29, 
        0x13, 0x19, 0x29, 0x13, 0x19, 0x29, 0x13, 0x19, 0x29, 0x13, 0x19, 0x29, 0x13, 0x19, 0x29, 0x13, 0x19, 0x29, 0x13, 0x19, 0x29, 0x13, 0x19, 0x29, 0x13, 0x19, 0x29, 0x13, 0x19, 0x29, 0x13, 0x19, 0x29, 0x13, 0x19, 0x29, 0x13, 0x19, 0x29, 
        0x13, 0x19, 0x29, 0x13, 0x19, 0x29, 0x13, 0x19, 0x29, 0x13, 0x19, 0x29,
  0x13, 0x19, 0x29, 0x13, 0x19, 0x29, 0x13, 0x19, 0x29, 0x13, 0x19, 0x29, 0x13, 0x19, 0x29, 0x13, 0x19, 0x29, 0x13, 0x19, 0x29, 0x13, 0x19, 0x29, 0x13, 0x19, 0x29, 0x13, 0x19, 0x29, 0x13, 0x19, 0x29, 0x13, 0x19, 0x29, 0x13, 0x19, 0x29, 0x13, 0x19, 0x29, 
        0x13, 0x19, 0x29, 0x13, 0x19, 0x29, 0x13, 0x19, 0x29, 0x13, 0x19, 0x29, 0x13, 0x19, 0x29, 0x13, 0x19, 0x29, 0x13, 0x19, 0x29, 0x13, 0x19, 0x29, 0x13, 0x19, 0x29, 0x13, 0x19, 0x29, 0x13, 0x19, 0x29, 0x13, 0x19, 0x29, 0x13, 0x19, 0x29, 
        0x13, 0x19, 0x29, 0x13, 0x19, 0x29, 0x13, 0x19, 0x29, 0x13, 0x19, 0x29, 0x13, 0x19, 0x29, 0x13, 0x19, 0x29, 0x13, 0x19, 0x29, 0x13, 0x19, 0x29, 0x13, 0x19, 0x29, 0x13, 0x19, 0x29, 0x13, 0x19, 0x29, 0x13, 0x19, 0x29, 0x13, 0x19, 0x29, 
        0x13, 0x19, 0x29, 0x13, 0x19, 0x29, 0x13, 0x19, 0x29, 0x13, 0x19, 0x29, 0x13, 0x19, 0x29, 0x13, 0x19, 0x29, 0x13, 0x19, 0x29, 0x13, 0x19, 0x29, 0x13, 0x19, 0x29, 0x13, 0x19, 0x29, 0x13, 0x19, 0x29, 0x13, 0x19, 0x29, 0x13, 0x19, 0x29, 
        0x13, 0x19, 0x29, 0x13, 0x19, 0x29, 0x13, 0x19, 0x29, 0x13, 0x19, 0x29, 0x13, 0x19, 0x29, 0x13, 0x19, 0x29, 0x13, 0x19, 0x29, 0x13, 0x19, 0x29, 0x13, 0x19, 0x29, 0x13, 0x19, 0x29, 0x13, 0x19, 0x29, 0x13, 0x19, 0x29, 0x13, 0x19, 0x29, 
        0x13, 0x19, 0x29, 0x13, 0x19, 0x29, 0x13, 0x19, 0x29, 0x13, 0x19, 0x29, 0x13, 0x19, 0x29, 0x13, 0x19, 0x29, 0x13, 0x19, 0x29, 0x13, 0x19, 0x29, 0x13, 0x19, 0x29, 0x13, 0x19, 0x29, 0x13, 0x19, 0x29, 0x13, 0x19, 0x29, 0x13, 0x19, 0x29, 
        0x13, 0x19, 0x29, 0x6E, 0x71, 0x7B, 0xFF, 0xFF, 0xFF, 0xD0, 0xD1, 0xD5, 0x13, 0x19, 0x29, 0x13, 0x19, 0x29, 0x13, 0x19, 0x29, 0x13, 0x19, 0x29, 0x13, 0x19, 0x29, 0x13, 0x19, 0x29, 0x13, 0x19, 0x29, 0x13, 0x19, 0x29, 0x13, 0x19, 0x29, 
        0x13, 0x19, 0x29, 0x13, 0x19, 0x29, 0x13, 0x19, 0x29, 0x13, 0x19, 0x29, 0x13, 0x19, 0x29, 0x13, 0x19, 0x29, 0x13, 0x19, 0x29, 0x90, 0x93, 0x9B, 0x8F, 0x92, 0x9A, 0x13, 0x19, 0x29, 0x13, 0x19, 0x29, 0x13, 0x19, 0x29, 0x13, 0x19, 0x29, 
        0x13, 0x19, 0x29, 0x13, 0x19, 0x29, 0x13, 0x19, 0x29, 0x13, 0x19, 0x29, 0x13, 0x19, 0x29, 0x13, 0x19, 0x29, 0x13, 0x19, 0x29, 0x13, 0x19, 0x29, 0x13, 0x19, 0x29, 0x13, 0x19, 0x29, 0x13, 0x19, 0x29, 0x13, 0x19, 0x29, 0xD0, 0xD1, 0xD5, 
        0xFF, 0xFF, 0xFF, 0x6E, 0x71, 0x7B, 0x13, 0x19, 0x29, 0x13, 0x19, 0x29, 0x13, 0x19, 0x29, 0x13, 0x19, 0x29, 0x13, 0x19, 0x29, 0x13, 0x19, 0x29, 0x13, 0x19, 0x29, 0x13, 0x19, 0x29, 0x13, 0x19, 0x29, 0x13, 0x19, 0x29, 0x13, 0x19, 0x29, 
        0x13, 0x19, 0x29, 0x13, 0x19, 0x29, 0x13, 0x19, 0x29, 0x13, 0x19, 0x29, 0x13, 0x19, 0x29, 0x13, 0x19, 0x29, 0x13, 0x19, 0x29, 0x13, 0x19, 0x29, 0x13, 0x19, 0x29, 0x13, 0x19, 0x29, 0x13, 0x19, 0x29, 0x13, 0x19, 0x29, 0x13, 0x19, 0x29, 
        0x13, 0x19, 0x29, 0x13, 0x19, 0x29, 0x13, 0x19, 0x29, 0x13, 0x19, 0x29, 0x13, 0x19, 0x29, 0x13, 0x19, 0x29, 0x13, 0x19, 0x29, 0x13, 0x19, 0x29, 0x13, 0x19, 0x29, 0x13, 0x19, 0x29, 0x13, 0x19, 0x29, 0x13, 0x19, 0x29, 0x13, 0x19, 0x29, 
        0x13, 0x19, 0x29, 0x13, 0x19, 0x29, 0x13, 0x19, 0x29, 0x13, 0x19, 0x29, 0x13, 0x19, 0x29, 0x13, 0x19, 0x29, 0x13, 0x19, 0x29, 0x13, 0x19, 0x29, 0x13, 0x19, 0x29, 0x13, 0x19, 0x29, 0x13, 0x19, 0x29, 0x13, 0x19, 0x29, 0x13, 0x19, 0x29, 
        0x13, 0x19, 0x29, 0x13, 0x19, 0x29, 0x13, 0x19, 0x29, 0x13, 0x19, 0x29, 0x13, 0x19, 0x29, 0x13, 0x19, 0x29, 0x13, 0x19, 0x29, 0x13, 0x19, 0x29, 0x13, 0x19, 0x29, 0x13, 0x19, 0x29, 0x13, 0x19, 0x29, 0x13, 0x19, 0x29, 0x13, 0x19, 0x29, 
        0x13, 0x19, 0x29, 0x13, 0x19, 0x29, 0x13, 0x19, 0x29, 0x13, 0x19, 0x29, 0x13, 0x19, 0x29, 0x13, 0x19, 0x29, 0x13, 0x19, 0x29, 0x13, 0x19, 0x29, 0x13, 0x19, 0x29, 0x13, 0x19, 0x29, 0x13, 0x19, 0x29, 0x13, 0x19, 0x29, 0x13, 0x19, 0x29, 
        0x13, 0x19, 0x29, 0x13, 0x19, 0x29, 0x13, 0x19, 0x29, 0x13, 0x19, 0x29,
  0x13, 0x19, 0x29, 0x13, 0x19, 0x29, 0x13, 0x19, 0x29, 0x13, 0x19, 0x29, 0x13, 0x19, 0x29, 0x13, 0x19, 0x29, 0x13, 0x19, 0x29, 0x13, 0x19, 0x29, 0x13, 0x19, 0x29, 0x13, 0x19, 0x29, 0x13, 0x19, 0x29, 0x13, 0x19, 0x29, 0x13, 0x19, 0x29, 0x13, 0x19, 0x29, 
        0x13, 0x19, 0x29, 0x13, 0x19, 0x29, 0x13, 0x19, 0x29, 0x13, 0x19, 0x29, 0x13, 0x19, 0x29, 0x13, 0x19, 0x29, 0x13, 0x19, 0x29, 0x13, 0x19, 0x29, 0x13, 0x19, 0x29, 0x13, 0x19, 0x29, 0x13, 0x19, 0x29, 0x13, 0x19, 0x29, 0x13, 0x19, 0x29, 
        0x13, 0x19, 0x29, 0x13, 0x19, 0x29, 0x13, 0x19, 0x29, 0x13, 0x19, 0x29, 0x13, 0x19, 0x29, 0x13, 0x19, 0x29, 0x13, 0x19, 0x29, 0x13, 0x19, 0x29, 0x13, 0x19, 0x29, 0x13, 0x19, 0x29, 0x13, 0x19, 0x29, 0x13, 0x19, 0x29, 0x13, 0x19, 0x29, 
        0x13, 0x19, 0x29, 0x13, 0x19, 0x29, 0x13, 0x19, 0x29, 0x13, 0x19, 0x29, 0x13, 0x19, 0x29, 0x13, 0x19, 0x29, 0x13, 0x19, 0x29, 0x13, 0x19, 0x29, 0x13, 0x19, 0x29, 0x13, 0x19, 0x29, 0x13, 0x19, 0x29, 0x13, 0x19, 0x29, 0x13, 0x19, 0x29, 
        0x13, 0x19, 0x29, 0x13, 0x19, 0x29, 0x13, 0x19, 0x29, 0x13, 0x19, 0x29, 0x13, 0x19, 0x29, 0x13, 0x19, 0x29, 0x13, 0x19, 0x29, 0x13, 0x19, 0x29, 0x13, 0x19, 0x29, 0x13, 0x19, 0x29, 0x13, 0x19, 0x29, 0x13, 0x19, 0x29, 0x13, 0x19, 0x29, 
        0x13, 0x19, 0x29, 0x13, 0x19, 0x29, 0x13, 0x19, 0x29, 0x13, 0x19, 0x29, 0x13, 0x19, 0x29, 0x13, 0x19, 0x29, 0x13, 0x19, 0x29, 0x13, 0x19, 0x29, 0x13, 0x19, 0x29, 0x13, 0x19, 0x29, 0x13, 0x19, 0x29, 0x13, 0x19, 0x29, 0x13, 0x19, 0x29, 
        0x13, 0x19, 0x29, 0x32, 0x37, 0x45, 0xFF, 0xFF, 0xFF, 0xFD, 0xFD, 0xFD, 0x23, 0x29, 0x38, 0x13, 0x19, 0x29, 0x13, 0x19, 0x29, 0x13, 0x19, 0x29, 0x13, 0x19, 0x29, 0x13, 0x19, 0x29, 0x13, 0x19, 0x29, 0x13, 0x19, 0x29, 0x13, 0x19, 0x29, 
        0x13, 0x19, 0x29, 0x13, 0x19, 0x29, 0x13, 0x19, 0x29, 0x13, 0x19, 0x29, 0x13, 0x19, 0x29, 0x13, 0x19, 0x29, 0x13, 0x19, 0x29, 0x90, 0x93, 0x9B, 0x8F, 0x92, 0x9A, 0x13, 0x19, 0x29, 0x13, 0x19, 0x29, 0x13, 0x19, 0x29, 0x13, 0x19, 0x29, 
        0x13, 0x19, 0x29, 0x13, 0x19, 0x29, 0x13, 0x19, 0x29, 0x13, 0x19, 0x29, 0x13, 0x19, 0x29, 0x13, 0x19, 0x29, 0x13, 0x19, 0x29, 0x13, 0x19, 0x29, 0x13, 0x19, 0x29, 0x13, 0x19, 0x29, 0x13, 0x19, 0x29, 0x23, 0x29, 0x38, 0xFD, 0xFD, 0xFD, 
        0xFF, 0xFF, 0xFF, 0x32, 0x37, 0x45, 0x13, 0x19, 0x29, 0x13, 0x19, 0x29, 0x13, 0x19, 0x29, 0x13, 0x19, 0x29, 0x13, 0x19, 0x29, 0x13, 0x19, 0x29, 0x13, 0x19, 0x29, 0x13, 0x19, 0x29, 0x13, 0x19, 0x29, 0x13, 0x19, 0x29, 0x13, 0x19, 0x29, 
        0x13, 0x19, 0x29, 0x13, 0x19, 0x29, 0x13, 0x19, 0x29, 0x13, 0x19, 0x29, 0x13, 0x19, 0x29, 0x13, 0x19, 0x29, 0x13, 0x19, 0x29, 0x13, 0x19, 0x29, 0x13, 0x19, 0x29, 0x13, 0x19, 0x29, 0x13, 0x19, 0x29, 0x13, 0x19, 0x29, 0x13, 0x19, 0x29, 
        0x13, 0x19, 0x29, 0x13, 0x19, 0x29, 0x13, 0x19, 0x29, 0x13, 0x19, 0x29, 0x13, 0x19, 0x29, 0x13, 0x19, 0x29, 0x13, 0x19, 0x29, 0x13, 0x19, 0x29, 0x13, 0x19, 0x29, 0x13, 0x19, 0x29, 0x13, 0x19, 0x29, 0x13, 0x19, 0x29, 0x13, 0x19, 0x29, 
        0x13, 0x19, 0x29, 0x13, 0x19, 0x29, 0x13, 0x19, 0x29, 0x13, 0x19, 0x29, 0x13, 0x19, 0x29, 0x13, 0x19, 0x29, 0x13, 0x19, 0x29, 0x13, 0x19, 0x29, 0x13, 0x19, 0x29, 0x13, 0x19, 0x29, 0x13, 0x19, 0x29, 0x13, 0x19, 0x29, 0x13, 0x19, 0x29, 
        0x13, 0x19, 0x29, 0x13, 0x19, 0x29, 0x13, 0x19, 0x29, 0x13, 0x19, 0x29, 0x13, 0x19, 0x29, 0x13, 0x19, 0x29, 0x13, 0x19, 0x29, 0x13, 0x19, 0x29, 0x13, 0x19, 0x29, 0x13, 0x19, 0x29, 0x13, 0x19, 0x29, 0x13, 0x19, 0x29, 0x13, 0x19, 0x29, 
        0x13, 0x19, 0x29, 0x13, 0x19, 0x29, 0x13, 0x19, 0x29, 0x13, 0x19, 0x29, 0x13, 0x19, 0x29, 0x13, 0x19, 0x29, 0x13, 0x19, 0x29, 0x13, 0x19, 0x29, 0x13, 0x19, 0x29, 0x13, 0x19, 0x29, 0x13, 0x19, 0x29, 0x13, 0x19, 0x29, 0x13, 0x19, 0x29, 
        0x13, 0x19, 0x29, 0x13, 0x19, 0x29, 0x13, 0x19, 0x29, 0x13, 0x19, 0x29,
  0x13, 0x19, 0x29, 0x13, 0x19, 0x29, 0x13, 0x19, 0x29, 0x13, 0x19, 0x29, 0x13, 0x19, 0x29, 0x13, 0x19, 0x29, 0x13, 0x19, 0x29, 0x13, 0x19, 0x29, 0x13, 0x19, 0x29, 0x13, 0x19, 0x29, 0x13, 0x19, 0x29, 0x13, 0x19, 0x29, 0x13, 0x19, 0x29, 0x13, 0x19, 0x29, 
        0x13, 0x19, 0x29, 0x13, 0x19, 0x29, 0x13, 0x19, 0x29, 0x13, 0x19, 0x29, 0x13, 0x19, 0x29, 0x13, 0x19, 0x29, 0x13, 0x19, 0x29, 0x13, 0x19, 0x29, 0x13, 0x19, 0x29, 0x13, 0x19, 0x29, 0x13, 0x19, 0x29, 0x13, 0x19, 0x29, 0x13, 0x19, 0x29, 
        0x13, 0x19, 0x29, 0x13, 0x19, 0x29, 0x13, 0x19, 0x29, 0x13, 0x19, 0x29, 0x13, 0x19, 0x29, 0x13, 0x19, 0x29, 0x13, 0x19, 0x29, 0x13, 0x19, 0x29, 0x13, 0x19, 0x29, 0x13, 0x19, 0x29, 0x13, 0x19, 0x29, 0x13, 0x19, 0x29, 0x13, 0x19, 0x29, 
        0x13, 0x19, 0x29, 0x13, 0x19, 0x29, 0x13, 0x19, 0x29, 0x13, 0x19, 0x29, 0x13, 0x19, 0x29, 0x13, 0x19, 0x29, 0x13, 0x19, 0x29, 0x13, 0x19, 0x29, 0x13, 0x19, 0x29, 0x13, 0x19, 0x29, 0x13, 0x19, 0x29, 0x13, 0x19, 0x29, 0x13, 0x19, 0x29, 
        0x13, 0x19, 0x29, 0x13, 0x19, 0x29, 0x13, 0x19, 0x29, 0x13, 0x19, 0x29, 0x13, 0x19, 0x29, 0x13, 0x19, 0x29, 0x13, 0x19, 0x29, 0x13, 0x19, 0x29, 0x13, 0x19, 0x29, 0x13, 0x19, 0x29, 0x13, 0x19, 0x29, 0x13, 0x19, 0x29, 0x13, 0x19, 0x29, 
        0x13, 0x19, 0x29, 0x13, 0x19, 0x29, 0x13, 0x19, 0x29, 0x13, 0x19, 0x29, 0x13, 0x19, 0x29, 0x13, 0x19, 0x29, 0x13, 0x19, 0x29, 0x13, 0x19, 0x29, 0x13, 0x19, 0x29, 0x13, 0x19, 0x29, 0x13, 0x19, 0x29, 0x13, 0x19, 0x29, 0x13, 0x19, 0x29, 
        0x13, 0x19, 0x29, 0x13, 0x19, 0x29, 0xDD, 0xDE, 0xE0, 0xFF, 0xFF, 0xFF, 0x71, 0x75, 0x7F, 0x13, 0x19, 0x29, 0x13, 0x19, 0x29, 0x13, 0x19, 0x29, 0x13, 0x19, 0x29, 0x13, 0x19, 0x29, 0x13, 0x19, 0x29, 0x13, 0x19, 0x29, 0x13, 0x19, 0x29, 
        0x13, 0x19, 0x29, 0x13, 0x19, 0x29, 0x13, 0x19, 0x29, 0x13, 0x19, 0x29, 0x13, 0x19, 0x29, 0x13, 0x19, 0x29, 0x13, 0x19, 0x29, 0x90, 0x93, 0x9B, 0x8F, 0x92, 0x9A, 0x13, 0x19, 0x29, 0x13, 0x19, 0x29, 0x13, 0x19, 0x29, 0x13, 0x19, 0x29, 
        0x13, 0x19, 0x29, 0x13, 0x19, 0x29, 0x13, 0x19, 0x29, 0x13, 0x19, 0x29, 0x13, 0x19, 0x29, 0x13, 0x19, 0x29, 0x13, 0x19, 0x29, 0x13, 0x19, 0x29, 0x13, 0x19, 0x29, 0x13, 0x19, 0x29, 0x13, 0x19, 0x29, 0x71, 0x75, 0x7F, 0xFF, 0xFF, 0xFF, 
        0xDC, 0xDD, 0xDF, 0x13, 0x19, 0x29, 0x13, 0x19, 0x29, 0x13, 0x19, 0x29, 0x13, 0x19, 0x29, 0x13, 0x19, 0x29, 0x13, 0x19, 0x29, 0x13, 0x19, 0x29, 0x13, 0x19, 0x29, 0x13, 0x19, 0x29, 0x13, 0x19, 0x29, 0x13, 0x19, 0x29, 0x13, 0x19, 0x29, 
        0x13, 0x19, 0x29, 0x13, 0x19, 0x29, 0x13, 0x19, 0x29, 0x13, 0x19, 0x29, 0x13, 0x19, 0x29, 0x13, 0x19, 0x29, 0x13, 0x19, 0x29, 0x13, 0x19, 0x29, 0x13, 0x19, 0x29, 0x13, 0x19, 0x29, 0x13, 0x19, 0x29, 0x13, 0x19, 0x29, 0x13, 0x19, 0x29, 
        0x13, 0x19, 0x29, 0x13, 0x19, 0x29, 0x13, 0x19, 0x29, 0x13, 0x19, 0x29, 0x13, 0x19, 0x29, 0x13, 0x19, 0x29, 0x13, 0x19, 0x29, 0x13, 0x19, 0x29, 0x13, 0x19, 0x29, 0x13, 0x19, 0x29, 0x13, 0x19, 0x29, 0x13, 0x19, 0x29, 0x13, 0x19, 0x29, 
        0x13, 0x19, 0x29, 0x13, 0x19, 0x29, 0x13, 0x19, 0x29, 0x13, 0x19, 0x29, 0x13, 0x19, 0x29, 0x13, 0x19, 0x29, 0x13, 0x19, 0x29, 0x13, 0x19, 0x29, 0x13, 0x19, 0x29, 0x13, 0x19, 0x29, 0x13, 0x19, 0x29, 0x13, 0x19, 0x29, 0x13, 0x19, 0x29, 
        0x13, 0x19, 0x29, 0x13, 0x19, 0x29, 0x13, 0x19, 0x29, 0x13, 0x19, 0x29, 0x13, 0x19, 0x29, 0x13, 0x19, 0x29, 0x13, 0x19, 0x29, 0x13, 0x19, 0x29, 0x13, 0x19, 0x29, 0x13, 0x19, 0x29, 0x13, 0x19, 0x29, 0x13, 0x19, 0x29, 0x13, 0x19, 0x29, 
        0x13, 0x19, 0x29, 0x13, 0x19, 0x29, 0x13, 0x19, 0x29, 0x13, 0x19, 0x29, 0x13, 0x19, 0x29, 0x13, 0x19, 0x29, 0x13, 0x19, 0x29, 0x13, 0x19, 0x29, 0x13, 0x19, 0x29, 0x13, 0x19, 0x29, 0x13, 0x19, 0x29, 0x13, 0x19, 0x29, 0x13, 0x19, 0x29, 
        0x13, 0x19, 0x29, 0x13, 0x19, 0x29, 0x13, 0x19, 0x29, 0x13, 0x19, 0x29,
  0x13, 0x19, 0x29, 0x13, 0x19, 0x29, 0x13, 0x19, 0x29, 0x13, 0x19, 0x29, 0x13, 0x19, 0x29, 0x13, 0x19, 0x29, 0x13, 0x19, 0x29, 0x13, 0x19, 0x29, 0x13, 0x19, 0x29, 0x13, 0x19, 0x29, 0x13, 0x19, 0x29, 0x13, 0x19, 0x29, 0x13, 0x19, 0x29, 0x13, 0x19, 0x29, 
        0x13, 0x19, 0x29, 0x13, 0x19, 0x29, 0x13, 0x19, 0x29, 0x13, 0x19, 0x29, 0x13, 0x19, 0x29, 0x13, 0x19, 0x29, 0x13, 0x19, 0x29, 0x13, 0x19, 0x29, 0x13, 0x19, 0x29, 0x13, 0x19, 0x29, 0x13, 0x19, 0x29, 0x13, 0x19, 0x29, 0x13, 0x19, 0x29, 
        0x13, 0x19, 0x29, 0x13, 0x19, 0x29, 0x13, 0x19, 0x29, 0x13, 0x19, 0x29, 0x13, 0x19, 0x29, 0x13, 0x19, 0x29, 0x13, 0x19, 0x29, 0x13, 0x19, 0x29, 0x13, 0x19, 0x29, 0x13, 0x19, 0x29, 0x13, 0x19, 0x29, 0x13, 0x19, 0x29, 0x13, 0x19, 0x29, 
        0x13, 0x19, 0x29, 0x13, 0x19, 0x29, 0x13, 0x19, 0x29, 0x13, 0x19, 0x29, 0x13, 0x19, 0x29, 0x13, 0x19, 0x29, 0x13, 0x19, 0x29, 0x13, 0x19, 0x29, 0x13, 0x19, 0x29, 0x13, 0x19, 0x29, 0x13, 0x19, 0x29, 0x13, 0x19, 0x29, 0x13, 0x19, 0x29, 
        0x13, 0x19, 0x29, 0x13, 0x19, 0x29, 0x13, 0x19, 0x29, 0x13, 0x19, 0x29, 0x13, 0x19, 0x29, 0x13, 0x19, 0x29, 0x13, 0x19, 0x29, 0x13, 0x19, 0x29, 0x13, 0x19, 0x29, 0x13, 0x19, 0x29, 0x13, 0x19, 0x29, 0x13, 0x19, 0x29, 0x13, 0x19, 0x29, 
        0x13, 0x19, 0x29, 0x13, 0x19, 0x29, 0x13, 0x19, 0x29, 0x13, 0x19, 0x29, 0x13, 0x19, 0x29, 0x13, 0x19, 0x29, 0x13, 0x19, 0x29, 0x13, 0x19, 0x29, 0x13, 0x19, 0x29, 0x13, 0x19, 0x29, 0x13, 0x19, 0x29, 0x13, 0x19, 0x29, 0x13, 0x19, 0x29, 
        0x13, 0x19, 0x29, 0x13, 0x19, 0x29, 0x88, 0x8B, 0x93, 0xFF, 0xFF, 0xFF, 0xCE, 0xD0, 0xD3, 0x13, 0x19, 0x29, 0x13, 0x19, 0x29, 0x13, 0x19, 0x29, 0x13, 0x19, 0x29, 0x13, 0x19, 0x29, 0x13, 0x19, 0x29, 0x13, 0x19, 0x29, 0x13, 0x19, 0x29, 
        0x13, 0x19, 0x29, 0x13, 0x19, 0x29, 0x13, 0x19, 0x29, 0x13, 0x19, 0x29, 0x13, 0x19, 0x29, 0x13, 0x19, 0x29, 0x13, 0x19, 0x29, 0x90, 0x93, 0x9B, 0x8F, 0x92, 0x9A, 0x13, 0x19, 0x29, 0x13, 0x19, 0x29, 0x13, 0x19, 0x29, 0x13, 0x19, 0x29, 
        0x13, 0x19, 0x29, 0x13, 0x19, 0x29, 0x13, 0x19, 0x29, 0x13, 0x19, 0x29, 0x13, 0x19, 0x29, 0x13, 0x19, 0x29, 0x13, 0x19, 0x29, 0x13, 0x19, 0x29, 0x13, 0x19, 0x29, 0x13, 0x19, 0x29, 0x13, 0x19, 0x29, 0xCE, 0xD0, 0xD3, 0xFF, 0xFF, 0xFF, 
        0x88, 0x8B, 0x93, 0x13, 0x19, 0x29, 0x13, 0x19, 0x29, 0x13, 0x19, 0x29, 0x13, 0x19, 0x29, 0x13, 0x19, 0x29, 0x13, 0x19, 0x29, 0x13, 0x19, 0x29, 0x13, 0x19, 0x29, 0x13, 0x19, 0x29, 0x13, 0x19, 0x29, 0x13, 0x19, 0x29, 0x13, 0x19, 0x29, 
        0x13, 0x19, 0x29, 0x13, 0x19, 0x29, 0x13, 0x19, 0x29, 0x13, 0x19, 0x29, 0x13, 0x19, 0x29, 0x13, 0x19, 0x29, 0x13, 0x19, 0x29, 0x13, 0x19, 0x29, 0x13, 0x19, 0x29, 0x13, 0x19, 0x29, 0x13, 0x19, 0x29, 0x13, 0x19, 0x29, 0x13, 0x19, 0x29, 
        0x13, 0x19, 0x29, 0x13, 0x19, 0x29, 0x13, 0x19, 0x29, 0x13, 0x19, 0x29, 0x13, 0x19, 0x29, 0x13, 0x19, 0x29, 0x13, 0x19, 0x29, 0x13, 0x19, 0x29, 0x13, 0x19, 0x29, 0x13, 0x19, 0x29, 0x13, 0x19, 0x29, 0x13, 0x19, 0x29, 0x13, 0x19, 0x29, 
        0x13, 0x19, 0x29, 0x13, 0x19, 0x29, 0x13, 0x19, 0x29, 0x13, 0x19, 0x29, 0x13, 0x19, 0x29, 0x13, 0x19, 0x29, 0x13, 0x19, 0x29, 0x13, 0x19, 0x29, 0x13, 0x19, 0x29, 0x13, 0x19, 0x29, 0x13, 0x19, 0x29, 0x13, 0x19, 0x29, 0x13, 0x19, 0x29, 
        0x13, 0x19, 0x29, 0x13, 0x19, 0x29, 0x13, 0x19, 0x29, 0x13, 0x19, 0x29, 0x13, 0x19, 0x29, 0x13, 0x19, 0x29, 0x13, 0x19, 0x29, 0x13, 0x19, 0x29, 0x13, 0x19, 0x29, 0x13, 0x19, 0x29, 0x13, 0x19, 0x29, 0x13, 0x19, 0x29, 0x13, 0x19, 0x29, 
        0x13, 0x19, 0x29, 0x13, 0x19, 0x29, 0x13, 0x19, 0x29, 0x13, 0x19, 0x29, 0x13, 0x19, 0x29, 0x13, 0x19, 0x29, 0x13, 0x19, 0x29, 0x13, 0x19, 0x29, 0x13, 0x19, 0x29, 0x13, 0x19, 0x29, 0x13, 0x19, 0x29, 0x13, 0x19, 0x29, 0x13, 0x19, 0x29, 
        0x13, 0x19, 0x29, 0x13, 0x19, 0x29, 0x13, 0x19, 0x29, 0x13, 0x19, 0x29,
  0x13, 0x19, 0x29, 0x13, 0x19, 0x29, 0x13, 0x19, 0x29, 0x13, 0x19, 0x29, 0x13, 0x19, 0x29, 0x13, 0x19, 0x29, 0x13, 0x19, 0x29, 0x13, 0x19, 0x29, 0x13, 0x19, 0x29, 0x13, 0x19, 0x29, 0x13, 0x19, 0x29, 0x13, 0x19, 0x29, 0x13, 0x19, 0x29, 0x13, 0x19, 0x29, 
        0x13, 0x19, 0x29, 0x13, 0x19, 0x29, 0x13, 0x19, 0x29, 0x13, 0x19, 0x29, 0x13, 0x19, 0x29, 0x13, 0x19, 0x29, 0x13, 0x19, 0x29, 0x13, 0x19, 0x29, 0x13, 0x19, 0x29, 0x13, 0x19, 0x29, 0x13, 0x19, 0x29, 0x13, 0x19, 0x29, 0x13, 0x19, 0x29, 
        0x13, 0x19, 0x29, 0x13, 0x19, 0x29, 0x13, 0x19, 0x29, 0x13, 0x19, 0x29, 0x13, 0x19, 0x29, 0x13, 0x19, 0x29, 0x13, 0x19, 0x29, 0x13, 0x19, 0x29, 0x13, 0x19, 0x29, 0x13, 0x19, 0x29, 0x13, 0x19, 0x29, 0x13, 0x19, 0x29, 0x13, 0x19, 0x29, 
        0x13, 0x19, 0x29, 0x13, 0x19, 0x29, 0x13, 0x19, 0x29, 0x13, 0x19, 0x29, 0x13, 0x19, 0x29, 0x13, 0x19, 0x29, 0x13, 0x19, 0x29, 0x13, 0x19, 0x29, 0x13, 0x19, 0x29, 0x13, 0x19, 0x29, 0x13, 0x19, 0x29, 0x13, 0x19, 0x29, 0x13, 0x19, 0x29, 
        0x13, 0x19, 0x29, 0x13, 0x19, 0x29, 0x13, 0x19, 0x29, 0x13, 0x19, 0x29, 0x13, 0x19, 0x29, 0x13, 0x19, 0x29, 0x13, 0x19, 0x29, 0x13, 0x19, 0x29, 0x13, 0x19, 0x29, 0x13, 0x19, 0x29, 0x13, 0x19, 0x29, 0x13, 0x19, 0x29, 0x13, 0x19, 0x29, 
        0x13, 0x19, 0x29, 0x13, 0x19, 0x29, 0x13, 0x19, 0x29, 0x13, 0x19, 0x29, 0x13, 0x19, 0x29, 0x13, 0x19, 0x29, 0x13, 0x19, 0x29, 0x13, 0x19, 0x29, 0x13, 0x19, 0x29, 0x13, 0x19, 0x29, 0x13, 0x19, 0x29, 0x13, 0x19, 0x29, 0x13, 0x19, 0x29, 
        0x13, 0x19, 0x29, 0x13, 0x19, 0x29, 0x2E, 0x33, 0x41, 0xFA, 0xFA, 0xFA, 0xFF, 0xFF, 0xFF, 0x52, 0x56, 0x62, 0x13, 0x19, 0x29, 0x13, 0x19, 0x29, 0x13, 0x19, 0x29, 0x13, 0x19, 0x29, 0x13, 0x19, 0x29, 0x13, 0x19, 0x29, 0x13, 0x19, 0x29, 
        0x13, 0x19, 0x29, 0x13, 0x19, 0x29, 0x13, 0x19, 0x29, 0x13, 0x19, 0x29, 0x13, 0x19, 0x29, 0x13, 0x19, 0x29, 0x13, 0x19, 0x29, 0x90, 0x93, 0x9B, 0x8F, 0x92, 0x9A, 0x13, 0x19, 0x29, 0x13, 0x19, 0x29, 0x13, 0x19, 0x29, 0x13, 0x19, 0x29, 
        0x13, 0x19, 0x29, 0x13, 0x19, 0x29, 0x13, 0x19, 0x29, 0x13, 0x19, 0x29, 0x13, 0x19, 0x29, 0x13, 0x19, 0x29, 0x13, 0x19, 0x29, 0x13, 0x19, 0x29, 0x13, 0x19, 0x29, 0x13, 0x19, 0x29, 0x53, 0x57, 0x63, 0xFF, 0xFF, 0xFF, 0xFA, 0xFA, 0xFA, 
        0x2E, 0x33, 0x41, 0x13, 0x19, 0x29, 0x13, 0x19, 0x29, 0x13, 0x19, 0x29, 0x13, 0x19, 0x29, 0x13, 0x19, 0x29, 0x13, 0x19, 0x29, 0x13, 0x19, 0x29, 0x13, 0x19, 0x29, 0x13, 0x19, 0x29, 0x13, 0x19, 0x29, 0x13, 0x19, 0x29, 0x13, 0x19, 0x29, 
        0x13, 0x19, 0x29, 0x13, 0x19, 0x29, 0x13, 0x19, 0x29, 0x13, 0x19, 0x29, 0x13, 0x19, 0x29, 0x13, 0x19, 0x29, 0x13, 0x19, 0x29, 0x13, 0x19, 0x29, 0x13, 0x19, 0x29, 0x13, 0x19, 0x29, 0x13, 0x19, 0x29, 0x13, 0x19, 0x29, 0x13, 0x19, 0x29, 
        0x13, 0x19, 0x29, 0x13, 0x19, 0x29, 0x13, 0x19, 0x29, 0x13, 0x19, 0x29, 0x13, 0x19, 0x29, 0x13, 0x19, 0x29, 0x13, 0x19, 0x29, 0x13, 0x19, 0x29, 0x13, 0x19, 0x29, 0x13, 0x19, 0x29, 0x13, 0x19, 0x29, 0x13, 0x19, 0x29, 0x13, 0x19, 0x29, 
        0x13, 0x19, 0x29, 0x13, 0x19, 0x29, 0x13, 0x19, 0x29, 0x13, 0x19, 0x29, 0x13, 0x19, 0x29, 0x13, 0x19, 0x29, 0x13, 0x19, 0x29, 0x13, 0x19, 0x29, 0x13, 0x19, 0x29, 0x13, 0x19, 0x29, 0x13, 0x19, 0x29, 0x13, 0x19, 0x29, 0x13, 0x19, 0x29, 
        0x13, 0x19, 0x29, 0x13, 0x19, 0x29, 0x13, 0x19, 0x29, 0x13, 0x19, 0x29, 0x13, 0x19, 0x29, 0x13, 0x19, 0x29, 0x13, 0x19, 0x29, 0x13, 0x19, 0x29, 0x13, 0x19, 0x29, 0x13, 0x19, 0x29, 0x13, 0x19, 0x29, 0x13, 0x19, 0x29, 0x13, 0x19, 0x29, 
        0x13, 0x19, 0x29, 0x13, 0x19, 0x29, 0x13, 0x19, 0x29, 0x13, 0x19, 0x29, 0x13, 0x19, 0x29, 0x13, 0x19, 0x29, 0x13, 0x19, 0x29, 0x13, 0x19, 0x29, 0x13, 0x19, 0x29, 0x13, 0x19, 0x29, 0x13, 0x19, 0x29, 0x13, 0x19, 0x29, 0x13, 0x19, 0x29, 
        0x13, 0x19, 0x29, 0x13, 0x19, 0x29, 0x13, 0x19, 0x29, 0x13, 0x19, 0x29,
  0x13, 0x19, 0x29, 0x13, 0x19, 0x29, 0x13, 0x19, 0x29, 0x13, 0x19, 0x29, 0x13, 0x19, 0x29, 0x13, 0x19, 0x29, 0x13, 0x19, 0x29, 0x13, 0x19, 0x29, 0x13, 0x19, 0x29, 0x13, 0x19, 0x29, 0x13, 0x19, 0x29, 0x13, 0x19, 0x29, 0x13, 0x19, 0x29, 0x13, 0x19, 0x29, 
        0x13, 0x19, 0x29, 0x13, 0x19, 0x29, 0x13, 0x19, 0x29, 0x13, 0x19, 0x29, 0x13, 0x19, 0x29, 0x13, 0x19, 0x29, 0x13, 0x19, 0x29, 0x13, 0x19, 0x29, 0x13, 0x19, 0x29, 0x13, 0x19, 0x29, 0x13, 0x19, 0x29, 0x13, 0x19, 0x29, 0x13, 0x19, 0x29, 
        0x13, 0x19, 0x29, 0x13, 0x19, 0x29, 0x13, 0x19, 0x29, 0x13, 0x19, 0x29, 0x13, 0x19, 0x29, 0x13, 0x19, 0x29, 0x13, 0x19, 0x29, 0x13, 0x19, 0x29, 0x13, 0x19, 0x29, 0x13, 0x19, 0x29, 0x13, 0x19, 0x29, 0x13, 0x19, 0x29, 0x13, 0x19, 0x29, 
        0x13, 0x19, 0x29, 0x13, 0x19, 0x29, 0x13, 0x19, 0x29, 0x13, 0x19, 0x29, 0x13, 0x19, 0x29, 0x13, 0x19, 0x29, 0x13, 0x19, 0x29, 0x13, 0x19, 0x29, 0x13, 0x19, 0x29, 0x13, 0x19, 0x29, 0x13, 0x19, 0x29, 0x13, 0x19, 0x29, 0x13, 0x19, 0x29, 
        0x13, 0x19, 0x29, 0x13, 0x19, 0x29, 0x13, 0x19, 0x29, 0x13, 0x19, 0x29, 0x13, 0x19, 0x29, 0x13, 0x19, 0x29, 0x13, 0x19, 0x29, 0x13, 0x19, 0x29, 0x13, 0x19, 0x29, 0x13, 0x19, 0x29, 0x13, 0x19, 0x29, 0x13, 0x19, 0x29, 0x13, 0x19, 0x29, 
        0x13, 0x19, 0x29, 0x13, 0x19, 0x29, 0x13, 0x19, 0x29, 0x13, 0x19, 0x29, 0x13, 0x19, 0x29, 0x13, 0x19, 0x29, 0x13, 0x19, 0x29, 0x13, 0x19, 0x29, 0x13, 0x19, 0x29, 0x13, 0x19, 0x29, 0x13, 0x19, 0x29, 0x13, 0x19, 0x29, 0x13, 0x19, 0x29, 
        0x13, 0x19, 0x29, 0x13, 0x19, 0x29, 0x13, 0x19, 0x29, 0xA3, 0xA5, 0xAB, 0xFF, 0xFF, 0xFF, 0xD4, 0xD5, 0xD8, 0x16, 0x1C, 0x2C, 0x13, 0x19, 0x29, 0x13, 0x19, 0x29, 0x13, 0x19, 0x29, 0x13, 0x19, 0x29, 0x13, 0x19, 0x29, 0x13, 0x19, 0x29, 
        0x13, 0x19, 0x29, 0x13, 0x19, 0x29, 0x13, 0x19, 0x29, 0x13, 0x19, 0x29, 0x13, 0x19, 0x29, 0x13, 0x19, 0x29, 0x13, 0x19, 0x29, 0x90, 0x93, 0x9B, 0x8F, 0x92, 0x9A, 0x13, 0x19, 0x29, 0x13, 0x19, 0x29, 0x13, 0x19, 0x29, 0x13, 0x19, 0x29, 
        0x13, 0x19, 0x29, 0x13, 0x19, 0x29, 0x13, 0x19, 0x29, 0x13, 0x19, 0x29, 0x13, 0x19, 0x29, 0x13, 0x19, 0x29, 0x13, 0x19, 0x29, 0x13, 0x19, 0x29, 0x13, 0x19, 0x29, 0x16, 0x1C, 0x2C, 0xD4, 0xD5, 0xD8, 0xFF, 0xFF, 0xFF, 0xA3, 0xA5, 0xAB, 
        0x13, 0x19, 0x29, 0x13, 0x19, 0x29, 0x13, 0x19, 0x29, 0x13, 0x19, 0x29, 0x13, 0x19, 0x29, 0x13, 0x19, 0x29, 0x13, 0x19, 0x29, 0x13, 0x19, 0x29, 0x13, 0x19, 0x29, 0x13, 0x19, 0x29, 0x13, 0x19, 0x29, 0x13, 0x19, 0x29, 0x13, 0x19, 0x29, 
        0x13, 0x19, 0x29, 0x13, 0x19, 0x29, 0x13, 0x19, 0x29, 0x13, 0x19, 0x29, 0x13, 0x19, 0x29, 0x13, 0x19, 0x29, 0x13, 0x19, 0x29, 0x13, 0x19, 0x29, 0x13, 0x19, 0x29, 0x13, 0x19, 0x29, 0x13, 0x19, 0x29, 0x13, 0x19, 0x29, 0x13, 0x19, 0x29, 
        0x13, 0x19, 0x29, 0x13, 0x19, 0x29, 0x13, 0x19, 0x29, 0x13, 0x19, 0x29, 0x13, 0x19, 0x29, 0x13, 0x19, 0x29, 0x13, 0x19, 0x29, 0x13, 0x19, 0x29, 0x13, 0x19, 0x29, 0x13, 0x19, 0x29, 0x13, 0x19, 0x29, 0x13, 0x19, 0x29, 0x13, 0x19, 0x29, 
        0x13, 0x19, 0x29, 0x13, 0x19, 0x29, 0x13, 0x19, 0x29, 0x13, 0x19, 0x29, 0x13, 0x19, 0x29, 0x13, 0x19, 0x29, 0x13, 0x19, 0x29, 0x13, 0x19, 0x29, 0x13, 0x19, 0x29, 0x13, 0x19, 0x29, 0x13, 0x19, 0x29, 0x13, 0x19, 0x29, 0x13, 0x19, 0x29, 
        0x13, 0x19, 0x29, 0x13, 0x19, 0x29, 0x13, 0x19, 0x29, 0x13, 0x19, 0x29, 0x13, 0x19, 0x29, 0x13, 0x19, 0x29, 0x13, 0x19, 0x29, 0x13, 0x19, 0x29, 0x13, 0x19, 0x29, 0x13, 0x19, 0x29, 0x13, 0x19, 0x29, 0x13, 0x19, 0x29, 0x13, 0x19, 0x29, 
        0x13, 0x19, 0x29, 0x13, 0x19, 0x29, 0x13, 0x19, 0x29, 0x13, 0x19, 0x29, 0x13, 0x19, 0x29, 0x13, 0x19, 0x29, 0x13, 0x19, 0x29, 0x13, 0x19, 0x29, 0x13, 0x19, 0x29, 0x13, 0x19, 0x29, 0x13, 0x19, 0x29, 0x13, 0x19, 0x29, 0x13, 0x19, 0x29, 
        0x13, 0x19, 0x29, 0x13, 0x19, 0x29, 0x13, 0x19, 0x29, 0x13, 0x19, 0x29,
  0x13, 0x19, 0x29, 0x13, 0x19, 0x29, 0x13, 0x19, 0x29, 0x13, 0x19, 0x29, 0x13, 0x19, 0x29, 0x13, 0x19, 0x29, 0x13, 0x19, 0x29, 0x13, 0x19, 0x29, 0x13, 0x19, 0x29, 0x13, 0x19, 0x29, 0x13, 0x19, 0x29, 0x13, 0x19, 0x29, 0x13, 0x19, 0x29, 0x13, 0x19, 0x29, 
        0x13, 0x19, 0x29, 0x13, 0x19, 0x29, 0x13, 0x19, 0x29, 0x13, 0x19, 0x29, 0x13, 0x19, 0x29, 0x13, 0x19, 0x29, 0x13, 0x19, 0x29, 0x13, 0x19, 0x29, 0x13, 0x19, 0x29, 0x13, 0x19, 0x29, 0x13, 0x19, 0x29, 0x13, 0x19, 0x29, 0x13, 0x19, 0x29, 
        0x13, 0x19, 0x29, 0x13, 0x19, 0x29, 0x13, 0x19, 0x29, 0x13, 0x19, 0x29, 0x13, 0x19, 0x29, 0x13, 0x19, 0x29, 0x13, 0x19, 0x29, 0x13, 0x19, 0x29, 0x13, 0x19, 0x29, 0x13, 0x19, 0x29, 0x13, 0x19, 0x29, 0x13, 0x19, 0x29, 0x13, 0x19, 0x29, 
        0x13, 0x19, 0x29, 0x13, 0x19, 0x29, 0x13, 0x19, 0x29, 0x13, 0x19, 0x29, 0x13, 0x19, 0x29, 0x13, 0x19, 0x29, 0x13, 0x19, 0x29, 0x13, 0x19, 0x29, 0x13, 0x19, 0x29, 0x13, 0x19, 0x29, 0x13, 0x19, 0x29, 0x13, 0x19, 0x29, 0x13, 0x19, 0x29, 
        0x13, 0x19, 0x29, 0x13, 0x19, 0x29, 0x13, 0x19, 0x29, 0x13, 0x19, 0x29, 0x13, 0x19, 0x29, 0x13, 0x19, 0x29, 0x13, 0x19, 0x29, 0x13, 0x19, 0x29, 0x13, 0x19, 0x29, 0x13, 0x19, 0x29, 0x13, 0x19, 0x29, 0x13, 0x19, 0x29, 0x13, 0x19, 0x29, 
        0x13, 0x19, 0x29, 0x13, 0x19, 0x29, 0x13, 0x19, 0x29, 0x13, 0x19, 0x29, 0x13, 0x19, 0x29, 0x13, 0x19, 0x29, 0x13, 0x19, 0x29, 0x13, 0x19, 0x29, 0x13, 0x19, 0x29, 0x13, 0x19, 0x29, 0x13, 0x19, 0x29, 0x13, 0x19, 0x29, 0x13, 0x19, 0x29, 
        0x13, 0x19, 0x29, 0x13, 0x19, 0x29, 0x13, 0x19, 0x29, 0x2B, 0x30, 0x3F, 0xF2, 0xF3, 0xF4, 0xFF, 0xFF, 0xFF, 0x82, 0x85, 0x8E, 0x13, 0x19, 0x29, 0x13, 0x19, 0x29, 0x13, 0x19, 0x29, 0x13, 0x19, 0x29, 0x13, 0x19, 0x29, 0x13, 0x19, 0x29, 
        0x13, 0x19, 0x29, 0x13, 0x19, 0x29, 0x13, 0x19, 0x29, 0x13, 0x19, 0x29, 0x13, 0x19, 0x29, 0x13, 0x19, 0x29, 0x13, 0x19, 0x29, 0x90, 0x93, 0x9B, 0x8F, 0x92, 0x9A, 0x13, 0x19, 0x29, 0x13, 0x19, 0x29, 0x13, 0x19, 0x29, 0x13, 0x19, 0x29, 
        0x13, 0x19, 0x29, 0x13, 0x19, 0x29, 0x13, 0x19, 0x29, 0x13, 0x19, 0x29, 0x13, 0x19, 0x29, 0x13, 0x19, 0x29, 0x13, 0x19, 0x29, 0x13, 0x19, 0x29, 0x13, 0x19, 0x29, 0x82, 0x85, 0x8E, 0xFF, 0xFF, 0xFF, 0xF2, 0xF3, 0xF4, 0x2B, 0x30, 0x3F, 
        0x13, 0x19, 0x29, 0x13, 0x19, 0x29, 0x13, 0x19, 0x29, 0x13, 0x19, 0x29, 0x13, 0x19, 0x29, 0x13, 0x19, 0x29, 0x13, 0x19, 0x29, 0x13, 0x19, 0x29, 0x13, 0x19, 0x29, 0x13, 0x19, 0x29, 0x13, 0x19, 0x29, 0x13, 0x19, 0x29, 0x13, 0x19, 0x29, 
        0x13, 0x19, 0x29, 0x13, 0x19, 0x29, 0x13, 0x19, 0x29, 0x13, 0x19, 0x29, 0x13, 0x19, 0x29, 0x13, 0x19, 0x29, 0x13, 0x19, 0x29, 0x13, 0x19, 0x29, 0x13, 0x19, 0x29, 0x13, 0x19, 0x29, 0x13, 0x19, 0x29, 0x13, 0x19, 0x29, 0x13, 0x19, 0x29, 
        0x13, 0x19, 0x29, 0x13, 0x19, 0x29, 0x13, 0x19, 0x29, 0x13, 0x19, 0x29, 0x13, 0x19, 0x29, 0x13, 0x19, 0x29, 0x13, 0x19, 0x29, 0x13, 0x19, 0x29, 0x13, 0x19, 0x29, 0x13, 0x19, 0x29, 0x13, 0x19, 0x29, 0x13, 0x19, 0x29, 0x13, 0x19, 0x29, 
        0x13, 0x19, 0x29, 0x13, 0x19, 0x29, 0x13, 0x19, 0x29, 0x13, 0x19, 0x29, 0x13, 0x19, 0x29, 0x13, 0x19, 0x29, 0x13, 0x19, 0x29, 0x13, 0x19, 0x29, 0x13, 0x19, 0x29, 0x13, 0x19, 0x29, 0x13, 0x19, 0x29, 0x13, 0x19, 0x29, 0x13, 0x19, 0x29, 
        0x13, 0x19, 0x29, 0x13, 0x19, 0x29, 0x13, 0x19, 0x29, 0x13, 0x19, 0x29, 0x13, 0x19, 0x29, 0x13, 0x19, 0x29, 0x13, 0x19, 0x29, 0x13, 0x19, 0x29, 0x13, 0x19, 0x29, 0x13, 0x19, 0x29, 0x13, 0x19, 0x29, 0x13, 0x19, 0x29, 0x13, 0x19, 0x29, 
        0x13, 0x19, 0x29, 0x13, 0x19, 0x29, 0x13, 0x19, 0x29, 0x13, 0x19, 0x29, 0x13, 0x19, 0x29, 0x13, 0x19, 0x29, 0x13, 0x19, 0x29, 0x13, 0x19, 0x29, 0x13, 0x19, 0x29, 0x13, 0x19, 0x29, 0x13, 0x19, 0x29, 0x13, 0x19, 0x29, 0x13, 0x19, 0x29, 
        0x13, 0x19, 0x29, 0x13, 0x19, 0x29, 0x13, 0x19, 0x29, 0x13, 0x19, 0x29,
  0x13, 0x19, 0x29, 0x13, 0x19, 0x29, 0x13, 0x19, 0x29, 0x13, 0x19, 0x29, 0x13, 0x19, 0x29, 0x13, 0x19, 0x29, 0x13, 0x19, 0x29, 0x13, 0x19, 0x29, 0x13, 0x19, 0x29, 0x13, 0x19, 0x29, 0x13, 0x19, 0x29, 0x13, 0x19, 0x29, 0x13, 0x19, 0x29, 0x13, 0x19, 0x29, 
        0x13, 0x19, 0x29, 0x13, 0x19, 0x29, 0x13, 0x19, 0x29, 0x13, 0x19, 0x29, 0x13, 0x19, 0x29, 0x13, 0x19, 0x29, 0x13, 0x19, 0x29, 0x13, 0x19, 0x29, 0x13, 0x19, 0x29, 0x13, 0x19, 0x29, 0x13, 0x19, 0x29, 0x13, 0x19, 0x29, 0x13, 0x19, 0x29, 
        0x13, 0x19, 0x29, 0x13, 0x19, 0x29, 0x13, 0x19, 0x29, 0x13, 0x19, 0x29, 0x13, 0x19, 0x29, 0x13, 0x19, 0x29, 0x13, 0x19, 0x29, 0x13, 0x19, 0x29, 0x13, 0x19, 0x29, 0x13, 0x19, 0x29, 0x13, 0x19, 0x29, 0x13, 0x19, 0x29, 0x13, 0x19, 0x29, 
        0x13, 0x19, 0x29, 0x13, 0x19, 0x29, 0x13, 0x19, 0x29, 0x13, 0x19, 0x29, 0x13, 0x19, 0x29, 0x13, 0x19, 0x29, 0x13, 0x19, 0x29, 0x13, 0x19, 0x29, 0x13, 0x19, 0x29, 0x13, 0x19, 0x29, 0x13, 0x19, 0x29, 0x13, 0x19, 0x29, 0x13, 0x19, 0x29, 
        0x13, 0x19, 0x29, 0x13, 0x19, 0x29, 0x13, 0x19, 0x29, 0x13, 0x19, 0x29, 0x13, 0x19, 0x29, 0x13, 0x19, 0x29, 0x13, 0x19, 0x29, 0x13, 0x19, 0x29, 0x13, 0x19, 0x29, 0x13, 0x19, 0x29, 0x13, 0x19, 0x29, 0x13, 0x19, 0x29, 0x13, 0x19, 0x29, 
        0x13, 0x19, 0x29, 0x13, 0x19, 0x29, 0x13, 0x19, 0x29, 0x13, 0x19, 0x29, 0x13, 0x19, 0x29, 0x13, 0x19, 0x29, 0x13, 0x19, 0x29, 0x13, 0x19, 0x29, 0x13, 0x19, 0x29, 0x13, 0x19, 0x29, 0x13, 0x19, 0x29, 0x13, 0x19, 0x29, 0x13, 0x19, 0x29, 
        0x13, 0x19, 0x29, 0x13, 0x19, 0x29, 0x13, 0x19, 0x29, 0x13, 0x19, 0x29, 0x77, 0x7A, 0x84, 0xFF, 0xFF, 0xFF, 0xFB, 0xFB, 0xFB, 0x4A, 0x4F, 0x5B, 0x13, 0x19, 0x29, 0x13, 0x19, 0x29, 0x13, 0x19, 0x29, 0x13, 0x19, 0x29, 0x13, 0x19, 0x29, 
        0x13, 0x19, 0x29, 0x13, 0x19, 0x29, 0x13, 0x19, 0x29, 0x13, 0x19, 0x29, 0x5D, 0x61, 0x6C, 0xD9, 0xDA, 0xDD, 0xD9, 0xDA, 0xDD, 0xEC, 0xED, 0xEE, 0xEC, 0xED, 0xEE, 0xD9, 0xDA, 0xDD, 0xD9, 0xDA, 0xDD, 0x5D, 0x61, 0x6C, 0x13, 0x19, 0x29, 
        0x13, 0x19, 0x29, 0x13, 0x19, 0x29, 0x13, 0x19, 0x29, 0x13, 0x19, 0x29, 0x13, 0x19, 0x29, 0x13, 0x19, 0x29, 0x13, 0x19, 0x29, 0x13, 0x19, 0x29, 0x4A, 0x4F, 0x5B, 0xFB, 0xFB, 0xFB, 0xFF, 0xFF, 0xFF, 0x76, 0x79, 0x83, 0x13, 0x19, 0x29, 
        0x13, 0x19, 0x29, 0x13, 0x19, 0x29, 0x13, 0x19, 0x29, 0x13, 0x19, 0x29, 0x13, 0x19, 0x29, 0x13, 0x19, 0x29, 0x13, 0x19, 0x29, 0x13, 0x19, 0x29, 0x13, 0x19, 0x29, 0x13, 0x19, 0x29, 0x13, 0x19, 0x29, 0x13, 0x19, 0x29, 0x13, 0x19, 0x29, 
        0x13, 0x19, 0x29, 0x13, 0x19, 0x29, 0x13, 0x19, 0x29, 0x13, 0x19, 0x29, 0x13, 0x19, 0x29, 0x13, 0x19, 0x29, 0x13, 0x19, 0x29, 0x13, 0x19, 0x29, 0x13, 0x19, 0x29, 0x13, 0x19, 0x29, 0x13, 0x19, 0x29, 0x13, 0x19, 0x29, 0x13, 0x19, 0x29, 
        0x13, 0x19, 0x29, 0x13, 0x19, 0x29, 0x13, 0x19, 0x29, 0x13, 0x19, 0x29, 0x13, 0x19, 0x29, 0x13, 0x19, 0x29, 0x13, 0x19, 0x29, 0x13, 0x19, 0x29, 0x13, 0x19, 0x29, 0x13, 0x19, 0x29, 0x13, 0x19, 0x29, 0x13, 0x19, 0x29, 0x13, 0x19, 0x29, 
        0x13, 0x19, 0x29, 0x13, 0x19, 0x29, 0x13, 0x19, 0x29, 0x13, 0x19, 0x29, 0x13, 0x19, 0x29, 0x13, 0x19, 0x29, 0x13, 0x19, 0x29, 0x13, 0x19, 0x29, 0x13, 0x19, 0x29, 0x13, 0x19, 0x29, 0x13, 0x19, 0x29, 0x13, 0x19, 0x29, 0x13, 0x19, 0x29, 
        0x13, 0x19, 0x29, 0x13, 0x19, 0x29, 0x13, 0x19, 0x29, 0x13, 0x19, 0x29, 0x13, 0x19, 0x29, 0x13, 0x19, 0x29, 0x13, 0x19, 0x29, 0x13, 0x19, 0x29, 0x13, 0x19, 0x29, 0x13, 0x19, 0x29, 0x13, 0x19, 0x29, 0x13, 0x19, 0x29, 0x13, 0x19, 0x29, 
        0x13, 0x19, 0x29, 0x13, 0x19, 0x29, 0x13, 0x19, 0x29, 0x13, 0x19, 0x29, 0x13, 0x19, 0x29, 0x13, 0x19, 0x29, 0x13, 0x19, 0x29, 0x13, 0x19, 0x29, 0x13, 0x19, 0x29, 0x13, 0x19, 0x29, 0x13, 0x19, 0x29, 0x13, 0x19, 0x29, 0x13, 0x19, 0x29, 
        0x13, 0x19, 0x29, 0x13, 0x19, 0x29, 0x13, 0x19, 0x29, 0x13, 0x19, 0x29,
  0x13, 0x19, 0x29, 0x13, 0x19, 0x29, 0x13, 0x19, 0x29, 0x13, 0x19, 0x29, 0x13, 0x19, 0x29, 0x13, 0x19, 0x29, 0x13, 0x19, 0x29, 0x13, 0x19, 0x29, 0x13, 0x19, 0x29, 0x13, 0x19, 0x29, 0x13, 0x19, 0x29, 0x13, 0x19, 0x29, 0x13, 0x19, 0x29, 0x13, 0x19, 0x29, 
        0x13, 0x19, 0x29, 0x13, 0x19, 0x29, 0x13, 0x19, 0x29, 0x13, 0x19, 0x29, 0x13, 0x19, 0x29, 0x13, 0x19, 0x29, 0x13, 0x19, 0x29, 0x13, 0x19, 0x29, 0x13, 0x19, 0x29, 0x13, 0x19, 0x29, 0x13, 0x19, 0x29, 0x13, 0x19, 0x29, 0x13, 0x19, 0x29, 
        0x13, 0x19, 0x29, 0x13, 0x19, 0x29, 0x13, 0x19, 0x29, 0x13, 0x19, 0x29, 0x13, 0x19, 0x29, 0x13, 0x19, 0x29, 0x13, 0x19, 0x29, 0x13, 0x19, 0x29, 0x13, 0x19, 0x29, 0x13, 0x19, 0x29, 0x13, 0x19, 0x29, 0x13, 0x19, 0x29, 0x13, 0x19, 0x29, 
        0x13, 0x19, 0x29, 0x13, 0x19, 0x29, 0x13, 0x19, 0x29, 0x13, 0x19, 0x29, 0x13, 0x19, 0x29, 0x13, 0x19, 0x29, 0x13, 0x19, 0x29, 0x13, 0x19, 0x29, 0x13, 0x19, 0x29, 0x13, 0x19, 0x29, 0x13, 0x19, 0x29, 0x13, 0x19, 0x29, 0x13, 0x19, 0x29, 
        0x13, 0x19, 0x29, 0x13, 0x19, 0x29, 0x13, 0x19, 0x29, 0x13, 0x19, 0x29, 0x13, 0x19, 0x29, 0x13, 0x19, 0x29, 0x13, 0x19, 0x29, 0x13, 0x19, 0x29, 0x13, 0x19, 0x29, 0x13, 0x19, 0x29, 0x13, 0x19, 0x29, 0x13, 0x19, 0x29, 0x13, 0x19, 0x29, 
        0x13, 0x19, 0x29, 0x13, 0x19, 0x29, 0x13, 0x19, 0x29, 0x13, 0x19, 0x29, 0x13, 0x19, 0x29, 0x13, 0x19, 0x29, 0x13, 0x19, 0x29, 0x13, 0x19, 0x29, 0x13, 0x19, 0x29, 0x13, 0x19, 0x29, 0x13, 0x19, 0x29, 0x13, 0x19, 0x29, 0x13, 0x19, 0x29, 
        0x13, 0x19, 0x29, 0x13, 0x19, 0x29, 0x13, 0x19, 0x29, 0x13, 0x19, 0x29, 0x14, 0x1A, 0x2A, 0xB7, 0xB9, 0xBE, 0xFF, 0xFF, 0xFF, 0xEE, 0xEE, 0xEF, 0x39, 0x3E, 0x4B, 0x13, 0x19, 0x29, 0x13, 0x19, 0x29, 0x13, 0x19, 0x29, 0x13, 0x19, 0x29, 
        0x13, 0x19, 0x29, 0x13, 0x19, 0x29, 0x13, 0x19, 0x29, 0x13, 0x19, 0x29, 0x1E, 0x23, 0x33, 0x46, 0x4B, 0x58, 0x46, 0x4B, 0x58, 0x51, 0x54, 0x60, 0x51, 0x54, 0x60, 0x46, 0x4B, 0x58, 0x46, 0x4B, 0x58, 0x1E, 0x23, 0x33, 0x13, 0x19, 0x29, 
        0x13, 0x19, 0x29, 0x13, 0x19, 0x29, 0x13, 0x19, 0x29, 0x13, 0x19, 0x29, 0x13, 0x19, 0x29, 0x13, 0x19, 0x29, 0x13, 0x19, 0x29, 0x39, 0x3E, 0x4B, 0xEE, 0xEE, 0xEF, 0xFF, 0xFF, 0xFF, 0xB7, 0xB9, 0xBE, 0x14, 0x1A, 0x2A, 0x13, 0x19, 0x29, 
        0x13, 0x19, 0x29, 0x13, 0x19, 0x29, 0x13, 0x19, 0x29, 0x13, 0x19, 0x29, 0x13, 0x19, 0x29, 0x13, 0x19, 0x29, 0x13, 0x19, 0x29, 0x13, 0x19, 0x29, 0x13, 0x19, 0x29, 0x13, 0x19, 0x29, 0x13, 0x19, 0x29, 0x13, 0x19, 0x29, 0x13, 0x19, 0x29, 
        0x13, 0x19, 0x29, 0x13, 0x19, 0x29, 0x13, 0x19, 0x29, 0x13, 0x19, 0x29, 0x13, 0x19, 0x29, 0x13, 0x19, 0x29, 0x13, 0x19, 0x29, 0x13, 0x19, 0x29, 0x13, 0x19, 0x29, 0x13, 0x19, 0x29, 0x13, 0x19, 0x29, 0x13, 0x19, 0x29, 0x13, 0x19, 0x29, 
        0x13, 0x19, 0x29, 0x13, 0x19, 0x29, 0x13, 0x19, 0x29, 0x13, 0x19, 0x29, 0x13, 0x19, 0x29, 0x13, 0x19, 0x29, 0x13, 0x19, 0x29, 0x13, 0x19, 0x29, 0x13, 0x19, 0x29, 0x13, 0x19, 0x29, 0x13, 0x19, 0x29, 0x13, 0x19, 0x29, 0x13, 0x19, 0x29, 
        0x13, 0x19, 0x29, 0x13, 0x19, 0x29, 0x13, 0x19, 0x29, 0x13, 0x19, 0x29, 0x13, 0x19, 0x29, 0x13, 0x19, 0x29, 0x13, 0x19, 0x29, 0x13, 0x19, 0x29, 0x13, 0x19, 0x29, 0x13, 0x19, 0x29, 0x13, 0x19, 0x29, 0x13, 0x19, 0x29, 0x13, 0x19, 0x29, 
        0x13, 0x19, 0x29, 0x13, 0x19, 0x29, 0x13, 0x19, 0x29, 0x13, 0x19, 0x29, 0x13, 0x19, 0x29, 0x13, 0x19, 0x29, 0x13, 0x19, 0x29, 0x13, 0x19, 0x29, 0x13, 0x19, 0x29, 0x13, 0x19, 0x29, 0x13, 0x19, 0x29, 0x13, 0x19, 0x29, 0x13, 0x19, 0x29, 
        0x13, 0x19, 0x29, 0x13, 0x19, 0x29, 0x13, 0x19, 0x29, 0x13, 0x19, 0x29, 0x13, 0x19, 0x29, 0x13, 0x19, 0x29, 0x13, 0x19, 0x29, 0x13, 0x19, 0x29, 0x13, 0x19, 0x29, 0x13, 0x19, 0x29, 0x13, 0x19, 0x29, 0x13, 0x19, 0x29, 0x13, 0x19, 0x29, 
        0x13, 0x19, 0x29, 0x13, 0x19, 0x29, 0x13, 0x19, 0x29, 0x13, 0x19, 0x29,
  0x13, 0x19, 0x29, 0x13, 0x19, 0x29, 0x13, 0x19, 0x29, 0x13, 0x19, 0x29, 0x13, 0x19, 0x29, 0x13, 0x19, 0x29, 0x13, 0x19, 0x29, 0x13, 0x19, 0x29, 0x13, 0x19, 0x29, 0x13, 0x19, 0x29, 0x13, 0x19, 0x29, 0x13, 0x19, 0x29, 0x13, 0x19, 0x29, 0x13, 0x19, 0x29, 
        0x13, 0x19, 0x29, 0x13, 0x19, 0x29, 0x13, 0x19, 0x29, 0x13, 0x19, 0x29, 0x13, 0x19, 0x29, 0x13, 0x19, 0x29, 0x13, 0x19, 0x29, 0x13, 0x19, 0x29, 0x13, 0x19, 0x29, 0x13, 0x19, 0x29, 0x13, 0x19, 0x29, 0x13, 0x19, 0x29, 0x13, 0x19, 0x29, 
        0x13, 0x19, 0x29, 0x13, 0x19, 0x29, 0x13, 0x19, 0x29, 0x13, 0x19, 0x29, 0x13, 0x19, 0x29, 0x13, 0x19, 0x29, 0x13, 0x19, 0x29, 0x13, 0x19, 0x29, 0x13, 0x19, 0x29, 0x13, 0x19, 0x29, 0x13, 0x19, 0x29, 0x13, 0x19, 0x29, 0x13, 0x19, 0x29, 
        0x13, 0x19, 0x29, 0x13, 0x19, 0x29, 0x13, 0x19, 0x29, 0x13, 0x19, 0x29, 0x13, 0x19, 0x29, 0x13, 0x19, 0x29, 0x13, 0x19, 0x29, 0x13, 0x19, 0x29, 0x13, 0x19, 0x29, 0x13, 0x19, 0x29, 0x13, 0x19, 0x29, 0x13, 0x19, 0x29, 0x13, 0x19, 0x29, 
        0x13, 0x19, 0x29, 0x13, 0x19, 0x29, 0x13, 0x19, 0x29, 0x13, 0x19, 0x29, 0x13, 0x19, 0x29, 0x13, 0x19, 0x29, 0x13, 0x19, 0x29, 0x13, 0x19, 0x29, 0x13, 0x19, 0x29, 0x13, 0x19, 0x29, 0x13, 0x19, 0x29, 0x13, 0x19, 0x29, 0x13, 0x19, 0x29, 
        0x13, 0x19, 0x29, 0x13, 0x19, 0x29, 0x13, 0x19, 0x29, 0x13, 0x19, 0x29, 0x13, 0x19, 0x29, 0x13, 0x19, 0x29, 0x13, 0x19, 0x29, 0x13, 0x19, 0x29, 0x13, 0x19, 0x29, 0x13, 0x19, 0x29, 0x13, 0x19, 0x29, 0x13, 0x19, 0x29, 0x13, 0x19, 0x29, 
        0x13, 0x19, 0x29, 0x13, 0x19, 0x29, 0x13, 0x19, 0x29, 0x13, 0x19, 0x29, 0x13, 0x19, 0x29, 0x21, 0x26, 0x35, 0xD4, 0xD5, 0xD8, 0xFF, 0xFF, 0xFF, 0xE9, 0xEA, 0xEB, 0x40, 0x45, 0x52, 0x13, 0x19, 0x29, 0x13, 0x19, 0x29, 0x13, 0x19, 0x29, 
        0x13, 0x19, 0x29, 0x13, 0x19, 0x29, 0x13, 0x19, 0x29, 0x13, 0x19, 0x29, 0x13, 0x19, 0x29, 0x13, 0x19, 0x29, 0x13, 0x19, 0x29, 0x13, 0x19, 0x29, 0x13, 0x19, 0x29, 0x13, 0x19, 0x29, 0x13, 0x19, 0x29, 0x13, 0x19, 0x29, 0x13, 0x19, 0x29, 
        0x13, 0x19, 0x29, 0x13, 0x19, 0x29, 0x13, 0x19, 0x29, 0x13, 0x19, 0x29, 0x13, 0x19, 0x29, 0x13, 0x19, 0x29, 0x40, 0x45, 0x52, 0xE9, 0xEA, 0xEB, 0xFF, 0xFF, 0xFF, 0xD4, 0xD5, 0xD8, 0x21, 0x26, 0x35, 0x13, 0x19, 0x29, 0x13, 0x19, 0x29, 
        0x13, 0x19, 0x29, 0x13, 0x19, 0x29, 0x13, 0x19, 0x29, 0x13, 0x19, 0x29, 0x13, 0x19, 0x29, 0x13, 0x19, 0x29, 0x13, 0x19, 0x29, 0x13, 0x19, 0x29, 0x13, 0x19, 0x29, 0x13, 0x19, 0x29, 0x13, 0x19, 0x29, 0x13, 0x19, 0x29, 0x13, 0x19, 0x29, 
        0x13, 0x19, 0x29, 0x13, 0x19, 0x29, 0x13, 0x19, 0x29, 0x13, 0x19, 0x29, 0x13, 0x19, 0x29, 0x13, 0x19, 0x29, 0x13, 0x19, 0x29, 0x13, 0x19, 0x29, 0x13, 0x19, 0x29, 0x13, 0x19, 0x29, 0x13, 0x19, 0x29, 0x13, 0x19, 0x29, 0x13, 0x19, 0x29, 
        0x13, 0x19, 0x29, 0x13, 0x19, 0x29, 0x13, 0x19, 0x29, 0x13, 0x19, 0x29, 0x13, 0x19, 0x29, 0x13, 0x19, 0x29, 0x13, 0x19, 0x29, 0x13, 0x19, 0x29, 0x13, 0x19, 0x29, 0x13, 0x19, 0x29, 0x13, 0x19, 0x29, 0x13, 0x19, 0x29, 0x13, 0x19, 0x29, 
        0x13, 0x19, 0x29, 0x13, 0x19, 0x29, 0x13, 0x19, 0x29, 0x13, 0x19, 0x29, 0x13, 0x19, 0x29, 0x13, 0x19, 0x29, 0x13, 0x19, 0x29, 0x13, 0x19, 0x29, 0x13, 0x19, 0x29, 0x13, 0x19, 0x29, 0x13, 0x19, 0x29, 0x13, 0x19, 0x29, 0x13, 0x19, 0x29, 
        0x13, 0x19, 0x29, 0x13, 0x19, 0x29, 0x13, 0x19, 0x29, 0x13, 0x19, 0x29, 0x13, 0x19, 0x29, 0x13, 0x19, 0x29, 0x13, 0x19, 0x29, 0x13, 0x19, 0x29, 0x13, 0x19, 0x29, 0x13, 0x19, 0x29, 0x13, 0x19, 0x29, 0x13, 0x19, 0x29, 0x13, 0x19, 0x29, 
        0x13, 0x19, 0x29, 0x13, 0x19, 0x29, 0x13, 0x19, 0x29, 0x13, 0x19, 0x29, 0x13, 0x19, 0x29, 0x13, 0x19, 0x29, 0x13, 0x19, 0x29, 0x13, 0x19, 0x29, 0x13, 0x19, 0x29, 0x13, 0x19, 0x29, 0x13, 0x19, 0x29, 0x13, 0x19, 0x29, 0x13, 0x19, 0x29, 
        0x13, 0x19, 0x29, 0x13, 0x19, 0x29, 0x13, 0x19, 0x29, 0x13, 0x19, 0x29,
  0x13, 0x19, 0x29, 0x13, 0x19, 0x29, 0x13, 0x19, 0x29, 0x13, 0x19, 0x29, 0x13, 0x19, 0x29, 0x13, 0x19, 0x29, 0x13, 0x19, 0x29, 0x13, 0x19, 0x29, 0x13, 0x19, 0x29, 0x13, 0x19, 0x29, 0x13, 0x19, 0x29, 0x13, 0x19, 0x29, 0x13, 0x19, 0x29, 0x13, 0x19, 0x29, 
        0x13, 0x19, 0x29, 0x13, 0x19, 0x29, 0x13, 0x19, 0x29, 0x13, 0x19, 0x29, 0x13, 0x19, 0x29, 0x13, 0x19, 0x29, 0x13, 0x19, 0x29, 0x13, 0x19, 0x29, 0x13, 0x19, 0x29, 0x13, 0x19, 0x29, 0x13, 0x19, 0x29, 0x13, 0x19, 0x29, 0x13, 0x19, 0x29, 
        0x13, 0x19, 0x29, 0x13, 0x19, 0x29, 0x13, 0x19, 0x29, 0x13, 0x19, 0x29, 0x13, 0x19, 0x29, 0x13, 0x19, 0x29, 0x13, 0x19, 0x29, 0x13, 0x19, 0x29, 0x13, 0x19, 0x29, 0x13, 0x19, 0x29, 0x13, 0x19, 0x29, 0x13, 0x19, 0x29, 0x13, 0x19, 0x29, 
        0x13, 0x19, 0x29, 0x13, 0x19, 0x29, 0x13, 0x19, 0x29, 0x13, 0x19, 0x29, 0x13, 0x19, 0x29, 0x13, 0x19, 0x29, 0x13, 0x19, 0x29, 0x13, 0x19, 0x29, 0x13, 0x19, 0x29, 0x13, 0x19, 0x29, 0x13, 0x19, 0x29, 0x13, 0x19, 0x29, 0x13, 0x19, 0x29, 
        0x13, 0x19, 0x29, 0x13, 0x19, 0x29, 0x13, 0x19, 0x29, 0x13, 0x19, 0x29, 0x13, 0x19, 0x29, 0x13, 0x19, 0x29, 0x13, 0x19, 0x29, 0x13, 0x19, 0x29, 0x13, 0x19, 0x29, 0x13, 0x19, 0x29, 0x13, 0x19, 0x29, 0x13, 0x19, 0x29, 0x13, 0x19, 0x29, 
        0x13, 0x19, 0x29, 0x13, 0x19, 0x29, 0x13, 0x19, 0x29, 0x13, 0x19, 0x29, 0x13, 0x19, 0x29, 0x13, 0x19, 0x29, 0x13, 0x19, 0x29, 0x13, 0x19, 0x29, 0x13, 0x19, 0x29, 0x13, 0x19, 0x29, 0x13, 0x19, 0x29, 0x13, 0x19, 0x29, 0x13, 0x19, 0x29, 
        0x13, 0x19, 0x29, 0x13, 0x19, 0x29, 0x13, 0x19, 0x29, 0x13, 0x19, 0x29, 0x13, 0x19, 0x29, 0x13, 0x19, 0x29, 0x2A, 0x2F, 0x3E, 0xDA, 0xDB, 0xDE, 0xFF, 0xFF, 0xFF, 0xF3, 0xF4, 0xF5, 0x65, 0x69, 0x74, 0x13, 0x19, 0x29, 0x13, 0x19, 0x29, 
        0x13, 0x19, 0x29, 0x13, 0x19, 0x29, 0x13, 0x19, 0x29, 0x13, 0x19, 0x29, 0x13, 0x19, 0x29, 0x13, 0x19, 0x29, 0x13, 0x19, 0x29, 0x13, 0x19, 0x29, 0x13, 0x19, 0x29, 0x13, 0x19, 0x29, 0x13, 0x19, 0x29, 0x13, 0x19, 0x29, 0x13, 0x19, 0x29, 
        0x13, 0x19, 0x29, 0x13, 0x19, 0x29, 0x13, 0x19, 0x29, 0x13, 0x19, 0x29, 0x13, 0x19, 0x29, 0x65, 0x69, 0x74, 0xF3, 0xF4, 0xF5, 0xFF, 0xFF, 0xFF, 0xDA, 0xDB, 0xDE, 0x2A, 0x2F, 0x3E, 0x13, 0x19, 0x29, 0x13, 0x19, 0x29, 0x13, 0x19, 0x29, 
        0x13, 0x19, 0x29, 0x13, 0x19, 0x29, 0x13, 0x19, 0x29, 0x13, 0x19, 0x29, 0x13, 0x19, 0x29, 0x13, 0x19, 0x29, 0x13, 0x19, 0x29, 0x13, 0x19, 0x29, 0x13, 0x19, 0x29, 0x13, 0x19, 0x29, 0x13, 0x19, 0x29, 0x13, 0x19, 0x29, 0x13, 0x19, 0x29, 
        0x13, 0x19, 0x29, 0x13, 0x19, 0x29, 0x13, 0x19, 0x29, 0x13, 0x19, 0x29, 0x13, 0x19, 0x29, 0x13, 0x19, 0x29, 0x13, 0x19, 0x29, 0x13, 0x19, 0x29, 0x13, 0x19, 0x29, 0x13, 0x19, 0x29, 0x13, 0x19, 0x29, 0x13, 0x19, 0x29, 0x13, 0x19, 0x29, 
        0x13, 0x19, 0x29, 0x13, 0x19, 0x29, 0x13, 0x19, 0x29, 0x13, 0x19, 0x29, 0x13, 0x19, 0x29, 0x13, 0x19, 0x29, 0x13, 0x19, 0x29, 0x13, 0x19, 0x29, 0x13, 0x19, 0x29, 0x13, 0x19, 0x29, 0x13, 0x19, 0x29, 0x13, 0x19, 0x29, 0x13, 0x19, 0x29, 
        0x13, 0x19, 0x29, 0x13, 0x19, 0x29, 0x13, 0x19, 0x29, 0x13, 0x19, 0x29, 0x13, 0x19, 0x29, 0x13, 0x19, 0x29, 0x13, 0x19, 0x29, 0x13, 0x19, 0x29, 0x13, 0x19, 0x29, 0x13, 0x19, 0x29, 0x13, 0x19, 0x29, 0x13, 0x19, 0x29, 0x13, 0x19, 0x29, 
        0x13, 0x19, 0x29, 0x13, 0x19, 0x29, 0x13, 0x19, 0x29, 0x13, 0x19, 0x29, 0x13, 0x19, 0x29, 0x13, 0x19, 0x29, 0x13, 0x19, 0x29, 0x13, 0x19, 0x29, 0x13, 0x19, 0x29, 0x13, 0x19, 0x29, 0x13, 0x19, 0x29, 0x13, 0x19, 0x29, 0x13, 0x19, 0x29, 
        0x13, 0x19, 0x29, 0x13, 0x19, 0x29, 0x13, 0x19, 0x29, 0x13, 0x19, 0x29, 0x13, 0x19, 0x29, 0x13, 0x19, 0x29, 0x13, 0x19, 0x29, 0x13, 0x19, 0x29, 0x13, 0x19, 0x29, 0x13, 0x19, 0x29, 0x13, 0x19, 0x29, 0x13, 0x19, 0x29, 0x13, 0x19, 0x29, 
        0x13, 0x19, 0x29, 0x13, 0x19, 0x29, 0x13, 0x19, 0x29, 0x13, 0x19, 0x29,
  0x13, 0x19, 0x29, 0x13, 0x19, 0x29, 0x13, 0x19, 0x29, 0x13, 0x19, 0x29, 0x13, 0x19, 0x29, 0x13, 0x19, 0x29, 0x13, 0x19, 0x29, 0x13, 0x19, 0x29, 0x13, 0x19, 0x29, 0x13, 0x19, 0x29, 0x13, 0x19, 0x29, 0x13, 0x19, 0x29, 0x13, 0x19, 0x29, 0x13, 0x19, 0x29, 
        0x13, 0x19, 0x29, 0x13, 0x19, 0x29, 0x13, 0x19, 0x29, 0x13, 0x19, 0x29, 0x13, 0x19, 0x29, 0x13, 0x19, 0x29, 0x13, 0x19, 0x29, 0x13, 0x19, 0x29, 0x13, 0x19, 0x29, 0x13, 0x19, 0x29, 0x13, 0x19, 0x29, 0x13, 0x19, 0x29, 0x13, 0x19, 0x29, 
        0x13, 0x19, 0x29, 0x13, 0x19, 0x29, 0x13, 0x19, 0x29, 0x13, 0x19, 0x29, 0x13, 0x19, 0x29, 0x13, 0x19, 0x29, 0x13, 0x19, 0x29, 0x13, 0x19, 0x29, 0x13, 0x19, 0x29, 0x13, 0x19, 0x29, 0x13, 0x19, 0x29, 0x13, 0x19, 0x29, 0x13, 0x19, 0x29, 
        0x13, 0x19, 0x29, 0x13, 0x19, 0x29, 0x13, 0x19, 0x29, 0x13, 0x19, 0x29, 0x13, 0x19, 0x29, 0x13, 0x19, 0x29, 0x13, 0x19, 0x29, 0x13, 0x19, 0x29, 0x13, 0x19, 0x29, 0x13, 0x19, 0x29, 0x13, 0x19, 0x29, 0x13, 0x19, 0x29, 0x13, 0x19, 0x29, 
        0x13, 0x19, 0x29, 0x13, 0x19, 0x29, 0x13, 0x19, 0x29, 0x13, 0x19, 0x29, 0x13, 0x19, 0x29, 0x13, 0x19, 0x29, 0x13, 0x19, 0x29, 0x13, 0x19, 0x29, 0x13, 0x19, 0x29, 0x13, 0x19, 0x29, 0x13, 0x19, 0x29, 0x13, 0x19, 0x29, 0x13, 0x19, 0x29, 
        0x13, 0x19, 0x29, 0x13, 0x19, 0x29, 0x13, 0x19, 0x29, 0x13, 0x19, 0x29, 0x13, 0x19, 0x29, 0x13, 0x19, 0x29, 0x13, 0x19, 0x29, 0x13, 0x19, 0x29, 0x13, 0x19, 0x29, 0x13, 0x19, 0x29, 0x13, 0x19, 0x29, 0x13, 0x19, 0x29, 0x13, 0x19, 0x29, 
        0x13, 0x19, 0x29, 0x13, 0x19, 0x29, 0x13, 0x19, 0x29, 0x13, 0x19, 0x29, 0x13, 0x19, 0x29, 0x13, 0x19, 0x29, 0x13, 0x19, 0x29, 0x25, 0x2B, 0x3A, 0xCB, 0xCC, 0xCF, 0xFF, 0xFF, 0xFF, 0xFF, 0xFF, 0xFF, 0xAD, 0xAF, 0xB5, 0x2A, 0x2F, 0x3E, 
        0x13, 0x19, 0x29, 0x13, 0x19, 0x29, 0x13, 0x19, 0x29, 0x13, 0x19, 0x29, 0x13, 0x19, 0x29, 0x13, 0x19, 0x29, 0x13, 0x19, 0x29, 0x13, 0x19, 0x29, 0x13, 0x19, 0x29, 0x13, 0x19, 0x29, 0x13, 0x19, 0x29, 0x13, 0x19, 0x29, 0x13, 0x19, 0x29, 
        0x13, 0x19, 0x29, 0x13, 0x19, 0x29, 0x13, 0x19, 0x29, 0x2A, 0x2F, 0x3E, 0xAD, 0xAF, 0xB5, 0xFF, 0xFF, 0xFF, 0xFF, 0xFF, 0xFF, 0xCB, 0xCC, 0xCF, 0x25, 0x2B, 0x3A, 0x13, 0x19, 0x29, 0x13, 0x19, 0x29, 0x13, 0x19, 0x29, 0x13, 0x19, 0x29, 
        0x13, 0x19, 0x29, 0x13, 0x19, 0x29, 0x13, 0x19, 0x29, 0x13, 0x19, 0x29, 0x13, 0x19, 0x29, 0x13, 0x19, 0x29, 0x13, 0x19, 0x29, 0x13, 0x19, 0x29, 0x13, 0x19, 0x29, 0x13, 0x19, 0x29, 0x13, 0x19, 0x29, 0x13, 0x19, 0x29, 0x13, 0x19, 0x29, 
        0x13, 0x19, 0x29, 0x13, 0x19, 0x29, 0x13, 0x19, 0x29, 0x13, 0x19, 0x29, 0x13, 0x19, 0x29, 0x13, 0x19, 0x29, 0x13, 0x19, 0x29, 0x13, 0x19, 0x29, 0x13, 0x19, 0x29, 0x13, 0x19, 0x29, 0x13, 0x19, 0x29, 0x13, 0x19, 0x29, 0x13, 0x19, 0x29, 
        0x13, 0x19, 0x29, 0x13, 0x19, 0x29, 0x13, 0x19, 0x29, 0x13, 0x19, 0x29, 0x13, 0x19, 0x29, 0x13, 0x19, 0x29, 0x13, 0x19, 0x29, 0x13, 0x19, 0x29, 0x13, 0x19, 0x29, 0x13, 0x19, 0x29, 0x13, 0x19, 0x29, 0x13, 0x19, 0x29, 0x13, 0x19, 0x29, 
        0x13, 0x19, 0x29, 0x13, 0x19, 0x29, 0x13, 0x19, 0x29, 0x13, 0x19, 0x29, 0x13, 0x19, 0x29, 0x13, 0x19, 0x29, 0x13, 0x19, 0x29, 0x13, 0x19, 0x29, 0x13, 0x19, 0x29, 0x13, 0x19, 0x29, 0x13, 0x19, 0x29, 0x13, 0x19, 0x29, 0x13, 0x19, 0x29, 
        0x13, 0x19, 0x29, 0x13, 0x19, 0x29, 0x13, 0x19, 0x29, 0x13, 0x19, 0x29, 0x13, 0x19, 0x29, 0x13, 0x19, 0x29, 0x13, 0x19, 0x29, 0x13, 0x19, 0x29, 0x13, 0x19, 0x29, 0x13, 0x19, 0x29, 0x13, 0x19, 0x29, 0x13, 0x19, 0x29, 0x13, 0x19, 0x29, 
        0x13, 0x19, 0x29, 0x13, 0x19, 0x29, 0x13, 0x19, 0x29, 0x13, 0x19, 0x29, 0x13, 0x19, 0x29, 0x13, 0x19, 0x29, 0x13, 0x19, 0x29, 0x13, 0x19, 0x29, 0x13, 0x19, 0x29, 0x13, 0x19, 0x29, 0x13, 0x19, 0x29, 0x13, 0x19, 0x29, 0x13, 0x19, 0x29, 
        0x13, 0x19, 0x29, 0x13, 0x19, 0x29, 0x13, 0x19, 0x29, 0x13, 0x19, 0x29,
  0x13, 0x19, 0x29, 0x13, 0x19, 0x29, 0x13, 0x19, 0x29, 0x13, 0x19, 0x29, 0x13, 0x19, 0x29, 0x13, 0x19, 0x29, 0x13, 0x19, 0x29, 0x13, 0x19, 0x29, 0x13, 0x19, 0x29, 0x13, 0x19, 0x29, 0x13, 0x19, 0x29, 0x13, 0x19, 0x29, 0x13, 0x19, 0x29, 0x13, 0x19, 0x29, 
        0x13, 0x19, 0x29, 0x13, 0x19, 0x29, 0x13, 0x19, 0x29, 0x13, 0x19, 0x29, 0x13, 0x19, 0x29, 0x13, 0x19, 0x29, 0x13, 0x19, 0x29, 0x13, 0x19, 0x29, 0x13, 0x19, 0x29, 0x13, 0x19, 0x29, 0x13, 0x19, 0x29, 0x13, 0x19, 0x29, 0x13, 0x19, 0x29, 
        0x13, 0x19, 0x29, 0x13, 0x19, 0x29, 0x13, 0x19, 0x29, 0x13, 0x19, 0x29, 0x13, 0x19, 0x29, 0x13, 0x19, 0x29, 0x13, 0x19, 0x29, 0x13, 0x19, 0x29, 0x13, 0x19, 0x29, 0x13, 0x19, 0x29, 0x13, 0x19, 0x29, 0x13, 0x19, 0x29, 0x13, 0x19, 0x29, 
        0x13, 0x19, 0x29, 0x13, 0x19, 0x29, 0x13, 0x19, 0x29, 0x13, 0x19, 0x29, 0x13, 0x19, 0x29, 0x13, 0x19, 0x29, 0x13, 0x19, 0x29, 0x13, 0x19, 0x29, 0x13, 0x19, 0x29, 0x13, 0x19, 0x29, 0x13, 0x19, 0x29, 0x13, 0x19, 0x29, 0x13, 0x19, 0x29, 
        0x13, 0x19, 0x29, 0x13, 0x19, 0x29, 0x13, 0x19, 0x29, 0x13, 0x19, 0x29, 0x13, 0x19, 0x29, 0x13, 0x19, 0x29, 0x13, 0x19, 0x29, 0x13, 0x19, 0x29, 0x13, 0x19, 0x29, 0x13, 0x19, 0x29, 0x13, 0x19, 0x29, 0x13, 0x19, 0x29, 0x13, 0x19, 0x29, 
        0x13, 0x19, 0x29, 0x13, 0x19, 0x29, 0x13, 0x19, 0x29, 0x13, 0x19, 0x29, 0x13, 0x19, 0x29, 0x13, 0x19, 0x29, 0x13, 0x19, 0x29, 0x13, 0x19, 0x29, 0x13, 0x19, 0x29, 0x13, 0x19, 0x29, 0x13, 0x19, 0x29, 0x13, 0x19, 0x29, 0x13, 0x19, 0x29, 
        0x13, 0x19, 0x29, 0x13, 0x19, 0x29, 0x13, 0x19, 0x29, 0x13, 0x19, 0x29, 0x13, 0x19, 0x29, 0x13, 0x19, 0x29, 0x13, 0x19, 0x29, 0x13, 0x19, 0x29, 0x18, 0x1E, 0x2E, 0x97, 0x9A, 0xA1, 0xFF, 0xFF, 0xFF, 0xFF, 0xFF, 0xFF, 0xF5, 0xF6, 0xF6, 
        0x97, 0x9A, 0xA1, 0x31, 0x36, 0x44, 0x13, 0x19, 0x29, 0x13, 0x19, 0x29, 0x13, 0x19, 0x29, 0x13, 0x19, 0x29, 0x13, 0x19, 0x29, 0x13, 0x19, 0x29, 0x13, 0x19, 0x29, 0x13, 0x19, 0x29, 0x13, 0x19, 0x29, 0x13, 0x19, 0x29, 0x13, 0x19, 0x29, 
        0x13, 0x19, 0x29, 0x31, 0x36, 0x44, 0x97, 0x9A, 0xA1, 0xF5, 0xF6, 0xF6, 0xFF, 0xFF, 0xFF, 0xFF, 0xFF, 0xFF, 0x97, 0x9A, 0xA1, 0x18, 0x1E, 0x2E, 0x13, 0x19, 0x29, 0x13, 0x19, 0x29, 0x13, 0x19, 0x29, 0x13, 0x19, 0x29, 0x13, 0x19, 0x29, 
        0x13, 0x19, 0x29, 0x13, 0x19, 0x29, 0x13, 0x19, 0x29, 0x13, 0x19, 0x29, 0x13, 0x19, 0x29, 0x13, 0x19, 0x29, 0x13, 0x19, 0x29, 0x13, 0x19, 0x29, 0x13, 0x19, 0x29, 0x13, 0x19, 0x29, 0x13, 0x19, 0x29, 0x13, 0x19, 0x29, 0x13, 0x19, 0x29, 
        0x13, 0x19, 0x29, 0x13, 0x19, 0x29, 0x13, 0x19, 0x29, 0x13, 0x19, 0x29, 0x13, 0x19, 0x29, 0x13, 0x19, 0x29, 0x13, 0x19, 0x29, 0x13, 0x19, 0x29, 0x13, 0x19, 0x29, 0x13, 0x19, 0x29, 0x13, 0x19, 0x29, 0x13, 0x19, 0x29, 0x13, 0x19, 0x29, 
        0x13, 0x19, 0x29, 0x13, 0x19, 0x29, 0x13, 0x19, 0x29, 0x13, 0x19, 0x29, 0x13, 0x19, 0x29, 0x13, 0x19, 0x29, 0x13, 0x19, 0x29, 0x13, 0x19, 0x29, 0x13, 0x19, 0x29, 0x13, 0x19, 0x29, 0x13, 0x19, 0x29, 0x13, 0x19, 0x29, 0x13, 0x19, 0x29, 
        0x13, 0x19, 0x29, 0x13, 0x19, 0x29, 0x13, 0x19, 0x29, 0x13, 0x19, 0x29, 0x13, 0x19, 0x29, 0x13, 0x19, 0x29, 0x13, 0x19, 0x29, 0x13, 0x19, 0x29, 0x13, 0x19, 0x29, 0x13, 0x19, 0x29, 0x13, 0x19, 0x29, 0x13, 0x19, 0x29, 0x13, 0x19, 0x29, 
        0x13, 0x19, 0x29, 0x13, 0x19, 0x29, 0x13, 0x19, 0x29, 0x13, 0x19, 0x29, 0x13, 0x19, 0x29, 0x13, 0x19, 0x29, 0x13, 0x19, 0x29, 0x13, 0x19, 0x29, 0x13, 0x19, 0x29, 0x13, 0x19, 0x29, 0x13, 0x19, 0x29, 0x13, 0x19, 0x29, 0x13, 0x19, 0x29, 
        0x13, 0x19, 0x29, 0x13, 0x19, 0x29, 0x13, 0x19, 0x29, 0x13, 0x19, 0x29, 0x13, 0x19, 0x29, 0x13, 0x19, 0x29, 0x13, 0x19, 0x29, 0x13, 0x19, 0x29, 0x13, 0x19, 0x29, 0x13, 0x19, 0x29, 0x13, 0x19, 0x29, 0x13, 0x19, 0x29, 0x13, 0x19, 0x29, 
        0x13, 0x19, 0x29, 0x13, 0x19, 0x29, 0x13, 0x19, 0x29, 0x13, 0x19, 0x29,
  0x13, 0x19, 0x29, 0x13, 0x19, 0x29, 0x13, 0x19, 0x29, 0x13, 0x19, 0x29, 0x13, 0x19, 0x29, 0x13, 0x19, 0x29, 0x13, 0x19, 0x29, 0x13, 0x19, 0x29, 0x13, 0x19, 0x29, 0x13, 0x19, 0x29, 0x13, 0x19, 0x29, 0x13, 0x19, 0x29, 0x13, 0x19, 0x29, 0x13, 0x19, 0x29, 
        0x13, 0x19, 0x29, 0x13, 0x19, 0x29, 0x13, 0x19, 0x29, 0x13, 0x19, 0x29, 0x13, 0x19, 0x29, 0x13, 0x19, 0x29, 0x13, 0x19, 0x29, 0x13, 0x19, 0x29, 0x13, 0x19, 0x29, 0x13, 0x19, 0x29, 0x13, 0x19, 0x29, 0x13, 0x19, 0x29, 0x13, 0x19, 0x29, 
        0x13, 0x19, 0x29, 0x13, 0x19, 0x29, 0x13, 0x19, 0x29, 0x13, 0x19, 0x29, 0x13, 0x19, 0x29, 0x13, 0x19, 0x29, 0x13, 0x19, 0x29, 0x13, 0x19, 0x29, 0x13, 0x19, 0x29, 0x13, 0x19, 0x29, 0x13, 0x19, 0x29, 0x13, 0x19, 0x29, 0x13, 0x19, 0x29, 
        0x13, 0x19, 0x29, 0x13, 0x19, 0x29, 0x13, 0x19, 0x29, 0x13, 0x19, 0x29, 0x13, 0x19, 0x29, 0x13, 0x19, 0x29, 0x13, 0x19, 0x29, 0x13, 0x19, 0x29, 0x13, 0x19, 0x29, 0x13, 0x19, 0x29, 0x13, 0x19, 0x29, 0x13, 0x19, 0x29, 0x13, 0x19, 0x29, 
        0x13, 0x19, 0x29, 0x13, 0x19, 0x29, 0x13, 0x19, 0x29, 0x13, 0x19, 0x29, 0x13, 0x19, 0x29, 0x13, 0x19, 0x29, 0x13, 0x19, 0x29, 0x13, 0x19, 0x29, 0x13, 0x19, 0x29, 0x13, 0x19, 0x29, 0x13, 0x19, 0x29, 0x13, 0x19, 0x29, 0x13, 0x19, 0x29, 
        0x13, 0x19, 0x29, 0x13, 0x19, 0x29, 0x13, 0x19, 0x29, 0x13, 0x19, 0x29, 0x13, 0x19, 0x29, 0x13, 0x19, 0x29, 0x13, 0x19, 0x29, 0x13, 0x19, 0x29, 0x13, 0x19, 0x29, 0x13, 0x19, 0x29, 0x13, 0x19, 0x29, 0x13, 0x19, 0x29, 0x13, 0x19, 0x29, 
        0x13, 0x19, 0x29, 0x13, 0x19, 0x29, 0x13, 0x19, 0x29, 0x13, 0x19, 0x29, 0x13, 0x19, 0x29, 0x13, 0x19, 0x29, 0x13, 0x19, 0x29, 0x13, 0x19, 0x29, 0x13, 0x19, 0x29, 0x13, 0x19, 0x29, 0x49, 0x4E, 0x5A, 0xD3, 0xD4, 0xD7, 0xFF, 0xFF, 0xFF, 
        0xFF, 0xFF, 0xFF, 0xFF, 0xFF, 0xFF, 0xC7, 0xC8, 0xCC, 0x84, 0x87, 0x8F, 0x49, 0x4E, 0x5A, 0x21, 0x27, 0x36, 0x13, 0x19, 0x29, 0x13, 0x19, 0x29, 0x13, 0x19, 0x29, 0x13, 0x19, 0x29, 0x21, 0x27, 0x36, 0x49, 0x4E, 0x5A, 0x84, 0x87, 0x8F, 
        0xC7, 0xC8, 0xCC, 0xFF, 0xFF, 0xFF, 0xFF, 0xFF, 0xFF, 0xFF, 0xFF, 0xFF, 0xD3, 0xD4, 0xD7, 0x49, 0x4E, 0x5A, 0x13, 0x19, 0x29, 0x13, 0x19, 0x29, 0x13, 0x19, 0x29, 0x13, 0x19, 0x29, 0x13, 0x19, 0x29, 0x13, 0x19, 0x29, 0x13, 0x19, 0x29, 
        0x13, 0x19, 0x29, 0x13, 0x19, 0x29, 0x13, 0x19, 0x29, 0x13, 0x19, 0x29, 0x13, 0x19, 0x29, 0x13, 0x19, 0x29, 0x13, 0x19, 0x29, 0x13, 0x19, 0x29, 0x13, 0x19, 0x29, 0x13, 0x19, 0x29, 0x13, 0x19, 0x29, 0x13, 0x19, 0x29, 0x13, 0x19, 0x29, 
        0x13, 0x19, 0x29, 0x13, 0x19, 0x29, 0x13, 0x19, 0x29, 0x13, 0x19, 0x29, 0x13, 0x19, 0x29, 0x13, 0x19, 0x29, 0x13, 0x19, 0x29, 0x13, 0x19, 0x29, 0x13, 0x19, 0x29, 0x13, 0x19, 0x29, 0x13, 0x19, 0x29, 0x13, 0x19, 0x29, 0x13, 0x19, 0x29, 
        0x13, 0x19, 0x29, 0x13, 0x19, 0x29, 0x13, 0x19, 0x29, 0x13, 0x19, 0x29, 0x13, 0x19, 0x29, 0x13, 0x19, 0x29, 0x13, 0x19, 0x29, 0x13, 0x19, 0x29, 0x13, 0x19, 0x29, 0x13, 0x19, 0x29, 0x13, 0x19, 0x29, 0x13, 0x19, 0x29, 0x13, 0x19, 0x29, 
        0x13, 0x19, 0x29, 0x13, 0x19, 0x29, 0x13, 0x19, 0x29, 0x13, 0x19, 0x29, 0x13, 0x19, 0x29, 0x13, 0x19, 0x29, 0x13, 0x19, 0x29, 0x13, 0x19, 0x29, 0x13, 0x19, 0x29, 0x13, 0x19, 0x29, 0x13, 0x19, 0x29, 0x13, 0x19, 0x29, 0x13, 0x19, 0x29, 
        0x13, 0x19, 0x29, 0x13, 0x19, 0x29, 0x13, 0x19, 0x29, 0x13, 0x19, 0x29, 0x13, 0x19, 0x29, 0x13, 0x19, 0x29, 0x13, 0x19, 0x29, 0x13, 0x19, 0x29, 0x13, 0x19, 0x29, 0x13, 0x19, 0x29, 0x13, 0x19, 0x29, 0x13, 0x19, 0x29, 0x13, 0x19, 0x29, 
        0x13, 0x19, 0x29, 0x13, 0x19, 0x29, 0x13, 0x19, 0x29, 0x13, 0x19, 0x29, 0x13, 0x19, 0x29, 0x13, 0x19, 0x29, 0x13, 0x19, 0x29, 0x13, 0x19, 0x29, 0x13, 0x19, 0x29, 0x13, 0x19, 0x29, 0x13, 0x19, 0x29, 0x13, 0x19, 0x29, 0x13, 0x19, 0x29, 
        0x13, 0x19, 0x29, 0x13, 0x19, 0x29, 0x13, 0x19, 0x29, 0x13, 0x19, 0x29,
  0x13, 0x19, 0x29, 0x13, 0x19, 0x29, 0x13, 0x19, 0x29, 0x13, 0x19, 0x29, 0x13, 0x19, 0x29, 0x13, 0x19, 0x29, 0x13, 0x19, 0x29, 0x13, 0x19, 0x29, 0x13, 0x19, 0x29, 0x13, 0x19, 0x29, 0x13, 0x19, 0x29, 0x13, 0x19, 0x29, 0x13, 0x19, 0x29, 0x13, 0x19, 0x29, 
        0x13, 0x19, 0x29, 0x13, 0x19, 0x29, 0x13, 0x19, 0x29, 0x13, 0x19, 0x29, 0x13, 0x19, 0x29, 0x13, 0x19, 0x29, 0x13, 0x19, 0x29, 0x13, 0x19, 0x29, 0x13, 0x19, 0x29, 0x13, 0x19, 0x29, 0x13, 0x19, 0x29, 0x13, 0x19, 0x29, 0x13, 0x19, 0x29, 
        0x13, 0x19, 0x29, 0x13, 0x19, 0x29, 0x13, 0x19, 0x29, 0x13, 0x19, 0x29, 0x13, 0x19, 0x29, 0x13, 0x19, 0x29, 0x13, 0x19, 0x29, 0x13, 0x19, 0x29, 0x13, 0x19, 0x29, 0x13, 0x19, 0x29, 0x13, 0x19, 0x29, 0x13, 0x19, 0x29, 0x13, 0x19, 0x29, 
        0x13, 0x19, 0x29, 0x13, 0x19, 0x29, 0x13, 0x19, 0x29, 0x13, 0x19, 0x29, 0x13, 0x19, 0x29, 0x13, 0x19, 0x29, 0x13, 0x19, 0x29, 0x13, 0x19, 0x29, 0x13, 0x19, 0x29, 0x13, 0x19, 0x29, 0x13, 0x19, 0x29, 0x13, 0x19, 0x29, 0x13, 0x19, 0x29, 
        0x13, 0x19, 0x29, 0x13, 0x19, 0x29, 0x13, 0x19, 0x29, 0x13, 0x19, 0x29, 0x13, 0x19, 0x29, 0x13, 0x19, 0x29, 0x13, 0x19, 0x29, 0x13, 0x19, 0x29, 0x13, 0x19, 0x29, 0x13, 0x19, 0x29, 0x13, 0x19, 0x29, 0x13, 0x19, 0x29, 0x13, 0x19, 0x29, 
        0x13, 0x19, 0x29, 0x13, 0x19, 0x29, 0x13, 0x19, 0x29, 0x13, 0x19, 0x29, 0x13, 0x19, 0x29, 0x13, 0x19, 0x29, 0x13, 0x19, 0x29, 0x13, 0x19, 0x29, 0x13, 0x19, 0x29, 0x13, 0x19, 0x29, 0x13, 0x19, 0x29, 0x13, 0x19, 0x29, 0x13, 0x19, 0x29, 
        0x13, 0x19, 0x29, 0x13, 0x19, 0x29, 0x13, 0x19, 0x29, 0x13, 0x19, 0x29, 0x13, 0x19, 0x29, 0x13, 0x19, 0x29, 0x13, 0x19, 0x29, 0x13, 0x19, 0x29, 0x13, 0x19, 0x29, 0x13, 0x19, 0x29, 0x13, 0x19, 0x29, 0x14, 0x1A, 0x2A, 0x5F, 0x63, 0x6E, 
        0xCA, 0xCB, 0xCF, 0xFF, 0xFF, 0xFF, 0xFF, 0xFF, 0xFF, 0xFF, 0xFF, 0xFF, 0xFF, 0xFF, 0xFF, 0xFF, 0xFF, 0xFF, 0xF2, 0xF3, 0xF4, 0xE7, 0xE8, 0xEA, 0xE7, 0xE8, 0xEA, 0xF2, 0xF3, 0xF4, 0xFF, 0xFF, 0xFF, 0xFF, 0xFF, 0xFF, 0xFF, 0xFF, 0xFF, 
        0xFF, 0xFF, 0xFF, 0xFF, 0xFF, 0xFF, 0xCA, 0xCB, 0xCF, 0x5F, 0x63, 0x6E, 0x14, 0x1A, 0x2A, 0x13, 0x19, 0x29, 0x13, 0x19, 0x29, 0x13, 0x19, 0x29, 0x13, 0x19, 0x29, 0x13, 0x19, 0x29, 0x13, 0x19, 0x29, 0x13, 0x19, 0x29, 0x13, 0x19, 0x29, 
        0x13, 0x19, 0x29, 0x13, 0x19, 0x29, 0x13, 0x19, 0x29, 0x13, 0x19, 0x29, 0x13, 0x19, 0x29, 0x13, 0x19, 0x29, 0x13, 0x19, 0x29, 0x13, 0x19, 0x29, 0x13, 0x19, 0x29, 0x13, 0x19, 0x29, 0x13, 0x19, 0x29, 0x13, 0x19, 0x29, 0x13, 0x19, 0x29, 
        0x13, 0x19, 0x29, 0x13, 0x19, 0x29, 0x13, 0x19, 0x29, 0x13, 0x19, 0x29, 0x13, 0x19, 0x29, 0x13, 0x19, 0x29, 0x13, 0x19, 0x29, 0x13, 0x19, 0x29, 0x13, 0x19, 0x29, 0x13, 0x19, 0x29, 0x13, 0x19, 0x29, 0x13, 0x19, 0x29, 0x13, 0x19, 0x29, 
        0x13, 0x19, 0x29, 0x13, 0x19, 0x29, 0x13, 0x19, 0x29, 0x13, 0x19, 0x29, 0x13, 0x19, 0x29, 0x13, 0x19, 0x29, 0x13, 0x19, 0x29, 0x13, 0x19, 0x29, 0x13, 0x19, 0x29, 0x13, 0x19, 0x29, 0x13, 0x19, 0x29, 0x13, 0x19, 0x29, 0x13, 0x19, 0x29, 
        0x13, 0x19, 0x29, 0x13, 0x19, 0x29, 0x13, 0x19, 0x29, 0x13, 0x19, 0x29, 0x13, 0x19, 0x29, 0x13, 0x19, 0x29, 0x13, 0x19, 0x29, 0x13, 0x19, 0x29, 0x13, 0x19, 0x29, 0x13, 0x19, 0x29, 0x13, 0x19, 0x29, 0x13, 0x19, 0x29, 0x13, 0x19, 0x29, 
        0x13, 0x19, 0x29, 0x13, 0x19, 0x29, 0x13, 0x19, 0x29, 0x13, 0x19, 0x29, 0x13, 0x19, 0x29, 0x13, 0x19, 0x29, 0x13, 0x19, 0x29, 0x13, 0x19, 0x29, 0x13, 0x19, 0x29, 0x13, 0x19, 0x29, 0x13, 0x19, 0x29, 0x13, 0x19, 0x29, 0x13, 0x19, 0x29, 
        0x13, 0x19, 0x29, 0x13, 0x19, 0x29, 0x13, 0x19, 0x29, 0x13, 0x19, 0x29, 0x13, 0x19, 0x29, 0x13, 0x19, 0x29, 0x13, 0x19, 0x29, 0x13, 0x19, 0x29, 0x13, 0x19, 0x29, 0x13, 0x19, 0x29, 0x13, 0x19, 0x29, 0x13, 0x19, 0x29, 0x13, 0x19, 0x29, 
        0x13, 0x19, 0x29, 0x13, 0x19, 0x29, 0x13, 0x19, 0x29, 0x13, 0x19, 0x29,
  0x13, 0x19, 0x29, 0x13, 0x19, 0x29, 0x13, 0x19, 0x29, 0x13, 0x19, 0x29, 0x13, 0x19, 0x29, 0x13, 0x19, 0x29, 0x13, 0x19, 0x29, 0x13, 0x19, 0x29, 0x13, 0x19, 0x29, 0x13, 0x19, 0x29, 0x13, 0x19, 0x29, 0x13, 0x19, 0x29, 0x13, 0x19, 0x29, 0x13, 0x19, 0x29, 
        0x13, 0x19, 0x29, 0x13, 0x19, 0x29, 0x13, 0x19, 0x29, 0x13, 0x19, 0x29, 0x13, 0x19, 0x29, 0x13, 0x19, 0x29, 0x13, 0x19, 0x29, 0x13, 0x19, 0x29, 0x13, 0x19, 0x29, 0x13, 0x19, 0x29, 0x13, 0x19, 0x29, 0x13, 0x19, 0x29, 0x13, 0x19, 0x29, 
        0x13, 0x19, 0x29, 0x13, 0x19, 0x29, 0x13, 0x19, 0x29, 0x13, 0x19, 0x29, 0x13, 0x19, 0x29, 0x13, 0x19, 0x29, 0x13, 0x19, 0x29, 0x13, 0x19, 0x29, 0x13, 0x19, 0x29, 0x13, 0x19, 0x29, 0x13, 0x19, 0x29, 0x13, 0x19, 0x29, 0x13, 0x19, 0x29, 
        0x13, 0x19, 0x29, 0x13, 0x19, 0x29, 0x13, 0x19, 0x29, 0x13, 0x19, 0x29, 0x13, 0x19, 0x29, 0x13, 0x19, 0x29, 0x13, 0x19, 0x29, 0x13, 0x19, 0x29, 0x13, 0x19, 0x29, 0x13, 0x19, 0x29, 0x13, 0x19, 0x29, 0x13, 0x19, 0x29, 0x13, 0x19, 0x29, 
        0x13, 0x19, 0x29, 0x13, 0x19, 0x29, 0x13, 0x19, 0x29, 0x13, 0x19, 0x29, 0x13, 0x19, 0x29, 0x13, 0x19, 0x29, 0x13, 0x19, 0x29, 0x13, 0x19, 0x29, 0x13, 0x19, 0x29, 0x13, 0x19, 0x29, 0x13, 0x19, 0x29, 0x13, 0x19, 0x29, 0x13, 0x19, 0x29, 
        0x13, 0x19, 0x29, 0x13, 0x19, 0x29, 0x13, 0x19, 0x29, 0x13, 0x19, 0x29, 0x13, 0x19, 0x29, 0x13, 0x19, 0x29, 0x13, 0x19, 0x29, 0x13, 0x19, 0x29, 0x13, 0x19, 0x29, 0x13, 0x19, 0x29, 0x13, 0x19, 0x29, 0x13, 0x19, 0x29, 0x13, 0x19, 0x29, 
        0x13, 0x19, 0x29, 0x13, 0x19, 0x29, 0x13, 0x19, 0x29, 0x13, 0x19, 0x29, 0x13, 0x19, 0x29, 0x13, 0x19, 0x29, 0x13, 0x19, 0x29, 0x13, 0x19, 0x29, 0x13, 0x19, 0x29, 0x13, 0x19, 0x29, 0x13, 0x19, 0x29, 0x13, 0x19, 0x29, 0x13, 0x19, 0x29, 
        0x13, 0x19, 0x29, 0x33, 0x38, 0x46, 0x80, 0x83, 0x8C, 0xBE, 0xC0, 0xC5, 0xF0, 0xF0, 0xF1, 0xFF, 0xFF, 0xFF, 0xFF, 0xFF, 0xFF, 0xFF, 0xFF, 0xFF, 0xFF, 0xFF, 0xFF, 0xFF, 0xFF, 0xFF, 0xFF, 0xFF, 0xFF, 0xF0, 0xF0, 0xF1, 0xBE, 0xC0, 0xC5, 
        0x80, 0x83, 0x8C, 0x33, 0x38, 0x46, 0x13, 0x19, 0x29, 0x13, 0x19, 0x29, 0x13, 0x19, 0x29, 0x13, 0x19, 0x29, 0x13, 0x19, 0x29, 0x13, 0x19, 0x29, 0x13, 0x19, 0x29, 0x13, 0x19, 0x29, 0x13, 0x19, 0x29, 0x13, 0x19, 0x29, 0x13, 0x19, 0x29, 
        0x13, 0x19, 0x29, 0x13, 0x19, 0x29, 0x13, 0x19, 0x29, 0x13, 0x19, 0x29, 0x13, 0x19, 0x29, 0x13, 0x19, 0x29, 0x13, 0x19, 0x29, 0x13, 0x19, 0x29, 0x13, 0x19, 0x29, 0x13, 0x19, 0x29, 0x13, 0x19, 0x29, 0x13, 0x19, 0x29, 0x13, 0x19, 0x29, 
        0x13, 0x19, 0x29, 0x13, 0x19, 0x29, 0x13, 0x19, 0x29, 0x13, 0x19, 0x29, 0x13, 0x19, 0x29, 0x13, 0x19, 0x29, 0x13, 0x19, 0x29, 0x13, 0x19, 0x29, 0x13, 0x19, 0x29, 0x13, 0x19, 0x29, 0x13, 0x19, 0x29, 0x13, 0x19, 0x29, 0x13, 0x19, 0x29, 
        0x13, 0x19, 0x29, 0x13, 0x19, 0x29, 0x13, 0x19, 0x29, 0x13, 0x19, 0x29, 0x13, 0x19, 0x29, 0x13, 0x19, 0x29, 0x13, 0x19, 0x29, 0x13, 0x19, 0x29, 0x13, 0x19, 0x29, 0x13, 0x19, 0x29, 0x13, 0x19, 0x29, 0x13, 0x19, 0x29, 0x13, 0x19, 0x29, 
        0x13, 0x19, 0x29, 0x13, 0x19, 0x29, 0x13, 0x19, 0x29, 0x13, 0x19, 0x29, 0x13, 0x19, 0x29, 0x13, 0x19, 0x29, 0x13, 0x19, 0x29, 0x13, 0x19, 0x29, 0x13, 0x19, 0x29, 0x13, 0x19, 0x29, 0x13, 0x19, 0x29, 0x13, 0x19, 0x29, 0x13, 0x19, 0x29, 
        0x13, 0x19, 0x29, 0x13, 0x19, 0x29, 0x13, 0x19, 0x29, 0x13, 0x19, 0x29, 0x13, 0x19, 0x29, 0x13, 0x19, 0x29, 0x13, 0x19, 0x29, 0x13, 0x19, 0x29, 0x13, 0x19, 0x29, 0x13, 0x19, 0x29, 0x13, 0x19, 0x29, 0x13, 0x19, 0x29, 0x13, 0x19, 0x29, 
        0x13, 0x19, 0x29, 0x13, 0x19, 0x29, 0x13, 0x19, 0x29, 0x13, 0x19, 0x29, 0x13, 0x19, 0x29, 0x13, 0x19, 0x29, 0x13, 0x19, 0x29, 0x13, 0x19, 0x29, 0x13, 0x19, 0x29, 0x13, 0x19, 0x29, 0x13, 0x19, 0x29, 0x13, 0x19, 0x29, 0x13, 0x19, 0x29, 
        0x13, 0x19, 0x29, 0x13, 0x19, 0x29, 0x13, 0x19, 0x29, 0x13, 0x19, 0x29,
  0x13, 0x19, 0x29, 0x13, 0x19, 0x29, 0x13, 0x19, 0x29, 0x13, 0x19, 0x29, 0x13, 0x19, 0x29, 0x13, 0x19, 0x29, 0x13, 0x19, 0x29, 0x13, 0x19, 0x29, 0x13, 0x19, 0x29, 0x13, 0x19, 0x29, 0x13, 0x19, 0x29, 0x13, 0x19, 0x29, 0x13, 0x19, 0x29, 0x13, 0x19, 0x29, 
        0x13, 0x19, 0x29, 0x13, 0x19, 0x29, 0x13, 0x19, 0x29, 0x13, 0x19, 0x29, 0x13, 0x19, 0x29, 0x13, 0x19, 0x29, 0x13, 0x19, 0x29, 0x13, 0x19, 0x29, 0x13, 0x19, 0x29, 0x13, 0x19, 0x29, 0x13, 0x19, 0x29, 0x13, 0x19, 0x29, 0x13, 0x19, 0x29, 
        0x13, 0x19, 0x29, 0x13, 0x19, 0x29, 0x13, 0x19, 0x29, 0x13, 0x19, 0x29, 0x13, 0x19, 0x29, 0x13, 0x19, 0x29, 0x13, 0x19, 0x29, 0x13, 0x19, 0x29, 0x13, 0x19, 0x29, 0x13, 0x19, 0x29, 0x13, 0x19, 0x29, 0x13, 0x19, 0x29, 0x13, 0x19, 0x29, 
        0x13, 0x19, 0x29, 0x13, 0x19, 0x29, 0x13, 0x19, 0x29, 0x13, 0x19, 0x29, 0x13, 0x19, 0x29, 0x13, 0x19, 0x29, 0x13, 0x19, 0x29, 0x13, 0x19, 0x29, 0x13, 0x19, 0x29, 0x13, 0x19, 0x29, 0x13, 0x19, 0x29, 0x13, 0x19, 0x29, 0x13, 0x19, 0x29, 
        0x13, 0x19, 0x29, 0x13, 0x19, 0x29, 0x13, 0x19, 0x29, 0x13, 0x19, 0x29, 0x13, 0x19, 0x29, 0x13, 0x19, 0x29, 0x13, 0x19, 0x29, 0x13, 0x19, 0x29, 0x13, 0x19, 0x29, 0x13, 0x19, 0x29, 0x13, 0x19, 0x29, 0x13, 0x19, 0x29, 0x13, 0x19, 0x29, 
        0x13, 0x19, 0x29, 0x13, 0x19, 0x29, 0x13, 0x19, 0x29, 0x13, 0x19, 0x29, 0x13, 0x19, 0x29, 0x13, 0x19, 0x29, 0x13, 0x19, 0x29, 0x13, 0x19, 0x29, 0x13, 0x19, 0x29, 0x13, 0x19, 0x29, 0x13, 0x19, 0x29, 0x13, 0x19, 0x29, 0x13, 0x19, 0x29, 
        0x13, 0x19, 0x29, 0x13, 0x19, 0x29, 0x13, 0x19, 0x29, 0x13, 0x19, 0x29, 0x13, 0x19, 0x29, 0x13, 0x19, 0x29, 0x13, 0x19, 0x29, 0x13, 0x19, 0x29, 0x13, 0x19, 0x29, 0x13, 0x19, 0x29, 0x13, 0x19, 0x29, 0x13, 0x19, 0x29, 0x13, 0x19, 0x29, 
        0x13, 0x19, 0x29, 0x13, 0x19, 0x29, 0x13, 0x19, 0x29, 0x13, 0x19, 0x29, 0x13, 0x19, 0x29, 0x27, 0x2D, 0x3B, 0x3D, 0x42, 0x4F, 0x48, 0x4D, 0x5A, 0x48, 0x4D, 0x5A, 0x3D, 0x42, 0x4F, 0x27, 0x2D, 0x3B, 0x13, 0x19, 0x29, 0x13, 0x19, 0x29, 
        0x13, 0x19, 0x29, 0x13, 0x19, 0x29, 0x13, 0x19, 0x29, 0x13, 0x19, 0x29, 0x13, 0x19, 0x29, 0x13, 0x19, 0x29, 0x13, 0x19, 0x29, 0x13, 0x19, 0x29, 0x13, 0x19, 0x29, 0x13, 0x19, 0x29, 0x13, 0x19, 0x29, 0x13, 0x19, 0x29, 0x13, 0x19, 0x29, 
        0x13, 0x19, 0x29, 0x13, 0x19, 0x29, 0x13, 0x19, 0x29, 0x13, 0x19, 0x29, 0x13, 0x19, 0x29, 0x13, 0x19, 0x29, 0x13, 0x19, 0x29, 0x13, 0x19, 0x29, 0x13, 0x19, 0x29, 0x13, 0x19, 0x29, 0x13, 0x19, 0x29, 0x13, 0x19, 0x29, 0x13, 0x19, 0x29, 
        0x13, 0x19, 0x29, 0x13, 0x19, 0x29, 0x13, 0x19, 0x29, 0x13, 0x19, 0x29, 0x13, 0x19, 0x29, 0x13, 0x19, 0x29, 0x13, 0x19, 0x29, 0x13, 0x19, 0x29, 0x13, 0x19, 0x29, 0x13, 0x19, 0x29, 0x13, 0x19, 0x29, 0x13, 0x19, 0x29, 0x13, 0x19, 0x29, 
        0x13, 0x19, 0x29, 0x13, 0x19, 0x29, 0x13, 0x19, 0x29, 0x13, 0x19, 0x29, 0x13, 0x19, 0x29, 0x13, 0x19, 0x29, 0x13, 0x19, 0x29, 0x13, 0x19, 0x29, 0x13, 0x19, 0x29, 0x13, 0x19, 0x29, 0x13, 0x19, 0x29, 0x13, 0x19, 0x29, 0x13, 0x19, 0x29, 
        0x13, 0x19, 0x29, 0x13, 0x19, 0x29, 0x13, 0x19, 0x29, 0x13, 0x19, 0x29, 0x13, 0x19, 0x29, 0x13, 0x19, 0x29, 0x13, 0x19, 0x29, 0x13, 0x19, 0x29, 0x13, 0x19, 0x29, 0x13, 0x19, 0x29, 0x13, 0x19, 0x29, 0x13, 0x19, 0x29, 0x13, 0x19, 0x29, 
        0x13, 0x19, 0x29, 0x13, 0x19, 0x29, 0x13, 0x19, 0x29, 0x13, 0x19, 0x29, 0x13, 0x19, 0x29, 0x13, 0x19, 0x29, 0x13, 0x19, 0x29, 0x13, 0x19, 0x29, 0x13, 0x19, 0x29, 0x13, 0x19, 0x29, 0x13, 0x19, 0x29, 0x13, 0x19, 0x29, 0x13, 0x19, 0x29, 
        0x13, 0x19, 0x29, 0x13, 0x19, 0x29, 0x13, 0x19, 0x29, 0x13, 0x19, 0x29, 0x13, 0x19, 0x29, 0x13, 0x19, 0x29, 0x13, 0x19, 0x29, 0x13, 0x19, 0x29, 0x13, 0x19, 0x29, 0x13, 0x19, 0x29, 0x13, 0x19, 0x29, 0x13, 0x19, 0x29, 0x13, 0x19, 0x29, 
        0x13, 0x19, 0x29, 0x13, 0x19, 0x29, 0x13, 0x19, 0x29, 0x13, 0x19, 0x29,
  0x13, 0x19, 0x29, 0x13, 0x19, 0x29, 0x13, 0x19, 0x29, 0x13, 0x19, 0x29, 0x13, 0x19, 0x29, 0x13, 0x19, 0x29, 0x13, 0x19, 0x29, 0x13, 0x19, 0x29, 0x13, 0x19, 0x29, 0x13, 0x19, 0x29, 0x13, 0x19, 0x29, 0x13, 0x19, 0x29, 0x13, 0x19, 0x29, 0x13, 0x19, 0x29, 
        0x13, 0x19, 0x29, 0x13, 0x19, 0x29, 0x13, 0x19, 0x29, 0x13, 0x19, 0x29, 0x13, 0x19, 0x29, 0x13, 0x19, 0x29, 0x13, 0x19, 0x29, 0x13, 0x19, 0x29, 0x13, 0x19, 0x29, 0x13, 0x19, 0x29, 0x13, 0x19, 0x29, 0x13, 0x19, 0x29, 0x13, 0x19, 0x29, 
        0x13, 0x19, 0x29, 0x13, 0x19, 0x29, 0x13, 0x19, 0x29, 0x13, 0x19, 0x29, 0x13, 0x19, 0x29, 0x13, 0x19, 0x29, 0x13, 0x19, 0x29, 0x13, 0x19, 0x29, 0x13, 0x19, 0x29, 0x13, 0x19, 0x29, 0x13, 0x19, 0x29, 0x13, 0x19, 0x29, 0x13, 0x19, 0x29, 
        0x13, 0x19, 0x29, 0x13, 0x19, 0x29, 0x13, 0x19, 0x29, 0x13, 0x19, 0x29, 0x13, 0x19, 0x29, 0x13, 0x19, 0x29, 0x13, 0x19, 0x29, 0x13, 0x19, 0x29, 0x13, 0x19, 0x29, 0x13, 0x19, 0x29, 0x13, 0x19, 0x29, 0x13, 0x19, 0x29, 0x13, 0x19, 0x29, 
        0x13, 0x19, 0x29, 0x13, 0x19, 0x29, 0x13, 0x19, 0x29, 0x13, 0x19, 0x29, 0x13, 0x19, 0x29, 0x13, 0x19, 0x29, 0x13, 0x19, 0x29, 0x13, 0x19, 0x29, 0x13, 0x19, 0x29, 0x13, 0x19, 0x29, 0x13, 0x19, 0x29, 0x13, 0x19, 0x29, 0x13, 0x19, 0x29, 
        0x13, 0x19, 0x29, 0x13, 0x19, 0x29, 0x13, 0x19, 0x29, 0x13, 0x19, 0x29, 0x13, 0x19, 0x29, 0x13, 0x19, 0x29, 0x13, 0x19, 0x29, 0x13, 0x19, 0x29, 0x13, 0x19, 0x29, 0x13, 0x19, 0x29, 0x13, 0x19, 0x29, 0x13, 0x19, 0x29, 0x13, 0x19, 0x29, 
        0x13, 0x19, 0x29, 0x13, 0x19, 0x29, 0x13, 0x19, 0x29, 0x13, 0x19, 0x29, 0x13, 0x19, 0x29, 0x13, 0x19, 0x29, 0x13, 0x19, 0x29, 0x13, 0x19, 0x29, 0x13, 0x19, 0x29, 0x13, 0x19, 0x29, 0x13, 0x19, 0x29, 0x13, 0x19, 0x29, 0x13, 0x19, 0x29, 
        0x13, 0x19, 0x29, 0x13, 0x19, 0x29, 0x13, 0x19, 0x29, 0x13, 0x19, 0x29, 0x13, 0x19, 0x29, 0x13, 0x19, 0x29, 0x13, 0x19, 0x29, 0x13, 0x19, 0x29, 0x13, 0x19, 0x29, 0x13, 0x19, 0x29, 0x13, 0x19, 0x29, 0x13, 0x19, 0x29, 0x13, 0x19, 0x29, 
        0x13, 0x19, 0x29, 0x13, 0x19, 0x29, 0x13, 0x19, 0x29, 0x13, 0x19, 0x29, 0x13, 0x19, 0x29, 0x13, 0x19, 0x29, 0x13, 0x19, 0x29, 0x13, 0x19, 0x29, 0x13, 0x19, 0x29, 0x13, 0x19, 0x29, 0x13, 0x19, 0x29, 0x13, 0x19, 0x29, 0x13, 0x19, 0x29, 
        0x13, 0x19, 0x29, 0x13, 0x19, 0x29, 0x13, 0x19, 0x29, 0x13, 0x19, 0x29, 0x13, 0x19, 0x29, 0x13, 0x19, 0x29, 0x13, 0x19, 0x29, 0x13, 0x19, 0x29, 0x13, 0x19, 0x29, 0x13, 0x19, 0x29, 0x13, 0x19, 0x29, 0x13, 0x19, 0x29, 0x13, 0x19, 0x29, 
        0x13, 0x19, 0x29, 0x13, 0x19, 0x29, 0x13, 0x19, 0x29, 0x13, 0x19, 0x29, 0x13, 0x19, 0x29, 0x13, 0x19, 0x29, 0x13, 0x19, 0x29, 0x13, 0x19, 0x29, 0x13, 0x19, 0x29, 0x13, 0x19, 0x29, 0x13, 0x19, 0x29, 0x13, 0x19, 0x29, 0x13, 0x19, 0x29, 
        0x13, 0x19, 0x29, 0x13, 0x19, 0x29, 0x13, 0x19, 0x29, 0x13, 0x19, 0x29, 0x13, 0x19, 0x29, 0x13, 0x19, 0x29, 0x13, 0x19, 0x29, 0x13, 0x19, 0x29, 0x13, 0x19, 0x29, 0x13, 0x19, 0x29, 0x13, 0x19, 0x29, 0x13, 0x19, 0x29, 0x13, 0x19, 0x29, 
        0x13, 0x19, 0x29, 0x13, 0x19, 0x29, 0x13, 0x19, 0x29, 0x13, 0x19, 0x29, 0x13, 0x19, 0x29, 0x13, 0x19, 0x29, 0x13, 0x19, 0x29, 0x13, 0x19, 0x29, 0x13, 0x19, 0x29, 0x13, 0x19, 0x29, 0x13, 0x19, 0x29, 0x13, 0x19, 0x29, 0x13, 0x19, 0x29, 
        0x13, 0x19, 0x29, 0x13, 0x19, 0x29, 0x13, 0x19, 0x29, 0x13, 0x19, 0x29, 0x13, 0x19, 0x29, 0x13, 0x19, 0x29, 0x13, 0x19, 0x29, 0x13, 0x19, 0x29, 0x13, 0x19, 0x29, 0x13, 0x19, 0x29, 0x13, 0x19, 0x29, 0x13, 0x19, 0x29, 0x13, 0x19, 0x29, 
        0x13, 0x19, 0x29, 0x13, 0x19, 0x29, 0x13, 0x19, 0x29, 0x13, 0x19, 0x29, 0x13, 0x19, 0x29, 0x13, 0x19, 0x29, 0x13, 0x19, 0x29, 0x13, 0x19, 0x29, 0x13, 0x19, 0x29, 0x13, 0x19, 0x29, 0x13, 0x19, 0x29, 0x13, 0x19, 0x29, 0x13, 0x19, 0x29, 
        0x13, 0x19, 0x29, 0x13, 0x19, 0x29, 0x13, 0x19, 0x29, 0x13, 0x19, 0x29,
  0x13, 0x19, 0x29, 0x13, 0x19, 0x29, 0x13, 0x19, 0x29, 0x13, 0x19, 0x29, 0x13, 0x19, 0x29, 0x13, 0x19, 0x29, 0x13, 0x19, 0x29, 0x13, 0x19, 0x29, 0x13, 0x19, 0x29, 0x13, 0x19, 0x29, 0x13, 0x19, 0x29, 0x13, 0x19, 0x29, 0x13, 0x19, 0x29, 0x13, 0x19, 0x29, 
        0x13, 0x19, 0x29, 0x13, 0x19, 0x29, 0x13, 0x19, 0x29, 0x13, 0x19, 0x29, 0x13, 0x19, 0x29, 0x13, 0x19, 0x29, 0x13, 0x19, 0x29, 0x13, 0x19, 0x29, 0x13, 0x19, 0x29, 0x13, 0x19, 0x29, 0x13, 0x19, 0x29, 0x13, 0x19, 0x29, 0x13, 0x19, 0x29, 
        0x13, 0x19, 0x29, 0x13, 0x19, 0x29, 0x13, 0x19, 0x29, 0x13, 0x19, 0x29, 0x13, 0x19, 0x29, 0x13, 0x19, 0x29, 0x13, 0x19, 0x29, 0x13, 0x19, 0x29, 0x13, 0x19, 0x29, 0x13, 0x19, 0x29, 0x13, 0x19, 0x29, 0x13, 0x19, 0x29, 0x13, 0x19, 0x29, 
        0x13, 0x19, 0x29, 0x13, 0x19, 0x29, 0x13, 0x19, 0x29, 0x13, 0x19, 0x29, 0x13, 0x19, 0x29, 0x13, 0x19, 0x29, 0x13, 0x19, 0x29, 0x13, 0x19, 0x29, 0x13, 0x19, 0x29, 0x13, 0x19, 0x29, 0x13, 0x19, 0x29, 0x13, 0x19, 0x29, 0x13, 0x19, 0x29, 
        0x13, 0x19, 0x29, 0x13, 0x19, 0x29, 0x13, 0x19, 0x29, 0x13, 0x19, 0x29, 0x13, 0x19, 0x29, 0x13, 0x19, 0x29, 0x13, 0x19, 0x29, 0x13, 0x19, 0x29, 0x13, 0x19, 0x29, 0x13, 0x19, 0x29, 0x13, 0x19, 0x29, 0x13, 0x19, 0x29, 0x13, 0x19, 0x29, 
        0x13, 0x19, 0x29, 0x13, 0x19, 0x29, 0x13, 0x19, 0x29, 0x13, 0x19, 0x29, 0x13, 0x19, 0x29, 0x13, 0x19, 0x29, 0x13, 0x19, 0x29, 0x13, 0x19, 0x29, 0x13, 0x19, 0x29, 0x13, 0x19, 0x29, 0x13, 0x19, 0x29, 0x13, 0x19, 0x29, 0x13, 0x19, 0x29, 
        0x13, 0x19, 0x29, 0x13, 0x19, 0x29, 0x13, 0x19, 0x29, 0x13, 0x19, 0x29, 0x13, 0x19, 0x29, 0x13, 0x19, 0x29, 0x13, 0x19, 0x29, 0x13, 0x19, 0x29, 0x13, 0x19, 0x29, 0x13, 0x19, 0x29, 0x13, 0x19, 0x29, 0x13, 0x19, 0x29, 0x13, 0x19, 0x29, 
        0x13, 0x19, 0x29, 0x13, 0x19, 0x29, 0x13, 0x19, 0x29, 0x13, 0x19, 0x29, 0x13, 0x19, 0x29, 0x13, 0x19, 0x29, 0x13, 0x19, 0x29, 0x13, 0x19, 0x29, 0x13, 0x19, 0x29, 0x13, 0x19, 0x29, 0x13, 0x19, 0x29, 0x13, 0x19, 0x29, 0x13, 0x19, 0x29, 
        0x13, 0x19, 0x29, 0x13, 0x19, 0x29, 0x13, 0x19, 0x29, 0x13, 0x19, 0x29, 0x13, 0x19, 0x29, 0x13, 0x19, 0x29, 0x13, 0x19, 0x29, 0x13, 0x19, 0x29, 0x13, 0x19, 0x29, 0x13, 0x19, 0x29, 0x13, 0x19, 0x29, 0x13, 0x19, 0x29, 0x13, 0x19, 0x29, 
        0x13, 0x19, 0x29, 0x13, 0x19, 0x29, 0x13, 0x19, 0x29, 0x13, 0x19, 0x29, 0x13, 0x19, 0x29, 0x13, 0x19, 0x29, 0x13, 0x19, 0x29, 0x13, 0x19, 0x29, 0x13, 0x19, 0x29, 0x13, 0x19, 0x29, 0x13, 0x19, 0x29, 0x13, 0x19, 0x29, 0x13, 0x19, 0x29, 
        0x13, 0x19, 0x29, 0x13, 0x19, 0x29, 0x13, 0x19, 0x29, 0x13, 0x19, 0x29, 0x13, 0x19, 0x29, 0x13, 0x19, 0x29, 0x13, 0x19, 0x29, 0x13, 0x19, 0x29, 0x13, 0x19, 0x29, 0x13, 0x19, 0x29, 0x13, 0x19, 0x29, 0x13, 0x19, 0x29, 0x13, 0x19, 0x29, 
        0x13, 0x19, 0x29, 0x13, 0x19, 0x29, 0x13, 0x19, 0x29, 0x13, 0x19, 0x29, 0x13, 0x19, 0x29, 0x13, 0x19, 0x29, 0x13, 0x19, 0x29, 0x13, 0x19, 0x29, 0x13, 0x19, 0x29, 0x13, 0x19, 0x29, 0x13, 0x19, 0x29, 0x13, 0x19, 0x29, 0x13, 0x19, 0x29, 
        0x13, 0x19, 0x29, 0x13, 0x19, 0x29, 0x13, 0x19, 0x29, 0x13, 0x19, 0x29, 0x13, 0x19, 0x29, 0x13, 0x19, 0x29, 0x13, 0x19, 0x29, 0x13, 0x19, 0x29, 0x13, 0x19, 0x29, 0x13, 0x19, 0x29, 0x13, 0x19, 0x29, 0x13, 0x19, 0x29, 0x13, 0x19, 0x29, 
        0x13, 0x19, 0x29, 0x13, 0x19, 0x29, 0x13, 0x19, 0x29, 0x13, 0x19, 0x29, 0x13, 0x19, 0x29, 0x13, 0x19, 0x29, 0x13, 0x19, 0x29, 0x13, 0x19, 0x29, 0x13, 0x19, 0x29, 0x13, 0x19, 0x29, 0x13, 0x19, 0x29, 0x13, 0x19, 0x29, 0x13, 0x19, 0x29, 
        0x13, 0x19, 0x29, 0x13, 0x19, 0x29, 0x13, 0x19, 0x29, 0x13, 0x19, 0x29, 0x13, 0x19, 0x29, 0x13, 0x19, 0x29, 0x13, 0x19, 0x29, 0x13, 0x19, 0x29, 0x13, 0x19, 0x29, 0x13, 0x19, 0x29, 0x13, 0x19, 0x29, 0x13, 0x19, 0x29, 0x13, 0x19, 0x29, 
        0x13, 0x19, 0x29, 0x13, 0x19, 0x29, 0x13, 0x19, 0x29, 0x13, 0x19, 0x29,
  0x13, 0x19, 0x29, 0x13, 0x19, 0x29, 0x13, 0x19, 0x29, 0x13, 0x19, 0x29, 0x13, 0x19, 0x29, 0x13, 0x19, 0x29, 0x13, 0x19, 0x29, 0x13, 0x19, 0x29, 0x13, 0x19, 0x29, 0x13, 0x19, 0x29, 0x13, 0x19, 0x29, 0x13, 0x19, 0x29, 0x13, 0x19, 0x29, 0x13, 0x19, 0x29, 
        0x13, 0x19, 0x29, 0x13, 0x19, 0x29, 0x13, 0x19, 0x29, 0x13, 0x19, 0x29, 0x13, 0x19, 0x29, 0x13, 0x19, 0x29, 0x13, 0x19, 0x29, 0x13, 0x19, 0x29, 0x13, 0x19, 0x29, 0x13, 0x19, 0x29, 0x13, 0x19, 0x29, 0x13, 0x19, 0x29, 0x13, 0x19, 0x29, 
        0x13, 0x19, 0x29, 0x13, 0x19, 0x29, 0x13, 0x19, 0x29, 0x13, 0x19, 0x29, 0x13, 0x19, 0x29, 0x13, 0x19, 0x29, 0x13, 0x19, 0x29, 0x13, 0x19, 0x29, 0x13, 0x19, 0x29, 0x13, 0x19, 0x29, 0x13, 0x19, 0x29, 0x13, 0x19, 0x29, 0x13, 0x19, 0x29, 
        0x13, 0x19, 0x29, 0x13, 0x19, 0x29, 0x13, 0x19, 0x29, 0x13, 0x19, 0x29, 0x13, 0x19, 0x29, 0x13, 0x19, 0x29, 0x13, 0x19, 0x29, 0x13, 0x19, 0x29, 0x13, 0x19, 0x29, 0x13, 0x19, 0x29, 0x13, 0x19, 0x29, 0x13, 0x19, 0x29, 0x13, 0x19, 0x29, 
        0x13, 0x19, 0x29, 0x13, 0x19, 0x29, 0x13, 0x19, 0x29, 0x13, 0x19, 0x29, 0x13, 0x19, 0x29, 0x13, 0x19, 0x29, 0x13, 0x19, 0x29, 0x13, 0x19, 0x29, 0x13, 0x19, 0x29, 0x13, 0x19, 0x29, 0x13, 0x19, 0x29, 0x13, 0x19, 0x29, 0x13, 0x19, 0x29, 
        0x13, 0x19, 0x29, 0x13, 0x19, 0x29, 0x13, 0x19, 0x29, 0x13, 0x19, 0x29, 0x13, 0x19, 0x29, 0x13, 0x19, 0x29, 0x13, 0x19, 0x29, 0x13, 0x19, 0x29, 0x13, 0x19, 0x29, 0x13, 0x19, 0x29, 0x13, 0x19, 0x29, 0x13, 0x19, 0x29, 0x13, 0x19, 0x29, 
        0x13, 0x19, 0x29, 0x13, 0x19, 0x29, 0x13, 0x19, 0x29, 0x13, 0x19, 0x29, 0x13, 0x19, 0x29, 0x13, 0x19, 0x29, 0x13, 0x19, 0x29, 0x13, 0x19, 0x29, 0x13, 0x19, 0x29, 0x13, 0x19, 0x29, 0x13, 0x19, 0x29, 0x13, 0x19, 0x29, 0x13, 0x19, 0x29, 
        0x13, 0x19, 0x29, 0x13, 0x19, 0x29, 0x13, 0x19, 0x29, 0x13, 0x19, 0x29, 0x13, 0x19, 0x29, 0x13, 0x19, 0x29, 0x13, 0x19, 0x29, 0x13, 0x19, 0x29, 0x13, 0x19, 0x29, 0x13, 0x19, 0x29, 0x13, 0x19, 0x29, 0x13, 0x19, 0x29, 0x13, 0x19, 0x29, 
        0x13, 0x19, 0x29, 0x13, 0x19, 0x29, 0x13, 0x19, 0x29, 0x13, 0x19, 0x29, 0x13, 0x19, 0x29, 0x13, 0x19, 0x29, 0x13, 0x19, 0x29, 0x13, 0x19, 0x29, 0x13, 0x19, 0x29, 0x13, 0x19, 0x29, 0x13, 0x19, 0x29, 0x13, 0x19, 0x29, 0x13, 0x19, 0x29, 
        0x13, 0x19, 0x29, 0x13, 0x19, 0x29, 0x13, 0x19, 0x29, 0x13, 0x19, 0x29, 0x13, 0x19, 0x29, 0x13, 0x19, 0x29, 0x13, 0x19, 0x29, 0x13, 0x19, 0x29, 0x13, 0x19, 0x29, 0x13, 0x19, 0x29, 0x13, 0x19, 0x29, 0x13, 0x19, 0x29, 0x13, 0x19, 0x29, 
        0x13, 0x19, 0x29, 0x13, 0x19, 0x29, 0x13, 0x19, 0x29, 0x13, 0x19, 0x29, 0x13, 0x19, 0x29, 0x13, 0x19, 0x29, 0x13, 0x19, 0x29, 0x13, 0x19, 0x29, 0x13, 0x19, 0x29, 0x13, 0x19, 0x29, 0x13, 0x19, 0x29, 0x13, 0x19, 0x29, 0x13, 0x19, 0x29, 
        0x13, 0x19, 0x29, 0x13, 0x19, 0x29, 0x13, 0x19, 0x29, 0x13, 0x19, 0x29, 0x13, 0x19, 0x29, 0x13, 0x19, 0x29, 0x13, 0x19, 0x29, 0x13, 0x19, 0x29, 0x13, 0x19, 0x29, 0x13, 0x19, 0x29, 0x13, 0x19, 0x29, 0x13, 0x19, 0x29, 0x13, 0x19, 0x29, 
        0x13, 0x19, 0x29, 0x13, 0x19, 0x29, 0x13, 0x19, 0x29, 0x13, 0x19, 0x29, 0x13, 0x19, 0x29, 0x13, 0x19, 0x29, 0x13, 0x19, 0x29, 0x13, 0x19, 0x29, 0x13, 0x19, 0x29, 0x13, 0x19, 0x29, 0x13, 0x19, 0x29, 0x13, 0x19, 0x29, 0x13, 0x19, 0x29, 
        0x13, 0x19, 0x29, 0x13, 0x19, 0x29, 0x13, 0x19, 0x29, 0x13, 0x19, 0x29, 0x13, 0x19, 0x29, 0x13, 0x19, 0x29, 0x13, 0x19, 0x29, 0x13, 0x19, 0x29, 0x13, 0x19, 0x29, 0x13, 0x19, 0x29, 0x13, 0x19, 0x29, 0x13, 0x19, 0x29, 0x13, 0x19, 0x29, 
        0x13, 0x19, 0x29, 0x13, 0x19, 0x29, 0x13, 0x19, 0x29, 0x13, 0x19, 0x29, 0x13, 0x19, 0x29, 0x13, 0x19, 0x29, 0x13, 0x19, 0x29, 0x13, 0x19, 0x29, 0x13, 0x19, 0x29, 0x13, 0x19, 0x29, 0x13, 0x19, 0x29, 0x13, 0x19, 0x29, 0x13, 0x19, 0x29, 
        0x13, 0x19, 0x29, 0x13, 0x19, 0x29, 0x13, 0x19, 0x29, 0x13, 0x19, 0x29,
  0x13, 0x19, 0x29, 0x13, 0x19, 0x29, 0x13, 0x19, 0x29, 0x13, 0x19, 0x29, 0x13, 0x19, 0x29, 0x13, 0x19, 0x29, 0x13, 0x19, 0x29, 0x13, 0x19, 0x29, 0x13, 0x19, 0x29, 0x13, 0x19, 0x29, 0x13, 0x19, 0x29, 0x13, 0x19, 0x29, 0x13, 0x19, 0x29, 0x13, 0x19, 0x29, 
        0x13, 0x19, 0x29, 0x13, 0x19, 0x29, 0x13, 0x19, 0x29, 0x13, 0x19, 0x29, 0x13, 0x19, 0x29, 0x13, 0x19, 0x29, 0x13, 0x19, 0x29, 0x13, 0x19, 0x29, 0x13, 0x19, 0x29, 0x13, 0x19, 0x29, 0x13, 0x19, 0x29, 0x13, 0x19, 0x29, 0x13, 0x19, 0x29, 
        0x13, 0x19, 0x29, 0x13, 0x19, 0x29, 0x13, 0x19, 0x29, 0x13, 0x19, 0x29, 0x13, 0x19, 0x29, 0x13, 0x19, 0x29, 0x13, 0x19, 0x29, 0x13, 0x19, 0x29, 0x13, 0x19, 0x29, 0x13, 0x19, 0x29, 0x13, 0x19, 0x29, 0x13, 0x19, 0x29, 0x13, 0x19, 0x29, 
        0x13, 0x19, 0x29, 0x13, 0x19, 0x29, 0x13, 0x19, 0x29, 0x13, 0x19, 0x29, 0x13, 0x19, 0x29, 0x13, 0x19, 0x29, 0x13, 0x19, 0x29, 0x13, 0x19, 0x29, 0x13, 0x19, 0x29, 0x13, 0x19, 0x29, 0x13, 0x19, 0x29, 0x13, 0x19, 0x29, 0x13, 0x19, 0x29, 
        0x13, 0x19, 0x29, 0x13, 0x19, 0x29, 0x13, 0x19, 0x29, 0x13, 0x19, 0x29, 0x13, 0x19, 0x29, 0x13, 0x19, 0x29, 0x13, 0x19, 0x29, 0x13, 0x19, 0x29, 0x13, 0x19, 0x29, 0x13, 0x19, 0x29, 0x13, 0x19, 0x29, 0x13, 0x19, 0x29, 0x13, 0x19, 0x29, 
        0x13, 0x19, 0x29, 0x13, 0x19, 0x29, 0x13, 0x19, 0x29, 0x13, 0x19, 0x29, 0x13, 0x19, 0x29, 0x13, 0x19, 0x29, 0x13, 0x19, 0x29, 0x13, 0x19, 0x29, 0x13, 0x19, 0x29, 0x13, 0x19, 0x29, 0x13, 0x19, 0x29, 0x13, 0x19, 0x29, 0x13, 0x19, 0x29, 
        0x13, 0x19, 0x29, 0x13, 0x19, 0x29, 0x13, 0x19, 0x29, 0x13, 0x19, 0x29, 0x13, 0x19, 0x29, 0x13, 0x19, 0x29, 0x13, 0x19, 0x29, 0x13, 0x19, 0x29, 0x13, 0x19, 0x29, 0x13, 0x19, 0x29, 0x13, 0x19, 0x29, 0x13, 0x19, 0x29, 0x13, 0x19, 0x29, 
        0x13, 0x19, 0x29, 0x13, 0x19, 0x29, 0x13, 0x19, 0x29, 0x13, 0x19, 0x29, 0x13, 0x19, 0x29, 0x13, 0x19, 0x29, 0x13, 0x19, 0x29, 0x13, 0x19, 0x29, 0x13, 0x19, 0x29, 0x13, 0x19, 0x29, 0x13, 0x19, 0x29, 0x13, 0x19, 0x29, 0x13, 0x19, 0x29, 
        0x13, 0x19, 0x29, 0x13, 0x19, 0x29, 0x13, 0x19, 0x29, 0x13, 0x19, 0x29, 0x13, 0x19, 0x29, 0x13, 0x19, 0x29, 0x13, 0x19, 0x29, 0x13, 0x19, 0x29, 0x13, 0x19, 0x29, 0x13, 0x19, 0x29, 0x13, 0x19, 0x29, 0x13, 0x19, 0x29, 0x13, 0x19, 0x29, 
        0x13, 0x19, 0x29, 0x13, 0x19, 0x29, 0x13, 0x19, 0x29, 0x13, 0x19, 0x29, 0x13, 0x19, 0x29, 0x13, 0x19, 0x29, 0x13, 0x19, 0x29, 0x13, 0x19, 0x29, 0x13, 0x19, 0x29, 0x13, 0x19, 0x29, 0x13, 0x19, 0x29, 0x13, 0x19, 0x29, 0x13, 0x19, 0x29, 
        0x13, 0x19, 0x29, 0x13, 0x19, 0x29, 0x13, 0x19, 0x29, 0x13, 0x19, 0x29, 0x13, 0x19, 0x29, 0x13, 0x19, 0x29, 0x13, 0x19, 0x29, 0x13, 0x19, 0x29, 0x13, 0x19, 0x29, 0x13, 0x19, 0x29, 0x13, 0x19, 0x29, 0x13, 0x19, 0x29, 0x13, 0x19, 0x29, 
        0x13, 0x19, 0x29, 0x13, 0x19, 0x29, 0x13, 0x19, 0x29, 0x13, 0x19, 0x29, 0x13, 0x19, 0x29, 0x13, 0x19, 0x29, 0x13, 0x19, 0x29, 0x13, 0x19, 0x29, 0x13, 0x19, 0x29, 0x13, 0x19, 0x29, 0x13, 0x19, 0x29, 0x13, 0x19, 0x29, 0x13, 0x19, 0x29, 
        0x13, 0x19, 0x29, 0x13, 0x19, 0x29, 0x13, 0x19, 0x29, 0x13, 0x19, 0x29, 0x13, 0x19, 0x29, 0x13, 0x19, 0x29, 0x13, 0x19, 0x29, 0x13, 0x19, 0x29, 0x13, 0x19, 0x29, 0x13, 0x19, 0x29, 0x13, 0x19, 0x29, 0x13, 0x19, 0x29, 0x13, 0x19, 0x29, 
        0x13, 0x19, 0x29, 0x13, 0x19, 0x29, 0x13, 0x19, 0x29, 0x13, 0x19, 0x29, 0x13, 0x19, 0x29, 0x13, 0x19, 0x29, 0x13, 0x19, 0x29, 0x13, 0x19, 0x29, 0x13, 0x19, 0x29, 0x13, 0x19, 0x29, 0x13, 0x19, 0x29, 0x13, 0x19, 0x29, 0x13, 0x19, 0x29, 
        0x13, 0x19, 0x29, 0x13, 0x19, 0x29, 0x13, 0x19, 0x29, 0x13, 0x19, 0x29, 0x13, 0x19, 0x29, 0x13, 0x19, 0x29, 0x13, 0x19, 0x29, 0x13, 0x19, 0x29, 0x13, 0x19, 0x29, 0x13, 0x19, 0x29, 0x13, 0x19, 0x29, 0x13, 0x19, 0x29, 0x13, 0x19, 0x29, 
        0x13, 0x19, 0x29, 0x13, 0x19, 0x29, 0x13, 0x19, 0x29, 0x13, 0x19, 0x29,
  0x13, 0x19, 0x29, 0x13, 0x19, 0x29, 0x13, 0x19, 0x29, 0x13, 0x19, 0x29, 0x13, 0x19, 0x29, 0x13, 0x19, 0x29, 0x13, 0x19, 0x29, 0x13, 0x19, 0x29, 0x13, 0x19, 0x29, 0x13, 0x19, 0x29, 0x13, 0x19, 0x29, 0x13, 0x19, 0x29, 0x13, 0x19, 0x29, 0x13, 0x19, 0x29, 
        0x13, 0x19, 0x29, 0x13, 0x19, 0x29, 0x13, 0x19, 0x29, 0x13, 0x19, 0x29, 0x13, 0x19, 0x29, 0x13, 0x19, 0x29, 0x13, 0x19, 0x29, 0x13, 0x19, 0x29, 0x13, 0x19, 0x29, 0x13, 0x19, 0x29, 0x13, 0x19, 0x29, 0x13, 0x19, 0x29, 0x13, 0x19, 0x29, 
        0x13, 0x19, 0x29, 0x13, 0x19, 0x29, 0x13, 0x19, 0x29, 0x13, 0x19, 0x29, 0x13, 0x19, 0x29, 0x13, 0x19, 0x29, 0x13, 0x19, 0x29, 0x13, 0x19, 0x29, 0x13, 0x19, 0x29, 0x13, 0x19, 0x29, 0x13, 0x19, 0x29, 0x13, 0x19, 0x29, 0x13, 0x19, 0x29, 
        0x13, 0x19, 0x29, 0x13, 0x19, 0x29, 0x13, 0x19, 0x29, 0x13, 0x19, 0x29, 0x13, 0x19, 0x29, 0x13, 0x19, 0x29, 0x13, 0x19, 0x29, 0x13, 0x19, 0x29, 0x13, 0x19, 0x29, 0x13, 0x19, 0x29, 0x13, 0x19, 0x29, 0x13, 0x19, 0x29, 0x13, 0x19, 0x29, 
        0x13, 0x19, 0x29, 0x13, 0x19, 0x29, 0x13, 0x19, 0x29, 0x13, 0x19, 0x29, 0x13, 0x19, 0x29, 0x13, 0x19, 0x29, 0x13, 0x19, 0x29, 0x13, 0x19, 0x29, 0x13, 0x19, 0x29, 0x13, 0x19, 0x29, 0x13, 0x19, 0x29, 0x13, 0x19, 0x29, 0x13, 0x19, 0x29, 
        0x13, 0x19, 0x29, 0x13, 0x19, 0x29, 0x13, 0x19, 0x29, 0x13, 0x19, 0x29, 0x13, 0x19, 0x29, 0x13, 0x19, 0x29, 0x13, 0x19, 0x29, 0x13, 0x19, 0x29, 0x13, 0x19, 0x29, 0x13, 0x19, 0x29, 0x13, 0x19, 0x29, 0x13, 0x19, 0x29, 0x13, 0x19, 0x29, 
        0x13, 0x19, 0x29, 0x13, 0x19, 0x29, 0x13, 0x19, 0x29, 0x13, 0x19, 0x29, 0x13, 0x19, 0x29, 0x13, 0x19, 0x29, 0x13, 0x19, 0x29, 0x13, 0x19, 0x29, 0x13, 0x19, 0x29, 0x13, 0x19, 0x29, 0x13, 0x19, 0x29, 0x13, 0x19, 0x29, 0x13, 0x19, 0x29, 
        0x13, 0x19, 0x29, 0x13, 0x19, 0x29, 0x13, 0x19, 0x29, 0x13, 0x19, 0x29, 0x13, 0x19, 0x29, 0x13, 0x19, 0x29, 0x13, 0x19, 0x29, 0x13, 0x19, 0x29, 0x13, 0x19, 0x29, 0x13, 0x19, 0x29, 0x13, 0x19, 0x29, 0x13, 0x19, 0x29, 0x13, 0x19, 0x29, 
        0x13, 0x19, 0x29, 0x13, 0x19, 0x29, 0x13, 0x19, 0x29, 0x13, 0x19, 0x29, 0x13, 0x19, 0x29, 0x13, 0x19, 0x29, 0x13, 0x19, 0x29, 0x13, 0x19, 0x29, 0x13, 0x19, 0x29, 0x13, 0x19, 0x29, 0x13, 0x19, 0x29, 0x13, 0x19, 0x29, 0x13, 0x19, 0x29, 
        0x13, 0x19, 0x29, 0x13, 0x19, 0x29, 0x13, 0x19, 0x29, 0x13, 0x19, 0x29, 0x13, 0x19, 0x29, 0x13, 0x19, 0x29, 0x13, 0x19, 0x29, 0x13, 0x19, 0x29, 0x13, 0x19, 0x29, 0x13, 0x19, 0x29, 0x13, 0x19, 0x29, 0x13, 0x19, 0x29, 0x13, 0x19, 0x29, 
        0x13, 0x19, 0x29, 0x13, 0x19, 0x29, 0x13, 0x19, 0x29, 0x13, 0x19, 0x29, 0x13, 0x19, 0x29, 0x13, 0x19, 0x29, 0x13, 0x19, 0x29, 0x13, 0x19, 0x29, 0x13, 0x19, 0x29, 0x13, 0x19, 0x29, 0x13, 0x19, 0x29, 0x13, 0x19, 0x29, 0x13, 0x19, 0x29, 
        0x13, 0x19, 0x29, 0x13, 0x19, 0x29, 0x13, 0x19, 0x29, 0x13, 0x19, 0x29, 0x13, 0x19, 0x29, 0x13, 0x19, 0x29, 0x13, 0x19, 0x29, 0x13, 0x19, 0x29, 0x13, 0x19, 0x29, 0x13, 0x19, 0x29, 0x13, 0x19, 0x29, 0x13, 0x19, 0x29, 0x13, 0x19, 0x29, 
        0x13, 0x19, 0x29, 0x13, 0x19, 0x29, 0x13, 0x19, 0x29, 0x13, 0x19, 0x29, 0x13, 0x19, 0x29, 0x13, 0x19, 0x29, 0x13, 0x19, 0x29, 0x13, 0x19, 0x29, 0x13, 0x19, 0x29, 0x13, 0x19, 0x29, 0x13, 0x19, 0x29, 0x13, 0x19, 0x29, 0x13, 0x19, 0x29, 
        0x13, 0x19, 0x29, 0x13, 0x19, 0x29, 0x13, 0x19, 0x29, 0x13, 0x19, 0x29, 0x13, 0x19, 0x29, 0x13, 0x19, 0x29, 0x13, 0x19, 0x29, 0x13, 0x19, 0x29, 0x13, 0x19, 0x29, 0x13, 0x19, 0x29, 0x13, 0x19, 0x29, 0x13, 0x19, 0x29, 0x13, 0x19, 0x29, 
        0x13, 0x19, 0x29, 0x13, 0x19, 0x29, 0x13, 0x19, 0x29, 0x13, 0x19, 0x29, 0x13, 0x19, 0x29, 0x13, 0x19, 0x29, 0x13, 0x19, 0x29, 0x13, 0x19, 0x29, 0x13, 0x19, 0x29, 0x13, 0x19, 0x29, 0x13, 0x19, 0x29, 0x13, 0x19, 0x29, 0x13, 0x19, 0x29, 
        0x13, 0x19, 0x29, 0x13, 0x19, 0x29, 0x13, 0x19, 0x29, 0x13, 0x19, 0x29,
  0x13, 0x19, 0x29, 0x13, 0x19, 0x29, 0x13, 0x19, 0x29, 0x13, 0x19, 0x29, 0x13, 0x19, 0x29, 0x13, 0x19, 0x29, 0x13, 0x19, 0x29, 0x13, 0x19, 0x29, 0x13, 0x19, 0x29, 0x13, 0x19, 0x29, 0x13, 0x19, 0x29, 0x13, 0x19, 0x29, 0x13, 0x19, 0x29, 0x13, 0x19, 0x29, 
        0x13, 0x19, 0x29, 0x13, 0x19, 0x29, 0x13, 0x19, 0x29, 0x13, 0x19, 0x29, 0x13, 0x19, 0x29, 0x13, 0x19, 0x29, 0x13, 0x19, 0x29, 0x13, 0x19, 0x29, 0x13, 0x19, 0x29, 0x13, 0x19, 0x29, 0x13, 0x19, 0x29, 0x13, 0x19, 0x29, 0x13, 0x19, 0x29, 
        0x13, 0x19, 0x29, 0x13, 0x19, 0x29, 0x13, 0x19, 0x29, 0x13, 0x19, 0x29, 0x13, 0x19, 0x29, 0x13, 0x19, 0x29, 0x13, 0x19, 0x29, 0x13, 0x19, 0x29, 0x13, 0x19, 0x29, 0x13, 0x19, 0x29, 0x13, 0x19, 0x29, 0x13, 0x19, 0x29, 0x13, 0x19, 0x29, 
        0x13, 0x19, 0x29, 0x13, 0x19, 0x29, 0x13, 0x19, 0x29, 0x13, 0x19, 0x29, 0x13, 0x19, 0x29, 0x13, 0x19, 0x29, 0x13, 0x19, 0x29, 0x13, 0x19, 0x29, 0x13, 0x19, 0x29, 0x13, 0x19, 0x29, 0x13, 0x19, 0x29, 0x13, 0x19, 0x29, 0x13, 0x19, 0x29, 
        0x13, 0x19, 0x29, 0x13, 0x19, 0x29, 0x13, 0x19, 0x29, 0x13, 0x19, 0x29, 0x13, 0x19, 0x29, 0x13, 0x19, 0x29, 0x13, 0x19, 0x29, 0x13, 0x19, 0x29, 0x13, 0x19, 0x29, 0x13, 0x19, 0x29, 0x13, 0x19, 0x29, 0x13, 0x19, 0x29, 0x13, 0x19, 0x29, 
        0x13, 0x19, 0x29, 0x13, 0x19, 0x29, 0x13, 0x19, 0x29, 0x13, 0x19, 0x29, 0x13, 0x19, 0x29, 0x13, 0x19, 0x29, 0x13, 0x19, 0x29, 0x13, 0x19, 0x29, 0x13, 0x19, 0x29, 0x13, 0x19, 0x29, 0x13, 0x19, 0x29, 0x13, 0x19, 0x29, 0x13, 0x19, 0x29, 
        0x13, 0x19, 0x29, 0x13, 0x19, 0x29, 0x13, 0x19, 0x29, 0x13, 0x19, 0x29, 0x13, 0x19, 0x29, 0x13, 0x19, 0x29, 0x13, 0x19, 0x29, 0x13, 0x19, 0x29, 0x13, 0x19, 0x29, 0x13, 0x19, 0x29, 0x13, 0x19, 0x29, 0x13, 0x19, 0x29, 0x13, 0x19, 0x29, 
        0x13, 0x19, 0x29, 0x13, 0x19, 0x29, 0x13, 0x19, 0x29, 0x13, 0x19, 0x29, 0x13, 0x19, 0x29, 0x13, 0x19, 0x29, 0x13, 0x19, 0x29, 0x13, 0x19, 0x29, 0x13, 0x19, 0x29, 0x13, 0x19, 0x29, 0x13, 0x19, 0x29, 0x13, 0x19, 0x29, 0x13, 0x19, 0x29, 
        0x13, 0x19, 0x29, 0x13, 0x19, 0x29, 0x13, 0x19, 0x29, 0x13, 0x19, 0x29, 0x13, 0x19, 0x29, 0x13, 0x19, 0x29, 0x13, 0x19, 0x29, 0x13, 0x19, 0x29, 0x13, 0x19, 0x29, 0x13, 0x19, 0x29, 0x13, 0x19, 0x29, 0x13, 0x19, 0x29, 0x13, 0x19, 0x29, 
        0x13, 0x19, 0x29, 0x13, 0x19, 0x29, 0x13, 0x19, 0x29, 0x13, 0x19, 0x29, 0x13, 0x19, 0x29, 0x13, 0x19, 0x29, 0x13, 0x19, 0x29, 0x13, 0x19, 0x29, 0x13, 0x19, 0x29, 0x13, 0x19, 0x29, 0x13, 0x19, 0x29, 0x13, 0x19, 0x29, 0x13, 0x19, 0x29, 
        0x13, 0x19, 0x29, 0x13, 0x19, 0x29, 0x13, 0x19, 0x29, 0x13, 0x19, 0x29, 0x13, 0x19, 0x29, 0x13, 0x19, 0x29, 0x13, 0x19, 0x29, 0x13, 0x19, 0x29, 0x13, 0x19, 0x29, 0x13, 0x19, 0x29, 0x13, 0x19, 0x29, 0x13, 0x19, 0x29, 0x13, 0x19, 0x29, 
        0x13, 0x19, 0x29, 0x13, 0x19, 0x29, 0x13, 0x19, 0x29, 0x13, 0x19, 0x29, 0x13, 0x19, 0x29, 0x13, 0x19, 0x29, 0x13, 0x19, 0x29, 0x13, 0x19, 0x29, 0x13, 0x19, 0x29, 0x13, 0x19, 0x29, 0x13, 0x19, 0x29, 0x13, 0x19, 0x29, 0x13, 0x19, 0x29, 
        0x13, 0x19, 0x29, 0x13, 0x19, 0x29, 0x13, 0x19, 0x29, 0x13, 0x19, 0x29, 0x13, 0x19, 0x29, 0x13, 0x19, 0x29, 0x13, 0x19, 0x29, 0x13, 0x19, 0x29, 0x13, 0x19, 0x29, 0x13, 0x19, 0x29, 0x13, 0x19, 0x29, 0x13, 0x19, 0x29, 0x13, 0x19, 0x29, 
        0x13, 0x19, 0x29, 0x13, 0x19, 0x29, 0x13, 0x19, 0x29, 0x13, 0x19, 0x29, 0x13, 0x19, 0x29, 0x13, 0x19, 0x29, 0x13, 0x19, 0x29, 0x13, 0x19, 0x29, 0x13, 0x19, 0x29, 0x13, 0x19, 0x29, 0x13, 0x19, 0x29, 0x13, 0x19, 0x29, 0x13, 0x19, 0x29, 
        0x13, 0x19, 0x29, 0x13, 0x19, 0x29, 0x13, 0x19, 0x29, 0x13, 0x19, 0x29, 0x13, 0x19, 0x29, 0x13, 0x19, 0x29, 0x13, 0x19, 0x29, 0x13, 0x19, 0x29, 0x13, 0x19, 0x29, 0x13, 0x19, 0x29, 0x13, 0x19, 0x29, 0x13, 0x19, 0x29, 0x13, 0x19, 0x29, 
        0x13, 0x19, 0x29, 0x13, 0x19, 0x29, 0x13, 0x19, 0x29, 0x13, 0x19, 0x29,
  0x13, 0x19, 0x29, 0x13, 0x19, 0x29, 0x13, 0x19, 0x29, 0x13, 0x19, 0x29, 0x13, 0x19, 0x29, 0x13, 0x19, 0x29, 0x13, 0x19, 0x29, 0x13, 0x19, 0x29, 0x13, 0x19, 0x29, 0x13, 0x19, 0x29, 0x13, 0x19, 0x29, 0x13, 0x19, 0x29, 0x13, 0x19, 0x29, 0x13, 0x19, 0x29, 
        0x13, 0x19, 0x29, 0x13, 0x19, 0x29, 0x13, 0x19, 0x29, 0x13, 0x19, 0x29, 0x13, 0x19, 0x29, 0x13, 0x19, 0x29, 0x13, 0x19, 0x29, 0x13, 0x19, 0x29, 0x13, 0x19, 0x29, 0x13, 0x19, 0x29, 0x13, 0x19, 0x29, 0x13, 0x19, 0x29, 0x13, 0x19, 0x29, 
        0x13, 0x19, 0x29, 0x13, 0x19, 0x29, 0x13, 0x19, 0x29, 0x13, 0x19, 0x29, 0x13, 0x19, 0x29, 0x13, 0x19, 0x29, 0x13, 0x19, 0x29, 0x13, 0x19, 0x29, 0x13, 0x19, 0x29, 0x13, 0x19, 0x29, 0x13, 0x19, 0x29, 0x13, 0x19, 0x29, 0x13, 0x19, 0x29, 
        0x13, 0x19, 0x29, 0x13, 0x19, 0x29, 0x13, 0x19, 0x29, 0x13, 0x19, 0x29, 0x13, 0x19, 0x29, 0x13, 0x19, 0x29, 0x13, 0x19, 0x29, 0x13, 0x19, 0x29, 0x13, 0x19, 0x29, 0x13, 0x19, 0x29, 0x13, 0x19, 0x29, 0x13, 0x19, 0x29, 0x13, 0x19, 0x29, 
        0x13, 0x19, 0x29, 0x13, 0x19, 0x29, 0x13, 0x19, 0x29, 0x13, 0x19, 0x29, 0x13, 0x19, 0x29, 0x13, 0x19, 0x29, 0x13, 0x19, 0x29, 0x13, 0x19, 0x29, 0x13, 0x19, 0x29, 0x13, 0x19, 0x29, 0x13, 0x19, 0x29, 0x13, 0x19, 0x29, 0x13, 0x19, 0x29, 
        0x13, 0x19, 0x29, 0x13, 0x19, 0x29, 0x13, 0x19, 0x29, 0x13, 0x19, 0x29, 0x13, 0x19, 0x29, 0x13, 0x19, 0x29, 0x13, 0x19, 0x29, 0x13, 0x19, 0x29, 0x13, 0x19, 0x29, 0x13, 0x19, 0x29, 0x13, 0x19, 0x29, 0x13, 0x19, 0x29, 0x13, 0x19, 0x29, 
        0x13, 0x19, 0x29, 0x13, 0x19, 0x29, 0x13, 0x19, 0x29, 0x13, 0x19, 0x29, 0x13, 0x19, 0x29, 0x13, 0x19, 0x29, 0x13, 0x19, 0x29, 0x13, 0x19, 0x29, 0x13, 0x19, 0x29, 0x13, 0x19, 0x29, 0x13, 0x19, 0x29, 0x13, 0x19, 0x29, 0x13, 0x19, 0x29, 
        0x13, 0x19, 0x29, 0x13, 0x19, 0x29, 0x13, 0x19, 0x29, 0x13, 0x19, 0x29, 0x13, 0x19, 0x29, 0x13, 0x19, 0x29, 0x13, 0x19, 0x29, 0x13, 0x19, 0x29, 0x13, 0x19, 0x29, 0x13, 0x19, 0x29, 0x13, 0x19, 0x29, 0x13, 0x19, 0x29, 0x13, 0x19, 0x29, 
        0x13, 0x19, 0x29, 0x13, 0x19, 0x29, 0x13, 0x19, 0x29, 0x13, 0x19, 0x29, 0x13, 0x19, 0x29, 0x13, 0x19, 0x29, 0x13, 0x19, 0x29, 0x13, 0x19, 0x29, 0x13, 0x19, 0x29, 0x13, 0x19, 0x29, 0x13, 0x19, 0x29, 0x13, 0x19, 0x29, 0x13, 0x19, 0x29, 
        0x13, 0x19, 0x29, 0x13, 0x19, 0x29, 0x13, 0x19, 0x29, 0x13, 0x19, 0x29, 0x13, 0x19, 0x29, 0x13, 0x19, 0x29, 0x13, 0x19, 0x29, 0x13, 0x19, 0x29, 0x13, 0x19, 0x29, 0x13, 0x19, 0x29, 0x13, 0x19, 0x29, 0x13, 0x19, 0x29, 0x13, 0x19, 0x29, 
        0x13, 0x19, 0x29, 0x13, 0x19, 0x29, 0x13, 0x19, 0x29, 0x13, 0x19, 0x29, 0x13, 0x19, 0x29, 0x13, 0x19, 0x29, 0x13, 0x19, 0x29, 0x13, 0x19, 0x29, 0x13, 0x19, 0x29, 0x13, 0x19, 0x29, 0x13, 0x19, 0x29, 0x13, 0x19, 0x29, 0x13, 0x19, 0x29, 
        0x13, 0x19, 0x29, 0x13, 0x19, 0x29, 0x13, 0x19, 0x29, 0x13, 0x19, 0x29, 0x13, 0x19, 0x29, 0x13, 0x19, 0x29, 0x13, 0x19, 0x29, 0x13, 0x19, 0x29, 0x13, 0x19, 0x29, 0x13, 0x19, 0x29, 0x13, 0x19, 0x29, 0x13, 0x19, 0x29, 0x13, 0x19, 0x29, 
        0x13, 0x19, 0x29, 0x13, 0x19, 0x29, 0x13, 0x19, 0x29, 0x13, 0x19, 0x29, 0x13, 0x19, 0x29, 0x13, 0x19, 0x29, 0x13, 0x19, 0x29, 0x13, 0x19, 0x29, 0x13, 0x19, 0x29, 0x13, 0x19, 0x29, 0x13, 0x19, 0x29, 0x13, 0x19, 0x29, 0x13, 0x19, 0x29, 
        0x13, 0x19, 0x29, 0x13, 0x19, 0x29, 0x13, 0x19, 0x29, 0x13, 0x19, 0x29, 0x13, 0x19, 0x29, 0x13, 0x19, 0x29, 0x13, 0x19, 0x29, 0x13, 0x19, 0x29, 0x13, 0x19, 0x29, 0x13, 0x19, 0x29, 0x13, 0x19, 0x29, 0x13, 0x19, 0x29, 0x13, 0x19, 0x29, 
        0x13, 0x19, 0x29, 0x13, 0x19, 0x29, 0x13, 0x19, 0x29, 0x13, 0x19, 0x29, 0x13, 0x19, 0x29, 0x13, 0x19, 0x29, 0x13, 0x19, 0x29, 0x13, 0x19, 0x29, 0x13, 0x19, 0x29, 0x13, 0x19, 0x29, 0x13, 0x19, 0x29, 0x13, 0x19, 0x29, 0x13, 0x19, 0x29, 
        0x13, 0x19, 0x29, 0x13, 0x19, 0x29, 0x13, 0x19, 0x29, 0x13, 0x19, 0x29,
  0x13, 0x19, 0x29, 0x13, 0x19, 0x29, 0x13, 0x19, 0x29, 0x13, 0x19, 0x29, 0x13, 0x19, 0x29, 0x13, 0x19, 0x29, 0x13, 0x19, 0x29, 0x13, 0x19, 0x29, 0x13, 0x19, 0x29, 0x13, 0x19, 0x29, 0x13, 0x19, 0x29, 0x13, 0x19, 0x29, 0x13, 0x19, 0x29, 0x13, 0x19, 0x29, 
        0x13, 0x19, 0x29, 0x13, 0x19, 0x29, 0x13, 0x19, 0x29, 0x13, 0x19, 0x29, 0x13, 0x19, 0x29, 0x13, 0x19, 0x29, 0x13, 0x19, 0x29, 0x13, 0x19, 0x29, 0x13, 0x19, 0x29, 0x13, 0x19, 0x29, 0x13, 0x19, 0x29, 0x13, 0x19, 0x29, 0x13, 0x19, 0x29, 
        0x13, 0x19, 0x29, 0x13, 0x19, 0x29, 0x13, 0x19, 0x29, 0x13, 0x19, 0x29, 0x13, 0x19, 0x29, 0x13, 0x19, 0x29, 0x13, 0x19, 0x29, 0x13, 0x19, 0x29, 0x13, 0x19, 0x29, 0x13, 0x19, 0x29, 0x13, 0x19, 0x29, 0x13, 0x19, 0x29, 0x13, 0x19, 0x29, 
        0x13, 0x19, 0x29, 0x13, 0x19, 0x29, 0x13, 0x19, 0x29, 0x13, 0x19, 0x29, 0x13, 0x19, 0x29, 0x13, 0x19, 0x29, 0x13, 0x19, 0x29, 0x13, 0x19, 0x29, 0x13, 0x19, 0x29, 0x13, 0x19, 0x29, 0x13, 0x19, 0x29, 0x13, 0x19, 0x29, 0x13, 0x19, 0x29, 
        0x13, 0x19, 0x29, 0x13, 0x19, 0x29, 0x13, 0x19, 0x29, 0x13, 0x19, 0x29, 0x13, 0x19, 0x29, 0x13, 0x19, 0x29, 0x13, 0x19, 0x29, 0x13, 0x19, 0x29, 0x13, 0x19, 0x29, 0x13, 0x19, 0x29, 0x13, 0x19, 0x29, 0x13, 0x19, 0x29, 0x13, 0x19, 0x29, 
        0x13, 0x19, 0x29, 0x13, 0x19, 0x29, 0x13, 0x19, 0x29, 0x13, 0x19, 0x29, 0x13, 0x19, 0x29, 0x13, 0x19, 0x29, 0x13, 0x19, 0x29, 0x13, 0x19, 0x29, 0x13, 0x19, 0x29, 0x13, 0x19, 0x29, 0x13, 0x19, 0x29, 0x13, 0x19, 0x29, 0x13, 0x19, 0x29, 
        0x13, 0x19, 0x29, 0x13, 0x19, 0x29, 0x13, 0x19, 0x29, 0x13, 0x19, 0x29, 0x13, 0x19, 0x29, 0x13, 0x19, 0x29, 0x13, 0x19, 0x29, 0x13, 0x19, 0x29, 0x13, 0x19, 0x29, 0x13, 0x19, 0x29, 0x13, 0x19, 0x29, 0x13, 0x19, 0x29, 0x13, 0x19, 0x29, 
        0x13, 0x19, 0x29, 0x13, 0x19, 0x29, 0x13, 0x19, 0x29, 0x13, 0x19, 0x29, 0x13, 0x19, 0x29, 0x13, 0x19, 0x29, 0x13, 0x19, 0x29, 0x13, 0x19, 0x29, 0x13, 0x19, 0x29, 0x13, 0x19, 0x29, 0x13, 0x19, 0x29, 0x13, 0x19, 0x29, 0x13, 0x19, 0x29, 
        0x13, 0x19, 0x29, 0x13, 0x19, 0x29, 0x13, 0x19, 0x29, 0x13, 0x19, 0x29, 0x13, 0x19, 0x29, 0x13, 0x19, 0x29, 0x13, 0x19, 0x29, 0x13, 0x19, 0x29, 0x13, 0x19, 0x29, 0x13, 0x19, 0x29, 0x13, 0x19, 0x29, 0x13, 0x19, 0x29, 0x13, 0x19, 0x29, 
        0x13, 0x19, 0x29, 0x13, 0x19, 0x29, 0x13, 0x19, 0x29, 0x13, 0x19, 0x29, 0x13, 0x19, 0x29, 0x13, 0x19, 0x29, 0x13, 0x19, 0x29, 0x13, 0x19, 0x29, 0x13, 0x19, 0x29, 0x13, 0x19, 0x29, 0x13, 0x19, 0x29, 0x13, 0x19, 0x29, 0x13, 0x19, 0x29, 
        0x13, 0x19, 0x29, 0x13, 0x19, 0x29, 0x13, 0x19, 0x29, 0x13, 0x19, 0x29, 0x13, 0x19, 0x29, 0x13, 0x19, 0x29, 0x13, 0x19, 0x29, 0x13, 0x19, 0x29, 0x13, 0x19, 0x29, 0x13, 0x19, 0x29, 0x13, 0x19, 0x29, 0x13, 0x19, 0x29, 0x13, 0x19, 0x29, 
        0x13, 0x19, 0x29, 0x13, 0x19, 0x29, 0x13, 0x19, 0x29, 0x13, 0x19, 0x29, 0x13, 0x19, 0x29, 0x13, 0x19, 0x29, 0x13, 0x19, 0x29, 0x13, 0x19, 0x29, 0x13, 0x19, 0x29, 0x13, 0x19, 0x29, 0x13, 0x19, 0x29, 0x13, 0x19, 0x29, 0x13, 0x19, 0x29, 
        0x13, 0x19, 0x29, 0x13, 0x19, 0x29, 0x13, 0x19, 0x29, 0x13, 0x19, 0x29, 0x13, 0x19, 0x29, 0x13, 0x19, 0x29, 0x13, 0x19, 0x29, 0x13, 0x19, 0x29, 0x13, 0x19, 0x29, 0x13, 0x19, 0x29, 0x13, 0x19, 0x29, 0x13, 0x19, 0x29, 0x13, 0x19, 0x29, 
        0x13, 0x19, 0x29, 0x13, 0x19, 0x29, 0x13, 0x19, 0x29, 0x13, 0x19, 0x29, 0x13, 0x19, 0x29, 0x13, 0x19, 0x29, 0x13, 0x19, 0x29, 0x13, 0x19, 0x29, 0x13, 0x19, 0x29, 0x13, 0x19, 0x29, 0x13, 0x19, 0x29, 0x13, 0x19, 0x29, 0x13, 0x19, 0x29, 
        0x13, 0x19, 0x29, 0x13, 0x19, 0x29, 0x13, 0x19, 0x29, 0x13, 0x19, 0x29, 0x13, 0x19, 0x29, 0x13, 0x19, 0x29, 0x13, 0x19, 0x29, 0x13, 0x19, 0x29, 0x13, 0x19, 0x29, 0x13, 0x19, 0x29, 0x13, 0x19, 0x29, 0x13, 0x19, 0x29, 0x13, 0x19, 0x29, 
        0x13, 0x19, 0x29, 0x13, 0x19, 0x29, 0x13, 0x19, 0x29, 0x13, 0x19, 0x29,
  0x13, 0x19, 0x29, 0x13, 0x19, 0x29, 0x13, 0x19, 0x29, 0x13, 0x19, 0x29, 0x13, 0x19, 0x29, 0x13, 0x19, 0x29, 0x13, 0x19, 0x29, 0x13, 0x19, 0x29, 0x13, 0x19, 0x29, 0x13, 0x19, 0x29, 0x13, 0x19, 0x29, 0x13, 0x19, 0x29, 0x13, 0x19, 0x29, 0x13, 0x19, 0x29, 
        0x13, 0x19, 0x29, 0x13, 0x19, 0x29, 0x13, 0x19, 0x29, 0x13, 0x19, 0x29, 0x13, 0x19, 0x29, 0x13, 0x19, 0x29, 0x13, 0x19, 0x29, 0x13, 0x19, 0x29, 0x13, 0x19, 0x29, 0x13, 0x19, 0x29, 0x13, 0x19, 0x29, 0x13, 0x19, 0x29, 0x13, 0x19, 0x29, 
        0x13, 0x19, 0x29, 0x13, 0x19, 0x29, 0x13, 0x19, 0x29, 0x13, 0x19, 0x29, 0x13, 0x19, 0x29, 0x13, 0x19, 0x29, 0x13, 0x19, 0x29, 0x13, 0x19, 0x29, 0x13, 0x19, 0x29, 0x13, 0x19, 0x29, 0x13, 0x19, 0x29, 0x13, 0x19, 0x29, 0x13, 0x19, 0x29, 
        0x13, 0x19, 0x29, 0x13, 0x19, 0x29, 0x13, 0x19, 0x29, 0x13, 0x19, 0x29, 0x13, 0x19, 0x29, 0x13, 0x19, 0x29, 0x13, 0x19, 0x29, 0x13, 0x19, 0x29, 0x13, 0x19, 0x29, 0x13, 0x19, 0x29, 0x13, 0x19, 0x29, 0x13, 0x19, 0x29, 0x13, 0x19, 0x29, 
        0x13, 0x19, 0x29, 0x13, 0x19, 0x29, 0x13, 0x19, 0x29, 0x13, 0x19, 0x29, 0x13, 0x19, 0x29, 0x13, 0x19, 0x29, 0x13, 0x19, 0x29, 0x13, 0x19, 0x29, 0x13, 0x19, 0x29, 0x13, 0x19, 0x29, 0x13, 0x19, 0x29, 0x13, 0x19, 0x29, 0x13, 0x19, 0x29, 
        0x13, 0x19, 0x29, 0x13, 0x19, 0x29, 0x13, 0x19, 0x29, 0x13, 0x19, 0x29, 0x13, 0x19, 0x29, 0x13, 0x19, 0x29, 0x13, 0x19, 0x29, 0x13, 0x19, 0x29, 0x13, 0x19, 0x29, 0x13, 0x19, 0x29, 0x13, 0x19, 0x29, 0x13, 0x19, 0x29, 0x13, 0x19, 0x29, 
        0x13, 0x19, 0x29, 0x13, 0x19, 0x29, 0x13, 0x19, 0x29, 0x13, 0x19, 0x29, 0x13, 0x19, 0x29, 0x13, 0x19, 0x29, 0x13, 0x19, 0x29, 0x13, 0x19, 0x29, 0x13, 0x19, 0x29, 0x13, 0x19, 0x29, 0x13, 0x19, 0x29, 0x13, 0x19, 0x29, 0x13, 0x19, 0x29, 
        0x13, 0x19, 0x29, 0x13, 0x19, 0x29, 0x13, 0x19, 0x29, 0x13, 0x19, 0x29, 0x13, 0x19, 0x29, 0x13, 0x19, 0x29, 0x13, 0x19, 0x29, 0x13, 0x19, 0x29, 0x13, 0x19, 0x29, 0x13, 0x19, 0x29, 0x13, 0x19, 0x29, 0x13, 0x19, 0x29, 0x13, 0x19, 0x29, 
        0x13, 0x19, 0x29, 0x13, 0x19, 0x29, 0x13, 0x19, 0x29, 0x13, 0x19, 0x29, 0x13, 0x19, 0x29, 0x13, 0x19, 0x29, 0x13, 0x19, 0x29, 0x13, 0x19, 0x29, 0x13, 0x19, 0x29, 0x13, 0x19, 0x29, 0x13, 0x19, 0x29, 0x13, 0x19, 0x29, 0x13, 0x19, 0x29, 
        0x13, 0x19, 0x29, 0x13, 0x19, 0x29, 0x13, 0x19, 0x29, 0x13, 0x19, 0x29, 0x13, 0x19, 0x29, 0x13, 0x19, 0x29, 0x13, 0x19, 0x29, 0x13, 0x19, 0x29, 0x13, 0x19, 0x29, 0x13, 0x19, 0x29, 0x13, 0x19, 0x29, 0x13, 0x19, 0x29, 0x13, 0x19, 0x29, 
        0x13, 0x19, 0x29, 0x13, 0x19, 0x29, 0x13, 0x19, 0x29, 0x13, 0x19, 0x29, 0x13, 0x19, 0x29, 0x13, 0x19, 0x29, 0x13, 0x19, 0x29, 0x13, 0x19, 0x29, 0x13, 0x19, 0x29, 0x13, 0x19, 0x29, 0x13, 0x19, 0x29, 0x13, 0x19, 0x29, 0x13, 0x19, 0x29, 
        0x13, 0x19, 0x29, 0x13, 0x19, 0x29, 0x13, 0x19, 0x29, 0x13, 0x19, 0x29, 0x13, 0x19, 0x29, 0x13, 0x19, 0x29, 0x13, 0x19, 0x29, 0x13, 0x19, 0x29, 0x13, 0x19, 0x29, 0x13, 0x19, 0x29, 0x13, 0x19, 0x29, 0x13, 0x19, 0x29, 0x13, 0x19, 0x29, 
        0x13, 0x19, 0x29, 0x13, 0x19, 0x29, 0x13, 0x19, 0x29, 0x13, 0x19, 0x29, 0x13, 0x19, 0x29, 0x13, 0x19, 0x29, 0x13, 0x19, 0x29, 0x13, 0x19, 0x29, 0x13, 0x19, 0x29, 0x13, 0x19, 0x29, 0x13, 0x19, 0x29, 0x13, 0x19, 0x29, 0x13, 0x19, 0x29, 
        0x13, 0x19, 0x29, 0x13, 0x19, 0x29, 0x13, 0x19, 0x29, 0x13, 0x19, 0x29, 0x13, 0x19, 0x29, 0x13, 0x19, 0x29, 0x13, 0x19, 0x29, 0x13, 0x19, 0x29, 0x13, 0x19, 0x29, 0x13, 0x19, 0x29, 0x13, 0x19, 0x29, 0x13, 0x19, 0x29, 0x13, 0x19, 0x29, 
        0x13, 0x19, 0x29, 0x13, 0x19, 0x29, 0x13, 0x19, 0x29, 0x13, 0x19, 0x29, 0x13, 0x19, 0x29, 0x13, 0x19, 0x29, 0x13, 0x19, 0x29, 0x13, 0x19, 0x29, 0x13, 0x19, 0x29, 0x13, 0x19, 0x29, 0x13, 0x19, 0x29, 0x13, 0x19, 0x29, 0x13, 0x19, 0x29, 
        0x13, 0x19, 0x29, 0x13, 0x19, 0x29, 0x13, 0x19, 0x29, 0x13, 0x19, 0x29,
  0x13, 0x19, 0x29, 0x13, 0x19, 0x29, 0x13, 0x19, 0x29, 0x13, 0x19, 0x29, 0x13, 0x19, 0x29, 0x13, 0x19, 0x29, 0x13, 0x19, 0x29, 0x13, 0x19, 0x29, 0x13, 0x19, 0x29, 0x13, 0x19, 0x29, 0x13, 0x19, 0x29, 0x13, 0x19, 0x29, 0x13, 0x19, 0x29, 0x13, 0x19, 0x29, 
        0x13, 0x19, 0x29, 0x13, 0x19, 0x29, 0x13, 0x19, 0x29, 0x13, 0x19, 0x29, 0x13, 0x19, 0x29, 0x13, 0x19, 0x29, 0x13, 0x19, 0x29, 0x13, 0x19, 0x29, 0x13, 0x19, 0x29, 0x13, 0x19, 0x29, 0x13, 0x19, 0x29, 0x13, 0x19, 0x29, 0x13, 0x19, 0x29, 
        0x13, 0x19, 0x29, 0x13, 0x19, 0x29, 0x13, 0x19, 0x29, 0x13, 0x19, 0x29, 0x13, 0x19, 0x29, 0x13, 0x19, 0x29, 0x13, 0x19, 0x29, 0x13, 0x19, 0x29, 0x13, 0x19, 0x29, 0x13, 0x19, 0x29, 0x13, 0x19, 0x29, 0x13, 0x19, 0x29, 0x13, 0x19, 0x29, 
        0x13, 0x19, 0x29, 0x13, 0x19, 0x29, 0x13, 0x19, 0x29, 0x13, 0x19, 0x29, 0x13, 0x19, 0x29, 0x13, 0x19, 0x29, 0x13, 0x19, 0x29, 0x13, 0x19, 0x29, 0x13, 0x19, 0x29, 0x13, 0x19, 0x29, 0x13, 0x19, 0x29, 0x13, 0x19, 0x29, 0x13, 0x19, 0x29, 
        0x13, 0x19, 0x29, 0x13, 0x19, 0x29, 0x13, 0x19, 0x29, 0x13, 0x19, 0x29, 0x13, 0x19, 0x29, 0x13, 0x19, 0x29, 0x13, 0x19, 0x29, 0x13, 0x19, 0x29, 0x13, 0x19, 0x29, 0x13, 0x19, 0x29, 0x13, 0x19, 0x29, 0x13, 0x19, 0x29, 0x13, 0x19, 0x29, 
        0x13, 0x19, 0x29, 0x13, 0x19, 0x29, 0x13, 0x19, 0x29, 0x13, 0x19, 0x29, 0x13, 0x19, 0x29, 0x13, 0x19, 0x29, 0x13, 0x19, 0x29, 0x13, 0x19, 0x29, 0x13, 0x19, 0x29, 0x13, 0x19, 0x29, 0x13, 0x19, 0x29, 0x13, 0x19, 0x29, 0x13, 0x19, 0x29, 
        0x13, 0x19, 0x29, 0x13, 0x19, 0x29, 0x13, 0x19, 0x29, 0x13, 0x19, 0x29, 0x13, 0x19, 0x29, 0x13, 0x19, 0x29, 0x13, 0x19, 0x29, 0x13, 0x19, 0x29, 0x13, 0x19, 0x29, 0x13, 0x19, 0x29, 0x13, 0x19, 0x29, 0x13, 0x19, 0x29, 0x13, 0x19, 0x29, 
        0x13, 0x19, 0x29, 0x13, 0x19, 0x29, 0x13, 0x19, 0x29, 0x13, 0x19, 0x29, 0x13, 0x19, 0x29, 0x13, 0x19, 0x29, 0x13, 0x19, 0x29, 0x13, 0x19, 0x29, 0x13, 0x19, 0x29, 0x13, 0x19, 0x29, 0x13, 0x19, 0x29, 0x13, 0x19, 0x29, 0x13, 0x19, 0x29, 
        0x13, 0x19, 0x29, 0x13, 0x19, 0x29, 0x13, 0x19, 0x29, 0x13, 0x19, 0x29, 0x13, 0x19, 0x29, 0x13, 0x19, 0x29, 0x13, 0x19, 0x29, 0x13, 0x19, 0x29, 0x13, 0x19, 0x29, 0x13, 0x19, 0x29, 0x13, 0x19, 0x29, 0x13, 0x19, 0x29, 0x13, 0x19, 0x29, 
        0x13, 0x19, 0x29, 0x13, 0x19, 0x29, 0x13, 0x19, 0x29, 0x13, 0x19, 0x29, 0x13, 0x19, 0x29, 0x13, 0x19, 0x29, 0x13, 0x19, 0x29, 0x13, 0x19, 0x29, 0x13, 0x19, 0x29, 0x13, 0x19, 0x29, 0x13, 0x19, 0x29, 0x13, 0x19, 0x29, 0x13, 0x19, 0x29, 
        0x13, 0x19, 0x29, 0x13, 0x19, 0x29, 0x13, 0x19, 0x29, 0x13, 0x19, 0x29, 0x13, 0x19, 0x29, 0x13, 0x19, 0x29, 0x13, 0x19, 0x29, 0x13, 0x19, 0x29, 0x13, 0x19, 0x29, 0x13, 0x19, 0x29, 0x13, 0x19, 0x29, 0x13, 0x19, 0x29, 0x13, 0x19, 0x29, 
        0x13, 0x19, 0x29, 0x13, 0x19, 0x29, 0x13, 0x19, 0x29, 0x13, 0x19, 0x29, 0x13, 0x19, 0x29, 0x13, 0x19, 0x29, 0x13, 0x19, 0x29, 0x13, 0x19, 0x29, 0x13, 0x19, 0x29, 0x13, 0x19, 0x29, 0x13, 0x19, 0x29, 0x13, 0x19, 0x29, 0x13, 0x19, 0x29, 
        0x13, 0x19, 0x29, 0x13, 0x19, 0x29, 0x13, 0x19, 0x29, 0x13, 0x19, 0x29, 0x13, 0x19, 0x29, 0x13, 0x19, 0x29, 0x13, 0x19, 0x29, 0x13, 0x19, 0x29, 0x13, 0x19, 0x29, 0x13, 0x19, 0x29, 0x13, 0x19, 0x29, 0x13, 0x19, 0x29, 0x13, 0x19, 0x29, 
        0x13, 0x19, 0x29, 0x13, 0x19, 0x29, 0x13, 0x19, 0x29, 0x13, 0x19, 0x29, 0x13, 0x19, 0x29, 0x13, 0x19, 0x29, 0x13, 0x19, 0x29, 0x13, 0x19, 0x29, 0x13, 0x19, 0x29, 0x13, 0x19, 0x29, 0x13, 0x19, 0x29, 0x13, 0x19, 0x29, 0x13, 0x19, 0x29, 
        0x13, 0x19, 0x29, 0x13, 0x19, 0x29, 0x13, 0x19, 0x29, 0x13, 0x19, 0x29, 0x13, 0x19, 0x29, 0x13, 0x19, 0x29, 0x13, 0x19, 0x29, 0x13, 0x19, 0x29, 0x13, 0x19, 0x29, 0x13, 0x19, 0x29, 0x13, 0x19, 0x29, 0x13, 0x19, 0x29, 0x13, 0x19, 0x29, 
        0x13, 0x19, 0x29, 0x13, 0x19, 0x29, 0x13, 0x19, 0x29, 0x13, 0x19, 0x29,
  0x13, 0x19, 0x29, 0x13, 0x19, 0x29, 0x13, 0x19, 0x29, 0x13, 0x19, 0x29, 0x13, 0x19, 0x29, 0x13, 0x19, 0x29, 0x13, 0x19, 0x29, 0x13, 0x19, 0x29, 0x13, 0x19, 0x29, 0x13, 0x19, 0x29, 0x13, 0x19, 0x29, 0x13, 0x19, 0x29, 0x13, 0x19, 0x29, 0x13, 0x19, 0x29, 
        0x13, 0x19, 0x29, 0x13, 0x19, 0x29, 0x13, 0x19, 0x29, 0x13, 0x19, 0x29, 0x13, 0x19, 0x29, 0x13, 0x19, 0x29, 0x13, 0x19, 0x29, 0x13, 0x19, 0x29, 0x13, 0x19, 0x29, 0x13, 0x19, 0x29, 0x13, 0x19, 0x29, 0x13, 0x19, 0x29, 0x13, 0x19, 0x29, 
        0x13, 0x19, 0x29, 0x13, 0x19, 0x29, 0x13, 0x19, 0x29, 0x13, 0x19, 0x29, 0x13, 0x19, 0x29, 0x13, 0x19, 0x29, 0x13, 0x19, 0x29, 0x13, 0x19, 0x29, 0x13, 0x19, 0x29, 0x13, 0x19, 0x29, 0x13, 0x19, 0x29, 0x13, 0x19, 0x29, 0x13, 0x19, 0x29, 
        0x13, 0x19, 0x29, 0x13, 0x19, 0x29, 0x13, 0x19, 0x29, 0x13, 0x19, 0x29, 0x13, 0x19, 0x29, 0x13, 0x19, 0x29, 0x13, 0x19, 0x29, 0x13, 0x19, 0x29, 0x13, 0x19, 0x29, 0x13, 0x19, 0x29, 0x13, 0x19, 0x29, 0x13, 0x19, 0x29, 0x13, 0x19, 0x29, 
        0x13, 0x19, 0x29, 0x13, 0x19, 0x29, 0x13, 0x19, 0x29, 0x13, 0x19, 0x29, 0x13, 0x19, 0x29, 0x13, 0x19, 0x29, 0x13, 0x19, 0x29, 0x13, 0x19, 0x29, 0x13, 0x19, 0x29, 0x13, 0x19, 0x29, 0x13, 0x19, 0x29, 0x13, 0x19, 0x29, 0x13, 0x19, 0x29, 
        0x13, 0x19, 0x29, 0x13, 0x19, 0x29, 0x13, 0x19, 0x29, 0x13, 0x19, 0x29, 0x13, 0x19, 0x29, 0x13, 0x19, 0x29, 0x13, 0x19, 0x29, 0x13, 0x19, 0x29, 0x13, 0x19, 0x29, 0x13, 0x19, 0x29, 0x13, 0x19, 0x29, 0x13, 0x19, 0x29, 0x13, 0x19, 0x29, 
        0x13, 0x19, 0x29, 0x13, 0x19, 0x29, 0x13, 0x19, 0x29, 0x13, 0x19, 0x29, 0x13, 0x19, 0x29, 0x13, 0x19, 0x29, 0x13, 0x19, 0x29, 0x13, 0x19, 0x29, 0x13, 0x19, 0x29, 0x13, 0x19, 0x29, 0x13, 0x19, 0x29, 0x13, 0x19, 0x29, 0x13, 0x19, 0x29, 
        0x13, 0x19, 0x29, 0x13, 0x19, 0x29, 0x13, 0x19, 0x29, 0x13, 0x19, 0x29, 0x13, 0x19, 0x29, 0x13, 0x19, 0x29, 0x13, 0x19, 0x29, 0x13, 0x19, 0x29, 0x13, 0x19, 0x29, 0x13, 0x19, 0x29, 0x13, 0x19, 0x29, 0x13, 0x19, 0x29, 0x13, 0x19, 0x29, 
        0x13, 0x19, 0x29, 0x13, 0x19, 0x29, 0x13, 0x19, 0x29, 0x13, 0x19, 0x29, 0x13, 0x19, 0x29, 0x13, 0x19, 0x29, 0x13, 0x19, 0x29, 0x13, 0x19, 0x29, 0x13, 0x19, 0x29, 0x13, 0x19, 0x29, 0x13, 0x19, 0x29, 0x13, 0x19, 0x29, 0x13, 0x19, 0x29, 
        0x13, 0x19, 0x29, 0x13, 0x19, 0x29, 0x13, 0x19, 0x29, 0x13, 0x19, 0x29, 0x13, 0x19, 0x29, 0x13, 0x19, 0x29, 0x13, 0x19, 0x29, 0x13, 0x19, 0x29, 0x13, 0x19, 0x29, 0x13, 0x19, 0x29, 0x13, 0x19, 0x29, 0x13, 0x19, 0x29, 0x13, 0x19, 0x29, 
        0x13, 0x19, 0x29, 0x13, 0x19, 0x29, 0x13, 0x19, 0x29, 0x13, 0x19, 0x29, 0x13, 0x19, 0x29, 0x13, 0x19, 0x29, 0x13, 0x19, 0x29, 0x13, 0x19, 0x29, 0x13, 0x19, 0x29, 0x13, 0x19, 0x29, 0x13, 0x19, 0x29, 0x13, 0x19, 0x29, 0x13, 0x19, 0x29, 
        0x13, 0x19, 0x29, 0x13, 0x19, 0x29, 0x13, 0x19, 0x29, 0x13, 0x19, 0x29, 0x13, 0x19, 0x29, 0x13, 0x19, 0x29, 0x13, 0x19, 0x29, 0x13, 0x19, 0x29, 0x13, 0x19, 0x29, 0x13, 0x19, 0x29, 0x13, 0x19, 0x29, 0x13, 0x19, 0x29, 0x13, 0x19, 0x29, 
        0x13, 0x19, 0x29, 0x13, 0x19, 0x29, 0x13, 0x19, 0x29, 0x13, 0x19, 0x29, 0x13, 0x19, 0x29, 0x13, 0x19, 0x29, 0x13, 0x19, 0x29, 0x13, 0x19, 0x29, 0x13, 0x19, 0x29, 0x13, 0x19, 0x29, 0x13, 0x19, 0x29, 0x13, 0x19, 0x29, 0x13, 0x19, 0x29, 
        0x13, 0x19, 0x29, 0x13, 0x19, 0x29, 0x13, 0x19, 0x29, 0x13, 0x19, 0x29, 0x13, 0x19, 0x29, 0x13, 0x19, 0x29, 0x13, 0x19, 0x29, 0x13, 0x19, 0x29, 0x13, 0x19, 0x29, 0x13, 0x19, 0x29, 0x13, 0x19, 0x29, 0x13, 0x19, 0x29, 0x13, 0x19, 0x29, 
        0x13, 0x19, 0x29, 0x13, 0x19, 0x29, 0x13, 0x19, 0x29, 0x13, 0x19, 0x29, 0x13, 0x19, 0x29, 0x13, 0x19, 0x29, 0x13, 0x19, 0x29, 0x13, 0x19, 0x29, 0x13, 0x19, 0x29, 0x13, 0x19, 0x29, 0x13, 0x19, 0x29, 0x13, 0x19, 0x29, 0x13, 0x19, 0x29, 
        0x13, 0x19, 0x29, 0x13, 0x19, 0x29, 0x13, 0x19, 0x29, 0x13, 0x19, 0x29,
  0x13, 0x19, 0x29, 0x13, 0x19, 0x29, 0x13, 0x19, 0x29, 0x13, 0x19, 0x29, 0x13, 0x19, 0x29, 0x13, 0x19, 0x29, 0x13, 0x19, 0x29, 0x13, 0x19, 0x29, 0x13, 0x19, 0x29, 0x13, 0x19, 0x29, 0x13, 0x19, 0x29, 0x13, 0x19, 0x29, 0x13, 0x19, 0x29, 0x13, 0x19, 0x29, 
        0x13, 0x19, 0x29, 0x13, 0x19, 0x29, 0x13, 0x19, 0x29, 0x13, 0x19, 0x29, 0x13, 0x19, 0x29, 0x13, 0x19, 0x29, 0x13, 0x19, 0x29, 0x13, 0x19, 0x29, 0x13, 0x19, 0x29, 0x13, 0x19, 0x29, 0x13, 0x19, 0x29, 0x13, 0x19, 0x29, 0x13, 0x19, 0x29, 
        0x13, 0x19, 0x29, 0x13, 0x19, 0x29, 0x13, 0x19, 0x29, 0x13, 0x19, 0x29, 0x13, 0x19, 0x29, 0x13, 0x19, 0x29, 0x13, 0x19, 0x29, 0x13, 0x19, 0x29, 0x13, 0x19, 0x29, 0x13, 0x19, 0x29, 0x13, 0x19, 0x29, 0x13, 0x19, 0x29, 0x13, 0x19, 0x29, 
        0x13, 0x19, 0x29, 0x13, 0x19, 0x29, 0x13, 0x19, 0x29, 0x13, 0x19, 0x29, 0x13, 0x19, 0x29, 0x13, 0x19, 0x29, 0x13, 0x19, 0x29, 0x13, 0x19, 0x29, 0x13, 0x19, 0x29, 0x13, 0x19, 0x29, 0x13, 0x19, 0x29, 0x13, 0x19, 0x29, 0x13, 0x19, 0x29, 
        0x13, 0x19, 0x29, 0x13, 0x19, 0x29, 0x13, 0x19, 0x29, 0x13, 0x19, 0x29, 0x13, 0x19, 0x29, 0x13, 0x19, 0x29, 0x13, 0x19, 0x29, 0x13, 0x19, 0x29, 0x13, 0x19, 0x29, 0x13, 0x19, 0x29, 0x13, 0x19, 0x29, 0x13, 0x19, 0x29, 0x13, 0x19, 0x29, 
        0x13, 0x19, 0x29, 0x13, 0x19, 0x29, 0x13, 0x19, 0x29, 0x13, 0x19, 0x29, 0x13, 0x19, 0x29, 0x13, 0x19, 0x29, 0x13, 0x19, 0x29, 0x13, 0x19, 0x29, 0x13, 0x19, 0x29, 0x13, 0x19, 0x29, 0x13, 0x19, 0x29, 0x13, 0x19, 0x29, 0x13, 0x19, 0x29, 
        0x13, 0x19, 0x29, 0x13, 0x19, 0x29, 0x13, 0x19, 0x29, 0x13, 0x19, 0x29, 0x13, 0x19, 0x29, 0x13, 0x19, 0x29, 0x13, 0x19, 0x29, 0x13, 0x19, 0x29, 0x13, 0x19, 0x29, 0x13, 0x19, 0x29, 0x13, 0x19, 0x29, 0x13, 0x19, 0x29, 0x13, 0x19, 0x29, 
        0x13, 0x19, 0x29, 0x13, 0x19, 0x29, 0x13, 0x19, 0x29, 0x13, 0x19, 0x29, 0x13, 0x19, 0x29, 0x13, 0x19, 0x29, 0x13, 0x19, 0x29, 0x13, 0x19, 0x29, 0x13, 0x19, 0x29, 0x13, 0x19, 0x29, 0x13, 0x19, 0x29, 0x13, 0x19, 0x29, 0x13, 0x19, 0x29, 
        0x13, 0x19, 0x29, 0x13, 0x19, 0x29, 0x13, 0x19, 0x29, 0x13, 0x19, 0x29, 0x13, 0x19, 0x29, 0x13, 0x19, 0x29, 0x13, 0x19, 0x29, 0x13, 0x19, 0x29, 0x13, 0x19, 0x29, 0x13, 0x19, 0x29, 0x13, 0x19, 0x29, 0x13, 0x19, 0x29, 0x13, 0x19, 0x29, 
        0x13, 0x19, 0x29, 0x13, 0x19, 0x29, 0x13, 0x19, 0x29, 0x13, 0x19, 0x29, 0x13, 0x19, 0x29, 0x13, 0x19, 0x29, 0x13, 0x19, 0x29, 0x13, 0x19, 0x29, 0x13, 0x19, 0x29, 0x13, 0x19, 0x29, 0x13, 0x19, 0x29, 0x13, 0x19, 0x29, 0x13, 0x19, 0x29, 
        0x13, 0x19, 0x29, 0x13, 0x19, 0x29, 0x13, 0x19, 0x29, 0x13, 0x19, 0x29, 0x13, 0x19, 0x29, 0x13, 0x19, 0x29, 0x13, 0x19, 0x29, 0x13, 0x19, 0x29, 0x13, 0x19, 0x29, 0x13, 0x19, 0x29, 0x13, 0x19, 0x29, 0x13, 0x19, 0x29, 0x13, 0x19, 0x29, 
        0x13, 0x19, 0x29, 0x13, 0x19, 0x29, 0x13, 0x19, 0x29, 0x13, 0x19, 0x29, 0x13, 0x19, 0x29, 0x13, 0x19, 0x29, 0x13, 0x19, 0x29, 0x13, 0x19, 0x29, 0x13, 0x19, 0x29, 0x13, 0x19, 0x29, 0x13, 0x19, 0x29, 0x13, 0x19, 0x29, 0x13, 0x19, 0x29, 
        0x13, 0x19, 0x29, 0x13, 0x19, 0x29, 0x13, 0x19, 0x29, 0x13, 0x19, 0x29, 0x13, 0x19, 0x29, 0x13, 0x19, 0x29, 0x13, 0x19, 0x29, 0x13, 0x19, 0x29, 0x13, 0x19, 0x29, 0x13, 0x19, 0x29, 0x13, 0x19, 0x29, 0x13, 0x19, 0x29, 0x13, 0x19, 0x29, 
        0x13, 0x19, 0x29, 0x13, 0x19, 0x29, 0x13, 0x19, 0x29, 0x13, 0x19, 0x29, 0x13, 0x19, 0x29, 0x13, 0x19, 0x29, 0x13, 0x19, 0x29, 0x13, 0x19, 0x29, 0x13, 0x19, 0x29, 0x13, 0x19, 0x29, 0x13, 0x19, 0x29, 0x13, 0x19, 0x29, 0x13, 0x19, 0x29, 
        0x13, 0x19, 0x29, 0x13, 0x19, 0x29, 0x13, 0x19, 0x29, 0x13, 0x19, 0x29, 0x13, 0x19, 0x29, 0x13, 0x19, 0x29, 0x13, 0x19, 0x29, 0x13, 0x19, 0x29, 0x13, 0x19, 0x29, 0x13, 0x19, 0x29, 0x13, 0x19, 0x29, 0x13, 0x19, 0x29, 0x13, 0x19, 0x29, 
        0x13, 0x19, 0x29, 0x13, 0x19, 0x29, 0x13, 0x19, 0x29, 0x13, 0x19, 0x29,
  0x13, 0x19, 0x29, 0x13, 0x19, 0x29, 0x13, 0x19, 0x29, 0x13, 0x19, 0x29, 0x13, 0x19, 0x29, 0x13, 0x19, 0x29, 0x13, 0x19, 0x29, 0x13, 0x19, 0x29, 0x13, 0x19, 0x29, 0x13, 0x19, 0x29, 0x13, 0x19, 0x29, 0x13, 0x19, 0x29, 0x13, 0x19, 0x29, 0x13, 0x19, 0x29, 
        0x13, 0x19, 0x29, 0x13, 0x19, 0x29, 0x13, 0x19, 0x29, 0x13, 0x19, 0x29, 0x13, 0x19, 0x29, 0x13, 0x19, 0x29, 0x13, 0x19, 0x29, 0x13, 0x19, 0x29, 0x13, 0x19, 0x29, 0x13, 0x19, 0x29, 0x13, 0x19, 0x29, 0x13, 0x19, 0x29, 0x13, 0x19, 0x29, 
        0x13, 0x19, 0x29, 0x13, 0x19, 0x29, 0x13, 0x19, 0x29, 0x13, 0x19, 0x29, 0x13, 0x19, 0x29, 0x13, 0x19, 0x29, 0x13, 0x19, 0x29, 0x13, 0x19, 0x29, 0x13, 0x19, 0x29, 0x13, 0x19, 0x29, 0x13, 0x19, 0x29, 0x13, 0x19, 0x29, 0x13, 0x19, 0x29, 
        0x13, 0x19, 0x29, 0x13, 0x19, 0x29, 0x13, 0x19, 0x29, 0x13, 0x19, 0x29, 0x13, 0x19, 0x29, 0x13, 0x19, 0x29, 0x13, 0x19, 0x29, 0x13, 0x19, 0x29, 0x13, 0x19, 0x29, 0x13, 0x19, 0x29, 0x13, 0x19, 0x29, 0x13, 0x19, 0x29, 0x13, 0x19, 0x29, 
        0x13, 0x19, 0x29, 0x13, 0x19, 0x29, 0x13, 0x19, 0x29, 0x13, 0x19, 0x29, 0x13, 0x19, 0x29, 0x13, 0x19, 0x29, 0x13, 0x19, 0x29, 0x13, 0x19, 0x29, 0x13, 0x19, 0x29, 0x13, 0x19, 0x29, 0x13, 0x19, 0x29, 0x13, 0x19, 0x29, 0x13, 0x19, 0x29, 
        0x13, 0x19, 0x29, 0x13, 0x19, 0x29, 0x13, 0x19, 0x29, 0x13, 0x19, 0x29, 0x13, 0x19, 0x29, 0x13, 0x19, 0x29, 0x13, 0x19, 0x29, 0x13, 0x19, 0x29, 0x13, 0x19, 0x29, 0x13, 0x19, 0x29, 0x13, 0x19, 0x29, 0x13, 0x19, 0x29, 0x13, 0x19, 0x29, 
        0x13, 0x19, 0x29, 0x13, 0x19, 0x29, 0x13, 0x19, 0x29, 0x13, 0x19, 0x29, 0x13, 0x19, 0x29, 0x13, 0x19, 0x29, 0x13, 0x19, 0x29, 0x13, 0x19, 0x29, 0x13, 0x19, 0x29, 0x13, 0x19, 0x29, 0x13, 0x19, 0x29, 0x13, 0x19, 0x29, 0x13, 0x19, 0x29, 
        0x13, 0x19, 0x29, 0x13, 0x19, 0x29, 0x13, 0x19, 0x29, 0x13, 0x19, 0x29, 0x13, 0x19, 0x29, 0x13, 0x19, 0x29, 0x13, 0x19, 0x29, 0x13, 0x19, 0x29, 0x13, 0x19, 0x29, 0x13, 0x19, 0x29, 0x13, 0x19, 0x29, 0x13, 0x19, 0x29, 0x13, 0x19, 0x29, 
        0x13, 0x19, 0x29, 0x13, 0x19, 0x29, 0x13, 0x19, 0x29, 0x13, 0x19, 0x29, 0x13, 0x19, 0x29, 0x13, 0x19, 0x29, 0x13, 0x19, 0x29, 0x13, 0x19, 0x29, 0x13, 0x19, 0x29, 0x13, 0x19, 0x29, 0x13, 0x19, 0x29, 0x13, 0x19, 0x29, 0x13, 0x19, 0x29, 
        0x13, 0x19, 0x29, 0x13, 0x19, 0x29, 0x13, 0x19, 0x29, 0x13, 0x19, 0x29, 0x13, 0x19, 0x29, 0x13, 0x19, 0x29, 0x13, 0x19, 0x29, 0x13, 0x19, 0x29, 0x13, 0x19, 0x29, 0x13, 0x19, 0x29, 0x13, 0x19, 0x29, 0x13, 0x19, 0x29, 0x13, 0x19, 0x29, 
        0x13, 0x19, 0x29, 0x13, 0x19, 0x29, 0x13, 0x19, 0x29, 0x13, 0x19, 0x29, 0x13, 0x19, 0x29, 0x13, 0x19, 0x29, 0x13, 0x19, 0x29, 0x13, 0x19, 0x29, 0x13, 0x19, 0x29, 0x13, 0x19, 0x29, 0x13, 0x19, 0x29, 0x13, 0x19, 0x29, 0x13, 0x19, 0x29, 
        0x13, 0x19, 0x29, 0x13, 0x19, 0x29, 0x13, 0x19, 0x29, 0x13, 0x19, 0x29, 0x13, 0x19, 0x29, 0x13, 0x19, 0x29, 0x13, 0x19, 0x29, 0x13, 0x19, 0x29, 0x13, 0x19, 0x29, 0x13, 0x19, 0x29, 0x13, 0x19, 0x29, 0x13, 0x19, 0x29, 0x13, 0x19, 0x29, 
        0x13, 0x19, 0x29, 0x13, 0x19, 0x29, 0x13, 0x19, 0x29, 0x13, 0x19, 0x29, 0x13, 0x19, 0x29, 0x13, 0x19, 0x29, 0x13, 0x19, 0x29, 0x13, 0x19, 0x29, 0x13, 0x19, 0x29, 0x13, 0x19, 0x29, 0x13, 0x19, 0x29, 0x13, 0x19, 0x29, 0x13, 0x19, 0x29, 
        0x13, 0x19, 0x29, 0x13, 0x19, 0x29, 0x13, 0x19, 0x29, 0x13, 0x19, 0x29, 0x13, 0x19, 0x29, 0x13, 0x19, 0x29, 0x13, 0x19, 0x29, 0x13, 0x19, 0x29, 0x13, 0x19, 0x29, 0x13, 0x19, 0x29, 0x13, 0x19, 0x29, 0x13, 0x19, 0x29, 0x13, 0x19, 0x29, 
        0x13, 0x19, 0x29, 0x13, 0x19, 0x29, 0x13, 0x19, 0x29, 0x13, 0x19, 0x29, 0x13, 0x19, 0x29, 0x13, 0x19, 0x29, 0x13, 0x19, 0x29, 0x13, 0x19, 0x29, 0x13, 0x19, 0x29, 0x13, 0x19, 0x29, 0x13, 0x19, 0x29, 0x13, 0x19, 0x29, 0x13, 0x19, 0x29, 
        0x13, 0x19, 0x29, 0x13, 0x19, 0x29, 0x13, 0x19, 0x29, 0x13, 0x19, 0x29,
  0x13, 0x19, 0x29, 0x13, 0x19, 0x29, 0x13, 0x19, 0x29, 0x13, 0x19, 0x29, 0x13, 0x19, 0x29, 0x13, 0x19, 0x29, 0x13, 0x19, 0x29, 0x13, 0x19, 0x29, 0x13, 0x19, 0x29, 0x13, 0x19, 0x29, 0x13, 0x19, 0x29, 0x13, 0x19, 0x29, 0x13, 0x19, 0x29, 0x13, 0x19, 0x29, 
        0x13, 0x19, 0x29, 0x13, 0x19, 0x29, 0x13, 0x19, 0x29, 0x13, 0x19, 0x29, 0x13, 0x19, 0x29, 0x13, 0x19, 0x29, 0x13, 0x19, 0x29, 0x13, 0x19, 0x29, 0x13, 0x19, 0x29, 0x13, 0x19, 0x29, 0x13, 0x19, 0x29, 0x13, 0x19, 0x29, 0x13, 0x19, 0x29, 
        0x13, 0x19, 0x29, 0x13, 0x19, 0x29, 0x13, 0x19, 0x29, 0x13, 0x19, 0x29, 0x13, 0x19, 0x29, 0x13, 0x19, 0x29, 0x13, 0x19, 0x29, 0x13, 0x19, 0x29, 0x13, 0x19, 0x29, 0x13, 0x19, 0x29, 0x13, 0x19, 0x29, 0x13, 0x19, 0x29, 0x13, 0x19, 0x29, 
        0x13, 0x19, 0x29, 0x13, 0x19, 0x29, 0x13, 0x19, 0x29, 0x13, 0x19, 0x29, 0x13, 0x19, 0x29, 0x13, 0x19, 0x29, 0x13, 0x19, 0x29, 0x13, 0x19, 0x29, 0x13, 0x19, 0x29, 0x13, 0x19, 0x29, 0x13, 0x19, 0x29, 0x13, 0x19, 0x29, 0x13, 0x19, 0x29, 
        0x13, 0x19, 0x29, 0x13, 0x19, 0x29, 0x13, 0x19, 0x29, 0x13, 0x19, 0x29, 0x13, 0x19, 0x29, 0x13, 0x19, 0x29, 0x13, 0x19, 0x29, 0x13, 0x19, 0x29, 0x13, 0x19, 0x29, 0x13, 0x19, 0x29, 0x13, 0x19, 0x29, 0x13, 0x19, 0x29, 0x13, 0x19, 0x29, 
        0x13, 0x19, 0x29, 0x13, 0x19, 0x29, 0x13, 0x19, 0x29, 0x13, 0x19, 0x29, 0x13, 0x19, 0x29, 0x13, 0x19, 0x29, 0x13, 0x19, 0x29, 0x13, 0x19, 0x29, 0x13, 0x19, 0x29, 0x13, 0x19, 0x29, 0x13, 0x19, 0x29, 0x13, 0x19, 0x29, 0x13, 0x19, 0x29, 
        0x13, 0x19, 0x29, 0x13, 0x19, 0x29, 0x13, 0x19, 0x29, 0x13, 0x19, 0x29, 0x13, 0x19, 0x29, 0x13, 0x19, 0x29, 0x13, 0x19, 0x29, 0x13, 0x19, 0x29, 0x13, 0x19, 0x29, 0x13, 0x19, 0x29, 0x13, 0x19, 0x29, 0x13, 0x19, 0x29, 0x13, 0x19, 0x29, 
        0x13, 0x19, 0x29, 0x13, 0x19, 0x29, 0x13, 0x19, 0x29, 0x13, 0x19, 0x29, 0x13, 0x19, 0x29, 0x13, 0x19, 0x29, 0x13, 0x19, 0x29, 0x13, 0x19, 0x29, 0x13, 0x19, 0x29, 0x13, 0x19, 0x29, 0x13, 0x19, 0x29, 0x13, 0x19, 0x29, 0x13, 0x19, 0x29, 
        0x13, 0x19, 0x29, 0x13, 0x19, 0x29, 0x13, 0x19, 0x29, 0x13, 0x19, 0x29, 0x13, 0x19, 0x29, 0x13, 0x19, 0x29, 0x13, 0x19, 0x29, 0x13, 0x19, 0x29, 0x13, 0x19, 0x29, 0x13, 0x19, 0x29, 0x13, 0x19, 0x29, 0x13, 0x19, 0x29, 0x13, 0x19, 0x29, 
        0x13, 0x19, 0x29, 0x13, 0x19, 0x29, 0x13, 0x19, 0x29, 0x13, 0x19, 0x29, 0x13, 0x19, 0x29, 0x13, 0x19, 0x29, 0x13, 0x19, 0x29, 0x13, 0x19, 0x29, 0x13, 0x19, 0x29, 0x13, 0x19, 0x29, 0x13, 0x19, 0x29, 0x13, 0x19, 0x29, 0x13, 0x19, 0x29, 
        0x13, 0x19, 0x29, 0x13, 0x19, 0x29, 0x13, 0x19, 0x29, 0x13, 0x19, 0x29, 0x13, 0x19, 0x29, 0x13, 0x19, 0x29, 0x13, 0x19, 0x29, 0x13, 0x19, 0x29, 0x13, 0x19, 0x29, 0x13, 0x19, 0x29, 0x13, 0x19, 0x29, 0x13, 0x19, 0x29, 0x13, 0x19, 0x29, 
        0x13, 0x19, 0x29, 0x13, 0x19, 0x29, 0x13, 0x19, 0x29, 0x13, 0x19, 0x29, 0x13, 0x19, 0x29, 0x13, 0x19, 0x29, 0x13, 0x19, 0x29, 0x13, 0x19, 0x29, 0x13, 0x19, 0x29, 0x13, 0x19, 0x29, 0x13, 0x19, 0x29, 0x13, 0x19, 0x29, 0x13, 0x19, 0x29, 
        0x13, 0x19, 0x29, 0x13, 0x19, 0x29, 0x13, 0x19, 0x29, 0x13, 0x19, 0x29, 0x13, 0x19, 0x29, 0x13, 0x19, 0x29, 0x13, 0x19, 0x29, 0x13, 0x19, 0x29, 0x13, 0x19, 0x29, 0x13, 0x19, 0x29, 0x13, 0x19, 0x29, 0x13, 0x19, 0x29, 0x13, 0x19, 0x29, 
        0x13, 0x19, 0x29, 0x13, 0x19, 0x29, 0x13, 0x19, 0x29, 0x13, 0x19, 0x29, 0x13, 0x19, 0x29, 0x13, 0x19, 0x29, 0x13, 0x19, 0x29, 0x13, 0x19, 0x29, 0x13, 0x19, 0x29, 0x13, 0x19, 0x29, 0x13, 0x19, 0x29, 0x13, 0x19, 0x29, 0x13, 0x19, 0x29, 
        0x13, 0x19, 0x29, 0x13, 0x19, 0x29, 0x13, 0x19, 0x29, 0x13, 0x19, 0x29, 0x13, 0x19, 0x29, 0x13, 0x19, 0x29, 0x13, 0x19, 0x29, 0x13, 0x19, 0x29, 0x13, 0x19, 0x29, 0x13, 0x19, 0x29, 0x13, 0x19, 0x29, 0x13, 0x19, 0x29, 0x13, 0x19, 0x29, 
        0x13, 0x19, 0x29, 0x13, 0x19, 0x29, 0x13, 0x19, 0x29, 0x13, 0x19, 0x29,
  0x13, 0x19, 0x29, 0x13, 0x19, 0x29, 0x13, 0x19, 0x29, 0x13, 0x19, 0x29, 0x13, 0x19, 0x29, 0x13, 0x19, 0x29, 0x13, 0x19, 0x29, 0x13, 0x19, 0x29, 0x13, 0x19, 0x29, 0x13, 0x19, 0x29, 0x13, 0x19, 0x29, 0x13, 0x19, 0x29, 0x13, 0x19, 0x29, 0x13, 0x19, 0x29, 
        0x13, 0x19, 0x29, 0x13, 0x19, 0x29, 0x13, 0x19, 0x29, 0x13, 0x19, 0x29, 0x13, 0x19, 0x29, 0x13, 0x19, 0x29, 0x13, 0x19, 0x29, 0x13, 0x19, 0x29, 0x13, 0x19, 0x29, 0x13, 0x19, 0x29, 0x13, 0x19, 0x29, 0x13, 0x19, 0x29, 0x13, 0x19, 0x29, 
        0x13, 0x19, 0x29, 0x13, 0x19, 0x29, 0x13, 0x19, 0x29, 0x13, 0x19, 0x29, 0x13, 0x19, 0x29, 0x13, 0x19, 0x29, 0x13, 0x19, 0x29, 0x13, 0x19, 0x29, 0x13, 0x19, 0x29, 0x13, 0x19, 0x29, 0x13, 0x19, 0x29, 0x13, 0x19, 0x29, 0x13, 0x19, 0x29, 
        0x13, 0x19, 0x29, 0x13, 0x19, 0x29, 0x13, 0x19, 0x29, 0x13, 0x19, 0x29, 0x13, 0x19, 0x29, 0x13, 0x19, 0x29, 0x13, 0x19, 0x29, 0x13, 0x19, 0x29, 0x13, 0x19, 0x29, 0x13, 0x19, 0x29, 0x13, 0x19, 0x29, 0x13, 0x19, 0x29, 0x13, 0x19, 0x29, 
        0x13, 0x19, 0x29, 0x13, 0x19, 0x29, 0x13, 0x19, 0x29, 0x13, 0x19, 0x29, 0x13, 0x19, 0x29, 0x13, 0x19, 0x29, 0x13, 0x19, 0x29, 0x13, 0x19, 0x29, 0x13, 0x19, 0x29, 0x13, 0x19, 0x29, 0x13, 0x19, 0x29, 0x13, 0x19, 0x29, 0x13, 0x19, 0x29, 
        0x13, 0x19, 0x29, 0x13, 0x19, 0x29, 0x13, 0x19, 0x29, 0x13, 0x19, 0x29, 0x13, 0x19, 0x29, 0x13, 0x19, 0x29, 0x13, 0x19, 0x29, 0x13, 0x19, 0x29, 0x13, 0x19, 0x29, 0x13, 0x19, 0x29, 0x13, 0x19, 0x29, 0x13, 0x19, 0x29, 0x13, 0x19, 0x29, 
        0x13, 0x19, 0x29, 0x13, 0x19, 0x29, 0x13, 0x19, 0x29, 0x13, 0x19, 0x29, 0x13, 0x19, 0x29, 0x13, 0x19, 0x29, 0x13, 0x19, 0x29, 0x13, 0x19, 0x29, 0x13, 0x19, 0x29, 0x13, 0x19, 0x29, 0x13, 0x19, 0x29, 0x13, 0x19, 0x29, 0x13, 0x19, 0x29, 
        0x13, 0x19, 0x29, 0x13, 0x19, 0x29, 0x13, 0x19, 0x29, 0x13, 0x19, 0x29, 0x13, 0x19, 0x29, 0x13, 0x19, 0x29, 0x13, 0x19, 0x29, 0x13, 0x19, 0x29, 0x13, 0x19, 0x29, 0x13, 0x19, 0x29, 0x13, 0x19, 0x29, 0x13, 0x19, 0x29, 0x13, 0x19, 0x29, 
        0x13, 0x19, 0x29, 0x13, 0x19, 0x29, 0x13, 0x19, 0x29, 0x13, 0x19, 0x29, 0x13, 0x19, 0x29, 0x13, 0x19, 0x29, 0x13, 0x19, 0x29, 0x13, 0x19, 0x29, 0x13, 0x19, 0x29, 0x13, 0x19, 0x29, 0x13, 0x19, 0x29, 0x13, 0x19, 0x29, 0x13, 0x19, 0x29, 
        0x13, 0x19, 0x29, 0x13, 0x19, 0x29, 0x13, 0x19, 0x29, 0x13, 0x19, 0x29, 0x13, 0x19, 0x29, 0x13, 0x19, 0x29, 0x13, 0x19, 0x29, 0x13, 0x19, 0x29, 0x13, 0x19, 0x29, 0x13, 0x19, 0x29, 0x13, 0x19, 0x29, 0x13, 0x19, 0x29, 0x13, 0x19, 0x29, 
        0x13, 0x19, 0x29, 0x13, 0x19, 0x29, 0x13, 0x19, 0x29, 0x13, 0x19, 0x29, 0x13, 0x19, 0x29, 0x13, 0x19, 0x29, 0x13, 0x19, 0x29, 0x13, 0x19, 0x29, 0x13, 0x19, 0x29, 0x13, 0x19, 0x29, 0x13, 0x19, 0x29, 0x13, 0x19, 0x29, 0x13, 0x19, 0x29, 
        0x13, 0x19, 0x29, 0x13, 0x19, 0x29, 0x13, 0x19, 0x29, 0x13, 0x19, 0x29, 0x13, 0x19, 0x29, 0x13, 0x19, 0x29, 0x13, 0x19, 0x29, 0x13, 0x19, 0x29, 0x13, 0x19, 0x29, 0x13, 0x19, 0x29, 0x13, 0x19, 0x29, 0x13, 0x19, 0x29, 0x13, 0x19, 0x29, 
        0x13, 0x19, 0x29, 0x13, 0x19, 0x29, 0x13, 0x19, 0x29, 0x13, 0x19, 0x29, 0x13, 0x19, 0x29, 0x13, 0x19, 0x29, 0x13, 0x19, 0x29, 0x13, 0x19, 0x29, 0x13, 0x19, 0x29, 0x13, 0x19, 0x29, 0x13, 0x19, 0x29, 0x13, 0x19, 0x29, 0x13, 0x19, 0x29, 
        0x13, 0x19, 0x29, 0x13, 0x19, 0x29, 0x13, 0x19, 0x29, 0x13, 0x19, 0x29, 0x13, 0x19, 0x29, 0x13, 0x19, 0x29, 0x13, 0x19, 0x29, 0x13, 0x19, 0x29, 0x13, 0x19, 0x29, 0x13, 0x19, 0x29, 0x13, 0x19, 0x29, 0x13, 0x19, 0x29, 0x13, 0x19, 0x29, 
        0x13, 0x19, 0x29, 0x13, 0x19, 0x29, 0x13, 0x19, 0x29, 0x13, 0x19, 0x29, 0x13, 0x19, 0x29, 0x13, 0x19, 0x29, 0x13, 0x19, 0x29, 0x13, 0x19, 0x29, 0x13, 0x19, 0x29, 0x13, 0x19, 0x29, 0x13, 0x19, 0x29, 0x13, 0x19, 0x29, 0x13, 0x19, 0x29, 
        0x13, 0x19, 0x29, 0x13, 0x19, 0x29, 0x13, 0x19, 0x29, 0x13, 0x19, 0x29,
  0x13, 0x19, 0x29, 0x13, 0x19, 0x29, 0x13, 0x19, 0x29, 0x13, 0x19, 0x29, 0x13, 0x19, 0x29, 0x13, 0x19, 0x29, 0x13, 0x19, 0x29, 0x13, 0x19, 0x29, 0x13, 0x19, 0x29, 0x13, 0x19, 0x29, 0x13, 0x19, 0x29, 0x13, 0x19, 0x29, 0x13, 0x19, 0x29, 0x13, 0x19, 0x29, 
        0x13, 0x19, 0x29, 0x13, 0x19, 0x29, 0x13, 0x19, 0x29, 0x13, 0x19, 0x29, 0x13, 0x19, 0x29, 0x13, 0x19, 0x29, 0x13, 0x19, 0x29, 0x13, 0x19, 0x29, 0x13, 0x19, 0x29, 0x13, 0x19, 0x29, 0x13, 0x19, 0x29, 0x13, 0x19, 0x29, 0x13, 0x19, 0x29, 
        0x13, 0x19, 0x29, 0x13, 0x19, 0x29, 0x13, 0x19, 0x29, 0x13, 0x19, 0x29, 0x13, 0x19, 0x29, 0x13, 0x19, 0x29, 0x13, 0x19, 0x29, 0x13, 0x19, 0x29, 0x13, 0x19, 0x29, 0x13, 0x19, 0x29, 0x13, 0x19, 0x29, 0x13, 0x19, 0x29, 0x13, 0x19, 0x29, 
        0x13, 0x19, 0x29, 0x13, 0x19, 0x29, 0x13, 0x19, 0x29, 0x13, 0x19, 0x29, 0x13, 0x19, 0x29, 0x13, 0x19, 0x29, 0x13, 0x19, 0x29, 0x13, 0x19, 0x29, 0x13, 0x19, 0x29, 0x13, 0x19, 0x29, 0x13, 0x19, 0x29, 0x13, 0x19, 0x29, 0x13, 0x19, 0x29, 
        0x13, 0x19, 0x29, 0x13, 0x19, 0x29, 0x13, 0x19, 0x29, 0x13, 0x19, 0x29, 0x13, 0x19, 0x29, 0x13, 0x19, 0x29, 0x13, 0x19, 0x29, 0x13, 0x19, 0x29, 0x13, 0x19, 0x29, 0x13, 0x19, 0x29, 0x13, 0x19, 0x29, 0x13, 0x19, 0x29, 0x13, 0x19, 0x29, 
        0x13, 0x19, 0x29, 0x13, 0x19, 0x29, 0x13, 0x19, 0x29, 0x13, 0x19, 0x29, 0x13, 0x19, 0x29, 0x13, 0x19, 0x29, 0x13, 0x19, 0x29, 0x13, 0x19, 0x29, 0x13, 0x19, 0x29, 0x13, 0x19, 0x29, 0x13, 0x19, 0x29, 0x13, 0x19, 0x29, 0x13, 0x19, 0x29, 
        0x13, 0x19, 0x29, 0x13, 0x19, 0x29, 0x13, 0x19, 0x29, 0x13, 0x19, 0x29, 0x13, 0x19, 0x29, 0x13, 0x19, 0x29, 0x13, 0x19, 0x29, 0x13, 0x19, 0x29, 0x13, 0x19, 0x29, 0x13, 0x19, 0x29, 0x13, 0x19, 0x29, 0x13, 0x19, 0x29, 0x13, 0x19, 0x29, 
        0x13, 0x19, 0x29, 0x13, 0x19, 0x29, 0x13, 0x19, 0x29, 0x13, 0x19, 0x29, 0x13, 0x19, 0x29, 0x13, 0x19, 0x29, 0x13, 0x19, 0x29, 0x13, 0x19, 0x29, 0x13, 0x19, 0x29, 0x13, 0x19, 0x29, 0x13, 0x19, 0x29, 0x13, 0x19, 0x29, 0x13, 0x19, 0x29, 
        0x13, 0x19, 0x29, 0x13, 0x19, 0x29, 0x13, 0x19, 0x29, 0x13, 0x19, 0x29, 0x13, 0x19, 0x29, 0x13, 0x19, 0x29, 0x13, 0x19, 0x29, 0x13, 0x19, 0x29, 0x13, 0x19, 0x29, 0x13, 0x19, 0x29, 0x13, 0x19, 0x29, 0x13, 0x19, 0x29, 0x13, 0x19, 0x29, 
        0x13, 0x19, 0x29, 0x13, 0x19, 0x29, 0x13, 0x19, 0x29, 0x13, 0x19, 0x29, 0x13, 0x19, 0x29, 0x13, 0x19, 0x29, 0x13, 0x19, 0x29, 0x13, 0x19, 0x29, 0x13, 0x19, 0x29, 0x13, 0x19, 0x29, 0x13, 0x19, 0x29, 0x13, 0x19, 0x29, 0x13, 0x19, 0x29, 
        0x13, 0x19, 0x29, 0x13, 0x19, 0x29, 0x13, 0x19, 0x29, 0x13, 0x19, 0x29, 0x13, 0x19, 0x29, 0x13, 0x19, 0x29, 0x13, 0x19, 0x29, 0x13, 0x19, 0x29, 0x13, 0x19, 0x29, 0x13, 0x19, 0x29, 0x13, 0x19, 0x29, 0x13, 0x19, 0x29, 0x13, 0x19, 0x29, 
        0x13, 0x19, 0x29, 0x13, 0x19, 0x29, 0x13, 0x19, 0x29, 0x13, 0x19, 0x29, 0x13, 0x19, 0x29, 0x13, 0x19, 0x29, 0x13, 0x19, 0x29, 0x13, 0x19, 0x29, 0x13, 0x19, 0x29, 0x13, 0x19, 0x29, 0x13, 0x19, 0x29, 0x13, 0x19, 0x29, 0x13, 0x19, 0x29, 
        0x13, 0x19, 0x29, 0x13, 0x19, 0x29, 0x13, 0x19, 0x29, 0x13, 0x19, 0x29, 0x13, 0x19, 0x29, 0x13, 0x19, 0x29, 0x13, 0x19, 0x29, 0x13, 0x19, 0x29, 0x13, 0x19, 0x29, 0x13, 0x19, 0x29, 0x13, 0x19, 0x29, 0x13, 0x19, 0x29, 0x13, 0x19, 0x29, 
        0x13, 0x19, 0x29, 0x13, 0x19, 0x29, 0x13, 0x19, 0x29, 0x13, 0x19, 0x29, 0x13, 0x19, 0x29, 0x13, 0x19, 0x29, 0x13, 0x19, 0x29, 0x13, 0x19, 0x29, 0x13, 0x19, 0x29, 0x13, 0x19, 0x29, 0x13, 0x19, 0x29, 0x13, 0x19, 0x29, 0x13, 0x19, 0x29, 
        0x13, 0x19, 0x29, 0x13, 0x19, 0x29, 0x13, 0x19, 0x29, 0x13, 0x19, 0x29, 0x13, 0x19, 0x29, 0x13, 0x19, 0x29, 0x13, 0x19, 0x29, 0x13, 0x19, 0x29, 0x13, 0x19, 0x29, 0x13, 0x19, 0x29, 0x13, 0x19, 0x29, 0x13, 0x19, 0x29, 0x13, 0x19, 0x29, 
        0x13, 0x19, 0x29, 0x13, 0x19, 0x29, 0x13, 0x19, 0x29, 0x13, 0x19, 0x29,
  0x13, 0x19, 0x29, 0x13, 0x19, 0x29, 0x13, 0x19, 0x29, 0x13, 0x19, 0x29, 0x13, 0x19, 0x29, 0x13, 0x19, 0x29, 0x13, 0x19, 0x29, 0x13, 0x19, 0x29, 0x13, 0x19, 0x29, 0x13, 0x19, 0x29, 0x13, 0x19, 0x29, 0x13, 0x19, 0x29, 0x13, 0x19, 0x29, 0x13, 0x19, 0x29, 
        0x13, 0x19, 0x29, 0x13, 0x19, 0x29, 0x13, 0x19, 0x29, 0x13, 0x19, 0x29, 0x13, 0x19, 0x29, 0x13, 0x19, 0x29, 0x13, 0x19, 0x29, 0x13, 0x19, 0x29, 0x13, 0x19, 0x29, 0x13, 0x19, 0x29, 0x13, 0x19, 0x29, 0x13, 0x19, 0x29, 0x13, 0x19, 0x29, 
        0x13, 0x19, 0x29, 0x13, 0x19, 0x29, 0x13, 0x19, 0x29, 0x13, 0x19, 0x29, 0x13, 0x19, 0x29, 0x13, 0x19, 0x29, 0x13, 0x19, 0x29, 0x13, 0x19, 0x29, 0x13, 0x19, 0x29, 0x13, 0x19, 0x29, 0x13, 0x19, 0x29, 0x13, 0x19, 0x29, 0x13, 0x19, 0x29, 
        0x13, 0x19, 0x29, 0x13, 0x19, 0x29, 0x13, 0x19, 0x29, 0x13, 0x19, 0x29, 0x13, 0x19, 0x29, 0x13, 0x19, 0x29, 0x13, 0x19, 0x29, 0x13, 0x19, 0x29, 0x13, 0x19, 0x29, 0x13, 0x19, 0x29, 0x13, 0x19, 0x29, 0x13, 0x19, 0x29, 0x13, 0x19, 0x29, 
        0x13, 0x19, 0x29, 0x13, 0x19, 0x29, 0x13, 0x19, 0x29, 0x13, 0x19, 0x29, 0x13, 0x19, 0x29, 0x13, 0x19, 0x29, 0x13, 0x19, 0x29, 0x13, 0x19, 0x29, 0x13, 0x19, 0x29, 0x13, 0x19, 0x29, 0x13, 0x19, 0x29, 0x13, 0x19, 0x29, 0x13, 0x19, 0x29, 
        0x13, 0x19, 0x29, 0x13, 0x19, 0x29, 0x13, 0x19, 0x29, 0x13, 0x19, 0x29, 0x13, 0x19, 0x29, 0x13, 0x19, 0x29, 0x13, 0x19, 0x29, 0x13, 0x19, 0x29, 0x13, 0x19, 0x29, 0x13, 0x19, 0x29, 0x13, 0x19, 0x29, 0x13, 0x19, 0x29, 0x13, 0x19, 0x29, 
        0x13, 0x19, 0x29, 0x13, 0x19, 0x29, 0x13, 0x19, 0x29, 0x13, 0x19, 0x29, 0x13, 0x19, 0x29, 0x13, 0x19, 0x29, 0x13, 0x19, 0x29, 0x13, 0x19, 0x29, 0x13, 0x19, 0x29, 0x13, 0x19, 0x29, 0x13, 0x19, 0x29, 0x13, 0x19, 0x29, 0x13, 0x19, 0x29, 
        0x13, 0x19, 0x29, 0x13, 0x19, 0x29, 0x13, 0x19, 0x29, 0x13, 0x19, 0x29, 0x13, 0x19, 0x29, 0x13, 0x19, 0x29, 0x13, 0x19, 0x29, 0x13, 0x19, 0x29, 0x13, 0x19, 0x29, 0x13, 0x19, 0x29, 0x13, 0x19, 0x29, 0x13, 0x19, 0x29, 0x13, 0x19, 0x29, 
        0x13, 0x19, 0x29, 0x13, 0x19, 0x29, 0x13, 0x19, 0x29, 0x13, 0x19, 0x29, 0x13, 0x19, 0x29, 0x13, 0x19, 0x29, 0x13, 0x19, 0x29, 0x13, 0x19, 0x29, 0x13, 0x19, 0x29, 0x13, 0x19, 0x29, 0x13, 0x19, 0x29, 0x13, 0x19, 0x29, 0x13, 0x19, 0x29, 
        0x13, 0x19, 0x29, 0x13, 0x19, 0x29, 0x13, 0x19, 0x29, 0x13, 0x19, 0x29, 0x13, 0x19, 0x29, 0x13, 0x19, 0x29, 0x13, 0x19, 0x29, 0x13, 0x19, 0x29, 0x13, 0x19, 0x29, 0x13, 0x19, 0x29, 0x13, 0x19, 0x29, 0x13, 0x19, 0x29, 0x13, 0x19, 0x29, 
        0x13, 0x19, 0x29, 0x13, 0x19, 0x29, 0x13, 0x19, 0x29, 0x13, 0x19, 0x29, 0x13, 0x19, 0x29, 0x13, 0x19, 0x29, 0x13, 0x19, 0x29, 0x13, 0x19, 0x29, 0x13, 0x19, 0x29, 0x13, 0x19, 0x29, 0x13, 0x19, 0x29, 0x13, 0x19, 0x29, 0x13, 0x19, 0x29, 
        0x13, 0x19, 0x29, 0x13, 0x19, 0x29, 0x13, 0x19, 0x29, 0x13, 0x19, 0x29, 0x13, 0x19, 0x29, 0x13, 0x19, 0x29, 0x13, 0x19, 0x29, 0x13, 0x19, 0x29, 0x13, 0x19, 0x29, 0x13, 0x19, 0x29, 0x13, 0x19, 0x29, 0x13, 0x19, 0x29, 0x13, 0x19, 0x29, 
        0x13, 0x19, 0x29, 0x13, 0x19, 0x29, 0x13, 0x19, 0x29, 0x13, 0x19, 0x29, 0x13, 0x19, 0x29, 0x13, 0x19, 0x29, 0x13, 0x19, 0x29, 0x13, 0x19, 0x29, 0x13, 0x19, 0x29, 0x13, 0x19, 0x29, 0x13, 0x19, 0x29, 0x13, 0x19, 0x29, 0x13, 0x19, 0x29, 
        0x13, 0x19, 0x29, 0x13, 0x19, 0x29, 0x13, 0x19, 0x29, 0x13, 0x19, 0x29, 0x13, 0x19, 0x29, 0x13, 0x19, 0x29, 0x13, 0x19, 0x29, 0x13, 0x19, 0x29, 0x13, 0x19, 0x29, 0x13, 0x19, 0x29, 0x13, 0x19, 0x29, 0x13, 0x19, 0x29, 0x13, 0x19, 0x29, 
        0x13, 0x19, 0x29, 0x13, 0x19, 0x29, 0x13, 0x19, 0x29, 0x13, 0x19, 0x29, 0x13, 0x19, 0x29, 0x13, 0x19, 0x29, 0x13, 0x19, 0x29, 0x13, 0x19, 0x29, 0x13, 0x19, 0x29, 0x13, 0x19, 0x29, 0x13, 0x19, 0x29, 0x13, 0x19, 0x29, 0x13, 0x19, 0x29, 
        0x13, 0x19, 0x29, 0x13, 0x19, 0x29, 0x13, 0x19, 0x29, 0x13, 0x19, 0x29,
  0x13, 0x19, 0x29, 0x13, 0x19, 0x29, 0x13, 0x19, 0x29, 0x13, 0x19, 0x29, 0x13, 0x19, 0x29, 0x13, 0x19, 0x29, 0x13, 0x19, 0x29, 0x13, 0x19, 0x29, 0x13, 0x19, 0x29, 0x13, 0x19, 0x29, 0x13, 0x19, 0x29, 0x13, 0x19, 0x29, 0x13, 0x19, 0x29, 0x13, 0x19, 0x29, 
        0x13, 0x19, 0x29, 0x13, 0x19, 0x29, 0x13, 0x19, 0x29, 0x13, 0x19, 0x29, 0x13, 0x19, 0x29, 0x13, 0x19, 0x29, 0x13, 0x19, 0x29, 0x13, 0x19, 0x29, 0x13, 0x19, 0x29, 0x13, 0x19, 0x29, 0x13, 0x19, 0x29, 0x13, 0x19, 0x29, 0x13, 0x19, 0x29, 
        0x13, 0x19, 0x29, 0x13, 0x19, 0x29, 0x13, 0x19, 0x29, 0x13, 0x19, 0x29, 0x13, 0x19, 0x29, 0x13, 0x19, 0x29, 0x13, 0x19, 0x29, 0x13, 0x19, 0x29, 0x13, 0x19, 0x29, 0x13, 0x19, 0x29, 0x13, 0x19, 0x29, 0x13, 0x19, 0x29, 0x13, 0x19, 0x29, 
        0x13, 0x19, 0x29, 0x13, 0x19, 0x29, 0x13, 0x19, 0x29, 0x13, 0x19, 0x29, 0x13, 0x19, 0x29, 0x13, 0x19, 0x29, 0x13, 0x19, 0x29, 0x13, 0x19, 0x29, 0x13, 0x19, 0x29, 0x13, 0x19, 0x29, 0x13, 0x19, 0x29, 0x13, 0x19, 0x29, 0x13, 0x19, 0x29, 
        0x13, 0x19, 0x29, 0x13, 0x19, 0x29, 0x13, 0x19, 0x29, 0x13, 0x19, 0x29, 0x13, 0x19, 0x29, 0x13, 0x19, 0x29, 0x13, 0x19, 0x29, 0x13, 0x19, 0x29, 0x13, 0x19, 0x29, 0x13, 0x19, 0x29, 0x13, 0x19, 0x29, 0x13, 0x19, 0x29, 0x13, 0x19, 0x29, 
        0x13, 0x19, 0x29, 0x13, 0x19, 0x29, 0x13, 0x19, 0x29, 0x13, 0x19, 0x29, 0x13, 0x19, 0x29, 0x13, 0x19, 0x29, 0x13, 0x19, 0x29, 0x13, 0x19, 0x29, 0x13, 0x19, 0x29, 0x13, 0x19, 0x29, 0x13, 0x19, 0x29, 0x13, 0x19, 0x29, 0x13, 0x19, 0x29, 
        0x13, 0x19, 0x29, 0x13, 0x19, 0x29, 0x13, 0x19, 0x29, 0x13, 0x19, 0x29, 0x13, 0x19, 0x29, 0x13, 0x19, 0x29, 0x13, 0x19, 0x29, 0x13, 0x19, 0x29, 0x13, 0x19, 0x29, 0x13, 0x19, 0x29, 0x13, 0x19, 0x29, 0x13, 0x19, 0x29, 0x13, 0x19, 0x29, 
        0x13, 0x19, 0x29, 0x13, 0x19, 0x29, 0x13, 0x19, 0x29, 0x13, 0x19, 0x29, 0x13, 0x19, 0x29, 0x13, 0x19, 0x29, 0x13, 0x19, 0x29, 0x13, 0x19, 0x29, 0x13, 0x19, 0x29, 0x13, 0x19, 0x29, 0x13, 0x19, 0x29, 0x13, 0x19, 0x29, 0x13, 0x19, 0x29, 
        0x13, 0x19, 0x29, 0x13, 0x19, 0x29, 0x13, 0x19, 0x29, 0x13, 0x19, 0x29, 0x13, 0x19, 0x29, 0x13, 0x19, 0x29, 0x13, 0x19, 0x29, 0x13, 0x19, 0x29, 0x13, 0x19, 0x29, 0x13, 0x19, 0x29, 0x13, 0x19, 0x29, 0x13, 0x19, 0x29, 0x13, 0x19, 0x29, 
        0x13, 0x19, 0x29, 0x13, 0x19, 0x29, 0x13, 0x19, 0x29, 0x13, 0x19, 0x29, 0x13, 0x19, 0x29, 0x13, 0x19, 0x29, 0x13, 0x19, 0x29, 0x13, 0x19, 0x29, 0x13, 0x19, 0x29, 0x13, 0x19, 0x29, 0x13, 0x19, 0x29, 0x13, 0x19, 0x29, 0x13, 0x19, 0x29, 
        0x13, 0x19, 0x29, 0x13, 0x19, 0x29, 0x13, 0x19, 0x29, 0x13, 0x19, 0x29, 0x13, 0x19, 0x29, 0x13, 0x19, 0x29, 0x13, 0x19, 0x29, 0x13, 0x19, 0x29, 0x13, 0x19, 0x29, 0x13, 0x19, 0x29, 0x13, 0x19, 0x29, 0x13, 0x19, 0x29, 0x13, 0x19, 0x29, 
        0x13, 0x19, 0x29, 0x13, 0x19, 0x29, 0x13, 0x19, 0x29, 0x13, 0x19, 0x29, 0x13, 0x19, 0x29, 0x13, 0x19, 0x29, 0x13, 0x19, 0x29, 0x13, 0x19, 0x29, 0x13, 0x19, 0x29, 0x13, 0x19, 0x29, 0x13, 0x19, 0x29, 0x13, 0x19, 0x29, 0x13, 0x19, 0x29, 
        0x13, 0x19, 0x29, 0x13, 0x19, 0x29, 0x13, 0x19, 0x29, 0x13, 0x19, 0x29, 0x13, 0x19, 0x29, 0x13, 0x19, 0x29, 0x13, 0x19, 0x29, 0x13, 0x19, 0x29, 0x13, 0x19, 0x29, 0x13, 0x19, 0x29, 0x13, 0x19, 0x29, 0x13, 0x19, 0x29, 0x13, 0x19, 0x29, 
        0x13, 0x19, 0x29, 0x13, 0x19, 0x29, 0x13, 0x19, 0x29, 0x13, 0x19, 0x29, 0x13, 0x19, 0x29, 0x13, 0x19, 0x29, 0x13, 0x19, 0x29, 0x13, 0x19, 0x29, 0x13, 0x19, 0x29, 0x13, 0x19, 0x29, 0x13, 0x19, 0x29, 0x13, 0x19, 0x29, 0x13, 0x19, 0x29, 
        0x13, 0x19, 0x29, 0x13, 0x19, 0x29, 0x13, 0x19, 0x29, 0x13, 0x19, 0x29, 0x13, 0x19, 0x29, 0x13, 0x19, 0x29, 0x13, 0x19, 0x29, 0x13, 0x19, 0x29, 0x13, 0x19, 0x29, 0x13, 0x19, 0x29, 0x13, 0x19, 0x29, 0x13, 0x19, 0x29, 0x13, 0x19, 0x29, 
        0x13, 0x19, 0x29, 0x13, 0x19, 0x29, 0x13, 0x19, 0x29, 0x13, 0x19, 0x29,
  0x13, 0x19, 0x29, 0x13, 0x19, 0x29, 0x13, 0x19, 0x29, 0x13, 0x19, 0x29, 0x13, 0x19, 0x29, 0x13, 0x19, 0x29, 0x13, 0x19, 0x29, 0x13, 0x19, 0x29, 0x13, 0x19, 0x29, 0x13, 0x19, 0x29, 0x13, 0x19, 0x29, 0x13, 0x19, 0x29, 0x13, 0x19, 0x29, 0x13, 0x19, 0x29, 
        0x13, 0x19, 0x29, 0x13, 0x19, 0x29, 0x13, 0x19, 0x29, 0x13, 0x19, 0x29, 0x13, 0x19, 0x29, 0x13, 0x19, 0x29, 0x13, 0x19, 0x29, 0x13, 0x19, 0x29, 0x13, 0x19, 0x29, 0x13, 0x19, 0x29, 0x13, 0x19, 0x29, 0x13, 0x19, 0x29, 0x13, 0x19, 0x29, 
        0x13, 0x19, 0x29, 0x13, 0x19, 0x29, 0x13, 0x19, 0x29, 0x13, 0x19, 0x29, 0x13, 0x19, 0x29, 0x13, 0x19, 0x29, 0x13, 0x19, 0x29, 0x13, 0x19, 0x29, 0x13, 0x19, 0x29, 0x13, 0x19, 0x29, 0x13, 0x19, 0x29, 0x13, 0x19, 0x29, 0x13, 0x19, 0x29, 
        0x13, 0x19, 0x29, 0x13, 0x19, 0x29, 0x13, 0x19, 0x29, 0x13, 0x19, 0x29, 0x13, 0x19, 0x29, 0x13, 0x19, 0x29, 0x13, 0x19, 0x29, 0x13, 0x19, 0x29, 0x13, 0x19, 0x29, 0x13, 0x19, 0x29, 0x13, 0x19, 0x29, 0x13, 0x19, 0x29, 0x13, 0x19, 0x29, 
        0x13, 0x19, 0x29, 0x13, 0x19, 0x29, 0x13, 0x19, 0x29, 0x13, 0x19, 0x29, 0x13, 0x19, 0x29, 0x13, 0x19, 0x29, 0x13, 0x19, 0x29, 0x13, 0x19, 0x29, 0x13, 0x19, 0x29, 0x13, 0x19, 0x29, 0x13, 0x19, 0x29, 0x13, 0x19, 0x29, 0x13, 0x19, 0x29, 
        0x13, 0x19, 0x29, 0x13, 0x19, 0x29, 0x13, 0x19, 0x29, 0x13, 0x19, 0x29, 0x13, 0x19, 0x29, 0x13, 0x19, 0x29, 0x13, 0x19, 0x29, 0x13, 0x19, 0x29, 0x13, 0x19, 0x29, 0x13, 0x19, 0x29, 0x13, 0x19, 0x29, 0x13, 0x19, 0x29, 0x13, 0x19, 0x29, 
        0x13, 0x19, 0x29, 0x13, 0x19, 0x29, 0x13, 0x19, 0x29, 0x13, 0x19, 0x29, 0x13, 0x19, 0x29, 0x13, 0x19, 0x29, 0x13, 0x19, 0x29, 0x13, 0x19, 0x29, 0x13, 0x19, 0x29, 0x13, 0x19, 0x29, 0x13, 0x19, 0x29, 0x13, 0x19, 0x29, 0x13, 0x19, 0x29, 
        0x13, 0x19, 0x29, 0x13, 0x19, 0x29, 0x13, 0x19, 0x29, 0x13, 0x19, 0x29, 0x13, 0x19, 0x29, 0x13, 0x19, 0x29, 0x13, 0x19, 0x29, 0x13, 0x19, 0x29, 0x13, 0x19, 0x29, 0x13, 0x19, 0x29, 0x13, 0x19, 0x29, 0x13, 0x19, 0x29, 0x13, 0x19, 0x29, 
        0x13, 0x19, 0x29, 0x13, 0x19, 0x29, 0x13, 0x19, 0x29, 0x13, 0x19, 0x29, 0x13, 0x19, 0x29, 0x13, 0x19, 0x29, 0x13, 0x19, 0x29, 0x13, 0x19, 0x29, 0x13, 0x19, 0x29, 0x13, 0x19, 0x29, 0x13, 0x19, 0x29, 0x13, 0x19, 0x29, 0x13, 0x19, 0x29, 
        0x13, 0x19, 0x29, 0x13, 0x19, 0x29, 0x13, 0x19, 0x29, 0x13, 0x19, 0x29, 0x13, 0x19, 0x29, 0x13, 0x19, 0x29, 0x13, 0x19, 0x29, 0x13, 0x19, 0x29, 0x13, 0x19, 0x29, 0x13, 0x19, 0x29, 0x13, 0x19, 0x29, 0x13, 0x19, 0x29, 0x13, 0x19, 0x29, 
        0x13, 0x19, 0x29, 0x13, 0x19, 0x29, 0x13, 0x19, 0x29, 0x13, 0x19, 0x29, 0x13, 0x19, 0x29, 0x13, 0x19, 0x29, 0x13, 0x19, 0x29, 0x13, 0x19, 0x29, 0x13, 0x19, 0x29, 0x13, 0x19, 0x29, 0x13, 0x19, 0x29, 0x13, 0x19, 0x29, 0x13, 0x19, 0x29, 
        0x13, 0x19, 0x29, 0x13, 0x19, 0x29, 0x13, 0x19, 0x29, 0x13, 0x19, 0x29, 0x13, 0x19, 0x29, 0x13, 0x19, 0x29, 0x13, 0x19, 0x29, 0x13, 0x19, 0x29, 0x13, 0x19, 0x29, 0x13, 0x19, 0x29, 0x13, 0x19, 0x29, 0x13, 0x19, 0x29, 0x13, 0x19, 0x29, 
        0x13, 0x19, 0x29, 0x13, 0x19, 0x29, 0x13, 0x19, 0x29, 0x13, 0x19, 0x29, 0x13, 0x19, 0x29, 0x13, 0x19, 0x29, 0x13, 0x19, 0x29, 0x13, 0x19, 0x29, 0x13, 0x19, 0x29, 0x13, 0x19, 0x29, 0x13, 0x19, 0x29, 0x13, 0x19, 0x29, 0x13, 0x19, 0x29, 
        0x13, 0x19, 0x29, 0x13, 0x19, 0x29, 0x13, 0x19, 0x29, 0x13, 0x19, 0x29, 0x13, 0x19, 0x29, 0x13, 0x19, 0x29, 0x13, 0x19, 0x29, 0x13, 0x19, 0x29, 0x13, 0x19, 0x29, 0x13, 0x19, 0x29, 0x13, 0x19, 0x29, 0x13, 0x19, 0x29, 0x13, 0x19, 0x29, 
        0x13, 0x19, 0x29, 0x13, 0x19, 0x29, 0x13, 0x19, 0x29, 0x13, 0x19, 0x29, 0x13, 0x19, 0x29, 0x13, 0x19, 0x29, 0x13, 0x19, 0x29, 0x13, 0x19, 0x29, 0x13, 0x19, 0x29, 0x13, 0x19, 0x29, 0x13, 0x19, 0x29, 0x13, 0x19, 0x29, 0x13, 0x19, 0x29, 
        0x13, 0x19, 0x29, 0x13, 0x19, 0x29, 0x13, 0x19, 0x29, 0x13, 0x19, 0x29,
  0x13, 0x19, 0x29, 0x13, 0x19, 0x29, 0x13, 0x19, 0x29, 0x13, 0x19, 0x29, 0x13, 0x19, 0x29, 0x13, 0x19, 0x29, 0x13, 0x19, 0x29, 0x13, 0x19, 0x29, 0x13, 0x19, 0x29, 0x13, 0x19, 0x29, 0x13, 0x19, 0x29, 0x13, 0x19, 0x29, 0x13, 0x19, 0x29, 0x13, 0x19, 0x29, 
        0x13, 0x19, 0x29, 0x13, 0x19, 0x29, 0x13, 0x19, 0x29, 0x13, 0x19, 0x29, 0x13, 0x19, 0x29, 0x13, 0x19, 0x29, 0x13, 0x19, 0x29, 0x13, 0x19, 0x29, 0x13, 0x19, 0x29, 0x13, 0x19, 0x29, 0x13, 0x19, 0x29, 0x13, 0x19, 0x29, 0x13, 0x19, 0x29, 
        0x13, 0x19, 0x29, 0x13, 0x19, 0x29, 0x13, 0x19, 0x29, 0x13, 0x19, 0x29, 0x13, 0x19, 0x29, 0x13, 0x19, 0x29, 0x13, 0x19, 0x29, 0x13, 0x19, 0x29, 0x13, 0x19, 0x29, 0x13, 0x19, 0x29, 0x13, 0x19, 0x29, 0x13, 0x19, 0x29, 0x13, 0x19, 0x29, 
        0x13, 0x19, 0x29, 0x13, 0x19, 0x29, 0x13, 0x19, 0x29, 0x13, 0x19, 0x29, 0x13, 0x19, 0x29, 0x13, 0x19, 0x29, 0x13, 0x19, 0x29, 0x13, 0x19, 0x29, 0x13, 0x19, 0x29, 0x13, 0x19, 0x29, 0x13, 0x19, 0x29, 0x13, 0x19, 0x29, 0x13, 0x19, 0x29, 
        0x13, 0x19, 0x29, 0x13, 0x19, 0x29, 0x13, 0x19, 0x29, 0x13, 0x19, 0x29, 0x13, 0x19, 0x29, 0x13, 0x19, 0x29, 0x13, 0x19, 0x29, 0x13, 0x19, 0x29, 0x13, 0x19, 0x29, 0x13, 0x19, 0x29, 0x13, 0x19, 0x29, 0x13, 0x19, 0x29, 0x13, 0x19, 0x29, 
        0x13, 0x19, 0x29, 0x13, 0x19, 0x29, 0x13, 0x19, 0x29, 0x13, 0x19, 0x29, 0x13, 0x19, 0x29, 0x13, 0x19, 0x29, 0x13, 0x19, 0x29, 0x13, 0x19, 0x29, 0x13, 0x19, 0x29, 0x13, 0x19, 0x29, 0x13, 0x19, 0x29, 0x13, 0x19, 0x29, 0x13, 0x19, 0x29, 
        0x13, 0x19, 0x29, 0x13, 0x19, 0x29, 0x13, 0x19, 0x29, 0x13, 0x19, 0x29, 0x13, 0x19, 0x29, 0x13, 0x19, 0x29, 0x13, 0x19, 0x29, 0x13, 0x19, 0x29, 0x13, 0x19, 0x29, 0x13, 0x19, 0x29, 0x13, 0x19, 0x29, 0x13, 0x19, 0x29, 0x13, 0x19, 0x29, 
        0x13, 0x19, 0x29, 0x13, 0x19, 0x29, 0x13, 0x19, 0x29, 0x13, 0x19, 0x29, 0x13, 0x19, 0x29, 0x13, 0x19, 0x29, 0x13, 0x19, 0x29, 0x13, 0x19, 0x29, 0x13, 0x19, 0x29, 0x13, 0x19, 0x29, 0x13, 0x19, 0x29, 0x13, 0x19, 0x29, 0x13, 0x19, 0x29, 
        0x13, 0x19, 0x29, 0x13, 0x19, 0x29, 0x13, 0x19, 0x29, 0x13, 0x19, 0x29, 0x13, 0x19, 0x29, 0x13, 0x19, 0x29, 0x13, 0x19, 0x29, 0x13, 0x19, 0x29, 0x13, 0x19, 0x29, 0x13, 0x19, 0x29, 0x13, 0x19, 0x29, 0x13, 0x19, 0x29, 0x13, 0x19, 0x29, 
        0x13, 0x19, 0x29, 0x13, 0x19, 0x29, 0x13, 0x19, 0x29, 0x13, 0x19, 0x29, 0x13, 0x19, 0x29, 0x13, 0x19, 0x29, 0x13, 0x19, 0x29, 0x13, 0x19, 0x29, 0x13, 0x19, 0x29, 0x13, 0x19, 0x29, 0x13, 0x19, 0x29, 0x13, 0x19, 0x29, 0x13, 0x19, 0x29, 
        0x13, 0x19, 0x29, 0x13, 0x19, 0x29, 0x13, 0x19, 0x29, 0x13, 0x19, 0x29, 0x13, 0x19, 0x29, 0x13, 0x19, 0x29, 0x13, 0x19, 0x29, 0x13, 0x19, 0x29, 0x13, 0x19, 0x29, 0x13, 0x19, 0x29, 0x13, 0x19, 0x29, 0x13, 0x19, 0x29, 0x13, 0x19, 0x29, 
        0x13, 0x19, 0x29, 0x13, 0x19, 0x29, 0x13, 0x19, 0x29, 0x13, 0x19, 0x29, 0x13, 0x19, 0x29, 0x13, 0x19, 0x29, 0x13, 0x19, 0x29, 0x13, 0x19, 0x29, 0x13, 0x19, 0x29, 0x13, 0x19, 0x29, 0x13, 0x19, 0x29, 0x13, 0x19, 0x29, 0x13, 0x19, 0x29, 
        0x13, 0x19, 0x29, 0x13, 0x19, 0x29, 0x13, 0x19, 0x29, 0x13, 0x19, 0x29, 0x13, 0x19, 0x29, 0x13, 0x19, 0x29, 0x13, 0x19, 0x29, 0x13, 0x19, 0x29, 0x13, 0x19, 0x29, 0x13, 0x19, 0x29, 0x13, 0x19, 0x29, 0x13, 0x19, 0x29, 0x13, 0x19, 0x29, 
        0x13, 0x19, 0x29, 0x13, 0x19, 0x29, 0x13, 0x19, 0x29, 0x13, 0x19, 0x29, 0x13, 0x19, 0x29, 0x13, 0x19, 0x29, 0x13, 0x19, 0x29, 0x13, 0x19, 0x29, 0x13, 0x19, 0x29, 0x13, 0x19, 0x29, 0x13, 0x19, 0x29, 0x13, 0x19, 0x29, 0x13, 0x19, 0x29, 
        0x13, 0x19, 0x29, 0x13, 0x19, 0x29, 0x13, 0x19, 0x29, 0x13, 0x19, 0x29, 0x13, 0x19, 0x29, 0x13, 0x19, 0x29, 0x13, 0x19, 0x29, 0x13, 0x19, 0x29, 0x13, 0x19, 0x29, 0x13, 0x19, 0x29, 0x13, 0x19, 0x29, 0x13, 0x19, 0x29, 0x13, 0x19, 0x29, 
        0x13, 0x19, 0x29, 0x13, 0x19, 0x29, 0x13, 0x19, 0x29, 0x13, 0x19, 0x29,
  0x13, 0x19, 0x29, 0x13, 0x19, 0x29, 0x13, 0x19, 0x29, 0x13, 0x19, 0x29, 0x13, 0x19, 0x29, 0x13, 0x19, 0x29, 0x13, 0x19, 0x29, 0x13, 0x19, 0x29, 0x13, 0x19, 0x29, 0x13, 0x19, 0x29, 0x13, 0x19, 0x29, 0x13, 0x19, 0x29, 0x13, 0x19, 0x29, 0x13, 0x19, 0x29, 
        0x13, 0x19, 0x29, 0x13, 0x19, 0x29, 0x13, 0x19, 0x29, 0x13, 0x19, 0x29, 0x13, 0x19, 0x29, 0x13, 0x19, 0x29, 0x13, 0x19, 0x29, 0x13, 0x19, 0x29, 0x13, 0x19, 0x29, 0x13, 0x19, 0x29, 0x13, 0x19, 0x29, 0x13, 0x19, 0x29, 0x13, 0x19, 0x29, 
        0x13, 0x19, 0x29, 0x13, 0x19, 0x29, 0x13, 0x19, 0x29, 0x13, 0x19, 0x29, 0x13, 0x19, 0x29, 0x13, 0x19, 0x29, 0x13, 0x19, 0x29, 0x13, 0x19, 0x29, 0x13, 0x19, 0x29, 0x13, 0x19, 0x29, 0x13, 0x19, 0x29, 0x13, 0x19, 0x29, 0x13, 0x19, 0x29, 
        0x13, 0x19, 0x29, 0x13, 0x19, 0x29, 0x13, 0x19, 0x29, 0x13, 0x19, 0x29, 0x13, 0x19, 0x29, 0x13, 0x19, 0x29, 0x13, 0x19, 0x29, 0x13, 0x19, 0x29, 0x13, 0x19, 0x29, 0x13, 0x19, 0x29, 0x13, 0x19, 0x29, 0x13, 0x19, 0x29, 0x13, 0x19, 0x29, 
        0x13, 0x19, 0x29, 0x13, 0x19, 0x29, 0x13, 0x19, 0x29, 0x13, 0x19, 0x29, 0x13, 0x19, 0x29, 0x13, 0x19, 0x29, 0x13, 0x19, 0x29, 0x13, 0x19, 0x29, 0x13, 0x19, 0x29, 0x13, 0x19, 0x29, 0x13, 0x19, 0x29, 0x13, 0x19, 0x29, 0x13, 0x19, 0x29, 
        0x13, 0x19, 0x29, 0x13, 0x19, 0x29, 0x13, 0x19, 0x29, 0x13, 0x19, 0x29, 0x13, 0x19, 0x29, 0x13, 0x19, 0x29, 0x13, 0x19, 0x29, 0x13, 0x19, 0x29, 0x13, 0x19, 0x29, 0x13, 0x19, 0x29, 0x13, 0x19, 0x29, 0x13, 0x19, 0x29, 0x13, 0x19, 0x29, 
        0x13, 0x19, 0x29, 0x13, 0x19, 0x29, 0x13, 0x19, 0x29, 0x13, 0x19, 0x29, 0x13, 0x19, 0x29, 0x13, 0x19, 0x29, 0x13, 0x19, 0x29, 0x13, 0x19, 0x29, 0x13, 0x19, 0x29, 0x13, 0x19, 0x29, 0x13, 0x19, 0x29, 0x13, 0x19, 0x29, 0x13, 0x19, 0x29, 
        0x13, 0x19, 0x29, 0x13, 0x19, 0x29, 0x13, 0x19, 0x29, 0x13, 0x19, 0x29, 0x13, 0x19, 0x29, 0x13, 0x19, 0x29, 0x13, 0x19, 0x29, 0x13, 0x19, 0x29, 0x13, 0x19, 0x29, 0x13, 0x19, 0x29, 0x13, 0x19, 0x29, 0x13, 0x19, 0x29, 0x13, 0x19, 0x29, 
        0x13, 0x19, 0x29, 0x13, 0x19, 0x29, 0x13, 0x19, 0x29, 0x13, 0x19, 0x29, 0x13, 0x19, 0x29, 0x13, 0x19, 0x29, 0x13, 0x19, 0x29, 0x13, 0x19, 0x29, 0x13, 0x19, 0x29, 0x13, 0x19, 0x29, 0x13, 0x19, 0x29, 0x13, 0x19, 0x29, 0x13, 0x19, 0x29, 
        0x13, 0x19, 0x29, 0x13, 0x19, 0x29, 0x13, 0x19, 0x29, 0x13, 0x19, 0x29, 0x13, 0x19, 0x29, 0x13, 0x19, 0x29, 0x13, 0x19, 0x29, 0x13, 0x19, 0x29, 0x13, 0x19, 0x29, 0x13, 0x19, 0x29, 0x13, 0x19, 0x29, 0x13, 0x19, 0x29, 0x13, 0x19, 0x29, 
        0x13, 0x19, 0x29, 0x13, 0x19, 0x29, 0x13, 0x19, 0x29, 0x13, 0x19, 0x29, 0x13, 0x19, 0x29, 0x13, 0x19, 0x29, 0x13, 0x19, 0x29, 0x13, 0x19, 0x29, 0x13, 0x19, 0x29, 0x13, 0x19, 0x29, 0x13, 0x19, 0x29, 0x13, 0x19, 0x29, 0x13, 0x19, 0x29, 
        0x13, 0x19, 0x29, 0x13, 0x19, 0x29, 0x13, 0x19, 0x29, 0x13, 0x19, 0x29, 0x13, 0x19, 0x29, 0x13, 0x19, 0x29, 0x13, 0x19, 0x29, 0x13, 0x19, 0x29, 0x13, 0x19, 0x29, 0x13, 0x19, 0x29, 0x13, 0x19, 0x29, 0x13, 0x19, 0x29, 0x13, 0x19, 0x29, 
        0x13, 0x19, 0x29, 0x13, 0x19, 0x29, 0x13, 0x19, 0x29, 0x13, 0x19, 0x29, 0x13, 0x19, 0x29, 0x13, 0x19, 0x29, 0x13, 0x19, 0x29, 0x13, 0x19, 0x29, 0x13, 0x19, 0x29, 0x13, 0x19, 0x29, 0x13, 0x19, 0x29, 0x13, 0x19, 0x29, 0x13, 0x19, 0x29, 
        0x13, 0x19, 0x29, 0x13, 0x19, 0x29, 0x13, 0x19, 0x29, 0x13, 0x19, 0x29, 0x13, 0x19, 0x29, 0x13, 0x19, 0x29, 0x13, 0x19, 0x29, 0x13, 0x19, 0x29, 0x13, 0x19, 0x29, 0x13, 0x19, 0x29, 0x13, 0x19, 0x29, 0x13, 0x19, 0x29, 0x13, 0x19, 0x29, 
        0x13, 0x19, 0x29, 0x13, 0x19, 0x29, 0x13, 0x19, 0x29, 0x13, 0x19, 0x29, 0x13, 0x19, 0x29, 0x13, 0x19, 0x29, 0x13, 0x19, 0x29, 0x13, 0x19, 0x29, 0x13, 0x19, 0x29, 0x13, 0x19, 0x29, 0x13, 0x19, 0x29, 0x13, 0x19, 0x29, 0x13, 0x19, 0x29, 
        0x13, 0x19, 0x29, 0x13, 0x19, 0x29, 0x13, 0x19, 0x29, 0x13, 0x19, 0x29,
  0x13, 0x19, 0x29, 0x13, 0x19, 0x29, 0x13, 0x19, 0x29, 0x13, 0x19, 0x29, 0x13, 0x19, 0x29, 0x13, 0x19, 0x29, 0x13, 0x19, 0x29, 0x13, 0x19, 0x29, 0x13, 0x19, 0x29, 0x13, 0x19, 0x29, 0x13, 0x19, 0x29, 0x13, 0x19, 0x29, 0x13, 0x19, 0x29, 0x13, 0x19, 0x29, 
        0x13, 0x19, 0x29, 0x13, 0x19, 0x29, 0x13, 0x19, 0x29, 0x13, 0x19, 0x29, 0x13, 0x19, 0x29, 0x13, 0x19, 0x29, 0x13, 0x19, 0x29, 0x13, 0x19, 0x29, 0x13, 0x19, 0x29, 0x13, 0x19, 0x29, 0x13, 0x19, 0x29, 0x13, 0x19, 0x29, 0x13, 0x19, 0x29, 
        0x13, 0x19, 0x29, 0x13, 0x19, 0x29, 0x13, 0x19, 0x29, 0x13, 0x19, 0x29, 0x13, 0x19, 0x29, 0x13, 0x19, 0x29, 0x13, 0x19, 0x29, 0x13, 0x19, 0x29, 0x13, 0x19, 0x29, 0x13, 0x19, 0x29, 0x13, 0x19, 0x29, 0x13, 0x19, 0x29, 0x13, 0x19, 0x29, 
        0x13, 0x19, 0x29, 0x13, 0x19, 0x29, 0x13, 0x19, 0x29, 0x13, 0x19, 0x29, 0x13, 0x19, 0x29, 0x13, 0x19, 0x29, 0x13, 0x19, 0x29, 0x13, 0x19, 0x29, 0x13, 0x19, 0x29, 0x13, 0x19, 0x29, 0x13, 0x19, 0x29, 0x13, 0x19, 0x29, 0x13, 0x19, 0x29, 
        0x13, 0x19, 0x29, 0x13, 0x19, 0x29, 0x13, 0x19, 0x29, 0x13, 0x19, 0x29, 0x13, 0x19, 0x29, 0x13, 0x19, 0x29, 0x13, 0x19, 0x29, 0x13, 0x19, 0x29, 0x13, 0x19, 0x29, 0x13, 0x19, 0x29, 0x13, 0x19, 0x29, 0x13, 0x19, 0x29, 0x13, 0x19, 0x29, 
        0x13, 0x19, 0x29, 0x13, 0x19, 0x29, 0x13, 0x19, 0x29, 0x13, 0x19, 0x29, 0x13, 0x19, 0x29, 0x13, 0x19, 0x29, 0x13, 0x19, 0x29, 0x13, 0x19, 0x29, 0x13, 0x19, 0x29, 0x13, 0x19, 0x29, 0x13, 0x19, 0x29, 0x13, 0x19, 0x29, 0x13, 0x19, 0x29, 
        0x13, 0x19, 0x29, 0x13, 0x19, 0x29, 0x13, 0x19, 0x29, 0x13, 0x19, 0x29, 0x13, 0x19, 0x29, 0x13, 0x19, 0x29, 0x13, 0x19, 0x29, 0x13, 0x19, 0x29, 0x13, 0x19, 0x29, 0x13, 0x19, 0x29, 0x13, 0x19, 0x29, 0x13, 0x19, 0x29, 0x13, 0x19, 0x29, 
        0x13, 0x19, 0x29, 0x13, 0x19, 0x29, 0x13, 0x19, 0x29, 0x13, 0x19, 0x29, 0x13, 0x19, 0x29, 0x13, 0x19, 0x29, 0x13, 0x19, 0x29, 0x13, 0x19, 0x29, 0x13, 0x19, 0x29, 0x13, 0x19, 0x29, 0x13, 0x19, 0x29, 0x13, 0x19, 0x29, 0x13, 0x19, 0x29, 
        0x13, 0x19, 0x29, 0x13, 0x19, 0x29, 0x13, 0x19, 0x29, 0x13, 0x19, 0x29, 0x13, 0x19, 0x29, 0x13, 0x19, 0x29, 0x13, 0x19, 0x29, 0x13, 0x19, 0x29, 0x13, 0x19, 0x29, 0x13, 0x19, 0x29, 0x13, 0x19, 0x29, 0x13, 0x19, 0x29, 0x13, 0x19, 0x29, 
        0x13, 0x19, 0x29, 0x13, 0x19, 0x29, 0x13, 0x19, 0x29, 0x13, 0x19, 0x29, 0x13, 0x19, 0x29, 0x13, 0x19, 0x29, 0x13, 0x19, 0x29, 0x13, 0x19, 0x29, 0x13, 0x19, 0x29, 0x13, 0x19, 0x29, 0x13, 0x19, 0x29, 0x13, 0x19, 0x29, 0x13, 0x19, 0x29, 
        0x13, 0x19, 0x29, 0x13, 0x19, 0x29, 0x13, 0x19, 0x29, 0x13, 0x19, 0x29, 0x13, 0x19, 0x29, 0x13, 0x19, 0x29, 0x13, 0x19, 0x29, 0x13, 0x19, 0x29, 0x13, 0x19, 0x29, 0x13, 0x19, 0x29, 0x13, 0x19, 0x29, 0x13, 0x19, 0x29, 0x13, 0x19, 0x29, 
        0x13, 0x19, 0x29, 0x13, 0x19, 0x29, 0x13, 0x19, 0x29, 0x13, 0x19, 0x29, 0x13, 0x19, 0x29, 0x13, 0x19, 0x29, 0x13, 0x19, 0x29, 0x13, 0x19, 0x29, 0x13, 0x19, 0x29, 0x13, 0x19, 0x29, 0x13, 0x19, 0x29, 0x13, 0x19, 0x29, 0x13, 0x19, 0x29, 
        0x13, 0x19, 0x29, 0x13, 0x19, 0x29, 0x13, 0x19, 0x29, 0x13, 0x19, 0x29, 0x13, 0x19, 0x29, 0x13, 0x19, 0x29, 0x13, 0x19, 0x29, 0x13, 0x19, 0x29, 0x13, 0x19, 0x29, 0x13, 0x19, 0x29, 0x13, 0x19, 0x29, 0x13, 0x19, 0x29, 0x13, 0x19, 0x29, 
        0x13, 0x19, 0x29, 0x13, 0x19, 0x29, 0x13, 0x19, 0x29, 0x13, 0x19, 0x29, 0x13, 0x19, 0x29, 0x13, 0x19, 0x29, 0x13, 0x19, 0x29, 0x13, 0x19, 0x29, 0x13, 0x19, 0x29, 0x13, 0x19, 0x29, 0x13, 0x19, 0x29, 0x13, 0x19, 0x29, 0x13, 0x19, 0x29, 
        0x13, 0x19, 0x29, 0x13, 0x19, 0x29, 0x13, 0x19, 0x29, 0x13, 0x19, 0x29, 0x13, 0x19, 0x29, 0x13, 0x19, 0x29, 0x13, 0x19, 0x29, 0x13, 0x19, 0x29, 0x13, 0x19, 0x29, 0x13, 0x19, 0x29, 0x13, 0x19, 0x29, 0x13, 0x19, 0x29, 0x13, 0x19, 0x29, 
        0x13, 0x19, 0x29, 0x13, 0x19, 0x29, 0x13, 0x19, 0x29, 0x13, 0x19, 0x29,
  0x13, 0x19, 0x29, 0x13, 0x19, 0x29, 0x13, 0x19, 0x29, 0x13, 0x19, 0x29, 0x13, 0x19, 0x29, 0x13, 0x19, 0x29, 0x13, 0x19, 0x29, 0x13, 0x19, 0x29, 0x13, 0x19, 0x29, 0x13, 0x19, 0x29, 0x13, 0x19, 0x29, 0x13, 0x19, 0x29, 0x13, 0x19, 0x29, 0x13, 0x19, 0x29, 
        0x13, 0x19, 0x29, 0x13, 0x19, 0x29, 0x13, 0x19, 0x29, 0x13, 0x19, 0x29, 0x13, 0x19, 0x29, 0x13, 0x19, 0x29, 0x13, 0x19, 0x29, 0x13, 0x19, 0x29, 0x13, 0x19, 0x29, 0x13, 0x19, 0x29, 0x13, 0x19, 0x29, 0x13, 0x19, 0x29, 0x13, 0x19, 0x29, 
        0x13, 0x19, 0x29, 0x13, 0x19, 0x29, 0x13, 0x19, 0x29, 0x13, 0x19, 0x29, 0x13, 0x19, 0x29, 0x13, 0x19, 0x29, 0x13, 0x19, 0x29, 0x13, 0x19, 0x29, 0x13, 0x19, 0x29, 0x13, 0x19, 0x29, 0x13, 0x19, 0x29, 0x13, 0x19, 0x29, 0x13, 0x19, 0x29, 
        0x13, 0x19, 0x29, 0x13, 0x19, 0x29, 0x13, 0x19, 0x29, 0x13, 0x19, 0x29, 0x13, 0x19, 0x29, 0x13, 0x19, 0x29, 0x13, 0x19, 0x29, 0x13, 0x19, 0x29, 0x13, 0x19, 0x29, 0x13, 0x19, 0x29, 0x13, 0x19, 0x29, 0x13, 0x19, 0x29, 0x13, 0x19, 0x29, 
        0x13, 0x19, 0x29, 0x13, 0x19, 0x29, 0x13, 0x19, 0x29, 0x13, 0x19, 0x29, 0x13, 0x19, 0x29, 0x13, 0x19, 0x29, 0x13, 0x19, 0x29, 0x13, 0x19, 0x29, 0x13, 0x19, 0x29, 0x13, 0x19, 0x29, 0x13, 0x19, 0x29, 0x13, 0x19, 0x29, 0x13, 0x19, 0x29, 
        0x13, 0x19, 0x29, 0x13, 0x19, 0x29, 0x13, 0x19, 0x29, 0x13, 0x19, 0x29, 0x13, 0x19, 0x29, 0x13, 0x19, 0x29, 0x13, 0x19, 0x29, 0x13, 0x19, 0x29, 0x13, 0x19, 0x29, 0x13, 0x19, 0x29, 0x13, 0x19, 0x29, 0x13, 0x19, 0x29, 0x13, 0x19, 0x29, 
        0x13, 0x19, 0x29, 0x13, 0x19, 0x29, 0x13, 0x19, 0x29, 0x13, 0x19, 0x29, 0x13, 0x19, 0x29, 0x13, 0x19, 0x29, 0x13, 0x19, 0x29, 0x13, 0x19, 0x29, 0x13, 0x19, 0x29, 0x13, 0x19, 0x29, 0x13, 0x19, 0x29, 0x13, 0x19, 0x29, 0x13, 0x19, 0x29, 
        0x13, 0x19, 0x29, 0x13, 0x19, 0x29, 0x13, 0x19, 0x29, 0x13, 0x19, 0x29, 0x13, 0x19, 0x29, 0x13, 0x19, 0x29, 0x13, 0x19, 0x29, 0x13, 0x19, 0x29, 0x13, 0x19, 0x29, 0x13, 0x19, 0x29, 0x13, 0x19, 0x29, 0x13, 0x19, 0x29, 0x13, 0x19, 0x29, 
        0x13, 0x19, 0x29, 0x13, 0x19, 0x29, 0x13, 0x19, 0x29, 0x13, 0x19, 0x29, 0x13, 0x19, 0x29, 0x13, 0x19, 0x29, 0x13, 0x19, 0x29, 0x13, 0x19, 0x29, 0x13, 0x19, 0x29, 0x13, 0x19, 0x29, 0x13, 0x19, 0x29, 0x13, 0x19, 0x29, 0x13, 0x19, 0x29, 
        0x13, 0x19, 0x29, 0x13, 0x19, 0x29, 0x13, 0x19, 0x29, 0x13, 0x19, 0x29, 0x13, 0x19, 0x29, 0x13, 0x19, 0x29, 0x13, 0x19, 0x29, 0x13, 0x19, 0x29, 0x13, 0x19, 0x29, 0x13, 0x19, 0x29, 0x13, 0x19, 0x29, 0x13, 0x19, 0x29, 0x13, 0x19, 0x29, 
        0x13, 0x19, 0x29, 0x13, 0x19, 0x29, 0x13, 0x19, 0x29, 0x13, 0x19, 0x29, 0x13, 0x19, 0x29, 0x13, 0x19, 0x29, 0x13, 0x19, 0x29, 0x13, 0x19, 0x29, 0x13, 0x19, 0x29, 0x13, 0x19, 0x29, 0x13, 0x19, 0x29, 0x13, 0x19, 0x29, 0x13, 0x19, 0x29, 
        0x13, 0x19, 0x29, 0x13, 0x19, 0x29, 0x13, 0x19, 0x29, 0x13, 0x19, 0x29, 0x13, 0x19, 0x29, 0x13, 0x19, 0x29, 0x13, 0x19, 0x29, 0x13, 0x19, 0x29, 0x13, 0x19, 0x29, 0x13, 0x19, 0x29, 0x13, 0x19, 0x29, 0x13, 0x19, 0x29, 0x13, 0x19, 0x29, 
        0x13, 0x19, 0x29, 0x13, 0x19, 0x29, 0x13, 0x19, 0x29, 0x13, 0x19, 0x29, 0x13, 0x19, 0x29, 0x13, 0x19, 0x29, 0x13, 0x19, 0x29, 0x13, 0x19, 0x29, 0x13, 0x19, 0x29, 0x13, 0x19, 0x29, 0x13, 0x19, 0x29, 0x13, 0x19, 0x29, 0x13, 0x19, 0x29, 
        0x13, 0x19, 0x29, 0x13, 0x19, 0x29, 0x13, 0x19, 0x29, 0x13, 0x19, 0x29, 0x13, 0x19, 0x29, 0x13, 0x19, 0x29, 0x13, 0x19, 0x29, 0x13, 0x19, 0x29, 0x13, 0x19, 0x29, 0x13, 0x19, 0x29, 0x13, 0x19, 0x29, 0x13, 0x19, 0x29, 0x13, 0x19, 0x29, 
        0x13, 0x19, 0x29, 0x13, 0x19, 0x29, 0x13, 0x19, 0x29, 0x13, 0x19, 0x29, 0x13, 0x19, 0x29, 0x13, 0x19, 0x29, 0x13, 0x19, 0x29, 0x13, 0x19, 0x29, 0x13, 0x19, 0x29, 0x13, 0x19, 0x29, 0x13, 0x19, 0x29, 0x13, 0x19, 0x29, 0x13, 0x19, 0x29, 
        0x13, 0x19, 0x29, 0x13, 0x19, 0x29, 0x13, 0x19, 0x29, 0x13, 0x19, 0x29,
  0x13, 0x19, 0x29, 0x13, 0x19, 0x29, 0x13, 0x19, 0x29, 0x13, 0x19, 0x29, 0x13, 0x19, 0x29, 0x13, 0x19, 0x29, 0x13, 0x19, 0x29, 0x13, 0x19, 0x29, 0x13, 0x19, 0x29, 0x13, 0x19, 0x29, 0x13, 0x19, 0x29, 0x13, 0x19, 0x29, 0x13, 0x19, 0x29, 0x13, 0x19, 0x29, 
        0x13, 0x19, 0x29, 0x13, 0x19, 0x29, 0x13, 0x19, 0x29, 0x13, 0x19, 0x29, 0x13, 0x19, 0x29, 0x13, 0x19, 0x29, 0x13, 0x19, 0x29, 0x13, 0x19, 0x29, 0x13, 0x19, 0x29, 0x13, 0x19, 0x29, 0x13, 0x19, 0x29, 0x13, 0x19, 0x29, 0x13, 0x19, 0x29, 
        0x13, 0x19, 0x29, 0x13, 0x19, 0x29, 0x13, 0x19, 0x29, 0x13, 0x19, 0x29, 0x13, 0x19, 0x29, 0x13, 0x19, 0x29, 0x13, 0x19, 0x29, 0x13, 0x19, 0x29, 0x13, 0x19, 0x29, 0x13, 0x19, 0x29, 0x13, 0x19, 0x29, 0x13, 0x19, 0x29, 0x13, 0x19, 0x29, 
        0x13, 0x19, 0x29, 0x13, 0x19, 0x29, 0x13, 0x19, 0x29, 0x13, 0x19, 0x29, 0x13, 0x19, 0x29, 0x13, 0x19, 0x29, 0x13, 0x19, 0x29, 0x13, 0x19, 0x29, 0x13, 0x19, 0x29, 0x13, 0x19, 0x29, 0x13, 0x19, 0x29, 0x13, 0x19, 0x29, 0x13, 0x19, 0x29, 
        0x13, 0x19, 0x29, 0x13, 0x19, 0x29, 0x13, 0x19, 0x29, 0x13, 0x19, 0x29, 0x13, 0x19, 0x29, 0x13, 0x19, 0x29, 0x13, 0x19, 0x29, 0x13, 0x19, 0x29, 0x13, 0x19, 0x29, 0x13, 0x19, 0x29, 0x13, 0x19, 0x29, 0x13, 0x19, 0x29, 0x13, 0x19, 0x29, 
        0x13, 0x19, 0x29, 0x13, 0x19, 0x29, 0x13, 0x19, 0x29, 0x13, 0x19, 0x29, 0x13, 0x19, 0x29, 0x13, 0x19, 0x29, 0x13, 0x19, 0x29, 0x13, 0x19, 0x29, 0x13, 0x19, 0x29, 0x13, 0x19, 0x29, 0x13, 0x19, 0x29, 0x13, 0x19, 0x29, 0x13, 0x19, 0x29, 
        0x13, 0x19, 0x29, 0x13, 0x19, 0x29, 0x13, 0x19, 0x29, 0x13, 0x19, 0x29, 0x13, 0x19, 0x29, 0x13, 0x19, 0x29, 0x13, 0x19, 0x29, 0x13, 0x19, 0x29, 0x13, 0x19, 0x29, 0x13, 0x19, 0x29, 0x13, 0x19, 0x29, 0x13, 0x19, 0x29, 0x13, 0x19, 0x29, 
        0x13, 0x19, 0x29, 0x13, 0x19, 0x29, 0x13, 0x19, 0x29, 0x13, 0x19, 0x29, 0x13, 0x19, 0x29, 0x13, 0x19, 0x29, 0x13, 0x19, 0x29, 0x13, 0x19, 0x29, 0x13, 0x19, 0x29, 0x13, 0x19, 0x29, 0x13, 0x19, 0x29, 0x13, 0x19, 0x29, 0x13, 0x19, 0x29, 
        0x13, 0x19, 0x29, 0x13, 0x19, 0x29, 0x13, 0x19, 0x29, 0x13, 0x19, 0x29, 0x13, 0x19, 0x29, 0x13, 0x19, 0x29, 0x13, 0x19, 0x29, 0x13, 0x19, 0x29, 0x13, 0x19, 0x29, 0x13, 0x19, 0x29, 0x13, 0x19, 0x29, 0x13, 0x19, 0x29, 0x13, 0x19, 0x29, 
        0x13, 0x19, 0x29, 0x13, 0x19, 0x29, 0x13, 0x19, 0x29, 0x13, 0x19, 0x29, 0x13, 0x19, 0x29, 0x13, 0x19, 0x29, 0x13, 0x19, 0x29, 0x13, 0x19, 0x29, 0x13, 0x19, 0x29, 0x13, 0x19, 0x29, 0x13, 0x19, 0x29, 0x13, 0x19, 0x29, 0x13, 0x19, 0x29, 
        0x13, 0x19, 0x29, 0x13, 0x19, 0x29, 0x13, 0x19, 0x29, 0x13, 0x19, 0x29, 0x13, 0x19, 0x29, 0x13, 0x19, 0x29, 0x13, 0x19, 0x29, 0x13, 0x19, 0x29, 0x13, 0x19, 0x29, 0x13, 0x19, 0x29, 0x13, 0x19, 0x29, 0x13, 0x19, 0x29, 0x13, 0x19, 0x29, 
        0x13, 0x19, 0x29, 0x13, 0x19, 0x29, 0x13, 0x19, 0x29, 0x13, 0x19, 0x29, 0x13, 0x19, 0x29, 0x13, 0x19, 0x29, 0x13, 0x19, 0x29, 0x13, 0x19, 0x29, 0x13, 0x19, 0x29, 0x13, 0x19, 0x29, 0x13, 0x19, 0x29, 0x13, 0x19, 0x29, 0x13, 0x19, 0x29, 
        0x13, 0x19, 0x29, 0x13, 0x19, 0x29, 0x13, 0x19, 0x29, 0x13, 0x19, 0x29, 0x13, 0x19, 0x29, 0x13, 0x19, 0x29, 0x13, 0x19, 0x29, 0x13, 0x19, 0x29, 0x13, 0x19, 0x29, 0x13, 0x19, 0x29, 0x13, 0x19, 0x29, 0x13, 0x19, 0x29, 0x13, 0x19, 0x29, 
        0x13, 0x19, 0x29, 0x13, 0x19, 0x29, 0x13, 0x19, 0x29, 0x13, 0x19, 0x29, 0x13, 0x19, 0x29, 0x13, 0x19, 0x29, 0x13, 0x19, 0x29, 0x13, 0x19, 0x29, 0x13, 0x19, 0x29, 0x13, 0x19, 0x29, 0x13, 0x19, 0x29, 0x13, 0x19, 0x29, 0x13, 0x19, 0x29, 
        0x13, 0x19, 0x29, 0x13, 0x19, 0x29, 0x13, 0x19, 0x29, 0x13, 0x19, 0x29, 0x13, 0x19, 0x29, 0x13, 0x19, 0x29, 0x13, 0x19, 0x29, 0x13, 0x19, 0x29, 0x13, 0x19, 0x29, 0x13, 0x19, 0x29, 0x13, 0x19, 0x29, 0x13, 0x19, 0x29, 0x13, 0x19, 0x29, 
        0x13, 0x19, 0x29, 0x13, 0x19, 0x29, 0x13, 0x19, 0x29, 0x13, 0x19, 0x29,
  0x13, 0x19, 0x29, 0x13, 0x19, 0x29, 0x13, 0x19, 0x29, 0x13, 0x19, 0x29, 0x13, 0x19, 0x29, 0x13, 0x19, 0x29, 0x13, 0x19, 0x29, 0x13, 0x19, 0x29, 0x13, 0x19, 0x29, 0x13, 0x19, 0x29, 0x13, 0x19, 0x29, 0x13, 0x19, 0x29, 0x13, 0x19, 0x29, 0x13, 0x19, 0x29, 
        0x13, 0x19, 0x29, 0x13, 0x19, 0x29, 0x13, 0x19, 0x29, 0x13, 0x19, 0x29, 0x13, 0x19, 0x29, 0x13, 0x19, 0x29, 0x13, 0x19, 0x29, 0x13, 0x19, 0x29, 0x13, 0x19, 0x29, 0x13, 0x19, 0x29, 0x13, 0x19, 0x29, 0x13, 0x19, 0x29, 0x13, 0x19, 0x29, 
        0x13, 0x19, 0x29, 0x13, 0x19, 0x29, 0x13, 0x19, 0x29, 0x13, 0x19, 0x29, 0x13, 0x19, 0x29, 0x13, 0x19, 0x29, 0x13, 0x19, 0x29, 0x13, 0x19, 0x29, 0x13, 0x19, 0x29, 0x13, 0x19, 0x29, 0x13, 0x19, 0x29, 0x13, 0x19, 0x29, 0x13, 0x19, 0x29, 
        0x13, 0x19, 0x29, 0x13, 0x19, 0x29, 0x13, 0x19, 0x29, 0x13, 0x19, 0x29, 0x13, 0x19, 0x29, 0x13, 0x19, 0x29, 0x13, 0x19, 0x29, 0x13, 0x19, 0x29, 0x13, 0x19, 0x29, 0x13, 0x19, 0x29, 0x13, 0x19, 0x29, 0x13, 0x19, 0x29, 0x13, 0x19, 0x29, 
        0x13, 0x19, 0x29, 0x13, 0x19, 0x29, 0x13, 0x19, 0x29, 0x13, 0x19, 0x29, 0x13, 0x19, 0x29, 0x13, 0x19, 0x29, 0x13, 0x19, 0x29, 0x13, 0x19, 0x29, 0x13, 0x19, 0x29, 0x13, 0x19, 0x29, 0x13, 0x19, 0x29, 0x13, 0x19, 0x29, 0x13, 0x19, 0x29, 
        0x13, 0x19, 0x29, 0x13, 0x19, 0x29, 0x13, 0x19, 0x29, 0x13, 0x19, 0x29, 0x13, 0x19, 0x29, 0x13, 0x19, 0x29, 0x13, 0x19, 0x29, 0x13, 0x19, 0x29, 0x13, 0x19, 0x29, 0x13, 0x19, 0x29, 0x13, 0x19, 0x29, 0x13, 0x19, 0x29, 0x13, 0x19, 0x29, 
        0x13, 0x19, 0x29, 0x13, 0x19, 0x29, 0x13, 0x19, 0x29, 0x13, 0x19, 0x29, 0x13, 0x19, 0x29, 0x13, 0x19, 0x29, 0x13, 0x19, 0x29, 0x13, 0x19, 0x29, 0x13, 0x19, 0x29, 0x13, 0x19, 0x29, 0x13, 0x19, 0x29, 0x13, 0x19, 0x29, 0x13, 0x19, 0x29, 
        0x13, 0x19, 0x29, 0x13, 0x19, 0x29, 0x13, 0x19, 0x29, 0x13, 0x19, 0x29, 0x13, 0x19, 0x29, 0x13, 0x19, 0x29, 0x13, 0x19, 0x29, 0x13, 0x19, 0x29, 0x13, 0x19, 0x29, 0x13, 0x19, 0x29, 0x13, 0x19, 0x29, 0x13, 0x19, 0x29, 0x13, 0x19, 0x29, 
        0x13, 0x19, 0x29, 0x13, 0x19, 0x29, 0x13, 0x19, 0x29, 0x13, 0x19, 0x29, 0x13, 0x19, 0x29, 0x13, 0x19, 0x29, 0x13, 0x19, 0x29, 0x13, 0x19, 0x29, 0x13, 0x19, 0x29, 0x13, 0x19, 0x29, 0x13, 0x19, 0x29, 0x13, 0x19, 0x29, 0x13, 0x19, 0x29, 
        0x13, 0x19, 0x29, 0x13, 0x19, 0x29, 0x13, 0x19, 0x29, 0x13, 0x19, 0x29, 0x13, 0x19, 0x29, 0x13, 0x19, 0x29, 0x13, 0x19, 0x29, 0x13, 0x19, 0x29, 0x13, 0x19, 0x29, 0x13, 0x19, 0x29, 0x13, 0x19, 0x29, 0x13, 0x19, 0x29, 0x13, 0x19, 0x29, 
        0x13, 0x19, 0x29, 0x13, 0x19, 0x29, 0x13, 0x19, 0x29, 0x13, 0x19, 0x29, 0x13, 0x19, 0x29, 0x13, 0x19, 0x29, 0x13, 0x19, 0x29, 0x13, 0x19, 0x29, 0x13, 0x19, 0x29, 0x13, 0x19, 0x29, 0x13, 0x19, 0x29, 0x13, 0x19, 0x29, 0x13, 0x19, 0x29, 
        0x13, 0x19, 0x29, 0x13, 0x19, 0x29, 0x13, 0x19, 0x29, 0x13, 0x19, 0x29, 0x13, 0x19, 0x29, 0x13, 0x19, 0x29, 0x13, 0x19, 0x29, 0x13, 0x19, 0x29, 0x13, 0x19, 0x29, 0x13, 0x19, 0x29, 0x13, 0x19, 0x29, 0x13, 0x19, 0x29, 0x13, 0x19, 0x29, 
        0x13, 0x19, 0x29, 0x13, 0x19, 0x29, 0x13, 0x19, 0x29, 0x13, 0x19, 0x29, 0x13, 0x19, 0x29, 0x13, 0x19, 0x29, 0x13, 0x19, 0x29, 0x13, 0x19, 0x29, 0x13, 0x19, 0x29, 0x13, 0x19, 0x29, 0x13, 0x19, 0x29, 0x13, 0x19, 0x29, 0x13, 0x19, 0x29, 
        0x13, 0x19, 0x29, 0x13, 0x19, 0x29, 0x13, 0x19, 0x29, 0x13, 0x19, 0x29, 0x13, 0x19, 0x29, 0x13, 0x19, 0x29, 0x13, 0x19, 0x29, 0x13, 0x19, 0x29, 0x13, 0x19, 0x29, 0x13, 0x19, 0x29, 0x13, 0x19, 0x29, 0x13, 0x19, 0x29, 0x13, 0x19, 0x29, 
        0x13, 0x19, 0x29, 0x13, 0x19, 0x29, 0x13, 0x19, 0x29, 0x13, 0x19, 0x29, 0x13, 0x19, 0x29, 0x13, 0x19, 0x29, 0x13, 0x19, 0x29, 0x13, 0x19, 0x29, 0x13, 0x19, 0x29, 0x13, 0x19, 0x29, 0x13, 0x19, 0x29, 0x13, 0x19, 0x29, 0x13, 0x19, 0x29, 
        0x13, 0x19, 0x29, 0x13, 0x19, 0x29, 0x13, 0x19, 0x29, 0x13, 0x19, 0x29
};

GUI_CONST_STORAGE GUI_BITMAP bmTitleHelp = {
  200, // xSize
  70, // ySize
  600, // BytesPerLine
  24, // BitsPerPixel
  (unsigned char *)_acTitleHelp,  // Pointer to picture data
  NULL,  // Pointer to palette
  GUI_DRAW_BMP24
};

/*************************** End of file ****************************/
