/*********************************************************************
*                SEGGER Microcontroller GmbH & Co. KG                *
*        Solutions for real time microcontroller applications        *
*                           www.segger.com                           *
**********************************************************************
*                                                                    *
* C-file generated by                                                *
*                                                                    *
*        Bitmap Converter for emWin (Demo version) V5.48.            *
*        Compiled Jun 12 2018, 15:10:41                              *
*                                                                    *
*        (c) 1998 - 2018 Segger Microcontroller GmbH                 *
*                                                                    *
*        May not be used in a product                                *
*                                                                    *
**********************************************************************
*                                                                    *
* Source file: TitleProtocolCurrent                                  *
* Dimensions:  200 * 70                                              *
* NumColors:   24bpp: 16777216                                       *
*                                                                    *
**********************************************************************
*/

#include <stdlib.h>

#include "GUI.h"

#ifndef GUI_CONST_STORAGE
  #define GUI_CONST_STORAGE const
#endif

extern GUI_CONST_STORAGE GUI_BITMAP bmTitleProtocolCurrent;

static GUI_CONST_STORAGE unsigned char _acTitleProtocolCurrent[] = {
  0x13, 0x19, 0x29, 0x13, 0x19, 0x29, 0x13, 0x19, 0x29, 0x13, 0x19, 0x29, 0x13, 0x19, 0x29, 0x13, 0x19, 0x29, 0x13, 0x19, 0x29, 0x13, 0x19, 0x29, 0x13, 0x19, 0x29, 0x13, 0x19, 0x29, 0x13, 0x19, 0x29, 0x13, 0x19, 0x29, 0x13, 0x19, 0x29, 0x13, 0x19, 0x29, 
        0x13, 0x19, 0x29, 0x13, 0x19, 0x29, 0x13, 0x19, 0x29, 0x13, 0x19, 0x29, 0x13, 0x19, 0x29, 0x13, 0x19, 0x29, 0x13, 0x19, 0x29, 0x13, 0x19, 0x29, 0x13, 0x19, 0x29, 0x13, 0x19, 0x29, 0x13, 0x19, 0x29, 0x13, 0x19, 0x29, 0x13, 0x19, 0x29, 
        0x13, 0x19, 0x29, 0x13, 0x19, 0x29, 0x13, 0x19, 0x29, 0x13, 0x19, 0x29, 0x13, 0x19, 0x29, 0x13, 0x19, 0x29, 0x13, 0x19, 0x29, 0x13, 0x19, 0x29, 0x13, 0x19, 0x29, 0x13, 0x19, 0x29, 0x13, 0x19, 0x29, 0x13, 0x19, 0x29, 0x13, 0x19, 0x29, 
        0x13, 0x19, 0x29, 0x13, 0x19, 0x29, 0x13, 0x19, 0x29, 0x13, 0x19, 0x29, 0x13, 0x19, 0x29, 0x13, 0x19, 0x29, 0x13, 0x19, 0x29, 0x13, 0x19, 0x29, 0x13, 0x19, 0x29, 0x13, 0x19, 0x29, 0x13, 0x19, 0x29, 0x13, 0x19, 0x29, 0x13, 0x19, 0x29, 
        0x13, 0x19, 0x29, 0x13, 0x19, 0x29, 0x13, 0x19, 0x29, 0x13, 0x19, 0x29, 0x13, 0x19, 0x29, 0x13, 0x19, 0x29, 0x13, 0x19, 0x29, 0x13, 0x19, 0x29, 0x13, 0x19, 0x29, 0x13, 0x19, 0x29, 0x13, 0x19, 0x29, 0x13, 0x19, 0x29, 0x13, 0x19, 0x29, 
        0x13, 0x19, 0x29, 0x13, 0x19, 0x29, 0x13, 0x19, 0x29, 0x13, 0x19, 0x29, 0x13, 0x19, 0x29, 0x13, 0x19, 0x29, 0x13, 0x19, 0x29, 0x13, 0x19, 0x29, 0x13, 0x19, 0x29, 0x13, 0x19, 0x29, 0x13, 0x19, 0x29, 0x13, 0x19, 0x29, 0x13, 0x19, 0x29, 
        0x13, 0x19, 0x29, 0x13, 0x19, 0x29, 0x13, 0x19, 0x29, 0x13, 0x19, 0x29, 0x13, 0x19, 0x29, 0x13, 0x19, 0x29, 0x13, 0x19, 0x29, 0x13, 0x19, 0x29, 0x13, 0x19, 0x29, 0x13, 0x19, 0x29, 0x13, 0x19, 0x29, 0x13, 0x19, 0x29, 0x13, 0x19, 0x29, 
        0x13, 0x19, 0x29, 0x13, 0x19, 0x29, 0x13, 0x19, 0x29, 0x13, 0x19, 0x29, 0x13, 0x19, 0x29, 0x13, 0x19, 0x29, 0x13, 0x19, 0x29, 0x13, 0x19, 0x29, 0x13, 0x19, 0x29, 0x13, 0x19, 0x29, 0x13, 0x19, 0x29, 0x13, 0x19, 0x29, 0x13, 0x19, 0x29, 
        0x13, 0x19, 0x29, 0x13, 0x19, 0x29, 0x13, 0x19, 0x29, 0x13, 0x19, 0x29, 0x13, 0x19, 0x29, 0x13, 0x19, 0x29, 0x13, 0x19, 0x29, 0x13, 0x19, 0x29, 0x13, 0x19, 0x29, 0x13, 0x19, 0x29, 0x13, 0x19, 0x29, 0x13, 0x19, 0x29, 0x13, 0x19, 0x29, 
        0x13, 0x19, 0x29, 0x13, 0x19, 0x29, 0x13, 0x19, 0x29, 0x13, 0x19, 0x29, 0x13, 0x19, 0x29, 0x13, 0x19, 0x29, 0x13, 0x19, 0x29, 0x13, 0x19, 0x29, 0x13, 0x19, 0x29, 0x13, 0x19, 0x29, 0x13, 0x19, 0x29, 0x13, 0x19, 0x29, 0x13, 0x19, 0x29, 
        0x13, 0x19, 0x29, 0x13, 0x19, 0x29, 0x13, 0x19, 0x29, 0x13, 0x19, 0x29, 0x13, 0x19, 0x29, 0x13, 0x19, 0x29, 0x13, 0x19, 0x29, 0x13, 0x19, 0x29, 0x13, 0x19, 0x29, 0x13, 0x19, 0x29, 0x13, 0x19, 0x29, 0x13, 0x19, 0x29, 0x13, 0x19, 0x29, 
        0x13, 0x19, 0x29, 0x13, 0x19, 0x29, 0x13, 0x19, 0x29, 0x13, 0x19, 0x29, 0x13, 0x19, 0x29, 0x13, 0x19, 0x29, 0x13, 0x19, 0x29, 0x13, 0x19, 0x29, 0x13, 0x19, 0x29, 0x13, 0x19, 0x29, 0x13, 0x19, 0x29, 0x13, 0x19, 0x29, 0x13, 0x19, 0x29, 
        0x13, 0x19, 0x29, 0x13, 0x19, 0x29, 0x13, 0x19, 0x29, 0x13, 0x19, 0x29, 0x13, 0x19, 0x29, 0x13, 0x19, 0x29, 0x13, 0x19, 0x29, 0x13, 0x19, 0x29, 0x13, 0x19, 0x29, 0x13, 0x19, 0x29, 0x13, 0x19, 0x29, 0x13, 0x19, 0x29, 0x13, 0x19, 0x29, 
        0x13, 0x19, 0x29, 0x13, 0x19, 0x29, 0x13, 0x19, 0x29, 0x13, 0x19, 0x29, 0x13, 0x19, 0x29, 0x13, 0x19, 0x29, 0x13, 0x19, 0x29, 0x13, 0x19, 0x29, 0x13, 0x19, 0x29, 0x13, 0x19, 0x29, 0x13, 0x19, 0x29, 0x13, 0x19, 0x29, 0x13, 0x19, 0x29, 
        0x13, 0x19, 0x29, 0x13, 0x19, 0x29, 0x13, 0x19, 0x29, 0x13, 0x19, 0x29, 0x13, 0x19, 0x29, 0x13, 0x19, 0x29, 0x13, 0x19, 0x29, 0x13, 0x19, 0x29, 0x13, 0x19, 0x29, 0x13, 0x19, 0x29, 0x13, 0x19, 0x29, 0x13, 0x19, 0x29, 0x13, 0x19, 0x29, 
        0x13, 0x19, 0x29, 0x13, 0x19, 0x29, 0x13, 0x19, 0x29, 0x13, 0x19, 0x29,
  0x13, 0x19, 0x29, 0x13, 0x19, 0x29, 0x13, 0x19, 0x29, 0x13, 0x19, 0x29, 0x13, 0x19, 0x29, 0x13, 0x19, 0x29, 0x13, 0x19, 0x29, 0x13, 0x19, 0x29, 0x13, 0x19, 0x29, 0x13, 0x19, 0x29, 0x13, 0x19, 0x29, 0x13, 0x19, 0x29, 0x13, 0x19, 0x29, 0x13, 0x19, 0x29, 
        0x13, 0x19, 0x29, 0x13, 0x19, 0x29, 0x13, 0x19, 0x29, 0x13, 0x19, 0x29, 0x13, 0x19, 0x29, 0x13, 0x19, 0x29, 0x13, 0x19, 0x29, 0x13, 0x19, 0x29, 0x13, 0x19, 0x29, 0x13, 0x19, 0x29, 0x13, 0x19, 0x29, 0x13, 0x19, 0x29, 0x13, 0x19, 0x29, 
        0x13, 0x19, 0x29, 0x13, 0x19, 0x29, 0x13, 0x19, 0x29, 0x13, 0x19, 0x29, 0x13, 0x19, 0x29, 0x13, 0x19, 0x29, 0x13, 0x19, 0x29, 0x13, 0x19, 0x29, 0x13, 0x19, 0x29, 0x13, 0x19, 0x29, 0x13, 0x19, 0x29, 0x13, 0x19, 0x29, 0x13, 0x19, 0x29, 
        0x13, 0x19, 0x29, 0x13, 0x19, 0x29, 0x13, 0x19, 0x29, 0x13, 0x19, 0x29, 0x13, 0x19, 0x29, 0x13, 0x19, 0x29, 0x13, 0x19, 0x29, 0x13, 0x19, 0x29, 0x13, 0x19, 0x29, 0x13, 0x19, 0x29, 0x13, 0x19, 0x29, 0x13, 0x19, 0x29, 0x13, 0x19, 0x29, 
        0x13, 0x19, 0x29, 0x13, 0x19, 0x29, 0x13, 0x19, 0x29, 0x13, 0x19, 0x29, 0x13, 0x19, 0x29, 0x13, 0x19, 0x29, 0x13, 0x19, 0x29, 0x13, 0x19, 0x29, 0x13, 0x19, 0x29, 0x13, 0x19, 0x29, 0x13, 0x19, 0x29, 0x13, 0x19, 0x29, 0x13, 0x19, 0x29, 
        0x13, 0x19, 0x29, 0x13, 0x19, 0x29, 0x13, 0x19, 0x29, 0x13, 0x19, 0x29, 0x13, 0x19, 0x29, 0x13, 0x19, 0x29, 0x13, 0x19, 0x29, 0x13, 0x19, 0x29, 0x13, 0x19, 0x29, 0x13, 0x19, 0x29, 0x13, 0x19, 0x29, 0x13, 0x19, 0x29, 0x13, 0x19, 0x29, 
        0x13, 0x19, 0x29, 0x13, 0x19, 0x29, 0x13, 0x19, 0x29, 0x13, 0x19, 0x29, 0x13, 0x19, 0x29, 0x13, 0x19, 0x29, 0x13, 0x19, 0x29, 0x13, 0x19, 0x29, 0x13, 0x19, 0x29, 0x13, 0x19, 0x29, 0x13, 0x19, 0x29, 0x13, 0x19, 0x29, 0x13, 0x19, 0x29, 
        0x13, 0x19, 0x29, 0x13, 0x19, 0x29, 0x13, 0x19, 0x29, 0x13, 0x19, 0x29, 0x13, 0x19, 0x29, 0x13, 0x19, 0x29, 0x13, 0x19, 0x29, 0x13, 0x19, 0x29, 0x13, 0x19, 0x29, 0x13, 0x19, 0x29, 0x13, 0x19, 0x29, 0x13, 0x19, 0x29, 0x13, 0x19, 0x29, 
        0x13, 0x19, 0x29, 0x13, 0x19, 0x29, 0x13, 0x19, 0x29, 0x13, 0x19, 0x29, 0x13, 0x19, 0x29, 0x13, 0x19, 0x29, 0x13, 0x19, 0x29, 0x13, 0x19, 0x29, 0x13, 0x19, 0x29, 0x13, 0x19, 0x29, 0x13, 0x19, 0x29, 0x13, 0x19, 0x29, 0x13, 0x19, 0x29, 
        0x13, 0x19, 0x29, 0x13, 0x19, 0x29, 0x13, 0x19, 0x29, 0x13, 0x19, 0x29, 0x13, 0x19, 0x29, 0x13, 0x19, 0x29, 0x13, 0x19, 0x29, 0x13, 0x19, 0x29, 0x13, 0x19, 0x29, 0x13, 0x19, 0x29, 0x13, 0x19, 0x29, 0x13, 0x19, 0x29, 0x13, 0x19, 0x29, 
        0x13, 0x19, 0x29, 0x13, 0x19, 0x29, 0x13, 0x19, 0x29, 0x13, 0x19, 0x29, 0x13, 0x19, 0x29, 0x13, 0x19, 0x29, 0x13, 0x19, 0x29, 0x13, 0x19, 0x29, 0x13, 0x19, 0x29, 0x13, 0x19, 0x29, 0x13, 0x19, 0x29, 0x13, 0x19, 0x29, 0x13, 0x19, 0x29, 
        0x13, 0x19, 0x29, 0x13, 0x19, 0x29, 0x13, 0x19, 0x29, 0x13, 0x19, 0x29, 0x13, 0x19, 0x29, 0x13, 0x19, 0x29, 0x13, 0x19, 0x29, 0x13, 0x19, 0x29, 0x13, 0x19, 0x29, 0x13, 0x19, 0x29, 0x13, 0x19, 0x29, 0x13, 0x19, 0x29, 0x13, 0x19, 0x29, 
        0x13, 0x19, 0x29, 0x13, 0x19, 0x29, 0x13, 0x19, 0x29, 0x13, 0x19, 0x29, 0x13, 0x19, 0x29, 0x13, 0x19, 0x29, 0x13, 0x19, 0x29, 0x13, 0x19, 0x29, 0x13, 0x19, 0x29, 0x13, 0x19, 0x29, 0x13, 0x19, 0x29, 0x13, 0x19, 0x29, 0x13, 0x19, 0x29, 
        0x13, 0x19, 0x29, 0x13, 0x19, 0x29, 0x13, 0x19, 0x29, 0x13, 0x19, 0x29, 0x13, 0x19, 0x29, 0x13, 0x19, 0x29, 0x13, 0x19, 0x29, 0x13, 0x19, 0x29, 0x13, 0x19, 0x29, 0x13, 0x19, 0x29, 0x13, 0x19, 0x29, 0x13, 0x19, 0x29, 0x13, 0x19, 0x29, 
        0x13, 0x19, 0x29, 0x13, 0x19, 0x29, 0x13, 0x19, 0x29, 0x13, 0x19, 0x29, 0x13, 0x19, 0x29, 0x13, 0x19, 0x29, 0x13, 0x19, 0x29, 0x13, 0x19, 0x29, 0x13, 0x19, 0x29, 0x13, 0x19, 0x29, 0x13, 0x19, 0x29, 0x13, 0x19, 0x29, 0x13, 0x19, 0x29, 
        0x13, 0x19, 0x29, 0x13, 0x19, 0x29, 0x13, 0x19, 0x29, 0x13, 0x19, 0x29,
  0x13, 0x19, 0x29, 0x13, 0x19, 0x29, 0x13, 0x19, 0x29, 0x13, 0x19, 0x29, 0x13, 0x19, 0x29, 0x13, 0x19, 0x29, 0x13, 0x19, 0x29, 0x13, 0x19, 0x29, 0x13, 0x19, 0x29, 0x13, 0x19, 0x29, 0x13, 0x19, 0x29, 0x13, 0x19, 0x29, 0x13, 0x19, 0x29, 0x13, 0x19, 0x29, 
        0x13, 0x19, 0x29, 0x13, 0x19, 0x29, 0x13, 0x19, 0x29, 0x13, 0x19, 0x29, 0x13, 0x19, 0x29, 0x13, 0x19, 0x29, 0x13, 0x19, 0x29, 0x13, 0x19, 0x29, 0x13, 0x19, 0x29, 0x13, 0x19, 0x29, 0x13, 0x19, 0x29, 0x13, 0x19, 0x29, 0x13, 0x19, 0x29, 
        0x13, 0x19, 0x29, 0x13, 0x19, 0x29, 0x13, 0x19, 0x29, 0x13, 0x19, 0x29, 0x13, 0x19, 0x29, 0x13, 0x19, 0x29, 0x13, 0x19, 0x29, 0x13, 0x19, 0x29, 0x13, 0x19, 0x29, 0x13, 0x19, 0x29, 0x13, 0x19, 0x29, 0x13, 0x19, 0x29, 0x13, 0x19, 0x29, 
        0x13, 0x19, 0x29, 0x13, 0x19, 0x29, 0x13, 0x19, 0x29, 0x13, 0x19, 0x29, 0x13, 0x19, 0x29, 0x13, 0x19, 0x29, 0x13, 0x19, 0x29, 0x13, 0x19, 0x29, 0x13, 0x19, 0x29, 0x13, 0x19, 0x29, 0x13, 0x19, 0x29, 0x13, 0x19, 0x29, 0x13, 0x19, 0x29, 
        0x13, 0x19, 0x29, 0x13, 0x19, 0x29, 0x13, 0x19, 0x29, 0x13, 0x19, 0x29, 0x13, 0x19, 0x29, 0x13, 0x19, 0x29, 0x13, 0x19, 0x29, 0x13, 0x19, 0x29, 0x13, 0x19, 0x29, 0x13, 0x19, 0x29, 0x13, 0x19, 0x29, 0x13, 0x19, 0x29, 0x13, 0x19, 0x29, 
        0x13, 0x19, 0x29, 0x13, 0x19, 0x29, 0x13, 0x19, 0x29, 0x13, 0x19, 0x29, 0x13, 0x19, 0x29, 0x13, 0x19, 0x29, 0x13, 0x19, 0x29, 0x13, 0x19, 0x29, 0x13, 0x19, 0x29, 0x13, 0x19, 0x29, 0x13, 0x19, 0x29, 0x13, 0x19, 0x29, 0x13, 0x19, 0x29, 
        0x13, 0x19, 0x29, 0x13, 0x19, 0x29, 0x13, 0x19, 0x29, 0x13, 0x19, 0x29, 0x13, 0x19, 0x29, 0x13, 0x19, 0x29, 0x13, 0x19, 0x29, 0x13, 0x19, 0x29, 0x13, 0x19, 0x29, 0x13, 0x19, 0x29, 0x13, 0x19, 0x29, 0x13, 0x19, 0x29, 0x13, 0x19, 0x29, 
        0x13, 0x19, 0x29, 0x13, 0x19, 0x29, 0x13, 0x19, 0x29, 0x13, 0x19, 0x29, 0x13, 0x19, 0x29, 0x13, 0x19, 0x29, 0x13, 0x19, 0x29, 0x13, 0x19, 0x29, 0x13, 0x19, 0x29, 0x13, 0x19, 0x29, 0x13, 0x19, 0x29, 0x13, 0x19, 0x29, 0x13, 0x19, 0x29, 
        0x13, 0x19, 0x29, 0x13, 0x19, 0x29, 0x13, 0x19, 0x29, 0x13, 0x19, 0x29, 0x13, 0x19, 0x29, 0x13, 0x19, 0x29, 0x13, 0x19, 0x29, 0x13, 0x19, 0x29, 0x13, 0x19, 0x29, 0x13, 0x19, 0x29, 0x13, 0x19, 0x29, 0x13, 0x19, 0x29, 0x13, 0x19, 0x29, 
        0x13, 0x19, 0x29, 0x13, 0x19, 0x29, 0x13, 0x19, 0x29, 0x13, 0x19, 0x29, 0x13, 0x19, 0x29, 0x13, 0x19, 0x29, 0x13, 0x19, 0x29, 0x13, 0x19, 0x29, 0x13, 0x19, 0x29, 0x13, 0x19, 0x29, 0x13, 0x19, 0x29, 0x13, 0x19, 0x29, 0x13, 0x19, 0x29, 
        0x13, 0x19, 0x29, 0x13, 0x19, 0x29, 0x13, 0x19, 0x29, 0x13, 0x19, 0x29, 0x13, 0x19, 0x29, 0x13, 0x19, 0x29, 0x13, 0x19, 0x29, 0x13, 0x19, 0x29, 0x13, 0x19, 0x29, 0x13, 0x19, 0x29, 0x13, 0x19, 0x29, 0x13, 0x19, 0x29, 0x13, 0x19, 0x29, 
        0x13, 0x19, 0x29, 0x13, 0x19, 0x29, 0x13, 0x19, 0x29, 0x13, 0x19, 0x29, 0x13, 0x19, 0x29, 0x13, 0x19, 0x29, 0x13, 0x19, 0x29, 0x13, 0x19, 0x29, 0x13, 0x19, 0x29, 0x13, 0x19, 0x29, 0x13, 0x19, 0x29, 0x13, 0x19, 0x29, 0x13, 0x19, 0x29, 
        0x13, 0x19, 0x29, 0x13, 0x19, 0x29, 0x13, 0x19, 0x29, 0x13, 0x19, 0x29, 0x13, 0x19, 0x29, 0x13, 0x19, 0x29, 0x13, 0x19, 0x29, 0x13, 0x19, 0x29, 0x13, 0x19, 0x29, 0x13, 0x19, 0x29, 0x13, 0x19, 0x29, 0x13, 0x19, 0x29, 0x13, 0x19, 0x29, 
        0x13, 0x19, 0x29, 0x13, 0x19, 0x29, 0x13, 0x19, 0x29, 0x13, 0x19, 0x29, 0x13, 0x19, 0x29, 0x13, 0x19, 0x29, 0x13, 0x19, 0x29, 0x13, 0x19, 0x29, 0x13, 0x19, 0x29, 0x13, 0x19, 0x29, 0x13, 0x19, 0x29, 0x13, 0x19, 0x29, 0x13, 0x19, 0x29, 
        0x13, 0x19, 0x29, 0x13, 0x19, 0x29, 0x13, 0x19, 0x29, 0x13, 0x19, 0x29, 0x13, 0x19, 0x29, 0x13, 0x19, 0x29, 0x13, 0x19, 0x29, 0x13, 0x19, 0x29, 0x13, 0x19, 0x29, 0x13, 0x19, 0x29, 0x13, 0x19, 0x29, 0x13, 0x19, 0x29, 0x13, 0x19, 0x29, 
        0x13, 0x19, 0x29, 0x13, 0x19, 0x29, 0x13, 0x19, 0x29, 0x13, 0x19, 0x29,
  0x13, 0x19, 0x29, 0x13, 0x19, 0x29, 0x13, 0x19, 0x29, 0x13, 0x19, 0x29, 0x13, 0x19, 0x29, 0x13, 0x19, 0x29, 0x13, 0x19, 0x29, 0x13, 0x19, 0x29, 0x13, 0x19, 0x29, 0x13, 0x19, 0x29, 0x13, 0x19, 0x29, 0x13, 0x19, 0x29, 0x13, 0x19, 0x29, 0x13, 0x19, 0x29, 
        0x13, 0x19, 0x29, 0x13, 0x19, 0x29, 0x13, 0x19, 0x29, 0x13, 0x19, 0x29, 0x13, 0x19, 0x29, 0x13, 0x19, 0x29, 0x13, 0x19, 0x29, 0x13, 0x19, 0x29, 0x13, 0x19, 0x29, 0x13, 0x19, 0x29, 0x13, 0x19, 0x29, 0x13, 0x19, 0x29, 0x13, 0x19, 0x29, 
        0x13, 0x19, 0x29, 0x13, 0x19, 0x29, 0x13, 0x19, 0x29, 0x13, 0x19, 0x29, 0x13, 0x19, 0x29, 0x13, 0x19, 0x29, 0x13, 0x19, 0x29, 0x13, 0x19, 0x29, 0x13, 0x19, 0x29, 0x13, 0x19, 0x29, 0x13, 0x19, 0x29, 0x13, 0x19, 0x29, 0x13, 0x19, 0x29, 
        0x13, 0x19, 0x29, 0x13, 0x19, 0x29, 0x13, 0x19, 0x29, 0x13, 0x19, 0x29, 0x13, 0x19, 0x29, 0x13, 0x19, 0x29, 0x13, 0x19, 0x29, 0x13, 0x19, 0x29, 0x13, 0x19, 0x29, 0x13, 0x19, 0x29, 0x13, 0x19, 0x29, 0x13, 0x19, 0x29, 0x13, 0x19, 0x29, 
        0x13, 0x19, 0x29, 0x13, 0x19, 0x29, 0x13, 0x19, 0x29, 0x13, 0x19, 0x29, 0x13, 0x19, 0x29, 0x13, 0x19, 0x29, 0x13, 0x19, 0x29, 0x13, 0x19, 0x29, 0x13, 0x19, 0x29, 0x13, 0x19, 0x29, 0x13, 0x19, 0x29, 0x13, 0x19, 0x29, 0x13, 0x19, 0x29, 
        0x13, 0x19, 0x29, 0x13, 0x19, 0x29, 0x13, 0x19, 0x29, 0x13, 0x19, 0x29, 0x13, 0x19, 0x29, 0x13, 0x19, 0x29, 0x13, 0x19, 0x29, 0x13, 0x19, 0x29, 0x13, 0x19, 0x29, 0x13, 0x19, 0x29, 0x13, 0x19, 0x29, 0x13, 0x19, 0x29, 0x13, 0x19, 0x29, 
        0x13, 0x19, 0x29, 0x13, 0x19, 0x29, 0x13, 0x19, 0x29, 0x13, 0x19, 0x29, 0x13, 0x19, 0x29, 0x13, 0x19, 0x29, 0x13, 0x19, 0x29, 0x13, 0x19, 0x29, 0x13, 0x19, 0x29, 0x13, 0x19, 0x29, 0x13, 0x19, 0x29, 0x13, 0x19, 0x29, 0x13, 0x19, 0x29, 
        0x13, 0x19, 0x29, 0x13, 0x19, 0x29, 0x13, 0x19, 0x29, 0x13, 0x19, 0x29, 0x13, 0x19, 0x29, 0x13, 0x19, 0x29, 0x13, 0x19, 0x29, 0x13, 0x19, 0x29, 0x13, 0x19, 0x29, 0x13, 0x19, 0x29, 0x13, 0x19, 0x29, 0x13, 0x19, 0x29, 0x13, 0x19, 0x29, 
        0x13, 0x19, 0x29, 0x13, 0x19, 0x29, 0x13, 0x19, 0x29, 0x13, 0x19, 0x29, 0x13, 0x19, 0x29, 0x13, 0x19, 0x29, 0x13, 0x19, 0x29, 0x13, 0x19, 0x29, 0x13, 0x19, 0x29, 0x13, 0x19, 0x29, 0x13, 0x19, 0x29, 0x13, 0x19, 0x29, 0x13, 0x19, 0x29, 
        0x13, 0x19, 0x29, 0x13, 0x19, 0x29, 0x13, 0x19, 0x29, 0x13, 0x19, 0x29, 0x13, 0x19, 0x29, 0x13, 0x19, 0x29, 0x13, 0x19, 0x29, 0x13, 0x19, 0x29, 0x13, 0x19, 0x29, 0x13, 0x19, 0x29, 0x13, 0x19, 0x29, 0x13, 0x19, 0x29, 0x13, 0x19, 0x29, 
        0x13, 0x19, 0x29, 0x13, 0x19, 0x29, 0x13, 0x19, 0x29, 0x13, 0x19, 0x29, 0x13, 0x19, 0x29, 0x13, 0x19, 0x29, 0x13, 0x19, 0x29, 0x13, 0x19, 0x29, 0x13, 0x19, 0x29, 0x13, 0x19, 0x29, 0x13, 0x19, 0x29, 0x13, 0x19, 0x29, 0x13, 0x19, 0x29, 
        0x13, 0x19, 0x29, 0x13, 0x19, 0x29, 0x13, 0x19, 0x29, 0x13, 0x19, 0x29, 0x13, 0x19, 0x29, 0x13, 0x19, 0x29, 0x13, 0x19, 0x29, 0x13, 0x19, 0x29, 0x13, 0x19, 0x29, 0x13, 0x19, 0x29, 0x13, 0x19, 0x29, 0x13, 0x19, 0x29, 0x13, 0x19, 0x29, 
        0x13, 0x19, 0x29, 0x13, 0x19, 0x29, 0x13, 0x19, 0x29, 0x13, 0x19, 0x29, 0x13, 0x19, 0x29, 0x13, 0x19, 0x29, 0x13, 0x19, 0x29, 0x13, 0x19, 0x29, 0x13, 0x19, 0x29, 0x13, 0x19, 0x29, 0x13, 0x19, 0x29, 0x13, 0x19, 0x29, 0x13, 0x19, 0x29, 
        0x13, 0x19, 0x29, 0x13, 0x19, 0x29, 0x13, 0x19, 0x29, 0x13, 0x19, 0x29, 0x13, 0x19, 0x29, 0x13, 0x19, 0x29, 0x13, 0x19, 0x29, 0x13, 0x19, 0x29, 0x13, 0x19, 0x29, 0x13, 0x19, 0x29, 0x13, 0x19, 0x29, 0x13, 0x19, 0x29, 0x13, 0x19, 0x29, 
        0x13, 0x19, 0x29, 0x13, 0x19, 0x29, 0x13, 0x19, 0x29, 0x13, 0x19, 0x29, 0x13, 0x19, 0x29, 0x13, 0x19, 0x29, 0x13, 0x19, 0x29, 0x13, 0x19, 0x29, 0x13, 0x19, 0x29, 0x13, 0x19, 0x29, 0x13, 0x19, 0x29, 0x13, 0x19, 0x29, 0x13, 0x19, 0x29, 
        0x13, 0x19, 0x29, 0x13, 0x19, 0x29, 0x13, 0x19, 0x29, 0x13, 0x19, 0x29,
  0x13, 0x19, 0x29, 0x13, 0x19, 0x29, 0x13, 0x19, 0x29, 0x13, 0x19, 0x29, 0x13, 0x19, 0x29, 0x13, 0x19, 0x29, 0x13, 0x19, 0x29, 0x13, 0x19, 0x29, 0x13, 0x19, 0x29, 0x13, 0x19, 0x29, 0x13, 0x19, 0x29, 0x13, 0x19, 0x29, 0x13, 0x19, 0x29, 0x13, 0x19, 0x29, 
        0x13, 0x19, 0x29, 0x13, 0x19, 0x29, 0x13, 0x19, 0x29, 0x13, 0x19, 0x29, 0x13, 0x19, 0x29, 0x13, 0x19, 0x29, 0x13, 0x19, 0x29, 0x13, 0x19, 0x29, 0x13, 0x19, 0x29, 0x13, 0x19, 0x29, 0x13, 0x19, 0x29, 0x13, 0x19, 0x29, 0x13, 0x19, 0x29, 
        0x13, 0x19, 0x29, 0x13, 0x19, 0x29, 0x13, 0x19, 0x29, 0x13, 0x19, 0x29, 0x13, 0x19, 0x29, 0x13, 0x19, 0x29, 0x13, 0x19, 0x29, 0x13, 0x19, 0x29, 0x13, 0x19, 0x29, 0x13, 0x19, 0x29, 0x13, 0x19, 0x29, 0x13, 0x19, 0x29, 0x13, 0x19, 0x29, 
        0x13, 0x19, 0x29, 0x13, 0x19, 0x29, 0x13, 0x19, 0x29, 0x13, 0x19, 0x29, 0x13, 0x19, 0x29, 0x13, 0x19, 0x29, 0x13, 0x19, 0x29, 0x13, 0x19, 0x29, 0x13, 0x19, 0x29, 0x13, 0x19, 0x29, 0x13, 0x19, 0x29, 0x13, 0x19, 0x29, 0x13, 0x19, 0x29, 
        0x13, 0x19, 0x29, 0x13, 0x19, 0x29, 0x13, 0x19, 0x29, 0x13, 0x19, 0x29, 0x13, 0x19, 0x29, 0x13, 0x19, 0x29, 0x13, 0x19, 0x29, 0x13, 0x19, 0x29, 0x13, 0x19, 0x29, 0x13, 0x19, 0x29, 0x13, 0x19, 0x29, 0x13, 0x19, 0x29, 0x13, 0x19, 0x29, 
        0x13, 0x19, 0x29, 0x13, 0x19, 0x29, 0x13, 0x19, 0x29, 0x13, 0x19, 0x29, 0x13, 0x19, 0x29, 0x13, 0x19, 0x29, 0x13, 0x19, 0x29, 0x13, 0x19, 0x29, 0x13, 0x19, 0x29, 0x13, 0x19, 0x29, 0x13, 0x19, 0x29, 0x13, 0x19, 0x29, 0x13, 0x19, 0x29, 
        0x13, 0x19, 0x29, 0x13, 0x19, 0x29, 0x13, 0x19, 0x29, 0x13, 0x19, 0x29, 0x13, 0x19, 0x29, 0x13, 0x19, 0x29, 0x13, 0x19, 0x29, 0x13, 0x19, 0x29, 0x13, 0x19, 0x29, 0x13, 0x19, 0x29, 0x13, 0x19, 0x29, 0x13, 0x19, 0x29, 0x13, 0x19, 0x29, 
        0x13, 0x19, 0x29, 0x13, 0x19, 0x29, 0x13, 0x19, 0x29, 0x14, 0x22, 0x32, 0x19, 0x45, 0x57, 0x1D, 0x62, 0x75, 0x1F, 0x75, 0x89, 0x21, 0x7F, 0x93, 0x21, 0x7F, 0x93, 0x1F, 0x75, 0x89, 0x1D, 0x62, 0x75, 0x19, 0x45, 0x57, 0x14, 0x22, 0x32, 
        0x13, 0x19, 0x29, 0x13, 0x19, 0x29, 0x13, 0x19, 0x29, 0x13, 0x19, 0x29, 0x13, 0x19, 0x29, 0x13, 0x19, 0x29, 0x13, 0x19, 0x29, 0x13, 0x19, 0x29, 0x13, 0x19, 0x29, 0x13, 0x19, 0x29, 0x13, 0x19, 0x29, 0x13, 0x19, 0x29, 0x13, 0x19, 0x29, 
        0x13, 0x19, 0x29, 0x13, 0x19, 0x29, 0x13, 0x19, 0x29, 0x13, 0x19, 0x29, 0x13, 0x19, 0x29, 0x13, 0x19, 0x29, 0x13, 0x19, 0x29, 0x13, 0x19, 0x29, 0x13, 0x19, 0x29, 0x13, 0x19, 0x29, 0x13, 0x19, 0x29, 0x13, 0x19, 0x29, 0x13, 0x19, 0x29, 
        0x13, 0x19, 0x29, 0x13, 0x19, 0x29, 0x13, 0x19, 0x29, 0x13, 0x19, 0x29, 0x13, 0x19, 0x29, 0x13, 0x19, 0x29, 0x13, 0x19, 0x29, 0x13, 0x19, 0x29, 0x13, 0x19, 0x29, 0x13, 0x19, 0x29, 0x13, 0x19, 0x29, 0x13, 0x19, 0x29, 0x13, 0x19, 0x29, 
        0x13, 0x19, 0x29, 0x13, 0x19, 0x29, 0x13, 0x19, 0x29, 0x13, 0x19, 0x29, 0x13, 0x19, 0x29, 0x13, 0x19, 0x29, 0x13, 0x19, 0x29, 0x13, 0x19, 0x29, 0x13, 0x19, 0x29, 0x13, 0x19, 0x29, 0x13, 0x19, 0x29, 0x13, 0x19, 0x29, 0x13, 0x19, 0x29, 
        0x13, 0x19, 0x29, 0x13, 0x19, 0x29, 0x13, 0x19, 0x29, 0x13, 0x19, 0x29, 0x13, 0x19, 0x29, 0x13, 0x19, 0x29, 0x13, 0x19, 0x29, 0x13, 0x19, 0x29, 0x13, 0x19, 0x29, 0x13, 0x19, 0x29, 0x13, 0x19, 0x29, 0x13, 0x19, 0x29, 0x13, 0x19, 0x29, 
        0x13, 0x19, 0x29, 0x13, 0x19, 0x29, 0x13, 0x19, 0x29, 0x13, 0x19, 0x29, 0x13, 0x19, 0x29, 0x13, 0x19, 0x29, 0x13, 0x19, 0x29, 0x13, 0x19, 0x29, 0x13, 0x19, 0x29, 0x13, 0x19, 0x29, 0x13, 0x19, 0x29, 0x13, 0x19, 0x29, 0x13, 0x19, 0x29, 
        0x13, 0x19, 0x29, 0x13, 0x19, 0x29, 0x13, 0x19, 0x29, 0x13, 0x19, 0x29, 0x13, 0x19, 0x29, 0x13, 0x19, 0x29, 0x13, 0x19, 0x29, 0x13, 0x19, 0x29, 0x13, 0x19, 0x29, 0x13, 0x19, 0x29, 0x13, 0x19, 0x29, 0x13, 0x19, 0x29, 0x13, 0x19, 0x29, 
        0x13, 0x19, 0x29, 0x13, 0x19, 0x29, 0x13, 0x19, 0x29, 0x13, 0x19, 0x29,
  0x13, 0x19, 0x29, 0x13, 0x19, 0x29, 0x13, 0x19, 0x29, 0x13, 0x19, 0x29, 0x13, 0x19, 0x29, 0x13, 0x19, 0x29, 0x13, 0x19, 0x29, 0x13, 0x19, 0x29, 0x13, 0x19, 0x29, 0x13, 0x19, 0x29, 0x13, 0x19, 0x29, 0x13, 0x19, 0x29, 0x13, 0x19, 0x29, 0x13, 0x19, 0x29, 
        0x13, 0x19, 0x29, 0x13, 0x19, 0x29, 0x13, 0x19, 0x29, 0x13, 0x19, 0x29, 0x13, 0x19, 0x29, 0x13, 0x19, 0x29, 0x13, 0x19, 0x29, 0x13, 0x19, 0x29, 0x13, 0x19, 0x29, 0x13, 0x19, 0x29, 0x13, 0x19, 0x29, 0x13, 0x19, 0x29, 0x13, 0x19, 0x29, 
        0x13, 0x19, 0x29, 0x13, 0x19, 0x29, 0x13, 0x19, 0x29, 0x13, 0x19, 0x29, 0x13, 0x19, 0x29, 0x13, 0x19, 0x29, 0x13, 0x19, 0x29, 0x13, 0x19, 0x29, 0x13, 0x19, 0x29, 0x13, 0x19, 0x29, 0x13, 0x19, 0x29, 0x13, 0x19, 0x29, 0x13, 0x19, 0x29, 
        0x13, 0x19, 0x29, 0x13, 0x19, 0x29, 0x13, 0x19, 0x29, 0x13, 0x19, 0x29, 0x13, 0x19, 0x29, 0x13, 0x19, 0x29, 0x13, 0x19, 0x29, 0x13, 0x19, 0x29, 0x13, 0x19, 0x29, 0x13, 0x19, 0x29, 0x13, 0x19, 0x29, 0x13, 0x19, 0x29, 0x13, 0x19, 0x29, 
        0x13, 0x19, 0x29, 0x13, 0x19, 0x29, 0x13, 0x19, 0x29, 0x13, 0x19, 0x29, 0x13, 0x19, 0x29, 0x13, 0x19, 0x29, 0x13, 0x19, 0x29, 0x13, 0x19, 0x29, 0x13, 0x19, 0x29, 0x13, 0x19, 0x29, 0x13, 0x19, 0x29, 0x13, 0x19, 0x29, 0x13, 0x19, 0x29, 
        0x13, 0x19, 0x29, 0x13, 0x19, 0x29, 0x13, 0x19, 0x29, 0x13, 0x19, 0x29, 0x13, 0x19, 0x29, 0x13, 0x19, 0x29, 0x13, 0x19, 0x29, 0x13, 0x19, 0x29, 0x13, 0x19, 0x29, 0x13, 0x19, 0x29, 0x13, 0x19, 0x29, 0x13, 0x19, 0x29, 0x13, 0x19, 0x29, 
        0x13, 0x19, 0x29, 0x13, 0x19, 0x29, 0x13, 0x19, 0x29, 0x13, 0x19, 0x29, 0x13, 0x19, 0x29, 0x13, 0x19, 0x29, 0x13, 0x19, 0x29, 0x13, 0x19, 0x29, 0x13, 0x19, 0x29, 0x13, 0x19, 0x29, 0x13, 0x19, 0x29, 0x13, 0x19, 0x29, 0x13, 0x19, 0x29, 
        0x14, 0x2A, 0x3A, 0x1D, 0x6D, 0x80, 0x26, 0xAB, 0xC0, 0x2B, 0xD3, 0xEC, 0x2C, 0xD6, 0xEF, 0x2C, 0xD6, 0xEF, 0x2C, 0xD6, 0xEF, 0x2C, 0xD6, 0xEF, 0x2C, 0xD6, 0xEF, 0x2C, 0xD6, 0xEF, 0x2C, 0xD6, 0xEF, 0x2C, 0xD6, 0xEF, 0x2B, 0xD3, 0xEC, 
        0x26, 0xAB, 0xC0, 0x1D, 0x6D, 0x80, 0x14, 0x2A, 0x3A, 0x13, 0x19, 0x29, 0x13, 0x19, 0x29, 0x13, 0x19, 0x29, 0x13, 0x19, 0x29, 0x13, 0x19, 0x29, 0x13, 0x19, 0x29, 0x13, 0x19, 0x29, 0x13, 0x19, 0x29, 0x13, 0x19, 0x29, 0x13, 0x19, 0x29, 
        0x13, 0x19, 0x29, 0x13, 0x19, 0x29, 0x13, 0x19, 0x29, 0x13, 0x19, 0x29, 0x13, 0x19, 0x29, 0x13, 0x19, 0x29, 0x13, 0x19, 0x29, 0x13, 0x19, 0x29, 0x13, 0x19, 0x29, 0x13, 0x19, 0x29, 0x13, 0x19, 0x29, 0x13, 0x19, 0x29, 0x13, 0x19, 0x29, 
        0x13, 0x19, 0x29, 0x13, 0x19, 0x29, 0x13, 0x19, 0x29, 0x13, 0x19, 0x29, 0x13, 0x19, 0x29, 0x13, 0x19, 0x29, 0x13, 0x19, 0x29, 0x13, 0x19, 0x29, 0x13, 0x19, 0x29, 0x13, 0x19, 0x29, 0x13, 0x19, 0x29, 0x13, 0x19, 0x29, 0x13, 0x19, 0x29, 
        0x13, 0x19, 0x29, 0x13, 0x19, 0x29, 0x13, 0x19, 0x29, 0x13, 0x19, 0x29, 0x13, 0x19, 0x29, 0x13, 0x19, 0x29, 0x13, 0x19, 0x29, 0x13, 0x19, 0x29, 0x13, 0x19, 0x29, 0x13, 0x19, 0x29, 0x13, 0x19, 0x29, 0x13, 0x19, 0x29, 0x13, 0x19, 0x29, 
        0x13, 0x19, 0x29, 0x13, 0x19, 0x29, 0x13, 0x19, 0x29, 0x13, 0x19, 0x29, 0x13, 0x19, 0x29, 0x13, 0x19, 0x29, 0x13, 0x19, 0x29, 0x13, 0x19, 0x29, 0x13, 0x19, 0x29, 0x13, 0x19, 0x29, 0x13, 0x19, 0x29, 0x13, 0x19, 0x29, 0x13, 0x19, 0x29, 
        0x13, 0x19, 0x29, 0x13, 0x19, 0x29, 0x13, 0x19, 0x29, 0x13, 0x19, 0x29, 0x13, 0x19, 0x29, 0x13, 0x19, 0x29, 0x13, 0x19, 0x29, 0x13, 0x19, 0x29, 0x13, 0x19, 0x29, 0x13, 0x19, 0x29, 0x13, 0x19, 0x29, 0x13, 0x19, 0x29, 0x13, 0x19, 0x29, 
        0x13, 0x19, 0x29, 0x13, 0x19, 0x29, 0x13, 0x19, 0x29, 0x13, 0x19, 0x29, 0x13, 0x19, 0x29, 0x13, 0x19, 0x29, 0x13, 0x19, 0x29, 0x13, 0x19, 0x29, 0x13, 0x19, 0x29, 0x13, 0x19, 0x29, 0x13, 0x19, 0x29, 0x13, 0x19, 0x29, 0x13, 0x19, 0x29, 
        0x13, 0x19, 0x29, 0x13, 0x19, 0x29, 0x13, 0x19, 0x29, 0x13, 0x19, 0x29,
  0x13, 0x19, 0x29, 0x13, 0x19, 0x29, 0x13, 0x19, 0x29, 0x13, 0x19, 0x29, 0x13, 0x19, 0x29, 0x13, 0x19, 0x29, 0x13, 0x19, 0x29, 0x13, 0x19, 0x29, 0x13, 0x19, 0x29, 0x13, 0x19, 0x29, 0x13, 0x19, 0x29, 0x13, 0x19, 0x29, 0x13, 0x19, 0x29, 0x13, 0x19, 0x29, 
        0x13, 0x19, 0x29, 0x13, 0x19, 0x29, 0x13, 0x19, 0x29, 0x13, 0x19, 0x29, 0x13, 0x19, 0x29, 0x13, 0x19, 0x29, 0x13, 0x19, 0x29, 0x13, 0x19, 0x29, 0x13, 0x19, 0x29, 0x13, 0x19, 0x29, 0x13, 0x19, 0x29, 0x13, 0x19, 0x29, 0x13, 0x19, 0x29, 
        0x13, 0x19, 0x29, 0x13, 0x19, 0x29, 0x13, 0x19, 0x29, 0x13, 0x19, 0x29, 0x13, 0x19, 0x29, 0x13, 0x19, 0x29, 0x13, 0x19, 0x29, 0x13, 0x19, 0x29, 0x13, 0x19, 0x29, 0x13, 0x19, 0x29, 0x13, 0x19, 0x29, 0x13, 0x19, 0x29, 0x13, 0x19, 0x29, 
        0x13, 0x19, 0x29, 0x13, 0x19, 0x29, 0x13, 0x19, 0x29, 0x13, 0x19, 0x29, 0x13, 0x19, 0x29, 0x13, 0x19, 0x29, 0x13, 0x19, 0x29, 0x13, 0x19, 0x29, 0x13, 0x19, 0x29, 0x13, 0x19, 0x29, 0x13, 0x19, 0x29, 0x13, 0x19, 0x29, 0x13, 0x19, 0x29, 
        0x13, 0x19, 0x29, 0x13, 0x19, 0x29, 0x13, 0x19, 0x29, 0x13, 0x19, 0x29, 0x13, 0x19, 0x29, 0x13, 0x19, 0x29, 0x13, 0x19, 0x29, 0x13, 0x19, 0x29, 0x13, 0x19, 0x29, 0x13, 0x19, 0x29, 0x13, 0x19, 0x29, 0x13, 0x19, 0x29, 0x13, 0x19, 0x29, 
        0x13, 0x19, 0x29, 0x13, 0x19, 0x29, 0x13, 0x19, 0x29, 0x13, 0x19, 0x29, 0x13, 0x19, 0x29, 0x13, 0x19, 0x29, 0x13, 0x19, 0x29, 0x13, 0x19, 0x29, 0x13, 0x19, 0x29, 0x13, 0x19, 0x29, 0x13, 0x19, 0x29, 0x13, 0x19, 0x29, 0x13, 0x19, 0x29, 
        0x13, 0x19, 0x29, 0x13, 0x19, 0x29, 0x13, 0x19, 0x29, 0x13, 0x19, 0x29, 0x13, 0x19, 0x29, 0x13, 0x19, 0x29, 0x13, 0x19, 0x29, 0x12, 0x18, 0x2A, 0x12, 0x1A, 0x2A, 0x12, 0x19, 0x2A, 0x12, 0x1A, 0x2A, 0x15, 0x36, 0x48, 0x22, 0x91, 0xA5, 
        0x2B, 0xD4, 0xEB, 0x2C, 0xD7, 0xEF, 0x2C, 0xD7, 0xEF, 0x2C, 0xD7, 0xEF, 0x2A, 0xC8, 0xE0, 0x26, 0xAA, 0xC1, 0x22, 0x94, 0xA9, 0x21, 0x89, 0x9E, 0x21, 0x89, 0x9E, 0x22, 0x94, 0xA9, 0x26, 0xAA, 0xC1, 0x2A, 0xC8, 0xE0, 0x2C, 0xD7, 0xEF, 
        0x2C, 0xD7, 0xEF, 0x2C, 0xD7, 0xEE, 0x2B, 0xD4, 0xEB, 0x22, 0x91, 0xA5, 0x15, 0x36, 0x48, 0x12, 0x1A, 0x2A, 0x12, 0x19, 0x2A, 0x12, 0x1A, 0x2A, 0x12, 0x18, 0x2A, 0x13, 0x19, 0x29, 0x13, 0x19, 0x29, 0x13, 0x19, 0x29, 0x13, 0x19, 0x29, 
        0x13, 0x19, 0x29, 0x13, 0x19, 0x29, 0x13, 0x19, 0x29, 0x13, 0x19, 0x29, 0x13, 0x19, 0x29, 0x13, 0x19, 0x29, 0x13, 0x19, 0x29, 0x13, 0x19, 0x29, 0x13, 0x19, 0x29, 0x13, 0x19, 0x29, 0x13, 0x19, 0x29, 0x13, 0x19, 0x29, 0x13, 0x19, 0x29, 
        0x13, 0x19, 0x29, 0x13, 0x19, 0x29, 0x13, 0x19, 0x29, 0x13, 0x19, 0x29, 0x13, 0x19, 0x29, 0x13, 0x19, 0x29, 0x13, 0x19, 0x29, 0x13, 0x19, 0x29, 0x13, 0x19, 0x29, 0x13, 0x19, 0x29, 0x13, 0x19, 0x29, 0x13, 0x19, 0x29, 0x13, 0x19, 0x29, 
        0x13, 0x19, 0x29, 0x13, 0x19, 0x29, 0x13, 0x19, 0x29, 0x13, 0x19, 0x29, 0x13, 0x19, 0x29, 0x13, 0x19, 0x29, 0x13, 0x19, 0x29, 0x13, 0x19, 0x29, 0x13, 0x19, 0x29, 0x13, 0x19, 0x29, 0x13, 0x19, 0x29, 0x13, 0x19, 0x29, 0x13, 0x19, 0x29, 
        0x13, 0x19, 0x29, 0x13, 0x19, 0x29, 0x13, 0x19, 0x29, 0x13, 0x19, 0x29, 0x13, 0x19, 0x29, 0x13, 0x19, 0x29, 0x13, 0x19, 0x29, 0x13, 0x19, 0x29, 0x13, 0x19, 0x29, 0x13, 0x19, 0x29, 0x13, 0x19, 0x29, 0x13, 0x19, 0x29, 0x13, 0x19, 0x29, 
        0x13, 0x19, 0x29, 0x13, 0x19, 0x29, 0x13, 0x19, 0x29, 0x13, 0x19, 0x29, 0x13, 0x19, 0x29, 0x13, 0x19, 0x29, 0x13, 0x19, 0x29, 0x13, 0x19, 0x29, 0x13, 0x19, 0x29, 0x13, 0x19, 0x29, 0x13, 0x19, 0x29, 0x13, 0x19, 0x29, 0x13, 0x19, 0x29, 
        0x13, 0x19, 0x29, 0x13, 0x19, 0x29, 0x13, 0x19, 0x29, 0x13, 0x19, 0x29, 0x13, 0x19, 0x29, 0x13, 0x19, 0x29, 0x13, 0x19, 0x29, 0x13, 0x19, 0x29, 0x13, 0x19, 0x29, 0x13, 0x19, 0x29, 0x13, 0x19, 0x29, 0x13, 0x19, 0x29, 0x13, 0x19, 0x29, 
        0x13, 0x19, 0x29, 0x13, 0x19, 0x29, 0x13, 0x19, 0x29, 0x13, 0x19, 0x29,
  0x13, 0x19, 0x29, 0x13, 0x19, 0x29, 0x13, 0x19, 0x29, 0x13, 0x19, 0x29, 0x13, 0x19, 0x29, 0x13, 0x19, 0x29, 0x13, 0x19, 0x29, 0x13, 0x19, 0x29, 0x13, 0x19, 0x29, 0x13, 0x19, 0x29, 0x13, 0x19, 0x29, 0x13, 0x19, 0x29, 0x13, 0x19, 0x29, 0x13, 0x19, 0x29, 
        0x13, 0x19, 0x29, 0x13, 0x19, 0x29, 0x13, 0x19, 0x29, 0x13, 0x19, 0x29, 0x13, 0x19, 0x29, 0x13, 0x19, 0x29, 0x13, 0x19, 0x29, 0x13, 0x19, 0x29, 0x13, 0x19, 0x29, 0x13, 0x19, 0x29, 0x13, 0x19, 0x29, 0x13, 0x19, 0x29, 0x13, 0x19, 0x29, 
        0x13, 0x19, 0x29, 0x13, 0x19, 0x29, 0x13, 0x19, 0x29, 0x13, 0x19, 0x29, 0x13, 0x19, 0x29, 0x13, 0x19, 0x29, 0x13, 0x19, 0x29, 0x13, 0x19, 0x29, 0x13, 0x19, 0x29, 0x13, 0x19, 0x29, 0x13, 0x19, 0x29, 0x13, 0x19, 0x29, 0x13, 0x19, 0x29, 
        0x13, 0x19, 0x29, 0x13, 0x19, 0x29, 0x13, 0x19, 0x29, 0x13, 0x19, 0x29, 0x13, 0x19, 0x29, 0x13, 0x19, 0x29, 0x13, 0x19, 0x29, 0x13, 0x19, 0x29, 0x13, 0x19, 0x29, 0x13, 0x19, 0x29, 0x13, 0x19, 0x29, 0x13, 0x19, 0x29, 0x13, 0x19, 0x29, 
        0x13, 0x19, 0x29, 0x13, 0x19, 0x29, 0x13, 0x19, 0x29, 0x13, 0x19, 0x29, 0x13, 0x19, 0x29, 0x13, 0x19, 0x29, 0x13, 0x19, 0x29, 0x13, 0x19, 0x29, 0x13, 0x19, 0x29, 0x13, 0x19, 0x29, 0x13, 0x19, 0x29, 0x13, 0x19, 0x29, 0x13, 0x19, 0x29, 
        0x13, 0x19, 0x29, 0x13, 0x19, 0x29, 0x13, 0x19, 0x29, 0x13, 0x19, 0x29, 0x13, 0x19, 0x29, 0x13, 0x19, 0x29, 0x13, 0x19, 0x29, 0x13, 0x19, 0x29, 0x13, 0x19, 0x29, 0x13, 0x19, 0x29, 0x13, 0x19, 0x29, 0x13, 0x19, 0x29, 0x13, 0x19, 0x29, 
        0x13, 0x19, 0x29, 0x13, 0x19, 0x29, 0x13, 0x19, 0x29, 0x13, 0x19, 0x29, 0x13, 0x19, 0x29, 0x12, 0x18, 0x28, 0x12, 0x19, 0x29, 0x12, 0x1A, 0x2B, 0x12, 0x1C, 0x2C, 0x12, 0x23, 0x35, 0x20, 0x7F, 0x93, 0x2B, 0xD3, 0xEA, 0x2C, 0xD7, 0xEE, 
        0x2C, 0xD6, 0xEE, 0x27, 0xB5, 0xCB, 0x1D, 0x74, 0x87, 0x16, 0x3F, 0x50, 0x13, 0x21, 0x32, 0x13, 0x21, 0x32, 0x13, 0x21, 0x32, 0x13, 0x20, 0x32, 0x13, 0x21, 0x31, 0x13, 0x21, 0x31, 0x13, 0x21, 0x31, 0x13, 0x21, 0x31, 0x17, 0x3E, 0x50, 
        0x1D, 0x73, 0x86, 0x27, 0xB4, 0xCB, 0x2C, 0xD7, 0xEE, 0x2C, 0xD7, 0xEE, 0x2B, 0xD3, 0xEA, 0x1F, 0x7E, 0x93, 0x12, 0x23, 0x35, 0x12, 0x1C, 0x2C, 0x12, 0x1A, 0x2B, 0x12, 0x19, 0x29, 0x12, 0x18, 0x28, 0x13, 0x19, 0x29, 0x13, 0x19, 0x29, 
        0x13, 0x19, 0x29, 0x13, 0x19, 0x29, 0x13, 0x19, 0x29, 0x13, 0x19, 0x29, 0x13, 0x19, 0x29, 0x13, 0x19, 0x29, 0x13, 0x19, 0x29, 0x13, 0x19, 0x29, 0x13, 0x19, 0x29, 0x13, 0x19, 0x29, 0x13, 0x19, 0x29, 0x13, 0x19, 0x29, 0x13, 0x19, 0x29, 
        0x13, 0x19, 0x29, 0x13, 0x19, 0x29, 0x13, 0x19, 0x29, 0x13, 0x19, 0x29, 0x13, 0x19, 0x29, 0x13, 0x19, 0x29, 0x13, 0x19, 0x29, 0x13, 0x19, 0x29, 0x13, 0x19, 0x29, 0x13, 0x19, 0x29, 0x13, 0x19, 0x29, 0x13, 0x19, 0x29, 0x13, 0x19, 0x29, 
        0x13, 0x19, 0x29, 0x13, 0x19, 0x29, 0x13, 0x19, 0x29, 0x13, 0x19, 0x29, 0x13, 0x19, 0x29, 0x13, 0x19, 0x29, 0x13, 0x19, 0x29, 0x13, 0x19, 0x29, 0x13, 0x19, 0x29, 0x13, 0x19, 0x29, 0x13, 0x19, 0x29, 0x13, 0x19, 0x29, 0x13, 0x19, 0x29, 
        0x13, 0x19, 0x29, 0x13, 0x19, 0x29, 0x13, 0x19, 0x29, 0x13, 0x19, 0x29, 0x13, 0x19, 0x29, 0x13, 0x19, 0x29, 0x13, 0x19, 0x29, 0x13, 0x19, 0x29, 0x13, 0x19, 0x29, 0x13, 0x19, 0x29, 0x13, 0x19, 0x29, 0x13, 0x19, 0x29, 0x13, 0x19, 0x29, 
        0x13, 0x19, 0x29, 0x13, 0x19, 0x29, 0x13, 0x19, 0x29, 0x13, 0x19, 0x29, 0x13, 0x19, 0x29, 0x13, 0x19, 0x29, 0x13, 0x19, 0x29, 0x13, 0x19, 0x29, 0x13, 0x19, 0x29, 0x13, 0x19, 0x29, 0x13, 0x19, 0x29, 0x13, 0x19, 0x29, 0x13, 0x19, 0x29, 
        0x13, 0x19, 0x29, 0x13, 0x19, 0x29, 0x13, 0x19, 0x29, 0x13, 0x19, 0x29, 0x13, 0x19, 0x29, 0x13, 0x19, 0x29, 0x13, 0x19, 0x29, 0x13, 0x19, 0x29, 0x13, 0x19, 0x29, 0x13, 0x19, 0x29, 0x13, 0x19, 0x29, 0x13, 0x19, 0x29, 0x13, 0x19, 0x29, 
        0x13, 0x19, 0x29, 0x13, 0x19, 0x29, 0x13, 0x19, 0x29, 0x13, 0x19, 0x29,
  0x13, 0x19, 0x29, 0x13, 0x19, 0x29, 0x13, 0x19, 0x29, 0x13, 0x19, 0x29, 0x13, 0x19, 0x29, 0x13, 0x19, 0x29, 0x13, 0x19, 0x29, 0x13, 0x19, 0x29, 0x13, 0x19, 0x29, 0x13, 0x19, 0x29, 0x13, 0x19, 0x29, 0x13, 0x19, 0x29, 0x13, 0x19, 0x29, 0x13, 0x19, 0x29, 
        0x13, 0x19, 0x29, 0x13, 0x19, 0x29, 0x13, 0x19, 0x29, 0x13, 0x19, 0x29, 0x13, 0x19, 0x29, 0x13, 0x19, 0x29, 0x13, 0x19, 0x29, 0x13, 0x19, 0x29, 0x13, 0x19, 0x29, 0x13, 0x19, 0x29, 0x13, 0x19, 0x29, 0x13, 0x19, 0x29, 0x13, 0x19, 0x29, 
        0x13, 0x19, 0x29, 0x13, 0x19, 0x29, 0x13, 0x19, 0x29, 0x13, 0x19, 0x29, 0x13, 0x19, 0x29, 0x13, 0x19, 0x29, 0x13, 0x19, 0x29, 0x13, 0x19, 0x29, 0x13, 0x19, 0x29, 0x13, 0x19, 0x29, 0x13, 0x19, 0x29, 0x13, 0x19, 0x29, 0x13, 0x19, 0x29, 
        0x13, 0x19, 0x29, 0x13, 0x19, 0x29, 0x13, 0x19, 0x29, 0x13, 0x19, 0x29, 0x13, 0x19, 0x29, 0x13, 0x19, 0x29, 0x13, 0x19, 0x29, 0x13, 0x19, 0x29, 0x13, 0x19, 0x29, 0x13, 0x19, 0x29, 0x13, 0x19, 0x29, 0x13, 0x19, 0x29, 0x13, 0x19, 0x29, 
        0x13, 0x19, 0x29, 0x13, 0x19, 0x29, 0x13, 0x19, 0x29, 0x13, 0x19, 0x29, 0x13, 0x19, 0x29, 0x13, 0x19, 0x29, 0x13, 0x19, 0x29, 0x13, 0x19, 0x29, 0x13, 0x19, 0x29, 0x13, 0x19, 0x29, 0x13, 0x19, 0x29, 0x13, 0x19, 0x29, 0x13, 0x19, 0x29, 
        0x13, 0x19, 0x29, 0x13, 0x19, 0x29, 0x13, 0x19, 0x29, 0x13, 0x19, 0x29, 0x13, 0x19, 0x29, 0x13, 0x19, 0x29, 0x13, 0x19, 0x29, 0x13, 0x19, 0x29, 0x13, 0x19, 0x29, 0x13, 0x19, 0x29, 0x13, 0x19, 0x29, 0x13, 0x19, 0x29, 0x13, 0x19, 0x29, 
        0x13, 0x19, 0x29, 0x13, 0x19, 0x29, 0x13, 0x19, 0x29, 0x13, 0x19, 0x29, 0x12, 0x18, 0x28, 0x12, 0x1A, 0x2A, 0x12, 0x1B, 0x2C, 0x12, 0x1E, 0x2F, 0x17, 0x3D, 0x4F, 0x27, 0xB8, 0xCD, 0x2B, 0xD7, 0xEF, 0x2C, 0xD8, 0xEF, 0x25, 0xAD, 0xC3, 
        0x19, 0x58, 0x6A, 0x14, 0x2C, 0x3D, 0x14, 0x2C, 0x3D, 0x14, 0x2C, 0x3D, 0x14, 0x2C, 0x3D, 0x14, 0x2B, 0x3D, 0x14, 0x2B, 0x3D, 0x14, 0x2B, 0x3C, 0x14, 0x2B, 0x3C, 0x14, 0x2A, 0x3C, 0x14, 0x2A, 0x3B, 0x14, 0x2A, 0x3B, 0x14, 0x2A, 0x3B, 
        0x14, 0x2A, 0x3B, 0x14, 0x2A, 0x3B, 0x19, 0x57, 0x69, 0x24, 0xAD, 0xC2, 0x2B, 0xD7, 0xEE, 0x2B, 0xD7, 0xEE, 0x26, 0xB7, 0xCC, 0x17, 0x3D, 0x4F, 0x12, 0x1E, 0x2F, 0x12, 0x1B, 0x2C, 0x12, 0x1A, 0x2A, 0x12, 0x18, 0x2A, 0x13, 0x19, 0x29, 
        0x13, 0x19, 0x29, 0x13, 0x19, 0x29, 0x13, 0x19, 0x29, 0x13, 0x19, 0x29, 0x13, 0x19, 0x29, 0x13, 0x19, 0x29, 0x13, 0x19, 0x29, 0x13, 0x19, 0x29, 0x13, 0x19, 0x29, 0x13, 0x19, 0x29, 0x13, 0x19, 0x29, 0x13, 0x19, 0x29, 0x13, 0x19, 0x29, 
        0x13, 0x19, 0x29, 0x13, 0x19, 0x29, 0x13, 0x19, 0x29, 0x13, 0x19, 0x29, 0x13, 0x19, 0x29, 0x13, 0x19, 0x29, 0x13, 0x19, 0x29, 0x13, 0x19, 0x29, 0x13, 0x19, 0x29, 0x13, 0x19, 0x29, 0x13, 0x19, 0x29, 0x13, 0x19, 0x29, 0x13, 0x19, 0x29, 
        0x13, 0x19, 0x29, 0x13, 0x19, 0x29, 0x13, 0x19, 0x29, 0x13, 0x19, 0x29, 0x13, 0x19, 0x29, 0x13, 0x19, 0x29, 0x13, 0x19, 0x29, 0x13, 0x19, 0x29, 0x13, 0x19, 0x29, 0x13, 0x19, 0x29, 0x13, 0x19, 0x29, 0x13, 0x19, 0x29, 0x13, 0x19, 0x29, 
        0x13, 0x19, 0x29, 0x13, 0x19, 0x29, 0x13, 0x19, 0x29, 0x13, 0x19, 0x29, 0x13, 0x19, 0x29, 0x13, 0x19, 0x29, 0x13, 0x19, 0x29, 0x13, 0x19, 0x29, 0x13, 0x19, 0x29, 0x13, 0x19, 0x29, 0x13, 0x19, 0x29, 0x13, 0x19, 0x29, 0x13, 0x19, 0x29, 
        0x13, 0x19, 0x29, 0x13, 0x19, 0x29, 0x13, 0x19, 0x29, 0x13, 0x19, 0x29, 0x13, 0x19, 0x29, 0x13, 0x19, 0x29, 0x13, 0x19, 0x29, 0x13, 0x19, 0x29, 0x13, 0x19, 0x29, 0x13, 0x19, 0x29, 0x13, 0x19, 0x29, 0x13, 0x19, 0x29, 0x13, 0x19, 0x29, 
        0x13, 0x19, 0x29, 0x13, 0x19, 0x29, 0x13, 0x19, 0x29, 0x13, 0x19, 0x29, 0x13, 0x19, 0x29, 0x13, 0x19, 0x29, 0x13, 0x19, 0x29, 0x13, 0x19, 0x29, 0x13, 0x19, 0x29, 0x13, 0x19, 0x29, 0x13, 0x19, 0x29, 0x13, 0x19, 0x29, 0x13, 0x19, 0x29, 
        0x13, 0x19, 0x29, 0x13, 0x19, 0x29, 0x13, 0x19, 0x29, 0x13, 0x19, 0x29,
  0x13, 0x19, 0x29, 0x13, 0x19, 0x29, 0x13, 0x19, 0x29, 0x13, 0x19, 0x29, 0x13, 0x19, 0x29, 0x13, 0x19, 0x29, 0x13, 0x19, 0x29, 0x13, 0x19, 0x29, 0x13, 0x19, 0x29, 0x13, 0x19, 0x29, 0x13, 0x19, 0x29, 0x13, 0x19, 0x29, 0x13, 0x19, 0x29, 0x13, 0x19, 0x29, 
        0x13, 0x19, 0x29, 0x13, 0x19, 0x29, 0x13, 0x19, 0x29, 0x13, 0x19, 0x29, 0x13, 0x19, 0x29, 0x13, 0x19, 0x29, 0x13, 0x19, 0x29, 0x13, 0x19, 0x29, 0x13, 0x19, 0x29, 0x13, 0x19, 0x29, 0x13, 0x19, 0x29, 0x13, 0x19, 0x29, 0x13, 0x19, 0x29, 
        0x13, 0x19, 0x29, 0x13, 0x19, 0x29, 0x13, 0x19, 0x29, 0x13, 0x19, 0x29, 0x13, 0x19, 0x29, 0x13, 0x19, 0x29, 0x13, 0x19, 0x29, 0x13, 0x19, 0x29, 0x13, 0x19, 0x29, 0x13, 0x19, 0x29, 0x13, 0x19, 0x29, 0x13, 0x19, 0x29, 0x13, 0x19, 0x29, 
        0x13, 0x19, 0x29, 0x13, 0x19, 0x29, 0x13, 0x19, 0x29, 0x13, 0x19, 0x29, 0x13, 0x19, 0x29, 0x13, 0x19, 0x29, 0x13, 0x19, 0x29, 0x13, 0x19, 0x29, 0x13, 0x19, 0x29, 0x13, 0x19, 0x29, 0x13, 0x19, 0x29, 0x13, 0x19, 0x29, 0x13, 0x19, 0x29, 
        0x13, 0x19, 0x29, 0x13, 0x19, 0x29, 0x13, 0x19, 0x29, 0x13, 0x19, 0x29, 0x13, 0x19, 0x29, 0x13, 0x19, 0x29, 0x13, 0x19, 0x29, 0x13, 0x19, 0x29, 0x13, 0x19, 0x29, 0x13, 0x19, 0x29, 0x13, 0x19, 0x29, 0x13, 0x19, 0x29, 0x13, 0x19, 0x29, 
        0x13, 0x19, 0x29, 0x13, 0x19, 0x29, 0x13, 0x19, 0x29, 0x13, 0x19, 0x29, 0x13, 0x19, 0x29, 0x13, 0x19, 0x29, 0x13, 0x19, 0x29, 0x13, 0x19, 0x29, 0x13, 0x19, 0x29, 0x13, 0x19, 0x29, 0x13, 0x19, 0x29, 0x13, 0x19, 0x29, 0x13, 0x19, 0x29, 
        0x13, 0x19, 0x29, 0x13, 0x19, 0x29, 0x13, 0x19, 0x29, 0x13, 0x19, 0x29, 0x12, 0x19, 0x29, 0x12, 0x1C, 0x2C, 0x13, 0x1F, 0x2F, 0x18, 0x51, 0x63, 0x29, 0xCE, 0xE5, 0x2B, 0xD7, 0xEE, 0x29, 0xCC, 0xE2, 0x1D, 0x71, 0x84, 0x15, 0x3A, 0x4C, 
        0x15, 0x3C, 0x4E, 0x16, 0x3D, 0x4F, 0x16, 0x3D, 0x4F, 0x15, 0x3D, 0x4E, 0x15, 0x3C, 0x4E, 0x15, 0x3B, 0x4D, 0x15, 0x3A, 0x4C, 0x15, 0x3A, 0x4C, 0x15, 0x39, 0x4A, 0x15, 0x39, 0x4B, 0x15, 0x38, 0x4A, 0x15, 0x38, 0x4A, 0x15, 0x38, 0x4A, 
        0x15, 0x38, 0x4A, 0x14, 0x38, 0x4A, 0x14, 0x38, 0x4A, 0x15, 0x37, 0x48, 0x1C, 0x6F, 0x81, 0x29, 0xCB, 0xE1, 0x2B, 0xD7, 0xEE, 0x29, 0xCC, 0xE4, 0x18, 0x50, 0x62, 0x13, 0x1F, 0x2F, 0x12, 0x1C, 0x2C, 0x12, 0x19, 0x2A, 0x13, 0x19, 0x29, 
        0x13, 0x19, 0x29, 0x13, 0x19, 0x29, 0x13, 0x19, 0x29, 0x13, 0x19, 0x29, 0x13, 0x19, 0x29, 0x13, 0x19, 0x29, 0x13, 0x19, 0x29, 0x13, 0x19, 0x29, 0x13, 0x19, 0x29, 0x13, 0x19, 0x29, 0x13, 0x19, 0x29, 0x13, 0x19, 0x29, 0x13, 0x19, 0x29, 
        0x13, 0x19, 0x29, 0x13, 0x19, 0x29, 0x13, 0x19, 0x29, 0x13, 0x19, 0x29, 0x13, 0x19, 0x29, 0x13, 0x19, 0x29, 0x13, 0x19, 0x29, 0x13, 0x19, 0x29, 0x13, 0x19, 0x29, 0x13, 0x19, 0x29, 0x13, 0x19, 0x29, 0x13, 0x19, 0x29, 0x13, 0x19, 0x29, 
        0x13, 0x19, 0x29, 0x13, 0x19, 0x29, 0x13, 0x19, 0x29, 0x13, 0x19, 0x29, 0x13, 0x19, 0x29, 0x13, 0x19, 0x29, 0x13, 0x19, 0x29, 0x13, 0x19, 0x29, 0x13, 0x19, 0x29, 0x13, 0x19, 0x29, 0x13, 0x19, 0x29, 0x13, 0x19, 0x29, 0x13, 0x19, 0x29, 
        0x13, 0x19, 0x29, 0x13, 0x19, 0x29, 0x13, 0x19, 0x29, 0x13, 0x19, 0x29, 0x13, 0x19, 0x29, 0x13, 0x19, 0x29, 0x13, 0x19, 0x29, 0x13, 0x19, 0x29, 0x13, 0x19, 0x29, 0x13, 0x19, 0x29, 0x13, 0x19, 0x29, 0x13, 0x19, 0x29, 0x13, 0x19, 0x29, 
        0x13, 0x19, 0x29, 0x13, 0x19, 0x29, 0x13, 0x19, 0x29, 0x13, 0x19, 0x29, 0x13, 0x19, 0x29, 0x13, 0x19, 0x29, 0x13, 0x19, 0x29, 0x13, 0x19, 0x29, 0x13, 0x19, 0x29, 0x13, 0x19, 0x29, 0x13, 0x19, 0x29, 0x13, 0x19, 0x29, 0x13, 0x19, 0x29, 
        0x13, 0x19, 0x29, 0x13, 0x19, 0x29, 0x13, 0x19, 0x29, 0x13, 0x19, 0x29, 0x13, 0x19, 0x29, 0x13, 0x19, 0x29, 0x13, 0x19, 0x29, 0x13, 0x19, 0x29, 0x13, 0x19, 0x29, 0x13, 0x19, 0x29, 0x13, 0x19, 0x29, 0x13, 0x19, 0x29, 0x13, 0x19, 0x29, 
        0x13, 0x19, 0x29, 0x13, 0x19, 0x29, 0x13, 0x19, 0x29, 0x13, 0x19, 0x29,
  0x13, 0x19, 0x29, 0x13, 0x19, 0x29, 0x13, 0x19, 0x29, 0x13, 0x19, 0x29, 0x13, 0x19, 0x29, 0x13, 0x19, 0x29, 0x13, 0x19, 0x29, 0x13, 0x19, 0x29, 0x13, 0x19, 0x29, 0x13, 0x19, 0x29, 0x13, 0x19, 0x29, 0x13, 0x19, 0x29, 0x13, 0x19, 0x29, 0x13, 0x19, 0x29, 
        0x13, 0x19, 0x29, 0x13, 0x19, 0x29, 0x13, 0x19, 0x29, 0x13, 0x19, 0x29, 0x13, 0x19, 0x29, 0x13, 0x19, 0x29, 0x13, 0x19, 0x29, 0x13, 0x19, 0x29, 0x13, 0x19, 0x29, 0x13, 0x19, 0x29, 0x13, 0x19, 0x29, 0x13, 0x19, 0x29, 0x13, 0x19, 0x29, 
        0x13, 0x19, 0x29, 0x13, 0x19, 0x29, 0x13, 0x19, 0x29, 0x13, 0x19, 0x29, 0x13, 0x19, 0x29, 0x13, 0x19, 0x29, 0x13, 0x19, 0x29, 0x13, 0x19, 0x29, 0x13, 0x19, 0x29, 0x13, 0x19, 0x29, 0x13, 0x19, 0x29, 0x13, 0x19, 0x29, 0x13, 0x19, 0x29, 
        0x13, 0x19, 0x29, 0x13, 0x19, 0x29, 0x13, 0x19, 0x29, 0x13, 0x19, 0x29, 0x13, 0x19, 0x29, 0x13, 0x19, 0x29, 0x13, 0x19, 0x29, 0x13, 0x19, 0x29, 0x13, 0x19, 0x29, 0x13, 0x19, 0x29, 0x13, 0x19, 0x29, 0x13, 0x19, 0x29, 0x13, 0x19, 0x29, 
        0x13, 0x19, 0x29, 0x13, 0x19, 0x29, 0x13, 0x19, 0x29, 0x13, 0x19, 0x29, 0x13, 0x19, 0x29, 0x13, 0x19, 0x29, 0x13, 0x19, 0x29, 0x13, 0x19, 0x29, 0x13, 0x19, 0x29, 0x13, 0x19, 0x29, 0x13, 0x19, 0x29, 0x13, 0x19, 0x29, 0x13, 0x19, 0x29, 
        0x13, 0x19, 0x29, 0x13, 0x19, 0x29, 0x13, 0x19, 0x29, 0x13, 0x19, 0x29, 0x13, 0x19, 0x29, 0x13, 0x19, 0x29, 0x13, 0x19, 0x29, 0x13, 0x19, 0x29, 0x13, 0x19, 0x29, 0x13, 0x19, 0x29, 0x13, 0x19, 0x29, 0x13, 0x19, 0x29, 0x13, 0x19, 0x29, 
        0x13, 0x19, 0x29, 0x13, 0x19, 0x29, 0x13, 0x19, 0x29, 0x12, 0x1A, 0x2A, 0x12, 0x1B, 0x2B, 0x12, 0x1F, 0x2E, 0x18, 0x53, 0x65, 0x2A, 0xD2, 0xE9, 0x2B, 0xD6, 0xEE, 0x26, 0xB7, 0xCD, 0x18, 0x56, 0x69, 0x17, 0x4B, 0x5E, 0x18, 0x4F, 0x62, 
        0x17, 0x52, 0x64, 0x18, 0x53, 0x65, 0x18, 0x52, 0x65, 0x17, 0x52, 0x64, 0x18, 0x50, 0x64, 0x18, 0x4F, 0x62, 0x17, 0x4D, 0x60, 0x17, 0x4D, 0x5F, 0x17, 0x4C, 0x5E, 0x17, 0x4B, 0x5D, 0x16, 0x4B, 0x5D, 0x16, 0x4A, 0x5C, 0x16, 0x4A, 0x5D, 
        0x16, 0x4A, 0x5D, 0x16, 0x4A, 0x5D, 0x17, 0x4A, 0x5C, 0x17, 0x48, 0x5B, 0x16, 0x46, 0x58, 0x18, 0x52, 0x66, 0x26, 0xB6, 0xCC, 0x2A, 0xD6, 0xEE, 0x2A, 0xD2, 0xE9, 0x19, 0x53, 0x65, 0x13, 0x1F, 0x2F, 0x12, 0x1B, 0x2B, 0x12, 0x1A, 0x2A, 
        0x13, 0x19, 0x29, 0x13, 0x19, 0x29, 0x13, 0x19, 0x29, 0x13, 0x19, 0x29, 0x13, 0x19, 0x29, 0x13, 0x19, 0x29, 0x13, 0x19, 0x29, 0x13, 0x19, 0x29, 0x13, 0x19, 0x29, 0x13, 0x19, 0x29, 0x13, 0x19, 0x29, 0x13, 0x19, 0x29, 0x13, 0x19, 0x29, 
        0x13, 0x19, 0x29, 0x13, 0x19, 0x29, 0x13, 0x19, 0x29, 0x13, 0x19, 0x29, 0x13, 0x19, 0x29, 0x13, 0x19, 0x29, 0x13, 0x19, 0x29, 0x13, 0x19, 0x29, 0x13, 0x19, 0x29, 0x13, 0x19, 0x29, 0x13, 0x19, 0x29, 0x13, 0x19, 0x29, 0x13, 0x19, 0x29, 
        0x13, 0x19, 0x29, 0x13, 0x19, 0x29, 0x13, 0x19, 0x29, 0x13, 0x19, 0x29, 0x13, 0x19, 0x29, 0x13, 0x19, 0x29, 0x13, 0x19, 0x29, 0x13, 0x19, 0x29, 0x13, 0x19, 0x29, 0x13, 0x19, 0x29, 0x13, 0x19, 0x29, 0x13, 0x19, 0x29, 0x13, 0x19, 0x29, 
        0x13, 0x19, 0x29, 0x13, 0x19, 0x29, 0x13, 0x19, 0x29, 0x13, 0x19, 0x29, 0x13, 0x19, 0x29, 0x13, 0x19, 0x29, 0x13, 0x19, 0x29, 0x13, 0x19, 0x29, 0x13, 0x19, 0x29, 0x13, 0x19, 0x29, 0x13, 0x19, 0x29, 0x13, 0x19, 0x29, 0x13, 0x19, 0x29, 
        0x13, 0x19, 0x29, 0x13, 0x19, 0x29, 0x13, 0x19, 0x29, 0x13, 0x19, 0x29, 0x13, 0x19, 0x29, 0x13, 0x19, 0x29, 0x13, 0x19, 0x29, 0x13, 0x19, 0x29, 0x13, 0x19, 0x29, 0x13, 0x19, 0x29, 0x13, 0x19, 0x29, 0x13, 0x19, 0x29, 0x13, 0x19, 0x29, 
        0x13, 0x19, 0x29, 0x13, 0x19, 0x29, 0x13, 0x19, 0x29, 0x13, 0x19, 0x29, 0x13, 0x19, 0x29, 0x13, 0x19, 0x29, 0x13, 0x19, 0x29, 0x13, 0x19, 0x29, 0x13, 0x19, 0x29, 0x13, 0x19, 0x29, 0x13, 0x19, 0x29, 0x13, 0x19, 0x29, 0x13, 0x19, 0x29, 
        0x13, 0x19, 0x29, 0x13, 0x19, 0x29, 0x13, 0x19, 0x29, 0x13, 0x19, 0x29,
  0x13, 0x19, 0x29, 0x13, 0x19, 0x29, 0x13, 0x19, 0x29, 0x13, 0x19, 0x29, 0x13, 0x19, 0x29, 0x13, 0x19, 0x29, 0x13, 0x19, 0x29, 0x13, 0x19, 0x29, 0x13, 0x19, 0x29, 0x13, 0x19, 0x29, 0x13, 0x19, 0x29, 0x13, 0x19, 0x29, 0x13, 0x19, 0x29, 0x13, 0x19, 0x29, 
        0x13, 0x19, 0x29, 0x13, 0x19, 0x29, 0x13, 0x19, 0x29, 0x13, 0x19, 0x29, 0x13, 0x19, 0x29, 0x13, 0x19, 0x29, 0x13, 0x19, 0x29, 0x13, 0x19, 0x29, 0x13, 0x19, 0x29, 0x13, 0x19, 0x29, 0x13, 0x19, 0x29, 0x13, 0x19, 0x29, 0x13, 0x19, 0x29, 
        0x13, 0x19, 0x29, 0x13, 0x19, 0x29, 0x13, 0x19, 0x29, 0x13, 0x19, 0x29, 0x13, 0x19, 0x29, 0x13, 0x19, 0x29, 0x13, 0x19, 0x29, 0x13, 0x19, 0x29, 0x13, 0x19, 0x29, 0x13, 0x19, 0x29, 0x13, 0x19, 0x29, 0x13, 0x19, 0x29, 0x13, 0x19, 0x29, 
        0x13, 0x19, 0x29, 0x13, 0x19, 0x29, 0x13, 0x19, 0x29, 0x13, 0x19, 0x29, 0x13, 0x19, 0x29, 0x13, 0x19, 0x29, 0x13, 0x19, 0x29, 0x13, 0x19, 0x29, 0x13, 0x19, 0x29, 0x13, 0x19, 0x29, 0x13, 0x19, 0x29, 0x13, 0x19, 0x29, 0x13, 0x19, 0x29, 
        0x13, 0x19, 0x29, 0x13, 0x19, 0x29, 0x13, 0x19, 0x29, 0x13, 0x19, 0x29, 0x13, 0x19, 0x29, 0x13, 0x19, 0x29, 0x13, 0x19, 0x29, 0x13, 0x19, 0x29, 0x13, 0x19, 0x29, 0x13, 0x19, 0x29, 0x13, 0x19, 0x29, 0x13, 0x19, 0x29, 0x13, 0x19, 0x29, 
        0x13, 0x19, 0x29, 0x13, 0x19, 0x29, 0x13, 0x19, 0x29, 0x13, 0x19, 0x29, 0x13, 0x19, 0x29, 0x13, 0x19, 0x29, 0x13, 0x19, 0x29, 0x13, 0x19, 0x29, 0x13, 0x19, 0x29, 0x13, 0x19, 0x29, 0x13, 0x19, 0x29, 0x13, 0x19, 0x29, 0x13, 0x19, 0x29, 
        0x13, 0x19, 0x29, 0x13, 0x19, 0x29, 0x13, 0x19, 0x29, 0x12, 0x19, 0x29, 0x12, 0x1D, 0x2D, 0x16, 0x45, 0x56, 0x2A, 0xCE, 0xE5, 0x2B, 0xD7, 0xEE, 0x25, 0xAF, 0xC4, 0x18, 0x55, 0x67, 0x19, 0x5A, 0x6C, 0x1A, 0x62, 0x75, 0x1B, 0x67, 0x7A, 
        0x1B, 0x6A, 0x7E, 0x1B, 0x6B, 0x7F, 0x1B, 0x6B, 0x7F, 0x1B, 0x69, 0x7D, 0x1A, 0x68, 0x7C, 0x1A, 0x65, 0x79, 0x1A, 0x64, 0x77, 0x1A, 0x62, 0x75, 0x19, 0x60, 0x73, 0x19, 0x5F, 0x72, 0x19, 0x5F, 0x71, 0x19, 0x5D, 0x71, 0x19, 0x5D, 0x71, 
        0x19, 0x5F, 0x71, 0x19, 0x5F, 0x72, 0x19, 0x5F, 0x71, 0x19, 0x5D, 0x70, 0x19, 0x59, 0x6C, 0x18, 0x53, 0x65, 0x17, 0x51, 0x62, 0x25, 0xAE, 0xC4, 0x2B, 0xD7, 0xEF, 0x2A, 0xCE, 0xE5, 0x16, 0x45, 0x56, 0x12, 0x1D, 0x2D, 0x12, 0x19, 0x2A, 
        0x13, 0x19, 0x29, 0x13, 0x19, 0x29, 0x13, 0x19, 0x29, 0x13, 0x19, 0x29, 0x13, 0x19, 0x29, 0x13, 0x19, 0x29, 0x13, 0x19, 0x29, 0x13, 0x19, 0x29, 0x13, 0x19, 0x29, 0x13, 0x19, 0x29, 0x13, 0x19, 0x29, 0x13, 0x19, 0x29, 0x13, 0x19, 0x29, 
        0x13, 0x19, 0x29, 0x13, 0x19, 0x29, 0x13, 0x19, 0x29, 0x13, 0x19, 0x29, 0x13, 0x19, 0x29, 0x13, 0x19, 0x29, 0x13, 0x19, 0x29, 0x13, 0x19, 0x29, 0x13, 0x19, 0x29, 0x13, 0x19, 0x29, 0x13, 0x19, 0x29, 0x13, 0x19, 0x29, 0x13, 0x19, 0x29, 
        0x13, 0x19, 0x29, 0x13, 0x19, 0x29, 0x13, 0x19, 0x29, 0x13, 0x19, 0x29, 0x13, 0x19, 0x29, 0x13, 0x19, 0x29, 0x13, 0x19, 0x29, 0x13, 0x19, 0x29, 0x13, 0x19, 0x29, 0x13, 0x19, 0x29, 0x13, 0x19, 0x29, 0x13, 0x19, 0x29, 0x13, 0x19, 0x29, 
        0x13, 0x19, 0x29, 0x13, 0x19, 0x29, 0x13, 0x19, 0x29, 0x13, 0x19, 0x29, 0x13, 0x19, 0x29, 0x13, 0x19, 0x29, 0x13, 0x19, 0x29, 0x13, 0x19, 0x29, 0x13, 0x19, 0x29, 0x13, 0x19, 0x29, 0x13, 0x19, 0x29, 0x13, 0x19, 0x29, 0x13, 0x19, 0x29, 
        0x13, 0x19, 0x29, 0x13, 0x19, 0x29, 0x13, 0x19, 0x29, 0x13, 0x19, 0x29, 0x13, 0x19, 0x29, 0x13, 0x19, 0x29, 0x13, 0x19, 0x29, 0x13, 0x19, 0x29, 0x13, 0x19, 0x29, 0x13, 0x19, 0x29, 0x13, 0x19, 0x29, 0x13, 0x19, 0x29, 0x13, 0x19, 0x29, 
        0x13, 0x19, 0x29, 0x13, 0x19, 0x29, 0x13, 0x19, 0x29, 0x13, 0x19, 0x29, 0x13, 0x19, 0x29, 0x13, 0x19, 0x29, 0x13, 0x19, 0x29, 0x13, 0x19, 0x29, 0x13, 0x19, 0x29, 0x13, 0x19, 0x29, 0x13, 0x19, 0x29, 0x13, 0x19, 0x29, 0x13, 0x19, 0x29, 
        0x13, 0x19, 0x29, 0x13, 0x19, 0x29, 0x13, 0x19, 0x29, 0x13, 0x19, 0x29,
  0x13, 0x19, 0x29, 0x13, 0x19, 0x29, 0x13, 0x19, 0x29, 0x13, 0x19, 0x29, 0x13, 0x19, 0x29, 0x13, 0x19, 0x29, 0x13, 0x19, 0x29, 0x13, 0x19, 0x29, 0x13, 0x19, 0x29, 0x13, 0x19, 0x29, 0x13, 0x19, 0x29, 0x13, 0x19, 0x29, 0x13, 0x19, 0x29, 0x13, 0x19, 0x29, 
        0x13, 0x19, 0x29, 0x13, 0x19, 0x29, 0x13, 0x19, 0x29, 0x13, 0x19, 0x29, 0x13, 0x19, 0x29, 0x13, 0x19, 0x29, 0x13, 0x19, 0x29, 0x13, 0x19, 0x29, 0x13, 0x19, 0x29, 0x13, 0x19, 0x29, 0x13, 0x19, 0x29, 0x13, 0x19, 0x29, 0x13, 0x19, 0x29, 
        0x13, 0x19, 0x29, 0x13, 0x19, 0x29, 0x13, 0x19, 0x29, 0x13, 0x19, 0x29, 0x13, 0x19, 0x29, 0x13, 0x19, 0x29, 0x13, 0x19, 0x29, 0x13, 0x19, 0x29, 0x13, 0x19, 0x29, 0x13, 0x19, 0x29, 0x13, 0x19, 0x29, 0x13, 0x19, 0x29, 0x13, 0x19, 0x29, 
        0x13, 0x19, 0x29, 0x13, 0x19, 0x29, 0x13, 0x19, 0x29, 0x13, 0x19, 0x29, 0x13, 0x19, 0x29, 0x13, 0x19, 0x29, 0x13, 0x19, 0x29, 0x13, 0x19, 0x29, 0x13, 0x19, 0x29, 0x13, 0x19, 0x29, 0x13, 0x19, 0x29, 0x13, 0x19, 0x29, 0x13, 0x19, 0x29, 
        0x13, 0x19, 0x29, 0x13, 0x19, 0x29, 0x13, 0x19, 0x29, 0x13, 0x19, 0x29, 0x13, 0x19, 0x29, 0x13, 0x19, 0x29, 0x13, 0x19, 0x29, 0x13, 0x19, 0x29, 0x13, 0x19, 0x29, 0x13, 0x19, 0x29, 0x13, 0x19, 0x29, 0x13, 0x19, 0x29, 0x13, 0x19, 0x29, 
        0x13, 0x19, 0x29, 0x13, 0x19, 0x29, 0x13, 0x19, 0x29, 0x13, 0x19, 0x29, 0x13, 0x19, 0x29, 0x13, 0x19, 0x29, 0x13, 0x19, 0x29, 0x13, 0x19, 0x29, 0x13, 0x19, 0x29, 0x13, 0x19, 0x29, 0x13, 0x19, 0x29, 0x13, 0x19, 0x29, 0x13, 0x19, 0x29, 
        0x13, 0x19, 0x29, 0x13, 0x19, 0x29, 0x13, 0x19, 0x29, 0x12, 0x1A, 0x2A, 0x13, 0x2A, 0x39, 0x28, 0xBF, 0xD4, 0x2B, 0xD7, 0xEF, 0x25, 0xB5, 0xCA, 0x18, 0x55, 0x67, 0x1F, 0x86, 0x9A, 0x23, 0xA5, 0xBB, 0x23, 0xAA, 0xBF, 0x24, 0xAD, 0xC3, 
        0x24, 0xAF, 0xC4, 0x24, 0xAF, 0xC4, 0x24, 0xAF, 0xC5, 0x24, 0xAE, 0xC5, 0x24, 0xAC, 0xC2, 0x23, 0xAB, 0xC1, 0x23, 0xAA, 0xBF, 0x23, 0xA9, 0xBF, 0x23, 0xA7, 0xBD, 0x22, 0xA7, 0xBD, 0x22, 0xA7, 0xBC, 0x22, 0xA7, 0xBC, 0x22, 0xA7, 0xBC, 
        0x22, 0xA7, 0xBC, 0x22, 0xA7, 0xBC, 0x22, 0xA7, 0xBC, 0x22, 0xA6, 0xBB, 0x22, 0xA5, 0xB9, 0x21, 0xA2, 0xB6, 0x1E, 0x81, 0x95, 0x18, 0x52, 0x65, 0x26, 0xB4, 0xCA, 0x2B, 0xD6, 0xEE, 0x28, 0xBF, 0xD5, 0x14, 0x2A, 0x3A, 0x12, 0x1A, 0x2B, 
        0x13, 0x19, 0x29, 0x13, 0x19, 0x29, 0x13, 0x19, 0x29, 0x13, 0x19, 0x29, 0x13, 0x19, 0x29, 0x13, 0x19, 0x29, 0x13, 0x19, 0x29, 0x13, 0x19, 0x29, 0x13, 0x19, 0x29, 0x13, 0x19, 0x29, 0x13, 0x19, 0x29, 0x13, 0x19, 0x29, 0x13, 0x19, 0x29, 
        0x13, 0x19, 0x29, 0x13, 0x19, 0x29, 0x13, 0x19, 0x29, 0x13, 0x19, 0x29, 0x13, 0x19, 0x29, 0x13, 0x19, 0x29, 0x13, 0x19, 0x29, 0x13, 0x19, 0x29, 0x13, 0x19, 0x29, 0x13, 0x19, 0x29, 0x13, 0x19, 0x29, 0x13, 0x19, 0x29, 0x13, 0x19, 0x29, 
        0x13, 0x19, 0x29, 0x13, 0x19, 0x29, 0x13, 0x19, 0x29, 0x13, 0x19, 0x29, 0x13, 0x19, 0x29, 0x13, 0x19, 0x29, 0x13, 0x19, 0x29, 0x13, 0x19, 0x29, 0x13, 0x19, 0x29, 0x13, 0x19, 0x29, 0x13, 0x19, 0x29, 0x13, 0x19, 0x29, 0x13, 0x19, 0x29, 
        0x13, 0x19, 0x29, 0x13, 0x19, 0x29, 0x13, 0x19, 0x29, 0x13, 0x19, 0x29, 0x13, 0x19, 0x29, 0x13, 0x19, 0x29, 0x13, 0x19, 0x29, 0x13, 0x19, 0x29, 0x13, 0x19, 0x29, 0x13, 0x19, 0x29, 0x13, 0x19, 0x29, 0x13, 0x19, 0x29, 0x13, 0x19, 0x29, 
        0x13, 0x19, 0x29, 0x13, 0x19, 0x29, 0x13, 0x19, 0x29, 0x13, 0x19, 0x29, 0x13, 0x19, 0x29, 0x13, 0x19, 0x29, 0x13, 0x19, 0x29, 0x13, 0x19, 0x29, 0x13, 0x19, 0x29, 0x13, 0x19, 0x29, 0x13, 0x19, 0x29, 0x13, 0x19, 0x29, 0x13, 0x19, 0x29, 
        0x13, 0x19, 0x29, 0x13, 0x19, 0x29, 0x13, 0x19, 0x29, 0x13, 0x19, 0x29, 0x13, 0x19, 0x29, 0x13, 0x19, 0x29, 0x13, 0x19, 0x29, 0x13, 0x19, 0x29, 0x13, 0x19, 0x29, 0x13, 0x19, 0x29, 0x13, 0x19, 0x29, 0x13, 0x19, 0x29, 0x13, 0x19, 0x29, 
        0x13, 0x19, 0x29, 0x13, 0x19, 0x29, 0x13, 0x19, 0x29, 0x13, 0x19, 0x29,
  0x13, 0x19, 0x29, 0x13, 0x19, 0x29, 0x13, 0x19, 0x29, 0x13, 0x19, 0x29, 0x13, 0x19, 0x29, 0x13, 0x19, 0x29, 0x13, 0x19, 0x29, 0x13, 0x19, 0x29, 0x13, 0x19, 0x29, 0x13, 0x19, 0x29, 0x13, 0x19, 0x29, 0x13, 0x19, 0x29, 0x13, 0x19, 0x29, 0x13, 0x19, 0x29, 
        0x13, 0x19, 0x29, 0x13, 0x19, 0x29, 0x13, 0x19, 0x29, 0x13, 0x19, 0x29, 0x13, 0x19, 0x29, 0x13, 0x19, 0x29, 0x13, 0x19, 0x29, 0x13, 0x19, 0x29, 0x13, 0x19, 0x29, 0x13, 0x19, 0x29, 0x13, 0x19, 0x29, 0x13, 0x19, 0x29, 0x13, 0x19, 0x29, 
        0x13, 0x19, 0x29, 0x13, 0x19, 0x29, 0x13, 0x19, 0x29, 0x13, 0x19, 0x29, 0x13, 0x19, 0x29, 0x13, 0x19, 0x29, 0x13, 0x19, 0x29, 0x13, 0x19, 0x29, 0x13, 0x19, 0x29, 0x13, 0x19, 0x29, 0x13, 0x19, 0x29, 0x13, 0x19, 0x29, 0x13, 0x19, 0x29, 
        0x13, 0x19, 0x29, 0x13, 0x19, 0x29, 0x13, 0x19, 0x29, 0x13, 0x19, 0x29, 0x13, 0x19, 0x29, 0x13, 0x19, 0x29, 0x13, 0x19, 0x29, 0x13, 0x19, 0x29, 0x13, 0x19, 0x29, 0x13, 0x19, 0x29, 0x13, 0x19, 0x29, 0x13, 0x19, 0x29, 0x13, 0x19, 0x29, 
        0x13, 0x19, 0x29, 0x13, 0x19, 0x29, 0x13, 0x19, 0x29, 0x13, 0x19, 0x29, 0x13, 0x19, 0x29, 0x13, 0x19, 0x29, 0x13, 0x19, 0x29, 0x13, 0x19, 0x29, 0x13, 0x19, 0x29, 0x13, 0x19, 0x29, 0x13, 0x19, 0x29, 0x13, 0x19, 0x29, 0x13, 0x19, 0x29, 
        0x13, 0x19, 0x29, 0x13, 0x19, 0x29, 0x13, 0x19, 0x29, 0x13, 0x19, 0x29, 0x13, 0x19, 0x29, 0x13, 0x19, 0x29, 0x13, 0x19, 0x29, 0x13, 0x19, 0x29, 0x13, 0x19, 0x29, 0x13, 0x19, 0x29, 0x13, 0x19, 0x29, 0x13, 0x19, 0x29, 0x13, 0x19, 0x29, 
        0x13, 0x19, 0x29, 0x13, 0x19, 0x29, 0x13, 0x19, 0x29, 0x12, 0x1B, 0x2B, 0x22, 0x93, 0xA8, 0x2C, 0xD7, 0xEE, 0x29, 0xC6, 0xDC, 0x18, 0x55, 0x68, 0x19, 0x5D, 0x71, 0x26, 0xBB, 0xD1, 0x25, 0xBB, 0xD1, 0x25, 0xB3, 0xCA, 0x26, 0xB7, 0xCD, 
        0x25, 0xB9, 0xCF, 0x26, 0xB9, 0xCE, 0x25, 0xB9, 0xCF, 0x25, 0xB7, 0xCE, 0x25, 0xB5, 0xCC, 0x24, 0xB5, 0xCB, 0x25, 0xB3, 0xC8, 0x24, 0xB1, 0xC7, 0x24, 0xB0, 0xC5, 0x24, 0xAF, 0xC4, 0x24, 0xAE, 0xC4, 0x24, 0xAF, 0xC5, 0x24, 0xAF, 0xC5, 
        0x24, 0xAE, 0xC5, 0x23, 0xAF, 0xC5, 0x23, 0xAF, 0xC5, 0x24, 0xAE, 0xC4, 0x23, 0xAC, 0xC2, 0x25, 0xB8, 0xCE, 0x26, 0xB9, 0xD0, 0x19, 0x59, 0x6C, 0x18, 0x53, 0x66, 0x29, 0xC5, 0xDC, 0x2C, 0xD7, 0xEF, 0x22, 0x93, 0xA7, 0x12, 0x1B, 0x2C, 
        0x12, 0x1A, 0x2A, 0x13, 0x19, 0x29, 0x13, 0x19, 0x29, 0x13, 0x19, 0x29, 0x13, 0x19, 0x29, 0x13, 0x19, 0x29, 0x13, 0x19, 0x29, 0x13, 0x19, 0x29, 0x13, 0x19, 0x29, 0x13, 0x19, 0x29, 0x13, 0x19, 0x29, 0x13, 0x19, 0x29, 0x13, 0x19, 0x29, 
        0x13, 0x19, 0x29, 0x13, 0x19, 0x29, 0x13, 0x19, 0x29, 0x13, 0x19, 0x29, 0x13, 0x19, 0x29, 0x13, 0x19, 0x29, 0x13, 0x19, 0x29, 0x13, 0x19, 0x29, 0x13, 0x19, 0x29, 0x13, 0x19, 0x29, 0x13, 0x19, 0x29, 0x13, 0x19, 0x29, 0x13, 0x19, 0x29, 
        0x13, 0x19, 0x29, 0x13, 0x19, 0x29, 0x13, 0x19, 0x29, 0x13, 0x19, 0x29, 0x13, 0x19, 0x29, 0x13, 0x19, 0x29, 0x13, 0x19, 0x29, 0x13, 0x19, 0x29, 0x13, 0x19, 0x29, 0x13, 0x19, 0x29, 0x13, 0x19, 0x29, 0x13, 0x19, 0x29, 0x13, 0x19, 0x29, 
        0x13, 0x19, 0x29, 0x13, 0x19, 0x29, 0x13, 0x19, 0x29, 0x13, 0x19, 0x29, 0x13, 0x19, 0x29, 0x13, 0x19, 0x29, 0x13, 0x19, 0x29, 0x13, 0x19, 0x29, 0x13, 0x19, 0x29, 0x13, 0x19, 0x29, 0x13, 0x19, 0x29, 0x13, 0x19, 0x29, 0x13, 0x19, 0x29, 
        0x13, 0x19, 0x29, 0x13, 0x19, 0x29, 0x13, 0x19, 0x29, 0x13, 0x19, 0x29, 0x13, 0x19, 0x29, 0x13, 0x19, 0x29, 0x13, 0x19, 0x29, 0x13, 0x19, 0x29, 0x13, 0x19, 0x29, 0x13, 0x19, 0x29, 0x13, 0x19, 0x29, 0x13, 0x19, 0x29, 0x13, 0x19, 0x29, 
        0x13, 0x19, 0x29, 0x13, 0x19, 0x29, 0x13, 0x19, 0x29, 0x13, 0x19, 0x29, 0x13, 0x19, 0x29, 0x13, 0x19, 0x29, 0x13, 0x19, 0x29, 0x13, 0x19, 0x29, 0x13, 0x19, 0x29, 0x13, 0x19, 0x29, 0x13, 0x19, 0x29, 0x13, 0x19, 0x29, 0x13, 0x19, 0x29, 
        0x13, 0x19, 0x29, 0x13, 0x19, 0x29, 0x13, 0x19, 0x29, 0x13, 0x19, 0x29,
  0x13, 0x19, 0x29, 0x13, 0x19, 0x29, 0x13, 0x19, 0x29, 0x13, 0x19, 0x29, 0x13, 0x19, 0x29, 0x13, 0x19, 0x29, 0x13, 0x19, 0x29, 0x13, 0x19, 0x29, 0x13, 0x19, 0x29, 0x13, 0x19, 0x29, 0x13, 0x19, 0x29, 0x13, 0x19, 0x29, 0x13, 0x19, 0x29, 0x13, 0x19, 0x29, 
        0x13, 0x19, 0x29, 0x13, 0x19, 0x29, 0x13, 0x19, 0x29, 0x13, 0x19, 0x29, 0x13, 0x19, 0x29, 0x13, 0x19, 0x29, 0x13, 0x19, 0x29, 0x13, 0x19, 0x29, 0x13, 0x19, 0x29, 0x13, 0x19, 0x29, 0x13, 0x19, 0x29, 0x13, 0x19, 0x29, 0x13, 0x19, 0x29, 
        0x13, 0x19, 0x29, 0x13, 0x19, 0x29, 0x13, 0x19, 0x29, 0x13, 0x19, 0x29, 0x13, 0x19, 0x29, 0x13, 0x19, 0x29, 0x13, 0x19, 0x29, 0x13, 0x19, 0x29, 0x13, 0x19, 0x29, 0x13, 0x19, 0x29, 0x13, 0x19, 0x29, 0x13, 0x19, 0x29, 0x13, 0x19, 0x29, 
        0x13, 0x19, 0x29, 0x13, 0x19, 0x29, 0x13, 0x19, 0x29, 0x13, 0x19, 0x29, 0x13, 0x19, 0x29, 0x13, 0x19, 0x29, 0x13, 0x19, 0x29, 0x13, 0x19, 0x29, 0x13, 0x19, 0x29, 0x13, 0x19, 0x29, 0x13, 0x19, 0x29, 0x13, 0x19, 0x29, 0x13, 0x19, 0x29, 
        0x13, 0x19, 0x29, 0x13, 0x19, 0x29, 0x13, 0x19, 0x29, 0x13, 0x19, 0x29, 0x13, 0x19, 0x29, 0x13, 0x19, 0x29, 0x13, 0x19, 0x29, 0x13, 0x19, 0x29, 0x13, 0x19, 0x29, 0x13, 0x19, 0x29, 0x13, 0x19, 0x29, 0x13, 0x19, 0x29, 0x13, 0x19, 0x29, 
        0x13, 0x19, 0x29, 0x13, 0x19, 0x29, 0x13, 0x19, 0x29, 0x13, 0x19, 0x29, 0x13, 0x19, 0x29, 0x13, 0x19, 0x29, 0x13, 0x19, 0x29, 0x13, 0x19, 0x29, 0x13, 0x19, 0x29, 0x13, 0x19, 0x29, 0x13, 0x19, 0x29, 0x13, 0x19, 0x29, 0x13, 0x19, 0x29, 
        0x13, 0x19, 0x29, 0x13, 0x19, 0x29, 0x12, 0x1A, 0x2A, 0x18, 0x48, 0x58, 0x2B, 0xD7, 0xEE, 0x2B, 0xD8, 0xEE, 0x1B, 0x65, 0x78, 0x17, 0x52, 0x64, 0x1A, 0x68, 0x7C, 0x26, 0xBE, 0xD5, 0x22, 0xA6, 0xBC, 0x28, 0xCD, 0xE4, 0x25, 0xB9, 0xD0, 
        0x24, 0xAB, 0xC1, 0x28, 0xD0, 0xE9, 0x25, 0xB3, 0xCA, 0x25, 0xAF, 0xC7, 0x29, 0xD2, 0xE9, 0x23, 0xA5, 0xBA, 0x22, 0x99, 0xAE, 0x21, 0x95, 0xAB, 0x20, 0x92, 0xA7, 0x20, 0x91, 0xA6, 0x1F, 0x8F, 0xA4, 0x1F, 0x8F, 0xA4, 0x1F, 0x8F, 0xA4, 
        0x1F, 0x90, 0xA5, 0x20, 0x90, 0xA6, 0x20, 0x91, 0xA6, 0x20, 0x90, 0xA5, 0x1F, 0x8B, 0xA1, 0x22, 0x9E, 0xB4, 0x26, 0xBC, 0xD3, 0x1A, 0x63, 0x77, 0x18, 0x4F, 0x62, 0x1B, 0x65, 0x77, 0x2B, 0xD7, 0xEE, 0x2B, 0xD7, 0xEE, 0x18, 0x47, 0x59, 
        0x12, 0x1A, 0x2A, 0x13, 0x19, 0x29, 0x13, 0x19, 0x29, 0x13, 0x19, 0x29, 0x13, 0x19, 0x29, 0x13, 0x19, 0x29, 0x13, 0x19, 0x29, 0x13, 0x19, 0x29, 0x13, 0x19, 0x29, 0x13, 0x19, 0x29, 0x13, 0x19, 0x29, 0x13, 0x19, 0x29, 0x13, 0x19, 0x29, 
        0x13, 0x19, 0x29, 0x13, 0x19, 0x29, 0x13, 0x19, 0x29, 0x13, 0x19, 0x29, 0x13, 0x19, 0x29, 0x13, 0x19, 0x29, 0x13, 0x19, 0x29, 0x13, 0x19, 0x29, 0x13, 0x19, 0x29, 0x13, 0x19, 0x29, 0x13, 0x19, 0x29, 0x13, 0x19, 0x29, 0x13, 0x19, 0x29, 
        0x13, 0x19, 0x29, 0x13, 0x19, 0x29, 0x13, 0x19, 0x29, 0x13, 0x19, 0x29, 0x13, 0x19, 0x29, 0x13, 0x19, 0x29, 0x13, 0x19, 0x29, 0x13, 0x19, 0x29, 0x13, 0x19, 0x29, 0x13, 0x19, 0x29, 0x13, 0x19, 0x29, 0x13, 0x19, 0x29, 0x13, 0x19, 0x29, 
        0x13, 0x19, 0x29, 0x13, 0x19, 0x29, 0x13, 0x19, 0x29, 0x13, 0x19, 0x29, 0x13, 0x19, 0x29, 0x13, 0x19, 0x29, 0x13, 0x19, 0x29, 0x13, 0x19, 0x29, 0x13, 0x19, 0x29, 0x13, 0x19, 0x29, 0x13, 0x19, 0x29, 0x13, 0x19, 0x29, 0x13, 0x19, 0x29, 
        0x13, 0x19, 0x29, 0x13, 0x19, 0x29, 0x13, 0x19, 0x29, 0x13, 0x19, 0x29, 0x13, 0x19, 0x29, 0x13, 0x19, 0x29, 0x13, 0x19, 0x29, 0x13, 0x19, 0x29, 0x13, 0x19, 0x29, 0x13, 0x19, 0x29, 0x13, 0x19, 0x29, 0x13, 0x19, 0x29, 0x13, 0x19, 0x29, 
        0x13, 0x19, 0x29, 0x13, 0x19, 0x29, 0x13, 0x19, 0x29, 0x13, 0x19, 0x29, 0x13, 0x19, 0x29, 0x13, 0x19, 0x29, 0x13, 0x19, 0x29, 0x13, 0x19, 0x29, 0x13, 0x19, 0x29, 0x13, 0x19, 0x29, 0x13, 0x19, 0x29, 0x13, 0x19, 0x29, 0x13, 0x19, 0x29, 
        0x13, 0x19, 0x29, 0x13, 0x19, 0x29, 0x13, 0x19, 0x29, 0x13, 0x19, 0x29,
  0x13, 0x19, 0x29, 0x13, 0x19, 0x29, 0x13, 0x19, 0x29, 0x13, 0x19, 0x29, 0x13, 0x19, 0x29, 0x13, 0x19, 0x29, 0x13, 0x19, 0x29, 0x13, 0x19, 0x29, 0x13, 0x19, 0x29, 0x13, 0x19, 0x29, 0x13, 0x19, 0x29, 0x13, 0x19, 0x29, 0x13, 0x19, 0x29, 0x13, 0x19, 0x29, 
        0x13, 0x19, 0x29, 0x13, 0x19, 0x29, 0x13, 0x19, 0x29, 0x13, 0x19, 0x29, 0x13, 0x19, 0x29, 0x13, 0x19, 0x29, 0x13, 0x19, 0x29, 0x13, 0x19, 0x29, 0x13, 0x19, 0x29, 0x13, 0x19, 0x29, 0x13, 0x19, 0x29, 0x13, 0x19, 0x29, 0x13, 0x19, 0x29, 
        0x13, 0x19, 0x29, 0x13, 0x19, 0x29, 0x13, 0x19, 0x29, 0x13, 0x19, 0x29, 0x13, 0x19, 0x29, 0x13, 0x19, 0x29, 0x13, 0x19, 0x29, 0x13, 0x19, 0x29, 0x13, 0x19, 0x29, 0x13, 0x19, 0x29, 0x13, 0x19, 0x29, 0x13, 0x19, 0x29, 0x13, 0x19, 0x29, 
        0x13, 0x19, 0x29, 0x13, 0x19, 0x29, 0x13, 0x19, 0x29, 0x13, 0x19, 0x29, 0x13, 0x19, 0x29, 0x13, 0x19, 0x29, 0x13, 0x19, 0x29, 0x13, 0x19, 0x29, 0x13, 0x19, 0x29, 0x13, 0x19, 0x29, 0x13, 0x19, 0x29, 0x13, 0x19, 0x29, 0x13, 0x19, 0x29, 
        0x13, 0x19, 0x29, 0x13, 0x19, 0x29, 0x13, 0x19, 0x29, 0x13, 0x19, 0x29, 0x13, 0x19, 0x29, 0x13, 0x19, 0x29, 0x13, 0x19, 0x29, 0x13, 0x19, 0x29, 0x13, 0x19, 0x29, 0x13, 0x19, 0x29, 0x13, 0x19, 0x29, 0x13, 0x19, 0x29, 0x13, 0x19, 0x29, 
        0x13, 0x19, 0x29, 0x13, 0x19, 0x29, 0x13, 0x19, 0x29, 0x13, 0x19, 0x29, 0x13, 0x19, 0x29, 0x13, 0x19, 0x29, 0x13, 0x19, 0x29, 0x13, 0x19, 0x29, 0x13, 0x19, 0x29, 0x13, 0x19, 0x29, 0x13, 0x19, 0x29, 0x13, 0x19, 0x29, 0x13, 0x19, 0x29, 
        0x13, 0x19, 0x29, 0x13, 0x19, 0x29, 0x12, 0x1A, 0x2A, 0x25, 0xA9, 0xC0, 0x2B, 0xD8, 0xEE, 0x22, 0x9C, 0xB2, 0x16, 0x41, 0x53, 0x19, 0x58, 0x6A, 0x1B, 0x6F, 0x83, 0x26, 0xC1, 0xD7, 0x24, 0xAC, 0xC2, 0x27, 0xC0, 0xD6, 0x25, 0xB7, 0xCE, 
        0x24, 0xB0, 0xC7, 0x27, 0xC6, 0xDE, 0x25, 0xB4, 0xCB, 0x25, 0xB1, 0xC7, 0x27, 0xC4, 0xDB, 0x23, 0xA8, 0xBF, 0x23, 0xA2, 0xB7, 0x22, 0x9E, 0xB4, 0x22, 0x9C, 0xB1, 0x21, 0x99, 0xAF, 0x22, 0x99, 0xAE, 0x22, 0x98, 0xAE, 0x22, 0x99, 0xAE, 
        0x21, 0x99, 0xAF, 0x21, 0x9A, 0xB0, 0x21, 0x9A, 0xB1, 0x21, 0x99, 0xAF, 0x21, 0x95, 0xAA, 0x23, 0xA4, 0xBB, 0x26, 0xBE, 0xD5, 0x1B, 0x6B, 0x7E, 0x18, 0x56, 0x68, 0x16, 0x40, 0x52, 0x22, 0x9C, 0xB2, 0x2B, 0xD8, 0xEE, 0x25, 0xA8, 0xBE, 
        0x12, 0x1A, 0x2A, 0x13, 0x19, 0x29, 0x13, 0x19, 0x29, 0x13, 0x19, 0x29, 0x13, 0x19, 0x29, 0x13, 0x19, 0x29, 0x13, 0x19, 0x29, 0x13, 0x19, 0x29, 0x13, 0x19, 0x29, 0x13, 0x19, 0x29, 0x13, 0x19, 0x29, 0x13, 0x19, 0x29, 0x13, 0x19, 0x29, 
        0x13, 0x19, 0x29, 0x13, 0x19, 0x29, 0x13, 0x19, 0x29, 0x13, 0x19, 0x29, 0x13, 0x19, 0x29, 0x13, 0x19, 0x29, 0x13, 0x19, 0x29, 0x13, 0x19, 0x29, 0x13, 0x19, 0x29, 0x13, 0x19, 0x29, 0x13, 0x19, 0x29, 0x13, 0x19, 0x29, 0x13, 0x19, 0x29, 
        0x13, 0x19, 0x29, 0x13, 0x19, 0x29, 0x13, 0x19, 0x29, 0x13, 0x19, 0x29, 0x13, 0x19, 0x29, 0x13, 0x19, 0x29, 0x13, 0x19, 0x29, 0x13, 0x19, 0x29, 0x13, 0x19, 0x29, 0x13, 0x19, 0x29, 0x13, 0x19, 0x29, 0x13, 0x19, 0x29, 0x13, 0x19, 0x29, 
        0x13, 0x19, 0x29, 0x13, 0x19, 0x29, 0x13, 0x19, 0x29, 0x13, 0x19, 0x29, 0x13, 0x19, 0x29, 0x13, 0x19, 0x29, 0x13, 0x19, 0x29, 0x13, 0x19, 0x29, 0x13, 0x19, 0x29, 0x13, 0x19, 0x29, 0x13, 0x19, 0x29, 0x13, 0x19, 0x29, 0x13, 0x19, 0x29, 
        0x13, 0x19, 0x29, 0x13, 0x19, 0x29, 0x13, 0x19, 0x29, 0x13, 0x19, 0x29, 0x13, 0x19, 0x29, 0x13, 0x19, 0x29, 0x13, 0x19, 0x29, 0x13, 0x19, 0x29, 0x13, 0x19, 0x29, 0x13, 0x19, 0x29, 0x13, 0x19, 0x29, 0x13, 0x19, 0x29, 0x13, 0x19, 0x29, 
        0x13, 0x19, 0x29, 0x13, 0x19, 0x29, 0x13, 0x19, 0x29, 0x13, 0x19, 0x29, 0x13, 0x19, 0x29, 0x13, 0x19, 0x29, 0x13, 0x19, 0x29, 0x13, 0x19, 0x29, 0x13, 0x19, 0x29, 0x13, 0x19, 0x29, 0x13, 0x19, 0x29, 0x13, 0x19, 0x29, 0x13, 0x19, 0x29, 
        0x13, 0x19, 0x29, 0x13, 0x19, 0x29, 0x13, 0x19, 0x29, 0x13, 0x19, 0x29,
  0x13, 0x19, 0x29, 0x13, 0x19, 0x29, 0x13, 0x19, 0x29, 0x13, 0x19, 0x29, 0x13, 0x19, 0x29, 0x13, 0x19, 0x29, 0x13, 0x19, 0x29, 0x13, 0x19, 0x29, 0x13, 0x19, 0x29, 0x13, 0x19, 0x29, 0x13, 0x19, 0x29, 0x13, 0x19, 0x29, 0x13, 0x19, 0x29, 0x13, 0x19, 0x29, 
        0x13, 0x19, 0x29, 0x13, 0x19, 0x29, 0x13, 0x19, 0x29, 0x13, 0x19, 0x29, 0x13, 0x19, 0x29, 0x13, 0x19, 0x29, 0x13, 0x19, 0x29, 0x13, 0x19, 0x29, 0x13, 0x19, 0x29, 0x13, 0x19, 0x29, 0x13, 0x19, 0x29, 0x13, 0x19, 0x29, 0x13, 0x19, 0x29, 
        0x13, 0x19, 0x29, 0x13, 0x19, 0x29, 0x13, 0x19, 0x29, 0x13, 0x19, 0x29, 0x13, 0x19, 0x29, 0x13, 0x19, 0x29, 0x13, 0x19, 0x29, 0x13, 0x19, 0x29, 0x13, 0x19, 0x29, 0x13, 0x19, 0x29, 0x13, 0x19, 0x29, 0x13, 0x19, 0x29, 0x13, 0x19, 0x29, 
        0x13, 0x19, 0x29, 0x13, 0x19, 0x29, 0x13, 0x19, 0x29, 0x13, 0x19, 0x29, 0x13, 0x19, 0x29, 0x13, 0x19, 0x29, 0x13, 0x19, 0x29, 0x13, 0x19, 0x29, 0x13, 0x19, 0x29, 0x13, 0x19, 0x29, 0x13, 0x19, 0x29, 0x13, 0x19, 0x29, 0x13, 0x19, 0x29, 
        0x13, 0x19, 0x29, 0x13, 0x19, 0x29, 0x13, 0x19, 0x29, 0x13, 0x19, 0x29, 0x13, 0x19, 0x29, 0x13, 0x19, 0x29, 0x13, 0x19, 0x29, 0x13, 0x19, 0x29, 0x13, 0x19, 0x29, 0x13, 0x19, 0x29, 0x13, 0x19, 0x29, 0x13, 0x19, 0x29, 0x13, 0x19, 0x29, 
        0x13, 0x19, 0x29, 0x13, 0x19, 0x29, 0x13, 0x19, 0x29, 0x13, 0x19, 0x29, 0x13, 0x19, 0x29, 0x13, 0x19, 0x29, 0x13, 0x19, 0x29, 0x13, 0x19, 0x29, 0x13, 0x19, 0x29, 0x13, 0x19, 0x29, 0x13, 0x19, 0x29, 0x13, 0x19, 0x29, 0x13, 0x19, 0x29, 
        0x13, 0x19, 0x29, 0x13, 0x19, 0x29, 0x17, 0x43, 0x55, 0x2C, 0xD7, 0xEE, 0x2B, 0xD6, 0xED, 0x17, 0x48, 0x5A, 0x16, 0x43, 0x55, 0x19, 0x5A, 0x6D, 0x1C, 0x73, 0x86, 0x28, 0xCD, 0xE3, 0x28, 0xCF, 0xE5, 0x28, 0xCE, 0xE5, 0x29, 0xCF, 0xE7, 
        0x29, 0xD0, 0xE7, 0x29, 0xCF, 0xE7, 0x29, 0xCE, 0xE7, 0x29, 0xCF, 0xE6, 0x29, 0xCE, 0xE5, 0x28, 0xCE, 0xE5, 0x29, 0xCD, 0xE5, 0x29, 0xCD, 0xE4, 0x28, 0xCC, 0xE3, 0x28, 0xCC, 0xE3, 0x29, 0xCC, 0xE4, 0x29, 0xCC, 0xE4, 0x28, 0xCC, 0xE3, 
        0x28, 0xCD, 0xE4, 0x29, 0xCD, 0xE4, 0x29, 0xCD, 0xE4, 0x29, 0xCD, 0xE4, 0x29, 0xCD, 0xE4, 0x28, 0xCF, 0xE6, 0x28, 0xCB, 0xE3, 0x1C, 0x6F, 0x83, 0x19, 0x58, 0x6C, 0x16, 0x43, 0x55, 0x17, 0x49, 0x5B, 0x2A, 0xD6, 0xED, 0x2C, 0xD7, 0xEF, 
        0x17, 0x43, 0x55, 0x13, 0x19, 0x29, 0x13, 0x19, 0x29, 0x13, 0x19, 0x29, 0x13, 0x19, 0x29, 0x13, 0x19, 0x29, 0x13, 0x19, 0x29, 0x13, 0x19, 0x29, 0x13, 0x19, 0x29, 0x13, 0x19, 0x29, 0x13, 0x19, 0x29, 0x13, 0x19, 0x29, 0x13, 0x19, 0x29, 
        0x13, 0x19, 0x29, 0x13, 0x19, 0x29, 0x13, 0x19, 0x29, 0x13, 0x19, 0x29, 0x13, 0x19, 0x29, 0x13, 0x19, 0x29, 0x13, 0x19, 0x29, 0x13, 0x19, 0x29, 0x13, 0x19, 0x29, 0x13, 0x19, 0x29, 0x13, 0x19, 0x29, 0x13, 0x19, 0x29, 0x13, 0x19, 0x29, 
        0x13, 0x19, 0x29, 0x13, 0x19, 0x29, 0x13, 0x19, 0x29, 0x13, 0x19, 0x29, 0x13, 0x19, 0x29, 0x13, 0x19, 0x29, 0x13, 0x19, 0x29, 0x13, 0x19, 0x29, 0x13, 0x19, 0x29, 0x13, 0x19, 0x29, 0x13, 0x19, 0x29, 0x13, 0x19, 0x29, 0x13, 0x19, 0x29, 
        0x13, 0x19, 0x29, 0x13, 0x19, 0x29, 0x13, 0x19, 0x29, 0x13, 0x19, 0x29, 0x13, 0x19, 0x29, 0x13, 0x19, 0x29, 0x13, 0x19, 0x29, 0x13, 0x19, 0x29, 0x13, 0x19, 0x29, 0x13, 0x19, 0x29, 0x13, 0x19, 0x29, 0x13, 0x19, 0x29, 0x13, 0x19, 0x29, 
        0x13, 0x19, 0x29, 0x13, 0x19, 0x29, 0x13, 0x19, 0x29, 0x13, 0x19, 0x29, 0x13, 0x19, 0x29, 0x13, 0x19, 0x29, 0x13, 0x19, 0x29, 0x13, 0x19, 0x29, 0x13, 0x19, 0x29, 0x13, 0x19, 0x29, 0x13, 0x19, 0x29, 0x13, 0x19, 0x29, 0x13, 0x19, 0x29, 
        0x13, 0x19, 0x29, 0x13, 0x19, 0x29, 0x13, 0x19, 0x29, 0x13, 0x19, 0x29, 0x13, 0x19, 0x29, 0x13, 0x19, 0x29, 0x13, 0x19, 0x29, 0x13, 0x19, 0x29, 0x13, 0x19, 0x29, 0x13, 0x19, 0x29, 0x13, 0x19, 0x29, 0x13, 0x19, 0x29, 0x13, 0x19, 0x29, 
        0x13, 0x19, 0x29, 0x13, 0x19, 0x29, 0x13, 0x19, 0x29, 0x13, 0x19, 0x29,
  0x13, 0x19, 0x29, 0x13, 0x19, 0x29, 0x13, 0x19, 0x29, 0x13, 0x19, 0x29, 0x13, 0x19, 0x29, 0x13, 0x19, 0x29, 0x13, 0x19, 0x29, 0x13, 0x19, 0x29, 0x13, 0x19, 0x29, 0x13, 0x19, 0x29, 0x13, 0x19, 0x29, 0x13, 0x19, 0x29, 0x13, 0x19, 0x29, 0x13, 0x19, 0x29, 
        0x13, 0x19, 0x29, 0x13, 0x19, 0x29, 0x13, 0x19, 0x29, 0x13, 0x19, 0x29, 0x13, 0x19, 0x29, 0x13, 0x19, 0x29, 0x13, 0x19, 0x29, 0x13, 0x19, 0x29, 0x13, 0x19, 0x29, 0x13, 0x19, 0x29, 0x13, 0x19, 0x29, 0x13, 0x19, 0x29, 0x13, 0x19, 0x29, 
        0x13, 0x19, 0x29, 0x13, 0x19, 0x29, 0x13, 0x19, 0x29, 0x13, 0x19, 0x29, 0x13, 0x19, 0x29, 0x13, 0x19, 0x29, 0x13, 0x19, 0x29, 0x13, 0x19, 0x29, 0x13, 0x19, 0x29, 0x13, 0x19, 0x29, 0x13, 0x19, 0x29, 0x13, 0x19, 0x29, 0x13, 0x19, 0x29, 
        0x13, 0x19, 0x29, 0x13, 0x19, 0x29, 0x13, 0x19, 0x29, 0x13, 0x19, 0x29, 0x13, 0x19, 0x29, 0x13, 0x19, 0x29, 0x13, 0x19, 0x29, 0x13, 0x19, 0x29, 0x13, 0x19, 0x29, 0x13, 0x19, 0x29, 0x13, 0x19, 0x29, 0x13, 0x19, 0x29, 0x13, 0x19, 0x29, 
        0x13, 0x19, 0x29, 0x13, 0x19, 0x29, 0x13, 0x19, 0x29, 0x13, 0x19, 0x29, 0x13, 0x19, 0x29, 0x13, 0x19, 0x29, 0x13, 0x19, 0x29, 0x13, 0x19, 0x29, 0x13, 0x19, 0x29, 0x13, 0x19, 0x29, 0x13, 0x19, 0x29, 0x13, 0x19, 0x29, 0x13, 0x19, 0x29, 
        0x13, 0x19, 0x29, 0x13, 0x19, 0x29, 0x13, 0x19, 0x29, 0x13, 0x19, 0x29, 0x13, 0x19, 0x29, 0x13, 0x19, 0x29, 0x13, 0x19, 0x29, 0x13, 0x19, 0x29, 0x13, 0x19, 0x29, 0x13, 0x19, 0x29, 0x13, 0x19, 0x29, 0x13, 0x19, 0x29, 0x13, 0x19, 0x29, 
        0x13, 0x19, 0x29, 0x13, 0x19, 0x29, 0x21, 0x8D, 0xA1, 0x2C, 0xD7, 0xEE, 0x23, 0x9C, 0xB1, 0x14, 0x31, 0x42, 0x16, 0x44, 0x56, 0x19, 0x5B, 0x6E, 0x1C, 0x74, 0x87, 0x27, 0xC4, 0xDA, 0x25, 0xB7, 0xCD, 0x24, 0xB1, 0xC7, 0x25, 0xB6, 0xCD, 
        0x25, 0xB7, 0xCF, 0x25, 0xB7, 0xCE, 0x25, 0xB5, 0xCB, 0x25, 0xB3, 0xC9, 0x24, 0xB0, 0xC7, 0x23, 0xAE, 0xC5, 0x24, 0xAC, 0xC2, 0x23, 0xAA, 0xC0, 0x24, 0xA9, 0xBF, 0x23, 0xA8, 0xBE, 0x23, 0xA8, 0xBE, 0x23, 0xA9, 0xBE, 0x24, 0xA9, 0xC0, 
        0x23, 0xAA, 0xC1, 0x24, 0xAD, 0xC2, 0x23, 0xAD, 0xC4, 0x23, 0xAD, 0xC3, 0x23, 0xA9, 0xC0, 0x25, 0xB3, 0xC9, 0x26, 0xC2, 0xD9, 0x1B, 0x71, 0x84, 0x19, 0x5A, 0x6C, 0x16, 0x44, 0x56, 0x14, 0x32, 0x43, 0x23, 0x9C, 0xB2, 0x2B, 0xD6, 0xEE, 
        0x21, 0x8C, 0xA0, 0x13, 0x19, 0x29, 0x13, 0x19, 0x29, 0x13, 0x19, 0x29, 0x13, 0x19, 0x29, 0x13, 0x19, 0x29, 0x13, 0x19, 0x29, 0x13, 0x19, 0x29, 0x13, 0x19, 0x29, 0x13, 0x19, 0x29, 0x13, 0x19, 0x29, 0x13, 0x19, 0x29, 0x13, 0x19, 0x29, 
        0x13, 0x19, 0x29, 0x13, 0x19, 0x29, 0x13, 0x19, 0x29, 0x13, 0x19, 0x29, 0x13, 0x19, 0x29, 0x13, 0x19, 0x29, 0x13, 0x19, 0x29, 0x13, 0x19, 0x29, 0x13, 0x19, 0x29, 0x13, 0x19, 0x29, 0x13, 0x19, 0x29, 0x13, 0x19, 0x29, 0x13, 0x19, 0x29, 
        0x13, 0x19, 0x29, 0x13, 0x19, 0x29, 0x13, 0x19, 0x29, 0x13, 0x19, 0x29, 0x13, 0x19, 0x29, 0x13, 0x19, 0x29, 0x13, 0x19, 0x29, 0x13, 0x19, 0x29, 0x13, 0x19, 0x29, 0x13, 0x19, 0x29, 0x13, 0x19, 0x29, 0x13, 0x19, 0x29, 0x13, 0x19, 0x29, 
        0x13, 0x19, 0x29, 0x13, 0x19, 0x29, 0x13, 0x19, 0x29, 0x13, 0x19, 0x29, 0x13, 0x19, 0x29, 0x13, 0x19, 0x29, 0x13, 0x19, 0x29, 0x13, 0x19, 0x29, 0x13, 0x19, 0x29, 0x13, 0x19, 0x29, 0x13, 0x19, 0x29, 0x13, 0x19, 0x29, 0x13, 0x19, 0x29, 
        0x13, 0x19, 0x29, 0x13, 0x19, 0x29, 0x13, 0x19, 0x29, 0x13, 0x19, 0x29, 0x13, 0x19, 0x29, 0x13, 0x19, 0x29, 0x13, 0x19, 0x29, 0x13, 0x19, 0x29, 0x13, 0x19, 0x29, 0x13, 0x19, 0x29, 0x13, 0x19, 0x29, 0x13, 0x19, 0x29, 0x13, 0x19, 0x29, 
        0x13, 0x19, 0x29, 0x13, 0x19, 0x29, 0x13, 0x19, 0x29, 0x13, 0x19, 0x29, 0x13, 0x19, 0x29, 0x13, 0x19, 0x29, 0x13, 0x19, 0x29, 0x13, 0x19, 0x29, 0x13, 0x19, 0x29, 0x13, 0x19, 0x29, 0x13, 0x19, 0x29, 0x13, 0x19, 0x29, 0x13, 0x19, 0x29, 
        0x13, 0x19, 0x29, 0x13, 0x19, 0x29, 0x13, 0x19, 0x29, 0x13, 0x19, 0x29,
  0x13, 0x19, 0x29, 0x13, 0x19, 0x29, 0x13, 0x19, 0x29, 0x13, 0x19, 0x29, 0x13, 0x19, 0x29, 0x13, 0x19, 0x29, 0x13, 0x19, 0x29, 0x13, 0x19, 0x29, 0x13, 0x19, 0x29, 0x13, 0x19, 0x29, 0x13, 0x19, 0x29, 0x13, 0x19, 0x29, 0x13, 0x19, 0x29, 0x13, 0x19, 0x29, 
        0x13, 0x19, 0x29, 0x13, 0x19, 0x29, 0x13, 0x19, 0x29, 0x13, 0x19, 0x29, 0x13, 0x19, 0x29, 0x13, 0x19, 0x29, 0x13, 0x19, 0x29, 0x13, 0x19, 0x29, 0x13, 0x19, 0x29, 0x13, 0x19, 0x29, 0x13, 0x19, 0x29, 0x13, 0x19, 0x29, 0x13, 0x19, 0x29, 
        0x13, 0x19, 0x29, 0x13, 0x19, 0x29, 0x13, 0x19, 0x29, 0x13, 0x19, 0x29, 0x13, 0x19, 0x29, 0x13, 0x19, 0x29, 0x13, 0x19, 0x29, 0x13, 0x19, 0x29, 0x13, 0x19, 0x29, 0x13, 0x19, 0x29, 0x13, 0x19, 0x29, 0x13, 0x19, 0x29, 0x13, 0x19, 0x29, 
        0x13, 0x19, 0x29, 0x13, 0x19, 0x29, 0x13, 0x19, 0x29, 0x13, 0x19, 0x29, 0x13, 0x19, 0x29, 0x13, 0x19, 0x29, 0x13, 0x19, 0x29, 0x13, 0x19, 0x29, 0x13, 0x19, 0x29, 0x13, 0x19, 0x29, 0x13, 0x19, 0x29, 0x13, 0x19, 0x29, 0x13, 0x19, 0x29, 
        0x13, 0x19, 0x29, 0x13, 0x19, 0x29, 0x13, 0x19, 0x29, 0x13, 0x19, 0x29, 0x13, 0x19, 0x29, 0x13, 0x19, 0x29, 0x13, 0x19, 0x29, 0x13, 0x19, 0x29, 0x13, 0x19, 0x29, 0x13, 0x19, 0x29, 0x13, 0x19, 0x29, 0x13, 0x19, 0x29, 0x13, 0x19, 0x29, 
        0x13, 0x19, 0x29, 0x13, 0x19, 0x29, 0x13, 0x19, 0x29, 0x13, 0x19, 0x29, 0x13, 0x19, 0x29, 0x13, 0x19, 0x29, 0x13, 0x19, 0x29, 0x13, 0x19, 0x29, 0x13, 0x19, 0x29, 0x13, 0x19, 0x29, 0x13, 0x19, 0x29, 0x13, 0x19, 0x29, 0x13, 0x19, 0x29, 
        0x13, 0x19, 0x29, 0x13, 0x1C, 0x2C, 0x2A, 0xCC, 0xE3, 0x2C, 0xD7, 0xEF, 0x1A, 0x59, 0x6C, 0x14, 0x31, 0x42, 0x16, 0x44, 0x55, 0x19, 0x5A, 0x6D, 0x1D, 0x72, 0x86, 0x27, 0xC1, 0xD8, 0x24, 0xAC, 0xC2, 0x22, 0xA3, 0xB9, 0x27, 0xC7, 0xDD, 
        0x28, 0xCD, 0xE4, 0x28, 0xCC, 0xE4, 0x28, 0xCB, 0xE3, 0x28, 0xCA, 0xE3, 0x28, 0xCA, 0xE2, 0x28, 0xCA, 0xE1, 0x28, 0xCA, 0xE1, 0x27, 0xC9, 0xE0, 0x27, 0xC8, 0xE0, 0x28, 0xC9, 0xE0, 0x27, 0xC8, 0xE0, 0x28, 0xC9, 0xE0, 0x28, 0xCA, 0xE0, 
        0x28, 0xCA, 0xE2, 0x28, 0xCB, 0xE2, 0x28, 0xCB, 0xE4, 0x27, 0xC4, 0xDC, 0x22, 0x9D, 0xB3, 0x24, 0xAA, 0xC0, 0x26, 0xC0, 0xD7, 0x1B, 0x71, 0x84, 0x19, 0x5A, 0x6C, 0x16, 0x44, 0x56, 0x14, 0x32, 0x43, 0x1A, 0x59, 0x6C, 0x2B, 0xD6, 0xEE, 
        0x2A, 0xCB, 0xE2, 0x13, 0x1C, 0x2C, 0x13, 0x19, 0x29, 0x13, 0x19, 0x29, 0x13, 0x19, 0x29, 0x13, 0x19, 0x29, 0x13, 0x19, 0x29, 0x13, 0x19, 0x29, 0x13, 0x19, 0x29, 0x13, 0x19, 0x29, 0x13, 0x19, 0x29, 0x13, 0x19, 0x29, 0x13, 0x19, 0x29, 
        0x13, 0x19, 0x29, 0x13, 0x19, 0x29, 0x13, 0x19, 0x29, 0x13, 0x19, 0x29, 0x13, 0x19, 0x29, 0x13, 0x19, 0x29, 0x13, 0x19, 0x29, 0x13, 0x19, 0x29, 0x13, 0x19, 0x29, 0x13, 0x19, 0x29, 0x13, 0x19, 0x29, 0x13, 0x19, 0x29, 0x13, 0x19, 0x29, 
        0x13, 0x19, 0x29, 0x13, 0x19, 0x29, 0x13, 0x19, 0x29, 0x13, 0x19, 0x29, 0x13, 0x19, 0x29, 0x13, 0x19, 0x29, 0x13, 0x19, 0x29, 0x13, 0x19, 0x29, 0x13, 0x19, 0x29, 0x13, 0x19, 0x29, 0x13, 0x19, 0x29, 0x13, 0x19, 0x29, 0x13, 0x19, 0x29, 
        0x13, 0x19, 0x29, 0x13, 0x19, 0x29, 0x13, 0x19, 0x29, 0x13, 0x19, 0x29, 0x13, 0x19, 0x29, 0x13, 0x19, 0x29, 0x13, 0x19, 0x29, 0x13, 0x19, 0x29, 0x13, 0x19, 0x29, 0x13, 0x19, 0x29, 0x13, 0x19, 0x29, 0x13, 0x19, 0x29, 0x13, 0x19, 0x29, 
        0x13, 0x19, 0x29, 0x13, 0x19, 0x29, 0x13, 0x19, 0x29, 0x13, 0x19, 0x29, 0x13, 0x19, 0x29, 0x13, 0x19, 0x29, 0x13, 0x19, 0x29, 0x13, 0x19, 0x29, 0x13, 0x19, 0x29, 0x13, 0x19, 0x29, 0x13, 0x19, 0x29, 0x13, 0x19, 0x29, 0x13, 0x19, 0x29, 
        0x13, 0x19, 0x29, 0x13, 0x19, 0x29, 0x13, 0x19, 0x29, 0x13, 0x19, 0x29, 0x13, 0x19, 0x29, 0x13, 0x19, 0x29, 0x13, 0x19, 0x29, 0x13, 0x19, 0x29, 0x13, 0x19, 0x29, 0x13, 0x19, 0x29, 0x13, 0x19, 0x29, 0x13, 0x19, 0x29, 0x13, 0x19, 0x29, 
        0x13, 0x19, 0x29, 0x13, 0x19, 0x29, 0x13, 0x19, 0x29, 0x13, 0x19, 0x29,
  0x13, 0x19, 0x29, 0x13, 0x19, 0x29, 0x13, 0x19, 0x29, 0x13, 0x19, 0x29, 0x13, 0x19, 0x29, 0x13, 0x19, 0x29, 0x13, 0x19, 0x29, 0x13, 0x19, 0x29, 0x13, 0x19, 0x29, 0x13, 0x19, 0x29, 0x13, 0x19, 0x29, 0x13, 0x19, 0x29, 0x13, 0x19, 0x29, 0x13, 0x19, 0x29, 
        0x13, 0x19, 0x29, 0x13, 0x19, 0x29, 0x13, 0x19, 0x29, 0x13, 0x19, 0x29, 0x13, 0x19, 0x29, 0x13, 0x19, 0x29, 0x13, 0x19, 0x29, 0x13, 0x19, 0x29, 0x13, 0x19, 0x29, 0x13, 0x19, 0x29, 0x13, 0x19, 0x29, 0x13, 0x19, 0x29, 0x13, 0x19, 0x29, 
        0x13, 0x19, 0x29, 0x13, 0x19, 0x29, 0x13, 0x19, 0x29, 0x13, 0x19, 0x29, 0x13, 0x19, 0x29, 0x13, 0x19, 0x29, 0x13, 0x19, 0x29, 0x13, 0x19, 0x29, 0x13, 0x19, 0x29, 0x13, 0x19, 0x29, 0x13, 0x19, 0x29, 0x13, 0x19, 0x29, 0x13, 0x19, 0x29, 
        0x13, 0x19, 0x29, 0x13, 0x19, 0x29, 0x13, 0x19, 0x29, 0x13, 0x19, 0x29, 0x13, 0x19, 0x29, 0x13, 0x19, 0x29, 0x13, 0x19, 0x29, 0x13, 0x19, 0x29, 0x13, 0x19, 0x29, 0x13, 0x19, 0x29, 0x13, 0x19, 0x29, 0x13, 0x19, 0x29, 0x13, 0x19, 0x29, 
        0x13, 0x19, 0x29, 0x13, 0x19, 0x29, 0x13, 0x19, 0x29, 0x13, 0x19, 0x29, 0x13, 0x19, 0x29, 0x13, 0x19, 0x29, 0x13, 0x19, 0x29, 0x13, 0x19, 0x29, 0x13, 0x19, 0x29, 0x13, 0x19, 0x29, 0x13, 0x19, 0x29, 0x13, 0x19, 0x29, 0x13, 0x19, 0x29, 
        0x13, 0x19, 0x29, 0x13, 0x19, 0x29, 0x13, 0x19, 0x29, 0x13, 0x19, 0x29, 0x13, 0x19, 0x29, 0x13, 0x19, 0x29, 0x13, 0x19, 0x29, 0x13, 0x19, 0x29, 0x13, 0x19, 0x29, 0x13, 0x19, 0x29, 0x13, 0x19, 0x29, 0x13, 0x19, 0x29, 0x13, 0x19, 0x29, 
        0x13, 0x19, 0x29, 0x18, 0x41, 0x53, 0x2C, 0xD8, 0xEF, 0x2B, 0xCF, 0xE6, 0x13, 0x28, 0x39, 0x14, 0x30, 0x41, 0x16, 0x43, 0x55, 0x19, 0x59, 0x6C, 0x1B, 0x70, 0x84, 0x26, 0xC0, 0xD7, 0x23, 0xAB, 0xC0, 0x22, 0x9F, 0xB4, 0x28, 0xD1, 0xE8, 
        0x25, 0xB4, 0xC9, 0x24, 0xAA, 0xC1, 0x23, 0xA5, 0xBB, 0x22, 0xA2, 0xB8, 0x21, 0x9E, 0xB4, 0x22, 0x9B, 0xB1, 0x21, 0x99, 0xAF, 0x21, 0x99, 0xAD, 0x20, 0x98, 0xAD, 0x20, 0x98, 0xAE, 0x21, 0x98, 0xAE, 0x21, 0x9A, 0xB0, 0x21, 0x9E, 0xB3, 
        0x22, 0xA2, 0xB8, 0x23, 0xA7, 0xBD, 0x24, 0xB0, 0xC7, 0x29, 0xD1, 0xE9, 0x21, 0x9C, 0xB1, 0x23, 0xA9, 0xBE, 0x27, 0xC0, 0xD7, 0x1B, 0x70, 0x84, 0x19, 0x59, 0x6D, 0x16, 0x44, 0x55, 0x14, 0x32, 0x43, 0x13, 0x29, 0x3A, 0x2A, 0xCF, 0xE6, 
        0x2C, 0xD7, 0xEE, 0x18, 0x41, 0x53, 0x13, 0x19, 0x29, 0x13, 0x19, 0x29, 0x13, 0x19, 0x29, 0x13, 0x19, 0x29, 0x13, 0x19, 0x29, 0x13, 0x19, 0x29, 0x13, 0x19, 0x29, 0x13, 0x19, 0x29, 0x13, 0x19, 0x29, 0x13, 0x19, 0x29, 0x13, 0x19, 0x29, 
        0x13, 0x19, 0x29, 0x13, 0x19, 0x29, 0x13, 0x19, 0x29, 0x13, 0x19, 0x29, 0x13, 0x19, 0x29, 0x13, 0x19, 0x29, 0x13, 0x19, 0x29, 0x13, 0x19, 0x29, 0x13, 0x19, 0x29, 0x13, 0x19, 0x29, 0x13, 0x19, 0x29, 0x13, 0x19, 0x29, 0x13, 0x19, 0x29, 
        0x13, 0x19, 0x29, 0x13, 0x19, 0x29, 0x13, 0x19, 0x29, 0x13, 0x19, 0x29, 0x13, 0x19, 0x29, 0x13, 0x19, 0x29, 0x13, 0x19, 0x29, 0x13, 0x19, 0x29, 0x13, 0x19, 0x29, 0x13, 0x19, 0x29, 0x13, 0x19, 0x29, 0x13, 0x19, 0x29, 0x13, 0x19, 0x29, 
        0x13, 0x19, 0x29, 0x13, 0x19, 0x29, 0x13, 0x19, 0x29, 0x13, 0x19, 0x29, 0x13, 0x19, 0x29, 0x13, 0x19, 0x29, 0x13, 0x19, 0x29, 0x13, 0x19, 0x29, 0x13, 0x19, 0x29, 0x13, 0x19, 0x29, 0x13, 0x19, 0x29, 0x13, 0x19, 0x29, 0x13, 0x19, 0x29, 
        0x13, 0x19, 0x29, 0x13, 0x19, 0x29, 0x13, 0x19, 0x29, 0x13, 0x19, 0x29, 0x13, 0x19, 0x29, 0x13, 0x19, 0x29, 0x13, 0x19, 0x29, 0x13, 0x19, 0x29, 0x13, 0x19, 0x29, 0x13, 0x19, 0x29, 0x13, 0x19, 0x29, 0x13, 0x19, 0x29, 0x13, 0x19, 0x29, 
        0x13, 0x19, 0x29, 0x13, 0x19, 0x29, 0x13, 0x19, 0x29, 0x13, 0x19, 0x29, 0x13, 0x19, 0x29, 0x13, 0x19, 0x29, 0x13, 0x19, 0x29, 0x13, 0x19, 0x29, 0x13, 0x19, 0x29, 0x13, 0x19, 0x29, 0x13, 0x19, 0x29, 0x13, 0x19, 0x29, 0x13, 0x19, 0x29, 
        0x13, 0x19, 0x29, 0x13, 0x19, 0x29, 0x13, 0x19, 0x29, 0x13, 0x19, 0x29,
  0x13, 0x19, 0x29, 0x13, 0x19, 0x29, 0x13, 0x19, 0x29, 0x13, 0x19, 0x29, 0x13, 0x19, 0x29, 0x13, 0x19, 0x29, 0x13, 0x19, 0x29, 0x13, 0x19, 0x29, 0x13, 0x19, 0x29, 0x13, 0x19, 0x29, 0x13, 0x19, 0x29, 0x13, 0x19, 0x29, 0x13, 0x19, 0x29, 0x13, 0x19, 0x29, 
        0x13, 0x19, 0x29, 0x13, 0x19, 0x29, 0x13, 0x19, 0x29, 0x13, 0x19, 0x29, 0x13, 0x19, 0x29, 0x13, 0x19, 0x29, 0x13, 0x19, 0x29, 0x13, 0x19, 0x29, 0x13, 0x19, 0x29, 0x13, 0x19, 0x29, 0x13, 0x19, 0x29, 0x13, 0x19, 0x29, 0x13, 0x19, 0x29, 
        0x13, 0x19, 0x29, 0x13, 0x19, 0x29, 0x13, 0x19, 0x29, 0x13, 0x19, 0x29, 0x13, 0x19, 0x29, 0x13, 0x19, 0x29, 0x13, 0x19, 0x29, 0x13, 0x19, 0x29, 0x13, 0x19, 0x29, 0x13, 0x19, 0x29, 0x13, 0x19, 0x29, 0x13, 0x19, 0x29, 0x13, 0x19, 0x29, 
        0x13, 0x19, 0x29, 0x13, 0x19, 0x29, 0x13, 0x19, 0x29, 0x13, 0x19, 0x29, 0x13, 0x19, 0x29, 0x13, 0x19, 0x29, 0x13, 0x19, 0x29, 0x13, 0x19, 0x29, 0x13, 0x19, 0x29, 0x13, 0x19, 0x29, 0x13, 0x19, 0x29, 0x13, 0x19, 0x29, 0x13, 0x19, 0x29, 
        0x13, 0x19, 0x29, 0x13, 0x19, 0x29, 0x13, 0x19, 0x29, 0x13, 0x19, 0x29, 0x13, 0x19, 0x29, 0x13, 0x19, 0x29, 0x13, 0x19, 0x29, 0x13, 0x19, 0x29, 0x13, 0x19, 0x29, 0x13, 0x19, 0x29, 0x13, 0x19, 0x29, 0x13, 0x19, 0x29, 0x13, 0x19, 0x29, 
        0x13, 0x19, 0x29, 0x13, 0x19, 0x29, 0x13, 0x19, 0x29, 0x13, 0x19, 0x29, 0x13, 0x19, 0x29, 0x13, 0x19, 0x29, 0x13, 0x19, 0x29, 0x13, 0x19, 0x29, 0x13, 0x19, 0x29, 0x13, 0x19, 0x29, 0x13, 0x19, 0x29, 0x13, 0x19, 0x29, 0x13, 0x19, 0x29, 
        0x13, 0x19, 0x29, 0x1E, 0x6D, 0x80, 0x2C, 0xD8, 0xEF, 0x25, 0xA5, 0xBA, 0x13, 0x24, 0x34, 0x14, 0x31, 0x42, 0x16, 0x42, 0x54, 0x19, 0x58, 0x69, 0x1C, 0x6D, 0x81, 0x27, 0xC0, 0xD6, 0x23, 0xA7, 0xBD, 0x21, 0x99, 0xAF, 0x29, 0xD1, 0xE8, 
        0x22, 0xA1, 0xB5, 0x20, 0x90, 0xA5, 0x1F, 0x88, 0x9D, 0x1E, 0x80, 0x94, 0x1C, 0x79, 0x8D, 0x1C, 0x75, 0x89, 0x1B, 0x72, 0x87, 0x1B, 0x71, 0x84, 0x1B, 0x70, 0x84, 0x1C, 0x71, 0x84, 0x1B, 0x73, 0x87, 0x1C, 0x76, 0x8A, 0x1D, 0x7C, 0x91, 
        0x1E, 0x84, 0x99, 0x20, 0x8E, 0xA3, 0x21, 0x9E, 0xB3, 0x29, 0xD1, 0xE8, 0x21, 0x98, 0xAD, 0x23, 0xA7, 0xBC, 0x26, 0xC0, 0xD7, 0x1C, 0x6E, 0x82, 0x19, 0x58, 0x6B, 0x16, 0x43, 0x56, 0x14, 0x31, 0x42, 0x12, 0x25, 0x35, 0x25, 0xA5, 0xBB, 
        0x2C, 0xD7, 0xEE, 0x1E, 0x6C, 0x80, 0x13, 0x19, 0x29, 0x13, 0x19, 0x29, 0x13, 0x19, 0x29, 0x13, 0x19, 0x29, 0x13, 0x19, 0x29, 0x13, 0x19, 0x29, 0x13, 0x19, 0x29, 0x13, 0x19, 0x29, 0x13, 0x19, 0x29, 0x13, 0x19, 0x29, 0x13, 0x19, 0x29, 
        0x13, 0x19, 0x29, 0x13, 0x19, 0x29, 0x13, 0x19, 0x29, 0x13, 0x19, 0x29, 0x13, 0x19, 0x29, 0x13, 0x19, 0x29, 0x13, 0x19, 0x29, 0x13, 0x19, 0x29, 0x13, 0x19, 0x29, 0x13, 0x19, 0x29, 0x13, 0x19, 0x29, 0x13, 0x19, 0x29, 0x13, 0x19, 0x29, 
        0x13, 0x19, 0x29, 0x13, 0x19, 0x29, 0x13, 0x19, 0x29, 0x13, 0x19, 0x29, 0x13, 0x19, 0x29, 0x13, 0x19, 0x29, 0x13, 0x19, 0x29, 0x13, 0x19, 0x29, 0x13, 0x19, 0x29, 0x13, 0x19, 0x29, 0x13, 0x19, 0x29, 0x13, 0x19, 0x29, 0x13, 0x19, 0x29, 
        0x13, 0x19, 0x29, 0x13, 0x19, 0x29, 0x13, 0x19, 0x29, 0x13, 0x19, 0x29, 0x13, 0x19, 0x29, 0x13, 0x19, 0x29, 0x13, 0x19, 0x29, 0x13, 0x19, 0x29, 0x13, 0x19, 0x29, 0x13, 0x19, 0x29, 0x13, 0x19, 0x29, 0x13, 0x19, 0x29, 0x13, 0x19, 0x29, 
        0x13, 0x19, 0x29, 0x13, 0x19, 0x29, 0x13, 0x19, 0x29, 0x13, 0x19, 0x29, 0x13, 0x19, 0x29, 0x13, 0x19, 0x29, 0x13, 0x19, 0x29, 0x13, 0x19, 0x29, 0x13, 0x19, 0x29, 0x13, 0x19, 0x29, 0x13, 0x19, 0x29, 0x13, 0x19, 0x29, 0x13, 0x19, 0x29, 
        0x13, 0x19, 0x29, 0x13, 0x19, 0x29, 0x13, 0x19, 0x29, 0x13, 0x19, 0x29, 0x13, 0x19, 0x29, 0x13, 0x19, 0x29, 0x13, 0x19, 0x29, 0x13, 0x19, 0x29, 0x13, 0x19, 0x29, 0x13, 0x19, 0x29, 0x13, 0x19, 0x29, 0x13, 0x19, 0x29, 0x13, 0x19, 0x29, 
        0x13, 0x19, 0x29, 0x13, 0x19, 0x29, 0x13, 0x19, 0x29, 0x13, 0x19, 0x29,
  0x13, 0x19, 0x29, 0x13, 0x19, 0x29, 0x13, 0x19, 0x29, 0x13, 0x19, 0x29, 0x13, 0x19, 0x29, 0x13, 0x19, 0x29, 0x13, 0x19, 0x29, 0x13, 0x19, 0x29, 0x13, 0x19, 0x29, 0x13, 0x19, 0x29, 0x13, 0x19, 0x29, 0x13, 0x19, 0x29, 0x13, 0x19, 0x29, 0x13, 0x19, 0x29, 
        0x13, 0x19, 0x29, 0x13, 0x19, 0x29, 0x13, 0x19, 0x29, 0x13, 0x19, 0x29, 0x13, 0x19, 0x29, 0x13, 0x19, 0x29, 0x13, 0x19, 0x29, 0x13, 0x19, 0x29, 0x13, 0x19, 0x29, 0x13, 0x19, 0x29, 0x13, 0x19, 0x29, 0x13, 0x19, 0x29, 0x13, 0x19, 0x29, 
        0x13, 0x19, 0x29, 0x13, 0x19, 0x29, 0x13, 0x19, 0x29, 0x13, 0x19, 0x29, 0x13, 0x19, 0x29, 0x13, 0x19, 0x29, 0x13, 0x19, 0x29, 0x13, 0x19, 0x29, 0x13, 0x19, 0x29, 0x13, 0x19, 0x29, 0x13, 0x19, 0x29, 0x13, 0x19, 0x29, 0x13, 0x19, 0x29, 
        0x13, 0x19, 0x29, 0x13, 0x19, 0x29, 0x13, 0x19, 0x29, 0x13, 0x19, 0x29, 0x13, 0x19, 0x29, 0x13, 0x19, 0x29, 0x13, 0x19, 0x29, 0x13, 0x19, 0x29, 0x13, 0x19, 0x29, 0x13, 0x19, 0x29, 0x13, 0x19, 0x29, 0x13, 0x19, 0x29, 0x13, 0x19, 0x29, 
        0x13, 0x19, 0x29, 0x13, 0x19, 0x29, 0x13, 0x19, 0x29, 0x13, 0x19, 0x29, 0x13, 0x19, 0x29, 0x13, 0x19, 0x29, 0x13, 0x19, 0x29, 0x13, 0x19, 0x29, 0x13, 0x19, 0x29, 0x13, 0x19, 0x29, 0x13, 0x19, 0x29, 0x13, 0x19, 0x29, 0x13, 0x19, 0x29, 
        0x13, 0x19, 0x29, 0x13, 0x19, 0x29, 0x13, 0x19, 0x29, 0x13, 0x19, 0x29, 0x13, 0x19, 0x29, 0x13, 0x19, 0x29, 0x13, 0x19, 0x29, 0x13, 0x19, 0x29, 0x13, 0x19, 0x29, 0x13, 0x19, 0x29, 0x13, 0x19, 0x29, 0x13, 0x19, 0x29, 0x13, 0x19, 0x29, 
        0x13, 0x19, 0x29, 0x22, 0x8A, 0x9F, 0x2C, 0xD8, 0xEF, 0x20, 0x83, 0x97, 0x13, 0x23, 0x34, 0x14, 0x30, 0x41, 0x16, 0x41, 0x52, 0x19, 0x55, 0x68, 0x1C, 0x6C, 0x7F, 0x27, 0xBF, 0xD6, 0x23, 0xA6, 0xBA, 0x21, 0x95, 0xAA, 0x29, 0xD0, 0xE7, 
        0x22, 0x99, 0xAE, 0x1E, 0x85, 0x9A, 0x1D, 0x7B, 0x8E, 0x1B, 0x70, 0x84, 0x1A, 0x68, 0x7C, 0x1A, 0x63, 0x77, 0x19, 0x60, 0x73, 0x19, 0x5F, 0x72, 0x19, 0x5F, 0x72, 0x19, 0x5F, 0x72, 0x19, 0x62, 0x76, 0x1B, 0x66, 0x7B, 0x1B, 0x6E, 0x82, 
        0x1D, 0x78, 0x8D, 0x1F, 0x83, 0x99, 0x21, 0x97, 0xAD, 0x29, 0xD0, 0xE8, 0x20, 0x94, 0xAA, 0x23, 0xA6, 0xBA, 0x27, 0xC0, 0xD6, 0x1B, 0x6D, 0x81, 0x18, 0x58, 0x6A, 0x16, 0x43, 0x55, 0x14, 0x31, 0x42, 0x12, 0x25, 0x35, 0x20, 0x83, 0x98, 
        0x2C, 0xD7, 0xEE, 0x22, 0x8A, 0x9F, 0x13, 0x19, 0x29, 0x13, 0x19, 0x29, 0x13, 0x19, 0x29, 0x13, 0x19, 0x29, 0x13, 0x19, 0x29, 0x13, 0x19, 0x29, 0x13, 0x19, 0x29, 0x13, 0x19, 0x29, 0x13, 0x19, 0x29, 0x13, 0x19, 0x29, 0x13, 0x19, 0x29, 
        0x13, 0x19, 0x29, 0x13, 0x19, 0x29, 0x13, 0x19, 0x29, 0x13, 0x19, 0x29, 0x13, 0x19, 0x29, 0x13, 0x19, 0x29, 0x13, 0x19, 0x29, 0x13, 0x19, 0x29, 0x13, 0x19, 0x29, 0x13, 0x19, 0x29, 0x13, 0x19, 0x29, 0x13, 0x19, 0x29, 0x13, 0x19, 0x29, 
        0x13, 0x19, 0x29, 0x13, 0x19, 0x29, 0x13, 0x19, 0x29, 0x13, 0x19, 0x29, 0x13, 0x19, 0x29, 0x13, 0x19, 0x29, 0x13, 0x19, 0x29, 0x13, 0x19, 0x29, 0x13, 0x19, 0x29, 0x13, 0x19, 0x29, 0x13, 0x19, 0x29, 0x13, 0x19, 0x29, 0x13, 0x19, 0x29, 
        0x13, 0x19, 0x29, 0x13, 0x19, 0x29, 0x13, 0x19, 0x29, 0x13, 0x19, 0x29, 0x13, 0x19, 0x29, 0x13, 0x19, 0x29, 0x13, 0x19, 0x29, 0x13, 0x19, 0x29, 0x13, 0x19, 0x29, 0x13, 0x19, 0x29, 0x13, 0x19, 0x29, 0x13, 0x19, 0x29, 0x13, 0x19, 0x29, 
        0x13, 0x19, 0x29, 0x13, 0x19, 0x29, 0x13, 0x19, 0x29, 0x13, 0x19, 0x29, 0x13, 0x19, 0x29, 0x13, 0x19, 0x29, 0x13, 0x19, 0x29, 0x13, 0x19, 0x29, 0x13, 0x19, 0x29, 0x13, 0x19, 0x29, 0x13, 0x19, 0x29, 0x13, 0x19, 0x29, 0x13, 0x19, 0x29, 
        0x13, 0x19, 0x29, 0x13, 0x19, 0x29, 0x13, 0x19, 0x29, 0x13, 0x19, 0x29, 0x13, 0x19, 0x29, 0x13, 0x19, 0x29, 0x13, 0x19, 0x29, 0x13, 0x19, 0x29, 0x13, 0x19, 0x29, 0x13, 0x19, 0x29, 0x13, 0x19, 0x29, 0x13, 0x19, 0x29, 0x13, 0x19, 0x29, 
        0x13, 0x19, 0x29, 0x13, 0x19, 0x29, 0x13, 0x19, 0x29, 0x13, 0x19, 0x29,
  0x13, 0x19, 0x29, 0x13, 0x19, 0x29, 0x13, 0x19, 0x29, 0x13, 0x19, 0x29, 0x13, 0x19, 0x29, 0x13, 0x19, 0x29, 0x13, 0x19, 0x29, 0x13, 0x19, 0x29, 0x13, 0x19, 0x29, 0x13, 0x19, 0x29, 0x13, 0x19, 0x29, 0x13, 0x19, 0x29, 0x13, 0x19, 0x29, 0x13, 0x19, 0x29, 
        0x13, 0x19, 0x29, 0x13, 0x19, 0x29, 0x13, 0x19, 0x29, 0x13, 0x19, 0x29, 0x13, 0x19, 0x29, 0x13, 0x19, 0x29, 0x13, 0x19, 0x29, 0x13, 0x19, 0x29, 0x13, 0x19, 0x29, 0x13, 0x19, 0x29, 0x13, 0x19, 0x29, 0x13, 0x19, 0x29, 0x13, 0x19, 0x29, 
        0x13, 0x19, 0x29, 0x13, 0x19, 0x29, 0x13, 0x19, 0x29, 0x13, 0x19, 0x29, 0x13, 0x19, 0x29, 0x13, 0x19, 0x29, 0x13, 0x19, 0x29, 0x13, 0x19, 0x29, 0x13, 0x19, 0x29, 0x13, 0x19, 0x29, 0x13, 0x19, 0x29, 0x13, 0x19, 0x29, 0x13, 0x19, 0x29, 
        0x13, 0x19, 0x29, 0x13, 0x19, 0x29, 0x13, 0x19, 0x29, 0x13, 0x19, 0x29, 0x13, 0x19, 0x29, 0x13, 0x19, 0x29, 0x13, 0x19, 0x29, 0x13, 0x19, 0x29, 0x13, 0x19, 0x29, 0x13, 0x19, 0x29, 0x13, 0x19, 0x29, 0x13, 0x19, 0x29, 0x13, 0x19, 0x29, 
        0x13, 0x19, 0x29, 0x13, 0x19, 0x29, 0x13, 0x19, 0x29, 0x13, 0x19, 0x29, 0x13, 0x19, 0x29, 0x13, 0x19, 0x29, 0x13, 0x19, 0x29, 0x13, 0x19, 0x29, 0x13, 0x19, 0x29, 0x13, 0x19, 0x29, 0x13, 0x19, 0x29, 0x13, 0x19, 0x29, 0x13, 0x19, 0x29, 
        0x13, 0x19, 0x29, 0x13, 0x19, 0x29, 0x13, 0x19, 0x29, 0x13, 0x19, 0x29, 0x13, 0x19, 0x29, 0x13, 0x19, 0x29, 0x13, 0x19, 0x29, 0x13, 0x19, 0x29, 0x13, 0x19, 0x29, 0x13, 0x19, 0x29, 0x13, 0x19, 0x29, 0x13, 0x19, 0x29, 0x13, 0x19, 0x29, 
        0x13, 0x19, 0x29, 0x25, 0xA2, 0xB7, 0x2C, 0xD8, 0xEF, 0x1C, 0x69, 0x7D, 0x13, 0x23, 0x33, 0x14, 0x30, 0x40, 0x16, 0x40, 0x52, 0x18, 0x55, 0x68, 0x1B, 0x6B, 0x7E, 0x27, 0xC0, 0xD5, 0x23, 0xA4, 0xB9, 0x21, 0x91, 0xA7, 0x29, 0xCF, 0xE7, 
        0x20, 0x94, 0xAA, 0x1E, 0x7E, 0x92, 0x1B, 0x72, 0x86, 0x1B, 0x66, 0x7A, 0x19, 0x5D, 0x71, 0x18, 0x58, 0x6B, 0x18, 0x55, 0x68, 0x18, 0x54, 0x66, 0x18, 0x53, 0x66, 0x17, 0x55, 0x67, 0x18, 0x58, 0x6A, 0x19, 0x5D, 0x70, 0x1A, 0x64, 0x79, 
        0x1B, 0x70, 0x84, 0x1D, 0x7D, 0x92, 0x20, 0x94, 0xA9, 0x29, 0xD0, 0xE8, 0x20, 0x92, 0xA7, 0x23, 0xA5, 0xBA, 0x27, 0xC0, 0xD6, 0x1B, 0x6C, 0x7F, 0x18, 0x56, 0x69, 0x16, 0x42, 0x54, 0x14, 0x30, 0x41, 0x12, 0x25, 0x35, 0x1C, 0x69, 0x7D, 
        0x2C, 0xD7, 0xEE, 0x25, 0xA2, 0xB7, 0x13, 0x19, 0x29, 0x13, 0x19, 0x29, 0x13, 0x19, 0x29, 0x13, 0x19, 0x29, 0x13, 0x19, 0x29, 0x13, 0x19, 0x29, 0x13, 0x19, 0x29, 0x13, 0x19, 0x29, 0x13, 0x19, 0x29, 0x13, 0x19, 0x29, 0x13, 0x19, 0x29, 
        0x13, 0x19, 0x29, 0x13, 0x19, 0x29, 0x13, 0x19, 0x29, 0x13, 0x19, 0x29, 0x13, 0x19, 0x29, 0x13, 0x19, 0x29, 0x13, 0x19, 0x29, 0x13, 0x19, 0x29, 0x13, 0x19, 0x29, 0x13, 0x19, 0x29, 0x13, 0x19, 0x29, 0x13, 0x19, 0x29, 0x13, 0x19, 0x29, 
        0x13, 0x19, 0x29, 0x13, 0x19, 0x29, 0x13, 0x19, 0x29, 0x13, 0x19, 0x29, 0x13, 0x19, 0x29, 0x13, 0x19, 0x29, 0x13, 0x19, 0x29, 0x13, 0x19, 0x29, 0x13, 0x19, 0x29, 0x13, 0x19, 0x29, 0x13, 0x19, 0x29, 0x13, 0x19, 0x29, 0x13, 0x19, 0x29, 
        0x13, 0x19, 0x29, 0x13, 0x19, 0x29, 0x13, 0x19, 0x29, 0x13, 0x19, 0x29, 0x13, 0x19, 0x29, 0x13, 0x19, 0x29, 0x13, 0x19, 0x29, 0x13, 0x19, 0x29, 0x13, 0x19, 0x29, 0x13, 0x19, 0x29, 0x13, 0x19, 0x29, 0x13, 0x19, 0x29, 0x13, 0x19, 0x29, 
        0x13, 0x19, 0x29, 0x13, 0x19, 0x29, 0x13, 0x19, 0x29, 0x13, 0x19, 0x29, 0x13, 0x19, 0x29, 0x13, 0x19, 0x29, 0x13, 0x19, 0x29, 0x13, 0x19, 0x29, 0x13, 0x19, 0x29, 0x13, 0x19, 0x29, 0x13, 0x19, 0x29, 0x13, 0x19, 0x29, 0x13, 0x19, 0x29, 
        0x13, 0x19, 0x29, 0x13, 0x19, 0x29, 0x13, 0x19, 0x29, 0x13, 0x19, 0x29, 0x13, 0x19, 0x29, 0x13, 0x19, 0x29, 0x13, 0x19, 0x29, 0x13, 0x19, 0x29, 0x13, 0x19, 0x29, 0x13, 0x19, 0x29, 0x13, 0x19, 0x29, 0x13, 0x19, 0x29, 0x13, 0x19, 0x29, 
        0x13, 0x19, 0x29, 0x13, 0x19, 0x29, 0x13, 0x19, 0x29, 0x13, 0x19, 0x29,
  0x13, 0x19, 0x29, 0x13, 0x19, 0x29, 0x13, 0x19, 0x29, 0x13, 0x19, 0x29, 0x13, 0x19, 0x29, 0x13, 0x19, 0x29, 0x13, 0x19, 0x29, 0x13, 0x19, 0x29, 0x13, 0x19, 0x29, 0x13, 0x19, 0x29, 0x13, 0x19, 0x29, 0x13, 0x19, 0x29, 0x13, 0x19, 0x29, 0x13, 0x19, 0x29, 
        0x13, 0x19, 0x29, 0x13, 0x19, 0x29, 0x13, 0x19, 0x29, 0x13, 0x19, 0x29, 0x13, 0x19, 0x29, 0x13, 0x19, 0x29, 0x13, 0x19, 0x29, 0x13, 0x19, 0x29, 0x13, 0x19, 0x29, 0x13, 0x19, 0x29, 0x13, 0x19, 0x29, 0x13, 0x19, 0x29, 0x13, 0x19, 0x29, 
        0x13, 0x19, 0x29, 0x13, 0x19, 0x29, 0x13, 0x19, 0x29, 0x13, 0x19, 0x29, 0x13, 0x19, 0x29, 0x13, 0x19, 0x29, 0x13, 0x19, 0x29, 0x13, 0x19, 0x29, 0x13, 0x19, 0x29, 0x13, 0x19, 0x29, 0x13, 0x19, 0x29, 0x13, 0x19, 0x29, 0x13, 0x19, 0x29, 
        0x13, 0x19, 0x29, 0x13, 0x19, 0x29, 0x13, 0x19, 0x29, 0x13, 0x19, 0x29, 0x13, 0x19, 0x29, 0x13, 0x19, 0x29, 0x13, 0x19, 0x29, 0x13, 0x19, 0x29, 0x13, 0x19, 0x29, 0x13, 0x19, 0x29, 0x13, 0x19, 0x29, 0x13, 0x19, 0x29, 0x13, 0x19, 0x29, 
        0x13, 0x19, 0x29, 0x13, 0x19, 0x29, 0x13, 0x19, 0x29, 0x13, 0x19, 0x29, 0x13, 0x19, 0x29, 0x13, 0x19, 0x29, 0x13, 0x19, 0x29, 0x13, 0x19, 0x29, 0x13, 0x19, 0x29, 0x13, 0x19, 0x29, 0x13, 0x19, 0x29, 0x13, 0x19, 0x29, 0x13, 0x19, 0x29, 
        0x13, 0x19, 0x29, 0x13, 0x19, 0x29, 0x13, 0x19, 0x29, 0x13, 0x19, 0x29, 0x13, 0x19, 0x29, 0x13, 0x19, 0x29, 0x13, 0x19, 0x29, 0x13, 0x19, 0x29, 0x13, 0x19, 0x29, 0x13, 0x19, 0x29, 0x13, 0x19, 0x29, 0x13, 0x19, 0x29, 0x13, 0x19, 0x29, 
        0x13, 0x19, 0x29, 0x27, 0xAC, 0xC1, 0x2C, 0xD8, 0xEF, 0x1B, 0x5E, 0x71, 0x13, 0x23, 0x33, 0x14, 0x2F, 0x40, 0x17, 0x40, 0x51, 0x18, 0x55, 0x67, 0x1B, 0x6A, 0x7D, 0x27, 0xBE, 0xD5, 0x23, 0xA3, 0xB8, 0x20, 0x91, 0xA6, 0x29, 0xD0, 0xE7, 
        0x20, 0x93, 0xA9, 0x1D, 0x7D, 0x92, 0x1C, 0x70, 0x84, 0x1A, 0x64, 0x78, 0x19, 0x5C, 0x6F, 0x18, 0x56, 0x69, 0x18, 0x53, 0x66, 0x17, 0x52, 0x64, 0x17, 0x52, 0x64, 0x18, 0x53, 0x65, 0x18, 0x55, 0x68, 0x19, 0x5B, 0x6E, 0x1A, 0x64, 0x77, 
        0x1C, 0x6E, 0x83, 0x1D, 0x7C, 0x90, 0x20, 0x92, 0xA7, 0x29, 0xD0, 0xE7, 0x20, 0x91, 0xA6, 0x23, 0xA3, 0xB9, 0x26, 0xC0, 0xD5, 0x1B, 0x6C, 0x7F, 0x18, 0x57, 0x68, 0x15, 0x42, 0x53, 0x14, 0x31, 0x42, 0x12, 0x25, 0x35, 0x1B, 0x5F, 0x71, 
        0x2C, 0xD7, 0xEE, 0x27, 0xAC, 0xC1, 0x13, 0x19, 0x29, 0x13, 0x19, 0x29, 0x13, 0x19, 0x29, 0x13, 0x19, 0x29, 0x13, 0x19, 0x29, 0x13, 0x19, 0x29, 0x13, 0x19, 0x29, 0x13, 0x19, 0x29, 0x13, 0x19, 0x29, 0x13, 0x19, 0x29, 0x13, 0x19, 0x29, 
        0x13, 0x19, 0x29, 0x13, 0x19, 0x29, 0x13, 0x19, 0x29, 0x13, 0x19, 0x29, 0x13, 0x19, 0x29, 0x13, 0x19, 0x29, 0x13, 0x19, 0x29, 0x13, 0x19, 0x29, 0x13, 0x19, 0x29, 0x13, 0x19, 0x29, 0x13, 0x19, 0x29, 0x13, 0x19, 0x29, 0x13, 0x19, 0x29, 
        0x13, 0x19, 0x29, 0x13, 0x19, 0x29, 0x13, 0x19, 0x29, 0x13, 0x19, 0x29, 0x13, 0x19, 0x29, 0x13, 0x19, 0x29, 0x13, 0x19, 0x29, 0x13, 0x19, 0x29, 0x13, 0x19, 0x29, 0x13, 0x19, 0x29, 0x13, 0x19, 0x29, 0x13, 0x19, 0x29, 0x13, 0x19, 0x29, 
        0x13, 0x19, 0x29, 0x13, 0x19, 0x29, 0x13, 0x19, 0x29, 0x13, 0x19, 0x29, 0x13, 0x19, 0x29, 0x13, 0x19, 0x29, 0x13, 0x19, 0x29, 0x13, 0x19, 0x29, 0x13, 0x19, 0x29, 0x13, 0x19, 0x29, 0x13, 0x19, 0x29, 0x13, 0x19, 0x29, 0x13, 0x19, 0x29, 
        0x13, 0x19, 0x29, 0x13, 0x19, 0x29, 0x13, 0x19, 0x29, 0x13, 0x19, 0x29, 0x13, 0x19, 0x29, 0x13, 0x19, 0x29, 0x13, 0x19, 0x29, 0x13, 0x19, 0x29, 0x13, 0x19, 0x29, 0x13, 0x19, 0x29, 0x13, 0x19, 0x29, 0x13, 0x19, 0x29, 0x13, 0x19, 0x29, 
        0x13, 0x19, 0x29, 0x13, 0x19, 0x29, 0x13, 0x19, 0x29, 0x13, 0x19, 0x29, 0x13, 0x19, 0x29, 0x13, 0x19, 0x29, 0x13, 0x19, 0x29, 0x13, 0x19, 0x29, 0x13, 0x19, 0x29, 0x13, 0x19, 0x29, 0x13, 0x19, 0x29, 0x13, 0x19, 0x29, 0x13, 0x19, 0x29, 
        0x13, 0x19, 0x29, 0x13, 0x19, 0x29, 0x13, 0x19, 0x29, 0x13, 0x19, 0x29,
  0x13, 0x19, 0x29, 0x13, 0x19, 0x29, 0x13, 0x19, 0x29, 0x13, 0x19, 0x29, 0x13, 0x19, 0x29, 0x13, 0x19, 0x29, 0x13, 0x19, 0x29, 0x13, 0x19, 0x29, 0x13, 0x19, 0x29, 0x13, 0x19, 0x29, 0x13, 0x19, 0x29, 0x13, 0x19, 0x29, 0x13, 0x19, 0x29, 0x13, 0x19, 0x29, 
        0x13, 0x19, 0x29, 0x13, 0x19, 0x29, 0x13, 0x19, 0x29, 0x13, 0x19, 0x29, 0x13, 0x19, 0x29, 0x13, 0x19, 0x29, 0x13, 0x19, 0x29, 0x13, 0x19, 0x29, 0x13, 0x19, 0x29, 0x13, 0x19, 0x29, 0x13, 0x19, 0x29, 0x13, 0x19, 0x29, 0x13, 0x19, 0x29, 
        0x13, 0x19, 0x29, 0x13, 0x19, 0x29, 0x13, 0x19, 0x29, 0x13, 0x19, 0x29, 0x13, 0x19, 0x29, 0x13, 0x19, 0x29, 0x13, 0x19, 0x29, 0x13, 0x19, 0x29, 0x13, 0x19, 0x29, 0x13, 0x19, 0x29, 0x13, 0x19, 0x29, 0x13, 0x19, 0x29, 0x13, 0x19, 0x29, 
        0x13, 0x19, 0x29, 0x13, 0x19, 0x29, 0x13, 0x19, 0x29, 0x13, 0x19, 0x29, 0x13, 0x19, 0x29, 0x13, 0x19, 0x29, 0x13, 0x19, 0x29, 0x13, 0x19, 0x29, 0x13, 0x19, 0x29, 0x13, 0x19, 0x29, 0x13, 0x19, 0x29, 0x13, 0x19, 0x29, 0x13, 0x19, 0x29, 
        0x13, 0x19, 0x29, 0x13, 0x19, 0x29, 0x13, 0x19, 0x29, 0x13, 0x19, 0x29, 0x13, 0x19, 0x29, 0x13, 0x19, 0x29, 0x13, 0x19, 0x29, 0x13, 0x19, 0x29, 0x13, 0x19, 0x29, 0x13, 0x19, 0x29, 0x13, 0x19, 0x29, 0x13, 0x19, 0x29, 0x13, 0x19, 0x29, 
        0x13, 0x19, 0x29, 0x13, 0x19, 0x29, 0x13, 0x19, 0x29, 0x13, 0x19, 0x29, 0x13, 0x19, 0x29, 0x13, 0x19, 0x29, 0x13, 0x19, 0x29, 0x13, 0x19, 0x29, 0x13, 0x19, 0x29, 0x13, 0x19, 0x29, 0x13, 0x19, 0x29, 0x13, 0x19, 0x29, 0x13, 0x19, 0x29, 
        0x13, 0x19, 0x29, 0x27, 0xB0, 0xC6, 0x2C, 0xD8, 0xEF, 0x1A, 0x59, 0x6D, 0x14, 0x23, 0x33, 0x14, 0x2F, 0x40, 0x17, 0x3F, 0x51, 0x19, 0x54, 0x66, 0x1B, 0x69, 0x7C, 0x27, 0xBF, 0xD5, 0x23, 0xA3, 0xB8, 0x20, 0x91, 0xA6, 0x29, 0xD0, 0xE7, 
        0x21, 0x95, 0xAB, 0x1E, 0x81, 0x95, 0x1D, 0x75, 0x8A, 0x1B, 0x6C, 0x7F, 0x1A, 0x64, 0x77, 0x19, 0x5F, 0x72, 0x19, 0x5C, 0x6F, 0x19, 0x5B, 0x6D, 0x19, 0x5A, 0x6D, 0x19, 0x5B, 0x6E, 0x19, 0x5D, 0x71, 0x1A, 0x62, 0x76, 0x1A, 0x6A, 0x7D, 
        0x1C, 0x73, 0x88, 0x1E, 0x7F, 0x93, 0x20, 0x93, 0xA9, 0x29, 0xD0, 0xE8, 0x20, 0x91, 0xA6, 0x22, 0xA3, 0xB8, 0x26, 0xBF, 0xD5, 0x1B, 0x6B, 0x7E, 0x18, 0x56, 0x69, 0x15, 0x41, 0x53, 0x14, 0x31, 0x42, 0x12, 0x24, 0x35, 0x1A, 0x5A, 0x6D, 
        0x2C, 0xD7, 0xEE, 0x27, 0xB0, 0xC6, 0x13, 0x19, 0x29, 0x13, 0x19, 0x29, 0x13, 0x19, 0x29, 0x13, 0x19, 0x29, 0x13, 0x19, 0x29, 0x13, 0x19, 0x29, 0x13, 0x19, 0x29, 0x13, 0x19, 0x29, 0x13, 0x19, 0x29, 0x13, 0x19, 0x29, 0x13, 0x19, 0x29, 
        0x13, 0x19, 0x29, 0x13, 0x19, 0x29, 0x13, 0x19, 0x29, 0x13, 0x19, 0x29, 0x13, 0x19, 0x29, 0x13, 0x19, 0x29, 0x13, 0x19, 0x29, 0x13, 0x19, 0x29, 0x13, 0x19, 0x29, 0x13, 0x19, 0x29, 0x13, 0x19, 0x29, 0x13, 0x19, 0x29, 0x13, 0x19, 0x29, 
        0x13, 0x19, 0x29, 0x13, 0x19, 0x29, 0x13, 0x19, 0x29, 0x13, 0x19, 0x29, 0x13, 0x19, 0x29, 0x13, 0x19, 0x29, 0x13, 0x19, 0x29, 0x13, 0x19, 0x29, 0x13, 0x19, 0x29, 0x13, 0x19, 0x29, 0x13, 0x19, 0x29, 0x13, 0x19, 0x29, 0x13, 0x19, 0x29, 
        0x13, 0x19, 0x29, 0x13, 0x19, 0x29, 0x13, 0x19, 0x29, 0x13, 0x19, 0x29, 0x13, 0x19, 0x29, 0x13, 0x19, 0x29, 0x13, 0x19, 0x29, 0x13, 0x19, 0x29, 0x13, 0x19, 0x29, 0x13, 0x19, 0x29, 0x13, 0x19, 0x29, 0x13, 0x19, 0x29, 0x13, 0x19, 0x29, 
        0x13, 0x19, 0x29, 0x13, 0x19, 0x29, 0x13, 0x19, 0x29, 0x13, 0x19, 0x29, 0x13, 0x19, 0x29, 0x13, 0x19, 0x29, 0x13, 0x19, 0x29, 0x13, 0x19, 0x29, 0x13, 0x19, 0x29, 0x13, 0x19, 0x29, 0x13, 0x19, 0x29, 0x13, 0x19, 0x29, 0x13, 0x19, 0x29, 
        0x13, 0x19, 0x29, 0x13, 0x19, 0x29, 0x13, 0x19, 0x29, 0x13, 0x19, 0x29, 0x13, 0x19, 0x29, 0x13, 0x19, 0x29, 0x13, 0x19, 0x29, 0x13, 0x19, 0x29, 0x13, 0x19, 0x29, 0x13, 0x19, 0x29, 0x13, 0x19, 0x29, 0x13, 0x19, 0x29, 0x13, 0x19, 0x29, 
        0x13, 0x19, 0x29, 0x13, 0x19, 0x29, 0x13, 0x19, 0x29, 0x13, 0x19, 0x29,
  0x13, 0x19, 0x29, 0x13, 0x19, 0x29, 0x13, 0x19, 0x29, 0x13, 0x19, 0x29, 0x13, 0x19, 0x29, 0x13, 0x19, 0x29, 0x13, 0x19, 0x29, 0x13, 0x19, 0x29, 0x13, 0x19, 0x29, 0x13, 0x19, 0x29, 0x13, 0x19, 0x29, 0x13, 0x19, 0x29, 0x13, 0x19, 0x29, 0x13, 0x19, 0x29, 
        0x13, 0x19, 0x29, 0x13, 0x19, 0x29, 0x13, 0x19, 0x29, 0x13, 0x19, 0x29, 0x13, 0x19, 0x29, 0x13, 0x19, 0x29, 0x13, 0x19, 0x29, 0x13, 0x19, 0x29, 0x13, 0x19, 0x29, 0x13, 0x19, 0x29, 0x13, 0x19, 0x29, 0x13, 0x19, 0x29, 0x13, 0x19, 0x29, 
        0x13, 0x19, 0x29, 0x13, 0x19, 0x29, 0x13, 0x19, 0x29, 0x13, 0x19, 0x29, 0x13, 0x19, 0x29, 0x13, 0x19, 0x29, 0x13, 0x19, 0x29, 0x13, 0x19, 0x29, 0x13, 0x19, 0x29, 0x13, 0x19, 0x29, 0x13, 0x19, 0x29, 0x13, 0x19, 0x29, 0x13, 0x19, 0x29, 
        0x13, 0x19, 0x29, 0x13, 0x19, 0x29, 0x13, 0x19, 0x29, 0x13, 0x19, 0x29, 0x13, 0x19, 0x29, 0x13, 0x19, 0x29, 0x13, 0x19, 0x29, 0x13, 0x19, 0x29, 0x13, 0x19, 0x29, 0x13, 0x19, 0x29, 0x13, 0x19, 0x29, 0x13, 0x19, 0x29, 0x13, 0x19, 0x29, 
        0x13, 0x19, 0x29, 0x13, 0x19, 0x29, 0x13, 0x19, 0x29, 0x13, 0x19, 0x29, 0x13, 0x19, 0x29, 0x13, 0x19, 0x29, 0x13, 0x19, 0x29, 0x13, 0x19, 0x29, 0x13, 0x19, 0x29, 0x13, 0x19, 0x29, 0x13, 0x19, 0x29, 0x13, 0x19, 0x29, 0x13, 0x19, 0x29, 
        0x13, 0x19, 0x29, 0x13, 0x19, 0x29, 0x13, 0x19, 0x29, 0x13, 0x19, 0x29, 0x13, 0x19, 0x29, 0x13, 0x19, 0x29, 0x13, 0x19, 0x29, 0x13, 0x19, 0x29, 0x13, 0x19, 0x29, 0x13, 0x19, 0x29, 0x13, 0x19, 0x29, 0x13, 0x19, 0x29, 0x13, 0x19, 0x29, 
        0x13, 0x19, 0x29, 0x26, 0xA7, 0xBD, 0x2C, 0xD8, 0xEF, 0x1B, 0x62, 0x76, 0x14, 0x23, 0x33, 0x14, 0x2F, 0x3F, 0x17, 0x3F, 0x50, 0x19, 0x54, 0x66, 0x1C, 0x69, 0x7C, 0x26, 0xBE, 0xD4, 0x23, 0xA3, 0xB8, 0x20, 0x92, 0xA7, 0x29, 0xCF, 0xE8, 
        0x22, 0x99, 0xAE, 0x1F, 0x88, 0x9D, 0x1E, 0x80, 0x94, 0x1D, 0x78, 0x8D, 0x1C, 0x72, 0x86, 0x1C, 0x6E, 0x82, 0x1B, 0x6C, 0x7F, 0x1B, 0x6B, 0x7E, 0x1B, 0x6A, 0x7E, 0x1B, 0x6B, 0x7E, 0x1B, 0x6C, 0x7F, 0x1B, 0x6F, 0x84, 0x1C, 0x75, 0x89, 
        0x1D, 0x7D, 0x92, 0x1E, 0x85, 0x9A, 0x21, 0x97, 0xAD, 0x29, 0xCF, 0xE7, 0x20, 0x91, 0xA5, 0x22, 0xA2, 0xB8, 0x26, 0xBE, 0xD5, 0x1B, 0x6A, 0x7D, 0x18, 0x56, 0x68, 0x15, 0x41, 0x53, 0x14, 0x31, 0x42, 0x12, 0x24, 0x35, 0x1B, 0x63, 0x76, 
        0x2C, 0xD7, 0xEE, 0x26, 0xA7, 0xBD, 0x13, 0x19, 0x29, 0x13, 0x19, 0x29, 0x13, 0x19, 0x29, 0x13, 0x19, 0x29, 0x13, 0x19, 0x29, 0x13, 0x19, 0x29, 0x13, 0x19, 0x29, 0x13, 0x19, 0x29, 0x13, 0x19, 0x29, 0x13, 0x19, 0x29, 0x13, 0x19, 0x29, 
        0x13, 0x19, 0x29, 0x13, 0x19, 0x29, 0x13, 0x19, 0x29, 0x13, 0x19, 0x29, 0x13, 0x19, 0x29, 0x13, 0x19, 0x29, 0x13, 0x19, 0x29, 0x13, 0x19, 0x29, 0x13, 0x19, 0x29, 0x13, 0x19, 0x29, 0x13, 0x19, 0x29, 0x13, 0x19, 0x29, 0x13, 0x19, 0x29, 
        0x13, 0x19, 0x29, 0x13, 0x19, 0x29, 0x13, 0x19, 0x29, 0x13, 0x19, 0x29, 0x13, 0x19, 0x29, 0x13, 0x19, 0x29, 0x13, 0x19, 0x29, 0x13, 0x19, 0x29, 0x13, 0x19, 0x29, 0x13, 0x19, 0x29, 0x13, 0x19, 0x29, 0x13, 0x19, 0x29, 0x13, 0x19, 0x29, 
        0x13, 0x19, 0x29, 0x13, 0x19, 0x29, 0x13, 0x19, 0x29, 0x13, 0x19, 0x29, 0x13, 0x19, 0x29, 0x13, 0x19, 0x29, 0x13, 0x19, 0x29, 0x13, 0x19, 0x29, 0x13, 0x19, 0x29, 0x13, 0x19, 0x29, 0x13, 0x19, 0x29, 0x13, 0x19, 0x29, 0x13, 0x19, 0x29, 
        0x13, 0x19, 0x29, 0x13, 0x19, 0x29, 0x13, 0x19, 0x29, 0x13, 0x19, 0x29, 0x13, 0x19, 0x29, 0x13, 0x19, 0x29, 0x13, 0x19, 0x29, 0x13, 0x19, 0x29, 0x13, 0x19, 0x29, 0x13, 0x19, 0x29, 0x13, 0x19, 0x29, 0x13, 0x19, 0x29, 0x13, 0x19, 0x29, 
        0x13, 0x19, 0x29, 0x13, 0x19, 0x29, 0x13, 0x19, 0x29, 0x13, 0x19, 0x29, 0x13, 0x19, 0x29, 0x13, 0x19, 0x29, 0x13, 0x19, 0x29, 0x13, 0x19, 0x29, 0x13, 0x19, 0x29, 0x13, 0x19, 0x29, 0x13, 0x19, 0x29, 0x13, 0x19, 0x29, 0x13, 0x19, 0x29, 
        0x13, 0x19, 0x29, 0x13, 0x19, 0x29, 0x13, 0x19, 0x29, 0x13, 0x19, 0x29,
  0x13, 0x19, 0x29, 0x13, 0x19, 0x29, 0x13, 0x19, 0x29, 0x13, 0x19, 0x29, 0x13, 0x19, 0x29, 0x13, 0x19, 0x29, 0x13, 0x19, 0x29, 0x13, 0x19, 0x29, 0x13, 0x19, 0x29, 0x13, 0x19, 0x29, 0x13, 0x19, 0x29, 0x13, 0x19, 0x29, 0x13, 0x19, 0x29, 0x13, 0x19, 0x29, 
        0x13, 0x19, 0x29, 0x13, 0x19, 0x29, 0x13, 0x19, 0x29, 0x13, 0x19, 0x29, 0x13, 0x19, 0x29, 0x13, 0x19, 0x29, 0x13, 0x19, 0x29, 0x13, 0x19, 0x29, 0x13, 0x19, 0x29, 0x13, 0x19, 0x29, 0x13, 0x19, 0x29, 0x13, 0x19, 0x29, 0x13, 0x19, 0x29, 
        0x13, 0x19, 0x29, 0x13, 0x19, 0x29, 0x13, 0x19, 0x29, 0x13, 0x19, 0x29, 0x13, 0x19, 0x29, 0x13, 0x19, 0x29, 0x13, 0x19, 0x29, 0x13, 0x19, 0x29, 0x13, 0x19, 0x29, 0x13, 0x19, 0x29, 0x13, 0x19, 0x29, 0x13, 0x19, 0x29, 0x13, 0x19, 0x29, 
        0x13, 0x19, 0x29, 0x13, 0x19, 0x29, 0x13, 0x19, 0x29, 0x13, 0x19, 0x29, 0x13, 0x19, 0x29, 0x13, 0x19, 0x29, 0x13, 0x19, 0x29, 0x13, 0x19, 0x29, 0x13, 0x19, 0x29, 0x13, 0x19, 0x29, 0x13, 0x19, 0x29, 0x13, 0x19, 0x29, 0x13, 0x19, 0x29, 
        0x13, 0x19, 0x29, 0x13, 0x19, 0x29, 0x13, 0x19, 0x29, 0x13, 0x19, 0x29, 0x13, 0x19, 0x29, 0x13, 0x19, 0x29, 0x13, 0x19, 0x29, 0x13, 0x19, 0x29, 0x13, 0x19, 0x29, 0x13, 0x19, 0x29, 0x13, 0x19, 0x29, 0x13, 0x19, 0x29, 0x13, 0x19, 0x29, 
        0x13, 0x19, 0x29, 0x13, 0x19, 0x29, 0x13, 0x19, 0x29, 0x13, 0x19, 0x29, 0x13, 0x19, 0x29, 0x13, 0x19, 0x29, 0x13, 0x19, 0x29, 0x13, 0x19, 0x29, 0x13, 0x19, 0x29, 0x13, 0x19, 0x29, 0x13, 0x19, 0x29, 0x13, 0x19, 0x29, 0x13, 0x19, 0x29, 
        0x13, 0x19, 0x29, 0x24, 0x99, 0xAD, 0x2C, 0xD8, 0xEF, 0x1E, 0x74, 0x88, 0x14, 0x23, 0x33, 0x14, 0x2F, 0x3F, 0x17, 0x3F, 0x50, 0x18, 0x53, 0x65, 0x1B, 0x68, 0x7A, 0x27, 0xBE, 0xD4, 0x22, 0xA3, 0xB7, 0x20, 0x91, 0xA7, 0x29, 0xD0, 0xE8, 
        0x26, 0xBB, 0xD2, 0x25, 0xB5, 0xCB, 0x25, 0xB3, 0xC9, 0x24, 0xB1, 0xC7, 0x24, 0xAF, 0xC4, 0x24, 0xAD, 0xC3, 0x24, 0xAD, 0xC3, 0x23, 0xAC, 0xC2, 0x23, 0xAC, 0xC2, 0x23, 0xAC, 0xC2, 0x23, 0xAC, 0xC2, 0x24, 0xAD, 0xC3, 0x23, 0xAF, 0xC5, 
        0x24, 0xB1, 0xC7, 0x25, 0xB3, 0xC9, 0x26, 0xB9, 0xD1, 0x29, 0xD0, 0xE7, 0x20, 0x92, 0xA7, 0x22, 0xA3, 0xB8, 0x26, 0xBE, 0xD4, 0x1B, 0x6A, 0x7C, 0x18, 0x55, 0x67, 0x16, 0x41, 0x52, 0x14, 0x31, 0x42, 0x12, 0x24, 0x35, 0x1E, 0x75, 0x8A, 
        0x2C, 0xD7, 0xEE, 0x24, 0x99, 0xAD, 0x13, 0x19, 0x29, 0x13, 0x19, 0x29, 0x13, 0x19, 0x29, 0x13, 0x19, 0x29, 0x13, 0x19, 0x29, 0x13, 0x19, 0x29, 0x13, 0x19, 0x29, 0x13, 0x19, 0x29, 0x13, 0x19, 0x29, 0x13, 0x19, 0x29, 0x13, 0x19, 0x29, 
        0x13, 0x19, 0x29, 0x13, 0x19, 0x29, 0x13, 0x19, 0x29, 0x13, 0x19, 0x29, 0x13, 0x19, 0x29, 0x13, 0x19, 0x29, 0x13, 0x19, 0x29, 0x13, 0x19, 0x29, 0x13, 0x19, 0x29, 0x13, 0x19, 0x29, 0x13, 0x19, 0x29, 0x13, 0x19, 0x29, 0x13, 0x19, 0x29, 
        0x13, 0x19, 0x29, 0x13, 0x19, 0x29, 0x13, 0x19, 0x29, 0x13, 0x19, 0x29, 0x13, 0x19, 0x29, 0x13, 0x19, 0x29, 0x13, 0x19, 0x29, 0x13, 0x19, 0x29, 0x13, 0x19, 0x29, 0x13, 0x19, 0x29, 0x13, 0x19, 0x29, 0x13, 0x19, 0x29, 0x13, 0x19, 0x29, 
        0x13, 0x19, 0x29, 0x13, 0x19, 0x29, 0x13, 0x19, 0x29, 0x13, 0x19, 0x29, 0x13, 0x19, 0x29, 0x13, 0x19, 0x29, 0x13, 0x19, 0x29, 0x13, 0x19, 0x29, 0x13, 0x19, 0x29, 0x13, 0x19, 0x29, 0x13, 0x19, 0x29, 0x13, 0x19, 0x29, 0x13, 0x19, 0x29, 
        0x13, 0x19, 0x29, 0x13, 0x19, 0x29, 0x13, 0x19, 0x29, 0x13, 0x19, 0x29, 0x13, 0x19, 0x29, 0x13, 0x19, 0x29, 0x13, 0x19, 0x29, 0x13, 0x19, 0x29, 0x13, 0x19, 0x29, 0x13, 0x19, 0x29, 0x13, 0x19, 0x29, 0x13, 0x19, 0x29, 0x13, 0x19, 0x29, 
        0x13, 0x19, 0x29, 0x13, 0x19, 0x29, 0x13, 0x19, 0x29, 0x13, 0x19, 0x29, 0x13, 0x19, 0x29, 0x13, 0x19, 0x29, 0x13, 0x19, 0x29, 0x13, 0x19, 0x29, 0x13, 0x19, 0x29, 0x13, 0x19, 0x29, 0x13, 0x19, 0x29, 0x13, 0x19, 0x29, 0x13, 0x19, 0x29, 
        0x13, 0x19, 0x29, 0x13, 0x19, 0x29, 0x13, 0x19, 0x29, 0x13, 0x19, 0x29,
  0x13, 0x19, 0x29, 0x13, 0x19, 0x29, 0x13, 0x19, 0x29, 0x13, 0x19, 0x29, 0x13, 0x19, 0x29, 0x13, 0x19, 0x29, 0x13, 0x19, 0x29, 0x13, 0x19, 0x29, 0x13, 0x19, 0x29, 0x13, 0x19, 0x29, 0x13, 0x19, 0x29, 0x13, 0x19, 0x29, 0x13, 0x19, 0x29, 0x13, 0x19, 0x29, 
        0x13, 0x19, 0x29, 0x13, 0x19, 0x29, 0x13, 0x19, 0x29, 0x13, 0x19, 0x29, 0x13, 0x19, 0x29, 0x13, 0x19, 0x29, 0x13, 0x19, 0x29, 0x13, 0x19, 0x29, 0x13, 0x19, 0x29, 0x13, 0x19, 0x29, 0x13, 0x19, 0x29, 0x13, 0x19, 0x29, 0x13, 0x19, 0x29, 
        0x13, 0x19, 0x29, 0x13, 0x19, 0x29, 0x13, 0x19, 0x29, 0x13, 0x19, 0x29, 0x13, 0x19, 0x29, 0x13, 0x19, 0x29, 0x13, 0x19, 0x29, 0x13, 0x19, 0x29, 0x13, 0x19, 0x29, 0x13, 0x19, 0x29, 0x13, 0x19, 0x29, 0x13, 0x19, 0x29, 0x13, 0x19, 0x29, 
        0x13, 0x19, 0x29, 0x13, 0x19, 0x29, 0x13, 0x19, 0x29, 0x13, 0x19, 0x29, 0x13, 0x19, 0x29, 0x13, 0x19, 0x29, 0x13, 0x19, 0x29, 0x13, 0x19, 0x29, 0x13, 0x19, 0x29, 0x13, 0x19, 0x29, 0x13, 0x19, 0x29, 0x13, 0x19, 0x29, 0x13, 0x19, 0x29, 
        0x13, 0x19, 0x29, 0x13, 0x19, 0x29, 0x13, 0x19, 0x29, 0x13, 0x19, 0x29, 0x13, 0x19, 0x29, 0x13, 0x19, 0x29, 0x13, 0x19, 0x29, 0x13, 0x19, 0x29, 0x13, 0x19, 0x29, 0x13, 0x19, 0x29, 0x13, 0x19, 0x29, 0x13, 0x19, 0x29, 0x13, 0x19, 0x29, 
        0x13, 0x19, 0x29, 0x13, 0x19, 0x29, 0x13, 0x19, 0x29, 0x13, 0x19, 0x29, 0x13, 0x19, 0x29, 0x13, 0x19, 0x29, 0x13, 0x19, 0x29, 0x13, 0x19, 0x29, 0x13, 0x19, 0x29, 0x13, 0x19, 0x29, 0x13, 0x19, 0x29, 0x13, 0x19, 0x29, 0x13, 0x19, 0x29, 
        0x13, 0x19, 0x29, 0x20, 0x7D, 0x91, 0x2C, 0xD8, 0xEF, 0x22, 0x91, 0xA7, 0x14, 0x23, 0x33, 0x14, 0x2F, 0x3F, 0x16, 0x3E, 0x50, 0x19, 0x53, 0x64, 0x1B, 0x67, 0x7A, 0x27, 0xBE, 0xD5, 0x22, 0xA2, 0xB7, 0x20, 0x93, 0xA7, 0x25, 0xB0, 0xC6, 
        0x26, 0xB9, 0xD0, 0x26, 0xB9, 0xD0, 0x25, 0xB7, 0xCE, 0x25, 0xB6, 0xCD, 0x25, 0xB5, 0xCC, 0x25, 0xB5, 0xCB, 0x25, 0xB5, 0xCA, 0x24, 0xB4, 0xCA, 0x25, 0xB3, 0xC9, 0x25, 0xB3, 0xC9, 0x25, 0xB3, 0xC9, 0x25, 0xB3, 0xC9, 0x24, 0xB4, 0xCA, 
        0x25, 0xB5, 0xCB, 0x24, 0xB7, 0xCC, 0x25, 0xB7, 0xCE, 0x24, 0xAF, 0xC5, 0x20, 0x92, 0xA7, 0x22, 0xA2, 0xB7, 0x27, 0xBE, 0xD4, 0x1A, 0x69, 0x7C, 0x19, 0x55, 0x67, 0x16, 0x41, 0x52, 0x14, 0x31, 0x41, 0x12, 0x24, 0x35, 0x22, 0x92, 0xA7, 
        0x2C, 0xD7, 0xEE, 0x20, 0x7C, 0x90, 0x13, 0x19, 0x29, 0x13, 0x19, 0x29, 0x13, 0x19, 0x29, 0x13, 0x19, 0x29, 0x13, 0x19, 0x29, 0x13, 0x19, 0x29, 0x13, 0x19, 0x29, 0x13, 0x19, 0x29, 0x13, 0x19, 0x29, 0x13, 0x19, 0x29, 0x13, 0x19, 0x29, 
        0x13, 0x19, 0x29, 0x13, 0x19, 0x29, 0x13, 0x19, 0x29, 0x13, 0x19, 0x29, 0x13, 0x19, 0x29, 0x13, 0x19, 0x29, 0x13, 0x19, 0x29, 0x13, 0x19, 0x29, 0x13, 0x19, 0x29, 0x13, 0x19, 0x29, 0x13, 0x19, 0x29, 0x13, 0x19, 0x29, 0x13, 0x19, 0x29, 
        0x13, 0x19, 0x29, 0x13, 0x19, 0x29, 0x13, 0x19, 0x29, 0x13, 0x19, 0x29, 0x13, 0x19, 0x29, 0x13, 0x19, 0x29, 0x13, 0x19, 0x29, 0x13, 0x19, 0x29, 0x13, 0x19, 0x29, 0x13, 0x19, 0x29, 0x13, 0x19, 0x29, 0x13, 0x19, 0x29, 0x13, 0x19, 0x29, 
        0x13, 0x19, 0x29, 0x13, 0x19, 0x29, 0x13, 0x19, 0x29, 0x13, 0x19, 0x29, 0x13, 0x19, 0x29, 0x13, 0x19, 0x29, 0x13, 0x19, 0x29, 0x13, 0x19, 0x29, 0x13, 0x19, 0x29, 0x13, 0x19, 0x29, 0x13, 0x19, 0x29, 0x13, 0x19, 0x29, 0x13, 0x19, 0x29, 
        0x13, 0x19, 0x29, 0x13, 0x19, 0x29, 0x13, 0x19, 0x29, 0x13, 0x19, 0x29, 0x13, 0x19, 0x29, 0x13, 0x19, 0x29, 0x13, 0x19, 0x29, 0x13, 0x19, 0x29, 0x13, 0x19, 0x29, 0x13, 0x19, 0x29, 0x13, 0x19, 0x29, 0x13, 0x19, 0x29, 0x13, 0x19, 0x29, 
        0x13, 0x19, 0x29, 0x13, 0x19, 0x29, 0x13, 0x19, 0x29, 0x13, 0x19, 0x29, 0x13, 0x19, 0x29, 0x13, 0x19, 0x29, 0x13, 0x19, 0x29, 0x13, 0x19, 0x29, 0x13, 0x19, 0x29, 0x13, 0x19, 0x29, 0x13, 0x19, 0x29, 0x13, 0x19, 0x29, 0x13, 0x19, 0x29, 
        0x13, 0x19, 0x29, 0x13, 0x19, 0x29, 0x13, 0x19, 0x29, 0x13, 0x19, 0x29,
  0x13, 0x19, 0x29, 0x13, 0x19, 0x29, 0x13, 0x19, 0x29, 0x13, 0x19, 0x29, 0x13, 0x19, 0x29, 0x13, 0x19, 0x29, 0x13, 0x19, 0x29, 0x13, 0x19, 0x29, 0x13, 0x19, 0x29, 0x13, 0x19, 0x29, 0x13, 0x19, 0x29, 0x13, 0x19, 0x29, 0x13, 0x19, 0x29, 0x13, 0x19, 0x29, 
        0x13, 0x19, 0x29, 0x13, 0x19, 0x29, 0x13, 0x19, 0x29, 0x13, 0x19, 0x29, 0x13, 0x19, 0x29, 0x13, 0x19, 0x29, 0x13, 0x19, 0x29, 0x13, 0x19, 0x29, 0x13, 0x19, 0x29, 0x13, 0x19, 0x29, 0x13, 0x19, 0x29, 0x13, 0x19, 0x29, 0x13, 0x19, 0x29, 
        0x13, 0x19, 0x29, 0x13, 0x19, 0x29, 0x13, 0x19, 0x29, 0x13, 0x19, 0x29, 0x13, 0x19, 0x29, 0x13, 0x19, 0x29, 0x13, 0x19, 0x29, 0x13, 0x19, 0x29, 0x13, 0x19, 0x29, 0x13, 0x19, 0x29, 0x13, 0x19, 0x29, 0x13, 0x19, 0x29, 0x13, 0x19, 0x29, 
        0x13, 0x19, 0x29, 0x13, 0x19, 0x29, 0x13, 0x19, 0x29, 0x13, 0x19, 0x29, 0x13, 0x19, 0x29, 0x13, 0x19, 0x29, 0x13, 0x19, 0x29, 0x13, 0x19, 0x29, 0x13, 0x19, 0x29, 0x13, 0x19, 0x29, 0x13, 0x19, 0x29, 0x13, 0x19, 0x29, 0x13, 0x19, 0x29, 
        0x13, 0x19, 0x29, 0x13, 0x19, 0x29, 0x13, 0x19, 0x29, 0x13, 0x19, 0x29, 0x13, 0x19, 0x29, 0x13, 0x19, 0x29, 0x13, 0x19, 0x29, 0x13, 0x19, 0x29, 0x13, 0x19, 0x29, 0x13, 0x19, 0x29, 0x13, 0x19, 0x29, 0x13, 0x19, 0x29, 0x13, 0x19, 0x29, 
        0x13, 0x19, 0x29, 0x13, 0x19, 0x29, 0x13, 0x19, 0x29, 0x13, 0x19, 0x29, 0x13, 0x19, 0x29, 0x13, 0x19, 0x29, 0x13, 0x19, 0x29, 0x13, 0x19, 0x29, 0x13, 0x19, 0x29, 0x13, 0x19, 0x29, 0x13, 0x19, 0x29, 0x13, 0x19, 0x29, 0x13, 0x19, 0x29, 
        0x13, 0x19, 0x29, 0x1B, 0x5A, 0x6C, 0x2C, 0xD8, 0xEF, 0x28, 0xBC, 0xD2, 0x14, 0x23, 0x33, 0x14, 0x2F, 0x3F, 0x16, 0x3F, 0x50, 0x19, 0x52, 0x64, 0x1A, 0x66, 0x79, 0x26, 0xBE, 0xD3, 0x22, 0xA1, 0xB6, 0x20, 0x92, 0xA7, 0x22, 0x9B, 0xB0, 
        0x23, 0xA1, 0xB7, 0x23, 0xA2, 0xB8, 0x22, 0xA2, 0xB8, 0x23, 0xA2, 0xB8, 0x23, 0xA2, 0xB7, 0x23, 0xA2, 0xB7, 0x23, 0xA1, 0xB7, 0x22, 0xA0, 0xB6, 0x22, 0x9F, 0xB5, 0x22, 0x9E, 0xB3, 0x21, 0x9D, 0xB3, 0x21, 0x9B, 0xB0, 0x21, 0x95, 0xAB, 
        0x21, 0x99, 0xAF, 0x21, 0x9D, 0xB1, 0x21, 0x9D, 0xB3, 0x21, 0x98, 0xAD, 0x20, 0x90, 0xA5, 0x22, 0xA1, 0xB6, 0x26, 0xBE, 0xD5, 0x1B, 0x67, 0x7A, 0x19, 0x54, 0x66, 0x16, 0x40, 0x52, 0x14, 0x31, 0x41, 0x12, 0x24, 0x35, 0x28, 0xBC, 0xD2, 
        0x2C, 0xD7, 0xEE, 0x1B, 0x5A, 0x6C, 0x13, 0x19, 0x29, 0x13, 0x19, 0x29, 0x13, 0x19, 0x29, 0x13, 0x19, 0x29, 0x13, 0x19, 0x29, 0x13, 0x19, 0x29, 0x13, 0x19, 0x29, 0x13, 0x19, 0x29, 0x13, 0x19, 0x29, 0x13, 0x19, 0x29, 0x13, 0x19, 0x29, 
        0x13, 0x19, 0x29, 0x13, 0x19, 0x29, 0x13, 0x19, 0x29, 0x13, 0x19, 0x29, 0x13, 0x19, 0x29, 0x13, 0x19, 0x29, 0x13, 0x19, 0x29, 0x13, 0x19, 0x29, 0x13, 0x19, 0x29, 0x13, 0x19, 0x29, 0x13, 0x19, 0x29, 0x13, 0x19, 0x29, 0x13, 0x19, 0x29, 
        0x13, 0x19, 0x29, 0x13, 0x19, 0x29, 0x13, 0x19, 0x29, 0x13, 0x19, 0x29, 0x13, 0x19, 0x29, 0x13, 0x19, 0x29, 0x13, 0x19, 0x29, 0x13, 0x19, 0x29, 0x13, 0x19, 0x29, 0x13, 0x19, 0x29, 0x13, 0x19, 0x29, 0x13, 0x19, 0x29, 0x13, 0x19, 0x29, 
        0x13, 0x19, 0x29, 0x13, 0x19, 0x29, 0x13, 0x19, 0x29, 0x13, 0x19, 0x29, 0x13, 0x19, 0x29, 0x13, 0x19, 0x29, 0x13, 0x19, 0x29, 0x13, 0x19, 0x29, 0x13, 0x19, 0x29, 0x13, 0x19, 0x29, 0x13, 0x19, 0x29, 0x13, 0x19, 0x29, 0x13, 0x19, 0x29, 
        0x13, 0x19, 0x29, 0x13, 0x19, 0x29, 0x13, 0x19, 0x29, 0x13, 0x19, 0x29, 0x13, 0x19, 0x29, 0x13, 0x19, 0x29, 0x13, 0x19, 0x29, 0x13, 0x19, 0x29, 0x13, 0x19, 0x29, 0x13, 0x19, 0x29, 0x13, 0x19, 0x29, 0x13, 0x19, 0x29, 0x13, 0x19, 0x29, 
        0x13, 0x19, 0x29, 0x13, 0x19, 0x29, 0x13, 0x19, 0x29, 0x13, 0x19, 0x29, 0x13, 0x19, 0x29, 0x13, 0x19, 0x29, 0x13, 0x19, 0x29, 0x13, 0x19, 0x29, 0x13, 0x19, 0x29, 0x13, 0x19, 0x29, 0x13, 0x19, 0x29, 0x13, 0x19, 0x29, 0x13, 0x19, 0x29, 
        0x13, 0x19, 0x29, 0x13, 0x19, 0x29, 0x13, 0x19, 0x29, 0x13, 0x19, 0x29,
  0x13, 0x19, 0x29, 0x13, 0x19, 0x29, 0x13, 0x19, 0x29, 0x13, 0x19, 0x29, 0x13, 0x19, 0x29, 0x13, 0x19, 0x29, 0x13, 0x19, 0x29, 0x13, 0x19, 0x29, 0x13, 0x19, 0x29, 0x13, 0x19, 0x29, 0x13, 0x19, 0x29, 0x13, 0x19, 0x29, 0x13, 0x19, 0x29, 0x13, 0x19, 0x29, 
        0x13, 0x19, 0x29, 0x13, 0x19, 0x29, 0x13, 0x19, 0x29, 0x13, 0x19, 0x29, 0x13, 0x19, 0x29, 0x13, 0x19, 0x29, 0x13, 0x19, 0x29, 0x13, 0x19, 0x29, 0x13, 0x19, 0x29, 0x13, 0x19, 0x29, 0x13, 0x19, 0x29, 0x13, 0x19, 0x29, 0x13, 0x19, 0x29, 
        0x13, 0x19, 0x29, 0x13, 0x19, 0x29, 0x13, 0x19, 0x29, 0x13, 0x19, 0x29, 0x13, 0x19, 0x29, 0x13, 0x19, 0x29, 0x13, 0x19, 0x29, 0x13, 0x19, 0x29, 0x13, 0x19, 0x29, 0x13, 0x19, 0x29, 0x13, 0x19, 0x29, 0x13, 0x19, 0x29, 0x13, 0x19, 0x29, 
        0x13, 0x19, 0x29, 0x13, 0x19, 0x29, 0x13, 0x19, 0x29, 0x13, 0x19, 0x29, 0x13, 0x19, 0x29, 0x13, 0x19, 0x29, 0x13, 0x19, 0x29, 0x13, 0x19, 0x29, 0x13, 0x19, 0x29, 0x13, 0x19, 0x29, 0x13, 0x19, 0x29, 0x13, 0x19, 0x29, 0x13, 0x19, 0x29, 
        0x13, 0x19, 0x29, 0x13, 0x19, 0x29, 0x13, 0x19, 0x29, 0x13, 0x19, 0x29, 0x13, 0x19, 0x29, 0x13, 0x19, 0x29, 0x13, 0x19, 0x29, 0x13, 0x19, 0x29, 0x13, 0x19, 0x29, 0x13, 0x19, 0x29, 0x13, 0x19, 0x29, 0x13, 0x19, 0x29, 0x13, 0x19, 0x29, 
        0x13, 0x19, 0x29, 0x13, 0x19, 0x29, 0x13, 0x19, 0x29, 0x13, 0x19, 0x29, 0x13, 0x19, 0x29, 0x13, 0x19, 0x29, 0x13, 0x19, 0x29, 0x13, 0x19, 0x29, 0x13, 0x19, 0x29, 0x13, 0x19, 0x29, 0x13, 0x19, 0x29, 0x13, 0x19, 0x29, 0x13, 0x19, 0x29, 
        0x13, 0x19, 0x29, 0x15, 0x2A, 0x3A, 0x2C, 0xD8, 0xEF, 0x2C, 0xD7, 0xEF, 0x15, 0x39, 0x4A, 0x14, 0x2F, 0x3F, 0x16, 0x3F, 0x50, 0x18, 0x51, 0x63, 0x1B, 0x66, 0x78, 0x26, 0xBE, 0xD4, 0x23, 0xA0, 0xB5, 0x20, 0x91, 0xA6, 0x28, 0xC7, 0xDF, 
        0x2A, 0xD3, 0xEB, 0x2A, 0xD3, 0xEB, 0x29, 0xD4, 0xEC, 0x29, 0xD4, 0xEB, 0x29, 0xD3, 0xEB, 0x29, 0xD3, 0xEB, 0x29, 0xD4, 0xEB, 0x29, 0xD4, 0xEB, 0x29, 0xD3, 0xEB, 0x29, 0xD3, 0xEB, 0x2A, 0xD3, 0xEB, 0x29, 0xD3, 0xEB, 0x23, 0xA3, 0xB8, 
        0x28, 0xC7, 0xDD, 0x29, 0xD3, 0xEA, 0x29, 0xD3, 0xEA, 0x27, 0xC6, 0xDD, 0x1F, 0x8F, 0xA4, 0x22, 0x9F, 0xB5, 0x26, 0xBD, 0xD3, 0x1B, 0x67, 0x7A, 0x18, 0x53, 0x66, 0x15, 0x40, 0x52, 0x14, 0x31, 0x41, 0x15, 0x3A, 0x4C, 0x2C, 0xD7, 0xEF, 
        0x2C, 0xD7, 0xEE, 0x15, 0x2A, 0x3A, 0x13, 0x19, 0x29, 0x13, 0x19, 0x29, 0x13, 0x19, 0x29, 0x13, 0x19, 0x29, 0x13, 0x19, 0x29, 0x13, 0x19, 0x29, 0x13, 0x19, 0x29, 0x13, 0x19, 0x29, 0x13, 0x19, 0x29, 0x13, 0x19, 0x29, 0x13, 0x19, 0x29, 
        0x13, 0x19, 0x29, 0x13, 0x19, 0x29, 0x13, 0x19, 0x29, 0x13, 0x19, 0x29, 0x13, 0x19, 0x29, 0x13, 0x19, 0x29, 0x13, 0x19, 0x29, 0x13, 0x19, 0x29, 0x13, 0x19, 0x29, 0x13, 0x19, 0x29, 0x13, 0x19, 0x29, 0x13, 0x19, 0x29, 0x13, 0x19, 0x29, 
        0x13, 0x19, 0x29, 0x13, 0x19, 0x29, 0x13, 0x19, 0x29, 0x13, 0x19, 0x29, 0x13, 0x19, 0x29, 0x13, 0x19, 0x29, 0x13, 0x19, 0x29, 0x13, 0x19, 0x29, 0x13, 0x19, 0x29, 0x13, 0x19, 0x29, 0x13, 0x19, 0x29, 0x13, 0x19, 0x29, 0x13, 0x19, 0x29, 
        0x13, 0x19, 0x29, 0x13, 0x19, 0x29, 0x13, 0x19, 0x29, 0x13, 0x19, 0x29, 0x13, 0x19, 0x29, 0x13, 0x19, 0x29, 0x13, 0x19, 0x29, 0x13, 0x19, 0x29, 0x13, 0x19, 0x29, 0x13, 0x19, 0x29, 0x13, 0x19, 0x29, 0x13, 0x19, 0x29, 0x13, 0x19, 0x29, 
        0x13, 0x19, 0x29, 0x13, 0x19, 0x29, 0x13, 0x19, 0x29, 0x13, 0x19, 0x29, 0x13, 0x19, 0x29, 0x13, 0x19, 0x29, 0x13, 0x19, 0x29, 0x13, 0x19, 0x29, 0x13, 0x19, 0x29, 0x13, 0x19, 0x29, 0x13, 0x19, 0x29, 0x13, 0x19, 0x29, 0x13, 0x19, 0x29, 
        0x13, 0x19, 0x29, 0x13, 0x19, 0x29, 0x13, 0x19, 0x29, 0x13, 0x19, 0x29, 0x13, 0x19, 0x29, 0x13, 0x19, 0x29, 0x13, 0x19, 0x29, 0x13, 0x19, 0x29, 0x13, 0x19, 0x29, 0x13, 0x19, 0x29, 0x13, 0x19, 0x29, 0x13, 0x19, 0x29, 0x13, 0x19, 0x29, 
        0x13, 0x19, 0x29, 0x13, 0x19, 0x29, 0x13, 0x19, 0x29, 0x13, 0x19, 0x29,
  0x13, 0x19, 0x29, 0x13, 0x19, 0x29, 0x13, 0x19, 0x29, 0x13, 0x19, 0x29, 0x13, 0x19, 0x29, 0x13, 0x19, 0x29, 0x13, 0x19, 0x29, 0x13, 0x19, 0x29, 0x13, 0x19, 0x29, 0x13, 0x19, 0x29, 0x13, 0x19, 0x29, 0x13, 0x19, 0x29, 0x13, 0x19, 0x29, 0x13, 0x19, 0x29, 
        0x13, 0x19, 0x29, 0x13, 0x19, 0x29, 0x13, 0x19, 0x29, 0x13, 0x19, 0x29, 0x13, 0x19, 0x29, 0x13, 0x19, 0x29, 0x13, 0x19, 0x29, 0x13, 0x19, 0x29, 0x13, 0x19, 0x29, 0x13, 0x19, 0x29, 0x13, 0x19, 0x29, 0x13, 0x19, 0x29, 0x13, 0x19, 0x29, 
        0x13, 0x19, 0x29, 0x13, 0x19, 0x29, 0x13, 0x19, 0x29, 0x13, 0x19, 0x29, 0x13, 0x19, 0x29, 0x13, 0x19, 0x29, 0x13, 0x19, 0x29, 0x13, 0x19, 0x29, 0x13, 0x19, 0x29, 0x13, 0x19, 0x29, 0x13, 0x19, 0x29, 0x13, 0x19, 0x29, 0x13, 0x19, 0x29, 
        0x13, 0x19, 0x29, 0x13, 0x19, 0x29, 0x13, 0x19, 0x29, 0x13, 0x19, 0x29, 0x13, 0x19, 0x29, 0x13, 0x19, 0x29, 0x13, 0x19, 0x29, 0x13, 0x19, 0x29, 0x13, 0x19, 0x29, 0x13, 0x19, 0x29, 0x13, 0x19, 0x29, 0x13, 0x19, 0x29, 0x13, 0x19, 0x29, 
        0x13, 0x19, 0x29, 0x13, 0x19, 0x29, 0x13, 0x19, 0x29, 0x13, 0x19, 0x29, 0x13, 0x19, 0x29, 0x13, 0x19, 0x29, 0x13, 0x19, 0x29, 0x13, 0x19, 0x29, 0x13, 0x19, 0x29, 0x13, 0x19, 0x29, 0x13, 0x19, 0x29, 0x13, 0x19, 0x29, 0x13, 0x19, 0x29, 
        0x13, 0x19, 0x29, 0x13, 0x19, 0x29, 0x13, 0x19, 0x29, 0x13, 0x19, 0x29, 0x13, 0x19, 0x29, 0x13, 0x19, 0x29, 0x13, 0x19, 0x29, 0x13, 0x19, 0x29, 0x13, 0x19, 0x29, 0x13, 0x19, 0x29, 0x13, 0x19, 0x29, 0x13, 0x19, 0x29, 0x13, 0x19, 0x29, 
        0x13, 0x19, 0x29, 0x13, 0x19, 0x29, 0x26, 0xB0, 0xC6, 0x2C, 0xD7, 0xEF, 0x1E, 0x78, 0x8C, 0x14, 0x2E, 0x3F, 0x16, 0x3E, 0x50, 0x18, 0x51, 0x64, 0x1B, 0x64, 0x77, 0x27, 0xBD, 0xD3, 0x22, 0xA0, 0xB4, 0x21, 0x8F, 0xA4, 0x21, 0x96, 0xAB, 
        0x22, 0x9C, 0xB1, 0x23, 0x9F, 0xB4, 0x23, 0xA2, 0xB7, 0x24, 0xA3, 0xB9, 0x23, 0xA4, 0xBB, 0x23, 0xA4, 0xBB, 0x23, 0xA4, 0xBB, 0x23, 0xA3, 0xBA, 0x22, 0xA2, 0xB7, 0x23, 0xA0, 0xB5, 0x22, 0x9D, 0xB3, 0x21, 0x9A, 0xB1, 0x22, 0x99, 0xAE, 
        0x21, 0x97, 0xAC, 0x21, 0x96, 0xAC, 0x21, 0x94, 0xAA, 0x20, 0x93, 0xA7, 0x20, 0x8E, 0xA3, 0x22, 0x9F, 0xB5, 0x26, 0xBD, 0xD4, 0x1A, 0x66, 0x79, 0x18, 0x53, 0x65, 0x15, 0x40, 0x51, 0x14, 0x30, 0x41, 0x1E, 0x78, 0x8D, 0x2C, 0xD7, 0xEF, 
        0x26, 0xAF, 0xC5, 0x13, 0x19, 0x29, 0x13, 0x19, 0x29, 0x13, 0x19, 0x29, 0x13, 0x19, 0x29, 0x13, 0x19, 0x29, 0x13, 0x19, 0x29, 0x13, 0x19, 0x29, 0x13, 0x19, 0x29, 0x13, 0x19, 0x29, 0x13, 0x19, 0x29, 0x13, 0x19, 0x29, 0x13, 0x19, 0x29, 
        0x13, 0x19, 0x29, 0x13, 0x19, 0x29, 0x13, 0x19, 0x29, 0x13, 0x19, 0x29, 0x13, 0x19, 0x29, 0x13, 0x19, 0x29, 0x13, 0x19, 0x29, 0x13, 0x19, 0x29, 0x13, 0x19, 0x29, 0x13, 0x19, 0x29, 0x13, 0x19, 0x29, 0x13, 0x19, 0x29, 0x13, 0x19, 0x29, 
        0x13, 0x19, 0x29, 0x13, 0x19, 0x29, 0x13, 0x19, 0x29, 0x13, 0x19, 0x29, 0x13, 0x19, 0x29, 0x13, 0x19, 0x29, 0x13, 0x19, 0x29, 0x13, 0x19, 0x29, 0x13, 0x19, 0x29, 0x13, 0x19, 0x29, 0x13, 0x19, 0x29, 0x13, 0x19, 0x29, 0x13, 0x19, 0x29, 
        0x13, 0x19, 0x29, 0x13, 0x19, 0x29, 0x13, 0x19, 0x29, 0x13, 0x19, 0x29, 0x13, 0x19, 0x29, 0x13, 0x19, 0x29, 0x13, 0x19, 0x29, 0x13, 0x19, 0x29, 0x13, 0x19, 0x29, 0x13, 0x19, 0x29, 0x13, 0x19, 0x29, 0x13, 0x19, 0x29, 0x13, 0x19, 0x29, 
        0x13, 0x19, 0x29, 0x13, 0x19, 0x29, 0x13, 0x19, 0x29, 0x13, 0x19, 0x29, 0x13, 0x19, 0x29, 0x13, 0x19, 0x29, 0x13, 0x19, 0x29, 0x13, 0x19, 0x29, 0x13, 0x19, 0x29, 0x13, 0x19, 0x29, 0x13, 0x19, 0x29, 0x13, 0x19, 0x29, 0x13, 0x19, 0x29, 
        0x13, 0x19, 0x29, 0x13, 0x19, 0x29, 0x13, 0x19, 0x29, 0x13, 0x19, 0x29, 0x13, 0x19, 0x29, 0x13, 0x19, 0x29, 0x13, 0x19, 0x29, 0x13, 0x19, 0x29, 0x13, 0x19, 0x29, 0x13, 0x19, 0x29, 0x13, 0x19, 0x29, 0x13, 0x19, 0x29, 0x13, 0x19, 0x29, 
        0x13, 0x19, 0x29, 0x13, 0x19, 0x29, 0x13, 0x19, 0x29, 0x13, 0x19, 0x29,
  0x13, 0x19, 0x29, 0x13, 0x19, 0x29, 0x13, 0x19, 0x29, 0x13, 0x19, 0x29, 0x13, 0x19, 0x29, 0x13, 0x19, 0x29, 0x13, 0x19, 0x29, 0x13, 0x19, 0x29, 0x13, 0x19, 0x29, 0x13, 0x19, 0x29, 0x13, 0x19, 0x29, 0x13, 0x19, 0x29, 0x13, 0x19, 0x29, 0x13, 0x19, 0x29, 
        0x13, 0x19, 0x29, 0x13, 0x19, 0x29, 0x13, 0x19, 0x29, 0x13, 0x19, 0x29, 0x13, 0x19, 0x29, 0x13, 0x19, 0x29, 0x13, 0x19, 0x29, 0x13, 0x19, 0x29, 0x13, 0x19, 0x29, 0x13, 0x19, 0x29, 0x13, 0x19, 0x29, 0x13, 0x19, 0x29, 0x13, 0x19, 0x29, 
        0x13, 0x19, 0x29, 0x13, 0x19, 0x29, 0x13, 0x19, 0x29, 0x13, 0x19, 0x29, 0x13, 0x19, 0x29, 0x13, 0x19, 0x29, 0x13, 0x19, 0x29, 0x13, 0x19, 0x29, 0x13, 0x19, 0x29, 0x13, 0x19, 0x29, 0x13, 0x19, 0x29, 0x13, 0x19, 0x29, 0x13, 0x19, 0x29, 
        0x13, 0x19, 0x29, 0x13, 0x19, 0x29, 0x13, 0x19, 0x29, 0x13, 0x19, 0x29, 0x13, 0x19, 0x29, 0x13, 0x19, 0x29, 0x13, 0x19, 0x29, 0x13, 0x19, 0x29, 0x13, 0x19, 0x29, 0x13, 0x19, 0x29, 0x13, 0x19, 0x29, 0x13, 0x19, 0x29, 0x13, 0x19, 0x29, 
        0x13, 0x19, 0x29, 0x13, 0x19, 0x29, 0x13, 0x19, 0x29, 0x13, 0x19, 0x29, 0x13, 0x19, 0x29, 0x13, 0x19, 0x29, 0x13, 0x19, 0x29, 0x13, 0x19, 0x29, 0x13, 0x19, 0x29, 0x13, 0x19, 0x29, 0x13, 0x19, 0x29, 0x13, 0x19, 0x29, 0x13, 0x19, 0x29, 
        0x13, 0x19, 0x29, 0x13, 0x19, 0x29, 0x13, 0x19, 0x29, 0x13, 0x19, 0x29, 0x13, 0x19, 0x29, 0x13, 0x19, 0x29, 0x13, 0x19, 0x29, 0x13, 0x19, 0x29, 0x13, 0x19, 0x29, 0x13, 0x19, 0x29, 0x13, 0x19, 0x29, 0x13, 0x19, 0x29, 0x13, 0x19, 0x29, 
        0x13, 0x19, 0x29, 0x13, 0x19, 0x29, 0x1D, 0x6B, 0x7E, 0x2C, 0xD7, 0xEF, 0x27, 0xBF, 0xD5, 0x14, 0x31, 0x42, 0x16, 0x3E, 0x4F, 0x18, 0x50, 0x62, 0x1B, 0x64, 0x77, 0x27, 0xBC, 0xD3, 0x22, 0x9E, 0xB3, 0x20, 0x8E, 0xA2, 0x22, 0xA0, 0xB6, 
        0x23, 0xA9, 0xBF, 0x24, 0xAC, 0xC1, 0x24, 0xAE, 0xC4, 0x25, 0xAF, 0xC5, 0x24, 0xAF, 0xC7, 0x25, 0xB0, 0xC7, 0x24, 0xB0, 0xC7, 0x24, 0xB0, 0xC5, 0x25, 0xAF, 0xC4, 0x24, 0xAC, 0xC3, 0x24, 0xAB, 0xC1, 0x24, 0xA8, 0xBF, 0x21, 0x98, 0xAE, 
        0x22, 0xA0, 0xB6, 0x23, 0xA5, 0xBB, 0x23, 0xA4, 0xBA, 0x21, 0x9D, 0xB2, 0x1F, 0x8B, 0xA1, 0x22, 0x9E, 0xB3, 0x26, 0xBD, 0xD3, 0x1A, 0x66, 0x78, 0x17, 0x52, 0x64, 0x16, 0x3F, 0x51, 0x14, 0x32, 0x43, 0x27, 0xBF, 0xD5, 0x2C, 0xD7, 0xEF, 
        0x1D, 0x6B, 0x7E, 0x13, 0x19, 0x29, 0x13, 0x19, 0x29, 0x13, 0x19, 0x29, 0x13, 0x19, 0x29, 0x13, 0x19, 0x29, 0x13, 0x19, 0x29, 0x13, 0x19, 0x29, 0x13, 0x19, 0x29, 0x13, 0x19, 0x29, 0x13, 0x19, 0x29, 0x13, 0x19, 0x29, 0x13, 0x19, 0x29, 
        0x13, 0x19, 0x29, 0x13, 0x19, 0x29, 0x13, 0x19, 0x29, 0x13, 0x19, 0x29, 0x13, 0x19, 0x29, 0x13, 0x19, 0x29, 0x13, 0x19, 0x29, 0x13, 0x19, 0x29, 0x13, 0x19, 0x29, 0x13, 0x19, 0x29, 0x13, 0x19, 0x29, 0x13, 0x19, 0x29, 0x13, 0x19, 0x29, 
        0x13, 0x19, 0x29, 0x13, 0x19, 0x29, 0x13, 0x19, 0x29, 0x13, 0x19, 0x29, 0x13, 0x19, 0x29, 0x13, 0x19, 0x29, 0x13, 0x19, 0x29, 0x13, 0x19, 0x29, 0x13, 0x19, 0x29, 0x13, 0x19, 0x29, 0x13, 0x19, 0x29, 0x13, 0x19, 0x29, 0x13, 0x19, 0x29, 
        0x13, 0x19, 0x29, 0x13, 0x19, 0x29, 0x13, 0x19, 0x29, 0x13, 0x19, 0x29, 0x13, 0x19, 0x29, 0x13, 0x19, 0x29, 0x13, 0x19, 0x29, 0x13, 0x19, 0x29, 0x13, 0x19, 0x29, 0x13, 0x19, 0x29, 0x13, 0x19, 0x29, 0x13, 0x19, 0x29, 0x13, 0x19, 0x29, 
        0x13, 0x19, 0x29, 0x13, 0x19, 0x29, 0x13, 0x19, 0x29, 0x13, 0x19, 0x29, 0x13, 0x19, 0x29, 0x13, 0x19, 0x29, 0x13, 0x19, 0x29, 0x13, 0x19, 0x29, 0x13, 0x19, 0x29, 0x13, 0x19, 0x29, 0x13, 0x19, 0x29, 0x13, 0x19, 0x29, 0x13, 0x19, 0x29, 
        0x13, 0x19, 0x29, 0x13, 0x19, 0x29, 0x13, 0x19, 0x29, 0x13, 0x19, 0x29, 0x13, 0x19, 0x29, 0x13, 0x19, 0x29, 0x13, 0x19, 0x29, 0x13, 0x19, 0x29, 0x13, 0x19, 0x29, 0x13, 0x19, 0x29, 0x13, 0x19, 0x29, 0x13, 0x19, 0x29, 0x13, 0x19, 0x29, 
        0x13, 0x19, 0x29, 0x13, 0x19, 0x29, 0x13, 0x19, 0x29, 0x13, 0x19, 0x29,
  0x13, 0x19, 0x29, 0x13, 0x19, 0x29, 0x13, 0x19, 0x29, 0x13, 0x19, 0x29, 0x13, 0x19, 0x29, 0x13, 0x19, 0x29, 0x13, 0x19, 0x29, 0x13, 0x19, 0x29, 0x13, 0x19, 0x29, 0x13, 0x19, 0x29, 0x13, 0x19, 0x29, 0x13, 0x19, 0x29, 0x13, 0x19, 0x29, 0x13, 0x19, 0x29, 
        0x13, 0x19, 0x29, 0x13, 0x19, 0x29, 0x13, 0x19, 0x29, 0x13, 0x19, 0x29, 0x13, 0x19, 0x29, 0x13, 0x19, 0x29, 0x13, 0x19, 0x29, 0x13, 0x19, 0x29, 0x13, 0x19, 0x29, 0x13, 0x19, 0x29, 0x13, 0x19, 0x29, 0x13, 0x19, 0x29, 0x13, 0x19, 0x29, 
        0x13, 0x19, 0x29, 0x13, 0x19, 0x29, 0x13, 0x19, 0x29, 0x13, 0x19, 0x29, 0x13, 0x19, 0x29, 0x13, 0x19, 0x29, 0x13, 0x19, 0x29, 0x13, 0x19, 0x29, 0x13, 0x19, 0x29, 0x13, 0x19, 0x29, 0x13, 0x19, 0x29, 0x13, 0x19, 0x29, 0x13, 0x19, 0x29, 
        0x13, 0x19, 0x29, 0x13, 0x19, 0x29, 0x13, 0x19, 0x29, 0x13, 0x19, 0x29, 0x13, 0x19, 0x29, 0x13, 0x19, 0x29, 0x13, 0x19, 0x29, 0x13, 0x19, 0x29, 0x13, 0x19, 0x29, 0x13, 0x19, 0x29, 0x13, 0x19, 0x29, 0x13, 0x19, 0x29, 0x13, 0x19, 0x29, 
        0x13, 0x19, 0x29, 0x13, 0x19, 0x29, 0x13, 0x19, 0x29, 0x13, 0x19, 0x29, 0x13, 0x19, 0x29, 0x13, 0x19, 0x29, 0x13, 0x19, 0x29, 0x13, 0x19, 0x29, 0x13, 0x19, 0x29, 0x13, 0x19, 0x29, 0x13, 0x19, 0x29, 0x13, 0x19, 0x29, 0x13, 0x19, 0x29, 
        0x13, 0x19, 0x29, 0x13, 0x19, 0x29, 0x13, 0x19, 0x29, 0x13, 0x19, 0x29, 0x13, 0x19, 0x29, 0x13, 0x19, 0x29, 0x13, 0x19, 0x29, 0x13, 0x19, 0x29, 0x13, 0x19, 0x29, 0x13, 0x19, 0x29, 0x13, 0x19, 0x29, 0x13, 0x19, 0x29, 0x13, 0x19, 0x29, 
        0x13, 0x19, 0x29, 0x13, 0x19, 0x29, 0x13, 0x25, 0x35, 0x2A, 0xCC, 0xE3, 0x2B, 0xD7, 0xEE, 0x1B, 0x6B, 0x7F, 0x16, 0x3D, 0x4E, 0x18, 0x4F, 0x62, 0x1A, 0x63, 0x76, 0x26, 0xBC, 0xD3, 0x22, 0x9D, 0xB2, 0x1F, 0x8B, 0xA1, 0x27, 0xBE, 0xD4, 
        0x28, 0xC9, 0xDF, 0x27, 0xC9, 0xE0, 0x28, 0xC9, 0xE1, 0x27, 0xC9, 0xE1, 0x27, 0xCA, 0xE2, 0x28, 0xC9, 0xE1, 0x28, 0xC9, 0xE1, 0x27, 0xC9, 0xE1, 0x28, 0xCA, 0xE0, 0x27, 0xC9, 0xE1, 0x28, 0xC9, 0xE1, 0x27, 0xC8, 0xE0, 0x22, 0x9D, 0xB3, 
        0x26, 0xBC, 0xD4, 0x27, 0xC7, 0xDF, 0x27, 0xC7, 0xDF, 0x26, 0xBB, 0xD2, 0x1F, 0x89, 0x9F, 0x21, 0x9D, 0xB3, 0x26, 0xBC, 0xD3, 0x1A, 0x64, 0x77, 0x18, 0x51, 0x64, 0x16, 0x3F, 0x50, 0x1C, 0x6C, 0x80, 0x2B, 0xD7, 0xEE, 0x2A, 0xCC, 0xE3, 
        0x13, 0x25, 0x35, 0x13, 0x19, 0x29, 0x13, 0x19, 0x29, 0x13, 0x19, 0x29, 0x13, 0x19, 0x29, 0x13, 0x19, 0x29, 0x13, 0x19, 0x29, 0x13, 0x19, 0x29, 0x13, 0x19, 0x29, 0x13, 0x19, 0x29, 0x13, 0x19, 0x29, 0x13, 0x19, 0x29, 0x13, 0x19, 0x29, 
        0x13, 0x19, 0x29, 0x13, 0x19, 0x29, 0x13, 0x19, 0x29, 0x13, 0x19, 0x29, 0x13, 0x19, 0x29, 0x13, 0x19, 0x29, 0x13, 0x19, 0x29, 0x13, 0x19, 0x29, 0x13, 0x19, 0x29, 0x13, 0x19, 0x29, 0x13, 0x19, 0x29, 0x13, 0x19, 0x29, 0x13, 0x19, 0x29, 
        0x13, 0x19, 0x29, 0x13, 0x19, 0x29, 0x13, 0x19, 0x29, 0x13, 0x19, 0x29, 0x13, 0x19, 0x29, 0x13, 0x19, 0x29, 0x13, 0x19, 0x29, 0x13, 0x19, 0x29, 0x13, 0x19, 0x29, 0x13, 0x19, 0x29, 0x13, 0x19, 0x29, 0x13, 0x19, 0x29, 0x13, 0x19, 0x29, 
        0x13, 0x19, 0x29, 0x13, 0x19, 0x29, 0x13, 0x19, 0x29, 0x13, 0x19, 0x29, 0x13, 0x19, 0x29, 0x13, 0x19, 0x29, 0x13, 0x19, 0x29, 0x13, 0x19, 0x29, 0x13, 0x19, 0x29, 0x13, 0x19, 0x29, 0x13, 0x19, 0x29, 0x13, 0x19, 0x29, 0x13, 0x19, 0x29, 
        0x13, 0x19, 0x29, 0x13, 0x19, 0x29, 0x13, 0x19, 0x29, 0x13, 0x19, 0x29, 0x13, 0x19, 0x29, 0x13, 0x19, 0x29, 0x13, 0x19, 0x29, 0x13, 0x19, 0x29, 0x13, 0x19, 0x29, 0x13, 0x19, 0x29, 0x13, 0x19, 0x29, 0x13, 0x19, 0x29, 0x13, 0x19, 0x29, 
        0x13, 0x19, 0x29, 0x13, 0x19, 0x29, 0x13, 0x19, 0x29, 0x13, 0x19, 0x29, 0x13, 0x19, 0x29, 0x13, 0x19, 0x29, 0x13, 0x19, 0x29, 0x13, 0x19, 0x29, 0x13, 0x19, 0x29, 0x13, 0x19, 0x29, 0x13, 0x19, 0x29, 0x13, 0x19, 0x29, 0x13, 0x19, 0x29, 
        0x13, 0x19, 0x29, 0x13, 0x19, 0x29, 0x13, 0x19, 0x29, 0x13, 0x19, 0x29,
  0x13, 0x19, 0x29, 0x13, 0x19, 0x29, 0x13, 0x19, 0x29, 0x13, 0x19, 0x29, 0x13, 0x19, 0x29, 0x13, 0x19, 0x29, 0x13, 0x19, 0x29, 0x13, 0x19, 0x29, 0x13, 0x19, 0x29, 0x13, 0x19, 0x29, 0x13, 0x19, 0x29, 0x13, 0x19, 0x29, 0x13, 0x19, 0x29, 0x13, 0x19, 0x29, 
        0x13, 0x19, 0x29, 0x13, 0x19, 0x29, 0x13, 0x19, 0x29, 0x13, 0x19, 0x29, 0x13, 0x19, 0x29, 0x13, 0x19, 0x29, 0x13, 0x19, 0x29, 0x13, 0x19, 0x29, 0x13, 0x19, 0x29, 0x13, 0x19, 0x29, 0x13, 0x19, 0x29, 0x13, 0x19, 0x29, 0x13, 0x19, 0x29, 
        0x13, 0x19, 0x29, 0x13, 0x19, 0x29, 0x13, 0x19, 0x29, 0x13, 0x19, 0x29, 0x13, 0x19, 0x29, 0x13, 0x19, 0x29, 0x13, 0x19, 0x29, 0x13, 0x19, 0x29, 0x13, 0x19, 0x29, 0x13, 0x19, 0x29, 0x13, 0x19, 0x29, 0x13, 0x19, 0x29, 0x13, 0x19, 0x29, 
        0x13, 0x19, 0x29, 0x13, 0x19, 0x29, 0x13, 0x19, 0x29, 0x13, 0x19, 0x29, 0x13, 0x19, 0x29, 0x13, 0x19, 0x29, 0x13, 0x19, 0x29, 0x13, 0x19, 0x29, 0x13, 0x19, 0x29, 0x13, 0x19, 0x29, 0x13, 0x19, 0x29, 0x13, 0x19, 0x29, 0x13, 0x19, 0x29, 
        0x13, 0x19, 0x29, 0x13, 0x19, 0x29, 0x13, 0x19, 0x29, 0x13, 0x19, 0x29, 0x13, 0x19, 0x29, 0x13, 0x19, 0x29, 0x13, 0x19, 0x29, 0x13, 0x19, 0x29, 0x13, 0x19, 0x29, 0x13, 0x19, 0x29, 0x13, 0x19, 0x29, 0x13, 0x19, 0x29, 0x13, 0x19, 0x29, 
        0x13, 0x19, 0x29, 0x13, 0x19, 0x29, 0x13, 0x19, 0x29, 0x13, 0x19, 0x29, 0x13, 0x19, 0x29, 0x13, 0x19, 0x29, 0x13, 0x19, 0x29, 0x13, 0x19, 0x29, 0x13, 0x19, 0x29, 0x13, 0x19, 0x29, 0x13, 0x19, 0x29, 0x13, 0x19, 0x29, 0x13, 0x19, 0x29, 
        0x13, 0x19, 0x29, 0x13, 0x19, 0x29, 0x12, 0x1A, 0x2A, 0x1F, 0x7D, 0x90, 0x2C, 0xD7, 0xEE, 0x28, 0xC5, 0xDB, 0x16, 0x42, 0x55, 0x17, 0x4D, 0x5E, 0x19, 0x5F, 0x72, 0x26, 0xBC, 0xD2, 0x22, 0x9B, 0xB0, 0x1F, 0x88, 0x9D, 0x20, 0x8E, 0xA3, 
        0x20, 0x91, 0xA6, 0x20, 0x94, 0xAA, 0x21, 0x96, 0xAC, 0x21, 0x97, 0xAC, 0x22, 0x98, 0xAE, 0x22, 0x99, 0xAE, 0x22, 0x99, 0xAE, 0x22, 0x98, 0xAD, 0x21, 0x96, 0xAD, 0x21, 0x94, 0xAA, 0x21, 0x92, 0xA8, 0x20, 0x91, 0xA6, 0x21, 0x8F, 0xA4, 
        0x20, 0x8E, 0xA3, 0x20, 0x8E, 0xA3, 0x20, 0x8C, 0xA2, 0x20, 0x8B, 0xA0, 0x1F, 0x86, 0x9B, 0x21, 0x9B, 0xB0, 0x26, 0xBB, 0xD3, 0x19, 0x61, 0x74, 0x17, 0x4F, 0x60, 0x16, 0x43, 0x56, 0x28, 0xC5, 0xDB, 0x2B, 0xD7, 0xEE, 0x1F, 0x7D, 0x90, 
        0x12, 0x1A, 0x2A, 0x13, 0x19, 0x29, 0x13, 0x19, 0x29, 0x13, 0x19, 0x29, 0x13, 0x19, 0x29, 0x13, 0x19, 0x29, 0x13, 0x19, 0x29, 0x13, 0x19, 0x29, 0x13, 0x19, 0x29, 0x13, 0x19, 0x29, 0x13, 0x19, 0x29, 0x13, 0x19, 0x29, 0x13, 0x19, 0x29, 
        0x13, 0x19, 0x29, 0x13, 0x19, 0x29, 0x13, 0x19, 0x29, 0x13, 0x19, 0x29, 0x13, 0x19, 0x29, 0x13, 0x19, 0x29, 0x13, 0x19, 0x29, 0x13, 0x19, 0x29, 0x13, 0x19, 0x29, 0x13, 0x19, 0x29, 0x13, 0x19, 0x29, 0x13, 0x19, 0x29, 0x13, 0x19, 0x29, 
        0x13, 0x19, 0x29, 0x13, 0x19, 0x29, 0x13, 0x19, 0x29, 0x13, 0x19, 0x29, 0x13, 0x19, 0x29, 0x13, 0x19, 0x29, 0x13, 0x19, 0x29, 0x13, 0x19, 0x29, 0x13, 0x19, 0x29, 0x13, 0x19, 0x29, 0x13, 0x19, 0x29, 0x13, 0x19, 0x29, 0x13, 0x19, 0x29, 
        0x13, 0x19, 0x29, 0x13, 0x19, 0x29, 0x13, 0x19, 0x29, 0x13, 0x19, 0x29, 0x13, 0x19, 0x29, 0x13, 0x19, 0x29, 0x13, 0x19, 0x29, 0x13, 0x19, 0x29, 0x13, 0x19, 0x29, 0x13, 0x19, 0x29, 0x13, 0x19, 0x29, 0x13, 0x19, 0x29, 0x13, 0x19, 0x29, 
        0x13, 0x19, 0x29, 0x13, 0x19, 0x29, 0x13, 0x19, 0x29, 0x13, 0x19, 0x29, 0x13, 0x19, 0x29, 0x13, 0x19, 0x29, 0x13, 0x19, 0x29, 0x13, 0x19, 0x29, 0x13, 0x19, 0x29, 0x13, 0x19, 0x29, 0x13, 0x19, 0x29, 0x13, 0x19, 0x29, 0x13, 0x19, 0x29, 
        0x13, 0x19, 0x29, 0x13, 0x19, 0x29, 0x13, 0x19, 0x29, 0x13, 0x19, 0x29, 0x13, 0x19, 0x29, 0x13, 0x19, 0x29, 0x13, 0x19, 0x29, 0x13, 0x19, 0x29, 0x13, 0x19, 0x29, 0x13, 0x19, 0x29, 0x13, 0x19, 0x29, 0x13, 0x19, 0x29, 0x13, 0x19, 0x29, 
        0x13, 0x19, 0x29, 0x13, 0x19, 0x29, 0x13, 0x19, 0x29, 0x13, 0x19, 0x29,
  0x13, 0x19, 0x29, 0x13, 0x19, 0x29, 0x13, 0x19, 0x29, 0x13, 0x19, 0x29, 0x13, 0x19, 0x29, 0x13, 0x19, 0x29, 0x13, 0x19, 0x29, 0x13, 0x19, 0x29, 0x13, 0x19, 0x29, 0x13, 0x19, 0x29, 0x13, 0x19, 0x29, 0x13, 0x19, 0x29, 0x13, 0x19, 0x29, 0x13, 0x19, 0x29, 
        0x13, 0x19, 0x29, 0x13, 0x19, 0x29, 0x13, 0x19, 0x29, 0x13, 0x19, 0x29, 0x13, 0x19, 0x29, 0x13, 0x19, 0x29, 0x13, 0x19, 0x29, 0x13, 0x19, 0x29, 0x13, 0x19, 0x29, 0x13, 0x19, 0x29, 0x13, 0x19, 0x29, 0x13, 0x19, 0x29, 0x13, 0x19, 0x29, 
        0x13, 0x19, 0x29, 0x13, 0x19, 0x29, 0x13, 0x19, 0x29, 0x13, 0x19, 0x29, 0x13, 0x19, 0x29, 0x13, 0x19, 0x29, 0x13, 0x19, 0x29, 0x13, 0x19, 0x29, 0x13, 0x19, 0x29, 0x13, 0x19, 0x29, 0x13, 0x19, 0x29, 0x13, 0x19, 0x29, 0x13, 0x19, 0x29, 
        0x13, 0x19, 0x29, 0x13, 0x19, 0x29, 0x13, 0x19, 0x29, 0x13, 0x19, 0x29, 0x13, 0x19, 0x29, 0x13, 0x19, 0x29, 0x13, 0x19, 0x29, 0x13, 0x19, 0x29, 0x13, 0x19, 0x29, 0x13, 0x19, 0x29, 0x13, 0x19, 0x29, 0x13, 0x19, 0x29, 0x13, 0x19, 0x29, 
        0x13, 0x19, 0x29, 0x13, 0x19, 0x29, 0x13, 0x19, 0x29, 0x13, 0x19, 0x29, 0x13, 0x19, 0x29, 0x13, 0x19, 0x29, 0x13, 0x19, 0x29, 0x13, 0x19, 0x29, 0x13, 0x19, 0x29, 0x13, 0x19, 0x29, 0x13, 0x19, 0x29, 0x13, 0x19, 0x29, 0x13, 0x19, 0x29, 
        0x13, 0x19, 0x29, 0x13, 0x19, 0x29, 0x13, 0x19, 0x29, 0x13, 0x19, 0x29, 0x13, 0x19, 0x29, 0x13, 0x19, 0x29, 0x13, 0x19, 0x29, 0x13, 0x19, 0x29, 0x13, 0x19, 0x29, 0x13, 0x19, 0x29, 0x13, 0x19, 0x29, 0x13, 0x19, 0x29, 0x13, 0x19, 0x29, 
        0x13, 0x19, 0x29, 0x13, 0x19, 0x29, 0x12, 0x18, 0x28, 0x13, 0x24, 0x34, 0x29, 0xC3, 0xD9, 0x2C, 0xD7, 0xEF, 0x22, 0x98, 0xAD, 0x17, 0x48, 0x5B, 0x19, 0x5A, 0x6C, 0x26, 0xB9, 0xD0, 0x21, 0x98, 0xAD, 0x1E, 0x83, 0x98, 0x1F, 0x89, 0x9E, 
        0x1F, 0x8C, 0xA1, 0x1F, 0x8E, 0xA3, 0x20, 0x90, 0xA5, 0x20, 0x91, 0xA6, 0x20, 0x90, 0xA5, 0x20, 0x90, 0xA6, 0x20, 0x90, 0xA6, 0x1F, 0x90, 0xA5, 0x20, 0x90, 0xA5, 0x20, 0x8E, 0xA3, 0x20, 0x8D, 0xA1, 0x1F, 0x8C, 0xA0, 0x1F, 0x8A, 0x9F, 
        0x1F, 0x8A, 0x9E, 0x1F, 0x89, 0x9E, 0x1F, 0x89, 0x9E, 0x1F, 0x87, 0x9C, 0x1E, 0x83, 0x97, 0x21, 0x98, 0xAE, 0x26, 0xB9, 0xD0, 0x19, 0x5B, 0x6E, 0x16, 0x49, 0x5B, 0x22, 0x98, 0xAC, 0x2B, 0xD7, 0xEE, 0x29, 0xC3, 0xD9, 0x13, 0x25, 0x35, 
        0x12, 0x1A, 0x2A, 0x13, 0x19, 0x29, 0x13, 0x19, 0x29, 0x13, 0x19, 0x29, 0x13, 0x19, 0x29, 0x13, 0x19, 0x29, 0x13, 0x19, 0x29, 0x13, 0x19, 0x29, 0x13, 0x19, 0x29, 0x13, 0x19, 0x29, 0x13, 0x19, 0x29, 0x13, 0x19, 0x29, 0x13, 0x19, 0x29, 
        0x13, 0x19, 0x29, 0x13, 0x19, 0x29, 0x13, 0x19, 0x29, 0x13, 0x19, 0x29, 0x13, 0x19, 0x29, 0x13, 0x19, 0x29, 0x13, 0x19, 0x29, 0x13, 0x19, 0x29, 0x13, 0x19, 0x29, 0x13, 0x19, 0x29, 0x13, 0x19, 0x29, 0x13, 0x19, 0x29, 0x13, 0x19, 0x29, 
        0x13, 0x19, 0x29, 0x13, 0x19, 0x29, 0x13, 0x19, 0x29, 0x13, 0x19, 0x29, 0x13, 0x19, 0x29, 0x13, 0x19, 0x29, 0x13, 0x19, 0x29, 0x13, 0x19, 0x29, 0x13, 0x19, 0x29, 0x13, 0x19, 0x29, 0x13, 0x19, 0x29, 0x13, 0x19, 0x29, 0x13, 0x19, 0x29, 
        0x13, 0x19, 0x29, 0x13, 0x19, 0x29, 0x13, 0x19, 0x29, 0x13, 0x19, 0x29, 0x13, 0x19, 0x29, 0x13, 0x19, 0x29, 0x13, 0x19, 0x29, 0x13, 0x19, 0x29, 0x13, 0x19, 0x29, 0x13, 0x19, 0x29, 0x13, 0x19, 0x29, 0x13, 0x19, 0x29, 0x13, 0x19, 0x29, 
        0x13, 0x19, 0x29, 0x13, 0x19, 0x29, 0x13, 0x19, 0x29, 0x13, 0x19, 0x29, 0x13, 0x19, 0x29, 0x13, 0x19, 0x29, 0x13, 0x19, 0x29, 0x13, 0x19, 0x29, 0x13, 0x19, 0x29, 0x13, 0x19, 0x29, 0x13, 0x19, 0x29, 0x13, 0x19, 0x29, 0x13, 0x19, 0x29, 
        0x13, 0x19, 0x29, 0x13, 0x19, 0x29, 0x13, 0x19, 0x29, 0x13, 0x19, 0x29, 0x13, 0x19, 0x29, 0x13, 0x19, 0x29, 0x13, 0x19, 0x29, 0x13, 0x19, 0x29, 0x13, 0x19, 0x29, 0x13, 0x19, 0x29, 0x13, 0x19, 0x29, 0x13, 0x19, 0x29, 0x13, 0x19, 0x29, 
        0x13, 0x19, 0x29, 0x13, 0x19, 0x29, 0x13, 0x19, 0x29, 0x13, 0x19, 0x29,
  0x13, 0x19, 0x29, 0x13, 0x19, 0x29, 0x13, 0x19, 0x29, 0x13, 0x19, 0x29, 0x13, 0x19, 0x29, 0x13, 0x19, 0x29, 0x13, 0x19, 0x29, 0x13, 0x19, 0x29, 0x13, 0x19, 0x29, 0x13, 0x19, 0x29, 0x13, 0x19, 0x29, 0x13, 0x19, 0x29, 0x13, 0x19, 0x29, 0x13, 0x19, 0x29, 
        0x13, 0x19, 0x29, 0x13, 0x19, 0x29, 0x13, 0x19, 0x29, 0x13, 0x19, 0x29, 0x13, 0x19, 0x29, 0x13, 0x19, 0x29, 0x13, 0x19, 0x29, 0x13, 0x19, 0x29, 0x13, 0x19, 0x29, 0x13, 0x19, 0x29, 0x13, 0x19, 0x29, 0x13, 0x19, 0x29, 0x13, 0x19, 0x29, 
        0x13, 0x19, 0x29, 0x13, 0x19, 0x29, 0x13, 0x19, 0x29, 0x13, 0x19, 0x29, 0x13, 0x19, 0x29, 0x13, 0x19, 0x29, 0x13, 0x19, 0x29, 0x13, 0x19, 0x29, 0x13, 0x19, 0x29, 0x13, 0x19, 0x29, 0x13, 0x19, 0x29, 0x13, 0x19, 0x29, 0x13, 0x19, 0x29, 
        0x13, 0x19, 0x29, 0x13, 0x19, 0x29, 0x13, 0x19, 0x29, 0x13, 0x19, 0x29, 0x13, 0x19, 0x29, 0x13, 0x19, 0x29, 0x13, 0x19, 0x29, 0x13, 0x19, 0x29, 0x13, 0x19, 0x29, 0x13, 0x19, 0x29, 0x13, 0x19, 0x29, 0x13, 0x19, 0x29, 0x13, 0x19, 0x29, 
        0x13, 0x19, 0x29, 0x13, 0x19, 0x29, 0x13, 0x19, 0x29, 0x13, 0x19, 0x29, 0x13, 0x19, 0x29, 0x13, 0x19, 0x29, 0x13, 0x19, 0x29, 0x13, 0x19, 0x29, 0x13, 0x19, 0x29, 0x13, 0x19, 0x29, 0x13, 0x19, 0x29, 0x13, 0x19, 0x29, 0x13, 0x19, 0x29, 
        0x13, 0x19, 0x29, 0x13, 0x19, 0x29, 0x13, 0x19, 0x29, 0x13, 0x19, 0x29, 0x13, 0x19, 0x29, 0x13, 0x19, 0x29, 0x13, 0x19, 0x29, 0x13, 0x19, 0x29, 0x13, 0x19, 0x29, 0x13, 0x19, 0x29, 0x13, 0x19, 0x29, 0x13, 0x19, 0x29, 0x13, 0x19, 0x29, 
        0x13, 0x19, 0x29, 0x13, 0x19, 0x29, 0x13, 0x19, 0x29, 0x12, 0x1A, 0x2B, 0x1A, 0x55, 0x68, 0x2B, 0xD6, 0xEE, 0x2A, 0xD7, 0xEF, 0x1D, 0x79, 0x8C, 0x18, 0x51, 0x64, 0x25, 0xAE, 0xC5, 0x2A, 0xD5, 0xED, 0x2A, 0xD6, 0xED, 0x2A, 0xD5, 0xED, 
        0x2A, 0xD6, 0xED, 0x2A, 0xD5, 0xEC, 0x29, 0xD5, 0xED, 0x29, 0xD6, 0xED, 0x29, 0xD5, 0xEE, 0x29, 0xD5, 0xEE, 0x29, 0xD5, 0xEE, 0x29, 0xD6, 0xED, 0x29, 0xD5, 0xED, 0x2A, 0xD6, 0xED, 0x2A, 0xD6, 0xED, 0x29, 0xD6, 0xED, 0x29, 0xD5, 0xED, 
        0x29, 0xD5, 0xED, 0x29, 0xD5, 0xED, 0x2A, 0xD6, 0xED, 0x2A, 0xD6, 0xED, 0x29, 0xD6, 0xEC, 0x29, 0xD6, 0xEE, 0x24, 0xB0, 0xC6, 0x18, 0x53, 0x65, 0x1D, 0x7A, 0x8E, 0x2A, 0xD7, 0xEE, 0x2B, 0xD7, 0xEE, 0x1A, 0x56, 0x69, 0x12, 0x1B, 0x2B, 
        0x12, 0x18, 0x2A, 0x13, 0x19, 0x29, 0x13, 0x19, 0x29, 0x13, 0x19, 0x29, 0x13, 0x19, 0x29, 0x13, 0x19, 0x29, 0x13, 0x19, 0x29, 0x13, 0x19, 0x29, 0x13, 0x19, 0x29, 0x13, 0x19, 0x29, 0x13, 0x19, 0x29, 0x13, 0x19, 0x29, 0x13, 0x19, 0x29, 
        0x13, 0x19, 0x29, 0x13, 0x19, 0x29, 0x13, 0x19, 0x29, 0x13, 0x19, 0x29, 0x13, 0x19, 0x29, 0x13, 0x19, 0x29, 0x13, 0x19, 0x29, 0x13, 0x19, 0x29, 0x13, 0x19, 0x29, 0x13, 0x19, 0x29, 0x13, 0x19, 0x29, 0x13, 0x19, 0x29, 0x13, 0x19, 0x29, 
        0x13, 0x19, 0x29, 0x13, 0x19, 0x29, 0x13, 0x19, 0x29, 0x13, 0x19, 0x29, 0x13, 0x19, 0x29, 0x13, 0x19, 0x29, 0x13, 0x19, 0x29, 0x13, 0x19, 0x29, 0x13, 0x19, 0x29, 0x13, 0x19, 0x29, 0x13, 0x19, 0x29, 0x13, 0x19, 0x29, 0x13, 0x19, 0x29, 
        0x13, 0x19, 0x29, 0x13, 0x19, 0x29, 0x13, 0x19, 0x29, 0x13, 0x19, 0x29, 0x13, 0x19, 0x29, 0x13, 0x19, 0x29, 0x13, 0x19, 0x29, 0x13, 0x19, 0x29, 0x13, 0x19, 0x29, 0x13, 0x19, 0x29, 0x13, 0x19, 0x29, 0x13, 0x19, 0x29, 0x13, 0x19, 0x29, 
        0x13, 0x19, 0x29, 0x13, 0x19, 0x29, 0x13, 0x19, 0x29, 0x13, 0x19, 0x29, 0x13, 0x19, 0x29, 0x13, 0x19, 0x29, 0x13, 0x19, 0x29, 0x13, 0x19, 0x29, 0x13, 0x19, 0x29, 0x13, 0x19, 0x29, 0x13, 0x19, 0x29, 0x13, 0x19, 0x29, 0x13, 0x19, 0x29, 
        0x13, 0x19, 0x29, 0x13, 0x19, 0x29, 0x13, 0x19, 0x29, 0x13, 0x19, 0x29, 0x13, 0x19, 0x29, 0x13, 0x19, 0x29, 0x13, 0x19, 0x29, 0x13, 0x19, 0x29, 0x13, 0x19, 0x29, 0x13, 0x19, 0x29, 0x13, 0x19, 0x29, 0x13, 0x19, 0x29, 0x13, 0x19, 0x29, 
        0x13, 0x19, 0x29, 0x13, 0x19, 0x29, 0x13, 0x19, 0x29, 0x13, 0x19, 0x29,
  0x13, 0x19, 0x29, 0x13, 0x19, 0x29, 0x13, 0x19, 0x29, 0x13, 0x19, 0x29, 0x13, 0x19, 0x29, 0x13, 0x19, 0x29, 0x13, 0x19, 0x29, 0x13, 0x19, 0x29, 0x13, 0x19, 0x29, 0x13, 0x19, 0x29, 0x13, 0x19, 0x29, 0x13, 0x19, 0x29, 0x13, 0x19, 0x29, 0x13, 0x19, 0x29, 
        0x13, 0x19, 0x29, 0x13, 0x19, 0x29, 0x13, 0x19, 0x29, 0x13, 0x19, 0x29, 0x13, 0x19, 0x29, 0x13, 0x19, 0x29, 0x13, 0x19, 0x29, 0x13, 0x19, 0x29, 0x13, 0x19, 0x29, 0x13, 0x19, 0x29, 0x13, 0x19, 0x29, 0x13, 0x19, 0x29, 0x13, 0x19, 0x29, 
        0x13, 0x19, 0x29, 0x13, 0x19, 0x29, 0x13, 0x19, 0x29, 0x13, 0x19, 0x29, 0x13, 0x19, 0x29, 0x13, 0x19, 0x29, 0x13, 0x19, 0x29, 0x13, 0x19, 0x29, 0x13, 0x19, 0x29, 0x13, 0x19, 0x29, 0x13, 0x19, 0x29, 0x13, 0x19, 0x29, 0x13, 0x19, 0x29, 
        0x13, 0x19, 0x29, 0x13, 0x19, 0x29, 0x13, 0x19, 0x29, 0x13, 0x19, 0x29, 0x13, 0x19, 0x29, 0x13, 0x19, 0x29, 0x13, 0x19, 0x29, 0x13, 0x19, 0x29, 0x13, 0x19, 0x29, 0x13, 0x19, 0x29, 0x13, 0x19, 0x29, 0x13, 0x19, 0x29, 0x13, 0x19, 0x29, 
        0x13, 0x19, 0x29, 0x13, 0x19, 0x29, 0x13, 0x19, 0x29, 0x13, 0x19, 0x29, 0x13, 0x19, 0x29, 0x13, 0x19, 0x29, 0x13, 0x19, 0x29, 0x13, 0x19, 0x29, 0x13, 0x19, 0x29, 0x13, 0x19, 0x29, 0x13, 0x19, 0x29, 0x13, 0x19, 0x29, 0x13, 0x19, 0x29, 
        0x13, 0x19, 0x29, 0x13, 0x19, 0x29, 0x13, 0x19, 0x29, 0x13, 0x19, 0x29, 0x13, 0x19, 0x29, 0x13, 0x19, 0x29, 0x13, 0x19, 0x29, 0x13, 0x19, 0x29, 0x13, 0x19, 0x29, 0x13, 0x19, 0x29, 0x13, 0x19, 0x29, 0x13, 0x19, 0x29, 0x13, 0x19, 0x29, 
        0x13, 0x19, 0x29, 0x13, 0x19, 0x29, 0x13, 0x19, 0x29, 0x12, 0x1A, 0x2A, 0x12, 0x1E, 0x2E, 0x20, 0x87, 0x9B, 0x2B, 0xD7, 0xEE, 0x2A, 0xD4, 0xEB, 0x1C, 0x6F, 0x83, 0x19, 0x54, 0x66, 0x19, 0x62, 0x75, 0x1B, 0x6A, 0x7D, 0x1B, 0x6E, 0x82, 
        0x1C, 0x71, 0x85, 0x1C, 0x72, 0x86, 0x1B, 0x72, 0x86, 0x1B, 0x72, 0x87, 0x1B, 0x73, 0x87, 0x1B, 0x73, 0x87, 0x1B, 0x73, 0x87, 0x1B, 0x72, 0x87, 0x1B, 0x72, 0x86, 0x1C, 0x72, 0x85, 0x1C, 0x72, 0x85, 0x1C, 0x71, 0x85, 0x1C, 0x71, 0x84, 
        0x1C, 0x70, 0x84, 0x1B, 0x70, 0x84, 0x1B, 0x6F, 0x83, 0x1B, 0x6D, 0x81, 0x1A, 0x6A, 0x7E, 0x19, 0x63, 0x75, 0x18, 0x56, 0x68, 0x1C, 0x70, 0x84, 0x2A, 0xD4, 0xEB, 0x2B, 0xD8, 0xEE, 0x1F, 0x88, 0x9C, 0x12, 0x1E, 0x2E, 0x12, 0x1A, 0x2A, 
        0x13, 0x19, 0x29, 0x13, 0x19, 0x29, 0x13, 0x19, 0x29, 0x13, 0x19, 0x29, 0x13, 0x19, 0x29, 0x13, 0x19, 0x29, 0x13, 0x19, 0x29, 0x13, 0x19, 0x29, 0x13, 0x19, 0x29, 0x13, 0x19, 0x29, 0x13, 0x19, 0x29, 0x13, 0x19, 0x29, 0x13, 0x19, 0x29, 
        0x13, 0x19, 0x29, 0x13, 0x19, 0x29, 0x13, 0x19, 0x29, 0x13, 0x19, 0x29, 0x13, 0x19, 0x29, 0x13, 0x19, 0x29, 0x13, 0x19, 0x29, 0x13, 0x19, 0x29, 0x13, 0x19, 0x29, 0x13, 0x19, 0x29, 0x13, 0x19, 0x29, 0x13, 0x19, 0x29, 0x13, 0x19, 0x29, 
        0x13, 0x19, 0x29, 0x13, 0x19, 0x29, 0x13, 0x19, 0x29, 0x13, 0x19, 0x29, 0x13, 0x19, 0x29, 0x13, 0x19, 0x29, 0x13, 0x19, 0x29, 0x13, 0x19, 0x29, 0x13, 0x19, 0x29, 0x13, 0x19, 0x29, 0x13, 0x19, 0x29, 0x13, 0x19, 0x29, 0x13, 0x19, 0x29, 
        0x13, 0x19, 0x29, 0x13, 0x19, 0x29, 0x13, 0x19, 0x29, 0x13, 0x19, 0x29, 0x13, 0x19, 0x29, 0x13, 0x19, 0x29, 0x13, 0x19, 0x29, 0x13, 0x19, 0x29, 0x13, 0x19, 0x29, 0x13, 0x19, 0x29, 0x13, 0x19, 0x29, 0x13, 0x19, 0x29, 0x13, 0x19, 0x29, 
        0x13, 0x19, 0x29, 0x13, 0x19, 0x29, 0x13, 0x19, 0x29, 0x13, 0x19, 0x29, 0x13, 0x19, 0x29, 0x13, 0x19, 0x29, 0x13, 0x19, 0x29, 0x13, 0x19, 0x29, 0x13, 0x19, 0x29, 0x13, 0x19, 0x29, 0x13, 0x19, 0x29, 0x13, 0x19, 0x29, 0x13, 0x19, 0x29, 
        0x13, 0x19, 0x29, 0x13, 0x19, 0x29, 0x13, 0x19, 0x29, 0x13, 0x19, 0x29, 0x13, 0x19, 0x29, 0x13, 0x19, 0x29, 0x13, 0x19, 0x29, 0x13, 0x19, 0x29, 0x13, 0x19, 0x29, 0x13, 0x19, 0x29, 0x13, 0x19, 0x29, 0x13, 0x19, 0x29, 0x13, 0x19, 0x29, 
        0x13, 0x19, 0x29, 0x13, 0x19, 0x29, 0x13, 0x19, 0x29, 0x13, 0x19, 0x29,
  0x13, 0x19, 0x29, 0x13, 0x19, 0x29, 0x13, 0x19, 0x29, 0x13, 0x19, 0x29, 0x13, 0x19, 0x29, 0x13, 0x19, 0x29, 0x13, 0x19, 0x29, 0x13, 0x19, 0x29, 0x13, 0x19, 0x29, 0x13, 0x19, 0x29, 0x13, 0x19, 0x29, 0x13, 0x19, 0x29, 0x13, 0x19, 0x29, 0x13, 0x19, 0x29, 
        0x13, 0x19, 0x29, 0x13, 0x19, 0x29, 0x13, 0x19, 0x29, 0x13, 0x19, 0x29, 0x13, 0x19, 0x29, 0x13, 0x19, 0x29, 0x13, 0x19, 0x29, 0x13, 0x19, 0x29, 0x13, 0x19, 0x29, 0x13, 0x19, 0x29, 0x13, 0x19, 0x29, 0x13, 0x19, 0x29, 0x13, 0x19, 0x29, 
        0x13, 0x19, 0x29, 0x13, 0x19, 0x29, 0x13, 0x19, 0x29, 0x13, 0x19, 0x29, 0x13, 0x19, 0x29, 0x13, 0x19, 0x29, 0x13, 0x19, 0x29, 0x13, 0x19, 0x29, 0x13, 0x19, 0x29, 0x13, 0x19, 0x29, 0x13, 0x19, 0x29, 0x13, 0x19, 0x29, 0x13, 0x19, 0x29, 
        0x13, 0x19, 0x29, 0x13, 0x19, 0x29, 0x13, 0x19, 0x29, 0x13, 0x19, 0x29, 0x13, 0x19, 0x29, 0x13, 0x19, 0x29, 0x13, 0x19, 0x29, 0x13, 0x19, 0x29, 0x13, 0x19, 0x29, 0x13, 0x19, 0x29, 0x13, 0x19, 0x29, 0x13, 0x19, 0x29, 0x13, 0x19, 0x29, 
        0x13, 0x19, 0x29, 0x13, 0x19, 0x29, 0x13, 0x19, 0x29, 0x13, 0x19, 0x29, 0x13, 0x19, 0x29, 0x13, 0x19, 0x29, 0x13, 0x19, 0x29, 0x13, 0x19, 0x29, 0x13, 0x19, 0x29, 0x13, 0x19, 0x29, 0x13, 0x19, 0x29, 0x13, 0x19, 0x29, 0x13, 0x19, 0x29, 
        0x13, 0x19, 0x29, 0x13, 0x19, 0x29, 0x13, 0x19, 0x29, 0x13, 0x19, 0x29, 0x13, 0x19, 0x29, 0x13, 0x19, 0x29, 0x13, 0x19, 0x29, 0x13, 0x19, 0x29, 0x13, 0x19, 0x29, 0x13, 0x19, 0x29, 0x13, 0x19, 0x29, 0x13, 0x19, 0x29, 0x13, 0x19, 0x29, 
        0x13, 0x19, 0x29, 0x13, 0x19, 0x29, 0x13, 0x19, 0x29, 0x12, 0x1A, 0x2A, 0x12, 0x1C, 0x2C, 0x13, 0x22, 0x33, 0x24, 0xA1, 0xB6, 0x2B, 0xD6, 0xEE, 0x29, 0xD3, 0xE9, 0x1C, 0x75, 0x8A, 0x17, 0x4E, 0x60, 0x18, 0x54, 0x67, 0x19, 0x58, 0x6B, 
        0x19, 0x5B, 0x6D, 0x19, 0x5C, 0x6E, 0x19, 0x5C, 0x6F, 0x19, 0x5C, 0x6F, 0x19, 0x5C, 0x6F, 0x19, 0x5C, 0x6F, 0x19, 0x5C, 0x6F, 0x1A, 0x5C, 0x6F, 0x19, 0x5C, 0x6F, 0x19, 0x5C, 0x6E, 0x19, 0x5B, 0x6E, 0x19, 0x5B, 0x6D, 0x19, 0x5B, 0x6D, 
        0x19, 0x5B, 0x6D, 0x19, 0x5A, 0x6D, 0x19, 0x5A, 0x6C, 0x19, 0x58, 0x6B, 0x18, 0x54, 0x67, 0x17, 0x4F, 0x60, 0x1C, 0x76, 0x8A, 0x29, 0xD3, 0xE9, 0x2B, 0xD7, 0xEE, 0x24, 0xA1, 0xB6, 0x13, 0x23, 0x34, 0x12, 0x1C, 0x2D, 0x12, 0x19, 0x29, 
        0x13, 0x19, 0x29, 0x13, 0x19, 0x29, 0x13, 0x19, 0x29, 0x13, 0x19, 0x29, 0x13, 0x19, 0x29, 0x13, 0x19, 0x29, 0x13, 0x19, 0x29, 0x13, 0x19, 0x29, 0x13, 0x19, 0x29, 0x13, 0x19, 0x29, 0x13, 0x19, 0x29, 0x13, 0x19, 0x29, 0x13, 0x19, 0x29, 
        0x13, 0x19, 0x29, 0x13, 0x19, 0x29, 0x13, 0x19, 0x29, 0x13, 0x19, 0x29, 0x13, 0x19, 0x29, 0x13, 0x19, 0x29, 0x13, 0x19, 0x29, 0x13, 0x19, 0x29, 0x13, 0x19, 0x29, 0x13, 0x19, 0x29, 0x13, 0x19, 0x29, 0x13, 0x19, 0x29, 0x13, 0x19, 0x29, 
        0x13, 0x19, 0x29, 0x13, 0x19, 0x29, 0x13, 0x19, 0x29, 0x13, 0x19, 0x29, 0x13, 0x19, 0x29, 0x13, 0x19, 0x29, 0x13, 0x19, 0x29, 0x13, 0x19, 0x29, 0x13, 0x19, 0x29, 0x13, 0x19, 0x29, 0x13, 0x19, 0x29, 0x13, 0x19, 0x29, 0x13, 0x19, 0x29, 
        0x13, 0x19, 0x29, 0x13, 0x19, 0x29, 0x13, 0x19, 0x29, 0x13, 0x19, 0x29, 0x13, 0x19, 0x29, 0x13, 0x19, 0x29, 0x13, 0x19, 0x29, 0x13, 0x19, 0x29, 0x13, 0x19, 0x29, 0x13, 0x19, 0x29, 0x13, 0x19, 0x29, 0x13, 0x19, 0x29, 0x13, 0x19, 0x29, 
        0x13, 0x19, 0x29, 0x13, 0x19, 0x29, 0x13, 0x19, 0x29, 0x13, 0x19, 0x29, 0x13, 0x19, 0x29, 0x13, 0x19, 0x29, 0x13, 0x19, 0x29, 0x13, 0x19, 0x29, 0x13, 0x19, 0x29, 0x13, 0x19, 0x29, 0x13, 0x19, 0x29, 0x13, 0x19, 0x29, 0x13, 0x19, 0x29, 
        0x13, 0x19, 0x29, 0x13, 0x19, 0x29, 0x13, 0x19, 0x29, 0x13, 0x19, 0x29, 0x13, 0x19, 0x29, 0x13, 0x19, 0x29, 0x13, 0x19, 0x29, 0x13, 0x19, 0x29, 0x13, 0x19, 0x29, 0x13, 0x19, 0x29, 0x13, 0x19, 0x29, 0x13, 0x19, 0x29, 0x13, 0x19, 0x29, 
        0x13, 0x19, 0x29, 0x13, 0x19, 0x29, 0x13, 0x19, 0x29, 0x13, 0x19, 0x29,
  0x13, 0x19, 0x29, 0x13, 0x19, 0x29, 0x13, 0x19, 0x29, 0x13, 0x19, 0x29, 0x13, 0x19, 0x29, 0x13, 0x19, 0x29, 0x13, 0x19, 0x29, 0x13, 0x19, 0x29, 0x13, 0x19, 0x29, 0x13, 0x19, 0x29, 0x13, 0x19, 0x29, 0x13, 0x19, 0x29, 0x13, 0x19, 0x29, 0x13, 0x19, 0x29, 
        0x13, 0x19, 0x29, 0x13, 0x19, 0x29, 0x13, 0x19, 0x29, 0x13, 0x19, 0x29, 0x13, 0x19, 0x29, 0x13, 0x19, 0x29, 0x13, 0x19, 0x29, 0x13, 0x19, 0x29, 0x13, 0x19, 0x29, 0x13, 0x19, 0x29, 0x13, 0x19, 0x29, 0x13, 0x19, 0x29, 0x13, 0x19, 0x29, 
        0x13, 0x19, 0x29, 0x13, 0x19, 0x29, 0x13, 0x19, 0x29, 0x13, 0x19, 0x29, 0x13, 0x19, 0x29, 0x13, 0x19, 0x29, 0x13, 0x19, 0x29, 0x13, 0x19, 0x29, 0x13, 0x19, 0x29, 0x13, 0x19, 0x29, 0x13, 0x19, 0x29, 0x13, 0x19, 0x29, 0x13, 0x19, 0x29, 
        0x13, 0x19, 0x29, 0x13, 0x19, 0x29, 0x13, 0x19, 0x29, 0x13, 0x19, 0x29, 0x13, 0x19, 0x29, 0x13, 0x19, 0x29, 0x13, 0x19, 0x29, 0x13, 0x19, 0x29, 0x13, 0x19, 0x29, 0x13, 0x19, 0x29, 0x13, 0x19, 0x29, 0x13, 0x19, 0x29, 0x13, 0x19, 0x29, 
        0x13, 0x19, 0x29, 0x13, 0x19, 0x29, 0x13, 0x19, 0x29, 0x13, 0x19, 0x29, 0x13, 0x19, 0x29, 0x13, 0x19, 0x29, 0x13, 0x19, 0x29, 0x13, 0x19, 0x29, 0x13, 0x19, 0x29, 0x13, 0x19, 0x29, 0x13, 0x19, 0x29, 0x13, 0x19, 0x29, 0x13, 0x19, 0x29, 
        0x13, 0x19, 0x29, 0x13, 0x19, 0x29, 0x13, 0x19, 0x29, 0x13, 0x19, 0x29, 0x13, 0x19, 0x29, 0x13, 0x19, 0x29, 0x13, 0x19, 0x29, 0x13, 0x19, 0x29, 0x13, 0x19, 0x29, 0x13, 0x19, 0x29, 0x13, 0x19, 0x29, 0x13, 0x19, 0x29, 0x13, 0x19, 0x29, 
        0x13, 0x19, 0x29, 0x13, 0x19, 0x29, 0x13, 0x19, 0x29, 0x12, 0x18, 0x2A, 0x12, 0x1A, 0x2A, 0x12, 0x1E, 0x2E, 0x13, 0x28, 0x39, 0x24, 0xA6, 0xBB, 0x2B, 0xD7, 0xEE, 0x2A, 0xD7, 0xEE, 0x20, 0x8E, 0xA3, 0x16, 0x45, 0x57, 0x16, 0x45, 0x57, 
        0x17, 0x46, 0x59, 0x17, 0x47, 0x5B, 0x17, 0x48, 0x5B, 0x17, 0x48, 0x5A, 0x17, 0x48, 0x5B, 0x17, 0x48, 0x5B, 0x17, 0x48, 0x5B, 0x17, 0x48, 0x5B, 0x17, 0x47, 0x5B, 0x17, 0x47, 0x5A, 0x17, 0x47, 0x5A, 0x17, 0x47, 0x5A, 0x17, 0x47, 0x5A, 
        0x17, 0x47, 0x5A, 0x17, 0x47, 0x5A, 0x17, 0x46, 0x59, 0x16, 0x45, 0x57, 0x16, 0x45, 0x57, 0x20, 0x8F, 0xA3, 0x2A, 0xD7, 0xED, 0x2B, 0xD7, 0xEE, 0x23, 0xA6, 0xBA, 0x13, 0x28, 0x3A, 0x12, 0x1E, 0x2F, 0x12, 0x1B, 0x2B, 0x12, 0x1A, 0x2A, 
        0x13, 0x19, 0x29, 0x13, 0x19, 0x29, 0x13, 0x19, 0x29, 0x13, 0x19, 0x29, 0x13, 0x19, 0x29, 0x13, 0x19, 0x29, 0x13, 0x19, 0x29, 0x13, 0x19, 0x29, 0x13, 0x19, 0x29, 0x13, 0x19, 0x29, 0x13, 0x19, 0x29, 0x13, 0x19, 0x29, 0x13, 0x19, 0x29, 
        0x13, 0x19, 0x29, 0x13, 0x19, 0x29, 0x13, 0x19, 0x29, 0x13, 0x19, 0x29, 0x13, 0x19, 0x29, 0x13, 0x19, 0x29, 0x13, 0x19, 0x29, 0x13, 0x19, 0x29, 0x13, 0x19, 0x29, 0x13, 0x19, 0x29, 0x13, 0x19, 0x29, 0x13, 0x19, 0x29, 0x13, 0x19, 0x29, 
        0x13, 0x19, 0x29, 0x13, 0x19, 0x29, 0x13, 0x19, 0x29, 0x13, 0x19, 0x29, 0x13, 0x19, 0x29, 0x13, 0x19, 0x29, 0x13, 0x19, 0x29, 0x13, 0x19, 0x29, 0x13, 0x19, 0x29, 0x13, 0x19, 0x29, 0x13, 0x19, 0x29, 0x13, 0x19, 0x29, 0x13, 0x19, 0x29, 
        0x13, 0x19, 0x29, 0x13, 0x19, 0x29, 0x13, 0x19, 0x29, 0x13, 0x19, 0x29, 0x13, 0x19, 0x29, 0x13, 0x19, 0x29, 0x13, 0x19, 0x29, 0x13, 0x19, 0x29, 0x13, 0x19, 0x29, 0x13, 0x19, 0x29, 0x13, 0x19, 0x29, 0x13, 0x19, 0x29, 0x13, 0x19, 0x29, 
        0x13, 0x19, 0x29, 0x13, 0x19, 0x29, 0x13, 0x19, 0x29, 0x13, 0x19, 0x29, 0x13, 0x19, 0x29, 0x13, 0x19, 0x29, 0x13, 0x19, 0x29, 0x13, 0x19, 0x29, 0x13, 0x19, 0x29, 0x13, 0x19, 0x29, 0x13, 0x19, 0x29, 0x13, 0x19, 0x29, 0x13, 0x19, 0x29, 
        0x13, 0x19, 0x29, 0x13, 0x19, 0x29, 0x13, 0x19, 0x29, 0x13, 0x19, 0x29, 0x13, 0x19, 0x29, 0x13, 0x19, 0x29, 0x13, 0x19, 0x29, 0x13, 0x19, 0x29, 0x13, 0x19, 0x29, 0x13, 0x19, 0x29, 0x13, 0x19, 0x29, 0x13, 0x19, 0x29, 0x13, 0x19, 0x29, 
        0x13, 0x19, 0x29, 0x13, 0x19, 0x29, 0x13, 0x19, 0x29, 0x13, 0x19, 0x29,
  0x13, 0x19, 0x29, 0x13, 0x19, 0x29, 0x13, 0x19, 0x29, 0x13, 0x19, 0x29, 0x13, 0x19, 0x29, 0x13, 0x19, 0x29, 0x13, 0x19, 0x29, 0x13, 0x19, 0x29, 0x13, 0x19, 0x29, 0x13, 0x19, 0x29, 0x13, 0x19, 0x29, 0x13, 0x19, 0x29, 0x13, 0x19, 0x29, 0x13, 0x19, 0x29, 
        0x13, 0x19, 0x29, 0x13, 0x19, 0x29, 0x13, 0x19, 0x29, 0x13, 0x19, 0x29, 0x13, 0x19, 0x29, 0x13, 0x19, 0x29, 0x13, 0x19, 0x29, 0x13, 0x19, 0x29, 0x13, 0x19, 0x29, 0x13, 0x19, 0x29, 0x13, 0x19, 0x29, 0x13, 0x19, 0x29, 0x13, 0x19, 0x29, 
        0x13, 0x19, 0x29, 0x13, 0x19, 0x29, 0x13, 0x19, 0x29, 0x13, 0x19, 0x29, 0x13, 0x19, 0x29, 0x13, 0x19, 0x29, 0x13, 0x19, 0x29, 0x13, 0x19, 0x29, 0x13, 0x19, 0x29, 0x13, 0x19, 0x29, 0x13, 0x19, 0x29, 0x13, 0x19, 0x29, 0x13, 0x19, 0x29, 
        0x13, 0x19, 0x29, 0x13, 0x19, 0x29, 0x13, 0x19, 0x29, 0x13, 0x19, 0x29, 0x13, 0x19, 0x29, 0x13, 0x19, 0x29, 0x13, 0x19, 0x29, 0x13, 0x19, 0x29, 0x13, 0x19, 0x29, 0x13, 0x19, 0x29, 0x13, 0x19, 0x29, 0x13, 0x19, 0x29, 0x13, 0x19, 0x29, 
        0x13, 0x19, 0x29, 0x13, 0x19, 0x29, 0x13, 0x19, 0x29, 0x13, 0x19, 0x29, 0x13, 0x19, 0x29, 0x13, 0x19, 0x29, 0x13, 0x19, 0x29, 0x13, 0x19, 0x29, 0x13, 0x19, 0x29, 0x13, 0x19, 0x29, 0x13, 0x19, 0x29, 0x13, 0x19, 0x29, 0x13, 0x19, 0x29, 
        0x13, 0x19, 0x29, 0x13, 0x19, 0x29, 0x13, 0x19, 0x29, 0x13, 0x19, 0x29, 0x13, 0x19, 0x29, 0x13, 0x19, 0x29, 0x13, 0x19, 0x29, 0x13, 0x19, 0x29, 0x13, 0x19, 0x29, 0x13, 0x19, 0x29, 0x13, 0x19, 0x29, 0x13, 0x19, 0x29, 0x13, 0x19, 0x29, 
        0x13, 0x19, 0x29, 0x13, 0x19, 0x29, 0x13, 0x19, 0x29, 0x13, 0x19, 0x29, 0x12, 0x1A, 0x2A, 0x12, 0x1B, 0x2B, 0x12, 0x1E, 0x2F, 0x13, 0x24, 0x36, 0x22, 0x92, 0xA8, 0x2B, 0xD7, 0xEE, 0x2B, 0xD7, 0xEE, 0x26, 0xBB, 0xD1, 0x1A, 0x5D, 0x70, 
        0x15, 0x36, 0x46, 0x14, 0x36, 0x47, 0x14, 0x36, 0x47, 0x14, 0x37, 0x48, 0x14, 0x37, 0x47, 0x14, 0x36, 0x47, 0x14, 0x36, 0x47, 0x14, 0x36, 0x47, 0x14, 0x36, 0x47, 0x14, 0x36, 0x47, 0x14, 0x36, 0x47, 0x14, 0x36, 0x47, 0x14, 0x36, 0x47, 
        0x14, 0x36, 0x47, 0x14, 0x36, 0x47, 0x15, 0x35, 0x46, 0x1A, 0x5D, 0x70, 0x26, 0xBA, 0xD0, 0x2B, 0xD7, 0xEE, 0x2B, 0xD7, 0xEE, 0x22, 0x93, 0xA7, 0x13, 0x25, 0x36, 0x12, 0x1E, 0x2E, 0x12, 0x1B, 0x2C, 0x12, 0x19, 0x29, 0x13, 0x19, 0x29, 
        0x13, 0x19, 0x29, 0x13, 0x19, 0x29, 0x13, 0x19, 0x29, 0x13, 0x19, 0x29, 0x13, 0x19, 0x29, 0x13, 0x19, 0x29, 0x13, 0x19, 0x29, 0x13, 0x19, 0x29, 0x13, 0x19, 0x29, 0x13, 0x19, 0x29, 0x13, 0x19, 0x29, 0x13, 0x19, 0x29, 0x13, 0x19, 0x29, 
        0x13, 0x19, 0x29, 0x13, 0x19, 0x29, 0x13, 0x19, 0x29, 0x13, 0x19, 0x29, 0x13, 0x19, 0x29, 0x13, 0x19, 0x29, 0x13, 0x19, 0x29, 0x13, 0x19, 0x29, 0x13, 0x19, 0x29, 0x13, 0x19, 0x29, 0x13, 0x19, 0x29, 0x13, 0x19, 0x29, 0x13, 0x19, 0x29, 
        0x13, 0x19, 0x29, 0x13, 0x19, 0x29, 0x13, 0x19, 0x29, 0x13, 0x19, 0x29, 0x13, 0x19, 0x29, 0x13, 0x19, 0x29, 0x13, 0x19, 0x29, 0x13, 0x19, 0x29, 0x13, 0x19, 0x29, 0x13, 0x19, 0x29, 0x13, 0x19, 0x29, 0x13, 0x19, 0x29, 0x13, 0x19, 0x29, 
        0x13, 0x19, 0x29, 0x13, 0x19, 0x29, 0x13, 0x19, 0x29, 0x13, 0x19, 0x29, 0x13, 0x19, 0x29, 0x13, 0x19, 0x29, 0x13, 0x19, 0x29, 0x13, 0x19, 0x29, 0x13, 0x19, 0x29, 0x13, 0x19, 0x29, 0x13, 0x19, 0x29, 0x13, 0x19, 0x29, 0x13, 0x19, 0x29, 
        0x13, 0x19, 0x29, 0x13, 0x19, 0x29, 0x13, 0x19, 0x29, 0x13, 0x19, 0x29, 0x13, 0x19, 0x29, 0x13, 0x19, 0x29, 0x13, 0x19, 0x29, 0x13, 0x19, 0x29, 0x13, 0x19, 0x29, 0x13, 0x19, 0x29, 0x13, 0x19, 0x29, 0x13, 0x19, 0x29, 0x13, 0x19, 0x29, 
        0x13, 0x19, 0x29, 0x13, 0x19, 0x29, 0x13, 0x19, 0x29, 0x13, 0x19, 0x29, 0x13, 0x19, 0x29, 0x13, 0x19, 0x29, 0x13, 0x19, 0x29, 0x13, 0x19, 0x29, 0x13, 0x19, 0x29, 0x13, 0x19, 0x29, 0x13, 0x19, 0x29, 0x13, 0x19, 0x29, 0x13, 0x19, 0x29, 
        0x13, 0x19, 0x29, 0x13, 0x19, 0x29, 0x13, 0x19, 0x29, 0x13, 0x19, 0x29,
  0x13, 0x19, 0x29, 0x13, 0x19, 0x29, 0x13, 0x19, 0x29, 0x13, 0x19, 0x29, 0x13, 0x19, 0x29, 0x13, 0x19, 0x29, 0x13, 0x19, 0x29, 0x13, 0x19, 0x29, 0x13, 0x19, 0x29, 0x13, 0x19, 0x29, 0x13, 0x19, 0x29, 0x13, 0x19, 0x29, 0x13, 0x19, 0x29, 0x13, 0x19, 0x29, 
        0x13, 0x19, 0x29, 0x13, 0x19, 0x29, 0x13, 0x19, 0x29, 0x13, 0x19, 0x29, 0x13, 0x19, 0x29, 0x13, 0x19, 0x29, 0x13, 0x19, 0x29, 0x13, 0x19, 0x29, 0x13, 0x19, 0x29, 0x13, 0x19, 0x29, 0x13, 0x19, 0x29, 0x13, 0x19, 0x29, 0x13, 0x19, 0x29, 
        0x13, 0x19, 0x29, 0x13, 0x19, 0x29, 0x13, 0x19, 0x29, 0x13, 0x19, 0x29, 0x13, 0x19, 0x29, 0x13, 0x19, 0x29, 0x13, 0x19, 0x29, 0x13, 0x19, 0x29, 0x13, 0x19, 0x29, 0x13, 0x19, 0x29, 0x13, 0x19, 0x29, 0x13, 0x19, 0x29, 0x13, 0x19, 0x29, 
        0x13, 0x19, 0x29, 0x13, 0x19, 0x29, 0x13, 0x19, 0x29, 0x13, 0x19, 0x29, 0x13, 0x19, 0x29, 0x13, 0x19, 0x29, 0x13, 0x19, 0x29, 0x13, 0x19, 0x29, 0x13, 0x19, 0x29, 0x13, 0x19, 0x29, 0x13, 0x19, 0x29, 0x13, 0x19, 0x29, 0x13, 0x19, 0x29, 
        0x13, 0x19, 0x29, 0x13, 0x19, 0x29, 0x13, 0x19, 0x29, 0x13, 0x19, 0x29, 0x13, 0x19, 0x29, 0x13, 0x19, 0x29, 0x13, 0x19, 0x29, 0x13, 0x19, 0x29, 0x13, 0x19, 0x29, 0x13, 0x19, 0x29, 0x13, 0x19, 0x29, 0x13, 0x19, 0x29, 0x13, 0x19, 0x29, 
        0x13, 0x19, 0x29, 0x13, 0x19, 0x29, 0x13, 0x19, 0x29, 0x13, 0x19, 0x29, 0x13, 0x19, 0x29, 0x13, 0x19, 0x29, 0x13, 0x19, 0x29, 0x13, 0x19, 0x29, 0x13, 0x19, 0x29, 0x13, 0x19, 0x29, 0x13, 0x19, 0x29, 0x13, 0x19, 0x29, 0x13, 0x19, 0x29, 
        0x13, 0x19, 0x29, 0x13, 0x19, 0x29, 0x13, 0x19, 0x29, 0x13, 0x19, 0x29, 0x13, 0x19, 0x29, 0x12, 0x19, 0x29, 0x12, 0x1B, 0x2B, 0x12, 0x1D, 0x2D, 0x13, 0x1F, 0x2F, 0x1B, 0x65, 0x78, 0x2A, 0xCD, 0xE4, 0x2B, 0xD7, 0xEE, 0x2B, 0xD6, 0xEE, 
        0x24, 0xAC, 0xC2, 0x1A, 0x5F, 0x71, 0x13, 0x2C, 0x3D, 0x13, 0x28, 0x39, 0x13, 0x28, 0x39, 0x13, 0x28, 0x39, 0x13, 0x28, 0x39, 0x13, 0x28, 0x39, 0x13, 0x28, 0x39, 0x13, 0x28, 0x39, 0x13, 0x28, 0x39, 0x13, 0x28, 0x39, 0x13, 0x28, 0x39, 
        0x13, 0x2C, 0x3D, 0x1A, 0x5F, 0x71, 0x24, 0xAC, 0xC2, 0x2B, 0xD6, 0xEE, 0x2B, 0xD7, 0xEF, 0x29, 0xCC, 0xE3, 0x1B, 0x65, 0x78, 0x13, 0x20, 0x2F, 0x12, 0x1D, 0x2E, 0x12, 0x1B, 0x2B, 0x12, 0x19, 0x29, 0x12, 0x18, 0x28, 0x13, 0x19, 0x29, 
        0x13, 0x19, 0x29, 0x13, 0x19, 0x29, 0x13, 0x19, 0x29, 0x13, 0x19, 0x29, 0x13, 0x19, 0x29, 0x13, 0x19, 0x29, 0x13, 0x19, 0x29, 0x13, 0x19, 0x29, 0x13, 0x19, 0x29, 0x13, 0x19, 0x29, 0x13, 0x19, 0x29, 0x13, 0x19, 0x29, 0x13, 0x19, 0x29, 
        0x13, 0x19, 0x29, 0x13, 0x19, 0x29, 0x13, 0x19, 0x29, 0x13, 0x19, 0x29, 0x13, 0x19, 0x29, 0x13, 0x19, 0x29, 0x13, 0x19, 0x29, 0x13, 0x19, 0x29, 0x13, 0x19, 0x29, 0x13, 0x19, 0x29, 0x13, 0x19, 0x29, 0x13, 0x19, 0x29, 0x13, 0x19, 0x29, 
        0x13, 0x19, 0x29, 0x13, 0x19, 0x29, 0x13, 0x19, 0x29, 0x13, 0x19, 0x29, 0x13, 0x19, 0x29, 0x13, 0x19, 0x29, 0x13, 0x19, 0x29, 0x13, 0x19, 0x29, 0x13, 0x19, 0x29, 0x13, 0x19, 0x29, 0x13, 0x19, 0x29, 0x13, 0x19, 0x29, 0x13, 0x19, 0x29, 
        0x13, 0x19, 0x29, 0x13, 0x19, 0x29, 0x13, 0x19, 0x29, 0x13, 0x19, 0x29, 0x13, 0x19, 0x29, 0x13, 0x19, 0x29, 0x13, 0x19, 0x29, 0x13, 0x19, 0x29, 0x13, 0x19, 0x29, 0x13, 0x19, 0x29, 0x13, 0x19, 0x29, 0x13, 0x19, 0x29, 0x13, 0x19, 0x29, 
        0x13, 0x19, 0x29, 0x13, 0x19, 0x29, 0x13, 0x19, 0x29, 0x13, 0x19, 0x29, 0x13, 0x19, 0x29, 0x13, 0x19, 0x29, 0x13, 0x19, 0x29, 0x13, 0x19, 0x29, 0x13, 0x19, 0x29, 0x13, 0x19, 0x29, 0x13, 0x19, 0x29, 0x13, 0x19, 0x29, 0x13, 0x19, 0x29, 
        0x13, 0x19, 0x29, 0x13, 0x19, 0x29, 0x13, 0x19, 0x29, 0x13, 0x19, 0x29, 0x13, 0x19, 0x29, 0x13, 0x19, 0x29, 0x13, 0x19, 0x29, 0x13, 0x19, 0x29, 0x13, 0x19, 0x29, 0x13, 0x19, 0x29, 0x13, 0x19, 0x29, 0x13, 0x19, 0x29, 0x13, 0x19, 0x29, 
        0x13, 0x19, 0x29, 0x13, 0x19, 0x29, 0x13, 0x19, 0x29, 0x13, 0x19, 0x29,
  0x13, 0x19, 0x29, 0x13, 0x19, 0x29, 0x13, 0x19, 0x29, 0x13, 0x19, 0x29, 0x13, 0x19, 0x29, 0x13, 0x19, 0x29, 0x13, 0x19, 0x29, 0x13, 0x19, 0x29, 0x13, 0x19, 0x29, 0x13, 0x19, 0x29, 0x13, 0x19, 0x29, 0x13, 0x19, 0x29, 0x13, 0x19, 0x29, 0x13, 0x19, 0x29, 
        0x13, 0x19, 0x29, 0x13, 0x19, 0x29, 0x13, 0x19, 0x29, 0x13, 0x19, 0x29, 0x13, 0x19, 0x29, 0x13, 0x19, 0x29, 0x13, 0x19, 0x29, 0x13, 0x19, 0x29, 0x13, 0x19, 0x29, 0x13, 0x19, 0x29, 0x13, 0x19, 0x29, 0x13, 0x19, 0x29, 0x13, 0x19, 0x29, 
        0x13, 0x19, 0x29, 0x13, 0x19, 0x29, 0x13, 0x19, 0x29, 0x13, 0x19, 0x29, 0x13, 0x19, 0x29, 0x13, 0x19, 0x29, 0x13, 0x19, 0x29, 0x13, 0x19, 0x29, 0x13, 0x19, 0x29, 0x13, 0x19, 0x29, 0x13, 0x19, 0x29, 0x13, 0x19, 0x29, 0x13, 0x19, 0x29, 
        0x13, 0x19, 0x29, 0x13, 0x19, 0x29, 0x13, 0x19, 0x29, 0x13, 0x19, 0x29, 0x13, 0x19, 0x29, 0x13, 0x19, 0x29, 0x13, 0x19, 0x29, 0x13, 0x19, 0x29, 0x13, 0x19, 0x29, 0x13, 0x19, 0x29, 0x13, 0x19, 0x29, 0x13, 0x19, 0x29, 0x13, 0x19, 0x29, 
        0x13, 0x19, 0x29, 0x13, 0x19, 0x29, 0x13, 0x19, 0x29, 0x13, 0x19, 0x29, 0x13, 0x19, 0x29, 0x13, 0x19, 0x29, 0x13, 0x19, 0x29, 0x13, 0x19, 0x29, 0x13, 0x19, 0x29, 0x13, 0x19, 0x29, 0x13, 0x19, 0x29, 0x13, 0x19, 0x29, 0x13, 0x19, 0x29, 
        0x13, 0x19, 0x29, 0x13, 0x19, 0x29, 0x13, 0x19, 0x29, 0x13, 0x19, 0x29, 0x13, 0x19, 0x29, 0x13, 0x19, 0x29, 0x13, 0x19, 0x29, 0x13, 0x19, 0x29, 0x13, 0x19, 0x29, 0x13, 0x19, 0x29, 0x13, 0x19, 0x29, 0x13, 0x19, 0x29, 0x13, 0x19, 0x29, 
        0x13, 0x19, 0x29, 0x13, 0x19, 0x29, 0x13, 0x19, 0x29, 0x13, 0x19, 0x29, 0x13, 0x19, 0x29, 0x13, 0x19, 0x29, 0x12, 0x1A, 0x2A, 0x12, 0x1A, 0x2A, 0x12, 0x1B, 0x2B, 0x12, 0x1C, 0x2C, 0x14, 0x2F, 0x40, 0x22, 0x92, 0xA7, 0x2B, 0xD5, 0xEC, 
        0x2C, 0xD7, 0xEE, 0x2C, 0xD7, 0xEE, 0x2A, 0xCA, 0xE1, 0x23, 0x99, 0xAE, 0x1D, 0x6D, 0x80, 0x1A, 0x50, 0x62, 0x16, 0x3A, 0x4B, 0x15, 0x2F, 0x40, 0x15, 0x2F, 0x40, 0x16, 0x3A, 0x4B, 0x1A, 0x50, 0x62, 0x1D, 0x6D, 0x80, 0x23, 0x99, 0xAE, 
        0x2A, 0xCA, 0xE1, 0x2C, 0xD7, 0xEE, 0x2C, 0xD7, 0xEE, 0x2B, 0xD5, 0xEC, 0x22, 0x92, 0xA7, 0x14, 0x2E, 0x3F, 0x12, 0x1C, 0x2D, 0x12, 0x1B, 0x2B, 0x12, 0x1A, 0x2A, 0x12, 0x1A, 0x2A, 0x13, 0x19, 0x29, 0x13, 0x19, 0x29, 0x13, 0x19, 0x29, 
        0x13, 0x19, 0x29, 0x13, 0x19, 0x29, 0x13, 0x19, 0x29, 0x13, 0x19, 0x29, 0x13, 0x19, 0x29, 0x13, 0x19, 0x29, 0x13, 0x19, 0x29, 0x13, 0x19, 0x29, 0x13, 0x19, 0x29, 0x13, 0x19, 0x29, 0x13, 0x19, 0x29, 0x13, 0x19, 0x29, 0x13, 0x19, 0x29, 
        0x13, 0x19, 0x29, 0x13, 0x19, 0x29, 0x13, 0x19, 0x29, 0x13, 0x19, 0x29, 0x13, 0x19, 0x29, 0x13, 0x19, 0x29, 0x13, 0x19, 0x29, 0x13, 0x19, 0x29, 0x13, 0x19, 0x29, 0x13, 0x19, 0x29, 0x13, 0x19, 0x29, 0x13, 0x19, 0x29, 0x13, 0x19, 0x29, 
        0x13, 0x19, 0x29, 0x13, 0x19, 0x29, 0x13, 0x19, 0x29, 0x13, 0x19, 0x29, 0x13, 0x19, 0x29, 0x13, 0x19, 0x29, 0x13, 0x19, 0x29, 0x13, 0x19, 0x29, 0x13, 0x19, 0x29, 0x13, 0x19, 0x29, 0x13, 0x19, 0x29, 0x13, 0x19, 0x29, 0x13, 0x19, 0x29, 
        0x13, 0x19, 0x29, 0x13, 0x19, 0x29, 0x13, 0x19, 0x29, 0x13, 0x19, 0x29, 0x13, 0x19, 0x29, 0x13, 0x19, 0x29, 0x13, 0x19, 0x29, 0x13, 0x19, 0x29, 0x13, 0x19, 0x29, 0x13, 0x19, 0x29, 0x13, 0x19, 0x29, 0x13, 0x19, 0x29, 0x13, 0x19, 0x29, 
        0x13, 0x19, 0x29, 0x13, 0x19, 0x29, 0x13, 0x19, 0x29, 0x13, 0x19, 0x29, 0x13, 0x19, 0x29, 0x13, 0x19, 0x29, 0x13, 0x19, 0x29, 0x13, 0x19, 0x29, 0x13, 0x19, 0x29, 0x13, 0x19, 0x29, 0x13, 0x19, 0x29, 0x13, 0x19, 0x29, 0x13, 0x19, 0x29, 
        0x13, 0x19, 0x29, 0x13, 0x19, 0x29, 0x13, 0x19, 0x29, 0x13, 0x19, 0x29, 0x13, 0x19, 0x29, 0x13, 0x19, 0x29, 0x13, 0x19, 0x29, 0x13, 0x19, 0x29, 0x13, 0x19, 0x29, 0x13, 0x19, 0x29, 0x13, 0x19, 0x29, 0x13, 0x19, 0x29, 0x13, 0x19, 0x29, 
        0x13, 0x19, 0x29, 0x13, 0x19, 0x29, 0x13, 0x19, 0x29, 0x13, 0x19, 0x29,
  0x13, 0x19, 0x29, 0x13, 0x19, 0x29, 0x13, 0x19, 0x29, 0x13, 0x19, 0x29, 0x13, 0x19, 0x29, 0x13, 0x19, 0x29, 0x13, 0x19, 0x29, 0x13, 0x19, 0x29, 0x13, 0x19, 0x29, 0x13, 0x19, 0x29, 0x13, 0x19, 0x29, 0x13, 0x19, 0x29, 0x13, 0x19, 0x29, 0x13, 0x19, 0x29, 
        0x13, 0x19, 0x29, 0x13, 0x19, 0x29, 0x13, 0x19, 0x29, 0x13, 0x19, 0x29, 0x13, 0x19, 0x29, 0x13, 0x19, 0x29, 0x13, 0x19, 0x29, 0x13, 0x19, 0x29, 0x13, 0x19, 0x29, 0x13, 0x19, 0x29, 0x13, 0x19, 0x29, 0x13, 0x19, 0x29, 0x13, 0x19, 0x29, 
        0x13, 0x19, 0x29, 0x13, 0x19, 0x29, 0x13, 0x19, 0x29, 0x13, 0x19, 0x29, 0x13, 0x19, 0x29, 0x13, 0x19, 0x29, 0x13, 0x19, 0x29, 0x13, 0x19, 0x29, 0x13, 0x19, 0x29, 0x13, 0x19, 0x29, 0x13, 0x19, 0x29, 0x13, 0x19, 0x29, 0x13, 0x19, 0x29, 
        0x13, 0x19, 0x29, 0x13, 0x19, 0x29, 0x13, 0x19, 0x29, 0x13, 0x19, 0x29, 0x13, 0x19, 0x29, 0x13, 0x19, 0x29, 0x13, 0x19, 0x29, 0x13, 0x19, 0x29, 0x13, 0x19, 0x29, 0x13, 0x19, 0x29, 0x13, 0x19, 0x29, 0x13, 0x19, 0x29, 0x13, 0x19, 0x29, 
        0x13, 0x19, 0x29, 0x13, 0x19, 0x29, 0x13, 0x19, 0x29, 0x13, 0x19, 0x29, 0x13, 0x19, 0x29, 0x13, 0x19, 0x29, 0x13, 0x19, 0x29, 0x13, 0x19, 0x29, 0x13, 0x19, 0x29, 0x13, 0x19, 0x29, 0x13, 0x19, 0x29, 0x13, 0x19, 0x29, 0x13, 0x19, 0x29, 
        0x13, 0x19, 0x29, 0x13, 0x19, 0x29, 0x13, 0x19, 0x29, 0x13, 0x19, 0x29, 0x13, 0x19, 0x29, 0x13, 0x19, 0x29, 0x13, 0x19, 0x29, 0x13, 0x19, 0x29, 0x13, 0x19, 0x29, 0x13, 0x19, 0x29, 0x13, 0x19, 0x29, 0x13, 0x19, 0x29, 0x13, 0x19, 0x29, 
        0x13, 0x19, 0x29, 0x13, 0x19, 0x29, 0x13, 0x19, 0x29, 0x13, 0x19, 0x29, 0x13, 0x19, 0x29, 0x13, 0x19, 0x29, 0x13, 0x19, 0x29, 0x13, 0x19, 0x29, 0x12, 0x1A, 0x2A, 0x12, 0x1A, 0x2A, 0x12, 0x19, 0x2A, 0x12, 0x1A, 0x2A, 0x15, 0x34, 0x45, 
        0x21, 0x86, 0x9B, 0x2A, 0xC9, 0xE1, 0x2C, 0xD7, 0xEF, 0x2C, 0xD7, 0xEF, 0x2C, 0xD7, 0xEF, 0x2C, 0xD7, 0xEF, 0x2C, 0xD7, 0xEF, 0x2C, 0xD7, 0xEF, 0x2C, 0xD7, 0xEF, 0x2C, 0xD7, 0xEF, 0x2C, 0xD7, 0xEF, 0x2C, 0xD7, 0xEF, 0x2C, 0xD7, 0xEF, 
        0x2C, 0xD7, 0xEF, 0x2A, 0xC9, 0xE1, 0x21, 0x86, 0x9B, 0x15, 0x34, 0x45, 0x12, 0x1A, 0x2A, 0x12, 0x19, 0x2A, 0x12, 0x1A, 0x2A, 0x12, 0x1A, 0x2A, 0x13, 0x19, 0x29, 0x13, 0x19, 0x29, 0x13, 0x19, 0x29, 0x13, 0x19, 0x29, 0x13, 0x19, 0x29, 
        0x13, 0x19, 0x29, 0x13, 0x19, 0x29, 0x13, 0x19, 0x29, 0x13, 0x19, 0x29, 0x13, 0x19, 0x29, 0x13, 0x19, 0x29, 0x13, 0x19, 0x29, 0x13, 0x19, 0x29, 0x13, 0x19, 0x29, 0x13, 0x19, 0x29, 0x13, 0x19, 0x29, 0x13, 0x19, 0x29, 0x13, 0x19, 0x29, 
        0x13, 0x19, 0x29, 0x13, 0x19, 0x29, 0x13, 0x19, 0x29, 0x13, 0x19, 0x29, 0x13, 0x19, 0x29, 0x13, 0x19, 0x29, 0x13, 0x19, 0x29, 0x13, 0x19, 0x29, 0x13, 0x19, 0x29, 0x13, 0x19, 0x29, 0x13, 0x19, 0x29, 0x13, 0x19, 0x29, 0x13, 0x19, 0x29, 
        0x13, 0x19, 0x29, 0x13, 0x19, 0x29, 0x13, 0x19, 0x29, 0x13, 0x19, 0x29, 0x13, 0x19, 0x29, 0x13, 0x19, 0x29, 0x13, 0x19, 0x29, 0x13, 0x19, 0x29, 0x13, 0x19, 0x29, 0x13, 0x19, 0x29, 0x13, 0x19, 0x29, 0x13, 0x19, 0x29, 0x13, 0x19, 0x29, 
        0x13, 0x19, 0x29, 0x13, 0x19, 0x29, 0x13, 0x19, 0x29, 0x13, 0x19, 0x29, 0x13, 0x19, 0x29, 0x13, 0x19, 0x29, 0x13, 0x19, 0x29, 0x13, 0x19, 0x29, 0x13, 0x19, 0x29, 0x13, 0x19, 0x29, 0x13, 0x19, 0x29, 0x13, 0x19, 0x29, 0x13, 0x19, 0x29, 
        0x13, 0x19, 0x29, 0x13, 0x19, 0x29, 0x13, 0x19, 0x29, 0x13, 0x19, 0x29, 0x13, 0x19, 0x29, 0x13, 0x19, 0x29, 0x13, 0x19, 0x29, 0x13, 0x19, 0x29, 0x13, 0x19, 0x29, 0x13, 0x19, 0x29, 0x13, 0x19, 0x29, 0x13, 0x19, 0x29, 0x13, 0x19, 0x29, 
        0x13, 0x19, 0x29, 0x13, 0x19, 0x29, 0x13, 0x19, 0x29, 0x13, 0x19, 0x29, 0x13, 0x19, 0x29, 0x13, 0x19, 0x29, 0x13, 0x19, 0x29, 0x13, 0x19, 0x29, 0x13, 0x19, 0x29, 0x13, 0x19, 0x29, 0x13, 0x19, 0x29, 0x13, 0x19, 0x29, 0x13, 0x19, 0x29, 
        0x13, 0x19, 0x29, 0x13, 0x19, 0x29, 0x13, 0x19, 0x29, 0x13, 0x19, 0x29,
  0x13, 0x19, 0x29, 0x13, 0x19, 0x29, 0x13, 0x19, 0x29, 0x13, 0x19, 0x29, 0x13, 0x19, 0x29, 0x13, 0x19, 0x29, 0x13, 0x19, 0x29, 0x13, 0x19, 0x29, 0x13, 0x19, 0x29, 0x13, 0x19, 0x29, 0x13, 0x19, 0x29, 0x13, 0x19, 0x29, 0x13, 0x19, 0x29, 0x13, 0x19, 0x29, 
        0x13, 0x19, 0x29, 0x13, 0x19, 0x29, 0x13, 0x19, 0x29, 0x13, 0x19, 0x29, 0x13, 0x19, 0x29, 0x13, 0x19, 0x29, 0x13, 0x19, 0x29, 0x13, 0x19, 0x29, 0x13, 0x19, 0x29, 0x13, 0x19, 0x29, 0x13, 0x19, 0x29, 0x13, 0x19, 0x29, 0x13, 0x19, 0x29, 
        0x13, 0x19, 0x29, 0x13, 0x19, 0x29, 0x13, 0x19, 0x29, 0x13, 0x19, 0x29, 0x13, 0x19, 0x29, 0x13, 0x19, 0x29, 0x13, 0x19, 0x29, 0x13, 0x19, 0x29, 0x13, 0x19, 0x29, 0x13, 0x19, 0x29, 0x13, 0x19, 0x29, 0x13, 0x19, 0x29, 0x13, 0x19, 0x29, 
        0x13, 0x19, 0x29, 0x13, 0x19, 0x29, 0x13, 0x19, 0x29, 0x13, 0x19, 0x29, 0x13, 0x19, 0x29, 0x13, 0x19, 0x29, 0x13, 0x19, 0x29, 0x13, 0x19, 0x29, 0x13, 0x19, 0x29, 0x13, 0x19, 0x29, 0x13, 0x19, 0x29, 0x13, 0x19, 0x29, 0x13, 0x19, 0x29, 
        0x13, 0x19, 0x29, 0x13, 0x19, 0x29, 0x13, 0x19, 0x29, 0x13, 0x19, 0x29, 0x13, 0x19, 0x29, 0x13, 0x19, 0x29, 0x13, 0x19, 0x29, 0x13, 0x19, 0x29, 0x13, 0x19, 0x29, 0x13, 0x19, 0x29, 0x13, 0x19, 0x29, 0x13, 0x19, 0x29, 0x13, 0x19, 0x29, 
        0x13, 0x19, 0x29, 0x13, 0x19, 0x29, 0x13, 0x19, 0x29, 0x13, 0x19, 0x29, 0x13, 0x19, 0x29, 0x13, 0x19, 0x29, 0x13, 0x19, 0x29, 0x13, 0x19, 0x29, 0x13, 0x19, 0x29, 0x13, 0x19, 0x29, 0x13, 0x19, 0x29, 0x13, 0x19, 0x29, 0x13, 0x19, 0x29, 
        0x13, 0x19, 0x29, 0x13, 0x19, 0x29, 0x13, 0x19, 0x29, 0x13, 0x19, 0x29, 0x13, 0x19, 0x29, 0x13, 0x19, 0x29, 0x13, 0x19, 0x29, 0x13, 0x19, 0x29, 0x13, 0x19, 0x29, 0x13, 0x19, 0x29, 0x13, 0x19, 0x29, 0x13, 0x19, 0x29, 0x13, 0x19, 0x29, 
        0x13, 0x19, 0x29, 0x13, 0x1D, 0x2D, 0x1A, 0x4D, 0x5F, 0x20, 0x7E, 0x91, 0x26, 0xA4, 0xBA, 0x2A, 0xC3, 0xD9, 0x2C, 0xD5, 0xEC, 0x2D, 0xD7, 0xEE, 0x2D, 0xD7, 0xEE, 0x2C, 0xD5, 0xEC, 0x2A, 0xC3, 0xD9, 0x26, 0xA4, 0xBA, 0x20, 0x7E, 0x91, 
        0x1A, 0x4D, 0x5F, 0x13, 0x1D, 0x2D, 0x13, 0x19, 0x29, 0x13, 0x19, 0x29, 0x13, 0x19, 0x29, 0x13, 0x19, 0x29, 0x13, 0x19, 0x29, 0x13, 0x19, 0x29, 0x13, 0x19, 0x29, 0x13, 0x19, 0x29, 0x13, 0x19, 0x29, 0x13, 0x19, 0x29, 0x13, 0x19, 0x29, 
        0x13, 0x19, 0x29, 0x13, 0x19, 0x29, 0x13, 0x19, 0x29, 0x13, 0x19, 0x29, 0x13, 0x19, 0x29, 0x13, 0x19, 0x29, 0x13, 0x19, 0x29, 0x13, 0x19, 0x29, 0x13, 0x19, 0x29, 0x13, 0x19, 0x29, 0x13, 0x19, 0x29, 0x13, 0x19, 0x29, 0x13, 0x19, 0x29, 
        0x13, 0x19, 0x29, 0x13, 0x19, 0x29, 0x13, 0x19, 0x29, 0x13, 0x19, 0x29, 0x13, 0x19, 0x29, 0x13, 0x19, 0x29, 0x13, 0x19, 0x29, 0x13, 0x19, 0x29, 0x13, 0x19, 0x29, 0x13, 0x19, 0x29, 0x13, 0x19, 0x29, 0x13, 0x19, 0x29, 0x13, 0x19, 0x29, 
        0x13, 0x19, 0x29, 0x13, 0x19, 0x29, 0x13, 0x19, 0x29, 0x13, 0x19, 0x29, 0x13, 0x19, 0x29, 0x13, 0x19, 0x29, 0x13, 0x19, 0x29, 0x13, 0x19, 0x29, 0x13, 0x19, 0x29, 0x13, 0x19, 0x29, 0x13, 0x19, 0x29, 0x13, 0x19, 0x29, 0x13, 0x19, 0x29, 
        0x13, 0x19, 0x29, 0x13, 0x19, 0x29, 0x13, 0x19, 0x29, 0x13, 0x19, 0x29, 0x13, 0x19, 0x29, 0x13, 0x19, 0x29, 0x13, 0x19, 0x29, 0x13, 0x19, 0x29, 0x13, 0x19, 0x29, 0x13, 0x19, 0x29, 0x13, 0x19, 0x29, 0x13, 0x19, 0x29, 0x13, 0x19, 0x29, 
        0x13, 0x19, 0x29, 0x13, 0x19, 0x29, 0x13, 0x19, 0x29, 0x13, 0x19, 0x29, 0x13, 0x19, 0x29, 0x13, 0x19, 0x29, 0x13, 0x19, 0x29, 0x13, 0x19, 0x29, 0x13, 0x19, 0x29, 0x13, 0x19, 0x29, 0x13, 0x19, 0x29, 0x13, 0x19, 0x29, 0x13, 0x19, 0x29, 
        0x13, 0x19, 0x29, 0x13, 0x19, 0x29, 0x13, 0x19, 0x29, 0x13, 0x19, 0x29, 0x13, 0x19, 0x29, 0x13, 0x19, 0x29, 0x13, 0x19, 0x29, 0x13, 0x19, 0x29, 0x13, 0x19, 0x29, 0x13, 0x19, 0x29, 0x13, 0x19, 0x29, 0x13, 0x19, 0x29, 0x13, 0x19, 0x29, 
        0x13, 0x19, 0x29, 0x13, 0x19, 0x29, 0x13, 0x19, 0x29, 0x13, 0x19, 0x29,
  0x13, 0x19, 0x29, 0x13, 0x19, 0x29, 0x13, 0x19, 0x29, 0x13, 0x19, 0x29, 0x13, 0x19, 0x29, 0x13, 0x19, 0x29, 0x13, 0x19, 0x29, 0x13, 0x19, 0x29, 0x13, 0x19, 0x29, 0x13, 0x19, 0x29, 0x13, 0x19, 0x29, 0x13, 0x19, 0x29, 0x13, 0x19, 0x29, 0x13, 0x19, 0x29, 
        0x13, 0x19, 0x29, 0x13, 0x19, 0x29, 0x13, 0x19, 0x29, 0x13, 0x19, 0x29, 0x13, 0x19, 0x29, 0x13, 0x19, 0x29, 0x13, 0x19, 0x29, 0x13, 0x19, 0x29, 0x13, 0x19, 0x29, 0x13, 0x19, 0x29, 0x13, 0x19, 0x29, 0x13, 0x19, 0x29, 0x13, 0x19, 0x29, 
        0x13, 0x19, 0x29, 0x13, 0x19, 0x29, 0x13, 0x19, 0x29, 0x13, 0x19, 0x29, 0x13, 0x19, 0x29, 0x13, 0x19, 0x29, 0x13, 0x19, 0x29, 0x13, 0x19, 0x29, 0x13, 0x19, 0x29, 0x13, 0x19, 0x29, 0x13, 0x19, 0x29, 0x13, 0x19, 0x29, 0x13, 0x19, 0x29, 
        0x13, 0x19, 0x29, 0x13, 0x19, 0x29, 0x13, 0x19, 0x29, 0x13, 0x19, 0x29, 0x13, 0x19, 0x29, 0x13, 0x19, 0x29, 0x13, 0x19, 0x29, 0x13, 0x19, 0x29, 0x13, 0x19, 0x29, 0x13, 0x19, 0x29, 0x13, 0x19, 0x29, 0x13, 0x19, 0x29, 0x13, 0x19, 0x29, 
        0x13, 0x19, 0x29, 0x13, 0x19, 0x29, 0x13, 0x19, 0x29, 0x13, 0x19, 0x29, 0x13, 0x19, 0x29, 0x13, 0x19, 0x29, 0x13, 0x19, 0x29, 0x13, 0x19, 0x29, 0x13, 0x19, 0x29, 0x13, 0x19, 0x29, 0x13, 0x19, 0x29, 0x13, 0x19, 0x29, 0x13, 0x19, 0x29, 
        0x13, 0x19, 0x29, 0x13, 0x19, 0x29, 0x13, 0x19, 0x29, 0x13, 0x19, 0x29, 0x13, 0x19, 0x29, 0x13, 0x19, 0x29, 0x13, 0x19, 0x29, 0x13, 0x19, 0x29, 0x13, 0x19, 0x29, 0x13, 0x19, 0x29, 0x13, 0x19, 0x29, 0x13, 0x19, 0x29, 0x13, 0x19, 0x29, 
        0x13, 0x19, 0x29, 0x13, 0x19, 0x29, 0x13, 0x19, 0x29, 0x13, 0x19, 0x29, 0x13, 0x19, 0x29, 0x13, 0x19, 0x29, 0x13, 0x19, 0x29, 0x13, 0x19, 0x29, 0x13, 0x19, 0x29, 0x13, 0x19, 0x29, 0x13, 0x19, 0x29, 0x13, 0x19, 0x29, 0x13, 0x19, 0x29, 
        0x13, 0x19, 0x29, 0x13, 0x19, 0x29, 0x13, 0x19, 0x29, 0x13, 0x19, 0x29, 0x13, 0x19, 0x29, 0x13, 0x19, 0x29, 0x13, 0x19, 0x29, 0x14, 0x20, 0x30, 0x14, 0x20, 0x30, 0x13, 0x19, 0x29, 0x13, 0x19, 0x29, 0x13, 0x19, 0x29, 0x13, 0x19, 0x29, 
        0x13, 0x19, 0x29, 0x13, 0x19, 0x29, 0x13, 0x19, 0x29, 0x13, 0x19, 0x29, 0x13, 0x19, 0x29, 0x13, 0x19, 0x29, 0x13, 0x19, 0x29, 0x13, 0x19, 0x29, 0x13, 0x19, 0x29, 0x13, 0x19, 0x29, 0x13, 0x19, 0x29, 0x13, 0x19, 0x29, 0x13, 0x19, 0x29, 
        0x13, 0x19, 0x29, 0x13, 0x19, 0x29, 0x13, 0x19, 0x29, 0x13, 0x19, 0x29, 0x13, 0x19, 0x29, 0x13, 0x19, 0x29, 0x13, 0x19, 0x29, 0x13, 0x19, 0x29, 0x13, 0x19, 0x29, 0x13, 0x19, 0x29, 0x13, 0x19, 0x29, 0x13, 0x19, 0x29, 0x13, 0x19, 0x29, 
        0x13, 0x19, 0x29, 0x13, 0x19, 0x29, 0x13, 0x19, 0x29, 0x13, 0x19, 0x29, 0x13, 0x19, 0x29, 0x13, 0x19, 0x29, 0x13, 0x19, 0x29, 0x13, 0x19, 0x29, 0x13, 0x19, 0x29, 0x13, 0x19, 0x29, 0x13, 0x19, 0x29, 0x13, 0x19, 0x29, 0x13, 0x19, 0x29, 
        0x13, 0x19, 0x29, 0x13, 0x19, 0x29, 0x13, 0x19, 0x29, 0x13, 0x19, 0x29, 0x13, 0x19, 0x29, 0x13, 0x19, 0x29, 0x13, 0x19, 0x29, 0x13, 0x19, 0x29, 0x13, 0x19, 0x29, 0x13, 0x19, 0x29, 0x13, 0x19, 0x29, 0x13, 0x19, 0x29, 0x13, 0x19, 0x29, 
        0x13, 0x19, 0x29, 0x13, 0x19, 0x29, 0x13, 0x19, 0x29, 0x13, 0x19, 0x29, 0x13, 0x19, 0x29, 0x13, 0x19, 0x29, 0x13, 0x19, 0x29, 0x13, 0x19, 0x29, 0x13, 0x19, 0x29, 0x13, 0x19, 0x29, 0x13, 0x19, 0x29, 0x13, 0x19, 0x29, 0x13, 0x19, 0x29, 
        0x13, 0x19, 0x29, 0x13, 0x19, 0x29, 0x13, 0x19, 0x29, 0x13, 0x19, 0x29, 0x13, 0x19, 0x29, 0x13, 0x19, 0x29, 0x13, 0x19, 0x29, 0x13, 0x19, 0x29, 0x13, 0x19, 0x29, 0x13, 0x19, 0x29, 0x13, 0x19, 0x29, 0x13, 0x19, 0x29, 0x13, 0x19, 0x29, 
        0x13, 0x19, 0x29, 0x13, 0x19, 0x29, 0x13, 0x19, 0x29, 0x13, 0x19, 0x29, 0x13, 0x19, 0x29, 0x13, 0x19, 0x29, 0x13, 0x19, 0x29, 0x13, 0x19, 0x29, 0x13, 0x19, 0x29, 0x13, 0x19, 0x29, 0x13, 0x19, 0x29, 0x13, 0x19, 0x29, 0x13, 0x19, 0x29, 
        0x13, 0x19, 0x29, 0x13, 0x19, 0x29, 0x13, 0x19, 0x29, 0x13, 0x19, 0x29,
  0x13, 0x19, 0x29, 0x13, 0x19, 0x29, 0x13, 0x19, 0x29, 0x13, 0x19, 0x29, 0x13, 0x19, 0x29, 0x13, 0x19, 0x29, 0x13, 0x19, 0x29, 0x13, 0x19, 0x29, 0x13, 0x19, 0x29, 0x13, 0x19, 0x29, 0x13, 0x19, 0x29, 0x13, 0x19, 0x29, 0x13, 0x19, 0x29, 0x13, 0x19, 0x29, 
        0x13, 0x19, 0x29, 0x13, 0x19, 0x29, 0x13, 0x19, 0x29, 0x13, 0x19, 0x29, 0x13, 0x19, 0x29, 0x13, 0x19, 0x29, 0x13, 0x19, 0x29, 0x13, 0x19, 0x29, 0x13, 0x19, 0x29, 0x13, 0x19, 0x29, 0x13, 0x19, 0x29, 0x13, 0x19, 0x29, 0x13, 0x19, 0x29, 
        0x13, 0x19, 0x29, 0x13, 0x19, 0x29, 0x13, 0x19, 0x29, 0x13, 0x19, 0x29, 0x13, 0x19, 0x29, 0x13, 0x19, 0x29, 0x13, 0x19, 0x29, 0x13, 0x19, 0x29, 0x13, 0x19, 0x29, 0x13, 0x19, 0x29, 0x13, 0x19, 0x29, 0x13, 0x19, 0x29, 0x13, 0x19, 0x29, 
        0x13, 0x19, 0x29, 0x13, 0x19, 0x29, 0x13, 0x19, 0x29, 0x13, 0x19, 0x29, 0x13, 0x19, 0x29, 0x13, 0x19, 0x29, 0x13, 0x19, 0x29, 0x13, 0x19, 0x29, 0x13, 0x19, 0x29, 0x13, 0x19, 0x29, 0x13, 0x19, 0x29, 0x13, 0x19, 0x29, 0x13, 0x19, 0x29, 
        0x13, 0x19, 0x29, 0x13, 0x19, 0x29, 0x13, 0x19, 0x29, 0x13, 0x19, 0x29, 0x13, 0x19, 0x29, 0x13, 0x19, 0x29, 0x13, 0x19, 0x29, 0x13, 0x19, 0x29, 0x13, 0x19, 0x29, 0x13, 0x19, 0x29, 0x13, 0x19, 0x29, 0x13, 0x19, 0x29, 0x13, 0x19, 0x29, 
        0x13, 0x19, 0x29, 0x13, 0x19, 0x29, 0x13, 0x19, 0x29, 0x13, 0x19, 0x29, 0x13, 0x19, 0x29, 0x13, 0x19, 0x29, 0x13, 0x19, 0x29, 0x13, 0x19, 0x29, 0x13, 0x19, 0x29, 0x13, 0x19, 0x29, 0x13, 0x19, 0x29, 0x13, 0x19, 0x29, 0x13, 0x19, 0x29, 
        0x13, 0x19, 0x29, 0x13, 0x19, 0x29, 0x13, 0x19, 0x29, 0x13, 0x19, 0x29, 0x13, 0x19, 0x29, 0x13, 0x19, 0x29, 0x13, 0x19, 0x29, 0x13, 0x19, 0x29, 0x13, 0x19, 0x29, 0x13, 0x19, 0x29, 0x13, 0x19, 0x29, 0x13, 0x19, 0x29, 0x13, 0x19, 0x29, 
        0x13, 0x19, 0x29, 0x13, 0x19, 0x29, 0x13, 0x19, 0x29, 0x13, 0x19, 0x29, 0x13, 0x19, 0x29, 0x13, 0x19, 0x29, 0x13, 0x19, 0x29, 0x13, 0x19, 0x29, 0x13, 0x19, 0x29, 0x13, 0x19, 0x29, 0x13, 0x19, 0x29, 0x13, 0x19, 0x29, 0x13, 0x19, 0x29, 
        0x13, 0x19, 0x29, 0x13, 0x19, 0x29, 0x13, 0x19, 0x29, 0x13, 0x19, 0x29, 0x13, 0x19, 0x29, 0x13, 0x19, 0x29, 0x13, 0x19, 0x29, 0x13, 0x19, 0x29, 0x13, 0x19, 0x29, 0x13, 0x19, 0x29, 0x13, 0x19, 0x29, 0x13, 0x19, 0x29, 0x13, 0x19, 0x29, 
        0x13, 0x19, 0x29, 0x13, 0x19, 0x29, 0x13, 0x19, 0x29, 0x13, 0x19, 0x29, 0x13, 0x19, 0x29, 0x13, 0x19, 0x29, 0x13, 0x19, 0x29, 0x13, 0x19, 0x29, 0x13, 0x19, 0x29, 0x13, 0x19, 0x29, 0x13, 0x19, 0x29, 0x13, 0x19, 0x29, 0x13, 0x19, 0x29, 
        0x13, 0x19, 0x29, 0x13, 0x19, 0x29, 0x13, 0x19, 0x29, 0x13, 0x19, 0x29, 0x13, 0x19, 0x29, 0x13, 0x19, 0x29, 0x13, 0x19, 0x29, 0x13, 0x19, 0x29, 0x13, 0x19, 0x29, 0x13, 0x19, 0x29, 0x13, 0x19, 0x29, 0x13, 0x19, 0x29, 0x13, 0x19, 0x29, 
        0x13, 0x19, 0x29, 0x13, 0x19, 0x29, 0x13, 0x19, 0x29, 0x13, 0x19, 0x29, 0x13, 0x19, 0x29, 0x13, 0x19, 0x29, 0x13, 0x19, 0x29, 0x13, 0x19, 0x29, 0x13, 0x19, 0x29, 0x13, 0x19, 0x29, 0x13, 0x19, 0x29, 0x13, 0x19, 0x29, 0x13, 0x19, 0x29, 
        0x13, 0x19, 0x29, 0x13, 0x19, 0x29, 0x13, 0x19, 0x29, 0x13, 0x19, 0x29, 0x13, 0x19, 0x29, 0x13, 0x19, 0x29, 0x13, 0x19, 0x29, 0x13, 0x19, 0x29, 0x13, 0x19, 0x29, 0x13, 0x19, 0x29, 0x13, 0x19, 0x29, 0x13, 0x19, 0x29, 0x13, 0x19, 0x29, 
        0x13, 0x19, 0x29, 0x13, 0x19, 0x29, 0x13, 0x19, 0x29, 0x13, 0x19, 0x29, 0x13, 0x19, 0x29, 0x13, 0x19, 0x29, 0x13, 0x19, 0x29, 0x13, 0x19, 0x29, 0x13, 0x19, 0x29, 0x13, 0x19, 0x29, 0x13, 0x19, 0x29, 0x13, 0x19, 0x29, 0x13, 0x19, 0x29, 
        0x13, 0x19, 0x29, 0x13, 0x19, 0x29, 0x13, 0x19, 0x29, 0x13, 0x19, 0x29, 0x13, 0x19, 0x29, 0x13, 0x19, 0x29, 0x13, 0x19, 0x29, 0x13, 0x19, 0x29, 0x13, 0x19, 0x29, 0x13, 0x19, 0x29, 0x13, 0x19, 0x29, 0x13, 0x19, 0x29, 0x13, 0x19, 0x29, 
        0x13, 0x19, 0x29, 0x13, 0x19, 0x29, 0x13, 0x19, 0x29, 0x13, 0x19, 0x29,
  0x13, 0x19, 0x29, 0x13, 0x19, 0x29, 0x13, 0x19, 0x29, 0x13, 0x19, 0x29, 0x13, 0x19, 0x29, 0x13, 0x19, 0x29, 0x13, 0x19, 0x29, 0x13, 0x19, 0x29, 0x13, 0x19, 0x29, 0x13, 0x19, 0x29, 0x13, 0x19, 0x29, 0x13, 0x19, 0x29, 0x13, 0x19, 0x29, 0x13, 0x19, 0x29, 
        0x13, 0x19, 0x29, 0x13, 0x19, 0x29, 0x13, 0x19, 0x29, 0x13, 0x19, 0x29, 0x13, 0x19, 0x29, 0x13, 0x19, 0x29, 0x13, 0x19, 0x29, 0x13, 0x19, 0x29, 0x13, 0x19, 0x29, 0x13, 0x19, 0x29, 0x13, 0x19, 0x29, 0x13, 0x19, 0x29, 0x13, 0x19, 0x29, 
        0x13, 0x19, 0x29, 0x13, 0x19, 0x29, 0x13, 0x19, 0x29, 0x13, 0x19, 0x29, 0x13, 0x19, 0x29, 0x13, 0x19, 0x29, 0x13, 0x19, 0x29, 0x13, 0x19, 0x29, 0x13, 0x19, 0x29, 0x13, 0x19, 0x29, 0x13, 0x19, 0x29, 0x13, 0x19, 0x29, 0x13, 0x19, 0x29, 
        0x13, 0x19, 0x29, 0x13, 0x19, 0x29, 0x13, 0x19, 0x29, 0x13, 0x19, 0x29, 0x13, 0x19, 0x29, 0x13, 0x19, 0x29, 0x13, 0x19, 0x29, 0x13, 0x19, 0x29, 0x13, 0x19, 0x29, 0x13, 0x19, 0x29, 0x13, 0x19, 0x29, 0x13, 0x19, 0x29, 0x13, 0x19, 0x29, 
        0x13, 0x19, 0x29, 0x13, 0x19, 0x29, 0x13, 0x19, 0x29, 0x13, 0x19, 0x29, 0x13, 0x19, 0x29, 0x13, 0x19, 0x29, 0x13, 0x19, 0x29, 0x13, 0x19, 0x29, 0x13, 0x19, 0x29, 0x13, 0x19, 0x29, 0x13, 0x19, 0x29, 0x13, 0x19, 0x29, 0x13, 0x19, 0x29, 
        0x13, 0x19, 0x29, 0x13, 0x19, 0x29, 0x13, 0x19, 0x29, 0x13, 0x19, 0x29, 0x13, 0x19, 0x29, 0x13, 0x19, 0x29, 0x13, 0x19, 0x29, 0x13, 0x19, 0x29, 0x13, 0x19, 0x29, 0x13, 0x19, 0x29, 0x13, 0x19, 0x29, 0x13, 0x19, 0x29, 0x13, 0x19, 0x29, 
        0x13, 0x19, 0x29, 0x13, 0x19, 0x29, 0x13, 0x19, 0x29, 0x13, 0x19, 0x29, 0x13, 0x19, 0x29, 0x13, 0x19, 0x29, 0x13, 0x19, 0x29, 0x13, 0x19, 0x29, 0x13, 0x19, 0x29, 0x13, 0x19, 0x29, 0x13, 0x19, 0x29, 0x13, 0x19, 0x29, 0x13, 0x19, 0x29, 
        0x13, 0x19, 0x29, 0x13, 0x19, 0x29, 0x13, 0x19, 0x29, 0x13, 0x19, 0x29, 0x13, 0x19, 0x29, 0x13, 0x19, 0x29, 0x13, 0x19, 0x29, 0x13, 0x19, 0x29, 0x13, 0x19, 0x29, 0x13, 0x19, 0x29, 0x13, 0x19, 0x29, 0x13, 0x19, 0x29, 0x13, 0x19, 0x29, 
        0x13, 0x19, 0x29, 0x13, 0x19, 0x29, 0x13, 0x19, 0x29, 0x13, 0x19, 0x29, 0x13, 0x19, 0x29, 0x13, 0x19, 0x29, 0x13, 0x19, 0x29, 0x13, 0x19, 0x29, 0x13, 0x19, 0x29, 0x13, 0x19, 0x29, 0x13, 0x19, 0x29, 0x13, 0x19, 0x29, 0x13, 0x19, 0x29, 
        0x13, 0x19, 0x29, 0x13, 0x19, 0x29, 0x13, 0x19, 0x29, 0x13, 0x19, 0x29, 0x13, 0x19, 0x29, 0x13, 0x19, 0x29, 0x13, 0x19, 0x29, 0x13, 0x19, 0x29, 0x13, 0x19, 0x29, 0x13, 0x19, 0x29, 0x13, 0x19, 0x29, 0x13, 0x19, 0x29, 0x13, 0x19, 0x29, 
        0x13, 0x19, 0x29, 0x13, 0x19, 0x29, 0x13, 0x19, 0x29, 0x13, 0x19, 0x29, 0x13, 0x19, 0x29, 0x13, 0x19, 0x29, 0x13, 0x19, 0x29, 0x13, 0x19, 0x29, 0x13, 0x19, 0x29, 0x13, 0x19, 0x29, 0x13, 0x19, 0x29, 0x13, 0x19, 0x29, 0x13, 0x19, 0x29, 
        0x13, 0x19, 0x29, 0x13, 0x19, 0x29, 0x13, 0x19, 0x29, 0x13, 0x19, 0x29, 0x13, 0x19, 0x29, 0x13, 0x19, 0x29, 0x13, 0x19, 0x29, 0x13, 0x19, 0x29, 0x13, 0x19, 0x29, 0x13, 0x19, 0x29, 0x13, 0x19, 0x29, 0x13, 0x19, 0x29, 0x13, 0x19, 0x29, 
        0x13, 0x19, 0x29, 0x13, 0x19, 0x29, 0x13, 0x19, 0x29, 0x13, 0x19, 0x29, 0x13, 0x19, 0x29, 0x13, 0x19, 0x29, 0x13, 0x19, 0x29, 0x13, 0x19, 0x29, 0x13, 0x19, 0x29, 0x13, 0x19, 0x29, 0x13, 0x19, 0x29, 0x13, 0x19, 0x29, 0x13, 0x19, 0x29, 
        0x13, 0x19, 0x29, 0x13, 0x19, 0x29, 0x13, 0x19, 0x29, 0x13, 0x19, 0x29, 0x13, 0x19, 0x29, 0x13, 0x19, 0x29, 0x13, 0x19, 0x29, 0x13, 0x19, 0x29, 0x13, 0x19, 0x29, 0x13, 0x19, 0x29, 0x13, 0x19, 0x29, 0x13, 0x19, 0x29, 0x13, 0x19, 0x29, 
        0x13, 0x19, 0x29, 0x13, 0x19, 0x29, 0x13, 0x19, 0x29, 0x13, 0x19, 0x29, 0x13, 0x19, 0x29, 0x13, 0x19, 0x29, 0x13, 0x19, 0x29, 0x13, 0x19, 0x29, 0x13, 0x19, 0x29, 0x13, 0x19, 0x29, 0x13, 0x19, 0x29, 0x13, 0x19, 0x29, 0x13, 0x19, 0x29, 
        0x13, 0x19, 0x29, 0x13, 0x19, 0x29, 0x13, 0x19, 0x29, 0x13, 0x19, 0x29,
  0x13, 0x19, 0x29, 0x13, 0x19, 0x29, 0x13, 0x19, 0x29, 0x13, 0x19, 0x29, 0x13, 0x19, 0x29, 0x13, 0x19, 0x29, 0x13, 0x19, 0x29, 0x13, 0x19, 0x29, 0x13, 0x19, 0x29, 0x13, 0x19, 0x29, 0x13, 0x19, 0x29, 0x13, 0x19, 0x29, 0x13, 0x19, 0x29, 0x13, 0x19, 0x29, 
        0x13, 0x19, 0x29, 0x13, 0x19, 0x29, 0x13, 0x19, 0x29, 0x13, 0x19, 0x29, 0x13, 0x19, 0x29, 0x13, 0x19, 0x29, 0x13, 0x19, 0x29, 0x13, 0x19, 0x29, 0x13, 0x19, 0x29, 0x13, 0x19, 0x29, 0x13, 0x19, 0x29, 0x13, 0x19, 0x29, 0x13, 0x19, 0x29, 
        0x13, 0x19, 0x29, 0x13, 0x19, 0x29, 0x13, 0x19, 0x29, 0x13, 0x19, 0x29, 0x13, 0x19, 0x29, 0x13, 0x19, 0x29, 0x13, 0x19, 0x29, 0x13, 0x19, 0x29, 0x13, 0x19, 0x29, 0x13, 0x19, 0x29, 0x13, 0x19, 0x29, 0x13, 0x19, 0x29, 0x13, 0x19, 0x29, 
        0x13, 0x19, 0x29, 0x13, 0x19, 0x29, 0x13, 0x19, 0x29, 0x13, 0x19, 0x29, 0x13, 0x19, 0x29, 0x13, 0x19, 0x29, 0x13, 0x19, 0x29, 0x13, 0x19, 0x29, 0x13, 0x19, 0x29, 0x13, 0x19, 0x29, 0x13, 0x19, 0x29, 0x13, 0x19, 0x29, 0x13, 0x19, 0x29, 
        0x13, 0x19, 0x29, 0x13, 0x19, 0x29, 0x13, 0x19, 0x29, 0x13, 0x19, 0x29, 0x13, 0x19, 0x29, 0x13, 0x19, 0x29, 0x13, 0x19, 0x29, 0x13, 0x19, 0x29, 0x13, 0x19, 0x29, 0x13, 0x19, 0x29, 0x13, 0x19, 0x29, 0x13, 0x19, 0x29, 0x13, 0x19, 0x29, 
        0x13, 0x19, 0x29, 0x13, 0x19, 0x29, 0x13, 0x19, 0x29, 0x13, 0x19, 0x29, 0x13, 0x19, 0x29, 0x13, 0x19, 0x29, 0x13, 0x19, 0x29, 0x13, 0x19, 0x29, 0x13, 0x19, 0x29, 0x13, 0x19, 0x29, 0x13, 0x19, 0x29, 0x13, 0x19, 0x29, 0x13, 0x19, 0x29, 
        0x13, 0x19, 0x29, 0x13, 0x19, 0x29, 0x13, 0x19, 0x29, 0x13, 0x19, 0x29, 0x13, 0x19, 0x29, 0x13, 0x19, 0x29, 0x13, 0x19, 0x29, 0x13, 0x19, 0x29, 0x13, 0x19, 0x29, 0x13, 0x19, 0x29, 0x13, 0x19, 0x29, 0x13, 0x19, 0x29, 0x13, 0x19, 0x29, 
        0x13, 0x19, 0x29, 0x13, 0x19, 0x29, 0x13, 0x19, 0x29, 0x13, 0x19, 0x29, 0x13, 0x19, 0x29, 0x13, 0x19, 0x29, 0x13, 0x19, 0x29, 0x13, 0x19, 0x29, 0x13, 0x19, 0x29, 0x13, 0x19, 0x29, 0x13, 0x19, 0x29, 0x13, 0x19, 0x29, 0x13, 0x19, 0x29, 
        0x13, 0x19, 0x29, 0x13, 0x19, 0x29, 0x13, 0x19, 0x29, 0x13, 0x19, 0x29, 0x13, 0x19, 0x29, 0x13, 0x19, 0x29, 0x13, 0x19, 0x29, 0x13, 0x19, 0x29, 0x13, 0x19, 0x29, 0x13, 0x19, 0x29, 0x13, 0x19, 0x29, 0x13, 0x19, 0x29, 0x13, 0x19, 0x29, 
        0x13, 0x19, 0x29, 0x13, 0x19, 0x29, 0x13, 0x19, 0x29, 0x13, 0x19, 0x29, 0x13, 0x19, 0x29, 0x13, 0x19, 0x29, 0x13, 0x19, 0x29, 0x13, 0x19, 0x29, 0x13, 0x19, 0x29, 0x13, 0x19, 0x29, 0x13, 0x19, 0x29, 0x13, 0x19, 0x29, 0x13, 0x19, 0x29, 
        0x13, 0x19, 0x29, 0x13, 0x19, 0x29, 0x13, 0x19, 0x29, 0x13, 0x19, 0x29, 0x13, 0x19, 0x29, 0x13, 0x19, 0x29, 0x13, 0x19, 0x29, 0x13, 0x19, 0x29, 0x13, 0x19, 0x29, 0x13, 0x19, 0x29, 0x13, 0x19, 0x29, 0x13, 0x19, 0x29, 0x13, 0x19, 0x29, 
        0x13, 0x19, 0x29, 0x13, 0x19, 0x29, 0x13, 0x19, 0x29, 0x13, 0x19, 0x29, 0x13, 0x19, 0x29, 0x13, 0x19, 0x29, 0x13, 0x19, 0x29, 0x13, 0x19, 0x29, 0x13, 0x19, 0x29, 0x13, 0x19, 0x29, 0x13, 0x19, 0x29, 0x13, 0x19, 0x29, 0x13, 0x19, 0x29, 
        0x13, 0x19, 0x29, 0x13, 0x19, 0x29, 0x13, 0x19, 0x29, 0x13, 0x19, 0x29, 0x13, 0x19, 0x29, 0x13, 0x19, 0x29, 0x13, 0x19, 0x29, 0x13, 0x19, 0x29, 0x13, 0x19, 0x29, 0x13, 0x19, 0x29, 0x13, 0x19, 0x29, 0x13, 0x19, 0x29, 0x13, 0x19, 0x29, 
        0x13, 0x19, 0x29, 0x13, 0x19, 0x29, 0x13, 0x19, 0x29, 0x13, 0x19, 0x29, 0x13, 0x19, 0x29, 0x13, 0x19, 0x29, 0x13, 0x19, 0x29, 0x13, 0x19, 0x29, 0x13, 0x19, 0x29, 0x13, 0x19, 0x29, 0x13, 0x19, 0x29, 0x13, 0x19, 0x29, 0x13, 0x19, 0x29, 
        0x13, 0x19, 0x29, 0x13, 0x19, 0x29, 0x13, 0x19, 0x29, 0x13, 0x19, 0x29, 0x13, 0x19, 0x29, 0x13, 0x19, 0x29, 0x13, 0x19, 0x29, 0x13, 0x19, 0x29, 0x13, 0x19, 0x29, 0x13, 0x19, 0x29, 0x13, 0x19, 0x29, 0x13, 0x19, 0x29, 0x13, 0x19, 0x29, 
        0x13, 0x19, 0x29, 0x13, 0x19, 0x29, 0x13, 0x19, 0x29, 0x13, 0x19, 0x29,
  0x13, 0x19, 0x29, 0x13, 0x19, 0x29, 0x13, 0x19, 0x29, 0x13, 0x19, 0x29, 0x13, 0x19, 0x29, 0x13, 0x19, 0x29, 0x13, 0x19, 0x29, 0x13, 0x19, 0x29, 0x13, 0x19, 0x29, 0x13, 0x19, 0x29, 0x13, 0x19, 0x29, 0x13, 0x19, 0x29, 0x13, 0x19, 0x29, 0x13, 0x19, 0x29, 
        0x13, 0x19, 0x29, 0x13, 0x19, 0x29, 0x13, 0x19, 0x29, 0x13, 0x19, 0x29, 0x13, 0x19, 0x29, 0x13, 0x19, 0x29, 0x13, 0x19, 0x29, 0x13, 0x19, 0x29, 0x13, 0x19, 0x29, 0x13, 0x19, 0x29, 0x13, 0x19, 0x29, 0x13, 0x19, 0x29, 0x13, 0x19, 0x29, 
        0x13, 0x19, 0x29, 0x13, 0x19, 0x29, 0x13, 0x19, 0x29, 0x13, 0x19, 0x29, 0x13, 0x19, 0x29, 0x13, 0x19, 0x29, 0x13, 0x19, 0x29, 0x13, 0x19, 0x29, 0x13, 0x19, 0x29, 0x13, 0x19, 0x29, 0x13, 0x19, 0x29, 0x13, 0x19, 0x29, 0x13, 0x19, 0x29, 
        0x13, 0x19, 0x29, 0x13, 0x19, 0x29, 0x13, 0x19, 0x29, 0x13, 0x19, 0x29, 0x13, 0x19, 0x29, 0x13, 0x19, 0x29, 0x13, 0x19, 0x29, 0x13, 0x19, 0x29, 0x13, 0x19, 0x29, 0x13, 0x19, 0x29, 0x13, 0x19, 0x29, 0x13, 0x19, 0x29, 0x13, 0x19, 0x29, 
        0x13, 0x19, 0x29, 0x13, 0x19, 0x29, 0x13, 0x19, 0x29, 0x13, 0x19, 0x29, 0x13, 0x19, 0x29, 0x13, 0x19, 0x29, 0x13, 0x19, 0x29, 0x13, 0x19, 0x29, 0x13, 0x19, 0x29, 0x13, 0x19, 0x29, 0x13, 0x19, 0x29, 0x13, 0x19, 0x29, 0x13, 0x19, 0x29, 
        0x13, 0x19, 0x29, 0x13, 0x19, 0x29, 0x13, 0x19, 0x29, 0x13, 0x19, 0x29, 0x13, 0x19, 0x29, 0x13, 0x19, 0x29, 0x13, 0x19, 0x29, 0x13, 0x19, 0x29, 0x13, 0x19, 0x29, 0x13, 0x19, 0x29, 0x13, 0x19, 0x29, 0x13, 0x19, 0x29, 0x13, 0x19, 0x29, 
        0x13, 0x19, 0x29, 0x13, 0x19, 0x29, 0x13, 0x19, 0x29, 0x13, 0x19, 0x29, 0x13, 0x19, 0x29, 0x13, 0x19, 0x29, 0x13, 0x19, 0x29, 0x13, 0x19, 0x29, 0x13, 0x19, 0x29, 0x13, 0x19, 0x29, 0x13, 0x19, 0x29, 0x13, 0x19, 0x29, 0x13, 0x19, 0x29, 
        0x13, 0x19, 0x29, 0x13, 0x19, 0x29, 0x13, 0x19, 0x29, 0x13, 0x19, 0x29, 0x13, 0x19, 0x29, 0x13, 0x19, 0x29, 0x13, 0x19, 0x29, 0x13, 0x19, 0x29, 0x13, 0x19, 0x29, 0x13, 0x19, 0x29, 0x13, 0x19, 0x29, 0x13, 0x19, 0x29, 0x13, 0x19, 0x29, 
        0x13, 0x19, 0x29, 0x13, 0x19, 0x29, 0x13, 0x19, 0x29, 0x13, 0x19, 0x29, 0x13, 0x19, 0x29, 0x13, 0x19, 0x29, 0x13, 0x19, 0x29, 0x13, 0x19, 0x29, 0x13, 0x19, 0x29, 0x13, 0x19, 0x29, 0x13, 0x19, 0x29, 0x13, 0x19, 0x29, 0x13, 0x19, 0x29, 
        0x13, 0x19, 0x29, 0x13, 0x19, 0x29, 0x13, 0x19, 0x29, 0x13, 0x19, 0x29, 0x13, 0x19, 0x29, 0x13, 0x19, 0x29, 0x13, 0x19, 0x29, 0x13, 0x19, 0x29, 0x13, 0x19, 0x29, 0x13, 0x19, 0x29, 0x13, 0x19, 0x29, 0x13, 0x19, 0x29, 0x13, 0x19, 0x29, 
        0x13, 0x19, 0x29, 0x13, 0x19, 0x29, 0x13, 0x19, 0x29, 0x13, 0x19, 0x29, 0x13, 0x19, 0x29, 0x13, 0x19, 0x29, 0x13, 0x19, 0x29, 0x13, 0x19, 0x29, 0x13, 0x19, 0x29, 0x13, 0x19, 0x29, 0x13, 0x19, 0x29, 0x13, 0x19, 0x29, 0x13, 0x19, 0x29, 
        0x13, 0x19, 0x29, 0x13, 0x19, 0x29, 0x13, 0x19, 0x29, 0x13, 0x19, 0x29, 0x13, 0x19, 0x29, 0x13, 0x19, 0x29, 0x13, 0x19, 0x29, 0x13, 0x19, 0x29, 0x13, 0x19, 0x29, 0x13, 0x19, 0x29, 0x13, 0x19, 0x29, 0x13, 0x19, 0x29, 0x13, 0x19, 0x29, 
        0x13, 0x19, 0x29, 0x13, 0x19, 0x29, 0x13, 0x19, 0x29, 0x13, 0x19, 0x29, 0x13, 0x19, 0x29, 0x13, 0x19, 0x29, 0x13, 0x19, 0x29, 0x13, 0x19, 0x29, 0x13, 0x19, 0x29, 0x13, 0x19, 0x29, 0x13, 0x19, 0x29, 0x13, 0x19, 0x29, 0x13, 0x19, 0x29, 
        0x13, 0x19, 0x29, 0x13, 0x19, 0x29, 0x13, 0x19, 0x29, 0x13, 0x19, 0x29, 0x13, 0x19, 0x29, 0x13, 0x19, 0x29, 0x13, 0x19, 0x29, 0x13, 0x19, 0x29, 0x13, 0x19, 0x29, 0x13, 0x19, 0x29, 0x13, 0x19, 0x29, 0x13, 0x19, 0x29, 0x13, 0x19, 0x29, 
        0x13, 0x19, 0x29, 0x13, 0x19, 0x29, 0x13, 0x19, 0x29, 0x13, 0x19, 0x29, 0x13, 0x19, 0x29, 0x13, 0x19, 0x29, 0x13, 0x19, 0x29, 0x13, 0x19, 0x29, 0x13, 0x19, 0x29, 0x13, 0x19, 0x29, 0x13, 0x19, 0x29, 0x13, 0x19, 0x29, 0x13, 0x19, 0x29, 
        0x13, 0x19, 0x29, 0x13, 0x19, 0x29, 0x13, 0x19, 0x29, 0x13, 0x19, 0x29,
  0x13, 0x19, 0x29, 0x13, 0x19, 0x29, 0x13, 0x19, 0x29, 0x13, 0x19, 0x29, 0x13, 0x19, 0x29, 0x13, 0x19, 0x29, 0x13, 0x19, 0x29, 0x13, 0x19, 0x29, 0x13, 0x19, 0x29, 0x13, 0x19, 0x29, 0x13, 0x19, 0x29, 0x13, 0x19, 0x29, 0x13, 0x19, 0x29, 0x13, 0x19, 0x29, 
        0x13, 0x19, 0x29, 0x13, 0x19, 0x29, 0x13, 0x19, 0x29, 0x13, 0x19, 0x29, 0x13, 0x19, 0x29, 0x13, 0x19, 0x29, 0x13, 0x19, 0x29, 0x13, 0x19, 0x29, 0x13, 0x19, 0x29, 0x13, 0x19, 0x29, 0x13, 0x19, 0x29, 0x13, 0x19, 0x29, 0x13, 0x19, 0x29, 
        0x13, 0x19, 0x29, 0x13, 0x19, 0x29, 0x13, 0x19, 0x29, 0x13, 0x19, 0x29, 0x13, 0x19, 0x29, 0x13, 0x19, 0x29, 0x13, 0x19, 0x29, 0x13, 0x19, 0x29, 0x13, 0x19, 0x29, 0x13, 0x19, 0x29, 0x13, 0x19, 0x29, 0x13, 0x19, 0x29, 0x13, 0x19, 0x29, 
        0x13, 0x19, 0x29, 0x13, 0x19, 0x29, 0x13, 0x19, 0x29, 0x13, 0x19, 0x29, 0x13, 0x19, 0x29, 0x13, 0x19, 0x29, 0x13, 0x19, 0x29, 0x13, 0x19, 0x29, 0x13, 0x19, 0x29, 0x13, 0x19, 0x29, 0x13, 0x19, 0x29, 0x13, 0x19, 0x29, 0x13, 0x19, 0x29, 
        0x13, 0x19, 0x29, 0x13, 0x19, 0x29, 0x13, 0x19, 0x29, 0x13, 0x19, 0x29, 0x13, 0x19, 0x29, 0x13, 0x19, 0x29, 0x13, 0x19, 0x29, 0x13, 0x19, 0x29, 0x13, 0x19, 0x29, 0x13, 0x19, 0x29, 0x13, 0x19, 0x29, 0x13, 0x19, 0x29, 0x13, 0x19, 0x29, 
        0x13, 0x19, 0x29, 0x13, 0x19, 0x29, 0x13, 0x19, 0x29, 0x13, 0x19, 0x29, 0x13, 0x19, 0x29, 0x13, 0x19, 0x29, 0x13, 0x19, 0x29, 0x13, 0x19, 0x29, 0x13, 0x19, 0x29, 0x13, 0x19, 0x29, 0x13, 0x19, 0x29, 0x13, 0x19, 0x29, 0x13, 0x19, 0x29, 
        0x13, 0x19, 0x29, 0x13, 0x19, 0x29, 0x13, 0x19, 0x29, 0x13, 0x19, 0x29, 0x13, 0x19, 0x29, 0x13, 0x19, 0x29, 0x13, 0x19, 0x29, 0x13, 0x19, 0x29, 0x13, 0x19, 0x29, 0x13, 0x19, 0x29, 0x13, 0x19, 0x29, 0x13, 0x19, 0x29, 0x13, 0x19, 0x29, 
        0x13, 0x19, 0x29, 0x13, 0x19, 0x29, 0x13, 0x19, 0x29, 0x13, 0x19, 0x29, 0x13, 0x19, 0x29, 0x13, 0x19, 0x29, 0x13, 0x19, 0x29, 0x13, 0x19, 0x29, 0x13, 0x19, 0x29, 0x13, 0x19, 0x29, 0x13, 0x19, 0x29, 0x13, 0x19, 0x29, 0x13, 0x19, 0x29, 
        0x13, 0x19, 0x29, 0x13, 0x19, 0x29, 0x13, 0x19, 0x29, 0x13, 0x19, 0x29, 0x13, 0x19, 0x29, 0x13, 0x19, 0x29, 0x13, 0x19, 0x29, 0x13, 0x19, 0x29, 0x13, 0x19, 0x29, 0x13, 0x19, 0x29, 0x13, 0x19, 0x29, 0x13, 0x19, 0x29, 0x13, 0x19, 0x29, 
        0x13, 0x19, 0x29, 0x13, 0x19, 0x29, 0x13, 0x19, 0x29, 0x13, 0x19, 0x29, 0x13, 0x19, 0x29, 0x13, 0x19, 0x29, 0x13, 0x19, 0x29, 0x13, 0x19, 0x29, 0x13, 0x19, 0x29, 0x13, 0x19, 0x29, 0x13, 0x19, 0x29, 0x13, 0x19, 0x29, 0x13, 0x19, 0x29, 
        0x13, 0x19, 0x29, 0x13, 0x19, 0x29, 0x13, 0x19, 0x29, 0x13, 0x19, 0x29, 0x13, 0x19, 0x29, 0x13, 0x19, 0x29, 0x13, 0x19, 0x29, 0x13, 0x19, 0x29, 0x13, 0x19, 0x29, 0x13, 0x19, 0x29, 0x13, 0x19, 0x29, 0x13, 0x19, 0x29, 0x13, 0x19, 0x29, 
        0x13, 0x19, 0x29, 0x13, 0x19, 0x29, 0x13, 0x19, 0x29, 0x13, 0x19, 0x29, 0x13, 0x19, 0x29, 0x13, 0x19, 0x29, 0x13, 0x19, 0x29, 0x13, 0x19, 0x29, 0x13, 0x19, 0x29, 0x13, 0x19, 0x29, 0x13, 0x19, 0x29, 0x13, 0x19, 0x29, 0x13, 0x19, 0x29, 
        0x13, 0x19, 0x29, 0x13, 0x19, 0x29, 0x13, 0x19, 0x29, 0x13, 0x19, 0x29, 0x13, 0x19, 0x29, 0x13, 0x19, 0x29, 0x13, 0x19, 0x29, 0x13, 0x19, 0x29, 0x13, 0x19, 0x29, 0x13, 0x19, 0x29, 0x13, 0x19, 0x29, 0x13, 0x19, 0x29, 0x13, 0x19, 0x29, 
        0x13, 0x19, 0x29, 0x13, 0x19, 0x29, 0x13, 0x19, 0x29, 0x13, 0x19, 0x29, 0x13, 0x19, 0x29, 0x13, 0x19, 0x29, 0x13, 0x19, 0x29, 0x13, 0x19, 0x29, 0x13, 0x19, 0x29, 0x13, 0x19, 0x29, 0x13, 0x19, 0x29, 0x13, 0x19, 0x29, 0x13, 0x19, 0x29, 
        0x13, 0x19, 0x29, 0x13, 0x19, 0x29, 0x13, 0x19, 0x29, 0x13, 0x19, 0x29, 0x13, 0x19, 0x29, 0x13, 0x19, 0x29, 0x13, 0x19, 0x29, 0x13, 0x19, 0x29, 0x13, 0x19, 0x29, 0x13, 0x19, 0x29, 0x13, 0x19, 0x29, 0x13, 0x19, 0x29, 0x13, 0x19, 0x29, 
        0x13, 0x19, 0x29, 0x13, 0x19, 0x29, 0x13, 0x19, 0x29, 0x13, 0x19, 0x29,
  0x13, 0x19, 0x29, 0x13, 0x19, 0x29, 0x13, 0x19, 0x29, 0x13, 0x19, 0x29, 0x13, 0x19, 0x29, 0x13, 0x19, 0x29, 0x13, 0x19, 0x29, 0x13, 0x19, 0x29, 0x13, 0x19, 0x29, 0x13, 0x19, 0x29, 0x13, 0x19, 0x29, 0x13, 0x19, 0x29, 0x13, 0x19, 0x29, 0x13, 0x19, 0x29, 
        0x13, 0x19, 0x29, 0x13, 0x19, 0x29, 0x13, 0x19, 0x29, 0x13, 0x19, 0x29, 0x13, 0x19, 0x29, 0x13, 0x19, 0x29, 0x13, 0x19, 0x29, 0x13, 0x19, 0x29, 0x13, 0x19, 0x29, 0x13, 0x19, 0x29, 0x13, 0x19, 0x29, 0x13, 0x19, 0x29, 0x13, 0x19, 0x29, 
        0x13, 0x19, 0x29, 0x13, 0x19, 0x29, 0x13, 0x19, 0x29, 0x13, 0x19, 0x29, 0x13, 0x19, 0x29, 0x13, 0x19, 0x29, 0x13, 0x19, 0x29, 0x13, 0x19, 0x29, 0x13, 0x19, 0x29, 0x13, 0x19, 0x29, 0x13, 0x19, 0x29, 0x13, 0x19, 0x29, 0x13, 0x19, 0x29, 
        0x13, 0x19, 0x29, 0x13, 0x19, 0x29, 0x13, 0x19, 0x29, 0x13, 0x19, 0x29, 0x13, 0x19, 0x29, 0x13, 0x19, 0x29, 0x13, 0x19, 0x29, 0x13, 0x19, 0x29, 0x13, 0x19, 0x29, 0x13, 0x19, 0x29, 0x13, 0x19, 0x29, 0x13, 0x19, 0x29, 0x13, 0x19, 0x29, 
        0x13, 0x19, 0x29, 0x13, 0x19, 0x29, 0x13, 0x19, 0x29, 0x13, 0x19, 0x29, 0x13, 0x19, 0x29, 0x13, 0x19, 0x29, 0x13, 0x19, 0x29, 0x13, 0x19, 0x29, 0x13, 0x19, 0x29, 0x13, 0x19, 0x29, 0x13, 0x19, 0x29, 0x13, 0x19, 0x29, 0x13, 0x19, 0x29, 
        0x13, 0x19, 0x29, 0x13, 0x19, 0x29, 0x13, 0x19, 0x29, 0x13, 0x19, 0x29, 0x13, 0x19, 0x29, 0x13, 0x19, 0x29, 0x13, 0x19, 0x29, 0x13, 0x19, 0x29, 0x13, 0x19, 0x29, 0x13, 0x19, 0x29, 0x13, 0x19, 0x29, 0x13, 0x19, 0x29, 0x13, 0x19, 0x29, 
        0x13, 0x19, 0x29, 0x13, 0x19, 0x29, 0x13, 0x19, 0x29, 0x13, 0x19, 0x29, 0x13, 0x19, 0x29, 0x13, 0x19, 0x29, 0x13, 0x19, 0x29, 0x13, 0x19, 0x29, 0x13, 0x19, 0x29, 0x13, 0x19, 0x29, 0x13, 0x19, 0x29, 0x13, 0x19, 0x29, 0x13, 0x19, 0x29, 
        0x13, 0x19, 0x29, 0x13, 0x19, 0x29, 0x13, 0x19, 0x29, 0x13, 0x19, 0x29, 0x13, 0x19, 0x29, 0x13, 0x19, 0x29, 0x13, 0x19, 0x29, 0x13, 0x19, 0x29, 0x13, 0x19, 0x29, 0x13, 0x19, 0x29, 0x13, 0x19, 0x29, 0x13, 0x19, 0x29, 0x13, 0x19, 0x29, 
        0x13, 0x19, 0x29, 0x13, 0x19, 0x29, 0x13, 0x19, 0x29, 0x13, 0x19, 0x29, 0x13, 0x19, 0x29, 0x13, 0x19, 0x29, 0x13, 0x19, 0x29, 0x13, 0x19, 0x29, 0x13, 0x19, 0x29, 0x13, 0x19, 0x29, 0x13, 0x19, 0x29, 0x13, 0x19, 0x29, 0x13, 0x19, 0x29, 
        0x13, 0x19, 0x29, 0x13, 0x19, 0x29, 0x13, 0x19, 0x29, 0x13, 0x19, 0x29, 0x13, 0x19, 0x29, 0x13, 0x19, 0x29, 0x13, 0x19, 0x29, 0x13, 0x19, 0x29, 0x13, 0x19, 0x29, 0x13, 0x19, 0x29, 0x13, 0x19, 0x29, 0x13, 0x19, 0x29, 0x13, 0x19, 0x29, 
        0x13, 0x19, 0x29, 0x13, 0x19, 0x29, 0x13, 0x19, 0x29, 0x13, 0x19, 0x29, 0x13, 0x19, 0x29, 0x13, 0x19, 0x29, 0x13, 0x19, 0x29, 0x13, 0x19, 0x29, 0x13, 0x19, 0x29, 0x13, 0x19, 0x29, 0x13, 0x19, 0x29, 0x13, 0x19, 0x29, 0x13, 0x19, 0x29, 
        0x13, 0x19, 0x29, 0x13, 0x19, 0x29, 0x13, 0x19, 0x29, 0x13, 0x19, 0x29, 0x13, 0x19, 0x29, 0x13, 0x19, 0x29, 0x13, 0x19, 0x29, 0x13, 0x19, 0x29, 0x13, 0x19, 0x29, 0x13, 0x19, 0x29, 0x13, 0x19, 0x29, 0x13, 0x19, 0x29, 0x13, 0x19, 0x29, 
        0x13, 0x19, 0x29, 0x13, 0x19, 0x29, 0x13, 0x19, 0x29, 0x13, 0x19, 0x29, 0x13, 0x19, 0x29, 0x13, 0x19, 0x29, 0x13, 0x19, 0x29, 0x13, 0x19, 0x29, 0x13, 0x19, 0x29, 0x13, 0x19, 0x29, 0x13, 0x19, 0x29, 0x13, 0x19, 0x29, 0x13, 0x19, 0x29, 
        0x13, 0x19, 0x29, 0x13, 0x19, 0x29, 0x13, 0x19, 0x29, 0x13, 0x19, 0x29, 0x13, 0x19, 0x29, 0x13, 0x19, 0x29, 0x13, 0x19, 0x29, 0x13, 0x19, 0x29, 0x13, 0x19, 0x29, 0x13, 0x19, 0x29, 0x13, 0x19, 0x29, 0x13, 0x19, 0x29, 0x13, 0x19, 0x29, 
        0x13, 0x19, 0x29, 0x13, 0x19, 0x29, 0x13, 0x19, 0x29, 0x13, 0x19, 0x29, 0x13, 0x19, 0x29, 0x13, 0x19, 0x29, 0x13, 0x19, 0x29, 0x13, 0x19, 0x29, 0x13, 0x19, 0x29, 0x13, 0x19, 0x29, 0x13, 0x19, 0x29, 0x13, 0x19, 0x29, 0x13, 0x19, 0x29, 
        0x13, 0x19, 0x29, 0x13, 0x19, 0x29, 0x13, 0x19, 0x29, 0x13, 0x19, 0x29,
  0x13, 0x19, 0x29, 0x13, 0x19, 0x29, 0x13, 0x19, 0x29, 0x13, 0x19, 0x29, 0x13, 0x19, 0x29, 0x13, 0x19, 0x29, 0x13, 0x19, 0x29, 0x13, 0x19, 0x29, 0x13, 0x19, 0x29, 0x13, 0x19, 0x29, 0x13, 0x19, 0x29, 0x13, 0x19, 0x29, 0x13, 0x19, 0x29, 0x13, 0x19, 0x29, 
        0x13, 0x19, 0x29, 0x13, 0x19, 0x29, 0x13, 0x19, 0x29, 0x13, 0x19, 0x29, 0x13, 0x19, 0x29, 0x13, 0x19, 0x29, 0x13, 0x19, 0x29, 0x13, 0x19, 0x29, 0x13, 0x19, 0x29, 0x13, 0x19, 0x29, 0x13, 0x19, 0x29, 0x13, 0x19, 0x29, 0x13, 0x19, 0x29, 
        0x13, 0x19, 0x29, 0x13, 0x19, 0x29, 0x13, 0x19, 0x29, 0x13, 0x19, 0x29, 0x13, 0x19, 0x29, 0x13, 0x19, 0x29, 0x13, 0x19, 0x29, 0x13, 0x19, 0x29, 0x13, 0x19, 0x29, 0x13, 0x19, 0x29, 0x13, 0x19, 0x29, 0x13, 0x19, 0x29, 0x13, 0x19, 0x29, 
        0x13, 0x19, 0x29, 0x13, 0x19, 0x29, 0x13, 0x19, 0x29, 0x13, 0x19, 0x29, 0x13, 0x19, 0x29, 0x13, 0x19, 0x29, 0x13, 0x19, 0x29, 0x13, 0x19, 0x29, 0x13, 0x19, 0x29, 0x13, 0x19, 0x29, 0x13, 0x19, 0x29, 0x13, 0x19, 0x29, 0x13, 0x19, 0x29, 
        0x13, 0x19, 0x29, 0x13, 0x19, 0x29, 0x13, 0x19, 0x29, 0x13, 0x19, 0x29, 0x13, 0x19, 0x29, 0x13, 0x19, 0x29, 0x13, 0x19, 0x29, 0x13, 0x19, 0x29, 0x13, 0x19, 0x29, 0x13, 0x19, 0x29, 0x13, 0x19, 0x29, 0x13, 0x19, 0x29, 0x13, 0x19, 0x29, 
        0x13, 0x19, 0x29, 0x13, 0x19, 0x29, 0x13, 0x19, 0x29, 0x13, 0x19, 0x29, 0x13, 0x19, 0x29, 0x13, 0x19, 0x29, 0x13, 0x19, 0x29, 0x13, 0x19, 0x29, 0x13, 0x19, 0x29, 0x13, 0x19, 0x29, 0x13, 0x19, 0x29, 0x13, 0x19, 0x29, 0x13, 0x19, 0x29, 
        0x13, 0x19, 0x29, 0x13, 0x19, 0x29, 0x13, 0x19, 0x29, 0x13, 0x19, 0x29, 0x13, 0x19, 0x29, 0x13, 0x19, 0x29, 0x13, 0x19, 0x29, 0x13, 0x19, 0x29, 0x13, 0x19, 0x29, 0x13, 0x19, 0x29, 0x13, 0x19, 0x29, 0x13, 0x19, 0x29, 0x13, 0x19, 0x29, 
        0x13, 0x19, 0x29, 0x13, 0x19, 0x29, 0x13, 0x19, 0x29, 0x13, 0x19, 0x29, 0x13, 0x19, 0x29, 0x13, 0x19, 0x29, 0x13, 0x19, 0x29, 0x13, 0x19, 0x29, 0x13, 0x19, 0x29, 0x13, 0x19, 0x29, 0x13, 0x19, 0x29, 0x13, 0x19, 0x29, 0x13, 0x19, 0x29, 
        0x13, 0x19, 0x29, 0x13, 0x19, 0x29, 0x13, 0x19, 0x29, 0x13, 0x19, 0x29, 0x13, 0x19, 0x29, 0x13, 0x19, 0x29, 0x13, 0x19, 0x29, 0x13, 0x19, 0x29, 0x13, 0x19, 0x29, 0x13, 0x19, 0x29, 0x13, 0x19, 0x29, 0x13, 0x19, 0x29, 0x13, 0x19, 0x29, 
        0x13, 0x19, 0x29, 0x13, 0x19, 0x29, 0x13, 0x19, 0x29, 0x13, 0x19, 0x29, 0x13, 0x19, 0x29, 0x13, 0x19, 0x29, 0x13, 0x19, 0x29, 0x13, 0x19, 0x29, 0x13, 0x19, 0x29, 0x13, 0x19, 0x29, 0x13, 0x19, 0x29, 0x13, 0x19, 0x29, 0x13, 0x19, 0x29, 
        0x13, 0x19, 0x29, 0x13, 0x19, 0x29, 0x13, 0x19, 0x29, 0x13, 0x19, 0x29, 0x13, 0x19, 0x29, 0x13, 0x19, 0x29, 0x13, 0x19, 0x29, 0x13, 0x19, 0x29, 0x13, 0x19, 0x29, 0x13, 0x19, 0x29, 0x13, 0x19, 0x29, 0x13, 0x19, 0x29, 0x13, 0x19, 0x29, 
        0x13, 0x19, 0x29, 0x13, 0x19, 0x29, 0x13, 0x19, 0x29, 0x13, 0x19, 0x29, 0x13, 0x19, 0x29, 0x13, 0x19, 0x29, 0x13, 0x19, 0x29, 0x13, 0x19, 0x29, 0x13, 0x19, 0x29, 0x13, 0x19, 0x29, 0x13, 0x19, 0x29, 0x13, 0x19, 0x29, 0x13, 0x19, 0x29, 
        0x13, 0x19, 0x29, 0x13, 0x19, 0x29, 0x13, 0x19, 0x29, 0x13, 0x19, 0x29, 0x13, 0x19, 0x29, 0x13, 0x19, 0x29, 0x13, 0x19, 0x29, 0x13, 0x19, 0x29, 0x13, 0x19, 0x29, 0x13, 0x19, 0x29, 0x13, 0x19, 0x29, 0x13, 0x19, 0x29, 0x13, 0x19, 0x29, 
        0x13, 0x19, 0x29, 0x13, 0x19, 0x29, 0x13, 0x19, 0x29, 0x13, 0x19, 0x29, 0x13, 0x19, 0x29, 0x13, 0x19, 0x29, 0x13, 0x19, 0x29, 0x13, 0x19, 0x29, 0x13, 0x19, 0x29, 0x13, 0x19, 0x29, 0x13, 0x19, 0x29, 0x13, 0x19, 0x29, 0x13, 0x19, 0x29, 
        0x13, 0x19, 0x29, 0x13, 0x19, 0x29, 0x13, 0x19, 0x29, 0x13, 0x19, 0x29, 0x13, 0x19, 0x29, 0x13, 0x19, 0x29, 0x13, 0x19, 0x29, 0x13, 0x19, 0x29, 0x13, 0x19, 0x29, 0x13, 0x19, 0x29, 0x13, 0x19, 0x29, 0x13, 0x19, 0x29, 0x13, 0x19, 0x29, 
        0x13, 0x19, 0x29, 0x13, 0x19, 0x29, 0x13, 0x19, 0x29, 0x13, 0x19, 0x29,
  0x13, 0x19, 0x29, 0x13, 0x19, 0x29, 0x13, 0x19, 0x29, 0x13, 0x19, 0x29, 0x13, 0x19, 0x29, 0x13, 0x19, 0x29, 0x13, 0x19, 0x29, 0x13, 0x19, 0x29, 0x13, 0x19, 0x29, 0x13, 0x19, 0x29, 0x13, 0x19, 0x29, 0x13, 0x19, 0x29, 0x13, 0x19, 0x29, 0x13, 0x19, 0x29, 
        0x13, 0x19, 0x29, 0x13, 0x19, 0x29, 0x13, 0x19, 0x29, 0x13, 0x19, 0x29, 0x13, 0x19, 0x29, 0x13, 0x19, 0x29, 0x13, 0x19, 0x29, 0x13, 0x19, 0x29, 0x13, 0x19, 0x29, 0x13, 0x19, 0x29, 0x13, 0x19, 0x29, 0x13, 0x19, 0x29, 0x13, 0x19, 0x29, 
        0x13, 0x19, 0x29, 0x13, 0x19, 0x29, 0x13, 0x19, 0x29, 0x13, 0x19, 0x29, 0x13, 0x19, 0x29, 0x13, 0x19, 0x29, 0x13, 0x19, 0x29, 0x13, 0x19, 0x29, 0x13, 0x19, 0x29, 0x13, 0x19, 0x29, 0x13, 0x19, 0x29, 0x13, 0x19, 0x29, 0x13, 0x19, 0x29, 
        0x13, 0x19, 0x29, 0x13, 0x19, 0x29, 0x13, 0x19, 0x29, 0x13, 0x19, 0x29, 0x13, 0x19, 0x29, 0x13, 0x19, 0x29, 0x13, 0x19, 0x29, 0x13, 0x19, 0x29, 0x13, 0x19, 0x29, 0x13, 0x19, 0x29, 0x13, 0x19, 0x29, 0x13, 0x19, 0x29, 0x13, 0x19, 0x29, 
        0x13, 0x19, 0x29, 0x13, 0x19, 0x29, 0x13, 0x19, 0x29, 0x13, 0x19, 0x29, 0x13, 0x19, 0x29, 0x13, 0x19, 0x29, 0x13, 0x19, 0x29, 0x13, 0x19, 0x29, 0x13, 0x19, 0x29, 0x13, 0x19, 0x29, 0x13, 0x19, 0x29, 0x13, 0x19, 0x29, 0x13, 0x19, 0x29, 
        0x13, 0x19, 0x29, 0x13, 0x19, 0x29, 0x13, 0x19, 0x29, 0x13, 0x19, 0x29, 0x13, 0x19, 0x29, 0x13, 0x19, 0x29, 0x13, 0x19, 0x29, 0x13, 0x19, 0x29, 0x13, 0x19, 0x29, 0x13, 0x19, 0x29, 0x13, 0x19, 0x29, 0x13, 0x19, 0x29, 0x13, 0x19, 0x29, 
        0x13, 0x19, 0x29, 0x13, 0x19, 0x29, 0x13, 0x19, 0x29, 0x13, 0x19, 0x29, 0x13, 0x19, 0x29, 0x13, 0x19, 0x29, 0x13, 0x19, 0x29, 0x13, 0x19, 0x29, 0x13, 0x19, 0x29, 0x13, 0x19, 0x29, 0x13, 0x19, 0x29, 0x13, 0x19, 0x29, 0x13, 0x19, 0x29, 
        0x13, 0x19, 0x29, 0x13, 0x19, 0x29, 0x13, 0x19, 0x29, 0x13, 0x19, 0x29, 0x13, 0x19, 0x29, 0x13, 0x19, 0x29, 0x13, 0x19, 0x29, 0x13, 0x19, 0x29, 0x13, 0x19, 0x29, 0x13, 0x19, 0x29, 0x13, 0x19, 0x29, 0x13, 0x19, 0x29, 0x13, 0x19, 0x29, 
        0x13, 0x19, 0x29, 0x13, 0x19, 0x29, 0x13, 0x19, 0x29, 0x13, 0x19, 0x29, 0x13, 0x19, 0x29, 0x13, 0x19, 0x29, 0x13, 0x19, 0x29, 0x13, 0x19, 0x29, 0x13, 0x19, 0x29, 0x13, 0x19, 0x29, 0x13, 0x19, 0x29, 0x13, 0x19, 0x29, 0x13, 0x19, 0x29, 
        0x13, 0x19, 0x29, 0x13, 0x19, 0x29, 0x13, 0x19, 0x29, 0x13, 0x19, 0x29, 0x13, 0x19, 0x29, 0x13, 0x19, 0x29, 0x13, 0x19, 0x29, 0x13, 0x19, 0x29, 0x13, 0x19, 0x29, 0x13, 0x19, 0x29, 0x13, 0x19, 0x29, 0x13, 0x19, 0x29, 0x13, 0x19, 0x29, 
        0x13, 0x19, 0x29, 0x13, 0x19, 0x29, 0x13, 0x19, 0x29, 0x13, 0x19, 0x29, 0x13, 0x19, 0x29, 0x13, 0x19, 0x29, 0x13, 0x19, 0x29, 0x13, 0x19, 0x29, 0x13, 0x19, 0x29, 0x13, 0x19, 0x29, 0x13, 0x19, 0x29, 0x13, 0x19, 0x29, 0x13, 0x19, 0x29, 
        0x13, 0x19, 0x29, 0x13, 0x19, 0x29, 0x13, 0x19, 0x29, 0x13, 0x19, 0x29, 0x13, 0x19, 0x29, 0x13, 0x19, 0x29, 0x13, 0x19, 0x29, 0x13, 0x19, 0x29, 0x13, 0x19, 0x29, 0x13, 0x19, 0x29, 0x13, 0x19, 0x29, 0x13, 0x19, 0x29, 0x13, 0x19, 0x29, 
        0x13, 0x19, 0x29, 0x13, 0x19, 0x29, 0x13, 0x19, 0x29, 0x13, 0x19, 0x29, 0x13, 0x19, 0x29, 0x13, 0x19, 0x29, 0x13, 0x19, 0x29, 0x13, 0x19, 0x29, 0x13, 0x19, 0x29, 0x13, 0x19, 0x29, 0x13, 0x19, 0x29, 0x13, 0x19, 0x29, 0x13, 0x19, 0x29, 
        0x13, 0x19, 0x29, 0x13, 0x19, 0x29, 0x13, 0x19, 0x29, 0x13, 0x19, 0x29, 0x13, 0x19, 0x29, 0x13, 0x19, 0x29, 0x13, 0x19, 0x29, 0x13, 0x19, 0x29, 0x13, 0x19, 0x29, 0x13, 0x19, 0x29, 0x13, 0x19, 0x29, 0x13, 0x19, 0x29, 0x13, 0x19, 0x29, 
        0x13, 0x19, 0x29, 0x13, 0x19, 0x29, 0x13, 0x19, 0x29, 0x13, 0x19, 0x29, 0x13, 0x19, 0x29, 0x13, 0x19, 0x29, 0x13, 0x19, 0x29, 0x13, 0x19, 0x29, 0x13, 0x19, 0x29, 0x13, 0x19, 0x29, 0x13, 0x19, 0x29, 0x13, 0x19, 0x29, 0x13, 0x19, 0x29, 
        0x13, 0x19, 0x29, 0x13, 0x19, 0x29, 0x13, 0x19, 0x29, 0x13, 0x19, 0x29,
  0x13, 0x19, 0x29, 0x13, 0x19, 0x29, 0x13, 0x19, 0x29, 0x13, 0x19, 0x29, 0x13, 0x19, 0x29, 0x13, 0x19, 0x29, 0x13, 0x19, 0x29, 0x13, 0x19, 0x29, 0x13, 0x19, 0x29, 0x13, 0x19, 0x29, 0x13, 0x19, 0x29, 0x13, 0x19, 0x29, 0x13, 0x19, 0x29, 0x13, 0x19, 0x29, 
        0x13, 0x19, 0x29, 0x13, 0x19, 0x29, 0x13, 0x19, 0x29, 0x13, 0x19, 0x29, 0x13, 0x19, 0x29, 0x13, 0x19, 0x29, 0x13, 0x19, 0x29, 0x13, 0x19, 0x29, 0x13, 0x19, 0x29, 0x13, 0x19, 0x29, 0x13, 0x19, 0x29, 0x13, 0x19, 0x29, 0x13, 0x19, 0x29, 
        0x13, 0x19, 0x29, 0x13, 0x19, 0x29, 0x13, 0x19, 0x29, 0x13, 0x19, 0x29, 0x13, 0x19, 0x29, 0x13, 0x19, 0x29, 0x13, 0x19, 0x29, 0x13, 0x19, 0x29, 0x13, 0x19, 0x29, 0x13, 0x19, 0x29, 0x13, 0x19, 0x29, 0x13, 0x19, 0x29, 0x13, 0x19, 0x29, 
        0x13, 0x19, 0x29, 0x13, 0x19, 0x29, 0x13, 0x19, 0x29, 0x13, 0x19, 0x29, 0x13, 0x19, 0x29, 0x13, 0x19, 0x29, 0x13, 0x19, 0x29, 0x13, 0x19, 0x29, 0x13, 0x19, 0x29, 0x13, 0x19, 0x29, 0x13, 0x19, 0x29, 0x13, 0x19, 0x29, 0x13, 0x19, 0x29, 
        0x13, 0x19, 0x29, 0x13, 0x19, 0x29, 0x13, 0x19, 0x29, 0x13, 0x19, 0x29, 0x13, 0x19, 0x29, 0x13, 0x19, 0x29, 0x13, 0x19, 0x29, 0x13, 0x19, 0x29, 0x13, 0x19, 0x29, 0x13, 0x19, 0x29, 0x13, 0x19, 0x29, 0x13, 0x19, 0x29, 0x13, 0x19, 0x29, 
        0x13, 0x19, 0x29, 0x13, 0x19, 0x29, 0x13, 0x19, 0x29, 0x13, 0x19, 0x29, 0x13, 0x19, 0x29, 0x13, 0x19, 0x29, 0x13, 0x19, 0x29, 0x13, 0x19, 0x29, 0x13, 0x19, 0x29, 0x13, 0x19, 0x29, 0x13, 0x19, 0x29, 0x13, 0x19, 0x29, 0x13, 0x19, 0x29, 
        0x13, 0x19, 0x29, 0x13, 0x19, 0x29, 0x13, 0x19, 0x29, 0x13, 0x19, 0x29, 0x13, 0x19, 0x29, 0x13, 0x19, 0x29, 0x13, 0x19, 0x29, 0x13, 0x19, 0x29, 0x13, 0x19, 0x29, 0x13, 0x19, 0x29, 0x13, 0x19, 0x29, 0x13, 0x19, 0x29, 0x13, 0x19, 0x29, 
        0x13, 0x19, 0x29, 0x13, 0x19, 0x29, 0x13, 0x19, 0x29, 0x13, 0x19, 0x29, 0x13, 0x19, 0x29, 0x13, 0x19, 0x29, 0x13, 0x19, 0x29, 0x13, 0x19, 0x29, 0x13, 0x19, 0x29, 0x13, 0x19, 0x29, 0x13, 0x19, 0x29, 0x13, 0x19, 0x29, 0x13, 0x19, 0x29, 
        0x13, 0x19, 0x29, 0x13, 0x19, 0x29, 0x13, 0x19, 0x29, 0x13, 0x19, 0x29, 0x13, 0x19, 0x29, 0x13, 0x19, 0x29, 0x13, 0x19, 0x29, 0x13, 0x19, 0x29, 0x13, 0x19, 0x29, 0x13, 0x19, 0x29, 0x13, 0x19, 0x29, 0x13, 0x19, 0x29, 0x13, 0x19, 0x29, 
        0x13, 0x19, 0x29, 0x13, 0x19, 0x29, 0x13, 0x19, 0x29, 0x13, 0x19, 0x29, 0x13, 0x19, 0x29, 0x13, 0x19, 0x29, 0x13, 0x19, 0x29, 0x13, 0x19, 0x29, 0x13, 0x19, 0x29, 0x13, 0x19, 0x29, 0x13, 0x19, 0x29, 0x13, 0x19, 0x29, 0x13, 0x19, 0x29, 
        0x13, 0x19, 0x29, 0x13, 0x19, 0x29, 0x13, 0x19, 0x29, 0x13, 0x19, 0x29, 0x13, 0x19, 0x29, 0x13, 0x19, 0x29, 0x13, 0x19, 0x29, 0x13, 0x19, 0x29, 0x13, 0x19, 0x29, 0x13, 0x19, 0x29, 0x13, 0x19, 0x29, 0x13, 0x19, 0x29, 0x13, 0x19, 0x29, 
        0x13, 0x19, 0x29, 0x13, 0x19, 0x29, 0x13, 0x19, 0x29, 0x13, 0x19, 0x29, 0x13, 0x19, 0x29, 0x13, 0x19, 0x29, 0x13, 0x19, 0x29, 0x13, 0x19, 0x29, 0x13, 0x19, 0x29, 0x13, 0x19, 0x29, 0x13, 0x19, 0x29, 0x13, 0x19, 0x29, 0x13, 0x19, 0x29, 
        0x13, 0x19, 0x29, 0x13, 0x19, 0x29, 0x13, 0x19, 0x29, 0x13, 0x19, 0x29, 0x13, 0x19, 0x29, 0x13, 0x19, 0x29, 0x13, 0x19, 0x29, 0x13, 0x19, 0x29, 0x13, 0x19, 0x29, 0x13, 0x19, 0x29, 0x13, 0x19, 0x29, 0x13, 0x19, 0x29, 0x13, 0x19, 0x29, 
        0x13, 0x19, 0x29, 0x13, 0x19, 0x29, 0x13, 0x19, 0x29, 0x13, 0x19, 0x29, 0x13, 0x19, 0x29, 0x13, 0x19, 0x29, 0x13, 0x19, 0x29, 0x13, 0x19, 0x29, 0x13, 0x19, 0x29, 0x13, 0x19, 0x29, 0x13, 0x19, 0x29, 0x13, 0x19, 0x29, 0x13, 0x19, 0x29, 
        0x13, 0x19, 0x29, 0x13, 0x19, 0x29, 0x13, 0x19, 0x29, 0x13, 0x19, 0x29, 0x13, 0x19, 0x29, 0x13, 0x19, 0x29, 0x13, 0x19, 0x29, 0x13, 0x19, 0x29, 0x13, 0x19, 0x29, 0x13, 0x19, 0x29, 0x13, 0x19, 0x29, 0x13, 0x19, 0x29, 0x13, 0x19, 0x29, 
        0x13, 0x19, 0x29, 0x13, 0x19, 0x29, 0x13, 0x19, 0x29, 0x13, 0x19, 0x29,
  0x13, 0x19, 0x29, 0x13, 0x19, 0x29, 0x13, 0x19, 0x29, 0x13, 0x19, 0x29, 0x13, 0x19, 0x29, 0x13, 0x19, 0x29, 0x13, 0x19, 0x29, 0x13, 0x19, 0x29, 0x13, 0x19, 0x29, 0x13, 0x19, 0x29, 0x13, 0x19, 0x29, 0x13, 0x19, 0x29, 0x13, 0x19, 0x29, 0x13, 0x19, 0x29, 
        0x13, 0x19, 0x29, 0x13, 0x19, 0x29, 0x13, 0x19, 0x29, 0x13, 0x19, 0x29, 0x13, 0x19, 0x29, 0x13, 0x19, 0x29, 0x13, 0x19, 0x29, 0x13, 0x19, 0x29, 0x13, 0x19, 0x29, 0x13, 0x19, 0x29, 0x13, 0x19, 0x29, 0x13, 0x19, 0x29, 0x13, 0x19, 0x29, 
        0x13, 0x19, 0x29, 0x13, 0x19, 0x29, 0x13, 0x19, 0x29, 0x13, 0x19, 0x29, 0x13, 0x19, 0x29, 0x13, 0x19, 0x29, 0x13, 0x19, 0x29, 0x13, 0x19, 0x29, 0x13, 0x19, 0x29, 0x13, 0x19, 0x29, 0x13, 0x19, 0x29, 0x13, 0x19, 0x29, 0x13, 0x19, 0x29, 
        0x13, 0x19, 0x29, 0x13, 0x19, 0x29, 0x13, 0x19, 0x29, 0x13, 0x19, 0x29, 0x13, 0x19, 0x29, 0x13, 0x19, 0x29, 0x13, 0x19, 0x29, 0x13, 0x19, 0x29, 0x13, 0x19, 0x29, 0x13, 0x19, 0x29, 0x13, 0x19, 0x29, 0x13, 0x19, 0x29, 0x13, 0x19, 0x29, 
        0x13, 0x19, 0x29, 0x13, 0x19, 0x29, 0x13, 0x19, 0x29, 0x13, 0x19, 0x29, 0x13, 0x19, 0x29, 0x13, 0x19, 0x29, 0x13, 0x19, 0x29, 0x13, 0x19, 0x29, 0x13, 0x19, 0x29, 0x13, 0x19, 0x29, 0x13, 0x19, 0x29, 0x13, 0x19, 0x29, 0x13, 0x19, 0x29, 
        0x13, 0x19, 0x29, 0x13, 0x19, 0x29, 0x13, 0x19, 0x29, 0x13, 0x19, 0x29, 0x13, 0x19, 0x29, 0x13, 0x19, 0x29, 0x13, 0x19, 0x29, 0x13, 0x19, 0x29, 0x13, 0x19, 0x29, 0x13, 0x19, 0x29, 0x13, 0x19, 0x29, 0x13, 0x19, 0x29, 0x13, 0x19, 0x29, 
        0x13, 0x19, 0x29, 0x13, 0x19, 0x29, 0x13, 0x19, 0x29, 0x13, 0x19, 0x29, 0x13, 0x19, 0x29, 0x13, 0x19, 0x29, 0x13, 0x19, 0x29, 0x13, 0x19, 0x29, 0x13, 0x19, 0x29, 0x13, 0x19, 0x29, 0x13, 0x19, 0x29, 0x13, 0x19, 0x29, 0x13, 0x19, 0x29, 
        0x13, 0x19, 0x29, 0x13, 0x19, 0x29, 0x13, 0x19, 0x29, 0x13, 0x19, 0x29, 0x13, 0x19, 0x29, 0x13, 0x19, 0x29, 0x13, 0x19, 0x29, 0x13, 0x19, 0x29, 0x13, 0x19, 0x29, 0x13, 0x19, 0x29, 0x13, 0x19, 0x29, 0x13, 0x19, 0x29, 0x13, 0x19, 0x29, 
        0x13, 0x19, 0x29, 0x13, 0x19, 0x29, 0x13, 0x19, 0x29, 0x13, 0x19, 0x29, 0x13, 0x19, 0x29, 0x13, 0x19, 0x29, 0x13, 0x19, 0x29, 0x13, 0x19, 0x29, 0x13, 0x19, 0x29, 0x13, 0x19, 0x29, 0x13, 0x19, 0x29, 0x13, 0x19, 0x29, 0x13, 0x19, 0x29, 
        0x13, 0x19, 0x29, 0x13, 0x19, 0x29, 0x13, 0x19, 0x29, 0x13, 0x19, 0x29, 0x13, 0x19, 0x29, 0x13, 0x19, 0x29, 0x13, 0x19, 0x29, 0x13, 0x19, 0x29, 0x13, 0x19, 0x29, 0x13, 0x19, 0x29, 0x13, 0x19, 0x29, 0x13, 0x19, 0x29, 0x13, 0x19, 0x29, 
        0x13, 0x19, 0x29, 0x13, 0x19, 0x29, 0x13, 0x19, 0x29, 0x13, 0x19, 0x29, 0x13, 0x19, 0x29, 0x13, 0x19, 0x29, 0x13, 0x19, 0x29, 0x13, 0x19, 0x29, 0x13, 0x19, 0x29, 0x13, 0x19, 0x29, 0x13, 0x19, 0x29, 0x13, 0x19, 0x29, 0x13, 0x19, 0x29, 
        0x13, 0x19, 0x29, 0x13, 0x19, 0x29, 0x13, 0x19, 0x29, 0x13, 0x19, 0x29, 0x13, 0x19, 0x29, 0x13, 0x19, 0x29, 0x13, 0x19, 0x29, 0x13, 0x19, 0x29, 0x13, 0x19, 0x29, 0x13, 0x19, 0x29, 0x13, 0x19, 0x29, 0x13, 0x19, 0x29, 0x13, 0x19, 0x29, 
        0x13, 0x19, 0x29, 0x13, 0x19, 0x29, 0x13, 0x19, 0x29, 0x13, 0x19, 0x29, 0x13, 0x19, 0x29, 0x13, 0x19, 0x29, 0x13, 0x19, 0x29, 0x13, 0x19, 0x29, 0x13, 0x19, 0x29, 0x13, 0x19, 0x29, 0x13, 0x19, 0x29, 0x13, 0x19, 0x29, 0x13, 0x19, 0x29, 
        0x13, 0x19, 0x29, 0x13, 0x19, 0x29, 0x13, 0x19, 0x29, 0x13, 0x19, 0x29, 0x13, 0x19, 0x29, 0x13, 0x19, 0x29, 0x13, 0x19, 0x29, 0x13, 0x19, 0x29, 0x13, 0x19, 0x29, 0x13, 0x19, 0x29, 0x13, 0x19, 0x29, 0x13, 0x19, 0x29, 0x13, 0x19, 0x29, 
        0x13, 0x19, 0x29, 0x13, 0x19, 0x29, 0x13, 0x19, 0x29, 0x13, 0x19, 0x29, 0x13, 0x19, 0x29, 0x13, 0x19, 0x29, 0x13, 0x19, 0x29, 0x13, 0x19, 0x29, 0x13, 0x19, 0x29, 0x13, 0x19, 0x29, 0x13, 0x19, 0x29, 0x13, 0x19, 0x29, 0x13, 0x19, 0x29, 
        0x13, 0x19, 0x29, 0x13, 0x19, 0x29, 0x13, 0x19, 0x29, 0x13, 0x19, 0x29,
  0x13, 0x19, 0x29, 0x13, 0x19, 0x29, 0x13, 0x19, 0x29, 0x13, 0x19, 0x29, 0x13, 0x19, 0x29, 0x13, 0x19, 0x29, 0x13, 0x19, 0x29, 0x13, 0x19, 0x29, 0x13, 0x19, 0x29, 0x13, 0x19, 0x29, 0x13, 0x19, 0x29, 0x13, 0x19, 0x29, 0x13, 0x19, 0x29, 0x13, 0x19, 0x29, 
        0x13, 0x19, 0x29, 0x13, 0x19, 0x29, 0x13, 0x19, 0x29, 0x13, 0x19, 0x29, 0x13, 0x19, 0x29, 0x13, 0x19, 0x29, 0x13, 0x19, 0x29, 0x13, 0x19, 0x29, 0x13, 0x19, 0x29, 0x13, 0x19, 0x29, 0x13, 0x19, 0x29, 0x13, 0x19, 0x29, 0x13, 0x19, 0x29, 
        0x13, 0x19, 0x29, 0x13, 0x19, 0x29, 0x13, 0x19, 0x29, 0x13, 0x19, 0x29, 0x13, 0x19, 0x29, 0x13, 0x19, 0x29, 0x13, 0x19, 0x29, 0x13, 0x19, 0x29, 0x13, 0x19, 0x29, 0x13, 0x19, 0x29, 0x13, 0x19, 0x29, 0x13, 0x19, 0x29, 0x13, 0x19, 0x29, 
        0x13, 0x19, 0x29, 0x13, 0x19, 0x29, 0x13, 0x19, 0x29, 0x13, 0x19, 0x29, 0x13, 0x19, 0x29, 0x13, 0x19, 0x29, 0x13, 0x19, 0x29, 0x13, 0x19, 0x29, 0x13, 0x19, 0x29, 0x13, 0x19, 0x29, 0x13, 0x19, 0x29, 0x13, 0x19, 0x29, 0x13, 0x19, 0x29, 
        0x13, 0x19, 0x29, 0x13, 0x19, 0x29, 0x13, 0x19, 0x29, 0x13, 0x19, 0x29, 0x13, 0x19, 0x29, 0x13, 0x19, 0x29, 0x13, 0x19, 0x29, 0x13, 0x19, 0x29, 0x13, 0x19, 0x29, 0x13, 0x19, 0x29, 0x13, 0x19, 0x29, 0x13, 0x19, 0x29, 0x13, 0x19, 0x29, 
        0x13, 0x19, 0x29, 0x13, 0x19, 0x29, 0x13, 0x19, 0x29, 0x13, 0x19, 0x29, 0x13, 0x19, 0x29, 0x13, 0x19, 0x29, 0x13, 0x19, 0x29, 0x13, 0x19, 0x29, 0x13, 0x19, 0x29, 0x13, 0x19, 0x29, 0x13, 0x19, 0x29, 0x13, 0x19, 0x29, 0x13, 0x19, 0x29, 
        0x13, 0x19, 0x29, 0x13, 0x19, 0x29, 0x13, 0x19, 0x29, 0x13, 0x19, 0x29, 0x13, 0x19, 0x29, 0x13, 0x19, 0x29, 0x13, 0x19, 0x29, 0x13, 0x19, 0x29, 0x13, 0x19, 0x29, 0x13, 0x19, 0x29, 0x13, 0x19, 0x29, 0x13, 0x19, 0x29, 0x13, 0x19, 0x29, 
        0x13, 0x19, 0x29, 0x13, 0x19, 0x29, 0x13, 0x19, 0x29, 0x13, 0x19, 0x29, 0x13, 0x19, 0x29, 0x13, 0x19, 0x29, 0x13, 0x19, 0x29, 0x13, 0x19, 0x29, 0x13, 0x19, 0x29, 0x13, 0x19, 0x29, 0x13, 0x19, 0x29, 0x13, 0x19, 0x29, 0x13, 0x19, 0x29, 
        0x13, 0x19, 0x29, 0x13, 0x19, 0x29, 0x13, 0x19, 0x29, 0x13, 0x19, 0x29, 0x13, 0x19, 0x29, 0x13, 0x19, 0x29, 0x13, 0x19, 0x29, 0x13, 0x19, 0x29, 0x13, 0x19, 0x29, 0x13, 0x19, 0x29, 0x13, 0x19, 0x29, 0x13, 0x19, 0x29, 0x13, 0x19, 0x29, 
        0x13, 0x19, 0x29, 0x13, 0x19, 0x29, 0x13, 0x19, 0x29, 0x13, 0x19, 0x29, 0x13, 0x19, 0x29, 0x13, 0x19, 0x29, 0x13, 0x19, 0x29, 0x13, 0x19, 0x29, 0x13, 0x19, 0x29, 0x13, 0x19, 0x29, 0x13, 0x19, 0x29, 0x13, 0x19, 0x29, 0x13, 0x19, 0x29, 
        0x13, 0x19, 0x29, 0x13, 0x19, 0x29, 0x13, 0x19, 0x29, 0x13, 0x19, 0x29, 0x13, 0x19, 0x29, 0x13, 0x19, 0x29, 0x13, 0x19, 0x29, 0x13, 0x19, 0x29, 0x13, 0x19, 0x29, 0x13, 0x19, 0x29, 0x13, 0x19, 0x29, 0x13, 0x19, 0x29, 0x13, 0x19, 0x29, 
        0x13, 0x19, 0x29, 0x13, 0x19, 0x29, 0x13, 0x19, 0x29, 0x13, 0x19, 0x29, 0x13, 0x19, 0x29, 0x13, 0x19, 0x29, 0x13, 0x19, 0x29, 0x13, 0x19, 0x29, 0x13, 0x19, 0x29, 0x13, 0x19, 0x29, 0x13, 0x19, 0x29, 0x13, 0x19, 0x29, 0x13, 0x19, 0x29, 
        0x13, 0x19, 0x29, 0x13, 0x19, 0x29, 0x13, 0x19, 0x29, 0x13, 0x19, 0x29, 0x13, 0x19, 0x29, 0x13, 0x19, 0x29, 0x13, 0x19, 0x29, 0x13, 0x19, 0x29, 0x13, 0x19, 0x29, 0x13, 0x19, 0x29, 0x13, 0x19, 0x29, 0x13, 0x19, 0x29, 0x13, 0x19, 0x29, 
        0x13, 0x19, 0x29, 0x13, 0x19, 0x29, 0x13, 0x19, 0x29, 0x13, 0x19, 0x29, 0x13, 0x19, 0x29, 0x13, 0x19, 0x29, 0x13, 0x19, 0x29, 0x13, 0x19, 0x29, 0x13, 0x19, 0x29, 0x13, 0x19, 0x29, 0x13, 0x19, 0x29, 0x13, 0x19, 0x29, 0x13, 0x19, 0x29, 
        0x13, 0x19, 0x29, 0x13, 0x19, 0x29, 0x13, 0x19, 0x29, 0x13, 0x19, 0x29, 0x13, 0x19, 0x29, 0x13, 0x19, 0x29, 0x13, 0x19, 0x29, 0x13, 0x19, 0x29, 0x13, 0x19, 0x29, 0x13, 0x19, 0x29, 0x13, 0x19, 0x29, 0x13, 0x19, 0x29, 0x13, 0x19, 0x29, 
        0x13, 0x19, 0x29, 0x13, 0x19, 0x29, 0x13, 0x19, 0x29, 0x13, 0x19, 0x29,
  0x13, 0x19, 0x29, 0x13, 0x19, 0x29, 0x13, 0x19, 0x29, 0x13, 0x19, 0x29, 0x13, 0x19, 0x29, 0x13, 0x19, 0x29, 0x13, 0x19, 0x29, 0x13, 0x19, 0x29, 0x13, 0x19, 0x29, 0x13, 0x19, 0x29, 0x13, 0x19, 0x29, 0x13, 0x19, 0x29, 0x13, 0x19, 0x29, 0x13, 0x19, 0x29, 
        0x13, 0x19, 0x29, 0x13, 0x19, 0x29, 0x13, 0x19, 0x29, 0x13, 0x19, 0x29, 0x13, 0x19, 0x29, 0x13, 0x19, 0x29, 0x13, 0x19, 0x29, 0x13, 0x19, 0x29, 0x13, 0x19, 0x29, 0x13, 0x19, 0x29, 0x13, 0x19, 0x29, 0x13, 0x19, 0x29, 0x13, 0x19, 0x29, 
        0x13, 0x19, 0x29, 0x13, 0x19, 0x29, 0x13, 0x19, 0x29, 0x13, 0x19, 0x29, 0x13, 0x19, 0x29, 0x13, 0x19, 0x29, 0x13, 0x19, 0x29, 0x13, 0x19, 0x29, 0x13, 0x19, 0x29, 0x13, 0x19, 0x29, 0x13, 0x19, 0x29, 0x13, 0x19, 0x29, 0x13, 0x19, 0x29, 
        0x13, 0x19, 0x29, 0x13, 0x19, 0x29, 0x13, 0x19, 0x29, 0x13, 0x19, 0x29, 0x13, 0x19, 0x29, 0x13, 0x19, 0x29, 0x13, 0x19, 0x29, 0x13, 0x19, 0x29, 0x13, 0x19, 0x29, 0x13, 0x19, 0x29, 0x13, 0x19, 0x29, 0x13, 0x19, 0x29, 0x13, 0x19, 0x29, 
        0x13, 0x19, 0x29, 0x13, 0x19, 0x29, 0x13, 0x19, 0x29, 0x13, 0x19, 0x29, 0x13, 0x19, 0x29, 0x13, 0x19, 0x29, 0x13, 0x19, 0x29, 0x13, 0x19, 0x29, 0x13, 0x19, 0x29, 0x13, 0x19, 0x29, 0x13, 0x19, 0x29, 0x13, 0x19, 0x29, 0x13, 0x19, 0x29, 
        0x13, 0x19, 0x29, 0x13, 0x19, 0x29, 0x13, 0x19, 0x29, 0x13, 0x19, 0x29, 0x13, 0x19, 0x29, 0x13, 0x19, 0x29, 0x13, 0x19, 0x29, 0x13, 0x19, 0x29, 0x13, 0x19, 0x29, 0x13, 0x19, 0x29, 0x13, 0x19, 0x29, 0x13, 0x19, 0x29, 0x13, 0x19, 0x29, 
        0x13, 0x19, 0x29, 0x13, 0x19, 0x29, 0x13, 0x19, 0x29, 0x13, 0x19, 0x29, 0x13, 0x19, 0x29, 0x13, 0x19, 0x29, 0x13, 0x19, 0x29, 0x13, 0x19, 0x29, 0x13, 0x19, 0x29, 0x13, 0x19, 0x29, 0x13, 0x19, 0x29, 0x13, 0x19, 0x29, 0x13, 0x19, 0x29, 
        0x13, 0x19, 0x29, 0x13, 0x19, 0x29, 0x13, 0x19, 0x29, 0x13, 0x19, 0x29, 0x13, 0x19, 0x29, 0x13, 0x19, 0x29, 0x13, 0x19, 0x29, 0x13, 0x19, 0x29, 0x13, 0x19, 0x29, 0x13, 0x19, 0x29, 0x13, 0x19, 0x29, 0x13, 0x19, 0x29, 0x13, 0x19, 0x29, 
        0x13, 0x19, 0x29, 0x13, 0x19, 0x29, 0x13, 0x19, 0x29, 0x13, 0x19, 0x29, 0x13, 0x19, 0x29, 0x13, 0x19, 0x29, 0x13, 0x19, 0x29, 0x13, 0x19, 0x29, 0x13, 0x19, 0x29, 0x13, 0x19, 0x29, 0x13, 0x19, 0x29, 0x13, 0x19, 0x29, 0x13, 0x19, 0x29, 
        0x13, 0x19, 0x29, 0x13, 0x19, 0x29, 0x13, 0x19, 0x29, 0x13, 0x19, 0x29, 0x13, 0x19, 0x29, 0x13, 0x19, 0x29, 0x13, 0x19, 0x29, 0x13, 0x19, 0x29, 0x13, 0x19, 0x29, 0x13, 0x19, 0x29, 0x13, 0x19, 0x29, 0x13, 0x19, 0x29, 0x13, 0x19, 0x29, 
        0x13, 0x19, 0x29, 0x13, 0x19, 0x29, 0x13, 0x19, 0x29, 0x13, 0x19, 0x29, 0x13, 0x19, 0x29, 0x13, 0x19, 0x29, 0x13, 0x19, 0x29, 0x13, 0x19, 0x29, 0x13, 0x19, 0x29, 0x13, 0x19, 0x29, 0x13, 0x19, 0x29, 0x13, 0x19, 0x29, 0x13, 0x19, 0x29, 
        0x13, 0x19, 0x29, 0x13, 0x19, 0x29, 0x13, 0x19, 0x29, 0x13, 0x19, 0x29, 0x13, 0x19, 0x29, 0x13, 0x19, 0x29, 0x13, 0x19, 0x29, 0x13, 0x19, 0x29, 0x13, 0x19, 0x29, 0x13, 0x19, 0x29, 0x13, 0x19, 0x29, 0x13, 0x19, 0x29, 0x13, 0x19, 0x29, 
        0x13, 0x19, 0x29, 0x13, 0x19, 0x29, 0x13, 0x19, 0x29, 0x13, 0x19, 0x29, 0x13, 0x19, 0x29, 0x13, 0x19, 0x29, 0x13, 0x19, 0x29, 0x13, 0x19, 0x29, 0x13, 0x19, 0x29, 0x13, 0x19, 0x29, 0x13, 0x19, 0x29, 0x13, 0x19, 0x29, 0x13, 0x19, 0x29, 
        0x13, 0x19, 0x29, 0x13, 0x19, 0x29, 0x13, 0x19, 0x29, 0x13, 0x19, 0x29, 0x13, 0x19, 0x29, 0x13, 0x19, 0x29, 0x13, 0x19, 0x29, 0x13, 0x19, 0x29, 0x13, 0x19, 0x29, 0x13, 0x19, 0x29, 0x13, 0x19, 0x29, 0x13, 0x19, 0x29, 0x13, 0x19, 0x29, 
        0x13, 0x19, 0x29, 0x13, 0x19, 0x29, 0x13, 0x19, 0x29, 0x13, 0x19, 0x29, 0x13, 0x19, 0x29, 0x13, 0x19, 0x29, 0x13, 0x19, 0x29, 0x13, 0x19, 0x29, 0x13, 0x19, 0x29, 0x13, 0x19, 0x29, 0x13, 0x19, 0x29, 0x13, 0x19, 0x29, 0x13, 0x19, 0x29, 
        0x13, 0x19, 0x29, 0x13, 0x19, 0x29, 0x13, 0x19, 0x29, 0x13, 0x19, 0x29,
  0x13, 0x19, 0x29, 0x13, 0x19, 0x29, 0x13, 0x19, 0x29, 0x13, 0x19, 0x29, 0x13, 0x19, 0x29, 0x13, 0x19, 0x29, 0x13, 0x19, 0x29, 0x13, 0x19, 0x29, 0x13, 0x19, 0x29, 0x13, 0x19, 0x29, 0x13, 0x19, 0x29, 0x13, 0x19, 0x29, 0x13, 0x19, 0x29, 0x13, 0x19, 0x29, 
        0x13, 0x19, 0x29, 0x13, 0x19, 0x29, 0x13, 0x19, 0x29, 0x13, 0x19, 0x29, 0x13, 0x19, 0x29, 0x13, 0x19, 0x29, 0x13, 0x19, 0x29, 0x13, 0x19, 0x29, 0x13, 0x19, 0x29, 0x13, 0x19, 0x29, 0x13, 0x19, 0x29, 0x13, 0x19, 0x29, 0x13, 0x19, 0x29, 
        0x13, 0x19, 0x29, 0x13, 0x19, 0x29, 0x13, 0x19, 0x29, 0x13, 0x19, 0x29, 0x13, 0x19, 0x29, 0x13, 0x19, 0x29, 0x13, 0x19, 0x29, 0x13, 0x19, 0x29, 0x13, 0x19, 0x29, 0x13, 0x19, 0x29, 0x13, 0x19, 0x29, 0x13, 0x19, 0x29, 0x13, 0x19, 0x29, 
        0x13, 0x19, 0x29, 0x13, 0x19, 0x29, 0x13, 0x19, 0x29, 0x13, 0x19, 0x29, 0x13, 0x19, 0x29, 0x13, 0x19, 0x29, 0x13, 0x19, 0x29, 0x13, 0x19, 0x29, 0x13, 0x19, 0x29, 0x13, 0x19, 0x29, 0x13, 0x19, 0x29, 0x13, 0x19, 0x29, 0x13, 0x19, 0x29, 
        0x13, 0x19, 0x29, 0x13, 0x19, 0x29, 0x13, 0x19, 0x29, 0x13, 0x19, 0x29, 0x13, 0x19, 0x29, 0x13, 0x19, 0x29, 0x13, 0x19, 0x29, 0x13, 0x19, 0x29, 0x13, 0x19, 0x29, 0x13, 0x19, 0x29, 0x13, 0x19, 0x29, 0x13, 0x19, 0x29, 0x13, 0x19, 0x29, 
        0x13, 0x19, 0x29, 0x13, 0x19, 0x29, 0x13, 0x19, 0x29, 0x13, 0x19, 0x29, 0x13, 0x19, 0x29, 0x13, 0x19, 0x29, 0x13, 0x19, 0x29, 0x13, 0x19, 0x29, 0x13, 0x19, 0x29, 0x13, 0x19, 0x29, 0x13, 0x19, 0x29, 0x13, 0x19, 0x29, 0x13, 0x19, 0x29, 
        0x13, 0x19, 0x29, 0x13, 0x19, 0x29, 0x13, 0x19, 0x29, 0x13, 0x19, 0x29, 0x13, 0x19, 0x29, 0x13, 0x19, 0x29, 0x13, 0x19, 0x29, 0x13, 0x19, 0x29, 0x13, 0x19, 0x29, 0x13, 0x19, 0x29, 0x13, 0x19, 0x29, 0x13, 0x19, 0x29, 0x13, 0x19, 0x29, 
        0x13, 0x19, 0x29, 0x13, 0x19, 0x29, 0x13, 0x19, 0x29, 0x13, 0x19, 0x29, 0x13, 0x19, 0x29, 0x13, 0x19, 0x29, 0x13, 0x19, 0x29, 0x13, 0x19, 0x29, 0x13, 0x19, 0x29, 0x13, 0x19, 0x29, 0x13, 0x19, 0x29, 0x13, 0x19, 0x29, 0x13, 0x19, 0x29, 
        0x13, 0x19, 0x29, 0x13, 0x19, 0x29, 0x13, 0x19, 0x29, 0x13, 0x19, 0x29, 0x13, 0x19, 0x29, 0x13, 0x19, 0x29, 0x13, 0x19, 0x29, 0x13, 0x19, 0x29, 0x13, 0x19, 0x29, 0x13, 0x19, 0x29, 0x13, 0x19, 0x29, 0x13, 0x19, 0x29, 0x13, 0x19, 0x29, 
        0x13, 0x19, 0x29, 0x13, 0x19, 0x29, 0x13, 0x19, 0x29, 0x13, 0x19, 0x29, 0x13, 0x19, 0x29, 0x13, 0x19, 0x29, 0x13, 0x19, 0x29, 0x13, 0x19, 0x29, 0x13, 0x19, 0x29, 0x13, 0x19, 0x29, 0x13, 0x19, 0x29, 0x13, 0x19, 0x29, 0x13, 0x19, 0x29, 
        0x13, 0x19, 0x29, 0x13, 0x19, 0x29, 0x13, 0x19, 0x29, 0x13, 0x19, 0x29, 0x13, 0x19, 0x29, 0x13, 0x19, 0x29, 0x13, 0x19, 0x29, 0x13, 0x19, 0x29, 0x13, 0x19, 0x29, 0x13, 0x19, 0x29, 0x13, 0x19, 0x29, 0x13, 0x19, 0x29, 0x13, 0x19, 0x29, 
        0x13, 0x19, 0x29, 0x13, 0x19, 0x29, 0x13, 0x19, 0x29, 0x13, 0x19, 0x29, 0x13, 0x19, 0x29, 0x13, 0x19, 0x29, 0x13, 0x19, 0x29, 0x13, 0x19, 0x29, 0x13, 0x19, 0x29, 0x13, 0x19, 0x29, 0x13, 0x19, 0x29, 0x13, 0x19, 0x29, 0x13, 0x19, 0x29, 
        0x13, 0x19, 0x29, 0x13, 0x19, 0x29, 0x13, 0x19, 0x29, 0x13, 0x19, 0x29, 0x13, 0x19, 0x29, 0x13, 0x19, 0x29, 0x13, 0x19, 0x29, 0x13, 0x19, 0x29, 0x13, 0x19, 0x29, 0x13, 0x19, 0x29, 0x13, 0x19, 0x29, 0x13, 0x19, 0x29, 0x13, 0x19, 0x29, 
        0x13, 0x19, 0x29, 0x13, 0x19, 0x29, 0x13, 0x19, 0x29, 0x13, 0x19, 0x29, 0x13, 0x19, 0x29, 0x13, 0x19, 0x29, 0x13, 0x19, 0x29, 0x13, 0x19, 0x29, 0x13, 0x19, 0x29, 0x13, 0x19, 0x29, 0x13, 0x19, 0x29, 0x13, 0x19, 0x29, 0x13, 0x19, 0x29, 
        0x13, 0x19, 0x29, 0x13, 0x19, 0x29, 0x13, 0x19, 0x29, 0x13, 0x19, 0x29, 0x13, 0x19, 0x29, 0x13, 0x19, 0x29, 0x13, 0x19, 0x29, 0x13, 0x19, 0x29, 0x13, 0x19, 0x29, 0x13, 0x19, 0x29, 0x13, 0x19, 0x29, 0x13, 0x19, 0x29, 0x13, 0x19, 0x29, 
        0x13, 0x19, 0x29, 0x13, 0x19, 0x29, 0x13, 0x19, 0x29, 0x13, 0x19, 0x29,
  0x13, 0x19, 0x29, 0x13, 0x19, 0x29, 0x13, 0x19, 0x29, 0x13, 0x19, 0x29, 0x13, 0x19, 0x29, 0x13, 0x19, 0x29, 0x13, 0x19, 0x29, 0x13, 0x19, 0x29, 0x13, 0x19, 0x29, 0x13, 0x19, 0x29, 0x13, 0x19, 0x29, 0x13, 0x19, 0x29, 0x13, 0x19, 0x29, 0x13, 0x19, 0x29, 
        0x13, 0x19, 0x29, 0x13, 0x19, 0x29, 0x13, 0x19, 0x29, 0x13, 0x19, 0x29, 0x13, 0x19, 0x29, 0x13, 0x19, 0x29, 0x13, 0x19, 0x29, 0x13, 0x19, 0x29, 0x13, 0x19, 0x29, 0x13, 0x19, 0x29, 0x13, 0x19, 0x29, 0x13, 0x19, 0x29, 0x13, 0x19, 0x29, 
        0x13, 0x19, 0x29, 0x13, 0x19, 0x29, 0x13, 0x19, 0x29, 0x13, 0x19, 0x29, 0x13, 0x19, 0x29, 0x13, 0x19, 0x29, 0x13, 0x19, 0x29, 0x13, 0x19, 0x29, 0x13, 0x19, 0x29, 0x13, 0x19, 0x29, 0x13, 0x19, 0x29, 0x13, 0x19, 0x29, 0x13, 0x19, 0x29, 
        0x13, 0x19, 0x29, 0x13, 0x19, 0x29, 0x13, 0x19, 0x29, 0x13, 0x19, 0x29, 0x13, 0x19, 0x29, 0x13, 0x19, 0x29, 0x13, 0x19, 0x29, 0x13, 0x19, 0x29, 0x13, 0x19, 0x29, 0x13, 0x19, 0x29, 0x13, 0x19, 0x29, 0x13, 0x19, 0x29, 0x13, 0x19, 0x29, 
        0x13, 0x19, 0x29, 0x13, 0x19, 0x29, 0x13, 0x19, 0x29, 0x13, 0x19, 0x29, 0x13, 0x19, 0x29, 0x13, 0x19, 0x29, 0x13, 0x19, 0x29, 0x13, 0x19, 0x29, 0x13, 0x19, 0x29, 0x13, 0x19, 0x29, 0x13, 0x19, 0x29, 0x13, 0x19, 0x29, 0x13, 0x19, 0x29, 
        0x13, 0x19, 0x29, 0x13, 0x19, 0x29, 0x13, 0x19, 0x29, 0x13, 0x19, 0x29, 0x13, 0x19, 0x29, 0x13, 0x19, 0x29, 0x13, 0x19, 0x29, 0x13, 0x19, 0x29, 0x13, 0x19, 0x29, 0x13, 0x19, 0x29, 0x13, 0x19, 0x29, 0x13, 0x19, 0x29, 0x13, 0x19, 0x29, 
        0x13, 0x19, 0x29, 0x13, 0x19, 0x29, 0x13, 0x19, 0x29, 0x13, 0x19, 0x29, 0x13, 0x19, 0x29, 0x13, 0x19, 0x29, 0x13, 0x19, 0x29, 0x13, 0x19, 0x29, 0x13, 0x19, 0x29, 0x13, 0x19, 0x29, 0x13, 0x19, 0x29, 0x13, 0x19, 0x29, 0x13, 0x19, 0x29, 
        0x13, 0x19, 0x29, 0x13, 0x19, 0x29, 0x13, 0x19, 0x29, 0x13, 0x19, 0x29, 0x13, 0x19, 0x29, 0x13, 0x19, 0x29, 0x13, 0x19, 0x29, 0x13, 0x19, 0x29, 0x13, 0x19, 0x29, 0x13, 0x19, 0x29, 0x13, 0x19, 0x29, 0x13, 0x19, 0x29, 0x13, 0x19, 0x29, 
        0x13, 0x19, 0x29, 0x13, 0x19, 0x29, 0x13, 0x19, 0x29, 0x13, 0x19, 0x29, 0x13, 0x19, 0x29, 0x13, 0x19, 0x29, 0x13, 0x19, 0x29, 0x13, 0x19, 0x29, 0x13, 0x19, 0x29, 0x13, 0x19, 0x29, 0x13, 0x19, 0x29, 0x13, 0x19, 0x29, 0x13, 0x19, 0x29, 
        0x13, 0x19, 0x29, 0x13, 0x19, 0x29, 0x13, 0x19, 0x29, 0x13, 0x19, 0x29, 0x13, 0x19, 0x29, 0x13, 0x19, 0x29, 0x13, 0x19, 0x29, 0x13, 0x19, 0x29, 0x13, 0x19, 0x29, 0x13, 0x19, 0x29, 0x13, 0x19, 0x29, 0x13, 0x19, 0x29, 0x13, 0x19, 0x29, 
        0x13, 0x19, 0x29, 0x13, 0x19, 0x29, 0x13, 0x19, 0x29, 0x13, 0x19, 0x29, 0x13, 0x19, 0x29, 0x13, 0x19, 0x29, 0x13, 0x19, 0x29, 0x13, 0x19, 0x29, 0x13, 0x19, 0x29, 0x13, 0x19, 0x29, 0x13, 0x19, 0x29, 0x13, 0x19, 0x29, 0x13, 0x19, 0x29, 
        0x13, 0x19, 0x29, 0x13, 0x19, 0x29, 0x13, 0x19, 0x29, 0x13, 0x19, 0x29, 0x13, 0x19, 0x29, 0x13, 0x19, 0x29, 0x13, 0x19, 0x29, 0x13, 0x19, 0x29, 0x13, 0x19, 0x29, 0x13, 0x19, 0x29, 0x13, 0x19, 0x29, 0x13, 0x19, 0x29, 0x13, 0x19, 0x29, 
        0x13, 0x19, 0x29, 0x13, 0x19, 0x29, 0x13, 0x19, 0x29, 0x13, 0x19, 0x29, 0x13, 0x19, 0x29, 0x13, 0x19, 0x29, 0x13, 0x19, 0x29, 0x13, 0x19, 0x29, 0x13, 0x19, 0x29, 0x13, 0x19, 0x29, 0x13, 0x19, 0x29, 0x13, 0x19, 0x29, 0x13, 0x19, 0x29, 
        0x13, 0x19, 0x29, 0x13, 0x19, 0x29, 0x13, 0x19, 0x29, 0x13, 0x19, 0x29, 0x13, 0x19, 0x29, 0x13, 0x19, 0x29, 0x13, 0x19, 0x29, 0x13, 0x19, 0x29, 0x13, 0x19, 0x29, 0x13, 0x19, 0x29, 0x13, 0x19, 0x29, 0x13, 0x19, 0x29, 0x13, 0x19, 0x29, 
        0x13, 0x19, 0x29, 0x13, 0x19, 0x29, 0x13, 0x19, 0x29, 0x13, 0x19, 0x29, 0x13, 0x19, 0x29, 0x13, 0x19, 0x29, 0x13, 0x19, 0x29, 0x13, 0x19, 0x29, 0x13, 0x19, 0x29, 0x13, 0x19, 0x29, 0x13, 0x19, 0x29, 0x13, 0x19, 0x29, 0x13, 0x19, 0x29, 
        0x13, 0x19, 0x29, 0x13, 0x19, 0x29, 0x13, 0x19, 0x29, 0x13, 0x19, 0x29,
  0x13, 0x19, 0x29, 0x13, 0x19, 0x29, 0x13, 0x19, 0x29, 0x13, 0x19, 0x29, 0x13, 0x19, 0x29, 0x13, 0x19, 0x29, 0x13, 0x19, 0x29, 0x13, 0x19, 0x29, 0x13, 0x19, 0x29, 0x13, 0x19, 0x29, 0x13, 0x19, 0x29, 0x13, 0x19, 0x29, 0x13, 0x19, 0x29, 0x13, 0x19, 0x29, 
        0x13, 0x19, 0x29, 0x13, 0x19, 0x29, 0x13, 0x19, 0x29, 0x13, 0x19, 0x29, 0x13, 0x19, 0x29, 0x13, 0x19, 0x29, 0x13, 0x19, 0x29, 0x13, 0x19, 0x29, 0x13, 0x19, 0x29, 0x13, 0x19, 0x29, 0x13, 0x19, 0x29, 0x13, 0x19, 0x29, 0x13, 0x19, 0x29, 
        0x13, 0x19, 0x29, 0x13, 0x19, 0x29, 0x13, 0x19, 0x29, 0x13, 0x19, 0x29, 0x13, 0x19, 0x29, 0x13, 0x19, 0x29, 0x13, 0x19, 0x29, 0x13, 0x19, 0x29, 0x13, 0x19, 0x29, 0x13, 0x19, 0x29, 0x13, 0x19, 0x29, 0x13, 0x19, 0x29, 0x13, 0x19, 0x29, 
        0x13, 0x19, 0x29, 0x13, 0x19, 0x29, 0x13, 0x19, 0x29, 0x13, 0x19, 0x29, 0x13, 0x19, 0x29, 0x13, 0x19, 0x29, 0x13, 0x19, 0x29, 0x13, 0x19, 0x29, 0x13, 0x19, 0x29, 0x13, 0x19, 0x29, 0x13, 0x19, 0x29, 0x13, 0x19, 0x29, 0x13, 0x19, 0x29, 
        0x13, 0x19, 0x29, 0x13, 0x19, 0x29, 0x13, 0x19, 0x29, 0x13, 0x19, 0x29, 0x13, 0x19, 0x29, 0x13, 0x19, 0x29, 0x13, 0x19, 0x29, 0x13, 0x19, 0x29, 0x13, 0x19, 0x29, 0x13, 0x19, 0x29, 0x13, 0x19, 0x29, 0x13, 0x19, 0x29, 0x13, 0x19, 0x29, 
        0x13, 0x19, 0x29, 0x13, 0x19, 0x29, 0x13, 0x19, 0x29, 0x13, 0x19, 0x29, 0x13, 0x19, 0x29, 0x13, 0x19, 0x29, 0x13, 0x19, 0x29, 0x13, 0x19, 0x29, 0x13, 0x19, 0x29, 0x13, 0x19, 0x29, 0x13, 0x19, 0x29, 0x13, 0x19, 0x29, 0x13, 0x19, 0x29, 
        0x13, 0x19, 0x29, 0x13, 0x19, 0x29, 0x13, 0x19, 0x29, 0x13, 0x19, 0x29, 0x13, 0x19, 0x29, 0x13, 0x19, 0x29, 0x13, 0x19, 0x29, 0x13, 0x19, 0x29, 0x13, 0x19, 0x29, 0x13, 0x19, 0x29, 0x13, 0x19, 0x29, 0x13, 0x19, 0x29, 0x13, 0x19, 0x29, 
        0x13, 0x19, 0x29, 0x13, 0x19, 0x29, 0x13, 0x19, 0x29, 0x13, 0x19, 0x29, 0x13, 0x19, 0x29, 0x13, 0x19, 0x29, 0x13, 0x19, 0x29, 0x13, 0x19, 0x29, 0x13, 0x19, 0x29, 0x13, 0x19, 0x29, 0x13, 0x19, 0x29, 0x13, 0x19, 0x29, 0x13, 0x19, 0x29, 
        0x13, 0x19, 0x29, 0x13, 0x19, 0x29, 0x13, 0x19, 0x29, 0x13, 0x19, 0x29, 0x13, 0x19, 0x29, 0x13, 0x19, 0x29, 0x13, 0x19, 0x29, 0x13, 0x19, 0x29, 0x13, 0x19, 0x29, 0x13, 0x19, 0x29, 0x13, 0x19, 0x29, 0x13, 0x19, 0x29, 0x13, 0x19, 0x29, 
        0x13, 0x19, 0x29, 0x13, 0x19, 0x29, 0x13, 0x19, 0x29, 0x13, 0x19, 0x29, 0x13, 0x19, 0x29, 0x13, 0x19, 0x29, 0x13, 0x19, 0x29, 0x13, 0x19, 0x29, 0x13, 0x19, 0x29, 0x13, 0x19, 0x29, 0x13, 0x19, 0x29, 0x13, 0x19, 0x29, 0x13, 0x19, 0x29, 
        0x13, 0x19, 0x29, 0x13, 0x19, 0x29, 0x13, 0x19, 0x29, 0x13, 0x19, 0x29, 0x13, 0x19, 0x29, 0x13, 0x19, 0x29, 0x13, 0x19, 0x29, 0x13, 0x19, 0x29, 0x13, 0x19, 0x29, 0x13, 0x19, 0x29, 0x13, 0x19, 0x29, 0x13, 0x19, 0x29, 0x13, 0x19, 0x29, 
        0x13, 0x19, 0x29, 0x13, 0x19, 0x29, 0x13, 0x19, 0x29, 0x13, 0x19, 0x29, 0x13, 0x19, 0x29, 0x13, 0x19, 0x29, 0x13, 0x19, 0x29, 0x13, 0x19, 0x29, 0x13, 0x19, 0x29, 0x13, 0x19, 0x29, 0x13, 0x19, 0x29, 0x13, 0x19, 0x29, 0x13, 0x19, 0x29, 
        0x13, 0x19, 0x29, 0x13, 0x19, 0x29, 0x13, 0x19, 0x29, 0x13, 0x19, 0x29, 0x13, 0x19, 0x29, 0x13, 0x19, 0x29, 0x13, 0x19, 0x29, 0x13, 0x19, 0x29, 0x13, 0x19, 0x29, 0x13, 0x19, 0x29, 0x13, 0x19, 0x29, 0x13, 0x19, 0x29, 0x13, 0x19, 0x29, 
        0x13, 0x19, 0x29, 0x13, 0x19, 0x29, 0x13, 0x19, 0x29, 0x13, 0x19, 0x29, 0x13, 0x19, 0x29, 0x13, 0x19, 0x29, 0x13, 0x19, 0x29, 0x13, 0x19, 0x29, 0x13, 0x19, 0x29, 0x13, 0x19, 0x29, 0x13, 0x19, 0x29, 0x13, 0x19, 0x29, 0x13, 0x19, 0x29, 
        0x13, 0x19, 0x29, 0x13, 0x19, 0x29, 0x13, 0x19, 0x29, 0x13, 0x19, 0x29, 0x13, 0x19, 0x29, 0x13, 0x19, 0x29, 0x13, 0x19, 0x29, 0x13, 0x19, 0x29, 0x13, 0x19, 0x29, 0x13, 0x19, 0x29, 0x13, 0x19, 0x29, 0x13, 0x19, 0x29, 0x13, 0x19, 0x29, 
        0x13, 0x19, 0x29, 0x13, 0x19, 0x29, 0x13, 0x19, 0x29, 0x13, 0x19, 0x29,
  0x13, 0x19, 0x29, 0x13, 0x19, 0x29, 0x13, 0x19, 0x29, 0x13, 0x19, 0x29, 0x13, 0x19, 0x29, 0x13, 0x19, 0x29, 0x13, 0x19, 0x29, 0x13, 0x19, 0x29, 0x13, 0x19, 0x29, 0x13, 0x19, 0x29, 0x13, 0x19, 0x29, 0x13, 0x19, 0x29, 0x13, 0x19, 0x29, 0x13, 0x19, 0x29, 
        0x13, 0x19, 0x29, 0x13, 0x19, 0x29, 0x13, 0x19, 0x29, 0x13, 0x19, 0x29, 0x13, 0x19, 0x29, 0x13, 0x19, 0x29, 0x13, 0x19, 0x29, 0x13, 0x19, 0x29, 0x13, 0x19, 0x29, 0x13, 0x19, 0x29, 0x13, 0x19, 0x29, 0x13, 0x19, 0x29, 0x13, 0x19, 0x29, 
        0x13, 0x19, 0x29, 0x13, 0x19, 0x29, 0x13, 0x19, 0x29, 0x13, 0x19, 0x29, 0x13, 0x19, 0x29, 0x13, 0x19, 0x29, 0x13, 0x19, 0x29, 0x13, 0x19, 0x29, 0x13, 0x19, 0x29, 0x13, 0x19, 0x29, 0x13, 0x19, 0x29, 0x13, 0x19, 0x29, 0x13, 0x19, 0x29, 
        0x13, 0x19, 0x29, 0x13, 0x19, 0x29, 0x13, 0x19, 0x29, 0x13, 0x19, 0x29, 0x13, 0x19, 0x29, 0x13, 0x19, 0x29, 0x13, 0x19, 0x29, 0x13, 0x19, 0x29, 0x13, 0x19, 0x29, 0x13, 0x19, 0x29, 0x13, 0x19, 0x29, 0x13, 0x19, 0x29, 0x13, 0x19, 0x29, 
        0x13, 0x19, 0x29, 0x13, 0x19, 0x29, 0x13, 0x19, 0x29, 0x13, 0x19, 0x29, 0x13, 0x19, 0x29, 0x13, 0x19, 0x29, 0x13, 0x19, 0x29, 0x13, 0x19, 0x29, 0x13, 0x19, 0x29, 0x13, 0x19, 0x29, 0x13, 0x19, 0x29, 0x13, 0x19, 0x29, 0x13, 0x19, 0x29, 
        0x13, 0x19, 0x29, 0x13, 0x19, 0x29, 0x13, 0x19, 0x29, 0x13, 0x19, 0x29, 0x13, 0x19, 0x29, 0x13, 0x19, 0x29, 0x13, 0x19, 0x29, 0x13, 0x19, 0x29, 0x13, 0x19, 0x29, 0x13, 0x19, 0x29, 0x13, 0x19, 0x29, 0x13, 0x19, 0x29, 0x13, 0x19, 0x29, 
        0x13, 0x19, 0x29, 0x13, 0x19, 0x29, 0x13, 0x19, 0x29, 0x13, 0x19, 0x29, 0x13, 0x19, 0x29, 0x13, 0x19, 0x29, 0x13, 0x19, 0x29, 0x13, 0x19, 0x29, 0x13, 0x19, 0x29, 0x13, 0x19, 0x29, 0x13, 0x19, 0x29, 0x13, 0x19, 0x29, 0x13, 0x19, 0x29, 
        0x13, 0x19, 0x29, 0x13, 0x19, 0x29, 0x13, 0x19, 0x29, 0x13, 0x19, 0x29, 0x13, 0x19, 0x29, 0x13, 0x19, 0x29, 0x13, 0x19, 0x29, 0x13, 0x19, 0x29, 0x13, 0x19, 0x29, 0x13, 0x19, 0x29, 0x13, 0x19, 0x29, 0x13, 0x19, 0x29, 0x13, 0x19, 0x29, 
        0x13, 0x19, 0x29, 0x13, 0x19, 0x29, 0x13, 0x19, 0x29, 0x13, 0x19, 0x29, 0x13, 0x19, 0x29, 0x13, 0x19, 0x29, 0x13, 0x19, 0x29, 0x13, 0x19, 0x29, 0x13, 0x19, 0x29, 0x13, 0x19, 0x29, 0x13, 0x19, 0x29, 0x13, 0x19, 0x29, 0x13, 0x19, 0x29, 
        0x13, 0x19, 0x29, 0x13, 0x19, 0x29, 0x13, 0x19, 0x29, 0x13, 0x19, 0x29, 0x13, 0x19, 0x29, 0x13, 0x19, 0x29, 0x13, 0x19, 0x29, 0x13, 0x19, 0x29, 0x13, 0x19, 0x29, 0x13, 0x19, 0x29, 0x13, 0x19, 0x29, 0x13, 0x19, 0x29, 0x13, 0x19, 0x29, 
        0x13, 0x19, 0x29, 0x13, 0x19, 0x29, 0x13, 0x19, 0x29, 0x13, 0x19, 0x29, 0x13, 0x19, 0x29, 0x13, 0x19, 0x29, 0x13, 0x19, 0x29, 0x13, 0x19, 0x29, 0x13, 0x19, 0x29, 0x13, 0x19, 0x29, 0x13, 0x19, 0x29, 0x13, 0x19, 0x29, 0x13, 0x19, 0x29, 
        0x13, 0x19, 0x29, 0x13, 0x19, 0x29, 0x13, 0x19, 0x29, 0x13, 0x19, 0x29, 0x13, 0x19, 0x29, 0x13, 0x19, 0x29, 0x13, 0x19, 0x29, 0x13, 0x19, 0x29, 0x13, 0x19, 0x29, 0x13, 0x19, 0x29, 0x13, 0x19, 0x29, 0x13, 0x19, 0x29, 0x13, 0x19, 0x29, 
        0x13, 0x19, 0x29, 0x13, 0x19, 0x29, 0x13, 0x19, 0x29, 0x13, 0x19, 0x29, 0x13, 0x19, 0x29, 0x13, 0x19, 0x29, 0x13, 0x19, 0x29, 0x13, 0x19, 0x29, 0x13, 0x19, 0x29, 0x13, 0x19, 0x29, 0x13, 0x19, 0x29, 0x13, 0x19, 0x29, 0x13, 0x19, 0x29, 
        0x13, 0x19, 0x29, 0x13, 0x19, 0x29, 0x13, 0x19, 0x29, 0x13, 0x19, 0x29, 0x13, 0x19, 0x29, 0x13, 0x19, 0x29, 0x13, 0x19, 0x29, 0x13, 0x19, 0x29, 0x13, 0x19, 0x29, 0x13, 0x19, 0x29, 0x13, 0x19, 0x29, 0x13, 0x19, 0x29, 0x13, 0x19, 0x29, 
        0x13, 0x19, 0x29, 0x13, 0x19, 0x29, 0x13, 0x19, 0x29, 0x13, 0x19, 0x29, 0x13, 0x19, 0x29, 0x13, 0x19, 0x29, 0x13, 0x19, 0x29, 0x13, 0x19, 0x29, 0x13, 0x19, 0x29, 0x13, 0x19, 0x29, 0x13, 0x19, 0x29, 0x13, 0x19, 0x29, 0x13, 0x19, 0x29, 
        0x13, 0x19, 0x29, 0x13, 0x19, 0x29, 0x13, 0x19, 0x29, 0x13, 0x19, 0x29,
  0x13, 0x19, 0x29, 0x13, 0x19, 0x29, 0x13, 0x19, 0x29, 0x13, 0x19, 0x29, 0x13, 0x19, 0x29, 0x13, 0x19, 0x29, 0x13, 0x19, 0x29, 0x13, 0x19, 0x29, 0x13, 0x19, 0x29, 0x13, 0x19, 0x29, 0x13, 0x19, 0x29, 0x13, 0x19, 0x29, 0x13, 0x19, 0x29, 0x13, 0x19, 0x29, 
        0x13, 0x19, 0x29, 0x13, 0x19, 0x29, 0x13, 0x19, 0x29, 0x13, 0x19, 0x29, 0x13, 0x19, 0x29, 0x13, 0x19, 0x29, 0x13, 0x19, 0x29, 0x13, 0x19, 0x29, 0x13, 0x19, 0x29, 0x13, 0x19, 0x29, 0x13, 0x19, 0x29, 0x13, 0x19, 0x29, 0x13, 0x19, 0x29, 
        0x13, 0x19, 0x29, 0x13, 0x19, 0x29, 0x13, 0x19, 0x29, 0x13, 0x19, 0x29, 0x13, 0x19, 0x29, 0x13, 0x19, 0x29, 0x13, 0x19, 0x29, 0x13, 0x19, 0x29, 0x13, 0x19, 0x29, 0x13, 0x19, 0x29, 0x13, 0x19, 0x29, 0x13, 0x19, 0x29, 0x13, 0x19, 0x29, 
        0x13, 0x19, 0x29, 0x13, 0x19, 0x29, 0x13, 0x19, 0x29, 0x13, 0x19, 0x29, 0x13, 0x19, 0x29, 0x13, 0x19, 0x29, 0x13, 0x19, 0x29, 0x13, 0x19, 0x29, 0x13, 0x19, 0x29, 0x13, 0x19, 0x29, 0x13, 0x19, 0x29, 0x13, 0x19, 0x29, 0x13, 0x19, 0x29, 
        0x13, 0x19, 0x29, 0x13, 0x19, 0x29, 0x13, 0x19, 0x29, 0x13, 0x19, 0x29, 0x13, 0x19, 0x29, 0x13, 0x19, 0x29, 0x13, 0x19, 0x29, 0x13, 0x19, 0x29, 0x13, 0x19, 0x29, 0x13, 0x19, 0x29, 0x13, 0x19, 0x29, 0x13, 0x19, 0x29, 0x13, 0x19, 0x29, 
        0x13, 0x19, 0x29, 0x13, 0x19, 0x29, 0x13, 0x19, 0x29, 0x13, 0x19, 0x29, 0x13, 0x19, 0x29, 0x13, 0x19, 0x29, 0x13, 0x19, 0x29, 0x13, 0x19, 0x29, 0x13, 0x19, 0x29, 0x13, 0x19, 0x29, 0x13, 0x19, 0x29, 0x13, 0x19, 0x29, 0x13, 0x19, 0x29, 
        0x13, 0x19, 0x29, 0x13, 0x19, 0x29, 0x13, 0x19, 0x29, 0x13, 0x19, 0x29, 0x13, 0x19, 0x29, 0x13, 0x19, 0x29, 0x13, 0x19, 0x29, 0x13, 0x19, 0x29, 0x13, 0x19, 0x29, 0x13, 0x19, 0x29, 0x13, 0x19, 0x29, 0x13, 0x19, 0x29, 0x13, 0x19, 0x29, 
        0x13, 0x19, 0x29, 0x13, 0x19, 0x29, 0x13, 0x19, 0x29, 0x13, 0x19, 0x29, 0x13, 0x19, 0x29, 0x13, 0x19, 0x29, 0x13, 0x19, 0x29, 0x13, 0x19, 0x29, 0x13, 0x19, 0x29, 0x13, 0x19, 0x29, 0x13, 0x19, 0x29, 0x13, 0x19, 0x29, 0x13, 0x19, 0x29, 
        0x13, 0x19, 0x29, 0x13, 0x19, 0x29, 0x13, 0x19, 0x29, 0x13, 0x19, 0x29, 0x13, 0x19, 0x29, 0x13, 0x19, 0x29, 0x13, 0x19, 0x29, 0x13, 0x19, 0x29, 0x13, 0x19, 0x29, 0x13, 0x19, 0x29, 0x13, 0x19, 0x29, 0x13, 0x19, 0x29, 0x13, 0x19, 0x29, 
        0x13, 0x19, 0x29, 0x13, 0x19, 0x29, 0x13, 0x19, 0x29, 0x13, 0x19, 0x29, 0x13, 0x19, 0x29, 0x13, 0x19, 0x29, 0x13, 0x19, 0x29, 0x13, 0x19, 0x29, 0x13, 0x19, 0x29, 0x13, 0x19, 0x29, 0x13, 0x19, 0x29, 0x13, 0x19, 0x29, 0x13, 0x19, 0x29, 
        0x13, 0x19, 0x29, 0x13, 0x19, 0x29, 0x13, 0x19, 0x29, 0x13, 0x19, 0x29, 0x13, 0x19, 0x29, 0x13, 0x19, 0x29, 0x13, 0x19, 0x29, 0x13, 0x19, 0x29, 0x13, 0x19, 0x29, 0x13, 0x19, 0x29, 0x13, 0x19, 0x29, 0x13, 0x19, 0x29, 0x13, 0x19, 0x29, 
        0x13, 0x19, 0x29, 0x13, 0x19, 0x29, 0x13, 0x19, 0x29, 0x13, 0x19, 0x29, 0x13, 0x19, 0x29, 0x13, 0x19, 0x29, 0x13, 0x19, 0x29, 0x13, 0x19, 0x29, 0x13, 0x19, 0x29, 0x13, 0x19, 0x29, 0x13, 0x19, 0x29, 0x13, 0x19, 0x29, 0x13, 0x19, 0x29, 
        0x13, 0x19, 0x29, 0x13, 0x19, 0x29, 0x13, 0x19, 0x29, 0x13, 0x19, 0x29, 0x13, 0x19, 0x29, 0x13, 0x19, 0x29, 0x13, 0x19, 0x29, 0x13, 0x19, 0x29, 0x13, 0x19, 0x29, 0x13, 0x19, 0x29, 0x13, 0x19, 0x29, 0x13, 0x19, 0x29, 0x13, 0x19, 0x29, 
        0x13, 0x19, 0x29, 0x13, 0x19, 0x29, 0x13, 0x19, 0x29, 0x13, 0x19, 0x29, 0x13, 0x19, 0x29, 0x13, 0x19, 0x29, 0x13, 0x19, 0x29, 0x13, 0x19, 0x29, 0x13, 0x19, 0x29, 0x13, 0x19, 0x29, 0x13, 0x19, 0x29, 0x13, 0x19, 0x29, 0x13, 0x19, 0x29, 
        0x13, 0x19, 0x29, 0x13, 0x19, 0x29, 0x13, 0x19, 0x29, 0x13, 0x19, 0x29, 0x13, 0x19, 0x29, 0x13, 0x19, 0x29, 0x13, 0x19, 0x29, 0x13, 0x19, 0x29, 0x13, 0x19, 0x29, 0x13, 0x19, 0x29, 0x13, 0x19, 0x29, 0x13, 0x19, 0x29, 0x13, 0x19, 0x29, 
        0x13, 0x19, 0x29, 0x13, 0x19, 0x29, 0x13, 0x19, 0x29, 0x13, 0x19, 0x29,
  0x13, 0x19, 0x29, 0x13, 0x19, 0x29, 0x13, 0x19, 0x29, 0x13, 0x19, 0x29, 0x13, 0x19, 0x29, 0x13, 0x19, 0x29, 0x13, 0x19, 0x29, 0x13, 0x19, 0x29, 0x13, 0x19, 0x29, 0x13, 0x19, 0x29, 0x13, 0x19, 0x29, 0x13, 0x19, 0x29, 0x13, 0x19, 0x29, 0x13, 0x19, 0x29, 
        0x13, 0x19, 0x29, 0x13, 0x19, 0x29, 0x13, 0x19, 0x29, 0x13, 0x19, 0x29, 0x13, 0x19, 0x29, 0x13, 0x19, 0x29, 0x13, 0x19, 0x29, 0x13, 0x19, 0x29, 0x13, 0x19, 0x29, 0x13, 0x19, 0x29, 0x13, 0x19, 0x29, 0x13, 0x19, 0x29, 0x13, 0x19, 0x29, 
        0x13, 0x19, 0x29, 0x13, 0x19, 0x29, 0x13, 0x19, 0x29, 0x13, 0x19, 0x29, 0x13, 0x19, 0x29, 0x13, 0x19, 0x29, 0x13, 0x19, 0x29, 0x13, 0x19, 0x29, 0x13, 0x19, 0x29, 0x13, 0x19, 0x29, 0x13, 0x19, 0x29, 0x13, 0x19, 0x29, 0x13, 0x19, 0x29, 
        0x13, 0x19, 0x29, 0x13, 0x19, 0x29, 0x13, 0x19, 0x29, 0x13, 0x19, 0x29, 0x13, 0x19, 0x29, 0x13, 0x19, 0x29, 0x13, 0x19, 0x29, 0x13, 0x19, 0x29, 0x13, 0x19, 0x29, 0x13, 0x19, 0x29, 0x13, 0x19, 0x29, 0x13, 0x19, 0x29, 0x13, 0x19, 0x29, 
        0x13, 0x19, 0x29, 0x13, 0x19, 0x29, 0x13, 0x19, 0x29, 0x13, 0x19, 0x29, 0x13, 0x19, 0x29, 0x13, 0x19, 0x29, 0x13, 0x19, 0x29, 0x13, 0x19, 0x29, 0x13, 0x19, 0x29, 0x13, 0x19, 0x29, 0x13, 0x19, 0x29, 0x13, 0x19, 0x29, 0x13, 0x19, 0x29, 
        0x13, 0x19, 0x29, 0x13, 0x19, 0x29, 0x13, 0x19, 0x29, 0x13, 0x19, 0x29, 0x13, 0x19, 0x29, 0x13, 0x19, 0x29, 0x13, 0x19, 0x29, 0x13, 0x19, 0x29, 0x13, 0x19, 0x29, 0x13, 0x19, 0x29, 0x13, 0x19, 0x29, 0x13, 0x19, 0x29, 0x13, 0x19, 0x29, 
        0x13, 0x19, 0x29, 0x13, 0x19, 0x29, 0x13, 0x19, 0x29, 0x13, 0x19, 0x29, 0x13, 0x19, 0x29, 0x13, 0x19, 0x29, 0x13, 0x19, 0x29, 0x13, 0x19, 0x29, 0x13, 0x19, 0x29, 0x13, 0x19, 0x29, 0x13, 0x19, 0x29, 0x13, 0x19, 0x29, 0x13, 0x19, 0x29, 
        0x13, 0x19, 0x29, 0x13, 0x19, 0x29, 0x13, 0x19, 0x29, 0x13, 0x19, 0x29, 0x13, 0x19, 0x29, 0x13, 0x19, 0x29, 0x13, 0x19, 0x29, 0x13, 0x19, 0x29, 0x13, 0x19, 0x29, 0x13, 0x19, 0x29, 0x13, 0x19, 0x29, 0x13, 0x19, 0x29, 0x13, 0x19, 0x29, 
        0x13, 0x19, 0x29, 0x13, 0x19, 0x29, 0x13, 0x19, 0x29, 0x13, 0x19, 0x29, 0x13, 0x19, 0x29, 0x13, 0x19, 0x29, 0x13, 0x19, 0x29, 0x13, 0x19, 0x29, 0x13, 0x19, 0x29, 0x13, 0x19, 0x29, 0x13, 0x19, 0x29, 0x13, 0x19, 0x29, 0x13, 0x19, 0x29, 
        0x13, 0x19, 0x29, 0x13, 0x19, 0x29, 0x13, 0x19, 0x29, 0x13, 0x19, 0x29, 0x13, 0x19, 0x29, 0x13, 0x19, 0x29, 0x13, 0x19, 0x29, 0x13, 0x19, 0x29, 0x13, 0x19, 0x29, 0x13, 0x19, 0x29, 0x13, 0x19, 0x29, 0x13, 0x19, 0x29, 0x13, 0x19, 0x29, 
        0x13, 0x19, 0x29, 0x13, 0x19, 0x29, 0x13, 0x19, 0x29, 0x13, 0x19, 0x29, 0x13, 0x19, 0x29, 0x13, 0x19, 0x29, 0x13, 0x19, 0x29, 0x13, 0x19, 0x29, 0x13, 0x19, 0x29, 0x13, 0x19, 0x29, 0x13, 0x19, 0x29, 0x13, 0x19, 0x29, 0x13, 0x19, 0x29, 
        0x13, 0x19, 0x29, 0x13, 0x19, 0x29, 0x13, 0x19, 0x29, 0x13, 0x19, 0x29, 0x13, 0x19, 0x29, 0x13, 0x19, 0x29, 0x13, 0x19, 0x29, 0x13, 0x19, 0x29, 0x13, 0x19, 0x29, 0x13, 0x19, 0x29, 0x13, 0x19, 0x29, 0x13, 0x19, 0x29, 0x13, 0x19, 0x29, 
        0x13, 0x19, 0x29, 0x13, 0x19, 0x29, 0x13, 0x19, 0x29, 0x13, 0x19, 0x29, 0x13, 0x19, 0x29, 0x13, 0x19, 0x29, 0x13, 0x19, 0x29, 0x13, 0x19, 0x29, 0x13, 0x19, 0x29, 0x13, 0x19, 0x29, 0x13, 0x19, 0x29, 0x13, 0x19, 0x29, 0x13, 0x19, 0x29, 
        0x13, 0x19, 0x29, 0x13, 0x19, 0x29, 0x13, 0x19, 0x29, 0x13, 0x19, 0x29, 0x13, 0x19, 0x29, 0x13, 0x19, 0x29, 0x13, 0x19, 0x29, 0x13, 0x19, 0x29, 0x13, 0x19, 0x29, 0x13, 0x19, 0x29, 0x13, 0x19, 0x29, 0x13, 0x19, 0x29, 0x13, 0x19, 0x29, 
        0x13, 0x19, 0x29, 0x13, 0x19, 0x29, 0x13, 0x19, 0x29, 0x13, 0x19, 0x29, 0x13, 0x19, 0x29, 0x13, 0x19, 0x29, 0x13, 0x19, 0x29, 0x13, 0x19, 0x29, 0x13, 0x19, 0x29, 0x13, 0x19, 0x29, 0x13, 0x19, 0x29, 0x13, 0x19, 0x29, 0x13, 0x19, 0x29, 
        0x13, 0x19, 0x29, 0x13, 0x19, 0x29, 0x13, 0x19, 0x29, 0x13, 0x19, 0x29,
  0x13, 0x19, 0x29, 0x13, 0x19, 0x29, 0x13, 0x19, 0x29, 0x13, 0x19, 0x29, 0x13, 0x19, 0x29, 0x13, 0x19, 0x29, 0x13, 0x19, 0x29, 0x13, 0x19, 0x29, 0x13, 0x19, 0x29, 0x13, 0x19, 0x29, 0x13, 0x19, 0x29, 0x13, 0x19, 0x29, 0x13, 0x19, 0x29, 0x13, 0x19, 0x29, 
        0x13, 0x19, 0x29, 0x13, 0x19, 0x29, 0x13, 0x19, 0x29, 0x13, 0x19, 0x29, 0x13, 0x19, 0x29, 0x13, 0x19, 0x29, 0x13, 0x19, 0x29, 0x13, 0x19, 0x29, 0x13, 0x19, 0x29, 0x13, 0x19, 0x29, 0x13, 0x19, 0x29, 0x13, 0x19, 0x29, 0x13, 0x19, 0x29, 
        0x13, 0x19, 0x29, 0x13, 0x19, 0x29, 0x13, 0x19, 0x29, 0x13, 0x19, 0x29, 0x13, 0x19, 0x29, 0x13, 0x19, 0x29, 0x13, 0x19, 0x29, 0x13, 0x19, 0x29, 0x13, 0x19, 0x29, 0x13, 0x19, 0x29, 0x13, 0x19, 0x29, 0x13, 0x19, 0x29, 0x13, 0x19, 0x29, 
        0x13, 0x19, 0x29, 0x13, 0x19, 0x29, 0x13, 0x19, 0x29, 0x13, 0x19, 0x29, 0x13, 0x19, 0x29, 0x13, 0x19, 0x29, 0x13, 0x19, 0x29, 0x13, 0x19, 0x29, 0x13, 0x19, 0x29, 0x13, 0x19, 0x29, 0x13, 0x19, 0x29, 0x13, 0x19, 0x29, 0x13, 0x19, 0x29, 
        0x13, 0x19, 0x29, 0x13, 0x19, 0x29, 0x13, 0x19, 0x29, 0x13, 0x19, 0x29, 0x13, 0x19, 0x29, 0x13, 0x19, 0x29, 0x13, 0x19, 0x29, 0x13, 0x19, 0x29, 0x13, 0x19, 0x29, 0x13, 0x19, 0x29, 0x13, 0x19, 0x29, 0x13, 0x19, 0x29, 0x13, 0x19, 0x29, 
        0x13, 0x19, 0x29, 0x13, 0x19, 0x29, 0x13, 0x19, 0x29, 0x13, 0x19, 0x29, 0x13, 0x19, 0x29, 0x13, 0x19, 0x29, 0x13, 0x19, 0x29, 0x13, 0x19, 0x29, 0x13, 0x19, 0x29, 0x13, 0x19, 0x29, 0x13, 0x19, 0x29, 0x13, 0x19, 0x29, 0x13, 0x19, 0x29, 
        0x13, 0x19, 0x29, 0x13, 0x19, 0x29, 0x13, 0x19, 0x29, 0x13, 0x19, 0x29, 0x13, 0x19, 0x29, 0x13, 0x19, 0x29, 0x13, 0x19, 0x29, 0x13, 0x19, 0x29, 0x13, 0x19, 0x29, 0x13, 0x19, 0x29, 0x13, 0x19, 0x29, 0x13, 0x19, 0x29, 0x13, 0x19, 0x29, 
        0x13, 0x19, 0x29, 0x13, 0x19, 0x29, 0x13, 0x19, 0x29, 0x13, 0x19, 0x29, 0x13, 0x19, 0x29, 0x13, 0x19, 0x29, 0x13, 0x19, 0x29, 0x13, 0x19, 0x29, 0x13, 0x19, 0x29, 0x13, 0x19, 0x29, 0x13, 0x19, 0x29, 0x13, 0x19, 0x29, 0x13, 0x19, 0x29, 
        0x13, 0x19, 0x29, 0x13, 0x19, 0x29, 0x13, 0x19, 0x29, 0x13, 0x19, 0x29, 0x13, 0x19, 0x29, 0x13, 0x19, 0x29, 0x13, 0x19, 0x29, 0x13, 0x19, 0x29, 0x13, 0x19, 0x29, 0x13, 0x19, 0x29, 0x13, 0x19, 0x29, 0x13, 0x19, 0x29, 0x13, 0x19, 0x29, 
        0x13, 0x19, 0x29, 0x13, 0x19, 0x29, 0x13, 0x19, 0x29, 0x13, 0x19, 0x29, 0x13, 0x19, 0x29, 0x13, 0x19, 0x29, 0x13, 0x19, 0x29, 0x13, 0x19, 0x29, 0x13, 0x19, 0x29, 0x13, 0x19, 0x29, 0x13, 0x19, 0x29, 0x13, 0x19, 0x29, 0x13, 0x19, 0x29, 
        0x13, 0x19, 0x29, 0x13, 0x19, 0x29, 0x13, 0x19, 0x29, 0x13, 0x19, 0x29, 0x13, 0x19, 0x29, 0x13, 0x19, 0x29, 0x13, 0x19, 0x29, 0x13, 0x19, 0x29, 0x13, 0x19, 0x29, 0x13, 0x19, 0x29, 0x13, 0x19, 0x29, 0x13, 0x19, 0x29, 0x13, 0x19, 0x29, 
        0x13, 0x19, 0x29, 0x13, 0x19, 0x29, 0x13, 0x19, 0x29, 0x13, 0x19, 0x29, 0x13, 0x19, 0x29, 0x13, 0x19, 0x29, 0x13, 0x19, 0x29, 0x13, 0x19, 0x29, 0x13, 0x19, 0x29, 0x13, 0x19, 0x29, 0x13, 0x19, 0x29, 0x13, 0x19, 0x29, 0x13, 0x19, 0x29, 
        0x13, 0x19, 0x29, 0x13, 0x19, 0x29, 0x13, 0x19, 0x29, 0x13, 0x19, 0x29, 0x13, 0x19, 0x29, 0x13, 0x19, 0x29, 0x13, 0x19, 0x29, 0x13, 0x19, 0x29, 0x13, 0x19, 0x29, 0x13, 0x19, 0x29, 0x13, 0x19, 0x29, 0x13, 0x19, 0x29, 0x13, 0x19, 0x29, 
        0x13, 0x19, 0x29, 0x13, 0x19, 0x29, 0x13, 0x19, 0x29, 0x13, 0x19, 0x29, 0x13, 0x19, 0x29, 0x13, 0x19, 0x29, 0x13, 0x19, 0x29, 0x13, 0x19, 0x29, 0x13, 0x19, 0x29, 0x13, 0x19, 0x29, 0x13, 0x19, 0x29, 0x13, 0x19, 0x29, 0x13, 0x19, 0x29, 
        0x13, 0x19, 0x29, 0x13, 0x19, 0x29, 0x13, 0x19, 0x29, 0x13, 0x19, 0x29, 0x13, 0x19, 0x29, 0x13, 0x19, 0x29, 0x13, 0x19, 0x29, 0x13, 0x19, 0x29, 0x13, 0x19, 0x29, 0x13, 0x19, 0x29, 0x13, 0x19, 0x29, 0x13, 0x19, 0x29, 0x13, 0x19, 0x29, 
        0x13, 0x19, 0x29, 0x13, 0x19, 0x29, 0x13, 0x19, 0x29, 0x13, 0x19, 0x29,
  0x13, 0x19, 0x29, 0x13, 0x19, 0x29, 0x13, 0x19, 0x29, 0x13, 0x19, 0x29, 0x13, 0x19, 0x29, 0x13, 0x19, 0x29, 0x13, 0x19, 0x29, 0x13, 0x19, 0x29, 0x13, 0x19, 0x29, 0x13, 0x19, 0x29, 0x13, 0x19, 0x29, 0x13, 0x19, 0x29, 0x13, 0x19, 0x29, 0x13, 0x19, 0x29, 
        0x13, 0x19, 0x29, 0x13, 0x19, 0x29, 0x13, 0x19, 0x29, 0x13, 0x19, 0x29, 0x13, 0x19, 0x29, 0x13, 0x19, 0x29, 0x13, 0x19, 0x29, 0x13, 0x19, 0x29, 0x13, 0x19, 0x29, 0x13, 0x19, 0x29, 0x13, 0x19, 0x29, 0x13, 0x19, 0x29, 0x13, 0x19, 0x29, 
        0x13, 0x19, 0x29, 0x13, 0x19, 0x29, 0x13, 0x19, 0x29, 0x13, 0x19, 0x29, 0x13, 0x19, 0x29, 0x13, 0x19, 0x29, 0x13, 0x19, 0x29, 0x13, 0x19, 0x29, 0x13, 0x19, 0x29, 0x13, 0x19, 0x29, 0x13, 0x19, 0x29, 0x13, 0x19, 0x29, 0x13, 0x19, 0x29, 
        0x13, 0x19, 0x29, 0x13, 0x19, 0x29, 0x13, 0x19, 0x29, 0x13, 0x19, 0x29, 0x13, 0x19, 0x29, 0x13, 0x19, 0x29, 0x13, 0x19, 0x29, 0x13, 0x19, 0x29, 0x13, 0x19, 0x29, 0x13, 0x19, 0x29, 0x13, 0x19, 0x29, 0x13, 0x19, 0x29, 0x13, 0x19, 0x29, 
        0x13, 0x19, 0x29, 0x13, 0x19, 0x29, 0x13, 0x19, 0x29, 0x13, 0x19, 0x29, 0x13, 0x19, 0x29, 0x13, 0x19, 0x29, 0x13, 0x19, 0x29, 0x13, 0x19, 0x29, 0x13, 0x19, 0x29, 0x13, 0x19, 0x29, 0x13, 0x19, 0x29, 0x13, 0x19, 0x29, 0x13, 0x19, 0x29, 
        0x13, 0x19, 0x29, 0x13, 0x19, 0x29, 0x13, 0x19, 0x29, 0x13, 0x19, 0x29, 0x13, 0x19, 0x29, 0x13, 0x19, 0x29, 0x13, 0x19, 0x29, 0x13, 0x19, 0x29, 0x13, 0x19, 0x29, 0x13, 0x19, 0x29, 0x13, 0x19, 0x29, 0x13, 0x19, 0x29, 0x13, 0x19, 0x29, 
        0x13, 0x19, 0x29, 0x13, 0x19, 0x29, 0x13, 0x19, 0x29, 0x13, 0x19, 0x29, 0x13, 0x19, 0x29, 0x13, 0x19, 0x29, 0x13, 0x19, 0x29, 0x13, 0x19, 0x29, 0x13, 0x19, 0x29, 0x13, 0x19, 0x29, 0x13, 0x19, 0x29, 0x13, 0x19, 0x29, 0x13, 0x19, 0x29, 
        0x13, 0x19, 0x29, 0x13, 0x19, 0x29, 0x13, 0x19, 0x29, 0x13, 0x19, 0x29, 0x13, 0x19, 0x29, 0x13, 0x19, 0x29, 0x13, 0x19, 0x29, 0x13, 0x19, 0x29, 0x13, 0x19, 0x29, 0x13, 0x19, 0x29, 0x13, 0x19, 0x29, 0x13, 0x19, 0x29, 0x13, 0x19, 0x29, 
        0x13, 0x19, 0x29, 0x13, 0x19, 0x29, 0x13, 0x19, 0x29, 0x13, 0x19, 0x29, 0x13, 0x19, 0x29, 0x13, 0x19, 0x29, 0x13, 0x19, 0x29, 0x13, 0x19, 0x29, 0x13, 0x19, 0x29, 0x13, 0x19, 0x29, 0x13, 0x19, 0x29, 0x13, 0x19, 0x29, 0x13, 0x19, 0x29, 
        0x13, 0x19, 0x29, 0x13, 0x19, 0x29, 0x13, 0x19, 0x29, 0x13, 0x19, 0x29, 0x13, 0x19, 0x29, 0x13, 0x19, 0x29, 0x13, 0x19, 0x29, 0x13, 0x19, 0x29, 0x13, 0x19, 0x29, 0x13, 0x19, 0x29, 0x13, 0x19, 0x29, 0x13, 0x19, 0x29, 0x13, 0x19, 0x29, 
        0x13, 0x19, 0x29, 0x13, 0x19, 0x29, 0x13, 0x19, 0x29, 0x13, 0x19, 0x29, 0x13, 0x19, 0x29, 0x13, 0x19, 0x29, 0x13, 0x19, 0x29, 0x13, 0x19, 0x29, 0x13, 0x19, 0x29, 0x13, 0x19, 0x29, 0x13, 0x19, 0x29, 0x13, 0x19, 0x29, 0x13, 0x19, 0x29, 
        0x13, 0x19, 0x29, 0x13, 0x19, 0x29, 0x13, 0x19, 0x29, 0x13, 0x19, 0x29, 0x13, 0x19, 0x29, 0x13, 0x19, 0x29, 0x13, 0x19, 0x29, 0x13, 0x19, 0x29, 0x13, 0x19, 0x29, 0x13, 0x19, 0x29, 0x13, 0x19, 0x29, 0x13, 0x19, 0x29, 0x13, 0x19, 0x29, 
        0x13, 0x19, 0x29, 0x13, 0x19, 0x29, 0x13, 0x19, 0x29, 0x13, 0x19, 0x29, 0x13, 0x19, 0x29, 0x13, 0x19, 0x29, 0x13, 0x19, 0x29, 0x13, 0x19, 0x29, 0x13, 0x19, 0x29, 0x13, 0x19, 0x29, 0x13, 0x19, 0x29, 0x13, 0x19, 0x29, 0x13, 0x19, 0x29, 
        0x13, 0x19, 0x29, 0x13, 0x19, 0x29, 0x13, 0x19, 0x29, 0x13, 0x19, 0x29, 0x13, 0x19, 0x29, 0x13, 0x19, 0x29, 0x13, 0x19, 0x29, 0x13, 0x19, 0x29, 0x13, 0x19, 0x29, 0x13, 0x19, 0x29, 0x13, 0x19, 0x29, 0x13, 0x19, 0x29, 0x13, 0x19, 0x29, 
        0x13, 0x19, 0x29, 0x13, 0x19, 0x29, 0x13, 0x19, 0x29, 0x13, 0x19, 0x29, 0x13, 0x19, 0x29, 0x13, 0x19, 0x29, 0x13, 0x19, 0x29, 0x13, 0x19, 0x29, 0x13, 0x19, 0x29, 0x13, 0x19, 0x29, 0x13, 0x19, 0x29, 0x13, 0x19, 0x29, 0x13, 0x19, 0x29, 
        0x13, 0x19, 0x29, 0x13, 0x19, 0x29, 0x13, 0x19, 0x29, 0x13, 0x19, 0x29,
  0x13, 0x19, 0x29, 0x13, 0x19, 0x29, 0x13, 0x19, 0x29, 0x13, 0x19, 0x29, 0x13, 0x19, 0x29, 0x13, 0x19, 0x29, 0x13, 0x19, 0x29, 0x13, 0x19, 0x29, 0x13, 0x19, 0x29, 0x13, 0x19, 0x29, 0x13, 0x19, 0x29, 0x13, 0x19, 0x29, 0x13, 0x19, 0x29, 0x13, 0x19, 0x29, 
        0x13, 0x19, 0x29, 0x13, 0x19, 0x29, 0x13, 0x19, 0x29, 0x13, 0x19, 0x29, 0x13, 0x19, 0x29, 0x13, 0x19, 0x29, 0x13, 0x19, 0x29, 0x13, 0x19, 0x29, 0x13, 0x19, 0x29, 0x13, 0x19, 0x29, 0x13, 0x19, 0x29, 0x13, 0x19, 0x29, 0x13, 0x19, 0x29, 
        0x13, 0x19, 0x29, 0x13, 0x19, 0x29, 0x13, 0x19, 0x29, 0x13, 0x19, 0x29, 0x13, 0x19, 0x29, 0x13, 0x19, 0x29, 0x13, 0x19, 0x29, 0x13, 0x19, 0x29, 0x13, 0x19, 0x29, 0x13, 0x19, 0x29, 0x13, 0x19, 0x29, 0x13, 0x19, 0x29, 0x13, 0x19, 0x29, 
        0x13, 0x19, 0x29, 0x13, 0x19, 0x29, 0x13, 0x19, 0x29, 0x13, 0x19, 0x29, 0x13, 0x19, 0x29, 0x13, 0x19, 0x29, 0x13, 0x19, 0x29, 0x13, 0x19, 0x29, 0x13, 0x19, 0x29, 0x13, 0x19, 0x29, 0x13, 0x19, 0x29, 0x13, 0x19, 0x29, 0x13, 0x19, 0x29, 
        0x13, 0x19, 0x29, 0x13, 0x19, 0x29, 0x13, 0x19, 0x29, 0x13, 0x19, 0x29, 0x13, 0x19, 0x29, 0x13, 0x19, 0x29, 0x13, 0x19, 0x29, 0x13, 0x19, 0x29, 0x13, 0x19, 0x29, 0x13, 0x19, 0x29, 0x13, 0x19, 0x29, 0x13, 0x19, 0x29, 0x13, 0x19, 0x29, 
        0x13, 0x19, 0x29, 0x13, 0x19, 0x29, 0x13, 0x19, 0x29, 0x13, 0x19, 0x29, 0x13, 0x19, 0x29, 0x13, 0x19, 0x29, 0x13, 0x19, 0x29, 0x13, 0x19, 0x29, 0x13, 0x19, 0x29, 0x13, 0x19, 0x29, 0x13, 0x19, 0x29, 0x13, 0x19, 0x29, 0x13, 0x19, 0x29, 
        0x13, 0x19, 0x29, 0x13, 0x19, 0x29, 0x13, 0x19, 0x29, 0x13, 0x19, 0x29, 0x13, 0x19, 0x29, 0x13, 0x19, 0x29, 0x13, 0x19, 0x29, 0x13, 0x19, 0x29, 0x13, 0x19, 0x29, 0x13, 0x19, 0x29, 0x13, 0x19, 0x29, 0x13, 0x19, 0x29, 0x13, 0x19, 0x29, 
        0x13, 0x19, 0x29, 0x13, 0x19, 0x29, 0x13, 0x19, 0x29, 0x13, 0x19, 0x29, 0x13, 0x19, 0x29, 0x13, 0x19, 0x29, 0x13, 0x19, 0x29, 0x13, 0x19, 0x29, 0x13, 0x19, 0x29, 0x13, 0x19, 0x29, 0x13, 0x19, 0x29, 0x13, 0x19, 0x29, 0x13, 0x19, 0x29, 
        0x13, 0x19, 0x29, 0x13, 0x19, 0x29, 0x13, 0x19, 0x29, 0x13, 0x19, 0x29, 0x13, 0x19, 0x29, 0x13, 0x19, 0x29, 0x13, 0x19, 0x29, 0x13, 0x19, 0x29, 0x13, 0x19, 0x29, 0x13, 0x19, 0x29, 0x13, 0x19, 0x29, 0x13, 0x19, 0x29, 0x13, 0x19, 0x29, 
        0x13, 0x19, 0x29, 0x13, 0x19, 0x29, 0x13, 0x19, 0x29, 0x13, 0x19, 0x29, 0x13, 0x19, 0x29, 0x13, 0x19, 0x29, 0x13, 0x19, 0x29, 0x13, 0x19, 0x29, 0x13, 0x19, 0x29, 0x13, 0x19, 0x29, 0x13, 0x19, 0x29, 0x13, 0x19, 0x29, 0x13, 0x19, 0x29, 
        0x13, 0x19, 0x29, 0x13, 0x19, 0x29, 0x13, 0x19, 0x29, 0x13, 0x19, 0x29, 0x13, 0x19, 0x29, 0x13, 0x19, 0x29, 0x13, 0x19, 0x29, 0x13, 0x19, 0x29, 0x13, 0x19, 0x29, 0x13, 0x19, 0x29, 0x13, 0x19, 0x29, 0x13, 0x19, 0x29, 0x13, 0x19, 0x29, 
        0x13, 0x19, 0x29, 0x13, 0x19, 0x29, 0x13, 0x19, 0x29, 0x13, 0x19, 0x29, 0x13, 0x19, 0x29, 0x13, 0x19, 0x29, 0x13, 0x19, 0x29, 0x13, 0x19, 0x29, 0x13, 0x19, 0x29, 0x13, 0x19, 0x29, 0x13, 0x19, 0x29, 0x13, 0x19, 0x29, 0x13, 0x19, 0x29, 
        0x13, 0x19, 0x29, 0x13, 0x19, 0x29, 0x13, 0x19, 0x29, 0x13, 0x19, 0x29, 0x13, 0x19, 0x29, 0x13, 0x19, 0x29, 0x13, 0x19, 0x29, 0x13, 0x19, 0x29, 0x13, 0x19, 0x29, 0x13, 0x19, 0x29, 0x13, 0x19, 0x29, 0x13, 0x19, 0x29, 0x13, 0x19, 0x29, 
        0x13, 0x19, 0x29, 0x13, 0x19, 0x29, 0x13, 0x19, 0x29, 0x13, 0x19, 0x29, 0x13, 0x19, 0x29, 0x13, 0x19, 0x29, 0x13, 0x19, 0x29, 0x13, 0x19, 0x29, 0x13, 0x19, 0x29, 0x13, 0x19, 0x29, 0x13, 0x19, 0x29, 0x13, 0x19, 0x29, 0x13, 0x19, 0x29, 
        0x13, 0x19, 0x29, 0x13, 0x19, 0x29, 0x13, 0x19, 0x29, 0x13, 0x19, 0x29, 0x13, 0x19, 0x29, 0x13, 0x19, 0x29, 0x13, 0x19, 0x29, 0x13, 0x19, 0x29, 0x13, 0x19, 0x29, 0x13, 0x19, 0x29, 0x13, 0x19, 0x29, 0x13, 0x19, 0x29, 0x13, 0x19, 0x29, 
        0x13, 0x19, 0x29, 0x13, 0x19, 0x29, 0x13, 0x19, 0x29, 0x13, 0x19, 0x29,
  0x13, 0x19, 0x29, 0x13, 0x19, 0x29, 0x13, 0x19, 0x29, 0x13, 0x19, 0x29, 0x13, 0x19, 0x29, 0x13, 0x19, 0x29, 0x13, 0x19, 0x29, 0x13, 0x19, 0x29, 0x13, 0x19, 0x29, 0x13, 0x19, 0x29, 0x13, 0x19, 0x29, 0x13, 0x19, 0x29, 0x13, 0x19, 0x29, 0x13, 0x19, 0x29, 
        0x13, 0x19, 0x29, 0x13, 0x19, 0x29, 0x13, 0x19, 0x29, 0x13, 0x19, 0x29, 0x13, 0x19, 0x29, 0x13, 0x19, 0x29, 0x13, 0x19, 0x29, 0x13, 0x19, 0x29, 0x13, 0x19, 0x29, 0x13, 0x19, 0x29, 0x13, 0x19, 0x29, 0x13, 0x19, 0x29, 0x13, 0x19, 0x29, 
        0x13, 0x19, 0x29, 0x13, 0x19, 0x29, 0x13, 0x19, 0x29, 0x13, 0x19, 0x29, 0x13, 0x19, 0x29, 0x13, 0x19, 0x29, 0x13, 0x19, 0x29, 0x13, 0x19, 0x29, 0x13, 0x19, 0x29, 0x13, 0x19, 0x29, 0x13, 0x19, 0x29, 0x13, 0x19, 0x29, 0x13, 0x19, 0x29, 
        0x13, 0x19, 0x29, 0x13, 0x19, 0x29, 0x13, 0x19, 0x29, 0x13, 0x19, 0x29, 0x13, 0x19, 0x29, 0x13, 0x19, 0x29, 0x13, 0x19, 0x29, 0x13, 0x19, 0x29, 0x13, 0x19, 0x29, 0x13, 0x19, 0x29, 0x13, 0x19, 0x29, 0x13, 0x19, 0x29, 0x13, 0x19, 0x29, 
        0x13, 0x19, 0x29, 0x13, 0x19, 0x29, 0x13, 0x19, 0x29, 0x13, 0x19, 0x29, 0x13, 0x19, 0x29, 0x13, 0x19, 0x29, 0x13, 0x19, 0x29, 0x13, 0x19, 0x29, 0x13, 0x19, 0x29, 0x13, 0x19, 0x29, 0x13, 0x19, 0x29, 0x13, 0x19, 0x29, 0x13, 0x19, 0x29, 
        0x13, 0x19, 0x29, 0x13, 0x19, 0x29, 0x13, 0x19, 0x29, 0x13, 0x19, 0x29, 0x13, 0x19, 0x29, 0x13, 0x19, 0x29, 0x13, 0x19, 0x29, 0x13, 0x19, 0x29, 0x13, 0x19, 0x29, 0x13, 0x19, 0x29, 0x13, 0x19, 0x29, 0x13, 0x19, 0x29, 0x13, 0x19, 0x29, 
        0x13, 0x19, 0x29, 0x13, 0x19, 0x29, 0x13, 0x19, 0x29, 0x13, 0x19, 0x29, 0x13, 0x19, 0x29, 0x13, 0x19, 0x29, 0x13, 0x19, 0x29, 0x13, 0x19, 0x29, 0x13, 0x19, 0x29, 0x13, 0x19, 0x29, 0x13, 0x19, 0x29, 0x13, 0x19, 0x29, 0x13, 0x19, 0x29, 
        0x13, 0x19, 0x29, 0x13, 0x19, 0x29, 0x13, 0x19, 0x29, 0x13, 0x19, 0x29, 0x13, 0x19, 0x29, 0x13, 0x19, 0x29, 0x13, 0x19, 0x29, 0x13, 0x19, 0x29, 0x13, 0x19, 0x29, 0x13, 0x19, 0x29, 0x13, 0x19, 0x29, 0x13, 0x19, 0x29, 0x13, 0x19, 0x29, 
        0x13, 0x19, 0x29, 0x13, 0x19, 0x29, 0x13, 0x19, 0x29, 0x13, 0x19, 0x29, 0x13, 0x19, 0x29, 0x13, 0x19, 0x29, 0x13, 0x19, 0x29, 0x13, 0x19, 0x29, 0x13, 0x19, 0x29, 0x13, 0x19, 0x29, 0x13, 0x19, 0x29, 0x13, 0x19, 0x29, 0x13, 0x19, 0x29, 
        0x13, 0x19, 0x29, 0x13, 0x19, 0x29, 0x13, 0x19, 0x29, 0x13, 0x19, 0x29, 0x13, 0x19, 0x29, 0x13, 0x19, 0x29, 0x13, 0x19, 0x29, 0x13, 0x19, 0x29, 0x13, 0x19, 0x29, 0x13, 0x19, 0x29, 0x13, 0x19, 0x29, 0x13, 0x19, 0x29, 0x13, 0x19, 0x29, 
        0x13, 0x19, 0x29, 0x13, 0x19, 0x29, 0x13, 0x19, 0x29, 0x13, 0x19, 0x29, 0x13, 0x19, 0x29, 0x13, 0x19, 0x29, 0x13, 0x19, 0x29, 0x13, 0x19, 0x29, 0x13, 0x19, 0x29, 0x13, 0x19, 0x29, 0x13, 0x19, 0x29, 0x13, 0x19, 0x29, 0x13, 0x19, 0x29, 
        0x13, 0x19, 0x29, 0x13, 0x19, 0x29, 0x13, 0x19, 0x29, 0x13, 0x19, 0x29, 0x13, 0x19, 0x29, 0x13, 0x19, 0x29, 0x13, 0x19, 0x29, 0x13, 0x19, 0x29, 0x13, 0x19, 0x29, 0x13, 0x19, 0x29, 0x13, 0x19, 0x29, 0x13, 0x19, 0x29, 0x13, 0x19, 0x29, 
        0x13, 0x19, 0x29, 0x13, 0x19, 0x29, 0x13, 0x19, 0x29, 0x13, 0x19, 0x29, 0x13, 0x19, 0x29, 0x13, 0x19, 0x29, 0x13, 0x19, 0x29, 0x13, 0x19, 0x29, 0x13, 0x19, 0x29, 0x13, 0x19, 0x29, 0x13, 0x19, 0x29, 0x13, 0x19, 0x29, 0x13, 0x19, 0x29, 
        0x13, 0x19, 0x29, 0x13, 0x19, 0x29, 0x13, 0x19, 0x29, 0x13, 0x19, 0x29, 0x13, 0x19, 0x29, 0x13, 0x19, 0x29, 0x13, 0x19, 0x29, 0x13, 0x19, 0x29, 0x13, 0x19, 0x29, 0x13, 0x19, 0x29, 0x13, 0x19, 0x29, 0x13, 0x19, 0x29, 0x13, 0x19, 0x29, 
        0x13, 0x19, 0x29, 0x13, 0x19, 0x29, 0x13, 0x19, 0x29, 0x13, 0x19, 0x29, 0x13, 0x19, 0x29, 0x13, 0x19, 0x29, 0x13, 0x19, 0x29, 0x13, 0x19, 0x29, 0x13, 0x19, 0x29, 0x13, 0x19, 0x29, 0x13, 0x19, 0x29, 0x13, 0x19, 0x29, 0x13, 0x19, 0x29, 
        0x13, 0x19, 0x29, 0x13, 0x19, 0x29, 0x13, 0x19, 0x29, 0x13, 0x19, 0x29,
  0x13, 0x19, 0x29, 0x13, 0x19, 0x29, 0x13, 0x19, 0x29, 0x13, 0x19, 0x29, 0x13, 0x19, 0x29, 0x13, 0x19, 0x29, 0x13, 0x19, 0x29, 0x13, 0x19, 0x29, 0x13, 0x19, 0x29, 0x13, 0x19, 0x29, 0x13, 0x19, 0x29, 0x13, 0x19, 0x29, 0x13, 0x19, 0x29, 0x13, 0x19, 0x29, 
        0x13, 0x19, 0x29, 0x13, 0x19, 0x29, 0x13, 0x19, 0x29, 0x13, 0x19, 0x29, 0x13, 0x19, 0x29, 0x13, 0x19, 0x29, 0x13, 0x19, 0x29, 0x13, 0x19, 0x29, 0x13, 0x19, 0x29, 0x13, 0x19, 0x29, 0x13, 0x19, 0x29, 0x13, 0x19, 0x29, 0x13, 0x19, 0x29, 
        0x13, 0x19, 0x29, 0x13, 0x19, 0x29, 0x13, 0x19, 0x29, 0x13, 0x19, 0x29, 0x13, 0x19, 0x29, 0x13, 0x19, 0x29, 0x13, 0x19, 0x29, 0x13, 0x19, 0x29, 0x13, 0x19, 0x29, 0x13, 0x19, 0x29, 0x13, 0x19, 0x29, 0x13, 0x19, 0x29, 0x13, 0x19, 0x29, 
        0x13, 0x19, 0x29, 0x13, 0x19, 0x29, 0x13, 0x19, 0x29, 0x13, 0x19, 0x29, 0x13, 0x19, 0x29, 0x13, 0x19, 0x29, 0x13, 0x19, 0x29, 0x13, 0x19, 0x29, 0x13, 0x19, 0x29, 0x13, 0x19, 0x29, 0x13, 0x19, 0x29, 0x13, 0x19, 0x29, 0x13, 0x19, 0x29, 
        0x13, 0x19, 0x29, 0x13, 0x19, 0x29, 0x13, 0x19, 0x29, 0x13, 0x19, 0x29, 0x13, 0x19, 0x29, 0x13, 0x19, 0x29, 0x13, 0x19, 0x29, 0x13, 0x19, 0x29, 0x13, 0x19, 0x29, 0x13, 0x19, 0x29, 0x13, 0x19, 0x29, 0x13, 0x19, 0x29, 0x13, 0x19, 0x29, 
        0x13, 0x19, 0x29, 0x13, 0x19, 0x29, 0x13, 0x19, 0x29, 0x13, 0x19, 0x29, 0x13, 0x19, 0x29, 0x13, 0x19, 0x29, 0x13, 0x19, 0x29, 0x13, 0x19, 0x29, 0x13, 0x19, 0x29, 0x13, 0x19, 0x29, 0x13, 0x19, 0x29, 0x13, 0x19, 0x29, 0x13, 0x19, 0x29, 
        0x13, 0x19, 0x29, 0x13, 0x19, 0x29, 0x13, 0x19, 0x29, 0x13, 0x19, 0x29, 0x13, 0x19, 0x29, 0x13, 0x19, 0x29, 0x13, 0x19, 0x29, 0x13, 0x19, 0x29, 0x13, 0x19, 0x29, 0x13, 0x19, 0x29, 0x13, 0x19, 0x29, 0x13, 0x19, 0x29, 0x13, 0x19, 0x29, 
        0x13, 0x19, 0x29, 0x13, 0x19, 0x29, 0x13, 0x19, 0x29, 0x13, 0x19, 0x29, 0x13, 0x19, 0x29, 0x13, 0x19, 0x29, 0x13, 0x19, 0x29, 0x13, 0x19, 0x29, 0x13, 0x19, 0x29, 0x13, 0x19, 0x29, 0x13, 0x19, 0x29, 0x13, 0x19, 0x29, 0x13, 0x19, 0x29, 
        0x13, 0x19, 0x29, 0x13, 0x19, 0x29, 0x13, 0x19, 0x29, 0x13, 0x19, 0x29, 0x13, 0x19, 0x29, 0x13, 0x19, 0x29, 0x13, 0x19, 0x29, 0x13, 0x19, 0x29, 0x13, 0x19, 0x29, 0x13, 0x19, 0x29, 0x13, 0x19, 0x29, 0x13, 0x19, 0x29, 0x13, 0x19, 0x29, 
        0x13, 0x19, 0x29, 0x13, 0x19, 0x29, 0x13, 0x19, 0x29, 0x13, 0x19, 0x29, 0x13, 0x19, 0x29, 0x13, 0x19, 0x29, 0x13, 0x19, 0x29, 0x13, 0x19, 0x29, 0x13, 0x19, 0x29, 0x13, 0x19, 0x29, 0x13, 0x19, 0x29, 0x13, 0x19, 0x29, 0x13, 0x19, 0x29, 
        0x13, 0x19, 0x29, 0x13, 0x19, 0x29, 0x13, 0x19, 0x29, 0x13, 0x19, 0x29, 0x13, 0x19, 0x29, 0x13, 0x19, 0x29, 0x13, 0x19, 0x29, 0x13, 0x19, 0x29, 0x13, 0x19, 0x29, 0x13, 0x19, 0x29, 0x13, 0x19, 0x29, 0x13, 0x19, 0x29, 0x13, 0x19, 0x29, 
        0x13, 0x19, 0x29, 0x13, 0x19, 0x29, 0x13, 0x19, 0x29, 0x13, 0x19, 0x29, 0x13, 0x19, 0x29, 0x13, 0x19, 0x29, 0x13, 0x19, 0x29, 0x13, 0x19, 0x29, 0x13, 0x19, 0x29, 0x13, 0x19, 0x29, 0x13, 0x19, 0x29, 0x13, 0x19, 0x29, 0x13, 0x19, 0x29, 
        0x13, 0x19, 0x29, 0x13, 0x19, 0x29, 0x13, 0x19, 0x29, 0x13, 0x19, 0x29, 0x13, 0x19, 0x29, 0x13, 0x19, 0x29, 0x13, 0x19, 0x29, 0x13, 0x19, 0x29, 0x13, 0x19, 0x29, 0x13, 0x19, 0x29, 0x13, 0x19, 0x29, 0x13, 0x19, 0x29, 0x13, 0x19, 0x29, 
        0x13, 0x19, 0x29, 0x13, 0x19, 0x29, 0x13, 0x19, 0x29, 0x13, 0x19, 0x29, 0x13, 0x19, 0x29, 0x13, 0x19, 0x29, 0x13, 0x19, 0x29, 0x13, 0x19, 0x29, 0x13, 0x19, 0x29, 0x13, 0x19, 0x29, 0x13, 0x19, 0x29, 0x13, 0x19, 0x29, 0x13, 0x19, 0x29, 
        0x13, 0x19, 0x29, 0x13, 0x19, 0x29, 0x13, 0x19, 0x29, 0x13, 0x19, 0x29, 0x13, 0x19, 0x29, 0x13, 0x19, 0x29, 0x13, 0x19, 0x29, 0x13, 0x19, 0x29, 0x13, 0x19, 0x29, 0x13, 0x19, 0x29, 0x13, 0x19, 0x29, 0x13, 0x19, 0x29, 0x13, 0x19, 0x29, 
        0x13, 0x19, 0x29, 0x13, 0x19, 0x29, 0x13, 0x19, 0x29, 0x13, 0x19, 0x29,
  0x13, 0x19, 0x29, 0x13, 0x19, 0x29, 0x13, 0x19, 0x29, 0x13, 0x19, 0x29, 0x13, 0x19, 0x29, 0x13, 0x19, 0x29, 0x13, 0x19, 0x29, 0x13, 0x19, 0x29, 0x13, 0x19, 0x29, 0x13, 0x19, 0x29, 0x13, 0x19, 0x29, 0x13, 0x19, 0x29, 0x13, 0x19, 0x29, 0x13, 0x19, 0x29, 
        0x13, 0x19, 0x29, 0x13, 0x19, 0x29, 0x13, 0x19, 0x29, 0x13, 0x19, 0x29, 0x13, 0x19, 0x29, 0x13, 0x19, 0x29, 0x13, 0x19, 0x29, 0x13, 0x19, 0x29, 0x13, 0x19, 0x29, 0x13, 0x19, 0x29, 0x13, 0x19, 0x29, 0x13, 0x19, 0x29, 0x13, 0x19, 0x29, 
        0x13, 0x19, 0x29, 0x13, 0x19, 0x29, 0x13, 0x19, 0x29, 0x13, 0x19, 0x29, 0x13, 0x19, 0x29, 0x13, 0x19, 0x29, 0x13, 0x19, 0x29, 0x13, 0x19, 0x29, 0x13, 0x19, 0x29, 0x13, 0x19, 0x29, 0x13, 0x19, 0x29, 0x13, 0x19, 0x29, 0x13, 0x19, 0x29, 
        0x13, 0x19, 0x29, 0x13, 0x19, 0x29, 0x13, 0x19, 0x29, 0x13, 0x19, 0x29, 0x13, 0x19, 0x29, 0x13, 0x19, 0x29, 0x13, 0x19, 0x29, 0x13, 0x19, 0x29, 0x13, 0x19, 0x29, 0x13, 0x19, 0x29, 0x13, 0x19, 0x29, 0x13, 0x19, 0x29, 0x13, 0x19, 0x29, 
        0x13, 0x19, 0x29, 0x13, 0x19, 0x29, 0x13, 0x19, 0x29, 0x13, 0x19, 0x29, 0x13, 0x19, 0x29, 0x13, 0x19, 0x29, 0x13, 0x19, 0x29, 0x13, 0x19, 0x29, 0x13, 0x19, 0x29, 0x13, 0x19, 0x29, 0x13, 0x19, 0x29, 0x13, 0x19, 0x29, 0x13, 0x19, 0x29, 
        0x13, 0x19, 0x29, 0x13, 0x19, 0x29, 0x13, 0x19, 0x29, 0x13, 0x19, 0x29, 0x13, 0x19, 0x29, 0x13, 0x19, 0x29, 0x13, 0x19, 0x29, 0x13, 0x19, 0x29, 0x13, 0x19, 0x29, 0x13, 0x19, 0x29, 0x13, 0x19, 0x29, 0x13, 0x19, 0x29, 0x13, 0x19, 0x29, 
        0x13, 0x19, 0x29, 0x13, 0x19, 0x29, 0x13, 0x19, 0x29, 0x13, 0x19, 0x29, 0x13, 0x19, 0x29, 0x13, 0x19, 0x29, 0x13, 0x19, 0x29, 0x13, 0x19, 0x29, 0x13, 0x19, 0x29, 0x13, 0x19, 0x29, 0x13, 0x19, 0x29, 0x13, 0x19, 0x29, 0x13, 0x19, 0x29, 
        0x13, 0x19, 0x29, 0x13, 0x19, 0x29, 0x13, 0x19, 0x29, 0x13, 0x19, 0x29, 0x13, 0x19, 0x29, 0x13, 0x19, 0x29, 0x13, 0x19, 0x29, 0x13, 0x19, 0x29, 0x13, 0x19, 0x29, 0x13, 0x19, 0x29, 0x13, 0x19, 0x29, 0x13, 0x19, 0x29, 0x13, 0x19, 0x29, 
        0x13, 0x19, 0x29, 0x13, 0x19, 0x29, 0x13, 0x19, 0x29, 0x13, 0x19, 0x29, 0x13, 0x19, 0x29, 0x13, 0x19, 0x29, 0x13, 0x19, 0x29, 0x13, 0x19, 0x29, 0x13, 0x19, 0x29, 0x13, 0x19, 0x29, 0x13, 0x19, 0x29, 0x13, 0x19, 0x29, 0x13, 0x19, 0x29, 
        0x13, 0x19, 0x29, 0x13, 0x19, 0x29, 0x13, 0x19, 0x29, 0x13, 0x19, 0x29, 0x13, 0x19, 0x29, 0x13, 0x19, 0x29, 0x13, 0x19, 0x29, 0x13, 0x19, 0x29, 0x13, 0x19, 0x29, 0x13, 0x19, 0x29, 0x13, 0x19, 0x29, 0x13, 0x19, 0x29, 0x13, 0x19, 0x29, 
        0x13, 0x19, 0x29, 0x13, 0x19, 0x29, 0x13, 0x19, 0x29, 0x13, 0x19, 0x29, 0x13, 0x19, 0x29, 0x13, 0x19, 0x29, 0x13, 0x19, 0x29, 0x13, 0x19, 0x29, 0x13, 0x19, 0x29, 0x13, 0x19, 0x29, 0x13, 0x19, 0x29, 0x13, 0x19, 0x29, 0x13, 0x19, 0x29, 
        0x13, 0x19, 0x29, 0x13, 0x19, 0x29, 0x13, 0x19, 0x29, 0x13, 0x19, 0x29, 0x13, 0x19, 0x29, 0x13, 0x19, 0x29, 0x13, 0x19, 0x29, 0x13, 0x19, 0x29, 0x13, 0x19, 0x29, 0x13, 0x19, 0x29, 0x13, 0x19, 0x29, 0x13, 0x19, 0x29, 0x13, 0x19, 0x29, 
        0x13, 0x19, 0x29, 0x13, 0x19, 0x29, 0x13, 0x19, 0x29, 0x13, 0x19, 0x29, 0x13, 0x19, 0x29, 0x13, 0x19, 0x29, 0x13, 0x19, 0x29, 0x13, 0x19, 0x29, 0x13, 0x19, 0x29, 0x13, 0x19, 0x29, 0x13, 0x19, 0x29, 0x13, 0x19, 0x29, 0x13, 0x19, 0x29, 
        0x13, 0x19, 0x29, 0x13, 0x19, 0x29, 0x13, 0x19, 0x29, 0x13, 0x19, 0x29, 0x13, 0x19, 0x29, 0x13, 0x19, 0x29, 0x13, 0x19, 0x29, 0x13, 0x19, 0x29, 0x13, 0x19, 0x29, 0x13, 0x19, 0x29, 0x13, 0x19, 0x29, 0x13, 0x19, 0x29, 0x13, 0x19, 0x29, 
        0x13, 0x19, 0x29, 0x13, 0x19, 0x29, 0x13, 0x19, 0x29, 0x13, 0x19, 0x29, 0x13, 0x19, 0x29, 0x13, 0x19, 0x29, 0x13, 0x19, 0x29, 0x13, 0x19, 0x29, 0x13, 0x19, 0x29, 0x13, 0x19, 0x29, 0x13, 0x19, 0x29, 0x13, 0x19, 0x29, 0x13, 0x19, 0x29, 
        0x13, 0x19, 0x29, 0x13, 0x19, 0x29, 0x13, 0x19, 0x29, 0x13, 0x19, 0x29,
  0x13, 0x19, 0x29, 0x13, 0x19, 0x29, 0x13, 0x19, 0x29, 0x13, 0x19, 0x29, 0x13, 0x19, 0x29, 0x13, 0x19, 0x29, 0x13, 0x19, 0x29, 0x13, 0x19, 0x29, 0x13, 0x19, 0x29, 0x13, 0x19, 0x29, 0x13, 0x19, 0x29, 0x13, 0x19, 0x29, 0x13, 0x19, 0x29, 0x13, 0x19, 0x29, 
        0x13, 0x19, 0x29, 0x13, 0x19, 0x29, 0x13, 0x19, 0x29, 0x13, 0x19, 0x29, 0x13, 0x19, 0x29, 0x13, 0x19, 0x29, 0x13, 0x19, 0x29, 0x13, 0x19, 0x29, 0x13, 0x19, 0x29, 0x13, 0x19, 0x29, 0x13, 0x19, 0x29, 0x13, 0x19, 0x29, 0x13, 0x19, 0x29, 
        0x13, 0x19, 0x29, 0x13, 0x19, 0x29, 0x13, 0x19, 0x29, 0x13, 0x19, 0x29, 0x13, 0x19, 0x29, 0x13, 0x19, 0x29, 0x13, 0x19, 0x29, 0x13, 0x19, 0x29, 0x13, 0x19, 0x29, 0x13, 0x19, 0x29, 0x13, 0x19, 0x29, 0x13, 0x19, 0x29, 0x13, 0x19, 0x29, 
        0x13, 0x19, 0x29, 0x13, 0x19, 0x29, 0x13, 0x19, 0x29, 0x13, 0x19, 0x29, 0x13, 0x19, 0x29, 0x13, 0x19, 0x29, 0x13, 0x19, 0x29, 0x13, 0x19, 0x29, 0x13, 0x19, 0x29, 0x13, 0x19, 0x29, 0x13, 0x19, 0x29, 0x13, 0x19, 0x29, 0x13, 0x19, 0x29, 
        0x13, 0x19, 0x29, 0x13, 0x19, 0x29, 0x13, 0x19, 0x29, 0x13, 0x19, 0x29, 0x13, 0x19, 0x29, 0x13, 0x19, 0x29, 0x13, 0x19, 0x29, 0x13, 0x19, 0x29, 0x13, 0x19, 0x29, 0x13, 0x19, 0x29, 0x13, 0x19, 0x29, 0x13, 0x19, 0x29, 0x13, 0x19, 0x29, 
        0x13, 0x19, 0x29, 0x13, 0x19, 0x29, 0x13, 0x19, 0x29, 0x13, 0x19, 0x29, 0x13, 0x19, 0x29, 0x13, 0x19, 0x29, 0x13, 0x19, 0x29, 0x13, 0x19, 0x29, 0x13, 0x19, 0x29, 0x13, 0x19, 0x29, 0x13, 0x19, 0x29, 0x13, 0x19, 0x29, 0x13, 0x19, 0x29, 
        0x13, 0x19, 0x29, 0x13, 0x19, 0x29, 0x13, 0x19, 0x29, 0x13, 0x19, 0x29, 0x13, 0x19, 0x29, 0x13, 0x19, 0x29, 0x13, 0x19, 0x29, 0x13, 0x19, 0x29, 0x13, 0x19, 0x29, 0x13, 0x19, 0x29, 0x13, 0x19, 0x29, 0x13, 0x19, 0x29, 0x13, 0x19, 0x29, 
        0x13, 0x19, 0x29, 0x13, 0x19, 0x29, 0x13, 0x19, 0x29, 0x13, 0x19, 0x29, 0x13, 0x19, 0x29, 0x13, 0x19, 0x29, 0x13, 0x19, 0x29, 0x13, 0x19, 0x29, 0x13, 0x19, 0x29, 0x13, 0x19, 0x29, 0x13, 0x19, 0x29, 0x13, 0x19, 0x29, 0x13, 0x19, 0x29, 
        0x13, 0x19, 0x29, 0x13, 0x19, 0x29, 0x13, 0x19, 0x29, 0x13, 0x19, 0x29, 0x13, 0x19, 0x29, 0x13, 0x19, 0x29, 0x13, 0x19, 0x29, 0x13, 0x19, 0x29, 0x13, 0x19, 0x29, 0x13, 0x19, 0x29, 0x13, 0x19, 0x29, 0x13, 0x19, 0x29, 0x13, 0x19, 0x29, 
        0x13, 0x19, 0x29, 0x13, 0x19, 0x29, 0x13, 0x19, 0x29, 0x13, 0x19, 0x29, 0x13, 0x19, 0x29, 0x13, 0x19, 0x29, 0x13, 0x19, 0x29, 0x13, 0x19, 0x29, 0x13, 0x19, 0x29, 0x13, 0x19, 0x29, 0x13, 0x19, 0x29, 0x13, 0x19, 0x29, 0x13, 0x19, 0x29, 
        0x13, 0x19, 0x29, 0x13, 0x19, 0x29, 0x13, 0x19, 0x29, 0x13, 0x19, 0x29, 0x13, 0x19, 0x29, 0x13, 0x19, 0x29, 0x13, 0x19, 0x29, 0x13, 0x19, 0x29, 0x13, 0x19, 0x29, 0x13, 0x19, 0x29, 0x13, 0x19, 0x29, 0x13, 0x19, 0x29, 0x13, 0x19, 0x29, 
        0x13, 0x19, 0x29, 0x13, 0x19, 0x29, 0x13, 0x19, 0x29, 0x13, 0x19, 0x29, 0x13, 0x19, 0x29, 0x13, 0x19, 0x29, 0x13, 0x19, 0x29, 0x13, 0x19, 0x29, 0x13, 0x19, 0x29, 0x13, 0x19, 0x29, 0x13, 0x19, 0x29, 0x13, 0x19, 0x29, 0x13, 0x19, 0x29, 
        0x13, 0x19, 0x29, 0x13, 0x19, 0x29, 0x13, 0x19, 0x29, 0x13, 0x19, 0x29, 0x13, 0x19, 0x29, 0x13, 0x19, 0x29, 0x13, 0x19, 0x29, 0x13, 0x19, 0x29, 0x13, 0x19, 0x29, 0x13, 0x19, 0x29, 0x13, 0x19, 0x29, 0x13, 0x19, 0x29, 0x13, 0x19, 0x29, 
        0x13, 0x19, 0x29, 0x13, 0x19, 0x29, 0x13, 0x19, 0x29, 0x13, 0x19, 0x29, 0x13, 0x19, 0x29, 0x13, 0x19, 0x29, 0x13, 0x19, 0x29, 0x13, 0x19, 0x29, 0x13, 0x19, 0x29, 0x13, 0x19, 0x29, 0x13, 0x19, 0x29, 0x13, 0x19, 0x29, 0x13, 0x19, 0x29, 
        0x13, 0x19, 0x29, 0x13, 0x19, 0x29, 0x13, 0x19, 0x29, 0x13, 0x19, 0x29, 0x13, 0x19, 0x29, 0x13, 0x19, 0x29, 0x13, 0x19, 0x29, 0x13, 0x19, 0x29, 0x13, 0x19, 0x29, 0x13, 0x19, 0x29, 0x13, 0x19, 0x29, 0x13, 0x19, 0x29, 0x13, 0x19, 0x29, 
        0x13, 0x19, 0x29, 0x13, 0x19, 0x29, 0x13, 0x19, 0x29, 0x13, 0x19, 0x29
};

GUI_CONST_STORAGE GUI_BITMAP bmTitleProtocolCurrent = {
  200, // xSize
  70, // ySize
  600, // BytesPerLine
  24, // BitsPerPixel
  (unsigned char *)_acTitleProtocolCurrent,  // Pointer to picture data
  NULL,  // Pointer to palette
  GUI_DRAW_BMP24
};

/*************************** End of file ****************************/
