/*********************************************************************
*                SEGGER Microcontroller GmbH & Co. KG                *
*        Solutions for real time microcontroller applications        *
*                           www.segger.com                           *
**********************************************************************
*                                                                    *
* C-file generated by                                                *
*                                                                    *
*        Bitmap Converter for emWin V5.24.                           *
*        Compiled Jan 27 2014, 11:27:47                              *
*        (c) 1998 - 2013 Segger Microcontroller GmbH && Co. KG       *
*                                                                    *
**********************************************************************
*                                                                    *
* Source file: bmTitleRun                                            *
* Dimensions:  160 * 68                                              *
* NumColors:   24bpp: 16777216                                       *
*                                                                    *
**********************************************************************
*/

#include <stdlib.h>

#include "GUI.h"

#ifndef GUI_CONST_STORAGE
  #define GUI_CONST_STORAGE const
#endif

extern GUI_CONST_STORAGE GUI_BITMAP bmTitleRun;

static GUI_CONST_STORAGE unsigned char _acbmTitleRun[] = {
  0x02, 0x1E, 0x6E, 0x01, 0x1C, 0x6C, 0x01, 0x1D, 0x6D, 0x01, 0x1D, 0x6E, 0x01, 0x1D, 0x6E, 0x01, 0x1E, 0x6E, 0x01, 0x1D, 0x6E, 0x01, 0x1C, 0x6E, 0x01, 0x1D, 0x6F, 0x01, 0x1E, 0x6F, 0x01, 0x1E, 0x71, 0x01, 0x1F, 0x72, 0x01, 0x1F, 0x72, 0x01, 0x1F, 0x73, 
        0x01, 0x1F, 0x73, 0x01, 0x20, 0x74, 0x01, 0x20, 0x75, 0x02, 0x21, 0x76, 0x02, 0x21, 0x76, 0x02, 0x21, 0x77, 0x02, 0x21, 0x78, 0x02, 0x21, 0x77, 0x02, 0x21, 0x78, 0x02, 0x21, 0x79, 0x02, 0x22, 0x7A, 0x02, 0x23, 0x7A, 0x02, 0x23, 0x7A, 
        0x02, 0x23, 0x7A, 0x02, 0x23, 0x7A, 0x02, 0x23, 0x7A, 0x02, 0x23, 0x7B, 0x02, 0x23, 0x7B, 0x02, 0x23, 0x7E, 0x03, 0x24, 0x7F, 0x03, 0x26, 0x81, 0x03, 0x25, 0x80, 0x03, 0x26, 0x82, 0x03, 0x26, 0x82, 0x03, 0x26, 0x85, 0x03, 0x28, 0x87, 
        0x03, 0x28, 0x87, 0x03, 0x28, 0x88, 0x04, 0x2A, 0x88, 0x04, 0x2A, 0x8B, 0x04, 0x2B, 0x8B, 0x04, 0x2B, 0x8E, 0x04, 0x2B, 0x8E, 0x04, 0x2B, 0x8E, 0x04, 0x2B, 0x8E, 0x04, 0x2B, 0x8C, 0x04, 0x2C, 0x8E, 0x04, 0x2C, 0x8F, 0x04, 0x2D, 0x90, 
        0x04, 0x2E, 0x92, 0x05, 0x2F, 0x93, 0x05, 0x30, 0x95, 0x05, 0x31, 0x96, 0x06, 0x31, 0x97, 0x06, 0x33, 0x99, 0x06, 0x33, 0x99, 0x06, 0x32, 0x99, 0x06, 0x32, 0x97, 0x05, 0x31, 0x96, 0x05, 0x30, 0x96, 0x05, 0x30, 0x95, 0x05, 0x30, 0x95, 
        0x05, 0x2F, 0x94, 0x05, 0x2F, 0x94, 0x05, 0x2F, 0x94, 0x05, 0x2F, 0x94, 0x05, 0x2F, 0x94, 0x05, 0x2F, 0x94, 0x05, 0x2F, 0x95, 0x05, 0x31, 0x96, 0x05, 0x31, 0x96, 0x05, 0x31, 0x96, 0x05, 0x31, 0x96, 0x05, 0x31, 0x96, 0x05, 0x31, 0x96, 
        0x05, 0x30, 0x96, 0x05, 0x31, 0x97, 0x06, 0x32, 0x97, 0x06, 0x32, 0x99, 0x06, 0x33, 0x99, 0x06, 0x33, 0x99, 0x06, 0x34, 0x99, 0x06, 0x34, 0x9A, 0x06, 0x34, 0x9B, 0x06, 0x34, 0x9B, 0x06, 0x34, 0x9B, 0x07, 0x34, 0x9D, 0x07, 0x34, 0x9D, 
        0x07, 0x35, 0x9D, 0x07, 0x35, 0x9D, 0x07, 0x35, 0x9E, 0x07, 0x36, 0x9E, 0x07, 0x35, 0x9E, 0x07, 0x34, 0x9C, 0x07, 0x35, 0x9E, 0x08, 0x36, 0x9E, 0x08, 0x37, 0xA0, 0x08, 0x39, 0xA0, 0x08, 0x39, 0xA2, 0x09, 0x3A, 0xA2, 0x09, 0x3A, 0xA2, 
        0x08, 0x39, 0xA2, 0x09, 0x39, 0xA2, 0x09, 0x39, 0xA1, 0x09, 0x39, 0xA1, 0x09, 0x38, 0xA1, 0x09, 0x38, 0xA2, 0x09, 0x3A, 0xA2, 0x09, 0x3A, 0xA2, 0x09, 0x3A, 0xA2, 0x09, 0x3A, 0xA2, 0x09, 0x3A, 0xA2, 0x0A, 0x3B, 0xA4, 0x0A, 0x3B, 0xA4, 
        0x0B, 0x3B, 0xA4, 0x0B, 0x3B, 0xA4, 0x0B, 0x3B, 0xA4, 0x0B, 0x3C, 0xA5, 0x0B, 0x3C, 0xA4, 0x0B, 0x3C, 0xA4, 0x0B, 0x3C, 0xA4, 0x0B, 0x3C, 0xA4, 0x0B, 0x3D, 0xA5, 0x0B, 0x3C, 0xA5, 0x0B, 0x3D, 0xA3, 0x0B, 0x3D, 0xA3, 0x0B, 0x3D, 0xA3, 
        0x0B, 0x3C, 0xA4, 0x0B, 0x3C, 0xA4, 0x0B, 0x3C, 0xA4, 0x0B, 0x3C, 0xA4, 0x0B, 0x3C, 0xA4, 0x0B, 0x3C, 0xA5, 0x0B, 0x3C, 0xA5, 0x0B, 0x3C, 0xA5, 0x0B, 0x3C, 0xA5, 0x0B, 0x3D, 0xA3, 0x0B, 0x3E, 0xA4, 0x0B, 0x3E, 0xA4, 0x0C, 0x3E, 0xA4, 
        0x0C, 0x3F, 0xA4, 0x0C, 0x40, 0xA7, 0x0C, 0x40, 0xA7, 0x0C, 0x40, 0xA7, 0x0D, 0x3F, 0xA7, 0x0D, 0x40, 0xA7, 0x0D, 0x40, 0xA8, 0x0D, 0x42, 0xA8, 0x0E, 0x42, 0xAA, 0x0E, 0x43, 0xAA, 0x0E, 0x44, 0xA8, 0x0F, 0x44, 0xA9, 0x0F, 0x44, 0xA9, 
        0x0F, 0x46, 0xAB, 0x0F, 0x46, 0xAB, 0x11, 0x48, 0xA1,
  0x02, 0x1D, 0x6F, 0x01, 0x1D, 0x6D, 0x01, 0x1E, 0x6D, 0x01, 0x1E, 0x6D, 0x01, 0x1E, 0x6E, 0x01, 0x1E, 0x6F, 0x01, 0x1E, 0x6F, 0x01, 0x1D, 0x6F, 0x01, 0x1D, 0x6F, 0x01, 0x1E, 0x70, 0x01, 0x1F, 0x71, 0x01, 0x1F, 0x72, 0x01, 0x1F, 0x72, 0x01, 0x1F, 0x73, 
        0x01, 0x20, 0x74, 0x01, 0x20, 0x74, 0x02, 0x20, 0x75, 0x02, 0x21, 0x77, 0x02, 0x22, 0x77, 0x02, 0x22, 0x79, 0x02, 0x22, 0x79, 0x02, 0x22, 0x79, 0x02, 0x22, 0x79, 0x02, 0x22, 0x79, 0x02, 0x22, 0x7A, 0x02, 0x22, 0x7A, 0x02, 0x22, 0x7A, 
        0x02, 0x22, 0x7A, 0x02, 0x23, 0x7A, 0x02, 0x23, 0x7A, 0x02, 0x23, 0x7B, 0x02, 0x23, 0x7C, 0x03, 0x23, 0x7E, 0x03, 0x24, 0x80, 0x03, 0x25, 0x81, 0x03, 0x25, 0x80, 0x03, 0x25, 0x80, 0x03, 0x26, 0x82, 0x03, 0x28, 0x85, 0x03, 0x28, 0x87, 
        0x03, 0x28, 0x88, 0x03, 0x29, 0x88, 0x04, 0x2A, 0x8A, 0x04, 0x2A, 0x8A, 0x04, 0x2B, 0x8B, 0x04, 0x2B, 0x8E, 0x04, 0x2B, 0x8E, 0x04, 0x2B, 0x8E, 0x04, 0x2B, 0x8E, 0x04, 0x2B, 0x8E, 0x04, 0x2B, 0x8C, 0x04, 0x2D, 0x8F, 0x04, 0x2E, 0x92, 
        0x05, 0x2F, 0x92, 0x05, 0x2F, 0x93, 0x05, 0x30, 0x95, 0x06, 0x31, 0x96, 0x06, 0x32, 0x98, 0x06, 0x33, 0x99, 0x06, 0x33, 0x99, 0x06, 0x33, 0x99, 0x06, 0x32, 0x99, 0x06, 0x32, 0x97, 0x05, 0x30, 0x96, 0x05, 0x30, 0x94, 0x05, 0x30, 0x95, 
        0x05, 0x30, 0x95, 0x05, 0x2F, 0x94, 0x05, 0x2F, 0x94, 0x05, 0x31, 0x95, 0x05, 0x31, 0x95, 0x05, 0x31, 0x95, 0x05, 0x31, 0x95, 0x05, 0x31, 0x96, 0x05, 0x31, 0x96, 0x05, 0x31, 0x96, 0x06, 0x31, 0x96, 0x06, 0x32, 0x96, 0x06, 0x32, 0x96, 
        0x05, 0x31, 0x96, 0x06, 0x32, 0x97, 0x06, 0x32, 0x99, 0x06, 0x33, 0x99, 0x06, 0x33, 0x9A, 0x06, 0x33, 0x99, 0x06, 0x34, 0x9A, 0x06, 0x34, 0x9A, 0x06, 0x34, 0x9B, 0x07, 0x36, 0x9D, 0x07, 0x36, 0x9D, 0x07, 0x34, 0x9D, 0x07, 0x34, 0x9D, 
        0x07, 0x34, 0x9D, 0x07, 0x35, 0x9D, 0x07, 0x35, 0x9D, 0x07, 0x35, 0x9E, 0x07, 0x35, 0x9E, 0x07, 0x35, 0x9E, 0x07, 0x35, 0x9E, 0x08, 0x36, 0x9E, 0x08, 0x37, 0xA0, 0x08, 0x38, 0xA1, 0x08, 0x39, 0xA1, 0x09, 0x3A, 0xA2, 0x09, 0x3A, 0xA2, 
        0x08, 0x39, 0xA1, 0x08, 0x39, 0xA1, 0x09, 0x39, 0xA1, 0x09, 0x39, 0xA1, 0x09, 0x39, 0xA1, 0x09, 0x3A, 0xA1, 0x09, 0x3A, 0xA2, 0x09, 0x3A, 0xA3, 0x09, 0x3A, 0xA3, 0x09, 0x3A, 0xA2, 0x09, 0x3A, 0xA3, 0x0A, 0x3A, 0xA3, 0x0A, 0x3C, 0xA4, 
        0x0A, 0x3C, 0xA4, 0x0B, 0x3C, 0xA4, 0x0B, 0x3C, 0xA4, 0x0B, 0x3C, 0xA4, 0x0B, 0x3D, 0xA5, 0x0B, 0x3D, 0xA5, 0x0B, 0x3C, 0xA4, 0x0B, 0x3C, 0xA4, 0x0B, 0x3C, 0xA4, 0x0B, 0x3D, 0xA5, 0x0B, 0x3D, 0xA5, 0x0B, 0x3D, 0xA5, 0x0B, 0x3D, 0xA5, 
        0x0B, 0x3D, 0xA5, 0x0C, 0x3F, 0xA6, 0x0C, 0x3F, 0xA6, 0x0C, 0x3F, 0xA6, 0x0C, 0x3E, 0xA6, 0x0C, 0x3C, 0xA6, 0x0B, 0x3D, 0xA5, 0x0B, 0x3D, 0xA5, 0x0B, 0x3D, 0xA5, 0x0B, 0x3D, 0xA5, 0x0B, 0x3E, 0xA3, 0x0C, 0x3E, 0xA6, 0x0C, 0x3E, 0xA6, 
        0x0C, 0x3E, 0xA6, 0x0C, 0x40, 0xA6, 0x0C, 0x40, 0xA7, 0x0C, 0x40, 0xA7, 0x0D, 0x3F, 0xA7, 0x0E, 0x40, 0xA7, 0x0E, 0x42, 0xA9, 0x0E, 0x42, 0xAA, 0x0E, 0x42, 0xAA, 0x0E, 0x42, 0xAA, 0x0E, 0x43, 0xA8, 0x0F, 0x44, 0xA8, 0x0F, 0x44, 0xA9, 
        0x0F, 0x45, 0xAB, 0x0F, 0x46, 0xAB, 0x11, 0x48, 0xA0,
  0x02, 0x1E, 0x6F, 0x01, 0x1D, 0x6D, 0x01, 0x1E, 0x6D, 0x01, 0x1E, 0x6E, 0x01, 0x1E, 0x6E, 0x01, 0x1E, 0x6F, 0x01, 0x1E, 0x6F, 0x01, 0x1D, 0x6F, 0x01, 0x1E, 0x70, 0x01, 0x1E, 0x70, 0x01, 0x1E, 0x71, 0x01, 0x1F, 0x71, 0x01, 0x1F, 0x72, 0x01, 0x20, 0x74, 
        0x01, 0x20, 0x74, 0x02, 0x20, 0x75, 0x02, 0x20, 0x75, 0x02, 0x21, 0x76, 0x02, 0x21, 0x78, 0x02, 0x23, 0x79, 0x02, 0x22, 0x7A, 0x02, 0x22, 0x79, 0x02, 0x22, 0x79, 0x02, 0x22, 0x79, 0x02, 0x22, 0x79, 0x02, 0x22, 0x7A, 0x02, 0x21, 0x79, 
        0x02, 0x22, 0x7A, 0x02, 0x23, 0x7A, 0x02, 0x23, 0x7A, 0x02, 0x23, 0x7B, 0x03, 0x23, 0x7C, 0x03, 0x24, 0x7F, 0x03, 0x24, 0x80, 0x03, 0x25, 0x81, 0x03, 0x24, 0x80, 0x03, 0x25, 0x80, 0x03, 0x26, 0x81, 0x03, 0x26, 0x84, 0x03, 0x28, 0x87, 
        0x03, 0x28, 0x88, 0x03, 0x29, 0x88, 0x04, 0x2A, 0x8A, 0x04, 0x2A, 0x8A, 0x04, 0x2A, 0x8A, 0x04, 0x2B, 0x8C, 0x04, 0x2B, 0x8C, 0x04, 0x2B, 0x8E, 0x04, 0x2C, 0x8E, 0x04, 0x2C, 0x8E, 0x04, 0x2D, 0x8E, 0x04, 0x2C, 0x8F, 0x04, 0x2D, 0x90, 
        0x05, 0x2F, 0x92, 0x05, 0x2F, 0x93, 0x05, 0x30, 0x95, 0x05, 0x31, 0x96, 0x06, 0x31, 0x96, 0x06, 0x32, 0x98, 0x06, 0x32, 0x99, 0x06, 0x32, 0x99, 0x06, 0x32, 0x99, 0x06, 0x32, 0x97, 0x06, 0x31, 0x97, 0x05, 0x30, 0x96, 0x05, 0x30, 0x94, 
        0x05, 0x30, 0x95, 0x05, 0x30, 0x95, 0x05, 0x30, 0x95, 0x05, 0x31, 0x95, 0x05, 0x31, 0x95, 0x05, 0x31, 0x95, 0x05, 0x31, 0x95, 0x05, 0x31, 0x95, 0x05, 0x31, 0x96, 0x06, 0x31, 0x98, 0x06, 0x31, 0x98, 0x06, 0x31, 0x96, 0x06, 0x32, 0x96, 
        0x06, 0x32, 0x96, 0x06, 0x32, 0x98, 0x06, 0x32, 0x99, 0x06, 0x33, 0x99, 0x06, 0x33, 0x9A, 0x06, 0x33, 0x99, 0x06, 0x33, 0x9A, 0x06, 0x34, 0x9A, 0x07, 0x35, 0x9C, 0x07, 0x37, 0x9D, 0x07, 0x37, 0x9D, 0x07, 0x37, 0x9F, 0x07, 0x37, 0x9F, 
        0x07, 0x37, 0x9F, 0x07, 0x35, 0x9D, 0x07, 0x36, 0x9D, 0x07, 0x36, 0x9D, 0x07, 0x36, 0xA0, 0x08, 0x36, 0xA0, 0x08, 0x36, 0xA0, 0x08, 0x37, 0xA0, 0x08, 0x38, 0xA1, 0x08, 0x38, 0xA1, 0x09, 0x39, 0xA1, 0x08, 0x39, 0xA1, 0x08, 0x39, 0xA1, 
        0x08, 0x39, 0xA1, 0x08, 0x39, 0xA1, 0x08, 0x39, 0xA1, 0x09, 0x3A, 0xA2, 0x09, 0x3A, 0xA2, 0x09, 0x3A, 0xA2, 0x0A, 0x3B, 0xA2, 0x0A, 0x3B, 0xA3, 0x0A, 0x3B, 0xA3, 0x0A, 0x3B, 0xA3, 0x0A, 0x3B, 0xA3, 0x0A, 0x3A, 0xA3, 0x0A, 0x3B, 0xA3, 
        0x0A, 0x3C, 0xA6, 0x0A, 0x3C, 0xA6, 0x0B, 0x3C, 0xA4, 0x0B, 0x3C, 0xA4, 0x0C, 0x3C, 0xA4, 0x0B, 0x3D, 0xA5, 0x0B, 0x3C, 0xA4, 0x0B, 0x3C, 0xA4, 0x0B, 0x3D, 0xA5, 0x0C, 0x3D, 0xA5, 0x0C, 0x3E, 0xA6, 0x0C, 0x3E, 0xA5, 0x0C, 0x3E, 0xA6, 
        0x0C, 0x3E, 0xA6, 0x0C, 0x40, 0xA6, 0x0C, 0x41, 0xA7, 0x0C, 0x41, 0xA7, 0x0C, 0x3F, 0xA6, 0x0C, 0x3F, 0xA6, 0x0C, 0x3E, 0xA6, 0x0C, 0x3F, 0xA7, 0x0C, 0x3F, 0xA7, 0x0B, 0x3D, 0xA5, 0x0C, 0x3D, 0xA5, 0x0C, 0x3E, 0xA5, 0x0C, 0x3E, 0xA6, 
        0x0C, 0x3E, 0xA6, 0x0C, 0x3E, 0xA6, 0x0C, 0x40, 0xA6, 0x0D, 0x40, 0xA7, 0x0D, 0x41, 0xA9, 0x0D, 0x41, 0xA9, 0x0E, 0x41, 0xA9, 0x0E, 0x42, 0xA9, 0x0E, 0x42, 0xAA, 0x0E, 0x42, 0xAA, 0x0F, 0x43, 0xA8, 0x0F, 0x44, 0xA8, 0x0F, 0x44, 0xA8, 
        0x0F, 0x44, 0xAB, 0x10, 0x45, 0xAB, 0x12, 0x48, 0xA0,
  0x02, 0x1E, 0x70, 0x01, 0x1D, 0x6E, 0x01, 0x1D, 0x6D, 0x01, 0x1E, 0x6E, 0x01, 0x1E, 0x6E, 0x01, 0x1E, 0x6E, 0x01, 0x1E, 0x6F, 0x01, 0x1D, 0x6F, 0x01, 0x1E, 0x70, 0x01, 0x1E, 0x70, 0x01, 0x1E, 0x71, 0x01, 0x1E, 0x71, 0x01, 0x1F, 0x71, 0x01, 0x20, 0x74, 
        0x01, 0x20, 0x75, 0x02, 0x20, 0x76, 0x02, 0x21, 0x76, 0x02, 0x21, 0x77, 0x02, 0x22, 0x78, 0x02, 0x22, 0x7A, 0x02, 0x23, 0x7A, 0x02, 0x22, 0x79, 0x02, 0x22, 0x79, 0x02, 0x22, 0x79, 0x02, 0x22, 0x79, 0x02, 0x22, 0x79, 0x02, 0x21, 0x79, 
        0x02, 0x22, 0x7A, 0x02, 0x23, 0x7A, 0x02, 0x23, 0x7A, 0x03, 0x23, 0x7C, 0x03, 0x23, 0x7C, 0x03, 0x24, 0x7E, 0x03, 0x24, 0x80, 0x03, 0x25, 0x81, 0x03, 0x24, 0x80, 0x03, 0x24, 0x80, 0x03, 0x26, 0x81, 0x03, 0x28, 0x84, 0x03, 0x28, 0x88, 
        0x03, 0x29, 0x88, 0x03, 0x29, 0x88, 0x04, 0x2A, 0x8A, 0x04, 0x2A, 0x8A, 0x04, 0x2A, 0x8A, 0x04, 0x2B, 0x8B, 0x04, 0x2B, 0x8C, 0x04, 0x2B, 0x8E, 0x04, 0x2C, 0x8E, 0x04, 0x2C, 0x8E, 0x04, 0x2D, 0x8F, 0x04, 0x2C, 0x8F, 0x04, 0x2C, 0x8F, 
        0x04, 0x2E, 0x92, 0x05, 0x2F, 0x93, 0x05, 0x30, 0x95, 0x05, 0x31, 0x96, 0x06, 0x31, 0x96, 0x06, 0x31, 0x96, 0x06, 0x32, 0x98, 0x06, 0x32, 0x99, 0x06, 0x32, 0x99, 0x06, 0x32, 0x97, 0x06, 0x32, 0x97, 0x05, 0x30, 0x96, 0x05, 0x30, 0x94, 
        0x05, 0x30, 0x94, 0x05, 0x30, 0x95, 0x05, 0x30, 0x95, 0x05, 0x30, 0x95, 0x05, 0x31, 0x95, 0x05, 0x31, 0x95, 0x05, 0x31, 0x95, 0x05, 0x31, 0x95, 0x06, 0x31, 0x97, 0x06, 0x31, 0x98, 0x06, 0x31, 0x98, 0x05, 0x31, 0x96, 0x06, 0x31, 0x96, 
        0x06, 0x32, 0x96, 0x06, 0x32, 0x98, 0x06, 0x33, 0x98, 0x06, 0x33, 0x9A, 0x06, 0x33, 0x99, 0x06, 0x33, 0x99, 0x06, 0x33, 0x9A, 0x06, 0x33, 0x9A, 0x07, 0x35, 0x9C, 0x07, 0x37, 0x9C, 0x07, 0x37, 0x9F, 0x08, 0x38, 0xA0, 0x08, 0x37, 0x9F, 
        0x08, 0x37, 0x9F, 0x07, 0x37, 0x9F, 0x08, 0x37, 0x9F, 0x08, 0x37, 0x9F, 0x08, 0x38, 0x9F, 0x08, 0x38, 0xA1, 0x08, 0x38, 0xA0, 0x08, 0x39, 0xA1, 0x08, 0x38, 0xA1, 0x09, 0x39, 0xA1, 0x09, 0x39, 0xA1, 0x09, 0x38, 0xA1, 0x08, 0x39, 0xA0, 
        0x08, 0x39, 0xA2, 0x08, 0x39, 0xA2, 0x09, 0x3A, 0xA2, 0x09, 0x3A, 0xA4, 0x0A, 0x3A, 0xA2, 0x0A, 0x3A, 0xA2, 0x0A, 0x3A, 0xA2, 0x0A, 0x3B, 0xA2, 0x0A, 0x3B, 0xA3, 0x0A, 0x3B, 0xA3, 0x0A, 0x3B, 0xA3, 0x0A, 0x3A, 0xA3, 0x0A, 0x3B, 0xA5, 
        0x0B, 0x3D, 0xA5, 0x0B, 0x3D, 0xA6, 0x0A, 0x3C, 0xA6, 0x0B, 0x3C, 0xA4, 0x0B, 0x3C, 0xA4, 0x0B, 0x3C, 0xA3, 0x0B, 0x3C, 0xA4, 0x0B, 0x3D, 0xA5, 0x0C, 0x3E, 0xA5, 0x0C, 0x3F, 0xA7, 0x0C, 0x3F, 0xA5, 0x0C, 0x3E, 0xA6, 0x0C, 0x40, 0xA6, 
        0x0C, 0x40, 0xA6, 0x0D, 0x40, 0xA6, 0x0D, 0x40, 0xA6, 0x0D, 0x41, 0xA8, 0x0C, 0x3F, 0xA7, 0x0C, 0x3F, 0xA7, 0x0C, 0x3F, 0xA6, 0x0C, 0x3E, 0xA6, 0x0C, 0x3F, 0xA7, 0x0C, 0x3F, 0xA7, 0x0C, 0x3D, 0xA5, 0x0C, 0x3D, 0xA5, 0x0C, 0x3E, 0xA5, 
        0x0C, 0x3E, 0xA6, 0x0D, 0x40, 0xA6, 0x0D, 0x40, 0xA6, 0x0D, 0x40, 0xA6, 0x0D, 0x41, 0xA9, 0x0D, 0x41, 0xA9, 0x0D, 0x40, 0xA9, 0x0E, 0x40, 0xA9, 0x0E, 0x40, 0xA9, 0x0E, 0x42, 0xAA, 0x0F, 0x42, 0xA8, 0x0F, 0x42, 0xA8, 0x0F, 0x44, 0xAA, 
        0x10, 0x44, 0xAA, 0x10, 0x45, 0xAB, 0x12, 0x47, 0xA0,
  0x02, 0x1E, 0x71, 0x01, 0x1D, 0x70, 0x01, 0x1D, 0x70, 0x01, 0x1D, 0x70, 0x01, 0x1E, 0x70, 0x01, 0x1E, 0x70, 0x01, 0x1E, 0x6F, 0x01, 0x1E, 0x70, 0x01, 0x1E, 0x71, 0x01, 0x1E, 0x71, 0x01, 0x1E, 0x71, 0x01, 0x1E, 0x71, 0x01, 0x1F, 0x71, 0x01, 0x20, 0x74, 
        0x02, 0x20, 0x77, 0x02, 0x21, 0x78, 0x02, 0x21, 0x78, 0x02, 0x22, 0x79, 0x02, 0x22, 0x79, 0x02, 0x21, 0x78, 0x02, 0x21, 0x79, 0x02, 0x22, 0x79, 0x02, 0x22, 0x79, 0x02, 0x22, 0x79, 0x02, 0x22, 0x79, 0x02, 0x22, 0x79, 0x02, 0x22, 0x79, 
        0x02, 0x22, 0x7A, 0x02, 0x22, 0x7A, 0x02, 0x23, 0x7B, 0x03, 0x24, 0x7D, 0x03, 0x24, 0x7D, 0x03, 0x24, 0x7F, 0x03, 0x24, 0x7F, 0x03, 0x24, 0x7F, 0x03, 0x24, 0x80, 0x03, 0x25, 0x81, 0x03, 0x27, 0x83, 0x03, 0x29, 0x86, 0x03, 0x29, 0x89, 
        0x03, 0x29, 0x8A, 0x03, 0x29, 0x8A, 0x03, 0x2A, 0x8A, 0x03, 0x2A, 0x8B, 0x03, 0x2A, 0x8B, 0x03, 0x2A, 0x8D, 0x04, 0x2B, 0x8D, 0x04, 0x2B, 0x8F, 0x04, 0x2C, 0x8F, 0x04, 0x2C, 0x8F, 0x04, 0x2B, 0x8F, 0x04, 0x2C, 0x8F, 0x04, 0x2C, 0x8F, 
        0x04, 0x2D, 0x91, 0x05, 0x2F, 0x93, 0x05, 0x30, 0x95, 0x05, 0x31, 0x96, 0x05, 0x31, 0x96, 0x05, 0x31, 0x96, 0x06, 0x31, 0x96, 0x06, 0x32, 0x98, 0x06, 0x32, 0x99, 0x06, 0x31, 0x97, 0x06, 0x32, 0x97, 0x05, 0x30, 0x96, 0x05, 0x30, 0x94, 
        0x05, 0x30, 0x94, 0x05, 0x30, 0x94, 0x05, 0x30, 0x95, 0x05, 0x30, 0x95, 0x05, 0x30, 0x95, 0x05, 0x31, 0x95, 0x05, 0x31, 0x95, 0x05, 0x31, 0x95, 0x06, 0x31, 0x95, 0x06, 0x31, 0x95, 0x06, 0x31, 0x96, 0x06, 0x32, 0x99, 0x06, 0x31, 0x98, 
        0x06, 0x31, 0x98, 0x06, 0x32, 0x98, 0x06, 0x32, 0x98, 0x07, 0x33, 0x99, 0x06, 0x33, 0x9A, 0x06, 0x33, 0x9A, 0x07, 0x34, 0x9C, 0x07, 0x35, 0x9C, 0x07, 0x36, 0x9E, 0x07, 0x38, 0x9E, 0x08, 0x38, 0x9F, 0x08, 0x38, 0xA0, 0x08, 0x38, 0xA0, 
        0x08, 0x37, 0x9F, 0x08, 0x37, 0x9F, 0x08, 0x38, 0xA0, 0x09, 0x39, 0xA0, 0x09, 0x39, 0xA0, 0x09, 0x3B, 0x9F, 0x09, 0x3B, 0xA0, 0x09, 0x39, 0xA0, 0x09, 0x39, 0xA0, 0x09, 0x39, 0xA0, 0x09, 0x39, 0xA0, 0x09, 0x39, 0xA3, 0x09, 0x39, 0xA3, 
        0x0A, 0x3A, 0xA3, 0x0A, 0x3C, 0xA4, 0x0A, 0x3A, 0xA4, 0x0A, 0x3C, 0xA4, 0x0A, 0x3A, 0xA4, 0x0A, 0x3A, 0xA4, 0x0A, 0x3A, 0xA2, 0x0A, 0x39, 0xA2, 0x0A, 0x3A, 0xA2, 0x0A, 0x3B, 0xA5, 0x0A, 0x3B, 0xA5, 0x0B, 0x3A, 0xA3, 0x0B, 0x3D, 0xA5, 
        0x0B, 0x3D, 0xA6, 0x0B, 0x3D, 0xA5, 0x0B, 0x3C, 0xA6, 0x0A, 0x3B, 0xA4, 0x0B, 0x3B, 0xA3, 0x0B, 0x3C, 0xA3, 0x0B, 0x3D, 0xA3, 0x0C, 0x3F, 0xA5, 0x0C, 0x3F, 0xA5, 0x0C, 0x3F, 0xA5, 0x0C, 0x3F, 0xA5, 0x0C, 0x3F, 0xA5, 0x0D, 0x40, 0xA6, 
        0x0D, 0x41, 0xA8, 0x0D, 0x41, 0xA8, 0x0D, 0x41, 0xA8, 0x0D, 0x41, 0xA8, 0x0D, 0x41, 0xA7, 0x0D, 0x41, 0xA6, 0x0C, 0x3F, 0xA6, 0x0C, 0x3F, 0xA6, 0x0C, 0x3F, 0xA4, 0x0C, 0x3F, 0xA5, 0x0C, 0x3F, 0xA5, 0x0C, 0x3F, 0xA5, 0x0C, 0x3F, 0xA5, 
        0x0C, 0x40, 0xA5, 0x0D, 0x41, 0xA6, 0x0D, 0x41, 0xA6, 0x0D, 0x41, 0xA6, 0x0D, 0x42, 0xA6, 0x0D, 0x42, 0xA7, 0x0D, 0x42, 0xA7, 0x0D, 0x42, 0xA7, 0x0E, 0x42, 0xA7, 0x0E, 0x43, 0xA7, 0x0F, 0x40, 0xA8, 0x0F, 0x40, 0xA8, 0x0F, 0x42, 0xAA, 
        0x10, 0x43, 0xAA, 0x10, 0x44, 0xAA, 0x12, 0x46, 0xA1,
  0x02, 0x1E, 0x71, 0x01, 0x1D, 0x6F, 0x01, 0x1D, 0x70, 0x01, 0x1D, 0x70, 0x01, 0x1D, 0x70, 0x01, 0x1E, 0x70, 0x01, 0x1E, 0x6F, 0x01, 0x1E, 0x6F, 0x01, 0x1E, 0x71, 0x01, 0x1E, 0x71, 0x01, 0x1E, 0x71, 0x01, 0x1F, 0x71, 0x01, 0x1F, 0x71, 0x01, 0x1F, 0x74, 
        0x02, 0x20, 0x76, 0x02, 0x21, 0x78, 0x02, 0x21, 0x78, 0x02, 0x21, 0x78, 0x02, 0x21, 0x78, 0x02, 0x21, 0x78, 0x02, 0x21, 0x78, 0x02, 0x21, 0x79, 0x02, 0x22, 0x79, 0x02, 0x22, 0x79, 0x02, 0x22, 0x79, 0x02, 0x22, 0x79, 0x02, 0x22, 0x79, 
        0x02, 0x22, 0x79, 0x02, 0x23, 0x7B, 0x03, 0x23, 0x7C, 0x03, 0x23, 0x7C, 0x03, 0x24, 0x7D, 0x03, 0x24, 0x7F, 0x03, 0x24, 0x7F, 0x03, 0x24, 0x7E, 0x03, 0x25, 0x81, 0x03, 0x26, 0x82, 0x03, 0x27, 0x83, 0x03, 0x28, 0x86, 0x03, 0x29, 0x89, 
        0x03, 0x29, 0x89, 0x03, 0x2A, 0x8A, 0x03, 0x2A, 0x8B, 0x03, 0x2A, 0x8B, 0x04, 0x2B, 0x8D, 0x04, 0x2B, 0x8E, 0x04, 0x2A, 0x8D, 0x04, 0x2D, 0x90, 0x04, 0x2C, 0x8F, 0x04, 0x2C, 0x8F, 0x04, 0x2D, 0x91, 0x04, 0x2C, 0x8F, 0x04, 0x2D, 0x91, 
        0x04, 0x2D, 0x91, 0x05, 0x2E, 0x92, 0x05, 0x2F, 0x93, 0x05, 0x2F, 0x93, 0x05, 0x30, 0x95, 0x05, 0x31, 0x96, 0x06, 0x31, 0x96, 0x05, 0x31, 0x96, 0x05, 0x31, 0x96, 0x06, 0x31, 0x97, 0x05, 0x31, 0x97, 0x06, 0x30, 0x96, 0x06, 0x30, 0x96, 
        0x05, 0x30, 0x94, 0x05, 0x30, 0x94, 0x05, 0x30, 0x94, 0x05, 0x30, 0x95, 0x05, 0x30, 0x95, 0x05, 0x30, 0x94, 0x05, 0x31, 0x94, 0x05, 0x31, 0x95, 0x05, 0x31, 0x95, 0x05, 0x31, 0x95, 0x06, 0x31, 0x95, 0x06, 0x32, 0x99, 0x06, 0x31, 0x98, 
        0x06, 0x31, 0x98, 0x06, 0x31, 0x98, 0x06, 0x33, 0x99, 0x07, 0x33, 0x99, 0x07, 0x34, 0x9B, 0x07, 0x36, 0x9E, 0x07, 0x36, 0x9E, 0x07, 0x36, 0x9E, 0x08, 0x39, 0x9F, 0x08, 0x39, 0xA1, 0x08, 0x3A, 0xA1, 0x09, 0x3A, 0xA1, 0x09, 0x3A, 0xA2, 
        0x09, 0x3A, 0xA2, 0x09, 0x3A, 0xA2, 0x09, 0x3A, 0xA2, 0x09, 0x3A, 0xA2, 0x09, 0x3A, 0xA0, 0x09, 0x39, 0xA0, 0x09, 0x39, 0xA0, 0x09, 0x39, 0xA1, 0x09, 0x3B, 0xA1, 0x09, 0x3B, 0xA3, 0x09, 0x3B, 0xA3, 0x0A, 0x39, 0xA3, 0x0A, 0x3B, 0xA3, 
        0x0A, 0x3B, 0xA3, 0x0A, 0x3C, 0xA4, 0x0A, 0x3C, 0xA5, 0x0A, 0x3C, 0xA4, 0x0A, 0x3D, 0xA5, 0x0A, 0x3C, 0xA5, 0x0B, 0x3C, 0xA5, 0x0B, 0x3D, 0xA5, 0x0B, 0x3C, 0xA5, 0x0B, 0x3D, 0xA5, 0x0B, 0x3D, 0xA6, 0x0B, 0x3D, 0xA5, 0x0B, 0x3B, 0xA5, 
        0x0A, 0x3A, 0xA3, 0x0A, 0x3A, 0xA3, 0x0B, 0x3B, 0xA5, 0x0B, 0x3C, 0xA6, 0x0B, 0x3E, 0xA4, 0x0C, 0x3E, 0xA4, 0x0C, 0x3E, 0xA4, 0x0C, 0x3E, 0xA4, 0x0C, 0x3F, 0xA5, 0x0C, 0x3E, 0xA5, 0x0C, 0x3F, 0xA5, 0x0D, 0x3F, 0xA7, 0x0D, 0x40, 0xA7, 
        0x0D, 0x41, 0xA8, 0x0E, 0x42, 0xA9, 0x0E, 0x42, 0xA9, 0x0D, 0x41, 0xA8, 0x0D, 0x40, 0xA6, 0x0D, 0x3F, 0xA6, 0x0C, 0x3F, 0xA6, 0x0C, 0x3E, 0xA4, 0x0C, 0x3E, 0xA4, 0x0C, 0x3E, 0xA4, 0x0C, 0x3F, 0xA5, 0x0D, 0x3F, 0xA5, 0x0C, 0x3F, 0xA5, 
        0x0D, 0x40, 0xA5, 0x0D, 0x41, 0xA7, 0x0D, 0x41, 0xA6, 0x0D, 0x41, 0xA8, 0x0D, 0x41, 0xA6, 0x0D, 0x42, 0xA6, 0x0D, 0x43, 0xA9, 0x0D, 0x43, 0xA9, 0x0E, 0x44, 0xA9, 0x0F, 0x44, 0xA9, 0x0F, 0x43, 0xA9, 0x0F, 0x42, 0xAA, 0x10, 0x43, 0xAA, 
        0x10, 0x43, 0xAB, 0x11, 0x45, 0xAB, 0x13, 0x47, 0xA0,
  0x02, 0x1E, 0x71, 0x01, 0x1D, 0x6F, 0x01, 0x1D, 0x6F, 0x01, 0x1D, 0x70, 0x01, 0x1D, 0x70, 0x01, 0x1D, 0x70, 0x01, 0x1E, 0x6F, 0x01, 0x1E, 0x70, 0x01, 0x1E, 0x70, 0x01, 0x1E, 0x71, 0x01, 0x1F, 0x71, 0x01, 0x1F, 0x71, 0x01, 0x1F, 0x71, 0x01, 0x1F, 0x74, 
        0x02, 0x20, 0x76, 0x02, 0x21, 0x76, 0x02, 0x21, 0x78, 0x02, 0x21, 0x78, 0x02, 0x21, 0x78, 0x02, 0x21, 0x78, 0x02, 0x21, 0x78, 0x02, 0x21, 0x78, 0x02, 0x21, 0x79, 0x02, 0x22, 0x79, 0x02, 0x22, 0x79, 0x02, 0x22, 0x79, 0x02, 0x22, 0x79, 
        0x02, 0x22, 0x79, 0x02, 0x23, 0x7A, 0x02, 0x23, 0x7C, 0x03, 0x23, 0x7D, 0x03, 0x24, 0x7D, 0x03, 0x24, 0x7F, 0x03, 0x24, 0x7F, 0x03, 0x24, 0x7F, 0x03, 0x25, 0x80, 0x03, 0x26, 0x82, 0x03, 0x27, 0x84, 0x03, 0x28, 0x86, 0x03, 0x28, 0x89, 
        0x03, 0x29, 0x89, 0x03, 0x2A, 0x89, 0x03, 0x2A, 0x8B, 0x04, 0x2C, 0x8D, 0x04, 0x2C, 0x8D, 0x04, 0x2C, 0x8E, 0x04, 0x2D, 0x90, 0x04, 0x2D, 0x90, 0x05, 0x2E, 0x90, 0x05, 0x2E, 0x91, 0x04, 0x2D, 0x91, 0x04, 0x2D, 0x91, 0x04, 0x2D, 0x91, 
        0x04, 0x2D, 0x91, 0x04, 0x2D, 0x91, 0x04, 0x2D, 0x91, 0x05, 0x2F, 0x92, 0x05, 0x2F, 0x93, 0x05, 0x30, 0x95, 0x05, 0x30, 0x95, 0x05, 0x30, 0x95, 0x05, 0x30, 0x95, 0x05, 0x30, 0x95, 0x05, 0x30, 0x96, 0x05, 0x30, 0x96, 0x06, 0x30, 0x96, 
        0x06, 0x30, 0x96, 0x05, 0x30, 0x94, 0x05, 0x30, 0x94, 0x05, 0x30, 0x94, 0x05, 0x2F, 0x94, 0x05, 0x30, 0x94, 0x05, 0x30, 0x94, 0x05, 0x31, 0x95, 0x05, 0x31, 0x95, 0x05, 0x31, 0x95, 0x05, 0x31, 0x95, 0x06, 0x31, 0x97, 0x06, 0x31, 0x98, 
        0x06, 0x32, 0x99, 0x06, 0x33, 0x9B, 0x07, 0x33, 0x9B, 0x07, 0x35, 0x9B, 0x07, 0x36, 0x9D, 0x08, 0x36, 0x9D, 0x08, 0x37, 0x9F, 0x08, 0x37, 0x9F, 0x09, 0x39, 0xA1, 0x09, 0x3A, 0xA1, 0x09, 0x3A, 0xA2, 0x09, 0x3B, 0xA2, 0x09, 0x3B, 0xA2, 
        0x09, 0x3C, 0xA3, 0x09, 0x3C, 0xA3, 0x09, 0x3C, 0xA3, 0x09, 0x3B, 0xA3, 0x09, 0x3B, 0xA3, 0x0A, 0x3B, 0xA3, 0x09, 0x3B, 0xA2, 0x09, 0x3B, 0xA2, 0x09, 0x3B, 0xA3, 0x0A, 0x3C, 0xA4, 0x0A, 0x3C, 0xA4, 0x0A, 0x3C, 0xA4, 0x0B, 0x3D, 0xA6, 
        0x0B, 0x3F, 0xA7, 0x0C, 0x3F, 0xA7, 0x0C, 0x41, 0xA8, 0x0C, 0x41, 0xA9, 0x0C, 0x40, 0xA8, 0x0C, 0x40, 0xA8, 0x0C, 0x40, 0xA8, 0x0C, 0x41, 0xA9, 0x0C, 0x40, 0xA8, 0x0C, 0x40, 0xA8, 0x0C, 0x40, 0xA7, 0x0B, 0x3D, 0xA6, 0x0B, 0x3B, 0xA5, 
        0x0B, 0x3B, 0xA5, 0x0B, 0x3B, 0xA5, 0x0B, 0x3B, 0xA5, 0x0B, 0x3D, 0xA6, 0x0B, 0x3E, 0xA4, 0x0B, 0x3E, 0xA4, 0x0C, 0x3D, 0xA4, 0x0C, 0x3D, 0xA4, 0x0C, 0x3D, 0xA4, 0x0C, 0x3E, 0xA5, 0x0C, 0x3F, 0xA5, 0x0D, 0x40, 0xA7, 0x0D, 0x40, 0xA7, 
        0x0D, 0x41, 0xA8, 0x0E, 0x42, 0xA9, 0x0E, 0x42, 0xA9, 0x0E, 0x42, 0xA8, 0x0D, 0x40, 0xA6, 0x0D, 0x40, 0xA5, 0x0D, 0x3F, 0xA6, 0x0C, 0x3F, 0xA6, 0x0C, 0x3E, 0xA4, 0x0C, 0x3E, 0xA6, 0x0D, 0x3F, 0xA4, 0x0D, 0x3F, 0xA5, 0x0D, 0x40, 0xA5, 
        0x0D, 0x40, 0xA5, 0x0D, 0x40, 0xA7, 0x0E, 0x42, 0xA7, 0x0E, 0x42, 0xA8, 0x0E, 0x41, 0xA8, 0x0E, 0x41, 0xA8, 0x0E, 0x43, 0xA8, 0x0E, 0x43, 0xA9, 0x0E, 0x44, 0xAA, 0x0E, 0x44, 0xAA, 0x10, 0x42, 0xA9, 0x10, 0x43, 0xA9, 0x10, 0x43, 0xAB, 
        0x11, 0x45, 0xAB, 0x11, 0x45, 0xAB, 0x13, 0x48, 0xA0,
  0x02, 0x1E, 0x71, 0x01, 0x1D, 0x6F, 0x01, 0x1D, 0x6F, 0x01, 0x1D, 0x6F, 0x01, 0x1D, 0x70, 0x01, 0x1D, 0x70, 0x01, 0x1D, 0x70, 0x01, 0x1E, 0x70, 0x01, 0x1E, 0x70, 0x01, 0x1E, 0x70, 0x01, 0x1F, 0x71, 0x01, 0x1F, 0x71, 0x01, 0x1F, 0x73, 0x02, 0x20, 0x74, 
        0x02, 0x20, 0x74, 0x02, 0x20, 0x76, 0x02, 0x21, 0x76, 0x02, 0x21, 0x78, 0x02, 0x21, 0x78, 0x02, 0x21, 0x78, 0x02, 0x21, 0x78, 0x02, 0x21, 0x78, 0x02, 0x21, 0x78, 0x02, 0x21, 0x79, 0x02, 0x22, 0x79, 0x02, 0x22, 0x79, 0x02, 0x22, 0x79, 
        0x02, 0x22, 0x79, 0x02, 0x23, 0x7A, 0x02, 0x23, 0x7B, 0x03, 0x23, 0x7D, 0x03, 0x24, 0x7D, 0x03, 0x24, 0x7F, 0x03, 0x24, 0x7F, 0x03, 0x24, 0x7F, 0x03, 0x25, 0x80, 0x03, 0x27, 0x82, 0x03, 0x27, 0x83, 0x03, 0x27, 0x86, 0x03, 0x28, 0x89, 
        0x03, 0x28, 0x89, 0x03, 0x2A, 0x8A, 0x04, 0x2B, 0x8C, 0x04, 0x2D, 0x8E, 0x04, 0x2D, 0x8E, 0x04, 0x2D, 0x90, 0x04, 0x2D, 0x90, 0x04, 0x2D, 0x90, 0x04, 0x2D, 0x90, 0x05, 0x2E, 0x90, 0x04, 0x2D, 0x91, 0x04, 0x2D, 0x91, 0x04, 0x2D, 0x91, 
        0x04, 0x2D, 0x91, 0x04, 0x2D, 0x91, 0x04, 0x2D, 0x91, 0x04, 0x2D, 0x91, 0x05, 0x2F, 0x92, 0x05, 0x2F, 0x93, 0x05, 0x30, 0x95, 0x05, 0x30, 0x95, 0x05, 0x30, 0x95, 0x05, 0x30, 0x95, 0x05, 0x2F, 0x93, 0x05, 0x30, 0x96, 0x05, 0x30, 0x96, 
        0x05, 0x30, 0x94, 0x05, 0x30, 0x94, 0x05, 0x30, 0x94, 0x05, 0x30, 0x94, 0x05, 0x30, 0x94, 0x05, 0x30, 0x94, 0x05, 0x30, 0x95, 0x05, 0x30, 0x95, 0x05, 0x31, 0x95, 0x06, 0x31, 0x95, 0x06, 0x31, 0x95, 0x06, 0x31, 0x95, 0x06, 0x31, 0x97, 
        0x06, 0x32, 0x99, 0x07, 0x34, 0x9B, 0x07, 0x35, 0x9D, 0x08, 0x36, 0x9D, 0x08, 0x36, 0x9D, 0x08, 0x36, 0x9D, 0x08, 0x37, 0x9E, 0x08, 0x37, 0x9F, 0x09, 0x39, 0xA1, 0x09, 0x3A, 0xA1, 0x09, 0x3A, 0xA1, 0x09, 0x3A, 0xA1, 0x09, 0x3B, 0xA2, 
        0x09, 0x3C, 0xA2, 0x09, 0x3C, 0xA3, 0x09, 0x3C, 0xA3, 0x09, 0x3B, 0xA2, 0x09, 0x3B, 0xA3, 0x0A, 0x3B, 0xA3, 0x0A, 0x3B, 0xA3, 0x0A, 0x3C, 0xA3, 0x0A, 0x3E, 0xA5, 0x0B, 0x3F, 0xA6, 0x0B, 0x3F, 0xA7, 0x0C, 0x3F, 0xA7, 0x0C, 0x40, 0xA8, 
        0x0C, 0x42, 0xA9, 0x0C, 0x42, 0xA9, 0x0C, 0x42, 0xA9, 0x0C, 0x43, 0xA9, 0x0C, 0x40, 0xA8, 0x0C, 0x40, 0xA8, 0x0C, 0x41, 0xA9, 0x0C, 0x41, 0xAA, 0x0C, 0x41, 0xA9, 0x0C, 0x41, 0xA9, 0x0C, 0x40, 0xA8, 0x0C, 0x3E, 0xA5, 0x0C, 0x3E, 0xA7, 
        0x0C, 0x3E, 0xA7, 0x0C, 0x3E, 0xA6, 0x0B, 0x3D, 0xA6, 0x0B, 0x3D, 0xA6, 0x0B, 0x3B, 0xA3, 0x0B, 0x3C, 0xA3, 0x0B, 0x3C, 0xA3, 0x0C, 0x3C, 0xA3, 0x0C, 0x3C, 0xA4, 0x0C, 0x3D, 0xA4, 0x0C, 0x3F, 0xA5, 0x0D, 0x40, 0xA7, 0x0D, 0x40, 0xA7, 
        0x0D, 0x41, 0xA8, 0x0D, 0x41, 0xA8, 0x0E, 0x42, 0xA9, 0x0E, 0x42, 0xA8, 0x0E, 0x40, 0xA6, 0x0E, 0x40, 0xA6, 0x0D, 0x3E, 0xA5, 0x0D, 0x3F, 0xA6, 0x0D, 0x3E, 0xA6, 0x0D, 0x3E, 0xA6, 0x0D, 0x3F, 0xA4, 0x0D, 0x3F, 0xA4, 0x0D, 0x40, 0xA7, 
        0x0D, 0x40, 0xA7, 0x0E, 0x41, 0xA7, 0x0E, 0x42, 0xA7, 0x0E, 0x43, 0xA7, 0x0E, 0x43, 0xA9, 0x0E, 0x43, 0xA9, 0x0E, 0x43, 0xA9, 0x0E, 0x44, 0xA9, 0x0E, 0x43, 0xA9, 0x0E, 0x43, 0xAA, 0x10, 0x43, 0xAA, 0x11, 0x43, 0xAA, 0x11, 0x44, 0xAA, 
        0x11, 0x45, 0xAB, 0x11, 0x45, 0xAB, 0x13, 0x47, 0xA0,
  0x02, 0x1E, 0x71, 0x01, 0x1D, 0x6F, 0x01, 0x1D, 0x6F, 0x01, 0x1D, 0x6F, 0x01, 0x1D, 0x6F, 0x01, 0x1D, 0x70, 0x01, 0x1D, 0x70, 0x01, 0x1D, 0x70, 0x01, 0x1E, 0x70, 0x01, 0x1E, 0x70, 0x01, 0x1F, 0x70, 0x01, 0x1F, 0x73, 0x01, 0x1F, 0x73, 0x02, 0x20, 0x74, 
        0x02, 0x20, 0x74, 0x02, 0x20, 0x76, 0x02, 0x20, 0x76, 0x02, 0x21, 0x76, 0x02, 0x20, 0x77, 0x02, 0x21, 0x78, 0x02, 0x21, 0x78, 0x02, 0x21, 0x78, 0x02, 0x21, 0x78, 0x02, 0x21, 0x78, 0x02, 0x21, 0x79, 0x02, 0x22, 0x79, 0x02, 0x22, 0x79, 
        0x02, 0x23, 0x7A, 0x02, 0x23, 0x7A, 0x02, 0x23, 0x7B, 0x03, 0x24, 0x7C, 0x03, 0x24, 0x7D, 0x03, 0x24, 0x7F, 0x03, 0x24, 0x7F, 0x03, 0x25, 0x80, 0x03, 0x26, 0x81, 0x03, 0x27, 0x82, 0x03, 0x27, 0x82, 0x03, 0x27, 0x86, 0x03, 0x28, 0x89, 
        0x03, 0x29, 0x89, 0x03, 0x29, 0x8A, 0x04, 0x2B, 0x8C, 0x04, 0x2D, 0x8D, 0x04, 0x2D, 0x8E, 0x04, 0x2D, 0x90, 0x04, 0x2D, 0x90, 0x05, 0x2D, 0x91, 0x04, 0x2D, 0x90, 0x04, 0x2D, 0x90, 0x04, 0x2D, 0x90, 0x04, 0x2C, 0x8F, 0x04, 0x2C, 0x8F, 
        0x04, 0x2C, 0x8F, 0x04, 0x2C, 0x8F, 0x04, 0x2D, 0x91, 0x04, 0x2D, 0x91, 0x04, 0x2D, 0x91, 0x05, 0x2F, 0x93, 0x05, 0x2F, 0x93, 0x05, 0x2F, 0x93, 0x05, 0x2F, 0x93, 0x05, 0x2F, 0x93, 0x05, 0x2F, 0x93, 0x05, 0x2F, 0x93, 0x05, 0x2F, 0x94, 
        0x05, 0x2F, 0x94, 0x05, 0x30, 0x94, 0x05, 0x30, 0x94, 0x05, 0x30, 0x94, 0x05, 0x30, 0x94, 0x05, 0x30, 0x94, 0x05, 0x30, 0x95, 0x05, 0x30, 0x95, 0x06, 0x30, 0x95, 0x06, 0x31, 0x95, 0x06, 0x31, 0x95, 0x06, 0x31, 0x97, 0x06, 0x32, 0x98, 
        0x07, 0x33, 0x9A, 0x07, 0x35, 0x9D, 0x07, 0x35, 0x9D, 0x07, 0x36, 0x9D, 0x08, 0x35, 0x9D, 0x08, 0x36, 0x9D, 0x08, 0x36, 0x9E, 0x08, 0x37, 0x9E, 0x09, 0x39, 0xA1, 0x09, 0x39, 0xA1, 0x09, 0x39, 0xA1, 0x09, 0x3A, 0xA2, 0x09, 0x3A, 0xA2, 
        0x09, 0x3C, 0xA2, 0x09, 0x3C, 0xA2, 0x09, 0x3C, 0xA3, 0x09, 0x3B, 0xA3, 0x09, 0x3B, 0xA3, 0x09, 0x3B, 0xA3, 0x0A, 0x3D, 0xA5, 0x0B, 0x3F, 0xA6, 0x0B, 0x41, 0xA8, 0x0C, 0x42, 0xA9, 0x0C, 0x43, 0xAA, 0x0C, 0x41, 0xA9, 0x0C, 0x40, 0xA8, 
        0x0C, 0x3F, 0xA7, 0x0B, 0x3F, 0xA7, 0x0B, 0x3F, 0xA7, 0x0B, 0x3F, 0xA7, 0x0C, 0x40, 0xA7, 0x0C, 0x40, 0xA8, 0x0C, 0x40, 0xA8, 0x0C, 0x40, 0xA8, 0x0C, 0x40, 0xA8, 0x0C, 0x40, 0xA8, 0x0C, 0x40, 0xA8, 0x0D, 0x40, 0xA8, 0x0D, 0x42, 0xA9, 
        0x0D, 0x42, 0xAA, 0x0D, 0x42, 0xAA, 0x0C, 0x40, 0xA8, 0x0C, 0x3E, 0xA7, 0x0B, 0x3D, 0xA3, 0x0B, 0x3B, 0xA3, 0x0B, 0x3C, 0xA3, 0x0B, 0x3C, 0xA3, 0x0C, 0x3C, 0xA4, 0x0C, 0x3E, 0xA4, 0x0D, 0x3E, 0xA6, 0x0D, 0x3F, 0xA5, 0x0D, 0x40, 0xA7, 
        0x0D, 0x40, 0xA7, 0x0E, 0x41, 0xA8, 0x0D, 0x40, 0xA7, 0x0E, 0x41, 0xA8, 0x0E, 0x41, 0xA8, 0x0E, 0x40, 0xA6, 0x0E, 0x3E, 0xA6, 0x0D, 0x3E, 0xA5, 0x0D, 0x3F, 0xA6, 0x0D, 0x3F, 0xA6, 0x0D, 0x3F, 0xA6, 0x0E, 0x3F, 0xA6, 0x0E, 0x3F, 0xA6, 
        0x0E, 0x40, 0xA7, 0x0E, 0x41, 0xA7, 0x0E, 0x41, 0xA7, 0x0F, 0x42, 0xA8, 0x10, 0x44, 0xA9, 0x10, 0x44, 0xAA, 0x10, 0x44, 0xAA, 0x10, 0x44, 0xAA, 0x10, 0x45, 0xAA, 0x10, 0x45, 0xAA, 0x11, 0x46, 0xAC, 0x11, 0x46, 0xAC, 0x12, 0x46, 0xAC, 
        0x12, 0x47, 0xAC, 0x12, 0x46, 0xAD, 0x13, 0x48, 0xA2,
  0x02, 0x1E, 0x71, 0x01, 0x1D, 0x6F, 0x01, 0x1D, 0x6F, 0x01, 0x1D, 0x6F, 0x01, 0x1D, 0x6F, 0x01, 0x1D, 0x6F, 0x01, 0x1D, 0x70, 0x01, 0x1D, 0x70, 0x01, 0x1D, 0x70, 0x01, 0x1E, 0x70, 0x01, 0x1F, 0x70, 0x01, 0x1F, 0x72, 0x01, 0x1F, 0x73, 0x02, 0x20, 0x74, 
        0x02, 0x20, 0x76, 0x02, 0x20, 0x76, 0x02, 0x20, 0x76, 0x02, 0x20, 0x76, 0x02, 0x20, 0x74, 0x02, 0x20, 0x77, 0x02, 0x21, 0x78, 0x02, 0x21, 0x78, 0x02, 0x21, 0x78, 0x02, 0x21, 0x78, 0x02, 0x21, 0x78, 0x02, 0x21, 0x79, 0x02, 0x22, 0x79, 
        0x02, 0x23, 0x7A, 0x02, 0x23, 0x7B, 0x03, 0x23, 0x7C, 0x03, 0x23, 0x7C, 0x03, 0x24, 0x7C, 0x03, 0x23, 0x7E, 0x03, 0x24, 0x7F, 0x03, 0x25, 0x80, 0x03, 0x27, 0x82, 0x03, 0x27, 0x82, 0x03, 0x27, 0x82, 0x03, 0x27, 0x85, 0x03, 0x28, 0x89, 
        0x03, 0x29, 0x89, 0x03, 0x29, 0x8A, 0x04, 0x2B, 0x8C, 0x04, 0x2D, 0x8D, 0x04, 0x2D, 0x8F, 0x04, 0x2D, 0x90, 0x04, 0x2D, 0x90, 0x04, 0x2D, 0x90, 0x04, 0x2D, 0x90, 0x04, 0x2D, 0x90, 0x04, 0x2D, 0x90, 0x04, 0x2C, 0x8E, 0x04, 0x2C, 0x8F, 
        0x04, 0x2C, 0x8F, 0x04, 0x2D, 0x91, 0x05, 0x2E, 0x91, 0x05, 0x2E, 0x91, 0x04, 0x2E, 0x91, 0x05, 0x2E, 0x91, 0x05, 0x2F, 0x93, 0x05, 0x2F, 0x93, 0x05, 0x2F, 0x93, 0x05, 0x2F, 0x93, 0x05, 0x2F, 0x92, 0x05, 0x2E, 0x92, 0x05, 0x2F, 0x92, 
        0x05, 0x2F, 0x93, 0x05, 0x2F, 0x94, 0x06, 0x30, 0x96, 0x06, 0x31, 0x96, 0x06, 0x31, 0x96, 0x06, 0x30, 0x94, 0x06, 0x30, 0x94, 0x06, 0x31, 0x97, 0x06, 0x31, 0x97, 0x06, 0x31, 0x97, 0x06, 0x32, 0x97, 0x07, 0x34, 0x9A, 0x07, 0x35, 0x9C, 
        0x07, 0x35, 0x9C, 0x07, 0x35, 0x9C, 0x07, 0x35, 0x9D, 0x07, 0x33, 0x9B, 0x07, 0x34, 0x9D, 0x08, 0x36, 0x9E, 0x08, 0x37, 0x9E, 0x08, 0x37, 0x9E, 0x09, 0x39, 0xA0, 0x09, 0x3A, 0xA2, 0x09, 0x3A, 0xA2, 0x09, 0x3C, 0xA2, 0x09, 0x3B, 0xA2, 
        0x09, 0x3B, 0xA2, 0x09, 0x3C, 0xA2, 0x09, 0x3C, 0xA2, 0x09, 0x3C, 0xA3, 0x0A, 0x3E, 0xA6, 0x0B, 0x3F, 0xA8, 0x0B, 0x41, 0xA9, 0x0B, 0x42, 0xAA, 0x0C, 0x42, 0xA9, 0x0B, 0x42, 0xA9, 0x0B, 0x41, 0xA8, 0x0C, 0x40, 0xA8, 0x0B, 0x3F, 0xA7, 
        0x0B, 0x3F, 0xA7, 0x0B, 0x3F, 0xA7, 0x0C, 0x41, 0xA9, 0x0D, 0x43, 0xAA, 0x0D, 0x43, 0xAA, 0x0D, 0x44, 0xAA, 0x0D, 0x44, 0xAB, 0x0D, 0x43, 0xAB, 0x0D, 0x44, 0xAB, 0x0D, 0x44, 0xAB, 0x0D, 0x44, 0xAB, 0x0E, 0x43, 0xAA, 0x0E, 0x44, 0xAB, 
        0x0E, 0x44, 0xAB, 0x0E, 0x44, 0xAC, 0x0D, 0x41, 0xA9, 0x0C, 0x40, 0xA8, 0x0D, 0x3F, 0xA6, 0x0C, 0x3E, 0xA5, 0x0C, 0x3D, 0xA5, 0x0B, 0x3D, 0xA4, 0x0C, 0x3D, 0xA4, 0x0D, 0x3E, 0xA6, 0x0D, 0x3D, 0xA4, 0x0D, 0x3C, 0xA4, 0x0D, 0x3E, 0xA5, 
        0x0D, 0x3F, 0xA7, 0x0E, 0x3F, 0xA7, 0x0D, 0x3F, 0xA7, 0x0D, 0x3F, 0xA7, 0x0F, 0x41, 0xA8, 0x0E, 0x41, 0xA8, 0x0E, 0x40, 0xA6, 0x0E, 0x3E, 0xA6, 0x0E, 0x3E, 0xA6, 0x0E, 0x3F, 0xA7, 0x0E, 0x3F, 0xA6, 0x0E, 0x3F, 0xA6, 0x0E, 0x3F, 0xA6, 
        0x0E, 0x41, 0xA6, 0x0E, 0x42, 0xA8, 0x0E, 0x42, 0xA8, 0x0F, 0x43, 0xA8, 0x10, 0x43, 0xAA, 0x10, 0x44, 0xAA, 0x11, 0x46, 0xAB, 0x11, 0x47, 0xAC, 0x12, 0x48, 0xAD, 0x12, 0x4A, 0xAD, 0x13, 0x4A, 0xAF, 0x12, 0x4A, 0xAF, 0x12, 0x49, 0xAE, 
        0x13, 0x48, 0xAD, 0x13, 0x49, 0xAD, 0x14, 0x49, 0xA3,
  0x02, 0x1E, 0x71, 0x01, 0x1D, 0x6F, 0x01, 0x1D, 0x6F, 0x01, 0x1D, 0x6F, 0x01, 0x1D, 0x6F, 0x01, 0x1D, 0x6F, 0x01, 0x1D, 0x6F, 0x01, 0x1D, 0x70, 0x01, 0x1D, 0x70, 0x01, 0x1E, 0x70, 0x01, 0x1F, 0x70, 0x01, 0x1F, 0x70, 0x01, 0x1F, 0x72, 0x01, 0x1F, 0x74, 
        0x02, 0x20, 0x74, 0x02, 0x20, 0x74, 0x02, 0x20, 0x76, 0x02, 0x20, 0x76, 0x02, 0x20, 0x76, 0x02, 0x21, 0x76, 0x02, 0x21, 0x78, 0x02, 0x21, 0x78, 0x02, 0x21, 0x78, 0x02, 0x21, 0x78, 0x02, 0x21, 0x78, 0x02, 0x21, 0x78, 0x02, 0x21, 0x79, 
        0x02, 0x23, 0x7A, 0x02, 0x23, 0x7A, 0x02, 0x23, 0x7B, 0x02, 0x23, 0x7B, 0x03, 0x23, 0x7C, 0x03, 0x24, 0x7E, 0x03, 0x24, 0x7F, 0x03, 0x24, 0x80, 0x03, 0x26, 0x81, 0x03, 0x26, 0x81, 0x03, 0x27, 0x82, 0x03, 0x27, 0x85, 0x03, 0x28, 0x88, 
        0x03, 0x29, 0x89, 0x03, 0x29, 0x8A, 0x04, 0x2C, 0x8D, 0x04, 0x2C, 0x8F, 0x05, 0x2E, 0x8F, 0x05, 0x2E, 0x90, 0x05, 0x2E, 0x91, 0x05, 0x2D, 0x91, 0x04, 0x2D, 0x90, 0x04, 0x2C, 0x8E, 0x04, 0x2A, 0x8D, 0x04, 0x2A, 0x8D, 0x04, 0x2B, 0x8E, 
        0x04, 0x2B, 0x8F, 0x04, 0x2C, 0x8F, 0x05, 0x2D, 0x91, 0x05, 0x2D, 0x91, 0x05, 0x2D, 0x91, 0x05, 0x2E, 0x91, 0x05, 0x2E, 0x91, 0x05, 0x2F, 0x92, 0x05, 0x2E, 0x92, 0x05, 0x2F, 0x92, 0x05, 0x2E, 0x92, 0x05, 0x2F, 0x92, 0x05, 0x2F, 0x93, 
        0x05, 0x2F, 0x93, 0x05, 0x30, 0x94, 0x05, 0x30, 0x94, 0x06, 0x30, 0x96, 0x06, 0x30, 0x94, 0x06, 0x30, 0x96, 0x06, 0x30, 0x96, 0x06, 0x30, 0x94, 0x06, 0x30, 0x97, 0x06, 0x31, 0x97, 0x06, 0x32, 0x98, 0x07, 0x33, 0x9A, 0x07, 0x33, 0x9A, 
        0x07, 0x34, 0x9A, 0x07, 0x35, 0x9C, 0x07, 0x34, 0x9A, 0x07, 0x34, 0x9B, 0x07, 0x35, 0x9D, 0x08, 0x36, 0x9E, 0x08, 0x36, 0x9E, 0x08, 0x37, 0x9E, 0x09, 0x39, 0xA0, 0x09, 0x3A, 0xA1, 0x09, 0x3A, 0xA2, 0x0A, 0x3B, 0xA4, 0x0A, 0x3A, 0xA2, 
        0x09, 0x3A, 0xA2, 0x09, 0x3A, 0xA2, 0x0A, 0x3C, 0xA2, 0x0A, 0x3E, 0xA4, 0x0B, 0x40, 0xA8, 0x0B, 0x40, 0xA8, 0x0B, 0x3F, 0xA7, 0x0B, 0x3F, 0xA7, 0x0B, 0x3F, 0xA7, 0x0C, 0x3F, 0xA7, 0x0C, 0x40, 0xA6, 0x0C, 0x3F, 0xA7, 0x0C, 0x40, 0xA8, 
        0x0D, 0x43, 0xAA, 0x0D, 0x43, 0xAB, 0x0E, 0x46, 0xAD, 0x0E, 0x46, 0xAD, 0x0E, 0x46, 0xAD, 0x0E, 0x45, 0xAC, 0x0E, 0x46, 0xAB, 0x0E, 0x44, 0xAC, 0x0E, 0x46, 0xAC, 0x0E, 0x46, 0xAD, 0x0E, 0x46, 0xAE, 0x0F, 0x47, 0xAE, 0x0F, 0x46, 0xAE, 
        0x0F, 0x46, 0xAE, 0x0F, 0x47, 0xAE, 0x0F, 0x47, 0xAF, 0x0E, 0x47, 0xAE, 0x0E, 0x44, 0xAA, 0x0D, 0x41, 0xA8, 0x0C, 0x3E, 0xA6, 0x0C, 0x3D, 0xA5, 0x0C, 0x3F, 0xA4, 0x0C, 0x3F, 0xA4, 0x0D, 0x3E, 0xA4, 0x0D, 0x3E, 0xA4, 0x0D, 0x3E, 0xA4, 
        0x0D, 0x3F, 0xA5, 0x0D, 0x3F, 0xA5, 0x0D, 0x40, 0xA7, 0x0D, 0x40, 0xA7, 0x0E, 0x40, 0xA7, 0x0E, 0x41, 0xA8, 0x0E, 0x40, 0xA6, 0x0E, 0x40, 0xA6, 0x0E, 0x3E, 0xA6, 0x0D, 0x3E, 0xA6, 0x0E, 0x3F, 0xA6, 0x0E, 0x3F, 0xA6, 0x0E, 0x41, 0xA6, 
        0x0F, 0x41, 0xA7, 0x0F, 0x41, 0xA7, 0x0F, 0x42, 0xA8, 0x0F, 0x43, 0xA8, 0x10, 0x43, 0xAA, 0x11, 0x46, 0xAB, 0x12, 0x49, 0xAD, 0x13, 0x4A, 0xB0, 0x13, 0x4B, 0xB2, 0x14, 0x4D, 0xB2, 0x14, 0x4E, 0xB2, 0x14, 0x4E, 0xB2, 0x14, 0x4C, 0xB0, 
        0x13, 0x4B, 0xB0, 0x14, 0x4B, 0xAF, 0x14, 0x4B, 0xA2,
  0x02, 0x1E, 0x70, 0x01, 0x1D, 0x6F, 0x01, 0x1D, 0x6F, 0x01, 0x1D, 0x6F, 0x01, 0x1D, 0x6F, 0x01, 0x1D, 0x6F, 0x01, 0x1D, 0x6F, 0x01, 0x1D, 0x6F, 0x01, 0x1D, 0x70, 0x01, 0x1E, 0x70, 0x01, 0x1E, 0x70, 0x01, 0x1F, 0x70, 0x01, 0x1F, 0x72, 0x01, 0x1F, 0x73, 
        0x01, 0x1F, 0x74, 0x02, 0x20, 0x74, 0x02, 0x20, 0x76, 0x02, 0x20, 0x76, 0x02, 0x20, 0x76, 0x02, 0x20, 0x76, 0x02, 0x21, 0x76, 0x02, 0x21, 0x78, 0x02, 0x21, 0x78, 0x02, 0x21, 0x78, 0x02, 0x21, 0x78, 0x02, 0x21, 0x78, 0x02, 0x21, 0x78, 
        0x02, 0x22, 0x7A, 0x02, 0x23, 0x7A, 0x02, 0x23, 0x7B, 0x02, 0x23, 0x7B, 0x03, 0x23, 0x7C, 0x03, 0x24, 0x7E, 0x03, 0x24, 0x7E, 0x03, 0x24, 0x7F, 0x03, 0x25, 0x80, 0x03, 0x26, 0x81, 0x03, 0x27, 0x81, 0x03, 0x27, 0x85, 0x03, 0x28, 0x88, 
        0x03, 0x29, 0x88, 0x03, 0x29, 0x8A, 0x04, 0x2C, 0x8D, 0x05, 0x2D, 0x8F, 0x05, 0x2D, 0x90, 0x05, 0x2E, 0x92, 0x05, 0x2E, 0x90, 0x04, 0x2D, 0x90, 0x04, 0x2C, 0x8E, 0x04, 0x2B, 0x8E, 0x04, 0x2A, 0x8D, 0x04, 0x2A, 0x8D, 0x04, 0x2A, 0x8D, 
        0x04, 0x2B, 0x8E, 0x04, 0x2B, 0x8F, 0x05, 0x2C, 0x8F, 0x05, 0x2D, 0x91, 0x05, 0x2D, 0x91, 0x05, 0x2E, 0x91, 0x05, 0x2E, 0x91, 0x05, 0x2E, 0x91, 0x05, 0x2F, 0x92, 0x05, 0x2E, 0x90, 0x05, 0x2E, 0x90, 0x05, 0x2F, 0x92, 0x05, 0x2F, 0x93, 
        0x05, 0x2F, 0x93, 0x05, 0x30, 0x93, 0x05, 0x30, 0x94, 0x05, 0x30, 0x94, 0x06, 0x30, 0x94, 0x06, 0x30, 0x94, 0x06, 0x30, 0x96, 0x06, 0x30, 0x96, 0x06, 0x31, 0x96, 0x06, 0x32, 0x98, 0x06, 0x32, 0x98, 0x07, 0x31, 0x98, 0x07, 0x33, 0x9A, 
        0x07, 0x33, 0x9A, 0x07, 0x34, 0x9A, 0x07, 0x35, 0x9C, 0x07, 0x35, 0x9C, 0x07, 0x35, 0x9D, 0x08, 0x36, 0x9E, 0x08, 0x36, 0x9E, 0x09, 0x38, 0xA0, 0x09, 0x39, 0xA0, 0x09, 0x39, 0xA0, 0x09, 0x3A, 0xA1, 0x0A, 0x3B, 0xA4, 0x0A, 0x39, 0xA2, 
        0x09, 0x39, 0xA1, 0x0A, 0x3C, 0xA4, 0x0B, 0x3D, 0xA5, 0x0B, 0x3E, 0xA5, 0x0B, 0x3F, 0xA5, 0x0B, 0x3E, 0xA6, 0x0B, 0x3E, 0xA6, 0x0B, 0x3E, 0xA6, 0x0B, 0x3F, 0xA6, 0x0C, 0x41, 0xA8, 0x0D, 0x42, 0xA9, 0x0D, 0x43, 0xA9, 0x0D, 0x43, 0xAA, 
        0x0D, 0x45, 0xAC, 0x0E, 0x46, 0xAD, 0x0E, 0x46, 0xAD, 0x0E, 0x46, 0xAD, 0x0E, 0x45, 0xAC, 0x0E, 0x45, 0xAC, 0x0E, 0x45, 0xAC, 0x0E, 0x44, 0xAB, 0x0E, 0x44, 0xAC, 0x0E, 0x44, 0xAC, 0x0E, 0x46, 0xAD, 0x0E, 0x47, 0xAE, 0x0F, 0x46, 0xAE, 
        0x0F, 0x46, 0xAE, 0x0F, 0x46, 0xAE, 0x0F, 0x48, 0xAE, 0x0F, 0x48, 0xAF, 0x0E, 0x47, 0xAC, 0x0D, 0x44, 0xAA, 0x0C, 0x40, 0xA6, 0x0C, 0x3F, 0xA5, 0x0C, 0x3E, 0xA5, 0x0C, 0x3E, 0xA4, 0x0C, 0x3E, 0xA4, 0x0D, 0x3F, 0xA4, 0x0D, 0x3F, 0xA4, 
        0x0D, 0x3F, 0xA6, 0x0D, 0x40, 0xA7, 0x0E, 0x42, 0xA7, 0x0E, 0x42, 0xA7, 0x0E, 0x40, 0xA7, 0x0E, 0x40, 0xA7, 0x0E, 0x41, 0xA8, 0x0E, 0x41, 0xA8, 0x0E, 0x41, 0xA8, 0x0E, 0x40, 0xA6, 0x0F, 0x40, 0xA6, 0x0F, 0x41, 0xA7, 0x0F, 0x41, 0xA7, 
        0x0F, 0x41, 0xA7, 0x10, 0x42, 0xA8, 0x10, 0x42, 0xA8, 0x10, 0x43, 0xAA, 0x11, 0x46, 0xAB, 0x12, 0x49, 0xAE, 0x13, 0x4A, 0xB0, 0x14, 0x4D, 0xB1, 0x16, 0x50, 0xB5, 0x17, 0x52, 0xB6, 0x17, 0x50, 0xB5, 0x16, 0x51, 0xB3, 0x16, 0x51, 0xB4, 
        0x16, 0x4F, 0xB3, 0x14, 0x4E, 0xB0, 0x15, 0x4C, 0xA4,
  0x02, 0x1E, 0x70, 0x01, 0x1D, 0x6E, 0x01, 0x1D, 0x6F, 0x01, 0x1D, 0x6F, 0x01, 0x1D, 0x6F, 0x01, 0x1D, 0x6F, 0x01, 0x1D, 0x6F, 0x01, 0x1D, 0x6F, 0x01, 0x1D, 0x6F, 0x01, 0x1E, 0x70, 0x01, 0x1E, 0x70, 0x01, 0x1E, 0x70, 0x01, 0x1F, 0x70, 0x01, 0x1F, 0x72, 
        0x01, 0x1F, 0x73, 0x01, 0x1F, 0x74, 0x02, 0x20, 0x74, 0x02, 0x20, 0x76, 0x02, 0x20, 0x76, 0x02, 0x20, 0x76, 0x02, 0x20, 0x76, 0x02, 0x21, 0x76, 0x02, 0x21, 0x78, 0x02, 0x21, 0x78, 0x02, 0x21, 0x78, 0x02, 0x21, 0x78, 0x02, 0x21, 0x78, 
        0x02, 0x22, 0x79, 0x02, 0x22, 0x7A, 0x02, 0x23, 0x7B, 0x02, 0x23, 0x7B, 0x03, 0x23, 0x7C, 0x03, 0x24, 0x7E, 0x03, 0x24, 0x7E, 0x03, 0x24, 0x7E, 0x03, 0x24, 0x80, 0x03, 0x26, 0x81, 0x03, 0x27, 0x81, 0x03, 0x27, 0x85, 0x03, 0x28, 0x88, 
        0x03, 0x29, 0x88, 0x03, 0x29, 0x89, 0x04, 0x2B, 0x8C, 0x04, 0x2C, 0x8F, 0x05, 0x2C, 0x8F, 0x05, 0x2D, 0x90, 0x05, 0x2D, 0x90, 0x04, 0x2D, 0x8F, 0x04, 0x2C, 0x8E, 0x04, 0x2B, 0x8E, 0x04, 0x2A, 0x8D, 0x04, 0x2A, 0x8D, 0x04, 0x2A, 0x8D, 
        0x04, 0x2B, 0x8E, 0x04, 0x2B, 0x8E, 0x05, 0x2C, 0x8F, 0x05, 0x2D, 0x91, 0x05, 0x2D, 0x91, 0x05, 0x2E, 0x91, 0x05, 0x2E, 0x91, 0x05, 0x2E, 0x91, 0x05, 0x2E, 0x91, 0x05, 0x2F, 0x92, 0x05, 0x2F, 0x92, 0x05, 0x2F, 0x93, 0x05, 0x2F, 0x93, 
        0x05, 0x2F, 0x93, 0x05, 0x30, 0x93, 0x05, 0x30, 0x93, 0x05, 0x30, 0x94, 0x05, 0x2F, 0x94, 0x06, 0x30, 0x94, 0x06, 0x30, 0x96, 0x06, 0x31, 0x96, 0x06, 0x31, 0x97, 0x06, 0x32, 0x97, 0x06, 0x32, 0x98, 0x07, 0x31, 0x98, 0x07, 0x31, 0x98, 
        0x07, 0x32, 0x98, 0x07, 0x33, 0x9A, 0x07, 0x34, 0x9A, 0x07, 0x34, 0x9A, 0x07, 0x35, 0x9C, 0x08, 0x36, 0x9E, 0x08, 0x36, 0x9E, 0x08, 0x38, 0xA0, 0x09, 0x38, 0xA0, 0x09, 0x39, 0xA0, 0x09, 0x39, 0xA0, 0x0A, 0x3A, 0xA1, 0x09, 0x39, 0xA1, 
        0x0A, 0x3A, 0xA2, 0x0B, 0x3F, 0xA7, 0x0C, 0x40, 0xA8, 0x0B, 0x3D, 0xA5, 0x0B, 0x3E, 0xA5, 0x0B, 0x3E, 0xA5, 0x0B, 0x3F, 0xA6, 0x0B, 0x40, 0xA8, 0x0C, 0x41, 0xA9, 0x0C, 0x42, 0xA9, 0x0D, 0x44, 0xAB, 0x0E, 0x47, 0xAD, 0x0E, 0x46, 0xAC, 
        0x0E, 0x46, 0xAC, 0x0D, 0x45, 0xAC, 0x0D, 0x45, 0xAC, 0x0D, 0x45, 0xAC, 0x0E, 0x43, 0xAB, 0x0E, 0x45, 0xAC, 0x0E, 0x45, 0xAC, 0x0E, 0x43, 0xAB, 0x0E, 0x44, 0xAB, 0x0E, 0x44, 0xAC, 0x0E, 0x44, 0xAC, 0x0E, 0x44, 0xAC, 0x0E, 0x44, 0xAB, 
        0x0E, 0x44, 0xAB, 0x0E, 0x44, 0xAB, 0x0E, 0x44, 0xAC, 0x0E, 0x45, 0xAC, 0x0F, 0x48, 0xAD, 0x0E, 0x45, 0xAC, 0x0D, 0x42, 0xA8, 0x0D, 0x40, 0xA6, 0x0C, 0x3F, 0xA5, 0x0C, 0x3D, 0xA3, 0x0C, 0x3E, 0xA4, 0x0C, 0x3E, 0xA4, 0x0E, 0x3F, 0xA6, 
        0x0E, 0x41, 0xA7, 0x0F, 0x42, 0xA7, 0x0E, 0x43, 0xA8, 0x0F, 0x43, 0xA8, 0x0E, 0x42, 0xA8, 0x0E, 0x42, 0xA8, 0x0F, 0x43, 0xA8, 0x0F, 0x43, 0xA9, 0x0F, 0x42, 0xA9, 0x0F, 0x42, 0xA9, 0x0F, 0x42, 0xA8, 0x0F, 0x41, 0xA6, 0x0F, 0x42, 0xA7, 
        0x0F, 0x42, 0xA8, 0x10, 0x43, 0xA9, 0x10, 0x44, 0xA9, 0x11, 0x45, 0xAA, 0x12, 0x49, 0xAE, 0x13, 0x4C, 0xB0, 0x15, 0x4F, 0xB2, 0x16, 0x51, 0xB4, 0x17, 0x55, 0xB7, 0x18, 0x58, 0xB9, 0x18, 0x56, 0xB9, 0x18, 0x55, 0xB8, 0x18, 0x56, 0xB7, 
        0x18, 0x54, 0xB7, 0x17, 0x51, 0xB4, 0x16, 0x4F, 0xA6,
  0x02, 0x1E, 0x70, 0x01, 0x1D, 0x6E, 0x01, 0x1D, 0x6E, 0x01, 0x1D, 0x6F, 0x01, 0x1D, 0x6F, 0x01, 0x1D, 0x6F, 0x01, 0x1D, 0x6F, 0x01, 0x1D, 0x6F, 0x01, 0x1D, 0x6F, 0x01, 0x1E, 0x6F, 0x01, 0x1E, 0x70, 0x01, 0x1E, 0x70, 0x01, 0x1E, 0x70, 0x01, 0x1F, 0x72, 
        0x01, 0x1F, 0x73, 0x01, 0x1F, 0x73, 0x02, 0x20, 0x74, 0x02, 0x20, 0x74, 0x02, 0x20, 0x76, 0x02, 0x20, 0x76, 0x02, 0x20, 0x76, 0x02, 0x20, 0x76, 0x02, 0x21, 0x76, 0x02, 0x21, 0x78, 0x02, 0x21, 0x78, 0x02, 0x21, 0x78, 0x02, 0x21, 0x78, 
        0x02, 0x22, 0x79, 0x02, 0x22, 0x79, 0x02, 0x22, 0x7B, 0x02, 0x23, 0x7B, 0x03, 0x23, 0x7C, 0x03, 0x23, 0x7D, 0x03, 0x23, 0x7D, 0x03, 0x24, 0x7E, 0x03, 0x24, 0x7F, 0x03, 0x26, 0x81, 0x03, 0x26, 0x82, 0x03, 0x27, 0x84, 0x03, 0x28, 0x86, 
        0x03, 0x28, 0x88, 0x03, 0x29, 0x89, 0x04, 0x2B, 0x8B, 0x04, 0x2B, 0x8C, 0x04, 0x2C, 0x8D, 0x04, 0x2C, 0x8F, 0x04, 0x2C, 0x8F, 0x04, 0x2D, 0x8F, 0x04, 0x2C, 0x8D, 0x04, 0x2B, 0x8E, 0x04, 0x2B, 0x8E, 0x04, 0x2A, 0x8D, 0x04, 0x2B, 0x8E, 
        0x04, 0x2B, 0x8E, 0x04, 0x2C, 0x8E, 0x05, 0x2D, 0x90, 0x05, 0x2D, 0x91, 0x05, 0x2D, 0x91, 0x05, 0x2E, 0x91, 0x05, 0x2E, 0x91, 0x05, 0x2E, 0x91, 0x05, 0x2E, 0x91, 0x05, 0x2E, 0x91, 0x05, 0x2F, 0x92, 0x05, 0x2F, 0x93, 0xB4, 0xC1, 0xDF, 
        0xB4, 0xC1, 0xDF, 0xB4, 0xC1, 0xDF, 0xB4, 0xC1, 0xDF, 0xB4, 0xC1, 0xDF, 0xB4, 0xC1, 0xDF, 0xB4, 0xC1, 0xDF, 0xB5, 0xC1, 0xE0, 0xB5, 0xC2, 0xE0, 0xB5, 0xC2, 0xE0, 0xB5, 0xC2, 0xE0, 0xB5, 0xC2, 0xE0, 0xB5, 0xC2, 0xE0, 0xB5, 0xC2, 0xE0, 
        0xB5, 0xC2, 0xE1, 0xB5, 0xC2, 0xE1, 0xB5, 0xC2, 0xE1, 0xB5, 0xC2, 0xE1, 0xB5, 0xC2, 0xE1, 0xB5, 0xC3, 0xE1, 0xB5, 0xC3, 0xE2, 0xB5, 0xC4, 0xE3, 0xB5, 0xC4, 0xE3, 0xB6, 0xC4, 0xE3, 0x09, 0x37, 0x9E, 0x09, 0x39, 0xA0, 0x0A, 0x3A, 0xA1, 
        0x0B, 0x3E, 0xA5, 0x0C, 0x40, 0xA7, 0x0C, 0x40, 0xA8, 0x0B, 0x3F, 0xA7, 0x0B, 0x3E, 0xA5, 0x0B, 0x3F, 0xA5, 0x0B, 0x40, 0xA7, 0x0C, 0x42, 0xA9, 0x0C, 0x42, 0xAA, 0x0D, 0x44, 0xAB, 0x0D, 0x45, 0xAC, 0x0E, 0x47, 0xAD, 0x0E, 0x45, 0xAC, 
        0x0D, 0x45, 0xAB, 0x0D, 0x45, 0xAA, 0x0D, 0x45, 0xAB, 0x0E, 0x45, 0xAC, 0x0E, 0x43, 0xAB, 0x0E, 0x43, 0xAB, 0x0E, 0x45, 0xAC, 0x0E, 0x45, 0xAC, 0x0E, 0x43, 0xAB, 0x0E, 0x44, 0xAB, 0x0E, 0x44, 0xAB, 0x0E, 0x44, 0xAB, 0x0E, 0x43, 0xAB, 
        0x0E, 0x43, 0xAB, 0x0E, 0x43, 0xAB, 0x0E, 0x44, 0xAB, 0x0E, 0x44, 0xAB, 0x0F, 0x47, 0xAB, 0x0E, 0x45, 0xAC, 0x0E, 0x44, 0xA9, 0x0D, 0x41, 0xA6, 0x0D, 0x3E, 0xA5, 0x0C, 0x3B, 0xA3, 0x0C, 0x3D, 0xA3, 0x0C, 0x3E, 0xA4, 0x0D, 0x3F, 0xA6, 
        0x0E, 0x42, 0xA7, 0x0F, 0x42, 0xA8, 0x0F, 0x43, 0xA9, 0x0F, 0x44, 0xAA, 0x0F, 0x43, 0xA9, 0x0F, 0x43, 0xAA, 0x10, 0x44, 0xAA, 0x10, 0x44, 0xAA, 0x10, 0x45, 0xAB, 0x10, 0x44, 0xAB, 0x10, 0x44, 0xA9, 0x10, 0x42, 0xA8, 0x10, 0x42, 0xA8, 
        0x0F, 0x43, 0xA9, 0x10, 0x44, 0xA9, 0x10, 0x45, 0xA9, 0x11, 0x46, 0xAA, 0x13, 0x49, 0xAE, 0x15, 0x4D, 0xB1, 0x17, 0x52, 0xB5, 0x17, 0x55, 0xB8, 0x1A, 0x5A, 0xBB, 0x1B, 0x5F, 0xBC, 0x1B, 0x5E, 0xBD, 0x1B, 0x5C, 0xBD, 0x1B, 0x5C, 0xBC, 
        0x1B, 0x5A, 0xBA, 0x19, 0x57, 0xB9, 0x17, 0x53, 0xA9,
  0x02, 0x1F, 0x70, 0x01, 0x1D, 0x6E, 0x01, 0x1D, 0x6E, 0x01, 0x1D, 0x6E, 0x01, 0x1D, 0x6F, 0x01, 0x1D, 0x6F, 0x01, 0x1D, 0x6F, 0x01, 0x1D, 0x6F, 0x01, 0x1D, 0x6F, 0x01, 0x1E, 0x6F, 0x01, 0x1E, 0x6F, 0x01, 0x1E, 0x70, 0x01, 0x1E, 0x70, 0x01, 0x1E, 0x72, 
        0x01, 0x1F, 0x73, 0x01, 0x1F, 0x73, 0x02, 0x20, 0x73, 0x02, 0x20, 0x76, 0x02, 0x20, 0x76, 0x02, 0x20, 0x76, 0x02, 0x20, 0x76, 0x02, 0x20, 0x76, 0x02, 0x20, 0x76, 0x02, 0x21, 0x77, 0x02, 0x21, 0x78, 0x02, 0x21, 0x78, 0x02, 0x21, 0x78, 
        0x02, 0x22, 0x79, 0x02, 0x22, 0x79, 0x02, 0x22, 0x7A, 0x02, 0x22, 0x7B, 0x03, 0x23, 0x7C, 0x03, 0x23, 0x7D, 0x03, 0x23, 0x7D, 0x03, 0x23, 0x7D, 0x03, 0x24, 0x7F, 0x03, 0x25, 0x7F, 0x03, 0x26, 0x81, 0x03, 0x26, 0x84, 0x03, 0x27, 0x86, 
        0x03, 0x28, 0x86, 0x03, 0x28, 0x88, 0x03, 0x29, 0x89, 0x04, 0x2A, 0x8B, 0x04, 0x2B, 0x8C, 0x04, 0x2A, 0x8D, 0x04, 0x2A, 0x8D, 0x04, 0x2A, 0x8D, 0x04, 0x2B, 0x8D, 0x04, 0x2B, 0x8D, 0x04, 0x2B, 0x8E, 0x04, 0x2B, 0x8E, 0x04, 0x2B, 0x8E, 
        0x04, 0x2C, 0x8E, 0x04, 0x2C, 0x8E, 0x05, 0x2D, 0x90, 0x05, 0x2E, 0x90, 0x05, 0x2E, 0x91, 0x05, 0x2D, 0x8F, 0x05, 0x2E, 0x91, 0x05, 0x2E, 0x91, 0x05, 0x2E, 0x91, 0x05, 0x2E, 0x91, 0x05, 0x2E, 0x92, 0x05, 0x2F, 0x93, 0xB4, 0xC1, 0xDF, 
        0x8E, 0xA1, 0xCE, 0x62, 0x7D, 0xBB, 0x62, 0x7D, 0xBB, 0x62, 0x7D, 0xBB, 0x63, 0x7D, 0xBB, 0xB5, 0xC1, 0xE0, 0x8F, 0xA2, 0xD0, 0x63, 0x7E, 0xBE, 0x63, 0x7E, 0xBE, 0x63, 0x7E, 0xBE, 0x63, 0x7E, 0xBE, 0x63, 0x7E, 0xBE, 0x63, 0x7E, 0xBE, 
        0x63, 0x7E, 0xBE, 0x63, 0x7E, 0xC0, 0x63, 0x7F, 0xC0, 0x63, 0x80, 0xC0, 0x63, 0x80, 0xC0, 0x63, 0x80, 0xC1, 0x63, 0x80, 0xC1, 0x64, 0x81, 0xC2, 0x8B, 0xA0, 0xD1, 0xB5, 0xC4, 0xE3, 0x09, 0x38, 0xA0, 0x09, 0x39, 0xA0, 0x0B, 0x3D, 0xA4, 
        0x0C, 0x40, 0xA7, 0x0B, 0x3E, 0xA6, 0x0B, 0x3E, 0xA5, 0x0C, 0x40, 0xA7, 0x0C, 0x40, 0xA7, 0x0B, 0x3E, 0xA6, 0x0C, 0x41, 0xA8, 0x0C, 0x42, 0xA9, 0x0D, 0x44, 0xAB, 0x0D, 0x45, 0xAC, 0x0D, 0x45, 0xAC, 0x0D, 0x42, 0xAB, 0x0D, 0x42, 0xAA, 
        0x0D, 0x42, 0xAA, 0x0D, 0x43, 0xAA, 0x0E, 0x43, 0xAA, 0x0E, 0x45, 0xAC, 0x0E, 0x43, 0xAB, 0x0E, 0x43, 0xAB, 0x0E, 0x43, 0xAB, 0x0E, 0x43, 0xAB, 0x0E, 0x43, 0xAB, 0x0D, 0x43, 0xAB, 0x0E, 0x44, 0xAA, 0x0E, 0x43, 0xAA, 0x0E, 0x43, 0xAA, 
        0x0E, 0x43, 0xAA, 0x0E, 0x43, 0xAA, 0x0E, 0x43, 0xAA, 0x0E, 0x44, 0xAB, 0x0E, 0x43, 0xAA, 0x0E, 0x44, 0xAB, 0x0E, 0x44, 0xAA, 0x0E, 0x41, 0xA8, 0x0D, 0x3E, 0xA5, 0x0C, 0x3D, 0xA3, 0x0C, 0x3D, 0xA3, 0x0D, 0x3E, 0xA5, 0x0D, 0x3F, 0xA6, 
        0x0E, 0x41, 0xA7, 0x0F, 0x43, 0xA9, 0x10, 0x45, 0xAA, 0x10, 0x46, 0xAB, 0x11, 0x47, 0xAC, 0x12, 0x49, 0xAD, 0x13, 0x4A, 0xAE, 0x13, 0x4A, 0xAE, 0x12, 0x49, 0xAD, 0x12, 0x48, 0xAE, 0x11, 0x47, 0xAC, 0x11, 0x47, 0xAB, 0x10, 0x44, 0xA9, 
        0x10, 0x44, 0xA9, 0x10, 0x45, 0xAA, 0x10, 0x46, 0xAA, 0x11, 0x48, 0xAC, 0x13, 0x4B, 0xAF, 0x16, 0x4E, 0xB1, 0x17, 0x55, 0xB6, 0x1A, 0x5A, 0xB9, 0x1B, 0x5E, 0xBD, 0x1D, 0x63, 0xC0, 0x1E, 0x64, 0xC0, 0x1F, 0x64, 0xC1, 0x1F, 0x63, 0xC1, 
        0x1E, 0x61, 0xBE, 0x1B, 0x5D, 0xBC, 0x19, 0x56, 0xAB,
  0x02, 0x1F, 0x70, 0x01, 0x1D, 0x6E, 0x01, 0x1D, 0x6E, 0x01, 0x1D, 0x6E, 0x01, 0x1D, 0x6E, 0x01, 0x1D, 0x6F, 0x01, 0x1D, 0x6F, 0x01, 0x1D, 0x6F, 0x01, 0x1D, 0x6F, 0x01, 0x1E, 0x6F, 0x01, 0x1E, 0x6F, 0x01, 0x1E, 0x6F, 0x01, 0x1E, 0x72, 0x01, 0x1E, 0x73, 
        0x01, 0x1E, 0x73, 0x02, 0x20, 0x73, 0x02, 0x20, 0x75, 0x02, 0x20, 0x75, 0x02, 0x20, 0x76, 0x02, 0x20, 0x76, 0x02, 0x20, 0x76, 0x02, 0x20, 0x76, 0x02, 0x20, 0x76, 0x02, 0x21, 0x77, 0x02, 0x21, 0x77, 0x02, 0x21, 0x78, 0x02, 0x21, 0x78, 
        0x02, 0x22, 0x79, 0x02, 0x22, 0x79, 0x02, 0x22, 0x7A, 0x02, 0x22, 0x7A, 0x03, 0x22, 0x7C, 0x03, 0x23, 0x7D, 0x03, 0x23, 0x7D, 0x03, 0x23, 0x7D, 0x03, 0x24, 0x7E, 0x03, 0x25, 0x7F, 0x03, 0x26, 0x80, 0x03, 0x26, 0x83, 0x03, 0x27, 0x86, 
        0x03, 0x28, 0x86, 0x03, 0x28, 0x88, 0x03, 0x29, 0x88, 0x03, 0x29, 0x89, 0x04, 0x2A, 0x8B, 0x04, 0x29, 0x8C, 0x04, 0x29, 0x8C, 0x04, 0x2A, 0x8D, 0x04, 0x2A, 0x8D, 0x04, 0x2B, 0x8D, 0x04, 0x2B, 0x8D, 0x04, 0x2B, 0x8E, 0x04, 0x2B, 0x8E, 
        0x04, 0x2C, 0x8E, 0x04, 0x2C, 0x8E, 0x05, 0x2D, 0x90, 0x05, 0x2D, 0x90, 0x05, 0x2E, 0x90, 0x05, 0x2D, 0x8F, 0x05, 0x2E, 0x91, 0x05, 0x2E, 0x91, 0x05, 0x2E, 0x91, 0x05, 0x2E, 0x92, 0x05, 0x2F, 0x92, 0x05, 0x2E, 0x92, 0xB4, 0xC1, 0xDF, 
        0x62, 0x7C, 0xBB, 0x05, 0x30, 0x93, 0x05, 0x30, 0x93, 0x05, 0x30, 0x93, 0x06, 0x30, 0x95, 0xB5, 0xC2, 0xE0, 0x63, 0x7E, 0xBE, 0x06, 0x31, 0x97, 0x06, 0x31, 0x97, 0x06, 0x31, 0x97, 0x06, 0x31, 0x97, 0x06, 0x31, 0x97, 0x06, 0x31, 0x97, 
        0x07, 0x32, 0x9A, 0x07, 0x32, 0x9A, 0x07, 0x32, 0x9A, 0x07, 0x34, 0x9A, 0x07, 0x34, 0x9A, 0x07, 0x34, 0x9C, 0x07, 0x34, 0x9C, 0x07, 0x35, 0x9C, 0x59, 0x78, 0xBE, 0xB6, 0xC4, 0xE3, 0x09, 0x39, 0xA1, 0x0A, 0x3C, 0xA4, 0x0B, 0x3E, 0xA5, 
        0x0B, 0x3F, 0xA6, 0x0B, 0x3E, 0xA5, 0x0B, 0x3D, 0xA5, 0x0B, 0x3E, 0xA6, 0x0C, 0x40, 0xA7, 0x0C, 0x41, 0xA8, 0x0C, 0x41, 0xA8, 0x0D, 0x44, 0xA9, 0x0D, 0x44, 0xA9, 0x0D, 0x44, 0xAA, 0x0D, 0x44, 0xAA, 0x0D, 0x42, 0xAA, 0x0D, 0x42, 0xAA, 
        0x0D, 0x42, 0xAA, 0x0E, 0x44, 0xAB, 0x0E, 0x45, 0xAB, 0x0E, 0x43, 0xAA, 0x0E, 0x43, 0xAB, 0x0E, 0x43, 0xAB, 0x0E, 0x43, 0xAB, 0x0E, 0x43, 0xAB, 0x0E, 0x43, 0xAB, 0x0E, 0x43, 0xAB, 0x0E, 0x43, 0xAA, 0x0E, 0x43, 0xA8, 0x0E, 0x43, 0xAA, 
        0x0E, 0x41, 0xA9, 0x0E, 0x41, 0xA9, 0x0E, 0x43, 0xAA, 0x0F, 0x43, 0xAA, 0x0E, 0x41, 0xA9, 0x0E, 0x43, 0xAB, 0x0F, 0x44, 0xAA, 0x0E, 0x42, 0xA9, 0x0E, 0x40, 0xA6, 0x0E, 0x3F, 0xA6, 0x0E, 0x3F, 0xA6, 0x0D, 0x3F, 0xA6, 0x0D, 0x3F, 0xA6, 
        0x0E, 0x42, 0xA8, 0x0F, 0x45, 0xAA, 0x12, 0x48, 0xAD, 0x13, 0x4B, 0xAE, 0x14, 0x4D, 0xB0, 0x14, 0x4F, 0xB1, 0x15, 0x4F, 0xB2, 0x15, 0x4F, 0xB2, 0x14, 0x4E, 0xB1, 0x14, 0x4C, 0xB0, 0x13, 0x4B, 0xAF, 0x12, 0x4A, 0xAD, 0x12, 0x48, 0xAC, 
        0x11, 0x47, 0xAB, 0x11, 0x47, 0xAB, 0x11, 0x48, 0xAD, 0x12, 0x49, 0xAD, 0x14, 0x4C, 0xB0, 0x16, 0x51, 0xB3, 0x19, 0x57, 0xB7, 0x1B, 0x5D, 0xBB, 0x1D, 0x63, 0xC0, 0x20, 0x67, 0xC1, 0x20, 0x68, 0xC4, 0x22, 0x69, 0xC4, 0x23, 0x69, 0xC5, 
        0x21, 0x67, 0xC2, 0x1E, 0x62, 0xBF, 0x1A, 0x59, 0xAD,
  0x02, 0x1F, 0x72, 0x01, 0x1E, 0x70, 0x01, 0x1E, 0x70, 0x01, 0x1D, 0x70, 0x01, 0x1D, 0x70, 0x01, 0x1D, 0x70, 0x01, 0x1D, 0x6F, 0x01, 0x1D, 0x6F, 0x01, 0x1D, 0x6F, 0x01, 0x1E, 0x71, 0x01, 0x1E, 0x71, 0x01, 0x1E, 0x71, 0x01, 0x1E, 0x71, 0x01, 0x1E, 0x73, 
        0x02, 0x1F, 0x73, 0x02, 0x1F, 0x73, 0x02, 0x20, 0x75, 0x02, 0x20, 0x75, 0x02, 0x20, 0x75, 0x02, 0x20, 0x76, 0x02, 0x20, 0x76, 0x02, 0x20, 0x76, 0x02, 0x20, 0x76, 0x02, 0x21, 0x77, 0x02, 0x21, 0x77, 0x02, 0x21, 0x77, 0x02, 0x22, 0x79, 
        0x02, 0x22, 0x7A, 0x02, 0x22, 0x7A, 0x02, 0x22, 0x7B, 0x02, 0x22, 0x7B, 0x03, 0x22, 0x7B, 0x02, 0x22, 0x7C, 0x02, 0x23, 0x7C, 0x03, 0x23, 0x7D, 0x03, 0x24, 0x7E, 0x03, 0x25, 0x7F, 0x03, 0x26, 0x80, 0x03, 0x26, 0x82, 0x03, 0x27, 0x86, 
        0x03, 0x26, 0x86, 0x03, 0x28, 0x86, 0x03, 0x29, 0x88, 0x03, 0x29, 0x89, 0x03, 0x29, 0x89, 0x04, 0x29, 0x8B, 0x04, 0x29, 0x8C, 0x04, 0x29, 0x8C, 0x04, 0x2A, 0x8D, 0x04, 0x2A, 0x8D, 0x04, 0x2C, 0x8D, 0x04, 0x2B, 0x8D, 0x04, 0x2C, 0x8E, 
        0x04, 0x2C, 0x8E, 0x04, 0x2C, 0x8E, 0x05, 0x2D, 0x90, 0x05, 0x2D, 0x90, 0x05, 0x2D, 0x90, 0x05, 0x2D, 0x90, 0x05, 0x2E, 0x91, 0x05, 0x2E, 0x92, 0x05, 0x2E, 0x92, 0x05, 0x2E, 0x92, 0x05, 0x2F, 0x92, 0x05, 0x2E, 0x92, 0xB4, 0xC1, 0xDF, 
        0xB4, 0xC1, 0xDF, 0xB4, 0xC1, 0xDF, 0xB5, 0xC1, 0xDF, 0xB4, 0xC1, 0xDF, 0xB5, 0xC2, 0xE0, 0xB5, 0xC2, 0xE0, 0xB5, 0xC2, 0xE0, 0xB5, 0xC1, 0xE0, 0xB5, 0xC1, 0xE0, 0xB5, 0xC2, 0xE0, 0xB5, 0xC2, 0xE0, 0xB5, 0xC2, 0xE0, 0xB5, 0xC2, 0xE1, 
        0xB5, 0xC2, 0xE0, 0xB5, 0xC2, 0xE1, 0xB5, 0xC2, 0xE1, 0xB5, 0xC2, 0xE1, 0xB5, 0xC2, 0xE1, 0xB5, 0xC2, 0xE1, 0xB5, 0xC2, 0xE1, 0xB5, 0xC2, 0xE1, 0xB5, 0xC3, 0xE1, 0xB6, 0xC4, 0xE3, 0x0A, 0x3C, 0xA3, 0x0B, 0x3D, 0xA5, 0x0B, 0x3D, 0xA5, 
        0x0B, 0x3D, 0xA4, 0x0B, 0x3E, 0xA5, 0x0B, 0x3E, 0xA5, 0x0B, 0x3E, 0xA5, 0x0C, 0x40, 0xA8, 0x0C, 0x41, 0xA9, 0x0D, 0x42, 0xA9, 0x0D, 0x42, 0xA9, 0x0D, 0x42, 0xA9, 0x0C, 0x42, 0xA9, 0x0C, 0x42, 0xA9, 0x0D, 0x42, 0xAA, 0x0D, 0x44, 0xAB, 
        0x0E, 0x44, 0xAC, 0x0E, 0x44, 0xAC, 0x0E, 0x44, 0xAB, 0x0E, 0x43, 0xAA, 0x0E, 0x45, 0xAA, 0x0E, 0x43, 0xAB, 0x0E, 0x43, 0xAB, 0x0D, 0x43, 0xAA, 0x0D, 0x43, 0xAA, 0x0E, 0x43, 0xAB, 0x0E, 0x43, 0xAA, 0x0E, 0x41, 0xA7, 0x0E, 0x41, 0xA7, 
        0x0D, 0x41, 0xA8, 0x0D, 0x41, 0xA8, 0x0E, 0x41, 0xA8, 0x0E, 0x43, 0xA8, 0x0E, 0x41, 0xA8, 0x0F, 0x44, 0xAA, 0x0F, 0x44, 0xAA, 0x0F, 0x44, 0xA9, 0x0E, 0x42, 0xA8, 0x0E, 0x41, 0xA7, 0x0E, 0x41, 0xA7, 0x0E, 0x41, 0xA6, 0x0E, 0x41, 0xA7, 
        0x0E, 0x42, 0xA8, 0x10, 0x46, 0xAB, 0x12, 0x4B, 0xAE, 0x14, 0x4E, 0xB1, 0x15, 0x50, 0xB3, 0x16, 0x51, 0xB4, 0x17, 0x54, 0xB5, 0x16, 0x54, 0xB5, 0x15, 0x52, 0xB4, 0x15, 0x4F, 0xB2, 0x14, 0x4E, 0xB1, 0x14, 0x4D, 0xB0, 0x13, 0x4B, 0xAF, 
        0x12, 0x48, 0xAC, 0x12, 0x48, 0xAC, 0x12, 0x48, 0xAC, 0x12, 0x4B, 0xAE, 0x14, 0x4C, 0xB0, 0x16, 0x51, 0xB3, 0x19, 0x59, 0xB8, 0x1B, 0x5F, 0xBC, 0x1E, 0x66, 0xC0, 0x20, 0x6A, 0xC3, 0x23, 0x6D, 0xC5, 0x25, 0x6D, 0xC6, 0x25, 0x6E, 0xC5, 
        0x23, 0x6B, 0xC5, 0x1F, 0x66, 0xC2, 0x1C, 0x5B, 0xAE,
  0x03, 0x21, 0x73, 0x02, 0x1F, 0x73, 0x01, 0x1E, 0x71, 0x01, 0x1E, 0x71, 0x01, 0x1E, 0x71, 0x01, 0x1D, 0x70, 0x01, 0x1D, 0x71, 0x01, 0x1E, 0x72, 0x01, 0x1D, 0x71, 0x01, 0x1E, 0x71, 0x01, 0x1E, 0x71, 0x01, 0x1E, 0x72, 0x01, 0x1E, 0x72, 0x02, 0x1F, 0x72, 
        0x02, 0x1F, 0x73, 0x02, 0x1F, 0x75, 0x02, 0x1F, 0x75, 0x02, 0x20, 0x75, 0x02, 0x20, 0x75, 0x02, 0x20, 0x75, 0x02, 0x20, 0x76, 0x02, 0x20, 0x76, 0x02, 0x20, 0x76, 0x02, 0x21, 0x77, 0x02, 0x21, 0x77, 0x02, 0x21, 0x77, 0x02, 0x22, 0x7A, 
        0x02, 0x22, 0x7B, 0x02, 0x22, 0x7B, 0x02, 0x22, 0x7B, 0x03, 0x22, 0x7C, 0x03, 0x22, 0x7C, 0x03, 0x22, 0x7C, 0x03, 0x22, 0x7D, 0x03, 0x24, 0x7E, 0x03, 0x24, 0x7F, 0x03, 0x25, 0x7F, 0x03, 0x26, 0x80, 0x03, 0x26, 0x82, 0x03, 0x26, 0x85, 
        0x03, 0x26, 0x84, 0x03, 0x27, 0x86, 0x03, 0x29, 0x88, 0x03, 0x29, 0x86, 0x03, 0x29, 0x86, 0x04, 0x29, 0x89, 0x04, 0x29, 0x8B, 0x04, 0x2A, 0x8C, 0x04, 0x2B, 0x8D, 0x04, 0x2B, 0x8D, 0x04, 0x2B, 0x8D, 0x04, 0x2C, 0x8D, 0x04, 0x2C, 0x8D, 
        0x04, 0x2C, 0x8E, 0x05, 0x2D, 0x8E, 0x05, 0x2D, 0x8E, 0x05, 0x2D, 0x8E, 0x05, 0x2D, 0x8E, 0x05, 0x2D, 0x90, 0x06, 0x2E, 0x91, 0x06, 0x2E, 0x92, 0x06, 0x2E, 0x92, 0x06, 0x2E, 0x92, 0x06, 0x2E, 0x92, 0x06, 0x2E, 0x94, 0xB5, 0xC1, 0xDF, 
        0x8F, 0xA1, 0xCF, 0x63, 0x7C, 0xBC, 0x63, 0x7D, 0xBD, 0x63, 0x7E, 0xBE, 0x63, 0x7E, 0xBE, 0x63, 0x7E, 0xBE, 0x63, 0x7E, 0xBE, 0x63, 0x7E, 0xBD, 0x63, 0x7E, 0xBE, 0x63, 0x7E, 0xBF, 0x63, 0x7E, 0xBF, 0x63, 0x7F, 0xBF, 0x63, 0x7E, 0xBF, 
        0x63, 0x7E, 0xBF, 0x63, 0x7E, 0xBF, 0x63, 0x7E, 0xC0, 0x64, 0x7E, 0xC1, 0x64, 0x7E, 0xBE, 0x64, 0x80, 0xBE, 0x64, 0x80, 0xC0, 0x64, 0x7F, 0xC0, 0x8B, 0x9F, 0xD0, 0xB6, 0xC4, 0xE2, 0x0B, 0x3C, 0xA4, 0x0B, 0x3D, 0xA5, 0x0B, 0x3D, 0xA5, 
        0x0B, 0x3D, 0xA5, 0x0B, 0x3E, 0xA5, 0x0B, 0x3F, 0xA6, 0x0C, 0x40, 0xA7, 0x0C, 0x41, 0xA9, 0x0D, 0x41, 0xAB, 0x0D, 0x41, 0xAA, 0x0D, 0x40, 0xA9, 0x0D, 0x40, 0xA9, 0x0D, 0x42, 0xA9, 0x0D, 0x42, 0xAA, 0x0D, 0x44, 0xAA, 0x0D, 0x44, 0xAB, 
        0x0D, 0x44, 0xAB, 0x0D, 0x44, 0xAB, 0x0D, 0x44, 0xAB, 0x0E, 0x44, 0xAA, 0x0E, 0x45, 0xA9, 0x0E, 0x45, 0xA9, 0x0E, 0x45, 0xAA, 0x0E, 0x43, 0xA9, 0x0D, 0x43, 0xA9, 0x0D, 0x43, 0xA9, 0x0E, 0x43, 0xA9, 0x0E, 0x42, 0xA7, 0x0D, 0x42, 0xA7, 
        0x0D, 0x43, 0xA7, 0x0D, 0x43, 0xA8, 0x0D, 0x43, 0xA8, 0x0E, 0x43, 0xA8, 0x0E, 0x43, 0xA8, 0x0F, 0x43, 0xA8, 0x0F, 0x44, 0xA8, 0x0F, 0x44, 0xAA, 0x0F, 0x45, 0xA8, 0x0E, 0x41, 0xA7, 0x0E, 0x40, 0xA6, 0x0F, 0x41, 0xA7, 0x0F, 0x42, 0xA9, 
        0x11, 0x44, 0xAA, 0x12, 0x48, 0xAC, 0x13, 0x4E, 0xB1, 0x14, 0x51, 0xB4, 0x17, 0x54, 0xB7, 0x18, 0x57, 0xB8, 0x19, 0x5A, 0xB9, 0x19, 0x5A, 0xBA, 0x18, 0x57, 0xB8, 0x17, 0x55, 0xB6, 0x16, 0x52, 0xB5, 0x15, 0x51, 0xB3, 0x15, 0x4D, 0xB2, 
        0x13, 0x4A, 0xAE, 0x12, 0x48, 0xAC, 0x12, 0x48, 0xAC, 0x13, 0x4A, 0xAD, 0x14, 0x4C, 0xB0, 0x16, 0x53, 0xB4, 0x19, 0x59, 0xB8, 0x1D, 0x5F, 0xBD, 0x1E, 0x65, 0xC0, 0x22, 0x6A, 0xC4, 0x25, 0x6E, 0xC6, 0x28, 0x71, 0xC8, 0x27, 0x71, 0xC8, 
        0x25, 0x6E, 0xC5, 0x24, 0x6B, 0xC5, 0x1E, 0x5F, 0xB0,
  0x03, 0x20, 0x75, 0x02, 0x1F, 0x73, 0x02, 0x1E, 0x73, 0x02, 0x1E, 0x73, 0x01, 0x1E, 0x71, 0x01, 0x1E, 0x71, 0x01, 0x1E, 0x71, 0x01, 0x1E, 0x71, 0x01, 0x1E, 0x72, 0x01, 0x1D, 0x71, 0x01, 0x1E, 0x72, 0x01, 0x1E, 0x72, 0x02, 0x1F, 0x72, 0x02, 0x1F, 0x72, 
        0x02, 0x1F, 0x72, 0x02, 0x1F, 0x75, 0x02, 0x1F, 0x75, 0x02, 0x1F, 0x75, 0x02, 0x20, 0x75, 0x02, 0x20, 0x75, 0x02, 0x20, 0x75, 0x02, 0x20, 0x76, 0x02, 0x20, 0x76, 0x02, 0x21, 0x77, 0x02, 0x21, 0x77, 0x02, 0x21, 0x77, 0x02, 0x21, 0x79, 
        0x02, 0x22, 0x79, 0x02, 0x22, 0x7B, 0x02, 0x22, 0x7B, 0x02, 0x22, 0x7B, 0x02, 0x22, 0x7B, 0x03, 0x23, 0x7E, 0x03, 0x23, 0x7E, 0x03, 0x23, 0x7E, 0x03, 0x24, 0x7F, 0x03, 0x24, 0x7F, 0x03, 0x25, 0x7F, 0x03, 0x26, 0x82, 0x03, 0x26, 0x83, 
        0x03, 0x26, 0x84, 0x03, 0x27, 0x86, 0x03, 0x28, 0x86, 0x03, 0x29, 0x86, 0x03, 0x29, 0x86, 0x03, 0x28, 0x88, 0x04, 0x29, 0x89, 0x04, 0x29, 0x8B, 0x04, 0x2A, 0x8C, 0x04, 0x2B, 0x8D, 0x04, 0x2B, 0x8D, 0x04, 0x2B, 0x8D, 0x04, 0x2C, 0x8D, 
        0x04, 0x2C, 0x8D, 0x05, 0x2D, 0x8E, 0x05, 0x2D, 0x8E, 0x05, 0x2D, 0x8E, 0x05, 0x2D, 0x8E, 0x05, 0x2D, 0x90, 0x05, 0x2D, 0x90, 0x05, 0x2E, 0x91, 0x05, 0x2E, 0x92, 0x06, 0x2E, 0x92, 0x06, 0x2E, 0x92, 0x06, 0x2F, 0x95, 0xB5, 0xC1, 0xDF, 
        0x63, 0x7C, 0xBC, 0x06, 0x2F, 0x95, 0x06, 0x31, 0x98, 0x06, 0x32, 0x98, 0x06, 0x32, 0x98, 0x06, 0x31, 0x98, 0x06, 0x31, 0x96, 0x06, 0x31, 0x96, 0x06, 0x31, 0x96, 0x06, 0x31, 0x99, 0x06, 0x31, 0x99, 0x07, 0x33, 0x99, 0x07, 0x33, 0x99, 
        0x07, 0x32, 0x99, 0x07, 0x32, 0x99, 0x07, 0x32, 0x99, 0x08, 0x32, 0x9C, 0x07, 0x32, 0x98, 0x07, 0x32, 0x97, 0x08, 0x33, 0x9A, 0x08, 0x33, 0x9A, 0x59, 0x78, 0xBD, 0xB6, 0xC4, 0xE3, 0x0B, 0x3C, 0xA3, 0x0A, 0x3C, 0xA4, 0x0A, 0x3C, 0xA4, 
        0x0B, 0x3D, 0xA5, 0x0B, 0x3E, 0xA6, 0x0C, 0x40, 0xA7, 0x0C, 0x40, 0xA7, 0x0C, 0x41, 0xA8, 0x0D, 0x41, 0xA9, 0x0D, 0x40, 0xA8, 0x0C, 0x40, 0xA8, 0x0C, 0x40, 0xA8, 0x0D, 0x40, 0xA8, 0x0D, 0x42, 0xA8, 0x0D, 0x42, 0xA9, 0x0D, 0x42, 0xAA, 
        0x0E, 0x42, 0xAA, 0x0E, 0x42, 0xAA, 0x0D, 0x42, 0xAA, 0x0D, 0x42, 0xAA, 0x0E, 0x42, 0xA9, 0x0E, 0x43, 0xA8, 0x0E, 0x43, 0xA8, 0x0D, 0x43, 0xA9, 0x0E, 0x43, 0xA9, 0x0E, 0x43, 0xA9, 0x0E, 0x42, 0xA9, 0x0E, 0x42, 0xA7, 0x0E, 0x41, 0xA7, 
        0x0E, 0x41, 0xA7, 0x0E, 0x41, 0xA7, 0x0E, 0x43, 0xA8, 0x0E, 0x43, 0xA8, 0x0E, 0x43, 0xA8, 0x0E, 0x43, 0xA8, 0x0F, 0x44, 0xA8, 0x0F, 0x44, 0xA9, 0x0F, 0x44, 0xA8, 0x0E, 0x42, 0xA7, 0x0E, 0x41, 0xA6, 0x0F, 0x41, 0xA7, 0x0F, 0x44, 0xA9, 
        0x11, 0x47, 0xAC, 0x13, 0x4A, 0xAF, 0x14, 0x50, 0xB3, 0x17, 0x56, 0xB7, 0x1A, 0x5D, 0xBC, 0x1B, 0x5D, 0xBC, 0x1B, 0x5D, 0xBC, 0x1B, 0x5D, 0xBB, 0x19, 0x5D, 0xBB, 0x19, 0x5B, 0xBA, 0x18, 0x57, 0xB7, 0x16, 0x52, 0xB5, 0x15, 0x4E, 0xB2, 
        0x14, 0x4B, 0xAF, 0x13, 0x4A, 0xAD, 0x12, 0x4A, 0xAC, 0x13, 0x4A, 0xAD, 0x14, 0x4B, 0xAF, 0x16, 0x53, 0xB4, 0x19, 0x57, 0xB7, 0x1C, 0x5D, 0xBB, 0x1E, 0x64, 0xC0, 0x23, 0x69, 0xC3, 0x26, 0x6F, 0xC7, 0x2B, 0x72, 0xC9, 0x2A, 0x72, 0xC9, 
        0x27, 0x6F, 0xC6, 0x26, 0x6C, 0xC4, 0x1F, 0x60, 0xB0,
  0x03, 0x21, 0x76, 0x02, 0x1F, 0x73, 0x02, 0x1F, 0x73, 0x02, 0x1F, 0x73, 0x02, 0x1E, 0x73, 0x01, 0x1E, 0x71, 0x02, 0x1E, 0x71, 0x01, 0x1E, 0x71, 0x01, 0x1E, 0x71, 0x01, 0x1D, 0x71, 0x01, 0x1E, 0x72, 0x01, 0x1E, 0x72, 0x02, 0x1F, 0x72, 0x02, 0x1F, 0x72, 
        0x02, 0x1F, 0x72, 0x02, 0x1F, 0x74, 0x02, 0x1F, 0x75, 0x02, 0x1F, 0x75, 0x02, 0x1F, 0x75, 0x02, 0x20, 0x75, 0x02, 0x20, 0x75, 0x02, 0x20, 0x75, 0x02, 0x20, 0x76, 0x02, 0x21, 0x77, 0x02, 0x21, 0x77, 0x02, 0x21, 0x77, 0x02, 0x21, 0x79, 
        0x02, 0x21, 0x79, 0x02, 0x22, 0x79, 0x02, 0x22, 0x7B, 0x02, 0x22, 0x7B, 0x02, 0x22, 0x7B, 0x03, 0x23, 0x7E, 0x03, 0x23, 0x7E, 0x03, 0x23, 0x7E, 0x03, 0x23, 0x7F, 0x03, 0x24, 0x7F, 0x03, 0x25, 0x7F, 0x03, 0x25, 0x80, 0x03, 0x26, 0x82, 
        0x03, 0x26, 0x84, 0x03, 0x26, 0x84, 0x03, 0x27, 0x85, 0x03, 0x27, 0x85, 0x03, 0x29, 0x86, 0x03, 0x28, 0x88, 0x04, 0x29, 0x89, 0x04, 0x29, 0x8B, 0x04, 0x2A, 0x8B, 0x04, 0x2B, 0x8D, 0x04, 0x2B, 0x8D, 0x04, 0x2B, 0x8D, 0x05, 0x2C, 0x8D, 
        0x05, 0x2D, 0x8D, 0x05, 0x2D, 0x8D, 0x05, 0x2D, 0x90, 0x05, 0x2D, 0x90, 0x05, 0x2D, 0x90, 0x05, 0x2D, 0x90, 0x05, 0x2D, 0x90, 0x05, 0x2D, 0x91, 0x05, 0x2E, 0x91, 0x06, 0x2E, 0x92, 0x06, 0x2F, 0x94, 0x06, 0x30, 0x95, 0xB5, 0xC1, 0xE0, 
        0x63, 0x7D, 0xBE, 0x06, 0x31, 0x97, 0x06, 0x32, 0x97, 0x06, 0x33, 0x9A, 0x07, 0x33, 0x9A, 0x06, 0x31, 0x98, 0x06, 0x31, 0x98, 0x06, 0x31, 0x98, 0x06, 0x31, 0x98, 0x06, 0x31, 0x98, 0x06, 0x32, 0x99, 0x07, 0x33, 0x99, 0x07, 0x33, 0x99, 
        0x07, 0x32, 0x99, 0x07, 0x32, 0x99, 0x07, 0x32, 0x99, 0x07, 0x32, 0x99, 0x07, 0x32, 0x98, 0x07, 0x31, 0x97, 0x07, 0x31, 0x98, 0x08, 0x35, 0x9A, 0x5A, 0x7A, 0xBF, 0xB6, 0xC5, 0xE3, 0x0B, 0x3C, 0xA3, 0x0A, 0x3C, 0xA3, 0x0A, 0x3C, 0xA4, 
        0x0B, 0x3D, 0xA5, 0x0B, 0x3E, 0xA6, 0x0C, 0x3F, 0xA7, 0x0C, 0x40, 0xA7, 0x0D, 0x41, 0xA7, 0x0D, 0x40, 0xA7, 0x0C, 0x40, 0xA8, 0x0C, 0x3F, 0xA7, 0x0C, 0x40, 0xA8, 0x0C, 0x40, 0xA8, 0x0D, 0x40, 0xA8, 0x0D, 0x42, 0xA9, 0x0D, 0x42, 0xA9, 
        0x0D, 0x42, 0xAA, 0x0D, 0x42, 0xAA, 0x0D, 0x42, 0xAA, 0x0D, 0x42, 0xAA, 0x0D, 0x41, 0xA8, 0x0D, 0x41, 0xA7, 0x0D, 0x42, 0xA8, 0x0E, 0x43, 0xA8, 0x0E, 0x43, 0xA9, 0x0E, 0x43, 0xAA, 0x0E, 0x43, 0xA9, 0x0E, 0x42, 0xA7, 0x0E, 0x41, 0xA7, 
        0x0E, 0x41, 0xA7, 0x0E, 0x41, 0xA7, 0x0E, 0x43, 0xA7, 0x0E, 0x43, 0xA8, 0x0E, 0x43, 0xA8, 0x0E, 0x41, 0xA8, 0x0E, 0x43, 0xA8, 0x0F, 0x44, 0xA9, 0x0F, 0x44, 0xA9, 0x0F, 0x41, 0xA8, 0x0F, 0x41, 0xA7, 0x0F, 0x42, 0xA9, 0x11, 0x45, 0xAA, 
        0x12, 0x48, 0xAC, 0x13, 0x4C, 0xAF, 0x15, 0x52, 0xB3, 0x17, 0x56, 0xB6, 0x1A, 0x5F, 0xBC, 0x1A, 0x5F, 0xBC, 0x1B, 0x5F, 0xBC, 0x1B, 0x5F, 0xBC, 0x1B, 0x5D, 0xBB, 0x1A, 0x5D, 0xBC, 0x18, 0x58, 0xB8, 0x18, 0x54, 0xB6, 0x16, 0x51, 0xB3, 
        0x14, 0x4C, 0xAF, 0x14, 0x4B, 0xAE, 0x13, 0x4A, 0xAD, 0x13, 0x4A, 0xAD, 0x14, 0x4B, 0xAF, 0x16, 0x50, 0xB2, 0x19, 0x57, 0xB7, 0x1B, 0x5C, 0xBB, 0x1D, 0x63, 0xBF, 0x22, 0x68, 0xC2, 0x25, 0x6C, 0xC4, 0x28, 0x70, 0xC7, 0x28, 0x70, 0xC7, 
        0x26, 0x6D, 0xC5, 0x26, 0x6B, 0xC3, 0x1E, 0x60, 0xAF,
  0x04, 0x21, 0x78, 0x02, 0x20, 0x75, 0x02, 0x20, 0x75, 0x02, 0x1F, 0x73, 0x02, 0x1F, 0x73, 0x02, 0x1E, 0x73, 0x01, 0x1E, 0x71, 0x02, 0x1E, 0x71, 0x01, 0x1E, 0x71, 0x01, 0x1E, 0x71, 0x01, 0x1E, 0x72, 0x02, 0x1E, 0x72, 0x02, 0x1F, 0x72, 0x02, 0x1F, 0x72, 
        0x02, 0x1F, 0x72, 0x02, 0x1F, 0x74, 0x02, 0x1F, 0x74, 0x02, 0x1F, 0x75, 0x02, 0x1F, 0x75, 0x02, 0x1F, 0x75, 0x02, 0x20, 0x75, 0x02, 0x20, 0x75, 0x02, 0x20, 0x75, 0x02, 0x21, 0x77, 0x02, 0x21, 0x77, 0x02, 0x21, 0x77, 0x02, 0x21, 0x79, 
        0x02, 0x21, 0x79, 0x02, 0x21, 0x79, 0x02, 0x22, 0x79, 0x02, 0x22, 0x7B, 0x02, 0x22, 0x7B, 0x03, 0x23, 0x7E, 0x03, 0x23, 0x7E, 0x03, 0x23, 0x7E, 0x03, 0x23, 0x7E, 0x03, 0x23, 0x7F, 0x03, 0x25, 0x7F, 0x03, 0x24, 0x80, 0x03, 0x25, 0x82, 
        0x03, 0x26, 0x84, 0x03, 0x26, 0x84, 0x03, 0x26, 0x83, 0x03, 0x27, 0x86, 0x03, 0x28, 0x86, 0x03, 0x28, 0x88, 0x03, 0x28, 0x88, 0x04, 0x29, 0x89, 0x04, 0x2A, 0x8B, 0x04, 0x2B, 0x8C, 0x04, 0x2B, 0x8D, 0x05, 0x2C, 0x8D, 0x05, 0x2C, 0x8D, 
        0x05, 0x2C, 0x8F, 0x05, 0x2D, 0x8F, 0x05, 0x2D, 0x8F, 0x05, 0x2D, 0x90, 0x05, 0x2D, 0x90, 0x05, 0x2D, 0x90, 0x05, 0x2D, 0x90, 0x05, 0x2D, 0x91, 0x05, 0x2D, 0x91, 0x06, 0x2F, 0x93, 0x06, 0x30, 0x95, 0x06, 0x31, 0x97, 0xB5, 0xC2, 0xE0, 
        0x63, 0x7E, 0xBE, 0x07, 0x32, 0x99, 0x07, 0x32, 0x99, 0x07, 0x33, 0x99, 0x07, 0x33, 0x9A, 0x06, 0x32, 0x98, 0x06, 0x32, 0x98, 0x06, 0x31, 0x98, 0x06, 0x31, 0x98, 0x06, 0x32, 0x98, 0x07, 0x33, 0x98, 0x07, 0x33, 0x9B, 0x07, 0x33, 0x99, 
        0x07, 0x33, 0x99, 0x07, 0x32, 0x99, 0x07, 0x31, 0x99, 0x07, 0x32, 0x99, 0x07, 0x32, 0x97, 0x07, 0x31, 0x97, 0x07, 0x31, 0x98, 0x08, 0x34, 0x9C, 0x5A, 0x7A, 0xBF, 0xB6, 0xC5, 0xE4, 0x0A, 0x3C, 0xA3, 0x0A, 0x3B, 0xA2, 0x0B, 0x3C, 0xA3, 
        0x0B, 0x3D, 0xA5, 0x0C, 0x3F, 0xA7, 0x0C, 0x3F, 0xA7, 0x0C, 0x3F, 0xA7, 0x0C, 0x40, 0xA7, 0x0D, 0x40, 0xA7, 0x0C, 0x3F, 0xA6, 0x0C, 0x3E, 0xA6, 0x0C, 0x40, 0xA7, 0x0D, 0x40, 0xA8, 0x0D, 0x41, 0xA8, 0x0E, 0x41, 0xA9, 0x0E, 0x42, 0xA9, 
        0x0E, 0x42, 0xAA, 0x0E, 0x42, 0xAB, 0x0E, 0x42, 0xAA, 0x0E, 0x42, 0xAA, 0x0D, 0x41, 0xA8, 0x0D, 0x41, 0xA7, 0x0E, 0x41, 0xA8, 0x0E, 0x42, 0xA8, 0x0E, 0x42, 0xA8, 0x0E, 0x43, 0xAA, 0x0E, 0x43, 0xA9, 0x0E, 0x42, 0xA7, 0x0E, 0x42, 0xA7, 
        0x0E, 0x41, 0xA7, 0x0E, 0x41, 0xA7, 0x0E, 0x42, 0xA7, 0x0E, 0x43, 0xA8, 0x0F, 0x43, 0xA8, 0x0E, 0x41, 0xA8, 0x0E, 0x41, 0xA8, 0x0F, 0x43, 0xA8, 0x10, 0x44, 0xA9, 0x0F, 0x43, 0xA8, 0x0F, 0x43, 0xA8, 0x11, 0x44, 0xA9, 0x11, 0x45, 0xAB, 
        0x12, 0x48, 0xAD, 0x13, 0x4C, 0xAF, 0x14, 0x50, 0xB3, 0x17, 0x56, 0xB6, 0x18, 0x59, 0xB9, 0x1A, 0x5D, 0xBC, 0x1B, 0x60, 0xBD, 0x1C, 0x60, 0xBD, 0x1B, 0x5F, 0xBC, 0x1A, 0x5D, 0xBB, 0x19, 0x58, 0xB9, 0x18, 0x55, 0xB6, 0x16, 0x52, 0xB4, 
        0x15, 0x4E, 0xB1, 0x13, 0x4A, 0xAE, 0x13, 0x4A, 0xAD, 0x13, 0x4A, 0xAD, 0x15, 0x4B, 0xAE, 0x16, 0x4D, 0xB0, 0x18, 0x53, 0xB4, 0x1A, 0x59, 0xB8, 0x1C, 0x60, 0xBC, 0x1F, 0x65, 0xBF, 0x22, 0x69, 0xC3, 0x25, 0x6C, 0xC4, 0x26, 0x6D, 0xC5, 
        0x25, 0x6B, 0xC4, 0x23, 0x68, 0xC1, 0x1D, 0x5D, 0xAF,
  0x04, 0x23, 0x79, 0x03, 0x21, 0x78, 0x03, 0x20, 0x76, 0x02, 0x1F, 0x73, 0x02, 0x20, 0x73, 0x02, 0x1F, 0x74, 0x02, 0x1E, 0x73, 0x01, 0x1E, 0x71, 0x01, 0x1E, 0x71, 0x01, 0x1E, 0x71, 0x01, 0x1E, 0x71, 0x02, 0x1E, 0x72, 0x02, 0x1E, 0x72, 0x02, 0x1F, 0x72, 
        0x02, 0x1F, 0x72, 0x02, 0x1F, 0x74, 0x02, 0x1F, 0x74, 0x02, 0x1F, 0x74, 0x02, 0x1F, 0x75, 0x02, 0x1F, 0x75, 0x02, 0x1F, 0x75, 0x02, 0x20, 0x75, 0x02, 0x20, 0x75, 0x02, 0x21, 0x76, 0x02, 0x21, 0x77, 0x02, 0x21, 0x77, 0x02, 0x21, 0x79, 
        0x02, 0x21, 0x79, 0x02, 0x21, 0x79, 0x02, 0x21, 0x79, 0x02, 0x22, 0x7A, 0x02, 0x22, 0x7B, 0x03, 0x23, 0x7E, 0x03, 0x23, 0x7E, 0x03, 0x23, 0x7D, 0x03, 0x23, 0x7E, 0x03, 0x23, 0x7E, 0x03, 0x24, 0x7F, 0x03, 0x26, 0x82, 0x03, 0x25, 0x82, 
        0x03, 0x26, 0x82, 0x03, 0x26, 0x83, 0x03, 0x27, 0x85, 0x03, 0x28, 0x85, 0x03, 0x28, 0x86, 0x03, 0x27, 0x88, 0x04, 0x29, 0x89, 0x04, 0x29, 0x8B, 0x04, 0x2B, 0x8C, 0x04, 0x2B, 0x8C, 0x05, 0x2C, 0x8E, 0x05, 0x2C, 0x8F, 0x05, 0x2D, 0x90, 
        0x05, 0x2C, 0x8F, 0x05, 0x2C, 0x8F, 0x05, 0x2E, 0x90, 0x05, 0x2E, 0x90, 0x05, 0x2E, 0x91, 0x05, 0x2D, 0x91, 0x05, 0x2D, 0x91, 0x05, 0x2D, 0x91, 0x06, 0x2E, 0x93, 0x06, 0x30, 0x94, 0x06, 0x32, 0x96, 0x06, 0x32, 0x99, 0xB5, 0xC2, 0xE1, 
        0x63, 0x7F, 0xBF, 0x07, 0x35, 0x9A, 0x07, 0x35, 0x9A, 0x07, 0x35, 0x9A, 0x07, 0x33, 0x99, 0x07, 0x33, 0x9A, 0x07, 0x33, 0x98, 0x07, 0x33, 0x9A, 0x07, 0x33, 0x9A, 0x07, 0x33, 0x9A, 0x07, 0x33, 0x9A, 0x07, 0x33, 0x9A, 0x07, 0x33, 0x9B, 
        0x07, 0x33, 0x99, 0x07, 0x32, 0x99, 0x07, 0x31, 0x99, 0x07, 0x31, 0x99, 0x07, 0x32, 0x97, 0x07, 0x32, 0x97, 0x08, 0x33, 0x9A, 0x09, 0x35, 0x9C, 0x5A, 0x7A, 0xBF, 0xB6, 0xC5, 0xE3, 0x0A, 0x3A, 0xA2, 0x0A, 0x3A, 0xA2, 0x0B, 0x3C, 0xA3, 
        0x0C, 0x3D, 0xA5, 0x0C, 0x3E, 0xA7, 0x0C, 0x3E, 0xA7, 0x0C, 0x3E, 0xA6, 0x0C, 0x3F, 0xA6, 0x0C, 0x3F, 0xA5, 0x0C, 0x3E, 0xA5, 0x0C, 0x3E, 0xA5, 0x0C, 0x40, 0xA7, 0x0D, 0x42, 0xA8, 0x0E, 0x43, 0xA9, 0x0E, 0x42, 0xA9, 0x0E, 0x43, 0xAB, 
        0x0E, 0x42, 0xAA, 0x0E, 0x42, 0xAA, 0x0E, 0x44, 0xAC, 0x0E, 0x42, 0xAA, 0x0E, 0x41, 0xA9, 0x0E, 0x41, 0xA9, 0x0E, 0x41, 0xA8, 0x0E, 0x41, 0xA8, 0x0E, 0x42, 0xA8, 0x0E, 0x42, 0xA8, 0x0E, 0x42, 0xA9, 0x0E, 0x41, 0xA7, 0x0E, 0x41, 0xA7, 
        0x0E, 0x40, 0xA7, 0x0E, 0x40, 0xA7, 0x0E, 0x41, 0xA7, 0x0E, 0x42, 0xA8, 0x0F, 0x43, 0xA7, 0x0F, 0x41, 0xA7, 0x0E, 0x41, 0xA7, 0x0F, 0x43, 0xA8, 0x10, 0x44, 0xAA, 0x11, 0x44, 0xAA, 0x11, 0x44, 0xAA, 0x11, 0x46, 0xAB, 0x12, 0x48, 0xAB, 
        0x12, 0x48, 0xAD, 0x13, 0x4C, 0xAF, 0x14, 0x50, 0xB3, 0x17, 0x55, 0xB5, 0x19, 0x5B, 0xBA, 0x1A, 0x5C, 0xBB, 0x1B, 0x60, 0xBD, 0x1B, 0x60, 0xBD, 0x1B, 0x60, 0xBD, 0x1B, 0x5D, 0xBC, 0x19, 0x57, 0xB7, 0x18, 0x54, 0xB5, 0x16, 0x51, 0xB4, 
        0x15, 0x4C, 0xB1, 0x14, 0x4A, 0xAE, 0x13, 0x49, 0xAC, 0x14, 0x48, 0xAC, 0x14, 0x4A, 0xAC, 0x15, 0x4B, 0xAF, 0x16, 0x4F, 0xB2, 0x18, 0x53, 0xB5, 0x1A, 0x5A, 0xB8, 0x1D, 0x5F, 0xBC, 0x1D, 0x64, 0xBF, 0x22, 0x68, 0xC2, 0x23, 0x69, 0xC2, 
        0x22, 0x67, 0xC0, 0x20, 0x65, 0xC0, 0x1C, 0x5B, 0xAD,
  0x04, 0x23, 0x79, 0x03, 0x22, 0x78, 0x03, 0x21, 0x76, 0x02, 0x20, 0x75, 0x02, 0x1F, 0x73, 0x02, 0x1F, 0x73, 0x02, 0x1E, 0x73, 0x01, 0x1E, 0x71, 0x01, 0x1E, 0x71, 0x01, 0x1E, 0x71, 0x02, 0x1E, 0x71, 0x02, 0x1E, 0x71, 0x02, 0x1E, 0x74, 0x02, 0x1E, 0x72, 
        0x02, 0x1F, 0x72, 0x02, 0x1F, 0x74, 0x02, 0x1F, 0x74, 0x02, 0x1F, 0x74, 0x02, 0x1F, 0x74, 0x02, 0x1F, 0x75, 0x02, 0x1F, 0x75, 0x02, 0x1F, 0x75, 0x02, 0x20, 0x75, 0x02, 0x21, 0x76, 0x02, 0x21, 0x76, 0x02, 0x21, 0x77, 0x02, 0x21, 0x7A, 
        0x02, 0x21, 0x7A, 0x02, 0x21, 0x7A, 0x02, 0x21, 0x7A, 0x03, 0x22, 0x7A, 0x03, 0x22, 0x7A, 0x03, 0x22, 0x7C, 0x03, 0x22, 0x7C, 0x03, 0x23, 0x7D, 0x03, 0x23, 0x7E, 0x03, 0x24, 0x7E, 0x03, 0x25, 0x7F, 0x03, 0x25, 0x82, 0x03, 0x26, 0x83, 
        0x03, 0x25, 0x82, 0x03, 0x26, 0x84, 0x03, 0x28, 0x85, 0x03, 0x28, 0x85, 0x03, 0x28, 0x85, 0x03, 0x28, 0x88, 0x04, 0x28, 0x89, 0x04, 0x29, 0x8B, 0x05, 0x2C, 0x8C, 0x05, 0x2C, 0x8E, 0x05, 0x2C, 0x8E, 0x05, 0x2C, 0x8E, 0x05, 0x2D, 0x90, 
        0x05, 0x2D, 0x90, 0x05, 0x2D, 0x90, 0x05, 0x2D, 0x90, 0x05, 0x2E, 0x92, 0x05, 0x2E, 0x92, 0x06, 0x2E, 0x93, 0x05, 0x2E, 0x91, 0x05, 0x2E, 0x91, 0x06, 0x2E, 0x93, 0x06, 0x30, 0x94, 0x06, 0x31, 0x96, 0x07, 0x32, 0x98, 0xB5, 0xC2, 0xE1, 
        0x63, 0x80, 0xC0, 0x07, 0x35, 0x9C, 0x07, 0x35, 0x9C, 0x07, 0x35, 0x9A, 0x07, 0x35, 0x9A, 0x07, 0x32, 0x99, 0x07, 0x33, 0x9A, 0x07, 0x33, 0x9A, 0x07, 0x33, 0x9A, 0x07, 0x33, 0x9A, 0x07, 0x34, 0x9A, 0x07, 0x33, 0x9A, 0x59, 0x76, 0xBB, 
        0xB5, 0xC2, 0xE1, 0x07, 0x31, 0x99, 0x07, 0x31, 0x99, 0x07, 0x31, 0x99, 0x07, 0x32, 0x97, 0x08, 0x34, 0x99, 0x08, 0x35, 0x9B, 0x09, 0x37, 0x9D, 0x5A, 0x7A, 0xBF, 0xB6, 0xC4, 0xE3, 0x0A, 0x39, 0xA2, 0x0B, 0x3C, 0xA3, 0x0B, 0x3C, 0xA4, 
        0x0C, 0x3D, 0xA5, 0x0C, 0x3E, 0xA6, 0x0C, 0x3E, 0xA7, 0x0B, 0x3D, 0xA6, 0x0C, 0x3D, 0xA5, 0x0C, 0x3E, 0xA4, 0x0C, 0x3E, 0xA4, 0x0C, 0x3E, 0xA4, 0x0D, 0x41, 0xA6, 0x0E, 0x44, 0xA8, 0x0F, 0x44, 0xAA, 0x0E, 0x42, 0xAA, 0x0F, 0x43, 0xAB, 
        0x0F, 0x43, 0xAB, 0x0F, 0x44, 0xAB, 0x0F, 0x44, 0xAB, 0x0E, 0x42, 0xAC, 0x0F, 0x42, 0xA9, 0x0F, 0x42, 0xA9, 0x0F, 0x42, 0xA9, 0x0E, 0x42, 0xA9, 0x0E, 0x41, 0xA8, 0x0E, 0x42, 0xA8, 0x0E, 0x42, 0xA8, 0x0E, 0x42, 0xA8, 0x0E, 0x41, 0xA7, 
        0x0E, 0x41, 0xA7, 0x0E, 0x41, 0xA7, 0x0E, 0x42, 0xA8, 0x0E, 0x42, 0xA8, 0x0F, 0x42, 0xA7, 0x0E, 0x41, 0xA6, 0x0E, 0x40, 0xA7, 0x0F, 0x43, 0xA8, 0x10, 0x44, 0xAA, 0x10, 0x44, 0xAA, 0x11, 0x46, 0xAB, 0x12, 0x46, 0xAB, 0x12, 0x47, 0xAC, 
        0x13, 0x4A, 0xAE, 0x13, 0x4D, 0xB0, 0x16, 0x53, 0xB4, 0x17, 0x58, 0xB6, 0x19, 0x5B, 0xBA, 0x19, 0x5B, 0xBA, 0x1A, 0x5C, 0xBA, 0x1A, 0x5D, 0xBB, 0x19, 0x5C, 0xBB, 0x19, 0x5C, 0xBB, 0x18, 0x56, 0xB7, 0x18, 0x51, 0xB4, 0x16, 0x4F, 0xB2, 
        0x15, 0x4C, 0xAF, 0x14, 0x49, 0xAE, 0x13, 0x47, 0xAC, 0x13, 0x46, 0xAB, 0x14, 0x47, 0xAB, 0x15, 0x4B, 0xAD, 0x16, 0x4D, 0xB0, 0x17, 0x50, 0xB3, 0x19, 0x53, 0xB6, 0x1C, 0x5A, 0xBA, 0x1C, 0x5D, 0xBB, 0x1D, 0x62, 0xBE, 0x1E, 0x63, 0xBE, 
        0x1E, 0x60, 0xBD, 0x1E, 0x60, 0xBC, 0x1B, 0x58, 0xAC,
  0x04, 0x24, 0x7B, 0x03, 0x22, 0x78, 0x03, 0x21, 0x76, 0x02, 0x20, 0x75, 0x02, 0x1F, 0x73, 0x02, 0x1F, 0x72, 0x02, 0x1E, 0x72, 0x02, 0x1E, 0x73, 0x01, 0x1E, 0x71, 0x01, 0x1E, 0x71, 0x02, 0x1E, 0x71, 0x02, 0x1E, 0x73, 0x02, 0x1E, 0x73, 0x02, 0x1E, 0x74, 
        0x02, 0x1E, 0x74, 0x02, 0x1F, 0x74, 0x02, 0x1F, 0x74, 0x02, 0x1F, 0x74, 0x02, 0x1F, 0x74, 0x02, 0x20, 0x75, 0x02, 0x20, 0x76, 0x02, 0x20, 0x76, 0x02, 0x20, 0x76, 0x02, 0x21, 0x76, 0x02, 0x21, 0x76, 0x02, 0x21, 0x78, 0x02, 0x21, 0x7A, 
        0x02, 0x21, 0x7A, 0x03, 0x22, 0x7A, 0x03, 0x22, 0x7A, 0x03, 0x23, 0x7C, 0x03, 0x23, 0x7C, 0x03, 0x22, 0x7A, 0x03, 0x22, 0x7C, 0x03, 0x22, 0x7C, 0x03, 0x23, 0x7D, 0x03, 0x23, 0x7E, 0x03, 0x25, 0x7F, 0x03, 0x25, 0x80, 0x03, 0x25, 0x82, 
        0x03, 0x26, 0x83, 0x03, 0x26, 0x84, 0x03, 0x27, 0x85, 0x03, 0x28, 0x85, 0x03, 0x28, 0x85, 0x03, 0x27, 0x87, 0x04, 0x28, 0x89, 0x04, 0x2A, 0x8B, 0x05, 0x2C, 0x8E, 0x05, 0x2C, 0x8E, 0x05, 0x2C, 0x8E, 0x05, 0x2D, 0x91, 0x06, 0x2F, 0x92, 
        0x06, 0x2F, 0x93, 0x06, 0x2F, 0x93, 0x06, 0x2D, 0x92, 0x06, 0x2D, 0x92, 0x05, 0x2E, 0x92, 0x06, 0x2E, 0x92, 0x05, 0x2E, 0x91, 0x06, 0x2E, 0x93, 0x06, 0x2E, 0x93, 0x06, 0x31, 0x96, 0x07, 0x32, 0x98, 0x07, 0x32, 0x98, 0xB5, 0xC2, 0xE1, 
        0x63, 0x80, 0xC1, 0x07, 0x36, 0x9D, 0x07, 0x36, 0x9C, 0x07, 0x35, 0x9C, 0x07, 0x35, 0x9A, 0x07, 0x33, 0x9A, 0x07, 0x32, 0x9A, 0x07, 0x33, 0x9A, 0x07, 0x33, 0x9A, 0x07, 0x33, 0x9B, 0x07, 0x33, 0x9B, 0x07, 0x33, 0x98, 0x59, 0x76, 0xBA, 
        0xB5, 0xC2, 0xE0, 0x07, 0x31, 0x97, 0x07, 0x31, 0x97, 0x07, 0x32, 0x97, 0x59, 0x76, 0xB9, 0x33, 0x56, 0xAB, 0x09, 0x35, 0x9B, 0x09, 0x37, 0x9C, 0x5B, 0x7A, 0xBF, 0xB6, 0xC4, 0xE3, 0x0A, 0x39, 0xA2, 0x0B, 0x3D, 0xA4, 0x0C, 0x3D, 0xA4, 
        0x0C, 0x3D, 0xA4, 0x0C, 0x3D, 0xA5, 0x0C, 0x3D, 0xA5, 0x0C, 0x3D, 0xA5, 0x0B, 0x3D, 0xA5, 0x0C, 0x3D, 0xA5, 0x0C, 0x3E, 0xA5, 0x0D, 0x40, 0xA7, 0x0E, 0x43, 0xA8, 0x0E, 0x44, 0xAA, 0x0F, 0x44, 0xAB, 0x0F, 0x43, 0xAB, 0x0F, 0x44, 0xAB, 
        0x10, 0x44, 0xAC, 0x10, 0x44, 0xAC, 0x0F, 0x45, 0xAB, 0x0F, 0x44, 0xAB, 0x0E, 0x42, 0xA9, 0x0E, 0x42, 0xA8, 0x0E, 0x42, 0xA8, 0x0D, 0x42, 0xA8, 0x0E, 0x41, 0xA7, 0x0E, 0x41, 0xA7, 0x0E, 0x42, 0xA8, 0x10, 0x42, 0xA8, 0x0F, 0x42, 0xA9, 
        0x0F, 0x42, 0xA9, 0x0F, 0x42, 0xA9, 0x0F, 0x42, 0xA9, 0x0F, 0x40, 0xA7, 0x0F, 0x42, 0xA6, 0x0F, 0x42, 0xA6, 0x0F, 0x43, 0xA7, 0x0F, 0x43, 0xA8, 0x10, 0x44, 0xA8, 0x10, 0x44, 0xAA, 0x11, 0x44, 0xA9, 0x12, 0x47, 0xAB, 0x13, 0x49, 0xAC, 
        0x12, 0x47, 0xAC, 0x14, 0x4D, 0xAF, 0x16, 0x53, 0xB4, 0x17, 0x56, 0xB5, 0x18, 0x59, 0xB7, 0x18, 0x59, 0xB7, 0x19, 0x5B, 0xB7, 0x19, 0x59, 0xB7, 0x18, 0x59, 0xB8, 0x18, 0x57, 0xB7, 0x18, 0x53, 0xB4, 0x17, 0x51, 0xB4, 0x17, 0x50, 0xB2, 
        0x15, 0x4C, 0xAE, 0x13, 0x47, 0xAA, 0x13, 0x46, 0xAA, 0x12, 0x46, 0xAA, 0x13, 0x46, 0xAA, 0x14, 0x4A, 0xAC, 0x15, 0x4A, 0xAE, 0x15, 0x4B, 0xAF, 0x18, 0x52, 0xB3, 0x1C, 0x5C, 0xB9, 0x1D, 0x60, 0xBB, 0x1C, 0x5D, 0xBA, 0x1C, 0x59, 0xB7, 
        0x1D, 0x5A, 0xB8, 0x1D, 0x5A, 0xB7, 0x19, 0x54, 0xAA,
  0x04, 0x24, 0x7A, 0x03, 0x22, 0x78, 0x03, 0x20, 0x76, 0x02, 0x1F, 0x73, 0x02, 0x1F, 0x73, 0x02, 0x1F, 0x72, 0x02, 0x1D, 0x72, 0x02, 0x1E, 0x72, 0x01, 0x1E, 0x71, 0x01, 0x1E, 0x71, 0x01, 0x1E, 0x71, 0x02, 0x1E, 0x73, 0x02, 0x1E, 0x73, 0x02, 0x1E, 0x73, 
        0x02, 0x1E, 0x74, 0x02, 0x1E, 0x74, 0x02, 0x1F, 0x74, 0x02, 0x1F, 0x74, 0x02, 0x1F, 0x74, 0x02, 0x20, 0x75, 0x02, 0x20, 0x75, 0x02, 0x20, 0x76, 0x02, 0x20, 0x76, 0x02, 0x20, 0x76, 0x02, 0x21, 0x76, 0x02, 0x21, 0x78, 0x02, 0x21, 0x79, 
        0x02, 0x21, 0x7A, 0x03, 0x22, 0x7A, 0x03, 0x22, 0x7A, 0x03, 0x23, 0x7C, 0x03, 0x23, 0x7C, 0x03, 0x22, 0x7A, 0x03, 0x22, 0x7A, 0x03, 0x22, 0x7C, 0x03, 0x23, 0x7D, 0x03, 0x24, 0x7E, 0x03, 0x25, 0x7F, 0x03, 0x25, 0x80, 0x03, 0x25, 0x81, 
        0x03, 0x25, 0x83, 0x03, 0x26, 0x84, 0x03, 0x27, 0x85, 0x03, 0x27, 0x85, 0x03, 0x28, 0x85, 0x03, 0x28, 0x87, 0x03, 0x28, 0x87, 0x04, 0x28, 0x89, 0x04, 0x2A, 0x8C, 0x05, 0x2C, 0x8E, 0x05, 0x2C, 0x8E, 0x06, 0x2D, 0x91, 0x06, 0x2D, 0x92, 
        0x06, 0x2D, 0x92, 0x06, 0x2D, 0x93, 0x06, 0x2D, 0x92, 0x05, 0x2D, 0x92, 0x05, 0x2D, 0x92, 0x06, 0x2E, 0x92, 0x05, 0x2E, 0x90, 0x06, 0x2E, 0x93, 0x06, 0x2F, 0x94, 0x06, 0x31, 0x96, 0x07, 0x32, 0x98, 0x07, 0x32, 0x98, 0xB5, 0xC2, 0xE1, 
        0x63, 0x81, 0xC0, 0x07, 0x37, 0x9D, 0x07, 0x36, 0x9D, 0x07, 0x36, 0x9C, 0x07, 0x35, 0x9C, 0x09, 0x33, 0x9A, 0x07, 0x33, 0x9A, 0x07, 0x32, 0x9A, 0x07, 0x33, 0x9A, 0x07, 0x33, 0x9B, 0x07, 0x33, 0x9B, 0x07, 0x33, 0x98, 0x59, 0x76, 0xB9, 
        0xB5, 0xC2, 0xE0, 0x07, 0x31, 0x96, 0x07, 0x31, 0x97, 0x07, 0x31, 0x97, 0xB5, 0xC2, 0xE0, 0x64, 0x7E, 0xBE, 0x09, 0x35, 0x9B, 0x09, 0x37, 0x9C, 0x5B, 0x7A, 0xBF, 0xB6, 0xC4, 0xE3, 0x0B, 0x3A, 0xA3, 0x0C, 0x3C, 0xA4, 0x0C, 0x3D, 0xA4, 
        0x0C, 0x3D, 0xA4, 0x0C, 0x3D, 0xA4, 0x0C, 0x3D, 0xA4, 0x0C, 0x3D, 0xA4, 0x0C, 0x3D, 0xA5, 0x0C, 0x3E, 0xA6, 0x0C, 0x3F, 0xA7, 0x0D, 0x40, 0xA8, 0x0E, 0x43, 0xA8, 0x0F, 0x44, 0xAA, 0x0F, 0x44, 0xAB, 0x0F, 0x44, 0xAB, 0x10, 0x46, 0xAC, 
        0x10, 0x46, 0xAC, 0x10, 0x46, 0xAC, 0x10, 0x44, 0xAC, 0x0F, 0x45, 0xAB, 0x0E, 0x44, 0xA8, 0x0E, 0x42, 0xA8, 0x0E, 0x42, 0xA8, 0x0D, 0x42, 0xA7, 0x0E, 0x41, 0xA7, 0x0E, 0x42, 0xA8, 0x0F, 0x42, 0xA8, 0x10, 0x42, 0xA8, 0x10, 0x42, 0xA8, 
        0x0F, 0x42, 0xA9, 0x0F, 0x41, 0xA8, 0x0F, 0x41, 0xA9, 0x0F, 0x41, 0xA8, 0x10, 0x43, 0xA7, 0x10, 0x43, 0xA7, 0x10, 0x43, 0xA7, 0x10, 0x44, 0xA7, 0x10, 0x44, 0xA9, 0x11, 0x46, 0xAA, 0x11, 0x44, 0xA9, 0x11, 0x46, 0xAB, 0x13, 0x49, 0xAE, 
        0x13, 0x4B, 0xAE, 0x14, 0x4C, 0xAF, 0x16, 0x50, 0xB1, 0x16, 0x53, 0xB3, 0x17, 0x56, 0xB5, 0x18, 0x58, 0xB6, 0x18, 0x59, 0xB6, 0x18, 0x58, 0xB6, 0x17, 0x55, 0xB4, 0x17, 0x54, 0xB5, 0x16, 0x50, 0xB1, 0x16, 0x4E, 0xB1, 0x15, 0x4D, 0xB0, 
        0x14, 0x49, 0xAD, 0x13, 0x47, 0xAA, 0x13, 0x47, 0xAA, 0x13, 0x46, 0xAA, 0x12, 0x44, 0xA8, 0x13, 0x47, 0xAB, 0x14, 0x4A, 0xAC, 0x15, 0x4A, 0xAC, 0x16, 0x4D, 0xAF, 0x19, 0x55, 0xB4, 0x1A, 0x56, 0xB6, 0x1A, 0x56, 0xB5, 0x19, 0x54, 0xB4, 
        0x1A, 0x56, 0xB4, 0x1A, 0x56, 0xB5, 0x19, 0x52, 0xA7,
  0x04, 0x23, 0x78, 0x03, 0x21, 0x75, 0x02, 0x20, 0x75, 0x02, 0x1F, 0x73, 0x02, 0x1F, 0x73, 0x02, 0x1F, 0x72, 0x02, 0x1D, 0x72, 0x02, 0x1D, 0x72, 0x01, 0x1E, 0x70, 0x01, 0x1E, 0x71, 0x01, 0x1E, 0x71, 0x02, 0x1E, 0x73, 0x02, 0x1E, 0x73, 0x02, 0x1E, 0x73, 
        0x02, 0x1E, 0x73, 0x02, 0x1E, 0x74, 0x02, 0x1F, 0x74, 0x02, 0x1F, 0x74, 0x02, 0x1F, 0x74, 0x02, 0x20, 0x75, 0x02, 0x20, 0x75, 0x02, 0x20, 0x75, 0x02, 0x20, 0x76, 0x02, 0x20, 0x76, 0x02, 0x20, 0x76, 0x02, 0x21, 0x78, 0x02, 0x21, 0x79, 
        0x02, 0x21, 0x79, 0x03, 0x22, 0x7A, 0x03, 0x22, 0x7A, 0x03, 0x23, 0x7C, 0x03, 0x23, 0x7C, 0x03, 0x22, 0x7A, 0x03, 0x22, 0x7A, 0x03, 0x22, 0x7A, 0x03, 0x23, 0x7E, 0x03, 0x24, 0x7E, 0x03, 0x25, 0x7F, 0x03, 0x25, 0x81, 0x03, 0x25, 0x82, 
        0x03, 0x25, 0x82, 0x03, 0x25, 0x84, 0x03, 0x27, 0x85, 0x03, 0x27, 0x85, 0x03, 0x27, 0x85, 0x03, 0x28, 0x88, 0x03, 0x28, 0x88, 0x04, 0x28, 0x88, 0x04, 0x2A, 0x8B, 0x05, 0x2C, 0x8E, 0x05, 0x2F, 0x91, 0x06, 0x2D, 0x91, 0x06, 0x2D, 0x92, 
        0x06, 0x2D, 0x92, 0x06, 0x2D, 0x92, 0x06, 0x2D, 0x93, 0x06, 0x2D, 0x92, 0x06, 0x2D, 0x92, 0x06, 0x2D, 0x92, 0x06, 0x2E, 0x92, 0x06, 0x2E, 0x92, 0x06, 0x2F, 0x94, 0x06, 0x31, 0x96, 0x06, 0x32, 0x96, 0x07, 0x32, 0x98, 0xB5, 0xC2, 0xE1, 
        0x63, 0x80, 0xC0, 0x09, 0x37, 0x9C, 0x09, 0x36, 0x9D, 0x07, 0x36, 0x9C, 0x07, 0x35, 0x9C, 0x09, 0x35, 0x9C, 0x07, 0x35, 0x9A, 0x07, 0x33, 0x9A, 0x07, 0x33, 0x99, 0x07, 0x33, 0x9A, 0x07, 0x33, 0x9A, 0x07, 0x33, 0x98, 0x59, 0x76, 0xBA, 
        0xB5, 0xC2, 0xE0, 0x07, 0x31, 0x96, 0x07, 0x31, 0x96, 0x07, 0x31, 0x97, 0xB5, 0xC2, 0xE0, 0x64, 0x7E, 0xBE, 0x09, 0x35, 0x9B, 0x0A, 0x38, 0x9E, 0x5B, 0x7A, 0xC0, 0xB6, 0xC5, 0xE3, 0x0B, 0x3B, 0xA3, 0x0C, 0x3C, 0xA4, 0x0C, 0x3C, 0xA4, 
        0x0C, 0x3D, 0xA4, 0x0C, 0x3D, 0xA4, 0x0C, 0x3D, 0xA4, 0x0C, 0x3D, 0xA4, 0x0C, 0x3D, 0xA5, 0x0C, 0x3F, 0xA7, 0x0D, 0x40, 0xA7, 0x0E, 0x42, 0xA8, 0x0F, 0x43, 0xAA, 0x0F, 0x46, 0xAB, 0x10, 0x46, 0xAB, 0x10, 0x46, 0xAC, 0x10, 0x48, 0xAE, 
        0x11, 0x49, 0xAE, 0x11, 0x49, 0xAE, 0x10, 0x48, 0xAE, 0x10, 0x46, 0xAC, 0x0F, 0x45, 0xA9, 0x0F, 0x44, 0xA8, 0x0E, 0x44, 0xA9, 0x0E, 0x42, 0xA8, 0x0F, 0x42, 0xA8, 0x0F, 0x41, 0xA8, 0x0F, 0x42, 0xA8, 0x10, 0x42, 0xA8, 0x0F, 0x42, 0xA7, 
        0x0F, 0x41, 0xA6, 0x0F, 0x40, 0xA7, 0x0F, 0x42, 0xA8, 0x0F, 0x42, 0xA9, 0x10, 0x43, 0xA7, 0x10, 0x43, 0xA7, 0x10, 0x43, 0xA7, 0x11, 0x43, 0xA8, 0x11, 0x46, 0xA9, 0x11, 0x46, 0xAA, 0x11, 0x47, 0xAB, 0x12, 0x47, 0xAC, 0x13, 0x4B, 0xAE, 
        0x14, 0x4E, 0xAF, 0x14, 0x4E, 0xAF, 0x17, 0x52, 0xB3, 0x19, 0x59, 0xB6, 0x17, 0x56, 0xB4, 0x17, 0x56, 0xB5, 0x17, 0x56, 0xB5, 0x17, 0x53, 0xB4, 0x17, 0x52, 0xB3, 0x16, 0x4F, 0xB1, 0x15, 0x4D, 0xB0, 0x14, 0x4B, 0xB0, 0x15, 0x49, 0xAD, 
        0x14, 0x48, 0xAA, 0x13, 0x45, 0xAA, 0x13, 0x46, 0xAA, 0x13, 0x44, 0xA8, 0x12, 0x43, 0xA7, 0x13, 0x46, 0xA8, 0x14, 0x46, 0xAA, 0x14, 0x48, 0xAB, 0x15, 0x4A, 0xAC, 0x15, 0x4B, 0xAC, 0x16, 0x4B, 0xAD, 0x16, 0x4D, 0xAF, 0x18, 0x50, 0xB0, 
        0x18, 0x51, 0xB1, 0x18, 0x50, 0xB0, 0x17, 0x4D, 0xA4,
  0x04, 0x21, 0x77, 0x02, 0x20, 0x74, 0x02, 0x1F, 0x72, 0x02, 0x1F, 0x72, 0x02, 0x1F, 0x72, 0x02, 0x1F, 0x72, 0x02, 0x1D, 0x72, 0x02, 0x1D, 0x72, 0x01, 0x1D, 0x70, 0x01, 0x1E, 0x70, 0x01, 0x1E, 0x71, 0x02, 0x1E, 0x73, 0x02, 0x1E, 0x73, 0x02, 0x1E, 0x73, 
        0x02, 0x1E, 0x73, 0x02, 0x1E, 0x73, 0x02, 0x1F, 0x74, 0x02, 0x1F, 0x74, 0x02, 0x1F, 0x74, 0x02, 0x20, 0x75, 0x02, 0x20, 0x75, 0x02, 0x20, 0x75, 0x02, 0x20, 0x75, 0x02, 0x20, 0x76, 0x02, 0x20, 0x76, 0x02, 0x20, 0x78, 0x02, 0x21, 0x79, 
        0x02, 0x21, 0x79, 0x03, 0x22, 0x79, 0x03, 0x22, 0x7A, 0x03, 0x23, 0x7C, 0x03, 0x23, 0x7C, 0x03, 0x23, 0x7C, 0x03, 0x23, 0x7C, 0x03, 0x23, 0x7C, 0x03, 0x23, 0x7C, 0x03, 0x24, 0x7E, 0x03, 0x25, 0x7F, 0x03, 0x25, 0x81, 0x03, 0x25, 0x82, 
        0x03, 0x25, 0x83, 0x03, 0x25, 0x83, 0x03, 0x26, 0x85, 0x03, 0x27, 0x85, 0x03, 0x27, 0x85, 0x03, 0x28, 0x88, 0x04, 0x2A, 0x8A, 0x04, 0x2B, 0x8B, 0x05, 0x2C, 0x8E, 0x05, 0x2C, 0x8F, 0x06, 0x2E, 0x91, 0x06, 0x2F, 0x92, 0x06, 0x2F, 0x92, 
        0x06, 0x2F, 0x94, 0x06, 0x2F, 0x94, 0x06, 0x30, 0x94, 0x06, 0x2F, 0x95, 0x06, 0x2F, 0x93, 0x06, 0x2F, 0x93, 0x06, 0x2F, 0x93, 0x06, 0x2F, 0x93, 0x06, 0x30, 0x93, 0x06, 0x31, 0x96, 0x06, 0x31, 0x96, 0x07, 0x31, 0x98, 0xB5, 0xC2, 0xE1, 
        0x63, 0x80, 0xC0, 0x08, 0x35, 0x9C, 0x09, 0x35, 0x9B, 0x2D, 0x54, 0xAB, 0x59, 0x78, 0xBD, 0x09, 0x35, 0x9A, 0x07, 0x35, 0x9A, 0x07, 0x33, 0x99, 0x07, 0x32, 0x99, 0x07, 0x32, 0x99, 0x07, 0x33, 0x9A, 0x07, 0x33, 0x98, 0x59, 0x76, 0xBA, 
        0xB5, 0xC2, 0xE0, 0x07, 0x31, 0x96, 0x07, 0x31, 0x96, 0x07, 0x31, 0x96, 0xB5, 0xC2, 0xE0, 0x63, 0x7E, 0xBF, 0x09, 0x37, 0x9C, 0x0A, 0x38, 0x9F, 0x5B, 0x7A, 0xC0, 0xB6, 0xC5, 0xE3, 0x0B, 0x3C, 0xA4, 0x0C, 0x3C, 0xA5, 0x0C, 0x3C, 0xA5, 
        0x0C, 0x3C, 0xA5, 0x0C, 0x3D, 0xA5, 0x0C, 0x3D, 0xA5, 0x0C, 0x3D, 0xA5, 0x0C, 0x3E, 0xA6, 0x0D, 0x3F, 0xA6, 0x0D, 0x40, 0xA8, 0x0E, 0x42, 0xAA, 0x0F, 0x43, 0xAB, 0x10, 0x45, 0xAB, 0x10, 0x46, 0xAC, 0x10, 0x48, 0xAD, 0x11, 0x49, 0xAE, 
        0x11, 0x4B, 0xAF, 0x11, 0x4A, 0xAF, 0x11, 0x49, 0xAE, 0x10, 0x48, 0xAE, 0x0F, 0x46, 0xAB, 0x0F, 0x45, 0xA8, 0x0F, 0x44, 0xA8, 0x0F, 0x42, 0xA9, 0x0F, 0x42, 0xA9, 0x0F, 0x42, 0xA9, 0x0F, 0x42, 0xA8, 0x10, 0x42, 0xA7, 0x0F, 0x41, 0xA6, 
        0x0F, 0x42, 0xA6, 0x0F, 0x42, 0xA6, 0x10, 0x43, 0xA7, 0x10, 0x43, 0xA9, 0x10, 0x42, 0xA7, 0x10, 0x42, 0xA7, 0x10, 0x43, 0xA7, 0x10, 0x43, 0xA7, 0x11, 0x43, 0xA9, 0x11, 0x46, 0xA9, 0x12, 0x47, 0xAB, 0x12, 0x49, 0xAC, 0x12, 0x49, 0xAD, 
        0x14, 0x4C, 0xAF, 0x16, 0x4F, 0xB1, 0x18, 0x55, 0xB5, 0x1B, 0x5D, 0xB9, 0x17, 0x56, 0xB3, 0x17, 0x55, 0xB4, 0x17, 0x53, 0xB3, 0x17, 0x50, 0xB2, 0x16, 0x4F, 0xB0, 0x16, 0x4D, 0xB0, 0x14, 0x48, 0xAC, 0x13, 0x46, 0xAB, 0x13, 0x46, 0xAB, 
        0x14, 0x46, 0xAA, 0x14, 0x45, 0xA9, 0x13, 0x45, 0xA7, 0x13, 0x44, 0xA7, 0x12, 0x43, 0xA7, 0x12, 0x43, 0xA7, 0x13, 0x44, 0xA7, 0x13, 0x46, 0xA8, 0x14, 0x47, 0xA9, 0x14, 0x47, 0xA9, 0x15, 0x48, 0xAB, 0x16, 0x4A, 0xAC, 0x16, 0x4B, 0xAE, 
        0x16, 0x4C, 0xAD, 0x15, 0x49, 0xAC, 0x15, 0x4B, 0xA2,
  0x03, 0x20, 0x74, 0x02, 0x1F, 0x72, 0x02, 0x1F, 0x71, 0x02, 0x1D, 0x71, 0x02, 0x1D, 0x72, 0x02, 0x1D, 0x72, 0x02, 0x1D, 0x72, 0x02, 0x1D, 0x72, 0x01, 0x1D, 0x70, 0x01, 0x1D, 0x70, 0x01, 0x1E, 0x70, 0x02, 0x1E, 0x73, 0x02, 0x1E, 0x73, 0x02, 0x1E, 0x73, 
        0x02, 0x1E, 0x73, 0x02, 0x1E, 0x73, 0x02, 0x1F, 0x73, 0x02, 0x1F, 0x74, 0x02, 0x1F, 0x74, 0x02, 0x20, 0x75, 0x02, 0x20, 0x75, 0x02, 0x20, 0x75, 0x02, 0x20, 0x75, 0x02, 0x20, 0x75, 0x02, 0x20, 0x76, 0x02, 0x20, 0x78, 0x02, 0x20, 0x79, 
        0x02, 0x21, 0x79, 0x03, 0x22, 0x79, 0x03, 0x22, 0x79, 0x03, 0x23, 0x7C, 0x03, 0x23, 0x7C, 0x03, 0x23, 0x7C, 0x03, 0x23, 0x7C, 0x03, 0x23, 0x7C, 0x03, 0x23, 0x7C, 0x03, 0x25, 0x7D, 0x03, 0x25, 0x80, 0x03, 0x25, 0x81, 0x03, 0x25, 0x82, 
        0x03, 0x25, 0x83, 0x03, 0x26, 0x84, 0x03, 0x26, 0x84, 0x03, 0x27, 0x87, 0x04, 0x28, 0x87, 0x04, 0x2A, 0x8A, 0x04, 0x2B, 0x8B, 0x05, 0x2C, 0x8E, 0x05, 0x2D, 0x90, 0x05, 0x2E, 0x90, 0x05, 0x2E, 0x91, 0x06, 0x2E, 0x92, 0x06, 0x2F, 0x92, 
        0x06, 0x2F, 0x94, 0x06, 0x30, 0x94, 0x06, 0x30, 0x94, 0x06, 0x30, 0x94, 0x06, 0x2F, 0x95, 0x06, 0x2F, 0x93, 0x06, 0x2F, 0x93, 0x06, 0x2F, 0x93, 0x06, 0x31, 0x95, 0x06, 0x31, 0x95, 0x06, 0x31, 0x96, 0x07, 0x31, 0x96, 0xB5, 0xC2, 0xE0, 
        0x63, 0x7E, 0xBF, 0x08, 0x34, 0x9B, 0x08, 0x34, 0x9B, 0x59, 0x76, 0xBB, 0xB5, 0xC2, 0xE1, 0x07, 0x35, 0x99, 0x07, 0x33, 0x99, 0x07, 0x33, 0x99, 0x07, 0x32, 0x97, 0x07, 0x32, 0x97, 0x07, 0x32, 0x97, 0x07, 0x33, 0x98, 0x59, 0x76, 0xBA, 
        0xB5, 0xC2, 0xE0, 0x07, 0x31, 0x96, 0x07, 0x31, 0x96, 0x07, 0x31, 0x96, 0xB5, 0xC2, 0xE0, 0x65, 0x7F, 0xBF, 0x0A, 0x37, 0x9E, 0x0A, 0x39, 0x9F, 0x5B, 0x7B, 0xC0, 0xB6, 0xC5, 0xE3, 0x0C, 0x3D, 0xA5, 0x0C, 0x3C, 0xA4, 0x0C, 0x3C, 0xA5, 
        0x0C, 0x3C, 0xA5, 0x0C, 0x3C, 0xA5, 0x0C, 0x3D, 0xA5, 0x0C, 0x3D, 0xA5, 0x0D, 0x3E, 0xA6, 0x0D, 0x3F, 0xA6, 0x0E, 0x40, 0xA7, 0x0E, 0x42, 0xAA, 0x0F, 0x43, 0xAB, 0x0F, 0x45, 0xAB, 0x10, 0x47, 0xAD, 0x11, 0x49, 0xAE, 0x11, 0x4A, 0xAE, 
        0x11, 0x4B, 0xAF, 0x11, 0x4B, 0xAF, 0x11, 0x49, 0xAF, 0x10, 0x48, 0xAE, 0x10, 0x46, 0xAB, 0x10, 0x44, 0xA9, 0x10, 0x44, 0xA9, 0x0F, 0x42, 0xA8, 0x0F, 0x42, 0xA9, 0x10, 0x42, 0xA9, 0x10, 0x42, 0xA8, 0x10, 0x42, 0xA6, 0x0F, 0x41, 0xA6, 
        0x0F, 0x41, 0xA6, 0x0F, 0x42, 0xA6, 0x10, 0x43, 0xA6, 0x10, 0x43, 0xA8, 0x10, 0x42, 0xA7, 0x10, 0x42, 0xA7, 0x10, 0x42, 0xA7, 0x11, 0x43, 0xA8, 0x11, 0x43, 0xA9, 0x11, 0x45, 0xA9, 0x11, 0x46, 0xA9, 0x12, 0x47, 0xAB, 0x12, 0x49, 0xAD, 
        0x14, 0x4E, 0xAF, 0x15, 0x4F, 0xB1, 0x16, 0x51, 0xB2, 0x17, 0x54, 0xB3, 0x17, 0x55, 0xB3, 0x17, 0x55, 0xB3, 0x17, 0x52, 0xB3, 0x16, 0x4F, 0xB1, 0x15, 0x4C, 0xAF, 0x14, 0x4A, 0xAE, 0x14, 0x48, 0xAC, 0x14, 0x47, 0xAB, 0x13, 0x48, 0xAB, 
        0x13, 0x45, 0xA8, 0x13, 0x43, 0xA6, 0x12, 0x42, 0xA4, 0x12, 0x41, 0xA4, 0x12, 0x43, 0xA5, 0x12, 0x41, 0xA5, 0x12, 0x41, 0xA5, 0x12, 0x43, 0xA5, 0x13, 0x44, 0xA7, 0x14, 0x47, 0xA9, 0x15, 0x48, 0xAB, 0x16, 0x4A, 0xAB, 0x16, 0x48, 0xAB, 
        0x15, 0x47, 0xAA, 0x14, 0x46, 0xAA, 0x15, 0x49, 0xA0,
  0x03, 0x20, 0x74, 0x02, 0x1F, 0x72, 0x02, 0x1D, 0x71, 0x02, 0x1D, 0x71, 0x02, 0x1D, 0x71, 0x02, 0x1D, 0x72, 0x02, 0x1D, 0x72, 0x02, 0x1D, 0x72, 0x01, 0x1D, 0x70, 0x01, 0x1D, 0x70, 0x01, 0x1D, 0x70, 0x02, 0x1E, 0x72, 0x02, 0x1E, 0x73, 0x02, 0x1E, 0x73, 
        0x02, 0x1E, 0x73, 0x02, 0x1E, 0x73, 0x02, 0x1F, 0x73, 0x02, 0x1F, 0x73, 0x02, 0x1F, 0x74, 0x02, 0x1F, 0x75, 0x02, 0x20, 0x75, 0x02, 0x20, 0x75, 0x02, 0x20, 0x75, 0x02, 0x20, 0x75, 0x02, 0x20, 0x75, 0x02, 0x20, 0x78, 0x02, 0x20, 0x79, 
        0x02, 0x20, 0x79, 0x03, 0x22, 0x79, 0x03, 0x22, 0x79, 0x03, 0x23, 0x7B, 0x03, 0x23, 0x7C, 0x03, 0x23, 0x7C, 0x03, 0x23, 0x7C, 0x03, 0x23, 0x7C, 0x03, 0x24, 0x7D, 0x03, 0x24, 0x7D, 0x03, 0x25, 0x7F, 0x03, 0x25, 0x81, 0x03, 0x25, 0x82, 
        0x03, 0x25, 0x82, 0x03, 0x26, 0x84, 0x04, 0x27, 0x86, 0x04, 0x29, 0x87, 0x04, 0x29, 0x88, 0x04, 0x2B, 0x8B, 0x04, 0x2B, 0x8D, 0x05, 0x2C, 0x8E, 0x05, 0x2C, 0x8E, 0x05, 0x2C, 0x8E, 0x05, 0x2D, 0x8E, 0x05, 0x2D, 0x92, 0x06, 0x2D, 0x92, 
        0x06, 0x2F, 0x92, 0x06, 0x2F, 0x92, 0x06, 0x2F, 0x94, 0x06, 0x2F, 0x94, 0x06, 0x2F, 0x92, 0x06, 0x2F, 0x95, 0x06, 0x30, 0x95, 0x06, 0x30, 0x95, 0x06, 0x30, 0x95, 0x06, 0x31, 0x95, 0x06, 0x30, 0x93, 0x06, 0x2F, 0x96, 0xB5, 0xC2, 0xE0, 
        0x63, 0x7E, 0xBF, 0x07, 0x32, 0x9A, 0x07, 0x32, 0x99, 0x59, 0x75, 0xBB, 0xB5, 0xC2, 0xE0, 0x07, 0x33, 0x99, 0x07, 0x32, 0x97, 0x07, 0x32, 0x97, 0x07, 0x32, 0x97, 0x07, 0x32, 0x97, 0x07, 0x32, 0x97, 0x07, 0x32, 0x97, 0x59, 0x76, 0xBA, 
        0xB5, 0xC2, 0xE0, 0x07, 0x31, 0x96, 0x07, 0x31, 0x96, 0x07, 0x31, 0x96, 0xB5, 0xC2, 0xE0, 0x65, 0x80, 0xC0, 0x0A, 0x38, 0x9F, 0x0B, 0x39, 0xA0, 0x5B, 0x7B, 0xC0, 0xB6, 0xC5, 0xE3, 0x0C, 0x3D, 0xA5, 0x0C, 0x3C, 0xA4, 0x0C, 0x3C, 0xA4, 
        0x0C, 0x3C, 0xA5, 0x0C, 0x3C, 0xA5, 0x0C, 0x3C, 0xA5, 0x0B, 0x3D, 0xA5, 0x0D, 0x3E, 0xA6, 0x0E, 0x3F, 0xA6, 0x0E, 0x40, 0xA7, 0x0F, 0x42, 0xA9, 0x0F, 0x43, 0xAB, 0x10, 0x43, 0xAB, 0x10, 0x45, 0xAD, 0x10, 0x48, 0xAE, 0x11, 0x4A, 0xAE, 
        0x11, 0x4B, 0xB0, 0x11, 0x4B, 0xAF, 0x11, 0x49, 0xAE, 0x10, 0x48, 0xAE, 0x10, 0x46, 0xAB, 0x10, 0x44, 0xA9, 0x10, 0x43, 0xA9, 0x10, 0x42, 0xA8, 0x10, 0x42, 0xA8, 0x0F, 0x41, 0xA9, 0x0F, 0x41, 0xA7, 0x0F, 0x42, 0xA6, 0x10, 0x42, 0xA6, 
        0x10, 0x42, 0xA6, 0x10, 0x42, 0xA6, 0x10, 0x45, 0xA7, 0x10, 0x43, 0xA7, 0x11, 0x43, 0xA8, 0x11, 0x43, 0xA7, 0x11, 0x43, 0xA8, 0x11, 0x43, 0xA9, 0x11, 0x45, 0xA9, 0x12, 0x46, 0xAA, 0x12, 0x45, 0xAA, 0x12, 0x47, 0xAB, 0x13, 0x49, 0xAE, 
        0x15, 0x4C, 0xAF, 0x16, 0x51, 0xB3, 0x17, 0x52, 0xB3, 0x17, 0x51, 0xB2, 0x18, 0x55, 0xB2, 0x17, 0x52, 0xB2, 0x17, 0x50, 0xB0, 0x16, 0x4D, 0xAF, 0x14, 0x4A, 0xAD, 0x14, 0x48, 0xAC, 0x14, 0x47, 0xAB, 0x13, 0x47, 0xAA, 0x13, 0x44, 0xA9, 
        0x12, 0x43, 0xA6, 0x11, 0x40, 0xA3, 0x11, 0x40, 0xA3, 0x12, 0x42, 0xA4, 0x11, 0x3F, 0xA3, 0x12, 0x41, 0xA5, 0x12, 0x41, 0xA5, 0x12, 0x42, 0xA5, 0x13, 0x43, 0xA5, 0x13, 0x44, 0xA7, 0x14, 0x45, 0xA9, 0x14, 0x47, 0xA9, 0x14, 0x47, 0xA9, 
        0x14, 0x44, 0xA8, 0x14, 0x44, 0xA8, 0x15, 0x48, 0x9F,
  0x02, 0x1E, 0x71, 0x01, 0x1D, 0x6F, 0x01, 0x1C, 0x6F, 0x01, 0x1D, 0x6F, 0x01, 0x1D, 0x6F, 0x01, 0x1D, 0x6F, 0x02, 0x1D, 0x72, 0x02, 0x1D, 0x72, 0x01, 0x1D, 0x70, 0x01, 0x1D, 0x70, 0x01, 0x1D, 0x70, 0x02, 0x1D, 0x72, 0x02, 0x1E, 0x72, 0x02, 0x1E, 0x73, 
        0x02, 0x1E, 0x73, 0x02, 0x1E, 0x73, 0x02, 0x1F, 0x73, 0x02, 0x1F, 0x73, 0x02, 0x1F, 0x73, 0x02, 0x1F, 0x74, 0x02, 0x1F, 0x75, 0x02, 0x20, 0x75, 0x02, 0x20, 0x75, 0x02, 0x20, 0x75, 0x02, 0x20, 0x75, 0x02, 0x20, 0x77, 0x02, 0x20, 0x79, 
        0x02, 0x20, 0x79, 0x03, 0x22, 0x79, 0x03, 0x22, 0x79, 0x03, 0x22, 0x79, 0x03, 0x23, 0x7B, 0x03, 0x23, 0x7C, 0x03, 0x23, 0x7C, 0x03, 0x23, 0x7C, 0x03, 0x24, 0x7D, 0x03, 0x25, 0x7F, 0x03, 0x25, 0x7F, 0x03, 0x25, 0x80, 0x03, 0x25, 0x82, 
        0x03, 0x26, 0x84, 0x03, 0x27, 0x84, 0x04, 0x27, 0x86, 0x04, 0x29, 0x89, 0x04, 0x2A, 0x89, 0x04, 0x29, 0x8B, 0x04, 0x2A, 0x8A, 0x04, 0x2A, 0x8A, 0x04, 0x2A, 0x8A, 0x04, 0x2B, 0x8B, 0x05, 0x2C, 0x8D, 0x05, 0x2C, 0x8E, 0x05, 0x2C, 0x8F, 
        0x06, 0x2C, 0x8F, 0x06, 0x2F, 0x91, 0x06, 0x2F, 0x92, 0x06, 0x2D, 0x91, 0x06, 0x2D, 0x91, 0x06, 0x30, 0x92, 0x06, 0x30, 0x93, 0x06, 0x30, 0x93, 0x06, 0x30, 0x93, 0x06, 0x30, 0x93, 0x06, 0x30, 0x93, 0x06, 0x2E, 0x93, 0xB5, 0xC1, 0xE0, 
        0x63, 0x7E, 0xBE, 0x07, 0x31, 0x98, 0x07, 0x31, 0x98, 0x59, 0x75, 0xBA, 0xB5, 0xC2, 0xE0, 0x07, 0x32, 0x94, 0x07, 0x32, 0x95, 0x07, 0x32, 0x95, 0x59, 0x76, 0xB8, 0x32, 0x55, 0xA7, 0x07, 0x32, 0x95, 0x07, 0x31, 0x97, 0x59, 0x74, 0xB8, 
        0xB5, 0xC2, 0xE0, 0x07, 0x31, 0x95, 0x07, 0x31, 0x96, 0x07, 0x30, 0x96, 0xB5, 0xC2, 0xE0, 0x65, 0x80, 0xC0, 0x0A, 0x38, 0x9E, 0x0B, 0x3A, 0xA1, 0x5B, 0x7B, 0xC0, 0xB6, 0xC5, 0xE3, 0x0C, 0x3C, 0xA4, 0x0C, 0x3D, 0xA4, 0x0C, 0x3D, 0xA4, 
        0x0C, 0x3C, 0xA4, 0x0C, 0x3C, 0xA5, 0x0C, 0x3C, 0xA5, 0x0C, 0x3C, 0xA5, 0x0D, 0x3D, 0xA5, 0x0E, 0x3F, 0xA6, 0x0E, 0x40, 0xA7, 0x0F, 0x42, 0xA9, 0x0F, 0x43, 0xA9, 0x0F, 0x45, 0xAB, 0x10, 0x47, 0xAC, 0x10, 0x47, 0xAD, 0x11, 0x48, 0xAE, 
        0x11, 0x4B, 0xAE, 0x11, 0x4A, 0xAE, 0x11, 0x49, 0xAD, 0x11, 0x48, 0xAE, 0x11, 0x46, 0xAB, 0x10, 0x44, 0xAA, 0x10, 0x43, 0xA9, 0x10, 0x41, 0xA8, 0x10, 0x42, 0xA8, 0x10, 0x42, 0xA8, 0x10, 0x42, 0xA8, 0x10, 0x42, 0xA6, 0x10, 0x42, 0xA6, 
        0x10, 0x42, 0xA7, 0x10, 0x42, 0xA7, 0x11, 0x42, 0xA8, 0x11, 0x45, 0xA8, 0x11, 0x43, 0xA8, 0x11, 0x43, 0xA9, 0x11, 0x45, 0xA9, 0x11, 0x45, 0xA9, 0x11, 0x45, 0xAA, 0x11, 0x45, 0xAA, 0x12, 0x46, 0xAA, 0x13, 0x46, 0xAC, 0x13, 0x49, 0xAD, 
        0x14, 0x4C, 0xAF, 0x16, 0x52, 0xB3, 0x17, 0x54, 0xB3, 0x16, 0x52, 0xB2, 0x17, 0x52, 0xB2, 0x17, 0x51, 0xB1, 0x16, 0x4E, 0xAF, 0x15, 0x4A, 0xAD, 0x14, 0x48, 0xAC, 0x14, 0x47, 0xAB, 0x13, 0x44, 0xA8, 0x12, 0x42, 0xA6, 0x12, 0x42, 0xA6, 
        0x10, 0x3E, 0xA2, 0x12, 0x43, 0xA6, 0x17, 0x4E, 0xAE, 0x16, 0x4B, 0xAC, 0x11, 0x3E, 0xA1, 0x12, 0x42, 0xA4, 0x12, 0x42, 0xA5, 0x12, 0x42, 0xA5, 0x12, 0x42, 0xA5, 0x13, 0x43, 0xA5, 0x13, 0x43, 0xA5, 0x14, 0x44, 0xA6, 0x13, 0x43, 0xA6, 
        0x15, 0x47, 0xA9, 0x14, 0x45, 0xA8, 0x14, 0x46, 0x9D,
  0x02, 0x1D, 0x6F, 0x01, 0x1B, 0x6E, 0x01, 0x1C, 0x6E, 0x01, 0x1C, 0x6F, 0x01, 0x1C, 0x6F, 0x01, 0x1D, 0x6F, 0x01, 0x1D, 0x6F, 0x02, 0x1D, 0x72, 0x02, 0x1D, 0x72, 0x02, 0x1D, 0x72, 0x02, 0x1D, 0x72, 0x02, 0x1D, 0x72, 0x02, 0x1D, 0x72, 0x02, 0x1F, 0x72, 
        0x02, 0x1F, 0x73, 0x02, 0x1F, 0x73, 0x02, 0x1F, 0x73, 0x02, 0x1F, 0x74, 0x02, 0x1F, 0x74, 0x02, 0x1F, 0x73, 0x02, 0x1F, 0x75, 0x02, 0x1F, 0x75, 0x02, 0x20, 0x77, 0x02, 0x20, 0x77, 0x02, 0x20, 0x77, 0x03, 0x22, 0x78, 0x03, 0x22, 0x78, 
        0x03, 0x22, 0x79, 0x03, 0x22, 0x7B, 0x03, 0x22, 0x7B, 0x03, 0x22, 0x79, 0x03, 0x23, 0x7B, 0x03, 0x23, 0x7B, 0x03, 0x23, 0x7C, 0x03, 0x24, 0x7D, 0x03, 0x25, 0x7F, 0x03, 0x25, 0x7F, 0x03, 0x25, 0x7F, 0x03, 0x25, 0x82, 0x03, 0x26, 0x83, 
        0x03, 0x27, 0x86, 0x04, 0x27, 0x86, 0x04, 0x27, 0x86, 0x04, 0x29, 0x87, 0x04, 0x2A, 0x89, 0x04, 0x29, 0x87, 0x04, 0x27, 0x87, 0x04, 0x28, 0x87, 0x04, 0x29, 0x87, 0x04, 0x2A, 0x88, 0x05, 0x2B, 0x8B, 0x05, 0x2B, 0x8B, 0x05, 0x2C, 0x8D, 
        0x05, 0x2C, 0x8E, 0x06, 0x2D, 0x8F, 0x06, 0x2F, 0x91, 0x06, 0x2F, 0x91, 0x06, 0x2F, 0x91, 0x06, 0x2F, 0x91, 0x06, 0x2F, 0x91, 0x06, 0x2F, 0x92, 0x06, 0x2F, 0x92, 0x06, 0x2F, 0x92, 0x06, 0x2F, 0x92, 0x07, 0x2F, 0x92, 0xB5, 0xC1, 0xDF, 
        0x63, 0x7D, 0xBC, 0x07, 0x31, 0x96, 0x07, 0x31, 0x96, 0x59, 0x75, 0xB9, 0xB5, 0xC2, 0xDF, 0x07, 0x30, 0x93, 0x07, 0x32, 0x94, 0x07, 0x32, 0x95, 0xB5, 0xC2, 0xDF, 0x63, 0x7E, 0xBC, 0x07, 0x32, 0x95, 0x07, 0x30, 0x94, 0x59, 0x74, 0xB7, 
        0xB5, 0xC1, 0xDF, 0x07, 0x30, 0x95, 0x07, 0x30, 0x95, 0x07, 0x30, 0x93, 0xB5, 0xC2, 0xE0, 0x65, 0x80, 0xC0, 0x0A, 0x37, 0x9E, 0x0B, 0x3A, 0xA0, 0x5B, 0x7B, 0xC0, 0xB6, 0xC4, 0xE3, 0x0C, 0x3C, 0xA2, 0x0C, 0x3E, 0xA4, 0x0C, 0x3E, 0xA4, 
        0x0C, 0x3D, 0xA3, 0x0C, 0x3C, 0xA3, 0x0D, 0x3C, 0xA4, 0x0E, 0x3C, 0xA4, 0x0C, 0x3D, 0xA5, 0x0C, 0x3F, 0xA6, 0x0D, 0x41, 0xA7, 0x0E, 0x42, 0xA8, 0x0E, 0x43, 0xA9, 0x0E, 0x45, 0xAA, 0x0F, 0x47, 0xAC, 0x10, 0x48, 0xAB, 0x11, 0x49, 0xAC, 
        0x11, 0x48, 0xAC, 0x11, 0x4A, 0xAC, 0x11, 0x4A, 0xAC, 0x11, 0x49, 0xAB, 0x11, 0x46, 0xAC, 0x11, 0x44, 0xAB, 0x10, 0x42, 0xA9, 0x10, 0x41, 0xA8, 0x10, 0x41, 0xA7, 0x10, 0x42, 0xA7, 0x10, 0x44, 0xA8, 0x10, 0x44, 0xA8, 0x10, 0x42, 0xA7, 
        0x10, 0x42, 0xA7, 0x10, 0x42, 0xA7, 0x10, 0x42, 0xA7, 0x11, 0x44, 0xA8, 0x11, 0x43, 0xA8, 0x11, 0x45, 0xA8, 0x11, 0x45, 0xAA, 0x11, 0x45, 0xAA, 0x11, 0x45, 0xAA, 0x11, 0x45, 0xA9, 0x11, 0x45, 0xAA, 0x11, 0x45, 0xA9, 0x11, 0x45, 0xA9, 
        0x12, 0x49, 0xAB, 0x13, 0x4B, 0xAE, 0x14, 0x4E, 0xAF, 0x16, 0x52, 0xB2, 0x16, 0x4F, 0xB2, 0x16, 0x4C, 0xAF, 0x15, 0x4B, 0xAE, 0x14, 0x49, 0xAD, 0x14, 0x48, 0xAB, 0x13, 0x45, 0xA9, 0x12, 0x44, 0xA7, 0x12, 0x42, 0xA6, 0x12, 0x42, 0xA6, 
        0x0F, 0x3E, 0xA2, 0x14, 0x48, 0xAB, 0x1F, 0x61, 0xBB, 0x19, 0x56, 0xB4, 0x11, 0x3E, 0xA3, 0x12, 0x3F, 0xA4, 0x12, 0x3F, 0xA4, 0x12, 0x40, 0xA5, 0x13, 0x41, 0xA5, 0x13, 0x42, 0xA7, 0x14, 0x43, 0xA5, 0x13, 0x41, 0xA4, 0x12, 0x40, 0xA3, 
        0x15, 0x44, 0xA6, 0x15, 0x44, 0xA6, 0x15, 0x45, 0x9C,
  0x02, 0x1E, 0x6F, 0x01, 0x1C, 0x6D, 0x01, 0x1C, 0x6E, 0x01, 0x1C, 0x6F, 0x01, 0x1C, 0x6F, 0x01, 0x1C, 0x6F, 0x01, 0x1D, 0x6F, 0x02, 0x1D, 0x71, 0x02, 0x1D, 0x72, 0x02, 0x1D, 0x72, 0x02, 0x1D, 0x72, 0x02, 0x1D, 0x72, 0x02, 0x1D, 0x72, 0x02, 0x1F, 0x72, 
        0x02, 0x1F, 0x72, 0x02, 0x1F, 0x73, 0x02, 0x1F, 0x73, 0x02, 0x1F, 0x74, 0x02, 0x1F, 0x74, 0x02, 0x1F, 0x74, 0x02, 0x20, 0x74, 0x02, 0x20, 0x75, 0x02, 0x20, 0x75, 0x03, 0x22, 0x77, 0x03, 0x22, 0x77, 0x03, 0x22, 0x78, 0x03, 0x22, 0x78, 
        0x03, 0x22, 0x7A, 0x03, 0x22, 0x7B, 0x03, 0x22, 0x7B, 0x03, 0x22, 0x7B, 0x03, 0x24, 0x7C, 0x03, 0x24, 0x7C, 0x03, 0x23, 0x7B, 0x03, 0x23, 0x7C, 0x03, 0x24, 0x7D, 0x03, 0x25, 0x7F, 0x03, 0x25, 0x80, 0x03, 0x26, 0x83, 0x04, 0x27, 0x86, 
        0x04, 0x27, 0x85, 0x04, 0x27, 0x86, 0x04, 0x29, 0x87, 0x04, 0x29, 0x87, 0x04, 0x29, 0x87, 0x04, 0x29, 0x87, 0x04, 0x29, 0x87, 0x04, 0x29, 0x88, 0x04, 0x29, 0x88, 0x04, 0x2A, 0x8A, 0x04, 0x2B, 0x8B, 0x05, 0x2B, 0x8B, 0x05, 0x2B, 0x8B, 
        0x05, 0x2C, 0x8D, 0x05, 0x2C, 0x8E, 0x06, 0x2C, 0x8F, 0x06, 0x2D, 0x8F, 0x06, 0x2D, 0x8F, 0x06, 0x2D, 0x8F, 0x06, 0x2D, 0x8F, 0x06, 0x2D, 0x8F, 0x06, 0x2D, 0x90, 0x06, 0x2D, 0x90, 0x06, 0x2D, 0x90, 0x06, 0x2D, 0x92, 0xB5, 0xC1, 0xDF, 
        0x63, 0x7C, 0xBB, 0x07, 0x31, 0x96, 0x07, 0x31, 0x96, 0x59, 0x75, 0xB9, 0xB5, 0xC1, 0xDF, 0x07, 0x31, 0x93, 0x07, 0x31, 0x94, 0x07, 0x32, 0x94, 0xB5, 0xC2, 0xDF, 0x63, 0x7E, 0xBC, 0x07, 0x32, 0x95, 0x07, 0x30, 0x94, 0x59, 0x74, 0xB7, 
        0xB5, 0xC1, 0xDF, 0x07, 0x30, 0x94, 0x07, 0x31, 0x96, 0x07, 0x31, 0x96, 0xB6, 0xC2, 0xE0, 0x65, 0x80, 0xC0, 0x0A, 0x37, 0x9D, 0x0B, 0x38, 0x9E, 0x5B, 0x7B, 0xBF, 0xB6, 0xC5, 0xE3, 0x0C, 0x3D, 0xA3, 0x0C, 0x3E, 0xA4, 0x0C, 0x3E, 0xA4, 
        0x0C, 0x3D, 0xA3, 0x0C, 0x3C, 0xA3, 0x0D, 0x3C, 0xA3, 0x0D, 0x3D, 0xA5, 0x0D, 0x3E, 0xA5, 0x0D, 0x3F, 0xA6, 0x0E, 0x40, 0xA7, 0x0E, 0x41, 0xA7, 0x0E, 0x42, 0xA7, 0x0E, 0x43, 0xA9, 0x0F, 0x43, 0xA9, 0x10, 0x47, 0xAA, 0x10, 0x47, 0xAB, 
        0x10, 0x48, 0xAB, 0x11, 0x48, 0xAB, 0x11, 0x48, 0xAB, 0x10, 0x48, 0xAA, 0x11, 0x44, 0xAB, 0x10, 0x43, 0xAB, 0x10, 0x42, 0xA8, 0x10, 0x41, 0xA7, 0x10, 0x41, 0xA7, 0x10, 0x42, 0xA7, 0x10, 0x42, 0xA6, 0x10, 0x42, 0xA7, 0x10, 0x42, 0xA7, 
        0x10, 0x42, 0xA7, 0x10, 0x42, 0xA7, 0x10, 0x44, 0xA8, 0x10, 0x44, 0xA8, 0x11, 0x42, 0xA8, 0x11, 0x45, 0xA8, 0x11, 0x45, 0xA9, 0x11, 0x45, 0xAA, 0x11, 0x45, 0xA9, 0x11, 0x45, 0xA9, 0x11, 0x43, 0xA8, 0x12, 0x45, 0xAA, 0x14, 0x4A, 0xAD, 
        0x15, 0x4D, 0xAE, 0x13, 0x49, 0xAB, 0x16, 0x51, 0xB2, 0x1C, 0x61, 0xBC, 0x1A, 0x5A, 0xB8, 0x16, 0x51, 0xB2, 0x14, 0x49, 0xAC, 0x14, 0x49, 0xAB, 0x14, 0x47, 0xAB, 0x13, 0x44, 0xA7, 0x12, 0x42, 0xA5, 0x11, 0x41, 0xA3, 0x11, 0x41, 0xA5, 
        0x11, 0x40, 0xA3, 0x14, 0x47, 0xA9, 0x1B, 0x5B, 0xB6, 0x19, 0x54, 0xB2, 0x11, 0x3E, 0xA3, 0x12, 0x3F, 0xA4, 0x12, 0x3F, 0xA4, 0x12, 0x3F, 0xA4, 0x12, 0x41, 0xA5, 0x12, 0x42, 0xA5, 0x13, 0x42, 0xA4, 0x14, 0x43, 0xA5, 0x14, 0x44, 0xA7, 
        0x14, 0x44, 0xA6, 0x14, 0x43, 0xA6, 0x15, 0x46, 0x9D,
  0x02, 0x1E, 0x6F, 0x01, 0x1C, 0x6D, 0x01, 0x1C, 0x6D, 0x01, 0x1C, 0x6F, 0x01, 0x1C, 0x6F, 0x01, 0x1C, 0x6F, 0x01, 0x1D, 0x6F, 0x02, 0x1D, 0x71, 0x02, 0x1D, 0x71, 0x02, 0x1D, 0x72, 0x02, 0x1D, 0x72, 0x02, 0x1D, 0x72, 0x02, 0x1D, 0x72, 0x02, 0x1F, 0x72, 
        0x02, 0x1F, 0x72, 0x02, 0x1F, 0x72, 0x02, 0x1F, 0x73, 0x02, 0x1F, 0x74, 0x02, 0x1F, 0x74, 0x02, 0x20, 0x74, 0x02, 0x20, 0x74, 0x02, 0x20, 0x74, 0x02, 0x20, 0x77, 0x03, 0x21, 0x77, 0x03, 0x22, 0x77, 0x03, 0x22, 0x78, 0x02, 0x20, 0x78, 
        0x03, 0x22, 0x78, 0x03, 0x22, 0x7A, 0x03, 0x22, 0x7B, 0x03, 0x22, 0x7B, 0x03, 0x23, 0x7C, 0x03, 0x23, 0x7E, 0x03, 0x23, 0x7E, 0x03, 0x23, 0x7E, 0x03, 0x24, 0x80, 0x03, 0x26, 0x83, 0x03, 0x27, 0x85, 0x04, 0x29, 0x86, 0x04, 0x29, 0x88, 
        0x04, 0x28, 0x86, 0x04, 0x29, 0x86, 0x04, 0x2A, 0x89, 0x04, 0x2A, 0x89, 0x04, 0x29, 0x89, 0x04, 0x29, 0x89, 0x04, 0x29, 0x87, 0x04, 0x29, 0x87, 0x04, 0x29, 0x88, 0x04, 0x2A, 0x8A, 0x04, 0x2B, 0x8A, 0x05, 0x2B, 0x8B, 0x05, 0x2B, 0x8B, 
        0x05, 0x2B, 0x8B, 0x05, 0x2C, 0x8D, 0x05, 0x2C, 0x8E, 0x06, 0x2C, 0x8E, 0x06, 0x2D, 0x8E, 0x06, 0x2D, 0x8F, 0x06, 0x2D, 0x8F, 0x06, 0x2D, 0x8F, 0x06, 0x2D, 0x8F, 0x06, 0x2D, 0x90, 0x06, 0x2D, 0x90, 0x06, 0x2D, 0x92, 0xB5, 0xC0, 0xDF, 
        0x63, 0x7C, 0xBB, 0x07, 0x30, 0x93, 0x07, 0x30, 0x94, 0x59, 0x74, 0xB7, 0xB5, 0xC1, 0xDF, 0x07, 0x30, 0x93, 0x07, 0x31, 0x94, 0x07, 0x31, 0x94, 0xB5, 0xC2, 0xDF, 0x63, 0x7E, 0xBC, 0x07, 0x32, 0x95, 0x07, 0x30, 0x94, 0x59, 0x74, 0xB7, 
        0xB5, 0xC1, 0xDF, 0x07, 0x30, 0x94, 0x07, 0x30, 0x95, 0x09, 0x33, 0x96, 0xB6, 0xC2, 0xE0, 0x65, 0x80, 0xC0, 0x0A, 0x37, 0x9D, 0x0A, 0x38, 0x9E, 0x5B, 0x7B, 0xBF, 0xB6, 0xC5, 0xE3, 0x0C, 0x3D, 0xA4, 0x0C, 0x3D, 0xA4, 0x0C, 0x3E, 0xA4, 
        0x0C, 0x3D, 0xA3, 0x0C, 0x3C, 0xA3, 0x0D, 0x3D, 0xA4, 0x0E, 0x3E, 0xA4, 0x0E, 0x3E, 0xA6, 0x0E, 0x3F, 0xA6, 0x0E, 0x40, 0xA7, 0x0E, 0x41, 0xA7, 0x0E, 0x40, 0xA6, 0x0E, 0x42, 0xA7, 0x0F, 0x42, 0xA8, 0x10, 0x43, 0xA9, 0x10, 0x45, 0xAA, 
        0x10, 0x45, 0xAB, 0x10, 0x45, 0xAB, 0x10, 0x45, 0xAA, 0x10, 0x44, 0xAA, 0x10, 0x43, 0xA8, 0x10, 0x43, 0xA8, 0x10, 0x42, 0xA8, 0x10, 0x42, 0xA7, 0x10, 0x42, 0xA7, 0x10, 0x42, 0xA6, 0x10, 0x42, 0xA6, 0x10, 0x42, 0xA6, 0x10, 0x42, 0xA6, 
        0x10, 0x42, 0xA7, 0x10, 0x42, 0xA8, 0x11, 0x44, 0xA8, 0x11, 0x44, 0xA8, 0x11, 0x42, 0xA7, 0x11, 0x44, 0xA8, 0x11, 0x45, 0xA8, 0x11, 0x45, 0xA8, 0x11, 0x45, 0xA9, 0x11, 0x43, 0xA8, 0x11, 0x42, 0xA7, 0x13, 0x46, 0xAA, 0x19, 0x56, 0xB5, 
        0x19, 0x56, 0xB5, 0x12, 0x45, 0xAA, 0x14, 0x49, 0xAD, 0x20, 0x64, 0xBD, 0x24, 0x6A, 0xBF, 0x19, 0x57, 0xB4, 0x13, 0x46, 0xAA, 0x13, 0x44, 0xA8, 0x14, 0x46, 0xA8, 0x13, 0x43, 0xA6, 0x12, 0x42, 0xA5, 0x12, 0x41, 0xA3, 0x11, 0x40, 0xA3, 
        0x11, 0x3E, 0xA2, 0x11, 0x3E, 0xA2, 0x13, 0x45, 0xA8, 0x13, 0x45, 0xA8, 0x12, 0x3F, 0xA3, 0x12, 0x3F, 0xA3, 0x13, 0x3F, 0xA3, 0x13, 0x3F, 0xA3, 0x13, 0x40, 0xA4, 0x13, 0x42, 0xA5, 0x13, 0x41, 0xA4, 0x14, 0x43, 0xA5, 0x14, 0x44, 0xA7, 
        0x13, 0x42, 0xA4, 0x14, 0x42, 0xA5, 0x15, 0x46, 0x9D,
  0x02, 0x1E, 0x6F, 0x01, 0x1C, 0x6D, 0x01, 0x1C, 0x6D, 0x01, 0x1C, 0x6E, 0x01, 0x1C, 0x6F, 0x01, 0x1C, 0x6F, 0x01, 0x1D, 0x6F, 0x02, 0x1D, 0x71, 0x02, 0x1D, 0x71, 0x02, 0x1D, 0x71, 0x02, 0x1D, 0x72, 0x02, 0x1D, 0x72, 0x02, 0x1D, 0x72, 0x02, 0x1F, 0x72, 
        0x02, 0x1F, 0x72, 0x02, 0x1F, 0x72, 0x02, 0x1F, 0x72, 0x02, 0x1F, 0x74, 0x02, 0x1F, 0x74, 0x02, 0x20, 0x74, 0x02, 0x20, 0x74, 0x02, 0x20, 0x74, 0x02, 0x20, 0x76, 0x03, 0x21, 0x77, 0x03, 0x21, 0x77, 0x02, 0x20, 0x77, 0x02, 0x20, 0x77, 
        0x02, 0x20, 0x78, 0x03, 0x22, 0x78, 0x03, 0x22, 0x7A, 0x03, 0x22, 0x7B, 0x03, 0x23, 0x7C, 0x03, 0x23, 0x7E, 0x03, 0x24, 0x7F, 0x03, 0x25, 0x81, 0x03, 0x26, 0x82, 0x04, 0x28, 0x86, 0x04, 0x2A, 0x89, 0x04, 0x2A, 0x89, 0x04, 0x29, 0x88, 
        0x04, 0x28, 0x86, 0x04, 0x29, 0x88, 0x05, 0x2B, 0x8B, 0x05, 0x2B, 0x8C, 0x05, 0x2B, 0x8A, 0x04, 0x2A, 0x89, 0x04, 0x2A, 0x89, 0x04, 0x2A, 0x89, 0x04, 0x2A, 0x89, 0x04, 0x2A, 0x8A, 0x04, 0x2B, 0x8A, 0x05, 0x2B, 0x8B, 0x05, 0x2B, 0x8B, 
        0x05, 0x2B, 0x8B, 0x05, 0x2C, 0x8D, 0x05, 0x2C, 0x8D, 0x05, 0x2C, 0x8E, 0x06, 0x2C, 0x8E, 0x06, 0x2C, 0x8E, 0x06, 0x2C, 0x8E, 0x06, 0x2C, 0x8E, 0x06, 0x2D, 0x8F, 0x06, 0x2C, 0x8F, 0x06, 0x2D, 0x90, 0x06, 0x2D, 0x92, 0xB5, 0xC0, 0xDF, 
        0x63, 0x7B, 0xBB, 0x07, 0x30, 0x93, 0x07, 0x30, 0x93, 0x59, 0x74, 0xB7, 0xB5, 0xC1, 0xDF, 0x07, 0x30, 0x93, 0x07, 0x31, 0x94, 0x07, 0x31, 0x94, 0xB5, 0xC2, 0xDF, 0x63, 0x7E, 0xBC, 0x07, 0x32, 0x95, 0x07, 0x30, 0x94, 0x59, 0x74, 0xB7, 
        0xB5, 0xC1, 0xDF, 0x07, 0x30, 0x95, 0x07, 0x31, 0x95, 0x09, 0x32, 0x97, 0xB6, 0xC2, 0xE0, 0x65, 0x80, 0xC0, 0x0A, 0x36, 0x9D, 0x0A, 0x38, 0x9E, 0x5B, 0x7B, 0xBF, 0xB7, 0xC5, 0xE3, 0x0C, 0x3D, 0xA3, 0x0C, 0x3D, 0xA4, 0x0C, 0x3D, 0xA4, 
        0x0C, 0x3D, 0xA3, 0x0C, 0x3D, 0xA4, 0x0D, 0x3D, 0xA4, 0x0E, 0x3E, 0xA4, 0x0E, 0x3F, 0xA5, 0x0E, 0x3F, 0xA6, 0x0E, 0x40, 0xA6, 0x0E, 0x40, 0xA6, 0x0E, 0x40, 0xA6, 0x0E, 0x41, 0xA6, 0x0F, 0x41, 0xA7, 0x0F, 0x42, 0xA7, 0x10, 0x43, 0xA9, 
        0x10, 0x43, 0xAA, 0x10, 0x43, 0xAA, 0x10, 0x43, 0xAA, 0x10, 0x42, 0xA8, 0x10, 0x43, 0xA8, 0x10, 0x43, 0xA8, 0x10, 0x43, 0xA7, 0x10, 0x42, 0xA7, 0x10, 0x42, 0xA6, 0x10, 0x42, 0xA6, 0x10, 0x41, 0xA5, 0x10, 0x41, 0xA5, 0x10, 0x42, 0xA6, 
        0x10, 0x42, 0xA7, 0x10, 0x42, 0xA8, 0x11, 0x44, 0xA8, 0x11, 0x44, 0xA8, 0x11, 0x42, 0xA8, 0x11, 0x42, 0xA8, 0x12, 0x42, 0xA8, 0x12, 0x43, 0xA8, 0x11, 0x43, 0xA7, 0x11, 0x43, 0xA8, 0x11, 0x41, 0xA6, 0x11, 0x42, 0xA6, 0x14, 0x4A, 0xAC, 
        0x16, 0x4E, 0xAE, 0x12, 0x43, 0xA7, 0x11, 0x43, 0xA7, 0x17, 0x54, 0xB2, 0x1E, 0x60, 0xBA, 0x16, 0x4F, 0xB1, 0x12, 0x43, 0xA8, 0x12, 0x43, 0xA6, 0x13, 0x43, 0xA6, 0x12, 0x40, 0xA4, 0x12, 0x3F, 0xA2, 0x11, 0x3F, 0xA2, 0x11, 0x40, 0xA3, 
        0x11, 0x3E, 0xA2, 0x0F, 0x3B, 0xA0, 0x0F, 0x3D, 0xA0, 0x11, 0x3E, 0xA2, 0x12, 0x3F, 0xA2, 0x12, 0x3F, 0xA3, 0x12, 0x3F, 0xA3, 0x13, 0x3F, 0xA3, 0x13, 0x41, 0xA4, 0x13, 0x41, 0xA4, 0x14, 0x43, 0xA5, 0x13, 0x41, 0xA4, 0x12, 0x3F, 0xA2, 
        0x13, 0x40, 0xA4, 0x14, 0x43, 0xA5, 0x15, 0x46, 0x9D,
  0x02, 0x1E, 0x6F, 0x01, 0x1C, 0x6D, 0x01, 0x1C, 0x6D, 0x01, 0x1C, 0x6E, 0x01, 0x1C, 0x6E, 0x01, 0x1C, 0x6F, 0x01, 0x1D, 0x6F, 0x02, 0x1D, 0x71, 0x02, 0x1D, 0x71, 0x02, 0x1D, 0x71, 0x02, 0x1D, 0x71, 0x02, 0x1D, 0x72, 0x02, 0x1D, 0x72, 0x02, 0x1F, 0x72, 
        0x02, 0x1F, 0x72, 0x02, 0x1F, 0x72, 0x02, 0x1F, 0x72, 0x02, 0x1F, 0x73, 0x02, 0x1F, 0x74, 0x02, 0x1F, 0x74, 0x02, 0x1F, 0x74, 0x02, 0x1F, 0x74, 0x02, 0x20, 0x76, 0x02, 0x20, 0x76, 0x02, 0x20, 0x77, 0x03, 0x21, 0x77, 0x02, 0x20, 0x78, 
        0x03, 0x22, 0x78, 0x03, 0x22, 0x7A, 0x03, 0x23, 0x7A, 0x03, 0x23, 0x7B, 0x03, 0x24, 0x7E, 0x03, 0x24, 0x81, 0x03, 0x25, 0x84, 0x03, 0x26, 0x85, 0x04, 0x29, 0x87, 0x04, 0x29, 0x88, 0x04, 0x29, 0x89, 0x04, 0x29, 0x89, 0x04, 0x29, 0x88, 
        0x04, 0x29, 0x88, 0x04, 0x29, 0x88, 0x04, 0x29, 0x89, 0x05, 0x2B, 0x89, 0x05, 0x2B, 0x8A, 0x05, 0x2B, 0x8A, 0x05, 0x2B, 0x8A, 0x05, 0x2B, 0x8A, 0x05, 0x2B, 0x8A, 0x05, 0x2B, 0x8A, 0x05, 0x2A, 0x8B, 0x05, 0x2B, 0x8B, 0x05, 0x2B, 0x8B, 
        0x05, 0x2C, 0x8D, 0x05, 0x2C, 0x8D, 0x05, 0x2C, 0x8D, 0x05, 0x2C, 0x8D, 0x05, 0x2B, 0x8C, 0x06, 0x2B, 0x8E, 0x06, 0x2C, 0x8E, 0x06, 0x2C, 0x8E, 0x06, 0x2C, 0x8F, 0x06, 0x2C, 0x8F, 0x06, 0x2D, 0x91, 0x06, 0x2D, 0x92, 0xB5, 0xC0, 0xDF, 
        0x63, 0x7C, 0xBB, 0x07, 0x2F, 0x93, 0x07, 0x30, 0x93, 0x07, 0x30, 0x93, 0x07, 0x30, 0x94, 0x07, 0x2F, 0x93, 0x07, 0x30, 0x94, 0x07, 0x30, 0x94, 0x07, 0x30, 0x94, 0x07, 0x31, 0x94, 0x07, 0x31, 0x94, 0x07, 0x31, 0x95, 0x07, 0x31, 0x95, 
        0x07, 0x30, 0x95, 0x07, 0x31, 0x95, 0x07, 0x31, 0x95, 0x09, 0x32, 0x97, 0x09, 0x32, 0x97, 0x09, 0x33, 0x9A, 0x0A, 0x37, 0x9D, 0x0B, 0x39, 0x9F, 0x5B, 0x7B, 0xC0, 0xB6, 0xC5, 0xE3, 0x0C, 0x3D, 0xA3, 0x0C, 0x3D, 0xA3, 0x0C, 0x3D, 0xA3, 
        0x0C, 0x3D, 0xA4, 0x0D, 0x3D, 0xA4, 0x0D, 0x3E, 0xA4, 0x0E, 0x3F, 0xA5, 0x0E, 0x3F, 0xA4, 0x0E, 0x3F, 0xA5, 0x0E, 0x40, 0xA6, 0x0E, 0x40, 0xA6, 0x0E, 0x3F, 0xA5, 0x0E, 0x40, 0xA6, 0x0F, 0x41, 0xA6, 0x10, 0x41, 0xA7, 0x10, 0x42, 0xA7, 
        0x10, 0x42, 0xA8, 0x10, 0x42, 0xA8, 0x10, 0x42, 0xA8, 0x0F, 0x41, 0xA8, 0x10, 0x41, 0xA7, 0x10, 0x42, 0xA7, 0x10, 0x43, 0xA7, 0x10, 0x43, 0xA5, 0x10, 0x42, 0xA5, 0x10, 0x42, 0xA5, 0x10, 0x41, 0xA5, 0x10, 0x40, 0xA5, 0x10, 0x41, 0xA6, 
        0x11, 0x42, 0xA7, 0x11, 0x44, 0xA8, 0x11, 0x44, 0xA9, 0x11, 0x42, 0xA8, 0x11, 0x42, 0xA7, 0x11, 0x42, 0xA7, 0x11, 0x42, 0xA7, 0x11, 0x42, 0xA6, 0x11, 0x43, 0xA6, 0x11, 0x42, 0xA6, 0x12, 0x43, 0xA7, 0x11, 0x42, 0xA4, 0x11, 0x3F, 0xA4, 
        0x12, 0x43, 0xA7, 0x12, 0x45, 0xA7, 0x12, 0x43, 0xA7, 0x13, 0x46, 0xA9, 0x14, 0x47, 0xAA, 0x12, 0x44, 0xA8, 0x12, 0x41, 0xA5, 0x12, 0x41, 0xA5, 0x12, 0x41, 0xA4, 0x11, 0x3E, 0xA2, 0x11, 0x3D, 0x9F, 0x11, 0x3E, 0xA1, 0x12, 0x41, 0xA2, 
        0x11, 0x3F, 0xA2, 0x11, 0x3F, 0xA2, 0x12, 0x40, 0xA3, 0x12, 0x41, 0xA3, 0x12, 0x40, 0xA2, 0x12, 0x3F, 0xA2, 0x12, 0x40, 0xA3, 0x12, 0x41, 0xA3, 0x13, 0x40, 0xA3, 0x14, 0x42, 0xA4, 0x14, 0x42, 0xA4, 0x13, 0x42, 0xA4, 0x14, 0x44, 0xA7, 
        0x1C, 0x57, 0xB3, 0x1C, 0x57, 0xB3, 0x15, 0x48, 0x9E,
  0x02, 0x1D, 0x6F, 0x01, 0x1C, 0x6D, 0x01, 0x1C, 0x6D, 0x01, 0x1C, 0x6E, 0x01, 0x1C, 0x6E, 0x01, 0x1C, 0x6E, 0x01, 0x1D, 0x6F, 0x02, 0x1D, 0x71, 0x02, 0x1D, 0x71, 0x02, 0x1D, 0x71, 0x02, 0x1D, 0x71, 0x02, 0x1D, 0x71, 0x02, 0x1D, 0x72, 0x02, 0x1F, 0x72, 
        0x02, 0x1F, 0x72, 0x02, 0x1F, 0x72, 0x02, 0x1F, 0x72, 0x02, 0x1F, 0x73, 0x02, 0x1F, 0x73, 0x02, 0x1F, 0x73, 0x02, 0x1F, 0x74, 0x02, 0x1F, 0x74, 0x02, 0x20, 0x74, 0x02, 0x20, 0x76, 0x02, 0x20, 0x76, 0x02, 0x20, 0x77, 0x03, 0x22, 0x7A, 
        0x03, 0x23, 0x7B, 0x03, 0x23, 0x7B, 0x03, 0x24, 0x7D, 0x03, 0x24, 0x7D, 0x03, 0x25, 0x7E, 0x03, 0x25, 0x84, 0x03, 0x26, 0x87, 0x04, 0x27, 0x87, 0x04, 0x28, 0x88, 0x04, 0x28, 0x87, 0x03, 0x26, 0x85, 0x03, 0x27, 0x86, 0x04, 0x29, 0x88, 
        0x04, 0x29, 0x88, 0x04, 0x29, 0x88, 0x04, 0x27, 0x85, 0x04, 0x28, 0x86, 0x04, 0x29, 0x86, 0x05, 0x2B, 0x8C, 0x05, 0x2B, 0x8C, 0x05, 0x2B, 0x8C, 0x05, 0x2B, 0x8C, 0x05, 0x2B, 0x8A, 0x05, 0x2B, 0x8A, 0x05, 0x2A, 0x8B, 0x05, 0x2B, 0x8B, 
        0x05, 0x2C, 0x8D, 0x05, 0x2C, 0x8D, 0x05, 0x2C, 0x8D, 0x05, 0x2C, 0x8D, 0x05, 0x2B, 0x8B, 0x06, 0x2B, 0x8E, 0x06, 0x2B, 0x8E, 0x06, 0x2C, 0x8F, 0x06, 0x2C, 0x8F, 0x06, 0x2D, 0x8F, 0x06, 0x2D, 0x91, 0x06, 0x2D, 0x91, 0xB5, 0xC0, 0xDF, 
        0x89, 0x9C, 0xCC, 0x59, 0x74, 0xB7, 0x59, 0x74, 0xB8, 0x59, 0x74, 0xB7, 0x59, 0x74, 0xB7, 0x59, 0x74, 0xB7, 0x59, 0x74, 0xB7, 0x59, 0x74, 0xB7, 0x59, 0x74, 0xB7, 0x59, 0x75, 0xB7, 0x59, 0x75, 0xB7, 0x5A, 0x76, 0xB9, 0x5A, 0x76, 0xB9, 
        0x59, 0x75, 0xB8, 0x59, 0x75, 0xB8, 0x59, 0x75, 0xB8, 0x59, 0x75, 0xB8, 0x59, 0x75, 0xB9, 0x5A, 0x76, 0xBB, 0x5B, 0x79, 0xBD, 0x5B, 0x7B, 0xBF, 0x85, 0x9D, 0xD0, 0xB7, 0xC5, 0xE3, 0x0C, 0x3D, 0xA2, 0x0C, 0x3D, 0xA2, 0x0C, 0x3D, 0xA2, 
        0x0C, 0x3D, 0xA4, 0x0C, 0x3D, 0xA4, 0x0D, 0x3E, 0xA4, 0x0E, 0x3F, 0xA5, 0x0E, 0x3E, 0xA4, 0x0E, 0x3E, 0xA4, 0x0E, 0x3F, 0xA5, 0x0E, 0x3F, 0xA6, 0x0E, 0x3E, 0xA5, 0x0E, 0x3F, 0xA6, 0x0F, 0x40, 0xA6, 0x0F, 0x40, 0xA6, 0x10, 0x42, 0xA7, 
        0x10, 0x42, 0xA8, 0x10, 0x42, 0xA8, 0x10, 0x42, 0xA8, 0x0F, 0x40, 0xA7, 0x0F, 0x41, 0xA7, 0x10, 0x41, 0xA6, 0x10, 0x43, 0xA5, 0x10, 0x43, 0xA5, 0x10, 0x42, 0xA5, 0x10, 0x42, 0xA5, 0x10, 0x40, 0xA5, 0x10, 0x3E, 0xA4, 0x11, 0x41, 0xA6, 
        0x11, 0x41, 0xA7, 0x11, 0x44, 0xA8, 0x11, 0x44, 0xA8, 0x11, 0x42, 0xA8, 0x11, 0x42, 0xA6, 0x11, 0x42, 0xA6, 0x11, 0x42, 0xA6, 0x11, 0x42, 0xA6, 0x11, 0x42, 0xA6, 0x11, 0x42, 0xA5, 0x11, 0x42, 0xA5, 0x12, 0x42, 0xA4, 0x12, 0x42, 0xA4, 
        0x12, 0x43, 0xA6, 0x12, 0x42, 0xA6, 0x11, 0x42, 0xA4, 0x12, 0x42, 0xA4, 0x11, 0x40, 0xA4, 0x11, 0x41, 0xA4, 0x11, 0x40, 0xA5, 0x11, 0x40, 0xA4, 0x11, 0x40, 0xA2, 0x11, 0x3F, 0xA1, 0x12, 0x3D, 0xA1, 0x12, 0x40, 0xA4, 0x12, 0x40, 0xA2, 
        0x11, 0x3E, 0xA1, 0x11, 0x3F, 0xA2, 0x12, 0x40, 0xA3, 0x12, 0x41, 0xA3, 0x13, 0x41, 0xA3, 0x12, 0x40, 0xA2, 0x12, 0x40, 0xA2, 0x12, 0x41, 0xA3, 0x13, 0x42, 0xA4, 0x14, 0x42, 0xA4, 0x14, 0x42, 0xA4, 0x13, 0x40, 0xA3, 0x15, 0x46, 0xA8, 
        0x27, 0x66, 0xBC, 0x24, 0x63, 0xBA, 0x15, 0x48, 0x9E,
  0x02, 0x1C, 0x6F, 0x01, 0x1B, 0x6D, 0x01, 0x1B, 0x6D, 0x01, 0x1C, 0x6E, 0x01, 0x1D, 0x6E, 0x01, 0x1D, 0x6E, 0x01, 0x1C, 0x6E, 0x01, 0x1C, 0x6F, 0x01, 0x1C, 0x6F, 0x01, 0x1D, 0x6F, 0x02, 0x1D, 0x71, 0x02, 0x1D, 0x71, 0x02, 0x1D, 0x71, 0x02, 0x1F, 0x72, 
        0x02, 0x1F, 0x73, 0x02, 0x1F, 0x73, 0x02, 0x1F, 0x73, 0x02, 0x1F, 0x73, 0x02, 0x1F, 0x73, 0x02, 0x1F, 0x70, 0x02, 0x1E, 0x70, 0x02, 0x1F, 0x73, 0x02, 0x20, 0x74, 0x03, 0x21, 0x76, 0x03, 0x21, 0x77, 0x03, 0x21, 0x79, 0x03, 0x21, 0x7B, 
        0x03, 0x22, 0x7D, 0x03, 0x24, 0x7E, 0x03, 0x24, 0x80, 0x03, 0x24, 0x80, 0x03, 0x24, 0x80, 0x03, 0x26, 0x83, 0x04, 0x27, 0x85, 0x04, 0x27, 0x85, 0x04, 0x27, 0x85, 0x03, 0x27, 0x84, 0x03, 0x27, 0x84, 0x04, 0x29, 0x87, 0x04, 0x29, 0x88, 
        0x04, 0x29, 0x88, 0x04, 0x29, 0x88, 0x04, 0x29, 0x88, 0x04, 0x28, 0x86, 0x04, 0x28, 0x86, 0x05, 0x2A, 0x89, 0x05, 0x2B, 0x8C, 0x05, 0x2B, 0x8C, 0x05, 0x2B, 0x8C, 0x05, 0x2B, 0x8C, 0x05, 0x2B, 0x8C, 0x05, 0x2A, 0x8A, 0x05, 0x2A, 0x8D, 
        0x06, 0x2C, 0x8D, 0x06, 0x2C, 0x8D, 0x06, 0x2C, 0x8D, 0x05, 0x2B, 0x8B, 0x05, 0x2A, 0x8B, 0x06, 0x2B, 0x8B, 0x06, 0x2B, 0x8C, 0x06, 0x2C, 0x8E, 0x06, 0x2D, 0x8E, 0x06, 0x2D, 0x8E, 0x06, 0x2D, 0x8F, 0x07, 0x2D, 0x8F, 0xB5, 0xC1, 0xDE, 
        0xB5, 0xC1, 0xDF, 0xB5, 0xC1, 0xDF, 0xB5, 0xC1, 0xDF, 0xB5, 0xC1, 0xDF, 0xB5, 0xC2, 0xDF, 0xB5, 0xC1, 0xDF, 0xB5, 0xC1, 0xDF, 0xB5, 0xC1, 0xDF, 0xB5, 0xC1, 0xDF, 0xB5, 0xC2, 0xE0, 0xB5, 0xC2, 0xE0, 0xB5, 0xC2, 0xDF, 0xB6, 0xC2, 0xDF, 
        0xB6, 0xC2, 0xDF, 0xB6, 0xC2, 0xDF, 0xB6, 0xC2, 0xDF, 0xB6, 0xC2, 0xDF, 0xB6, 0xC2, 0xDF, 0xB6, 0xC2, 0xE0, 0xB6, 0xC3, 0xE1, 0xB6, 0xC4, 0xE2, 0xB6, 0xC4, 0xE3, 0xB6, 0xC5, 0xE3, 0x0C, 0x3B, 0xA1, 0x0C, 0x3B, 0xA1, 0x0C, 0x3D, 0xA1, 
        0x0C, 0x3D, 0xA1, 0x0C, 0x3D, 0xA3, 0x0D, 0x3D, 0xA4, 0x0E, 0x3F, 0xA4, 0x0F, 0x3E, 0xA5, 0x0F, 0x3E, 0xA5, 0x0F, 0x3E, 0xA5, 0x0F, 0x3E, 0xA5, 0x0F, 0x3F, 0xA6, 0x0F, 0x3F, 0xA6, 0x0F, 0x3F, 0xA6, 0x0F, 0x42, 0xA5, 0x0F, 0x41, 0xA5, 
        0x0F, 0x41, 0xA5, 0x0F, 0x41, 0xA5, 0x0F, 0x42, 0xA5, 0x10, 0x42, 0xA7, 0x10, 0x42, 0xA6, 0x10, 0x42, 0xA6, 0x10, 0x42, 0xA5, 0x10, 0x42, 0xA5, 0x10, 0x41, 0xA4, 0x10, 0x41, 0xA4, 0x0F, 0x40, 0xA4, 0x10, 0x40, 0xA4, 0x10, 0x42, 0xA5, 
        0x10, 0x41, 0xA5, 0x10, 0x42, 0xA5, 0x11, 0x45, 0xA7, 0x10, 0x42, 0xA5, 0x11, 0x42, 0xA6, 0x11, 0x45, 0xA8, 0x12, 0x45, 0xA9, 0x11, 0x44, 0xA7, 0x11, 0x42, 0xA6, 0x11, 0x41, 0xA5, 0x11, 0x42, 0xA5, 0x12, 0x42, 0xA6, 0x12, 0x42, 0xA7, 
        0x12, 0x42, 0xA6, 0x12, 0x42, 0xA6, 0x12, 0x42, 0xA6, 0x12, 0x42, 0xA6, 0x12, 0x42, 0xA4, 0x12, 0x42, 0xA4, 0x11, 0x41, 0xA3, 0x11, 0x40, 0xA4, 0x11, 0x40, 0xA2, 0x11, 0x40, 0xA2, 0x11, 0x3D, 0xA1, 0x12, 0x3D, 0x9F, 0x12, 0x3E, 0xA1, 
        0x12, 0x3E, 0xA1, 0x12, 0x40, 0xA1, 0x12, 0x3F, 0xA2, 0x12, 0x3F, 0xA2, 0x12, 0x40, 0xA2, 0x13, 0x41, 0xA3, 0x13, 0x41, 0xA3, 0x13, 0x41, 0xA3, 0x13, 0x42, 0xA4, 0x12, 0x40, 0xA3, 0x14, 0x42, 0xA3, 0x13, 0x40, 0xA1, 0x14, 0x42, 0xA3, 
        0x18, 0x4E, 0xAB, 0x18, 0x4C, 0xAA, 0x15, 0x46, 0x9C,
  0x02, 0x1C, 0x6E, 0x01, 0x1B, 0x6D, 0x01, 0x1C, 0x6D, 0x01, 0x1C, 0x6E, 0x01, 0x1C, 0x6E, 0x01, 0x1D, 0x6E, 0x01, 0x1C, 0x6E, 0x01, 0x1C, 0x6D, 0x01, 0x1C, 0x6F, 0x01, 0x1C, 0x6F, 0x01, 0x1D, 0x6F, 0x02, 0x1D, 0x71, 0x02, 0x1D, 0x71, 0x02, 0x1F, 0x71, 
        0x02, 0x1F, 0x72, 0x02, 0x1F, 0x72, 0x02, 0x1F, 0x73, 0x02, 0x1F, 0x73, 0x02, 0x1F, 0x73, 0x02, 0x1F, 0x72, 0x02, 0x1F, 0x70, 0x02, 0x1F, 0x74, 0x02, 0x20, 0x76, 0x02, 0x21, 0x77, 0x03, 0x21, 0x79, 0x03, 0x21, 0x79, 0x03, 0x22, 0x7C, 
        0x03, 0x23, 0x7E, 0x03, 0x23, 0x7E, 0x03, 0x24, 0x80, 0x03, 0x24, 0x80, 0x03, 0x25, 0x81, 0x03, 0x27, 0x83, 0x04, 0x27, 0x84, 0x04, 0x27, 0x85, 0x04, 0x27, 0x85, 0x04, 0x27, 0x85, 0x04, 0x29, 0x87, 0x04, 0x29, 0x87, 0x04, 0x29, 0x87, 
        0x04, 0x29, 0x88, 0x04, 0x29, 0x88, 0x04, 0x29, 0x88, 0x04, 0x28, 0x86, 0x04, 0x28, 0x86, 0x05, 0x29, 0x89, 0x05, 0x2A, 0x89, 0x05, 0x2B, 0x8C, 0x05, 0x2B, 0x8C, 0x05, 0x2B, 0x8C, 0x05, 0x2B, 0x8C, 0x06, 0x2B, 0x8C, 0x05, 0x2A, 0x8C, 
        0x05, 0x2A, 0x8D, 0x05, 0x2B, 0x8D, 0x05, 0x2B, 0x8D, 0x05, 0x2B, 0x8B, 0x05, 0x2B, 0x8B, 0x06, 0x2B, 0x8B, 0x06, 0x2C, 0x8B, 0x06, 0x2C, 0x8E, 0x06, 0x2C, 0x8E, 0x06, 0x2D, 0x8F, 0x06, 0x2D, 0x8F, 0x07, 0x2D, 0x8F, 0x07, 0x2F, 0x91, 
        0x07, 0x30, 0x92, 0x07, 0x30, 0x95, 0x07, 0x30, 0x93, 0x07, 0x30, 0x93, 0x07, 0x30, 0x93, 0x07, 0x30, 0x93, 0x07, 0x30, 0x93, 0x07, 0x30, 0x94, 0x07, 0x30, 0x94, 0x07, 0x31, 0x94, 0x08, 0x31, 0x96, 0x08, 0x31, 0x94, 0x08, 0x31, 0x94, 
        0x09, 0x32, 0x94, 0x09, 0x32, 0x95, 0x09, 0x32, 0x95, 0x09, 0x32, 0x95, 0x09, 0x32, 0x95, 0x09, 0x33, 0x97, 0x0A, 0x35, 0x99, 0x0A, 0x37, 0x9C, 0x0B, 0x3A, 0xA0, 0x0B, 0x3A, 0xA1, 0x0C, 0x3B, 0xA1, 0x0C, 0x3D, 0xA2, 0x0C, 0x3D, 0xA2, 
        0x0C, 0x3D, 0xA2, 0x0D, 0x3E, 0xA3, 0x0D, 0x3E, 0xA4, 0x0D, 0x3E, 0xA4, 0x0F, 0x3E, 0xA5, 0x0F, 0x3E, 0xA5, 0x0F, 0x3E, 0xA5, 0x0F, 0x3F, 0xA5, 0x0F, 0x3F, 0xA5, 0x0F, 0x3F, 0xA6, 0x0F, 0x3F, 0xA6, 0x0F, 0x41, 0xA5, 0x0F, 0x41, 0xA5, 
        0x0F, 0x41, 0xA5, 0x0F, 0x41, 0xA5, 0x0F, 0x42, 0xA5, 0x10, 0x42, 0xA6, 0x10, 0x42, 0xA6, 0x10, 0x42, 0xA6, 0x10, 0x42, 0xA5, 0x10, 0x42, 0xA5, 0x10, 0x41, 0xA4, 0x10, 0x41, 0xA4, 0x10, 0x41, 0xA4, 0x11, 0x43, 0xA5, 0x11, 0x43, 0xA6, 
        0x11, 0x43, 0xA5, 0x11, 0x43, 0xA5, 0x11, 0x43, 0xA6, 0x11, 0x45, 0xA7, 0x11, 0x44, 0xA5, 0x11, 0x45, 0xA8, 0x12, 0x45, 0xA8, 0x11, 0x44, 0xA6, 0x10, 0x42, 0xA5, 0x10, 0x41, 0xA5, 0x11, 0x42, 0xA5, 0x12, 0x43, 0xA5, 0x12, 0x42, 0xA5, 
        0x11, 0x41, 0xA6, 0x11, 0x41, 0xA6, 0x12, 0x42, 0xA6, 0x12, 0x42, 0xA6, 0x11, 0x41, 0xA4, 0x11, 0x3F, 0xA3, 0x11, 0x3F, 0xA3, 0x11, 0x40, 0xA3, 0x11, 0x40, 0xA2, 0x11, 0x40, 0xA2, 0x11, 0x40, 0xA2, 0x11, 0x3E, 0xA1, 0x12, 0x3D, 0xA1, 
        0x12, 0x3D, 0x9F, 0x12, 0x3E, 0xA1, 0x12, 0x41, 0xA2, 0x13, 0x41, 0xA3, 0x13, 0x41, 0xA3, 0x13, 0x41, 0xA5, 0x13, 0x41, 0xA5, 0x13, 0x41, 0xA5, 0x13, 0x41, 0xA3, 0x13, 0x42, 0xA4, 0x13, 0x41, 0xA1, 0x14, 0x41, 0xA1, 0x14, 0x3F, 0xA1, 
        0x14, 0x41, 0xA1, 0x14, 0x41, 0xA2, 0x15, 0x45, 0x9A,
  0x02, 0x1D, 0x6E, 0x01, 0x1C, 0x6C, 0x01, 0x1C, 0x6D, 0x01, 0x1C, 0x6E, 0x01, 0x1C, 0x6E, 0x01, 0x1C, 0x6E, 0x01, 0x1C, 0x6D, 0x01, 0x1B, 0x6D, 0x01, 0x1C, 0x6D, 0x01, 0x1C, 0x6E, 0x01, 0x1C, 0x6F, 0x01, 0x1D, 0x6F, 0x01, 0x1D, 0x6F, 0x02, 0x1D, 0x71, 
        0x02, 0x1D, 0x71, 0x02, 0x1D, 0x72, 0x02, 0x1F, 0x72, 0x02, 0x1F, 0x72, 0x02, 0x1F, 0x72, 0x02, 0x1F, 0x72, 0x02, 0x1F, 0x73, 0x02, 0x20, 0x75, 0x02, 0x21, 0x76, 0x03, 0x22, 0x79, 0x03, 0x22, 0x7A, 0x03, 0x23, 0x7D, 0x03, 0x23, 0x7F, 
        0x03, 0x23, 0x7F, 0x03, 0x23, 0x80, 0x03, 0x23, 0x80, 0x03, 0x25, 0x81, 0x03, 0x26, 0x83, 0x04, 0x27, 0x84, 0x04, 0x28, 0x86, 0x04, 0x28, 0x86, 0x04, 0x28, 0x87, 0x04, 0x28, 0x87, 0x04, 0x28, 0x87, 0x04, 0x29, 0x87, 0x04, 0x28, 0x85, 
        0x04, 0x28, 0x85, 0x04, 0x28, 0x86, 0x04, 0x28, 0x86, 0x04, 0x29, 0x88, 0x04, 0x29, 0x88, 0x05, 0x29, 0x88, 0x05, 0x29, 0x89, 0x05, 0x2A, 0x89, 0x05, 0x2B, 0x8C, 0x05, 0x2B, 0x8C, 0x05, 0x2B, 0x8D, 0x06, 0x2B, 0x8D, 0x06, 0x2B, 0x8C, 
        0x05, 0x2A, 0x8C, 0x05, 0x2A, 0x8B, 0x05, 0x2B, 0x8D, 0x05, 0x2B, 0x8D, 0x06, 0x2C, 0x8D, 0x06, 0x2C, 0x8B, 0x06, 0x2C, 0x8B, 0x06, 0x2C, 0x8D, 0x06, 0x2D, 0x8F, 0x06, 0x2D, 0x8F, 0x06, 0x2F, 0x8F, 0x07, 0x2D, 0x8F, 0x07, 0x2F, 0x91, 
        0x07, 0x2F, 0x91, 0x07, 0x30, 0x92, 0x07, 0x30, 0x93, 0x07, 0x30, 0x93, 0x07, 0x30, 0x93, 0x07, 0x2F, 0x93, 0x07, 0x2F, 0x92, 0x07, 0x2F, 0x92, 0x07, 0x30, 0x94, 0x07, 0x31, 0x94, 0x07, 0x31, 0x94, 0x08, 0x31, 0x94, 0x08, 0x31, 0x94, 
        0x08, 0x31, 0x94, 0x09, 0x32, 0x94, 0x09, 0x32, 0x95, 0x09, 0x32, 0x95, 0x09, 0x32, 0x94, 0x09, 0x32, 0x95, 0x0A, 0x35, 0x99, 0x0A, 0x37, 0x9A, 0x0B, 0x39, 0x9D, 0x0C, 0x3B, 0xA1, 0x0C, 0x3D, 0xA1, 0x0D, 0x3E, 0xA3, 0x0D, 0x3E, 0xA3, 
        0x0D, 0x3E, 0xA3, 0x0D, 0x3E, 0xA3, 0x0D, 0x3E, 0xA4, 0x0D, 0x3E, 0xA5, 0x0E, 0x3E, 0xA4, 0x0F, 0x3F, 0xA4, 0x0F, 0x3F, 0xA4, 0x0F, 0x3F, 0xA5, 0x0F, 0x3F, 0xA5, 0x0F, 0x3F, 0xA5, 0x0F, 0x40, 0xA6, 0x0F, 0x3F, 0xA5, 0x0F, 0x3F, 0xA4, 
        0x0F, 0x40, 0xA4, 0x0F, 0x41, 0xA5, 0x0F, 0x41, 0xA5, 0x10, 0x42, 0xA5, 0x10, 0x42, 0xA5, 0x10, 0x42, 0xA5, 0x10, 0x41, 0xA5, 0x0F, 0x40, 0xA5, 0x10, 0x40, 0xA5, 0x10, 0x41, 0xA4, 0x10, 0x41, 0xA4, 0x10, 0x41, 0xA4, 0x11, 0x43, 0xA5, 
        0x11, 0x42, 0xA5, 0x11, 0x42, 0xA5, 0x11, 0x43, 0xA5, 0x12, 0x44, 0xA8, 0x12, 0x45, 0xA7, 0x12, 0x44, 0xA7, 0x11, 0x44, 0xA7, 0x11, 0x42, 0xA6, 0x11, 0x41, 0xA5, 0x10, 0x41, 0xA5, 0x11, 0x41, 0xA5, 0x12, 0x42, 0xA5, 0x12, 0x42, 0xA3, 
        0x11, 0x41, 0xA3, 0x11, 0x3F, 0xA4, 0x11, 0x3F, 0xA4, 0x11, 0x3F, 0xA3, 0x11, 0x3F, 0xA1, 0x11, 0x3F, 0xA1, 0x11, 0x3F, 0xA1, 0x11, 0x3F, 0xA1, 0x11, 0x40, 0xA1, 0x11, 0x40, 0xA2, 0x11, 0x40, 0xA2, 0x12, 0x3F, 0xA1, 0x12, 0x40, 0xA2, 
        0x12, 0x40, 0xA2, 0x13, 0x40, 0xA2, 0x12, 0x40, 0xA2, 0x13, 0x41, 0xA2, 0x13, 0x41, 0xA3, 0x13, 0x41, 0xA3, 0x13, 0x41, 0xA3, 0x13, 0x41, 0xA3, 0x13, 0x41, 0xA3, 0x13, 0x42, 0xA3, 0x14, 0x43, 0xA4, 0x14, 0x43, 0xA4, 0x14, 0x41, 0xA1, 
        0x15, 0x42, 0xA3, 0x15, 0x43, 0xA4, 0x15, 0x46, 0x9C,
  0x02, 0x1D, 0x6E, 0x01, 0x1C, 0x6C, 0x01, 0x1C, 0x6C, 0x01, 0x1C, 0x6E, 0x01, 0x1C, 0x6E, 0x01, 0x1C, 0x6E, 0x01, 0x1C, 0x6D, 0x01, 0x1B, 0x6D, 0x01, 0x1C, 0x6D, 0x01, 0x1C, 0x6D, 0x01, 0x1C, 0x6F, 0x01, 0x1D, 0x6F, 0x01, 0x1D, 0x6F, 0x02, 0x1D, 0x71, 
        0x02, 0x1D, 0x71, 0x02, 0x1D, 0x71, 0x02, 0x1F, 0x72, 0x02, 0x1F, 0x72, 0x02, 0x1F, 0x72, 0x02, 0x1F, 0x73, 0x02, 0x1F, 0x73, 0x02, 0x20, 0x75, 0x03, 0x22, 0x79, 0x03, 0x23, 0x7D, 0x03, 0x24, 0x80, 0x03, 0x24, 0x80, 0x03, 0x24, 0x80, 
        0x03, 0x24, 0x7F, 0x03, 0x23, 0x7F, 0x03, 0x24, 0x80, 0x03, 0x24, 0x81, 0x04, 0x27, 0x84, 0x04, 0x28, 0x86, 0x04, 0x27, 0x84, 0x04, 0x27, 0x84, 0x04, 0x28, 0x86, 0x04, 0x28, 0x87, 0x04, 0x28, 0x87, 0x04, 0x27, 0x85, 0x04, 0x28, 0x85, 
        0x04, 0x28, 0x85, 0x04, 0x28, 0x85, 0x04, 0x29, 0x88, 0x04, 0x29, 0x88, 0x04, 0x29, 0x88, 0x05, 0x29, 0x88, 0x05, 0x29, 0x89, 0x05, 0x29, 0x89, 0x05, 0x2B, 0x8B, 0x05, 0x2B, 0x8C, 0x05, 0x2B, 0x8D, 0x06, 0x2B, 0x8D, 0x06, 0x2B, 0x8D, 
        0x06, 0x2B, 0x8C, 0x05, 0x2A, 0x8A, 0x05, 0x2A, 0x8B, 0x05, 0x2B, 0x8D, 0x06, 0x2C, 0x8D, 0x06, 0x2C, 0x8D, 0x06, 0x2C, 0x8D, 0x06, 0x2C, 0x8D, 0x06, 0x2D, 0x8E, 0x06, 0x2E, 0x8F, 0x07, 0x2E, 0x91, 0x07, 0x2D, 0x8F, 0x07, 0x2F, 0x91, 
        0x07, 0x2F, 0x91, 0x07, 0x30, 0x92, 0x07, 0x30, 0x92, 0x07, 0x30, 0x93, 0x07, 0x30, 0x93, 0x07, 0x2F, 0x93, 0x07, 0x2F, 0x92, 0x07, 0x2F, 0x92, 0x07, 0x2F, 0x92, 0x07, 0x31, 0x94, 0x07, 0x31, 0x94, 0x08, 0x31, 0x94, 0x08, 0x31, 0x94, 
        0x08, 0x31, 0x94, 0x08, 0x31, 0x94, 0x09, 0x32, 0x94, 0x09, 0x32, 0x95, 0x09, 0x32, 0x94, 0x09, 0x32, 0x94, 0x0A, 0x33, 0x97, 0x0B, 0x35, 0x9A, 0x0B, 0x37, 0x9C, 0x0C, 0x39, 0x9F, 0x0D, 0x3D, 0xA2, 0x0D, 0x40, 0xA4, 0x0D, 0x40, 0xA4, 
        0x0D, 0x3E, 0xA4, 0x0D, 0x3E, 0xA4, 0x0E, 0x3E, 0xA4, 0x0E, 0x3D, 0xA4, 0x0E, 0x3E, 0xA4, 0x0E, 0x3E, 0xA4, 0x0F, 0x3F, 0xA4, 0x0F, 0x3F, 0xA4, 0x0F, 0x40, 0xA5, 0x0F, 0x40, 0xA5, 0x0F, 0x40, 0xA5, 0x0F, 0x3F, 0xA5, 0x0F, 0x3F, 0xA4, 
        0x0F, 0x3F, 0xA4, 0x0F, 0x40, 0xA4, 0x0F, 0x40, 0xA5, 0x10, 0x41, 0xA5, 0x10, 0x41, 0xA5, 0x10, 0x41, 0xA5, 0x10, 0x41, 0xA5, 0x10, 0x41, 0xA5, 0x10, 0x41, 0xA5, 0x10, 0x40, 0xA5, 0x11, 0x42, 0xA5, 0x12, 0x44, 0xA7, 0x12, 0x44, 0xA6, 
        0x11, 0x42, 0xA5, 0x11, 0x41, 0xA5, 0x11, 0x42, 0xA5, 0x11, 0x42, 0xA5, 0x12, 0x44, 0xA8, 0x12, 0x44, 0xA7, 0x11, 0x42, 0xA5, 0x11, 0x41, 0xA6, 0x11, 0x41, 0xA6, 0x11, 0x41, 0xA6, 0x11, 0x41, 0xA5, 0x11, 0x41, 0xA3, 0x12, 0x40, 0xA3, 
        0x11, 0x3F, 0xA2, 0x11, 0x3F, 0xA0, 0x11, 0x3E, 0xA1, 0x11, 0x3E, 0xA1, 0x11, 0x3E, 0xA1, 0x11, 0x3E, 0xA1, 0x11, 0x3F, 0xA1, 0x11, 0x3F, 0xA1, 0x11, 0x3F, 0xA1, 0x11, 0x40, 0xA1, 0x11, 0x3F, 0xA1, 0x12, 0x3F, 0xA1, 0x12, 0x40, 0xA2, 
        0x12, 0x41, 0xA4, 0x13, 0x40, 0xA2, 0x13, 0x40, 0xA2, 0x13, 0x40, 0xA1, 0x13, 0x41, 0xA1, 0x13, 0x40, 0xA2, 0x13, 0x40, 0xA2, 0x13, 0x41, 0xA2, 0x13, 0x41, 0xA2, 0x13, 0x41, 0xA3, 0x13, 0x3F, 0xA0, 0x14, 0x42, 0xA3, 0x14, 0x42, 0xA3, 
        0x15, 0x42, 0xA4, 0x17, 0x45, 0xA6, 0x16, 0x46, 0x9C,
  0x02, 0x1D, 0x6E, 0x01, 0x1C, 0x6C, 0x01, 0x1C, 0x6C, 0x01, 0x1C, 0x6D, 0x01, 0x1C, 0x6E, 0x01, 0x1C, 0x6E, 0x01, 0x1C, 0x6D, 0x01, 0x1C, 0x6D, 0x01, 0x1C, 0x6D, 0x01, 0x1C, 0x6E, 0x01, 0x1D, 0x6E, 0x01, 0x1D, 0x6F, 0x01, 0x1D, 0x6F, 0x02, 0x1D, 0x71, 
        0x02, 0x1E, 0x71, 0x02, 0x1F, 0x71, 0x02, 0x1F, 0x71, 0x02, 0x1F, 0x72, 0x02, 0x1F, 0x73, 0x02, 0x1F, 0x73, 0x02, 0x20, 0x76, 0x03, 0x21, 0x78, 0x03, 0x22, 0x7C, 0x03, 0x24, 0x7F, 0x03, 0x24, 0x82, 0x03, 0x26, 0x82, 0x03, 0x24, 0x7F, 
        0x03, 0x24, 0x7F, 0x03, 0x24, 0x7F, 0x03, 0x24, 0x7F, 0x03, 0x26, 0x83, 0x04, 0x27, 0x84, 0x04, 0x28, 0x86, 0x04, 0x27, 0x84, 0x04, 0x27, 0x84, 0x04, 0x28, 0x86, 0x04, 0x28, 0x86, 0x04, 0x28, 0x87, 0x04, 0x27, 0x85, 0x04, 0x27, 0x85, 
        0x04, 0x28, 0x85, 0x04, 0x29, 0x87, 0x04, 0x29, 0x87, 0x04, 0x29, 0x88, 0x04, 0x29, 0x88, 0x04, 0x29, 0x89, 0x05, 0x29, 0x89, 0x05, 0x29, 0x89, 0x05, 0x2A, 0x8B, 0x05, 0x2B, 0x8B, 0x05, 0x2B, 0x8C, 0x06, 0x2B, 0x8D, 0x06, 0x2B, 0x8D, 
        0x06, 0x2B, 0x8C, 0x06, 0x2B, 0x8C, 0x05, 0x2A, 0x8C, 0x05, 0x2A, 0x8D, 0x06, 0x2C, 0x8D, 0x06, 0x2C, 0x8D, 0x06, 0x2C, 0x8D, 0x06, 0x2D, 0x8E, 0x06, 0x2E, 0x8E, 0x06, 0x2E, 0x8E, 0x07, 0x2E, 0x91, 0x07, 0x2D, 0x8F, 0x07, 0x2F, 0x91, 
        0x07, 0x2F, 0x91, 0x07, 0x2F, 0x91, 0x07, 0x30, 0x92, 0x07, 0x30, 0x92, 0x07, 0x30, 0x93, 0x07, 0x2F, 0x92, 0x07, 0x2F, 0x92, 0x07, 0x2F, 0x92, 0x07, 0x2F, 0x92, 0x07, 0x30, 0x93, 0x07, 0x31, 0x94, 0x08, 0x31, 0x94, 0x08, 0x31, 0x94, 
        0x08, 0x31, 0x94, 0x08, 0x31, 0x94, 0x08, 0x31, 0x94, 0x09, 0x32, 0x94, 0x09, 0x32, 0x94, 0x09, 0x32, 0x92, 0x0A, 0x33, 0x95, 0x0A, 0x35, 0x99, 0x0B, 0x37, 0x9C, 0x0C, 0x39, 0x9E, 0x0D, 0x3C, 0xA0, 0x0D, 0x3E, 0xA3, 0x0D, 0x3E, 0xA3, 
        0x0D, 0x3E, 0xA4, 0x0E, 0x3E, 0xA4, 0x0E, 0x3E, 0xA4, 0x0E, 0x3E, 0xA4, 0x0E, 0x3E, 0xA3, 0x0E, 0x3E, 0xA2, 0x0E, 0x3E, 0xA3, 0x0F, 0x40, 0xA4, 0x0F, 0x40, 0xA4, 0x0F, 0x40, 0xA4, 0x0F, 0x40, 0xA4, 0x10, 0x3F, 0xA4, 0x0F, 0x3F, 0xA4, 
        0x0F, 0x3F, 0xA4, 0x0F, 0x3F, 0xA4, 0x10, 0x40, 0xA5, 0x10, 0x41, 0xA5, 0x10, 0x41, 0xA5, 0x10, 0x41, 0xA5, 0x10, 0x41, 0xA5, 0x10, 0x41, 0xA5, 0x10, 0x41, 0xA5, 0x10, 0x41, 0xA6, 0x10, 0x40, 0xA5, 0x12, 0x43, 0xA5, 0x12, 0x43, 0xA7, 
        0x11, 0x43, 0xA5, 0x14, 0x49, 0xAB, 0x16, 0x4F, 0xAE, 0x13, 0x46, 0xA9, 0x12, 0x43, 0xA7, 0x12, 0x41, 0xA5, 0x11, 0x41, 0xA5, 0x11, 0x42, 0xA5, 0x11, 0x42, 0xA6, 0x11, 0x42, 0xA6, 0x11, 0x41, 0xA5, 0x11, 0x40, 0xA3, 0x11, 0x3F, 0xA2, 
        0x11, 0x3E, 0xA2, 0x11, 0x3D, 0xA0, 0x11, 0x3D, 0xA0, 0x11, 0x3D, 0xA1, 0x11, 0x3E, 0xA0, 0x11, 0x3E, 0xA0, 0x11, 0x3E, 0xA0, 0x11, 0x3E, 0xA0, 0x11, 0x3E, 0xA0, 0x11, 0x3E, 0xA1, 0x12, 0x40, 0xA1, 0x12, 0x40, 0xA2, 0x12, 0x40, 0xA2, 
        0x12, 0x3F, 0xA1, 0x12, 0x40, 0xA2, 0x13, 0x40, 0xA4, 0x13, 0x40, 0xA2, 0x13, 0x3F, 0x9F, 0x13, 0x41, 0xA1, 0x13, 0x41, 0xA2, 0x13, 0x41, 0xA2, 0x13, 0x41, 0xA2, 0x13, 0x41, 0xA2, 0x16, 0x44, 0xA5, 0x1A, 0x4C, 0xAA, 0x17, 0x49, 0xA9, 
        0x14, 0x41, 0xA3, 0x15, 0x42, 0xA3, 0x16, 0x46, 0x9D,
  0x02, 0x1D, 0x6F, 0x01, 0x1C, 0x6D, 0x01, 0x1C, 0x6D, 0x01, 0x1C, 0x6C, 0x01, 0x1C, 0x6C, 0x01, 0x1C, 0x6D, 0x01, 0x1C, 0x6D, 0x01, 0x1C, 0x6E, 0x01, 0x1C, 0x6E, 0x01, 0x1D, 0x6E, 0x01, 0x1D, 0x6E, 0x02, 0x1D, 0x70, 0x02, 0x1D, 0x71, 0x02, 0x1E, 0x71, 
        0x02, 0x1E, 0x71, 0x02, 0x1E, 0x71, 0x02, 0x1F, 0x72, 0x02, 0x1F, 0x71, 0x02, 0x1F, 0x72, 0x02, 0x1F, 0x75, 0x03, 0x21, 0x78, 0x03, 0x22, 0x7B, 0x03, 0x24, 0x7F, 0x03, 0x24, 0x81, 0x03, 0x24, 0x81, 0x03, 0x24, 0x80, 0x03, 0x23, 0x7D, 
        0x03, 0x23, 0x7F, 0x03, 0x24, 0x7F, 0x03, 0x24, 0x80, 0x03, 0x26, 0x82, 0x04, 0x27, 0x84, 0x04, 0x27, 0x86, 0x04, 0x27, 0x84, 0x03, 0x27, 0x83, 0x04, 0x28, 0x86, 0x04, 0x28, 0x86, 0x04, 0x28, 0x86, 0x04, 0x27, 0x85, 0x04, 0x27, 0x85, 
        0x04, 0x28, 0x87, 0x04, 0x29, 0x87, 0x04, 0x29, 0x87, 0x04, 0x2A, 0x88, 0x04, 0x2A, 0x89, 0x05, 0x29, 0x89, 0x05, 0x2A, 0x89, 0x05, 0x2A, 0x8B, 0x05, 0x2A, 0x8B, 0x05, 0x2A, 0x8B, 0x05, 0x2B, 0x8B, 0x05, 0x2B, 0x8C, 0x06, 0x2B, 0x8C, 
        0x06, 0x2B, 0x8D, 0x06, 0x2B, 0x8D, 0x06, 0x2B, 0x8D, 0x05, 0x2A, 0x8C, 0x05, 0x2A, 0x8D, 0x06, 0x2C, 0x8D, 0x06, 0x2C, 0x8E, 0x06, 0x2D, 0x8E, 0x06, 0x2E, 0x8E, 0x07, 0x2E, 0x90, 0x07, 0x2F, 0x91, 0x07, 0x2E, 0x91, 0x07, 0x2E, 0x91, 
        0x07, 0x2F, 0x91, 0x07, 0x2F, 0x91, 0x07, 0x2F, 0x91, 0x07, 0x30, 0x92, 0x07, 0x2F, 0x92, 0x07, 0x2F, 0x92, 0x07, 0x2F, 0x92, 0x07, 0x2F, 0x93, 0x07, 0x2F, 0x93, 0x07, 0x30, 0x93, 0x07, 0x31, 0x95, 0x08, 0x31, 0x94, 0x08, 0x31, 0x94, 
        0x08, 0x31, 0x94, 0x08, 0x31, 0x94, 0x08, 0x31, 0x94, 0x08, 0x31, 0x94, 0x09, 0x31, 0x93, 0x09, 0x30, 0x92, 0x0A, 0x32, 0x94, 0x0A, 0x35, 0x97, 0x0B, 0x37, 0x9C, 0x0C, 0x3A, 0x9F, 0x0D, 0x3C, 0xA0, 0x0D, 0x3C, 0xA2, 0x0D, 0x3D, 0xA3, 
        0x0D, 0x3D, 0xA4, 0x0E, 0x3D, 0xA4, 0x0E, 0x3E, 0xA4, 0x0E, 0x3E, 0xA5, 0x0E, 0x3E, 0xA3, 0x0E, 0x3E, 0xA1, 0x0E, 0x3E, 0xA3, 0x0E, 0x40, 0xA4, 0x0F, 0x40, 0xA4, 0x0F, 0x41, 0xA4, 0x0F, 0x40, 0xA4, 0x0F, 0x3F, 0xA3, 0x0F, 0x3F, 0xA3, 
        0x0F, 0x3F, 0xA4, 0x0F, 0x3F, 0xA4, 0x10, 0x3F, 0xA4, 0x10, 0x41, 0xA5, 0x10, 0x40, 0xA5, 0x10, 0x40, 0xA5, 0x10, 0x40, 0xA5, 0x10, 0x41, 0xA5, 0x10, 0x41, 0xA7, 0x10, 0x42, 0xA7, 0x10, 0x3F, 0xA4, 0x12, 0x40, 0xA5, 0x12, 0x43, 0xA6, 
        0x11, 0x40, 0xA4, 0x18, 0x50, 0xAF, 0x1B, 0x5A, 0xB6, 0x14, 0x46, 0xA9, 0x12, 0x41, 0xA5, 0x11, 0x41, 0xA5, 0x11, 0x40, 0xA5, 0x12, 0x42, 0xA6, 0x12, 0x42, 0xA6, 0x12, 0x42, 0xA7, 0x11, 0x41, 0xA5, 0x11, 0x40, 0xA3, 0x11, 0x3F, 0xA2, 
        0x11, 0x3E, 0xA0, 0x11, 0x3D, 0xA0, 0x11, 0x3E, 0xA0, 0x11, 0x3E, 0xA0, 0x12, 0x3E, 0xA0, 0x12, 0x3F, 0xA1, 0x12, 0x3F, 0xA1, 0x11, 0x3E, 0xA0, 0x11, 0x3C, 0xA0, 0x11, 0x3D, 0xA0, 0x12, 0x3F, 0xA1, 0x12, 0x3F, 0xA1, 0x12, 0x3F, 0xA2, 
        0x12, 0x3F, 0xA2, 0x12, 0x3F, 0xA2, 0x12, 0x40, 0xA2, 0x13, 0x40, 0xA2, 0x13, 0x40, 0x9F, 0x14, 0x40, 0xA1, 0x14, 0x42, 0xA2, 0x15, 0x44, 0xA3, 0x14, 0x44, 0xA3, 0x14, 0x41, 0xA2, 0x17, 0x48, 0xA8, 0x1D, 0x55, 0xB0, 0x1A, 0x4C, 0xAB, 
        0x14, 0x42, 0xA3, 0x14, 0x42, 0xA4, 0x16, 0x47, 0x9D,
  0x02, 0x1D, 0x6E, 0x01, 0x1C, 0x6C, 0x01, 0x1C, 0x6C, 0x01, 0x1C, 0x6C, 0x01, 0x1C, 0x6C, 0x01, 0x1C, 0x6C, 0x01, 0x1C, 0x6E, 0x01, 0x1C, 0x6E, 0x01, 0x1C, 0x6D, 0x01, 0x1C, 0x6E, 0x02, 0x1D, 0x70, 0x02, 0x1E, 0x70, 0x02, 0x1E, 0x70, 0x02, 0x1E, 0x72, 
        0x02, 0x1F, 0x72, 0x02, 0x1F, 0x72, 0x02, 0x1F, 0x72, 0x02, 0x20, 0x74, 0x03, 0x20, 0x75, 0x03, 0x21, 0x79, 0x03, 0x22, 0x7B, 0x03, 0x23, 0x7E, 0x03, 0x24, 0x7F, 0x03, 0x23, 0x7F, 0x03, 0x22, 0x7E, 0x03, 0x23, 0x7E, 0x03, 0x23, 0x7D, 
        0x03, 0x23, 0x7F, 0x03, 0x24, 0x7F, 0x03, 0x24, 0x80, 0x04, 0x26, 0x83, 0x04, 0x27, 0x85, 0x04, 0x27, 0x84, 0x04, 0x26, 0x84, 0x04, 0x27, 0x84, 0x04, 0x27, 0x84, 0x04, 0x28, 0x86, 0x04, 0x27, 0x84, 0x04, 0x27, 0x84, 0x04, 0x28, 0x87, 
        0x04, 0x28, 0x87, 0x04, 0x28, 0x88, 0x04, 0x29, 0x88, 0x05, 0x2A, 0x88, 0x05, 0x29, 0x88, 0x05, 0x29, 0x8B, 0x05, 0x2A, 0x8B, 0x05, 0x29, 0x8B, 0x05, 0x29, 0x8B, 0x05, 0x29, 0x8B, 0x05, 0x29, 0x8B, 0x06, 0x2B, 0x8B, 0x06, 0x2B, 0x8C, 
        0x06, 0x2B, 0x8C, 0x06, 0x2B, 0x8C, 0x06, 0x2B, 0x8D, 0x06, 0x2B, 0x8C, 0x06, 0x2B, 0x8A, 0x06, 0x2B, 0x8B, 0x06, 0x2D, 0x8D, 0x07, 0x2D, 0x8D, 0x07, 0x2D, 0x8E, 0x07, 0x2E, 0x8E, 0x07, 0x2E, 0x8E, 0x07, 0x2D, 0x8E, 0x07, 0x2D, 0x8F, 
        0x07, 0x2D, 0x8F, 0x07, 0x2D, 0x8F, 0x07, 0x2F, 0x8F, 0x07, 0x2F, 0x91, 0x07, 0x30, 0x91, 0x07, 0x2F, 0x8F, 0x07, 0x2F, 0x92, 0x07, 0x2F, 0x90, 0x07, 0x2F, 0x90, 0x07, 0x2F, 0x90, 0x07, 0x30, 0x92, 0x08, 0x31, 0x92, 0x08, 0x31, 0x93, 
        0x08, 0x31, 0x94, 0x08, 0x31, 0x94, 0x08, 0x31, 0x93, 0x08, 0x31, 0x93, 0x09, 0x31, 0x94, 0x09, 0x32, 0x93, 0x09, 0x32, 0x94, 0x0A, 0x33, 0x97, 0x0B, 0x36, 0x99, 0x0C, 0x39, 0x9D, 0x0D, 0x3A, 0x9F, 0x0D, 0x3C, 0xA0, 0x0D, 0x3C, 0xA0, 
        0x0D, 0x3D, 0xA2, 0x0E, 0x3D, 0xA3, 0x0E, 0x3E, 0xA3, 0x0E, 0x3E, 0xA4, 0x0E, 0x3E, 0xA3, 0x0E, 0x40, 0xA2, 0x0E, 0x40, 0xA3, 0x0E, 0x40, 0xA4, 0x0E, 0x40, 0xA4, 0x0F, 0x40, 0xA4, 0x0F, 0x3F, 0xA4, 0x0F, 0x3F, 0xA4, 0x0F, 0x3F, 0xA3, 
        0x0F, 0x3F, 0xA3, 0x0F, 0x3F, 0xA4, 0x0F, 0x3F, 0xA5, 0x10, 0x41, 0xA6, 0x10, 0x41, 0xA5, 0x10, 0x40, 0xA3, 0x10, 0x3F, 0xA3, 0x10, 0x40, 0xA3, 0x10, 0x40, 0xA4, 0x10, 0x40, 0xA5, 0x10, 0x40, 0xA4, 0x12, 0x43, 0xA7, 0x12, 0x43, 0xA7, 
        0x11, 0x41, 0xA4, 0x14, 0x48, 0xAA, 0x15, 0x4C, 0xAB, 0x12, 0x43, 0xA6, 0x11, 0x40, 0xA4, 0x12, 0x41, 0xA4, 0x12, 0x41, 0xA5, 0x12, 0x41, 0xA5, 0x12, 0x42, 0xA5, 0x12, 0x42, 0xA5, 0x11, 0x40, 0xA3, 0x11, 0x3F, 0xA2, 0x11, 0x3F, 0xA2, 
        0x11, 0x3F, 0xA0, 0x10, 0x3E, 0xA0, 0x11, 0x3E, 0xA0, 0x11, 0x3F, 0xA0, 0x12, 0x41, 0xA2, 0x12, 0x3F, 0xA1, 0x11, 0x3C, 0xA0, 0x12, 0x3F, 0xA1, 0x13, 0x42, 0xA4, 0x12, 0x3F, 0xA3, 0x11, 0x3C, 0xA0, 0x12, 0x3E, 0xA0, 0x12, 0x40, 0xA1, 
        0x12, 0x40, 0xA2, 0x13, 0x40, 0xA2, 0x12, 0x40, 0xA2, 0x12, 0x40, 0xA1, 0x13, 0x40, 0xA1, 0x14, 0x41, 0xA2, 0x14, 0x43, 0xA2, 0x14, 0x44, 0xA2, 0x14, 0x44, 0xA3, 0x14, 0x44, 0xA3, 0x16, 0x42, 0xA3, 0x18, 0x48, 0xA8, 0x17, 0x47, 0xA6, 
        0x16, 0x42, 0xA3, 0x16, 0x45, 0xA6, 0x16, 0x47, 0x9D,
  0x02, 0x1D, 0x6D, 0x01, 0x1C, 0x6C, 0x01, 0x1C, 0x6C, 0x01, 0x1C, 0x6C, 0x01, 0x1C, 0x6C, 0x01, 0x1C, 0x6C, 0x01, 0x1C, 0x6C, 0x01, 0x1C, 0x6D, 0x01, 0x1C, 0x6E, 0x01, 0x1C, 0x6E, 0x02, 0x1E, 0x70, 0x02, 0x1E, 0x70, 0x02, 0x1F, 0x71, 0x02, 0x1E, 0x71, 
        0x02, 0x1F, 0x74, 0x02, 0x1F, 0x74, 0x02, 0x1F, 0x74, 0x02, 0x20, 0x77, 0x03, 0x22, 0x7A, 0x03, 0x21, 0x7A, 0x03, 0x22, 0x7C, 0x03, 0x22, 0x7E, 0x03, 0x24, 0x7F, 0x03, 0x23, 0x7E, 0x03, 0x22, 0x7E, 0x03, 0x22, 0x7C, 0x03, 0x23, 0x7E, 
        0x03, 0x23, 0x7F, 0x03, 0x24, 0x7F, 0x03, 0x24, 0x80, 0x04, 0x26, 0x83, 0x04, 0x27, 0x85, 0x04, 0x27, 0x83, 0x04, 0x27, 0x84, 0x04, 0x27, 0x84, 0x04, 0x27, 0x84, 0x04, 0x27, 0x84, 0x04, 0x27, 0x84, 0x04, 0x27, 0x84, 0x04, 0x28, 0x86, 
        0x04, 0x28, 0x88, 0x05, 0x28, 0x88, 0x05, 0x28, 0x88, 0x05, 0x29, 0x88, 0x05, 0x29, 0x88, 0x05, 0x29, 0x8A, 0x05, 0x29, 0x8B, 0x05, 0x29, 0x8B, 0x05, 0x29, 0x8B, 0x05, 0x29, 0x8B, 0x05, 0x29, 0x8B, 0x06, 0x29, 0x89, 0x06, 0x2B, 0x89, 
        0x06, 0x2B, 0x8A, 0x06, 0x2B, 0x8C, 0x06, 0x2B, 0x8C, 0x06, 0x2B, 0x8C, 0x06, 0x2B, 0x8A, 0x06, 0x2B, 0x8A, 0x07, 0x2B, 0x8D, 0x07, 0x2D, 0x8D, 0x07, 0x2D, 0x8D, 0x07, 0x2D, 0x8D, 0x07, 0x2C, 0x8B, 0x07, 0x2D, 0x8D, 0x07, 0x2D, 0x8D, 
        0x07, 0x2C, 0x8E, 0x07, 0x2C, 0x8E, 0x07, 0x2F, 0x8F, 0x07, 0x2F, 0x8F, 0x07, 0x30, 0x8F, 0x07, 0x2F, 0x8F, 0x07, 0x2F, 0x8E, 0x07, 0x2F, 0x8F, 0x07, 0x2F, 0x8F, 0x07, 0x2F, 0x8F, 0x07, 0x2F, 0x8F, 0x07, 0x30, 0x8F, 0x08, 0x31, 0x90, 
        0x08, 0x31, 0x93, 0x09, 0x32, 0x93, 0x08, 0x31, 0x93, 0x08, 0x31, 0x93, 0x09, 0x32, 0x94, 0x09, 0x32, 0x94, 0x09, 0x32, 0x94, 0x0A, 0x33, 0x95, 0x0B, 0x35, 0x99, 0x0C, 0x39, 0x9C, 0x0D, 0x3C, 0x9E, 0x0D, 0x3A, 0xA0, 0x0D, 0x3A, 0xA0, 
        0x0D, 0x3C, 0xA0, 0x0E, 0x3D, 0xA2, 0x0E, 0x3E, 0xA3, 0x0E, 0x3E, 0xA2, 0x0E, 0x40, 0xA3, 0x0E, 0x40, 0xA3, 0x0E, 0x3E, 0xA2, 0x0E, 0x40, 0xA3, 0x0E, 0x40, 0xA4, 0x0E, 0x3E, 0xA3, 0x0F, 0x3E, 0xA2, 0x0F, 0x3F, 0xA3, 0x0F, 0x3F, 0xA2, 
        0x0F, 0x3F, 0xA2, 0x0F, 0x3F, 0xA2, 0x10, 0x40, 0xA5, 0x10, 0x40, 0xA5, 0x0F, 0x3F, 0xA3, 0x10, 0x40, 0xA3, 0x10, 0x42, 0xA4, 0x10, 0x42, 0xA4, 0x0F, 0x40, 0xA3, 0x0F, 0x40, 0xA3, 0x11, 0x43, 0xA7, 0x11, 0x42, 0xA6, 0x11, 0x43, 0xA7, 
        0x12, 0x43, 0xA7, 0x11, 0x42, 0xA5, 0x10, 0x40, 0xA4, 0x11, 0x42, 0xA5, 0x11, 0x41, 0xA4, 0x12, 0x41, 0xA2, 0x12, 0x42, 0xA4, 0x12, 0x41, 0xA4, 0x12, 0x41, 0xA4, 0x11, 0x41, 0xA2, 0x11, 0x40, 0xA1, 0x11, 0x3F, 0xA0, 0x11, 0x3F, 0xA2, 
        0x11, 0x3F, 0xA2, 0x11, 0x3F, 0xA2, 0x11, 0x3E, 0xA0, 0x11, 0x3E, 0xA0, 0x12, 0x42, 0xA3, 0x12, 0x3F, 0xA2, 0x11, 0x3C, 0xA0, 0x12, 0x3F, 0xA3, 0x14, 0x43, 0xA6, 0x13, 0x40, 0xA4, 0x12, 0x3D, 0xA0, 0x12, 0x3F, 0xA0, 0x12, 0x3F, 0xA1, 
        0x12, 0x40, 0xA1, 0x12, 0x41, 0xA2, 0x13, 0x41, 0xA2, 0x13, 0x41, 0xA2, 0x13, 0x41, 0xA2, 0x14, 0x41, 0xA2, 0x13, 0x40, 0xA1, 0x13, 0x40, 0x9F, 0x13, 0x41, 0xA1, 0x14, 0x42, 0xA3, 0x14, 0x42, 0xA3, 0x14, 0x41, 0xA2, 0x14, 0x40, 0xA2, 
        0x16, 0x42, 0xA3, 0x16, 0x44, 0xA5, 0x17, 0x47, 0x9E,
  0x02, 0x1C, 0x6D, 0x01, 0x1B, 0x6B, 0x01, 0x1B, 0x6C, 0x01, 0x1B, 0x6C, 0x01, 0x1B, 0x6C, 0x01, 0x1B, 0x6C, 0x01, 0x1B, 0x6C, 0x01, 0x1C, 0x6C, 0x01, 0x1C, 0x6E, 0x02, 0x1D, 0x70, 0x02, 0x1E, 0x70, 0x02, 0x1E, 0x70, 0x02, 0x1D, 0x70, 0x02, 0x1D, 0x71, 
        0x02, 0x1F, 0x73, 0x02, 0x1F, 0x75, 0x02, 0x1F, 0x75, 0x02, 0x20, 0x75, 0x03, 0x21, 0x78, 0x03, 0x22, 0x7B, 0x03, 0x22, 0x7D, 0x03, 0x23, 0x7E, 0x03, 0x23, 0x7E, 0x03, 0x22, 0x7E, 0x03, 0x22, 0x7C, 0x03, 0x22, 0x7C, 0x03, 0x22, 0x7E, 
        0x03, 0x23, 0x7E, 0x03, 0x24, 0x80, 0x03, 0x24, 0x80, 0x03, 0x26, 0x83, 0x04, 0x27, 0x85, 0x04, 0x27, 0x83, 0x04, 0x27, 0x83, 0x04, 0x27, 0x84, 0x04, 0x27, 0x84, 0x04, 0x27, 0x84, 0x04, 0x27, 0x84, 0x04, 0x27, 0x86, 0x04, 0x28, 0x86, 
        0x04, 0x28, 0x87, 0x05, 0x28, 0x88, 0x05, 0x29, 0x8A, 0x05, 0x29, 0x8A, 0x05, 0x29, 0x88, 0x05, 0x29, 0x8A, 0x05, 0x29, 0x8A, 0x05, 0x29, 0x8B, 0x05, 0x29, 0x8B, 0x05, 0x29, 0x8B, 0x05, 0x29, 0x8B, 0x06, 0x29, 0x89, 0x06, 0x29, 0x89, 
        0x06, 0x2B, 0x89, 0x06, 0x2B, 0x8A, 0x06, 0x2B, 0x8C, 0x06, 0x2B, 0x8A, 0x06, 0x2B, 0x8A, 0x06, 0x2B, 0x8A, 0x06, 0x2B, 0x8A, 0x07, 0x2B, 0x8D, 0x07, 0x2C, 0x8D, 0x07, 0x2C, 0x8D, 0x07, 0x2C, 0x8D, 0x07, 0x2D, 0x8D, 0x07, 0x2D, 0x8D, 
        0x07, 0x2D, 0x8D, 0x07, 0x2D, 0x8E, 0x07, 0x2E, 0x8F, 0x07, 0x2F, 0x91, 0x07, 0x2F, 0x8F, 0x07, 0x2F, 0x8E, 0x07, 0x2F, 0x8E, 0x07, 0x2F, 0x8E, 0x07, 0x2F, 0x8F, 0x07, 0x2F, 0x8F, 0x07, 0x2F, 0x8F, 0x08, 0x30, 0x90, 0x08, 0x31, 0x90, 
        0x08, 0x31, 0x90, 0x08, 0x31, 0x93, 0x08, 0x31, 0x93, 0x09, 0x32, 0x94, 0x08, 0x31, 0x93, 0x08, 0x31, 0x93, 0x09, 0x32, 0x94, 0x0A, 0x32, 0x94, 0x0A, 0x33, 0x97, 0x0C, 0x37, 0x9A, 0x0D, 0x3A, 0x9F, 0x0D, 0x3C, 0xA0, 0x0D, 0x3C, 0xA0, 
        0x0E, 0x3C, 0xA1, 0x0E, 0x3C, 0xA1, 0x0E, 0x3E, 0xA3, 0x0E, 0x3E, 0xA3, 0x0E, 0x40, 0xA3, 0x0E, 0x3E, 0xA2, 0x0E, 0x3E, 0xA2, 0x0E, 0x3E, 0xA3, 0x0E, 0x40, 0xA3, 0x0E, 0x3E, 0xA3, 0x0E, 0x3D, 0xA2, 0x0F, 0x3E, 0xA2, 0x0F, 0x3E, 0xA2, 
        0x0F, 0x3F, 0xA2, 0x10, 0x3F, 0xA3, 0x10, 0x3F, 0xA3, 0x10, 0x3F, 0xA4, 0x0F, 0x3E, 0xA2, 0x10, 0x3E, 0xA2, 0x10, 0x42, 0xA5, 0x15, 0x51, 0xAF, 0x17, 0x54, 0xB0, 0x11, 0x45, 0xA6, 0x11, 0x42, 0xA4, 0x12, 0x42, 0xA7, 0x12, 0x43, 0xA7, 
        0x12, 0x43, 0xA7, 0x12, 0x42, 0xA6, 0x11, 0x41, 0xA4, 0x11, 0x3F, 0xA3, 0x11, 0x41, 0xA3, 0x12, 0x41, 0xA4, 0x12, 0x41, 0xA4, 0x12, 0x41, 0xA4, 0x12, 0x41, 0xA4, 0x11, 0x40, 0xA2, 0x11, 0x40, 0xA1, 0x11, 0x3F, 0xA1, 0x11, 0x3F, 0xA2, 
        0x11, 0x3F, 0xA2, 0x11, 0x3F, 0xA2, 0x11, 0x3F, 0xA2, 0x11, 0x3E, 0xA0, 0x11, 0x3E, 0xA0, 0x12, 0x3F, 0xA2, 0x12, 0x3F, 0xA0, 0x12, 0x3C, 0xA1, 0x12, 0x3E, 0xA1, 0x13, 0x3F, 0xA3, 0x12, 0x3F, 0xA1, 0x13, 0x3F, 0xA0, 0x13, 0x3F, 0xA1, 
        0x13, 0x3F, 0xA1, 0x13, 0x41, 0xA1, 0x13, 0x41, 0xA2, 0x13, 0x41, 0xA4, 0x14, 0x43, 0xA2, 0x13, 0x40, 0xA1, 0x14, 0x43, 0xA2, 0x16, 0x46, 0xA5, 0x17, 0x47, 0xA5, 0x15, 0x44, 0xA4, 0x15, 0x44, 0xA3, 0x14, 0x42, 0xA2, 0x16, 0x44, 0xA3, 
        0x16, 0x42, 0xA3, 0x17, 0x44, 0xA3, 0x17, 0x46, 0x9C,
  0x02, 0x1C, 0x6D, 0x01, 0x1B, 0x6B, 0x01, 0x1B, 0x6B, 0x01, 0x1B, 0x6C, 0x01, 0x1B, 0x6C, 0x01, 0x1B, 0x6C, 0x01, 0x1B, 0x6C, 0x01, 0x1C, 0x6C, 0x01, 0x1C, 0x6D, 0x02, 0x1E, 0x71, 0x02, 0x1E, 0x71, 0x02, 0x1D, 0x70, 0x02, 0x1D, 0x6E, 0x02, 0x1E, 0x71, 
        0x02, 0x1F, 0x74, 0x03, 0x20, 0x76, 0x03, 0x20, 0x77, 0x03, 0x20, 0x77, 0x03, 0x21, 0x78, 0x03, 0x22, 0x7B, 0x03, 0x23, 0x7D, 0x03, 0x23, 0x7D, 0x03, 0x23, 0x7E, 0x03, 0x22, 0x7C, 0x03, 0x22, 0x7C, 0x03, 0x21, 0x7B, 0x03, 0x22, 0x7E, 
        0x03, 0x23, 0x7E, 0x03, 0x24, 0x7F, 0x03, 0x26, 0x82, 0x03, 0x27, 0x83, 0x04, 0x27, 0x85, 0x04, 0x27, 0x83, 0x04, 0x27, 0x83, 0x04, 0x27, 0x83, 0x04, 0x27, 0x84, 0x04, 0x27, 0x84, 0x04, 0x27, 0x84, 0x04, 0x27, 0x86, 0x04, 0x28, 0x86, 
        0x04, 0x28, 0x87, 0x05, 0x28, 0x87, 0x05, 0x29, 0x8A, 0x05, 0x29, 0x8A, 0x05, 0x29, 0x8A, 0x05, 0x29, 0x8A, 0x05, 0x29, 0x8A, 0x05, 0x29, 0x8A, 0x05, 0x29, 0x8B, 0x05, 0x29, 0x8B, 0x05, 0x29, 0x8B, 0x05, 0x29, 0x89, 0x06, 0x29, 0x88, 
        0x06, 0x29, 0x89, 0x06, 0x2B, 0x89, 0x06, 0x2B, 0x8A, 0x06, 0x2B, 0x8A, 0x06, 0x2B, 0x8A, 0x06, 0x2B, 0x8A, 0x06, 0x2B, 0x8A, 0x06, 0x2B, 0x8A, 0x06, 0x2B, 0x8B, 0x07, 0x2C, 0x8D, 0x06, 0x2C, 0x8B, 0x07, 0x2C, 0x8D, 0x07, 0x2D, 0x8D, 
        0x07, 0x2D, 0x8D, 0x07, 0x2E, 0x8E, 0x07, 0x2E, 0x8F, 0x07, 0x2E, 0x8F, 0x07, 0x2F, 0x8F, 0x07, 0x2F, 0x8E, 0x07, 0x2F, 0x8E, 0x07, 0x2F, 0x8E, 0x07, 0x2F, 0x8E, 0x07, 0x2F, 0x90, 0x07, 0x2F, 0x90, 0x08, 0x30, 0x92, 0x08, 0x30, 0x92, 
        0x08, 0x31, 0x90, 0x08, 0x31, 0x90, 0x08, 0x31, 0x93, 0x09, 0x32, 0x94, 0x09, 0x31, 0x93, 0x09, 0x31, 0x93, 0x09, 0x32, 0x94, 0x09, 0x32, 0x94, 0x0A, 0x32, 0x94, 0x0B, 0x35, 0x99, 0x0C, 0x39, 0x9D, 0x0D, 0x3C, 0x9F, 0x0E, 0x3C, 0xA0, 
        0x0E, 0x3C, 0xA0, 0x0E, 0x3C, 0xA0, 0x0E, 0x3C, 0xA0, 0x0E, 0x40, 0xA3, 0x0E, 0x3E, 0xA3, 0x0E, 0x3D, 0xA2, 0x0E, 0x3D, 0xA1, 0x0E, 0x3E, 0xA3, 0x0E, 0x3E, 0xA3, 0x0E, 0x3E, 0xA2, 0x0E, 0x3D, 0xA2, 0x0E, 0x3D, 0xA1, 0x0F, 0x3E, 0xA2, 
        0x10, 0x3F, 0xA2, 0x10, 0x3F, 0xA2, 0x10, 0x3F, 0xA2, 0x0F, 0x3E, 0xA2, 0x11, 0x41, 0xA5, 0x12, 0x46, 0xA7, 0x11, 0x41, 0xA5, 0x15, 0x51, 0xAF, 0x1A, 0x5D, 0xB5, 0x13, 0x49, 0xAA, 0x10, 0x40, 0xA3, 0x12, 0x42, 0xA5, 0x11, 0x42, 0xA6, 
        0x11, 0x41, 0xA5, 0x11, 0x41, 0xA5, 0x11, 0x40, 0xA4, 0x11, 0x41, 0xA4, 0x12, 0x40, 0xA3, 0x12, 0x40, 0xA3, 0x12, 0x40, 0xA4, 0x12, 0x40, 0xA2, 0x12, 0x40, 0xA2, 0x11, 0x3F, 0xA2, 0x12, 0x3F, 0xA2, 0x11, 0x3F, 0xA1, 0x11, 0x3F, 0xA1, 
        0x11, 0x3F, 0xA2, 0x11, 0x3F, 0xA2, 0x11, 0x3E, 0xA2, 0x11, 0x3E, 0xA2, 0x11, 0x3E, 0xA0, 0x11, 0x3D, 0x9F, 0x12, 0x3E, 0x9F, 0x12, 0x3D, 0x9F, 0x12, 0x3C, 0xA0, 0x13, 0x3E, 0xA1, 0x13, 0x3F, 0xA1, 0x13, 0x40, 0xA0, 0x13, 0x40, 0xA0, 
        0x13, 0x41, 0xA1, 0x13, 0x42, 0xA1, 0x14, 0x43, 0xA1, 0x14, 0x43, 0xA2, 0x13, 0x40, 0xA1, 0x13, 0x40, 0xA1, 0x19, 0x4C, 0xAB, 0x23, 0x5D, 0xB5, 0x21, 0x5A, 0xB2, 0x17, 0x49, 0xA8, 0x14, 0x41, 0x9F, 0x17, 0x47, 0xA5, 0x1F, 0x55, 0xAF, 
        0x1A, 0x4A, 0xA9, 0x16, 0x41, 0xA2, 0x17, 0x46, 0x9C,
  0x02, 0x1C, 0x6D, 0x01, 0x1B, 0x6B, 0x01, 0x1B, 0x6B, 0x01, 0x1B, 0x6B, 0x01, 0x1B, 0x6C, 0x01, 0x1B, 0x6C, 0x01, 0x1B, 0x6C, 0x01, 0x1C, 0x6D, 0x02, 0x1D, 0x6F, 0x02, 0x1E, 0x70, 0x02, 0x1D, 0x70, 0x02, 0x1D, 0x70, 0x01, 0x1D, 0x70, 0x02, 0x1F, 0x73, 
        0x02, 0x1F, 0x74, 0x03, 0x20, 0x76, 0x03, 0x20, 0x76, 0x03, 0x21, 0x78, 0x03, 0x21, 0x78, 0x03, 0x23, 0x7D, 0x03, 0x23, 0x7E, 0x03, 0x23, 0x7D, 0x03, 0x22, 0x7D, 0x03, 0x22, 0x7C, 0x03, 0x22, 0x7C, 0x03, 0x21, 0x7B, 0x03, 0x22, 0x7C, 
        0x03, 0x23, 0x7E, 0x03, 0x25, 0x81, 0x03, 0x26, 0x82, 0x03, 0x26, 0x83, 0x03, 0x27, 0x83, 0x04, 0x27, 0x83, 0x04, 0x27, 0x83, 0x04, 0x27, 0x83, 0x04, 0x27, 0x83, 0x04, 0x27, 0x84, 0x04, 0x27, 0x84, 0x04, 0x27, 0x86, 0x04, 0x28, 0x87, 
        0x05, 0x28, 0x87, 0x05, 0x29, 0x89, 0x05, 0x29, 0x89, 0x05, 0x29, 0x8A, 0x05, 0x29, 0x8A, 0x05, 0x28, 0x8A, 0x05, 0x29, 0x8A, 0x05, 0x29, 0x8A, 0x05, 0x29, 0x8A, 0x05, 0x29, 0x8B, 0x05, 0x29, 0x8B, 0x05, 0x29, 0x89, 0x06, 0x29, 0x89, 
        0x06, 0x2A, 0x89, 0x06, 0x2A, 0x89, 0x06, 0x2B, 0x8B, 0x06, 0x2B, 0x8A, 0x06, 0x2B, 0x8A, 0x06, 0x2B, 0x8A, 0x06, 0x2A, 0x89, 0x06, 0x2A, 0x89, 0x06, 0x2A, 0x89, 0x06, 0x2B, 0x8B, 0x06, 0x2C, 0x8B, 0x07, 0x2C, 0x8D, 0x07, 0x2C, 0x8D, 
        0x07, 0x2D, 0x8D, 0x07, 0x2E, 0x8E, 0x07, 0x2E, 0x8E, 0x07, 0x2E, 0x8F, 0x07, 0x2E, 0x8E, 0x07, 0x2D, 0x8E, 0x07, 0x2D, 0x8E, 0x07, 0x2F, 0x8E, 0x07, 0x2F, 0x8F, 0x07, 0x2F, 0x8F, 0x08, 0x30, 0x90, 0x08, 0x30, 0x92, 0x08, 0x30, 0x90, 
        0x08, 0x30, 0x90, 0x08, 0x31, 0x90, 0x08, 0x31, 0x92, 0x09, 0x32, 0x94, 0x09, 0x32, 0x94, 0x09, 0x32, 0x94, 0x0A, 0x32, 0x96, 0x0A, 0x31, 0x94, 0x09, 0x31, 0x93, 0x0A, 0x32, 0x96, 0x0B, 0x35, 0x99, 0x0C, 0x39, 0x9D, 0x0D, 0x3A, 0x9F, 
        0x0E, 0x3C, 0xA0, 0x0E, 0x3C, 0xA0, 0x0D, 0x3C, 0xA0, 0x0E, 0x3D, 0xA0, 0x0E, 0x3D, 0xA1, 0x0E, 0x3D, 0xA1, 0x0E, 0x3D, 0xA1, 0x0E, 0x3E, 0xA2, 0x0E, 0x3E, 0xA2, 0x0E, 0x3D, 0xA1, 0x0E, 0x3D, 0xA1, 0x0E, 0x3D, 0xA0, 0x0F, 0x3D, 0xA1, 
        0x10, 0x3F, 0xA2, 0x10, 0x3F, 0xA2, 0x10, 0x3F, 0xA2, 0x10, 0x3F, 0xA2, 0x11, 0x41, 0xA4, 0x15, 0x4D, 0xAD, 0x12, 0x44, 0xA7, 0x10, 0x3F, 0xA3, 0x13, 0x48, 0xA9, 0x13, 0x47, 0xA8, 0x11, 0x43, 0xA6, 0x12, 0x42, 0xA6, 0x11, 0x41, 0xA5, 
        0x11, 0x40, 0xA5, 0x11, 0x40, 0xA5, 0x11, 0x41, 0xA6, 0x12, 0x43, 0xA7, 0x12, 0x41, 0xA4, 0x12, 0x40, 0xA1, 0x12, 0x40, 0xA1, 0x12, 0x3E, 0xA2, 0x12, 0x3E, 0xA2, 0x11, 0x3E, 0xA2, 0x11, 0x3E, 0xA2, 0x12, 0x3D, 0xA1, 0x12, 0x3F, 0xA1, 
        0x12, 0x3F, 0xA1, 0x11, 0x3E, 0xA2, 0x11, 0x3E, 0xA2, 0x12, 0x3F, 0xA2, 0x12, 0x41, 0xA2, 0x11, 0x3E, 0x9F, 0x12, 0x3C, 0x9F, 0x12, 0x3D, 0x9F, 0x13, 0x3F, 0xA0, 0x13, 0x3F, 0xA1, 0x13, 0x3F, 0xA1, 0x13, 0x3F, 0xA1, 0x14, 0x41, 0xA1, 
        0x13, 0x40, 0xA1, 0x14, 0x41, 0xA1, 0x15, 0x42, 0xA3, 0x15, 0x43, 0xA3, 0x14, 0x41, 0xA2, 0x15, 0x43, 0xA4, 0x1E, 0x57, 0xB1, 0x31, 0x6B, 0xBD, 0x2A, 0x63, 0xB9, 0x17, 0x47, 0xA8, 0x14, 0x3E, 0x9F, 0x17, 0x47, 0xA4, 0x1D, 0x53, 0xAE, 
        0x1A, 0x4A, 0xA8, 0x17, 0x41, 0xA2, 0x17, 0x46, 0x9C,
  0x02, 0x1C, 0x6D, 0x01, 0x1B, 0x6B, 0x01, 0x1B, 0x6B, 0x01, 0x1B, 0x6B, 0x01, 0x1C, 0x6B, 0x01, 0x1C, 0x6C, 0x01, 0x1C, 0x6D, 0x02, 0x1D, 0x6F, 0x02, 0x1D, 0x6F, 0x02, 0x1D, 0x6F, 0x02, 0x1D, 0x6F, 0x02, 0x1D, 0x70, 0x02, 0x1D, 0x70, 0x02, 0x1F, 0x74, 
        0x03, 0x20, 0x76, 0x03, 0x20, 0x76, 0x03, 0x20, 0x76, 0x03, 0x21, 0x77, 0x03, 0x23, 0x7B, 0x03, 0x23, 0x7D, 0x03, 0x23, 0x7D, 0x03, 0x22, 0x7D, 0x03, 0x22, 0x7B, 0x03, 0x22, 0x7B, 0x03, 0x22, 0x7C, 0x03, 0x22, 0x7C, 0x03, 0x22, 0x7C, 
        0x03, 0x23, 0x7E, 0x03, 0x25, 0x81, 0x03, 0x25, 0x82, 0x03, 0x27, 0x82, 0x03, 0x27, 0x83, 0x04, 0x27, 0x83, 0x04, 0x27, 0x83, 0x04, 0x27, 0x83, 0x04, 0x27, 0x83, 0x04, 0x27, 0x83, 0x04, 0x27, 0x84, 0x04, 0x27, 0x86, 0x04, 0x28, 0x87, 
        0x05, 0x28, 0x87, 0x05, 0x29, 0x89, 0x05, 0x29, 0x89, 0x05, 0x29, 0x89, 0x05, 0x29, 0x8A, 0x05, 0x28, 0x8A, 0x05, 0x28, 0x8A, 0x05, 0x29, 0x8A, 0x05, 0x29, 0x8A, 0x05, 0x29, 0x8A, 0x05, 0x29, 0x8B, 0x05, 0x29, 0x89, 0x05, 0x2A, 0x89, 
        0x06, 0x2A, 0x89, 0x06, 0x2A, 0x8B, 0x06, 0x2A, 0x8B, 0x06, 0x2B, 0x8B, 0x06, 0x2B, 0x8C, 0x06, 0x2B, 0x89, 0x06, 0x2A, 0x89, 0x06, 0x2A, 0x89, 0x06, 0x2A, 0x89, 0x06, 0x2B, 0x8A, 0x06, 0x2B, 0x8B, 0x07, 0x2C, 0x8B, 0x07, 0x2C, 0x8D, 
        0x07, 0x2D, 0x8D, 0x07, 0x2E, 0x8E, 0x07, 0x2E, 0x8E, 0x07, 0x2E, 0x8E, 0x07, 0x2E, 0x8E, 0x07, 0x2D, 0x8E, 0x07, 0x2D, 0x8E, 0x07, 0x2F, 0x8E, 0x07, 0x2F, 0x8F, 0x08, 0x30, 0x8F, 0x08, 0x30, 0x8F, 0x07, 0x2F, 0x90, 0x08, 0x30, 0x90, 
        0x08, 0x30, 0x92, 0x08, 0x30, 0x92, 0x08, 0x31, 0x92, 0x08, 0x31, 0x92, 0x09, 0x31, 0x93, 0x09, 0x31, 0x94, 0x09, 0x31, 0x94, 0x09, 0x31, 0x93, 0x0A, 0x31, 0x93, 0x0A, 0x31, 0x94, 0x0B, 0x32, 0x96, 0x0B, 0x35, 0x99, 0x0D, 0x39, 0x9D, 
        0x0E, 0x3D, 0xA0, 0x0E, 0x3D, 0xA0, 0x0D, 0x3C, 0x9F, 0x0D, 0x3C, 0x9F, 0x0E, 0x3C, 0xA0, 0x0E, 0x3D, 0xA1, 0x0E, 0x3D, 0xA1, 0x0E, 0x3D, 0xA1, 0x0E, 0x3E, 0xA2, 0x0E, 0x3D, 0xA1, 0x0E, 0x3D, 0xA1, 0x0F, 0x3D, 0xA0, 0x0F, 0x3D, 0xA1, 
        0x0F, 0x3D, 0xA1, 0x10, 0x3F, 0xA1, 0x10, 0x3F, 0xA1, 0x10, 0x40, 0xA2, 0x10, 0x3C, 0xA0, 0x12, 0x42, 0xA5, 0x12, 0x42, 0xA6, 0x11, 0x40, 0xA5, 0x13, 0x42, 0xA6, 0x13, 0x43, 0xA6, 0x12, 0x43, 0xA6, 0x13, 0x43, 0xA6, 0x12, 0x42, 0xA5, 
        0x11, 0x41, 0xA5, 0x11, 0x40, 0xA5, 0x11, 0x42, 0xA6, 0x12, 0x43, 0xA7, 0x12, 0x40, 0xA4, 0x12, 0x40, 0xA3, 0x12, 0x3F, 0xA1, 0x11, 0x3E, 0xA0, 0x11, 0x3E, 0xA1, 0x11, 0x3E, 0xA1, 0x12, 0x3D, 0xA1, 0x12, 0x3D, 0xA1, 0x11, 0x3D, 0xA1, 
        0x12, 0x3E, 0xA1, 0x11, 0x3E, 0xA1, 0x11, 0x3D, 0xA0, 0x11, 0x3D, 0xA2, 0x12, 0x3F, 0xA0, 0x14, 0x42, 0xA3, 0x14, 0x41, 0xA2, 0x13, 0x3E, 0x9F, 0x14, 0x41, 0xA2, 0x13, 0x3F, 0xA0, 0x14, 0x41, 0xA1, 0x14, 0x41, 0xA0, 0x14, 0x41, 0xA1, 
        0x15, 0x42, 0xA1, 0x15, 0x42, 0xA1, 0x15, 0x42, 0xA1, 0x15, 0x43, 0xA3, 0x16, 0x44, 0xA4, 0x16, 0x44, 0xA5, 0x1A, 0x4F, 0xAC, 0x22, 0x5B, 0xB4, 0x1E, 0x55, 0xB1, 0x16, 0x44, 0xA4, 0x16, 0x41, 0xA1, 0x17, 0x43, 0xA1, 0x17, 0x45, 0xA2, 
        0x17, 0x45, 0xA3, 0x18, 0x44, 0xA3, 0x17, 0x46, 0x9B,
  0x02, 0x1C, 0x6E, 0x01, 0x1C, 0x6B, 0x01, 0x1B, 0x6B, 0x01, 0x1B, 0x6B, 0x01, 0x1B, 0x6B, 0x01, 0x1B, 0x6B, 0x01, 0x1C, 0x6D, 0x02, 0x1D, 0x6F, 0x02, 0x1D, 0x6F, 0x02, 0x1D, 0x6F, 0x02, 0x1D, 0x6F, 0x02, 0x1D, 0x6F, 0x02, 0x1E, 0x71, 0x02, 0x1F, 0x76, 
        0x02, 0x20, 0x76, 0x03, 0x20, 0x76, 0x03, 0x20, 0x76, 0x03, 0x21, 0x77, 0x03, 0x23, 0x7A, 0x03, 0x23, 0x7D, 0x03, 0x23, 0x7D, 0x03, 0x22, 0x7D, 0x03, 0x21, 0x7B, 0x03, 0x22, 0x7B, 0x03, 0x22, 0x7B, 0x03, 0x22, 0x7C, 0x03, 0x22, 0x7C, 
        0x03, 0x23, 0x7E, 0x03, 0x25, 0x81, 0x03, 0x25, 0x82, 0x03, 0x26, 0x82, 0x03, 0x27, 0x82, 0x04, 0x27, 0x83, 0x04, 0x27, 0x83, 0x04, 0x27, 0x83, 0x04, 0x27, 0x83, 0x04, 0x27, 0x83, 0x04, 0x27, 0x83, 0x04, 0x27, 0x86, 0x05, 0x27, 0x87, 
        0x05, 0x28, 0x87, 0x05, 0x29, 0x89, 0x05, 0x29, 0x89, 0x05, 0x29, 0x89, 0x05, 0x29, 0x89, 0x05, 0x28, 0x8A, 0x05, 0x28, 0x8A, 0x05, 0x28, 0x8A, 0x05, 0x29, 0x8A, 0x05, 0x29, 0x8A, 0x05, 0x29, 0x8A, 0x05, 0x2A, 0x89, 0x05, 0x2A, 0x89, 
        0x06, 0x2A, 0x89, 0x06, 0x2A, 0x8B, 0x06, 0x2B, 0x8B, 0x06, 0x2A, 0x8B, 0x06, 0x2B, 0x8B, 0x06, 0x2B, 0x89, 0x06, 0x2A, 0x89, 0x06, 0x2A, 0x89, 0x06, 0x2A, 0x89, 0x06, 0x2A, 0x89, 0x06, 0x2B, 0x8A, 0x07, 0x2B, 0x8B, 0x07, 0x2C, 0x8D, 
        0x07, 0x2E, 0x8E, 0x07, 0x2E, 0x8E, 0x07, 0x2E, 0x8E, 0x07, 0x2E, 0x8E, 0x07, 0x2D, 0x8D, 0x07, 0x2C, 0x8C, 0x07, 0x2D, 0x8E, 0x07, 0x2F, 0x8E, 0x07, 0x2F, 0x8F, 0x08, 0x30, 0x8F, 0x08, 0x30, 0x8F, 0x07, 0x2F, 0x8F, 0x08, 0x30, 0x90, 
        0x08, 0x30, 0x92, 0x09, 0x31, 0x93, 0x08, 0x30, 0x92, 0x08, 0x31, 0x92, 0x09, 0x31, 0x92, 0x09, 0x31, 0x93, 0x09, 0x30, 0x93, 0x09, 0x30, 0x93, 0x0A, 0x31, 0x94, 0x0A, 0x31, 0x96, 0x0A, 0x31, 0x96, 0x0A, 0x32, 0x94, 0x0C, 0x37, 0x9A, 
        0x0D, 0x3C, 0x9F, 0x0D, 0x3C, 0xA0, 0x0D, 0x3C, 0x9F, 0x0D, 0x3C, 0xA0, 0x0E, 0x3C, 0xA0, 0x0E, 0x3C, 0xA0, 0x0E, 0x3D, 0xA1, 0x0E, 0x3D, 0xA1, 0x0E, 0x3E, 0xA2, 0x0E, 0x3D, 0xA1, 0x0E, 0x3D, 0xA1, 0x0F, 0x3D, 0xA0, 0x0F, 0x3D, 0xA0, 
        0x0F, 0x3D, 0xA1, 0x0F, 0x3D, 0xA1, 0x10, 0x3F, 0xA2, 0x10, 0x40, 0xA2, 0x11, 0x40, 0xA3, 0x11, 0x3F, 0xA4, 0x13, 0x42, 0xA5, 0x13, 0x44, 0xA8, 0x13, 0x42, 0xA7, 0x13, 0x44, 0xA7, 0x13, 0x45, 0xA8, 0x13, 0x43, 0xA6, 0x13, 0x43, 0xA6, 
        0x13, 0x43, 0xA6, 0x12, 0x42, 0xA6, 0x12, 0x41, 0xA5, 0x11, 0x40, 0xA5, 0x12, 0x40, 0xA3, 0x12, 0x3F, 0xA3, 0x12, 0x3F, 0xA1, 0x11, 0x3E, 0xA0, 0x11, 0x3E, 0xA0, 0x11, 0x3D, 0xA1, 0x11, 0x3D, 0xA1, 0x11, 0x3D, 0xA1, 0x11, 0x3D, 0x9F, 
        0x11, 0x3D, 0x9F, 0x11, 0x3D, 0x9F, 0x11, 0x3D, 0x9F, 0x11, 0x3D, 0xA0, 0x12, 0x3E, 0x9F, 0x15, 0x45, 0xA5, 0x15, 0x44, 0xA5, 0x12, 0x3F, 0xA0, 0x14, 0x40, 0xA2, 0x14, 0x3F, 0xA0, 0x14, 0x41, 0xA0, 0x14, 0x41, 0xA1, 0x15, 0x42, 0xA1, 
        0x15, 0x42, 0xA1, 0x15, 0x42, 0xA1, 0x15, 0x43, 0xA1, 0x15, 0x43, 0xA3, 0x16, 0x43, 0xA4, 0x15, 0x43, 0xA3, 0x16, 0x44, 0xA5, 0x17, 0x47, 0xA7, 0x16, 0x46, 0xA5, 0x16, 0x43, 0xA4, 0x17, 0x44, 0xA4, 0x17, 0x44, 0xA2, 0x17, 0x41, 0xA1, 
        0x18, 0x44, 0xA2, 0x18, 0x45, 0xA5, 0x17, 0x45, 0x9A,
  0x03, 0x1E, 0x71, 0x02, 0x1D, 0x6F, 0x02, 0x1C, 0x6E, 0x01, 0x1C, 0x6C, 0x01, 0x1C, 0x69, 0x01, 0x1C, 0x69, 0x02, 0x1D, 0x6C, 0x02, 0x1D, 0x70, 0x02, 0x1D, 0x6F, 0x02, 0x1D, 0x6F, 0x02, 0x1D, 0x6F, 0x02, 0x1E, 0x70, 0x02, 0x1E, 0x72, 0x02, 0x1E, 0x74, 
        0x02, 0x1E, 0x73, 0x02, 0x1F, 0x74, 0x03, 0x21, 0x77, 0x03, 0x23, 0x7A, 0x03, 0x23, 0x7A, 0x03, 0x24, 0x7C, 0x03, 0x23, 0x7B, 0x03, 0x23, 0x7B, 0x03, 0x22, 0x7A, 0x03, 0x22, 0x7A, 0x03, 0x22, 0x7A, 0x03, 0x22, 0x7B, 0x03, 0x22, 0x7E, 
        0x03, 0x24, 0x7F, 0x03, 0x25, 0x81, 0x03, 0x25, 0x82, 0x03, 0x25, 0x82, 0x03, 0x25, 0x82, 0x04, 0x26, 0x82, 0x04, 0x26, 0x83, 0x04, 0x27, 0x85, 0x04, 0x27, 0x85, 0x04, 0x27, 0x85, 0x04, 0x27, 0x86, 0x05, 0x27, 0x86, 0x05, 0x28, 0x89, 
        0x05, 0x28, 0x89, 0x05, 0x28, 0x89, 0x05, 0x29, 0x89, 0x05, 0x29, 0x89, 0x05, 0x29, 0x89, 0x05, 0x28, 0x87, 0x05, 0x28, 0x88, 0x05, 0x28, 0x88, 0x05, 0x28, 0x88, 0x05, 0x29, 0x87, 0x05, 0x29, 0x87, 0x05, 0x29, 0x87, 0x06, 0x29, 0x88, 
        0x06, 0x29, 0x88, 0x06, 0x2A, 0x89, 0x06, 0x2A, 0x89, 0x06, 0x2A, 0x89, 0x06, 0x29, 0x88, 0x06, 0x29, 0x88, 0x06, 0x2A, 0x89, 0x06, 0x2A, 0x89, 0x07, 0x2A, 0x8A, 0x07, 0x2A, 0x8A, 0x07, 0x2A, 0x8A, 0x07, 0x2B, 0x8A, 0x07, 0x2C, 0x8B, 
        0x07, 0x2E, 0x8B, 0x07, 0x2E, 0x8D, 0x07, 0x2D, 0x8D, 0x07, 0x2C, 0x8B, 0x07, 0x2C, 0x8B, 0x07, 0x2C, 0x8B, 0x07, 0x2D, 0x8C, 0x07, 0x2D, 0x8C, 0x08, 0x2F, 0x8E, 0x08, 0x2F, 0x8E, 0x08, 0x2F, 0x8E, 0x08, 0x30, 0x8F, 0x08, 0x30, 0x8F, 
        0x08, 0x30, 0x90, 0x09, 0x30, 0x90, 0x09, 0x30, 0x90, 0x09, 0x30, 0x92, 0x09, 0x30, 0x90, 0x09, 0x2E, 0x90, 0x09, 0x2F, 0x93, 0x0A, 0x30, 0x93, 0x0A, 0x30, 0x93, 0x0A, 0x31, 0x94, 0x0A, 0x31, 0x94, 0x0A, 0x31, 0x94, 0x0B, 0x33, 0x96, 
        0x0C, 0x35, 0x9A, 0x0C, 0x37, 0x9A, 0x0D, 0x39, 0x9D, 0x0D, 0x3A, 0x9F, 0x0E, 0x3D, 0xA0, 0x0E, 0x3C, 0xA0, 0x0E, 0x3C, 0xA0, 0x0E, 0x3D, 0xA0, 0x0E, 0x3D, 0xA1, 0x0E, 0x3E, 0xA1, 0x0E, 0x3D, 0xA1, 0x0E, 0x3B, 0xA1, 0x0F, 0x3D, 0xA1, 
        0x0F, 0x3D, 0xA2, 0x0F, 0x3D, 0xA3, 0x0F, 0x3E, 0xA4, 0x10, 0x41, 0xA5, 0x12, 0x42, 0xA5, 0x13, 0x42, 0xA5, 0x13, 0x42, 0xA6, 0x13, 0x44, 0xA8, 0x13, 0x46, 0xA9, 0x14, 0x46, 0xA9, 0x14, 0x46, 0xA9, 0x13, 0x45, 0xA8, 0x14, 0x47, 0xA8, 
        0x14, 0x47, 0xA7, 0x14, 0x45, 0xA6, 0x13, 0x43, 0xA5, 0x13, 0x41, 0xA4, 0x13, 0x40, 0xA4, 0x11, 0x3F, 0xA1, 0x12, 0x3D, 0xA0, 0x12, 0x3D, 0xA0, 0x12, 0x3D, 0xA0, 0x12, 0x3C, 0xA0, 0x11, 0x3C, 0x9F, 0x11, 0x3E, 0x9F, 0x11, 0x3D, 0x9F, 
        0x11, 0x3D, 0x9F, 0x11, 0x3D, 0x9F, 0x11, 0x3E, 0x9F, 0x12, 0x3F, 0x9F, 0x12, 0x41, 0xA0, 0x12, 0x3F, 0x9F, 0x12, 0x3F, 0x9F, 0x13, 0x40, 0xA0, 0x14, 0x41, 0xA0, 0x14, 0x41, 0xA0, 0x14, 0x3F, 0xA0, 0x14, 0x40, 0xA0, 0x14, 0x40, 0xA1, 
        0x15, 0x41, 0xA3, 0x15, 0x42, 0xA3, 0x15, 0x42, 0xA3, 0x15, 0x42, 0xA3, 0x16, 0x43, 0xA4, 0x16, 0x43, 0xA3, 0x16, 0x43, 0xA3, 0x16, 0x43, 0xA4, 0x16, 0x43, 0xA4, 0x17, 0x44, 0xA5, 0x17, 0x44, 0xA4, 0x17, 0x44, 0xA4, 0x17, 0x44, 0xA4, 
        0x17, 0x44, 0xA4, 0x17, 0x44, 0xA4, 0x17, 0x46, 0x9B,
  0x04, 0x20, 0x76, 0x02, 0x1E, 0x71, 0x02, 0x1E, 0x71, 0x02, 0x1D, 0x6F, 0x02, 0x1D, 0x6E, 0x01, 0x1C, 0x6B, 0x02, 0x1D, 0x6E, 0x02, 0x1D, 0x6F, 0x02, 0x1D, 0x6F, 0x02, 0x1D, 0x6F, 0x02, 0x1D, 0x6F, 0x02, 0x1E, 0x70, 0x02, 0x1E, 0x72, 0x02, 0x1E, 0x73, 
        0x02, 0x1E, 0x73, 0x02, 0x1E, 0x74, 0x03, 0x21, 0x77, 0x03, 0x23, 0x7A, 0x03, 0x23, 0x7A, 0x03, 0x23, 0x7A, 0x03, 0x23, 0x7A, 0x03, 0x23, 0x7A, 0x03, 0x22, 0x7A, 0x03, 0x21, 0x7A, 0x03, 0x22, 0x7A, 0x03, 0x22, 0x7B, 0x03, 0x22, 0x7D, 
        0x03, 0x24, 0x7F, 0x03, 0x25, 0x81, 0x03, 0x25, 0x82, 0x03, 0x25, 0x82, 0x03, 0x25, 0x82, 0x04, 0x25, 0x82, 0x04, 0x26, 0x82, 0x04, 0x26, 0x83, 0x04, 0x27, 0x85, 0x04, 0x27, 0x86, 0x04, 0x27, 0x86, 0x05, 0x27, 0x86, 0x05, 0x28, 0x88, 
        0x05, 0x28, 0x89, 0x05, 0x28, 0x89, 0x05, 0x28, 0x89, 0x05, 0x29, 0x89, 0x05, 0x29, 0x89, 0x05, 0x29, 0x87, 0x05, 0x28, 0x87, 0x05, 0x28, 0x88, 0x05, 0x28, 0x88, 0x05, 0x28, 0x88, 0x05, 0x29, 0x87, 0x05, 0x29, 0x87, 0x06, 0x29, 0x87, 
        0x06, 0x29, 0x88, 0x06, 0x2A, 0x89, 0x06, 0x2A, 0x89, 0x06, 0x2A, 0x89, 0x06, 0x29, 0x88, 0x06, 0x29, 0x88, 0x06, 0x2A, 0x88, 0x06, 0x2A, 0x89, 0x07, 0x2A, 0x8A, 0x07, 0x2A, 0x8A, 0x07, 0x2B, 0x8A, 0x07, 0x2B, 0x8A, 0x07, 0x2C, 0x8A, 
        0x07, 0x2C, 0x8B, 0x07, 0x2E, 0x8D, 0x07, 0x2D, 0x8D, 0x07, 0x2C, 0x8B, 0x07, 0x2C, 0x8B, 0x07, 0x2C, 0x8B, 0x07, 0x2D, 0x8B, 0x07, 0x2D, 0x8C, 0x08, 0x2E, 0x8E, 0x08, 0x2F, 0x8E, 0x08, 0x2F, 0x8E, 0x08, 0x30, 0x8F, 0x08, 0x30, 0x8F, 
        0x09, 0x30, 0x8F, 0x09, 0x30, 0x90, 0x09, 0x30, 0x90, 0x09, 0x30, 0x90, 0x09, 0x2F, 0x90, 0x09, 0x2F, 0x8F, 0x09, 0x30, 0x90, 0x09, 0x30, 0x91, 0x0A, 0x31, 0x93, 0x0A, 0x31, 0x93, 0x0A, 0x31, 0x93, 0x0A, 0x31, 0x93, 0x0A, 0x32, 0x94, 
        0x0B, 0x33, 0x96, 0x0B, 0x35, 0x97, 0x0B, 0x36, 0x99, 0x0C, 0x38, 0x9A, 0x0D, 0x39, 0x9D, 0x0D, 0x3A, 0x9D, 0x0D, 0x3A, 0x9D, 0x0E, 0x3C, 0x9F, 0x0E, 0x3D, 0xA0, 0x0E, 0x3D, 0xA1, 0x0E, 0x3D, 0xA1, 0x0F, 0x3D, 0xA0, 0x0F, 0x3E, 0xA1, 
        0x0F, 0x40, 0xA3, 0x0F, 0x40, 0xA3, 0x0F, 0x40, 0xA4, 0x10, 0x41, 0xA5, 0x12, 0x42, 0xA5, 0x13, 0x42, 0xA6, 0x13, 0x42, 0xA6, 0x13, 0x44, 0xA8, 0x13, 0x46, 0xA8, 0x14, 0x46, 0xA9, 0x14, 0x47, 0xA9, 0x14, 0x49, 0xAA, 0x14, 0x4A, 0xAA, 
        0x14, 0x48, 0xA9, 0x14, 0x47, 0xA7, 0x14, 0x43, 0xA6, 0x13, 0x42, 0xA3, 0x13, 0x40, 0xA4, 0x11, 0x3F, 0xA1, 0x11, 0x3D, 0xA0, 0x12, 0x3C, 0xA0, 0x12, 0x3D, 0xA0, 0x12, 0x3C, 0xA0, 0x11, 0x3C, 0x9E, 0x11, 0x3E, 0x9F, 0x12, 0x3F, 0xA1, 
        0x12, 0x3E, 0xA1, 0x11, 0x3D, 0x9F, 0x11, 0x3C, 0x9F, 0x12, 0x3D, 0x9F, 0x12, 0x41, 0x9F, 0x12, 0x3F, 0x9F, 0x12, 0x3F, 0x9F, 0x13, 0x3F, 0xA0, 0x14, 0x40, 0xA0, 0x14, 0x3F, 0xA0, 0x14, 0x3F, 0xA0, 0x14, 0x40, 0xA0, 0x14, 0x40, 0xA0, 
        0x15, 0x41, 0xA1, 0x15, 0x42, 0xA3, 0x15, 0x42, 0xA3, 0x15, 0x42, 0xA3, 0x16, 0x42, 0xA3, 0x16, 0x43, 0xA3, 0x16, 0x43, 0xA3, 0x16, 0x44, 0xA3, 0x17, 0x44, 0xA5, 0x17, 0x44, 0xA5, 0x17, 0x44, 0xA4, 0x17, 0x44, 0xA2, 0x17, 0x43, 0xA2, 
        0x17, 0x43, 0xA2, 0x18, 0x44, 0xA4, 0x18, 0x49, 0x9C,
  0x04, 0x22, 0x7A, 0x03, 0x20, 0x77, 0x03, 0x1F, 0x76, 0x02, 0x1E, 0x74, 0x02, 0x1E, 0x71, 0x02, 0x1D, 0x6F, 0x02, 0x1D, 0x6F, 0x02, 0x1D, 0x6F, 0x02, 0x1E, 0x6F, 0x02, 0x1E, 0x70, 0x02, 0x1E, 0x70, 0x02, 0x1E, 0x70, 0x02, 0x1E, 0x72, 0x02, 0x1F, 0x73, 
        0x02, 0x1F, 0x73, 0x02, 0x1F, 0x76, 0x03, 0x20, 0x79, 0x03, 0x23, 0x7A, 0x03, 0x23, 0x7A, 0x03, 0x23, 0x7A, 0x03, 0x22, 0x79, 0x03, 0x22, 0x79, 0x03, 0x21, 0x7A, 0x03, 0x21, 0x7A, 0x03, 0x22, 0x7A, 0x03, 0x22, 0x7B, 0x03, 0x22, 0x7D, 
        0x03, 0x24, 0x7E, 0x03, 0x25, 0x81, 0x03, 0x25, 0x82, 0x03, 0x25, 0x82, 0x03, 0x25, 0x82, 0x04, 0x25, 0x82, 0x04, 0x25, 0x82, 0x04, 0x26, 0x82, 0x04, 0x27, 0x85, 0x04, 0x27, 0x86, 0x04, 0x27, 0x86, 0x05, 0x28, 0x86, 0x05, 0x27, 0x86, 
        0x05, 0x27, 0x86, 0x05, 0x28, 0x89, 0x05, 0x28, 0x89, 0x05, 0x28, 0x89, 0x05, 0x28, 0x89, 0x05, 0x29, 0x87, 0x05, 0x29, 0x87, 0x05, 0x29, 0x87, 0x05, 0x28, 0x88, 0x05, 0x28, 0x88, 0x05, 0x28, 0x88, 0x06, 0x29, 0x87, 0x06, 0x29, 0x87, 
        0x06, 0x29, 0x87, 0x06, 0x2A, 0x89, 0x06, 0x2A, 0x89, 0x06, 0x29, 0x88, 0x06, 0x29, 0x88, 0x06, 0x29, 0x88, 0x06, 0x29, 0x88, 0x07, 0x2A, 0x89, 0x07, 0x2A, 0x8A, 0x07, 0x2B, 0x8A, 0x07, 0x2B, 0x8A, 0x07, 0x2B, 0x8A, 0x07, 0x2B, 0x8A, 
        0x07, 0x2C, 0x8A, 0x07, 0x2C, 0x8D, 0x07, 0x2D, 0x8D, 0x07, 0x2C, 0x8B, 0x07, 0x2C, 0x8B, 0x07, 0x2D, 0x8B, 0x07, 0x2D, 0x8B, 0x08, 0x2E, 0x8D, 0x08, 0x2E, 0x8E, 0x08, 0x2E, 0x8E, 0x08, 0x2F, 0x8E, 0x08, 0x30, 0x8F, 0x08, 0x30, 0x8F, 
        0x08, 0x30, 0x8F, 0x09, 0x2F, 0x8F, 0x09, 0x2F, 0x90, 0x09, 0x2F, 0x90, 0x09, 0x2F, 0x90, 0x09, 0x2D, 0x8F, 0x09, 0x2E, 0x8F, 0x09, 0x2F, 0x90, 0x09, 0x2F, 0x91, 0x09, 0x30, 0x91, 0x09, 0x30, 0x91, 0x09, 0x2E, 0x91, 0x0A, 0x2F, 0x91, 
        0x0A, 0x31, 0x93, 0x0A, 0x32, 0x93, 0x0B, 0x32, 0x95, 0x0B, 0x33, 0x97, 0x0C, 0x36, 0x99, 0x0C, 0x37, 0x9A, 0x0D, 0x39, 0x9C, 0x0D, 0x3A, 0x9D, 0x0E, 0x3C, 0x9E, 0x0E, 0x3D, 0xA0, 0x0E, 0x3D, 0xA0, 0x0F, 0x3B, 0x9E, 0x0F, 0x3D, 0xA1, 
        0x0F, 0x40, 0xA1, 0x0F, 0x40, 0xA1, 0x10, 0x40, 0xA2, 0x10, 0x41, 0xA4, 0x11, 0x41, 0xA5, 0x13, 0x42, 0xA5, 0x13, 0x44, 0xA6, 0x14, 0x46, 0xA8, 0x14, 0x49, 0xAA, 0x14, 0x4A, 0xAB, 0x15, 0x4C, 0xAD, 0x17, 0x4D, 0xAE, 0x17, 0x4D, 0xAD, 
        0x15, 0x4B, 0xAC, 0x15, 0x48, 0xA9, 0x14, 0x45, 0xA6, 0x13, 0x43, 0xA4, 0x13, 0x42, 0xA3, 0x12, 0x40, 0xA3, 0x11, 0x3D, 0xA1, 0x11, 0x3C, 0xA0, 0x12, 0x3C, 0xA0, 0x12, 0x3C, 0xA0, 0x11, 0x3D, 0x9E, 0x12, 0x3F, 0x9E, 0x12, 0x3F, 0xA1, 
        0x12, 0x3F, 0xA1, 0x12, 0x3D, 0x9F, 0x12, 0x3D, 0x9E, 0x12, 0x3E, 0x9F, 0x14, 0x42, 0xA1, 0x13, 0x41, 0x9F, 0x12, 0x3F, 0xA0, 0x14, 0x40, 0xA0, 0x14, 0x3F, 0xA0, 0x14, 0x3F, 0xA0, 0x14, 0x3F, 0xA0, 0x15, 0x40, 0xA0, 0x15, 0x41, 0xA0, 
        0x15, 0x42, 0xA2, 0x15, 0x42, 0xA3, 0x15, 0x42, 0xA3, 0x15, 0x42, 0xA3, 0x16, 0x42, 0xA1, 0x16, 0x43, 0xA3, 0x17, 0x43, 0xA4, 0x17, 0x43, 0xA4, 0x17, 0x44, 0xA4, 0x17, 0x44, 0xA4, 0x17, 0x43, 0xA2, 0x17, 0x43, 0xA2, 0x17, 0x43, 0xA2, 
        0x17, 0x43, 0xA2, 0x19, 0x44, 0xA4, 0x19, 0x49, 0x9C,
  0x05, 0x24, 0x7F, 0x03, 0x23, 0x7D, 0x03, 0x22, 0x7A, 0x03, 0x20, 0x77, 0x03, 0x1E, 0x75, 0x02, 0x1E, 0x72, 0x02, 0x1D, 0x71, 0x02, 0x1D, 0x6F, 0x02, 0x1D, 0x6F, 0x02, 0x1E, 0x6F, 0x02, 0x1E, 0x70, 0x02, 0x1E, 0x70, 0x02, 0x1F, 0x72, 0x02, 0x1F, 0x75, 
        0x02, 0x1F, 0x73, 0x03, 0x20, 0x76, 0x03, 0x21, 0x79, 0x03, 0x22, 0x7A, 0x03, 0x23, 0x7A, 0x03, 0x23, 0x7A, 0x03, 0x22, 0x79, 0x03, 0x22, 0x79, 0x03, 0x22, 0x79, 0x03, 0x22, 0x7A, 0x03, 0x23, 0x7B, 0x03, 0x23, 0x7B, 0x03, 0x22, 0x7D, 
        0x03, 0x24, 0x7E, 0x03, 0x25, 0x80, 0x03, 0x25, 0x82, 0x03, 0x25, 0x82, 0x03, 0x25, 0x82, 0x04, 0x25, 0x82, 0x04, 0x25, 0x82, 0x04, 0x26, 0x84, 0x04, 0x27, 0x84, 0x04, 0x27, 0x86, 0x04, 0x28, 0x86, 0x05, 0x28, 0x86, 0x05, 0x27, 0x86, 
        0x05, 0x28, 0x88, 0x05, 0x28, 0x88, 0x05, 0x28, 0x89, 0x05, 0x28, 0x89, 0x05, 0x29, 0x89, 0x05, 0x29, 0x87, 0x05, 0x29, 0x87, 0x05, 0x29, 0x87, 0x05, 0x28, 0x87, 0x05, 0x28, 0x88, 0x05, 0x28, 0x88, 0x06, 0x29, 0x88, 0x06, 0x29, 0x87, 
        0x06, 0x29, 0x87, 0x06, 0x29, 0x87, 0x06, 0x2A, 0x89, 0x06, 0x29, 0x88, 0x06, 0x29, 0x86, 0x06, 0x29, 0x88, 0x06, 0x29, 0x88, 0x07, 0x29, 0x89, 0x07, 0x2A, 0x89, 0x07, 0x2B, 0x8A, 0x07, 0x2B, 0x8C, 0x07, 0x2B, 0x8A, 0x07, 0x2B, 0x8A, 
        0x07, 0x2B, 0x8A, 0x07, 0x2C, 0x8C, 0x07, 0x2C, 0x8D, 0x07, 0x2C, 0x8B, 0x07, 0x2C, 0x8B, 0x07, 0x2D, 0x8B, 0x08, 0x2E, 0x8D, 0x08, 0x2E, 0x8D, 0x08, 0x2E, 0x8D, 0x08, 0x2F, 0x8F, 0x08, 0x2F, 0x8F, 0x08, 0x30, 0x8F, 0x08, 0x30, 0x8F, 
        0x09, 0x2F, 0x8F, 0x09, 0x2F, 0x8E, 0x09, 0x2D, 0x8E, 0x09, 0x2D, 0x8F, 0x09, 0x2D, 0x8F, 0x09, 0x2D, 0x8D, 0x09, 0x2D, 0x8D, 0x09, 0x2E, 0x8F, 0x09, 0x2F, 0x8F, 0x09, 0x30, 0x90, 0x09, 0x30, 0x90, 0x0A, 0x2F, 0x90, 0x0A, 0x30, 0x91, 
        0x0A, 0x31, 0x91, 0x0A, 0x30, 0x91, 0x0A, 0x31, 0x91, 0x0B, 0x32, 0x94, 0x0B, 0x33, 0x95, 0x0C, 0x35, 0x97, 0x0C, 0x36, 0x99, 0x0D, 0x38, 0x9A, 0x0E, 0x39, 0x9C, 0x0E, 0x3A, 0x9D, 0x0E, 0x3B, 0x9D, 0x0E, 0x3A, 0x9D, 0x0F, 0x3B, 0x9E, 
        0x0F, 0x3D, 0xA0, 0x0F, 0x3D, 0xA0, 0x0F, 0x3E, 0xA1, 0x10, 0x40, 0xA1, 0x11, 0x41, 0xA5, 0x12, 0x41, 0xA5, 0x13, 0x44, 0xA8, 0x14, 0x4A, 0xAB, 0x16, 0x4D, 0xAD, 0x17, 0x50, 0xAF, 0x17, 0x51, 0xB0, 0x17, 0x51, 0xB0, 0x17, 0x50, 0xAF, 
        0x17, 0x4D, 0xAD, 0x15, 0x4B, 0xAA, 0x14, 0x47, 0xA7, 0x14, 0x43, 0xA5, 0x13, 0x42, 0xA3, 0x13, 0x40, 0xA2, 0x11, 0x3E, 0xA1, 0x11, 0x3D, 0xA0, 0x11, 0x3D, 0xA0, 0x12, 0x3C, 0xA0, 0x12, 0x3D, 0x9E, 0x12, 0x3E, 0x9E, 0x12, 0x3E, 0x9E, 
        0x12, 0x3D, 0x9E, 0x12, 0x3D, 0x9E, 0x13, 0x3E, 0x9F, 0x14, 0x41, 0xA1, 0x14, 0x41, 0xA1, 0x14, 0x40, 0x9F, 0x13, 0x3F, 0x9F, 0x14, 0x3F, 0xA0, 0x14, 0x3F, 0xA0, 0x14, 0x3F, 0xA0, 0x14, 0x3F, 0xA0, 0x15, 0x40, 0xA0, 0x15, 0x41, 0xA0, 
        0x16, 0x42, 0xA0, 0x16, 0x42, 0xA2, 0x16, 0x43, 0xA3, 0x16, 0x43, 0xA3, 0x16, 0x43, 0xA3, 0x17, 0x45, 0xA3, 0x17, 0x43, 0xA3, 0x17, 0x43, 0xA4, 0x17, 0x43, 0xA3, 0x17, 0x43, 0xA1, 0x17, 0x43, 0xA2, 0x17, 0x43, 0xA2, 0x17, 0x43, 0xA2, 
        0x17, 0x44, 0xA2, 0x18, 0x44, 0xA4, 0x17, 0x46, 0x9C,
  0x06, 0x28, 0x88, 0x04, 0x25, 0x85, 0x04, 0x24, 0x80, 0x03, 0x22, 0x7C, 0x03, 0x20, 0x77, 0x03, 0x1E, 0x77, 0x02, 0x1E, 0x72, 0x02, 0x1D, 0x6F, 0x02, 0x1D, 0x6F, 0x02, 0x1D, 0x6F, 0x02, 0x1E, 0x71, 0x02, 0x1E, 0x72, 0x02, 0x1F, 0x72, 0x02, 0x1F, 0x75, 
        0x02, 0x1F, 0x75, 0x03, 0x20, 0x76, 0x03, 0x21, 0x78, 0x03, 0x22, 0x7A, 0x03, 0x21, 0x79, 0x03, 0x23, 0x7A, 0x03, 0x23, 0x7A, 0x03, 0x22, 0x79, 0x03, 0x22, 0x79, 0x03, 0x23, 0x7A, 0x03, 0x23, 0x7B, 0x03, 0x23, 0x7B, 0x03, 0x22, 0x7D, 
        0x03, 0x23, 0x7E, 0x03, 0x25, 0x80, 0x03, 0x25, 0x81, 0x03, 0x25, 0x82, 0x03, 0x25, 0x82, 0x04, 0x25, 0x82, 0x04, 0x25, 0x82, 0x04, 0x26, 0x84, 0x04, 0x26, 0x85, 0x04, 0x27, 0x85, 0x04, 0x28, 0x86, 0x05, 0x28, 0x86, 0x05, 0x28, 0x88, 
        0x05, 0x28, 0x88, 0x05, 0x28, 0x88, 0x05, 0x28, 0x88, 0x05, 0x28, 0x89, 0x05, 0x28, 0x89, 0x06, 0x29, 0x89, 0x05, 0x29, 0x87, 0x05, 0x29, 0x87, 0x05, 0x29, 0x87, 0x05, 0x28, 0x87, 0x05, 0x28, 0x88, 0x06, 0x29, 0x88, 0x06, 0x28, 0x87, 
        0x06, 0x29, 0x87, 0x06, 0x29, 0x87, 0x06, 0x2A, 0x88, 0x06, 0x29, 0x88, 0x06, 0x29, 0x86, 0x06, 0x29, 0x88, 0x07, 0x29, 0x89, 0x07, 0x29, 0x89, 0x07, 0x2A, 0x89, 0x07, 0x2B, 0x89, 0x07, 0x2B, 0x8C, 0x07, 0x2B, 0x8A, 0x07, 0x2B, 0x8A, 
        0x07, 0x2B, 0x8A, 0x07, 0x2C, 0x8C, 0x08, 0x2B, 0x8C, 0x07, 0x2B, 0x8B, 0x07, 0x2C, 0x8B, 0x07, 0x2D, 0x8B, 0x08, 0x2E, 0x8D, 0x08, 0x2E, 0x8D, 0x08, 0x2E, 0x8D, 0x08, 0x2F, 0x8E, 0x08, 0x2F, 0x8F, 0x09, 0x2E, 0x8F, 0x09, 0x2F, 0x8F, 
        0x09, 0x2F, 0x8F, 0x09, 0x2D, 0x8E, 0x09, 0x2D, 0x8E, 0x09, 0x2D, 0x8E, 0x09, 0x2D, 0x8D, 0x09, 0x2D, 0x8D, 0x09, 0x2D, 0x8D, 0x09, 0x2F, 0x8D, 0x09, 0x2F, 0x8D, 0x09, 0x30, 0x8F, 0x09, 0x30, 0x90, 0x0A, 0x30, 0x90, 0x0A, 0x31, 0x91, 
        0x0A, 0x31, 0x91, 0x0A, 0x30, 0x90, 0x0A, 0x31, 0x91, 0x0B, 0x32, 0x93, 0x0B, 0x32, 0x94, 0x0C, 0x33, 0x94, 0x0C, 0x35, 0x95, 0x0D, 0x36, 0x97, 0x0D, 0x37, 0x99, 0x0D, 0x37, 0x99, 0x0D, 0x39, 0x9A, 0x0E, 0x3A, 0x9B, 0x0E, 0x3A, 0x9D, 
        0x0E, 0x3A, 0x9D, 0x0F, 0x3B, 0x9E, 0x0F, 0x3D, 0x9F, 0x10, 0x40, 0xA1, 0x11, 0x41, 0xA4, 0x12, 0x43, 0xA8, 0x13, 0x48, 0xA9, 0x16, 0x4D, 0xAD, 0x17, 0x52, 0xB0, 0x18, 0x54, 0xB1, 0x18, 0x54, 0xB1, 0x18, 0x53, 0xB1, 0x18, 0x53, 0xB1, 
        0x18, 0x50, 0xAF, 0x17, 0x4D, 0xAC, 0x15, 0x48, 0xA8, 0x14, 0x45, 0xA6, 0x13, 0x43, 0xA3, 0x13, 0x40, 0xA0, 0x11, 0x3F, 0x9F, 0x11, 0x3D, 0xA0, 0x11, 0x3D, 0xA0, 0x11, 0x3C, 0x9E, 0x12, 0x3C, 0x9D, 0x12, 0x3E, 0x9D, 0x12, 0x3D, 0x9D, 
        0x12, 0x3C, 0x9B, 0x12, 0x3C, 0x9E, 0x14, 0x3F, 0x9F, 0x15, 0x41, 0xA1, 0x14, 0x40, 0xA1, 0x14, 0x3F, 0x9F, 0x13, 0x3F, 0x9F, 0x14, 0x3F, 0x9F, 0x14, 0x40, 0xA0, 0x14, 0x3F, 0xA0, 0x15, 0x40, 0xA0, 0x15, 0x40, 0xA0, 0x15, 0x41, 0xA0, 
        0x16, 0x41, 0xA0, 0x16, 0x42, 0xA2, 0x16, 0x43, 0xA2, 0x16, 0x43, 0xA3, 0x17, 0x45, 0xA3, 0x17, 0x43, 0xA3, 0x17, 0x43, 0xA3, 0x17, 0x43, 0xA3, 0x17, 0x42, 0xA1, 0x17, 0x40, 0xA1, 0x17, 0x43, 0xA0, 0x17, 0x44, 0xA1, 0x17, 0x44, 0xA1, 
        0x17, 0x44, 0xA2, 0x17, 0x44, 0xA2, 0x17, 0x46, 0x99,
  0x07, 0x2B, 0x8D, 0x05, 0x29, 0x8B, 0x05, 0x26, 0x88, 0x04, 0x24, 0x82, 0x03, 0x22, 0x7C, 0x03, 0x20, 0x7A, 0x02, 0x1E, 0x74, 0x02, 0x1D, 0x6F, 0x02, 0x1D, 0x6F, 0x02, 0x1D, 0x6F, 0x02, 0x1D, 0x6F, 0x02, 0x1F, 0x71, 0x02, 0x1F, 0x73, 0x03, 0x1F, 0x75, 
        0x03, 0x1F, 0x75, 0x03, 0x20, 0x78, 0x03, 0x22, 0x79, 0x03, 0x22, 0x79, 0x03, 0x21, 0x79, 0x03, 0x22, 0x7A, 0x03, 0x23, 0x79, 0x03, 0x23, 0x7A, 0x03, 0x23, 0x79, 0x03, 0x24, 0x7A, 0x03, 0x24, 0x7C, 0x03, 0x24, 0x7D, 0x03, 0x22, 0x7D, 
        0x03, 0x23, 0x7E, 0x03, 0x24, 0x80, 0x03, 0x25, 0x81, 0x03, 0x25, 0x81, 0x03, 0x25, 0x82, 0x04, 0x25, 0x82, 0x04, 0x26, 0x84, 0x04, 0x26, 0x84, 0x04, 0x27, 0x85, 0x04, 0x27, 0x87, 0x04, 0x28, 0x85, 0x05, 0x28, 0x88, 0x05, 0x28, 0x88, 
        0x05, 0x28, 0x88, 0x05, 0x28, 0x89, 0x05, 0x28, 0x89, 0x05, 0x28, 0x89, 0x06, 0x2A, 0x8A, 0x06, 0x28, 0x89, 0x06, 0x29, 0x89, 0x05, 0x29, 0x87, 0x05, 0x29, 0x87, 0x05, 0x29, 0x87, 0x05, 0x29, 0x87, 0x06, 0x29, 0x88, 0x06, 0x29, 0x88, 
        0x06, 0x28, 0x87, 0x06, 0x2A, 0x88, 0x06, 0x2A, 0x88, 0x06, 0x29, 0x87, 0x06, 0x29, 0x86, 0x06, 0x29, 0x88, 0x06, 0x29, 0x89, 0x07, 0x29, 0x89, 0x07, 0x2A, 0x89, 0x07, 0x2A, 0x89, 0x07, 0x2B, 0x8B, 0x07, 0x2B, 0x8A, 0x07, 0x2B, 0x8A, 
        0x07, 0x2C, 0x8A, 0x08, 0x2C, 0x8C, 0x08, 0x2B, 0x8C, 0x08, 0x2B, 0x8A, 0x08, 0x2B, 0x8B, 0x07, 0x2E, 0x8D, 0x08, 0x2E, 0x8D, 0x08, 0x2E, 0x8D, 0x08, 0x2E, 0x8D, 0x08, 0x2F, 0x8E, 0x08, 0x2F, 0x8E, 0x08, 0x2E, 0x8F, 0x09, 0x2E, 0x8F, 
        0x09, 0x2F, 0x8F, 0x09, 0x2D, 0x8E, 0x09, 0x2D, 0x8E, 0x09, 0x2C, 0x8C, 0x09, 0x2D, 0x8B, 0x09, 0x2F, 0x8C, 0x09, 0x2D, 0x8C, 0x09, 0x2F, 0x8C, 0x09, 0x2F, 0x8D, 0x09, 0x30, 0x8D, 0x0A, 0x31, 0x8F, 0x0A, 0x30, 0x90, 0x0B, 0x31, 0x91, 
        0x0A, 0x31, 0x90, 0x0A, 0x30, 0x90, 0x0A, 0x31, 0x90, 0x0B, 0x31, 0x91, 0x0C, 0x32, 0x91, 0x0C, 0x32, 0x92, 0x0B, 0x32, 0x92, 0x0C, 0x33, 0x92, 0x0C, 0x35, 0x94, 0x0C, 0x35, 0x95, 0x0D, 0x37, 0x97, 0x0E, 0x39, 0x9A, 0x0E, 0x3A, 0x9B, 
        0x0E, 0x3A, 0x9B, 0x0E, 0x3A, 0x9B, 0x0F, 0x3D, 0x9E, 0x10, 0x40, 0xA1, 0x12, 0x43, 0xA7, 0x13, 0x48, 0xA9, 0x15, 0x4C, 0xAD, 0x16, 0x51, 0xB0, 0x18, 0x54, 0xB2, 0x18, 0x55, 0xB2, 0x18, 0x55, 0xB2, 0x1A, 0x57, 0xB3, 0x1A, 0x56, 0xB2, 
        0x18, 0x53, 0xB1, 0x17, 0x4F, 0xAD, 0x16, 0x4A, 0xAA, 0x15, 0x48, 0xA7, 0x14, 0x43, 0xA3, 0x13, 0x42, 0xA2, 0x12, 0x3F, 0xA0, 0x11, 0x3E, 0x9F, 0x11, 0x3D, 0xA0, 0x11, 0x3C, 0x9E, 0x11, 0x3C, 0x9D, 0x12, 0x3D, 0x9B, 0x12, 0x3E, 0x9D, 
        0x12, 0x3D, 0x9D, 0x12, 0x3C, 0x9B, 0x14, 0x3D, 0x9E, 0x14, 0x3F, 0x9F, 0x14, 0x40, 0xA1, 0x14, 0x3E, 0x9F, 0x14, 0x3E, 0x9F, 0x14, 0x40, 0x9F, 0x15, 0x41, 0xA1, 0x15, 0x3F, 0xA2, 0x15, 0x40, 0xA0, 0x15, 0x41, 0xA0, 0x15, 0x41, 0xA0, 
        0x15, 0x41, 0xA0, 0x16, 0x42, 0xA0, 0x16, 0x43, 0xA2, 0x16, 0x43, 0xA2, 0x17, 0x43, 0xA1, 0x17, 0x43, 0xA1, 0x17, 0x42, 0xA1, 0x17, 0x42, 0xA1, 0x17, 0x42, 0xA0, 0x17, 0x42, 0xA1, 0x19, 0x43, 0xA1, 0x18, 0x44, 0xA1, 0x17, 0x43, 0xA1, 
        0x17, 0x43, 0xA1, 0x18, 0x44, 0xA2, 0x18, 0x48, 0x9C,
  0x08, 0x2F, 0x94, 0x06, 0x2D, 0x91, 0x05, 0x29, 0x8B, 0x04, 0x26, 0x85, 0x03, 0x23, 0x7F, 0x03, 0x22, 0x7A, 0x03, 0x1F, 0x74, 0x02, 0x1E, 0x71, 0x02, 0x1E, 0x72, 0x02, 0x1E, 0x72, 0x02, 0x1E, 0x72, 0x02, 0x1E, 0x72, 0x02, 0x1F, 0x72, 0x02, 0x1F, 0x75, 
        0x03, 0x20, 0x76, 0x03, 0x21, 0x78, 0x03, 0x22, 0x79, 0x03, 0x22, 0x79, 0x03, 0x22, 0x79, 0x03, 0x22, 0x7A, 0x03, 0x22, 0x7C, 0x03, 0x23, 0x7C, 0x03, 0x23, 0x7C, 0x03, 0x24, 0x7D, 0x03, 0x24, 0x7C, 0x03, 0x23, 0x7D, 0x03, 0x23, 0x7D, 
        0x03, 0x24, 0x7E, 0x03, 0x24, 0x80, 0x04, 0x24, 0x80, 0x04, 0x25, 0x80, 0x04, 0x26, 0x81, 0x04, 0x26, 0x82, 0x04, 0x25, 0x82, 0x04, 0x25, 0x82, 0x04, 0x25, 0x82, 0x04, 0x26, 0x84, 0x05, 0x26, 0x85, 0x05, 0x28, 0x85, 0x05, 0x28, 0x88, 
        0x05, 0x28, 0x88, 0x05, 0x2A, 0x88, 0x06, 0x2A, 0x88, 0x06, 0x28, 0x88, 0x06, 0x28, 0x88, 0x06, 0x2A, 0x87, 0x06, 0x2A, 0x87, 0x05, 0x29, 0x87, 0x05, 0x29, 0x87, 0x05, 0x28, 0x86, 0x05, 0x28, 0x86, 0x06, 0x29, 0x87, 0x06, 0x28, 0x87, 
        0x06, 0x29, 0x88, 0x06, 0x29, 0x88, 0x06, 0x2A, 0x88, 0x06, 0x29, 0x87, 0x06, 0x29, 0x87, 0x06, 0x29, 0x88, 0x06, 0x2A, 0x88, 0x06, 0x2A, 0x88, 0x07, 0x2A, 0x89, 0x07, 0x2A, 0x89, 0x07, 0x2B, 0x89, 0x07, 0x2B, 0x88, 0x07, 0x2B, 0x89, 
        0x07, 0x2B, 0x8A, 0x07, 0x2B, 0x8A, 0x07, 0x2B, 0x8A, 0x08, 0x2B, 0x8A, 0x08, 0x2C, 0x8C, 0x08, 0x2D, 0x8D, 0x08, 0x2D, 0x8D, 0x08, 0x2E, 0x8D, 0x08, 0x2E, 0x8D, 0x08, 0x2E, 0x8D, 0x08, 0x2E, 0x8D, 0x08, 0x2E, 0x8D, 0x08, 0x2D, 0x8E, 
        0x09, 0x2C, 0x8C, 0x09, 0x2D, 0x8C, 0x09, 0x2D, 0x8C, 0x09, 0x2D, 0x8C, 0x09, 0x2D, 0x8C, 0x09, 0x2D, 0x8C, 0x09, 0x2F, 0x8D, 0x0A, 0x2F, 0x8F, 0x0A, 0x30, 0x90, 0x0A, 0x30, 0x90, 0x0A, 0x31, 0x90, 0x0A, 0x31, 0x8F, 0x0A, 0x31, 0x90, 
        0x0A, 0x31, 0x90, 0x0A, 0x31, 0x90, 0x0A, 0x31, 0x91, 0x0A, 0x32, 0x93, 0x0B, 0x32, 0x91, 0x0B, 0x32, 0x91, 0x0B, 0x33, 0x92, 0x0C, 0x33, 0x92, 0x0C, 0x33, 0x94, 0x0C, 0x35, 0x94, 0x0D, 0x35, 0x95, 0x0E, 0x37, 0x99, 0x0E, 0x37, 0x99, 
        0x0E, 0x39, 0x9B, 0x0E, 0x3A, 0x9B, 0x0F, 0x3B, 0x9D, 0x10, 0x3E, 0xA0, 0x12, 0x41, 0xA4, 0x13, 0x46, 0xA7, 0x15, 0x4B, 0xAB, 0x16, 0x50, 0xAF, 0x17, 0x53, 0xB1, 0x1A, 0x57, 0xB3, 0x1A, 0x59, 0xB4, 0x1D, 0x59, 0xB4, 0x1A, 0x57, 0xB3, 
        0x1A, 0x55, 0xB0, 0x18, 0x51, 0xAE, 0x17, 0x4B, 0xAA, 0x15, 0x47, 0xA8, 0x14, 0x43, 0xA5, 0x13, 0x42, 0xA3, 0x12, 0x3F, 0xA0, 0x12, 0x3D, 0x9F, 0x11, 0x3D, 0x9D, 0x11, 0x3C, 0x9E, 0x11, 0x3C, 0x9D, 0x11, 0x3C, 0x9D, 0x12, 0x3C, 0x9E, 
        0x12, 0x3D, 0x9E, 0x12, 0x3D, 0x9E, 0x13, 0x3D, 0x9E, 0x13, 0x3D, 0x9F, 0x13, 0x3E, 0x9E, 0x14, 0x3E, 0x9E, 0x14, 0x3E, 0x9E, 0x14, 0x3F, 0x9F, 0x15, 0x41, 0x9F, 0x15, 0x41, 0xA1, 0x15, 0x41, 0xA0, 0x15, 0x41, 0xA0, 0x15, 0x41, 0xA0, 
        0x15, 0x42, 0xA2, 0x15, 0x42, 0xA2, 0x17, 0x42, 0xA2, 0x17, 0x43, 0xA2, 0x17, 0x43, 0xA0, 0x16, 0x42, 0xA1, 0x16, 0x42, 0xA1, 0x16, 0x42, 0xA1, 0x17, 0x43, 0xA1, 0x17, 0x43, 0xA1, 0x17, 0x43, 0xA1, 0x17, 0x43, 0xA1, 0x17, 0x44, 0xA1, 
        0x18, 0x44, 0xA2, 0x19, 0x44, 0xA4, 0x18, 0x48, 0x9C,
  0x08, 0x32, 0x96, 0x06, 0x2E, 0x93, 0x05, 0x2A, 0x8E, 0x04, 0x26, 0x86, 0x03, 0x23, 0x7F, 0x03, 0x22, 0x79, 0x03, 0x1F, 0x74, 0x02, 0x1E, 0x73, 0x02, 0x1E, 0x74, 0x02, 0x1E, 0x72, 0x02, 0x1E, 0x74, 0x02, 0x1E, 0x74, 0x03, 0x1F, 0x74, 0x02, 0x1F, 0x74, 
        0x03, 0x20, 0x76, 0x03, 0x22, 0x79, 0x03, 0x22, 0x79, 0x03, 0x22, 0x79, 0x03, 0x22, 0x79, 0x03, 0x22, 0x7B, 0x03, 0x22, 0x7D, 0x03, 0x23, 0x7D, 0x03, 0x24, 0x7F, 0x03, 0x24, 0x7D, 0x03, 0x23, 0x7D, 0x03, 0x23, 0x7D, 0x03, 0x23, 0x7C, 
        0x03, 0x24, 0x7E, 0x03, 0x24, 0x7E, 0x04, 0x24, 0x80, 0x04, 0x25, 0x80, 0x04, 0x26, 0x81, 0x04, 0x26, 0x81, 0x04, 0x25, 0x82, 0x04, 0x25, 0x81, 0x04, 0x25, 0x81, 0x04, 0x26, 0x82, 0x05, 0x26, 0x84, 0x05, 0x27, 0x85, 0x05, 0x28, 0x85, 
        0x05, 0x28, 0x88, 0x05, 0x2A, 0x88, 0x05, 0x2A, 0x88, 0x06, 0x2A, 0x88, 0x06, 0x2A, 0x88, 0x06, 0x2A, 0x86, 0x06, 0x2A, 0x87, 0x06, 0x28, 0x87, 0x06, 0x29, 0x86, 0x05, 0x29, 0x86, 0x05, 0x29, 0x86, 0x06, 0x28, 0x86, 0x06, 0x28, 0x86, 
        0x06, 0x29, 0x88, 0x06, 0x29, 0x88, 0x06, 0x29, 0x88, 0x06, 0x2A, 0x88, 0x06, 0x2A, 0x88, 0x06, 0x2A, 0x87, 0x06, 0x2A, 0x88, 0x06, 0x2A, 0x88, 0x06, 0x2A, 0x88, 0x07, 0x2B, 0x89, 0x07, 0x2B, 0x89, 0x07, 0x2B, 0x89, 0x07, 0x2B, 0x89, 
        0x07, 0x2B, 0x89, 0x07, 0x2B, 0x89, 0x07, 0x2B, 0x8A, 0x07, 0x2C, 0x8A, 0x08, 0x2D, 0x8A, 0x08, 0x2C, 0x8C, 0x08, 0x2C, 0x8D, 0x08, 0x2D, 0x8D, 0x08, 0x2D, 0x8D, 0x08, 0x2D, 0x8D, 0x08, 0x2D, 0x8D, 0x09, 0x2E, 0x8D, 0x09, 0x2D, 0x8B, 
        0x08, 0x2C, 0x8C, 0x09, 0x2C, 0x8C, 0x09, 0x2D, 0x8C, 0x09, 0x2D, 0x8C, 0x09, 0x2D, 0x8C, 0x09, 0x2D, 0x8E, 0x09, 0x2F, 0x8E, 0x0A, 0x2F, 0x90, 0x0A, 0x30, 0x92, 0x0A, 0x30, 0x92, 0x0A, 0x30, 0x92, 0x0A, 0x31, 0x8F, 0x0A, 0x31, 0x8F, 
        0x0A, 0x31, 0x90, 0x0A, 0x31, 0x91, 0x0A, 0x32, 0x91, 0x0A, 0x32, 0x93, 0x0B, 0x32, 0x91, 0x0B, 0x32, 0x91, 0x0C, 0x33, 0x91, 0x0C, 0x33, 0x92, 0x0C, 0x33, 0x94, 0x0D, 0x35, 0x95, 0x0D, 0x35, 0x95, 0x0D, 0x35, 0x95, 0x0D, 0x36, 0x97, 
        0x0E, 0x37, 0x99, 0x0E, 0x38, 0x9A, 0x0F, 0x3A, 0x9D, 0x10, 0x3D, 0x9F, 0x11, 0x40, 0xA2, 0x13, 0x45, 0xA6, 0x14, 0x4A, 0xA9, 0x16, 0x4F, 0xAD, 0x17, 0x54, 0xB0, 0x19, 0x58, 0xB3, 0x1D, 0x5C, 0xB4, 0x1F, 0x5A, 0xB5, 0x1C, 0x58, 0xB3, 
        0x1A, 0x56, 0xB1, 0x18, 0x52, 0xAF, 0x17, 0x4B, 0xAA, 0x15, 0x47, 0xA8, 0x14, 0x42, 0xA5, 0x13, 0x42, 0xA3, 0x13, 0x3F, 0xA0, 0x12, 0x3E, 0x9F, 0x12, 0x3D, 0x9D, 0x11, 0x3C, 0x9C, 0x11, 0x3C, 0x9D, 0x11, 0x3D, 0x9D, 0x12, 0x3C, 0x9D, 
        0x12, 0x3C, 0x9D, 0x13, 0x3E, 0x9E, 0x13, 0x3D, 0x9E, 0x13, 0x3D, 0x9D, 0x13, 0x3E, 0x9E, 0x14, 0x3F, 0x9E, 0x14, 0x3F, 0x9F, 0x14, 0x3F, 0x9F, 0x15, 0x3F, 0x9F, 0x15, 0x41, 0x9F, 0x15, 0x41, 0xA1, 0x15, 0x41, 0xA2, 0x15, 0x41, 0xA2, 
        0x15, 0x42, 0xA2, 0x16, 0x42, 0xA2, 0x16, 0x42, 0xA3, 0x16, 0x42, 0xA2, 0x17, 0x42, 0xA0, 0x17, 0x42, 0xA0, 0x17, 0x42, 0xA1, 0x17, 0x42, 0xA1, 0x17, 0x43, 0xA1, 0x17, 0x43, 0xA1, 0x17, 0x43, 0xA1, 0x17, 0x43, 0xA1, 0x18, 0x43, 0xA1, 
        0x19, 0x44, 0xA3, 0x19, 0x44, 0xA4, 0x18, 0x46, 0x9C,
  0x08, 0x32, 0x97, 0x06, 0x30, 0x93, 0x05, 0x2A, 0x8E, 0x04, 0x26, 0x86, 0x03, 0x23, 0x7F, 0x03, 0x20, 0x79, 0x03, 0x1F, 0x74, 0x02, 0x1E, 0x73, 0x02, 0x1E, 0x73, 0x02, 0x1E, 0x72, 0x02, 0x1E, 0x74, 0x02, 0x1E, 0x74, 0x03, 0x1F, 0x74, 0x03, 0x1F, 0x74, 
        0x03, 0x20, 0x75, 0x03, 0x22, 0x79, 0x03, 0x22, 0x79, 0x03, 0x23, 0x7B, 0x03, 0x23, 0x7B, 0x03, 0x23, 0x7C, 0x03, 0x23, 0x7C, 0x03, 0x23, 0x7F, 0x03, 0x23, 0x7F, 0x03, 0x24, 0x7F, 0x03, 0x24, 0x7D, 0x03, 0x24, 0x7D, 0x03, 0x23, 0x7C, 
        0x03, 0x24, 0x7D, 0x03, 0x24, 0x7E, 0x04, 0x24, 0x80, 0x04, 0x25, 0x80, 0x04, 0x25, 0x81, 0x04, 0x26, 0x81, 0x04, 0x25, 0x81, 0x04, 0x25, 0x82, 0x04, 0x25, 0x82, 0x04, 0x26, 0x82, 0x05, 0x26, 0x84, 0x05, 0x27, 0x85, 0x05, 0x27, 0x85, 
        0x05, 0x28, 0x87, 0x05, 0x2A, 0x88, 0x06, 0x2A, 0x89, 0x06, 0x2A, 0x89, 0x06, 0x2A, 0x89, 0x06, 0x2A, 0x86, 0x06, 0x2A, 0x86, 0x06, 0x2A, 0x89, 0x06, 0x2A, 0x89, 0x06, 0x29, 0x87, 0x05, 0x28, 0x86, 0x06, 0x28, 0x86, 0x06, 0x28, 0x86, 
        0x06, 0x29, 0x87, 0x06, 0x29, 0x88, 0x06, 0x29, 0x88, 0x06, 0x29, 0x88, 0x06, 0x2A, 0x88, 0x06, 0x29, 0x87, 0x06, 0x29, 0x87, 0x06, 0x2A, 0x88, 0x06, 0x2A, 0x88, 0x07, 0x2A, 0x89, 0x07, 0x2A, 0x89, 0x07, 0x2B, 0x89, 0x07, 0x2B, 0x89, 
        0x07, 0x2B, 0x89, 0x07, 0x2B, 0x89, 0x07, 0x2B, 0x89, 0x07, 0x2B, 0x8A, 0x07, 0x2B, 0x8A, 0x08, 0x2C, 0x8C, 0x08, 0x2C, 0x8C, 0x08, 0x2C, 0x8D, 0x08, 0x2D, 0x8D, 0x08, 0x2E, 0x8D, 0x08, 0x2E, 0x8D, 0x09, 0x2E, 0x8D, 0x09, 0x2D, 0x8B, 
        0x08, 0x2C, 0x8B, 0x08, 0x2C, 0x8C, 0x09, 0x2D, 0x8C, 0x09, 0x2D, 0x8C, 0x09, 0x2F, 0x8E, 0x09, 0x2F, 0x8E, 0x0A, 0x30, 0x8F, 0x0A, 0x30, 0x91, 0x0A, 0x30, 0x92, 0x0B, 0x30, 0x92, 0x0B, 0x30, 0x92, 0x0A, 0x30, 0x8F, 0x0A, 0x31, 0x8F, 
        0x0A, 0x31, 0x90, 0x0A, 0x31, 0x91, 0x0B, 0x31, 0x91, 0x0B, 0x31, 0x93, 0x0B, 0x32, 0x91, 0x0B, 0x32, 0x91, 0x0B, 0x32, 0x91, 0x0C, 0x33, 0x91, 0x0C, 0x33, 0x94, 0x0D, 0x33, 0x94, 0x0D, 0x33, 0x95, 0x0D, 0x35, 0x95, 0x0D, 0x35, 0x97, 
        0x0E, 0x36, 0x99, 0x0E, 0x37, 0x99, 0x0F, 0x3A, 0x9D, 0x10, 0x3D, 0x9F, 0x12, 0x41, 0xA3, 0x13, 0x46, 0xA7, 0x15, 0x4B, 0xAA, 0x17, 0x51, 0xAE, 0x19, 0x55, 0xB1, 0x1B, 0x59, 0xB4, 0x1E, 0x5B, 0xB6, 0x1F, 0x5C, 0xB6, 0x1D, 0x59, 0xB4, 
        0x1C, 0x57, 0xB1, 0x1A, 0x53, 0xAF, 0x17, 0x4C, 0xAB, 0x15, 0x47, 0xA9, 0x14, 0x42, 0xA6, 0x13, 0x41, 0xA3, 0x13, 0x3F, 0xA0, 0x13, 0x3D, 0x9F, 0x12, 0x3D, 0x9D, 0x11, 0x3C, 0x9C, 0x11, 0x3C, 0x9C, 0x12, 0x3D, 0x9D, 0x12, 0x3D, 0x9D, 
        0x12, 0x3D, 0x9D, 0x13, 0x3C, 0x9D, 0x14, 0x3E, 0x9E, 0x14, 0x3E, 0x9E, 0x14, 0x40, 0x9E, 0x14, 0x40, 0x9F, 0x15, 0x3F, 0x9F, 0x15, 0x3F, 0x9F, 0x15, 0x3F, 0x9F, 0x15, 0x3E, 0x9F, 0x16, 0x41, 0x9F, 0x16, 0x42, 0xA1, 0x15, 0x42, 0xA2, 
        0x15, 0x42, 0xA2, 0x16, 0x42, 0xA2, 0x15, 0x42, 0xA2, 0x16, 0x42, 0xA2, 0x17, 0x41, 0xA0, 0x17, 0x43, 0xA0, 0x17, 0x43, 0xA0, 0x17, 0x43, 0xA3, 0x17, 0x43, 0xA3, 0x17, 0x43, 0xA1, 0x17, 0x43, 0xA1, 0x18, 0x43, 0xA1, 0x19, 0x43, 0xA1, 
        0x19, 0x45, 0xA3, 0x19, 0x44, 0xA3, 0x19, 0x48, 0x9C,
  0x08, 0x32, 0x97, 0x06, 0x2F, 0x93, 0x04, 0x2A, 0x8D, 0x04, 0x26, 0x86, 0x03, 0x23, 0x7F, 0x03, 0x20, 0x79, 0x02, 0x1E, 0x74, 0x03, 0x1F, 0x73, 0x02, 0x1E, 0x73, 0x02, 0x1E, 0x73, 0x02, 0x1E, 0x74, 0x03, 0x1F, 0x74, 0x03, 0x1F, 0x74, 0x03, 0x1F, 0x74, 
        0x03, 0x20, 0x75, 0x03, 0x22, 0x78, 0x03, 0x23, 0x7B, 0x03, 0x23, 0x7B, 0x03, 0x23, 0x7B, 0x03, 0x23, 0x7E, 0x03, 0x24, 0x7F, 0x03, 0x23, 0x7E, 0x03, 0x23, 0x7F, 0x03, 0x23, 0x7F, 0x03, 0x24, 0x7F, 0x03, 0x24, 0x7D, 0x03, 0x23, 0x7C, 
        0x03, 0x24, 0x7D, 0x03, 0x24, 0x7D, 0x04, 0x24, 0x80, 0x04, 0x25, 0x80, 0x04, 0x25, 0x81, 0x04, 0x25, 0x81, 0x04, 0x26, 0x81, 0x04, 0x25, 0x81, 0x04, 0x26, 0x82, 0x05, 0x26, 0x84, 0x05, 0x26, 0x84, 0x05, 0x27, 0x85, 0x05, 0x27, 0x85, 
        0x05, 0x28, 0x87, 0x05, 0x2A, 0x87, 0x06, 0x2A, 0x89, 0x06, 0x2B, 0x89, 0x06, 0x2B, 0x89, 0x06, 0x28, 0x86, 0x06, 0x2A, 0x88, 0x07, 0x2B, 0x89, 0x07, 0x2A, 0x89, 0x06, 0x28, 0x87, 0x06, 0x28, 0x86, 0x06, 0x28, 0x86, 0x06, 0x28, 0x86, 
        0x06, 0x29, 0x87, 0x06, 0x29, 0x87, 0x06, 0x29, 0x88, 0x06, 0x29, 0x88, 0x06, 0x29, 0x88, 0x06, 0x29, 0x87, 0x07, 0x2A, 0x87, 0x07, 0x2A, 0x87, 0x07, 0x2A, 0x89, 0x07, 0x2A, 0x89, 0x07, 0x2B, 0x89, 0x07, 0x2B, 0x89, 0x07, 0x2B, 0x89, 
        0x07, 0x2B, 0x89, 0x07, 0x2B, 0x88, 0x07, 0x2B, 0x89, 0x07, 0x2B, 0x89, 0x07, 0x2B, 0x8A, 0x08, 0x2B, 0x8A, 0x08, 0x2C, 0x8C, 0x08, 0x2C, 0x8C, 0x08, 0x2C, 0x8D, 0x08, 0x2E, 0x8D, 0x08, 0x2E, 0x8D, 0x09, 0x2E, 0x8D, 0x09, 0x2D, 0x8D, 
        0x09, 0x2D, 0x8B, 0x09, 0x2E, 0x8D, 0x09, 0x2D, 0x8C, 0x09, 0x2E, 0x8E, 0x0A, 0x30, 0x8F, 0x0A, 0x30, 0x91, 0x0A, 0x31, 0x91, 0x0A, 0x31, 0x92, 0x0A, 0x31, 0x92, 0x0B, 0x31, 0x93, 0x0B, 0x30, 0x92, 0x0B, 0x30, 0x90, 0x0B, 0x30, 0x90, 
        0x0B, 0x31, 0x90, 0x0B, 0x31, 0x90, 0x0B, 0x31, 0x91, 0x0B, 0x32, 0x93, 0x0B, 0x32, 0x91, 0x0B, 0x32, 0x91, 0x0B, 0x32, 0x91, 0x0C, 0x32, 0x91, 0x0D, 0x33, 0x93, 0x0D, 0x33, 0x95, 0x0D, 0x33, 0x95, 0x0D, 0x35, 0x95, 0x0D, 0x35, 0x97, 
        0x0E, 0x37, 0x99, 0x0E, 0x38, 0x9A, 0x0F, 0x3A, 0x9C, 0x10, 0x3E, 0xA0, 0x12, 0x43, 0xA4, 0x13, 0x48, 0xA8, 0x16, 0x4D, 0xAB, 0x17, 0x53, 0xAF, 0x19, 0x58, 0xB2, 0x1C, 0x5B, 0xB4, 0x1E, 0x5E, 0xB7, 0x1E, 0x5B, 0xB7, 0x1D, 0x5B, 0xB4, 
        0x1D, 0x58, 0xB3, 0x1A, 0x53, 0xB0, 0x18, 0x4D, 0xAB, 0x16, 0x49, 0xA8, 0x14, 0x44, 0xA6, 0x14, 0x41, 0xA3, 0x13, 0x3E, 0xA0, 0x13, 0x3D, 0x9D, 0x12, 0x3D, 0x9C, 0x11, 0x3C, 0x9A, 0x12, 0x3C, 0x9C, 0x12, 0x3D, 0x9C, 0x13, 0x3D, 0x9D, 
        0x13, 0x3D, 0x9E, 0x13, 0x3D, 0x9E, 0x14, 0x3D, 0x9D, 0x14, 0x3E, 0x9E, 0x15, 0x40, 0x9E, 0x15, 0x40, 0x9E, 0x15, 0x3F, 0x9F, 0x15, 0x40, 0x9F, 0x15, 0x3F, 0x9F, 0x15, 0x3E, 0x9F, 0x16, 0x41, 0xA1, 0x16, 0x42, 0xA1, 0x16, 0x42, 0xA1, 
        0x16, 0x42, 0xA2, 0x16, 0x42, 0xA0, 0x16, 0x42, 0xA0, 0x16, 0x42, 0xA0, 0x16, 0x42, 0x9F, 0x18, 0x42, 0xA0, 0x19, 0x45, 0xA2, 0x19, 0x45, 0xA2, 0x19, 0x45, 0xA3, 0x18, 0x43, 0xA1, 0x19, 0x45, 0xA1, 0x19, 0x45, 0xA1, 0x19, 0x45, 0xA1, 
        0x1A, 0x45, 0xA1, 0x1A, 0x45, 0xA1, 0x19, 0x48, 0x99,
  0x07, 0x2F, 0x94, 0x05, 0x2D, 0x90, 0x04, 0x28, 0x8A, 0x04, 0x25, 0x82, 0x03, 0x22, 0x7D, 0x03, 0x20, 0x77, 0x03, 0x1E, 0x74, 0x03, 0x1E, 0x73, 0x03, 0x1F, 0x73, 0x02, 0x1E, 0x73, 0x03, 0x1F, 0x73, 0x03, 0x1F, 0x74, 0x03, 0x1F, 0x75, 0x03, 0x20, 0x75, 
        0x03, 0x20, 0x77, 0x03, 0x22, 0x78, 0x03, 0x23, 0x7A, 0x03, 0x24, 0x7C, 0x03, 0x24, 0x7E, 0x03, 0x24, 0x7F, 0x03, 0x24, 0x7F, 0x03, 0x24, 0x7F, 0x03, 0x24, 0x7F, 0x03, 0x24, 0x80, 0x03, 0x23, 0x7F, 0x03, 0x24, 0x7F, 0x03, 0x23, 0x7C, 
        0x03, 0x24, 0x7D, 0x03, 0x24, 0x7D, 0x04, 0x24, 0x7F, 0x04, 0x25, 0x80, 0x04, 0x25, 0x81, 0x04, 0x25, 0x81, 0x04, 0x25, 0x81, 0x04, 0x26, 0x81, 0x05, 0x26, 0x83, 0x05, 0x26, 0x84, 0x05, 0x26, 0x84, 0x05, 0x26, 0x84, 0x05, 0x27, 0x85, 
        0x05, 0x27, 0x85, 0x05, 0x28, 0x87, 0x05, 0x2A, 0x87, 0x05, 0x2A, 0x88, 0x05, 0x2A, 0x88, 0x06, 0x2A, 0x88, 0x06, 0x2A, 0x88, 0x07, 0x2B, 0x89, 0x06, 0x2A, 0x88, 0x06, 0x28, 0x87, 0x06, 0x28, 0x86, 0x06, 0x28, 0x86, 0x06, 0x28, 0x86, 
        0x06, 0x29, 0x87, 0x06, 0x29, 0x87, 0x06, 0x29, 0x87, 0x06, 0x29, 0x88, 0x06, 0x29, 0x88, 0x07, 0x29, 0x87, 0x07, 0x2A, 0x87, 0x07, 0x2A, 0x88, 0x07, 0x2A, 0x88, 0x07, 0x2B, 0x89, 0x07, 0x2B, 0x89, 0x07, 0x2B, 0x89, 0x07, 0x2B, 0x89, 
        0x07, 0x2A, 0x88, 0x07, 0x2A, 0x88, 0x07, 0x2B, 0x88, 0x07, 0x2B, 0x89, 0x07, 0x2B, 0x89, 0x07, 0x2B, 0x8A, 0x08, 0x2B, 0x8A, 0x08, 0x2C, 0x8C, 0x08, 0x2D, 0x8C, 0x08, 0x2D, 0x8E, 0x08, 0x2E, 0x8E, 0x09, 0x2E, 0x8D, 0x09, 0x2E, 0x8B, 
        0x09, 0x2D, 0x8B, 0x09, 0x2E, 0x8D, 0x09, 0x2E, 0x8D, 0x09, 0x2F, 0x8F, 0x0A, 0x2F, 0x8F, 0x0A, 0x31, 0x91, 0x0A, 0x31, 0x92, 0x0A, 0x31, 0x92, 0x0A, 0x31, 0x92, 0x0B, 0x31, 0x92, 0x0B, 0x31, 0x93, 0x0B, 0x30, 0x92, 0x0B, 0x30, 0x92, 
        0x0B, 0x30, 0x92, 0x0B, 0x31, 0x92, 0x0B, 0x31, 0x92, 0x0B, 0x31, 0x93, 0x0B, 0x32, 0x91, 0x0B, 0x32, 0x91, 0x0C, 0x32, 0x93, 0x0C, 0x32, 0x93, 0x0C, 0x32, 0x94, 0x0D, 0x33, 0x94, 0x0D, 0x33, 0x95, 0x0D, 0x35, 0x97, 0x0E, 0x36, 0x99, 
        0x0E, 0x38, 0x9A, 0x0F, 0x39, 0x9C, 0x10, 0x3D, 0x9F, 0x12, 0x40, 0xA1, 0x13, 0x45, 0xA7, 0x14, 0x49, 0xA9, 0x16, 0x50, 0xAE, 0x19, 0x55, 0xB1, 0x1B, 0x59, 0xB3, 0x1C, 0x5B, 0xB5, 0x1F, 0x5E, 0xB6, 0x20, 0x5D, 0xB8, 0x1C, 0x5A, 0xB4, 
        0x1D, 0x58, 0xB3, 0x1A, 0x53, 0xB0, 0x17, 0x4D, 0xAB, 0x15, 0x47, 0xA8, 0x15, 0x44, 0xA4, 0x14, 0x41, 0xA2, 0x13, 0x3E, 0x9F, 0x13, 0x3C, 0x9D, 0x13, 0x3D, 0x9D, 0x12, 0x3C, 0x9C, 0x13, 0x3D, 0x9C, 0x13, 0x3E, 0x9C, 0x13, 0x3E, 0x9C, 
        0x13, 0x3E, 0x9D, 0x14, 0x3E, 0x9E, 0x14, 0x3D, 0x9E, 0x15, 0x3D, 0x9D, 0x15, 0x40, 0x9E, 0x15, 0x3F, 0x9E, 0x15, 0x40, 0x9E, 0x15, 0x3F, 0x9F, 0x16, 0x40, 0xA1, 0x16, 0x3F, 0xA1, 0x16, 0x40, 0x9F, 0x16, 0x41, 0x9F, 0x16, 0x42, 0x9F, 
        0x16, 0x42, 0x9F, 0x16, 0x42, 0xA0, 0x16, 0x42, 0xA0, 0x16, 0x42, 0xA0, 0x18, 0x42, 0xA0, 0x18, 0x44, 0xA0, 0x19, 0x44, 0xA0, 0x19, 0x45, 0xA2, 0x19, 0x45, 0xA2, 0x19, 0x45, 0xA1, 0x19, 0x46, 0xA1, 0x1A, 0x46, 0xA1, 0x1A, 0x46, 0xA1, 
        0x1A, 0x45, 0xA1, 0x1A, 0x45, 0xA1, 0x19, 0x47, 0x9B,
  0x06, 0x2C, 0x90, 0x04, 0x2A, 0x8D, 0x04, 0x26, 0x87, 0x03, 0x24, 0x81, 0x02, 0x21, 0x7B, 0x03, 0x1F, 0x77, 0x03, 0x1E, 0x74, 0x03, 0x1E, 0x73, 0x03, 0x1E, 0x73, 0x02, 0x1E, 0x73, 0x03, 0x1F, 0x73, 0x03, 0x1F, 0x73, 0x03, 0x1F, 0x75, 0x03, 0x20, 0x75, 
        0x03, 0x20, 0x77, 0x03, 0x22, 0x78, 0x03, 0x22, 0x7A, 0x03, 0x24, 0x7D, 0x03, 0x25, 0x7F, 0x04, 0x24, 0x81, 0x04, 0x25, 0x81, 0x04, 0x25, 0x81, 0x04, 0x24, 0x81, 0x03, 0x24, 0x7F, 0x03, 0x24, 0x80, 0x03, 0x23, 0x7F, 0x03, 0x23, 0x7A, 
        0x03, 0x24, 0x7D, 0x03, 0x24, 0x7D, 0x04, 0x24, 0x7F, 0x04, 0x25, 0x7F, 0x04, 0x25, 0x81, 0x04, 0x25, 0x81, 0x04, 0x25, 0x81, 0x04, 0x25, 0x81, 0x05, 0x26, 0x83, 0x05, 0x26, 0x83, 0x05, 0x26, 0x84, 0x05, 0x26, 0x84, 0x05, 0x27, 0x85, 
        0x05, 0x27, 0x85, 0x05, 0x28, 0x87, 0x05, 0x28, 0x87, 0x05, 0x28, 0x87, 0x05, 0x28, 0x86, 0x06, 0x2A, 0x88, 0x06, 0x2A, 0x88, 0x06, 0x2A, 0x88, 0x06, 0x28, 0x86, 0x06, 0x28, 0x86, 0x06, 0x28, 0x87, 0x06, 0x28, 0x86, 0x06, 0x28, 0x86, 
        0x06, 0x29, 0x87, 0x06, 0x29, 0x87, 0x06, 0x29, 0x87, 0x06, 0x29, 0x87, 0x06, 0x29, 0x88, 0x07, 0x29, 0x87, 0x07, 0x29, 0x87, 0x07, 0x2A, 0x88, 0x07, 0x2A, 0x88, 0x07, 0x2B, 0x88, 0x07, 0x2B, 0x89, 0x07, 0x2A, 0x89, 0x07, 0x2A, 0x88, 
        0x07, 0x2A, 0x88, 0x07, 0x2A, 0x88, 0x07, 0x2A, 0x88, 0x07, 0x2B, 0x88, 0x07, 0x2B, 0x8A, 0x07, 0x2B, 0x8A, 0x08, 0x2B, 0x8A, 0x08, 0x2C, 0x8C, 0x08, 0x2D, 0x8C, 0x08, 0x2D, 0x8D, 0x08, 0x2E, 0x8E, 0x09, 0x2E, 0x8D, 0x09, 0x2E, 0x8D, 
        0x09, 0x2E, 0x8D, 0x09, 0x2E, 0x8D, 0x09, 0x2F, 0x8E, 0x09, 0x2F, 0x8E, 0x09, 0x2F, 0x91, 0x0A, 0x30, 0x91, 0x0A, 0x31, 0x92, 0x0A, 0x31, 0x92, 0x0A, 0x31, 0x92, 0x0B, 0x31, 0x92, 0x0B, 0x30, 0x91, 0x0B, 0x31, 0x92, 0x0B, 0x30, 0x92, 
        0x0B, 0x30, 0x92, 0x0B, 0x30, 0x92, 0x0B, 0x31, 0x92, 0x0B, 0x31, 0x92, 0x0B, 0x32, 0x93, 0x0C, 0x32, 0x93, 0x0C, 0x32, 0x93, 0x0C, 0x32, 0x94, 0x0C, 0x32, 0x94, 0x0D, 0x32, 0x96, 0x0D, 0x35, 0x96, 0x0E, 0x37, 0x99, 0x0E, 0x39, 0x9A, 
        0x0F, 0x3A, 0x9C, 0x0F, 0x3C, 0x9D, 0x11, 0x3F, 0xA0, 0x13, 0x44, 0xA3, 0x13, 0x47, 0xA7, 0x15, 0x4C, 0xAB, 0x17, 0x52, 0xAF, 0x19, 0x58, 0xB2, 0x1C, 0x5A, 0xB3, 0x1C, 0x5B, 0xB5, 0x1E, 0x5D, 0xB6, 0x1E, 0x5C, 0xB7, 0x1C, 0x5A, 0xB4, 
        0x1B, 0x57, 0xB3, 0x1A, 0x53, 0xAF, 0x17, 0x4C, 0xAB, 0x15, 0x47, 0xA8, 0x15, 0x42, 0xA4, 0x14, 0x40, 0xA1, 0x13, 0x3D, 0x9D, 0x13, 0x3C, 0x9C, 0x13, 0x3D, 0x9C, 0x13, 0x3D, 0x9C, 0x13, 0x3E, 0x9C, 0x13, 0x3E, 0x9C, 0x14, 0x3E, 0x9C, 
        0x14, 0x3E, 0x9C, 0x14, 0x3E, 0x9D, 0x14, 0x3F, 0x9E, 0x14, 0x3F, 0x9E, 0x15, 0x3E, 0x9E, 0x15, 0x3F, 0x9E, 0x15, 0x3F, 0x9E, 0x16, 0x40, 0xA0, 0x16, 0x40, 0xA1, 0x16, 0x40, 0xA1, 0x16, 0x41, 0xA1, 0x16, 0x41, 0x9F, 0x16, 0x41, 0x9F, 
        0x16, 0x42, 0x9F, 0x17, 0x42, 0xA1, 0x17, 0x42, 0xA2, 0x18, 0x44, 0xA2, 0x18, 0x44, 0xA0, 0x18, 0x44, 0xA0, 0x18, 0x44, 0xA0, 0x19, 0x44, 0xA0, 0x19, 0x45, 0xA0, 0x1A, 0x46, 0xA2, 0x1A, 0x46, 0xA3, 0x1A, 0x46, 0xA3, 0x1A, 0x46, 0xA3, 
        0x1A, 0x45, 0xA1, 0x1A, 0x45, 0xA1, 0x19, 0x47, 0x99,
  0x06, 0x2A, 0x8C, 0x04, 0x28, 0x89, 0x04, 0x25, 0x84, 0x03, 0x22, 0x7E, 0x02, 0x20, 0x79, 0x02, 0x1E, 0x75, 0x02, 0x1E, 0x74, 0x03, 0x1E, 0x73, 0x03, 0x1E, 0x73, 0x03, 0x1E, 0x73, 0x03, 0x1F, 0x73, 0x03, 0x1F, 0x73, 0x03, 0x1F, 0x74, 0x03, 0x20, 0x75, 
        0x03, 0x20, 0x77, 0x03, 0x22, 0x78, 0x03, 0x22, 0x7A, 0x03, 0x23, 0x7D, 0x04, 0x25, 0x7E, 0x04, 0x25, 0x81, 0x04, 0x25, 0x82, 0x04, 0x25, 0x81, 0x04, 0x25, 0x81, 0x03, 0x24, 0x7F, 0x03, 0x24, 0x7F, 0x03, 0x23, 0x7F, 0x03, 0x22, 0x7C, 
        0x03, 0x24, 0x7D, 0x03, 0x24, 0x7D, 0x04, 0x24, 0x7F, 0x04, 0x25, 0x7F, 0x04, 0x25, 0x80, 0x04, 0x25, 0x81, 0x04, 0x25, 0x81, 0x05, 0x25, 0x83, 0x05, 0x26, 0x83, 0x05, 0x26, 0x83, 0x05, 0x26, 0x83, 0x05, 0x26, 0x84, 0x05, 0x27, 0x85, 
        0x05, 0x27, 0x85, 0x05, 0x27, 0x85, 0x05, 0x27, 0x85, 0x05, 0x27, 0x85, 0x05, 0x28, 0x85, 0x06, 0x2A, 0x88, 0x06, 0x2A, 0x88, 0x06, 0x28, 0x86, 0x06, 0x28, 0x86, 0x06, 0x28, 0x86, 0x06, 0x28, 0x86, 0x06, 0x28, 0x86, 0x06, 0x28, 0x86, 
        0x06, 0x28, 0x86, 0x06, 0x29, 0x87, 0x06, 0x29, 0x87, 0x06, 0x29, 0x87, 0x06, 0x29, 0x87, 0x07, 0x28, 0x87, 0x07, 0x28, 0x87, 0x07, 0x29, 0x88, 0x07, 0x2A, 0x88, 0x07, 0x2A, 0x88, 0x07, 0x2B, 0x88, 0x07, 0x2A, 0x88, 0x07, 0x29, 0x88, 
        0x07, 0x2A, 0x88, 0x07, 0x2A, 0x88, 0x07, 0x2A, 0x88, 0x07, 0x2A, 0x89, 0x07, 0x2B, 0x88, 0x08, 0x2B, 0x8A, 0x08, 0x2B, 0x8A, 0x08, 0x2C, 0x8C, 0x08, 0x2D, 0x8C, 0x08, 0x2D, 0x8D, 0x09, 0x2E, 0x8D, 0x09, 0x2D, 0x8D, 0x09, 0x2E, 0x8D, 
        0x09, 0x2E, 0x8D, 0x09, 0x2E, 0x8D, 0x09, 0x2F, 0x8E, 0x09, 0x2F, 0x8E, 0x0A, 0x2F, 0x90, 0x0A, 0x30, 0x91, 0x0A, 0x30, 0x91, 0x0A, 0x31, 0x91, 0x0B, 0x31, 0x92, 0x0B, 0x31, 0x92, 0x0B, 0x30, 0x91, 0x0B, 0x31, 0x91, 0x0B, 0x31, 0x92, 
        0x0B, 0x30, 0x92, 0x0B, 0x30, 0x90, 0x0B, 0x30, 0x92, 0x0B, 0x32, 0x92, 0x0C, 0x32, 0x92, 0x0C, 0x32, 0x93, 0x0C, 0x34, 0x94, 0x0C, 0x34, 0x94, 0x0D, 0x34, 0x96, 0x0D, 0x34, 0x96, 0x0D, 0x35, 0x98, 0x0E, 0x38, 0x99, 0x0F, 0x39, 0x9C, 
        0x0F, 0x3C, 0x9D, 0x10, 0x3D, 0x9F, 0x12, 0x40, 0xA2, 0x13, 0x45, 0xA6, 0x14, 0x48, 0xA7, 0x16, 0x4B, 0xAA, 0x17, 0x53, 0xAF, 0x1B, 0x58, 0xB2, 0x1C, 0x5B, 0xB3, 0x1C, 0x5B, 0xB4, 0x1E, 0x5D, 0xB6, 0x20, 0x5D, 0xB6, 0x1C, 0x59, 0xB3, 
        0x1B, 0x55, 0xB2, 0x19, 0x52, 0xAF, 0x17, 0x4C, 0xAA, 0x15, 0x44, 0xA5, 0x14, 0x42, 0xA1, 0x14, 0x40, 0x9F, 0x13, 0x3E, 0x9C, 0x13, 0x3C, 0x9C, 0x13, 0x3D, 0x9C, 0x13, 0x3C, 0x9C, 0x13, 0x3E, 0x9C, 0x13, 0x3F, 0x9C, 0x14, 0x3E, 0x9C, 
        0x14, 0x3E, 0x9C, 0x14, 0x3E, 0x9D, 0x14, 0x3F, 0x9E, 0x14, 0x3F, 0x9E, 0x14, 0x3D, 0x9E, 0x15, 0x3E, 0x9E, 0x15, 0x3E, 0x9E, 0x16, 0x40, 0xA0, 0x16, 0x41, 0xA0, 0x16, 0x41, 0xA1, 0x16, 0x41, 0x9F, 0x16, 0x42, 0x9F, 0x16, 0x42, 0x9F, 
        0x17, 0x43, 0xA1, 0x18, 0x44, 0xA1, 0x18, 0x45, 0xA1, 0x18, 0x45, 0xA2, 0x18, 0x45, 0xA2, 0x18, 0x44, 0xA0, 0x18, 0x42, 0xA0, 0x18, 0x44, 0xA0, 0x19, 0x44, 0xA0, 0x1A, 0x46, 0xA2, 0x1A, 0x46, 0xA2, 0x1A, 0x46, 0xA3, 0x1A, 0x46, 0xA3, 
        0x1A, 0x46, 0xA3, 0x1A, 0x46, 0xA3, 0x19, 0x47, 0x99,
  0x05, 0x27, 0x85, 0x04, 0x24, 0x82, 0x03, 0x22, 0x7C, 0x02, 0x20, 0x78, 0x02, 0x1E, 0x75, 0x02, 0x1E, 0x75, 0x02, 0x1E, 0x73, 0x02, 0x1D, 0x71, 0x03, 0x1E, 0x73, 0x03, 0x1E, 0x74, 0x03, 0x1E, 0x74, 0x03, 0x1F, 0x74, 0x03, 0x1F, 0x73, 0x03, 0x1F, 0x73, 
        0x03, 0x20, 0x75, 0x03, 0x22, 0x78, 0x03, 0x23, 0x7B, 0x04, 0x24, 0x80, 0x04, 0x25, 0x80, 0x04, 0x24, 0x81, 0x04, 0x24, 0x82, 0x04, 0x24, 0x81, 0x04, 0x24, 0x81, 0x04, 0x24, 0x7F, 0x03, 0x23, 0x7E, 0x03, 0x23, 0x7C, 0x04, 0x23, 0x7F, 
        0x04, 0x23, 0x7D, 0x04, 0x24, 0x7D, 0x04, 0x24, 0x7D, 0x04, 0x25, 0x80, 0x04, 0x25, 0x80, 0x04, 0x25, 0x80, 0x04, 0x25, 0x81, 0x05, 0x26, 0x83, 0x05, 0x26, 0x83, 0x05, 0x26, 0x84, 0x05, 0x27, 0x84, 0x05, 0x27, 0x84, 0x05, 0x27, 0x84, 
        0x05, 0x26, 0x84, 0x05, 0x26, 0x84, 0x05, 0x27, 0x84, 0x06, 0x28, 0x85, 0x06, 0x29, 0x87, 0x06, 0x28, 0x85, 0x06, 0x2A, 0x88, 0x06, 0x2A, 0x88, 0x06, 0x28, 0x86, 0x06, 0x28, 0x86, 0x06, 0x28, 0x86, 0x06, 0x28, 0x85, 0x06, 0x28, 0x86, 
        0x06, 0x28, 0x86, 0x06, 0x29, 0x86, 0x06, 0x29, 0x86, 0x07, 0x29, 0x87, 0x07, 0x29, 0x87, 0x07, 0x29, 0x89, 0x07, 0x28, 0x8A, 0x07, 0x2A, 0x8A, 0x07, 0x2A, 0x88, 0x07, 0x2B, 0x88, 0x07, 0x2B, 0x88, 0x07, 0x29, 0x87, 0x07, 0x29, 0x88, 
        0x07, 0x29, 0x88, 0x07, 0x2A, 0x89, 0x08, 0x29, 0x88, 0x07, 0x29, 0x88, 0x08, 0x29, 0x88, 0x08, 0x2B, 0x88, 0x08, 0x2B, 0x89, 0x09, 0x2C, 0x8A, 0x09, 0x2C, 0x8A, 0x09, 0x2C, 0x8A, 0x09, 0x2C, 0x8A, 0x09, 0x2D, 0x8C, 0x09, 0x2D, 0x8D, 
        0x09, 0x2D, 0x8D, 0x09, 0x2D, 0x8D, 0x0A, 0x2E, 0x8E, 0x0A, 0x2E, 0x90, 0x0A, 0x2F, 0x8E, 0x0A, 0x2F, 0x8E, 0x0A, 0x2F, 0x8F, 0x0B, 0x2F, 0x8F, 0x0B, 0x31, 0x91, 0x0B, 0x31, 0x91, 0x0B, 0x31, 0x91, 0x0B, 0x31, 0x91, 0x0B, 0x31, 0x8F, 
        0x0B, 0x31, 0x90, 0x0B, 0x31, 0x90, 0x0B, 0x31, 0x90, 0x0C, 0x33, 0x92, 0x0B, 0x32, 0x90, 0x0C, 0x32, 0x92, 0x0D, 0x35, 0x98, 0x0D, 0x35, 0x98, 0x0D, 0x35, 0x96, 0x0D, 0x35, 0x98, 0x0E, 0x38, 0x99, 0x0E, 0x39, 0x9B, 0x0F, 0x3A, 0x9C, 
        0x10, 0x3C, 0x9F, 0x11, 0x3F, 0xA0, 0x13, 0x42, 0xA3, 0x14, 0x47, 0xA7, 0x16, 0x4A, 0xA9, 0x16, 0x4B, 0xAA, 0x19, 0x51, 0xAD, 0x1C, 0x57, 0xB2, 0x1E, 0x59, 0xB3, 0x1E, 0x5B, 0xB3, 0x1E, 0x5B, 0xB3, 0x1F, 0x5B, 0xB3, 0x1E, 0x58, 0xB2, 
        0x19, 0x52, 0xAE, 0x19, 0x4F, 0xAC, 0x17, 0x4B, 0xA9, 0x15, 0x44, 0xA2, 0x14, 0x42, 0x9F, 0x14, 0x41, 0x9E, 0x13, 0x3F, 0x9C, 0x14, 0x3F, 0x9E, 0x14, 0x3F, 0x9D, 0x13, 0x3D, 0x9C, 0x13, 0x3C, 0x9C, 0x13, 0x3D, 0x9C, 0x14, 0x3E, 0x9D, 
        0x14, 0x3F, 0x9D, 0x14, 0x3E, 0x9D, 0x15, 0x3E, 0x9D, 0x14, 0x3D, 0x9E, 0x14, 0x3C, 0x9E, 0x14, 0x3E, 0xA0, 0x16, 0x3E, 0xA0, 0x16, 0x40, 0xA0, 0x18, 0x43, 0xA1, 0x17, 0x40, 0xA0, 0x16, 0x41, 0xA1, 0x17, 0x43, 0xA1, 0x17, 0x43, 0xA1, 
        0x18, 0x43, 0xA2, 0x18, 0x44, 0xA2, 0x18, 0x45, 0xA2, 0x18, 0x45, 0xA2, 0x18, 0x45, 0xA2, 0x18, 0x45, 0xA2, 0x18, 0x44, 0xA0, 0x18, 0x45, 0xA2, 0x19, 0x45, 0xA2, 0x1A, 0x45, 0xA2, 0x1A, 0x46, 0xA2, 0x1A, 0x46, 0xA2, 0x1A, 0x46, 0xA3, 
        0x1A, 0x46, 0xA3, 0x1A, 0x46, 0xA3, 0x19, 0x48, 0x9B,
  0x05, 0x25, 0x80, 0x03, 0x22, 0x7D, 0x02, 0x1F, 0x79, 0x02, 0x1E, 0x75, 0x01, 0x1D, 0x73, 0x01, 0x1D, 0x72, 0x01, 0x1D, 0x72, 0x01, 0x1D, 0x72, 0x03, 0x1E, 0x73, 0x03, 0x1E, 0x73, 0x03, 0x1E, 0x74, 0x03, 0x1E, 0x73, 0x03, 0x1F, 0x73, 0x03, 0x1F, 0x73, 
        0x03, 0x20, 0x74, 0x03, 0x21, 0x78, 0x03, 0x22, 0x7B, 0x03, 0x23, 0x7E, 0x04, 0x24, 0x80, 0x04, 0x23, 0x81, 0x04, 0x24, 0x81, 0x04, 0x24, 0x81, 0x04, 0x24, 0x81, 0x04, 0x24, 0x7F, 0x03, 0x23, 0x7E, 0x04, 0x23, 0x7E, 0x04, 0x23, 0x7E, 
        0x04, 0x23, 0x7D, 0x04, 0x23, 0x7D, 0x04, 0x24, 0x7D, 0x04, 0x24, 0x7F, 0x04, 0x25, 0x80, 0x05, 0x25, 0x80, 0x05, 0x25, 0x80, 0x05, 0x25, 0x83, 0x05, 0x26, 0x84, 0x05, 0x26, 0x84, 0x05, 0x26, 0x84, 0x05, 0x26, 0x83, 0x05, 0x26, 0x83, 
        0x05, 0x26, 0x84, 0x05, 0x26, 0x84, 0x05, 0x27, 0x84, 0x06, 0x28, 0x85, 0x06, 0x28, 0x85, 0x06, 0x27, 0x85, 0x06, 0x28, 0x85, 0x06, 0x28, 0x86, 0x06, 0x28, 0x86, 0x06, 0x28, 0x86, 0x06, 0x28, 0x86, 0x06, 0x28, 0x86, 0x07, 0x28, 0x86, 
        0x07, 0x2A, 0x87, 0x07, 0x2A, 0x87, 0x07, 0x2A, 0x87, 0x07, 0x29, 0x87, 0x07, 0x29, 0x87, 0x07, 0x2A, 0x8A, 0x07, 0x2B, 0x8A, 0x07, 0x2B, 0x8B, 0x07, 0x2B, 0x8A, 0x07, 0x2B, 0x8A, 0x07, 0x2B, 0x88, 0x07, 0x29, 0x87, 0x07, 0x29, 0x87, 
        0x07, 0x29, 0x88, 0x07, 0x2A, 0x89, 0x07, 0x2A, 0x89, 0x08, 0x2A, 0x89, 0x08, 0x29, 0x88, 0x08, 0x2A, 0x88, 0x08, 0x2B, 0x88, 0x08, 0x2B, 0x8A, 0x09, 0x2C, 0x8A, 0x09, 0x2C, 0x8A, 0x09, 0x2C, 0x8A, 0x09, 0x2D, 0x8C, 0x09, 0x2D, 0x8C, 
        0x09, 0x2D, 0x8D, 0x09, 0x2E, 0x8D, 0x0A, 0x2E, 0x8E, 0x0A, 0x2E, 0x90, 0x0A, 0x2F, 0x8E, 0x0A, 0x2F, 0x8E, 0x0A, 0x2F, 0x8E, 0x0A, 0x2F, 0x8F, 0x0B, 0x30, 0x91, 0x0B, 0x31, 0x91, 0x0B, 0x31, 0x91, 0x0B, 0x31, 0x91, 0x0B, 0x31, 0x8F, 
        0x0B, 0x31, 0x8F, 0x0B, 0x31, 0x90, 0x0C, 0x31, 0x92, 0x0C, 0x31, 0x92, 0x0C, 0x31, 0x92, 0x0D, 0x34, 0x95, 0x0D, 0x35, 0x95, 0x0D, 0x35, 0x96, 0x0D, 0x35, 0x96, 0x0D, 0x38, 0x99, 0x0E, 0x39, 0x9C, 0x0F, 0x3B, 0x9C, 0x10, 0x3B, 0x9E, 
        0x11, 0x3F, 0x9F, 0x12, 0x40, 0xA2, 0x13, 0x44, 0xA5, 0x14, 0x48, 0xA7, 0x16, 0x4B, 0xA9, 0x17, 0x4C, 0xAA, 0x19, 0x51, 0xAE, 0x1B, 0x55, 0xB0, 0x1C, 0x58, 0xB2, 0x1E, 0x5A, 0xB3, 0x1C, 0x58, 0xB2, 0x1C, 0x58, 0xB2, 0x1E, 0x58, 0xB2, 
        0x19, 0x52, 0xAD, 0x17, 0x4B, 0xA8, 0x16, 0x48, 0xA6, 0x16, 0x46, 0xA5, 0x15, 0x46, 0xA1, 0x14, 0x41, 0x9F, 0x13, 0x3F, 0x9C, 0x13, 0x3F, 0x9C, 0x14, 0x3F, 0x9C, 0x14, 0x3F, 0x9D, 0x13, 0x3C, 0x9C, 0x13, 0x3C, 0x9C, 0x14, 0x3F, 0x9D, 
        0x14, 0x3E, 0x9D, 0x14, 0x3D, 0x9D, 0x14, 0x3C, 0x9C, 0x14, 0x3D, 0x9D, 0x15, 0x3F, 0xA0, 0x14, 0x3D, 0x9E, 0x15, 0x40, 0xA0, 0x17, 0x41, 0xA1, 0x16, 0x40, 0xA0, 0x18, 0x42, 0xA0, 0x18, 0x43, 0xA0, 0x18, 0x43, 0xA2, 0x18, 0x43, 0xA2, 
        0x18, 0x43, 0xA2, 0x18, 0x44, 0xA2, 0x18, 0x44, 0xA2, 0x18, 0x45, 0xA2, 0x18, 0x47, 0xA1, 0x19, 0x47, 0xA3, 0x19, 0x48, 0xA3, 0x1B, 0x47, 0xA3, 0x19, 0x47, 0xA3, 0x19, 0x45, 0xA3, 0x1A, 0x45, 0xA2, 0x1A, 0x46, 0xA2, 0x1A, 0x46, 0xA2, 
        0x1A, 0x46, 0xA3, 0x1A, 0x46, 0xA3, 0x19, 0x48, 0x9B,
  0x04, 0x22, 0x7C, 0x02, 0x20, 0x78, 0x02, 0x1F, 0x75, 0x02, 0x1D, 0x73, 0x01, 0x1D, 0x72, 0x01, 0x1D, 0x70, 0x01, 0x1D, 0x70, 0x01, 0x1D, 0x72, 0x02, 0x1E, 0x72, 0x03, 0x1E, 0x73, 0x03, 0x1E, 0x73, 0x03, 0x1E, 0x73, 0x03, 0x1E, 0x73, 0x03, 0x1F, 0x73, 
        0x03, 0x20, 0x74, 0x03, 0x21, 0x77, 0x03, 0x22, 0x7B, 0x03, 0x23, 0x7E, 0x04, 0x24, 0x80, 0x04, 0x23, 0x81, 0x04, 0x23, 0x81, 0x04, 0x24, 0x80, 0x04, 0x24, 0x81, 0x04, 0x24, 0x7F, 0x03, 0x23, 0x7E, 0x04, 0x23, 0x7E, 0x04, 0x23, 0x7E, 
        0x04, 0x23, 0x7C, 0x03, 0x22, 0x7D, 0x04, 0x23, 0x7D, 0x04, 0x24, 0x7F, 0x04, 0x25, 0x80, 0x05, 0x25, 0x80, 0x05, 0x25, 0x82, 0x05, 0x26, 0x82, 0x05, 0x26, 0x84, 0x05, 0x26, 0x84, 0x05, 0x26, 0x83, 0x05, 0x26, 0x83, 0x05, 0x26, 0x83, 
        0x05, 0x26, 0x83, 0x05, 0x27, 0x84, 0x05, 0x27, 0x84, 0x06, 0x28, 0x85, 0x06, 0x28, 0x85, 0x06, 0x27, 0x85, 0x06, 0x27, 0x85, 0x06, 0x28, 0x85, 0x06, 0x28, 0x86, 0x06, 0x28, 0x86, 0x06, 0x2A, 0x88, 0x07, 0x2A, 0x88, 0x07, 0x2A, 0x88, 
        0x07, 0x2A, 0x88, 0x07, 0x2A, 0x89, 0x07, 0x2A, 0x89, 0x07, 0x2B, 0x89, 0x07, 0x2B, 0x8A, 0x08, 0x2C, 0x8C, 0x08, 0x2C, 0x8C, 0x08, 0x2C, 0x8C, 0x07, 0x2C, 0x8B, 0x07, 0x2B, 0x8A, 0x07, 0x2B, 0x88, 0x07, 0x2A, 0x87, 0x07, 0x29, 0x87, 
        0x07, 0x29, 0x87, 0x07, 0x2A, 0x89, 0x07, 0x2A, 0x89, 0x07, 0x2A, 0x89, 0x08, 0x2A, 0x88, 0x08, 0x2A, 0x88, 0x08, 0x2B, 0x89, 0x09, 0x2C, 0x89, 0x09, 0x2C, 0x8A, 0x09, 0x2C, 0x8A, 0x08, 0x2B, 0x8A, 0x09, 0x2D, 0x8C, 0x09, 0x2D, 0x8C, 
        0x09, 0x2D, 0x8C, 0x09, 0x2D, 0x8E, 0x0A, 0x2F, 0x8E, 0x0A, 0x2E, 0x8E, 0x0A, 0x2E, 0x8E, 0x0A, 0x2F, 0x8E, 0x0A, 0x2F, 0x8E, 0x0A, 0x2F, 0x8E, 0x0B, 0x30, 0x91, 0x0B, 0x30, 0x91, 0x0B, 0x31, 0x91, 0x0B, 0x31, 0x8F, 0x0B, 0x31, 0x8F, 
        0x0B, 0x31, 0x8F, 0x0C, 0x31, 0x91, 0x0C, 0x31, 0x92, 0x0C, 0x31, 0x92, 0x0C, 0x33, 0x95, 0x0D, 0x34, 0x95, 0x0D, 0x35, 0x95, 0x0D, 0x35, 0x95, 0x0D, 0x36, 0x98, 0x0E, 0x39, 0x9B, 0x0F, 0x3B, 0x9D, 0x11, 0x3C, 0x9F, 0x11, 0x3E, 0x9F, 
        0x12, 0x3F, 0xA2, 0x13, 0x42, 0xA2, 0x14, 0x45, 0xA6, 0x15, 0x48, 0xA7, 0x16, 0x4A, 0xA9, 0x16, 0x4B, 0xAA, 0x17, 0x4E, 0xAC, 0x19, 0x53, 0xAE, 0x1C, 0x54, 0xB0, 0x1C, 0x56, 0xB1, 0x1C, 0x57, 0xB2, 0x1C, 0x58, 0xB1, 0x1B, 0x54, 0xAF, 
        0x19, 0x50, 0xAC, 0x17, 0x4C, 0xA8, 0x16, 0x46, 0xA4, 0x13, 0x3E, 0x9F, 0x13, 0x40, 0x9E, 0x14, 0x41, 0x9F, 0x14, 0x40, 0x9E, 0x13, 0x3D, 0x9B, 0x13, 0x3C, 0x9B, 0x14, 0x3D, 0x9C, 0x13, 0x3C, 0x9C, 0x14, 0x3D, 0x9D, 0x14, 0x3F, 0x9F, 
        0x14, 0x3D, 0x9C, 0x13, 0x3C, 0x9C, 0x14, 0x3C, 0x9C, 0x15, 0x3F, 0x9F, 0x14, 0x3E, 0x9D, 0x15, 0x3F, 0x9E, 0x15, 0x3F, 0xA0, 0x16, 0x40, 0xA0, 0x16, 0x40, 0x9E, 0x18, 0x43, 0xA0, 0x18, 0x44, 0xA1, 0x18, 0x44, 0xA0, 0x18, 0x44, 0xA1, 
        0x18, 0x44, 0xA1, 0x18, 0x44, 0xA2, 0x18, 0x46, 0xA2, 0x19, 0x46, 0xA2, 0x19, 0x47, 0xA1, 0x19, 0x48, 0xA2, 0x1B, 0x48, 0xA3, 0x1B, 0x48, 0xA3, 0x1B, 0x47, 0xA3, 0x1B, 0x47, 0xA3, 0x1B, 0x45, 0xA2, 0x1C, 0x45, 0xA2, 0x1C, 0x46, 0xA2, 
        0x1C, 0x46, 0xA2, 0x1C, 0x46, 0xA3, 0x1A, 0x48, 0x9B,
  0x03, 0x21, 0x79, 0x02, 0x1F, 0x77, 0x02, 0x1E, 0x74, 0x02, 0x1D, 0x71, 0x01, 0x1D, 0x70, 0x01, 0x1D, 0x70, 0x01, 0x1D, 0x70, 0x01, 0x1D, 0x72, 0x01, 0x1D, 0x72, 0x02, 0x1E, 0x72, 0x03, 0x1E, 0x73, 0x03, 0x1E, 0x73, 0x02, 0x1D, 0x73, 0x03, 0x1D, 0x71, 
        0x03, 0x1F, 0x73, 0x03, 0x21, 0x76, 0x03, 0x22, 0x79, 0x03, 0x23, 0x7E, 0x04, 0x24, 0x80, 0x04, 0x23, 0x80, 0x04, 0x23, 0x80, 0x04, 0x23, 0x80, 0x04, 0x24, 0x80, 0x04, 0x24, 0x7F, 0x03, 0x23, 0x7E, 0x04, 0x23, 0x7E, 0x04, 0x23, 0x7E, 
        0x03, 0x22, 0x7C, 0x03, 0x22, 0x7C, 0x04, 0x23, 0x7D, 0x04, 0x23, 0x7F, 0x04, 0x25, 0x80, 0x05, 0x25, 0x82, 0x05, 0x25, 0x82, 0x05, 0x26, 0x83, 0x05, 0x26, 0x83, 0x05, 0x26, 0x84, 0x05, 0x26, 0x83, 0x05, 0x26, 0x83, 0x05, 0x26, 0x83, 
        0x05, 0x27, 0x83, 0x05, 0x27, 0x83, 0x06, 0x27, 0x85, 0x06, 0x27, 0x85, 0x06, 0x27, 0x85, 0x06, 0x27, 0x85, 0x06, 0x27, 0x85, 0x06, 0x27, 0x85, 0x06, 0x28, 0x85, 0x06, 0x2A, 0x88, 0x06, 0x2B, 0x89, 0x06, 0x2B, 0x89, 0x07, 0x2A, 0x89, 
        0x07, 0x2B, 0x89, 0x07, 0x2B, 0x8B, 0x07, 0x2B, 0x8C, 0x07, 0x2B, 0x8D, 0x07, 0x2C, 0x8D, 0x08, 0x2D, 0x8F, 0x08, 0x2C, 0x8D, 0x08, 0x2C, 0x8C, 0x08, 0x2C, 0x8A, 0x07, 0x2B, 0x88, 0x07, 0x2A, 0x88, 0x07, 0x29, 0x88, 0x07, 0x2A, 0x88, 
        0x07, 0x2A, 0x88, 0x07, 0x2A, 0x88, 0x08, 0x2A, 0x89, 0x08, 0x2A, 0x89, 0x08, 0x2A, 0x89, 0x08, 0x2B, 0x89, 0x09, 0x2B, 0x89, 0x09, 0x2B, 0x89, 0x09, 0x2C, 0x89, 0x09, 0x2C, 0x8A, 0x08, 0x2B, 0x8A, 0x09, 0x2D, 0x8C, 0x09, 0x2D, 0x8C, 
        0x09, 0x2D, 0x8C, 0x0A, 0x2E, 0x8D, 0x0A, 0x2E, 0x8E, 0x0A, 0x2E, 0x8E, 0x0A, 0x2E, 0x8E, 0x0A, 0x2F, 0x8E, 0x0A, 0x2F, 0x8E, 0x0A, 0x2F, 0x8E, 0x0B, 0x30, 0x90, 0x0B, 0x30, 0x91, 0x0B, 0x30, 0x91, 0x0B, 0x31, 0x8F, 0x0B, 0x31, 0x8F, 
        0x0C, 0x31, 0x91, 0x0C, 0x31, 0x91, 0x0C, 0x31, 0x91, 0x0C, 0x30, 0x92, 0x0C, 0x31, 0x93, 0x0D, 0x34, 0x95, 0x0D, 0x34, 0x97, 0x0D, 0x36, 0x97, 0x0E, 0x38, 0x99, 0x0F, 0x3B, 0x9C, 0x10, 0x3C, 0x9E, 0x11, 0x3E, 0x9F, 0x12, 0x3F, 0xA1, 
        0x12, 0x41, 0xA2, 0x12, 0x41, 0xA3, 0x14, 0x45, 0xA5, 0x15, 0x47, 0xA7, 0x16, 0x48, 0xA7, 0x16, 0x4A, 0xA9, 0x17, 0x4C, 0xAA, 0x17, 0x4F, 0xAC, 0x19, 0x51, 0xAD, 0x19, 0x51, 0xAD, 0x1B, 0x53, 0xAF, 0x1B, 0x53, 0xAE, 0x17, 0x4E, 0xAB, 
        0x17, 0x4B, 0xA8, 0x16, 0x48, 0xA4, 0x14, 0x41, 0xA1, 0x13, 0x40, 0x9E, 0x13, 0x40, 0x9F, 0x13, 0x40, 0x9E, 0x14, 0x3F, 0x9E, 0x14, 0x40, 0x9F, 0x15, 0x41, 0x9F, 0x14, 0x3C, 0x9C, 0x13, 0x3B, 0x9B, 0x14, 0x3E, 0x9D, 0x13, 0x3C, 0x9C, 
        0x15, 0x41, 0xA0, 0x18, 0x48, 0xA6, 0x17, 0x41, 0xA0, 0x14, 0x3C, 0x9D, 0x15, 0x40, 0x9F, 0x18, 0x47, 0xA4, 0x15, 0x40, 0xA0, 0x15, 0x3F, 0x9E, 0x17, 0x42, 0xA0, 0x18, 0x43, 0xA0, 0x18, 0x44, 0xA1, 0x18, 0x44, 0xA0, 0x18, 0x44, 0xA0, 
        0x18, 0x44, 0xA1, 0x19, 0x44, 0xA2, 0x19, 0x44, 0xA2, 0x19, 0x46, 0xA2, 0x19, 0x46, 0xA1, 0x19, 0x47, 0xA1, 0x19, 0x45, 0xA1, 0x19, 0x45, 0xA2, 0x1B, 0x45, 0xA2, 0x1B, 0x47, 0xA3, 0x1B, 0x45, 0xA2, 0x1B, 0x45, 0xA2, 0x1C, 0x45, 0xA2, 
        0x1C, 0x46, 0xA2, 0x1C, 0x46, 0xA2, 0x1A, 0x48, 0x9B,
  0x03, 0x20, 0x77, 0x02, 0x1F, 0x75, 0x02, 0x1F, 0x72, 0x02, 0x1D, 0x71, 0x01, 0x1D, 0x6F, 0x01, 0x1D, 0x70, 0x01, 0x1D, 0x70, 0x01, 0x1D, 0x70, 0x01, 0x1D, 0x72, 0x01, 0x1D, 0x72, 0x02, 0x1E, 0x72, 0x02, 0x1D, 0x73, 0x02, 0x1D, 0x73, 0x03, 0x1D, 0x71, 
        0x03, 0x1E, 0x73, 0x03, 0x21, 0x76, 0x03, 0x22, 0x79, 0x03, 0x23, 0x7D, 0x03, 0x24, 0x7E, 0x03, 0x23, 0x80, 0x04, 0x23, 0x80, 0x04, 0x23, 0x7E, 0x04, 0x23, 0x80, 0x04, 0x24, 0x7E, 0x04, 0x24, 0x7E, 0x03, 0x23, 0x7E, 0x04, 0x23, 0x7C, 
        0x03, 0x22, 0x7C, 0x03, 0x22, 0x7C, 0x03, 0x22, 0x7C, 0x04, 0x23, 0x7F, 0x04, 0x24, 0x80, 0x04, 0x26, 0x82, 0x05, 0x26, 0x82, 0x05, 0x26, 0x83, 0x05, 0x26, 0x83, 0x05, 0x26, 0x83, 0x05, 0x26, 0x83, 0x05, 0x25, 0x83, 0x05, 0x25, 0x81, 
        0x05, 0x26, 0x83, 0x06, 0x27, 0x84, 0x06, 0x27, 0x84, 0x06, 0x27, 0x85, 0x06, 0x27, 0x85, 0x06, 0x28, 0x85, 0x06, 0x27, 0x85, 0x06, 0x27, 0x85, 0x06, 0x28, 0x85, 0x06, 0x2A, 0x87, 0x07, 0x2C, 0x8B, 0x07, 0x2C, 0x8C, 0x07, 0x2B, 0x8C, 
        0x07, 0x2C, 0x8E, 0x08, 0x2C, 0x8E, 0x08, 0x2E, 0x90, 0x08, 0x2E, 0x92, 0x09, 0x2F, 0x92, 0x09, 0x30, 0x92, 0x09, 0x2F, 0x92, 0x08, 0x2F, 0x8F, 0x08, 0x2D, 0x8D, 0x08, 0x2C, 0x8A, 0x07, 0x2B, 0x88, 0x07, 0x29, 0x88, 0x07, 0x29, 0x88, 
        0x07, 0x2A, 0x88, 0x07, 0x2A, 0x88, 0x08, 0x2A, 0x88, 0x08, 0x2B, 0x8B, 0x08, 0x2B, 0x8B, 0x08, 0x2B, 0x89, 0x09, 0x2C, 0x8B, 0x09, 0x2C, 0x8B, 0x09, 0x2C, 0x8B, 0x09, 0x2D, 0x8B, 0x09, 0x2C, 0x8A, 0x09, 0x2D, 0x8C, 0x09, 0x2D, 0x8C, 
        0x09, 0x2E, 0x8D, 0x0A, 0x2E, 0x8D, 0x0A, 0x2E, 0x8D, 0x0A, 0x2D, 0x8E, 0x0A, 0x2E, 0x8E, 0x0A, 0x2F, 0x8E, 0x0A, 0x2F, 0x8E, 0x0A, 0x2F, 0x8E, 0x0B, 0x30, 0x90, 0x0B, 0x30, 0x90, 0x0B, 0x30, 0x91, 0x0B, 0x30, 0x8F, 0x0C, 0x31, 0x91, 
        0x0C, 0x31, 0x91, 0x0C, 0x31, 0x91, 0x0C, 0x31, 0x91, 0x0C, 0x30, 0x91, 0x0C, 0x31, 0x93, 0x0D, 0x34, 0x95, 0x0D, 0x34, 0x97, 0x0E, 0x37, 0x98, 0x0E, 0x39, 0x9B, 0x0F, 0x3B, 0x9C, 0x10, 0x3C, 0x9E, 0x11, 0x3C, 0x9F, 0x12, 0x3F, 0xA2, 
        0x12, 0x3F, 0xA2, 0x12, 0x41, 0xA3, 0x13, 0x41, 0xA3, 0x14, 0x44, 0xA5, 0x16, 0x47, 0xA6, 0x16, 0x48, 0xA6, 0x16, 0x4A, 0xA7, 0x16, 0x4B, 0xA7, 0x17, 0x4B, 0xA9, 0x17, 0x4C, 0xA9, 0x17, 0x4E, 0xAA, 0x19, 0x4F, 0xAB, 0x17, 0x4D, 0xA9, 
        0x16, 0x49, 0xA6, 0x14, 0x41, 0xA1, 0x16, 0x45, 0xA1, 0x19, 0x4D, 0xA7, 0x16, 0x46, 0xA2, 0x13, 0x3D, 0x9C, 0x12, 0x3D, 0x9B, 0x17, 0x44, 0xA2, 0x17, 0x46, 0xA3, 0x14, 0x3C, 0x9C, 0x13, 0x3B, 0x9B, 0x13, 0x3D, 0x9C, 0x13, 0x3B, 0x9A, 
        0x18, 0x4A, 0xA7, 0x2A, 0x5E, 0xB4, 0x1A, 0x4B, 0xA8, 0x14, 0x3C, 0x9C, 0x1C, 0x4E, 0xA9, 0x23, 0x57, 0xAE, 0x18, 0x48, 0xA5, 0x17, 0x43, 0xA0, 0x17, 0x43, 0xA1, 0x17, 0x42, 0xA0, 0x18, 0x43, 0xA0, 0x18, 0x44, 0xA0, 0x19, 0x44, 0xA0, 
        0x19, 0x44, 0xA0, 0x19, 0x44, 0xA1, 0x19, 0x44, 0xA1, 0x19, 0x46, 0xA1, 0x19, 0x46, 0x9F, 0x19, 0x44, 0x9F, 0x19, 0x45, 0x9F, 0x19, 0x45, 0x9F, 0x1B, 0x45, 0xA2, 0x1B, 0x45, 0xA2, 0x1B, 0x45, 0xA2, 0x1B, 0x45, 0xA2, 0x1B, 0x45, 0xA2, 
        0x1C, 0x45, 0xA2, 0x1C, 0x46, 0xA2, 0x1A, 0x48, 0x9A,
  0x03, 0x20, 0x77, 0x02, 0x1E, 0x74, 0x02, 0x1F, 0x71, 0x01, 0x1D, 0x6F, 0x01, 0x1C, 0x6E, 0x01, 0x1C, 0x6E, 0x01, 0x1C, 0x6F, 0x01, 0x1D, 0x70, 0x01, 0x1D, 0x72, 0x01, 0x1E, 0x72, 0x02, 0x1E, 0x72, 0x01, 0x1D, 0x72, 0x02, 0x1D, 0x73, 0x03, 0x1D, 0x71, 
        0x03, 0x1E, 0x73, 0x03, 0x20, 0x76, 0x03, 0x22, 0x79, 0x03, 0x23, 0x7C, 0x03, 0x23, 0x7F, 0x03, 0x22, 0x7E, 0x03, 0x22, 0x80, 0x04, 0x23, 0x7E, 0x04, 0x23, 0x7E, 0x04, 0x23, 0x7E, 0x04, 0x24, 0x7D, 0x03, 0x23, 0x7E, 0x04, 0x22, 0x7C, 
        0x03, 0x22, 0x7C, 0x03, 0x22, 0x7B, 0x03, 0x22, 0x7C, 0x04, 0x23, 0x7E, 0x04, 0x24, 0x80, 0x05, 0x25, 0x83, 0x05, 0x26, 0x83, 0x05, 0x26, 0x83, 0x05, 0x26, 0x83, 0x05, 0x26, 0x83, 0x05, 0x26, 0x82, 0x05, 0x25, 0x83, 0x05, 0x25, 0x81, 
        0x05, 0x26, 0x83, 0x06, 0x27, 0x84, 0x06, 0x28, 0x84, 0x06, 0x27, 0x84, 0x06, 0x27, 0x85, 0x06, 0x29, 0x87, 0x06, 0x28, 0x85, 0x06, 0x27, 0x85, 0x06, 0x29, 0x87, 0x06, 0x2A, 0x88, 0x07, 0x2C, 0x8A, 0x07, 0x2C, 0x8E, 0x07, 0x2E, 0x90, 
        0x08, 0x2E, 0x90, 0x09, 0x2F, 0x91, 0x09, 0x31, 0x93, 0x09, 0x32, 0x94, 0x0A, 0x32, 0x96, 0x0A, 0x31, 0x94, 0x0A, 0x31, 0x94, 0x09, 0x30, 0x92, 0x09, 0x30, 0x8F, 0x08, 0x2E, 0x8C, 0x08, 0x2C, 0x8A, 0x08, 0x2B, 0x8A, 0x08, 0x29, 0x88, 
        0x07, 0x29, 0x88, 0x07, 0x2A, 0x88, 0x08, 0x2A, 0x88, 0x08, 0x2B, 0x8A, 0x08, 0x2C, 0x8B, 0x08, 0x2D, 0x8B, 0x09, 0x2D, 0x8C, 0x09, 0x2D, 0x8C, 0x09, 0x2D, 0x8C, 0x09, 0x2D, 0x8B, 0x09, 0x2D, 0x89, 0x09, 0x2D, 0x8C, 0x09, 0x2D, 0x8C, 
        0x09, 0x2E, 0x8D, 0x0A, 0x2E, 0x8F, 0x0A, 0x2E, 0x8F, 0x0A, 0x2D, 0x8D, 0x0A, 0x2D, 0x8E, 0x0A, 0x2F, 0x8E, 0x0A, 0x2F, 0x8E, 0x0A, 0x2F, 0x8E, 0x0B, 0x30, 0x90, 0x0B, 0x30, 0x90, 0x0B, 0x30, 0x90, 0x0B, 0x30, 0x8F, 0x0C, 0x30, 0x91, 
        0x0C, 0x31, 0x92, 0x0C, 0x31, 0x92, 0x0C, 0x31, 0x92, 0x0C, 0x30, 0x91, 0x0C, 0x31, 0x92, 0x0C, 0x34, 0x95, 0x0D, 0x34, 0x95, 0x0D, 0x36, 0x98, 0x0F, 0x3A, 0x9B, 0x10, 0x3C, 0x9D, 0x11, 0x3E, 0x9E, 0x11, 0x3C, 0x9F, 0x12, 0x3E, 0xA1, 
        0x12, 0x3F, 0xA2, 0x12, 0x3F, 0xA2, 0x12, 0x3F, 0xA2, 0x13, 0x43, 0xA4, 0x15, 0x44, 0xA3, 0x15, 0x45, 0xA4, 0x16, 0x45, 0xA5, 0x16, 0x47, 0xA6, 0x16, 0x48, 0xA7, 0x16, 0x48, 0xA7, 0x16, 0x4A, 0xA7, 0x16, 0x47, 0xA4, 0x16, 0x46, 0xA4, 
        0x16, 0x46, 0xA4, 0x15, 0x43, 0xA1, 0x14, 0x41, 0x9F, 0x16, 0x45, 0xA1, 0x13, 0x40, 0x9E, 0x13, 0x3E, 0x9B, 0x13, 0x3D, 0x9C, 0x13, 0x3D, 0x9C, 0x14, 0x3D, 0x9C, 0x14, 0x3B, 0x9B, 0x14, 0x3C, 0x9B, 0x14, 0x3E, 0x9C, 0x14, 0x3D, 0x9C, 
        0x1C, 0x4E, 0xAA, 0x2F, 0x63, 0xB8, 0x21, 0x52, 0xAD, 0x17, 0x42, 0xA2, 0x17, 0x43, 0xA2, 0x1A, 0x4B, 0xA6, 0x17, 0x43, 0xA0, 0x17, 0x42, 0x9F, 0x15, 0x40, 0x9E, 0x18, 0x43, 0xA1, 0x18, 0x45, 0xA1, 0x19, 0x42, 0x9E, 0x19, 0x44, 0xA0, 
        0x19, 0x44, 0xA0, 0x19, 0x44, 0xA0, 0x19, 0x44, 0xA2, 0x19, 0x46, 0xA1, 0x19, 0x44, 0x9F, 0x19, 0x46, 0xA1, 0x19, 0x46, 0xA1, 0x1B, 0x45, 0xA1, 0x1B, 0x45, 0xA1, 0x1B, 0x45, 0xA0, 0x1B, 0x47, 0xA0, 0x1B, 0x47, 0xA0, 0x1B, 0x47, 0xA0, 
        0x1B, 0x47, 0xA0, 0x1C, 0x47, 0xA0, 0x1A, 0x49, 0x99
};

GUI_CONST_STORAGE GUI_BITMAP bmTitleRun = {
  160, // xSize
  68, // ySize
  480, // BytesPerLine
  24, // BitsPerPixel
  (unsigned char *)_acbmTitleRun,  // Pointer to picture data
  NULL,  // Pointer to palette
  GUI_DRAW_BMP24
};

/*************************** End of file ****************************/
