/*********************************************************************
*                SEGGER Microcontroller GmbH & Co. KG                *
*        Solutions for real time microcontroller applications        *
*                           www.segger.com                           *
**********************************************************************
*                                                                    *
* C-file generated by                                                *
*                                                                    *
*        Bitmap Converter for emWin V5.24.                           *
*        Compiled Jan 27 2014, 11:27:47                              *
*        (c) 1998 - 2013 Segger Microcontroller GmbH && Co. KG       *
*                                                                    *
**********************************************************************
*                                                                    *
* Source file: UVLight                                               *
* Dimensions:  160 * 68                                              *
* NumColors:   24bpp: 16777216                                       *
*                                                                    *
**********************************************************************
*/

#include <stdlib.h>

#include "GUI.h"

#ifndef GUI_CONST_STORAGE
  #define GUI_CONST_STORAGE const
#endif

extern GUI_CONST_STORAGE GUI_BITMAP bmTitleUVLightCurrent;

static GUI_CONST_STORAGE unsigned char _acTitleUVLightCurrent[] = {
  0x44, 0x77, 0xC8, 0x0D, 0x1D, 0x54, 0x0E, 0x1B, 0x4E, 0x0D, 0x1A, 0x4C, 0x0D, 0x19, 0x4B, 0x0D, 0x18, 0x4A, 0x0D, 0x19, 0x4B, 0x0D, 0x18, 0x49, 0x0D, 0x17, 0x48, 0x0D, 0x17, 0x49, 0x0D, 0x17, 0x49, 0x0D, 0x17, 0x48, 0x0D, 0x17, 0x48, 0x0D, 0x17, 0x48, 
        0x0D, 0x17, 0x48, 0x0D, 0x17, 0x47, 0x0D, 0x16, 0x47, 0x0C, 0x16, 0x47, 0x0C, 0x16, 0x47, 0x0C, 0x16, 0x47, 0x0C, 0x16, 0x47, 0x0C, 0x16, 0x46, 0x0C, 0x16, 0x46, 0x0D, 0x16, 0x47, 0x0C, 0x16, 0x46, 0x0C, 0x16, 0x46, 0x0C, 0x16, 0x46, 
        0x0C, 0x16, 0x46, 0x0C, 0x16, 0x46, 0x0C, 0x16, 0x46, 0x0C, 0x16, 0x46, 0x0C, 0x16, 0x46, 0x0C, 0x16, 0x46, 0x0C, 0x15, 0x45, 0x0C, 0x15, 0x45, 0x0D, 0x16, 0x47, 0x0C, 0x17, 0x47, 0x0C, 0x16, 0x48, 0x0C, 0x16, 0x47, 0x0C, 0x16, 0x47, 
        0x0C, 0x16, 0x48, 0x0C, 0x16, 0x48, 0x0C, 0x16, 0x47, 0x0C, 0x16, 0x46, 0x0C, 0x15, 0x44, 0x0C, 0x14, 0x44, 0x0C, 0x15, 0x44, 0x0C, 0x15, 0x44, 0x0C, 0x15, 0x44, 0x0C, 0x15, 0x44, 0x0C, 0x15, 0x44, 0x0C, 0x15, 0x44, 0x0C, 0x15, 0x44, 
        0x0C, 0x15, 0x44, 0x0C, 0x15, 0x44, 0x0C, 0x15, 0x44, 0x0C, 0x15, 0x44, 0x0C, 0x15, 0x44, 0x0C, 0x15, 0x44, 0x0C, 0x15, 0x44, 0x0C, 0x15, 0x44, 0x0C, 0x15, 0x44, 0x0C, 0x15, 0x44, 0x0C, 0x15, 0x44, 0x0C, 0x15, 0x45, 0x0C, 0x15, 0x45, 
        0x0C, 0x16, 0x46, 0x0C, 0x16, 0x46, 0x0C, 0x16, 0x47, 0x0C, 0x16, 0x47, 0x0C, 0x17, 0x48, 0x0C, 0x18, 0x4A, 0x0D, 0x1A, 0x4C, 0x0E, 0x1C, 0x4E, 0x0D, 0x1B, 0x4E, 0x0E, 0x1D, 0x50, 0x0E, 0x1E, 0x50, 0x0E, 0x1E, 0x50, 0x0E, 0x1E, 0x51, 
        0x0E, 0x1D, 0x50, 0x0E, 0x1D, 0x50, 0x0F, 0x1F, 0x51, 0x10, 0x22, 0x53, 0x0F, 0x1F, 0x52, 0x0E, 0x1D, 0x51, 0x0F, 0x1F, 0x51, 0x0E, 0x1E, 0x51, 0x0E, 0x1E, 0x51, 0x0E, 0x1E, 0x51, 0x0E, 0x1E, 0x51, 0x0E, 0x1D, 0x50, 0x0F, 0x1F, 0x52, 
        0x10, 0x21, 0x53, 0x0E, 0x1E, 0x50, 0x0D, 0x1B, 0x4E, 0x0D, 0x1B, 0x4D, 0x0D, 0x1B, 0x4D, 0x0D, 0x1B, 0x4D, 0x0D, 0x1B, 0x4D, 0x0D, 0x1B, 0x4D, 0x0D, 0x1B, 0x4D, 0x0D, 0x1B, 0x4D, 0x0D, 0x1B, 0x4D, 0x0D, 0x1B, 0x4D, 0x0D, 0x1B, 0x4E, 
        0x0D, 0x1B, 0x4E, 0x0D, 0x1B, 0x4E, 0x0D, 0x1B, 0x4F, 0x0D, 0x1C, 0x4F, 0x0D, 0x1B, 0x4E, 0x0D, 0x1B, 0x4D, 0x0D, 0x1B, 0x4D, 0x0D, 0x1A, 0x4D, 0x0D, 0x1A, 0x4C, 0x0C, 0x1A, 0x4C, 0x0C, 0x1A, 0x4B, 0x0C, 0x19, 0x4B, 0x0D, 0x1A, 0x4C, 
        0x0C, 0x19, 0x4C, 0x0C, 0x19, 0x4C, 0x0D, 0x19, 0x4C, 0x0D, 0x1A, 0x4C, 0x0D, 0x1A, 0x4C, 0x0D, 0x1A, 0x4D, 0x0D, 0x1B, 0x4E, 0x0D, 0x1B, 0x4E, 0x0D, 0x1B, 0x4E, 0x0D, 0x1B, 0x4E, 0x0D, 0x1B, 0x4E, 0x0D, 0x1B, 0x4F, 0x0D, 0x1B, 0x4F, 
        0x0D, 0x1B, 0x4F, 0x0D, 0x1B, 0x4F, 0x0D, 0x1B, 0x4F, 0x0D, 0x1B, 0x4E, 0x0D, 0x1A, 0x4E, 0x0D, 0x1A, 0x4D, 0x0C, 0x19, 0x4C, 0x0C, 0x19, 0x4B, 0x0C, 0x18, 0x4A, 0x0C, 0x17, 0x49, 0x0C, 0x16, 0x47, 0x0C, 0x16, 0x46, 0x0C, 0x15, 0x45, 
        0x0C, 0x15, 0x44, 0x0C, 0x14, 0x43, 0x0C, 0x14, 0x42, 0x0C, 0x13, 0x41, 0x0C, 0x13, 0x40, 0x0C, 0x12, 0x40, 0x0C, 0x12, 0x3F, 0x0C, 0x12, 0x3F, 0x0C, 0x12, 0x3E, 0x0C, 0x12, 0x3E, 0x0C, 0x12, 0x3E, 0x0B, 0x12, 0x3E, 0x0B, 0x12, 0x3D, 
        0x0B, 0x12, 0x3D, 0x0B, 0x12, 0x3D, 0x0C, 0x16, 0x43,
  0x41, 0x73, 0xC3, 0x0E, 0x20, 0x57, 0x0D, 0x1B, 0x4E, 0x0D, 0x1B, 0x4E, 0x0D, 0x1A, 0x4C, 0x0D, 0x19, 0x4B, 0x0D, 0x19, 0x4B, 0x0D, 0x1A, 0x4B, 0x0D, 0x18, 0x4A, 0x0D, 0x18, 0x49, 0x0D, 0x18, 0x4A, 0x0D, 0x18, 0x49, 0x0D, 0x18, 0x49, 0x0D, 0x18, 0x49, 
        0x0D, 0x18, 0x48, 0x0D, 0x17, 0x48, 0x0D, 0x17, 0x48, 0x0D, 0x17, 0x48, 0x0D, 0x17, 0x48, 0x0C, 0x17, 0x48, 0x0C, 0x17, 0x47, 0x0C, 0x17, 0x47, 0x0C, 0x17, 0x47, 0x0C, 0x17, 0x47, 0x0C, 0x17, 0x47, 0x0C, 0x17, 0x47, 0x0C, 0x17, 0x47, 
        0x0C, 0x17, 0x47, 0x0C, 0x16, 0x46, 0x0C, 0x17, 0x47, 0x0C, 0x17, 0x47, 0x0C, 0x17, 0x47, 0x0C, 0x17, 0x46, 0x0C, 0x16, 0x46, 0x0C, 0x16, 0x46, 0x0C, 0x17, 0x47, 0x0C, 0x18, 0x48, 0x0C, 0x17, 0x49, 0x0C, 0x17, 0x48, 0x0C, 0x17, 0x47, 
        0x0C, 0x17, 0x48, 0x0C, 0x17, 0x49, 0x0C, 0x17, 0x48, 0x0C, 0x17, 0x47, 0x0C, 0x16, 0x46, 0x0C, 0x15, 0x45, 0x0C, 0x15, 0x44, 0x0C, 0x16, 0x45, 0x0C, 0x16, 0x45, 0x0C, 0x16, 0x45, 0x0C, 0x16, 0x45, 0x0C, 0x15, 0x45, 0x0C, 0x15, 0x45, 
        0x0C, 0x16, 0x45, 0x0C, 0x16, 0x44, 0x0C, 0x16, 0x45, 0x0C, 0x16, 0x45, 0x0C, 0x15, 0x45, 0x0C, 0x16, 0x44, 0x0C, 0x16, 0x45, 0x0C, 0x16, 0x45, 0x0C, 0x16, 0x45, 0x0C, 0x16, 0x45, 0x0C, 0x16, 0x45, 0x0C, 0x16, 0x46, 0x0C, 0x16, 0x46, 
        0x0C, 0x16, 0x47, 0x0C, 0x17, 0x47, 0x0C, 0x18, 0x49, 0x0C, 0x17, 0x49, 0x0C, 0x18, 0x4A, 0x0D, 0x1A, 0x4D, 0x0E, 0x1D, 0x50, 0x0F, 0x1F, 0x51, 0x0E, 0x1E, 0x50, 0x0E, 0x1E, 0x51, 0x0E, 0x1E, 0x51, 0x0E, 0x1E, 0x51, 0x0E, 0x1E, 0x51, 
        0x0E, 0x1E, 0x51, 0x0E, 0x1F, 0x51, 0x0E, 0x1E, 0x51, 0x0F, 0x1F, 0x52, 0x0F, 0x1F, 0x52, 0x0F, 0x1F, 0x52, 0x0F, 0x20, 0x52, 0x0F, 0x1F, 0x52, 0x0F, 0x20, 0x53, 0x0F, 0x20, 0x52, 0x0E, 0x1E, 0x51, 0x0F, 0x20, 0x52, 0x12, 0x26, 0x56, 
        0x14, 0x29, 0x58, 0x12, 0x26, 0x56, 0x0E, 0x1E, 0x51, 0x0D, 0x1B, 0x4E, 0x0D, 0x1C, 0x4F, 0x0D, 0x1C, 0x4F, 0x0D, 0x1C, 0x4F, 0x0D, 0x1C, 0x4E, 0x0D, 0x1C, 0x4F, 0x0D, 0x1C, 0x4E, 0x0D, 0x1C, 0x4F, 0x0D, 0x1C, 0x4F, 0x0D, 0x1C, 0x4F, 
        0x0D, 0x1C, 0x4F, 0x0D, 0x1C, 0x4F, 0x0D, 0x1C, 0x4F, 0x0D, 0x1C, 0x4F, 0x0D, 0x1C, 0x4F, 0x0D, 0x1C, 0x4F, 0x0D, 0x1C, 0x4F, 0x0D, 0x1C, 0x4E, 0x0D, 0x1B, 0x4E, 0x0D, 0x1A, 0x4D, 0x0C, 0x1A, 0x4C, 0x0C, 0x1A, 0x4C, 0x0C, 0x1A, 0x4C, 
        0x0C, 0x1A, 0x4D, 0x0C, 0x1A, 0x4D, 0x0C, 0x1A, 0x4D, 0x0D, 0x1A, 0x4D, 0x0D, 0x1B, 0x4E, 0x0D, 0x1B, 0x4E, 0x0D, 0x1B, 0x4E, 0x0D, 0x1B, 0x4E, 0x0D, 0x1B, 0x4E, 0x0D, 0x1C, 0x4F, 0x0D, 0x1C, 0x4F, 0x0D, 0x1C, 0x4F, 0x0D, 0x1C, 0x4F, 
        0x0D, 0x1C, 0x4F, 0x0D, 0x1C, 0x4F, 0x0D, 0x1C, 0x4F, 0x0D, 0x1C, 0x4F, 0x0D, 0x1B, 0x4F, 0x0D, 0x1A, 0x4E, 0x0C, 0x1A, 0x4D, 0x0C, 0x1A, 0x4D, 0x0C, 0x19, 0x4B, 0x0C, 0x18, 0x4A, 0x0C, 0x17, 0x49, 0x0C, 0x17, 0x48, 0x0C, 0x16, 0x46, 
        0x0C, 0x16, 0x46, 0x0C, 0x15, 0x45, 0x0C, 0x14, 0x44, 0x0C, 0x14, 0x43, 0x0C, 0x14, 0x41, 0x0C, 0x13, 0x41, 0x0C, 0x13, 0x40, 0x0C, 0x13, 0x40, 0x0C, 0x13, 0x3F, 0x0C, 0x13, 0x3F, 0x0C, 0x13, 0x3F, 0x0C, 0x13, 0x3E, 0x0B, 0x13, 0x3F, 
        0x0B, 0x13, 0x3E, 0x0B, 0x12, 0x3E, 0x0C, 0x17, 0x44,
  0x3C, 0x69, 0xBB, 0x0D, 0x1E, 0x55, 0x0E, 0x1D, 0x50, 0x0E, 0x1C, 0x4F, 0x0D, 0x1B, 0x4E, 0x0D, 0x1A, 0x4D, 0x0D, 0x19, 0x4C, 0x0D, 0x19, 0x4C, 0x0D, 0x19, 0x4C, 0x0D, 0x19, 0x4B, 0x0D, 0x18, 0x4A, 0x0D, 0x18, 0x4A, 0x0D, 0x18, 0x4A, 0x0D, 0x18, 0x4A, 
        0x0D, 0x18, 0x49, 0x0D, 0x17, 0x49, 0x0D, 0x17, 0x49, 0x0D, 0x17, 0x49, 0x0D, 0x17, 0x49, 0x0C, 0x17, 0x49, 0x0C, 0x17, 0x49, 0x0C, 0x17, 0x48, 0x0C, 0x17, 0x48, 0x0C, 0x17, 0x48, 0x0C, 0x17, 0x48, 0x0C, 0x17, 0x48, 0x0C, 0x17, 0x48, 
        0x0C, 0x17, 0x48, 0x0C, 0x16, 0x48, 0x0C, 0x17, 0x47, 0x0C, 0x17, 0x48, 0x0C, 0x17, 0x48, 0x0C, 0x17, 0x47, 0x0C, 0x16, 0x47, 0x0C, 0x16, 0x47, 0x0C, 0x17, 0x49, 0x0C, 0x18, 0x49, 0x0C, 0x17, 0x49, 0x0C, 0x17, 0x49, 0x0C, 0x17, 0x49, 
        0x0C, 0x18, 0x4A, 0x0C, 0x17, 0x4A, 0x0C, 0x17, 0x49, 0x0D, 0x17, 0x49, 0x0C, 0x16, 0x47, 0x0C, 0x15, 0x45, 0x0C, 0x16, 0x46, 0x0C, 0x16, 0x46, 0x0C, 0x16, 0x46, 0x0C, 0x16, 0x46, 0x0C, 0x16, 0x46, 0x0C, 0x16, 0x45, 0x0C, 0x15, 0x45, 
        0x0C, 0x16, 0x45, 0x0C, 0x16, 0x45, 0x0C, 0x16, 0x46, 0x0C, 0x16, 0x46, 0x0C, 0x16, 0x46, 0x0C, 0x16, 0x46, 0x0C, 0x15, 0x45, 0x0C, 0x16, 0x46, 0x0C, 0x16, 0x46, 0x0C, 0x16, 0x46, 0x0C, 0x16, 0x46, 0x0C, 0x16, 0x47, 0x0C, 0x16, 0x47, 
        0x0C, 0x17, 0x48, 0x0C, 0x18, 0x4A, 0x0D, 0x19, 0x4C, 0x0C, 0x18, 0x4B, 0x0D, 0x19, 0x4C, 0x0E, 0x1D, 0x51, 0x0F, 0x1F, 0x53, 0x0E, 0x1E, 0x51, 0x0F, 0x1E, 0x51, 0x0F, 0x1E, 0x51, 0x0E, 0x1E, 0x51, 0x0E, 0x1E, 0x52, 0x0E, 0x1E, 0x52, 
        0x0E, 0x1E, 0x52, 0x0F, 0x1F, 0x53, 0x0F, 0x1F, 0x53, 0x0F, 0x1F, 0x52, 0x0F, 0x1F, 0x53, 0x0F, 0x1F, 0x53, 0x0F, 0x20, 0x53, 0x0F, 0x20, 0x53, 0x0F, 0x20, 0x54, 0x0F, 0x20, 0x53, 0x0E, 0x1F, 0x52, 0x0F, 0x1F, 0x53, 0x12, 0x26, 0x57, 
        0x15, 0x2A, 0x5A, 0x13, 0x27, 0x58, 0x0E, 0x1F, 0x52, 0x0D, 0x1B, 0x4F, 0x0D, 0x1C, 0x4F, 0x0D, 0x1C, 0x4F, 0x0D, 0x1C, 0x4F, 0x0D, 0x1C, 0x4F, 0x0D, 0x1C, 0x50, 0x0D, 0x1C, 0x50, 0x0D, 0x1C, 0x50, 0x0D, 0x1C, 0x50, 0x0D, 0x1C, 0x50, 
        0x0D, 0x1C, 0x51, 0x0E, 0x1D, 0x51, 0x0E, 0x1D, 0x51, 0x0D, 0x1D, 0x51, 0x0D, 0x1D, 0x51, 0x0D, 0x1D, 0x51, 0x0D, 0x1C, 0x50, 0x0D, 0x1C, 0x4F, 0x0D, 0x1B, 0x4E, 0x0D, 0x1B, 0x4E, 0x0D, 0x1B, 0x4D, 0x0D, 0x1B, 0x4D, 0x0D, 0x1B, 0x4D, 
        0x0D, 0x1A, 0x4D, 0x0D, 0x1A, 0x4E, 0x0D, 0x1A, 0x4D, 0x0D, 0x1A, 0x4E, 0x0D, 0x1A, 0x4E, 0x0D, 0x1B, 0x4E, 0x0D, 0x1B, 0x4F, 0x0D, 0x1B, 0x4F, 0x0D, 0x1B, 0x4F, 0x0D, 0x1C, 0x50, 0x0D, 0x1C, 0x50, 0x0D, 0x1C, 0x50, 0x0D, 0x1C, 0x51, 
        0x0D, 0x1C, 0x50, 0x0D, 0x1C, 0x50, 0x0D, 0x1C, 0x50, 0x0D, 0x1C, 0x50, 0x0D, 0x1B, 0x50, 0x0D, 0x1B, 0x4F, 0x0D, 0x1A, 0x4E, 0x0C, 0x1A, 0x4E, 0x0C, 0x19, 0x4D, 0x0C, 0x18, 0x4C, 0x0C, 0x17, 0x4A, 0x0C, 0x17, 0x49, 0x0C, 0x16, 0x48, 
        0x0C, 0x16, 0x47, 0x0C, 0x15, 0x46, 0x0C, 0x15, 0x45, 0x0C, 0x14, 0x44, 0x0C, 0x14, 0x43, 0x0C, 0x13, 0x42, 0x0C, 0x13, 0x41, 0x0C, 0x13, 0x41, 0x0C, 0x13, 0x40, 0x0C, 0x13, 0x40, 0x0C, 0x13, 0x40, 0x0C, 0x13, 0x3F, 0x0C, 0x13, 0x40, 
        0x0B, 0x13, 0x40, 0x0B, 0x13, 0x3F, 0x0C, 0x17, 0x45,
  0x40, 0x70, 0xC2, 0x0E, 0x20, 0x58, 0x0D, 0x1C, 0x50, 0x0D, 0x1C, 0x50, 0x0D, 0x1C, 0x50, 0x0D, 0x1C, 0x50, 0x0D, 0x1A, 0x4E, 0x0D, 0x1A, 0x4D, 0x0D, 0x1B, 0x4E, 0x0D, 0x1A, 0x4D, 0x0D, 0x19, 0x4C, 0x0D, 0x19, 0x4C, 0x0D, 0x19, 0x4C, 0x0D, 0x19, 0x4C, 
        0x0D, 0x18, 0x4B, 0x0D, 0x18, 0x4B, 0x0D, 0x18, 0x4B, 0x0D, 0x18, 0x4A, 0x0D, 0x18, 0x4A, 0x0D, 0x18, 0x4A, 0x0D, 0x18, 0x4A, 0x0C, 0x18, 0x4A, 0x0C, 0x18, 0x4A, 0x0C, 0x18, 0x4A, 0x0D, 0x18, 0x4A, 0x0D, 0x18, 0x4A, 0x0C, 0x18, 0x49, 
        0x0C, 0x17, 0x49, 0x0C, 0x18, 0x49, 0x0C, 0x18, 0x4A, 0x0C, 0x18, 0x49, 0x0C, 0x18, 0x49, 0x0C, 0x17, 0x49, 0x0C, 0x17, 0x48, 0x0C, 0x17, 0x48, 0x0C, 0x18, 0x4A, 0x0C, 0x18, 0x4B, 0x0C, 0x18, 0x4B, 0x0C, 0x18, 0x4B, 0x0C, 0x18, 0x4A, 
        0x0C, 0x18, 0x4B, 0x0C, 0x18, 0x4B, 0x0C, 0x18, 0x4B, 0x0D, 0x18, 0x4B, 0x0C, 0x17, 0x49, 0x0C, 0x16, 0x47, 0x0C, 0x17, 0x47, 0x0C, 0x16, 0x47, 0x0C, 0x16, 0x47, 0x0C, 0x16, 0x47, 0x0C, 0x16, 0x47, 0x0C, 0x16, 0x47, 0x0C, 0x16, 0x47, 
        0x0C, 0x17, 0x47, 0x0C, 0x17, 0x47, 0x0C, 0x17, 0x47, 0x0C, 0x16, 0x47, 0x0C, 0x16, 0x47, 0x0C, 0x17, 0x47, 0x0C, 0x16, 0x47, 0x0C, 0x16, 0x47, 0x0C, 0x17, 0x48, 0x0C, 0x17, 0x48, 0x0C, 0x17, 0x48, 0x0C, 0x17, 0x48, 0x0C, 0x17, 0x49, 
        0x0C, 0x19, 0x4B, 0x0C, 0x19, 0x4C, 0x0C, 0x1A, 0x4D, 0x0D, 0x1B, 0x4F, 0x0E, 0x1E, 0x52, 0x10, 0x21, 0x55, 0x13, 0x27, 0x58, 0x10, 0x23, 0x55, 0x0E, 0x1E, 0x52, 0x0E, 0x1E, 0x52, 0x0F, 0x1F, 0x53, 0x0F, 0x1F, 0x54, 0x0E, 0x1F, 0x53, 
        0x0E, 0x1F, 0x54, 0x0E, 0x20, 0x54, 0x0E, 0x20, 0x54, 0x0F, 0x20, 0x54, 0x0F, 0x20, 0x55, 0x0F, 0x21, 0x55, 0x0F, 0x21, 0x55, 0x0F, 0x21, 0x55, 0x0F, 0x21, 0x55, 0x0F, 0x21, 0x55, 0x0F, 0x21, 0x55, 0x0E, 0x1F, 0x54, 0x0F, 0x21, 0x55, 
        0x10, 0x23, 0x58, 0x0F, 0x21, 0x56, 0x0D, 0x1D, 0x52, 0x0D, 0x1D, 0x51, 0x0D, 0x1D, 0x51, 0x0D, 0x1D, 0x51, 0x0D, 0x1D, 0x51, 0x0D, 0x1D, 0x52, 0x0D, 0x1D, 0x52, 0x0D, 0x1D, 0x52, 0x0D, 0x1D, 0x52, 0x0D, 0x1D, 0x52, 0x0D, 0x1D, 0x52, 
        0x0D, 0x1D, 0x53, 0x0E, 0x1E, 0x53, 0x0E, 0x1E, 0x53, 0x0E, 0x1E, 0x52, 0x0E, 0x1E, 0x53, 0x0E, 0x1E, 0x53, 0x0D, 0x1D, 0x52, 0x0D, 0x1D, 0x52, 0x0D, 0x1C, 0x51, 0x0D, 0x1C, 0x50, 0x0D, 0x1B, 0x4F, 0x0D, 0x1B, 0x4F, 0x0D, 0x1B, 0x4F, 
        0x0D, 0x1B, 0x4F, 0x0D, 0x1B, 0x4F, 0x0C, 0x1B, 0x4F, 0x0D, 0x1B, 0x50, 0x0D, 0x1B, 0x50, 0x0C, 0x1B, 0x50, 0x0D, 0x1C, 0x51, 0x0D, 0x1C, 0x51, 0x0D, 0x1C, 0x51, 0x0D, 0x1D, 0x52, 0x0D, 0x1D, 0x52, 0x0D, 0x1D, 0x52, 0x0D, 0x1D, 0x52, 
        0x0D, 0x1D, 0x52, 0x0D, 0x1D, 0x52, 0x0D, 0x1D, 0x52, 0x0D, 0x1D, 0x52, 0x0D, 0x1C, 0x51, 0x0D, 0x1B, 0x51, 0x0D, 0x1B, 0x50, 0x0C, 0x1B, 0x4F, 0x0C, 0x1A, 0x4E, 0x0C, 0x19, 0x4D, 0x0C, 0x18, 0x4C, 0x0C, 0x18, 0x4B, 0x0C, 0x17, 0x49, 
        0x0C, 0x17, 0x49, 0x0C, 0x16, 0x48, 0x0C, 0x16, 0x47, 0x0C, 0x15, 0x46, 0x0C, 0x15, 0x45, 0x0C, 0x14, 0x44, 0x0C, 0x14, 0x43, 0x0C, 0x14, 0x43, 0x0C, 0x14, 0x42, 0x0C, 0x13, 0x42, 0x0C, 0x13, 0x41, 0x0C, 0x13, 0x41, 0x0C, 0x13, 0x41, 
        0x0C, 0x13, 0x41, 0x0B, 0x13, 0x41, 0x0C, 0x18, 0x46,
  0x3D, 0x6A, 0xBE, 0x0F, 0x22, 0x5C, 0x0E, 0x1D, 0x53, 0x0E, 0x1D, 0x52, 0x0E, 0x1C, 0x52, 0x0D, 0x1C, 0x51, 0x0D, 0x1C, 0x50, 0x0D, 0x1A, 0x4F, 0x0D, 0x1A, 0x4E, 0x0D, 0x1A, 0x4D, 0x0D, 0x1A, 0x4E, 0x0D, 0x19, 0x4D, 0x0D, 0x19, 0x4C, 0x0D, 0x19, 0x4D, 
        0x0D, 0x19, 0x4C, 0x0D, 0x19, 0x4C, 0x0D, 0x19, 0x4C, 0x0D, 0x18, 0x4B, 0x0D, 0x18, 0x4B, 0x0D, 0x18, 0x4B, 0x0D, 0x18, 0x4B, 0x0D, 0x18, 0x4B, 0x0D, 0x18, 0x4B, 0x0D, 0x18, 0x4B, 0x0D, 0x18, 0x4B, 0x0D, 0x18, 0x4B, 0x0D, 0x18, 0x4B, 
        0x0C, 0x17, 0x4A, 0x0C, 0x18, 0x4A, 0x0C, 0x18, 0x4B, 0x0C, 0x18, 0x4B, 0x0C, 0x18, 0x4A, 0x0C, 0x18, 0x4A, 0x0C, 0x17, 0x4A, 0x0C, 0x17, 0x49, 0x0D, 0x18, 0x4B, 0x0C, 0x18, 0x4C, 0x0C, 0x18, 0x4C, 0x0C, 0x19, 0x4D, 0x0C, 0x18, 0x4C, 
        0x0C, 0x18, 0x4C, 0x0C, 0x18, 0x4C, 0x0C, 0x18, 0x4B, 0x0C, 0x19, 0x4C, 0x0C, 0x18, 0x4B, 0x0C, 0x16, 0x48, 0x0C, 0x16, 0x48, 0x0C, 0x17, 0x48, 0x0C, 0x16, 0x48, 0x0C, 0x16, 0x48, 0x0C, 0x16, 0x48, 0x0C, 0x17, 0x48, 0x0C, 0x17, 0x48, 
        0x0C, 0x17, 0x48, 0x0C, 0x17, 0x48, 0x0C, 0x17, 0x48, 0x0C, 0x17, 0x48, 0x0C, 0x17, 0x48, 0x0C, 0x17, 0x49, 0x0C, 0x17, 0x49, 0x0C, 0x16, 0x48, 0x0C, 0x17, 0x48, 0x0C, 0x17, 0x48, 0x0C, 0x17, 0x49, 0x0C, 0x18, 0x4A, 0x0C, 0x18, 0x4B, 
        0x0C, 0x19, 0x4D, 0x0C, 0x19, 0x4E, 0x0D, 0x1B, 0x4F, 0x0E, 0x1D, 0x51, 0x0F, 0x1E, 0x53, 0x10, 0x21, 0x56, 0x13, 0x27, 0x59, 0x0F, 0x20, 0x54, 0x0E, 0x1E, 0x53, 0x0E, 0x1F, 0x54, 0x0E, 0x1E, 0x53, 0x0F, 0x1F, 0x54, 0x0E, 0x1F, 0x54, 
        0x0E, 0x1F, 0x55, 0x0E, 0x1F, 0x54, 0x0F, 0x20, 0x55, 0x0F, 0x20, 0x55, 0x0F, 0x20, 0x55, 0x0F, 0x21, 0x55, 0x0F, 0x21, 0x55, 0x0F, 0x21, 0x56, 0x0F, 0x21, 0x56, 0x0F, 0x21, 0x56, 0x0F, 0x20, 0x55, 0x0F, 0x1F, 0x55, 0x0E, 0x1F, 0x54, 
        0x0E, 0x1D, 0x52, 0x0D, 0x1D, 0x52, 0x0E, 0x1D, 0x53, 0x0E, 0x1D, 0x53, 0x0D, 0x1D, 0x52, 0x0D, 0x1D, 0x52, 0x0D, 0x1D, 0x52, 0x0D, 0x1D, 0x53, 0x0D, 0x1D, 0x53, 0x0D, 0x1D, 0x53, 0x0E, 0x1D, 0x53, 0x0E, 0x1E, 0x53, 0x0E, 0x1E, 0x53, 
        0x0E, 0x1E, 0x54, 0x0E, 0x1E, 0x54, 0x0E, 0x1E, 0x54, 0x0E, 0x1E, 0x54, 0x0E, 0x1E, 0x54, 0x0E, 0x1E, 0x54, 0x0E, 0x1D, 0x53, 0x0E, 0x1E, 0x53, 0x0D, 0x1D, 0x53, 0x0D, 0x1C, 0x51, 0x0D, 0x1B, 0x50, 0x0D, 0x1B, 0x51, 0x0D, 0x1B, 0x50, 
        0x0D, 0x1C, 0x50, 0x0C, 0x1B, 0x50, 0x0D, 0x1B, 0x51, 0x0E, 0x1F, 0x54, 0x0E, 0x20, 0x55, 0x0D, 0x1D, 0x53, 0x0D, 0x1C, 0x51, 0x0D, 0x1C, 0x51, 0x0D, 0x1C, 0x52, 0x0D, 0x1D, 0x52, 0x0D, 0x1D, 0x53, 0x0D, 0x1D, 0x53, 0x0D, 0x1D, 0x53, 
        0x0D, 0x1D, 0x53, 0x0D, 0x1D, 0x53, 0x0D, 0x1D, 0x53, 0x0D, 0x1C, 0x53, 0x0D, 0x1C, 0x52, 0x0D, 0x1C, 0x52, 0x0D, 0x1B, 0x51, 0x0C, 0x1B, 0x50, 0x0C, 0x1A, 0x4F, 0x0C, 0x1A, 0x4F, 0x0C, 0x19, 0x4D, 0x0C, 0x18, 0x4C, 0x0C, 0x17, 0x4B, 
        0x0C, 0x17, 0x4A, 0x0C, 0x17, 0x49, 0x0C, 0x16, 0x48, 0x0C, 0x15, 0x47, 0x0C, 0x15, 0x46, 0x0C, 0x15, 0x45, 0x0C, 0x14, 0x44, 0x0C, 0x14, 0x44, 0x0C, 0x14, 0x43, 0x0C, 0x14, 0x43, 0x0C, 0x13, 0x42, 0x0C, 0x13, 0x42, 0x0C, 0x13, 0x43, 
        0x0C, 0x13, 0x43, 0x0C, 0x13, 0x42, 0x0C, 0x18, 0x48,
  0x41, 0x70, 0xC2, 0x11, 0x26, 0x5E, 0x0F, 0x21, 0x56, 0x0E, 0x1F, 0x54, 0x0E, 0x1D, 0x52, 0x0D, 0x1C, 0x51, 0x0D, 0x1D, 0x51, 0x0D, 0x1C, 0x51, 0x0D, 0x1A, 0x4F, 0x0D, 0x1A, 0x4E, 0x0D, 0x1A, 0x4E, 0x0D, 0x1A, 0x4E, 0x0D, 0x1A, 0x4D, 0x0D, 0x1A, 0x4E, 
        0x0D, 0x1A, 0x4E, 0x0D, 0x1A, 0x4D, 0x0D, 0x19, 0x4D, 0x0D, 0x19, 0x4C, 0x0D, 0x19, 0x4C, 0x0D, 0x19, 0x4C, 0x0D, 0x19, 0x4C, 0x0C, 0x19, 0x4C, 0x0C, 0x19, 0x4C, 0x0D, 0x19, 0x4C, 0x0C, 0x19, 0x4B, 0x0C, 0x19, 0x4B, 0x0C, 0x18, 0x4B, 
        0x0C, 0x18, 0x4B, 0x0C, 0x18, 0x4B, 0x0C, 0x18, 0x4B, 0x0C, 0x18, 0x4B, 0x0C, 0x18, 0x4B, 0x0C, 0x18, 0x4B, 0x0C, 0x18, 0x4A, 0x0C, 0x18, 0x4B, 0x0D, 0x1A, 0x4C, 0x0C, 0x1A, 0x4D, 0x0C, 0x19, 0x4D, 0x0C, 0x1A, 0x4E, 0x0C, 0x19, 0x4D, 
        0x0C, 0x19, 0x4C, 0x0C, 0x19, 0x4C, 0x0C, 0x19, 0x4C, 0x0C, 0x19, 0x4C, 0x0C, 0x18, 0x4B, 0x0C, 0x18, 0x4A, 0x0C, 0x17, 0x49, 0x0C, 0x17, 0x49, 0x0C, 0x17, 0x49, 0x0C, 0x17, 0x49, 0x0C, 0x17, 0x49, 0x0C, 0x17, 0x49, 0x0C, 0x17, 0x49, 
        0x0C, 0x17, 0x49, 0x0C, 0x17, 0x49, 0x0C, 0x17, 0x49, 0x0C, 0x17, 0x49, 0x0C, 0x17, 0x49, 0x0C, 0x18, 0x49, 0x0C, 0x18, 0x49, 0x0C, 0x18, 0x49, 0x0C, 0x18, 0x49, 0x0C, 0x17, 0x49, 0x0C, 0x18, 0x4A, 0x0C, 0x19, 0x4C, 0x0C, 0x1A, 0x4D, 
        0x0D, 0x1B, 0x4F, 0x0D, 0x1C, 0x51, 0x0E, 0x1E, 0x52, 0x10, 0x22, 0x56, 0x12, 0x26, 0x58, 0x14, 0x29, 0x5A, 0x10, 0x22, 0x57, 0x0D, 0x1D, 0x52, 0x0E, 0x1F, 0x54, 0x0F, 0x20, 0x55, 0x0F, 0x20, 0x55, 0x0E, 0x1F, 0x54, 0x0F, 0x20, 0x55, 
        0x0E, 0x20, 0x55, 0x0E, 0x20, 0x55, 0x0E, 0x20, 0x55, 0x0F, 0x21, 0x56, 0x0F, 0x21, 0x56, 0x0F, 0x21, 0x56, 0x0F, 0x21, 0x56, 0x0F, 0x21, 0x56, 0x0F, 0x21, 0x56, 0x0F, 0x21, 0x56, 0x0F, 0x21, 0x56, 0x0E, 0x20, 0x55, 0x0E, 0x20, 0x55, 
        0x0E, 0x1F, 0x54, 0x0E, 0x1E, 0x54, 0x0E, 0x1E, 0x54, 0x0D, 0x1E, 0x54, 0x0D, 0x1D, 0x53, 0x0D, 0x1D, 0x53, 0x0D, 0x1E, 0x52, 0x0D, 0x1E, 0x53, 0x0E, 0x1F, 0x54, 0x0E, 0x1F, 0x54, 0x0E, 0x1F, 0x54, 0x0E, 0x1F, 0x54, 0x0E, 0x1F, 0x55, 
        0x0E, 0x20, 0x55, 0x0E, 0x1F, 0x55, 0x0E, 0x20, 0x55, 0x0E, 0x20, 0x55, 0x0E, 0x20, 0x55, 0x0E, 0x1F, 0x54, 0x0E, 0x1F, 0x54, 0x0D, 0x1E, 0x54, 0x0D, 0x1E, 0x53, 0x0D, 0x1D, 0x52, 0x0D, 0x1C, 0x51, 0x0D, 0x1C, 0x51, 0x0D, 0x1C, 0x51, 
        0x0D, 0x1C, 0x50, 0x0C, 0x1B, 0x50, 0x0D, 0x1E, 0x53, 0x0F, 0x23, 0x57, 0x10, 0x25, 0x58, 0x0E, 0x21, 0x56, 0x0D, 0x1D, 0x52, 0x0D, 0x1D, 0x52, 0x0D, 0x1D, 0x53, 0x0D, 0x1D, 0x53, 0x0D, 0x1E, 0x54, 0x0D, 0x1E, 0x54, 0x0D, 0x1E, 0x54, 
        0x0D, 0x1E, 0x54, 0x0D, 0x1E, 0x54, 0x0D, 0x1E, 0x54, 0x0D, 0x1D, 0x53, 0x0D, 0x1D, 0x53, 0x0D, 0x1D, 0x53, 0x0D, 0x1D, 0x52, 0x0D, 0x1C, 0x52, 0x0C, 0x1B, 0x51, 0x0C, 0x1B, 0x50, 0x0C, 0x1A, 0x4F, 0x0C, 0x19, 0x4E, 0x0C, 0x19, 0x4C, 
        0x0C, 0x18, 0x4B, 0x0C, 0x18, 0x4A, 0x0C, 0x17, 0x49, 0x0C, 0x16, 0x48, 0x0C, 0x16, 0x47, 0x0C, 0x16, 0x46, 0x0C, 0x15, 0x46, 0x0C, 0x15, 0x45, 0x0C, 0x15, 0x45, 0x0C, 0x15, 0x44, 0x0C, 0x14, 0x43, 0x0C, 0x14, 0x43, 0x0C, 0x14, 0x43, 
        0x0C, 0x14, 0x43, 0x0C, 0x14, 0x43, 0x0C, 0x18, 0x48,
  0x45, 0x78, 0xC9, 0x11, 0x26, 0x60, 0x10, 0x21, 0x58, 0x0F, 0x20, 0x56, 0x0E, 0x1F, 0x55, 0x0E, 0x1D, 0x53, 0x0D, 0x1D, 0x52, 0x0D, 0x1D, 0x52, 0x0D, 0x1C, 0x51, 0x0D, 0x1B, 0x50, 0x0D, 0x1B, 0x50, 0x0D, 0x1B, 0x50, 0x0D, 0x1A, 0x4F, 0x0D, 0x1A, 0x4F, 
        0x0D, 0x1A, 0x4E, 0x0D, 0x19, 0x4E, 0x0D, 0x19, 0x4E, 0x0D, 0x19, 0x4D, 0x0D, 0x19, 0x4D, 0x0D, 0x19, 0x4D, 0x0D, 0x19, 0x4D, 0x0D, 0x19, 0x4D, 0x0D, 0x19, 0x4D, 0x0C, 0x19, 0x4D, 0x0D, 0x19, 0x4D, 0x0C, 0x19, 0x4C, 0x0C, 0x19, 0x4C, 
        0x0C, 0x18, 0x4C, 0x0C, 0x19, 0x4C, 0x0C, 0x18, 0x4C, 0x0C, 0x18, 0x4C, 0x0C, 0x18, 0x4C, 0x0C, 0x18, 0x4C, 0x0C, 0x18, 0x4B, 0x0C, 0x18, 0x4C, 0x0D, 0x1A, 0x4E, 0x0C, 0x1A, 0x4E, 0x0C, 0x19, 0x4E, 0x0C, 0x19, 0x4E, 0x0C, 0x19, 0x4D, 
        0x0C, 0x19, 0x4D, 0x0C, 0x19, 0x4D, 0x0C, 0x19, 0x4D, 0x0C, 0x19, 0x4D, 0x0C, 0x19, 0x4C, 0x0D, 0x18, 0x4C, 0x0C, 0x17, 0x4A, 0x0C, 0x17, 0x4A, 0x0C, 0x17, 0x4A, 0x0C, 0x17, 0x4A, 0x0C, 0x17, 0x4A, 0x0C, 0x17, 0x4A, 0x0C, 0x17, 0x4A, 
        0x0C, 0x17, 0x4A, 0x0C, 0x17, 0x4A, 0x0C, 0x17, 0x49, 0x0C, 0x17, 0x4A, 0x0C, 0x17, 0x4A, 0x0C, 0x18, 0x4A, 0x0C, 0x18, 0x4A, 0x0C, 0x18, 0x4A, 0x0C, 0x18, 0x4B, 0x0C, 0x18, 0x4B, 0x0C, 0x19, 0x4C, 0x0D, 0x1A, 0x4E, 0x0D, 0x1C, 0x51, 
        0x0D, 0x1B, 0x50, 0x0D, 0x1C, 0x51, 0x10, 0x23, 0x58, 0x17, 0x2C, 0x5C, 0x20, 0x34, 0x5F, 0x14, 0x2A, 0x5B, 0x0E, 0x1E, 0x53, 0x0E, 0x20, 0x55, 0x0F, 0x20, 0x56, 0x0E, 0x1F, 0x55, 0x0E, 0x1F, 0x55, 0x0E, 0x1F, 0x55, 0x0F, 0x1F, 0x55, 
        0x0E, 0x20, 0x55, 0x0E, 0x20, 0x56, 0x0E, 0x20, 0x56, 0x0F, 0x20, 0x56, 0x0F, 0x20, 0x56, 0x0F, 0x20, 0x57, 0x0F, 0x21, 0x57, 0x0F, 0x21, 0x57, 0x0F, 0x21, 0x57, 0x0F, 0x21, 0x57, 0x0E, 0x20, 0x56, 0x0E, 0x20, 0x56, 0x0E, 0x1F, 0x56, 
        0x0E, 0x1F, 0x56, 0x0E, 0x1E, 0x54, 0x0D, 0x1E, 0x54, 0x0D, 0x1E, 0x54, 0x0D, 0x1E, 0x54, 0x0D, 0x1E, 0x54, 0x0D, 0x1E, 0x54, 0x0D, 0x1E, 0x54, 0x0E, 0x1F, 0x55, 0x0E, 0x1F, 0x55, 0x0E, 0x1F, 0x55, 0x0E, 0x1F, 0x55, 0x0E, 0x1F, 0x56, 
        0x0E, 0x20, 0x56, 0x0E, 0x1F, 0x55, 0x0E, 0x1F, 0x55, 0x0E, 0x1F, 0x55, 0x0E, 0x1F, 0x55, 0x0E, 0x1F, 0x55, 0x0E, 0x1F, 0x55, 0x0D, 0x1E, 0x55, 0x0D, 0x1D, 0x54, 0x0D, 0x1D, 0x53, 0x0D, 0x1D, 0x52, 0x0D, 0x1C, 0x52, 0x0D, 0x1C, 0x52, 
        0x0D, 0x1C, 0x52, 0x0D, 0x1C, 0x52, 0x0D, 0x1E, 0x54, 0x0E, 0x1F, 0x55, 0x0E, 0x1F, 0x55, 0x0D, 0x1E, 0x54, 0x0D, 0x1D, 0x53, 0x0D, 0x1D, 0x53, 0x0D, 0x1D, 0x54, 0x0D, 0x1D, 0x54, 0x0D, 0x1E, 0x54, 0x0E, 0x1E, 0x55, 0x0E, 0x1E, 0x55, 
        0x0D, 0x1E, 0x55, 0x0D, 0x1E, 0x55, 0x0D, 0x1E, 0x55, 0x0D, 0x1E, 0x54, 0x0D, 0x1D, 0x54, 0x0D, 0x1D, 0x54, 0x0D, 0x1D, 0x54, 0x0D, 0x1C, 0x53, 0x0D, 0x1C, 0x52, 0x0C, 0x1B, 0x51, 0x0C, 0x1A, 0x50, 0x0C, 0x1A, 0x4F, 0x0C, 0x19, 0x4E, 
        0x0C, 0x18, 0x4D, 0x0C, 0x18, 0x4C, 0x0C, 0x17, 0x4A, 0x0C, 0x16, 0x49, 0x0C, 0x16, 0x49, 0x0C, 0x16, 0x48, 0x0C, 0x15, 0x47, 0x0C, 0x15, 0x46, 0x0C, 0x15, 0x46, 0x0C, 0x15, 0x45, 0x0C, 0x15, 0x45, 0x0C, 0x14, 0x44, 0x0C, 0x14, 0x43, 
        0x0C, 0x14, 0x43, 0x0C, 0x15, 0x44, 0x0C, 0x19, 0x4A,
  0x49, 0x7E, 0xCE, 0x12, 0x28, 0x62, 0x10, 0x23, 0x5A, 0x10, 0x23, 0x5A, 0x0F, 0x21, 0x58, 0x0E, 0x1F, 0x55, 0x0E, 0x1E, 0x54, 0x0E, 0x1E, 0x54, 0x0E, 0x1D, 0x54, 0x0D, 0x1D, 0x53, 0x0D, 0x1C, 0x52, 0x0D, 0x1C, 0x52, 0x0D, 0x1B, 0x51, 0x0D, 0x1B, 0x51, 
        0x0D, 0x1B, 0x51, 0x0D, 0x1B, 0x50, 0x0D, 0x1B, 0x50, 0x0D, 0x1A, 0x50, 0x0D, 0x1A, 0x4F, 0x0D, 0x1A, 0x4F, 0x0D, 0x1A, 0x4E, 0x0D, 0x1A, 0x4F, 0x0D, 0x1A, 0x4F, 0x0D, 0x1A, 0x4F, 0x0D, 0x1A, 0x4F, 0x0D, 0x1A, 0x4F, 0x0C, 0x1A, 0x4E, 
        0x0C, 0x1A, 0x4E, 0x0C, 0x1A, 0x4E, 0x0C, 0x19, 0x4E, 0x0C, 0x19, 0x4D, 0x0C, 0x19, 0x4D, 0x0C, 0x19, 0x4D, 0x0C, 0x19, 0x4D, 0x0C, 0x19, 0x4E, 0x0C, 0x1A, 0x4F, 0x0C, 0x1B, 0x50, 0x0C, 0x1A, 0x50, 0x0C, 0x1A, 0x50, 0x0C, 0x1A, 0x4F, 
        0x0C, 0x1A, 0x4F, 0x0C, 0x1A, 0x4F, 0x0C, 0x1A, 0x50, 0x0C, 0x1A, 0x4F, 0x0C, 0x1A, 0x4E, 0x0D, 0x19, 0x4D, 0x0C, 0x18, 0x4B, 0x0C, 0x18, 0x4C, 0x0C, 0x18, 0x4C, 0x0C, 0x18, 0x4B, 0x0C, 0x18, 0x4B, 0x0C, 0x18, 0x4C, 0x0C, 0x18, 0x4B, 
        0x0C, 0x18, 0x4B, 0x0C, 0x18, 0x4B, 0x0C, 0x18, 0x4B, 0x0C, 0x18, 0x4B, 0x0C, 0x18, 0x4C, 0x0C, 0x19, 0x4C, 0x0C, 0x19, 0x4C, 0x0C, 0x19, 0x4C, 0x0C, 0x19, 0x4D, 0x0C, 0x1A, 0x4E, 0x0D, 0x1B, 0x50, 0x0E, 0x1D, 0x53, 0x0F, 0x20, 0x55, 
        0x0F, 0x20, 0x57, 0x10, 0x23, 0x58, 0x12, 0x27, 0x5B, 0x1A, 0x30, 0x5F, 0x14, 0x2B, 0x5D, 0x0E, 0x1F, 0x55, 0x0E, 0x1F, 0x56, 0x0F, 0x21, 0x57, 0x0E, 0x21, 0x57, 0x0F, 0x21, 0x57, 0x0F, 0x21, 0x57, 0x0F, 0x21, 0x58, 0x0F, 0x21, 0x58, 
        0x0E, 0x20, 0x57, 0x0E, 0x20, 0x57, 0x0E, 0x21, 0x57, 0x0E, 0x21, 0x58, 0x0F, 0x21, 0x58, 0x0F, 0x21, 0x58, 0x0F, 0x21, 0x58, 0x0F, 0x21, 0x58, 0x0F, 0x21, 0x58, 0x0F, 0x21, 0x58, 0x0E, 0x21, 0x58, 0x0E, 0x20, 0x57, 0x0E, 0x20, 0x57, 
        0x0E, 0x20, 0x57, 0x0E, 0x1F, 0x56, 0x0E, 0x1F, 0x56, 0x0D, 0x1F, 0x56, 0x0D, 0x1F, 0x56, 0x0D, 0x1F, 0x56, 0x0E, 0x1F, 0x56, 0x0E, 0x1F, 0x56, 0x0E, 0x1F, 0x56, 0x0E, 0x1F, 0x56, 0x0E, 0x1F, 0x57, 0x0E, 0x20, 0x57, 0x0E, 0x20, 0x57, 
        0x0E, 0x20, 0x57, 0x0E, 0x20, 0x57, 0x0E, 0x20, 0x57, 0x0E, 0x20, 0x57, 0x0E, 0x20, 0x57, 0x0E, 0x1F, 0x56, 0x0E, 0x1F, 0x56, 0x0D, 0x1F, 0x56, 0x0D, 0x1E, 0x55, 0x0D, 0x1E, 0x55, 0x0D, 0x1E, 0x54, 0x0D, 0x1D, 0x53, 0x0D, 0x1D, 0x53, 
        0x0D, 0x1D, 0x54, 0x0D, 0x1E, 0x54, 0x0D, 0x1E, 0x54, 0x0D, 0x1D, 0x54, 0x0C, 0x1D, 0x53, 0x0D, 0x1D, 0x54, 0x0D, 0x1E, 0x54, 0x0D, 0x1E, 0x55, 0x0D, 0x1E, 0x56, 0x0D, 0x1E, 0x56, 0x0D, 0x1F, 0x56, 0x0D, 0x1F, 0x56, 0x0E, 0x1F, 0x57, 
        0x0E, 0x1F, 0x57, 0x0D, 0x1F, 0x57, 0x0D, 0x1F, 0x56, 0x0D, 0x1E, 0x56, 0x0D, 0x1E, 0x56, 0x0D, 0x1E, 0x56, 0x0D, 0x1E, 0x55, 0x0D, 0x1D, 0x55, 0x0D, 0x1D, 0x54, 0x0C, 0x1C, 0x54, 0x0C, 0x1B, 0x52, 0x0C, 0x1A, 0x51, 0x0C, 0x1A, 0x50, 
        0x0C, 0x1A, 0x4F, 0x0C, 0x19, 0x4E, 0x0C, 0x18, 0x4D, 0x0C, 0x18, 0x4C, 0x0C, 0x17, 0x4B, 0x0C, 0x17, 0x4A, 0x0C, 0x16, 0x49, 0x0C, 0x16, 0x49, 0x0C, 0x16, 0x48, 0x0C, 0x16, 0x47, 0x0C, 0x15, 0x47, 0x0C, 0x15, 0x46, 0x0C, 0x15, 0x45, 
        0x0C, 0x15, 0x45, 0x0C, 0x15, 0x45, 0x0C, 0x19, 0x4B,
  0x4D, 0x84, 0xD0, 0x13, 0x2A, 0x64, 0x11, 0x24, 0x5C, 0x11, 0x23, 0x5B, 0x10, 0x22, 0x5A, 0x0E, 0x1F, 0x57, 0x0E, 0x1F, 0x56, 0x0E, 0x1F, 0x56, 0x0E, 0x1E, 0x55, 0x0D, 0x1C, 0x53, 0x0D, 0x1C, 0x53, 0x0D, 0x1C, 0x53, 0x0D, 0x1C, 0x53, 0x0D, 0x1C, 0x53, 
        0x0D, 0x1B, 0x52, 0x0D, 0x1B, 0x51, 0x0D, 0x1B, 0x51, 0x0D, 0x1B, 0x51, 0x0D, 0x1A, 0x51, 0x0D, 0x1A, 0x50, 0x0D, 0x1A, 0x50, 0x0D, 0x1A, 0x50, 0x0D, 0x1A, 0x50, 0x0D, 0x1A, 0x50, 0x0D, 0x1A, 0x50, 0x0D, 0x1A, 0x50, 0x0C, 0x1A, 0x50, 
        0x0C, 0x1A, 0x4F, 0x0D, 0x1A, 0x4F, 0x0D, 0x1A, 0x4F, 0x0C, 0x19, 0x4E, 0x0C, 0x19, 0x4E, 0x0C, 0x19, 0x4E, 0x0C, 0x1A, 0x4F, 0x0C, 0x1A, 0x50, 0x0C, 0x1B, 0x51, 0x0C, 0x1B, 0x52, 0x0C, 0x1B, 0x51, 0x0C, 0x1A, 0x50, 0x0D, 0x1B, 0x50, 
        0x0D, 0x1A, 0x51, 0x0C, 0x1A, 0x51, 0x0C, 0x1B, 0x51, 0x0C, 0x1A, 0x51, 0x0C, 0x1A, 0x50, 0x0C, 0x19, 0x4E, 0x0C, 0x18, 0x4C, 0x0C, 0x18, 0x4D, 0x0C, 0x18, 0x4D, 0x0C, 0x18, 0x4D, 0x0C, 0x18, 0x4C, 0x0C, 0x18, 0x4C, 0x0C, 0x18, 0x4C, 
        0x0C, 0x18, 0x4C, 0x0C, 0x18, 0x4C, 0x0C, 0x18, 0x4C, 0x0C, 0x18, 0x4D, 0x0C, 0x19, 0x4D, 0x0C, 0x19, 0x4D, 0x0C, 0x19, 0x4D, 0x0C, 0x19, 0x4E, 0x0D, 0x1A, 0x4F, 0x0D, 0x1C, 0x51, 0x0D, 0x1C, 0x52, 0x0E, 0x1D, 0x53, 0x0F, 0x1F, 0x56, 
        0x10, 0x22, 0x59, 0x12, 0x27, 0x5C, 0x16, 0x2C, 0x5E, 0x14, 0x2A, 0x5D, 0x0E, 0x20, 0x57, 0x0E, 0x20, 0x57, 0x0F, 0x21, 0x58, 0x0E, 0x20, 0x58, 0x0E, 0x21, 0x58, 0x0F, 0x21, 0x58, 0x0E, 0x20, 0x57, 0x0F, 0x21, 0x59, 0x0F, 0x22, 0x59, 
        0x0E, 0x20, 0x58, 0x0E, 0x20, 0x58, 0x0F, 0x21, 0x58, 0x0E, 0x21, 0x58, 0x0E, 0x21, 0x58, 0x0E, 0x21, 0x58, 0x0F, 0x21, 0x58, 0x0F, 0x21, 0x59, 0x0F, 0x21, 0x59, 0x0F, 0x21, 0x58, 0x0E, 0x20, 0x58, 0x0E, 0x20, 0x58, 0x0E, 0x20, 0x58, 
        0x0E, 0x20, 0x58, 0x0E, 0x1F, 0x57, 0x0E, 0x1F, 0x57, 0x0E, 0x1F, 0x57, 0x0D, 0x1F, 0x56, 0x0D, 0x1F, 0x57, 0x0E, 0x1F, 0x56, 0x0D, 0x1F, 0x57, 0x0E, 0x1F, 0x57, 0x0E, 0x1F, 0x57, 0x0E, 0x1F, 0x58, 0x0E, 0x20, 0x58, 0x0E, 0x20, 0x58, 
        0x0E, 0x20, 0x58, 0x0E, 0x20, 0x58, 0x0E, 0x20, 0x58, 0x0E, 0x20, 0x57, 0x0E, 0x20, 0x57, 0x0E, 0x1F, 0x57, 0x0D, 0x1F, 0x57, 0x0D, 0x1E, 0x56, 0x0D, 0x1E, 0x56, 0x0D, 0x1E, 0x55, 0x0D, 0x1D, 0x55, 0x0D, 0x1D, 0x54, 0x0D, 0x1D, 0x54, 
        0x0D, 0x1D, 0x55, 0x0D, 0x1D, 0x54, 0x0D, 0x1D, 0x55, 0x0D, 0x1D, 0x54, 0x0D, 0x1E, 0x55, 0x0D, 0x1E, 0x55, 0x0D, 0x1D, 0x55, 0x0D, 0x1E, 0x56, 0x0D, 0x1E, 0x56, 0x0D, 0x1E, 0x57, 0x0D, 0x1F, 0x57, 0x0D, 0x1F, 0x57, 0x0D, 0x1F, 0x58, 
        0x0D, 0x1F, 0x58, 0x0D, 0x1F, 0x57, 0x0D, 0x1F, 0x57, 0x0D, 0x1F, 0x57, 0x0D, 0x1F, 0x57, 0x0D, 0x1E, 0x57, 0x0D, 0x1E, 0x56, 0x0D, 0x1D, 0x56, 0x0D, 0x1D, 0x56, 0x0C, 0x1C, 0x55, 0x0C, 0x1C, 0x53, 0x0C, 0x1B, 0x53, 0x0C, 0x1A, 0x51, 
        0x0C, 0x1A, 0x50, 0x0C, 0x19, 0x4F, 0x0C, 0x18, 0x4E, 0x0C, 0x18, 0x4D, 0x0C, 0x18, 0x4C, 0x0C, 0x17, 0x4C, 0x0C, 0x17, 0x4B, 0x0C, 0x16, 0x4A, 0x0C, 0x16, 0x49, 0x0C, 0x16, 0x49, 0x0C, 0x16, 0x48, 0x0C, 0x15, 0x47, 0x0C, 0x15, 0x47, 
        0x0C, 0x16, 0x47, 0x0C, 0x16, 0x48, 0x0C, 0x1A, 0x4C,
  0x4F, 0x88, 0xD2, 0x15, 0x2E, 0x67, 0x13, 0x27, 0x5F, 0x11, 0x25, 0x5D, 0x10, 0x23, 0x5C, 0x0F, 0x21, 0x5A, 0x0F, 0x20, 0x59, 0x0E, 0x20, 0x58, 0x0E, 0x20, 0x58, 0x0D, 0x1D, 0x56, 0x0D, 0x1D, 0x55, 0x0D, 0x1D, 0x55, 0x0D, 0x1D, 0x55, 0x0D, 0x1D, 0x55, 
        0x0D, 0x1D, 0x54, 0x0D, 0x1C, 0x53, 0x0D, 0x1B, 0x53, 0x0D, 0x1B, 0x52, 0x0D, 0x1B, 0x52, 0x0D, 0x1B, 0x52, 0x0D, 0x1C, 0x52, 0x0D, 0x1B, 0x52, 0x0D, 0x1B, 0x52, 0x0D, 0x1B, 0x52, 0x0D, 0x1B, 0x52, 0x0C, 0x1B, 0x52, 0x0C, 0x1B, 0x52, 
        0x0C, 0x1A, 0x50, 0x0C, 0x1A, 0x50, 0x0D, 0x1B, 0x50, 0x0C, 0x1A, 0x50, 0x0C, 0x1A, 0x4F, 0x0C, 0x1A, 0x4F, 0x0D, 0x1A, 0x50, 0x0C, 0x1B, 0x52, 0x0C, 0x1C, 0x53, 0x0C, 0x1C, 0x53, 0x0C, 0x1B, 0x53, 0x0C, 0x1B, 0x51, 0x0C, 0x1B, 0x51, 
        0x0C, 0x1B, 0x52, 0x0C, 0x1B, 0x53, 0x0C, 0x1B, 0x52, 0x0C, 0x1B, 0x52, 0x0C, 0x1B, 0x51, 0x0C, 0x19, 0x4F, 0x0C, 0x19, 0x4F, 0x0C, 0x19, 0x4E, 0x0C, 0x19, 0x4E, 0x0C, 0x19, 0x4E, 0x0C, 0x19, 0x4E, 0x0C, 0x19, 0x4E, 0x0C, 0x19, 0x4E, 
        0x0C, 0x19, 0x4E, 0x0C, 0x19, 0x4E, 0x0C, 0x19, 0x4E, 0x0C, 0x19, 0x4E, 0x0C, 0x19, 0x4F, 0x0C, 0x1A, 0x4E, 0x0C, 0x1A, 0x4F, 0x0C, 0x1B, 0x50, 0x0D, 0x1C, 0x51, 0x0D, 0x1D, 0x53, 0x0D, 0x1C, 0x53, 0x0D, 0x1D, 0x54, 0x0E, 0x1F, 0x56, 
        0x0E, 0x1F, 0x56, 0x13, 0x29, 0x5E, 0x14, 0x2A, 0x5F, 0x0E, 0x20, 0x58, 0x0E, 0x21, 0x59, 0x0E, 0x22, 0x59, 0x0E, 0x22, 0x59, 0x0E, 0x22, 0x5A, 0x0E, 0x21, 0x5A, 0x0E, 0x21, 0x59, 0x0E, 0x21, 0x5A, 0x0F, 0x22, 0x5A, 0x0E, 0x21, 0x59, 
        0x0E, 0x21, 0x59, 0x0E, 0x21, 0x59, 0x0F, 0x21, 0x59, 0x0F, 0x21, 0x5A, 0x0E, 0x21, 0x5A, 0x0E, 0x21, 0x5A, 0x0E, 0x21, 0x5A, 0x0E, 0x22, 0x5A, 0x0E, 0x21, 0x5A, 0x0E, 0x21, 0x5A, 0x0E, 0x21, 0x59, 0x0E, 0x21, 0x59, 0x0E, 0x21, 0x59, 
        0x0E, 0x20, 0x59, 0x0E, 0x20, 0x58, 0x0E, 0x20, 0x59, 0x0E, 0x20, 0x59, 0x0D, 0x20, 0x58, 0x0D, 0x1F, 0x58, 0x0E, 0x20, 0x58, 0x0E, 0x20, 0x58, 0x0E, 0x20, 0x58, 0x0E, 0x20, 0x58, 0x0E, 0x20, 0x59, 0x0E, 0x20, 0x59, 0x0E, 0x20, 0x59, 
        0x0E, 0x20, 0x59, 0x0E, 0x20, 0x59, 0x0E, 0x20, 0x59, 0x0E, 0x20, 0x59, 0x0E, 0x20, 0x58, 0x0E, 0x20, 0x58, 0x0D, 0x20, 0x58, 0x0D, 0x1F, 0x58, 0x0D, 0x1F, 0x57, 0x0D, 0x1E, 0x56, 0x0D, 0x1E, 0x56, 0x0D, 0x1E, 0x55, 0x0D, 0x1E, 0x56, 
        0x0D, 0x1E, 0x57, 0x0D, 0x1E, 0x56, 0x0D, 0x1E, 0x56, 0x0D, 0x1E, 0x56, 0x0D, 0x1E, 0x55, 0x0D, 0x1E, 0x56, 0x0D, 0x1E, 0x57, 0x0D, 0x1F, 0x57, 0x0D, 0x1F, 0x58, 0x0D, 0x1F, 0x58, 0x0D, 0x1F, 0x58, 0x0D, 0x20, 0x59, 0x0D, 0x20, 0x59, 
        0x0D, 0x20, 0x59, 0x0D, 0x20, 0x59, 0x0D, 0x20, 0x59, 0x0D, 0x20, 0x59, 0x0D, 0x1F, 0x59, 0x0D, 0x1F, 0x59, 0x0D, 0x1F, 0x58, 0x0D, 0x1E, 0x58, 0x0D, 0x1E, 0x58, 0x0D, 0x1D, 0x57, 0x0C, 0x1D, 0x56, 0x0C, 0x1C, 0x54, 0x0C, 0x1B, 0x52, 
        0x0C, 0x1B, 0x52, 0x0C, 0x1A, 0x51, 0x0C, 0x1A, 0x50, 0x0C, 0x19, 0x4F, 0x0C, 0x18, 0x4E, 0x0C, 0x18, 0x4D, 0x0C, 0x18, 0x4D, 0x0C, 0x17, 0x4C, 0x0C, 0x17, 0x4B, 0x0C, 0x17, 0x4B, 0x0C, 0x17, 0x4A, 0x0C, 0x16, 0x4A, 0x0C, 0x16, 0x49, 
        0x0C, 0x16, 0x49, 0x0C, 0x16, 0x49, 0x0C, 0x1A, 0x4D,
  0x4E, 0x85, 0xD0, 0x16, 0x30, 0x69, 0x14, 0x29, 0x61, 0x13, 0x28, 0x60, 0x11, 0x25, 0x5E, 0x10, 0x24, 0x5D, 0x10, 0x24, 0x5D, 0x0F, 0x22, 0x5B, 0x0E, 0x20, 0x59, 0x0E, 0x1F, 0x58, 0x0E, 0x1F, 0x58, 0x0E, 0x20, 0x58, 0x0D, 0x1F, 0x58, 0x0D, 0x1E, 0x56, 
        0x0D, 0x1D, 0x56, 0x0D, 0x1D, 0x55, 0x0D, 0x1D, 0x55, 0x0D, 0x1D, 0x55, 0x0D, 0x1D, 0x54, 0x0D, 0x1C, 0x54, 0x0D, 0x1C, 0x54, 0x0D, 0x1C, 0x53, 0x0D, 0x1C, 0x53, 0x0D, 0x1C, 0x53, 0x0D, 0x1C, 0x53, 0x0D, 0x1B, 0x52, 0x0C, 0x1B, 0x52, 
        0x0C, 0x1B, 0x52, 0x0C, 0x1B, 0x52, 0x0D, 0x1B, 0x51, 0x0D, 0x1B, 0x51, 0x0C, 0x1B, 0x51, 0x0D, 0x1C, 0x53, 0x0D, 0x1C, 0x54, 0x0C, 0x1C, 0x54, 0x0C, 0x1C, 0x54, 0x0C, 0x1C, 0x54, 0x0C, 0x1C, 0x54, 0x0C, 0x1C, 0x53, 0x0C, 0x1C, 0x53, 
        0x0C, 0x1C, 0x54, 0x0C, 0x1C, 0x54, 0x0C, 0x1C, 0x54, 0x0C, 0x1C, 0x55, 0x0C, 0x1C, 0x53, 0x0C, 0x1A, 0x50, 0x0C, 0x1A, 0x50, 0x0C, 0x1A, 0x50, 0x0C, 0x1A, 0x4F, 0x0C, 0x1A, 0x4F, 0x0C, 0x1A, 0x4F, 0x0C, 0x1A, 0x50, 0x0C, 0x1A, 0x4F, 
        0x0C, 0x1A, 0x50, 0x0C, 0x1A, 0x50, 0x0C, 0x1A, 0x50, 0x0C, 0x1A, 0x50, 0x0C, 0x1B, 0x51, 0x0C, 0x1B, 0x52, 0x0C, 0x1C, 0x52, 0x0C, 0x1B, 0x52, 0x0D, 0x1C, 0x53, 0x0D, 0x1D, 0x54, 0x0D, 0x1D, 0x55, 0x0E, 0x1F, 0x57, 0x0E, 0x20, 0x59, 
        0x13, 0x29, 0x5F, 0x13, 0x2A, 0x60, 0x0F, 0x23, 0x5C, 0x0E, 0x21, 0x59, 0x0F, 0x23, 0x5B, 0x0E, 0x23, 0x5B, 0x0F, 0x22, 0x5B, 0x0F, 0x22, 0x5B, 0x0F, 0x22, 0x5B, 0x0E, 0x22, 0x5B, 0x0F, 0x22, 0x5B, 0x0F, 0x22, 0x5B, 0x0E, 0x22, 0x5A, 
        0x0F, 0x22, 0x5B, 0x0F, 0x22, 0x5B, 0x0F, 0x22, 0x5B, 0x0F, 0x22, 0x5B, 0x0F, 0x22, 0x5B, 0x0E, 0x22, 0x5B, 0x0E, 0x22, 0x5B, 0x0E, 0x22, 0x5B, 0x0E, 0x22, 0x5B, 0x0E, 0x21, 0x5B, 0x0E, 0x21, 0x5B, 0x0E, 0x21, 0x5A, 0x0E, 0x21, 0x5A, 
        0x0E, 0x21, 0x5A, 0x0E, 0x21, 0x5A, 0x0E, 0x20, 0x5A, 0x0E, 0x21, 0x5A, 0x0E, 0x21, 0x5A, 0x0E, 0x21, 0x5A, 0x0D, 0x20, 0x59, 0x0D, 0x21, 0x5A, 0x0D, 0x20, 0x5A, 0x0E, 0x21, 0x5A, 0x0E, 0x21, 0x5A, 0x0E, 0x21, 0x5A, 0x0E, 0x21, 0x5A, 
        0x0E, 0x20, 0x5A, 0x0E, 0x20, 0x5A, 0x0E, 0x20, 0x5A, 0x0E, 0x20, 0x5A, 0x0E, 0x20, 0x5A, 0x0E, 0x20, 0x59, 0x0D, 0x20, 0x59, 0x0D, 0x20, 0x59, 0x0D, 0x1F, 0x58, 0x0D, 0x1F, 0x58, 0x0D, 0x1F, 0x58, 0x0D, 0x1F, 0x57, 0x0D, 0x1F, 0x58, 
        0x0D, 0x1F, 0x58, 0x0D, 0x1F, 0x58, 0x0D, 0x1F, 0x58, 0x0D, 0x1F, 0x58, 0x0D, 0x1F, 0x58, 0x0D, 0x1F, 0x58, 0x0D, 0x1F, 0x59, 0x0D, 0x1F, 0x59, 0x0D, 0x20, 0x59, 0x0D, 0x20, 0x59, 0x0D, 0x20, 0x5A, 0x0D, 0x20, 0x5A, 0x0D, 0x21, 0x5A, 
        0x0E, 0x21, 0x5A, 0x0E, 0x21, 0x5B, 0x0E, 0x21, 0x5B, 0x0D, 0x21, 0x5B, 0x0D, 0x21, 0x5B, 0x0D, 0x20, 0x5A, 0x0D, 0x20, 0x5A, 0x0D, 0x20, 0x5A, 0x0D, 0x1F, 0x59, 0x0D, 0x1F, 0x59, 0x0C, 0x1E, 0x58, 0x0C, 0x1E, 0x58, 0x0D, 0x1F, 0x59, 
        0x0C, 0x1D, 0x57, 0x0C, 0x1C, 0x54, 0x0C, 0x1B, 0x53, 0x0C, 0x1A, 0x51, 0x0C, 0x1A, 0x51, 0x0C, 0x19, 0x50, 0x0C, 0x19, 0x4F, 0x0C, 0x18, 0x4E, 0x0C, 0x18, 0x4D, 0x0C, 0x18, 0x4C, 0x0C, 0x18, 0x4C, 0x0C, 0x17, 0x4C, 0x0C, 0x17, 0x4C, 
        0x0C, 0x17, 0x4B, 0x0C, 0x17, 0x4B, 0x0C, 0x1B, 0x4F,
  0x50, 0x85, 0xD0, 0x18, 0x31, 0x6A, 0x14, 0x2B, 0x62, 0x13, 0x28, 0x61, 0x13, 0x28, 0x61, 0x12, 0x26, 0x60, 0x11, 0x25, 0x5E, 0x10, 0x23, 0x5C, 0x0F, 0x22, 0x5B, 0x0F, 0x22, 0x5B, 0x0F, 0x21, 0x5B, 0x0E, 0x20, 0x5A, 0x0D, 0x1F, 0x58, 0x0D, 0x1E, 0x58, 
        0x0D, 0x1D, 0x57, 0x0D, 0x1D, 0x56, 0x0D, 0x1E, 0x56, 0x0D, 0x1D, 0x56, 0x0D, 0x1D, 0x56, 0x0D, 0x1D, 0x56, 0x0D, 0x1D, 0x55, 0x0D, 0x1D, 0x55, 0x0D, 0x1D, 0x54, 0x0D, 0x1C, 0x54, 0x0D, 0x1C, 0x54, 0x0D, 0x1C, 0x53, 0x0D, 0x1B, 0x53, 
        0x0C, 0x1B, 0x53, 0x0C, 0x1B, 0x53, 0x0D, 0x1B, 0x53, 0x0D, 0x1B, 0x52, 0x0D, 0x1C, 0x53, 0x0D, 0x1D, 0x56, 0x0C, 0x1D, 0x56, 0x0D, 0x1C, 0x56, 0x0D, 0x1C, 0x55, 0x0C, 0x1C, 0x55, 0x0C, 0x1C, 0x55, 0x0C, 0x1C, 0x55, 0x0C, 0x1C, 0x55, 
        0x0C, 0x1C, 0x55, 0x0C, 0x1C, 0x54, 0x0C, 0x1C, 0x55, 0x0C, 0x1C, 0x55, 0x0C, 0x1B, 0x53, 0x0C, 0x1A, 0x51, 0x0C, 0x1A, 0x50, 0x0C, 0x1A, 0x50, 0x0C, 0x1A, 0x50, 0x0C, 0x1A, 0x50, 0x0C, 0x1A, 0x50, 0x0C, 0x1A, 0x50, 0x0C, 0x1A, 0x50, 
        0x0C, 0x1A, 0x50, 0x0C, 0x1A, 0x51, 0x0C, 0x1A, 0x51, 0x0C, 0x1B, 0x51, 0x0C, 0x1B, 0x52, 0x0C, 0x1B, 0x52, 0x0C, 0x1B, 0x53, 0x0C, 0x1B, 0x52, 0x0D, 0x1C, 0x54, 0x0D, 0x1D, 0x56, 0x0D, 0x1F, 0x58, 0x11, 0x26, 0x5E, 0x14, 0x2C, 0x61, 
        0x13, 0x2A, 0x61, 0x0F, 0x24, 0x5D, 0x0E, 0x21, 0x5A, 0x0F, 0x23, 0x5D, 0x0F, 0x22, 0x5C, 0x0F, 0x22, 0x5C, 0x0F, 0x22, 0x5C, 0x0F, 0x23, 0x5C, 0x0F, 0x22, 0x5C, 0x0F, 0x22, 0x5B, 0x0E, 0x22, 0x5B, 0x0F, 0x22, 0x5C, 0x0F, 0x22, 0x5C, 
        0x0F, 0x22, 0x5C, 0x0F, 0x22, 0x5C, 0x0F, 0x23, 0x5C, 0x0F, 0x22, 0x5C, 0x0F, 0x22, 0x5C, 0x0F, 0x22, 0x5C, 0x0E, 0x22, 0x5C, 0x0E, 0x22, 0x5B, 0x0E, 0x22, 0x5B, 0x0E, 0x22, 0x5B, 0x0E, 0x21, 0x5B, 0x0E, 0x21, 0x5B, 0x0E, 0x21, 0x5B, 
        0x0E, 0x21, 0x5B, 0x0E, 0x21, 0x5B, 0x0E, 0x21, 0x5B, 0x0E, 0x20, 0x5B, 0x0E, 0x21, 0x5B, 0x0E, 0x20, 0x5A, 0x0D, 0x21, 0x5A, 0x0D, 0x21, 0x5A, 0x0D, 0x20, 0x5A, 0x0E, 0x21, 0x5B, 0x0E, 0x21, 0x5B, 0x0E, 0x21, 0x5A, 0x0E, 0x21, 0x5B, 
        0x0E, 0x20, 0x5B, 0x0E, 0x20, 0x5B, 0x0E, 0x20, 0x5A, 0x0E, 0x20, 0x5A, 0x0E, 0x20, 0x5A, 0x0D, 0x20, 0x5A, 0x0D, 0x20, 0x5A, 0x0D, 0x1F, 0x59, 0x0D, 0x1F, 0x59, 0x0D, 0x1F, 0x59, 0x0D, 0x1F, 0x58, 0x0D, 0x1F, 0x59, 0x0D, 0x1F, 0x59, 
        0x0D, 0x1F, 0x59, 0x0D, 0x1F, 0x59, 0x0D, 0x1F, 0x59, 0x0D, 0x1F, 0x59, 0x0D, 0x1F, 0x59, 0x0D, 0x1F, 0x59, 0x0D, 0x1F, 0x59, 0x0D, 0x1F, 0x5A, 0x0D, 0x20, 0x5A, 0x0D, 0x20, 0x5A, 0x0D, 0x20, 0x5B, 0x0D, 0x20, 0x5B, 0x0D, 0x21, 0x5B, 
        0x0E, 0x21, 0x5B, 0x0E, 0x21, 0x5B, 0x0E, 0x21, 0x5C, 0x0D, 0x21, 0x5B, 0x0D, 0x21, 0x5B, 0x0D, 0x20, 0x5B, 0x0D, 0x20, 0x5B, 0x0D, 0x20, 0x5B, 0x0D, 0x1F, 0x5B, 0x0D, 0x1F, 0x5A, 0x0C, 0x1E, 0x59, 0x0F, 0x25, 0x5E, 0x14, 0x2F, 0x64, 
        0x0F, 0x25, 0x5E, 0x0C, 0x1B, 0x55, 0x0C, 0x1B, 0x54, 0x0C, 0x1B, 0x53, 0x0C, 0x1A, 0x51, 0x0C, 0x1A, 0x51, 0x0C, 0x19, 0x51, 0x0C, 0x19, 0x50, 0x0C, 0x18, 0x4F, 0x0C, 0x18, 0x4E, 0x0C, 0x18, 0x4D, 0x0C, 0x18, 0x4D, 0x0C, 0x17, 0x4D, 
        0x0C, 0x17, 0x4C, 0x0C, 0x17, 0x4C, 0x0C, 0x1B, 0x51,
  0x51, 0x87, 0xD2, 0x18, 0x32, 0x6C, 0x17, 0x2F, 0x65, 0x15, 0x2C, 0x64, 0x14, 0x2A, 0x63, 0x13, 0x29, 0x62, 0x12, 0x27, 0x61, 0x11, 0x26, 0x60, 0x10, 0x25, 0x5F, 0x10, 0x24, 0x5F, 0x0F, 0x22, 0x5D, 0x0E, 0x21, 0x5C, 0x0E, 0x20, 0x5B, 0x0E, 0x20, 0x5A, 
        0x0E, 0x20, 0x5A, 0x0D, 0x1F, 0x59, 0x0D, 0x1F, 0x58, 0x0D, 0x1E, 0x58, 0x0D, 0x1E, 0x57, 0x0D, 0x1D, 0x57, 0x0D, 0x1D, 0x57, 0x0D, 0x1E, 0x56, 0x0D, 0x1D, 0x56, 0x0D, 0x1D, 0x56, 0x0D, 0x1D, 0x55, 0x0D, 0x1C, 0x55, 0x0D, 0x1C, 0x55, 
        0x0D, 0x1C, 0x55, 0x0C, 0x1C, 0x55, 0x0D, 0x1C, 0x55, 0x0D, 0x1C, 0x55, 0x0D, 0x1D, 0x55, 0x0D, 0x1E, 0x57, 0x0D, 0x1E, 0x58, 0x0D, 0x1D, 0x57, 0x0D, 0x1D, 0x57, 0x0D, 0x1D, 0x57, 0x0C, 0x1D, 0x57, 0x0C, 0x1D, 0x57, 0x0C, 0x1D, 0x56, 
        0x0C, 0x1D, 0x56, 0x0C, 0x1D, 0x56, 0x0C, 0x1D, 0x56, 0x0C, 0x1D, 0x56, 0x0C, 0x1C, 0x55, 0x0C, 0x1B, 0x53, 0x0C, 0x1B, 0x52, 0x0C, 0x1B, 0x52, 0x0C, 0x1B, 0x52, 0x0C, 0x1B, 0x52, 0x0C, 0x1B, 0x52, 0x0C, 0x1B, 0x52, 0x0C, 0x1B, 0x52, 
        0x0C, 0x1B, 0x53, 0x0C, 0x1B, 0x52, 0x0C, 0x1B, 0x53, 0x0C, 0x1B, 0x53, 0x0C, 0x1C, 0x54, 0x0C, 0x1C, 0x54, 0x0D, 0x1D, 0x55, 0x0D, 0x1E, 0x57, 0x0F, 0x22, 0x5B, 0x10, 0x24, 0x5D, 0x13, 0x29, 0x61, 0x14, 0x2C, 0x63, 0x11, 0x26, 0x60, 
        0x0F, 0x23, 0x5E, 0x0F, 0x23, 0x5D, 0x0F, 0x23, 0x5E, 0x0F, 0x23, 0x5E, 0x0F, 0x23, 0x5D, 0x0F, 0x23, 0x5E, 0x0F, 0x23, 0x5D, 0x0F, 0x24, 0x5E, 0x0F, 0x24, 0x5E, 0x0F, 0x23, 0x5E, 0x0E, 0x23, 0x5D, 0x0F, 0x24, 0x5E, 0x0E, 0x22, 0x5D, 
        0x0E, 0x22, 0x5C, 0x0E, 0x22, 0x5D, 0x0F, 0x23, 0x5E, 0x0E, 0x22, 0x5D, 0x0F, 0x23, 0x5E, 0x0F, 0x23, 0x5D, 0x0F, 0x23, 0x5D, 0x0E, 0x23, 0x5D, 0x0E, 0x22, 0x5D, 0x0E, 0x22, 0x5D, 0x0E, 0x22, 0x5D, 0x0E, 0x22, 0x5D, 0x0E, 0x22, 0x5D, 
        0x0E, 0x22, 0x5D, 0x0E, 0x22, 0x5C, 0x0E, 0x22, 0x5D, 0x0E, 0x21, 0x5C, 0x0E, 0x21, 0x5C, 0x0E, 0x21, 0x5C, 0x0E, 0x22, 0x5C, 0x0E, 0x22, 0x5C, 0x0E, 0x21, 0x5C, 0x0E, 0x21, 0x5C, 0x0E, 0x22, 0x5C, 0x0D, 0x21, 0x5C, 0x0E, 0x21, 0x5C, 
        0x0D, 0x21, 0x5C, 0x0D, 0x21, 0x5C, 0x0D, 0x21, 0x5C, 0x0D, 0x21, 0x5C, 0x0D, 0x21, 0x5B, 0x0D, 0x20, 0x5B, 0x0D, 0x20, 0x5B, 0x0D, 0x20, 0x5A, 0x0D, 0x20, 0x5A, 0x0D, 0x20, 0x5A, 0x0D, 0x20, 0x5A, 0x0D, 0x20, 0x5A, 0x0D, 0x20, 0x5A, 
        0x0D, 0x20, 0x5A, 0x0D, 0x20, 0x5A, 0x0D, 0x20, 0x5B, 0x0D, 0x20, 0x5A, 0x0D, 0x20, 0x5A, 0x0D, 0x20, 0x5B, 0x0D, 0x20, 0x5B, 0x0D, 0x20, 0x5B, 0x0D, 0x20, 0x5B, 0x0D, 0x21, 0x5C, 0x0D, 0x21, 0x5C, 0x0D, 0x21, 0x5C, 0x0D, 0x21, 0x5D, 
        0x0E, 0x21, 0x5D, 0x0E, 0x22, 0x5D, 0x0E, 0x22, 0x5D, 0x0E, 0x22, 0x5D, 0x0D, 0x22, 0x5D, 0x0D, 0x21, 0x5D, 0x0D, 0x21, 0x5D, 0x0D, 0x20, 0x5C, 0x0D, 0x21, 0x5D, 0x0D, 0x20, 0x5C, 0x0C, 0x1E, 0x5A, 0x0F, 0x26, 0x60, 0x14, 0x2F, 0x65, 
        0x0F, 0x26, 0x60, 0x0C, 0x1C, 0x58, 0x0C, 0x1C, 0x56, 0x0C, 0x1C, 0x55, 0x0C, 0x1B, 0x54, 0x0C, 0x1B, 0x54, 0x0C, 0x1B, 0x53, 0x0C, 0x1A, 0x52, 0x0C, 0x1A, 0x51, 0x0C, 0x19, 0x50, 0x0C, 0x19, 0x4F, 0x0C, 0x18, 0x4E, 0x0C, 0x18, 0x4F, 
        0x0C, 0x18, 0x4E, 0x0C, 0x18, 0x4E, 0x0C, 0x1C, 0x52,
  0x51, 0x87, 0xD1, 0x16, 0x31, 0x6C, 0x19, 0x31, 0x67, 0x19, 0x31, 0x67, 0x15, 0x2D, 0x65, 0x14, 0x2C, 0x65, 0x13, 0x29, 0x64, 0x12, 0x28, 0x63, 0x12, 0x27, 0x62, 0x11, 0x26, 0x61, 0x10, 0x25, 0x60, 0x0F, 0x23, 0x5E, 0x0F, 0x22, 0x5D, 0x0E, 0x21, 0x5D, 
        0x0E, 0x21, 0x5C, 0x0E, 0x21, 0x5C, 0x0D, 0x20, 0x5A, 0x0D, 0x1F, 0x5A, 0x0D, 0x1F, 0x59, 0x0D, 0x1F, 0x59, 0x0D, 0x1F, 0x59, 0x0D, 0x1E, 0x58, 0x0D, 0x1E, 0x58, 0x0D, 0x1E, 0x58, 0x0D, 0x1D, 0x57, 0x0D, 0x1D, 0x56, 0x0D, 0x1D, 0x56, 
        0x0D, 0x1D, 0x56, 0x0D, 0x1E, 0x57, 0x0D, 0x1D, 0x57, 0x0C, 0x1D, 0x57, 0x0D, 0x1E, 0x58, 0x0D, 0x1F, 0x59, 0x0D, 0x1F, 0x59, 0x0D, 0x1E, 0x59, 0x0D, 0x1E, 0x59, 0x0D, 0x1E, 0x59, 0x0D, 0x1E, 0x59, 0x0C, 0x1E, 0x58, 0x0C, 0x1E, 0x58, 
        0x0C, 0x1E, 0x58, 0x0C, 0x1E, 0x58, 0x0C, 0x1E, 0x57, 0x0C, 0x1D, 0x57, 0x0C, 0x1C, 0x56, 0x0C, 0x1C, 0x55, 0x0C, 0x1C, 0x55, 0x0C, 0x1C, 0x54, 0x0C, 0x1C, 0x54, 0x0C, 0x1C, 0x54, 0x0C, 0x1C, 0x54, 0x0C, 0x1C, 0x54, 0x0C, 0x1C, 0x54, 
        0x0C, 0x1C, 0x55, 0x0C, 0x1C, 0x55, 0x0C, 0x1C, 0x54, 0x0C, 0x1C, 0x55, 0x0C, 0x1D, 0x55, 0x0D, 0x1E, 0x56, 0x0D, 0x1F, 0x59, 0x0F, 0x23, 0x5D, 0x11, 0x26, 0x60, 0x11, 0x28, 0x61, 0x11, 0x27, 0x61, 0x0F, 0x25, 0x60, 0x0E, 0x23, 0x5E, 
        0x0F, 0x23, 0x5F, 0x0F, 0x25, 0x60, 0x10, 0x26, 0x61, 0x10, 0x27, 0x61, 0x10, 0x27, 0x61, 0x0F, 0x25, 0x60, 0x0F, 0x24, 0x5F, 0x17, 0x2C, 0x65, 0x67, 0x74, 0x9A, 0xAD, 0xB4, 0xC8, 0xDF, 0xE2, 0xE9, 0xF5, 0xF7, 0xF9, 0xF8, 0xF9, 0xFB, 
        0xE1, 0xE5, 0xEC, 0xB2, 0xB9, 0xCC, 0x66, 0x74, 0x9A, 0x16, 0x2B, 0x64, 0x0F, 0x25, 0x60, 0x0F, 0x24, 0x60, 0x0F, 0x23, 0x5F, 0x0F, 0x23, 0x5F, 0x0E, 0x23, 0x5F, 0x0E, 0x23, 0x5E, 0x0E, 0x23, 0x5E, 0x0E, 0x23, 0x5E, 0x0E, 0x23, 0x5F, 
        0x0E, 0x23, 0x5F, 0x0E, 0x23, 0x5E, 0x0E, 0x23, 0x5F, 0x0E, 0x22, 0x5E, 0x0E, 0x23, 0x5E, 0x0E, 0x22, 0x5E, 0x0E, 0x22, 0x5E, 0x0E, 0x22, 0x5E, 0x0E, 0x22, 0x5E, 0x0E, 0x22, 0x5E, 0x0E, 0x22, 0x5E, 0x0E, 0x22, 0x5E, 0x0D, 0x22, 0x5D, 
        0x0D, 0x22, 0x5D, 0x0D, 0x22, 0x5D, 0x0D, 0x21, 0x5D, 0x0D, 0x21, 0x5D, 0x0D, 0x21, 0x5D, 0x0D, 0x21, 0x5D, 0x0D, 0x21, 0x5C, 0x0D, 0x21, 0x5C, 0x0D, 0x21, 0x5C, 0x0D, 0x21, 0x5C, 0x0D, 0x21, 0x5C, 0x0D, 0x21, 0x5C, 0x0D, 0x21, 0x5C, 
        0x0D, 0x20, 0x5C, 0x0D, 0x21, 0x5C, 0x0D, 0x21, 0x5C, 0x0D, 0x21, 0x5C, 0x0D, 0x21, 0x5C, 0x0D, 0x21, 0x5C, 0x0D, 0x21, 0x5D, 0x0D, 0x21, 0x5D, 0x0D, 0x21, 0x5D, 0x0D, 0x21, 0x5D, 0x0D, 0x22, 0x5D, 0x0D, 0x22, 0x5E, 0x0D, 0x22, 0x5E, 
        0x0D, 0x22, 0x5E, 0x0E, 0x23, 0x5E, 0x0E, 0x23, 0x5F, 0x0E, 0x23, 0x5F, 0x0D, 0x22, 0x5F, 0x0D, 0x22, 0x5F, 0x0E, 0x22, 0x5F, 0x0D, 0x22, 0x5E, 0x0D, 0x22, 0x5E, 0x0D, 0x21, 0x5E, 0x0D, 0x20, 0x5D, 0x0D, 0x22, 0x5F, 0x0D, 0x23, 0x5F, 
        0x0C, 0x20, 0x5C, 0x0C, 0x1E, 0x5A, 0x0C, 0x1D, 0x58, 0x0C, 0x1C, 0x57, 0x0C, 0x1C, 0x56, 0x0C, 0x1C, 0x56, 0x0C, 0x1C, 0x55, 0x0C, 0x1B, 0x54, 0x0C, 0x1A, 0x53, 0x0C, 0x1A, 0x52, 0x0C, 0x1A, 0x51, 0x0C, 0x19, 0x51, 0x0C, 0x19, 0x51, 
        0x0C, 0x19, 0x50, 0x0C, 0x19, 0x50, 0x0C, 0x1D, 0x54,
  0x51, 0x87, 0xD1, 0x15, 0x2F, 0x6B, 0x16, 0x2F, 0x67, 0x1A, 0x33, 0x68, 0x17, 0x30, 0x67, 0x16, 0x2F, 0x67, 0x14, 0x2C, 0x66, 0x13, 0x2A, 0x65, 0x13, 0x2B, 0x65, 0x12, 0x29, 0x64, 0x11, 0x27, 0x62, 0x10, 0x25, 0x60, 0x0F, 0x24, 0x5F, 0x0F, 0x24, 0x5F, 
        0x0F, 0x23, 0x5E, 0x0E, 0x22, 0x5D, 0x0E, 0x21, 0x5C, 0x0D, 0x20, 0x5B, 0x0D, 0x20, 0x5A, 0x0D, 0x20, 0x5A, 0x0D, 0x1F, 0x59, 0x0D, 0x1F, 0x59, 0x0D, 0x1F, 0x59, 0x0D, 0x1F, 0x58, 0x0D, 0x1E, 0x58, 0x0D, 0x1E, 0x57, 0x0D, 0x1E, 0x58, 
        0x0D, 0x1E, 0x57, 0x0D, 0x1E, 0x58, 0x0D, 0x1F, 0x59, 0x0D, 0x1F, 0x5A, 0x0D, 0x20, 0x5B, 0x0D, 0x20, 0x5A, 0x0D, 0x1F, 0x5A, 0x0D, 0x1F, 0x5A, 0x0C, 0x1F, 0x59, 0x0D, 0x1F, 0x5A, 0x0D, 0x1F, 0x5A, 0x0C, 0x1F, 0x59, 0x0C, 0x1F, 0x59, 
        0x0C, 0x1F, 0x5A, 0x0C, 0x1F, 0x59, 0x0D, 0x1E, 0x58, 0x0C, 0x1D, 0x56, 0x0C, 0x1D, 0x56, 0x0C, 0x1D, 0x56, 0x0C, 0x1D, 0x56, 0x0C, 0x1D, 0x56, 0x0C, 0x1D, 0x55, 0x0C, 0x1D, 0x55, 0x0C, 0x1D, 0x55, 0x0C, 0x1D, 0x55, 0x0C, 0x1D, 0x55, 
        0x0C, 0x1D, 0x55, 0x0C, 0x1D, 0x55, 0x0C, 0x1D, 0x56, 0x0C, 0x1D, 0x56, 0x0C, 0x1D, 0x56, 0x0D, 0x1E, 0x57, 0x0D, 0x1F, 0x58, 0x0E, 0x22, 0x5B, 0x0E, 0x23, 0x5D, 0x0D, 0x21, 0x5B, 0x0E, 0x23, 0x5E, 0x0F, 0x25, 0x60, 0x10, 0x26, 0x61, 
        0x0F, 0x26, 0x61, 0x0F, 0x25, 0x60, 0x10, 0x26, 0x61, 0x12, 0x2B, 0x64, 0x11, 0x2A, 0x63, 0x0F, 0x25, 0x60, 0x67, 0x75, 0x9A, 0xE8, 0xEA, 0xF0, 0xFF, 0xFF, 0xFF, 0xFF, 0xFF, 0xFF, 0xFF, 0xFF, 0xFF, 0xFF, 0xFF, 0xFF, 0xFF, 0xFF, 0xFF, 
        0xFF, 0xFF, 0xFF, 0xFF, 0xFF, 0xFF, 0xFF, 0xFF, 0xFF, 0xE7, 0xE9, 0xEF, 0x61, 0x6F, 0x96, 0x0E, 0x24, 0x5F, 0x0F, 0x24, 0x60, 0x0F, 0x25, 0x60, 0x0F, 0x24, 0x60, 0x0E, 0x24, 0x60, 0x0E, 0x24, 0x60, 0x0E, 0x24, 0x5F, 0x0E, 0x24, 0x60, 
        0x0E, 0x24, 0x60, 0x0E, 0x24, 0x5F, 0x0E, 0x24, 0x5F, 0x0E, 0x23, 0x5F, 0x0E, 0x24, 0x5F, 0x0E, 0x23, 0x5F, 0x0E, 0x23, 0x5F, 0x0E, 0x23, 0x5E, 0x0E, 0x23, 0x5E, 0x0E, 0x23, 0x5E, 0x0E, 0x23, 0x5E, 0x0E, 0x23, 0x5E, 0x0D, 0x23, 0x5E, 
        0x0D, 0x22, 0x5E, 0x0D, 0x22, 0x5E, 0x0D, 0x22, 0x5E, 0x0D, 0x22, 0x5D, 0x0D, 0x22, 0x5D, 0x0D, 0x22, 0x5D, 0x0D, 0x22, 0x5D, 0x0D, 0x22, 0x5D, 0x0D, 0x21, 0x5D, 0x0D, 0x21, 0x5D, 0x0D, 0x21, 0x5D, 0x0D, 0x21, 0x5D, 0x0D, 0x21, 0x5D, 
        0x0D, 0x21, 0x5D, 0x0D, 0x21, 0x5D, 0x0D, 0x21, 0x5D, 0x0D, 0x21, 0x5D, 0x0D, 0x22, 0x5D, 0x0D, 0x22, 0x5D, 0x0D, 0x22, 0x5D, 0x0D, 0x22, 0x5D, 0x0D, 0x22, 0x5D, 0x0D, 0x22, 0x5E, 0x0D, 0x22, 0x5E, 0x0D, 0x22, 0x5E, 0x0D, 0x22, 0x5F, 
        0x0E, 0x23, 0x5F, 0x0E, 0x23, 0x5F, 0x0E, 0x24, 0x60, 0x0E, 0x23, 0x60, 0x0E, 0x23, 0x60, 0x0E, 0x23, 0x60, 0x0E, 0x23, 0x60, 0x0D, 0x23, 0x5F, 0x0D, 0x22, 0x5F, 0x0D, 0x22, 0x5F, 0x0D, 0x22, 0x5E, 0x0D, 0x22, 0x5E, 0x0D, 0x21, 0x5E, 
        0x0C, 0x1F, 0x5B, 0x0C, 0x1F, 0x5C, 0x0F, 0x28, 0x62, 0x10, 0x2A, 0x63, 0x0C, 0x1F, 0x5A, 0x0C, 0x1D, 0x57, 0x0C, 0x1C, 0x56, 0x0C, 0x1C, 0x55, 0x0C, 0x1C, 0x55, 0x0C, 0x1B, 0x54, 0x0C, 0x1B, 0x53, 0x0C, 0x1B, 0x52, 0x0C, 0x1A, 0x52, 
        0x0C, 0x1A, 0x51, 0x0C, 0x1A, 0x51, 0x0C, 0x1E, 0x55,
  0x54, 0x89, 0xD2, 0x16, 0x30, 0x6E, 0x13, 0x2B, 0x66, 0x16, 0x2F, 0x68, 0x1B, 0x33, 0x6A, 0x1A, 0x32, 0x6A, 0x16, 0x2F, 0x69, 0x16, 0x2F, 0x69, 0x16, 0x2E, 0x68, 0x14, 0x2B, 0x66, 0x12, 0x28, 0x65, 0x11, 0x27, 0x63, 0x10, 0x26, 0x62, 0x10, 0x25, 0x62, 
        0x10, 0x25, 0x61, 0x0F, 0x24, 0x60, 0x0E, 0x22, 0x5F, 0x0E, 0x21, 0x5D, 0x0D, 0x20, 0x5C, 0x0D, 0x20, 0x5C, 0x0D, 0x1F, 0x5B, 0x0D, 0x1F, 0x5B, 0x0D, 0x1F, 0x5A, 0x0D, 0x1F, 0x5A, 0x0D, 0x1F, 0x5A, 0x0D, 0x1F, 0x5A, 0x0D, 0x1F, 0x5A, 
        0x0D, 0x1F, 0x5A, 0x0D, 0x1F, 0x5B, 0x0D, 0x20, 0x5C, 0x0D, 0x20, 0x5D, 0x0D, 0x21, 0x5D, 0x0D, 0x20, 0x5C, 0x0D, 0x1F, 0x5B, 0x0C, 0x1F, 0x5B, 0x0C, 0x1E, 0x5A, 0x0D, 0x1F, 0x5B, 0x0D, 0x1F, 0x5C, 0x0C, 0x1E, 0x5A, 0x0C, 0x1E, 0x5A, 
        0x0C, 0x1F, 0x5C, 0x0C, 0x1F, 0x5C, 0x0D, 0x1E, 0x59, 0x0C, 0x1D, 0x57, 0x0C, 0x1D, 0x57, 0x0C, 0x1D, 0x58, 0x0C, 0x1D, 0x58, 0x0C, 0x1D, 0x57, 0x0C, 0x1D, 0x57, 0x0C, 0x1D, 0x57, 0x0C, 0x1D, 0x57, 0x0C, 0x1D, 0x57, 0x0C, 0x1D, 0x57, 
        0x0C, 0x1D, 0x57, 0x0C, 0x1D, 0x57, 0x0C, 0x1D, 0x58, 0x0C, 0x1E, 0x58, 0x0C, 0x1D, 0x57, 0x0C, 0x1E, 0x58, 0x0D, 0x1E, 0x59, 0x0D, 0x1F, 0x5A, 0x0D, 0x21, 0x5C, 0x10, 0x26, 0x62, 0x11, 0x28, 0x64, 0x0F, 0x26, 0x62, 0x0F, 0x25, 0x62, 
        0x0F, 0x25, 0x62, 0x0F, 0x25, 0x62, 0x0F, 0x26, 0x62, 0x10, 0x28, 0x64, 0x11, 0x28, 0x64, 0x9E, 0xA7, 0xC0, 0xFF, 0xFF, 0xFF, 0xFF, 0xFF, 0xFF, 0xE2, 0xE5, 0xED, 0x87, 0x93, 0xB1, 0x48, 0x59, 0x87, 0x28, 0x3C, 0x72, 0x23, 0x37, 0x6F, 
        0x44, 0x58, 0x86, 0x84, 0x90, 0xAF, 0xE7, 0xE9, 0xEF, 0xFF, 0xFF, 0xFF, 0xFF, 0xFF, 0xFF, 0x91, 0x9D, 0xB8, 0x10, 0x28, 0x64, 0x0E, 0x24, 0x61, 0x0F, 0x24, 0x61, 0x0E, 0x24, 0x61, 0x0E, 0x24, 0x61, 0x0E, 0x24, 0x61, 0x0E, 0x25, 0x61, 
        0x0E, 0x24, 0x62, 0x0E, 0x24, 0x62, 0x0E, 0x24, 0x61, 0x0E, 0x24, 0x61, 0x0F, 0x26, 0x62, 0x0E, 0x24, 0x61, 0x10, 0x28, 0x64, 0x0F, 0x25, 0x62, 0x0E, 0x23, 0x60, 0x0E, 0x23, 0x60, 0x0D, 0x23, 0x5F, 0x0E, 0x23, 0x60, 0x0E, 0x23, 0x60, 
        0x0D, 0x23, 0x5F, 0x0D, 0x22, 0x5F, 0x0D, 0x22, 0x5F, 0x0D, 0x22, 0x5F, 0x0D, 0x22, 0x5F, 0x0D, 0x22, 0x5E, 0x0D, 0x22, 0x5F, 0x0D, 0x22, 0x5F, 0x0D, 0x22, 0x5F, 0x0D, 0x22, 0x5F, 0x0D, 0x21, 0x5E, 0x0D, 0x21, 0x5E, 0x0D, 0x21, 0x5F, 
        0x0D, 0x21, 0x5F, 0x0D, 0x21, 0x5E, 0x0D, 0x21, 0x5E, 0x0D, 0x21, 0x5F, 0x0D, 0x22, 0x5F, 0x0D, 0x22, 0x5F, 0x0D, 0x22, 0x5E, 0x0D, 0x22, 0x5E, 0x0D, 0x22, 0x5E, 0x0D, 0x22, 0x5F, 0x0D, 0x22, 0x5F, 0x0D, 0x22, 0x5F, 0x0D, 0x22, 0x60, 
        0x0E, 0x23, 0x60, 0x0E, 0x23, 0x61, 0x0E, 0x23, 0x61, 0x0E, 0x23, 0x61, 0x0E, 0x23, 0x61, 0x0E, 0x23, 0x61, 0x0D, 0x23, 0x61, 0x0D, 0x23, 0x61, 0x0D, 0x23, 0x61, 0x0D, 0x23, 0x61, 0x0D, 0x22, 0x60, 0x0D, 0x21, 0x5F, 0x0C, 0x20, 0x5E, 
        0x0C, 0x1F, 0x5D, 0x0F, 0x28, 0x64, 0x19, 0x35, 0x6A, 0x17, 0x34, 0x6A, 0x0D, 0x22, 0x60, 0x0C, 0x1D, 0x59, 0x0C, 0x1D, 0x58, 0x0C, 0x1C, 0x57, 0x0C, 0x1C, 0x57, 0x0C, 0x1C, 0x56, 0x0C, 0x1B, 0x55, 0x0C, 0x1B, 0x54, 0x0C, 0x1B, 0x54, 
        0x0C, 0x1A, 0x53, 0x0C, 0x1A, 0x53, 0x0C, 0x1E, 0x57,
  0x55, 0x8A, 0xD3, 0x17, 0x33, 0x70, 0x14, 0x2C, 0x68, 0x14, 0x2D, 0x68, 0x1B, 0x34, 0x6C, 0x1D, 0x36, 0x6C, 0x1B, 0x34, 0x6C, 0x18, 0x31, 0x6B, 0x16, 0x2F, 0x69, 0x15, 0x2E, 0x69, 0x14, 0x2C, 0x68, 0x13, 0x2B, 0x67, 0x12, 0x29, 0x66, 0x10, 0x26, 0x64, 
        0x10, 0x26, 0x63, 0x0F, 0x25, 0x62, 0x0E, 0x23, 0x60, 0x0E, 0x23, 0x60, 0x0E, 0x22, 0x5F, 0x0D, 0x21, 0x5E, 0x0D, 0x21, 0x5E, 0x0D, 0x21, 0x5D, 0x0D, 0x1F, 0x5C, 0x0D, 0x1F, 0x5C, 0x0D, 0x1F, 0x5B, 0x0D, 0x1F, 0x5B, 0x0D, 0x20, 0x5C, 
        0x0E, 0x21, 0x5D, 0x0E, 0x22, 0x5F, 0x0D, 0x21, 0x5E, 0x0D, 0x21, 0x5E, 0x0D, 0x21, 0x5E, 0x0C, 0x20, 0x5E, 0x0D, 0x20, 0x5D, 0x0D, 0x20, 0x5D, 0x0C, 0x20, 0x5C, 0x0D, 0x20, 0x5D, 0x0D, 0x20, 0x5D, 0x0D, 0x20, 0x5D, 0x0C, 0x20, 0x5D, 
        0x0D, 0x20, 0x5D, 0x0C, 0x1F, 0x5C, 0x0C, 0x1E, 0x5A, 0x0C, 0x1E, 0x59, 0x0D, 0x1E, 0x59, 0x0C, 0x1E, 0x59, 0x0C, 0x1E, 0x59, 0x0C, 0x1E, 0x59, 0x0C, 0x1E, 0x59, 0x0C, 0x1E, 0x59, 0x0C, 0x1E, 0x58, 0x0C, 0x1E, 0x59, 0x0C, 0x1E, 0x59, 
        0x0C, 0x1E, 0x59, 0x0C, 0x1E, 0x59, 0x0C, 0x1E, 0x59, 0x0C, 0x1E, 0x59, 0x0C, 0x1E, 0x5A, 0x0C, 0x1F, 0x5A, 0x0D, 0x21, 0x5C, 0x0D, 0x20, 0x5D, 0x0F, 0x25, 0x61, 0x11, 0x29, 0x65, 0x10, 0x27, 0x64, 0x0F, 0x26, 0x64, 0x10, 0x27, 0x64, 
        0x10, 0x27, 0x65, 0x0F, 0x26, 0x64, 0x0F, 0x27, 0x64, 0x0F, 0x26, 0x63, 0x8B, 0x96, 0xB4, 0xFF, 0xFF, 0xFF, 0xFE, 0xFE, 0xFE, 0x8B, 0x96, 0xB4, 0x15, 0x2B, 0x67, 0x0F, 0x26, 0x64, 0x0F, 0x26, 0x63, 0x0F, 0x26, 0x63, 0x0F, 0x26, 0x64, 
        0x0E, 0x25, 0x63, 0x0E, 0x25, 0x63, 0x19, 0x2F, 0x6B, 0x9D, 0xA7, 0xC0, 0xFF, 0xFF, 0xFF, 0xFF, 0xFF, 0xFF, 0x7C, 0x8A, 0xAB, 0x0E, 0x24, 0x62, 0x0F, 0x26, 0x63, 0x0F, 0x25, 0x63, 0x0F, 0x25, 0x63, 0x0F, 0x25, 0x63, 0x0E, 0x25, 0x63, 
        0x0F, 0x25, 0x63, 0x0F, 0x26, 0x64, 0x0E, 0x25, 0x64, 0x0F, 0x26, 0x64, 0x10, 0x28, 0x65, 0x0F, 0x26, 0x64, 0x0F, 0x27, 0x65, 0x0E, 0x25, 0x63, 0x0E, 0x24, 0x62, 0x0E, 0x25, 0x63, 0x0E, 0x24, 0x62, 0x0E, 0x23, 0x62, 0x0E, 0x23, 0x61, 
        0x0D, 0x24, 0x61, 0x0D, 0x23, 0x61, 0x0D, 0x23, 0x61, 0x0D, 0x23, 0x61, 0x0D, 0x23, 0x60, 0x0D, 0x23, 0x60, 0x0D, 0x23, 0x61, 0x0D, 0x23, 0x60, 0x0D, 0x23, 0x60, 0x0D, 0x22, 0x60, 0x0D, 0x22, 0x60, 0x0D, 0x22, 0x60, 0x0D, 0x22, 0x60, 
        0x0D, 0x22, 0x60, 0x0D, 0x22, 0x60, 0x0D, 0x22, 0x60, 0x0D, 0x22, 0x60, 0x0D, 0x22, 0x60, 0x0D, 0x22, 0x61, 0x0D, 0x23, 0x60, 0x0D, 0x23, 0x60, 0x0D, 0x23, 0x60, 0x0D, 0x23, 0x61, 0x0D, 0x23, 0x61, 0x0D, 0x23, 0x61, 0x0D, 0x23, 0x62, 
        0x0D, 0x23, 0x62, 0x0E, 0x24, 0x62, 0x0E, 0x24, 0x63, 0x0E, 0x24, 0x63, 0x0E, 0x24, 0x63, 0x0E, 0x24, 0x63, 0x0E, 0x24, 0x63, 0x0E, 0x24, 0x63, 0x0D, 0x24, 0x63, 0x0D, 0x23, 0x62, 0x0D, 0x23, 0x62, 0x0D, 0x23, 0x62, 0x0C, 0x21, 0x60, 
        0x0D, 0x23, 0x62, 0x14, 0x31, 0x6A, 0x1A, 0x37, 0x6B, 0x15, 0x33, 0x6B, 0x0D, 0x23, 0x61, 0x0C, 0x1E, 0x5B, 0x0C, 0x1E, 0x5B, 0x0C, 0x1E, 0x5B, 0x0C, 0x1D, 0x59, 0x0C, 0x1D, 0x58, 0x0C, 0x1C, 0x57, 0x0C, 0x1C, 0x56, 0x0C, 0x1B, 0x56, 
        0x0C, 0x1B, 0x55, 0x0C, 0x1B, 0x55, 0x0C, 0x1F, 0x59,
  0x55, 0x8A, 0xD3, 0x16, 0x32, 0x71, 0x14, 0x2D, 0x6A, 0x14, 0x2D, 0x69, 0x14, 0x2D, 0x69, 0x1A, 0x34, 0x6D, 0x21, 0x39, 0x6F, 0x1C, 0x35, 0x6D, 0x19, 0x33, 0x6C, 0x17, 0x30, 0x6B, 0x16, 0x2F, 0x6B, 0x13, 0x2B, 0x68, 0x12, 0x2A, 0x67, 0x12, 0x29, 0x67, 
        0x11, 0x28, 0x66, 0x10, 0x26, 0x64, 0x0F, 0x24, 0x62, 0x0E, 0x24, 0x62, 0x0E, 0x23, 0x60, 0x0D, 0x22, 0x60, 0x0D, 0x21, 0x5F, 0x0E, 0x22, 0x5F, 0x0D, 0x20, 0x5D, 0x0D, 0x20, 0x5E, 0x0D, 0x21, 0x5E, 0x0D, 0x20, 0x5D, 0x0E, 0x24, 0x60, 
        0x0E, 0x24, 0x62, 0x0D, 0x22, 0x61, 0x0D, 0x22, 0x60, 0x0D, 0x21, 0x5F, 0x0D, 0x21, 0x5F, 0x0D, 0x21, 0x5F, 0x0D, 0x21, 0x5F, 0x0D, 0x21, 0x60, 0x0C, 0x21, 0x5F, 0x0C, 0x21, 0x5E, 0x0D, 0x21, 0x5F, 0x0D, 0x21, 0x5F, 0x0D, 0x21, 0x5F, 
        0x0D, 0x21, 0x5D, 0x0D, 0x20, 0x5C, 0x0C, 0x1F, 0x5C, 0x0C, 0x1F, 0x5C, 0x0C, 0x1F, 0x5B, 0x0C, 0x1E, 0x5A, 0x0C, 0x1E, 0x5A, 0x0C, 0x1E, 0x5A, 0x0C, 0x1F, 0x5A, 0x0C, 0x1F, 0x5A, 0x0C, 0x1F, 0x5A, 0x0C, 0x1F, 0x5A, 0x0C, 0x1F, 0x5A, 
        0x0C, 0x1F, 0x5B, 0x0C, 0x1F, 0x5B, 0x0C, 0x1F, 0x5B, 0x0C, 0x1F, 0x5B, 0x0C, 0x20, 0x5C, 0x0C, 0x1F, 0x5C, 0x0D, 0x21, 0x5E, 0x0E, 0x23, 0x60, 0x12, 0x2C, 0x68, 0x12, 0x2B, 0x68, 0x0F, 0x27, 0x65, 0x10, 0x28, 0x66, 0x10, 0x27, 0x65, 
        0x10, 0x28, 0x66, 0x10, 0x28, 0x66, 0x10, 0x27, 0x66, 0x3B, 0x4F, 0x82, 0xFC, 0xFC, 0xFE, 0xFF, 0xFF, 0xFF, 0x7F, 0x8C, 0xAD, 0x0F, 0x27, 0x66, 0x0F, 0x27, 0x65, 0x0F, 0x26, 0x65, 0x2D, 0x42, 0x78, 0x8F, 0x9A, 0xB7, 0x8F, 0x9A, 0xB7, 
        0x2D, 0x43, 0x78, 0x0F, 0x27, 0x65, 0x0F, 0x26, 0x64, 0x0F, 0x27, 0x65, 0x92, 0x9D, 0xB9, 0xFF, 0xFF, 0xFF, 0xF8, 0xF9, 0xFB, 0x30, 0x45, 0x7B, 0x0F, 0x27, 0x66, 0x0F, 0x27, 0x65, 0x0F, 0x27, 0x64, 0x0F, 0x27, 0x65, 0x0F, 0x27, 0x64, 
        0x0F, 0x26, 0x65, 0x0F, 0x27, 0x65, 0x0F, 0x27, 0x65, 0x0F, 0x27, 0x66, 0x0F, 0x27, 0x65, 0x0F, 0x27, 0x65, 0x0F, 0x26, 0x65, 0x0F, 0x26, 0x65, 0x0E, 0x26, 0x65, 0x0E, 0x25, 0x64, 0x0E, 0x25, 0x64, 0x0E, 0x24, 0x63, 0x0E, 0x24, 0x63, 
        0x0D, 0x24, 0x62, 0x0E, 0x24, 0x63, 0x0E, 0x24, 0x63, 0x0D, 0x24, 0x62, 0x0D, 0x24, 0x62, 0x0D, 0x24, 0x62, 0x0D, 0x24, 0x62, 0x0D, 0x24, 0x62, 0x0D, 0x23, 0x62, 0x0D, 0x24, 0x62, 0x0D, 0x23, 0x62, 0x0D, 0x23, 0x61, 0x0D, 0x23, 0x61, 
        0x0D, 0x23, 0x61, 0x0D, 0x23, 0x61, 0x0D, 0x23, 0x61, 0x0D, 0x23, 0x61, 0x0D, 0x23, 0x62, 0x0D, 0x23, 0x62, 0x0D, 0x23, 0x62, 0x0D, 0x23, 0x62, 0x0D, 0x23, 0x62, 0x0D, 0x24, 0x62, 0x0D, 0x24, 0x63, 0x0D, 0x24, 0x63, 0x0D, 0x24, 0x62, 
        0x0D, 0x24, 0x63, 0x0D, 0x25, 0x64, 0x0E, 0x25, 0x64, 0x0E, 0x25, 0x65, 0x0E, 0x25, 0x64, 0x0E, 0x26, 0x65, 0x0E, 0x25, 0x65, 0x0E, 0x25, 0x65, 0x0E, 0x24, 0x64, 0x0D, 0x24, 0x64, 0x0D, 0x24, 0x64, 0x0D, 0x23, 0x64, 0x0D, 0x23, 0x63, 
        0x0E, 0x27, 0x66, 0x16, 0x34, 0x6D, 0x1A, 0x38, 0x6D, 0x14, 0x32, 0x6C, 0x0C, 0x22, 0x62, 0x0C, 0x1F, 0x5C, 0x0C, 0x20, 0x5F, 0x0C, 0x21, 0x5F, 0x0C, 0x1E, 0x5B, 0x0C, 0x1E, 0x5B, 0x0C, 0x1E, 0x5A, 0x0C, 0x1D, 0x59, 0x0C, 0x1C, 0x57, 
        0x0C, 0x1C, 0x57, 0x0C, 0x1C, 0x57, 0x0C, 0x1F, 0x5A,
  0x55, 0x8A, 0xD3, 0x17, 0x33, 0x73, 0x15, 0x2F, 0x6C, 0x14, 0x2E, 0x6B, 0x14, 0x2D, 0x6B, 0x14, 0x2D, 0x6B, 0x16, 0x31, 0x6D, 0x1B, 0x35, 0x6E, 0x1F, 0x38, 0x70, 0x1C, 0x36, 0x6F, 0x19, 0x34, 0x6E, 0x14, 0x2D, 0x6B, 0x13, 0x2C, 0x6A, 0x14, 0x2E, 0x6B, 
        0x12, 0x2A, 0x68, 0x11, 0x28, 0x66, 0x0F, 0x26, 0x64, 0x0F, 0x25, 0x64, 0x0F, 0x25, 0x63, 0x0E, 0x24, 0x63, 0x0D, 0x22, 0x61, 0x0D, 0x21, 0x5F, 0x0D, 0x22, 0x60, 0x0E, 0x23, 0x61, 0x0E, 0x24, 0x63, 0x0E, 0x24, 0x63, 0x0E, 0x24, 0x64, 
        0x0E, 0x24, 0x63, 0x0D, 0x23, 0x62, 0x0D, 0x23, 0x62, 0x0D, 0x23, 0x62, 0x0D, 0x23, 0x62, 0x0D, 0x23, 0x61, 0x0D, 0x22, 0x61, 0x0D, 0x22, 0x61, 0x0D, 0x22, 0x61, 0x0D, 0x22, 0x61, 0x0D, 0x22, 0x60, 0x0D, 0x22, 0x60, 0x0D, 0x22, 0x60, 
        0x0D, 0x21, 0x5F, 0x0D, 0x20, 0x5D, 0x0C, 0x20, 0x5D, 0x0C, 0x20, 0x5D, 0x0C, 0x20, 0x5D, 0x0C, 0x1F, 0x5C, 0x0C, 0x1F, 0x5C, 0x0C, 0x1F, 0x5C, 0x0C, 0x20, 0x5C, 0x0C, 0x20, 0x5C, 0x0C, 0x1F, 0x5C, 0x0C, 0x20, 0x5C, 0x0C, 0x20, 0x5C, 
        0x0C, 0x20, 0x5C, 0x0C, 0x20, 0x5D, 0x0C, 0x21, 0x5E, 0x0C, 0x20, 0x5D, 0x0D, 0x21, 0x5E, 0x0D, 0x22, 0x60, 0x0E, 0x24, 0x62, 0x10, 0x29, 0x67, 0x10, 0x28, 0x67, 0x10, 0x28, 0x67, 0x10, 0x29, 0x68, 0x10, 0x29, 0x68, 0x10, 0x28, 0x67, 
        0x10, 0x28, 0x67, 0x10, 0x29, 0x67, 0x10, 0x28, 0x67, 0xA3, 0xAC, 0xC5, 0xFF, 0xFF, 0xFF, 0xD3, 0xD8, 0xE3, 0x12, 0x2A, 0x69, 0x0F, 0x28, 0x67, 0x0F, 0x28, 0x67, 0x0F, 0x28, 0x67, 0x48, 0x5B, 0x8B, 0xFF, 0xFF, 0xFF, 0xFF, 0xFF, 0xFF, 
        0x48, 0x5B, 0x8B, 0x0F, 0x28, 0x67, 0x0F, 0x28, 0x67, 0x0F, 0x28, 0x67, 0x13, 0x2B, 0x69, 0xDA, 0xDE, 0xE7, 0xFF, 0xFF, 0xFF, 0x94, 0xA0, 0xBC, 0x0F, 0x28, 0x67, 0x0F, 0x27, 0x66, 0x0F, 0x28, 0x67, 0x0F, 0x27, 0x66, 0x0F, 0x28, 0x67, 
        0x0F, 0x28, 0x67, 0x0F, 0x28, 0x67, 0x0F, 0x29, 0x68, 0x10, 0x29, 0x68, 0x0F, 0x29, 0x68, 0x0F, 0x29, 0x68, 0x0F, 0x28, 0x67, 0x0F, 0x28, 0x67, 0x0F, 0x27, 0x67, 0x0E, 0x27, 0x67, 0x0E, 0x26, 0x66, 0x0E, 0x26, 0x66, 0x0E, 0x26, 0x65, 
        0x0E, 0x25, 0x64, 0x0E, 0x25, 0x64, 0x0E, 0x25, 0x64, 0x0E, 0x25, 0x64, 0x0D, 0x25, 0x64, 0x0D, 0x25, 0x64, 0x0D, 0x25, 0x64, 0x0D, 0x24, 0x64, 0x0D, 0x24, 0x64, 0x0D, 0x24, 0x63, 0x0D, 0x24, 0x63, 0x0D, 0x24, 0x63, 0x0D, 0x24, 0x63, 
        0x0D, 0x24, 0x62, 0x0D, 0x24, 0x62, 0x0D, 0x24, 0x63, 0x0D, 0x24, 0x63, 0x0D, 0x24, 0x63, 0x0D, 0x24, 0x63, 0x0D, 0x24, 0x64, 0x0D, 0x24, 0x64, 0x0D, 0x24, 0x64, 0x0D, 0x24, 0x64, 0x0D, 0x25, 0x64, 0x0D, 0x25, 0x64, 0x0D, 0x25, 0x65, 
        0x0F, 0x29, 0x67, 0x0E, 0x27, 0x67, 0x0E, 0x26, 0x66, 0x0E, 0x26, 0x66, 0x0E, 0x26, 0x66, 0x0E, 0x27, 0x66, 0x0E, 0x27, 0x67, 0x0E, 0x26, 0x66, 0x0E, 0x26, 0x66, 0x0D, 0x25, 0x66, 0x0D, 0x25, 0x65, 0x0D, 0x24, 0x65, 0x0D, 0x24, 0x65, 
        0x0D, 0x24, 0x65, 0x0F, 0x29, 0x68, 0x10, 0x2C, 0x6A, 0x0D, 0x26, 0x66, 0x0C, 0x21, 0x61, 0x0C, 0x21, 0x60, 0x0C, 0x20, 0x5F, 0x0C, 0x20, 0x5F, 0x0C, 0x1F, 0x5D, 0x0C, 0x1F, 0x5C, 0x0C, 0x1E, 0x5C, 0x0C, 0x1F, 0x5C, 0x0C, 0x1E, 0x5A, 
        0x0C, 0x1E, 0x5A, 0x0C, 0x1C, 0x58, 0x0C, 0x21, 0x5D,
  0x55, 0x8A, 0xD3, 0x17, 0x34, 0x74, 0x15, 0x2F, 0x6D, 0x15, 0x30, 0x6D, 0x15, 0x2F, 0x6D, 0x14, 0x2E, 0x6C, 0x13, 0x2E, 0x6C, 0x14, 0x2F, 0x6D, 0x16, 0x31, 0x6E, 0x16, 0x32, 0x6E, 0x16, 0x32, 0x6E, 0x17, 0x33, 0x6F, 0x18, 0x34, 0x6F, 0x17, 0x33, 0x6F, 
        0x14, 0x2E, 0x6C, 0x13, 0x2B, 0x6A, 0x12, 0x2A, 0x69, 0x10, 0x28, 0x67, 0x0F, 0x26, 0x66, 0x0F, 0x25, 0x65, 0x0E, 0x24, 0x63, 0x0E, 0x24, 0x63, 0x0E, 0x25, 0x64, 0x0E, 0x25, 0x65, 0x0E, 0x26, 0x66, 0x0E, 0x26, 0x67, 0x0E, 0x25, 0x66, 
        0x0E, 0x24, 0x65, 0x0E, 0x25, 0x65, 0x0E, 0x24, 0x65, 0x0D, 0x24, 0x64, 0x0D, 0x24, 0x64, 0x0D, 0x24, 0x63, 0x0D, 0x24, 0x63, 0x0D, 0x24, 0x63, 0x0D, 0x24, 0x63, 0x0D, 0x23, 0x63, 0x0D, 0x23, 0x62, 0x0D, 0x23, 0x62, 0x0C, 0x22, 0x61, 
        0x0C, 0x22, 0x60, 0x0C, 0x21, 0x5F, 0x0C, 0x20, 0x5F, 0x0C, 0x21, 0x5F, 0x0C, 0x21, 0x5F, 0x0C, 0x20, 0x5E, 0x0C, 0x20, 0x5E, 0x0C, 0x20, 0x5E, 0x0C, 0x20, 0x5E, 0x0C, 0x20, 0x5E, 0x0C, 0x21, 0x5E, 0x0C, 0x21, 0x5E, 0x0C, 0x21, 0x5E, 
        0x0C, 0x21, 0x5E, 0x0C, 0x21, 0x5E, 0x0C, 0x21, 0x5F, 0x0C, 0x21, 0x5F, 0x0D, 0x22, 0x60, 0x0D, 0x23, 0x61, 0x0E, 0x25, 0x64, 0x10, 0x29, 0x68, 0x0F, 0x27, 0x66, 0x0F, 0x28, 0x68, 0x10, 0x2A, 0x6A, 0x10, 0x2A, 0x69, 0x10, 0x2A, 0x69, 
        0x10, 0x29, 0x69, 0x10, 0x29, 0x69, 0x10, 0x29, 0x69, 0xE4, 0xE7, 0xEF, 0xFF, 0xFF, 0xFF, 0x75, 0x84, 0xA8, 0x0F, 0x29, 0x69, 0x0F, 0x29, 0x69, 0x0F, 0x29, 0x69, 0x0F, 0x28, 0x69, 0x48, 0x5B, 0x8C, 0xFF, 0xFF, 0xFF, 0xFF, 0xFF, 0xFF, 
        0x48, 0x5B, 0x8C, 0x0F, 0x29, 0x68, 0x0F, 0x29, 0x69, 0x0F, 0x29, 0x69, 0x0F, 0x28, 0x69, 0x7C, 0x8A, 0xAD, 0xFF, 0xFF, 0xFF, 0xE0, 0xE3, 0xEB, 0x10, 0x2A, 0x6A, 0x0F, 0x28, 0x69, 0x0F, 0x28, 0x69, 0x0F, 0x28, 0x68, 0x0F, 0x29, 0x69, 
        0x10, 0x2A, 0x69, 0x0F, 0x2A, 0x6A, 0x10, 0x2A, 0x6A, 0x10, 0x2B, 0x6A, 0x10, 0x2B, 0x6A, 0x10, 0x2A, 0x6A, 0x0F, 0x2A, 0x6A, 0x0F, 0x2A, 0x69, 0x0F, 0x28, 0x69, 0x0F, 0x28, 0x68, 0x0E, 0x27, 0x68, 0x0E, 0x27, 0x68, 0x0E, 0x27, 0x67, 
        0x0E, 0x26, 0x66, 0x0E, 0x26, 0x66, 0x0E, 0x26, 0x66, 0x0E, 0x26, 0x66, 0x0D, 0x26, 0x66, 0x0D, 0x25, 0x66, 0x0D, 0x25, 0x66, 0x0D, 0x25, 0x65, 0x0D, 0x25, 0x65, 0x0D, 0x25, 0x65, 0x0D, 0x25, 0x65, 0x0D, 0x25, 0x65, 0x0D, 0x25, 0x65, 
        0x0D, 0x25, 0x64, 0x0D, 0x25, 0x64, 0x0D, 0x25, 0x64, 0x0D, 0x25, 0x65, 0x0D, 0x25, 0x65, 0x0D, 0x25, 0x65, 0x0D, 0x25, 0x65, 0x0D, 0x25, 0x65, 0x0D, 0x25, 0x66, 0x0D, 0x25, 0x66, 0x0D, 0x25, 0x66, 0x0D, 0x25, 0x66, 0x0D, 0x26, 0x66, 
        0x0E, 0x29, 0x69, 0x0E, 0x28, 0x68, 0x0D, 0x26, 0x67, 0x0E, 0x27, 0x67, 0x0E, 0x27, 0x68, 0x0E, 0x27, 0x68, 0x0E, 0x27, 0x68, 0x0E, 0x27, 0x68, 0x0E, 0x27, 0x68, 0x0E, 0x26, 0x68, 0x0D, 0x26, 0x67, 0x0D, 0x26, 0x67, 0x0D, 0x25, 0x67, 
        0x0D, 0x24, 0x66, 0x0C, 0x23, 0x65, 0x0C, 0x23, 0x64, 0x0C, 0x22, 0x63, 0x0C, 0x23, 0x64, 0x0C, 0x23, 0x63, 0x0C, 0x21, 0x61, 0x0C, 0x21, 0x60, 0x0C, 0x20, 0x5F, 0x0C, 0x20, 0x5E, 0x0C, 0x1F, 0x5D, 0x0C, 0x1F, 0x5D, 0x0C, 0x1F, 0x5D, 
        0x0C, 0x1F, 0x5D, 0x0C, 0x1F, 0x5D, 0x0C, 0x21, 0x5F,
  0x55, 0x8C, 0xD3, 0x17, 0x35, 0x75, 0x15, 0x30, 0x6F, 0x14, 0x2F, 0x6E, 0x14, 0x2F, 0x6E, 0x15, 0x30, 0x6F, 0x15, 0x30, 0x6F, 0x14, 0x2F, 0x6E, 0x14, 0x30, 0x6F, 0x15, 0x30, 0x6F, 0x14, 0x2F, 0x6E, 0x16, 0x32, 0x6F, 0x17, 0x33, 0x70, 0x18, 0x34, 0x70, 
        0x15, 0x31, 0x6F, 0x13, 0x2C, 0x6C, 0x13, 0x2C, 0x6C, 0x11, 0x2A, 0x6B, 0x11, 0x29, 0x69, 0x11, 0x29, 0x69, 0x11, 0x2A, 0x6A, 0x11, 0x2B, 0x6A, 0x0E, 0x27, 0x67, 0x0F, 0x27, 0x68, 0x0E, 0x27, 0x68, 0x0E, 0x25, 0x68, 0x0E, 0x26, 0x6A, 
        0x0E, 0x26, 0x68, 0x0E, 0x26, 0x66, 0x0D, 0x25, 0x66, 0x0D, 0x24, 0x65, 0x0D, 0x24, 0x65, 0x0D, 0x25, 0x65, 0x0D, 0x25, 0x66, 0x0D, 0x25, 0x66, 0x0D, 0x24, 0x65, 0x0D, 0x23, 0x64, 0x0D, 0x24, 0x64, 0x0D, 0x24, 0x64, 0x0D, 0x23, 0x63, 
        0x0C, 0x22, 0x61, 0x0C, 0x22, 0x61, 0x0C, 0x22, 0x60, 0x0C, 0x21, 0x60, 0x0C, 0x21, 0x60, 0x0C, 0x21, 0x60, 0x0C, 0x21, 0x60, 0x0C, 0x21, 0x60, 0x0C, 0x21, 0x60, 0x0C, 0x21, 0x60, 0x0C, 0x21, 0x60, 0x0C, 0x22, 0x60, 0x0C, 0x21, 0x60, 
        0x0C, 0x22, 0x60, 0x0C, 0x22, 0x60, 0x0C, 0x22, 0x61, 0x0D, 0x23, 0x62, 0x0D, 0x23, 0x63, 0x0E, 0x26, 0x65, 0x11, 0x2B, 0x6A, 0x13, 0x2E, 0x6D, 0x11, 0x2C, 0x6C, 0x10, 0x2B, 0x6B, 0x10, 0x2B, 0x6C, 0x10, 0x2A, 0x6B, 0x10, 0x2A, 0x6A, 
        0x10, 0x2B, 0x6B, 0x10, 0x2A, 0x6B, 0x10, 0x2A, 0x6B, 0xFC, 0xFC, 0xFE, 0xFF, 0xFF, 0xFF, 0x4B, 0x5F, 0x8F, 0x0F, 0x2A, 0x6A, 0x3A, 0x4F, 0x84, 0x40, 0x54, 0x88, 0x40, 0x54, 0x88, 0x6D, 0x7D, 0xA4, 0xFF, 0xFF, 0xFF, 0xFF, 0xFF, 0xFF, 
        0x6D, 0x7D, 0xA5, 0x40, 0x54, 0x88, 0x40, 0x54, 0x88, 0x3A, 0x4F, 0x84, 0x0F, 0x2A, 0x6B, 0x5A, 0x6C, 0x99, 0xFF, 0xFF, 0xFF, 0xFC, 0xFC, 0xFE, 0x0F, 0x2B, 0x6B, 0x0F, 0x2A, 0x6B, 0x0F, 0x2A, 0x6B, 0x10, 0x2B, 0x6C, 0x10, 0x2B, 0x6C, 
        0x0F, 0x2A, 0x6B, 0x10, 0x2B, 0x6C, 0x10, 0x2B, 0x6C, 0x10, 0x2C, 0x6C, 0x11, 0x2E, 0x6D, 0x10, 0x2C, 0x6C, 0x10, 0x2B, 0x6C, 0x10, 0x2B, 0x6B, 0x0F, 0x2A, 0x6B, 0x0F, 0x29, 0x6A, 0x0E, 0x28, 0x69, 0x0E, 0x28, 0x69, 0x0E, 0x27, 0x69, 
        0x0E, 0x27, 0x68, 0x0E, 0x27, 0x68, 0x0E, 0x27, 0x67, 0x0E, 0x27, 0x67, 0x0E, 0x27, 0x67, 0x0E, 0x27, 0x67, 0x0D, 0x26, 0x67, 0x0D, 0x26, 0x67, 0x0D, 0x26, 0x67, 0x0D, 0x26, 0x67, 0x0D, 0x26, 0x67, 0x0D, 0x26, 0x67, 0x0D, 0x26, 0x66, 
        0x0D, 0x26, 0x66, 0x0D, 0x25, 0x66, 0x0D, 0x25, 0x66, 0x0D, 0x25, 0x66, 0x0D, 0x26, 0x67, 0x0D, 0x26, 0x67, 0x0D, 0x26, 0x67, 0x0D, 0x26, 0x67, 0x0D, 0x26, 0x67, 0x0D, 0x26, 0x67, 0x0D, 0x26, 0x67, 0x0D, 0x26, 0x67, 0x0D, 0x26, 0x67, 
        0x0D, 0x26, 0x68, 0x0D, 0x27, 0x68, 0x0D, 0x27, 0x68, 0x0E, 0x27, 0x69, 0x0E, 0x28, 0x69, 0x0E, 0x28, 0x69, 0x0E, 0x28, 0x6A, 0x0E, 0x28, 0x6A, 0x0E, 0x28, 0x6A, 0x0E, 0x27, 0x69, 0x0E, 0x27, 0x69, 0x0D, 0x27, 0x69, 0x0D, 0x27, 0x69, 
        0x0D, 0x26, 0x68, 0x0D, 0x26, 0x68, 0x0D, 0x25, 0x67, 0x0C, 0x25, 0x66, 0x0C, 0x24, 0x66, 0x0C, 0x23, 0x65, 0x0C, 0x23, 0x64, 0x0C, 0x22, 0x63, 0x0C, 0x21, 0x62, 0x0C, 0x21, 0x60, 0x0C, 0x20, 0x5F, 0x0C, 0x20, 0x5E, 0x0C, 0x20, 0x5F, 
        0x0E, 0x26, 0x67, 0x0D, 0x25, 0x66, 0x0C, 0x22, 0x60,
  0x58, 0x8C, 0xD4, 0x17, 0x35, 0x76, 0x14, 0x30, 0x70, 0x15, 0x30, 0x70, 0x15, 0x30, 0x70, 0x15, 0x30, 0x70, 0x15, 0x30, 0x70, 0x14, 0x30, 0x70, 0x16, 0x32, 0x71, 0x16, 0x32, 0x71, 0x14, 0x30, 0x70, 0x14, 0x30, 0x70, 0x14, 0x30, 0x70, 0x16, 0x32, 0x71, 
        0x15, 0x31, 0x71, 0x14, 0x2F, 0x6F, 0x14, 0x30, 0x70, 0x14, 0x2F, 0x6F, 0x14, 0x2F, 0x6F, 0x14, 0x30, 0x70, 0x15, 0x32, 0x70, 0x13, 0x2E, 0x70, 0x0E, 0x26, 0x69, 0x0F, 0x28, 0x6B, 0x10, 0x29, 0x6C, 0x0E, 0x27, 0x6A, 0x0F, 0x27, 0x6B, 
        0x0E, 0x27, 0x6A, 0x0E, 0x26, 0x68, 0x0D, 0x25, 0x68, 0x0D, 0x24, 0x67, 0x0D, 0x24, 0x66, 0x0D, 0x23, 0x66, 0x0D, 0x24, 0x66, 0x0D, 0x24, 0x67, 0x0D, 0x24, 0x66, 0x0D, 0x23, 0x65, 0x0D, 0x24, 0x66, 0x0D, 0x25, 0x66, 0x0D, 0x23, 0x65, 
        0x0C, 0x22, 0x63, 0x0C, 0x22, 0x62, 0x0C, 0x22, 0x62, 0x0C, 0x21, 0x62, 0x0C, 0x21, 0x62, 0x0D, 0x22, 0x62, 0x0C, 0x21, 0x62, 0x0C, 0x21, 0x62, 0x0C, 0x21, 0x62, 0x0C, 0x21, 0x62, 0x0C, 0x21, 0x62, 0x0C, 0x22, 0x62, 0x0C, 0x22, 0x62, 
        0x0C, 0x22, 0x62, 0x0C, 0x22, 0x63, 0x0D, 0x22, 0x63, 0x0D, 0x23, 0x64, 0x0D, 0x24, 0x65, 0x0F, 0x28, 0x69, 0x11, 0x2B, 0x6C, 0x10, 0x29, 0x6B, 0x10, 0x2B, 0x6D, 0x10, 0x2C, 0x6E, 0x10, 0x2B, 0x6D, 0x10, 0x2A, 0x6D, 0x10, 0x2A, 0x6D, 
        0x10, 0x2B, 0x6C, 0x10, 0x2B, 0x6C, 0x10, 0x2A, 0x6C, 0xF3, 0xF4, 0xF8, 0xFF, 0xFF, 0xFF, 0x5D, 0x6E, 0x9B, 0x10, 0x2A, 0x6C, 0xE2, 0xE5, 0xEE, 0xFF, 0xFF, 0xFF, 0xFF, 0xFF, 0xFF, 0xFF, 0xFF, 0xFF, 0xFF, 0xFF, 0xFF, 0xFF, 0xFF, 0xFF, 
        0xFF, 0xFF, 0xFF, 0xFF, 0xFF, 0xFF, 0xFF, 0xFF, 0xFF, 0xE2, 0xE5, 0xEE, 0x10, 0x2B, 0x6D, 0x6A, 0x7A, 0xA4, 0xFF, 0xFF, 0xFF, 0xEE, 0xF0, 0xF4, 0x0F, 0x2A, 0x6C, 0x0F, 0x29, 0x6C, 0x11, 0x2D, 0x6E, 0x13, 0x31, 0x71, 0x12, 0x30, 0x70, 
        0x10, 0x2C, 0x6D, 0x10, 0x2C, 0x6E, 0x10, 0x2C, 0x6E, 0x10, 0x2C, 0x6E, 0x11, 0x2E, 0x6F, 0x10, 0x2C, 0x6E, 0x10, 0x2C, 0x6E, 0x10, 0x2C, 0x6E, 0x0F, 0x2B, 0x6D, 0x0F, 0x29, 0x6C, 0x0F, 0x28, 0x6B, 0x0E, 0x28, 0x6B, 0x0E, 0x28, 0x6A, 
        0x0E, 0x28, 0x6A, 0x0E, 0x27, 0x6A, 0x0E, 0x27, 0x69, 0x0E, 0x27, 0x69, 0x0E, 0x27, 0x69, 0x0E, 0x27, 0x69, 0x0D, 0x26, 0x69, 0x0D, 0x26, 0x69, 0x0E, 0x26, 0x69, 0x0D, 0x26, 0x69, 0x0D, 0x26, 0x69, 0x0E, 0x26, 0x69, 0x0D, 0x26, 0x68, 
        0x0D, 0x26, 0x68, 0x0D, 0x26, 0x68, 0x0D, 0x26, 0x68, 0x0D, 0x26, 0x68, 0x0D, 0x26, 0x68, 0x0D, 0x26, 0x68, 0x0D, 0x26, 0x69, 0x0D, 0x26, 0x69, 0x0D, 0x26, 0x69, 0x0D, 0x26, 0x69, 0x0D, 0x26, 0x69, 0x0D, 0x26, 0x69, 0x0D, 0x27, 0x6A, 
        0x0D, 0x26, 0x69, 0x0D, 0x27, 0x6A, 0x0E, 0x27, 0x6B, 0x0E, 0x27, 0x6A, 0x0E, 0x28, 0x6B, 0x0E, 0x28, 0x6B, 0x0E, 0x28, 0x6B, 0x0E, 0x28, 0x6B, 0x0E, 0x28, 0x6B, 0x0E, 0x28, 0x6B, 0x0E, 0x27, 0x6B, 0x0D, 0x27, 0x6B, 0x0D, 0x27, 0x6A, 
        0x0D, 0x26, 0x6A, 0x0D, 0x26, 0x6A, 0x0D, 0x25, 0x69, 0x0D, 0x25, 0x69, 0x0C, 0x24, 0x68, 0x0C, 0x24, 0x67, 0x0C, 0x23, 0x66, 0x0C, 0x22, 0x65, 0x0C, 0x22, 0x64, 0x0C, 0x21, 0x63, 0x0C, 0x21, 0x62, 0x0C, 0x20, 0x60, 0x0C, 0x22, 0x63, 
        0x0E, 0x28, 0x6A, 0x0C, 0x21, 0x62, 0x0C, 0x22, 0x61,
  0x59, 0x8D, 0xD4, 0x18, 0x36, 0x79, 0x15, 0x31, 0x72, 0x15, 0x31, 0x72, 0x15, 0x31, 0x72, 0x15, 0x31, 0x72, 0x15, 0x31, 0x72, 0x15, 0x31, 0x71, 0x14, 0x30, 0x71, 0x14, 0x31, 0x72, 0x14, 0x31, 0x72, 0x14, 0x31, 0x72, 0x14, 0x31, 0x72, 0x14, 0x31, 0x72, 
        0x15, 0x31, 0x72, 0x15, 0x32, 0x72, 0x15, 0x31, 0x72, 0x14, 0x31, 0x72, 0x15, 0x32, 0x72, 0x14, 0x31, 0x72, 0x15, 0x32, 0x72, 0x11, 0x2D, 0x70, 0x0E, 0x26, 0x6A, 0x0E, 0x27, 0x6B, 0x0F, 0x29, 0x6C, 0x0F, 0x29, 0x6C, 0x0E, 0x28, 0x6B, 
        0x0E, 0x27, 0x6A, 0x0E, 0x27, 0x6B, 0x0E, 0x27, 0x6A, 0x0E, 0x26, 0x6A, 0x0D, 0x26, 0x69, 0x0D, 0x25, 0x68, 0x0D, 0x25, 0x67, 0x0D, 0x25, 0x68, 0x0D, 0x25, 0x68, 0x0D, 0x24, 0x67, 0x0D, 0x24, 0x67, 0x0D, 0x24, 0x67, 0x0D, 0x23, 0x66, 
        0x0C, 0x23, 0x65, 0x0D, 0x23, 0x64, 0x0C, 0x23, 0x64, 0x0C, 0x22, 0x63, 0x0C, 0x22, 0x63, 0x0D, 0x22, 0x63, 0x0D, 0x22, 0x63, 0x0C, 0x22, 0x64, 0x0C, 0x22, 0x64, 0x0C, 0x22, 0x64, 0x0C, 0x22, 0x64, 0x0C, 0x23, 0x64, 0x0C, 0x23, 0x64, 
        0x0C, 0x23, 0x64, 0x0C, 0x23, 0x64, 0x0D, 0x23, 0x65, 0x0D, 0x25, 0x66, 0x0F, 0x28, 0x6A, 0x0F, 0x28, 0x6A, 0x10, 0x2A, 0x6C, 0x11, 0x2C, 0x6E, 0x11, 0x2D, 0x6F, 0x10, 0x2C, 0x6F, 0x10, 0x2C, 0x6F, 0x10, 0x2C, 0x6F, 0x10, 0x2C, 0x6F, 
        0x10, 0x2B, 0x6E, 0x10, 0x2B, 0x6E, 0x10, 0x2B, 0x6E, 0xC0, 0xC7, 0xD9, 0xFF, 0xFF, 0xFF, 0xA2, 0xAC, 0xC6, 0x0F, 0x2B, 0x6E, 0xE2, 0xE5, 0xEE, 0xFF, 0xFF, 0xFF, 0xFF, 0xFF, 0xFF, 0xFF, 0xFF, 0xFF, 0xFF, 0xFF, 0xFF, 0xFF, 0xFF, 0xFF, 
        0xFF, 0xFF, 0xFF, 0xFF, 0xFF, 0xFF, 0xFF, 0xFF, 0xFF, 0xE2, 0xE5, 0xEE, 0x10, 0x2B, 0x6E, 0xAD, 0xB7, 0xCD, 0xFF, 0xFF, 0xFF, 0xBA, 0xC2, 0xD5, 0x0F, 0x2B, 0x6E, 0x10, 0x2C, 0x6F, 0x13, 0x31, 0x72, 0x14, 0x33, 0x73, 0x13, 0x31, 0x72, 
        0x10, 0x2D, 0x70, 0x10, 0x2C, 0x6F, 0x11, 0x2E, 0x70, 0x11, 0x2D, 0x70, 0x10, 0x2D, 0x70, 0x10, 0x2D, 0x70, 0x10, 0x2D, 0x6F, 0x10, 0x2D, 0x6F, 0x10, 0x2C, 0x6F, 0x0F, 0x2B, 0x6E, 0x0F, 0x2A, 0x6D, 0x0E, 0x29, 0x6D, 0x0E, 0x29, 0x6C, 
        0x0E, 0x29, 0x6C, 0x0E, 0x28, 0x6B, 0x0E, 0x28, 0x6B, 0x0E, 0x27, 0x6B, 0x0D, 0x27, 0x6B, 0x0E, 0x28, 0x6B, 0x0D, 0x27, 0x6B, 0x0E, 0x27, 0x6B, 0x0E, 0x27, 0x6A, 0x0D, 0x27, 0x6A, 0x0D, 0x27, 0x6A, 0x0E, 0x27, 0x6B, 0x0D, 0x27, 0x6A, 
        0x0D, 0x27, 0x6A, 0x0D, 0x27, 0x6A, 0x0D, 0x26, 0x6A, 0x0D, 0x26, 0x6A, 0x0D, 0x27, 0x6A, 0x0D, 0x26, 0x6A, 0x0D, 0x27, 0x6B, 0x0D, 0x27, 0x6B, 0x0D, 0x27, 0x6A, 0x0D, 0x27, 0x6A, 0x0D, 0x27, 0x6A, 0x0D, 0x27, 0x6B, 0x0D, 0x27, 0x6B, 
        0x0D, 0x27, 0x6B, 0x0D, 0x27, 0x6B, 0x0D, 0x27, 0x6B, 0x0E, 0x27, 0x6C, 0x0E, 0x28, 0x6C, 0x0E, 0x29, 0x6D, 0x0E, 0x29, 0x6D, 0x0E, 0x29, 0x6D, 0x0E, 0x29, 0x6D, 0x0E, 0x28, 0x6D, 0x0E, 0x28, 0x6C, 0x0D, 0x27, 0x6C, 0x0D, 0x27, 0x6C, 
        0x0D, 0x27, 0x6C, 0x0D, 0x27, 0x6C, 0x0D, 0x26, 0x6B, 0x0D, 0x25, 0x6A, 0x0C, 0x25, 0x69, 0x0C, 0x25, 0x69, 0x0C, 0x24, 0x68, 0x0C, 0x23, 0x67, 0x0C, 0x23, 0x66, 0x0C, 0x22, 0x64, 0x0C, 0x22, 0x64, 0x0C, 0x21, 0x62, 0x0C, 0x21, 0x62, 
        0x0C, 0x21, 0x62, 0x0C, 0x20, 0x61, 0x0C, 0x23, 0x64,
  0x58, 0x8C, 0xD4, 0x18, 0x37, 0x7B, 0x15, 0x32, 0x75, 0x15, 0x32, 0x74, 0x15, 0x33, 0x75, 0x15, 0x32, 0x75, 0x15, 0x31, 0x74, 0x15, 0x32, 0x74, 0x15, 0x32, 0x74, 0x14, 0x31, 0x74, 0x14, 0x31, 0x74, 0x14, 0x31, 0x74, 0x15, 0x32, 0x74, 0x14, 0x31, 0x74, 
        0x14, 0x32, 0x74, 0x15, 0x32, 0x75, 0x15, 0x33, 0x75, 0x15, 0x33, 0x74, 0x14, 0x32, 0x74, 0x14, 0x31, 0x74, 0x14, 0x32, 0x74, 0x10, 0x2C, 0x70, 0x0E, 0x29, 0x6E, 0x0F, 0x29, 0x6F, 0x0F, 0x29, 0x6F, 0x0F, 0x29, 0x6F, 0x0F, 0x29, 0x6E, 
        0x0D, 0x26, 0x6B, 0x0E, 0x27, 0x6C, 0x0E, 0x27, 0x6D, 0x0E, 0x27, 0x6C, 0x0E, 0x27, 0x6C, 0x0E, 0x27, 0x6C, 0x0D, 0x26, 0x6C, 0x0D, 0x26, 0x6B, 0x0D, 0x26, 0x6A, 0x0D, 0x25, 0x6A, 0x0D, 0x25, 0x69, 0x0D, 0x24, 0x68, 0x0C, 0x23, 0x67, 
        0x0C, 0x23, 0x66, 0x0D, 0x23, 0x67, 0x0D, 0x23, 0x66, 0x0C, 0x23, 0x66, 0x0C, 0x23, 0x66, 0x0C, 0x23, 0x66, 0x0D, 0x23, 0x66, 0x0C, 0x23, 0x66, 0x0C, 0x23, 0x66, 0x0C, 0x23, 0x66, 0x0C, 0x23, 0x66, 0x0C, 0x23, 0x66, 0x0C, 0x23, 0x66, 
        0x0C, 0x23, 0x66, 0x0D, 0x24, 0x67, 0x0D, 0x25, 0x68, 0x0D, 0x26, 0x6A, 0x0F, 0x28, 0x6C, 0x10, 0x2B, 0x6F, 0x11, 0x2C, 0x70, 0x10, 0x2C, 0x70, 0x10, 0x2C, 0x70, 0x10, 0x2D, 0x71, 0x11, 0x2E, 0x71, 0x10, 0x2D, 0x71, 0x10, 0x2D, 0x71, 
        0x10, 0x2C, 0x71, 0x10, 0x2C, 0x71, 0x10, 0x2C, 0x70, 0x6A, 0x7B, 0xA6, 0xFF, 0xFF, 0xFF, 0xF8, 0xF9, 0xFB, 0x2F, 0x48, 0x83, 0x1D, 0x38, 0x78, 0x20, 0x3A, 0x7A, 0x20, 0x3A, 0x7A, 0x54, 0x68, 0x99, 0xFF, 0xFF, 0xFF, 0xFF, 0xFF, 0xFF, 
        0x54, 0x68, 0x99, 0x20, 0x3A, 0x7A, 0x20, 0x3A, 0x7A, 0x1E, 0x38, 0x78, 0x3A, 0x51, 0x8A, 0xFB, 0xFB, 0xFD, 0xFF, 0xFF, 0xFF, 0x5F, 0x71, 0x9F, 0x0F, 0x2B, 0x70, 0x11, 0x2E, 0x72, 0x14, 0x33, 0x75, 0x14, 0x33, 0x75, 0x13, 0x33, 0x75, 
        0x11, 0x2F, 0x73, 0x10, 0x2D, 0x71, 0x11, 0x2E, 0x72, 0x11, 0x2E, 0x72, 0x11, 0x2F, 0x72, 0x11, 0x2F, 0x72, 0x10, 0x2E, 0x72, 0x10, 0x2D, 0x71, 0x10, 0x2D, 0x71, 0x0F, 0x2B, 0x70, 0x0F, 0x2B, 0x70, 0x0E, 0x2A, 0x6F, 0x0E, 0x2A, 0x6F, 
        0x0E, 0x2A, 0x6F, 0x0E, 0x2A, 0x6F, 0x0E, 0x28, 0x6D, 0x0F, 0x2A, 0x6F, 0x10, 0x2D, 0x71, 0x0E, 0x29, 0x6E, 0x0D, 0x28, 0x6D, 0x0E, 0x28, 0x6D, 0x0E, 0x28, 0x6D, 0x0E, 0x28, 0x6D, 0x0E, 0x28, 0x6D, 0x0E, 0x28, 0x6D, 0x0D, 0x28, 0x6D, 
        0x0D, 0x28, 0x6D, 0x0D, 0x28, 0x6C, 0x0D, 0x28, 0x6C, 0x0D, 0x27, 0x6C, 0x0D, 0x27, 0x6C, 0x0D, 0x28, 0x6C, 0x0D, 0x27, 0x6C, 0x0D, 0x28, 0x6C, 0x0D, 0x28, 0x6D, 0x0D, 0x27, 0x6D, 0x0D, 0x27, 0x6D, 0x0D, 0x28, 0x6D, 0x0D, 0x28, 0x6D, 
        0x0D, 0x28, 0x6E, 0x0D, 0x28, 0x6D, 0x0D, 0x28, 0x6E, 0x0E, 0x29, 0x6E, 0x0E, 0x29, 0x6E, 0x0E, 0x29, 0x6F, 0x0E, 0x29, 0x6F, 0x0E, 0x29, 0x6F, 0x0E, 0x2A, 0x6F, 0x0E, 0x29, 0x6F, 0x0E, 0x29, 0x6F, 0x0D, 0x29, 0x6E, 0x0D, 0x28, 0x6E, 
        0x0D, 0x28, 0x6E, 0x0D, 0x28, 0x6E, 0x0D, 0x27, 0x6E, 0x0D, 0x27, 0x6D, 0x0D, 0x26, 0x6D, 0x0D, 0x26, 0x6C, 0x0C, 0x25, 0x6B, 0x0C, 0x24, 0x6A, 0x0C, 0x24, 0x69, 0x0C, 0x23, 0x67, 0x0C, 0x23, 0x66, 0x0C, 0x23, 0x66, 0x0C, 0x22, 0x65, 
        0x0C, 0x21, 0x63, 0x0C, 0x21, 0x63, 0x0C, 0x24, 0x65,
  0x59, 0x8E, 0xD4, 0x18, 0x38, 0x7D, 0x17, 0x35, 0x77, 0x16, 0x33, 0x76, 0x15, 0x33, 0x76, 0x15, 0x33, 0x76, 0x15, 0x32, 0x76, 0x15, 0x33, 0x76, 0x15, 0x33, 0x76, 0x15, 0x33, 0x76, 0x15, 0x33, 0x76, 0x15, 0x33, 0x76, 0x15, 0x33, 0x76, 0x15, 0x32, 0x76, 
        0x15, 0x32, 0x76, 0x15, 0x33, 0x76, 0x15, 0x33, 0x76, 0x15, 0x33, 0x76, 0x15, 0x33, 0x76, 0x15, 0x33, 0x76, 0x14, 0x33, 0x76, 0x10, 0x2C, 0x72, 0x0E, 0x29, 0x70, 0x0F, 0x2B, 0x71, 0x10, 0x2B, 0x71, 0x0F, 0x2A, 0x70, 0x0F, 0x2A, 0x71, 
        0x0E, 0x29, 0x6F, 0x0E, 0x29, 0x6E, 0x0E, 0x29, 0x6F, 0x0E, 0x28, 0x6E, 0x0D, 0x27, 0x6D, 0x0D, 0x27, 0x6D, 0x0D, 0x27, 0x6D, 0x0D, 0x26, 0x6C, 0x0D, 0x26, 0x6C, 0x0D, 0x27, 0x6C, 0x0D, 0x26, 0x6B, 0x0D, 0x25, 0x69, 0x0D, 0x25, 0x69, 
        0x0C, 0x24, 0x68, 0x0D, 0x24, 0x68, 0x0C, 0x24, 0x68, 0x0C, 0x24, 0x68, 0x0C, 0x24, 0x68, 0x0C, 0x24, 0x68, 0x0D, 0x24, 0x68, 0x0D, 0x24, 0x68, 0x0C, 0x24, 0x68, 0x0C, 0x24, 0x68, 0x0C, 0x24, 0x68, 0x0C, 0x24, 0x68, 0x0C, 0x24, 0x68, 
        0x0C, 0x24, 0x68, 0x0D, 0x25, 0x69, 0x0D, 0x27, 0x6B, 0x0F, 0x29, 0x6E, 0x0F, 0x2B, 0x70, 0x10, 0x2B, 0x70, 0x10, 0x2C, 0x71, 0x11, 0x2E, 0x73, 0x11, 0x2E, 0x73, 0x11, 0x2E, 0x73, 0x11, 0x2E, 0x73, 0x10, 0x2E, 0x72, 0x10, 0x2D, 0x72, 
        0x10, 0x2D, 0x73, 0x10, 0x2D, 0x73, 0x10, 0x2D, 0x72, 0x14, 0x30, 0x74, 0xD7, 0xDC, 0xE7, 0xFF, 0xFF, 0xFF, 0xC0, 0xC8, 0xDA, 0x10, 0x2D, 0x72, 0x0F, 0x2C, 0x71, 0x0F, 0x2C, 0x71, 0x48, 0x5E, 0x93, 0xFF, 0xFF, 0xFF, 0xFF, 0xFF, 0xFF, 
        0x48, 0x5E, 0x93, 0x10, 0x2C, 0x72, 0x10, 0x2C, 0x72, 0x13, 0x2F, 0x73, 0xCA, 0xD0, 0xDF, 0xFF, 0xFF, 0xFF, 0xC8, 0xCF, 0xDF, 0x11, 0x2D, 0x73, 0x10, 0x2C, 0x72, 0x11, 0x2F, 0x74, 0x14, 0x34, 0x77, 0x14, 0x35, 0x77, 0x14, 0x34, 0x77, 
        0x11, 0x2F, 0x74, 0x10, 0x2E, 0x73, 0x11, 0x2F, 0x74, 0x11, 0x2F, 0x74, 0x11, 0x2F, 0x74, 0x11, 0x2F, 0x74, 0x10, 0x2E, 0x73, 0x10, 0x2E, 0x73, 0x10, 0x2D, 0x72, 0x0F, 0x2C, 0x72, 0x0E, 0x2B, 0x71, 0x0E, 0x2A, 0x70, 0x0E, 0x2A, 0x70, 
        0x0E, 0x2A, 0x70, 0x0E, 0x2B, 0x70, 0x0E, 0x29, 0x6F, 0x0E, 0x2A, 0x70, 0x0F, 0x2C, 0x71, 0x0E, 0x29, 0x6F, 0x0D, 0x29, 0x6E, 0x0E, 0x29, 0x6F, 0x0E, 0x29, 0x6F, 0x0E, 0x29, 0x6F, 0x0D, 0x29, 0x6E, 0x0D, 0x29, 0x6E, 0x0D, 0x29, 0x6E, 
        0x0D, 0x29, 0x6E, 0x0D, 0x29, 0x6E, 0x0D, 0x28, 0x6E, 0x0D, 0x28, 0x6E, 0x0D, 0x28, 0x6E, 0x0D, 0x28, 0x6E, 0x0D, 0x28, 0x6D, 0x0D, 0x28, 0x6E, 0x0D, 0x28, 0x6E, 0x0D, 0x28, 0x6E, 0x0D, 0x29, 0x6F, 0x0D, 0x28, 0x6F, 0x0D, 0x28, 0x6F, 
        0x0D, 0x29, 0x6F, 0x0D, 0x29, 0x6F, 0x0D, 0x29, 0x6F, 0x0D, 0x29, 0x6F, 0x0D, 0x29, 0x6F, 0x0E, 0x2A, 0x70, 0x0E, 0x2B, 0x71, 0x0E, 0x2B, 0x71, 0x0E, 0x2B, 0x71, 0x0E, 0x2A, 0x71, 0x0E, 0x2A, 0x71, 0x0D, 0x29, 0x70, 0x0D, 0x29, 0x70, 
        0x0D, 0x29, 0x70, 0x0D, 0x29, 0x70, 0x0D, 0x28, 0x6F, 0x0D, 0x28, 0x6F, 0x0D, 0x27, 0x6F, 0x0D, 0x27, 0x6E, 0x0C, 0x26, 0x6C, 0x0C, 0x25, 0x6B, 0x0C, 0x25, 0x6B, 0x0C, 0x24, 0x69, 0x0C, 0x24, 0x69, 0x0C, 0x23, 0x67, 0x0C, 0x23, 0x67, 
        0x0C, 0x23, 0x67, 0x0C, 0x22, 0x64, 0x0C, 0x25, 0x66,
  0x59, 0x90, 0xD4, 0x19, 0x3B, 0x7F, 0x19, 0x38, 0x79, 0x16, 0x35, 0x78, 0x15, 0x34, 0x78, 0x15, 0x34, 0x78, 0x15, 0x34, 0x78, 0x15, 0x34, 0x78, 0x15, 0x33, 0x78, 0x15, 0x34, 0x78, 0x15, 0x33, 0x77, 0x15, 0x34, 0x78, 0x15, 0x34, 0x78, 0x15, 0x34, 0x78, 
        0x15, 0x33, 0x77, 0x15, 0x33, 0x77, 0x14, 0x33, 0x77, 0x15, 0x33, 0x77, 0x15, 0x34, 0x78, 0x15, 0x34, 0x78, 0x14, 0x33, 0x77, 0x10, 0x2C, 0x73, 0x0F, 0x2B, 0x72, 0x0F, 0x2B, 0x72, 0x0F, 0x2C, 0x72, 0x0F, 0x2B, 0x72, 0x0E, 0x29, 0x71, 
        0x0E, 0x2A, 0x71, 0x0F, 0x2A, 0x71, 0x0E, 0x29, 0x70, 0x0E, 0x29, 0x70, 0x0E, 0x28, 0x6F, 0x0D, 0x28, 0x6F, 0x0E, 0x29, 0x70, 0x0D, 0x27, 0x6E, 0x0D, 0x28, 0x6F, 0x0D, 0x28, 0x6D, 0x0D, 0x26, 0x6C, 0x0D, 0x26, 0x6B, 0x0D, 0x26, 0x6B, 
        0x0D, 0x25, 0x6A, 0x0C, 0x25, 0x6A, 0x0C, 0x24, 0x69, 0x0C, 0x25, 0x69, 0x0D, 0x25, 0x69, 0x0C, 0x25, 0x69, 0x0C, 0x25, 0x69, 0x0D, 0x25, 0x6A, 0x0D, 0x25, 0x69, 0x0D, 0x25, 0x6A, 0x0C, 0x25, 0x6A, 0x0C, 0x25, 0x6A, 0x0C, 0x25, 0x6A, 
        0x0D, 0x26, 0x6B, 0x0D, 0x26, 0x6B, 0x0D, 0x27, 0x6C, 0x0E, 0x29, 0x6E, 0x10, 0x2C, 0x71, 0x12, 0x30, 0x75, 0x13, 0x32, 0x76, 0x12, 0x30, 0x76, 0x12, 0x30, 0x75, 0x11, 0x2F, 0x75, 0x11, 0x2F, 0x74, 0x10, 0x2F, 0x74, 0x10, 0x2F, 0x74, 
        0x10, 0x2F, 0x75, 0x10, 0x2E, 0x74, 0x10, 0x2E, 0x74, 0x10, 0x2E, 0x74, 0x46, 0x5C, 0x93, 0xFD, 0xFD, 0xFE, 0xFF, 0xFF, 0xFF, 0x71, 0x82, 0xAC, 0x10, 0x2D, 0x73, 0x10, 0x2D, 0x73, 0x48, 0x5E, 0x94, 0xFF, 0xFF, 0xFF, 0xFF, 0xFF, 0xFF, 
        0x48, 0x5F, 0x94, 0x10, 0x2D, 0x74, 0x10, 0x2D, 0x74, 0x77, 0x88, 0xB0, 0xFF, 0xFF, 0xFF, 0xFA, 0xFB, 0xFD, 0x3C, 0x54, 0x8D, 0x10, 0x2D, 0x74, 0x10, 0x2D, 0x74, 0x10, 0x2E, 0x75, 0x12, 0x32, 0x76, 0x12, 0x32, 0x77, 0x12, 0x31, 0x76, 
        0x10, 0x2F, 0x75, 0x10, 0x2F, 0x75, 0x11, 0x30, 0x75, 0x11, 0x30, 0x75, 0x11, 0x30, 0x75, 0x10, 0x2F, 0x75, 0x10, 0x2F, 0x74, 0x10, 0x2F, 0x74, 0x0F, 0x2E, 0x74, 0x0F, 0x2D, 0x73, 0x0F, 0x2E, 0x74, 0x10, 0x2E, 0x74, 0x0F, 0x2C, 0x73, 
        0x0E, 0x2A, 0x71, 0x0E, 0x2B, 0x72, 0x0E, 0x2B, 0x72, 0x0E, 0x2B, 0x71, 0x0E, 0x2A, 0x71, 0x0E, 0x2A, 0x71, 0x0E, 0x2A, 0x71, 0x0E, 0x2A, 0x70, 0x0E, 0x2A, 0x70, 0x0E, 0x2A, 0x70, 0x0E, 0x2A, 0x70, 0x0D, 0x29, 0x70, 0x0D, 0x29, 0x70, 
        0x0D, 0x2A, 0x70, 0x0D, 0x29, 0x70, 0x0D, 0x29, 0x70, 0x0D, 0x29, 0x6F, 0x0D, 0x29, 0x6F, 0x0D, 0x29, 0x6F, 0x0D, 0x29, 0x70, 0x0D, 0x29, 0x6F, 0x0D, 0x29, 0x70, 0x0D, 0x29, 0x70, 0x0D, 0x29, 0x71, 0x0D, 0x29, 0x6F, 0x0D, 0x29, 0x70, 
        0x0D, 0x29, 0x70, 0x0D, 0x29, 0x71, 0x0D, 0x2A, 0x71, 0x0D, 0x2A, 0x71, 0x0E, 0x2A, 0x71, 0x0E, 0x2A, 0x71, 0x0E, 0x2A, 0x72, 0x0E, 0x2B, 0x72, 0x0E, 0x2B, 0x72, 0x0E, 0x2A, 0x72, 0x0E, 0x2B, 0x72, 0x0E, 0x2B, 0x72, 0x0E, 0x2A, 0x72, 
        0x0D, 0x2A, 0x72, 0x0D, 0x2A, 0x71, 0x0D, 0x29, 0x71, 0x0D, 0x29, 0x71, 0x0D, 0x28, 0x71, 0x0D, 0x28, 0x70, 0x0C, 0x27, 0x6F, 0x0C, 0x27, 0x6D, 0x0C, 0x26, 0x6C, 0x0C, 0x25, 0x6C, 0x0C, 0x25, 0x6A, 0x0C, 0x23, 0x69, 0x0C, 0x23, 0x68, 
        0x0C, 0x22, 0x66, 0x0C, 0x22, 0x65, 0x0C, 0x26, 0x68,
  0x5B, 0x90, 0xD5, 0x18, 0x3A, 0x7F, 0x16, 0x35, 0x79, 0x15, 0x35, 0x79, 0x15, 0x35, 0x79, 0x16, 0x35, 0x79, 0x15, 0x35, 0x79, 0x15, 0x34, 0x79, 0x15, 0x34, 0x79, 0x15, 0x35, 0x79, 0x15, 0x35, 0x79, 0x15, 0x35, 0x79, 0x15, 0x35, 0x79, 0x15, 0x35, 0x79, 
        0x15, 0x34, 0x79, 0x15, 0x34, 0x79, 0x15, 0x34, 0x79, 0x15, 0x35, 0x79, 0x15, 0x34, 0x79, 0x15, 0x35, 0x79, 0x14, 0x33, 0x78, 0x10, 0x2D, 0x74, 0x10, 0x2D, 0x75, 0x10, 0x2D, 0x75, 0x0F, 0x2C, 0x74, 0x10, 0x2D, 0x75, 0x0F, 0x2B, 0x74, 
        0x0F, 0x2B, 0x73, 0x0F, 0x2B, 0x73, 0x0E, 0x2B, 0x72, 0x0E, 0x2A, 0x72, 0x0E, 0x29, 0x71, 0x0E, 0x29, 0x71, 0x0E, 0x29, 0x71, 0x0E, 0x29, 0x70, 0x0E, 0x2A, 0x71, 0x0D, 0x28, 0x6F, 0x0D, 0x26, 0x6C, 0x0D, 0x26, 0x6C, 0x0D, 0x26, 0x6C, 
        0x0D, 0x26, 0x6C, 0x0D, 0x26, 0x6B, 0x0C, 0x25, 0x6B, 0x0C, 0x25, 0x6B, 0x0D, 0x26, 0x6B, 0x0D, 0x26, 0x6B, 0x0C, 0x25, 0x6B, 0x0C, 0x26, 0x6B, 0x0C, 0x26, 0x6B, 0x0C, 0x26, 0x6B, 0x0D, 0x26, 0x6B, 0x0C, 0x26, 0x6C, 0x0C, 0x26, 0x6C, 
        0x0D, 0x27, 0x6C, 0x0D, 0x28, 0x6E, 0x0E, 0x29, 0x6F, 0x0E, 0x29, 0x6F, 0x0F, 0x2B, 0x71, 0x12, 0x31, 0x77, 0x14, 0x33, 0x78, 0x11, 0x31, 0x77, 0x11, 0x30, 0x77, 0x11, 0x30, 0x77, 0x11, 0x30, 0x77, 0x11, 0x30, 0x76, 0x11, 0x30, 0x76, 
        0x11, 0x2F, 0x76, 0x10, 0x2F, 0x76, 0x10, 0x2F, 0x75, 0x10, 0x2F, 0x75, 0x10, 0x2F, 0x75, 0x94, 0xA2, 0xC2, 0xFF, 0xFF, 0xFF, 0xF0, 0xF2, 0xF6, 0x24, 0x3F, 0x81, 0x10, 0x2E, 0x75, 0x26, 0x42, 0x82, 0x70, 0x81, 0xAC, 0x70, 0x81, 0xAC, 
        0x26, 0x42, 0x82, 0x10, 0x2E, 0x75, 0x25, 0x40, 0x81, 0xF2, 0xF4, 0xF7, 0xFF, 0xFF, 0xFF, 0x89, 0x98, 0xBB, 0x10, 0x2E, 0x75, 0x10, 0x2E, 0x75, 0x10, 0x2E, 0x75, 0x10, 0x2E, 0x75, 0x10, 0x2F, 0x76, 0x10, 0x2E, 0x75, 0x0F, 0x2E, 0x75, 
        0x10, 0x2F, 0x76, 0x10, 0x2F, 0x76, 0x10, 0x30, 0x76, 0x10, 0x30, 0x76, 0x10, 0x30, 0x76, 0x10, 0x30, 0x76, 0x10, 0x2F, 0x75, 0x0F, 0x2E, 0x75, 0x0F, 0x2D, 0x75, 0x0F, 0x2D, 0x75, 0x0F, 0x2E, 0x75, 0x10, 0x2F, 0x76, 0x0F, 0x2E, 0x75, 
        0x0E, 0x2C, 0x73, 0x0E, 0x2B, 0x73, 0x0E, 0x2C, 0x74, 0x0E, 0x2C, 0x74, 0x0E, 0x2B, 0x73, 0x0E, 0x2B, 0x73, 0x0E, 0x2B, 0x72, 0x0E, 0x2B, 0x72, 0x0E, 0x2B, 0x72, 0x0E, 0x2B, 0x72, 0x0E, 0x2B, 0x72, 0x0E, 0x2B, 0x72, 0x0D, 0x2A, 0x72, 
        0x0D, 0x2A, 0x72, 0x0D, 0x2A, 0x72, 0x0D, 0x2A, 0x72, 0x0D, 0x2A, 0x71, 0x0D, 0x2A, 0x71, 0x0D, 0x2A, 0x71, 0x0D, 0x2A, 0x71, 0x0D, 0x2A, 0x71, 0x0D, 0x2B, 0x72, 0x0D, 0x2A, 0x72, 0x0D, 0x2A, 0x72, 0x0E, 0x2B, 0x73, 0x0E, 0x2C, 0x74, 
        0x0D, 0x2A, 0x72, 0x0D, 0x2A, 0x72, 0x0D, 0x2A, 0x73, 0x0D, 0x2B, 0x73, 0x0E, 0x2B, 0x73, 0x0D, 0x2B, 0x73, 0x0E, 0x2B, 0x73, 0x0E, 0x2B, 0x74, 0x0E, 0x2C, 0x74, 0x0E, 0x2C, 0x74, 0x0E, 0x2B, 0x74, 0x0E, 0x2C, 0x74, 0x0E, 0x2C, 0x74, 
        0x0E, 0x2B, 0x74, 0x0D, 0x2B, 0x73, 0x0D, 0x2A, 0x73, 0x0D, 0x2A, 0x73, 0x0D, 0x2A, 0x73, 0x0D, 0x29, 0x71, 0x0C, 0x28, 0x70, 0x0C, 0x28, 0x70, 0x0C, 0x28, 0x6F, 0x0C, 0x27, 0x6F, 0x0C, 0x25, 0x6C, 0x0D, 0x28, 0x70, 0x0E, 0x2C, 0x73, 
        0x0D, 0x2A, 0x72, 0x0C, 0x26, 0x6D, 0x0C, 0x27, 0x6B,
  0x5B, 0x8E, 0xD5, 0x18, 0x3A, 0x81, 0x16, 0x36, 0x7B, 0x16, 0x36, 0x7B, 0x16, 0x36, 0x7B, 0x15, 0x35, 0x7B, 0x15, 0x35, 0x7B, 0x15, 0x36, 0x7B, 0x15, 0x35, 0x7B, 0x15, 0x35, 0x7B, 0x15, 0x36, 0x7B, 0x16, 0x36, 0x7B, 0x16, 0x36, 0x7B, 0x15, 0x36, 0x7B, 
        0x15, 0x36, 0x7B, 0x15, 0x35, 0x7B, 0x16, 0x35, 0x7B, 0x16, 0x36, 0x7B, 0x15, 0x35, 0x7B, 0x15, 0x36, 0x7B, 0x14, 0x34, 0x7A, 0x10, 0x2E, 0x76, 0x10, 0x2E, 0x77, 0x11, 0x2F, 0x77, 0x0F, 0x2D, 0x76, 0x10, 0x2D, 0x76, 0x0F, 0x2C, 0x75, 
        0x0F, 0x2C, 0x75, 0x0F, 0x2C, 0x75, 0x0E, 0x2B, 0x74, 0x0E, 0x2A, 0x73, 0x0E, 0x2A, 0x72, 0x0E, 0x2B, 0x73, 0x0E, 0x2B, 0x73, 0x0E, 0x2A, 0x72, 0x0D, 0x2A, 0x71, 0x0D, 0x28, 0x6F, 0x0D, 0x27, 0x6E, 0x0D, 0x27, 0x6D, 0x0D, 0x27, 0x6D, 
        0x0D, 0x27, 0x6D, 0x0D, 0x27, 0x6D, 0x0D, 0x26, 0x6D, 0x0C, 0x26, 0x6D, 0x0D, 0x26, 0x6D, 0x0D, 0x26, 0x6D, 0x0C, 0x26, 0x6C, 0x0C, 0x26, 0x6C, 0x0C, 0x27, 0x6C, 0x0C, 0x27, 0x6D, 0x0C, 0x26, 0x6D, 0x0C, 0x27, 0x6D, 0x0C, 0x27, 0x6E, 
        0x0D, 0x27, 0x6E, 0x0D, 0x28, 0x6E, 0x0D, 0x29, 0x70, 0x0F, 0x2C, 0x73, 0x11, 0x30, 0x77, 0x14, 0x34, 0x79, 0x13, 0x34, 0x7A, 0x12, 0x31, 0x78, 0x12, 0x31, 0x78, 0x11, 0x31, 0x78, 0x11, 0x31, 0x78, 0x11, 0x30, 0x78, 0x11, 0x30, 0x78, 
        0x10, 0x30, 0x78, 0x10, 0x30, 0x78, 0x10, 0x30, 0x77, 0x10, 0x30, 0x77, 0x10, 0x30, 0x77, 0x18, 0x36, 0x7C, 0xDD, 0xE1, 0xEB, 0xFF, 0xFF, 0xFF, 0x92, 0x9F, 0xC1, 0x10, 0x2F, 0x77, 0x10, 0x2F, 0x77, 0x10, 0x2F, 0x77, 0x10, 0x2F, 0x77, 
        0x10, 0x2F, 0x77, 0x10, 0x2F, 0x77, 0x9A, 0xA7, 0xC6, 0xFF, 0xFF, 0xFF, 0xDA, 0xDE, 0xE9, 0x15, 0x33, 0x7A, 0x10, 0x2F, 0x77, 0x10, 0x2E, 0x77, 0x10, 0x2F, 0x77, 0x10, 0x2F, 0x77, 0x10, 0x30, 0x77, 0x10, 0x2F, 0x77, 0x10, 0x2F, 0x77, 
        0x10, 0x2F, 0x77, 0x10, 0x2F, 0x77, 0x10, 0x2F, 0x77, 0x10, 0x30, 0x77, 0x10, 0x30, 0x77, 0x10, 0x30, 0x77, 0x10, 0x2F, 0x77, 0x0F, 0x2F, 0x76, 0x0F, 0x2E, 0x76, 0x0F, 0x2E, 0x76, 0x0F, 0x2D, 0x75, 0x0F, 0x2D, 0x75, 0x0F, 0x2D, 0x75, 
        0x0E, 0x2D, 0x75, 0x0E, 0x2C, 0x74, 0x0E, 0x2D, 0x75, 0x0E, 0x2D, 0x75, 0x0E, 0x2C, 0x75, 0x0E, 0x2C, 0x74, 0x0E, 0x2C, 0x74, 0x0E, 0x2C, 0x74, 0x0E, 0x2C, 0x74, 0x0E, 0x2C, 0x74, 0x0E, 0x2C, 0x74, 0x0E, 0x2B, 0x73, 0x0E, 0x2B, 0x73, 
        0x0D, 0x2B, 0x73, 0x0D, 0x2B, 0x73, 0x0D, 0x2B, 0x73, 0x0D, 0x2B, 0x73, 0x0D, 0x2B, 0x73, 0x0D, 0x2B, 0x73, 0x0D, 0x2A, 0x72, 0x0D, 0x2A, 0x72, 0x0D, 0x2B, 0x73, 0x0D, 0x2B, 0x73, 0x0D, 0x2A, 0x73, 0x0E, 0x2C, 0x75, 0x0E, 0x2E, 0x76, 
        0x0E, 0x2C, 0x75, 0x0D, 0x2B, 0x74, 0x0D, 0x2B, 0x74, 0x0D, 0x2B, 0x74, 0x0D, 0x2B, 0x74, 0x0D, 0x2B, 0x74, 0x0E, 0x2C, 0x75, 0x0E, 0x2B, 0x75, 0x0E, 0x2C, 0x75, 0x0E, 0x2D, 0x76, 0x0E, 0x2D, 0x76, 0x0E, 0x2D, 0x76, 0x0E, 0x2C, 0x76, 
        0x0E, 0x2C, 0x75, 0x0D, 0x2C, 0x75, 0x0D, 0x2C, 0x75, 0x0D, 0x2B, 0x75, 0x0D, 0x2B, 0x74, 0x0D, 0x2A, 0x74, 0x0D, 0x2A, 0x72, 0x0C, 0x29, 0x71, 0x0C, 0x28, 0x71, 0x0C, 0x28, 0x71, 0x0C, 0x27, 0x70, 0x10, 0x33, 0x7A, 0x19, 0x3E, 0x7E, 
        0x1A, 0x3E, 0x7E, 0x11, 0x34, 0x7A, 0x0D, 0x28, 0x6E,
  0x5A, 0x8E, 0xD5, 0x19, 0x3B, 0x83, 0x17, 0x38, 0x7D, 0x17, 0x38, 0x7D, 0x16, 0x37, 0x7D, 0x16, 0x36, 0x7C, 0x16, 0x36, 0x7D, 0x16, 0x36, 0x7D, 0x15, 0x37, 0x7C, 0x16, 0x37, 0x7D, 0x16, 0x37, 0x7D, 0x16, 0x37, 0x7D, 0x16, 0x37, 0x7D, 0x16, 0x37, 0x7C, 
        0x16, 0x37, 0x7C, 0x16, 0x36, 0x7C, 0x15, 0x36, 0x7C, 0x16, 0x36, 0x7C, 0x16, 0x36, 0x7C, 0x16, 0x37, 0x7D, 0x14, 0x35, 0x7C, 0x10, 0x2F, 0x78, 0x10, 0x2F, 0x78, 0x11, 0x30, 0x79, 0x0F, 0x2D, 0x77, 0x10, 0x2F, 0x79, 0x0F, 0x2D, 0x77, 
        0x0F, 0x2E, 0x77, 0x0F, 0x2D, 0x77, 0x0E, 0x2B, 0x75, 0x0E, 0x2B, 0x74, 0x0D, 0x2A, 0x73, 0x0E, 0x2A, 0x74, 0x0E, 0x2C, 0x75, 0x0E, 0x2B, 0x74, 0x0D, 0x29, 0x72, 0x0D, 0x28, 0x70, 0x0D, 0x28, 0x70, 0x0D, 0x28, 0x6F, 0x0D, 0x28, 0x6F, 
        0x0D, 0x28, 0x6F, 0x0D, 0x28, 0x6F, 0x0D, 0x28, 0x6F, 0x0D, 0x27, 0x6E, 0x0C, 0x27, 0x6E, 0x0D, 0x27, 0x6F, 0x0D, 0x28, 0x6F, 0x0C, 0x27, 0x6E, 0x0C, 0x27, 0x6E, 0x0C, 0x27, 0x6E, 0x0D, 0x28, 0x6F, 0x0D, 0x28, 0x6F, 0x0D, 0x28, 0x6F, 
        0x0D, 0x29, 0x70, 0x0D, 0x29, 0x71, 0x0E, 0x2B, 0x72, 0x10, 0x2F, 0x77, 0x13, 0x33, 0x7A, 0x13, 0x33, 0x7A, 0x12, 0x33, 0x7A, 0x12, 0x33, 0x7B, 0x12, 0x32, 0x7A, 0x12, 0x32, 0x7A, 0x11, 0x32, 0x7A, 0x11, 0x32, 0x79, 0x11, 0x31, 0x79, 
        0x11, 0x31, 0x79, 0x10, 0x31, 0x79, 0x10, 0x31, 0x79, 0x10, 0x30, 0x79, 0x10, 0x30, 0x79, 0x10, 0x30, 0x79, 0x5D, 0x72, 0xA4, 0xFF, 0xFF, 0xFF, 0xF3, 0xF5, 0xF8, 0x1B, 0x3A, 0x7F, 0x10, 0x30, 0x78, 0x10, 0x30, 0x78, 0x10, 0x2F, 0x78, 
        0x10, 0x2F, 0x78, 0x1D, 0x3B, 0x81, 0xF4, 0xF6, 0xF8, 0xFF, 0xFF, 0xFF, 0x53, 0x6A, 0x9E, 0x10, 0x2F, 0x78, 0x10, 0x30, 0x79, 0x10, 0x30, 0x79, 0x10, 0x30, 0x79, 0x10, 0x2F, 0x78, 0x10, 0x30, 0x78, 0x0F, 0x2F, 0x77, 0x0F, 0x2F, 0x78, 
        0x10, 0x30, 0x78, 0x0F, 0x30, 0x78, 0x10, 0x30, 0x78, 0x10, 0x30, 0x79, 0x10, 0x30, 0x78, 0x10, 0x30, 0x79, 0x0F, 0x30, 0x78, 0x0F, 0x30, 0x78, 0x0F, 0x2F, 0x78, 0x0F, 0x2F, 0x77, 0x0F, 0x2E, 0x77, 0x0E, 0x2E, 0x76, 0x0E, 0x2D, 0x76, 
        0x0E, 0x2E, 0x77, 0x10, 0x31, 0x79, 0x0F, 0x2E, 0x78, 0x0E, 0x2D, 0x76, 0x0E, 0x2E, 0x77, 0x0E, 0x2D, 0x76, 0x0E, 0x2D, 0x76, 0x0E, 0x2D, 0x76, 0x0E, 0x2D, 0x76, 0x0E, 0x2D, 0x76, 0x0E, 0x2D, 0x75, 0x0E, 0x2C, 0x75, 0x0E, 0x2C, 0x75, 
        0x0D, 0x2C, 0x75, 0x0E, 0x2C, 0x75, 0x0E, 0x2C, 0x75, 0x0D, 0x2C, 0x75, 0x0D, 0x2C, 0x75, 0x0D, 0x2B, 0x74, 0x0D, 0x2C, 0x74, 0x0D, 0x2C, 0x75, 0x0D, 0x2B, 0x74, 0x0D, 0x2B, 0x75, 0x0D, 0x2C, 0x75, 0x0D, 0x2C, 0x75, 0x0D, 0x2C, 0x76, 
        0x0D, 0x2C, 0x76, 0x0D, 0x2C, 0x75, 0x0D, 0x2C, 0x75, 0x0D, 0x2C, 0x75, 0x0D, 0x2C, 0x76, 0x0E, 0x2E, 0x77, 0x0F, 0x2F, 0x78, 0x0F, 0x30, 0x79, 0x0E, 0x2D, 0x77, 0x0E, 0x2D, 0x77, 0x0E, 0x2E, 0x78, 0x0E, 0x2D, 0x77, 0x0E, 0x2D, 0x77, 
        0x0E, 0x2D, 0x77, 0x0E, 0x2D, 0x77, 0x0D, 0x2D, 0x77, 0x0D, 0x2C, 0x76, 0x0D, 0x2C, 0x76, 0x0D, 0x2B, 0x75, 0x0D, 0x2A, 0x73, 0x0C, 0x2A, 0x73, 0x0C, 0x29, 0x73, 0x0C, 0x29, 0x73, 0x0C, 0x29, 0x73, 0x15, 0x3A, 0x7F, 0x1B, 0x40, 0x7F, 
        0x14, 0x39, 0x7E, 0x0E, 0x2D, 0x76, 0x0C, 0x28, 0x6E,
  0x5D, 0x91, 0xD5, 0x18, 0x3C, 0x84, 0x16, 0x37, 0x7F, 0x16, 0x38, 0x7F, 0x16, 0x37, 0x7F, 0x16, 0x37, 0x7F, 0x16, 0x38, 0x7F, 0x16, 0x37, 0x7F, 0x16, 0x38, 0x7F, 0x16, 0x38, 0x7F, 0x16, 0x37, 0x7F, 0x16, 0x37, 0x7F, 0x16, 0x38, 0x7F, 0x16, 0x38, 0x7F, 
        0x16, 0x38, 0x7F, 0x16, 0x37, 0x7F, 0x16, 0x37, 0x7F, 0x16, 0x38, 0x7F, 0x16, 0x37, 0x7F, 0x16, 0x38, 0x7F, 0x14, 0x36, 0x7E, 0x10, 0x30, 0x7B, 0x11, 0x31, 0x7C, 0x11, 0x31, 0x7C, 0x0F, 0x2E, 0x79, 0x10, 0x30, 0x7B, 0x10, 0x2F, 0x7A, 
        0x0F, 0x2E, 0x79, 0x0E, 0x2D, 0x77, 0x0E, 0x2C, 0x77, 0x0F, 0x2D, 0x78, 0x0E, 0x2C, 0x77, 0x0D, 0x2B, 0x76, 0x0E, 0x2B, 0x76, 0x0E, 0x2C, 0x76, 0x0D, 0x2A, 0x74, 0x0D, 0x29, 0x72, 0x0D, 0x29, 0x72, 0x0D, 0x29, 0x72, 0x0D, 0x29, 0x71, 
        0x0D, 0x28, 0x71, 0x0D, 0x28, 0x71, 0x0D, 0x28, 0x71, 0x0D, 0x28, 0x71, 0x0D, 0x28, 0x71, 0x0D, 0x28, 0x71, 0x0D, 0x28, 0x71, 0x0C, 0x28, 0x71, 0x0C, 0x28, 0x70, 0x0C, 0x28, 0x71, 0x0D, 0x29, 0x71, 0x0D, 0x29, 0x72, 0x0D, 0x28, 0x72, 
        0x0D, 0x2A, 0x73, 0x0E, 0x2B, 0x75, 0x0E, 0x2C, 0x76, 0x0F, 0x2E, 0x78, 0x12, 0x34, 0x7D, 0x13, 0x34, 0x7D, 0x12, 0x34, 0x7D, 0x12, 0x34, 0x7D, 0x12, 0x34, 0x7D, 0x12, 0x33, 0x7D, 0x12, 0x33, 0x7C, 0x11, 0x33, 0x7C, 0x11, 0x32, 0x7C, 
        0x11, 0x32, 0x7C, 0x11, 0x32, 0x7B, 0x10, 0x32, 0x7B, 0x10, 0x31, 0x7B, 0x10, 0x31, 0x7B, 0x10, 0x31, 0x7B, 0x13, 0x34, 0x7D, 0xE3, 0xE8, 0xF0, 0xFF, 0xFF, 0xFF, 0x62, 0x76, 0xA8, 0x10, 0x30, 0x7B, 0x10, 0x31, 0x7B, 0x10, 0x30, 0x7A, 
        0x10, 0x30, 0x7B, 0x70, 0x83, 0xB0, 0xFF, 0xFF, 0xFF, 0xD6, 0xDC, 0xE8, 0x10, 0x31, 0x7B, 0x10, 0x30, 0x7B, 0x10, 0x30, 0x7B, 0x10, 0x30, 0x7B, 0x10, 0x31, 0x7B, 0x10, 0x30, 0x7A, 0x10, 0x30, 0x7A, 0x10, 0x30, 0x7A, 0x10, 0x30, 0x7A, 
        0x10, 0x30, 0x7B, 0x10, 0x30, 0x7B, 0x10, 0x31, 0x7B, 0x10, 0x30, 0x7B, 0x0F, 0x30, 0x7B, 0x0F, 0x30, 0x7A, 0x0F, 0x30, 0x7A, 0x0F, 0x30, 0x7A, 0x0F, 0x30, 0x7A, 0x0F, 0x2F, 0x79, 0x0F, 0x2F, 0x79, 0x0F, 0x2F, 0x79, 0x0F, 0x2E, 0x79, 
        0x0F, 0x2F, 0x7A, 0x10, 0x32, 0x7C, 0x0F, 0x30, 0x7A, 0x0E, 0x2E, 0x79, 0x0E, 0x2F, 0x79, 0x0E, 0x2E, 0x79, 0x0E, 0x2E, 0x78, 0x0E, 0x2E, 0x79, 0x0E, 0x2E, 0x79, 0x0E, 0x2E, 0x79, 0x0E, 0x2E, 0x78, 0x0E, 0x2E, 0x78, 0x0E, 0x2D, 0x78, 
        0x0E, 0x2D, 0x78, 0x0D, 0x2D, 0x77, 0x0D, 0x2D, 0x77, 0x0E, 0x2D, 0x78, 0x0D, 0x2C, 0x76, 0x0D, 0x2B, 0x75, 0x0D, 0x2C, 0x76, 0x0D, 0x2C, 0x76, 0x0D, 0x2C, 0x76, 0x0D, 0x2C, 0x76, 0x0E, 0x2E, 0x79, 0x0D, 0x2C, 0x77, 0x0D, 0x2C, 0x77, 
        0x0D, 0x2C, 0x77, 0x0D, 0x2D, 0x77, 0x0D, 0x2D, 0x78, 0x0D, 0x2C, 0x77, 0x0D, 0x2D, 0x78, 0x0E, 0x2E, 0x79, 0x0F, 0x31, 0x7B, 0x10, 0x32, 0x7C, 0x0E, 0x2F, 0x7A, 0x0E, 0x2E, 0x79, 0x0E, 0x2E, 0x7A, 0x0E, 0x2F, 0x7A, 0x0E, 0x2F, 0x7A, 
        0x0E, 0x2E, 0x7A, 0x0E, 0x2E, 0x79, 0x0D, 0x2D, 0x79, 0x0D, 0x2D, 0x79, 0x0D, 0x2D, 0x79, 0x0D, 0x2C, 0x78, 0x0D, 0x2B, 0x77, 0x0D, 0x2B, 0x77, 0x0C, 0x2B, 0x76, 0x0C, 0x29, 0x74, 0x0C, 0x2A, 0x75, 0x11, 0x35, 0x7E, 0x11, 0x36, 0x7E, 
        0x0C, 0x2B, 0x76, 0x0C, 0x26, 0x6F, 0x0C, 0x2A, 0x71,
  0x65, 0x99, 0xD8, 0x1A, 0x3E, 0x87, 0x16, 0x38, 0x81, 0x16, 0x39, 0x81, 0x16, 0x39, 0x81, 0x17, 0x39, 0x81, 0x16, 0x39, 0x81, 0x16, 0x39, 0x81, 0x16, 0x39, 0x81, 0x16, 0x39, 0x81, 0x16, 0x38, 0x81, 0x16, 0x38, 0x81, 0x16, 0x38, 0x81, 0x16, 0x39, 0x81, 
        0x17, 0x39, 0x81, 0x17, 0x39, 0x80, 0x16, 0x38, 0x80, 0x16, 0x38, 0x80, 0x16, 0x38, 0x80, 0x16, 0x39, 0x81, 0x14, 0x36, 0x80, 0x10, 0x31, 0x7D, 0x11, 0x31, 0x7D, 0x10, 0x31, 0x7C, 0x10, 0x30, 0x7C, 0x10, 0x30, 0x7B, 0x0F, 0x2F, 0x7A, 
        0x0F, 0x2F, 0x7A, 0x0F, 0x2E, 0x7A, 0x0F, 0x2E, 0x7A, 0x0F, 0x2E, 0x7A, 0x0F, 0x2E, 0x7A, 0x0E, 0x2D, 0x78, 0x0E, 0x2C, 0x77, 0x0D, 0x2B, 0x76, 0x0D, 0x2A, 0x74, 0x0D, 0x2A, 0x74, 0x0D, 0x2A, 0x74, 0x0D, 0x2A, 0x74, 0x0D, 0x2A, 0x73, 
        0x0D, 0x29, 0x73, 0x0D, 0x29, 0x73, 0x0D, 0x29, 0x73, 0x0D, 0x29, 0x73, 0x0D, 0x29, 0x73, 0x0D, 0x29, 0x72, 0x0D, 0x29, 0x72, 0x0D, 0x29, 0x73, 0x0D, 0x29, 0x73, 0x0D, 0x2A, 0x73, 0x0D, 0x29, 0x73, 0x0D, 0x2A, 0x74, 0x0D, 0x2A, 0x74, 
        0x0D, 0x2B, 0x75, 0x0E, 0x2B, 0x76, 0x10, 0x31, 0x7B, 0x14, 0x36, 0x7F, 0x14, 0x37, 0x80, 0x13, 0x35, 0x7F, 0x13, 0x35, 0x7F, 0x12, 0x35, 0x7E, 0x12, 0x34, 0x7E, 0x12, 0x34, 0x7E, 0x12, 0x34, 0x7E, 0x11, 0x33, 0x7D, 0x11, 0x33, 0x7D, 
        0x11, 0x33, 0x7D, 0x11, 0x33, 0x7D, 0x11, 0x33, 0x7D, 0x10, 0x32, 0x7D, 0x10, 0x32, 0x7D, 0x10, 0x32, 0x7D, 0x10, 0x32, 0x7C, 0xA6, 0xB2, 0xCE, 0xFF, 0xFF, 0xFF, 0xDF, 0xE4, 0xEE, 0xAF, 0xBB, 0xD3, 0xAF, 0xBB, 0xD3, 0xAF, 0xBB, 0xD3, 
        0xAF, 0xBB, 0xD3, 0xE2, 0xE6, 0xF0, 0xFF, 0xFF, 0xFF, 0x9A, 0xA8, 0xC8, 0x10, 0x32, 0x7C, 0x10, 0x31, 0x7C, 0x10, 0x31, 0x7C, 0x10, 0x31, 0x7C, 0x10, 0x31, 0x7C, 0x10, 0x31, 0x7C, 0x0F, 0x31, 0x7C, 0x0F, 0x31, 0x7C, 0x0F, 0x31, 0x7C, 
        0x10, 0x31, 0x7C, 0x10, 0x31, 0x7C, 0x10, 0x31, 0x7C, 0x10, 0x31, 0x7C, 0x10, 0x31, 0x7C, 0x0F, 0x31, 0x7C, 0x0F, 0x31, 0x7C, 0x0F, 0x31, 0x7B, 0x0F, 0x30, 0x7B, 0x0F, 0x30, 0x7B, 0x0F, 0x30, 0x7B, 0x0F, 0x30, 0x7B, 0x0E, 0x30, 0x7B, 
        0x0E, 0x30, 0x7B, 0x0E, 0x2F, 0x7B, 0x0E, 0x2F, 0x7B, 0x0F, 0x30, 0x7B, 0x0F, 0x30, 0x7B, 0x0F, 0x30, 0x7B, 0x0F, 0x30, 0x7C, 0x0E, 0x2F, 0x7B, 0x0E, 0x2F, 0x7B, 0x0E, 0x2F, 0x7A, 0x0E, 0x2F, 0x7A, 0x0E, 0x2F, 0x7A, 0x0E, 0x2E, 0x79, 
        0x0E, 0x2E, 0x79, 0x0E, 0x2E, 0x79, 0x0D, 0x2E, 0x79, 0x0D, 0x2E, 0x78, 0x0E, 0x2F, 0x79, 0x10, 0x34, 0x7D, 0x0E, 0x2F, 0x7A, 0x0D, 0x2D, 0x78, 0x0E, 0x2D, 0x78, 0x0D, 0x2D, 0x78, 0x0D, 0x2D, 0x78, 0x0D, 0x2D, 0x78, 0x0D, 0x2D, 0x78, 
        0x0D, 0x2D, 0x78, 0x0D, 0x2E, 0x79, 0x0D, 0x2E, 0x79, 0x0E, 0x2E, 0x79, 0x0E, 0x2E, 0x79, 0x0E, 0x2D, 0x79, 0x0E, 0x2E, 0x7A, 0x0E, 0x2F, 0x7A, 0x0E, 0x2E, 0x7A, 0x0E, 0x2F, 0x7C, 0x0E, 0x2F, 0x7B, 0x0E, 0x2F, 0x7B, 0x0E, 0x2F, 0x7B, 
        0x0E, 0x2F, 0x7B, 0x0E, 0x2F, 0x7B, 0x0E, 0x2F, 0x7B, 0x0E, 0x2E, 0x7B, 0x0D, 0x2E, 0x7A, 0x0D, 0x2D, 0x7A, 0x0D, 0x2D, 0x79, 0x0D, 0x2C, 0x79, 0x0D, 0x2C, 0x78, 0x0C, 0x2A, 0x76, 0x0C, 0x2A, 0x75, 0x0C, 0x2A, 0x75, 0x0C, 0x29, 0x73, 
        0x0C, 0x28, 0x72, 0x0C, 0x28, 0x71, 0x0C, 0x2B, 0x73,
  0x61, 0x95, 0xD7, 0x1A, 0x3E, 0x88, 0x16, 0x39, 0x82, 0x17, 0x39, 0x83, 0x17, 0x39, 0x83, 0x17, 0x39, 0x83, 0x17, 0x39, 0x82, 0x17, 0x39, 0x82, 0x17, 0x39, 0x82, 0x16, 0x39, 0x82, 0x16, 0x39, 0x82, 0x16, 0x39, 0x82, 0x16, 0x39, 0x82, 0x16, 0x39, 0x82, 
        0x17, 0x39, 0x82, 0x17, 0x39, 0x83, 0x17, 0x39, 0x82, 0x16, 0x38, 0x82, 0x16, 0x38, 0x82, 0x16, 0x39, 0x82, 0x14, 0x35, 0x81, 0x11, 0x32, 0x7F, 0x11, 0x32, 0x7F, 0x10, 0x31, 0x7E, 0x10, 0x31, 0x7E, 0x10, 0x2F, 0x7D, 0x0F, 0x2E, 0x7B, 
        0x0F, 0x2E, 0x7C, 0x0F, 0x2F, 0x7C, 0x0E, 0x2D, 0x7A, 0x0E, 0x2D, 0x7A, 0x0E, 0x2D, 0x7A, 0x0E, 0x2D, 0x7A, 0x0E, 0x2C, 0x79, 0x0D, 0x2B, 0x77, 0x0D, 0x2A, 0x75, 0x0D, 0x2A, 0x76, 0x0D, 0x2A, 0x75, 0x0D, 0x29, 0x75, 0x0D, 0x29, 0x75, 
        0x0D, 0x29, 0x75, 0x0D, 0x29, 0x75, 0x0D, 0x29, 0x75, 0x0D, 0x2A, 0x75, 0x0D, 0x29, 0x75, 0x0D, 0x29, 0x75, 0x0D, 0x2A, 0x75, 0x0D, 0x2A, 0x75, 0x0D, 0x2A, 0x75, 0x0D, 0x2A, 0x75, 0x0C, 0x29, 0x75, 0x0D, 0x2A, 0x75, 0x0D, 0x2A, 0x76, 
        0x0D, 0x2B, 0x77, 0x10, 0x2F, 0x7B, 0x13, 0x36, 0x80, 0x16, 0x39, 0x82, 0x13, 0x36, 0x81, 0x14, 0x37, 0x81, 0x13, 0x36, 0x81, 0x12, 0x34, 0x80, 0x12, 0x35, 0x80, 0x12, 0x34, 0x80, 0x12, 0x34, 0x80, 0x12, 0x34, 0x80, 0x11, 0x33, 0x7F, 
        0x11, 0x33, 0x7F, 0x11, 0x33, 0x7F, 0x11, 0x33, 0x7F, 0x11, 0x32, 0x7E, 0x10, 0x32, 0x7E, 0x10, 0x32, 0x7E, 0x10, 0x32, 0x7E, 0x8F, 0x9F, 0xC3, 0xFF, 0xFF, 0xFF, 0xFF, 0xFF, 0xFF, 0xFF, 0xFF, 0xFF, 0xFF, 0xFF, 0xFF, 0xFF, 0xFF, 0xFF, 
        0xFF, 0xFF, 0xFF, 0xFF, 0xFF, 0xFF, 0xFF, 0xFF, 0xFF, 0x85, 0x96, 0xBD, 0x10, 0x31, 0x7E, 0x10, 0x31, 0x7E, 0x10, 0x31, 0x7E, 0x10, 0x31, 0x7E, 0x10, 0x31, 0x7E, 0x10, 0x31, 0x7D, 0x10, 0x31, 0x7D, 0x10, 0x31, 0x7E, 0x10, 0x31, 0x7E, 
        0x10, 0x31, 0x7E, 0x10, 0x31, 0x7E, 0x10, 0x31, 0x7E, 0x10, 0x31, 0x7E, 0x10, 0x31, 0x7E, 0x0F, 0x31, 0x7D, 0x0F, 0x30, 0x7D, 0x0F, 0x30, 0x7D, 0x0F, 0x30, 0x7D, 0x0F, 0x30, 0x7D, 0x0F, 0x30, 0x7C, 0x0F, 0x2F, 0x7C, 0x0F, 0x30, 0x7D, 
        0x0F, 0x31, 0x7D, 0x0F, 0x30, 0x7D, 0x0F, 0x2F, 0x7C, 0x0F, 0x30, 0x7D, 0x0F, 0x31, 0x7D, 0x10, 0x32, 0x7E, 0x10, 0x33, 0x7F, 0x0F, 0x31, 0x7E, 0x0E, 0x2F, 0x7D, 0x0E, 0x2F, 0x7D, 0x0E, 0x2F, 0x7C, 0x0E, 0x2F, 0x7B, 0x0E, 0x2F, 0x7B, 
        0x0E, 0x2E, 0x7B, 0x0E, 0x2E, 0x7B, 0x0E, 0x2E, 0x7A, 0x0D, 0x2D, 0x79, 0x0E, 0x2F, 0x7C, 0x11, 0x36, 0x80, 0x0E, 0x2F, 0x7C, 0x0D, 0x2C, 0x79, 0x0D, 0x2D, 0x7A, 0x0D, 0x2D, 0x79, 0x0D, 0x2C, 0x78, 0x0D, 0x2D, 0x79, 0x0E, 0x2E, 0x7B, 
        0x0D, 0x2E, 0x7A, 0x0E, 0x2E, 0x7A, 0x0D, 0x2E, 0x7B, 0x0E, 0x2E, 0x7B, 0x0E, 0x2E, 0x7B, 0x0E, 0x2E, 0x7B, 0x0E, 0x2E, 0x7C, 0x0E, 0x2E, 0x7C, 0x0E, 0x2F, 0x7C, 0x0F, 0x33, 0x7F, 0x0F, 0x33, 0x7F, 0x0E, 0x2F, 0x7D, 0x0E, 0x2F, 0x7D, 
        0x0E, 0x2F, 0x7D, 0x0E, 0x31, 0x7E, 0x0F, 0x33, 0x7F, 0x0E, 0x2F, 0x7D, 0x0E, 0x2E, 0x7C, 0x0D, 0x2D, 0x7B, 0x0D, 0x2D, 0x7B, 0x0D, 0x2C, 0x7A, 0x0C, 0x2C, 0x79, 0x0D, 0x2C, 0x7A, 0x0C, 0x2B, 0x78, 0x0C, 0x29, 0x76, 0x0C, 0x29, 0x75, 
        0x0C, 0x28, 0x74, 0x0C, 0x29, 0x74, 0x0C, 0x2B, 0x75,
  0x5F, 0x91, 0xD6, 0x1A, 0x3E, 0x89, 0x17, 0x3A, 0x84, 0x17, 0x3A, 0x84, 0x17, 0x3A, 0x84, 0x17, 0x3A, 0x84, 0x17, 0x3A, 0x84, 0x17, 0x3A, 0x84, 0x17, 0x3A, 0x84, 0x17, 0x3A, 0x84, 0x17, 0x3A, 0x84, 0x17, 0x3A, 0x84, 0x17, 0x3A, 0x84, 0x17, 0x3A, 0x84, 
        0x17, 0x3A, 0x84, 0x16, 0x39, 0x84, 0x17, 0x3A, 0x84, 0x17, 0x3A, 0x84, 0x16, 0x39, 0x84, 0x16, 0x3A, 0x84, 0x13, 0x36, 0x82, 0x11, 0x32, 0x80, 0x11, 0x33, 0x81, 0x11, 0x32, 0x80, 0x10, 0x31, 0x7F, 0x10, 0x30, 0x7E, 0x0F, 0x2F, 0x7D, 
        0x0F, 0x2E, 0x7C, 0x0F, 0x2F, 0x7D, 0x0E, 0x2D, 0x7B, 0x0E, 0x2D, 0x7B, 0x0E, 0x2E, 0x7B, 0x0E, 0x2D, 0x7B, 0x0D, 0x2C, 0x7A, 0x0D, 0x2B, 0x78, 0x0D, 0x2A, 0x77, 0x0D, 0x2B, 0x77, 0x0D, 0x2B, 0x77, 0x0D, 0x2A, 0x76, 0x0D, 0x2A, 0x76, 
        0x0D, 0x2A, 0x77, 0x0D, 0x2A, 0x77, 0x0D, 0x2A, 0x77, 0x0D, 0x2A, 0x76, 0x0D, 0x2A, 0x76, 0x0D, 0x2A, 0x77, 0x0D, 0x2A, 0x76, 0x0D, 0x2A, 0x75, 0x0D, 0x2A, 0x76, 0x0D, 0x2A, 0x77, 0x0D, 0x2A, 0x77, 0x0D, 0x2B, 0x77, 0x0D, 0x2B, 0x78, 
        0x0F, 0x2F, 0x7C, 0x12, 0x34, 0x80, 0x15, 0x38, 0x83, 0x15, 0x39, 0x83, 0x13, 0x36, 0x82, 0x14, 0x39, 0x84, 0x14, 0x38, 0x83, 0x12, 0x35, 0x82, 0x12, 0x35, 0x82, 0x12, 0x35, 0x81, 0x12, 0x35, 0x81, 0x12, 0x34, 0x81, 0x12, 0x34, 0x81, 
        0x11, 0x34, 0x81, 0x11, 0x34, 0x81, 0x11, 0x34, 0x81, 0x11, 0x33, 0x80, 0x11, 0x33, 0x80, 0x11, 0x33, 0x80, 0x10, 0x33, 0x80, 0x54, 0x6D, 0xA4, 0xB6, 0xC0, 0xD8, 0xE3, 0xE8, 0xF1, 0xFF, 0xFF, 0xFF, 0xFF, 0xFF, 0xFF, 0xFF, 0xFF, 0xFF, 
        0xFF, 0xFF, 0xFF, 0xFF, 0xFF, 0xFF, 0xFF, 0xFF, 0xFF, 0x81, 0x92, 0xBB, 0x10, 0x32, 0x7F, 0x10, 0x32, 0x7F, 0x10, 0x32, 0x7F, 0x10, 0x32, 0x7F, 0x10, 0x32, 0x80, 0x10, 0x32, 0x80, 0x10, 0x32, 0x7F, 0x10, 0x32, 0x7F, 0x10, 0x32, 0x7F, 
        0x10, 0x32, 0x7F, 0x10, 0x32, 0x80, 0x10, 0x32, 0x80, 0x10, 0x32, 0x80, 0x10, 0x32, 0x7F, 0x0F, 0x32, 0x7F, 0x0F, 0x31, 0x7F, 0x0F, 0x31, 0x7F, 0x0F, 0x31, 0x7E, 0x0F, 0x31, 0x7F, 0x0F, 0x31, 0x7E, 0x10, 0x33, 0x80, 0x11, 0x35, 0x81, 
        0x11, 0x36, 0x82, 0x11, 0x36, 0x82, 0x10, 0x33, 0x80, 0x0F, 0x31, 0x7E, 0x0F, 0x31, 0x7F, 0x10, 0x32, 0x80, 0x10, 0x33, 0x80, 0x0F, 0x32, 0x7F, 0x0F, 0x31, 0x7F, 0x0F, 0x31, 0x7F, 0x0F, 0x31, 0x7E, 0x0E, 0x30, 0x7D, 0x0E, 0x2F, 0x7D, 
        0x0E, 0x30, 0x7D, 0x0E, 0x2F, 0x7C, 0x0E, 0x2F, 0x7C, 0x0E, 0x2F, 0x7D, 0x0D, 0x2E, 0x7B, 0x0D, 0x2E, 0x7B, 0x0D, 0x2E, 0x7B, 0x0D, 0x2D, 0x7B, 0x0D, 0x2E, 0x7B, 0x0D, 0x2E, 0x7B, 0x0E, 0x2E, 0x7C, 0x0D, 0x2E, 0x7B, 0x0D, 0x2E, 0x7C, 
        0x0E, 0x2E, 0x7C, 0x0D, 0x2E, 0x7C, 0x0E, 0x2E, 0x7C, 0x0E, 0x2F, 0x7D, 0x0E, 0x2E, 0x7D, 0x0E, 0x2E, 0x7D, 0x0E, 0x2F, 0x7D, 0x0E, 0x2F, 0x7D, 0x0E, 0x30, 0x7E, 0x10, 0x34, 0x81, 0x10, 0x34, 0x81, 0x0E, 0x31, 0x7F, 0x0E, 0x30, 0x7F, 
        0x0E, 0x30, 0x7F, 0x0E, 0x31, 0x7F, 0x0F, 0x33, 0x80, 0x0E, 0x30, 0x7F, 0x0D, 0x2E, 0x7E, 0x0D, 0x2E, 0x7D, 0x0D, 0x2E, 0x7D, 0x0D, 0x2D, 0x7C, 0x0D, 0x2D, 0x7B, 0x0C, 0x2C, 0x7B, 0x0C, 0x2C, 0x7A, 0x0C, 0x2B, 0x79, 0x0C, 0x2A, 0x77, 
        0x0C, 0x29, 0x76, 0x0C, 0x2A, 0x76, 0x0C, 0x2C, 0x76,
  0x60, 0x92, 0xD6, 0x1A, 0x3F, 0x8B, 0x17, 0x3B, 0x86, 0x17, 0x3B, 0x86, 0x17, 0x3B, 0x86, 0x17, 0x3B, 0x86, 0x17, 0x3B, 0x86, 0x17, 0x3B, 0x86, 0x17, 0x3B, 0x86, 0x17, 0x3B, 0x86, 0x17, 0x3B, 0x86, 0x17, 0x3B, 0x86, 0x17, 0x3B, 0x86, 0x17, 0x3B, 0x85, 
        0x17, 0x3B, 0x86, 0x17, 0x3A, 0x85, 0x16, 0x3A, 0x85, 0x17, 0x3B, 0x86, 0x16, 0x3A, 0x86, 0x16, 0x3A, 0x85, 0x12, 0x34, 0x82, 0x10, 0x31, 0x80, 0x11, 0x34, 0x82, 0x11, 0x34, 0x82, 0x10, 0x32, 0x81, 0x10, 0x31, 0x80, 0x10, 0x32, 0x80, 
        0x10, 0x31, 0x7F, 0x0F, 0x30, 0x7F, 0x0F, 0x2F, 0x7E, 0x0F, 0x2F, 0x7E, 0x0F, 0x2F, 0x7E, 0x0E, 0x2E, 0x7C, 0x0D, 0x2C, 0x7B, 0x0D, 0x2C, 0x7A, 0x0D, 0x2C, 0x79, 0x0D, 0x2C, 0x79, 0x0D, 0x2B, 0x79, 0x0D, 0x2B, 0x78, 0x0D, 0x2B, 0x79, 
        0x0D, 0x2B, 0x78, 0x0D, 0x2B, 0x78, 0x0D, 0x2B, 0x78, 0x0D, 0x2B, 0x78, 0x0D, 0x2B, 0x78, 0x0D, 0x2B, 0x78, 0x0D, 0x2B, 0x78, 0x0D, 0x2B, 0x78, 0x0D, 0x2B, 0x78, 0x0D, 0x2B, 0x78, 0x0C, 0x2B, 0x78, 0x0D, 0x2C, 0x79, 0x0E, 0x2E, 0x7B, 
        0x10, 0x31, 0x7E, 0x13, 0x36, 0x83, 0x14, 0x39, 0x84, 0x13, 0x37, 0x84, 0x13, 0x37, 0x84, 0x13, 0x37, 0x84, 0x13, 0x37, 0x84, 0x13, 0x37, 0x84, 0x13, 0x37, 0x84, 0x12, 0x36, 0x83, 0x12, 0x36, 0x83, 0x12, 0x36, 0x83, 0x12, 0x35, 0x83, 
        0x12, 0x35, 0x83, 0x11, 0x35, 0x83, 0x11, 0x35, 0x82, 0x11, 0x34, 0x82, 0x11, 0x34, 0x82, 0x11, 0x34, 0x82, 0x11, 0x34, 0x82, 0x3B, 0x58, 0x97, 0x60, 0x77, 0xAB, 0x60, 0x77, 0xAB, 0x73, 0x88, 0xB5, 0xA3, 0xB0, 0xCF, 0xD3, 0xDA, 0xE8, 
        0xFF, 0xFF, 0xFF, 0xFF, 0xFF, 0xFF, 0xFF, 0xFF, 0xFF, 0x81, 0x93, 0xBC, 0x10, 0x33, 0x81, 0x10, 0x33, 0x81, 0x10, 0x33, 0x81, 0x10, 0x33, 0x81, 0x10, 0x33, 0x81, 0x10, 0x33, 0x81, 0x10, 0x33, 0x81, 0x10, 0x33, 0x81, 0x10, 0x33, 0x81, 
        0x10, 0x33, 0x81, 0x10, 0x33, 0x81, 0x10, 0x33, 0x81, 0x10, 0x33, 0x81, 0x10, 0x33, 0x81, 0x10, 0x32, 0x81, 0x0F, 0x33, 0x81, 0x0F, 0x32, 0x80, 0x0F, 0x31, 0x7F, 0x0F, 0x32, 0x80, 0x0F, 0x32, 0x81, 0x11, 0x37, 0x83, 0x13, 0x39, 0x85, 
        0x13, 0x39, 0x84, 0x12, 0x38, 0x84, 0x10, 0x34, 0x82, 0x0F, 0x32, 0x81, 0x0F, 0x33, 0x81, 0x0F, 0x33, 0x81, 0x0F, 0x32, 0x81, 0x0F, 0x32, 0x81, 0x0F, 0x32, 0x81, 0x0F, 0x32, 0x80, 0x0F, 0x31, 0x7F, 0x0F, 0x31, 0x7F, 0x0E, 0x30, 0x7E, 
        0x0E, 0x30, 0x7E, 0x0E, 0x30, 0x7F, 0x0E, 0x30, 0x7E, 0x0D, 0x2F, 0x7D, 0x0D, 0x2F, 0x7D, 0x0D, 0x2F, 0x7D, 0x0E, 0x2F, 0x7D, 0x0E, 0x30, 0x7E, 0x0E, 0x30, 0x7E, 0x0E, 0x30, 0x7E, 0x0E, 0x30, 0x7E, 0x0D, 0x2F, 0x7D, 0x0D, 0x2F, 0x7D, 
        0x0D, 0x2F, 0x7D, 0x0D, 0x2F, 0x7D, 0x0E, 0x2F, 0x7E, 0x0E, 0x2F, 0x7E, 0x0E, 0x2F, 0x7E, 0x0E, 0x2F, 0x7E, 0x0E, 0x30, 0x7F, 0x0E, 0x30, 0x7F, 0x0E, 0x30, 0x7F, 0x0E, 0x32, 0x80, 0x0E, 0x32, 0x81, 0x0E, 0x30, 0x80, 0x0E, 0x32, 0x81, 
        0x0E, 0x31, 0x81, 0x0E, 0x31, 0x80, 0x0E, 0x31, 0x80, 0x0E, 0x30, 0x80, 0x0E, 0x30, 0x80, 0x0D, 0x2F, 0x7F, 0x0D, 0x2F, 0x7F, 0x0D, 0x2E, 0x7E, 0x0D, 0x2E, 0x7D, 0x0C, 0x2D, 0x7C, 0x0C, 0x2C, 0x7B, 0x0C, 0x2C, 0x7A, 0x0C, 0x2B, 0x79, 
        0x0C, 0x2A, 0x78, 0x0C, 0x2A, 0x77, 0x0C, 0x2D, 0x78,
  0x61, 0x94, 0xD6, 0x1B, 0x41, 0x8D, 0x17, 0x3C, 0x88, 0x17, 0x3C, 0x87, 0x17, 0x3C, 0x87, 0x17, 0x3C, 0x87, 0x17, 0x3C, 0x87, 0x18, 0x3C, 0x87, 0x17, 0x3C, 0x87, 0x17, 0x3C, 0x88, 0x17, 0x3C, 0x88, 0x17, 0x3C, 0x88, 0x17, 0x3C, 0x87, 0x17, 0x3C, 0x87, 
        0x17, 0x3B, 0x87, 0x16, 0x3B, 0x87, 0x16, 0x3B, 0x87, 0x16, 0x3B, 0x87, 0x17, 0x3C, 0x87, 0x16, 0x3B, 0x87, 0x13, 0x36, 0x84, 0x10, 0x33, 0x82, 0x11, 0x34, 0x84, 0x12, 0x35, 0x84, 0x10, 0x33, 0x82, 0x10, 0x32, 0x81, 0x10, 0x32, 0x82, 
        0x10, 0x31, 0x81, 0x0F, 0x30, 0x7F, 0x0F, 0x30, 0x7F, 0x0F, 0x31, 0x80, 0x0F, 0x30, 0x7F, 0x0E, 0x2E, 0x7D, 0x0D, 0x2D, 0x7C, 0x0D, 0x2D, 0x7B, 0x0D, 0x2C, 0x7B, 0x0D, 0x2D, 0x7B, 0x0D, 0x2C, 0x7A, 0x0D, 0x2C, 0x7A, 0x0D, 0x2C, 0x7A, 
        0x0D, 0x2C, 0x7A, 0x0D, 0x2C, 0x7A, 0x0D, 0x2C, 0x7A, 0x0D, 0x2C, 0x7A, 0x0D, 0x2C, 0x7A, 0x0D, 0x2C, 0x79, 0x0D, 0x2C, 0x79, 0x0D, 0x2C, 0x7A, 0x0D, 0x2C, 0x7A, 0x0D, 0x2C, 0x7A, 0x0D, 0x2C, 0x7A, 0x0E, 0x2E, 0x7C, 0x0F, 0x31, 0x7F, 
        0x11, 0x35, 0x82, 0x12, 0x35, 0x83, 0x11, 0x34, 0x82, 0x13, 0x38, 0x85, 0x13, 0x39, 0x86, 0x13, 0x38, 0x86, 0x13, 0x38, 0x86, 0x13, 0x38, 0x85, 0x13, 0x38, 0x85, 0x13, 0x37, 0x85, 0x13, 0x37, 0x85, 0x12, 0x37, 0x85, 0x12, 0x37, 0x85, 
        0x12, 0x36, 0x84, 0x12, 0x36, 0x84, 0x12, 0x36, 0x84, 0x11, 0x36, 0x84, 0x11, 0x35, 0x84, 0x11, 0x35, 0x83, 0x11, 0x35, 0x83, 0x81, 0x94, 0xBD, 0xFF, 0xFF, 0xFF, 0xFF, 0xFF, 0xFF, 0xFF, 0xFF, 0xFF, 0xFF, 0xFF, 0xFF, 0xFF, 0xFF, 0xFF, 
        0xFF, 0xFF, 0xFF, 0xFF, 0xFF, 0xFF, 0xFF, 0xFF, 0xFF, 0x75, 0x8A, 0xB8, 0x10, 0x34, 0x83, 0x10, 0x34, 0x83, 0x10, 0x33, 0x83, 0x10, 0x34, 0x83, 0x10, 0x34, 0x83, 0x10, 0x34, 0x83, 0x10, 0x34, 0x83, 0x10, 0x34, 0x83, 0x10, 0x34, 0x83, 
        0x10, 0x34, 0x83, 0x10, 0x34, 0x83, 0x10, 0x34, 0x83, 0x10, 0x34, 0x83, 0x10, 0x34, 0x83, 0x10, 0x33, 0x83, 0x10, 0x34, 0x83, 0x10, 0x35, 0x83, 0x10, 0x34, 0x83, 0x0F, 0x32, 0x81, 0x0F, 0x33, 0x83, 0x12, 0x38, 0x85, 0x13, 0x3A, 0x87, 
        0x12, 0x38, 0x85, 0x10, 0x35, 0x83, 0x0F, 0x33, 0x82, 0x0F, 0x34, 0x83, 0x10, 0x34, 0x83, 0x10, 0x34, 0x83, 0x10, 0x34, 0x83, 0x0F, 0x34, 0x83, 0x0F, 0x33, 0x83, 0x0F, 0x33, 0x82, 0x0E, 0x32, 0x81, 0x0F, 0x32, 0x81, 0x0E, 0x32, 0x81, 
        0x0E, 0x31, 0x80, 0x0E, 0x31, 0x80, 0x0E, 0x30, 0x7F, 0x0E, 0x30, 0x7F, 0x0E, 0x31, 0x81, 0x0E, 0x30, 0x7F, 0x0E, 0x30, 0x7F, 0x0D, 0x30, 0x7F, 0x0D, 0x30, 0x7F, 0x0D, 0x30, 0x7F, 0x0D, 0x30, 0x7F, 0x0D, 0x30, 0x7F, 0x0D, 0x30, 0x7E, 
        0x0D, 0x30, 0x7F, 0x0E, 0x30, 0x7F, 0x0E, 0x30, 0x80, 0x0E, 0x30, 0x80, 0x0E, 0x30, 0x80, 0x0E, 0x31, 0x80, 0x0E, 0x31, 0x80, 0x0E, 0x31, 0x81, 0x0E, 0x31, 0x81, 0x0E, 0x31, 0x81, 0x0E, 0x32, 0x82, 0x0E, 0x32, 0x82, 0x0E, 0x32, 0x82, 
        0x0E, 0x33, 0x83, 0x0E, 0x32, 0x82, 0x0E, 0x31, 0x82, 0x0E, 0x31, 0x81, 0x0E, 0x31, 0x81, 0x0D, 0x31, 0x81, 0x0D, 0x30, 0x81, 0x0D, 0x30, 0x80, 0x0D, 0x31, 0x81, 0x0D, 0x2F, 0x80, 0x0C, 0x2E, 0x7D, 0x0C, 0x2D, 0x7D, 0x0C, 0x2D, 0x7C, 
        0x0C, 0x2C, 0x7B, 0x0C, 0x2B, 0x79, 0x0C, 0x2D, 0x79,
  0x62, 0x94, 0xD6, 0x1B, 0x42, 0x8F, 0x18, 0x3D, 0x8A, 0x18, 0x3D, 0x8A, 0x18, 0x3D, 0x8A, 0x18, 0x3D, 0x8A, 0x18, 0x3D, 0x8A, 0x18, 0x3D, 0x8A, 0x18, 0x3D, 0x8A, 0x17, 0x3D, 0x8A, 0x17, 0x3D, 0x8A, 0x17, 0x3D, 0x8A, 0x17, 0x3D, 0x8A, 0x17, 0x3C, 0x8A, 
        0x17, 0x3C, 0x8A, 0x1B, 0x40, 0x8B, 0x1C, 0x41, 0x8C, 0x17, 0x3C, 0x8A, 0x16, 0x3B, 0x89, 0x15, 0x3A, 0x89, 0x12, 0x36, 0x86, 0x11, 0x34, 0x85, 0x10, 0x34, 0x85, 0x12, 0x36, 0x87, 0x11, 0x35, 0x86, 0x10, 0x33, 0x84, 0x10, 0x33, 0x84, 
        0x10, 0x33, 0x84, 0x0F, 0x31, 0x83, 0x0E, 0x30, 0x81, 0x0F, 0x31, 0x82, 0x0E, 0x30, 0x80, 0x0D, 0x2E, 0x7E, 0x0D, 0x2E, 0x7E, 0x0D, 0x2E, 0x7E, 0x0D, 0x2D, 0x7D, 0x0D, 0x2D, 0x7D, 0x0D, 0x2D, 0x7D, 0x0D, 0x2D, 0x7C, 0x0D, 0x2D, 0x7C, 
        0x0D, 0x2D, 0x7C, 0x0D, 0x2D, 0x7D, 0x0D, 0x2D, 0x7C, 0x0D, 0x2D, 0x7C, 0x0D, 0x2D, 0x7C, 0x0D, 0x2D, 0x7C, 0x0D, 0x2C, 0x7C, 0x0D, 0x2C, 0x7C, 0x0D, 0x2D, 0x7D, 0x0D, 0x2D, 0x7D, 0x0D, 0x2D, 0x7D, 0x0E, 0x2F, 0x7F, 0x0F, 0x32, 0x82, 
        0x10, 0x33, 0x83, 0x10, 0x33, 0x83, 0x0F, 0x32, 0x82, 0x14, 0x3A, 0x89, 0x14, 0x3B, 0x89, 0x13, 0x3A, 0x88, 0x14, 0x3A, 0x88, 0x13, 0x39, 0x88, 0x13, 0x38, 0x88, 0x13, 0x38, 0x88, 0x13, 0x38, 0x88, 0x13, 0x37, 0x87, 0x12, 0x37, 0x87, 
        0x12, 0x37, 0x87, 0x12, 0x37, 0x87, 0x12, 0x37, 0x87, 0x12, 0x37, 0x87, 0x11, 0x36, 0x86, 0x11, 0x36, 0x86, 0x11, 0x36, 0x86, 0x19, 0x3D, 0x8A, 0x88, 0x9B, 0xC3, 0xFE, 0xFE, 0xFE, 0xFF, 0xFF, 0xFF, 0xFF, 0xFF, 0xFF, 0xFF, 0xFF, 0xFF, 
        0xFF, 0xFF, 0xFF, 0xFE, 0xFE, 0xFE, 0x91, 0xA2, 0xC7, 0x17, 0x3A, 0x89, 0x10, 0x35, 0x86, 0x10, 0x35, 0x85, 0x10, 0x34, 0x85, 0x10, 0x35, 0x85, 0x10, 0x35, 0x86, 0x10, 0x35, 0x85, 0x10, 0x34, 0x85, 0x10, 0x35, 0x85, 0x10, 0x35, 0x85, 
        0x10, 0x35, 0x85, 0x10, 0x35, 0x85, 0x10, 0x35, 0x86, 0x10, 0x35, 0x85, 0x10, 0x35, 0x85, 0x10, 0x34, 0x85, 0x0F, 0x34, 0x85, 0x12, 0x39, 0x88, 0x12, 0x39, 0x88, 0x0E, 0x32, 0x84, 0x0F, 0x33, 0x85, 0x11, 0x38, 0x87, 0x12, 0x3A, 0x88, 
        0x10, 0x36, 0x86, 0x0F, 0x33, 0x84, 0x0F, 0x34, 0x85, 0x10, 0x35, 0x85, 0x0F, 0x35, 0x85, 0x10, 0x35, 0x85, 0x10, 0x35, 0x86, 0x10, 0x35, 0x85, 0x10, 0x35, 0x85, 0x10, 0x34, 0x85, 0x0F, 0x33, 0x84, 0x0F, 0x32, 0x83, 0x0F, 0x32, 0x83, 
        0x0E, 0x32, 0x83, 0x0E, 0x32, 0x83, 0x0E, 0x32, 0x82, 0x0E, 0x32, 0x82, 0x0F, 0x33, 0x83, 0x0E, 0x31, 0x82, 0x0E, 0x31, 0x82, 0x0D, 0x31, 0x81, 0x0D, 0x30, 0x81, 0x0D, 0x31, 0x81, 0x0D, 0x31, 0x81, 0x0E, 0x31, 0x82, 0x0D, 0x30, 0x81, 
        0x0E, 0x31, 0x81, 0x0E, 0x31, 0x82, 0x0E, 0x31, 0x82, 0x0E, 0x31, 0x83, 0x0E, 0x31, 0x83, 0x0E, 0x32, 0x83, 0x0E, 0x32, 0x83, 0x0E, 0x32, 0x83, 0x0E, 0x32, 0x84, 0x0E, 0x33, 0x84, 0x0E, 0x33, 0x84, 0x0E, 0x33, 0x85, 0x0E, 0x33, 0x85, 
        0x0E, 0x33, 0x85, 0x0E, 0x33, 0x84, 0x0E, 0x33, 0x84, 0x0E, 0x33, 0x84, 0x0F, 0x35, 0x86, 0x0E, 0x33, 0x84, 0x0D, 0x30, 0x82, 0x0D, 0x31, 0x83, 0x0F, 0x35, 0x86, 0x0E, 0x32, 0x84, 0x0C, 0x2E, 0x7F, 0x0C, 0x2D, 0x7F, 0x0C, 0x2D, 0x7E, 
        0x0C, 0x2E, 0x7F, 0x0C, 0x2D, 0x7E, 0x0D, 0x2E, 0x7D,
  0x61, 0x96, 0xD6, 0x1B, 0x43, 0x90, 0x18, 0x3E, 0x8C, 0x18, 0x3E, 0x8C, 0x18, 0x3E, 0x8C, 0x18, 0x3E, 0x8C, 0x17, 0x3D, 0x8B, 0x18, 0x3E, 0x8B, 0x18, 0x3E, 0x8C, 0x18, 0x3E, 0x8C, 0x18, 0x3E, 0x8C, 0x18, 0x3E, 0x8B, 0x17, 0x3D, 0x8B, 0x17, 0x3D, 0x8B, 
        0x16, 0x3C, 0x8B, 0x1D, 0x42, 0x8E, 0x1E, 0x44, 0x8E, 0x15, 0x3C, 0x8B, 0x1B, 0x42, 0x8D, 0x18, 0x3F, 0x8D, 0x10, 0x34, 0x87, 0x11, 0x35, 0x87, 0x11, 0x36, 0x88, 0x11, 0x35, 0x87, 0x11, 0x35, 0x87, 0x11, 0x35, 0x87, 0x0F, 0x32, 0x85, 
        0x10, 0x34, 0x86, 0x10, 0x33, 0x85, 0x0F, 0x33, 0x84, 0x0F, 0x32, 0x83, 0x0E, 0x30, 0x82, 0x0D, 0x2F, 0x80, 0x0D, 0x2F, 0x7F, 0x0D, 0x2F, 0x7F, 0x0D, 0x2E, 0x7F, 0x0D, 0x2E, 0x7F, 0x0D, 0x2E, 0x7E, 0x0D, 0x2D, 0x7E, 0x0D, 0x2E, 0x7E, 
        0x0D, 0x2E, 0x7E, 0x0D, 0x2D, 0x7D, 0x0D, 0x2D, 0x7D, 0x0D, 0x2D, 0x7E, 0x0D, 0x2E, 0x7E, 0x0D, 0x2E, 0x7E, 0x0D, 0x2E, 0x7E, 0x0D, 0x2E, 0x7E, 0x0D, 0x2E, 0x7E, 0x0D, 0x2E, 0x7E, 0x0D, 0x2F, 0x7F, 0x0E, 0x30, 0x81, 0x0F, 0x31, 0x82, 
        0x11, 0x34, 0x86, 0x0F, 0x33, 0x84, 0x10, 0x35, 0x85, 0x16, 0x3D, 0x8B, 0x16, 0x3E, 0x8C, 0x15, 0x3C, 0x8B, 0x14, 0x3A, 0x8A, 0x13, 0x3A, 0x8A, 0x13, 0x39, 0x89, 0x13, 0x3A, 0x8A, 0x13, 0x39, 0x89, 0x12, 0x38, 0x89, 0x13, 0x38, 0x89, 
        0x12, 0x39, 0x89, 0x12, 0x39, 0x89, 0x12, 0x37, 0x88, 0x12, 0x37, 0x88, 0x12, 0x38, 0x88, 0x11, 0x37, 0x88, 0x11, 0x37, 0x88, 0x11, 0x37, 0x88, 0x11, 0x37, 0x88, 0x56, 0x70, 0xAB, 0xC2, 0xCC, 0xE1, 0xF1, 0xF3, 0xF8, 0xF0, 0xF2, 0xF7, 
        0xC0, 0xCA, 0xDF, 0x53, 0x6F, 0xA9, 0x11, 0x37, 0x88, 0x10, 0x36, 0x87, 0x10, 0x36, 0x87, 0x10, 0x36, 0x87, 0x10, 0x36, 0x87, 0x10, 0x35, 0x87, 0x10, 0x36, 0x87, 0x10, 0x35, 0x87, 0x10, 0x35, 0x87, 0x10, 0x36, 0x87, 0x10, 0x36, 0x87, 
        0x10, 0x36, 0x87, 0x10, 0x35, 0x87, 0x10, 0x36, 0x87, 0x10, 0x35, 0x87, 0x10, 0x36, 0x87, 0x10, 0x35, 0x87, 0x10, 0x35, 0x87, 0x10, 0x35, 0x87, 0x10, 0x35, 0x87, 0x0F, 0x34, 0x86, 0x0F, 0x34, 0x86, 0x10, 0x36, 0x87, 0x10, 0x35, 0x87, 
        0x0F, 0x34, 0x86, 0x0F, 0x34, 0x86, 0x0F, 0x35, 0x86, 0x10, 0x35, 0x86, 0x10, 0x36, 0x87, 0x10, 0x37, 0x87, 0x10, 0x36, 0x87, 0x10, 0x36, 0x87, 0x10, 0x36, 0x87, 0x10, 0x35, 0x87, 0x0F, 0x35, 0x86, 0x0E, 0x33, 0x85, 0x0E, 0x33, 0x84, 
        0x0F, 0x34, 0x86, 0x0F, 0x34, 0x86, 0x0E, 0x32, 0x84, 0x0E, 0x32, 0x84, 0x0E, 0x32, 0x84, 0x0E, 0x32, 0x83, 0x0E, 0x32, 0x84, 0x0E, 0x32, 0x84, 0x0E, 0x32, 0x84, 0x0E, 0x32, 0x84, 0x0D, 0x31, 0x83, 0x0E, 0x32, 0x84, 0x0E, 0x32, 0x84, 
        0x0E, 0x32, 0x84, 0x0E, 0x32, 0x84, 0x0E, 0x32, 0x84, 0x0E, 0x32, 0x84, 0x0E, 0x32, 0x85, 0x0E, 0x33, 0x85, 0x0E, 0x33, 0x85, 0x0E, 0x33, 0x85, 0x0E, 0x34, 0x86, 0x0E, 0x34, 0x85, 0x0E, 0x34, 0x86, 0x0F, 0x35, 0x87, 0x12, 0x3C, 0x8C, 
        0x12, 0x3D, 0x8C, 0x0F, 0x35, 0x87, 0x0E, 0x33, 0x86, 0x0E, 0x34, 0x86, 0x0F, 0x35, 0x86, 0x0E, 0x33, 0x85, 0x0D, 0x31, 0x84, 0x0D, 0x32, 0x84, 0x0D, 0x32, 0x84, 0x0D, 0x31, 0x83, 0x0D, 0x30, 0x82, 0x0C, 0x2F, 0x81, 0x0C, 0x2E, 0x80, 
        0x0C, 0x2E, 0x80, 0x0C, 0x2E, 0x80, 0x0D, 0x30, 0x7F,
  0x62, 0x94, 0xD6, 0x1C, 0x44, 0x92, 0x19, 0x3F, 0x8D, 0x18, 0x3F, 0x8D, 0x18, 0x3F, 0x8D, 0x18, 0x3F, 0x8E, 0x18, 0x3F, 0x8D, 0x18, 0x3F, 0x8D, 0x19, 0x3F, 0x8E, 0x19, 0x3F, 0x8E, 0x19, 0x3F, 0x8D, 0x18, 0x3F, 0x8D, 0x18, 0x3F, 0x8D, 0x18, 0x3F, 0x8D, 
        0x17, 0x3D, 0x8D, 0x17, 0x3E, 0x8D, 0x17, 0x3E, 0x8D, 0x16, 0x3D, 0x8C, 0x25, 0x4B, 0x92, 0x21, 0x47, 0x91, 0x10, 0x34, 0x87, 0x10, 0x35, 0x88, 0x12, 0x37, 0x8A, 0x11, 0x37, 0x89, 0x10, 0x35, 0x88, 0x11, 0x36, 0x89, 0x10, 0x34, 0x87, 
        0x10, 0x34, 0x87, 0x10, 0x34, 0x86, 0x10, 0x34, 0x86, 0x0F, 0x32, 0x84, 0x0E, 0x30, 0x82, 0x0D, 0x2F, 0x81, 0x0D, 0x2E, 0x80, 0x0D, 0x2F, 0x80, 0x0D, 0x2F, 0x80, 0x0D, 0x2F, 0x80, 0x0D, 0x2F, 0x80, 0x0D, 0x2F, 0x80, 0x0D, 0x2E, 0x80, 
        0x0D, 0x2F, 0x80, 0x0D, 0x2F, 0x80, 0x0D, 0x2E, 0x7F, 0x0D, 0x2E, 0x7F, 0x0D, 0x2E, 0x7F, 0x0D, 0x2F, 0x80, 0x0D, 0x2E, 0x7F, 0x0D, 0x2F, 0x80, 0x0D, 0x2F, 0x7F, 0x0D, 0x30, 0x81, 0x0D, 0x30, 0x81, 0x0D, 0x2F, 0x81, 0x10, 0x33, 0x85, 
        0x10, 0x34, 0x86, 0x0E, 0x31, 0x84, 0x12, 0x37, 0x89, 0x16, 0x3E, 0x8D, 0x16, 0x3E, 0x8D, 0x15, 0x3D, 0x8C, 0x13, 0x3B, 0x8B, 0x14, 0x3B, 0x8B, 0x14, 0x3B, 0x8C, 0x13, 0x3B, 0x8B, 0x13, 0x3A, 0x8B, 0x13, 0x3A, 0x8B, 0x13, 0x3A, 0x8B, 
        0x13, 0x3A, 0x8B, 0x12, 0x39, 0x8A, 0x12, 0x39, 0x8A, 0x12, 0x38, 0x8A, 0x12, 0x38, 0x8A, 0x12, 0x38, 0x8A, 0x11, 0x38, 0x89, 0x11, 0x38, 0x89, 0x11, 0x38, 0x89, 0x11, 0x37, 0x89, 0x11, 0x37, 0x89, 0x11, 0x38, 0x89, 0x12, 0x39, 0x8A, 
        0x13, 0x3A, 0x8B, 0x10, 0x37, 0x89, 0x10, 0x37, 0x89, 0x11, 0x38, 0x89, 0x10, 0x36, 0x88, 0x11, 0x37, 0x89, 0x11, 0x38, 0x89, 0x10, 0x37, 0x89, 0x10, 0x36, 0x88, 0x10, 0x36, 0x89, 0x10, 0x37, 0x89, 0x10, 0x36, 0x88, 0x10, 0x37, 0x89, 
        0x10, 0x36, 0x89, 0x10, 0x37, 0x89, 0x11, 0x38, 0x89, 0x10, 0x36, 0x89, 0x10, 0x36, 0x88, 0x10, 0x36, 0x88, 0x10, 0x36, 0x88, 0x10, 0x36, 0x88, 0x10, 0x36, 0x88, 0x0F, 0x36, 0x88, 0x0F, 0x36, 0x88, 0x0F, 0x35, 0x87, 0x0F, 0x35, 0x87, 
        0x0F, 0x35, 0x87, 0x0F, 0x35, 0x87, 0x10, 0x36, 0x88, 0x10, 0x36, 0x88, 0x10, 0x36, 0x88, 0x10, 0x37, 0x88, 0x10, 0x37, 0x89, 0x10, 0x37, 0x89, 0x0F, 0x36, 0x88, 0x0F, 0x36, 0x88, 0x0F, 0x35, 0x88, 0x0F, 0x35, 0x88, 0x0E, 0x34, 0x86, 
        0x0F, 0x34, 0x86, 0x0F, 0x34, 0x87, 0x0E, 0x33, 0x85, 0x0E, 0x33, 0x85, 0x0E, 0x33, 0x85, 0x0E, 0x33, 0x85, 0x0E, 0x33, 0x85, 0x0E, 0x33, 0x86, 0x0E, 0x33, 0x86, 0x0E, 0x33, 0x86, 0x0E, 0x32, 0x85, 0x0E, 0x33, 0x85, 0x0E, 0x33, 0x85, 
        0x0E, 0x33, 0x86, 0x0E, 0x33, 0x86, 0x0E, 0x33, 0x86, 0x0E, 0x33, 0x87, 0x0E, 0x33, 0x87, 0x0E, 0x33, 0x87, 0x0E, 0x34, 0x86, 0x0E, 0x34, 0x87, 0x0E, 0x34, 0x87, 0x0E, 0x34, 0x87, 0x0E, 0x35, 0x88, 0x0F, 0x36, 0x88, 0x14, 0x40, 0x8F, 
        0x16, 0x42, 0x90, 0x10, 0x38, 0x8A, 0x0E, 0x34, 0x87, 0x0E, 0x34, 0x87, 0x0E, 0x34, 0x86, 0x0E, 0x33, 0x86, 0x0E, 0x33, 0x86, 0x0D, 0x32, 0x86, 0x0D, 0x32, 0x85, 0x0D, 0x31, 0x84, 0x0D, 0x31, 0x84, 0x0D, 0x30, 0x83, 0x0C, 0x2F, 0x82, 
        0x0C, 0x2E, 0x81, 0x0C, 0x2E, 0x80, 0x0C, 0x30, 0x80,
  0x6A, 0x9C, 0xDA, 0x1B, 0x43, 0x93, 0x19, 0x40, 0x8F, 0x19, 0x40, 0x8F, 0x18, 0x40, 0x8F, 0x19, 0x40, 0x8F, 0x18, 0x40, 0x8F, 0x18, 0x40, 0x8F, 0x19, 0x40, 0x8F, 0x19, 0x40, 0x8F, 0x19, 0x40, 0x8F, 0x18, 0x40, 0x8F, 0x18, 0x3F, 0x8F, 0x18, 0x3F, 0x8E, 
        0x18, 0x3F, 0x8F, 0x17, 0x3F, 0x8E, 0x16, 0x3E, 0x8E, 0x17, 0x3F, 0x8E, 0x24, 0x4A, 0x93, 0x1E, 0x45, 0x91, 0x0F, 0x34, 0x88, 0x10, 0x35, 0x89, 0x11, 0x36, 0x8A, 0x12, 0x38, 0x8B, 0x11, 0x37, 0x8A, 0x10, 0x36, 0x89, 0x10, 0x35, 0x89, 
        0x10, 0x34, 0x88, 0x0F, 0x34, 0x87, 0x10, 0x34, 0x88, 0x0E, 0x32, 0x85, 0x0D, 0x30, 0x83, 0x0D, 0x30, 0x83, 0x0D, 0x30, 0x82, 0x0D, 0x30, 0x82, 0x0D, 0x30, 0x82, 0x0D, 0x30, 0x82, 0x0D, 0x30, 0x82, 0x0D, 0x30, 0x82, 0x0D, 0x2F, 0x81, 
        0x0D, 0x2F, 0x81, 0x0D, 0x30, 0x81, 0x0D, 0x2F, 0x81, 0x0D, 0x2F, 0x81, 0x0D, 0x2F, 0x82, 0x0D, 0x2F, 0x81, 0x0D, 0x2F, 0x81, 0x0D, 0x2F, 0x81, 0x0D, 0x2F, 0x81, 0x0D, 0x30, 0x81, 0x0D, 0x30, 0x82, 0x0E, 0x31, 0x83, 0x12, 0x38, 0x8A, 
        0x10, 0x36, 0x89, 0x0E, 0x32, 0x86, 0x13, 0x3B, 0x8D, 0x15, 0x3D, 0x8E, 0x14, 0x3D, 0x8D, 0x14, 0x3D, 0x8E, 0x14, 0x3C, 0x8D, 0x14, 0x3D, 0x8E, 0x14, 0x3C, 0x8D, 0x13, 0x3B, 0x8D, 0x14, 0x3D, 0x8E, 0x15, 0x3E, 0x8E, 0x13, 0x3B, 0x8D, 
        0x12, 0x3A, 0x8C, 0x12, 0x3A, 0x8C, 0x13, 0x3B, 0x8C, 0x12, 0x3A, 0x8C, 0x12, 0x3A, 0x8C, 0x12, 0x39, 0x8C, 0x11, 0x39, 0x8B, 0x11, 0x39, 0x8B, 0x12, 0x39, 0x8B, 0x11, 0x39, 0x8B, 0x11, 0x39, 0x8B, 0x11, 0x39, 0x8B, 0x12, 0x3A, 0x8C, 
        0x12, 0x3A, 0x8C, 0x11, 0x38, 0x8A, 0x11, 0x38, 0x8B, 0x11, 0x38, 0x8B, 0x11, 0x38, 0x8A, 0x10, 0x37, 0x8A, 0x10, 0x36, 0x89, 0x10, 0x37, 0x8A, 0x10, 0x38, 0x8B, 0x10, 0x37, 0x8A, 0x10, 0x37, 0x8A, 0x10, 0x37, 0x8A, 0x10, 0x37, 0x8A, 
        0x10, 0x38, 0x8B, 0x10, 0x38, 0x8B, 0x10, 0x38, 0x8B, 0x10, 0x37, 0x8A, 0x10, 0x37, 0x8A, 0x10, 0x37, 0x8A, 0x10, 0x37, 0x8A, 0x10, 0x37, 0x8A, 0x10, 0x36, 0x8A, 0x10, 0x36, 0x8A, 0x0F, 0x36, 0x89, 0x0F, 0x36, 0x89, 0x0F, 0x36, 0x89, 
        0x0F, 0x36, 0x89, 0x0F, 0x36, 0x89, 0x0F, 0x36, 0x89, 0x10, 0x37, 0x8A, 0x0F, 0x37, 0x8A, 0x10, 0x37, 0x8A, 0x10, 0x38, 0x8A, 0x10, 0x37, 0x8A, 0x0F, 0x37, 0x8A, 0x0F, 0x36, 0x89, 0x0F, 0x36, 0x89, 0x0F, 0x36, 0x89, 0x0F, 0x35, 0x88, 
        0x0E, 0x35, 0x88, 0x0E, 0x35, 0x88, 0x0E, 0x34, 0x87, 0x0E, 0x34, 0x87, 0x0E, 0x34, 0x87, 0x0E, 0x34, 0x87, 0x0E, 0x34, 0x87, 0x0E, 0x34, 0x87, 0x0E, 0x34, 0x87, 0x0E, 0x34, 0x88, 0x0E, 0x34, 0x88, 0x0E, 0x34, 0x87, 0x0E, 0x34, 0x87, 
        0x0E, 0x34, 0x87, 0x0E, 0x34, 0x88, 0x0E, 0x35, 0x88, 0x0E, 0x35, 0x88, 0x0E, 0x34, 0x88, 0x0E, 0x35, 0x88, 0x0E, 0x35, 0x89, 0x0E, 0x35, 0x89, 0x0F, 0x35, 0x89, 0x0E, 0x36, 0x89, 0x0F, 0x36, 0x8A, 0x0F, 0x37, 0x8A, 0x0F, 0x37, 0x8B, 
        0x10, 0x39, 0x8C, 0x0E, 0x36, 0x8A, 0x0E, 0x35, 0x89, 0x0E, 0x35, 0x89, 0x0E, 0x35, 0x88, 0x0E, 0x34, 0x88, 0x0E, 0x33, 0x88, 0x0D, 0x33, 0x88, 0x0D, 0x33, 0x87, 0x0D, 0x32, 0x86, 0x0D, 0x31, 0x85, 0x0C, 0x31, 0x84, 0x0C, 0x30, 0x83, 
        0x0C, 0x30, 0x82, 0x0C, 0x30, 0x82, 0x0D, 0x31, 0x81,
  0x81, 0xB5, 0xE4, 0x1B, 0x47, 0x96, 0x19, 0x41, 0x90, 0x19, 0x41, 0x91, 0x19, 0x41, 0x91, 0x19, 0x41, 0x91, 0x19, 0x41, 0x91, 0x19, 0x41, 0x91, 0x19, 0x41, 0x91, 0x19, 0x41, 0x91, 0x19, 0x41, 0x91, 0x19, 0x41, 0x91, 0x18, 0x40, 0x90, 0x18, 0x40, 0x90, 
        0x18, 0x40, 0x90, 0x17, 0x40, 0x90, 0x17, 0x40, 0x90, 0x17, 0x3F, 0x90, 0x19, 0x42, 0x91, 0x14, 0x3C, 0x8F, 0x10, 0x36, 0x8B, 0x12, 0x39, 0x8D, 0x11, 0x38, 0x8C, 0x11, 0x38, 0x8C, 0x11, 0x36, 0x8B, 0x10, 0x35, 0x8A, 0x10, 0x35, 0x8A, 
        0x0F, 0x34, 0x89, 0x0F, 0x34, 0x89, 0x0F, 0x34, 0x89, 0x0E, 0x32, 0x86, 0x0E, 0x31, 0x85, 0x0E, 0x31, 0x85, 0x0D, 0x31, 0x84, 0x0D, 0x31, 0x84, 0x0D, 0x31, 0x84, 0x0D, 0x31, 0x84, 0x0D, 0x30, 0x83, 0x0D, 0x31, 0x83, 0x0D, 0x30, 0x83, 
        0x0D, 0x30, 0x83, 0x0D, 0x2F, 0x82, 0x0D, 0x30, 0x82, 0x0D, 0x30, 0x83, 0x0D, 0x30, 0x83, 0x0D, 0x30, 0x82, 0x0D, 0x30, 0x82, 0x0D, 0x31, 0x83, 0x0D, 0x31, 0x83, 0x0D, 0x30, 0x84, 0x0D, 0x31, 0x84, 0x10, 0x37, 0x8A, 0x12, 0x38, 0x8B, 
        0x0E, 0x32, 0x86, 0x0F, 0x34, 0x88, 0x14, 0x3D, 0x8F, 0x14, 0x3D, 0x8F, 0x14, 0x3D, 0x8F, 0x14, 0x3D, 0x8F, 0x14, 0x3E, 0x8F, 0x14, 0x3E, 0x8F, 0x14, 0x3D, 0x8F, 0x14, 0x3D, 0x8F, 0x17, 0x41, 0x91, 0x19, 0x42, 0x91, 0x15, 0x3E, 0x8F, 
        0x12, 0x3B, 0x8E, 0x12, 0x3B, 0x8E, 0x14, 0x3D, 0x8F, 0x13, 0x3D, 0x8E, 0x13, 0x3B, 0x8E, 0x12, 0x3A, 0x8D, 0x12, 0x3A, 0x8D, 0x12, 0x3A, 0x8D, 0x12, 0x3B, 0x8D, 0x12, 0x3A, 0x8D, 0x11, 0x3A, 0x8D, 0x11, 0x39, 0x8D, 0x11, 0x39, 0x8D, 
        0x11, 0x39, 0x8C, 0x11, 0x39, 0x8D, 0x11, 0x39, 0x8D, 0x10, 0x38, 0x8C, 0x11, 0x39, 0x8D, 0x12, 0x3B, 0x8E, 0x12, 0x3B, 0x8D, 0x10, 0x38, 0x8C, 0x10, 0x38, 0x8C, 0x10, 0x38, 0x8C, 0x10, 0x38, 0x8C, 0x11, 0x39, 0x8C, 0x10, 0x39, 0x8C, 
        0x10, 0x38, 0x8C, 0x10, 0x38, 0x8C, 0x10, 0x38, 0x8C, 0x10, 0x38, 0x8C, 0x10, 0x38, 0x8C, 0x10, 0x38, 0x8B, 0x10, 0x37, 0x8B, 0x10, 0x37, 0x8B, 0x0F, 0x37, 0x8B, 0x10, 0x37, 0x8B, 0x10, 0x37, 0x8B, 0x10, 0x37, 0x8B, 0x0F, 0x37, 0x8B, 
        0x10, 0x37, 0x8B, 0x0F, 0x37, 0x8B, 0x0F, 0x37, 0x8A, 0x10, 0x38, 0x8B, 0x0F, 0x37, 0x8B, 0x10, 0x38, 0x8B, 0x10, 0x38, 0x8B, 0x10, 0x38, 0x8B, 0x0F, 0x38, 0x8B, 0x0F, 0x37, 0x8B, 0x0F, 0x36, 0x8A, 0x0F, 0x36, 0x8A, 0x0F, 0x36, 0x8A, 
        0x0F, 0x36, 0x8A, 0x0E, 0x35, 0x89, 0x0E, 0x35, 0x8A, 0x0E, 0x35, 0x89, 0x0E, 0x35, 0x89, 0x0E, 0x35, 0x89, 0x0E, 0x35, 0x89, 0x0E, 0x35, 0x89, 0x0E, 0x35, 0x89, 0x0E, 0x35, 0x89, 0x0E, 0x35, 0x89, 0x0E, 0x35, 0x89, 0x0E, 0x35, 0x89, 
        0x0E, 0x35, 0x89, 0x0E, 0x35, 0x8A, 0x0E, 0x36, 0x8A, 0x0E, 0x36, 0x8A, 0x0E, 0x36, 0x8A, 0x0F, 0x36, 0x8A, 0x0F, 0x36, 0x8B, 0x0F, 0x36, 0x8B, 0x0F, 0x36, 0x8B, 0x0F, 0x37, 0x8B, 0x0F, 0x37, 0x8B, 0x0F, 0x37, 0x8C, 0x0E, 0x37, 0x8B, 
        0x0E, 0x36, 0x8B, 0x0E, 0x36, 0x8B, 0x0E, 0x36, 0x8B, 0x0E, 0x37, 0x8B, 0x0E, 0x36, 0x8B, 0x0E, 0x35, 0x8A, 0x0E, 0x35, 0x8A, 0x0E, 0x35, 0x89, 0x0E, 0x35, 0x89, 0x0D, 0x34, 0x89, 0x0D, 0x32, 0x87, 0x0C, 0x31, 0x86, 0x0C, 0x31, 0x85, 
        0x0C, 0x30, 0x84, 0x0C, 0x30, 0x82, 0x0C, 0x32, 0x82,
  0x87, 0xB9, 0xE6, 0x1B, 0x48, 0x97, 0x19, 0x41, 0x92, 0x19, 0x42, 0x92, 0x19, 0x42, 0x92, 0x19, 0x42, 0x92, 0x19, 0x42, 0x92, 0x19, 0x41, 0x92, 0x19, 0x42, 0x93, 0x1A, 0x43, 0x92, 0x1A, 0x42, 0x92, 0x19, 0x42, 0x92, 0x19, 0x41, 0x92, 0x18, 0x41, 0x92, 
        0x18, 0x40, 0x92, 0x17, 0x40, 0x92, 0x17, 0x40, 0x91, 0x17, 0x40, 0x91, 0x16, 0x3F, 0x91, 0x12, 0x39, 0x8E, 0x11, 0x38, 0x8D, 0x12, 0x39, 0x8E, 0x11, 0x38, 0x8D, 0x11, 0x38, 0x8D, 0x10, 0x37, 0x8C, 0x10, 0x37, 0x8C, 0x10, 0x36, 0x8B, 
        0x0F, 0x35, 0x8A, 0x0F, 0x35, 0x8B, 0x0F, 0x34, 0x8A, 0x0E, 0x33, 0x88, 0x0E, 0x32, 0x87, 0x0E, 0x32, 0x86, 0x0D, 0x31, 0x86, 0x0D, 0x32, 0x85, 0x0D, 0x32, 0x86, 0x0D, 0x31, 0x85, 0x0D, 0x31, 0x85, 0x0D, 0x31, 0x85, 0x0D, 0x31, 0x85, 
        0x0D, 0x32, 0x85, 0x0D, 0x31, 0x85, 0x0D, 0x31, 0x85, 0x0D, 0x31, 0x84, 0x0D, 0x31, 0x85, 0x0D, 0x31, 0x85, 0x0D, 0x31, 0x85, 0x0D, 0x31, 0x84, 0x0D, 0x32, 0x85, 0x0D, 0x32, 0x86, 0x0E, 0x33, 0x87, 0x10, 0x37, 0x8B, 0x0E, 0x34, 0x88, 
        0x0D, 0x31, 0x86, 0x10, 0x36, 0x8B, 0x15, 0x3F, 0x91, 0x14, 0x3F, 0x91, 0x14, 0x3E, 0x91, 0x14, 0x3E, 0x91, 0x14, 0x3E, 0x91, 0x14, 0x3E, 0x91, 0x14, 0x3E, 0x91, 0x14, 0x3E, 0x91, 0x16, 0x41, 0x92, 0x17, 0x42, 0x92, 0x14, 0x3E, 0x91, 
        0x12, 0x3C, 0x8F, 0x15, 0x40, 0x91, 0x1A, 0x45, 0x94, 0x15, 0x3F, 0x91, 0x12, 0x3B, 0x8F, 0x12, 0x3B, 0x8F, 0x12, 0x3B, 0x8F, 0x12, 0x3B, 0x8F, 0x12, 0x3C, 0x8F, 0x12, 0x3B, 0x8F, 0x12, 0x3B, 0x8F, 0x11, 0x3A, 0x8E, 0x11, 0x3A, 0x8E, 
        0x11, 0x3A, 0x8E, 0x11, 0x3A, 0x8E, 0x11, 0x39, 0x8E, 0x11, 0x39, 0x8D, 0x11, 0x39, 0x8D, 0x15, 0x40, 0x91, 0x1A, 0x44, 0x93, 0x12, 0x3C, 0x8F, 0x10, 0x38, 0x8D, 0x10, 0x39, 0x8E, 0x11, 0x39, 0x8E, 0x10, 0x39, 0x8D, 0x10, 0x38, 0x8D, 
        0x10, 0x39, 0x8D, 0x11, 0x3A, 0x8E, 0x11, 0x3B, 0x8E, 0x10, 0x39, 0x8E, 0x10, 0x38, 0x8D, 0x10, 0x38, 0x8D, 0x10, 0x38, 0x8D, 0x10, 0x38, 0x8D, 0x10, 0x38, 0x8C, 0x0F, 0x38, 0x8C, 0x0F, 0x38, 0x8C, 0x10, 0x38, 0x8C, 0x0F, 0x37, 0x8C, 
        0x0F, 0x38, 0x8C, 0x0F, 0x38, 0x8D, 0x10, 0x39, 0x8E, 0x10, 0x38, 0x8D, 0x0F, 0x37, 0x8C, 0x0F, 0x37, 0x8C, 0x0F, 0x38, 0x8D, 0x10, 0x38, 0x8D, 0x10, 0x38, 0x8D, 0x0F, 0x38, 0x8D, 0x0F, 0x37, 0x8C, 0x0F, 0x37, 0x8C, 0x0F, 0x37, 0x8B, 
        0x0E, 0x36, 0x8B, 0x0E, 0x36, 0x8B, 0x0E, 0x36, 0x8B, 0x0E, 0x36, 0x8B, 0x0E, 0x36, 0x8B, 0x0E, 0x36, 0x8B, 0x0E, 0x36, 0x8B, 0x0E, 0x36, 0x8B, 0x0E, 0x36, 0x8C, 0x0E, 0x37, 0x8B, 0x0E, 0x36, 0x8B, 0x0E, 0x36, 0x8B, 0x0E, 0x37, 0x8C, 
        0x0E, 0x37, 0x8B, 0x0E, 0x36, 0x8B, 0x0E, 0x37, 0x8C, 0x0F, 0x37, 0x8C, 0x0F, 0x37, 0x8C, 0x0F, 0x37, 0x8C, 0x0F, 0x38, 0x8C, 0x0F, 0x38, 0x8D, 0x0F, 0x38, 0x8D, 0x0F, 0x38, 0x8D, 0x0F, 0x38, 0x8D, 0x0F, 0x38, 0x8D, 0x0F, 0x39, 0x8D, 
        0x0F, 0x38, 0x8D, 0x0F, 0x38, 0x8D, 0x0E, 0x37, 0x8D, 0x0F, 0x38, 0x8E, 0x0F, 0x38, 0x8D, 0x0E, 0x36, 0x8C, 0x0E, 0x36, 0x8C, 0x0E, 0x36, 0x8B, 0x0D, 0x35, 0x8B, 0x0D, 0x34, 0x8A, 0x0D, 0x33, 0x89, 0x0D, 0x33, 0x88, 0x0C, 0x32, 0x87, 
        0x0C, 0x32, 0x87, 0x0C, 0x31, 0x85, 0x0D, 0x35, 0x87,
  0x74, 0xA3, 0xDD, 0x1D, 0x47, 0x99, 0x19, 0x43, 0x94, 0x1A, 0x43, 0x94, 0x1A, 0x43, 0x94, 0x19, 0x43, 0x94, 0x1A, 0x43, 0x94, 0x1A, 0x43, 0x94, 0x1A, 0x43, 0x94, 0x19, 0x43, 0x94, 0x19, 0x43, 0x94, 0x19, 0x43, 0x94, 0x19, 0x42, 0x93, 0x18, 0x42, 0x93, 
        0x18, 0x41, 0x93, 0x18, 0x41, 0x93, 0x17, 0x41, 0x93, 0x17, 0x41, 0x93, 0x16, 0x40, 0x93, 0x13, 0x3C, 0x91, 0x12, 0x3A, 0x90, 0x12, 0x3B, 0x90, 0x11, 0x39, 0x8F, 0x11, 0x39, 0x8E, 0x10, 0x38, 0x8E, 0x10, 0x37, 0x8D, 0x10, 0x37, 0x8D, 
        0x10, 0x37, 0x8D, 0x0F, 0x36, 0x8C, 0x0F, 0x35, 0x8B, 0x0F, 0x35, 0x8B, 0x0F, 0x35, 0x8A, 0x0E, 0x34, 0x89, 0x0D, 0x33, 0x88, 0x0D, 0x32, 0x87, 0x0D, 0x32, 0x86, 0x0D, 0x32, 0x87, 0x0D, 0x33, 0x87, 0x0D, 0x32, 0x87, 0x0D, 0x32, 0x86, 
        0x0D, 0x32, 0x87, 0x0D, 0x32, 0x87, 0x0D, 0x31, 0x86, 0x0D, 0x32, 0x86, 0x0D, 0x32, 0x86, 0x0D, 0x32, 0x87, 0x0D, 0x32, 0x87, 0x0D, 0x33, 0x87, 0x0D, 0x32, 0x86, 0x0E, 0x33, 0x88, 0x13, 0x3B, 0x8F, 0x11, 0x38, 0x8D, 0x0D, 0x33, 0x88, 
        0x0D, 0x33, 0x88, 0x10, 0x37, 0x8D, 0x15, 0x40, 0x93, 0x15, 0x3F, 0x92, 0x14, 0x3F, 0x92, 0x14, 0x3F, 0x93, 0x14, 0x40, 0x93, 0x14, 0x3F, 0x92, 0x15, 0x40, 0x92, 0x14, 0x3F, 0x92, 0x14, 0x3F, 0x92, 0x14, 0x3F, 0x92, 0x13, 0x3D, 0x92, 
        0x13, 0x3D, 0x91, 0x17, 0x43, 0x94, 0x1D, 0x48, 0x96, 0x15, 0x40, 0x93, 0x12, 0x3C, 0x91, 0x12, 0x3C, 0x91, 0x12, 0x3C, 0x91, 0x12, 0x3C, 0x91, 0x12, 0x3C, 0x90, 0x12, 0x3C, 0x90, 0x11, 0x3B, 0x90, 0x11, 0x3B, 0x90, 0x11, 0x3B, 0x90, 
        0x11, 0x3A, 0x90, 0x11, 0x3B, 0x90, 0x12, 0x3C, 0x91, 0x11, 0x3A, 0x90, 0x10, 0x39, 0x8E, 0x12, 0x3D, 0x91, 0x14, 0x40, 0x93, 0x11, 0x3B, 0x90, 0x10, 0x39, 0x8F, 0x11, 0x3A, 0x90, 0x11, 0x3A, 0x90, 0x10, 0x3A, 0x8F, 0x11, 0x3A, 0x8F, 
        0x10, 0x3A, 0x8F, 0x11, 0x3B, 0x90, 0x11, 0x3B, 0x90, 0x10, 0x3A, 0x8F, 0x10, 0x39, 0x8E, 0x10, 0x39, 0x8E, 0x10, 0x39, 0x8E, 0x10, 0x39, 0x8E, 0x10, 0x39, 0x8E, 0x10, 0x39, 0x8E, 0x10, 0x39, 0x8E, 0x10, 0x39, 0x8E, 0x10, 0x38, 0x8E, 
        0x0F, 0x39, 0x8E, 0x10, 0x39, 0x8F, 0x10, 0x39, 0x8F, 0x10, 0x3A, 0x8F, 0x14, 0x42, 0x93, 0x13, 0x40, 0x92, 0x10, 0x39, 0x8F, 0x0F, 0x38, 0x8E, 0x0F, 0x38, 0x8E, 0x0F, 0x39, 0x8E, 0x0F, 0x38, 0x8E, 0x0F, 0x38, 0x8D, 0x0F, 0x38, 0x8D, 
        0x0F, 0x37, 0x8D, 0x0F, 0x38, 0x8D, 0x0E, 0x37, 0x8D, 0x0E, 0x37, 0x8C, 0x0F, 0x37, 0x8D, 0x0E, 0x37, 0x8C, 0x0E, 0x37, 0x8D, 0x0E, 0x37, 0x8D, 0x0F, 0x39, 0x8E, 0x0F, 0x39, 0x8E, 0x0E, 0x37, 0x8D, 0x0E, 0x37, 0x8D, 0x0F, 0x38, 0x8D, 
        0x0F, 0x38, 0x8D, 0x0E, 0x38, 0x8D, 0x0F, 0x38, 0x8D, 0x0F, 0x38, 0x8E, 0x0F, 0x38, 0x8E, 0x0F, 0x38, 0x8E, 0x0F, 0x39, 0x8E, 0x0F, 0x39, 0x8F, 0x0F, 0x39, 0x8E, 0x0F, 0x39, 0x8E, 0x0F, 0x39, 0x8F, 0x0F, 0x39, 0x8F, 0x0F, 0x39, 0x8F, 
        0x0F, 0x39, 0x8F, 0x0F, 0x39, 0x8F, 0x0E, 0x38, 0x8E, 0x0E, 0x38, 0x8E, 0x0E, 0x38, 0x8E, 0x0E, 0x37, 0x8E, 0x0E, 0x37, 0x8D, 0x0E, 0x36, 0x8D, 0x0D, 0x36, 0x8C, 0x0D, 0x35, 0x8C, 0x0D, 0x35, 0x8B, 0x0D, 0x34, 0x8A, 0x0D, 0x34, 0x8B, 
        0x0D, 0x34, 0x8B, 0x0C, 0x33, 0x88, 0x0F, 0x3B, 0x8E,
  0x75, 0xA0, 0xDC, 0x23, 0x4B, 0x9B, 0x1A, 0x42, 0x95, 0x19, 0x43, 0x95, 0x19, 0x43, 0x95, 0x1B, 0x44, 0x96, 0x20, 0x49, 0x98, 0x21, 0x4A, 0x98, 0x1B, 0x44, 0x96, 0x19, 0x42, 0x95, 0x19, 0x42, 0x95, 0x19, 0x42, 0x95, 0x19, 0x42, 0x95, 0x18, 0x42, 0x95, 
        0x18, 0x41, 0x95, 0x18, 0x41, 0x95, 0x17, 0x41, 0x95, 0x16, 0x40, 0x94, 0x15, 0x3E, 0x94, 0x13, 0x3C, 0x93, 0x12, 0x3A, 0x92, 0x12, 0x3A, 0x91, 0x11, 0x39, 0x90, 0x10, 0x38, 0x8F, 0x10, 0x37, 0x8F, 0x0F, 0x36, 0x8E, 0x0F, 0x36, 0x8D, 
        0x0F, 0x36, 0x8E, 0x0F, 0x35, 0x8D, 0x0F, 0x35, 0x8D, 0x0F, 0x36, 0x8E, 0x0F, 0x36, 0x8D, 0x0F, 0x35, 0x8C, 0x0E, 0x34, 0x8B, 0x0E, 0x33, 0x8A, 0x0D, 0x32, 0x89, 0x0D, 0x32, 0x88, 0x0D, 0x33, 0x89, 0x0D, 0x32, 0x88, 0x0D, 0x32, 0x88, 
        0x0D, 0x32, 0x88, 0x0D, 0x31, 0x87, 0x0D, 0x31, 0x88, 0x0D, 0x32, 0x88, 0x0D, 0x32, 0x88, 0x0D, 0x32, 0x87, 0x0D, 0x32, 0x87, 0x0D, 0x32, 0x88, 0x0D, 0x32, 0x88, 0x0F, 0x35, 0x8B, 0x11, 0x39, 0x8F, 0x0E, 0x34, 0x8B, 0x0E, 0x33, 0x8A, 
        0x0E, 0x33, 0x8A, 0x11, 0x39, 0x90, 0x15, 0x40, 0x94, 0x13, 0x3E, 0x94, 0x14, 0x3F, 0x94, 0x15, 0x40, 0x94, 0x14, 0x3F, 0x94, 0x15, 0x3F, 0x94, 0x15, 0x40, 0x94, 0x15, 0x40, 0x94, 0x14, 0x3F, 0x94, 0x14, 0x3E, 0x93, 0x14, 0x3F, 0x94, 
        0x14, 0x3E, 0x93, 0x14, 0x3F, 0x94, 0x15, 0x40, 0x94, 0x13, 0x3E, 0x93, 0x12, 0x3D, 0x92, 0x12, 0x3C, 0x92, 0x12, 0x3C, 0x92, 0x12, 0x3C, 0x92, 0x12, 0x3C, 0x92, 0x12, 0x3C, 0x92, 0x12, 0x3C, 0x92, 0x11, 0x3B, 0x91, 0x12, 0x3B, 0x92, 
        0x11, 0x3A, 0x91, 0x13, 0x3D, 0x93, 0x14, 0x40, 0x94, 0x12, 0x3C, 0x92, 0x11, 0x3B, 0x91, 0x11, 0x3A, 0x91, 0x10, 0x39, 0x90, 0x10, 0x39, 0x90, 0x11, 0x3A, 0x91, 0x11, 0x3A, 0x91, 0x11, 0x3A, 0x90, 0x10, 0x3A, 0x90, 0x10, 0x3A, 0x90, 
        0x10, 0x39, 0x90, 0x10, 0x39, 0x90, 0x10, 0x39, 0x90, 0x10, 0x39, 0x90, 0x10, 0x39, 0x90, 0x10, 0x39, 0x90, 0x10, 0x39, 0x90, 0x10, 0x39, 0x90, 0x10, 0x39, 0x90, 0x10, 0x39, 0x90, 0x10, 0x39, 0x90, 0x10, 0x39, 0x90, 0x10, 0x39, 0x90, 
        0x10, 0x39, 0x90, 0x0F, 0x38, 0x8F, 0x0F, 0x38, 0x8F, 0x11, 0x3B, 0x91, 0x1D, 0x49, 0x99, 0x1E, 0x4A, 0x99, 0x10, 0x3A, 0x91, 0x0F, 0x38, 0x90, 0x0F, 0x39, 0x90, 0x0F, 0x38, 0x8F, 0x0F, 0x38, 0x8F, 0x0F, 0x38, 0x8F, 0x0F, 0x38, 0x8F, 
        0x0F, 0x38, 0x90, 0x0F, 0x39, 0x90, 0x0F, 0x38, 0x8F, 0x0E, 0x37, 0x8F, 0x0F, 0x38, 0x8F, 0x0F, 0x37, 0x8F, 0x0F, 0x37, 0x8F, 0x0E, 0x37, 0x8F, 0x0F, 0x38, 0x8F, 0x0F, 0x38, 0x8F, 0x0E, 0x37, 0x8F, 0x0E, 0x38, 0x8F, 0x0F, 0x38, 0x8F, 
        0x0F, 0x38, 0x90, 0x0F, 0x38, 0x90, 0x0F, 0x38, 0x8F, 0x0F, 0x39, 0x90, 0x0F, 0x38, 0x90, 0x0F, 0x38, 0x90, 0x0F, 0x39, 0x90, 0x0F, 0x39, 0x90, 0x0F, 0x39, 0x90, 0x0F, 0x39, 0x90, 0x0F, 0x39, 0x91, 0x0F, 0x39, 0x90, 0x0F, 0x39, 0x90, 
        0x0F, 0x39, 0x90, 0x0F, 0x38, 0x90, 0x0F, 0x38, 0x90, 0x0E, 0x38, 0x90, 0x0E, 0x38, 0x90, 0x0E, 0x38, 0x90, 0x0E, 0x36, 0x8E, 0x0E, 0x36, 0x8E, 0x0E, 0x36, 0x8E, 0x0D, 0x35, 0x8E, 0x0D, 0x34, 0x8D, 0x0D, 0x34, 0x8C, 0x0D, 0x34, 0x8B, 
        0x0C, 0x33, 0x8B, 0x0D, 0x34, 0x8D, 0x10, 0x3B, 0x90,
  0x77, 0xA6, 0xDD, 0x23, 0x4D, 0x9D, 0x1B, 0x45, 0x97, 0x1A, 0x44, 0x97, 0x19, 0x44, 0x97, 0x1A, 0x45, 0x98, 0x20, 0x4A, 0x9A, 0x20, 0x4B, 0x9A, 0x1B, 0x45, 0x98, 0x19, 0x43, 0x97, 0x19, 0x43, 0x97, 0x19, 0x43, 0x97, 0x18, 0x42, 0x96, 0x18, 0x42, 0x96, 
        0x18, 0x42, 0x96, 0x17, 0x40, 0x96, 0x17, 0x41, 0x96, 0x15, 0x3F, 0x96, 0x14, 0x3E, 0x95, 0x13, 0x3D, 0x95, 0x12, 0x3C, 0x94, 0x11, 0x3A, 0x92, 0x11, 0x39, 0x91, 0x10, 0x38, 0x91, 0x11, 0x39, 0x91, 0x10, 0x38, 0x90, 0x10, 0x37, 0x8F, 
        0x0F, 0x36, 0x8E, 0x0F, 0x36, 0x8E, 0x0F, 0x37, 0x8F, 0x0F, 0x37, 0x8F, 0x0E, 0x35, 0x8E, 0x0E, 0x35, 0x8D, 0x0F, 0x36, 0x8E, 0x0F, 0x36, 0x8E, 0x0E, 0x34, 0x8C, 0x0E, 0x34, 0x8B, 0x0D, 0x33, 0x8A, 0x0D, 0x33, 0x8A, 0x0D, 0x33, 0x8A, 
        0x0D, 0x33, 0x8A, 0x0D, 0x33, 0x89, 0x0D, 0x33, 0x89, 0x0D, 0x33, 0x89, 0x0D, 0x33, 0x89, 0x0D, 0x33, 0x89, 0x0D, 0x32, 0x89, 0x0D, 0x32, 0x89, 0x0E, 0x34, 0x8A, 0x11, 0x39, 0x90, 0x0F, 0x37, 0x8E, 0x0D, 0x33, 0x8A, 0x0E, 0x34, 0x8C, 
        0x0E, 0x34, 0x8D, 0x12, 0x3C, 0x93, 0x14, 0x40, 0x96, 0x15, 0x42, 0x97, 0x19, 0x46, 0x98, 0x16, 0x43, 0x97, 0x15, 0x40, 0x96, 0x15, 0x40, 0x96, 0x15, 0x40, 0x96, 0x15, 0x41, 0x96, 0x15, 0x40, 0x96, 0x15, 0x40, 0x96, 0x15, 0x41, 0x96, 
        0x14, 0x40, 0x95, 0x13, 0x3E, 0x94, 0x13, 0x3D, 0x94, 0x13, 0x3D, 0x94, 0x13, 0x3E, 0x94, 0x13, 0x3E, 0x94, 0x13, 0x3D, 0x94, 0x12, 0x3D, 0x94, 0x12, 0x3D, 0x94, 0x12, 0x3D, 0x94, 0x12, 0x3C, 0x94, 0x12, 0x3C, 0x93, 0x11, 0x3C, 0x93, 
        0x11, 0x3B, 0x92, 0x12, 0x3D, 0x93, 0x13, 0x3E, 0x94, 0x12, 0x3D, 0x93, 0x12, 0x3D, 0x93, 0x11, 0x3B, 0x93, 0x11, 0x3B, 0x92, 0x11, 0x3C, 0x93, 0x11, 0x3B, 0x93, 0x11, 0x3B, 0x92, 0x11, 0x3B, 0x92, 0x11, 0x3B, 0x92, 0x10, 0x3A, 0x92, 
        0x12, 0x3C, 0x93, 0x12, 0x3E, 0x94, 0x11, 0x3B, 0x92, 0x10, 0x3A, 0x92, 0x10, 0x3B, 0x92, 0x10, 0x3B, 0x92, 0x10, 0x3A, 0x91, 0x10, 0x3A, 0x92, 0x0F, 0x39, 0x91, 0x10, 0x39, 0x91, 0x10, 0x3A, 0x91, 0x10, 0x3A, 0x92, 0x10, 0x3A, 0x91, 
        0x10, 0x3A, 0x91, 0x10, 0x3A, 0x92, 0x0F, 0x39, 0x91, 0x0F, 0x3A, 0x91, 0x12, 0x3F, 0x95, 0x12, 0x3F, 0x95, 0x10, 0x3A, 0x92, 0x10, 0x3A, 0x92, 0x10, 0x3A, 0x92, 0x0F, 0x39, 0x92, 0x0F, 0x39, 0x91, 0x0F, 0x39, 0x91, 0x0F, 0x39, 0x91, 
        0x0F, 0x39, 0x91, 0x0F, 0x39, 0x91, 0x0F, 0x39, 0x91, 0x0F, 0x38, 0x90, 0x0F, 0x38, 0x90, 0x0F, 0x38, 0x90, 0x0F, 0x39, 0x91, 0x0F, 0x39, 0x91, 0x0E, 0x38, 0x91, 0x0E, 0x38, 0x90, 0x0F, 0x39, 0x91, 0x0F, 0x39, 0x91, 0x0E, 0x39, 0x91, 
        0x0F, 0x39, 0x91, 0x0F, 0x39, 0x91, 0x0F, 0x39, 0x91, 0x0F, 0x39, 0x92, 0x0F, 0x3A, 0x92, 0x0F, 0x39, 0x91, 0x0F, 0x39, 0x92, 0x0F, 0x3A, 0x92, 0x0F, 0x3A, 0x92, 0x0F, 0x3B, 0x92, 0x0F, 0x3A, 0x92, 0x0F, 0x3A, 0x92, 0x0F, 0x3A, 0x92, 
        0x0F, 0x3A, 0x92, 0x0F, 0x39, 0x91, 0x0E, 0x39, 0x91, 0x0E, 0x39, 0x91, 0x0E, 0x38, 0x91, 0x0E, 0x38, 0x91, 0x0E, 0x37, 0x90, 0x0E, 0x37, 0x90, 0x0E, 0x37, 0x90, 0x0D, 0x36, 0x8F, 0x0D, 0x35, 0x8E, 0x0D, 0x35, 0x8D, 0x0C, 0x33, 0x8B, 
        0x0C, 0x34, 0x8C, 0x11, 0x3F, 0x96, 0x13, 0x42, 0x96,
  0x6D, 0x9E, 0xDA, 0x1F, 0x4B, 0x9D, 0x1B, 0x46, 0x99, 0x1B, 0x45, 0x99, 0x1A, 0x45, 0x99, 0x1A, 0x45, 0x99, 0x1B, 0x46, 0x99, 0x1A, 0x46, 0x99, 0x1A, 0x44, 0x99, 0x1A, 0x44, 0x99, 0x19, 0x44, 0x98, 0x19, 0x44, 0x98, 0x19, 0x44, 0x98, 0x19, 0x44, 0x98, 
        0x18, 0x43, 0x98, 0x18, 0x43, 0x98, 0x17, 0x42, 0x98, 0x13, 0x3C, 0x95, 0x12, 0x3B, 0x94, 0x12, 0x3B, 0x94, 0x12, 0x3C, 0x95, 0x11, 0x3A, 0x93, 0x11, 0x3A, 0x93, 0x11, 0x39, 0x93, 0x11, 0x39, 0x92, 0x10, 0x39, 0x92, 0x10, 0x38, 0x92, 
        0x0F, 0x37, 0x91, 0x0F, 0x38, 0x91, 0x0F, 0x38, 0x91, 0x0F, 0x37, 0x90, 0x0E, 0x36, 0x8F, 0x0E, 0x36, 0x8F, 0x0F, 0x36, 0x8F, 0x0F, 0x37, 0x8F, 0x0E, 0x36, 0x8E, 0x0E, 0x35, 0x8E, 0x0E, 0x34, 0x8D, 0x0D, 0x34, 0x8C, 0x0D, 0x34, 0x8C, 
        0x0D, 0x33, 0x8B, 0x0D, 0x33, 0x8B, 0x0D, 0x33, 0x8B, 0x0D, 0x33, 0x8B, 0x0D, 0x33, 0x8B, 0x0D, 0x33, 0x8B, 0x0D, 0x33, 0x8B, 0x0D, 0x33, 0x8A, 0x0E, 0x36, 0x8D, 0x10, 0x3A, 0x91, 0x0E, 0x36, 0x8E, 0x0D, 0x33, 0x8B, 0x0E, 0x35, 0x8E, 
        0x0F, 0x36, 0x90, 0x12, 0x3C, 0x94, 0x15, 0x41, 0x97, 0x1D, 0x4A, 0x9C, 0x1F, 0x4B, 0x9C, 0x16, 0x42, 0x98, 0x15, 0x41, 0x97, 0x15, 0x41, 0x97, 0x15, 0x41, 0x97, 0x15, 0x42, 0x98, 0x15, 0x42, 0x97, 0x15, 0x41, 0x97, 0x15, 0x41, 0x97, 
        0x14, 0x40, 0x97, 0x14, 0x41, 0x97, 0x14, 0x41, 0x97, 0x13, 0x3F, 0x96, 0x13, 0x3F, 0x96, 0x13, 0x3F, 0x96, 0x12, 0x3E, 0x95, 0x12, 0x3D, 0x95, 0x12, 0x3E, 0x95, 0x12, 0x3D, 0x94, 0x13, 0x3F, 0x96, 0x16, 0x43, 0x98, 0x13, 0x3F, 0x96, 
        0x11, 0x3C, 0x95, 0x11, 0x3C, 0x94, 0x11, 0x3C, 0x94, 0x12, 0x3E, 0x95, 0x13, 0x3F, 0x96, 0x11, 0x3D, 0x95, 0x11, 0x3C, 0x94, 0x11, 0x3C, 0x94, 0x11, 0x3D, 0x95, 0x11, 0x3C, 0x95, 0x11, 0x3B, 0x94, 0x11, 0x3C, 0x94, 0x11, 0x3B, 0x94, 
        0x11, 0x3D, 0x95, 0x12, 0x3E, 0x95, 0x11, 0x3B, 0x94, 0x10, 0x3B, 0x93, 0x11, 0x3D, 0x95, 0x11, 0x3C, 0x94, 0x12, 0x3E, 0x95, 0x12, 0x3E, 0x95, 0x10, 0x3B, 0x94, 0x10, 0x3A, 0x93, 0x10, 0x3B, 0x93, 0x10, 0x3B, 0x93, 0x10, 0x3A, 0x93, 
        0x10, 0x3B, 0x93, 0x10, 0x3B, 0x94, 0x10, 0x3B, 0x94, 0x10, 0x3B, 0x93, 0x0F, 0x3A, 0x93, 0x0F, 0x3A, 0x93, 0x10, 0x3B, 0x93, 0x10, 0x3B, 0x93, 0x10, 0x3B, 0x93, 0x10, 0x3B, 0x93, 0x10, 0x3B, 0x93, 0x10, 0x3A, 0x93, 0x0F, 0x3A, 0x93, 
        0x0F, 0x3A, 0x93, 0x0F, 0x3A, 0x93, 0x0F, 0x3A, 0x92, 0x0F, 0x3A, 0x92, 0x0F, 0x39, 0x92, 0x0F, 0x39, 0x92, 0x0F, 0x3A, 0x92, 0x0F, 0x39, 0x92, 0x0F, 0x3A, 0x93, 0x0F, 0x3B, 0x93, 0x0F, 0x3A, 0x93, 0x0F, 0x3A, 0x93, 0x0F, 0x3A, 0x93, 
        0x0F, 0x3A, 0x93, 0x0F, 0x3A, 0x93, 0x0F, 0x39, 0x93, 0x0F, 0x3A, 0x93, 0x0F, 0x3A, 0x93, 0x0F, 0x3A, 0x93, 0x0F, 0x3A, 0x93, 0x0F, 0x3B, 0x93, 0x0F, 0x3B, 0x94, 0x0F, 0x3B, 0x94, 0x0F, 0x3A, 0x93, 0x0F, 0x3B, 0x94, 0x0F, 0x3B, 0x94, 
        0x0F, 0x3B, 0x93, 0x0F, 0x3A, 0x93, 0x0F, 0x3A, 0x93, 0x0E, 0x3A, 0x93, 0x0E, 0x39, 0x93, 0x0E, 0x39, 0x93, 0x0E, 0x39, 0x92, 0x0E, 0x38, 0x92, 0x0E, 0x38, 0x91, 0x0D, 0x37, 0x91, 0x0D, 0x37, 0x91, 0x0D, 0x37, 0x90, 0x0C, 0x34, 0x8D, 
        0x0C, 0x34, 0x8E, 0x10, 0x3F, 0x96, 0x12, 0x42, 0x96,
  0x6B, 0x9C, 0xD8, 0x1D, 0x4A, 0x9E, 0x1B, 0x46, 0x9B, 0x1B, 0x46, 0x9B, 0x1B, 0x46, 0x9B, 0x1B, 0x46, 0x9B, 0x19, 0x45, 0x9A, 0x19, 0x45, 0x9A, 0x1B, 0x46, 0x9B, 0x1C, 0x46, 0x9B, 0x1A, 0x45, 0x9A, 0x19, 0x45, 0x9A, 0x19, 0x45, 0x9A, 0x18, 0x44, 0x9A, 
        0x17, 0x42, 0x99, 0x16, 0x42, 0x9A, 0x17, 0x43, 0x9A, 0x14, 0x3F, 0x98, 0x14, 0x3F, 0x98, 0x12, 0x3C, 0x96, 0x11, 0x3B, 0x95, 0x10, 0x3A, 0x94, 0x10, 0x39, 0x94, 0x10, 0x39, 0x94, 0x10, 0x39, 0x93, 0x10, 0x39, 0x93, 0x10, 0x39, 0x93, 
        0x10, 0x39, 0x93, 0x10, 0x39, 0x93, 0x0F, 0x38, 0x92, 0x0F, 0x37, 0x91, 0x0F, 0x37, 0x91, 0x0F, 0x37, 0x91, 0x0E, 0x36, 0x90, 0x0F, 0x37, 0x91, 0x0F, 0x37, 0x91, 0x0F, 0x37, 0x91, 0x0E, 0x36, 0x8F, 0x0E, 0x35, 0x8E, 0x0D, 0x34, 0x8D, 
        0x0D, 0x34, 0x8C, 0x0D, 0x34, 0x8D, 0x0D, 0x34, 0x8D, 0x0D, 0x34, 0x8C, 0x0D, 0x34, 0x8C, 0x0D, 0x34, 0x8C, 0x0D, 0x35, 0x8D, 0x0E, 0x35, 0x8D, 0x0E, 0x37, 0x8F, 0x0E, 0x37, 0x8F, 0x0D, 0x35, 0x8E, 0x0D, 0x35, 0x8E, 0x0E, 0x36, 0x8F, 
        0x0F, 0x37, 0x91, 0x12, 0x3E, 0x97, 0x15, 0x42, 0x99, 0x1C, 0x49, 0x9C, 0x1C, 0x49, 0x9C, 0x15, 0x42, 0x99, 0x15, 0x42, 0x99, 0x15, 0x42, 0x99, 0x15, 0x42, 0x99, 0x15, 0x42, 0x99, 0x15, 0x43, 0x99, 0x15, 0x42, 0x99, 0x15, 0x42, 0x99, 
        0x14, 0x42, 0x98, 0x16, 0x44, 0x99, 0x16, 0x44, 0x99, 0x14, 0x41, 0x98, 0x13, 0x40, 0x97, 0x13, 0x40, 0x97, 0x13, 0x3F, 0x97, 0x13, 0x3F, 0x98, 0x13, 0x3F, 0x98, 0x12, 0x3E, 0x96, 0x13, 0x40, 0x98, 0x15, 0x43, 0x99, 0x12, 0x3F, 0x97, 
        0x11, 0x3D, 0x96, 0x12, 0x3E, 0x96, 0x11, 0x3D, 0x96, 0x12, 0x3E, 0x97, 0x12, 0x3E, 0x96, 0x11, 0x3D, 0x96, 0x11, 0x3E, 0x96, 0x11, 0x3C, 0x95, 0x11, 0x3D, 0x95, 0x11, 0x3D, 0x96, 0x11, 0x3D, 0x96, 0x11, 0x3D, 0x96, 0x11, 0x3D, 0x96, 
        0x11, 0x3C, 0x96, 0x10, 0x3C, 0x95, 0x11, 0x3C, 0x95, 0x11, 0x3D, 0x95, 0x10, 0x3C, 0x95, 0x11, 0x3D, 0x96, 0x14, 0x42, 0x98, 0x12, 0x3F, 0x97, 0x10, 0x3B, 0x95, 0x10, 0x3C, 0x95, 0x10, 0x3C, 0x95, 0x10, 0x3C, 0x95, 0x10, 0x3B, 0x95, 
        0x10, 0x3C, 0x95, 0x10, 0x3C, 0x95, 0x10, 0x3C, 0x95, 0x10, 0x3C, 0x95, 0x10, 0x3C, 0x95, 0x10, 0x3C, 0x95, 0x10, 0x3C, 0x95, 0x10, 0x3C, 0x95, 0x10, 0x3C, 0x95, 0x10, 0x3B, 0x95, 0x10, 0x3B, 0x95, 0x10, 0x3B, 0x95, 0x10, 0x3B, 0x95, 
        0x0F, 0x3B, 0x95, 0x0F, 0x3B, 0x95, 0x0F, 0x3A, 0x94, 0x0F, 0x3B, 0x94, 0x0F, 0x3B, 0x94, 0x0F, 0x3A, 0x94, 0x0F, 0x3A, 0x94, 0x0F, 0x3A, 0x93, 0x11, 0x3E, 0x96, 0x11, 0x3F, 0x97, 0x0F, 0x3B, 0x95, 0x0F, 0x3B, 0x95, 0x0F, 0x3B, 0x95, 
        0x0F, 0x3B, 0x95, 0x0F, 0x3B, 0x95, 0x0F, 0x3B, 0x94, 0x0F, 0x3A, 0x94, 0x0F, 0x3B, 0x94, 0x0F, 0x3B, 0x94, 0x0F, 0x3B, 0x95, 0x0F, 0x3B, 0x95, 0x0F, 0x3B, 0x95, 0x0F, 0x3B, 0x95, 0x0F, 0x3B, 0x95, 0x0F, 0x3C, 0x95, 0x0F, 0x3C, 0x95, 
        0x0F, 0x3C, 0x95, 0x0F, 0x3B, 0x95, 0x0F, 0x3B, 0x95, 0x0E, 0x3A, 0x94, 0x0E, 0x3A, 0x94, 0x0E, 0x39, 0x94, 0x0E, 0x39, 0x93, 0x0E, 0x39, 0x94, 0x0E, 0x39, 0x93, 0x0D, 0x38, 0x93, 0x0E, 0x3A, 0x94, 0x0F, 0x3B, 0x95, 0x0D, 0x37, 0x91, 
        0x0C, 0x35, 0x8F, 0x0C, 0x36, 0x91, 0x0E, 0x38, 0x91,
  0x6E, 0x9C, 0xDA, 0x1F, 0x4C, 0xA0, 0x1B, 0x47, 0x9B, 0x1B, 0x47, 0x9B, 0x1B, 0x47, 0x9B, 0x1B, 0x47, 0x9B, 0x1A, 0x46, 0x9B, 0x1A, 0x47, 0x9B, 0x1B, 0x47, 0x9C, 0x1B, 0x47, 0x9B, 0x1A, 0x46, 0x9B, 0x19, 0x45, 0x9B, 0x18, 0x45, 0x9B, 0x18, 0x44, 0x9B, 
        0x16, 0x43, 0x9A, 0x16, 0x42, 0x9A, 0x16, 0x43, 0x9A, 0x14, 0x40, 0x99, 0x13, 0x3F, 0x98, 0x12, 0x3C, 0x96, 0x12, 0x3D, 0x97, 0x11, 0x3C, 0x96, 0x11, 0x3C, 0x95, 0x11, 0x3B, 0x95, 0x10, 0x3A, 0x94, 0x10, 0x3A, 0x94, 0x10, 0x39, 0x93, 
        0x10, 0x3A, 0x93, 0x10, 0x39, 0x93, 0x0F, 0x39, 0x93, 0x0F, 0x39, 0x92, 0x0F, 0x38, 0x92, 0x0F, 0x38, 0x92, 0x0E, 0x37, 0x91, 0x0F, 0x38, 0x92, 0x0F, 0x38, 0x91, 0x0F, 0x38, 0x92, 0x0E, 0x37, 0x91, 0x0E, 0x36, 0x90, 0x0D, 0x35, 0x8F, 
        0x0D, 0x35, 0x8E, 0x0D, 0x35, 0x8E, 0x0D, 0x35, 0x8E, 0x0D, 0x35, 0x8D, 0x0D, 0x35, 0x8D, 0x0D, 0x35, 0x8D, 0x0D, 0x35, 0x8D, 0x0E, 0x36, 0x8F, 0x0F, 0x39, 0x91, 0x0E, 0x36, 0x8F, 0x0E, 0x36, 0x8F, 0x0E, 0x37, 0x90, 0x0E, 0x38, 0x91, 
        0x10, 0x39, 0x93, 0x13, 0x40, 0x98, 0x14, 0x42, 0x99, 0x15, 0x43, 0x9A, 0x16, 0x45, 0x9B, 0x15, 0x43, 0x9A, 0x15, 0x43, 0x9A, 0x17, 0x45, 0x9B, 0x18, 0x46, 0x9B, 0x15, 0x43, 0x9A, 0x16, 0x44, 0x9A, 0x15, 0x43, 0x9A, 0x15, 0x43, 0x99, 
        0x15, 0x43, 0x99, 0x16, 0x44, 0x9A, 0x16, 0x44, 0x9A, 0x14, 0x42, 0x99, 0x14, 0x41, 0x99, 0x14, 0x41, 0x99, 0x13, 0x41, 0x99, 0x13, 0x40, 0x98, 0x13, 0x40, 0x98, 0x13, 0x40, 0x98, 0x12, 0x3F, 0x98, 0x12, 0x3F, 0x97, 0x12, 0x3F, 0x97, 
        0x12, 0x3F, 0x98, 0x12, 0x40, 0x98, 0x12, 0x3F, 0x97, 0x12, 0x3E, 0x97, 0x12, 0x3E, 0x97, 0x12, 0x3E, 0x97, 0x11, 0x3E, 0x97, 0x12, 0x3F, 0x98, 0x13, 0x41, 0x99, 0x11, 0x3E, 0x97, 0x11, 0x3E, 0x97, 0x11, 0x3E, 0x97, 0x11, 0x3E, 0x96, 
        0x11, 0x3D, 0x96, 0x11, 0x3D, 0x96, 0x11, 0x3E, 0x97, 0x11, 0x3E, 0x97, 0x10, 0x3C, 0x95, 0x13, 0x41, 0x98, 0x18, 0x47, 0x9B, 0x12, 0x41, 0x98, 0x10, 0x3B, 0x95, 0x10, 0x3D, 0x96, 0x10, 0x3C, 0x96, 0x11, 0x3D, 0x96, 0x10, 0x3D, 0x96, 
        0x10, 0x3C, 0x95, 0x10, 0x3D, 0x96, 0x10, 0x3D, 0x96, 0x10, 0x3D, 0x96, 0x10, 0x3D, 0x97, 0x10, 0x3D, 0x96, 0x10, 0x3D, 0x96, 0x10, 0x3D, 0x96, 0x10, 0x3D, 0x96, 0x10, 0x3D, 0x96, 0x10, 0x3C, 0x96, 0x0F, 0x3C, 0x96, 0x10, 0x3C, 0x96, 
        0x10, 0x3C, 0x96, 0x0F, 0x3B, 0x95, 0x0F, 0x3B, 0x95, 0x0F, 0x3B, 0x95, 0x0F, 0x3B, 0x95, 0x0F, 0x3B, 0x95, 0x0F, 0x3C, 0x95, 0x0F, 0x3B, 0x95, 0x10, 0x3D, 0x96, 0x10, 0x3E, 0x97, 0x0F, 0x3B, 0x95, 0x0F, 0x3C, 0x96, 0x0F, 0x3B, 0x95, 
        0x0F, 0x3B, 0x95, 0x0F, 0x3B, 0x95, 0x0F, 0x3B, 0x95, 0x0F, 0x3B, 0x95, 0x0F, 0x3B, 0x95, 0x0F, 0x3C, 0x95, 0x0F, 0x3B, 0x95, 0x0F, 0x3C, 0x95, 0x0F, 0x3C, 0x96, 0x0F, 0x3C, 0x96, 0x0F, 0x3D, 0x97, 0x10, 0x3E, 0x97, 0x0F, 0x3C, 0x96, 
        0x0F, 0x3C, 0x96, 0x0F, 0x3C, 0x96, 0x0E, 0x3B, 0x95, 0x0F, 0x3B, 0x95, 0x0F, 0x3D, 0x97, 0x0F, 0x3E, 0x97, 0x0E, 0x3B, 0x95, 0x0E, 0x39, 0x94, 0x0E, 0x39, 0x94, 0x0E, 0x39, 0x94, 0x0E, 0x3B, 0x95, 0x0E, 0x3B, 0x95, 0x0D, 0x38, 0x92, 
        0x0C, 0x36, 0x91, 0x0C, 0x36, 0x90, 0x0D, 0x38, 0x8F,
  0x6F, 0x9C, 0xDA, 0x20, 0x4E, 0xA1, 0x1B, 0x48, 0x9D, 0x1B, 0x48, 0x9D, 0x1C, 0x48, 0x9D, 0x1B, 0x48, 0x9D, 0x1B, 0x48, 0x9D, 0x1C, 0x48, 0x9D, 0x1B, 0x48, 0x9D, 0x1A, 0x47, 0x9D, 0x19, 0x47, 0x9C, 0x19, 0x47, 0x9D, 0x19, 0x46, 0x9C, 0x17, 0x44, 0x9C, 
        0x17, 0x44, 0x9C, 0x16, 0x44, 0x9C, 0x16, 0x44, 0x9C, 0x14, 0x41, 0x9B, 0x13, 0x3E, 0x98, 0x11, 0x3C, 0x96, 0x12, 0x3D, 0x97, 0x11, 0x3D, 0x97, 0x11, 0x3C, 0x97, 0x11, 0x3C, 0x96, 0x10, 0x3B, 0x95, 0x10, 0x3B, 0x95, 0x10, 0x3A, 0x95, 
        0x10, 0x3A, 0x95, 0x0F, 0x39, 0x93, 0x0F, 0x39, 0x93, 0x0F, 0x39, 0x94, 0x0F, 0x39, 0x94, 0x0F, 0x38, 0x93, 0x0F, 0x39, 0x93, 0x0F, 0x38, 0x93, 0x0E, 0x38, 0x93, 0x0F, 0x38, 0x93, 0x0E, 0x38, 0x93, 0x0F, 0x38, 0x93, 0x0E, 0x37, 0x92, 
        0x0E, 0x36, 0x90, 0x0D, 0x36, 0x8F, 0x0D, 0x36, 0x8F, 0x0D, 0x36, 0x8F, 0x0D, 0x36, 0x8F, 0x0D, 0x35, 0x8F, 0x0D, 0x35, 0x8E, 0x0D, 0x36, 0x8F, 0x0E, 0x38, 0x91, 0x0D, 0x37, 0x90, 0x0E, 0x37, 0x91, 0x0E, 0x38, 0x92, 0x0F, 0x39, 0x93, 
        0x11, 0x3C, 0x96, 0x14, 0x41, 0x9A, 0x14, 0x43, 0x9B, 0x14, 0x43, 0x9B, 0x14, 0x43, 0x9B, 0x15, 0x43, 0x9B, 0x15, 0x43, 0x9B, 0x17, 0x46, 0x9D, 0x18, 0x47, 0x9D, 0x16, 0x45, 0x9C, 0x16, 0x45, 0x9C, 0x16, 0x45, 0x9C, 0x15, 0x44, 0x9C, 
        0x15, 0x44, 0x9B, 0x15, 0x43, 0x9B, 0x14, 0x43, 0x9B, 0x14, 0x42, 0x9A, 0x14, 0x43, 0x9A, 0x14, 0x43, 0x9A, 0x13, 0x41, 0x9A, 0x13, 0x41, 0x9A, 0x13, 0x41, 0x9A, 0x13, 0x41, 0x9A, 0x13, 0x41, 0x9A, 0x12, 0x40, 0x99, 0x13, 0x41, 0x99, 
        0x12, 0x40, 0x99, 0x12, 0x40, 0x99, 0x12, 0x40, 0x99, 0x12, 0x3F, 0x99, 0x12, 0x40, 0x99, 0x12, 0x3F, 0x99, 0x11, 0x3E, 0x98, 0x13, 0x42, 0x9A, 0x15, 0x46, 0x9C, 0x12, 0x40, 0x99, 0x11, 0x3E, 0x98, 0x11, 0x3F, 0x98, 0x11, 0x3E, 0x98, 
        0x11, 0x3E, 0x98, 0x11, 0x3E, 0x98, 0x11, 0x3E, 0x98, 0x11, 0x3E, 0x98, 0x11, 0x3E, 0x98, 0x12, 0x40, 0x99, 0x14, 0x44, 0x9B, 0x12, 0x41, 0x9A, 0x10, 0x3D, 0x98, 0x11, 0x3E, 0x98, 0x11, 0x3E, 0x98, 0x11, 0x3E, 0x99, 0x11, 0x3E, 0x98, 
        0x10, 0x3E, 0x97, 0x11, 0x3F, 0x98, 0x11, 0x3E, 0x98, 0x11, 0x3E, 0x98, 0x10, 0x3E, 0x98, 0x10, 0x3E, 0x98, 0x10, 0x3E, 0x98, 0x10, 0x3E, 0x98, 0x10, 0x3E, 0x98, 0x10, 0x3D, 0x98, 0x10, 0x3D, 0x97, 0x0F, 0x3D, 0x97, 0x0F, 0x3D, 0x97, 
        0x0F, 0x3C, 0x97, 0x0F, 0x3C, 0x97, 0x0F, 0x3C, 0x97, 0x0F, 0x3C, 0x97, 0x0F, 0x3C, 0x97, 0x0F, 0x3C, 0x96, 0x0F, 0x3D, 0x97, 0x10, 0x3D, 0x97, 0x0F, 0x3D, 0x97, 0x0F, 0x3C, 0x97, 0x0F, 0x3C, 0x97, 0x0F, 0x3D, 0x97, 0x0F, 0x3D, 0x97, 
        0x0F, 0x3C, 0x97, 0x0F, 0x3C, 0x96, 0x0F, 0x3C, 0x97, 0x0F, 0x3C, 0x96, 0x0F, 0x3C, 0x96, 0x0F, 0x3C, 0x96, 0x0F, 0x3C, 0x96, 0x0F, 0x3C, 0x97, 0x0F, 0x3C, 0x97, 0x0F, 0x3D, 0x97, 0x10, 0x40, 0x99, 0x10, 0x40, 0x99, 0x0F, 0x3D, 0x97, 
        0x0F, 0x3C, 0x97, 0x0F, 0x3C, 0x97, 0x0E, 0x3C, 0x97, 0x0F, 0x3E, 0x98, 0x11, 0x42, 0x9B, 0x12, 0x43, 0x9B, 0x0F, 0x3E, 0x98, 0x0E, 0x3A, 0x95, 0x0E, 0x3A, 0x95, 0x0D, 0x3A, 0x95, 0x0D, 0x3A, 0x95, 0x0D, 0x39, 0x94, 0x0D, 0x38, 0x93, 
        0x0C, 0x37, 0x92, 0x0C, 0x36, 0x91, 0x0D, 0x37, 0x8F,
  0x70, 0x9E, 0xDA, 0x20, 0x4D, 0xA3, 0x1C, 0x49, 0x9F, 0x1B, 0x48, 0x9F, 0x1B, 0x48, 0x9F, 0x1B, 0x48, 0x9F, 0x1C, 0x48, 0x9F, 0x1C, 0x48, 0x9F, 0x1B, 0x47, 0x9E, 0x1A, 0x47, 0x9E, 0x19, 0x47, 0x9E, 0x1A, 0x47, 0x9E, 0x19, 0x46, 0x9E, 0x18, 0x45, 0x9E, 
        0x17, 0x44, 0x9E, 0x15, 0x43, 0x9D, 0x15, 0x42, 0x9D, 0x15, 0x42, 0x9D, 0x14, 0x40, 0x9B, 0x12, 0x3E, 0x9A, 0x12, 0x3D, 0x99, 0x11, 0x3C, 0x98, 0x11, 0x3B, 0x98, 0x10, 0x3B, 0x97, 0x10, 0x3A, 0x97, 0x10, 0x3A, 0x97, 0x10, 0x3A, 0x96, 
        0x10, 0x3A, 0x96, 0x0F, 0x38, 0x95, 0x0E, 0x38, 0x94, 0x0F, 0x39, 0x95, 0x0F, 0x39, 0x95, 0x0F, 0x39, 0x95, 0x0F, 0x39, 0x95, 0x0F, 0x39, 0x95, 0x0F, 0x38, 0x95, 0x0E, 0x38, 0x94, 0x0E, 0x37, 0x94, 0x0F, 0x38, 0x95, 0x0E, 0x38, 0x94, 
        0x0E, 0x37, 0x92, 0x0D, 0x37, 0x92, 0x0D, 0x36, 0x91, 0x0D, 0x35, 0x90, 0x0D, 0x35, 0x90, 0x0D, 0x35, 0x90, 0x0D, 0x35, 0x90, 0x0D, 0x36, 0x91, 0x0D, 0x36, 0x91, 0x0E, 0x37, 0x92, 0x0E, 0x37, 0x93, 0x0E, 0x38, 0x94, 0x0F, 0x39, 0x95, 
        0x10, 0x3C, 0x97, 0x14, 0x41, 0x9C, 0x14, 0x43, 0x9D, 0x14, 0x43, 0x9D, 0x15, 0x44, 0x9D, 0x16, 0x45, 0x9E, 0x16, 0x44, 0x9D, 0x16, 0x45, 0x9E, 0x16, 0x45, 0x9E, 0x16, 0x45, 0x9E, 0x16, 0x45, 0x9E, 0x16, 0x45, 0x9D, 0x16, 0x45, 0x9E, 
        0x15, 0x44, 0x9D, 0x15, 0x43, 0x9C, 0x15, 0x44, 0x9C, 0x14, 0x43, 0x9C, 0x14, 0x43, 0x9C, 0x14, 0x42, 0x9C, 0x14, 0x42, 0x9C, 0x14, 0x42, 0x9C, 0x13, 0x42, 0x9C, 0x13, 0x41, 0x9B, 0x13, 0x42, 0x9C, 0x13, 0x42, 0x9C, 0x13, 0x41, 0x9B, 
        0x13, 0x41, 0x9B, 0x13, 0x40, 0x9B, 0x12, 0x40, 0x9B, 0x12, 0x40, 0x9B, 0x12, 0x40, 0x9B, 0x12, 0x40, 0x9B, 0x12, 0x40, 0x9B, 0x11, 0x3E, 0x9A, 0x12, 0x40, 0x9B, 0x11, 0x3F, 0x9A, 0x11, 0x3F, 0x9A, 0x11, 0x3F, 0x9A, 0x11, 0x3F, 0x9A, 
        0x11, 0x3E, 0x9A, 0x11, 0x3E, 0x9A, 0x11, 0x3E, 0x9A, 0x11, 0x3E, 0x9A, 0x11, 0x3E, 0x9A, 0x11, 0x3E, 0x9A, 0x11, 0x3E, 0x99, 0x11, 0x3E, 0x9A, 0x11, 0x3E, 0x9A, 0x11, 0x3E, 0x9A, 0x11, 0x3E, 0x9A, 0x11, 0x3F, 0x9A, 0x11, 0x3E, 0x9A, 
        0x11, 0x3E, 0x99, 0x11, 0x3F, 0x9A, 0x11, 0x3E, 0x9A, 0x11, 0x3E, 0x9A, 0x10, 0x3E, 0x99, 0x10, 0x3E, 0x9A, 0x10, 0x3E, 0x9A, 0x10, 0x3E, 0x99, 0x10, 0x3E, 0x99, 0x10, 0x3D, 0x99, 0x10, 0x3D, 0x99, 0x10, 0x3D, 0x99, 0x0F, 0x3D, 0x99, 
        0x10, 0x3D, 0x99, 0x10, 0x3D, 0x99, 0x10, 0x3D, 0x99, 0x10, 0x3D, 0x99, 0x0F, 0x3C, 0x99, 0x0F, 0x3C, 0x99, 0x0F, 0x3C, 0x98, 0x0F, 0x3D, 0x98, 0x0F, 0x3C, 0x99, 0x0F, 0x3C, 0x98, 0x0F, 0x3D, 0x99, 0x10, 0x3D, 0x99, 0x10, 0x3E, 0x9A, 
        0x10, 0x3D, 0x99, 0x0F, 0x3C, 0x98, 0x0F, 0x3C, 0x98, 0x0F, 0x3C, 0x98, 0x0F, 0x3B, 0x98, 0x0F, 0x3B, 0x98, 0x0F, 0x3C, 0x98, 0x0F, 0x3C, 0x98, 0x0E, 0x3B, 0x98, 0x0F, 0x3C, 0x98, 0x10, 0x3F, 0x9A, 0x10, 0x3E, 0x9A, 0x0F, 0x3C, 0x99, 
        0x0F, 0x3D, 0x99, 0x0F, 0x3D, 0x99, 0x0E, 0x3B, 0x98, 0x0F, 0x3C, 0x99, 0x10, 0x40, 0x9B, 0x11, 0x41, 0x9C, 0x0F, 0x3D, 0x99, 0x0E, 0x3A, 0x97, 0x0E, 0x3B, 0x98, 0x0E, 0x3A, 0x97, 0x0D, 0x39, 0x97, 0x0D, 0x39, 0x96, 0x0D, 0x39, 0x96, 
        0x0D, 0x38, 0x95, 0x0C, 0x37, 0x93, 0x0D, 0x38, 0x91,
  0x70, 0x9D, 0xD8, 0x20, 0x4E, 0xA4, 0x20, 0x4D, 0xA2, 0x1E, 0x4B, 0xA1, 0x1B, 0x48, 0xA0, 0x1B, 0x49, 0xA0, 0x1B, 0x49, 0xA0, 0x1B, 0x48, 0xA0, 0x1B, 0x48, 0xA0, 0x1B, 0x48, 0xA0, 0x19, 0x47, 0xA0, 0x18, 0x47, 0x9F, 0x17, 0x45, 0x9F, 0x17, 0x45, 0xA0, 
        0x17, 0x45, 0xA0, 0x15, 0x43, 0x9E, 0x14, 0x41, 0x9D, 0x14, 0x41, 0x9D, 0x13, 0x40, 0x9C, 0x12, 0x3E, 0x9B, 0x12, 0x3E, 0x9B, 0x11, 0x3D, 0x9A, 0x11, 0x3D, 0x9A, 0x11, 0x3C, 0x9A, 0x10, 0x3B, 0x98, 0x10, 0x3B, 0x98, 0x10, 0x3B, 0x98, 
        0x10, 0x3B, 0x98, 0x0F, 0x3B, 0x98, 0x0F, 0x3A, 0x97, 0x0F, 0x3A, 0x97, 0x0F, 0x3A, 0x97, 0x0F, 0x3A, 0x97, 0x0E, 0x39, 0x96, 0x0F, 0x39, 0x96, 0x0F, 0x3A, 0x97, 0x0E, 0x38, 0x95, 0x0E, 0x39, 0x96, 0x0F, 0x39, 0x96, 0x0E, 0x39, 0x95, 
        0x0F, 0x39, 0x96, 0x0E, 0x38, 0x95, 0x0E, 0x38, 0x95, 0x0D, 0x37, 0x93, 0x0D, 0x37, 0x92, 0x0D, 0x37, 0x92, 0x0E, 0x38, 0x93, 0x0E, 0x38, 0x94, 0x0E, 0x38, 0x95, 0x0D, 0x37, 0x94, 0x0E, 0x38, 0x94, 0x0F, 0x39, 0x96, 0x10, 0x3B, 0x97, 
        0x11, 0x3D, 0x9A, 0x14, 0x43, 0x9E, 0x15, 0x44, 0x9E, 0x15, 0x45, 0x9F, 0x15, 0x45, 0x9F, 0x16, 0x46, 0x9F, 0x16, 0x46, 0x9F, 0x16, 0x46, 0x9F, 0x17, 0x47, 0xA0, 0x16, 0x46, 0x9F, 0x16, 0x46, 0x9F, 0x16, 0x46, 0x9F, 0x16, 0x46, 0x9F, 
        0x16, 0x45, 0x9F, 0x15, 0x45, 0x9F, 0x15, 0x45, 0x9E, 0x15, 0x44, 0x9E, 0x14, 0x44, 0x9E, 0x14, 0x44, 0x9E, 0x14, 0x44, 0x9E, 0x14, 0x43, 0x9D, 0x14, 0x43, 0x9E, 0x15, 0x45, 0x9E, 0x14, 0x43, 0x9E, 0x14, 0x44, 0x9E, 0x14, 0x44, 0x9E, 
        0x13, 0x42, 0x9D, 0x13, 0x42, 0x9D, 0x13, 0x42, 0x9D, 0x12, 0x41, 0x9C, 0x12, 0x41, 0x9C, 0x16, 0x46, 0x9F, 0x14, 0x44, 0x9E, 0x11, 0x3F, 0x9B, 0x11, 0x3F, 0x9C, 0x11, 0x40, 0x9C, 0x11, 0x40, 0x9C, 0x11, 0x40, 0x9B, 0x11, 0x40, 0x9B, 
        0x11, 0x3F, 0x9B, 0x11, 0x3F, 0x9B, 0x11, 0x40, 0x9C, 0x11, 0x3F, 0x9B, 0x11, 0x3F, 0x9C, 0x12, 0x41, 0x9C, 0x11, 0x40, 0x9C, 0x11, 0x40, 0x9C, 0x11, 0x40, 0x9C, 0x11, 0x40, 0x9C, 0x11, 0x3F, 0x9B, 0x11, 0x40, 0x9C, 0x13, 0x43, 0x9D, 
        0x13, 0x42, 0x9D, 0x10, 0x3F, 0x9B, 0x11, 0x3F, 0x9B, 0x11, 0x40, 0x9C, 0x11, 0x40, 0x9B, 0x10, 0x3F, 0x9B, 0x10, 0x3F, 0x9B, 0x10, 0x3F, 0x9B, 0x10, 0x3F, 0x9B, 0x10, 0x3F, 0x9B, 0x10, 0x3F, 0x9B, 0x10, 0x3E, 0x9B, 0x10, 0x3E, 0x9A, 
        0x10, 0x3E, 0x9B, 0x10, 0x3E, 0x9B, 0x10, 0x3E, 0x9A, 0x0F, 0x3D, 0x9A, 0x10, 0x3E, 0x9A, 0x0F, 0x3E, 0x9A, 0x0F, 0x3D, 0x9A, 0x0F, 0x3D, 0x9A, 0x0F, 0x3D, 0x9A, 0x0F, 0x3D, 0x9A, 0x0F, 0x3D, 0x9A, 0x10, 0x3E, 0x9A, 0x10, 0x3E, 0x9B, 
        0x10, 0x3E, 0x9B, 0x0F, 0x3D, 0x9A, 0x0F, 0x3D, 0x9A, 0x0F, 0x3D, 0x99, 0x0F, 0x3D, 0x99, 0x0E, 0x3C, 0x99, 0x0E, 0x3D, 0x9A, 0x0F, 0x3D, 0x9A, 0x0E, 0x3C, 0x99, 0x0E, 0x3C, 0x99, 0x0F, 0x3D, 0x9A, 0x0F, 0x3D, 0x99, 0x0F, 0x3D, 0x9A, 
        0x0F, 0x3D, 0x9A, 0x0F, 0x3D, 0x9A, 0x0F, 0x3D, 0x9A, 0x0E, 0x3D, 0x9A, 0x0F, 0x3D, 0x9A, 0x0F, 0x3D, 0x9A, 0x0E, 0x3C, 0x99, 0x0E, 0x3C, 0x99, 0x0E, 0x3B, 0x99, 0x0E, 0x3B, 0x99, 0x0E, 0x3A, 0x98, 0x0D, 0x3A, 0x98, 0x0D, 0x39, 0x97, 
        0x0D, 0x39, 0x96, 0x0D, 0x38, 0x96, 0x0D, 0x39, 0x93,
  0x72, 0xA0, 0xD9, 0x20, 0x4F, 0xA5, 0x1E, 0x4C, 0xA2, 0x1D, 0x4B, 0xA2, 0x1B, 0x49, 0xA1, 0x1C, 0x4A, 0xA1, 0x1C, 0x4A, 0xA1, 0x1C, 0x49, 0xA1, 0x1B, 0x49, 0xA1, 0x1A, 0x48, 0xA1, 0x1A, 0x48, 0xA0, 0x18, 0x47, 0xA0, 0x17, 0x46, 0xA0, 0x16, 0x45, 0xA0, 
        0x14, 0x42, 0x9E, 0x15, 0x43, 0x9F, 0x14, 0x42, 0x9E, 0x13, 0x40, 0x9D, 0x12, 0x3F, 0x9C, 0x12, 0x3F, 0x9C, 0x12, 0x3F, 0x9B, 0x11, 0x3E, 0x9B, 0x11, 0x3D, 0x9B, 0x10, 0x3C, 0x99, 0x10, 0x3B, 0x99, 0x10, 0x3C, 0x99, 0x10, 0x3B, 0x99, 
        0x0F, 0x3B, 0x98, 0x0F, 0x3B, 0x98, 0x0F, 0x3B, 0x98, 0x0F, 0x3A, 0x97, 0x0F, 0x3A, 0x98, 0x0F, 0x3B, 0x98, 0x0F, 0x3A, 0x97, 0x0F, 0x3B, 0x98, 0x0F, 0x3B, 0x98, 0x0F, 0x3A, 0x97, 0x0F, 0x3A, 0x97, 0x0F, 0x3A, 0x97, 0x0F, 0x3A, 0x97, 
        0x0F, 0x3A, 0x97, 0x0E, 0x39, 0x96, 0x0E, 0x39, 0x96, 0x0E, 0x39, 0x96, 0x0E, 0x39, 0x95, 0x0E, 0x39, 0x95, 0x0F, 0x3A, 0x96, 0x0F, 0x3B, 0x97, 0x0E, 0x3A, 0x96, 0x0E, 0x39, 0x95, 0x0F, 0x3A, 0x97, 0x10, 0x3C, 0x98, 0x10, 0x3D, 0x99, 
        0x12, 0x40, 0x9D, 0x15, 0x45, 0x9F, 0x15, 0x45, 0x9F, 0x16, 0x46, 0xA0, 0x16, 0x47, 0xA0, 0x16, 0x46, 0xA0, 0x16, 0x46, 0xA0, 0x17, 0x47, 0xA0, 0x17, 0x48, 0xA1, 0x16, 0x47, 0xA0, 0x16, 0x47, 0xA0, 0x16, 0x47, 0xA0, 0x16, 0x47, 0xA0, 
        0x16, 0x47, 0xA0, 0x16, 0x47, 0xA0, 0x15, 0x46, 0x9F, 0x15, 0x45, 0x9F, 0x15, 0x45, 0x9F, 0x14, 0x45, 0x9F, 0x14, 0x45, 0x9F, 0x14, 0x44, 0x9E, 0x17, 0x48, 0xA0, 0x1A, 0x4A, 0xA1, 0x15, 0x46, 0xA0, 0x13, 0x43, 0x9E, 0x14, 0x45, 0x9F, 
        0x14, 0x44, 0x9F, 0x13, 0x43, 0x9E, 0x13, 0x43, 0x9E, 0x13, 0x43, 0x9E, 0x13, 0x43, 0x9E, 0x14, 0x44, 0x9E, 0x13, 0x43, 0x9E, 0x12, 0x41, 0x9D, 0x12, 0x41, 0x9D, 0x11, 0x41, 0x9D, 0x11, 0x40, 0x9C, 0x12, 0x42, 0x9D, 0x13, 0x44, 0x9E, 
        0x12, 0x41, 0x9D, 0x11, 0x40, 0x9C, 0x11, 0x40, 0x9D, 0x11, 0x40, 0x9C, 0x11, 0x40, 0x9C, 0x11, 0x40, 0x9D, 0x11, 0x41, 0x9D, 0x11, 0x41, 0x9C, 0x11, 0x41, 0x9D, 0x11, 0x41, 0x9D, 0x11, 0x41, 0x9D, 0x11, 0x42, 0x9D, 0x13, 0x44, 0x9E, 
        0x13, 0x43, 0x9E, 0x10, 0x3F, 0x9C, 0x11, 0x40, 0x9C, 0x11, 0x41, 0x9D, 0x11, 0x40, 0x9C, 0x11, 0x40, 0x9C, 0x11, 0x40, 0x9C, 0x10, 0x3F, 0x9C, 0x10, 0x40, 0x9C, 0x10, 0x40, 0x9C, 0x10, 0x40, 0x9C, 0x10, 0x3F, 0x9C, 0x10, 0x3F, 0x9C, 
        0x10, 0x3F, 0x9B, 0x10, 0x3F, 0x9B, 0x0F, 0x3E, 0x9B, 0x0F, 0x3E, 0x9B, 0x0F, 0x3E, 0x9B, 0x10, 0x3E, 0x9B, 0x0F, 0x3E, 0x9B, 0x0F, 0x3E, 0x9B, 0x0F, 0x3E, 0x9B, 0x0F, 0x3E, 0x9B, 0x0F, 0x3E, 0x9B, 0x10, 0x3E, 0x9B, 0x0F, 0x3F, 0x9B, 
        0x0F, 0x3E, 0x9B, 0x0F, 0x3E, 0x9B, 0x0F, 0x3E, 0x9B, 0x0F, 0x3E, 0x9A, 0x0F, 0x3E, 0x9A, 0x0F, 0x3E, 0x9A, 0x0E, 0x3D, 0x9A, 0x0E, 0x3D, 0x9A, 0x0E, 0x3D, 0x9A, 0x0E, 0x3D, 0x9A, 0x0E, 0x3D, 0x9A, 0x0F, 0x3D, 0x9A, 0x0E, 0x3D, 0x9A, 
        0x0F, 0x3D, 0x9B, 0x0F, 0x3E, 0x9B, 0x0F, 0x3E, 0x9B, 0x0F, 0x3E, 0x9B, 0x0F, 0x3E, 0x9B, 0x0F, 0x3D, 0x9B, 0x0E, 0x3D, 0x9A, 0x0E, 0x3C, 0x9A, 0x0E, 0x3C, 0x9A, 0x0E, 0x3C, 0x9A, 0x0E, 0x3B, 0x99, 0x0E, 0x3B, 0x99, 0x0D, 0x3B, 0x99, 
        0x0D, 0x3A, 0x98, 0x0D, 0x39, 0x96, 0x0D, 0x3A, 0x94,
  0x74, 0xA1, 0xDA, 0x20, 0x4F, 0xA6, 0x1C, 0x4A, 0xA3, 0x1C, 0x4A, 0xA3, 0x1C, 0x4A, 0xA3, 0x1C, 0x4A, 0xA3, 0x1C, 0x4A, 0xA3, 0x1C, 0x49, 0xA3, 0x1B, 0x49, 0xA2, 0x1D, 0x4A, 0xA3, 0x1B, 0x49, 0xA3, 0x19, 0x47, 0xA2, 0x17, 0x46, 0xA2, 0x17, 0x47, 0xA2, 
        0x14, 0x41, 0x9F, 0x12, 0x3F, 0x9D, 0x14, 0x42, 0x9F, 0x12, 0x3F, 0x9E, 0x13, 0x41, 0x9F, 0x12, 0x3E, 0x9D, 0x10, 0x3B, 0x9A, 0x11, 0x3E, 0x9C, 0x10, 0x3C, 0x9B, 0x0F, 0x3A, 0x99, 0x10, 0x3C, 0x9A, 0x10, 0x3C, 0x9B, 0x11, 0x3C, 0x9B, 
        0x10, 0x3C, 0x9A, 0x0F, 0x3B, 0x9A, 0x10, 0x3C, 0x9A, 0x0F, 0x3B, 0x99, 0x0F, 0x3A, 0x99, 0x0F, 0x3B, 0x9A, 0x0F, 0x3A, 0x99, 0x0F, 0x3B, 0x99, 0x0F, 0x3B, 0x99, 0x0F, 0x3A, 0x98, 0x0F, 0x3A, 0x98, 0x0E, 0x39, 0x98, 0x0E, 0x39, 0x98, 
        0x0E, 0x39, 0x98, 0x0E, 0x39, 0x97, 0x0E, 0x39, 0x97, 0x0E, 0x39, 0x98, 0x0F, 0x3A, 0x98, 0x0E, 0x39, 0x97, 0x0F, 0x3A, 0x99, 0x0F, 0x3B, 0x99, 0x0E, 0x39, 0x98, 0x0E, 0x39, 0x97, 0x0F, 0x3B, 0x99, 0x10, 0x3C, 0x9A, 0x10, 0x3D, 0x9B, 
        0x12, 0x40, 0x9E, 0x14, 0x44, 0xA0, 0x15, 0x44, 0xA0, 0x15, 0x45, 0xA1, 0x16, 0x46, 0xA2, 0x16, 0x47, 0xA2, 0x16, 0x47, 0xA2, 0x16, 0x47, 0xA2, 0x17, 0x48, 0xA2, 0x16, 0x47, 0xA2, 0x16, 0x47, 0xA2, 0x17, 0x48, 0xA2, 0x17, 0x48, 0xA2, 
        0x16, 0x47, 0xA1, 0x16, 0x47, 0xA2, 0x16, 0x46, 0xA1, 0x15, 0x46, 0xA1, 0x16, 0x46, 0xA1, 0x16, 0x46, 0xA1, 0x15, 0x45, 0xA1, 0x15, 0x45, 0xA1, 0x16, 0x46, 0xA1, 0x16, 0x47, 0xA1, 0x14, 0x45, 0xA1, 0x14, 0x45, 0xA1, 0x15, 0x45, 0xA1, 
        0x15, 0x46, 0xA1, 0x14, 0x45, 0xA0, 0x13, 0x44, 0xA0, 0x13, 0x44, 0xA0, 0x13, 0x43, 0x9F, 0x12, 0x41, 0x9E, 0x12, 0x42, 0x9F, 0x12, 0x41, 0x9F, 0x12, 0x41, 0x9F, 0x12, 0x41, 0x9F, 0x12, 0x41, 0x9E, 0x12, 0x42, 0x9F, 0x13, 0x43, 0x9F, 
        0x12, 0x41, 0x9F, 0x11, 0x40, 0x9D, 0x11, 0x40, 0x9E, 0x12, 0x41, 0x9E, 0x11, 0x41, 0x9E, 0x11, 0x40, 0x9E, 0x12, 0x41, 0x9F, 0x12, 0x41, 0x9F, 0x12, 0x41, 0x9E, 0x11, 0x41, 0x9E, 0x11, 0x41, 0x9E, 0x11, 0x42, 0x9F, 0x11, 0x40, 0x9E, 
        0x11, 0x40, 0x9E, 0x12, 0x41, 0x9E, 0x11, 0x41, 0x9E, 0x11, 0x41, 0x9E, 0x11, 0x41, 0x9E, 0x11, 0x41, 0x9E, 0x11, 0x41, 0x9E, 0x11, 0x41, 0x9E, 0x11, 0x40, 0x9E, 0x10, 0x40, 0x9D, 0x10, 0x40, 0x9D, 0x10, 0x40, 0x9D, 0x10, 0x40, 0x9E, 
        0x10, 0x40, 0x9E, 0x10, 0x40, 0x9D, 0x10, 0x3F, 0x9D, 0x10, 0x3F, 0x9D, 0x10, 0x3F, 0x9D, 0x10, 0x3E, 0x9D, 0x0F, 0x3E, 0x9D, 0x0F, 0x3E, 0x9D, 0x0F, 0x3E, 0x9D, 0x0F, 0x3E, 0x9C, 0x0F, 0x3E, 0x9C, 0x0F, 0x3E, 0x9C, 0x0F, 0x3E, 0x9C, 
        0x0F, 0x3E, 0x9C, 0x0F, 0x3E, 0x9C, 0x0F, 0x3E, 0x9C, 0x0F, 0x3E, 0x9C, 0x0F, 0x3D, 0x9C, 0x0F, 0x3D, 0x9C, 0x0E, 0x3D, 0x9C, 0x0E, 0x3C, 0x9B, 0x0E, 0x3D, 0x9C, 0x0E, 0x3D, 0x9B, 0x0E, 0x3C, 0x9B, 0x0F, 0x3D, 0x9C, 0x0F, 0x3E, 0x9C, 
        0x0F, 0x3E, 0x9C, 0x0F, 0x3E, 0x9D, 0x0F, 0x3E, 0x9D, 0x0F, 0x3E, 0x9D, 0x0F, 0x3E, 0x9D, 0x0F, 0x3D, 0x9C, 0x0F, 0x3D, 0x9C, 0x0E, 0x3D, 0x9C, 0x0E, 0x3C, 0x9C, 0x0E, 0x3C, 0x9B, 0x0E, 0x3B, 0x9B, 0x0E, 0x3B, 0x9B, 0x0E, 0x3D, 0x9C, 
        0x0E, 0x3C, 0x9B, 0x0D, 0x3A, 0x99, 0x0D, 0x3A, 0x96,
  0x79, 0xA5, 0xDB, 0x21, 0x51, 0xA7, 0x1B, 0x4B, 0xA3, 0x1C, 0x4B, 0xA4, 0x1C, 0x4B, 0xA4, 0x1C, 0x4B, 0xA4, 0x1C, 0x4B, 0xA3, 0x1B, 0x4A, 0xA3, 0x1B, 0x4A, 0xA3, 0x1E, 0x4C, 0xA4, 0x1A, 0x49, 0xA3, 0x19, 0x48, 0xA3, 0x18, 0x47, 0xA3, 0x16, 0x46, 0xA2, 
        0x15, 0x45, 0xA1, 0x13, 0x41, 0x9F, 0x13, 0x41, 0x9F, 0x12, 0x40, 0x9E, 0x12, 0x3F, 0x9E, 0x12, 0x3F, 0x9D, 0x11, 0x3E, 0x9C, 0x10, 0x3D, 0x9C, 0x11, 0x3E, 0x9C, 0x10, 0x3C, 0x9B, 0x0F, 0x3C, 0x9A, 0x10, 0x3C, 0x9B, 0x10, 0x3D, 0x9B, 
        0x10, 0x3C, 0x9B, 0x0F, 0x3B, 0x9A, 0x0F, 0x3C, 0x9A, 0x0F, 0x3B, 0x9A, 0x0F, 0x3A, 0x99, 0x0F, 0x3B, 0x99, 0x0F, 0x3B, 0x9A, 0x0F, 0x3B, 0x9A, 0x0F, 0x3B, 0x9A, 0x0F, 0x3B, 0x9A, 0x0F, 0x3B, 0x9A, 0x0E, 0x3A, 0x99, 0x0E, 0x39, 0x98, 
        0x0F, 0x3B, 0x99, 0x0E, 0x3A, 0x98, 0x0E, 0x3A, 0x99, 0x0F, 0x3B, 0x99, 0x0F, 0x3B, 0x9A, 0x0F, 0x3B, 0x9A, 0x0F, 0x3B, 0x9A, 0x0F, 0x3B, 0x99, 0x0E, 0x3A, 0x99, 0x0F, 0x3B, 0x99, 0x0F, 0x3B, 0x9A, 0x0F, 0x3C, 0x9A, 0x10, 0x3D, 0x9B, 
        0x13, 0x42, 0x9F, 0x15, 0x45, 0xA1, 0x15, 0x45, 0xA2, 0x15, 0x46, 0xA2, 0x16, 0x47, 0xA2, 0x16, 0x48, 0xA3, 0x16, 0x48, 0xA2, 0x16, 0x48, 0xA2, 0x17, 0x49, 0xA3, 0x17, 0x48, 0xA3, 0x17, 0x49, 0xA3, 0x17, 0x49, 0xA3, 0x18, 0x49, 0xA3, 
        0x18, 0x49, 0xA3, 0x18, 0x49, 0xA3, 0x16, 0x48, 0xA2, 0x15, 0x47, 0xA2, 0x16, 0x47, 0xA2, 0x15, 0x46, 0xA2, 0x15, 0x46, 0xA1, 0x15, 0x47, 0xA2, 0x15, 0x47, 0xA2, 0x14, 0x45, 0xA1, 0x15, 0x47, 0xA2, 0x16, 0x48, 0xA2, 0x15, 0x46, 0xA2, 
        0x15, 0x46, 0xA2, 0x15, 0x46, 0xA2, 0x15, 0x46, 0xA1, 0x14, 0x45, 0xA1, 0x14, 0x45, 0xA1, 0x13, 0x44, 0xA0, 0x13, 0x44, 0xA0, 0x12, 0x42, 0xA0, 0x12, 0x42, 0x9F, 0x12, 0x42, 0x9F, 0x12, 0x42, 0x9F, 0x11, 0x41, 0x9F, 0x11, 0x42, 0x9F, 
        0x12, 0x42, 0x9F, 0x11, 0x41, 0x9F, 0x11, 0x41, 0x9F, 0x11, 0x42, 0x9F, 0x11, 0x42, 0x9F, 0x12, 0x42, 0x9F, 0x13, 0x43, 0xA0, 0x12, 0x43, 0xA0, 0x12, 0x43, 0xA0, 0x12, 0x43, 0x9F, 0x12, 0x43, 0x9F, 0x12, 0x42, 0x9F, 0x11, 0x42, 0x9F, 
        0x12, 0x42, 0x9F, 0x11, 0x42, 0x9F, 0x11, 0x42, 0x9F, 0x10, 0x41, 0x9F, 0x11, 0x41, 0x9F, 0x11, 0x41, 0x9F, 0x11, 0x42, 0x9F, 0x11, 0x42, 0x9F, 0x11, 0x42, 0x9F, 0x11, 0x41, 0x9F, 0x10, 0x40, 0x9E, 0x11, 0x41, 0x9F, 0x11, 0x42, 0x9F, 
        0x10, 0x41, 0x9F, 0x10, 0x41, 0x9F, 0x10, 0x40, 0x9E, 0x10, 0x40, 0x9E, 0x10, 0x40, 0x9E, 0x10, 0x40, 0x9E, 0x0F, 0x3F, 0x9D, 0x0F, 0x3F, 0x9D, 0x0F, 0x3F, 0x9D, 0x0F, 0x3F, 0x9D, 0x0F, 0x3F, 0x9D, 0x0F, 0x3F, 0x9D, 0x0F, 0x3F, 0x9D, 
        0x0F, 0x3F, 0x9D, 0x0F, 0x3F, 0x9D, 0x0F, 0x3E, 0x9D, 0x0F, 0x3E, 0x9D, 0x0F, 0x3E, 0x9C, 0x0F, 0x3E, 0x9C, 0x0E, 0x3E, 0x9C, 0x0E, 0x3E, 0x9C, 0x0E, 0x3E, 0x9C, 0x0E, 0x3D, 0x9C, 0x0E, 0x3E, 0x9C, 0x0F, 0x3E, 0x9D, 0x0F, 0x3E, 0x9D, 
        0x0F, 0x3E, 0x9D, 0x0F, 0x3F, 0x9D, 0x0F, 0x3E, 0x9D, 0x0F, 0x3F, 0x9E, 0x0F, 0x3F, 0x9E, 0x0F, 0x3F, 0x9E, 0x0F, 0x3E, 0x9D, 0x0E, 0x3E, 0x9D, 0x0E, 0x3D, 0x9D, 0x0E, 0x3D, 0x9C, 0x0E, 0x3C, 0x9C, 0x0E, 0x3C, 0x9C, 0x0D, 0x3C, 0x9B, 
        0x0D, 0x3C, 0x9B, 0x0D, 0x3B, 0x9A, 0x0D, 0x3B, 0x97,
  0x80, 0xAA, 0xDE, 0x24, 0x53, 0xAA, 0x1D, 0x4C, 0xA5, 0x1E, 0x4C, 0xA5, 0x1D, 0x4C, 0xA5, 0x1D, 0x4C, 0xA5, 0x1D, 0x4B, 0xA5, 0x1C, 0x4B, 0xA5, 0x1C, 0x4B, 0xA5, 0x1B, 0x4A, 0xA5, 0x1A, 0x49, 0xA4, 0x1B, 0x4A, 0xA5, 0x19, 0x49, 0xA5, 0x17, 0x47, 0xA4, 
        0x14, 0x42, 0xA1, 0x15, 0x44, 0xA2, 0x13, 0x40, 0x9F, 0x12, 0x3F, 0x9F, 0x12, 0x3F, 0x9E, 0x12, 0x3F, 0x9F, 0x12, 0x3F, 0x9E, 0x0F, 0x3A, 0x9A, 0x10, 0x3C, 0x9C, 0x11, 0x3E, 0x9D, 0x10, 0x3C, 0x9C, 0x10, 0x3C, 0x9C, 0x10, 0x3C, 0x9B, 
        0x10, 0x3C, 0x9C, 0x10, 0x3C, 0x9B, 0x10, 0x3B, 0x9B, 0x10, 0x3C, 0x9C, 0x10, 0x3C, 0x9C, 0x10, 0x3C, 0x9C, 0x10, 0x3C, 0x9B, 0x0F, 0x3B, 0x9B, 0x10, 0x3B, 0x9B, 0x10, 0x3C, 0x9C, 0x10, 0x3D, 0x9C, 0x10, 0x3C, 0x9B, 0x0F, 0x3B, 0x9B, 
        0x0F, 0x3B, 0x9A, 0x0F, 0x3A, 0x99, 0x0F, 0x3B, 0x9A, 0x10, 0x3C, 0x9B, 0x10, 0x3C, 0x9C, 0x10, 0x3C, 0x9D, 0x10, 0x3D, 0x9D, 0x10, 0x3C, 0x9B, 0x0F, 0x3B, 0x9A, 0x10, 0x3D, 0x9C, 0x10, 0x3D, 0x9C, 0x10, 0x3D, 0x9C, 0x12, 0x3F, 0x9E, 
        0x14, 0x43, 0xA1, 0x16, 0x45, 0xA3, 0x16, 0x46, 0xA3, 0x16, 0x47, 0xA3, 0x17, 0x48, 0xA4, 0x17, 0x48, 0xA4, 0x17, 0x48, 0xA4, 0x18, 0x49, 0xA5, 0x18, 0x4A, 0xA5, 0x18, 0x4A, 0xA5, 0x18, 0x4A, 0xA5, 0x18, 0x4A, 0xA4, 0x18, 0x49, 0xA4, 
        0x19, 0x4A, 0xA4, 0x19, 0x4A, 0xA4, 0x18, 0x49, 0xA4, 0x17, 0x48, 0xA4, 0x17, 0x48, 0xA4, 0x17, 0x48, 0xA3, 0x16, 0x48, 0xA3, 0x17, 0x48, 0xA3, 0x17, 0x48, 0xA4, 0x17, 0x48, 0xA4, 0x17, 0x48, 0xA4, 0x17, 0x49, 0xA4, 0x17, 0x49, 0xA4, 
        0x17, 0x48, 0xA4, 0x17, 0x48, 0xA4, 0x16, 0x47, 0xA3, 0x15, 0x46, 0xA3, 0x15, 0x45, 0xA2, 0x15, 0x45, 0xA2, 0x15, 0x45, 0xA2, 0x14, 0x44, 0xA2, 0x13, 0x44, 0xA1, 0x13, 0x43, 0xA1, 0x13, 0x43, 0xA1, 0x13, 0x44, 0xA2, 0x14, 0x44, 0xA2, 
        0x12, 0x42, 0xA1, 0x13, 0x43, 0xA1, 0x13, 0x43, 0xA1, 0x12, 0x42, 0xA1, 0x12, 0x43, 0xA1, 0x13, 0x43, 0xA1, 0x13, 0x43, 0xA1, 0x13, 0x44, 0xA1, 0x13, 0x43, 0xA1, 0x13, 0x43, 0xA1, 0x13, 0x44, 0xA1, 0x13, 0x43, 0xA1, 0x13, 0x43, 0xA1, 
        0x12, 0x43, 0xA1, 0x12, 0x42, 0xA1, 0x12, 0x42, 0xA1, 0x14, 0x46, 0xA3, 0x14, 0x46, 0xA3, 0x12, 0x43, 0xA1, 0x12, 0x42, 0xA0, 0x12, 0x42, 0xA1, 0x12, 0x43, 0xA0, 0x12, 0x43, 0xA1, 0x12, 0x42, 0xA0, 0x12, 0x43, 0xA1, 0x12, 0x43, 0xA1, 
        0x11, 0x42, 0xA0, 0x11, 0x41, 0xA0, 0x10, 0x40, 0x9F, 0x11, 0x40, 0x9F, 0x11, 0x41, 0x9F, 0x11, 0x41, 0x9F, 0x10, 0x40, 0x9F, 0x10, 0x40, 0x9F, 0x10, 0x40, 0x9F, 0x10, 0x40, 0x9F, 0x10, 0x40, 0x9F, 0x10, 0x40, 0x9F, 0x10, 0x3F, 0x9F, 
        0x10, 0x3F, 0x9F, 0x10, 0x3F, 0x9F, 0x10, 0x3F, 0x9F, 0x10, 0x3F, 0x9E, 0x10, 0x3F, 0x9E, 0x10, 0x3F, 0x9E, 0x0F, 0x3F, 0x9E, 0x10, 0x3F, 0x9E, 0x0F, 0x3E, 0x9E, 0x0F, 0x3E, 0x9D, 0x0F, 0x3F, 0x9E, 0x0F, 0x3F, 0x9E, 0x0F, 0x3F, 0x9E, 
        0x10, 0x3F, 0x9F, 0x10, 0x3F, 0x9F, 0x10, 0x3F, 0x9F, 0x10, 0x40, 0x9F, 0x10, 0x41, 0xA0, 0x10, 0x41, 0xA0, 0x0F, 0x3F, 0x9F, 0x0F, 0x3F, 0x9F, 0x0F, 0x3E, 0x9E, 0x0F, 0x3E, 0x9E, 0x0F, 0x3D, 0x9E, 0x0E, 0x3D, 0x9D, 0x0E, 0x3C, 0x9D, 
        0x0E, 0x3C, 0x9C, 0x0E, 0x3B, 0x9B, 0x0E, 0x3C, 0x99,
  0x79, 0xA5, 0xDB, 0x21, 0x51, 0xA9, 0x20, 0x4E, 0xA7, 0x1F, 0x4D, 0xA6, 0x1D, 0x4C, 0xA6, 0x1D, 0x4C, 0xA6, 0x1D, 0x4B, 0xA6, 0x1D, 0x4B, 0xA6, 0x1C, 0x4A, 0xA5, 0x1B, 0x49, 0xA5, 0x1B, 0x49, 0xA6, 0x1D, 0x4B, 0xA7, 0x19, 0x48, 0xA5, 0x18, 0x47, 0xA5, 
        0x15, 0x43, 0xA2, 0x14, 0x43, 0xA2, 0x13, 0x41, 0xA1, 0x12, 0x3F, 0x9F, 0x13, 0x40, 0x9F, 0x11, 0x3D, 0x9D, 0x12, 0x3F, 0x9F, 0x12, 0x3F, 0x9F, 0x10, 0x3C, 0x9D, 0x11, 0x3E, 0x9E, 0x11, 0x3D, 0x9D, 0x10, 0x3D, 0x9D, 0x10, 0x3B, 0x9B, 
        0x10, 0x3B, 0x9C, 0x0F, 0x3B, 0x9B, 0x10, 0x3C, 0x9C, 0x10, 0x3C, 0x9C, 0x10, 0x3C, 0x9C, 0x10, 0x3C, 0x9C, 0x10, 0x3B, 0x9C, 0x0F, 0x3B, 0x9B, 0x10, 0x3B, 0x9C, 0x10, 0x3C, 0x9D, 0x10, 0x3C, 0x9C, 0x10, 0x3C, 0x9C, 0x0F, 0x3B, 0x9B, 
        0x0F, 0x3A, 0x9A, 0x0F, 0x3A, 0x9A, 0x0F, 0x3B, 0x9B, 0x10, 0x3C, 0x9C, 0x10, 0x3C, 0x9D, 0x10, 0x3C, 0x9E, 0x11, 0x3D, 0x9E, 0x10, 0x3D, 0x9C, 0x0F, 0x3B, 0x9B, 0x10, 0x3C, 0x9C, 0x11, 0x3E, 0x9E, 0x11, 0x3D, 0x9E, 0x13, 0x41, 0xA0, 
        0x15, 0x44, 0xA3, 0x16, 0x45, 0xA4, 0x17, 0x47, 0xA4, 0x17, 0x48, 0xA4, 0x17, 0x48, 0xA5, 0x17, 0x48, 0xA5, 0x17, 0x49, 0xA5, 0x18, 0x4A, 0xA6, 0x19, 0x4A, 0xA6, 0x19, 0x4B, 0xA6, 0x19, 0x4B, 0xA6, 0x19, 0x4A, 0xA6, 0x18, 0x4A, 0xA5, 
        0x18, 0x4A, 0xA5, 0x18, 0x49, 0xA5, 0x18, 0x49, 0xA5, 0x18, 0x49, 0xA5, 0x18, 0x48, 0xA4, 0x17, 0x48, 0xA4, 0x17, 0x48, 0xA4, 0x17, 0x48, 0xA4, 0x17, 0x48, 0xA4, 0x18, 0x49, 0xA5, 0x18, 0x49, 0xA5, 0x18, 0x49, 0xA5, 0x19, 0x4A, 0xA5, 
        0x18, 0x4A, 0xA5, 0x17, 0x48, 0xA5, 0x17, 0x48, 0xA4, 0x16, 0x48, 0xA4, 0x16, 0x46, 0xA4, 0x15, 0x46, 0xA3, 0x15, 0x45, 0xA3, 0x14, 0x44, 0xA3, 0x14, 0x44, 0xA3, 0x13, 0x43, 0xA2, 0x13, 0x43, 0xA2, 0x13, 0x44, 0xA2, 0x14, 0x45, 0xA3, 
        0x12, 0x42, 0xA1, 0x13, 0x43, 0xA2, 0x13, 0x43, 0xA2, 0x13, 0x43, 0xA2, 0x13, 0x43, 0xA2, 0x13, 0x43, 0xA2, 0x13, 0x42, 0xA2, 0x13, 0x43, 0xA2, 0x13, 0x44, 0xA2, 0x13, 0x43, 0xA2, 0x13, 0x44, 0xA2, 0x13, 0x44, 0xA2, 0x13, 0x43, 0xA2, 
        0x13, 0x43, 0xA2, 0x12, 0x42, 0xA1, 0x12, 0x44, 0xA2, 0x1C, 0x4E, 0xA7, 0x17, 0x4A, 0xA5, 0x11, 0x42, 0xA1, 0x12, 0x42, 0xA1, 0x12, 0x42, 0xA1, 0x12, 0x42, 0xA1, 0x13, 0x44, 0xA2, 0x12, 0x43, 0xA2, 0x12, 0x42, 0xA1, 0x12, 0x42, 0xA1, 
        0x11, 0x42, 0xA1, 0x11, 0x41, 0xA1, 0x11, 0x42, 0xA1, 0x11, 0x41, 0xA1, 0x10, 0x40, 0xA0, 0x10, 0x40, 0xA0, 0x11, 0x41, 0xA0, 0x10, 0x40, 0xA0, 0x10, 0x40, 0xA0, 0x10, 0x40, 0xA0, 0x10, 0x40, 0xA0, 0x10, 0x40, 0xA0, 0x10, 0x40, 0xA0, 
        0x10, 0x40, 0xA0, 0x10, 0x40, 0xA0, 0x10, 0x3F, 0xA0, 0x10, 0x3F, 0x9F, 0x10, 0x3F, 0x9F, 0x10, 0x3F, 0x9F, 0x10, 0x3F, 0x9F, 0x10, 0x3F, 0x9F, 0x0F, 0x3F, 0x9F, 0x0F, 0x3E, 0x9E, 0x0F, 0x3E, 0x9E, 0x0F, 0x3E, 0x9F, 0x0F, 0x3F, 0x9F, 
        0x10, 0x40, 0xA0, 0x10, 0x40, 0xA0, 0x10, 0x3F, 0xA0, 0x10, 0x3F, 0xA0, 0x10, 0x40, 0xA1, 0x10, 0x40, 0xA1, 0x0F, 0x3F, 0x9F, 0x0F, 0x3F, 0x9F, 0x0F, 0x3E, 0x9F, 0x0F, 0x3E, 0x9F, 0x0F, 0x3E, 0x9E, 0x0F, 0x3D, 0x9E, 0x0E, 0x3D, 0x9E, 
        0x0E, 0x3C, 0x9D, 0x0E, 0x3B, 0x9C, 0x0E, 0x3D, 0x9A,
  0x78, 0xA4, 0xDB, 0x22, 0x52, 0xAA, 0x1F, 0x4E, 0xA7, 0x1E, 0x4D, 0xA7, 0x1D, 0x4C, 0xA6, 0x1D, 0x4C, 0xA7, 0x1D, 0x4C, 0xA6, 0x1D, 0x4C, 0xA7, 0x1C, 0x4B, 0xA6, 0x1B, 0x4B, 0xA6, 0x1A, 0x4A, 0xA6, 0x1B, 0x4B, 0xA7, 0x18, 0x48, 0xA6, 0x17, 0x46, 0xA4, 
        0x16, 0x46, 0xA4, 0x14, 0x43, 0xA2, 0x15, 0x44, 0xA3, 0x14, 0x42, 0xA1, 0x12, 0x3F, 0x9F, 0x11, 0x3F, 0x9F, 0x11, 0x3F, 0x9F, 0x13, 0x41, 0xA1, 0x10, 0x3D, 0x9D, 0x10, 0x3C, 0x9D, 0x11, 0x3E, 0x9E, 0x11, 0x3E, 0x9E, 0x10, 0x3D, 0x9D, 
        0x10, 0x3D, 0x9D, 0x10, 0x3D, 0x9D, 0x10, 0x3E, 0x9E, 0x10, 0x3D, 0x9D, 0x10, 0x3D, 0x9C, 0x10, 0x3D, 0x9D, 0x10, 0x3C, 0x9C, 0x10, 0x3D, 0x9D, 0x10, 0x3D, 0x9D, 0x10, 0x3C, 0x9C, 0x10, 0x3C, 0x9C, 0x10, 0x3C, 0x9D, 0x0F, 0x3C, 0x9C, 
        0x0F, 0x3B, 0x9A, 0x0F, 0x3B, 0x9A, 0x0F, 0x3C, 0x9C, 0x10, 0x3D, 0x9D, 0x0F, 0x3C, 0x9C, 0x10, 0x3D, 0x9D, 0x11, 0x3E, 0x9F, 0x11, 0x3F, 0x9F, 0x0F, 0x3C, 0x9D, 0x10, 0x3C, 0x9D, 0x10, 0x3E, 0x9E, 0x11, 0x3E, 0x9E, 0x13, 0x42, 0xA1, 
        0x15, 0x45, 0xA4, 0x18, 0x4A, 0xA6, 0x1B, 0x4D, 0xA7, 0x18, 0x4A, 0xA6, 0x17, 0x49, 0xA6, 0x17, 0x4A, 0xA6, 0x18, 0x4A, 0xA6, 0x18, 0x4B, 0xA6, 0x18, 0x4B, 0xA6, 0x19, 0x4B, 0xA7, 0x19, 0x4C, 0xA7, 0x19, 0x4B, 0xA6, 0x19, 0x4B, 0xA6, 
        0x19, 0x4B, 0xA6, 0x18, 0x4A, 0xA6, 0x18, 0x4A, 0xA6, 0x17, 0x49, 0xA5, 0x17, 0x49, 0xA5, 0x17, 0x49, 0xA5, 0x17, 0x49, 0xA5, 0x17, 0x49, 0xA5, 0x18, 0x4A, 0xA6, 0x18, 0x4A, 0xA6, 0x18, 0x4B, 0xA6, 0x19, 0x4B, 0xA6, 0x19, 0x4B, 0xA6, 
        0x19, 0x4B, 0xA6, 0x17, 0x4A, 0xA6, 0x17, 0x4A, 0xA5, 0x16, 0x49, 0xA5, 0x16, 0x48, 0xA4, 0x15, 0x47, 0xA4, 0x15, 0x46, 0xA4, 0x14, 0x45, 0xA3, 0x14, 0x45, 0xA3, 0x13, 0x45, 0xA3, 0x13, 0x45, 0xA3, 0x13, 0x45, 0xA3, 0x13, 0x45, 0xA3, 
        0x13, 0x43, 0xA3, 0x13, 0x43, 0xA2, 0x13, 0x43, 0xA3, 0x13, 0x44, 0xA3, 0x13, 0x44, 0xA3, 0x13, 0x44, 0xA3, 0x13, 0x44, 0xA3, 0x13, 0x44, 0xA3, 0x13, 0x44, 0xA3, 0x13, 0x44, 0xA3, 0x13, 0x45, 0xA3, 0x13, 0x45, 0xA3, 0x13, 0x44, 0xA3, 
        0x12, 0x44, 0xA3, 0x12, 0x43, 0xA2, 0x12, 0x44, 0xA3, 0x14, 0x47, 0xA4, 0x13, 0x45, 0xA3, 0x12, 0x43, 0xA2, 0x12, 0x44, 0xA2, 0x12, 0x43, 0xA2, 0x12, 0x43, 0xA2, 0x13, 0x44, 0xA3, 0x12, 0x44, 0xA2, 0x12, 0x43, 0xA2, 0x11, 0x42, 0xA2, 
        0x11, 0x43, 0xA2, 0x12, 0x43, 0xA2, 0x12, 0x43, 0xA2, 0x12, 0x43, 0xA2, 0x12, 0x44, 0xA3, 0x12, 0x43, 0xA2, 0x11, 0x41, 0xA1, 0x10, 0x41, 0xA1, 0x10, 0x41, 0xA1, 0x10, 0x41, 0xA1, 0x10, 0x41, 0xA1, 0x10, 0x41, 0xA1, 0x10, 0x41, 0xA1, 
        0x10, 0x41, 0xA1, 0x10, 0x41, 0xA1, 0x10, 0x40, 0xA0, 0x10, 0x40, 0xA0, 0x10, 0x40, 0xA0, 0x10, 0x40, 0xA0, 0x10, 0x40, 0xA0, 0x10, 0x40, 0xA0, 0x0F, 0x3F, 0xA0, 0x0F, 0x3F, 0x9F, 0x0F, 0x3F, 0x9F, 0x0F, 0x40, 0x9F, 0x10, 0x40, 0xA0, 
        0x10, 0x41, 0xA1, 0x10, 0x42, 0xA1, 0x10, 0x41, 0xA1, 0x10, 0x41, 0xA1, 0x10, 0x41, 0xA1, 0x10, 0x41, 0xA1, 0x10, 0x40, 0xA1, 0x10, 0x40, 0xA1, 0x0F, 0x3F, 0xA0, 0x0F, 0x3F, 0xA0, 0x0F, 0x3E, 0x9F, 0x0F, 0x3E, 0x9F, 0x0E, 0x3E, 0x9E, 
        0x0E, 0x3D, 0x9D, 0x0E, 0x3C, 0x9D, 0x0F, 0x3E, 0x9C,
  0x78, 0xA4, 0xDA, 0x23, 0x53, 0xAB, 0x1E, 0x4E, 0xA8, 0x1E, 0x4E, 0xA8, 0x1E, 0x4D, 0xA8, 0x1D, 0x4D, 0xA7, 0x1D, 0x4D, 0xA7, 0x1D, 0x4D, 0xA7, 0x1C, 0x4C, 0xA7, 0x1B, 0x4B, 0xA7, 0x1A, 0x4A, 0xA6, 0x1A, 0x4A, 0xA7, 0x1A, 0x4B, 0xA7, 0x18, 0x48, 0xA6, 
        0x17, 0x47, 0xA5, 0x16, 0x45, 0xA4, 0x15, 0x44, 0xA3, 0x13, 0x41, 0xA1, 0x11, 0x3F, 0x9F, 0x13, 0x43, 0xA2, 0x12, 0x40, 0xA0, 0x11, 0x3F, 0x9F, 0x12, 0x40, 0xA0, 0x11, 0x3F, 0x9F, 0x10, 0x3D, 0x9E, 0x11, 0x3E, 0x9E, 0x11, 0x3F, 0x9F, 
        0x11, 0x3E, 0x9E, 0x10, 0x3D, 0x9E, 0x11, 0x3E, 0x9F, 0x10, 0x3E, 0x9E, 0x10, 0x3D, 0x9D, 0x10, 0x3E, 0x9E, 0x10, 0x3D, 0x9D, 0x10, 0x3D, 0x9E, 0x10, 0x3E, 0x9E, 0x10, 0x3D, 0x9D, 0x10, 0x3E, 0x9E, 0x10, 0x3E, 0x9E, 0x0F, 0x3D, 0x9D, 
        0x0F, 0x3C, 0x9B, 0x0F, 0x3C, 0x9B, 0x0F, 0x3D, 0x9C, 0x10, 0x3E, 0x9E, 0x10, 0x3E, 0x9E, 0x11, 0x40, 0x9F, 0x11, 0x40, 0xA0, 0x11, 0x3F, 0xA0, 0x10, 0x3D, 0x9E, 0x10, 0x3E, 0x9F, 0x11, 0x40, 0xA0, 0x11, 0x3F, 0x9F, 0x13, 0x43, 0xA2, 
        0x15, 0x46, 0xA4, 0x19, 0x4B, 0xA7, 0x1D, 0x4F, 0xA8, 0x18, 0x4B, 0xA7, 0x18, 0x4A, 0xA7, 0x17, 0x4A, 0xA6, 0x17, 0x4B, 0xA6, 0x19, 0x4C, 0xA7, 0x19, 0x4C, 0xA7, 0x19, 0x4C, 0xA7, 0x19, 0x4C, 0xA7, 0x19, 0x4C, 0xA7, 0x19, 0x4C, 0xA7, 
        0x19, 0x4C, 0xA7, 0x18, 0x4B, 0xA7, 0x18, 0x4B, 0xA7, 0x18, 0x4B, 0xA7, 0x17, 0x4A, 0xA6, 0x18, 0x4A, 0xA6, 0x1B, 0x4D, 0xA8, 0x18, 0x4C, 0xA7, 0x18, 0x4B, 0xA7, 0x19, 0x4C, 0xA7, 0x19, 0x4C, 0xA7, 0x19, 0x4C, 0xA7, 0x19, 0x4C, 0xA7, 
        0x19, 0x4C, 0xA7, 0x18, 0x4C, 0xA7, 0x17, 0x4B, 0xA6, 0x16, 0x4A, 0xA6, 0x16, 0x49, 0xA5, 0x15, 0x48, 0xA5, 0x14, 0x47, 0xA5, 0x14, 0x46, 0xA4, 0x14, 0x46, 0xA4, 0x14, 0x46, 0xA4, 0x13, 0x45, 0xA4, 0x13, 0x45, 0xA3, 0x13, 0x44, 0xA3, 
        0x13, 0x45, 0xA3, 0x13, 0x45, 0xA3, 0x13, 0x44, 0xA3, 0x13, 0x44, 0xA3, 0x13, 0x45, 0xA4, 0x13, 0x45, 0xA4, 0x13, 0x45, 0xA4, 0x13, 0x45, 0xA4, 0x13, 0x45, 0xA3, 0x13, 0x44, 0xA3, 0x13, 0x45, 0xA3, 0x13, 0x45, 0xA4, 0x13, 0x45, 0xA4, 
        0x13, 0x46, 0xA4, 0x13, 0x46, 0xA4, 0x12, 0x44, 0xA3, 0x11, 0x43, 0xA3, 0x12, 0x44, 0xA3, 0x12, 0x44, 0xA3, 0x12, 0x44, 0xA3, 0x12, 0x44, 0xA3, 0x12, 0x44, 0xA3, 0x12, 0x44, 0xA3, 0x12, 0x44, 0xA3, 0x12, 0x44, 0xA3, 0x12, 0x44, 0xA3, 
        0x12, 0x43, 0xA3, 0x11, 0x43, 0xA3, 0x12, 0x44, 0xA3, 0x13, 0x47, 0xA5, 0x15, 0x4A, 0xA7, 0x14, 0x48, 0xA6, 0x10, 0x41, 0xA1, 0x11, 0x43, 0xA2, 0x13, 0x47, 0xA5, 0x12, 0x45, 0xA4, 0x10, 0x41, 0xA1, 0x10, 0x41, 0xA1, 0x10, 0x42, 0xA1, 
        0x10, 0x42, 0xA2, 0x10, 0x42, 0xA1, 0x10, 0x41, 0xA1, 0x10, 0x41, 0xA1, 0x10, 0x41, 0xA1, 0x10, 0x41, 0xA0, 0x10, 0x40, 0xA1, 0x10, 0x41, 0xA1, 0x0F, 0x40, 0xA1, 0x0F, 0x40, 0xA0, 0x0F, 0x41, 0xA0, 0x0F, 0x40, 0xA0, 0x10, 0x41, 0xA1, 
        0x10, 0x41, 0xA1, 0x10, 0x41, 0xA1, 0x10, 0x42, 0xA2, 0x10, 0x42, 0xA2, 0x10, 0x42, 0xA2, 0x10, 0x42, 0xA2, 0x10, 0x41, 0xA2, 0x10, 0x40, 0xA1, 0x10, 0x41, 0xA1, 0x10, 0x42, 0xA2, 0x0F, 0x40, 0xA1, 0x0F, 0x3F, 0xA0, 0x0E, 0x3E, 0x9F, 
        0x0E, 0x3E, 0x9E, 0x0E, 0x3E, 0x9F, 0x0F, 0x40, 0x9D,
  0x78, 0xA4, 0xDA, 0x22, 0x54, 0xAD, 0x1E, 0x4F, 0xAA, 0x1E, 0x4F, 0xAA, 0x1E, 0x4F, 0xAA, 0x1E, 0x4E, 0xAA, 0x1E, 0x4E, 0xAA, 0x1D, 0x4D, 0xAA, 0x1D, 0x4D, 0xA9, 0x1B, 0x4C, 0xA9, 0x1A, 0x4B, 0xA9, 0x1A, 0x4B, 0xA9, 0x1B, 0x4C, 0xAA, 0x19, 0x4A, 0xA9, 
        0x17, 0x49, 0xA8, 0x16, 0x46, 0xA7, 0x15, 0x44, 0xA5, 0x14, 0x44, 0xA5, 0x13, 0x42, 0xA3, 0x12, 0x41, 0xA3, 0x12, 0x41, 0xA3, 0x11, 0x3F, 0xA1, 0x11, 0x3F, 0xA1, 0x12, 0x40, 0xA2, 0x11, 0x3F, 0xA1, 0x10, 0x3D, 0xA0, 0x10, 0x3D, 0x9F, 
        0x10, 0x3E, 0xA0, 0x10, 0x3E, 0xA0, 0x10, 0x3E, 0xA0, 0x10, 0x3E, 0xA0, 0x10, 0x3E, 0xA0, 0x10, 0x3F, 0xA0, 0x10, 0x3E, 0xA0, 0x10, 0x3E, 0x9F, 0x0F, 0x3E, 0x9F, 0x10, 0x3F, 0xA0, 0x10, 0x3F, 0xA0, 0x10, 0x3E, 0x9F, 0x10, 0x3D, 0x9F, 
        0x0F, 0x3D, 0x9E, 0x0F, 0x3D, 0x9E, 0x0F, 0x3D, 0x9E, 0x11, 0x40, 0xA1, 0x11, 0x41, 0xA2, 0x11, 0x41, 0xA3, 0x11, 0x41, 0xA2, 0x11, 0x40, 0xA2, 0x0F, 0x3E, 0xA0, 0x11, 0x40, 0xA2, 0x11, 0x41, 0xA3, 0x11, 0x40, 0xA1, 0x13, 0x44, 0xA5, 
        0x16, 0x48, 0xA8, 0x16, 0x49, 0xA8, 0x17, 0x4B, 0xA9, 0x17, 0x4B, 0xA9, 0x18, 0x4B, 0xA9, 0x18, 0x4C, 0xA9, 0x19, 0x4D, 0xAA, 0x19, 0x4C, 0xAA, 0x19, 0x4D, 0xAA, 0x19, 0x4D, 0xAA, 0x1A, 0x4D, 0xAA, 0x1A, 0x4D, 0xAA, 0x1A, 0x4E, 0xAA, 
        0x19, 0x4D, 0xA9, 0x19, 0x4C, 0xA9, 0x18, 0x4C, 0xA9, 0x17, 0x4B, 0xA9, 0x17, 0x4A, 0xA8, 0x1B, 0x4E, 0xAA, 0x20, 0x52, 0xAC, 0x1A, 0x4E, 0xAA, 0x18, 0x4C, 0xA9, 0x1A, 0x4D, 0xAA, 0x1A, 0x4D, 0xAA, 0x19, 0x4D, 0xA9, 0x19, 0x4D, 0xAA, 
        0x19, 0x4D, 0xA9, 0x19, 0x4D, 0xA9, 0x18, 0x4C, 0xA9, 0x16, 0x4A, 0xA8, 0x16, 0x4A, 0xA8, 0x15, 0x49, 0xA7, 0x14, 0x48, 0xA7, 0x14, 0x47, 0xA7, 0x14, 0x47, 0xA7, 0x14, 0x46, 0xA6, 0x14, 0x46, 0xA6, 0x14, 0x46, 0xA6, 0x13, 0x46, 0xA6, 
        0x13, 0x46, 0xA6, 0x13, 0x46, 0xA6, 0x13, 0x46, 0xA6, 0x13, 0x45, 0xA6, 0x13, 0x46, 0xA6, 0x13, 0x46, 0xA6, 0x13, 0x46, 0xA6, 0x13, 0x45, 0xA6, 0x14, 0x48, 0xA7, 0x14, 0x48, 0xA7, 0x13, 0x46, 0xA6, 0x13, 0x45, 0xA6, 0x12, 0x45, 0xA6, 
        0x15, 0x4A, 0xA9, 0x18, 0x4C, 0xA9, 0x14, 0x48, 0xA7, 0x12, 0x45, 0xA6, 0x12, 0x45, 0xA6, 0x12, 0x45, 0xA6, 0x12, 0x45, 0xA6, 0x12, 0x45, 0xA6, 0x12, 0x45, 0xA6, 0x12, 0x45, 0xA6, 0x12, 0x45, 0xA6, 0x12, 0x45, 0xA5, 0x12, 0x45, 0xA6, 
        0x11, 0x44, 0xA5, 0x11, 0x44, 0xA5, 0x13, 0x46, 0xA6, 0x15, 0x4A, 0xA8, 0x17, 0x4D, 0xAA, 0x13, 0x48, 0xA7, 0x10, 0x43, 0xA4, 0x11, 0x44, 0xA5, 0x14, 0x48, 0xA7, 0x12, 0x45, 0xA6, 0x10, 0x42, 0xA3, 0x10, 0x42, 0xA3, 0x10, 0x42, 0xA4, 
        0x10, 0x42, 0xA4, 0x10, 0x42, 0xA4, 0x10, 0x42, 0xA3, 0x10, 0x42, 0xA3, 0x10, 0x41, 0xA3, 0x10, 0x41, 0xA3, 0x10, 0x42, 0xA4, 0x10, 0x41, 0xA3, 0x0F, 0x41, 0xA2, 0x0F, 0x41, 0xA3, 0x10, 0x42, 0xA3, 0x0F, 0x42, 0xA3, 0x10, 0x42, 0xA3, 
        0x10, 0x43, 0xA4, 0x10, 0x42, 0xA4, 0x10, 0x43, 0xA4, 0x10, 0x43, 0xA5, 0x10, 0x43, 0xA4, 0x10, 0x43, 0xA4, 0x10, 0x42, 0xA4, 0x0F, 0x41, 0xA3, 0x0F, 0x41, 0xA4, 0x10, 0x42, 0xA4, 0x0F, 0x40, 0xA3, 0x0F, 0x40, 0xA3, 0x0E, 0x3F, 0xA2, 
        0x0E, 0x3F, 0xA1, 0x0E, 0x3F, 0xA1, 0x0F, 0x40, 0x9F,
  0x79, 0xA5, 0xDA, 0x24, 0x56, 0xAF, 0x1F, 0x51, 0xAD, 0x1F, 0x50, 0xAD, 0x1F, 0x50, 0xAD, 0x1F, 0x50, 0xAC, 0x1F, 0x50, 0xAC, 0x1E, 0x4F, 0xAC, 0x1D, 0x4E, 0xAC, 0x1E, 0x4F, 0xAC, 0x1C, 0x4D, 0xAB, 0x1C, 0x4D, 0xAC, 0x1D, 0x4F, 0xAC, 0x1B, 0x4D, 0xAC, 
        0x19, 0x4B, 0xAB, 0x18, 0x49, 0xA9, 0x16, 0x46, 0xA7, 0x15, 0x45, 0xA7, 0x16, 0x46, 0xA8, 0x13, 0x43, 0xA6, 0x13, 0x42, 0xA5, 0x13, 0x42, 0xA5, 0x11, 0x40, 0xA3, 0x12, 0x40, 0xA3, 0x13, 0x42, 0xA4, 0x12, 0x42, 0xA4, 0x11, 0x41, 0xA3, 
        0x11, 0x40, 0xA3, 0x11, 0x40, 0xA2, 0x11, 0x40, 0xA2, 0x11, 0x3F, 0xA2, 0x11, 0x40, 0xA2, 0x11, 0x40, 0xA3, 0x11, 0x40, 0xA2, 0x10, 0x40, 0xA2, 0x10, 0x3F, 0xA2, 0x11, 0x40, 0xA2, 0x10, 0x3F, 0xA1, 0x10, 0x3F, 0xA0, 0x10, 0x3F, 0xA1, 
        0x10, 0x3F, 0xA1, 0x10, 0x3E, 0xA0, 0x10, 0x3F, 0xA1, 0x11, 0x41, 0xA3, 0x12, 0x41, 0xA4, 0x11, 0x41, 0xA3, 0x12, 0x42, 0xA4, 0x13, 0x43, 0xA6, 0x11, 0x40, 0xA3, 0x11, 0x41, 0xA4, 0x12, 0x42, 0xA4, 0x12, 0x42, 0xA4, 0x15, 0x47, 0xA8, 
        0x18, 0x4B, 0xAB, 0x17, 0x49, 0xAA, 0x17, 0x4A, 0xAA, 0x18, 0x4C, 0xAB, 0x18, 0x4C, 0xAB, 0x1B, 0x4F, 0xAC, 0x1E, 0x51, 0xAD, 0x19, 0x4E, 0xAC, 0x1A, 0x4E, 0xAC, 0x1A, 0x4F, 0xAC, 0x1B, 0x4F, 0xAC, 0x1B, 0x4F, 0xAD, 0x1B, 0x50, 0xAC, 
        0x1B, 0x4F, 0xAC, 0x1B, 0x4F, 0xAC, 0x1A, 0x4E, 0xAC, 0x19, 0x4D, 0xAB, 0x18, 0x4D, 0xAB, 0x19, 0x4D, 0xAB, 0x1C, 0x50, 0xAC, 0x19, 0x4D, 0xAB, 0x18, 0x4C, 0xAB, 0x1A, 0x4E, 0xAC, 0x1A, 0x4E, 0xAC, 0x1A, 0x4F, 0xAC, 0x1A, 0x4F, 0xAC, 
        0x1A, 0x4E, 0xAC, 0x19, 0x4E, 0xAC, 0x18, 0x4D, 0xAB, 0x17, 0x4C, 0xAB, 0x17, 0x4B, 0xAA, 0x16, 0x4B, 0xAA, 0x16, 0x4A, 0xA9, 0x15, 0x49, 0xA9, 0x15, 0x49, 0xA9, 0x15, 0x48, 0xA9, 0x15, 0x48, 0xA9, 0x15, 0x48, 0xA9, 0x14, 0x48, 0xA9, 
        0x14, 0x48, 0xA8, 0x14, 0x48, 0xA8, 0x14, 0x48, 0xA8, 0x14, 0x48, 0xA8, 0x14, 0x47, 0xA9, 0x14, 0x48, 0xA9, 0x14, 0x47, 0xA9, 0x14, 0x48, 0xA9, 0x18, 0x4D, 0xAB, 0x19, 0x4E, 0xAC, 0x15, 0x4A, 0xAA, 0x13, 0x47, 0xA8, 0x14, 0x48, 0xA9, 
        0x18, 0x4D, 0xAC, 0x1A, 0x4F, 0xAD, 0x19, 0x4E, 0xAC, 0x15, 0x4B, 0xAA, 0x13, 0x47, 0xA9, 0x13, 0x47, 0xA8, 0x13, 0x47, 0xA8, 0x13, 0x47, 0xA8, 0x13, 0x47, 0xA8, 0x13, 0x47, 0xA8, 0x13, 0x47, 0xA8, 0x13, 0x47, 0xA8, 0x13, 0x47, 0xA8, 
        0x13, 0x47, 0xA8, 0x14, 0x49, 0xA9, 0x15, 0x4A, 0xAA, 0x16, 0x4C, 0xAB, 0x18, 0x4F, 0xAC, 0x14, 0x4A, 0xAA, 0x12, 0x45, 0xA7, 0x11, 0x45, 0xA7, 0x11, 0x44, 0xA7, 0x11, 0x44, 0xA6, 0x11, 0x44, 0xA6, 0x11, 0x44, 0xA6, 0x11, 0x43, 0xA6, 
        0x11, 0x44, 0xA6, 0x11, 0x44, 0xA6, 0x11, 0x44, 0xA6, 0x11, 0x43, 0xA6, 0x11, 0x43, 0xA6, 0x11, 0x43, 0xA6, 0x11, 0x43, 0xA6, 0x11, 0x43, 0xA6, 0x11, 0x44, 0xA6, 0x10, 0x43, 0xA5, 0x10, 0x42, 0xA5, 0x10, 0x43, 0xA5, 0x11, 0x43, 0xA6, 
        0x11, 0x44, 0xA6, 0x11, 0x44, 0xA6, 0x11, 0x44, 0xA7, 0x11, 0x45, 0xA7, 0x11, 0x45, 0xA7, 0x11, 0x44, 0xA7, 0x11, 0x44, 0xA7, 0x11, 0x44, 0xA7, 0x11, 0x43, 0xA7, 0x10, 0x42, 0xA6, 0x10, 0x42, 0xA5, 0x10, 0x42, 0xA5, 0x0F, 0x42, 0xA5, 
        0x0F, 0x40, 0xA3, 0x0F, 0x40, 0xA2, 0x0F, 0x40, 0xA0,
  0x7C, 0xA5, 0xDA, 0x25, 0x57, 0xB2, 0x20, 0x52, 0xB0, 0x1F, 0x52, 0xAF, 0x1F, 0x52, 0xB0, 0x1F, 0x51, 0xAF, 0x1F, 0x51, 0xAF, 0x1E, 0x50, 0xAF, 0x1E, 0x4F, 0xAE, 0x1F, 0x50, 0xAF, 0x1D, 0x4F, 0xAF, 0x1D, 0x4F, 0xAF, 0x1E, 0x50, 0xB0, 0x1C, 0x4F, 0xAF, 
        0x1B, 0x4D, 0xAE, 0x19, 0x4B, 0xAD, 0x18, 0x49, 0xAB, 0x16, 0x46, 0xAA, 0x16, 0x46, 0xAA, 0x15, 0x45, 0xA9, 0x14, 0x45, 0xA9, 0x14, 0x44, 0xA8, 0x14, 0x44, 0xA8, 0x13, 0x43, 0xA7, 0x13, 0x43, 0xA7, 0x13, 0x43, 0xA7, 0x12, 0x43, 0xA7, 
        0x12, 0x42, 0xA6, 0x12, 0x41, 0xA5, 0x11, 0x41, 0xA5, 0x11, 0x41, 0xA5, 0x11, 0x41, 0xA5, 0x12, 0x41, 0xA5, 0x12, 0x42, 0xA5, 0x11, 0x41, 0xA5, 0x11, 0x41, 0xA5, 0x11, 0x41, 0xA4, 0x11, 0x40, 0xA4, 0x11, 0x41, 0xA4, 0x11, 0x40, 0xA4, 
        0x11, 0x40, 0xA4, 0x11, 0x40, 0xA4, 0x11, 0x41, 0xA5, 0x12, 0x42, 0xA6, 0x12, 0x42, 0xA6, 0x12, 0x42, 0xA7, 0x13, 0x44, 0xA9, 0x14, 0x46, 0xAA, 0x13, 0x44, 0xA8, 0x12, 0x42, 0xA7, 0x12, 0x43, 0xA7, 0x13, 0x43, 0xA8, 0x15, 0x47, 0xAB, 
        0x17, 0x4B, 0xAD, 0x18, 0x4D, 0xAE, 0x1A, 0x4E, 0xAF, 0x19, 0x4E, 0xAF, 0x1B, 0x4F, 0xAF, 0x1B, 0x50, 0xAF, 0x1B, 0x50, 0xAF, 0x1B, 0x50, 0xAF, 0x1B, 0x50, 0xAF, 0x1C, 0x51, 0xAF, 0x1C, 0x51, 0xAF, 0x1C, 0x51, 0xB0, 0x1C, 0x51, 0xB0, 
        0x1B, 0x50, 0xAF, 0x1B, 0x50, 0xAF, 0x1A, 0x4F, 0xAE, 0x1A, 0x4F, 0xAE, 0x19, 0x4F, 0xAE, 0x19, 0x4E, 0xAE, 0x19, 0x4E, 0xAE, 0x1A, 0x4F, 0xAF, 0x1B, 0x4F, 0xAF, 0x1A, 0x50, 0xAF, 0x1A, 0x4F, 0xAF, 0x1A, 0x50, 0xAF, 0x1A, 0x50, 0xAF, 
        0x1A, 0x4F, 0xAF, 0x19, 0x4E, 0xAE, 0x18, 0x4E, 0xAE, 0x18, 0x4D, 0xAE, 0x18, 0x4D, 0xAD, 0x17, 0x4B, 0xAD, 0x16, 0x4B, 0xAD, 0x16, 0x4B, 0xAD, 0x16, 0x4B, 0xAC, 0x16, 0x4A, 0xAC, 0x16, 0x4A, 0xAC, 0x16, 0x4A, 0xAC, 0x16, 0x4A, 0xAC, 
        0x15, 0x4A, 0xAC, 0x15, 0x49, 0xAB, 0x15, 0x49, 0xAC, 0x15, 0x49, 0xAC, 0x15, 0x49, 0xAC, 0x15, 0x4A, 0xAC, 0x15, 0x49, 0xAC, 0x15, 0x49, 0xAC, 0x17, 0x4C, 0xAD, 0x18, 0x4E, 0xAE, 0x16, 0x4C, 0xAD, 0x17, 0x4D, 0xAE, 0x17, 0x4D, 0xAE, 
        0x17, 0x4E, 0xAE, 0x1A, 0x50, 0xAF, 0x1B, 0x51, 0xB0, 0x17, 0x4E, 0xAE, 0x14, 0x48, 0xAB, 0x15, 0x49, 0xAC, 0x15, 0x4B, 0xAD, 0x14, 0x49, 0xAC, 0x14, 0x49, 0xAB, 0x14, 0x49, 0xAC, 0x14, 0x49, 0xAC, 0x14, 0x49, 0xAC, 0x14, 0x48, 0xAB, 
        0x14, 0x49, 0xAC, 0x15, 0x4B, 0xAC, 0x15, 0x4A, 0xAC, 0x14, 0x4A, 0xAC, 0x16, 0x4D, 0xAE, 0x15, 0x4A, 0xAC, 0x13, 0x47, 0xAA, 0x13, 0x47, 0xAB, 0x12, 0x46, 0xAA, 0x13, 0x47, 0xAA, 0x12, 0x46, 0xAA, 0x12, 0x45, 0xAA, 0x12, 0x46, 0xAA, 
        0x12, 0x45, 0xA9, 0x12, 0x45, 0xA9, 0x12, 0x45, 0xA9, 0x12, 0x45, 0xA9, 0x12, 0x45, 0xA9, 0x12, 0x45, 0xA9, 0x11, 0x44, 0xA9, 0x12, 0x46, 0xAA, 0x14, 0x4A, 0xAC, 0x12, 0x46, 0xAA, 0x11, 0x44, 0xA9, 0x11, 0x45, 0xA9, 0x11, 0x45, 0xA9, 
        0x12, 0x45, 0xA9, 0x12, 0x47, 0xAA, 0x12, 0x46, 0xAA, 0x12, 0x46, 0xAA, 0x12, 0x47, 0xAA, 0x12, 0x46, 0xAA, 0x11, 0x45, 0xAA, 0x11, 0x45, 0xA9, 0x11, 0x45, 0xA9, 0x11, 0x44, 0xA9, 0x11, 0x44, 0xA9, 0x10, 0x43, 0xA8, 0x10, 0x42, 0xA7, 
        0x10, 0x42, 0xA7, 0x10, 0x42, 0xA6, 0x10, 0x42, 0xA3,
  0x7C, 0xA5, 0xDB, 0x26, 0x59, 0xB4, 0x21, 0x54, 0xB1, 0x20, 0x54, 0xB1, 0x20, 0x54, 0xB1, 0x20, 0x53, 0xB1, 0x21, 0x53, 0xB1, 0x20, 0x52, 0xB1, 0x1F, 0x52, 0xB0, 0x1F, 0x51, 0xB0, 0x1E, 0x50, 0xAF, 0x1E, 0x51, 0xB0, 0x1F, 0x52, 0xB1, 0x1D, 0x50, 0xB0, 
        0x1C, 0x4F, 0xB0, 0x1A, 0x4C, 0xAF, 0x17, 0x49, 0xAC, 0x17, 0x48, 0xAC, 0x16, 0x48, 0xAB, 0x16, 0x47, 0xAA, 0x15, 0x46, 0xAA, 0x15, 0x46, 0xA9, 0x14, 0x44, 0xA9, 0x14, 0x45, 0xA9, 0x14, 0x45, 0xA9, 0x13, 0x43, 0xA7, 0x13, 0x43, 0xA7, 
        0x13, 0x44, 0xA8, 0x13, 0x43, 0xA7, 0x13, 0x43, 0xA7, 0x13, 0x43, 0xA7, 0x13, 0x43, 0xA7, 0x12, 0x42, 0xA6, 0x13, 0x43, 0xA7, 0x13, 0x43, 0xA7, 0x12, 0x43, 0xA6, 0x12, 0x42, 0xA6, 0x13, 0x43, 0xA7, 0x12, 0x43, 0xA6, 0x12, 0x42, 0xA5, 
        0x12, 0x42, 0xA6, 0x12, 0x42, 0xA6, 0x13, 0x43, 0xA7, 0x13, 0x45, 0xA9, 0x14, 0x45, 0xA9, 0x13, 0x44, 0xA9, 0x15, 0x47, 0xAB, 0x15, 0x48, 0xAC, 0x14, 0x46, 0xAA, 0x14, 0x45, 0xA9, 0x14, 0x45, 0xA9, 0x14, 0x46, 0xAA, 0x16, 0x4A, 0xAD, 
        0x18, 0x4C, 0xAF, 0x1A, 0x4F, 0xB0, 0x1B, 0x50, 0xB0, 0x1A, 0x4F, 0xB0, 0x1C, 0x51, 0xB1, 0x1C, 0x51, 0xB1, 0x1B, 0x51, 0xB1, 0x1C, 0x52, 0xB1, 0x1C, 0x52, 0xB1, 0x1D, 0x52, 0xB1, 0x1D, 0x52, 0xB1, 0x1D, 0x53, 0xB1, 0x1D, 0x53, 0xB1, 
        0x1C, 0x52, 0xB1, 0x1B, 0x51, 0xB0, 0x1D, 0x53, 0xB1, 0x22, 0x57, 0xB3, 0x1E, 0x53, 0xB1, 0x1A, 0x50, 0xB0, 0x19, 0x50, 0xB0, 0x1B, 0x50, 0xB0, 0x1B, 0x51, 0xB0, 0x1B, 0x51, 0xB0, 0x1B, 0x51, 0xB0, 0x1B, 0x51, 0xB0, 0x1A, 0x50, 0xB0, 
        0x1A, 0x50, 0xB0, 0x1D, 0x52, 0xB1, 0x1B, 0x51, 0xB0, 0x18, 0x4E, 0xAF, 0x18, 0x4E, 0xAF, 0x18, 0x4E, 0xAF, 0x17, 0x4D, 0xAE, 0x17, 0x4D, 0xAE, 0x17, 0x4C, 0xAE, 0x17, 0x4C, 0xAE, 0x17, 0x4C, 0xAE, 0x17, 0x4B, 0xAD, 0x16, 0x4B, 0xAD, 
        0x16, 0x4B, 0xAD, 0x16, 0x4B, 0xAD, 0x16, 0x4B, 0xAD, 0x16, 0x4B, 0xAD, 0x16, 0x4B, 0xAD, 0x16, 0x4B, 0xAE, 0x16, 0x4B, 0xAE, 0x16, 0x4B, 0xAE, 0x16, 0x4B, 0xAD, 0x17, 0x4D, 0xAF, 0x18, 0x4E, 0xAF, 0x19, 0x50, 0xB0, 0x18, 0x50, 0xB0, 
        0x16, 0x4D, 0xAF, 0x19, 0x51, 0xB1, 0x19, 0x51, 0xB1, 0x16, 0x4C, 0xAF, 0x15, 0x4B, 0xAD, 0x18, 0x50, 0xB0, 0x1B, 0x52, 0xB1, 0x16, 0x4D, 0xAF, 0x15, 0x4A, 0xAD, 0x15, 0x4B, 0xAD, 0x15, 0x4B, 0xAD, 0x15, 0x4B, 0xAD, 0x15, 0x4A, 0xAD, 
        0x15, 0x4A, 0xAD, 0x15, 0x4B, 0xAD, 0x14, 0x49, 0xAC, 0x13, 0x48, 0xAC, 0x14, 0x4A, 0xAD, 0x14, 0x49, 0xAC, 0x14, 0x49, 0xAC, 0x14, 0x49, 0xAC, 0x14, 0x49, 0xAC, 0x14, 0x48, 0xAC, 0x13, 0x47, 0xAB, 0x13, 0x47, 0xAB, 0x13, 0x48, 0xAB, 
        0x13, 0x48, 0xAB, 0x13, 0x47, 0xAB, 0x13, 0x47, 0xAB, 0x12, 0x47, 0xAB, 0x12, 0x46, 0xAB, 0x12, 0x47, 0xAA, 0x12, 0x47, 0xAB, 0x13, 0x47, 0xAB, 0x13, 0x49, 0xAC, 0x13, 0x47, 0xAB, 0x12, 0x47, 0xAB, 0x12, 0x47, 0xAB, 0x12, 0x47, 0xAB, 
        0x13, 0x47, 0xAB, 0x15, 0x4D, 0xAE, 0x14, 0x4B, 0xAE, 0x13, 0x49, 0xAC, 0x13, 0x48, 0xAC, 0x12, 0x48, 0xAC, 0x12, 0x47, 0xAC, 0x11, 0x45, 0xAA, 0x11, 0x45, 0xAA, 0x12, 0x46, 0xAB, 0x13, 0x48, 0xAD, 0x12, 0x46, 0xAB, 0x11, 0x44, 0xA9, 
        0x11, 0x44, 0xA9, 0x11, 0x43, 0xA8, 0x11, 0x43, 0xA4,
  0x7C, 0xA5, 0xDA, 0x27, 0x5A, 0xB6, 0x22, 0x55, 0xB4, 0x22, 0x55, 0xB4, 0x25, 0x58, 0xB5, 0x25, 0x57, 0xB5, 0x22, 0x55, 0xB4, 0x21, 0x54, 0xB4, 0x21, 0x53, 0xB3, 0x1F, 0x51, 0xB2, 0x1E, 0x50, 0xB2, 0x1F, 0x51, 0xB3, 0x21, 0x53, 0xB4, 0x1F, 0x51, 0xB3, 
        0x1C, 0x4F, 0xB2, 0x1B, 0x4E, 0xB1, 0x19, 0x4B, 0xAF, 0x18, 0x49, 0xAE, 0x17, 0x49, 0xAE, 0x17, 0x48, 0xAD, 0x16, 0x47, 0xAD, 0x16, 0x48, 0xAD, 0x15, 0x45, 0xAB, 0x14, 0x45, 0xAA, 0x15, 0x45, 0xAB, 0x14, 0x45, 0xAB, 0x14, 0x44, 0xAA, 
        0x14, 0x44, 0xAA, 0x14, 0x44, 0xAA, 0x14, 0x44, 0xAA, 0x13, 0x44, 0xA9, 0x13, 0x43, 0xA9, 0x13, 0x42, 0xA8, 0x13, 0x43, 0xA9, 0x13, 0x44, 0xA9, 0x13, 0x44, 0xA9, 0x13, 0x44, 0xA9, 0x13, 0x44, 0xA9, 0x13, 0x43, 0xA8, 0x13, 0x43, 0xA9, 
        0x13, 0x43, 0xA9, 0x13, 0x43, 0xA8, 0x14, 0x45, 0xAA, 0x15, 0x47, 0xAC, 0x15, 0x47, 0xAD, 0x14, 0x46, 0xAB, 0x15, 0x46, 0xAC, 0x16, 0x49, 0xAE, 0x15, 0x47, 0xAD, 0x14, 0x46, 0xAC, 0x14, 0x46, 0xAC, 0x15, 0x47, 0xAC, 0x18, 0x4B, 0xB0, 
        0x1A, 0x4E, 0xB2, 0x1B, 0x51, 0xB3, 0x20, 0x55, 0xB4, 0x1E, 0x53, 0xB4, 0x1C, 0x51, 0xB3, 0x1D, 0x52, 0xB3, 0x1D, 0x53, 0xB3, 0x1D, 0x53, 0xB3, 0x1E, 0x53, 0xB4, 0x1E, 0x53, 0xB4, 0x1E, 0x54, 0xB4, 0x1E, 0x54, 0xB3, 0x1E, 0x53, 0xB3, 
        0x1D, 0x53, 0xB3, 0x1C, 0x52, 0xB3, 0x1E, 0x53, 0xB3, 0x23, 0x57, 0xB5, 0x1E, 0x53, 0xB3, 0x1B, 0x51, 0xB2, 0x1D, 0x53, 0xB3, 0x1E, 0x53, 0xB3, 0x1C, 0x51, 0xB3, 0x1C, 0x51, 0xB3, 0x38, 0x6C, 0xC5, 0x38, 0x6C, 0xC5, 0x1A, 0x50, 0xB2, 
        0x1E, 0x54, 0xB4, 0x26, 0x5A, 0xB7, 0x22, 0x57, 0xB5, 0x19, 0x4F, 0xB2, 0x18, 0x4E, 0xB1, 0x19, 0x4F, 0xB1, 0x19, 0x4E, 0xB1, 0x18, 0x4E, 0xB1, 0x18, 0x4D, 0xB1, 0x18, 0x4D, 0xB0, 0x18, 0x4D, 0xB0, 0x18, 0x4D, 0xB0, 0x17, 0x4B, 0xAF, 
        0x16, 0x4B, 0xAF, 0x17, 0x4C, 0xB0, 0x17, 0x4C, 0xB0, 0x17, 0x4C, 0xB0, 0x17, 0x4B, 0xB0, 0x17, 0x4C, 0xB0, 0x17, 0x4C, 0xB0, 0x17, 0x4C, 0xB0, 0x16, 0x4B, 0xB0, 0x17, 0x4D, 0xB0, 0x17, 0x4D, 0xB1, 0x17, 0x4C, 0xB0, 0x17, 0x4D, 0xB0, 
        0x16, 0x4B, 0xB0, 0x17, 0x4D, 0xB1, 0x17, 0x4C, 0xB0, 0x16, 0x4C, 0xB0, 0x17, 0x4D, 0xB1, 0x1B, 0x52, 0xB3, 0x1D, 0x54, 0xB4, 0x18, 0x4F, 0xB2, 0x16, 0x4B, 0xB0, 0x16, 0x4B, 0xAF, 0x16, 0x4B, 0xB0, 0x16, 0x4B, 0xB0, 0x16, 0x4B, 0xB0, 
        0x16, 0x4C, 0xB0, 0x15, 0x4B, 0xAF, 0x15, 0x4A, 0xAF, 0x15, 0x4A, 0xAF, 0x16, 0x4C, 0xB0, 0x16, 0x4C, 0xB0, 0x15, 0x4A, 0xAF, 0x15, 0x49, 0xAE, 0x15, 0x49, 0xAE, 0x14, 0x48, 0xAE, 0x14, 0x49, 0xAE, 0x14, 0x49, 0xAE, 0x14, 0x49, 0xAE, 
        0x14, 0x48, 0xAE, 0x14, 0x48, 0xAE, 0x14, 0x48, 0xAD, 0x14, 0x48, 0xAD, 0x13, 0x47, 0xAD, 0x13, 0x47, 0xAD, 0x13, 0x47, 0xAD, 0x13, 0x47, 0xAD, 0x13, 0x47, 0xAD, 0x13, 0x47, 0xAD, 0x14, 0x48, 0xAD, 0x13, 0x48, 0xAD, 0x13, 0x48, 0xAD, 
        0x13, 0x48, 0xAE, 0x16, 0x4D, 0xB0, 0x15, 0x4B, 0xB0, 0x14, 0x49, 0xAF, 0x14, 0x4A, 0xAF, 0x13, 0x48, 0xAE, 0x14, 0x4A, 0xAF, 0x15, 0x4D, 0xB1, 0x13, 0x49, 0xAE, 0x12, 0x45, 0xAC, 0x13, 0x48, 0xAE, 0x12, 0x46, 0xAD, 0x12, 0x45, 0xAC, 
        0x12, 0x45, 0xAB, 0x11, 0x44, 0xAA, 0x12, 0x44, 0xA7,
  0x7D, 0xA5, 0xDB, 0x29, 0x5B, 0xB7, 0x23, 0x56, 0xB5, 0x23, 0x56, 0xB4, 0x2A, 0x5B, 0xB7, 0x28, 0x5A, 0xB6, 0x22, 0x55, 0xB4, 0x22, 0x55, 0xB4, 0x21, 0x54, 0xB4, 0x21, 0x53, 0xB4, 0x20, 0x52, 0xB3, 0x20, 0x52, 0xB3, 0x22, 0x55, 0xB4, 0x23, 0x55, 0xB4, 
        0x1F, 0x51, 0xB3, 0x1D, 0x4F, 0xB2, 0x1C, 0x4F, 0xB1, 0x1B, 0x4D, 0xB0, 0x1A, 0x4B, 0xAF, 0x19, 0x4A, 0xAF, 0x18, 0x48, 0xAD, 0x16, 0x47, 0xAC, 0x17, 0x47, 0xAC, 0x17, 0x48, 0xAD, 0x16, 0x47, 0xAC, 0x15, 0x46, 0xAB, 0x16, 0x46, 0xAB, 
        0x16, 0x46, 0xAB, 0x16, 0x46, 0xAB, 0x15, 0x45, 0xAA, 0x15, 0x45, 0xAA, 0x15, 0x45, 0xAA, 0x15, 0x45, 0xA9, 0x14, 0x44, 0xA9, 0x14, 0x44, 0xA9, 0x15, 0x45, 0xA9, 0x14, 0x44, 0xA9, 0x14, 0x44, 0xA8, 0x14, 0x44, 0xA9, 0x14, 0x44, 0xA9, 
        0x14, 0x44, 0xA9, 0x15, 0x45, 0xAA, 0x16, 0x47, 0xAC, 0x16, 0x47, 0xAD, 0x17, 0x48, 0xAD, 0x18, 0x4A, 0xAF, 0x16, 0x48, 0xAD, 0x18, 0x4A, 0xAE, 0x16, 0x49, 0xAD, 0x16, 0x47, 0xAC, 0x16, 0x48, 0xAC, 0x17, 0x49, 0xAD, 0x19, 0x4D, 0xB0, 
        0x1B, 0x50, 0xB2, 0x1D, 0x52, 0xB4, 0x22, 0x57, 0xB6, 0x21, 0x56, 0xB5, 0x1E, 0x53, 0xB4, 0x1E, 0x54, 0xB4, 0x1F, 0x54, 0xB4, 0x20, 0x55, 0xB4, 0x20, 0x55, 0xB4, 0x20, 0x55, 0xB4, 0x20, 0x55, 0xB4, 0x20, 0x55, 0xB4, 0x1F, 0x54, 0xB4, 
        0x1F, 0x54, 0xB4, 0x1F, 0x54, 0xB4, 0x1E, 0x53, 0xB3, 0x1C, 0x52, 0xB3, 0x1E, 0x53, 0xB3, 0x1D, 0x52, 0xB3, 0x1F, 0x54, 0xB4, 0x20, 0x56, 0xB4, 0x1D, 0x53, 0xB3, 0x39, 0x6D, 0xC5, 0x54, 0x85, 0xD5, 0x54, 0x85, 0xD5, 0x39, 0x6C, 0xC4, 
        0x1E, 0x54, 0xB4, 0x26, 0x5A, 0xB7, 0x22, 0x57, 0xB5, 0x1B, 0x51, 0xB2, 0x1A, 0x4F, 0xB2, 0x1A, 0x50, 0xB2, 0x1A, 0x4F, 0xB2, 0x1A, 0x50, 0xB2, 0x1A, 0x50, 0xB2, 0x1A, 0x4F, 0xB2, 0x19, 0x4F, 0xB1, 0x19, 0x4E, 0xB1, 0x1A, 0x50, 0xB2, 
        0x1A, 0x50, 0xB2, 0x19, 0x4E, 0xB1, 0x18, 0x4D, 0xB1, 0x19, 0x4E, 0xB1, 0x18, 0x4D, 0xB0, 0x18, 0x4D, 0xB1, 0x18, 0x4E, 0xB1, 0x19, 0x4E, 0xB1, 0x19, 0x4E, 0xB1, 0x18, 0x4E, 0xB1, 0x18, 0x4E, 0xB1, 0x18, 0x4D, 0xB1, 0x18, 0x4D, 0xB0, 
        0x18, 0x4D, 0xB0, 0x18, 0x4D, 0xB0, 0x18, 0x4D, 0xB0, 0x18, 0x4D, 0xB0, 0x18, 0x4D, 0xB0, 0x19, 0x4E, 0xB1, 0x19, 0x4F, 0xB1, 0x18, 0x4E, 0xB1, 0x18, 0x4D, 0xB1, 0x18, 0x4D, 0xB1, 0x18, 0x4D, 0xB1, 0x17, 0x4C, 0xB0, 0x17, 0x4C, 0xB0, 
        0x18, 0x4D, 0xB1, 0x17, 0x4C, 0xB0, 0x17, 0x4C, 0xB0, 0x17, 0x4C, 0xB0, 0x18, 0x4E, 0xB1, 0x18, 0x4E, 0xB1, 0x16, 0x4B, 0xAF, 0x16, 0x4B, 0xAF, 0x16, 0x4B, 0xAF, 0x16, 0x4B, 0xAF, 0x16, 0x4B, 0xAF, 0x16, 0x4A, 0xAF, 0x15, 0x4A, 0xAE, 
        0x15, 0x4A, 0xAE, 0x15, 0x4A, 0xAE, 0x15, 0x49, 0xAE, 0x15, 0x49, 0xAE, 0x15, 0x4A, 0xAE, 0x15, 0x49, 0xAE, 0x15, 0x49, 0xAE, 0x17, 0x4C, 0xB0, 0x16, 0x4C, 0xAF, 0x15, 0x49, 0xAE, 0x15, 0x4A, 0xAE, 0x15, 0x49, 0xAE, 0x15, 0x4A, 0xAE, 
        0x15, 0x4A, 0xAF, 0x15, 0x4A, 0xAE, 0x15, 0x4A, 0xAF, 0x16, 0x4B, 0xB0, 0x15, 0x4B, 0xB0, 0x14, 0x49, 0xAE, 0x16, 0x4D, 0xB1, 0x20, 0x58, 0xB6, 0x18, 0x50, 0xB2, 0x14, 0x49, 0xAE, 0x14, 0x49, 0xAE, 0x13, 0x47, 0xAD, 0x13, 0x47, 0xAD, 
        0x13, 0x46, 0xAC, 0x13, 0x45, 0xAB, 0x13, 0x46, 0xA8,
  0x7D, 0xA6, 0xDB, 0x29, 0x5C, 0xB9, 0x25, 0x58, 0xB6, 0x24, 0x57, 0xB6, 0x24, 0x57, 0xB6, 0x23, 0x56, 0xB6, 0x23, 0x56, 0xB6, 0x23, 0x56, 0xB6, 0x22, 0x54, 0xB5, 0x22, 0x54, 0xB5, 0x22, 0x54, 0xB5, 0x20, 0x52, 0xB4, 0x22, 0x54, 0xB5, 0x24, 0x56, 0xB6, 
        0x21, 0x53, 0xB5, 0x1F, 0x51, 0xB4, 0x1C, 0x4E, 0xB2, 0x1B, 0x4D, 0xB1, 0x1B, 0x4C, 0xB1, 0x1A, 0x4A, 0xB0, 0x19, 0x49, 0xAF, 0x17, 0x48, 0xAE, 0x17, 0x47, 0xAD, 0x17, 0x48, 0xAD, 0x17, 0x47, 0xAD, 0x17, 0x47, 0xAD, 0x16, 0x47, 0xAC, 
        0x16, 0x46, 0xAC, 0x16, 0x47, 0xAC, 0x16, 0x46, 0xAC, 0x16, 0x46, 0xAC, 0x16, 0x46, 0xAB, 0x15, 0x46, 0xAB, 0x15, 0x45, 0xAB, 0x15, 0x46, 0xAB, 0x15, 0x45, 0xAB, 0x15, 0x45, 0xAA, 0x15, 0x45, 0xAA, 0x15, 0x45, 0xAA, 0x15, 0x45, 0xAA, 
        0x15, 0x45, 0xAB, 0x17, 0x47, 0xAD, 0x18, 0x49, 0xAF, 0x17, 0x49, 0xAF, 0x17, 0x49, 0xAE, 0x18, 0x4A, 0xB0, 0x18, 0x4B, 0xB0, 0x19, 0x4C, 0xB1, 0x17, 0x49, 0xAF, 0x16, 0x48, 0xAD, 0x17, 0x49, 0xAE, 0x18, 0x4A, 0xAF, 0x1A, 0x4E, 0xB2, 
        0x1C, 0x50, 0xB4, 0x1D, 0x51, 0xB4, 0x1E, 0x53, 0xB5, 0x1F, 0x54, 0xB6, 0x1F, 0x54, 0xB5, 0x20, 0x55, 0xB6, 0x21, 0x56, 0xB6, 0x21, 0x56, 0xB6, 0x20, 0x56, 0xB6, 0x21, 0x56, 0xB6, 0x22, 0x57, 0xB6, 0x22, 0x57, 0xB6, 0x21, 0x56, 0xB6, 
        0x20, 0x55, 0xB6, 0x20, 0x55, 0xB6, 0x20, 0x55, 0xB6, 0x20, 0x54, 0xB5, 0x1E, 0x54, 0xB5, 0x1F, 0x54, 0xB5, 0x1E, 0x53, 0xB5, 0x1D, 0x53, 0xB5, 0x3A, 0x6D, 0xC5, 0x54, 0x85, 0xD5, 0x54, 0x85, 0xD5, 0x54, 0x85, 0xD5, 0x54, 0x85, 0xD5, 
        0x39, 0x6D, 0xC5, 0x1C, 0x52, 0xB4, 0x1B, 0x51, 0xB4, 0x1B, 0x51, 0xB3, 0x1C, 0x51, 0xB4, 0x1A, 0x50, 0xB3, 0x1B, 0x50, 0xB3, 0x1B, 0x51, 0xB3, 0x1B, 0x51, 0xB3, 0x1B, 0x51, 0xB3, 0x1A, 0x4F, 0xB3, 0x1E, 0x54, 0xB5, 0x29, 0x5D, 0xB9, 
        0x24, 0x59, 0xB8, 0x19, 0x4F, 0xB2, 0x19, 0x4E, 0xB2, 0x19, 0x4E, 0xB2, 0x1A, 0x4F, 0xB3, 0x1A, 0x4F, 0xB2, 0x19, 0x4F, 0xB2, 0x19, 0x4F, 0xB3, 0x1A, 0x4F, 0xB3, 0x19, 0x4F, 0xB2, 0x19, 0x4F, 0xB2, 0x19, 0x4F, 0xB3, 0x1A, 0x4F, 0xB3, 
        0x1A, 0x4F, 0xB3, 0x18, 0x4E, 0xB2, 0x18, 0x4E, 0xB2, 0x19, 0x4F, 0xB2, 0x18, 0x4E, 0xB2, 0x19, 0x4D, 0xB2, 0x18, 0x4E, 0xB2, 0x18, 0x4D, 0xB2, 0x18, 0x4D, 0xB2, 0x19, 0x4E, 0xB2, 0x18, 0x4E, 0xB2, 0x18, 0x4D, 0xB2, 0x18, 0x4D, 0xB1, 
        0x18, 0x4D, 0xB2, 0x18, 0x4D, 0xB2, 0x18, 0x4D, 0xB1, 0x17, 0x4D, 0xB1, 0x18, 0x4C, 0xB1, 0x17, 0x4C, 0xB1, 0x17, 0x4D, 0xB1, 0x17, 0x4D, 0xB1, 0x17, 0x4D, 0xB1, 0x17, 0x4C, 0xB1, 0x17, 0x4C, 0xB0, 0x17, 0x4B, 0xB0, 0x17, 0x4C, 0xB1, 
        0x17, 0x4C, 0xB1, 0x16, 0x4B, 0xB0, 0x16, 0x4A, 0xB0, 0x16, 0x4A, 0xAF, 0x16, 0x4B, 0xB0, 0x16, 0x4A, 0xB0, 0x16, 0x4B, 0xB0, 0x18, 0x4F, 0xB3, 0x18, 0x4F, 0xB2, 0x16, 0x4B, 0xB0, 0x15, 0x4A, 0xB0, 0x16, 0x4A, 0xB0, 0x16, 0x4B, 0xB0, 
        0x16, 0x4B, 0xB0, 0x16, 0x4C, 0xB1, 0x16, 0x4C, 0xB1, 0x16, 0x4B, 0xB1, 0x16, 0x4B, 0xB1, 0x16, 0x4C, 0xB1, 0x16, 0x4B, 0xB0, 0x16, 0x4C, 0xB2, 0x16, 0x4B, 0xB0, 0x16, 0x4B, 0xB1, 0x15, 0x4A, 0xB0, 0x14, 0x48, 0xAE, 0x14, 0x48, 0xAE, 
        0x14, 0x47, 0xAE, 0x14, 0x46, 0xAD, 0x14, 0x46, 0xA9,
  0x7E, 0xA6, 0xDA, 0x2B, 0x5D, 0xB9, 0x26, 0x58, 0xB7, 0x25, 0x58, 0xB7, 0x26, 0x58, 0xB7, 0x25, 0x57, 0xB7, 0x25, 0x57, 0xB7, 0x24, 0x56, 0xB6, 0x24, 0x56, 0xB6, 0x23, 0x55, 0xB6, 0x23, 0x55, 0xB6, 0x21, 0x53, 0xB5, 0x21, 0x53, 0xB5, 0x24, 0x56, 0xB6, 
        0x22, 0x54, 0xB6, 0x1F, 0x51, 0xB4, 0x1E, 0x4F, 0xB3, 0x1D, 0x4E, 0xB2, 0x1C, 0x4C, 0xB1, 0x1B, 0x4C, 0xB1, 0x1A, 0x4B, 0xB0, 0x1A, 0x4B, 0xB0, 0x19, 0x4A, 0xAF, 0x18, 0x49, 0xAE, 0x17, 0x47, 0xAD, 0x17, 0x47, 0xAD, 0x18, 0x48, 0xAE, 
        0x17, 0x47, 0xAD, 0x17, 0x47, 0xAC, 0x17, 0x47, 0xAC, 0x17, 0x47, 0xAC, 0x17, 0x47, 0xAC, 0x16, 0x46, 0xAC, 0x16, 0x46, 0xAC, 0x16, 0x47, 0xAC, 0x16, 0x46, 0xAC, 0x16, 0x46, 0xAB, 0x16, 0x46, 0xAB, 0x16, 0x46, 0xAB, 0x16, 0x46, 0xAB, 
        0x17, 0x47, 0xAC, 0x18, 0x49, 0xAF, 0x18, 0x49, 0xAF, 0x19, 0x4A, 0xB0, 0x18, 0x4A, 0xB0, 0x19, 0x4B, 0xB1, 0x1A, 0x4C, 0xB2, 0x19, 0x4C, 0xB1, 0x18, 0x4A, 0xB0, 0x18, 0x49, 0xAF, 0x18, 0x49, 0xAF, 0x18, 0x4A, 0xAF, 0x1C, 0x4F, 0xB3, 
        0x1E, 0x52, 0xB5, 0x1E, 0x52, 0xB5, 0x1E, 0x53, 0xB5, 0x20, 0x54, 0xB6, 0x20, 0x55, 0xB6, 0x20, 0x56, 0xB7, 0x21, 0x57, 0xB7, 0x21, 0x57, 0xB7, 0x21, 0x57, 0xB7, 0x22, 0x57, 0xB7, 0x22, 0x57, 0xB7, 0x22, 0x57, 0xB7, 0x21, 0x57, 0xB7, 
        0x22, 0x57, 0xB7, 0x22, 0x56, 0xB6, 0x20, 0x55, 0xB6, 0x1F, 0x55, 0xB6, 0x1F, 0x55, 0xB6, 0x21, 0x56, 0xB6, 0x20, 0x55, 0xB6, 0x3B, 0x6E, 0xC6, 0x54, 0x85, 0xD5, 0x54, 0x85, 0xD5, 0x54, 0x85, 0xD5, 0x54, 0x85, 0xD5, 0x54, 0x85, 0xD5, 
        0x54, 0x85, 0xD5, 0x3A, 0x6D, 0xC5, 0x1C, 0x51, 0xB4, 0x1C, 0x51, 0xB4, 0x1D, 0x52, 0xB4, 0x1C, 0x51, 0xB4, 0x1C, 0x52, 0xB4, 0x1C, 0x51, 0xB4, 0x1B, 0x50, 0xB3, 0x1C, 0x51, 0xB4, 0x1B, 0x50, 0xB3, 0x20, 0x56, 0xB7, 0x2A, 0x5E, 0xBA, 
        0x22, 0x57, 0xB7, 0x1A, 0x4F, 0xB3, 0x1A, 0x4F, 0xB3, 0x1A, 0x4F, 0xB3, 0x1B, 0x50, 0xB3, 0x1B, 0x50, 0xB3, 0x1A, 0x50, 0xB3, 0x1A, 0x50, 0xB3, 0x1A, 0x50, 0xB3, 0x1A, 0x50, 0xB3, 0x1A, 0x4F, 0xB3, 0x1A, 0x50, 0xB3, 0x1A, 0x4F, 0xB4, 
        0x1B, 0x50, 0xB4, 0x1C, 0x53, 0xB5, 0x1D, 0x54, 0xB6, 0x1D, 0x55, 0xB6, 0x1C, 0x53, 0xB5, 0x1A, 0x4E, 0xB3, 0x1A, 0x4F, 0xB3, 0x1A, 0x4F, 0xB3, 0x19, 0x4F, 0xB3, 0x19, 0x4E, 0xB3, 0x19, 0x4E, 0xB3, 0x19, 0x4E, 0xB3, 0x19, 0x4E, 0xB2, 
        0x19, 0x4E, 0xB2, 0x19, 0x4E, 0xB2, 0x18, 0x4D, 0xB2, 0x18, 0x4D, 0xB2, 0x18, 0x4E, 0xB2, 0x18, 0x4D, 0xB2, 0x18, 0x4E, 0xB2, 0x18, 0x4E, 0xB2, 0x19, 0x4E, 0xB3, 0x18, 0x4E, 0xB2, 0x18, 0x4D, 0xB1, 0x18, 0x4D, 0xB2, 0x18, 0x4C, 0xB1, 
        0x18, 0x4C, 0xB2, 0x18, 0x4D, 0xB2, 0x17, 0x4C, 0xB1, 0x17, 0x4B, 0xB0, 0x17, 0x4B, 0xB1, 0x17, 0x4B, 0xB0, 0x17, 0x4B, 0xB1, 0x17, 0x4C, 0xB1, 0x17, 0x4C, 0xB1, 0x16, 0x4B, 0xB0, 0x17, 0x4B, 0xB1, 0x17, 0x4B, 0xB1, 0x17, 0x4C, 0xB1, 
        0x17, 0x4C, 0xB1, 0x17, 0x4C, 0xB1, 0x17, 0x4C, 0xB2, 0x17, 0x4C, 0xB1, 0x17, 0x4C, 0xB1, 0x17, 0x4C, 0xB2, 0x16, 0x4B, 0xB1, 0x16, 0x4A, 0xB0, 0x15, 0x49, 0xB0, 0x16, 0x4A, 0xB0, 0x15, 0x49, 0xAF, 0x15, 0x49, 0xB0, 0x15, 0x49, 0xAF, 
        0x15, 0x48, 0xAF, 0x15, 0x47, 0xAE, 0x15, 0x47, 0xAA,
  0x7E, 0xA6, 0xDA, 0x2C, 0x5F, 0xBA, 0x27, 0x5A, 0xB8, 0x27, 0x5A, 0xB8, 0x27, 0x5A, 0xB8, 0x27, 0x59, 0xB8, 0x27, 0x59, 0xB7, 0x26, 0x58, 0xB7, 0x25, 0x57, 0xB7, 0x25, 0x57, 0xB6, 0x24, 0x56, 0xB6, 0x23, 0x55, 0xB6, 0x22, 0x54, 0xB5, 0x24, 0x56, 0xB6, 
        0x25, 0x56, 0xB7, 0x22, 0x53, 0xB5, 0x20, 0x52, 0xB4, 0x1F, 0x50, 0xB3, 0x1E, 0x4E, 0xB2, 0x1D, 0x4D, 0xB1, 0x1C, 0x4C, 0xB1, 0x1B, 0x4B, 0xB0, 0x1B, 0x4B, 0xAF, 0x1A, 0x4B, 0xAF, 0x1A, 0x4A, 0xAE, 0x19, 0x49, 0xAE, 0x19, 0x49, 0xAE, 
        0x19, 0x49, 0xAD, 0x19, 0x48, 0xAD, 0x19, 0x48, 0xAD, 0x18, 0x48, 0xAD, 0x18, 0x48, 0xAD, 0x18, 0x48, 0xAD, 0x18, 0x48, 0xAD, 0x18, 0x48, 0xAC, 0x18, 0x48, 0xAC, 0x18, 0x48, 0xAC, 0x18, 0x48, 0xAC, 0x18, 0x48, 0xAD, 0x18, 0x48, 0xAD, 
        0x19, 0x4A, 0xAE, 0x1A, 0x4B, 0xB0, 0x1A, 0x4B, 0xB0, 0x1A, 0x4C, 0xB1, 0x1A, 0x4B, 0xB0, 0x1B, 0x4D, 0xB1, 0x1C, 0x4E, 0xB3, 0x1A, 0x4B, 0xB0, 0x1A, 0x4B, 0xB0, 0x1A, 0x4B, 0xB0, 0x1A, 0x4C, 0xB1, 0x1A, 0x4C, 0xB1, 0x1D, 0x51, 0xB4, 
        0x1F, 0x54, 0xB6, 0x20, 0x54, 0xB6, 0x20, 0x55, 0xB6, 0x22, 0x57, 0xB7, 0x22, 0x57, 0xB7, 0x22, 0x57, 0xB7, 0x23, 0x58, 0xB8, 0x23, 0x58, 0xB8, 0x24, 0x59, 0xB8, 0x24, 0x59, 0xB8, 0x24, 0x59, 0xB8, 0x24, 0x5A, 0xB8, 0x26, 0x5A, 0xB8, 
        0x25, 0x5A, 0xB8, 0x23, 0x58, 0xB7, 0x23, 0x58, 0xB7, 0x24, 0x59, 0xB8, 0x22, 0x57, 0xB7, 0x22, 0x57, 0xB7, 0x3C, 0x6F, 0xC7, 0x54, 0x85, 0xD5, 0x54, 0x85, 0xD5, 0x54, 0x85, 0xD5, 0x54, 0x85, 0xD5, 0x54, 0x85, 0xD5, 0x54, 0x85, 0xD5, 
        0x54, 0x85, 0xD5, 0x54, 0x85, 0xD5, 0x3A, 0x6E, 0xC6, 0x1E, 0x53, 0xB5, 0x1E, 0x53, 0xB5, 0x1E, 0x53, 0xB5, 0x1E, 0x53, 0xB5, 0x1E, 0x53, 0xB5, 0x1D, 0x53, 0xB5, 0x1E, 0x53, 0xB5, 0x1D, 0x52, 0xB5, 0x1D, 0x53, 0xB5, 0x1F, 0x55, 0xB6, 
        0x1D, 0x53, 0xB5, 0x1C, 0x51, 0xB4, 0x1C, 0x50, 0xB4, 0x1C, 0x51, 0xB4, 0x1C, 0x51, 0xB4, 0x1C, 0x51, 0xB4, 0x1C, 0x51, 0xB4, 0x1C, 0x51, 0xB4, 0x1C, 0x51, 0xB4, 0x1C, 0x51, 0xB4, 0x1C, 0x51, 0xB4, 0x1C, 0x51, 0xB4, 0x1C, 0x51, 0xB4, 
        0x1C, 0x52, 0xB5, 0x22, 0x59, 0xB8, 0x25, 0x5B, 0xBA, 0x25, 0x5B, 0xBA, 0x25, 0x5B, 0xB9, 0x1E, 0x55, 0xB6, 0x1B, 0x50, 0xB3, 0x1B, 0x50, 0xB4, 0x1B, 0x50, 0xB4, 0x1B, 0x50, 0xB3, 0x1B, 0x50, 0xB3, 0x1B, 0x50, 0xB3, 0x1A, 0x50, 0xB3, 
        0x1A, 0x4F, 0xB3, 0x1A, 0x4F, 0xB3, 0x1A, 0x4F, 0xB3, 0x1A, 0x4F, 0xB3, 0x1A, 0x4F, 0xB3, 0x1A, 0x4F, 0xB3, 0x1A, 0x4F, 0xB3, 0x1A, 0x4F, 0xB3, 0x1A, 0x50, 0xB3, 0x1A, 0x4F, 0xB3, 0x19, 0x4E, 0xB2, 0x19, 0x4E, 0xB2, 0x19, 0x4E, 0xB2, 
        0x19, 0x4D, 0xB2, 0x19, 0x4F, 0xB3, 0x19, 0x4E, 0xB2, 0x18, 0x4D, 0xB2, 0x18, 0x4D, 0xB2, 0x18, 0x4D, 0xB1, 0x18, 0x4D, 0xB1, 0x19, 0x4D, 0xB2, 0x18, 0x4D, 0xB2, 0x18, 0x4C, 0xB1, 0x18, 0x4D, 0xB1, 0x19, 0x4D, 0xB1, 0x19, 0x4D, 0xB2, 
        0x18, 0x4D, 0xB1, 0x19, 0x4E, 0xB2, 0x19, 0x4E, 0xB2, 0x19, 0x4E, 0xB2, 0x18, 0x4E, 0xB2, 0x18, 0x4D, 0xB2, 0x18, 0x4D, 0xB2, 0x18, 0x4D, 0xB2, 0x17, 0x4C, 0xB1, 0x17, 0x4B, 0xB1, 0x17, 0x4A, 0xB0, 0x17, 0x4B, 0xB0, 0x17, 0x4A, 0xAF, 
        0x16, 0x4A, 0xAF, 0x16, 0x49, 0xAE, 0x16, 0x49, 0xAB,
  0x81, 0xA7, 0xDA, 0x2D, 0x5F, 0xBB, 0x29, 0x5B, 0xB9, 0x29, 0x5B, 0xB9, 0x28, 0x5A, 0xB8, 0x28, 0x5A, 0xB8, 0x28, 0x5A, 0xB8, 0x27, 0x59, 0xB8, 0x27, 0x58, 0xB8, 0x26, 0x58, 0xB8, 0x25, 0x57, 0xB7, 0x25, 0x56, 0xB7, 0x23, 0x55, 0xB6, 0x22, 0x54, 0xB5, 
        0x24, 0x56, 0xB7, 0x25, 0x56, 0xB7, 0x21, 0x52, 0xB4, 0x20, 0x51, 0xB4, 0x1F, 0x50, 0xB3, 0x1D, 0x4E, 0xB2, 0x1D, 0x4D, 0xB1, 0x1C, 0x4C, 0xB1, 0x1B, 0x4B, 0xB0, 0x1B, 0x4B, 0xAF, 0x1B, 0x4A, 0xAF, 0x1A, 0x4A, 0xAF, 0x1A, 0x49, 0xAE, 
        0x19, 0x49, 0xAE, 0x1A, 0x49, 0xAE, 0x19, 0x49, 0xAE, 0x19, 0x49, 0xAE, 0x19, 0x49, 0xAE, 0x19, 0x49, 0xAE, 0x19, 0x49, 0xAD, 0x19, 0x48, 0xAD, 0x19, 0x48, 0xAD, 0x19, 0x48, 0xAD, 0x19, 0x48, 0xAD, 0x19, 0x48, 0xAD, 0x19, 0x49, 0xAD, 
        0x1A, 0x4B, 0xB0, 0x1B, 0x4C, 0xB1, 0x1B, 0x4C, 0xB1, 0x1A, 0x4B, 0xB0, 0x1A, 0x4B, 0xB1, 0x1B, 0x4D, 0xB2, 0x1D, 0x4F, 0xB4, 0x1C, 0x4E, 0xB3, 0x1B, 0x4C, 0xB1, 0x1A, 0x4B, 0xB1, 0x1B, 0x4D, 0xB2, 0x1C, 0x4D, 0xB2, 0x1E, 0x52, 0xB5, 
        0x20, 0x55, 0xB7, 0x21, 0x55, 0xB7, 0x22, 0x56, 0xB7, 0x24, 0x58, 0xB8, 0x23, 0x59, 0xB8, 0x23, 0x58, 0xB8, 0x24, 0x59, 0xB9, 0x24, 0x59, 0xB9, 0x25, 0x5A, 0xB9, 0x25, 0x5A, 0xB9, 0x25, 0x5A, 0xB9, 0x26, 0x5B, 0xB9, 0x29, 0x5D, 0xBA, 
        0x25, 0x5A, 0xB8, 0x23, 0x58, 0xB8, 0x25, 0x5A, 0xB9, 0x28, 0x5C, 0xB9, 0x24, 0x59, 0xB8, 0x3C, 0x6F, 0xC7, 0x54, 0x85, 0xD5, 0x54, 0x85, 0xD5, 0x54, 0x85, 0xD5, 0x54, 0x85, 0xD5, 0x54, 0x85, 0xD5, 0x54, 0x85, 0xD5, 0x54, 0x85, 0xD5, 
        0x54, 0x85, 0xD5, 0x54, 0x85, 0xD5, 0x54, 0x85, 0xD5, 0x3B, 0x6E, 0xC6, 0x1F, 0x54, 0xB6, 0x1F, 0x54, 0xB6, 0x1F, 0x54, 0xB6, 0x1F, 0x54, 0xB6, 0x1E, 0x54, 0xB6, 0x1F, 0x54, 0xB6, 0x1F, 0x55, 0xB6, 0x1E, 0x54, 0xB6, 0x1D, 0x52, 0xB5, 
        0x1D, 0x52, 0xB5, 0x1E, 0x54, 0xB6, 0x1E, 0x54, 0xB5, 0x1D, 0x52, 0xB5, 0x1D, 0x52, 0xB5, 0x1D, 0x52, 0xB5, 0x1D, 0x52, 0xB5, 0x1D, 0x52, 0xB5, 0x1D, 0x52, 0xB5, 0x1D, 0x52, 0xB5, 0x1D, 0x52, 0xB5, 0x1D, 0x52, 0xB5, 0x1D, 0x51, 0xB5, 
        0x1D, 0x52, 0xB5, 0x22, 0x59, 0xB8, 0x26, 0x5D, 0xBA, 0x26, 0x5D, 0xBA, 0x25, 0x5B, 0xBA, 0x20, 0x56, 0xB8, 0x1C, 0x52, 0xB5, 0x1C, 0x51, 0xB4, 0x1C, 0x51, 0xB4, 0x1C, 0x50, 0xB4, 0x1C, 0x51, 0xB4, 0x1C, 0x51, 0xB4, 0x1C, 0x50, 0xB4, 
        0x1B, 0x50, 0xB4, 0x1C, 0x51, 0xB4, 0x1B, 0x50, 0xB4, 0x1B, 0x50, 0xB4, 0x1B, 0x4F, 0xB3, 0x1B, 0x4F, 0xB3, 0x1B, 0x50, 0xB4, 0x1B, 0x50, 0xB4, 0x1B, 0x51, 0xB4, 0x1B, 0x50, 0xB4, 0x1A, 0x4F, 0xB3, 0x1A, 0x4F, 0xB3, 0x1A, 0x4F, 0xB3, 
        0x1A, 0x4E, 0xB3, 0x1A, 0x4F, 0xB3, 0x1A, 0x4E, 0xB3, 0x19, 0x4E, 0xB2, 0x19, 0x4E, 0xB2, 0x19, 0x4E, 0xB2, 0x19, 0x4E, 0xB3, 0x19, 0x4D, 0xB2, 0x19, 0x4D, 0xB2, 0x19, 0x4D, 0xB2, 0x19, 0x4E, 0xB2, 0x1A, 0x4E, 0xB2, 0x19, 0x4E, 0xB2, 
        0x19, 0x4E, 0xB2, 0x1A, 0x50, 0xB3, 0x19, 0x4E, 0xB3, 0x19, 0x4E, 0xB3, 0x19, 0x4D, 0xB2, 0x19, 0x4E, 0xB2, 0x19, 0x4E, 0xB3, 0x19, 0x4D, 0xB2, 0x18, 0x4C, 0xB1, 0x18, 0x4D, 0xB1, 0x18, 0x4C, 0xB1, 0x18, 0x4B, 0xB1, 0x17, 0x4B, 0xB0, 
        0x17, 0x4A, 0xB0, 0x17, 0x4A, 0xAF, 0x17, 0x49, 0xAB,
  0x81, 0xA7, 0xDA, 0x2E, 0x60, 0xBB, 0x2A, 0x5C, 0xB9, 0x29, 0x5C, 0xB9, 0x29, 0x5C, 0xB9, 0x29, 0x5B, 0xB9, 0x28, 0x5A, 0xB8, 0x28, 0x5A, 0xB8, 0x28, 0x59, 0xB8, 0x27, 0x59, 0xB8, 0x26, 0x58, 0xB7, 0x25, 0x56, 0xB6, 0x24, 0x56, 0xB6, 0x23, 0x54, 0xB5, 
        0x22, 0x53, 0xB4, 0x25, 0x56, 0xB6, 0x24, 0x55, 0xB6, 0x22, 0x53, 0xB4, 0x20, 0x51, 0xB4, 0x1F, 0x50, 0xB3, 0x1E, 0x4E, 0xB2, 0x1D, 0x4D, 0xB0, 0x1C, 0x4C, 0xB0, 0x1C, 0x4C, 0xB0, 0x1B, 0x4B, 0xAF, 0x1B, 0x4B, 0xAF, 0x1B, 0x4B, 0xAF, 
        0x1B, 0x4B, 0xAE, 0x1B, 0x4A, 0xAE, 0x1A, 0x4A, 0xAE, 0x1A, 0x4A, 0xAE, 0x1A, 0x4A, 0xAE, 0x1A, 0x49, 0xAD, 0x1A, 0x49, 0xAD, 0x1A, 0x4A, 0xAD, 0x1A, 0x49, 0xAD, 0x1A, 0x49, 0xAD, 0x1A, 0x49, 0xAD, 0x1A, 0x4A, 0xAD, 0x1C, 0x4C, 0xAF, 
        0x1C, 0x4D, 0xB1, 0x1C, 0x4D, 0xB2, 0x1C, 0x4D, 0xB1, 0x1A, 0x4B, 0xAF, 0x1C, 0x4D, 0xB2, 0x1C, 0x4E, 0xB2, 0x1C, 0x4D, 0xB2, 0x1C, 0x4E, 0xB2, 0x1C, 0x4E, 0xB2, 0x1C, 0x4E, 0xB2, 0x1D, 0x4F, 0xB3, 0x1D, 0x4F, 0xB3, 0x1F, 0x53, 0xB5, 
        0x23, 0x57, 0xB7, 0x22, 0x57, 0xB7, 0x22, 0x57, 0xB7, 0x24, 0x58, 0xB8, 0x25, 0x59, 0xB8, 0x25, 0x5A, 0xB8, 0x26, 0x5A, 0xB9, 0x26, 0x5B, 0xB9, 0x26, 0x5B, 0xB9, 0x26, 0x5B, 0xB9, 0x26, 0x5B, 0xB9, 0x26, 0x5B, 0xB9, 0x27, 0x5C, 0xB9, 
        0x25, 0x5A, 0xB8, 0x24, 0x59, 0xB8, 0x24, 0x59, 0xB8, 0x25, 0x5A, 0xB8, 0x3D, 0x70, 0xC7, 0x54, 0x85, 0xD5, 0x54, 0x85, 0xD5, 0x54, 0x85, 0xD5, 0x54, 0x85, 0xD5, 0x54, 0x85, 0xD5, 0x54, 0x85, 0xD5, 0x54, 0x85, 0xD5, 0x54, 0x85, 0xD5, 
        0x54, 0x85, 0xD5, 0x54, 0x85, 0xD5, 0x54, 0x85, 0xD5, 0x54, 0x85, 0xD5, 0x3B, 0x6E, 0xC6, 0x20, 0x54, 0xB6, 0x20, 0x55, 0xB6, 0x20, 0x55, 0xB6, 0x20, 0x55, 0xB6, 0x1F, 0x55, 0xB6, 0x1F, 0x54, 0xB6, 0x1F, 0x55, 0xB6, 0x1F, 0x54, 0xB6, 
        0x1E, 0x53, 0xB5, 0x21, 0x57, 0xB7, 0x24, 0x59, 0xB8, 0x1F, 0x54, 0xB5, 0x1E, 0x52, 0xB5, 0x1E, 0x54, 0xB5, 0x1E, 0x53, 0xB5, 0x1E, 0x53, 0xB5, 0x1E, 0x54, 0xB5, 0x1E, 0x53, 0xB5, 0x1E, 0x53, 0xB5, 0x1E, 0x53, 0xB5, 0x1E, 0x53, 0xB5, 
        0x1D, 0x52, 0xB5, 0x1E, 0x55, 0xB6, 0x20, 0x58, 0xB7, 0x20, 0x58, 0xB7, 0x1E, 0x54, 0xB5, 0x1D, 0x52, 0xB5, 0x1D, 0x53, 0xB5, 0x1D, 0x52, 0xB5, 0x1D, 0x52, 0xB4, 0x1D, 0x52, 0xB4, 0x1D, 0x52, 0xB4, 0x1C, 0x51, 0xB4, 0x1C, 0x51, 0xB4, 
        0x1C, 0x51, 0xB4, 0x1D, 0x52, 0xB4, 0x1C, 0x51, 0xB4, 0x1C, 0x51, 0xB4, 0x1C, 0x51, 0xB3, 0x1C, 0x51, 0xB4, 0x1C, 0x50, 0xB4, 0x1C, 0x50, 0xB4, 0x1C, 0x51, 0xB4, 0x1C, 0x52, 0xB4, 0x1B, 0x50, 0xB3, 0x1B, 0x4F, 0xB3, 0x1B, 0x50, 0xB3, 
        0x1B, 0x4F, 0xB3, 0x1B, 0x50, 0xB3, 0x1B, 0x50, 0xB3, 0x1A, 0x4F, 0xB3, 0x1A, 0x4F, 0xB2, 0x1A, 0x4F, 0xB2, 0x1A, 0x4F, 0xB3, 0x1A, 0x4E, 0xB2, 0x1A, 0x4E, 0xB2, 0x1A, 0x4E, 0xB2, 0x1A, 0x4E, 0xB2, 0x1A, 0x4E, 0xB2, 0x19, 0x4D, 0xB1, 
        0x1B, 0x50, 0xB3, 0x1C, 0x53, 0xB5, 0x1A, 0x4F, 0xB3, 0x1A, 0x4E, 0xB2, 0x19, 0x4D, 0xB2, 0x19, 0x4E, 0xB2, 0x19, 0x4E, 0xB2, 0x19, 0x4D, 0xB2, 0x19, 0x4D, 0xB2, 0x19, 0x4D, 0xB2, 0x19, 0x4C, 0xB1, 0x19, 0x4C, 0xB1, 0x18, 0x4C, 0xB0, 
        0x18, 0x4B, 0xB0, 0x18, 0x4A, 0xAF, 0x18, 0x4A, 0xAB
};

GUI_CONST_STORAGE GUI_BITMAP bmTitleUVLightCurrent = {
  160, // xSize
  68, // ySize
  480, // BytesPerLine
  24, // BitsPerPixel
  (unsigned char *)_acTitleUVLightCurrent,  // Pointer to picture data
  NULL,  // Pointer to palette
  GUI_DRAW_BMP24
};

/*************************** End of file ****************************/
