/*********************************************************************
*                SEGGER Microcontroller GmbH & Co. KG                *
*        Solutions for real time microcontroller applications        *
*                           www.segger.com                           *
**********************************************************************
*                                                                    *
* C-file generated by                                                *
*                                                                    *
*        Bitmap Converter for emWin V5.24.                           *
*        Compiled Jan 27 2014, 11:27:47                              *
*        (c) 1998 - 2013 Segger Microcontroller GmbH && Co. KG       *
*                                                                    *
**********************************************************************
*                                                                    *
* Source file: bmTitleSystem                                         *
* Dimensions:  160 * 68                                              *
* NumColors:   24bpp: 16777216                                       *
*                                                                    *
**********************************************************************
*/

#include <stdlib.h>

#include "GUI.h"

#ifndef GUI_CONST_STORAGE
  #define GUI_CONST_STORAGE const
#endif

extern GUI_CONST_STORAGE GUI_BITMAP bmTitleSystem;

static GUI_CONST_STORAGE unsigned char _acbmTitleSystem[] = {
  0x5D, 0x95, 0xD9, 0x38, 0x7C, 0xD0, 0x38, 0x7C, 0xD0, 0x38, 0x7C, 0xD0, 0x38, 0x7D, 0xD0, 0x38, 0x7D, 0xD0, 0x39, 0x7D, 0xD1, 0x39, 0x7F, 0xD1, 0x39, 0x7D, 0xD1, 0x38, 0x7C, 0xCF, 0x39, 0x7D, 0xD1, 0x42, 0x88, 0xD5, 0x4D, 0x90, 0xD8, 0x45, 0x8A, 0xD5, 
        0x3A, 0x80, 0xD2, 0x3B, 0x80, 0xD2, 0x3D, 0x83, 0xD3, 0x3E, 0x84, 0xD3, 0x3E, 0x84, 0xD3, 0x40, 0x86, 0xD4, 0x3E, 0x84, 0xD3, 0x3E, 0x84, 0xD3, 0x3E, 0x84, 0xD3, 0x3B, 0x84, 0xD3, 0x42, 0x8A, 0xD7, 0x3F, 0x87, 0xD6, 0x32, 0x77, 0xD0, 
        0x2D, 0x71, 0xD0, 0x28, 0x6A, 0xCB, 0x24, 0x64, 0xC8, 0x25, 0x65, 0xC8, 0x22, 0x62, 0xC6, 0x1C, 0x59, 0xC0, 0x1B, 0x55, 0xBC, 0x1A, 0x51, 0xB9, 0x18, 0x4E, 0xB8, 0x15, 0x4B, 0xB5, 0x12, 0x44, 0xB0, 0x11, 0x43, 0xAE, 0x14, 0x46, 0xB0, 
        0x12, 0x46, 0xB0, 0x12, 0x47, 0xB0, 0x12, 0x47, 0xAE, 0x12, 0x45, 0xAC, 0x10, 0x41, 0xA8, 0x0D, 0x3C, 0xA5, 0x0C, 0x39, 0xA1, 0x0C, 0x39, 0xA1, 0x0C, 0x3B, 0xA1, 0x0C, 0x3B, 0xA2, 0x0C, 0x3C, 0xA1, 0x0C, 0x3C, 0xA2, 0x0C, 0x3B, 0xA2, 
        0x0B, 0x39, 0xA0, 0x0C, 0x3A, 0xA1, 0x0B, 0x39, 0xA0, 0x0A, 0x37, 0x9F, 0x0A, 0x38, 0x9F, 0x0C, 0x3A, 0xA1, 0x0C, 0x39, 0xA0, 0x0C, 0x39, 0xA0, 0x0B, 0x39, 0xA0, 0x0B, 0x38, 0x9E, 0x0B, 0x39, 0x9D, 0x0B, 0x39, 0x9D, 0x0A, 0x37, 0x9D, 
        0x0A, 0x36, 0x9C, 0x0A, 0x37, 0x9D, 0x0A, 0x36, 0x9C, 0x0A, 0x37, 0x9D, 0x0A, 0x37, 0x9D, 0x0A, 0x37, 0x9D, 0x0B, 0x39, 0x9E, 0x0B, 0x39, 0x9E, 0x0B, 0x39, 0x9D, 0x0B, 0x38, 0x9C, 0x0A, 0x36, 0x9C, 0x0A, 0x35, 0x9B, 0x0B, 0x37, 0x9B, 
        0x0A, 0x37, 0x9B, 0x0A, 0x35, 0x9B, 0x0A, 0x35, 0x9A, 0x0A, 0x34, 0x9A, 0x0B, 0x35, 0x9B, 0x0B, 0x36, 0x9B, 0x0A, 0x37, 0x9B, 0x0A, 0x36, 0x9B, 0x0A, 0x36, 0x9B, 0x0A, 0x36, 0x9A, 0x0A, 0x36, 0x9A, 0x0A, 0x36, 0x9A, 0x0B, 0x37, 0x9A, 
        0x0C, 0x38, 0x9C, 0x0A, 0x36, 0x9A, 0x0A, 0x36, 0x9A, 0x0C, 0x39, 0x9E, 0x0B, 0x38, 0x9E, 0x0A, 0x35, 0x9A, 0x0A, 0x35, 0x9C, 0x0A, 0x36, 0x9C, 0x0B, 0x37, 0x9C, 0x0A, 0x37, 0x9A, 0x0A, 0x38, 0x9B, 0x09, 0x38, 0x9B, 0x09, 0x38, 0x9D, 
        0x09, 0x38, 0x9D, 0x09, 0x38, 0x9D, 0x09, 0x38, 0x9D, 0x09, 0x39, 0x9D, 0x09, 0x39, 0x9C, 0x09, 0x36, 0x9A, 0x0B, 0x39, 0x9E, 0x09, 0x38, 0x9E, 0x0A, 0x39, 0x9F, 0x0A, 0x3C, 0xA2, 0x0B, 0x3C, 0xA2, 0x0B, 0x3C, 0xA3, 0x0C, 0x3F, 0xA4, 
        0x0C, 0x3F, 0xA6, 0x0D, 0x41, 0xA9, 0x0E, 0x43, 0xAB, 0x0F, 0x47, 0xAF, 0x11, 0x4B, 0xB2, 0x11, 0x4A, 0xB1, 0x12, 0x4A, 0xB3, 0x14, 0x4D, 0xB6, 0x16, 0x51, 0xBA, 0x18, 0x55, 0xBD, 0x1A, 0x59, 0xC0, 0x1D, 0x5D, 0xC2, 0x1F, 0x62, 0xC6, 
        0x22, 0x67, 0xCA, 0x25, 0x6B, 0xCC, 0x28, 0x6F, 0xCF, 0x2A, 0x75, 0xD1, 0x2D, 0x7B, 0xD2, 0x31, 0x81, 0xD5, 0x34, 0x83, 0xD6, 0x38, 0x88, 0xD9, 0x3B, 0x8B, 0xDA, 0x3C, 0x8C, 0xDA, 0x3C, 0x8C, 0xDA, 0x3D, 0x8E, 0xDA, 0x3F, 0x90, 0xD9, 
        0x3D, 0x8D, 0xD9, 0x3C, 0x89, 0xD7, 0x38, 0x86, 0xD5, 0x36, 0x83, 0xD4, 0x35, 0x82, 0xD3, 0x34, 0x7F, 0xD2, 0x32, 0x7E, 0xD0, 0x30, 0x7C, 0xD0, 0x2E, 0x78, 0xCF, 0x2D, 0x78, 0xCF, 0x2D, 0x76, 0xCE, 0x2D, 0x76, 0xCD, 0x2D, 0x77, 0xCE, 
        0x2B, 0x75, 0xCD, 0x2C, 0x77, 0xCD, 0x27, 0x6E, 0xB9,
  0x5E, 0x95, 0xD8, 0x39, 0x7C, 0xD0, 0x39, 0x7C, 0xD0, 0x39, 0x7C, 0xD0, 0x39, 0x7C, 0xD0, 0x39, 0x7D, 0xD0, 0x39, 0x7D, 0xD0, 0x3A, 0x7D, 0xD1, 0x3C, 0x7F, 0xD1, 0x3A, 0x7F, 0xD1, 0x38, 0x7A, 0xCF, 0x39, 0x7E, 0xD1, 0x3F, 0x83, 0xD2, 0x3A, 0x80, 0xD1, 
        0x3A, 0x7E, 0xD1, 0x3A, 0x80, 0xD2, 0x3D, 0x80, 0xD2, 0x3E, 0x83, 0xD3, 0x3E, 0x84, 0xD3, 0x40, 0x84, 0xD3, 0x41, 0x86, 0xD4, 0x40, 0x83, 0xD3, 0x40, 0x84, 0xD3, 0x41, 0x87, 0xD6, 0x3B, 0x82, 0xD4, 0x30, 0x74, 0xD0, 0x2A, 0x6D, 0xCC, 
        0x28, 0x68, 0xCB, 0x22, 0x5F, 0xC5, 0x23, 0x61, 0xC6, 0x20, 0x5C, 0xC1, 0x19, 0x51, 0xB9, 0x16, 0x4D, 0xB4, 0x1C, 0x55, 0xBC, 0x1B, 0x54, 0xBB, 0x15, 0x4A, 0xB4, 0x14, 0x46, 0xB0, 0x12, 0x44, 0xB0, 0x12, 0x46, 0xB0, 0x11, 0x43, 0xAC, 
        0x0E, 0x3C, 0xA7, 0x0E, 0x3E, 0xA7, 0x0E, 0x3F, 0xA7, 0x0E, 0x3D, 0xA5, 0x0D, 0x3B, 0xA2, 0x0B, 0x37, 0x9E, 0x0D, 0x3C, 0xA3, 0x0D, 0x3C, 0xA3, 0x0C, 0x39, 0xA0, 0x0B, 0x37, 0x9E, 0x0B, 0x38, 0x9C, 0x0C, 0x39, 0x9E, 0x0C, 0x38, 0xA0, 
        0x0A, 0x36, 0x9E, 0x0B, 0x38, 0xA0, 0x0B, 0x39, 0xA0, 0x0B, 0x38, 0x9F, 0x0B, 0x38, 0x9F, 0x0C, 0x3A, 0xA0, 0x0C, 0x3B, 0xA2, 0x0C, 0x3A, 0xA2, 0x0C, 0x39, 0xA0, 0x0C, 0x39, 0xA0, 0x0B, 0x39, 0x9E, 0x0A, 0x39, 0x9C, 0x0A, 0x37, 0x9C, 
        0x0B, 0x38, 0x9E, 0x0B, 0x38, 0x9E, 0x0B, 0x38, 0x9E, 0x0B, 0x37, 0x9E, 0x0B, 0x37, 0x9D, 0x0B, 0x37, 0x9D, 0x0A, 0x38, 0x9C, 0x0B, 0x39, 0x9C, 0x0A, 0x37, 0x9C, 0x0A, 0x36, 0x9B, 0x0A, 0x35, 0x9B, 0x0A, 0x35, 0x9B, 0x0A, 0x36, 0x9B, 
        0x0A, 0x36, 0x9B, 0x0A, 0x35, 0x9B, 0x0A, 0x34, 0x99, 0x0A, 0x34, 0x9A, 0x0B, 0x35, 0x9B, 0x0B, 0x36, 0x9B, 0x0A, 0x37, 0x9B, 0x0A, 0x37, 0x9B, 0x0A, 0x35, 0x9B, 0x0A, 0x36, 0x9B, 0x0A, 0x36, 0x9A, 0x0A, 0x35, 0x98, 0x0A, 0x33, 0x97, 
        0x0C, 0x36, 0x9A, 0x0C, 0x37, 0x9A, 0x0A, 0x35, 0x98, 0x0A, 0x37, 0x9C, 0x0A, 0x37, 0x9C, 0x0A, 0x37, 0x9C, 0x0B, 0x39, 0x9E, 0x0B, 0x38, 0x9E, 0x0A, 0x37, 0x9C, 0x0A, 0x37, 0x9C, 0x0A, 0x3A, 0x9B, 0x0A, 0x3A, 0x9B, 0x09, 0x3A, 0x9D, 
        0x09, 0x3A, 0x9D, 0x09, 0x39, 0x9D, 0x09, 0x39, 0x9D, 0x0A, 0x39, 0x9D, 0x0A, 0x39, 0x9D, 0x09, 0x39, 0x9C, 0x0A, 0x3A, 0x9F, 0x09, 0x38, 0x9E, 0x09, 0x38, 0x9F, 0x0A, 0x3B, 0xA2, 0x0B, 0x3D, 0xA3, 0x0C, 0x3E, 0xA5, 0x0C, 0x3E, 0xA7, 
        0x0D, 0x41, 0xA6, 0x0E, 0x43, 0xAB, 0x0F, 0x45, 0xAD, 0x11, 0x48, 0xB0, 0x12, 0x4B, 0xB2, 0x12, 0x4B, 0xB2, 0x13, 0x4D, 0xB4, 0x15, 0x50, 0xB8, 0x18, 0x54, 0xBC, 0x1A, 0x58, 0xC0, 0x1D, 0x5D, 0xC3, 0x1F, 0x61, 0xC6, 0x24, 0x67, 0xCA, 
        0x26, 0x6C, 0xCC, 0x28, 0x70, 0xCE, 0x2A, 0x72, 0xD0, 0x2D, 0x78, 0xD2, 0x30, 0x7D, 0xD4, 0x34, 0x83, 0xD7, 0x37, 0x87, 0xD9, 0x3A, 0x8B, 0xDA, 0x3D, 0x8E, 0xDA, 0x3E, 0x8E, 0xDB, 0x3D, 0x8F, 0xDA, 0x3F, 0x90, 0xDA, 0x3F, 0x8E, 0xD9, 
        0x3D, 0x8B, 0xD8, 0x3A, 0x89, 0xD6, 0x39, 0x85, 0xD4, 0x35, 0x82, 0xD3, 0x35, 0x80, 0xD1, 0x33, 0x7F, 0xD1, 0x32, 0x7C, 0xD0, 0x31, 0x7B, 0xCF, 0x2E, 0x79, 0xCF, 0x2E, 0x76, 0xCE, 0x2E, 0x76, 0xCE, 0x2C, 0x73, 0xCB, 0x2D, 0x76, 0xCD, 
        0x2C, 0x74, 0xCB, 0x2B, 0x75, 0xCD, 0x23, 0x67, 0xB6,
  0x5D, 0x94, 0xD7, 0x39, 0x7C, 0xD0, 0x39, 0x7C, 0xD0, 0x39, 0x7C, 0xD0, 0x39, 0x7C, 0xD0, 0x39, 0x7C, 0xD0, 0x39, 0x7D, 0xD0, 0x3B, 0x7F, 0xD0, 0x3A, 0x7D, 0xD1, 0x3A, 0x7F, 0xD1, 0x3A, 0x7F, 0xD1, 0x39, 0x7C, 0xCF, 0x3C, 0x80, 0xD1, 0x3A, 0x80, 0xD1, 
        0x3C, 0x80, 0xD1, 0x3D, 0x82, 0xD2, 0x3D, 0x82, 0xD3, 0x40, 0x83, 0xD3, 0x40, 0x84, 0xD3, 0x40, 0x86, 0xD3, 0x43, 0x87, 0xD4, 0x41, 0x83, 0xD3, 0x40, 0x83, 0xD3, 0x40, 0x86, 0xD5, 0x31, 0x75, 0xD0, 0x23, 0x64, 0xC5, 0x25, 0x67, 0xC9, 
        0x23, 0x61, 0xC8, 0x1A, 0x51, 0xBC, 0x1C, 0x55, 0xBD, 0x18, 0x4E, 0xB8, 0x11, 0x42, 0xAD, 0x12, 0x45, 0xAD, 0x15, 0x4A, 0xB2, 0x16, 0x4A, 0xB4, 0x15, 0x48, 0xB2, 0x15, 0x48, 0xB1, 0x16, 0x4B, 0xB5, 0x12, 0x44, 0xAE, 0x0E, 0x3B, 0xA5, 
        0x0D, 0x3B, 0xA3, 0x0D, 0x3B, 0xA3, 0x0E, 0x3C, 0xA3, 0x0E, 0x3D, 0xA5, 0x0F, 0x3F, 0xA5, 0x0E, 0x3D, 0xA3, 0x0C, 0x39, 0xA1, 0x0C, 0x38, 0xA0, 0x0C, 0x39, 0xA0, 0x0C, 0x38, 0x9E, 0x0C, 0x39, 0x9E, 0x0C, 0x3B, 0x9E, 0x0C, 0x39, 0x9C, 
        0x0A, 0x35, 0x9C, 0x0B, 0x37, 0x9E, 0x0C, 0x38, 0xA0, 0x0C, 0x3A, 0xA0, 0x0C, 0x39, 0x9F, 0x0B, 0x38, 0x9E, 0x0C, 0x39, 0xA1, 0x0B, 0x39, 0xA0, 0x0B, 0x38, 0xA0, 0x0C, 0x39, 0xA0, 0x0B, 0x39, 0x9E, 0x0A, 0x39, 0x9C, 0x0B, 0x38, 0x9D, 
        0x0C, 0x39, 0xA0, 0x0C, 0x39, 0xA0, 0x0C, 0x39, 0x9F, 0x0A, 0x37, 0x9D, 0x0B, 0x37, 0x9E, 0x0B, 0x38, 0x9E, 0x0A, 0x37, 0x9B, 0x0A, 0x37, 0x9B, 0x0A, 0x36, 0x9B, 0x0A, 0x35, 0x9B, 0x0B, 0x35, 0x9B, 0x0B, 0x35, 0x9B, 0x0A, 0x35, 0x9B, 
        0x0A, 0x35, 0x9A, 0x0A, 0x34, 0x99, 0x0A, 0x34, 0x99, 0x0A, 0x34, 0x9A, 0x0B, 0x35, 0x9B, 0x0B, 0x35, 0x9B, 0x0A, 0x36, 0x9B, 0x0A, 0x36, 0x9B, 0x0A, 0x36, 0x9B, 0x0A, 0x35, 0x9B, 0x0A, 0x35, 0x9B, 0x0A, 0x35, 0x98, 0x0A, 0x31, 0x96, 
        0x0A, 0x31, 0x96, 0x0A, 0x33, 0x98, 0x0A, 0x35, 0x9A, 0x0A, 0x37, 0x9C, 0x0A, 0x39, 0x9C, 0x0A, 0x39, 0x9E, 0x0C, 0x39, 0x9E, 0x0B, 0x39, 0x9E, 0x0A, 0x37, 0x9C, 0x0A, 0x38, 0x9C, 0x0A, 0x3B, 0x9E, 0x0A, 0x38, 0x9B, 0x0A, 0x3A, 0x9D, 
        0x09, 0x3A, 0x9D, 0x0A, 0x3A, 0x9D, 0x0A, 0x39, 0x9D, 0x0A, 0x39, 0x9D, 0x0A, 0x39, 0x9D, 0x0A, 0x3A, 0x9F, 0x0B, 0x3A, 0x9F, 0x0B, 0x3C, 0xA0, 0x0B, 0x3D, 0xA2, 0x0B, 0x3D, 0xA3, 0x0B, 0x3D, 0xA3, 0x0B, 0x3D, 0xA5, 0x0C, 0x3F, 0xA8, 
        0x0D, 0x41, 0xA9, 0x0F, 0x45, 0xAB, 0x11, 0x48, 0xAF, 0x12, 0x4A, 0xB1, 0x12, 0x4A, 0xB0, 0x13, 0x4C, 0xB4, 0x15, 0x51, 0xB7, 0x17, 0x53, 0xBB, 0x1A, 0x57, 0xBE, 0x1D, 0x5C, 0xC3, 0x20, 0x61, 0xC6, 0x23, 0x65, 0xC9, 0x26, 0x6A, 0xCD, 
        0x29, 0x70, 0xCD, 0x2C, 0x73, 0xD0, 0x2D, 0x78, 0xD2, 0x32, 0x7D, 0xD4, 0x35, 0x82, 0xD6, 0x37, 0x86, 0xD9, 0x3A, 0x89, 0xDA, 0x3D, 0x8D, 0xDA, 0x3E, 0x8E, 0xDA, 0x40, 0x91, 0xDA, 0x42, 0x91, 0xDB, 0x41, 0x91, 0xD9, 0x3D, 0x8D, 0xD8, 
        0x3A, 0x8A, 0xD6, 0x39, 0x87, 0xD5, 0x38, 0x86, 0xD4, 0x36, 0x82, 0xD1, 0x33, 0x7F, 0xD0, 0x31, 0x7D, 0xD0, 0x32, 0x7D, 0xD0, 0x31, 0x7B, 0xCF, 0x2E, 0x77, 0xCE, 0x2D, 0x76, 0xCC, 0x2D, 0x76, 0xCD, 0x2D, 0x75, 0xCC, 0x2D, 0x73, 0xCB, 
        0x2B, 0x73, 0xCB, 0x2C, 0x74, 0xCB, 0x20, 0x62, 0xB5,
  0x5D, 0x94, 0xD7, 0x39, 0x7D, 0xCF, 0x39, 0x7E, 0xD0, 0x39, 0x7E, 0xD0, 0x39, 0x7E, 0xD0, 0x39, 0x7E, 0xD0, 0x39, 0x7E, 0xD0, 0x3B, 0x7F, 0xD0, 0x39, 0x7D, 0xD0, 0x39, 0x7D, 0xCF, 0x3C, 0x7F, 0xD1, 0x3C, 0x7F, 0xD1, 0x3D, 0x81, 0xD2, 0x3C, 0x82, 0xD1, 
        0x3F, 0x83, 0xD2, 0x3F, 0x83, 0xD2, 0x3F, 0x83, 0xD2, 0x3F, 0x85, 0xD3, 0x40, 0x85, 0xD3, 0x41, 0x86, 0xD3, 0x40, 0x84, 0xD3, 0x43, 0x86, 0xD4, 0x41, 0x86, 0xD4, 0x36, 0x79, 0xD0, 0x27, 0x66, 0xC8, 0x23, 0x62, 0xC6, 0x23, 0x64, 0xC8, 
        0x22, 0x5E, 0xC6, 0x1D, 0x56, 0xBE, 0x1E, 0x5A, 0xC0, 0x1D, 0x57, 0xBD, 0x17, 0x4D, 0xB4, 0x16, 0x4A, 0xB1, 0x14, 0x46, 0xB1, 0x15, 0x47, 0xB2, 0x13, 0x46, 0xAF, 0x11, 0x42, 0xAB, 0x12, 0x44, 0xAB, 0x12, 0x43, 0xAD, 0x0F, 0x3E, 0xA7, 
        0x0E, 0x3B, 0xA3, 0x0D, 0x3A, 0xA3, 0x0D, 0x3A, 0xA3, 0x0D, 0x3A, 0xA3, 0x0D, 0x3B, 0xA2, 0x0D, 0x3B, 0xA2, 0x0C, 0x39, 0xA1, 0x0C, 0x39, 0xA0, 0x0C, 0x39, 0xA0, 0x0D, 0x3B, 0xA1, 0x0D, 0x3B, 0xA0, 0x0C, 0x38, 0x9C, 0x0C, 0x37, 0x9C, 
        0x0C, 0x38, 0x9E, 0x0C, 0x39, 0xA0, 0x0C, 0x39, 0xA0, 0x0C, 0x39, 0xA0, 0x0C, 0x39, 0x9F, 0x0A, 0x37, 0x9D, 0x0A, 0x38, 0x9F, 0x0A, 0x37, 0x9E, 0x0A, 0x36, 0x9D, 0x0A, 0x37, 0x9D, 0x0B, 0x39, 0x9E, 0x0B, 0x39, 0x9D, 0x0B, 0x37, 0x9C, 
        0x0B, 0x36, 0x9D, 0x0C, 0x37, 0x9E, 0x0B, 0x36, 0x9C, 0x0A, 0x35, 0x9C, 0x0A, 0x35, 0x9C, 0x0B, 0x36, 0x9C, 0x0A, 0x37, 0x9B, 0x0A, 0x36, 0x9B, 0x0A, 0x35, 0x9B, 0x0A, 0x35, 0x9B, 0x0B, 0x35, 0x9B, 0x0C, 0x35, 0x9B, 0x0A, 0x35, 0x9A, 
        0x0A, 0x35, 0x9A, 0x0A, 0x34, 0x99, 0x0A, 0x34, 0x99, 0x0A, 0x34, 0x99, 0x0A, 0x34, 0x9A, 0x0B, 0x35, 0x9B, 0x0A, 0x36, 0x9B, 0x0A, 0x36, 0x9B, 0x0A, 0x35, 0x9B, 0x0A, 0x35, 0x9B, 0x0A, 0x33, 0x9A, 0x0A, 0x34, 0x9A, 0x0B, 0x32, 0x97, 
        0x0A, 0x2F, 0x94, 0x0A, 0x32, 0x97, 0x0B, 0x37, 0x9A, 0x0A, 0x37, 0x9C, 0x0A, 0x38, 0x9C, 0x0A, 0x38, 0x9C, 0x0A, 0x38, 0x9C, 0x0A, 0x39, 0x9C, 0x0A, 0x38, 0x9C, 0x0A, 0x3A, 0x9E, 0x0A, 0x3B, 0x9E, 0x0A, 0x38, 0x9C, 0x0A, 0x3A, 0x9D, 
        0x0A, 0x3A, 0x9D, 0x0A, 0x3B, 0x9D, 0x0A, 0x3A, 0x9F, 0x0A, 0x39, 0x9D, 0x0A, 0x39, 0x9F, 0x0B, 0x3A, 0xA1, 0x0B, 0x3A, 0xA1, 0x0B, 0x3C, 0xA0, 0x0B, 0x3D, 0xA2, 0x0C, 0x3E, 0xA3, 0x0C, 0x3F, 0xA5, 0x0D, 0x40, 0xA7, 0x0D, 0x41, 0xAA, 
        0x0F, 0x44, 0xAC, 0x11, 0x48, 0xB0, 0x13, 0x4B, 0xB2, 0x14, 0x4B, 0xB2, 0x14, 0x4B, 0xB2, 0x15, 0x4E, 0xB7, 0x16, 0x52, 0xBA, 0x19, 0x58, 0xBE, 0x1B, 0x5A, 0xC0, 0x1F, 0x5F, 0xC5, 0x22, 0x64, 0xC8, 0x25, 0x68, 0xCB, 0x28, 0x6D, 0xCD, 
        0x2A, 0x72, 0xD0, 0x2E, 0x78, 0xD1, 0x30, 0x7C, 0xD3, 0x35, 0x81, 0xD6, 0x39, 0x86, 0xD7, 0x3B, 0x89, 0xDA, 0x3D, 0x8C, 0xDB, 0x40, 0x8F, 0xDB, 0x40, 0x90, 0xDB, 0x42, 0x91, 0xDA, 0x43, 0x91, 0xDA, 0x42, 0x8F, 0xD9, 0x3D, 0x8C, 0xD6, 
        0x39, 0x87, 0xD5, 0x38, 0x84, 0xD4, 0x37, 0x84, 0xD3, 0x36, 0x81, 0xD2, 0x34, 0x7D, 0xD0, 0x31, 0x7C, 0xCF, 0x31, 0x7C, 0xD0, 0x31, 0x7A, 0xCF, 0x2E, 0x76, 0xCC, 0x2D, 0x74, 0xCC, 0x2D, 0x76, 0xCC, 0x2B, 0x72, 0xCB, 0x2A, 0x70, 0xCB, 
        0x2D, 0x76, 0xCB, 0x2D, 0x76, 0xCC, 0x20, 0x60, 0xB4,
  0x5E, 0x94, 0xD7, 0x3A, 0x7D, 0xCF, 0x3A, 0x7B, 0xCF, 0x3B, 0x7C, 0xD0, 0x3B, 0x7C, 0xD0, 0x3B, 0x7C, 0xD0, 0x3B, 0x7C, 0xD0, 0x3B, 0x7E, 0xD0, 0x3C, 0x7F, 0xD0, 0x3C, 0x7F, 0xD0, 0x3D, 0x7F, 0xD1, 0x3D, 0x7F, 0xD1, 0x3D, 0x7F, 0xD1, 0x3D, 0x7F, 0xD1, 
        0x3F, 0x80, 0xD1, 0x40, 0x80, 0xD1, 0x40, 0x83, 0xD2, 0x40, 0x83, 0xD2, 0x3F, 0x83, 0xD2, 0x41, 0x83, 0xD2, 0x40, 0x86, 0xD3, 0x40, 0x86, 0xD6, 0x36, 0x7B, 0xD2, 0x2B, 0x6A, 0xCB, 0x22, 0x5C, 0xC2, 0x27, 0x63, 0xC8, 0x24, 0x5F, 0xC6, 
        0x21, 0x5C, 0xC0, 0x1D, 0x56, 0xBB, 0x19, 0x4E, 0xB6, 0x18, 0x4D, 0xB4, 0x15, 0x48, 0xAF, 0x15, 0x49, 0xAF, 0x17, 0x4A, 0xB2, 0x16, 0x49, 0xB1, 0x0F, 0x3F, 0xA8, 0x0D, 0x3C, 0xA4, 0x0D, 0x3C, 0xA3, 0x0E, 0x3E, 0xA4, 0x12, 0x43, 0xAA, 
        0x12, 0x43, 0xAA, 0x10, 0x40, 0xA7, 0x0E, 0x3C, 0xA3, 0x0C, 0x38, 0xA1, 0x0C, 0x37, 0xA0, 0x0D, 0x3B, 0xA3, 0x0D, 0x3C, 0xA2, 0x0C, 0x39, 0xA0, 0x0C, 0x37, 0x9E, 0x0C, 0x39, 0xA0, 0x0D, 0x3B, 0xA1, 0x0C, 0x39, 0xA0, 0x0C, 0x38, 0x9E, 
        0x0C, 0x3B, 0xA0, 0x0C, 0x3B, 0xA0, 0x0B, 0x38, 0x9F, 0x0B, 0x38, 0x9F, 0x0C, 0x3B, 0xA1, 0x0C, 0x39, 0xA0, 0x0A, 0x38, 0x9C, 0x0B, 0x39, 0x9C, 0x0B, 0x39, 0x9D, 0x0A, 0x38, 0x9C, 0x0A, 0x38, 0x9C, 0x0A, 0x37, 0x9C, 0x0A, 0x37, 0x9C, 
        0x0A, 0x37, 0x9B, 0x0A, 0x36, 0x9B, 0x0A, 0x36, 0x9B, 0x0A, 0x36, 0x9B, 0x0A, 0x35, 0x9B, 0x0A, 0x35, 0x9B, 0x0B, 0x36, 0x9A, 0x0B, 0x36, 0x9A, 0x0B, 0x36, 0x9A, 0x0A, 0x35, 0x99, 0x0A, 0x35, 0x99, 0x0A, 0x35, 0x99, 0x0A, 0x35, 0x99, 
        0x0A, 0x35, 0x99, 0x0A, 0x34, 0x98, 0x0A, 0x34, 0x98, 0x0A, 0x35, 0x99, 0x0A, 0x35, 0x99, 0x0B, 0x35, 0x9A, 0x0B, 0x35, 0x99, 0x0C, 0x36, 0x9B, 0x0B, 0x36, 0x9B, 0x0A, 0x34, 0x99, 0x0A, 0x34, 0x99, 0x0A, 0x35, 0x9B, 0x0A, 0x35, 0x9C, 
        0x0A, 0x35, 0x9A, 0x0A, 0x35, 0x9A, 0x0A, 0x36, 0x9C, 0x0A, 0x36, 0x9C, 0x0B, 0x38, 0x9C, 0x0A, 0x39, 0x9C, 0x0A, 0x39, 0x9C, 0x0A, 0x39, 0x9C, 0x0A, 0x39, 0x9C, 0x0A, 0x39, 0x9C, 0x0A, 0x38, 0x9E, 0x0A, 0x38, 0x9E, 0x0B, 0x3B, 0x9E, 
        0x0C, 0x3B, 0x9F, 0x0C, 0x3B, 0x9F, 0x0A, 0x3B, 0x9F, 0x0A, 0x3B, 0x9F, 0x0B, 0x3A, 0xA1, 0x0B, 0x3A, 0xA1, 0x0B, 0x3A, 0xA2, 0x0B, 0x3A, 0xA3, 0x0C, 0x3C, 0xA3, 0x0C, 0x3D, 0xA5, 0x0D, 0x3E, 0xA8, 0x0D, 0x3E, 0xA8, 0x0F, 0x41, 0xAB, 
        0x11, 0x44, 0xAE, 0x12, 0x47, 0xB1, 0x13, 0x48, 0xB1, 0x14, 0x4B, 0xB2, 0x17, 0x4D, 0xB7, 0x18, 0x51, 0xB9, 0x1A, 0x55, 0xBC, 0x1B, 0x5B, 0xC0, 0x1D, 0x5E, 0xC4, 0x20, 0x62, 0xC6, 0x23, 0x68, 0xC9, 0x27, 0x6D, 0xCD, 0x2B, 0x71, 0xCE, 
        0x2E, 0x76, 0xD1, 0x31, 0x7C, 0xD3, 0x35, 0x81, 0xD4, 0x38, 0x86, 0xD7, 0x3B, 0x8A, 0xD8, 0x3E, 0x8C, 0xDB, 0x3F, 0x8E, 0xDB, 0x42, 0x90, 0xDC, 0x43, 0x92, 0xDB, 0x45, 0x92, 0xDA, 0x43, 0x91, 0xDA, 0x42, 0x8C, 0xD9, 0x3E, 0x89, 0xD6, 
        0x3A, 0x85, 0xD4, 0x39, 0x83, 0xD4, 0x37, 0x81, 0xD2, 0x36, 0x80, 0xD2, 0x33, 0x7D, 0xD1, 0x31, 0x7A, 0xCF, 0x2F, 0x7A, 0xCF, 0x31, 0x7A, 0xCF, 0x2E, 0x78, 0xCD, 0x2C, 0x73, 0xCC, 0x2B, 0x73, 0xCB, 0x2B, 0x73, 0xCB, 0x29, 0x6F, 0xCB, 
        0x2D, 0x76, 0xCD, 0x2E, 0x78, 0xCE, 0x1D, 0x5C, 0xB1,
  0x5D, 0x93, 0xD7, 0x3B, 0x7B, 0xCF, 0x3B, 0x7B, 0xCF, 0x3B, 0x7B, 0xCF, 0x3C, 0x7C, 0xD0, 0x3C, 0x7C, 0xD0, 0x3C, 0x7C, 0xD0, 0x3C, 0x7C, 0xD0, 0x3B, 0x7C, 0xD0, 0x3C, 0x7D, 0xD0, 0x3C, 0x7D, 0xD0, 0x3D, 0x7D, 0xD1, 0x3D, 0x7D, 0xD1, 0x3D, 0x7D, 0xD1, 
        0x3F, 0x7F, 0xD1, 0x40, 0x83, 0xD1, 0x42, 0x83, 0xD2, 0x40, 0x82, 0xD2, 0x3F, 0x82, 0xD1, 0x42, 0x85, 0xD3, 0x43, 0x87, 0xD5, 0x31, 0x75, 0xCF, 0x22, 0x5E, 0xC2, 0x24, 0x60, 0xC4, 0x24, 0x60, 0xC5, 0x22, 0x5D, 0xC3, 0x20, 0x59, 0xC0, 
        0x1E, 0x57, 0xBC, 0x1B, 0x54, 0xB9, 0x1A, 0x51, 0xB8, 0x16, 0x4A, 0xB2, 0x10, 0x40, 0xA9, 0x11, 0x41, 0xAA, 0x10, 0x40, 0xA8, 0x10, 0x41, 0xA9, 0x11, 0x41, 0xA9, 0x11, 0x43, 0xA9, 0x0F, 0x3F, 0xA6, 0x0B, 0x37, 0x9F, 0x0D, 0x3A, 0xA1, 
        0x10, 0x40, 0xA7, 0x0E, 0x3C, 0xA5, 0x0D, 0x3B, 0xA3, 0x0D, 0x3B, 0xA3, 0x0E, 0x3B, 0xA3, 0x0F, 0x3E, 0xA5, 0x0D, 0x3C, 0xA2, 0x0E, 0x3D, 0xA3, 0x0E, 0x3D, 0xA3, 0x0C, 0x39, 0xA0, 0x0C, 0x38, 0x9E, 0x0C, 0x3B, 0xA1, 0x0E, 0x3F, 0xA3, 
        0x0D, 0x3C, 0xA1, 0x0C, 0x38, 0x9C, 0x0B, 0x38, 0x9C, 0x0C, 0x39, 0xA0, 0x0C, 0x3B, 0xA1, 0x0B, 0x38, 0x9F, 0x0A, 0x37, 0x9C, 0x0B, 0x39, 0x9D, 0x0C, 0x3A, 0x9F, 0x0C, 0x3A, 0x9F, 0x0B, 0x39, 0x9E, 0x0A, 0x36, 0x9B, 0x0A, 0x37, 0x9B, 
        0x0B, 0x37, 0x9C, 0x0B, 0x37, 0x9C, 0x0B, 0x37, 0x9C, 0x0A, 0x37, 0x9B, 0x0A, 0x37, 0x9B, 0x0A, 0x37, 0x9B, 0x0A, 0x35, 0x99, 0x0A, 0x35, 0x99, 0x0A, 0x35, 0x99, 0x0A, 0x35, 0x99, 0x0A, 0x35, 0x99, 0x0A, 0x35, 0x99, 0x0A, 0x34, 0x98, 
        0x0A, 0x34, 0x98, 0x0A, 0x34, 0x98, 0x0A, 0x34, 0x98, 0x0A, 0x35, 0x99, 0x0B, 0x36, 0x9A, 0x0B, 0x36, 0x9B, 0x0B, 0x35, 0x99, 0x0B, 0x35, 0x9A, 0x0A, 0x35, 0x9B, 0x0A, 0x34, 0x99, 0x0A, 0x35, 0x9B, 0x0A, 0x37, 0x9C, 0x0C, 0x38, 0xA0, 
        0x0C, 0x38, 0xA0, 0x0A, 0x35, 0x9A, 0x0A, 0x34, 0x9A, 0x0B, 0x37, 0x9C, 0x0B, 0x38, 0x9C, 0x0A, 0x37, 0x9C, 0x0A, 0x38, 0x9C, 0x0B, 0x39, 0x9E, 0x0A, 0x39, 0x9C, 0x0B, 0x39, 0x9E, 0x0B, 0x39, 0x9E, 0x0B, 0x38, 0x9E, 0x0B, 0x3A, 0x9E, 
        0x0C, 0x3B, 0xA1, 0x0C, 0x3B, 0x9F, 0x0C, 0x3A, 0x9F, 0x0B, 0x3A, 0xA1, 0x0B, 0x3B, 0xA1, 0x0B, 0x3C, 0xA3, 0x0C, 0x3C, 0xA3, 0x0C, 0x3D, 0xA4, 0x0D, 0x3E, 0xA6, 0x0D, 0x3F, 0xA7, 0x0E, 0x41, 0xA9, 0x0F, 0x42, 0xAA, 0x0F, 0x41, 0xAC, 
        0x10, 0x44, 0xAE, 0x12, 0x46, 0xB0, 0x13, 0x49, 0xB3, 0x15, 0x4C, 0xB5, 0x17, 0x50, 0xB9, 0x19, 0x54, 0xBB, 0x1B, 0x58, 0xBE, 0x1E, 0x5C, 0xC2, 0x20, 0x62, 0xC6, 0x22, 0x66, 0xCA, 0x25, 0x6B, 0xCD, 0x2A, 0x71, 0xCE, 0x2F, 0x77, 0xD1, 
        0x32, 0x7C, 0xD2, 0x35, 0x81, 0xD5, 0x38, 0x85, 0xD7, 0x3B, 0x8A, 0xD8, 0x3F, 0x8D, 0xDA, 0x3F, 0x8F, 0xDB, 0x41, 0x8F, 0xDB, 0x44, 0x91, 0xDC, 0x46, 0x93, 0xDC, 0x45, 0x90, 0xDA, 0x42, 0x8F, 0xD9, 0x40, 0x8B, 0xD7, 0x3D, 0x87, 0xD5, 
        0x3A, 0x85, 0xD5, 0x39, 0x84, 0xD3, 0x36, 0x80, 0xD2, 0x34, 0x7E, 0xD1, 0x31, 0x79, 0xCF, 0x31, 0x7B, 0xD0, 0x2E, 0x77, 0xCD, 0x2C, 0x75, 0xCC, 0x2C, 0x74, 0xCC, 0x2B, 0x72, 0xCC, 0x2B, 0x73, 0xCB, 0x2B, 0x71, 0xCA, 0x2A, 0x71, 0xCB, 
        0x2A, 0x72, 0xCB, 0x2B, 0x73, 0xCC, 0x1E, 0x5C, 0xB1,
  0x60, 0x94, 0xD7, 0x3B, 0x7D, 0xCF, 0x3B, 0x7D, 0xCF, 0x3B, 0x7D, 0xCF, 0x3B, 0x7D, 0xCF, 0x3C, 0x7E, 0xD0, 0x3C, 0x7E, 0xD0, 0x3C, 0x7E, 0xD0, 0x3E, 0x7E, 0xD0, 0x3E, 0x80, 0xD0, 0x3E, 0x81, 0xD1, 0x3E, 0x81, 0xD1, 0x40, 0x81, 0xD1, 0x40, 0x81, 0xD2, 
        0x40, 0x81, 0xD1, 0x40, 0x82, 0xD1, 0x40, 0x83, 0xD2, 0x44, 0x85, 0xD3, 0x44, 0x86, 0xD3, 0x3F, 0x82, 0xD2, 0x35, 0x75, 0xCF, 0x26, 0x62, 0xC5, 0x20, 0x59, 0xBD, 0x22, 0x5B, 0xC0, 0x20, 0x59, 0xBF, 0x1B, 0x52, 0xBA, 0x19, 0x4E, 0xB6, 
        0x17, 0x49, 0xB3, 0x14, 0x45, 0xAF, 0x16, 0x49, 0xB0, 0x15, 0x47, 0xAF, 0x10, 0x3E, 0xA6, 0x0F, 0x3E, 0xA6, 0x0E, 0x3C, 0xA4, 0x0F, 0x3D, 0xA6, 0x11, 0x40, 0xA8, 0x12, 0x42, 0xA8, 0x10, 0x3F, 0xA6, 0x0D, 0x3A, 0xA1, 0x0D, 0x3B, 0xA1, 
        0x0D, 0x3B, 0xA2, 0x0D, 0x3A, 0xA2, 0x0E, 0x3A, 0xA3, 0x0F, 0x3C, 0xA5, 0x10, 0x3F, 0xA7, 0x11, 0x3F, 0xA7, 0x0E, 0x3B, 0xA3, 0x0E, 0x3C, 0xA2, 0x0E, 0x3C, 0xA3, 0x0E, 0x3C, 0xA2, 0x0E, 0x3B, 0xA1, 0x0D, 0x3B, 0xA1, 0x0E, 0x3C, 0xA2, 
        0x0D, 0x3B, 0xA0, 0x0B, 0x37, 0x9C, 0x0C, 0x39, 0x9E, 0x0D, 0x3B, 0xA0, 0x0C, 0x39, 0xA0, 0x0C, 0x38, 0xA0, 0x0C, 0x39, 0xA0, 0x0C, 0x3A, 0x9F, 0x0C, 0x39, 0x9E, 0x0C, 0x39, 0x9E, 0x0B, 0x38, 0x9D, 0x0B, 0x38, 0x9D, 0x0B, 0x38, 0x9C, 
        0x0B, 0x37, 0x9C, 0x0B, 0x37, 0x9B, 0x0B, 0x37, 0x9B, 0x0B, 0x37, 0x9B, 0x0B, 0x37, 0x9B, 0x0B, 0x37, 0x9B, 0x0A, 0x35, 0x99, 0x0A, 0x35, 0x99, 0x0A, 0x35, 0x99, 0x0A, 0x35, 0x99, 0x0A, 0x35, 0x99, 0x0A, 0x34, 0x98, 0x0A, 0x34, 0x98, 
        0x0A, 0x34, 0x98, 0x0A, 0x34, 0x98, 0x0A, 0x35, 0x99, 0x0B, 0x36, 0x9A, 0x0B, 0x37, 0x9A, 0x0B, 0x36, 0x9B, 0x0B, 0x34, 0x99, 0x0A, 0x34, 0x98, 0x0A, 0x34, 0x99, 0x0A, 0x34, 0x9A, 0x0A, 0x37, 0x9C, 0x0C, 0x39, 0x9E, 0x0C, 0x39, 0xA0, 
        0x0C, 0x3B, 0xA1, 0x0C, 0x38, 0x9F, 0x0B, 0x37, 0x9C, 0x0D, 0x3D, 0xA1, 0x0D, 0x3D, 0xA1, 0x0B, 0x38, 0x9C, 0x0B, 0x38, 0x9E, 0x0B, 0x39, 0x9E, 0x0C, 0x39, 0x9E, 0x0C, 0x39, 0x9E, 0x0C, 0x39, 0x9E, 0x0C, 0x3B, 0x9E, 0x0B, 0x3A, 0x9E, 
        0x0C, 0x3A, 0xA1, 0x0C, 0x3B, 0xA1, 0x0C, 0x3B, 0x9F, 0x0C, 0x3B, 0xA1, 0x0C, 0x3C, 0xA1, 0x0C, 0x3C, 0xA3, 0x0D, 0x3D, 0xA4, 0x0D, 0x3D, 0xA4, 0x0D, 0x3E, 0xA6, 0x0E, 0x41, 0xAA, 0x0F, 0x42, 0xAA, 0x10, 0x44, 0xAC, 0x12, 0x46, 0xAF, 
        0x12, 0x46, 0xB0, 0x14, 0x49, 0xB3, 0x16, 0x4D, 0xB6, 0x19, 0x52, 0xB9, 0x1A, 0x54, 0xBC, 0x1C, 0x57, 0xBE, 0x1E, 0x5B, 0xC1, 0x21, 0x61, 0xC4, 0x23, 0x64, 0xC9, 0x25, 0x69, 0xCC, 0x29, 0x71, 0xCF, 0x2C, 0x74, 0xD0, 0x31, 0x79, 0xD2, 
        0x35, 0x7F, 0xD4, 0x38, 0x82, 0xD5, 0x3C, 0x87, 0xD8, 0x3E, 0x8A, 0xD9, 0x41, 0x8E, 0xDA, 0x43, 0x90, 0xDB, 0x46, 0x91, 0xDC, 0x47, 0x93, 0xDC, 0x49, 0x93, 0xDB, 0x43, 0x8F, 0xDA, 0x40, 0x8C, 0xD7, 0x3E, 0x89, 0xD5, 0x3B, 0x85, 0xD3, 
        0x3B, 0x85, 0xD5, 0x3A, 0x83, 0xD3, 0x36, 0x7F, 0xD1, 0x36, 0x7E, 0xD1, 0x36, 0x7F, 0xD1, 0x37, 0x81, 0xD2, 0x30, 0x79, 0xCE, 0x2E, 0x74, 0xCC, 0x2D, 0x74, 0xCC, 0x2B, 0x72, 0xCC, 0x2B, 0x71, 0xCA, 0x2B, 0x70, 0xC9, 0x2C, 0x71, 0xCB, 
        0x29, 0x6E, 0xC9, 0x29, 0x6F, 0xCB, 0x1E, 0x5D, 0xB3,
  0x60, 0x94, 0xD7, 0x3D, 0x7D, 0xCF, 0x3D, 0x7D, 0xCF, 0x3D, 0x7D, 0xCF, 0x3D, 0x7D, 0xCF, 0x3D, 0x7D, 0xCF, 0x3E, 0x7E, 0xD0, 0x3F, 0x80, 0xD1, 0x3F, 0x80, 0xD1, 0x3F, 0x80, 0xD1, 0x3F, 0x81, 0xD1, 0x3F, 0x82, 0xD1, 0x3F, 0x82, 0xD1, 0x40, 0x82, 0xD2, 
        0x42, 0x82, 0xD1, 0x44, 0x84, 0xD2, 0x44, 0x84, 0xD2, 0x45, 0x86, 0xD4, 0x40, 0x83, 0xD3, 0x35, 0x74, 0xCE, 0x2A, 0x66, 0xC7, 0x26, 0x62, 0xC5, 0x23, 0x5B, 0xC0, 0x1E, 0x54, 0xBB, 0x1E, 0x54, 0xBA, 0x17, 0x49, 0xB1, 0x12, 0x40, 0xAA, 
        0x17, 0x49, 0xB1, 0x12, 0x41, 0xAA, 0x13, 0x41, 0xAA, 0x14, 0x45, 0xAB, 0x11, 0x3E, 0xA6, 0x0D, 0x39, 0xA1, 0x11, 0x41, 0xA8, 0x14, 0x45, 0xAB, 0x12, 0x41, 0xA8, 0x11, 0x3F, 0xA6, 0x10, 0x3E, 0xA4, 0x0F, 0x3C, 0xA2, 0x0F, 0x3E, 0xA3, 
        0x0F, 0x3E, 0xA4, 0x0E, 0x3B, 0xA2, 0x0F, 0x3B, 0xA3, 0x0F, 0x3B, 0xA3, 0x10, 0x3C, 0xA5, 0x0F, 0x3B, 0xA3, 0x0C, 0x37, 0x9E, 0x0D, 0x38, 0xA0, 0x0E, 0x3C, 0xA3, 0x0F, 0x3C, 0xA3, 0x0E, 0x3B, 0xA2, 0x0E, 0x3B, 0xA1, 0x0D, 0x39, 0xA0, 
        0x0C, 0x38, 0x9C, 0x0C, 0x39, 0x9E, 0x0D, 0x3C, 0xA1, 0x0D, 0x3B, 0xA0, 0x0C, 0x38, 0x9E, 0x0D, 0x3B, 0xA1, 0x0D, 0x3B, 0xA1, 0x0C, 0x39, 0xA0, 0x0C, 0x39, 0x9E, 0x0B, 0x38, 0x9D, 0x0B, 0x38, 0x9D, 0x0C, 0x39, 0x9E, 0x0B, 0x37, 0x9C, 
        0x0B, 0x35, 0x9B, 0x0B, 0x36, 0x9B, 0x0B, 0x36, 0x9B, 0x0A, 0x35, 0x9B, 0x0A, 0x35, 0x9B, 0x0A, 0x35, 0x9B, 0x0A, 0x35, 0x99, 0x0A, 0x35, 0x99, 0x0A, 0x35, 0x99, 0x0A, 0x35, 0x99, 0x0A, 0x35, 0x99, 0x0A, 0x34, 0x98, 0x0A, 0x34, 0x98, 
        0x0A, 0x34, 0x98, 0x0A, 0x35, 0x99, 0x0A, 0x35, 0x99, 0x0B, 0x36, 0x9A, 0x0B, 0x36, 0x9A, 0x0B, 0x36, 0x9A, 0x0A, 0x34, 0x99, 0x0A, 0x33, 0x97, 0x0A, 0x34, 0x98, 0x0A, 0x35, 0x9B, 0x0B, 0x38, 0x9D, 0x0C, 0x39, 0x9E, 0x0D, 0x3A, 0xA1, 
        0x0F, 0x3E, 0xA4, 0x0E, 0x3D, 0xA4, 0x0E, 0x3D, 0xA4, 0x11, 0x43, 0xA7, 0x0F, 0x41, 0xA3, 0x0C, 0x39, 0x9E, 0x0C, 0x38, 0x9E, 0x0C, 0x39, 0x9E, 0x0C, 0x39, 0x9E, 0x0C, 0x39, 0x9E, 0x0C, 0x39, 0x9E, 0x0C, 0x39, 0x9E, 0x0C, 0x3B, 0x9E, 
        0x0C, 0x3A, 0xA1, 0x0C, 0x3B, 0xA1, 0x0C, 0x3B, 0xA2, 0x0C, 0x3B, 0xA1, 0x0D, 0x3C, 0xA2, 0x0D, 0x3E, 0xA4, 0x0D, 0x3E, 0xA4, 0x0D, 0x3D, 0xA4, 0x0D, 0x3E, 0xA8, 0x0F, 0x41, 0xAA, 0x0F, 0x43, 0xAC, 0x11, 0x45, 0xAC, 0x13, 0x48, 0xB1, 
        0x14, 0x49, 0xB1, 0x16, 0x4C, 0xB5, 0x18, 0x50, 0xB8, 0x19, 0x53, 0xBB, 0x1A, 0x54, 0xBC, 0x1D, 0x5A, 0xC0, 0x21, 0x5F, 0xC3, 0x23, 0x63, 0xC7, 0x25, 0x68, 0xCA, 0x28, 0x6C, 0xCE, 0x2B, 0x74, 0xCF, 0x2F, 0x78, 0xD2, 0x33, 0x7C, 0xD3, 
        0x36, 0x7F, 0xD4, 0x3A, 0x85, 0xD7, 0x3D, 0x89, 0xD8, 0x40, 0x8D, 0xDB, 0x43, 0x8F, 0xDC, 0x46, 0x91, 0xDB, 0x47, 0x91, 0xDB, 0x47, 0x93, 0xDB, 0x47, 0x91, 0xDA, 0x44, 0x8D, 0xD8, 0x3E, 0x89, 0xD7, 0x3D, 0x88, 0xD5, 0x3B, 0x86, 0xD4, 
        0x3D, 0x85, 0xD5, 0x37, 0x7F, 0xD2, 0x34, 0x7C, 0xD1, 0x33, 0x7C, 0xD0, 0x38, 0x80, 0xD2, 0x39, 0x83, 0xD2, 0x32, 0x7B, 0xCF, 0x2F, 0x76, 0xCD, 0x2F, 0x75, 0xCC, 0x2C, 0x72, 0xCC, 0x2C, 0x72, 0xCC, 0x2B, 0x71, 0xCA, 0x2D, 0x73, 0xCB, 
        0x2A, 0x6E, 0xC9, 0x29, 0x6E, 0xC9, 0x20, 0x60, 0xB5,
  0x60, 0x92, 0xD6, 0x3E, 0x7D, 0xCF, 0x3E, 0x7F, 0xCF, 0x3E, 0x7F, 0xCF, 0x3E, 0x7F, 0xCF, 0x3E, 0x7F, 0xCF, 0x3E, 0x7F, 0xCF, 0x3F, 0x80, 0xD0, 0x3F, 0x7E, 0xD0, 0x3F, 0x7E, 0xD0, 0x3F, 0x7E, 0xD0, 0x3F, 0x80, 0xD0, 0x3F, 0x81, 0xD0, 0x3F, 0x81, 0xD0, 
        0x40, 0x82, 0xD1, 0x47, 0x87, 0xD2, 0x42, 0x84, 0xD2, 0x3C, 0x7C, 0xD1, 0x35, 0x74, 0xCE, 0x2C, 0x66, 0xC9, 0x22, 0x59, 0xC0, 0x22, 0x5C, 0xC1, 0x1F, 0x56, 0xBD, 0x19, 0x4B, 0xB3, 0x19, 0x4C, 0xB3, 0x19, 0x4C, 0xB1, 0x17, 0x47, 0xAE, 
        0x19, 0x4B, 0xB3, 0x15, 0x44, 0xAC, 0x14, 0x42, 0xAA, 0x14, 0x43, 0xAA, 0x14, 0x43, 0xAA, 0x10, 0x3E, 0xA6, 0x12, 0x40, 0xA8, 0x13, 0x42, 0xAA, 0x11, 0x3F, 0xA6, 0x11, 0x3F, 0xA6, 0x13, 0x42, 0xA8, 0x11, 0x3F, 0xA4, 0x0F, 0x3C, 0xA2, 
        0x0D, 0x3A, 0xA1, 0x0D, 0x3A, 0xA1, 0x0E, 0x3B, 0xA2, 0x10, 0x3C, 0xA5, 0x10, 0x3E, 0xA5, 0x11, 0x3E, 0xA7, 0x0C, 0x36, 0x9E, 0x0E, 0x3A, 0xA1, 0x11, 0x3F, 0xA5, 0x0F, 0x3C, 0xA3, 0x0D, 0x38, 0xA0, 0x0E, 0x3B, 0xA2, 0x0E, 0x39, 0xA1, 
        0x0C, 0x37, 0x9C, 0x0D, 0x39, 0xA0, 0x0E, 0x3B, 0xA0, 0x0D, 0x39, 0xA0, 0x0C, 0x38, 0x9E, 0x0D, 0x39, 0xA0, 0x0D, 0x39, 0xA0, 0x0D, 0x39, 0xA0, 0x0D, 0x39, 0xA0, 0x0C, 0x39, 0x9F, 0x0C, 0x38, 0x9E, 0x0B, 0x37, 0x9C, 0x0B, 0x35, 0x9B, 
        0x0B, 0x35, 0x9B, 0x0B, 0x35, 0x9B, 0x0B, 0x35, 0x9B, 0x0A, 0x34, 0x9A, 0x0A, 0x34, 0x9A, 0x0A, 0x34, 0x9A, 0x0A, 0x35, 0x99, 0x0A, 0x35, 0x99, 0x0A, 0x35, 0x99, 0x0A, 0x35, 0x99, 0x0A, 0x35, 0x99, 0x0A, 0x35, 0x99, 0x0A, 0x35, 0x99, 
        0x0A, 0x35, 0x99, 0x0A, 0x35, 0x99, 0x0B, 0x36, 0x9A, 0x0B, 0x36, 0x9A, 0x0A, 0x35, 0x99, 0x0A, 0x35, 0x99, 0x0A, 0x34, 0x99, 0x0A, 0x33, 0x97, 0x0A, 0x34, 0x99, 0x0B, 0x37, 0x9B, 0x0B, 0x39, 0x9E, 0x0C, 0x39, 0x9E, 0x0C, 0x39, 0x9F, 
        0x0C, 0x3B, 0xA1, 0x0D, 0x3D, 0xA2, 0x0D, 0x3C, 0xA2, 0x0E, 0x3D, 0xA4, 0x0C, 0x3B, 0x9E, 0x0B, 0x38, 0x9C, 0x0C, 0x39, 0xA0, 0x0C, 0x39, 0x9E, 0x0C, 0x39, 0x9E, 0x0C, 0x3B, 0xA0, 0x0C, 0x3B, 0xA0, 0x0C, 0x3B, 0xA0, 0x0C, 0x3B, 0xA0, 
        0x0C, 0x3C, 0xA1, 0x0D, 0x3C, 0xA2, 0x0D, 0x3B, 0xA3, 0x0D, 0x3B, 0xA3, 0x0E, 0x3E, 0xA3, 0x0E, 0x3E, 0xA4, 0x0D, 0x3F, 0xA6, 0x0D, 0x40, 0xA6, 0x0E, 0x40, 0xA9, 0x10, 0x42, 0xAB, 0x11, 0x45, 0xAD, 0x12, 0x46, 0xAF, 0x14, 0x49, 0xB1, 
        0x15, 0x4A, 0xB3, 0x16, 0x4D, 0xB5, 0x18, 0x50, 0xB8, 0x1A, 0x54, 0xBC, 0x1C, 0x57, 0xBF, 0x20, 0x5D, 0xC2, 0x23, 0x63, 0xC6, 0x26, 0x67, 0xC9, 0x28, 0x6B, 0xCC, 0x2B, 0x71, 0xCF, 0x2F, 0x77, 0xD1, 0x33, 0x7D, 0xD4, 0x39, 0x82, 0xD5, 
        0x3A, 0x85, 0xD7, 0x3F, 0x8A, 0xD9, 0x42, 0x8D, 0xDB, 0x45, 0x90, 0xDC, 0x48, 0x92, 0xDD, 0x49, 0x93, 0xDD, 0x49, 0x93, 0xDB, 0x47, 0x93, 0xDB, 0x46, 0x90, 0xD9, 0x43, 0x8C, 0xD7, 0x3F, 0x89, 0xD6, 0x3D, 0x86, 0xD5, 0x3D, 0x86, 0xD3, 
        0x3A, 0x83, 0xD3, 0x37, 0x7E, 0xD1, 0x3A, 0x82, 0xD3, 0x34, 0x7A, 0xCF, 0x33, 0x7A, 0xCE, 0x33, 0x7B, 0xCF, 0x2F, 0x76, 0xCD, 0x2F, 0x75, 0xCD, 0x2F, 0x75, 0xCD, 0x2E, 0x72, 0xCC, 0x2D, 0x72, 0xCC, 0x2C, 0x71, 0xCA, 0x2C, 0x71, 0xCA, 
        0x2B, 0x70, 0xC9, 0x2A, 0x6E, 0xC9, 0x22, 0x62, 0xB5,
  0x63, 0x96, 0xD7, 0x42, 0x7E, 0xD0, 0x3E, 0x7D, 0xCF, 0x40, 0x7F, 0xCF, 0x40, 0x7D, 0xCF, 0x40, 0x7D, 0xCF, 0x40, 0x7F, 0xCF, 0x40, 0x7D, 0xCF, 0x41, 0x80, 0xD0, 0x41, 0x80, 0xD0, 0x41, 0x80, 0xD1, 0x43, 0x80, 0xD1, 0x43, 0x80, 0xD1, 0x41, 0x81, 0xD1, 
        0x43, 0x84, 0xD0, 0x45, 0x86, 0xD2, 0x3C, 0x7C, 0xCF, 0x32, 0x6E, 0xCC, 0x2E, 0x68, 0xCA, 0x26, 0x5E, 0xC4, 0x1D, 0x51, 0xBB, 0x1D, 0x52, 0xBA, 0x1B, 0x4F, 0xB7, 0x1B, 0x4F, 0xB7, 0x16, 0x46, 0xAE, 0x16, 0x47, 0xAC, 0x1A, 0x4F, 0xB3, 
        0x16, 0x47, 0xAE, 0x17, 0x48, 0xAF, 0x14, 0x44, 0xAA, 0x10, 0x3C, 0xA5, 0x12, 0x40, 0xA7, 0x10, 0x3E, 0xA3, 0x10, 0x3D, 0xA6, 0x10, 0x3D, 0xA4, 0x0E, 0x3A, 0xA2, 0x0F, 0x3D, 0xA3, 0x13, 0x42, 0xA8, 0x10, 0x3E, 0xA2, 0x0D, 0x39, 0x9F, 
        0x0D, 0x38, 0xA1, 0x0F, 0x3C, 0xA3, 0x0F, 0x3E, 0xA4, 0x0F, 0x3C, 0xA3, 0x10, 0x3C, 0xA5, 0x10, 0x3E, 0xA7, 0x10, 0x3C, 0xA3, 0x10, 0x3C, 0xA3, 0x10, 0x3C, 0xA3, 0x0E, 0x3A, 0xA2, 0x0E, 0x39, 0xA1, 0x0D, 0x38, 0xA0, 0x0E, 0x3B, 0xA2, 
        0x0F, 0x3D, 0xA2, 0x0D, 0x39, 0xA0, 0x0C, 0x36, 0x9C, 0x0C, 0x38, 0x9E, 0x0E, 0x3B, 0xA0, 0x0C, 0x37, 0x9C, 0x0D, 0x39, 0x9E, 0x0D, 0x39, 0xA0, 0x0C, 0x38, 0x9E, 0x0C, 0x36, 0x9C, 0x0C, 0x37, 0x9D, 0x0C, 0x37, 0x9D, 0x0C, 0x36, 0x9C, 
        0x0C, 0x36, 0x9B, 0x0C, 0x36, 0x9B, 0x0C, 0x36, 0x9B, 0x0B, 0x35, 0x9B, 0x0B, 0x35, 0x9B, 0x0B, 0x35, 0x9B, 0x0B, 0x36, 0x9A, 0x0A, 0x35, 0x99, 0x0A, 0x35, 0x99, 0x0A, 0x35, 0x99, 0x0A, 0x36, 0x99, 0x0A, 0x35, 0x99, 0x0B, 0x36, 0x9A, 
        0x0B, 0x36, 0x9B, 0x0B, 0x37, 0x9B, 0x0B, 0x37, 0x9B, 0x0A, 0x35, 0x99, 0x0A, 0x35, 0x99, 0x0A, 0x34, 0x98, 0x0A, 0x34, 0x99, 0x0A, 0x33, 0x97, 0x0A, 0x35, 0x99, 0x0B, 0x37, 0x9C, 0x0B, 0x39, 0x9E, 0x0B, 0x38, 0x9E, 0x0A, 0x35, 0x9C, 
        0x0A, 0x37, 0x9D, 0x0C, 0x3A, 0xA0, 0x0C, 0x3B, 0xA2, 0x0C, 0x3B, 0xA0, 0x0C, 0x3B, 0xA0, 0x0C, 0x3B, 0xA0, 0x0C, 0x39, 0x9E, 0x0D, 0x3B, 0xA0, 0x0C, 0x3B, 0x9E, 0x0C, 0x39, 0x9E, 0x0D, 0x3B, 0xA0, 0x0D, 0x3B, 0xA0, 0x0C, 0x3B, 0xA0, 
        0x0D, 0x3C, 0xA2, 0x0E, 0x3D, 0xA3, 0x0D, 0x3C, 0xA3, 0x0E, 0x3E, 0xA5, 0x0F, 0x3C, 0xA5, 0x10, 0x40, 0xA6, 0x10, 0x42, 0xA8, 0x0F, 0x42, 0xA8, 0x11, 0x43, 0xAB, 0x12, 0x45, 0xAD, 0x14, 0x47, 0xB1, 0x14, 0x49, 0xB1, 0x16, 0x4C, 0xB4, 
        0x17, 0x4E, 0xB5, 0x18, 0x50, 0xB7, 0x1A, 0x53, 0xBA, 0x1E, 0x57, 0xBF, 0x22, 0x5F, 0xC5, 0x22, 0x60, 0xC5, 0x23, 0x63, 0xC7, 0x28, 0x6A, 0xCD, 0x2B, 0x6F, 0xCE, 0x2E, 0x74, 0xD1, 0x32, 0x7B, 0xD3, 0x36, 0x7E, 0xD5, 0x39, 0x82, 0xD6, 
        0x3D, 0x88, 0xD8, 0x40, 0x8A, 0xD9, 0x44, 0x8E, 0xDB, 0x47, 0x91, 0xDD, 0x48, 0x92, 0xDD, 0x4B, 0x94, 0xDD, 0x4A, 0x93, 0xDC, 0x49, 0x90, 0xDA, 0x44, 0x8E, 0xD8, 0x41, 0x8A, 0xD7, 0x41, 0x89, 0xD5, 0x3E, 0x86, 0xD4, 0x3A, 0x83, 0xD4, 
        0x36, 0x7D, 0xD1, 0x3A, 0x83, 0xD3, 0x53, 0x98, 0xDC, 0x3A, 0x82, 0xD3, 0x30, 0x76, 0xCE, 0x30, 0x77, 0xCE, 0x2E, 0x75, 0xCD, 0x30, 0x76, 0xCD, 0x2F, 0x75, 0xCD, 0x2C, 0x72, 0xCB, 0x2D, 0x71, 0xCA, 0x2D, 0x72, 0xCA, 0x2B, 0x6E, 0xC9, 
        0x2B, 0x71, 0xCA, 0x29, 0x6E, 0xC9, 0x23, 0x63, 0xB5,
  0x7D, 0xAC, 0xE0, 0x41, 0x7F, 0xCE, 0x3E, 0x7C, 0xCD, 0x3E, 0x7D, 0xCD, 0x40, 0x7F, 0xCF, 0x42, 0x7F, 0xCF, 0x3E, 0x7D, 0xCE, 0x40, 0x7F, 0xCF, 0x3E, 0x80, 0xCF, 0x41, 0x81, 0xD0, 0x43, 0x83, 0xD1, 0x41, 0x81, 0xD0, 0x3F, 0x81, 0xCF, 0x43, 0x83, 0xD0, 
        0x46, 0x87, 0xD4, 0x36, 0x77, 0xCE, 0x2E, 0x68, 0xC7, 0x2C, 0x67, 0xC7, 0x28, 0x61, 0xC4, 0x22, 0x58, 0xBE, 0x1B, 0x4F, 0xB7, 0x1D, 0x4F, 0xB7, 0x19, 0x4B, 0xB2, 0x17, 0x47, 0xAF, 0x11, 0x3E, 0xA7, 0x13, 0x3F, 0xA8, 0x18, 0x49, 0xAF, 
        0x17, 0x48, 0xAE, 0x17, 0x47, 0xAE, 0x14, 0x41, 0xA9, 0x13, 0x40, 0xA7, 0x11, 0x3D, 0xA3, 0x11, 0x3D, 0xA3, 0x10, 0x3C, 0xA2, 0x0F, 0x3A, 0xA1, 0x0F, 0x3A, 0xA1, 0x0E, 0x39, 0xA1, 0x11, 0x3D, 0xA3, 0x0E, 0x39, 0xA1, 0x0F, 0x3A, 0xA1, 
        0x10, 0x3D, 0xA3, 0x0F, 0x3B, 0xA1, 0x0F, 0x3B, 0xA1, 0x0F, 0x3C, 0xA1, 0x0F, 0x3B, 0xA1, 0x0F, 0x3A, 0xA1, 0x10, 0x3B, 0xA2, 0x0F, 0x3B, 0xA1, 0x0E, 0x3A, 0xA0, 0x10, 0x3B, 0xA2, 0x0E, 0x38, 0xA0, 0x10, 0x3C, 0xA2, 0x10, 0x3D, 0xA3, 
        0x0F, 0x3C, 0xA0, 0x0D, 0x38, 0x9E, 0x0D, 0x38, 0x9E, 0x0E, 0x39, 0x9E, 0x0E, 0x39, 0x9E, 0x0F, 0x3B, 0xA0, 0x10, 0x3D, 0xA2, 0x0D, 0x38, 0x9C, 0x0D, 0x38, 0x9E, 0x0D, 0x38, 0x9F, 0x0C, 0x35, 0x9B, 0x0C, 0x36, 0x9D, 0x0C, 0x37, 0x9C, 
        0x0B, 0x36, 0x9B, 0x0C, 0x36, 0x9B, 0x0C, 0x36, 0x9B, 0x0C, 0x36, 0x9B, 0x0C, 0x36, 0x9B, 0x0B, 0x35, 0x9B, 0x0B, 0x35, 0x9B, 0x0C, 0x37, 0x9C, 0x0C, 0x37, 0x9C, 0x0A, 0x35, 0x9A, 0x0A, 0x34, 0x99, 0x0B, 0x36, 0x9B, 0x0B, 0x36, 0x9A, 
        0x0B, 0x36, 0x99, 0x0B, 0x36, 0x99, 0x0C, 0x37, 0x9A, 0x0B, 0x35, 0x99, 0x0A, 0x35, 0x97, 0x0A, 0x34, 0x97, 0x0A, 0x34, 0x99, 0x0A, 0x35, 0x9A, 0x0A, 0x35, 0x9B, 0x0B, 0x37, 0x9B, 0x0C, 0x37, 0x9C, 0x0B, 0x37, 0x9C, 0x0C, 0x37, 0x9C, 
        0x0C, 0x37, 0x9E, 0x0C, 0x39, 0xA0, 0x0F, 0x3E, 0xA4, 0x10, 0x41, 0xA7, 0x0F, 0x3F, 0xA6, 0x0D, 0x3B, 0xA2, 0x0C, 0x39, 0xA0, 0x0C, 0x38, 0x9E, 0x0D, 0x3C, 0xA1, 0x10, 0x41, 0xA7, 0x0D, 0x3C, 0xA2, 0x0D, 0x3B, 0xA1, 0x0D, 0x3C, 0xA1, 
        0x0E, 0x3D, 0xA3, 0x0D, 0x3C, 0xA3, 0x0E, 0x3F, 0xA5, 0x0E, 0x3E, 0xA5, 0x0E, 0x3E, 0xA7, 0x10, 0x40, 0xAA, 0x10, 0x42, 0xA8, 0x11, 0x43, 0xAA, 0x11, 0x44, 0xAB, 0x13, 0x47, 0xAF, 0x15, 0x48, 0xB1, 0x15, 0x4A, 0xB2, 0x18, 0x4E, 0xB7, 
        0x1A, 0x54, 0xBB, 0x1B, 0x54, 0xBA, 0x1B, 0x55, 0xBB, 0x22, 0x60, 0xC3, 0x30, 0x72, 0xCF, 0x2C, 0x6F, 0xCF, 0x27, 0x69, 0xCB, 0x28, 0x6C, 0xCD, 0x2E, 0x73, 0xD0, 0x32, 0x79, 0xD2, 0x35, 0x7D, 0xD3, 0x3A, 0x85, 0xD6, 0x40, 0x89, 0xD8, 
        0x3F, 0x89, 0xD9, 0x44, 0x8D, 0xDA, 0x45, 0x8E, 0xDB, 0x48, 0x90, 0xDC, 0x4B, 0x94, 0xDD, 0x4B, 0x94, 0xDB, 0x4A, 0x92, 0xDA, 0x46, 0x8E, 0xD8, 0x44, 0x8D, 0xD7, 0x44, 0x8C, 0xD7, 0x41, 0x87, 0xD5, 0x3C, 0x84, 0xD3, 0x3B, 0x83, 0xD3, 
        0x38, 0x81, 0xD2, 0x3A, 0x83, 0xD2, 0x3D, 0x86, 0xD3, 0x37, 0x7F, 0xD1, 0x33, 0x79, 0xCF, 0x31, 0x77, 0xCE, 0x31, 0x79, 0xCD, 0x30, 0x76, 0xCD, 0x31, 0x78, 0xCD, 0x30, 0x76, 0xCD, 0x2D, 0x72, 0xCB, 0x2E, 0x71, 0xCA, 0x2A, 0x6E, 0xC9, 
        0x2B, 0x71, 0xCA, 0x2B, 0x6F, 0xCA, 0x24, 0x64, 0xB5,
  0x73, 0xA5, 0xDD, 0x3F, 0x7E, 0xCE, 0x42, 0x7F, 0xCE, 0x42, 0x7E, 0xCF, 0x42, 0x7F, 0xCF, 0x40, 0x7F, 0xCF, 0x40, 0x7D, 0xCE, 0x43, 0x82, 0xD0, 0x45, 0x82, 0xD0, 0x42, 0x80, 0xCF, 0x41, 0x80, 0xD0, 0x44, 0x83, 0xD0, 0x47, 0x85, 0xD1, 0x47, 0x86, 0xD1, 
        0x3B, 0x79, 0xD0, 0x2D, 0x67, 0xC8, 0x26, 0x5E, 0xC1, 0x25, 0x5B, 0xC0, 0x25, 0x5A, 0xBF, 0x1E, 0x50, 0xB7, 0x17, 0x46, 0xAF, 0x19, 0x4A, 0xB1, 0x1D, 0x4E, 0xB5, 0x18, 0x47, 0xAD, 0x14, 0x41, 0xA8, 0x14, 0x41, 0xAA, 0x13, 0x3D, 0xA7, 
        0x12, 0x3D, 0xA7, 0x14, 0x40, 0xA7, 0x11, 0x3C, 0xA3, 0x11, 0x3C, 0xA3, 0x10, 0x39, 0xA1, 0x12, 0x3D, 0xA3, 0x11, 0x3C, 0xA2, 0x10, 0x3D, 0xA2, 0x0F, 0x39, 0xA1, 0x0D, 0x35, 0x9D, 0x0F, 0x39, 0xA1, 0x0F, 0x39, 0xA1, 0x10, 0x3C, 0xA3, 
        0x10, 0x3C, 0xA1, 0x0E, 0x39, 0x9F, 0x0F, 0x3B, 0x9F, 0x10, 0x3C, 0xA1, 0x10, 0x3E, 0xA1, 0x0E, 0x3A, 0x9F, 0x0E, 0x38, 0xA0, 0x0E, 0x37, 0x9E, 0x0E, 0x38, 0xA0, 0x11, 0x3E, 0xA3, 0x0F, 0x3A, 0xA0, 0x0E, 0x38, 0xA0, 0x0D, 0x38, 0x9E, 
        0x0E, 0x38, 0x9E, 0x0E, 0x39, 0x9E, 0x0F, 0x3B, 0xA0, 0x0F, 0x3B, 0x9E, 0x0E, 0x39, 0x9E, 0x10, 0x3C, 0xA0, 0x0F, 0x3B, 0xA0, 0x0D, 0x38, 0x9C, 0x0D, 0x37, 0x9C, 0x0D, 0x38, 0x9F, 0x0D, 0x37, 0x9E, 0x0D, 0x37, 0x9E, 0x0C, 0x37, 0x9C, 
        0x0C, 0x37, 0x9B, 0x0C, 0x37, 0x9B, 0x0C, 0x37, 0x9B, 0x0C, 0x37, 0x9B, 0x0C, 0x37, 0x9B, 0x0C, 0x37, 0x9B, 0x0C, 0x37, 0x9C, 0x0B, 0x35, 0x9B, 0x0B, 0x35, 0x9B, 0x0B, 0x35, 0x9B, 0x0B, 0x35, 0x9B, 0x0B, 0x35, 0x9B, 0x0C, 0x37, 0x9A, 
        0x0C, 0x38, 0x9A, 0x0C, 0x37, 0x99, 0x0C, 0x37, 0x99, 0x0A, 0x35, 0x97, 0x0A, 0x34, 0x97, 0x0A, 0x34, 0x97, 0x0A, 0x35, 0x9B, 0x0B, 0x36, 0x9B, 0x0C, 0x37, 0x9C, 0x0C, 0x38, 0x9C, 0x0C, 0x38, 0x9C, 0x0C, 0x38, 0x9C, 0x0D, 0x3A, 0xA0, 
        0x0D, 0x3B, 0xA0, 0x0C, 0x39, 0xA0, 0x0E, 0x3B, 0xA2, 0x11, 0x41, 0xA7, 0x0F, 0x3E, 0xA5, 0x0D, 0x3B, 0xA4, 0x0E, 0x3D, 0xA6, 0x0C, 0x39, 0xA0, 0x12, 0x44, 0xA9, 0x19, 0x50, 0xB2, 0x11, 0x43, 0xA8, 0x0D, 0x3B, 0xA1, 0x0D, 0x3C, 0xA1, 
        0x0E, 0x3D, 0xA3, 0x0F, 0x40, 0xA5, 0x0D, 0x3C, 0xA3, 0x0D, 0x3B, 0xA3, 0x10, 0x3F, 0xA9, 0x11, 0x42, 0xAA, 0x11, 0x42, 0xAA, 0x12, 0x44, 0xAB, 0x14, 0x46, 0xAD, 0x14, 0x47, 0xAF, 0x16, 0x4A, 0xB2, 0x16, 0x4A, 0xB4, 0x17, 0x4D, 0xB6, 
        0x1B, 0x54, 0xBC, 0x1D, 0x58, 0xBE, 0x1E, 0x5A, 0xBF, 0x27, 0x67, 0xC7, 0x35, 0x7C, 0xD2, 0x30, 0x75, 0xD0, 0x29, 0x6C, 0xCD, 0x2C, 0x6F, 0xCF, 0x31, 0x78, 0xD2, 0x35, 0x7C, 0xD3, 0x38, 0x7F, 0xD4, 0x40, 0x88, 0xD8, 0x48, 0x90, 0xDA, 
        0x45, 0x8E, 0xDA, 0x47, 0x90, 0xDB, 0x48, 0x92, 0xDC, 0x4A, 0x91, 0xDC, 0x4D, 0x94, 0xDD, 0x4D, 0x95, 0xDB, 0x4A, 0x92, 0xD9, 0x45, 0x8F, 0xD8, 0x44, 0x8C, 0xD8, 0x41, 0x88, 0xD5, 0x3F, 0x86, 0xD4, 0x3E, 0x86, 0xD4, 0x3B, 0x83, 0xD3, 
        0x38, 0x80, 0xD2, 0x34, 0x7D, 0xD0, 0x30, 0x77, 0xCC, 0x31, 0x78, 0xCE, 0x30, 0x74, 0xCC, 0x31, 0x77, 0xCE, 0x34, 0x7A, 0xCF, 0x2F, 0x74, 0xCB, 0x31, 0x76, 0xCD, 0x31, 0x78, 0xCD, 0x2E, 0x73, 0xCB, 0x2E, 0x73, 0xCB, 0x2D, 0x6F, 0xCA, 
        0x2C, 0x6F, 0xCA, 0x2B, 0x6F, 0xCA, 0x25, 0x64, 0xB6,
  0x60, 0x93, 0xD6, 0x3F, 0x7E, 0xCD, 0x44, 0x80, 0xCF, 0x41, 0x7F, 0xCE, 0x42, 0x7E, 0xCF, 0x40, 0x7D, 0xCD, 0x40, 0x7D, 0xCD, 0x42, 0x7F, 0xCF, 0x45, 0x7F, 0xCF, 0x46, 0x80, 0xD0, 0x42, 0x7D, 0xCF, 0x47, 0x83, 0xD1, 0x47, 0x81, 0xD1, 0x3F, 0x7B, 0xCE, 
        0x2B, 0x63, 0xC4, 0x25, 0x5C, 0xBF, 0x28, 0x61, 0xC3, 0x24, 0x5A, 0xBD, 0x21, 0x55, 0xBB, 0x1B, 0x4B, 0xB4, 0x1D, 0x4F, 0xB6, 0x1B, 0x4D, 0xB4, 0x1A, 0x4B, 0xB2, 0x16, 0x46, 0xAD, 0x14, 0x42, 0xA9, 0x15, 0x43, 0xA9, 0x14, 0x41, 0xA9, 
        0x12, 0x3D, 0xA5, 0x15, 0x42, 0xAA, 0x12, 0x3D, 0xA5, 0x10, 0x39, 0xA2, 0x10, 0x39, 0xA0, 0x12, 0x3D, 0xA2, 0x0E, 0x37, 0x9E, 0x0E, 0x38, 0x9F, 0x0F, 0x3A, 0xA0, 0x0E, 0x39, 0xA1, 0x11, 0x3D, 0xA3, 0x0F, 0x3A, 0xA1, 0x0F, 0x3A, 0xA1, 
        0x0E, 0x38, 0x9D, 0x0E, 0x39, 0x9D, 0x0F, 0x3A, 0x9F, 0x0F, 0x3C, 0xA1, 0x0F, 0x3B, 0xA1, 0x0E, 0x3A, 0x9D, 0x0E, 0x3A, 0x9F, 0x0F, 0x3A, 0xA0, 0x0F, 0x38, 0xA0, 0x11, 0x3C, 0xA3, 0x0F, 0x38, 0xA0, 0x0E, 0x37, 0x9E, 0x0D, 0x36, 0x9C, 
        0x0D, 0x38, 0x9C, 0x10, 0x3B, 0xA0, 0x0F, 0x39, 0xA0, 0x0F, 0x39, 0xA0, 0x10, 0x3B, 0xA0, 0x0F, 0x39, 0xA0, 0x0E, 0x39, 0x9E, 0x10, 0x3C, 0xA0, 0x0C, 0x36, 0x9C, 0x0C, 0x33, 0x98, 0x0E, 0x38, 0xA0, 0x0D, 0x36, 0x9D, 0x0C, 0x34, 0x9B, 
        0x0C, 0x37, 0x9B, 0x0C, 0x37, 0x9B, 0x0C, 0x37, 0x9B, 0x0C, 0x37, 0x9B, 0x0C, 0x37, 0x9B, 0x0C, 0x37, 0x9B, 0x0C, 0x37, 0x9C, 0x0C, 0x36, 0x9B, 0x0B, 0x35, 0x9B, 0x0B, 0x35, 0x9B, 0x0C, 0x36, 0x9B, 0x0C, 0x36, 0x9B, 0x0C, 0x38, 0x9B, 
        0x0C, 0x39, 0x9B, 0x0C, 0x37, 0x99, 0x0B, 0x35, 0x98, 0x0A, 0x34, 0x97, 0x0A, 0x34, 0x97, 0x0A, 0x34, 0x97, 0x0B, 0x36, 0x9B, 0x0C, 0x37, 0x9B, 0x0C, 0x38, 0x9C, 0x0C, 0x39, 0x9D, 0x0C, 0x39, 0x9D, 0x0C, 0x39, 0x9D, 0x0C, 0x37, 0x9D, 
        0x0C, 0x38, 0x9D, 0x0C, 0x37, 0x9E, 0x0D, 0x3A, 0xA1, 0x10, 0x3F, 0xA6, 0x12, 0x43, 0xA9, 0x0F, 0x3F, 0xA6, 0x0D, 0x3B, 0xA4, 0x0E, 0x3C, 0xA4, 0x12, 0x44, 0xA9, 0x16, 0x4B, 0xAE, 0x10, 0x40, 0xA5, 0x0D, 0x3B, 0xA1, 0x0E, 0x3D, 0xA3, 
        0x0E, 0x3D, 0xA3, 0x0D, 0x3C, 0xA3, 0x0F, 0x3F, 0xA5, 0x11, 0x43, 0xA9, 0x10, 0x40, 0xA9, 0x11, 0x42, 0xAA, 0x12, 0x43, 0xAC, 0x14, 0x44, 0xAE, 0x14, 0x47, 0xAF, 0x15, 0x4A, 0xB1, 0x17, 0x4D, 0xB4, 0x18, 0x4E, 0xB6, 0x19, 0x51, 0xB9, 
        0x1C, 0x55, 0xBC, 0x1E, 0x58, 0xBE, 0x20, 0x5B, 0xC0, 0x24, 0x62, 0xC5, 0x2C, 0x6D, 0xCB, 0x2C, 0x70, 0xCD, 0x2C, 0x70, 0xCF, 0x2F, 0x75, 0xD0, 0x33, 0x7C, 0xD3, 0x37, 0x81, 0xD4, 0x3B, 0x84, 0xD6, 0x40, 0x89, 0xD8, 0x41, 0x8C, 0xD9, 
        0x45, 0x8F, 0xDA, 0x49, 0x92, 0xDB, 0x4B, 0x93, 0xDC, 0x4D, 0x96, 0xDD, 0x4F, 0x96, 0xDD, 0x4B, 0x94, 0xDB, 0x45, 0x8E, 0xD8, 0x44, 0x8C, 0xD7, 0x44, 0x8B, 0xD7, 0x3F, 0x86, 0xD5, 0x3E, 0x85, 0xD3, 0x3E, 0x86, 0xD4, 0x3B, 0x83, 0xD2, 
        0x38, 0x7D, 0xD0, 0x36, 0x7D, 0xD0, 0x3A, 0x82, 0xD2, 0x3B, 0x83, 0xD2, 0x34, 0x7A, 0xCE, 0x31, 0x76, 0xCE, 0x33, 0x77, 0xCE, 0x30, 0x73, 0xCC, 0x2F, 0x74, 0xCB, 0x30, 0x75, 0xCB, 0x2F, 0x72, 0xCB, 0x2F, 0x73, 0xCB, 0x2E, 0x73, 0xCD, 
        0x2E, 0x71, 0xCA, 0x2B, 0x6E, 0xC9, 0x27, 0x67, 0xB7,
  0x64, 0x95, 0xD6, 0x42, 0x7E, 0xCE, 0x42, 0x7F, 0xCE, 0x42, 0x7F, 0xCE, 0x47, 0x82, 0xCF, 0x48, 0x82, 0xD0, 0x45, 0x80, 0xCF, 0x45, 0x80, 0xCF, 0x43, 0x7F, 0xCF, 0x42, 0x7D, 0xCD, 0x42, 0x7D, 0xCF, 0x49, 0x83, 0xD2, 0x41, 0x7C, 0xCF, 0x34, 0x6A, 0xC6, 
        0x20, 0x52, 0xB8, 0x20, 0x53, 0xB8, 0x28, 0x5F, 0xC1, 0x25, 0x5B, 0xBE, 0x1A, 0x4A, 0xB1, 0x1B, 0x4A, 0xB2, 0x1B, 0x4C, 0xB2, 0x18, 0x47, 0xAF, 0x19, 0x48, 0xAF, 0x15, 0x43, 0xAA, 0x14, 0x41, 0xA8, 0x13, 0x3F, 0xA6, 0x10, 0x3A, 0xA1, 
        0x13, 0x3F, 0xA8, 0x15, 0x41, 0xA9, 0x13, 0x3D, 0xA5, 0x11, 0x3B, 0xA2, 0x11, 0x3C, 0xA1, 0x10, 0x3B, 0xA0, 0x0E, 0x37, 0x9C, 0x10, 0x39, 0x9F, 0x10, 0x39, 0x9F, 0x0E, 0x38, 0x9E, 0x11, 0x3C, 0xA1, 0x0F, 0x39, 0x9F, 0x0F, 0x39, 0x9F, 
        0x0E, 0x36, 0x9D, 0x0D, 0x36, 0x9B, 0x0E, 0x38, 0x9D, 0x0F, 0x39, 0x9F, 0x0F, 0x3A, 0x9D, 0x0F, 0x38, 0x9D, 0x0F, 0x3A, 0x9F, 0x0F, 0x38, 0x9D, 0x0F, 0x38, 0x9E, 0x0D, 0x36, 0x9C, 0x0C, 0x34, 0x9A, 0x10, 0x3B, 0xA1, 0x10, 0x3A, 0xA0, 
        0x0E, 0x36, 0x9C, 0x10, 0x39, 0xA0, 0x0E, 0x38, 0x9E, 0x0F, 0x39, 0x9E, 0x11, 0x3C, 0xA1, 0x10, 0x39, 0xA0, 0x0E, 0x38, 0x9C, 0x0E, 0x39, 0x9E, 0x0C, 0x35, 0x9A, 0x0C, 0x35, 0x9A, 0x0E, 0x38, 0x9C, 0x0D, 0x37, 0x9E, 0x0C, 0x36, 0x9B, 
        0x0D, 0x38, 0x9C, 0x0D, 0x38, 0x9C, 0x0D, 0x38, 0x9C, 0x0D, 0x38, 0x9C, 0x0D, 0x38, 0x9C, 0x0D, 0x38, 0x9C, 0x0C, 0x37, 0x9B, 0x0E, 0x3A, 0x9E, 0x0D, 0x39, 0x9D, 0x20, 0x47, 0xA3, 0x5A, 0x76, 0xBA, 0x19, 0x43, 0xA3, 0x0D, 0x38, 0x9B, 
        0x0C, 0x35, 0x99, 0x0C, 0x35, 0x98, 0x0B, 0x34, 0x97, 0x16, 0x3E, 0x9C, 0x59, 0x75, 0xB8, 0x20, 0x46, 0xA1, 0x0B, 0x36, 0x9B, 0x0C, 0x37, 0x9C, 0x0C, 0x37, 0x9C, 0x0C, 0x37, 0x9C, 0x0C, 0x37, 0x9C, 0x0C, 0x37, 0x9C, 0x0D, 0x3A, 0xA0, 
        0x0E, 0x3B, 0xA0, 0x0E, 0x3A, 0xA0, 0x0E, 0x3A, 0xA2, 0x0E, 0x3B, 0xA4, 0x0F, 0x3D, 0xA5, 0x0E, 0x3B, 0xA4, 0x0E, 0x3D, 0xA4, 0x11, 0x41, 0xA8, 0x0F, 0x3D, 0xA6, 0x0E, 0x3C, 0xA2, 0x0D, 0x3B, 0xA1, 0x10, 0x3F, 0xA3, 0x0F, 0x3F, 0xA5, 
        0x0F, 0x3F, 0xA5, 0x0C, 0x39, 0xA2, 0x10, 0x40, 0xA7, 0x12, 0x44, 0xAA, 0x11, 0x41, 0xAA, 0x12, 0x45, 0xAD, 0x12, 0x44, 0xAD, 0x14, 0x47, 0xB0, 0x15, 0x48, 0xB2, 0x17, 0x4B, 0xB2, 0x18, 0x4E, 0xB6, 0x1A, 0x51, 0xB8, 0x1C, 0x55, 0xBC, 
        0x1E, 0x57, 0xBE, 0x21, 0x5C, 0xC1, 0x22, 0x5E, 0xC3, 0x24, 0x62, 0xC6, 0x28, 0x67, 0xC7, 0x2A, 0x6D, 0xCD, 0x2E, 0x74, 0xCF, 0x33, 0x79, 0xD2, 0x36, 0x7E, 0xD3, 0x3A, 0x83, 0xD5, 0x3E, 0x87, 0xD7, 0x41, 0x8B, 0xD9, 0x43, 0x8D, 0xD9, 
        0x48, 0x8F, 0xDA, 0x4B, 0x92, 0xDB, 0x4D, 0x94, 0xDC, 0x4C, 0x94, 0xDC, 0x4B, 0x94, 0xDB, 0x47, 0x8F, 0xD8, 0x47, 0x8E, 0xD8, 0x45, 0x8C, 0xD7, 0x42, 0x88, 0xD5, 0x40, 0x89, 0xD5, 0x3E, 0x84, 0xD4, 0x3B, 0x83, 0xD2, 0x39, 0x81, 0xD1, 
        0x39, 0x81, 0xD1, 0x36, 0x7D, 0xD0, 0x39, 0x80, 0xD1, 0x3D, 0x84, 0xD3, 0x36, 0x7D, 0xCF, 0x33, 0x78, 0xCD, 0x31, 0x76, 0xCC, 0x30, 0x73, 0xCC, 0x30, 0x73, 0xCC, 0x2F, 0x73, 0xCB, 0x2F, 0x72, 0xCB, 0x2F, 0x73, 0xCB, 0x2F, 0x73, 0xCB, 
        0x2E, 0x72, 0xCB, 0x2C, 0x6E, 0xC9, 0x27, 0x67, 0xB6,
  0x66, 0x96, 0xD7, 0x44, 0x7E, 0xCE, 0x44, 0x7E, 0xCE, 0x44, 0x7F, 0xCE, 0x4A, 0x84, 0xD0, 0x4B, 0x85, 0xD1, 0x48, 0x81, 0xD0, 0x42, 0x7F, 0xCD, 0x48, 0x85, 0xD0, 0x4F, 0x8A, 0xD3, 0x48, 0x83, 0xD1, 0x3D, 0x7A, 0xCD, 0x2F, 0x65, 0xC4, 0x26, 0x59, 0xBC, 
        0x1E, 0x50, 0xB6, 0x23, 0x57, 0xBB, 0x24, 0x57, 0xBC, 0x20, 0x53, 0xB8, 0x17, 0x44, 0xAC, 0x16, 0x44, 0xAC, 0x15, 0x41, 0xA9, 0x16, 0x43, 0xAA, 0x17, 0x44, 0xAB, 0x16, 0x42, 0xAB, 0x16, 0x44, 0xAA, 0x14, 0x41, 0xA6, 0x11, 0x3B, 0xA1, 
        0x12, 0x3D, 0xA3, 0x11, 0x3B, 0xA3, 0x11, 0x3A, 0xA1, 0x10, 0x39, 0x9F, 0x11, 0x39, 0x9F, 0x10, 0x39, 0x9F, 0x0F, 0x38, 0x9E, 0x10, 0x3B, 0xA0, 0x0F, 0x39, 0x9E, 0x0D, 0x36, 0x9A, 0x0F, 0x3A, 0x9E, 0x0E, 0x38, 0x9D, 0x0F, 0x39, 0x9F, 
        0x0E, 0x38, 0x9B, 0x0D, 0x36, 0x9B, 0x0D, 0x36, 0x9B, 0x0D, 0x38, 0x9B, 0x0E, 0x38, 0x9D, 0x0F, 0x3A, 0x9D, 0x0F, 0x3A, 0x9D, 0x0D, 0x37, 0x9B, 0x0D, 0x37, 0x9A, 0x0E, 0x37, 0x9C, 0x0F, 0x38, 0x9E, 0x10, 0x3A, 0xA0, 0x10, 0x3B, 0xA0, 
        0x0E, 0x37, 0x9E, 0x0E, 0x37, 0x9E, 0x0E, 0x37, 0x9C, 0x0F, 0x39, 0xA0, 0x11, 0x3C, 0xA1, 0x10, 0x3B, 0xA0, 0x0E, 0x38, 0x9C, 0x0C, 0x35, 0x98, 0x0D, 0x36, 0x9A, 0x0D, 0x38, 0x9C, 0x0D, 0x37, 0x9C, 0x0E, 0x38, 0x9C, 0x0E, 0x38, 0x9E, 
        0x0E, 0x38, 0x9D, 0x0E, 0x38, 0x9D, 0x0E, 0x39, 0x9D, 0x0E, 0x39, 0x9D, 0x0E, 0x39, 0x9D, 0x0E, 0x39, 0x9E, 0x0F, 0x3A, 0x9F, 0x18, 0x41, 0xA1, 0x73, 0x8C, 0xC6, 0xB4, 0xC2, 0xE1, 0xB7, 0xC4, 0xE2, 0x58, 0x76, 0xBB, 0x0C, 0x34, 0x98, 
        0x0B, 0x33, 0x97, 0x0B, 0x34, 0x97, 0x0C, 0x34, 0x97, 0x57, 0x74, 0xB9, 0xB7, 0xC3, 0xE1, 0xB4, 0xC1, 0xE0, 0x73, 0x8B, 0xC6, 0x17, 0x40, 0xA1, 0x0C, 0x37, 0x9D, 0x0C, 0x37, 0x9C, 0x0C, 0x37, 0x9C, 0x0C, 0x37, 0x9C, 0x0D, 0x39, 0x9F, 
        0x0E, 0x3A, 0xA0, 0x0F, 0x3B, 0xA2, 0x10, 0x3D, 0xA4, 0x0F, 0x3A, 0xA4, 0x0F, 0x3B, 0xA4, 0x0F, 0x3D, 0xA5, 0x0F, 0x3E, 0xA4, 0x12, 0x42, 0xA9, 0x10, 0x3D, 0xA6, 0x10, 0x3F, 0xA6, 0x0F, 0x3D, 0xA3, 0x0F, 0x3D, 0xA3, 0x0E, 0x3C, 0xA3, 
        0x11, 0x41, 0xA7, 0x22, 0x5D, 0xBD, 0x15, 0x49, 0xB0, 0x0F, 0x3C, 0xA5, 0x14, 0x47, 0xAE, 0x15, 0x48, 0xB0, 0x14, 0x47, 0xAE, 0x15, 0x48, 0xB0, 0x17, 0x4A, 0xB3, 0x19, 0x4D, 0xB5, 0x1B, 0x51, 0xB8, 0x1D, 0x52, 0xB9, 0x1C, 0x55, 0xBC, 
        0x1F, 0x59, 0xC0, 0x23, 0x5E, 0xC3, 0x27, 0x64, 0xC6, 0x29, 0x68, 0xCB, 0x2C, 0x6B, 0xCC, 0x2D, 0x70, 0xCD, 0x32, 0x77, 0xD0, 0x37, 0x7D, 0xD3, 0x3B, 0x81, 0xD4, 0x3D, 0x86, 0xD6, 0x41, 0x8A, 0xD8, 0x46, 0x8E, 0xDA, 0x4A, 0x92, 0xDD, 
        0x4D, 0x94, 0xDC, 0x4F, 0x96, 0xDC, 0x50, 0x96, 0xDC, 0x4F, 0x96, 0xDB, 0x4A, 0x93, 0xD9, 0x45, 0x8F, 0xD8, 0x52, 0x97, 0xDB, 0x51, 0x95, 0xDB, 0x3F, 0x87, 0xD4, 0x40, 0x86, 0xD4, 0x3F, 0x84, 0xD3, 0x3B, 0x81, 0xD2, 0x39, 0x80, 0xD0, 
        0x3B, 0x81, 0xD1, 0x36, 0x7C, 0xCF, 0x32, 0x77, 0xCD, 0x35, 0x7A, 0xCF, 0x33, 0x77, 0xCD, 0x33, 0x77, 0xCC, 0x31, 0x75, 0xCC, 0x33, 0x76, 0xCC, 0x31, 0x74, 0xCB, 0x30, 0x73, 0xCB, 0x30, 0x74, 0xCB, 0x2F, 0x72, 0xCB, 0x2F, 0x72, 0xCB, 
        0x2F, 0x72, 0xCB, 0x2E, 0x70, 0xCA, 0x27, 0x64, 0xB5,
  0x65, 0x94, 0xD6, 0x44, 0x7D, 0xCD, 0x47, 0x80, 0xCE, 0x44, 0x7E, 0xCE, 0x45, 0x80, 0xCE, 0x45, 0x80, 0xCE, 0x42, 0x7C, 0xCC, 0x45, 0x81, 0xCF, 0x5F, 0x9D, 0xDA, 0x71, 0xAA, 0xE0, 0x4F, 0x8F, 0xD5, 0x31, 0x6F, 0xC8, 0x27, 0x5F, 0xBF, 0x24, 0x59, 0xBC, 
        0x2A, 0x60, 0xC1, 0x26, 0x5A, 0xBD, 0x1D, 0x4A, 0xB1, 0x1A, 0x48, 0xAF, 0x1B, 0x49, 0xB1, 0x17, 0x42, 0xAA, 0x16, 0x42, 0xAA, 0x16, 0x40, 0xA9, 0x14, 0x3E, 0xA6, 0x17, 0x43, 0xAA, 0x14, 0x3E, 0xA4, 0x11, 0x3A, 0x9F, 0x13, 0x3D, 0xA3, 
        0x13, 0x3D, 0xA4, 0x11, 0x3B, 0xA1, 0x12, 0x3C, 0xA3, 0x10, 0x37, 0x9E, 0x0F, 0x36, 0x9A, 0x14, 0x3D, 0xA2, 0x10, 0x38, 0x9E, 0x0F, 0x38, 0x9E, 0x10, 0x38, 0x9E, 0x0E, 0x37, 0x9C, 0x10, 0x39, 0x9F, 0x0E, 0x36, 0x9C, 0x0F, 0x38, 0x9D, 
        0x0F, 0x38, 0x9D, 0x0F, 0x39, 0x9D, 0x0E, 0x38, 0x9D, 0x0E, 0x38, 0x9B, 0x0E, 0x38, 0x9B, 0x0E, 0x38, 0x9B, 0x0F, 0x3A, 0x9D, 0x0D, 0x36, 0x9A, 0x0E, 0x37, 0x9B, 0x0E, 0x38, 0x9B, 0x10, 0x3A, 0xA0, 0x0E, 0x36, 0x9C, 0x10, 0x3A, 0xA0, 
        0x10, 0x38, 0xA0, 0x0D, 0x34, 0x9C, 0x0E, 0x36, 0x9E, 0x11, 0x3C, 0xA1, 0x10, 0x3B, 0xA1, 0x0F, 0x38, 0x9E, 0x10, 0x39, 0x9C, 0x0E, 0x37, 0x9A, 0x0D, 0x35, 0x9A, 0x0E, 0x37, 0x9A, 0x0D, 0x37, 0x9A, 0x0E, 0x37, 0x9A, 0x0E, 0x38, 0x9C, 
        0x0D, 0x38, 0x9D, 0x0E, 0x38, 0x9D, 0x0E, 0x38, 0x9D, 0x0E, 0x39, 0x9D, 0x0E, 0x39, 0x9D, 0x0E, 0x39, 0x9D, 0x0E, 0x39, 0x9C, 0x18, 0x41, 0xA0, 0xB7, 0xC3, 0xE1, 0xB7, 0xC4, 0xE2, 0xB7, 0xC4, 0xE1, 0xB3, 0xBF, 0xDF, 0x56, 0x71, 0xB7, 
        0x17, 0x3E, 0x9C, 0x17, 0x3E, 0x9D, 0x56, 0x73, 0xB9, 0xB3, 0xC0, 0xE0, 0xB7, 0xC4, 0xE1, 0xB7, 0xC4, 0xE1, 0xB7, 0xC4, 0xE2, 0x19, 0x43, 0xA3, 0x0D, 0x39, 0x9E, 0x0D, 0x39, 0x9E, 0x0D, 0x39, 0x9E, 0x0D, 0x38, 0x9E, 0x0E, 0x39, 0xA0, 
        0x0D, 0x39, 0x9F, 0x0F, 0x3A, 0xA1, 0x10, 0x3D, 0xA4, 0x0F, 0x3B, 0xA4, 0x10, 0x3B, 0xA4, 0x11, 0x3E, 0xA6, 0x0E, 0x3B, 0xA2, 0x11, 0x3F, 0xA7, 0x12, 0x42, 0xA9, 0x17, 0x4B, 0xB0, 0x14, 0x44, 0xAB, 0x0F, 0x3B, 0xA2, 0x0E, 0x3C, 0xA1, 
        0x12, 0x43, 0xA7, 0x25, 0x62, 0xC1, 0x18, 0x4D, 0xB2, 0x11, 0x41, 0xA9, 0x15, 0x48, 0xB0, 0x15, 0x48, 0xB0, 0x15, 0x49, 0xB0, 0x18, 0x4C, 0xB3, 0x19, 0x4D, 0xB5, 0x1B, 0x4F, 0xB8, 0x1E, 0x54, 0xBC, 0x1F, 0x55, 0xBC, 0x1F, 0x58, 0xBE, 
        0x21, 0x5C, 0xC1, 0x24, 0x62, 0xC5, 0x27, 0x64, 0xC8, 0x2B, 0x6A, 0xCB, 0x2D, 0x6E, 0xCE, 0x31, 0x74, 0xD0, 0x35, 0x7C, 0xD2, 0x3A, 0x80, 0xD4, 0x3C, 0x84, 0xD5, 0x42, 0x89, 0xD7, 0x48, 0x8E, 0xDA, 0x49, 0x90, 0xDB, 0x4D, 0x93, 0xDE, 
        0x4F, 0x94, 0xDE, 0x51, 0x97, 0xDC, 0x52, 0x97, 0xDC, 0x52, 0x98, 0xDA, 0x4D, 0x94, 0xD9, 0x47, 0x8F, 0xD8, 0x4E, 0x95, 0xDA, 0x4F, 0x94, 0xD9, 0x3F, 0x86, 0xD3, 0x3F, 0x85, 0xD4, 0x3D, 0x82, 0xD2, 0x3D, 0x82, 0xD2, 0x39, 0x7E, 0xD1, 
        0x39, 0x80, 0xD0, 0x38, 0x7E, 0xCF, 0x35, 0x78, 0xCD, 0x35, 0x7A, 0xCF, 0x35, 0x78, 0xCE, 0x33, 0x75, 0xCD, 0x31, 0x75, 0xCC, 0x36, 0x7B, 0xCE, 0x33, 0x76, 0xCC, 0x31, 0x73, 0xCB, 0x31, 0x74, 0xCB, 0x30, 0x74, 0xCB, 0x2F, 0x72, 0xCA, 
        0x2F, 0x70, 0xCA, 0x2F, 0x72, 0xCA, 0x27, 0x64, 0xB6,
  0x67, 0x97, 0xD6, 0x48, 0x80, 0xCE, 0x48, 0x81, 0xCF, 0x48, 0x81, 0xCE, 0x47, 0x80, 0xCE, 0x44, 0x7F, 0xCC, 0x41, 0x7A, 0xCB, 0x50, 0x8C, 0xD2, 0x76, 0xAE, 0xE2, 0x6C, 0xA6, 0xDF, 0x3D, 0x7D, 0xCF, 0x2D, 0x68, 0xC4, 0x2C, 0x65, 0xC4, 0x28, 0x61, 0xC2, 
        0x28, 0x5C, 0xBF, 0x23, 0x54, 0xB9, 0x1B, 0x48, 0xB0, 0x1D, 0x4C, 0xB1, 0x1F, 0x4E, 0xB4, 0x13, 0x3B, 0xA5, 0x16, 0x42, 0xAA, 0x19, 0x46, 0xAD, 0x16, 0x41, 0xA8, 0x16, 0x40, 0xA8, 0x13, 0x3D, 0xA4, 0x12, 0x3A, 0xA2, 0x14, 0x3D, 0xA3, 
        0x12, 0x3B, 0xA1, 0x11, 0x3A, 0x9F, 0x13, 0x3C, 0xA1, 0x0E, 0x36, 0x9C, 0x0D, 0x31, 0x98, 0x13, 0x3D, 0xA1, 0x12, 0x3C, 0xA1, 0x11, 0x3B, 0x9F, 0x10, 0x38, 0x9E, 0x0D, 0x34, 0x9A, 0x0F, 0x37, 0x9C, 0x0F, 0x36, 0x9C, 0x0F, 0x38, 0x9C, 
        0x0F, 0x38, 0x9B, 0x0F, 0x38, 0x9D, 0x0F, 0x38, 0x9B, 0x0F, 0x38, 0x9B, 0x0E, 0x36, 0x9B, 0x0E, 0x36, 0x9B, 0x0E, 0x36, 0x9B, 0x0E, 0x37, 0x9B, 0x10, 0x3A, 0x9D, 0x0F, 0x38, 0x9B, 0x0D, 0x36, 0x9A, 0x10, 0x38, 0x9E, 0x11, 0x3B, 0xA1, 
        0x0F, 0x37, 0x9E, 0x0D, 0x35, 0x9C, 0x10, 0x38, 0xA0, 0x11, 0x3B, 0xA1, 0x0E, 0x37, 0x9E, 0x0D, 0x35, 0x9C, 0x0D, 0x35, 0x9A, 0x0D, 0x36, 0x9A, 0x0D, 0x36, 0x9C, 0x0F, 0x38, 0x9C, 0x0F, 0x38, 0x9C, 0x10, 0x38, 0x9C, 0x0E, 0x37, 0x9C, 
        0x10, 0x39, 0x9C, 0x0F, 0x38, 0x9E, 0x0F, 0x38, 0x9E, 0x0F, 0x39, 0x9F, 0x0E, 0x39, 0x9E, 0x0D, 0x37, 0x9C, 0x0D, 0x35, 0x9A, 0x1B, 0x43, 0xA1, 0xB7, 0xC4, 0xE1, 0xB7, 0xC3, 0xE1, 0xB7, 0xC3, 0xE1, 0xB6, 0xC2, 0xDF, 0xB6, 0xC2, 0xE0, 
        0xB7, 0xC3, 0xE1, 0xB7, 0xC3, 0xE1, 0xB7, 0xC4, 0xE1, 0xB7, 0xC4, 0xE1, 0xB7, 0xC4, 0xE1, 0xB7, 0xC4, 0xE1, 0xB7, 0xC4, 0xE2, 0x1A, 0x44, 0xA5, 0x0E, 0x39, 0x9F, 0x0E, 0x39, 0x9F, 0x0E, 0x39, 0x9F, 0x0E, 0x39, 0x9F, 0x0E, 0x3A, 0xA0, 
        0x0D, 0x37, 0x9E, 0x0F, 0x3A, 0xA1, 0x11, 0x3E, 0xA5, 0x10, 0x3B, 0xA4, 0x11, 0x3D, 0xA6, 0x11, 0x3E, 0xA5, 0x0E, 0x3B, 0xA2, 0x12, 0x42, 0xA9, 0x14, 0x45, 0xAB, 0x19, 0x4D, 0xB2, 0x16, 0x48, 0xAF, 0x10, 0x3D, 0xA6, 0x11, 0x3F, 0xA5, 
        0x12, 0x40, 0xA7, 0x11, 0x3F, 0xA7, 0x12, 0x41, 0xA9, 0x15, 0x47, 0xAE, 0x14, 0x43, 0xAB, 0x15, 0x47, 0xAE, 0x17, 0x49, 0xB2, 0x18, 0x4D, 0xB3, 0x1B, 0x52, 0xB8, 0x1B, 0x51, 0xB8, 0x1D, 0x54, 0xBC, 0x20, 0x59, 0xBF, 0x23, 0x5B, 0xC0, 
        0x26, 0x62, 0xC5, 0x29, 0x66, 0xC8, 0x2C, 0x6B, 0xCB, 0x2F, 0x6E, 0xCE, 0x33, 0x73, 0xD0, 0x35, 0x7A, 0xD2, 0x38, 0x7F, 0xD4, 0x3C, 0x84, 0xD4, 0x3F, 0x87, 0xD6, 0x46, 0x8D, 0xD9, 0x4A, 0x90, 0xDA, 0x4B, 0x91, 0xDB, 0x51, 0x97, 0xDE, 
        0x55, 0x9B, 0xDF, 0x52, 0x97, 0xDD, 0x4F, 0x94, 0xDA, 0x4D, 0x93, 0xD9, 0x4A, 0x90, 0xD8, 0x48, 0x8F, 0xD8, 0x44, 0x8B, 0xD6, 0x44, 0x8B, 0xD6, 0x40, 0x86, 0xD4, 0x42, 0x88, 0xD4, 0x3D, 0x82, 0xD2, 0x3D, 0x82, 0xD2, 0x3A, 0x7F, 0xD1, 
        0x38, 0x7C, 0xD0, 0x38, 0x7C, 0xCF, 0x36, 0x79, 0xCE, 0x36, 0x7B, 0xCF, 0x35, 0x78, 0xCE, 0x35, 0x77, 0xCD, 0x34, 0x77, 0xCD, 0x37, 0x7B, 0xCE, 0x34, 0x77, 0xCC, 0x31, 0x71, 0xCB, 0x31, 0x71, 0xCB, 0x31, 0x73, 0xCC, 0x2F, 0x73, 0xCB, 
        0x2F, 0x70, 0xCA, 0x2F, 0x72, 0xCB, 0x27, 0x64, 0xB6,
  0x65, 0x96, 0xD6, 0x47, 0x80, 0xCD, 0x48, 0x7D, 0xCC, 0x45, 0x7E, 0xCC, 0x45, 0x7E, 0xCC, 0x45, 0x7F, 0xCC, 0x44, 0x7F, 0xCC, 0x48, 0x85, 0xD0, 0x57, 0x91, 0xD9, 0x40, 0x7E, 0xD0, 0x2C, 0x62, 0xC2, 0x28, 0x5D, 0xBE, 0x24, 0x58, 0xBA, 0x22, 0x54, 0xB7, 
        0x1E, 0x4B, 0xB2, 0x1F, 0x4E, 0xB5, 0x19, 0x44, 0xAD, 0x18, 0x44, 0xAC, 0x18, 0x43, 0xAA, 0x15, 0x3D, 0xA6, 0x16, 0x3F, 0xA7, 0x18, 0x43, 0xAA, 0x17, 0x41, 0xA9, 0x16, 0x41, 0xA9, 0x16, 0x3F, 0xA8, 0x14, 0x3D, 0xA8, 0x14, 0x3C, 0xA4, 
        0x12, 0x3C, 0x9F, 0x12, 0x3C, 0x9F, 0x12, 0x3D, 0x9F, 0x11, 0x3A, 0x9F, 0x0F, 0x36, 0x9C, 0x10, 0x37, 0x9E, 0x10, 0x37, 0x9C, 0x10, 0x37, 0x9C, 0x10, 0x37, 0x9C, 0x0F, 0x36, 0x9A, 0x10, 0x37, 0x9C, 0x10, 0x38, 0x9C, 0x0F, 0x37, 0x9A, 
        0x0F, 0x36, 0x99, 0x0E, 0x35, 0x9A, 0x0E, 0x35, 0x99, 0x0E, 0x35, 0x9A, 0x0F, 0x36, 0x9A, 0x10, 0x38, 0x9B, 0x0F, 0x36, 0x9B, 0x0E, 0x35, 0x9B, 0x10, 0x38, 0x9D, 0x11, 0x3B, 0x9F, 0x0E, 0x36, 0x9B, 0x13, 0x3C, 0xA1, 0x11, 0x3A, 0xA0, 
        0x0E, 0x37, 0x9C, 0x0E, 0x36, 0x9C, 0x0E, 0x37, 0x9C, 0x0F, 0x37, 0x9E, 0x0C, 0x32, 0x98, 0x0D, 0x36, 0x9A, 0x0E, 0x38, 0xA0, 0x0F, 0x3B, 0xA0, 0x10, 0x39, 0xA0, 0x10, 0x3B, 0xA0, 0x0F, 0x37, 0x9C, 0x10, 0x39, 0x9E, 0x10, 0x36, 0x9C, 
        0x12, 0x39, 0x9E, 0x11, 0x37, 0x9C, 0x11, 0x38, 0x9F, 0x10, 0x37, 0x9E, 0x10, 0x36, 0x9D, 0x11, 0x39, 0xA0, 0x11, 0x3B, 0xA0, 0x5E, 0x7B, 0xBF, 0xB7, 0xC3, 0xE1, 0xB7, 0xC2, 0xE0, 0xB7, 0xC2, 0xE1, 0xB6, 0xC2, 0xE0, 0xB7, 0xC3, 0xE1, 
        0xB7, 0xC3, 0xE1, 0xB7, 0xC4, 0xE2, 0xB7, 0xC4, 0xE2, 0xB7, 0xC4, 0xE2, 0xB7, 0xC4, 0xE2, 0xB7, 0xC4, 0xE2, 0xB7, 0xC4, 0xE2, 0x57, 0x75, 0xBC, 0x0D, 0x38, 0x9E, 0x0E, 0x39, 0x9F, 0x0F, 0x3A, 0xA0, 0x10, 0x3B, 0xA1, 0x0F, 0x3A, 0xA0, 
        0x0D, 0x37, 0x9E, 0x0F, 0x3B, 0xA2, 0x11, 0x3E, 0xA5, 0x0F, 0x3A, 0xA4, 0x11, 0x3B, 0xA6, 0x12, 0x3F, 0xA6, 0x12, 0x3F, 0xA8, 0x12, 0x42, 0xA9, 0x11, 0x3E, 0xA6, 0x15, 0x45, 0xAD, 0x16, 0x46, 0xAF, 0x10, 0x3B, 0xA6, 0x11, 0x3C, 0xA8, 
        0x14, 0x43, 0xAA, 0x12, 0x3F, 0xA8, 0x15, 0x44, 0xAC, 0x14, 0x43, 0xAB, 0x15, 0x45, 0xAC, 0x1F, 0x55, 0xBA, 0x20, 0x55, 0xBC, 0x1B, 0x4F, 0xB7, 0x1C, 0x52, 0xB8, 0x1B, 0x50, 0xB7, 0x1D, 0x54, 0xBA, 0x23, 0x5C, 0xC1, 0x25, 0x5E, 0xC4, 
        0x29, 0x65, 0xC6, 0x2B, 0x68, 0xC8, 0x30, 0x6F, 0xCE, 0x31, 0x71, 0xCE, 0x37, 0x77, 0xD1, 0x39, 0x7D, 0xD4, 0x3B, 0x82, 0xD5, 0x3F, 0x87, 0xD7, 0x42, 0x8C, 0xD7, 0x47, 0x90, 0xDA, 0x4A, 0x92, 0xDB, 0x4D, 0x94, 0xDC, 0x5B, 0xA1, 0xE0, 
        0x65, 0xA7, 0xE3, 0x59, 0x9D, 0xDF, 0x4F, 0x94, 0xDB, 0x4C, 0x92, 0xD9, 0x4B, 0x90, 0xD8, 0x4C, 0x8F, 0xD8, 0x46, 0x89, 0xD5, 0x44, 0x89, 0xD5, 0x42, 0x88, 0xD5, 0x44, 0x88, 0xD4, 0x42, 0x87, 0xD4, 0x3D, 0x82, 0xD1, 0x3A, 0x7F, 0xD1, 
        0x3A, 0x7D, 0xD1, 0x38, 0x7B, 0xD0, 0x38, 0x7B, 0xCF, 0x36, 0x79, 0xCE, 0x36, 0x79, 0xCE, 0x35, 0x77, 0xCE, 0x35, 0x77, 0xCE, 0x33, 0x77, 0xCD, 0x33, 0x77, 0xCC, 0x34, 0x78, 0xCE, 0x39, 0x7E, 0xCF, 0x33, 0x76, 0xCC, 0x2F, 0x70, 0xCB, 
        0x2F, 0x73, 0xCA, 0x2F, 0x72, 0xCA, 0x27, 0x65, 0xB6,
  0x65, 0x96, 0xD4, 0x46, 0x7D, 0xCB, 0x49, 0x80, 0xCD, 0x47, 0x7E, 0xCC, 0x44, 0x7D, 0xCC, 0x47, 0x81, 0xCE, 0x47, 0x81, 0xCE, 0x39, 0x73, 0xC9, 0x2F, 0x67, 0xC4, 0x2C, 0x63, 0xC1, 0x25, 0x58, 0xBB, 0x1F, 0x50, 0xB4, 0x1B, 0x48, 0xAE, 0x1C, 0x4A, 0xB0, 
        0x1B, 0x48, 0xB0, 0x1D, 0x4B, 0xB2, 0x17, 0x43, 0xAA, 0x18, 0x42, 0xAC, 0x18, 0x42, 0xAA, 0x14, 0x3C, 0xA5, 0x15, 0x3D, 0xA5, 0x16, 0x40, 0xA7, 0x16, 0x41, 0xA7, 0x16, 0x41, 0xA7, 0x15, 0x3E, 0xA6, 0x14, 0x3D, 0xA6, 0x14, 0x3D, 0xA4, 
        0x12, 0x3A, 0x9F, 0x12, 0x3B, 0x9F, 0x13, 0x3D, 0xA0, 0x13, 0x3C, 0xA0, 0x11, 0x3A, 0x9F, 0x12, 0x3B, 0xA1, 0x10, 0x37, 0x9E, 0x10, 0x37, 0x9C, 0x10, 0x38, 0x9E, 0x10, 0x37, 0x9C, 0x10, 0x37, 0x9C, 0x10, 0x37, 0x9C, 0x0F, 0x34, 0x9A, 
        0x0E, 0x34, 0x97, 0x0E, 0x35, 0x99, 0x0F, 0x35, 0x9A, 0x0F, 0x36, 0x9A, 0x10, 0x38, 0x9B, 0x11, 0x39, 0x9D, 0x11, 0x39, 0x9D, 0x10, 0x38, 0x9D, 0x0F, 0x36, 0x9B, 0x0F, 0x37, 0x9B, 0x0F, 0x37, 0x9B, 0x11, 0x38, 0x9F, 0x0F, 0x38, 0x9D, 
        0x10, 0x3A, 0xA0, 0x0E, 0x36, 0x9C, 0x10, 0x38, 0xA0, 0x12, 0x3B, 0xA1, 0x0F, 0x37, 0x9E, 0x12, 0x3B, 0xA1, 0x14, 0x40, 0xA5, 0x11, 0x3C, 0xA1, 0x10, 0x39, 0xA0, 0x10, 0x38, 0x9E, 0x10, 0x39, 0x9E, 0x11, 0x3B, 0x9E, 0x11, 0x3B, 0x9E, 
        0x12, 0x3D, 0xA0, 0x12, 0x3D, 0xA0, 0x15, 0x40, 0xA3, 0x20, 0x45, 0xA7, 0x22, 0x49, 0xA9, 0x21, 0x45, 0xA8, 0x5A, 0x76, 0xBD, 0xB4, 0xC1, 0xE1, 0xB7, 0xC3, 0xE1, 0xB7, 0xC2, 0xE0, 0xB7, 0xC2, 0xE0, 0xB7, 0xC2, 0xE1, 0xB7, 0xC4, 0xE1, 
        0xB7, 0xC4, 0xE2, 0xB7, 0xC4, 0xE2, 0xB7, 0xC4, 0xE2, 0xB7, 0xC4, 0xE2, 0xB7, 0xC4, 0xE2, 0xB8, 0xC5, 0xE3, 0xB7, 0xC4, 0xE3, 0xB4, 0xC1, 0xE1, 0x57, 0x75, 0xBD, 0x1A, 0x43, 0xA4, 0x1B, 0x43, 0xA5, 0x1B, 0x44, 0xA5, 0x0F, 0x3A, 0xA1, 
        0x0E, 0x39, 0xA0, 0x0E, 0x38, 0xA0, 0x0F, 0x3B, 0xA2, 0x11, 0x3D, 0xA6, 0x14, 0x41, 0xA9, 0x15, 0x45, 0xAB, 0x12, 0x41, 0xA8, 0x0F, 0x3A, 0xA4, 0x10, 0x3B, 0xA4, 0x17, 0x49, 0xB0, 0x1A, 0x4E, 0xB4, 0x18, 0x49, 0xB2, 0x1A, 0x4C, 0xB4, 
        0x15, 0x44, 0xAD, 0x16, 0x45, 0xAE, 0x16, 0x47, 0xAE, 0x14, 0x41, 0xAA, 0x20, 0x57, 0xBA, 0x3A, 0x7C, 0xD2, 0x32, 0x70, 0xCD, 0x1F, 0x56, 0xBB, 0x1D, 0x53, 0xB9, 0x2A, 0x67, 0xC7, 0x2B, 0x6A, 0xC9, 0x24, 0x5D, 0xC2, 0x26, 0x61, 0xC5, 
        0x29, 0x65, 0xC7, 0x2D, 0x69, 0xC9, 0x31, 0x71, 0xCE, 0x33, 0x74, 0xD0, 0x39, 0x7D, 0xD3, 0x3C, 0x82, 0xD5, 0x3E, 0x85, 0xD7, 0x42, 0x8A, 0xD8, 0x47, 0x8F, 0xDA, 0x4C, 0x94, 0xDB, 0x4F, 0x97, 0xDD, 0x51, 0x98, 0xDD, 0x5A, 0x9E, 0xDF, 
        0x5E, 0xA1, 0xE0, 0x56, 0x9A, 0xDD, 0x50, 0x96, 0xDB, 0x4C, 0x92, 0xD9, 0x4A, 0x91, 0xD8, 0x4B, 0x8F, 0xD8, 0x48, 0x8B, 0xD5, 0x46, 0x8A, 0xD5, 0x40, 0x86, 0xD4, 0x40, 0x86, 0xD3, 0x40, 0x86, 0xD3, 0x3D, 0x82, 0xD1, 0x3A, 0x7F, 0xD1, 
        0x3A, 0x7F, 0xD0, 0x39, 0x7D, 0xD0, 0x38, 0x7B, 0xD0, 0x36, 0x79, 0xCD, 0x36, 0x79, 0xCD, 0x36, 0x7B, 0xCF, 0x35, 0x78, 0xCE, 0x35, 0x77, 0xCD, 0x34, 0x77, 0xCD, 0x35, 0x7A, 0xCE, 0x3A, 0x80, 0xD0, 0x34, 0x77, 0xCD, 0x30, 0x71, 0xCB, 
        0x30, 0x73, 0xCB, 0x2F, 0x73, 0xCA, 0x27, 0x65, 0xB6,
  0x68, 0x97, 0xD6, 0x47, 0x7F, 0xCB, 0x47, 0x7D, 0xCB, 0x46, 0x7E, 0xCD, 0x4B, 0x83, 0xD0, 0x48, 0x81, 0xCF, 0x3C, 0x75, 0xCB, 0x34, 0x6C, 0xC6, 0x2D, 0x64, 0xC3, 0x25, 0x57, 0xB9, 0x1F, 0x4E, 0xB2, 0x1C, 0x47, 0xAE, 0x1B, 0x47, 0xAD, 0x1C, 0x48, 0xAE, 
        0x1E, 0x4C, 0xB2, 0x1C, 0x48, 0xAF, 0x17, 0x3F, 0xA7, 0x17, 0x42, 0xA9, 0x19, 0x44, 0xAA, 0x11, 0x36, 0x9E, 0x12, 0x37, 0x9E, 0x16, 0x3D, 0xA5, 0x16, 0x3F, 0xA6, 0x16, 0x3F, 0xA5, 0x14, 0x3D, 0xA3, 0x15, 0x3D, 0xA4, 0x15, 0x3E, 0xA6, 
        0x13, 0x3A, 0x9F, 0x11, 0x39, 0x9F, 0x11, 0x38, 0x9D, 0x11, 0x38, 0x9D, 0x11, 0x39, 0x9F, 0x13, 0x3B, 0x9F, 0x10, 0x37, 0x9E, 0x10, 0x36, 0x9C, 0x11, 0x38, 0x9E, 0x11, 0x38, 0x9E, 0x10, 0x37, 0x9C, 0x10, 0x37, 0x9C, 0x0F, 0x34, 0x9A, 
        0x0F, 0x34, 0x98, 0x0F, 0x36, 0x99, 0x0F, 0x36, 0x99, 0x0F, 0x36, 0x9B, 0x10, 0x38, 0x9B, 0x10, 0x38, 0x9B, 0x10, 0x38, 0x9D, 0x10, 0x38, 0x9D, 0x0F, 0x35, 0x9B, 0x0F, 0x35, 0x9B, 0x11, 0x3A, 0x9F, 0x11, 0x38, 0x9D, 0x0E, 0x36, 0x9B, 
        0x11, 0x3A, 0x9D, 0x11, 0x3A, 0xA0, 0x12, 0x3B, 0xA1, 0x14, 0x3E, 0xA3, 0x12, 0x3B, 0xA2, 0x12, 0x3B, 0xA1, 0x10, 0x38, 0xA0, 0x0F, 0x38, 0x9E, 0x11, 0x3B, 0xA0, 0x10, 0x38, 0x9E, 0x11, 0x39, 0x9E, 0x14, 0x3C, 0xA0, 0x10, 0x38, 0x9C, 
        0x14, 0x41, 0xA3, 0x16, 0x43, 0xA5, 0x17, 0x41, 0xA3, 0x82, 0x9A, 0xD0, 0xBD, 0xC8, 0xE7, 0xBC, 0xC8, 0xE6, 0xB9, 0xC5, 0xE3, 0xB8, 0xC4, 0xE2, 0xB8, 0xC4, 0xE3, 0xB7, 0xC3, 0xE1, 0xB7, 0xC2, 0xE1, 0xB7, 0xC3, 0xE1, 0xB8, 0xC4, 0xE2, 
        0xB8, 0xC4, 0xE3, 0xB8, 0xC4, 0xE3, 0xB8, 0xC4, 0xE2, 0xB7, 0xC4, 0xE2, 0xB8, 0xC4, 0xE3, 0xB8, 0xC5, 0xE3, 0xB7, 0xC4, 0xE3, 0xB8, 0xC4, 0xE3, 0xB8, 0xC4, 0xE3, 0xB8, 0xC5, 0xE3, 0xB8, 0xC5, 0xE3, 0x7C, 0x93, 0xCC, 0x11, 0x3E, 0xA4, 
        0x11, 0x3D, 0xA2, 0x0F, 0x39, 0xA0, 0x0F, 0x39, 0xA1, 0x11, 0x3D, 0xA6, 0x12, 0x3F, 0xA9, 0x14, 0x42, 0xA9, 0x12, 0x3F, 0xA7, 0x12, 0x3F, 0xA8, 0x14, 0x42, 0xA9, 0x15, 0x46, 0xAD, 0x1A, 0x4D, 0xB4, 0x1E, 0x53, 0xB9, 0x1D, 0x51, 0xB7, 
        0x14, 0x41, 0xAB, 0x12, 0x3F, 0xA9, 0x15, 0x44, 0xAC, 0x19, 0x4B, 0xB1, 0x23, 0x59, 0xBC, 0x38, 0x76, 0xD1, 0x2F, 0x6C, 0xCA, 0x1C, 0x4F, 0xB7, 0x25, 0x5F, 0xC1, 0x52, 0x95, 0xDC, 0x51, 0x93, 0xDB, 0x2D, 0x6D, 0xCA, 0x29, 0x65, 0xC7, 
        0x2D, 0x69, 0xC9, 0x2F, 0x6E, 0xCC, 0x35, 0x75, 0xD0, 0x39, 0x7B, 0xD1, 0x3B, 0x80, 0xD3, 0x3F, 0x86, 0xD5, 0x41, 0x88, 0xD7, 0x46, 0x8D, 0xD8, 0x4B, 0x91, 0xDB, 0x50, 0x95, 0xDC, 0x54, 0x99, 0xDE, 0x55, 0x9A, 0xDD, 0x56, 0x9A, 0xDC, 
        0x55, 0x98, 0xDC, 0x51, 0x96, 0xDB, 0x50, 0x96, 0xDA, 0x4C, 0x91, 0xD8, 0x4B, 0x8F, 0xD7, 0x49, 0x8D, 0xD6, 0x48, 0x8B, 0xD5, 0x48, 0x8B, 0xD5, 0x41, 0x87, 0xD3, 0x3F, 0x85, 0xD2, 0x40, 0x85, 0xD3, 0x3D, 0x81, 0xD1, 0x3C, 0x7F, 0xD1, 
        0x3A, 0x7D, 0xD0, 0x39, 0x7C, 0xD0, 0x39, 0x7A, 0xCE, 0x37, 0x79, 0xCE, 0x37, 0x79, 0xCD, 0x35, 0x79, 0xCD, 0x37, 0x7B, 0xCF, 0x37, 0x7A, 0xCF, 0x35, 0x77, 0xCD, 0x31, 0x74, 0xCC, 0x31, 0x72, 0xCB, 0x31, 0x74, 0xCB, 0x31, 0x74, 0xCC, 
        0x31, 0x74, 0xCC, 0x31, 0x74, 0xCC, 0x28, 0x67, 0xB6,
  0x69, 0x97, 0xD6, 0x4A, 0x82, 0xCD, 0x4A, 0x80, 0xCD, 0x47, 0x7F, 0xCD, 0x47, 0x80, 0xCE, 0x3A, 0x73, 0xCB, 0x34, 0x6A, 0xC6, 0x2F, 0x63, 0xC1, 0x24, 0x56, 0xB9, 0x22, 0x52, 0xB6, 0x1D, 0x4A, 0xAF, 0x1C, 0x47, 0xAE, 0x21, 0x4F, 0xB5, 0x1F, 0x4F, 0xB4, 
        0x1D, 0x4A, 0xB0, 0x1B, 0x44, 0xAB, 0x19, 0x42, 0xA9, 0x19, 0x43, 0xA9, 0x1B, 0x44, 0xA9, 0x15, 0x3B, 0xA2, 0x13, 0x38, 0xA0, 0x14, 0x3A, 0xA1, 0x15, 0x3D, 0xA3, 0x15, 0x3C, 0xA3, 0x13, 0x3A, 0xA1, 0x13, 0x3A, 0xA1, 0x14, 0x3B, 0xA3, 
        0x13, 0x3A, 0x9F, 0x13, 0x3A, 0x9F, 0x12, 0x39, 0x9F, 0x11, 0x3A, 0x9F, 0x11, 0x3A, 0x9F, 0x11, 0x38, 0x9D, 0x10, 0x37, 0x9B, 0x10, 0x37, 0x9E, 0x12, 0x37, 0x9E, 0x12, 0x39, 0x9E, 0x11, 0x38, 0x9E, 0x10, 0x36, 0x9C, 0x10, 0x36, 0x9A, 
        0x10, 0x36, 0x9A, 0x10, 0x37, 0x9A, 0x10, 0x37, 0x9A, 0x10, 0x38, 0x9A, 0x10, 0x38, 0x9B, 0x10, 0x36, 0x9B, 0x0F, 0x36, 0x9B, 0x10, 0x36, 0x9D, 0x0F, 0x35, 0x9B, 0x11, 0x38, 0x9D, 0x13, 0x3D, 0xA1, 0x12, 0x3A, 0x9F, 0x0E, 0x35, 0x9A, 
        0x11, 0x38, 0x9F, 0x12, 0x3B, 0x9F, 0x10, 0x36, 0x9C, 0x12, 0x3B, 0xA1, 0x15, 0x40, 0xA5, 0x14, 0x3E, 0xA3, 0x10, 0x35, 0x9C, 0x11, 0x37, 0x9E, 0x12, 0x3C, 0xA1, 0x11, 0x37, 0x9C, 0x11, 0x38, 0x9C, 0x15, 0x3F, 0xA2, 0x15, 0x40, 0xA2, 
        0x17, 0x44, 0xA5, 0x12, 0x39, 0x9C, 0x28, 0x4D, 0xA6, 0xB8, 0xC5, 0xE3, 0xBC, 0xC8, 0xE5, 0xC2, 0xD0, 0xEC, 0xBB, 0xC8, 0xE5, 0xB8, 0xC2, 0xE1, 0xB7, 0xC3, 0xE1, 0xB8, 0xC3, 0xE1, 0xB8, 0xC4, 0xE2, 0xB8, 0xC4, 0xE2, 0x94, 0xA6, 0xD4, 
        0x6E, 0x87, 0xC5, 0x6F, 0x88, 0xC6, 0x94, 0xA7, 0xD4, 0xB8, 0xC4, 0xE3, 0xB8, 0xC4, 0xE3, 0xB8, 0xC4, 0xE3, 0xB8, 0xC4, 0xE3, 0xB8, 0xC4, 0xE3, 0xB8, 0xC4, 0xE3, 0xB8, 0xC5, 0xE3, 0xB8, 0xC5, 0xE4, 0xB7, 0xC4, 0xE3, 0x25, 0x4B, 0xAA, 
        0x10, 0x3A, 0xA1, 0x0F, 0x39, 0xA1, 0x0F, 0x3A, 0xA2, 0x11, 0x3D, 0xA5, 0x12, 0x3E, 0xA7, 0x12, 0x41, 0xA7, 0x12, 0x41, 0xA8, 0x14, 0x43, 0xAB, 0x15, 0x43, 0xAD, 0x12, 0x41, 0xA9, 0x18, 0x4A, 0xB2, 0x1D, 0x51, 0xB7, 0x16, 0x46, 0xAF, 
        0x19, 0x4D, 0xB4, 0x17, 0x47, 0xB0, 0x12, 0x40, 0xAA, 0x1A, 0x4C, 0xB2, 0x1E, 0x52, 0xB7, 0x21, 0x57, 0xBC, 0x20, 0x55, 0xBB, 0x1B, 0x4D, 0xB5, 0x25, 0x5D, 0xBF, 0x49, 0x8D, 0xD8, 0x45, 0x8A, 0xD8, 0x2A, 0x67, 0xC6, 0x2A, 0x67, 0xC7, 
        0x31, 0x71, 0xCD, 0x33, 0x74, 0xCF, 0x35, 0x75, 0xD1, 0x3B, 0x7E, 0xD3, 0x3E, 0x83, 0xD4, 0x41, 0x88, 0xD6, 0x46, 0x8C, 0xD8, 0x4A, 0x8F, 0xDA, 0x4E, 0x93, 0xDB, 0x51, 0x95, 0xDC, 0x56, 0x9A, 0xDE, 0x55, 0x9A, 0xDD, 0x56, 0x99, 0xDB, 
        0x53, 0x97, 0xDB, 0x4F, 0x93, 0xD9, 0x4F, 0x93, 0xD9, 0x4C, 0x91, 0xD7, 0x4A, 0x8D, 0xD7, 0x46, 0x8A, 0xD5, 0x46, 0x8A, 0xD5, 0x49, 0x8C, 0xD5, 0x43, 0x87, 0xD3, 0x40, 0x83, 0xD2, 0x3F, 0x83, 0xD1, 0x3C, 0x80, 0xD1, 0x3C, 0x7F, 0xD1, 
        0x3C, 0x7F, 0xD0, 0x3A, 0x7D, 0xD0, 0x39, 0x7C, 0xCE, 0x39, 0x7C, 0xCE, 0x38, 0x7B, 0xCE, 0x38, 0x7B, 0xCE, 0x39, 0x7C, 0xCF, 0x39, 0x7E, 0xCF, 0x38, 0x7A, 0xCE, 0x35, 0x77, 0xCD, 0x34, 0x75, 0xCC, 0x33, 0x75, 0xCB, 0x33, 0x77, 0xCB, 
        0x34, 0x77, 0xCC, 0x34, 0x77, 0xCC, 0x2A, 0x69, 0xB7,
  0x69, 0x96, 0xD6, 0x47, 0x7F, 0xCB, 0x4A, 0x80, 0xCD, 0x47, 0x7F, 0xCD, 0x3E, 0x77, 0xCB, 0x2E, 0x63, 0xBF, 0x2C, 0x5E, 0xBE, 0x28, 0x59, 0xBB, 0x22, 0x50, 0xB5, 0x26, 0x56, 0xB9, 0x23, 0x52, 0xB6, 0x1D, 0x4A, 0xAF, 0x20, 0x4D, 0xB2, 0x1E, 0x49, 0xB0, 
        0x1B, 0x44, 0xAB, 0x1B, 0x44, 0xAB, 0x1B, 0x46, 0xAB, 0x17, 0x40, 0xA6, 0x17, 0x3F, 0xA4, 0x15, 0x3C, 0xA2, 0x16, 0x3E, 0xA5, 0x15, 0x3B, 0xA2, 0x15, 0x3C, 0xA3, 0x15, 0x3A, 0xA1, 0x13, 0x38, 0xA0, 0x13, 0x39, 0xA0, 0x13, 0x3A, 0xA0, 
        0x13, 0x39, 0x9F, 0x14, 0x3C, 0xA1, 0x15, 0x3D, 0xA2, 0x14, 0x3A, 0xA0, 0x13, 0x3A, 0x9F, 0x11, 0x36, 0x9B, 0x11, 0x37, 0x9D, 0x11, 0x38, 0x9D, 0x11, 0x37, 0x9E, 0x12, 0x38, 0x9E, 0x12, 0x38, 0x9E, 0x10, 0x36, 0x9C, 0x11, 0x36, 0x9C, 
        0x10, 0x36, 0x9A, 0x11, 0x37, 0x9C, 0x12, 0x38, 0x9C, 0x12, 0x37, 0x9C, 0x11, 0x38, 0x9C, 0x11, 0x36, 0x9B, 0x11, 0x38, 0x9D, 0x11, 0x38, 0x9D, 0x11, 0x38, 0x9D, 0x12, 0x39, 0x9F, 0x15, 0x3D, 0xA2, 0x14, 0x3C, 0xA1, 0x11, 0x38, 0x9D, 
        0x11, 0x3A, 0x9F, 0x16, 0x42, 0xA6, 0x14, 0x3F, 0xA3, 0x15, 0x40, 0xA7, 0x16, 0x42, 0xA7, 0x15, 0x40, 0xA5, 0x14, 0x3C, 0xA2, 0x15, 0x3E, 0xA3, 0x14, 0x3B, 0xA0, 0x12, 0x39, 0x9E, 0x14, 0x3C, 0xA0, 0x18, 0x41, 0xA3, 0x19, 0x41, 0xA3, 
        0x19, 0x40, 0xA3, 0x1F, 0x49, 0xAA, 0x72, 0x94, 0xD1, 0xBF, 0xCE, 0xEA, 0xBA, 0xC7, 0xE4, 0xC0, 0xCF, 0xEA, 0xBE, 0xCC, 0xE9, 0xB9, 0xC5, 0xE3, 0xB8, 0xC3, 0xE2, 0xB8, 0xC4, 0xE2, 0xAF, 0xBD, 0xE0, 0x45, 0x65, 0xB5, 0x14, 0x3D, 0xA2, 
        0x14, 0x3D, 0xA2, 0x14, 0x3D, 0xA2, 0x14, 0x3D, 0xA2, 0x43, 0x64, 0xB5, 0xAE, 0xBC, 0xDF, 0xB8, 0xC4, 0xE3, 0xB8, 0xC5, 0xE3, 0xB8, 0xC4, 0xE3, 0xB8, 0xC4, 0xE3, 0xB8, 0xC4, 0xE3, 0xB8, 0xC5, 0xE3, 0xB8, 0xC5, 0xE3, 0x5F, 0x7B, 0xC1, 
        0x11, 0x3B, 0xA2, 0x12, 0x3E, 0xA6, 0x14, 0x41, 0xA8, 0x12, 0x3F, 0xA8, 0x15, 0x42, 0xAB, 0x15, 0x42, 0xA9, 0x11, 0x3B, 0xA4, 0x11, 0x3E, 0xA6, 0x12, 0x41, 0xA9, 0x14, 0x41, 0xAA, 0x19, 0x4C, 0xB3, 0x19, 0x4A, 0xB2, 0x11, 0x3D, 0xA8, 
        0x2F, 0x6B, 0xC9, 0x53, 0x93, 0xDA, 0x3C, 0x7B, 0xD2, 0x1E, 0x52, 0xB9, 0x19, 0x4B, 0xB2, 0x1B, 0x4C, 0xB3, 0x20, 0x54, 0xBA, 0x24, 0x5B, 0xBF, 0x21, 0x58, 0xBC, 0x2B, 0x66, 0xC5, 0x2D, 0x69, 0xC7, 0x25, 0x5F, 0xC1, 0x2F, 0x6F, 0xCA, 
        0x53, 0x96, 0xDC, 0x57, 0x98, 0xDD, 0x3D, 0x81, 0xD4, 0x3C, 0x80, 0xD3, 0x43, 0x89, 0xD6, 0x48, 0x8C, 0xD7, 0x49, 0x8E, 0xD8, 0x4E, 0x92, 0xDA, 0x51, 0x95, 0xDB, 0x53, 0x98, 0xDC, 0x55, 0x9A, 0xDD, 0x56, 0x9B, 0xDD, 0x5C, 0x9C, 0xDD, 
        0x5A, 0x9B, 0xDC, 0x51, 0x94, 0xD9, 0x50, 0x91, 0xD7, 0x4D, 0x90, 0xD6, 0x49, 0x8C, 0xD5, 0x46, 0x89, 0xD5, 0x46, 0x89, 0xD5, 0x49, 0x8A, 0xD5, 0x45, 0x86, 0xD3, 0x41, 0x83, 0xD2, 0x40, 0x82, 0xD1, 0x3D, 0x80, 0xD1, 0x3D, 0x80, 0xD1, 
        0x3C, 0x7F, 0xD0, 0x3C, 0x7D, 0xCF, 0x3C, 0x7C, 0xCE, 0x39, 0x7A, 0xCE, 0x39, 0x7A, 0xCE, 0x39, 0x7C, 0xD0, 0x39, 0x7C, 0xCF, 0x38, 0x79, 0xCD, 0x35, 0x78, 0xCD, 0x35, 0x75, 0xCD, 0x38, 0x7A, 0xCD, 0x36, 0x78, 0xCD, 0x34, 0x78, 0xCC, 
        0x35, 0x78, 0xCC, 0x35, 0x77, 0xCC, 0x2B, 0x69, 0xB7,
  0x69, 0x96, 0xD5, 0x4C, 0x83, 0xCD, 0x4A, 0x80, 0xCD, 0x3B, 0x72, 0xC6, 0x33, 0x68, 0xC2, 0x2A, 0x5B, 0xBC, 0x29, 0x5A, 0xBC, 0x24, 0x52, 0xB7, 0x21, 0x4D, 0xB3, 0x1E, 0x4B, 0xB1, 0x1C, 0x48, 0xAE, 0x19, 0x42, 0xA9, 0x1A, 0x43, 0xAA, 0x19, 0x41, 0xA8, 
        0x19, 0x41, 0xA9, 0x19, 0x42, 0xA8, 0x1A, 0x43, 0xA9, 0x15, 0x3C, 0xA2, 0x15, 0x3C, 0xA2, 0x14, 0x3B, 0x9F, 0x16, 0x3E, 0xA3, 0x16, 0x3D, 0xA5, 0x15, 0x3A, 0xA1, 0x13, 0x38, 0x9F, 0x12, 0x37, 0x9E, 0x13, 0x37, 0x9E, 0x12, 0x38, 0x9E, 
        0x12, 0x39, 0x9E, 0x14, 0x3B, 0xA1, 0x12, 0x38, 0x9F, 0x10, 0x34, 0x9B, 0x11, 0x36, 0x9D, 0x12, 0x38, 0x9F, 0x12, 0x3A, 0x9F, 0x11, 0x38, 0x9D, 0x11, 0x37, 0x9B, 0x11, 0x38, 0x9E, 0x11, 0x36, 0x9C, 0x10, 0x36, 0x9C, 0x11, 0x37, 0x9C, 
        0x10, 0x36, 0x9A, 0x11, 0x37, 0x9A, 0x12, 0x38, 0x9C, 0x12, 0x38, 0x9C, 0x12, 0x39, 0x9E, 0x12, 0x39, 0x9C, 0x13, 0x3A, 0xA1, 0x12, 0x39, 0x9F, 0x11, 0x38, 0x9D, 0x12, 0x39, 0x9F, 0x14, 0x3D, 0xA1, 0x14, 0x3D, 0xA1, 0x15, 0x3D, 0xA2, 
        0x12, 0x3B, 0xA1, 0x17, 0x42, 0xA6, 0x17, 0x43, 0xA6, 0x14, 0x3E, 0xA1, 0x11, 0x37, 0x9E, 0x14, 0x3C, 0xA3, 0x14, 0x3E, 0xA2, 0x15, 0x3C, 0xA2, 0x12, 0x3A, 0x9E, 0x16, 0x3F, 0xA3, 0x18, 0x41, 0xA3, 0x14, 0x3D, 0xA0, 0x1F, 0x45, 0xA8, 
        0x35, 0x5E, 0xBC, 0x45, 0x78, 0xCC, 0x3A, 0x68, 0xBF, 0x60, 0x7E, 0xC0, 0xB3, 0xBF, 0xDD, 0xB7, 0xC3, 0xE0, 0xB9, 0xC4, 0xE2, 0xBA, 0xC5, 0xE4, 0xBC, 0xC8, 0xE6, 0xBA, 0xC6, 0xE4, 0x45, 0x66, 0xB7, 0x15, 0x3F, 0xA4, 0x16, 0x42, 0xA7, 
        0x15, 0x3F, 0xA6, 0x14, 0x3B, 0xA2, 0x14, 0x3D, 0xA2, 0x15, 0x3E, 0xA4, 0x44, 0x65, 0xB7, 0xB9, 0xC5, 0xE3, 0xB8, 0xC5, 0xE4, 0xB8, 0xC4, 0xE3, 0xB8, 0xC3, 0xE2, 0xB7, 0xC3, 0xE2, 0xB4, 0xC1, 0xE1, 0x5C, 0x78, 0xBF, 0x1D, 0x45, 0xA7, 
        0x11, 0x3B, 0xA2, 0x14, 0x41, 0xA7, 0x14, 0x3F, 0xA8, 0x11, 0x39, 0xA4, 0x12, 0x3D, 0xA7, 0x14, 0x41, 0xA9, 0x11, 0x3D, 0xA5, 0x14, 0x41, 0xA9, 0x15, 0x43, 0xAB, 0x12, 0x3E, 0xA9, 0x15, 0x43, 0xAD, 0x12, 0x3F, 0xA9, 0x15, 0x42, 0xAD, 
        0x1F, 0x52, 0xB9, 0x5C, 0x9A, 0xDD, 0x62, 0x9E, 0xDF, 0x23, 0x56, 0xBD, 0x1B, 0x4B, 0xB4, 0x21, 0x56, 0xBA, 0x20, 0x55, 0xB9, 0x25, 0x5D, 0xBF, 0x25, 0x5D, 0xBE, 0x2A, 0x66, 0xC4, 0x2B, 0x67, 0xC5, 0x2F, 0x6C, 0xC9, 0x47, 0x8C, 0xD8, 
        0x74, 0xAE, 0xE6, 0x6D, 0xA9, 0xE4, 0x42, 0x86, 0xD6, 0x3F, 0x83, 0xD5, 0x45, 0x8B, 0xD8, 0x4A, 0x8E, 0xD8, 0x4E, 0x91, 0xDA, 0x52, 0x95, 0xDB, 0x54, 0x98, 0xDC, 0x55, 0x98, 0xDD, 0x55, 0x99, 0xDE, 0x56, 0x99, 0xDC, 0x5C, 0x9C, 0xDC, 
        0x5E, 0x9E, 0xDD, 0x50, 0x91, 0xD7, 0x4D, 0x90, 0xD6, 0x4E, 0x8F, 0xD6, 0x49, 0x8B, 0xD4, 0x48, 0x8A, 0xD4, 0x45, 0x89, 0xD4, 0x45, 0x89, 0xD4, 0x41, 0x86, 0xD2, 0x40, 0x83, 0xD1, 0x41, 0x83, 0xD2, 0x40, 0x82, 0xD1, 0x3D, 0x80, 0xD1, 
        0x3C, 0x80, 0xD1, 0x3C, 0x7D, 0xCE, 0x3A, 0x7C, 0xCE, 0x3A, 0x7C, 0xCE, 0x39, 0x7A, 0xCE, 0x36, 0x79, 0xCD, 0x37, 0x79, 0xCE, 0x37, 0x7B, 0xCD, 0x36, 0x79, 0xCD, 0x36, 0x79, 0xCD, 0x38, 0x7A, 0xCD, 0x38, 0x7B, 0xCE, 0x36, 0x7A, 0xCD, 
        0x35, 0x78, 0xCC, 0x34, 0x77, 0xCB, 0x2A, 0x68, 0xB7,
  0x6D, 0x98, 0xD5, 0x4B, 0x81, 0xCE, 0x3C, 0x75, 0xCB, 0x32, 0x66, 0xC2, 0x2A, 0x5B, 0xBB, 0x27, 0x56, 0xB8, 0x24, 0x52, 0xB5, 0x25, 0x54, 0xB7, 0x20, 0x4B, 0xAF, 0x1C, 0x44, 0xAA, 0x1A, 0x41, 0xA8, 0x1B, 0x44, 0xAA, 0x19, 0x41, 0xA7, 0x16, 0x3D, 0xA3, 
        0x18, 0x3F, 0xA5, 0x17, 0x3E, 0xA6, 0x17, 0x3F, 0xA6, 0x17, 0x3F, 0xA4, 0x17, 0x3E, 0xA4, 0x15, 0x3B, 0xA1, 0x15, 0x3B, 0xA1, 0x16, 0x3C, 0xA1, 0x16, 0x3C, 0xA1, 0x14, 0x39, 0x9F, 0x15, 0x3A, 0xA1, 0x16, 0x3C, 0xA2, 0x14, 0x38, 0x9E, 
        0x12, 0x37, 0x9C, 0x13, 0x38, 0x9D, 0x15, 0x3A, 0xA0, 0x14, 0x3A, 0x9F, 0x13, 0x37, 0x9D, 0x13, 0x38, 0x9F, 0x14, 0x3B, 0x9F, 0x13, 0x39, 0x9D, 0x13, 0x3A, 0x9D, 0x12, 0x37, 0x9B, 0x0E, 0x32, 0x98, 0x11, 0x33, 0x9A, 0x13, 0x38, 0x9C, 
        0x13, 0x39, 0x9E, 0x12, 0x38, 0x9C, 0x12, 0x38, 0x9C, 0x12, 0x37, 0x9C, 0x11, 0x36, 0x9A, 0x12, 0x37, 0x9C, 0x15, 0x3D, 0xA2, 0x15, 0x3D, 0xA2, 0x11, 0x36, 0x9D, 0x17, 0x40, 0xA6, 0x18, 0x42, 0xA8, 0x14, 0x3C, 0xA1, 0x13, 0x3A, 0xA1, 
        0x14, 0x3C, 0xA1, 0x12, 0x38, 0x9D, 0x11, 0x37, 0x9B, 0x13, 0x38, 0x9F, 0x12, 0x37, 0x9D, 0x15, 0x3C, 0xA3, 0x15, 0x3B, 0xA3, 0x15, 0x3B, 0xA1, 0x16, 0x3B, 0xA1, 0x1C, 0x43, 0xA5, 0x23, 0x4D, 0xAD, 0x2B, 0x59, 0xB5, 0x43, 0x79, 0xCC, 
        0x3C, 0x72, 0xC9, 0x1D, 0x45, 0xA9, 0x10, 0x33, 0x98, 0x0E, 0x32, 0x97, 0x5C, 0x78, 0xBD, 0xBC, 0xCA, 0xE6, 0xB7, 0xC2, 0xE0, 0xB8, 0xC3, 0xE1, 0xBC, 0xCA, 0xE7, 0x99, 0xAB, 0xD9, 0x1A, 0x43, 0xA8, 0x1E, 0x47, 0xAB, 0x19, 0x43, 0xA8, 
        0x17, 0x3F, 0xA6, 0x18, 0x41, 0xA8, 0x14, 0x3B, 0xA4, 0x14, 0x3D, 0xA4, 0x15, 0x3E, 0xA6, 0x95, 0xA8, 0xD7, 0xB9, 0xC6, 0xE4, 0xB9, 0xC5, 0xE4, 0xB9, 0xC5, 0xE4, 0xB8, 0xC5, 0xE4, 0x5A, 0x77, 0xBE, 0x11, 0x3A, 0xA2, 0x11, 0x3A, 0xA2, 
        0x11, 0x3A, 0xA1, 0x11, 0x3A, 0xA1, 0x11, 0x3A, 0xA2, 0x12, 0x3B, 0xA2, 0x12, 0x3B, 0xA2, 0x12, 0x3D, 0xA4, 0x10, 0x3A, 0xA2, 0x10, 0x38, 0xA1, 0x14, 0x3F, 0xA7, 0x16, 0x45, 0xAD, 0x16, 0x43, 0xAC, 0x14, 0x3F, 0xA9, 0x19, 0x49, 0xB1, 
        0x15, 0x41, 0xAA, 0x21, 0x54, 0xB9, 0x2B, 0x64, 0xC3, 0x2B, 0x64, 0xC3, 0x3A, 0x78, 0xD0, 0x3C, 0x79, 0xD2, 0x33, 0x6D, 0xCC, 0x27, 0x5D, 0xBF, 0x25, 0x5C, 0xBF, 0x2E, 0x6A, 0xC8, 0x2D, 0x69, 0xC7, 0x31, 0x70, 0xCC, 0x57, 0x99, 0xDD, 
        0x77, 0xB1, 0xE7, 0x70, 0xAC, 0xE4, 0x4C, 0x8F, 0xD9, 0x41, 0x83, 0xD5, 0x4D, 0x8E, 0xD9, 0x53, 0x95, 0xDC, 0x4F, 0x94, 0xDB, 0x51, 0x95, 0xDB, 0x57, 0x99, 0xDC, 0x59, 0x9B, 0xDC, 0x59, 0x9A, 0xDC, 0x58, 0x9A, 0xDC, 0x51, 0x94, 0xD8, 
        0x51, 0x93, 0xD8, 0x53, 0x95, 0xD9, 0x4D, 0x8E, 0xD6, 0x4B, 0x8D, 0xD6, 0x4C, 0x8B, 0xD5, 0x48, 0x8A, 0xD4, 0x45, 0x87, 0xD3, 0x41, 0x86, 0xD3, 0x40, 0x84, 0xD2, 0x40, 0x83, 0xD1, 0x40, 0x82, 0xD1, 0x40, 0x82, 0xD1, 0x40, 0x82, 0xD1, 
        0x3C, 0x80, 0xD1, 0x3C, 0x7E, 0xCF, 0x3A, 0x7C, 0xCE, 0x3A, 0x7C, 0xCE, 0x3C, 0x7D, 0xCE, 0x3A, 0x7C, 0xCE, 0x3A, 0x7C, 0xCF, 0x39, 0x7B, 0xCE, 0x38, 0x79, 0xCD, 0x38, 0x79, 0xCD, 0x3B, 0x7C, 0xCF, 0x39, 0x7A, 0xCE, 0x37, 0x78, 0xCD, 
        0x36, 0x78, 0xCD, 0x35, 0x77, 0xCC, 0x2B, 0x69, 0xB7,
  0x6D, 0x98, 0xD5, 0x3A, 0x71, 0xC7, 0x33, 0x68, 0xC4, 0x2F, 0x62, 0xC0, 0x23, 0x51, 0xB3, 0x24, 0x51, 0xB5, 0x22, 0x4F, 0xB3, 0x25, 0x53, 0xB7, 0x23, 0x50, 0xB3, 0x1F, 0x49, 0xAF, 0x1B, 0x43, 0xAA, 0x1C, 0x44, 0xAA, 0x1A, 0x41, 0xA8, 0x19, 0x3F, 0xA7, 
        0x19, 0x41, 0xA5, 0x17, 0x3E, 0xA3, 0x16, 0x3D, 0xA3, 0x16, 0x3C, 0xA2, 0x15, 0x3B, 0xA1, 0x15, 0x3A, 0xA1, 0x15, 0x3A, 0xA1, 0x14, 0x39, 0x9D, 0x11, 0x35, 0x9B, 0x12, 0x36, 0x9C, 0x15, 0x3A, 0xA0, 0x15, 0x3A, 0xA0, 0x13, 0x37, 0x9C, 
        0x13, 0x38, 0x9E, 0x15, 0x3A, 0x9F, 0x14, 0x3A, 0x9F, 0x13, 0x38, 0x9F, 0x13, 0x38, 0x9F, 0x12, 0x36, 0x9D, 0x12, 0x37, 0x9B, 0x11, 0x36, 0x9A, 0x13, 0x38, 0x9B, 0x12, 0x37, 0x9B, 0x10, 0x35, 0x98, 0x13, 0x38, 0x9E, 0x14, 0x3A, 0x9F, 
        0x14, 0x3B, 0x9F, 0x13, 0x38, 0x9E, 0x14, 0x39, 0x9E, 0x14, 0x3B, 0x9F, 0x13, 0x38, 0x9E, 0x12, 0x38, 0x9E, 0x13, 0x39, 0xA0, 0x14, 0x3A, 0xA0, 0x13, 0x39, 0x9F, 0x17, 0x41, 0xA6, 0x17, 0x40, 0xA6, 0x14, 0x3C, 0xA2, 0x13, 0x39, 0xA1, 
        0x14, 0x3C, 0xA1, 0x12, 0x36, 0x9D, 0x11, 0x36, 0x9B, 0x14, 0x3A, 0xA1, 0x16, 0x3C, 0xA2, 0x17, 0x3E, 0xA3, 0x15, 0x38, 0xA0, 0x19, 0x3E, 0xA3, 0x1F, 0x47, 0xAA, 0x1C, 0x42, 0xA5, 0x26, 0x51, 0xB0, 0x36, 0x65, 0xBD, 0x36, 0x69, 0xC1, 
        0x1A, 0x44, 0xA8, 0x1F, 0x4C, 0xAE, 0x26, 0x59, 0xB7, 0x0F, 0x33, 0x98, 0x1F, 0x46, 0xA4, 0xB9, 0xC5, 0xE3, 0xB8, 0xC4, 0xE1, 0xB8, 0xC3, 0xE1, 0xB9, 0xC6, 0xE3, 0x75, 0x8F, 0xCC, 0x21, 0x4B, 0xAF, 0x20, 0x49, 0xAD, 0x1C, 0x45, 0xAA, 
        0x19, 0x43, 0xA9, 0x1D, 0x46, 0xAD, 0x18, 0x41, 0xA9, 0x16, 0x3F, 0xA8, 0x15, 0x3F, 0xA7, 0x70, 0x8A, 0xC9, 0xB9, 0xC5, 0xE4, 0xB9, 0xC5, 0xE4, 0xB9, 0xC5, 0xE4, 0xB9, 0xC5, 0xE4, 0x1D, 0x46, 0xA8, 0x14, 0x3E, 0xA5, 0x14, 0x3F, 0xA6, 
        0x12, 0x3D, 0xA4, 0x11, 0x3A, 0xA1, 0x11, 0x3A, 0xA1, 0x12, 0x3B, 0xA2, 0x12, 0x3B, 0xA2, 0x12, 0x3D, 0xA4, 0x12, 0x3E, 0xA5, 0x14, 0x3F, 0xA6, 0x15, 0x42, 0xA9, 0x15, 0x42, 0xAA, 0x15, 0x42, 0xAB, 0x17, 0x45, 0xAD, 0x16, 0x42, 0xAB, 
        0x18, 0x46, 0xAD, 0x16, 0x45, 0xAD, 0x20, 0x53, 0xB7, 0x46, 0x87, 0xD5, 0x4B, 0x8A, 0xD6, 0x4C, 0x8A, 0xD7, 0x48, 0x86, 0xD6, 0x30, 0x69, 0xC7, 0x2B, 0x62, 0xC4, 0x2F, 0x6A, 0xC9, 0x2F, 0x6A, 0xC9, 0x33, 0x72, 0xCC, 0x54, 0x97, 0xDC, 
        0x70, 0xAC, 0xE4, 0x69, 0xA6, 0xE2, 0x48, 0x8C, 0xD8, 0x43, 0x87, 0xD5, 0x5F, 0x9C, 0xDE, 0x5D, 0x9D, 0xE0, 0x54, 0x98, 0xDD, 0x57, 0x99, 0xDC, 0x5B, 0x9C, 0xDD, 0x5A, 0x9B, 0xDC, 0x5C, 0x9D, 0xDC, 0x60, 0x9F, 0xDE, 0x56, 0x97, 0xDA, 
        0x53, 0x94, 0xD8, 0x58, 0x97, 0xDB, 0x50, 0x90, 0xD7, 0x4D, 0x8E, 0xD6, 0x4D, 0x8C, 0xD6, 0x49, 0x89, 0xD4, 0x46, 0x87, 0xD4, 0x43, 0x86, 0xD3, 0x41, 0x84, 0xD2, 0x41, 0x84, 0xD2, 0x41, 0x84, 0xD1, 0x41, 0x83, 0xD2, 0x40, 0x80, 0xD1, 
        0x3D, 0x7E, 0xCF, 0x3A, 0x7B, 0xCF, 0x39, 0x7A, 0xCE, 0x39, 0x79, 0xCE, 0x39, 0x79, 0xCD, 0x3A, 0x7C, 0xCE, 0x3A, 0x7C, 0xCE, 0x39, 0x7A, 0xCE, 0x38, 0x78, 0xCE, 0x38, 0x79, 0xCD, 0x39, 0x7B, 0xCD, 0x38, 0x79, 0xCD, 0x36, 0x78, 0xCD, 
        0x37, 0x78, 0xCD, 0x36, 0x78, 0xCD, 0x2C, 0x6A, 0xB7,
  0x61, 0x8D, 0xCF, 0x31, 0x63, 0xBF, 0x2C, 0x5D, 0xBC, 0x2D, 0x5E, 0xBC, 0x22, 0x4E, 0xB1, 0x1F, 0x48, 0xAE, 0x1F, 0x47, 0xAE, 0x1E, 0x47, 0xAC, 0x1B, 0x43, 0xA9, 0x1B, 0x44, 0xA9, 0x19, 0x3F, 0xA5, 0x19, 0x3D, 0xA5, 0x17, 0x3C, 0xA3, 0x18, 0x3D, 0xA3, 
        0x18, 0x3E, 0xA3, 0x17, 0x3D, 0xA1, 0x16, 0x3B, 0xA1, 0x16, 0x3B, 0xA1, 0x15, 0x3A, 0xA1, 0x13, 0x37, 0x9D, 0x13, 0x37, 0x9D, 0x12, 0x36, 0x9B, 0x12, 0x36, 0x9B, 0x13, 0x38, 0x9D, 0x15, 0x39, 0x9F, 0x14, 0x39, 0x9E, 0x15, 0x3A, 0xA0, 
        0x15, 0x3A, 0x9E, 0x16, 0x3C, 0xA1, 0x13, 0x38, 0x9C, 0x12, 0x35, 0x9A, 0x14, 0x39, 0x9F, 0x14, 0x39, 0x9F, 0x12, 0x35, 0x9B, 0x12, 0x36, 0x9B, 0x12, 0x37, 0x9B, 0x11, 0x36, 0x9A, 0x13, 0x37, 0x9B, 0x14, 0x3B, 0x9F, 0x13, 0x37, 0x9E, 
        0x11, 0x35, 0x9A, 0x11, 0x36, 0x9A, 0x13, 0x39, 0x9E, 0x15, 0x3C, 0xA0, 0x15, 0x3C, 0xA0, 0x14, 0x3B, 0x9F, 0x15, 0x3C, 0xA2, 0x16, 0x3D, 0xA3, 0x18, 0x41, 0xA5, 0x16, 0x3D, 0xA3, 0x14, 0x3A, 0xA1, 0x16, 0x3E, 0xA4, 0x16, 0x3E, 0xA4, 
        0x15, 0x3C, 0xA1, 0x13, 0x39, 0x9F, 0x14, 0x39, 0x9F, 0x14, 0x3A, 0x9F, 0x16, 0x3E, 0xA2, 0x17, 0x3E, 0xA3, 0x19, 0x3E, 0xA1, 0x1C, 0x42, 0xA5, 0x21, 0x4A, 0xAC, 0x28, 0x55, 0xB3, 0x3C, 0x6E, 0xC5, 0x38, 0x69, 0xC1, 0x14, 0x36, 0x9C, 
        0x0E, 0x2E, 0x94, 0x21, 0x4F, 0xB0, 0x26, 0x59, 0xB7, 0x10, 0x34, 0x98, 0x1A, 0x3E, 0x9D, 0xB8, 0xC4, 0xE2, 0xB8, 0xC4, 0xE2, 0xB8, 0xC4, 0xE1, 0xB7, 0xC2, 0xE0, 0x75, 0x90, 0xCC, 0x26, 0x53, 0xB6, 0x20, 0x48, 0xAD, 0x1D, 0x44, 0xAA, 
        0x1F, 0x47, 0xAD, 0x1F, 0x49, 0xAF, 0x1D, 0x46, 0xAD, 0x1B, 0x46, 0xAD, 0x18, 0x41, 0xA9, 0x72, 0x8B, 0xCA, 0xBA, 0xC6, 0xE5, 0xB9, 0xC5, 0xE4, 0xB9, 0xC5, 0xE4, 0xB9, 0xC5, 0xE3, 0x22, 0x48, 0xA8, 0x12, 0x3D, 0xA4, 0x12, 0x3B, 0xA2, 
        0x12, 0x3B, 0xA2, 0x12, 0x3D, 0xA4, 0x14, 0x3E, 0xA5, 0x14, 0x3E, 0xA4, 0x14, 0x3D, 0xA4, 0x12, 0x3D, 0xA2, 0x14, 0x3F, 0xA6, 0x17, 0x45, 0xAA, 0x16, 0x42, 0xA9, 0x12, 0x3B, 0xA4, 0x12, 0x3D, 0xA6, 0x18, 0x43, 0xAC, 0x14, 0x3F, 0xA9, 
        0x1A, 0x49, 0xB0, 0x1A, 0x47, 0xB0, 0x1C, 0x4A, 0xB1, 0x39, 0x74, 0xCE, 0x51, 0x8E, 0xD9, 0x48, 0x87, 0xD6, 0x37, 0x72, 0xCE, 0x2D, 0x64, 0xC5, 0x2D, 0x64, 0xC4, 0x31, 0x6C, 0xC9, 0x33, 0x70, 0xCC, 0x36, 0x75, 0xCF, 0x42, 0x86, 0xD4, 
        0x48, 0x8C, 0xD7, 0x48, 0x8C, 0xD7, 0x47, 0x8A, 0xD7, 0x4B, 0x8D, 0xD8, 0x4F, 0x90, 0xD9, 0x55, 0x98, 0xDD, 0x57, 0x99, 0xDD, 0x5A, 0x9A, 0xDD, 0x5A, 0x9A, 0xDC, 0x57, 0x98, 0xDB, 0x58, 0x99, 0xDB, 0x5F, 0x9D, 0xDC, 0x59, 0x98, 0xDB, 
        0x53, 0x94, 0xD8, 0x55, 0x94, 0xDA, 0x50, 0x8F, 0xD7, 0x4D, 0x8D, 0xD6, 0x4C, 0x8B, 0xD5, 0x47, 0x88, 0xD4, 0x47, 0x87, 0xD3, 0x45, 0x86, 0xD3, 0x43, 0x84, 0xD2, 0x43, 0x84, 0xD2, 0x43, 0x84, 0xD3, 0x41, 0x84, 0xD2, 0x3E, 0x80, 0xD1, 
        0x3E, 0x80, 0xD1, 0x3D, 0x7D, 0xCF, 0x3D, 0x80, 0xD1, 0x47, 0x88, 0xD4, 0x40, 0x82, 0xD1, 0x39, 0x7A, 0xCE, 0x39, 0x7A, 0xCE, 0x39, 0x79, 0xCD, 0x3A, 0x7A, 0xCE, 0x39, 0x79, 0xCE, 0x39, 0x78, 0xCC, 0x38, 0x79, 0xCD, 0x38, 0x7B, 0xCD, 
        0x38, 0x78, 0xCD, 0x38, 0x7A, 0xCD, 0x2C, 0x6B, 0xB8,
  0x58, 0x80, 0xC9, 0x2D, 0x5E, 0xBC, 0x28, 0x55, 0xB6, 0x29, 0x57, 0xB7, 0x21, 0x4A, 0xAD, 0x20, 0x48, 0xAE, 0x1F, 0x47, 0xAE, 0x1B, 0x42, 0xA9, 0x18, 0x3E, 0xA2, 0x1B, 0x42, 0xA7, 0x18, 0x3D, 0xA2, 0x17, 0x3C, 0xA2, 0x16, 0x38, 0x9E, 0x16, 0x38, 0x9F, 
        0x16, 0x38, 0x9E, 0x16, 0x3A, 0x9E, 0x17, 0x3B, 0xA0, 0x17, 0x3B, 0xA0, 0x16, 0x3A, 0xA1, 0x15, 0x37, 0x9D, 0x13, 0x37, 0x9C, 0x15, 0x39, 0x9D, 0x17, 0x3C, 0xA1, 0x17, 0x3C, 0xA1, 0x12, 0x36, 0x9B, 0x12, 0x34, 0x9A, 0x15, 0x38, 0x9E, 
        0x14, 0x38, 0x9C, 0x14, 0x38, 0x9C, 0x14, 0x37, 0x9C, 0x13, 0x37, 0x9A, 0x13, 0x36, 0x9A, 0x14, 0x38, 0x9D, 0x15, 0x39, 0x9F, 0x16, 0x3A, 0x9F, 0x14, 0x38, 0x9D, 0x13, 0x36, 0x9B, 0x14, 0x39, 0x9D, 0x14, 0x37, 0x9B, 0x12, 0x36, 0x9A, 
        0x14, 0x3A, 0x9F, 0x15, 0x3B, 0xA0, 0x15, 0x3C, 0xA0, 0x15, 0x3B, 0x9F, 0x15, 0x3C, 0xA0, 0x16, 0x3D, 0xA0, 0x19, 0x43, 0xA7, 0x18, 0x40, 0xA5, 0x1A, 0x44, 0xA9, 0x19, 0x43, 0xA7, 0x1A, 0x43, 0xA8, 0x19, 0x42, 0xA8, 0x15, 0x3C, 0xA1, 
        0x13, 0x38, 0x9D, 0x13, 0x38, 0x9D, 0x16, 0x3C, 0xA1, 0x16, 0x3A, 0xA1, 0x19, 0x3F, 0xA4, 0x1A, 0x42, 0xA6, 0x1B, 0x40, 0xA2, 0x1F, 0x48, 0xA8, 0x2D, 0x5A, 0xB7, 0x43, 0x7A, 0xCD, 0x38, 0x6B, 0xC4, 0x14, 0x36, 0x9A, 0x11, 0x33, 0x98, 
        0x15, 0x3A, 0xA0, 0x12, 0x35, 0x9C, 0x11, 0x35, 0x9A, 0x14, 0x3B, 0x9E, 0x5A, 0x77, 0xBC, 0xB8, 0xC4, 0xE1, 0xB8, 0xC4, 0xE2, 0xB9, 0xC5, 0xE3, 0xB8, 0xC4, 0xE1, 0x95, 0xA7, 0xD4, 0x28, 0x56, 0xB6, 0x35, 0x66, 0xC3, 0x29, 0x56, 0xB7, 
        0x28, 0x54, 0xB6, 0x26, 0x53, 0xB4, 0x21, 0x4C, 0xB1, 0x1F, 0x49, 0xAF, 0x1A, 0x43, 0xAB, 0x97, 0xAA, 0xD8, 0xBA, 0xC6, 0xE5, 0xBA, 0xC6, 0xE4, 0xB9, 0xC6, 0xE4, 0xB9, 0xC5, 0xE4, 0x5C, 0x79, 0xC0, 0x14, 0x3D, 0xA4, 0x12, 0x3A, 0xA1, 
        0x12, 0x3B, 0xA2, 0x15, 0x3F, 0xA6, 0x15, 0x41, 0xA6, 0x14, 0x3E, 0xA4, 0x12, 0x3A, 0xA1, 0x12, 0x3A, 0xA2, 0x14, 0x3E, 0xA4, 0x14, 0x3E, 0xA6, 0x14, 0x3F, 0xA6, 0x14, 0x3F, 0xA7, 0x16, 0x42, 0xA9, 0x19, 0x47, 0xAF, 0x18, 0x46, 0xAF, 
        0x16, 0x42, 0xAB, 0x19, 0x46, 0xAF, 0x19, 0x46, 0xAF, 0x20, 0x51, 0xB7, 0x3C, 0x79, 0xD0, 0x37, 0x71, 0xCD, 0x29, 0x5E, 0xC0, 0x2A, 0x60, 0xC2, 0x30, 0x69, 0xC8, 0x35, 0x70, 0xCC, 0x39, 0x76, 0xCF, 0x39, 0x78, 0xCF, 0x3D, 0x7C, 0xD2, 
        0x42, 0x84, 0xD4, 0x43, 0x87, 0xD5, 0x49, 0x8C, 0xD7, 0x50, 0x93, 0xD9, 0x54, 0x96, 0xDB, 0x59, 0x9A, 0xDD, 0x57, 0x99, 0xDD, 0x5C, 0x9C, 0xDE, 0x60, 0x9F, 0xDE, 0x5C, 0x9C, 0xDB, 0x57, 0x98, 0xDA, 0x57, 0x98, 0xDA, 0x55, 0x96, 0xD8, 
        0x4F, 0x8F, 0xD7, 0x4F, 0x8F, 0xD7, 0x4D, 0x8D, 0xD6, 0x4D, 0x8C, 0xD6, 0x4B, 0x8A, 0xD4, 0x49, 0x88, 0xD3, 0x47, 0x88, 0xD3, 0x46, 0x84, 0xD2, 0x41, 0x83, 0xD2, 0x41, 0x83, 0xD1, 0x41, 0x81, 0xD0, 0x41, 0x83, 0xD2, 0x3E, 0x81, 0xCF, 
        0x3E, 0x80, 0xCF, 0x3D, 0x7E, 0xCF, 0x40, 0x80, 0xD1, 0x4B, 0x8C, 0xD5, 0x42, 0x83, 0xD2, 0x3A, 0x7A, 0xCE, 0x3A, 0x7A, 0xCE, 0x3A, 0x7A, 0xCE, 0x3C, 0x7C, 0xCF, 0x3C, 0x7C, 0xCF, 0x39, 0x78, 0xCE, 0x38, 0x78, 0xCD, 0x38, 0x78, 0xCD, 
        0x38, 0x78, 0xCD, 0x38, 0x77, 0xCD, 0x2E, 0x6A, 0xB7,
  0x56, 0x7B, 0xC8, 0x2E, 0x5D, 0xBC, 0x25, 0x51, 0xB1, 0x24, 0x4E, 0xB1, 0x1F, 0x47, 0xAB, 0x1E, 0x45, 0xAC, 0x1C, 0x44, 0xAB, 0x1C, 0x44, 0xA9, 0x1A, 0x40, 0xA6, 0x1B, 0x42, 0xA6, 0x18, 0x3C, 0xA2, 0x18, 0x3D, 0xA2, 0x18, 0x3C, 0xA2, 0x19, 0x3D, 0xA3, 
        0x17, 0x3C, 0xA0, 0x16, 0x39, 0x9E, 0x15, 0x39, 0x9D, 0x15, 0x39, 0x9D, 0x15, 0x39, 0x9E, 0x16, 0x3A, 0x9F, 0x15, 0x38, 0x9D, 0x13, 0x36, 0x9A, 0x15, 0x38, 0x9C, 0x15, 0x3A, 0x9D, 0x15, 0x38, 0x9C, 0x12, 0x34, 0x98, 0x13, 0x35, 0x9A, 
        0x16, 0x3A, 0x9E, 0x15, 0x38, 0x9D, 0x16, 0x3A, 0x9E, 0x15, 0x39, 0x9E, 0x12, 0x35, 0x9A, 0x13, 0x37, 0x9C, 0x15, 0x3A, 0x9F, 0x16, 0x3A, 0x9F, 0x14, 0x37, 0x9D, 0x14, 0x37, 0x9D, 0x15, 0x3A, 0x9F, 0x14, 0x38, 0x9D, 0x13, 0x36, 0x9B, 
        0x14, 0x39, 0x9D, 0x15, 0x3B, 0xA0, 0x15, 0x3A, 0x9F, 0x15, 0x3B, 0x9F, 0x17, 0x3D, 0xA2, 0x19, 0x40, 0xA3, 0x17, 0x3D, 0xA2, 0x14, 0x37, 0x9C, 0x16, 0x3C, 0xA1, 0x15, 0x3B, 0x9F, 0x17, 0x3E, 0xA2, 0x17, 0x3E, 0xA3, 0x15, 0x3A, 0xA1, 
        0x15, 0x39, 0x9F, 0x15, 0x39, 0x9F, 0x19, 0x3E, 0xA3, 0x19, 0x3D, 0xA3, 0x1A, 0x3E, 0xA4, 0x1D, 0x44, 0xA8, 0x1E, 0x43, 0xA3, 0x28, 0x52, 0xAF, 0x5F, 0x92, 0xD6, 0x3F, 0x74, 0xC8, 0x12, 0x36, 0x9A, 0x12, 0x35, 0x98, 0x15, 0x3A, 0x9E, 
        0x15, 0x3A, 0xA0, 0x14, 0x38, 0x9E, 0x1D, 0x41, 0xA1, 0x60, 0x7A, 0xBD, 0xB5, 0xC2, 0xE1, 0xB8, 0xC4, 0xE1, 0xB8, 0xC5, 0xE2, 0xB8, 0xC5, 0xE2, 0xB9, 0xC5, 0xE3, 0xB8, 0xC2, 0xE0, 0x4D, 0x70, 0xBF, 0x3B, 0x6F, 0xC7, 0x32, 0x61, 0xBE, 
        0x2B, 0x58, 0xB9, 0x2A, 0x56, 0xB8, 0x25, 0x4E, 0xB2, 0x21, 0x4C, 0xB0, 0x4D, 0x6E, 0xBF, 0xBC, 0xC8, 0xE7, 0xBA, 0xC7, 0xE5, 0xBA, 0xC7, 0xE5, 0xBA, 0xC7, 0xE5, 0xBA, 0xC6, 0xE5, 0xB6, 0xC3, 0xE3, 0x60, 0x7D, 0xC2, 0x1F, 0x46, 0xA8, 
        0x14, 0x3D, 0xA4, 0x14, 0x3D, 0xA4, 0x14, 0x3B, 0xA4, 0x12, 0x3A, 0xA2, 0x12, 0x3A, 0xA2, 0x15, 0x3F, 0xA5, 0x15, 0x3F, 0xA5, 0x11, 0x39, 0xA0, 0x14, 0x3D, 0xA4, 0x15, 0x3F, 0xA7, 0x15, 0x3F, 0xA6, 0x15, 0x3F, 0xA8, 0x16, 0x41, 0xA9, 
        0x17, 0x42, 0xAB, 0x1C, 0x4A, 0xB2, 0x16, 0x41, 0xA9, 0x1A, 0x49, 0xB0, 0x20, 0x51, 0xB6, 0x2B, 0x61, 0xC2, 0x30, 0x67, 0xC6, 0x31, 0x6A, 0xC7, 0x34, 0x6D, 0xCB, 0x39, 0x73, 0xCE, 0x3B, 0x79, 0xCF, 0x3E, 0x7C, 0xD1, 0x42, 0x81, 0xD3, 
        0x4C, 0x8A, 0xD7, 0x4D, 0x8D, 0xD8, 0x4D, 0x8F, 0xD8, 0x51, 0x93, 0xD9, 0x5D, 0x9E, 0xDD, 0x5F, 0xA0, 0xDF, 0x5A, 0x9B, 0xDD, 0x5D, 0x9D, 0xDD, 0x64, 0xA1, 0xDF, 0x61, 0x9F, 0xDD, 0x5A, 0x99, 0xDA, 0x56, 0x96, 0xD8, 0x53, 0x94, 0xD8, 
        0x50, 0x90, 0xD7, 0x4F, 0x8F, 0xD7, 0x50, 0x8E, 0xD6, 0x4E, 0x8D, 0xD6, 0x4C, 0x8A, 0xD5, 0x49, 0x88, 0xD3, 0x49, 0x88, 0xD3, 0x46, 0x85, 0xD2, 0x44, 0x83, 0xD1, 0x41, 0x81, 0xD0, 0x40, 0x7F, 0xD0, 0x40, 0x81, 0xD0, 0x40, 0x7F, 0xD0, 
        0x3E, 0x7F, 0xCF, 0x3D, 0x7D, 0xCE, 0x3D, 0x7D, 0xCF, 0x43, 0x83, 0xD1, 0x3D, 0x7E, 0xCF, 0x3A, 0x7D, 0xCF, 0x3C, 0x7C, 0xCE, 0x3C, 0x7D, 0xCE, 0x3C, 0x7D, 0xCE, 0x3C, 0x7D, 0xCE, 0x3C, 0x7C, 0xCE, 0x39, 0x79, 0xCE, 0x38, 0x78, 0xCD, 
        0x38, 0x78, 0xCC, 0x37, 0x76, 0xCC, 0x2D, 0x69, 0xB7,
  0x53, 0x78, 0xC6, 0x20, 0x48, 0xAC, 0x1B, 0x41, 0xA5, 0x21, 0x4A, 0xAD, 0x20, 0x47, 0xAC, 0x1E, 0x45, 0xAA, 0x18, 0x3B, 0xA3, 0x1A, 0x3E, 0xA6, 0x17, 0x3B, 0xA0, 0x17, 0x3B, 0xA0, 0x16, 0x39, 0x9F, 0x18, 0x3B, 0xA1, 0x17, 0x3B, 0xA0, 0x17, 0x3B, 0xA0, 
        0x17, 0x3B, 0x9F, 0x16, 0x39, 0x9E, 0x15, 0x35, 0x9B, 0x15, 0x36, 0x9A, 0x15, 0x38, 0x9B, 0x15, 0x36, 0x9B, 0x15, 0x38, 0x9C, 0x15, 0x39, 0x9C, 0x15, 0x38, 0x9C, 0x14, 0x37, 0x9B, 0x14, 0x37, 0x9B, 0x13, 0x36, 0x99, 0x12, 0x33, 0x98, 
        0x14, 0x37, 0x9A, 0x14, 0x37, 0x9A, 0x13, 0x35, 0x9A, 0x12, 0x33, 0x98, 0x12, 0x33, 0x97, 0x13, 0x35, 0x98, 0x14, 0x37, 0x9A, 0x15, 0x38, 0x9D, 0x14, 0x37, 0x9D, 0x16, 0x39, 0x9F, 0x16, 0x3A, 0x9F, 0x14, 0x38, 0x9D, 0x16, 0x3A, 0x9F, 
        0x14, 0x39, 0x9D, 0x13, 0x37, 0x9B, 0x13, 0x37, 0x9E, 0x17, 0x3C, 0xA1, 0x18, 0x3E, 0xA3, 0x15, 0x3B, 0x9F, 0x14, 0x38, 0x9E, 0x13, 0x37, 0x9C, 0x17, 0x3D, 0xA2, 0x16, 0x3C, 0xA0, 0x17, 0x3C, 0xA1, 0x13, 0x38, 0x9C, 0x13, 0x36, 0x9B, 
        0x16, 0x3A, 0x9F, 0x17, 0x3A, 0x9F, 0x1B, 0x41, 0xA6, 0x1D, 0x43, 0xA8, 0x1A, 0x3E, 0xA4, 0x1E, 0x43, 0xA8, 0x3B, 0x69, 0xBE, 0x5C, 0x8E, 0xD3, 0x42, 0x78, 0xC8, 0x13, 0x36, 0x96, 0x10, 0x32, 0x97, 0x12, 0x3A, 0x9C, 0x14, 0x3B, 0xA0, 
        0x19, 0x3F, 0xA3, 0x14, 0x37, 0x9E, 0x5C, 0x76, 0xBC, 0xB9, 0xC5, 0xE3, 0xB8, 0xC4, 0xE2, 0xB8, 0xC4, 0xE1, 0xB8, 0xC5, 0xE2, 0xB9, 0xC6, 0xE3, 0xB9, 0xC5, 0xE3, 0xB8, 0xC2, 0xE1, 0xAF, 0xBB, 0xDD, 0x59, 0x80, 0xCA, 0x40, 0x73, 0xC9, 
        0x30, 0x5B, 0xBB, 0x30, 0x5B, 0xBC, 0x28, 0x53, 0xB6, 0x51, 0x74, 0xC3, 0xB5, 0xC3, 0xE5, 0xBC, 0xC9, 0xE7, 0xBC, 0xC9, 0xE7, 0xBC, 0xC8, 0xE7, 0xBA, 0xC8, 0xE6, 0xBA, 0xC6, 0xE5, 0xB9, 0xC6, 0xE4, 0xB9, 0xC5, 0xE4, 0x5D, 0x79, 0xC1, 
        0x15, 0x3E, 0xA6, 0x14, 0x3D, 0xA4, 0x14, 0x3B, 0xA2, 0x14, 0x3B, 0xA2, 0x15, 0x3E, 0xA6, 0x15, 0x3F, 0xA6, 0x12, 0x3A, 0xA0, 0x11, 0x39, 0xA0, 0x14, 0x3D, 0xA2, 0x14, 0x3E, 0xA5, 0x14, 0x3E, 0xA6, 0x15, 0x3F, 0xA8, 0x14, 0x3B, 0xA6, 
        0x1A, 0x47, 0xB1, 0x20, 0x50, 0xB6, 0x15, 0x3F, 0xA9, 0x19, 0x45, 0xAF, 0x17, 0x43, 0xAC, 0x23, 0x54, 0xB8, 0x33, 0x6B, 0xC8, 0x36, 0x6E, 0xCB, 0x36, 0x70, 0xCB, 0x3B, 0x78, 0xD0, 0x3E, 0x7C, 0xD2, 0x43, 0x82, 0xD3, 0x49, 0x86, 0xD5, 
        0x4D, 0x8A, 0xD7, 0x51, 0x8D, 0xD8, 0x57, 0x96, 0xDB, 0x58, 0x99, 0xDC, 0x57, 0x9A, 0xDC, 0x5D, 0x9E, 0xDE, 0x5B, 0x9C, 0xDD, 0x5B, 0x9C, 0xDC, 0x5E, 0x9D, 0xDD, 0x5D, 0x9B, 0xDB, 0x5A, 0x99, 0xDA, 0x59, 0x98, 0xD8, 0x54, 0x92, 0xD7, 
        0x52, 0x91, 0xD7, 0x50, 0x90, 0xD7, 0x4F, 0x8E, 0xD6, 0x4C, 0x8A, 0xD4, 0x4A, 0x88, 0xD4, 0x49, 0x87, 0xD4, 0x49, 0x87, 0xD3, 0x47, 0x85, 0xD2, 0x46, 0x85, 0xD2, 0x44, 0x81, 0xD0, 0x41, 0x81, 0xD0, 0x40, 0x7F, 0xD0, 0x40, 0x7F, 0xD0, 
        0x3D, 0x7C, 0xCF, 0x3D, 0x7C, 0xCE, 0x40, 0x7E, 0xCF, 0x40, 0x7E, 0xCF, 0x3E, 0x7D, 0xCF, 0x3A, 0x7B, 0xCF, 0x3C, 0x7D, 0xCF, 0x3C, 0x7C, 0xCE, 0x3C, 0x7A, 0xCE, 0x3A, 0x7A, 0xCD, 0x3C, 0x7C, 0xCE, 0x3C, 0x7C, 0xCE, 0x39, 0x7B, 0xCE, 
        0x39, 0x79, 0xCD, 0x38, 0x76, 0xCC, 0x2C, 0x69, 0xB7,
  0x4E, 0x70, 0xBF, 0x20, 0x48, 0xAA, 0x21, 0x48, 0xAC, 0x24, 0x4C, 0xAF, 0x1F, 0x46, 0xAA, 0x1B, 0x41, 0xA5, 0x16, 0x36, 0x9C, 0x17, 0x39, 0x9E, 0x1A, 0x3F, 0xA2, 0x18, 0x3B, 0xA0, 0x17, 0x3A, 0x9F, 0x19, 0x3C, 0xA1, 0x18, 0x3A, 0x9F, 0x17, 0x39, 0x9F, 
        0x16, 0x38, 0x9E, 0x15, 0x34, 0x9A, 0x13, 0x33, 0x99, 0x15, 0x35, 0x9B, 0x15, 0x36, 0x9C, 0x15, 0x38, 0x9D, 0x16, 0x38, 0x9C, 0x16, 0x39, 0x9D, 0x16, 0x3A, 0x9F, 0x15, 0x37, 0x9C, 0x15, 0x37, 0x9C, 0x16, 0x39, 0x9D, 0x13, 0x35, 0x9B, 
        0x11, 0x31, 0x96, 0x15, 0x37, 0x9C, 0x14, 0x36, 0x9A, 0x14, 0x36, 0x9A, 0x16, 0x38, 0x9D, 0x15, 0x37, 0x9C, 0x14, 0x37, 0x9C, 0x14, 0x37, 0x9C, 0x14, 0x37, 0x9D, 0x15, 0x39, 0x9F, 0x16, 0x39, 0x9F, 0x14, 0x37, 0x9D, 0x16, 0x3A, 0x9F, 
        0x16, 0x3A, 0x9F, 0x15, 0x39, 0x9F, 0x14, 0x37, 0x9D, 0x17, 0x3D, 0xA3, 0x1C, 0x43, 0xA8, 0x18, 0x3D, 0xA3, 0x19, 0x40, 0xA5, 0x17, 0x3C, 0xA2, 0x15, 0x39, 0xA0, 0x16, 0x3B, 0xA0, 0x16, 0x3B, 0xA0, 0x15, 0x38, 0x9E, 0x16, 0x3A, 0x9F, 
        0x18, 0x3D, 0xA1, 0x1A, 0x3F, 0xA4, 0x1C, 0x41, 0xA4, 0x1D, 0x42, 0xA6, 0x20, 0x45, 0xA8, 0x29, 0x53, 0xB2, 0x67, 0x95, 0xD8, 0x53, 0x86, 0xD1, 0x0F, 0x2D, 0x90, 0x11, 0x32, 0x95, 0x1A, 0x42, 0xA3, 0x14, 0x38, 0x9E, 0x12, 0x36, 0x9C, 
        0x15, 0x3A, 0x9E, 0x15, 0x3A, 0x9E, 0x24, 0x46, 0xA3, 0xB6, 0xC2, 0xE1, 0xB9, 0xC5, 0xE2, 0xB9, 0xC5, 0xE3, 0xB9, 0xC5, 0xE3, 0xB9, 0xC5, 0xE3, 0xB9, 0xC5, 0xE3, 0xB9, 0xC5, 0xE3, 0xB8, 0xC2, 0xE0, 0xBA, 0xC5, 0xE3, 0xA1, 0xB6, 0xE0, 
        0x88, 0xA7, 0xDD, 0x87, 0xA5, 0xDC, 0xA2, 0xB6, 0xE1, 0xC0, 0xCD, 0xEA, 0xBF, 0xCB, 0xE9, 0xBE, 0xCA, 0xE8, 0xBD, 0xCA, 0xE8, 0xBC, 0xC8, 0xE7, 0xBB, 0xC7, 0xE6, 0xBA, 0xC7, 0xE5, 0xBA, 0xC6, 0xE5, 0xB7, 0xC4, 0xE4, 0x26, 0x4D, 0xAC, 
        0x15, 0x3E, 0xA5, 0x16, 0x3E, 0xA6, 0x15, 0x3E, 0xA6, 0x15, 0x3E, 0xA5, 0x15, 0x3E, 0xA5, 0x14, 0x3D, 0xA2, 0x12, 0x3A, 0xA0, 0x14, 0x3B, 0xA2, 0x14, 0x3D, 0xA4, 0x14, 0x3B, 0xA2, 0x14, 0x3B, 0xA2, 0x15, 0x3E, 0xA6, 0x15, 0x3F, 0xA7, 
        0x16, 0x42, 0xA9, 0x1A, 0x47, 0xAF, 0x1B, 0x49, 0xAF, 0x1D, 0x4C, 0xB2, 0x19, 0x45, 0xAD, 0x1F, 0x4E, 0xB4, 0x33, 0x6A, 0xC7, 0x3C, 0x77, 0xD0, 0x3A, 0x76, 0xCE, 0x40, 0x7D, 0xD2, 0x41, 0x7E, 0xD2, 0x48, 0x84, 0xD5, 0x4B, 0x87, 0xD5, 
        0x50, 0x8D, 0xD7, 0x53, 0x91, 0xD8, 0x56, 0x96, 0xDB, 0x57, 0x99, 0xDC, 0x5A, 0x9B, 0xDD, 0x5E, 0x9E, 0xDD, 0x60, 0xA0, 0xDD, 0x66, 0xA4, 0xE0, 0x60, 0x9E, 0xDD, 0x57, 0x96, 0xD9, 0x5A, 0x98, 0xD9, 0x55, 0x95, 0xD9, 0x4B, 0x8F, 0xD6, 
        0x4E, 0x90, 0xD7, 0x4D, 0x8E, 0xD6, 0x4D, 0x8D, 0xD5, 0x4C, 0x88, 0xD4, 0x49, 0x85, 0xD3, 0x49, 0x87, 0xD3, 0x49, 0x87, 0xD3, 0x47, 0x85, 0xD2, 0x47, 0x85, 0xD2, 0x46, 0x84, 0xD2, 0x46, 0x81, 0xD0, 0x41, 0x81, 0xD0, 0x3E, 0x7F, 0xD0, 
        0x45, 0x86, 0xD2, 0x43, 0x84, 0xD2, 0x3D, 0x7E, 0xCE, 0x3D, 0x7B, 0xCE, 0x3D, 0x7B, 0xCE, 0x3D, 0x7B, 0xCE, 0x3C, 0x7B, 0xCE, 0x3D, 0x7D, 0xCF, 0x3C, 0x7C, 0xCE, 0x3C, 0x7A, 0xCD, 0x3A, 0x79, 0xCD, 0x3A, 0x7A, 0xCD, 0x3C, 0x7D, 0xCE, 
        0x39, 0x79, 0xCD, 0x39, 0x79, 0xCC, 0x2E, 0x6D, 0xB8,
  0x50, 0x74, 0xC2, 0x27, 0x52, 0xB1, 0x20, 0x48, 0xAA, 0x20, 0x45, 0xAA, 0x1E, 0x42, 0xA7, 0x1B, 0x40, 0xA3, 0x1D, 0x42, 0xA5, 0x1B, 0x3E, 0xA1, 0x19, 0x3B, 0x9E, 0x17, 0x39, 0x9D, 0x16, 0x36, 0x9B, 0x17, 0x39, 0x9D, 0x16, 0x37, 0x9B, 0x16, 0x37, 0x9B, 
        0x16, 0x37, 0x9B, 0x15, 0x33, 0x98, 0x15, 0x34, 0x99, 0x15, 0x34, 0x9A, 0x12, 0x30, 0x95, 0x16, 0x36, 0x9A, 0x16, 0x38, 0x9C, 0x15, 0x36, 0x9A, 0x16, 0x36, 0x9D, 0x16, 0x37, 0x9D, 0x17, 0x39, 0x9F, 0x16, 0x38, 0x9D, 0x13, 0x34, 0x99, 
        0x13, 0x33, 0x99, 0x15, 0x36, 0x9B, 0x16, 0x38, 0x9E, 0x16, 0x38, 0x9E, 0x16, 0x38, 0x9E, 0x14, 0x34, 0x9A, 0x14, 0x36, 0x9C, 0x15, 0x38, 0x9C, 0x13, 0x36, 0x9A, 0x14, 0x36, 0x9B, 0x14, 0x37, 0x9D, 0x15, 0x39, 0x9F, 0x14, 0x37, 0x9D, 
        0x15, 0x37, 0x9D, 0x17, 0x3B, 0xA0, 0x16, 0x39, 0x9F, 0x17, 0x3A, 0x9F, 0x1D, 0x44, 0xAA, 0x19, 0x3D, 0xA3, 0x1D, 0x45, 0xAB, 0x19, 0x3E, 0xA5, 0x12, 0x32, 0x9A, 0x15, 0x37, 0x9E, 0x17, 0x39, 0x9F, 0x17, 0x39, 0xA0, 0x1A, 0x3E, 0xA3, 
        0x1A, 0x3D, 0xA3, 0x1E, 0x42, 0xA6, 0x1B, 0x3E, 0xA1, 0x1D, 0x42, 0xA3, 0x3C, 0x6D, 0xC3, 0x75, 0xA2, 0xDC, 0x47, 0x7C, 0xD0, 0x14, 0x35, 0x9B, 0x1A, 0x3F, 0xA2, 0x24, 0x4F, 0xAF, 0x20, 0x48, 0xAA, 0x1C, 0x40, 0xA4, 0x15, 0x38, 0x9C, 
        0x19, 0x42, 0xA3, 0x19, 0x40, 0xA3, 0x14, 0x38, 0x9C, 0x7F, 0x93, 0xCA, 0xB9, 0xC3, 0xE1, 0xB9, 0xC5, 0xE2, 0xB9, 0xC4, 0xE2, 0xB9, 0xC4, 0xE2, 0xB9, 0xC4, 0xE2, 0xB9, 0xC4, 0xE2, 0xB9, 0xC5, 0xE3, 0xB8, 0xC3, 0xE1, 0xB9, 0xC4, 0xE2, 
        0xC3, 0xD3, 0xED, 0xC5, 0xD5, 0xEF, 0xC3, 0xD1, 0xED, 0xC1, 0xCE, 0xEA, 0xC1, 0xCD, 0xE9, 0xC0, 0xCC, 0xE9, 0xBE, 0xCB, 0xE8, 0xBC, 0xC8, 0xE7, 0xBC, 0xC8, 0xE7, 0xBC, 0xC8, 0xE7, 0xBB, 0xC7, 0xE6, 0x81, 0x96, 0xD0, 0x19, 0x41, 0xA8, 
        0x18, 0x3E, 0xA6, 0x16, 0x3D, 0xA4, 0x15, 0x3E, 0xA4, 0x15, 0x3E, 0xA4, 0x14, 0x3D, 0xA2, 0x14, 0x3D, 0xA2, 0x15, 0x3D, 0xA2, 0x14, 0x3B, 0xA2, 0x15, 0x3D, 0xA4, 0x14, 0x3D, 0xA2, 0x14, 0x3B, 0xA1, 0x14, 0x3D, 0xA2, 0x16, 0x3F, 0xA6, 
        0x18, 0x43, 0xA9, 0x18, 0x43, 0xA9, 0x19, 0x45, 0xAB, 0x1C, 0x47, 0xAF, 0x1F, 0x4D, 0xB4, 0x21, 0x51, 0xB7, 0x24, 0x57, 0xBB, 0x39, 0x74, 0xCD, 0x3E, 0x7A, 0xD2, 0x40, 0x7C, 0xD2, 0x46, 0x83, 0xD3, 0x49, 0x87, 0xD5, 0x4E, 0x8D, 0xD6, 
        0x51, 0x90, 0xD8, 0x55, 0x94, 0xD9, 0x57, 0x96, 0xDC, 0x5C, 0x99, 0xDD, 0x60, 0x9B, 0xDF, 0x5E, 0x9D, 0xDD, 0x61, 0xA0, 0xDC, 0x6A, 0xA6, 0xE0, 0x61, 0x9E, 0xDC, 0x59, 0x97, 0xD9, 0x5D, 0x99, 0xDB, 0x58, 0x98, 0xDA, 0x5D, 0xA1, 0xDD, 
        0x63, 0xA3, 0xDE, 0x57, 0x98, 0xDA, 0x4D, 0x8C, 0xD4, 0x4E, 0x89, 0xD4, 0x4D, 0x87, 0xD3, 0x4B, 0x88, 0xD3, 0x4A, 0x87, 0xD3, 0x49, 0x85, 0xD3, 0x49, 0x85, 0xD2, 0x49, 0x85, 0xD2, 0x47, 0x84, 0xD0, 0x42, 0x81, 0xD0, 0x3E, 0x81, 0xD0, 
        0x64, 0xA0, 0xDE, 0x6A, 0xA4, 0xDF, 0x49, 0x8B, 0xD4, 0x3A, 0x7B, 0xCC, 0x38, 0x78, 0xCC, 0x3D, 0x7B, 0xCE, 0x3D, 0x7B, 0xCE, 0x3A, 0x7A, 0xCE, 0x3D, 0x7D, 0xCE, 0x3C, 0x7A, 0xCD, 0x3F, 0x7D, 0xCE, 0x3C, 0x7A, 0xCD, 0x3A, 0x7A, 0xCE, 
        0x39, 0x79, 0xCD, 0x39, 0x79, 0xCD, 0x33, 0x71, 0xBA,
  0x48, 0x67, 0xB7, 0x20, 0x47, 0xA9, 0x20, 0x47, 0xAA, 0x1C, 0x3F, 0xA2, 0x19, 0x3A, 0x9E, 0x1D, 0x40, 0xA5, 0x1C, 0x40, 0xA5, 0x18, 0x3A, 0x9E, 0x18, 0x39, 0x9C, 0x17, 0x38, 0x9B, 0x16, 0x37, 0x9B, 0x17, 0x39, 0x9D, 0x17, 0x37, 0x9B, 0x18, 0x39, 0x9D, 
        0x15, 0x35, 0x99, 0x15, 0x35, 0x99, 0x18, 0x39, 0x9E, 0x16, 0x37, 0x9C, 0x12, 0x30, 0x94, 0x13, 0x32, 0x96, 0x13, 0x33, 0x97, 0x15, 0x35, 0x99, 0x17, 0x39, 0x9D, 0x16, 0x36, 0x9C, 0x15, 0x36, 0x9B, 0x15, 0x36, 0x9B, 0x16, 0x37, 0x9B, 
        0x16, 0x37, 0x9C, 0x15, 0x36, 0x99, 0x15, 0x34, 0x99, 0x15, 0x35, 0x9A, 0x15, 0x35, 0x9A, 0x16, 0x37, 0x9C, 0x16, 0x38, 0x9C, 0x15, 0x37, 0x9C, 0x14, 0x37, 0x9A, 0x14, 0x35, 0x9A, 0x15, 0x37, 0x9B, 0x17, 0x3A, 0x9F, 0x18, 0x3B, 0x9F, 
        0x17, 0x39, 0x9F, 0x17, 0x3A, 0x9F, 0x17, 0x3A, 0x9F, 0x18, 0x3C, 0xA1, 0x19, 0x3D, 0xA2, 0x15, 0x37, 0x9E, 0x16, 0x37, 0xA0, 0x18, 0x3C, 0xA3, 0x17, 0x39, 0xA0, 0x17, 0x39, 0x9F, 0x17, 0x39, 0x9F, 0x19, 0x3D, 0xA2, 0x1C, 0x40, 0xA3, 
        0x1A, 0x38, 0x9E, 0x1D, 0x40, 0xA3, 0x1E, 0x45, 0xA6, 0x32, 0x63, 0xBC, 0x66, 0x98, 0xD8, 0x49, 0x82, 0xCE, 0x11, 0x30, 0x95, 0x10, 0x2E, 0x94, 0x46, 0x7A, 0xCE, 0x3E, 0x72, 0xC8, 0x20, 0x48, 0xAA, 0x21, 0x4A, 0xAB, 0x16, 0x3B, 0x9D, 
        0x17, 0x3E, 0xA1, 0x18, 0x3F, 0xA3, 0x14, 0x38, 0x9E, 0x20, 0x42, 0xA1, 0x20, 0x41, 0xA1, 0x1F, 0x41, 0xA1, 0x5C, 0x75, 0xBB, 0xB7, 0xC4, 0xE3, 0xBA, 0xC5, 0xE3, 0xB9, 0xC3, 0xE1, 0xBA, 0xC5, 0xE3, 0xB9, 0xC5, 0xE3, 0xB8, 0xC3, 0xE1, 
        0xB9, 0xC4, 0xE2, 0xBF, 0xCC, 0xE9, 0xC7, 0xD6, 0xEF, 0xC3, 0xD1, 0xEC, 0xC2, 0xCE, 0xEB, 0xC1, 0xCE, 0xEA, 0xBE, 0xCB, 0xE9, 0xBA, 0xC7, 0xE6, 0x64, 0x81, 0xC7, 0x2B, 0x52, 0xB3, 0x29, 0x4E, 0xB0, 0x26, 0x4B, 0xAD, 0x1B, 0x43, 0xA9, 
        0x19, 0x42, 0xA9, 0x17, 0x3F, 0xA6, 0x16, 0x3E, 0xA4, 0x16, 0x3F, 0xA5, 0x16, 0x3F, 0xA6, 0x15, 0x3E, 0xA4, 0x14, 0x3B, 0xA2, 0x14, 0x3D, 0xA2, 0x15, 0x3E, 0xA4, 0x16, 0x3F, 0xA6, 0x18, 0x42, 0xA8, 0x19, 0x45, 0xA9, 0x16, 0x3F, 0xA6, 
        0x18, 0x43, 0xA9, 0x19, 0x45, 0xAB, 0x18, 0x42, 0xA9, 0x16, 0x41, 0xA9, 0x1D, 0x4A, 0xB1, 0x1F, 0x4E, 0xB4, 0x1A, 0x47, 0xAF, 0x29, 0x5D, 0xBE, 0x43, 0x80, 0xD3, 0x46, 0x85, 0xD4, 0x4C, 0x88, 0xD5, 0x4F, 0x8D, 0xD6, 0x55, 0x93, 0xD9, 
        0x55, 0x93, 0xD9, 0x58, 0x96, 0xDA, 0x5B, 0x99, 0xDC, 0x5E, 0x9B, 0xDD, 0x5F, 0x9D, 0xDE, 0x61, 0xA0, 0xDD, 0x5D, 0x9C, 0xDB, 0x5A, 0x99, 0xDA, 0x5A, 0x99, 0xD9, 0x5A, 0x99, 0xD9, 0x60, 0x9B, 0xDB, 0x6D, 0xA7, 0xE0, 0x7E, 0xB7, 0xE7, 
        0x7A, 0xB1, 0xE5, 0x5E, 0x9B, 0xDB, 0x4C, 0x89, 0xD4, 0x4E, 0x8B, 0xD4, 0x50, 0x8B, 0xD4, 0x4B, 0x87, 0xD3, 0x4A, 0x87, 0xD3, 0x49, 0x85, 0xD3, 0x47, 0x85, 0xD2, 0x49, 0x85, 0xD2, 0x4B, 0x88, 0xD3, 0x47, 0x85, 0xD2, 0x41, 0x81, 0xD0, 
        0x53, 0x91, 0xD7, 0x5B, 0x97, 0xDA, 0x43, 0x84, 0xD2, 0x43, 0x84, 0xD1, 0x55, 0x93, 0xD8, 0x4B, 0x88, 0xD3, 0x4B, 0x88, 0xD3, 0x3B, 0x78, 0xCC, 0x3F, 0x7D, 0xCF, 0x40, 0x80, 0xCF, 0x5B, 0x95, 0xD8, 0x4E, 0x8B, 0xD5, 0x3F, 0x7F, 0xCF, 
        0x3F, 0x7D, 0xCE, 0x3C, 0x79, 0xCD, 0x31, 0x6D, 0xB9,
  0x48, 0x67, 0xB7, 0x20, 0x45, 0xA9, 0x20, 0x45, 0xA9, 0x17, 0x38, 0x9D, 0x16, 0x37, 0x9B, 0x1E, 0x40, 0xA5, 0x1B, 0x3C, 0xA2, 0x17, 0x38, 0x9C, 0x18, 0x39, 0x9C, 0x17, 0x36, 0x9A, 0x15, 0x34, 0x97, 0x16, 0x36, 0x9A, 0x16, 0x36, 0x9A, 0x17, 0x39, 0x9D, 
        0x15, 0x35, 0x99, 0x15, 0x35, 0x98, 0x16, 0x37, 0x9B, 0x18, 0x39, 0x9E, 0x17, 0x38, 0x9C, 0x16, 0x37, 0x9A, 0x15, 0x34, 0x99, 0x15, 0x35, 0x99, 0x16, 0x36, 0x9A, 0x15, 0x35, 0x99, 0x15, 0x34, 0x99, 0x15, 0x35, 0x9B, 0x15, 0x36, 0x9B, 
        0x15, 0x35, 0x99, 0x14, 0x34, 0x98, 0x16, 0x37, 0x9A, 0x16, 0x37, 0x9B, 0x15, 0x35, 0x9A, 0x15, 0x37, 0x9A, 0x15, 0x36, 0x9A, 0x15, 0x35, 0x9A, 0x15, 0x37, 0x9A, 0x15, 0x37, 0x9A, 0x15, 0x37, 0x9A, 0x17, 0x39, 0x9D, 0x19, 0x3D, 0xA0, 
        0x18, 0x3B, 0xA0, 0x15, 0x36, 0x9B, 0x15, 0x37, 0x9D, 0x16, 0x39, 0x9D, 0x16, 0x38, 0x9D, 0x14, 0x35, 0x9A, 0x14, 0x35, 0x9C, 0x17, 0x37, 0x9F, 0x16, 0x38, 0x9E, 0x17, 0x38, 0x9E, 0x19, 0x3B, 0x9F, 0x1A, 0x3C, 0xA0, 0x1E, 0x40, 0xA3, 
        0x21, 0x42, 0xA5, 0x2B, 0x52, 0xB1, 0x43, 0x77, 0xCA, 0x72, 0xA2, 0xDD, 0x46, 0x80, 0xCE, 0x0F, 0x34, 0x94, 0x12, 0x32, 0x96, 0x17, 0x3A, 0x9F, 0x2A, 0x57, 0xB6, 0x25, 0x50, 0xB1, 0x18, 0x3C, 0xA1, 0x18, 0x3C, 0xA1, 0x16, 0x3B, 0x9D, 
        0x15, 0x3B, 0x9D, 0x14, 0x38, 0x9C, 0x14, 0x36, 0x9C, 0x17, 0x3C, 0xA0, 0x15, 0x3A, 0xA0, 0x14, 0x38, 0x9C, 0x18, 0x3C, 0xA3, 0x67, 0x82, 0xC5, 0xBA, 0xC5, 0xE3, 0xB9, 0xC3, 0xE1, 0xB9, 0xC5, 0xE3, 0xB9, 0xC4, 0xE3, 0xBA, 0xC5, 0xE3, 
        0xB9, 0xC3, 0xE1, 0xBA, 0xC5, 0xE3, 0xC3, 0xD1, 0xEC, 0xC7, 0xD6, 0xEF, 0xC4, 0xD2, 0xED, 0xC3, 0xD1, 0xEC, 0xC2, 0xCF, 0xEC, 0x6C, 0x8A, 0xCD, 0x25, 0x4E, 0xB2, 0x21, 0x4A, 0xAF, 0x1E, 0x45, 0xAC, 0x1A, 0x3F, 0xA9, 0x19, 0x3F, 0xA6, 
        0x19, 0x41, 0xA7, 0x19, 0x41, 0xA7, 0x18, 0x3F, 0xA6, 0x16, 0x3D, 0xA4, 0x14, 0x3B, 0xA2, 0x15, 0x3E, 0xA4, 0x17, 0x3F, 0xA6, 0x16, 0x3D, 0xA4, 0x16, 0x3E, 0xA5, 0x17, 0x3F, 0xA6, 0x18, 0x3F, 0xA6, 0x19, 0x42, 0xA8, 0x14, 0x3B, 0xA4, 
        0x14, 0x3A, 0xA2, 0x17, 0x41, 0xA8, 0x1C, 0x47, 0xAF, 0x19, 0x43, 0xAB, 0x17, 0x41, 0xA9, 0x1D, 0x49, 0xB1, 0x1D, 0x4A, 0xB2, 0x1D, 0x4A, 0xB2, 0x37, 0x70, 0xCB, 0x51, 0x8B, 0xD7, 0x4A, 0x87, 0xD5, 0x55, 0x91, 0xD9, 0x5C, 0x98, 0xDC, 
        0x5B, 0x97, 0xDA, 0x5B, 0x99, 0xDC, 0x5F, 0x9C, 0xDC, 0x61, 0x9E, 0xDD, 0x60, 0x9E, 0xDD, 0x61, 0x9F, 0xDC, 0x5E, 0x9B, 0xDB, 0x5A, 0x99, 0xD9, 0x5D, 0x99, 0xDA, 0x57, 0x93, 0xD8, 0x59, 0x94, 0xD8, 0x74, 0xAA, 0xE1, 0x7E, 0xB4, 0xE6, 
        0x63, 0x9F, 0xDD, 0x4D, 0x8C, 0xD5, 0x4E, 0x8B, 0xD4, 0x54, 0x8F, 0xD5, 0x4D, 0x89, 0xD3, 0x4A, 0x86, 0xD3, 0x4B, 0x87, 0xD3, 0x4A, 0x87, 0xD3, 0x49, 0x85, 0xD3, 0x49, 0x85, 0xD2, 0x4C, 0x87, 0xD2, 0x4A, 0x87, 0xD2, 0x44, 0x82, 0xD0, 
        0x40, 0x7E, 0xCF, 0x43, 0x83, 0xD0, 0x40, 0x7E, 0xCF, 0x49, 0x87, 0xD2, 0x5D, 0x97, 0xDA, 0x52, 0x8F, 0xD5, 0x52, 0x8E, 0xD5, 0x40, 0x7E, 0xCF, 0x40, 0x7D, 0xCF, 0x3C, 0x7A, 0xCE, 0x4C, 0x8A, 0xD4, 0x47, 0x85, 0xD1, 0x3F, 0x7F, 0xCE, 
        0x3F, 0x7C, 0xCE, 0x39, 0x76, 0xCB, 0x31, 0x6B, 0xB8,
  0x47, 0x66, 0xB4, 0x1D, 0x40, 0xA4, 0x20, 0x44, 0xA9, 0x1D, 0x41, 0xA5, 0x1C, 0x3E, 0xA2, 0x1A, 0x3B, 0x9F, 0x18, 0x38, 0x9E, 0x18, 0x38, 0x9E, 0x19, 0x3A, 0x9E, 0x19, 0x3A, 0x9C, 0x18, 0x38, 0x9B, 0x17, 0x38, 0x9B, 0x15, 0x33, 0x98, 0x14, 0x33, 0x98, 
        0x17, 0x37, 0x9A, 0x17, 0x37, 0x9B, 0x15, 0x35, 0x98, 0x14, 0x33, 0x96, 0x16, 0x34, 0x98, 0x16, 0x35, 0x9A, 0x16, 0x35, 0x99, 0x15, 0x33, 0x97, 0x12, 0x30, 0x94, 0x13, 0x32, 0x95, 0x16, 0x35, 0x99, 0x16, 0x36, 0x9C, 0x16, 0x37, 0x9B, 
        0x15, 0x35, 0x98, 0x15, 0x35, 0x98, 0x16, 0x37, 0x9A, 0x16, 0x37, 0x9A, 0x15, 0x34, 0x96, 0x15, 0x34, 0x98, 0x14, 0x33, 0x97, 0x14, 0x34, 0x98, 0x15, 0x36, 0x9A, 0x15, 0x36, 0x9A, 0x15, 0x36, 0x98, 0x15, 0x37, 0x98, 0x16, 0x37, 0x9B, 
        0x16, 0x37, 0x9D, 0x14, 0x34, 0x9A, 0x15, 0x35, 0x9B, 0x16, 0x38, 0x9D, 0x15, 0x36, 0x9B, 0x13, 0x33, 0x98, 0x15, 0x36, 0x9B, 0x16, 0x36, 0x9C, 0x17, 0x37, 0x9C, 0x19, 0x39, 0x9E, 0x1B, 0x3D, 0xA0, 0x1B, 0x3C, 0x9F, 0x1D, 0x40, 0xA2, 
        0x22, 0x48, 0xA7, 0x4F, 0x81, 0xCF, 0x9C, 0xBF, 0xEA, 0x4E, 0x85, 0xD0, 0x11, 0x33, 0x94, 0x13, 0x38, 0x99, 0x17, 0x39, 0x9D, 0x17, 0x39, 0x9D, 0x12, 0x31, 0x96, 0x13, 0x33, 0x98, 0x15, 0x36, 0x9B, 0x15, 0x37, 0x9B, 0x15, 0x37, 0x9B, 
        0x16, 0x3A, 0x9D, 0x15, 0x38, 0x9B, 0x15, 0x38, 0x9E, 0x18, 0x3C, 0xA1, 0x19, 0x3E, 0xA2, 0x18, 0x3C, 0xA1, 0x17, 0x3B, 0xA1, 0x22, 0x44, 0xA5, 0xB9, 0xC4, 0xE2, 0xB9, 0xC4, 0xE2, 0xBA, 0xC5, 0xE3, 0xBA, 0xC6, 0xE4, 0xB9, 0xC4, 0xE3, 
        0xBA, 0xC6, 0xE4, 0xB9, 0xC3, 0xE1, 0xBB, 0xC5, 0xE3, 0xC6, 0xD4, 0xEE, 0xC9, 0xD9, 0xF1, 0xC3, 0xD0, 0xEC, 0xC3, 0xCF, 0xEC, 0x39, 0x61, 0xBD, 0x29, 0x53, 0xB6, 0x26, 0x50, 0xB4, 0x24, 0x4C, 0xB1, 0x1F, 0x46, 0xAC, 0x1A, 0x41, 0xA8, 
        0x1A, 0x41, 0xA8, 0x1A, 0x41, 0xA8, 0x19, 0x42, 0xA8, 0x19, 0x42, 0xA8, 0x19, 0x43, 0xA9, 0x18, 0x41, 0xA7, 0x15, 0x3D, 0xA4, 0x16, 0x3D, 0xA4, 0x17, 0x3F, 0xA6, 0x16, 0x3E, 0xA4, 0x15, 0x3B, 0xA2, 0x16, 0x3E, 0xA4, 0x17, 0x3F, 0xA7, 
        0x14, 0x3A, 0xA2, 0x15, 0x3D, 0xA5, 0x1A, 0x45, 0xAD, 0x18, 0x42, 0xAA, 0x16, 0x3E, 0xA7, 0x1D, 0x49, 0xB0, 0x20, 0x4E, 0xB6, 0x1D, 0x4A, 0xB2, 0x21, 0x50, 0xB4, 0x46, 0x83, 0xD3, 0x58, 0x92, 0xD9, 0x5B, 0x94, 0xDA, 0x60, 0x9B, 0xDC, 
        0x5E, 0x9B, 0xDC, 0x5F, 0x9B, 0xDD, 0x61, 0x9E, 0xDD, 0x62, 0xA0, 0xDD, 0x60, 0x9F, 0xDC, 0x69, 0xA4, 0xDD, 0x6C, 0xA4, 0xDF, 0x60, 0x9B, 0xDB, 0x5A, 0x96, 0xD8, 0x5B, 0x96, 0xD8, 0x59, 0x93, 0xD7, 0x66, 0x9E, 0xDC, 0x6A, 0xA2, 0xDF, 
        0x52, 0x8F, 0xD7, 0x4E, 0x8B, 0xD5, 0x54, 0x8F, 0xD6, 0x53, 0x8E, 0xD4, 0x4E, 0x89, 0xD3, 0x4C, 0x88, 0xD3, 0x4D, 0x89, 0xD3, 0x4D, 0x88, 0xD3, 0x4A, 0x85, 0xD2, 0x47, 0x84, 0xD1, 0x49, 0x84, 0xD1, 0x46, 0x82, 0xD0, 0x47, 0x84, 0xD0, 
        0x44, 0x82, 0xD0, 0x49, 0x84, 0xD2, 0x43, 0x81, 0xD0, 0x41, 0x7E, 0xCF, 0x41, 0x7E, 0xCF, 0x40, 0x7E, 0xCF, 0x41, 0x81, 0xCF, 0x41, 0x80, 0xCF, 0x43, 0x80, 0xCF, 0x3E, 0x7B, 0xCE, 0x3F, 0x7B, 0xCE, 0x3D, 0x7A, 0xCE, 0x3F, 0x7C, 0xCE, 
        0x3D, 0x7A, 0xCD, 0x3C, 0x79, 0xCD, 0x31, 0x6B, 0xB8,
  0x45, 0x60, 0xAE, 0x1D, 0x40, 0xA1, 0x20, 0x45, 0xA9, 0x1F, 0x43, 0xA7, 0x18, 0x39, 0x9D, 0x14, 0x32, 0x97, 0x17, 0x37, 0x9B, 0x1B, 0x3D, 0xA1, 0x1C, 0x3E, 0xA1, 0x19, 0x3A, 0x9E, 0x17, 0x35, 0x99, 0x17, 0x35, 0x99, 0x15, 0x33, 0x97, 0x15, 0x33, 0x98, 
        0x15, 0x33, 0x96, 0x17, 0x37, 0x99, 0x15, 0x32, 0x95, 0x11, 0x2C, 0x8F, 0x13, 0x30, 0x92, 0x16, 0x34, 0x98, 0x17, 0x38, 0x9A, 0x17, 0x35, 0x99, 0x15, 0x32, 0x95, 0x15, 0x34, 0x96, 0x15, 0x34, 0x96, 0x15, 0x33, 0x95, 0x15, 0x34, 0x98, 
        0x17, 0x3A, 0x9B, 0x17, 0x38, 0x9A, 0x15, 0x36, 0x98, 0x15, 0x34, 0x96, 0x13, 0x32, 0x94, 0x13, 0x31, 0x94, 0x14, 0x33, 0x97, 0x15, 0x35, 0x98, 0x15, 0x35, 0x98, 0x15, 0x35, 0x98, 0x14, 0x34, 0x97, 0x13, 0x34, 0x95, 0x12, 0x31, 0x95, 
        0x13, 0x30, 0x96, 0x15, 0x34, 0x99, 0x16, 0x37, 0x9B, 0x19, 0x3B, 0x9F, 0x17, 0x3A, 0x9D, 0x16, 0x36, 0x9B, 0x16, 0x36, 0x9A, 0x17, 0x37, 0x9B, 0x1B, 0x3E, 0xA2, 0x1B, 0x3C, 0xA0, 0x1C, 0x3E, 0xA0, 0x23, 0x45, 0xA7, 0x2F, 0x5A, 0xB5, 
        0x62, 0x9A, 0xD7, 0x93, 0xBD, 0xE7, 0x4C, 0x84, 0xCF, 0x11, 0x30, 0x93, 0x15, 0x36, 0x99, 0x18, 0x3A, 0x9D, 0x16, 0x38, 0x9D, 0x17, 0x3A, 0x9F, 0x17, 0x3A, 0x9F, 0x16, 0x38, 0x9D, 0x16, 0x39, 0x9D, 0x17, 0x39, 0x9D, 0x15, 0x37, 0x9B, 
        0x16, 0x38, 0x9B, 0x16, 0x3A, 0x9D, 0x15, 0x38, 0x9B, 0x14, 0x36, 0x9C, 0x15, 0x37, 0x9C, 0x18, 0x3A, 0xA0, 0x18, 0x3B, 0xA1, 0x21, 0x41, 0xA3, 0xB9, 0xC4, 0xE2, 0xBA, 0xC5, 0xE3, 0xBA, 0xC5, 0xE3, 0xB7, 0xC2, 0xE2, 0x5F, 0x78, 0xBE, 
        0x20, 0x42, 0xA3, 0x26, 0x48, 0xA6, 0x5D, 0x75, 0xBB, 0xBA, 0xC7, 0xE6, 0xC6, 0xD5, 0xEF, 0xC8, 0xD6, 0xEF, 0xC5, 0xD2, 0xED, 0x3E, 0x66, 0xC1, 0x2B, 0x53, 0xB6, 0x29, 0x51, 0xB4, 0x26, 0x50, 0xB3, 0x23, 0x49, 0xAF, 0x24, 0x4D, 0xB2, 
        0x21, 0x4C, 0xB0, 0x1D, 0x45, 0xAB, 0x19, 0x41, 0xA8, 0x18, 0x41, 0xA7, 0x17, 0x3E, 0xA6, 0x17, 0x3E, 0xA6, 0x16, 0x3E, 0xA4, 0x16, 0x3D, 0xA4, 0x17, 0x3E, 0xA6, 0x16, 0x3D, 0xA4, 0x15, 0x3B, 0xA2, 0x16, 0x3D, 0xA4, 0x18, 0x41, 0xA8, 
        0x1A, 0x45, 0xAB, 0x1B, 0x45, 0xAB, 0x1E, 0x49, 0xAF, 0x1C, 0x45, 0xAD, 0x1D, 0x47, 0xAF, 0x1D, 0x47, 0xB0, 0x1E, 0x4A, 0xB3, 0x20, 0x4D, 0xB4, 0x19, 0x43, 0xAD, 0x2B, 0x5E, 0xBE, 0x56, 0x90, 0xD9, 0x60, 0x98, 0xDC, 0x61, 0x9C, 0xDD, 
        0x61, 0x9E, 0xDD, 0x62, 0x9F, 0xDD, 0x62, 0xA0, 0xDD, 0x62, 0xA0, 0xDC, 0x5F, 0x9F, 0xDB, 0x69, 0xA2, 0xDD, 0x6D, 0xA4, 0xDF, 0x60, 0x9A, 0xD9, 0x59, 0x93, 0xD7, 0x61, 0x9A, 0xDA, 0x5E, 0x97, 0xD9, 0x55, 0x90, 0xD6, 0x52, 0x8D, 0xD6, 
        0x51, 0x8D, 0xD5, 0x55, 0x90, 0xD7, 0x54, 0x8E, 0xD5, 0x4E, 0x89, 0xD4, 0x4F, 0x8B, 0xD3, 0x50, 0x89, 0xD3, 0x4E, 0x89, 0xD3, 0x4D, 0x88, 0xD3, 0x4B, 0x85, 0xD1, 0x49, 0x84, 0xD1, 0x49, 0x82, 0xD1, 0x46, 0x82, 0xD0, 0x47, 0x84, 0xD0, 
        0x47, 0x84, 0xD0, 0x44, 0x80, 0xD0, 0x42, 0x7C, 0xCF, 0x43, 0x7F, 0xCF, 0x41, 0x7F, 0xCF, 0x48, 0x84, 0xD1, 0x45, 0x81, 0xD0, 0x45, 0x83, 0xCF, 0x43, 0x7E, 0xCF, 0x45, 0x80, 0xCF, 0x45, 0x80, 0xCF, 0x40, 0x7E, 0xCF, 0x3F, 0x7E, 0xCF, 
        0x3F, 0x7D, 0xCE, 0x3F, 0x7C, 0xCE, 0x33, 0x6E, 0xB8,
  0x46, 0x63, 0xB0, 0x1D, 0x40, 0xA3, 0x1D, 0x3F, 0xA3, 0x1C, 0x3D, 0xA2, 0x17, 0x36, 0x9B, 0x17, 0x37, 0x9B, 0x1A, 0x3B, 0x9F, 0x17, 0x38, 0x9B, 0x18, 0x37, 0x9B, 0x17, 0x34, 0x99, 0x17, 0x35, 0x99, 0x18, 0x39, 0x9C, 0x17, 0x36, 0x9A, 0x16, 0x35, 0x99, 
        0x16, 0x36, 0x98, 0x17, 0x37, 0x99, 0x14, 0x32, 0x94, 0x12, 0x2F, 0x91, 0x15, 0x33, 0x95, 0x15, 0x34, 0x95, 0x15, 0x33, 0x95, 0x15, 0x34, 0x96, 0x16, 0x35, 0x98, 0x17, 0x37, 0x99, 0x15, 0x34, 0x95, 0x13, 0x32, 0x94, 0x15, 0x34, 0x95, 
        0x15, 0x34, 0x96, 0x16, 0x36, 0x98, 0x15, 0x36, 0x97, 0x15, 0x34, 0x96, 0x15, 0x35, 0x97, 0x12, 0x31, 0x94, 0x15, 0x34, 0x96, 0x16, 0x37, 0x98, 0x14, 0x33, 0x96, 0x13, 0x33, 0x95, 0x13, 0x32, 0x95, 0x12, 0x31, 0x93, 0x12, 0x30, 0x93, 
        0x15, 0x36, 0x98, 0x17, 0x39, 0x9D, 0x16, 0x37, 0x9B, 0x18, 0x3A, 0x9D, 0x18, 0x39, 0x9D, 0x18, 0x3A, 0x9D, 0x18, 0x39, 0x9B, 0x19, 0x3A, 0x9D, 0x1D, 0x40, 0xA1, 0x1A, 0x3A, 0x9E, 0x25, 0x48, 0xA9, 0x4C, 0x79, 0xCB, 0x80, 0xAB, 0xE0, 
        0x94, 0xC3, 0xE8, 0x45, 0x83, 0xCB, 0x0F, 0x31, 0x8F, 0x15, 0x34, 0x96, 0x19, 0x38, 0x9C, 0x19, 0x36, 0x9C, 0x1A, 0x3D, 0xA1, 0x1A, 0x3F, 0xA2, 0x16, 0x39, 0x9D, 0x17, 0x39, 0x9D, 0x16, 0x38, 0x9D, 0x16, 0x38, 0x9D, 0x18, 0x3A, 0x9F, 
        0x16, 0x38, 0x9D, 0x16, 0x37, 0x9B, 0x16, 0x38, 0x9B, 0x16, 0x38, 0x9B, 0x16, 0x38, 0x9E, 0x16, 0x38, 0x9E, 0x17, 0x38, 0xA0, 0x22, 0x43, 0xA4, 0x7D, 0x90, 0xCA, 0xB7, 0xC2, 0xE2, 0xBA, 0xC4, 0xE3, 0x60, 0x78, 0xBE, 0x19, 0x3D, 0xA3, 
        0x19, 0x3F, 0xA2, 0x19, 0x3D, 0xA1, 0x19, 0x3C, 0xA0, 0x5E, 0x75, 0xBB, 0xBF, 0xCB, 0xE7, 0xC6, 0xD5, 0xEF, 0x93, 0xAD, 0xDF, 0x43, 0x6D, 0xC5, 0x33, 0x5D, 0xBC, 0x2F, 0x59, 0xB9, 0x2B, 0x54, 0xB7, 0x26, 0x4D, 0xB1, 0x21, 0x4A, 0xAF, 
        0x1F, 0x47, 0xAD, 0x1D, 0x43, 0xAA, 0x1C, 0x42, 0xA9, 0x1A, 0x42, 0xA8, 0x18, 0x3E, 0xA6, 0x17, 0x3E, 0xA5, 0x17, 0x3E, 0xA5, 0x16, 0x3B, 0xA4, 0x16, 0x3D, 0xA4, 0x17, 0x3E, 0xA5, 0x18, 0x3E, 0xA6, 0x19, 0x41, 0xA7, 0x1A, 0x43, 0xAA, 
        0x1D, 0x47, 0xAD, 0x1C, 0x45, 0xAC, 0x1C, 0x46, 0xAD, 0x1A, 0x43, 0xAC, 0x1B, 0x45, 0xAD, 0x1B, 0x46, 0xAF, 0x21, 0x50, 0xB7, 0x21, 0x4E, 0xB6, 0x21, 0x50, 0xB4, 0x19, 0x45, 0xAB, 0x3A, 0x73, 0xCB, 0x64, 0x9B, 0xDD, 0x5F, 0x9B, 0xDD, 
        0x61, 0x9E, 0xDD, 0x64, 0xA1, 0xDD, 0x64, 0xA2, 0xDD, 0x61, 0x9F, 0xDC, 0x60, 0x9E, 0xDC, 0x60, 0x9B, 0xD9, 0x60, 0x99, 0xD9, 0x5D, 0x97, 0xD8, 0x5D, 0x96, 0xD8, 0x5E, 0x97, 0xD9, 0x5B, 0x94, 0xD8, 0x56, 0x90, 0xD6, 0x54, 0x8D, 0xD6, 
        0x53, 0x8D, 0xD5, 0x53, 0x8D, 0xD5, 0x53, 0x8D, 0xD5, 0x4E, 0x8B, 0xD4, 0x4B, 0x86, 0xD2, 0x51, 0x8B, 0xD3, 0x4F, 0x89, 0xD3, 0x4B, 0x86, 0xD1, 0x4A, 0x86, 0xD1, 0x4B, 0x85, 0xD1, 0x4A, 0x85, 0xD1, 0x4A, 0x85, 0xD1, 0x49, 0x85, 0xD1, 
        0x49, 0x84, 0xD0, 0x47, 0x82, 0xD0, 0x46, 0x82, 0xD0, 0x49, 0x84, 0xD0, 0x45, 0x81, 0xD0, 0x45, 0x83, 0xD0, 0x43, 0x81, 0xD0, 0x43, 0x81, 0xD0, 0x40, 0x7E, 0xCE, 0x43, 0x80, 0xCF, 0x43, 0x80, 0xCF, 0x43, 0x80, 0xCF, 0x3F, 0x7D, 0xCF, 
        0x3F, 0x7B, 0xCE, 0x3F, 0x7C, 0xCD, 0x33, 0x6E, 0xB9,
  0x47, 0x62, 0xB2, 0x1D, 0x3B, 0xA0, 0x1C, 0x3B, 0x9F, 0x1C, 0x3B, 0x9E, 0x1B, 0x3A, 0x9F, 0x16, 0x33, 0x99, 0x16, 0x33, 0x98, 0x17, 0x35, 0x9B, 0x17, 0x35, 0x9A, 0x18, 0x34, 0x99, 0x18, 0x34, 0x9A, 0x18, 0x35, 0x9A, 0x17, 0x34, 0x99, 0x16, 0x31, 0x96, 
        0x17, 0x35, 0x97, 0x16, 0x33, 0x96, 0x16, 0x33, 0x96, 0x16, 0x33, 0x96, 0x15, 0x33, 0x95, 0x15, 0x32, 0x95, 0x16, 0x34, 0x96, 0x17, 0x34, 0x99, 0x17, 0x37, 0x9A, 0x17, 0x35, 0x99, 0x16, 0x34, 0x98, 0x16, 0x34, 0x97, 0x15, 0x32, 0x95, 
        0x15, 0x33, 0x94, 0x14, 0x32, 0x96, 0x13, 0x32, 0x94, 0x14, 0x33, 0x96, 0x15, 0x34, 0x97, 0x15, 0x34, 0x97, 0x15, 0x36, 0x98, 0x15, 0x35, 0x96, 0x12, 0x32, 0x95, 0x12, 0x31, 0x93, 0x13, 0x33, 0x95, 0x14, 0x34, 0x97, 0x15, 0x35, 0x98, 
        0x18, 0x39, 0x9C, 0x17, 0x37, 0x9A, 0x17, 0x36, 0x9A, 0x17, 0x35, 0x9A, 0x18, 0x37, 0x9A, 0x19, 0x38, 0x9B, 0x1B, 0x38, 0x9A, 0x20, 0x3D, 0x9F, 0x20, 0x3C, 0xA0, 0x27, 0x47, 0xA8, 0x39, 0x66, 0xBC, 0x68, 0x99, 0xD4, 0x9A, 0xC0, 0xE7, 
        0x4C, 0x7E, 0xCF, 0x11, 0x2E, 0x91, 0x15, 0x34, 0x96, 0x19, 0x3B, 0x9E, 0x1A, 0x3B, 0x9E, 0x18, 0x38, 0x9C, 0x19, 0x3A, 0x9E, 0x1A, 0x3D, 0xA1, 0x18, 0x39, 0x9D, 0x17, 0x36, 0x9B, 0x18, 0x38, 0x9D, 0x18, 0x39, 0x9D, 0x18, 0x39, 0x9D, 
        0x17, 0x38, 0x9B, 0x16, 0x36, 0x9A, 0x18, 0x3A, 0x9D, 0x18, 0x3A, 0x9D, 0x1A, 0x3C, 0x9F, 0x1E, 0x42, 0xA7, 0x19, 0x3B, 0xA1, 0x19, 0x3B, 0xA1, 0x19, 0x3A, 0xA0, 0x2B, 0x48, 0xA6, 0x60, 0x76, 0xBC, 0x24, 0x44, 0xA4, 0x1A, 0x3F, 0xA3, 
        0x19, 0x3F, 0xA1, 0x19, 0x3D, 0xA2, 0x18, 0x3C, 0xA1, 0x21, 0x42, 0xA4, 0x62, 0x7B, 0xC0, 0x3C, 0x62, 0xBB, 0x51, 0x7E, 0xCF, 0x42, 0x6F, 0xC4, 0x39, 0x64, 0xBD, 0x36, 0x62, 0xBD, 0x2E, 0x56, 0xB8, 0x2B, 0x55, 0xB7, 0x26, 0x50, 0xB3, 
        0x23, 0x4A, 0xAF, 0x1F, 0x45, 0xAB, 0x1D, 0x43, 0xAA, 0x1C, 0x42, 0xA9, 0x1C, 0x43, 0xAB, 0x1C, 0x42, 0xA9, 0x19, 0x41, 0xA6, 0x18, 0x3F, 0xA5, 0x18, 0x3E, 0xA4, 0x19, 0x3F, 0xA6, 0x19, 0x3F, 0xA5, 0x16, 0x3B, 0xA2, 0x17, 0x3E, 0xA6, 
        0x18, 0x3E, 0xA6, 0x1B, 0x45, 0xAB, 0x1D, 0x47, 0xAD, 0x19, 0x41, 0xA8, 0x18, 0x3E, 0xA6, 0x19, 0x41, 0xA9, 0x1D, 0x49, 0xB1, 0x1E, 0x49, 0xB1, 0x1D, 0x47, 0xAF, 0x19, 0x42, 0xAB, 0x1E, 0x49, 0xB1, 0x52, 0x8A, 0xD6, 0x69, 0xA1, 0xDE, 
        0x5F, 0x9B, 0xDA, 0x62, 0xA2, 0xDC, 0x65, 0xA3, 0xDC, 0x65, 0xA1, 0xDC, 0x65, 0x9D, 0xDC, 0x62, 0x9A, 0xDA, 0x61, 0x99, 0xD8, 0x5E, 0x97, 0xD8, 0x5D, 0x96, 0xD8, 0x5A, 0x93, 0xD6, 0x57, 0x90, 0xD5, 0x57, 0x90, 0xD5, 0x57, 0x8F, 0xD5, 
        0x56, 0x8F, 0xD5, 0x52, 0x8C, 0xD4, 0x51, 0x8A, 0xD3, 0x51, 0x89, 0xD3, 0x50, 0x89, 0xD3, 0x51, 0x89, 0xD4, 0x4D, 0x88, 0xD1, 0x4D, 0x89, 0xD2, 0x4C, 0x89, 0xD3, 0x4A, 0x86, 0xD2, 0x44, 0x82, 0xD0, 0x49, 0x84, 0xD1, 0x49, 0x82, 0xD1, 
        0x49, 0x82, 0xD1, 0x47, 0x82, 0xD0, 0x47, 0x82, 0xD0, 0x4A, 0x85, 0xD0, 0x47, 0x81, 0xD0, 0x45, 0x81, 0xD0, 0x45, 0x7F, 0xD0, 0x45, 0x7F, 0xD0, 0x45, 0x81, 0xD0, 0x45, 0x81, 0xCF, 0x43, 0x7E, 0xCF, 0x45, 0x7E, 0xCE, 0x41, 0x7D, 0xCE, 
        0x3F, 0x7E, 0xCE, 0x3D, 0x80, 0xCE, 0x31, 0x70, 0xB9,
  0x47, 0x62, 0xB2, 0x18, 0x36, 0x99, 0x19, 0x37, 0x9A, 0x1D, 0x3D, 0xA0, 0x1D, 0x3F, 0xA0, 0x18, 0x36, 0x9A, 0x15, 0x31, 0x96, 0x17, 0x34, 0x98, 0x18, 0x36, 0x9A, 0x17, 0x34, 0x98, 0x18, 0x34, 0x99, 0x18, 0x35, 0x9A, 0x18, 0x36, 0x9B, 0x18, 0x35, 0x99, 
        0x17, 0x35, 0x96, 0x15, 0x31, 0x94, 0x15, 0x32, 0x94, 0x15, 0x31, 0x94, 0x13, 0x2F, 0x91, 0x13, 0x2E, 0x90, 0x17, 0x36, 0x99, 0x19, 0x39, 0x9D, 0x16, 0x34, 0x98, 0x15, 0x32, 0x95, 0x17, 0x34, 0x98, 0x17, 0x35, 0x99, 0x15, 0x33, 0x95, 
        0x13, 0x32, 0x92, 0x15, 0x34, 0x95, 0x15, 0x35, 0x98, 0x13, 0x33, 0x96, 0x13, 0x32, 0x94, 0x15, 0x34, 0x96, 0x12, 0x30, 0x93, 0x11, 0x2F, 0x91, 0x12, 0x31, 0x93, 0x14, 0x33, 0x96, 0x15, 0x33, 0x97, 0x14, 0x33, 0x96, 0x14, 0x32, 0x95, 
        0x16, 0x34, 0x98, 0x17, 0x35, 0x9A, 0x17, 0x35, 0x98, 0x18, 0x36, 0x9A, 0x1B, 0x3A, 0x9D, 0x1A, 0x39, 0x9D, 0x1D, 0x38, 0x9B, 0x23, 0x41, 0xA3, 0x25, 0x45, 0xA4, 0x4E, 0x7B, 0xCA, 0x73, 0x9D, 0xD8, 0x7A, 0xA5, 0xDB, 0x7F, 0xA8, 0xDE, 
        0x2B, 0x53, 0xB3, 0x13, 0x30, 0x94, 0x1A, 0x3B, 0x9E, 0x19, 0x39, 0x9C, 0x19, 0x39, 0x9C, 0x19, 0x39, 0x9C, 0x17, 0x37, 0x9C, 0x16, 0x36, 0x9A, 0x17, 0x36, 0x9B, 0x18, 0x39, 0x9F, 0x19, 0x3A, 0x9F, 0x18, 0x39, 0x9D, 0x17, 0x36, 0x9B, 
        0x18, 0x39, 0x9D, 0x19, 0x3A, 0x9F, 0x18, 0x3A, 0x9D, 0x18, 0x38, 0x9D, 0x1B, 0x3E, 0xA1, 0x20, 0x46, 0xA8, 0x18, 0x38, 0x9E, 0x1A, 0x3B, 0xA1, 0x17, 0x37, 0x9E, 0x19, 0x3B, 0xA0, 0x1B, 0x3E, 0xA3, 0x18, 0x38, 0xA0, 0x18, 0x3B, 0xA0, 
        0x18, 0x3D, 0xA1, 0x1B, 0x40, 0xA3, 0x1A, 0x40, 0xA3, 0x19, 0x3D, 0xA3, 0x18, 0x3C, 0xA3, 0x1B, 0x3F, 0xA5, 0x40, 0x6C, 0xC4, 0x4D, 0x7C, 0xCD, 0x3C, 0x69, 0xBF, 0x37, 0x63, 0xBD, 0x35, 0x5F, 0xBD, 0x2E, 0x56, 0xB9, 0x2B, 0x54, 0xB6, 
        0x27, 0x50, 0xB4, 0x25, 0x4D, 0xB2, 0x23, 0x4A, 0xAF, 0x1E, 0x46, 0xAC, 0x1C, 0x42, 0xAA, 0x1A, 0x3F, 0xA8, 0x19, 0x3F, 0xA5, 0x1A, 0x41, 0xA7, 0x1A, 0x41, 0xA6, 0x1C, 0x43, 0xA8, 0x1A, 0x41, 0xA6, 0x18, 0x3D, 0xA4, 0x19, 0x41, 0xA9, 
        0x19, 0x41, 0xA9, 0x18, 0x3F, 0xA8, 0x18, 0x3F, 0xA8, 0x19, 0x3F, 0xA8, 0x18, 0x3F, 0xA8, 0x17, 0x3E, 0xA7, 0x1C, 0x46, 0xAF, 0x1A, 0x43, 0xAD, 0x1C, 0x45, 0xAF, 0x1F, 0x49, 0xB1, 0x19, 0x41, 0xAA, 0x2C, 0x5E, 0xC0, 0x6A, 0x9F, 0xDE, 
        0x6B, 0xA3, 0xDE, 0x64, 0xA1, 0xDC, 0x62, 0x9F, 0xDA, 0x69, 0xA2, 0xDD, 0x6B, 0xA2, 0xDD, 0x61, 0x99, 0xD9, 0x61, 0x99, 0xD9, 0x5E, 0x96, 0xD8, 0x5C, 0x95, 0xD7, 0x5A, 0x93, 0xD6, 0x59, 0x91, 0xD5, 0x58, 0x90, 0xD5, 0x59, 0x90, 0xD6, 
        0x56, 0x8D, 0xD5, 0x53, 0x8C, 0xD4, 0x51, 0x8A, 0xD3, 0x52, 0x8A, 0xD4, 0x54, 0x8B, 0xD4, 0x58, 0x8F, 0xD6, 0x58, 0x8F, 0xD6, 0x56, 0x8F, 0xD5, 0x54, 0x8E, 0xD4, 0x4A, 0x86, 0xD1, 0x62, 0x9B, 0xDA, 0x63, 0x9A, 0xDB, 0x4C, 0x84, 0xD1, 
        0x46, 0x7F, 0xD0, 0x4A, 0x84, 0xD1, 0x4B, 0x84, 0xD0, 0x4B, 0x84, 0xD0, 0x4B, 0x85, 0xD0, 0x46, 0x81, 0xD0, 0x45, 0x7F, 0xD0, 0x46, 0x81, 0xD0, 0x49, 0x84, 0xD2, 0x49, 0x84, 0xD2, 0x46, 0x83, 0xCF, 0x46, 0x7B, 0xCE, 0x48, 0x7B, 0xCE, 
        0x45, 0x80, 0xCF, 0x3F, 0x7B, 0xCE, 0x31, 0x6C, 0xB7,
  0x45, 0x5F, 0xAE, 0x1A, 0x36, 0x99, 0x16, 0x32, 0x97, 0x17, 0x32, 0x97, 0x1A, 0x37, 0x9A, 0x1A, 0x36, 0x99, 0x18, 0x34, 0x9B, 0x1A, 0x36, 0x9B, 0x1A, 0x38, 0x9A, 0x18, 0x35, 0x99, 0x18, 0x35, 0x99, 0x19, 0x34, 0x99, 0x18, 0x34, 0x99, 0x17, 0x33, 0x96, 
        0x16, 0x31, 0x94, 0x15, 0x30, 0x92, 0x14, 0x30, 0x92, 0x15, 0x31, 0x94, 0x15, 0x31, 0x94, 0x16, 0x32, 0x96, 0x15, 0x32, 0x94, 0x16, 0x32, 0x96, 0x19, 0x38, 0x9A, 0x19, 0x37, 0x9A, 0x17, 0x34, 0x98, 0x16, 0x33, 0x95, 0x15, 0x32, 0x94, 
        0x17, 0x36, 0x97, 0x15, 0x34, 0x95, 0x15, 0x33, 0x94, 0x15, 0x33, 0x96, 0x13, 0x31, 0x94, 0x11, 0x2D, 0x8F, 0x11, 0x2D, 0x8F, 0x13, 0x30, 0x92, 0x14, 0x31, 0x94, 0x15, 0x32, 0x94, 0x15, 0x33, 0x97, 0x16, 0x35, 0x98, 0x17, 0x37, 0x9A, 
        0x18, 0x34, 0x9A, 0x18, 0x35, 0x9A, 0x1A, 0x39, 0x9C, 0x1A, 0x38, 0x9A, 0x1A, 0x37, 0x9B, 0x1F, 0x3D, 0x9F, 0x25, 0x41, 0xA4, 0x2B, 0x4D, 0xAD, 0x3C, 0x69, 0xBC, 0x71, 0x9D, 0xD8, 0x7B, 0xA5, 0xDC, 0x47, 0x75, 0xC6, 0x2F, 0x56, 0xB5, 
        0x1E, 0x41, 0xA3, 0x17, 0x36, 0x99, 0x1B, 0x3C, 0x9F, 0x19, 0x39, 0x9C, 0x18, 0x37, 0x9A, 0x19, 0x38, 0x9C, 0x19, 0x38, 0x9C, 0x18, 0x38, 0x9C, 0x18, 0x39, 0x9C, 0x19, 0x3A, 0x9F, 0x18, 0x38, 0x9D, 0x18, 0x38, 0x9B, 0x18, 0x38, 0x9B, 
        0x18, 0x38, 0x9D, 0x17, 0x38, 0x9B, 0x18, 0x39, 0x9D, 0x19, 0x3B, 0x9F, 0x17, 0x37, 0x9B, 0x17, 0x37, 0x9B, 0x19, 0x3A, 0x9F, 0x18, 0x37, 0x9E, 0x18, 0x37, 0x9E, 0x2D, 0x57, 0xB7, 0x3A, 0x68, 0xC4, 0x1D, 0x40, 0xA5, 0x16, 0x36, 0x9C, 
        0x1B, 0x40, 0xA3, 0x1B, 0x40, 0xA3, 0x1A, 0x3D, 0xA3, 0x1B, 0x3F, 0xA3, 0x1B, 0x3D, 0xA5, 0x18, 0x38, 0xA1, 0x1E, 0x3F, 0xA3, 0x45, 0x75, 0xC9, 0x45, 0x73, 0xC7, 0x38, 0x64, 0xBD, 0x39, 0x64, 0xC0, 0x39, 0x62, 0xC0, 0x2E, 0x56, 0xB7, 
        0x27, 0x50, 0xB2, 0x25, 0x4C, 0xB0, 0x23, 0x4A, 0xAF, 0x20, 0x46, 0xAD, 0x1F, 0x46, 0xAD, 0x1C, 0x42, 0xA9, 0x19, 0x3E, 0xA4, 0x19, 0x3E, 0xA4, 0x18, 0x3D, 0xA4, 0x19, 0x3E, 0xA5, 0x1C, 0x42, 0xA8, 0x1D, 0x43, 0xA9, 0x1C, 0x42, 0xA9, 
        0x1B, 0x42, 0xA9, 0x1A, 0x41, 0xA9, 0x1C, 0x42, 0xA9, 0x1D, 0x43, 0xAB, 0x1B, 0x42, 0xA9, 0x19, 0x3F, 0xA8, 0x1E, 0x47, 0xAF, 0x1D, 0x45, 0xAD, 0x23, 0x4E, 0xB4, 0x23, 0x4E, 0xB4, 0x20, 0x4C, 0xB2, 0x1E, 0x47, 0xAF, 0x41, 0x7C, 0xD0, 
        0x72, 0xA7, 0xE0, 0x64, 0x9F, 0xDC, 0x65, 0xA1, 0xDA, 0x65, 0x9E, 0xDA, 0x65, 0x9C, 0xDA, 0x60, 0x98, 0xD9, 0x5E, 0x97, 0xD8, 0x5D, 0x96, 0xD7, 0x5C, 0x94, 0xD6, 0x5D, 0x93, 0xD6, 0x5A, 0x92, 0xD5, 0x58, 0x90, 0xD5, 0x56, 0x8D, 0xD4, 
        0x56, 0x8D, 0xD4, 0x57, 0x8F, 0xD5, 0x57, 0x8F, 0xD5, 0x53, 0x8C, 0xD3, 0x51, 0x8A, 0xD2, 0x54, 0x8C, 0xD4, 0x52, 0x8B, 0xD4, 0x4E, 0x86, 0xD2, 0x4E, 0x88, 0xD1, 0x50, 0x89, 0xD3, 0x77, 0xAA, 0xE1, 0x76, 0xA9, 0xE0, 0x4F, 0x88, 0xD3, 
        0x46, 0x80, 0xD0, 0x4D, 0x85, 0xD1, 0x4B, 0x85, 0xD1, 0x47, 0x82, 0xCF, 0x4A, 0x84, 0xD0, 0x4A, 0x84, 0xD0, 0x49, 0x81, 0xD0, 0x49, 0x83, 0xD0, 0x4B, 0x84, 0xD2, 0x4B, 0x84, 0xD1, 0x46, 0x81, 0xD0, 0x46, 0x7C, 0xCE, 0x48, 0x7D, 0xCE, 
        0x43, 0x7D, 0xCE, 0x46, 0x83, 0xD1, 0x3C, 0x78, 0xBD,
  0x45, 0x5C, 0xAC, 0x1B, 0x37, 0x9A, 0x1A, 0x35, 0x98, 0x1A, 0x36, 0x99, 0x1C, 0x39, 0x9C, 0x1B, 0x38, 0x9B, 0x1A, 0x37, 0x99, 0x18, 0x34, 0x99, 0x17, 0x32, 0x95, 0x18, 0x34, 0x96, 0x18, 0x35, 0x98, 0x18, 0x36, 0x98, 0x18, 0x33, 0x97, 0x17, 0x32, 0x95, 
        0x17, 0x33, 0x94, 0x17, 0x33, 0x95, 0x16, 0x31, 0x94, 0x16, 0x31, 0x94, 0x17, 0x33, 0x96, 0x18, 0x35, 0x98, 0x15, 0x31, 0x93, 0x15, 0x31, 0x93, 0x17, 0x35, 0x96, 0x15, 0x32, 0x94, 0x15, 0x30, 0x93, 0x16, 0x33, 0x95, 0x17, 0x34, 0x97, 
        0x16, 0x34, 0x96, 0x13, 0x30, 0x92, 0x12, 0x2E, 0x90, 0x15, 0x32, 0x94, 0x15, 0x33, 0x96, 0x12, 0x2D, 0x91, 0x13, 0x31, 0x94, 0x15, 0x33, 0x96, 0x15, 0x32, 0x96, 0x15, 0x31, 0x94, 0x15, 0x32, 0x96, 0x18, 0x37, 0x9A, 0x19, 0x38, 0x9C, 
        0x18, 0x33, 0x98, 0x1A, 0x36, 0x9A, 0x1C, 0x38, 0x9C, 0x1F, 0x3D, 0x9E, 0x21, 0x40, 0xA1, 0x20, 0x3D, 0x9F, 0x21, 0x3C, 0x9F, 0x38, 0x5E, 0xB7, 0x63, 0x8F, 0xD2, 0x60, 0x92, 0xD2, 0x2B, 0x54, 0xAE, 0x16, 0x30, 0x96, 0x19, 0x33, 0x9A, 
        0x18, 0x36, 0x9A, 0x1A, 0x37, 0x9C, 0x1A, 0x39, 0x9C, 0x1A, 0x39, 0x9C, 0x19, 0x37, 0x9A, 0x1A, 0x38, 0x9C, 0x19, 0x39, 0x9E, 0x19, 0x38, 0x9E, 0x17, 0x37, 0x9A, 0x17, 0x36, 0x9A, 0x19, 0x3A, 0x9F, 0x19, 0x39, 0x9D, 0x19, 0x39, 0x9D, 
        0x18, 0x39, 0x9D, 0x19, 0x39, 0x9D, 0x1A, 0x3C, 0x9F, 0x1A, 0x3C, 0x9F, 0x19, 0x3B, 0x9F, 0x1A, 0x3C, 0x9F, 0x1A, 0x3B, 0xA1, 0x19, 0x3A, 0x9F, 0x19, 0x37, 0x9E, 0x23, 0x47, 0xAC, 0x29, 0x51, 0xB3, 0x1B, 0x3B, 0xA2, 0x1A, 0x3B, 0xA0, 
        0x1C, 0x3F, 0xA3, 0x1B, 0x3D, 0xA2, 0x19, 0x3B, 0xA0, 0x1C, 0x3F, 0xA5, 0x1D, 0x40, 0xA7, 0x1C, 0x3D, 0xA5, 0x18, 0x38, 0xA0, 0x2B, 0x54, 0xB3, 0x50, 0x81, 0xCF, 0x47, 0x76, 0xC8, 0x3D, 0x69, 0xC1, 0x39, 0x63, 0xBE, 0x36, 0x5E, 0xBE, 
        0x2F, 0x58, 0xB9, 0x2B, 0x53, 0xB6, 0x27, 0x50, 0xB2, 0x21, 0x47, 0xAD, 0x1E, 0x42, 0xA9, 0x1B, 0x3F, 0xA7, 0x1B, 0x42, 0xA7, 0x1D, 0x43, 0xA9, 0x1E, 0x45, 0xAA, 0x1B, 0x41, 0xA7, 0x18, 0x3B, 0xA2, 0x16, 0x39, 0xA0, 0x19, 0x3F, 0xA6, 
        0x19, 0x3E, 0xA6, 0x1C, 0x42, 0xA9, 0x1F, 0x47, 0xAD, 0x1B, 0x41, 0xA8, 0x17, 0x3B, 0xA2, 0x19, 0x3F, 0xA8, 0x1E, 0x46, 0xAF, 0x1D, 0x45, 0xAD, 0x23, 0x4E, 0xB4, 0x1B, 0x42, 0xAA, 0x20, 0x4A, 0xB1, 0x1D, 0x45, 0xAD, 0x25, 0x54, 0xB7, 
        0x68, 0x9F, 0xDD, 0x6E, 0xA6, 0xDE, 0x64, 0x9F, 0xDA, 0x62, 0x9B, 0xD8, 0x62, 0x98, 0xD9, 0x61, 0x9A, 0xD9, 0x5D, 0x97, 0xD7, 0x5C, 0x94, 0xD6, 0x5D, 0x93, 0xD6, 0x5C, 0x93, 0xD5, 0x5B, 0x90, 0xD5, 0x59, 0x90, 0xD4, 0x57, 0x8D, 0xD4, 
        0x54, 0x8A, 0xD2, 0x56, 0x8C, 0xD4, 0x56, 0x8D, 0xD4, 0x53, 0x8A, 0xD2, 0x53, 0x8A, 0xD2, 0x53, 0x8A, 0xD2, 0x51, 0x86, 0xD2, 0x4E, 0x86, 0xD2, 0x4B, 0x85, 0xD1, 0x51, 0x89, 0xD3, 0x4C, 0x86, 0xD1, 0x50, 0x89, 0xD3, 0x4D, 0x86, 0xD1, 
        0x49, 0x82, 0xD0, 0x4D, 0x85, 0xD1, 0x4C, 0x85, 0xD1, 0x4C, 0x85, 0xD1, 0x4C, 0x85, 0xD0, 0x4F, 0x87, 0xD2, 0x4C, 0x85, 0xD0, 0x4A, 0x81, 0xD0, 0x49, 0x83, 0xD0, 0x49, 0x81, 0xD0, 0x45, 0x7E, 0xCF, 0x43, 0x7F, 0xCF, 0x40, 0x7F, 0xCE, 
        0x3E, 0x82, 0xCF, 0x62, 0xA2, 0xDD, 0x5F, 0x97, 0xCA,
  0x48, 0x61, 0xB2, 0x1B, 0x36, 0x99, 0x1B, 0x37, 0x9A, 0x1D, 0x3B, 0x9E, 0x1A, 0x36, 0x99, 0x16, 0x31, 0x93, 0x16, 0x31, 0x92, 0x17, 0x32, 0x94, 0x17, 0x33, 0x95, 0x18, 0x33, 0x96, 0x18, 0x34, 0x96, 0x18, 0x34, 0x96, 0x16, 0x32, 0x93, 0x16, 0x2F, 0x92, 
        0x15, 0x2E, 0x91, 0x16, 0x31, 0x94, 0x16, 0x31, 0x94, 0x17, 0x31, 0x94, 0x17, 0x33, 0x95, 0x17, 0x33, 0x96, 0x17, 0x32, 0x96, 0x16, 0x32, 0x94, 0x14, 0x2E, 0x91, 0x13, 0x2C, 0x8F, 0x15, 0x31, 0x93, 0x18, 0x34, 0x97, 0x17, 0x33, 0x95, 
        0x15, 0x31, 0x92, 0x15, 0x30, 0x92, 0x13, 0x2F, 0x90, 0x12, 0x2F, 0x8E, 0x13, 0x2F, 0x90, 0x15, 0x30, 0x93, 0x15, 0x31, 0x94, 0x15, 0x31, 0x94, 0x16, 0x32, 0x96, 0x16, 0x32, 0x96, 0x16, 0x32, 0x96, 0x16, 0x33, 0x96, 0x19, 0x35, 0x9A, 
        0x1A, 0x34, 0x9A, 0x1D, 0x38, 0x9C, 0x1F, 0x3A, 0x9E, 0x23, 0x3F, 0xA2, 0x25, 0x43, 0xA3, 0x22, 0x3E, 0xA0, 0x35, 0x5C, 0xB4, 0x6A, 0x94, 0xD5, 0x6A, 0x95, 0xD5, 0x2E, 0x55, 0xB0, 0x18, 0x36, 0x99, 0x1D, 0x38, 0x9F, 0x1A, 0x36, 0x9D, 
        0x1B, 0x3A, 0x9B, 0x1F, 0x3F, 0xA3, 0x1E, 0x3D, 0xA1, 0x1E, 0x3E, 0xA2, 0x1A, 0x37, 0x9C, 0x1A, 0x37, 0x9A, 0x19, 0x37, 0x9A, 0x19, 0x37, 0x9A, 0x19, 0x38, 0x9C, 0x1A, 0x39, 0x9C, 0x19, 0x39, 0x9C, 0x17, 0x34, 0x98, 0x15, 0x32, 0x97, 
        0x15, 0x32, 0x98, 0x1A, 0x3A, 0x9F, 0x1C, 0x3D, 0xA1, 0x18, 0x35, 0x9B, 0x1A, 0x3A, 0x9F, 0x21, 0x44, 0xA8, 0x1C, 0x3E, 0xA2, 0x1A, 0x3A, 0x9F, 0x19, 0x38, 0x9D, 0x1A, 0x3A, 0xA0, 0x18, 0x36, 0x9C, 0x1B, 0x3A, 0xA1, 0x1D, 0x3F, 0xA3, 
        0x1B, 0x3C, 0xA2, 0x1C, 0x3C, 0xA3, 0x1C, 0x3D, 0xA3, 0x1D, 0x40, 0xA5, 0x1D, 0x40, 0xA7, 0x1D, 0x3F, 0xA7, 0x1D, 0x40, 0xA7, 0x1A, 0x3C, 0xA1, 0x3C, 0x6C, 0xC1, 0x5B, 0x8A, 0xD2, 0x43, 0x70, 0xC4, 0x3C, 0x64, 0xBE, 0x39, 0x62, 0xC0, 
        0x33, 0x5A, 0xBB, 0x2E, 0x54, 0xB6, 0x2B, 0x52, 0xB4, 0x26, 0x4C, 0xB0, 0x23, 0x46, 0xAD, 0x20, 0x46, 0xAC, 0x1E, 0x45, 0xAB, 0x1D, 0x42, 0xA9, 0x1D, 0x42, 0xA8, 0x1C, 0x42, 0xA8, 0x1C, 0x41, 0xA7, 0x1D, 0x42, 0xA8, 0x18, 0x3D, 0xA4, 
        0x15, 0x37, 0xA0, 0x19, 0x3E, 0xA5, 0x1C, 0x42, 0xA9, 0x19, 0x3E, 0xA6, 0x19, 0x3D, 0xA5, 0x1B, 0x42, 0xA9, 0x1D, 0x43, 0xAB, 0x1D, 0x43, 0xAC, 0x20, 0x49, 0xB0, 0x1C, 0x42, 0xAB, 0x23, 0x4C, 0xB1, 0x1E, 0x46, 0xAD, 0x17, 0x3D, 0xA7, 
        0x3F, 0x7A, 0xCD, 0x72, 0xA8, 0xDE, 0x64, 0x9E, 0xD9, 0x65, 0x9D, 0xD9, 0x64, 0x9A, 0xD8, 0x5E, 0x97, 0xD6, 0x5D, 0x97, 0xD6, 0x5D, 0x94, 0xD6, 0x5C, 0x93, 0xD6, 0x5B, 0x92, 0xD5, 0x5A, 0x90, 0xD4, 0x5A, 0x8F, 0xD4, 0x56, 0x8C, 0xD3, 
        0x53, 0x8A, 0xD2, 0x57, 0x8D, 0xD4, 0x58, 0x8D, 0xD4, 0x53, 0x8A, 0xD2, 0x52, 0x89, 0xD2, 0x52, 0x89, 0xD2, 0x50, 0x86, 0xD1, 0x52, 0x88, 0xD2, 0x55, 0x8B, 0xD4, 0x66, 0x99, 0xDA, 0x51, 0x89, 0xD3, 0x48, 0x81, 0xD0, 0x49, 0x81, 0xD0, 
        0x4E, 0x86, 0xD1, 0x4E, 0x85, 0xD1, 0x4B, 0x82, 0xD1, 0x4E, 0x85, 0xD1, 0x4B, 0x84, 0xD1, 0x4C, 0x85, 0xD0, 0x4A, 0x84, 0xD0, 0x49, 0x82, 0xD0, 0x49, 0x81, 0xCF, 0x48, 0x81, 0xCF, 0x48, 0x81, 0xCF, 0x45, 0x83, 0xD0, 0x3E, 0x81, 0xCF, 
        0x41, 0x87, 0xD1, 0x6F, 0xAD, 0xE1, 0x67, 0x9E, 0xCC,
  0x42, 0x58, 0xA8, 0x1B, 0x38, 0x99, 0x1C, 0x38, 0x99, 0x1A, 0x35, 0x97, 0x19, 0x34, 0x96, 0x1A, 0x35, 0x97, 0x1A, 0x35, 0x97, 0x1A, 0x36, 0x96, 0x1B, 0x37, 0x97, 0x18, 0x33, 0x96, 0x17, 0x32, 0x94, 0x17, 0x32, 0x94, 0x16, 0x31, 0x92, 0x15, 0x2E, 0x90, 
        0x14, 0x2D, 0x90, 0x17, 0x32, 0x94, 0x18, 0x34, 0x95, 0x18, 0x34, 0x96, 0x18, 0x34, 0x97, 0x17, 0x31, 0x94, 0x16, 0x31, 0x94, 0x17, 0x32, 0x94, 0x16, 0x31, 0x93, 0x15, 0x30, 0x92, 0x16, 0x31, 0x94, 0x16, 0x32, 0x93, 0x15, 0x30, 0x92, 
        0x15, 0x32, 0x92, 0x15, 0x30, 0x90, 0x13, 0x2E, 0x8E, 0x12, 0x2E, 0x8E, 0x12, 0x2E, 0x8E, 0x13, 0x2F, 0x8E, 0x15, 0x30, 0x94, 0x16, 0x31, 0x96, 0x16, 0x31, 0x96, 0x17, 0x34, 0x98, 0x19, 0x36, 0x99, 0x17, 0x35, 0x98, 0x19, 0x34, 0x98, 
        0x1E, 0x37, 0x9C, 0x22, 0x3D, 0xA1, 0x21, 0x3C, 0x9F, 0x1F, 0x38, 0x9C, 0x28, 0x45, 0xA7, 0x36, 0x55, 0xB5, 0x80, 0xA9, 0xDC, 0x73, 0x9F, 0xD8, 0x2A, 0x4D, 0xAA, 0x1A, 0x34, 0x9A, 0x1B, 0x35, 0x9F, 0x1D, 0x3C, 0xA3, 0x1D, 0x3B, 0x9F, 
        0x1F, 0x3B, 0x9F, 0x2A, 0x4B, 0xAD, 0x2A, 0x4B, 0xAE, 0x29, 0x4A, 0xAC, 0x20, 0x3C, 0xA0, 0x1D, 0x3B, 0x9F, 0x1B, 0x3B, 0x9E, 0x18, 0x36, 0x9A, 0x1A, 0x39, 0x9E, 0x19, 0x37, 0x9C, 0x17, 0x34, 0x98, 0x20, 0x42, 0xA3, 0x2D, 0x54, 0xB4, 
        0x23, 0x46, 0xAB, 0x19, 0x38, 0x9D, 0x19, 0x39, 0x9D, 0x1A, 0x38, 0x9D, 0x1B, 0x3C, 0x9F, 0x1C, 0x3D, 0xA1, 0x1B, 0x3B, 0xA1, 0x1A, 0x3B, 0x9F, 0x1A, 0x3B, 0x9F, 0x1C, 0x3E, 0xA2, 0x1D, 0x3E, 0xA3, 0x1C, 0x3C, 0xA3, 0x1D, 0x3E, 0xA3, 
        0x1D, 0x3E, 0xA3, 0x1D, 0x3E, 0xA3, 0x1F, 0x40, 0xA7, 0x1D, 0x3D, 0xA5, 0x1D, 0x3D, 0xA5, 0x1E, 0x41, 0xA9, 0x1D, 0x43, 0xAA, 0x19, 0x3C, 0xA1, 0x21, 0x45, 0xA5, 0x4C, 0x7B, 0xC9, 0x52, 0x7C, 0xCC, 0x42, 0x6A, 0xC2, 0x3E, 0x69, 0xC4, 
        0x37, 0x60, 0xBE, 0x32, 0x58, 0xBB, 0x2F, 0x56, 0xB8, 0x2A, 0x50, 0xB4, 0x26, 0x4A, 0xAF, 0x25, 0x4C, 0xB1, 0x20, 0x49, 0xAD, 0x1C, 0x41, 0xA7, 0x1B, 0x3F, 0xA6, 0x1B, 0x41, 0xA7, 0x1C, 0x41, 0xA7, 0x1E, 0x43, 0xA9, 0x1F, 0x47, 0xAC, 
        0x1D, 0x43, 0xA9, 0x1B, 0x41, 0xA7, 0x1A, 0x3F, 0xA6, 0x1A, 0x3F, 0xA6, 0x1D, 0x42, 0xA8, 0x1D, 0x43, 0xAA, 0x19, 0x3F, 0xA9, 0x1D, 0x43, 0xAB, 0x21, 0x49, 0xB0, 0x21, 0x49, 0xB0, 0x21, 0x4A, 0xB1, 0x20, 0x47, 0xAF, 0x18, 0x3D, 0xA9, 
        0x1E, 0x4C, 0xAD, 0x5B, 0x97, 0xD6, 0x6C, 0xA5, 0xDC, 0x61, 0x9A, 0xD6, 0x62, 0x97, 0xD6, 0x60, 0x97, 0xD6, 0x5E, 0x96, 0xD6, 0x5B, 0x94, 0xD6, 0x5B, 0x94, 0xD5, 0x5B, 0x91, 0xD5, 0x5A, 0x8F, 0xD5, 0x59, 0x8F, 0xD3, 0x56, 0x8A, 0xD2, 
        0x54, 0x8A, 0xD2, 0x5B, 0x90, 0xD5, 0x5D, 0x90, 0xD5, 0x55, 0x8A, 0xD2, 0x51, 0x87, 0xD1, 0x53, 0x87, 0xD2, 0x54, 0x87, 0xD2, 0x54, 0x89, 0xD2, 0x55, 0x89, 0xD4, 0x5C, 0x90, 0xD6, 0x52, 0x88, 0xD4, 0x4E, 0x86, 0xD1, 0x51, 0x88, 0xD2, 
        0x50, 0x88, 0xD2, 0x50, 0x86, 0xD1, 0x4E, 0x84, 0xD1, 0x50, 0x85, 0xD1, 0x4B, 0x82, 0xD0, 0x4A, 0x82, 0xD0, 0x4B, 0x82, 0xD0, 0x49, 0x80, 0xCF, 0x4A, 0x82, 0xD0, 0x4A, 0x81, 0xD0, 0x49, 0x81, 0xCF, 0x4A, 0x7F, 0xD0, 0x49, 0x7F, 0xD0, 
        0x45, 0x7F, 0xD0, 0x58, 0x93, 0xD6, 0x48, 0x80, 0xC1,
  0x41, 0x57, 0xA8, 0x19, 0x33, 0x96, 0x18, 0x32, 0x94, 0x16, 0x2E, 0x91, 0x18, 0x32, 0x95, 0x18, 0x34, 0x95, 0x16, 0x30, 0x92, 0x17, 0x31, 0x92, 0x17, 0x33, 0x93, 0x17, 0x32, 0x92, 0x17, 0x31, 0x94, 0x16, 0x31, 0x92, 0x16, 0x2F, 0x92, 0x16, 0x31, 0x91, 
        0x18, 0x35, 0x96, 0x19, 0x34, 0x97, 0x17, 0x32, 0x94, 0x16, 0x30, 0x90, 0x15, 0x2F, 0x90, 0x14, 0x2E, 0x8F, 0x14, 0x2E, 0x8E, 0x17, 0x33, 0x94, 0x17, 0x33, 0x94, 0x15, 0x2F, 0x8F, 0x15, 0x30, 0x91, 0x17, 0x32, 0x93, 0x15, 0x30, 0x91, 
        0x15, 0x2E, 0x90, 0x13, 0x2E, 0x8E, 0x13, 0x2D, 0x8E, 0x15, 0x2E, 0x90, 0x15, 0x30, 0x92, 0x16, 0x31, 0x92, 0x16, 0x32, 0x92, 0x17, 0x31, 0x94, 0x17, 0x32, 0x96, 0x19, 0x34, 0x98, 0x19, 0x34, 0x98, 0x1B, 0x35, 0x9B, 0x1D, 0x3A, 0x9D, 
        0x1B, 0x37, 0x99, 0x1E, 0x38, 0x9C, 0x1D, 0x33, 0x98, 0x26, 0x42, 0xA3, 0x38, 0x5A, 0xB4, 0x5C, 0x84, 0xCD, 0x69, 0x94, 0xD4, 0x26, 0x4A, 0xA5, 0x18, 0x33, 0x96, 0x25, 0x42, 0xA6, 0x21, 0x3D, 0xA3, 0x1A, 0x36, 0x9B, 0x1D, 0x3B, 0x9D, 
        0x1E, 0x3C, 0x9F, 0x25, 0x47, 0xA8, 0x29, 0x4C, 0xAD, 0x27, 0x4A, 0xAC, 0x1E, 0x3B, 0xA0, 0x1B, 0x38, 0x9C, 0x1B, 0x3B, 0x9E, 0x19, 0x38, 0x9A, 0x1A, 0x38, 0x9A, 0x17, 0x34, 0x97, 0x19, 0x37, 0x9A, 0x43, 0x70, 0xC7, 0x7C, 0xA6, 0xDF, 
        0x49, 0x7C, 0xCC, 0x1A, 0x36, 0x9B, 0x1A, 0x38, 0x9D, 0x1B, 0x3D, 0xA1, 0x19, 0x36, 0x9B, 0x19, 0x32, 0x99, 0x1E, 0x40, 0xA3, 0x32, 0x5C, 0xB9, 0x1F, 0x42, 0xA4, 0x18, 0x36, 0x9B, 0x1E, 0x3F, 0xA3, 0x1D, 0x3C, 0xA3, 0x1D, 0x3B, 0xA3, 
        0x1E, 0x3E, 0xA5, 0x1F, 0x3F, 0xA7, 0x1D, 0x3E, 0xA5, 0x1C, 0x3B, 0xA3, 0x1E, 0x3F, 0xA7, 0x1F, 0x41, 0xAA, 0x1E, 0x41, 0xAA, 0x1E, 0x41, 0xA7, 0x1B, 0x3C, 0xA0, 0x29, 0x4F, 0xAE, 0x54, 0x82, 0xCF, 0x4B, 0x78, 0xC9, 0x42, 0x6D, 0xC2, 
        0x3D, 0x67, 0xBF, 0x39, 0x60, 0xBE, 0x35, 0x5D, 0xBC, 0x30, 0x59, 0xB9, 0x2A, 0x52, 0xB4, 0x21, 0x47, 0xAF, 0x1F, 0x46, 0xAB, 0x21, 0x47, 0xAD, 0x20, 0x46, 0xAC, 0x1F, 0x46, 0xAB, 0x1C, 0x41, 0xA7, 0x18, 0x3B, 0xA2, 0x19, 0x3D, 0xA4, 
        0x1A, 0x3E, 0xA5, 0x1A, 0x3E, 0xA6, 0x1A, 0x3E, 0xA6, 0x1A, 0x3F, 0xA6, 0x1C, 0x41, 0xA7, 0x18, 0x3B, 0xA4, 0x18, 0x3A, 0xA4, 0x1D, 0x43, 0xAB, 0x1C, 0x41, 0xA9, 0x1C, 0x42, 0xAB, 0x1F, 0x45, 0xAD, 0x20, 0x47, 0xAF, 0x23, 0x4C, 0xB4, 
        0x1A, 0x42, 0xA8, 0x33, 0x68, 0xBE, 0x6F, 0xA2, 0xDC, 0x65, 0x9A, 0xD7, 0x64, 0x97, 0xD6, 0x62, 0x97, 0xD6, 0x5F, 0x96, 0xD6, 0x5E, 0x94, 0xD6, 0x5C, 0x93, 0xD5, 0x5C, 0x91, 0xD5, 0x59, 0x8D, 0xD5, 0x5A, 0x8F, 0xD5, 0x5B, 0x8F, 0xD4, 
        0x57, 0x8C, 0xD3, 0x57, 0x8D, 0xD3, 0x57, 0x8D, 0xD3, 0x55, 0x8A, 0xD2, 0x55, 0x8A, 0xD2, 0x50, 0x87, 0xD1, 0x51, 0x89, 0xD2, 0x4E, 0x86, 0xD1, 0x51, 0x87, 0xD1, 0x4E, 0x85, 0xD1, 0x4D, 0x83, 0xD1, 0x51, 0x85, 0xD2, 0x53, 0x85, 0xD0, 
        0x54, 0x88, 0xD1, 0x50, 0x86, 0xD1, 0x4F, 0x86, 0xD0, 0x51, 0x87, 0xD1, 0x4F, 0x87, 0xD1, 0x4A, 0x84, 0xD0, 0x53, 0x8A, 0xD3, 0x5C, 0x92, 0xD6, 0x4F, 0x87, 0xD0, 0x49, 0x82, 0xCF, 0x4A, 0x84, 0xD0, 0x4A, 0x81, 0xD0, 0x4C, 0x81, 0xD0, 
        0x4B, 0x81, 0xD0, 0x46, 0x7F, 0xD0, 0x35, 0x6F, 0xB9,
  0x45, 0x5D, 0xAE, 0x19, 0x34, 0x98, 0x19, 0x34, 0x98, 0x19, 0x34, 0x96, 0x19, 0x33, 0x94, 0x16, 0x30, 0x90, 0x16, 0x2F, 0x90, 0x17, 0x31, 0x92, 0x15, 0x2F, 0x90, 0x17, 0x32, 0x92, 0x17, 0x32, 0x92, 0x17, 0x31, 0x94, 0x17, 0x31, 0x94, 0x17, 0x32, 0x94, 
        0x15, 0x2F, 0x8F, 0x14, 0x2E, 0x8D, 0x16, 0x2F, 0x90, 0x16, 0x2F, 0x90, 0x16, 0x30, 0x90, 0x14, 0x2E, 0x8C, 0x16, 0x30, 0x90, 0x18, 0x34, 0x94, 0x17, 0x32, 0x93, 0x14, 0x2E, 0x8F, 0x15, 0x30, 0x91, 0x15, 0x30, 0x91, 0x14, 0x2E, 0x8F, 
        0x13, 0x2C, 0x8D, 0x15, 0x2E, 0x90, 0x16, 0x31, 0x92, 0x16, 0x30, 0x92, 0x17, 0x30, 0x92, 0x19, 0x32, 0x94, 0x19, 0x33, 0x94, 0x17, 0x32, 0x92, 0x17, 0x31, 0x94, 0x19, 0x33, 0x98, 0x1A, 0x34, 0x99, 0x1C, 0x35, 0x9C, 0x1E, 0x38, 0x9D, 
        0x1F, 0x3C, 0x9F, 0x23, 0x3F, 0x9F, 0x2E, 0x4C, 0xAA, 0x3F, 0x65, 0xBA, 0x5D, 0x85, 0xCD, 0x82, 0xA6, 0xDB, 0x3C, 0x61, 0xBD, 0x1B, 0x31, 0x98, 0x21, 0x3F, 0xA0, 0x21, 0x40, 0xA1, 0x20, 0x3E, 0x9F, 0x1B, 0x37, 0x9A, 0x1D, 0x39, 0x9B, 
        0x19, 0x37, 0x9B, 0x1A, 0x38, 0x9B, 0x1E, 0x3E, 0xA0, 0x1E, 0x3D, 0x9F, 0x1B, 0x3A, 0x9E, 0x1A, 0x36, 0x9C, 0x19, 0x37, 0x9A, 0x1A, 0x38, 0x9A, 0x1A, 0x39, 0x9C, 0x19, 0x37, 0x9A, 0x19, 0x36, 0x99, 0x3D, 0x69, 0xC0, 0x6F, 0x9D, 0xDA, 
        0x3B, 0x6D, 0xC0, 0x1D, 0x38, 0x9D, 0x19, 0x36, 0x9A, 0x16, 0x39, 0x9A, 0x21, 0x43, 0xA4, 0x1C, 0x34, 0x9A, 0x1B, 0x3A, 0x9D, 0x2D, 0x54, 0xB2, 0x22, 0x46, 0xA8, 0x1A, 0x3A, 0x9F, 0x1C, 0x3C, 0xA1, 0x1C, 0x3C, 0xA1, 0x1D, 0x3B, 0xA5, 
        0x1D, 0x3B, 0xA5, 0x1E, 0x3C, 0xA7, 0x1E, 0x3C, 0xA7, 0x1E, 0x3C, 0xA7, 0x20, 0x40, 0xAA, 0x1F, 0x40, 0xA9, 0x20, 0x41, 0xAA, 0x20, 0x41, 0xA9, 0x20, 0x43, 0xA9, 0x1D, 0x3F, 0xA3, 0x33, 0x5F, 0xB8, 0x57, 0x89, 0xD2, 0x4E, 0x79, 0xC7, 
        0x43, 0x6D, 0xC0, 0x3D, 0x66, 0xBD, 0x37, 0x5F, 0xBB, 0x30, 0x59, 0xB8, 0x2C, 0x54, 0xB6, 0x29, 0x50, 0xB4, 0x27, 0x4D, 0xB2, 0x24, 0x49, 0xAF, 0x1F, 0x45, 0xAA, 0x1E, 0x42, 0xA9, 0x1D, 0x42, 0xA8, 0x1C, 0x41, 0xA7, 0x1A, 0x3D, 0xA4, 
        0x19, 0x3B, 0xA4, 0x1A, 0x3D, 0xA5, 0x1A, 0x3E, 0xA5, 0x18, 0x3B, 0xA4, 0x19, 0x3E, 0xA5, 0x17, 0x3A, 0xA2, 0x18, 0x3A, 0xA2, 0x1B, 0x3F, 0xA7, 0x18, 0x3A, 0xA4, 0x1D, 0x42, 0xAB, 0x20, 0x47, 0xAF, 0x1F, 0x46, 0xAF, 0x21, 0x4A, 0xB1, 
        0x1C, 0x41, 0xA9, 0x1A, 0x3F, 0xA5, 0x4C, 0x82, 0xD0, 0x75, 0xA3, 0xDD, 0x69, 0x9B, 0xD9, 0x5F, 0x94, 0xD5, 0x60, 0x94, 0xD6, 0x5E, 0x93, 0xD5, 0x5B, 0x91, 0xD5, 0x5D, 0x91, 0xD5, 0x5A, 0x91, 0xD5, 0x56, 0x8C, 0xD3, 0x58, 0x8D, 0xD3, 
        0x58, 0x8D, 0xD2, 0x56, 0x8A, 0xD2, 0x54, 0x8A, 0xD2, 0x54, 0x8A, 0xD1, 0x52, 0x89, 0xD1, 0x57, 0x90, 0xD4, 0x60, 0x96, 0xD7, 0x55, 0x8C, 0xD2, 0x51, 0x87, 0xD1, 0x51, 0x87, 0xD1, 0x50, 0x86, 0xD1, 0x53, 0x86, 0xD1, 0x50, 0x83, 0xD1, 
        0x4F, 0x83, 0xD0, 0x51, 0x86, 0xD0, 0x50, 0x86, 0xD1, 0x50, 0x86, 0xD1, 0x4F, 0x85, 0xD1, 0x49, 0x82, 0xD0, 0x5B, 0x92, 0xD6, 0x70, 0xA2, 0xDD, 0x56, 0x8E, 0xD3, 0x49, 0x82, 0xCF, 0x4A, 0x84, 0xCF, 0x4B, 0x84, 0xD0, 0x4A, 0x83, 0xD0, 
        0x4E, 0x87, 0xD2, 0x49, 0x83, 0xD0, 0x39, 0x72, 0xBA,
  0x45, 0x5C, 0xAA, 0x1A, 0x33, 0x98, 0x1A, 0x34, 0x97, 0x1A, 0x35, 0x97, 0x17, 0x30, 0x91, 0x16, 0x2E, 0x8F, 0x18, 0x32, 0x92, 0x17, 0x31, 0x92, 0x16, 0x2F, 0x92, 0x16, 0x2E, 0x90, 0x15, 0x2F, 0x90, 0x16, 0x2F, 0x90, 0x16, 0x2F, 0x92, 0x16, 0x2F, 0x92, 
        0x14, 0x2D, 0x8D, 0x15, 0x2E, 0x8F, 0x16, 0x31, 0x90, 0x16, 0x2F, 0x90, 0x16, 0x2F, 0x90, 0x16, 0x30, 0x90, 0x18, 0x34, 0x94, 0x17, 0x31, 0x91, 0x14, 0x2E, 0x8E, 0x16, 0x31, 0x92, 0x14, 0x2E, 0x8F, 0x12, 0x2A, 0x8B, 0x14, 0x2E, 0x8F, 
        0x15, 0x2F, 0x90, 0x16, 0x31, 0x91, 0x17, 0x32, 0x93, 0x17, 0x31, 0x93, 0x17, 0x30, 0x92, 0x18, 0x31, 0x93, 0x17, 0x32, 0x93, 0x18, 0x32, 0x94, 0x19, 0x33, 0x95, 0x1B, 0x34, 0x99, 0x1D, 0x37, 0x9D, 0x1E, 0x39, 0x9D, 0x21, 0x39, 0x9F, 
        0x2B, 0x42, 0xA7, 0x2B, 0x4A, 0xA6, 0x31, 0x56, 0xAB, 0x5C, 0x86, 0xCD, 0x7C, 0x9F, 0xD9, 0x3B, 0x65, 0xBB, 0x21, 0x3D, 0xA0, 0x21, 0x3C, 0x9E, 0x23, 0x40, 0xA1, 0x1E, 0x3A, 0x9C, 0x1D, 0x39, 0x9B, 0x20, 0x3D, 0x9F, 0x22, 0x41, 0xA3, 
        0x1D, 0x39, 0x9D, 0x1A, 0x36, 0x99, 0x19, 0x36, 0x99, 0x1A, 0x36, 0x9A, 0x1A, 0x36, 0x9A, 0x1A, 0x36, 0x9C, 0x1A, 0x37, 0x9A, 0x1A, 0x38, 0x9A, 0x1C, 0x3B, 0x9C, 0x1A, 0x38, 0x9C, 0x17, 0x32, 0x96, 0x1D, 0x3C, 0x9E, 0x2D, 0x55, 0xB3, 
        0x20, 0x3D, 0xA0, 0x1B, 0x33, 0x98, 0x15, 0x2F, 0x92, 0x29, 0x58, 0xB2, 0x59, 0x8E, 0xD4, 0x2E, 0x57, 0xB2, 0x18, 0x35, 0x9A, 0x1C, 0x3A, 0x9F, 0x1F, 0x3F, 0xA4, 0x1D, 0x3C, 0xA2, 0x1C, 0x3A, 0xA1, 0x1E, 0x3F, 0xA3, 0x20, 0x40, 0xA6, 
        0x1E, 0x3E, 0xA5, 0x1F, 0x3E, 0xA5, 0x1E, 0x3E, 0xA5, 0x20, 0x3F, 0xA8, 0x21, 0x42, 0xAA, 0x1F, 0x3F, 0xA8, 0x25, 0x48, 0xAE, 0x21, 0x44, 0xA9, 0x23, 0x45, 0xA9, 0x26, 0x4C, 0xAC, 0x27, 0x4D, 0xAC, 0x3C, 0x69, 0xBF, 0x59, 0x84, 0xCF, 
        0x4E, 0x79, 0xC9, 0x40, 0x6A, 0xC0, 0x3C, 0x67, 0xBF, 0x37, 0x5F, 0xBE, 0x2F, 0x56, 0xB6, 0x2E, 0x53, 0xB6, 0x27, 0x4D, 0xB1, 0x24, 0x47, 0xAD, 0x24, 0x49, 0xAD, 0x20, 0x45, 0xAA, 0x1D, 0x42, 0xA8, 0x1F, 0x43, 0xA9, 0x1F, 0x42, 0xA9, 
        0x1D, 0x3F, 0xA6, 0x1C, 0x3F, 0xA6, 0x1A, 0x3E, 0xA5, 0x19, 0x3D, 0xA4, 0x19, 0x3D, 0xA5, 0x1C, 0x41, 0xA8, 0x1A, 0x3E, 0xA6, 0x18, 0x3B, 0xA4, 0x19, 0x3E, 0xA6, 0x1F, 0x45, 0xAD, 0x1E, 0x43, 0xAD, 0x1E, 0x45, 0xAD, 0x1D, 0x43, 0xAB, 
        0x1A, 0x3F, 0xA7, 0x1A, 0x41, 0xA6, 0x28, 0x55, 0xB3, 0x61, 0x94, 0xD7, 0x6F, 0x9F, 0xDC, 0x62, 0x96, 0xD6, 0x61, 0x94, 0xD5, 0x61, 0x94, 0xD5, 0x5D, 0x91, 0xD5, 0x5D, 0x91, 0xD5, 0x5D, 0x92, 0xD4, 0x58, 0x8E, 0xD3, 0x59, 0x8D, 0xD3, 
        0x5A, 0x8D, 0xD4, 0x5A, 0x8D, 0xD3, 0x58, 0x8D, 0xD2, 0x55, 0x8A, 0xD2, 0x53, 0x89, 0xD1, 0x66, 0x99, 0xD8, 0x73, 0xA3, 0xDD, 0x5F, 0x93, 0xD6, 0x4E, 0x86, 0xCF, 0x53, 0x89, 0xD1, 0x55, 0x89, 0xD2, 0x51, 0x89, 0xD2, 0x4B, 0x89, 0xD2, 
        0x47, 0x83, 0xCF, 0x4B, 0x86, 0xD0, 0x53, 0x89, 0xD1, 0x4E, 0x85, 0xD0, 0x4F, 0x85, 0xD0, 0x4A, 0x84, 0xD0, 0x56, 0x8D, 0xD4, 0x5F, 0x95, 0xD7, 0x4E, 0x87, 0xD1, 0x4A, 0x84, 0xCF, 0x4C, 0x85, 0xD0, 0x4E, 0x85, 0xD0, 0x4D, 0x84, 0xD0, 
        0x4B, 0x83, 0xD0, 0x4C, 0x84, 0xD0, 0x3C, 0x74, 0xBB,
  0x43, 0x58, 0xA6, 0x18, 0x30, 0x92, 0x19, 0x31, 0x94, 0x19, 0x33, 0x96, 0x16, 0x2D, 0x8D, 0x16, 0x2D, 0x8D, 0x19, 0x32, 0x91, 0x17, 0x30, 0x90, 0x16, 0x2F, 0x90, 0x16, 0x2D, 0x8E, 0x16, 0x2E, 0x90, 0x16, 0x2F, 0x90, 0x16, 0x2F, 0x90, 0x16, 0x2D, 0x91, 
        0x17, 0x31, 0x91, 0x17, 0x32, 0x92, 0x16, 0x31, 0x90, 0x15, 0x2E, 0x8F, 0x16, 0x2E, 0x90, 0x17, 0x31, 0x92, 0x18, 0x34, 0x94, 0x16, 0x2F, 0x90, 0x14, 0x2D, 0x8E, 0x17, 0x30, 0x90, 0x16, 0x31, 0x92, 0x15, 0x2F, 0x91, 0x17, 0x31, 0x93, 
        0x15, 0x2F, 0x90, 0x15, 0x2F, 0x91, 0x15, 0x30, 0x90, 0x16, 0x2F, 0x92, 0x18, 0x30, 0x94, 0x1B, 0x33, 0x96, 0x1B, 0x34, 0x98, 0x1C, 0x36, 0x9A, 0x1C, 0x36, 0x99, 0x1B, 0x34, 0x95, 0x1D, 0x35, 0x99, 0x21, 0x3A, 0x9D, 0x24, 0x3C, 0xA1, 
        0x2A, 0x3E, 0xA2, 0x33, 0x53, 0xAB, 0x49, 0x75, 0xBF, 0x73, 0x9B, 0xD5, 0x3E, 0x69, 0xBC, 0x1D, 0x37, 0x9C, 0x22, 0x3D, 0xA1, 0x24, 0x3F, 0xA1, 0x20, 0x3B, 0x9E, 0x1E, 0x38, 0x9A, 0x1D, 0x38, 0x9A, 0x24, 0x42, 0xA4, 0x27, 0x46, 0xA8, 
        0x20, 0x3E, 0xA1, 0x1D, 0x38, 0x9B, 0x1A, 0x36, 0x9A, 0x1B, 0x37, 0x9A, 0x1B, 0x38, 0x9B, 0x1B, 0x38, 0x9B, 0x1A, 0x37, 0x9A, 0x1B, 0x37, 0x9C, 0x1B, 0x38, 0x9C, 0x1C, 0x39, 0x9C, 0x1C, 0x3B, 0x9E, 0x1C, 0x39, 0x9C, 0x22, 0x41, 0xA3, 
        0x1E, 0x37, 0x9C, 0x1A, 0x2E, 0x94, 0x23, 0x46, 0xA5, 0x6A, 0x9F, 0xDA, 0x91, 0xBE, 0xE6, 0x4B, 0x80, 0xCC, 0x19, 0x35, 0x9A, 0x1E, 0x3D, 0xA1, 0x1C, 0x3A, 0xA1, 0x1C, 0x39, 0x9F, 0x1E, 0x3C, 0xA1, 0x1F, 0x3F, 0xA4, 0x1E, 0x3C, 0xA3, 
        0x1E, 0x3E, 0xA4, 0x1F, 0x3E, 0xA5, 0x1F, 0x3C, 0xA5, 0x21, 0x40, 0xA7, 0x20, 0x3F, 0xA7, 0x21, 0x42, 0xA9, 0x25, 0x47, 0xAD, 0x22, 0x44, 0xA9, 0x24, 0x47, 0xAA, 0x28, 0x4C, 0xAE, 0x39, 0x63, 0xBE, 0x36, 0x60, 0xBC, 0x49, 0x75, 0xC7, 
        0x54, 0x81, 0xCD, 0x42, 0x6D, 0xC2, 0x39, 0x62, 0xBB, 0x38, 0x5F, 0xBB, 0x34, 0x5A, 0xB9, 0x30, 0x56, 0xB7, 0x2A, 0x4F, 0xB4, 0x26, 0x4A, 0xAF, 0x25, 0x4A, 0xAF, 0x23, 0x47, 0xAC, 0x1F, 0x43, 0xA8, 0x1F, 0x42, 0xA8, 0x1E, 0x41, 0xA8, 
        0x1E, 0x3F, 0xA8, 0x1E, 0x42, 0xA9, 0x1E, 0x42, 0xA9, 0x1A, 0x3D, 0xA4, 0x17, 0x39, 0xA2, 0x19, 0x3D, 0xA4, 0x1B, 0x3F, 0xA5, 0x1C, 0x41, 0xA6, 0x1F, 0x43, 0xAA, 0x1F, 0x43, 0xAB, 0x1F, 0x43, 0xAD, 0x23, 0x49, 0xB1, 0x1D, 0x43, 0xAB, 
        0x1C, 0x41, 0xA9, 0x24, 0x4C, 0xB0, 0x1E, 0x45, 0xA9, 0x2E, 0x5C, 0xB9, 0x4D, 0x83, 0xD0, 0x5E, 0x92, 0xD5, 0x62, 0x97, 0xD6, 0x68, 0x9A, 0xD9, 0x5F, 0x94, 0xD5, 0x58, 0x8E, 0xD2, 0x5B, 0x91, 0xD3, 0x5A, 0x8E, 0xD3, 0x58, 0x8D, 0xD3, 
        0x58, 0x8C, 0xD3, 0x58, 0x8C, 0xD3, 0x57, 0x8A, 0xD2, 0x56, 0x8A, 0xD2, 0x55, 0x8A, 0xD2, 0x60, 0x94, 0xD6, 0x67, 0x9A, 0xD8, 0x59, 0x8D, 0xD3, 0x4E, 0x84, 0xCF, 0x54, 0x89, 0xD1, 0x54, 0x87, 0xD1, 0x52, 0x8D, 0xD2, 0x63, 0xA0, 0xDB, 
        0x66, 0xA0, 0xDB, 0x52, 0x8E, 0xD4, 0x50, 0x88, 0xD0, 0x51, 0x85, 0xD0, 0x52, 0x86, 0xD0, 0x50, 0x88, 0xD1, 0x4D, 0x85, 0xD0, 0x4B, 0x84, 0xD0, 0x49, 0x80, 0xCE, 0x50, 0x88, 0xD1, 0x53, 0x8A, 0xD2, 0x4F, 0x85, 0xD0, 0x4E, 0x84, 0xD0, 
        0x4D, 0x84, 0xD0, 0x4D, 0x86, 0xD0, 0x3E, 0x75, 0xBC,
  0x44, 0x58, 0xA7, 0x17, 0x2D, 0x8E, 0x17, 0x2D, 0x8E, 0x18, 0x2E, 0x91, 0x14, 0x2C, 0x8B, 0x16, 0x2C, 0x8B, 0x18, 0x2F, 0x8D, 0x17, 0x2E, 0x8D, 0x16, 0x2E, 0x90, 0x17, 0x2F, 0x90, 0x18, 0x30, 0x92, 0x19, 0x31, 0x92, 0x18, 0x31, 0x92, 0x17, 0x2F, 0x8E, 
        0x13, 0x2A, 0x8B, 0x14, 0x2C, 0x8D, 0x16, 0x2F, 0x90, 0x16, 0x31, 0x91, 0x16, 0x2F, 0x8F, 0x16, 0x2E, 0x90, 0x15, 0x2D, 0x8E, 0x14, 0x2C, 0x8C, 0x14, 0x2C, 0x8C, 0x13, 0x2A, 0x8B, 0x14, 0x2D, 0x8C, 0x15, 0x2E, 0x90, 0x14, 0x2C, 0x8F, 
        0x14, 0x2C, 0x8D, 0x15, 0x2E, 0x90, 0x17, 0x30, 0x93, 0x18, 0x32, 0x93, 0x19, 0x31, 0x95, 0x1A, 0x32, 0x95, 0x1B, 0x33, 0x98, 0x1B, 0x33, 0x98, 0x1C, 0x34, 0x98, 0x1F, 0x39, 0x9B, 0x22, 0x3B, 0x9E, 0x23, 0x3D, 0x9F, 0x24, 0x3C, 0x9D, 
        0x30, 0x4A, 0xA6, 0x5B, 0x80, 0xCA, 0x8F, 0xAF, 0xDE, 0x45, 0x71, 0xBC, 0x1F, 0x3B, 0x9A, 0x28, 0x43, 0xA9, 0x24, 0x3F, 0xA3, 0x22, 0x3C, 0x9F, 0x1F, 0x37, 0x9C, 0x1F, 0x3A, 0x9C, 0x1F, 0x39, 0x9C, 0x20, 0x3D, 0x9E, 0x1F, 0x3D, 0x9F, 
        0x1B, 0x37, 0x9A, 0x1B, 0x36, 0x99, 0x1A, 0x35, 0x98, 0x1B, 0x37, 0x99, 0x1B, 0x37, 0x9A, 0x1A, 0x36, 0x98, 0x1A, 0x36, 0x99, 0x1B, 0x38, 0x9C, 0x1C, 0x37, 0x9C, 0x1B, 0x36, 0x9A, 0x1C, 0x38, 0x9C, 0x1B, 0x37, 0x9A, 0x1B, 0x37, 0x9C, 
        0x1D, 0x37, 0x9C, 0x1B, 0x30, 0x95, 0x40, 0x6D, 0xC0, 0x86, 0xB5, 0xE3, 0x81, 0xB3, 0xE0, 0x5E, 0x91, 0xD3, 0x1E, 0x3A, 0xA1, 0x1C, 0x38, 0x9D, 0x1E, 0x3C, 0xA1, 0x1E, 0x3D, 0xA2, 0x1F, 0x3D, 0xA3, 0x1E, 0x3B, 0xA1, 0x1E, 0x3B, 0xA1, 
        0x20, 0x3E, 0xA3, 0x20, 0x3F, 0xA4, 0x23, 0x42, 0xA9, 0x21, 0x3F, 0xA7, 0x20, 0x3C, 0xA5, 0x24, 0x43, 0xA9, 0x20, 0x40, 0xA5, 0x21, 0x42, 0xA7, 0x25, 0x48, 0xAD, 0x23, 0x44, 0xA9, 0x2B, 0x50, 0xB2, 0x2D, 0x52, 0xB3, 0x2A, 0x4D, 0xAC, 
        0x4C, 0x78, 0xC9, 0x51, 0x7C, 0xCD, 0x43, 0x6D, 0xC2, 0x3B, 0x62, 0xBA, 0x38, 0x5D, 0xB8, 0x34, 0x59, 0xB9, 0x2F, 0x54, 0xB7, 0x2B, 0x4D, 0xB2, 0x26, 0x49, 0xAF, 0x24, 0x47, 0xAC, 0x20, 0x43, 0xA8, 0x1D, 0x3E, 0xA4, 0x1F, 0x41, 0xA8, 
        0x1E, 0x3F, 0xA8, 0x1F, 0x42, 0xA9, 0x1E, 0x41, 0xA8, 0x19, 0x3B, 0xA4, 0x18, 0x39, 0xA2, 0x19, 0x3B, 0xA2, 0x1A, 0x3D, 0xA2, 0x1C, 0x3E, 0xA5, 0x1F, 0x45, 0xAA, 0x1F, 0x42, 0xA9, 0x1F, 0x43, 0xAB, 0x21, 0x47, 0xAF, 0x21, 0x49, 0xB0, 
        0x1F, 0x45, 0xAD, 0x21, 0x47, 0xAD, 0x20, 0x47, 0xAD, 0x23, 0x4A, 0xAF, 0x28, 0x52, 0xB4, 0x36, 0x68, 0xC0, 0x44, 0x7C, 0xCB, 0x55, 0x8A, 0xD3, 0x5D, 0x91, 0xD5, 0x5F, 0x93, 0xD5, 0x5E, 0x92, 0xD5, 0x5B, 0x8E, 0xD3, 0x59, 0x8D, 0xD3, 
        0x58, 0x8D, 0xD3, 0x58, 0x8C, 0xD3, 0x5A, 0x8D, 0xD3, 0x5D, 0x8F, 0xD4, 0x5F, 0x90, 0xD5, 0x57, 0x8D, 0xD2, 0x54, 0x8A, 0xD2, 0x51, 0x87, 0xD1, 0x53, 0x87, 0xD1, 0x57, 0x8A, 0xD2, 0x52, 0x84, 0xCF, 0x57, 0x8F, 0xD3, 0x7B, 0xB1, 0xE2, 
        0x85, 0xB6, 0xE4, 0x5E, 0x96, 0xD7, 0x4C, 0x85, 0xCF, 0x53, 0x88, 0xD0, 0x54, 0x88, 0xD1, 0x50, 0x86, 0xD0, 0x50, 0x86, 0xD0, 0x4E, 0x85, 0xD0, 0x4F, 0x85, 0xD0, 0x52, 0x87, 0xD1, 0x52, 0x88, 0xD1, 0x4F, 0x84, 0xD0, 0x50, 0x85, 0xD1, 
        0x51, 0x87, 0xD2, 0x50, 0x86, 0xD1, 0x3E, 0x75, 0xBB,
  0x42, 0x56, 0xA5, 0x17, 0x2E, 0x8F, 0x17, 0x2E, 0x8E, 0x16, 0x2C, 0x8C, 0x17, 0x2D, 0x8D, 0x16, 0x2D, 0x8C, 0x16, 0x2D, 0x8B, 0x17, 0x2E, 0x8D, 0x17, 0x2F, 0x8F, 0x18, 0x30, 0x90, 0x17, 0x30, 0x90, 0x16, 0x2D, 0x8E, 0x15, 0x2D, 0x8C, 0x14, 0x2C, 0x8B, 
        0x15, 0x2B, 0x8B, 0x15, 0x2C, 0x8D, 0x16, 0x2D, 0x8F, 0x16, 0x2E, 0x8F, 0x16, 0x2E, 0x8F, 0x15, 0x2D, 0x8D, 0x16, 0x2D, 0x8F, 0x16, 0x2D, 0x8F, 0x16, 0x2D, 0x8E, 0x14, 0x2C, 0x8C, 0x16, 0x2D, 0x8E, 0x16, 0x2D, 0x8E, 0x15, 0x2E, 0x8F, 
        0x17, 0x30, 0x93, 0x18, 0x32, 0x94, 0x18, 0x31, 0x94, 0x18, 0x30, 0x93, 0x18, 0x30, 0x92, 0x19, 0x30, 0x92, 0x1C, 0x33, 0x99, 0x1C, 0x33, 0x9A, 0x1E, 0x35, 0x9C, 0x24, 0x3E, 0xA0, 0x24, 0x3E, 0x9E, 0x24, 0x3D, 0x9D, 0x2B, 0x46, 0xA2, 
        0x57, 0x84, 0xC8, 0x87, 0xA8, 0xDB, 0x50, 0x75, 0xC2, 0x27, 0x40, 0x9D, 0x28, 0x40, 0xA2, 0x27, 0x3E, 0xA3, 0x23, 0x3C, 0xA0, 0x21, 0x3A, 0x9E, 0x20, 0x3A, 0x9E, 0x1F, 0x39, 0x9D, 0x1E, 0x38, 0x9C, 0x1D, 0x36, 0x9A, 0x1A, 0x34, 0x96, 
        0x1B, 0x36, 0x98, 0x1D, 0x38, 0x9A, 0x1B, 0x37, 0x99, 0x1D, 0x37, 0x9A, 0x1D, 0x39, 0x9A, 0x1B, 0x37, 0x98, 0x1B, 0x37, 0x9A, 0x1F, 0x3C, 0x9F, 0x1D, 0x3A, 0x9E, 0x1E, 0x3B, 0x9F, 0x1C, 0x38, 0x9C, 0x1A, 0x36, 0x9A, 0x1A, 0x38, 0x9C, 
        0x1A, 0x36, 0x9A, 0x1A, 0x32, 0x95, 0x4E, 0x7E, 0xCB, 0x87, 0xB7, 0xE2, 0x81, 0xB4, 0xDF, 0x73, 0xA0, 0xD8, 0x24, 0x44, 0xA8, 0x1C, 0x38, 0x9D, 0x1F, 0x3D, 0xA3, 0x20, 0x3E, 0xA4, 0x1E, 0x3C, 0xA1, 0x20, 0x3D, 0xA4, 0x21, 0x40, 0xA4, 
        0x1E, 0x3C, 0xA1, 0x20, 0x3F, 0xA3, 0x21, 0x40, 0xA4, 0x22, 0x40, 0xA7, 0x23, 0x42, 0xA8, 0x22, 0x42, 0xA7, 0x28, 0x4A, 0xAC, 0x28, 0x4A, 0xAD, 0x26, 0x48, 0xAD, 0x2A, 0x4D, 0xB1, 0x28, 0x49, 0xAE, 0x23, 0x44, 0xAA, 0x3F, 0x6C, 0xC2, 
        0x5A, 0x87, 0xD1, 0x4B, 0x76, 0xC8, 0x4D, 0x78, 0xC9, 0x3E, 0x66, 0xBD, 0x3D, 0x63, 0xBA, 0x39, 0x5E, 0xBA, 0x2F, 0x53, 0xB7, 0x2A, 0x4B, 0xB1, 0x27, 0x49, 0xAF, 0x26, 0x49, 0xAD, 0x24, 0x46, 0xAB, 0x23, 0x45, 0xAA, 0x21, 0x42, 0xAB, 
        0x1F, 0x3F, 0xA8, 0x1E, 0x3F, 0xA8, 0x1D, 0x3E, 0xA6, 0x1B, 0x3D, 0xA5, 0x1A, 0x3D, 0xA4, 0x1D, 0x41, 0xA6, 0x1E, 0x42, 0xA6, 0x1B, 0x3D, 0xA4, 0x1D, 0x41, 0xA7, 0x1D, 0x3F, 0xA8, 0x1D, 0x41, 0xA8, 0x1C, 0x3E, 0xA6, 0x1E, 0x42, 0xAB, 
        0x21, 0x47, 0xAF, 0x21, 0x47, 0xAF, 0x27, 0x50, 0xB4, 0x2D, 0x57, 0xBB, 0x2B, 0x54, 0xB9, 0x2B, 0x57, 0xBA, 0x34, 0x64, 0xC0, 0x36, 0x67, 0xC1, 0x40, 0x74, 0xC8, 0x4F, 0x85, 0xD0, 0x57, 0x8B, 0xD3, 0x5B, 0x8E, 0xD3, 0x5C, 0x8E, 0xD3, 
        0x5A, 0x8B, 0xD3, 0x59, 0x8B, 0xD2, 0x5A, 0x8A, 0xD3, 0x5C, 0x8D, 0xD3, 0x5E, 0x8F, 0xD3, 0x55, 0x8A, 0xD1, 0x52, 0x89, 0xD1, 0x54, 0x89, 0xD1, 0x56, 0x8A, 0xD2, 0x57, 0x8A, 0xD2, 0x56, 0x89, 0xD1, 0x56, 0x8A, 0xD2, 0x68, 0x9B, 0xD9, 
        0x70, 0xA1, 0xDB, 0x59, 0x8F, 0xD4, 0x4E, 0x86, 0xCF, 0x54, 0x89, 0xD2, 0x52, 0x88, 0xD0, 0x50, 0x86, 0xD0, 0x52, 0x89, 0xD1, 0x50, 0x86, 0xD0, 0x52, 0x87, 0xD1, 0x4D, 0x84, 0xD0, 0x50, 0x85, 0xD0, 0x51, 0x85, 0xD1, 0x55, 0x8A, 0xD2, 
        0x54, 0x88, 0xD2, 0x51, 0x88, 0xD1, 0x3E, 0x75, 0xBA,
  0x44, 0x58, 0xA6, 0x19, 0x30, 0x92, 0x18, 0x30, 0x90, 0x17, 0x2C, 0x8C, 0x19, 0x31, 0x90, 0x18, 0x30, 0x8F, 0x16, 0x2C, 0x8A, 0x17, 0x2E, 0x8D, 0x19, 0x30, 0x91, 0x19, 0x2F, 0x91, 0x17, 0x2F, 0x90, 0x16, 0x2D, 0x8E, 0x17, 0x2E, 0x8E, 0x18, 0x2F, 0x90, 
        0x16, 0x2E, 0x8E, 0x16, 0x2D, 0x8D, 0x16, 0x2E, 0x8F, 0x17, 0x30, 0x91, 0x18, 0x31, 0x91, 0x16, 0x2E, 0x8F, 0x16, 0x2E, 0x8F, 0x17, 0x2E, 0x90, 0x17, 0x2D, 0x8F, 0x16, 0x2D, 0x8E, 0x18, 0x30, 0x91, 0x19, 0x31, 0x94, 0x19, 0x31, 0x92, 
        0x18, 0x31, 0x93, 0x17, 0x30, 0x91, 0x17, 0x2F, 0x91, 0x17, 0x2F, 0x91, 0x1A, 0x31, 0x94, 0x1C, 0x37, 0x98, 0x21, 0x39, 0xA0, 0x22, 0x39, 0xA0, 0x23, 0x3C, 0xA0, 0x23, 0x3D, 0x9E, 0x26, 0x3E, 0x9C, 0x38, 0x57, 0xB1, 0x6F, 0x95, 0xD3, 
        0x86, 0xAE, 0xDB, 0x45, 0x6F, 0xBA, 0x23, 0x3A, 0x97, 0x29, 0x40, 0xA1, 0x2A, 0x40, 0xA4, 0x27, 0x3C, 0xA2, 0x22, 0x3A, 0x9D, 0x21, 0x3B, 0x9E, 0x24, 0x3F, 0xA2, 0x1E, 0x36, 0x9A, 0x1C, 0x33, 0x98, 0x1B, 0x34, 0x98, 0x1B, 0x35, 0x97, 
        0x1E, 0x3A, 0x9C, 0x1F, 0x3B, 0x9D, 0x1D, 0x39, 0x9B, 0x1B, 0x37, 0x99, 0x1D, 0x37, 0x99, 0x1B, 0x37, 0x99, 0x1B, 0x36, 0x99, 0x1D, 0x39, 0x9B, 0x1B, 0x38, 0x9B, 0x1F, 0x3D, 0xA0, 0x1D, 0x39, 0x9E, 0x1D, 0x38, 0x9C, 0x1C, 0x3C, 0x9F, 
        0x19, 0x37, 0x9A, 0x19, 0x33, 0x96, 0x46, 0x75, 0xC5, 0x7D, 0xAB, 0xDE, 0x79, 0xA7, 0xDB, 0x48, 0x79, 0xC3, 0x1D, 0x38, 0x9F, 0x1F, 0x3C, 0xA1, 0x1E, 0x3A, 0xA1, 0x20, 0x3D, 0xA3, 0x1E, 0x3C, 0xA1, 0x20, 0x3D, 0xA4, 0x24, 0x42, 0xA8, 
        0x21, 0x3F, 0xA4, 0x22, 0x42, 0xA6, 0x21, 0x3F, 0xA4, 0x31, 0x55, 0xB6, 0x3E, 0x65, 0xC2, 0x28, 0x48, 0xAC, 0x26, 0x47, 0xAA, 0x2B, 0x4E, 0xB0, 0x29, 0x4A, 0xAD, 0x29, 0x4A, 0xAE, 0x2A, 0x4C, 0xB0, 0x29, 0x4B, 0xAE, 0x3A, 0x64, 0xBE, 
        0x3C, 0x67, 0xBF, 0x36, 0x5D, 0xB8, 0x56, 0x7F, 0xCD, 0x4A, 0x72, 0xC5, 0x41, 0x67, 0xBC, 0x3C, 0x60, 0xBA, 0x31, 0x54, 0xB5, 0x2C, 0x4D, 0xB2, 0x2E, 0x50, 0xB4, 0x2A, 0x4D, 0xB1, 0x24, 0x46, 0xAB, 0x24, 0x46, 0xAA, 0x21, 0x43, 0xAA, 
        0x1F, 0x41, 0xA8, 0x1F, 0x41, 0xA9, 0x1F, 0x41, 0xA8, 0x1D, 0x3E, 0xA6, 0x1D, 0x3F, 0xA6, 0x1E, 0x41, 0xA7, 0x1E, 0x42, 0xA6, 0x1C, 0x3E, 0xA4, 0x1D, 0x41, 0xA6, 0x1D, 0x41, 0xA8, 0x20, 0x45, 0xAB, 0x1E, 0x42, 0xA9, 0x19, 0x3B, 0xA6, 
        0x1F, 0x45, 0xAD, 0x25, 0x4D, 0xB4, 0x2B, 0x55, 0xB9, 0x2B, 0x54, 0xB9, 0x33, 0x5F, 0xC0, 0x30, 0x5C, 0xBE, 0x32, 0x61, 0xC0, 0x32, 0x60, 0xC0, 0x35, 0x64, 0xC1, 0x3D, 0x70, 0xC6, 0x46, 0x7A, 0xCB, 0x56, 0x8A, 0xD3, 0x60, 0x91, 0xD5, 
        0x5E, 0x90, 0xD5, 0x5E, 0x8E, 0xD3, 0x5A, 0x8D, 0xD3, 0x57, 0x89, 0xD2, 0x58, 0x8A, 0xD2, 0x56, 0x8A, 0xD1, 0x58, 0x8C, 0xD2, 0x57, 0x8A, 0xD2, 0x54, 0x89, 0xD1, 0x57, 0x8A, 0xD1, 0x5A, 0x8D, 0xD2, 0x58, 0x8A, 0xD2, 0x53, 0x86, 0xD1, 
        0x52, 0x86, 0xCF, 0x54, 0x89, 0xD1, 0x54, 0x89, 0xD2, 0x54, 0x89, 0xD1, 0x51, 0x88, 0xD1, 0x51, 0x88, 0xD0, 0x54, 0x89, 0xD1, 0x56, 0x8B, 0xD2, 0x5F, 0x92, 0xD5, 0x57, 0x8B, 0xD3, 0x52, 0x87, 0xD1, 0x53, 0x87, 0xD1, 0x56, 0x8A, 0xD3, 
        0x54, 0x88, 0xD2, 0x53, 0x88, 0xD2, 0x41, 0x77, 0xBC,
  0x43, 0x56, 0xA2, 0x1A, 0x31, 0x92, 0x1A, 0x30, 0x92, 0x18, 0x2E, 0x8E, 0x19, 0x30, 0x8F, 0x1A, 0x30, 0x90, 0x18, 0x2C, 0x8D, 0x18, 0x2D, 0x8D, 0x1B, 0x32, 0x91, 0x19, 0x2F, 0x8F, 0x17, 0x2D, 0x8C, 0x18, 0x2F, 0x8E, 0x1A, 0x30, 0x90, 0x17, 0x2D, 0x8D, 
        0x17, 0x30, 0x8E, 0x17, 0x30, 0x8E, 0x15, 0x2C, 0x8A, 0x17, 0x2F, 0x8F, 0x16, 0x2E, 0x8F, 0x15, 0x2C, 0x8B, 0x16, 0x2E, 0x8F, 0x17, 0x31, 0x90, 0x18, 0x31, 0x91, 0x17, 0x2E, 0x8E, 0x18, 0x30, 0x90, 0x1A, 0x34, 0x94, 0x17, 0x2F, 0x8E, 
        0x16, 0x2E, 0x8A, 0x17, 0x2F, 0x8D, 0x19, 0x31, 0x8F, 0x1B, 0x32, 0x93, 0x1C, 0x33, 0x96, 0x1E, 0x35, 0x98, 0x1E, 0x33, 0x98, 0x23, 0x39, 0x9E, 0x26, 0x41, 0xA2, 0x27, 0x40, 0x9E, 0x39, 0x55, 0xAC, 0x7B, 0xA0, 0xD5, 0x8A, 0xB1, 0xDD, 
        0x45, 0x65, 0xBB, 0x23, 0x3B, 0x9B, 0x2C, 0x47, 0xA6, 0x29, 0x44, 0xA4, 0x25, 0x3C, 0x9F, 0x23, 0x3B, 0x9F, 0x22, 0x39, 0x9B, 0x1F, 0x36, 0x99, 0x21, 0x39, 0x9C, 0x1F, 0x37, 0x9A, 0x21, 0x3C, 0x9E, 0x21, 0x3B, 0x9D, 0x1C, 0x34, 0x97, 
        0x1F, 0x39, 0x9A, 0x1E, 0x37, 0x98, 0x1E, 0x37, 0x9A, 0x1D, 0x36, 0x99, 0x1E, 0x37, 0x9A, 0x1E, 0x37, 0x9A, 0x1B, 0x37, 0x9A, 0x1A, 0x36, 0x98, 0x1E, 0x3A, 0x9D, 0x1D, 0x37, 0x9B, 0x1E, 0x3A, 0x9E, 0x1E, 0x3A, 0x9E, 0x1E, 0x39, 0x9E, 
        0x20, 0x39, 0x9E, 0x1D, 0x37, 0x9C, 0x24, 0x40, 0xA3, 0x31, 0x52, 0xB1, 0x30, 0x4F, 0xB1, 0x21, 0x3B, 0xA0, 0x1D, 0x39, 0x9E, 0x20, 0x3C, 0xA1, 0x28, 0x46, 0xAA, 0x24, 0x42, 0xA6, 0x21, 0x3D, 0xA2, 0x22, 0x3E, 0xA3, 0x25, 0x43, 0xA9, 
        0x22, 0x3D, 0xA4, 0x23, 0x40, 0xA6, 0x22, 0x3F, 0xA4, 0x35, 0x5A, 0xB9, 0x44, 0x6B, 0xC4, 0x2B, 0x4B, 0xB0, 0x26, 0x46, 0xAA, 0x26, 0x46, 0xA9, 0x29, 0x4A, 0xAC, 0x2A, 0x4D, 0xAD, 0x2A, 0x4D, 0xAC, 0x2D, 0x50, 0xAE, 0x2D, 0x4D, 0xB2, 
        0x2E, 0x4F, 0xB3, 0x31, 0x52, 0xB3, 0x3F, 0x64, 0xBE, 0x4E, 0x75, 0xC7, 0x48, 0x70, 0xC0, 0x3D, 0x63, 0xBA, 0x3C, 0x60, 0xBB, 0x38, 0x5C, 0xB8, 0x2E, 0x4F, 0xB2, 0x2B, 0x4C, 0xB2, 0x28, 0x48, 0xB1, 0x27, 0x49, 0xB1, 0x24, 0x45, 0xAB, 
        0x1F, 0x3F, 0xA7, 0x21, 0x42, 0xA9, 0x1E, 0x3F, 0xA6, 0x1D, 0x3E, 0xA4, 0x20, 0x43, 0xA9, 0x1E, 0x3F, 0xA6, 0x1A, 0x3B, 0xA2, 0x1D, 0x3E, 0xA4, 0x21, 0x46, 0xAB, 0x1F, 0x42, 0xA8, 0x1F, 0x42, 0xA7, 0x1E, 0x41, 0xA6, 0x1C, 0x3D, 0xA6, 
        0x27, 0x4E, 0xB3, 0x26, 0x4C, 0xB1, 0x26, 0x4D, 0xB2, 0x2F, 0x59, 0xBB, 0x32, 0x5C, 0xBD, 0x2E, 0x57, 0xB9, 0x2F, 0x5A, 0xBB, 0x36, 0x64, 0xC2, 0x3D, 0x6B, 0xC7, 0x3A, 0x68, 0xC5, 0x41, 0x71, 0xCB, 0x42, 0x73, 0xCA, 0x49, 0x7C, 0xCD, 
        0x5B, 0x8D, 0xD4, 0x5E, 0x8E, 0xD5, 0x5D, 0x8E, 0xD3, 0x58, 0x8A, 0xD2, 0x5B, 0x8C, 0xD3, 0x5B, 0x8C, 0xD3, 0x59, 0x8A, 0xD1, 0x58, 0x8A, 0xD1, 0x56, 0x89, 0xD1, 0x57, 0x8A, 0xD1, 0x5A, 0x8C, 0xD2, 0x57, 0x8A, 0xD1, 0x54, 0x87, 0xD1, 
        0x55, 0x87, 0xD1, 0x57, 0x89, 0xD2, 0x57, 0x8A, 0xD2, 0x57, 0x88, 0xD1, 0x55, 0x88, 0xD1, 0x52, 0x86, 0xD1, 0x51, 0x86, 0xD0, 0x5A, 0x8E, 0xD3, 0x63, 0x96, 0xD7, 0x5F, 0x93, 0xD5, 0x53, 0x88, 0xD1, 0x52, 0x87, 0xD1, 0x50, 0x85, 0xD0, 
        0x53, 0x88, 0xD1, 0x54, 0x8A, 0xD0, 0x41, 0x76, 0xBA,
  0x42, 0x54, 0xA2, 0x1A, 0x30, 0x8F, 0x1A, 0x31, 0x92, 0x19, 0x2F, 0x8F, 0x18, 0x2D, 0x8D, 0x18, 0x2D, 0x8D, 0x19, 0x2E, 0x8E, 0x1A, 0x30, 0x91, 0x18, 0x2E, 0x8D, 0x18, 0x2E, 0x8D, 0x1A, 0x30, 0x91, 0x19, 0x2F, 0x8D, 0x16, 0x2D, 0x8B, 0x17, 0x2D, 0x8C, 
        0x18, 0x2F, 0x8E, 0x17, 0x2E, 0x8D, 0x15, 0x2B, 0x89, 0x16, 0x2C, 0x8B, 0x17, 0x2D, 0x8F, 0x18, 0x2F, 0x90, 0x18, 0x31, 0x91, 0x18, 0x2F, 0x8F, 0x18, 0x31, 0x91, 0x18, 0x2F, 0x90, 0x18, 0x2F, 0x90, 0x18, 0x2F, 0x90, 0x15, 0x2A, 0x8A, 
        0x19, 0x33, 0x90, 0x1A, 0x31, 0x91, 0x1A, 0x31, 0x93, 0x1B, 0x31, 0x95, 0x1C, 0x33, 0x96, 0x1F, 0x36, 0x9A, 0x22, 0x37, 0x9D, 0x26, 0x43, 0xA2, 0x2F, 0x48, 0xA7, 0x34, 0x4B, 0xA7, 0x64, 0x91, 0xD1, 0x83, 0xA9, 0xDA, 0x41, 0x5E, 0xB1, 
        0x26, 0x3E, 0x9C, 0x2C, 0x46, 0xA3, 0x39, 0x57, 0xB3, 0x2F, 0x48, 0xA8, 0x25, 0x3C, 0x9F, 0x24, 0x3B, 0x9F, 0x22, 0x37, 0x9B, 0x23, 0x3A, 0x9C, 0x1E, 0x34, 0x97, 0x1F, 0x37, 0x9A, 0x32, 0x50, 0xB0, 0x2E, 0x4D, 0xAC, 0x1D, 0x36, 0x98, 
        0x1E, 0x37, 0x98, 0x1E, 0x37, 0x98, 0x1D, 0x37, 0x98, 0x1E, 0x37, 0x9A, 0x1E, 0x37, 0x9A, 0x1E, 0x37, 0x9A, 0x1F, 0x39, 0x9D, 0x1D, 0x37, 0x9B, 0x1F, 0x3A, 0x9D, 0x1E, 0x38, 0x9B, 0x20, 0x3B, 0x9F, 0x21, 0x3E, 0xA3, 0x1E, 0x37, 0x9E, 
        0x20, 0x39, 0x9E, 0x20, 0x3B, 0x9F, 0x1C, 0x34, 0x99, 0x1A, 0x31, 0x96, 0x1C, 0x34, 0x9A, 0x1D, 0x37, 0x9C, 0x1D, 0x38, 0x9E, 0x23, 0x41, 0xA3, 0x31, 0x54, 0xB4, 0x2A, 0x4A, 0xAD, 0x23, 0x41, 0xA4, 0x20, 0x3D, 0xA1, 0x22, 0x3E, 0xA6, 
        0x21, 0x3C, 0xA3, 0x23, 0x40, 0xA6, 0x24, 0x43, 0xA8, 0x22, 0x3F, 0xA3, 0x23, 0x42, 0xA4, 0x24, 0x43, 0xA6, 0x28, 0x47, 0xAD, 0x2A, 0x4A, 0xAE, 0x2A, 0x4A, 0xAE, 0x2A, 0x4A, 0xAE, 0x2D, 0x4E, 0xB0, 0x2E, 0x51, 0xB1, 0x31, 0x52, 0xB5, 
        0x31, 0x53, 0xB7, 0x35, 0x59, 0xB7, 0x38, 0x5B, 0xB7, 0x42, 0x67, 0xBE, 0x4A, 0x72, 0xC2, 0x42, 0x69, 0xBD, 0x39, 0x5E, 0xB9, 0x36, 0x5A, 0xB6, 0x31, 0x53, 0xB3, 0x2F, 0x50, 0xB4, 0x26, 0x47, 0xAF, 0x24, 0x41, 0xAC, 0x23, 0x42, 0xAA, 
        0x21, 0x41, 0xA8, 0x21, 0x42, 0xA9, 0x1F, 0x3F, 0xA6, 0x1E, 0x3E, 0xA5, 0x1D, 0x3E, 0xA5, 0x1A, 0x3A, 0xA1, 0x1D, 0x3D, 0xA4, 0x1F, 0x42, 0xA8, 0x1F, 0x42, 0xA8, 0x1D, 0x3E, 0xA6, 0x20, 0x42, 0xA8, 0x21, 0x43, 0xA9, 0x20, 0x43, 0xA9, 
        0x26, 0x4A, 0xB1, 0x29, 0x4E, 0xB4, 0x29, 0x50, 0xB4, 0x2F, 0x57, 0xB9, 0x2B, 0x51, 0xB6, 0x26, 0x4C, 0xB1, 0x27, 0x4E, 0xB3, 0x2F, 0x5A, 0xBB, 0x3C, 0x6A, 0xC6, 0x40, 0x70, 0xCA, 0x3E, 0x6E, 0xC9, 0x39, 0x68, 0xC3, 0x48, 0x7A, 0xCB, 
        0x52, 0x83, 0xD0, 0x4A, 0x7D, 0xCB, 0x56, 0x88, 0xD2, 0x5F, 0x90, 0xD5, 0x5A, 0x8D, 0xD2, 0x58, 0x8A, 0xD2, 0x59, 0x8A, 0xD2, 0x59, 0x8A, 0xD1, 0x59, 0x8A, 0xD1, 0x58, 0x8A, 0xD1, 0x59, 0x8A, 0xD1, 0x57, 0x8A, 0xD1, 0x56, 0x8A, 0xD1, 
        0x57, 0x8A, 0xD2, 0x57, 0x8A, 0xD2, 0x57, 0x8A, 0xD2, 0x55, 0x89, 0xD1, 0x56, 0x88, 0xD1, 0x56, 0x89, 0xD2, 0x50, 0x85, 0xCF, 0x51, 0x86, 0xD0, 0x56, 0x89, 0xD1, 0x55, 0x8C, 0xD1, 0x54, 0x8C, 0xD1, 0x55, 0x8A, 0xD1, 0x53, 0x87, 0xD1, 
        0x53, 0x88, 0xD1, 0x53, 0x88, 0xD1, 0x40, 0x76, 0xBA,
  0x41, 0x54, 0xA2, 0x19, 0x2E, 0x8D, 0x19, 0x2E, 0x8D, 0x18, 0x2C, 0x8D, 0x18, 0x2C, 0x8C, 0x18, 0x2D, 0x8D, 0x1C, 0x32, 0x92, 0x1B, 0x31, 0x90, 0x17, 0x2B, 0x8B, 0x18, 0x2C, 0x8C, 0x19, 0x2E, 0x8F, 0x18, 0x2D, 0x8D, 0x17, 0x2C, 0x8B, 0x1B, 0x31, 0x90, 
        0x18, 0x2E, 0x8E, 0x1A, 0x30, 0x90, 0x19, 0x2F, 0x8E, 0x17, 0x2D, 0x8C, 0x18, 0x2D, 0x8C, 0x18, 0x2F, 0x90, 0x1A, 0x30, 0x91, 0x1A, 0x31, 0x91, 0x1B, 0x32, 0x92, 0x1A, 0x32, 0x92, 0x1B, 0x33, 0x94, 0x1B, 0x32, 0x94, 0x18, 0x2E, 0x8E, 
        0x1B, 0x31, 0x95, 0x1B, 0x31, 0x94, 0x1B, 0x30, 0x94, 0x1C, 0x31, 0x96, 0x1F, 0x35, 0x98, 0x21, 0x37, 0x9D, 0x22, 0x3B, 0x9B, 0x27, 0x3B, 0x9B, 0x2E, 0x44, 0xA2, 0x63, 0x8A, 0xCF, 0x74, 0x9B, 0xD5, 0x39, 0x59, 0xAC, 0x2B, 0x40, 0x9A, 
        0x30, 0x4B, 0xA7, 0x2D, 0x47, 0xA3, 0x2C, 0x46, 0xA5, 0x29, 0x41, 0xA2, 0x26, 0x3C, 0x9F, 0x25, 0x3A, 0x9D, 0x22, 0x38, 0x9C, 0x22, 0x37, 0x9B, 0x21, 0x36, 0x99, 0x1E, 0x34, 0x97, 0x23, 0x3C, 0x9F, 0x24, 0x3D, 0x9F, 0x1E, 0x36, 0x98, 
        0x1D, 0x35, 0x98, 0x1E, 0x37, 0x9A, 0x1F, 0x37, 0x9A, 0x1F, 0x37, 0x9A, 0x1E, 0x36, 0x9A, 0x1E, 0x37, 0x9A, 0x1D, 0x36, 0x9A, 0x1D, 0x36, 0x99, 0x1E, 0x37, 0x9A, 0x1D, 0x37, 0x9A, 0x1F, 0x3A, 0x9B, 0x1F, 0x3A, 0x9D, 0x1E, 0x38, 0x9C, 
        0x21, 0x3A, 0x9F, 0x20, 0x39, 0x9E, 0x21, 0x3C, 0xA0, 0x22, 0x3D, 0xA1, 0x21, 0x3B, 0x9F, 0x22, 0x3C, 0xA0, 0x22, 0x3D, 0xA2, 0x27, 0x44, 0xA8, 0x27, 0x45, 0xA8, 0x22, 0x3E, 0xA4, 0x21, 0x3C, 0xA1, 0x24, 0x41, 0xA6, 0x25, 0x42, 0xA8, 
        0x24, 0x41, 0xA6, 0x24, 0x41, 0xA8, 0x28, 0x46, 0xAA, 0x27, 0x44, 0xA8, 0x27, 0x44, 0xA6, 0x2A, 0x4A, 0xAC, 0x28, 0x47, 0xAD, 0x2D, 0x4B, 0xB1, 0x2D, 0x4D, 0xB1, 0x2D, 0x4D, 0xB0, 0x2E, 0x4F, 0xB2, 0x2F, 0x51, 0xB3, 0x32, 0x55, 0xB7, 
        0x36, 0x5A, 0xB8, 0x39, 0x5E, 0xBA, 0x36, 0x5A, 0xB6, 0x3C, 0x61, 0xBA, 0x48, 0x6F, 0xC1, 0x48, 0x6F, 0xC2, 0x3C, 0x62, 0xBB, 0x36, 0x59, 0xB5, 0x36, 0x59, 0xB7, 0x35, 0x59, 0xB8, 0x2A, 0x49, 0xB0, 0x21, 0x3F, 0xA8, 0x25, 0x44, 0xAC, 
        0x25, 0x45, 0xAB, 0x21, 0x42, 0xA9, 0x20, 0x41, 0xA8, 0x1F, 0x41, 0xA8, 0x1C, 0x3B, 0xA2, 0x1D, 0x3D, 0xA4, 0x20, 0x41, 0xA8, 0x1E, 0x3E, 0xA6, 0x1E, 0x3E, 0xA6, 0x1E, 0x3F, 0xA6, 0x23, 0x46, 0xAB, 0x24, 0x47, 0xAD, 0x25, 0x4A, 0xAF, 
        0x24, 0x49, 0xAF, 0x28, 0x4E, 0xB3, 0x28, 0x4E, 0xB3, 0x2E, 0x55, 0xB8, 0x2D, 0x54, 0xB7, 0x28, 0x4E, 0xB3, 0x2E, 0x57, 0xB9, 0x30, 0x5A, 0xBB, 0x37, 0x63, 0xC1, 0x3E, 0x6B, 0xC7, 0x3D, 0x6B, 0xC7, 0x3A, 0x67, 0xC3, 0x44, 0x77, 0xCB, 
        0x4D, 0x7F, 0xD0, 0x46, 0x79, 0xCA, 0x51, 0x83, 0xD0, 0x5B, 0x8B, 0xD3, 0x59, 0x8B, 0xD2, 0x5A, 0x8B, 0xD2, 0x5B, 0x8A, 0xD2, 0x5B, 0x8A, 0xD2, 0x5C, 0x8C, 0xD1, 0x5B, 0x8A, 0xD1, 0x5A, 0x8A, 0xD1, 0x59, 0x8A, 0xD1, 0x58, 0x8A, 0xD2, 
        0x58, 0x8A, 0xD2, 0x58, 0x8A, 0xD2, 0x57, 0x89, 0xD1, 0x56, 0x89, 0xD1, 0x56, 0x89, 0xD1, 0x57, 0x88, 0xD1, 0x53, 0x86, 0xD1, 0x51, 0x85, 0xD1, 0x51, 0x86, 0xD0, 0x51, 0x86, 0xD0, 0x52, 0x89, 0xD0, 0x56, 0x8B, 0xD1, 0x56, 0x8A, 0xD2, 
        0x59, 0x8D, 0xD3, 0x57, 0x8B, 0xD3, 0x42, 0x77, 0xBB,
  0x43, 0x55, 0xA4, 0x1B, 0x30, 0x90, 0x1A, 0x30, 0x8E, 0x19, 0x2C, 0x8B, 0x19, 0x2E, 0x8D, 0x1A, 0x2E, 0x8E, 0x18, 0x2D, 0x8C, 0x18, 0x2C, 0x8B, 0x19, 0x2E, 0x8D, 0x1A, 0x30, 0x91, 0x18, 0x2D, 0x8D, 0x17, 0x2C, 0x8B, 0x18, 0x2D, 0x8D, 0x18, 0x2D, 0x8D, 
        0x17, 0x2D, 0x8C, 0x1B, 0x30, 0x90, 0x1B, 0x30, 0x90, 0x18, 0x2D, 0x8D, 0x18, 0x2F, 0x8E, 0x1A, 0x30, 0x90, 0x1C, 0x33, 0x94, 0x1D, 0x34, 0x96, 0x1D, 0x34, 0x96, 0x1C, 0x33, 0x94, 0x1B, 0x32, 0x92, 0x1B, 0x32, 0x94, 0x19, 0x2E, 0x90, 
        0x1B, 0x2F, 0x94, 0x1C, 0x30, 0x94, 0x1D, 0x30, 0x94, 0x1F, 0x33, 0x95, 0x22, 0x37, 0x9A, 0x26, 0x3C, 0x9F, 0x2B, 0x43, 0x9F, 0x35, 0x4E, 0xA7, 0x66, 0x8A, 0xCE, 0x73, 0x9B, 0xD5, 0x3A, 0x55, 0xAC, 0x2F, 0x43, 0x9E, 0x2F, 0x4C, 0xA5, 
        0x2E, 0x47, 0xA3, 0x2C, 0x46, 0xA3, 0x28, 0x3F, 0x9F, 0x24, 0x3A, 0x9C, 0x24, 0x3A, 0x9D, 0x2F, 0x47, 0xA9, 0x29, 0x40, 0xA3, 0x1F, 0x33, 0x96, 0x1F, 0x35, 0x98, 0x21, 0x37, 0x9A, 0x1C, 0x32, 0x94, 0x1D, 0x33, 0x97, 0x1F, 0x36, 0x9A, 
        0x1E, 0x35, 0x98, 0x1F, 0x37, 0x9A, 0x1F, 0x37, 0x9A, 0x1F, 0x38, 0x9A, 0x1E, 0x37, 0x98, 0x1F, 0x37, 0x9A, 0x21, 0x3C, 0x9F, 0x21, 0x3A, 0x9D, 0x1F, 0x38, 0x9B, 0x1F, 0x39, 0x9B, 0x1F, 0x38, 0x9B, 0x1F, 0x37, 0x9A, 0x20, 0x3A, 0x9B, 
        0x20, 0x3A, 0xA0, 0x20, 0x37, 0x9E, 0x26, 0x42, 0xA5, 0x2B, 0x48, 0xAA, 0x24, 0x40, 0xA3, 0x1E, 0x38, 0x9C, 0x22, 0x3C, 0xA2, 0x2B, 0x49, 0xAC, 0x26, 0x41, 0xA7, 0x23, 0x40, 0xA3, 0x25, 0x42, 0xA6, 0x27, 0x44, 0xA8, 0x24, 0x41, 0xA6, 
        0x25, 0x42, 0xA8, 0x25, 0x42, 0xA8, 0x23, 0x3E, 0xA3, 0x27, 0x45, 0xA8, 0x2C, 0x4A, 0xAB, 0x2C, 0x4B, 0xAD, 0x2B, 0x4A, 0xAF, 0x29, 0x48, 0xAB, 0x2B, 0x4B, 0xB0, 0x2E, 0x4F, 0xB1, 0x2F, 0x51, 0xB2, 0x31, 0x52, 0xB3, 0x35, 0x58, 0xB7, 
        0x3A, 0x5F, 0xBA, 0x3B, 0x60, 0xBA, 0x3C, 0x60, 0xBA, 0x3D, 0x63, 0xBA, 0x3F, 0x64, 0xBB, 0x45, 0x6A, 0xBF, 0x43, 0x69, 0xBF, 0x3C, 0x61, 0xBA, 0x38, 0x5C, 0xB7, 0x33, 0x56, 0xB5, 0x2E, 0x4F, 0xB2, 0x2E, 0x4F, 0xB4, 0x2B, 0x4C, 0xB2, 
        0x27, 0x48, 0xAF, 0x20, 0x3F, 0xA7, 0x1E, 0x3E, 0xA6, 0x20, 0x42, 0xA9, 0x20, 0x41, 0xA8, 0x1E, 0x3E, 0xA5, 0x1D, 0x3B, 0xA4, 0x1D, 0x3D, 0xA4, 0x21, 0x43, 0xA9, 0x20, 0x42, 0xA9, 0x24, 0x45, 0xAB, 0x25, 0x47, 0xAD, 0x29, 0x4E, 0xB4, 
        0x26, 0x4A, 0xB0, 0x29, 0x4D, 0xB3, 0x24, 0x47, 0xAF, 0x26, 0x4C, 0xB1, 0x2D, 0x53, 0xB7, 0x25, 0x49, 0xAF, 0x2F, 0x58, 0xB9, 0x2E, 0x55, 0xB8, 0x33, 0x5C, 0xBD, 0x37, 0x63, 0xC1, 0x33, 0x5C, 0xBD, 0x39, 0x64, 0xC2, 0x41, 0x71, 0xC9, 
        0x43, 0x74, 0xCB, 0x49, 0x7A, 0xCD, 0x50, 0x83, 0xD0, 0x4F, 0x82, 0xCE, 0x5A, 0x8B, 0xD3, 0x5D, 0x8D, 0xD3, 0x5C, 0x8B, 0xD2, 0x5C, 0x8A, 0xD2, 0x5B, 0x8A, 0xD2, 0x5C, 0x8A, 0xD1, 0x5C, 0x8A, 0xD1, 0x5A, 0x8C, 0xD1, 0x5A, 0x8C, 0xD2, 
        0x59, 0x8A, 0xD1, 0x58, 0x8A, 0xD1, 0x57, 0x89, 0xD1, 0x57, 0x89, 0xD1, 0x57, 0x89, 0xD1, 0x56, 0x89, 0xD1, 0x57, 0x89, 0xD2, 0x57, 0x89, 0xD2, 0x55, 0x89, 0xD1, 0x54, 0x89, 0xD0, 0x53, 0x89, 0xD0, 0x55, 0x89, 0xD1, 0x58, 0x8C, 0xD3, 
        0x59, 0x8D, 0xD3, 0x56, 0x8B, 0xD2, 0x43, 0x79, 0xBC,
  0x44, 0x55, 0xA5, 0x1B, 0x2F, 0x8F, 0x19, 0x2D, 0x8B, 0x19, 0x2C, 0x8A, 0x1A, 0x2E, 0x8C, 0x1A, 0x2F, 0x8E, 0x19, 0x2C, 0x8B, 0x16, 0x29, 0x87, 0x18, 0x2B, 0x8B, 0x1B, 0x30, 0x8E, 0x1A, 0x2E, 0x8F, 0x1A, 0x2F, 0x8F, 0x1A, 0x2F, 0x8F, 0x18, 0x2D, 0x8D, 
        0x19, 0x2C, 0x8C, 0x1B, 0x30, 0x90, 0x1B, 0x2F, 0x90, 0x18, 0x2D, 0x8C, 0x1C, 0x31, 0x92, 0x1F, 0x37, 0x97, 0x1D, 0x33, 0x93, 0x1C, 0x31, 0x92, 0x1D, 0x33, 0x94, 0x1C, 0x32, 0x93, 0x1A, 0x2F, 0x91, 0x1D, 0x33, 0x94, 0x1D, 0x32, 0x94, 
        0x1C, 0x2D, 0x91, 0x1E, 0x2F, 0x91, 0x1F, 0x31, 0x92, 0x21, 0x35, 0x94, 0x27, 0x3D, 0x9A, 0x2E, 0x46, 0xA2, 0x38, 0x4D, 0xA6, 0x6E, 0x90, 0xCF, 0x6E, 0x97, 0xD2, 0x3C, 0x55, 0xAC, 0x32, 0x48, 0xA2, 0x31, 0x4C, 0xA5, 0x31, 0x49, 0xA5, 
        0x2C, 0x44, 0xA0, 0x29, 0x40, 0x9E, 0x28, 0x3E, 0x9E, 0x26, 0x3B, 0x9E, 0x23, 0x38, 0x9A, 0x27, 0x3D, 0xA1, 0x26, 0x3C, 0x9F, 0x23, 0x37, 0x9B, 0x21, 0x36, 0x99, 0x1F, 0x35, 0x98, 0x1F, 0x35, 0x98, 0x1E, 0x34, 0x98, 0x1F, 0x35, 0x98, 
        0x1F, 0x36, 0x98, 0x1F, 0x36, 0x98, 0x1F, 0x36, 0x9A, 0x1F, 0x37, 0x9A, 0x1F, 0x37, 0x9A, 0x1F, 0x37, 0x9A, 0x20, 0x38, 0x9A, 0x1F, 0x35, 0x98, 0x1D, 0x34, 0x96, 0x21, 0x3A, 0x9B, 0x22, 0x3B, 0x9D, 0x21, 0x3A, 0x9B, 0x1F, 0x37, 0x9B, 
        0x20, 0x3A, 0x9D, 0x22, 0x3C, 0xA1, 0x25, 0x3F, 0xA3, 0x24, 0x3E, 0xA3, 0x25, 0x40, 0xA5, 0x24, 0x3F, 0xA3, 0x20, 0x38, 0x9F, 0x23, 0x3D, 0xA3, 0x22, 0x3C, 0xA2, 0x22, 0x3B, 0xA1, 0x24, 0x3F, 0xA3, 0x25, 0x41, 0xA6, 0x24, 0x40, 0xA6, 
        0x25, 0x41, 0xA6, 0x27, 0x44, 0xA8, 0x28, 0x45, 0xA8, 0x28, 0x45, 0xA8, 0x27, 0x43, 0xA6, 0x24, 0x40, 0xA3, 0x28, 0x47, 0xA8, 0x29, 0x48, 0xA8, 0x2C, 0x4D, 0xAB, 0x2F, 0x4F, 0xAE, 0x2F, 0x51, 0xB0, 0x2F, 0x4F, 0xAE, 0x32, 0x54, 0xB0, 
        0x36, 0x5B, 0xB6, 0x38, 0x5B, 0xB7, 0x3E, 0x64, 0xBC, 0x42, 0x67, 0xBF, 0x40, 0x66, 0xBD, 0x45, 0x6A, 0xBF, 0x42, 0x66, 0xBC, 0x3F, 0x63, 0xBA, 0x39, 0x5D, 0xB7, 0x32, 0x54, 0xB3, 0x2D, 0x4C, 0xAE, 0x28, 0x47, 0xAB, 0x28, 0x48, 0xAF, 
        0x26, 0x45, 0xAD, 0x23, 0x41, 0xA9, 0x23, 0x42, 0xA9, 0x21, 0x42, 0xA9, 0x1F, 0x3E, 0xA6, 0x1C, 0x3A, 0xA2, 0x1C, 0x3A, 0xA2, 0x24, 0x45, 0xAC, 0x2A, 0x4D, 0xB2, 0x25, 0x47, 0xAD, 0x29, 0x4C, 0xB0, 0x28, 0x4C, 0xB1, 0x26, 0x49, 0xB0, 
        0x26, 0x4A, 0xB0, 0x26, 0x4A, 0xB1, 0x21, 0x43, 0xAB, 0x20, 0x42, 0xA9, 0x24, 0x46, 0xAD, 0x28, 0x4D, 0xB2, 0x2F, 0x58, 0xB9, 0x23, 0x46, 0xAD, 0x27, 0x4D, 0xB2, 0x33, 0x5D, 0xBE, 0x33, 0x5D, 0xBE, 0x3B, 0x67, 0xC5, 0x3E, 0x6E, 0xC8, 
        0x3C, 0x6A, 0xC5, 0x43, 0x74, 0xCB, 0x4A, 0x7C, 0xCE, 0x46, 0x79, 0xCB, 0x58, 0x8A, 0xD3, 0x5D, 0x8D, 0xD2, 0x5C, 0x8D, 0xD2, 0x5B, 0x8B, 0xD2, 0x5B, 0x8A, 0xD2, 0x5C, 0x8A, 0xD2, 0x5C, 0x8C, 0xD1, 0x5C, 0x8C, 0xD1, 0x5B, 0x8A, 0xD2, 
        0x5A, 0x8A, 0xD1, 0x5A, 0x8A, 0xD1, 0x59, 0x89, 0xD1, 0x5A, 0x8A, 0xD1, 0x5A, 0x8A, 0xD1, 0x59, 0x8A, 0xD2, 0x5B, 0x8D, 0xD2, 0x59, 0x8B, 0xD2, 0x57, 0x89, 0xD1, 0x57, 0x8B, 0xD2, 0x57, 0x8B, 0xD1, 0x57, 0x8B, 0xD1, 0x56, 0x8C, 0xD1, 
        0x56, 0x8C, 0xD1, 0x53, 0x88, 0xD1, 0x45, 0x7B, 0xBC,
  0x43, 0x54, 0xA2, 0x19, 0x2D, 0x8C, 0x18, 0x2D, 0x8B, 0x19, 0x2D, 0x8C, 0x19, 0x2E, 0x8C, 0x19, 0x2C, 0x8A, 0x18, 0x2B, 0x8B, 0x19, 0x2C, 0x8B, 0x19, 0x2E, 0x8D, 0x19, 0x2D, 0x8C, 0x1A, 0x2E, 0x8D, 0x1A, 0x2E, 0x8F, 0x19, 0x2E, 0x8F, 0x18, 0x2D, 0x8D, 
        0x19, 0x2C, 0x8C, 0x1D, 0x30, 0x91, 0x1D, 0x31, 0x92, 0x1A, 0x2D, 0x8E, 0x1E, 0x34, 0x95, 0x21, 0x37, 0x99, 0x1C, 0x31, 0x90, 0x1C, 0x2F, 0x90, 0x22, 0x38, 0x9A, 0x22, 0x38, 0x9A, 0x1C, 0x31, 0x92, 0x1A, 0x2E, 0x90, 0x1A, 0x2D, 0x8F, 
        0x21, 0x33, 0x95, 0x23, 0x35, 0x95, 0x24, 0x38, 0x95, 0x26, 0x3B, 0x97, 0x2D, 0x45, 0x9C, 0x32, 0x45, 0xA0, 0x50, 0x77, 0xBD, 0x65, 0x89, 0xCA, 0x3C, 0x57, 0xA9, 0x35, 0x4B, 0xA2, 0x36, 0x51, 0xA9, 0x32, 0x4B, 0xA6, 0x2F, 0x44, 0xA2, 
        0x2C, 0x45, 0xA2, 0x28, 0x3F, 0x9D, 0x26, 0x3C, 0x9C, 0x27, 0x3D, 0x9E, 0x26, 0x3B, 0x9E, 0x22, 0x36, 0x9A, 0x23, 0x36, 0x9C, 0x22, 0x36, 0x9A, 0x22, 0x37, 0x9B, 0x22, 0x38, 0x9B, 0x1F, 0x35, 0x99, 0x1E, 0x33, 0x97, 0x1F, 0x35, 0x98, 
        0x1F, 0x35, 0x98, 0x1F, 0x35, 0x98, 0x1F, 0x34, 0x98, 0x1F, 0x35, 0x98, 0x1F, 0x35, 0x98, 0x20, 0x38, 0x9A, 0x2F, 0x4B, 0xAC, 0x29, 0x42, 0xA4, 0x1E, 0x34, 0x97, 0x1F, 0x36, 0x98, 0x20, 0x37, 0x99, 0x21, 0x39, 0x9A, 0x21, 0x39, 0x9B, 
        0x21, 0x39, 0x9D, 0x24, 0x3D, 0xA0, 0x22, 0x3B, 0xA0, 0x22, 0x3A, 0xA0, 0x2C, 0x48, 0xAA, 0x2C, 0x48, 0xAA, 0x22, 0x3D, 0xA3, 0x21, 0x3B, 0xA0, 0x27, 0x42, 0xA7, 0x2C, 0x4B, 0xAE, 0x24, 0x3F, 0xA5, 0x23, 0x3E, 0xA3, 0x27, 0x42, 0xA8, 
        0x24, 0x40, 0xA6, 0x27, 0x45, 0xA8, 0x2C, 0x4A, 0xAD, 0x27, 0x43, 0xA8, 0x29, 0x44, 0xA8, 0x34, 0x53, 0xB2, 0x3E, 0x63, 0xBB, 0x37, 0x5A, 0xB4, 0x2C, 0x4D, 0xA8, 0x2D, 0x4F, 0xAA, 0x48, 0x6F, 0xC2, 0x5F, 0x85, 0xCF, 0x3C, 0x62, 0xBA, 
        0x36, 0x5A, 0xB5, 0x3A, 0x5F, 0xB8, 0x3D, 0x63, 0xBC, 0x43, 0x69, 0xBF, 0x48, 0x6F, 0xC4, 0x4A, 0x70, 0xC4, 0x43, 0x69, 0xBD, 0x3F, 0x64, 0xBA, 0x38, 0x5B, 0xB6, 0x35, 0x58, 0xB5, 0x33, 0x56, 0xB5, 0x2B, 0x4B, 0xAE, 0x26, 0x44, 0xAA, 
        0x25, 0x43, 0xAC, 0x21, 0x40, 0xA9, 0x24, 0x43, 0xAB, 0x21, 0x3F, 0xA8, 0x1F, 0x3E, 0xA6, 0x21, 0x41, 0xA8, 0x23, 0x41, 0xA9, 0x24, 0x45, 0xAB, 0x24, 0x43, 0xAB, 0x24, 0x43, 0xAA, 0x2A, 0x4C, 0xB1, 0x24, 0x43, 0xAB, 0x21, 0x43, 0xAB, 
        0x23, 0x45, 0xAC, 0x24, 0x46, 0xAD, 0x25, 0x49, 0xAF, 0x26, 0x4A, 0xB1, 0x29, 0x4E, 0xB4, 0x2A, 0x4E, 0xB4, 0x2B, 0x51, 0xB6, 0x23, 0x45, 0xAC, 0x2A, 0x50, 0xB4, 0x34, 0x5D, 0xBE, 0x34, 0x5B, 0xBE, 0x33, 0x5C, 0xBE, 0x3A, 0x68, 0xC5, 
        0x44, 0x76, 0xCD, 0x44, 0x76, 0xCD, 0x44, 0x76, 0xCB, 0x43, 0x74, 0xC8, 0x52, 0x85, 0xD2, 0x5B, 0x8A, 0xD2, 0x5D, 0x8B, 0xD2, 0x5E, 0x8B, 0xD2, 0x5E, 0x8D, 0xD2, 0x5C, 0x8A, 0xD2, 0x59, 0x87, 0xD0, 0x5C, 0x8A, 0xD1, 0x5B, 0x8A, 0xD1, 
        0x5A, 0x89, 0xD1, 0x5A, 0x8A, 0xD1, 0x5A, 0x8A, 0xD1, 0x5B, 0x8A, 0xD1, 0x5B, 0x8A, 0xD1, 0x58, 0x8A, 0xD1, 0x5B, 0x8D, 0xD2, 0x5A, 0x8C, 0xD2, 0x58, 0x89, 0xD1, 0x59, 0x8B, 0xD2, 0x56, 0x89, 0xD1, 0x56, 0x89, 0xD0, 0x58, 0x8C, 0xD1, 
        0x57, 0x8C, 0xD1, 0x54, 0x8B, 0xD1, 0x45, 0x7A, 0xBC,
  0x42, 0x52, 0x9F, 0x18, 0x2D, 0x89, 0x19, 0x2D, 0x8A, 0x18, 0x2D, 0x8A, 0x17, 0x2A, 0x88, 0x18, 0x2B, 0x88, 0x19, 0x2C, 0x89, 0x19, 0x2C, 0x8B, 0x19, 0x2B, 0x8B, 0x19, 0x2D, 0x8C, 0x1C, 0x31, 0x8F, 0x1C, 0x31, 0x90, 0x19, 0x2C, 0x8D, 0x1B, 0x2F, 0x8F, 
        0x1D, 0x32, 0x91, 0x1B, 0x2E, 0x8F, 0x1D, 0x2F, 0x8F, 0x1D, 0x31, 0x92, 0x20, 0x35, 0x96, 0x1D, 0x31, 0x92, 0x1D, 0x30, 0x92, 0x1D, 0x33, 0x94, 0x1E, 0x32, 0x92, 0x1E, 0x32, 0x93, 0x1B, 0x2C, 0x8D, 0x1E, 0x31, 0x90, 0x24, 0x38, 0x98, 
        0x27, 0x38, 0x9A, 0x24, 0x38, 0x97, 0x29, 0x3F, 0x9B, 0x2E, 0x43, 0x9B, 0x3F, 0x5B, 0xAA, 0x67, 0x8E, 0xCA, 0x5E, 0x85, 0xC7, 0x3E, 0x56, 0xAB, 0x3C, 0x4F, 0xA8, 0x39, 0x54, 0xAB, 0x32, 0x4B, 0xA6, 0x31, 0x46, 0xA2, 0x2E, 0x47, 0xA2, 
        0x2C, 0x43, 0xA0, 0x29, 0x3F, 0x9E, 0x28, 0x3C, 0x9E, 0x26, 0x39, 0x9B, 0x23, 0x38, 0x99, 0x23, 0x38, 0x9A, 0x23, 0x39, 0x9A, 0x21, 0x34, 0x96, 0x1F, 0x34, 0x96, 0x25, 0x3B, 0x9D, 0x1F, 0x34, 0x96, 0x21, 0x36, 0x98, 0x22, 0x37, 0x99, 
        0x1E, 0x35, 0x96, 0x1F, 0x36, 0x98, 0x20, 0x37, 0x9A, 0x20, 0x35, 0x9A, 0x20, 0x37, 0x9C, 0x28, 0x40, 0xA3, 0x69, 0x8B, 0xD0, 0x4D, 0x70, 0xC0, 0x20, 0x34, 0x96, 0x20, 0x31, 0x98, 0x24, 0x36, 0x9F, 0x24, 0x38, 0x9F, 0x23, 0x3A, 0x9F, 
        0x23, 0x3B, 0xA1, 0x22, 0x3A, 0xA0, 0x24, 0x3B, 0xA1, 0x20, 0x37, 0x9F, 0x25, 0x3C, 0xA5, 0x25, 0x3D, 0xA3, 0x24, 0x3D, 0xA2, 0x27, 0x40, 0xA5, 0x2F, 0x4B, 0xAE, 0x33, 0x52, 0xB3, 0x27, 0x40, 0xA5, 0x2C, 0x47, 0xAA, 0x29, 0x49, 0xAB, 
        0x41, 0x67, 0xC1, 0x40, 0x60, 0xBC, 0x25, 0x3E, 0x9F, 0x34, 0x58, 0xAF, 0x62, 0x8F, 0xD2, 0x77, 0xA5, 0xDA, 0x89, 0xB3, 0xDF, 0x6C, 0x96, 0xD5, 0x30, 0x51, 0xAD, 0x2D, 0x4B, 0xA9, 0x59, 0x81, 0xCB, 0x81, 0xA7, 0xDB, 0x51, 0x78, 0xC9, 
        0x3C, 0x5F, 0xB9, 0x40, 0x65, 0xBD, 0x40, 0x65, 0xBD, 0x43, 0x68, 0xBE, 0x48, 0x6F, 0xC2, 0x4F, 0x73, 0xC4, 0x4B, 0x6F, 0xBE, 0x45, 0x67, 0xBC, 0x3F, 0x62, 0xBA, 0x39, 0x5B, 0xB7, 0x33, 0x55, 0xB3, 0x34, 0x56, 0xB6, 0x31, 0x52, 0xB3, 
        0x29, 0x48, 0xAC, 0x27, 0x47, 0xAD, 0x26, 0x47, 0xAD, 0x23, 0x41, 0xA9, 0x26, 0x46, 0xAC, 0x21, 0x41, 0xA8, 0x23, 0x42, 0xA9, 0x2B, 0x4D, 0xB2, 0x29, 0x4A, 0xB0, 0x25, 0x45, 0xAB, 0x26, 0x46, 0xAD, 0x20, 0x3F, 0xA7, 0x1D, 0x3A, 0xA4, 
        0x26, 0x47, 0xAF, 0x25, 0x46, 0xAD, 0x21, 0x41, 0xA9, 0x25, 0x46, 0xAD, 0x2E, 0x52, 0xB6, 0x2E, 0x54, 0xB7, 0x28, 0x4D, 0xB1, 0x32, 0x5A, 0xBB, 0x31, 0x59, 0xBA, 0x2E, 0x54, 0xB6, 0x2F, 0x56, 0xB8, 0x2A, 0x50, 0xB4, 0x33, 0x5E, 0xBD, 
        0x46, 0x74, 0xCB, 0x4D, 0x7C, 0xD0, 0x49, 0x7A, 0xCE, 0x44, 0x74, 0xCA, 0x44, 0x76, 0xCB, 0x53, 0x85, 0xD0, 0x5D, 0x8D, 0xD2, 0x5E, 0x8D, 0xD2, 0x5B, 0x8A, 0xD0, 0x61, 0x90, 0xD3, 0x67, 0x96, 0xD7, 0x58, 0x89, 0xD2, 0x5C, 0x8C, 0xD1, 
        0x5C, 0x8C, 0xD1, 0x59, 0x8A, 0xD1, 0x58, 0x8A, 0xD1, 0x5A, 0x8C, 0xD1, 0x59, 0x8A, 0xD1, 0x5A, 0x89, 0xD1, 0x59, 0x8A, 0xD1, 0x5A, 0x8C, 0xD1, 0x59, 0x8C, 0xD1, 0x59, 0x8B, 0xD1, 0x5C, 0x8F, 0xD2, 0x5B, 0x8E, 0xD3, 0x5A, 0x8D, 0xD3, 
        0x5B, 0x8F, 0xD3, 0x5B, 0x8F, 0xD3, 0x47, 0x7C, 0xBD,
  0x43, 0x53, 0xA1, 0x17, 0x2A, 0x86, 0x17, 0x2A, 0x84, 0x18, 0x2C, 0x88, 0x18, 0x2C, 0x88, 0x18, 0x2C, 0x88, 0x19, 0x2C, 0x88, 0x19, 0x2B, 0x88, 0x19, 0x2A, 0x8B, 0x1A, 0x2C, 0x8B, 0x1B, 0x2E, 0x8D, 0x1B, 0x2E, 0x8D, 0x18, 0x2A, 0x88, 0x19, 0x2B, 0x8C, 
        0x1D, 0x32, 0x92, 0x1C, 0x2F, 0x8F, 0x1D, 0x32, 0x91, 0x1E, 0x32, 0x91, 0x20, 0x34, 0x95, 0x20, 0x34, 0x95, 0x1B, 0x2E, 0x8E, 0x1E, 0x34, 0x96, 0x23, 0x3A, 0x99, 0x1F, 0x32, 0x90, 0x22, 0x34, 0x94, 0x26, 0x38, 0x97, 0x24, 0x37, 0x94, 
        0x28, 0x3A, 0x9B, 0x2A, 0x3C, 0x9A, 0x26, 0x38, 0x94, 0x4B, 0x69, 0xB7, 0x80, 0xA1, 0xD4, 0x6B, 0x95, 0xCC, 0x3F, 0x5B, 0xAC, 0x3F, 0x54, 0xAB, 0x3B, 0x54, 0xAB, 0x37, 0x4D, 0xA8, 0x34, 0x4A, 0xA6, 0x2F, 0x46, 0xA2, 0x2D, 0x42, 0xA0, 
        0x2B, 0x40, 0x9F, 0x28, 0x3B, 0x9C, 0x26, 0x3B, 0x9C, 0x25, 0x38, 0x9A, 0x23, 0x35, 0x98, 0x23, 0x38, 0x9A, 0x22, 0x36, 0x97, 0x1F, 0x34, 0x93, 0x23, 0x38, 0x9A, 0x2C, 0x43, 0xA3, 0x22, 0x36, 0x98, 0x21, 0x35, 0x96, 0x22, 0x37, 0x98, 
        0x1F, 0x37, 0x98, 0x1F, 0x35, 0x96, 0x21, 0x38, 0x9A, 0x20, 0x36, 0x9A, 0x1F, 0x34, 0x9A, 0x24, 0x3A, 0x9E, 0x3C, 0x5F, 0xB1, 0x35, 0x51, 0xAA, 0x20, 0x33, 0x97, 0x26, 0x39, 0xA0, 0x24, 0x38, 0x9F, 0x1D, 0x31, 0x98, 0x1E, 0x33, 0x99, 
        0x21, 0x37, 0x9D, 0x20, 0x37, 0x9D, 0x25, 0x3C, 0xA1, 0x25, 0x3D, 0xA2, 0x24, 0x3B, 0xA3, 0x25, 0x3C, 0xA3, 0x27, 0x40, 0xA3, 0x2B, 0x45, 0xA8, 0x2B, 0x45, 0xA8, 0x28, 0x40, 0xA3, 0x26, 0x3E, 0xA2, 0x2C, 0x46, 0xA8, 0x28, 0x47, 0xA8, 
        0x3D, 0x63, 0xBC, 0x41, 0x5E, 0xBB, 0x27, 0x3C, 0x9B, 0x40, 0x67, 0xB8, 0x88, 0xB1, 0xDF, 0x94, 0xC0, 0xE4, 0x86, 0xB3, 0xDE, 0x4F, 0x7C, 0xC8, 0x30, 0x4D, 0xAD, 0x31, 0x4D, 0xAD, 0x3E, 0x63, 0xB7, 0x42, 0x74, 0xB9, 0x40, 0x65, 0xBB, 
        0x3C, 0x5C, 0xB8, 0x41, 0x63, 0xBC, 0x43, 0x68, 0xBE, 0x48, 0x6C, 0xC0, 0x49, 0x6E, 0xC1, 0x53, 0x76, 0xC4, 0x57, 0x79, 0xC4, 0x49, 0x6D, 0xBE, 0x3C, 0x5D, 0xB5, 0x3B, 0x5C, 0xB7, 0x32, 0x52, 0xB1, 0x2F, 0x4F, 0xB0, 0x2E, 0x4F, 0xB0, 
        0x2A, 0x49, 0xAC, 0x25, 0x44, 0xA8, 0x27, 0x47, 0xAC, 0x2B, 0x4C, 0xB1, 0x2A, 0x4B, 0xB1, 0x26, 0x47, 0xAD, 0x28, 0x49, 0xAF, 0x2A, 0x4C, 0xB1, 0x29, 0x4A, 0xB0, 0x29, 0x4A, 0xB0, 0x27, 0x49, 0xAF, 0x24, 0x43, 0xAA, 0x21, 0x41, 0xA8, 
        0x27, 0x49, 0xAF, 0x27, 0x49, 0xAF, 0x24, 0x43, 0xAA, 0x26, 0x46, 0xAD, 0x2C, 0x50, 0xB4, 0x27, 0x4A, 0xAF, 0x26, 0x49, 0xAD, 0x2F, 0x56, 0xB7, 0x2A, 0x4D, 0xB1, 0x2D, 0x51, 0xB4, 0x36, 0x5E, 0xBD, 0x32, 0x59, 0xB9, 0x2D, 0x51, 0xB4, 
        0x2F, 0x56, 0xB7, 0x43, 0x71, 0xC9, 0x52, 0x80, 0xD2, 0x42, 0x71, 0xC9, 0x40, 0x71, 0xC8, 0x54, 0x87, 0xD2, 0x5A, 0x8A, 0xD2, 0x61, 0x8E, 0xD2, 0x61, 0x8E, 0xD2, 0x62, 0x91, 0xD3, 0x67, 0x9A, 0xD9, 0x5E, 0x90, 0xD5, 0x5F, 0x8D, 0xD2, 
        0x5E, 0x8D, 0xD1, 0x60, 0x8F, 0xD2, 0x59, 0x8A, 0xCF, 0x5A, 0x8A, 0xD1, 0x5A, 0x8A, 0xD1, 0x5A, 0x8A, 0xD1, 0x59, 0x8A, 0xD1, 0x5A, 0x8C, 0xD1, 0x59, 0x8C, 0xD1, 0x58, 0x8C, 0xD1, 0x60, 0x90, 0xD3, 0x5F, 0x90, 0xD4, 0x5A, 0x8D, 0xD3, 
        0x5A, 0x8E, 0xD3, 0x5B, 0x8F, 0xD3, 0x46, 0x7B, 0xBC,
  0x43, 0x53, 0xA0, 0x18, 0x2A, 0x86, 0x17, 0x2A, 0x84, 0x17, 0x2A, 0x84, 0x18, 0x2A, 0x87, 0x18, 0x2A, 0x88, 0x17, 0x2A, 0x86, 0x1A, 0x2C, 0x8A, 0x1A, 0x2B, 0x8A, 0x19, 0x2A, 0x89, 0x1A, 0x2C, 0x8B, 0x1A, 0x2D, 0x8B, 0x1C, 0x30, 0x8E, 0x1C, 0x30, 0x8E, 
        0x1C, 0x2D, 0x8D, 0x1C, 0x2E, 0x8F, 0x1F, 0x33, 0x92, 0x1F, 0x33, 0x92, 0x21, 0x34, 0x94, 0x22, 0x36, 0x97, 0x1F, 0x32, 0x93, 0x27, 0x3D, 0x9E, 0x27, 0x3D, 0x9C, 0x1E, 0x31, 0x8E, 0x26, 0x3A, 0x95, 0x28, 0x3B, 0x98, 0x28, 0x3C, 0x98, 
        0x2C, 0x44, 0x9F, 0x32, 0x42, 0x9F, 0x47, 0x5D, 0xB1, 0x83, 0xA4, 0xD8, 0x6E, 0x94, 0xCF, 0x3A, 0x58, 0xA5, 0x42, 0x58, 0xAA, 0x40, 0x58, 0xAD, 0x3A, 0x50, 0xA8, 0x36, 0x4C, 0xA7, 0x32, 0x47, 0xA4, 0x2E, 0x43, 0xA0, 0x2B, 0x3F, 0x9E, 
        0x29, 0x3E, 0x9D, 0x29, 0x3C, 0x9D, 0x26, 0x39, 0x9A, 0x24, 0x38, 0x9A, 0x24, 0x38, 0x9A, 0x23, 0x35, 0x99, 0x22, 0x36, 0x97, 0x21, 0x34, 0x94, 0x26, 0x3D, 0x9C, 0x30, 0x49, 0xA8, 0x24, 0x3A, 0x9B, 0x22, 0x36, 0x97, 0x22, 0x36, 0x98, 
        0x1F, 0x34, 0x96, 0x21, 0x35, 0x97, 0x22, 0x36, 0x98, 0x21, 0x37, 0x9A, 0x21, 0x36, 0x9A, 0x22, 0x37, 0x9A, 0x20, 0x35, 0x95, 0x20, 0x34, 0x97, 0x24, 0x37, 0x9C, 0x24, 0x39, 0x9E, 0x1F, 0x39, 0x9B, 0x2E, 0x54, 0xAB, 0x2C, 0x4A, 0xA6, 
        0x22, 0x37, 0x9A, 0x26, 0x3E, 0x9F, 0x1F, 0x33, 0x96, 0x1F, 0x33, 0x96, 0x28, 0x41, 0xA1, 0x25, 0x3D, 0xA0, 0x25, 0x3B, 0xA0, 0x28, 0x40, 0xA3, 0x29, 0x42, 0xA5, 0x27, 0x3F, 0xA3, 0x28, 0x41, 0xA3, 0x29, 0x41, 0xA5, 0x2B, 0x47, 0xA8, 
        0x28, 0x45, 0xA7, 0x2E, 0x48, 0xA8, 0x27, 0x3E, 0x9F, 0x38, 0x5B, 0xB2, 0x88, 0xAE, 0xDF, 0x91, 0xB8, 0xE2, 0x58, 0x87, 0xCB, 0x2B, 0x4A, 0xA4, 0x2D, 0x45, 0xA8, 0x38, 0x53, 0xB2, 0x4A, 0x6C, 0xBE, 0x44, 0x6E, 0xB9, 0x35, 0x58, 0xB1, 
        0x3C, 0x5D, 0xB7, 0x41, 0x63, 0xBA, 0x47, 0x69, 0xBF, 0x4C, 0x6F, 0xC2, 0x4E, 0x72, 0xC4, 0x52, 0x75, 0xC4, 0x5A, 0x81, 0xC8, 0x59, 0x7E, 0xC9, 0x3E, 0x62, 0xB8, 0x38, 0x59, 0xB3, 0x36, 0x57, 0xB5, 0x31, 0x50, 0xB0, 0x28, 0x47, 0xA9, 
        0x2D, 0x4C, 0xAE, 0x2E, 0x4F, 0xB0, 0x28, 0x47, 0xAA, 0x2B, 0x4B, 0xB0, 0x29, 0x49, 0xAF, 0x27, 0x48, 0xAF, 0x2A, 0x4C, 0xB0, 0x27, 0x47, 0xAD, 0x27, 0x47, 0xAD, 0x2A, 0x4C, 0xB0, 0x29, 0x4A, 0xAF, 0x27, 0x47, 0xAD, 0x27, 0x4A, 0xAF, 
        0x26, 0x47, 0xAD, 0x29, 0x4C, 0xB0, 0x26, 0x47, 0xAD, 0x26, 0x46, 0xAD, 0x26, 0x47, 0xAD, 0x26, 0x47, 0xAD, 0x2B, 0x50, 0xB3, 0x2E, 0x51, 0xB4, 0x30, 0x55, 0xB7, 0x39, 0x60, 0xBE, 0x36, 0x5C, 0xBC, 0x36, 0x5E, 0xBD, 0x33, 0x5B, 0xBB, 
        0x36, 0x5E, 0xBD, 0x3F, 0x6B, 0xC5, 0x43, 0x71, 0xC9, 0x33, 0x5E, 0xBC, 0x4D, 0x7D, 0xD0, 0x49, 0x7C, 0xCB, 0x4F, 0x7F, 0xCB, 0x65, 0x91, 0xD3, 0x60, 0x8E, 0xD2, 0x55, 0x87, 0xCE, 0x67, 0x98, 0xD7, 0x7E, 0xA9, 0xDE, 0x62, 0x90, 0xD3, 
        0x58, 0x89, 0xD0, 0x61, 0x8F, 0xD2, 0x5D, 0x8C, 0xD1, 0x5A, 0x8A, 0xD1, 0x59, 0x8A, 0xCF, 0x5A, 0x8A, 0xD1, 0x5B, 0x8A, 0xD1, 0x5B, 0x8D, 0xD1, 0x5A, 0x8C, 0xD1, 0x58, 0x8C, 0xD1, 0x5C, 0x8F, 0xD2, 0x5D, 0x8E, 0xD2, 0x5A, 0x8C, 0xD2, 
        0x5A, 0x8D, 0xD2, 0x5A, 0x8E, 0xD2, 0x48, 0x7B, 0xBC,
  0x43, 0x52, 0x9E, 0x1B, 0x2C, 0x89, 0x19, 0x2B, 0x87, 0x17, 0x28, 0x84, 0x17, 0x28, 0x82, 0x18, 0x2A, 0x87, 0x19, 0x2C, 0x89, 0x1A, 0x2D, 0x8A, 0x1A, 0x2B, 0x88, 0x19, 0x2A, 0x86, 0x1A, 0x2B, 0x89, 0x1A, 0x2B, 0x89, 0x1D, 0x31, 0x8E, 0x1C, 0x2E, 0x8C, 
        0x1C, 0x2E, 0x8C, 0x1D, 0x2E, 0x8F, 0x20, 0x34, 0x94, 0x24, 0x39, 0x98, 0x25, 0x3B, 0x99, 0x24, 0x38, 0x97, 0x21, 0x34, 0x92, 0x1E, 0x2F, 0x8E, 0x1E, 0x2F, 0x8D, 0x23, 0x32, 0x90, 0x26, 0x38, 0x93, 0x23, 0x32, 0x8C, 0x28, 0x38, 0x94, 
        0x2B, 0x3D, 0x94, 0x3A, 0x56, 0xA7, 0x77, 0x94, 0xD0, 0x6C, 0x8D, 0xCC, 0x3B, 0x5A, 0xAA, 0x45, 0x5C, 0xAC, 0x43, 0x5A, 0xAD, 0x3D, 0x55, 0xAA, 0x38, 0x4E, 0xA5, 0x34, 0x49, 0xA3, 0x32, 0x46, 0xA2, 0x2E, 0x42, 0x9F, 0x2B, 0x3E, 0x9D, 
        0x29, 0x3C, 0x9D, 0x29, 0x3C, 0x9D, 0x25, 0x37, 0x99, 0x24, 0x37, 0x99, 0x25, 0x38, 0x9A, 0x22, 0x34, 0x97, 0x21, 0x33, 0x95, 0x21, 0x33, 0x94, 0x21, 0x35, 0x95, 0x24, 0x39, 0x99, 0x21, 0x32, 0x96, 0x21, 0x34, 0x96, 0x22, 0x34, 0x97, 
        0x23, 0x36, 0x99, 0x23, 0x37, 0x9A, 0x22, 0x36, 0x98, 0x23, 0x37, 0x99, 0x25, 0x3A, 0x9C, 0x21, 0x34, 0x97, 0x22, 0x34, 0x9A, 0x25, 0x37, 0x9E, 0x24, 0x37, 0x9E, 0x1D, 0x33, 0x97, 0x29, 0x4A, 0xA5, 0x82, 0xAC, 0xDD, 0x91, 0xB1, 0xE2, 
        0x32, 0x49, 0xA9, 0x1E, 0x33, 0x92, 0x32, 0x4E, 0xAB, 0x32, 0x4F, 0xAB, 0x25, 0x3D, 0x9B, 0x28, 0x41, 0xA0, 0x2E, 0x4A, 0xAA, 0x31, 0x4B, 0xAC, 0x29, 0x42, 0xA3, 0x28, 0x41, 0xA3, 0x2C, 0x45, 0xA7, 0x2B, 0x44, 0xA5, 0x2C, 0x46, 0xA7, 
        0x29, 0x43, 0xA5, 0x2F, 0x48, 0xA8, 0x2E, 0x49, 0xA7, 0x32, 0x53, 0xAD, 0x65, 0x8D, 0xD1, 0x5F, 0x88, 0xD0, 0x34, 0x54, 0xAC, 0x55, 0x74, 0xC6, 0x50, 0x6B, 0xC3, 0x37, 0x50, 0xAF, 0x41, 0x62, 0xB8, 0x3E, 0x5F, 0xB4, 0x3E, 0x5F, 0xB6, 
        0x4A, 0x6C, 0xC0, 0x47, 0x68, 0xBD, 0x48, 0x6B, 0xBE, 0x4E, 0x71, 0xC2, 0x51, 0x74, 0xC4, 0x5A, 0x7E, 0xC9, 0x5D, 0x85, 0xCA, 0x64, 0x8A, 0xD1, 0x53, 0x79, 0xC7, 0x36, 0x58, 0xB3, 0x36, 0x56, 0xB3, 0x2E, 0x4B, 0xAC, 0x31, 0x50, 0xB1, 
        0x34, 0x56, 0xB5, 0x2B, 0x4B, 0xAD, 0x31, 0x53, 0xB3, 0x28, 0x48, 0xAB, 0x26, 0x45, 0xAA, 0x2A, 0x49, 0xAF, 0x27, 0x44, 0xAD, 0x2A, 0x4A, 0xAF, 0x29, 0x49, 0xAF, 0x29, 0x47, 0xAF, 0x2B, 0x4A, 0xB1, 0x2E, 0x4E, 0xB4, 0x29, 0x4A, 0xB0, 
        0x29, 0x4A, 0xAF, 0x2D, 0x50, 0xB4, 0x25, 0x45, 0xAB, 0x24, 0x43, 0xAB, 0x2A, 0x4C, 0xB1, 0x27, 0x4A, 0xAF, 0x2B, 0x50, 0xB4, 0x2E, 0x54, 0xB6, 0x2B, 0x4E, 0xB2, 0x26, 0x49, 0xAD, 0x2A, 0x4D, 0xB1, 0x31, 0x57, 0xB7, 0x34, 0x5B, 0xBA, 
        0x43, 0x70, 0xC7, 0x3B, 0x67, 0xC1, 0x48, 0x76, 0xCB, 0x40, 0x6E, 0xC6, 0x51, 0x80, 0xD2, 0x44, 0x74, 0xC8, 0x4C, 0x7C, 0xCB, 0x60, 0x8D, 0xD2, 0x5F, 0x8B, 0xD0, 0x5D, 0x8D, 0xD0, 0x6E, 0x9E, 0xD9, 0x81, 0xAA, 0xDE, 0x62, 0x90, 0xD3, 
        0x5C, 0x8A, 0xD2, 0x60, 0x8D, 0xD2, 0x5B, 0x8A, 0xCF, 0x5C, 0x8A, 0xD1, 0x5A, 0x8A, 0xD1, 0x5B, 0x8A, 0xD1, 0x5D, 0x8C, 0xD1, 0x5D, 0x8D, 0xD1, 0x5B, 0x8D, 0xD1, 0x5A, 0x8C, 0xD1, 0x5A, 0x8C, 0xD1, 0x5D, 0x8F, 0xD2, 0x5D, 0x8E, 0xD3, 
        0x5C, 0x8E, 0xD2, 0x5D, 0x8F, 0xD3, 0x48, 0x7B, 0xBC,
  0x45, 0x52, 0x9E, 0x1C, 0x2D, 0x8A, 0x19, 0x2B, 0x88, 0x18, 0x2A, 0x86, 0x19, 0x2A, 0x86, 0x19, 0x2C, 0x87, 0x19, 0x2A, 0x89, 0x19, 0x2A, 0x88, 0x19, 0x29, 0x87, 0x1A, 0x2B, 0x88, 0x1B, 0x2B, 0x89, 0x1B, 0x2B, 0x8B, 0x1C, 0x2E, 0x8C, 0x1A, 0x2B, 0x88, 
        0x1A, 0x2A, 0x87, 0x1D, 0x2E, 0x8D, 0x21, 0x33, 0x94, 0x22, 0x36, 0x96, 0x21, 0x35, 0x94, 0x20, 0x34, 0x94, 0x20, 0x32, 0x8F, 0x1F, 0x2F, 0x8B, 0x23, 0x35, 0x90, 0x26, 0x36, 0x92, 0x2C, 0x3E, 0x97, 0x2E, 0x40, 0x98, 0x33, 0x44, 0x9B, 
        0x53, 0x68, 0xB3, 0x7E, 0x9C, 0xD2, 0x69, 0x8D, 0xCB, 0x45, 0x5D, 0xAC, 0x4A, 0x59, 0xAC, 0x43, 0x59, 0xAC, 0x3B, 0x53, 0xA8, 0x3B, 0x51, 0xA8, 0x37, 0x4C, 0xA3, 0x33, 0x47, 0xA1, 0x30, 0x44, 0xA0, 0x2E, 0x40, 0x9E, 0x2B, 0x3E, 0x9D, 
        0x2B, 0x3C, 0x9D, 0x29, 0x3B, 0x9D, 0x25, 0x36, 0x99, 0x24, 0x37, 0x98, 0x24, 0x37, 0x99, 0x22, 0x34, 0x98, 0x23, 0x35, 0x98, 0x24, 0x37, 0x99, 0x22, 0x34, 0x95, 0x21, 0x32, 0x94, 0x23, 0x35, 0x95, 0x24, 0x36, 0x99, 0x23, 0x37, 0x9B, 
        0x23, 0x37, 0x9C, 0x22, 0x36, 0x99, 0x22, 0x34, 0x96, 0x27, 0x3B, 0x9C, 0x28, 0x3E, 0x9C, 0x22, 0x36, 0x95, 0x22, 0x35, 0x9A, 0x26, 0x38, 0x9F, 0x24, 0x36, 0x9E, 0x1F, 0x31, 0x97, 0x24, 0x3F, 0x9C, 0x6B, 0x96, 0xD4, 0x83, 0xA4, 0xDC, 
        0x2D, 0x43, 0xA6, 0x1B, 0x2E, 0x90, 0x5B, 0x7A, 0xCC, 0x6B, 0x89, 0xD2, 0x2D, 0x47, 0xA6, 0x32, 0x4E, 0xAD, 0x36, 0x51, 0xB0, 0x36, 0x52, 0xB3, 0x29, 0x40, 0xA3, 0x29, 0x41, 0xA5, 0x2C, 0x45, 0xA7, 0x2C, 0x45, 0xA7, 0x2C, 0x45, 0xA7, 
        0x2F, 0x48, 0xA8, 0x2F, 0x48, 0xA8, 0x2F, 0x4B, 0xA8, 0x2F, 0x4C, 0xA8, 0x31, 0x4E, 0xAC, 0x30, 0x4C, 0xA8, 0x31, 0x4C, 0xA8, 0x5C, 0x7A, 0xCB, 0x51, 0x6E, 0xC3, 0x35, 0x50, 0xAD, 0x39, 0x56, 0xB1, 0x3B, 0x59, 0xB2, 0x55, 0x77, 0xC6, 
        0x5F, 0x81, 0xCC, 0x50, 0x72, 0xC3, 0x4E, 0x6F, 0xC0, 0x4F, 0x71, 0xC1, 0x54, 0x75, 0xC4, 0x5A, 0x80, 0xC9, 0x56, 0x81, 0xC7, 0x5F, 0x88, 0xCD, 0x59, 0x81, 0xCA, 0x38, 0x59, 0xB3, 0x3D, 0x60, 0xBA, 0x3A, 0x5A, 0xB7, 0x38, 0x59, 0xB7, 
        0x36, 0x58, 0xB5, 0x2D, 0x4C, 0xAE, 0x36, 0x59, 0xB7, 0x32, 0x54, 0xB5, 0x2F, 0x50, 0xB2, 0x34, 0x56, 0xB9, 0x2E, 0x4D, 0xB2, 0x2A, 0x48, 0xAF, 0x2B, 0x4A, 0xAF, 0x2B, 0x4C, 0xB0, 0x2B, 0x4A, 0xAF, 0x29, 0x49, 0xAF, 0x24, 0x42, 0xA9, 
        0x24, 0x42, 0xA9, 0x25, 0x43, 0xA9, 0x20, 0x3E, 0xA4, 0x28, 0x49, 0xAD, 0x36, 0x5B, 0xBB, 0x2A, 0x4D, 0xB1, 0x2B, 0x4E, 0xB2, 0x2C, 0x4E, 0xB3, 0x21, 0x41, 0xA8, 0x29, 0x4A, 0xAF, 0x32, 0x56, 0xB8, 0x30, 0x55, 0xB6, 0x3B, 0x64, 0xBE, 
        0x46, 0x71, 0xC8, 0x2F, 0x57, 0xB6, 0x3F, 0x6D, 0xC5, 0x46, 0x76, 0xCA, 0x43, 0x71, 0xC8, 0x48, 0x79, 0xCB, 0x58, 0x88, 0xD2, 0x65, 0x90, 0xD3, 0x64, 0x90, 0xD2, 0x5F, 0x8E, 0xD0, 0x56, 0x8A, 0xCE, 0x5B, 0x8D, 0xD0, 0x5E, 0x8B, 0xD2, 
        0x62, 0x90, 0xD3, 0x61, 0x8F, 0xD2, 0x5E, 0x8C, 0xD2, 0x60, 0x8D, 0xD1, 0x5E, 0x8C, 0xD1, 0x5C, 0x8A, 0xD1, 0x5E, 0x8D, 0xD1, 0x5E, 0x8C, 0xD1, 0x5D, 0x8D, 0xD1, 0x5D, 0x8D, 0xD1, 0x5A, 0x8D, 0xD1, 0x5E, 0x8F, 0xD2, 0x60, 0x90, 0xD3, 
        0x5E, 0x8F, 0xD3, 0x60, 0x90, 0xD4, 0x4A, 0x7D, 0xBD,
  0x45, 0x53, 0x9E, 0x1C, 0x2B, 0x88, 0x19, 0x2A, 0x86, 0x19, 0x2A, 0x87, 0x1B, 0x2B, 0x89, 0x1B, 0x2B, 0x88, 0x19, 0x2A, 0x86, 0x17, 0x27, 0x85, 0x19, 0x2A, 0x87, 0x1C, 0x2D, 0x8B, 0x1C, 0x2E, 0x8A, 0x1D, 0x2F, 0x8C, 0x1D, 0x2E, 0x8D, 0x1B, 0x2B, 0x8B, 
        0x1B, 0x2C, 0x89, 0x1F, 0x30, 0x8D, 0x1F, 0x30, 0x8D, 0x1F, 0x31, 0x91, 0x1F, 0x32, 0x8F, 0x1D, 0x2F, 0x8F, 0x1C, 0x2D, 0x8A, 0x26, 0x35, 0x91, 0x30, 0x45, 0x9F, 0x28, 0x39, 0x92, 0x2B, 0x3A, 0x94, 0x2E, 0x3B, 0x97, 0x44, 0x58, 0xAA, 
        0x80, 0x9E, 0xCF, 0x6E, 0x8D, 0xC9, 0x42, 0x5E, 0xA9, 0x47, 0x5A, 0xA9, 0x47, 0x57, 0xAA, 0x3F, 0x52, 0xA6, 0x3B, 0x50, 0xA7, 0x38, 0x4B, 0xA3, 0x34, 0x47, 0xA0, 0x31, 0x44, 0xA0, 0x2E, 0x41, 0x9C, 0x2B, 0x3D, 0x99, 0x2B, 0x3E, 0x9D, 
        0x2B, 0x3C, 0x9D, 0x27, 0x37, 0x99, 0x25, 0x36, 0x99, 0x25, 0x36, 0x99, 0x24, 0x37, 0x98, 0x26, 0x38, 0x9C, 0x23, 0x34, 0x97, 0x24, 0x34, 0x97, 0x23, 0x34, 0x96, 0x23, 0x34, 0x95, 0x24, 0x35, 0x97, 0x23, 0x35, 0x95, 0x23, 0x35, 0x9A, 
        0x22, 0x33, 0x9A, 0x22, 0x33, 0x97, 0x23, 0x35, 0x98, 0x24, 0x37, 0x96, 0x30, 0x47, 0xA2, 0x48, 0x65, 0xB8, 0x31, 0x4B, 0xA8, 0x23, 0x35, 0x98, 0x28, 0x39, 0xA0, 0x28, 0x38, 0x9F, 0x22, 0x34, 0x98, 0x28, 0x41, 0x9E, 0x2A, 0x43, 0xA2, 
        0x26, 0x3B, 0x9F, 0x24, 0x39, 0x9D, 0x2F, 0x48, 0xA9, 0x35, 0x4F, 0xAF, 0x2A, 0x41, 0xA4, 0x2C, 0x45, 0xA6, 0x2A, 0x43, 0xA4, 0x2A, 0x42, 0xA3, 0x2B, 0x43, 0xA7, 0x2F, 0x47, 0xA9, 0x2B, 0x44, 0xA5, 0x2D, 0x46, 0xA8, 0x2F, 0x46, 0xA8, 
        0x30, 0x49, 0xAA, 0x2F, 0x49, 0xA9, 0x2F, 0x49, 0xA9, 0x33, 0x4F, 0xAE, 0x31, 0x4A, 0xAC, 0x35, 0x4D, 0xAF, 0x35, 0x4D, 0xAC, 0x32, 0x4D, 0xAB, 0x37, 0x54, 0xAF, 0x3E, 0x5E, 0xB6, 0x3C, 0x5B, 0xB6, 0x3C, 0x5B, 0xB6, 0x46, 0x68, 0xBC, 
        0x4D, 0x6F, 0xC0, 0x47, 0x69, 0xBB, 0x4D, 0x6F, 0xBE, 0x51, 0x74, 0xC1, 0x57, 0x77, 0xC4, 0x5C, 0x83, 0xC9, 0x6E, 0x99, 0xD5, 0x6E, 0x96, 0xD4, 0x52, 0x7B, 0xC7, 0x35, 0x57, 0xB0, 0x3D, 0x5E, 0xBA, 0x43, 0x63, 0xBE, 0x3C, 0x5F, 0xBA, 
        0x36, 0x56, 0xB3, 0x2D, 0x4B, 0xAB, 0x2F, 0x50, 0xB0, 0x35, 0x57, 0xB7, 0x2F, 0x50, 0xB0, 0x31, 0x52, 0xB3, 0x2E, 0x4C, 0xB2, 0x26, 0x44, 0xAA, 0x27, 0x44, 0xAB, 0x26, 0x43, 0xA9, 0x23, 0x3F, 0xA6, 0x20, 0x3D, 0xA4, 0x20, 0x3D, 0xA4, 
        0x27, 0x46, 0xAB, 0x27, 0x47, 0xAC, 0x24, 0x42, 0xA7, 0x26, 0x45, 0xA9, 0x29, 0x49, 0xAD, 0x2B, 0x4C, 0xB1, 0x2E, 0x50, 0xB4, 0x28, 0x49, 0xAF, 0x26, 0x47, 0xAD, 0x32, 0x56, 0xB9, 0x30, 0x53, 0xB7, 0x32, 0x56, 0xB7, 0x3D, 0x65, 0xC0, 
        0x30, 0x55, 0xB4, 0x32, 0x59, 0xB7, 0x53, 0x82, 0xD0, 0x4F, 0x7D, 0xCE, 0x3E, 0x6B, 0xC3, 0x3C, 0x6A, 0xC3, 0x4C, 0x7C, 0xCB, 0x67, 0x90, 0xD4, 0x65, 0x90, 0xD2, 0x5E, 0x8D, 0xCE, 0x5C, 0x90, 0xD0, 0x59, 0x8B, 0xCE, 0x60, 0x8D, 0xD2, 
        0x5E, 0x8D, 0xD2, 0x5E, 0x8B, 0xD0, 0x64, 0x90, 0xD3, 0x62, 0x8F, 0xD2, 0x5D, 0x8A, 0xCF, 0x5E, 0x8C, 0xD1, 0x60, 0x8D, 0xD1, 0x5E, 0x8C, 0xD1, 0x5D, 0x8D, 0xD1, 0x60, 0x8F, 0xD2, 0x5E, 0x8F, 0xD1, 0x5F, 0x8F, 0xD2, 0x5F, 0x90, 0xD3, 
        0x5E, 0x8F, 0xD2, 0x60, 0x90, 0xD4, 0x4A, 0x7D, 0xBD,
  0x45, 0x51, 0x9D, 0x1C, 0x2C, 0x89, 0x1B, 0x2A, 0x88, 0x19, 0x2A, 0x86, 0x19, 0x2A, 0x87, 0x1B, 0x2C, 0x89, 0x1B, 0x2B, 0x88, 0x18, 0x28, 0x84, 0x1A, 0x2A, 0x88, 0x1B, 0x2A, 0x88, 0x1A, 0x2A, 0x88, 0x1C, 0x2E, 0x8A, 0x1A, 0x2A, 0x87, 0x1A, 0x2A, 0x87, 
        0x1C, 0x2E, 0x8C, 0x1A, 0x2C, 0x89, 0x1B, 0x2B, 0x88, 0x1D, 0x2D, 0x8B, 0x1D, 0x2D, 0x8D, 0x1B, 0x2C, 0x8B, 0x22, 0x33, 0x91, 0x2D, 0x3D, 0x99, 0x2E, 0x3E, 0x99, 0x28, 0x37, 0x90, 0x2C, 0x3C, 0x92, 0x33, 0x46, 0x9B, 0x68, 0x7E, 0xC5, 
        0x65, 0x8A, 0xC3, 0x47, 0x5F, 0xA6, 0x4B, 0x5C, 0xAA, 0x47, 0x5C, 0xAA, 0x3F, 0x57, 0xA9, 0x3F, 0x52, 0xA7, 0x3A, 0x4C, 0xA4, 0x35, 0x48, 0xA1, 0x33, 0x45, 0xA0, 0x30, 0x42, 0x9E, 0x2E, 0x40, 0x9C, 0x2C, 0x3D, 0x9B, 0x29, 0x39, 0x99, 
        0x29, 0x3A, 0x9B, 0x25, 0x35, 0x96, 0x23, 0x33, 0x96, 0x25, 0x36, 0x98, 0x25, 0x37, 0x99, 0x27, 0x3B, 0x9D, 0x28, 0x3B, 0x9D, 0x24, 0x35, 0x97, 0x24, 0x35, 0x98, 0x23, 0x34, 0x97, 0x23, 0x35, 0x96, 0x26, 0x38, 0x99, 0x26, 0x38, 0x9A, 
        0x23, 0x33, 0x9A, 0x26, 0x37, 0x9B, 0x24, 0x36, 0x99, 0x1E, 0x2D, 0x8E, 0x30, 0x47, 0xA3, 0x5E, 0x78, 0xC8, 0x36, 0x52, 0xAE, 0x21, 0x33, 0x98, 0x26, 0x37, 0x9D, 0x29, 0x38, 0xA0, 0x29, 0x3A, 0x9E, 0x24, 0x34, 0x97, 0x23, 0x37, 0x9A, 
        0x26, 0x3D, 0xA0, 0x29, 0x3F, 0xA3, 0x25, 0x39, 0x9F, 0x22, 0x36, 0x9B, 0x2B, 0x42, 0xA6, 0x2A, 0x41, 0xA3, 0x2B, 0x45, 0xA4, 0x2A, 0x42, 0xA3, 0x2A, 0x41, 0xA2, 0x2E, 0x47, 0xA8, 0x2E, 0x45, 0xA7, 0x2E, 0x47, 0xA7, 0x30, 0x47, 0xA8, 
        0x30, 0x47, 0xA8, 0x33, 0x4E, 0xAE, 0x31, 0x4B, 0xAB, 0x33, 0x4B, 0xAC, 0x36, 0x4E, 0xAE, 0x38, 0x51, 0xAF, 0x38, 0x53, 0xB1, 0x35, 0x51, 0xAD, 0x3A, 0x58, 0xB2, 0x3D, 0x5F, 0xB6, 0x3B, 0x5B, 0xB4, 0x42, 0x61, 0xBC, 0x42, 0x61, 0xB8, 
        0x46, 0x66, 0xB9, 0x49, 0x69, 0xBB, 0x51, 0x72, 0xC0, 0x54, 0x75, 0xC1, 0x56, 0x75, 0xC2, 0x63, 0x89, 0xCD, 0x87, 0xAC, 0xDD, 0x7C, 0xA0, 0xD9, 0x4E, 0x74, 0xC4, 0x3A, 0x5B, 0xB5, 0x3E, 0x5D, 0xB8, 0x3E, 0x5D, 0xBA, 0x3E, 0x60, 0xBB, 
        0x36, 0x58, 0xB5, 0x39, 0x5A, 0xB7, 0x31, 0x50, 0xB0, 0x2B, 0x4B, 0xAC, 0x2A, 0x48, 0xAB, 0x24, 0x41, 0xA5, 0x2A, 0x48, 0xAC, 0x30, 0x50, 0xB4, 0x2E, 0x4C, 0xB1, 0x26, 0x43, 0xA9, 0x25, 0x42, 0xA8, 0x24, 0x41, 0xA7, 0x24, 0x42, 0xA8, 
        0x2A, 0x4A, 0xAF, 0x2A, 0x49, 0xAF, 0x26, 0x43, 0xA9, 0x25, 0x43, 0xA9, 0x2B, 0x4C, 0xAF, 0x27, 0x47, 0xAD, 0x26, 0x46, 0xAC, 0x2B, 0x4E, 0xB2, 0x2C, 0x4E, 0xB2, 0x23, 0x41, 0xA8, 0x2B, 0x4D, 0xB1, 0x3C, 0x63, 0xC0, 0x39, 0x60, 0xBD, 
        0x36, 0x5D, 0xBB, 0x46, 0x73, 0xC8, 0x4D, 0x7A, 0xCD, 0x46, 0x73, 0xC8, 0x52, 0x7F, 0xD0, 0x56, 0x83, 0xD2, 0x4C, 0x7A, 0xCA, 0x65, 0x8E, 0xD3, 0x67, 0x91, 0xD2, 0x62, 0x90, 0xD0, 0x62, 0x91, 0xD2, 0x61, 0x90, 0xD2, 0x65, 0x91, 0xD3, 
        0x5E, 0x8D, 0xD2, 0x5A, 0x88, 0xCE, 0x5E, 0x8B, 0xD2, 0x5E, 0x8C, 0xD2, 0x5E, 0x8C, 0xD2, 0x5F, 0x8D, 0xD1, 0x61, 0x8F, 0xD2, 0x5E, 0x8D, 0xD1, 0x5E, 0x8D, 0xD1, 0x61, 0x90, 0xD2, 0x60, 0x8F, 0xD2, 0x5F, 0x8F, 0xD2, 0x60, 0x8F, 0xD2, 
        0x5F, 0x8F, 0xD2, 0x60, 0x90, 0xD3, 0x4A, 0x7C, 0xBC,
  0x45, 0x53, 0x9E, 0x1C, 0x2B, 0x88, 0x1B, 0x2A, 0x85, 0x1B, 0x2A, 0x86, 0x1B, 0x2B, 0x87, 0x1D, 0x2F, 0x8B, 0x1D, 0x2D, 0x8A, 0x19, 0x2A, 0x86, 0x19, 0x2A, 0x86, 0x18, 0x27, 0x85, 0x19, 0x2A, 0x87, 0x18, 0x28, 0x85, 0x19, 0x28, 0x85, 0x1C, 0x2E, 0x8A, 
        0x1A, 0x2E, 0x8F, 0x1B, 0x2E, 0x8F, 0x1F, 0x31, 0x90, 0x1C, 0x2B, 0x89, 0x1D, 0x2B, 0x89, 0x25, 0x33, 0x93, 0x30, 0x3E, 0x9E, 0x2B, 0x35, 0x96, 0x22, 0x2E, 0x88, 0x31, 0x42, 0x96, 0x49, 0x61, 0xAA, 0x55, 0x71, 0xB2, 0x5A, 0x76, 0xB5, 
        0x51, 0x62, 0xAD, 0x4D, 0x60, 0xAC, 0x47, 0x5B, 0xA8, 0x42, 0x56, 0xA9, 0x3C, 0x53, 0xA7, 0x39, 0x4D, 0xA4, 0x36, 0x4B, 0xA1, 0x33, 0x48, 0x9F, 0x33, 0x45, 0xA0, 0x2E, 0x3E, 0x9C, 0x2B, 0x3A, 0x9B, 0x2A, 0x3A, 0x9B, 0x29, 0x38, 0x9A, 
        0x31, 0x44, 0xA3, 0x2D, 0x3F, 0x9F, 0x23, 0x32, 0x93, 0x25, 0x35, 0x96, 0x25, 0x36, 0x98, 0x25, 0x37, 0x98, 0x29, 0x3C, 0x9D, 0x23, 0x34, 0x96, 0x24, 0x34, 0x97, 0x23, 0x34, 0x97, 0x23, 0x34, 0x96, 0x26, 0x39, 0x9A, 0x25, 0x36, 0x98, 
        0x23, 0x35, 0x95, 0x2B, 0x3E, 0xA1, 0x30, 0x46, 0xA6, 0x25, 0x37, 0x9A, 0x24, 0x36, 0x99, 0x27, 0x3B, 0x9D, 0x25, 0x36, 0x9F, 0x27, 0x3A, 0xA1, 0x28, 0x3B, 0xA1, 0x25, 0x38, 0x9C, 0x26, 0x39, 0x98, 0x39, 0x53, 0xAD, 0x35, 0x4C, 0xAC, 
        0x28, 0x3B, 0xA0, 0x2A, 0x3D, 0xA1, 0x2B, 0x3F, 0xA3, 0x2B, 0x40, 0xA3, 0x2B, 0x3E, 0xA1, 0x2E, 0x42, 0xA4, 0x2E, 0x43, 0xA3, 0x2E, 0x44, 0xA4, 0x2E, 0x43, 0xA3, 0x2C, 0x42, 0xA0, 0x2E, 0x44, 0xA3, 0x45, 0x5F, 0xB8, 0x40, 0x5B, 0xB6, 
        0x2F, 0x45, 0xA8, 0x33, 0x4B, 0xAC, 0x35, 0x4C, 0xAE, 0x34, 0x4C, 0xAE, 0x37, 0x4F, 0xAE, 0x37, 0x50, 0xAC, 0x37, 0x54, 0xAC, 0x3D, 0x5A, 0xB2, 0x3C, 0x58, 0xB2, 0x3C, 0x58, 0xB2, 0x41, 0x5E, 0xB6, 0x44, 0x62, 0xB9, 0x46, 0x65, 0xB9, 
        0x4A, 0x68, 0xBB, 0x4F, 0x71, 0xBE, 0x52, 0x72, 0xC0, 0x55, 0x78, 0xC3, 0x5A, 0x7D, 0xC6, 0x63, 0x86, 0xCC, 0x6C, 0x8E, 0xD1, 0x6E, 0x8E, 0xD2, 0x51, 0x72, 0xC1, 0x43, 0x63, 0xBA, 0x4A, 0x68, 0xBF, 0x43, 0x64, 0xBB, 0x47, 0x6A, 0xBF, 
        0x3A, 0x5B, 0xB5, 0x36, 0x56, 0xB2, 0x39, 0x5A, 0xB7, 0x26, 0x43, 0xA5, 0x2D, 0x4C, 0xAE, 0x2E, 0x4C, 0xAE, 0x2A, 0x45, 0xA9, 0x2D, 0x4B, 0xAE, 0x2A, 0x47, 0xAC, 0x2A, 0x48, 0xAD, 0x2E, 0x4C, 0xB0, 0x27, 0x46, 0xAB, 0x25, 0x42, 0xA9, 
        0x24, 0x41, 0xA8, 0x2B, 0x4C, 0xAF, 0x2D, 0x4D, 0xB1, 0x25, 0x42, 0xA9, 0x27, 0x46, 0xAB, 0x26, 0x45, 0xA9, 0x25, 0x43, 0xA9, 0x31, 0x54, 0xB6, 0x2E, 0x4E, 0xB1, 0x26, 0x45, 0xAA, 0x37, 0x5A, 0xBA, 0x35, 0x5A, 0xBA, 0x29, 0x4C, 0xB1, 
        0x32, 0x58, 0xB9, 0x3D, 0x65, 0xC2, 0x43, 0x6E, 0xC6, 0x4C, 0x77, 0xCB, 0x48, 0x73, 0xC8, 0x4A, 0x73, 0xC6, 0x4A, 0x74, 0xC3, 0x68, 0x92, 0xD3, 0x65, 0x91, 0xD2, 0x61, 0x8E, 0xD0, 0x64, 0x8E, 0xD2, 0x64, 0x91, 0xD3, 0x5B, 0x8B, 0xD0, 
        0x62, 0x91, 0xD3, 0x79, 0xA2, 0xDA, 0x6B, 0x98, 0xD6, 0x5B, 0x8B, 0xD0, 0x5D, 0x8C, 0xD0, 0x5F, 0x8D, 0xD2, 0x61, 0x8D, 0xD1, 0x61, 0x8F, 0xD1, 0x5F, 0x8D, 0xD1, 0x67, 0x95, 0xD4, 0x64, 0x96, 0xD4, 0x5E, 0x8F, 0xD1, 0x60, 0x90, 0xD2, 
        0x60, 0x91, 0xD2, 0x61, 0x93, 0xD3, 0x4A, 0x7E, 0xBC,
  0x45, 0x53, 0x9E, 0x19, 0x27, 0x84, 0x17, 0x26, 0x81, 0x18, 0x27, 0x83, 0x19, 0x28, 0x83, 0x1B, 0x2B, 0x87, 0x1B, 0x2B, 0x88, 0x19, 0x2A, 0x86, 0x18, 0x27, 0x83, 0x18, 0x27, 0x82, 0x19, 0x29, 0x86, 0x18, 0x27, 0x85, 0x17, 0x27, 0x84, 0x1B, 0x2C, 0x89, 
        0x1B, 0x2C, 0x8C, 0x1A, 0x2A, 0x8B, 0x1C, 0x2B, 0x8B, 0x1C, 0x2B, 0x88, 0x1F, 0x2C, 0x87, 0x23, 0x31, 0x8C, 0x25, 0x31, 0x8F, 0x28, 0x34, 0x8F, 0x31, 0x42, 0x99, 0x2E, 0x40, 0x93, 0x62, 0x78, 0xBC, 0x74, 0x8B, 0xC7, 0x50, 0x67, 0xAD, 
        0x4D, 0x60, 0xAB, 0x49, 0x5C, 0xA9, 0x43, 0x58, 0xA5, 0x3F, 0x53, 0xA5, 0x3A, 0x4F, 0xA4, 0x36, 0x4B, 0xA2, 0x33, 0x48, 0x9F, 0x30, 0x44, 0x9B, 0x2E, 0x40, 0x99, 0x2E, 0x3D, 0x9B, 0x2B, 0x3A, 0x9B, 0x29, 0x38, 0x97, 0x2A, 0x39, 0x9A, 
        0x34, 0x45, 0xA5, 0x2D, 0x3E, 0x9E, 0x25, 0x32, 0x94, 0x24, 0x33, 0x94, 0x25, 0x33, 0x94, 0x23, 0x35, 0x96, 0x23, 0x33, 0x96, 0x23, 0x33, 0x95, 0x23, 0x33, 0x95, 0x2C, 0x3D, 0xA0, 0x2C, 0x3F, 0xA0, 0x24, 0x33, 0x96, 0x24, 0x35, 0x97, 
        0x23, 0x34, 0x95, 0x2B, 0x3E, 0x9F, 0x3B, 0x52, 0xB2, 0x2F, 0x43, 0xA4, 0x22, 0x31, 0x94, 0x23, 0x34, 0x97, 0x23, 0x34, 0x9B, 0x27, 0x37, 0x9F, 0x25, 0x37, 0x9C, 0x24, 0x35, 0x98, 0x2A, 0x3D, 0x9E, 0x49, 0x62, 0xB9, 0x3E, 0x57, 0xB4, 
        0x26, 0x37, 0x9D, 0x2A, 0x3E, 0xA1, 0x31, 0x46, 0xA8, 0x2D, 0x41, 0xA3, 0x2F, 0x45, 0xA6, 0x2E, 0x43, 0xA4, 0x2B, 0x3F, 0xA1, 0x3C, 0x55, 0xB2, 0x54, 0x6E, 0xC3, 0x32, 0x4A, 0xA8, 0x2B, 0x41, 0x9F, 0x3F, 0x59, 0xB3, 0x3B, 0x55, 0xB1, 
        0x33, 0x4B, 0xAC, 0x34, 0x4C, 0xAC, 0x34, 0x4C, 0xAC, 0x36, 0x4F, 0xAC, 0x38, 0x52, 0xAE, 0x39, 0x53, 0xAE, 0x37, 0x53, 0xAC, 0x38, 0x56, 0xAE, 0x3D, 0x5B, 0xB2, 0x3F, 0x5D, 0xB4, 0x40, 0x5E, 0xB4, 0x44, 0x64, 0xB9, 0x49, 0x67, 0xB9, 
        0x4D, 0x6B, 0xBC, 0x51, 0x70, 0xBE, 0x55, 0x77, 0xC2, 0x57, 0x7A, 0xC3, 0x5C, 0x80, 0xC6, 0x5E, 0x83, 0xC8, 0x63, 0x88, 0xCA, 0x69, 0x89, 0xCF, 0x55, 0x78, 0xC4, 0x48, 0x69, 0xBC, 0x47, 0x66, 0xBD, 0x4A, 0x69, 0xBF, 0x43, 0x64, 0xBB, 
        0x3D, 0x5F, 0xB7, 0x38, 0x58, 0xB3, 0x3A, 0x5B, 0xB7, 0x36, 0x57, 0xB5, 0x31, 0x50, 0xB0, 0x2B, 0x47, 0xAB, 0x26, 0x3F, 0xA5, 0x26, 0x41, 0xA7, 0x2B, 0x49, 0xAC, 0x2E, 0x4C, 0xB0, 0x29, 0x47, 0xAB, 0x26, 0x43, 0xA9, 0x27, 0x45, 0xAB, 
        0x26, 0x43, 0xA9, 0x27, 0x46, 0xAB, 0x25, 0x42, 0xA9, 0x21, 0x3E, 0xA5, 0x27, 0x45, 0xAB, 0x26, 0x45, 0xAB, 0x26, 0x47, 0xAC, 0x2C, 0x4D, 0xB1, 0x26, 0x45, 0xAA, 0x2A, 0x4C, 0xAF, 0x2E, 0x50, 0xB2, 0x34, 0x58, 0xB9, 0x34, 0x59, 0xB9, 
        0x34, 0x59, 0xB9, 0x2E, 0x51, 0xB3, 0x41, 0x68, 0xC3, 0x48, 0x70, 0xC7, 0x3E, 0x65, 0xC0, 0x3A, 0x60, 0xB9, 0x4F, 0x79, 0xC6, 0x6E, 0x95, 0xD5, 0x62, 0x8E, 0xD0, 0x62, 0x8E, 0xD0, 0x62, 0x8E, 0xD2, 0x62, 0x8E, 0xD2, 0x5B, 0x8B, 0xCE, 
        0x65, 0x92, 0xD3, 0x81, 0xA9, 0xDD, 0x72, 0x9C, 0xD7, 0x5B, 0x8B, 0xCE, 0x61, 0x8E, 0xD2, 0x62, 0x8F, 0xD2, 0x61, 0x8D, 0xD2, 0x60, 0x8D, 0xD1, 0x5F, 0x8D, 0xD1, 0x67, 0x94, 0xD4, 0x67, 0x96, 0xD5, 0x61, 0x90, 0xD2, 0x60, 0x8F, 0xD2, 
        0x61, 0x90, 0xD2, 0x61, 0x92, 0xD3, 0x4A, 0x7E, 0xBD,
  0x43, 0x4F, 0x9A, 0x19, 0x27, 0x84, 0x18, 0x26, 0x83, 0x1B, 0x2A, 0x87, 0x1D, 0x2C, 0x88, 0x1B, 0x29, 0x85, 0x19, 0x28, 0x84, 0x1B, 0x2A, 0x87, 0x1B, 0x2B, 0x87, 0x18, 0x28, 0x84, 0x19, 0x28, 0x84, 0x17, 0x27, 0x83, 0x17, 0x26, 0x83, 0x18, 0x28, 0x85, 
        0x1B, 0x2A, 0x88, 0x1A, 0x28, 0x85, 0x1A, 0x28, 0x84, 0x20, 0x2E, 0x89, 0x28, 0x37, 0x90, 0x2A, 0x37, 0x90, 0x2D, 0x3C, 0x93, 0x3A, 0x4E, 0xA2, 0x4F, 0x62, 0xB0, 0x55, 0x69, 0xB4, 0x68, 0x7D, 0xC1, 0x5C, 0x72, 0xB6, 0x4F, 0x65, 0xAC, 
        0x4D, 0x5D, 0xAA, 0x46, 0x57, 0xA6, 0x3E, 0x53, 0xA3, 0x3B, 0x50, 0xA1, 0x39, 0x4C, 0xA1, 0x35, 0x47, 0x9F, 0x33, 0x44, 0x9D, 0x30, 0x41, 0x9B, 0x2C, 0x3C, 0x98, 0x2F, 0x3F, 0x9B, 0x2C, 0x3A, 0x99, 0x29, 0x35, 0x96, 0x28, 0x35, 0x95, 
        0x27, 0x35, 0x95, 0x26, 0x34, 0x95, 0x23, 0x31, 0x91, 0x25, 0x35, 0x96, 0x25, 0x33, 0x95, 0x23, 0x32, 0x94, 0x25, 0x33, 0x96, 0x25, 0x35, 0x98, 0x22, 0x32, 0x94, 0x2C, 0x3C, 0x9E, 0x2E, 0x40, 0xA2, 0x26, 0x35, 0x99, 0x26, 0x35, 0x98, 
        0x23, 0x32, 0x94, 0x26, 0x35, 0x97, 0x2C, 0x3E, 0x9F, 0x29, 0x39, 0x9C, 0x26, 0x36, 0x99, 0x27, 0x38, 0x9B, 0x26, 0x37, 0x9C, 0x26, 0x37, 0x9C, 0x27, 0x3A, 0x9C, 0x29, 0x3C, 0x9D, 0x29, 0x3C, 0x9E, 0x29, 0x3C, 0x9D, 0x2D, 0x40, 0xA2, 
        0x2A, 0x3C, 0xA0, 0x2A, 0x3E, 0xA1, 0x2B, 0x40, 0xA0, 0x32, 0x49, 0xA8, 0x45, 0x5E, 0xB9, 0x33, 0x49, 0xA9, 0x2A, 0x3E, 0x9F, 0x35, 0x4B, 0xAA, 0x40, 0x5C, 0xB6, 0x3C, 0x56, 0xB0, 0x4E, 0x69, 0xBE, 0x36, 0x4E, 0xA9, 0x2D, 0x43, 0xA3, 
        0x36, 0x4D, 0xAC, 0x36, 0x4F, 0xAC, 0x38, 0x50, 0xAC, 0x3A, 0x55, 0xAE, 0x3D, 0x57, 0xB1, 0x3E, 0x5A, 0xB3, 0x36, 0x50, 0xA9, 0x3D, 0x59, 0xB0, 0x61, 0x7F, 0xCA, 0x66, 0x84, 0xCE, 0x4C, 0x6A, 0xBC, 0x49, 0x65, 0xB9, 0x4A, 0x68, 0xB9, 
        0x4E, 0x6B, 0xBC, 0x50, 0x70, 0xBE, 0x56, 0x76, 0xC1, 0x5A, 0x7B, 0xC4, 0x5E, 0x80, 0xC6, 0x62, 0x86, 0xC8, 0x66, 0x8B, 0xCC, 0x6C, 0x8E, 0xCF, 0x5A, 0x7D, 0xC6, 0x4B, 0x6C, 0xBD, 0x47, 0x66, 0xBB, 0x4E, 0x6E, 0xC2, 0x4C, 0x6C, 0xC0, 
        0x43, 0x64, 0xBA, 0x3C, 0x5B, 0xB5, 0x39, 0x59, 0xB5, 0x36, 0x56, 0xB3, 0x2F, 0x4C, 0xAC, 0x31, 0x4F, 0xB0, 0x31, 0x4F, 0xB0, 0x2B, 0x47, 0xAA, 0x26, 0x40, 0xA5, 0x26, 0x41, 0xA5, 0x26, 0x43, 0xA8, 0x27, 0x44, 0xA9, 0x25, 0x40, 0xA6, 
        0x2B, 0x4A, 0xAD, 0x26, 0x43, 0xA8, 0x23, 0x3E, 0xA5, 0x28, 0x46, 0xAB, 0x2A, 0x49, 0xAD, 0x26, 0x43, 0xA8, 0x24, 0x41, 0xA6, 0x21, 0x3D, 0xA4, 0x2B, 0x4C, 0xAF, 0x33, 0x54, 0xB6, 0x37, 0x5B, 0xBA, 0x39, 0x5C, 0xBB, 0x36, 0x5B, 0xB9, 
        0x49, 0x71, 0xC8, 0x3E, 0x64, 0xBE, 0x3E, 0x65, 0xBE, 0x40, 0x68, 0xC0, 0x40, 0x67, 0xC0, 0x36, 0x5B, 0xB4, 0x54, 0x7D, 0xC9, 0x6C, 0x94, 0xD4, 0x61, 0x8B, 0xCE, 0x65, 0x91, 0xD2, 0x67, 0x91, 0xD2, 0x62, 0x8E, 0xD2, 0x61, 0x8E, 0xD2, 
        0x62, 0x8E, 0xD2, 0x60, 0x8E, 0xD2, 0x5D, 0x8B, 0xD0, 0x61, 0x8E, 0xD2, 0x61, 0x8E, 0xD2, 0x60, 0x8E, 0xD2, 0x62, 0x8F, 0xD2, 0x62, 0x8F, 0xD2, 0x61, 0x8F, 0xD1, 0x64, 0x90, 0xD2, 0x5F, 0x8F, 0xD1, 0x5F, 0x8D, 0xD1, 0x63, 0x90, 0xD2, 
        0x63, 0x90, 0xD2, 0x63, 0x93, 0xD2, 0x4C, 0x7E, 0xBC,
  0x43, 0x50, 0x9A, 0x1A, 0x28, 0x84, 0x1A, 0x27, 0x84, 0x1B, 0x28, 0x86, 0x1D, 0x2B, 0x88, 0x1B, 0x28, 0x84, 0x19, 0x27, 0x83, 0x1D, 0x2C, 0x8A, 0x1C, 0x2C, 0x89, 0x17, 0x25, 0x81, 0x17, 0x25, 0x81, 0x19, 0x28, 0x84, 0x1B, 0x2A, 0x89, 0x1C, 0x2C, 0x8A, 
        0x1C, 0x2A, 0x8A, 0x1C, 0x2A, 0x87, 0x20, 0x2C, 0x87, 0x25, 0x33, 0x8C, 0x29, 0x36, 0x8D, 0x31, 0x41, 0x95, 0x43, 0x56, 0xA4, 0x3F, 0x55, 0xA1, 0x59, 0x6C, 0xB6, 0x84, 0x96, 0xCE, 0x67, 0x7A, 0xBE, 0x4E, 0x60, 0xAA, 0x4C, 0x5E, 0xA7, 
        0x4A, 0x5B, 0xA8, 0x44, 0x55, 0xA5, 0x3E, 0x51, 0xA1, 0x39, 0x4D, 0xA1, 0x36, 0x4A, 0xA0, 0x33, 0x45, 0x9C, 0x33, 0x44, 0x9F, 0x32, 0x41, 0x9F, 0x2D, 0x3C, 0x9A, 0x2E, 0x3D, 0x9B, 0x29, 0x37, 0x94, 0x29, 0x36, 0x95, 0x28, 0x34, 0x94, 
        0x27, 0x34, 0x95, 0x26, 0x34, 0x95, 0x25, 0x34, 0x94, 0x26, 0x35, 0x95, 0x26, 0x36, 0x96, 0x25, 0x33, 0x94, 0x24, 0x32, 0x95, 0x25, 0x32, 0x96, 0x25, 0x32, 0x96, 0x25, 0x34, 0x96, 0x27, 0x35, 0x99, 0x26, 0x34, 0x97, 0x26, 0x35, 0x98, 
        0x28, 0x37, 0x9A, 0x27, 0x38, 0x99, 0x26, 0x35, 0x97, 0x26, 0x35, 0x98, 0x29, 0x39, 0x9D, 0x29, 0x3A, 0x9D, 0x29, 0x3B, 0x9D, 0x25, 0x36, 0x99, 0x25, 0x36, 0x98, 0x27, 0x38, 0x9A, 0x2A, 0x3C, 0x9D, 0x2A, 0x3C, 0x9E, 0x2D, 0x3F, 0xA0, 
        0x2D, 0x40, 0xA1, 0x31, 0x44, 0xA5, 0x2C, 0x3E, 0x9E, 0x2E, 0x43, 0xA1, 0x3E, 0x57, 0xB1, 0x33, 0x49, 0xA6, 0x32, 0x46, 0xA6, 0x2F, 0x42, 0xA2, 0x2B, 0x3E, 0x9F, 0x3D, 0x56, 0xB0, 0x5D, 0x77, 0xC7, 0x3C, 0x55, 0xAE, 0x32, 0x49, 0xA8, 
        0x36, 0x4F, 0xAE, 0x35, 0x4C, 0xA7, 0x36, 0x4F, 0xA7, 0x38, 0x52, 0xA8, 0x3A, 0x54, 0xAE, 0x41, 0x5D, 0xB5, 0x4E, 0x6A, 0xBB, 0x5F, 0x7C, 0xC8, 0x5E, 0x7B, 0xC6, 0x4D, 0x6B, 0xBB, 0x49, 0x65, 0xB8, 0x4C, 0x68, 0xBB, 0x53, 0x70, 0xBE, 
        0x58, 0x76, 0xC0, 0x54, 0x73, 0xC0, 0x58, 0x79, 0xC2, 0x5D, 0x7D, 0xC4, 0x5F, 0x81, 0xC6, 0x65, 0x88, 0xC9, 0x68, 0x8C, 0xCC, 0x69, 0x8C, 0xCE, 0x5C, 0x7E, 0xC6, 0x58, 0x7A, 0xC5, 0x52, 0x72, 0xC2, 0x48, 0x68, 0xBC, 0x4E, 0x6C, 0xBF, 
        0x42, 0x5F, 0xB7, 0x36, 0x54, 0xB0, 0x35, 0x52, 0xAE, 0x38, 0x56, 0xB2, 0x36, 0x55, 0xB2, 0x2F, 0x4C, 0xAD, 0x2D, 0x47, 0xAA, 0x2F, 0x4C, 0xAE, 0x2B, 0x47, 0xAA, 0x28, 0x43, 0xA7, 0x25, 0x41, 0xA3, 0x28, 0x43, 0xA8, 0x25, 0x41, 0xA7, 
        0x27, 0x44, 0xA9, 0x24, 0x41, 0xA6, 0x28, 0x46, 0xAA, 0x2E, 0x4D, 0xAF, 0x25, 0x42, 0xA6, 0x23, 0x3E, 0xA4, 0x25, 0x42, 0xA7, 0x23, 0x3E, 0xA4, 0x2B, 0x4A, 0xAD, 0x3C, 0x5F, 0xBD, 0x3A, 0x5E, 0xBC, 0x37, 0x5A, 0xB9, 0x48, 0x6E, 0xC5, 
        0x48, 0x70, 0xC5, 0x39, 0x5E, 0xB9, 0x40, 0x67, 0xC0, 0x35, 0x58, 0xB4, 0x3A, 0x5F, 0xBB, 0x3B, 0x61, 0xB9, 0x55, 0x7F, 0xCA, 0x6C, 0x94, 0xD3, 0x65, 0x90, 0xD0, 0x68, 0x91, 0xD2, 0x64, 0x8E, 0xD2, 0x62, 0x8E, 0xD0, 0x65, 0x91, 0xD2, 
        0x64, 0x90, 0xD2, 0x62, 0x8E, 0xD2, 0x60, 0x8D, 0xD0, 0x60, 0x8D, 0xD0, 0x61, 0x8E, 0xD0, 0x61, 0x8E, 0xD2, 0x64, 0x90, 0xD2, 0x62, 0x8F, 0xD2, 0x62, 0x90, 0xD2, 0x62, 0x90, 0xD1, 0x60, 0x8F, 0xD1, 0x60, 0x8F, 0xD1, 0x63, 0x90, 0xD2, 
        0x63, 0x91, 0xD2, 0x64, 0x93, 0xD2, 0x4C, 0x7E, 0xBC,
  0x44, 0x50, 0x9B, 0x1A, 0x26, 0x82, 0x1A, 0x26, 0x82, 0x19, 0x24, 0x81, 0x19, 0x25, 0x82, 0x1B, 0x27, 0x84, 0x1D, 0x2A, 0x88, 0x1C, 0x28, 0x85, 0x16, 0x22, 0x7F, 0x16, 0x23, 0x7F, 0x18, 0x26, 0x83, 0x1C, 0x2A, 0x87, 0x1B, 0x2A, 0x86, 0x18, 0x26, 0x83, 
        0x19, 0x26, 0x84, 0x1F, 0x2A, 0x88, 0x23, 0x2F, 0x88, 0x2C, 0x3B, 0x90, 0x36, 0x46, 0x99, 0x36, 0x45, 0x97, 0x3E, 0x52, 0x9C, 0x5E, 0x74, 0xB5, 0x5A, 0x6F, 0xB2, 0x58, 0x6B, 0xB2, 0x58, 0x6A, 0xB1, 0x57, 0x67, 0xB0, 0x4F, 0x5E, 0xAA, 
        0x47, 0x56, 0xA5, 0x41, 0x52, 0xA3, 0x3D, 0x4D, 0xA1, 0x39, 0x4A, 0xA1, 0x35, 0x46, 0x9F, 0x32, 0x44, 0x9C, 0x30, 0x3F, 0x9B, 0x30, 0x3D, 0x9D, 0x2F, 0x3D, 0x9B, 0x2D, 0x3B, 0x99, 0x27, 0x33, 0x90, 0x28, 0x34, 0x91, 0x26, 0x31, 0x90, 
        0x29, 0x34, 0x99, 0x27, 0x34, 0x95, 0x25, 0x31, 0x94, 0x25, 0x33, 0x94, 0x26, 0x34, 0x95, 0x26, 0x36, 0x96, 0x25, 0x33, 0x96, 0x26, 0x35, 0x98, 0x29, 0x37, 0x9B, 0x25, 0x33, 0x96, 0x25, 0x33, 0x96, 0x27, 0x35, 0x99, 0x26, 0x34, 0x98, 
        0x27, 0x35, 0x99, 0x27, 0x34, 0x99, 0x27, 0x36, 0x99, 0x27, 0x35, 0x99, 0x28, 0x38, 0x9A, 0x2C, 0x3A, 0x9F, 0x29, 0x3B, 0x9A, 0x30, 0x43, 0xA2, 0x3A, 0x51, 0xAE, 0x30, 0x42, 0xA2, 0x2B, 0x3C, 0x9D, 0x2C, 0x3C, 0x9F, 0x2D, 0x3F, 0xA0, 
        0x2C, 0x3E, 0x9E, 0x39, 0x4F, 0xAC, 0x3C, 0x53, 0xAE, 0x31, 0x45, 0xA3, 0x2E, 0x42, 0xA0, 0x30, 0x45, 0xA1, 0x35, 0x49, 0xA6, 0x32, 0x46, 0xA4, 0x35, 0x49, 0xA6, 0x3A, 0x50, 0xAD, 0x36, 0x4C, 0xA8, 0x33, 0x49, 0xA3, 0x35, 0x4C, 0xAA, 
        0x37, 0x4F, 0xAB, 0x3F, 0x59, 0xAE, 0x40, 0x5B, 0xAC, 0x36, 0x4F, 0xA3, 0x36, 0x4E, 0xAA, 0x3A, 0x55, 0xAE, 0x52, 0x6F, 0xBD, 0x78, 0x91, 0xD3, 0x55, 0x72, 0xBF, 0x3B, 0x57, 0xAC, 0x4B, 0x68, 0xB8, 0x49, 0x65, 0xB8, 0x57, 0x74, 0xC0, 
        0x5F, 0x7D, 0xC6, 0x5B, 0x79, 0xC1, 0x5F, 0x7D, 0xC4, 0x60, 0x82, 0xC6, 0x62, 0x82, 0xC6, 0x66, 0x89, 0xC9, 0x69, 0x8F, 0xCC, 0x6F, 0x91, 0xD0, 0x60, 0x85, 0xC8, 0x5E, 0x80, 0xC8, 0x66, 0x86, 0xCD, 0x57, 0x78, 0xC5, 0x51, 0x6E, 0xBF, 
        0x49, 0x66, 0xBA, 0x48, 0x65, 0xBB, 0x40, 0x60, 0xB7, 0x3A, 0x57, 0xB3, 0x39, 0x56, 0xB2, 0x38, 0x55, 0xB3, 0x31, 0x4C, 0xAE, 0x32, 0x4F, 0xAE, 0x31, 0x4F, 0xAE, 0x2D, 0x49, 0xAA, 0x2A, 0x47, 0xA8, 0x2B, 0x49, 0xAA, 0x28, 0x44, 0xA9, 
        0x25, 0x40, 0xA6, 0x26, 0x41, 0xA6, 0x29, 0x46, 0xA9, 0x2A, 0x47, 0xAB, 0x29, 0x46, 0xA9, 0x31, 0x51, 0xB2, 0x2B, 0x4A, 0xAD, 0x2F, 0x4E, 0xB0, 0x2F, 0x50, 0xB1, 0x35, 0x57, 0xB6, 0x26, 0x43, 0xA7, 0x37, 0x5A, 0xB8, 0x4C, 0x70, 0xC6, 
        0x37, 0x5A, 0xB6, 0x3E, 0x63, 0xBD, 0x4C, 0x71, 0xC6, 0x44, 0x6A, 0xC0, 0x3E, 0x63, 0xBB, 0x42, 0x68, 0xBE, 0x5A, 0x82, 0xCB, 0x6C, 0x92, 0xD3, 0x65, 0x8E, 0xCE, 0x64, 0x8E, 0xCE, 0x65, 0x8E, 0xD0, 0x68, 0x91, 0xD3, 0x72, 0x9B, 0xD6, 
        0x6B, 0x96, 0xD3, 0x62, 0x8E, 0xD2, 0x62, 0x8E, 0xD0, 0x62, 0x8E, 0xD0, 0x60, 0x8D, 0xD0, 0x69, 0x94, 0xD3, 0x69, 0x94, 0xD3, 0x64, 0x90, 0xD2, 0x61, 0x8F, 0xD2, 0x61, 0x8D, 0xD2, 0x62, 0x90, 0xD1, 0x64, 0x90, 0xD2, 0x63, 0x90, 0xD2, 
        0x63, 0x92, 0xD2, 0x66, 0x93, 0xD2, 0x4E, 0x7E, 0xBC,
  0x42, 0x4F, 0x9A, 0x18, 0x24, 0x80, 0x1B, 0x27, 0x84, 0x1A, 0x26, 0x82, 0x1A, 0x27, 0x85, 0x1C, 0x29, 0x88, 0x1B, 0x27, 0x84, 0x18, 0x24, 0x81, 0x17, 0x24, 0x80, 0x1B, 0x2A, 0x86, 0x1B, 0x2A, 0x86, 0x18, 0x26, 0x83, 0x19, 0x28, 0x84, 0x1B, 0x2A, 0x87, 
        0x1C, 0x28, 0x86, 0x20, 0x2E, 0x8C, 0x23, 0x30, 0x8A, 0x36, 0x46, 0x99, 0x54, 0x63, 0xAF, 0x5B, 0x65, 0xB0, 0x4B, 0x5E, 0xA3, 0x5C, 0x76, 0xB2, 0x62, 0x77, 0xB7, 0x55, 0x68, 0xAD, 0x56, 0x66, 0xAF, 0x57, 0x66, 0xB0, 0x4F, 0x5D, 0xAB, 
        0x43, 0x54, 0xA3, 0x40, 0x4F, 0xA0, 0x39, 0x4A, 0x9E, 0x38, 0x49, 0xA0, 0x35, 0x45, 0x9E, 0x31, 0x41, 0x9B, 0x2E, 0x3D, 0x9B, 0x2F, 0x3C, 0x9A, 0x2D, 0x3B, 0x9A, 0x2A, 0x37, 0x95, 0x2B, 0x38, 0x95, 0x3E, 0x52, 0xA9, 0x34, 0x45, 0xA0, 
        0x25, 0x2E, 0x92, 0x26, 0x32, 0x94, 0x27, 0x34, 0x95, 0x27, 0x36, 0x96, 0x26, 0x35, 0x95, 0x25, 0x34, 0x94, 0x26, 0x33, 0x96, 0x27, 0x35, 0x98, 0x25, 0x32, 0x98, 0x22, 0x2E, 0x93, 0x26, 0x33, 0x98, 0x27, 0x37, 0x99, 0x27, 0x34, 0x98, 
        0x27, 0x34, 0x98, 0x28, 0x37, 0x9A, 0x28, 0x35, 0x9A, 0x28, 0x36, 0x99, 0x28, 0x38, 0x9B, 0x2C, 0x3D, 0x9F, 0x2C, 0x3D, 0x9D, 0x34, 0x47, 0xA5, 0x45, 0x5B, 0xB5, 0x2F, 0x42, 0xA1, 0x2B, 0x3B, 0x9D, 0x2D, 0x3F, 0xA3, 0x2D, 0x3F, 0xA1, 
        0x2F, 0x41, 0xA1, 0x36, 0x49, 0xA8, 0x35, 0x49, 0xA7, 0x35, 0x4A, 0xA7, 0x31, 0x44, 0xA0, 0x34, 0x48, 0xA3, 0x34, 0x49, 0xA7, 0x32, 0x45, 0xA4, 0x3F, 0x55, 0xB0, 0x45, 0x5C, 0xB4, 0x36, 0x4A, 0xA6, 0x35, 0x4A, 0xA4, 0x35, 0x4A, 0xA9, 
        0x36, 0x4C, 0xA9, 0x56, 0x71, 0xBC, 0x74, 0x8C, 0xCD, 0x61, 0x7B, 0xC3, 0x43, 0x5C, 0xB5, 0x3B, 0x54, 0xAE, 0x40, 0x5D, 0xAE, 0x4C, 0x69, 0xB8, 0x48, 0x64, 0xB5, 0x46, 0x63, 0xB3, 0x4B, 0x67, 0xB8, 0x4D, 0x6B, 0xB9, 0x51, 0x6E, 0xBC, 
        0x57, 0x74, 0xBE, 0x58, 0x76, 0xBE, 0x62, 0x80, 0xC6, 0x66, 0x85, 0xC8, 0x66, 0x85, 0xC8, 0x6A, 0x8C, 0xCC, 0x69, 0x8E, 0xCC, 0x73, 0x94, 0xD0, 0x69, 0x8C, 0xCC, 0x60, 0x83, 0xC9, 0x6C, 0x8C, 0xD1, 0x5F, 0x7E, 0xC9, 0x58, 0x74, 0xC4, 
        0x59, 0x75, 0xC4, 0x52, 0x6E, 0xC1, 0x45, 0x62, 0xBA, 0x42, 0x61, 0xB9, 0x3F, 0x5E, 0xB7, 0x36, 0x53, 0xB2, 0x33, 0x4D, 0xB0, 0x38, 0x54, 0xB3, 0x31, 0x4D, 0xAE, 0x2F, 0x4D, 0xAE, 0x31, 0x4F, 0xB0, 0x2B, 0x48, 0xAA, 0x2A, 0x47, 0xAA, 
        0x2E, 0x4B, 0xAF, 0x31, 0x4F, 0xB1, 0x30, 0x4D, 0xB1, 0x2E, 0x4A, 0xAD, 0x28, 0x43, 0xA8, 0x2C, 0x4C, 0xAD, 0x2E, 0x4E, 0xAF, 0x30, 0x50, 0xB1, 0x32, 0x52, 0xB4, 0x32, 0x53, 0xB4, 0x31, 0x52, 0xB3, 0x46, 0x6B, 0xC3, 0x48, 0x6B, 0xC2, 
        0x3D, 0x5E, 0xBA, 0x41, 0x64, 0xBD, 0x3D, 0x60, 0xB9, 0x3A, 0x5D, 0xB6, 0x44, 0x68, 0xBE, 0x46, 0x6D, 0xC1, 0x5E, 0x85, 0xCE, 0x74, 0x98, 0xD6, 0x6A, 0x91, 0xD2, 0x67, 0x90, 0xD0, 0x6A, 0x92, 0xD2, 0x67, 0x91, 0xD2, 0x6B, 0x95, 0xD3, 
        0x64, 0x90, 0xD2, 0x64, 0x8E, 0xD2, 0x67, 0x91, 0xD2, 0x64, 0x90, 0xD2, 0x62, 0x8E, 0xD0, 0x65, 0x90, 0xD2, 0x67, 0x91, 0xD2, 0x64, 0x90, 0xD2, 0x64, 0x91, 0xD2, 0x61, 0x8D, 0xD0, 0x62, 0x90, 0xD2, 0x65, 0x91, 0xD2, 0x65, 0x90, 0xD2, 
        0x64, 0x92, 0xD2, 0x66, 0x93, 0xD2, 0x4E, 0x7E, 0xBC
};

GUI_CONST_STORAGE GUI_BITMAP bmTitleSystem = {
  160, // xSize
  68, // ySize
  480, // BytesPerLine
  24, // BitsPerPixel
  (unsigned char *)_acbmTitleSystem,  // Pointer to picture data
  NULL,  // Pointer to palette
  GUI_DRAW_BMP24
};

/*************************** End of file ****************************/
