/*********************************************************************
*                SEGGER Microcontroller GmbH & Co. KG                *
*        Solutions for real time microcontroller applications        *
*                           www.segger.com                           *
**********************************************************************
*                                                                    *
* C-file generated by                                                *
*                                                                    *
*        Bitmap Converter for emWin V5.24.                           *
*        Compiled Jan 27 2014, 11:27:47                              *
*        (c) 1998 - 2013 Segger Microcontroller GmbH && Co. KG       *
*                                                                    *
**********************************************************************
*                                                                    *
* Source file: bmTitleManage                                         *
* Dimensions:  160 * 68                                              *
* NumColors:   24bpp: 16777216                                       *
*                                                                    *
**********************************************************************
*/

#include <stdlib.h>

#include "GUI.h"

#ifndef GUI_CONST_STORAGE
  #define GUI_CONST_STORAGE const
#endif

extern GUI_CONST_STORAGE GUI_BITMAP bmTitleManage;

static GUI_CONST_STORAGE unsigned char _acbmTitleManage[] = {
  0x3C, 0x68, 0xBB, 0x10, 0x46, 0xAC, 0x10, 0x47, 0xAC, 0x10, 0x46, 0xAC, 0x10, 0x48, 0xAD, 0x11, 0x4A, 0xAE, 0x11, 0x49, 0xAE, 0x12, 0x4A, 0xAE, 0x12, 0x4A, 0xAF, 0x12, 0x4B, 0xAF, 0x12, 0x4B, 0xAF, 0x12, 0x4B, 0xB1, 0x13, 0x4C, 0xB2, 0x14, 0x4C, 0xB0, 
        0x14, 0x4C, 0xB2, 0x14, 0x4D, 0xB2, 0x14, 0x4E, 0xB2, 0x15, 0x50, 0xB3, 0x15, 0x50, 0xB4, 0x15, 0x50, 0xB4, 0x16, 0x51, 0xB4, 0x15, 0x50, 0xB4, 0x15, 0x50, 0xB4, 0x16, 0x50, 0xB4, 0x16, 0x51, 0xB4, 0x16, 0x51, 0xB5, 0x16, 0x51, 0xB5, 
        0x16, 0x53, 0xB6, 0x18, 0x53, 0xB6, 0x18, 0x54, 0xB7, 0x1A, 0x57, 0xB9, 0x1B, 0x5B, 0xBB, 0x1C, 0x5D, 0xBD, 0x20, 0x62, 0xC0, 0x21, 0x67, 0xC2, 0x23, 0x6A, 0xC4, 0x25, 0x6E, 0xC6, 0x27, 0x70, 0xC7, 0x25, 0x6F, 0xC6, 0x26, 0x6C, 0xC6, 
        0x25, 0x6A, 0xC5, 0x22, 0x68, 0xC3, 0x21, 0x65, 0xC0, 0x1F, 0x60, 0xC0, 0x1E, 0x5D, 0xBD, 0x1C, 0x5C, 0xBC, 0x1C, 0x5B, 0xBA, 0x1C, 0x59, 0xBB, 0x1C, 0x59, 0xBB, 0x1D, 0x5C, 0xBB, 0x1F, 0x5F, 0xBD, 0x20, 0x62, 0xBF, 0x24, 0x69, 0xC2, 
        0x20, 0x60, 0xBE, 0x1E, 0x5C, 0xBC, 0x1F, 0x5D, 0xBC, 0x1E, 0x5E, 0xBD, 0x20, 0x5F, 0xBE, 0x20, 0x61, 0xBF, 0x21, 0x5F, 0xBD, 0x21, 0x5F, 0xBE, 0x21, 0x5F, 0xBE, 0x21, 0x5F, 0xBE, 0x21, 0x60, 0xBE, 0x22, 0x60, 0xBE, 0x22, 0x60, 0xBF, 
        0x22, 0x61, 0xBF, 0x22, 0x61, 0xBF, 0x22, 0x61, 0xBF, 0x23, 0x61, 0xC0, 0x23, 0x62, 0xC0, 0x23, 0x60, 0xC0, 0x23, 0x60, 0xC0, 0x23, 0x61, 0xC0, 0x24, 0x61, 0xC0, 0x24, 0x61, 0xC0, 0x24, 0x61, 0xC0, 0x23, 0x62, 0xC0, 0x24, 0x62, 0xC1, 
        0x26, 0x62, 0xC1, 0x26, 0x63, 0xC1, 0x26, 0x63, 0xC1, 0x25, 0x62, 0xC1, 0x23, 0x61, 0xC0, 0x25, 0x63, 0xC2, 0x25, 0x63, 0xC2, 0x25, 0x63, 0xC2, 0x25, 0x63, 0xC3, 0x25, 0x64, 0xC3, 0x26, 0x64, 0xC3, 0x26, 0x64, 0xC3, 0x27, 0x66, 0xC3, 
        0x28, 0x68, 0xC4, 0x28, 0x68, 0xC4, 0x27, 0x66, 0xC2, 0x27, 0x67, 0xC3, 0x29, 0x69, 0xC4, 0x28, 0x69, 0xC5, 0x28, 0x69, 0xC5, 0x29, 0x6A, 0xC5, 0x2A, 0x6A, 0xC5, 0x2A, 0x6A, 0xC5, 0x2A, 0x6B, 0xC6, 0x2A, 0x6B, 0xC6, 0x2A, 0x6B, 0xC5, 
        0x2B, 0x6B, 0xC6, 0x2C, 0x6C, 0xC6, 0x2C, 0x6D, 0xC7, 0x2C, 0x6D, 0xC7, 0x2C, 0x6D, 0xC7, 0x2C, 0x6D, 0xC7, 0x2D, 0x6E, 0xC7, 0x2F, 0x70, 0xC9, 0x30, 0x71, 0xC9, 0x30, 0x74, 0xC9, 0x31, 0x74, 0xC9, 0x31, 0x74, 0xCA, 0x32, 0x74, 0xCB, 
        0x34, 0x77, 0xCC, 0x34, 0x78, 0xCD, 0x34, 0x78, 0xCD, 0x35, 0x78, 0xCD, 0x35, 0x78, 0xCD, 0x35, 0x79, 0xCD, 0x36, 0x7B, 0xCE, 0x33, 0x78, 0xCB, 0x33, 0x79, 0xCB, 0x35, 0x79, 0xCB, 0x32, 0x75, 0xCB, 0x33, 0x75, 0xCB, 0x33, 0x78, 0xCC, 
        0x34, 0x78, 0xCC, 0x35, 0x7A, 0xCC, 0x37, 0x7A, 0xCD, 0x37, 0x7B, 0xCE, 0x38, 0x7C, 0xCF, 0x3A, 0x7F, 0xD0, 0x3A, 0x7F, 0xD0, 0x3A, 0x7F, 0xD0, 0x39, 0x7F, 0xD0, 0x39, 0x7F, 0xD0, 0x3B, 0x7F, 0xD1, 0x39, 0x7F, 0xD0, 0x39, 0x7F, 0xD0, 
        0x39, 0x80, 0xD0, 0x3A, 0x80, 0xD1, 0x3C, 0x80, 0xD1, 0x3C, 0x81, 0xD1, 0x3C, 0x81, 0xD1, 0x3D, 0x84, 0xD2, 0x3D, 0x85, 0xD2, 0x3F, 0x85, 0xD2, 0x3E, 0x84, 0xD3, 0x3D, 0x83, 0xD2, 0x3D, 0x82, 0xD2, 0x3D, 0x81, 0xD1, 0x39, 0x7D, 0xD0, 
        0x39, 0x7D, 0xD0, 0x3A, 0x7F, 0xD0, 0x30, 0x70, 0xBB,
  0x3C, 0x68, 0xBB, 0x11, 0x46, 0xAC, 0x11, 0x46, 0xAC, 0x11, 0x47, 0xAD, 0x11, 0x47, 0xAD, 0x11, 0x48, 0xAE, 0x11, 0x4A, 0xAE, 0x12, 0x4A, 0xAE, 0x12, 0x4A, 0xB0, 0x13, 0x4B, 0xB1, 0x13, 0x4C, 0xB1, 0x13, 0x4C, 0xB1, 0x13, 0x4C, 0xB1, 0x14, 0x4C, 0xB2, 
        0x14, 0x4C, 0xB2, 0x14, 0x4D, 0xB2, 0x14, 0x4C, 0xB2, 0x15, 0x50, 0xB2, 0x15, 0x4F, 0xB3, 0x15, 0x50, 0xB3, 0x15, 0x4F, 0xB3, 0x15, 0x50, 0xB3, 0x15, 0x51, 0xB5, 0x15, 0x51, 0xB5, 0x16, 0x51, 0xB4, 0x16, 0x52, 0xB5, 0x16, 0x52, 0xB6, 
        0x17, 0x53, 0xB6, 0x17, 0x54, 0xB7, 0x19, 0x56, 0xB8, 0x1B, 0x59, 0xB9, 0x1C, 0x5E, 0xBD, 0x1F, 0x62, 0xBE, 0x20, 0x66, 0xC1, 0x24, 0x6C, 0xC4, 0x26, 0x6F, 0xC6, 0x28, 0x73, 0xC9, 0x2A, 0x75, 0xC9, 0x28, 0x73, 0xC9, 0x27, 0x70, 0xC7, 
        0x28, 0x6D, 0xC7, 0x25, 0x69, 0xC4, 0x22, 0x66, 0xC2, 0x21, 0x62, 0xC0, 0x1E, 0x5E, 0xBD, 0x1F, 0x5D, 0xBC, 0x1F, 0x5C, 0xBC, 0x1E, 0x5C, 0xBB, 0x1E, 0x5B, 0xBB, 0x1E, 0x5B, 0xBB, 0x20, 0x5F, 0xBD, 0x20, 0x60, 0xBE, 0x23, 0x64, 0xC0, 
        0x20, 0x5E, 0xBE, 0x1F, 0x5E, 0xBD, 0x21, 0x60, 0xBE, 0x21, 0x60, 0xBE, 0x21, 0x61, 0xBF, 0x21, 0x61, 0xBF, 0x21, 0x5F, 0xBF, 0x22, 0x60, 0xBF, 0x22, 0x60, 0xC0, 0x22, 0x60, 0xC0, 0x22, 0x60, 0xC0, 0x22, 0x61, 0xC0, 0x23, 0x61, 0xBE, 
        0x23, 0x61, 0xBF, 0x23, 0x62, 0xBF, 0x23, 0x62, 0xBF, 0x23, 0x62, 0xBF, 0x24, 0x62, 0xC0, 0x23, 0x62, 0xC0, 0x23, 0x60, 0xC0, 0x23, 0x60, 0xC0, 0x23, 0x61, 0xC0, 0x24, 0x61, 0xC0, 0x23, 0x60, 0xC0, 0x24, 0x61, 0xC0, 0x25, 0x64, 0xC0, 
        0x25, 0x64, 0xC1, 0x26, 0x64, 0xC1, 0x25, 0x63, 0xC1, 0x25, 0x62, 0xC1, 0x24, 0x62, 0xBF, 0x25, 0x63, 0xC2, 0x26, 0x64, 0xC2, 0x26, 0x64, 0xC2, 0x26, 0x64, 0xC2, 0x26, 0x64, 0xC3, 0x26, 0x65, 0xC3, 0x26, 0x65, 0xC1, 0x28, 0x65, 0xC1, 
        0x28, 0x68, 0xC3, 0x28, 0x66, 0xC3, 0x28, 0x66, 0xC2, 0x29, 0x68, 0xC4, 0x29, 0x69, 0xC4, 0x29, 0x69, 0xC4, 0x29, 0x69, 0xC5, 0x29, 0x69, 0xC5, 0x2A, 0x6A, 0xC5, 0x2B, 0x6B, 0xC5, 0x2B, 0x6B, 0xC5, 0x2B, 0x6C, 0xC6, 0x2B, 0x6C, 0xC6, 
        0x2B, 0x6C, 0xC5, 0x2C, 0x6C, 0xC6, 0x2D, 0x6F, 0xC6, 0x2D, 0x6F, 0xC7, 0x2D, 0x6F, 0xC7, 0x2F, 0x72, 0xC8, 0x2F, 0x71, 0xC8, 0x2F, 0x70, 0xC7, 0x30, 0x71, 0xC9, 0x30, 0x73, 0xC9, 0x31, 0x74, 0xC9, 0x33, 0x74, 0xCA, 0x34, 0x76, 0xCA, 
        0x35, 0x77, 0xCC, 0x35, 0x7A, 0xCD, 0x37, 0x7B, 0xCD, 0x37, 0x7B, 0xCE, 0x38, 0x7B, 0xCD, 0x38, 0x7B, 0xCE, 0x36, 0x79, 0xCD, 0x33, 0x76, 0xCB, 0x32, 0x74, 0xCB, 0x33, 0x77, 0xCB, 0x33, 0x77, 0xCB, 0x34, 0x77, 0xCC, 0x34, 0x77, 0xCC, 
        0x36, 0x7A, 0xCC, 0x36, 0x7A, 0xCD, 0x37, 0x7B, 0xCE, 0x38, 0x7D, 0xCF, 0x38, 0x7D, 0xCF, 0x3A, 0x7F, 0xD0, 0x3B, 0x7F, 0xD0, 0x3B, 0x7F, 0xD0, 0x3A, 0x7E, 0xCF, 0x39, 0x7F, 0xD0, 0x3B, 0x7F, 0xD0, 0x38, 0x7D, 0xCE, 0x38, 0x7D, 0xCE, 
        0x39, 0x7F, 0xCE, 0x3B, 0x80, 0xD0, 0x3C, 0x81, 0xD1, 0x3C, 0x81, 0xD1, 0x3C, 0x81, 0xD1, 0x3C, 0x81, 0xD1, 0x3D, 0x84, 0xD1, 0x3D, 0x84, 0xD1, 0x3D, 0x83, 0xD1, 0x3D, 0x82, 0xD1, 0x3D, 0x82, 0xD1, 0x3D, 0x80, 0xD0, 0x3A, 0x7D, 0xD0, 
        0x3A, 0x7D, 0xCF, 0x3A, 0x7D, 0xD0, 0x2F, 0x70, 0xBA,
  0x3C, 0x68, 0xBA, 0x10, 0x46, 0xAD, 0x11, 0x46, 0xAD, 0x11, 0x47, 0xAD, 0x11, 0x47, 0xAD, 0x12, 0x48, 0xAD, 0x12, 0x49, 0xAE, 0x12, 0x4B, 0xB0, 0x13, 0x4B, 0xB0, 0x13, 0x4B, 0xB0, 0x13, 0x4B, 0xB1, 0x13, 0x4C, 0xB1, 0x13, 0x4C, 0xB1, 0x13, 0x4C, 0xB1, 
        0x14, 0x4C, 0xB2, 0x14, 0x4C, 0xB2, 0x15, 0x4D, 0xB2, 0x15, 0x4D, 0xB2, 0x15, 0x4F, 0xB2, 0x15, 0x4F, 0xB3, 0x16, 0x4E, 0xB3, 0x16, 0x4F, 0xB4, 0x16, 0x50, 0xB4, 0x16, 0x50, 0xB5, 0x17, 0x51, 0xB5, 0x17, 0x51, 0xB5, 0x17, 0x52, 0xB5, 
        0x17, 0x53, 0xB7, 0x19, 0x55, 0xB8, 0x1A, 0x57, 0xB9, 0x1C, 0x5A, 0xBA, 0x1F, 0x5F, 0xBD, 0x20, 0x62, 0xC0, 0x23, 0x6A, 0xC4, 0x26, 0x6F, 0xC6, 0x28, 0x72, 0xC8, 0x2A, 0x77, 0xCA, 0x2D, 0x79, 0xCB, 0x2A, 0x77, 0xCA, 0x2A, 0x73, 0xC9, 
        0x2A, 0x70, 0xC7, 0x26, 0x6C, 0xC6, 0x24, 0x67, 0xC3, 0x22, 0x63, 0xC0, 0x1F, 0x60, 0xBE, 0x1E, 0x5E, 0xBD, 0x1F, 0x5D, 0xBC, 0x1F, 0x5E, 0xBB, 0x1F, 0x5C, 0xBA, 0x1E, 0x5C, 0xBB, 0x1E, 0x5C, 0xBB, 0x1F, 0x5D, 0xBB, 0x1F, 0x5C, 0xBB, 
        0x20, 0x5D, 0xBE, 0x20, 0x60, 0xBE, 0x21, 0x61, 0xBF, 0x22, 0x63, 0xBF, 0x21, 0x60, 0xBE, 0x21, 0x5F, 0xBF, 0x21, 0x5F, 0xBF, 0x21, 0x5F, 0xBF, 0x22, 0x60, 0xBF, 0x22, 0x60, 0xC0, 0x22, 0x60, 0xC0, 0x23, 0x60, 0xC0, 0x23, 0x63, 0xBF, 
        0x24, 0x61, 0xBE, 0x24, 0x61, 0xBF, 0x24, 0x62, 0xBF, 0x24, 0x62, 0xBF, 0x23, 0x62, 0xBF, 0x24, 0x61, 0xC0, 0x24, 0x60, 0xC0, 0x24, 0x60, 0xC0, 0x24, 0x60, 0xC0, 0x24, 0x61, 0xC0, 0x24, 0x61, 0xC0, 0x25, 0x61, 0xC0, 0x25, 0x63, 0xC0, 
        0x25, 0x62, 0xC0, 0x25, 0x62, 0xC1, 0x26, 0x62, 0xC1, 0x26, 0x63, 0xC1, 0x26, 0x63, 0xC1, 0x26, 0x65, 0xC1, 0x26, 0x65, 0xC2, 0x27, 0x66, 0xC2, 0x27, 0x66, 0xC2, 0x27, 0x64, 0xC2, 0x27, 0x64, 0xC3, 0x27, 0x65, 0xC1, 0x28, 0x65, 0xC1, 
        0x29, 0x67, 0xC3, 0x29, 0x68, 0xC3, 0x29, 0x68, 0xC3, 0x29, 0x68, 0xC3, 0x2A, 0x68, 0xC4, 0x29, 0x69, 0xC3, 0x2A, 0x69, 0xC4, 0x2A, 0x6A, 0xC5, 0x2A, 0x6A, 0xC5, 0x2B, 0x6B, 0xC5, 0x2B, 0x6B, 0xC5, 0x2C, 0x6B, 0xC5, 0x2C, 0x6C, 0xC5, 
        0x2B, 0x6C, 0xC5, 0x2D, 0x6E, 0xC6, 0x2F, 0x6F, 0xC7, 0x2F, 0x70, 0xC6, 0x2F, 0x6F, 0xC7, 0x30, 0x72, 0xC8, 0x2F, 0x70, 0xC8, 0x30, 0x71, 0xC8, 0x30, 0x71, 0xC7, 0x30, 0x71, 0xC9, 0x31, 0x73, 0xC9, 0x33, 0x76, 0xCA, 0x34, 0x77, 0xCB, 
        0x37, 0x7A, 0xCC, 0x37, 0x7A, 0xCD, 0x38, 0x7E, 0xCE, 0x3A, 0x7E, 0xCE, 0x3A, 0x7F, 0xCF, 0x38, 0x7D, 0xCD, 0x36, 0x7B, 0xCC, 0x36, 0x7B, 0xCD, 0x35, 0x78, 0xCB, 0x32, 0x76, 0xCA, 0x33, 0x79, 0xCB, 0x34, 0x77, 0xCB, 0x35, 0x77, 0xCC, 
        0x36, 0x79, 0xCC, 0x37, 0x7A, 0xCC, 0x37, 0x7B, 0xCE, 0x39, 0x7D, 0xCE, 0x3A, 0x7D, 0xCE, 0x3A, 0x7D, 0xCF, 0x3B, 0x7F, 0xD0, 0x3B, 0x7F, 0xCF, 0x3A, 0x7E, 0xCF, 0x3A, 0x7E, 0xCE, 0x3B, 0x7F, 0xD0, 0x38, 0x7C, 0xCE, 0x39, 0x7D, 0xCE, 
        0x39, 0x7D, 0xCE, 0x3B, 0x7F, 0xCE, 0x3B, 0x80, 0xCF, 0x3C, 0x80, 0xD0, 0x3C, 0x7F, 0xD0, 0x3C, 0x7F, 0xD0, 0x3C, 0x80, 0xD0, 0x3C, 0x81, 0xD0, 0x3C, 0x81, 0xD0, 0x3C, 0x80, 0xCF, 0x3B, 0x7F, 0xD0, 0x3B, 0x7F, 0xD0, 0x3A, 0x7D, 0xCF, 
        0x3A, 0x7D, 0xCF, 0x3A, 0x7D, 0xCF, 0x2F, 0x6E, 0xBA,
  0x3C, 0x68, 0xBB, 0x10, 0x46, 0xAC, 0x10, 0x46, 0xAD, 0x11, 0x47, 0xAD, 0x11, 0x48, 0xAD, 0x12, 0x49, 0xAD, 0x12, 0x49, 0xAF, 0x12, 0x4A, 0xB0, 0x12, 0x4B, 0xB0, 0x13, 0x4B, 0xB0, 0x13, 0x4B, 0xB0, 0x13, 0x4B, 0xB1, 0x13, 0x4E, 0xB1, 0x13, 0x4C, 0xB1, 
        0x13, 0x4C, 0xB1, 0x14, 0x4C, 0xB2, 0x15, 0x4D, 0xB2, 0x15, 0x4D, 0xB2, 0x15, 0x4D, 0xB2, 0x15, 0x4F, 0xB2, 0x16, 0x4E, 0xB3, 0x16, 0x4F, 0xB4, 0x16, 0x4F, 0xB4, 0x17, 0x51, 0xB4, 0x17, 0x51, 0xB5, 0x17, 0x51, 0xB5, 0x17, 0x51, 0xB5, 
        0x19, 0x53, 0xB7, 0x19, 0x55, 0xB8, 0x1A, 0x56, 0xB9, 0x1C, 0x5A, 0xBB, 0x1F, 0x5F, 0xBD, 0x21, 0x64, 0xC0, 0x24, 0x6C, 0xC5, 0x27, 0x72, 0xC8, 0x29, 0x76, 0xC9, 0x2F, 0x79, 0xCC, 0x30, 0x7B, 0xCD, 0x2D, 0x7A, 0xCC, 0x2C, 0x75, 0xCA, 
        0x2A, 0x71, 0xC9, 0x27, 0x6E, 0xC5, 0x25, 0x69, 0xC4, 0x23, 0x65, 0xC2, 0x21, 0x62, 0xBF, 0x1F, 0x5E, 0xBC, 0x1E, 0x5B, 0xBA, 0x1F, 0x5B, 0xBA, 0x1F, 0x5C, 0xBA, 0x1F, 0x5C, 0xBA, 0x1F, 0x5C, 0xBC, 0x1F, 0x5C, 0xBC, 0x20, 0x5D, 0xBC, 
        0x21, 0x5F, 0xBE, 0x20, 0x5F, 0xBE, 0x20, 0x5E, 0xBD, 0x21, 0x61, 0xBF, 0x22, 0x61, 0xBF, 0x21, 0x5E, 0xBE, 0x21, 0x5F, 0xBF, 0x21, 0x5F, 0xBF, 0x21, 0x5F, 0xBF, 0x22, 0x60, 0xBF, 0x22, 0x60, 0xC0, 0x23, 0x60, 0xC0, 0x23, 0x62, 0xBF, 
        0x23, 0x61, 0xBE, 0x24, 0x61, 0xBE, 0x24, 0x61, 0xBF, 0x24, 0x62, 0xBF, 0x23, 0x62, 0xBF, 0x24, 0x62, 0xC0, 0x25, 0x62, 0xC1, 0x24, 0x62, 0xC0, 0x24, 0x62, 0xC0, 0x24, 0x62, 0xC0, 0x24, 0x63, 0xC0, 0x25, 0x63, 0xC0, 0x26, 0x63, 0xC0, 
        0x25, 0x61, 0xC0, 0x25, 0x62, 0xC0, 0x25, 0x62, 0xC1, 0x26, 0x64, 0xC1, 0x26, 0x65, 0xC1, 0x26, 0x63, 0xC1, 0x26, 0x63, 0xC1, 0x26, 0x63, 0xC2, 0x27, 0x64, 0xC2, 0x27, 0x64, 0xC2, 0x27, 0x64, 0xC2, 0x27, 0x64, 0xC3, 0x28, 0x67, 0xC3, 
        0x29, 0x68, 0xC3, 0x29, 0x67, 0xC3, 0x29, 0x68, 0xC3, 0x29, 0x69, 0xC4, 0x2B, 0x6B, 0xC5, 0x2A, 0x68, 0xC4, 0x2A, 0x69, 0xC4, 0x2A, 0x6A, 0xC4, 0x2A, 0x6A, 0xC5, 0x2A, 0x6A, 0xC5, 0x2B, 0x6B, 0xC5, 0x2D, 0x6D, 0xC5, 0x2E, 0x6B, 0xC5, 
        0x2D, 0x6C, 0xC6, 0x2E, 0x6E, 0xC7, 0x2E, 0x6F, 0xC7, 0x2F, 0x6F, 0xC7, 0x2F, 0x6F, 0xC6, 0x2E, 0x6D, 0xC7, 0x2F, 0x6F, 0xC7, 0x2F, 0x6F, 0xC7, 0x30, 0x71, 0xC8, 0x31, 0x73, 0xC8, 0x33, 0x73, 0xC9, 0x33, 0x75, 0xCA, 0x34, 0x77, 0xCB, 
        0x38, 0x7A, 0xCC, 0x38, 0x7C, 0xCD, 0x3C, 0x7F, 0xD0, 0x3D, 0x80, 0xD0, 0x3C, 0x80, 0xD0, 0x38, 0x7D, 0xCD, 0x3B, 0x7D, 0xCD, 0x40, 0x83, 0xD1, 0x3D, 0x7F, 0xCF, 0x35, 0x76, 0xCB, 0x35, 0x76, 0xCB, 0x35, 0x77, 0xCB, 0x35, 0x77, 0xCB, 
        0x36, 0x77, 0xCC, 0x37, 0x79, 0xCC, 0x37, 0x7B, 0xCC, 0x39, 0x7D, 0xCD, 0x39, 0x7D, 0xCE, 0x3A, 0x7D, 0xCF, 0x3A, 0x7D, 0xCF, 0x3A, 0x7E, 0xCF, 0x3A, 0x7E, 0xCF, 0x3A, 0x7E, 0xCF, 0x3A, 0x7C, 0xCD, 0x39, 0x7C, 0xCE, 0x39, 0x7C, 0xCE, 
        0x39, 0x7C, 0xCE, 0x39, 0x7C, 0xCE, 0x39, 0x7D, 0xCE, 0x39, 0x7E, 0xCE, 0x3A, 0x7E, 0xCF, 0x3A, 0x7E, 0xCF, 0x3A, 0x7E, 0xCF, 0x3A, 0x7E, 0xCF, 0x3A, 0x7F, 0xCF, 0x3A, 0x7F, 0xCF, 0x3A, 0x7E, 0xCF, 0x3A, 0x7C, 0xCF, 0x3A, 0x7D, 0xCF, 
        0x3A, 0x7D, 0xCF, 0x39, 0x7D, 0xCF, 0x2E, 0x6E, 0xBA,
  0x3C, 0x68, 0xBB, 0x11, 0x47, 0xAC, 0x11, 0x47, 0xAC, 0x11, 0x48, 0xAD, 0x12, 0x48, 0xAD, 0x12, 0x4A, 0xAF, 0x13, 0x4C, 0xAF, 0x12, 0x4A, 0xAF, 0x12, 0x4A, 0xB0, 0x13, 0x4D, 0xB0, 0x13, 0x4D, 0xB0, 0x13, 0x4D, 0xB0, 0x13, 0x4D, 0xB1, 0x13, 0x4C, 0xB1, 
        0x13, 0x4B, 0xB1, 0x13, 0x4C, 0xB1, 0x14, 0x4D, 0xB2, 0x14, 0x4D, 0xB2, 0x15, 0x4F, 0xB3, 0x15, 0x4F, 0xB3, 0x15, 0x50, 0xB2, 0x16, 0x50, 0xB3, 0x16, 0x50, 0xB3, 0x16, 0x50, 0xB3, 0x16, 0x51, 0xB3, 0x16, 0x51, 0xB4, 0x17, 0x52, 0xB6, 
        0x19, 0x54, 0xB7, 0x1A, 0x56, 0xB8, 0x1A, 0x56, 0xB9, 0x1C, 0x5B, 0xBC, 0x1F, 0x62, 0xBF, 0x23, 0x67, 0xC1, 0x24, 0x6D, 0xC5, 0x29, 0x72, 0xC9, 0x2B, 0x76, 0xCC, 0x2F, 0x7B, 0xCE, 0x32, 0x7C, 0xCF, 0x30, 0x7B, 0xCF, 0x2D, 0x77, 0xCB, 
        0x2A, 0x73, 0xC9, 0x27, 0x6F, 0xC6, 0x25, 0x6B, 0xC3, 0x23, 0x65, 0xC2, 0x21, 0x61, 0xBF, 0x1F, 0x5E, 0xBD, 0x1E, 0x5B, 0xBB, 0x1E, 0x5B, 0xBC, 0x1F, 0x5B, 0xBC, 0x1F, 0x5C, 0xBC, 0x1F, 0x5C, 0xBC, 0x1F, 0x5C, 0xBD, 0x20, 0x5C, 0xBD, 
        0x20, 0x5D, 0xBD, 0x20, 0x5D, 0xBD, 0x20, 0x5D, 0xBD, 0x21, 0x60, 0xBE, 0x21, 0x60, 0xBE, 0x22, 0x5E, 0xBD, 0x22, 0x5E, 0xBD, 0x22, 0x5F, 0xBD, 0x22, 0x5F, 0xBD, 0x22, 0x5F, 0xBE, 0x23, 0x60, 0xBE, 0x23, 0x60, 0xBE, 0x23, 0x60, 0xBE, 
        0x23, 0x60, 0xBE, 0x23, 0x61, 0xBF, 0x24, 0x63, 0xBF, 0x24, 0x61, 0xBF, 0x24, 0x62, 0xBF, 0x24, 0x64, 0xBF, 0x24, 0x62, 0xBF, 0x25, 0x62, 0xC0, 0x24, 0x62, 0xBF, 0x23, 0x62, 0xBF, 0x23, 0x60, 0xBF, 0x24, 0x63, 0xBF, 0x25, 0x64, 0xC0, 
        0x25, 0x64, 0xC0, 0x25, 0x63, 0xC0, 0x25, 0x64, 0xC0, 0x25, 0x64, 0xC1, 0x25, 0x64, 0xBF, 0x26, 0x65, 0xC1, 0x26, 0x63, 0xBF, 0x26, 0x63, 0xBF, 0x26, 0x63, 0xC0, 0x27, 0x66, 0xC2, 0x28, 0x66, 0xC2, 0x28, 0x67, 0xC2, 0x2A, 0x69, 0xC4, 
        0x2A, 0x6A, 0xC4, 0x29, 0x67, 0xC3, 0x29, 0x67, 0xC3, 0x2B, 0x6B, 0xC4, 0x2D, 0x6E, 0xC7, 0x2B, 0x69, 0xC5, 0x2A, 0x68, 0xC4, 0x2A, 0x69, 0xC4, 0x2A, 0x69, 0xC4, 0x2C, 0x6A, 0xC5, 0x2C, 0x6C, 0xC5, 0x2D, 0x6B, 0xC5, 0x2E, 0x6B, 0xC6, 
        0x2F, 0x6D, 0xC6, 0x2E, 0x6C, 0xC6, 0x2D, 0x6B, 0xC6, 0x2E, 0x6C, 0xC6, 0x2F, 0x6E, 0xC7, 0x2F, 0x6D, 0xC6, 0x2F, 0x6D, 0xC7, 0x2F, 0x6F, 0xC7, 0x30, 0x70, 0xC8, 0x32, 0x73, 0xC8, 0x33, 0x73, 0xC8, 0x34, 0x76, 0xCB, 0x36, 0x79, 0xCC, 
        0x37, 0x7A, 0xCC, 0x38, 0x7A, 0xCD, 0x3D, 0x7F, 0xCF, 0x3D, 0x7F, 0xD0, 0x3A, 0x7E, 0xCE, 0x38, 0x7E, 0xCD, 0x3C, 0x7E, 0xCE, 0x40, 0x81, 0xD0, 0x3B, 0x7E, 0xCE, 0x36, 0x74, 0xCB, 0x36, 0x76, 0xCB, 0x35, 0x76, 0xCB, 0x35, 0x77, 0xCB, 
        0x36, 0x77, 0xCB, 0x37, 0x77, 0xCC, 0x37, 0x79, 0xCC, 0x37, 0x7A, 0xCC, 0x3A, 0x7D, 0xCE, 0x3C, 0x7D, 0xCE, 0x3F, 0x7E, 0xD0, 0x40, 0x80, 0xD0, 0x3D, 0x7E, 0xCF, 0x3D, 0x7E, 0xCF, 0x3A, 0x7B, 0xCD, 0x3A, 0x7B, 0xCD, 0x3B, 0x7C, 0xCE, 
        0x39, 0x7A, 0xCE, 0x39, 0x7A, 0xCD, 0x39, 0x7A, 0xCE, 0x3B, 0x7D, 0xCE, 0x3B, 0x7D, 0xCE, 0x3C, 0x7D, 0xCF, 0x3C, 0x7D, 0xCF, 0x3C, 0x7D, 0xCF, 0x3C, 0x7D, 0xCF, 0x3C, 0x7E, 0xCF, 0x3C, 0x7E, 0xCF, 0x3A, 0x7C, 0xCF, 0x3A, 0x7A, 0xCF, 
        0x3A, 0x7A, 0xCF, 0x3A, 0x7A, 0xCF, 0x2F, 0x6D, 0xBA,
  0x3D, 0x68, 0xBB, 0x11, 0x46, 0xAC, 0x11, 0x47, 0xAC, 0x11, 0x48, 0xAC, 0x11, 0x48, 0xAD, 0x12, 0x49, 0xAF, 0x12, 0x4A, 0xAF, 0x12, 0x4A, 0xAF, 0x13, 0x4C, 0xAF, 0x13, 0x4C, 0xB0, 0x13, 0x4D, 0xB0, 0x13, 0x4D, 0xB0, 0x13, 0x4D, 0xB0, 0x13, 0x4B, 0xB1, 
        0x14, 0x4C, 0xB1, 0x13, 0x4C, 0xB1, 0x14, 0x4C, 0xB1, 0x15, 0x4F, 0xB2, 0x15, 0x4F, 0xB3, 0x16, 0x4F, 0xB3, 0x16, 0x4F, 0xB2, 0x16, 0x50, 0xB2, 0x16, 0x50, 0xB3, 0x17, 0x51, 0xB4, 0x17, 0x51, 0xB4, 0x17, 0x52, 0xB4, 0x18, 0x52, 0xB5, 
        0x19, 0x54, 0xB7, 0x1A, 0x55, 0xB7, 0x1B, 0x58, 0xB8, 0x1E, 0x5D, 0xBC, 0x20, 0x63, 0xC0, 0x22, 0x68, 0xC1, 0x24, 0x6C, 0xC4, 0x29, 0x71, 0xC8, 0x2C, 0x75, 0xCA, 0x2F, 0x79, 0xCD, 0x31, 0x7B, 0xCE, 0x30, 0x79, 0xCE, 0x2D, 0x77, 0xCB, 
        0x2A, 0x75, 0xC9, 0x28, 0x70, 0xC6, 0x25, 0x6A, 0xC3, 0x23, 0x67, 0xC1, 0x22, 0x62, 0xBF, 0x21, 0x5F, 0xBC, 0x1F, 0x5D, 0xBB, 0x1E, 0x5D, 0xBB, 0x1E, 0x5D, 0xBC, 0x1F, 0x5B, 0xBC, 0x1F, 0x5C, 0xBC, 0x1F, 0x5C, 0xBC, 0x20, 0x5C, 0xBD, 
        0x20, 0x5C, 0xBD, 0x20, 0x5D, 0xBD, 0x20, 0x5D, 0xBD, 0x21, 0x5F, 0xBE, 0x21, 0x60, 0xBE, 0x21, 0x5E, 0xBD, 0x22, 0x60, 0xBE, 0x24, 0x61, 0xBE, 0x23, 0x61, 0xBF, 0x22, 0x61, 0xBF, 0x22, 0x61, 0xBF, 0x23, 0x62, 0xBF, 0x23, 0x5F, 0xBE, 
        0x24, 0x60, 0xC0, 0x24, 0x62, 0xC0, 0x25, 0x63, 0xC0, 0x25, 0x61, 0xC0, 0x24, 0x61, 0xC0, 0x24, 0x62, 0xBF, 0x24, 0x62, 0xBF, 0x24, 0x62, 0xBF, 0x24, 0x61, 0xC0, 0x24, 0x62, 0xBF, 0x24, 0x62, 0xBF, 0x24, 0x62, 0xBF, 0x25, 0x63, 0xBF, 
        0x26, 0x63, 0xC0, 0x25, 0x63, 0xC0, 0x25, 0x63, 0xC0, 0x25, 0x64, 0xC0, 0x25, 0x64, 0xC1, 0x27, 0x64, 0xC1, 0x27, 0x65, 0xC1, 0x27, 0x65, 0xC1, 0x27, 0x65, 0xC1, 0x27, 0x65, 0xC2, 0x28, 0x67, 0xC2, 0x28, 0x67, 0xC2, 0x29, 0x66, 0xC2, 
        0x2A, 0x67, 0xC4, 0x29, 0x68, 0xC3, 0x29, 0x65, 0xC3, 0x2B, 0x68, 0xC4, 0x2C, 0x6C, 0xC4, 0x2B, 0x69, 0xC4, 0x2A, 0x68, 0xC3, 0x2A, 0x68, 0xC3, 0x2A, 0x69, 0xC3, 0x2C, 0x6A, 0xC4, 0x2C, 0x6A, 0xC5, 0x2C, 0x6A, 0xC5, 0x2E, 0x6D, 0xC5, 
        0x2F, 0x6E, 0xC6, 0x2E, 0x6D, 0xC5, 0x2D, 0x6C, 0xC5, 0x2E, 0x6C, 0xC6, 0x2E, 0x6E, 0xC6, 0x2F, 0x6E, 0xC6, 0x2F, 0x6F, 0xC6, 0x2F, 0x70, 0xC7, 0x30, 0x70, 0xC7, 0x31, 0x72, 0xC8, 0x33, 0x73, 0xC8, 0x36, 0x78, 0xCA, 0x37, 0x79, 0xCC, 
        0x37, 0x7B, 0xCC, 0x3B, 0x7D, 0xCD, 0x3C, 0x7F, 0xCD, 0x3D, 0x7F, 0xCE, 0x3F, 0x80, 0xD0, 0x3C, 0x7E, 0xCE, 0x38, 0x7B, 0xCC, 0x38, 0x7B, 0xCD, 0x38, 0x78, 0xCB, 0x35, 0x74, 0xCA, 0x36, 0x76, 0xCB, 0x36, 0x76, 0xCB, 0x35, 0x76, 0xCB, 
        0x36, 0x77, 0xCB, 0x37, 0x79, 0xCB, 0x39, 0x7A, 0xCC, 0x39, 0x7C, 0xCD, 0x3A, 0x7D, 0xCE, 0x3C, 0x7D, 0xCF, 0x41, 0x81, 0xD0, 0x45, 0x84, 0xD1, 0x40, 0x80, 0xD0, 0x3B, 0x7E, 0xCF, 0x3B, 0x7E, 0xCF, 0x3A, 0x7C, 0xCD, 0x3A, 0x7B, 0xCD, 
        0x3B, 0x7C, 0xCE, 0x3B, 0x7C, 0xCE, 0x3B, 0x7C, 0xCE, 0x3B, 0x7C, 0xCE, 0x39, 0x7C, 0xCD, 0x39, 0x7B, 0xCD, 0x3A, 0x7B, 0xCE, 0x3A, 0x7B, 0xCE, 0x3A, 0x7B, 0xCE, 0x3A, 0x7B, 0xCE, 0x3A, 0x7C, 0xCE, 0x3C, 0x7C, 0xCE, 0x3A, 0x7A, 0xCE, 
        0x3A, 0x7A, 0xCF, 0x3A, 0x7B, 0xCF, 0x2F, 0x6C, 0xB9,
  0x3D, 0x68, 0xBA, 0x11, 0x47, 0xAC, 0x11, 0x47, 0xAC, 0x11, 0x48, 0xAC, 0x12, 0x48, 0xAC, 0x13, 0x49, 0xAF, 0x13, 0x4B, 0xAF, 0x13, 0x4A, 0xAF, 0x14, 0x4C, 0xB0, 0x14, 0x4C, 0xB0, 0x14, 0x4C, 0xB1, 0x14, 0x4D, 0xB1, 0x14, 0x4D, 0xB1, 0x14, 0x4D, 0xB1, 
        0x14, 0x4D, 0xB1, 0x14, 0x4E, 0xB2, 0x14, 0x4E, 0xB2, 0x15, 0x4E, 0xB2, 0x16, 0x4F, 0xB3, 0x16, 0x4F, 0xB3, 0x17, 0x4F, 0xB2, 0x17, 0x50, 0xB3, 0x17, 0x51, 0xB3, 0x17, 0x51, 0xB4, 0x17, 0x51, 0xB4, 0x17, 0x51, 0xB4, 0x19, 0x55, 0xB6, 
        0x1A, 0x56, 0xB7, 0x1A, 0x56, 0xB7, 0x1C, 0x58, 0xB9, 0x1E, 0x5D, 0xBB, 0x1F, 0x61, 0xBD, 0x22, 0x64, 0xC0, 0x25, 0x6D, 0xC4, 0x29, 0x71, 0xC7, 0x2C, 0x74, 0xC9, 0x2F, 0x78, 0xCC, 0x32, 0x7B, 0xCD, 0x2F, 0x79, 0xCD, 0x2F, 0x76, 0xCA, 
        0x2C, 0x75, 0xC9, 0x28, 0x70, 0xC6, 0x26, 0x6A, 0xC3, 0x24, 0x66, 0xC1, 0x21, 0x62, 0xBE, 0x21, 0x5F, 0xBD, 0x21, 0x5D, 0xBC, 0x1F, 0x5D, 0xBB, 0x1F, 0x5D, 0xBB, 0x1E, 0x5B, 0xBB, 0x1F, 0x5B, 0xBB, 0x1F, 0x5C, 0xBB, 0x20, 0x5C, 0xBB, 
        0x20, 0x5C, 0xBC, 0x20, 0x5C, 0xBC, 0x21, 0x5D, 0xBC, 0x21, 0x5F, 0xBD, 0x21, 0x5F, 0xBD, 0x21, 0x5E, 0xBD, 0x23, 0x60, 0xBE, 0x24, 0x61, 0xBF, 0x24, 0x60, 0xBE, 0x23, 0x5F, 0xBE, 0x24, 0x62, 0xC0, 0x26, 0x66, 0xC1, 0x26, 0x65, 0xC0, 
        0x26, 0x65, 0xC1, 0x26, 0x63, 0xC0, 0x25, 0x63, 0xC0, 0x24, 0x63, 0xBF, 0x24, 0x63, 0xBE, 0x25, 0x61, 0xBF, 0x25, 0x62, 0xBF, 0x25, 0x62, 0xBF, 0x25, 0x62, 0xBF, 0x25, 0x62, 0xC0, 0x25, 0x62, 0xBF, 0x25, 0x62, 0xBF, 0x25, 0x63, 0xBE, 
        0x25, 0x64, 0xBE, 0x26, 0x63, 0xBE, 0x26, 0x63, 0xBE, 0x26, 0x63, 0xBE, 0x26, 0x64, 0xBE, 0x26, 0x64, 0xBF, 0x27, 0x64, 0xBF, 0x26, 0x63, 0xBF, 0x26, 0x63, 0xBF, 0x27, 0x65, 0xBF, 0x27, 0x65, 0xC2, 0x28, 0x66, 0xC0, 0x28, 0x66, 0xC0, 
        0x2A, 0x67, 0xC2, 0x2A, 0x67, 0xC3, 0x28, 0x67, 0xC3, 0x2B, 0x68, 0xC3, 0x2C, 0x6A, 0xC3, 0x2B, 0x68, 0xC3, 0x2B, 0x68, 0xC3, 0x2B, 0x68, 0xC3, 0x2C, 0x69, 0xC4, 0x2C, 0x6A, 0xC4, 0x2C, 0x6A, 0xC4, 0x2D, 0x6A, 0xC5, 0x2D, 0x6A, 0xC5, 
        0x2F, 0x6D, 0xC5, 0x2E, 0x6B, 0xC5, 0x2E, 0x6B, 0xC5, 0x2E, 0x6C, 0xC6, 0x2F, 0x6E, 0xC7, 0x2F, 0x6E, 0xC6, 0x30, 0x6E, 0xC6, 0x30, 0x70, 0xC6, 0x31, 0x70, 0xC8, 0x32, 0x72, 0xC8, 0x33, 0x72, 0xC8, 0x34, 0x75, 0xC8, 0x34, 0x76, 0xC9, 
        0x37, 0x79, 0xCC, 0x3C, 0x7D, 0xCD, 0x3B, 0x7D, 0xCD, 0x3D, 0x7F, 0xCE, 0x43, 0x83, 0xD0, 0x3F, 0x80, 0xCE, 0x38, 0x7B, 0xCC, 0x38, 0x7B, 0xCC, 0x37, 0x78, 0xCB, 0x36, 0x75, 0xCA, 0x38, 0x78, 0xCB, 0x36, 0x76, 0xCB, 0x36, 0x76, 0xCB, 
        0x36, 0x76, 0xCB, 0x36, 0x79, 0xCB, 0x39, 0x7A, 0xCB, 0x3A, 0x7C, 0xCD, 0x3A, 0x7C, 0xCE, 0x3A, 0x7D, 0xCE, 0x3E, 0x7E, 0xCF, 0x41, 0x81, 0xD0, 0x40, 0x81, 0xD0, 0x3A, 0x7B, 0xCD, 0x3B, 0x7C, 0xCD, 0x3A, 0x7B, 0xCD, 0x3A, 0x79, 0xCC, 
        0x3A, 0x79, 0xCC, 0x3B, 0x7A, 0xCD, 0x3B, 0x7A, 0xCD, 0x39, 0x78, 0xCD, 0x39, 0x78, 0xCD, 0x39, 0x7A, 0xCD, 0x39, 0x7B, 0xCD, 0x3A, 0x7B, 0xCE, 0x3A, 0x7B, 0xCE, 0x3A, 0x7B, 0xCE, 0x3A, 0x7B, 0xCE, 0x3C, 0x7C, 0xCE, 0x3C, 0x7C, 0xCE, 
        0x3C, 0x7C, 0xCE, 0x3D, 0x7C, 0xCF, 0x31, 0x6E, 0xBA,
  0x3D, 0x69, 0xBC, 0x12, 0x47, 0xAB, 0x12, 0x47, 0xAC, 0x12, 0x47, 0xAC, 0x12, 0x49, 0xAE, 0x13, 0x4B, 0xAE, 0x13, 0x4B, 0xB0, 0x14, 0x4B, 0xB0, 0x14, 0x4C, 0xB0, 0x15, 0x4C, 0xB0, 0x15, 0x4C, 0xB0, 0x15, 0x4C, 0xB1, 0x15, 0x4D, 0xB1, 0x16, 0x4D, 0xB1, 
        0x16, 0x4D, 0xB1, 0x16, 0x4D, 0xB2, 0x16, 0x4E, 0xB1, 0x16, 0x4F, 0xB2, 0x16, 0x4F, 0xB2, 0x17, 0x50, 0xB3, 0x17, 0x4F, 0xB3, 0x17, 0x4F, 0xB3, 0x17, 0x4F, 0xB3, 0x17, 0x51, 0xB3, 0x18, 0x51, 0xB4, 0x18, 0x51, 0xB4, 0x1A, 0x54, 0xB6, 
        0x1B, 0x57, 0xB7, 0x1A, 0x57, 0xB7, 0x1C, 0x58, 0xB8, 0x1E, 0x5C, 0xBB, 0x1F, 0x60, 0xBB, 0x21, 0x63, 0xBF, 0x25, 0x6B, 0xC4, 0x28, 0x70, 0xC6, 0x2B, 0x73, 0xC8, 0x2E, 0x75, 0xC9, 0x31, 0x78, 0xCC, 0x2E, 0x78, 0xCA, 0x2C, 0x75, 0xC9, 
        0x2A, 0x72, 0xC7, 0x28, 0x6E, 0xC5, 0x25, 0x69, 0xC2, 0x23, 0x64, 0xBF, 0x21, 0x60, 0xBD, 0x20, 0x5F, 0xBB, 0x21, 0x5D, 0xBC, 0x21, 0x5C, 0xBB, 0x20, 0x5D, 0xBB, 0x1F, 0x5B, 0xBA, 0x1F, 0x5B, 0xBB, 0x20, 0x5B, 0xBB, 0x20, 0x5C, 0xBB, 
        0x20, 0x5C, 0xBB, 0x20, 0x5C, 0xBC, 0x20, 0x5C, 0xBC, 0x21, 0x5F, 0xBD, 0x21, 0x5F, 0xBD, 0x21, 0x5D, 0xBD, 0x23, 0x60, 0xBE, 0x23, 0x60, 0xBE, 0x24, 0x60, 0xBD, 0x24, 0x60, 0xBE, 0x27, 0x66, 0xC1, 0x29, 0x6C, 0xC4, 0x2A, 0x6C, 0xC3, 
        0x29, 0x68, 0xC1, 0x26, 0x65, 0xC0, 0x26, 0x63, 0xBF, 0x25, 0x62, 0xBE, 0x26, 0x64, 0xC0, 0x26, 0x63, 0xBE, 0x26, 0x61, 0xBE, 0x26, 0x62, 0xBE, 0x26, 0x62, 0xBE, 0x26, 0x62, 0xBF, 0x27, 0x62, 0xBF, 0x27, 0x63, 0xBF, 0x25, 0x63, 0xBE, 
        0x25, 0x62, 0xBE, 0x25, 0x63, 0xBE, 0x26, 0x63, 0xBE, 0x26, 0x63, 0xBE, 0x26, 0x63, 0xBE, 0x26, 0x62, 0xBE, 0x26, 0x61, 0xBF, 0x26, 0x61, 0xBF, 0x26, 0x62, 0xBF, 0x27, 0x63, 0xBF, 0x27, 0x63, 0xBF, 0x27, 0x63, 0xC0, 0x29, 0x66, 0xC2, 
        0x2A, 0x67, 0xC2, 0x2A, 0x67, 0xC2, 0x2A, 0x67, 0xC3, 0x2A, 0x67, 0xC3, 0x2B, 0x68, 0xC3, 0x2B, 0x67, 0xC1, 0x2C, 0x69, 0xC1, 0x2C, 0x69, 0xC2, 0x2C, 0x69, 0xC3, 0x2D, 0x69, 0xC3, 0x2D, 0x6A, 0xC3, 0x2D, 0x6A, 0xC3, 0x2D, 0x6A, 0xC5, 
        0x2E, 0x6A, 0xC5, 0x2F, 0x6B, 0xC5, 0x2E, 0x6B, 0xC5, 0x2F, 0x6D, 0xC5, 0x2F, 0x6E, 0xC6, 0x30, 0x6F, 0xC6, 0x30, 0x6F, 0xC6, 0x31, 0x6F, 0xC6, 0x32, 0x72, 0xC7, 0x32, 0x72, 0xC8, 0x33, 0x72, 0xC8, 0x33, 0x74, 0xC8, 0x34, 0x75, 0xC8, 
        0x37, 0x79, 0xCA, 0x3B, 0x7C, 0xCD, 0x39, 0x79, 0xCC, 0x3B, 0x7D, 0xCD, 0x40, 0x80, 0xCE, 0x3D, 0x7F, 0xCC, 0x38, 0x7A, 0xCC, 0x38, 0x7A, 0xCB, 0x38, 0x78, 0xCA, 0x37, 0x75, 0xCA, 0x38, 0x75, 0xCA, 0x36, 0x76, 0xCA, 0x36, 0x76, 0xCA, 
        0x36, 0x76, 0xCA, 0x36, 0x76, 0xCA, 0x38, 0x79, 0xCB, 0x39, 0x7A, 0xCB, 0x3A, 0x7C, 0xCD, 0x3C, 0x7D, 0xCE, 0x3A, 0x7D, 0xCD, 0x3C, 0x7E, 0xCE, 0x3F, 0x80, 0xCF, 0x3D, 0x7D, 0xCE, 0x3B, 0x7B, 0xCD, 0x3B, 0x7C, 0xCD, 0x3B, 0x7B, 0xCD, 
        0x3B, 0x7B, 0xCD, 0x3B, 0x7C, 0xCD, 0x3C, 0x7C, 0xCE, 0x39, 0x7A, 0xCD, 0x3B, 0x7A, 0xCD, 0x3B, 0x7A, 0xCD, 0x3B, 0x7A, 0xCD, 0x3B, 0x7B, 0xCD, 0x3C, 0x7B, 0xCE, 0x3C, 0x7B, 0xCE, 0x3C, 0x7B, 0xCE, 0x3C, 0x7B, 0xCE, 0x3D, 0x7E, 0xCF, 
        0x3D, 0x7E, 0xCF, 0x3D, 0x7E, 0xCF, 0x31, 0x6E, 0xBA,
  0x3D, 0x68, 0xBC, 0x12, 0x47, 0xAD, 0x13, 0x47, 0xAD, 0x13, 0x47, 0xAE, 0x13, 0x48, 0xAE, 0x14, 0x4B, 0xAF, 0x14, 0x4B, 0xAF, 0x14, 0x4B, 0xB0, 0x15, 0x4C, 0xB0, 0x15, 0x4D, 0xB0, 0x15, 0x4D, 0xB0, 0x15, 0x4D, 0xB0, 0x15, 0x4D, 0xB1, 0x15, 0x4E, 0xB1, 
        0x16, 0x4E, 0xB1, 0x16, 0x4E, 0xB1, 0x16, 0x4E, 0xB2, 0x16, 0x4F, 0xB2, 0x16, 0x4F, 0xB2, 0x16, 0x4F, 0xB2, 0x18, 0x4F, 0xB3, 0x18, 0x50, 0xB3, 0x18, 0x50, 0xB3, 0x18, 0x50, 0xB3, 0x18, 0x51, 0xB3, 0x19, 0x51, 0xB4, 0x19, 0x53, 0xB4, 
        0x1A, 0x54, 0xB4, 0x1A, 0x56, 0xB6, 0x1C, 0x58, 0xB8, 0x1D, 0x5C, 0xB9, 0x20, 0x5F, 0xBB, 0x21, 0x63, 0xBD, 0x23, 0x68, 0xC1, 0x26, 0x6C, 0xC4, 0x28, 0x6F, 0xC5, 0x2B, 0x72, 0xC7, 0x2E, 0x75, 0xC9, 0x2C, 0x74, 0xC8, 0x29, 0x72, 0xC7, 
        0x27, 0x6E, 0xC5, 0x27, 0x6A, 0xC3, 0x25, 0x67, 0xC1, 0x23, 0x63, 0xBF, 0x21, 0x5E, 0xBC, 0x20, 0x5C, 0xBB, 0x20, 0x5D, 0xBA, 0x21, 0x5C, 0xBB, 0x21, 0x5C, 0xBB, 0x20, 0x5B, 0xBA, 0x20, 0x5B, 0xBA, 0x20, 0x5B, 0xBB, 0x21, 0x5B, 0xBA, 
        0x21, 0x5C, 0xBA, 0x21, 0x5C, 0xBA, 0x21, 0x5C, 0xBB, 0x22, 0x5E, 0xBB, 0x23, 0x5F, 0xBB, 0x23, 0x5F, 0xBC, 0x23, 0x60, 0xBD, 0x23, 0x61, 0xBD, 0x23, 0x60, 0xBC, 0x25, 0x63, 0xBE, 0x28, 0x68, 0xC1, 0x2B, 0x6C, 0xC3, 0x2B, 0x6C, 0xC3, 
        0x28, 0x67, 0xC0, 0x27, 0x65, 0xBF, 0x26, 0x63, 0xBE, 0x26, 0x63, 0xBE, 0x27, 0x65, 0xC0, 0x26, 0x63, 0xBE, 0x27, 0x63, 0xBD, 0x27, 0x63, 0xBE, 0x26, 0x62, 0xBE, 0x26, 0x62, 0xBE, 0x26, 0x62, 0xBE, 0x27, 0x62, 0xBF, 0x27, 0x63, 0xBE, 
        0x27, 0x63, 0xBE, 0x25, 0x62, 0xBD, 0x25, 0x63, 0xBD, 0x26, 0x63, 0xBE, 0x26, 0x63, 0xBE, 0x26, 0x61, 0xBE, 0x26, 0x62, 0xBE, 0x26, 0x61, 0xBE, 0x26, 0x62, 0xBF, 0x27, 0x63, 0xBF, 0x27, 0x65, 0xBF, 0x29, 0x65, 0xBF, 0x2A, 0x66, 0xC2, 
        0x2B, 0x67, 0xC2, 0x2B, 0x67, 0xC2, 0x2B, 0x67, 0xC2, 0x2B, 0x67, 0xC3, 0x2B, 0x68, 0xC3, 0x2C, 0x68, 0xC1, 0x2C, 0x67, 0xC1, 0x2D, 0x6B, 0xC3, 0x2D, 0x6B, 0xC4, 0x2D, 0x6B, 0xC4, 0x2D, 0x69, 0xC3, 0x2D, 0x6A, 0xC3, 0x2E, 0x6A, 0xC3, 
        0x2E, 0x6A, 0xC5, 0x2E, 0x6A, 0xC4, 0x30, 0x6D, 0xC5, 0x31, 0x6D, 0xC5, 0x31, 0x6D, 0xC5, 0x31, 0x6F, 0xC6, 0x31, 0x6F, 0xC6, 0x31, 0x6F, 0xC6, 0x32, 0x6F, 0xC6, 0x32, 0x70, 0xC6, 0x33, 0x72, 0xC7, 0x35, 0x74, 0xC8, 0x35, 0x75, 0xC9, 
        0x37, 0x78, 0xCA, 0x39, 0x79, 0xCA, 0x39, 0x79, 0xCB, 0x39, 0x79, 0xCC, 0x39, 0x7A, 0xCB, 0x38, 0x7A, 0xCB, 0x38, 0x77, 0xCA, 0x38, 0x77, 0xCA, 0x37, 0x75, 0xCA, 0x37, 0x75, 0xC9, 0x35, 0x73, 0xC9, 0x36, 0x75, 0xCA, 0x36, 0x76, 0xCA, 
        0x36, 0x76, 0xCA, 0x38, 0x76, 0xCB, 0x38, 0x78, 0xCB, 0x39, 0x7A, 0xCB, 0x3A, 0x7A, 0xCB, 0x3A, 0x7C, 0xCD, 0x3E, 0x7F, 0xCF, 0x3A, 0x7D, 0xCD, 0x3A, 0x7B, 0xCC, 0x3F, 0x80, 0xCF, 0x3B, 0x7D, 0xCD, 0x3D, 0x7D, 0xCD, 0x3D, 0x7E, 0xCD, 
        0x3F, 0x7E, 0xCD, 0x40, 0x81, 0xCF, 0x3F, 0x7F, 0xCE, 0x3C, 0x7D, 0xCE, 0x3B, 0x7C, 0xCD, 0x3C, 0x7C, 0xCD, 0x3C, 0x7C, 0xCD, 0x3C, 0x7C, 0xCD, 0x3C, 0x7D, 0xCD, 0x3D, 0x7D, 0xCE, 0x3D, 0x7D, 0xCE, 0x3D, 0x7D, 0xCE, 0x3D, 0x7D, 0xCE, 
        0x3D, 0x7C, 0xCE, 0x3C, 0x7C, 0xCD, 0x31, 0x6C, 0xB7,
  0x3E, 0x6A, 0xBD, 0x13, 0x47, 0xAD, 0x13, 0x48, 0xAD, 0x13, 0x48, 0xAD, 0x13, 0x49, 0xAF, 0x14, 0x4B, 0xAF, 0x14, 0x4C, 0xB0, 0x15, 0x4B, 0xAF, 0x15, 0x4B, 0xB0, 0x16, 0x4C, 0xB2, 0x16, 0x4D, 0xB2, 0x16, 0x4D, 0xB2, 0x16, 0x4D, 0xB2, 0x16, 0x4D, 0xB1, 
        0x16, 0x4E, 0xB1, 0x17, 0x4E, 0xB1, 0x17, 0x4E, 0xB1, 0x17, 0x4E, 0xB1, 0x17, 0x4F, 0xB1, 0x17, 0x4F, 0xB1, 0x17, 0x4E, 0xB2, 0x18, 0x4F, 0xB3, 0x18, 0x4F, 0xB3, 0x18, 0x50, 0xB3, 0x18, 0x50, 0xB3, 0x18, 0x51, 0xB3, 0x19, 0x51, 0xB3, 
        0x1A, 0x54, 0xB4, 0x1C, 0x56, 0xB6, 0x1B, 0x57, 0xB6, 0x1C, 0x58, 0xB7, 0x1E, 0x5C, 0xB9, 0x20, 0x60, 0xBB, 0x22, 0x64, 0xBD, 0x24, 0x68, 0xC1, 0x25, 0x6A, 0xC3, 0x26, 0x6E, 0xC4, 0x29, 0x70, 0xC7, 0x29, 0x6E, 0xC5, 0x27, 0x6D, 0xC5, 
        0x27, 0x6C, 0xC4, 0x24, 0x68, 0xC1, 0x24, 0x65, 0xBF, 0x23, 0x63, 0xBE, 0x21, 0x60, 0xBB, 0x20, 0x5B, 0xBA, 0x20, 0x5B, 0xBA, 0x1F, 0x5A, 0xB9, 0x20, 0x5A, 0xBA, 0x20, 0x5A, 0xBA, 0x20, 0x5B, 0xBA, 0x21, 0x5D, 0xBB, 0x21, 0x5B, 0xBA, 
        0x21, 0x5B, 0xBA, 0x21, 0x5C, 0xBA, 0x21, 0x5C, 0xBA, 0x22, 0x5E, 0xBB, 0x20, 0x5C, 0xBB, 0x23, 0x5F, 0xBD, 0x24, 0x60, 0xBD, 0x24, 0x60, 0xBE, 0x25, 0x61, 0xBE, 0x26, 0x63, 0xBF, 0x28, 0x66, 0xC0, 0x28, 0x66, 0xC0, 0x28, 0x64, 0xC0, 
        0x27, 0x64, 0xBF, 0x27, 0x64, 0xBF, 0x27, 0x65, 0xBF, 0x27, 0x65, 0xC0, 0x27, 0x65, 0xC0, 0x27, 0x62, 0xBE, 0x27, 0x63, 0xBE, 0x27, 0x63, 0xBE, 0x27, 0x61, 0xBE, 0x26, 0x62, 0xBE, 0x26, 0x61, 0xBD, 0x26, 0x61, 0xBC, 0x27, 0x62, 0xBD, 
        0x27, 0x63, 0xBD, 0x27, 0x63, 0xBD, 0x27, 0x62, 0xBD, 0x25, 0x63, 0xBD, 0x27, 0x63, 0xBE, 0x28, 0x63, 0xBE, 0x28, 0x63, 0xBE, 0x27, 0x64, 0xBE, 0x28, 0x64, 0xBF, 0x29, 0x64, 0xBF, 0x29, 0x65, 0xBF, 0x2A, 0x66, 0xBF, 0x2A, 0x68, 0xC1, 
        0x2A, 0x66, 0xC0, 0x2B, 0x67, 0xC0, 0x2B, 0x67, 0xC0, 0x2B, 0x67, 0xC0, 0x2A, 0x67, 0xC1, 0x2B, 0x68, 0xC1, 0x2C, 0x6A, 0xC3, 0x2E, 0x6B, 0xC3, 0x2E, 0x6C, 0xC3, 0x2E, 0x6C, 0xC4, 0x2D, 0x6B, 0xC3, 0x2D, 0x69, 0xC2, 0x2E, 0x6A, 0xC2, 
        0x2E, 0x6A, 0xC2, 0x2F, 0x6C, 0xC4, 0x30, 0x6C, 0xC5, 0x31, 0x6E, 0xC5, 0x31, 0x6D, 0xC5, 0x31, 0x6E, 0xC4, 0x31, 0x6F, 0xC6, 0x31, 0x6F, 0xC5, 0x31, 0x6F, 0xC6, 0x32, 0x6F, 0xC6, 0x33, 0x72, 0xC6, 0x32, 0x72, 0xC7, 0x35, 0x75, 0xC8, 
        0x35, 0x75, 0xC8, 0x37, 0x78, 0xC9, 0x3E, 0x7C, 0xCB, 0x3E, 0x7D, 0xCD, 0x39, 0x79, 0xCB, 0x37, 0x79, 0xC9, 0x38, 0x7A, 0xCA, 0x38, 0x77, 0xC9, 0x37, 0x76, 0xCA, 0x38, 0x75, 0xCA, 0x38, 0x77, 0xCA, 0x37, 0x77, 0xCA, 0x38, 0x77, 0xCA, 
        0x38, 0x78, 0xCB, 0x39, 0x79, 0xCB, 0x3B, 0x7B, 0xCB, 0x3B, 0x7B, 0xCC, 0x3B, 0x7C, 0xCC, 0x42, 0x83, 0xCF, 0x51, 0x8F, 0xD6, 0x47, 0x86, 0xD1, 0x3C, 0x7E, 0xCD, 0x4B, 0x8B, 0xD3, 0x45, 0x86, 0xD1, 0x3B, 0x7B, 0xCD, 0x3B, 0x7A, 0xCC, 
        0x3D, 0x7E, 0xCD, 0x42, 0x81, 0xCF, 0x40, 0x7F, 0xCF, 0x3B, 0x7B, 0xCD, 0x3B, 0x7A, 0xCD, 0x3B, 0x7A, 0xCD, 0x3B, 0x7A, 0xCD, 0x3B, 0x7A, 0xCD, 0x3B, 0x7A, 0xCD, 0x3B, 0x7B, 0xCD, 0x3D, 0x7D, 0xCE, 0x3F, 0x7D, 0xCF, 0x3F, 0x7B, 0xCE, 
        0x3F, 0x7D, 0xCF, 0x41, 0x7F, 0xCF, 0x33, 0x6E, 0xB9,
  0x3E, 0x6B, 0xBD, 0x13, 0x49, 0xAE, 0x13, 0x4A, 0xAE, 0x13, 0x4A, 0xAE, 0x14, 0x4B, 0xAE, 0x14, 0x4B, 0xAF, 0x14, 0x4B, 0xAF, 0x15, 0x4C, 0xB0, 0x15, 0x4C, 0xB0, 0x15, 0x4C, 0xB0, 0x16, 0x4E, 0xB2, 0x16, 0x4D, 0xB0, 0x16, 0x4D, 0xB0, 0x16, 0x4F, 0xB2, 
        0x16, 0x4D, 0xB1, 0x16, 0x4E, 0xB1, 0x17, 0x4E, 0xB1, 0x17, 0x4E, 0xB1, 0x17, 0x4E, 0xB2, 0x17, 0x4F, 0xB2, 0x18, 0x4F, 0xB3, 0x18, 0x51, 0xB4, 0x19, 0x50, 0xB4, 0x18, 0x50, 0xB3, 0x18, 0x4F, 0xB3, 0x18, 0x50, 0xB4, 0x19, 0x53, 0xB3, 
        0x1A, 0x53, 0xB5, 0x1A, 0x54, 0xB6, 0x1B, 0x54, 0xB6, 0x1C, 0x56, 0xB7, 0x1D, 0x58, 0xB8, 0x1D, 0x5A, 0xB9, 0x20, 0x5D, 0xBB, 0x22, 0x61, 0xBE, 0x23, 0x66, 0xC0, 0x25, 0x67, 0xC1, 0x26, 0x6A, 0xC3, 0x27, 0x6A, 0xC3, 0x27, 0x68, 0xC1, 
        0x26, 0x67, 0xC1, 0x24, 0x65, 0xC0, 0x23, 0x62, 0xBE, 0x22, 0x5F, 0xBC, 0x21, 0x5E, 0xBC, 0x20, 0x5C, 0xBA, 0x20, 0x5B, 0xB9, 0x20, 0x5B, 0xBA, 0x20, 0x5C, 0xBA, 0x21, 0x5C, 0xBB, 0x20, 0x5A, 0xBA, 0x20, 0x5B, 0xBA, 0x21, 0x5D, 0xBA, 
        0x21, 0x5D, 0xBA, 0x21, 0x5B, 0xBA, 0x21, 0x5E, 0xBA, 0x22, 0x5E, 0xBB, 0x22, 0x61, 0xBD, 0x23, 0x5F, 0xBD, 0x24, 0x60, 0xBD, 0x24, 0x60, 0xBD, 0x25, 0x62, 0xBE, 0x25, 0x63, 0xBE, 0x26, 0x63, 0xBE, 0x26, 0x63, 0xBE, 0x25, 0x63, 0xBC, 
        0x28, 0x66, 0xBF, 0x28, 0x67, 0xC0, 0x25, 0x64, 0xBD, 0x27, 0x65, 0xBE, 0x27, 0x65, 0xC0, 0x28, 0x65, 0xC0, 0x26, 0x62, 0xBE, 0x26, 0x61, 0xBE, 0x27, 0x63, 0xBE, 0x27, 0x60, 0xBE, 0x27, 0x62, 0xBF, 0x27, 0x62, 0xBF, 0x27, 0x62, 0xBD, 
        0x27, 0x60, 0xBD, 0x25, 0x5F, 0xBD, 0x27, 0x60, 0xBD, 0x28, 0x65, 0xBF, 0x27, 0x63, 0xBD, 0x29, 0x61, 0xBE, 0x29, 0x63, 0xBE, 0x29, 0x63, 0xBE, 0x29, 0x64, 0xBE, 0x29, 0x64, 0xBF, 0x2A, 0x64, 0xBF, 0x2A, 0x65, 0xBF, 0x2B, 0x65, 0xC1, 
        0x2A, 0x65, 0xBF, 0x2B, 0x65, 0xC2, 0x2C, 0x66, 0xC2, 0x2C, 0x67, 0xC2, 0x2C, 0x67, 0xC2, 0x2C, 0x67, 0xC3, 0x2D, 0x68, 0xC3, 0x2E, 0x6A, 0xC3, 0x2E, 0x6A, 0xC3, 0x2F, 0x6B, 0xC3, 0x2E, 0x6B, 0xC4, 0x2D, 0x69, 0xC3, 0x2E, 0x69, 0xC3, 
        0x2E, 0x6A, 0xC3, 0x2F, 0x6C, 0xC4, 0x30, 0x6C, 0xC5, 0x30, 0x6C, 0xC5, 0x31, 0x6E, 0xC5, 0x32, 0x70, 0xC5, 0x31, 0x6D, 0xC4, 0x30, 0x6E, 0xC4, 0x31, 0x6F, 0xC6, 0x32, 0x71, 0xC6, 0x33, 0x71, 0xC6, 0x35, 0x70, 0xC6, 0x35, 0x6F, 0xC7, 
        0x35, 0x6F, 0xC7, 0x36, 0x74, 0xC8, 0x3C, 0x7B, 0xCA, 0x3C, 0x7B, 0xCA, 0x39, 0x79, 0xCA, 0x37, 0x78, 0xC9, 0x39, 0x79, 0xC9, 0x38, 0x77, 0xC9, 0x38, 0x76, 0xC9, 0x38, 0x76, 0xCA, 0x38, 0x78, 0xCA, 0x38, 0x77, 0xCA, 0x38, 0x77, 0xCA, 
        0x3B, 0x7A, 0xCA, 0x39, 0x7B, 0xCB, 0x38, 0x78, 0xCA, 0x39, 0x7B, 0xCB, 0x3E, 0x7E, 0xCD, 0x46, 0x85, 0xCF, 0x54, 0x90, 0xD5, 0x4B, 0x88, 0xD2, 0x41, 0x7F, 0xCE, 0x4B, 0x8A, 0xD2, 0x45, 0x84, 0xCF, 0x39, 0x78, 0xCB, 0x3D, 0x7D, 0xCD, 
        0x3B, 0x7A, 0xCC, 0x3D, 0x7C, 0xCD, 0x3A, 0x79, 0xCC, 0x3A, 0x79, 0xCA, 0x3B, 0x7B, 0xCC, 0x3C, 0x7C, 0xCD, 0x3C, 0x7C, 0xCD, 0x3E, 0x7D, 0xCD, 0x40, 0x7D, 0xCE, 0x3E, 0x7D, 0xCD, 0x3C, 0x7D, 0xCD, 0x41, 0x80, 0xCF, 0x3D, 0x7D, 0xCE, 
        0x3D, 0x7D, 0xCE, 0x3C, 0x7B, 0xCC, 0x44, 0x7E, 0xBF,
  0x3F, 0x6D, 0xBE, 0x14, 0x4B, 0xAE, 0x14, 0x4B, 0xAE, 0x14, 0x4A, 0xAE, 0x14, 0x4B, 0xAE, 0x14, 0x4B, 0xAE, 0x14, 0x4B, 0xAF, 0x15, 0x4D, 0xB1, 0x15, 0x4E, 0xB1, 0x15, 0x4E, 0xB1, 0x15, 0x4E, 0xB2, 0x16, 0x4E, 0xB2, 0x16, 0x4F, 0xB2, 0x16, 0x4F, 0xB2, 
        0x16, 0x4D, 0xB0, 0x16, 0x4D, 0xB1, 0x16, 0x4E, 0xB1, 0x17, 0x50, 0xB3, 0x18, 0x50, 0xB3, 0x18, 0x51, 0xB4, 0x18, 0x51, 0xB3, 0x18, 0x52, 0xB4, 0x18, 0x51, 0xB4, 0x18, 0x50, 0xB3, 0x18, 0x4F, 0xB3, 0x18, 0x50, 0xB4, 0x19, 0x52, 0xB3, 
        0x19, 0x53, 0xB3, 0x1A, 0x53, 0xB5, 0x1B, 0x54, 0xB6, 0x1C, 0x56, 0xB7, 0x1C, 0x58, 0xB7, 0x1D, 0x58, 0xB8, 0x1E, 0x5A, 0xBB, 0x21, 0x5D, 0xBC, 0x22, 0x61, 0xBE, 0x23, 0x63, 0xBF, 0x24, 0x64, 0xC0, 0x24, 0x67, 0xC0, 0x25, 0x65, 0xBF, 
        0x24, 0x64, 0xBF, 0x23, 0x62, 0xBE, 0x22, 0x60, 0xBD, 0x21, 0x5D, 0xBB, 0x21, 0x5D, 0xBA, 0x21, 0x5C, 0xBB, 0x20, 0x59, 0xBA, 0x20, 0x59, 0xB9, 0x20, 0x59, 0xB9, 0x20, 0x5A, 0xB9, 0x21, 0x5A, 0xBA, 0x21, 0x5A, 0xBA, 0x21, 0x5D, 0xBB, 
        0x21, 0x5D, 0xBA, 0x21, 0x5D, 0xBB, 0x22, 0x5D, 0xBB, 0x22, 0x5F, 0xBC, 0x23, 0x5F, 0xBC, 0x23, 0x5F, 0xBD, 0x23, 0x5F, 0xBD, 0x24, 0x60, 0xBD, 0x24, 0x60, 0xBD, 0x24, 0x60, 0xBC, 0x25, 0x63, 0xBE, 0x25, 0x63, 0xBE, 0x27, 0x65, 0xBE, 
        0x2A, 0x6B, 0xC0, 0x29, 0x6A, 0xC0, 0x27, 0x66, 0xBF, 0x29, 0x6A, 0xC1, 0x37, 0x79, 0xC8, 0x3D, 0x7E, 0xCC, 0x2C, 0x6D, 0xC4, 0x26, 0x62, 0xBE, 0x26, 0x61, 0xBE, 0x27, 0x61, 0xBD, 0x28, 0x63, 0xBF, 0x2B, 0x69, 0xC2, 0x2D, 0x6C, 0xC2, 
        0x27, 0x62, 0xBE, 0x29, 0x64, 0xC0, 0x28, 0x63, 0xBF, 0x29, 0x63, 0xBF, 0x29, 0x65, 0xC0, 0x28, 0x63, 0xBE, 0x29, 0x63, 0xBE, 0x29, 0x63, 0xBE, 0x29, 0x63, 0xBE, 0x29, 0x64, 0xBE, 0x29, 0x64, 0xBF, 0x2A, 0x64, 0xBF, 0x2B, 0x65, 0xBF, 
        0x2B, 0x65, 0xBF, 0x2B, 0x65, 0xC1, 0x2C, 0x65, 0xC2, 0x2D, 0x67, 0xC2, 0x2D, 0x67, 0xC2, 0x2E, 0x69, 0xC2, 0x2E, 0x69, 0xC3, 0x2E, 0x6A, 0xC3, 0x2F, 0x6A, 0xC3, 0x2F, 0x6A, 0xC3, 0x2F, 0x6B, 0xC3, 0x2F, 0x6B, 0xC4, 0x2F, 0x6B, 0xC4, 
        0x30, 0x6B, 0xC4, 0x30, 0x6C, 0xC4, 0x30, 0x6C, 0xC4, 0x30, 0x6C, 0xC5, 0x31, 0x6D, 0xC5, 0x33, 0x70, 0xC6, 0x32, 0x6E, 0xC5, 0x32, 0x6E, 0xC5, 0x32, 0x6F, 0xC6, 0x32, 0x6F, 0xC6, 0x32, 0x6F, 0xC6, 0x33, 0x6E, 0xC6, 0x3A, 0x75, 0xCA, 
        0x3E, 0x78, 0xCB, 0x36, 0x74, 0xC8, 0x35, 0x72, 0xC7, 0x37, 0x76, 0xC8, 0x39, 0x78, 0xC8, 0x37, 0x76, 0xC9, 0x37, 0x75, 0xC9, 0x37, 0x76, 0xC9, 0x38, 0x76, 0xC9, 0x38, 0x76, 0xC9, 0x38, 0x76, 0xCA, 0x38, 0x75, 0xC9, 0x37, 0x73, 0xC9, 
        0x38, 0x77, 0xCA, 0x39, 0x78, 0xCA, 0x38, 0x78, 0xCA, 0x38, 0x79, 0xCB, 0x3B, 0x7B, 0xCB, 0x3D, 0x79, 0xCB, 0x41, 0x7F, 0xCD, 0x3F, 0x7C, 0xCB, 0x39, 0x77, 0xCA, 0x3F, 0x7C, 0xCC, 0x3A, 0x7B, 0xCB, 0x39, 0x78, 0xCB, 0x3A, 0x7A, 0xCB, 
        0x3B, 0x7A, 0xCC, 0x4C, 0x88, 0xD3, 0x48, 0x86, 0xD1, 0x3A, 0x79, 0xCC, 0x3B, 0x79, 0xCC, 0x3B, 0x7B, 0xCC, 0x3C, 0x7A, 0xCD, 0x40, 0x7D, 0xCD, 0x40, 0x7F, 0xCE, 0x40, 0x7D, 0xCD, 0x3C, 0x7C, 0xCD, 0x3C, 0x7E, 0xCD, 0x3C, 0x7B, 0xCD, 
        0x3F, 0x7E, 0xCE, 0x3C, 0x7B, 0xCC, 0x3F, 0x79, 0xBE,
  0x40, 0x6F, 0xBF, 0x15, 0x4D, 0xAF, 0x15, 0x4C, 0xB0, 0x15, 0x4C, 0xAF, 0x14, 0x4B, 0xAE, 0x15, 0x4D, 0xAF, 0x15, 0x4D, 0xAF, 0x16, 0x4D, 0xB1, 0x16, 0x4D, 0xB1, 0x16, 0x4E, 0xB1, 0x16, 0x4E, 0xB1, 0x16, 0x4E, 0xB2, 0x16, 0x4E, 0xB2, 0x17, 0x50, 0xB2, 
        0x18, 0x50, 0xB2, 0x17, 0x4F, 0xB0, 0x17, 0x4D, 0xB1, 0x17, 0x4E, 0xB1, 0x18, 0x50, 0xB3, 0x18, 0x51, 0xB3, 0x18, 0x50, 0xB2, 0x18, 0x51, 0xB2, 0x18, 0x51, 0xB2, 0x18, 0x51, 0xB2, 0x18, 0x50, 0xB3, 0x19, 0x52, 0xB3, 0x19, 0x52, 0xB3, 
        0x19, 0x52, 0xB3, 0x19, 0x53, 0xB3, 0x1B, 0x54, 0xB5, 0x1C, 0x56, 0xB6, 0x1C, 0x56, 0xB7, 0x1D, 0x58, 0xB7, 0x1E, 0x58, 0xB8, 0x1E, 0x5A, 0xB9, 0x21, 0x5D, 0xBB, 0x22, 0x60, 0xBB, 0x22, 0x61, 0xBD, 0x22, 0x61, 0xBD, 0x22, 0x61, 0xBD, 
        0x23, 0x61, 0xBC, 0x23, 0x5F, 0xBC, 0x21, 0x5E, 0xBC, 0x20, 0x5D, 0xBB, 0x20, 0x5B, 0xBA, 0x21, 0x5B, 0xB9, 0x20, 0x5B, 0xBA, 0x20, 0x59, 0xB9, 0x1F, 0x59, 0xB8, 0x1F, 0x59, 0xB8, 0x1F, 0x5A, 0xB8, 0x21, 0x5C, 0xBB, 0x22, 0x5C, 0xB9, 
        0x22, 0x5D, 0xBA, 0x22, 0x5D, 0xBB, 0x22, 0x5E, 0xBC, 0x23, 0x5D, 0xBC, 0x23, 0x5E, 0xBB, 0x23, 0x5F, 0xBB, 0x24, 0x5F, 0xBC, 0x24, 0x5F, 0xBC, 0x25, 0x60, 0xBC, 0x25, 0x62, 0xBD, 0x26, 0x62, 0xBE, 0x27, 0x65, 0xBE, 0x27, 0x66, 0xBF, 
        0x25, 0x61, 0xBC, 0x25, 0x60, 0xBB, 0x26, 0x64, 0xBD, 0x2B, 0x6C, 0xC3, 0x43, 0x83, 0xCE, 0x4A, 0x89, 0xD0, 0x32, 0x73, 0xC7, 0x26, 0x62, 0xBE, 0x26, 0x60, 0xBD, 0x27, 0x61, 0xBE, 0x28, 0x63, 0xBE, 0x2A, 0x66, 0xC0, 0x2B, 0x69, 0xC0, 
        0x2A, 0x67, 0xBF, 0x32, 0x72, 0xC5, 0x2E, 0x6C, 0xC3, 0x27, 0x60, 0xBD, 0x28, 0x62, 0xBE, 0x28, 0x63, 0xBE, 0x29, 0x64, 0xBD, 0x2A, 0x64, 0xBE, 0x2A, 0x64, 0xBE, 0x2A, 0x64, 0xBE, 0x2A, 0x65, 0xBE, 0x2A, 0x65, 0xBF, 0x2B, 0x64, 0xBF, 
        0x2B, 0x65, 0xBF, 0x2C, 0x66, 0xC1, 0x2D, 0x66, 0xC1, 0x2D, 0x68, 0xC2, 0x2E, 0x69, 0xC2, 0x2E, 0x69, 0xC0, 0x2E, 0x69, 0xC0, 0x2E, 0x69, 0xC3, 0x2E, 0x6A, 0xC3, 0x2F, 0x6A, 0xC3, 0x2F, 0x6B, 0xC3, 0x30, 0x6C, 0xC3, 0x30, 0x6C, 0xC4, 
        0x30, 0x6C, 0xC4, 0x31, 0x6C, 0xC4, 0x31, 0x6D, 0xC4, 0x31, 0x6D, 0xC4, 0x31, 0x6D, 0xC5, 0x32, 0x6F, 0xC5, 0x34, 0x72, 0xC6, 0x34, 0x70, 0xC6, 0x33, 0x70, 0xC5, 0x32, 0x6F, 0xC6, 0x31, 0x6E, 0xC4, 0x39, 0x7D, 0xCC, 0x56, 0x95, 0xD7, 
        0x5B, 0x96, 0xD7, 0x3D, 0x7D, 0xCB, 0x32, 0x6F, 0xC5, 0x36, 0x72, 0xC7, 0x39, 0x75, 0xC8, 0x37, 0x73, 0xC7, 0x37, 0x73, 0xC8, 0x37, 0x73, 0xC8, 0x36, 0x74, 0xC8, 0x38, 0x74, 0xC8, 0x38, 0x74, 0xC8, 0x38, 0x74, 0xC9, 0x38, 0x75, 0xC9, 
        0x38, 0x75, 0xC9, 0x3D, 0x7B, 0xCC, 0x46, 0x82, 0xCF, 0x47, 0x85, 0xD1, 0x41, 0x7F, 0xCE, 0x39, 0x76, 0xC8, 0x39, 0x78, 0xCA, 0x41, 0x7F, 0xCD, 0x3E, 0x7C, 0xCB, 0x3C, 0x7A, 0xCB, 0x3A, 0x79, 0xCB, 0x3E, 0x7B, 0xCC, 0x3C, 0x7A, 0xCB, 
        0x3A, 0x7A, 0xCB, 0x46, 0x83, 0xD0, 0x45, 0x81, 0xCF, 0x3D, 0x7C, 0xCC, 0x3D, 0x7B, 0xCC, 0x3D, 0x79, 0xCC, 0x3B, 0x79, 0xCC, 0x3E, 0x7A, 0xCD, 0x3E, 0x7C, 0xCD, 0x40, 0x7C, 0xCD, 0x3E, 0x7C, 0xCD, 0x3E, 0x7D, 0xCD, 0x3C, 0x7B, 0xCD, 
        0x41, 0x7E, 0xCE, 0x41, 0x7F, 0xCF, 0x31, 0x6D, 0xB7,
  0x41, 0x73, 0xC2, 0x17, 0x4F, 0xB0, 0x17, 0x4F, 0xB0, 0x15, 0x4D, 0xB1, 0x15, 0x4D, 0xB0, 0x15, 0x4D, 0xB1, 0x15, 0x4E, 0xB1, 0x16, 0x4D, 0xB0, 0x16, 0x4D, 0xB1, 0x16, 0x4D, 0xB1, 0x16, 0x4E, 0xB1, 0x16, 0x4E, 0xB1, 0x16, 0x4E, 0xB2, 0x17, 0x4E, 0xB2, 
        0x17, 0x50, 0xB0, 0x17, 0x4F, 0xB0, 0x17, 0x50, 0xB0, 0x17, 0x4D, 0xB1, 0x16, 0x4E, 0xB0, 0x17, 0x4E, 0xB0, 0x18, 0x4E, 0xB1, 0x18, 0x50, 0xB2, 0x18, 0x4F, 0xB2, 0x18, 0x4F, 0xB2, 0x18, 0x51, 0xB2, 0x19, 0x52, 0xB3, 0x19, 0x50, 0xB3, 
        0x19, 0x50, 0xB3, 0x1A, 0x52, 0xB3, 0x1A, 0x53, 0xB3, 0x1B, 0x54, 0xB6, 0x1C, 0x54, 0xB6, 0x1D, 0x55, 0xB7, 0x1D, 0x57, 0xB7, 0x1E, 0x58, 0xB8, 0x1E, 0x5A, 0xB8, 0x1F, 0x5A, 0xB9, 0x20, 0x5B, 0xB9, 0x20, 0x5B, 0xBA, 0x21, 0x5B, 0xBA, 
        0x20, 0x5C, 0xBA, 0x21, 0x5C, 0xBA, 0x20, 0x5A, 0xB9, 0x20, 0x5A, 0xBA, 0x20, 0x5B, 0xBA, 0x1F, 0x58, 0xB8, 0x20, 0x5A, 0xB7, 0x21, 0x5C, 0xBA, 0x21, 0x5B, 0xB9, 0x20, 0x59, 0xB8, 0x20, 0x59, 0xB8, 0x20, 0x5A, 0xB8, 0x21, 0x5A, 0xB9, 
        0x22, 0x5A, 0xB9, 0x22, 0x5D, 0xB9, 0x22, 0x5E, 0xBA, 0x22, 0x5E, 0xBC, 0x24, 0x60, 0xBC, 0x25, 0x5F, 0xBC, 0x24, 0x5F, 0xBA, 0x24, 0x5F, 0xBB, 0x24, 0x5F, 0xBB, 0x27, 0x62, 0xBD, 0x27, 0x62, 0xBD, 0x27, 0x64, 0xBE, 0xBF, 0xD1, 0xEC, 
        0xBF, 0xD1, 0xEC, 0xC1, 0xD4, 0xED, 0xBF, 0xD2, 0xEC, 0xBF, 0xD1, 0xEC, 0xC2, 0xD5, 0xEE, 0xC2, 0xD5, 0xEE, 0xC0, 0xD2, 0xEC, 0xBF, 0xD0, 0xEC, 0xBF, 0xD0, 0xEB, 0xBF, 0xD0, 0xEC, 0xBF, 0xD1, 0xEC, 0xBF, 0xD0, 0xEB, 0xBE, 0xCF, 0xEB, 
        0xC0, 0xD1, 0xEC, 0xC1, 0xD3, 0xED, 0xC0, 0xD2, 0xEC, 0xBF, 0xD0, 0xEB, 0xBF, 0xD0, 0xEB, 0xC0, 0xD1, 0xEB, 0xC0, 0xD1, 0xEC, 0xC0, 0xD1, 0xEC, 0xC0, 0xD1, 0xEC, 0xC0, 0xD1, 0xEC, 0x2B, 0x64, 0xBE, 0x2B, 0x64, 0xBE, 0x2B, 0x64, 0xBF, 
        0x2D, 0x64, 0xBF, 0x2D, 0x66, 0xBF, 0x2D, 0x66, 0xBF, 0x2D, 0x68, 0xC1, 0x2D, 0x68, 0xC2, 0x2E, 0x69, 0xC2, 0x2E, 0x69, 0xC2, 0x2F, 0x69, 0xC2, 0x2F, 0x69, 0xC3, 0x2F, 0x6B, 0xC3, 0x30, 0x6B, 0xC3, 0x32, 0x6B, 0xC3, 0x30, 0x6C, 0xC3, 
        0x30, 0x6C, 0xC4, 0x30, 0x6C, 0xC4, 0x32, 0x6E, 0xC5, 0x32, 0x6F, 0xC5, 0x32, 0x6D, 0xC4, 0x31, 0x6F, 0xC4, 0x33, 0x6F, 0xC5, 0x34, 0x70, 0xC5, 0x32, 0x6E, 0xC4, 0x32, 0x6E, 0xC4, 0x31, 0x6E, 0xC4, 0x48, 0x8D, 0xD2, 0x6A, 0xAA, 0xE0, 
        0x68, 0xA4, 0xDD, 0x41, 0x81, 0xCD, 0x33, 0x6F, 0xC5, 0x36, 0x72, 0xC7, 0x36, 0x72, 0xC7, 0x37, 0x73, 0xC7, 0x37, 0x73, 0xC7, 0x37, 0x73, 0xC8, 0x37, 0x73, 0xC6, 0x37, 0x74, 0xC6, 0x38, 0x74, 0xC8, 0x3C, 0x77, 0xC9, 0x3C, 0x79, 0xCA, 
        0x3C, 0x7A, 0xCA, 0x46, 0x82, 0xCE, 0x58, 0x92, 0xD6, 0x5F, 0x98, 0xD8, 0x59, 0x92, 0xD6, 0x46, 0x81, 0xCE, 0x3B, 0x78, 0xCA, 0x41, 0x7C, 0xCC, 0x3D, 0x7A, 0xCB, 0x3A, 0x77, 0xC9, 0x3C, 0x79, 0xCB, 0x3E, 0x7A, 0xCB, 0x3F, 0x7D, 0xCC, 
        0x3C, 0x7A, 0xCB, 0x3E, 0x7B, 0xCC, 0x3F, 0x7B, 0xCC, 0x42, 0x7D, 0xCD, 0x40, 0x7E, 0xCD, 0x3D, 0x7B, 0xCC, 0x3F, 0x7B, 0xCC, 0x3D, 0x7B, 0xCC, 0x40, 0x7D, 0xCD, 0x41, 0x7F, 0xCE, 0x43, 0x7F, 0xCE, 0x44, 0x7F, 0xCE, 0x41, 0x7D, 0xCD, 
        0x41, 0x7E, 0xCD, 0x44, 0x7F, 0xCF, 0x34, 0x6E, 0xB9,
  0x43, 0x76, 0xC4, 0x18, 0x53, 0xB4, 0x18, 0x51, 0xB3, 0x17, 0x4F, 0xB0, 0x16, 0x4D, 0xB1, 0x16, 0x4D, 0xB1, 0x16, 0x4D, 0xB1, 0x16, 0x4C, 0xB0, 0x16, 0x4C, 0xB0, 0x16, 0x4C, 0xB1, 0x16, 0x4C, 0xB1, 0x16, 0x4C, 0xB1, 0x16, 0x4C, 0xB2, 0x16, 0x4C, 0xB0, 
        0x17, 0x4C, 0xAF, 0x17, 0x4F, 0xB0, 0x18, 0x4F, 0xB0, 0x17, 0x4F, 0xB0, 0x17, 0x4F, 0xB1, 0x17, 0x4E, 0xB0, 0x18, 0x4E, 0xB1, 0x18, 0x4D, 0xB0, 0x18, 0x4E, 0xB1, 0x18, 0x4F, 0xB1, 0x18, 0x4F, 0xB2, 0x18, 0x4F, 0xB2, 0x19, 0x50, 0xB2, 
        0x1A, 0x50, 0xB2, 0x1A, 0x50, 0xB3, 0x1A, 0x52, 0xB3, 0x1B, 0x54, 0xB3, 0x1C, 0x54, 0xB5, 0x1C, 0x54, 0xB6, 0x1D, 0x54, 0xB5, 0x1D, 0x56, 0xB6, 0x1D, 0x56, 0xB7, 0x1E, 0x57, 0xB7, 0x1F, 0x57, 0xB8, 0x1F, 0x59, 0xB8, 0x1F, 0x59, 0xB9, 
        0x1F, 0x5B, 0xB9, 0x1F, 0x5C, 0xB9, 0x20, 0x5A, 0xB9, 0x20, 0x5A, 0xB8, 0x20, 0x5A, 0xB9, 0x1F, 0x58, 0xB7, 0x20, 0x58, 0xB7, 0x22, 0x5B, 0xB9, 0x23, 0x5E, 0xBA, 0x21, 0x5B, 0xB8, 0x21, 0x59, 0xB8, 0x21, 0x59, 0xB8, 0x21, 0x5C, 0xB8, 
        0x22, 0x5A, 0xB9, 0x22, 0x5A, 0xB8, 0x22, 0x5D, 0xB9, 0x23, 0x5E, 0xBA, 0x25, 0x62, 0xBC, 0x26, 0x60, 0xBC, 0x25, 0x5F, 0xBB, 0x25, 0x5F, 0xBB, 0x25, 0x5F, 0xBC, 0x25, 0x5F, 0xBC, 0x27, 0x62, 0xBD, 0x27, 0x60, 0xBD, 0xBE, 0xCF, 0xEB, 
        0xA8, 0xC5, 0xE8, 0x99, 0xBE, 0xE7, 0x83, 0xAB, 0xDD, 0x77, 0x9C, 0xD5, 0x78, 0x9E, 0xD7, 0xBF, 0xD1, 0xEB, 0x9E, 0xB8, 0xE1, 0x79, 0x9D, 0xD6, 0x79, 0x9D, 0xD6, 0x77, 0x9B, 0xD6, 0x79, 0x9C, 0xD6, 0x79, 0x9D, 0xD6, 0x79, 0x9D, 0xD6, 
        0x79, 0x9E, 0xD6, 0x78, 0x9C, 0xD5, 0x77, 0x9A, 0xD4, 0x79, 0x9E, 0xD6, 0x7A, 0x9E, 0xD7, 0x7A, 0x9D, 0xD6, 0x7A, 0x9D, 0xD6, 0x7A, 0x9D, 0xD6, 0x9B, 0xB6, 0xE0, 0xC0, 0xD1, 0xEC, 0x2C, 0x64, 0xBE, 0x2C, 0x64, 0xBE, 0x2C, 0x65, 0xBE, 
        0x2C, 0x65, 0xBF, 0x2D, 0x65, 0xBF, 0x2D, 0x66, 0xBF, 0x2D, 0x66, 0xBF, 0x2D, 0x68, 0xBF, 0x2D, 0x68, 0xC0, 0x2E, 0x69, 0xC0, 0x2F, 0x6A, 0xC2, 0x2F, 0x6A, 0xC2, 0x2F, 0x6A, 0xC3, 0x2F, 0x6D, 0xC3, 0x32, 0x6D, 0xC3, 0x32, 0x6D, 0xC3, 
        0x32, 0x6E, 0xC3, 0x32, 0x6E, 0xC4, 0x32, 0x6E, 0xC4, 0x33, 0x6E, 0xC4, 0x33, 0x6F, 0xC4, 0x31, 0x6D, 0xC2, 0x33, 0x6D, 0xC4, 0x32, 0x6D, 0xC3, 0x32, 0x6E, 0xC3, 0x34, 0x70, 0xC5, 0x34, 0x70, 0xC5, 0x3F, 0x80, 0xCD, 0x52, 0x91, 0xD5, 
        0x4F, 0x8D, 0xD2, 0x38, 0x76, 0xC7, 0x34, 0x70, 0xC4, 0x38, 0x74, 0xC7, 0x38, 0x72, 0xC7, 0x36, 0x72, 0xC7, 0x37, 0x73, 0xC7, 0x37, 0x73, 0xC7, 0x37, 0x73, 0xC8, 0x39, 0x73, 0xC8, 0x39, 0x74, 0xC8, 0x3D, 0x77, 0xC9, 0x3D, 0x77, 0xC9, 
        0x3A, 0x77, 0xC9, 0x43, 0x80, 0xCD, 0x55, 0x8F, 0xD5, 0x5A, 0x95, 0xD6, 0x59, 0x92, 0xD5, 0x4D, 0x86, 0xD0, 0x3D, 0x79, 0xCA, 0x3E, 0x7B, 0xCA, 0x3E, 0x79, 0xCA, 0x3B, 0x79, 0xCA, 0x41, 0x7C, 0xCB, 0x3C, 0x79, 0xCB, 0x3E, 0x7A, 0xCB, 
        0x41, 0x7D, 0xCC, 0x45, 0x81, 0xCE, 0x47, 0x81, 0xCF, 0x46, 0x81, 0xCE, 0x43, 0x7D, 0xCD, 0x42, 0x7E, 0xCC, 0x43, 0x7E, 0xCD, 0x42, 0x7E, 0xCC, 0x43, 0x7E, 0xCD, 0x44, 0x80, 0xCE, 0x46, 0x80, 0xCE, 0x44, 0x7F, 0xCD, 0x47, 0x80, 0xCE, 
        0x44, 0x7F, 0xCE, 0x44, 0x7E, 0xCD, 0x39, 0x71, 0xBA,
  0x45, 0x78, 0xC6, 0x1B, 0x56, 0xB6, 0x19, 0x53, 0xB4, 0x18, 0x4F, 0xB2, 0x17, 0x4D, 0xB0, 0x17, 0x4D, 0xB1, 0x17, 0x4D, 0xB1, 0x17, 0x4D, 0xB1, 0x17, 0x4E, 0xB1, 0x17, 0x4D, 0xB1, 0x18, 0x4D, 0xB2, 0x18, 0x4E, 0xB2, 0x17, 0x4F, 0xB2, 0x17, 0x4E, 0xB0, 
        0x18, 0x4F, 0xB0, 0x19, 0x4F, 0xB2, 0x18, 0x4F, 0xB0, 0x17, 0x4F, 0xB0, 0x17, 0x4F, 0xB0, 0x17, 0x4F, 0xB1, 0x17, 0x4E, 0xB1, 0x18, 0x4D, 0xB0, 0x18, 0x4D, 0xB0, 0x18, 0x4E, 0xB2, 0x19, 0x51, 0xB2, 0x18, 0x4F, 0xB1, 0x18, 0x4E, 0xB1, 
        0x1A, 0x50, 0xB2, 0x1A, 0x50, 0xB2, 0x1B, 0x52, 0xB3, 0x1B, 0x52, 0xB3, 0x1C, 0x54, 0xB3, 0x1C, 0x54, 0xB4, 0x1D, 0x53, 0xB4, 0x1D, 0x54, 0xB5, 0x1D, 0x55, 0xB6, 0x1D, 0x56, 0xB7, 0x1E, 0x57, 0xB7, 0x1F, 0x58, 0xB8, 0x20, 0x59, 0xB8, 
        0x20, 0x59, 0xB9, 0x20, 0x59, 0xB9, 0x20, 0x5A, 0xB8, 0x21, 0x5A, 0xB8, 0x20, 0x59, 0xB8, 0x20, 0x57, 0xB7, 0x21, 0x5A, 0xB7, 0x23, 0x5D, 0xB9, 0x23, 0x5D, 0xB9, 0x21, 0x5B, 0xB8, 0x21, 0x5B, 0xB8, 0x21, 0x5B, 0xB8, 0x22, 0x5B, 0xB8, 
        0x22, 0x5C, 0xB8, 0x22, 0x5C, 0xB9, 0x22, 0x5C, 0xB9, 0x23, 0x5D, 0xB9, 0x24, 0x5E, 0xBA, 0x23, 0x5E, 0xBA, 0x22, 0x5A, 0xB7, 0x23, 0x5E, 0xB9, 0x26, 0x61, 0xBA, 0x25, 0x61, 0xBB, 0x26, 0x61, 0xBC, 0x27, 0x62, 0xBC, 0xBE, 0xCF, 0xEB, 
        0x83, 0xAA, 0xDD, 0x53, 0x91, 0xD4, 0x35, 0x75, 0xC7, 0x28, 0x63, 0xBE, 0x28, 0x65, 0xBF, 0xBF, 0xD1, 0xEC, 0x79, 0x9E, 0xD6, 0x29, 0x66, 0xBE, 0x28, 0x62, 0xBC, 0x28, 0x60, 0xBC, 0x2A, 0x63, 0xBE, 0x29, 0x62, 0xBD, 0x2A, 0x63, 0xBD, 
        0x2B, 0x64, 0xBD, 0x2A, 0x63, 0xBE, 0x28, 0x61, 0xBC, 0x2B, 0x65, 0xBF, 0x2B, 0x65, 0xBE, 0x2B, 0x64, 0xBE, 0x2B, 0x65, 0xBF, 0x2B, 0x65, 0xBF, 0x71, 0x98, 0xD4, 0xC0, 0xD1, 0xEC, 0x2C, 0x66, 0xC0, 0x2C, 0x66, 0xC0, 0x2D, 0x66, 0xC0, 
        0x2D, 0x67, 0xC0, 0x2D, 0x67, 0xC1, 0x2D, 0x65, 0xBF, 0x2D, 0x66, 0xBF, 0x2D, 0x66, 0xBF, 0x2D, 0x66, 0xBF, 0x2D, 0x66, 0xC0, 0x2F, 0x69, 0xC0, 0x2F, 0x6A, 0xC2, 0x31, 0x6A, 0xC2, 0x31, 0x6C, 0xC3, 0x32, 0x6D, 0xC3, 0x35, 0x6D, 0xC4, 
        0x33, 0x6D, 0xC4, 0x33, 0x6E, 0xC4, 0x35, 0x6E, 0xC5, 0x35, 0x6E, 0xC5, 0x35, 0x6E, 0xC5, 0x34, 0x6F, 0xC4, 0x34, 0x6F, 0xC4, 0x34, 0x6F, 0xC5, 0x35, 0x71, 0xC5, 0x35, 0x72, 0xC5, 0x35, 0x70, 0xC5, 0x34, 0x6E, 0xC4, 0x37, 0x73, 0xC7, 
        0x37, 0x73, 0xC7, 0x34, 0x6E, 0xC4, 0x35, 0x71, 0xC5, 0x38, 0x74, 0xC6, 0x38, 0x74, 0xC7, 0x38, 0x74, 0xC7, 0x38, 0x74, 0xC7, 0x39, 0x75, 0xC7, 0x39, 0x75, 0xC7, 0x3C, 0x76, 0xC9, 0x3B, 0x76, 0xC9, 0x3E, 0x79, 0xC9, 0x3F, 0x79, 0xC9, 
        0x3C, 0x76, 0xC8, 0x3D, 0x7A, 0xCA, 0x45, 0x81, 0xCD, 0x46, 0x84, 0xCE, 0x42, 0x7F, 0xCC, 0x3E, 0x7A, 0xC9, 0x3D, 0x79, 0xC9, 0x3D, 0x79, 0xCA, 0x3E, 0x7B, 0xCA, 0x3D, 0x79, 0xC9, 0x3D, 0x7A, 0xCA, 0x3F, 0x7C, 0xCA, 0x41, 0x7D, 0xCC, 
        0x44, 0x7F, 0xCC, 0x44, 0x81, 0xCD, 0x45, 0x81, 0xCE, 0x44, 0x81, 0xCE, 0x43, 0x7D, 0xCD, 0x43, 0x7D, 0xCC, 0x45, 0x7F, 0xCD, 0x45, 0x7F, 0xCD, 0x43, 0x7E, 0xCD, 0x45, 0x7F, 0xCD, 0x46, 0x80, 0xCE, 0x46, 0x7F, 0xCE, 0x47, 0x80, 0xCE, 
        0x46, 0x7F, 0xCE, 0x46, 0x7F, 0xCE, 0x38, 0x70, 0xB9,
  0x45, 0x7C, 0xC8, 0x1B, 0x59, 0xB8, 0x1A, 0x54, 0xB6, 0x18, 0x4F, 0xB3, 0x17, 0x4C, 0xB0, 0x17, 0x4D, 0xB0, 0x17, 0x4C, 0xB1, 0x18, 0x4F, 0xB1, 0x18, 0x4F, 0xB1, 0x18, 0x50, 0xB2, 0x19, 0x50, 0xB2, 0x18, 0x4D, 0xB2, 0x18, 0x4E, 0xB2, 0x1E, 0x5C, 0xB9, 
        0x1E, 0x5D, 0xB9, 0x19, 0x52, 0xB3, 0x18, 0x4E, 0xB0, 0x17, 0x4F, 0xB0, 0x17, 0x4D, 0xAF, 0x17, 0x4D, 0xAF, 0x17, 0x4D, 0xB0, 0x17, 0x4E, 0xB0, 0x18, 0x4E, 0xB0, 0x18, 0x4E, 0xB1, 0x19, 0x50, 0xB2, 0x19, 0x51, 0xB2, 0x1A, 0x52, 0xB2, 
        0x1A, 0x51, 0xB2, 0x1A, 0x50, 0xB2, 0x1B, 0x52, 0xB3, 0x1B, 0x53, 0xB3, 0x1B, 0x53, 0xB3, 0x1C, 0x53, 0xB3, 0x1D, 0x54, 0xB4, 0x1D, 0x54, 0xB5, 0x1D, 0x54, 0xB5, 0x1D, 0x56, 0xB6, 0x1E, 0x57, 0xB7, 0x1E, 0x57, 0xB8, 0x20, 0x58, 0xB7, 
        0x20, 0x59, 0xB7, 0x21, 0x5B, 0xB9, 0x20, 0x59, 0xB8, 0x1F, 0x59, 0xB8, 0x20, 0x57, 0xB7, 0x21, 0x59, 0xB8, 0x22, 0x5A, 0xB8, 0x23, 0x5D, 0xBA, 0x23, 0x5D, 0xB9, 0x21, 0x5A, 0xB8, 0x21, 0x5B, 0xB8, 0x22, 0x5C, 0xB9, 0x23, 0x5C, 0xB8, 
        0x23, 0x5C, 0xB8, 0x23, 0x5D, 0xB8, 0x23, 0x5C, 0xB9, 0x22, 0x5A, 0xB8, 0x22, 0x5A, 0xB8, 0x25, 0x62, 0xBB, 0x2E, 0x6E, 0xC2, 0x29, 0x66, 0xBE, 0x24, 0x5C, 0xB9, 0x26, 0x5F, 0xBA, 0x27, 0x61, 0xBD, 0x29, 0x63, 0xBD, 0xBF, 0xD1, 0xEB, 
        0xBF, 0xD0, 0xEB, 0xC0, 0xD3, 0xED, 0xBF, 0xD1, 0xEC, 0xBF, 0xD1, 0xEC, 0xC0, 0xD2, 0xEC, 0xC0, 0xD1, 0xEC, 0xBF, 0xD1, 0xEB, 0xC0, 0xD1, 0xEC, 0xC0, 0xD2, 0xEC, 0xC0, 0xD1, 0xEB, 0xBF, 0xD0, 0xEB, 0xBF, 0xD0, 0xEB, 0xBF, 0xD0, 0xEB, 
        0xBF, 0xD1, 0xEB, 0xC0, 0xD1, 0xEB, 0xC0, 0xD1, 0xEC, 0xC0, 0xD2, 0xEC, 0xC0, 0xD1, 0xEC, 0xC0, 0xD1, 0xEB, 0xC0, 0xD1, 0xEC, 0xC0, 0xD1, 0xEC, 0xC0, 0xD1, 0xEC, 0xC0, 0xD1, 0xEB, 0x2B, 0x66, 0xBD, 0x2D, 0x66, 0xBE, 0x2D, 0x66, 0xBE, 
        0x2D, 0x66, 0xBE, 0x2C, 0x65, 0xBE, 0x2C, 0x65, 0xBF, 0x2D, 0x65, 0xBF, 0x2D, 0x66, 0xBF, 0x2E, 0x66, 0xBF, 0x2E, 0x66, 0xBF, 0x2E, 0x68, 0xC0, 0x31, 0x6A, 0xC2, 0x31, 0x6A, 0xC2, 0x31, 0x6A, 0xC2, 0x32, 0x6C, 0xC3, 0x34, 0x6D, 0xC4, 
        0x35, 0x6D, 0xC4, 0x35, 0x6F, 0xC4, 0x35, 0x70, 0xC4, 0x35, 0x70, 0xC5, 0x35, 0x70, 0xC5, 0x36, 0x70, 0xC5, 0x38, 0x72, 0xC5, 0x38, 0x72, 0xC5, 0x38, 0x74, 0xC6, 0x38, 0x72, 0xC6, 0x34, 0x70, 0xC4, 0x37, 0x6E, 0xC5, 0x37, 0x6D, 0xC5, 
        0x37, 0x6F, 0xC5, 0x35, 0x71, 0xC6, 0x39, 0x74, 0xC7, 0x3A, 0x74, 0xC7, 0x38, 0x74, 0xC6, 0x3B, 0x74, 0xC8, 0x3A, 0x74, 0xC7, 0x3B, 0x74, 0xC7, 0x3C, 0x76, 0xC8, 0x3C, 0x76, 0xC8, 0x3E, 0x78, 0xC9, 0x3F, 0x79, 0xC9, 0x41, 0x7A, 0xCA, 
        0x3F, 0x79, 0xC9, 0x3D, 0x79, 0xC9, 0x3F, 0x7A, 0xCA, 0x3D, 0x7A, 0xCA, 0x3D, 0x78, 0xC9, 0x40, 0x7A, 0xCA, 0x41, 0x7A, 0xCA, 0x40, 0x7B, 0xCA, 0x40, 0x7B, 0xCA, 0x40, 0x79, 0xCA, 0x40, 0x79, 0xCA, 0x41, 0x7C, 0xCB, 0x42, 0x7C, 0xCB, 
        0x47, 0x80, 0xCE, 0x4B, 0x83, 0xCF, 0x4A, 0x83, 0xCF, 0x45, 0x80, 0xCC, 0x41, 0x7B, 0xCB, 0x43, 0x7D, 0xCC, 0x45, 0x7E, 0xCD, 0x45, 0x7F, 0xCD, 0x45, 0x7F, 0xCD, 0x45, 0x7F, 0xCD, 0x46, 0x7F, 0xCD, 0x4C, 0x83, 0xD0, 0x49, 0x80, 0xCE, 
        0x46, 0x7F, 0xCE, 0x49, 0x80, 0xCE, 0x36, 0x70, 0xB8,
  0x47, 0x7E, 0xCA, 0x1B, 0x5D, 0xBA, 0x1A, 0x57, 0xB7, 0x17, 0x51, 0xB4, 0x16, 0x4E, 0xB0, 0x17, 0x4C, 0xB0, 0x17, 0x4D, 0xB0, 0x17, 0x4D, 0xB1, 0x19, 0x52, 0xB4, 0x1C, 0x58, 0xB8, 0x1A, 0x55, 0xB6, 0x17, 0x4D, 0xB1, 0x19, 0x50, 0xB3, 0x23, 0x66, 0xC0, 
        0x21, 0x62, 0xBD, 0x18, 0x4F, 0xB1, 0x18, 0x4F, 0xB2, 0x1A, 0x51, 0xB3, 0x17, 0x4F, 0xB2, 0x17, 0x4D, 0xB0, 0x17, 0x4C, 0xAF, 0x19, 0x4F, 0xB1, 0x19, 0x4E, 0xB1, 0x18, 0x4D, 0xB0, 0x19, 0x4E, 0xB1, 0x1B, 0x51, 0xB4, 0x1E, 0x59, 0xB8, 
        0x1C, 0x54, 0xB5, 0x18, 0x4E, 0xB1, 0x1B, 0x50, 0xB3, 0x1C, 0x53, 0xB4, 0x1C, 0x53, 0xB4, 0x1C, 0x53, 0xB4, 0x1C, 0x55, 0xB3, 0x1D, 0x55, 0xB4, 0x1D, 0x55, 0xB4, 0x1D, 0x56, 0xB5, 0x1D, 0x57, 0xB5, 0x1D, 0x57, 0xB5, 0x1E, 0x57, 0xB6, 
        0x1F, 0x57, 0xB5, 0x21, 0x5B, 0xB7, 0x20, 0x59, 0xB7, 0x20, 0x59, 0xB8, 0x21, 0x5C, 0xB9, 0x23, 0x5F, 0xB9, 0x21, 0x5A, 0xB8, 0x22, 0x5C, 0xB9, 0x22, 0x5D, 0xB9, 0x22, 0x5D, 0xB9, 0x22, 0x5B, 0xB8, 0x22, 0x5C, 0xB8, 0x23, 0x5E, 0xB8, 
        0x22, 0x5C, 0xB8, 0x21, 0x5B, 0xB7, 0x24, 0x5F, 0xB9, 0x24, 0x5F, 0xB9, 0x22, 0x59, 0xB6, 0x2E, 0x71, 0xC4, 0x5A, 0x99, 0xD9, 0x3D, 0x7E, 0xCC, 0x23, 0x5B, 0xB9, 0x27, 0x5E, 0xBA, 0x29, 0x5F, 0xBC, 0x29, 0x5F, 0xBB, 0xBF, 0xD1, 0xEC, 
        0x9F, 0xB9, 0xE2, 0x78, 0x9C, 0xD6, 0x79, 0x9E, 0xD6, 0x79, 0x9E, 0xD7, 0x79, 0x9F, 0xD7, 0x7A, 0x9E, 0xD6, 0x78, 0x9A, 0xD4, 0x7A, 0x9F, 0xD7, 0x80, 0xA5, 0xDA, 0x7B, 0xA1, 0xD7, 0x79, 0x9C, 0xD5, 0x79, 0x9D, 0xD6, 0x79, 0x9D, 0xD6, 
        0x79, 0x9D, 0xD6, 0x79, 0x9E, 0xD6, 0x7A, 0x9F, 0xD6, 0x79, 0x9D, 0xD6, 0x79, 0x9E, 0xD6, 0x7A, 0x9E, 0xD6, 0x7A, 0x9E, 0xD6, 0x7B, 0x9E, 0xD7, 0x9C, 0xB7, 0xE1, 0xC0, 0xD1, 0xEC, 0x2C, 0x66, 0xBE, 0x2C, 0x67, 0xBE, 0x2D, 0x66, 0xBE, 
        0x2D, 0x66, 0xBE, 0x2C, 0x66, 0xBE, 0x2D, 0x67, 0xBE, 0x2D, 0x67, 0xBF, 0x2E, 0x67, 0xBF, 0x30, 0x68, 0xBF, 0x30, 0x69, 0xBF, 0x30, 0x69, 0xBF, 0x30, 0x69, 0xC0, 0x31, 0x6A, 0xC0, 0x31, 0x6A, 0xC2, 0x32, 0x6C, 0xC0, 0x32, 0x6C, 0xC3, 
        0x32, 0x6D, 0xC3, 0x35, 0x6F, 0xC3, 0x35, 0x6F, 0xC3, 0x35, 0x70, 0xC3, 0x35, 0x70, 0xC4, 0x35, 0x73, 0xC5, 0x36, 0x71, 0xC5, 0x34, 0x6F, 0xC4, 0x34, 0x6F, 0xC3, 0x36, 0x71, 0xC5, 0x36, 0x72, 0xC5, 0x3A, 0x73, 0xC5, 0x3A, 0x72, 0xC5, 
        0x3A, 0x73, 0xC5, 0x3A, 0x74, 0xC6, 0x3F, 0x77, 0xC8, 0x40, 0x77, 0xC9, 0x3A, 0x73, 0xC6, 0x3D, 0x77, 0xC7, 0x3B, 0x74, 0xC7, 0x3B, 0x75, 0xC7, 0x3D, 0x77, 0xC8, 0x3C, 0x75, 0xC7, 0x41, 0x79, 0xC8, 0x41, 0x79, 0xC9, 0x41, 0x79, 0xC9, 
        0x3F, 0x79, 0xC9, 0x42, 0x79, 0xC9, 0x45, 0x7A, 0xC9, 0x42, 0x79, 0xCA, 0x40, 0x78, 0xCA, 0x40, 0x7A, 0xCA, 0x40, 0x78, 0xCA, 0x41, 0x78, 0xCA, 0x41, 0x79, 0xCA, 0x41, 0x7B, 0xCB, 0x41, 0x7B, 0xCB, 0x41, 0x79, 0xCB, 0x40, 0x79, 0xCA, 
        0x45, 0x7D, 0xCB, 0x4A, 0x80, 0xCF, 0x45, 0x7D, 0xCC, 0x42, 0x7B, 0xCB, 0x41, 0x7B, 0xCB, 0x44, 0x7E, 0xCC, 0x46, 0x7E, 0xCD, 0x45, 0x7D, 0xCC, 0x48, 0x82, 0xCD, 0x49, 0x82, 0xCD, 0x4B, 0x84, 0xCF, 0x51, 0x89, 0xD1, 0x4A, 0x83, 0xCF, 
        0x46, 0x80, 0xCE, 0x46, 0x80, 0xCD, 0x38, 0x70, 0xB8,
  0x48, 0x80, 0xCA, 0x1E, 0x5E, 0xBC, 0x1B, 0x5A, 0xB9, 0x18, 0x54, 0xB4, 0x17, 0x4F, 0xB3, 0x17, 0x4E, 0xB2, 0x18, 0x4E, 0xB0, 0x18, 0x4F, 0xB0, 0x19, 0x54, 0xB5, 0x1A, 0x55, 0xB5, 0x19, 0x52, 0xB4, 0x19, 0x53, 0xB3, 0x19, 0x51, 0xB3, 0x1A, 0x51, 0xB3, 
        0x19, 0x50, 0xB2, 0x18, 0x51, 0xB1, 0x19, 0x51, 0xB2, 0x18, 0x4F, 0xB2, 0x18, 0x4F, 0xB0, 0x17, 0x4F, 0xB0, 0x18, 0x4C, 0xAF, 0x19, 0x4D, 0xB0, 0x18, 0x4D, 0xB1, 0x17, 0x4D, 0xB0, 0x19, 0x4E, 0xB1, 0x1B, 0x53, 0xB3, 0x1C, 0x54, 0xB5, 
        0x1B, 0x51, 0xB2, 0x19, 0x4E, 0xB1, 0x1B, 0x51, 0xB2, 0x1C, 0x53, 0xB4, 0x1C, 0x53, 0xB4, 0x1D, 0x53, 0xB5, 0x1D, 0x53, 0xB3, 0x1D, 0x55, 0xB4, 0x1E, 0x55, 0xB5, 0x1E, 0x55, 0xB5, 0x1E, 0x55, 0xB5, 0x1E, 0x57, 0xB6, 0x1E, 0x57, 0xB6, 
        0x1E, 0x57, 0xB6, 0x20, 0x58, 0xB7, 0x1F, 0x58, 0xB5, 0x22, 0x5B, 0xB9, 0x22, 0x5E, 0xBA, 0x22, 0x5E, 0xB9, 0x22, 0x5A, 0xB6, 0x23, 0x5C, 0xB8, 0x23, 0x5C, 0xB8, 0x23, 0x5D, 0xB9, 0x22, 0x5B, 0xB7, 0x22, 0x5A, 0xB7, 0x23, 0x5E, 0xB8, 
        0x24, 0x5E, 0xB9, 0x23, 0x5E, 0xB8, 0x28, 0x67, 0xBE, 0x2A, 0x6B, 0xBF, 0x25, 0x5F, 0xB9, 0x26, 0x64, 0xBD, 0x37, 0x78, 0xC8, 0x2B, 0x69, 0xC0, 0x25, 0x60, 0xBC, 0x26, 0x5D, 0xBA, 0x26, 0x5C, 0xB9, 0x29, 0x5F, 0xBB, 0xBF, 0xD1, 0xEB, 
        0x79, 0x9E, 0xD6, 0x2A, 0x65, 0xBE, 0x2A, 0x65, 0xBE, 0x2A, 0x65, 0xBF, 0x2A, 0x66, 0xBE, 0x2A, 0x65, 0xBD, 0x29, 0x61, 0xBB, 0x2A, 0x63, 0xBC, 0x2C, 0x69, 0xBF, 0x2B, 0x66, 0xBE, 0x29, 0x64, 0xBD, 0x2C, 0x65, 0xBD, 0x2D, 0x67, 0xBF, 
        0x2C, 0x65, 0xBE, 0x2C, 0x65, 0xBE, 0x2A, 0x64, 0xBD, 0x2A, 0x63, 0xBD, 0x2B, 0x64, 0xBE, 0x2C, 0x65, 0xBE, 0x2B, 0x65, 0xBE, 0x2C, 0x65, 0xBE, 0x73, 0x99, 0xD4, 0xC1, 0xD2, 0xEC, 0x2E, 0x68, 0xBF, 0x2E, 0x66, 0xBF, 0x2E, 0x67, 0xBF, 
        0x32, 0x6B, 0xC1, 0x32, 0x6C, 0xC2, 0x30, 0x69, 0xC1, 0x2F, 0x67, 0xC0, 0x2D, 0x67, 0xBF, 0x30, 0x67, 0xBF, 0x30, 0x69, 0xBF, 0x31, 0x69, 0xC1, 0x31, 0x69, 0xC1, 0x31, 0x6B, 0xC2, 0x32, 0x6C, 0xC2, 0x32, 0x6C, 0xC2, 0x34, 0x6C, 0xC2, 
        0x34, 0x6E, 0xC3, 0x34, 0x70, 0xC4, 0x35, 0x6F, 0xC4, 0x35, 0x6F, 0xC4, 0x35, 0x71, 0xC4, 0x37, 0x73, 0xC5, 0x35, 0x70, 0xC5, 0x3C, 0x74, 0xC7, 0x39, 0x74, 0xC5, 0x33, 0x6D, 0xC2, 0x36, 0x71, 0xC5, 0x3B, 0x74, 0xC6, 0x3C, 0x73, 0xC5, 
        0x3D, 0x75, 0xC6, 0x3C, 0x73, 0xC5, 0x3D, 0x76, 0xC7, 0x3D, 0x77, 0xC7, 0x3A, 0x74, 0xC6, 0x3E, 0x76, 0xC7, 0x3E, 0x78, 0xC7, 0x3E, 0x77, 0xC8, 0x3D, 0x75, 0xC7, 0x3E, 0x78, 0xC8, 0x44, 0x7C, 0xCA, 0x42, 0x79, 0xC8, 0x3E, 0x78, 0xC8, 
        0x41, 0x79, 0xC9, 0x44, 0x7C, 0xCA, 0x43, 0x7A, 0xC9, 0x40, 0x77, 0xC8, 0x40, 0x79, 0xC9, 0x42, 0x7B, 0xCA, 0x40, 0x7A, 0xCA, 0x40, 0x7A, 0xC9, 0x41, 0x7A, 0xC9, 0x41, 0x7B, 0xCA, 0x41, 0x7B, 0xCA, 0x41, 0x7B, 0xCA, 0x40, 0x79, 0xCA, 
        0x40, 0x7A, 0xCA, 0x42, 0x7C, 0xCA, 0x44, 0x7D, 0xCC, 0x45, 0x7D, 0xCC, 0x45, 0x7E, 0xCC, 0x44, 0x7E, 0xCB, 0x45, 0x7E, 0xCC, 0x48, 0x81, 0xCD, 0x49, 0x81, 0xCD, 0x4B, 0x84, 0xCD, 0x4C, 0x85, 0xCF, 0x4F, 0x87, 0xD0, 0x49, 0x82, 0xCD, 
        0x47, 0x80, 0xCD, 0x46, 0x80, 0xCD, 0x38, 0x70, 0xB8,
  0x48, 0x7F, 0xC9, 0x1C, 0x5E, 0xBA, 0x1B, 0x59, 0xB7, 0x18, 0x53, 0xB3, 0x17, 0x4F, 0xB2, 0x17, 0x4E, 0xB0, 0x17, 0x4E, 0xB0, 0x19, 0x4F, 0xB1, 0x19, 0x50, 0xB1, 0x19, 0x52, 0xB3, 0x19, 0x54, 0xB4, 0x19, 0x52, 0xB4, 0x18, 0x51, 0xB1, 0x1A, 0x53, 0xB2, 
        0x1D, 0x56, 0xB6, 0x1A, 0x53, 0xB4, 0x19, 0x4F, 0xB1, 0x18, 0x4F, 0xB1, 0x19, 0x4F, 0xB2, 0x19, 0x4E, 0xB0, 0x1A, 0x4D, 0xB0, 0x1A, 0x4D, 0xB0, 0x18, 0x4C, 0xAF, 0x18, 0x4C, 0xB0, 0x19, 0x4E, 0xB1, 0x1B, 0x51, 0xB4, 0x1B, 0x51, 0xB3, 
        0x1A, 0x4E, 0xB1, 0x1B, 0x51, 0xB2, 0x1B, 0x54, 0xB3, 0x1B, 0x52, 0xB2, 0x1C, 0x53, 0xB3, 0x1D, 0x55, 0xB4, 0x1D, 0x54, 0xB3, 0x1D, 0x54, 0xB3, 0x1D, 0x55, 0xB3, 0x1E, 0x56, 0xB4, 0x1E, 0x56, 0xB4, 0x1E, 0x56, 0xB5, 0x1E, 0x57, 0xB4, 
        0x20, 0x58, 0xB6, 0x20, 0x5A, 0xB7, 0x21, 0x58, 0xB6, 0x22, 0x5B, 0xB7, 0x21, 0x59, 0xB7, 0x21, 0x59, 0xB7, 0x22, 0x5C, 0xB8, 0x23, 0x5C, 0xB8, 0x23, 0x5C, 0xB8, 0x23, 0x5C, 0xB9, 0x23, 0x5B, 0xB8, 0x22, 0x5B, 0xB7, 0x22, 0x5A, 0xB6, 
        0x23, 0x5C, 0xB8, 0x22, 0x59, 0xB7, 0x27, 0x61, 0xBB, 0x27, 0x61, 0xBB, 0x23, 0x5C, 0xB8, 0x22, 0x5A, 0xB9, 0x23, 0x5D, 0xB9, 0x22, 0x5B, 0xB8, 0x26, 0x62, 0xBB, 0x26, 0x60, 0xBB, 0x29, 0x5E, 0xBA, 0x2A, 0x63, 0xBD, 0xBF, 0xD0, 0xEB, 
        0x79, 0x9D, 0xD6, 0x2A, 0x64, 0xBE, 0x2B, 0x65, 0xBE, 0x2B, 0x65, 0xBE, 0x2A, 0x64, 0xBE, 0x2A, 0x63, 0xBC, 0x2A, 0x63, 0xBC, 0x2D, 0x65, 0xBD, 0x5C, 0x88, 0xCC, 0x48, 0x79, 0xC6, 0x2B, 0x64, 0xBD, 0x2A, 0x64, 0xBD, 0x42, 0x75, 0xC3, 
        0x62, 0x8D, 0xCE, 0x31, 0x69, 0xC0, 0x2C, 0x65, 0xBD, 0x2B, 0x66, 0xBD, 0x2D, 0x68, 0xBE, 0x2D, 0x66, 0xBE, 0x2D, 0x65, 0xBD, 0x2D, 0x67, 0xBE, 0x72, 0x99, 0xD3, 0xC1, 0xD2, 0xEC, 0x2F, 0x6A, 0xC0, 0x2F, 0x68, 0xBF, 0x2F, 0x68, 0xBF, 
        0x34, 0x6F, 0xC2, 0x35, 0x6F, 0xC3, 0x32, 0x6B, 0xC1, 0x2F, 0x67, 0xBE, 0x2F, 0x68, 0xBE, 0x30, 0x68, 0xBF, 0x31, 0x68, 0xBF, 0x31, 0x6B, 0xC1, 0x31, 0x6B, 0xC1, 0x33, 0x6B, 0xC1, 0x33, 0x6B, 0xC2, 0x34, 0x6C, 0xC2, 0x34, 0x6E, 0xC2, 
        0x34, 0x6F, 0xC2, 0x36, 0x6F, 0xC4, 0x37, 0x72, 0xC4, 0x38, 0x72, 0xC4, 0x38, 0x72, 0xC4, 0x38, 0x73, 0xC4, 0x40, 0x7A, 0xC8, 0x53, 0x8A, 0xD0, 0x51, 0x87, 0xCF, 0x3B, 0x75, 0xC5, 0x36, 0x71, 0xC4, 0x3C, 0x74, 0xC6, 0x3C, 0x72, 0xC6, 
        0x3C, 0x72, 0xC5, 0x3A, 0x70, 0xC5, 0x3A, 0x72, 0xC5, 0x3D, 0x76, 0xC7, 0x3F, 0x76, 0xC7, 0x3D, 0x76, 0xC7, 0x40, 0x77, 0xC7, 0x40, 0x78, 0xC7, 0x3E, 0x77, 0xC8, 0x41, 0x7A, 0xC9, 0x40, 0x78, 0xC8, 0x42, 0x79, 0xC8, 0x42, 0x7B, 0xC8, 
        0x44, 0x7C, 0xCA, 0x42, 0x79, 0xC9, 0x42, 0x7A, 0xC9, 0x45, 0x7C, 0xC9, 0x43, 0x7A, 0xC9, 0x42, 0x7A, 0xCA, 0x42, 0x7A, 0xC9, 0x40, 0x7A, 0xC9, 0x40, 0x78, 0xC9, 0x41, 0x78, 0xC9, 0x43, 0x7B, 0xCA, 0x46, 0x7E, 0xCB, 0x46, 0x7E, 0xCB, 
        0x40, 0x79, 0xC9, 0x3E, 0x79, 0xC8, 0x45, 0x7D, 0xCB, 0x4A, 0x80, 0xCE, 0x47, 0x7F, 0xCC, 0x44, 0x7D, 0xCB, 0x45, 0x7E, 0xCB, 0x4A, 0x83, 0xCD, 0x49, 0x81, 0xCD, 0x4B, 0x81, 0xCD, 0x4D, 0x85, 0xCF, 0x49, 0x82, 0xCD, 0x46, 0x7F, 0xCC, 
        0x46, 0x7F, 0xCC, 0x49, 0x80, 0xCD, 0x3A, 0x72, 0xB8,
  0x46, 0x7C, 0xC7, 0x1C, 0x5C, 0xB9, 0x1B, 0x58, 0xB7, 0x19, 0x52, 0xB3, 0x18, 0x4F, 0xB1, 0x18, 0x4E, 0xB0, 0x18, 0x4E, 0xB0, 0x17, 0x4E, 0xB0, 0x18, 0x4C, 0xAF, 0x1C, 0x57, 0xB4, 0x1F, 0x5E, 0xB9, 0x1C, 0x57, 0xB5, 0x18, 0x4F, 0xB1, 0x1C, 0x56, 0xB5, 
        0x1E, 0x5C, 0xB8, 0x1C, 0x53, 0xB5, 0x19, 0x4E, 0xB0, 0x1A, 0x51, 0xB2, 0x1A, 0x52, 0xB2, 0x19, 0x4E, 0xB0, 0x1A, 0x4E, 0xB0, 0x1A, 0x4D, 0xB0, 0x18, 0x4C, 0xAF, 0x18, 0x4C, 0xAF, 0x1A, 0x4D, 0xB1, 0x1B, 0x51, 0xB3, 0x1B, 0x50, 0xB1, 
        0x1B, 0x4E, 0xB0, 0x1C, 0x51, 0xB2, 0x1C, 0x54, 0xB4, 0x1C, 0x52, 0xB2, 0x1C, 0x52, 0xB2, 0x1D, 0x55, 0xB3, 0x1D, 0x54, 0xB3, 0x1E, 0x55, 0xB3, 0x1E, 0x55, 0xB3, 0x1E, 0x56, 0xB3, 0x1E, 0x56, 0xB4, 0x1F, 0x56, 0xB4, 0x20, 0x56, 0xB4, 
        0x20, 0x58, 0xB5, 0x20, 0x58, 0xB6, 0x21, 0x5A, 0xB7, 0x22, 0x5A, 0xB7, 0x22, 0x5B, 0xB8, 0x22, 0x5B, 0xB8, 0x22, 0x5D, 0xB8, 0x23, 0x5E, 0xB8, 0x24, 0x5E, 0xB8, 0x24, 0x5E, 0xB8, 0x23, 0x5C, 0xB7, 0x23, 0x5D, 0xB7, 0x24, 0x5D, 0xB9, 
        0x23, 0x5A, 0xB7, 0x24, 0x5C, 0xB8, 0x2C, 0x69, 0xBF, 0x27, 0x63, 0xBC, 0x25, 0x5E, 0xB9, 0x27, 0x61, 0xBA, 0x25, 0x5D, 0xB9, 0x26, 0x5D, 0xB9, 0x28, 0x62, 0xBC, 0x28, 0x63, 0xBB, 0x29, 0x63, 0xBC, 0x29, 0x62, 0xBC, 0xBF, 0xD0, 0xEA, 
        0x79, 0x9D, 0xD5, 0x2A, 0x64, 0xBD, 0x2A, 0x64, 0xBD, 0x2B, 0x65, 0xBD, 0x2A, 0x64, 0xBC, 0x2A, 0x62, 0xBC, 0x2B, 0x66, 0xBE, 0x88, 0xA9, 0xDA, 0xC0, 0xD1, 0xEB, 0xA2, 0xBA, 0xE2, 0x3F, 0x71, 0xC3, 0x3A, 0x6D, 0xC1, 0x97, 0xB2, 0xDE, 
        0xC0, 0xD1, 0xEB, 0x98, 0xB4, 0xDF, 0x2C, 0x65, 0xBD, 0x2B, 0x63, 0xBD, 0x2D, 0x68, 0xBE, 0x2E, 0x66, 0xBD, 0x2E, 0x66, 0xBE, 0x2E, 0x67, 0xBE, 0x74, 0x9A, 0xD4, 0xC1, 0xD2, 0xEC, 0x31, 0x6A, 0xC0, 0x31, 0x68, 0xBF, 0x31, 0x68, 0xC0, 
        0x34, 0x6D, 0xC1, 0x33, 0x6C, 0xC0, 0x32, 0x69, 0xC0, 0x30, 0x67, 0xBE, 0x30, 0x67, 0xC0, 0x32, 0x6A, 0xC0, 0x32, 0x6A, 0xC1, 0x33, 0x6A, 0xC1, 0x33, 0x6B, 0xC1, 0x33, 0x6B, 0xC1, 0x33, 0x6D, 0xC1, 0x33, 0x6D, 0xC2, 0x34, 0x6E, 0xC2, 
        0x36, 0x6F, 0xC2, 0x38, 0x71, 0xC3, 0x39, 0x72, 0xC4, 0x3A, 0x74, 0xC5, 0x3B, 0x75, 0xC5, 0x3A, 0x74, 0xC4, 0x43, 0x7C, 0xC8, 0x58, 0x8D, 0xD2, 0x53, 0x8B, 0xD0, 0x3F, 0x77, 0xC7, 0x39, 0x74, 0xC5, 0x3C, 0x75, 0xC5, 0x3E, 0x74, 0xC6, 
        0x3E, 0x75, 0xC6, 0x40, 0x76, 0xC6, 0x3F, 0x76, 0xC6, 0x3D, 0x75, 0xC6, 0x40, 0x77, 0xC7, 0x3D, 0x76, 0xC6, 0x3C, 0x74, 0xC6, 0x3E, 0x76, 0xC6, 0x41, 0x78, 0xC7, 0x40, 0x78, 0xC8, 0x3D, 0x75, 0xC7, 0x3B, 0x75, 0xC5, 0x3F, 0x79, 0xC7, 
        0x45, 0x7D, 0xC8, 0x41, 0x79, 0xC8, 0x44, 0x79, 0xC9, 0x45, 0x7D, 0xCA, 0x43, 0x7A, 0xC9, 0x43, 0x7A, 0xC8, 0x43, 0x79, 0xC9, 0x42, 0x7A, 0xC9, 0x42, 0x78, 0xC9, 0x40, 0x78, 0xC8, 0x43, 0x7A, 0xC9, 0x4A, 0x81, 0xCD, 0x4C, 0x81, 0xCD, 
        0x44, 0x7B, 0xCA, 0x40, 0x76, 0xC8, 0x41, 0x79, 0xC8, 0x42, 0x7A, 0xC9, 0x45, 0x7C, 0xCB, 0x45, 0x7C, 0xCB, 0x47, 0x80, 0xCB, 0x4A, 0x81, 0xCC, 0x47, 0x80, 0xCC, 0x49, 0x81, 0xCD, 0x4C, 0x84, 0xCE, 0x49, 0x81, 0xCC, 0x48, 0x81, 0xCC, 
        0x48, 0x81, 0xCC, 0x49, 0x81, 0xCC, 0x3A, 0x72, 0xB8,
  0x46, 0x7B, 0xC6, 0x1B, 0x59, 0xB8, 0x1B, 0x56, 0xB6, 0x1A, 0x52, 0xB3, 0x18, 0x50, 0xB1, 0x18, 0x4F, 0xAF, 0x18, 0x4F, 0xB0, 0x17, 0x4E, 0xB0, 0x16, 0x4B, 0xAD, 0x19, 0x4F, 0xB1, 0x1C, 0x55, 0xB4, 0x19, 0x50, 0xB2, 0x19, 0x50, 0xB2, 0x1A, 0x52, 0xB2, 
        0x1A, 0x51, 0xB1, 0x1A, 0x50, 0xB1, 0x1A, 0x50, 0xB1, 0x1B, 0x53, 0xB2, 0x1A, 0x52, 0xB2, 0x1A, 0x4F, 0xB0, 0x1A, 0x4F, 0xB0, 0x1A, 0x4E, 0xAF, 0x19, 0x4D, 0xAF, 0x19, 0x4D, 0xAF, 0x1A, 0x4F, 0xAF, 0x1A, 0x50, 0xB1, 0x1B, 0x51, 0xB1, 
        0x1B, 0x50, 0xB0, 0x1C, 0x51, 0xB1, 0x1D, 0x53, 0xB3, 0x1C, 0x54, 0xB2, 0x1C, 0x54, 0xB2, 0x1C, 0x54, 0xB2, 0x1E, 0x55, 0xB3, 0x1E, 0x55, 0xB3, 0x1E, 0x55, 0xB3, 0x1F, 0x55, 0xB3, 0x1E, 0x56, 0xB3, 0x20, 0x56, 0xB4, 0x20, 0x57, 0xB5, 
        0x20, 0x56, 0xB4, 0x20, 0x57, 0xB4, 0x21, 0x5A, 0xB7, 0x1F, 0x56, 0xB4, 0x22, 0x58, 0xB7, 0x23, 0x5D, 0xB7, 0x24, 0x5D, 0xB8, 0x24, 0x5D, 0xB8, 0x24, 0x5E, 0xB8, 0x25, 0x5E, 0xB8, 0x24, 0x5C, 0xB8, 0x24, 0x5C, 0xB8, 0x24, 0x5D, 0xB8, 
        0x24, 0x5B, 0xB7, 0x2A, 0x65, 0xBD, 0x3E, 0x7A, 0xC9, 0x33, 0x6F, 0xC3, 0x25, 0x5E, 0xBA, 0x27, 0x60, 0xBA, 0x28, 0x61, 0xBB, 0x28, 0x5F, 0xBB, 0x28, 0x5F, 0xBA, 0x28, 0x63, 0xBB, 0x28, 0x63, 0xBA, 0x26, 0x60, 0xBA, 0xBF, 0xD0, 0xEB, 
        0x79, 0x9D, 0xD5, 0x2A, 0x63, 0xBC, 0x2A, 0x63, 0xBD, 0x2A, 0x63, 0xBD, 0x2B, 0x64, 0xBD, 0x2B, 0x64, 0xBC, 0x2B, 0x64, 0xBC, 0x92, 0xB0, 0xDD, 0xC0, 0xD1, 0xEB, 0xC0, 0xD1, 0xEB, 0xC0, 0xD1, 0xEB, 0xC0, 0xD1, 0xEB, 0xC0, 0xD1, 0xEB, 
        0xC0, 0xD1, 0xEB, 0xA3, 0xBC, 0xE2, 0x2D, 0x65, 0xBD, 0x2C, 0x63, 0xBC, 0x31, 0x6A, 0xC0, 0x2F, 0x69, 0xBE, 0x30, 0x68, 0xBD, 0x30, 0x68, 0xBF, 0x74, 0x9A, 0xD4, 0xC1, 0xD3, 0xEC, 0x30, 0x6A, 0xBF, 0x31, 0x69, 0xC0, 0x31, 0x6A, 0xBF, 
        0x31, 0x6A, 0xC0, 0x31, 0x68, 0xBF, 0x2F, 0x67, 0xBE, 0x30, 0x69, 0xC0, 0x32, 0x69, 0xC0, 0x32, 0x69, 0xBE, 0x34, 0x6C, 0xC0, 0x34, 0x6A, 0xC1, 0x35, 0x6C, 0xC1, 0x35, 0x6D, 0xC1, 0x36, 0x6E, 0xC1, 0x36, 0x6E, 0xC1, 0x36, 0x6E, 0xC2, 
        0x39, 0x71, 0xC3, 0x3B, 0x72, 0xC3, 0x3C, 0x73, 0xC4, 0x3C, 0x73, 0xC4, 0x3C, 0x75, 0xC5, 0x3D, 0x75, 0xC5, 0x3D, 0x75, 0xC5, 0x43, 0x7A, 0xC8, 0x41, 0x79, 0xC8, 0x3A, 0x73, 0xC5, 0x3C, 0x74, 0xC5, 0x3C, 0x72, 0xC4, 0x3E, 0x74, 0xC5, 
        0x42, 0x77, 0xC7, 0x48, 0x7D, 0xC9, 0x46, 0x7C, 0xC9, 0x3F, 0x75, 0xC5, 0x3F, 0x75, 0xC5, 0x40, 0x76, 0xC7, 0x3F, 0x76, 0xC6, 0x3F, 0x76, 0xC6, 0x41, 0x77, 0xC7, 0x3E, 0x75, 0xC6, 0x47, 0x7D, 0xCA, 0x49, 0x81, 0xCB, 0x3E, 0x78, 0xC7, 
        0x41, 0x79, 0xC8, 0x42, 0x7B, 0xC8, 0x44, 0x7B, 0xC9, 0x44, 0x7B, 0xC9, 0x42, 0x79, 0xC8, 0x46, 0x7A, 0xC9, 0x45, 0x7A, 0xC8, 0x43, 0x79, 0xC9, 0x43, 0x7A, 0xC8, 0x42, 0x78, 0xC8, 0x43, 0x78, 0xC8, 0x46, 0x7B, 0xC9, 0x46, 0x7C, 0xCA, 
        0x46, 0x7B, 0xCA, 0x43, 0x79, 0xC8, 0x43, 0x79, 0xC8, 0x43, 0x7A, 0xC8, 0x45, 0x7C, 0xCA, 0x48, 0x7D, 0xCB, 0x4A, 0x80, 0xCC, 0x4A, 0x80, 0xCC, 0x48, 0x7E, 0xCB, 0x4A, 0x81, 0xCC, 0x4D, 0x83, 0xCD, 0x4C, 0x81, 0xCD, 0x4C, 0x82, 0xCD, 
        0x4C, 0x82, 0xCD, 0x4B, 0x81, 0xCD, 0x3A, 0x70, 0xB7,
  0x45, 0x76, 0xC5, 0x19, 0x54, 0xB4, 0x19, 0x53, 0xB2, 0x18, 0x50, 0xB2, 0x18, 0x4D, 0xAF, 0x17, 0x4D, 0xAE, 0x17, 0x4E, 0xAE, 0x17, 0x4E, 0xAF, 0x17, 0x4E, 0xB0, 0x18, 0x4E, 0xB0, 0x18, 0x4E, 0xB0, 0x19, 0x4F, 0xB0, 0x19, 0x50, 0xB1, 0x19, 0x50, 0xB1, 
        0x19, 0x4F, 0xB1, 0x1A, 0x51, 0xB1, 0x1A, 0x51, 0xB1, 0x1A, 0x50, 0xB1, 0x19, 0x50, 0xB1, 0x1A, 0x4F, 0xB1, 0x1A, 0x4E, 0xAF, 0x1A, 0x4C, 0xB0, 0x1A, 0x4C, 0xAF, 0x1A, 0x4D, 0xAF, 0x1A, 0x4D, 0xB0, 0x1A, 0x4D, 0xB0, 0x1B, 0x52, 0xB1, 
        0x1B, 0x51, 0xB1, 0x1C, 0x51, 0xB1, 0x1E, 0x54, 0xB3, 0x1D, 0x53, 0xB3, 0x1C, 0x54, 0xB2, 0x1D, 0x54, 0xB2, 0x1E, 0x54, 0xB2, 0x1F, 0x55, 0xB3, 0x1F, 0x55, 0xB3, 0x1F, 0x55, 0xB3, 0x1F, 0x55, 0xB3, 0x1F, 0x56, 0xB3, 0x20, 0x56, 0xB3, 
        0x20, 0x56, 0xB3, 0x24, 0x5E, 0xB8, 0x2C, 0x69, 0xBD, 0x24, 0x5D, 0xB8, 0x24, 0x5F, 0xB8, 0x26, 0x60, 0xB9, 0x23, 0x5B, 0xB7, 0x24, 0x5D, 0xB8, 0x24, 0x5D, 0xB8, 0x24, 0x5E, 0xB8, 0x24, 0x5E, 0xB8, 0x24, 0x5C, 0xB7, 0x24, 0x5C, 0xB8, 
        0x26, 0x5F, 0xBA, 0x24, 0x5D, 0xB8, 0x2F, 0x6A, 0xC0, 0x2A, 0x66, 0xBE, 0x24, 0x5C, 0xB8, 0x28, 0x61, 0xBB, 0x2A, 0x61, 0xBC, 0x28, 0x62, 0xBB, 0x29, 0x62, 0xBC, 0x29, 0x65, 0xBC, 0x28, 0x63, 0xBA, 0x28, 0x63, 0xBA, 0xBF, 0xD0, 0xEA, 
        0x79, 0x9C, 0xD4, 0x2A, 0x63, 0xBB, 0x2A, 0x63, 0xBB, 0x2A, 0x63, 0xBC, 0x37, 0x6D, 0xC1, 0x4C, 0x7C, 0xC7, 0x75, 0x99, 0xD3, 0xBF, 0xD0, 0xEB, 0xC0, 0xD1, 0xEB, 0xC0, 0xD1, 0xEB, 0xC1, 0xD1, 0xEB, 0xC1, 0xD2, 0xEC, 0xC1, 0xD1, 0xEB, 
        0xC0, 0xD0, 0xEB, 0xC0, 0xD1, 0xEB, 0x80, 0xA2, 0xD7, 0x50, 0x80, 0xC8, 0x49, 0x7D, 0xC8, 0x32, 0x6A, 0xC0, 0x2F, 0x68, 0xBE, 0x32, 0x69, 0xBE, 0x76, 0x9A, 0xD4, 0xC2, 0xD2, 0xEC, 0x32, 0x6A, 0xBF, 0x30, 0x69, 0xBF, 0x31, 0x67, 0xBF, 
        0x2F, 0x66, 0xBD, 0x31, 0x66, 0xBE, 0x31, 0x68, 0xBF, 0x31, 0x69, 0xBF, 0x32, 0x69, 0xC0, 0x34, 0x6B, 0xC0, 0x34, 0x6B, 0xC0, 0x34, 0x6C, 0xC0, 0x34, 0x6C, 0xC1, 0x36, 0x6D, 0xC1, 0x36, 0x6E, 0xC1, 0x38, 0x70, 0xC2, 0x3A, 0x71, 0xC2, 
        0x3B, 0x72, 0xC3, 0x3C, 0x73, 0xC3, 0x3B, 0x72, 0xC3, 0x3B, 0x72, 0xC3, 0x3A, 0x72, 0xC4, 0x3A, 0x73, 0xC4, 0x3B, 0x73, 0xC4, 0x39, 0x70, 0xC3, 0x39, 0x73, 0xC3, 0x3A, 0x73, 0xC4, 0x39, 0x73, 0xC4, 0x3C, 0x71, 0xC4, 0x3C, 0x72, 0xC3, 
        0x3C, 0x72, 0xC2, 0x44, 0x78, 0xC7, 0x44, 0x78, 0xC7, 0x3F, 0x75, 0xC5, 0x3D, 0x73, 0xC4, 0x40, 0x76, 0xC5, 0x43, 0x79, 0xC7, 0x40, 0x77, 0xC6, 0x40, 0x77, 0xC6, 0x3B, 0x71, 0xC4, 0x58, 0x8B, 0xD0, 0x6F, 0xA0, 0xDA, 0x47, 0x81, 0xCA, 
        0x3D, 0x77, 0xC5, 0x44, 0x7C, 0xC8, 0x42, 0x79, 0xC7, 0x42, 0x7B, 0xC8, 0x44, 0x7B, 0xC8, 0x45, 0x7A, 0xC8, 0x45, 0x7A, 0xC8, 0x43, 0x79, 0xC8, 0x42, 0x77, 0xC7, 0x42, 0x78, 0xC7, 0x42, 0x78, 0xC7, 0x42, 0x78, 0xC7, 0x43, 0x78, 0xC7, 
        0x46, 0x7B, 0xCA, 0x47, 0x7C, 0xCA, 0x44, 0x7B, 0xCA, 0x47, 0x7E, 0xCB, 0x47, 0x7D, 0xCA, 0x4A, 0x80, 0xCB, 0x4D, 0x82, 0xCC, 0x48, 0x7F, 0xCB, 0x48, 0x80, 0xCB, 0x4B, 0x81, 0xCC, 0x4B, 0x81, 0xCC, 0x4B, 0x81, 0xCC, 0x4C, 0x81, 0xCD, 
        0x4C, 0x82, 0xCD, 0x4C, 0x82, 0xCD, 0x3A, 0x71, 0xB7,
  0x44, 0x74, 0xC2, 0x19, 0x51, 0xB1, 0x17, 0x4D, 0xAF, 0x17, 0x4D, 0xAE, 0x17, 0x4B, 0xAE, 0x17, 0x4A, 0xAD, 0x17, 0x4A, 0xAD, 0x17, 0x4B, 0xAD, 0x18, 0x4E, 0xB0, 0x18, 0x4F, 0xB0, 0x18, 0x4E, 0xB0, 0x19, 0x4E, 0xB0, 0x19, 0x4F, 0xB0, 0x19, 0x50, 0xB1, 
        0x19, 0x52, 0xB1, 0x1A, 0x50, 0xB1, 0x19, 0x51, 0xB1, 0x1A, 0x50, 0xAF, 0x1A, 0x4E, 0xB0, 0x1A, 0x4E, 0xB0, 0x1A, 0x4F, 0xAF, 0x1A, 0x4E, 0xAE, 0x1A, 0x4E, 0xAF, 0x1A, 0x4E, 0xAF, 0x1A, 0x4F, 0xAF, 0x1B, 0x4F, 0xAF, 0x1C, 0x52, 0xB0, 
        0x1C, 0x52, 0xB1, 0x1B, 0x51, 0xB1, 0x1C, 0x51, 0xB1, 0x1D, 0x53, 0xB1, 0x1D, 0x54, 0xB3, 0x1D, 0x54, 0xB2, 0x1D, 0x54, 0xB2, 0x1E, 0x54, 0xB3, 0x1D, 0x52, 0xB2, 0x1F, 0x55, 0xB3, 0x1F, 0x55, 0xB4, 0x1F, 0x55, 0xB4, 0x20, 0x57, 0xB5, 
        0x21, 0x56, 0xB4, 0x2A, 0x65, 0xBD, 0x32, 0x6C, 0xC1, 0x27, 0x62, 0xBB, 0x25, 0x62, 0xBB, 0x25, 0x5F, 0xB9, 0x24, 0x5A, 0xB7, 0x25, 0x5E, 0xB8, 0x25, 0x5D, 0xB9, 0x25, 0x5D, 0xB9, 0x25, 0x5F, 0xB9, 0x25, 0x5E, 0xB8, 0x26, 0x5C, 0xB8, 
        0x26, 0x5E, 0xB9, 0x25, 0x5D, 0xB8, 0x26, 0x5D, 0xB9, 0x27, 0x5F, 0xB9, 0x27, 0x61, 0xBB, 0x2A, 0x63, 0xBC, 0x2A, 0x63, 0xBB, 0x2A, 0x61, 0xBB, 0x2A, 0x62, 0xBB, 0x29, 0x62, 0xBC, 0x29, 0x62, 0xBB, 0x29, 0x63, 0xBB, 0xBF, 0xD1, 0xEB, 
        0x79, 0x9C, 0xD4, 0x2A, 0x62, 0xBA, 0x2A, 0x63, 0xBA, 0x2A, 0x63, 0xBA, 0x80, 0xA2, 0xD7, 0xC0, 0xD1, 0xEB, 0xC0, 0xD1, 0xEB, 0xC0, 0xD1, 0xEB, 0xC0, 0xD1, 0xEB, 0xBF, 0xD0, 0xEB, 0xA2, 0xBB, 0xE2, 0xA1, 0xBA, 0xE1, 0xBF, 0xD0, 0xEB, 
        0xC1, 0xD1, 0xEB, 0xC1, 0xD1, 0xEB, 0xC1, 0xD1, 0xEB, 0xC4, 0xD4, 0xED, 0xA1, 0xBD, 0xE4, 0x38, 0x6E, 0xC1, 0x31, 0x67, 0xBE, 0x31, 0x68, 0xBE, 0x76, 0x9A, 0xD3, 0xC3, 0xD3, 0xEC, 0x35, 0x6C, 0xC0, 0x30, 0x6A, 0xBF, 0x35, 0x6F, 0xC1, 
        0x48, 0x7F, 0xCA, 0x39, 0x71, 0xC3, 0x31, 0x68, 0xBF, 0x36, 0x6D, 0xC1, 0x31, 0x69, 0xBF, 0x34, 0x69, 0xC0, 0x35, 0x6B, 0xC0, 0x37, 0x6C, 0xC1, 0x37, 0x6D, 0xC1, 0x37, 0x6D, 0xC2, 0x39, 0x6F, 0xC2, 0x3B, 0x71, 0xC2, 0x3C, 0x73, 0xC3, 
        0x3D, 0x73, 0xC4, 0x3E, 0x74, 0xC5, 0x3F, 0x75, 0xC5, 0x3D, 0x74, 0xC4, 0x3D, 0x74, 0xC3, 0x3D, 0x72, 0xC4, 0x3C, 0x73, 0xC4, 0x3C, 0x72, 0xC3, 0x3B, 0x72, 0xC3, 0x3C, 0x73, 0xC3, 0x3B, 0x71, 0xC4, 0x3B, 0x71, 0xC4, 0x3F, 0x74, 0xC5, 
        0x3F, 0x75, 0xC5, 0x3F, 0x74, 0xC5, 0x41, 0x75, 0xC6, 0x3F, 0x75, 0xC6, 0x40, 0x76, 0xC5, 0x45, 0x78, 0xC6, 0x43, 0x76, 0xC6, 0x42, 0x77, 0xC6, 0x3D, 0x76, 0xC5, 0x3D, 0x74, 0xC5, 0x4F, 0x84, 0xCC, 0x5C, 0x8F, 0xD2, 0x4A, 0x80, 0xCB, 
        0x3E, 0x75, 0xC5, 0x44, 0x7B, 0xC8, 0x45, 0x7C, 0xC8, 0x41, 0x79, 0xC7, 0x44, 0x78, 0xC8, 0x44, 0x76, 0xC6, 0x48, 0x7C, 0xC9, 0x4C, 0x7E, 0xCB, 0x46, 0x79, 0xC8, 0x45, 0x77, 0xC8, 0x46, 0x78, 0xC9, 0x46, 0x7B, 0xC9, 0x43, 0x7A, 0xC7, 
        0x46, 0x7B, 0xC9, 0x4A, 0x7F, 0xCB, 0x4A, 0x7F, 0xCB, 0x47, 0x7E, 0xCA, 0x4A, 0x7B, 0xCA, 0x4C, 0x7C, 0xCA, 0x4B, 0x7F, 0xCA, 0x48, 0x7F, 0xCB, 0x4B, 0x7F, 0xCB, 0x50, 0x81, 0xCC, 0x4F, 0x80, 0xCC, 0x4D, 0x81, 0xCB, 0x4F, 0x81, 0xCD, 
        0x4F, 0x83, 0xCD, 0x4D, 0x81, 0xCC, 0x3B, 0x70, 0xB6,
  0x43, 0x71, 0xC0, 0x17, 0x4D, 0xAF, 0x17, 0x4C, 0xAE, 0x16, 0x4A, 0xAD, 0x16, 0x4A, 0xAB, 0x16, 0x4A, 0xAC, 0x16, 0x4A, 0xAC, 0x17, 0x4B, 0xAE, 0x18, 0x4C, 0xAE, 0x18, 0x4E, 0xB0, 0x18, 0x4E, 0xB0, 0x18, 0x4E, 0xB0, 0x19, 0x4E, 0xB0, 0x19, 0x50, 0xB0, 
        0x19, 0x50, 0xB1, 0x19, 0x4F, 0xB0, 0x19, 0x4F, 0xAF, 0x19, 0x4E, 0xAE, 0x1A, 0x4E, 0xAE, 0x1A, 0x4E, 0xB0, 0x1A, 0x4E, 0xAF, 0x1A, 0x4E, 0xAE, 0x1A, 0x4E, 0xAE, 0x1A, 0x4E, 0xAF, 0x1B, 0x4E, 0xAF, 0x1B, 0x50, 0xB0, 0x1B, 0x50, 0xB0, 
        0x1B, 0x50, 0xB0, 0x1B, 0x50, 0xB1, 0x1C, 0x53, 0xB1, 0x1D, 0x53, 0xB3, 0x1E, 0x54, 0xB3, 0x1E, 0x53, 0xB3, 0x1D, 0x54, 0xB2, 0x1C, 0x52, 0xB1, 0x1C, 0x52, 0xB1, 0x20, 0x58, 0xB5, 0x1E, 0x54, 0xB3, 0x1F, 0x55, 0xB3, 0x20, 0x56, 0xB5, 
        0x1F, 0x54, 0xB2, 0x24, 0x5C, 0xB8, 0x25, 0x5E, 0xBA, 0x22, 0x59, 0xB6, 0x22, 0x5C, 0xB7, 0x24, 0x5D, 0xB8, 0x24, 0x5D, 0xB8, 0x26, 0x5F, 0xB8, 0x26, 0x60, 0xB9, 0x25, 0x5D, 0xB9, 0x23, 0x5B, 0xB8, 0x25, 0x5E, 0xB9, 0x26, 0x5C, 0xB8, 
        0x26, 0x5C, 0xB8, 0x27, 0x5F, 0xB9, 0x27, 0x60, 0xB9, 0x27, 0x60, 0xBA, 0x2A, 0x62, 0xBA, 0x2A, 0x63, 0xBB, 0x2A, 0x64, 0xBC, 0x2A, 0x63, 0xBB, 0x2A, 0x63, 0xBB, 0x2A, 0x64, 0xBB, 0x29, 0x62, 0xBB, 0x29, 0x61, 0xBB, 0xC0, 0xD0, 0xEB, 
        0x79, 0x9C, 0xD3, 0x29, 0x62, 0xBA, 0x2A, 0x62, 0xBB, 0x2C, 0x63, 0xBB, 0x9D, 0xB7, 0xE0, 0xC1, 0xD1, 0xEB, 0xC1, 0xD1, 0xEB, 0xC0, 0xD1, 0xEB, 0xBB, 0xCD, 0xE9, 0x55, 0x82, 0xC9, 0x2D, 0x65, 0xBC, 0x2D, 0x65, 0xBC, 0x50, 0x7D, 0xC6, 
        0xB5, 0xC8, 0xE7, 0xC1, 0xD2, 0xEC, 0xC1, 0xD1, 0xEB, 0xC1, 0xD2, 0xEB, 0xAE, 0xC5, 0xE6, 0x36, 0x6C, 0xC0, 0x31, 0x67, 0xBD, 0x31, 0x68, 0xBD, 0x76, 0x9A, 0xD3, 0xC3, 0xD3, 0xEC, 0x35, 0x6B, 0xBF, 0x2E, 0x67, 0xBC, 0x42, 0x7B, 0xC7, 
        0x67, 0x9B, 0xD7, 0x4B, 0x81, 0xCB, 0x33, 0x6B, 0xBF, 0x3A, 0x71, 0xC3, 0x34, 0x6B, 0xC0, 0x33, 0x69, 0xBF, 0x37, 0x6B, 0xC0, 0x37, 0x6C, 0xC1, 0x37, 0x6C, 0xC1, 0x37, 0x6D, 0xC1, 0x3A, 0x6F, 0xC2, 0x3C, 0x71, 0xC3, 0x3D, 0x73, 0xC4, 
        0x3E, 0x74, 0xC4, 0x3F, 0x76, 0xC5, 0x3F, 0x76, 0xC6, 0x3F, 0x75, 0xC5, 0x3F, 0x75, 0xC4, 0x3F, 0x74, 0xC3, 0x3D, 0x73, 0xC4, 0x3C, 0x73, 0xC4, 0x3D, 0x72, 0xC3, 0x3C, 0x72, 0xC3, 0x3C, 0x73, 0xC3, 0x3D, 0x71, 0xC4, 0x40, 0x74, 0xC5, 
        0x44, 0x76, 0xC5, 0x41, 0x75, 0xC4, 0x41, 0x75, 0xC5, 0x42, 0x77, 0xC6, 0x41, 0x75, 0xC6, 0x43, 0x76, 0xC6, 0x40, 0x76, 0xC5, 0x49, 0x7E, 0xC9, 0x4F, 0x86, 0xCD, 0x55, 0x8A, 0xD0, 0x52, 0x8A, 0xCF, 0x43, 0x77, 0xC6, 0x41, 0x77, 0xC6, 
        0x44, 0x7A, 0xC8, 0x4C, 0x7F, 0xCB, 0x49, 0x7D, 0xCA, 0x44, 0x79, 0xC7, 0x48, 0x7B, 0xC8, 0x48, 0x78, 0xC9, 0x48, 0x79, 0xC9, 0x4B, 0x7D, 0xCA, 0x48, 0x79, 0xC8, 0x46, 0x77, 0xC8, 0x48, 0x7A, 0xCA, 0x46, 0x7B, 0xC9, 0x45, 0x7B, 0xC8, 
        0x46, 0x7B, 0xC9, 0x49, 0x7D, 0xCA, 0x4A, 0x7F, 0xCB, 0x49, 0x7E, 0xCA, 0x46, 0x78, 0xC8, 0x49, 0x7B, 0xCA, 0x46, 0x7D, 0xCA, 0x48, 0x80, 0xCB, 0x4B, 0x82, 0xCC, 0x4B, 0x7D, 0xCB, 0x4E, 0x7E, 0xCB, 0x4B, 0x80, 0xCB, 0x50, 0x83, 0xCC, 
        0x4F, 0x81, 0xCC, 0x4E, 0x81, 0xCC, 0x3E, 0x72, 0xB7,
  0x41, 0x6D, 0xBD, 0x17, 0x4A, 0xAD, 0x16, 0x49, 0xAC, 0x16, 0x48, 0xAB, 0x15, 0x47, 0xAB, 0x15, 0x48, 0xAB, 0x16, 0x49, 0xAC, 0x18, 0x4B, 0xAE, 0x17, 0x4A, 0xAD, 0x17, 0x4B, 0xAC, 0x18, 0x4C, 0xAF, 0x18, 0x4C, 0xAF, 0x18, 0x4E, 0xB0, 0x19, 0x4C, 0xAE, 
        0x19, 0x4F, 0xAD, 0x19, 0x4F, 0xAE, 0x19, 0x4F, 0xB0, 0x1A, 0x4F, 0xAF, 0x19, 0x4E, 0xAE, 0x1A, 0x4E, 0xAE, 0x1A, 0x4E, 0xAF, 0x1A, 0x4E, 0xAE, 0x1A, 0x4F, 0xAE, 0x1A, 0x4F, 0xAE, 0x1A, 0x4F, 0xB0, 0x1B, 0x4F, 0xB0, 0x1C, 0x50, 0xB0, 
        0x1D, 0x52, 0xB0, 0x1D, 0x52, 0xB0, 0x1D, 0x52, 0xB3, 0x1D, 0x53, 0xB1, 0x1D, 0x53, 0xB1, 0x1D, 0x53, 0xB1, 0x1D, 0x51, 0xB1, 0x1E, 0x54, 0xB2, 0x28, 0x64, 0xBC, 0x2D, 0x69, 0xBE, 0x21, 0x58, 0xB6, 0x1E, 0x54, 0xB3, 0x20, 0x56, 0xB4, 
        0x20, 0x56, 0xB3, 0x22, 0x59, 0xB5, 0x22, 0x59, 0xB6, 0x22, 0x59, 0xB6, 0x24, 0x5C, 0xB7, 0x25, 0x5F, 0xB8, 0x25, 0x5D, 0xB8, 0x25, 0x5F, 0xB8, 0x26, 0x60, 0xB9, 0x25, 0x5E, 0xB8, 0x23, 0x5B, 0xB7, 0x25, 0x5E, 0xB9, 0x26, 0x5E, 0xB8, 
        0x27, 0x5E, 0xB8, 0x27, 0x5F, 0xB8, 0x27, 0x5F, 0xB9, 0x29, 0x62, 0xBA, 0x29, 0x62, 0xBA, 0x2A, 0x62, 0xBA, 0x2C, 0x64, 0xBB, 0x2C, 0x64, 0xBC, 0x2C, 0x64, 0xBC, 0x2A, 0x64, 0xBB, 0x2A, 0x62, 0xBA, 0x29, 0x61, 0xBB, 0xC0, 0xD0, 0xEA, 
        0x7A, 0x9C, 0xD4, 0x2B, 0x62, 0xBA, 0x2B, 0x63, 0xBC, 0x2C, 0x63, 0xBC, 0x2E, 0x65, 0xBD, 0x99, 0xB3, 0xDE, 0xC1, 0xD1, 0xEB, 0xC1, 0xD1, 0xEB, 0x7B, 0x9D, 0xD4, 0x2F, 0x65, 0xBC, 0x2F, 0x65, 0xBC, 0x2F, 0x66, 0xBC, 0x2F, 0x65, 0xBC, 
        0x6D, 0x92, 0xD0, 0xC2, 0xD1, 0xEB, 0xC1, 0xD2, 0xEB, 0xA5, 0xBC, 0xE2, 0x33, 0x68, 0xBE, 0x31, 0x65, 0xBC, 0x31, 0x65, 0xBD, 0x32, 0x67, 0xBE, 0x77, 0x9A, 0xD3, 0xC2, 0xD3, 0xEC, 0x35, 0x69, 0xBE, 0x30, 0x66, 0xBE, 0x36, 0x70, 0xC1, 
        0x4A, 0x7F, 0xC9, 0x38, 0x70, 0xC2, 0x31, 0x67, 0xBE, 0x39, 0x6E, 0xC2, 0x34, 0x6A, 0xBF, 0x36, 0x6A, 0xBF, 0x36, 0x6C, 0xBF, 0x37, 0x6C, 0xC0, 0x37, 0x6C, 0xC0, 0x38, 0x6C, 0xC0, 0x3B, 0x70, 0xC1, 0x3D, 0x73, 0xC4, 0x3F, 0x75, 0xC4, 
        0x40, 0x76, 0xC4, 0x41, 0x77, 0xC5, 0x41, 0x77, 0xC5, 0x40, 0x76, 0xC5, 0x40, 0x77, 0xC5, 0x42, 0x77, 0xC4, 0x40, 0x75, 0xC3, 0x3F, 0x73, 0xC4, 0x3E, 0x73, 0xC4, 0x3E, 0x73, 0xC3, 0x3D, 0x73, 0xC3, 0x3D, 0x73, 0xC3, 0x3F, 0x74, 0xC4, 
        0x40, 0x74, 0xC5, 0x41, 0x74, 0xC4, 0x41, 0x75, 0xC5, 0x41, 0x75, 0xC5, 0x41, 0x75, 0xC5, 0x3F, 0x77, 0xC5, 0x43, 0x79, 0xC6, 0x52, 0x88, 0xCD, 0x5F, 0x94, 0xD3, 0x61, 0x98, 0xD5, 0x4C, 0x87, 0xCD, 0x40, 0x77, 0xC6, 0x43, 0x77, 0xC6, 
        0x44, 0x78, 0xC6, 0x46, 0x7A, 0xC8, 0x44, 0x78, 0xC7, 0x43, 0x78, 0xC7, 0x48, 0x7C, 0xC8, 0x45, 0x76, 0xC7, 0x45, 0x78, 0xC8, 0x47, 0x79, 0xC9, 0x44, 0x77, 0xC8, 0x46, 0x79, 0xC8, 0x48, 0x7A, 0xC8, 0x46, 0x79, 0xC7, 0x48, 0x7B, 0xC8, 
        0x49, 0x7B, 0xC9, 0x49, 0x7B, 0xC9, 0x49, 0x7B, 0xC9, 0x4A, 0x7C, 0xCA, 0x4A, 0x7E, 0xCA, 0x47, 0x7E, 0xCA, 0x40, 0x79, 0xC7, 0x41, 0x7F, 0xC8, 0x4A, 0x82, 0xCB, 0x4B, 0x80, 0xCC, 0x4F, 0x82, 0xCC, 0x4E, 0x81, 0xCB, 0x4E, 0x81, 0xCC, 
        0x4B, 0x80, 0xCB, 0x52, 0x84, 0xCD, 0x3E, 0x71, 0xB8,
  0x41, 0x6B, 0xBB, 0x16, 0x48, 0xAA, 0x16, 0x48, 0xAB, 0x16, 0x48, 0xAB, 0x16, 0x47, 0xAA, 0x16, 0x48, 0xAB, 0x16, 0x49, 0xAB, 0x18, 0x4B, 0xAE, 0x17, 0x48, 0xAC, 0x17, 0x48, 0xAB, 0x17, 0x4B, 0xAC, 0x18, 0x4C, 0xAF, 0x18, 0x4C, 0xAF, 0x18, 0x4C, 0xAD, 
        0x19, 0x4E, 0xAD, 0x19, 0x4F, 0xAD, 0x1A, 0x4F, 0xAF, 0x1B, 0x4F, 0xB0, 0x1A, 0x4F, 0xAE, 0x1A, 0x4E, 0xAE, 0x1B, 0x4E, 0xAD, 0x1A, 0x4E, 0xAE, 0x1B, 0x4E, 0xAF, 0x1B, 0x4F, 0xAF, 0x1B, 0x4F, 0xAE, 0x1B, 0x4F, 0xAF, 0x1D, 0x51, 0xB0, 
        0x1D, 0x52, 0xB0, 0x1D, 0x52, 0xB0, 0x1D, 0x52, 0xB0, 0x1D, 0x52, 0xB1, 0x1E, 0x53, 0xB3, 0x1F, 0x53, 0xB1, 0x1D, 0x51, 0xB0, 0x20, 0x56, 0xB4, 0x32, 0x6D, 0xC0, 0x37, 0x72, 0xC3, 0x22, 0x5A, 0xB6, 0x1F, 0x54, 0xB2, 0x20, 0x55, 0xB2, 
        0x21, 0x58, 0xB4, 0x23, 0x5A, 0xB6, 0x23, 0x5B, 0xB5, 0x24, 0x5B, 0xB7, 0x24, 0x5B, 0xB7, 0x24, 0x59, 0xB6, 0x24, 0x5A, 0xB6, 0x24, 0x5A, 0xB7, 0x24, 0x5A, 0xB6, 0x28, 0x60, 0xB9, 0x2A, 0x63, 0xBA, 0x26, 0x5D, 0xB8, 0x25, 0x5B, 0xB7, 
        0x26, 0x5C, 0xB8, 0x27, 0x5E, 0xB8, 0x27, 0x5F, 0xB9, 0x29, 0x5F, 0xBA, 0x29, 0x62, 0xBA, 0x2B, 0x62, 0xBA, 0x2D, 0x63, 0xBA, 0x2D, 0x64, 0xBC, 0x2D, 0x64, 0xBC, 0x2C, 0x63, 0xBB, 0x2A, 0x61, 0xBA, 0x2A, 0x61, 0xB9, 0xC0, 0xD0, 0xEA, 
        0x7A, 0x9C, 0xD4, 0x2B, 0x63, 0xBA, 0x2D, 0x63, 0xBA, 0x2D, 0x63, 0xBB, 0x2E, 0x63, 0xBB, 0x70, 0x95, 0xD1, 0xC1, 0xD1, 0xEB, 0xC1, 0xD1, 0xEB, 0x61, 0x8A, 0xCC, 0x2F, 0x65, 0xBC, 0x2F, 0x65, 0xBD, 0x32, 0x68, 0xBE, 0x33, 0x69, 0xBC, 
        0x53, 0x80, 0xC7, 0xC1, 0xD1, 0xEB, 0xC2, 0xD1, 0xEB, 0x83, 0xA4, 0xD7, 0x31, 0x67, 0xBD, 0x33, 0x67, 0xBD, 0x35, 0x68, 0xBD, 0x34, 0x6A, 0xBE, 0x76, 0x9A, 0xD3, 0xC2, 0xD2, 0xEB, 0x31, 0x66, 0xBC, 0x35, 0x69, 0xBE, 0x30, 0x66, 0xBC, 
        0x30, 0x65, 0xBC, 0x33, 0x69, 0xBE, 0x36, 0x6C, 0xBF, 0x39, 0x6A, 0xC0, 0x37, 0x6A, 0xBF, 0x37, 0x6B, 0xBF, 0x37, 0x6D, 0xC0, 0x37, 0x6C, 0xBF, 0x38, 0x6C, 0xC0, 0x3A, 0x6E, 0xC1, 0x3D, 0x72, 0xC3, 0x3F, 0x75, 0xC3, 0x40, 0x76, 0xC4, 
        0x41, 0x76, 0xC5, 0x42, 0x78, 0xC5, 0x42, 0x78, 0xC5, 0x41, 0x77, 0xC5, 0x42, 0x77, 0xC6, 0x44, 0x77, 0xC5, 0x42, 0x75, 0xC4, 0x41, 0x74, 0xC3, 0x40, 0x74, 0xC4, 0x3F, 0x74, 0xC4, 0x40, 0x73, 0xC4, 0x3F, 0x72, 0xC3, 0x3F, 0x73, 0xC3, 
        0x40, 0x73, 0xC4, 0x40, 0x74, 0xC5, 0x41, 0x74, 0xC5, 0x41, 0x74, 0xC5, 0x42, 0x77, 0xC5, 0x41, 0x78, 0xC5, 0x3F, 0x75, 0xC5, 0x48, 0x7F, 0xC8, 0x51, 0x88, 0xCC, 0x5B, 0x90, 0xD1, 0x49, 0x82, 0xCA, 0x40, 0x77, 0xC5, 0x43, 0x77, 0xC6, 
        0x44, 0x77, 0xC6, 0x44, 0x78, 0xC6, 0x44, 0x7A, 0xC7, 0x44, 0x7A, 0xC7, 0x46, 0x78, 0xC7, 0x45, 0x78, 0xC5, 0x47, 0x79, 0xC7, 0x48, 0x79, 0xC8, 0x45, 0x78, 0xC8, 0x48, 0x7C, 0xC8, 0x49, 0x7A, 0xC8, 0x48, 0x79, 0xC6, 0x49, 0x7A, 0xC9, 
        0x4B, 0x7D, 0xC9, 0x49, 0x7B, 0xC9, 0x48, 0x7B, 0xC8, 0x4C, 0x7B, 0xC9, 0x47, 0x7B, 0xC8, 0x4A, 0x82, 0xCB, 0x65, 0x9A, 0xD6, 0x59, 0x93, 0xD3, 0x41, 0x7D, 0xC8, 0x4B, 0x83, 0xCB, 0x51, 0x86, 0xCE, 0x51, 0x83, 0xCC, 0x4D, 0x81, 0xCB, 
        0x4F, 0x83, 0xCC, 0x50, 0x83, 0xCE, 0x35, 0x69, 0xB5,
  0x40, 0x6A, 0xBA, 0x16, 0x46, 0xA9, 0x16, 0x46, 0xA9, 0x16, 0x47, 0xAA, 0x16, 0x47, 0xAA, 0x16, 0x47, 0xAA, 0x16, 0x47, 0xAA, 0x16, 0x4A, 0xAB, 0x17, 0x49, 0xAB, 0x17, 0x48, 0xAB, 0x17, 0x4A, 0xAC, 0x18, 0x4C, 0xAC, 0x17, 0x4B, 0xAD, 0x1A, 0x51, 0xB0, 
        0x1B, 0x54, 0xB0, 0x19, 0x4E, 0xAD, 0x19, 0x4C, 0xAC, 0x19, 0x4D, 0xAD, 0x1A, 0x4F, 0xAE, 0x1B, 0x4D, 0xAE, 0x1A, 0x4D, 0xAD, 0x1C, 0x4E, 0xAE, 0x1C, 0x50, 0xAF, 0x1C, 0x50, 0xAF, 0x1C, 0x51, 0xAF, 0x1C, 0x51, 0xAF, 0x1C, 0x4F, 0xB0, 
        0x1D, 0x4F, 0xB0, 0x1D, 0x50, 0xAF, 0x1D, 0x52, 0xB0, 0x1E, 0x53, 0xB2, 0x20, 0x57, 0xB5, 0x21, 0x58, 0xB5, 0x1F, 0x53, 0xB0, 0x1E, 0x51, 0xB0, 0x23, 0x59, 0xB5, 0x25, 0x60, 0xB8, 0x20, 0x55, 0xB2, 0x20, 0x55, 0xB2, 0x21, 0x56, 0xB3, 
        0x23, 0x58, 0xB5, 0x22, 0x58, 0xB3, 0x23, 0x58, 0xB4, 0x23, 0x59, 0xB5, 0x24, 0x5B, 0xB7, 0x25, 0x5B, 0xB7, 0x27, 0x5E, 0xB8, 0x27, 0x5F, 0xB7, 0x25, 0x5C, 0xB7, 0x2F, 0x67, 0xBE, 0x35, 0x6C, 0xC0, 0x2A, 0x63, 0xB9, 0x26, 0x5B, 0xB6, 
        0x26, 0x5D, 0xB7, 0x26, 0x5F, 0xB8, 0x29, 0x61, 0xB8, 0x29, 0x61, 0xB9, 0x29, 0x61, 0xBA, 0x2C, 0x63, 0xBA, 0x2E, 0x65, 0xBA, 0x2F, 0x65, 0xBA, 0x2F, 0x66, 0xBB, 0x2D, 0x64, 0xBA, 0x2C, 0x61, 0xBA, 0x2C, 0x61, 0xB9, 0xC0, 0xD0, 0xEA, 
        0x7B, 0x9C, 0xD3, 0x2D, 0x62, 0xB9, 0x2D, 0x63, 0xB9, 0x2D, 0x63, 0xBA, 0x33, 0x67, 0xBD, 0xA1, 0xBA, 0xE0, 0xC2, 0xD1, 0xEA, 0xC1, 0xD1, 0xEA, 0x82, 0xA2, 0xD6, 0x31, 0x66, 0xBC, 0x32, 0x67, 0xBC, 0x32, 0x67, 0xBC, 0x33, 0x67, 0xBC, 
        0x75, 0x98, 0xD2, 0xC1, 0xD1, 0xEB, 0xC2, 0xD1, 0xEB, 0xAD, 0xC1, 0xE4, 0x39, 0x6C, 0xBF, 0x31, 0x66, 0xBC, 0x33, 0x67, 0xBC, 0x34, 0x67, 0xBC, 0x77, 0x99, 0xD3, 0xC2, 0xD2, 0xEB, 0x37, 0x6A, 0xBE, 0x35, 0x6B, 0xBE, 0x32, 0x68, 0xBD, 
        0x35, 0x69, 0xBF, 0x38, 0x6C, 0xBF, 0x36, 0x6A, 0xBE, 0x36, 0x69, 0xBE, 0x3A, 0x6A, 0xC0, 0x39, 0x6E, 0xC0, 0x3A, 0x6E, 0xC0, 0x3A, 0x6E, 0xC0, 0x3A, 0x6F, 0xC0, 0x3C, 0x70, 0xC1, 0x3F, 0x72, 0xC3, 0x40, 0x75, 0xC4, 0x40, 0x76, 0xC4, 
        0x42, 0x78, 0xC5, 0x44, 0x79, 0xC5, 0x44, 0x7A, 0xC5, 0x43, 0x79, 0xC5, 0x42, 0x78, 0xC5, 0x44, 0x77, 0xC5, 0x43, 0x77, 0xC4, 0x42, 0x75, 0xC3, 0x40, 0x74, 0xC3, 0x3F, 0x73, 0xC4, 0x3F, 0x73, 0xC3, 0x40, 0x73, 0xC3, 0x40, 0x73, 0xC3, 
        0x40, 0x74, 0xC3, 0x42, 0x76, 0xC5, 0x41, 0x74, 0xC4, 0x42, 0x74, 0xC4, 0x44, 0x77, 0xC5, 0x45, 0x78, 0xC5, 0x41, 0x75, 0xC4, 0x3F, 0x75, 0xC3, 0x45, 0x79, 0xC5, 0x4F, 0x84, 0xCA, 0x48, 0x7E, 0xC8, 0x42, 0x77, 0xC4, 0x45, 0x77, 0xC6, 
        0x46, 0x7A, 0xC7, 0x47, 0x7A, 0xC7, 0x49, 0x7B, 0xC7, 0x46, 0x7A, 0xC7, 0x46, 0x78, 0xC7, 0x49, 0x7A, 0xC7, 0x47, 0x79, 0xC7, 0x44, 0x76, 0xC5, 0x4A, 0x7B, 0xC9, 0x4F, 0x80, 0xCB, 0x47, 0x7A, 0xC8, 0x49, 0x7A, 0xC6, 0x4B, 0x7C, 0xC8, 
        0x4C, 0x7D, 0xC9, 0x4B, 0x7D, 0xC8, 0x49, 0x7B, 0xC7, 0x4C, 0x7D, 0xC9, 0x46, 0x77, 0xC6, 0x52, 0x86, 0xCD, 0x84, 0xB2, 0xE1, 0x75, 0xA7, 0xDC, 0x43, 0x7C, 0xC8, 0x4C, 0x82, 0xCB, 0x50, 0x83, 0xCB, 0x4B, 0x7F, 0xC9, 0x4F, 0x82, 0xCB, 
        0x53, 0x86, 0xCF, 0x45, 0x78, 0xC9, 0x2A, 0x5C, 0xAE,
  0x3F, 0x68, 0xB9, 0x15, 0x46, 0xA8, 0x16, 0x46, 0xA8, 0x16, 0x46, 0xA8, 0x16, 0x47, 0xA9, 0x15, 0x46, 0xA8, 0x15, 0x46, 0xA8, 0x16, 0x47, 0xAA, 0x17, 0x49, 0xAA, 0x18, 0x4A, 0xAC, 0x18, 0x4A, 0xAC, 0x18, 0x4A, 0xAC, 0x18, 0x49, 0xAC, 0x1A, 0x4F, 0xAF, 
        0x1B, 0x51, 0xAF, 0x18, 0x4C, 0xAC, 0x19, 0x4B, 0xAA, 0x1A, 0x4D, 0xAC, 0x1B, 0x4D, 0xAE, 0x1A, 0x4C, 0xAD, 0x1A, 0x4D, 0xAB, 0x1B, 0x50, 0xAD, 0x1C, 0x50, 0xAD, 0x1C, 0x4E, 0xAE, 0x1C, 0x50, 0xAF, 0x1D, 0x51, 0xAF, 0x1D, 0x51, 0xAE, 
        0x1D, 0x51, 0xAF, 0x1E, 0x51, 0xAF, 0x1E, 0x52, 0xB0, 0x1E, 0x53, 0xB0, 0x1F, 0x57, 0xB3, 0x1F, 0x55, 0xB4, 0x1F, 0x54, 0xB1, 0x1E, 0x51, 0xB0, 0x1D, 0x50, 0xAE, 0x1F, 0x54, 0xB2, 0x1F, 0x55, 0xB2, 0x20, 0x57, 0xB2, 0x22, 0x57, 0xB3, 
        0x24, 0x5A, 0xB5, 0x23, 0x58, 0xB5, 0x24, 0x5B, 0xB6, 0x24, 0x5A, 0xB5, 0x24, 0x5B, 0xB5, 0x25, 0x5C, 0xB7, 0x25, 0x5C, 0xB7, 0x27, 0x5E, 0xB7, 0x25, 0x5C, 0xB6, 0x27, 0x60, 0xB9, 0x2C, 0x63, 0xBB, 0x28, 0x5D, 0xB8, 0x28, 0x5E, 0xB7, 
        0x28, 0x5E, 0xB8, 0x28, 0x5E, 0xB8, 0x28, 0x61, 0xB9, 0x2B, 0x62, 0xB9, 0x2B, 0x64, 0xBA, 0x2E, 0x64, 0xBB, 0x2F, 0x65, 0xBA, 0x2F, 0x65, 0xBA, 0x2F, 0x63, 0xBA, 0x2D, 0x63, 0xBA, 0x2D, 0x63, 0xBA, 0x2D, 0x63, 0xBA, 0xC0, 0xD0, 0xEA, 
        0x7B, 0x9C, 0xD2, 0x2B, 0x61, 0xB9, 0x2D, 0x62, 0xB9, 0x2D, 0x63, 0xBA, 0xA6, 0xBD, 0xE2, 0xC1, 0xD1, 0xEA, 0xC2, 0xD1, 0xEB, 0xC2, 0xD2, 0xEB, 0xBF, 0xD0, 0xEA, 0x65, 0x8D, 0xCD, 0x34, 0x69, 0xBE, 0x33, 0x68, 0xBD, 0x59, 0x84, 0xC8, 
        0xBA, 0xCC, 0xE9, 0xC3, 0xD2, 0xEB, 0xC2, 0xD2, 0xEB, 0xC2, 0xD2, 0xEB, 0xB3, 0xC7, 0xE6, 0x33, 0x66, 0xBB, 0x31, 0x64, 0xBA, 0x31, 0x64, 0xBA, 0x77, 0x99, 0xD2, 0xC3, 0xD3, 0xEB, 0x3C, 0x6E, 0xC0, 0x37, 0x6B, 0xBE, 0x32, 0x69, 0xBD, 
        0x38, 0x6B, 0xBE, 0x38, 0x69, 0xBE, 0x39, 0x6A, 0xBE, 0x3B, 0x6C, 0xBF, 0x3C, 0x6D, 0xBF, 0x3A, 0x6F, 0xC0, 0x3C, 0x71, 0xC0, 0x3C, 0x71, 0xC1, 0x3C, 0x71, 0xC1, 0x3D, 0x72, 0xC1, 0x40, 0x74, 0xC3, 0x41, 0x76, 0xC4, 0x41, 0x76, 0xC4, 
        0x42, 0x79, 0xC4, 0x43, 0x79, 0xC6, 0x44, 0x79, 0xC6, 0x42, 0x7A, 0xC5, 0x43, 0x7A, 0xC5, 0x46, 0x77, 0xC5, 0x44, 0x76, 0xC5, 0x42, 0x75, 0xC3, 0x41, 0x74, 0xC3, 0x40, 0x73, 0xC2, 0x3F, 0x72, 0xC3, 0x42, 0x74, 0xC4, 0x41, 0x72, 0xC3, 
        0x42, 0x73, 0xC3, 0x46, 0x77, 0xC4, 0x44, 0x76, 0xC5, 0x41, 0x74, 0xC4, 0x45, 0x74, 0xC4, 0x4A, 0x77, 0xC5, 0x47, 0x75, 0xC4, 0x45, 0x75, 0xC4, 0x45, 0x75, 0xC5, 0x49, 0x79, 0xC6, 0x45, 0x78, 0xC5, 0x46, 0x78, 0xC5, 0x4C, 0x7D, 0xC8, 
        0x4F, 0x80, 0xCA, 0x46, 0x77, 0xC6, 0x44, 0x77, 0xC5, 0x47, 0x7A, 0xC6, 0x46, 0x78, 0xC7, 0x46, 0x78, 0xC7, 0x44, 0x77, 0xC5, 0x4B, 0x7D, 0xC8, 0x66, 0x93, 0xD3, 0x69, 0x97, 0xD5, 0x4B, 0x7C, 0xC9, 0x48, 0x7A, 0xC6, 0x4C, 0x7D, 0xC8, 
        0x4E, 0x7D, 0xC8, 0x4C, 0x7D, 0xC9, 0x4B, 0x7D, 0xC9, 0x4B, 0x7D, 0xC9, 0x4B, 0x7B, 0xC8, 0x4D, 0x7D, 0xC9, 0x60, 0x92, 0xD2, 0x5C, 0x92, 0xD2, 0x44, 0x7B, 0xC8, 0x4A, 0x7B, 0xC8, 0x4D, 0x7F, 0xCA, 0x51, 0x84, 0xCA, 0x53, 0x85, 0xCC, 
        0x4E, 0x82, 0xCC, 0x3A, 0x6F, 0xC4, 0x26, 0x57, 0xAA,
  0x3F, 0x67, 0xB7, 0x15, 0x45, 0xA7, 0x15, 0x45, 0xA7, 0x15, 0x45, 0xA7, 0x15, 0x45, 0xA7, 0x15, 0x46, 0xA8, 0x15, 0x46, 0xA8, 0x15, 0x44, 0xA7, 0x17, 0x47, 0xA9, 0x17, 0x4A, 0xAB, 0x18, 0x48, 0xAB, 0x18, 0x49, 0xAB, 0x18, 0x4A, 0xAB, 0x18, 0x4C, 0xAB, 
        0x19, 0x4B, 0xAA, 0x18, 0x4B, 0xAA, 0x1A, 0x4C, 0xAD, 0x1C, 0x4E, 0xAE, 0x1B, 0x4F, 0xAD, 0x1A, 0x4C, 0xAE, 0x1A, 0x4C, 0xAB, 0x1B, 0x4D, 0xAD, 0x1E, 0x53, 0xB1, 0x21, 0x58, 0xB3, 0x1E, 0x51, 0xB1, 0x1D, 0x4E, 0xAE, 0x1D, 0x51, 0xAF, 
        0x1D, 0x51, 0xAF, 0x1E, 0x52, 0xB0, 0x1F, 0x54, 0xB2, 0x20, 0x55, 0xB2, 0x1F, 0x53, 0xB0, 0x1E, 0x52, 0xB0, 0x1F, 0x53, 0xB1, 0x1F, 0x56, 0xB1, 0x20, 0x54, 0xB1, 0x22, 0x56, 0xB3, 0x22, 0x56, 0xB4, 0x20, 0x55, 0xB2, 0x22, 0x57, 0xB2, 
        0x22, 0x57, 0xB2, 0x23, 0x5A, 0xB5, 0x26, 0x60, 0xB8, 0x24, 0x5B, 0xB6, 0x23, 0x5A, 0xB5, 0x24, 0x5C, 0xB6, 0x27, 0x5C, 0xB6, 0x27, 0x5E, 0xB7, 0x27, 0x5E, 0xB7, 0x27, 0x5D, 0xB7, 0x27, 0x5F, 0xB7, 0x27, 0x5F, 0xB7, 0x28, 0x5F, 0xB8, 
        0x2A, 0x61, 0xB8, 0x2D, 0x64, 0xBA, 0x2D, 0x64, 0xBA, 0x2B, 0x64, 0xBA, 0x2E, 0x65, 0xBB, 0x2F, 0x65, 0xBB, 0x2F, 0x65, 0xBB, 0x2F, 0x65, 0xBA, 0x2E, 0x65, 0xBA, 0x2D, 0x62, 0xB9, 0x2D, 0x63, 0xBA, 0x2D, 0x63, 0xBA, 0xC1, 0xD1, 0xEA, 
        0x7B, 0x9C, 0xD3, 0x2D, 0x62, 0xB8, 0x2E, 0x62, 0xB9, 0x30, 0x62, 0xBB, 0x7D, 0x9E, 0xD4, 0xC3, 0xD3, 0xEC, 0xC2, 0xD3, 0xEB, 0xC2, 0xD2, 0xEB, 0xC2, 0xD3, 0xEB, 0xC2, 0xD3, 0xEB, 0xB8, 0xCB, 0xE8, 0xB3, 0xC7, 0xE7, 0xC4, 0xD3, 0xEC, 
        0xC5, 0xD4, 0xEC, 0xC3, 0xD3, 0xEC, 0xC2, 0xD2, 0xEB, 0xC2, 0xD2, 0xEB, 0x8D, 0xAA, 0xD9, 0x34, 0x68, 0xBB, 0x34, 0x67, 0xBC, 0x33, 0x67, 0xBC, 0x75, 0x98, 0xD1, 0xC2, 0xD2, 0xEB, 0x37, 0x6A, 0xBE, 0x35, 0x6A, 0xBD, 0x32, 0x67, 0xBB, 
        0x34, 0x69, 0xBB, 0x36, 0x69, 0xBC, 0x3F, 0x71, 0xC2, 0x47, 0x79, 0xC5, 0x40, 0x72, 0xC2, 0x39, 0x6F, 0xBF, 0x3C, 0x70, 0xC0, 0x3E, 0x73, 0xC2, 0x3E, 0x73, 0xC2, 0x3E, 0x73, 0xC2, 0x3F, 0x75, 0xC2, 0x40, 0x75, 0xC3, 0x42, 0x77, 0xC3, 
        0x43, 0x78, 0xC4, 0x43, 0x79, 0xC4, 0x44, 0x78, 0xC5, 0x46, 0x79, 0xC5, 0x45, 0x79, 0xC5, 0x44, 0x77, 0xC3, 0x42, 0x76, 0xC2, 0x41, 0x74, 0xC3, 0x42, 0x74, 0xC3, 0x40, 0x72, 0xC2, 0x3F, 0x72, 0xC2, 0x42, 0x73, 0xC3, 0x40, 0x72, 0xC3, 
        0x42, 0x73, 0xC3, 0x45, 0x75, 0xC4, 0x45, 0x76, 0xC4, 0x43, 0x74, 0xC4, 0x44, 0x74, 0xC4, 0x48, 0x74, 0xC4, 0x45, 0x74, 0xC2, 0x44, 0x74, 0xC2, 0x45, 0x75, 0xC3, 0x47, 0x75, 0xC5, 0x48, 0x76, 0xC5, 0x46, 0x76, 0xC5, 0x4E, 0x7C, 0xC8, 
        0x50, 0x80, 0xCA, 0x46, 0x79, 0xC6, 0x45, 0x77, 0xC5, 0x49, 0x79, 0xC6, 0x47, 0x78, 0xC6, 0x47, 0x7A, 0xC7, 0x47, 0x7A, 0xC7, 0x50, 0x81, 0xCA, 0x61, 0x8F, 0xD1, 0x5D, 0x8B, 0xCF, 0x47, 0x79, 0xC6, 0x4A, 0x79, 0xC6, 0x4B, 0x7D, 0xC8, 
        0x4C, 0x7D, 0xC8, 0x4E, 0x7D, 0xC8, 0x4C, 0x7D, 0xC9, 0x4C, 0x7D, 0xC9, 0x4E, 0x7E, 0xC9, 0x4B, 0x7B, 0xC7, 0x47, 0x7A, 0xC6, 0x4A, 0x7E, 0xC8, 0x4C, 0x7E, 0xC8, 0x4D, 0x7C, 0xC8, 0x50, 0x7F, 0xCA, 0x50, 0x84, 0xCA, 0x4F, 0x80, 0xCB, 
        0x3C, 0x6F, 0xC4, 0x32, 0x61, 0xBD, 0x25, 0x54, 0xAA,
  0x3F, 0x67, 0xB6, 0x14, 0x44, 0xA7, 0x14, 0x45, 0xA7, 0x15, 0x45, 0xA7, 0x16, 0x46, 0xA8, 0x16, 0x48, 0xA9, 0x16, 0x49, 0xAA, 0x17, 0x48, 0xA8, 0x17, 0x47, 0xA7, 0x17, 0x47, 0xA8, 0x17, 0x48, 0xA7, 0x18, 0x4A, 0xAA, 0x18, 0x4A, 0xAA, 0x1A, 0x4A, 0xAA, 
        0x1A, 0x49, 0xA9, 0x19, 0x4A, 0xAA, 0x18, 0x49, 0xAA, 0x18, 0x4B, 0xAC, 0x19, 0x4C, 0xAE, 0x1A, 0x4D, 0xAD, 0x1A, 0x4C, 0xAD, 0x19, 0x4A, 0xAB, 0x1D, 0x52, 0xB1, 0x22, 0x5C, 0xB7, 0x1D, 0x51, 0xB0, 0x1D, 0x4E, 0xAF, 0x1D, 0x51, 0xB2, 
        0x1C, 0x51, 0xAF, 0x1D, 0x51, 0xAF, 0x1D, 0x51, 0xAF, 0x21, 0x54, 0xB2, 0x21, 0x53, 0xB0, 0x21, 0x55, 0xB2, 0x21, 0x55, 0xB2, 0x20, 0x53, 0xB1, 0x21, 0x54, 0xB1, 0x22, 0x56, 0xB3, 0x22, 0x56, 0xB3, 0x20, 0x54, 0xB2, 0x22, 0x57, 0xB3, 
        0x22, 0x57, 0xB2, 0x22, 0x57, 0xB3, 0x28, 0x5E, 0xB8, 0x24, 0x5B, 0xB6, 0x26, 0x5D, 0xB6, 0x26, 0x5B, 0xB6, 0x28, 0x5C, 0xB6, 0x29, 0x5C, 0xB7, 0x2A, 0x5E, 0xB7, 0x2C, 0x5F, 0xB8, 0x2C, 0x60, 0xB8, 0x2C, 0x60, 0xB9, 0x29, 0x60, 0xB8, 
        0x2E, 0x65, 0xBA, 0x31, 0x69, 0xBB, 0x31, 0x68, 0xBC, 0x30, 0x67, 0xBC, 0x2D, 0x65, 0xBA, 0x2F, 0x68, 0xBB, 0x2F, 0x68, 0xBB, 0x31, 0x67, 0xBB, 0x2F, 0x66, 0xBA, 0x2E, 0x63, 0xB9, 0x2D, 0x62, 0xB9, 0x2F, 0x63, 0xBA, 0xC1, 0xD1, 0xEA, 
        0x7C, 0x9D, 0xD4, 0x2F, 0x63, 0xB9, 0x2D, 0x62, 0xB8, 0x30, 0x64, 0xBA, 0x38, 0x6A, 0xBD, 0x4B, 0x7D, 0xC6, 0x6A, 0x93, 0xCE, 0xBF, 0xD0, 0xEA, 0xC5, 0xD5, 0xED, 0xC4, 0xD4, 0xEC, 0xC2, 0xD3, 0xEC, 0xC2, 0xD3, 0xEC, 0xC4, 0xD3, 0xEC, 
        0xC5, 0xD5, 0xED, 0xC3, 0xD2, 0xEB, 0x73, 0x97, 0xD1, 0x4A, 0x77, 0xC3, 0x3D, 0x70, 0xBF, 0x34, 0x66, 0xBB, 0x34, 0x66, 0xBB, 0x34, 0x67, 0xBC, 0x78, 0x99, 0xD2, 0xC3, 0xD2, 0xEB, 0x37, 0x6A, 0xBC, 0x38, 0x6B, 0xBE, 0x38, 0x6B, 0xBE, 
        0x38, 0x6B, 0xBE, 0x37, 0x6C, 0xBD, 0x40, 0x72, 0xC1, 0x4E, 0x7F, 0xC9, 0x42, 0x76, 0xC3, 0x3C, 0x70, 0xBF, 0x3E, 0x72, 0xC0, 0x40, 0x72, 0xC1, 0x40, 0x73, 0xC1, 0x40, 0x73, 0xC1, 0x40, 0x73, 0xC1, 0x3D, 0x72, 0xC0, 0x43, 0x76, 0xC3, 
        0x44, 0x76, 0xC4, 0x45, 0x76, 0xC4, 0x46, 0x76, 0xC3, 0x47, 0x76, 0xC5, 0x44, 0x73, 0xC2, 0x42, 0x77, 0xC2, 0x41, 0x74, 0xC2, 0x42, 0x76, 0xC2, 0x43, 0x74, 0xC3, 0x41, 0x72, 0xC2, 0x42, 0x71, 0xC2, 0x42, 0x72, 0xC0, 0x41, 0x72, 0xC1, 
        0x41, 0x73, 0xC1, 0x43, 0x74, 0xC1, 0x44, 0x75, 0xC3, 0x44, 0x76, 0xC3, 0x43, 0x74, 0xC3, 0x43, 0x74, 0xC2, 0x45, 0x74, 0xC2, 0x45, 0x75, 0xC2, 0x44, 0x75, 0xC2, 0x44, 0x75, 0xC3, 0x44, 0x75, 0xC3, 0x45, 0x76, 0xC3, 0x49, 0x79, 0xC5, 
        0x48, 0x78, 0xC4, 0x46, 0x77, 0xC4, 0x48, 0x79, 0xC4, 0x48, 0x79, 0xC5, 0x46, 0x77, 0xC4, 0x4A, 0x7B, 0xC6, 0x4A, 0x7B, 0xC7, 0x4D, 0x7D, 0xC8, 0x47, 0x78, 0xC5, 0x44, 0x75, 0xC2, 0x4B, 0x7C, 0xC7, 0x4B, 0x7C, 0xC8, 0x4B, 0x7C, 0xC8, 
        0x4B, 0x7D, 0xC8, 0x4C, 0x7D, 0xC8, 0x4C, 0x7D, 0xC8, 0x4E, 0x7D, 0xC9, 0x49, 0x7D, 0xC7, 0x4C, 0x80, 0xC9, 0x49, 0x7D, 0xC7, 0x4A, 0x7B, 0xC6, 0x50, 0x81, 0xC8, 0x4D, 0x7E, 0xC7, 0x4C, 0x7E, 0xC7, 0x4E, 0x82, 0xC9, 0x46, 0x7A, 0xC7, 
        0x33, 0x62, 0xBD, 0x2E, 0x5B, 0xBB, 0x24, 0x53, 0xA8,
  0x3F, 0x65, 0xB6, 0x15, 0x42, 0xA6, 0x15, 0x44, 0xA7, 0x15, 0x45, 0xA7, 0x15, 0x45, 0xA7, 0x16, 0x46, 0xA9, 0x17, 0x46, 0xA9, 0x17, 0x48, 0xA8, 0x16, 0x46, 0xA7, 0x17, 0x47, 0xA8, 0x17, 0x48, 0xA8, 0x17, 0x4A, 0xAA, 0x18, 0x49, 0xA9, 0x18, 0x49, 0xAA, 
        0x1A, 0x4A, 0xAB, 0x1A, 0x4C, 0xAC, 0x17, 0x48, 0xA9, 0x18, 0x49, 0xAA, 0x1A, 0x4E, 0xAE, 0x1C, 0x4E, 0xAF, 0x1B, 0x4D, 0xAC, 0x19, 0x4A, 0xAB, 0x19, 0x4A, 0xAB, 0x1B, 0x4D, 0xAD, 0x1B, 0x4E, 0xAD, 0x1E, 0x51, 0xB0, 0x1D, 0x50, 0xAF, 
        0x1E, 0x55, 0xB3, 0x23, 0x5D, 0xB7, 0x20, 0x56, 0xB2, 0x20, 0x54, 0xB0, 0x21, 0x52, 0xB0, 0x22, 0x57, 0xB2, 0x22, 0x5A, 0xB4, 0x21, 0x57, 0xB2, 0x21, 0x55, 0xB1, 0x21, 0x56, 0xB1, 0x22, 0x56, 0xB3, 0x22, 0x56, 0xB3, 0x23, 0x58, 0xB4, 
        0x25, 0x5C, 0xB5, 0x23, 0x59, 0xB5, 0x23, 0x59, 0xB5, 0x24, 0x5A, 0xB6, 0x26, 0x5E, 0xB7, 0x26, 0x5D, 0xB6, 0x29, 0x5D, 0xB6, 0x29, 0x5F, 0xB7, 0x2C, 0x5F, 0xB8, 0x2C, 0x61, 0xB9, 0x2D, 0x61, 0xBA, 0x2D, 0x63, 0xBA, 0x2C, 0x63, 0xB9, 
        0x2D, 0x65, 0xBB, 0x31, 0x68, 0xBC, 0x33, 0x6A, 0xBD, 0x33, 0x6A, 0xBD, 0x30, 0x67, 0xBC, 0x30, 0x69, 0xBC, 0x32, 0x6B, 0xBC, 0x32, 0x68, 0xBC, 0x31, 0x67, 0xBB, 0x2F, 0x65, 0xBA, 0x2E, 0x63, 0xBA, 0x2F, 0x62, 0xB9, 0xC1, 0xD1, 0xEA, 
        0x7C, 0x9D, 0xD3, 0x2F, 0x63, 0xB8, 0x2F, 0x63, 0xB8, 0x2F, 0x64, 0xB9, 0x33, 0x67, 0xBB, 0x31, 0x68, 0xBB, 0x30, 0x68, 0xBA, 0x93, 0xB1, 0xDC, 0xC5, 0xD5, 0xED, 0xC5, 0xD5, 0xED, 0xC1, 0xD2, 0xEB, 0xC1, 0xD1, 0xEB, 0xC4, 0xD4, 0xEC, 
        0xC5, 0xD4, 0xEC, 0xA4, 0xBB, 0xE1, 0x35, 0x68, 0xBB, 0x36, 0x68, 0xBC, 0x33, 0x68, 0xBB, 0x35, 0x68, 0xBB, 0x37, 0x68, 0xBB, 0x36, 0x68, 0xBB, 0x79, 0x9A, 0xD2, 0xC3, 0xD2, 0xEB, 0x37, 0x6A, 0xBD, 0x38, 0x6B, 0xBD, 0x3D, 0x6E, 0xBF, 
        0x46, 0x77, 0xC4, 0x43, 0x74, 0xC2, 0x38, 0x6B, 0xBE, 0x3E, 0x6F, 0xC0, 0x3F, 0x71, 0xC1, 0x40, 0x72, 0xC1, 0x40, 0x72, 0xC1, 0x41, 0x73, 0xC1, 0x42, 0x73, 0xC2, 0x42, 0x74, 0xC2, 0x42, 0x73, 0xC2, 0x40, 0x73, 0xC2, 0x43, 0x76, 0xC3, 
        0x43, 0x75, 0xC3, 0x44, 0x75, 0xC3, 0x43, 0x75, 0xC3, 0x46, 0x78, 0xC4, 0x43, 0x76, 0xC4, 0x43, 0x75, 0xC2, 0x42, 0x74, 0xC2, 0x41, 0x73, 0xC1, 0x41, 0x71, 0xC1, 0x41, 0x71, 0xC2, 0x42, 0x71, 0xC2, 0x41, 0x71, 0xC0, 0x41, 0x71, 0xC0, 
        0x42, 0x72, 0xC1, 0x42, 0x73, 0xC1, 0x43, 0x73, 0xC1, 0x43, 0x73, 0xC1, 0x44, 0x74, 0xC3, 0x43, 0x74, 0xC2, 0x43, 0x74, 0xC2, 0x45, 0x74, 0xC2, 0x45, 0x75, 0xC3, 0x47, 0x77, 0xC4, 0x47, 0x77, 0xC5, 0x47, 0x75, 0xC3, 0x45, 0x75, 0xC2, 
        0x45, 0x76, 0xC3, 0x46, 0x76, 0xC3, 0x46, 0x77, 0xC4, 0x46, 0x77, 0xC4, 0x48, 0x79, 0xC4, 0x4C, 0x7B, 0xC6, 0x4C, 0x7D, 0xC6, 0x4D, 0x7D, 0xC8, 0x49, 0x7A, 0xC5, 0x49, 0x7A, 0xC5, 0x48, 0x79, 0xC5, 0x4B, 0x7C, 0xC7, 0x4D, 0x7E, 0xC8, 
        0x4D, 0x7E, 0xC8, 0x4B, 0x7D, 0xC8, 0x4C, 0x7D, 0xC6, 0x4E, 0x7E, 0xC8, 0x4C, 0x7F, 0xC9, 0x4F, 0x81, 0xCA, 0x4C, 0x7E, 0xC8, 0x4B, 0x7D, 0xC7, 0x4F, 0x7F, 0xC7, 0x4D, 0x7E, 0xC8, 0x50, 0x7F, 0xC8, 0x4C, 0x7E, 0xC8, 0x35, 0x67, 0xBD, 
        0x2C, 0x59, 0xB5, 0x25, 0x4D, 0xAE, 0x1B, 0x44, 0x9D,
  0x3F, 0x65, 0xB6, 0x15, 0x43, 0xA5, 0x15, 0x43, 0xA6, 0x15, 0x45, 0xA7, 0x15, 0x45, 0xA7, 0x15, 0x45, 0xA7, 0x16, 0x45, 0xA7, 0x15, 0x42, 0xA4, 0x17, 0x47, 0xA8, 0x17, 0x49, 0xAA, 0x17, 0x47, 0xA8, 0x17, 0x48, 0xA8, 0x16, 0x47, 0xA7, 0x17, 0x45, 0xA8, 
        0x17, 0x46, 0xA9, 0x18, 0x4A, 0xAB, 0x19, 0x4B, 0xAB, 0x19, 0x4B, 0xAA, 0x1B, 0x4E, 0xAD, 0x1B, 0x4F, 0xAE, 0x1A, 0x4A, 0xAA, 0x1C, 0x4D, 0xAC, 0x1C, 0x4D, 0xAD, 0x1C, 0x4D, 0xAD, 0x1C, 0x4F, 0xAE, 0x1D, 0x50, 0xAE, 0x1D, 0x51, 0xB0, 
        0x33, 0x6E, 0xC1, 0x44, 0x7C, 0xC9, 0x25, 0x5F, 0xB7, 0x1E, 0x51, 0xAE, 0x20, 0x52, 0xB0, 0x22, 0x54, 0xB2, 0x22, 0x58, 0xB3, 0x21, 0x55, 0xB2, 0x21, 0x55, 0xB0, 0x21, 0x55, 0xB1, 0x21, 0x56, 0xB3, 0x23, 0x56, 0xB3, 0x28, 0x5F, 0xB7, 
        0x2B, 0x62, 0xB8, 0x25, 0x5A, 0xB5, 0x23, 0x59, 0xB3, 0x25, 0x5D, 0xB5, 0x28, 0x60, 0xB7, 0x26, 0x5D, 0xB6, 0x2B, 0x60, 0xB6, 0x2B, 0x60, 0xB7, 0x2C, 0x62, 0xB8, 0x2D, 0x62, 0xB9, 0x2F, 0x64, 0xBA, 0x30, 0x65, 0xBA, 0x30, 0x68, 0xBB, 
        0x30, 0x69, 0xBB, 0x32, 0x6A, 0xBC, 0x36, 0x6C, 0xBE, 0x36, 0x6E, 0xBE, 0x34, 0x6C, 0xBF, 0x34, 0x6C, 0xBD, 0x34, 0x6D, 0xBD, 0x35, 0x6B, 0xBC, 0x34, 0x68, 0xBB, 0x32, 0x67, 0xBB, 0x2F, 0x66, 0xBA, 0x2F, 0x63, 0xB9, 0xC1, 0xD0, 0xEA, 
        0x7D, 0x9D, 0xD3, 0x30, 0x63, 0xB8, 0x2F, 0x63, 0xB8, 0x30, 0x63, 0xB9, 0x32, 0x65, 0xBA, 0x37, 0x6B, 0xBD, 0x37, 0x6C, 0xBC, 0x87, 0xA7, 0xD7, 0xC4, 0xD4, 0xEC, 0xA0, 0xBA, 0xE0, 0x45, 0x76, 0xC3, 0x42, 0x75, 0xC1, 0x96, 0xB2, 0xDC, 
        0xC5, 0xD4, 0xEC, 0x94, 0xB0, 0xDC, 0x36, 0x6A, 0xBC, 0x38, 0x6A, 0xBC, 0x35, 0x67, 0xBB, 0x35, 0x68, 0xBB, 0x36, 0x68, 0xBB, 0x37, 0x68, 0xBB, 0x79, 0x9A, 0xD1, 0xC3, 0xD2, 0xEB, 0x39, 0x6A, 0xBD, 0x37, 0x6A, 0xBC, 0x3A, 0x6B, 0xBC, 
        0x43, 0x74, 0xC1, 0x44, 0x74, 0xC2, 0x3B, 0x6D, 0xBE, 0x3D, 0x6F, 0xBE, 0x41, 0x72, 0xC0, 0x41, 0x72, 0xC0, 0x3F, 0x72, 0xBF, 0x40, 0x72, 0xC0, 0x41, 0x73, 0xC0, 0x42, 0x73, 0xC1, 0x40, 0x73, 0xC0, 0x41, 0x73, 0xC0, 0x43, 0x74, 0xC2, 
        0x42, 0x74, 0xC1, 0x44, 0x75, 0xC3, 0x40, 0x74, 0xC1, 0x3F, 0x72, 0xC1, 0x3E, 0x73, 0xC0, 0x3F, 0x72, 0xC1, 0x40, 0x71, 0xC1, 0x40, 0x71, 0xBF, 0x41, 0x71, 0xBF, 0x41, 0x71, 0xC1, 0x40, 0x70, 0xC0, 0x40, 0x71, 0xBF, 0x41, 0x71, 0xBF, 
        0x42, 0x72, 0xC0, 0x42, 0x72, 0xC1, 0x42, 0x73, 0xC1, 0x43, 0x74, 0xC1, 0x45, 0x74, 0xC1, 0x44, 0x74, 0xC1, 0x45, 0x74, 0xC2, 0x45, 0x74, 0xC2, 0x47, 0x74, 0xC2, 0x48, 0x77, 0xC3, 0x48, 0x77, 0xC4, 0x4B, 0x7A, 0xC6, 0x45, 0x75, 0xC3, 
        0x46, 0x76, 0xC3, 0x49, 0x79, 0xC5, 0x48, 0x78, 0xC3, 0x48, 0x77, 0xC4, 0x48, 0x79, 0xC4, 0x48, 0x79, 0xC4, 0x4D, 0x7C, 0xC6, 0x4D, 0x7D, 0xC6, 0x4A, 0x7A, 0xC7, 0x55, 0x84, 0xCB, 0x50, 0x7F, 0xC8, 0x4A, 0x7B, 0xC5, 0x4E, 0x7E, 0xC7, 
        0x4E, 0x7F, 0xC8, 0x4D, 0x7C, 0xC6, 0x4D, 0x7D, 0xC6, 0x4F, 0x7F, 0xC8, 0x52, 0x83, 0xC9, 0x52, 0x83, 0xCA, 0x54, 0x85, 0xCA, 0x52, 0x84, 0xCA, 0x4B, 0x7B, 0xC7, 0x4D, 0x7B, 0xC7, 0x54, 0x82, 0xCB, 0x3D, 0x70, 0xC2, 0x2E, 0x5A, 0xB5, 
        0x2A, 0x54, 0xB5, 0x24, 0x4C, 0xAD, 0x1C, 0x46, 0x9C,
  0x40, 0x67, 0xB6, 0x15, 0x43, 0xA5, 0x15, 0x44, 0xA5, 0x15, 0x44, 0xA5, 0x15, 0x45, 0xA6, 0x16, 0x45, 0xA7, 0x16, 0x45, 0xA7, 0x17, 0x48, 0xA7, 0x17, 0x48, 0xA8, 0x16, 0x46, 0xA7, 0x15, 0x43, 0xA5, 0x17, 0x48, 0xA8, 0x17, 0x48, 0xA8, 0x1B, 0x53, 0xB1, 
        0x1C, 0x50, 0xB2, 0x17, 0x47, 0xAA, 0x18, 0x49, 0xAB, 0x1A, 0x4B, 0xAB, 0x1A, 0x4A, 0xAA, 0x1A, 0x4A, 0xA9, 0x1A, 0x49, 0xA9, 0x1C, 0x4E, 0xAC, 0x1D, 0x50, 0xAD, 0x1C, 0x4F, 0xAD, 0x1C, 0x4F, 0xAE, 0x1C, 0x4C, 0xAB, 0x27, 0x62, 0xB9, 
        0x50, 0x8A, 0xD1, 0x52, 0x89, 0xD0, 0x21, 0x59, 0xB5, 0x1D, 0x4F, 0xAE, 0x21, 0x56, 0xB2, 0x20, 0x54, 0xB0, 0x21, 0x52, 0xB0, 0x21, 0x55, 0xB0, 0x22, 0x57, 0xB2, 0x22, 0x57, 0xB2, 0x22, 0x57, 0xB3, 0x22, 0x58, 0xB3, 0x2A, 0x5F, 0xB6, 
        0x2A, 0x5F, 0xB7, 0x23, 0x56, 0xB2, 0x25, 0x5A, 0xB4, 0x2D, 0x63, 0xB9, 0x2D, 0x63, 0xB9, 0x28, 0x5E, 0xB6, 0x2C, 0x61, 0xB7, 0x2C, 0x61, 0xB7, 0x2E, 0x63, 0xB9, 0x2F, 0x65, 0xB9, 0x32, 0x66, 0xBA, 0x32, 0x68, 0xBB, 0x33, 0x6A, 0xBB, 
        0x33, 0x6B, 0xBD, 0x35, 0x6C, 0xBE, 0x38, 0x6F, 0xBF, 0x39, 0x70, 0xBF, 0x37, 0x6F, 0xBF, 0x36, 0x6E, 0xBF, 0x36, 0x6E, 0xBF, 0x36, 0x6D, 0xBD, 0x35, 0x6B, 0xBC, 0x32, 0x68, 0xBB, 0x31, 0x65, 0xBA, 0x31, 0x65, 0xBA, 0xC1, 0xD0, 0xEA, 
        0x7D, 0x9D, 0xD2, 0x30, 0x63, 0xB8, 0x30, 0x63, 0xB8, 0x30, 0x64, 0xB8, 0x33, 0x66, 0xBA, 0x35, 0x6A, 0xBB, 0x37, 0x6C, 0xBC, 0x3A, 0x6E, 0xBE, 0x5E, 0x89, 0xCA, 0x51, 0x7F, 0xC6, 0x3C, 0x70, 0xC0, 0x3D, 0x70, 0xC0, 0x4B, 0x7A, 0xC3, 
        0x62, 0x8B, 0xCA, 0x39, 0x6D, 0xBD, 0x38, 0x6A, 0xBD, 0x38, 0x6A, 0xBB, 0x36, 0x67, 0xBA, 0x36, 0x67, 0xBB, 0x35, 0x66, 0xBB, 0x36, 0x66, 0xBB, 0x79, 0x98, 0xD1, 0xC3, 0xD2, 0xEB, 0x37, 0x69, 0xBC, 0x3A, 0x6A, 0xBD, 0x37, 0x6A, 0xBC, 
        0x38, 0x6B, 0xBC, 0x3F, 0x70, 0xBF, 0x42, 0x72, 0xC1, 0x42, 0x72, 0xC1, 0x40, 0x72, 0xC0, 0x3F, 0x6F, 0xBE, 0x3E, 0x6F, 0xBF, 0x3E, 0x70, 0xBE, 0x40, 0x72, 0xBF, 0x41, 0x73, 0xC0, 0x3F, 0x70, 0xC0, 0x41, 0x71, 0xC0, 0x44, 0x73, 0xC1, 
        0x42, 0x71, 0xC0, 0x42, 0x75, 0xC0, 0x3D, 0x72, 0xC0, 0x3E, 0x74, 0xC1, 0x43, 0x77, 0xC2, 0x43, 0x75, 0xC0, 0x40, 0x71, 0xBF, 0x44, 0x72, 0xC1, 0x47, 0x76, 0xC2, 0x46, 0x74, 0xC1, 0x43, 0x71, 0xC1, 0x41, 0x70, 0xC0, 0x42, 0x71, 0xBF, 
        0x43, 0x72, 0xC0, 0x42, 0x72, 0xC0, 0x42, 0x72, 0xC1, 0x44, 0x74, 0xC1, 0x46, 0x74, 0xC3, 0x46, 0x74, 0xC1, 0x46, 0x74, 0xC1, 0x46, 0x76, 0xC3, 0x47, 0x76, 0xC3, 0x4A, 0x76, 0xC4, 0x4A, 0x78, 0xC4, 0x4A, 0x78, 0xC4, 0x47, 0x75, 0xC3, 
        0x47, 0x75, 0xC3, 0x4B, 0x79, 0xC5, 0x4B, 0x79, 0xC4, 0x4C, 0x7A, 0xC5, 0x4C, 0x7B, 0xC6, 0x49, 0x79, 0xC4, 0x4E, 0x7D, 0xC7, 0x50, 0x7E, 0xC7, 0x4F, 0x7D, 0xC7, 0x5C, 0x88, 0xCD, 0x56, 0x84, 0xCB, 0x4A, 0x7A, 0xC5, 0x4E, 0x7D, 0xC7, 
        0x4F, 0x7E, 0xC7, 0x4E, 0x7D, 0xC8, 0x4E, 0x7D, 0xC8, 0x51, 0x80, 0xC9, 0x55, 0x84, 0xC9, 0x53, 0x84, 0xC9, 0x53, 0x83, 0xCA, 0x55, 0x83, 0xCA, 0x51, 0x80, 0xCA, 0x51, 0x7F, 0xC9, 0x47, 0x75, 0xC6, 0x2C, 0x5A, 0xB4, 0x2A, 0x54, 0xB2, 
        0x28, 0x52, 0xB4, 0x24, 0x4A, 0xAD, 0x1E, 0x49, 0xA0,
  0x40, 0x67, 0xB6, 0x16, 0x44, 0xA5, 0x16, 0x44, 0xA5, 0x16, 0x44, 0xA5, 0x16, 0x44, 0xA5, 0x16, 0x45, 0xA6, 0x16, 0x46, 0xA7, 0x16, 0x45, 0xA6, 0x17, 0x46, 0xA7, 0x1B, 0x4E, 0xAD, 0x19, 0x4C, 0xAB, 0x17, 0x47, 0xA8, 0x18, 0x4A, 0xAA, 0x38, 0x76, 0xC6, 
        0x41, 0x81, 0xCC, 0x23, 0x5E, 0xB9, 0x18, 0x4A, 0xAB, 0x18, 0x46, 0xA8, 0x1A, 0x49, 0xA8, 0x1B, 0x4A, 0xAA, 0x1B, 0x4B, 0xAA, 0x1B, 0x4B, 0xAA, 0x1D, 0x4C, 0xAC, 0x1C, 0x4C, 0xAA, 0x1C, 0x4D, 0xAB, 0x1C, 0x4D, 0xAB, 0x22, 0x5B, 0xB7, 
        0x45, 0x82, 0xCC, 0x4D, 0x86, 0xCE, 0x23, 0x5C, 0xB6, 0x1E, 0x50, 0xAE, 0x23, 0x57, 0xB2, 0x21, 0x56, 0xB2, 0x20, 0x52, 0xAF, 0x22, 0x56, 0xB2, 0x24, 0x58, 0xB2, 0x22, 0x58, 0xB2, 0x22, 0x57, 0xB2, 0x22, 0x57, 0xB3, 0x29, 0x5F, 0xB6, 
        0x2B, 0x5F, 0xB6, 0x25, 0x59, 0xB3, 0x25, 0x5B, 0xB4, 0x2A, 0x60, 0xB6, 0x2A, 0x5F, 0xB6, 0x27, 0x5C, 0xB5, 0x2C, 0x61, 0xB7, 0x2E, 0x63, 0xB8, 0x2F, 0x64, 0xB9, 0x31, 0x65, 0xB9, 0x32, 0x68, 0xBA, 0x33, 0x68, 0xBB, 0x34, 0x6B, 0xBD, 
        0x36, 0x6E, 0xBD, 0x37, 0x6F, 0xBE, 0x39, 0x71, 0xBF, 0x39, 0x71, 0xBF, 0x3B, 0x72, 0xC0, 0x39, 0x72, 0xBF, 0x38, 0x70, 0xBF, 0x38, 0x6D, 0xBF, 0x35, 0x6C, 0xBC, 0x34, 0x69, 0xBB, 0x32, 0x67, 0xB9, 0x31, 0x64, 0xB9, 0xC2, 0xD0, 0xEA, 
        0x7E, 0x9C, 0xD2, 0x32, 0x62, 0xB7, 0x32, 0x63, 0xB8, 0x32, 0x63, 0xB8, 0x35, 0x66, 0xBA, 0x36, 0x68, 0xBA, 0x36, 0x6A, 0xBB, 0x3A, 0x6D, 0xBD, 0x3D, 0x6F, 0xBF, 0x3F, 0x72, 0xBF, 0x40, 0x73, 0xC0, 0x3F, 0x72, 0xC0, 0x3D, 0x6F, 0xBE, 
        0x3D, 0x6F, 0xBE, 0x3B, 0x6D, 0xBD, 0x3A, 0x6A, 0xBD, 0x38, 0x67, 0xBB, 0x38, 0x67, 0xBB, 0x38, 0x67, 0xBA, 0x38, 0x67, 0xBB, 0x38, 0x68, 0xBB, 0x7A, 0x9A, 0xD1, 0xC4, 0xD2, 0xEB, 0x39, 0x68, 0xBB, 0x3C, 0x6C, 0xBC, 0x3B, 0x6A, 0xBC, 
        0x37, 0x67, 0xBA, 0x3C, 0x6B, 0xBC, 0x41, 0x71, 0xC0, 0x42, 0x71, 0xC0, 0x3F, 0x6E, 0xBE, 0x3E, 0x6F, 0xBD, 0x3E, 0x6E, 0xBD, 0x3F, 0x6F, 0xBE, 0x42, 0x73, 0xBF, 0x43, 0x73, 0xC0, 0x41, 0x72, 0xBF, 0x45, 0x72, 0xC0, 0x47, 0x74, 0xC1, 
        0x40, 0x70, 0xBF, 0x3E, 0x71, 0xBF, 0x41, 0x77, 0xC0, 0x56, 0x8B, 0xCB, 0x62, 0x94, 0xD0, 0x4C, 0x7B, 0xC4, 0x3E, 0x70, 0xBE, 0x44, 0x73, 0xC1, 0x4C, 0x79, 0xC4, 0x47, 0x74, 0xC1, 0x45, 0x73, 0xC1, 0x45, 0x73, 0xC1, 0x42, 0x71, 0xC0, 
        0x44, 0x73, 0xC0, 0x45, 0x74, 0xC0, 0x45, 0x74, 0xC0, 0x45, 0x74, 0xC3, 0x46, 0x75, 0xC1, 0x49, 0x75, 0xC3, 0x49, 0x75, 0xC3, 0x49, 0x77, 0xC3, 0x49, 0x77, 0xC4, 0x49, 0x77, 0xC4, 0x4B, 0x77, 0xC4, 0x47, 0x74, 0xC1, 0x4A, 0x77, 0xC2, 
        0x4B, 0x78, 0xC5, 0x4A, 0x77, 0xC3, 0x4B, 0x78, 0xC3, 0x4E, 0x7B, 0xC5, 0x4E, 0x7A, 0xC5, 0x4E, 0x7B, 0xC6, 0x54, 0x81, 0xC9, 0x58, 0x84, 0xCA, 0x51, 0x7D, 0xC7, 0x50, 0x7D, 0xC7, 0x4C, 0x78, 0xC5, 0x4D, 0x7B, 0xC5, 0x4F, 0x7D, 0xC7, 
        0x51, 0x7E, 0xC7, 0x51, 0x7E, 0xC7, 0x51, 0x7E, 0xC8, 0x51, 0x7F, 0xC8, 0x51, 0x81, 0xC8, 0x51, 0x82, 0xC6, 0x4F, 0x7F, 0xC6, 0x50, 0x7E, 0xC9, 0x57, 0x85, 0xCC, 0x4C, 0x7A, 0xC7, 0x30, 0x5C, 0xB4, 0x28, 0x50, 0xAE, 0x2C, 0x57, 0xB5, 
        0x27, 0x4E, 0xB2, 0x20, 0x45, 0xA9, 0x1C, 0x46, 0x9D,
  0x3F, 0x66, 0xB5, 0x16, 0x44, 0xA6, 0x16, 0x44, 0xA6, 0x16, 0x44, 0xA6, 0x16, 0x44, 0xA6, 0x16, 0x44, 0xA6, 0x16, 0x45, 0xA6, 0x15, 0x43, 0xA4, 0x1C, 0x54, 0xB0, 0x3B, 0x76, 0xC4, 0x2E, 0x69, 0xBD, 0x16, 0x46, 0xA7, 0x18, 0x49, 0xAA, 0x3B, 0x7A, 0xC8, 
        0x52, 0x91, 0xD6, 0x41, 0x80, 0xCB, 0x1F, 0x58, 0xB3, 0x18, 0x46, 0xA6, 0x1B, 0x4A, 0xA9, 0x1C, 0x4C, 0xAA, 0x1B, 0x4C, 0xAA, 0x1B, 0x4B, 0xAA, 0x1C, 0x4E, 0xAC, 0x1D, 0x4E, 0xAC, 0x1D, 0x4F, 0xAC, 0x1F, 0x50, 0xAE, 0x1A, 0x4C, 0xAB, 
        0x20, 0x5A, 0xB5, 0x2D, 0x67, 0xBC, 0x20, 0x56, 0xB1, 0x20, 0x53, 0xB1, 0x21, 0x55, 0xB2, 0x21, 0x54, 0xB1, 0x21, 0x56, 0xB1, 0x23, 0x59, 0xB3, 0x24, 0x59, 0xB3, 0x24, 0x58, 0xB2, 0x22, 0x57, 0xB2, 0x24, 0x58, 0xB3, 0x22, 0x57, 0xB1, 
        0x24, 0x59, 0xB3, 0x27, 0x5B, 0xB4, 0x27, 0x5B, 0xB3, 0x27, 0x5B, 0xB4, 0x2B, 0x60, 0xB7, 0x2B, 0x60, 0xB6, 0x2B, 0x60, 0xB6, 0x2E, 0x63, 0xB8, 0x2F, 0x64, 0xB9, 0x31, 0x66, 0xBA, 0x32, 0x67, 0xBA, 0x33, 0x69, 0xBC, 0x34, 0x6B, 0xBD, 
        0x37, 0x6E, 0xBD, 0x39, 0x71, 0xBF, 0x3A, 0x71, 0xBF, 0x39, 0x71, 0xBF, 0x3B, 0x73, 0xC0, 0x3C, 0x72, 0xBF, 0x39, 0x71, 0xBE, 0x39, 0x6F, 0xBF, 0x36, 0x6C, 0xBC, 0x33, 0x69, 0xBA, 0x32, 0x67, 0xB9, 0x31, 0x64, 0xB8, 0xC2, 0xD0, 0xEA, 
        0x9E, 0xB5, 0xDD, 0x75, 0x96, 0xCF, 0x76, 0x96, 0xCF, 0x76, 0x97, 0xCF, 0x78, 0x98, 0xD1, 0x78, 0x9A, 0xD1, 0x7A, 0x9B, 0xD1, 0x7A, 0x9D, 0xD2, 0x7D, 0x9E, 0xD4, 0x7E, 0xA0, 0xD5, 0x7E, 0xA0, 0xD5, 0x7E, 0xA0, 0xD4, 0x7D, 0x9E, 0xD3, 
        0x7D, 0x9E, 0xD3, 0x7D, 0x9D, 0xD3, 0x7B, 0x9B, 0xD2, 0x7A, 0x99, 0xD1, 0x7A, 0x9A, 0xD1, 0x7A, 0x9A, 0xD1, 0x7A, 0x9A, 0xD1, 0x7A, 0x99, 0xD1, 0x9C, 0xB4, 0xDD, 0xC4, 0xD2, 0xEB, 0x3C, 0x6B, 0xBC, 0x3B, 0x69, 0xBB, 0x3D, 0x6C, 0xBC, 
        0x3F, 0x6D, 0xBD, 0x3B, 0x6A, 0xBC, 0x3E, 0x6D, 0xBC, 0x40, 0x6E, 0xBE, 0x40, 0x6E, 0xBE, 0x40, 0x6E, 0xBE, 0x3E, 0x6E, 0xBD, 0x41, 0x6F, 0xBE, 0x44, 0x72, 0xC0, 0x47, 0x75, 0xC2, 0x44, 0x73, 0xC1, 0x41, 0x6F, 0xBE, 0x42, 0x6F, 0xBF, 
        0x41, 0x71, 0xBF, 0x41, 0x73, 0xC0, 0x42, 0x77, 0xC2, 0x58, 0x8D, 0xCC, 0x69, 0x99, 0xD3, 0x51, 0x7E, 0xC6, 0x3D, 0x6C, 0xBD, 0x42, 0x72, 0xBE, 0x49, 0x76, 0xC2, 0x43, 0x70, 0xBF, 0x43, 0x70, 0xBF, 0x47, 0x74, 0xC1, 0x43, 0x73, 0xBF, 
        0x43, 0x72, 0xC0, 0x45, 0x75, 0xC0, 0x48, 0x77, 0xC2, 0x47, 0x75, 0xC2, 0x47, 0x75, 0xC3, 0x48, 0x76, 0xC3, 0x49, 0x76, 0xC3, 0x49, 0x76, 0xC3, 0x49, 0x77, 0xC3, 0x49, 0x77, 0xC4, 0x49, 0x77, 0xC4, 0x4B, 0x77, 0xC3, 0x52, 0x7E, 0xC6, 
        0x53, 0x7F, 0xC6, 0x4B, 0x78, 0xC3, 0x4A, 0x77, 0xC3, 0x4E, 0x7A, 0xC5, 0x4E, 0x79, 0xC4, 0x4C, 0x79, 0xC3, 0x4C, 0x7A, 0xC4, 0x51, 0x7E, 0xC7, 0x4C, 0x7A, 0xC4, 0x4F, 0x7B, 0xC6, 0x50, 0x7E, 0xC6, 0x50, 0x7E, 0xC7, 0x50, 0x7E, 0xC7, 
        0x50, 0x7E, 0xC7, 0x50, 0x7E, 0xC5, 0x4E, 0x7D, 0xC5, 0x4F, 0x7E, 0xC6, 0x50, 0x7F, 0xC6, 0x4E, 0x80, 0xC5, 0x50, 0x7F, 0xC6, 0x53, 0x80, 0xC9, 0x52, 0x7E, 0xCA, 0x3A, 0x67, 0xBE, 0x26, 0x4C, 0xA9, 0x27, 0x51, 0xB0, 0x2B, 0x54, 0xB4, 
        0x23, 0x49, 0xAD, 0x1D, 0x3F, 0xA5, 0x1B, 0x44, 0x9B,
  0x3F, 0x66, 0xB3, 0x15, 0x44, 0xA4, 0x16, 0x45, 0xA5, 0x16, 0x45, 0xA5, 0x16, 0x45, 0xA5, 0x17, 0x47, 0xA6, 0x16, 0x47, 0xA6, 0x16, 0x45, 0xA7, 0x1C, 0x4E, 0xAE, 0x2D, 0x69, 0xBD, 0x28, 0x60, 0xB8, 0x1A, 0x4B, 0xAA, 0x17, 0x47, 0xA8, 0x25, 0x5E, 0xB8, 
        0x4E, 0x89, 0xCF, 0x47, 0x82, 0xCB, 0x1D, 0x52, 0xAF, 0x18, 0x48, 0xA8, 0x1C, 0x4D, 0xAC, 0x1B, 0x4B, 0xAB, 0x1B, 0x4B, 0xAA, 0x1B, 0x4C, 0xAC, 0x1C, 0x4E, 0xAC, 0x1C, 0x4E, 0xAD, 0x1D, 0x4E, 0xAD, 0x1E, 0x50, 0xAE, 0x1E, 0x4F, 0xAE, 
        0x1D, 0x4F, 0xAD, 0x1D, 0x4F, 0xAD, 0x1F, 0x51, 0xAE, 0x20, 0x53, 0xB0, 0x20, 0x53, 0xB1, 0x20, 0x53, 0xAF, 0x21, 0x56, 0xB1, 0x25, 0x5A, 0xB3, 0x23, 0x59, 0xB3, 0x22, 0x56, 0xB2, 0x22, 0x55, 0xB0, 0x24, 0x5A, 0xB3, 0x24, 0x58, 0xB0, 
        0x24, 0x58, 0xB1, 0x26, 0x5C, 0xB4, 0x28, 0x5B, 0xB3, 0x28, 0x5C, 0xB4, 0x2B, 0x5E, 0xB6, 0x2D, 0x62, 0xB7, 0x2E, 0x62, 0xB8, 0x2D, 0x62, 0xB7, 0x2F, 0x63, 0xB9, 0x31, 0x64, 0xB9, 0x32, 0x65, 0xB9, 0x34, 0x67, 0xBC, 0x35, 0x6B, 0xBC, 
        0x38, 0x6E, 0xBE, 0x3B, 0x6F, 0xBF, 0x3C, 0x71, 0xC0, 0x3D, 0x73, 0xC1, 0x3D, 0x72, 0xC1, 0x3B, 0x71, 0xBF, 0x3C, 0x6F, 0xBE, 0x39, 0x6E, 0xBE, 0x38, 0x6B, 0xBC, 0x34, 0x68, 0xBB, 0x33, 0x67, 0xB9, 0x34, 0x67, 0xB9, 0xC2, 0xD2, 0xEA, 
        0xC2, 0xD1, 0xEA, 0xC2, 0xD1, 0xEA, 0xC2, 0xD1, 0xEA, 0xC2, 0xD1, 0xEA, 0xC4, 0xD2, 0xEB, 0xC4, 0xD2, 0xEA, 0xC4, 0xD3, 0xEB, 0xC5, 0xD3, 0xEB, 0xC5, 0xD4, 0xEC, 0xC6, 0xD5, 0xEC, 0xC6, 0xD4, 0xEC, 0xC5, 0xD4, 0xEC, 0xC5, 0xD3, 0xEB, 
        0xC4, 0xD3, 0xEB, 0xC5, 0xD3, 0xEB, 0xC4, 0xD3, 0xEA, 0xC4, 0xD2, 0xEA, 0xC5, 0xD2, 0xEB, 0xC4, 0xD2, 0xEA, 0xC4, 0xD2, 0xEA, 0xC4, 0xD1, 0xEA, 0xC4, 0xD2, 0xEA, 0xC4, 0xD2, 0xEB, 0x39, 0x68, 0xBB, 0x46, 0x72, 0xBF, 0x47, 0x73, 0xBF, 
        0x3F, 0x6D, 0xBC, 0x3C, 0x6A, 0xBC, 0x3D, 0x6C, 0xBC, 0x40, 0x6E, 0xBD, 0x40, 0x6E, 0xBE, 0x3E, 0x6E, 0xBD, 0x42, 0x70, 0xBE, 0x40, 0x6F, 0xBE, 0x43, 0x71, 0xBE, 0x49, 0x75, 0xC2, 0x44, 0x70, 0xC0, 0x40, 0x70, 0xBC, 0x3E, 0x6F, 0xBB, 
        0x3F, 0x6C, 0xBD, 0x43, 0x70, 0xBF, 0x3F, 0x6D, 0xBC, 0x48, 0x77, 0xBF, 0x48, 0x78, 0xBF, 0x45, 0x70, 0xC0, 0x44, 0x70, 0xBE, 0x52, 0x7D, 0xC5, 0x4A, 0x76, 0xC1, 0x42, 0x6F, 0xBE, 0x44, 0x70, 0xBF, 0x47, 0x73, 0xC1, 0x47, 0x73, 0xC1, 
        0x47, 0x73, 0xC1, 0x49, 0x76, 0xC2, 0x4B, 0x77, 0xC3, 0x48, 0x75, 0xC2, 0x47, 0x74, 0xC2, 0x48, 0x75, 0xC3, 0x49, 0x76, 0xC3, 0x4A, 0x76, 0xC3, 0x4B, 0x78, 0xC3, 0x4A, 0x77, 0xC3, 0x49, 0x77, 0xC4, 0x4C, 0x7D, 0xC5, 0x51, 0x7F, 0xC7, 
        0x50, 0x7E, 0xC5, 0x4B, 0x7A, 0xC2, 0x4D, 0x7A, 0xC3, 0x4D, 0x79, 0xC3, 0x4E, 0x79, 0xC3, 0x4F, 0x7A, 0xC4, 0x4F, 0x79, 0xC3, 0x51, 0x7C, 0xC6, 0x4F, 0x7A, 0xC5, 0x4F, 0x7A, 0xC4, 0x53, 0x7D, 0xC6, 0x4F, 0x7D, 0xC6, 0x51, 0x7F, 0xC7, 
        0x51, 0x7F, 0xC7, 0x4D, 0x7B, 0xC4, 0x4E, 0x7D, 0xC4, 0x4F, 0x7E, 0xC4, 0x51, 0x7F, 0xC6, 0x51, 0x7E, 0xC6, 0x53, 0x80, 0xC8, 0x54, 0x7F, 0xC9, 0x3D, 0x6B, 0xC1, 0x2B, 0x52, 0xB1, 0x28, 0x4E, 0xAF, 0x29, 0x4F, 0xAF, 0x25, 0x4A, 0xAB, 
        0x1D, 0x3D, 0x9F, 0x1C, 0x3B, 0x9E, 0x1D, 0x45, 0x9B,
  0x40, 0x68, 0xB6, 0x15, 0x44, 0xA4, 0x15, 0x44, 0xA4, 0x16, 0x47, 0xA6, 0x17, 0x47, 0xA6, 0x18, 0x47, 0xA6, 0x18, 0x48, 0xA8, 0x18, 0x47, 0xA8, 0x15, 0x42, 0xA4, 0x18, 0x48, 0xA9, 0x1A, 0x4C, 0xAC, 0x1A, 0x49, 0xAA, 0x17, 0x46, 0xA7, 0x1A, 0x4A, 0xAB, 
        0x28, 0x60, 0xB8, 0x25, 0x5D, 0xB5, 0x19, 0x49, 0xA8, 0x19, 0x4A, 0xA8, 0x1B, 0x4B, 0xAB, 0x1B, 0x4D, 0xAB, 0x1B, 0x4B, 0xAA, 0x1B, 0x4C, 0xAB, 0x1C, 0x4E, 0xAC, 0x1C, 0x4E, 0xAD, 0x1C, 0x4E, 0xAD, 0x1E, 0x4F, 0xAD, 0x1F, 0x50, 0xAD, 
        0x1F, 0x50, 0xAE, 0x1F, 0x4F, 0xAE, 0x1F, 0x50, 0xAE, 0x20, 0x53, 0xAF, 0x20, 0x53, 0xB0, 0x20, 0x53, 0xB1, 0x23, 0x55, 0xB1, 0x23, 0x57, 0xB2, 0x21, 0x54, 0xAF, 0x25, 0x59, 0xB4, 0x26, 0x59, 0xB4, 0x21, 0x53, 0xB0, 0x24, 0x5A, 0xB2, 
        0x26, 0x5B, 0xB2, 0x26, 0x5A, 0xB3, 0x27, 0x5C, 0xB4, 0x2A, 0x5C, 0xB4, 0x2A, 0x5C, 0xB4, 0x2B, 0x5E, 0xB5, 0x2D, 0x62, 0xB7, 0x2E, 0x63, 0xB7, 0x2E, 0x63, 0xB7, 0x2F, 0x64, 0xB8, 0x31, 0x66, 0xB9, 0x33, 0x67, 0xBA, 0x35, 0x6A, 0xBA, 
        0x3A, 0x71, 0xBE, 0x3B, 0x71, 0xBF, 0x3B, 0x6F, 0xBE, 0x3D, 0x71, 0xBF, 0x40, 0x75, 0xC1, 0x3B, 0x70, 0xBF, 0x39, 0x6E, 0xBD, 0x39, 0x6C, 0xBC, 0x37, 0x6A, 0xBB, 0x36, 0x67, 0xBA, 0x34, 0x67, 0xB9, 0x34, 0x67, 0xB9, 0x31, 0x64, 0xB7, 
        0x31, 0x64, 0xB7, 0x35, 0x67, 0xB9, 0x34, 0x66, 0xB9, 0x32, 0x63, 0xB7, 0x36, 0x65, 0xB8, 0x39, 0x68, 0xBB, 0x38, 0x68, 0xBB, 0x39, 0x69, 0xBB, 0x39, 0x6A, 0xBB, 0x3B, 0x6C, 0xBC, 0x3E, 0x6E, 0xBE, 0x3F, 0x6E, 0xBE, 0x3E, 0x6E, 0xBC, 
        0x3D, 0x6C, 0xBC, 0x3A, 0x6A, 0xBC, 0x3A, 0x68, 0xBA, 0x38, 0x67, 0xB9, 0x38, 0x66, 0xB9, 0x38, 0x66, 0xBA, 0x38, 0x66, 0xBA, 0x39, 0x67, 0xB8, 0x39, 0x67, 0xBA, 0x39, 0x67, 0xBB, 0x3B, 0x69, 0xBB, 0x42, 0x6F, 0xBE, 0x42, 0x6F, 0xBC, 
        0x3D, 0x6B, 0xBB, 0x3D, 0x6C, 0xBC, 0x3D, 0x6C, 0xBC, 0x3F, 0x6D, 0xBC, 0x40, 0x6E, 0xBD, 0x3D, 0x6D, 0xBB, 0x3E, 0x6D, 0xBC, 0x40, 0x6D, 0xBC, 0x40, 0x6F, 0xBD, 0x41, 0x6E, 0xBD, 0x41, 0x6E, 0xBE, 0x42, 0x6D, 0xBC, 0x43, 0x6F, 0xBC, 
        0x3F, 0x6C, 0xBC, 0x42, 0x6F, 0xBF, 0x40, 0x6D, 0xBD, 0x43, 0x6B, 0xBA, 0x45, 0x6E, 0xBB, 0x43, 0x70, 0xBD, 0x45, 0x71, 0xBE, 0x4F, 0x7B, 0xC4, 0x46, 0x72, 0xC0, 0x44, 0x71, 0xBE, 0x46, 0x72, 0xBF, 0x47, 0x72, 0xBF, 0x46, 0x73, 0xBF, 
        0x47, 0x74, 0xC1, 0x49, 0x76, 0xC1, 0x49, 0x76, 0xC2, 0x48, 0x74, 0xC2, 0x48, 0x74, 0xC0, 0x4A, 0x77, 0xC2, 0x48, 0x75, 0xC1, 0x48, 0x76, 0xC1, 0x49, 0x76, 0xC1, 0x4A, 0x78, 0xC1, 0x4B, 0x79, 0xC3, 0x4D, 0x7D, 0xC5, 0x5B, 0x89, 0xCB, 
        0x57, 0x82, 0xC8, 0x4A, 0x78, 0xC1, 0x4D, 0x78, 0xC1, 0x4D, 0x7A, 0xC3, 0x4D, 0x78, 0xC3, 0x4E, 0x76, 0xC3, 0x4F, 0x79, 0xC3, 0x52, 0x7C, 0xC5, 0x50, 0x7A, 0xC5, 0x4E, 0x77, 0xC4, 0x4F, 0x7A, 0xC4, 0x50, 0x7D, 0xC6, 0x51, 0x7F, 0xC6, 
        0x4F, 0x7D, 0xC5, 0x56, 0x84, 0xC8, 0x63, 0x8F, 0xCE, 0x54, 0x83, 0xC7, 0x4B, 0x79, 0xC2, 0x54, 0x81, 0xC8, 0x55, 0x82, 0xC9, 0x42, 0x71, 0xC1, 0x2B, 0x52, 0xAE, 0x21, 0x44, 0xA4, 0x24, 0x47, 0xA9, 0x24, 0x48, 0xA9, 0x21, 0x44, 0xA5, 
        0x1C, 0x3C, 0x9E, 0x1E, 0x3F, 0xA0, 0x1E, 0x47, 0x9D,
  0x40, 0x68, 0xB6, 0x15, 0x46, 0xA5, 0x16, 0x46, 0xA5, 0x16, 0x46, 0xA5, 0x18, 0x48, 0xA6, 0x18, 0x47, 0xA8, 0x19, 0x48, 0xA8, 0x19, 0x47, 0xA8, 0x18, 0x47, 0xA6, 0x18, 0x48, 0xA8, 0x18, 0x46, 0xA7, 0x18, 0x48, 0xA7, 0x1B, 0x4C, 0xAC, 0x19, 0x49, 0xA9, 
        0x19, 0x47, 0xA8, 0x19, 0x47, 0xA8, 0x1A, 0x49, 0xAA, 0x1B, 0x4C, 0xAB, 0x1A, 0x4A, 0xA8, 0x1C, 0x4B, 0xAA, 0x1C, 0x4B, 0xAB, 0x1C, 0x4D, 0xAB, 0x1C, 0x4E, 0xAB, 0x1D, 0x4E, 0xAC, 0x1D, 0x4E, 0xAC, 0x1E, 0x4E, 0xAD, 0x1F, 0x4F, 0xAD, 
        0x1F, 0x50, 0xAD, 0x1F, 0x50, 0xAE, 0x1F, 0x50, 0xAE, 0x1F, 0x52, 0xAE, 0x1F, 0x53, 0xAE, 0x21, 0x55, 0xB0, 0x23, 0x55, 0xB1, 0x21, 0x53, 0xAF, 0x23, 0x57, 0xB2, 0x36, 0x6A, 0xBC, 0x37, 0x6C, 0xBD, 0x26, 0x57, 0xB3, 0x22, 0x57, 0xB0, 
        0x24, 0x58, 0xB0, 0x26, 0x5A, 0xB2, 0x29, 0x5B, 0xB4, 0x29, 0x5B, 0xB3, 0x2B, 0x5C, 0xB4, 0x2D, 0x5E, 0xB4, 0x2D, 0x5F, 0xB5, 0x2E, 0x60, 0xB6, 0x2D, 0x60, 0xB5, 0x2B, 0x5F, 0xB5, 0x2F, 0x63, 0xB7, 0x31, 0x64, 0xB8, 0x2F, 0x64, 0xB7, 
        0x34, 0x67, 0xB9, 0x38, 0x6E, 0xBC, 0x3C, 0x6F, 0xBE, 0x3B, 0x6F, 0xBE, 0x3B, 0x6F, 0xBE, 0x3C, 0x71, 0xBE, 0x3D, 0x71, 0xBE, 0x3A, 0x6D, 0xBC, 0x38, 0x69, 0xBB, 0x34, 0x67, 0xB8, 0x34, 0x66, 0xB9, 0x33, 0x64, 0xB8, 0x30, 0x64, 0xB6, 
        0x34, 0x65, 0xB8, 0x32, 0x65, 0xB8, 0x34, 0x64, 0xB8, 0x32, 0x62, 0xB7, 0x34, 0x63, 0xB7, 0x38, 0x66, 0xB9, 0x38, 0x67, 0xBA, 0x39, 0x69, 0xBA, 0x39, 0x6A, 0xBB, 0x39, 0x6A, 0xBB, 0x3B, 0x6B, 0xBB, 0x3C, 0x6C, 0xBC, 0x3C, 0x6B, 0xBB, 
        0x3A, 0x6B, 0xBB, 0x3A, 0x69, 0xB9, 0x39, 0x68, 0xBA, 0x3A, 0x66, 0xBA, 0x3A, 0x67, 0xB9, 0x3A, 0x67, 0xB9, 0x3A, 0x66, 0xBA, 0x3A, 0x66, 0xBA, 0x3B, 0x67, 0xB8, 0x3B, 0x68, 0xBA, 0x3C, 0x6A, 0xBB, 0x3D, 0x6B, 0xBB, 0x39, 0x68, 0xB9, 
        0x3F, 0x6C, 0xBB, 0x3F, 0x6C, 0xBB, 0x3C, 0x6A, 0xBA, 0x3B, 0x69, 0xBA, 0x3D, 0x6C, 0xBC, 0x3D, 0x6D, 0xBA, 0x3A, 0x6A, 0xBA, 0x3D, 0x6B, 0xBB, 0x42, 0x70, 0xBE, 0x43, 0x6F, 0xBE, 0x44, 0x71, 0xBE, 0x41, 0x6B, 0xBC, 0x56, 0x80, 0xC8, 
        0x5F, 0x8E, 0xCF, 0x5A, 0x8D, 0xCE, 0x51, 0x83, 0xCA, 0x45, 0x70, 0xBF, 0x46, 0x70, 0xBD, 0x45, 0x71, 0xBE, 0x44, 0x71, 0xBD, 0x48, 0x72, 0xC0, 0x44, 0x6F, 0xBD, 0x48, 0x72, 0xC0, 0x49, 0x75, 0xC0, 0x45, 0x72, 0xBF, 0x46, 0x72, 0xBF, 
        0x47, 0x73, 0xBF, 0x49, 0x74, 0xC1, 0x49, 0x74, 0xC1, 0x47, 0x73, 0xC0, 0x49, 0x75, 0xC0, 0x4B, 0x78, 0xC2, 0x49, 0x75, 0xC0, 0x49, 0x75, 0xC1, 0x49, 0x76, 0xC1, 0x4C, 0x78, 0xC1, 0x4C, 0x78, 0xC1, 0x4F, 0x7D, 0xC4, 0x6F, 0x99, 0xD4, 
        0x62, 0x8D, 0xCC, 0x45, 0x73, 0xBF, 0x4A, 0x77, 0xC1, 0x4E, 0x7B, 0xC2, 0x4E, 0x79, 0xC3, 0x4E, 0x78, 0xC3, 0x4F, 0x79, 0xC3, 0x50, 0x7A, 0xC3, 0x4E, 0x79, 0xC3, 0x4E, 0x7A, 0xC4, 0x52, 0x7D, 0xC6, 0x51, 0x7E, 0xC6, 0x4F, 0x7C, 0xC4, 
        0x50, 0x7D, 0xC4, 0x5A, 0x87, 0xCA, 0x5F, 0x8A, 0xCB, 0x52, 0x80, 0xC7, 0x55, 0x81, 0xC8, 0x54, 0x7F, 0xC8, 0x44, 0x71, 0xC1, 0x33, 0x5E, 0xB6, 0x29, 0x50, 0xAD, 0x25, 0x47, 0xA7, 0x23, 0x44, 0xA6, 0x24, 0x46, 0xA7, 0x22, 0x45, 0xA6, 
        0x1F, 0x3F, 0xA2, 0x1F, 0x3E, 0xA0, 0x1D, 0x44, 0x9A,
  0x40, 0x67, 0xB6, 0x15, 0x46, 0xA5, 0x16, 0x46, 0xA5, 0x16, 0x46, 0xA5, 0x17, 0x46, 0xA5, 0x18, 0x47, 0xA6, 0x18, 0x47, 0xA6, 0x19, 0x47, 0xA6, 0x1A, 0x4A, 0xA9, 0x19, 0x48, 0xA8, 0x19, 0x48, 0xA7, 0x19, 0x49, 0xA9, 0x19, 0x49, 0xA9, 0x1A, 0x4B, 0xAA, 
        0x1A, 0x4B, 0xA9, 0x1A, 0x4A, 0xAA, 0x1D, 0x4F, 0xAC, 0x1D, 0x4F, 0xAB, 0x1B, 0x4A, 0xA8, 0x1B, 0x4D, 0xAA, 0x1E, 0x4D, 0xAC, 0x1E, 0x4D, 0xAC, 0x1E, 0x4D, 0xAC, 0x1E, 0x4E, 0xAC, 0x1E, 0x4E, 0xAD, 0x1E, 0x4E, 0xAD, 0x1E, 0x4E, 0xAC, 
        0x20, 0x4E, 0xAC, 0x1F, 0x4F, 0xAC, 0x1F, 0x4F, 0xAD, 0x20, 0x50, 0xAE, 0x20, 0x50, 0xAE, 0x22, 0x53, 0xAF, 0x23, 0x55, 0xAE, 0x21, 0x51, 0xAE, 0x26, 0x58, 0xB2, 0x33, 0x66, 0xB9, 0x31, 0x65, 0xB9, 0x2B, 0x5F, 0xB6, 0x30, 0x63, 0xB7, 
        0x2A, 0x5E, 0xB3, 0x24, 0x58, 0xB0, 0x27, 0x58, 0xB0, 0x29, 0x5A, 0xB3, 0x2C, 0x5C, 0xB4, 0x2B, 0x5C, 0xB3, 0x2B, 0x5C, 0xB3, 0x2D, 0x5E, 0xB5, 0x2A, 0x5C, 0xB2, 0x2B, 0x5D, 0xB4, 0x30, 0x63, 0xB7, 0x36, 0x68, 0xBA, 0x41, 0x74, 0xC0, 
        0x34, 0x69, 0xB9, 0x34, 0x68, 0xB9, 0x39, 0x6E, 0xBC, 0x37, 0x6B, 0xBB, 0x39, 0x6E, 0xBD, 0x3B, 0x6F, 0xBD, 0x39, 0x6C, 0xBB, 0x39, 0x6B, 0xBB, 0x37, 0x6A, 0xBB, 0x37, 0x69, 0xBA, 0x39, 0x6A, 0xBA, 0x39, 0x6A, 0xBB, 0x3F, 0x70, 0xBF, 
        0x41, 0x72, 0xBF, 0x34, 0x64, 0xB7, 0x32, 0x61, 0xB6, 0x37, 0x64, 0xB9, 0x35, 0x63, 0xB7, 0x34, 0x63, 0xB7, 0x38, 0x66, 0xB7, 0x3E, 0x6E, 0xBD, 0x43, 0x71, 0xBF, 0x3D, 0x6D, 0xBC, 0x38, 0x68, 0xB9, 0x38, 0x69, 0xB9, 0x3A, 0x69, 0xB9, 
        0x3A, 0x68, 0xB9, 0x3A, 0x68, 0xB9, 0x3A, 0x66, 0xB9, 0x3A, 0x66, 0xB9, 0x3C, 0x66, 0xB9, 0x3A, 0x67, 0xB9, 0x3A, 0x67, 0xB7, 0x3A, 0x67, 0xBA, 0x3A, 0x67, 0xBA, 0x3B, 0x68, 0xBA, 0x3C, 0x6A, 0xBA, 0x3B, 0x68, 0xB9, 0x3C, 0x6B, 0xB9, 
        0x3F, 0x6D, 0xBB, 0x3D, 0x6B, 0xB9, 0x3D, 0x6B, 0xB9, 0x45, 0x72, 0xBF, 0x4B, 0x79, 0xC2, 0x43, 0x72, 0xBE, 0x48, 0x76, 0xC0, 0x46, 0x72, 0xBF, 0x42, 0x70, 0xBE, 0x45, 0x71, 0xBE, 0x43, 0x71, 0xBE, 0x44, 0x74, 0xC0, 0x60, 0x94, 0xD1, 
        0x6C, 0xA4, 0xD8, 0x69, 0xA5, 0xD9, 0x6C, 0xA4, 0xD8, 0x50, 0x84, 0xC9, 0x3F, 0x70, 0xBD, 0x45, 0x70, 0xBD, 0x45, 0x71, 0xBD, 0x45, 0x71, 0xBD, 0x46, 0x71, 0xBD, 0x4A, 0x74, 0xC0, 0x49, 0x74, 0xC0, 0x45, 0x71, 0xBD, 0x46, 0x72, 0xBF, 
        0x48, 0x73, 0xBF, 0x48, 0x74, 0xBF, 0x48, 0x74, 0xBF, 0x48, 0x74, 0xBF, 0x49, 0x74, 0xC0, 0x4B, 0x77, 0xC0, 0x4B, 0x77, 0xC0, 0x4B, 0x77, 0xC2, 0x4B, 0x77, 0xC3, 0x4B, 0x78, 0xC3, 0x4C, 0x78, 0xC1, 0x4B, 0x78, 0xC1, 0x56, 0x83, 0xC7, 
        0x4B, 0x79, 0xC2, 0x49, 0x77, 0xC1, 0x52, 0x7C, 0xC4, 0x4E, 0x78, 0xC1, 0x4E, 0x79, 0xC2, 0x51, 0x7B, 0xC5, 0x51, 0x7B, 0xC5, 0x53, 0x7E, 0xC5, 0x51, 0x7C, 0xC3, 0x52, 0x7C, 0xC3, 0x55, 0x80, 0xC7, 0x53, 0x80, 0xC6, 0x57, 0x84, 0xC7, 
        0x53, 0x7F, 0xC6, 0x52, 0x7E, 0xC6, 0x53, 0x7F, 0xC7, 0x53, 0x80, 0xC8, 0x55, 0x7F, 0xC8, 0x41, 0x6B, 0xBF, 0x2F, 0x57, 0xAF, 0x2E, 0x54, 0xB0, 0x2C, 0x51, 0xAE, 0x25, 0x47, 0xA7, 0x20, 0x40, 0xA1, 0x1F, 0x3C, 0x9E, 0x21, 0x41, 0xA4, 
        0x20, 0x40, 0xA2, 0x1C, 0x3B, 0x9D, 0x19, 0x3E, 0x95,
  0x41, 0x68, 0xB6, 0x15, 0x46, 0xA4, 0x16, 0x46, 0xA5, 0x17, 0x46, 0xA5, 0x17, 0x44, 0xA5, 0x18, 0x44, 0xA5, 0x18, 0x47, 0xA6, 0x19, 0x47, 0xA6, 0x19, 0x48, 0xA6, 0x19, 0x47, 0xA6, 0x19, 0x47, 0xA8, 0x1A, 0x49, 0xA9, 0x19, 0x48, 0xA7, 0x19, 0x48, 0xA7, 
        0x1B, 0x4B, 0xA9, 0x1B, 0x4C, 0xAA, 0x1D, 0x4D, 0xAB, 0x1D, 0x4D, 0xAA, 0x1D, 0x4C, 0xAA, 0x1D, 0x4D, 0xAA, 0x1D, 0x4E, 0xAB, 0x1E, 0x4E, 0xAB, 0x1E, 0x4E, 0xAB, 0x1E, 0x4E, 0xAB, 0x1E, 0x4F, 0xAB, 0x1E, 0x4F, 0xAC, 0x1E, 0x4E, 0xAC, 
        0x1F, 0x4E, 0xAA, 0x1F, 0x4E, 0xAA, 0x1F, 0x4F, 0xAA, 0x20, 0x50, 0xAD, 0x20, 0x52, 0xAD, 0x20, 0x52, 0xAD, 0x20, 0x50, 0xAD, 0x23, 0x53, 0xAE, 0x25, 0x56, 0xB1, 0x23, 0x55, 0xAF, 0x23, 0x56, 0xAF, 0x33, 0x66, 0xB9, 0x44, 0x77, 0xC2, 
        0x32, 0x66, 0xB9, 0x24, 0x55, 0xAF, 0x29, 0x58, 0xB0, 0x2C, 0x5B, 0xB3, 0x2A, 0x5A, 0xB3, 0x29, 0x59, 0xB1, 0x2B, 0x5C, 0xB1, 0x2D, 0x5C, 0xB3, 0x2B, 0x5B, 0xB2, 0x30, 0x62, 0xB5, 0x37, 0x69, 0xBA, 0x39, 0x6C, 0xBB, 0x41, 0x73, 0xBF, 
        0x32, 0x64, 0xB6, 0x32, 0x65, 0xB7, 0x39, 0x6B, 0xBA, 0x35, 0x69, 0xB9, 0x38, 0x6B, 0xBA, 0x39, 0x6C, 0xBB, 0x38, 0x6A, 0xBA, 0x38, 0x6B, 0xBA, 0x38, 0x6A, 0xBB, 0x38, 0x69, 0xBA, 0x39, 0x68, 0xB9, 0x39, 0x69, 0xB9, 0x43, 0x74, 0xC0, 
        0x45, 0x74, 0xC0, 0x33, 0x64, 0xB6, 0x32, 0x61, 0xB5, 0x37, 0x65, 0xB8, 0x35, 0x62, 0xB7, 0x35, 0x65, 0xB7, 0x35, 0x63, 0xB6, 0x38, 0x66, 0xB7, 0x39, 0x68, 0xB8, 0x35, 0x64, 0xB7, 0x35, 0x64, 0xB7, 0x3B, 0x69, 0xBA, 0x3D, 0x6B, 0xB9, 
        0x3C, 0x69, 0xB9, 0x3C, 0x68, 0xB9, 0x3A, 0x66, 0xB8, 0x39, 0x65, 0xB6, 0x39, 0x65, 0xB7, 0x3C, 0x66, 0xB7, 0x3C, 0x67, 0xB7, 0x3C, 0x67, 0xB7, 0x3C, 0x67, 0xB8, 0x3C, 0x67, 0xB8, 0x3D, 0x68, 0xB8, 0x3B, 0x68, 0xB8, 0x40, 0x6D, 0xBC, 
        0x3E, 0x6C, 0xBB, 0x38, 0x66, 0xB8, 0x3A, 0x68, 0xB8, 0x48, 0x74, 0xBF, 0x51, 0x7E, 0xC5, 0x4A, 0x79, 0xC0, 0x56, 0x83, 0xC7, 0x52, 0x7E, 0xC4, 0x40, 0x6E, 0xBD, 0x3D, 0x6B, 0xBA, 0x40, 0x6D, 0xBB, 0x3B, 0x6F, 0xBB, 0x54, 0x8C, 0xCB, 
        0x6C, 0xA2, 0xD7, 0x65, 0xA0, 0xD6, 0x62, 0x9A, 0xD2, 0x4C, 0x84, 0xC5, 0x40, 0x72, 0xBD, 0x46, 0x6E, 0xBC, 0x48, 0x71, 0xBD, 0x47, 0x71, 0xBD, 0x48, 0x72, 0xBD, 0x4A, 0x72, 0xBE, 0x49, 0x72, 0xBE, 0x47, 0x70, 0xBD, 0x49, 0x72, 0xBE, 
        0x49, 0x73, 0xBF, 0x4A, 0x72, 0xBF, 0x4A, 0x73, 0xBF, 0x4A, 0x74, 0xBF, 0x4B, 0x74, 0xBF, 0x4B, 0x76, 0xC0, 0x4D, 0x77, 0xC0, 0x4E, 0x78, 0xC0, 0x4E, 0x78, 0xC0, 0x4E, 0x78, 0xC1, 0x4D, 0x78, 0xC1, 0x4C, 0x79, 0xC1, 0x4C, 0x79, 0xC1, 
        0x48, 0x74, 0xBE, 0x4F, 0x7A, 0xC2, 0x52, 0x7C, 0xC4, 0x50, 0x79, 0xC1, 0x4E, 0x78, 0xC1, 0x50, 0x7A, 0xC2, 0x55, 0x7F, 0xC6, 0x59, 0x82, 0xC7, 0x55, 0x7F, 0xC5, 0x52, 0x7C, 0xC4, 0x54, 0x7E, 0xC5, 0x5E, 0x88, 0xC9, 0x6A, 0x92, 0xCE, 
        0x57, 0x83, 0xC7, 0x54, 0x7E, 0xC6, 0x5C, 0x85, 0xCA, 0x54, 0x7F, 0xC8, 0x3E, 0x69, 0xBF, 0x2E, 0x54, 0xB0, 0x2C, 0x51, 0xAD, 0x2C, 0x52, 0xAF, 0x25, 0x47, 0xA7, 0x20, 0x3F, 0xA1, 0x20, 0x3F, 0xA1, 0x1F, 0x3C, 0x9E, 0x21, 0x40, 0xA1, 
        0x20, 0x3F, 0xA2, 0x1C, 0x3A, 0x9D, 0x19, 0x3E, 0x95,
  0x41, 0x68, 0xB6, 0x17, 0x46, 0xA6, 0x17, 0x46, 0xA5, 0x18, 0x46, 0xA5, 0x18, 0x46, 0xA7, 0x18, 0x46, 0xA7, 0x18, 0x46, 0xA7, 0x19, 0x45, 0xA5, 0x19, 0x47, 0xA6, 0x1A, 0x48, 0xA8, 0x1C, 0x4D, 0xAB, 0x1C, 0x4B, 0xA9, 0x1A, 0x49, 0xA8, 0x1B, 0x4C, 0xAA, 
        0x1A, 0x49, 0xA8, 0x1C, 0x4C, 0xAA, 0x1E, 0x50, 0xAC, 0x1E, 0x4F, 0xAB, 0x1D, 0x4D, 0xAA, 0x1E, 0x4F, 0xAA, 0x1E, 0x4D, 0xAB, 0x1E, 0x4E, 0xAB, 0x1E, 0x4E, 0xAC, 0x1E, 0x4E, 0xAB, 0x1E, 0x4E, 0xAC, 0x1C, 0x4E, 0xAA, 0x1E, 0x4E, 0xAA, 
        0x1E, 0x4E, 0xAA, 0x1E, 0x4C, 0xAA, 0x1F, 0x4E, 0xAA, 0x20, 0x50, 0xAC, 0x20, 0x50, 0xAD, 0x20, 0x50, 0xAD, 0x20, 0x50, 0xAD, 0x24, 0x56, 0xB0, 0x23, 0x53, 0xAE, 0x23, 0x53, 0xAF, 0x23, 0x53, 0xAF, 0x2B, 0x5F, 0xB5, 0x33, 0x68, 0xB8, 
        0x29, 0x5D, 0xB2, 0x27, 0x57, 0xB0, 0x2C, 0x5D, 0xB3, 0x2C, 0x5B, 0xB2, 0x2A, 0x5A, 0xB0, 0x2A, 0x5B, 0xB1, 0x2C, 0x5E, 0xB1, 0x2B, 0x5C, 0xB1, 0x2A, 0x5B, 0xB0, 0x30, 0x62, 0xB5, 0x36, 0x67, 0xB8, 0x30, 0x62, 0xB5, 0x2E, 0x60, 0xB4, 
        0x2E, 0x61, 0xB5, 0x32, 0x65, 0xB6, 0x37, 0x6A, 0xB9, 0x37, 0x6A, 0xB9, 0x35, 0x69, 0xB9, 0x37, 0x69, 0xBA, 0x38, 0x69, 0xBA, 0x38, 0x69, 0xBA, 0x38, 0x6A, 0xBA, 0x36, 0x67, 0xB8, 0x34, 0x63, 0xB7, 0x31, 0x60, 0xB5, 0x33, 0x63, 0xB5, 
        0x35, 0x66, 0xB8, 0x2E, 0x5E, 0xB3, 0x33, 0x62, 0xB6, 0x34, 0x61, 0xB5, 0x37, 0x62, 0xB6, 0x38, 0x64, 0xB7, 0x37, 0x63, 0xB6, 0x3A, 0x66, 0xB7, 0x3D, 0x68, 0xB8, 0x39, 0x66, 0xB8, 0x36, 0x63, 0xB7, 0x38, 0x66, 0xB8, 0x3B, 0x6A, 0xB8, 
        0x3B, 0x69, 0xB8, 0x3C, 0x68, 0xB9, 0x3A, 0x65, 0xB8, 0x3A, 0x66, 0xB8, 0x3C, 0x66, 0xB8, 0x3A, 0x66, 0xB7, 0x3C, 0x66, 0xB7, 0x3D, 0x69, 0xB9, 0x3D, 0x69, 0xB9, 0x3C, 0x67, 0xB8, 0x3A, 0x66, 0xB8, 0x3F, 0x6B, 0xBA, 0x50, 0x7A, 0xC2, 
        0x4D, 0x78, 0xC2, 0x44, 0x72, 0xBE, 0x3C, 0x6B, 0xB9, 0x3C, 0x69, 0xB9, 0x3F, 0x6E, 0xBB, 0x45, 0x75, 0xBE, 0x4D, 0x7C, 0xC3, 0x4D, 0x7C, 0xC2, 0x45, 0x73, 0xBD, 0x3E, 0x6D, 0xBB, 0x40, 0x6D, 0xBB, 0x40, 0x6E, 0xBB, 0x46, 0x75, 0xBE, 
        0x57, 0x82, 0xC8, 0x51, 0x7C, 0xC6, 0x48, 0x74, 0xBF, 0x43, 0x70, 0xBB, 0x43, 0x6F, 0xB9, 0x47, 0x6F, 0xBD, 0x48, 0x71, 0xBD, 0x49, 0x71, 0xBD, 0x4A, 0x71, 0xBE, 0x46, 0x70, 0xBC, 0x4A, 0x72, 0xBE, 0x49, 0x72, 0xBE, 0x49, 0x72, 0xBE, 
        0x4A, 0x75, 0xBE, 0x49, 0x72, 0xBF, 0x49, 0x72, 0xBF, 0x4B, 0x74, 0xBF, 0x4D, 0x76, 0xC1, 0x4D, 0x77, 0xC1, 0x4C, 0x76, 0xC0, 0x4C, 0x77, 0xC0, 0x4C, 0x77, 0xC0, 0x4E, 0x78, 0xC2, 0x4E, 0x79, 0xC3, 0x4D, 0x79, 0xC3, 0x4C, 0x78, 0xC1, 
        0x4D, 0x78, 0xC1, 0x4F, 0x7A, 0xC1, 0x50, 0x7A, 0xC2, 0x50, 0x7A, 0xC2, 0x4E, 0x79, 0xC1, 0x4E, 0x79, 0xC2, 0x53, 0x7D, 0xC4, 0x55, 0x7F, 0xC6, 0x51, 0x7B, 0xC5, 0x52, 0x7C, 0xC4, 0x53, 0x7E, 0xC5, 0x58, 0x82, 0xC5, 0x5D, 0x87, 0xC8, 
        0x55, 0x80, 0xC6, 0x59, 0x84, 0xC9, 0x4C, 0x77, 0xC4, 0x38, 0x64, 0xB6, 0x32, 0x59, 0xB4, 0x2C, 0x51, 0xB1, 0x28, 0x4C, 0xAA, 0x25, 0x47, 0xA5, 0x20, 0x3E, 0xA0, 0x1D, 0x3A, 0x9E, 0x1B, 0x37, 0x9A, 0x1C, 0x38, 0x9A, 0x1D, 0x3A, 0x9C, 
        0x1F, 0x3B, 0x9E, 0x1C, 0x37, 0x9B, 0x17, 0x3A, 0x92,
  0x41, 0x68, 0xB6, 0x17, 0x45, 0xA4, 0x18, 0x45, 0xA6, 0x18, 0x46, 0xA7, 0x18, 0x46, 0xA7, 0x18, 0x46, 0xA7, 0x18, 0x46, 0xA7, 0x19, 0x47, 0xA7, 0x1A, 0x48, 0xA8, 0x1A, 0x4A, 0xA9, 0x1C, 0x4D, 0xAB, 0x1C, 0x4B, 0xAA, 0x1A, 0x4A, 0xA8, 0x1C, 0x4C, 0xAA, 
        0x1C, 0x4C, 0xAA, 0x1C, 0x4E, 0xAC, 0x20, 0x53, 0xAE, 0x20, 0x51, 0xAD, 0x1E, 0x4F, 0xAD, 0x1E, 0x4F, 0xAC, 0x1E, 0x51, 0xAC, 0x1D, 0x4F, 0xAB, 0x1D, 0x4E, 0xAA, 0x1E, 0x4E, 0xAB, 0x1E, 0x4D, 0xAA, 0x21, 0x53, 0xAE, 0x1F, 0x51, 0xAC, 
        0x1F, 0x4F, 0xAC, 0x21, 0x53, 0xAE, 0x1F, 0x51, 0xAC, 0x20, 0x4E, 0xAC, 0x20, 0x50, 0xAC, 0x22, 0x52, 0xAE, 0x22, 0x52, 0xAE, 0x24, 0x52, 0xAE, 0x22, 0x53, 0xAE, 0x23, 0x53, 0xAE, 0x23, 0x53, 0xAF, 0x23, 0x53, 0xAF, 0x23, 0x54, 0xAE, 
        0x25, 0x56, 0xAE, 0x29, 0x5A, 0xB2, 0x2E, 0x5D, 0xB3, 0x2C, 0x5B, 0xB2, 0x2A, 0x5A, 0xB0, 0x2A, 0x5A, 0xB0, 0x2A, 0x5B, 0xB1, 0x2F, 0x5F, 0xB4, 0x2F, 0x5F, 0xB4, 0x2D, 0x5C, 0xB1, 0x2E, 0x5E, 0xB4, 0x2A, 0x5A, 0xB1, 0x2E, 0x5D, 0xB2, 
        0x35, 0x64, 0xB7, 0x38, 0x68, 0xB9, 0x35, 0x67, 0xB8, 0x34, 0x67, 0xB7, 0x36, 0x68, 0xB9, 0x37, 0x69, 0xB9, 0x38, 0x69, 0xB8, 0x37, 0x66, 0xB7, 0x36, 0x65, 0xB7, 0x35, 0x65, 0xB6, 0x33, 0x62, 0xB5, 0x33, 0x60, 0xB5, 0x36, 0x63, 0xB5, 
        0x36, 0x64, 0xB5, 0x36, 0x63, 0xB6, 0x37, 0x64, 0xB6, 0x34, 0x61, 0xB5, 0x37, 0x62, 0xB5, 0x34, 0x5F, 0xB3, 0x35, 0x64, 0xB6, 0x4B, 0x7C, 0xC4, 0x57, 0x87, 0xC9, 0x40, 0x70, 0xBD, 0x35, 0x61, 0xB5, 0x3D, 0x67, 0xB8, 0x3B, 0x67, 0xB8, 
        0x39, 0x66, 0xB7, 0x39, 0x67, 0xB7, 0x3D, 0x68, 0xB9, 0x3E, 0x68, 0xB9, 0x3E, 0x68, 0xB8, 0x3D, 0x68, 0xB8, 0x3C, 0x69, 0xB9, 0x3C, 0x68, 0xB7, 0x3B, 0x67, 0xB7, 0x3C, 0x67, 0xB7, 0x3D, 0x67, 0xB8, 0x44, 0x71, 0xBE, 0x53, 0x84, 0xC5, 
        0x53, 0x82, 0xC5, 0x52, 0x7E, 0xC4, 0x48, 0x75, 0xBF, 0x3E, 0x6B, 0xB9, 0x3F, 0x6B, 0xB9, 0x3F, 0x6C, 0xB9, 0x40, 0x6D, 0xBA, 0x45, 0x72, 0xBD, 0x45, 0x70, 0xBD, 0x42, 0x6E, 0xBA, 0x43, 0x6E, 0xBD, 0x48, 0x72, 0xBE, 0x43, 0x6B, 0xBA, 
        0x41, 0x69, 0xBA, 0x44, 0x69, 0xBA, 0x47, 0x6E, 0xBC, 0x49, 0x72, 0xBC, 0x48, 0x72, 0xBC, 0x47, 0x70, 0xBC, 0x48, 0x72, 0xBD, 0x48, 0x73, 0xBD, 0x48, 0x73, 0xBD, 0x46, 0x71, 0xBC, 0x48, 0x74, 0xBD, 0x4A, 0x72, 0xBE, 0x4A, 0x72, 0xBE, 
        0x4B, 0x74, 0xBE, 0x4B, 0x75, 0xBE, 0x4A, 0x73, 0xBF, 0x4C, 0x75, 0xBF, 0x4D, 0x77, 0xBF, 0x4D, 0x76, 0xBF, 0x4D, 0x76, 0xBF, 0x4D, 0x76, 0xC0, 0x4E, 0x77, 0xC0, 0x50, 0x78, 0xC0, 0x50, 0x79, 0xC2, 0x4E, 0x7B, 0xC3, 0x48, 0x76, 0xC0, 
        0x4C, 0x78, 0xC0, 0x51, 0x7B, 0xC1, 0x4F, 0x79, 0xC1, 0x4F, 0x7A, 0xC1, 0x4F, 0x7A, 0xC2, 0x51, 0x7A, 0xC3, 0x50, 0x7B, 0xC2, 0x50, 0x7A, 0xC2, 0x4E, 0x7A, 0xC2, 0x54, 0x7E, 0xC4, 0x64, 0x8C, 0xCA, 0x62, 0x8D, 0xC9, 0x52, 0x7E, 0xC3, 
        0x55, 0x80, 0xC6, 0x4E, 0x7A, 0xC4, 0x34, 0x5E, 0xB3, 0x28, 0x4C, 0xA5, 0x2C, 0x51, 0xAE, 0x27, 0x49, 0xAA, 0x23, 0x42, 0xA3, 0x22, 0x41, 0xA2, 0x1C, 0x38, 0x99, 0x1B, 0x36, 0x99, 0x1F, 0x3A, 0x9E, 0x1C, 0x38, 0x9C, 0x1A, 0x34, 0x97, 
        0x1A, 0x34, 0x97, 0x19, 0x33, 0x95, 0x18, 0x3A, 0x92,
  0x41, 0x68, 0xB6, 0x18, 0x45, 0xA4, 0x18, 0x45, 0xA6, 0x18, 0x45, 0xA6, 0x18, 0x46, 0xA7, 0x18, 0x46, 0xA7, 0x18, 0x49, 0xA8, 0x1B, 0x4A, 0xAA, 0x1B, 0x4A, 0xAA, 0x1B, 0x4B, 0xAA, 0x1A, 0x4A, 0xA9, 0x1B, 0x4B, 0xA9, 0x1C, 0x4B, 0xAA, 0x1C, 0x4B, 0xA9, 
        0x1C, 0x4C, 0xAA, 0x1D, 0x4E, 0xAD, 0x1D, 0x51, 0xAE, 0x20, 0x51, 0xAF, 0x1E, 0x51, 0xAF, 0x1E, 0x51, 0xAE, 0x1E, 0x52, 0xAC, 0x1E, 0x51, 0xAB, 0x1E, 0x4F, 0xAA, 0x1E, 0x50, 0xAB, 0x1F, 0x4E, 0xAB, 0x29, 0x5B, 0xB2, 0x21, 0x52, 0xAE, 
        0x1F, 0x4F, 0xAA, 0x23, 0x54, 0xAF, 0x21, 0x53, 0xAD, 0x1F, 0x4F, 0xAC, 0x20, 0x51, 0xAC, 0x22, 0x52, 0xAD, 0x22, 0x50, 0xAD, 0x24, 0x52, 0xAD, 0x25, 0x54, 0xAE, 0x25, 0x53, 0xAE, 0x29, 0x56, 0xB0, 0x29, 0x56, 0xB1, 0x29, 0x56, 0xAF, 
        0x29, 0x57, 0xAF, 0x29, 0x57, 0xAF, 0x2B, 0x5A, 0xB2, 0x2C, 0x5A, 0xB2, 0x2A, 0x58, 0xB0, 0x29, 0x58, 0xB0, 0x2C, 0x5A, 0xB0, 0x31, 0x60, 0xB5, 0x32, 0x62, 0xB5, 0x2B, 0x5B, 0xB1, 0x2D, 0x5C, 0xB1, 0x2E, 0x5C, 0xB3, 0x31, 0x5D, 0xB3, 
        0x33, 0x60, 0xB5, 0x31, 0x5F, 0xB4, 0x34, 0x63, 0xB6, 0x31, 0x61, 0xB5, 0x31, 0x63, 0xB6, 0x39, 0x6A, 0xB9, 0x3A, 0x6C, 0xB9, 0x38, 0x67, 0xB8, 0x36, 0x65, 0xB7, 0x36, 0x64, 0xB7, 0x38, 0x66, 0xB7, 0x38, 0x63, 0xB7, 0x36, 0x62, 0xB4, 
        0x37, 0x62, 0xB4, 0x38, 0x63, 0xB4, 0x36, 0x61, 0xB5, 0x36, 0x61, 0xB5, 0x34, 0x61, 0xB3, 0x37, 0x62, 0xB3, 0x40, 0x71, 0xBC, 0x57, 0x8C, 0xCD, 0x5D, 0x94, 0xD1, 0x3F, 0x74, 0xBE, 0x3E, 0x6C, 0xB8, 0x4C, 0x76, 0xBF, 0x39, 0x64, 0xB5, 
        0x39, 0x64, 0xB5, 0x3B, 0x66, 0xB7, 0x3D, 0x6A, 0xB8, 0x3F, 0x69, 0xB9, 0x3C, 0x67, 0xB8, 0x3C, 0x68, 0xB6, 0x3C, 0x69, 0xB6, 0x3A, 0x68, 0xB7, 0x3B, 0x66, 0xB7, 0x3D, 0x69, 0xB7, 0x3F, 0x6A, 0xB9, 0x46, 0x76, 0xBE, 0x4E, 0x84, 0xC5, 
        0x50, 0x84, 0xC5, 0x56, 0x85, 0xC6, 0x50, 0x7B, 0xC2, 0x42, 0x6D, 0xBB, 0x41, 0x6B, 0xB9, 0x42, 0x6B, 0xB9, 0x3E, 0x68, 0xB8, 0x3E, 0x69, 0xB9, 0x40, 0x6C, 0xBA, 0x48, 0x72, 0xBD, 0x46, 0x70, 0xBD, 0x43, 0x6D, 0xBB, 0x46, 0x6E, 0xBC, 
        0x45, 0x70, 0xBB, 0x44, 0x6F, 0xBB, 0x46, 0x71, 0xBC, 0x46, 0x71, 0xBE, 0x47, 0x70, 0xBD, 0x47, 0x72, 0xBC, 0x47, 0x72, 0xBC, 0x48, 0x72, 0xBD, 0x48, 0x73, 0xBD, 0x49, 0x73, 0xBD, 0x48, 0x73, 0xBD, 0x4A, 0x72, 0xBD, 0x4B, 0x72, 0xBE, 
        0x4B, 0x72, 0xBE, 0x4C, 0x74, 0xBE, 0x4C, 0x75, 0xBE, 0x4C, 0x75, 0xBF, 0x4D, 0x75, 0xBF, 0x4D, 0x74, 0xBE, 0x4E, 0x76, 0xBE, 0x4F, 0x77, 0xBF, 0x50, 0x77, 0xC0, 0x51, 0x78, 0xC0, 0x51, 0x78, 0xC0, 0x4B, 0x78, 0xBF, 0x54, 0x81, 0xC4, 
        0x54, 0x80, 0xC4, 0x4D, 0x79, 0xC0, 0x50, 0x7A, 0xC1, 0x52, 0x7C, 0xC1, 0x50, 0x7A, 0xC2, 0x50, 0x7A, 0xC3, 0x51, 0x7A, 0xC2, 0x54, 0x7E, 0xC3, 0x51, 0x7D, 0xC1, 0x51, 0x7D, 0xC2, 0x63, 0x8C, 0xC9, 0x6B, 0x94, 0xCD, 0x58, 0x84, 0xC6, 
        0x42, 0x6D, 0xBA, 0x2D, 0x54, 0xAB, 0x30, 0x56, 0xB0, 0x2D, 0x52, 0xAE, 0x2A, 0x4B, 0xAB, 0x23, 0x42, 0xA3, 0x20, 0x3E, 0xA2, 0x20, 0x3E, 0xA0, 0x1B, 0x35, 0x99, 0x1B, 0x36, 0x99, 0x1F, 0x3B, 0x9D, 0x1C, 0x38, 0x9A, 0x1C, 0x37, 0x9A, 
        0x1C, 0x38, 0x9A, 0x1B, 0x35, 0x97, 0x1A, 0x3D, 0x94,
  0x41, 0x66, 0xB5, 0x17, 0x45, 0xA4, 0x18, 0x45, 0xA4, 0x18, 0x46, 0xA6, 0x19, 0x48, 0xA7, 0x19, 0x4A, 0xA9, 0x19, 0x4A, 0xA9, 0x1B, 0x4A, 0xA8, 0x1B, 0x4A, 0xA8, 0x1B, 0x4A, 0xA8, 0x1C, 0x4B, 0xA9, 0x1C, 0x4D, 0xAA, 0x1C, 0x4D, 0xAA, 0x1C, 0x4D, 0xAA, 
        0x1D, 0x4D, 0xAB, 0x1D, 0x50, 0xAC, 0x1D, 0x50, 0xAD, 0x1F, 0x51, 0xAD, 0x20, 0x51, 0xAE, 0x20, 0x51, 0xAD, 0x1E, 0x51, 0xAB, 0x20, 0x52, 0xAC, 0x1E, 0x4F, 0xAB, 0x1E, 0x4F, 0xAB, 0x1D, 0x4D, 0xA9, 0x1F, 0x4E, 0xAB, 0x1F, 0x4E, 0xAB, 
        0x1E, 0x4D, 0xA9, 0x1F, 0x4E, 0xA9, 0x21, 0x51, 0xAC, 0x21, 0x53, 0xAD, 0x1F, 0x51, 0xAD, 0x20, 0x4F, 0xAC, 0x22, 0x4F, 0xAA, 0x22, 0x4F, 0xAB, 0x25, 0x54, 0xAE, 0x27, 0x55, 0xB0, 0x28, 0x58, 0xB1, 0x25, 0x53, 0xAE, 0x26, 0x55, 0xAE, 
        0x28, 0x56, 0xAE, 0x28, 0x57, 0xAE, 0x29, 0x59, 0xAF, 0x2B, 0x59, 0xB0, 0x2A, 0x59, 0xB0, 0x2C, 0x5A, 0xB0, 0x2C, 0x5B, 0xB0, 0x2E, 0x5E, 0xB2, 0x2E, 0x5E, 0xB3, 0x2C, 0x5C, 0xB1, 0x2E, 0x5E, 0xB1, 0x2E, 0x5E, 0xB1, 0x2E, 0x5B, 0xB2, 
        0x2B, 0x5A, 0xB1, 0x37, 0x66, 0xB8, 0x4A, 0x77, 0xC1, 0x37, 0x67, 0xB9, 0x2E, 0x60, 0xB3, 0x37, 0x67, 0xB7, 0x37, 0x66, 0xB6, 0x36, 0x65, 0xB6, 0x37, 0x65, 0xB7, 0x3A, 0x66, 0xB8, 0x3B, 0x66, 0xB8, 0x3A, 0x66, 0xB7, 0x37, 0x62, 0xB4, 
        0x35, 0x62, 0xB4, 0x36, 0x62, 0xB4, 0x36, 0x61, 0xB4, 0x36, 0x63, 0xB5, 0x37, 0x63, 0xB5, 0x38, 0x67, 0xB6, 0x52, 0x83, 0xC7, 0x5F, 0x95, 0xD0, 0x55, 0x8D, 0xCD, 0x42, 0x79, 0xC0, 0x3A, 0x6C, 0xB7, 0x41, 0x6D, 0xB8, 0x39, 0x64, 0xB5, 
        0x39, 0x66, 0xB5, 0x3B, 0x67, 0xB7, 0x3D, 0x69, 0xB8, 0x3D, 0x69, 0xB8, 0x3C, 0x67, 0xB6, 0x39, 0x64, 0xB5, 0x3A, 0x66, 0xB6, 0x3C, 0x69, 0xB6, 0x3C, 0x69, 0xB7, 0x3D, 0x69, 0xB7, 0x3C, 0x67, 0xB7, 0x41, 0x70, 0xBA, 0x4E, 0x80, 0xC2, 
        0x4F, 0x7F, 0xC2, 0x56, 0x84, 0xC5, 0x55, 0x80, 0xC4, 0x44, 0x6E, 0xBB, 0x40, 0x6B, 0xB8, 0x41, 0x6C, 0xB9, 0x51, 0x7B, 0xC2, 0x50, 0x7A, 0xC1, 0x41, 0x6D, 0xBA, 0x45, 0x70, 0xBC, 0x42, 0x6E, 0xBA, 0x43, 0x6D, 0xBA, 0x44, 0x6E, 0xBB, 
        0x45, 0x6E, 0xBB, 0x46, 0x70, 0xBD, 0x46, 0x71, 0xBD, 0x47, 0x71, 0xBB, 0x47, 0x6F, 0xBC, 0x48, 0x72, 0xBC, 0x48, 0x72, 0xBC, 0x48, 0x72, 0xBC, 0x49, 0x72, 0xBD, 0x49, 0x73, 0xBD, 0x49, 0x73, 0xBD, 0x4A, 0x71, 0xBD, 0x4A, 0x72, 0xBD, 
        0x4C, 0x74, 0xBE, 0x4C, 0x74, 0xBE, 0x4C, 0x74, 0xBE, 0x4C, 0x75, 0xBE, 0x4C, 0x75, 0xBF, 0x4D, 0x75, 0xBE, 0x4F, 0x77, 0xBF, 0x4F, 0x77, 0xBF, 0x50, 0x77, 0xBF, 0x50, 0x77, 0xC0, 0x50, 0x78, 0xC0, 0x50, 0x7B, 0xC2, 0x66, 0x8F, 0xCB, 
        0x66, 0x8F, 0xCB, 0x52, 0x7E, 0xC3, 0x52, 0x7B, 0xC1, 0x53, 0x7C, 0xC1, 0x52, 0x7C, 0xC1, 0x52, 0x7C, 0xC3, 0x52, 0x7C, 0xC2, 0x57, 0x7F, 0xC4, 0x52, 0x7B, 0xC2, 0x4E, 0x78, 0xBF, 0x5A, 0x83, 0xC6, 0x59, 0x82, 0xC7, 0x45, 0x70, 0xBE, 
        0x2E, 0x54, 0xAB, 0x26, 0x46, 0xA2, 0x2D, 0x52, 0xB0, 0x2C, 0x50, 0xB0, 0x24, 0x43, 0xA3, 0x20, 0x3B, 0x9C, 0x1F, 0x3A, 0x9C, 0x1F, 0x39, 0x9B, 0x1F, 0x3A, 0x9D, 0x1F, 0x39, 0x9B, 0x1B, 0x34, 0x96, 0x1B, 0x35, 0x96, 0x1B, 0x35, 0x97, 
        0x1B, 0x34, 0x97, 0x19, 0x31, 0x93, 0x19, 0x3B, 0x91,
  0x41, 0x65, 0xB4, 0x17, 0x43, 0xA3, 0x17, 0x45, 0xA4, 0x19, 0x46, 0xA6, 0x1B, 0x49, 0xA7, 0x1B, 0x49, 0xA8, 0x1B, 0x4A, 0xA9, 0x1B, 0x4A, 0xA8, 0x1B, 0x4A, 0xA8, 0x1B, 0x4A, 0xAA, 0x1B, 0x4C, 0xAA, 0x1D, 0x4D, 0xAB, 0x1D, 0x4D, 0xAB, 0x1D, 0x4D, 0xAB, 
        0x1D, 0x4D, 0xAB, 0x1D, 0x4F, 0xAB, 0x1F, 0x50, 0xAC, 0x1D, 0x50, 0xAC, 0x1F, 0x53, 0xAE, 0x22, 0x53, 0xAE, 0x20, 0x53, 0xAC, 0x20, 0x55, 0xAE, 0x20, 0x51, 0xAC, 0x1E, 0x4F, 0xAB, 0x1E, 0x4F, 0xAA, 0x1E, 0x4E, 0xAA, 0x21, 0x4E, 0xAA, 
        0x21, 0x4E, 0xAA, 0x21, 0x4E, 0xAA, 0x21, 0x51, 0xAB, 0x23, 0x53, 0xAD, 0x21, 0x51, 0xAC, 0x23, 0x53, 0xAD, 0x28, 0x56, 0xAF, 0x25, 0x54, 0xAD, 0x27, 0x55, 0xAF, 0x25, 0x54, 0xAE, 0x24, 0x52, 0xAD, 0x24, 0x53, 0xAD, 0x28, 0x55, 0xAD, 
        0x29, 0x56, 0xAE, 0x29, 0x55, 0xAE, 0x29, 0x57, 0xAE, 0x2B, 0x57, 0xAF, 0x2B, 0x59, 0xB0, 0x2D, 0x5A, 0xB0, 0x2C, 0x5A, 0xB0, 0x2C, 0x5A, 0xB0, 0x2C, 0x5A, 0xB0, 0x2C, 0x5A, 0xB1, 0x2E, 0x5C, 0xB1, 0x2E, 0x5C, 0xB1, 0x2D, 0x5C, 0xB0, 
        0x2D, 0x5C, 0xB1, 0x3E, 0x6D, 0xBB, 0x4C, 0x79, 0xC2, 0x38, 0x66, 0xB7, 0x31, 0x5E, 0xB3, 0x34, 0x63, 0xB5, 0x32, 0x61, 0xB3, 0x32, 0x61, 0xB3, 0x34, 0x62, 0xB3, 0x38, 0x64, 0xB6, 0x38, 0x64, 0xB7, 0x38, 0x64, 0xB6, 0x38, 0x65, 0xB4, 
        0x36, 0x62, 0xB4, 0x35, 0x60, 0xB2, 0x37, 0x62, 0xB4, 0x3B, 0x67, 0xB5, 0x3F, 0x6B, 0xB9, 0x41, 0x6E, 0xBA, 0x56, 0x89, 0xC9, 0x5B, 0x90, 0xCD, 0x55, 0x8D, 0xCC, 0x4D, 0x83, 0xC6, 0x38, 0x69, 0xB6, 0x34, 0x60, 0xB1, 0x3D, 0x65, 0xB4, 
        0x3B, 0x64, 0xB5, 0x3D, 0x67, 0xB7, 0x3E, 0x68, 0xB8, 0x3D, 0x67, 0xB7, 0x3B, 0x65, 0xB5, 0x3F, 0x68, 0xB6, 0x3F, 0x69, 0xB8, 0x3F, 0x69, 0xB6, 0x3F, 0x69, 0xB6, 0x3E, 0x69, 0xB7, 0x3D, 0x66, 0xB6, 0x41, 0x6D, 0xB9, 0x4B, 0x7A, 0xBF, 
        0x46, 0x73, 0xBD, 0x47, 0x74, 0xBD, 0x4D, 0x78, 0xBF, 0x44, 0x6E, 0xBA, 0x41, 0x6C, 0xB9, 0x41, 0x6C, 0xB9, 0x55, 0x7F, 0xC3, 0x57, 0x7F, 0xC3, 0x40, 0x69, 0xB8, 0x3F, 0x6A, 0xB9, 0x41, 0x6C, 0xBA, 0x47, 0x70, 0xBC, 0x49, 0x71, 0xBC, 
        0x49, 0x71, 0xBC, 0x49, 0x71, 0xBD, 0x48, 0x70, 0xBB, 0x48, 0x71, 0xBB, 0x49, 0x71, 0xBB, 0x49, 0x71, 0xBC, 0x49, 0x72, 0xBC, 0x49, 0x72, 0xBC, 0x49, 0x72, 0xBC, 0x4A, 0x72, 0xBD, 0x4A, 0x73, 0xBD, 0x4B, 0x73, 0xBD, 0x4B, 0x73, 0xBD, 
        0x4B, 0x74, 0xBD, 0x4C, 0x75, 0xBE, 0x4C, 0x75, 0xBE, 0x4C, 0x75, 0xBE, 0x4D, 0x76, 0xBE, 0x4E, 0x76, 0xBE, 0x50, 0x76, 0xBF, 0x50, 0x77, 0xBF, 0x50, 0x78, 0xBF, 0x50, 0x77, 0xBF, 0x4F, 0x77, 0xBF, 0x4E, 0x79, 0xBF, 0x52, 0x7E, 0xC2, 
        0x58, 0x82, 0xC4, 0x57, 0x81, 0xC4, 0x54, 0x7D, 0xC3, 0x53, 0x7C, 0xC1, 0x52, 0x7C, 0xC1, 0x53, 0x7D, 0xC1, 0x51, 0x7A, 0xC1, 0x51, 0x7A, 0xC2, 0x57, 0x7F, 0xC4, 0x57, 0x81, 0xC5, 0x58, 0x81, 0xC5, 0x42, 0x6C, 0xBE, 0x33, 0x5C, 0xB2, 
        0x2D, 0x51, 0xAC, 0x28, 0x48, 0xA7, 0x27, 0x44, 0xA5, 0x26, 0x45, 0xA9, 0x23, 0x41, 0xA3, 0x21, 0x3D, 0x9E, 0x20, 0x3B, 0x9C, 0x1D, 0x38, 0x97, 0x1E, 0x38, 0x99, 0x1D, 0x37, 0x99, 0x1C, 0x34, 0x96, 0x1E, 0x38, 0x99, 0x1A, 0x31, 0x92, 
        0x19, 0x30, 0x92, 0x19, 0x30, 0x92, 0x19, 0x3B, 0x91,
  0x41, 0x67, 0xB4, 0x18, 0x44, 0xA3, 0x18, 0x46, 0xA6, 0x19, 0x48, 0xA6, 0x1B, 0x49, 0xA7, 0x1A, 0x48, 0xA7, 0x1B, 0x49, 0xA7, 0x1B, 0x4A, 0xA8, 0x1B, 0x4C, 0xA9, 0x1C, 0x4E, 0xAA, 0x1C, 0x4E, 0xAA, 0x1C, 0x4E, 0xAA, 0x1D, 0x4F, 0xAB, 0x1D, 0x4D, 0xAB, 
        0x1F, 0x4F, 0xAB, 0x1F, 0x50, 0xAC, 0x1F, 0x50, 0xAB, 0x1F, 0x50, 0xAC, 0x21, 0x53, 0xAD, 0x24, 0x54, 0xAF, 0x20, 0x51, 0xAC, 0x1E, 0x4E, 0xA9, 0x1E, 0x4F, 0xAA, 0x1E, 0x4D, 0xAA, 0x20, 0x51, 0xAB, 0x22, 0x4F, 0xAB, 0x20, 0x50, 0xAA, 
        0x24, 0x52, 0xAC, 0x24, 0x53, 0xAD, 0x24, 0x52, 0xAC, 0x21, 0x4F, 0xAB, 0x21, 0x51, 0xAC, 0x24, 0x54, 0xAD, 0x26, 0x54, 0xAD, 0x25, 0x54, 0xAD, 0x24, 0x54, 0xAC, 0x25, 0x55, 0xAE, 0x20, 0x4F, 0xAA, 0x25, 0x54, 0xAD, 0x28, 0x56, 0xAD, 
        0x29, 0x55, 0xAD, 0x29, 0x55, 0xAE, 0x29, 0x56, 0xAE, 0x2B, 0x57, 0xAE, 0x2D, 0x5A, 0xB0, 0x2C, 0x5A, 0xB0, 0x2C, 0x59, 0xB0, 0x2C, 0x58, 0xAF, 0x2C, 0x58, 0xAF, 0x2D, 0x5B, 0xB0, 0x2D, 0x5B, 0xB1, 0x2D, 0x5C, 0xB1, 0x2E, 0x5F, 0xB1, 
        0x33, 0x65, 0xB5, 0x36, 0x66, 0xB6, 0x32, 0x62, 0xB4, 0x32, 0x60, 0xB2, 0x35, 0x60, 0xB4, 0x34, 0x60, 0xB3, 0x34, 0x63, 0xB3, 0x35, 0x61, 0xB3, 0x37, 0x63, 0xB4, 0x38, 0x65, 0xB5, 0x39, 0x64, 0xB6, 0x38, 0x62, 0xB4, 0x38, 0x62, 0xB3, 
        0x38, 0x63, 0xB3, 0x38, 0x65, 0xB5, 0x38, 0x65, 0xB5, 0x3A, 0x65, 0xB5, 0x3B, 0x66, 0xB5, 0x38, 0x66, 0xB5, 0x41, 0x72, 0xBD, 0x4D, 0x83, 0xC7, 0x5D, 0x94, 0xD0, 0x54, 0x87, 0xC8, 0x3C, 0x69, 0xB7, 0x3A, 0x65, 0xB3, 0x3A, 0x63, 0xB4, 
        0x3D, 0x66, 0xB4, 0x3E, 0x67, 0xB7, 0x3E, 0x67, 0xB7, 0x3E, 0x67, 0xB5, 0x3D, 0x66, 0xB5, 0x44, 0x6E, 0xB8, 0x44, 0x6E, 0xB9, 0x41, 0x6A, 0xB6, 0x3F, 0x69, 0xB6, 0x3F, 0x69, 0xB6, 0x3F, 0x69, 0xB7, 0x40, 0x69, 0xB7, 0x44, 0x6F, 0xB9, 
        0x3D, 0x67, 0xB6, 0x3D, 0x69, 0xB7, 0x43, 0x6D, 0xBA, 0x41, 0x6B, 0xB8, 0x42, 0x6D, 0xB8, 0x44, 0x6C, 0xB9, 0x41, 0x6B, 0xB8, 0x45, 0x6F, 0xBB, 0x44, 0x6C, 0xB9, 0x48, 0x6F, 0xBB, 0x45, 0x6E, 0xBA, 0x4A, 0x73, 0xBD, 0x4B, 0x74, 0xBD, 
        0x4A, 0x73, 0xBC, 0x49, 0x71, 0xBC, 0x48, 0x71, 0xBB, 0x49, 0x71, 0xBC, 0x49, 0x72, 0xBC, 0x4A, 0x72, 0xBB, 0x4A, 0x72, 0xBC, 0x4A, 0x73, 0xBC, 0x4A, 0x73, 0xBC, 0x4A, 0x73, 0xBC, 0x4B, 0x73, 0xBD, 0x4B, 0x74, 0xBD, 0x4B, 0x74, 0xBD, 
        0x4C, 0x74, 0xBD, 0x4C, 0x75, 0xBD, 0x4D, 0x75, 0xBE, 0x4E, 0x76, 0xBE, 0x4F, 0x76, 0xBE, 0x4F, 0x77, 0xBE, 0x50, 0x78, 0xBF, 0x51, 0x77, 0xBF, 0x50, 0x78, 0xBF, 0x50, 0x78, 0xBF, 0x50, 0x78, 0xBF, 0x50, 0x7A, 0xC0, 0x4D, 0x78, 0xBD, 
        0x51, 0x7A, 0xBF, 0x57, 0x7E, 0xC2, 0x55, 0x7D, 0xC3, 0x52, 0x7C, 0xC1, 0x53, 0x7B, 0xC0, 0x53, 0x7C, 0xC0, 0x51, 0x7A, 0xC0, 0x55, 0x7D, 0xC4, 0x62, 0x89, 0xCB, 0x5A, 0x80, 0xC5, 0x41, 0x69, 0xB7, 0x2D, 0x50, 0xA9, 0x30, 0x53, 0xAF, 
        0x2E, 0x51, 0xAF, 0x2A, 0x48, 0xA8, 0x26, 0x43, 0xA4, 0x27, 0x43, 0xA6, 0x23, 0x40, 0xA1, 0x1E, 0x38, 0x98, 0x1C, 0x36, 0x95, 0x19, 0x31, 0x90, 0x17, 0x2E, 0x8D, 0x1C, 0x34, 0x96, 0x1F, 0x39, 0x9B, 0x1D, 0x37, 0x98, 0x1B, 0x35, 0x94, 
        0x1A, 0x32, 0x93, 0x18, 0x2F, 0x92, 0x18, 0x38, 0x8F,
  0x42, 0x67, 0xB4, 0x19, 0x47, 0xA5, 0x19, 0x47, 0xA5, 0x19, 0x46, 0xA6, 0x19, 0x46, 0xA6, 0x1B, 0x4B, 0xA9, 0x1E, 0x50, 0xAC, 0x1C, 0x4D, 0xA9, 0x1C, 0x4E, 0xAA, 0x1C, 0x4F, 0xAA, 0x1E, 0x4F, 0xAB, 0x1E, 0x4F, 0xAB, 0x1C, 0x4E, 0xAA, 0x1D, 0x4D, 0xA9, 
        0x1F, 0x4F, 0xAA, 0x21, 0x50, 0xAC, 0x21, 0x50, 0xAC, 0x1F, 0x50, 0xAB, 0x21, 0x51, 0xAC, 0x26, 0x57, 0xB0, 0x28, 0x5C, 0xB0, 0x20, 0x51, 0xAA, 0x20, 0x51, 0xAA, 0x20, 0x4F, 0xAA, 0x20, 0x4F, 0xAA, 0x22, 0x4F, 0xAB, 0x22, 0x4F, 0xAA, 
        0x23, 0x52, 0xAB, 0x26, 0x55, 0xAC, 0x24, 0x52, 0xAB, 0x21, 0x4E, 0xA9, 0x23, 0x53, 0xAB, 0x26, 0x54, 0xAD, 0x23, 0x53, 0xAC, 0x24, 0x54, 0xAC, 0x27, 0x54, 0xAD, 0x33, 0x64, 0xB5, 0x25, 0x55, 0xAD, 0x27, 0x57, 0xAE, 0x28, 0x54, 0xAD, 
        0x28, 0x55, 0xAD, 0x2B, 0x56, 0xAD, 0x2B, 0x56, 0xAE, 0x2B, 0x56, 0xAF, 0x2E, 0x5A, 0xB0, 0x2C, 0x5A, 0xAF, 0x2D, 0x5A, 0xB0, 0x2E, 0x5A, 0xB0, 0x2E, 0x5B, 0xB0, 0x2F, 0x5D, 0xB0, 0x2F, 0x5B, 0xB0, 0x2F, 0x5D, 0xB1, 0x2F, 0x64, 0xB3, 
        0x38, 0x6B, 0xB7, 0x36, 0x66, 0xB5, 0x33, 0x62, 0xB3, 0x34, 0x60, 0xB2, 0x36, 0x60, 0xB4, 0x36, 0x62, 0xB4, 0x37, 0x64, 0xB4, 0x39, 0x64, 0xB5, 0x3A, 0x66, 0xB6, 0x3C, 0x66, 0xB6, 0x3A, 0x65, 0xB5, 0x39, 0x64, 0xB4, 0x38, 0x62, 0xB3, 
        0x3A, 0x65, 0xB4, 0x39, 0x65, 0xB4, 0x39, 0x65, 0xB5, 0x37, 0x63, 0xB4, 0x36, 0x60, 0xB2, 0x36, 0x5E, 0xB1, 0x35, 0x60, 0xB3, 0x39, 0x6B, 0xB9, 0x47, 0x7B, 0xC3, 0x43, 0x71, 0xBC, 0x3A, 0x62, 0xB2, 0x3F, 0x64, 0xB4, 0x3D, 0x66, 0xB4, 
        0x3D, 0x66, 0xB4, 0x3E, 0x66, 0xB4, 0x3E, 0x67, 0xB5, 0x3E, 0x67, 0xB5, 0x3E, 0x67, 0xB5, 0x44, 0x6D, 0xB8, 0x43, 0x6C, 0xB8, 0x40, 0x68, 0xB6, 0x3F, 0x68, 0xB6, 0x40, 0x69, 0xB6, 0x40, 0x69, 0xB6, 0x3F, 0x68, 0xB7, 0x43, 0x69, 0xB6, 
        0x40, 0x67, 0xB6, 0x40, 0x69, 0xB6, 0x40, 0x6A, 0xB7, 0x43, 0x6D, 0xB8, 0x41, 0x6B, 0xB7, 0x42, 0x6A, 0xB7, 0x45, 0x6C, 0xB9, 0x4C, 0x75, 0xBD, 0x49, 0x72, 0xBC, 0x47, 0x6F, 0xB9, 0x47, 0x6F, 0xB9, 0x4A, 0x70, 0xBC, 0x4A, 0x70, 0xBC, 
        0x49, 0x70, 0xBC, 0x49, 0x71, 0xBA, 0x4A, 0x71, 0xBC, 0x4A, 0x71, 0xBC, 0x4B, 0x71, 0xBC, 0x4C, 0x73, 0xBB, 0x4D, 0x73, 0xBB, 0x4D, 0x73, 0xBC, 0x4D, 0x74, 0xBC, 0x4D, 0x74, 0xBC, 0x4D, 0x74, 0xBC, 0x4E, 0x75, 0xBD, 0x4D, 0x76, 0xBD, 
        0x4E, 0x76, 0xBD, 0x4E, 0x77, 0xBD, 0x4E, 0x77, 0xBD, 0x4F, 0x78, 0xBE, 0x4F, 0x78, 0xBE, 0x50, 0x77, 0xBE, 0x50, 0x79, 0xBE, 0x51, 0x79, 0xBF, 0x52, 0x79, 0xBF, 0x50, 0x78, 0xBE, 0x50, 0x78, 0xBF, 0x4F, 0x7A, 0xBE, 0x50, 0x7A, 0xBF, 
        0x4F, 0x79, 0xBF, 0x51, 0x7B, 0xBF, 0x54, 0x7C, 0xC0, 0x55, 0x7B, 0xC1, 0x52, 0x7B, 0xC0, 0x53, 0x7B, 0xC0, 0x55, 0x7C, 0xC0, 0x5B, 0x81, 0xC4, 0x5B, 0x81, 0xC7, 0x42, 0x6B, 0xB9, 0x30, 0x55, 0xA9, 0x31, 0x56, 0xAF, 0x2E, 0x50, 0xAC, 
        0x2A, 0x4A, 0xA8, 0x29, 0x48, 0xA6, 0x27, 0x44, 0xA3, 0x26, 0x3F, 0x9E, 0x23, 0x3E, 0x9D, 0x21, 0x3C, 0x9E, 0x21, 0x3C, 0x9C, 0x1D, 0x37, 0x97, 0x19, 0x31, 0x91, 0x1B, 0x33, 0x93, 0x1D, 0x35, 0x98, 0x1B, 0x33, 0x94, 0x1B, 0x33, 0x94, 
        0x1A, 0x32, 0x93, 0x17, 0x2C, 0x8D, 0x17, 0x36, 0x8C,
  0x41, 0x67, 0xB3, 0x18, 0x47, 0xA3, 0x19, 0x47, 0xA3, 0x18, 0x45, 0xA3, 0x19, 0x48, 0xA6, 0x1D, 0x51, 0xAC, 0x26, 0x5A, 0xB1, 0x1E, 0x4E, 0xAA, 0x1E, 0x4D, 0xAA, 0x1E, 0x4F, 0xAB, 0x1E, 0x4F, 0xAB, 0x1C, 0x4E, 0xAA, 0x1C, 0x4E, 0xAA, 0x1C, 0x4C, 0xA8, 
        0x1F, 0x4F, 0xAB, 0x22, 0x52, 0xAC, 0x22, 0x50, 0xAC, 0x21, 0x50, 0xAC, 0x22, 0x50, 0xAC, 0x25, 0x56, 0xB0, 0x28, 0x5A, 0xB0, 0x1F, 0x4E, 0xA9, 0x20, 0x50, 0xAA, 0x22, 0x50, 0xAA, 0x22, 0x51, 0xAB, 0x23, 0x51, 0xAC, 0x22, 0x4F, 0xAA, 
        0x22, 0x4F, 0xA9, 0x22, 0x50, 0xAA, 0x23, 0x50, 0xAB, 0x24, 0x53, 0xAC, 0x26, 0x53, 0xAC, 0x24, 0x53, 0xAB, 0x24, 0x53, 0xAA, 0x24, 0x53, 0xAC, 0x27, 0x56, 0xAD, 0x3A, 0x69, 0xB8, 0x28, 0x57, 0xAD, 0x24, 0x52, 0xAB, 0x28, 0x54, 0xAB, 
        0x2A, 0x55, 0xAD, 0x2A, 0x56, 0xAD, 0x2B, 0x56, 0xAD, 0x2C, 0x58, 0xAE, 0x2F, 0x5B, 0xB0, 0x2E, 0x5A, 0xAF, 0x30, 0x5C, 0xB0, 0x31, 0x5D, 0xB2, 0x33, 0x5F, 0xB3, 0x35, 0x63, 0xB4, 0x32, 0x5E, 0xB2, 0x34, 0x61, 0xB3, 0x46, 0x7B, 0xC2, 
        0x49, 0x7F, 0xC3, 0x38, 0x6A, 0xB7, 0x32, 0x5F, 0xB1, 0x34, 0x5F, 0xB3, 0x39, 0x63, 0xB5, 0x38, 0x63, 0xB4, 0x36, 0x62, 0xB2, 0x39, 0x64, 0xB5, 0x3B, 0x67, 0xB6, 0x3C, 0x67, 0xB6, 0x3A, 0x64, 0xB5, 0x3A, 0x64, 0xB4, 0x3B, 0x67, 0xB6, 
        0x39, 0x65, 0xB4, 0x38, 0x64, 0xB4, 0x38, 0x65, 0xB3, 0x39, 0x65, 0xB5, 0x39, 0x66, 0xB5, 0x41, 0x67, 0xB7, 0x3F, 0x67, 0xB7, 0x36, 0x64, 0xB5, 0x35, 0x66, 0xB6, 0x3E, 0x6B, 0xB8, 0x40, 0x65, 0xB5, 0x3F, 0x62, 0xB2, 0x3D, 0x65, 0xB4, 
        0x3D, 0x66, 0xB4, 0x3D, 0x66, 0xB4, 0x3E, 0x66, 0xB4, 0x3E, 0x67, 0xB5, 0x40, 0x68, 0xB5, 0x41, 0x6A, 0xB7, 0x40, 0x69, 0xB5, 0x3E, 0x68, 0xB5, 0x40, 0x68, 0xB6, 0x40, 0x68, 0xB6, 0x40, 0x69, 0xB6, 0x42, 0x6A, 0xB6, 0x44, 0x6B, 0xB7, 
        0x44, 0x6B, 0xB7, 0x43, 0x6D, 0xB7, 0x41, 0x6B, 0xB7, 0x4B, 0x75, 0xBD, 0x49, 0x73, 0xBD, 0x44, 0x6B, 0xB8, 0x46, 0x6E, 0xB8, 0x4A, 0x71, 0xBC, 0x48, 0x6F, 0xBB, 0x46, 0x6F, 0xB9, 0x46, 0x6F, 0xB9, 0x45, 0x6C, 0xB8, 0x47, 0x6D, 0xBA, 
        0x48, 0x70, 0xBA, 0x49, 0x70, 0xBC, 0x4B, 0x71, 0xBC, 0x49, 0x70, 0xBB, 0x4A, 0x70, 0xBC, 0x4C, 0x72, 0xBC, 0x4D, 0x74, 0xBC, 0x4D, 0x73, 0xBC, 0x4D, 0x73, 0xBD, 0x4D, 0x74, 0xBD, 0x4D, 0x74, 0xBC, 0x4D, 0x75, 0xBC, 0x4E, 0x76, 0xBD, 
        0x4E, 0x77, 0xBD, 0x4E, 0x77, 0xBD, 0x50, 0x77, 0xBE, 0x50, 0x79, 0xBF, 0x50, 0x78, 0xBE, 0x51, 0x78, 0xBE, 0x51, 0x78, 0xBE, 0x51, 0x79, 0xBE, 0x51, 0x79, 0xBF, 0x51, 0x79, 0xBF, 0x50, 0x7A, 0xBE, 0x52, 0x7A, 0xBF, 0x53, 0x7C, 0xBF, 
        0x54, 0x7D, 0xC0, 0x54, 0x7B, 0xC0, 0x55, 0x7B, 0xC0, 0x55, 0x7B, 0xC0, 0x52, 0x7A, 0xC0, 0x55, 0x7C, 0xC0, 0x5B, 0x80, 0xC3, 0x56, 0x7C, 0xC3, 0x43, 0x6B, 0xB8, 0x32, 0x56, 0xAB, 0x2F, 0x52, 0xA9, 0x2D, 0x4E, 0xA9, 0x2D, 0x50, 0xA9, 
        0x2A, 0x49, 0xA4, 0x29, 0x48, 0xA5, 0x28, 0x44, 0xA3, 0x23, 0x3B, 0x9B, 0x1E, 0x37, 0x96, 0x1E, 0x37, 0x97, 0x1E, 0x37, 0x97, 0x1D, 0x36, 0x95, 0x1D, 0x34, 0x95, 0x1E, 0x36, 0x96, 0x1C, 0x34, 0x94, 0x19, 0x30, 0x90, 0x18, 0x2E, 0x8F, 
        0x18, 0x2F, 0x8F, 0x19, 0x30, 0x90, 0x19, 0x3B, 0x8F,
  0x42, 0x68, 0xB6, 0x19, 0x48, 0xA5, 0x19, 0x47, 0xA5, 0x19, 0x47, 0xA5, 0x1A, 0x47, 0xA5, 0x1B, 0x4B, 0xA9, 0x1D, 0x4E, 0xAB, 0x1C, 0x4D, 0xAA, 0x1E, 0x4E, 0xAA, 0x1E, 0x4E, 0xAA, 0x1E, 0x4F, 0xAB, 0x1C, 0x4E, 0xAA, 0x1C, 0x4E, 0xAA, 0x1C, 0x4C, 0xA8, 
        0x20, 0x4F, 0xAA, 0x22, 0x52, 0xAC, 0x21, 0x50, 0xAB, 0x24, 0x55, 0xAE, 0x22, 0x52, 0xAC, 0x21, 0x4F, 0xAB, 0x1F, 0x50, 0xAA, 0x1F, 0x50, 0xAA, 0x22, 0x53, 0xAC, 0x23, 0x51, 0xAC, 0x23, 0x51, 0xAC, 0x20, 0x4F, 0xAB, 0x20, 0x4D, 0xAA, 
        0x23, 0x51, 0xAA, 0x22, 0x4F, 0xAA, 0x22, 0x50, 0xAA, 0x34, 0x61, 0xB5, 0x2D, 0x5B, 0xB2, 0x23, 0x4E, 0xA9, 0x27, 0x51, 0xAB, 0x26, 0x51, 0xAA, 0x27, 0x51, 0xAC, 0x27, 0x53, 0xAC, 0x28, 0x53, 0xAC, 0x27, 0x52, 0xAA, 0x2B, 0x55, 0xAD, 
        0x2D, 0x58, 0xAD, 0x2D, 0x57, 0xAE, 0x2D, 0x58, 0xAD, 0x2E, 0x58, 0xAE, 0x30, 0x5B, 0xAF, 0x31, 0x5B, 0xB0, 0x33, 0x5A, 0xB1, 0x32, 0x5A, 0xB0, 0x39, 0x65, 0xB6, 0x3E, 0x6B, 0xB9, 0x34, 0x61, 0xB3, 0x3A, 0x6A, 0xB9, 0x51, 0x88, 0xCC, 
        0x51, 0x89, 0xCD, 0x4D, 0x87, 0xCA, 0x44, 0x7B, 0xC1, 0x38, 0x69, 0xB6, 0x37, 0x62, 0xB3, 0x37, 0x64, 0xB2, 0x36, 0x65, 0xB3, 0x39, 0x67, 0xB5, 0x3D, 0x69, 0xB6, 0x3D, 0x67, 0xB6, 0x3A, 0x65, 0xB5, 0x3A, 0x64, 0xB4, 0x36, 0x65, 0xB3, 
        0x38, 0x67, 0xB5, 0x49, 0x75, 0xBE, 0x42, 0x6E, 0xB9, 0x3A, 0x66, 0xB4, 0x3B, 0x68, 0xB7, 0x43, 0x6C, 0xB9, 0x44, 0x6B, 0xB8, 0x3E, 0x66, 0xB5, 0x39, 0x64, 0xB3, 0x38, 0x64, 0xB3, 0x38, 0x67, 0xB3, 0x3B, 0x67, 0xB3, 0x3D, 0x65, 0xB3, 
        0x3D, 0x65, 0xB4, 0x3F, 0x66, 0xB4, 0x3F, 0x66, 0xB4, 0x40, 0x65, 0xB4, 0x43, 0x68, 0xB7, 0x44, 0x6B, 0xB7, 0x41, 0x69, 0xB5, 0x41, 0x68, 0xB5, 0x41, 0x69, 0xB5, 0x40, 0x67, 0xB5, 0x42, 0x68, 0xB5, 0x42, 0x6A, 0xB6, 0x41, 0x6A, 0xB5, 
        0x43, 0x6C, 0xB7, 0x43, 0x6C, 0xB7, 0x43, 0x6C, 0xB7, 0x51, 0x79, 0xBE, 0x5F, 0x86, 0xC6, 0x44, 0x6B, 0xB8, 0x44, 0x6B, 0xB7, 0x4A, 0x6E, 0xBA, 0x48, 0x6C, 0xB8, 0x49, 0x71, 0xB9, 0x47, 0x71, 0xB9, 0x48, 0x71, 0xB9, 0x48, 0x6F, 0xB9, 
        0x46, 0x70, 0xB9, 0x48, 0x70, 0xBA, 0x49, 0x72, 0xBA, 0x49, 0x71, 0xBA, 0x49, 0x71, 0xBB, 0x4C, 0x74, 0xBB, 0x4C, 0x74, 0xBB, 0x4B, 0x73, 0xBB, 0x4C, 0x73, 0xBB, 0x4D, 0x74, 0xBC, 0x4D, 0x75, 0xBC, 0x4D, 0x74, 0xBC, 0x4E, 0x76, 0xBC, 
        0x51, 0x78, 0xBE, 0x4E, 0x76, 0xBD, 0x55, 0x7C, 0xC0, 0x58, 0x7E, 0xC1, 0x52, 0x7B, 0xBF, 0x53, 0x7C, 0xC0, 0x4F, 0x78, 0xBD, 0x4F, 0x78, 0xBD, 0x52, 0x7C, 0xC0, 0x53, 0x7C, 0xC1, 0x52, 0x7B, 0xBF, 0x50, 0x78, 0xBF, 0x54, 0x7D, 0xC1, 
        0x5F, 0x84, 0xC4, 0x56, 0x7D, 0xBF, 0x55, 0x7A, 0xBF, 0x57, 0x7B, 0xC0, 0x57, 0x7B, 0xC0, 0x5D, 0x80, 0xC4, 0x5D, 0x7F, 0xC4, 0x47, 0x6A, 0xBB, 0x35, 0x56, 0xAE, 0x2C, 0x4B, 0xA7, 0x24, 0x3F, 0x9E, 0x25, 0x41, 0x9F, 0x2C, 0x49, 0xA6, 
        0x28, 0x45, 0xA3, 0x22, 0x3D, 0x9C, 0x22, 0x3C, 0x9E, 0x22, 0x3B, 0x9D, 0x1B, 0x30, 0x91, 0x1B, 0x2F, 0x90, 0x1E, 0x35, 0x96, 0x1E, 0x36, 0x97, 0x1D, 0x33, 0x95, 0x1B, 0x31, 0x92, 0x1C, 0x31, 0x92, 0x1C, 0x33, 0x90, 0x18, 0x2D, 0x8D, 
        0x17, 0x2D, 0x8D, 0x17, 0x2C, 0x8C, 0x19, 0x38, 0x8D,
  0x42, 0x69, 0xB6, 0x18, 0x44, 0xA3, 0x19, 0x47, 0xA5, 0x1A, 0x48, 0xA6, 0x1A, 0x47, 0xA6, 0x1B, 0x47, 0xA6, 0x1B, 0x49, 0xA9, 0x1D, 0x4E, 0xAA, 0x1C, 0x4B, 0xA9, 0x1C, 0x4B, 0xA9, 0x20, 0x50, 0xAB, 0x21, 0x54, 0xAE, 0x1E, 0x4F, 0xAB, 0x1E, 0x4C, 0xAA, 
        0x1E, 0x4E, 0xA9, 0x1E, 0x4E, 0xA9, 0x22, 0x52, 0xAC, 0x22, 0x52, 0xAC, 0x21, 0x52, 0xAC, 0x27, 0x56, 0xAF, 0x22, 0x53, 0xAB, 0x27, 0x5A, 0xB0, 0x34, 0x65, 0xB7, 0x28, 0x57, 0xAF, 0x1E, 0x4B, 0xA7, 0x23, 0x50, 0xAA, 0x26, 0x54, 0xAC, 
        0x25, 0x52, 0xAB, 0x22, 0x4F, 0xA9, 0x25, 0x52, 0xAB, 0x35, 0x65, 0xB5, 0x31, 0x5F, 0xB3, 0x24, 0x52, 0xAB, 0x28, 0x52, 0xAB, 0x28, 0x53, 0xAB, 0x2D, 0x59, 0xAF, 0x2F, 0x5C, 0xB0, 0x2C, 0x57, 0xAF, 0x2A, 0x54, 0xAD, 0x2C, 0x55, 0xAC, 
        0x2E, 0x58, 0xAE, 0x2F, 0x5A, 0xAF, 0x2F, 0x58, 0xAE, 0x2F, 0x59, 0xAE, 0x2F, 0x58, 0xAE, 0x32, 0x5F, 0xB2, 0x39, 0x69, 0xB8, 0x37, 0x67, 0xB6, 0x31, 0x60, 0xB2, 0x32, 0x60, 0xB3, 0x33, 0x5F, 0xB2, 0x3C, 0x6A, 0xB9, 0x4D, 0x85, 0xC9, 
        0x51, 0x8B, 0xCB, 0x50, 0x8A, 0xCB, 0x56, 0x8F, 0xCC, 0x47, 0x7B, 0xC1, 0x36, 0x64, 0xB3, 0x37, 0x64, 0xB4, 0x38, 0x66, 0xB4, 0x3B, 0x67, 0xB5, 0x3B, 0x68, 0xB5, 0x3D, 0x67, 0xB6, 0x3C, 0x65, 0xB5, 0x39, 0x64, 0xB3, 0x34, 0x63, 0xB2, 
        0x45, 0x72, 0xBA, 0x58, 0x83, 0xC5, 0x49, 0x74, 0xBD, 0x3B, 0x65, 0xB4, 0x3D, 0x68, 0xB5, 0x3C, 0x66, 0xB5, 0x3B, 0x65, 0xB4, 0x3C, 0x65, 0xB4, 0x3E, 0x68, 0xB5, 0x41, 0x6C, 0xB8, 0x41, 0x6D, 0xB7, 0x3E, 0x69, 0xB5, 0x3F, 0x67, 0xB4, 
        0x40, 0x68, 0xB5, 0x43, 0x68, 0xB7, 0x40, 0x66, 0xB4, 0x3F, 0x65, 0xB4, 0x43, 0x68, 0xB6, 0x44, 0x6B, 0xB7, 0x40, 0x67, 0xB4, 0x40, 0x67, 0xB5, 0x44, 0x6B, 0xB7, 0x43, 0x6B, 0xB7, 0x44, 0x6B, 0xB6, 0x45, 0x6B, 0xB8, 0x45, 0x6C, 0xB6, 
        0x44, 0x6C, 0xB6, 0x45, 0x6C, 0xB7, 0x46, 0x6C, 0xB7, 0x49, 0x70, 0xBA, 0x4F, 0x76, 0xBD, 0x4B, 0x72, 0xBB, 0x43, 0x6A, 0xB7, 0x47, 0x6E, 0xB8, 0x49, 0x6E, 0xB8, 0x49, 0x70, 0xB9, 0x48, 0x6F, 0xB9, 0x49, 0x72, 0xB9, 0x48, 0x6F, 0xB8, 
        0x47, 0x6F, 0xB8, 0x48, 0x72, 0xBA, 0x4A, 0x72, 0xBA, 0x4B, 0x74, 0xBC, 0x4C, 0x74, 0xBA, 0x4D, 0x74, 0xBB, 0x4B, 0x71, 0xBA, 0x4C, 0x73, 0xBB, 0x4D, 0x75, 0xBB, 0x4D, 0x75, 0xBB, 0x51, 0x78, 0xBE, 0x50, 0x77, 0xBC, 0x50, 0x77, 0xBC, 
        0x53, 0x79, 0xBE, 0x51, 0x78, 0xBD, 0x54, 0x7B, 0xBF, 0x54, 0x7A, 0xBF, 0x4F, 0x77, 0xBD, 0x51, 0x7B, 0xBD, 0x52, 0x7A, 0xBE, 0x52, 0x7B, 0xBE, 0x53, 0x7B, 0xBE, 0x52, 0x7B, 0xBE, 0x50, 0x79, 0xBE, 0x50, 0x78, 0xBF, 0x54, 0x7B, 0xBF, 
        0x57, 0x7E, 0xBF, 0x52, 0x78, 0xBC, 0x54, 0x7A, 0xBF, 0x5A, 0x7D, 0xC3, 0x5D, 0x80, 0xC4, 0x54, 0x77, 0xBF, 0x41, 0x64, 0xB5, 0x32, 0x58, 0xAC, 0x2C, 0x4A, 0xA5, 0x25, 0x41, 0x9E, 0x25, 0x40, 0x9E, 0x29, 0x47, 0xA4, 0x24, 0x3E, 0x9C, 
        0x1E, 0x37, 0x95, 0x1F, 0x38, 0x97, 0x1E, 0x36, 0x97, 0x20, 0x38, 0x9B, 0x18, 0x2D, 0x8F, 0x19, 0x2D, 0x8F, 0x1E, 0x36, 0x97, 0x1B, 0x30, 0x91, 0x16, 0x29, 0x89, 0x18, 0x2D, 0x8E, 0x1D, 0x33, 0x95, 0x1B, 0x31, 0x90, 0x18, 0x2F, 0x8D, 
        0x18, 0x2E, 0x8F, 0x17, 0x2C, 0x8C, 0x17, 0x36, 0x8B,
  0x44, 0x69, 0xB5, 0x19, 0x47, 0xA3, 0x1A, 0x48, 0xA6, 0x1B, 0x4A, 0xA7, 0x1B, 0x48, 0xA6, 0x1B, 0x48, 0xA6, 0x1B, 0x48, 0xA6, 0x1D, 0x4E, 0xAA, 0x1B, 0x49, 0xA7, 0x1C, 0x49, 0xA6, 0x20, 0x50, 0xAA, 0x23, 0x53, 0xAD, 0x1E, 0x4E, 0xAA, 0x1C, 0x4A, 0xA7, 
        0x1E, 0x4C, 0xA7, 0x1E, 0x4C, 0xA7, 0x21, 0x4F, 0xAA, 0x24, 0x52, 0xAB, 0x25, 0x53, 0xAC, 0x2D, 0x5C, 0xB2, 0x24, 0x53, 0xAC, 0x27, 0x55, 0xAD, 0x38, 0x67, 0xB8, 0x2D, 0x5C, 0xB2, 0x22, 0x4E, 0xAA, 0x26, 0x53, 0xAD, 0x23, 0x4E, 0xA9, 
        0x25, 0x51, 0xAA, 0x25, 0x51, 0xAA, 0x23, 0x4F, 0xA8, 0x2A, 0x55, 0xAD, 0x28, 0x55, 0xAB, 0x24, 0x50, 0xA9, 0x28, 0x52, 0xAB, 0x2C, 0x56, 0xAD, 0x31, 0x5C, 0xB0, 0x2F, 0x5C, 0xB0, 0x2A, 0x56, 0xAD, 0x2C, 0x57, 0xAE, 0x2D, 0x57, 0xAC, 
        0x2D, 0x57, 0xAC, 0x2D, 0x57, 0xAD, 0x2D, 0x57, 0xAD, 0x30, 0x5B, 0xB0, 0x35, 0x5E, 0xB1, 0x3A, 0x6A, 0xB7, 0x47, 0x80, 0xC3, 0x4A, 0x7F, 0xC3, 0x37, 0x6A, 0xB6, 0x2E, 0x5F, 0xB1, 0x33, 0x5F, 0xB2, 0x3A, 0x63, 0xB5, 0x4B, 0x82, 0xC5, 
        0x55, 0x8D, 0xCB, 0x50, 0x89, 0xC9, 0x56, 0x8F, 0xCC, 0x4B, 0x82, 0xC3, 0x38, 0x6A, 0xB7, 0x38, 0x68, 0xB4, 0x39, 0x67, 0xB5, 0x3B, 0x68, 0xB5, 0x3B, 0x67, 0xB5, 0x3B, 0x66, 0xB4, 0x3C, 0x67, 0xB5, 0x3C, 0x67, 0xB5, 0x39, 0x67, 0xB3, 
        0x43, 0x70, 0xB9, 0x4E, 0x7B, 0xBF, 0x47, 0x72, 0xBA, 0x3D, 0x68, 0xB4, 0x3C, 0x66, 0xB4, 0x3B, 0x65, 0xB3, 0x40, 0x67, 0xB5, 0x40, 0x69, 0xB7, 0x44, 0x6D, 0xB8, 0x4F, 0x7A, 0xBE, 0x52, 0x7D, 0xC0, 0x4A, 0x73, 0xBB, 0x41, 0x68, 0xB5, 
        0x3F, 0x67, 0xB4, 0x40, 0x67, 0xB4, 0x3F, 0x65, 0xB4, 0x3F, 0x65, 0xB4, 0x42, 0x68, 0xB4, 0x44, 0x6B, 0xB6, 0x43, 0x6A, 0xB5, 0x43, 0x6A, 0xB5, 0x44, 0x6C, 0xB7, 0x44, 0x6B, 0xB7, 0x44, 0x6C, 0xB7, 0x46, 0x6D, 0xB8, 0x45, 0x6C, 0xB6, 
        0x45, 0x6C, 0xB6, 0x45, 0x6C, 0xB6, 0x46, 0x6E, 0xB9, 0x44, 0x6B, 0xB7, 0x43, 0x6B, 0xB6, 0x44, 0x6D, 0xB7, 0x45, 0x6F, 0xBA, 0x49, 0x73, 0xBB, 0x47, 0x71, 0xB8, 0x47, 0x6E, 0xB7, 0x48, 0x6D, 0xB8, 0x49, 0x6F, 0xB9, 0x4A, 0x71, 0xB9, 
        0x54, 0x7A, 0xBF, 0x51, 0x78, 0xBD, 0x49, 0x70, 0xBA, 0x4B, 0x73, 0xBC, 0x4A, 0x72, 0xBA, 0x4B, 0x71, 0xB9, 0x4B, 0x71, 0xBA, 0x52, 0x78, 0xBE, 0x53, 0x79, 0xBE, 0x4D, 0x75, 0xBB, 0x4F, 0x75, 0xBB, 0x51, 0x78, 0xBD, 0x4E, 0x76, 0xBC, 
        0x50, 0x78, 0xBC, 0x54, 0x7C, 0xBF, 0x52, 0x79, 0xBD, 0x50, 0x77, 0xBD, 0x51, 0x79, 0xBD, 0x51, 0x79, 0xBD, 0x54, 0x7B, 0xBE, 0x53, 0x7B, 0xBE, 0x53, 0x7A, 0xBE, 0x52, 0x79, 0xBD, 0x52, 0x79, 0xBD, 0x55, 0x7C, 0xC1, 0x56, 0x7B, 0xBF, 
        0x53, 0x7A, 0xBC, 0x53, 0x79, 0xBC, 0x5A, 0x7D, 0xC1, 0x59, 0x7A, 0xC3, 0x52, 0x74, 0xC0, 0x3F, 0x61, 0xB2, 0x2F, 0x51, 0xA5, 0x31, 0x51, 0xA9, 0x2E, 0x4D, 0xA8, 0x29, 0x46, 0xA3, 0x29, 0x46, 0xA5, 0x28, 0x44, 0xA1, 0x21, 0x3A, 0x98, 
        0x1B, 0x31, 0x90, 0x20, 0x38, 0x98, 0x1F, 0x36, 0x97, 0x1C, 0x33, 0x93, 0x1E, 0x35, 0x97, 0x1D, 0x34, 0x96, 0x1C, 0x31, 0x92, 0x1B, 0x2F, 0x90, 0x19, 0x2D, 0x8F, 0x1B, 0x2F, 0x90, 0x1B, 0x31, 0x92, 0x1B, 0x31, 0x90, 0x19, 0x2F, 0x8E, 
        0x19, 0x2E, 0x8D, 0x18, 0x2D, 0x8D, 0x17, 0x36, 0x8B,
  0x42, 0x67, 0xB3, 0x18, 0x45, 0xA2, 0x1A, 0x47, 0xA5, 0x1A, 0x47, 0xA5, 0x1A, 0x45, 0xA3, 0x1A, 0x47, 0xA5, 0x1B, 0x48, 0xA6, 0x1D, 0x4A, 0xA6, 0x1C, 0x4B, 0xA7, 0x1B, 0x4B, 0xA7, 0x1C, 0x4B, 0xA7, 0x1E, 0x4B, 0xA7, 0x1C, 0x4B, 0xA7, 0x1E, 0x4C, 0xA7, 
        0x23, 0x51, 0xAA, 0x24, 0x52, 0xAB, 0x21, 0x4F, 0xA9, 0x21, 0x4F, 0xAA, 0x22, 0x50, 0xAB, 0x25, 0x53, 0xAC, 0x22, 0x50, 0xA9, 0x21, 0x4F, 0xA9, 0x29, 0x58, 0xAE, 0x25, 0x54, 0xAC, 0x24, 0x51, 0xAA, 0x22, 0x4E, 0xA9, 0x22, 0x4C, 0xA7, 
        0x27, 0x51, 0xA9, 0x28, 0x54, 0xAB, 0x25, 0x51, 0xA9, 0x26, 0x51, 0xAA, 0x27, 0x54, 0xAB, 0x26, 0x53, 0xAA, 0x29, 0x53, 0xAB, 0x28, 0x52, 0xAB, 0x2B, 0x55, 0xAC, 0x2B, 0x56, 0xAC, 0x29, 0x54, 0xAC, 0x2C, 0x57, 0xAE, 0x2E, 0x57, 0xAD, 
        0x2E, 0x57, 0xAC, 0x2E, 0x58, 0xAC, 0x2E, 0x58, 0xAD, 0x32, 0x5B, 0xB0, 0x36, 0x5E, 0xB1, 0x3C, 0x6E, 0xB8, 0x4F, 0x89, 0xC6, 0x52, 0x86, 0xC6, 0x3C, 0x6E, 0xB9, 0x30, 0x60, 0xB1, 0x34, 0x5F, 0xB1, 0x36, 0x60, 0xB3, 0x3B, 0x6F, 0xBA, 
        0x4B, 0x82, 0xC4, 0x54, 0x8C, 0xC9, 0x51, 0x89, 0xC7, 0x42, 0x76, 0xBD, 0x37, 0x69, 0xB6, 0x3B, 0x6A, 0xB5, 0x3C, 0x6A, 0xB4, 0x3C, 0x68, 0xB5, 0x3B, 0x68, 0xB4, 0x3B, 0x67, 0xB4, 0x3B, 0x67, 0xB4, 0x3F, 0x69, 0xB5, 0x3D, 0x6A, 0xB4, 
        0x3A, 0x67, 0xB3, 0x3D, 0x69, 0xB4, 0x3D, 0x68, 0xB3, 0x3E, 0x68, 0xB4, 0x3E, 0x67, 0xB4, 0x3E, 0x65, 0xB4, 0x40, 0x69, 0xB6, 0x3E, 0x68, 0xB5, 0x40, 0x6A, 0xB5, 0x4D, 0x78, 0xBC, 0x53, 0x80, 0xC0, 0x53, 0x7E, 0xC0, 0x50, 0x77, 0xBD, 
        0x41, 0x6B, 0xB5, 0x3F, 0x67, 0xB3, 0x42, 0x68, 0xB4, 0x42, 0x68, 0xB6, 0x42, 0x68, 0xB4, 0x42, 0x69, 0xB4, 0x44, 0x6A, 0xB6, 0x46, 0x6D, 0xB8, 0x44, 0x6C, 0xB7, 0x43, 0x6A, 0xB5, 0x47, 0x6E, 0xB8, 0x46, 0x6E, 0xB7, 0x43, 0x69, 0xB5, 
        0x46, 0x6C, 0xB6, 0x47, 0x6E, 0xB6, 0x46, 0x6C, 0xB6, 0x45, 0x6C, 0xB7, 0x46, 0x6C, 0xB7, 0x4F, 0x7A, 0xBF, 0x5F, 0x8A, 0xC7, 0x5E, 0x8B, 0xC8, 0x48, 0x77, 0xBC, 0x43, 0x6B, 0xB5, 0x4C, 0x6E, 0xB8, 0x4A, 0x6E, 0xB9, 0x4A, 0x71, 0xB9, 
        0x56, 0x7C, 0xBF, 0x53, 0x79, 0xBD, 0x48, 0x6F, 0xB8, 0x4B, 0x73, 0xBA, 0x4B, 0x72, 0xBA, 0x4D, 0x72, 0xBA, 0x4D, 0x72, 0xB9, 0x55, 0x79, 0xBE, 0x55, 0x7A, 0xBE, 0x4E, 0x72, 0xBA, 0x4C, 0x72, 0xBA, 0x54, 0x79, 0xBD, 0x59, 0x7E, 0xC0, 
        0x53, 0x7A, 0xBE, 0x53, 0x7A, 0xBE, 0x54, 0x7C, 0xBE, 0x54, 0x79, 0xBF, 0x55, 0x7C, 0xBF, 0x55, 0x7A, 0xBE, 0x55, 0x7B, 0xBF, 0x54, 0x7B, 0xBD, 0x53, 0x79, 0xBD, 0x53, 0x7A, 0xBE, 0x55, 0x7B, 0xBE, 0x5B, 0x80, 0xC1, 0x56, 0x7D, 0xBF, 
        0x53, 0x79, 0xBC, 0x5A, 0x7E, 0xBF, 0x5C, 0x7E, 0xC2, 0x4E, 0x70, 0xBC, 0x40, 0x61, 0xB5, 0x34, 0x57, 0xAC, 0x2F, 0x4F, 0xA5, 0x2E, 0x4C, 0xA5, 0x2B, 0x47, 0xA5, 0x27, 0x41, 0xA0, 0x25, 0x3F, 0x9E, 0x25, 0x3F, 0x9D, 0x24, 0x3D, 0x9B, 
        0x1C, 0x32, 0x92, 0x1E, 0x34, 0x95, 0x1E, 0x34, 0x95, 0x1C, 0x32, 0x92, 0x1F, 0x35, 0x96, 0x1E, 0x35, 0x97, 0x1D, 0x33, 0x94, 0x1D, 0x32, 0x94, 0x1C, 0x31, 0x92, 0x1B, 0x2F, 0x8F, 0x19, 0x2D, 0x8E, 0x1B, 0x2F, 0x90, 0x1B, 0x2F, 0x90, 
        0x19, 0x2D, 0x8D, 0x19, 0x2E, 0x8D, 0x18, 0x37, 0x8D,
  0x42, 0x67, 0xB2, 0x1A, 0x46, 0xA2, 0x1A, 0x47, 0xA2, 0x1A, 0x47, 0xA3, 0x1A, 0x47, 0xA3, 0x1B, 0x48, 0xA6, 0x1D, 0x4A, 0xA7, 0x1B, 0x48, 0xA5, 0x1C, 0x4A, 0xA6, 0x1C, 0x4B, 0xA7, 0x1B, 0x48, 0xA4, 0x1B, 0x48, 0xA4, 0x1C, 0x49, 0xA6, 0x1E, 0x49, 0xA6, 
        0x23, 0x4F, 0xAA, 0x24, 0x52, 0xAB, 0x21, 0x4E, 0xA8, 0x23, 0x4F, 0xAA, 0x23, 0x4F, 0xAA, 0x22, 0x50, 0xA9, 0x24, 0x53, 0xAB, 0x27, 0x55, 0xAC, 0x25, 0x53, 0xAB, 0x22, 0x4F, 0xA8, 0x25, 0x51, 0xAA, 0x25, 0x51, 0xAA, 0x24, 0x50, 0xA9, 
        0x25, 0x50, 0xA8, 0x23, 0x4C, 0xA7, 0x27, 0x52, 0xAA, 0x2A, 0x55, 0xAC, 0x2B, 0x57, 0xAD, 0x29, 0x55, 0xAB, 0x2B, 0x58, 0xAB, 0x2C, 0x56, 0xAC, 0x2B, 0x56, 0xAC, 0x2C, 0x58, 0xAC, 0x2E, 0x5A, 0xAE, 0x2D, 0x59, 0xAD, 0x2E, 0x59, 0xAC, 
        0x31, 0x5A, 0xAD, 0x32, 0x5C, 0xAE, 0x32, 0x5D, 0xAE, 0x32, 0x5D, 0xAF, 0x33, 0x5B, 0xAF, 0x35, 0x63, 0xB2, 0x3E, 0x72, 0xBA, 0x42, 0x72, 0xBB, 0x3A, 0x6A, 0xB6, 0x39, 0x68, 0xB5, 0x45, 0x73, 0xBC, 0x4A, 0x76, 0xBF, 0x36, 0x63, 0xB2, 
        0x3B, 0x6C, 0xB6, 0x4E, 0x82, 0xC2, 0x48, 0x7D, 0xC0, 0x38, 0x68, 0xB5, 0x3B, 0x69, 0xB7, 0x3D, 0x6C, 0xB7, 0x3C, 0x6B, 0xB4, 0x3E, 0x6A, 0xB4, 0x3C, 0x68, 0xB5, 0x3C, 0x68, 0xB4, 0x3C, 0x68, 0xB4, 0x3C, 0x67, 0xB4, 0x3C, 0x67, 0xB3, 
        0x3D, 0x69, 0xB4, 0x3D, 0x67, 0xB3, 0x3B, 0x65, 0xB2, 0x3F, 0x68, 0xB3, 0x41, 0x6A, 0xB6, 0x40, 0x69, 0xB5, 0x41, 0x69, 0xB6, 0x3E, 0x68, 0xB3, 0x3D, 0x69, 0xB4, 0x46, 0x73, 0xB9, 0x50, 0x7C, 0xBE, 0x55, 0x80, 0xC0, 0x52, 0x7A, 0xBF, 
        0x41, 0x6A, 0xB5, 0x3E, 0x65, 0xB2, 0x42, 0x68, 0xB3, 0x42, 0x67, 0xB3, 0x3F, 0x64, 0xB3, 0x40, 0x68, 0xB4, 0x43, 0x6A, 0xB4, 0x46, 0x6C, 0xB6, 0x44, 0x6C, 0xB5, 0x43, 0x6A, 0xB5, 0x4A, 0x70, 0xB8, 0x47, 0x6F, 0xB7, 0x43, 0x69, 0xB2, 
        0x47, 0x6D, 0xB6, 0x46, 0x6C, 0xB6, 0x47, 0x6E, 0xB6, 0x48, 0x6E, 0xB6, 0x4A, 0x70, 0xB9, 0x64, 0x8C, 0xC9, 0x75, 0xA0, 0xD2, 0x71, 0xA0, 0xD1, 0x52, 0x84, 0xC2, 0x41, 0x6D, 0xB7, 0x4D, 0x6E, 0xB8, 0x4D, 0x70, 0xB8, 0x47, 0x6E, 0xB8, 
        0x4A, 0x71, 0xB8, 0x4A, 0x71, 0xB8, 0x4A, 0x6F, 0xB8, 0x4D, 0x73, 0xB9, 0x4D, 0x73, 0xBA, 0x51, 0x76, 0xBC, 0x4D, 0x73, 0xBA, 0x51, 0x76, 0xBA, 0x51, 0x75, 0xBB, 0x4E, 0x72, 0xBA, 0x4F, 0x74, 0xBB, 0x58, 0x7E, 0xBF, 0x67, 0x8B, 0xC7, 
        0x5A, 0x80, 0xC2, 0x50, 0x78, 0xBC, 0x5A, 0x80, 0xC1, 0x57, 0x7D, 0xBF, 0x55, 0x7B, 0xBF, 0x58, 0x7D, 0xBF, 0x57, 0x7D, 0xBF, 0x55, 0x7A, 0xBD, 0x53, 0x7A, 0xBC, 0x55, 0x7B, 0xBD, 0x56, 0x7C, 0xBE, 0x5C, 0x81, 0xC1, 0x59, 0x80, 0xBE, 
        0x56, 0x7C, 0xBE, 0x5C, 0x7E, 0xC1, 0x50, 0x73, 0xBC, 0x3D, 0x5F, 0xB1, 0x33, 0x53, 0xAB, 0x31, 0x50, 0xAA, 0x2F, 0x4D, 0xA7, 0x2A, 0x45, 0xA1, 0x27, 0x42, 0x9E, 0x25, 0x3E, 0x9D, 0x21, 0x38, 0x98, 0x1F, 0x36, 0x94, 0x22, 0x3A, 0x97, 
        0x1F, 0x35, 0x94, 0x1E, 0x34, 0x95, 0x1B, 0x30, 0x92, 0x19, 0x2B, 0x8C, 0x1C, 0x32, 0x92, 0x1D, 0x32, 0x93, 0x19, 0x2B, 0x8D, 0x17, 0x29, 0x8B, 0x19, 0x2B, 0x8D, 0x19, 0x2D, 0x8F, 0x1B, 0x2D, 0x8F, 0x1B, 0x2F, 0x90, 0x1B, 0x2E, 0x8E, 
        0x18, 0x2C, 0x8D, 0x1A, 0x2D, 0x8E, 0x18, 0x37, 0x8B,
  0x44, 0x68, 0xB3, 0x1A, 0x46, 0xA2, 0x1A, 0x47, 0xA4, 0x1A, 0x48, 0xA4, 0x1B, 0x48, 0xA5, 0x1D, 0x48, 0xA6, 0x20, 0x4C, 0xA8, 0x1C, 0x48, 0xA5, 0x1C, 0x48, 0xA5, 0x1C, 0x48, 0xA5, 0x1B, 0x49, 0xA6, 0x1D, 0x4B, 0xA7, 0x1E, 0x4B, 0xA7, 0x1E, 0x4B, 0xA6, 
        0x20, 0x4B, 0xA6, 0x1E, 0x4C, 0xA7, 0x21, 0x4F, 0xA8, 0x23, 0x51, 0xAA, 0x21, 0x4F, 0xA8, 0x23, 0x51, 0xA9, 0x24, 0x52, 0xA9, 0x27, 0x55, 0xAB, 0x24, 0x4F, 0xA8, 0x26, 0x50, 0xA9, 0x25, 0x50, 0xA9, 0x25, 0x51, 0xA9, 0x27, 0x51, 0xA9, 
        0x27, 0x51, 0xA9, 0x26, 0x50, 0xA7, 0x29, 0x53, 0xAA, 0x28, 0x52, 0xAA, 0x2B, 0x55, 0xAC, 0x2B, 0x55, 0xAB, 0x32, 0x5E, 0xB1, 0x40, 0x6E, 0xB9, 0x3A, 0x66, 0xB6, 0x2E, 0x59, 0xAE, 0x2C, 0x56, 0xAC, 0x2F, 0x5C, 0xAF, 0x2F, 0x5A, 0xAD, 
        0x31, 0x5A, 0xAD, 0x31, 0x5C, 0xAE, 0x32, 0x5A, 0xAD, 0x32, 0x5B, 0xAD, 0x33, 0x5D, 0xB0, 0x35, 0x5E, 0xB1, 0x35, 0x5D, 0xB1, 0x33, 0x5E, 0xB0, 0x39, 0x64, 0xB2, 0x3C, 0x69, 0xB7, 0x46, 0x74, 0xBC, 0x4A, 0x79, 0xC0, 0x3C, 0x65, 0xB2, 
        0x3A, 0x65, 0xB3, 0x3D, 0x6C, 0xB6, 0x3B, 0x6B, 0xB6, 0x3D, 0x6A, 0xB6, 0x42, 0x6A, 0xB9, 0x3E, 0x6A, 0xB6, 0x3B, 0x6C, 0xB4, 0x3E, 0x6B, 0xB4, 0x3E, 0x6A, 0xB4, 0x3E, 0x68, 0xB4, 0x3B, 0x66, 0xB2, 0x3B, 0x66, 0xB2, 0x3C, 0x69, 0xB2, 
        0x41, 0x6B, 0xB6, 0x3D, 0x67, 0xB3, 0x3D, 0x66, 0xB2, 0x40, 0x69, 0xB4, 0x41, 0x6A, 0xB4, 0x40, 0x6A, 0xB6, 0x40, 0x68, 0xB4, 0x3E, 0x68, 0xB3, 0x40, 0x6B, 0xB4, 0x43, 0x71, 0xB8, 0x4C, 0x7B, 0xBE, 0x4F, 0x7A, 0xBD, 0x43, 0x6B, 0xB5, 
        0x3E, 0x67, 0xB3, 0x41, 0x67, 0xB3, 0x43, 0x6B, 0xB5, 0x45, 0x6B, 0xB5, 0x45, 0x6B, 0xB6, 0x4B, 0x6F, 0xB9, 0x45, 0x6C, 0xB6, 0x40, 0x66, 0xB3, 0x44, 0x6A, 0xB4, 0x44, 0x6C, 0xB5, 0x44, 0x6B, 0xB5, 0x46, 0x6C, 0xB7, 0x49, 0x6D, 0xB5, 
        0x46, 0x6C, 0xB5, 0x45, 0x6A, 0xB5, 0x48, 0x6C, 0xB6, 0x48, 0x6E, 0xB6, 0x45, 0x6A, 0xB5, 0x4D, 0x79, 0xBE, 0x5C, 0x8D, 0xC8, 0x6D, 0xA0, 0xD1, 0x5E, 0x92, 0xC9, 0x46, 0x73, 0xBA, 0x4E, 0x6D, 0xB8, 0x4F, 0x6E, 0xB8, 0x4A, 0x70, 0xB7, 
        0x4A, 0x6E, 0xB8, 0x4C, 0x71, 0xB9, 0x4D, 0x72, 0xB9, 0x4E, 0x72, 0xB9, 0x4E, 0x72, 0xB9, 0x4E, 0x73, 0xB9, 0x4E, 0x73, 0xB9, 0x4E, 0x73, 0xB9, 0x4F, 0x74, 0xB9, 0x51, 0x74, 0xBB, 0x52, 0x76, 0xBB, 0x53, 0x78, 0xBD, 0x5F, 0x85, 0xC3, 
        0x56, 0x7C, 0xBE, 0x53, 0x7A, 0xBE, 0x5A, 0x81, 0xC1, 0x57, 0x7D, 0xBF, 0x57, 0x7D, 0xBF, 0x58, 0x7B, 0xBF, 0x58, 0x7D, 0xBF, 0x58, 0x7D, 0xBF, 0x55, 0x7A, 0xBD, 0x55, 0x7B, 0xBD, 0x55, 0x7B, 0xBE, 0x58, 0x7E, 0xBE, 0x59, 0x7F, 0xBE, 
        0x59, 0x7D, 0xBD, 0x56, 0x79, 0xBE, 0x3D, 0x5F, 0xAE, 0x30, 0x52, 0xA6, 0x2E, 0x4D, 0xA6, 0x2E, 0x4B, 0xA6, 0x29, 0x45, 0xA2, 0x25, 0x3F, 0x9C, 0x25, 0x3F, 0x9C, 0x24, 0x3E, 0x9C, 0x21, 0x39, 0x99, 0x1F, 0x36, 0x94, 0x1F, 0x35, 0x92, 
        0x21, 0x38, 0x98, 0x21, 0x38, 0x98, 0x1C, 0x31, 0x93, 0x1B, 0x2E, 0x91, 0x1C, 0x31, 0x93, 0x1C, 0x30, 0x92, 0x1A, 0x2D, 0x8E, 0x19, 0x2D, 0x8F, 0x19, 0x2B, 0x8D, 0x18, 0x2A, 0x8C, 0x18, 0x2A, 0x8C, 0x1C, 0x30, 0x91, 0x19, 0x2C, 0x8D, 
        0x16, 0x29, 0x89, 0x19, 0x2C, 0x8D, 0x18, 0x36, 0x8B,
  0x43, 0x68, 0xB5, 0x1A, 0x44, 0xA2, 0x1A, 0x46, 0xA4, 0x1A, 0x46, 0xA4, 0x1A, 0x48, 0xA4, 0x1B, 0x48, 0xA5, 0x1B, 0x48, 0xA5, 0x1B, 0x48, 0xA5, 0x1B, 0x48, 0xA5, 0x1B, 0x48, 0xA5, 0x1D, 0x48, 0xA5, 0x1D, 0x4B, 0xA7, 0x1D, 0x49, 0xA7, 0x20, 0x4D, 0xA7, 
        0x20, 0x4D, 0xA7, 0x20, 0x4D, 0xA7, 0x23, 0x51, 0xAA, 0x20, 0x4E, 0xA7, 0x20, 0x4C, 0xA5, 0x23, 0x4F, 0xA8, 0x21, 0x4E, 0xA7, 0x24, 0x50, 0xA9, 0x24, 0x4F, 0xA8, 0x25, 0x52, 0xA9, 0x24, 0x4F, 0xA8, 0x24, 0x4F, 0xA8, 0x27, 0x51, 0xA9, 
        0x29, 0x53, 0xAA, 0x29, 0x53, 0xAA, 0x2B, 0x54, 0xAA, 0x2B, 0x54, 0xAA, 0x2D, 0x57, 0xAD, 0x2D, 0x57, 0xAD, 0x34, 0x61, 0xB1, 0x41, 0x6D, 0xB9, 0x38, 0x65, 0xB4, 0x2D, 0x58, 0xAC, 0x2E, 0x59, 0xAC, 0x31, 0x5C, 0xAF, 0x31, 0x5C, 0xAE, 
        0x32, 0x5D, 0xAF, 0x31, 0x5A, 0xAD, 0x31, 0x5C, 0xAE, 0x37, 0x60, 0xB1, 0x37, 0x61, 0xB1, 0x36, 0x61, 0xB1, 0x35, 0x60, 0xB1, 0x35, 0x60, 0xB0, 0x36, 0x62, 0xB1, 0x37, 0x64, 0xB1, 0x37, 0x64, 0xB2, 0x36, 0x64, 0xB2, 0x3B, 0x66, 0xB2, 
        0x3C, 0x67, 0xB3, 0x3A, 0x66, 0xB4, 0x3B, 0x66, 0xB4, 0x3F, 0x6A, 0xB6, 0x3F, 0x6A, 0xB6, 0x3C, 0x67, 0xB3, 0x3C, 0x69, 0xB4, 0x3D, 0x6B, 0xB5, 0x3F, 0x6B, 0xB5, 0x3C, 0x68, 0xB3, 0x44, 0x6F, 0xB8, 0x41, 0x6C, 0xB5, 0x3B, 0x66, 0xB1, 
        0x3C, 0x68, 0xB2, 0x3F, 0x69, 0xB3, 0x3D, 0x67, 0xB2, 0x3F, 0x69, 0xB3, 0x40, 0x6A, 0xB4, 0x3F, 0x66, 0xB2, 0x43, 0x69, 0xB4, 0x45, 0x6B, 0xB6, 0x41, 0x69, 0xB4, 0x42, 0x6B, 0xB4, 0x47, 0x6F, 0xB8, 0x46, 0x6E, 0xB7, 0x3E, 0x67, 0xB2, 
        0x41, 0x6A, 0xB2, 0x42, 0x69, 0xB5, 0x44, 0x6A, 0xB5, 0x47, 0x6C, 0xB6, 0x4B, 0x6C, 0xB7, 0x4B, 0x71, 0xB9, 0x48, 0x6F, 0xB7, 0x49, 0x70, 0xB7, 0x42, 0x69, 0xB3, 0x41, 0x68, 0xB1, 0x43, 0x6A, 0xB4, 0x47, 0x6D, 0xB5, 0x49, 0x6F, 0xB7, 
        0x44, 0x6A, 0xB4, 0x46, 0x6B, 0xB4, 0x47, 0x6D, 0xB6, 0x47, 0x6B, 0xB5, 0x45, 0x6C, 0xB5, 0x42, 0x6A, 0xB5, 0x46, 0x71, 0xB7, 0x5A, 0x83, 0xC2, 0x5D, 0x87, 0xC3, 0x4B, 0x73, 0xB9, 0x46, 0x6A, 0xB5, 0x49, 0x6D, 0xB7, 0x4D, 0x70, 0xB7, 
        0x4D, 0x71, 0xB8, 0x4F, 0x71, 0xB9, 0x4D, 0x72, 0xB9, 0x4C, 0x71, 0xB8, 0x4B, 0x6F, 0xB8, 0x4E, 0x72, 0xB8, 0x51, 0x76, 0xBA, 0x4D, 0x72, 0xB9, 0x51, 0x76, 0xBA, 0x55, 0x78, 0xBA, 0x50, 0x75, 0xBA, 0x55, 0x7A, 0xBB, 0x5E, 0x83, 0xC0, 
        0x59, 0x7F, 0xBE, 0x57, 0x7E, 0xBD, 0x59, 0x7E, 0xBE, 0x56, 0x7D, 0xBC, 0x59, 0x7F, 0xBE, 0x59, 0x7D, 0xBE, 0x58, 0x7C, 0xBE, 0x58, 0x7D, 0xBE, 0x57, 0x7B, 0xBD, 0x55, 0x7A, 0xBB, 0x57, 0x7B, 0xBC, 0x56, 0x7B, 0xBB, 0x5C, 0x7F, 0xC0, 
        0x55, 0x77, 0xBE, 0x42, 0x64, 0xB3, 0x32, 0x53, 0xAB, 0x2C, 0x49, 0xA3, 0x2C, 0x48, 0xA3, 0x26, 0x3E, 0x9B, 0x23, 0x3A, 0x97, 0x22, 0x39, 0x97, 0x22, 0x38, 0x95, 0x23, 0x39, 0x96, 0x20, 0x36, 0x93, 0x1F, 0x34, 0x94, 0x1D, 0x32, 0x91, 
        0x1D, 0x32, 0x91, 0x1E, 0x32, 0x91, 0x1C, 0x31, 0x8F, 0x1B, 0x2E, 0x8E, 0x1C, 0x30, 0x90, 0x1D, 0x30, 0x90, 0x1C, 0x2F, 0x8E, 0x1B, 0x2E, 0x8C, 0x1B, 0x2E, 0x8F, 0x1A, 0x2C, 0x8C, 0x1B, 0x2D, 0x8D, 0x1B, 0x2E, 0x8D, 0x1B, 0x2D, 0x8D, 
        0x19, 0x2C, 0x8B, 0x18, 0x2A, 0x89, 0x17, 0x34, 0x89,
  0x43, 0x68, 0xB5, 0x19, 0x44, 0xA4, 0x1A, 0x46, 0xA4, 0x1A, 0x46, 0xA4, 0x1A, 0x47, 0xA2, 0x1A, 0x48, 0xA2, 0x1A, 0x48, 0xA3, 0x1B, 0x48, 0xA3, 0x1B, 0x48, 0xA3, 0x1B, 0x48, 0xA3, 0x1D, 0x48, 0xA5, 0x1D, 0x48, 0xA5, 0x1D, 0x49, 0xA6, 0x1D, 0x4B, 0xA7, 
        0x1E, 0x4B, 0xA6, 0x1E, 0x4B, 0xA6, 0x23, 0x50, 0xA8, 0x24, 0x52, 0xAA, 0x23, 0x51, 0xA8, 0x23, 0x4F, 0xA8, 0x23, 0x4E, 0xA7, 0x26, 0x51, 0xA8, 0x27, 0x53, 0xAB, 0x26, 0x52, 0xA9, 0x26, 0x50, 0xA9, 0x27, 0x52, 0xAA, 0x29, 0x50, 0xAA, 
        0x29, 0x51, 0xAA, 0x29, 0x51, 0xAA, 0x2A, 0x53, 0xAC, 0x2E, 0x56, 0xAD, 0x31, 0x57, 0xAF, 0x30, 0x58, 0xAE, 0x30, 0x5B, 0xAE, 0x34, 0x60, 0xB1, 0x31, 0x5D, 0xAE, 0x30, 0x5C, 0xAE, 0x34, 0x5F, 0xB1, 0x32, 0x5F, 0xB0, 0x34, 0x5C, 0xAF, 
        0x35, 0x5F, 0xAF, 0x34, 0x5D, 0xB0, 0x32, 0x5C, 0xAF, 0x35, 0x5F, 0xB0, 0x36, 0x5F, 0xB1, 0x35, 0x60, 0xB0, 0x36, 0x64, 0xB1, 0x3A, 0x67, 0xB4, 0x39, 0x67, 0xB3, 0x36, 0x64, 0xB1, 0x37, 0x64, 0xB1, 0x3A, 0x66, 0xB3, 0x3C, 0x67, 0xB4, 
        0x3C, 0x68, 0xB4, 0x3C, 0x69, 0xB5, 0x3D, 0x69, 0xB5, 0x3D, 0x69, 0xB5, 0x3D, 0x6A, 0xB5, 0x40, 0x6B, 0xB6, 0x3D, 0x68, 0xB3, 0x3B, 0x67, 0xB4, 0x3A, 0x66, 0xB3, 0x3C, 0x67, 0xB3, 0x49, 0x73, 0xBA, 0x43, 0x6E, 0xB8, 0x3E, 0x69, 0xB3, 
        0x3F, 0x6A, 0xB4, 0x46, 0x72, 0xB8, 0x45, 0x70, 0xB7, 0x41, 0x6B, 0xB5, 0x42, 0x6E, 0xB6, 0x41, 0x68, 0xB3, 0x42, 0x68, 0xB2, 0x44, 0x69, 0xB4, 0x43, 0x68, 0xB4, 0x41, 0x66, 0xB3, 0x42, 0x66, 0xB3, 0x40, 0x68, 0xB4, 0x40, 0x6A, 0xB4, 
        0x43, 0x6B, 0xB4, 0x44, 0x6B, 0xB4, 0x44, 0x6A, 0xB5, 0x45, 0x68, 0xB5, 0x47, 0x69, 0xB5, 0x43, 0x6B, 0xB4, 0x45, 0x6D, 0xB5, 0x49, 0x70, 0xB7, 0x46, 0x6C, 0xB4, 0x53, 0x79, 0xBB, 0x52, 0x76, 0xB9, 0x47, 0x6D, 0xB5, 0x46, 0x6C, 0xB4, 
        0x46, 0x6C, 0xB4, 0x47, 0x6D, 0xB5, 0x49, 0x6F, 0xB5, 0x48, 0x6E, 0xB6, 0x4A, 0x6F, 0xB6, 0x4A, 0x6F, 0xB6, 0x45, 0x69, 0xB1, 0x48, 0x6C, 0xB6, 0x4C, 0x6F, 0xB7, 0x49, 0x6F, 0xB6, 0x49, 0x71, 0xB7, 0x4C, 0x70, 0xB8, 0x4C, 0x6F, 0xB7, 
        0x4D, 0x71, 0xB7, 0x4D, 0x70, 0xB7, 0x4D, 0x70, 0xB8, 0x4F, 0x73, 0xB9, 0x4F, 0x73, 0xB9, 0x57, 0x7B, 0xBC, 0x66, 0x89, 0xC4, 0x5A, 0x7E, 0xBE, 0x50, 0x76, 0xB9, 0x51, 0x78, 0xB9, 0x54, 0x7A, 0xB9, 0x52, 0x77, 0xBA, 0x59, 0x7E, 0xBD, 
        0x5B, 0x7F, 0xBE, 0x58, 0x7E, 0xBC, 0x5A, 0x7F, 0xBD, 0x5A, 0x7E, 0xBE, 0x5A, 0x80, 0xBE, 0x5A, 0x80, 0xBE, 0x59, 0x7F, 0xBD, 0x58, 0x7C, 0xBD, 0x58, 0x7D, 0xBD, 0x5A, 0x7D, 0xBC, 0x5A, 0x7D, 0xBB, 0x5D, 0x81, 0xBD, 0x5C, 0x7E, 0xC0, 
        0x46, 0x67, 0xB6, 0x28, 0x43, 0x9D, 0x24, 0x3E, 0x99, 0x29, 0x44, 0xA1, 0x2D, 0x47, 0xA3, 0x26, 0x3D, 0x99, 0x25, 0x3C, 0x99, 0x23, 0x3A, 0x97, 0x1E, 0x33, 0x90, 0x22, 0x37, 0x93, 0x22, 0x36, 0x93, 0x1C, 0x2F, 0x8C, 0x1C, 0x2F, 0x8F, 
        0x1F, 0x33, 0x92, 0x20, 0x35, 0x92, 0x1D, 0x30, 0x8F, 0x1B, 0x2D, 0x8B, 0x19, 0x2B, 0x89, 0x19, 0x2A, 0x89, 0x1A, 0x2B, 0x89, 0x1A, 0x2B, 0x89, 0x1B, 0x2E, 0x8B, 0x19, 0x2A, 0x8A, 0x1A, 0x2B, 0x8B, 0x19, 0x2A, 0x89, 0x19, 0x2B, 0x8A, 
        0x1B, 0x2B, 0x8A, 0x19, 0x2B, 0x8A, 0x18, 0x35, 0x89,
  0x44, 0x68, 0xB5, 0x19, 0x44, 0xA4, 0x19, 0x44, 0xA2, 0x1A, 0x46, 0xA2, 0x1A, 0x46, 0xA2, 0x1B, 0x46, 0xA2, 0x1B, 0x48, 0xA4, 0x1B, 0x48, 0xA3, 0x1B, 0x48, 0xA3, 0x1D, 0x48, 0xA5, 0x1D, 0x48, 0xA5, 0x1D, 0x48, 0xA5, 0x1D, 0x48, 0xA5, 0x1D, 0x4B, 0xA6, 
        0x1D, 0x4B, 0xA6, 0x20, 0x4D, 0xA6, 0x26, 0x53, 0xAA, 0x29, 0x56, 0xAB, 0x26, 0x52, 0xA9, 0x23, 0x4E, 0xA7, 0x26, 0x51, 0xA8, 0x26, 0x51, 0xA8, 0x26, 0x51, 0xA8, 0x27, 0x52, 0xA9, 0x27, 0x52, 0xA9, 0x28, 0x53, 0xAA, 0x2B, 0x55, 0xAB, 
        0x2A, 0x52, 0xAA, 0x29, 0x51, 0xAA, 0x2A, 0x53, 0xAC, 0x2D, 0x57, 0xAD, 0x32, 0x5A, 0xB0, 0x32, 0x5A, 0xAF, 0x30, 0x5B, 0xAD, 0x2E, 0x5A, 0xAD, 0x31, 0x5D, 0xAE, 0x33, 0x5E, 0xB0, 0x33, 0x61, 0xB0, 0x32, 0x5F, 0xB0, 0x35, 0x5F, 0xB0, 
        0x2F, 0x59, 0xAC, 0x31, 0x5C, 0xAD, 0x32, 0x5D, 0xAF, 0x35, 0x60, 0xB0, 0x37, 0x63, 0xB3, 0x37, 0x60, 0xB0, 0x3C, 0x67, 0xB3, 0x41, 0x6D, 0xB7, 0x3D, 0x69, 0xB5, 0x37, 0x63, 0xB1, 0x38, 0x65, 0xB2, 0x41, 0x6B, 0xB5, 0x3E, 0x68, 0xB4, 
        0x3D, 0x68, 0xB3, 0x3E, 0x69, 0xB4, 0x3E, 0x69, 0xB4, 0x3E, 0x69, 0xB5, 0x3F, 0x6A, 0xB6, 0x3E, 0x69, 0xB3, 0x42, 0x6D, 0xB5, 0x4E, 0x7A, 0xBD, 0x47, 0x71, 0xBA, 0x3A, 0x66, 0xB1, 0x3E, 0x68, 0xB3, 0x41, 0x6B, 0xB4, 0x40, 0x6A, 0xB4, 
        0x3E, 0x69, 0xB2, 0x46, 0x70, 0xB7, 0x44, 0x6F, 0xB7, 0x3F, 0x6A, 0xB4, 0x42, 0x6D, 0xB6, 0x45, 0x6B, 0xB5, 0x41, 0x67, 0xB2, 0x41, 0x68, 0xB2, 0x46, 0x6B, 0xB6, 0x45, 0x6B, 0xB4, 0x44, 0x69, 0xB4, 0x44, 0x6B, 0xB4, 0x42, 0x6B, 0xB4, 
        0x45, 0x6C, 0xB5, 0x47, 0x6C, 0xB5, 0x45, 0x6A, 0xB4, 0x45, 0x6A, 0xB5, 0x47, 0x6C, 0xB6, 0x44, 0x6C, 0xB5, 0x45, 0x6B, 0xB3, 0x42, 0x69, 0xB2, 0x46, 0x6B, 0xB4, 0x54, 0x7A, 0xBC, 0x4C, 0x72, 0xB7, 0x44, 0x69, 0xB3, 0x49, 0x6E, 0xB5, 
        0x4A, 0x70, 0xB7, 0x49, 0x6F, 0xB5, 0x49, 0x6F, 0xB5, 0x49, 0x6F, 0xB5, 0x48, 0x6E, 0xB6, 0x48, 0x6D, 0xB5, 0x47, 0x6C, 0xB3, 0x48, 0x6E, 0xB5, 0x48, 0x6E, 0xB6, 0x4B, 0x6E, 0xB6, 0x4C, 0x71, 0xB7, 0x4E, 0x71, 0xB7, 0x4E, 0x70, 0xB7, 
        0x4E, 0x70, 0xB7, 0x4F, 0x72, 0xB8, 0x4F, 0x72, 0xB8, 0x4D, 0x71, 0xB8, 0x4C, 0x6F, 0xB6, 0x52, 0x78, 0xBB, 0x60, 0x83, 0xBF, 0x58, 0x7C, 0xBC, 0x51, 0x76, 0xB9, 0x53, 0x79, 0xB9, 0x54, 0x79, 0xBA, 0x53, 0x78, 0xB9, 0x55, 0x7A, 0xBB, 
        0x58, 0x7D, 0xBC, 0x5B, 0x7F, 0xBD, 0x5B, 0x81, 0xBE, 0x5A, 0x7F, 0xBD, 0x5C, 0x80, 0xBF, 0x5C, 0x81, 0xBF, 0x5A, 0x7F, 0xBE, 0x5A, 0x7F, 0xBD, 0x5A, 0x7C, 0xBD, 0x5A, 0x7C, 0xBD, 0x5D, 0x80, 0xBE, 0x61, 0x82, 0xC0, 0x4B, 0x6E, 0xB5, 
        0x32, 0x54, 0xA7, 0x29, 0x43, 0x9D, 0x28, 0x41, 0x9B, 0x2A, 0x44, 0x9F, 0x26, 0x3E, 0x9B, 0x23, 0x38, 0x97, 0x22, 0x38, 0x95, 0x1F, 0x33, 0x90, 0x1D, 0x30, 0x8D, 0x21, 0x36, 0x93, 0x20, 0x35, 0x92, 0x1E, 0x31, 0x8E, 0x1B, 0x2E, 0x8B, 
        0x1E, 0x30, 0x90, 0x1D, 0x30, 0x8F, 0x19, 0x29, 0x88, 0x1A, 0x2B, 0x8A, 0x19, 0x29, 0x88, 0x19, 0x29, 0x88, 0x1A, 0x2C, 0x8B, 0x1C, 0x2D, 0x8C, 0x1C, 0x2E, 0x8D, 0x18, 0x28, 0x87, 0x19, 0x29, 0x89, 0x1A, 0x2A, 0x8A, 0x18, 0x29, 0x88, 
        0x18, 0x29, 0x88, 0x1B, 0x2C, 0x8B, 0x19, 0x36, 0x8B,
  0x44, 0x67, 0xB3, 0x19, 0x44, 0xA2, 0x1A, 0x46, 0xA2, 0x1A, 0x46, 0xA2, 0x1B, 0x47, 0xA2, 0x1B, 0x47, 0xA2, 0x1B, 0x47, 0xA2, 0x1C, 0x48, 0xA2, 0x1D, 0x48, 0xA3, 0x1D, 0x48, 0xA3, 0x1D, 0x4A, 0xA5, 0x1D, 0x48, 0xA5, 0x1F, 0x4A, 0xA5, 0x1D, 0x48, 0xA3, 
        0x1D, 0x49, 0xA3, 0x20, 0x4D, 0xA6, 0x23, 0x50, 0xA7, 0x24, 0x50, 0xA7, 0x24, 0x4E, 0xA6, 0x24, 0x4F, 0xA7, 0x26, 0x4F, 0xA8, 0x26, 0x4F, 0xA8, 0x24, 0x4F, 0xA8, 0x24, 0x4E, 0xA7, 0x26, 0x50, 0xA9, 0x28, 0x52, 0xAB, 0x2B, 0x53, 0xAB, 
        0x2A, 0x52, 0xA9, 0x29, 0x52, 0xA9, 0x2B, 0x56, 0xAA, 0x2F, 0x59, 0xAD, 0x30, 0x5A, 0xAE, 0x33, 0x5C, 0xAF, 0x33, 0x5D, 0xAE, 0x30, 0x5B, 0xAD, 0x34, 0x60, 0xB0, 0x33, 0x60, 0xB0, 0x31, 0x5D, 0xAE, 0x32, 0x5F, 0xAE, 0x34, 0x5E, 0xAE, 
        0x34, 0x5E, 0xAE, 0x42, 0x6C, 0xB6, 0x3D, 0x69, 0xB5, 0x36, 0x62, 0xB0, 0x37, 0x62, 0xB0, 0x36, 0x62, 0xB0, 0x3C, 0x66, 0xB2, 0x3E, 0x69, 0xB4, 0x3C, 0x67, 0xB4, 0x38, 0x63, 0xB1, 0x3B, 0x66, 0xB2, 0x3E, 0x6B, 0xB5, 0x3C, 0x67, 0xB2, 
        0x3C, 0x67, 0xB2, 0x3C, 0x67, 0xB2, 0x3D, 0x69, 0xB3, 0x3D, 0x69, 0xB3, 0x3E, 0x6A, 0xB5, 0x3B, 0x65, 0xB2, 0x40, 0x6A, 0xB4, 0x51, 0x7B, 0xBE, 0x4A, 0x73, 0xBA, 0x3C, 0x66, 0xB3, 0x3A, 0x65, 0xB1, 0x41, 0x69, 0xB4, 0x41, 0x69, 0xB3, 
        0x3F, 0x66, 0xB2, 0x41, 0x69, 0xB3, 0x40, 0x69, 0xB2, 0x42, 0x6B, 0xB5, 0x47, 0x70, 0xB7, 0x42, 0x69, 0xB3, 0x45, 0x6A, 0xB3, 0x46, 0x6B, 0xB5, 0x44, 0x6A, 0xB3, 0x46, 0x6B, 0xB4, 0x46, 0x6C, 0xB6, 0x48, 0x6E, 0xB6, 0x48, 0x6E, 0xB4, 
        0x44, 0x6B, 0xB4, 0x46, 0x6B, 0xB4, 0x47, 0x6B, 0xB4, 0x44, 0x6B, 0xB3, 0x45, 0x6C, 0xB5, 0x45, 0x6C, 0xB5, 0x47, 0x6E, 0xB5, 0x48, 0x6D, 0xB5, 0x45, 0x69, 0xB2, 0x43, 0x68, 0xB3, 0x45, 0x69, 0xB1, 0x49, 0x6E, 0xB4, 0x4C, 0x6F, 0xB6, 
        0x4D, 0x73, 0xB8, 0x49, 0x6E, 0xB5, 0x47, 0x6D, 0xB4, 0x49, 0x6E, 0xB5, 0x46, 0x6D, 0xB4, 0x4A, 0x6E, 0xB5, 0x4B, 0x6F, 0xB6, 0x4D, 0x71, 0xB6, 0x4B, 0x71, 0xB6, 0x4D, 0x72, 0xB7, 0x4C, 0x70, 0xB7, 0x4E, 0x71, 0xB6, 0x4C, 0x70, 0xB6, 
        0x4C, 0x6F, 0xB7, 0x54, 0x76, 0xBA, 0x5A, 0x7D, 0xBD, 0x55, 0x77, 0xBA, 0x4D, 0x70, 0xB8, 0x4C, 0x71, 0xB6, 0x4C, 0x71, 0xB4, 0x50, 0x74, 0xB8, 0x51, 0x76, 0xB8, 0x51, 0x76, 0xB9, 0x53, 0x77, 0xB9, 0x57, 0x7D, 0xBC, 0x56, 0x7B, 0xBA, 
        0x55, 0x7A, 0xBB, 0x5B, 0x80, 0xBE, 0x5E, 0x81, 0xBE, 0x5B, 0x80, 0xBD, 0x5A, 0x7E, 0xBC, 0x5C, 0x7F, 0xBE, 0x5A, 0x7F, 0xBD, 0x5C, 0x7F, 0xBD, 0x59, 0x7C, 0xBC, 0x5A, 0x7A, 0xBD, 0x5E, 0x7E, 0xBF, 0x4E, 0x6E, 0xB7, 0x2F, 0x4F, 0x9F, 
        0x2A, 0x46, 0x9C, 0x2C, 0x46, 0xA2, 0x2D, 0x48, 0xA4, 0x26, 0x3E, 0x99, 0x21, 0x35, 0x90, 0x1F, 0x32, 0x91, 0x1D, 0x2E, 0x8C, 0x1C, 0x2E, 0x8A, 0x1E, 0x31, 0x8D, 0x21, 0x35, 0x92, 0x1C, 0x2E, 0x8C, 0x1D, 0x2F, 0x8D, 0x1E, 0x30, 0x8E, 
        0x1E, 0x2F, 0x8E, 0x1C, 0x2E, 0x8D, 0x1B, 0x2C, 0x8B, 0x1C, 0x2D, 0x8C, 0x1B, 0x2C, 0x8B, 0x1B, 0x2C, 0x8A, 0x1B, 0x2C, 0x8B, 0x1A, 0x2B, 0x89, 0x1B, 0x2C, 0x89, 0x19, 0x29, 0x86, 0x1A, 0x2B, 0x88, 0x1B, 0x2C, 0x8B, 0x1A, 0x2A, 0x89, 
        0x19, 0x29, 0x88, 0x1B, 0x2B, 0x89, 0x18, 0x34, 0x88,
  0x44, 0x67, 0xB2, 0x1A, 0x46, 0xA2, 0x1A, 0x46, 0xA2, 0x1A, 0x46, 0xA2, 0x1A, 0x47, 0xA2, 0x1B, 0x47, 0xA2, 0x1B, 0x47, 0xA2, 0x1D, 0x49, 0xA2, 0x1D, 0x4A, 0xA2, 0x1D, 0x4A, 0xA5, 0x1F, 0x4A, 0xA5, 0x1F, 0x4A, 0xA5, 0x1F, 0x48, 0xA3, 0x28, 0x55, 0xAC, 
        0x2F, 0x5C, 0xAF, 0x23, 0x51, 0xA9, 0x1F, 0x4B, 0xA4, 0x23, 0x4D, 0xA6, 0x26, 0x50, 0xA6, 0x24, 0x4D, 0xA4, 0x24, 0x4E, 0xA7, 0x26, 0x4F, 0xA7, 0x24, 0x4E, 0xA7, 0x24, 0x4E, 0xA7, 0x24, 0x4E, 0xA7, 0x27, 0x52, 0xA9, 0x28, 0x50, 0xA8, 
        0x29, 0x52, 0xA8, 0x2A, 0x53, 0xA9, 0x2D, 0x55, 0xAA, 0x2F, 0x59, 0xAD, 0x30, 0x5A, 0xAD, 0x32, 0x5C, 0xAE, 0x33, 0x5F, 0xAD, 0x34, 0x5F, 0xAE, 0x36, 0x64, 0xB1, 0x35, 0x61, 0xAF, 0x31, 0x5E, 0xAE, 0x36, 0x62, 0xB1, 0x33, 0x5E, 0xAD, 
        0x3A, 0x64, 0xB2, 0x48, 0x72, 0xBA, 0x3F, 0x69, 0xB5, 0x32, 0x5D, 0xAD, 0x35, 0x5F, 0xB0, 0x37, 0x62, 0xB0, 0x38, 0x63, 0xB0, 0x38, 0x62, 0xB0, 0x39, 0x64, 0xB0, 0x3B, 0x65, 0xB1, 0x3B, 0x66, 0xB2, 0x3C, 0x67, 0xB2, 0x3B, 0x65, 0xB1, 
        0x3C, 0x65, 0xB1, 0x3C, 0x65, 0xB2, 0x3C, 0x65, 0xB2, 0x3C, 0x66, 0xB2, 0x3C, 0x67, 0xB2, 0x3E, 0x68, 0xB3, 0x3D, 0x65, 0xB0, 0x3D, 0x66, 0xB2, 0x3D, 0x66, 0xB0, 0x3E, 0x67, 0xB2, 0x3D, 0x67, 0xB3, 0x3D, 0x67, 0xB3, 0x41, 0x68, 0xB1, 
        0x44, 0x6B, 0xB4, 0x43, 0x6A, 0xB4, 0x43, 0x6B, 0xB4, 0x49, 0x72, 0xB8, 0x47, 0x6F, 0xB6, 0x44, 0x6B, 0xB3, 0x50, 0x76, 0xBA, 0x50, 0x76, 0xBA, 0x45, 0x6B, 0xB3, 0x45, 0x6C, 0xB3, 0x49, 0x6F, 0xB6, 0x49, 0x6E, 0xB6, 0x49, 0x6C, 0xB4, 
        0x45, 0x69, 0xB3, 0x46, 0x6C, 0xB5, 0x46, 0x6C, 0xB4, 0x41, 0x68, 0xB2, 0x41, 0x68, 0xB1, 0x42, 0x68, 0xB2, 0x44, 0x6A, 0xB3, 0x47, 0x6D, 0xB5, 0x45, 0x6B, 0xB2, 0x46, 0x6B, 0xB2, 0x49, 0x6C, 0xB3, 0x4B, 0x6F, 0xB4, 0x49, 0x6E, 0xB4, 
        0x4A, 0x6E, 0xB4, 0x47, 0x6D, 0xB4, 0x47, 0x6D, 0xB4, 0x4A, 0x70, 0xB5, 0x4A, 0x6F, 0xB5, 0x4C, 0x6F, 0xB5, 0x4E, 0x70, 0xB6, 0x4B, 0x6E, 0xB5, 0x4B, 0x6F, 0xB5, 0x4D, 0x70, 0xB5, 0x4B, 0x6F, 0xB6, 0x4E, 0x71, 0xB6, 0x4F, 0x73, 0xB6, 
        0x4F, 0x72, 0xB6, 0x4F, 0x73, 0xB7, 0x51, 0x73, 0xB8, 0x52, 0x76, 0xB8, 0x53, 0x77, 0xB8, 0x53, 0x76, 0xB9, 0x52, 0x75, 0xB8, 0x52, 0x75, 0xB8, 0x50, 0x73, 0xB6, 0x54, 0x76, 0xB8, 0x54, 0x79, 0xB9, 0x56, 0x7B, 0xBA, 0x54, 0x7A, 0xBA, 
        0x55, 0x7A, 0xBA, 0x58, 0x7D, 0xBC, 0x5C, 0x81, 0xBE, 0x5B, 0x7F, 0xBE, 0x58, 0x7E, 0xBB, 0x5D, 0x80, 0xBB, 0x5C, 0x7E, 0xBC, 0x57, 0x7B, 0xBB, 0x60, 0x80, 0xBF, 0x62, 0x81, 0xC1, 0x53, 0x73, 0xBA, 0x37, 0x57, 0xA6, 0x2E, 0x4B, 0x9F, 
        0x31, 0x4D, 0xA7, 0x29, 0x41, 0x9D, 0x25, 0x39, 0x96, 0x1F, 0x30, 0x8B, 0x20, 0x31, 0x8E, 0x21, 0x33, 0x91, 0x21, 0x34, 0x92, 0x21, 0x33, 0x92, 0x21, 0x34, 0x91, 0x1F, 0x32, 0x8D, 0x1A, 0x2C, 0x88, 0x1C, 0x2D, 0x8C, 0x20, 0x33, 0x91, 
        0x1E, 0x2F, 0x8D, 0x1B, 0x2A, 0x89, 0x1C, 0x2C, 0x8C, 0x1A, 0x29, 0x88, 0x1B, 0x2B, 0x88, 0x1C, 0x2E, 0x8A, 0x1B, 0x2C, 0x88, 0x1A, 0x2A, 0x87, 0x1B, 0x2C, 0x89, 0x1A, 0x27, 0x84, 0x1A, 0x29, 0x86, 0x1B, 0x2B, 0x87, 0x1B, 0x2B, 0x8A, 
        0x19, 0x28, 0x86, 0x1B, 0x2A, 0x88, 0x18, 0x33, 0x85,
  0x44, 0x68, 0xB2, 0x1A, 0x47, 0xA3, 0x1A, 0x47, 0xA4, 0x1A, 0x47, 0xA2, 0x1C, 0x47, 0xA2, 0x1C, 0x47, 0xA2, 0x1D, 0x47, 0xA2, 0x1D, 0x49, 0xA2, 0x1D, 0x49, 0xA2, 0x1D, 0x4A, 0xA2, 0x1F, 0x4A, 0xA3, 0x21, 0x4A, 0xA5, 0x20, 0x48, 0xA3, 0x26, 0x52, 0xA9, 
        0x2A, 0x58, 0xAC, 0x23, 0x4F, 0xA6, 0x20, 0x4B, 0xA3, 0x23, 0x4D, 0xA4, 0x26, 0x50, 0xA6, 0x24, 0x4D, 0xA4, 0x26, 0x4D, 0xA4, 0x27, 0x4F, 0xA7, 0x27, 0x4F, 0xA7, 0x26, 0x4E, 0xA7, 0x26, 0x4E, 0xA7, 0x26, 0x4F, 0xA7, 0x28, 0x52, 0xA8, 
        0x2A, 0x53, 0xA9, 0x2C, 0x55, 0xA9, 0x2D, 0x55, 0xAA, 0x2D, 0x56, 0xAB, 0x32, 0x5C, 0xAF, 0x34, 0x5F, 0xB0, 0x32, 0x5F, 0xAD, 0x34, 0x60, 0xAE, 0x36, 0x61, 0xAF, 0x36, 0x62, 0xB0, 0x35, 0x61, 0xAF, 0x36, 0x63, 0xB1, 0x35, 0x60, 0xAE, 
        0x34, 0x5F, 0xAE, 0x34, 0x5E, 0xAE, 0x32, 0x5C, 0xAD, 0x36, 0x61, 0xAF, 0x37, 0x63, 0xB0, 0x37, 0x62, 0xB0, 0x38, 0x63, 0xAF, 0x39, 0x63, 0xB0, 0x3A, 0x63, 0xB0, 0x3B, 0x65, 0xB0, 0x3B, 0x65, 0xB1, 0x3A, 0x64, 0xB1, 0x3B, 0x64, 0xB1, 
        0x3B, 0x65, 0xB1, 0x3C, 0x65, 0xB1, 0x3D, 0x66, 0xB2, 0x3D, 0x66, 0xB2, 0x3D, 0x67, 0xB2, 0x3F, 0x68, 0xB2, 0x3E, 0x66, 0xB2, 0x3D, 0x65, 0xB0, 0x40, 0x68, 0xB2, 0x3F, 0x67, 0xB2, 0x3F, 0x67, 0xB2, 0x3D, 0x65, 0xB1, 0x40, 0x68, 0xB1, 
        0x43, 0x6B, 0xB3, 0x43, 0x6A, 0xB3, 0x43, 0x6B, 0xB3, 0x46, 0x6F, 0xB5, 0x43, 0x6C, 0xB3, 0x42, 0x69, 0xB1, 0x4D, 0x73, 0xB8, 0x4D, 0x73, 0xB7, 0x44, 0x6A, 0xB2, 0x42, 0x68, 0xB2, 0x43, 0x6B, 0xB2, 0x47, 0x6B, 0xB3, 0x4A, 0x6B, 0xB3, 
        0x47, 0x6B, 0xB3, 0x46, 0x6C, 0xB3, 0x43, 0x6B, 0xB2, 0x46, 0x70, 0xB5, 0x58, 0x7F, 0xBE, 0x59, 0x7E, 0xBE, 0x45, 0x6A, 0xB3, 0x44, 0x69, 0xB2, 0x47, 0x6C, 0xB3, 0x4B, 0x6E, 0xB3, 0x49, 0x6B, 0xB2, 0x48, 0x6C, 0xB3, 0x48, 0x6E, 0xB4, 
        0x46, 0x6D, 0xB3, 0x4A, 0x6F, 0xB4, 0x4C, 0x71, 0xB7, 0x4C, 0x71, 0xB7, 0x4C, 0x72, 0xB7, 0x4A, 0x6D, 0xB4, 0x4A, 0x6E, 0xB4, 0x4D, 0x6F, 0xB5, 0x4E, 0x70, 0xB6, 0x4D, 0x6F, 0xB5, 0x4D, 0x6F, 0xB5, 0x4D, 0x70, 0xB6, 0x4F, 0x73, 0xB6, 
        0x51, 0x75, 0xB7, 0x4E, 0x72, 0xB6, 0x4C, 0x71, 0xB5, 0x56, 0x7A, 0xBB, 0x5D, 0x80, 0xBE, 0x53, 0x75, 0xB7, 0x52, 0x73, 0xB8, 0x53, 0x76, 0xB8, 0x52, 0x75, 0xB6, 0x57, 0x79, 0xB8, 0x55, 0x78, 0xB8, 0x51, 0x77, 0xB7, 0x59, 0x80, 0xBC, 
        0x62, 0x87, 0xC0, 0x5B, 0x7F, 0xBC, 0x56, 0x7B, 0xBB, 0x5B, 0x7F, 0xBD, 0x5B, 0x7F, 0xBC, 0x5C, 0x80, 0xBB, 0x5C, 0x7E, 0xBB, 0x5D, 0x7E, 0xBE, 0x60, 0x80, 0xBF, 0x51, 0x72, 0xB7, 0x39, 0x5C, 0xA5, 0x33, 0x4F, 0xA3, 0x31, 0x4D, 0xA4, 
        0x2E, 0x48, 0xA2, 0x27, 0x3D, 0x9B, 0x25, 0x39, 0x97, 0x25, 0x37, 0x95, 0x25, 0x39, 0x95, 0x22, 0x35, 0x93, 0x22, 0x36, 0x93, 0x22, 0x37, 0x95, 0x22, 0x36, 0x94, 0x1F, 0x32, 0x90, 0x1E, 0x2F, 0x8D, 0x1C, 0x2D, 0x8B, 0x1C, 0x2D, 0x8B, 
        0x1A, 0x28, 0x86, 0x19, 0x27, 0x85, 0x1B, 0x2B, 0x89, 0x1B, 0x2A, 0x8B, 0x1A, 0x2B, 0x88, 0x1B, 0x2C, 0x88, 0x1A, 0x2B, 0x86, 0x1A, 0x29, 0x84, 0x1B, 0x2C, 0x89, 0x1A, 0x29, 0x85, 0x1B, 0x2A, 0x87, 0x1B, 0x2B, 0x87, 0x1A, 0x29, 0x84, 
        0x17, 0x26, 0x83, 0x1B, 0x2B, 0x89, 0x19, 0x34, 0x87,
  0x44, 0x68, 0xB2, 0x1A, 0x46, 0xA3, 0x1C, 0x47, 0xA3, 0x1C, 0x47, 0xA4, 0x1C, 0x49, 0xA2, 0x1C, 0x47, 0xA2, 0x1C, 0x49, 0xA2, 0x1D, 0x49, 0xA2, 0x1D, 0x49, 0xA2, 0x1F, 0x49, 0xA2, 0x1F, 0x4A, 0xA4, 0x20, 0x4A, 0xA5, 0x21, 0x4A, 0xA5, 0x1F, 0x4A, 0xA3, 
        0x22, 0x4C, 0xA5, 0x25, 0x50, 0xA7, 0x23, 0x4D, 0xA5, 0x23, 0x4E, 0xA6, 0x23, 0x4E, 0xA4, 0x23, 0x4D, 0xA4, 0x26, 0x4D, 0xA6, 0x27, 0x50, 0xA6, 0x28, 0x51, 0xA8, 0x2A, 0x52, 0xA8, 0x29, 0x51, 0xA8, 0x28, 0x51, 0xA8, 0x28, 0x51, 0xA7, 
        0x2C, 0x53, 0xA9, 0x2D, 0x56, 0xAB, 0x2D, 0x56, 0xAA, 0x2D, 0x56, 0xAB, 0x32, 0x5B, 0xAE, 0x35, 0x60, 0xB0, 0x34, 0x60, 0xAF, 0x33, 0x60, 0xAE, 0x34, 0x60, 0xAE, 0x36, 0x62, 0xB0, 0x36, 0x62, 0xB0, 0x34, 0x61, 0xAF, 0x36, 0x61, 0xAE, 
        0x36, 0x61, 0xAF, 0x33, 0x5F, 0xAD, 0x35, 0x5F, 0xAF, 0x3A, 0x64, 0xB1, 0x38, 0x63, 0xB0, 0x37, 0x62, 0xAF, 0x3A, 0x63, 0xB0, 0x3C, 0x66, 0xB0, 0x3B, 0x65, 0xB0, 0x3B, 0x63, 0xB0, 0x3B, 0x64, 0xB0, 0x3B, 0x64, 0xB1, 0x3D, 0x66, 0xB1, 
        0x3C, 0x65, 0xB1, 0x3C, 0x66, 0xB0, 0x3E, 0x67, 0xB1, 0x3F, 0x68, 0xB2, 0x3E, 0x68, 0xB2, 0x3E, 0x67, 0xB1, 0x3F, 0x68, 0xB2, 0x3D, 0x66, 0xB0, 0x42, 0x69, 0xB3, 0x3E, 0x67, 0xB0, 0x45, 0x6E, 0xB5, 0x4E, 0x78, 0xBB, 0x47, 0x70, 0xB7, 
        0x40, 0x69, 0xB1, 0x43, 0x6A, 0xB3, 0x43, 0x69, 0xB3, 0x46, 0x6B, 0xB5, 0x46, 0x6D, 0xB5, 0x43, 0x6A, 0xB2, 0x44, 0x6C, 0xB2, 0x48, 0x6E, 0xB5, 0x43, 0x6A, 0xB2, 0x44, 0x6B, 0xB2, 0x45, 0x6B, 0xB3, 0x43, 0x6B, 0xB2, 0x4B, 0x6E, 0xB4, 
        0x4A, 0x6C, 0xB4, 0x47, 0x6A, 0xB3, 0x42, 0x68, 0xB0, 0x4F, 0x78, 0xBA, 0x70, 0x97, 0xCC, 0x71, 0x93, 0xCA, 0x4D, 0x72, 0xB7, 0x45, 0x6B, 0xB3, 0x4A, 0x6E, 0xB4, 0x4A, 0x6E, 0xB3, 0x4B, 0x6D, 0xB3, 0x4C, 0x6F, 0xB4, 0x49, 0x6D, 0xB4, 
        0x49, 0x6E, 0xB3, 0x4C, 0x71, 0xB4, 0x4E, 0x72, 0xB4, 0x4C, 0x71, 0xB5, 0x4D, 0x72, 0xB5, 0x4E, 0x71, 0xB5, 0x4C, 0x6F, 0xB4, 0x4C, 0x70, 0xB4, 0x50, 0x71, 0xB6, 0x4E, 0x71, 0xB6, 0x50, 0x72, 0xB6, 0x4E, 0x71, 0xB5, 0x4E, 0x71, 0xB6, 
        0x4F, 0x72, 0xB6, 0x4F, 0x72, 0xB6, 0x51, 0x73, 0xB6, 0x55, 0x77, 0xBA, 0x58, 0x7A, 0xBB, 0x53, 0x74, 0xB7, 0x50, 0x71, 0xB5, 0x55, 0x77, 0xB8, 0x53, 0x76, 0xB8, 0x52, 0x75, 0xB4, 0x55, 0x78, 0xB8, 0x55, 0x79, 0xB8, 0x63, 0x87, 0xC0, 
        0x6C, 0x8F, 0xC4, 0x5D, 0x81, 0xBD, 0x56, 0x7A, 0xB9, 0x5B, 0x7E, 0xBB, 0x5C, 0x81, 0xBB, 0x59, 0x7D, 0xB8, 0x5E, 0x7F, 0xBB, 0x67, 0x86, 0xC1, 0x51, 0x6F, 0xB7, 0x36, 0x56, 0xA4, 0x2D, 0x4C, 0x9B, 0x2E, 0x4A, 0x9E, 0x2B, 0x41, 0x9C, 
        0x28, 0x3E, 0x9B, 0x25, 0x3A, 0x99, 0x23, 0x35, 0x92, 0x23, 0x35, 0x90, 0x22, 0x34, 0x91, 0x1E, 0x2F, 0x8C, 0x1A, 0x29, 0x84, 0x1B, 0x2A, 0x86, 0x1C, 0x2D, 0x8A, 0x1B, 0x2A, 0x88, 0x1C, 0x2C, 0x88, 0x1D, 0x2E, 0x8B, 0x1C, 0x2D, 0x8A, 
        0x1C, 0x2D, 0x8B, 0x1D, 0x2C, 0x8B, 0x1C, 0x2B, 0x89, 0x1C, 0x2B, 0x89, 0x1A, 0x28, 0x86, 0x19, 0x27, 0x83, 0x19, 0x27, 0x83, 0x18, 0x25, 0x81, 0x19, 0x26, 0x83, 0x19, 0x27, 0x84, 0x1B, 0x2B, 0x88, 0x1B, 0x2A, 0x87, 0x19, 0x27, 0x82, 
        0x17, 0x25, 0x81, 0x1C, 0x2C, 0x8A, 0x19, 0x35, 0x88,
  0x44, 0x68, 0xB4, 0x1A, 0x46, 0xA3, 0x1C, 0x46, 0xA3, 0x1C, 0x49, 0xA3, 0x1C, 0x49, 0xA4, 0x1E, 0x49, 0xA4, 0x1C, 0x47, 0xA2, 0x1F, 0x49, 0xA4, 0x20, 0x49, 0xA4, 0x20, 0x49, 0xA4, 0x20, 0x49, 0xA5, 0x20, 0x4A, 0xA4, 0x20, 0x4A, 0xA5, 0x22, 0x4C, 0xA6, 
        0x23, 0x4C, 0xA6, 0x23, 0x4C, 0xA5, 0x23, 0x4C, 0xA5, 0x23, 0x4C, 0xA5, 0x25, 0x4E, 0xA6, 0x25, 0x4E, 0xA6, 0x26, 0x50, 0xA6, 0x28, 0x53, 0xA7, 0x26, 0x50, 0xA6, 0x2C, 0x58, 0xAB, 0x2B, 0x57, 0xAA, 0x29, 0x55, 0xA9, 0x2A, 0x52, 0xA8, 
        0x2B, 0x52, 0xA7, 0x2A, 0x53, 0xA8, 0x2D, 0x56, 0xAA, 0x33, 0x5C, 0xAD, 0x30, 0x59, 0xAC, 0x33, 0x5C, 0xAE, 0x34, 0x60, 0xB0, 0x34, 0x60, 0xAF, 0x35, 0x63, 0xB0, 0x36, 0x62, 0xAF, 0x36, 0x63, 0xB0, 0x36, 0x63, 0xB0, 0x36, 0x62, 0xAF, 
        0x36, 0x62, 0xAE, 0x38, 0x63, 0xAF, 0x39, 0x65, 0xB0, 0x3B, 0x66, 0xB2, 0x3C, 0x67, 0xB2, 0x3C, 0x66, 0xB1, 0x3A, 0x64, 0xAF, 0x3A, 0x64, 0xB0, 0x3A, 0x63, 0xB0, 0x3A, 0x63, 0xB0, 0x3C, 0x62, 0xAF, 0x3B, 0x63, 0xAF, 0x40, 0x67, 0xB1, 
        0x3E, 0x64, 0xB0, 0x3D, 0x63, 0xAE, 0x3D, 0x65, 0xB0, 0x41, 0x67, 0xB1, 0x3F, 0x66, 0xB1, 0x3F, 0x65, 0xB0, 0x42, 0x69, 0xB1, 0x41, 0x69, 0xB1, 0x3F, 0x69, 0xB2, 0x3C, 0x66, 0xB0, 0x46, 0x70, 0xB6, 0x5E, 0x89, 0xC4, 0x47, 0x76, 0xB7, 
        0x3D, 0x68, 0xB1, 0x46, 0x6C, 0xB4, 0x47, 0x6A, 0xB3, 0x49, 0x6C, 0xB4, 0x44, 0x6B, 0xB4, 0x44, 0x6C, 0xB2, 0x47, 0x6F, 0xB4, 0x49, 0x72, 0xB5, 0x42, 0x6A, 0xB2, 0x4B, 0x73, 0xB6, 0x53, 0x7A, 0xBA, 0x45, 0x6D, 0xB3, 0x44, 0x6E, 0xB2, 
        0x4A, 0x6C, 0xB3, 0x4C, 0x6B, 0xB3, 0x49, 0x68, 0xB2, 0x49, 0x70, 0xB5, 0x5A, 0x86, 0xC1, 0x58, 0x7D, 0xBD, 0x4C, 0x6F, 0xB5, 0x44, 0x69, 0xAF, 0x47, 0x6B, 0xB2, 0x4A, 0x6C, 0xB3, 0x4A, 0x6E, 0xB2, 0x4C, 0x6D, 0xB3, 0x4E, 0x6D, 0xB3, 
        0x4D, 0x6C, 0xB4, 0x4D, 0x6E, 0xB3, 0x4D, 0x6E, 0xB3, 0x4F, 0x6F, 0xB3, 0x50, 0x71, 0xB4, 0x4F, 0x73, 0xB5, 0x4C, 0x71, 0xB4, 0x4D, 0x71, 0xB4, 0x52, 0x77, 0xB5, 0x56, 0x77, 0xB8, 0x50, 0x71, 0xB5, 0x50, 0x6F, 0xB3, 0x51, 0x70, 0xB3, 
        0x51, 0x71, 0xB6, 0x54, 0x72, 0xB6, 0x54, 0x73, 0xB6, 0x52, 0x72, 0xB6, 0x54, 0x73, 0xB7, 0x55, 0x75, 0xB7, 0x55, 0x76, 0xB7, 0x53, 0x74, 0xB5, 0x55, 0x75, 0xB8, 0x56, 0x78, 0xB8, 0x55, 0x77, 0xB8, 0x59, 0x79, 0xBB, 0x5F, 0x7E, 0xBC, 
        0x5E, 0x7F, 0xBC, 0x58, 0x7A, 0xB9, 0x5A, 0x7B, 0xB9, 0x5C, 0x7E, 0xB9, 0x5C, 0x7F, 0xBA, 0x5C, 0x83, 0xBB, 0x64, 0x84, 0xBE, 0x58, 0x78, 0xBB, 0x33, 0x50, 0xA0, 0x2E, 0x47, 0x9E, 0x32, 0x49, 0xA5, 0x2D, 0x46, 0xA0, 0x23, 0x38, 0x91, 
        0x23, 0x36, 0x92, 0x1C, 0x2D, 0x88, 0x1B, 0x2A, 0x85, 0x20, 0x32, 0x8E, 0x1F, 0x30, 0x8D, 0x1D, 0x2D, 0x89, 0x1B, 0x2A, 0x84, 0x1C, 0x2A, 0x86, 0x1A, 0x2A, 0x84, 0x17, 0x24, 0x7F, 0x1A, 0x28, 0x84, 0x1C, 0x2D, 0x8A, 0x1C, 0x2D, 0x8A, 
        0x1C, 0x2C, 0x88, 0x1A, 0x29, 0x87, 0x1B, 0x2A, 0x86, 0x1C, 0x2B, 0x89, 0x1B, 0x29, 0x85, 0x1B, 0x29, 0x86, 0x1C, 0x2C, 0x88, 0x1A, 0x29, 0x85, 0x18, 0x25, 0x81, 0x1A, 0x28, 0x84, 0x1B, 0x29, 0x87, 0x18, 0x24, 0x80, 0x18, 0x24, 0x80, 
        0x1A, 0x27, 0x82, 0x1C, 0x2C, 0x88, 0x1C, 0x37, 0x8B,
  0x44, 0x68, 0xB4, 0x1C, 0x46, 0xA3, 0x1C, 0x46, 0xA3, 0x1C, 0x46, 0xA1, 0x1C, 0x49, 0xA3, 0x1E, 0x49, 0xA4, 0x1E, 0x49, 0xA2, 0x20, 0x49, 0xA4, 0x20, 0x49, 0xA4, 0x21, 0x49, 0xA4, 0x21, 0x49, 0xA4, 0x22, 0x49, 0xA4, 0x21, 0x4A, 0xA4, 0x22, 0x4A, 0xA5, 
        0x23, 0x4A, 0xA5, 0x23, 0x4A, 0xA5, 0x23, 0x4C, 0xA5, 0x25, 0x4D, 0xA5, 0x26, 0x4F, 0xA6, 0x26, 0x50, 0xA6, 0x2A, 0x53, 0xA8, 0x2E, 0x57, 0xAA, 0x28, 0x51, 0xA6, 0x29, 0x51, 0xA7, 0x29, 0x52, 0xA8, 0x29, 0x52, 0xA8, 0x2E, 0x57, 0xAA, 
        0x2C, 0x54, 0xA8, 0x2B, 0x54, 0xA8, 0x2F, 0x58, 0xAB, 0x32, 0x5B, 0xAC, 0x34, 0x5C, 0xAE, 0x35, 0x5F, 0xAF, 0x34, 0x5F, 0xAF, 0x35, 0x62, 0xB0, 0x37, 0x63, 0xB0, 0x37, 0x63, 0xB0, 0x38, 0x64, 0xB0, 0x38, 0x63, 0xAF, 0x38, 0x63, 0xAE, 
        0x39, 0x64, 0xAF, 0x3B, 0x66, 0xB1, 0x3B, 0x66, 0xB1, 0x39, 0x66, 0xB0, 0x3C, 0x68, 0xB2, 0x3C, 0x66, 0xB1, 0x3A, 0x64, 0xAF, 0x3A, 0x64, 0xAF, 0x3A, 0x63, 0xB0, 0x3B, 0x63, 0xB0, 0x3C, 0x62, 0xB0, 0x3C, 0x63, 0xB0, 0x3E, 0x65, 0xAF, 
        0x3E, 0x65, 0xB0, 0x3D, 0x64, 0xB0, 0x3D, 0x64, 0xB0, 0x3D, 0x65, 0xB0, 0x41, 0x67, 0xB1, 0x3F, 0x66, 0xB1, 0x3E, 0x65, 0xAF, 0x3E, 0x66, 0xAF, 0x41, 0x69, 0xB1, 0x3F, 0x69, 0xB2, 0x3F, 0x69, 0xB2, 0x45, 0x70, 0xB5, 0x42, 0x6C, 0xB2, 
        0x42, 0x69, 0xB0, 0x47, 0x6C, 0xB4, 0x43, 0x68, 0xB1, 0x43, 0x6B, 0xB1, 0x43, 0x6E, 0xB3, 0x43, 0x6B, 0xB2, 0x46, 0x6B, 0xB1, 0x46, 0x6C, 0xB2, 0x43, 0x6A, 0xB1, 0x4B, 0x72, 0xB6, 0x53, 0x7A, 0xBA, 0x4B, 0x71, 0xB5, 0x46, 0x6B, 0xB2, 
        0x48, 0x6C, 0xB2, 0x4C, 0x6C, 0xB3, 0x4C, 0x6E, 0xB4, 0x46, 0x6B, 0xB1, 0x43, 0x6E, 0xB2, 0x46, 0x6C, 0xB3, 0x48, 0x6C, 0xB3, 0x4A, 0x6C, 0xB2, 0x49, 0x6C, 0xB1, 0x48, 0x6C, 0xB2, 0x48, 0x6B, 0xB0, 0x4A, 0x6C, 0xB2, 0x4D, 0x6D, 0xB3, 
        0x4D, 0x6D, 0xB2, 0x4E, 0x6E, 0xB3, 0x4E, 0x6F, 0xB3, 0x4E, 0x6F, 0xB3, 0x4F, 0x6F, 0xB3, 0x4F, 0x73, 0xB5, 0x4C, 0x71, 0xB4, 0x4E, 0x70, 0xB4, 0x52, 0x74, 0xB5, 0x53, 0x75, 0xB5, 0x51, 0x71, 0xB5, 0x50, 0x6F, 0xB3, 0x53, 0x71, 0xB3, 
        0x53, 0x72, 0xB5, 0x53, 0x72, 0xB6, 0x54, 0x72, 0xB6, 0x54, 0x73, 0xB6, 0x54, 0x73, 0xB6, 0x52, 0x73, 0xB5, 0x55, 0x76, 0xB7, 0x58, 0x78, 0xB8, 0x58, 0x78, 0xB8, 0x58, 0x78, 0xB9, 0x56, 0x78, 0xB8, 0x56, 0x78, 0xB8, 0x56, 0x77, 0xB8, 
        0x55, 0x76, 0xB8, 0x54, 0x77, 0xB5, 0x59, 0x7B, 0xB9, 0x5C, 0x7D, 0xBA, 0x5B, 0x7D, 0xB9, 0x65, 0x85, 0xBF, 0x58, 0x77, 0xBA, 0x37, 0x57, 0xA2, 0x2C, 0x49, 0x9A, 0x27, 0x3D, 0x95, 0x2D, 0x43, 0x9E, 0x27, 0x3D, 0x96, 0x26, 0x3B, 0x94, 
        0x1F, 0x32, 0x8C, 0x1C, 0x2D, 0x88, 0x1F, 0x2F, 0x8B, 0x1E, 0x2E, 0x8B, 0x1D, 0x2D, 0x89, 0x1B, 0x2B, 0x85, 0x1A, 0x29, 0x84, 0x1E, 0x2E, 0x8B, 0x1D, 0x2C, 0x87, 0x19, 0x27, 0x82, 0x1C, 0x2D, 0x8A, 0x1F, 0x2F, 0x8D, 0x1C, 0x2C, 0x88, 
        0x19, 0x28, 0x85, 0x1A, 0x29, 0x86, 0x1A, 0x2A, 0x87, 0x1A, 0x29, 0x85, 0x1B, 0x29, 0x85, 0x1B, 0x2A, 0x85, 0x1A, 0x29, 0x86, 0x1B, 0x2A, 0x86, 0x1B, 0x2B, 0x86, 0x1B, 0x29, 0x86, 0x1A, 0x28, 0x83, 0x1A, 0x28, 0x84, 0x1A, 0x27, 0x84, 
        0x1B, 0x28, 0x84, 0x1C, 0x2B, 0x87, 0x1A, 0x35, 0x87,
  0x45, 0x68, 0xB4, 0x1C, 0x48, 0xA3, 0x1C, 0x46, 0xA1, 0x1C, 0x46, 0xA1, 0x1C, 0x46, 0xA1, 0x1F, 0x49, 0xA1, 0x1F, 0x49, 0xA4, 0x20, 0x49, 0xA4, 0x20, 0x49, 0xA4, 0x21, 0x4B, 0xA4, 0x22, 0x4B, 0xA4, 0x22, 0x4B, 0xA4, 0x22, 0x4B, 0xA4, 0x23, 0x4C, 0xA4, 
        0x25, 0x4C, 0xA5, 0x25, 0x4C, 0xA5, 0x25, 0x4C, 0xA5, 0x26, 0x4D, 0xA5, 0x27, 0x4F, 0xA5, 0x27, 0x4F, 0xA5, 0x2A, 0x53, 0xA7, 0x30, 0x59, 0xAB, 0x2B, 0x53, 0xA7, 0x28, 0x50, 0xA4, 0x2A, 0x51, 0xA6, 0x2C, 0x55, 0xA9, 0x2B, 0x55, 0xA8, 
        0x2E, 0x58, 0xA9, 0x49, 0x74, 0xBB, 0x41, 0x6D, 0xB6, 0x2D, 0x55, 0xA8, 0x35, 0x5E, 0xAE, 0x37, 0x61, 0xAF, 0x35, 0x61, 0xAE, 0x37, 0x62, 0xAF, 0x37, 0x64, 0xB0, 0x38, 0x66, 0xB0, 0x38, 0x66, 0xB0, 0x39, 0x66, 0xB0, 0x3B, 0x65, 0xAF, 
        0x3C, 0x67, 0xB1, 0x3C, 0x68, 0xB1, 0x39, 0x65, 0xAF, 0x38, 0x64, 0xAE, 0x3B, 0x67, 0xB0, 0x3C, 0x68, 0xB1, 0x3C, 0x65, 0xAF, 0x3C, 0x65, 0xAF, 0x3C, 0x66, 0xAF, 0x3C, 0x65, 0xB0, 0x3C, 0x64, 0xB0, 0x3C, 0x63, 0xAF, 0x3E, 0x64, 0xAE, 
        0x40, 0x67, 0xAF, 0x40, 0x67, 0xB0, 0x3E, 0x65, 0xAF, 0x3D, 0x64, 0xAE, 0x3E, 0x67, 0xB0, 0x41, 0x67, 0xAF, 0x41, 0x67, 0xAF, 0x42, 0x68, 0xB1, 0x41, 0x69, 0xB0, 0x3F, 0x68, 0xAF, 0x3F, 0x69, 0xB2, 0x40, 0x69, 0xB0, 0x45, 0x6A, 0xB2, 
        0x47, 0x6B, 0xB3, 0x48, 0x6B, 0xB3, 0x43, 0x69, 0xB1, 0x4B, 0x76, 0xB8, 0x5B, 0x8A, 0xC3, 0x4A, 0x73, 0xB5, 0x41, 0x65, 0xAE, 0x46, 0x6C, 0xB2, 0x44, 0x6C, 0xB1, 0x44, 0x6B, 0xB1, 0x45, 0x6B, 0xB2, 0x44, 0x6A, 0xB0, 0x4E, 0x72, 0xB6, 
        0x4D, 0x71, 0xB5, 0x46, 0x6B, 0xB0, 0x46, 0x6A, 0xB1, 0x43, 0x69, 0xB0, 0x47, 0x6F, 0xB3, 0x4A, 0x6F, 0xB3, 0x4E, 0x72, 0xB5, 0x4C, 0x70, 0xB4, 0x4A, 0x6B, 0xB1, 0x4B, 0x6D, 0xB1, 0x4D, 0x6E, 0xB2, 0x4C, 0x6C, 0xB2, 0x4C, 0x6D, 0xB3, 
        0x4E, 0x6E, 0xB2, 0x4E, 0x6E, 0xB2, 0x4E, 0x6E, 0xB3, 0x4E, 0x6F, 0xB3, 0x4E, 0x71, 0xB3, 0x56, 0x79, 0xB7, 0x52, 0x76, 0xB5, 0x4F, 0x71, 0xB4, 0x4F, 0x70, 0xB2, 0x4E, 0x70, 0xB4, 0x4E, 0x6F, 0xB2, 0x51, 0x6F, 0xB3, 0x53, 0x71, 0xB5, 
        0x53, 0x72, 0xB5, 0x54, 0x73, 0xB5, 0x54, 0x73, 0xB6, 0x54, 0x72, 0xB6, 0x54, 0x73, 0xB6, 0x54, 0x75, 0xB4, 0x55, 0x76, 0xB7, 0x55, 0x76, 0xB7, 0x56, 0x77, 0xB5, 0x56, 0x77, 0xB5, 0x56, 0x77, 0xB8, 0x57, 0x78, 0xB8, 0x56, 0x78, 0xB8, 
        0x57, 0x77, 0xB6, 0x59, 0x79, 0xB8, 0x5C, 0x7C, 0xBA, 0x5B, 0x7C, 0xB9, 0x61, 0x80, 0xBD, 0x61, 0x7D, 0xBD, 0x3C, 0x5A, 0xA4, 0x2F, 0x4C, 0x9C, 0x2F, 0x4C, 0xA0, 0x25, 0x3B, 0x92, 0x24, 0x37, 0x92, 0x24, 0x37, 0x91, 0x22, 0x34, 0x8E, 
        0x1E, 0x2F, 0x89, 0x22, 0x33, 0x8E, 0x22, 0x34, 0x90, 0x20, 0x30, 0x8D, 0x20, 0x30, 0x8E, 0x1E, 0x2E, 0x89, 0x1C, 0x2D, 0x88, 0x1D, 0x2D, 0x89, 0x1D, 0x2D, 0x89, 0x1C, 0x2B, 0x86, 0x1B, 0x2B, 0x84, 0x1A, 0x2A, 0x85, 0x19, 0x26, 0x83, 
        0x19, 0x28, 0x83, 0x1B, 0x2A, 0x85, 0x1A, 0x29, 0x85, 0x17, 0x25, 0x80, 0x1A, 0x27, 0x82, 0x1C, 0x2A, 0x85, 0x1B, 0x29, 0x84, 0x1D, 0x2B, 0x88, 0x1D, 0x2C, 0x88, 0x1B, 0x29, 0x86, 0x1A, 0x27, 0x83, 0x1A, 0x29, 0x84, 0x1A, 0x28, 0x84, 
        0x1A, 0x27, 0x84, 0x1A, 0x27, 0x84, 0x19, 0x32, 0x84,
  0x45, 0x6A, 0xB4, 0x1C, 0x48, 0xA3, 0x1C, 0x48, 0xA1, 0x1C, 0x46, 0xA1, 0x1E, 0x46, 0xA1, 0x20, 0x48, 0xA1, 0x20, 0x49, 0xA1, 0x21, 0x49, 0xA4, 0x21, 0x49, 0xA4, 0x22, 0x4B, 0xA4, 0x22, 0x4B, 0xA4, 0x23, 0x4B, 0xA4, 0x22, 0x4B, 0xA4, 0x25, 0x4C, 0xA5, 
        0x28, 0x4D, 0xA5, 0x26, 0x4C, 0xA5, 0x26, 0x4C, 0xA5, 0x26, 0x4C, 0xA3, 0x28, 0x4D, 0xA5, 0x27, 0x4D, 0xA3, 0x28, 0x4F, 0xA3, 0x2E, 0x57, 0xA9, 0x2B, 0x53, 0xA7, 0x29, 0x50, 0xA6, 0x2B, 0x53, 0xA7, 0x30, 0x57, 0xAA, 0x2B, 0x54, 0xA7, 
        0x2C, 0x55, 0xA8, 0x49, 0x74, 0xBB, 0x43, 0x6E, 0xB7, 0x2C, 0x57, 0xA8, 0x34, 0x5E, 0xAD, 0x35, 0x60, 0xAF, 0x35, 0x62, 0xAF, 0x37, 0x63, 0xAF, 0x38, 0x65, 0xB0, 0x3A, 0x67, 0xB1, 0x3B, 0x69, 0xB1, 0x3B, 0x69, 0xB1, 0x3D, 0x68, 0xB0, 
        0x3E, 0x69, 0xB1, 0x3E, 0x6A, 0xB2, 0x3C, 0x68, 0xB1, 0x3D, 0x68, 0xB1, 0x43, 0x6F, 0xB5, 0x41, 0x6E, 0xB4, 0x3C, 0x65, 0xAF, 0x3D, 0x67, 0xB0, 0x3D, 0x66, 0xB0, 0x3D, 0x66, 0xB0, 0x3D, 0x66, 0xB0, 0x3D, 0x65, 0xB0, 0x3D, 0x64, 0xAE, 
        0x40, 0x66, 0xAF, 0x40, 0x67, 0xB0, 0x3E, 0x66, 0xAF, 0x3E, 0x65, 0xAF, 0x40, 0x67, 0xB0, 0x41, 0x68, 0xB0, 0x43, 0x68, 0xB0, 0x44, 0x6A, 0xB2, 0x42, 0x68, 0xB1, 0x42, 0x6A, 0xB1, 0x42, 0x6B, 0xB2, 0x3E, 0x67, 0xB0, 0x45, 0x6A, 0xB0, 
        0x48, 0x6D, 0xB3, 0x48, 0x6C, 0xB2, 0x44, 0x6A, 0xB0, 0x4B, 0x74, 0xB7, 0x56, 0x89, 0xC1, 0x4D, 0x75, 0xB6, 0x44, 0x69, 0xAE, 0x47, 0x6C, 0xB2, 0x49, 0x6F, 0xB2, 0x46, 0x6C, 0xB1, 0x44, 0x6C, 0xB1, 0x48, 0x6B, 0xB2, 0x4E, 0x71, 0xB5, 
        0x4B, 0x6E, 0xB3, 0x4B, 0x70, 0xB3, 0x54, 0x7B, 0xB9, 0x4E, 0x74, 0xB7, 0x47, 0x6C, 0xB1, 0x49, 0x6B, 0xB1, 0x4A, 0x6C, 0xB1, 0x47, 0x6A, 0xAF, 0x47, 0x69, 0xAF, 0x4D, 0x6C, 0xB1, 0x4D, 0x6D, 0xB1, 0x4C, 0x6C, 0xB2, 0x4D, 0x6E, 0xB3, 
        0x4D, 0x6F, 0xB3, 0x4F, 0x6F, 0xB2, 0x4F, 0x6F, 0xB2, 0x4E, 0x6F, 0xB3, 0x4E, 0x71, 0xB3, 0x4F, 0x73, 0xB4, 0x50, 0x72, 0xB4, 0x50, 0x73, 0xB4, 0x51, 0x73, 0xB4, 0x51, 0x71, 0xB4, 0x52, 0x72, 0xB5, 0x51, 0x71, 0xB4, 0x53, 0x71, 0xB5, 
        0x54, 0x72, 0xB5, 0x54, 0x73, 0xB5, 0x54, 0x73, 0xB5, 0x54, 0x73, 0xB6, 0x55, 0x73, 0xB6, 0x56, 0x77, 0xB6, 0x58, 0x79, 0xB6, 0x5A, 0x7A, 0xB8, 0x58, 0x79, 0xB7, 0x56, 0x78, 0xB5, 0x56, 0x78, 0xB5, 0x56, 0x77, 0xB6, 0x59, 0x79, 0xB8, 
        0x59, 0x79, 0xB8, 0x5A, 0x7A, 0xB9, 0x5F, 0x7F, 0xBB, 0x63, 0x84, 0xBE, 0x61, 0x7F, 0xBD, 0x44, 0x5E, 0xAA, 0x2D, 0x48, 0x96, 0x31, 0x4C, 0x9D, 0x2A, 0x42, 0x9A, 0x22, 0x35, 0x8E, 0x22, 0x36, 0x90, 0x22, 0x33, 0x8D, 0x1A, 0x27, 0x80, 
        0x1B, 0x2B, 0x84, 0x20, 0x32, 0x8C, 0x1F, 0x2F, 0x89, 0x1C, 0x2B, 0x88, 0x1C, 0x2B, 0x88, 0x1B, 0x29, 0x85, 0x1A, 0x28, 0x83, 0x1A, 0x29, 0x83, 0x1C, 0x2A, 0x86, 0x1D, 0x2B, 0x87, 0x1B, 0x29, 0x84, 0x19, 0x26, 0x81, 0x19, 0x27, 0x83, 
        0x1A, 0x27, 0x83, 0x19, 0x27, 0x82, 0x19, 0x27, 0x82, 0x19, 0x27, 0x83, 0x19, 0x25, 0x82, 0x1B, 0x27, 0x83, 0x1E, 0x2C, 0x89, 0x1F, 0x2E, 0x89, 0x1C, 0x2A, 0x88, 0x1A, 0x27, 0x84, 0x1A, 0x26, 0x83, 0x19, 0x27, 0x83, 0x19, 0x27, 0x83, 
        0x19, 0x27, 0x84, 0x19, 0x26, 0x82, 0x18, 0x31, 0x84,
  0x45, 0x68, 0xB4, 0x1E, 0x48, 0xA3, 0x1E, 0x48, 0xA3, 0x1E, 0x48, 0xA1, 0x20, 0x48, 0xA1, 0x20, 0x48, 0xA1, 0x21, 0x48, 0xA1, 0x22, 0x4B, 0xA3, 0x22, 0x4B, 0xA4, 0x24, 0x4B, 0xA4, 0x24, 0x4B, 0xA4, 0x24, 0x4B, 0xA5, 0x25, 0x4B, 0xA5, 0x25, 0x4C, 0xA5, 
        0x28, 0x4C, 0xA5, 0x27, 0x4D, 0xA4, 0x27, 0x4D, 0xA5, 0x27, 0x4D, 0xA5, 0x28, 0x4D, 0xA3, 0x28, 0x4F, 0xA3, 0x2A, 0x52, 0xA5, 0x2A, 0x52, 0xA5, 0x2A, 0x53, 0xA6, 0x2A, 0x53, 0xA6, 0x2B, 0x53, 0xA6, 0x2F, 0x57, 0xA9, 0x2E, 0x56, 0xA7, 
        0x2B, 0x55, 0xA7, 0x2C, 0x57, 0xA8, 0x33, 0x5D, 0xAB, 0x34, 0x5E, 0xAD, 0x34, 0x5E, 0xAD, 0x38, 0x62, 0xAF, 0x38, 0x65, 0xB0, 0x3A, 0x66, 0xB2, 0x3D, 0x69, 0xB2, 0x3D, 0x6B, 0xB3, 0x3F, 0x6D, 0xB3, 0x40, 0x6F, 0xB4, 0x40, 0x6D, 0xB3, 
        0x43, 0x6D, 0xB3, 0x41, 0x6C, 0xB2, 0x3F, 0x6B, 0xB1, 0x3E, 0x6A, 0xB1, 0x41, 0x6D, 0xB4, 0x40, 0x6B, 0xB2, 0x3D, 0x69, 0xB0, 0x3F, 0x69, 0xB2, 0x3F, 0x68, 0xB1, 0x3F, 0x68, 0xB1, 0x40, 0x68, 0xB0, 0x3F, 0x67, 0xB0, 0x3F, 0x66, 0xAF, 
        0x3F, 0x66, 0xAF, 0x42, 0x68, 0xAF, 0x41, 0x68, 0xAF, 0x41, 0x68, 0xB0, 0x40, 0x67, 0xB0, 0x42, 0x67, 0xAF, 0x43, 0x68, 0xB0, 0x42, 0x68, 0xAE, 0x44, 0x69, 0xB1, 0x47, 0x6E, 0xB2, 0x42, 0x6A, 0xB1, 0x41, 0x6A, 0xB0, 0x3F, 0x6B, 0xB0, 
        0x42, 0x69, 0xB0, 0x46, 0x6B, 0xB0, 0x47, 0x6C, 0xB2, 0x45, 0x6E, 0xB2, 0x45, 0x72, 0xB4, 0x4D, 0x75, 0xB6, 0x4C, 0x71, 0xB4, 0x47, 0x6C, 0xB1, 0x46, 0x6B, 0xB1, 0x46, 0x6B, 0xB1, 0x47, 0x6D, 0xB2, 0x49, 0x6C, 0xB1, 0x4B, 0x69, 0xB0, 
        0x44, 0x6A, 0xAF, 0x56, 0x7D, 0xB9, 0x6F, 0x96, 0xC9, 0x62, 0x86, 0xC0, 0x48, 0x6C, 0xB1, 0x4A, 0x6B, 0xB1, 0x4A, 0x6C, 0xB1, 0x4A, 0x6C, 0xB0, 0x4C, 0x6C, 0xB1, 0x4C, 0x6D, 0xB1, 0x4A, 0x69, 0xAD, 0x4C, 0x6D, 0xB1, 0x52, 0x72, 0xB5, 
        0x4F, 0x70, 0xB3, 0x4D, 0x6F, 0xB2, 0x4F, 0x70, 0xB2, 0x51, 0x71, 0xB2, 0x4F, 0x70, 0xB3, 0x4B, 0x6E, 0xB1, 0x50, 0x72, 0xB3, 0x55, 0x75, 0xB4, 0x55, 0x76, 0xB5, 0x53, 0x72, 0xB4, 0x51, 0x70, 0xB4, 0x52, 0x70, 0xB2, 0x52, 0x73, 0xB4, 
        0x54, 0x73, 0xB5, 0x54, 0x74, 0xB5, 0x54, 0x75, 0xB5, 0x54, 0x75, 0xB5, 0x53, 0x72, 0xB4, 0x54, 0x75, 0xB4, 0x59, 0x7A, 0xB7, 0x5B, 0x7C, 0xB7, 0x58, 0x79, 0xB7, 0x55, 0x76, 0xB5, 0x56, 0x77, 0xB5, 0x55, 0x75, 0xB3, 0x59, 0x78, 0xB8, 
        0x59, 0x78, 0xB6, 0x59, 0x78, 0xB8, 0x60, 0x7E, 0xBC, 0x60, 0x7F, 0xBC, 0x4D, 0x6A, 0xB2, 0x31, 0x48, 0x9C, 0x33, 0x4B, 0x9F, 0x34, 0x4C, 0xA0, 0x25, 0x39, 0x90, 0x1D, 0x2C, 0x86, 0x21, 0x33, 0x8E, 0x25, 0x38, 0x92, 0x20, 0x30, 0x89, 
        0x22, 0x31, 0x8E, 0x20, 0x30, 0x8B, 0x1F, 0x2E, 0x8A, 0x1E, 0x2D, 0x87, 0x1E, 0x2C, 0x89, 0x1C, 0x29, 0x85, 0x1A, 0x26, 0x81, 0x1B, 0x29, 0x85, 0x1B, 0x29, 0x83, 0x1C, 0x28, 0x84, 0x1B, 0x28, 0x83, 0x19, 0x24, 0x7F, 0x1C, 0x28, 0x83, 
        0x1C, 0x2B, 0x86, 0x1A, 0x27, 0x83, 0x19, 0x26, 0x81, 0x19, 0x26, 0x81, 0x1B, 0x27, 0x83, 0x1C, 0x28, 0x86, 0x1D, 0x2A, 0x86, 0x1B, 0x27, 0x82, 0x1A, 0x24, 0x81, 0x1B, 0x27, 0x86, 0x1C, 0x2A, 0x88, 0x1A, 0x28, 0x83, 0x1A, 0x28, 0x83, 
        0x1A, 0x27, 0x83, 0x19, 0x26, 0x82, 0x18, 0x31, 0x84,
  0x45, 0x68, 0xB2, 0x1E, 0x46, 0xA1, 0x1E, 0x48, 0xA1, 0x20, 0x48, 0xA3, 0x21, 0x48, 0xA1, 0x21, 0x48, 0xA1, 0x20, 0x48, 0xA0, 0x24, 0x4A, 0xA3, 0x24, 0x4B, 0xA3, 0x24, 0x4B, 0xA4, 0x24, 0x4B, 0xA4, 0x24, 0x4C, 0xA4, 0x24, 0x4C, 0xA4, 0x26, 0x4B, 0xA4, 
        0x27, 0x4B, 0xA4, 0x27, 0x4B, 0xA4, 0x28, 0x4D, 0xA2, 0x28, 0x4F, 0xA3, 0x28, 0x4F, 0xA5, 0x2B, 0x52, 0xA6, 0x32, 0x58, 0xA9, 0x28, 0x4F, 0xA3, 0x2A, 0x50, 0xA3, 0x2A, 0x51, 0xA4, 0x28, 0x4E, 0xA3, 0x2E, 0x53, 0xA7, 0x2E, 0x56, 0xA7, 
        0x2F, 0x59, 0xA8, 0x2E, 0x57, 0xA8, 0x31, 0x5B, 0xAA, 0x36, 0x61, 0xAE, 0x37, 0x61, 0xAE, 0x39, 0x65, 0xB1, 0x3C, 0x69, 0xB3, 0x3D, 0x69, 0xB3, 0x40, 0x6C, 0xB4, 0x42, 0x6F, 0xB5, 0x44, 0x71, 0xB6, 0x44, 0x73, 0xB6, 0x44, 0x70, 0xB5, 
        0x44, 0x70, 0xB4, 0x45, 0x6F, 0xB4, 0x44, 0x6F, 0xB4, 0x41, 0x6D, 0xB4, 0x3F, 0x6A, 0xB1, 0x3E, 0x68, 0xB1, 0x3E, 0x6A, 0xB1, 0x3F, 0x6B, 0xB1, 0x40, 0x69, 0xB2, 0x40, 0x69, 0xB2, 0x42, 0x68, 0xB2, 0x40, 0x69, 0xB1, 0x40, 0x67, 0xAF, 
        0x40, 0x67, 0xAF, 0x42, 0x68, 0xB0, 0x43, 0x69, 0xB0, 0x43, 0x6A, 0xB0, 0x40, 0x69, 0xB1, 0x40, 0x66, 0xAE, 0x46, 0x6A, 0xB0, 0x43, 0x68, 0xAE, 0x43, 0x67, 0xAE, 0x44, 0x6B, 0xB1, 0x46, 0x6E, 0xB2, 0x56, 0x80, 0xBC, 0x50, 0x81, 0xBC, 
        0x44, 0x6F, 0xB2, 0x44, 0x69, 0xB0, 0x49, 0x6D, 0xB2, 0x4A, 0x6E, 0xB3, 0x4B, 0x72, 0xB5, 0x51, 0x75, 0xB7, 0x4E, 0x73, 0xB4, 0x4A, 0x6E, 0xB1, 0x49, 0x6C, 0xB1, 0x47, 0x6C, 0xB1, 0x47, 0x6D, 0xB1, 0x4A, 0x6C, 0xB1, 0x4C, 0x6C, 0xB1, 
        0x48, 0x6D, 0xB2, 0x51, 0x7A, 0xB9, 0x63, 0x8C, 0xC2, 0x53, 0x7A, 0xB9, 0x4B, 0x6F, 0xB2, 0x4C, 0x6F, 0xB3, 0x4A, 0x6C, 0xB0, 0x4C, 0x6C, 0xB0, 0x4E, 0x6D, 0xB1, 0x4C, 0x6C, 0xB1, 0x4F, 0x6D, 0xB1, 0x53, 0x72, 0xB4, 0x52, 0x73, 0xB4, 
        0x4F, 0x70, 0xB3, 0x4D, 0x6F, 0xB2, 0x4D, 0x70, 0xB2, 0x51, 0x71, 0xB2, 0x52, 0x73, 0xB3, 0x50, 0x71, 0xB3, 0x53, 0x75, 0xB4, 0x54, 0x74, 0xB4, 0x51, 0x70, 0xB3, 0x51, 0x6F, 0xB2, 0x52, 0x70, 0xB4, 0x52, 0x72, 0xB2, 0x52, 0x73, 0xB2, 
        0x53, 0x74, 0xB4, 0x56, 0x74, 0xB5, 0x56, 0x74, 0xB5, 0x54, 0x75, 0xB5, 0x54, 0x75, 0xB3, 0x58, 0x7A, 0xB7, 0x59, 0x79, 0xB7, 0x58, 0x79, 0xB6, 0x56, 0x77, 0xB4, 0x58, 0x79, 0xB7, 0x5F, 0x80, 0xBB, 0x59, 0x78, 0xB5, 0x5C, 0x7A, 0xB7, 
        0x5B, 0x78, 0xB8, 0x5C, 0x7A, 0xB9, 0x5F, 0x7E, 0xBB, 0x47, 0x66, 0xAA, 0x30, 0x4B, 0x98, 0x2E, 0x43, 0x99, 0x2A, 0x3F, 0x94, 0x27, 0x3B, 0x92, 0x21, 0x33, 0x8B, 0x1C, 0x2B, 0x86, 0x21, 0x34, 0x90, 0x23, 0x35, 0x8E, 0x22, 0x33, 0x8D, 
        0x23, 0x33, 0x8E, 0x1C, 0x29, 0x84, 0x19, 0x26, 0x7F, 0x1D, 0x2B, 0x86, 0x1E, 0x2D, 0x89, 0x1C, 0x2A, 0x86, 0x1B, 0x28, 0x83, 0x1B, 0x27, 0x83, 0x1A, 0x27, 0x81, 0x1B, 0x28, 0x83, 0x17, 0x22, 0x7D, 0x17, 0x22, 0x7C, 0x18, 0x23, 0x7D, 
        0x18, 0x24, 0x7D, 0x17, 0x23, 0x7E, 0x18, 0x24, 0x7F, 0x1A, 0x27, 0x81, 0x1B, 0x28, 0x83, 0x1B, 0x27, 0x84, 0x1A, 0x26, 0x83, 0x1A, 0x25, 0x81, 0x1A, 0x25, 0x81, 0x1B, 0x27, 0x83, 0x1B, 0x28, 0x86, 0x19, 0x27, 0x83, 0x19, 0x26, 0x81, 
        0x18, 0x25, 0x81, 0x18, 0x25, 0x81, 0x18, 0x31, 0x84
};

GUI_CONST_STORAGE GUI_BITMAP bmTitleManage = {
  160, // xSize
  68, // ySize
  480, // BytesPerLine
  24, // BitsPerPixel
  (unsigned char *)_acbmTitleManage,  // Pointer to picture data
  NULL,  // Pointer to palette
  GUI_DRAW_BMP24
};

/*************************** End of file ****************************/
